レースコード,レース日,レース場コード,レース回,状態,1枠_枠番pt,1枠_寄与_枠番pt,1枠_選手pt,1枠_寄与_選手pt,1枠_モーターpt,1枠_寄与_モーターpt,1枠_展示pt,1枠_寄与_展示pt,1枠_気象pt,1枠_寄与_気象pt,1枠_強さpt,2枠_枠番pt,2枠_寄与_枠番pt,2枠_選手pt,2枠_寄与_選手pt,2枠_モーターpt,2枠_寄与_モーターpt,2枠_展示pt,2枠_寄与_展示pt,2枠_気象pt,2枠_寄与_気象pt,2枠_強さpt,3枠_枠番pt,3枠_寄与_枠番pt,3枠_選手pt,3枠_寄与_選手pt,3枠_モーターpt,3枠_寄与_モーターpt,3枠_展示pt,3枠_寄与_展示pt,3枠_気象pt,3枠_寄与_気象pt,3枠_強さpt,4枠_枠番pt,4枠_寄与_枠番pt,4枠_選手pt,4枠_寄与_選手pt,4枠_モーターpt,4枠_寄与_モーターpt,4枠_展示pt,4枠_寄与_展示pt,4枠_気象pt,4枠_寄与_気象pt,4枠_強さpt,5枠_枠番pt,5枠_寄与_枠番pt,5枠_選手pt,5枠_寄与_選手pt,5枠_モーターpt,5枠_寄与_モーターpt,5枠_展示pt,5枠_寄与_展示pt,5枠_気象pt,5枠_寄与_気象pt,5枠_強さpt,6枠_枠番pt,6枠_寄与_枠番pt,6枠_選手pt,6枠_寄与_選手pt,6枠_モーターpt,6枠_寄与_モーターpt,6枠_展示pt,6枠_寄与_展示pt,6枠_気象pt,6枠_寄与_気象pt,6枠_強さpt
202609270201,2026-09-27,02,1R,daily,66.74,18.18,42.78,11.69,57.96,7.42,50.0,11.89,50.0,4.42,53.61,53.82,14.66,42.78,11.69,61.43,7.86,50.0,11.89,50.0,4.42,50.53,52.69,14.36,42.78,11.69,72.86,9.33,50.0,11.89,50.0,4.42,51.69,48.72,13.27,40.82,11.16,37.22,4.76,50.0,11.89,50.0,4.42,45.51,43.98,11.98,32.99,9.02,52.98,6.78,50.0,11.89,50.0,4.42,44.09,34.86,9.5,42.78,11.69,48.73,6.24,50.0,11.89,50.0,4.42,43.74
202609270201,2026-09-27,02,1R,realtime,66.74,18.18,42.78,11.69,57.96,7.42,65.75,15.64,47.32,4.18,57.12,53.82,14.66,42.78,11.69,61.43,7.86,64.09,15.24,50.23,4.44,53.9,52.69,14.36,42.78,11.69,72.86,9.33,44.29,10.53,48.01,4.24,50.15,48.72,13.27,40.82,11.16,37.22,4.76,46.11,10.97,50.05,4.42,44.59,34.86,9.5,32.99,9.02,52.98,6.78,42.13,10.02,51.3,4.53,39.85,43.98,11.98,42.78,11.69,48.73,6.24,37.61,8.95,52.86,4.67,43.53
202609270202,2026-09-27,02,2R,daily,66.74,18.18,46.7,12.76,42.76,5.47,50.0,11.89,50.0,4.42,52.73,53.82,14.66,46.7,12.76,60.34,7.72,50.0,11.89,50.0,4.42,51.46,52.69,14.36,58.46,15.98,64.49,8.25,50.0,11.89,50.0,4.42,54.9,48.72,13.27,44.74,12.23,45.88,5.87,50.0,11.89,50.0,4.42,47.69,43.98,11.98,50.62,13.84,27.81,3.56,50.0,11.89,50.0,4.42,45.69,34.86,9.5,40.82,11.16,50.28,6.44,50.0,11.89,50.0,4.42,43.4
202609270202,2026-09-27,02,2R,realtime,66.74,18.18,46.7,12.76,42.76,5.47,49.92,11.87,47.85,4.23,52.52,53.82,14.66,46.7,12.76,60.34,7.72,51.85,12.33,50.1,4.43,51.91,52.69,14.36,58.46,15.98,64.49,8.25,52.79,12.55,48.12,4.25,55.4,48.72,13.27,44.74,12.23,45.88,5.87,46.48,11.06,49.73,4.39,46.82,43.98,11.98,50.62,13.84,27.81,3.56,46.74,11.12,52.77,4.66,45.16,34.86,9.5,40.82,11.16,50.28,6.44,52.19,12.41,51.2,4.52,44.03
202609270203,2026-09-27,02,3R,daily,66.74,18.18,44.74,12.23,31.55,4.04,50.0,11.89,50.0,4.42,50.76,53.82,14.66,50.62,13.84,40.47,5.18,50.0,11.89,50.0,4.42,49.99,52.69,14.36,83.93,22.94,35.24,4.51,50.0,11.89,50.0,4.42,58.12,48.72,13.27,36.91,10.09,44.58,5.71,50.0,11.89,50.0,4.42,45.38,43.98,11.98,42.78,11.69,47.78,6.12,50.0,11.89,50.0,4.42,46.1,34.86,9.5,50.62,13.84,46.58,5.96,50.0,11.89,50.0,4.42,45.61
202609270203,2026-09-27,02,3R,realtime,66.74,18.18,44.74,12.23,31.55,4.04,47.21,11.23,47.85,4.23,49.91,53.82,14.66,50.62,13.84,40.47,5.18,53.72,12.78,50.1,4.43,50.88,52.69,14.36,83.93,22.94,35.24,4.51,73.85,17.56,48.12,4.25,63.62,48.72,13.27,36.91,10.09,44.58,5.71,51.51,12.25,49.73,4.39,45.71,43.98,11.98,42.78,11.69,47.78,6.12,38.59,9.18,52.77,4.66,43.64,34.86,9.5,50.62,13.84,46.58,5.96,35.08,8.34,51.2,4.52,42.16
202609270204,2026-09-27,02,4R,daily,66.74,18.18,38.86,10.62,56.26,7.2,50.0,11.89,50.0,4.42,52.32,53.82,14.66,48.66,13.3,58.62,7.5,50.0,11.89,50.0,4.42,51.78,52.69,14.36,48.66,13.3,27.93,3.58,50.0,11.89,50.0,4.42,47.54,48.72,13.27,46.7,12.76,62.79,8.04,50.0,11.89,50.0,4.42,50.39,43.98,11.98,46.7,12.76,50.67,6.48,50.0,11.89,50.0,4.42,47.54,34.86,9.5,42.78,11.69,55.97,7.16,50.0,11.89,50.0,4.42,44.66
202609270204,2026-09-27,02,4R,realtime,66.74,18.18,38.86,10.62,56.26,7.2,70.43,16.75,48.39,4.28,57.03,53.82,14.66,48.66,13.3,58.62,7.5,48.88,11.63,49.98,4.42,51.51,52.69,14.36,48.66,13.3,27.93,3.57,37.43,8.9,48.23,4.26,44.4,48.72,13.27,46.7,12.76,62.79,8.04,50.92,12.11,49.4,4.37,50.55,43.98,11.98,46.7,12.76,50.67,6.49,43.01,10.23,52.67,4.65,46.12,34.86,9.5,42.78,11.69,55.97,7.16,49.3,11.73,51.11,4.52,44.6
202609270205,2026-09-27,02,5R,daily,66.74,18.18,50.62,13.84,43.51,5.57,50.0,11.89,50.0,4.42,53.9,53.82,14.66,46.7,12.76,55.5,7.1,50.0,11.89,50.0,4.42,50.84,52.69,14.36,42.78,11.69,61.43,7.86,50.0,11.89,50.0,4.42,50.22,48.72,13.27,76.09,20.8,54.86,7.02,50.0,11.89,50.0,4.42,57.4,43.98,11.98,48.66,13.3,47.28,6.05,50.0,11.89,50.0,4.42,47.65,34.86,9.5,44.74,12.23,50.75,6.5,50.0,11.89,50.0,4.42,44.53
202609270205,2026-09-27,02,5R,realtime,66.74,18.18,50.62,13.84,43.51,5.57,61.61,14.65,48.27,4.27,56.51,53.82,14.66,46.7,12.76,55.5,7.1,52.53,12.49,48.78,4.31,51.34,52.69,14.36,42.78,11.69,61.43,7.86,55.03,13.09,48.53,4.29,51.29,48.72,13.27,76.09,20.8,54.86,7.02,37.66,8.96,49.82,4.4,54.45,43.98,11.98,48.66,13.3,47.28,6.05,40.24,9.57,53.65,4.74,45.65,34.86,9.5,44.74,12.23,50.75,6.5,52.93,12.59,50.71,4.48,45.29
202609270206,2026-09-27,02,6R,daily,66.74,18.18,44.74,12.23,41.5,5.31,50.0,11.89,50.0,4.42,52.04,53.82,14.66,46.7,12.76,57.2,7.32,50.0,11.89,50.0,4.42,51.06,52.69,14.36,66.29,18.12,59.21,7.58,50.0,11.89,50.0,4.42,56.37,48.72,13.27,40.82,11.16,50.28,6.44,50.0,11.89,50.0,4.42,47.18,43.98,11.98,48.66,13.3,51.98,6.65,50.0,11.89,50.0,4.42,48.25,34.86,9.5,32.99,9.02,52.98,6.78,50.0,11.89,50.0,4.42,41.6
202609270206,2026-09-27,02,6R,realtime,66.74,18.18,44.74,12.23,41.5,5.31,51.11,12.16,48.27,4.27,52.15,53.82,14.66,46.7,12.76,57.2,7.32,59.43,14.14,48.78,4.31,53.2,52.69,14.36,66.29,18.12,59.21,7.58,42.92,10.21,48.53,4.29,54.55,48.72,13.27,40.82,11.16,50.28,6.44,58.5,13.91,49.82,4.4,49.18,43.98,11.98,48.66,13.3,51.98,6.65,38.84,9.24,53.65,4.74,45.91,34.86,9.5,32.99,9.02,52.98,6.78,49.21,11.7,50.71,4.48,41.48
202609270207,2026-09-27,02,7R,daily,66.74,18.18,50.62,13.84,46.84,6.0,50.0,11.89,50.0,4.42,54.33,53.82,14.66,44.74,12.23,38.74,4.96,50.0,11.89,50.0,4.42,48.16,52.69,14.36,40.82,11.16,37.22,4.76,50.0,11.89,50.0,4.42,46.59,48.72,13.27,42.78,11.69,39.81,5.1,50.0,11.89,50.0,4.42,46.37,43.98,11.98,34.95,9.55,45.09,5.77,50.0,11.89,50.0,4.42,43.62,34.86,9.5,46.7,12.76,63.93,8.18,50.0,11.89,50.0,4.42,46.76
202609270207,2026-09-27,02,7R,realtime,66.74,18.18,50.62,13.84,46.84,6.0,55.66,13.24,48.27,4.27,55.52,53.82,14.66,44.74,12.23,38.74,4.96,53.74,12.78,48.78,4.31,48.94,52.69,14.36,40.82,11.16,37.22,4.76,47.98,11.41,48.53,4.29,45.98,48.72,13.27,42.78,11.69,39.81,5.1,40.9,9.73,49.82,4.4,44.19,34.86,9.5,34.95,9.55,45.09,5.77,49.77,11.84,50.71,4.48,41.14,43.98,11.98,46.7,12.76,63.93,8.18,51.93,12.35,53.65,4.74,50.02
202609270208,2026-09-27,02,8R,daily,66.74,18.18,44.74,12.23,45.88,5.87,50.0,11.89,50.0,4.42,52.6,53.82,14.66,46.7,12.76,50.67,6.48,50.0,11.89,50.0,4.42,50.22,52.69,14.36,56.5,15.44,56.61,7.25,50.0,11.89,50.0,4.42,53.36,48.72,13.27,42.78,11.69,72.86,9.33,50.0,11.89,50.0,4.42,50.6,43.98,11.98,48.66,13.3,50.68,6.49,50.0,11.89,50.0,4.42,48.08,34.86,9.5,46.7,12.76,52.67,6.74,50.0,11.89,50.0,4.42,45.31
202609270208,2026-09-27,02,8R,realtime,66.74,18.18,44.74,12.23,45.88,5.87,51.66,12.29,48.39,4.28,52.85,53.82,14.66,46.7,12.76,50.67,6.49,50.56,12.03,49.98,4.42,50.36,52.69,14.36,56.5,15.44,56.61,7.25,60.5,14.39,48.23,4.26,55.7,48.72,13.27,42.78,11.69,72.86,9.33,44.24,10.52,49.4,4.37,49.18,43.98,11.98,48.66,13.3,50.68,6.49,40.95,9.74,52.67,4.65,46.16,34.86,9.5,46.7,12.76,52.67,6.74,52.08,12.39,51.11,4.52,45.91
202609270209,2026-09-27,02,9R,daily,66.74,18.18,50.62,13.84,27.81,3.56,50.0,11.89,50.0,4.42,51.89,53.82,14.66,54.54,14.91,55.48,7.1,50.0,11.89,50.0,4.42,52.98,52.69,14.36,42.78,11.69,48.73,6.24,50.0,11.89,50.0,4.42,48.6,48.72,13.27,48.66,13.3,58.62,7.5,50.0,11.89,50.0,4.42,50.39,43.98,11.98,50.62,13.84,43.51,5.57,50.0,11.89,50.0,4.42,47.7,34.86,9.5,83.93,22.94,35.24,4.51,50.0,11.89,50.0,4.42,53.26
202609270209,2026-09-27,02,9R,realtime,66.74,18.18,50.62,13.84,27.81,3.56,57.29,13.63,48.92,4.32,53.53,53.82,14.66,54.54,14.91,55.48,7.1,54.03,12.85,49.86,4.41,53.93,52.69,14.36,42.78,11.69,48.73,6.24,36.48,8.68,48.33,4.27,45.24,48.72,13.27,48.66,13.3,58.62,7.5,53.79,12.79,49.07,4.34,51.21,34.86,9.5,50.62,13.84,43.51,5.57,37.98,9.03,51.02,4.51,42.44,43.98,11.98,83.93,22.94,35.24,4.51,60.38,14.36,52.57,4.65,58.44
202609270210,2026-09-27,02,10R,daily,66.74,18.18,50.62,13.84,55.79,7.14,50.0,11.89,50.0,4.42,55.47,53.82,14.66,44.74,12.23,41.74,5.34,50.0,11.89,50.0,4.42,48.55,52.69,14.36,48.66,13.3,51.98,6.65,50.0,11.89,50.0,4.42,50.62,48.72,13.27,42.78,11.69,57.96,7.42,50.0,11.89,50.0,4.42,48.7,43.98,11.98,36.91,10.09,44.58,5.71,50.0,11.89,50.0,4.42,44.09,34.86,9.5,58.46,15.98,64.49,8.25,50.0,11.89,50.0,4.42,50.04
202609270210,2026-09-27,02,10R,realtime,66.74,18.18,50.62,13.84,55.79,7.14,56.87,13.53,49.36,4.36,57.05,53.82,14.66,44.74,12.23,41.74,5.34,50.56,12.03,50.69,4.48,48.74,52.69,14.36,48.66,13.3,51.98,6.65,34.85,8.29,48.24,4.26,46.86,48.72,13.27,42.78,11.69,57.96,7.42,45.11,10.73,48.73,4.31,47.42,43.98,11.98,36.91,10.09,44.58,5.71,45.16,10.74,52.34,4.63,43.14,34.86,9.5,58.46,15.98,64.49,8.25,67.45,16.04,50.41,4.45,54.23
202609270211,2026-09-27,02,11R,daily,66.74,18.18,46.7,12.76,60.34,7.72,50.0,11.89,50.0,4.42,54.98,53.82,14.66,46.7,12.76,62.79,8.04,50.0,11.89,50.0,4.42,51.78,52.69,14.36,48.66,13.3,47.28,6.05,50.0,11.89,50.0,4.42,50.02,48.72,13.27,34.95,9.55,45.09,5.77,50.0,11.89,50.0,4.42,44.91,43.98,11.98,50.62,13.84,46.58,5.96,50.0,11.89,50.0,4.42,48.09,34.86,9.5,66.29,18.12,59.21,7.58,50.0,11.89,50.0,4.42,51.51
202609270211,2026-09-27,02,11R,realtime,66.74,18.18,46.7,12.76,60.34,7.72,57.03,13.56,48.92,4.32,56.56,53.82,14.66,46.7,12.76,62.79,8.04,52.11,12.39,49.86,4.41,52.26,52.69,14.36,48.66,13.3,47.28,6.05,51.69,12.29,48.33,4.27,50.27,48.72,13.27,34.95,9.55,45.09,5.77,47.13,11.21,49.07,4.34,44.14,43.98,11.98,50.62,13.84,46.58,5.96,44.53,10.59,52.57,4.65,47.02,34.86,9.5,66.29,18.12,59.21,7.58,47.5,11.3,51.02,4.51,51.0
202609270212,2026-09-27,02,12R,daily,66.74,18.18,76.09,20.8,54.86,7.02,50.0,11.89,50.0,4.42,62.31,53.82,14.66,56.5,15.44,56.61,7.25,50.0,11.89,50.0,4.42,53.66,52.69,14.36,50.62,13.84,46.84,6.0,50.0,11.89,50.0,4.42,50.5,48.72,13.27,38.86,10.62,56.26,7.2,50.0,11.89,50.0,4.42,47.41,43.98,11.98,46.7,12.76,57.2,7.32,50.0,11.89,50.0,4.42,48.38,34.86,9.5,50.62,13.84,40.47,5.18,50.0,11.89,50.0,4.42,44.82
202609270212,2026-09-27,02,12R,realtime,66.74,18.18,76.09,20.8,54.86,7.02,54.66,13.0,49.36,4.36,63.36,53.82,14.66,56.5,15.44,56.61,7.25,58.08,13.81,50.69,4.48,55.64,52.69,14.36,50.62,13.84,46.84,6.0,52.45,12.47,48.24,4.26,50.93,48.72,13.27,38.86,10.62,56.26,7.2,28.08,6.68,48.73,4.31,42.08,43.98,11.98,46.7,12.76,57.2,7.32,58.0,13.79,52.34,4.63,50.49,34.86,9.5,50.62,13.84,40.47,5.18,48.71,11.58,50.41,4.45,44.55
202609270301,2026-09-27,03,1R,daily,67.26,30.43,44.48,12.12,47.41,5.08,50.0,3.6,50.0,4.8,56.03,54.05,24.46,41.89,11.41,38.6,4.13,50.0,3.6,50.0,4.8,48.4,52.8,23.89,47.07,12.82,45.88,4.91,50.0,3.6,50.0,4.8,50.03,46.35,20.97,49.65,13.52,23.41,2.51,50.0,3.6,50.0,4.8,45.41,42.93,19.42,49.65,13.52,45.86,4.91,50.0,3.6,50.0,4.8,46.26,37.66,17.04,47.07,12.82,59.38,6.36,50.0,3.6,50.0,4.8,44.62
202609270301,2026-09-27,03,1R,realtime,67.26,30.43,44.48,12.12,47.41,5.08,42.43,3.06,55.38,5.31,56.0,54.05,24.46,41.89,11.41,38.6,4.13,68.28,4.92,43.57,4.18,49.1,52.8,23.89,47.07,12.82,45.88,4.91,53.2,3.84,47.88,4.59,50.05,46.35,20.97,49.65,13.52,23.41,2.51,35.96,2.59,40.89,3.92,43.52,42.93,19.42,49.65,13.52,45.86,4.91,51.05,3.68,52.98,5.08,46.62,37.66,17.04,47.07,12.82,59.38,6.36,48.89,3.52,59.56,5.71,45.46
202609270302,2026-09-27,03,2R,daily,67.26,30.43,41.89,11.41,41.59,4.45,50.0,3.6,50.0,4.8,54.7,54.05,24.46,47.07,12.82,59.26,6.35,50.0,3.6,50.0,4.8,52.03,52.8,23.89,39.3,10.71,44.78,4.8,50.0,3.6,50.0,4.8,47.79,46.35,20.97,31.54,8.59,55.08,5.9,50.0,3.6,50.0,4.8,43.87,42.93,19.42,41.89,11.41,52.91,5.67,50.0,3.6,50.0,4.8,44.9,37.66,17.04,70.35,19.16,67.69,7.25,50.0,3.6,50.0,4.8,51.85
202609270302,2026-09-27,03,2R,realtime,67.26,30.43,41.89,11.41,41.59,4.45,55.12,3.97,54.32,5.21,55.48,54.05,24.46,47.07,12.82,59.26,6.35,51.0,3.68,43.25,4.15,51.45,52.8,23.89,39.3,10.71,44.78,4.8,53.06,3.83,48.36,4.64,47.86,46.35,20.97,31.54,8.59,55.08,5.9,59.25,4.27,41.56,3.99,43.72,42.93,19.42,41.89,11.41,52.91,5.67,53.06,3.83,53.82,5.16,45.49,37.66,17.04,70.35,19.16,67.69,7.25,28.33,2.04,58.94,5.65,51.15
202609270303,2026-09-27,03,3R,daily,67.26,30.43,47.07,12.82,63.38,6.79,50.0,3.6,50.0,4.8,58.44,54.05,24.46,47.07,12.82,48.34,5.18,50.0,3.6,50.0,4.8,50.86,52.8,23.89,49.65,13.52,67.57,7.24,50.0,3.6,50.0,4.8,53.05,46.35,20.97,41.89,11.41,61.17,6.55,50.0,3.6,50.0,4.8,47.34,42.93,19.42,49.65,13.52,41.34,4.43,50.0,3.6,50.0,4.8,45.78,37.66,17.04,39.3,10.71,38.57,4.13,50.0,3.6,50.0,4.8,40.28
202609270303,2026-09-27,03,3R,realtime,67.26,30.43,47.07,12.82,63.38,6.79,56.5,4.07,54.32,5.21,59.33,54.05,24.46,47.07,12.82,48.34,5.18,58.86,4.24,43.25,4.15,50.85,52.8,23.89,49.65,13.52,67.57,7.24,51.8,3.73,48.36,4.64,53.03,46.35,20.97,41.89,11.41,61.17,6.55,43.95,3.17,41.56,3.99,46.09,42.93,19.42,49.65,13.52,41.34,4.43,30.62,2.21,53.82,5.16,44.75,37.66,17.04,39.3,10.71,38.57,4.13,58.07,4.19,58.94,5.65,41.72
202609270304,2026-09-27,03,4R,daily,67.26,30.43,47.07,12.82,53.82,5.77,50.0,3.6,50.0,4.8,57.42,54.05,24.46,39.3,10.71,46.35,4.96,50.0,3.6,50.0,4.8,48.53,52.8,23.89,54.83,14.93,51.69,5.54,50.0,3.6,50.0,4.8,52.76,46.35,20.97,31.54,8.59,54.76,5.87,50.0,3.6,50.0,4.8,43.83,42.93,19.42,54.83,14.93,45.78,4.9,50.0,3.6,50.0,4.8,47.66,37.66,17.04,44.48,12.12,44.4,4.76,50.0,3.6,50.0,4.8,42.31
202609270304,2026-09-27,03,4R,realtime,67.26,30.43,47.07,12.82,53.82,5.76,46.58,3.36,53.67,5.15,57.53,54.05,24.46,39.3,10.71,46.35,4.96,37.77,2.72,40.3,3.87,46.72,52.8,23.89,54.83,14.93,51.69,5.54,67.75,4.88,49.94,4.79,54.04,46.35,20.97,31.54,8.59,54.76,5.87,58.05,4.19,41.36,3.97,43.58,42.93,19.42,54.83,14.93,45.78,4.9,43.06,3.1,54.31,5.21,47.58,37.66,17.04,44.48,12.12,44.4,4.76,46.58,3.36,60.68,5.82,43.09
202609270305,2026-09-27,03,5R,daily,67.26,30.43,44.48,12.12,57.52,6.16,50.0,3.6,50.0,4.8,57.11,54.05,24.46,57.42,15.64,53.46,5.73,50.0,3.6,50.0,4.8,54.22,52.8,23.89,41.89,11.41,46.6,4.99,50.0,3.6,50.0,4.8,48.69,46.35,20.97,47.07,12.82,50.59,5.42,50.0,3.6,50.0,4.8,47.61,42.93,19.42,44.48,12.12,47.41,5.08,50.0,3.6,50.0,4.8,45.02,37.66,17.04,47.07,12.82,55.52,5.95,50.0,3.6,50.0,4.8,44.21
202609270305,2026-09-27,03,5R,realtime,67.26,30.43,44.48,12.12,57.52,6.16,53.45,3.85,54.97,5.27,57.84,54.05,24.46,57.42,15.64,53.46,5.73,62.94,4.54,46.21,4.43,54.79,52.8,23.89,41.89,11.41,46.6,4.99,51.55,3.72,46.78,4.49,48.5,46.35,20.97,47.07,12.82,50.59,5.42,57.24,4.13,41.77,4.01,47.35,42.93,19.42,44.48,12.12,47.41,5.08,32.57,2.35,53.32,5.11,44.08,37.66,17.04,47.07,12.82,55.52,5.95,42.06,3.03,57.21,5.49,44.33
202609270306,2026-09-27,03,6R,daily,67.26,30.43,47.07,12.82,32.81,3.51,50.0,3.6,50.0,4.8,55.17,54.05,24.46,47.07,12.82,58.94,6.31,50.0,3.6,50.0,4.8,51.99,52.8,23.89,54.83,14.93,43.54,4.66,50.0,3.6,50.0,4.8,51.89,46.35,20.97,52.24,14.23,60.15,6.44,50.0,3.6,50.0,4.8,50.05,42.93,19.42,47.07,12.82,44.16,4.73,50.0,3.6,50.0,4.8,45.37,37.66,17.04,44.48,12.12,51.49,5.52,50.0,3.6,50.0,4.8,43.07
202609270306,2026-09-27,03,6R,realtime,67.26,30.43,47.07,12.82,32.81,3.51,62.22,4.49,54.97,5.27,56.53,54.05,24.46,47.07,12.82,58.94,6.31,55.1,3.97,46.21,4.43,51.99,52.8,23.89,54.83,14.93,43.54,4.66,48.0,3.46,46.78,4.49,51.44,46.35,20.97,52.24,14.23,60.15,6.44,45.62,3.29,41.77,4.01,48.94,42.93,19.42,47.07,12.82,44.16,4.73,57.47,4.14,53.32,5.11,46.23,37.66,17.04,44.48,12.12,51.49,5.52,31.39,2.26,57.21,5.49,42.42
202609270307,2026-09-27,03,7R,daily,67.26,30.43,49.65,13.52,50.94,5.46,50.0,3.6,50.0,4.8,57.82,54.05,24.46,49.65,13.52,67.57,7.24,50.0,3.6,50.0,4.8,53.62,52.8,23.89,47.07,12.82,65.53,7.02,50.0,3.6,50.0,4.8,52.13,46.35,20.97,41.89,11.41,41.59,4.45,50.0,3.6,50.0,4.8,45.24,42.93,19.42,49.65,13.52,23.41,2.51,50.0,3.6,50.0,4.8,43.86,37.66,17.04,52.24,14.23,56.71,6.07,50.0,3.6,50.0,4.8,45.75
202609270307,2026-09-27,03,7R,realtime,67.26,30.43,49.65,13.52,50.94,5.46,62.27,4.49,54.97,5.27,59.18,54.05,24.46,49.65,13.52,67.57,7.24,41.18,2.97,46.21,4.43,52.62,52.8,23.89,47.07,12.82,65.53,7.02,60.77,4.38,46.78,4.49,52.6,46.35,20.97,41.89,11.41,41.59,4.45,56.24,4.05,41.77,4.01,44.9,42.93,19.42,49.65,13.52,23.41,2.51,38.17,2.75,53.32,5.11,43.32,37.66,17.04,52.24,14.23,56.71,6.07,41.18,2.97,57.21,5.49,45.8
202609270308,2026-09-27,03,8R,daily,67.26,30.43,49.65,13.52,29.22,3.13,50.0,3.6,50.0,4.8,55.49,54.05,24.46,49.65,13.52,47.15,5.05,50.0,3.6,50.0,4.8,51.43,52.8,23.89,47.07,12.82,59.26,6.35,50.0,3.6,50.0,4.8,51.46,46.35,20.97,47.07,12.82,59.61,6.38,50.0,3.6,50.0,4.8,48.58,42.93,19.42,60.0,16.34,54.7,5.86,50.0,3.6,50.0,4.8,50.03,37.66,17.04,41.89,11.41,61.17,6.55,50.0,3.6,50.0,4.8,43.4
202609270308,2026-09-27,03,8R,realtime,67.26,30.43,49.65,13.52,29.22,3.13,53.13,3.83,54.97,5.27,56.19,54.05,24.46,49.65,13.52,47.15,5.05,61.55,4.44,46.21,4.43,51.9,52.8,23.89,47.07,12.82,59.26,6.35,55.23,3.98,46.78,4.49,51.53,46.35,20.97,47.07,12.82,59.61,6.38,36.27,2.62,41.77,4.01,46.8,42.93,19.42,60.0,16.34,54.7,5.86,36.27,2.62,53.32,5.11,49.36,37.66,17.04,41.89,11.41,61.17,6.55,57.34,4.13,57.21,5.49,44.63
202609270309,2026-09-27,03,9R,daily,67.26,30.43,44.48,12.12,63.24,6.77,50.0,3.6,50.0,4.8,57.72,54.05,24.46,41.89,11.41,39.94,4.28,50.0,3.6,50.0,4.8,48.55,52.8,23.89,57.42,15.64,53.46,5.73,50.0,3.6,50.0,4.8,53.66,46.35,20.97,47.07,12.82,48.34,5.18,50.0,3.6,50.0,4.8,47.37,42.93,19.42,39.3,10.71,46.35,4.96,50.0,3.6,50.0,4.8,43.49,37.66,17.04,47.07,12.82,45.88,4.91,50.0,3.6,50.0,4.8,43.18
202609270309,2026-09-27,03,9R,realtime,67.26,30.43,44.48,12.12,63.24,6.77,64.95,4.68,54.97,5.27,59.28,54.05,24.46,41.89,11.41,39.94,4.28,51.02,3.68,46.21,4.43,48.26,52.8,23.89,57.42,15.64,53.46,5.73,58.63,4.23,46.78,4.49,53.97,46.35,20.97,47.07,12.82,48.34,5.18,42.16,3.04,41.77,4.01,46.02,42.93,19.42,39.3,10.71,46.35,4.96,48.49,3.5,53.32,5.11,43.7,37.66,17.04,47.07,12.82,45.88,4.91,34.56,2.49,57.21,5.49,42.75
202609270310,2026-09-27,03,10R,daily,67.26,30.43,41.89,11.41,45.16,4.84,50.0,3.6,50.0,4.8,55.08,54.05,24.46,70.35,19.16,67.69,7.25,50.0,3.6,50.0,4.8,59.27,52.8,23.89,47.07,12.82,63.38,6.79,50.0,3.6,50.0,4.8,51.9,46.35,20.97,44.48,12.12,57.52,6.16,50.0,3.6,50.0,4.8,47.65,42.93,19.42,47.07,12.82,58.94,6.31,50.0,3.6,50.0,4.8,46.96,37.66,17.04,54.83,14.93,45.78,4.9,50.0,3.6,50.0,4.8,45.28
202609270310,2026-09-27,03,10R,realtime,67.26,30.43,41.89,11.41,45.16,4.84,37.28,2.69,54.97,5.27,54.64,54.05,24.46,70.35,19.16,67.69,7.25,40.33,2.91,46.21,4.43,58.21,52.8,23.89,47.07,12.82,63.38,6.79,55.55,4.01,46.78,4.49,51.99,46.35,20.97,44.48,12.12,57.52,6.16,61.64,4.44,41.77,4.01,47.7,42.93,19.42,47.07,12.82,58.94,6.31,61.64,4.44,53.32,5.11,48.12,37.66,17.04,54.83,14.93,45.78,4.9,43.37,3.13,57.21,5.49,45.49
202609270311,2026-09-27,03,11R,daily,67.26,30.43,54.83,14.93,43.54,4.66,50.0,3.6,50.0,4.8,58.43,54.05,24.46,47.07,12.82,55.52,5.95,50.0,3.6,50.0,4.8,51.62,52.8,23.89,41.89,11.41,62.39,6.68,50.0,3.6,50.0,4.8,50.38,46.35,20.97,47.07,12.82,65.53,7.02,50.0,3.6,50.0,4.8,49.21,42.93,19.42,47.07,12.82,53.82,5.77,50.0,3.6,50.0,4.8,46.41,37.66,17.04,47.07,12.82,65.58,7.02,50.0,3.6,50.0,4.8,45.29
202609270311,2026-09-27,03,11R,realtime,67.26,30.43,54.83,14.93,43.54,4.66,64.61,4.66,55.62,5.34,60.03,54.05,24.46,47.07,12.82,55.52,5.95,30.5,2.2,49.16,4.72,50.14,52.8,23.89,41.89,11.41,62.39,6.68,52.21,3.76,45.21,4.34,50.08,46.35,20.97,47.07,12.82,65.53,7.02,51.17,3.69,41.97,4.03,48.53,42.93,19.42,47.07,12.82,53.82,5.76,51.17,3.69,52.83,5.07,46.77,37.66,17.04,47.07,12.82,65.58,7.02,50.14,3.61,55.47,5.32,45.82
202609270312,2026-09-27,03,12R,daily,67.26,30.43,54.83,14.93,51.69,5.54,50.0,3.6,50.0,4.8,59.31,54.05,24.46,49.65,13.52,41.34,4.43,50.0,3.6,50.0,4.8,50.81,52.8,23.89,47.07,12.82,50.59,5.42,50.0,3.6,50.0,4.8,50.53,46.35,20.97,49.65,13.52,50.94,5.46,50.0,3.6,50.0,4.8,48.36,42.93,19.42,39.3,10.71,44.78,4.8,50.0,3.6,50.0,4.8,43.33,37.66,17.04,52.24,14.23,60.15,6.44,50.0,3.6,50.0,4.8,46.11
202609270312,2026-09-27,03,12R,realtime,67.26,30.43,54.83,14.93,51.69,5.54,70.56,5.09,55.62,5.34,61.33,54.05,24.46,49.65,13.52,41.34,4.43,51.44,3.71,49.16,4.72,50.83,52.8,23.89,47.07,12.82,50.59,5.42,47.02,3.39,45.21,4.34,49.86,46.35,20.97,49.65,13.52,50.94,5.46,38.21,2.75,41.97,4.03,46.74,42.93,19.42,39.3,10.71,44.78,4.8,47.02,3.39,52.83,5.07,43.38,37.66,17.04,52.24,14.23,60.15,6.44,45.55,3.28,55.47,5.32,46.32
202609270501,2026-09-27,05,1R,daily,68.91,25.09,39.88,10.76,36.7,3.27,50.0,10.1,50.0,3.76,52.97,51.23,18.65,42.3,11.41,42.96,3.83,50.0,10.1,50.0,3.76,47.74,50.59,18.42,49.53,13.36,31.69,2.83,50.0,10.1,50.0,3.76,48.45,48.62,17.7,47.12,12.71,49.58,4.42,50.0,10.1,50.0,3.76,48.68,44.78,16.3,47.12,12.71,55.26,4.93,50.0,10.1,50.0,3.76,47.79,35.65,12.98,56.76,15.31,49.75,4.44,50.0,10.1,50.0,3.76,46.58
202609270501,2026-09-27,05,1R,realtime,68.91,25.09,39.88,10.76,36.7,3.27,52.56,10.61,40.19,3.02,52.75,51.23,18.65,42.3,11.41,42.96,3.83,51.67,10.43,61.23,4.6,48.92,50.59,18.42,49.53,13.36,31.69,2.83,44.77,9.04,64.66,4.86,48.5,48.62,17.7,47.12,12.71,49.58,4.42,64.39,13.0,49.85,3.75,51.58,44.78,16.3,47.12,12.71,55.26,4.93,39.28,7.93,42.83,3.22,45.09,35.65,12.98,56.76,15.31,49.75,4.44,47.25,9.54,41.02,3.08,45.35
202609270502,2026-09-27,05,2R,daily,68.91,25.09,44.71,12.06,27.95,2.49,50.0,10.1,50.0,3.76,53.49,51.23,18.65,71.23,19.21,34.12,3.04,50.0,10.1,50.0,3.76,54.76,50.59,18.42,59.18,15.96,59.56,5.31,50.0,10.1,50.0,3.76,53.54,48.62,17.7,44.71,12.06,51.71,4.61,50.0,10.1,50.0,3.76,48.22,44.78,16.3,42.3,11.41,31.47,2.81,50.0,10.1,50.0,3.76,44.37,35.65,12.98,56.76,15.31,37.87,3.38,50.0,10.1,50.0,3.76,45.52
202609270502,2026-09-27,05,2R,realtime,68.91,25.09,44.71,12.06,27.95,2.49,54.31,10.97,40.19,3.02,53.62,50.59,18.42,71.23,19.21,34.12,3.04,57.5,11.61,64.66,4.86,57.14,48.62,17.7,59.18,15.96,59.56,5.31,52.04,10.51,49.85,3.75,53.23,51.23,18.65,44.71,12.06,51.71,4.61,38.07,7.69,61.23,4.6,47.61,44.78,16.3,42.3,11.41,31.47,2.81,42.07,8.49,42.83,3.22,42.23,35.65,12.98,56.76,15.31,37.87,3.38,55.92,11.29,41.02,3.08,46.04
202609270503,2026-09-27,05,3R,daily,68.91,25.09,42.3,11.41,53.58,4.78,50.0,10.1,50.0,3.76,55.13,51.23,18.65,42.3,11.41,46.48,4.14,50.0,10.1,50.0,3.76,48.06,50.59,18.42,64.0,17.26,32.48,2.9,50.0,10.1,50.0,3.76,52.43,48.62,17.7,71.23,19.21,34.34,3.06,50.0,10.1,50.0,3.76,53.83,44.78,16.3,54.35,14.66,41.6,3.71,50.0,10.1,50.0,3.76,48.53,35.65,12.98,49.53,13.36,20.48,1.83,50.0,10.1,50.0,3.76,42.02
202609270503,2026-09-27,05,3R,realtime,68.91,25.09,42.3,11.41,53.58,4.78,63.19,12.76,40.19,3.02,57.05,51.23,18.65,42.3,11.41,46.48,4.14,51.37,10.37,61.23,4.6,49.18,50.59,18.42,64.0,17.26,32.48,2.9,49.22,9.94,64.66,4.86,53.37,48.62,17.7,71.23,19.21,34.34,3.06,53.84,10.87,49.85,3.75,54.59,44.78,16.3,54.35,14.66,41.6,3.71,45.08,9.1,42.83,3.22,46.99,35.65,12.98,49.53,13.36,20.48,1.83,37.23,7.52,41.02,3.08,38.76
202609270504,2026-09-27,05,4R,daily,68.91,25.09,32.65,8.81,33.43,2.98,50.0,10.1,50.0,3.76,50.73,51.23,18.65,51.94,14.01,67.33,6.0,50.0,10.1,50.0,3.76,52.52,50.59,18.42,49.53,13.36,50.04,4.46,50.0,10.1,50.0,3.76,50.09,48.62,17.7,51.94,14.01,57.11,5.09,50.0,10.1,50.0,3.76,50.66,44.78,16.3,54.35,14.66,55.77,4.97,50.0,10.1,50.0,3.76,49.79,35.65,12.98,44.71,12.06,34.69,3.09,50.0,10.1,50.0,3.76,41.98
202609270504,2026-09-27,05,4R,realtime,68.91,25.09,32.65,8.81,33.43,2.98,48.09,9.71,44.21,3.32,49.91,51.23,18.65,51.94,14.01,67.33,6.0,50.46,10.19,58.21,4.38,53.23,50.59,18.42,49.53,13.36,50.04,4.46,58.68,11.85,67.36,5.06,53.15,48.62,17.7,51.94,14.01,57.11,5.09,53.0,10.7,46.54,3.5,51.0,44.78,16.3,54.35,14.66,55.77,4.97,55.28,11.16,40.56,3.05,50.15,35.65,12.98,44.71,12.06,34.69,3.09,34.41,6.95,42.91,3.23,38.3
202609270505,2026-09-27,05,5R,daily,68.91,25.09,42.3,11.41,42.96,3.83,50.0,10.1,50.0,3.76,54.18,51.23,18.65,47.12,12.71,46.6,4.16,50.0,10.1,50.0,3.76,49.37,50.59,18.42,54.35,14.66,51.98,4.64,50.0,10.1,50.0,3.76,51.56,48.62,17.7,44.71,12.06,38.25,3.41,50.0,10.1,50.0,3.76,47.02,44.78,16.3,66.41,17.91,46.25,4.12,50.0,10.1,50.0,3.76,52.19,35.65,12.98,51.94,14.01,51.32,4.58,50.0,10.1,50.0,3.76,45.42
202609270505,2026-09-27,05,5R,realtime,68.91,25.09,42.3,11.41,42.96,3.83,53.91,10.88,40.3,3.03,54.24,51.23,18.65,47.12,12.71,46.6,4.16,43.0,8.68,61.81,4.65,48.84,50.59,18.42,54.35,14.66,51.98,4.63,63.14,12.75,64.84,4.87,55.33,48.62,17.7,44.71,12.06,38.25,3.41,43.43,8.77,49.49,3.72,45.66,44.78,16.3,66.41,17.91,46.25,4.12,44.84,9.05,42.74,3.21,50.6,35.65,12.98,51.94,14.01,51.32,4.58,51.6,10.42,40.6,3.05,45.03
202609270506,2026-09-27,05,6R,daily,68.91,25.09,49.53,13.36,38.67,3.45,50.0,10.1,50.0,3.76,55.75,51.23,18.65,49.53,13.36,31.69,2.83,50.0,10.1,50.0,3.76,48.69,50.59,18.42,49.53,13.36,44.15,3.94,50.0,10.1,50.0,3.76,49.57,48.62,17.7,42.3,11.41,55.24,4.93,50.0,10.1,50.0,3.76,47.89,44.78,16.3,59.18,15.96,36.02,3.21,50.0,10.1,50.0,3.76,49.33,35.65,12.98,42.3,11.41,50.54,4.51,50.0,10.1,50.0,3.76,42.75
202609270506,2026-09-27,05,6R,realtime,68.91,25.09,49.53,13.36,38.67,3.45,57.52,11.61,40.3,3.03,56.54,51.23,18.65,49.53,13.36,31.69,2.83,47.8,9.65,61.81,4.65,49.13,50.59,18.42,49.53,13.36,44.15,3.94,41.4,8.36,64.84,4.87,48.94,48.62,17.7,42.3,11.41,55.24,4.93,42.17,8.51,49.49,3.72,46.27,44.78,16.3,59.18,15.96,36.02,3.21,58.89,11.89,42.74,3.21,50.58,35.65,12.98,42.3,11.41,50.54,4.51,52.14,10.53,40.6,3.05,42.47
202609270507,2026-09-27,05,7R,daily,68.91,25.09,49.53,13.36,70.03,6.24,50.0,10.1,50.0,3.76,58.54,51.23,18.65,44.71,12.06,46.57,4.15,50.0,10.1,50.0,3.76,48.71,50.59,18.42,59.18,15.96,41.3,3.68,50.0,10.1,50.0,3.76,51.91,48.62,17.7,42.3,11.41,31.47,2.81,50.0,10.1,50.0,3.76,45.77,44.78,16.3,35.06,9.46,57.46,5.12,50.0,10.1,50.0,3.76,44.74,35.65,12.98,49.53,13.36,65.36,5.83,50.0,10.1,50.0,3.76,46.02
202609270507,2026-09-27,05,7R,realtime,68.91,25.09,49.53,13.36,70.03,6.24,60.81,12.28,40.3,3.03,60.0,51.23,18.65,44.71,12.06,46.57,4.15,31.4,6.34,61.81,4.65,45.85,50.59,18.42,59.18,15.96,41.3,3.68,57.96,11.7,64.84,4.87,54.63,48.62,17.7,42.3,11.41,31.47,2.81,54.26,10.96,49.49,3.72,46.59,44.78,16.3,35.06,9.46,57.46,5.12,55.78,11.26,42.74,3.21,45.36,35.65,12.98,49.53,13.36,65.36,5.83,39.69,8.01,40.6,3.05,43.23
202609270508,2026-09-27,05,8R,daily,68.91,25.09,47.12,12.71,46.15,4.12,50.0,10.1,50.0,3.76,55.76,51.23,18.65,39.88,10.76,36.7,3.27,50.0,10.1,50.0,3.76,46.53,50.59,18.42,47.12,12.71,53.73,4.79,50.0,10.1,50.0,3.76,49.77,48.62,17.7,51.94,14.01,55.99,4.99,50.0,10.1,50.0,3.76,50.56,44.78,16.3,71.23,19.21,34.12,3.04,50.0,10.1,50.0,3.76,52.41,35.65,12.98,42.3,11.41,48.4,4.32,50.0,10.1,50.0,3.76,42.56
202609270508,2026-09-27,05,8R,realtime,68.91,25.09,47.12,12.71,46.15,4.12,51.77,10.45,40.4,3.04,55.4,51.23,18.65,39.88,10.76,36.7,3.27,42.59,8.6,62.39,4.69,45.97,50.59,18.42,47.12,12.71,53.73,4.79,47.8,9.65,65.02,4.89,50.45,48.62,17.7,51.94,14.01,55.99,4.99,50.7,10.24,49.13,3.69,50.63,44.78,16.3,71.23,19.21,34.12,3.04,60.72,12.26,42.64,3.21,54.02,35.65,12.98,42.3,11.41,48.4,4.32,46.32,9.35,40.19,3.02,41.08
202609270509,2026-09-27,05,9R,daily,68.91,25.09,51.94,14.01,57.11,5.09,50.0,10.1,50.0,3.76,58.04,51.23,18.65,71.23,19.21,34.34,3.06,50.0,10.1,50.0,3.76,54.78,50.59,18.42,49.53,13.36,39.04,3.48,50.0,10.1,50.0,3.76,49.11,48.62,17.7,44.71,12.06,27.95,2.49,50.0,10.1,50.0,3.76,46.11,44.78,16.3,42.3,11.41,46.98,4.19,50.0,10.1,50.0,3.76,45.75,35.65,12.98,44.71,12.06,38.25,3.41,50.0,10.1,50.0,3.76,42.3
202609270509,2026-09-27,05,9R,realtime,68.91,25.09,51.94,14.01,57.11,5.09,69.45,14.02,44.08,3.31,61.52,51.23,18.65,71.23,19.21,34.34,3.06,55.28,11.16,66.08,4.97,57.05,50.59,18.42,49.53,13.36,39.04,3.48,46.39,9.37,54.48,4.1,48.72,48.62,17.7,44.71,12.06,27.95,2.49,35.71,7.21,54.13,4.07,43.53,44.78,16.3,42.3,11.41,46.98,4.19,56.71,11.45,40.38,3.04,46.39,35.65,12.98,44.71,12.06,38.25,3.41,36.36,7.34,40.65,3.06,38.84
202609270510,2026-09-27,05,10R,daily,68.91,25.09,59.18,15.96,36.02,3.21,50.0,10.1,50.0,3.76,58.11,51.23,18.65,56.76,15.31,49.75,4.44,50.0,10.1,50.0,3.76,52.25,50.59,18.42,66.41,17.91,46.25,4.12,50.0,10.1,50.0,3.76,54.3,48.62,17.7,51.94,14.01,67.33,6.0,50.0,10.1,50.0,3.76,51.57,44.78,16.3,56.76,15.31,37.87,3.38,50.0,10.1,50.0,3.76,48.84,35.65,12.98,64.0,17.26,32.48,2.9,50.0,10.1,50.0,3.76,46.99
202609270510,2026-09-27,05,10R,realtime,68.91,25.09,59.18,15.96,36.02,3.21,63.7,12.86,40.51,3.05,60.17,51.23,18.65,56.76,15.31,49.75,4.44,53.09,10.72,62.98,4.73,53.85,50.59,18.42,66.41,17.91,46.25,4.12,41.7,8.42,65.2,4.9,53.77,48.62,17.7,51.94,14.01,67.33,6.0,40.81,8.24,48.77,3.67,49.62,44.78,16.3,56.76,15.31,37.87,3.38,59.74,12.06,42.55,3.2,50.25,35.65,12.98,64.0,17.26,32.48,2.9,40.88,8.25,39.78,2.99,44.38
202609270511,2026-09-27,05,11R,daily,68.91,25.09,54.35,14.66,55.77,4.97,50.0,10.1,50.0,3.76,58.57,51.23,18.65,49.53,13.36,70.03,6.24,50.0,10.1,50.0,3.76,52.11,50.59,18.42,42.3,11.41,46.48,4.14,50.0,10.1,50.0,3.76,47.82,48.62,17.7,49.53,13.36,38.67,3.45,50.0,10.1,50.0,3.76,48.36,44.78,16.3,47.12,12.71,49.58,4.42,50.0,10.1,50.0,3.76,47.29,35.65,12.98,44.71,12.06,51.71,4.61,50.0,10.1,50.0,3.76,43.5
202609270511,2026-09-27,05,11R,realtime,68.91,25.09,54.35,14.66,55.77,4.97,59.31,11.97,40.51,3.05,59.74,50.59,18.42,49.53,13.36,70.03,6.24,47.45,9.58,65.2,4.9,52.5,48.62,17.7,42.3,11.41,46.48,4.14,37.93,7.66,48.77,3.67,44.58,44.78,16.3,49.53,13.36,38.67,3.45,44.87,9.06,42.55,3.2,45.37,35.65,12.98,47.12,12.71,49.58,4.42,63.67,12.85,39.78,2.99,45.95,51.23,18.65,44.71,12.06,51.71,4.61,46.69,9.43,62.98,4.73,49.48
202609270512,2026-09-27,05,12R,daily,68.91,25.09,54.35,14.66,51.98,4.64,50.0,10.1,50.0,3.76,58.23,51.23,18.65,59.18,15.96,59.56,5.31,50.0,10.1,50.0,3.76,53.78,50.59,18.42,49.53,13.36,65.36,5.83,50.0,10.1,50.0,3.76,51.46,48.62,17.7,47.12,12.71,46.15,4.12,50.0,10.1,50.0,3.76,48.38,44.78,16.3,49.53,13.36,44.15,3.94,50.0,10.1,50.0,3.76,47.45,35.65,12.98,49.53,13.36,50.04,4.46,50.0,10.1,50.0,3.76,44.65
202609270512,2026-09-27,05,12R,realtime,68.91,25.09,54.35,14.66,51.98,4.63,67.92,13.71,40.51,3.05,61.14,51.23,18.65,59.18,15.96,59.56,5.31,54.77,11.06,62.98,4.73,55.71,50.59,18.42,49.53,13.36,65.36,5.83,39.76,8.03,65.2,4.9,50.53,48.62,17.7,47.12,12.71,46.15,4.12,42.77,8.64,48.77,3.67,46.83,44.78,16.3,49.53,13.36,44.15,3.94,41.63,8.41,42.55,3.2,45.2,35.65,12.98,49.53,13.36,50.04,4.46,53.07,10.71,39.78,2.99,44.5
202609270801,2026-09-27,08,1R,daily,67.61,27.13,46.99,10.85,39.93,3.08,50.0,10.67,50.0,3.86,55.6,51.67,20.74,44.91,10.37,48.62,3.75,50.0,10.67,50.0,3.86,49.39,50.0,20.07,46.99,10.85,45.83,3.54,50.0,10.67,50.0,3.86,48.98,49.5,19.87,38.66,8.93,30.58,2.36,50.0,10.67,50.0,3.86,45.69,45.19,18.14,40.74,9.41,53.29,4.11,50.0,10.67,50.0,3.86,46.19,35.29,14.16,42.83,9.89,63.11,4.87,50.0,10.67,50.0,3.86,43.45
202609270801,2026-09-27,08,1R,realtime,67.61,27.13,46.99,10.85,39.93,3.08,55.87,11.92,28.44,2.2,55.18,51.67,20.74,44.91,10.37,48.62,3.75,49.56,10.58,65.9,5.09,50.52,50.0,20.07,46.99,10.85,45.83,3.54,53.86,11.49,46.12,3.56,49.51,49.5,19.87,38.66,8.93,30.58,2.36,54.9,11.72,67.4,5.21,48.07,45.19,18.14,40.74,9.41,53.29,4.11,43.71,9.33,51.89,4.01,44.99,35.29,14.16,42.83,9.89,63.11,4.87,42.15,9.0,40.27,3.11,41.02
202609270802,2026-09-27,08,2R,daily,67.61,27.13,46.99,10.85,48.82,3.77,50.0,10.67,50.0,3.86,56.28,51.67,20.74,51.15,11.81,43.96,3.39,50.0,10.67,50.0,3.86,50.47,50.0,20.07,38.66,8.93,50.06,3.86,50.0,10.67,50.0,3.86,47.39,49.5,19.87,42.83,9.89,50.66,3.91,50.0,10.67,50.0,3.86,48.2,45.19,18.14,49.07,11.33,65.96,5.09,50.0,10.67,50.0,3.86,49.09,35.29,14.16,34.5,7.96,50.0,3.86,50.0,10.67,50.0,3.86,40.52
202609270802,2026-09-27,08,2R,realtime,67.61,27.13,46.99,10.85,48.82,3.77,57.0,12.17,28.44,2.2,56.11,51.67,20.74,51.15,11.81,43.96,3.39,40.18,8.58,65.9,5.09,49.6,50.0,20.07,38.66,8.93,50.06,3.86,34.6,7.39,46.12,3.56,43.8,49.5,19.87,42.83,9.89,50.66,3.91,63.22,13.49,67.4,5.21,52.36,45.19,18.14,49.07,11.33,65.96,5.09,59.17,12.63,51.89,4.01,51.19,35.29,14.16,34.5,7.96,50.0,3.86,45.87,9.79,40.27,3.11,38.88
202609270803,2026-09-27,08,3R,daily,67.61,27.13,46.99,10.85,39.72,3.06,50.0,10.67,50.0,3.86,55.58,51.67,20.74,49.07,11.33,49.69,3.83,50.0,10.67,50.0,3.86,50.43,50.0,20.07,36.58,8.45,60.21,4.64,50.0,10.67,50.0,3.86,47.69,49.5,19.87,46.99,10.85,44.45,3.43,50.0,10.67,50.0,3.86,48.68,45.19,18.14,40.74,9.41,56.51,4.36,50.0,10.67,50.0,3.86,46.44,35.29,14.16,40.74,9.41,39.75,3.07,50.0,10.67,50.0,3.86,41.17
202609270803,2026-09-27,08,3R,realtime,67.61,27.13,46.99,10.85,39.72,3.06,60.99,13.02,28.44,2.2,56.26,51.67,20.74,49.07,11.33,49.69,3.83,48.8,10.42,65.9,5.09,51.4,50.0,20.07,36.58,8.45,60.21,4.64,53.52,11.42,46.12,3.56,48.14,49.5,19.87,46.99,10.85,44.45,3.43,52.32,11.17,67.4,5.21,50.52,45.19,18.14,40.74,9.41,56.51,4.36,40.32,8.61,51.89,4.01,44.52,35.29,14.16,40.74,9.41,39.75,3.07,44.07,9.41,40.27,3.11,39.15
202609270804,2026-09-27,08,4R,daily,67.61,27.13,46.99,10.85,43.03,3.32,50.0,10.67,50.0,3.86,55.84,51.67,20.74,51.15,11.81,41.83,3.23,50.0,10.67,50.0,3.86,50.3,50.0,20.07,44.91,10.37,31.73,2.45,50.0,10.67,50.0,3.86,47.41,49.5,19.87,42.83,9.89,64.31,4.96,50.0,10.67,50.0,3.86,49.25,45.19,18.14,51.15,11.81,51.73,3.99,50.0,10.67,50.0,3.86,48.47,35.29,14.16,44.91,10.37,50.52,3.9,50.0,10.67,50.0,3.86,42.96
202609270804,2026-09-27,08,4R,realtime,67.61,27.13,46.99,10.85,43.03,3.32,58.2,12.42,28.44,2.2,55.92,51.67,20.74,51.15,11.81,41.83,3.23,48.22,10.29,65.9,5.09,51.15,50.0,20.07,44.91,10.37,31.73,2.45,36.38,7.77,46.12,3.56,44.21,49.5,19.87,42.83,9.89,64.31,4.96,55.16,11.77,67.4,5.21,51.69,45.19,18.14,51.15,11.81,51.73,3.99,58.96,12.59,51.89,4.01,50.53,35.29,14.16,44.91,10.37,50.52,3.9,43.1,9.2,40.27,3.11,40.74
202609270805,2026-09-27,08,5R,daily,67.61,27.13,46.99,10.85,45.83,3.54,50.0,10.67,50.0,3.86,56.05,51.67,20.74,44.91,10.37,48.49,3.74,50.0,10.67,50.0,3.86,49.38,50.0,20.07,53.23,12.29,49.32,3.8,50.0,10.67,50.0,3.86,50.69,49.5,19.87,46.99,10.85,72.16,5.57,50.0,10.67,50.0,3.86,50.81,45.19,18.14,55.31,12.77,58.81,4.54,50.0,10.67,50.0,3.86,49.98,35.29,14.16,51.15,11.81,45.33,3.5,50.0,10.67,50.0,3.86,44.0
202609270805,2026-09-27,08,5R,realtime,67.61,27.13,46.99,10.85,45.83,3.54,54.01,11.53,30.27,2.34,55.38,51.67,20.74,44.91,10.37,48.49,3.74,46.68,9.96,70.59,5.45,50.26,50.0,20.07,53.23,12.29,49.32,3.8,59.91,12.79,50.41,3.89,52.84,49.5,19.87,46.99,10.85,72.16,5.57,41.33,8.82,64.8,5.0,50.11,45.19,18.14,55.31,12.77,58.81,4.54,40.99,8.75,48.27,3.73,47.92,35.29,14.16,51.15,11.81,45.33,3.5,57.11,12.19,35.69,2.76,44.41
202609270806,2026-09-27,08,6R,daily,67.61,27.13,51.15,11.81,43.96,3.39,50.0,10.67,50.0,3.86,56.87,51.67,20.74,44.91,10.37,50.39,3.89,50.0,10.67,50.0,3.86,49.52,50.0,20.07,57.39,13.25,49.0,3.78,50.0,10.67,50.0,3.86,51.63,49.5,19.87,44.91,10.37,48.62,3.75,50.0,10.67,50.0,3.86,48.52,45.19,18.14,42.83,9.89,50.66,3.91,50.0,10.67,50.0,3.86,46.46,35.29,14.16,51.15,11.81,48.14,3.71,50.0,10.67,50.0,3.86,44.22
202609270806,2026-09-27,08,6R,realtime,67.61,27.13,51.15,11.81,43.96,3.39,55.43,11.83,30.27,2.34,56.5,51.67,20.74,44.91,10.37,50.39,3.89,64.64,13.8,70.59,5.45,54.24,50.0,20.07,57.39,13.25,49.0,3.78,40.35,8.61,50.41,3.89,49.6,49.5,19.87,44.91,10.37,48.62,3.75,39.48,8.43,64.8,5.0,47.42,45.19,18.14,42.83,9.89,50.66,3.91,43.8,9.35,48.27,3.73,45.01,35.29,14.16,51.15,11.81,48.14,3.71,56.33,12.02,35.69,2.76,44.46
202609270807,2026-09-27,08,7R,daily,67.61,27.13,46.99,10.85,65.1,5.02,50.0,10.67,50.0,3.86,57.54,51.67,20.74,51.15,11.81,50.45,3.89,50.0,10.67,50.0,3.86,50.97,50.0,20.07,53.23,12.29,45.58,3.52,50.0,10.67,50.0,3.86,50.4,49.5,19.87,38.66,8.93,50.06,3.86,50.0,10.67,50.0,3.86,47.19,45.19,18.14,38.66,8.93,30.58,2.36,50.0,10.67,50.0,3.86,43.96,35.29,14.16,36.58,8.45,60.21,4.64,50.0,10.67,50.0,3.86,41.78
202609270807,2026-09-27,08,7R,realtime,67.61,27.13,46.99,10.85,65.1,5.02,64.58,13.78,26.61,2.06,58.84,51.67,20.74,51.15,11.81,50.45,3.89,47.4,10.12,61.21,4.73,51.28,50.0,20.07,53.23,12.29,45.58,3.52,49.9,10.65,41.84,3.23,49.75,49.5,19.87,38.66,8.93,50.06,3.86,44.26,9.45,70.0,5.41,47.51,45.19,18.14,38.66,8.93,30.58,2.36,45.82,9.78,55.5,4.29,43.49,35.29,14.16,36.58,8.45,60.21,4.64,48.07,10.26,44.86,3.46,40.97
202609270808,2026-09-27,08,8R,daily,67.61,27.13,40.74,9.41,53.29,4.11,50.0,10.67,50.0,3.86,55.18,51.67,20.74,46.99,10.85,39.72,3.06,50.0,10.67,50.0,3.86,49.18,50.0,20.07,40.74,9.41,56.51,4.36,50.0,10.67,50.0,3.86,48.36,49.5,19.87,44.91,10.37,31.73,2.45,50.0,10.67,50.0,3.86,47.22,45.19,18.14,34.5,7.96,50.0,3.86,50.0,10.67,50.0,3.86,44.49,35.29,14.16,46.99,10.85,45.96,3.54,50.0,10.67,50.0,3.86,43.09
202609270808,2026-09-27,08,8R,realtime,67.61,27.13,40.74,9.41,53.29,4.11,53.23,11.36,26.61,2.06,54.07,51.67,20.74,46.99,10.85,39.72,3.06,63.73,13.6,61.21,4.73,52.98,50.0,20.07,40.74,9.41,56.51,4.36,38.31,8.18,41.84,3.23,45.24,49.5,19.87,44.91,10.37,31.73,2.45,47.1,10.05,70.0,5.41,48.14,35.29,14.16,34.5,7.96,50.0,3.86,59.98,12.8,44.86,3.46,42.25,45.19,18.14,46.99,10.85,45.96,3.55,37.7,8.05,55.5,4.29,44.86
202609270809,2026-09-27,08,9R,daily,67.61,27.13,46.99,10.85,48.6,3.75,50.0,10.67,50.0,3.86,56.26,51.67,20.74,46.99,10.85,72.16,5.57,50.0,10.67,50.0,3.86,51.68,50.0,20.07,44.91,10.37,48.49,3.74,50.0,10.67,50.0,3.86,48.71,49.5,19.87,46.99,10.85,39.93,3.08,50.0,10.67,50.0,3.86,48.33,45.19,18.14,42.83,9.89,64.31,4.96,50.0,10.67,50.0,3.86,47.52,35.29,14.16,46.99,10.85,44.45,3.43,50.0,10.67,50.0,3.86,42.97
202609270809,2026-09-27,08,9R,realtime,67.61,27.13,46.99,10.85,48.6,3.75,57.36,12.24,26.61,2.06,56.03,51.67,20.74,46.99,10.85,72.16,5.57,56.08,11.97,61.21,4.73,53.85,50.0,20.07,44.91,10.37,48.49,3.74,49.01,10.46,41.84,3.23,47.86,49.5,19.87,46.99,10.85,39.93,3.08,39.64,8.46,70.0,5.41,47.66,45.19,18.14,42.83,9.89,64.31,4.96,42.74,9.12,55.5,4.29,46.39,35.29,14.16,46.99,10.85,44.45,3.43,55.2,11.78,44.86,3.46,43.68
202609270810,2026-09-27,08,10R,daily,67.61,27.13,51.15,11.81,45.33,3.5,50.0,10.67,50.0,3.86,56.97,51.67,20.74,46.99,10.85,48.82,3.77,50.0,10.67,50.0,3.86,49.88,50.0,20.07,51.15,11.81,41.83,3.23,50.0,10.67,50.0,3.86,49.63,49.5,19.87,49.07,11.33,49.69,3.83,50.0,10.67,50.0,3.86,49.56,45.19,18.14,44.91,10.37,50.39,3.89,50.0,10.67,50.0,3.86,46.92,35.29,14.16,53.23,12.29,49.32,3.8,50.0,10.67,50.0,3.86,44.79
202609270810,2026-09-27,08,10R,realtime,67.61,27.13,51.15,11.81,45.33,3.5,64.84,13.84,51.74,4.0,60.28,51.67,20.74,46.99,10.85,48.82,3.77,39.06,8.34,52.94,4.09,47.77,50.0,20.07,51.15,11.81,41.83,3.23,50.63,10.81,39.42,3.04,48.95,49.5,19.87,49.07,11.33,49.69,3.83,48.83,10.42,54.61,4.22,49.67,45.19,18.14,44.91,10.37,50.39,3.89,46.57,9.94,48.69,3.76,46.09,35.29,14.16,53.23,12.29,49.32,3.8,50.09,10.69,52.61,4.06,45.01
202609270811,2026-09-27,08,11R,daily,67.61,27.13,55.31,12.77,58.81,4.54,50.0,10.67,50.0,3.86,58.97,51.67,20.74,49.07,11.33,65.96,5.09,50.0,10.67,50.0,3.86,51.68,50.0,20.07,51.15,11.81,48.14,3.71,50.0,10.67,50.0,3.86,50.12,49.5,19.87,53.23,12.29,45.58,3.52,50.0,10.67,50.0,3.86,50.21,45.19,18.14,57.39,13.25,49.0,3.78,50.0,10.67,50.0,3.86,49.7,35.29,14.16,46.99,10.85,43.03,3.32,50.0,10.67,50.0,3.86,42.86
202609270811,2026-09-27,08,11R,realtime,67.61,27.13,55.31,12.77,58.81,4.54,60.54,12.92,51.74,4.0,61.36,51.67,20.74,49.07,11.33,65.96,5.09,68.78,14.68,52.94,4.09,55.92,50.0,20.07,51.15,11.81,48.14,3.71,45.72,9.76,39.42,3.04,48.39,49.5,19.87,53.23,12.29,45.58,3.52,43.88,9.37,54.61,4.22,49.26,45.19,18.14,57.39,13.25,49.0,3.78,41.02,8.75,48.69,3.76,47.68,35.29,14.16,46.99,10.85,43.03,3.32,40.1,8.56,52.61,4.06,40.95
202609270812,2026-09-27,08,12R,daily,67.61,27.13,55.31,12.77,60.69,4.68,50.0,10.67,50.0,3.86,59.12,51.67,20.74,46.99,10.85,55.45,4.28,50.0,10.67,50.0,3.86,50.39,50.0,20.07,51.15,11.81,47.87,3.69,50.0,10.67,50.0,3.86,50.1,49.5,19.87,67.8,15.65,68.42,5.28,50.0,10.67,50.0,3.86,55.33,45.19,18.14,55.31,12.77,68.98,5.32,50.0,10.67,50.0,3.86,50.76,35.29,14.16,57.39,13.25,47.34,3.65,50.0,10.67,50.0,3.86,45.6
202609270812,2026-09-27,08,12R,realtime,67.61,27.13,55.31,12.77,60.69,4.68,65.1,13.9,47.98,3.71,62.19,51.67,20.74,46.99,10.85,55.45,4.28,40.09,8.56,50.72,3.92,48.33,50.0,20.07,51.15,11.81,47.87,3.69,47.08,10.05,39.6,3.06,48.67,49.5,19.87,67.8,15.65,68.42,5.28,49.17,10.49,58.53,4.52,55.81,45.19,18.14,55.31,12.77,68.98,5.32,46.86,10.0,49.43,3.82,50.05,35.29,14.16,57.39,13.25,47.34,3.65,51.73,11.04,53.74,4.15,46.25
202609270901,2026-09-27,09,1R,daily,67.29,26.9,48.33,10.63,57.33,4.62,50.0,12.11,50.0,2.87,57.13,52.24,20.88,46.34,10.19,50.85,4.1,50.0,12.11,50.0,2.87,50.16,49.94,19.96,44.35,9.75,48.45,3.91,50.0,12.11,50.0,2.87,48.61,48.74,19.48,44.35,9.75,48.0,3.87,50.0,12.11,50.0,2.87,48.09,44.46,17.77,36.4,8.01,50.55,4.08,50.0,12.11,50.0,2.87,44.84,37.0,14.79,44.35,9.75,42.66,3.44,50.0,12.11,50.0,2.87,42.97
202609270901,2026-09-27,09,1R,realtime,67.29,26.9,48.33,10.63,57.33,4.62,70.31,17.03,40.36,2.32,61.5,52.24,20.88,46.34,10.19,50.85,4.1,51.61,12.5,59.98,3.44,51.12,49.94,19.96,44.35,9.75,48.45,3.91,56.75,13.75,48.84,2.8,50.18,48.74,19.48,44.35,9.75,48.0,3.87,43.72,10.59,58.52,3.36,47.06,37.0,14.79,36.4,8.01,50.55,4.08,42.97,10.41,39.24,2.25,39.54,44.46,17.77,44.35,9.75,42.66,3.44,34.73,8.41,53.1,3.05,42.43
202609270902,2026-09-27,09,2R,daily,67.29,26.9,46.34,10.19,38.73,3.12,50.0,12.11,50.0,2.87,55.2,52.24,20.88,36.4,8.01,65.99,5.32,50.0,12.11,50.0,2.87,49.19,49.94,19.96,52.31,11.5,49.26,3.97,50.0,12.11,50.0,2.87,50.42,48.74,19.48,42.37,9.32,45.21,3.65,50.0,12.11,50.0,2.87,47.43,44.46,17.77,34.41,7.57,65.31,5.27,50.0,12.11,50.0,2.87,45.59,37.0,14.79,38.39,8.44,38.55,3.11,50.0,12.11,50.0,2.87,41.33
202609270902,2026-09-27,09,2R,realtime,67.29,26.9,46.34,10.19,38.73,3.12,70.47,17.07,43.03,2.47,59.76,52.24,20.88,36.4,8.01,65.99,5.32,53.51,12.96,61.94,3.56,50.73,49.94,19.96,52.31,11.5,49.26,3.97,57.41,13.91,44.93,2.58,51.93,48.74,19.48,42.37,9.32,45.21,3.65,43.01,10.42,58.31,3.35,46.22,37.0,14.79,34.41,7.57,65.31,5.27,53.95,13.07,39.74,2.28,42.98,44.46,17.77,38.39,8.44,38.55,3.11,21.74,5.27,52.1,2.99,37.58
202609270903,2026-09-27,09,3R,daily,67.29,26.9,42.37,9.32,49.24,3.97,50.0,12.11,50.0,2.87,55.17,52.24,20.88,44.35,9.75,43.66,3.52,50.0,12.11,50.0,2.87,49.14,49.94,19.96,44.35,9.75,35.83,2.89,50.0,12.11,50.0,2.87,47.59,48.74,19.48,50.32,11.07,51.11,4.12,50.0,12.11,50.0,2.87,49.66,44.46,17.77,62.25,13.69,56.67,4.57,50.0,12.11,50.0,2.87,51.02,37.0,14.79,44.35,9.75,42.15,3.4,50.0,12.11,50.0,2.87,42.93
202609270903,2026-09-27,09,3R,realtime,67.29,26.9,42.37,9.32,49.24,3.97,55.87,13.54,43.03,2.47,56.19,52.24,20.88,44.35,9.75,43.66,3.52,40.37,9.78,61.94,3.56,47.49,49.94,19.96,44.35,9.75,35.83,2.89,46.45,11.25,44.93,2.58,46.44,48.74,19.48,50.32,11.07,51.11,4.12,53.51,12.96,58.31,3.35,50.98,44.46,17.77,62.25,13.69,56.67,4.57,48.62,11.78,52.1,2.99,50.8,37.0,14.79,44.35,9.75,42.15,3.4,55.28,13.39,39.74,2.28,43.62
202609270904,2026-09-27,09,4R,daily,67.29,26.9,48.33,10.63,45.68,3.68,50.0,12.11,50.0,2.87,56.19,52.24,20.88,42.37,9.32,57.1,4.61,50.0,12.11,50.0,2.87,49.79,49.94,19.96,50.32,11.07,54.6,4.4,50.0,12.11,50.0,2.87,50.42,48.74,19.48,70.2,15.44,59.36,4.79,50.0,12.11,50.0,2.87,54.7,44.46,17.77,34.41,7.57,54.69,4.41,50.0,12.11,50.0,2.87,44.74,37.0,14.79,48.33,10.63,44.44,3.58,50.0,12.11,50.0,2.87,43.99
202609270904,2026-09-27,09,4R,realtime,67.29,26.9,48.33,10.63,45.68,3.68,49.85,12.08,45.71,2.62,55.91,52.24,20.88,42.37,9.32,57.1,4.61,57.36,13.9,63.9,3.67,52.37,49.94,19.96,50.32,11.07,54.6,4.4,61.19,14.82,41.01,2.35,52.61,48.74,19.48,70.2,15.44,59.36,4.79,56.25,13.63,58.1,3.34,56.67,37.0,14.79,34.41,7.57,54.69,4.41,26.72,6.47,40.24,2.31,35.55,44.46,17.77,48.33,10.63,44.44,3.58,48.72,11.8,51.09,2.93,46.72
202609270905,2026-09-27,09,5R,daily,67.29,26.9,50.32,11.07,41.21,3.32,50.0,12.11,50.0,2.87,56.27,52.24,20.88,52.31,11.5,33.2,2.68,50.0,12.11,50.0,2.87,50.05,49.94,19.96,48.33,10.63,68.31,5.51,50.0,12.11,50.0,2.87,51.09,48.74,19.48,34.41,7.57,48.88,3.94,50.0,12.11,50.0,2.87,45.98,44.46,17.77,48.33,10.63,59.59,4.81,50.0,12.11,50.0,2.87,48.19,37.0,14.79,46.34,10.19,50.85,4.1,50.0,12.11,50.0,2.87,44.07
202609270905,2026-09-27,09,5R,realtime,67.29,26.9,50.32,11.07,41.21,3.32,53.68,13.01,45.71,2.62,56.92,52.24,20.88,52.31,11.5,33.2,2.68,50.85,12.32,63.9,3.67,51.05,49.94,19.96,48.33,10.63,68.31,5.51,54.99,13.32,41.01,2.35,51.78,48.74,19.48,34.41,7.57,48.88,3.94,34.14,8.27,58.1,3.34,42.6,44.46,17.77,48.33,10.63,59.59,4.81,58.83,14.25,51.09,2.93,50.39,37.0,14.79,46.34,10.19,50.85,4.1,47.58,11.53,40.24,2.31,42.92
202609270906,2026-09-27,09,6R,daily,67.29,26.9,46.34,10.19,57.5,4.64,50.0,12.11,50.0,2.87,56.71,52.24,20.88,38.39,8.44,38.55,3.11,50.0,12.11,50.0,2.87,47.42,49.94,19.96,44.35,9.75,35.38,2.85,50.0,12.11,50.0,2.87,47.56,48.74,19.48,68.21,15.0,40.01,3.23,50.0,12.11,50.0,2.87,52.7,44.46,17.77,54.3,11.94,49.64,4.0,50.0,12.11,50.0,2.87,48.7,37.0,14.79,34.41,7.57,65.31,5.27,50.0,12.11,50.0,2.87,42.61
202609270906,2026-09-27,09,6R,realtime,67.29,26.9,46.34,10.19,57.5,4.64,66.89,16.2,38.61,2.22,60.15,52.24,20.88,38.39,8.44,38.55,3.11,25.6,6.2,61.65,3.54,42.17,49.94,19.96,44.35,9.75,35.38,2.85,46.73,11.32,43.32,2.49,46.38,48.74,19.48,68.21,15.0,40.01,3.23,52.79,12.79,61.02,3.5,54.01,44.46,17.77,54.3,11.94,49.64,4.0,49.73,12.05,53.13,3.05,48.81,37.0,14.79,34.41,7.57,65.31,5.27,58.36,14.14,42.34,2.43,44.2
202609270907,2026-09-27,09,7R,daily,67.29,26.9,52.31,11.5,61.17,4.93,50.0,12.11,50.0,2.87,58.32,52.24,20.88,42.37,9.32,45.21,3.65,50.0,12.11,50.0,2.87,48.83,49.94,19.96,46.34,10.19,48.83,3.94,50.0,12.11,50.0,2.87,49.08,48.74,19.48,50.32,11.07,51.98,4.19,50.0,12.11,50.0,2.87,49.73,44.46,17.77,78.16,17.19,59.86,4.83,50.0,12.11,50.0,2.87,54.77,37.0,14.79,36.4,8.01,50.55,4.08,50.0,12.11,50.0,2.87,41.86
202609270907,2026-09-27,09,7R,realtime,67.29,26.9,52.31,11.5,61.17,4.93,52.07,12.62,38.61,2.22,58.17,52.24,20.88,42.37,9.32,45.21,3.65,44.21,10.71,61.65,3.54,48.09,49.94,19.96,46.34,10.19,48.83,3.94,37.94,9.19,43.32,2.49,45.77,48.74,19.48,50.32,11.07,51.98,4.19,51.59,12.5,61.02,3.5,50.74,44.46,17.77,78.16,17.19,59.86,4.83,63.07,15.28,53.13,3.05,58.12,37.0,14.79,36.4,8.01,50.55,4.08,51.19,12.4,42.34,2.43,41.71
202609270908,2026-09-27,09,8R,daily,67.29,26.9,44.35,9.75,35.36,2.85,50.0,12.11,50.0,2.87,54.49,52.24,20.88,44.35,9.75,42.15,3.4,50.0,12.11,50.0,2.87,49.02,49.94,19.96,46.34,10.19,38.73,3.12,50.0,12.11,50.0,2.87,48.26,48.74,19.48,50.32,11.07,53.53,4.32,50.0,12.11,50.0,2.87,49.85,44.46,17.77,56.28,12.38,31.6,2.55,50.0,12.11,50.0,2.87,47.68,37.0,14.79,48.33,10.63,54.09,4.36,50.0,12.11,50.0,2.87,44.77
202609270908,2026-09-27,09,8R,realtime,67.29,26.9,44.35,9.75,35.36,2.85,62.25,15.08,38.61,2.22,56.8,52.24,20.88,44.35,9.75,42.15,3.4,40.86,9.9,61.65,3.54,47.47,49.94,19.96,46.34,10.19,38.73,3.12,56.48,13.68,43.32,2.49,49.45,48.74,19.48,50.32,11.07,53.53,4.32,51.59,12.5,61.02,3.5,50.87,44.46,17.77,56.28,12.38,31.6,2.55,37.47,9.08,53.13,3.05,44.83,37.0,14.79,48.33,10.63,54.09,4.36,51.45,12.46,42.34,2.43,44.68
202609270909,2026-09-27,09,9R,daily,67.29,26.9,56.28,12.38,50.86,4.1,50.0,12.11,50.0,2.87,58.36,52.24,20.88,44.35,9.75,65.45,5.28,50.0,12.11,50.0,2.87,50.9,49.94,19.96,44.35,9.75,57.77,4.66,50.0,12.11,50.0,2.87,49.36,48.74,19.48,52.31,11.5,49.26,3.97,50.0,12.11,50.0,2.87,49.94,44.46,17.77,44.35,9.75,48.45,3.91,50.0,12.11,50.0,2.87,46.42,37.0,14.79,34.41,7.57,54.69,4.41,50.0,12.11,50.0,2.87,41.75
202609270909,2026-09-27,09,9R,realtime,67.29,26.9,56.28,12.38,50.86,4.1,45.32,10.98,41.28,2.37,56.73,52.24,20.88,44.35,9.75,65.45,5.28,65.13,15.78,63.61,3.65,55.35,49.94,19.96,44.35,9.75,57.77,4.66,43.55,10.55,39.41,2.26,47.19,48.74,19.48,52.31,11.5,49.26,3.97,44.44,10.77,60.81,3.49,49.22,44.46,17.77,44.35,9.75,48.45,3.91,64.77,15.69,52.12,2.99,50.12,37.0,14.79,34.41,7.57,54.69,4.41,36.86,8.93,42.84,2.46,38.16
202609270910,2026-09-27,09,10R,daily,67.29,26.9,62.25,13.69,56.67,4.57,50.0,12.11,50.0,2.87,60.14,52.24,20.88,70.2,15.44,59.36,4.79,50.0,12.11,50.0,2.87,56.09,49.94,19.96,54.3,11.94,49.64,4.0,50.0,12.11,50.0,2.87,50.89,48.74,19.48,50.32,11.07,54.6,4.4,50.0,12.11,50.0,2.87,49.94,44.46,17.77,48.33,10.63,57.33,4.62,50.0,12.11,50.0,2.87,48.01,37.0,14.79,50.32,11.07,41.21,3.32,50.0,12.11,50.0,2.87,44.17
202609270910,2026-09-27,09,10R,realtime,67.29,26.9,62.25,13.69,56.67,4.57,47.02,11.39,53.27,3.06,59.61,52.24,20.88,70.2,15.44,59.36,4.79,53.83,13.04,57.23,3.29,57.43,49.94,19.96,54.3,11.94,49.64,4.0,57.77,14.0,31.73,1.82,51.73,48.74,19.48,50.32,11.07,54.6,4.4,55.94,13.55,45.73,2.63,51.13,44.46,17.77,48.33,10.63,57.33,4.62,28.32,6.86,61.21,3.51,43.4,37.0,14.79,50.32,11.07,41.21,3.32,57.2,13.86,50.91,2.92,45.96
202609270911,2026-09-27,09,11R,daily,67.29,26.9,48.33,10.63,59.59,4.81,50.0,12.11,50.0,2.87,57.32,52.24,20.88,68.21,15.0,40.01,3.23,50.0,12.11,50.0,2.87,54.09,49.94,19.96,50.32,11.07,51.98,4.19,50.0,12.11,50.0,2.87,50.21,48.74,19.48,48.33,10.63,68.31,5.51,50.0,12.11,50.0,2.87,50.61,44.46,17.77,46.34,10.19,57.5,4.64,50.0,12.11,50.0,2.87,47.59,37.0,14.79,52.31,11.5,61.17,4.93,50.0,12.11,50.0,2.87,46.21
202609270911,2026-09-27,09,11R,realtime,67.29,26.9,48.33,10.63,59.59,4.81,64.2,15.55,53.27,3.06,60.94,52.24,20.88,68.21,15.0,40.01,3.23,50.1,12.14,57.23,3.29,54.53,49.94,19.96,50.32,11.07,51.98,4.19,54.02,13.09,31.73,1.82,50.13,48.74,19.48,48.33,10.63,68.31,5.51,37.81,9.16,45.73,2.63,47.41,44.46,17.77,46.34,10.19,57.5,4.64,45.43,11.01,61.21,3.51,47.12,37.0,14.79,52.31,11.5,61.17,4.93,48.51,11.75,50.91,2.92,45.9
202609270912,2026-09-27,09,12R,daily,67.29,26.9,78.16,17.19,59.86,4.83,50.0,12.11,50.0,2.87,63.9,52.24,20.88,50.32,11.07,53.53,4.32,50.0,12.11,50.0,2.87,51.25,49.94,19.96,50.32,11.07,51.11,4.12,50.0,12.11,50.0,2.87,50.14,48.74,19.48,52.31,11.5,33.2,2.68,50.0,12.11,50.0,2.87,48.65,44.46,17.77,48.33,10.63,45.68,3.68,50.0,12.11,50.0,2.87,47.07,37.0,14.79,42.37,9.32,49.24,3.97,50.0,12.11,50.0,2.87,43.06
202609270912,2026-09-27,09,12R,realtime,67.29,26.9,78.16,17.19,59.86,4.83,74.2,17.98,53.27,3.06,69.95,52.24,20.88,50.32,11.07,53.53,4.32,64.72,15.68,57.23,3.29,55.23,49.94,19.96,50.32,11.07,51.11,4.12,53.45,12.95,31.73,1.82,49.92,48.74,19.48,52.31,11.5,33.2,2.68,39.69,9.62,45.73,2.63,45.91,44.46,17.77,48.33,10.63,45.68,3.68,33.5,8.12,61.21,3.51,43.72,37.0,14.79,42.37,9.32,49.24,3.97,34.5,8.36,50.91,2.92,39.36
202609271101,2026-09-27,11,1R,daily,68.13,28.67,44.08,9.59,43.56,4.29,50.0,9.74,50.0,3.42,55.71,51.22,21.56,52.02,11.32,49.36,4.86,50.0,9.74,50.0,3.42,50.89,51.69,21.75,48.05,10.45,60.15,5.93,50.0,9.74,50.0,3.42,51.29,48.72,20.5,46.07,10.02,64.18,6.32,50.0,9.74,50.0,3.42,50.0,43.15,18.16,46.07,10.02,54.83,5.4,50.0,9.74,50.0,3.42,46.74,37.34,15.72,46.07,10.02,33.97,3.35,50.0,9.74,50.0,3.42,42.24
202609271101,2026-09-27,11,1R,realtime,68.13,28.67,44.08,9.59,43.56,4.29,62.81,12.23,66.88,4.57,59.36,51.22,21.56,52.02,11.32,49.36,4.86,61.27,11.93,34.77,2.38,52.04,37.34,15.72,48.05,10.45,60.15,5.93,49.74,9.69,47.76,3.26,45.04,51.69,21.75,46.07,10.02,64.18,6.32,43.45,8.46,65.79,4.5,51.06,48.72,20.5,46.07,10.02,54.83,5.4,38.82,7.56,37.63,2.57,46.06,43.15,18.16,46.07,10.02,33.97,3.35,43.92,8.55,47.05,3.22,43.3
202609271102,2026-09-27,11,2R,daily,68.13,28.67,69.88,15.2,45.12,4.45,50.0,9.74,50.0,3.42,61.47,51.22,21.56,46.07,10.02,46.94,4.63,50.0,9.74,50.0,3.42,49.36,51.69,21.75,38.13,8.3,44.32,4.37,50.0,9.74,50.0,3.42,47.57,48.72,20.5,44.08,9.59,46.01,4.53,50.0,9.74,50.0,3.42,47.78,43.15,18.16,44.08,9.59,53.99,5.32,50.0,9.74,50.0,3.42,46.22,37.34,15.72,55.99,12.18,60.18,5.93,50.0,9.74,50.0,3.42,46.98
202609271102,2026-09-27,11,2R,realtime,68.13,28.67,69.88,15.2,45.12,4.45,62.8,12.23,66.88,4.57,65.12,51.22,21.56,46.07,10.02,46.94,4.63,37.59,7.32,34.77,2.38,45.9,51.69,21.75,38.13,8.3,44.32,4.37,44.94,8.75,65.79,4.5,47.66,48.72,20.5,44.08,9.59,46.01,4.53,47.04,9.16,37.63,2.57,46.36,43.15,18.16,44.08,9.59,53.99,5.32,45.9,8.94,47.05,3.22,45.22,37.34,15.72,55.99,12.18,60.18,5.93,61.75,12.02,47.76,3.26,49.11
202609271103,2026-09-27,11,3R,daily,68.13,28.67,52.02,11.32,46.66,4.6,50.0,9.74,50.0,3.42,57.74,51.22,21.56,50.03,10.89,41.29,4.07,50.0,9.74,50.0,3.42,49.66,51.69,21.75,46.07,10.02,42.34,4.17,50.0,9.74,50.0,3.42,49.1,48.72,20.5,46.07,10.02,38.21,3.76,50.0,9.74,50.0,3.42,47.44,43.15,18.16,44.08,9.59,60.9,6.0,50.0,9.74,50.0,3.42,46.9,37.34,15.72,46.07,10.02,50.72,5.0,50.0,9.74,50.0,3.42,43.89
202609271103,2026-09-27,11,3R,realtime,68.13,28.67,52.02,11.32,46.66,4.6,55.74,10.85,67.36,4.6,60.04,51.22,21.56,50.03,10.89,41.29,4.07,63.94,12.45,36.2,2.47,51.43,51.69,21.75,46.07,10.02,42.34,4.17,57.16,11.13,62.21,4.25,51.33,48.72,20.5,46.07,10.02,38.21,3.77,27.89,5.43,40.52,2.77,42.49,43.15,18.16,44.08,9.59,60.9,6.0,51.98,10.12,47.19,3.22,47.1,37.34,15.72,46.07,10.02,50.72,5.0,43.27,8.43,46.4,3.17,42.33
202609271104,2026-09-27,11,4R,daily,68.13,28.67,57.97,12.61,46.07,4.54,50.0,9.74,50.0,3.42,58.98,51.22,21.56,48.05,10.45,49.61,4.89,50.0,9.74,50.0,3.42,50.05,51.69,21.75,46.07,10.02,45.57,4.49,50.0,9.74,50.0,3.42,49.42,48.72,20.5,44.08,9.59,46.17,4.55,50.0,9.74,50.0,3.42,47.8,43.15,18.16,46.07,10.02,49.45,4.87,50.0,9.74,50.0,3.42,46.21,37.34,15.72,46.07,10.02,63.08,6.22,50.0,9.74,50.0,3.42,45.11
202609271104,2026-09-27,11,4R,realtime,68.13,28.67,57.97,12.61,46.07,4.54,67.35,13.12,67.36,4.6,63.54,51.22,21.56,48.05,10.45,49.61,4.89,47.76,9.3,36.2,2.47,48.67,51.69,21.75,46.07,10.02,45.57,4.49,32.7,6.37,62.21,4.25,46.88,48.72,20.5,44.08,9.59,46.17,4.55,43.29,8.43,40.52,2.77,45.84,43.15,18.16,46.07,10.02,49.45,4.87,51.25,9.98,47.19,3.22,46.26,37.34,15.72,46.07,10.02,63.08,6.22,57.67,11.23,46.4,3.17,46.35
202609271105,2026-09-27,11,5R,daily,68.13,28.67,46.07,10.02,60.37,5.95,50.0,9.74,50.0,3.42,57.8,51.22,21.56,46.07,10.02,47.89,4.72,50.0,9.74,50.0,3.42,49.45,51.69,21.75,50.03,10.89,46.55,4.59,50.0,9.74,50.0,3.42,50.38,48.72,20.5,40.11,8.73,53.88,5.31,50.0,9.74,50.0,3.42,47.69,43.15,18.16,54.0,11.75,53.51,5.27,50.0,9.74,50.0,3.42,48.33,37.34,15.72,50.03,10.89,44.35,4.37,50.0,9.74,50.0,3.42,44.12
202609271105,2026-09-27,11,5R,realtime,68.13,28.67,46.07,10.02,60.37,5.95,66.38,12.93,67.36,4.6,62.17,51.22,21.56,46.07,10.02,47.89,4.72,64.33,12.53,36.2,2.47,51.3,51.69,21.75,50.03,10.89,46.55,4.59,59.61,11.61,62.21,4.25,53.09,48.72,20.5,40.11,8.73,53.88,5.31,47.29,9.21,40.52,2.77,46.52,43.15,18.16,54.0,11.75,53.51,5.27,22.84,4.45,47.19,3.22,42.85,37.34,15.72,50.03,10.89,44.35,4.37,39.55,7.7,46.4,3.17,41.84
202609271106,2026-09-27,11,6R,daily,68.13,28.67,57.97,12.61,51.87,5.11,50.0,9.74,50.0,3.42,59.55,51.22,21.56,44.08,9.59,63.72,6.28,50.0,9.74,50.0,3.42,50.58,51.69,21.75,44.08,9.59,46.77,4.61,50.0,9.74,50.0,3.42,49.11,48.72,20.5,44.08,9.59,46.47,4.58,50.0,9.74,50.0,3.42,47.83,43.15,18.16,46.07,10.02,64.18,6.32,50.0,9.74,50.0,3.42,47.66,37.34,15.72,38.13,8.3,44.32,4.37,50.0,9.74,50.0,3.42,41.53
202609271106,2026-09-27,11,6R,realtime,68.13,28.67,57.97,12.61,51.87,5.11,50.89,9.91,66.85,4.57,60.87,51.22,21.56,44.08,9.59,63.72,6.28,50.04,9.74,40.42,2.76,49.93,51.69,21.75,44.08,9.59,46.77,4.61,59.16,11.52,64.03,4.38,51.85,48.72,20.5,44.08,9.59,46.47,4.58,54.61,10.63,43.18,2.95,48.26,43.15,18.16,46.07,10.02,64.18,6.32,44.49,8.66,44.66,3.05,46.22,37.34,15.72,38.13,8.3,44.32,4.37,40.82,7.95,40.74,2.78,39.11
202609271107,2026-09-27,11,7R,daily,68.13,28.67,52.02,11.32,57.47,5.66,50.0,9.74,50.0,3.42,58.81,51.22,21.56,46.07,10.02,42.34,4.17,50.0,9.74,50.0,3.42,48.9,51.69,21.75,44.08,9.59,46.01,4.53,50.0,9.74,50.0,3.42,49.03,48.72,20.5,48.05,10.45,60.15,5.93,50.0,9.74,50.0,3.42,50.04,43.15,18.16,46.07,10.02,40.89,4.03,50.0,9.74,50.0,3.42,45.36,37.34,15.72,44.08,9.59,43.56,4.29,50.0,9.74,50.0,3.42,42.75
202609271107,2026-09-27,11,7R,realtime,68.13,28.67,52.02,11.32,57.47,5.66,62.17,12.11,67.85,4.64,62.4,51.22,21.56,46.07,10.02,42.34,4.17,45.93,8.94,37.62,2.57,47.26,51.69,21.75,44.08,9.59,46.01,4.53,50.35,9.8,58.63,4.01,49.69,48.72,20.5,48.05,10.45,60.15,5.93,43.86,8.54,43.42,2.97,48.39,43.15,18.16,46.07,10.02,40.89,4.03,39.86,7.76,47.32,3.23,43.21,37.34,15.72,44.08,9.59,43.56,4.29,57.84,11.26,45.04,3.08,43.94
202609271108,2026-09-27,11,8R,daily,68.13,28.67,52.02,11.32,62.31,6.14,50.0,9.74,50.0,3.42,59.28,51.22,21.56,44.08,9.59,53.99,5.32,50.0,9.74,50.0,3.42,49.62,51.69,21.75,46.07,10.02,54.83,5.4,50.0,9.74,50.0,3.42,50.33,48.72,20.5,46.07,10.02,49.45,4.87,50.0,9.74,50.0,3.42,48.55,43.15,18.16,46.07,10.02,46.94,4.63,50.0,9.74,50.0,3.42,45.96,37.34,15.72,48.05,10.45,49.61,4.89,50.0,9.74,50.0,3.42,44.21
202609271108,2026-09-27,11,8R,realtime,68.13,28.67,52.02,11.32,62.31,6.14,73.4,14.29,38.31,2.62,63.04,51.22,21.56,44.08,9.59,53.99,5.32,32.89,6.41,61.62,4.21,47.08,51.69,21.75,46.07,10.02,54.83,5.4,50.63,9.86,57.35,3.92,50.96,48.72,20.5,46.07,10.02,49.45,4.87,49.65,9.67,40.73,2.78,47.85,43.15,18.16,46.07,10.02,46.94,4.63,41.99,8.18,50.37,3.44,44.42,37.34,15.72,48.05,10.45,49.61,4.89,51.44,10.02,51.49,3.52,44.59
202609271109,2026-09-27,11,9R,daily,68.13,28.67,50.03,10.89,46.55,4.59,50.0,9.74,50.0,3.42,57.3,51.22,21.56,44.08,9.59,46.17,4.55,50.0,9.74,50.0,3.42,48.85,51.69,21.75,50.03,10.89,44.35,4.37,50.0,9.74,50.0,3.42,50.16,48.72,20.5,46.07,10.02,45.57,4.49,50.0,9.74,50.0,3.42,48.17,43.15,18.16,46.07,10.02,55.4,5.46,50.0,9.74,50.0,3.42,46.79,37.34,15.72,46.07,10.02,38.21,3.76,50.0,9.74,50.0,3.42,42.65
202609271109,2026-09-27,11,9R,realtime,68.13,28.67,50.03,10.89,46.55,4.59,71.78,13.98,37.79,2.58,60.71,51.22,21.56,44.08,9.59,46.17,4.55,49.44,9.63,65.84,4.5,49.82,51.69,21.75,50.03,10.89,44.35,4.37,59.96,11.68,59.18,4.04,52.73,48.72,20.5,46.07,10.02,45.57,4.49,43.08,8.39,43.39,2.96,46.37,43.15,18.16,46.07,10.02,55.4,5.46,39.15,7.62,47.83,3.27,44.53,37.34,15.72,46.07,10.02,38.21,3.77,36.58,7.12,45.84,3.13,39.76
202609271110,2026-09-27,11,10R,daily,68.13,28.67,46.07,10.02,63.08,6.22,50.0,9.74,50.0,3.42,58.06,51.22,21.56,52.02,11.32,46.66,4.6,50.0,9.74,50.0,3.42,50.62,51.69,21.75,52.02,11.32,49.36,4.86,50.0,9.74,50.0,3.42,51.09,48.72,20.5,57.97,12.61,51.87,5.11,50.0,9.74,50.0,3.42,51.38,43.15,18.16,69.88,15.2,45.12,4.45,50.0,9.74,50.0,3.42,50.96,37.34,15.72,46.07,10.02,47.89,4.72,50.0,9.74,50.0,3.42,43.61
202609271110,2026-09-27,11,10R,realtime,68.13,28.67,46.07,10.02,63.08,6.22,76.6,14.92,37.82,2.58,62.41,51.22,21.56,52.02,11.32,46.66,4.6,46.51,9.06,60.19,4.11,50.64,51.69,21.75,52.02,11.32,49.36,4.86,41.48,8.08,60.93,4.16,50.18,48.72,20.5,57.97,12.61,51.87,5.11,41.48,8.08,37.83,2.58,48.89,43.15,18.16,69.88,15.2,45.12,4.45,40.4,7.87,50.23,3.43,49.11,37.34,15.72,46.07,10.02,47.89,4.72,53.51,10.42,52.85,3.61,44.49
202609271111,2026-09-27,11,11R,daily,68.13,28.67,55.99,12.18,60.18,5.93,50.0,9.74,50.0,3.42,59.94,51.22,21.56,46.07,10.02,60.37,5.95,50.0,9.74,50.0,3.42,50.68,51.69,21.75,57.97,12.61,46.07,4.54,50.0,9.74,50.0,3.42,52.06,48.72,20.5,52.02,11.32,57.47,5.66,50.0,9.74,50.0,3.42,50.64,43.15,18.16,50.03,10.89,41.29,4.07,50.0,9.74,50.0,3.42,46.27,37.34,15.72,44.08,9.59,46.47,4.58,50.0,9.74,50.0,3.42,43.04
202609271111,2026-09-27,11,11R,realtime,68.13,28.67,55.99,12.18,60.18,5.93,67.75,13.19,37.82,2.58,62.56,51.22,21.56,46.07,10.02,60.37,5.95,40.8,7.95,60.19,4.11,49.58,51.69,21.75,57.97,12.61,46.07,4.54,49.22,9.58,60.93,4.16,52.65,48.72,20.5,52.02,11.32,57.47,5.66,44.05,8.58,37.83,2.58,48.65,43.15,18.16,50.03,10.89,41.29,4.07,54.75,10.66,50.23,3.43,47.21,37.34,15.72,44.08,9.59,46.47,4.58,43.43,8.46,52.85,3.61,41.95
202609271112,2026-09-27,11,12R,daily,68.13,28.67,57.97,12.61,62.42,6.15,50.0,9.74,50.0,3.42,60.59,51.22,21.56,65.91,14.34,66.19,6.52,50.0,9.74,50.0,3.42,55.57,51.69,21.75,54.0,11.75,56.86,5.6,50.0,9.74,50.0,3.42,52.26,48.72,20.5,73.84,16.07,63.38,6.25,50.0,9.74,50.0,3.42,55.97,43.15,18.16,79.8,17.36,66.74,6.58,50.0,9.74,50.0,3.42,55.25,37.34,15.72,52.02,11.32,66.31,6.53,50.0,9.74,50.0,3.42,46.72
202609271112,2026-09-27,11,12R,realtime,68.13,28.67,57.97,12.61,62.42,6.15,60.92,11.86,37.82,2.58,61.88,51.22,21.56,65.91,14.34,66.19,6.52,50.31,9.8,60.19,4.11,56.33,51.69,21.75,54.0,11.75,56.86,5.6,49.7,9.68,60.93,4.16,52.95,48.72,20.5,73.84,16.07,63.38,6.25,49.18,9.58,37.83,2.58,54.98,43.15,18.16,79.8,17.36,66.74,6.58,31.4,6.11,50.23,3.43,51.64,37.34,15.72,52.02,11.32,66.31,6.53,58.5,11.39,52.85,3.61,48.57
202609271301,2026-09-27,13,1R,daily,69.29,27.07,45.85,9.73,46.57,4.56,50.0,12.01,50.0,2.96,56.32,51.43,20.09,42.2,8.95,51.48,5.04,50.0,12.01,50.0,2.96,49.05,52.22,20.4,47.68,10.11,38.64,3.78,50.0,12.01,50.0,2.96,49.26,48.19,18.83,45.85,9.73,40.06,3.92,50.0,12.01,50.0,2.96,47.44,42.82,16.73,44.03,9.34,51.15,5.0,50.0,12.01,50.0,2.96,46.04,36.43,14.23,44.03,9.34,50.83,4.97,50.0,12.01,50.0,2.96,43.51
202609271301,2026-09-27,13,1R,realtime,69.29,27.07,45.85,9.73,46.57,4.56,69.05,16.58,65.16,3.86,61.79,51.43,20.09,42.2,8.95,51.48,5.04,31.76,7.63,46.22,2.74,44.44,52.22,20.4,47.68,10.11,38.64,3.78,43.01,10.33,34.81,2.06,46.68,48.19,18.83,45.85,9.73,40.06,3.92,44.93,10.79,46.7,2.76,46.03,42.82,16.73,44.03,9.34,51.15,5.0,55.29,13.28,60.21,3.56,47.92,36.43,14.23,44.03,9.34,50.83,4.97,55.91,13.43,46.81,2.77,44.74
202609271302,2026-09-27,13,2R,daily,69.29,27.07,33.07,7.02,40.08,3.92,50.0,12.01,50.0,2.96,52.98,51.43,20.09,49.5,10.5,53.1,5.19,50.0,12.01,50.0,2.96,50.76,52.22,20.4,49.5,10.5,45.32,4.43,50.0,12.01,50.0,2.96,50.3,48.19,18.83,51.33,10.89,47.66,4.66,50.0,12.01,50.0,2.96,49.35,42.82,16.73,34.9,7.4,46.33,4.53,50.0,12.01,50.0,2.96,43.63,36.43,14.23,44.03,9.34,52.94,5.18,50.0,12.01,50.0,2.96,43.72
202609271302,2026-09-27,13,2R,realtime,69.29,27.07,33.07,7.02,40.08,3.92,51.7,12.42,79.02,4.68,55.1,51.43,20.09,49.5,10.5,53.1,5.2,35.45,8.51,34.12,2.02,46.32,52.22,20.4,49.5,10.5,45.32,4.43,55.12,13.24,30.26,1.79,50.37,48.19,18.83,51.33,10.89,47.66,4.66,67.35,16.17,36.88,2.18,52.74,42.82,16.73,34.9,7.4,46.33,4.53,52.21,12.54,64.22,3.8,45.01,36.43,14.23,44.03,9.34,52.94,5.18,38.14,9.16,55.39,3.28,41.19
202609271303,2026-09-27,13,3R,daily,69.29,27.07,45.85,9.73,69.29,6.78,50.0,12.01,50.0,2.96,58.54,51.43,20.09,47.68,10.11,48.44,4.74,50.0,12.01,50.0,2.96,49.91,52.22,20.4,51.33,10.89,32.32,3.16,50.0,12.01,50.0,2.96,49.42,48.19,18.83,40.38,8.57,51.29,5.02,50.0,12.01,50.0,2.96,47.38,42.82,16.73,86.01,18.25,48.06,4.7,50.0,12.01,50.0,2.96,54.65,36.43,14.23,40.38,8.57,58.41,5.71,50.0,12.01,50.0,2.96,43.48
202609271303,2026-09-27,13,3R,realtime,69.29,27.07,45.85,9.73,69.29,6.78,63.98,15.36,65.91,3.9,62.84,51.43,20.09,47.68,10.11,48.44,4.74,44.18,10.61,46.34,2.74,48.3,52.22,20.4,51.33,10.89,32.32,3.16,46.62,11.2,34.14,2.02,47.67,48.19,18.83,40.38,8.57,51.29,5.02,45.34,10.89,46.46,2.75,46.05,42.82,16.73,86.01,18.25,48.06,4.7,67.0,16.09,60.33,3.57,59.34,36.43,14.23,40.38,8.57,58.41,5.71,32.85,7.89,46.72,2.77,39.16
202609271304,2026-09-27,13,4R,daily,69.29,27.07,40.38,8.57,51.48,5.04,50.0,12.01,50.0,2.96,55.64,51.43,20.09,49.5,10.5,39.11,3.83,50.0,12.01,50.0,2.96,49.39,52.22,20.4,75.06,15.92,49.78,4.87,50.0,12.01,50.0,2.96,56.16,48.19,18.83,42.2,8.95,44.11,4.32,50.0,12.01,50.0,2.96,47.06,42.82,16.73,34.9,7.4,60.31,5.9,50.0,12.01,50.0,2.96,45.0,36.43,14.23,42.2,8.95,48.2,4.72,50.0,12.01,50.0,2.96,42.87
202609271304,2026-09-27,13,4R,realtime,69.29,27.07,40.38,8.57,51.48,5.04,55.92,13.43,65.66,3.89,57.99,52.22,20.4,49.5,10.5,39.11,3.83,56.5,13.57,34.36,2.03,50.33,48.19,18.83,75.06,15.92,49.78,4.87,61.78,14.84,46.54,2.76,57.21,42.82,16.73,42.2,8.95,44.11,4.32,38.45,9.23,60.29,3.57,42.8,36.43,14.23,34.9,7.4,60.31,5.9,48.01,11.53,46.75,2.77,41.83,51.43,20.09,42.2,8.95,48.2,4.72,39.3,9.44,46.3,2.74,45.94
202609271305,2026-09-27,13,5R,daily,69.29,27.07,47.68,10.11,40.53,3.96,50.0,12.01,50.0,2.96,56.12,51.43,20.09,42.2,8.95,62.08,6.07,50.0,12.01,50.0,2.96,50.09,52.22,20.4,71.41,15.15,43.29,4.24,50.0,12.01,50.0,2.96,54.75,48.19,18.83,45.85,9.73,74.66,7.3,50.0,12.01,50.0,2.96,50.83,42.82,16.73,45.85,9.73,46.57,4.56,50.0,12.01,50.0,2.96,45.98,36.43,14.23,47.68,10.11,60.96,5.96,50.0,12.01,50.0,2.96,45.28
202609271305,2026-09-27,13,5R,realtime,69.29,27.07,47.68,10.11,40.53,3.97,44.35,10.65,65.11,3.85,55.66,51.43,20.09,42.2,8.95,62.08,6.07,34.8,8.36,60.83,3.6,47.08,52.22,20.4,71.41,15.15,43.29,4.24,62.07,14.91,28.19,1.67,56.36,48.19,18.83,45.85,9.73,74.66,7.3,55.86,13.41,33.23,1.97,51.24,42.82,16.73,45.85,9.73,46.57,4.56,57.0,13.69,64.2,3.8,48.5,36.43,14.23,47.68,10.11,60.96,5.96,45.9,11.02,48.34,2.86,44.19
202609271306,2026-09-27,13,6R,daily,69.29,27.07,64.1,13.6,32.0,3.13,50.0,12.01,50.0,2.96,58.77,51.43,20.09,42.2,8.95,36.11,3.53,50.0,12.01,50.0,2.96,47.54,52.22,20.4,36.73,7.79,34.6,3.38,50.0,12.01,50.0,2.96,46.54,48.19,18.83,49.5,10.5,58.34,5.71,50.0,12.01,50.0,2.96,50.0,42.82,16.73,33.07,7.02,40.08,3.92,50.0,12.01,50.0,2.96,42.64,36.43,14.23,44.03,9.34,51.15,5.0,50.0,12.01,50.0,2.96,43.54
202609271306,2026-09-27,13,6R,realtime,69.29,27.07,64.1,13.6,32.0,3.13,64.43,15.47,63.79,3.78,63.05,51.43,20.09,42.2,8.95,36.11,3.53,48.28,11.6,44.55,2.64,46.81,52.22,20.4,36.73,7.79,34.6,3.39,35.02,8.41,34.24,2.03,42.01,48.19,18.83,49.5,10.5,58.34,5.71,59.03,14.18,45.74,2.71,51.92,42.82,16.73,33.07,7.02,40.08,3.92,33.27,7.99,58.87,3.48,39.14,36.43,14.23,44.03,9.34,51.15,5.0,59.94,14.4,52.72,3.12,46.09
202609271307,2026-09-27,13,7R,daily,69.29,27.07,45.85,9.73,43.51,4.26,50.0,12.01,50.0,2.96,56.02,51.43,20.09,47.68,10.11,45.14,4.42,50.0,12.01,50.0,2.96,49.59,52.22,20.4,42.2,8.95,51.48,5.04,50.0,12.01,50.0,2.96,49.36,48.19,18.83,44.03,9.34,46.01,4.5,50.0,12.01,50.0,2.96,47.64,42.82,16.73,45.85,9.73,48.14,4.71,50.0,12.01,50.0,2.96,46.13,36.43,14.23,36.73,7.79,57.23,5.6,50.0,12.01,50.0,2.96,42.59
202609271307,2026-09-27,13,7R,realtime,69.29,27.07,45.85,9.73,43.51,4.26,49.78,11.95,62.39,3.69,56.7,51.43,20.09,47.68,10.11,45.14,4.42,63.36,15.22,45.79,2.71,52.55,52.22,20.4,42.2,8.95,51.48,5.04,37.74,9.06,37.23,2.2,45.66,48.19,18.83,44.03,9.34,46.01,4.5,56.52,13.57,47.58,2.82,49.06,42.82,16.73,45.85,9.73,48.14,4.71,34.13,8.2,59.77,3.54,42.9,36.43,14.23,36.73,7.79,57.23,5.6,58.45,14.04,47.15,2.79,44.45
202609271308,2026-09-27,13,8R,daily,69.29,27.07,47.68,10.11,38.64,3.78,50.0,12.01,50.0,2.96,55.93,51.43,20.09,47.68,10.11,52.43,5.13,50.0,12.01,50.0,2.96,50.3,52.22,20.4,64.1,13.6,48.87,4.78,50.0,12.01,50.0,2.96,53.75,48.19,18.83,42.2,8.95,48.2,4.72,50.0,12.01,50.0,2.96,47.46,42.82,16.73,40.38,8.57,51.29,5.02,50.0,12.01,50.0,2.96,45.28,36.43,14.23,34.9,7.4,46.33,4.53,50.0,12.01,50.0,2.96,41.14
202609271308,2026-09-27,13,8R,realtime,69.29,27.07,47.68,10.11,38.64,3.78,64.23,15.43,61.58,3.65,60.04,52.22,20.4,47.68,10.11,52.43,5.13,45.46,10.92,31.28,1.85,48.41,48.19,18.83,64.1,13.6,48.87,4.78,69.15,16.61,34.35,2.03,55.85,51.43,20.09,42.2,8.95,48.2,4.72,39.91,9.58,60.28,3.57,46.91,42.82,16.73,40.38,8.57,51.29,5.02,37.9,9.1,63.64,3.77,43.18,36.43,14.23,34.9,7.4,46.33,4.53,43.31,10.4,48.78,2.89,39.46
202609271309,2026-09-27,13,9R,daily,69.29,27.07,47.68,10.11,44.56,4.36,50.0,12.01,50.0,2.96,56.51,51.43,20.09,44.03,9.34,50.83,4.97,50.0,12.01,50.0,2.96,49.37,52.22,20.4,49.5,10.5,34.29,3.35,50.0,12.01,50.0,2.96,49.22,48.19,18.83,34.9,7.4,60.31,5.9,50.0,12.01,50.0,2.96,47.1,42.82,16.73,49.5,10.5,43.0,4.21,50.0,12.01,50.0,2.96,46.41,36.43,14.23,51.33,10.89,47.66,4.66,50.0,12.01,50.0,2.96,44.75
202609271309,2026-09-27,13,9R,realtime,69.29,27.07,47.68,10.11,44.56,4.36,63.32,15.21,60.83,3.6,60.35,51.43,20.09,44.03,9.34,50.83,4.97,59.68,14.33,60.16,3.56,52.3,52.22,20.4,49.5,10.5,34.29,3.35,51.03,12.25,31.93,1.89,48.4,36.43,14.23,34.9,7.4,60.31,5.9,40.74,9.79,48.88,2.89,40.21,48.19,18.83,49.5,10.5,43.0,4.21,42.45,10.19,34.59,2.05,45.78,42.82,16.73,51.33,10.89,47.66,4.66,42.77,10.27,63.52,3.76,46.31
202609271310,2026-09-27,13,10R,daily,69.29,27.07,71.41,15.15,43.29,4.24,50.0,12.01,50.0,2.96,61.42,51.43,20.09,53.15,11.28,46.2,4.52,50.0,12.01,50.0,2.96,50.86,52.22,20.4,42.2,8.95,44.11,4.32,50.0,12.01,50.0,2.96,48.64,48.19,18.83,36.73,7.79,34.6,3.38,50.0,12.01,50.0,2.96,44.97,42.82,16.73,49.5,10.5,45.32,4.43,50.0,12.01,50.0,2.96,46.63,36.43,14.23,49.5,10.5,64.56,6.32,50.0,12.01,50.0,2.96,46.02
202609271310,2026-09-27,13,10R,realtime,69.29,27.07,71.41,15.15,43.29,4.24,70.96,17.04,59.82,3.54,67.04,51.43,20.09,53.15,11.28,46.2,4.52,56.03,13.46,60.0,3.55,52.89,52.22,20.4,42.2,8.95,44.11,4.32,41.72,10.02,32.82,1.94,45.63,48.19,18.83,36.73,7.79,34.6,3.39,34.42,8.27,34.91,2.07,40.34,42.82,16.73,49.5,10.5,45.32,4.43,47.19,11.33,63.36,3.75,46.75,36.43,14.23,49.5,10.5,64.56,6.32,49.65,11.92,49.0,2.9,45.87
202609271311,2026-09-27,13,11R,daily,69.29,27.07,75.06,15.92,49.78,4.87,50.0,12.01,50.0,2.96,62.83,51.43,20.09,45.85,9.73,40.06,3.92,50.0,12.01,50.0,2.96,48.71,52.22,20.4,49.5,10.5,53.1,5.19,50.0,12.01,50.0,2.96,51.06,48.19,18.83,44.03,9.34,50.59,4.95,50.0,12.01,50.0,2.96,48.08,42.82,16.73,64.1,13.6,32.0,3.13,50.0,12.01,50.0,2.96,48.43,36.43,14.23,42.2,8.95,62.08,6.07,50.0,12.01,50.0,2.96,44.23
202609271311,2026-09-27,13,11R,realtime,69.29,27.07,75.06,15.92,49.78,4.87,58.51,14.05,59.31,3.51,65.43,51.43,20.09,45.85,9.73,40.06,3.92,38.59,9.27,59.92,3.55,46.55,52.22,20.4,49.5,10.5,53.1,5.2,43.89,10.54,33.25,1.97,48.61,48.19,18.83,44.03,9.34,50.59,4.95,54.09,12.99,35.07,2.08,48.18,42.82,16.73,64.1,13.6,32.0,3.13,64.28,15.44,63.27,3.75,52.64,36.43,14.23,42.2,8.95,62.08,6.07,40.6,9.75,49.06,2.9,41.91
202609271312,2026-09-27,13,12R,daily,69.29,27.07,86.01,18.25,48.06,4.7,50.0,12.01,50.0,2.96,64.99,51.43,20.09,49.5,10.5,58.34,5.71,50.0,12.01,50.0,2.96,51.27,52.22,20.4,45.85,9.73,74.66,7.3,50.0,12.01,50.0,2.96,52.4,48.19,18.83,47.68,10.11,45.14,4.42,50.0,12.01,50.0,2.96,48.33,42.82,16.73,64.1,13.6,48.87,4.78,50.0,12.01,50.0,2.96,50.08,36.43,14.23,49.5,10.5,39.11,3.83,50.0,12.01,50.0,2.96,43.53
202609271312,2026-09-27,13,12R,realtime,69.29,27.07,86.01,18.25,48.06,4.7,60.12,14.44,59.07,3.5,67.95,51.43,20.09,49.5,10.5,58.34,5.71,53.74,12.91,59.88,3.54,52.75,52.22,20.4,45.85,9.73,74.66,7.3,34.66,8.32,33.48,1.98,47.74,48.19,18.83,47.68,10.11,45.14,4.42,48.35,11.61,35.15,2.08,47.05,42.82,16.73,64.1,13.6,48.87,4.78,63.31,15.2,63.23,3.74,54.06,36.43,14.23,49.5,10.5,39.11,3.83,39.79,9.56,49.09,2.91,41.02
202609271401,2026-09-27,14,1R,daily,69.21,25.5,52.84,10.75,52.35,5.25,50.0,11.52,50.0,4.87,57.89,52.7,19.42,43.91,8.94,60.23,6.04,50.0,11.52,50.0,4.87,50.78,52.59,19.38,38.54,7.84,35.03,3.51,50.0,11.52,50.0,4.87,47.12,48.06,17.71,45.69,9.3,52.57,5.27,50.0,11.52,50.0,4.87,48.67,43.84,16.15,36.75,7.48,51.97,5.21,50.0,11.52,50.0,4.87,45.23,34.9,12.86,45.69,9.3,51.57,5.17,50.0,11.52,50.0,4.87,43.72
202609271401,2026-09-27,14,1R,realtime,69.21,25.5,52.84,10.75,52.35,5.25,65.76,15.15,54.08,5.27,61.92,52.7,19.42,43.91,8.94,60.23,6.04,49.96,11.51,44.11,4.3,50.2,52.59,19.38,38.54,7.84,35.03,3.51,50.53,11.64,56.98,5.55,47.92,48.06,17.71,45.69,9.3,52.57,5.27,46.02,10.6,45.79,4.46,47.34,43.84,16.15,36.75,7.48,51.97,5.21,35.87,8.26,58.45,5.69,42.8,34.9,12.86,45.69,9.3,51.57,5.17,51.73,11.91,40.62,3.96,43.2
202609271402,2026-09-27,14,2R,daily,69.21,25.5,43.91,8.94,34.82,3.49,50.0,11.52,50.0,4.87,54.31,52.7,19.42,45.69,9.3,58.74,5.89,50.0,11.52,50.0,4.87,50.99,52.59,19.38,47.48,9.66,55.29,5.54,50.0,11.52,50.0,4.87,50.97,48.06,17.71,49.27,10.03,50.2,5.03,50.0,11.52,50.0,4.87,49.16,43.84,16.15,31.39,6.39,72.33,7.25,50.0,11.52,50.0,4.87,46.18,34.9,12.86,42.12,8.57,43.0,4.31,50.0,11.52,50.0,4.87,42.13
202609271402,2026-09-27,14,2R,realtime,69.21,25.5,43.91,8.94,34.82,3.49,63.96,14.73,51.02,4.97,57.63,52.7,19.42,45.69,9.3,58.74,5.89,43.67,10.06,41.01,4.0,48.66,52.59,19.38,47.48,9.66,55.29,5.54,53.92,12.42,57.89,5.64,52.64,48.06,17.71,49.27,10.03,50.2,5.03,57.12,13.16,50.7,4.94,50.86,34.9,12.86,31.39,6.39,72.33,7.25,45.04,10.37,40.6,3.96,40.83,43.84,16.15,42.12,8.57,43.0,4.31,36.16,8.33,58.81,5.73,43.1
202609271403,2026-09-27,14,3R,daily,69.21,25.5,51.06,10.39,58.18,5.83,50.0,11.52,50.0,4.87,58.11,52.7,19.42,49.27,10.03,44.23,4.44,50.0,11.52,50.0,4.87,50.27,52.59,19.38,49.27,10.03,34.17,3.43,50.0,11.52,50.0,4.87,49.22,48.06,17.71,43.91,8.94,59.57,5.97,50.0,11.52,50.0,4.87,49.01,43.84,16.15,43.91,8.94,65.94,6.61,50.0,11.52,50.0,4.87,48.09,34.9,12.86,31.39,6.39,63.06,6.32,50.0,11.52,50.0,4.87,41.96
202609271403,2026-09-27,14,3R,realtime,69.21,25.5,51.06,10.39,58.18,5.83,57.44,13.23,49.79,4.85,59.8,52.7,19.42,49.27,10.03,44.23,4.44,51.62,11.89,50.26,4.9,50.67,52.59,19.38,49.27,10.03,34.17,3.43,38.86,8.95,58.56,5.71,47.49,48.06,17.71,43.91,8.94,59.57,5.97,52.42,12.07,38.6,3.76,48.45,43.84,16.15,43.91,8.94,65.94,6.61,64.01,14.74,60.31,5.88,52.32,34.9,12.86,31.39,6.39,63.06,6.32,35.5,8.18,42.51,4.14,37.89
202609271404,2026-09-27,14,4R,daily,69.21,25.5,43.91,8.94,32.14,3.22,50.0,11.52,50.0,4.87,54.05,52.7,19.42,45.69,9.3,49.15,4.93,50.0,11.52,50.0,4.87,50.03,52.59,19.38,43.91,8.94,37.66,3.78,50.0,11.52,50.0,4.87,48.48,48.06,17.71,47.48,9.66,60.5,6.07,50.0,11.52,50.0,4.87,49.83,43.84,16.15,51.06,10.39,49.91,5.0,50.0,11.52,50.0,4.87,47.94,34.9,12.86,42.12,8.57,43.9,4.4,50.0,11.52,50.0,4.87,42.22
202609271404,2026-09-27,14,4R,realtime,69.21,25.5,43.91,8.94,32.14,3.22,48.66,11.21,49.79,4.85,53.72,52.7,19.42,45.69,9.3,49.15,4.93,39.31,9.05,50.26,4.9,47.6,52.59,19.38,43.91,8.94,37.66,3.78,38.13,8.78,58.56,5.71,46.58,48.06,17.71,47.48,9.66,60.5,6.07,62.14,14.31,38.6,3.76,51.51,43.84,16.15,51.06,10.39,49.91,5.0,70.12,16.15,60.31,5.88,53.58,34.9,12.86,42.12,8.57,43.9,4.4,41.5,9.56,42.51,4.14,39.53
202609271405,2026-09-27,14,5R,daily,69.21,25.5,60.0,12.21,51.17,5.13,50.0,11.52,50.0,4.87,59.23,52.7,19.42,45.69,9.3,42.73,4.28,50.0,11.52,50.0,4.87,49.39,52.59,19.38,45.69,9.3,60.2,6.04,50.0,11.52,50.0,4.87,51.1,48.06,17.71,51.06,10.39,55.14,5.53,50.0,11.52,50.0,4.87,50.02,43.84,16.15,54.63,11.12,36.85,3.69,50.0,11.52,50.0,4.87,47.36,34.9,12.86,34.97,7.12,49.66,4.98,50.0,11.52,50.0,4.87,41.34
202609271405,2026-09-27,14,5R,realtime,69.21,25.5,60.0,12.21,51.17,5.13,54.39,12.53,54.82,5.34,60.71,52.7,19.42,45.69,9.3,42.73,4.28,37.78,8.7,44.11,4.3,46.0,52.59,19.38,45.69,9.3,60.2,6.04,33.78,7.78,55.65,5.42,47.92,48.06,17.71,51.06,10.39,55.14,5.53,56.07,12.91,43.06,4.2,50.74,43.84,16.15,54.63,11.12,36.85,3.7,49.84,11.48,59.1,5.76,48.2,34.9,12.86,34.97,7.12,49.66,4.98,67.98,15.66,43.29,4.22,44.83
202609271406,2026-09-27,14,6R,daily,69.21,25.5,43.91,8.94,56.17,5.63,50.0,11.52,50.0,4.87,56.46,52.7,19.42,45.69,9.3,57.95,5.81,50.0,11.52,50.0,4.87,50.91,52.59,19.38,49.27,10.03,56.58,5.67,50.0,11.52,50.0,4.87,51.46,48.06,17.71,36.75,7.48,51.97,5.21,50.0,11.52,50.0,4.87,46.79,43.84,16.15,42.12,8.57,50.66,5.08,50.0,11.52,50.0,4.87,46.19,34.9,12.86,31.39,6.39,72.33,7.25,50.0,11.52,50.0,4.87,42.89
202609271406,2026-09-27,14,6R,realtime,69.21,25.5,43.91,8.94,56.17,5.63,57.3,13.2,54.82,5.34,58.61,52.7,19.42,45.69,9.3,57.95,5.81,45.54,10.49,44.11,4.3,49.31,52.59,19.38,49.27,10.03,56.58,5.67,66.11,15.23,55.65,5.42,55.73,48.06,17.71,36.75,7.48,51.97,5.21,55.79,12.85,43.06,4.2,47.44,43.84,16.15,42.12,8.57,50.66,5.08,35.55,8.19,59.1,5.76,43.75,34.9,12.86,31.39,6.39,72.33,7.25,39.55,9.11,43.29,4.22,39.83
202609271407,2026-09-27,14,7R,daily,69.21,25.5,43.91,8.94,47.93,4.81,50.0,11.52,50.0,4.87,55.63,52.7,19.42,47.48,9.66,45.0,4.51,50.0,11.52,50.0,4.87,49.98,52.59,19.38,63.57,12.94,67.87,6.81,50.0,11.52,50.0,4.87,55.51,48.06,17.71,47.48,9.66,55.29,5.54,50.0,11.52,50.0,4.87,49.3,43.84,16.15,47.48,9.66,42.68,4.28,50.0,11.52,50.0,4.87,46.49,34.9,12.86,40.33,8.21,53.24,5.34,50.0,11.52,50.0,4.87,42.79
202609271407,2026-09-27,14,7R,realtime,69.21,25.5,43.91,8.94,47.93,4.81,54.02,12.44,54.57,5.32,57.0,52.7,19.42,47.48,9.66,45.0,4.51,53.12,12.24,48.74,4.75,50.58,52.59,19.38,63.57,12.94,67.87,6.81,60.54,13.94,55.32,5.39,58.45,48.06,17.71,47.48,9.66,55.29,5.54,51.78,11.93,35.65,3.47,48.32,43.84,16.15,47.48,9.66,42.68,4.28,42.28,9.74,60.17,5.86,45.7,34.9,12.86,40.33,8.21,53.24,5.34,38.1,8.77,45.57,4.44,39.62
202609271408,2026-09-27,14,8R,daily,69.21,25.5,45.69,9.3,52.57,5.27,50.0,11.52,50.0,4.87,56.46,52.7,19.42,42.12,8.57,43.9,4.4,50.0,11.52,50.0,4.87,48.78,52.59,19.38,58.21,11.85,54.55,5.47,50.0,11.52,50.0,4.87,53.08,48.06,17.71,42.12,8.57,43.0,4.31,50.0,11.52,50.0,4.87,46.98,43.84,16.15,49.27,10.03,44.23,4.44,50.0,11.52,50.0,4.87,47.0,34.9,12.86,42.12,8.57,49.9,5.0,50.0,11.52,50.0,4.87,42.82
202609271408,2026-09-27,14,8R,realtime,69.21,25.5,45.69,9.3,52.57,5.27,53.02,12.21,54.57,5.32,57.6,52.59,19.38,42.12,8.57,43.9,4.4,49.11,11.31,55.32,5.39,49.05,52.7,19.42,58.21,11.85,54.55,5.47,50.78,11.7,48.74,4.75,53.18,48.06,17.71,42.12,8.57,43.0,4.31,33.65,7.75,35.65,3.47,41.82,43.84,16.15,49.27,10.03,44.23,4.44,43.98,10.13,60.17,5.86,46.61,34.9,12.86,42.12,8.57,49.9,5.0,69.28,15.96,45.57,4.44,46.83
202609271409,2026-09-27,14,9R,daily,69.21,25.5,43.91,8.94,62.77,6.29,50.0,11.52,50.0,4.87,57.12,52.7,19.42,45.69,9.3,60.2,6.04,50.0,11.52,50.0,4.87,51.14,52.59,19.38,43.91,8.94,34.82,3.49,50.0,11.52,50.0,4.87,48.19,48.06,17.71,45.69,9.3,51.64,5.18,50.0,11.52,50.0,4.87,48.57,43.84,16.15,31.39,6.39,63.06,6.32,50.0,11.52,50.0,4.87,45.25,34.9,12.86,43.91,8.94,60.23,6.04,50.0,11.52,50.0,4.87,44.22
202609271409,2026-09-27,14,9R,realtime,69.21,25.5,43.91,8.94,62.77,6.29,47.94,11.04,36.07,3.51,55.28,52.7,19.42,45.69,9.3,60.2,6.04,55.87,12.87,66.86,6.51,54.13,52.59,19.38,43.91,8.94,34.82,3.49,49.47,11.39,65.3,6.36,49.56,48.06,17.71,45.69,9.3,51.64,5.18,42.22,9.73,34.15,3.33,45.24,34.9,12.86,31.39,6.39,63.06,6.32,53.95,12.43,50.09,4.88,42.88,43.84,16.15,43.91,8.94,60.23,6.04,50.41,11.61,47.56,4.63,47.37
202609271410,2026-09-27,14,10R,daily,69.21,25.5,42.12,8.57,50.66,5.08,50.0,11.52,50.0,4.87,55.54,52.7,19.42,45.69,9.3,51.57,5.17,50.0,11.52,50.0,4.87,50.28,52.59,19.38,52.84,10.75,43.8,4.39,50.0,11.52,50.0,4.87,50.91,48.06,17.71,45.69,9.3,56.37,5.65,50.0,11.52,50.0,4.87,49.05,43.84,16.15,43.91,8.94,59.57,5.97,50.0,11.52,50.0,4.87,47.45,34.9,12.86,47.48,9.66,60.5,6.07,50.0,11.52,50.0,4.87,44.98
202609271410,2026-09-27,14,10R,realtime,69.21,25.5,42.12,8.57,50.66,5.08,59.83,13.78,50.53,4.92,57.85,52.59,19.38,45.69,9.3,51.57,5.17,56.96,13.12,57.23,5.58,52.54,48.06,17.71,52.84,10.75,43.8,4.39,51.76,11.92,35.87,3.49,48.27,43.84,16.15,45.69,9.3,56.37,5.65,40.0,9.21,60.96,5.94,46.26,34.9,12.86,43.91,8.94,59.57,5.97,32.74,7.54,45.17,4.4,39.71,52.7,19.42,47.48,9.66,60.5,6.07,58.57,13.49,50.26,4.9,53.53
202609271411,2026-09-27,14,11R,daily,69.21,25.5,63.57,12.94,67.87,6.81,50.0,11.52,50.0,4.87,61.63,52.7,19.42,54.63,11.12,36.85,3.69,50.0,11.52,50.0,4.87,50.62,52.59,19.38,51.06,10.39,49.91,5.0,50.0,11.52,50.0,4.87,51.16,48.06,17.71,45.69,9.3,58.74,5.89,50.0,11.52,50.0,4.87,49.29,43.84,16.15,51.06,10.39,58.18,5.83,50.0,11.52,50.0,4.87,48.77,34.9,12.86,45.69,9.3,57.95,5.81,50.0,11.52,50.0,4.87,44.36
202609271411,2026-09-27,14,11R,realtime,69.21,25.5,63.57,12.94,67.87,6.81,62.47,14.39,36.07,3.51,63.15,52.7,19.42,54.63,11.12,36.85,3.7,49.77,11.46,66.86,6.51,52.21,52.59,19.38,51.06,10.39,49.91,5.0,64.16,14.78,65.3,6.36,55.91,48.06,17.71,45.69,9.3,58.74,5.89,21.45,4.94,34.15,3.33,41.17,43.84,16.15,51.06,10.39,58.18,5.83,45.32,10.44,47.56,4.63,47.45,34.9,12.86,45.69,9.3,57.95,5.81,56.66,13.05,50.09,4.88,45.9
202609271412,2026-09-27,14,12R,daily,69.21,25.5,47.48,9.66,42.68,4.28,50.0,11.52,50.0,4.87,55.83,52.7,19.42,49.27,10.03,50.2,5.03,50.0,11.52,50.0,4.87,50.87,52.59,19.38,52.84,10.75,52.35,5.25,50.0,11.52,50.0,4.87,51.77,48.06,17.71,49.27,10.03,56.58,5.67,50.0,11.52,50.0,4.87,49.8,43.84,16.15,60.0,12.21,51.17,5.13,50.0,11.52,50.0,4.87,49.88,34.9,12.86,45.69,9.3,49.15,4.93,50.0,11.52,50.0,4.87,43.47
202609271412,2026-09-27,14,12R,realtime,69.21,25.5,47.48,9.66,42.68,4.28,71.06,16.37,36.07,3.51,59.33,52.7,19.42,49.27,10.03,50.2,5.03,60.57,13.95,66.86,6.51,54.94,52.59,19.38,52.84,10.75,52.35,5.25,54.45,12.54,65.3,6.36,54.29,48.06,17.71,49.27,10.03,56.58,5.67,51.34,11.82,34.15,3.33,48.56,43.84,16.15,60.0,12.21,51.17,5.13,29.0,6.68,47.56,4.63,44.81,34.9,12.86,45.69,9.3,49.15,4.93,33.41,7.7,50.09,4.88,39.66
202609271501,2026-09-27,15,1R,daily,67.46,26.97,46.58,11.02,37.65,3.62,50.0,9.53,50.0,3.85,54.98,51.89,20.74,41.55,9.83,43.41,4.17,50.0,9.53,50.0,3.85,48.12,50.75,20.29,46.58,11.02,48.44,4.65,50.0,9.53,50.0,3.85,49.34,48.3,19.31,44.07,10.42,52.49,5.04,50.0,9.53,50.0,3.85,48.16,43.4,17.35,28.99,6.86,41.32,3.97,50.0,9.53,50.0,3.85,41.56,37.57,15.02,44.07,10.42,34.39,3.3,50.0,9.53,50.0,3.85,42.13
202609271501,2026-09-27,15,1R,realtime,67.46,26.97,46.58,11.02,37.65,3.62,58.96,11.23,59.14,4.56,57.4,51.89,20.74,41.55,9.83,43.41,4.17,60.75,11.57,45.86,3.53,49.85,50.75,20.29,46.58,11.02,48.44,4.65,52.48,10.0,45.87,3.54,49.49,43.4,17.35,44.07,10.42,52.49,5.04,40.43,7.7,64.61,4.98,45.5,37.57,15.02,28.99,6.86,41.32,3.97,47.99,9.14,42.0,3.24,38.23,48.3,19.31,44.07,10.42,34.39,3.3,39.45,7.52,42.54,3.28,43.83
202609271502,2026-09-27,15,2R,daily,67.46,26.97,39.04,9.24,49.34,4.74,50.0,9.53,50.0,3.85,54.32,51.89,20.74,41.55,9.83,47.22,4.54,50.0,9.53,50.0,3.85,48.49,50.75,20.29,46.58,11.02,60.27,5.79,50.0,9.53,50.0,3.85,50.48,48.3,19.31,59.14,13.99,57.29,5.5,50.0,9.53,50.0,3.85,52.18,43.4,17.35,28.99,6.86,49.89,4.79,50.0,9.53,50.0,3.85,42.38,37.57,15.02,36.53,8.64,38.52,3.7,50.0,9.53,50.0,3.85,40.74
202609271502,2026-09-27,15,2R,realtime,67.46,26.97,39.04,9.24,49.34,4.74,68.71,13.09,59.14,4.56,58.59,51.89,20.74,41.55,9.83,47.22,4.54,53.69,10.23,45.86,3.53,48.87,50.75,20.29,46.58,11.02,60.27,5.79,50.19,9.56,45.87,3.54,50.2,48.3,19.31,59.14,13.99,57.29,5.5,53.41,10.17,42.54,3.28,52.26,43.4,17.35,28.99,6.86,49.89,4.79,34.81,6.63,64.61,4.98,40.61,37.57,15.02,36.53,8.64,38.52,3.7,39.25,7.48,42.0,3.24,38.08
202609271503,2026-09-27,15,3R,daily,67.46,26.97,39.04,9.24,46.26,4.44,50.0,9.53,50.0,3.85,54.03,51.89,20.74,54.12,12.8,65.34,6.28,50.0,9.53,50.0,3.85,53.2,50.75,20.29,46.58,11.02,61.61,5.92,50.0,9.53,50.0,3.85,50.61,48.3,19.31,46.58,11.02,65.32,6.28,50.0,9.53,50.0,3.85,49.98,43.4,17.35,56.63,13.4,53.44,5.13,50.0,9.53,50.0,3.85,49.26,37.57,15.02,51.6,12.21,56.11,5.39,50.0,9.53,50.0,3.85,46.0
202609271503,2026-09-27,15,3R,realtime,67.46,26.97,39.04,9.24,46.26,4.44,70.76,13.48,59.14,4.56,58.69,51.89,20.74,54.12,12.8,65.34,6.28,55.81,10.63,45.86,3.53,53.99,50.75,20.29,46.58,11.02,61.61,5.92,41.52,7.91,45.87,3.54,48.67,48.3,19.31,46.58,11.02,65.32,6.28,43.81,8.35,42.54,3.28,48.23,43.4,17.35,56.63,13.4,53.44,5.13,54.48,10.38,64.61,4.98,51.24,37.57,15.02,51.6,12.21,56.11,5.39,33.66,6.41,42.0,3.24,42.27
202609271504,2026-09-27,15,4R,daily,67.46,26.97,39.04,9.24,38.87,3.73,50.0,9.53,50.0,3.85,53.32,51.89,20.74,46.58,11.02,63.49,6.1,50.0,9.53,50.0,3.85,51.24,50.75,20.29,71.7,16.96,50.0,4.8,50.0,9.53,50.0,3.85,55.43,48.3,19.31,44.07,10.42,54.41,5.23,50.0,9.53,50.0,3.85,48.34,43.4,17.35,44.07,10.42,50.0,4.8,50.0,9.53,50.0,3.85,45.96,37.57,15.02,31.5,7.45,31.05,2.98,50.0,9.53,50.0,3.85,38.83
202609271504,2026-09-27,15,4R,realtime,67.46,26.97,39.04,9.24,38.87,3.73,48.68,9.27,60.19,4.64,53.85,51.89,20.74,46.58,11.02,63.49,6.1,58.36,11.12,43.89,3.38,52.36,50.75,20.29,71.7,16.96,50.0,4.8,62.64,11.93,44.81,3.45,57.44,48.3,19.31,44.07,10.42,54.41,5.23,33.7,6.42,48.07,3.7,45.09,43.4,17.35,44.07,10.42,50.0,4.8,59.84,11.4,62.64,4.83,48.81,37.57,15.02,31.5,7.45,31.05,2.98,36.83,7.02,40.41,3.11,35.59
202609271505,2026-09-27,15,5R,daily,67.46,26.97,39.04,9.24,42.49,4.08,50.0,9.53,50.0,3.85,53.67,51.89,20.74,46.58,11.02,50.52,4.85,50.0,9.53,50.0,3.85,50.0,50.75,20.29,51.6,12.21,50.0,4.8,50.0,9.53,50.0,3.85,50.68,48.3,19.31,64.17,15.18,53.71,5.16,50.0,9.53,50.0,3.85,53.03,43.4,17.35,41.55,9.83,60.48,5.81,50.0,9.53,50.0,3.85,46.37,37.57,15.02,46.58,11.02,55.67,5.35,50.0,9.53,50.0,3.85,44.77
202609271505,2026-09-27,15,5R,realtime,67.46,26.97,39.04,9.24,42.49,4.08,55.0,10.48,58.08,4.48,55.24,51.89,20.74,46.58,11.02,50.52,4.85,54.6,10.4,47.83,3.69,50.71,50.75,20.29,51.6,12.21,50.0,4.8,39.4,7.51,46.92,3.62,48.42,48.3,19.31,64.17,15.18,53.71,5.16,58.08,11.07,37.01,2.85,53.57,43.4,17.35,41.55,9.83,60.48,5.81,42.76,8.15,66.57,5.13,46.27,37.57,15.02,46.58,11.02,55.67,5.35,50.21,9.57,43.6,3.36,44.31
202609271506,2026-09-27,15,6R,daily,67.46,26.97,46.58,11.02,50.0,4.8,50.0,9.53,50.0,3.85,56.17,51.89,20.74,41.55,9.83,60.32,5.8,50.0,9.53,50.0,3.85,49.75,50.75,20.29,54.12,12.8,32.8,3.15,50.0,9.53,50.0,3.85,49.62,48.3,19.31,61.65,14.59,50.0,4.8,50.0,9.53,50.0,3.85,52.08,43.4,17.35,41.55,9.83,46.76,4.49,50.0,9.53,50.0,3.85,45.05,37.57,15.02,28.99,6.86,41.32,3.97,50.0,9.53,50.0,3.85,39.23
202609271507,2026-09-27,15,7R,daily,67.46,26.97,46.58,11.02,40.75,3.92,50.0,9.53,50.0,3.85,55.28,51.89,20.74,46.58,11.02,65.32,6.28,50.0,9.53,50.0,3.85,51.42,50.75,20.29,44.07,10.42,34.39,3.3,50.0,9.53,50.0,3.85,47.4,48.3,19.31,39.04,9.24,49.34,4.74,50.0,9.53,50.0,3.85,46.66,43.4,17.35,51.6,12.21,58.23,5.59,50.0,9.53,50.0,3.85,48.53,37.57,15.02,64.17,15.18,55.42,5.32,50.0,9.53,50.0,3.85,48.9
202609271508,2026-09-27,15,8R,daily,67.46,26.97,54.12,12.8,49.92,4.8,50.0,9.53,50.0,3.85,57.95,51.89,20.74,54.12,12.8,38.46,3.69,50.0,9.53,50.0,3.85,50.62,50.75,20.29,44.07,10.42,52.49,5.04,50.0,9.53,50.0,3.85,49.14,48.3,19.31,51.6,12.21,39.05,3.75,50.0,9.53,50.0,3.85,48.65,43.4,17.35,39.04,9.24,46.26,4.44,50.0,9.53,50.0,3.85,44.41,37.57,15.02,28.99,6.86,49.89,4.79,50.0,9.53,50.0,3.85,40.05
202609271509,2026-09-27,15,9R,daily,67.46,26.97,51.6,12.21,50.0,4.8,50.0,9.53,50.0,3.85,57.36,51.89,20.74,54.12,12.8,50.0,4.8,50.0,9.53,50.0,3.85,51.73,50.75,20.29,54.12,12.8,65.34,6.28,50.0,9.53,50.0,3.85,52.75,48.3,19.31,46.58,11.02,48.44,4.65,50.0,9.53,50.0,3.85,48.36,43.4,17.35,36.53,8.64,38.52,3.7,50.0,9.53,50.0,3.85,43.07,37.57,15.02,51.6,12.21,36.69,3.53,50.0,9.53,50.0,3.85,44.13
202609271510,2026-09-27,15,10R,daily,67.46,26.97,54.12,12.8,32.8,3.15,50.0,9.53,50.0,3.85,56.3,51.89,20.74,64.17,15.18,53.71,5.16,50.0,9.53,50.0,3.85,54.46,50.75,20.29,64.17,15.18,27.29,2.62,50.0,9.53,50.0,3.85,51.47,48.3,19.31,41.55,9.83,43.41,4.17,50.0,9.53,50.0,3.85,46.69,43.4,17.35,51.6,12.21,32.11,3.08,50.0,9.53,50.0,3.85,46.02,37.57,15.02,44.07,10.42,50.0,4.8,50.0,9.53,50.0,3.85,43.63
202609271511,2026-09-27,15,11R,daily,67.46,26.97,71.7,16.96,50.0,4.8,50.0,9.53,50.0,3.85,62.11,51.89,20.74,56.63,13.4,53.44,5.13,50.0,9.53,50.0,3.85,52.65,50.75,20.29,46.58,11.02,40.75,3.92,50.0,9.53,50.0,3.85,48.6,48.3,19.31,46.58,11.02,50.0,4.8,50.0,9.53,50.0,3.85,48.51,43.4,17.35,51.6,12.21,50.0,4.8,50.0,9.53,50.0,3.85,47.74,37.57,15.02,46.58,11.02,60.27,5.79,50.0,9.53,50.0,3.85,45.21
202609271512,2026-09-27,15,12R,daily,67.46,26.97,61.65,14.59,50.0,4.8,50.0,9.53,50.0,3.85,59.74,51.89,20.74,64.17,15.18,55.42,5.32,50.0,9.53,50.0,3.85,54.63,50.75,20.29,59.14,13.99,57.29,5.5,50.0,9.53,50.0,3.85,53.16,48.3,19.31,54.12,12.8,49.92,4.8,50.0,9.53,50.0,3.85,50.29,43.4,17.35,51.6,12.21,56.11,5.39,50.0,9.53,50.0,3.85,48.33,37.57,15.02,46.58,11.02,63.49,6.1,50.0,9.53,50.0,3.85,45.52
202609271901,2026-09-27,19,1R,daily,68.53,29.23,50.25,12.8,70.72,5.26,50.0,9.33,50.0,2.89,59.51,52.27,22.29,45.19,11.51,36.59,2.72,50.0,9.33,50.0,2.89,48.75,52.94,22.58,42.66,10.87,50.08,3.72,50.0,9.33,50.0,2.89,49.39,47.07,20.07,45.19,11.51,61.75,4.59,50.0,9.33,50.0,2.89,48.4,42.85,18.28,47.72,12.16,47.44,3.53,50.0,9.33,50.0,2.89,46.18,35.95,15.33,30.02,7.65,53.28,3.96,50.0,9.33,50.0,2.89,39.16
202609271901,2026-09-27,19,1R,realtime,68.53,29.23,50.25,12.8,70.72,5.25,51.2,9.56,47.94,2.77,59.61,52.27,22.29,45.19,11.51,36.59,2.72,54.59,10.19,68.02,3.93,50.65,52.94,22.58,42.66,10.87,50.08,3.72,38.8,7.24,55.64,3.22,47.63,47.07,20.07,45.19,11.51,61.75,4.59,60.98,11.38,48.21,2.79,50.34,42.85,18.28,47.72,12.16,47.44,3.53,46.1,8.6,43.89,2.54,45.1,35.95,15.33,30.02,7.65,53.28,3.96,48.25,9.0,36.31,2.1,38.05
202609271902,2026-09-27,19,2R,daily,68.53,29.23,45.19,11.51,54.53,4.05,50.0,9.33,50.0,2.89,57.02,52.27,22.29,47.72,12.16,38.37,2.85,50.0,9.33,50.0,2.89,49.52,52.94,22.58,70.48,17.95,20.22,1.5,50.0,9.33,50.0,2.89,54.26,47.07,20.07,47.72,12.16,47.31,3.52,50.0,9.33,50.0,2.89,47.97,42.85,18.28,47.72,12.16,65.69,4.88,50.0,9.33,50.0,2.89,47.54,35.95,15.33,30.02,7.65,47.38,3.52,50.0,9.33,50.0,2.89,38.73
202609271902,2026-09-27,19,2R,realtime,68.53,29.23,45.19,11.51,54.53,4.05,48.4,9.03,47.94,2.77,56.6,52.27,22.29,47.72,12.16,38.37,2.85,53.32,9.95,68.02,3.93,51.19,52.94,22.58,70.48,17.95,20.22,1.5,39.56,7.38,55.64,3.22,52.63,47.07,20.07,47.72,12.16,47.31,3.52,47.51,8.87,48.21,2.79,47.4,42.85,18.28,47.72,12.16,65.69,4.88,53.12,9.91,43.89,2.54,47.77,35.95,15.33,30.02,7.65,47.38,3.52,58.0,10.82,36.31,2.1,39.43
202609271903,2026-09-27,19,3R,daily,68.53,29.23,57.84,14.73,55.84,4.15,50.0,9.33,50.0,2.89,60.33,52.27,22.29,50.25,12.8,39.83,2.96,50.0,9.33,50.0,2.89,50.28,52.94,22.58,45.19,11.51,40.34,3.0,50.0,9.33,50.0,2.89,49.31,47.07,20.07,47.72,12.16,59.81,4.44,50.0,9.33,50.0,2.89,48.9,42.85,18.28,45.19,11.51,64.44,4.79,50.0,9.33,50.0,2.89,46.8,35.95,15.33,52.78,13.44,44.23,3.29,50.0,9.33,50.0,2.89,44.29
202609271903,2026-09-27,19,3R,realtime,68.53,29.23,57.84,14.73,55.84,4.15,69.34,12.94,47.94,2.77,63.82,52.27,22.29,50.25,12.8,39.83,2.96,44.94,8.39,68.02,3.93,50.37,52.94,22.58,45.19,11.51,40.34,3.0,47.99,8.96,55.64,3.22,49.26,47.07,20.07,47.72,12.16,59.81,4.44,52.45,9.79,48.21,2.79,49.25,42.85,18.28,45.19,11.51,64.44,4.79,48.03,8.96,43.89,2.54,46.08,35.95,15.33,52.78,13.44,44.23,3.29,37.17,6.94,36.31,2.1,41.1
202609271904,2026-09-27,19,4R,daily,68.53,29.23,60.36,15.38,69.85,5.19,50.0,9.33,50.0,2.89,62.02,52.27,22.29,45.19,11.51,55.61,4.13,50.0,9.33,50.0,2.89,50.16,52.94,22.58,42.66,10.87,52.97,3.94,50.0,9.33,50.0,2.89,49.61,47.07,20.07,40.14,10.22,44.84,3.33,50.0,9.33,50.0,2.89,45.85,42.85,18.28,47.72,12.16,37.86,2.81,50.0,9.33,50.0,2.89,45.47,35.95,15.33,50.25,12.8,48.65,3.62,50.0,9.33,50.0,2.89,43.97
202609271904,2026-09-27,19,4R,realtime,68.53,29.23,60.36,15.38,69.85,5.19,49.13,9.17,47.94,2.77,61.74,52.27,22.29,45.19,11.51,55.61,4.13,52.06,9.72,68.02,3.93,51.59,52.94,22.58,42.66,10.87,52.97,3.94,46.39,8.66,55.64,3.22,49.26,47.07,20.07,40.14,10.22,44.84,3.33,44.79,8.36,48.21,2.79,44.78,42.85,18.28,47.72,12.16,37.86,2.81,48.4,9.03,43.89,2.54,44.82,35.95,15.33,50.25,12.8,48.65,3.61,59.15,11.04,36.31,2.1,44.89
202609271905,2026-09-27,19,5R,daily,68.53,29.23,70.48,17.95,59.33,4.41,50.0,9.33,50.0,2.89,63.81,52.27,22.29,47.72,12.16,59.4,4.41,50.0,9.33,50.0,2.89,51.09,52.94,22.58,42.66,10.87,37.52,2.79,50.0,9.33,50.0,2.89,48.46,47.07,20.07,55.31,14.09,65.36,4.86,50.0,9.33,50.0,2.89,51.24,42.85,18.28,50.25,12.8,50.4,3.75,50.0,9.33,50.0,2.89,47.05,35.95,15.33,40.14,10.22,32.58,2.42,50.0,9.33,50.0,2.89,40.2
202609271905,2026-09-27,19,5R,realtime,68.53,29.23,70.48,17.95,59.33,4.41,63.34,11.82,47.94,2.77,66.18,52.27,22.29,47.72,12.16,59.4,4.41,49.26,9.19,68.02,3.93,51.99,52.94,22.58,42.66,10.87,37.52,2.79,25.12,4.69,55.64,3.22,44.14,47.07,20.07,55.31,14.09,65.36,4.86,53.31,9.95,48.21,2.79,51.76,42.85,18.28,50.25,12.8,50.4,3.75,54.05,10.09,43.89,2.54,47.45,35.95,15.33,40.14,10.22,32.58,2.42,54.86,10.24,36.31,2.1,40.32
202609271906,2026-09-27,19,6R,daily,68.53,29.23,47.72,12.16,54.87,4.08,50.0,9.33,50.0,2.89,57.69,52.27,22.29,83.12,21.17,28.13,2.09,50.0,9.33,50.0,2.89,57.78,52.94,22.58,50.25,12.8,51.09,3.8,50.0,9.33,50.0,2.89,51.4,47.07,20.07,30.02,7.65,53.28,3.96,50.0,9.33,50.0,2.89,43.9,42.85,18.28,52.78,13.44,56.0,4.16,50.0,9.33,50.0,2.89,48.11,35.95,15.33,30.02,7.65,47.38,3.52,50.0,9.33,50.0,2.89,38.73
202609271907,2026-09-27,19,7R,daily,68.53,29.23,70.48,17.95,20.22,1.5,50.0,9.33,50.0,2.89,60.91,52.27,22.29,47.72,12.16,47.44,3.53,50.0,9.33,50.0,2.89,50.2,52.94,22.58,37.61,9.58,56.42,4.19,50.0,9.33,50.0,2.89,48.57,47.07,20.07,50.25,12.8,47.38,3.52,50.0,9.33,50.0,2.89,48.62,42.85,18.28,67.95,17.31,52.4,3.89,50.0,9.33,50.0,2.89,51.7,35.95,15.33,42.66,10.87,58.45,4.34,50.0,9.33,50.0,2.89,42.77
202609271908,2026-09-27,19,8R,daily,68.53,29.23,52.78,13.44,51.14,3.8,50.0,9.33,50.0,2.89,58.7,52.27,22.29,47.72,12.16,65.69,4.88,50.0,9.33,50.0,2.89,51.55,52.94,22.58,57.84,14.73,55.84,4.15,50.0,9.33,50.0,2.89,53.68,47.07,20.07,42.66,10.87,50.08,3.72,50.0,9.33,50.0,2.89,46.89,42.85,18.28,55.31,14.09,60.38,4.49,50.0,9.33,50.0,2.89,49.08,35.95,15.33,45.19,11.51,60.46,4.49,50.0,9.33,50.0,2.89,43.56
202609271909,2026-09-27,19,9R,daily,68.53,29.23,50.25,12.8,24.48,1.82,50.0,9.33,50.0,2.89,56.07,52.27,22.29,42.66,10.87,37.52,2.79,50.0,9.33,50.0,2.89,48.17,52.94,22.58,60.36,15.38,69.85,5.19,50.0,9.33,50.0,2.89,55.37,47.07,20.07,45.19,11.51,36.59,2.72,50.0,9.33,50.0,2.89,46.53,42.85,18.28,50.25,12.8,58.92,4.38,50.0,9.33,50.0,2.89,47.68,35.95,15.33,60.36,15.38,38.56,2.86,50.0,9.33,50.0,2.89,45.8
202609271910,2026-09-27,19,10R,daily,68.53,29.23,52.78,13.44,56.0,4.16,50.0,9.33,50.0,2.89,59.06,52.27,22.29,45.19,11.51,54.53,4.05,50.0,9.33,50.0,2.89,50.08,52.94,22.58,70.48,17.95,59.33,4.41,50.0,9.33,50.0,2.89,57.16,47.07,20.07,47.72,12.16,37.86,2.81,50.0,9.33,50.0,2.89,47.27,42.85,18.28,50.25,12.8,39.83,2.96,50.0,9.33,50.0,2.89,46.26,35.95,15.33,45.19,11.51,61.75,4.59,50.0,9.33,50.0,2.89,43.66
202609271911,2026-09-27,19,11R,daily,68.53,29.23,67.95,17.31,52.4,3.89,50.0,9.33,50.0,2.89,62.65,52.27,22.29,52.78,13.44,44.23,3.29,50.0,9.33,50.0,2.89,51.25,52.94,22.58,83.12,21.17,28.13,2.09,50.0,9.33,50.0,2.89,58.07,47.07,20.07,50.25,12.8,48.65,3.62,50.0,9.33,50.0,2.89,48.71,42.85,18.28,47.72,12.16,47.31,3.52,50.0,9.33,50.0,2.89,46.17,35.95,15.33,47.72,12.16,59.4,4.41,50.0,9.33,50.0,2.89,44.13
202609271912,2026-09-27,19,12R,daily,68.53,29.23,40.14,10.22,44.84,3.33,50.0,9.33,50.0,2.89,55.01,52.27,22.29,50.25,12.8,51.09,3.8,50.0,9.33,50.0,2.89,51.11,52.94,22.58,45.19,11.51,60.46,4.49,50.0,9.33,50.0,2.89,50.81,47.07,20.07,40.14,10.22,32.58,2.42,50.0,9.33,50.0,2.89,44.94,42.85,18.28,47.72,12.16,38.37,2.85,50.0,9.33,50.0,2.89,45.51,35.95,15.33,37.61,9.58,56.42,4.19,50.0,9.33,50.0,2.89,41.33
202609272001,2026-09-27,20,1R,daily,70.3,27.22,49.42,12.7,66.14,4.56,50.0,9.67,50.0,4.67,58.83,52.16,20.2,56.55,14.53,48.27,3.33,50.0,9.67,50.0,4.67,52.4,52.04,20.15,61.31,15.75,31.87,2.2,50.0,9.67,50.0,4.67,52.44,46.67,18.07,51.8,13.31,50.58,3.49,50.0,9.67,50.0,4.67,49.21,43.57,16.87,51.8,13.31,51.6,3.56,50.0,9.67,50.0,4.67,48.08,35.62,13.79,47.05,12.08,53.48,3.69,50.0,9.67,50.0,4.67,43.91
202609272001,2026-09-27,20,1R,realtime,70.3,27.22,49.42,12.7,66.14,4.56,66.56,12.88,52.05,4.86,62.22,52.16,20.2,56.55,14.53,48.27,3.33,44.92,8.69,62.58,5.85,52.59,52.04,20.15,61.31,15.75,31.87,2.2,57.98,11.22,54.64,5.11,54.42,46.67,18.07,51.8,13.31,50.58,3.49,41.17,7.97,46.98,4.39,47.22,43.57,16.87,51.8,13.31,51.6,3.56,44.46,8.6,33.39,3.12,45.46,35.62,13.79,47.05,12.08,53.48,3.69,44.88,8.68,50.34,4.7,42.95
202609272002,2026-09-27,20,2R,daily,70.3,27.22,54.18,13.92,71.39,4.92,50.0,9.67,50.0,4.67,60.41,52.16,20.2,37.54,9.64,48.14,3.32,50.0,9.67,50.0,4.67,47.51,52.04,20.15,51.8,13.31,44.44,3.07,50.0,9.67,50.0,4.67,50.87,46.67,18.07,54.18,13.92,51.57,3.56,50.0,9.67,50.0,4.67,49.89,43.57,16.87,54.18,13.92,38.09,2.63,50.0,9.67,50.0,4.67,47.76,35.62,13.79,49.42,12.7,43.58,3.01,50.0,9.67,50.0,4.67,43.84
202609272002,2026-09-27,20,2R,realtime,70.3,27.22,54.18,13.92,71.39,4.93,56.11,10.86,52.13,4.87,61.79,52.16,20.2,37.54,9.64,48.14,3.32,47.2,9.13,50.16,4.69,46.98,52.04,20.15,51.8,13.31,44.44,3.07,56.96,11.02,49.9,4.66,52.2,46.67,18.07,54.18,13.92,51.57,3.56,45.77,8.86,50.99,4.77,49.17,43.57,16.87,54.18,13.92,38.09,2.63,32.51,6.29,57.56,5.38,45.08,35.62,13.79,49.42,12.7,43.58,3.01,61.43,11.88,39.24,3.67,45.05
202609272003,2026-09-27,20,3R,daily,70.3,27.22,61.31,15.75,57.38,3.96,50.0,9.67,50.0,4.67,61.27,52.16,20.2,47.05,12.08,29.99,2.07,50.0,9.67,50.0,4.67,48.7,52.04,20.15,47.05,12.08,39.27,2.71,50.0,9.67,50.0,4.67,49.29,46.67,18.07,54.18,13.92,53.91,3.72,50.0,9.67,50.0,4.67,50.05,43.57,16.87,58.93,15.14,63.5,4.38,50.0,9.67,50.0,4.67,50.74,35.62,13.79,56.55,14.53,60.4,4.17,50.0,9.67,50.0,4.67,46.83
202609272003,2026-09-27,20,3R,realtime,70.3,27.22,61.31,15.75,57.38,3.96,66.59,12.88,50.97,4.76,64.57,52.04,20.15,47.05,12.08,29.99,2.07,36.3,7.02,54.75,5.12,46.44,52.16,20.2,47.05,12.08,39.27,2.71,41.71,8.07,58.42,5.46,48.52,46.67,18.07,54.18,13.92,53.91,3.72,51.05,9.88,45.29,4.23,49.82,43.57,16.87,58.93,15.14,63.5,4.38,44.75,8.66,40.68,3.8,48.85,35.62,13.79,56.55,14.53,60.4,4.17,59.6,11.53,49.87,4.66,48.68
202609272004,2026-09-27,20,4R,daily,70.3,27.22,61.31,15.75,43.18,2.98,50.0,9.67,50.0,4.67,60.29,52.16,20.2,61.31,15.75,53.79,3.71,50.0,9.67,50.0,4.67,54.0,52.04,20.15,63.68,16.36,48.0,3.31,50.0,9.67,50.0,4.67,54.17,46.67,18.07,56.55,14.53,37.23,2.57,50.0,9.67,50.0,4.67,49.51,43.57,16.87,58.93,15.14,55.23,3.81,50.0,9.67,50.0,4.67,50.17,35.62,13.79,56.55,14.53,46.13,3.18,50.0,9.67,50.0,4.67,45.85
202609272004,2026-09-27,20,4R,realtime,70.3,27.22,61.31,15.75,43.18,2.98,66.63,12.89,49.76,4.65,63.49,52.16,20.2,61.31,15.75,53.79,3.71,50.97,9.86,65.79,6.15,55.67,52.04,20.15,63.68,16.36,48.0,3.31,43.97,8.51,54.56,5.1,53.43,46.67,18.07,56.55,14.53,37.23,2.57,48.46,9.38,49.82,4.66,49.2,43.57,16.87,58.93,15.14,55.23,3.81,57.2,11.07,29.77,2.78,49.67,35.62,13.79,56.55,14.53,46.13,3.18,32.75,6.34,50.28,4.7,42.54
202609272005,2026-09-27,20,5R,daily,70.3,27.22,61.31,15.75,48.38,3.34,50.0,9.67,50.0,4.67,60.65,52.16,20.2,58.93,15.14,67.87,4.68,50.0,9.67,50.0,4.67,54.36,52.04,20.15,49.42,12.7,41.13,2.84,50.0,9.67,50.0,4.67,50.03,46.67,18.07,47.05,12.08,53.48,3.69,50.0,9.67,50.0,4.67,48.19,43.57,16.87,49.42,12.7,71.23,4.91,50.0,9.67,50.0,4.67,48.83,35.62,13.79,51.8,13.31,50.58,3.49,50.0,9.67,50.0,4.67,44.93
202609272005,2026-09-27,20,5R,realtime,70.3,27.22,61.31,15.75,48.38,3.34,56.85,11.0,53.21,4.97,62.28,52.16,20.2,58.93,15.14,67.87,4.68,68.01,13.16,54.32,5.08,58.25,52.04,20.15,49.42,12.7,41.13,2.84,50.96,9.86,49.79,4.65,50.2,46.67,18.07,47.05,12.08,53.48,3.69,49.17,9.51,52.69,4.92,48.28,43.57,16.87,49.42,12.7,71.23,4.91,37.36,7.23,50.28,4.7,46.41,35.62,13.79,51.8,13.31,50.58,3.49,37.63,7.28,39.7,3.71,41.58
202609272006,2026-09-27,20,6R,daily,70.3,27.22,68.44,17.58,71.9,4.96,50.0,9.67,50.0,4.67,64.11,52.16,20.2,54.18,13.92,37.57,2.59,50.0,9.67,50.0,4.67,51.05,52.04,20.15,51.8,13.31,46.25,3.19,50.0,9.67,50.0,4.67,50.99,46.67,18.07,37.54,9.64,48.14,3.32,50.0,9.67,50.0,4.67,45.38,43.57,16.87,51.8,13.31,54.47,3.76,50.0,9.67,50.0,4.67,48.28,35.62,13.79,51.8,13.31,44.44,3.07,50.0,9.67,50.0,4.67,44.51
202609272007,2026-09-27,20,7R,daily,70.3,27.22,56.55,14.53,67.89,4.68,50.0,9.67,50.0,4.67,60.78,52.16,20.2,54.18,13.92,53.91,3.72,50.0,9.67,50.0,4.67,52.18,52.04,20.15,54.18,13.92,51.57,3.56,50.0,9.67,50.0,4.67,51.97,46.67,18.07,58.93,15.14,63.5,4.38,50.0,9.67,50.0,4.67,51.94,43.57,16.87,61.31,15.75,31.87,2.2,50.0,9.67,50.0,4.67,49.16,35.62,13.79,58.93,15.14,57.03,3.93,50.0,9.67,50.0,4.67,47.21
202609272008,2026-09-27,20,8R,daily,70.3,27.22,49.42,12.7,56.03,3.87,50.0,9.67,50.0,4.67,58.13,52.16,20.2,51.8,13.31,39.81,2.75,50.0,9.67,50.0,4.67,50.59,52.04,20.15,54.18,13.92,59.99,4.14,50.0,9.67,50.0,4.67,52.55,46.67,18.07,56.55,14.53,48.27,3.33,50.0,9.67,50.0,4.67,50.28,43.57,16.87,63.68,16.36,48.0,3.31,50.0,9.67,50.0,4.67,50.89,35.62,13.79,56.55,14.53,55.61,3.84,50.0,9.67,50.0,4.67,46.5
202609272009,2026-09-27,20,9R,daily,70.3,27.22,54.18,13.92,64.23,4.43,50.0,9.67,50.0,4.67,59.92,52.16,20.2,51.8,13.31,35.72,2.46,50.0,9.67,50.0,4.67,50.31,52.04,20.15,51.8,13.31,33.53,2.31,50.0,9.67,50.0,4.67,50.12,46.67,18.07,51.8,13.31,32.2,2.22,50.0,9.67,50.0,4.67,47.95,43.57,16.87,49.42,12.7,45.83,3.16,50.0,9.67,50.0,4.67,47.07,35.62,13.79,56.55,14.53,50.07,3.45,50.0,9.67,50.0,4.67,46.12
202609272010,2026-09-27,20,10R,daily,70.3,27.22,49.42,12.7,71.23,4.91,50.0,9.67,50.0,4.67,59.18,52.16,20.2,49.42,12.7,66.14,4.56,50.0,9.67,50.0,4.67,51.8,52.04,20.15,68.44,17.58,71.9,4.96,50.0,9.67,50.0,4.67,57.04,46.67,18.07,61.31,15.75,57.38,3.96,50.0,9.67,50.0,4.67,52.13,43.57,16.87,58.93,15.14,67.87,4.68,50.0,9.67,50.0,4.67,51.04,35.62,13.79,61.31,15.75,53.79,3.71,50.0,9.67,50.0,4.67,47.6
202609272011,2026-09-27,20,11R,daily,70.3,27.22,58.93,15.14,55.23,3.81,50.0,9.67,50.0,4.67,60.52,52.16,20.2,49.42,12.7,56.03,3.87,50.0,9.67,50.0,4.67,51.1,52.04,20.15,56.55,14.53,67.89,4.68,50.0,9.67,50.0,4.67,53.71,46.67,18.07,61.31,15.75,43.18,2.98,50.0,9.67,50.0,4.67,51.15,43.57,16.87,54.18,13.92,71.39,4.92,50.0,9.67,50.0,4.67,50.06,35.62,13.79,61.31,15.75,48.38,3.34,50.0,9.67,50.0,4.67,47.22
202609272012,2026-09-27,20,12R,daily,70.3,27.22,49.42,12.7,62.68,4.32,50.0,9.67,50.0,4.67,58.59,52.16,20.2,54.18,13.92,68.94,4.76,50.0,9.67,50.0,4.67,53.22,52.04,20.15,61.31,15.75,76.3,5.26,50.0,9.67,50.0,4.67,55.51,46.67,18.07,80.32,20.63,57.11,3.94,50.0,9.67,50.0,4.67,56.99,43.57,16.87,51.8,13.31,56.64,3.91,50.0,9.67,50.0,4.67,48.43,35.62,13.79,54.18,13.92,53.64,3.7,50.0,9.67,50.0,4.67,45.76
202609272101,2026-09-27,21,1R,daily,69.97,28.06,49.89,9.19,44.08,4.41,50.0,10.93,50.0,4.82,57.4,50.5,20.25,44.23,8.14,50.55,5.06,50.0,10.93,50.0,4.82,49.19,49.25,19.75,48.0,8.84,55.84,5.58,50.0,10.93,50.0,4.82,49.91,49.12,19.69,42.34,7.8,48.43,4.84,50.0,10.93,50.0,4.82,48.08,45.87,18.39,42.34,7.8,49.58,4.96,50.0,10.93,50.0,4.82,46.89,35.57,14.26,34.78,6.4,44.31,4.43,50.0,10.93,50.0,4.82,40.84
202609272101,2026-09-27,21,1R,realtime,69.97,28.06,49.89,9.19,44.08,4.41,45.0,9.84,54.45,5.25,56.73,50.5,20.25,44.23,8.14,50.55,5.06,36.09,7.89,50.49,4.87,46.2,49.25,19.75,48.0,8.84,55.84,5.59,53.55,11.7,46.99,4.53,50.4,49.12,19.69,42.34,7.8,48.43,4.84,71.52,15.63,33.75,3.25,51.22,45.87,18.39,42.34,7.8,49.58,4.96,35.92,7.85,57.55,5.55,44.54,35.57,14.26,34.78,6.4,44.31,4.43,57.9,12.65,56.79,5.47,43.22
202609272102,2026-09-27,21,2R,daily,69.97,28.06,48.0,8.84,51.27,5.13,50.0,10.93,50.0,4.82,57.77,50.5,20.25,44.23,8.14,52.1,5.21,50.0,10.93,50.0,4.82,49.35,49.25,19.75,38.56,7.1,63.44,6.35,50.0,10.93,50.0,4.82,48.94,49.12,19.69,53.67,9.88,58.25,5.83,50.0,10.93,50.0,4.82,51.15,45.87,18.39,48.0,8.84,49.88,4.99,50.0,10.93,50.0,4.82,47.96,35.57,14.26,40.45,7.45,34.57,3.46,50.0,10.93,50.0,4.82,40.91
202609272102,2026-09-27,21,2R,realtime,69.97,28.06,48.0,8.84,51.27,5.13,64.54,14.1,54.69,5.27,61.4,50.5,20.25,44.23,8.14,52.1,5.21,37.56,8.21,51.57,4.97,46.78,49.25,19.75,38.56,7.1,63.44,6.35,56.77,12.41,47.87,4.61,50.21,49.12,19.69,53.67,9.88,58.25,5.83,54.89,12.0,31.46,3.03,50.43,45.87,18.39,48.0,8.84,49.88,4.99,54.34,11.88,58.31,5.62,49.71,35.57,14.26,40.45,7.45,34.57,3.46,31.89,6.97,56.11,5.41,37.54
202609272103,2026-09-27,21,3R,daily,69.97,28.06,55.56,10.23,68.99,6.9,50.0,10.93,50.0,4.82,60.93,50.5,20.25,40.45,7.45,53.39,5.34,50.0,10.93,50.0,4.82,48.78,49.25,19.75,53.67,9.88,55.06,5.51,50.0,10.93,50.0,4.82,50.88,49.12,19.69,44.23,8.14,43.7,4.37,50.0,10.93,50.0,4.82,47.95,45.87,18.39,59.34,10.93,62.24,6.23,50.0,10.93,50.0,4.82,51.29,35.57,14.26,38.56,7.1,50.1,5.01,50.0,10.93,50.0,4.82,42.12
202609272103,2026-09-27,21,3R,realtime,69.97,28.06,55.56,10.23,68.99,6.9,69.13,15.11,54.21,5.22,65.52,50.5,20.25,40.45,7.45,53.39,5.34,55.94,12.22,51.33,4.95,50.21,49.25,19.75,53.67,9.88,55.06,5.51,46.2,10.1,48.38,4.66,49.9,49.12,19.69,44.23,8.14,43.7,4.37,39.66,8.67,31.95,3.08,43.95,45.87,18.39,59.34,10.93,62.24,6.23,52.45,11.46,56.64,5.46,52.46,35.57,14.26,38.56,7.1,50.1,5.01,36.61,8.0,57.53,5.54,39.92
202609272104,2026-09-27,21,4R,daily,69.97,28.06,59.34,10.93,52.34,5.24,50.0,10.93,50.0,4.82,59.96,50.5,20.25,51.78,9.53,46.86,4.69,50.0,10.93,50.0,4.82,50.22,49.25,19.75,38.56,7.1,43.64,4.36,50.0,10.93,50.0,4.82,46.96,49.12,19.69,42.34,7.8,53.11,5.31,50.0,10.93,50.0,4.82,48.55,45.87,18.39,40.45,7.45,46.13,4.61,50.0,10.93,50.0,4.82,46.2,35.57,14.26,48.0,8.84,63.3,6.33,50.0,10.93,50.0,4.82,45.18
202609272104,2026-09-27,21,4R,realtime,69.97,28.06,59.34,10.93,52.34,5.24,67.97,14.85,54.52,5.25,64.32,50.5,20.25,51.78,9.53,46.86,4.69,59.58,13.02,52.18,5.03,52.52,49.25,19.75,38.56,7.1,43.64,4.36,46.82,10.23,48.89,4.71,46.15,49.12,19.69,42.34,7.8,53.11,5.31,46.92,10.25,30.16,2.91,45.96,45.87,18.39,40.45,7.45,46.13,4.61,27.37,5.98,57.65,5.56,41.99,35.57,14.26,48.0,8.84,63.3,6.33,51.34,11.22,56.64,5.46,46.11
202609272105,2026-09-27,21,5R,daily,69.97,28.06,61.23,11.27,69.24,6.93,50.0,10.93,50.0,4.82,62.0,50.5,20.25,42.34,7.8,49.58,4.96,50.0,10.93,50.0,4.82,48.75,49.25,19.75,38.56,7.1,43.29,4.33,50.0,10.93,50.0,4.82,46.92,49.12,19.69,42.34,7.8,35.18,3.52,50.0,10.93,50.0,4.82,46.75,45.87,18.39,49.89,9.19,80.13,8.01,50.0,10.93,50.0,4.82,51.34,35.57,14.26,49.89,9.19,46.05,4.61,50.0,10.93,50.0,4.82,43.8
202609272105,2026-09-27,21,5R,realtime,69.97,28.06,61.23,11.27,69.24,6.93,67.65,14.78,54.58,5.26,66.3,50.5,20.25,42.34,7.8,49.58,4.96,46.1,10.08,51.95,5.01,48.09,49.25,19.75,38.56,7.1,43.29,4.33,27.72,6.06,48.51,4.67,41.91,49.12,19.69,42.34,7.8,35.18,3.52,46.73,10.21,30.65,2.95,44.17,45.87,18.39,49.89,9.19,80.13,8.01,52.41,11.45,57.9,5.58,52.62,35.57,14.26,49.89,9.19,46.05,4.61,59.36,12.97,56.44,5.44,46.47
202609272106,2026-09-27,21,6R,daily,69.97,28.06,51.78,9.53,52.44,5.24,50.0,10.93,50.0,4.82,58.58,50.5,20.25,53.67,9.88,54.91,5.49,50.0,10.93,50.0,4.82,51.37,49.25,19.75,48.0,8.84,49.88,4.99,50.0,10.93,50.0,4.82,49.32,49.12,19.69,49.89,9.19,46.18,4.62,50.0,10.93,50.0,4.82,49.25,45.87,18.39,48.0,8.84,55.84,5.58,50.0,10.93,50.0,4.82,48.56,35.57,14.26,61.23,11.27,63.24,6.33,50.0,10.93,50.0,4.82,47.6
202609272106,2026-09-27,21,6R,realtime,69.97,28.06,51.78,9.53,52.44,5.25,54.96,12.01,54.43,5.25,60.09,50.5,20.25,53.67,9.88,54.91,5.49,58.17,12.71,52.48,5.06,53.39,49.25,19.75,48.0,8.84,49.88,4.99,37.97,8.3,49.4,4.76,46.63,49.12,19.69,49.89,9.19,46.18,4.62,59.73,13.05,29.5,2.84,49.4,45.87,18.39,48.0,8.84,55.84,5.59,47.02,10.28,57.31,5.52,48.61,35.57,14.26,61.23,11.27,63.24,6.33,42.15,9.21,56.91,5.48,46.56
202609272107,2026-09-27,21,7R,daily,69.97,28.06,40.45,7.45,44.85,4.49,50.0,10.93,50.0,4.82,55.73,50.5,20.25,46.11,8.49,45.35,4.54,50.0,10.93,50.0,4.82,49.02,49.25,19.75,51.78,9.53,40.63,4.06,50.0,10.93,50.0,4.82,49.09,49.12,19.69,36.67,6.75,44.56,4.46,50.0,10.93,50.0,4.82,46.65,45.87,18.39,34.78,6.4,44.31,4.43,50.0,10.93,50.0,4.82,44.97,35.57,14.26,40.45,7.45,53.39,5.34,50.0,10.93,50.0,4.82,42.79
202609272107,2026-09-27,21,7R,realtime,69.97,28.06,40.45,7.45,44.85,4.49,70.18,15.34,53.96,5.2,60.53,50.5,20.25,46.11,8.49,45.35,4.54,42.45,9.28,53.33,5.14,47.69,49.25,19.75,51.78,9.53,40.63,4.06,32.63,7.13,62.02,5.98,46.45,49.12,19.69,36.67,6.75,44.56,4.46,37.63,8.22,34.3,3.31,42.43,45.87,18.39,34.78,6.4,44.31,4.43,56.71,12.39,42.71,4.12,45.74,35.57,14.26,40.45,7.45,53.39,5.34,60.38,13.2,53.72,5.18,45.42
202609272108,2026-09-27,21,8R,daily,69.97,28.06,44.23,8.14,43.7,4.37,50.0,10.93,50.0,4.82,56.32,50.5,20.25,40.45,7.45,46.13,4.61,50.0,10.93,50.0,4.82,48.06,49.25,19.75,57.45,10.58,51.44,5.14,50.0,10.93,50.0,4.82,51.21,49.12,19.69,46.11,8.49,46.68,4.67,50.0,10.93,50.0,4.82,48.6,45.87,18.39,48.0,8.84,51.27,5.13,50.0,10.93,50.0,4.82,48.1,35.57,14.26,53.67,9.88,61.01,6.1,50.0,10.93,50.0,4.82,45.99
202609272108,2026-09-27,21,8R,realtime,69.97,28.06,44.23,8.14,43.7,4.37,53.68,11.73,54.29,5.23,57.53,50.5,20.25,40.45,7.45,46.13,4.61,28.3,6.18,54.1,5.21,43.71,49.25,19.75,57.45,10.58,51.44,5.15,56.16,12.27,62.39,6.01,53.76,49.12,19.69,46.11,8.49,46.68,4.67,47.56,10.39,32.67,3.15,46.4,45.87,18.39,48.0,8.84,51.27,5.13,67.0,14.64,43.81,4.22,51.22,35.57,14.26,53.67,9.88,61.01,6.1,47.28,10.33,52.76,5.09,45.66
202609272109,2026-09-27,21,9R,daily,69.97,28.06,42.34,7.8,48.43,4.84,50.0,10.93,50.0,4.82,56.44,50.5,20.25,59.34,10.93,62.24,6.23,50.0,10.93,50.0,4.82,53.15,49.25,19.75,46.11,8.49,48.86,4.89,50.0,10.93,50.0,4.82,48.87,49.12,19.69,46.11,8.49,45.34,4.53,50.0,10.93,50.0,4.82,48.47,45.87,18.39,42.34,7.8,35.18,3.52,50.0,10.93,50.0,4.82,45.45,35.57,14.26,51.78,9.53,46.86,4.69,50.0,10.93,50.0,4.82,44.23
202609272109,2026-09-27,21,9R,realtime,69.97,28.06,42.34,7.8,48.43,4.84,67.69,14.79,54.25,5.23,60.72,50.5,20.25,59.34,10.93,62.24,6.23,52.4,11.45,54.25,5.23,54.08,49.25,19.75,46.11,8.49,48.86,4.89,50.55,11.05,62.65,6.04,50.21,49.12,19.69,46.11,8.49,45.34,4.53,40.42,8.83,32.34,3.12,44.67,45.87,18.39,42.34,7.8,35.18,3.52,48.9,10.69,43.64,4.21,44.6,35.57,14.26,51.78,9.53,46.86,4.69,40.02,8.75,52.89,5.1,42.33
202609272110,2026-09-27,21,10R,daily,69.97,28.06,49.89,9.19,80.13,8.01,50.0,10.93,50.0,4.82,61.0,50.5,20.25,61.23,11.27,63.24,6.33,50.0,10.93,50.0,4.82,53.59,49.25,19.75,42.34,7.8,53.11,5.31,50.0,10.93,50.0,4.82,48.6,49.12,19.69,38.56,7.1,63.44,6.35,50.0,10.93,50.0,4.82,48.88,45.87,18.39,49.89,9.19,44.08,4.41,50.0,10.93,50.0,4.82,47.73,35.57,14.26,44.23,8.14,66.04,6.6,50.0,10.93,50.0,4.82,44.75
202609272110,2026-09-27,21,10R,realtime,69.97,28.06,49.89,9.19,80.13,8.01,67.58,14.77,54.25,5.23,65.25,50.5,20.25,61.23,11.27,63.24,6.33,46.3,10.12,54.25,5.23,53.2,49.25,19.75,42.34,7.8,53.11,5.31,43.85,9.58,62.65,6.04,48.47,49.12,19.69,38.56,7.1,63.44,6.35,46.16,10.09,32.34,3.12,46.34,45.87,18.39,49.89,9.19,44.08,4.41,50.92,11.13,43.64,4.21,47.32,35.57,14.26,44.23,8.14,66.04,6.61,45.17,9.87,52.89,5.1,43.98
202609272111,2026-09-27,21,11R,daily,69.97,28.06,53.67,9.88,52.08,5.21,50.0,10.93,50.0,4.82,58.89,50.5,20.25,49.89,9.19,46.05,4.61,50.0,10.93,50.0,4.82,49.79,49.25,19.75,53.67,9.88,54.91,5.49,50.0,10.93,50.0,4.82,50.87,49.12,19.69,38.56,7.1,43.64,4.36,50.0,10.93,50.0,4.82,46.9,45.87,18.39,40.45,7.45,44.85,4.49,50.0,10.93,50.0,4.82,46.07,35.57,14.26,53.67,9.88,55.06,5.51,50.0,10.93,50.0,4.82,45.4
202609272111,2026-09-27,21,11R,realtime,69.97,28.06,53.67,9.88,52.08,5.21,60.56,13.24,54.25,5.23,61.61,50.5,20.25,49.89,9.19,46.05,4.61,56.42,12.33,54.25,5.23,51.6,49.25,19.75,53.67,9.88,54.91,5.49,57.47,12.56,62.65,6.04,53.72,49.12,19.69,38.56,7.1,43.64,4.36,39.87,8.71,32.34,3.12,42.99,45.87,18.39,40.45,7.45,44.85,4.49,38.29,8.37,43.64,4.21,42.9,35.57,14.26,53.67,9.88,55.06,5.51,47.36,10.35,52.89,5.1,45.1
202609272112,2026-09-27,21,12R,daily,69.97,28.06,53.67,9.88,58.25,5.83,50.0,10.93,50.0,4.82,59.51,50.5,20.25,51.78,9.53,40.63,4.06,50.0,10.93,50.0,4.82,49.59,49.25,19.75,51.78,9.53,52.44,5.24,50.0,10.93,50.0,4.82,50.27,49.12,19.69,48.0,8.84,63.3,6.33,50.0,10.93,50.0,4.82,50.61,45.87,18.39,55.56,10.23,68.99,6.9,50.0,10.93,50.0,4.82,51.27,35.57,14.26,57.45,10.58,51.44,5.14,50.0,10.93,50.0,4.82,45.73
202609272112,2026-09-27,21,12R,realtime,69.97,28.06,53.67,9.88,58.25,5.83,64.09,14.01,54.19,5.22,62.99,50.5,20.25,51.78,9.53,40.63,4.06,29.78,6.51,54.48,5.25,45.61,49.25,19.75,51.78,9.53,52.44,5.25,39.11,8.55,63.03,6.07,49.15,49.12,19.69,48.0,8.84,63.3,6.33,50.2,10.97,31.85,3.07,48.9,45.87,18.39,55.56,10.23,68.99,6.9,58.76,12.84,43.39,4.18,52.54,35.57,14.26,57.45,10.58,51.44,5.15,58.05,12.69,53.09,5.12,47.79
202609272201,2026-09-27,22,1R,daily,67.18,30.66,62.77,12.73,39.16,2.59,50.0,11.86,50.0,1.88,59.71,54.42,24.84,52.55,10.66,50.31,3.32,50.0,11.86,50.0,1.88,52.56,52.68,24.05,48.46,9.83,46.37,3.06,50.0,11.86,50.0,1.88,50.67,48.28,22.04,46.42,9.41,43.92,2.9,50.0,11.86,50.0,1.88,48.09,42.56,19.43,44.37,9.0,33.59,2.22,50.0,11.86,50.0,1.88,44.38,34.54,15.77,32.11,6.51,41.33,2.73,50.0,11.86,50.0,1.88,38.74
202609272201,2026-09-27,22,1R,realtime,67.18,30.66,62.77,12.73,39.16,2.59,68.39,16.22,68.51,2.57,64.77,54.42,24.84,52.55,10.66,50.31,3.32,57.98,13.75,91.46,3.43,56.0,52.68,24.05,48.46,9.83,46.37,3.06,51.6,12.24,51.88,1.95,51.12,48.28,22.04,46.42,9.41,43.92,2.9,50.0,11.86,3.75,0.14,46.35,42.56,19.43,44.37,9.0,33.59,2.22,30.52,7.24,57.09,2.14,40.03,34.54,15.77,32.11,6.51,41.33,2.73,41.52,9.85,27.36,1.03,35.88
202609272202,2026-09-27,22,2R,daily,67.18,30.66,46.42,9.41,39.57,2.61,50.0,11.86,50.0,1.88,56.42,54.42,24.84,50.51,10.24,54.71,3.61,50.0,11.86,50.0,1.88,52.43,52.68,24.05,42.33,8.58,48.47,3.2,50.0,11.86,50.0,1.88,49.57,48.28,22.04,40.28,8.17,40.1,2.65,50.0,11.86,50.0,1.88,46.59,42.56,19.43,48.46,9.83,34.94,2.31,50.0,11.86,50.0,1.88,45.3,34.54,15.77,32.11,6.51,55.16,3.64,50.0,11.86,50.0,1.88,39.66
202609272202,2026-09-27,22,2R,realtime,67.18,30.66,46.42,9.41,39.57,2.61,67.28,15.96,64.62,2.42,61.07,54.42,24.84,50.51,10.24,54.71,3.61,49.35,11.71,77.35,2.9,53.3,52.68,24.05,42.33,8.58,48.47,3.2,50.49,11.98,50.36,1.89,49.7,48.28,22.04,40.28,8.17,40.1,2.65,40.97,9.72,16.61,0.62,43.2,42.56,19.43,48.46,9.83,34.94,2.31,48.58,11.52,55.39,2.08,45.16,34.54,15.77,32.11,6.51,55.16,3.64,43.35,10.28,35.74,1.34,37.54
202609272203,2026-09-27,22,3R,daily,67.18,30.66,46.42,9.41,54.01,3.57,50.0,11.86,50.0,1.88,57.38,54.42,24.84,46.42,9.41,33.98,2.24,50.0,11.86,50.0,1.88,50.23,52.68,24.05,50.51,10.24,51.86,3.42,50.0,11.86,50.0,1.88,51.45,48.28,22.04,50.51,10.24,49.53,3.27,50.0,11.86,50.0,1.88,49.29,42.56,19.43,44.37,9.0,50.19,3.31,50.0,11.86,50.0,1.88,45.48,34.54,15.77,48.46,9.83,43.6,2.88,50.0,11.86,50.0,1.88,42.21
202609272203,2026-09-27,22,3R,realtime,67.18,30.66,46.42,9.41,54.01,3.57,58.26,13.82,64.62,2.42,59.89,54.42,24.84,46.42,9.41,33.98,2.24,35.33,8.38,77.35,2.9,47.78,52.68,24.05,50.51,10.24,51.86,3.42,60.31,14.31,50.36,1.89,53.91,48.28,22.04,50.51,10.24,49.53,3.27,55.62,13.2,16.61,0.62,49.37,42.56,19.43,44.37,9.0,50.19,3.31,51.17,12.14,55.39,2.08,45.96,34.54,15.77,48.46,9.83,43.6,2.88,39.31,9.33,35.74,1.34,39.14
202609272204,2026-09-27,22,4R,daily,67.18,30.66,44.37,9.0,35.57,2.35,50.0,11.86,50.0,1.88,55.75,54.42,24.84,48.46,9.83,48.73,3.22,50.0,11.86,50.0,1.88,51.62,52.68,24.05,40.28,8.17,42.27,2.79,50.0,11.86,50.0,1.88,48.74,48.28,22.04,44.37,9.0,55.83,3.69,50.0,11.86,50.0,1.88,48.46,42.56,19.43,44.37,9.0,42.97,2.84,50.0,11.86,50.0,1.88,45.0,34.54,15.77,42.33,8.58,55.74,3.68,50.0,11.86,50.0,1.88,41.77
202609272204,2026-09-27,22,4R,realtime,67.18,30.66,44.37,9.0,35.57,2.35,46.58,11.05,64.62,2.42,55.48,54.42,24.84,48.46,9.83,48.73,3.22,58.81,13.95,77.35,2.9,54.74,52.68,24.05,40.28,8.17,42.27,2.79,43.89,10.41,50.36,1.89,47.31,48.28,22.04,44.37,9.0,55.83,3.69,56.23,13.34,16.61,0.62,48.68,42.56,19.43,44.37,9.0,42.97,2.84,54.08,12.83,55.39,2.08,46.17,34.54,15.77,42.33,8.58,55.74,3.68,40.44,9.59,35.74,1.34,38.96
202609272205,2026-09-27,22,5R,daily,67.18,30.66,48.46,9.83,40.12,2.65,50.0,11.86,50.0,1.88,56.88,54.42,24.84,50.51,10.24,48.26,3.19,50.0,11.86,50.0,1.88,52.01,52.68,24.05,48.46,9.83,28.39,1.87,50.0,11.86,50.0,1.88,49.49,48.28,22.04,44.37,9.0,33.59,2.22,50.0,11.86,50.0,1.88,46.99,42.56,19.43,32.11,6.51,41.33,2.73,50.0,11.86,50.0,1.88,42.4,34.54,15.77,56.64,11.49,58.35,3.85,50.0,11.86,50.0,1.88,44.84
202609272205,2026-09-27,22,5R,realtime,67.18,30.66,48.46,9.83,40.12,2.65,63.48,15.06,64.62,2.42,60.62,54.42,24.84,50.51,10.24,48.26,3.19,63.69,15.11,77.35,2.9,56.28,52.68,24.05,48.46,9.83,28.39,1.87,56.48,13.4,50.36,1.89,51.04,48.28,22.04,44.37,9.0,33.59,2.22,32.11,7.62,16.61,0.62,41.49,34.54,15.77,32.11,6.51,41.33,2.73,35.71,8.47,35.74,1.34,34.82,42.56,19.43,56.64,11.49,58.35,3.85,48.55,11.52,55.39,2.08,48.36
202609272206,2026-09-27,22,6R,daily,67.18,30.66,48.46,9.83,57.37,3.79,50.0,11.86,50.0,1.88,58.01,54.42,24.84,50.51,10.24,40.79,2.69,50.0,11.86,50.0,1.88,51.51,52.68,24.05,48.46,9.83,47.11,3.11,50.0,11.86,50.0,1.88,50.72,48.28,22.04,50.51,10.24,54.71,3.61,50.0,11.86,50.0,1.88,49.63,42.56,19.43,32.11,6.51,55.16,3.64,50.0,11.86,50.0,1.88,43.32,34.54,15.77,62.77,12.73,55.46,3.66,50.0,11.86,50.0,1.88,45.9
202609272206,2026-09-27,22,6R,realtime,67.18,30.66,48.46,9.83,57.37,3.79,55.58,13.18,57.75,2.17,59.63,54.42,24.84,50.51,10.24,40.79,2.69,50.4,11.96,72.16,2.71,52.44,52.68,24.05,48.46,9.83,47.11,3.11,45.84,10.87,65.91,2.47,50.33,48.28,22.04,50.51,10.24,54.71,3.61,56.41,13.38,20.9,0.78,50.06,34.54,15.77,32.11,6.51,55.16,3.64,40.23,9.54,33.22,1.25,36.71,42.56,19.43,62.77,12.73,55.46,3.66,51.56,12.23,50.1,1.88,49.93
202609272207,2026-09-27,22,7R,daily,67.18,30.66,52.55,10.66,57.0,3.76,50.0,11.86,50.0,1.88,58.82,54.42,24.84,48.46,9.83,46.38,3.06,50.0,11.86,50.0,1.88,51.47,52.68,24.05,40.28,8.17,40.1,2.65,50.0,11.86,50.0,1.88,48.6,48.28,22.04,44.37,9.0,50.19,3.31,50.0,11.86,50.0,1.88,48.09,42.56,19.43,46.42,9.41,39.57,2.61,50.0,11.86,50.0,1.88,45.19,34.54,15.77,38.24,7.75,61.84,4.08,50.0,11.86,50.0,1.88,41.34
202609272207,2026-09-27,22,7R,realtime,67.18,30.66,52.55,10.66,57.0,3.76,53.71,12.74,57.75,2.17,59.99,54.42,24.84,48.46,9.83,46.38,3.06,44.22,10.49,72.16,2.71,50.93,52.68,24.05,40.28,8.17,40.1,2.65,55.34,13.13,65.91,2.47,50.46,48.28,22.04,44.37,9.0,50.19,3.31,47.39,11.24,20.9,0.78,46.38,42.56,19.43,46.42,9.41,39.57,2.61,43.14,10.23,50.1,1.88,43.57,34.54,15.77,38.24,7.75,61.84,4.08,56.2,13.33,33.22,1.25,42.18
202609272208,2026-09-27,22,8R,daily,67.18,30.66,46.42,9.41,33.19,2.19,50.0,11.86,50.0,1.88,56.0,54.42,24.84,48.46,9.83,34.94,2.31,50.0,11.86,50.0,1.88,50.71,52.68,24.05,48.46,9.83,43.6,2.88,50.0,11.86,50.0,1.88,50.49,48.28,22.04,44.37,9.0,35.57,2.35,50.0,11.86,50.0,1.88,47.12,42.56,19.43,50.51,10.24,49.53,3.27,50.0,11.86,50.0,1.88,46.68,34.54,15.77,44.37,9.0,55.83,3.69,50.0,11.86,50.0,1.88,42.19
202609272208,2026-09-27,22,8R,realtime,67.18,30.66,46.42,9.41,33.19,2.19,51.52,12.22,57.75,2.17,56.65,54.42,24.84,48.46,9.83,34.94,2.31,55.5,13.17,72.16,2.71,52.85,52.68,24.05,48.46,9.83,43.6,2.88,43.6,10.34,65.91,2.47,49.57,48.28,22.04,44.37,9.0,35.57,2.35,47.41,11.25,20.9,0.78,45.41,42.56,19.43,50.51,10.24,49.53,3.27,58.23,13.81,50.1,1.88,48.63,34.54,15.77,44.37,9.0,55.83,3.69,43.76,10.38,33.22,1.25,40.08
202609272209,2026-09-27,22,9R,daily,67.18,30.66,48.46,9.83,28.39,1.87,50.0,11.86,50.0,1.88,56.1,54.42,24.84,48.46,9.83,46.37,3.06,50.0,11.86,50.0,1.88,51.47,52.68,24.05,52.55,10.66,50.31,3.32,50.0,11.86,50.0,1.88,51.76,48.28,22.04,40.28,8.17,42.27,2.79,50.0,11.86,50.0,1.88,46.73,42.56,19.43,46.42,9.41,33.98,2.24,50.0,11.86,50.0,1.88,44.82,34.54,15.77,42.33,8.58,48.47,3.2,50.0,11.86,50.0,1.88,41.29
202609272209,2026-09-27,22,9R,realtime,67.18,30.66,48.46,9.83,28.39,1.87,56.3,13.36,57.75,2.17,57.89,54.42,24.84,48.46,9.83,46.37,3.06,62.15,14.74,72.16,2.71,55.18,52.68,24.05,52.55,10.66,50.31,3.32,61.88,14.68,65.91,2.47,55.18,48.28,22.04,40.28,8.17,42.27,2.79,46.71,11.08,20.9,0.78,44.86,42.56,19.43,46.42,9.41,33.98,2.24,40.01,9.49,50.1,1.88,42.46,34.54,15.77,42.33,8.58,48.47,3.2,32.97,7.82,33.22,1.25,36.62
202609272210,2026-09-27,22,10R,daily,67.18,30.66,48.46,9.83,47.11,3.11,50.0,11.86,50.0,1.88,57.34,54.42,24.84,46.42,9.41,43.92,2.9,50.0,11.86,50.0,1.88,50.89,52.68,24.05,50.51,10.24,40.79,2.69,50.0,11.86,50.0,1.88,50.72,48.28,22.04,50.51,10.24,51.86,3.42,50.0,11.86,50.0,1.88,49.44,42.56,19.43,48.46,9.83,40.12,2.65,50.0,11.86,50.0,1.88,45.64,34.54,15.77,48.46,9.83,48.73,3.22,50.0,11.86,50.0,1.88,42.55
202609272210,2026-09-27,22,10R,realtime,67.18,30.66,48.46,9.83,47.11,3.11,45.11,10.7,57.75,2.17,56.47,54.42,24.84,46.42,9.41,43.92,2.9,64.03,15.19,72.16,2.71,55.05,52.68,24.05,50.51,10.24,40.79,2.69,47.81,11.34,65.91,2.47,50.8,48.28,22.04,50.51,10.24,51.86,3.42,58.19,13.8,20.9,0.78,50.29,42.56,19.43,48.46,9.83,40.12,2.65,50.58,12.0,50.1,1.88,45.78,34.54,15.77,48.46,9.83,48.73,3.22,34.29,8.13,33.22,1.25,38.19
202609272211,2026-09-27,22,11R,daily,67.18,30.66,62.77,12.73,55.46,3.66,50.0,11.86,50.0,1.88,60.79,54.42,24.84,56.64,11.49,58.35,3.85,50.0,11.86,50.0,1.88,53.92,52.68,24.05,62.77,12.73,39.16,2.59,50.0,11.86,50.0,1.88,53.1,48.28,22.04,52.55,10.66,57.0,3.76,50.0,11.86,50.0,1.88,50.19,42.56,19.43,48.46,9.83,46.38,3.06,50.0,11.86,50.0,1.88,46.05,34.54,15.77,50.51,10.24,48.26,3.19,50.0,11.86,50.0,1.88,42.93
202609272211,2026-09-27,22,11R,realtime,67.18,30.66,62.77,12.73,55.46,3.66,59.27,14.06,57.75,2.17,63.28,54.42,24.84,56.64,11.49,58.35,3.85,65.36,15.51,72.16,2.71,58.39,52.68,24.05,62.77,12.73,39.16,2.59,54.54,12.94,65.91,2.47,54.77,48.28,22.04,52.55,10.66,57.0,3.76,35.1,8.33,20.9,0.78,45.57,42.56,19.43,48.46,9.83,46.38,3.06,42.01,9.97,50.1,1.88,44.16,34.54,15.77,50.51,10.24,48.26,3.19,43.73,10.37,33.22,1.25,40.82
202609272212,2026-09-27,22,12R,daily,67.18,30.66,85.26,17.29,58.83,3.88,50.0,11.86,50.0,1.88,65.57,54.42,24.84,66.86,13.56,51.31,3.39,50.0,11.86,50.0,1.88,55.52,52.68,24.05,52.55,10.66,44.06,2.91,50.0,11.86,50.0,1.88,51.35,48.28,22.04,56.64,11.49,50.72,3.35,50.0,11.86,50.0,1.88,50.61,42.56,19.43,60.73,12.32,58.11,3.84,50.0,11.86,50.0,1.88,49.32,34.54,15.77,46.42,9.41,53.3,3.52,50.0,11.86,50.0,1.88,42.44
