レースコード,レース日,レース場コード,レース回,艇1_登録番号,艇1_選手名,艇1_前1節_開始日,艇1_前1節_終了日,艇1_前1節_場コード,艇1_前1節_場名,艇1_前1節_グレード,艇1_前1節_着順列,艇1_前2節_開始日,艇1_前2節_終了日,艇1_前2節_場コード,艇1_前2節_場名,艇1_前2節_グレード,艇1_前2節_着順列,艇1_前3節_開始日,艇1_前3節_終了日,艇1_前3節_場コード,艇1_前3節_場名,艇1_前3節_グレード,艇1_前3節_着順列,艇1_前4節_開始日,艇1_前4節_終了日,艇1_前4節_場コード,艇1_前4節_場名,艇1_前4節_グレード,艇1_前4節_着順列,艇1_前5節_開始日,艇1_前5節_終了日,艇1_前5節_場コード,艇1_前5節_場名,艇1_前5節_グレード,艇1_前5節_着順列,艇2_登録番号,艇2_選手名,艇2_前1節_開始日,艇2_前1節_終了日,艇2_前1節_場コード,艇2_前1節_場名,艇2_前1節_グレード,艇2_前1節_着順列,艇2_前2節_開始日,艇2_前2節_終了日,艇2_前2節_場コード,艇2_前2節_場名,艇2_前2節_グレード,艇2_前2節_着順列,艇2_前3節_開始日,艇2_前3節_終了日,艇2_前3節_場コード,艇2_前3節_場名,艇2_前3節_グレード,艇2_前3節_着順列,艇2_前4節_開始日,艇2_前4節_終了日,艇2_前4節_場コード,艇2_前4節_場名,艇2_前4節_グレード,艇2_前4節_着順列,艇2_前5節_開始日,艇2_前5節_終了日,艇2_前5節_場コード,艇2_前5節_場名,艇2_前5節_グレード,艇2_前5節_着順列,艇3_登録番号,艇3_選手名,艇3_前1節_開始日,艇3_前1節_終了日,艇3_前1節_場コード,艇3_前1節_場名,艇3_前1節_グレード,艇3_前1節_着順列,艇3_前2節_開始日,艇3_前2節_終了日,艇3_前2節_場コード,艇3_前2節_場名,艇3_前2節_グレード,艇3_前2節_着順列,艇3_前3節_開始日,艇3_前3節_終了日,艇3_前3節_場コード,艇3_前3節_場名,艇3_前3節_グレード,艇3_前3節_着順列,艇3_前4節_開始日,艇3_前4節_終了日,艇3_前4節_場コード,艇3_前4節_場名,艇3_前4節_グレード,艇3_前4節_着順列,艇3_前5節_開始日,艇3_前5節_終了日,艇3_前5節_場コード,艇3_前5節_場名,艇3_前5節_グレード,艇3_前5節_着順列,艇4_登録番号,艇4_選手名,艇4_前1節_開始日,艇4_前1節_終了日,艇4_前1節_場コード,艇4_前1節_場名,艇4_前1節_グレード,艇4_前1節_着順列,艇4_前2節_開始日,艇4_前2節_終了日,艇4_前2節_場コード,艇4_前2節_場名,艇4_前2節_グレード,艇4_前2節_着順列,艇4_前3節_開始日,艇4_前3節_終了日,艇4_前3節_場コード,艇4_前3節_場名,艇4_前3節_グレード,艇4_前3節_着順列,艇4_前4節_開始日,艇4_前4節_終了日,艇4_前4節_場コード,艇4_前4節_場名,艇4_前4節_グレード,艇4_前4節_着順列,艇4_前5節_開始日,艇4_前5節_終了日,艇4_前5節_場コード,艇4_前5節_場名,艇4_前5節_グレード,艇4_前5節_着順列,艇5_登録番号,艇5_選手名,艇5_前1節_開始日,艇5_前1節_終了日,艇5_前1節_場コード,艇5_前1節_場名,艇5_前1節_グレード,艇5_前1節_着順列,艇5_前2節_開始日,艇5_前2節_終了日,艇5_前2節_場コード,艇5_前2節_場名,艇5_前2節_グレード,艇5_前2節_着順列,艇5_前3節_開始日,艇5_前3節_終了日,艇5_前3節_場コード,艇5_前3節_場名,艇5_前3節_グレード,艇5_前3節_着順列,艇5_前4節_開始日,艇5_前4節_終了日,艇5_前4節_場コード,艇5_前4節_場名,艇5_前4節_グレード,艇5_前4節_着順列,艇5_前5節_開始日,艇5_前5節_終了日,艇5_前5節_場コード,艇5_前5節_場名,艇5_前5節_グレード,艇5_前5節_着順列,艇6_登録番号,艇6_選手名,艇6_前1節_開始日,艇6_前1節_終了日,艇6_前1節_場コード,艇6_前1節_場名,艇6_前1節_グレード,艇6_前1節_着順列,艇6_前2節_開始日,艇6_前2節_終了日,艇6_前2節_場コード,艇6_前2節_場名,艇6_前2節_グレード,艇6_前2節_着順列,艇6_前3節_開始日,艇6_前3節_終了日,艇6_前3節_場コード,艇6_前3節_場名,艇6_前3節_グレード,艇6_前3節_着順列,艇6_前4節_開始日,艇6_前4節_終了日,艇6_前4節_場コード,艇6_前4節_場名,艇6_前4節_グレード,艇6_前4節_着順列,艇6_前5節_開始日,艇6_前5節_終了日,艇6_前5節_場コード,艇6_前5節_場名,艇6_前5節_グレード,艇6_前5節_着順列
202610070101,2026-10-07,01,01R,3652,森下 勇,2026-02-14,2026-02-18,01,桐生,一般,６　４４５　３５５,2025-12-13,2025-12-17,01,桐生,一般,４　６６５　３５４,2025-08-11,2025-08-16,01,桐生,一般,６５４　６　２１２６４,2025-05-01,2025-05-06,01,桐生,一般,１　６６落,2025-03-03,2025-03-08,01,桐生,一般,２６　　５４６　２　１５,3596,河上 年昭,2026-06-05,2026-06-10,01,桐生,一般,４　５４６２１　２３２２,2026-01-12,2026-01-17,01,桐生,一般,５　５５１　４４５　３１,2024-08-29,2024-09-03,01,桐生,一般,３２３　３１５　３３１１,2024-08-11,2024-08-16,01,桐生,一般,４５４　不　６５６３２,2024-04-14,2024-04-18,01,桐生,一般,２３４　３３３５４４,3848,川上 聡介,2026-03-06,2026-03-12,01,桐生,一般,２５　　３　６４１１転５２６,2025-11-21,2025-11-25,01,桐生,一般,３２５　３　１４４４,2024-10-15,2024-10-20,01,桐生,一般,５　６５,2024-03-17,2024-03-23,01,桐生,一般,３６３　５５２　６４３,2023-11-23,2023-11-28,01,桐生,ＧⅢ,２６６　２２２　６５２,5046,松山 裕基,2026-01-12,2026-01-17,01,桐生,一般,６４６　５　４２６　６,2025-07-24,2025-07-29,01,桐生,一般,１４３　４２２　５４３６,2023-04-04,2023-04-09,01,桐生,一般,２６５　４３５　５　４５,2021-12-16,2021-12-21,01,桐生,一般,５　２６５　２５１　５２,,,,,,,4151,下河 誉史,2026-06-25,2026-06-30,01,桐生,ＧⅢ,５５５　１５５　５　１５,2024-07-05,2024-07-10,01,桐生,一般,３３２２２　２４５２[６],2018-12-05,2018-12-09,01,桐生,一般,４２２５３２２　２４,2017-11-07,2017-11-12,01,桐生,一般,１４２　３１５　４２[５],2015-06-19,2015-06-23,01,桐生,一般,６　５４１　１　２３,4245,高橋 直哉,2025-10-21,2025-10-26,01,桐生,ＧⅢ,６３４　４６５　５　６６,2024-05-11,2024-05-16,01,桐生,一般,５３４　４４２　２２３４,2024-02-16,2024-02-19,01,桐生,一般,３　２６５３１,2023-03-17,2023-03-21,01,桐生,一般,６　４６５　１　２,2023-01-02,2023-01-07,01,桐生,一般,２４４　４４３　３６６４
202610070102,2026-10-07,01,02R,3546,中里 昌志,2026-04-01,2026-04-06,01,桐生,一般,６３３　６５４　２　６３,2025-12-27,2025-12-31,01,桐生,一般,４５３　６４３　３４,2025-07-04,2025-07-09,01,桐生,一般,４２２　６６５　５　１２,2025-01-31,2025-02-05,01,桐生,一般,３４４　６５２　１　１３,2024-06-06,2024-06-11,01,桐生,一般,４３４　１４１　５５３４,5311,小林 京平,2026-03-16,2026-03-21,01,桐生,一般,４　５６２２３　４５５,,,,,,,,,,,,,,,,,,,,,,,,,4550,石岡 将太,2026-08-11,2026-08-16,01,桐生,一般,６３５　４５２　１５１,2026-05-12,2026-05-16,01,桐生,一般,５４４　３　１４６３,2026-02-05,2026-02-10,01,桐生,一般,１２３　２１２　１１[４],2025-10-21,2025-10-26,01,桐生,ＧⅢ,２　１３２３２５６３２２,2025-08-11,2025-08-16,01,桐生,一般,５　２１５３３　２６３１,4837,酒井 陽祐,2024-12-14,2024-12-18,01,桐生,一般,６　２２４　５　３４,2023-03-25,2023-03-29,01,桐生,一般,４　４４６　２２１４,2022-03-22,2022-03-25,01,桐生,一般,４　５５転　１５,2021-10-15,2021-10-19,01,桐生,一般,５　４４６　３　５２,2021-05-13,2021-05-18,01,桐生,一般,３　５４１４４　４４３,3635,石田 政吾,2026-05-28,2026-06-02,01,桐生,一般,３２６　４６５　２,2025-10-30,2025-11-04,01,桐生,一般,１　６６３２６　２２６１,2025-03-21,2025-03-27,01,桐生,一般,２４４４　　３　２３６６２６,2024-08-29,2024-09-03,01,桐生,一般,１３２１３　４１４２[５],2023-09-05,2023-09-09,01,桐生,一般,３２１５４　３６３３,4803,飯田 庄吾,2020-09-27,2020-10-01,01,桐生,一般,６　５４転,2020-01-22,2020-01-27,01,桐生,一般,５　２４５６２　５　５３,2017-03-21,2017-03-24,01,桐生,一般,３５４　６　６４,,,,,,,,,,,,
202610070103,2026-10-07,01,03R,5187,小坂 風太,2024-05-23,2024-05-28,01,桐生,一般,４　１２３　６４１５１３,,,,,,,,,,,,,,,,,,,,,,,,,4110,小澤 和也,2026-05-19,2026-05-24,01,桐生,一般,４６２　２５５　５　F３,2025-07-04,2025-07-09,01,桐生,一般,５　６５３　１６５　４５,2024-10-24,2024-10-29,01,桐生,ＧⅢ,４　６５１　２５１２５６,2023-12-28,2023-12-31,01,桐生,一般,３５５　１　１６,2023-03-04,2023-03-07,01,桐生,一般,２２４　１６６５,4155,長野 壮志郎,2025-05-25,2025-05-30,01,桐生,一般,６　１２４６２５２　１１,2023-12-21,2023-12-25,01,桐生,一般,１３４４２　１２[４],2018-02-03,2018-02-08,01,桐生,一般,３　１２２１１５１１[１],2017-01-15,2017-01-19,01,桐生,一般,３５４４６６４　４,2016-09-02,2016-09-06,01,桐生,一般,４１１１１４２１[１],3968,茶谷 信次,2025-12-13,2025-12-17,01,桐生,一般,２１３３２４４３３１,2025-08-24,2025-08-29,01,桐生,一般,５６２　４４２　４１２１,2025-02-22,2025-02-27,01,桐生,一般,１４３　５５６　４３３,2023-12-09,2023-12-13,01,桐生,一般,５３２３２５５５４６,2023-09-28,2023-10-02,01,桐生,一般,４１５５１４４３１５,5455,澁澤 周羽,2026-08-11,2026-08-16,01,桐生,一般,６　４　６６６　６３５,2026-05-01,2026-05-06,01,桐生,一般,６　５　６５　　６６６６,,,,,,,,,,,,,,,,,,,3532,柴田 光,2026-08-11,2026-08-16,01,桐生,一般,２　４４欠,2026-06-25,2026-06-30,01,桐生,ＧⅢ,２４６　１５２　１５２３,2026-05-01,2026-05-06,01,桐生,一般,４１３　４６　　１３２５,2026-04-12,2026-04-17,01,桐生,ＧⅠ,５　４４３　４５６２１,2026-01-02,2026-01-07,01,桐生,一般,４　転欠
202610070104,2026-10-07,01,04R,3577,向所 浩二,2025-09-06,2025-09-11,01,桐生,一般,５　４１１　F６４　６,2020-04-10,2020-04-15,01,桐生,一般,４６１　１５６３４　１５,2019-05-31,2019-06-05,01,桐生,ＧⅠ,１　３５２　２４６　５３,2016-06-04,2016-06-09,01,桐生,ＧⅠ,６　６４６,2016-03-13,2016-03-17,01,桐生,一般,１５１１２３６１[１],4871,菊池 宏志,2024-05-23,2024-05-28,01,桐生,一般,３　４５５　１４３５３,2023-11-01,2023-11-06,01,桐生,一般,６５５　４５５　５　４３,2019-07-15,2019-07-20,01,桐生,一般,１　６３５　６４６　５４,2018-03-01,2018-03-07,01,桐生,一般,６　２　３６５　２　６６２,,,,,,,4093,吉田 宗弘,2026-07-04,2026-07-09,01,桐生,一般,２５２　４５６　５　４４,2026-02-05,2026-02-10,01,桐生,一般,２５１　４６６　５６６,2025-08-02,2025-08-07,01,桐生,一般,４　６２３　４４４５５,2023-04-16,2023-04-21,01,桐生,一般,２　２　３５５３４　６欠,2023-03-25,2023-03-29,01,桐生,一般,５５５　２　４３,4051,清水 敦揮,2025-11-21,2025-11-25,01,桐生,一般,１４５３２　３６１６,2018-07-14,2018-07-19,01,桐生,一般,３　１２１３４２１６１２,2017-11-07,2017-11-12,01,桐生,一般,５　１３２２１２３２[３],2016-02-08,2016-02-13,01,桐生,一般,２１５　１３１２２３[３],2015-06-27,2015-06-30,01,桐生,一般,６６１３６５４,3973,崎 利仁,2026-08-11,2026-08-16,01,桐生,一般,６　３３４　２　１４１１,2026-06-14,2026-06-18,01,桐生,一般,１２６　４３２３５４,2026-05-01,2026-05-06,01,桐生,一般,４　５２２　５　３１３２,2026-04-12,2026-04-17,01,桐生,ＧⅠ,　　　　　　　　６６６,2026-04-01,2026-04-06,01,桐生,一般,１落２　５　５５４　４６,4142,平野 和明,2023-11-15,2023-11-19,01,桐生,一般,６　２３２２２　４２,2023-06-14,2023-06-19,01,桐生,一般,４　１５５５６４２　３３,2023-02-15,2023-02-19,01,桐生,一般,４４５　２４６３２３,2022-10-09,2022-10-13,01,桐生,一般,３４１５５２２５１６,2021-07-23,2021-07-28,01,桐生,一般,４２４　４３４２１３２３
202610070105,2026-10-07,01,05R,4393,田中 孝明,2026-07-14,2026-07-19,01,桐生,一般,３　５２４　２５６　４,2026-01-21,2026-01-25,01,桐生,一般,４５６　３　２４６,2024-07-25,2024-07-30,01,桐生,一般,５　３４３　６６４　４,2020-09-09,2020-09-13,01,桐生,一般,３３４　４　５３４,2020-01-11,2020-01-16,01,桐生,一般,４２４　６３５　５　２４,4950,高岡 竜也,2025-11-29,2025-12-04,01,桐生,一般,１１１　６６１５１３５１,2023-03-25,2023-03-29,01,桐生,一般,１１６４３　１２[６],2020-10-05,2020-10-10,01,桐生,一般,２３５　３６５　４１２,2018-07-23,2018-07-27,01,桐生,一般,５　６　５６３　５２,2018-02-21,2018-02-25,01,桐生,一般,６　４　６５４　４３,4303,牧原 崇,2026-05-12,2026-05-16,01,桐生,一般,５４４　３　３５５,2025-01-31,2025-02-05,01,桐生,一般,５４１　３３５　２５６３,2023-07-14,2023-07-17,01,桐生,一般,２３６　６　４４,2021-01-19,2021-01-23,01,桐生,一般,３２５　３３５　２６,2020-08-04,2020-08-09,01,桐生,一般,２１３　３　３４５６２６,4886,入海 馨,2024-09-18,2024-09-23,01,桐生,ＧⅠ,４１４　１　３４６　１４,2024-04-14,2024-04-18,01,桐生,一般,２５３３２４１３１６,2023-01-19,2023-01-23,01,桐生,一般,４４２１１３３２[４],2022-03-03,2022-03-07,01,桐生,一般,　　１５４３１１３１,2019-12-13,2019-12-16,01,桐生,一般,１６１４３　２２,4143,浦田 晃嗣,2023-05-27,2023-05-31,01,桐生,一般,４３４　１　５２６,2021-11-23,2021-11-28,01,桐生,ＧⅢ,６５５　２　６６５　４５,2020-04-10,2020-04-15,01,桐生,一般,５　５　３５６　４６５,2018-07-14,2018-07-19,01,桐生,一般,２４４　６５６　３　１２,2017-11-07,2017-11-12,01,桐生,一般,２　５６５５４　１６３３,5364,金子 怜央,2026-08-11,2026-08-16,01,桐生,一般,６　３　４６６　５６６,2026-03-16,2026-03-21,01,桐生,一般,４　４４６　３５６　６４,2026-03-06,2026-03-12,01,桐生,一般,　　　　　　　　　　　　４６,2026-02-24,2026-03-01,01,桐生,一般,６　５３５　３４６　４１,2025-12-27,2025-12-31,01,桐生,一般,４　２転４　６６６５
202610070106,2026-10-07,01,06R,3612,馬袋 義則,2026-02-05,2026-02-10,01,桐生,一般,２４１　２１１１２６[１],2025-01-17,2025-01-22,01,桐生,ＧⅢ,１２１３３　１２６１[５],2024-02-07,2024-02-12,01,桐生,一般,２１３　２２２２３１[２],2023-10-09,2023-10-14,01,桐生,一般,３１３６１　１２１転,2021-08-19,2021-08-23,01,桐生,一般,１５６２１３１４２３,3947,寺本 昇平,2026-08-11,2026-08-16,01,桐生,一般,５　５５１　５　２２５３,2026-06-25,2026-06-30,01,桐生,ＧⅢ,６　６３３　６６１　５,2026-05-01,2026-05-06,01,桐生,一般,４４１　２５３　２６４,2026-01-02,2026-01-07,01,桐生,一般,５２１　３４５　４６５５,2025-08-11,2025-08-16,01,桐生,一般,１１３　６３４　４　１３,3294,野中 義生,2026-02-05,2026-02-10,01,桐生,一般,２６４　５５３　４５６,2025-06-26,2025-06-30,01,桐生,一般,１　３４３　２３３２,2025-03-21,2025-03-27,01,桐生,一般,５６６　３　６　３４４　３４,2024-04-05,2024-04-10,01,桐生,一般,４　４３１　４３４６２,2023-12-21,2023-12-25,01,桐生,一般,２５５　６５５　６,3652,森下 勇,2026-02-14,2026-02-18,01,桐生,一般,６　４４５　３５５,2025-12-13,2025-12-17,01,桐生,一般,４　６６５　３５４,2025-08-11,2025-08-16,01,桐生,一般,６５４　６　２１２６４,2025-05-01,2025-05-06,01,桐生,一般,１　６６落,2025-03-03,2025-03-08,01,桐生,一般,２６　　５４６　２　１５,3546,中里 昌志,2026-04-01,2026-04-06,01,桐生,一般,６３３　６５４　２　６３,2025-12-27,2025-12-31,01,桐生,一般,４５３　６４３　３４,2025-07-04,2025-07-09,01,桐生,一般,４２２　６６５　５　１２,2025-01-31,2025-02-05,01,桐生,一般,３４４　６５２　１　１３,2024-06-06,2024-06-11,01,桐生,一般,４３４　１４１　５５３４,3875,廣中 良一,2023-03-25,2023-03-29,01,桐生,一般,２５５　１５２６６６,2018-09-16,2018-09-20,01,桐生,一般,３２６　５　２５６,2018-01-26,2018-01-30,01,桐生,一般,６　３６４　６　５４,2017-01-15,2017-01-19,01,桐生,一般,３６３　３　１３６６,2016-09-20,2016-09-25,01,桐生,ＧⅢ,１　１６６６４　２６５５
202610070107,2026-10-07,01,07R,4550,石岡 将太,2026-08-11,2026-08-16,01,桐生,一般,６３５　４５２　１５１,2026-05-12,2026-05-16,01,桐生,一般,５４４　３　１４６３,2026-02-05,2026-02-10,01,桐生,一般,１２３　２１２　１１[４],2025-10-21,2025-10-26,01,桐生,ＧⅢ,２　１３２３２５６３２２,2025-08-11,2025-08-16,01,桐生,一般,５　２１５３３　２６３１,4245,高橋 直哉,2025-10-21,2025-10-26,01,桐生,ＧⅢ,６３４　４６５　５　６６,2024-05-11,2024-05-16,01,桐生,一般,５３４　４４２　２２３４,2024-02-16,2024-02-19,01,桐生,一般,３　２６５３１,2023-03-17,2023-03-21,01,桐生,一般,６　４６５　１　２,2023-01-02,2023-01-07,01,桐生,一般,２４４　４４３　３６６４,4528,黒井 達矢,2026-01-12,2026-01-17,01,桐生,一般,３３１　２２６　２２[５],2025-10-30,2025-11-04,01,桐生,一般,１１２　１１１２３１[１],2025-02-22,2025-02-27,01,桐生,一般,１６４１４　３５３２５,2024-05-11,2024-05-16,01,桐生,一般,１５４　１１３転３２[F],2022-07-30,2022-08-03,01,桐生,一般,４１２１２２１２[４],3550,都築 正治,2026-04-21,2026-04-25,01,桐生,一般,３　２２６３２４２５,2025-10-21,2025-10-26,01,桐生,ＧⅢ,４５６　１,2025-06-17,2025-06-22,01,桐生,一般,６　２２１３１　２５１４,2024-07-25,2024-07-30,01,桐生,一般,４　４２２　２３６１[６],2024-02-07,2024-02-12,01,桐生,一般,４４２　１６２　１４６６,5379,,,,,,,,,,,,,,,,,,,,,,,,,,,,,,,,5455,澁澤 周羽,2026-08-11,2026-08-16,01,桐生,一般,６　４　６６６　６３５,2026-05-01,2026-05-06,01,桐生,一般,６　５　６５　　６６６６,,,,,,,,,,,,,,,,,,
202610070108,2026-10-07,01,08R,3385,渡邉 睦広,2026-04-21,2026-04-25,01,桐生,一般,６２１　５５５　５,2026-02-05,2026-02-10,01,桐生,一般,５　２３１４３５２　３６,2025-05-10,2025-05-13,01,桐生,一般,２　３４２６２４,2024-11-07,2024-11-12,01,桐生,一般,３３６　４４１１４　１２,2023-06-23,2023-06-28,01,桐生,一般,３１３　３３３　４４５４,3577,向所 浩二,2025-09-06,2025-09-11,01,桐生,一般,５　４１１　F６４　６,2020-04-10,2020-04-15,01,桐生,一般,４６１　１５６３４　１５,2019-05-31,2019-06-05,01,桐生,ＧⅠ,１　３５２　２４６　５３,2016-06-04,2016-06-09,01,桐生,ＧⅠ,６　６４６,2016-03-13,2016-03-17,01,桐生,一般,１５１１２３６１[１],5187,小坂 風太,2024-05-23,2024-05-28,01,桐生,一般,４　１２３　６４１５１３,,,,,,,,,,,,,,,,,,,,,,,,,3596,河上 年昭,2026-06-05,2026-06-10,01,桐生,一般,４　５４６２１　２３２２,2026-01-12,2026-01-17,01,桐生,一般,５　５５１　４４５　３１,2024-08-29,2024-09-03,01,桐生,一般,３２３　３１５　３３１１,2024-08-11,2024-08-16,01,桐生,一般,４５４　不　６５６３２,2024-04-14,2024-04-18,01,桐生,一般,２３４　３３３５４４,5234,塚越 海斗,2026-08-11,2026-08-16,01,桐生,一般,４３３　３４１６３　１４,2026-06-05,2026-06-10,01,桐生,一般,４１２　１１１３３１[１],2026-05-12,2026-05-16,01,桐生,一般,２１１１２３６１[２],2026-05-01,2026-05-06,01,桐生,一般,１１２６２　３　２　[５],2026-03-16,2026-03-21,01,桐生,一般,１３１３３　１３１３５３,4837,酒井 陽祐,2024-12-14,2024-12-18,01,桐生,一般,６　２２４　５　３４,2023-03-25,2023-03-29,01,桐生,一般,４　４４６　２２１４,2022-03-22,2022-03-25,01,桐生,一般,４　５５転　１５,2021-10-15,2021-10-19,01,桐生,一般,５　４４６　３　５２,2021-05-13,2021-05-18,01,桐生,一般,３　５４１４４　４４３
202610070109,2026-10-07,01,09R,3635,石田 政吾,2026-05-28,2026-06-02,01,桐生,一般,３２６　４６５　２,2025-10-30,2025-11-04,01,桐生,一般,１　６６３２６　２２６１,2025-03-21,2025-03-27,01,桐生,一般,２４４４　　３　２３６６２６,2024-08-29,2024-09-03,01,桐生,一般,１３２１３　４１４２[５],2023-09-05,2023-09-09,01,桐生,一般,３２１５４　３６３３,3800,牧 宏次,2026-06-05,2026-06-10,01,桐生,一般,２３２３４　２　１４１２,2025-01-17,2025-01-22,01,桐生,ＧⅢ,５　１４１５１　２６３５,2024-03-05,2024-03-10,01,桐生,一般,２２４　２６３５４５５３,2023-12-21,2023-12-25,01,桐生,一般,６３５　１６２　４２,2022-12-27,2022-12-31,01,桐生,一般,１３２３２５３２[６],4871,菊池 宏志,2024-05-23,2024-05-28,01,桐生,一般,３　４５５　１４３５３,2023-11-01,2023-11-06,01,桐生,一般,６５５　４５５　５　４３,2019-07-15,2019-07-20,01,桐生,一般,１　６３５　６４６　５４,2018-03-01,2018-03-07,01,桐生,一般,６　２　３６５　２　６６２,,,,,,,4393,田中 孝明,2026-07-14,2026-07-19,01,桐生,一般,３　５２４　２５６　４,2026-01-21,2026-01-25,01,桐生,一般,４５６　３　２４６,2024-07-25,2024-07-30,01,桐生,一般,５　３４３　６６４　４,2020-09-09,2020-09-13,01,桐生,一般,３３４　４　５３４,2020-01-11,2020-01-16,01,桐生,一般,４２４　６３５　５　２４,3968,茶谷 信次,2025-12-13,2025-12-17,01,桐生,一般,２１３３２４４３３１,2025-08-24,2025-08-29,01,桐生,一般,５６２　４４２　４１２１,2025-02-22,2025-02-27,01,桐生,一般,１４３　５５６　４３３,2023-12-09,2023-12-13,01,桐生,一般,５３２３２５５５４６,2023-09-28,2023-10-02,01,桐生,一般,４１５５１４４３１５,3848,川上 聡介,2026-03-06,2026-03-12,01,桐生,一般,２５　　３　６４１１転５２６,2025-11-21,2025-11-25,01,桐生,一般,３２５　３　１４４４,2024-10-15,2024-10-20,01,桐生,一般,５　６５,2024-03-17,2024-03-23,01,桐生,一般,３６３　５５２　６４３,2023-11-23,2023-11-28,01,桐生,ＧⅢ,２６６　２２２　６５２
202610070110,2026-10-07,01,10R,4151,下河 誉史,2026-06-25,2026-06-30,01,桐生,ＧⅢ,５５５　１５５　５　１５,2024-07-05,2024-07-10,01,桐生,一般,３３２２２　２４５２[６],2018-12-05,2018-12-09,01,桐生,一般,４２２５３２２　２４,2017-11-07,2017-11-12,01,桐生,一般,１４２　３１５　４２[５],2015-06-19,2015-06-23,01,桐生,一般,６　５４１　１　２３,4886,入海 馨,2024-09-18,2024-09-23,01,桐生,ＧⅠ,４１４　１　３４６　１４,2024-04-14,2024-04-18,01,桐生,一般,２５３３２４１３１６,2023-01-19,2023-01-23,01,桐生,一般,４４２１１３３２[４],2022-03-03,2022-03-07,01,桐生,一般,　　１５４３１１３１,2019-12-13,2019-12-16,01,桐生,一般,１６１４３　２２,3532,柴田 光,2026-08-11,2026-08-16,01,桐生,一般,２　４４欠,2026-06-25,2026-06-30,01,桐生,ＧⅢ,２４６　１５２　１５２３,2026-05-01,2026-05-06,01,桐生,一般,４１３　４６　　１３２５,2026-04-12,2026-04-17,01,桐生,ＧⅠ,５　４４３　４５６２１,2026-01-02,2026-01-07,01,桐生,一般,４　転欠,4142,平野 和明,2023-11-15,2023-11-19,01,桐生,一般,６　２３２２２　４２,2023-06-14,2023-06-19,01,桐生,一般,４　１５５５６４２　３３,2023-02-15,2023-02-19,01,桐生,一般,４４５　２４６３２３,2022-10-09,2022-10-13,01,桐生,一般,３４１５５２２５１６,2021-07-23,2021-07-28,01,桐生,一般,４２４　４３４２１３２３,3656,伯母 芳恒,2026-03-06,2026-03-12,01,桐生,一般,３　１　３５６　４２３３１,2025-10-07,2025-10-13,01,桐生,一般,２１５　５　２２５３２２[５],2024-04-05,2024-04-10,01,桐生,一般,１３３　２６２　４５１４,2023-05-27,2023-05-31,01,桐生,一般,６　５６２３１　４４,2023-03-17,2023-03-21,01,桐生,一般,２１２５６４１２[４],4637,中田 友也,2026-04-01,2026-04-06,01,桐生,一般,３６３１６　２６１　１３,2025-08-11,2025-08-16,01,桐生,一般,６５２　４　４４３２３,2025-05-17,2025-05-21,01,桐生,一般,４２４　４６３　３２,2025-02-22,2025-02-27,01,桐生,一般,６５４　６６５　４　６４,2024-08-29,2024-09-03,01,桐生,一般,４　６５１　５４３　１４
202610070111,2026-10-07,01,11R,4303,牧原 崇,2026-05-12,2026-05-16,01,桐生,一般,５４４　３　３５５,2025-01-31,2025-02-05,01,桐生,一般,５４１　３３５　２５６３,2023-07-14,2023-07-17,01,桐生,一般,２３６　６　４４,2021-01-19,2021-01-23,01,桐生,一般,３２５　３３５　２６,2020-08-04,2020-08-09,01,桐生,一般,２１３　３　３４５６２６,4581,吉村 誠,2026-05-28,2026-06-02,01,桐生,一般,１１３　４１４２[４],2025-11-21,2025-11-25,01,桐生,一般,６１２４１３２１[６],2025-08-02,2025-08-07,01,桐生,一般,２３４　１２６　１４１１,2023-02-02,2023-02-07,01,桐生,一般,３５２　６４２　４１５,2022-06-16,2022-06-19,01,桐生,一般,４１１３３５２３,4051,清水 敦揮,2025-11-21,2025-11-25,01,桐生,一般,１４５３２　３６１６,2018-07-14,2018-07-19,01,桐生,一般,３　１２１３４２１６１２,2017-11-07,2017-11-12,01,桐生,一般,５　１３２２１２３２[３],2016-02-08,2016-02-13,01,桐生,一般,２１５　１３１２２３[３],2015-06-27,2015-06-30,01,桐生,一般,６６１３６５４,4155,長野 壮志郎,2025-05-25,2025-05-30,01,桐生,一般,６　１２４６２５２　１１,2023-12-21,2023-12-25,01,桐生,一般,１３４４２　１２[４],2018-02-03,2018-02-08,01,桐生,一般,３　１２２１１５１１[１],2017-01-15,2017-01-19,01,桐生,一般,３５４４６６４　４,2016-09-02,2016-09-06,01,桐生,一般,４１１１１４２１[１],5311,小林 京平,2026-03-16,2026-03-21,01,桐生,一般,４　５６２２３　４５５,,,,,,,,,,,,,,,,,,,,,,,,,5049,松井 友汰,2025-12-13,2025-12-17,01,桐生,一般,２　３１１２１３６１,2023-04-04,2023-04-09,01,桐生,一般,６　３４５　３３３　４３,2021-02-17,2021-02-22,01,桐生,一般,５　２４２５４　５　３F,2019-09-24,2019-09-29,01,桐生,一般,４　５５６　５４６　２６,,,,,,
202610070112,2026-10-07,01,12R,4528,黒井 達矢,2026-01-12,2026-01-17,01,桐生,一般,３３１　２２６　２２[５],2025-10-30,2025-11-04,01,桐生,一般,１１２　１１１２３１[１],2025-02-22,2025-02-27,01,桐生,一般,１６４１４　３５３２５,2024-05-11,2024-05-16,01,桐生,一般,１５４　１１３転３２[F],2022-07-30,2022-08-03,01,桐生,一般,４１２１２２１２[４],3612,馬袋 義則,2026-02-05,2026-02-10,01,桐生,一般,２４１　２１１１２６[１],2025-01-17,2025-01-22,01,桐生,ＧⅢ,１２１３３　１２６１[５],2024-02-07,2024-02-12,01,桐生,一般,２１３　２２２２３１[２],2023-10-09,2023-10-14,01,桐生,一般,３１３６１　１２１転,2021-08-19,2021-08-23,01,桐生,一般,１５６２１３１４２３,5234,塚越 海斗,2026-08-11,2026-08-16,01,桐生,一般,４３３　３４１６３　１４,2026-06-05,2026-06-10,01,桐生,一般,４１２　１１１３３１[１],2026-05-12,2026-05-16,01,桐生,一般,２１１１２３６１[２],2026-05-01,2026-05-06,01,桐生,一般,１１２６２　３　２　[５],2026-03-16,2026-03-21,01,桐生,一般,１３１３３　１３１３５３,4506,稗田 聖也,2026-06-05,2026-06-10,01,桐生,一般,１５３　６１１　４３１６,2026-02-24,2026-03-01,01,桐生,一般,１　３３６２２　１　１５,2025-10-21,2025-10-26,01,桐生,ＧⅢ,５　５５３３１　１６３１,2025-05-25,2025-05-30,01,桐生,一般,６６３　１３２　６６２,2024-01-27,2024-01-31,01,桐生,一般,５４６　２　２５５６,4294,古賀 繁輝,2026-04-12,2026-04-17,01,桐生,ＧⅠ,６　６F６　５６４　５,2024-10-06,2024-10-11,01,桐生,ＧⅠ,５１３　２６６　３３２４,2024-07-05,2024-07-10,01,桐生,一般,６　転欠,2023-05-17,2023-05-22,01,桐生,ＧⅡ,２　４　３３落,2018-10-19,2018-10-22,01,桐生,一般,５　２２３５,4950,高岡 竜也,2025-11-29,2025-12-04,01,桐生,一般,１１１　６６１５１３５１,2023-03-25,2023-03-29,01,桐生,一般,１１６４３　１２[６],2020-10-05,2020-10-10,01,桐生,一般,２３５　３６５　４１２,2018-07-23,2018-07-27,01,桐生,一般,５　６　５６３　５２,2018-02-21,2018-02-25,01,桐生,一般,６　４　６５４　４３
202610070301,2026-10-07,03,01R,4414,大澤 真菜,2026-01-23,2026-01-28,03,江戸川,ＧⅢ,５５６　２３４　５４５,2025-09-02,2025-09-08,03,江戸川,一般,６４５４１　２５６　３３,2023-09-24,2023-09-29,03,江戸川,一般,２６２　F６６　４６５,2023-05-30,2023-06-06,03,江戸川,ＧⅢ,６　３５５５５５４３１,2020-06-17,2020-06-22,03,江戸川,ＧⅢ,２２３４２　６４３６,4843,深尾 巴恵,2025-03-24,2025-03-29,03,江戸川,一般,１　４２２　３４３５３５,2024-10-14,2024-10-19,03,江戸川,ＧⅢ,５４２　６５,2023-09-24,2023-09-29,03,江戸川,一般,２５３　３４２　４３１３,2022-09-05,2022-09-10,03,江戸川,ＧⅢ,１４３　５３６５３３５５,2022-05-11,2022-05-16,03,江戸川,一般,３　５５１５２　４３２３,4941,孫崎 百世,2024-10-14,2024-10-19,03,江戸川,ＧⅢ,６６F１６,2023-09-24,2023-09-29,03,江戸川,一般,１転２　２３５５４　６３,2022-05-11,2022-05-16,03,江戸川,一般,６　３２５３５　転２４１,2022-01-23,2022-01-28,03,江戸川,一般,３１１　２４５２４　３５,2020-01-15,2020-01-20,03,江戸川,ＧⅢ,６４転,5320,岩崎 麗子,2025-11-23,2025-11-28,03,江戸川,一般,６　４５４　１６６　６５,,,,,,,,,,,,,,,,,,,,,,,,,4891,寺島 美里,2026-01-23,2026-01-28,03,江戸川,ＧⅢ,１３６　３２４　２３３,2025-11-23,2025-11-28,03,江戸川,一般,１　３６５６５　３５５３,2025-03-24,2025-03-29,03,江戸川,一般,３３１　２１　　２１[６],2025-02-04,2025-02-09,03,江戸川,一般,１　２３１　２４１２[２],2023-04-30,2023-05-05,03,江戸川,一般,４６２　６　１　４３２,5454,,,,,,,,,,,,,,,,,,,,,,,,,,,,,,,
202610070302,2026-10-07,03,02R,4924,中北 涼,2025-09-02,2025-09-08,03,江戸川,一般,３４落　５４６　４５３６,2022-01-23,2022-01-28,03,江戸川,一般,５２６　４欠,2021-06-06,2021-06-11,03,江戸川,ＧⅢ,５　１６２５１　３６６４,2020-01-15,2020-01-20,03,江戸川,ＧⅢ,３３１　４６３　２４５６,2019-05-30,2019-06-04,03,江戸川,一般,４　F３６２６　２４３６,4246,喜多 那由夏,2025-02-04,2025-02-09,03,江戸川,一般,５　１５５　６欠,2023-05-30,2023-06-06,03,江戸川,ＧⅢ,２　３６４１５　２１４６,2022-05-11,2022-05-16,03,江戸川,一般,２６１２５　２５５５４６,2021-06-06,2021-06-11,03,江戸川,ＧⅢ,４　５５１５３　６５３３,2020-06-17,2020-06-22,03,江戸川,ＧⅢ,２　３６１　３５５５５４,4286,平田 さやか,2026-01-23,2026-01-28,03,江戸川,ＧⅢ,４１１　２２３　５　５６,2025-09-02,2025-09-08,03,江戸川,一般,１　５２５　１３１６１２,2025-06-05,2025-06-10,03,江戸川,一般,１　２　１　２　２３[４],2025-03-24,2025-03-29,03,江戸川,一般,１　２３４　１１６１[５],2025-02-04,2025-02-09,03,江戸川,一般,２　１２５　３１５４[５],5153,佐藤 ほのか,2025-12-17,2025-12-21,03,江戸川,一般,３１５　４転,2025-09-02,2025-09-08,03,江戸川,一般,１３３　４５３６４　４５,2025-06-05,2025-06-10,03,江戸川,一般,４２４　２１４　１エ２５,2025-03-24,2025-03-29,03,江戸川,一般,２　４１６　１２４３[４],2025-02-04,2025-02-09,03,江戸川,一般,３　３３１２３　エ４６５,4882,瀧川 千依,2025-02-04,2025-02-09,03,江戸川,一般,６６２６１　６５５　３１,2017-07-18,2017-07-23,03,江戸川,一般,１　落６１　２１３２１６,2016-10-31,2016-11-05,03,江戸川,ＧⅢ,５５３　６６３６５　４６,2015-11-01,2015-11-06,03,江戸川,一般,６　４４６　５６６５６６,,,,,,,5390,高橋 涼夏,2025-12-17,2025-12-21,03,江戸川,一般,６　６６６６６　６４,,,,,,,,,,,,,,,,,,,,,,,,
202610070303,2026-10-07,03,03R,5151,山下 奈緒,2026-01-23,2026-01-28,03,江戸川,ＧⅢ,１１５　４５４　２２４,2025-02-04,2025-02-09,03,江戸川,一般,１　４４４６５　４１２５,2024-10-14,2024-10-19,03,江戸川,ＧⅢ,４　１５４１,2024-07-02,2024-07-07,03,江戸川,一般,５　４４５　４２３　２５,2023-09-24,2023-09-29,03,江戸川,一般,３　１５５　５６２５６,4283,石井 裕美,2026-01-23,2026-01-28,03,江戸川,ＧⅢ,２４３　４１３　４４２,2025-12-17,2025-12-21,03,江戸川,一般,２５５　５５４　２４,2025-09-02,2025-09-08,03,江戸川,一般,２　１１１　３３２４３６,2025-06-05,2025-06-10,03,江戸川,一般,２　３　３４１　４１[２],2025-03-24,2025-03-29,03,江戸川,一般,３６２　１６３　１４４３,4897,深見 亜由美,2025-09-02,2025-09-08,03,江戸川,一般,２３１　４６４５５　２２,2022-09-05,2022-09-10,03,江戸川,ＧⅢ,４１２　５４５４３６４１,2020-06-17,2020-06-22,03,江戸川,ＧⅢ,１６２　５６２２４　２３,,,,,,,,,,,,,4347,魚谷 香織,2026-01-23,2026-01-28,03,江戸川,ＧⅢ,３　２３３　２２４　２１,2020-01-15,2020-01-20,03,江戸川,ＧⅢ,５　６２５２１　２１２４,2019-02-11,2019-02-16,03,江戸川,一般,１４２　５２２５５２[３],2016-09-18,2016-09-24,03,江戸川,一般,４　２５２２２　６２[６],2015-11-01,2015-11-06,03,江戸川,一般,１４１　３１３１２　[２],4690,高石 梨菜,2023-09-24,2023-09-29,03,江戸川,一般,２　１４１１３　F４５,2023-05-30,2023-06-06,03,江戸川,ＧⅢ,３　２５３１１　２　[３],2022-09-05,2022-09-10,03,江戸川,ＧⅢ,５５４　６６,2022-05-11,2022-05-16,03,江戸川,一般,３６２　３１５５４５転,2022-01-23,2022-01-28,03,江戸川,一般,１　１５３３２　６　５３,5447,,,,,,,,,,,,,,,,,,,,,,,,,,,,,,,
202610070304,2026-10-07,03,04R,3604,武藤 綾子,2025-03-24,2025-03-29,03,江戸川,一般,６　１６５　５　２　２３,2024-10-14,2024-10-19,03,江戸川,ＧⅢ,２４３４４,2023-05-30,2023-06-06,03,江戸川,ＧⅢ,３６６６４　２３４２４２,2022-09-05,2022-09-10,03,江戸川,ＧⅢ,２４５　３４４１１３４３,2021-06-06,2021-06-11,03,江戸川,ＧⅢ,４　３２３５４　１４１４,4940,白石 有美,2025-09-02,2025-09-08,03,江戸川,一般,３２３　６６３　２４５４,2025-03-24,2025-03-29,03,江戸川,一般,２４,2025-02-04,2025-02-09,03,江戸川,一般,５　１６４　４６５４２,2024-10-14,2024-10-19,03,江戸川,ＧⅢ,,2024-08-27,2024-09-01,03,江戸川,一般,２３６４５　２３１６２６,3435,寺田 千恵,2025-06-05,2025-06-10,03,江戸川,一般,１　２　転２１　３エ１３,2024-10-14,2024-10-19,03,江戸川,ＧⅢ,３　４１１２,2023-09-24,2023-09-29,03,江戸川,一般,６　３３６４６　３２１２,2021-06-06,2021-06-11,03,江戸川,ＧⅢ,３２１　１４４１３　[４],2018-06-07,2018-06-12,03,江戸川,一般,１１２　３４２　２２[２],4275,菅野 はやか,2025-06-05,2025-06-10,03,江戸川,一般,３　６　　　３６５　６,2025-03-24,2025-03-29,03,江戸川,一般,４３４　４４４　６３６,2023-05-30,2023-06-06,03,江戸川,ＧⅢ,６　３４３４３　転４３６,2021-06-06,2021-06-11,03,江戸川,ＧⅢ,３５４　３３５１６５１,2020-01-15,2020-01-20,03,江戸川,ＧⅢ,５３２６２　６５５３３,3355,橋谷田 佳織,2017-10-09,2017-10-14,03,江戸川,ＧⅢ,２２４　３３４失,2017-06-23,2017-06-28,03,江戸川,一般,３４２　２４１３３４６３,2016-10-31,2016-11-05,03,江戸川,ＧⅢ,３３４　１４２　１６１６,2016-02-23,2016-02-28,03,江戸川,ＧⅢ,４　１４３　１４１５３５,2015-09-13,2015-09-18,03,江戸川,一般,４１２　３２１　６３[６],4965,,,,,,,,,,,,,,,,,,,,,,,,,,,,,,,
202610070305,2026-10-07,03,05R,3357,福島 陽子,2026-01-23,2026-01-28,03,江戸川,ＧⅢ,５６２　５４５　３５６,2025-03-24,2025-03-29,03,江戸川,一般,１　６３３５３　１６２６,2024-10-14,2024-10-19,03,江戸川,ＧⅢ,４　３２４４,2023-05-30,2023-06-06,03,江戸川,ＧⅢ,３３３　２２２５１５４５,2022-09-05,2022-09-10,03,江戸川,ＧⅢ,３　３２６　５６１４４４,3528,笠野 友紀恵,2026-01-23,2026-01-28,03,江戸川,ＧⅢ,３　６１３　３２１　４３,2022-10-04,2022-10-09,03,江戸川,一般,１６５５６　５　６　５３,2021-05-08,2021-05-13,03,江戸川,一般,１６欠,2018-06-07,2018-06-12,03,江戸川,一般,３２１　４２３　３３[３],2017-10-09,2017-10-14,03,江戸川,ＧⅢ,４１３　３１３　４　１５,5365,石村 日奈那,2025-11-23,2025-11-28,03,江戸川,一般,５　５６６　５６６　６５,,,,,,,,,,,,,,,,,,,,,,,,,3618,海野 ゆかり,2022-09-05,2022-09-10,03,江戸川,ＧⅢ,５　１　５　１２１　[１],2022-01-23,2022-01-28,03,江戸川,一般,１６２　３３１１１　[２],2020-06-17,2020-06-22,03,江戸川,ＧⅢ,２　２３４３４　１２５,2019-11-10,2019-11-13,03,江戸川,一般,２６５　５　２６,2018-05-11,2018-05-16,03,江戸川,一般,　　２６沈　４５４５１,5361,,,,,,,,,,,,,,,,,,,,,,,,,,,,,,,,5418,,,,,,,,,,,,,,,,,,,,,,,,,,,,,,,
202610070306,2026-10-07,03,06R,5213,湯淺 紀香,2024-07-02,2024-07-07,03,江戸川,一般,１　５３３　３４４　５６,2023-09-24,2023-09-29,03,江戸川,一般,６　３５６５４　２５４,2022-09-05,2022-09-10,03,江戸川,ＧⅢ,６５６５５　４６３５６３,,,,,,,,,,,,,4450,平高 奈菜,2023-09-24,2023-09-29,03,江戸川,一般,２２３　３２３６２４２１,2019-02-11,2019-02-16,03,江戸川,一般,５５１　２６１　１４１４,2015-11-01,2015-11-06,03,江戸川,一般,１３３　１１２　１　[３],,,,,,,,,,,,,3611,岩崎 芳美,2025-09-02,2025-09-08,03,江戸川,一般,１　５３１　３１３１４４,2021-06-06,2021-06-11,03,江戸川,ＧⅢ,４４１　４１２１２　[３],2020-01-15,2020-01-20,03,江戸川,ＧⅢ,３５１　１１４４２　１４,2018-09-18,2018-09-23,03,江戸川,ＧⅢ,２　２１エ　転１,2018-06-26,2018-07-02,03,江戸川,一般,F　５６,4414,大澤 真菜,2026-01-23,2026-01-28,03,江戸川,ＧⅢ,５５６　２３４　５４５,2025-09-02,2025-09-08,03,江戸川,一般,６４５４１　２５６　３３,2023-09-24,2023-09-29,03,江戸川,一般,２６２　F６６　４６５,2023-05-30,2023-06-06,03,江戸川,ＧⅢ,６　３５５５５５４３１,2020-06-17,2020-06-22,03,江戸川,ＧⅢ,２２３４２　６４３６,5153,佐藤 ほのか,2025-12-17,2025-12-21,03,江戸川,一般,３１５　４転,2025-09-02,2025-09-08,03,江戸川,一般,１３３　４５３６４　４５,2025-06-05,2025-06-10,03,江戸川,一般,４２４　２１４　１エ２５,2025-03-24,2025-03-29,03,江戸川,一般,２　４１６　１２４３[４],2025-02-04,2025-02-09,03,江戸川,一般,３　３３１２３　エ４６５,5358,,,,,,,,,,,,,,,,,,,,,,,,,,,,,,,
202610070307,2026-10-07,03,07R,4882,瀧川 千依,2025-02-04,2025-02-09,03,江戸川,一般,６６２６１　６５５　３１,2017-07-18,2017-07-23,03,江戸川,一般,１　落６１　２１３２１６,2016-10-31,2016-11-05,03,江戸川,ＧⅢ,５５３　６６３６５　４６,2015-11-01,2015-11-06,03,江戸川,一般,６　４４６　５６６５６６,,,,,,,5151,山下 奈緒,2026-01-23,2026-01-28,03,江戸川,ＧⅢ,１１５　４５４　２２４,2025-02-04,2025-02-09,03,江戸川,一般,１　４４４６５　４１２５,2024-10-14,2024-10-19,03,江戸川,ＧⅢ,４　１５４１,2024-07-02,2024-07-07,03,江戸川,一般,５　４４５　４２３　２５,2023-09-24,2023-09-29,03,江戸川,一般,３　１５５　５６２５６,4627,藤原 菜希,2026-01-23,2026-01-28,03,江戸川,ＧⅢ,１　４２１　１４１　[２],2025-06-05,2025-06-10,03,江戸川,一般,１　　　２３２　２３[３],2024-10-14,2024-10-19,03,江戸川,ＧⅢ,２２３１１,2024-08-27,2024-09-01,03,江戸川,一般,　　２１１１４１６１[１],2023-10-07,2023-10-09,03,江戸川,一般,３５３　２,5314,中曽 瑠華,2026-01-23,2026-01-28,03,江戸川,ＧⅢ,５　４６６　６３４　３４,2025-03-24,2025-03-29,03,江戸川,一般,５５６　５５５６６　４,2025-02-04,2025-02-09,03,江戸川,一般,４　６５３　沈６６３３,2024-10-14,2024-10-19,03,江戸川,ＧⅢ,６　４６４５,,,,,,,3932,池田 浩美,2025-02-04,2025-02-09,03,江戸川,一般,５１１　４４５　１２２４,2024-10-14,2024-10-19,03,江戸川,ＧⅢ,４５５　２２,2022-09-05,2022-09-10,03,江戸川,ＧⅢ,３５５,2021-05-08,2021-05-13,03,江戸川,一般,３６４,2020-06-17,2020-06-22,03,江戸川,ＧⅢ,２１３１１　１２１　[],5454,,,,,,,,,,,,,,,,,,,,,,,,,,,,,,,
202610070308,2026-10-07,03,08R,4246,喜多 那由夏,2025-02-04,2025-02-09,03,江戸川,一般,５　１５５　６欠,2023-05-30,2023-06-06,03,江戸川,ＧⅢ,２　３６４１５　２１４６,2022-05-11,2022-05-16,03,江戸川,一般,２６１２５　２５５５４６,2021-06-06,2021-06-11,03,江戸川,ＧⅢ,４　５５１５３　６５３３,2020-06-17,2020-06-22,03,江戸川,ＧⅢ,２　３６１　３５５５５４,4275,菅野 はやか,2025-06-05,2025-06-10,03,江戸川,一般,３　６　　　３６５　６,2025-03-24,2025-03-29,03,江戸川,一般,４３４　４４４　６３６,2023-05-30,2023-06-06,03,江戸川,ＧⅢ,６　３４３４３　転４３６,2021-06-06,2021-06-11,03,江戸川,ＧⅢ,３５４　３３５１６５１,2020-01-15,2020-01-20,03,江戸川,ＧⅢ,５３２６２　６５５３３,3994,小野 桜,2026-01-23,2026-01-28,03,江戸川,ＧⅢ,２　３３２　４２４　３２,2025-06-05,2025-06-10,03,江戸川,一般,　　４１４　３４３　２,2025-02-04,2025-02-09,03,江戸川,一般,１６４　１２３　５６２６,2024-10-14,2024-10-19,03,江戸川,ＧⅢ,５５５　３３,2023-11-30,2023-12-05,03,江戸川,一般,F５４　３４５　４５６５,4680,後藤 美翼,2026-01-23,2026-01-28,03,江戸川,ＧⅢ,５２１　２４３　１２３３,2025-02-04,2025-02-09,03,江戸川,一般,不３３　６４１３２　１１,2024-10-14,2024-10-19,03,江戸川,ＧⅢ,２２４　３３,2022-09-05,2022-09-10,03,江戸川,ＧⅢ,４　３４２　３５１４３４,2022-05-11,2022-05-16,03,江戸川,一般,５　４３３６４　５３３６,5117,冨名腰 桃奈,2022-05-11,2022-05-16,03,江戸川,一般,３　１３４６３　２１１６,,,,,,,,,,,,,,,,,,,,,,,,,5447,,,,,,,,,,,,,,,,,,,,,,,,,,,,,,,
202610070309,2026-10-07,03,09R,5129,山口 真喜子,2025-06-05,2025-06-10,03,江戸川,一般,　　１　４　３３１４４２,2025-02-04,2025-02-09,03,江戸川,一般,２１２　３１２３３３[４],2022-05-11,2022-05-16,03,江戸川,一般,５　２６４４１　２２５１,,,,,,,,,,,,,3357,福島 陽子,2026-01-23,2026-01-28,03,江戸川,ＧⅢ,５６２　５４５　３５６,2025-03-24,2025-03-29,03,江戸川,一般,１　６３３５３　１６２６,2024-10-14,2024-10-19,03,江戸川,ＧⅢ,４　３２４４,2023-05-30,2023-06-06,03,江戸川,ＧⅢ,３３３　２２２５１５４５,2022-09-05,2022-09-10,03,江戸川,ＧⅢ,３　３２６　５６１４４４,4347,魚谷 香織,2026-01-23,2026-01-28,03,江戸川,ＧⅢ,３　２３３　２２４　２１,2020-01-15,2020-01-20,03,江戸川,ＧⅢ,５　６２５２１　２１２４,2019-02-11,2019-02-16,03,江戸川,一般,１４２　５２２５５２[３],2016-09-18,2016-09-24,03,江戸川,一般,４　２５２２２　６２[６],2015-11-01,2015-11-06,03,江戸川,一般,１４１　３１３１２　[２],4891,寺島 美里,2026-01-23,2026-01-28,03,江戸川,ＧⅢ,１３６　３２４　２３３,2025-11-23,2025-11-28,03,江戸川,一般,１　３６５６５　３５５３,2025-03-24,2025-03-29,03,江戸川,一般,３３１　２１　　２１[６],2025-02-04,2025-02-09,03,江戸川,一般,１　２３１　２４１２[２],2023-04-30,2023-05-05,03,江戸川,一般,４６２　６　１　４３２,4965,,,,,,,,,,,,,,,,,,,,,,,,,,,,,,,,5327,西田 和加,2024-10-14,2024-10-19,03,江戸川,ＧⅢ,６６６６５,,,,,,,,,,,,,,,,,,,,,,,,
202610070310,2026-10-07,03,10R,4286,平田 さやか,2026-01-23,2026-01-28,03,江戸川,ＧⅢ,４１１　２２３　５　５６,2025-09-02,2025-09-08,03,江戸川,一般,１　５２５　１３１６１２,2025-06-05,2025-06-10,03,江戸川,一般,１　２　１　２　２３[４],2025-03-24,2025-03-29,03,江戸川,一般,１　２３４　１１６１[５],2025-02-04,2025-02-09,03,江戸川,一般,２　１２５　３１５４[５],3604,武藤 綾子,2025-03-24,2025-03-29,03,江戸川,一般,６　１６５　５　２　２３,2024-10-14,2024-10-19,03,江戸川,ＧⅢ,２４３４４,2023-05-30,2023-06-06,03,江戸川,ＧⅢ,３６６６４　２３４２４２,2022-09-05,2022-09-10,03,江戸川,ＧⅢ,２４５　３４４１１３４３,2021-06-06,2021-06-11,03,江戸川,ＧⅢ,４　３２３５４　１４１４,4974,安井 瑞紀,2025-02-04,2025-02-09,03,江戸川,一般,３２１　５２４　１３３３,2024-10-14,2024-10-19,03,江戸川,ＧⅢ,１　３３６５,2024-07-02,2024-07-07,03,江戸川,一般,３４４　１６３４３　４３,2023-05-30,2023-06-06,03,江戸川,ＧⅢ,６４１　３６６４４エ２,2020-06-17,2020-06-22,03,江戸川,ＧⅢ,１１２　１６５　６　６,4690,高石 梨菜,2023-09-24,2023-09-29,03,江戸川,一般,２　１４１１３　F４５,2023-05-30,2023-06-06,03,江戸川,ＧⅢ,３　２５３１１　２　[３],2022-09-05,2022-09-10,03,江戸川,ＧⅢ,５５４　６６,2022-05-11,2022-05-16,03,江戸川,一般,３６２　３１５５４５転,2022-01-23,2022-01-28,03,江戸川,一般,１　１５３３２　６　５３,5418,,,,,,,,,,,,,,,,,,,,,,,,,,,,,,,,5320,岩崎 麗子,2025-11-23,2025-11-28,03,江戸川,一般,６　４５４　１６６　６５,,,,,,,,,,,,,,,,,,,,,,,,
202610070311,2026-10-07,03,11R,3435,寺田 千恵,2025-06-05,2025-06-10,03,江戸川,一般,１　２　転２１　３エ１３,2024-10-14,2024-10-19,03,江戸川,ＧⅢ,３　４１１２,2023-09-24,2023-09-29,03,江戸川,一般,６　３３６４６　３２１２,2021-06-06,2021-06-11,03,江戸川,ＧⅢ,３２１　１４４１３　[４],2018-06-07,2018-06-12,03,江戸川,一般,１１２　３４２　２２[２],5314,中曽 瑠華,2026-01-23,2026-01-28,03,江戸川,ＧⅢ,５　４６６　６３４　３４,2025-03-24,2025-03-29,03,江戸川,一般,５５６　５５５６６　４,2025-02-04,2025-02-09,03,江戸川,一般,４　６５３　沈６６３３,2024-10-14,2024-10-19,03,江戸川,ＧⅢ,６　４６４５,,,,,,,4283,石井 裕美,2026-01-23,2026-01-28,03,江戸川,ＧⅢ,２４３　４１３　４４２,2025-12-17,2025-12-21,03,江戸川,一般,２５５　５５４　２４,2025-09-02,2025-09-08,03,江戸川,一般,２　１１１　３３２４３６,2025-06-05,2025-06-10,03,江戸川,一般,２　３　３４１　４１[２],2025-03-24,2025-03-29,03,江戸川,一般,３６２　１６３　１４４３,3611,岩崎 芳美,2025-09-02,2025-09-08,03,江戸川,一般,１　５３１　３１３１４４,2021-06-06,2021-06-11,03,江戸川,ＧⅢ,４４１　４１２１２　[３],2020-01-15,2020-01-20,03,江戸川,ＧⅢ,３５１　１１４４２　１４,2018-09-18,2018-09-23,03,江戸川,ＧⅢ,２　２１エ　転１,2018-06-26,2018-07-02,03,江戸川,一般,F　５６,5390,高橋 涼夏,2025-12-17,2025-12-21,03,江戸川,一般,６　６６６６６　６４,,,,,,,,,,,,,,,,,,,,,,,,,3528,笠野 友紀恵,2026-01-23,2026-01-28,03,江戸川,ＧⅢ,３　６１３　３２１　４３,2022-10-04,2022-10-09,03,江戸川,一般,１６５５６　５　６　５３,2021-05-08,2021-05-13,03,江戸川,一般,１６欠,2018-06-07,2018-06-12,03,江戸川,一般,３２１　４２３　３３[３],2017-10-09,2017-10-14,03,江戸川,ＧⅢ,４１３　３１３　４　１５
202610070312,2026-10-07,03,12R,4050,田口 節子,2023-09-24,2023-09-29,03,江戸川,一般,１　３３３　１２２６１１,2022-09-05,2022-09-10,03,江戸川,ＧⅢ,１１転,2022-01-23,2022-01-28,03,江戸川,一般,１　４４３　１３３　[３],2020-11-05,2020-11-10,03,江戸川,一般,１１４２４　２２２　[４],2020-01-15,2020-01-20,03,江戸川,ＧⅢ,２２４　３２１　３　[２],3618,海野 ゆかり,2022-09-05,2022-09-10,03,江戸川,ＧⅢ,５　１　５　１２１　[１],2022-01-23,2022-01-28,03,江戸川,一般,１６２　３３１１１　[２],2020-06-17,2020-06-22,03,江戸川,ＧⅢ,２　２３４３４　１２５,2019-11-10,2019-11-13,03,江戸川,一般,２６５　５　２６,2018-05-11,2018-05-16,03,江戸川,一般,　　２６沈　４５４５１,4478,櫻本 あゆみ,2025-12-17,2025-12-21,03,江戸川,一般,１１５　３４１６４１,2025-09-02,2025-09-08,03,江戸川,一般,４３４３３　３２１　４５,2023-02-10,2023-02-15,03,江戸川,ＧⅠ,６　５　４５６　１６６,2020-08-27,2020-09-01,03,江戸川,一般,１　３欠,2016-02-23,2016-02-28,03,江戸川,ＧⅢ,１　２６５　３５２１１,4208,三浦 永理,2026-01-23,2026-01-28,03,江戸川,ＧⅢ,４　１１２　３１２　[４],2023-10-07,2023-10-09,03,江戸川,一般,５５２　５５,2022-09-05,2022-09-10,03,江戸川,ＧⅢ,１３１　３２２１転　２４,2022-05-11,2022-05-16,03,江戸川,一般,１５５　１３１３６　３４,2022-01-23,2022-01-28,03,江戸川,一般,２３４　２１３　４　[６],4450,平高 奈菜,2023-09-24,2023-09-29,03,江戸川,一般,２２３　３２３６２４２１,2019-02-11,2019-02-16,03,江戸川,一般,５５１　２６１　１４１４,2015-11-01,2015-11-06,03,江戸川,一般,１３３　１１２　１　[３],,,,,,,,,,,,,4627,藤原 菜希,2026-01-23,2026-01-28,03,江戸川,ＧⅢ,１　４２１　１４１　[２],2025-06-05,2025-06-10,03,江戸川,一般,１　　　２３２　２３[３],2024-10-14,2024-10-19,03,江戸川,ＧⅢ,２２３１１,2024-08-27,2024-09-01,03,江戸川,一般,　　２１１１４１６１[１],2023-10-07,2023-10-09,03,江戸川,一般,３５３　２
202610070501,2026-10-07,05,01R,3870,寺嶋 雄,2026-02-22,2026-02-27,05,多摩川,一般,６　１６５　６４６　１５,2025-09-20,2025-09-25,05,多摩川,一般,４　３４５　５４５　１５,2025-04-18,2025-04-23,05,多摩川,一般,６５６　５３６４４　６,2021-03-19,2021-03-24,05,多摩川,一般,２　１４４５４５１　３５,2019-12-11,2019-12-15,05,多摩川,一般,２　５４１４１　５３,3857,阿波 勝哉,2026-04-18,2026-04-23,05,多摩川,一般,６４２　１２５　１F４,2026-01-25,2026-01-29,05,多摩川,一般,１　１５３　３４４５,2025-12-26,2025-12-31,05,多摩川,一般,１　３４２４５　２５３５,2025-09-09,2025-09-13,05,多摩川,一般,５　６　４５５　１３,2024-12-26,2024-12-31,05,多摩川,一般,１　６５５３４　４３６,4233,亀山 雅幸,2026-06-28,2026-07-02,05,多摩川,一般,３２３１３　３５２３,2026-03-11,2026-03-16,05,多摩川,一般,５４３　２　１５１　２,2026-01-03,2026-01-07,05,多摩川,一般,６５３　１１１　５１,2025-07-25,2025-07-29,05,多摩川,一般,３４１　２３１４５２,2024-10-09,2024-10-14,05,多摩川,一般,１１１　３３２５３２[６],4650,中山 雄太,2025-12-10,2025-12-14,05,多摩川,一般,３４３１１１２１[３],2025-08-20,2025-08-24,05,多摩川,一般,１１２４４１３４２２,2025-05-25,2025-05-29,05,多摩川,一般,５３３１４２１４５５,2024-06-05,2024-06-09,05,多摩川,一般,６１１　４１４６１６,2022-10-18,2022-10-23,05,多摩川,一般,５　１２４５２　１２[６],3976,内田 圭,2025-10-19,2025-10-23,05,多摩川,一般,１　６５３　６６４１,2024-10-09,2024-10-14,05,多摩川,一般,２６４　３４６　５　６２,2023-08-26,2023-08-30,05,多摩川,一般,６　５６２　１５３４,2019-06-03,2019-06-07,05,多摩川,一般,６　５６５２６　１,2017-01-13,2017-01-18,05,多摩川,一般,２　６６６　１６５落６,5406,,,,,,,,,,,,,,,,,,,,,,,,,,,,,,,
202610070502,2026-10-07,05,02R,4618,乃村 康友,2025-07-25,2025-07-29,05,多摩川,一般,５　１４６４５２４４,2025-05-06,2025-05-10,05,多摩川,一般,４６４　５５３　６６,2025-02-23,2025-02-27,05,多摩川,一般,２５４　５３４　３３,2024-06-19,2024-06-24,05,多摩川,ＧⅢ,５　１４４　５６１５２,2023-08-26,2023-08-30,05,多摩川,一般,１３４３３　１５２４,4889,後藤 盛也,2025-04-26,2025-05-01,05,多摩川,一般,１　５　４１５４１１６４,2024-04-27,2024-05-02,05,多摩川,一般,４　３２４　２６６３３１,2021-11-07,2021-11-10,05,多摩川,一般,５　２５５５４,2021-09-11,2021-09-15,05,多摩川,一般,１１２　１３４２[２],2021-07-26,2021-07-30,05,多摩川,一般,４１５　２２６２[６],4703,森永 隆,2023-05-07,2023-05-11,05,多摩川,一般,２４３２３３２３４１,2023-04-15,2023-04-20,05,多摩川,ＧⅢ,１２６６２２１　４４６２,2021-07-26,2021-07-30,05,多摩川,一般,１２１３２３３５２６,2019-06-03,2019-06-07,05,多摩川,一般,４１３３４　２３３４,2019-01-12,2019-01-14,05,多摩川,一般,６　５４３,4876,梅木 敬太,2026-08-28,2026-09-02,05,多摩川,ＧⅢ,１　６３３　４２６３２２,2026-05-20,2026-05-25,05,多摩川,一般,６　１４４６６　２３４３,2025-11-29,2025-12-03,05,多摩川,一般,５　２２３　６３４４,2025-05-25,2025-05-29,05,多摩川,一般,４５６　５１２　１１,2023-04-01,2023-04-06,05,多摩川,一般,５　１４６　６１１６６４,5334,樫葉 新心,2025-01-28,2025-02-02,05,多摩川,一般,６　３６６　３６６　転６,,,,,,,,,,,,,,,,,,,,,,,,,5387,,,,,,,,,,,,,,,,,,,,,,,,,,,,,,,
202610070503,2026-10-07,05,03R,3680,森林 太,2022-02-17,2022-02-22,05,多摩川,一般,４４４　４６４　４　１転,2018-06-13,2018-06-17,05,多摩川,一般,５５３　１　２３３６,2017-06-20,2017-06-25,05,多摩川,一般,６３６　６５６　４６１３,2016-11-22,2016-11-25,05,多摩川,一般,４６３３１　２３,2016-06-22,2016-06-27,05,多摩川,一般,２３５３３　４５６　２２,4163,山崎 裕司,2025-12-10,2025-12-14,05,多摩川,一般,１５５　２４２１１４,2025-02-15,2025-02-19,05,多摩川,一般,３３５　１２３５２３,2024-07-26,2024-07-31,05,多摩川,一般,５４１　６６４５２　１１,2021-09-19,2021-09-23,05,多摩川,一般,５２１　４３４３２４,2019-03-12,2019-03-17,05,多摩川,一般,４５２１４　６２１４３４,4469,土山 卓也,2026-05-20,2026-05-25,05,多摩川,一般,５　６２２６４１,2025-05-06,2025-05-10,05,多摩川,一般,４４１　４２１５６５,2024-09-02,2024-09-08,05,多摩川,一般,１５３　３４６,2022-06-18,2022-06-23,05,多摩川,一般,２　２４２　１５２４３４,2019-12-11,2019-12-15,05,多摩川,一般,４１３　１５２３[６],4988,牟田 奨太,2026-05-06,2026-05-11,05,多摩川,一般,６２６　６　４５４４１,2026-01-03,2026-01-07,05,多摩川,一般,２　５　６６６１１６,2025-05-06,2025-05-10,05,多摩川,一般,５　６５１　１４４１,2024-12-10,2024-12-14,05,多摩川,一般,５　１６５　１５６６,2024-09-02,2024-09-08,05,多摩川,一般,６６６　３３２　３　１６,4293,鈴木 智啓,2026-06-17,2026-06-22,05,多摩川,一般,５３６　３３４　２　３１,2025-07-16,2025-07-20,05,多摩川,一般,３１２４２　１３３１,2024-12-10,2024-12-14,05,多摩川,一般,３５５　エ,2024-06-12,2024-06-15,05,多摩川,一般,２１２　F２４,2022-06-18,2022-06-23,05,多摩川,一般,１　６３５２５　４１３５,3655,本橋 克洋,2025-11-09,2025-11-14,05,多摩川,一般,３２１１２２３　４４２４,2025-08-20,2025-08-24,05,多摩川,一般,４２６,2025-05-25,2025-05-29,05,多摩川,一般,４２１　３４１３５３,2025-02-23,2025-02-27,05,多摩川,一般,２５２３１　１４３５,2024-09-18,2024-09-23,05,多摩川,一般,３２４　３６５６４　４１
202610070504,2026-10-07,05,04R,4725,佐竹 太一,2026-05-06,2026-05-11,05,多摩川,一般,１４３　１　３４２３４４,2024-07-09,2024-07-14,05,多摩川,一般,５２２　１２５　２５３１,2023-10-25,2023-10-30,05,多摩川,一般,６　１６１５４４１　２３,2023-05-28,2023-06-02,05,多摩川,一般,４２５　４６３　４　３５,2020-07-07,2020-07-11,05,多摩川,一般,４２１　４５５　４３,4990,田中 博子,2023-09-05,2023-09-10,05,多摩川,ＧⅢ,５　１５２　４６５５５,2020-10-30,2020-11-04,05,多摩川,ＧⅢ,６６４　６２５　６４５,2020-01-27,2020-01-31,05,多摩川,一般,６　５６６　５６４６,2018-06-21,2018-06-25,05,多摩川,一般,６　６６６　６　６６,2017-12-12,2017-12-15,05,多摩川,一般,６　６６転F６,5125,高井 雄基,2026-07-19,2026-07-23,05,多摩川,一般,５　６５５１３　６３,2025-08-27,2025-09-01,05,多摩川,一般,４　３５３４４２３　４３,2025-06-14,2025-06-19,05,多摩川,ＧⅢ,３　２６４　５６,2025-01-10,2025-01-15,05,多摩川,一般,５２２１６　２６１６１５,2023-04-15,2023-04-20,05,多摩川,ＧⅢ,３　２４１　３４２６６５,4794,和田 拓也,2026-02-22,2026-02-27,05,多摩川,一般,３３５　４１２３１２[６],2024-10-09,2024-10-14,05,多摩川,一般,３　４１１１３１２１[１],2024-05-12,2024-05-16,05,多摩川,一般,１５１２１　３２[４],2024-01-30,2024-02-03,05,多摩川,一般,４２４　３１１４３１,2023-03-23,2023-03-27,05,多摩川,一般,５２２欠,3777,樋口 亮,2023-08-17,2023-08-20,05,多摩川,一般,４２２３１３４３,2022-02-26,2022-03-03,05,多摩川,一般,１１３６５３２　２３５５,2020-09-08,2020-09-13,05,多摩川,一般,３４１　５４４　２３３２,2019-11-22,2019-11-27,05,多摩川,一般,４４１　６６３　５５１３,2019-07-14,2019-07-19,05,多摩川,一般,５３２　４５４　２３４３,3660,長谷川 親王,2019-06-10,2019-06-13,05,多摩川,一般,５　３６３　４６,2012-02-08,2012-02-12,05,多摩川,一般,２５６３２　２４５１,2009-11-18,2009-11-23,05,多摩川,一般,６３６　６　４４４　４３,2009-06-10,2009-06-14,05,多摩川,一般,５３３　３２３３４２,2007-05-16,2007-05-20,05,多摩川,一般,３４２　３６４４２４
202610070505,2026-10-07,05,05R,4636,赤池 修平,2023-04-01,2023-04-06,05,多摩川,一般,６　５２５　５６６　６５,2019-11-04,2019-11-08,05,多摩川,一般,６　２４６　５２１６,2018-12-20,2018-12-24,05,多摩川,一般,５　５４３　１５６５,,,,,,,,,,,,,5034,若林 義人,2025-11-29,2025-12-03,05,多摩川,一般,６５２２２１５２[６],2025-08-27,2025-09-01,05,多摩川,一般,２１５　１３２１１１[１],2025-06-14,2025-06-19,05,多摩川,ＧⅢ,１４１　２２２　１　[４],2025-01-19,2025-01-23,05,多摩川,一般,２４F２２　４　５,2024-08-21,2024-08-26,05,多摩川,一般,４　１４１１２３２５４３,3684,清水 攻二,2024-09-28,2024-10-01,05,多摩川,一般,３３２　１４４１,2022-11-08,2022-11-11,05,多摩川,一般,４２１妨３　３,2019-10-01,2019-10-05,05,多摩川,一般,５４２４３　２２４,2018-06-21,2018-06-25,05,多摩川,一般,１　５４４６２３２１,2016-07-12,2016-07-17,05,多摩川,一般,３１５　４４４　１４５４,3567,吉岡 誠,2025-02-23,2025-02-27,05,多摩川,一般,４　５６６　１６４４,2023-06-05,2023-06-10,05,多摩川,ＧⅢ,５　５２５　６４４　５５,2018-01-26,2018-01-31,05,多摩川,一般,５　６４４　４６６,2014-04-10,2014-04-14,05,多摩川,一般,３６２　４　F５６,2012-05-18,2012-05-21,05,多摩川,一般,４３３５６　３２,3857,阿波 勝哉,2026-04-18,2026-04-23,05,多摩川,一般,６４２　１２５　１F４,2026-01-25,2026-01-29,05,多摩川,一般,１　１５３　３４４５,2025-12-26,2025-12-31,05,多摩川,一般,１　３４２４５　２５３５,2025-09-09,2025-09-13,05,多摩川,一般,５　６　４５５　１３,2024-12-26,2024-12-31,05,多摩川,一般,１　６５５３４　４３６,5272,松田 真実,2024-10-17,2024-10-21,05,多摩川,一般,５　６６５　６　３１,2024-07-09,2024-07-14,05,多摩川,一般,５　６６４　６６６　５,2024-04-01,2024-04-06,05,多摩川,ＧⅢ,５　６６５５６　６６６,,,,,,,,,,,,
202610070506,2026-10-07,05,06R,4732,堀本 和也,2025-11-19,2025-11-24,05,多摩川,ＧⅢ,２３５２２３３　２６５３,2023-04-23,2023-04-26,05,多摩川,一般,２１２３３４２６,2019-01-12,2019-01-14,05,多摩川,一般,転５２　４,2017-12-03,2017-12-07,05,多摩川,一般,１３１４４　４４３３,2017-09-10,2017-09-14,05,多摩川,一般,４５３　３５１　１２,4911,片岡 大地,2026-08-15,2026-08-20,05,多摩川,一般,３　５５４　１６２　４２,2025-08-10,2025-08-15,05,多摩川,一般,２１１　５３１　４６６４,2024-08-11,2024-08-16,05,多摩川,一般,６　４５５　６５５　６４,2024-04-14,2024-04-17,05,多摩川,一般,３４４４５　２６,2023-09-13,2023-09-17,05,多摩川,一般,５　２５４　１３５２,5385,鈴木 柊介,2025-10-19,2025-10-23,05,多摩川,一般,６　５　６５６６エ,2025-03-27,2025-03-31,05,多摩川,一般,６　６　６５５５６,2024-12-10,2024-12-14,05,多摩川,一般,６　６　６５６　６６,,,,,,,,,,,,,3870,寺嶋 雄,2026-02-22,2026-02-27,05,多摩川,一般,６　１６５　６４６　１５,2025-09-20,2025-09-25,05,多摩川,一般,４　３４５　５４５　１５,2025-04-18,2025-04-23,05,多摩川,一般,６５６　５３６４４　６,2021-03-19,2021-03-24,05,多摩川,一般,２　１４４５４５１　３５,2019-12-11,2019-12-15,05,多摩川,一般,２　５４１４１　５３,5029,中 亮太,2022-09-20,2022-09-25,05,多摩川,ＧⅠ,３　５　２５３　６１４,,,,,,,,,,,,,,,,,,,,,,,,,5410,今泉 澪,2025-08-20,2025-08-24,05,多摩川,一般,６　６４６　６５エ,,,,,,,,,,,,,,,,,,,,,,,,
202610070507,2026-10-07,05,07R,4233,亀山 雅幸,2026-06-28,2026-07-02,05,多摩川,一般,３２３１３　３５２３,2026-03-11,2026-03-16,05,多摩川,一般,５４３　２　１５１　２,2026-01-03,2026-01-07,05,多摩川,一般,６５３　１１１　５１,2025-07-25,2025-07-29,05,多摩川,一般,３４１　２３１４５２,2024-10-09,2024-10-14,05,多摩川,一般,１１１　３３２５３２[６],4914,吉田 裕平,2025-06-14,2025-06-19,05,多摩川,ＧⅢ,２　１４１　６１２　[２],2024-10-31,2024-11-05,05,多摩川,ＧⅠ,３　３１４　６　２２２２,2023-05-07,2023-05-11,05,多摩川,一般,３３１４１２３６４３,2022-09-20,2022-09-25,05,多摩川,ＧⅠ,転４６　４３３　３　５,2021-12-22,2021-12-25,05,多摩川,一般,２２２２１４[６],3105,内山 文典,2026-05-06,2026-05-11,05,多摩川,一般,２　１６６　１２４６５３,2025-07-25,2025-07-29,05,多摩川,一般,６２３　５４４　２３,2025-03-20,2025-03-24,05,多摩川,一般,１　２４６５４　１６,2024-08-11,2024-08-16,05,多摩川,一般,５　３４２　４２２６６,2023-10-02,2023-10-05,05,多摩川,一般,１５１　２５１４,4469,土山 卓也,2026-05-20,2026-05-25,05,多摩川,一般,５　６２２６４１,2025-05-06,2025-05-10,05,多摩川,一般,４４１　４２１５６５,2024-09-02,2024-09-08,05,多摩川,一般,１５３　３４６,2022-06-18,2022-06-23,05,多摩川,一般,２　２４２　１５２４３４,2019-12-11,2019-12-15,05,多摩川,一般,４１３　１５２３[６],5387,,,,,,,,,,,,,,,,,,,,,,,,,,,,,,,,5461,,,,,,,,,,,,,,,,,,,,,,,,,,,,,,,
202610070508,2026-10-07,05,08R,4529,嶋 義信,2022-05-27,2022-06-01,05,多摩川,ＧⅢ,４　６５３　３６５４４１,2018-02-20,2018-02-25,05,多摩川,一般,５６１　３４６　４　２６,2016-09-25,2016-09-28,05,多摩川,一般,２２４　５２２４,2014-01-15,2014-01-19,05,多摩川,一般,４５３　４６６　３３,2010-07-01,2010-07-06,05,多摩川,一般,６　４３４　６　２５６６,4824,松井 洪弥,2025-05-25,2025-05-29,05,多摩川,一般,５１１２３２１１[６],2024-10-31,2024-11-05,05,多摩川,ＧⅠ,４　６６６　６５６　６,2023-08-26,2023-08-30,05,多摩川,一般,２　１２３６４５６６,2023-01-31,2023-02-03,05,多摩川,一般,４５３４１１２４,2023-01-09,2023-01-13,05,多摩川,一般,２１２５２　２６１２,4725,佐竹 太一,2026-05-06,2026-05-11,05,多摩川,一般,１４３　１　３４２３４４,2024-07-09,2024-07-14,05,多摩川,一般,５２２　１２５　２５３１,2023-10-25,2023-10-30,05,多摩川,一般,６　１６１５４４１　２３,2023-05-28,2023-06-02,05,多摩川,一般,４２５　４６３　４　３５,2020-07-07,2020-07-11,05,多摩川,一般,４２１　４５５　４３,3680,森林 太,2022-02-17,2022-02-22,05,多摩川,一般,４４４　４６４　４　１転,2018-06-13,2018-06-17,05,多摩川,一般,５５３　１　２３３６,2017-06-20,2017-06-25,05,多摩川,一般,６３６　６５６　４６１３,2016-11-22,2016-11-25,05,多摩川,一般,４６３３１　２３,2016-06-22,2016-06-27,05,多摩川,一般,２３５３３　４５６　２２,5406,,,,,,,,,,,,,,,,,,,,,,,,,,,,,,,,5334,樫葉 新心,2025-01-28,2025-02-02,05,多摩川,一般,６　３６６　３６６　転６,,,,,,,,,,,,,,,,,,,,,,,,
202610070509,2026-10-07,05,09R,5034,若林 義人,2025-11-29,2025-12-03,05,多摩川,一般,６５２２２１５２[６],2025-08-27,2025-09-01,05,多摩川,一般,２１５　１３２１１１[１],2025-06-14,2025-06-19,05,多摩川,ＧⅢ,１４１　２２２　１　[４],2025-01-19,2025-01-23,05,多摩川,一般,２４F２２　４　５,2024-08-21,2024-08-26,05,多摩川,一般,４　１４１１２３２５４３,4318,桑原 将光,2026-07-05,2026-07-09,05,多摩川,一般,５　３３５３３　４１,2026-03-28,2026-03-31,05,多摩川,一般,１５３６２　２３,2025-05-06,2025-05-10,05,多摩川,一般,１３１５４　２４６２,2025-02-15,2025-02-19,05,多摩川,一般,４１４５２　５４３１,2024-05-05,2024-05-09,05,多摩川,一般,３２４　３３３６３２,4794,和田 拓也,2026-02-22,2026-02-27,05,多摩川,一般,３３５　４１２３１２[６],2024-10-09,2024-10-14,05,多摩川,一般,３　４１１１３１２１[１],2024-05-12,2024-05-16,05,多摩川,一般,１５１２１　３２[４],2024-01-30,2024-02-03,05,多摩川,一般,４２４　３１１４３１,2023-03-23,2023-03-27,05,多摩川,一般,５２２欠,4618,乃村 康友,2025-07-25,2025-07-29,05,多摩川,一般,５　１４６４５２４４,2025-05-06,2025-05-10,05,多摩川,一般,４６４　５５３　６６,2025-02-23,2025-02-27,05,多摩川,一般,２５４　５３４　３３,2024-06-19,2024-06-24,05,多摩川,ＧⅢ,５　１４４　５６１５２,2023-08-26,2023-08-30,05,多摩川,一般,１３４３３　１５２４,5439,志賀 美優,2026-01-25,2026-01-29,05,多摩川,一般,６　６　６６３　６４,,,,,,,,,,,,,,,,,,,,,,,,,3976,内田 圭,2025-10-19,2025-10-23,05,多摩川,一般,１　６５３　６６４１,2024-10-09,2024-10-14,05,多摩川,一般,２６４　３４６　５　６２,2023-08-26,2023-08-30,05,多摩川,一般,６　５６２　１５３４,2019-06-03,2019-06-07,05,多摩川,一般,６　５６５２６　１,2017-01-13,2017-01-18,05,多摩川,一般,２　６６６　１６５落６
202610070510,2026-10-07,05,10R,4703,森永 隆,2023-05-07,2023-05-11,05,多摩川,一般,２４３２３３２３４１,2023-04-15,2023-04-20,05,多摩川,ＧⅢ,１２６６２２１　４４６２,2021-07-26,2021-07-30,05,多摩川,一般,１２１３２３３５２６,2019-06-03,2019-06-07,05,多摩川,一般,４１３３４　２３３４,2019-01-12,2019-01-14,05,多摩川,一般,６　５４３,4732,堀本 和也,2025-11-19,2025-11-24,05,多摩川,ＧⅢ,２３５２２３３　２６５３,2023-04-23,2023-04-26,05,多摩川,一般,２１２３３４２６,2019-01-12,2019-01-14,05,多摩川,一般,転５２　４,2017-12-03,2017-12-07,05,多摩川,一般,１３１４４　４４３３,2017-09-10,2017-09-14,05,多摩川,一般,４５３　３５１　１２,3567,吉岡 誠,2025-02-23,2025-02-27,05,多摩川,一般,４　５６６　１６４４,2023-06-05,2023-06-10,05,多摩川,ＧⅢ,５　５２５　６４４　５５,2018-01-26,2018-01-31,05,多摩川,一般,５　６４４　４６６,2014-04-10,2014-04-14,05,多摩川,一般,３６２　４　F５６,2012-05-18,2012-05-21,05,多摩川,一般,４３３５６　３２,5125,高井 雄基,2026-07-19,2026-07-23,05,多摩川,一般,５　６５５１３　６３,2025-08-27,2025-09-01,05,多摩川,一般,４　３５３４４２３　４３,2025-06-14,2025-06-19,05,多摩川,ＧⅢ,３　２６４　５６,2025-01-10,2025-01-15,05,多摩川,一般,５２２１６　２６１６１５,2023-04-15,2023-04-20,05,多摩川,ＧⅢ,３　２４１　３４２６６５,4889,後藤 盛也,2025-04-26,2025-05-01,05,多摩川,一般,１　５　４１５４１１６４,2024-04-27,2024-05-02,05,多摩川,一般,４　３２４　２６６３３１,2021-11-07,2021-11-10,05,多摩川,一般,５　２５５５４,2021-09-11,2021-09-15,05,多摩川,一般,１１２　１３４２[２],2021-07-26,2021-07-30,05,多摩川,一般,４１５　２２６２[６],3757,畑 和宏,2025-10-10,2025-10-15,05,多摩川,一般,５　２３１　１２１４３６,2018-10-13,2018-10-17,05,多摩川,一般,６　２２６５４１３４,2017-06-06,2017-06-11,05,多摩川,一般,１　３３５６２２２　４４,2016-02-26,2016-03-02,05,多摩川,一般,２　２１１３２２２１[２],2015-02-19,2015-02-24,05,多摩川,一般,１１１１６　３５３６３１
202610070511,2026-10-07,05,11R,5029,中 亮太,2022-09-20,2022-09-25,05,多摩川,ＧⅠ,３　５　２５３　６１４,,,,,,,,,,,,,,,,,,,,,,,,,3777,樋口 亮,2023-08-17,2023-08-20,05,多摩川,一般,４２２３１３４３,2022-02-26,2022-03-03,05,多摩川,一般,１１３６５３２　２３５５,2020-09-08,2020-09-13,05,多摩川,一般,３４１　５４４　２３３２,2019-11-22,2019-11-27,05,多摩川,一般,４４１　６６３　５５１３,2019-07-14,2019-07-19,05,多摩川,一般,５３２　４５４　２３４３,4163,山崎 裕司,2025-12-10,2025-12-14,05,多摩川,一般,１５５　２４２１１４,2025-02-15,2025-02-19,05,多摩川,一般,３３５　１２３５２３,2024-07-26,2024-07-31,05,多摩川,一般,５４１　６６４５２　１１,2021-09-19,2021-09-23,05,多摩川,一般,５２１　４３４３２４,2019-03-12,2019-03-17,05,多摩川,一般,４５２１４　６２１４３４,4911,片岡 大地,2026-08-15,2026-08-20,05,多摩川,一般,３　５５４　１６２　４２,2025-08-10,2025-08-15,05,多摩川,一般,２１１　５３１　４６６４,2024-08-11,2024-08-16,05,多摩川,一般,６　４５５　６５５　６４,2024-04-14,2024-04-17,05,多摩川,一般,３４４４５　２６,2023-09-13,2023-09-17,05,多摩川,一般,５　２５４　１３５２,4274,長畑 友輔,2026-08-15,2026-08-20,05,多摩川,一般,５３２　４　１３５５２６,2026-07-05,2026-07-09,05,多摩川,一般,６　１２５３３２１４,2025-11-29,2025-12-03,05,多摩川,一般,３６６　５　３４６,2025-08-10,2025-08-15,05,多摩川,一般,１４６　３５２　１５２４,2025-05-25,2025-05-29,05,多摩川,一般,５２３　５６６　１,4650,中山 雄太,2025-12-10,2025-12-14,05,多摩川,一般,３４３１１１２１[３],2025-08-20,2025-08-24,05,多摩川,一般,１１２４４１３４２２,2025-05-25,2025-05-29,05,多摩川,一般,５３３１４２１４５５,2024-06-05,2024-06-09,05,多摩川,一般,６１１　４１４６１６,2022-10-18,2022-10-23,05,多摩川,一般,５　１２４５２　１２[６]
202610070512,2026-10-07,05,12R,4914,吉田 裕平,2025-06-14,2025-06-19,05,多摩川,ＧⅢ,２　１４１　６１２　[２],2024-10-31,2024-11-05,05,多摩川,ＧⅠ,３　３１４　６　２２２２,2023-05-07,2023-05-11,05,多摩川,一般,３３１４１２３６４３,2022-09-20,2022-09-25,05,多摩川,ＧⅠ,転４６　４３３　３　５,2021-12-22,2021-12-25,05,多摩川,一般,２２２２１４[６],3684,清水 攻二,2024-09-28,2024-10-01,05,多摩川,一般,３３２　１４４１,2022-11-08,2022-11-11,05,多摩川,一般,４２１妨３　３,2019-10-01,2019-10-05,05,多摩川,一般,５４２４３　２２４,2018-06-21,2018-06-25,05,多摩川,一般,１　５４４６２３２１,2016-07-12,2016-07-17,05,多摩川,一般,３１５　４４４　１４５４,4293,鈴木 智啓,2026-06-17,2026-06-22,05,多摩川,一般,５３６　３３４　２　３１,2025-07-16,2025-07-20,05,多摩川,一般,３１２４２　１３３１,2024-12-10,2024-12-14,05,多摩川,一般,３５５　エ,2024-06-12,2024-06-15,05,多摩川,一般,２１２　F２４,2022-06-18,2022-06-23,05,多摩川,一般,１　６３５２５　４１３５,3876,中辻 崇人,2022-09-11,2022-09-15,05,多摩川,一般,１２４１３２５１[４],2018-05-28,2018-06-01,05,多摩川,一般,２４３１４３６４５５,2018-01-26,2018-01-31,05,多摩川,一般,２１２３１１１　１１[１],2017-09-10,2017-09-14,05,多摩川,一般,１６４３６１３　１３,2016-01-09,2016-01-14,05,多摩川,一般,１５１１４５２　６６１２,4529,嶋 義信,2022-05-27,2022-06-01,05,多摩川,ＧⅢ,４　６５３　３６５４４１,2018-02-20,2018-02-25,05,多摩川,一般,５６１　３４６　４　２６,2016-09-25,2016-09-28,05,多摩川,一般,２２４　５２２４,2014-01-15,2014-01-19,05,多摩川,一般,４５３　４６６　３３,2010-07-01,2010-07-06,05,多摩川,一般,６　４３４　６　２５６６,4990,田中 博子,2023-09-05,2023-09-10,05,多摩川,ＧⅢ,５　１５２　４６５５５,2020-10-30,2020-11-04,05,多摩川,ＧⅢ,６６４　６２５　６４５,2020-01-27,2020-01-31,05,多摩川,一般,６　５６６　５６４６,2018-06-21,2018-06-25,05,多摩川,一般,６　６６６　６　６６,2017-12-12,2017-12-15,05,多摩川,一般,６　６６転F６
202610070701,2026-10-07,07,01R,4979,中野 夢斗,2026-09-29,2026-10-04,07,蒲郡,ＧⅢ,５　６６５　６　６３１６,2026-06-17,2026-06-20,07,蒲郡,一般,５６６,2026-04-18,2026-04-21,07,蒲郡,一般,１　４４５２[３],2025-12-30,2026-01-04,07,蒲郡,一般,６　２５６　３５２　５５,2025-03-14,2025-03-19,07,蒲郡,ＧⅢ,２　１４５５６６６　５,3277,齋藤 勇,2026-06-17,2026-06-20,07,蒲郡,一般,３　２２２６４４,2025-12-22,2025-12-28,07,蒲郡,一般,４　２２転６４　６３６　５２,2025-05-14,2025-05-18,07,蒲郡,一般,１５６４６　４　３,2024-11-11,2024-11-16,07,蒲郡,一般,２　５６２　２６６　３５,2024-04-25,2024-04-28,07,蒲郡,一般,５　５６４　４３,5263,,,,,,,,,,,,,,,,,,,,,,,,,,,,,,,,4630,岩永 雅人,2026-05-25,2026-05-31,07,蒲郡,一般,４　３３２２３　転４４２３４,2025-12-30,2026-01-04,07,蒲郡,一般,５３３　５２２　４６２３,2025-11-22,2025-11-27,07,蒲郡,一般,１　１３３２５１落３２３,2025-08-09,2025-08-14,07,蒲郡,一般,２　４５３１３３５５４５,2025-06-20,2025-06-23,07,蒲郡,一般,１３２　１２[１],3808,秋田 健太郎,2025-07-31,2025-08-05,07,蒲郡,一般,４５５　１５２　６　３４,2025-02-17,2025-02-22,07,蒲郡,一般,６　２５２　転６５,2023-01-08,2023-01-11,07,蒲郡,一般,６４４　５　１５,2021-03-27,2021-03-31,07,蒲郡,一般,５２３　３６５　４,2020-10-17,2020-10-23,07,蒲郡,一般,６　６６６,3662,大庭 元明,2026-06-09,2026-06-13,07,蒲郡,一般,１６２　２２１４４５,2024-04-13,2024-04-18,07,蒲郡,一般,２　１２２５１５１３１２,2023-11-24,2023-11-29,07,蒲郡,一般,４　５４５　５６２　１,2023-04-07,2023-04-12,07,蒲郡,ＧⅢ,１　４２１　５４６３１２,2020-03-02,2020-03-07,07,蒲郡,一般,１４２５４　２２２３[６]
202610070702,2026-10-07,07,02R,4232,笠 雅雄,2023-10-15,2023-10-19,07,蒲郡,一般,２４６　５　４５６４,2020-10-26,2020-10-30,07,蒲郡,一般,３３５　２２６５６３,2019-07-04,2019-07-07,07,蒲郡,一般,２５５　５６６,2017-08-28,2017-09-02,07,蒲郡,一般,２　４５４　６６６　４,2016-02-23,2016-02-27,07,蒲郡,一般,３４４６６　６　４５,4180,上野 秀和,2026-04-18,2026-04-21,07,蒲郡,一般,１　４５３２１５,2025-07-31,2025-08-05,07,蒲郡,一般,１　２１４５２３１６４４,2024-11-21,2024-11-26,07,蒲郡,一般,５４６　３４１　３４５,2023-04-07,2023-04-12,07,蒲郡,ＧⅢ,６　４２１５６５６　４５,2023-01-24,2023-01-30,07,蒲郡,一般,１　４６６６５　５　３４４,4470,平田 健之佑,2026-08-11,2026-08-16,07,蒲郡,一般,１６４４２　４３２　１５,2026-02-28,2026-03-06,07,蒲郡,一般,２４１２４　４１２２３転４２,2025-11-22,2025-11-27,07,蒲郡,一般,１５１３４　４５１２[２],2024-11-11,2024-11-16,07,蒲郡,一般,１６１６１　４　１４１２,2023-12-02,2023-12-07,07,蒲郡,一般,４　３４５　１４３　２２,3643,米田 隆弘,2025-03-23,2025-03-28,07,蒲郡,一般,１４４　４６３　２３２５,2023-10-15,2023-10-19,07,蒲郡,一般,１４４　１２３２[６],2023-07-07,2023-07-12,07,蒲郡,一般,２４３　５２３　１５３５,2020-04-02,2020-04-07,07,蒲郡,一般,２　３５３３１３１６５６,2018-07-06,2018-07-10,07,蒲郡,一般,２４２５２　２５１２,5425,西山 育,2026-02-10,2026-02-16,07,蒲郡,一般,６　６５６　６６６　６　５５,,,,,,,,,,,,,,,,,,,,,,,,,3517,高橋 勲,2026-02-21,2026-02-25,07,蒲郡,一般,６２５　３３３　４３,2024-04-25,2024-04-28,07,蒲郡,一般,５４３　１４１２,2023-08-05,2023-08-10,07,蒲郡,一般,２１１　F４４　L,2023-05-11,2023-05-16,07,蒲郡,ＧⅢ,５　５３１　３６３２４５,2021-05-13,2021-05-18,07,蒲郡,一般,４２５　１４２５３３５１
202610070703,2026-10-07,07,03R,3843,上之 晃弘,2025-05-31,2025-06-06,07,蒲郡,一般,３　４１３２１２４　１３４２,2023-03-28,2023-04-02,07,蒲郡,一般,４２１　２４３４４６１６,2018-05-19,2018-05-24,07,蒲郡,ＧⅢ,６５１　３３５　３３６,2017-09-12,2017-09-16,07,蒲郡,一般,４　３３１２２２[６],2016-04-02,2016-04-05,07,蒲郡,一般,５　５５,5032,谷口 知優,2024-03-02,2024-03-07,07,蒲郡,一般,５　５４２３１５転１６転,,,,,,,,,,,,,,,,,,,,,,,,,4258,関根 彰人,2025-05-31,2025-06-06,07,蒲郡,一般,２　５６３６転,2025-02-07,2025-02-10,07,蒲郡,一般,２６２　２２３４,2024-02-25,2024-02-28,07,蒲郡,一般,４２４　３４４５,2023-01-24,2023-01-30,07,蒲郡,一般,５３３　３４３　４６５４３,2022-07-24,2022-07-28,07,蒲郡,一般,５６３　６６２　４１,3804,中渡 修作,2025-11-22,2025-11-27,07,蒲郡,一般,１５５　６４４　５５２,2025-05-08,2025-05-11,07,蒲郡,一般,３５２　４２４３,2024-10-12,2024-10-16,07,蒲郡,一般,５４４　１３４３１４,2019-10-18,2019-10-21,07,蒲郡,一般,２　４６５２５５,2019-06-22,2019-06-28,07,蒲郡,ＧⅢ,５　１５４５１６４　２２,5467,,,,,,,,,,,,,,,,,,,,,,,,,,,,,,,,4370,山口 達也,2026-03-24,2026-03-29,07,蒲郡,ＳＧ,６　４　４６４　２４６,2025-10-05,2025-10-10,07,蒲郡,ＧⅠ,４　１　６３１　３　１２,2025-03-14,2025-03-19,07,蒲郡,ＧⅢ,６６２３３２４,2024-09-15,2024-09-21,07,蒲郡,一般,３４１１６　１６１２１３１１,2023-03-28,2023-04-02,07,蒲郡,一般,６６４１２２１３２４２１
202610070704,2026-10-07,07,04R,3935,岩津 徹郎,2017-01-23,2017-01-28,07,蒲郡,一般,１１６　４５４　１２３５,2016-04-23,2016-04-27,07,蒲郡,一般,１１４　３３５４３２,2015-11-22,2015-11-27,07,蒲郡,一般,３　２５５　４５６　５,2014-11-02,2014-11-05,07,蒲郡,一般,５　６５６６１,2013-01-30,2013-02-04,07,蒲郡,一般,５５３　３３４　５５３５,3467,森 弘行,2025-11-22,2025-11-27,07,蒲郡,一般,６　６６６　５６,2024-01-13,2024-01-18,07,蒲郡,一般,３３２　５３４　４６２５,2023-08-05,2023-08-10,07,蒲郡,一般,５６２　５５２　６４４,2022-01-21,2022-01-26,07,蒲郡,ＧⅢ,２５６　５４３　５　１６,2019-06-22,2019-06-28,07,蒲郡,ＧⅢ,２５３　５６５　６,4704,河野 大,2025-10-05,2025-10-10,07,蒲郡,ＧⅠ,５　５　５６５５３　４４,2025-06-11,2025-06-16,07,蒲郡,一般,１５１１１１１１４１[４],2025-02-25,2025-03-02,07,蒲郡,一般,２１３　４５４１２６１３,2023-12-14,2023-12-18,07,蒲郡,一般,１４１２３　１５３３,2022-04-10,2022-04-15,07,蒲郡,ＧⅠ,６　２　４１４　３５１５,4263,武重 雄介,2020-05-02,2020-05-06,07,蒲郡,一般,２５５５６　３　２６,2019-12-13,2019-12-18,07,蒲郡,一般,２２６　６３１　２６１２,2019-04-01,2019-04-07,07,蒲郡,一般,４４４　１１６４１５６４５６,2018-07-06,2018-07-10,07,蒲郡,一般,４３２　１３５４２５,2015-06-02,2015-06-05,07,蒲郡,一般,５４３４６　６,4383,竹田 吉行,2024-11-11,2024-11-16,07,蒲郡,一般,５４３　２１５４３６３,2023-11-24,2023-11-29,07,蒲郡,一般,５　４６５　５５２　３,2019-10-18,2019-10-21,07,蒲郡,一般,３５６　２３２５,2019-04-01,2019-04-07,07,蒲郡,一般,１　３４２５３　５４２５転２,2016-05-21,2016-05-26,07,蒲郡,一般,２５１　４４６６４　２,3475,橋本 久和,2025-10-14,2025-10-19,07,蒲郡,一般,３５２　２転１,2025-02-07,2025-02-10,07,蒲郡,一般,２２４４２５１３,2023-12-25,2023-12-28,07,蒲郡,一般,４１３　１５１３,2022-07-07,2022-07-12,07,蒲郡,一般,２１３５２　５５１４２２,2021-12-20,2021-12-25,07,蒲郡,一般,１６５　３２３　１５１４
202610070705,2026-10-07,07,05R,2878,富山 弘幸,2026-06-03,2026-06-07,07,蒲郡,一般,１　４１４３３５,2025-07-09,2025-07-14,07,蒲郡,一般,２６３　４４６　４　２５,2025-02-17,2025-02-22,07,蒲郡,一般,４　２５４　５３５４４２,2023-11-24,2023-11-29,07,蒲郡,一般,２３３　１２４３２４１２,2023-08-29,2023-09-02,07,蒲郡,一般,２　３４３２３６５４,4906,鈴木 雅希,2026-04-05,2026-04-11,07,蒲郡,一般,５　２４２　６４２３１　１２,2025-11-03,2025-11-08,07,蒲郡,一般,３６３４３　２　２５１１,2025-06-11,2025-06-16,07,蒲郡,一般,２３１　５３３５２　３１,2025-02-17,2025-02-22,07,蒲郡,一般,３　２３２６２　１６１４,2023-03-28,2023-04-02,07,蒲郡,一般,５５６６６　５６６５５６,3662,大庭 元明,2026-06-09,2026-06-13,07,蒲郡,一般,１６２　２２１４４５,2024-04-13,2024-04-18,07,蒲郡,一般,２　１２２５１５１３１２,2023-11-24,2023-11-29,07,蒲郡,一般,４　５４５　５６２　１,2023-04-07,2023-04-12,07,蒲郡,ＧⅢ,１　４２１　５４６３１２,2020-03-02,2020-03-07,07,蒲郡,一般,１４２５４　２２２３[６],3852,澤 大介,2026-06-23,2026-06-28,07,蒲郡,一般,６　１６６　３３３　１５,2026-01-07,2026-01-11,07,蒲郡,一般,F　２　６４４　５,2024-05-25,2024-05-30,07,蒲郡,一般,３　２１１４３　５６１４,2023-12-02,2023-12-07,07,蒲郡,一般,６３,2023-04-22,2023-04-27,07,蒲郡,一般,５３６　４５２　６　５,3523,寳田 亮治,2025-04-18,2025-04-23,07,蒲郡,一般,２　１４２２５６６６２６,2023-12-14,2023-12-18,07,蒲郡,一般,５,2022-01-21,2022-01-26,07,蒲郡,ＧⅢ,６　２２４６２５２　６,2019-09-02,2019-09-08,07,蒲郡,一般,４６３　２３４　４３２　４２,2018-11-17,2018-11-20,07,蒲郡,一般,５　２３５６１５,4361,柳生 泰二,2026-03-24,2026-03-29,07,蒲郡,ＳＧ,５４２　１　２４１　３５,2025-07-31,2025-08-05,07,蒲郡,一般,３４３１５４１３３１[４],2024-06-08,2024-06-13,07,蒲郡,ＧⅠ,４　１２３　１５５　１４,2016-04-23,2016-04-27,07,蒲郡,一般,３４３１４４１３３１,2015-10-11,2015-10-16,07,蒲郡,一般,３５６　４２１　１１２１
202610070706,2026-10-07,07,06R,4074,柳沢 一,2026-05-25,2026-05-31,07,蒲郡,一般,２１１　２３１１４１６転,2026-05-01,2026-05-06,07,蒲郡,一般,２６２１１４３１３４１６,2026-02-21,2026-02-25,07,蒲郡,一般,１５１２２１２１[３],2025-10-05,2025-10-10,07,蒲郡,ＧⅠ,５　６　１５４２５　４５,2025-06-11,2025-06-16,07,蒲郡,一般,１３１１１２１２１１[１],5263,,,,,,,,,,,,,,,,,,,,,,,,,,,,,,,,5229,吉川 晴人,2025-07-19,2025-07-24,07,蒲郡,一般,１　３４６　５２４２６６,2025-01-31,2025-02-04,07,蒲郡,一般,２３１４４　６２[２],2024-08-31,2024-09-07,07,蒲郡,一般,１４４　６６１　６５４１,,,,,,,,,,,,,4325,新出 浩司,2025-12-09,2025-12-15,07,蒲郡,一般,３５４　１３６　５　４６４,2024-11-21,2024-11-26,07,蒲郡,一般,２４４　F５３　５３４,2024-04-13,2024-04-18,07,蒲郡,一般,１３５　１３３６３５２３,2023-04-07,2023-04-12,07,蒲郡,ＧⅢ,２２１３２　２６１３[６],2021-07-17,2021-07-22,07,蒲郡,一般,３５４　６１３　４４３３,3867,松浦 勝,2026-05-25,2026-05-31,07,蒲郡,一般,２４５　２５６　５６２　５５,2025-12-30,2026-01-04,07,蒲郡,一般,３５６　２５４　４　２２,2025-05-08,2025-05-11,07,蒲郡,一般,６　３３,2024-12-14,2024-12-20,07,蒲郡,一般,３６１　３５５　４２欠,2024-09-15,2024-09-21,07,蒲郡,一般,３　１５２　３５４５４６４５,3352,小川 晃司,2026-03-12,2026-03-17,07,蒲郡,一般,３５３　６５３　３５３５,2023-10-08,2023-10-12,07,蒲郡,一般,２３６　４１４　２３,2017-11-16,2017-11-19,07,蒲郡,一般,６５４　１４３３,2017-08-03,2017-08-06,07,蒲郡,一般,５４２４２　１４,2017-01-08,2017-01-14,07,蒲郡,一般,３４２　３６２４２　６５５３
202610070707,2026-10-07,07,07R,3779,原田 幸哉,2026-07-13,2026-07-18,07,蒲郡,ＧⅡ,３６５　６　５５１　６６,2026-03-24,2026-03-29,07,蒲郡,ＳＧ,４５５　６　１３４　５３,2025-10-05,2025-10-10,07,蒲郡,ＧⅠ,１F４　６　６５３　５,2024-09-15,2024-09-21,07,蒲郡,一般,４１２　３１１４２１４３３１,2023-10-24,2023-10-29,07,蒲郡,ＳＧ,４　４　１５２　１１４６,3664,鈴木 賢一,2026-06-03,2026-06-07,07,蒲郡,一般,３６１　６４１,2025-06-11,2025-06-16,07,蒲郡,一般,１６３６３　２　６３５１,2025-02-25,2025-03-02,07,蒲郡,一般,５５６　１　５４１　３３,2024-12-06,2024-12-11,07,蒲郡,一般,１　４４３　５５１５３５,2024-02-17,2024-02-22,07,蒲郡,一般,５　１６６　１５５　６４,4134,杉山 貴博,2026-05-25,2026-05-31,07,蒲郡,一般,３　２６３　４４２５４２２,2025-12-22,2025-12-28,07,蒲郡,一般,３２２１１　２５３２２５４４,2025-06-11,2025-06-16,07,蒲郡,一般,５２５　２１４１２２[５],2024-09-24,2024-09-28,07,蒲郡,一般,２２５　１６２２[５],2024-04-13,2024-04-18,07,蒲郡,一般,３４６　４２４４３２３４,4979,中野 夢斗,2026-09-29,2026-10-04,07,蒲郡,ＧⅢ,５　６６５　６　６３１６,2026-06-17,2026-06-20,07,蒲郡,一般,５６６,2026-04-18,2026-04-21,07,蒲郡,一般,１　４４５２[３],2025-12-30,2026-01-04,07,蒲郡,一般,６　２５６　３５２　５５,2025-03-14,2025-03-19,07,蒲郡,ＧⅢ,２　１４５５６６６　５,5206,梅原 祥平,2025-07-19,2025-07-24,07,蒲郡,一般,５　４５５　１３２　２２,2024-09-15,2024-09-21,07,蒲郡,一般,５１５　６５４　２　６　３４,,,,,,,,,,,,,,,,,,,5467,,,,,,,,,,,,,,,,,,,,,,,,,,,,,,,
202610070708,2026-10-07,07,08R,3769,佐竹 恒彦,2026-04-05,2026-04-11,07,蒲郡,一般,２　１３２　５２４　２６２５,2025-01-31,2025-02-04,07,蒲郡,一般,６　２６２３２２１１,2024-06-21,2024-06-25,07,蒲郡,一般,３　３５２２５２３落,2023-11-17,2023-11-21,07,蒲郡,一般,６４１　６５,2023-09-10,2023-09-14,07,蒲郡,一般,３　３５２２５４３,3653,品川 賢次,2024-10-01,2024-10-05,07,蒲郡,一般,６　４５５６４　２,2024-07-02,2024-07-07,07,蒲郡,一般,３　４３４６３６４　４６,2023-12-25,2023-12-28,07,蒲郡,一般,３３１４３３１２,2022-03-22,2022-03-27,07,蒲郡,一般,４　不２１　５５３５４１,2020-12-23,2020-12-27,07,蒲郡,一般,４４４　４４１　３欠,3808,秋田 健太郎,2025-07-31,2025-08-05,07,蒲郡,一般,４５５　１５２　６　３４,2025-02-17,2025-02-22,07,蒲郡,一般,６　２５２　転６５,2023-01-08,2023-01-11,07,蒲郡,一般,６４４　５　１５,2021-03-27,2021-03-31,07,蒲郡,一般,５２３　３６５　４,2020-10-17,2020-10-23,07,蒲郡,一般,６　６６６,3941,池田 浩二,2026-07-13,2026-07-18,07,蒲郡,ＧⅡ,１　５２５３２　６　１３,2026-05-01,2026-05-06,07,蒲郡,一般,１１２１２１１１１１[２],2026-03-24,2026-03-29,07,蒲郡,ＳＧ,５　３３２　４３５３６,2025-10-05,2025-10-10,07,蒲郡,ＧⅠ,２４１　５２４　３　２１,2025-08-09,2025-08-14,07,蒲郡,一般,１１１１１２１１１１[１],5032,谷口 知優,2024-03-02,2024-03-07,07,蒲郡,一般,５　５４２３１５転１６転,,,,,,,,,,,,,,,,,,,,,,,,,3643,米田 隆弘,2025-03-23,2025-03-28,07,蒲郡,一般,１４４　４６３　２３２５,2023-10-15,2023-10-19,07,蒲郡,一般,１４４　１２３２[６],2023-07-07,2023-07-12,07,蒲郡,一般,２４３　５２３　１５３５,2020-04-02,2020-04-07,07,蒲郡,一般,２　３５３３１３１６５６,2018-07-06,2018-07-10,07,蒲郡,一般,２４２５２　２５１２
202610070709,2026-10-07,07,09R,4630,岩永 雅人,2026-05-25,2026-05-31,07,蒲郡,一般,４　３３２２３　転４４２３４,2025-12-30,2026-01-04,07,蒲郡,一般,５３３　５２２　４６２３,2025-11-22,2025-11-27,07,蒲郡,一般,１　１３３２５１落３２３,2025-08-09,2025-08-14,07,蒲郡,一般,２　４５３１３３５５４５,2025-06-20,2025-06-23,07,蒲郡,一般,１３２　１２[１],3852,澤 大介,2026-06-23,2026-06-28,07,蒲郡,一般,６　１６６　３３３　１５,2026-01-07,2026-01-11,07,蒲郡,一般,F　２　６４４　５,2024-05-25,2024-05-30,07,蒲郡,一般,３　２１１４３　５６１４,2023-12-02,2023-12-07,07,蒲郡,一般,６３,2023-04-22,2023-04-27,07,蒲郡,一般,５３６　４５２　６　５,4180,上野 秀和,2026-04-18,2026-04-21,07,蒲郡,一般,１　４５３２１５,2025-07-31,2025-08-05,07,蒲郡,一般,１　２１４５２３１６４４,2024-11-21,2024-11-26,07,蒲郡,一般,５４６　３４１　３４５,2023-04-07,2023-04-12,07,蒲郡,ＧⅢ,６　４２１５６５６　４５,2023-01-24,2023-01-30,07,蒲郡,一般,１　４６６６５　５　３４４,3568,木村 光宏,2025-10-14,2025-10-19,07,蒲郡,一般,５　５３２　５５１　２２,2025-01-23,2025-01-28,07,蒲郡,一般,F６５　５,2023-04-07,2023-04-12,07,蒲郡,ＧⅢ,１３１　１１１６２１３１,2022-10-29,2022-11-02,07,蒲郡,一般,４６,2020-04-02,2020-04-07,07,蒲郡,一般,３６,4258,関根 彰人,2025-05-31,2025-06-06,07,蒲郡,一般,２　５６３６転,2025-02-07,2025-02-10,07,蒲郡,一般,２６２　２２３４,2024-02-25,2024-02-28,07,蒲郡,一般,４２４　３４４５,2023-01-24,2023-01-30,07,蒲郡,一般,５３３　３４３　４６５４３,2022-07-24,2022-07-28,07,蒲郡,一般,５６３　６６２　４１,4710,福田 宗平,2026-06-03,2026-06-07,07,蒲郡,一般,２２６２１５３１,2025-11-03,2025-11-08,07,蒲郡,一般,６２４　２２６　３４３１,2024-10-28,2024-10-31,07,蒲郡,一般,３４２５１４１２,2021-09-04,2021-09-10,07,蒲郡,一般,５４２　１６２　１３５３５１,2020-12-05,2020-12-11,07,蒲郡,一般,５４３　１３３４３　３４５２
202610070710,2026-10-07,07,10R,4199,北川 潤二,2026-08-11,2026-08-16,07,蒲郡,一般,１　３４４５４３４１１,2026-01-07,2026-01-11,07,蒲郡,一般,１　３３３５５５１５,2025-08-09,2025-08-14,07,蒲郡,一般,１　２４４４５６２　３４,2025-05-22,2025-05-26,07,蒲郡,一般,１４２４５１１５３４,2025-04-02,2025-04-07,07,蒲郡,一般,１　３３２５３２２３４１,4383,竹田 吉行,2024-11-11,2024-11-16,07,蒲郡,一般,５４３　２１５４３６３,2023-11-24,2023-11-29,07,蒲郡,一般,５　４６５　５５２　３,2019-10-18,2019-10-21,07,蒲郡,一般,３５６　２３２５,2019-04-01,2019-04-07,07,蒲郡,一般,１　３４２５３　５４２５転２,2016-05-21,2016-05-26,07,蒲郡,一般,２５１　４４６６４　２,2878,富山 弘幸,2026-06-03,2026-06-07,07,蒲郡,一般,１　４１４３３５,2025-07-09,2025-07-14,07,蒲郡,一般,２６３　４４６　４　２５,2025-02-17,2025-02-22,07,蒲郡,一般,４　２５４　５３５４４２,2023-11-24,2023-11-29,07,蒲郡,一般,２３３　１２４３２４１２,2023-08-29,2023-09-02,07,蒲郡,一般,２　３４３２３６５４,4232,笠 雅雄,2023-10-15,2023-10-19,07,蒲郡,一般,２４６　５　４５６４,2020-10-26,2020-10-30,07,蒲郡,一般,３３５　２２６５６３,2019-07-04,2019-07-07,07,蒲郡,一般,２５５　５６６,2017-08-28,2017-09-02,07,蒲郡,一般,２　４５４　６６６　４,2016-02-23,2016-02-27,07,蒲郡,一般,３４４６６　６　４５,5229,吉川 晴人,2025-07-19,2025-07-24,07,蒲郡,一般,１　３４６　５２４２６６,2025-01-31,2025-02-04,07,蒲郡,一般,２３１４４　６２[２],2024-08-31,2024-09-07,07,蒲郡,一般,１４４　６６１　６５４１,,,,,,,,,,,,,3804,中渡 修作,2025-11-22,2025-11-27,07,蒲郡,一般,１５５　６４４　５５２,2025-05-08,2025-05-11,07,蒲郡,一般,３５２　４２４３,2024-10-12,2024-10-16,07,蒲郡,一般,５４４　１３４３１４,2019-10-18,2019-10-21,07,蒲郡,一般,２　４６５２５５,2019-06-22,2019-06-28,07,蒲郡,ＧⅢ,５　１５４５１６４　２２
202610070711,2026-10-07,07,11R,4470,平田 健之佑,2026-08-11,2026-08-16,07,蒲郡,一般,１６４４２　４３２　１５,2026-02-28,2026-03-06,07,蒲郡,一般,２４１２４　４１２２３転４２,2025-11-22,2025-11-27,07,蒲郡,一般,１５１３４　４５１２[２],2024-11-11,2024-11-16,07,蒲郡,一般,１６１６１　４　１４１２,2023-12-02,2023-12-07,07,蒲郡,一般,４　３４５　１４３　２２,4325,新出 浩司,2025-12-09,2025-12-15,07,蒲郡,一般,３５４　１３６　５　４６４,2024-11-21,2024-11-26,07,蒲郡,一般,２４４　F５３　５３４,2024-04-13,2024-04-18,07,蒲郡,一般,１３５　１３３６３５２３,2023-04-07,2023-04-12,07,蒲郡,ＧⅢ,２２１３２　２６１３[６],2021-07-17,2021-07-22,07,蒲郡,一般,３５４　６１３　４４３３,4906,鈴木 雅希,2026-04-05,2026-04-11,07,蒲郡,一般,５　２４２　６４２３１　１２,2025-11-03,2025-11-08,07,蒲郡,一般,３６３４３　２　２５１１,2025-06-11,2025-06-16,07,蒲郡,一般,２３１　５３３５２　３１,2025-02-17,2025-02-22,07,蒲郡,一般,３　２３２６２　１６１４,2023-03-28,2023-04-02,07,蒲郡,一般,５５６６６　５６６５５６,3843,上之 晃弘,2025-05-31,2025-06-06,07,蒲郡,一般,３　４１３２１２４　１３４２,2023-03-28,2023-04-02,07,蒲郡,一般,４２１　２４３４４６１６,2018-05-19,2018-05-24,07,蒲郡,ＧⅢ,６５１　３３５　３３６,2017-09-12,2017-09-16,07,蒲郡,一般,４　３３１２２２[６],2016-04-02,2016-04-05,07,蒲郡,一般,５　５５,4263,武重 雄介,2020-05-02,2020-05-06,07,蒲郡,一般,２５５５６　３　２６,2019-12-13,2019-12-18,07,蒲郡,一般,２２６　６３１　２６１２,2019-04-01,2019-04-07,07,蒲郡,一般,４４４　１１６４１５６４５６,2018-07-06,2018-07-10,07,蒲郡,一般,４３２　１３５４２５,2015-06-02,2015-06-05,07,蒲郡,一般,５４３４６　６,4134,杉山 貴博,2026-05-25,2026-05-31,07,蒲郡,一般,３　２６３　４４２５４２２,2025-12-22,2025-12-28,07,蒲郡,一般,３２２１１　２５３２２５４４,2025-06-11,2025-06-16,07,蒲郡,一般,５２５　２１４１２２[５],2024-09-24,2024-09-28,07,蒲郡,一般,２２５　１６２２[５],2024-04-13,2024-04-18,07,蒲郡,一般,３４６　４２４４３２３４
202610070712,2026-10-07,07,12R,3941,池田 浩二,2026-07-13,2026-07-18,07,蒲郡,ＧⅡ,１　５２５３２　６　１３,2026-05-01,2026-05-06,07,蒲郡,一般,１１２１２１１１１１[２],2026-03-24,2026-03-29,07,蒲郡,ＳＧ,５　３３２　４３５３６,2025-10-05,2025-10-10,07,蒲郡,ＧⅠ,２４１　５２４　３　２１,2025-08-09,2025-08-14,07,蒲郡,一般,１１１１１２１１１１[１],4370,山口 達也,2026-03-24,2026-03-29,07,蒲郡,ＳＧ,６　４　４６４　２４６,2025-10-05,2025-10-10,07,蒲郡,ＧⅠ,４　１　６３１　３　１２,2025-03-14,2025-03-19,07,蒲郡,ＧⅢ,６６２３３２４,2024-09-15,2024-09-21,07,蒲郡,一般,３４１１６　１６１２１３１１,2023-03-28,2023-04-02,07,蒲郡,一般,６６４１２２１３２４２１,4361,柳生 泰二,2026-03-24,2026-03-29,07,蒲郡,ＳＧ,５４２　１　２４１　３５,2025-07-31,2025-08-05,07,蒲郡,一般,３４３１５４１３３１[４],2024-06-08,2024-06-13,07,蒲郡,ＧⅠ,４　１２３　１５５　１４,2016-04-23,2016-04-27,07,蒲郡,一般,３４３１４４１３３１,2015-10-11,2015-10-16,07,蒲郡,一般,３５６　４２１　１１２１,3779,原田 幸哉,2026-07-13,2026-07-18,07,蒲郡,ＧⅡ,３６５　６　５５１　６６,2026-03-24,2026-03-29,07,蒲郡,ＳＧ,４５５　６　１３４　５３,2025-10-05,2025-10-10,07,蒲郡,ＧⅠ,１F４　６　６５３　５,2024-09-15,2024-09-21,07,蒲郡,一般,４１２　３１１４２１４３３１,2023-10-24,2023-10-29,07,蒲郡,ＳＧ,４　４　１５２　１１４６,4074,柳沢 一,2026-05-25,2026-05-31,07,蒲郡,一般,２１１　２３１１４１６転,2026-05-01,2026-05-06,07,蒲郡,一般,２６２１１４３１３４１６,2026-02-21,2026-02-25,07,蒲郡,一般,１５１２２１２１[３],2025-10-05,2025-10-10,07,蒲郡,ＧⅠ,５　６　１５４２５　４５,2025-06-11,2025-06-16,07,蒲郡,一般,１３１１１２１２１１[１],4704,河野 大,2025-10-05,2025-10-10,07,蒲郡,ＧⅠ,５　５　５６５５３　４４,2025-06-11,2025-06-16,07,蒲郡,一般,１５１１１１１１４１[４],2025-02-25,2025-03-02,07,蒲郡,一般,２１３　４５４１２６１３,2023-12-14,2023-12-18,07,蒲郡,一般,１４１２３　１５３３,2022-04-10,2022-04-15,07,蒲郡,ＧⅠ,６　２　４１４　３５１５
202610070801,2026-10-07,08,01R,3659,藤生 雄人,2026-05-19,2026-05-24,08,常滑,一般,１　２４６４２２６　４,2025-12-13,2025-12-18,08,常滑,一般,３３１　２４１　５１[６],2025-05-30,2025-06-03,08,常滑,一般,２２２５３　２６３６,2024-11-06,2024-11-09,08,常滑,一般,１３２２４５１５,2024-02-09,2024-02-12,08,常滑,一般,３２３１２５１４,3929,杢野 誓良,2026-08-10,2026-08-15,08,常滑,一般,４　２４４　４３３５２５,2026-05-03,2026-05-08,08,常滑,一般,５６５　１　６６４　５１,2025-12-29,2026-01-03,08,常滑,一般,６５２　４２４　６６６,2025-05-03,2025-05-08,08,常滑,一般,６５２　３１６　４３４,2024-11-27,2024-11-30,08,常滑,一般,１４３　３６４２,5341,山道 諄也,2026-03-28,2026-04-03,08,常滑,一般,６５６　４６６　６　４４,2025-10-24,2025-10-28,08,常滑,一般,５　５３５５５　２６,2025-07-28,2025-08-02,08,常滑,一般,６６４　６６６　４　６６,2025-05-30,2025-06-03,08,常滑,一般,６６６　６　６６５６,,,,,,,3642,大塚 浩二,2026-05-11,2026-05-15,08,常滑,一般,５　４４４　１６６３,2025-02-08,2025-02-11,08,常滑,一般,３２１５５　１６,2024-06-29,2024-07-02,08,常滑,一般,３５４　１４５６,2023-09-16,2023-09-19,08,常滑,一般,３　４５６１６６,2023-02-10,2023-02-13,08,常滑,一般,１６６　６欠,5415,阿部 未侑,2025-10-07,2025-10-12,08,常滑,一般,６６６　６６６　６６６,,,,,,,,,,,,,,,,,,,,,,,,,5190,大月 遊雅,2026-04-16,2026-04-21,08,常滑,一般,４　１３５　４５５４５３,2025-03-25,2025-03-30,08,常滑,一般,６　５３６　１４２２１５,2023-12-30,2024-01-04,08,常滑,一般,４　５６６　４２３４４６,2023-10-21,2023-10-24,08,常滑,一般,エ　５６２　５６,2023-05-26,2023-05-29,08,常滑,一般,４　６６６　６２
202610070802,2026-10-07,08,02R,3502,渡邉 英児,2026-05-19,2026-05-24,08,常滑,一般,２　２３３　５６３３５２,2025-10-31,2025-11-04,08,常滑,一般,２６４　６４５　４１,2025-06-28,2025-07-02,08,常滑,一般,５　２５１２１６３５,2024-12-03,2024-12-06,08,常滑,一般,６　１２３６２２,2024-08-10,2024-08-15,08,常滑,一般,１　１３１　３２１４３６,5239,上野 俊樹,2025-02-08,2025-02-11,08,常滑,一般,３３５３３　３４,,,,,,,,,,,,,,,,,,,,,,,,,4792,杉村 賢也,2026-03-18,2026-03-23,08,常滑,一般,５３３３５　２　３４１,2021-08-19,2021-08-23,08,常滑,一般,６　３５６　４５,2020-12-12,2020-12-15,08,常滑,一般,５,2019-12-20,2019-12-25,08,常滑,一般,５１１４５５３　３４１,2019-03-21,2019-03-24,08,常滑,一般,４　４　２３４５,4296,岡崎 恭裕,2025-08-28,2025-09-02,08,常滑,一般,３２２１４１３３１２[３],2025-01-23,2025-01-26,08,常滑,ＧⅠ,４　４３５４１,2023-11-12,2023-11-17,08,常滑,ＧⅠ,５３１　６３１　５　６６,2023-08-31,2023-09-05,08,常滑,ＧⅠ,４　１３６６５　１１６,2022-10-25,2022-10-30,08,常滑,ＳＧ,６　１６３　６　５６２,5436,市川 瑚幸,2026-09-12,2026-09-17,08,常滑,一般,５　６６６　６６６５６６,2026-06-29,2026-07-04,08,常滑,一般,６　６５６　６６５６６,2026-03-08,2026-03-13,08,常滑,一般,６６６　６　６　６６６,,,,,,,,,,,,,4552,杉山 勝匡,2026-04-24,2026-04-29,08,常滑,一般,３　２６転４１　４　２１,2025-09-25,2025-09-30,08,常滑,一般,４　４４１４５３１　４１,2024-11-06,2024-11-09,08,常滑,一般,１　４６１６３３,2024-06-15,2024-06-18,08,常滑,一般,４　３１１４５２,2022-12-17,2022-12-20,08,常滑,一般,６６６　６　６
202610070803,2026-10-07,08,03R,4306,畔柳 俊吾,2026-06-21,2026-06-25,08,常滑,一般,２２５４４　３２２５,2026-04-16,2026-04-21,08,常滑,一般,３　４６５　３３５　４３,2026-01-18,2026-01-22,08,常滑,一般,３　５３３４４　６２,2025-06-28,2025-07-02,08,常滑,一般,３　１３４２３３１４,2025-03-01,2025-03-04,08,常滑,一般,２　３４４３４６,4137,君島 秀三,2024-05-24,2024-05-27,08,常滑,一般,１１１４１１[３],2022-07-15,2022-07-20,08,常滑,ＧⅢ,２６２４３３３１３３３５,2021-01-09,2021-01-12,08,常滑,一般,４４４１１５５１,2019-12-13,2019-12-17,08,常滑,一般,２３２１１６２６３６,2019-05-10,2019-05-13,08,常滑,一般,１５３３１５３６,4105,松下 直也,2026-06-04,2026-06-08,08,常滑,一般,３２２　２１３２[３],2026-03-18,2026-03-23,08,常滑,一般,１　４３３３２４２５２６,2025-06-28,2025-07-02,08,常滑,一般,３２２　６５３　１２,2023-06-02,2023-06-05,08,常滑,一般,３　５２３２２２,2022-07-03,2022-07-06,08,常滑,一般,１　３２１２[２],5321,一色 颯輝,2026-08-30,2026-09-03,08,常滑,一般,　　　　　　　　５３,2026-05-03,2026-05-08,08,常滑,一般,２４１　４６４　４６６,2025-12-29,2026-01-03,08,常滑,一般,１４３　２落１　４２２２,2025-03-25,2025-03-30,08,常滑,一般,４　F２５　６　４　３,2025-01-08,2025-01-11,08,常滑,一般,２３３　５３６,5465,,,,,,,,,,,,,,,,,,,,,,,,,,,,,,,,3436,柏野 幸二,2025-06-18,2025-06-23,08,常滑,ＧⅢ,２５３　４３４３１６４５,2025-03-18,2025-03-22,08,常滑,一般,４２３３４　３４,2023-11-21,2023-11-24,08,常滑,一般,２４３　３６２５,2023-01-10,2023-01-15,08,常滑,一般,２２３６２４２　３５１６,2020-04-16,2020-04-20,08,常滑,一般,１３３１F１２　３
202610070804,2026-10-07,08,04R,5331,佐藤 永梧,2026-04-06,2026-04-10,08,常滑,一般,６　２１２４１６２６,2025-02-15,2025-02-18,08,常滑,一般,１２５６４F６,2024-09-09,2024-09-12,08,常滑,一般,６　５６６　５６,2024-06-02,2024-06-05,08,常滑,一般,４　６６６５４４,2024-03-26,2024-03-29,08,常滑,一般,６６６　６　６２,5013,山下 夏鈴,2025-12-13,2025-12-18,08,常滑,一般,２４１　１４３５３６５４,2025-05-13,2025-05-18,08,常滑,ＧⅡ,６　３　４５６　F６２,2025-04-07,2025-04-12,08,常滑,ＧⅢ,１　１４５５５５１　１６,2022-11-10,2022-11-15,08,常滑,ＧⅢ,４１４６２　２２４６４５,2022-01-14,2022-01-18,08,常滑,一般,４５６　３５１　３１,3458,東 健介,2025-05-30,2025-06-03,08,常滑,一般,５　５５２　２５５４,2019-12-05,2019-12-09,08,常滑,一般,５１２　３６３３１４,2019-06-14,2019-06-18,08,常滑,一般,４２１５１４４３,2019-01-12,2019-01-15,08,常滑,一般,６　４５１　３５,2018-03-18,2018-03-21,08,常滑,一般,５３４１２６５３,4207,松下 一也,2026-02-26,2026-03-02,08,常滑,一般,２１１４１１１１[１],2025-10-07,2025-10-12,08,常滑,一般,１５１　１４３３２３２１,2025-05-30,2025-06-03,08,常滑,一般,１１３　１５１３２１,2025-02-22,2025-02-25,08,常滑,一般,３２２　４　１２,2024-07-21,2024-07-24,08,常滑,一般,２２１５４２[１],3814,金子 貴志,2026-06-04,2026-06-08,08,常滑,一般,１３５　２３１４４２,2024-12-12,2024-12-15,08,常滑,一般,５　４６２　２２,2024-09-27,2024-09-30,08,常滑,一般,５３４　１５３３,2022-08-27,2022-08-30,08,常滑,一般,３２２３５４６５,2021-09-23,2021-09-26,08,常滑,一般,１　５２３４１２,4624,高田 明,2026-04-16,2026-04-21,08,常滑,一般,４４５２１４１２４２[６],2022-01-08,2022-01-10,08,常滑,一般,１　６５６５,2019-05-10,2019-05-13,08,常滑,一般,５４１４６　１２,2018-07-13,2018-07-18,08,常滑,ＧⅢ,４３５　１　４２６５２６,2018-04-02,2018-04-05,08,常滑,一般,１３４　１２[３]
202610070805,2026-10-07,08,05R,4589,塩崎 桐加,2025-10-07,2025-10-12,08,常滑,一般,２　５３１　５６５F４,2024-08-31,2024-09-05,08,常滑,一般,２５３　２３４２２不３,2023-09-16,2023-09-19,08,常滑,一般,１５１１１５３６,2022-11-10,2022-11-15,08,常滑,ＧⅢ,５　１５４３３　３２２３,2019-10-18,2019-10-22,08,常滑,一般,１　３６４６５　４２,4369,丹下 将,2026-07-22,2026-07-26,08,常滑,一般,１　１４３３４２[６],2026-05-03,2026-05-08,08,常滑,一般,３４１２３　５４３５２３,2025-12-21,2025-12-26,08,常滑,一般,５６５５４３２４,2025-10-31,2025-11-04,08,常滑,一般,１６４５６３１１２３,2025-07-15,2025-07-20,08,常滑,ＧⅢ,３１５　３１４２１３５１,3642,大塚 浩二,2026-05-11,2026-05-15,08,常滑,一般,５　４４４　１６６３,2025-02-08,2025-02-11,08,常滑,一般,３２１５５　１６,2024-06-29,2024-07-02,08,常滑,一般,３５４　１４５６,2023-09-16,2023-09-19,08,常滑,一般,３　４５６１６６,2023-02-10,2023-02-13,08,常滑,一般,１６６　６欠,4430,永田 秀二,2025-03-01,2025-03-04,08,常滑,一般,３３５　２３１４,2023-08-02,2023-08-05,08,常滑,一般,１３４３２３２２,2022-12-09,2022-12-13,08,常滑,一般,２３３６４１２５５３,2022-11-19,2022-11-23,08,常滑,一般,５６１４６３４６６１,2022-09-03,2022-09-06,08,常滑,一般,３６３５１転,3474,松瀬 弘美,2026-04-06,2026-04-10,08,常滑,一般,２３５　５２６　５６,2025-04-07,2025-04-12,08,常滑,ＧⅢ,転２４　１１４　２１[５],2024-06-08,2024-06-11,08,常滑,一般,６５２　３５５２,2021-07-08,2021-07-12,08,常滑,一般,３３２　５３２　６３,2020-12-24,2020-12-27,08,常滑,一般,５　５６６　４４,4288,永田 啓二,2026-04-06,2026-04-10,08,常滑,一般,１３２１３１３１[１],2025-11-19,2025-11-23,08,常滑,一般,４２２１１１１２[５],2025-01-31,2025-02-03,08,常滑,一般,２１４３２２[２],2024-11-27,2024-11-30,08,常滑,一般,２２１６１２[４],2024-07-14,2024-07-17,08,常滑,一般,４５１２３１[３]
202610070806,2026-10-07,08,06R,4063,市橋 卓士,2026-03-28,2026-04-03,08,常滑,一般,２４５１３５１１２４１２,2025-03-18,2025-03-22,08,常滑,一般,３６４５４３,2024-09-09,2024-09-12,08,常滑,一般,２２２１１１[４],2023-07-11,2023-07-14,08,常滑,一般,３３２２３２[５],2022-06-02,2022-06-07,08,常滑,ＧⅠ,６５４　３２F　５　５,5341,山道 諄也,2026-03-28,2026-04-03,08,常滑,一般,６５６　４６６　６　４４,2025-10-24,2025-10-28,08,常滑,一般,５　５３５５５　２６,2025-07-28,2025-08-02,08,常滑,一般,６６４　６６６　４　６６,2025-05-30,2025-06-03,08,常滑,一般,６６６　６　６６５６,,,,,,,5239,上野 俊樹,2025-02-08,2025-02-11,08,常滑,一般,３３５３３　３４,,,,,,,,,,,,,,,,,,,,,,,,,3761,山本 光雄,2026-05-27,2026-06-01,08,常滑,一般,１２３　３３１４４６１３,2024-08-25,2024-08-28,08,常滑,一般,１５４　４４４３,2024-05-24,2024-05-27,08,常滑,一般,３　６２２６２２,2022-03-04,2022-03-08,08,常滑,一般,５　１３５４２　２２,2021-07-23,2021-07-26,08,常滑,一般,４　５６１　１３,3841,佐々木 和伸,2026-05-19,2026-05-24,08,常滑,一般,３２４　３２３３２３６６,2025-12-21,2025-12-26,08,常滑,一般,３　５２２転,2025-08-28,2025-09-02,08,常滑,一般,４２５５３６５　５　５,2025-04-25,2025-05-01,08,常滑,一般,２５１　３　１２　　１２[６],2023-12-22,2023-12-25,08,常滑,一般,４５２６３　３,4202,浮田 圭浩,2025-04-25,2025-05-01,08,常滑,一般,２　３６３５４　２　５,2024-12-03,2024-12-06,08,常滑,一般,２４１　１３１１,2024-03-16,2024-03-22,08,常滑,ＧⅢ,５　６５１　１６６５,2024-01-26,2024-01-29,08,常滑,一般,３６４　６　２４,2020-03-14,2020-03-17,08,常滑,一般,３　６３５２２５
202610070807,2026-10-07,08,07R,5355,,,,,,,,,,,,,,,,,,,,,,,,,,,,,,,,4785,木幡 純也,2026-08-10,2026-08-15,08,常滑,一般,６　４６,2025-05-03,2025-05-08,08,常滑,一般,５　３５４　３３２　５５,2024-12-30,2025-01-04,08,常滑,一般,２　５４２５５　３１１５,2024-09-09,2024-09-12,08,常滑,一般,４４５　６　２５,2024-02-09,2024-02-12,08,常滑,一般,３３５　６４３２,4295,小坂 尚哉,2026-02-14,2026-02-18,08,常滑,一般,３２２２２１５１[１],2025-10-07,2025-10-12,08,常滑,一般,３２２２１２４６３６４４,2025-01-08,2025-01-11,08,常滑,一般,４２１１２１[２],2024-07-21,2024-07-24,08,常滑,一般,１５４３２６１４,2024-03-26,2024-03-29,08,常滑,一般,５６１３１３３１,4460,後藤 翔之,2026-02-26,2026-03-02,08,常滑,一般,６,2025-09-18,2025-09-22,08,常滑,一般,４４２４４４４　４４,2024-03-26,2024-03-29,08,常滑,一般,１４４５５６５１,2023-09-25,2023-09-28,08,常滑,一般,２５２４２　１４,2022-04-15,2022-04-19,08,常滑,一般,１６２４３１２４４３,4792,杉村 賢也,2026-03-18,2026-03-23,08,常滑,一般,５３３３５　２　３４１,2021-08-19,2021-08-23,08,常滑,一般,６　３５６　４５,2020-12-12,2020-12-15,08,常滑,一般,５,2019-12-20,2019-12-25,08,常滑,一般,５１１４５５３　３４１,2019-03-21,2019-03-24,08,常滑,一般,４　４　２３４５,3929,杢野 誓良,2026-08-10,2026-08-15,08,常滑,一般,４　２４４　４３３５２５,2026-05-03,2026-05-08,08,常滑,一般,５６５　１　６６４　５１,2025-12-29,2026-01-03,08,常滑,一般,６５２　４２４　６６６,2025-05-03,2025-05-08,08,常滑,一般,６５２　３１６　４３４,2024-11-27,2024-11-30,08,常滑,一般,１４３　３６４２
202610070808,2026-10-07,08,08R,3544,豊田 訓靖,2025-12-21,2025-12-26,08,常滑,一般,６　３６２　１４５５２２,2024-08-18,2024-08-21,08,常滑,一般,６　F５６　６,2022-08-19,2022-08-23,08,常滑,一般,６６５１,2021-11-20,2021-11-23,08,常滑,一般,３　４４４４１４,2021-06-07,2021-06-12,08,常滑,ＧⅢ,３６４　６３６　１　３４,4236,松村 敏,2026-05-27,2026-06-01,08,常滑,一般,４６２２１５１４６３１１,2025-05-22,2025-05-26,08,常滑,一般,５５１２１３２２[３],2023-03-25,2023-03-28,08,常滑,一般,３４３１２４１１,2022-10-25,2022-10-30,08,常滑,ＳＧ,５　６５６　６　４４６,2020-11-03,2020-11-08,08,常滑,ＧⅠ,３５２　１３２　１　[３],4103,山崎 善庸,2026-06-21,2026-06-25,08,常滑,一般,２４３３６　５５６,2024-05-17,2024-05-20,08,常滑,一般,５　４５５　１５,2023-10-01,2023-10-04,08,常滑,一般,４６６,2023-05-26,2023-05-29,08,常滑,一般,５４４　４　５,2022-03-04,2022-03-08,08,常滑,一般,５　５３１３５３１４,4447,深川 麻奈美,2025-10-31,2025-11-04,08,常滑,一般,４３４　１５４　４５,2025-05-13,2025-05-18,08,常滑,ＧⅡ,１　５５６　２　２１,2018-06-30,2018-07-03,08,常滑,一般,３４６６１　５４,2017-10-18,2017-10-24,08,常滑,ＧⅢ,４２４　４２２　２５２１,2016-02-20,2016-02-23,08,常滑,一般,６２６　５４６,3659,藤生 雄人,2026-05-19,2026-05-24,08,常滑,一般,１　２４６４２２６　４,2025-12-13,2025-12-18,08,常滑,一般,３３１　２４１　５１[６],2025-05-30,2025-06-03,08,常滑,一般,２２２５３　２６３６,2024-11-06,2024-11-09,08,常滑,一般,１３２２４５１５,2024-02-09,2024-02-12,08,常滑,一般,３２３１２５１４,5465,,,,,,,,,,,,,,,,,,,,,,,,,,,,,,,
202610070809,2026-10-07,08,09R,3933,山地 正樹,2025-03-18,2025-03-22,08,常滑,一般,６１２　２３２３,2025-01-08,2025-01-11,08,常滑,一般,５６５　６　２３,2024-10-26,2024-10-29,08,常滑,一般,５　４２４２２３,2024-07-21,2024-07-24,08,常滑,一般,５　５５４　３,2023-11-21,2023-11-24,08,常滑,一般,４５１　４１５,3814,金子 貴志,2026-06-04,2026-06-08,08,常滑,一般,１３５　２３１４４２,2024-12-12,2024-12-15,08,常滑,一般,５　４６２　２２,2024-09-27,2024-09-30,08,常滑,一般,５３４　１５３３,2022-08-27,2022-08-30,08,常滑,一般,３２２３５４６５,2021-09-23,2021-09-26,08,常滑,一般,１　５２３４１２,4369,丹下 将,2026-07-22,2026-07-26,08,常滑,一般,１　１４３３４２[６],2026-05-03,2026-05-08,08,常滑,一般,３４１２３　５４３５２３,2025-12-21,2025-12-26,08,常滑,一般,５６５５４３２４,2025-10-31,2025-11-04,08,常滑,一般,１６４５６３１１２３,2025-07-15,2025-07-20,08,常滑,ＧⅢ,３１５　３１４２１３５１,4706,三浦 洋次朗,2025-08-10,2025-08-15,08,常滑,一般,３４３　３　５３４４５１,2025-02-08,2025-02-11,08,常滑,一般,２１３２３３[１],2024-12-12,2024-12-15,08,常滑,一般,１６１４２５１３,2024-10-20,2024-10-23,08,常滑,一般,３５１６４　２１,2024-08-25,2024-08-28,08,常滑,一般,３３１１４５２２,4137,君島 秀三,2024-05-24,2024-05-27,08,常滑,一般,１１１４１１[３],2022-07-15,2022-07-20,08,常滑,ＧⅢ,２６２４３３３１３３３５,2021-01-09,2021-01-12,08,常滑,一般,４４４１１５５１,2019-12-13,2019-12-17,08,常滑,一般,２３２１１６２６３６,2019-05-10,2019-05-13,08,常滑,一般,１５３３１５３６,5415,阿部 未侑,2025-10-07,2025-10-12,08,常滑,一般,６６６　６６６　６６６,,,,,,,,,,,,,,,,,,,,,,,,
202610070810,2026-10-07,08,10R,4430,永田 秀二,2025-03-01,2025-03-04,08,常滑,一般,３３５　２３１４,2023-08-02,2023-08-05,08,常滑,一般,１３４３２３２２,2022-12-09,2022-12-13,08,常滑,一般,２３３６４１２５５３,2022-11-19,2022-11-23,08,常滑,一般,５６１４６３４６６１,2022-09-03,2022-09-06,08,常滑,一般,３６３５１転,4105,松下 直也,2026-06-04,2026-06-08,08,常滑,一般,３２２　２１３２[３],2026-03-18,2026-03-23,08,常滑,一般,１　４３３３２４２５２６,2025-06-28,2025-07-02,08,常滑,一般,３２２　６５３　１２,2023-06-02,2023-06-05,08,常滑,一般,３　５２３２２２,2022-07-03,2022-07-06,08,常滑,一般,１　３２１２[２],4296,岡崎 恭裕,2025-08-28,2025-09-02,08,常滑,一般,３２２１４１３３１２[３],2025-01-23,2025-01-26,08,常滑,ＧⅠ,４　４３５４１,2023-11-12,2023-11-17,08,常滑,ＧⅠ,５３１　６３１　５　６６,2023-08-31,2023-09-05,08,常滑,ＧⅠ,４　１３６６５　１１６,2022-10-25,2022-10-30,08,常滑,ＳＧ,６　１６３　６　５６２,5190,大月 遊雅,2026-04-16,2026-04-21,08,常滑,一般,４　１３５　４５５４５３,2025-03-25,2025-03-30,08,常滑,一般,６　５３６　１４２２１５,2023-12-30,2024-01-04,08,常滑,一般,４　５６６　４２３４４６,2023-10-21,2023-10-24,08,常滑,一般,エ　５６２　５６,2023-05-26,2023-05-29,08,常滑,一般,４　６６６　６２,4063,市橋 卓士,2026-03-28,2026-04-03,08,常滑,一般,２４５１３５１１２４１２,2025-03-18,2025-03-22,08,常滑,一般,３６４５４３,2024-09-09,2024-09-12,08,常滑,一般,２２２１１１[４],2023-07-11,2023-07-14,08,常滑,一般,３３２２３２[５],2022-06-02,2022-06-07,08,常滑,ＧⅠ,６５４　３２F　５　５,4439,近藤 友宝,2026-03-18,2026-03-23,08,常滑,一般,３　２１２４２３４４４６,2025-10-16,2025-10-20,08,常滑,一般,５　６３５６５　３６,2024-11-19,2024-11-24,08,常滑,ＧⅢ,３５５　６３５　５　４２,2023-02-10,2023-02-13,08,常滑,一般,４１２　５６３６,2022-07-09,2022-07-12,08,常滑,一般,３６６　６５３
202610070811,2026-10-07,08,11R,4295,小坂 尚哉,2026-02-14,2026-02-18,08,常滑,一般,３２２２２１５１[１],2025-10-07,2025-10-12,08,常滑,一般,３２２２１２４６３６４４,2025-01-08,2025-01-11,08,常滑,一般,４２１１２１[２],2024-07-21,2024-07-24,08,常滑,一般,１５４３２６１４,2024-03-26,2024-03-29,08,常滑,一般,５６１３１３３１,5331,佐藤 永梧,2026-04-06,2026-04-10,08,常滑,一般,６　２１２４１６２６,2025-02-15,2025-02-18,08,常滑,一般,１２５６４F６,2024-09-09,2024-09-12,08,常滑,一般,６　５６６　５６,2024-06-02,2024-06-05,08,常滑,一般,４　６６６５４４,2024-03-26,2024-03-29,08,常滑,一般,６６６　６　６２,3841,佐々木 和伸,2026-05-19,2026-05-24,08,常滑,一般,３２４　３２３３２３６６,2025-12-21,2025-12-26,08,常滑,一般,３　５２２転,2025-08-28,2025-09-02,08,常滑,一般,４２５５３６５　５　５,2025-04-25,2025-05-01,08,常滑,一般,２５１　３　１２　　１２[６],2023-12-22,2023-12-25,08,常滑,一般,４５２６３　３,4288,永田 啓二,2026-04-06,2026-04-10,08,常滑,一般,１３２１３１３１[１],2025-11-19,2025-11-23,08,常滑,一般,４２２１１１１２[５],2025-01-31,2025-02-03,08,常滑,一般,２１４３２２[２],2024-11-27,2024-11-30,08,常滑,一般,２２１６１２[４],2024-07-14,2024-07-17,08,常滑,一般,４５１２３１[３],4306,畔柳 俊吾,2026-06-21,2026-06-25,08,常滑,一般,２２５４４　３２２５,2026-04-16,2026-04-21,08,常滑,一般,３　４６５　３３５　４３,2026-01-18,2026-01-22,08,常滑,一般,３　５３３４４　６２,2025-06-28,2025-07-02,08,常滑,一般,３　１３４２３３１４,2025-03-01,2025-03-04,08,常滑,一般,２　３４４３４６,4117,廣中 智紗衣,2025-12-13,2025-12-18,08,常滑,一般,３６転　１　２６１４２１,2023-11-30,2023-12-05,08,常滑,ＧⅢ,４１３１５１５　３４１４,2023-01-10,2023-01-15,08,常滑,一般,４　１３４２２　１４２１,2020-06-11,2020-06-16,08,常滑,ＧⅢ,１１４　４４１２３６６２,2019-06-01,2019-06-04,08,常滑,一般,１５４２１２[５]
202610070812,2026-10-07,08,12R,4236,松村 敏,2026-05-27,2026-06-01,08,常滑,一般,４６２２１５１４６３１１,2025-05-22,2025-05-26,08,常滑,一般,５５１２１３２２[３],2023-03-25,2023-03-28,08,常滑,一般,３４３１２４１１,2022-10-25,2022-10-30,08,常滑,ＳＧ,５　６５６　６　４４６,2020-11-03,2020-11-08,08,常滑,ＧⅠ,３５２　１３２　１　[３],3761,山本 光雄,2026-05-27,2026-06-01,08,常滑,一般,１２３　３３１４４６１３,2024-08-25,2024-08-28,08,常滑,一般,１５４　４４４３,2024-05-24,2024-05-27,08,常滑,一般,３　６２２６２２,2022-03-04,2022-03-08,08,常滑,一般,５　１３５４２　２２,2021-07-23,2021-07-26,08,常滑,一般,４　５６１　１３,3502,渡邉 英児,2026-05-19,2026-05-24,08,常滑,一般,２　２３３　５６３３５２,2025-10-31,2025-11-04,08,常滑,一般,２６４　６４５　４１,2025-06-28,2025-07-02,08,常滑,一般,５　２５１２１６３５,2024-12-03,2024-12-06,08,常滑,一般,６　１２３６２２,2024-08-10,2024-08-15,08,常滑,一般,１　１３１　３２１４３６,4624,高田 明,2026-04-16,2026-04-21,08,常滑,一般,４４５２１４１２４２[６],2022-01-08,2022-01-10,08,常滑,一般,１　６５６５,2019-05-10,2019-05-13,08,常滑,一般,５４１４６　１２,2018-07-13,2018-07-18,08,常滑,ＧⅢ,４３５　１　４２６５２６,2018-04-02,2018-04-05,08,常滑,一般,１３４　１２[３],4460,後藤 翔之,2026-02-26,2026-03-02,08,常滑,一般,６,2025-09-18,2025-09-22,08,常滑,一般,４４２４４４４　４４,2024-03-26,2024-03-29,08,常滑,一般,１４４５５６５１,2023-09-25,2023-09-28,08,常滑,一般,２５２４２　１４,2022-04-15,2022-04-19,08,常滑,一般,１６２４３１２４４３,5321,一色 颯輝,2026-08-30,2026-09-03,08,常滑,一般,　　　　　　　　５３,2026-05-03,2026-05-08,08,常滑,一般,２４１　４６４　４６６,2025-12-29,2026-01-03,08,常滑,一般,１４３　２落１　４２２２,2025-03-25,2025-03-30,08,常滑,一般,４　F２５　６　４　３,2025-01-08,2025-01-11,08,常滑,一般,２３３　５３６
202610071001,2026-10-07,10,01R,4024,井口 佳典,2026-07-18,2026-07-22,10,三国,一般,１５４１５２２２[１],2025-07-31,2025-08-05,10,三国,ＧⅠ,５１４　２２３　４　４４,2024-08-06,2024-08-09,10,三国,一般,１３３２３２[５],2024-05-10,2024-05-16,10,三国,一般,１５２４１５１　２１１４２２,2024-01-18,2024-01-21,10,三国,一般,１４２３５４２１,4448,青木 玄太,2026-06-28,2026-07-01,10,三国,一般,２１１５３１[１],2025-05-02,2025-05-07,10,三国,一般,２　３４５　４３１４１,2024-02-19,2024-02-24,10,三国,一般,３４１２,2023-12-23,2023-12-28,10,三国,一般,１１２１１１４２４１[１],2023-08-21,2023-08-25,10,三国,一般,３２１１４５１５１１,4857,加藤 翔馬,2025-04-21,2025-04-25,10,三国,一般,３３,2025-01-14,2025-01-18,10,三国,一般,４１２１１　２１[３],2023-03-25,2023-03-30,10,三国,ＧⅠ,５　６６６　６６５　１,2022-08-22,2022-08-27,10,三国,一般,１４１４１１２１３１[２],2021-06-29,2021-07-04,10,三国,ＧⅡ,１　６　４５６　６２６３,4587,木田 峰由季,2026-08-14,2026-08-19,10,三国,一般,６６１２６２転　２　F４,2026-07-18,2026-07-22,10,三国,一般,１３２５５１１６２６,2026-05-02,2026-05-07,10,三国,一般,３４１　２３１２２２[４],2025-12-30,2026-01-04,10,三国,一般,５　エ４２２２４６　２５,2025-12-12,2025-12-17,10,三国,一般,１５２　１２４２１２[６],3737,上平 真二,2026-05-23,2026-05-28,10,三国,一般,３２４１転,2026-03-07,2026-03-11,10,三国,一般,２２１２３２３２[５],2025-10-04,2025-10-07,10,三国,一般,１１転３１４３４,2025-06-10,2025-06-14,10,三国,一般,２５３３２２５３１２,2024-09-02,2024-09-07,10,三国,ＧⅡ,４　４４６２３　２１５,4832,権藤 俊光,2026-07-18,2026-07-22,10,三国,一般,１１１３２１３３１１,2025-10-04,2025-10-07,10,三国,一般,１３１１１６,2024-11-28,2024-12-03,10,三国,ＧⅠ,３１４　４　２２６　１４,2023-11-12,2023-11-15,10,三国,一般,１１１１３２[４],2023-09-09,2023-09-14,10,三国,ＧⅠ,２　３２６　４６４４５
202610071002,2026-10-07,10,02R,4757,山田 祐也,2025-09-04,2025-09-09,10,三国,一般,１５５　４３５５５,2025-01-25,2025-01-29,10,三国,一般,３１,2023-06-05,2023-06-10,10,三国,一般,１エ３１４１２２２１[４],2023-03-07,2023-03-12,10,三国,一般,１５３１５４１６１３５２,2021-11-04,2021-11-09,10,三国,ＧⅠ,１３４　６３３　６２４６,4013,中島 孝平,2026-08-14,2026-08-19,10,三国,一般,４１２４１　２１３１[１],2026-05-02,2026-05-07,10,三国,一般,２１１５１１１　２１[２],2025-12-30,2026-01-04,10,三国,一般,２１１４１２３　３３６１,2025-10-11,2025-10-13,10,三国,一般,１２２　[２],2025-08-14,2025-08-19,10,三国,一般,２３１１１１１　５１[１],4532,秋元 哲,2025-12-12,2025-12-17,10,三国,一般,１３４　２１２６２３２１,2025-05-13,2025-05-18,10,三国,一般,２３１１１　１３転１[２],2024-06-26,2024-07-01,10,三国,一般,２１４３２４２３４２[５],2023-12-23,2023-12-28,10,三国,一般,３２１１１２２３３１[６],2023-08-03,2023-08-07,10,三国,一般,４５１４２３４２[４],4524,深谷 知博,2025-09-26,2025-09-29,10,三国,一般,３３１３妨１５,2025-07-31,2025-08-05,10,三国,ＧⅠ,４　４４２　１２５　３２,2023-09-09,2023-09-14,10,三国,ＧⅠ,転　４３F　４５３　５,2022-06-11,2022-06-16,10,三国,ＧⅢ,３１３１２１３　３１[１],2021-11-23,2021-11-28,10,三国,一般,２１１１３６１４４１[１],4856,豊田 健士郎,2025-07-31,2025-08-05,10,三国,ＧⅠ,２　１２６　３３６　１４,2024-01-18,2024-01-21,10,三国,一般,１１１１５２[５],2022-02-24,2022-03-01,10,三国,一般,３３１２１３３　２３３１,2021-06-29,2021-07-04,10,三国,ＧⅡ,１２２　３　２１１　[３],2021-03-11,2021-03-16,10,三国,ＧⅠ,２　４１５　３３５　１３,4290,稲田 浩二,2025-07-31,2025-08-05,10,三国,ＧⅠ,６　４５２　５４４６２,2025-06-18,2025-06-21,10,三国,一般,１５４３２４１４,2025-02-02,2025-02-08,10,三国,ＧⅠ,２２２　１　　　４１１　[１],2024-09-02,2024-09-07,10,三国,ＧⅡ,５５４　１５１　３１２４,2024-06-16,2024-06-19,10,三国,一般,２５２５３　１１
202610071003,2026-10-07,10,03R,4028,田村 隆信,2021-07-11,2021-07-15,10,三国,一般,６４１　２３１５３５,2021-03-11,2021-03-16,10,三国,ＧⅠ,１２３　１　５１１　[１],2020-07-07,2020-07-12,10,三国,ＧⅡ,４２１　３　４３２　[６],2016-07-15,2016-07-20,10,三国,一般,２１１１２４１１１１[１],2015-05-16,2015-05-19,10,三国,一般,４１１４６２[６],4544,松田 大志郎,2026-03-16,2026-03-19,10,三国,一般,２５１１３３２２,2025-05-13,2025-05-18,10,三国,一般,２２１１１１１　４１[１],2024-07-17,2024-07-22,10,三国,一般,２１１３１　４１５１[４],2023-07-24,2023-07-29,10,三国,一般,２１１転１５３２３４１３,2023-04-05,2023-04-09,10,三国,一般,１５４３２２[３],4446,和田 兼輔,2025-07-31,2025-08-05,10,三国,ＧⅠ,５　５５２　１１４　４３,2025-02-02,2025-02-08,10,三国,ＧⅠ,１　２５１　４　１　３　２２,2024-06-26,2024-07-01,10,三国,一般,４１２５４３４　２　３４,2023-09-09,2023-09-14,10,三国,ＧⅠ,６　３　５５２　３２３３,2022-10-14,2022-10-19,10,三国,一般,１３１　３３２６１２[５],4504,前田 将太,2025-07-13,2025-07-18,10,三国,一般,１５２１４　１　２１[落],2023-11-21,2023-11-26,10,三国,ＳＧ,５６１　４　１４５　４３,2023-03-25,2023-03-30,10,三国,ＧⅠ,４４２　５　４５５　３,2022-02-15,2022-02-20,10,三国,一般,１４１４１１１２１１[１],2021-06-29,2021-07-04,10,三国,ＧⅡ,４２５　２６１　妨１４,4237,大峯 豊,2025-07-13,2025-07-18,10,三国,一般,１４１　１１１　３１[１],2024-11-28,2024-12-03,10,三国,ＧⅠ,５６６　１６１　６３１,2024-08-06,2024-08-09,10,三国,一般,１６１３５２[６],2021-11-04,2021-11-09,10,三国,ＧⅠ,２６１　３５３　４１６６,2021-04-20,2021-04-24,10,三国,一般,２４１５２４２３１１,3388,今垣 光太郎,2026-05-02,2026-05-07,10,三国,一般,２４２３３　１２F２５,2025-09-26,2025-09-29,10,三国,一般,３１F３４　５,2025-08-14,2025-08-19,10,三国,一般,２１４１１２１　３５５５,2025-07-31,2025-08-05,10,三国,ＧⅠ,４　６４５１１　５　２３,2025-06-18,2025-06-21,10,三国,一般,１１１３２１[３]
202610071004,2026-10-07,10,04R,4932,新開 航,2024-04-13,2024-04-18,10,三国,一般,２２１１１１２２５２[６],2023-09-09,2023-09-14,10,三国,ＧⅠ,４　５F５　２５２　４,2022-08-22,2022-08-27,10,三国,一般,３６１２３６２２３３２１,2021-12-03,2021-12-07,10,三国,一般,１２６５６２６　３２,2021-03-20,2021-03-25,10,三国,一般,２５１３２６３１３６１１,4604,岩瀬 裕亮,2025-09-26,2025-09-29,10,三国,一般,３３１３４４２２,2025-06-18,2025-06-21,10,三国,一般,１１２４１３２１,2025-01-25,2025-01-29,10,三国,一般,１３１１３２３１[１],2023-09-09,2023-09-14,10,三国,ＧⅠ,５５２　１４２　２５５,2023-03-25,2023-03-30,10,三国,ＧⅠ,転５１　４　５６４　３,3590,濱野谷 憲吾,2025-07-31,2025-08-05,10,三国,ＧⅠ,６　４６２　３５５６６,2024-11-28,2024-12-03,10,三国,ＧⅠ,５　３６５,2023-11-21,2023-11-26,10,三国,ＳＧ,転　６２２２１　６　１５,2023-09-09,2023-09-14,10,三国,ＧⅠ,６５２　２１５　１１２,2023-03-25,2023-03-30,10,三国,ＧⅠ,３　４２５　転３１　２３,4719,上條 暢嵩,2025-07-31,2025-08-05,10,三国,ＧⅠ,２　１６４　３１２　[５],2025-02-02,2025-02-08,10,三国,ＧⅠ,２　１５５５　　１転,2024-04-22,2024-04-27,10,三国,一般,２１１２１１１１３１[１],2023-11-21,2023-11-26,10,三国,ＳＧ,１　３２５　２４６　２４,2023-04-05,2023-04-09,10,三国,一般,２１１２１１[４],4547,中田 竜太,2025-07-31,2025-08-05,10,三国,ＧⅠ,３２２　４１２　１　[２],2024-12-07,2024-12-12,10,三国,一般,１４４２２１３３１F２,2023-11-21,2023-11-26,10,三国,ＳＧ,３　３３５　５　２５２６,2023-06-16,2023-06-19,10,三国,一般,２６１４３２[４],2022-06-24,2022-06-29,10,三国,一般,３４２１２３１３３１[４],5142,常住 蓮,2026-01-07,2026-01-10,10,三国,一般,３２不２３２[],2024-11-28,2024-12-03,10,三国,ＧⅠ,６　２２６　４３５５５,2024-09-02,2024-09-07,10,三国,ＧⅡ,１１６　転,2024-03-28,2024-04-02,10,三国,一般,３　１　４３１２４１[２],2022-08-22,2022-08-27,10,三国,一般,６　４１４４５３５　３F
202610071005,2026-10-07,10,05R,4415,下出 卓矢,2026-08-14,2026-08-19,10,三国,一般,１４F５４　５　６　２,2026-07-27,2026-08-01,10,三国,一般,１３４５１　１１６２[２],2026-05-02,2026-05-07,10,三国,一般,４　４２５１１１２６２６,2025-12-30,2026-01-04,10,三国,一般,２６２　２F３１１　１,2025-10-11,2025-10-13,10,三国,一般,４　６２６,4500,山田 康二,2023-11-21,2023-11-26,10,三国,ＳＧ,３３５　６　１４３１４,2023-09-09,2023-09-14,10,三国,ＧⅠ,４転１　１４２　４　１６,2019-10-09,2019-10-15,10,三国,ＧⅢ,１５２３２４３１５３[２],2018-10-11,2018-10-15,10,三国,一般,３１４２２１１１[２],2015-07-15,2015-07-20,10,三国,ＳＧ,４　６２１　２　４　５６,3716,石渡 鉄兵,2024-11-11,2024-11-15,10,三国,一般,４５２１１２３２[４],2023-09-09,2023-09-14,10,三国,ＧⅠ,３２４　５　１６２１６,2022-04-19,2022-04-24,10,三国,ＧⅠ,３５３　６　３５４５２３,2021-02-22,2021-02-28,10,三国,一般,２１３２２３１１４　４２[５],2020-07-07,2020-07-12,10,三国,ＧⅡ,５　３３４　５　２４２４,5084,末永 和也,2025-07-31,2025-08-05,10,三国,ＧⅠ,６転,2025-05-13,2025-05-18,10,三国,一般,１５１１３　２１３１[３],2022-08-22,2022-08-27,10,三国,一般,１２４２５　６４１３１６,,,,,,,,,,,,,4044,湯川 浩司,2025-09-26,2025-09-29,10,三国,一般,１４１３４１[１],2025-07-31,2025-08-05,10,三国,ＧⅠ,２６４　６　１６,2025-02-02,2025-02-08,10,三国,ＧⅠ,３　４１５　２　４　１３３１,2021-02-07,2021-02-12,10,三国,ＧⅠ,５２１　１３４　２　[６],2019-12-05,2019-12-10,10,三国,ＧⅠ,２５１　４　１４６　１６,4477,篠崎 仁志,2025-09-26,2025-09-29,10,三国,一般,１６２１２５１２,2025-07-31,2025-08-05,10,三国,ＧⅠ,６　６６,2024-11-28,2024-12-03,10,三国,ＧⅠ,３４６　５５,2018-03-23,2018-03-28,10,三国,ＧⅡ,５５１　６エ,2017-04-18,2017-04-23,10,三国,ＧⅠ,１３５　４６５　２６４
202610071006,2026-10-07,10,06R,4682,大上 卓人,2025-07-31,2025-08-05,10,三国,ＧⅠ,１３１　１３３　１　[１],2025-06-18,2025-06-21,10,三国,一般,１３３２１４１２,2024-11-28,2024-12-03,10,三国,ＧⅠ,４　３１５　３４２４３,2024-02-28,2024-03-02,10,三国,一般,１６転５５　２１,2024-01-18,2024-01-21,10,三国,一般,１３１１２１[２],4848,仲谷 颯仁,2026-07-18,2026-07-22,10,三国,一般,３２２３１２５１[２],2025-07-31,2025-08-05,10,三国,ＧⅠ,３２５　１４２　６　１６,2024-09-02,2024-09-07,10,三国,ＧⅡ,４１５　３　１４５　４６,2024-01-18,2024-01-21,10,三国,一般,２６１３３２[４],2023-04-25,2023-04-28,10,三国,一般,１１１３２１[１],4188,久田 敏之,2026-03-16,2026-03-19,10,三国,一般,２１２１１１[１],2025-07-13,2025-07-18,10,三国,一般,１１１２１　２２１３１１,2025-02-28,2025-03-06,10,三国,一般,５２１３３３１１１１[３],2024-11-28,2024-12-03,10,三国,ＧⅠ,５４３　２４２　１５４,2024-10-23,2024-10-26,10,三国,一般,１４２５１２[５],4826,井上 一輝,2026-08-04,2026-08-09,10,三国,一般,１４５１５２１　４２[５],2025-02-02,2025-02-08,10,三国,ＧⅠ,１　３２１　６　４　２　[３],2024-12-23,2024-12-28,10,三国,一般,４４１３６１２１１４１３,2024-08-06,2024-08-09,10,三国,一般,６３１２２１[１],2022-08-22,2022-08-27,10,三国,一般,１４２５２４２５２２[６],4532,秋元 哲,2025-12-12,2025-12-17,10,三国,一般,１３４　２１２６２３２１,2025-05-13,2025-05-18,10,三国,一般,２３１１１　１３転１[２],2024-06-26,2024-07-01,10,三国,一般,２１４３２４２３４２[５],2023-12-23,2023-12-28,10,三国,一般,３２１１１２２３３１[６],2023-08-03,2023-08-07,10,三国,一般,４５１４２３４２[４],4337,平本 真之,2026-03-16,2026-03-19,10,三国,一般,２２１２２２[２],2025-07-31,2025-08-05,10,三国,ＧⅠ,４１２　６　４１３１５１,2025-04-21,2025-04-25,10,三国,一般,２２２４１２３５２１,2023-11-21,2023-11-26,10,三国,ＳＧ,４５５　３　２１４　１３,2023-09-09,2023-09-14,10,三国,ＧⅠ,２１３　２　４５３　６４
202610071007,2026-10-07,10,07R,4061,萩原 秀人,2026-09-03,2026-09-08,10,三国,一般,２２１５３　１４１６４２,2026-08-14,2026-08-19,10,三国,一般,３３１１１４１　１３１１,2026-07-07,2026-07-12,10,三国,ＧⅢ,２１１１１１１　３１[３],2026-05-02,2026-05-07,10,三国,一般,１３１　１３２１３１[転],2026-03-07,2026-03-11,10,三国,一般,１１２３１２１２[２],4030,森高 一真,2025-07-31,2025-08-05,10,三国,ＧⅠ,妨　４２４　３５５　４,2022-08-06,2022-08-09,10,三国,一般,,2021-11-04,2021-11-09,10,三国,ＧⅠ,４３３　２４４　１５６３,2021-06-29,2021-07-04,10,三国,ＧⅡ,５６１　１　２４５　２３,2021-03-11,2021-03-16,10,三国,ＧⅠ,５５３　４３５　１２４６,4524,深谷 知博,2025-09-26,2025-09-29,10,三国,一般,３３１３妨１５,2025-07-31,2025-08-05,10,三国,ＧⅠ,４　４４２　１２５　３２,2023-09-09,2023-09-14,10,三国,ＧⅠ,転　４３F　４５３　５,2022-06-11,2022-06-16,10,三国,ＧⅢ,３１３１２１３　３１[１],2021-11-23,2021-11-28,10,三国,一般,２１１１３６１４４１[１],4832,権藤 俊光,2026-07-18,2026-07-22,10,三国,一般,１１１３２１３３１１,2025-10-04,2025-10-07,10,三国,一般,１３１１１６,2024-11-28,2024-12-03,10,三国,ＧⅠ,３１４　４　２２６　１４,2023-11-12,2023-11-15,10,三国,一般,１１１１３２[４],2023-09-09,2023-09-14,10,三国,ＧⅠ,２　３２６　４６４４５,4238,毒島 誠,2026-06-11,2026-06-16,10,三国,一般,３１２２１　５１１１[４],2024-11-28,2024-12-03,10,三国,ＧⅠ,４２１　５２４　１　[５],2023-11-21,2023-11-26,10,三国,ＳＧ,２F４　３　６１２　３,2022-12-24,2022-12-28,10,三国,一般,１５３２１２１３２１,2022-12-01,2022-12-06,10,三国,一般,１１１３３２１１３１[１],5043,中村 日向,2026-06-28,2026-07-01,10,三国,一般,１２１３２２[５],2025-10-29,2025-11-03,10,三国,ＧⅢ,１３５　１６２１３２[２],2024-07-09,2024-07-13,10,三国,一般,２５４２２　２１[５],2024-03-13,2024-03-17,10,三国,一般,２６６２３　３５２１,2023-04-14,2023-04-19,10,三国,一般,１２１２１１１３３１[６]
202610071008,2026-10-07,10,08R,4857,加藤 翔馬,2025-04-21,2025-04-25,10,三国,一般,３３,2025-01-14,2025-01-18,10,三国,一般,４１２１１　２１[３],2023-03-25,2023-03-30,10,三国,ＧⅠ,５　６６６　６６５　１,2022-08-22,2022-08-27,10,三国,一般,１４１４１１２１３１[２],2021-06-29,2021-07-04,10,三国,ＧⅡ,１　６　４５６　６２６３,4688,永井 彪也,2026-08-04,2026-08-09,10,三国,一般,３２３１２５２　３４１２,2026-01-31,2026-02-03,10,三国,一般,２１１１３１[１],2025-07-31,2025-08-05,10,三国,ＧⅠ,３　３６２　４２５１６４,2025-06-10,2025-06-14,10,三国,一般,３６１２１４１４１２,2024-11-28,2024-12-03,10,三国,ＧⅠ,３　３　６６６,4013,中島 孝平,2026-08-14,2026-08-19,10,三国,一般,４１２４１　２１３１[１],2026-05-02,2026-05-07,10,三国,一般,２１１５１１１　２１[２],2025-12-30,2026-01-04,10,三国,一般,２１１４１２３　３３６１,2025-10-11,2025-10-13,10,三国,一般,１２２　[２],2025-08-14,2025-08-19,10,三国,一般,２３１１１１１　５１[１],4910,中村 泰平,2026-05-23,2026-05-28,10,三国,一般,１１３４２　２４３２[２],2025-10-04,2025-10-07,10,三国,一般,２２１２３１[１],2025-05-22,2025-05-26,10,三国,一般,１６４１３　３４３３,2024-01-26,2024-01-30,10,三国,一般,５１３　４１２３２１,2023-05-25,2023-05-29,10,三国,一般,５６２３１６６　１１,4573,佐藤 翼,2025-07-31,2025-08-05,10,三国,ＧⅠ,１５５　５５１　４５４,2024-11-28,2024-12-03,10,三国,ＧⅠ,１２３　３　４４２　[３],2023-09-09,2023-09-14,10,三国,ＧⅠ,３１３　３３３　４　１２,2023-04-25,2023-04-28,10,三国,一般,２５２４４４１５,2022-04-04,2022-04-08,10,三国,一般,２６３６４５２　１,4604,岩瀬 裕亮,2025-09-26,2025-09-29,10,三国,一般,３３１３４４２２,2025-06-18,2025-06-21,10,三国,一般,１１２４１３２１,2025-01-25,2025-01-29,10,三国,一般,１３１１３２３１[１],2023-09-09,2023-09-14,10,三国,ＧⅠ,５５２　１４２　２５５,2023-03-25,2023-03-30,10,三国,ＧⅠ,転５１　４　５６４　３
202610071009,2026-10-07,10,09R,4237,大峯 豊,2025-07-13,2025-07-18,10,三国,一般,１４１　１１１　３１[１],2024-11-28,2024-12-03,10,三国,ＧⅠ,５６６　１６１　６３１,2024-08-06,2024-08-09,10,三国,一般,１６１３５２[６],2021-11-04,2021-11-09,10,三国,ＧⅠ,２６１　３５３　４１６６,2021-04-20,2021-04-24,10,三国,一般,２４１５２４２３１１,3737,上平 真二,2026-05-23,2026-05-28,10,三国,一般,３２４１転,2026-03-07,2026-03-11,10,三国,一般,２２１２３２３２[５],2025-10-04,2025-10-07,10,三国,一般,１１転３１４３４,2025-06-10,2025-06-14,10,三国,一般,２５３３２２５３１２,2024-09-02,2024-09-07,10,三国,ＧⅡ,４　４４６２３　２１５,4500,山田 康二,2023-11-21,2023-11-26,10,三国,ＳＧ,３３５　６　１４３１４,2023-09-09,2023-09-14,10,三国,ＧⅠ,４転１　１４２　４　１６,2019-10-09,2019-10-15,10,三国,ＧⅢ,１５２３２４３１５３[２],2018-10-11,2018-10-15,10,三国,一般,３１４２２１１１[２],2015-07-15,2015-07-20,10,三国,ＳＧ,４　６２１　２　４　５６,4391,松田 祐季,2026-08-14,2026-08-19,10,三国,一般,１２２３２１１　３２[５],2026-05-23,2026-05-28,10,三国,一般,２３１４１４１　５１[１],2026-05-02,2026-05-07,10,三国,一般,１５１３１１２　３３落４,2025-12-24,2025-12-27,10,三国,一般,２２３１４　[６],2025-10-11,2025-10-13,10,三国,一般,２４１　[転],4757,山田 祐也,2025-09-04,2025-09-09,10,三国,一般,１５５　４３５５５,2025-01-25,2025-01-29,10,三国,一般,３１,2023-06-05,2023-06-10,10,三国,一般,１エ３１４１２２２１[４],2023-03-07,2023-03-12,10,三国,一般,１５３１５４１６１３５２,2021-11-04,2021-11-09,10,三国,ＧⅠ,１３４　６３３　６２４６,4262,馬場 貴也,2025-02-02,2025-02-08,10,三国,ＧⅠ,１１１　１４　　３２１　２,2024-11-28,2024-12-03,10,三国,ＧⅠ,１　２４１４３　３　３２,2024-05-01,2024-05-07,10,三国,一般,６３１１２２妨１１　４６,2023-11-21,2023-11-26,10,三国,ＳＧ,妨　２６２６６　３　６,2023-09-09,2023-09-14,10,三国,ＧⅠ,５２４　２３１　３　２３
202610071010,2026-10-07,10,10R,4446,和田 兼輔,2025-07-31,2025-08-05,10,三国,ＧⅠ,５　５５２　１１４　４３,2025-02-02,2025-02-08,10,三国,ＧⅠ,１　２５１　４　１　３　２２,2024-06-26,2024-07-01,10,三国,一般,４１２５４３４　２　３４,2023-09-09,2023-09-14,10,三国,ＧⅠ,６　３　５５２　３２３３,2022-10-14,2022-10-19,10,三国,一般,１３１　３３２６１２[５],4477,篠崎 仁志,2025-09-26,2025-09-29,10,三国,一般,１６２１２５１２,2025-07-31,2025-08-05,10,三国,ＧⅠ,６　６６,2024-11-28,2024-12-03,10,三国,ＧⅠ,３４６　５５,2018-03-23,2018-03-28,10,三国,ＧⅡ,５５１　６エ,2017-04-18,2017-04-23,10,三国,ＧⅠ,１３５　４６５　２６４,4856,豊田 健士郎,2025-07-31,2025-08-05,10,三国,ＧⅠ,２　１２６　３３６　１４,2024-01-18,2024-01-21,10,三国,一般,１１１１５２[５],2022-02-24,2022-03-01,10,三国,一般,３３１２１３３　２３３１,2021-06-29,2021-07-04,10,三国,ＧⅡ,１２２　３　２１１　[３],2021-03-11,2021-03-16,10,三国,ＧⅠ,２　４１５　３３５　１３,4682,大上 卓人,2025-07-31,2025-08-05,10,三国,ＧⅠ,１３１　１３３　１　[１],2025-06-18,2025-06-21,10,三国,一般,１３３２１４１２,2024-11-28,2024-12-03,10,三国,ＧⅠ,４　３１５　３４２４３,2024-02-28,2024-03-02,10,三国,一般,１６転５５　２１,2024-01-18,2024-01-21,10,三国,一般,１３１１２１[２],3590,濱野谷 憲吾,2025-07-31,2025-08-05,10,三国,ＧⅠ,６　４６２　３５５６６,2024-11-28,2024-12-03,10,三国,ＧⅠ,５　３６５,2023-11-21,2023-11-26,10,三国,ＳＧ,転　６２２２１　６　１５,2023-09-09,2023-09-14,10,三国,ＧⅠ,６５２　２１５　１１２,2023-03-25,2023-03-30,10,三国,ＧⅠ,３　４２５　転３１　２３,4566,塩田 北斗,2025-04-14,2025-04-18,10,三国,一般,３２２２２１４１[２],2024-03-28,2024-04-02,10,三国,一般,４　１２４４３１３４１３,2023-09-09,2023-09-14,10,三国,ＧⅠ,３　４６３　５６１　４５,2020-11-27,2020-12-02,10,三国,一般,２２１３４３２３２３３１,2020-06-24,2020-06-28,10,三国,一般,３４１１２１３１[３]
202610071011,2026-10-07,10,11R,4719,上條 暢嵩,2025-07-31,2025-08-05,10,三国,ＧⅠ,２　１６４　３１２　[５],2025-02-02,2025-02-08,10,三国,ＧⅠ,２　１５５５　　１転,2024-04-22,2024-04-27,10,三国,一般,２１１２１１１１３１[１],2023-11-21,2023-11-26,10,三国,ＳＧ,１　３２５　２４６　２４,2023-04-05,2023-04-09,10,三国,一般,２１１２１１[４],4019,笠原 亮,2026-02-17,2026-02-21,10,三国,一般,２５１２２３６２[３],2024-02-28,2024-03-02,10,三国,一般,４５１２２２[４],2023-09-09,2023-09-14,10,三国,ＧⅠ,４５１　２３３　５　５４,2018-03-23,2018-03-28,10,三国,ＧⅡ,３　２５５　３１４　２６,2016-05-07,2016-05-11,10,三国,一般,２１２１５１２１[２],5084,末永 和也,2025-07-31,2025-08-05,10,三国,ＧⅠ,６転,2025-05-13,2025-05-18,10,三国,一般,１５１１３　２１３１[３],2022-08-22,2022-08-27,10,三国,一般,１２４２５　６４１３１６,,,,,,,,,,,,,4847,佐藤 隆太郎,2025-07-31,2025-08-05,10,三国,ＧⅠ,６　６２３　１２１　[３],2024-04-13,2024-04-18,10,三国,一般,１４１３１転１１６１[２],2024-01-26,2024-01-30,10,三国,一般,２４１２１３１１[２],2022-11-14,2022-11-18,10,三国,一般,１１１４２１５４２６,2022-03-05,2022-03-08,10,三国,一般,１４１２２１[１],4061,萩原 秀人,2026-09-03,2026-09-08,10,三国,一般,２２１５３　１４１６４２,2026-08-14,2026-08-19,10,三国,一般,３３１１１４１　１３１１,2026-07-07,2026-07-12,10,三国,ＧⅢ,２１１１１１１　３１[３],2026-05-02,2026-05-07,10,三国,一般,１３１　１３２１３１[転],2026-03-07,2026-03-11,10,三国,一般,１１２３１２１２[２],4848,仲谷 颯仁,2026-07-18,2026-07-22,10,三国,一般,３２２３１２５１[２],2025-07-31,2025-08-05,10,三国,ＧⅠ,３２５　１４２　６　１６,2024-09-02,2024-09-07,10,三国,ＧⅡ,４１５　３　１４５　４６,2024-01-18,2024-01-21,10,三国,一般,２６１３３２[４],2023-04-25,2023-04-28,10,三国,一般,１１１３２１[１]
202610071012,2026-10-07,10,12R,3897,白井 英治,2026-07-18,2026-07-22,10,三国,一般,１４３４２２,2024-11-28,2024-12-03,10,三国,ＧⅠ,１４６　２３１　３２５２,2023-11-21,2023-11-26,10,三国,ＳＧ,２　５３３　４　４　１５,2023-09-09,2023-09-14,10,三国,ＧⅠ,２２１　４４３　５　３１,2022-08-06,2022-08-09,10,三国,一般,,4044,湯川 浩司,2025-09-26,2025-09-29,10,三国,一般,１４１３４１[１],2025-07-31,2025-08-05,10,三国,ＧⅠ,２６４　６　１６,2025-02-02,2025-02-08,10,三国,ＧⅠ,３　４１５　２　４　１３３１,2021-02-07,2021-02-12,10,三国,ＧⅠ,５２１　１３４　２　[６],2019-12-05,2019-12-10,10,三国,ＧⅠ,２５１　４　１４６　１６,4238,毒島 誠,2026-06-11,2026-06-16,10,三国,一般,３１２２１　５１１１[４],2024-11-28,2024-12-03,10,三国,ＧⅠ,４２１　５２４　１　[５],2023-11-21,2023-11-26,10,三国,ＳＧ,２F４　３　６１２　３,2022-12-24,2022-12-28,10,三国,一般,１５３２１２１３２１,2022-12-01,2022-12-06,10,三国,一般,１１１３３２１１３１[１],4290,稲田 浩二,2025-07-31,2025-08-05,10,三国,ＧⅠ,６　４５２　５４４６２,2025-06-18,2025-06-21,10,三国,一般,１５４３２４１４,2025-02-02,2025-02-08,10,三国,ＧⅠ,２２２　１　　　４１１　[１],2024-09-02,2024-09-07,10,三国,ＧⅡ,５５４　１５１　３１２４,2024-06-16,2024-06-19,10,三国,一般,２５２５３　１１,4826,井上 一輝,2026-08-04,2026-08-09,10,三国,一般,１４５１５２１　４２[５],2025-02-02,2025-02-08,10,三国,ＧⅠ,１　３２１　６　４　２　[３],2024-12-23,2024-12-28,10,三国,一般,４４１３６１２１１４１３,2024-08-06,2024-08-09,10,三国,一般,６３１２２１[１],2022-08-22,2022-08-27,10,三国,一般,１４２５２４２５２２[６],4075,中野 次郎,2025-07-31,2025-08-05,10,三国,ＧⅠ,４６２　５　２２２４６,2024-09-02,2024-09-07,10,三国,ＧⅡ,２　２４３　４２落,2024-07-09,2024-07-13,10,三国,一般,４３１１１１１１[１],2023-03-25,2023-03-30,10,三国,ＧⅠ,１１４　５３３　３　２２,2022-06-11,2022-06-16,10,三国,ＧⅢ,２５１１３　２１４１[３]
202610071101,2026-10-07,11,01R,5242,高山 弘斗,2025-01-13,2025-01-18,11,びわこ,一般,３　２６１　４４５５４５,,,,,,,,,,,,,,,,,,,,,,,,,3339,泉 具巳,2026-02-22,2026-02-27,11,びわこ,一般,２５２　１２５５６４２６,2024-09-05,2024-09-08,11,びわこ,一般,４６３　１１２３,2024-03-14,2024-03-19,11,びわこ,一般,６　５５１　５４５　５４,2023-06-18,2023-06-24,11,びわこ,一般,３１２６４　１５　　１１[２],2022-02-21,2022-02-25,11,びわこ,一般,４　４妨６６,4146,柳橋 宏紀,2026-08-15,2026-08-20,11,びわこ,一般,５　４６２４５５５　４２,2026-05-09,2026-05-14,11,びわこ,一般,４４４　２　３３４２６,2026-02-22,2026-02-27,11,びわこ,一般,３　３３１５１　１３５５,2026-01-25,2026-01-30,11,びわこ,一般,　　　　　　　　　　１２,2026-01-03,2026-01-08,11,びわこ,一般,３４３　１２６５１４２６,3805,高橋 英之,2025-02-25,2025-03-02,11,びわこ,一般,４３２６３　４６１　４３,2024-09-05,2024-09-08,11,びわこ,一般,２３５１４　６５,2024-02-03,2024-02-08,11,びわこ,一般,３６２３２　２６５　４１,2023-03-20,2023-03-25,11,びわこ,一般,１２３２３２２　４２[３],2022-12-26,2022-12-29,11,びわこ,一般,５１３５２　４６,4649,和田 操拓,2026-08-15,2026-08-20,11,びわこ,一般,３３１　３５３３４５１６,2026-04-30,2026-05-06,11,びわこ,一般,２６５　６　２２６６２,2026-01-16,2026-01-21,11,びわこ,ＧⅡ,６　６　５６５　４６４,2026-01-03,2026-01-08,11,びわこ,一般,６１５３６　３　４１３３,2025-09-10,2025-09-13,11,びわこ,一般,３６２　１２１４,5463,,,,,,,,,,,,,,,,,,,,,,,,,,,,,,,
202610071102,2026-10-07,11,02R,4382,高山 智至,2026-08-15,2026-08-20,11,びわこ,一般,４　５４６　４５３　３６,2026-07-16,2026-07-21,11,びわこ,一般,４４４　３４４５３　４５,2026-05-29,2026-06-03,11,びわこ,一般,４５２　２４３５１４６,2026-04-30,2026-05-06,11,びわこ,一般,３４６　４　２３５４４,2026-02-04,2026-02-09,11,びわこ,一般,６　４２４３１　１１４３,3966,作間 章,2026-01-25,2026-01-30,11,びわこ,一般,３６４６２４４　３３１,2025-06-29,2025-07-04,11,びわこ,一般,１１１２５１２６６２[４],2024-10-15,2024-10-20,11,びわこ,ＧⅡ,３　５６２　３４４４４,2024-09-05,2024-09-08,11,びわこ,一般,４５１　４３４１,2023-10-01,2023-10-06,11,びわこ,ＧⅠ,５　３４５　３　５６４,4375,照屋 厚仁,2025-12-14,2025-12-19,11,びわこ,一般,２４２１２　３２３６１５,2025-06-29,2025-07-04,11,びわこ,一般,６　２１３４１３１２[２],2024-10-24,2024-10-29,11,びわこ,一般,２６６３４　１３５６１４,2024-03-23,2024-03-28,11,びわこ,一般,２６１　１１４４２５３３,2023-05-29,2023-06-02,11,びわこ,一般,１３４　１６４３２２,4740,齋藤 達希,2025-08-10,2025-08-16,11,びわこ,一般,５　５６６　４４６　５　２６,2024-08-11,2024-08-16,11,びわこ,一般,５１５　２５３　５６４６,2023-07-25,2023-07-28,11,びわこ,一般,６４５　４　１６,2022-05-09,2022-05-14,11,びわこ,一般,２４１　５５３５４　２５,2022-03-01,2022-03-06,11,びわこ,一般,２　６６６３１　６５４,5127,沼田 大都,2025-10-02,2025-10-07,11,びわこ,一般,３　５３２４４５２　２２,2025-05-09,2025-05-14,11,びわこ,一般,５５６　６６５　６　２３,2025-01-31,2025-02-05,11,びわこ,一般,１２２　３２３５３６４６,2022-05-09,2022-05-14,11,びわこ,一般,５６６　５　４　６６４６,2021-06-18,2021-06-23,11,びわこ,一般,６　６６６　６　５６６,5430,鳥本 智史,2026-05-29,2026-06-03,11,びわこ,一般,転　F６６　６　６　６,,,,,,,,,,,,,,,,,,,,,,,,
202610071103,2026-10-07,11,03R,4603,谷川 将太,2025-08-26,2025-08-31,11,びわこ,一般,５４５　３　３４,2024-12-02,2024-12-07,11,びわこ,一般,２　５４２　６５６　３５,2023-08-19,2023-08-24,11,びわこ,一般,４２６　３５３　４５３４,2021-12-11,2021-12-14,11,びわこ,一般,１３６　４４２３,2021-06-27,2021-07-02,11,びわこ,一般,４３４　５３５　５　５２,3315,広瀬 聖仁,2024-03-01,2024-03-06,11,びわこ,一般,１２２　３３２３３２[６],2023-04-03,2023-04-08,11,びわこ,一般,２５６　４　４３３　３６,2021-11-02,2021-11-07,11,びわこ,ＧⅢ,１４３３４　５１６６１４,2020-06-21,2020-06-26,11,びわこ,一般,６２２　３４５　１４１３,2019-10-21,2019-10-26,11,びわこ,一般,１　５３２１５６３４４１,4241,大串 重幸,2024-09-21,2024-09-25,11,びわこ,一般,４４２　２２２５１３,2022-06-26,2022-07-01,11,びわこ,一般,４４１　１３４４２６５５,2020-11-21,2020-11-26,11,びわこ,ＧⅢ,１２６　３５１６３５１４,2020-03-02,2020-03-06,11,びわこ,一般,２５２　５３３２１６,2018-10-23,2018-10-28,11,びわこ,一般,１４３　６５４　２　５３,5126,山下 大輝,2026-06-29,2026-07-03,11,びわこ,一般,１２２３３２１４１４,2025-07-30,2025-08-04,11,びわこ,一般,１３１６４　２６１４２２,2025-02-09,2025-02-12,11,びわこ,一般,５６４　２　５１,2024-12-11,2024-12-16,11,びわこ,一般,４３２　１６２３４４２２,2023-10-10,2023-10-13,11,びわこ,一般,１３２４４１[３],3922,菅沼 佳昭,2026-04-20,2026-04-23,11,びわこ,一般,６６３　６４４６,2025-12-04,2025-12-09,11,びわこ,ＧⅢ,４　５６６　４４３５５,2025-02-16,2025-02-21,11,びわこ,一般,６　２５５　３３６　５５,2024-06-25,2024-06-30,11,びわこ,一般,６　５４１　４４４　５,2024-04-23,2024-04-28,11,びわこ,一般,６　３１５　１５５６６,5403,藤山 湧太,2026-04-08,2026-04-12,11,びわこ,一般,６　５６６　５　６６,,,,,,,,,,,,,,,,,,,,,,,,
202610071104,2026-10-07,11,04R,4033,伊藤 将吉,2026-06-09,2026-06-14,11,びわこ,一般,２３１５２３１１３６２５,2025-09-17,2025-09-22,11,びわこ,ＧⅠ,６　２６２　６２４６６,2025-06-11,2025-06-16,11,びわこ,一般,５１１６４　５１エ,2024-10-06,2024-10-11,11,びわこ,一般,４６２　４３１５２１１４,2023-06-27,2023-07-02,11,びわこ,ＧⅡ,４５６　２１３　２４５,4489,岩川 仁士,2026-09-22,2026-09-27,11,びわこ,ＧⅢ,４　４３６　６３５　３２,2025-05-29,2025-06-01,11,びわこ,一般,４　２３３１６１,2025-02-09,2025-02-12,11,びわこ,一般,５　３５１５６,2024-10-24,2024-10-29,11,びわこ,一般,６　３３３　１３３５５５,2024-05-30,2024-06-04,11,びわこ,一般,１６５　エ３,4340,土性 雅也,2026-06-29,2026-07-03,11,びわこ,一般,６　５６５　６５２,2024-01-25,2024-01-30,11,びわこ,一般,５　５３４　３５３　２２,2023-10-24,2023-10-29,11,びわこ,ＧⅢ,１　５６５５１　６５５,2022-09-08,2022-09-13,11,びわこ,一般,２４４　３３４３１４４１,2021-07-31,2021-08-05,11,びわこ,一般,１５３　１５３３５５２落,5382,,,,,,,,,,,,,,,,,,,,,,,,,,,,,,,,4437,中田 元泰,2025-08-26,2025-08-31,11,びわこ,一般,３　４　１２１１２２[２],2025-02-25,2025-03-02,11,びわこ,一般,２１１４２６３１５３３１,2023-10-01,2023-10-06,11,びわこ,ＧⅠ,２　２４１　４６４　２６,2023-06-27,2023-07-02,11,びわこ,ＧⅡ,転　３２２　６３３１６,2023-03-10,2023-03-15,11,びわこ,ＧⅡ,１５５　２６６　５４２,4305,金子 拓矢,2026-05-20,2026-05-25,11,びわこ,ＧⅡ,３１２　３　１１１　[３],2025-10-31,2025-11-03,11,びわこ,一般,１４４６１２[３],2025-06-20,2025-06-25,11,びわこ,一般,３２１１４２４１４２[３],2025-01-31,2025-02-05,11,びわこ,一般,３６４１１２２　６２[２],2019-09-27,2019-10-02,11,びわこ,ＧⅢ,４　１２２５４１４５６２
202610071105,2026-10-07,11,05R,3629,浅見 昌克,2025-12-24,2025-12-29,11,びわこ,一般,１１１２５３１４３１[１],2024-03-01,2024-03-06,11,びわこ,一般,１　３転３５６　６６３２,2023-09-13,2023-09-18,11,びわこ,ＧⅢ,２４３　６３２　５１４３,2022-10-11,2022-10-14,11,びわこ,一般,１２１５３４１４,2021-07-22,2021-07-27,11,びわこ,一般,５３２　３　２２２３３１,4189,川上 剛,2026-04-20,2026-04-23,11,びわこ,一般,２１２３４５１１,2025-10-23,2025-10-28,11,びわこ,一般,３２２　５６２５３　３３,2025-03-10,2025-03-16,11,びわこ,一般,２６２１５　２２１４３６２５,2022-10-02,2022-10-07,11,びわこ,ＧⅠ,６　５５４　５４１６４,2021-08-23,2021-08-28,11,びわこ,一般,５　２２３２３１１３２１,3850,小川 知行,2026-02-13,2026-02-18,11,びわこ,一般,２　１４５６５３３　２４,2023-02-12,2023-02-17,11,びわこ,一般,４６５　６　４５５　１１,2022-09-08,2022-09-13,11,びわこ,一般,５　３１３４４６２　６４,2021-09-21,2021-09-26,11,びわこ,ＧⅢ,２　３２２２２５３２[３],2021-06-27,2021-07-02,11,びわこ,一般,５　２６１　５６２２３５,4090,中村 尊,2026-06-19,2026-06-24,11,びわこ,一般,５２１　２１２５２４１４,2026-01-25,2026-01-30,11,びわこ,一般,２５３３４F４　６　４,2025-06-20,2025-06-25,11,びわこ,一般,３２２２１　３６２４１２,2024-08-01,2024-08-06,11,びわこ,一般,６２１　３５５３５　４転,2018-09-30,2018-10-06,11,びわこ,一般,６　２６３３５　６２３５,3300,川崎 智幸,2024-10-15,2024-10-20,11,びわこ,ＧⅡ,１　４３５　１５４　３３,2022-03-10,2022-03-15,11,びわこ,ＧⅡ,６１５　４６４　５３６,2021-11-02,2021-11-07,11,びわこ,ＧⅢ,１５２２５３５４１６１３,2021-09-11,2021-09-16,11,びわこ,一般,２２５３６３５２１５１３,2020-03-10,2020-03-15,11,びわこ,ＧⅡ,３３５　３６４　２３３,4905,土井 祥伍,2026-02-13,2026-02-18,11,びわこ,一般,１４２１F　５　６　４,2025-01-13,2025-01-18,11,びわこ,一般,４２４　２３４　１５２４,2024-09-21,2024-09-25,11,びわこ,一般,１２５５１　４５１５,2024-07-17,2024-07-20,11,びわこ,一般,４５５　３　１６,2023-08-19,2023-08-24,11,びわこ,一般,６３２　４５２　５４４２
202610071106,2026-10-07,11,06R,4588,田中 京介,2025-06-04,2025-06-08,11,びわこ,一般,１５１　３３２１[５],2024-08-27,2024-09-01,11,びわこ,一般,２　２３５　６６,2023-07-10,2023-07-14,11,びわこ,一般,４１６　F５３　６,2022-12-08,2022-12-13,11,びわこ,一般,２　４１４６２２２３３１,2022-07-22,2022-07-27,11,びわこ,一般,３　３３６３１　２２[６],3805,高橋 英之,2025-02-25,2025-03-02,11,びわこ,一般,４３２６３　４６１　４３,2024-09-05,2024-09-08,11,びわこ,一般,２３５１４　６５,2024-02-03,2024-02-08,11,びわこ,一般,３６２３２　２６５　４１,2023-03-20,2023-03-25,11,びわこ,一般,１２３２３２２　４２[３],2022-12-26,2022-12-29,11,びわこ,一般,５１３５２　４６,4641,磯村 匠,2026-02-13,2026-02-18,11,びわこ,一般,１　２４１３２５４６１２,2025-10-14,2025-10-19,11,びわこ,ＧⅢ,３　５２３５１３１６３５,2024-07-24,2024-07-28,11,びわこ,一般,６　１３１３１４４５,2019-01-12,2019-01-17,11,びわこ,一般,５３６　６１５　４　５,2017-06-06,2017-06-11,11,びわこ,一般,４　１４２３２３２１[４],4926,吉川 貴仁,2026-05-29,2026-06-03,11,びわこ,一般,５３３３２１５１３２[６],2026-01-25,2026-01-30,11,びわこ,一般,２１１１１３２１１１[１],2025-07-30,2025-08-04,11,びわこ,一般,５５３　１５１１２２[６],2024-03-01,2024-03-06,11,びわこ,一般,２４３２２１１２１１[３],2023-03-10,2023-03-15,11,びわこ,ＧⅡ,５３２　４６１　３５２６,3370,坪内 実,2025-12-24,2025-12-29,11,びわこ,一般,６５３　５　５５４　６６,2025-07-18,2025-07-23,11,びわこ,一般,６６６　４　６,2025-03-10,2025-03-16,11,びわこ,一般,２　４６３　５６６　３１５６,2024-05-21,2024-05-26,11,びわこ,一般,６　１３６　６１３　４４,2024-01-25,2024-01-30,11,びわこ,一般,２　３４６　５６５　３５,3719,辻 栄蔵,2026-07-28,2026-08-02,11,びわこ,ＳＧ,１　４５４　４　５６５,2025-10-31,2025-11-03,11,びわこ,一般,３３４３５５１４,2023-01-12,2023-01-15,11,びわこ,ＧⅠ,５　３１２２２２,2014-01-15,2014-01-20,11,びわこ,一般,５１１１１２１３１１[２],2003-11-25,2003-11-30,11,びわこ,ＳＧ,３　５４２　２６４　６６
202610071107,2026-10-07,11,07R,4066,東本 勝利,2026-06-09,2026-06-14,11,びわこ,一般,２２２　３２２３２２[４],2021-03-02,2021-03-06,11,びわこ,一般,３６３４妨,2020-12-01,2020-12-06,11,びわこ,一般,３　３２２５４５５　３１,2019-03-22,2019-03-27,11,びわこ,ＧⅡ,２　１F３　転５６　５,2018-01-12,2018-01-17,11,びわこ,一般,１３２２２２１２２１[５],3233,小畑 実成,2025-12-04,2025-12-09,11,びわこ,ＧⅢ,１３５　３４５３１　３３,2024-07-17,2024-07-20,11,びわこ,一般,６　１５１　４５,2020-03-10,2020-03-15,11,びわこ,ＧⅡ,６　４５５　４５４　５４,2019-09-11,2019-09-16,11,びわこ,一般,２２２　２３３２３５１５,2018-08-19,2018-08-24,11,びわこ,一般,３１３３１２１１４１[２],3339,泉 具巳,2026-02-22,2026-02-27,11,びわこ,一般,２５２　１２５５６４２６,2024-09-05,2024-09-08,11,びわこ,一般,４６３　１１２３,2024-03-14,2024-03-19,11,びわこ,一般,６　５５１　５４５　５４,2023-06-18,2023-06-24,11,びわこ,一般,３１２６４　１５　　１１[２],2022-02-21,2022-02-25,11,びわこ,一般,４　４妨６６,4564,山本 景士郎,2022-08-01,2022-08-06,11,びわこ,一般,４６３,2022-05-21,2022-05-26,11,びわこ,一般,４　５６１５３　５４２６,2022-03-10,2022-03-15,11,びわこ,ＧⅡ,２　５６６　４４５４５,2021-03-20,2021-03-25,11,びわこ,一般,５　２６１２３３１３２１,2018-07-09,2018-07-14,11,びわこ,一般,５　３４１４４４３４３６,4740,齋藤 達希,2025-08-10,2025-08-16,11,びわこ,一般,５　５６６　４４６　５　２６,2024-08-11,2024-08-16,11,びわこ,一般,５１５　２５３　５６４６,2023-07-25,2023-07-28,11,びわこ,一般,６４５　４　１６,2022-05-09,2022-05-14,11,びわこ,一般,２４１　５５３５４　２５,2022-03-01,2022-03-06,11,びわこ,一般,２　６６６３１　６５４,4743,木村 仁紀,2026-08-15,2026-08-20,11,びわこ,一般,５５２５１２１　２３１４,2026-05-20,2026-05-25,11,びわこ,ＧⅡ,４２４　転　３４４　４１,2026-04-30,2026-05-06,11,びわこ,一般,５４３２１　５　１６１４,2026-03-12,2026-03-16,11,びわこ,一般,２３１１６１３１[２],2026-01-16,2026-01-21,11,びわこ,ＧⅡ,１１４　６　６４３　３３
202610071108,2026-10-07,11,08R,4079,出畑 孝典,2025-01-31,2025-02-05,11,びわこ,一般,３２１４５２１　５２[５],2024-07-24,2024-07-28,11,びわこ,一般,２３３４２　４５２４,2024-03-23,2024-03-28,11,びわこ,一般,４２３５２１２５２６２４,2023-07-18,2023-07-21,11,びわこ,一般,４３１２４２[３],2023-03-20,2023-03-25,11,びわこ,一般,３４２２３　１３１４１５,3889,須藤 隆雄,2025-12-14,2025-12-19,11,びわこ,一般,６６１　２４５　５５妨３,2024-06-25,2024-06-30,11,びわこ,一般,５５５　４５５　２　６,2022-12-17,2022-12-22,11,びわこ,一般,５　６４２　５３４４６,2021-04-18,2021-04-23,11,びわこ,一般,２　６４１　４５４６１,2020-06-21,2020-06-26,11,びわこ,一般,３５５　５　４４１　３４,4382,高山 智至,2026-08-15,2026-08-20,11,びわこ,一般,４　５４６　４５３　３６,2026-07-16,2026-07-21,11,びわこ,一般,４４４　３４４５３　４５,2026-05-29,2026-06-03,11,びわこ,一般,４５２　２４３５１４６,2026-04-30,2026-05-06,11,びわこ,一般,３４６　４　２３５４４,2026-02-04,2026-02-09,11,びわこ,一般,６　４２４３１　１１４３,4489,岩川 仁士,2026-09-22,2026-09-27,11,びわこ,ＧⅢ,４　４３６　６３５　３２,2025-05-29,2025-06-01,11,びわこ,一般,４　２３３１６１,2025-02-09,2025-02-12,11,びわこ,一般,５　３５１５６,2024-10-24,2024-10-29,11,びわこ,一般,６　３３３　１３３５５５,2024-05-30,2024-06-04,11,びわこ,一般,１６５　エ３,3315,広瀬 聖仁,2024-03-01,2024-03-06,11,びわこ,一般,１２２　３３２３３２[６],2023-04-03,2023-04-08,11,びわこ,一般,２５６　４　４３３　３６,2021-11-02,2021-11-07,11,びわこ,ＧⅢ,１４３３４　５１６６１４,2020-06-21,2020-06-26,11,びわこ,一般,６２２　３４５　１４１３,2019-10-21,2019-10-26,11,びわこ,一般,１　５３２１５６３４４１,5463,,,,,,,,,,,,,,,,,,,,,,,,,,,,,,,
202610071109,2026-10-07,11,09R,3627,井上 恵一,2026-02-13,2026-02-18,11,びわこ,一般,２　２２６２４３１１[６],2025-07-18,2025-07-23,11,びわこ,一般,１　３５１３６６２６２５,2025-05-29,2025-06-01,11,びわこ,一般,５６２　２４２,2025-03-10,2025-03-16,11,びわこ,一般,３３５　６２３　１１３５２,2022-12-26,2022-12-29,11,びわこ,一般,５４６　２４４,3850,小川 知行,2026-02-13,2026-02-18,11,びわこ,一般,２　１４５６５３３　２４,2023-02-12,2023-02-17,11,びわこ,一般,４６５　６　４５５　１１,2022-09-08,2022-09-13,11,びわこ,一般,５　３１３４４６２　６４,2021-09-21,2021-09-26,11,びわこ,ＧⅢ,２　３２２２２５３２[３],2021-06-27,2021-07-02,11,びわこ,一般,５　２６１　５６２２３５,5127,沼田 大都,2025-10-02,2025-10-07,11,びわこ,一般,３　５３２４４５２　２２,2025-05-09,2025-05-14,11,びわこ,一般,５５６　６６５　６　２３,2025-01-31,2025-02-05,11,びわこ,一般,１２２　３２３５３６４６,2022-05-09,2022-05-14,11,びわこ,一般,５６６　５　４　６６４６,2021-06-18,2021-06-23,11,びわこ,一般,６　６６６　６　５６６,5147,田中 勇輔,2023-07-25,2023-07-28,11,びわこ,一般,６　６転６　２４,,,,,,,,,,,,,,,,,,,,,,,,,4146,柳橋 宏紀,2026-08-15,2026-08-20,11,びわこ,一般,５　４６２４５５５　４２,2026-05-09,2026-05-14,11,びわこ,一般,４４４　２　３３４２６,2026-02-22,2026-02-27,11,びわこ,一般,３　３３１５１　１３５５,2026-01-25,2026-01-30,11,びわこ,一般,　　　　　　　　　　１２,2026-01-03,2026-01-08,11,びわこ,一般,３４３　１２６５１４２６,5400,高村 諒,2026-08-15,2026-08-20,11,びわこ,一般,６　３５６　４６４　４５,2026-07-16,2026-07-21,11,びわこ,一般,　　　　　　５５５　４２,2026-05-29,2026-06-03,11,びわこ,一般,　　　　　　　　５６６５,2026-04-30,2026-05-06,11,びわこ,一般,６５４　６　６６６　６６,2026-04-20,2026-04-23,11,びわこ,一般,　　　　　　６６
202610071110,2026-10-07,11,10R,4305,金子 拓矢,2026-05-20,2026-05-25,11,びわこ,ＧⅡ,３１２　３　１１１　[３],2025-10-31,2025-11-03,11,びわこ,一般,１４４６１２[３],2025-06-20,2025-06-25,11,びわこ,一般,３２１１４２４１４２[３],2025-01-31,2025-02-05,11,びわこ,一般,３６４１１２２　６２[２],2019-09-27,2019-10-02,11,びわこ,ＧⅢ,４　１２２５４１４５６２,4649,和田 操拓,2026-08-15,2026-08-20,11,びわこ,一般,３３１　３５３３４５１６,2026-04-30,2026-05-06,11,びわこ,一般,２６５　６　２２６６２,2026-01-16,2026-01-21,11,びわこ,ＧⅡ,６　６　５６５　４６４,2026-01-03,2026-01-08,11,びわこ,一般,６１５３６　３　４１３３,2025-09-10,2025-09-13,11,びわこ,一般,３６２　１２１４,4905,土井 祥伍,2026-02-13,2026-02-18,11,びわこ,一般,１４２１F　５　６　４,2025-01-13,2025-01-18,11,びわこ,一般,４２４　２３４　１５２４,2024-09-21,2024-09-25,11,びわこ,一般,１２５５１　４５１５,2024-07-17,2024-07-20,11,びわこ,一般,４５５　３　１６,2023-08-19,2023-08-24,11,びわこ,一般,６３２　４５２　５４４２,4241,大串 重幸,2024-09-21,2024-09-25,11,びわこ,一般,４４２　２２２５１３,2022-06-26,2022-07-01,11,びわこ,一般,４４１　１３４４２６５５,2020-11-21,2020-11-26,11,びわこ,ＧⅢ,１２６　３５１６３５１４,2020-03-02,2020-03-06,11,びわこ,一般,２５２　５３３２１６,2018-10-23,2018-10-28,11,びわこ,一般,１４３　６５４　２　５３,4588,田中 京介,2025-06-04,2025-06-08,11,びわこ,一般,１５１　３３２１[５],2024-08-27,2024-09-01,11,びわこ,一般,２　２３５　６６,2023-07-10,2023-07-14,11,びわこ,一般,４１６　F５３　６,2022-12-08,2022-12-13,11,びわこ,一般,２　４１４６２２２３３１,2022-07-22,2022-07-27,11,びわこ,一般,３　３３６３１　２２[６],3966,作間 章,2026-01-25,2026-01-30,11,びわこ,一般,３６４６２４４　３３１,2025-06-29,2025-07-04,11,びわこ,一般,１１１２５１２６６２[４],2024-10-15,2024-10-20,11,びわこ,ＧⅡ,３　５６２　３４４４４,2024-09-05,2024-09-08,11,びわこ,一般,４５１　４３４１,2023-10-01,2023-10-06,11,びわこ,ＧⅠ,５　３４５　３　５６４
202610071111,2026-10-07,11,11R,4743,木村 仁紀,2026-08-15,2026-08-20,11,びわこ,一般,５５２５１２１　２３１４,2026-05-20,2026-05-25,11,びわこ,ＧⅡ,４２４　転　３４４　４１,2026-04-30,2026-05-06,11,びわこ,一般,５４３２１　５　１６１４,2026-03-12,2026-03-16,11,びわこ,一般,２３１１６１３１[２],2026-01-16,2026-01-21,11,びわこ,ＧⅡ,１１４　６　６４３　３３,4437,中田 元泰,2025-08-26,2025-08-31,11,びわこ,一般,３　４　１２１１２２[２],2025-02-25,2025-03-02,11,びわこ,一般,２１１４２６３１５３３１,2023-10-01,2023-10-06,11,びわこ,ＧⅠ,２　２４１　４６４　２６,2023-06-27,2023-07-02,11,びわこ,ＧⅡ,転　３２２　６３３１６,2023-03-10,2023-03-15,11,びわこ,ＧⅡ,１５５　２６６　５４２,4926,吉川 貴仁,2026-05-29,2026-06-03,11,びわこ,一般,５３３３２１５１３２[６],2026-01-25,2026-01-30,11,びわこ,一般,２１１１１３２１１１[１],2025-07-30,2025-08-04,11,びわこ,一般,５５３　１５１１２２[６],2024-03-01,2024-03-06,11,びわこ,一般,２４３２２１１２１１[３],2023-03-10,2023-03-15,11,びわこ,ＧⅡ,５３２　４６１　３５２６,4375,照屋 厚仁,2025-12-14,2025-12-19,11,びわこ,一般,２４２１２　３２３６１５,2025-06-29,2025-07-04,11,びわこ,一般,６　２１３４１３１２[２],2024-10-24,2024-10-29,11,びわこ,一般,２６６３４　１３５６１４,2024-03-23,2024-03-28,11,びわこ,一般,２６１　１１４４２５３３,2023-05-29,2023-06-02,11,びわこ,一般,１３４　１６４３２２,4189,川上 剛,2026-04-20,2026-04-23,11,びわこ,一般,２１２３４５１１,2025-10-23,2025-10-28,11,びわこ,一般,３２２　５６２５３　３３,2025-03-10,2025-03-16,11,びわこ,一般,２６２１５　２２１４３６２５,2022-10-02,2022-10-07,11,びわこ,ＧⅠ,６　５５４　５４１６４,2021-08-23,2021-08-28,11,びわこ,一般,５　２２３２３１１３２１,4603,谷川 将太,2025-08-26,2025-08-31,11,びわこ,一般,５４５　３　３４,2024-12-02,2024-12-07,11,びわこ,一般,２　５４２　６５６　３５,2023-08-19,2023-08-24,11,びわこ,一般,４２６　３５３　４５３４,2021-12-11,2021-12-14,11,びわこ,一般,１３６　４４２３,2021-06-27,2021-07-02,11,びわこ,一般,４３４　５３５　５　５２
202610071112,2026-10-07,11,12R,3719,辻 栄蔵,2026-07-28,2026-08-02,11,びわこ,ＳＧ,１　４５４　４　５６５,2025-10-31,2025-11-03,11,びわこ,一般,３３４３５５１４,2023-01-12,2023-01-15,11,びわこ,ＧⅠ,５　３１２２２２,2014-01-15,2014-01-20,11,びわこ,一般,５１１１１２１３１１[２],2003-11-25,2003-11-30,11,びわこ,ＳＧ,３　５４２　２６４　６６,3300,川崎 智幸,2024-10-15,2024-10-20,11,びわこ,ＧⅡ,１　４３５　１５４　３３,2022-03-10,2022-03-15,11,びわこ,ＧⅡ,６１５　４６４　５３６,2021-11-02,2021-11-07,11,びわこ,ＧⅢ,１５２２５３５４１６１３,2021-09-11,2021-09-16,11,びわこ,一般,２２５３６３５２１５１３,2020-03-10,2020-03-15,11,びわこ,ＧⅡ,３３５　３６４　２３３,5126,山下 大輝,2026-06-29,2026-07-03,11,びわこ,一般,１２２３３２１４１４,2025-07-30,2025-08-04,11,びわこ,一般,１３１６４　２６１４２２,2025-02-09,2025-02-12,11,びわこ,一般,５６４　２　５１,2024-12-11,2024-12-16,11,びわこ,一般,４３２　１６２３４４２２,2023-10-10,2023-10-13,11,びわこ,一般,１３２４４１[３],5242,高山 弘斗,2025-01-13,2025-01-18,11,びわこ,一般,３　２６１　４４５５４５,,,,,,,,,,,,,,,,,,,,,,,,,4033,伊藤 将吉,2026-06-09,2026-06-14,11,びわこ,一般,２３１５２３１１３６２５,2025-09-17,2025-09-22,11,びわこ,ＧⅠ,６　２６２　６２４６６,2025-06-11,2025-06-16,11,びわこ,一般,５１１６４　５１エ,2024-10-06,2024-10-11,11,びわこ,一般,４６２　４３１５２１１４,2023-06-27,2023-07-02,11,びわこ,ＧⅡ,４５６　２１３　２４５,4066,東本 勝利,2026-06-09,2026-06-14,11,びわこ,一般,２２２　３２２３２２[４],2021-03-02,2021-03-06,11,びわこ,一般,３６３４妨,2020-12-01,2020-12-06,11,びわこ,一般,３　３２２５４５５　３１,2019-03-22,2019-03-27,11,びわこ,ＧⅡ,２　１F３　転５６　５,2018-01-12,2018-01-17,11,びわこ,一般,１３２２２２１２２１[５]
202610071401,2026-10-07,14,01R,4381,田路 朋史,2026-05-16,2026-05-21,14,鳴門,一般,５６４２４　１１１５２５,2025-11-06,2025-11-11,14,鳴門,一般,１　４４２６４２１６２６,2025-07-08,2025-07-13,14,鳴門,一般,３　５３４５４１４　２３,2024-11-26,2024-11-29,14,鳴門,一般,　　２３６２[２],2024-04-02,2024-04-05,14,鳴門,一般,２　６１１３５６,4563,齋藤 真之,2025-07-19,2025-07-24,14,鳴門,一般,５６４　欠欠,2025-04-17,2025-04-20,14,鳴門,一般,６　４６６　２２,2021-07-23,2021-07-27,14,鳴門,一般,６４６　２５５　３４,2019-12-29,2020-01-03,14,鳴門,一般,６　５１６　６６５　４１,2019-09-01,2019-09-04,14,鳴門,一般,６６５　５　５１,3982,福田 理,2026-03-18,2026-03-23,14,鳴門,一般,６４６　５　６６６,2025-12-01,2025-12-05,14,鳴門,一般,３２５　５６２　３６,2025-02-07,2025-02-12,14,鳴門,一般,３２５　２　３２１１[５],2024-05-04,2024-05-09,14,鳴門,一般,１　３３４　４２６５１２,2023-10-05,2023-10-08,14,鳴門,一般,３３１　４３５４,4917,岩橋 裕馬,2025-10-26,2025-10-31,14,鳴門,一般,４　５３５　６３,2025-09-29,2025-10-03,14,鳴門,一般,５４６　３　４２４４,2025-06-15,2025-06-20,14,鳴門,一般,６　３１４　３６５３３,2024-10-07,2024-10-12,14,鳴門,一般,６　４４５５６　４３４,2023-08-25,2023-08-28,14,鳴門,一般,２２４　６５１６,4691,水原 慎,2026-05-08,2026-05-13,14,鳴門,一般,２　５１５６６６１　６５,2026-01-01,2026-01-06,14,鳴門,一般,６６１　２４４５６　１,2025-12-19,2025-12-24,14,鳴門,ＧⅢ,４　１５２　２２５１５２,2025-10-26,2025-10-31,14,鳴門,一般,３１３　３１３５４５２５,2025-08-31,2025-09-03,14,鳴門,一般,４４３５６　３,5468,,,,,,,,,,,,,,,,,,,,,,,,,,,,,,,
202610071402,2026-10-07,14,02R,3519,冨田 秀幸,2025-07-19,2025-07-24,14,鳴門,一般,２　４５６１５５４　１５,2025-01-24,2025-01-27,14,鳴門,一般,３　５４５６２１,2020-05-04,2020-05-08,14,鳴門,一般,　　　　　　６４５２,2013-09-05,2013-09-08,14,鳴門,一般,３３２３２４２３,2012-11-02,2012-11-06,14,鳴門,一般,２２１５３５２６３５,4761,山田 晃大,2025-10-26,2025-10-31,14,鳴門,一般,４　２６１３４６２　４４,2024-08-03,2024-08-06,14,鳴門,一般,４　５４５６１,2023-03-10,2023-03-15,14,鳴門,ＧⅢ,２４６　３２２　３２５６,2021-03-10,2021-03-14,14,鳴門,一般,５４３　３１２６１４,2020-02-13,2020-02-18,14,鳴門,一般,４５３　３３３４５　２２,3831,安藤 裕貴,2026-04-22,2026-04-25,14,鳴門,一般,４　６６２　６２,2022-11-03,2022-11-07,14,鳴門,一般,３４６　１　５４６３,2018-12-10,2018-12-15,14,鳴門,一般,１　４１３４４５１４５４,2018-05-20,2018-05-24,14,鳴門,一般,２　４３５５４４４２,2013-05-19,2013-05-23,14,鳴門,一般,４５１６１４５　２１,4614,石倉 洋行,2026-02-11,2026-02-14,14,鳴門,一般,１１１３３３１１,2021-06-09,2021-06-13,14,鳴門,一般,１　４１２１１２[２],2020-12-03,2020-12-06,14,鳴門,一般,２３２５１２[４],2020-10-13,2020-10-16,14,鳴門,一般,３３１３４６１４,2018-01-08,2018-01-12,14,鳴門,一般,５２１５２６１３１１,4934,佐々木 翔斗,2024-01-08,2024-01-12,14,鳴門,一般,６　６３４６,2023-04-09,2023-04-13,14,鳴門,一般,３　２１６２２４５２,2023-02-14,2023-02-18,14,鳴門,一般,３　３５２１２６４５,2022-12-30,2023-01-04,14,鳴門,一般,４　３２４　１５３１４４,2022-12-04,2022-12-09,14,鳴門,一般,３１２　２２３３２３４３,4020,川上 清人,2026-05-29,2026-06-02,14,鳴門,一般,６　６２５６６　２５,2025-06-15,2025-06-20,14,鳴門,一般,４４５　５２６　１　５４,2023-08-06,2023-08-11,14,鳴門,一般,６２６　２５２　３　２３,2023-05-12,2023-05-15,14,鳴門,一般,２６１　５５３４,2022-02-26,2022-03-03,14,鳴門,一般,４　２６２　５３３４５
202610071403,2026-10-07,14,03R,4769,馬場 剛,2026-03-12,2026-03-15,14,鳴門,一般,２１４６４６３６,2025-02-22,2025-02-26,14,鳴門,一般,３６１５１　６６１６,2022-03-14,2022-03-19,14,鳴門,一般,２　１１２２１１２５２２,2019-11-16,2019-11-21,14,鳴門,一般,３５２５４　５１１　４１,2019-03-26,2019-03-31,14,鳴門,一般,１１３４１２２　３３１５,4323,山田 佑樹,2026-04-11,2026-04-16,14,鳴門,一般,５４１　５２５５２　２１,2025-06-07,2025-06-11,14,鳴門,一般,２　５４２４１２５５,2025-02-22,2025-02-26,14,鳴門,一般,３　２５６２６６６４,2023-09-12,2023-09-15,14,鳴門,一般,２　２４５３６２,2023-07-21,2023-07-25,14,鳴門,一般,５　１４１３６１[２],3911,鈴木 猛,2024-11-08,2024-11-13,14,鳴門,ＧⅢ,３２６　４４５　４１４５,2023-05-29,2023-06-03,14,鳴門,一般,４３１　４４４　３　５３,2020-01-26,2020-01-30,14,鳴門,一般,１　１４１３３５２４,2018-05-20,2018-05-24,14,鳴門,一般,２落４　２６５　F６,2017-05-20,2017-05-24,14,鳴門,一般,３６２　３６１　３６,4793,金子 萌,2026-05-16,2026-05-21,14,鳴門,一般,１３１１２　１１４１[５],2025-07-28,2025-07-31,14,鳴門,一般,１６１３２　４１,2024-09-24,2024-09-29,14,鳴門,一般,３４４　３２１４６　３１,2020-03-28,2020-03-31,14,鳴門,一般,５３６６２　４３,2020-01-17,2020-01-22,14,鳴門,一般,４４２２１　３５妨６４,3992,関口 智久,2026-03-18,2026-03-23,14,鳴門,一般,３　５４４３２　１１１５,2025-06-26,2025-06-29,14,鳴門,一般,１６２３３５１２,2024-10-31,2024-11-04,14,鳴門,一般,１　３３５　３１３６,2023-07-14,2023-07-17,14,鳴門,一般,２F６　１　５,2023-05-12,2023-05-15,14,鳴門,一般,１４４１１４４１,4016,西川 新太郎,2025-07-19,2025-07-24,14,鳴門,一般,３４１　３６６６５　５,2025-05-31,2025-06-03,14,鳴門,一般,２　１５６５２６,2025-02-07,2025-02-12,14,鳴門,一般,２　２６４５２　１３１４,2023-04-09,2023-04-13,14,鳴門,一般,２４２４３　２６２４,2021-10-27,2021-10-30,14,鳴門,一般,２１４５３不
202610071404,2026-10-07,14,04R,4931,木谷 賢太,2026-01-31,2026-02-05,14,鳴門,ＧⅠ,４５１　２　３３５　１３,2025-01-08,2025-01-13,14,鳴門,ＧⅢ,３３１１４　３３５２[３],2023-12-21,2023-12-26,14,鳴門,ＧⅢ,４１３４１　２４２２[５],2023-06-10,2023-06-15,14,鳴門,ＧⅢ,４１２　５２２　６　１２,2023-02-04,2023-02-09,14,鳴門,ＧⅠ,１　２６２　４３５　２５,5219,森口 和紀,2026-05-16,2026-05-21,14,鳴門,一般,１　１２２６５４１　５１,2025-02-15,2025-02-18,14,鳴門,一般,２　３１６１[３],2024-09-11,2024-09-14,14,鳴門,一般,３４６　４４６５,2024-02-25,2024-02-29,14,鳴門,一般,６　５５不　６６６,2023-09-12,2023-09-15,14,鳴門,一般,４　６６４　２４,4173,岡谷 健吾,2026-04-22,2026-04-25,14,鳴門,一般,４４３　１１２転,2025-07-08,2025-07-13,14,鳴門,一般,６２１　５２２　４５６６,2025-02-07,2025-02-12,14,鳴門,一般,２　３５不,2024-11-26,2024-11-29,14,鳴門,一般,４　４４６　４４,2023-07-29,2023-08-01,14,鳴門,一般,１４４　４４２３,4100,松田 隆司,2025-11-06,2025-11-11,14,鳴門,一般,６　６６２　１１６４２３,2024-06-22,2024-06-25,14,鳴門,一般,２６３５３　２２,2023-10-21,2023-10-24,14,鳴門,一般,１　５５６１１２,2023-09-25,2023-09-30,14,鳴門,一般,１　２２５　２４２３４１,2023-06-28,2023-07-02,14,鳴門,一般,２６６　４５１　１４,5044,渡邉 健,2025-05-17,2025-05-21,14,鳴門,一般,５　５６４　２６３１,2024-11-26,2024-11-29,14,鳴門,一般,６　２　３４１,2024-04-25,2024-04-30,14,鳴門,一般,３　４６１１,2024-01-27,2024-02-01,14,鳴門,一般,４　５３６　５２４　５５,2022-03-14,2022-03-19,14,鳴門,一般,２４１２５　２６３５１６,4269,杉山 裕也,2025-08-31,2025-09-03,14,鳴門,一般,１５１２３５１２,2025-02-15,2025-02-18,14,鳴門,一般,１３３１２２１,2022-09-11,2022-09-14,14,鳴門,一般,４２１５１２[３],2019-10-21,2019-10-25,14,鳴門,一般,１３４６３５２　２１,2019-05-26,2019-05-29,14,鳴門,一般,１６５２３６２５
202610071405,2026-10-07,14,05R,3690,河合 三弘,2020-12-20,2020-12-24,14,鳴門,一般,６５３　３４４　１３,2019-01-24,2019-01-29,14,鳴門,一般,３　５３３５４５６　２,2017-03-12,2017-03-16,14,鳴門,一般,３３２　６３　　６４,2016-06-23,2016-06-27,14,鳴門,一般,２　１４１５２５３３,2013-07-18,2013-07-21,14,鳴門,一般,３４３２１６５４,4089,妹尾 忠幸,2026-04-22,2026-04-25,14,鳴門,一般,６６５２,2025-11-15,2025-11-20,14,鳴門,一般,１３２４３１　　３５１３,2024-09-24,2024-09-29,14,鳴門,一般,１５２２３１１　３２[３],2022-12-22,2022-12-25,14,鳴門,一般,１　６妨,2022-09-18,2022-09-23,14,鳴門,一般,３２１２５５１３１３,4953,尾上 雅也,2025-09-13,2025-09-18,14,鳴門,ＧⅠ,１　４６６　５　１３３２,2025-01-30,2025-02-03,14,鳴門,一般,３　１２落３５　１４,2024-04-02,2024-04-05,14,鳴門,一般,３６１５５　４６,2023-08-25,2023-08-28,14,鳴門,一般,２３１５４４３４,2022-10-15,2022-10-19,14,鳴門,一般,６６２４４,4111,奥田 誠,2026-03-18,2026-03-23,14,鳴門,一般,４１５　２２１３６１[３],2025-11-15,2025-11-20,14,鳴門,一般,２５２４５　４　１　３３,2024-12-30,2025-01-04,14,鳴門,一般,４　２６６２３５１　４４,2024-07-01,2024-07-05,14,鳴門,一般,４３４　４１１３４２,2024-02-25,2024-02-29,14,鳴門,一般,２６６　転６,5468,,,,,,,,,,,,,,,,,,,,,,,,,,,,,,,,3981,今坂 晃広,2025-01-24,2025-01-27,14,鳴門,一般,２６３　６２４５,2016-05-19,2016-05-23,14,鳴門,一般,５４２　２１欠欠,2010-03-23,2010-03-28,14,鳴門,一般,３F６　６　５６４　６６,2005-05-10,2005-05-15,14,鳴門,一般,１６３２２５５　２３５６,2004-04-22,2004-04-25,14,鳴門,一般,１５５２３５１２
202610071406,2026-10-07,14,06R,3772,一柳 和孝,2026-04-22,2026-04-25,14,鳴門,一般,２　転６５３４３,2025-06-15,2025-06-20,14,鳴門,一般,３　５２６３２２１５２３,2020-01-17,2020-01-22,14,鳴門,一般,６５４　２１１４３５４４,2019-09-17,2019-09-20,14,鳴門,一般,３３５　６５２,2019-03-13,2019-03-19,14,鳴門,一般,４　３　３３１　４５５５３３,4607,鶴田 勇雄,2025-07-28,2025-07-31,14,鳴門,一般,３３３３３　４５,2025-04-06,2025-04-09,14,鳴門,一般,１６３３４３２２,2024-11-18,2024-11-22,14,鳴門,一般,５　２６４２３３２,2024-07-23,2024-07-28,14,鳴門,一般,１　４４１３１２１４１６,2023-10-21,2023-10-24,14,鳴門,一般,３　３２５３４４,5133,堀越 雄貴,2022-07-02,2022-07-07,14,鳴門,一般,５　５６６　６２３４落３,2022-04-14,2022-04-19,14,鳴門,一般,４５４　３４１　５４５４,,,,,,,,,,,,,,,,,,,5348,小林 甘寧,2026-04-22,2026-04-25,14,鳴門,一般,６１２　５６４５,2026-01-11,2026-01-17,14,鳴門,一般,５　４　３３５,2024-12-30,2025-01-04,14,鳴門,一般,４　６６５　６６５６５,2024-07-10,2024-07-15,14,鳴門,一般,６６６　６６５　６５６６,,,,,,,5278,田中 駿兵,2026-05-08,2026-05-13,14,鳴門,一般,２２１２１１２　２１[１],2026-04-22,2026-04-25,14,鳴門,一般,５４１１５３３１,2026-01-31,2026-02-05,14,鳴門,ＧⅠ,６　１３３　４２４　５５,2026-01-11,2026-01-17,14,鳴門,一般,　　１１２３１１２４４１[４],2026-01-01,2026-01-06,14,鳴門,一般,３６１　１２３３２５１６,3982,福田 理,2026-03-18,2026-03-23,14,鳴門,一般,６４６　５　６６６,2025-12-01,2025-12-05,14,鳴門,一般,３２５　５６２　３６,2025-02-07,2025-02-12,14,鳴門,一般,３２５　２　３２１１[５],2024-05-04,2024-05-09,14,鳴門,一般,１　３３４　４２６５１２,2023-10-05,2023-10-08,14,鳴門,一般,３３１　４３５４
202610071407,2026-10-07,14,07R,3963,原田 秀弥,2026-04-11,2026-04-16,14,鳴門,一般,４　３４１６６３６　４１,2025-11-06,2025-11-11,14,鳴門,一般,３　２５４２３　３３５２,2024-07-23,2024-07-28,14,鳴門,一般,４４２６４５４　１　３,2023-07-14,2023-07-17,14,鳴門,一般,４４２１２６３６,2022-04-23,2022-04-27,14,鳴門,一般,F３３　６　２　２,4917,岩橋 裕馬,2025-10-26,2025-10-31,14,鳴門,一般,４　５３５　６３,2025-09-29,2025-10-03,14,鳴門,一般,５４６　３　４２４４,2025-06-15,2025-06-20,14,鳴門,一般,６　３１４　３６５３３,2024-10-07,2024-10-12,14,鳴門,一般,６　４４５５６　４３４,2023-08-25,2023-08-28,14,鳴門,一般,２２４　６５１６,3519,冨田 秀幸,2025-07-19,2025-07-24,14,鳴門,一般,２　４５６１５５４　１５,2025-01-24,2025-01-27,14,鳴門,一般,３　５４５６２１,2020-05-04,2020-05-08,14,鳴門,一般,　　　　　　６４５２,2013-09-05,2013-09-08,14,鳴門,一般,３３２３２４２３,2012-11-02,2012-11-06,14,鳴門,一般,２２１５３５２６３５,4390,松本 弓雄,2026-08-26,2026-08-30,14,鳴門,一般,３６５　転　３５６５,2026-07-22,2026-07-27,14,鳴門,一般,４６５　５４５　２５４５,2026-05-08,2026-05-13,14,鳴門,一般,転　２５４　５４５　３６,2026-03-12,2026-03-15,14,鳴門,一般,３　１１４３３３,2026-01-21,2026-01-24,14,鳴門,一般,１５２　２４４３,4600,井内 将太郎,2025-12-19,2025-12-24,14,鳴門,ＧⅢ,４　２１３２３６５６１４,2025-08-22,2025-08-25,14,鳴門,一般,５３２３５６１５,2023-12-13,2023-12-18,14,鳴門,一般,５５５１５３１　１５,2023-07-14,2023-07-17,14,鳴門,一般,３３１６２４５２,2023-05-21,2023-05-24,14,鳴門,一般,３５４６３　３３,5452,,,,,,,,,,,,,,,,,,,,,,,,,,,,,,,
202610071408,2026-10-07,14,08R,4691,水原 慎,2026-05-08,2026-05-13,14,鳴門,一般,２　５１５６６６１　６５,2026-01-01,2026-01-06,14,鳴門,一般,６６１　２４４５６　１,2025-12-19,2025-12-24,14,鳴門,ＧⅢ,４　１５２　２２５１５２,2025-10-26,2025-10-31,14,鳴門,一般,３１３　３１３５４５２５,2025-08-31,2025-09-03,14,鳴門,一般,４４３５６　３,4513,河野 真也,2024-07-23,2024-07-28,14,鳴門,一般,４６２５６　４欠,2022-02-26,2022-03-03,14,鳴門,一般,２　２１２２２４５２[５],2022-01-18,2022-01-23,14,鳴門,一般,４　５４３２３２５４,2021-09-05,2021-09-08,14,鳴門,一般,４６１　４１４１,2020-07-02,2020-07-05,14,鳴門,一般,１２３５１６１５,4020,川上 清人,2026-05-29,2026-06-02,14,鳴門,一般,６　６２５６６　２５,2025-06-15,2025-06-20,14,鳴門,一般,４４５　５２６　１　５４,2023-08-06,2023-08-11,14,鳴門,一般,６２６　２５２　３　２３,2023-05-12,2023-05-15,14,鳴門,一般,２６１　５５３４,2022-02-26,2022-03-03,14,鳴門,一般,４　２６２　５３３４５,4769,馬場 剛,2026-03-12,2026-03-15,14,鳴門,一般,２１４６４６３６,2025-02-22,2025-02-26,14,鳴門,一般,３６１５１　６６１６,2022-03-14,2022-03-19,14,鳴門,一般,２　１１２２１１２５２２,2019-11-16,2019-11-21,14,鳴門,一般,３５２５４　５１１　４１,2019-03-26,2019-03-31,14,鳴門,一般,１１３４１２２　３３１５,4173,岡谷 健吾,2026-04-22,2026-04-25,14,鳴門,一般,４４３　１１２転,2025-07-08,2025-07-13,14,鳴門,一般,６２１　５２２　４５６６,2025-02-07,2025-02-12,14,鳴門,一般,２　３５不,2024-11-26,2024-11-29,14,鳴門,一般,４　４４６　４４,2023-07-29,2023-08-01,14,鳴門,一般,１４４　４４２３,5460,,,,,,,,,,,,,,,,,,,,,,,,,,,,,,,
202610071409,2026-10-07,14,09R,4100,松田 隆司,2025-11-06,2025-11-11,14,鳴門,一般,６　６６２　１１６４２３,2024-06-22,2024-06-25,14,鳴門,一般,２６３５３　２２,2023-10-21,2023-10-24,14,鳴門,一般,１　５５６１１２,2023-09-25,2023-09-30,14,鳴門,一般,１　２２５　２４２３４１,2023-06-28,2023-07-02,14,鳴門,一般,２６６　４５１　１４,4301,関 裕也,2025-10-07,2025-10-11,14,鳴門,一般,３　３６６２３　３４,2023-09-25,2023-09-30,14,鳴門,一般,５　１５５　１２５６１５,2022-06-04,2022-06-08,14,鳴門,一般,６５１６,2021-05-15,2021-05-20,14,鳴門,一般,１　６６,2019-01-24,2019-01-29,14,鳴門,一般,５４５３１６,3690,河合 三弘,2020-12-20,2020-12-24,14,鳴門,一般,６５３　３４４　１３,2019-01-24,2019-01-29,14,鳴門,一般,３　５３３５４５６　２,2017-03-12,2017-03-16,14,鳴門,一般,３３２　６３　　６４,2016-06-23,2016-06-27,14,鳴門,一般,２　１４１５２５３３,2013-07-18,2013-07-21,14,鳴門,一般,３４３２１６５４,4381,田路 朋史,2026-05-16,2026-05-21,14,鳴門,一般,５６４２４　１１１５２５,2025-11-06,2025-11-11,14,鳴門,一般,１　４４２６４２１６２６,2025-07-08,2025-07-13,14,鳴門,一般,３　５３４５４１４　２３,2024-11-26,2024-11-29,14,鳴門,一般,　　２３６２[２],2024-04-02,2024-04-05,14,鳴門,一般,２　６１１３５６,4761,山田 晃大,2025-10-26,2025-10-31,14,鳴門,一般,４　２６１３４６２　４４,2024-08-03,2024-08-06,14,鳴門,一般,４　５４５６１,2023-03-10,2023-03-15,14,鳴門,ＧⅢ,２４６　３２２　３２５６,2021-03-10,2021-03-14,14,鳴門,一般,５４３　３１２６１４,2020-02-13,2020-02-18,14,鳴門,一般,４５３　３３３４５　２２,3838,伊藤 啓三,2025-10-15,2025-10-20,14,鳴門,一般,３　２５５４５２６　６３,2025-05-17,2025-05-21,14,鳴門,一般,１２２　１２５１[３],2024-08-29,2024-09-02,14,鳴門,一般,４３４６４　３３２１,2023-10-05,2023-10-08,14,鳴門,一般,４３２３４４１３,2022-02-18,2022-02-22,14,鳴門,一般,５３１４３　１４
202610071410,2026-10-07,14,10R,3911,鈴木 猛,2024-11-08,2024-11-13,14,鳴門,ＧⅢ,３２６　４４５　４１４５,2023-05-29,2023-06-03,14,鳴門,一般,４３１　４４４　３　５３,2020-01-26,2020-01-30,14,鳴門,一般,１　１４１３３５２４,2018-05-20,2018-05-24,14,鳴門,一般,２落４　２６５　F６,2017-05-20,2017-05-24,14,鳴門,一般,３６２　３６１　３６,4875,大塚 康雅,2024-12-23,2024-12-28,14,鳴門,一般,妨４転,2024-02-05,2024-02-08,14,鳴門,一般,３６６,2022-12-04,2022-12-09,14,鳴門,一般,６　２５１４５３６　５５,2021-09-25,2021-09-28,14,鳴門,一般,転６３　６６１,2018-03-11,2018-03-15,14,鳴門,一般,３４３　４６１　５４,3772,一柳 和孝,2026-04-22,2026-04-25,14,鳴門,一般,２　転６５３４３,2025-06-15,2025-06-20,14,鳴門,一般,３　５２６３２２１５２３,2020-01-17,2020-01-22,14,鳴門,一般,６５４　２１１４３５４４,2019-09-17,2019-09-20,14,鳴門,一般,３３５　６５２,2019-03-13,2019-03-19,14,鳴門,一般,４　３　３３１　４５５５３３,4934,佐々木 翔斗,2024-01-08,2024-01-12,14,鳴門,一般,６　６３４６,2023-04-09,2023-04-13,14,鳴門,一般,３　２１６２２４５２,2023-02-14,2023-02-18,14,鳴門,一般,３　３５２１２６４５,2022-12-30,2023-01-04,14,鳴門,一般,４　３２４　１５３１４４,2022-12-04,2022-12-09,14,鳴門,一般,３１２　２２３３２３４３,4931,木谷 賢太,2026-01-31,2026-02-05,14,鳴門,ＧⅠ,４５１　２　３３５　１３,2025-01-08,2025-01-13,14,鳴門,ＧⅢ,３３１１４　３３５２[３],2023-12-21,2023-12-26,14,鳴門,ＧⅢ,４１３４１　２４２２[５],2023-06-10,2023-06-15,14,鳴門,ＧⅢ,４１２　５２２　６　１２,2023-02-04,2023-02-09,14,鳴門,ＧⅠ,１　２６２　４３５　２５,4089,妹尾 忠幸,2026-04-22,2026-04-25,14,鳴門,一般,６６５２,2025-11-15,2025-11-20,14,鳴門,一般,１３２４３１　　３５１３,2024-09-24,2024-09-29,14,鳴門,一般,１５２２３１１　３２[３],2022-12-22,2022-12-25,14,鳴門,一般,１　６妨,2022-09-18,2022-09-23,14,鳴門,一般,３２１２５５１３１３
202610071411,2026-10-07,14,11R,4793,金子 萌,2026-05-16,2026-05-21,14,鳴門,一般,１３１１２　１１４１[５],2025-07-28,2025-07-31,14,鳴門,一般,１６１３２　４１,2024-09-24,2024-09-29,14,鳴門,一般,３４４　３２１４６　３１,2020-03-28,2020-03-31,14,鳴門,一般,５３６６２　４３,2020-01-17,2020-01-22,14,鳴門,一般,４４２２１　３５妨６４,5278,田中 駿兵,2026-05-08,2026-05-13,14,鳴門,一般,２２１２１１２　２１[１],2026-04-22,2026-04-25,14,鳴門,一般,５４１１５３３１,2026-01-31,2026-02-05,14,鳴門,ＧⅠ,６　１３３　４２４　５５,2026-01-11,2026-01-17,14,鳴門,一般,　　１１２３１１２４４１[４],2026-01-01,2026-01-06,14,鳴門,一般,３６１　１２３３２５１６,4111,奥田 誠,2026-03-18,2026-03-23,14,鳴門,一般,４１５　２２１３６１[３],2025-11-15,2025-11-20,14,鳴門,一般,２５２４５　４　１　３３,2024-12-30,2025-01-04,14,鳴門,一般,４　２６６２３５１　４４,2024-07-01,2024-07-05,14,鳴門,一般,４３４　４１１３４２,2024-02-25,2024-02-29,14,鳴門,一般,２６６　転６,4600,井内 将太郎,2025-12-19,2025-12-24,14,鳴門,ＧⅢ,４　２１３２３６５６１４,2025-08-22,2025-08-25,14,鳴門,一般,５３２３５６１５,2023-12-13,2023-12-18,14,鳴門,一般,５５５１５３１　１５,2023-07-14,2023-07-17,14,鳴門,一般,３３１６２４５２,2023-05-21,2023-05-24,14,鳴門,一般,３５４６３　３３,5219,森口 和紀,2026-05-16,2026-05-21,14,鳴門,一般,１　１２２６５４１　５１,2025-02-15,2025-02-18,14,鳴門,一般,２　３１６１[３],2024-09-11,2024-09-14,14,鳴門,一般,３４６　４４６５,2024-02-25,2024-02-29,14,鳴門,一般,６　５５不　６６６,2023-09-12,2023-09-15,14,鳴門,一般,４　６６４　２４,3831,安藤 裕貴,2026-04-22,2026-04-25,14,鳴門,一般,４　６６２　６２,2022-11-03,2022-11-07,14,鳴門,一般,３４６　１　５４６３,2018-12-10,2018-12-15,14,鳴門,一般,１　４１３４４５１４５４,2018-05-20,2018-05-24,14,鳴門,一般,２　４３５５４４４２,2013-05-19,2013-05-23,14,鳴門,一般,４５１６１４５　２１
202610071412,2026-10-07,14,12R,4614,石倉 洋行,2026-02-11,2026-02-14,14,鳴門,一般,１１１３３３１１,2021-06-09,2021-06-13,14,鳴門,一般,１　４１２１１２[２],2020-12-03,2020-12-06,14,鳴門,一般,２３２５１２[４],2020-10-13,2020-10-16,14,鳴門,一般,３３１３４６１４,2018-01-08,2018-01-12,14,鳴門,一般,５２１５２６１３１１,4269,杉山 裕也,2025-08-31,2025-09-03,14,鳴門,一般,１５１２３５１２,2025-02-15,2025-02-18,14,鳴門,一般,１３３１２２１,2022-09-11,2022-09-14,14,鳴門,一般,４２１５１２[３],2019-10-21,2019-10-25,14,鳴門,一般,１３４６３５２　２１,2019-05-26,2019-05-29,14,鳴門,一般,１６５２３６２５,5348,小林 甘寧,2026-04-22,2026-04-25,14,鳴門,一般,６１２　５６４５,2026-01-11,2026-01-17,14,鳴門,一般,５　４　３３５,2024-12-30,2025-01-04,14,鳴門,一般,４　６６５　６６５６５,2024-07-10,2024-07-15,14,鳴門,一般,６６６　６６５　６５６６,,,,,,,3963,原田 秀弥,2026-04-11,2026-04-16,14,鳴門,一般,４　３４１６６３６　４１,2025-11-06,2025-11-11,14,鳴門,一般,３　２５４２３　３３５２,2024-07-23,2024-07-28,14,鳴門,一般,４４２６４５４　１　３,2023-07-14,2023-07-17,14,鳴門,一般,４４２１２６３６,2022-04-23,2022-04-27,14,鳴門,一般,F３３　６　２　２,4953,尾上 雅也,2025-09-13,2025-09-18,14,鳴門,ＧⅠ,１　４６６　５　１３３２,2025-01-30,2025-02-03,14,鳴門,一般,３　１２落３５　１４,2024-04-02,2024-04-05,14,鳴門,一般,３６１５５　４６,2023-08-25,2023-08-28,14,鳴門,一般,２３１５４４３４,2022-10-15,2022-10-19,14,鳴門,一般,６６２４４,4513,河野 真也,2024-07-23,2024-07-28,14,鳴門,一般,４６２５６　４欠,2022-02-26,2022-03-03,14,鳴門,一般,２　２１２２２４５２[５],2022-01-18,2022-01-23,14,鳴門,一般,４　５４３２３２５４,2021-09-05,2021-09-08,14,鳴門,一般,４６１　４１４１,2020-07-02,2020-07-05,14,鳴門,一般,１２３５１６１５
202610071601,2026-10-07,16,01R,3746,岡瀬 正人,2026-08-08,2026-08-13,16,児島,一般,２　６５５４２　３４１,2026-06-21,2026-06-26,16,児島,一般,１　４２４１２２２４３２,2026-05-02,2026-05-07,16,児島,一般,４　１４２　３４１エ５,2026-03-27,2026-03-31,16,児島,一般,５３１　３６５４１６,2026-01-29,2026-02-03,16,児島,一般,６３４１３　２５６　３２,4006,小野 勇作,2026-01-29,2026-02-03,16,児島,一般,２２１　２４４　２３１３,2025-06-14,2025-06-19,16,児島,ＧⅢ,４　５５５６４　３　３６,2024-07-11,2024-07-16,16,児島,一般,４１５,2022-11-24,2022-11-28,16,児島,一般,６５,2020-02-09,2020-02-14,16,児島,一般,３１２２３２６　１２[３],3906,飯山 晃三,2026-01-14,2026-01-19,16,児島,一般,３　３３６　５６４　２５,2025-07-24,2025-07-29,16,児島,一般,５　２１６　２４５２１５,2025-03-08,2025-03-13,16,児島,一般,６２６　６２４　２５４,2024-07-21,2024-07-26,16,児島,一般,６　６６５　５５６　５６,2023-09-01,2023-09-06,16,児島,一般,６２３３４６１　３３５４,4583,古田 祐貴,2026-04-04,2026-04-09,16,児島,一般,１３３　２５３３４１[３],2025-06-07,2025-06-11,16,児島,一般,５３２　１２２５４４,2024-07-02,2024-07-07,16,児島,ＧⅡ,６　５６４　３２６３６,2023-09-01,2023-09-06,16,児島,一般,４不,2023-06-01,2023-06-06,16,児島,一般,４　３３２　妨３１　４２,3860,松本 浩貴,2026-07-28,2026-08-02,16,児島,一般,４　２６２４５　４６５５,2026-05-19,2026-05-23,16,児島,一般,１５５　４６,2026-02-15,2026-02-20,16,児島,一般,３　３４２　２４６５２４,2025-06-23,2025-06-28,16,児島,一般,３　５６２３４,2021-04-19,2021-04-24,16,児島,ＧⅢ,６４３　２６５３５　４２,3812,山崎 聖司,2022-06-06,2022-06-11,16,児島,ＧⅢ,３　６６４　１３６３６６,2017-02-21,2017-02-26,16,児島,一般,５３４　２１２　４４１５,2016-07-13,2016-07-18,16,児島,一般,４　３６５　３６１　５４,2014-11-28,2014-12-02,16,児島,一般,５　２４１２１３５３,2012-07-21,2012-07-25,16,児島,一般,１６５　２２５６１６
202610071602,2026-10-07,16,02R,4580,長谷川 雅和,2026-08-08,2026-08-13,16,児島,一般,４４１　１６２　４３[６],2026-07-09,2026-07-13,16,児島,一般,２１１　１４５１[４],2026-03-11,2026-03-16,16,児島,一般,６４３　５３３　６　２２,2025-12-28,2026-01-02,16,児島,一般,６　２４３２６５６　４３,2025-08-16,2025-08-21,16,児島,一般,４　６５３５５１３　４１,3589,西村 勝,2026-04-04,2026-04-09,16,児島,一般,５　５１３　２１１５２５,2023-07-05,2023-07-10,16,児島,ＧⅢ,６　３１２１F６４　５,2020-03-07,2020-03-12,16,児島,一般,４１２　５２１５落欠,2018-10-11,2018-10-15,16,児島,一般,４２１３６　１F６,2017-02-21,2017-02-26,16,児島,一般,３６２２３３１　４２[５],3945,橋口 真樹,2026-03-27,2026-03-31,16,児島,一般,１　３４１３３３４６,2025-08-24,2025-08-27,16,児島,一般,２２４　４１[６],2025-02-19,2025-02-24,16,児島,ＧⅢ,６　４４６,2024-04-23,2024-04-28,16,児島,一般,４　５５４　５２２　３３,2023-08-23,2023-08-28,16,児島,一般,６　２３５６４　６５３５,4003,表 憲一,2024-07-02,2024-07-07,16,児島,ＧⅡ,５　３　５４５　１２１４,2023-06-10,2023-06-15,16,児島,一般,５２３６４　３５５４４５,2023-04-23,2023-04-27,16,児島,一般,５２２　３５５４１６,2022-11-24,2022-11-28,16,児島,一般,５　３６５５４３５３,2021-03-24,2021-03-29,16,児島,一般,３３３　２４５１１６５３,3873,別府 昌樹,2026-01-29,2026-02-03,16,児島,一般,５５４　３２５４６４４６,2025-06-23,2025-06-28,16,児島,一般,３　１４４４５２１５１３,2025-02-03,2025-02-07,16,児島,一般,１４２６５　４２４１,2024-08-08,2024-08-13,16,児島,一般,３　２３２１２４３１[４],2024-05-11,2024-05-16,16,児島,一般,６６,5426,甲斐 貴大,2026-03-27,2026-03-31,16,児島,一般,４　６６４　６５５,,,,,,,,,,,,,,,,,,,,,,,,
202610071603,2026-10-07,16,03R,3934,鋤柄 貴俊,2026-01-29,2026-02-03,16,児島,一般,５４２　５３３　４３２,2025-08-30,2025-09-04,16,児島,ＧⅢ,３　５４５　２５５　１４,2025-07-18,2025-07-22,16,児島,一般,４３５　３４５　１２,2025-01-26,2025-01-31,16,児島,一般,６３６　１５６　５６不,2023-07-27,2023-07-30,16,児島,一般,４５１　３６１,3748,小黒 竜吾,2026-01-14,2026-01-19,16,児島,一般,２　２４５６４　２２５,2023-06-20,2023-06-25,16,児島,一般,６　６２５　３５６　６４,2022-06-06,2022-06-11,16,児島,ＧⅢ,３　３５２６４　４１２５,2019-01-27,2019-02-01,16,児島,一般,４　５６５　１５５　４６,2018-05-18,2018-05-23,16,児島,一般,１　６６５　２３３　６６,4348,宮崎 奨,2025-07-01,2025-07-06,16,児島,ＧⅡ,６　４１６　３５２５２,2024-04-23,2024-04-28,16,児島,一般,２　１５２３３４１５１３,2023-11-02,2023-11-07,16,児島,一般,１　１２４３１３３１[２],2022-10-07,2022-10-12,16,児島,一般,３２６３２４３　３落,2021-11-09,2021-11-14,16,児島,一般,３　２４２１２２１４３４,5235,岩田 凌,2026-06-11,2026-06-16,16,児島,一般,６４３　６　４２４　５６,2024-07-21,2024-07-26,16,児島,一般,転　６６６　６６５　６６,2023-09-21,2023-09-24,16,児島,一般,５　６５５　６６,2023-08-03,2023-08-08,16,児島,一般,　　　　　　　　　　６６,,,,,,,3953,志道 吉和,2025-05-25,2025-05-29,16,児島,一般,６　１１４６４　４６,2021-05-08,2021-05-11,16,児島,一般,２３１５２６５４,2020-09-17,2020-09-22,16,児島,ＧⅢ,５３４　１１２４６５３６,2019-03-23,2019-03-28,16,児島,一般,２　１１５３２５６４３２,2018-10-11,2018-10-15,16,児島,一般,５　４５４４５２３３,4095,福来 剛,2025-07-01,2025-07-06,16,児島,ＧⅡ,４１４　６６２　５２３５,2024-10-13,2024-10-18,16,児島,一般,２２３　４１２６６３１１,2024-07-11,2024-07-16,16,児島,一般,４６１４２　４２３４１１,2024-03-10,2024-03-15,16,児島,一般,１１４１２　１２２１[４],2022-08-30,2022-09-04,16,児島,ＧⅡ,２６３　３３１　３　１１
202610071604,2026-10-07,16,04R,4872,山下 流心,2026-06-21,2026-06-26,16,児島,一般,１４４　３６５　２６２,2026-04-23,2026-04-28,16,児島,一般,　　　　　　４６６　１１,2025-07-24,2025-07-29,16,児島,一般,２　３３３１１　１３５１,2025-05-10,2025-05-15,16,児島,一般,１４１５４　２３２６１６,2024-07-02,2024-07-07,16,児島,ＧⅡ,　　　　　　　　６５４６,3075,中村 裕将,2026-02-15,2026-02-20,16,児島,一般,１　６２５　２６６　２６,2024-05-29,2024-06-03,16,児島,一般,２４５　５６４　２６４,2023-07-05,2023-07-10,16,児島,ＧⅢ,３　６２４５１３１　５５,2019-02-05,2019-02-10,16,児島,一般,５６４　転欠,2018-04-18,2018-04-23,16,児島,ＧⅢ,２　４４２６６１２　６４,5070,中島 航,2026-01-14,2026-01-19,16,児島,一般,６　５５６　６５３　４４,2022-04-17,2022-04-21,16,児島,一般,６　２５２１６４３５,,,,,,,,,,,,,,,,,,,3257,田頭 実,2026-01-14,2026-01-19,16,児島,一般,４２１２１　１３３１[６],2025-01-07,2025-01-12,16,児島,一般,５２２　欠欠,2024-07-11,2024-07-16,16,児島,一般,６３１　２２１１３３２２,2024-01-25,2024-01-29,16,児島,一般,２１４４転欠,2023-08-23,2023-08-28,16,児島,一般,１２２２１　６２,3839,川合 理司,2025-05-18,2025-05-23,16,児島,一般,２　５１５　５６４　１６,2020-01-11,2020-01-16,16,児島,一般,３５３　２２６　３４６５,2017-11-14,2017-11-19,16,児島,一般,４　４３５　３４６　５６,2013-08-06,2013-08-11,16,児島,一般,４５１　１２３１５３３１,2011-11-03,2011-11-07,16,児島,一般,２　２６３１４６６５,4276,鈴木 勝博,2026-04-12,2026-04-17,16,児島,一般,１５６　２６３３６,2025-12-22,2025-12-25,16,児島,一般,１６２１５１[３],2025-02-10,2025-02-15,16,児島,一般,１３３１５　１１３１[３],2024-05-20,2024-05-25,16,児島,一般,６　６１３５６５４１１５,2022-10-16,2022-10-21,16,児島,ＧⅠ,２４４　３３４　１５４６
202610071605,2026-10-07,16,05R,4930,佐藤 悠,2024-04-23,2024-04-28,16,児島,一般,３６１　３１２２３４２５,2022-02-17,2022-02-20,16,児島,一般,１６３３３６２３,2021-06-01,2021-06-06,16,児島,一般,１　１５１６１３２４１４,2021-02-14,2021-02-19,16,児島,一般,５F５　６　転　６　６,2019-08-07,2019-08-11,16,児島,一般,４　４４４６１　４４,4058,野末 智一,2026-03-27,2026-03-31,16,児島,一般,２４２　１３２６２４,2025-02-28,2025-03-05,16,児島,一般,１２３　３１３５２５５５,2024-10-23,2024-10-28,16,児島,一般,３　３２４３４４２　３３,2024-02-12,2024-02-17,16,児島,一般,１　６３４４５４４　１５,2023-04-12,2023-04-17,16,児島,一般,４３１　３５４　３３４２,4879,山崎 鉄平,2026-01-06,2026-01-11,16,児島,一般,４５２　６１１　６４５４,2024-12-18,2024-12-23,16,児島,一般,３４３　４１６１２４１３,2022-12-03,2022-12-08,16,児島,一般,４６２　６４２　５５３,2022-02-10,2022-02-14,16,児島,一般,３　４F５　３　３,2021-04-19,2021-04-24,16,児島,ＧⅢ,５６３　１４１４２５５５,4485,楠原 正剛,2026-05-10,2026-05-15,16,児島,一般,２　６６５４１６１　１５,2026-02-15,2026-02-20,16,児島,一般,４　１１３２２３２４３５,2025-05-10,2025-05-15,16,児島,一般,２１３１４３１　５２[５],2025-02-10,2025-02-15,16,児島,一般,６　６５１４１　４２１６,2024-08-08,2024-08-13,16,児島,一般,６１３　３５１　１５５２,4277,金田 大輔,2026-08-08,2026-08-13,16,児島,一般,１　２６５５６　５　１１,2026-05-02,2026-05-07,16,児島,一般,２　３２１６１　３３５２,2026-04-04,2026-04-09,16,児島,一般,５　２４３　２６６　１４,2025-12-28,2026-01-02,16,児島,一般,３　１５３　４３２１[５],2025-05-02,2025-05-07,16,児島,一般,６２４　３４６　６６１,5095,小原 聡将,2026-04-04,2026-04-09,16,児島,一般,２１２５４３５　４４４３,2025-07-10,2025-07-15,16,児島,一般,３３３６１　２６１　２１,2024-07-30,2024-08-04,16,児島,一般,２１２　１３６４４F４,2023-06-01,2023-06-06,16,児島,一般,１６３　６５４　４４５,2020-09-04,2020-09-10,16,児島,一般,転　５６６　５６２　５５
202610071606,2026-10-07,16,06R,3542,清水 紀克,2026-04-23,2026-04-28,16,児島,一般,２　２４４６５５２　３２,2025-08-30,2025-09-04,16,児島,ＧⅢ,１　３６６　５５４　F６,2023-06-01,2023-06-06,16,児島,一般,６　５２５　４２６　６４,2022-06-06,2022-06-11,16,児島,ＧⅢ,２　６５３　５６３　１２,2022-03-25,2022-03-30,16,児島,一般,５　５５６　５,4644,山田 亮太,2025-06-14,2025-06-19,16,児島,ＧⅢ,５　５５３６３５６　１２,2025-02-10,2025-02-15,16,児島,一般,３　１４３５５　３５３１,2024-05-29,2024-06-03,16,児島,一般,４　１４２６２３１２[５],2024-01-25,2024-01-29,16,児島,一般,２３２３３　４４１３,2023-10-23,2023-10-28,16,児島,一般,１１１２３３５　２２[２],4259,真庭 明志,2026-04-12,2026-04-17,16,児島,一般,６３５　１　４３１１４６,2025-06-14,2025-06-19,16,児島,ＧⅢ,２２１　２５５６２６４６,2025-02-03,2025-02-07,16,児島,一般,３　６６６２５６１５,2024-06-22,2024-06-27,16,児島,一般,４１２　１４４　５２[５],2023-11-02,2023-11-07,16,児島,一般,１２１　５５２　１６１５,3860,松本 浩貴,2026-07-28,2026-08-02,16,児島,一般,４　２６２４５　４６５５,2026-05-19,2026-05-23,16,児島,一般,１５５　４６,2026-02-15,2026-02-20,16,児島,一般,３　３４２　２４６５２４,2025-06-23,2025-06-28,16,児島,一般,３　５６２３４,2021-04-19,2021-04-24,16,児島,ＧⅢ,６４３　２６５３５　４２,5223,森清 友翔,2025-07-24,2025-07-29,16,児島,一般,５６４　５　４１６　６４,2024-10-23,2024-10-28,16,児島,一般,　　　　　　　　５４６６,2023-09-21,2023-09-24,16,児島,一般,６　４６５　６５,2023-02-22,2023-02-26,16,児島,一般,　　　　　　　　５６,2022-04-26,2022-05-01,16,児島,一般,　　　　　　　　　　６５,4572,渡部 悟,2026-04-23,2026-04-28,16,児島,一般,２１３１１６２　４４４４,2024-10-04,2024-10-09,16,児島,一般,２５１２１５４　１３５２,2023-10-11,2023-10-16,16,児島,一般,２５１　１１２５４４１２,2021-11-26,2021-12-01,16,児島,一般,４　１３２３１５２３４２,2021-05-08,2021-05-11,16,児島,一般,１５２２２２[４]
202610071607,2026-10-07,16,07R,3893,汐崎 正則,2025-06-23,2025-06-28,16,児島,一般,５　５１４６２　４５３５,2022-07-13,2022-07-17,16,児島,一般,２４３４１　４４１５,2020-09-17,2020-09-22,16,児島,ＧⅢ,１３６　３２４　５４３２,2019-06-20,2019-06-25,16,児島,一般,２５３　３１２２５６１６,2018-07-11,2018-07-16,16,児島,一般,５　４３４　３５４　２３,2538,高橋 二朗,2026-07-28,2026-08-02,16,児島,一般,４　４６５　５５４　４４,2018-05-26,2018-05-31,16,児島,ＧⅢ,５６４　５４６　３５６,2017-02-11,2017-02-16,16,児島,一般,５３３　４５３　２　５５,2016-05-25,2016-05-30,16,児島,一般,５　２４３　３３５　４２,2013-11-22,2013-11-27,16,児島,一般,６　５３３３４　３４３,5081,篠原 飛翔,2025-06-14,2025-06-19,16,児島,ＧⅢ,３　２４２３３　２５２６,2025-03-08,2025-03-13,16,児島,一般,２４４　４６３　６３１,2023-09-01,2023-09-06,16,児島,一般,５６３　６４３４５５６２,2022-06-22,2022-06-27,16,児島,一般,２　２３３　妨６,2022-05-05,2022-05-10,16,児島,一般,２　１６６　５３６　２３,4580,長谷川 雅和,2026-08-08,2026-08-13,16,児島,一般,４４１　１６２　４３[６],2026-07-09,2026-07-13,16,児島,一般,２１１　１４５１[４],2026-03-11,2026-03-16,16,児島,一般,６４３　５３３　６　２２,2025-12-28,2026-01-02,16,児島,一般,６　２４３２６５６　４３,2025-08-16,2025-08-21,16,児島,一般,４　６５３５５１３　４１,4302,西野 翔太,2026-07-09,2026-07-13,16,児島,一般,１４１２１１３１[２],2025-12-22,2025-12-25,16,児島,一般,１１２５１２[６],2025-06-23,2025-06-28,16,児島,一般,６３４５５　３２６　２,2025-03-08,2025-03-13,16,児島,一般,１３３６５　５４５　２４,2024-04-13,2024-04-18,16,児島,一般,６１１,4006,小野 勇作,2026-01-29,2026-02-03,16,児島,一般,２２１　２４４　２３１３,2025-06-14,2025-06-19,16,児島,ＧⅢ,４　５５５６４　３　３６,2024-07-11,2024-07-16,16,児島,一般,４１５,2022-11-24,2022-11-28,16,児島,一般,６５,2020-02-09,2020-02-14,16,児島,一般,３１２２３２６　１２[３]
202610071608,2026-10-07,16,08R,4958,溝口 海義也,2026-04-12,2026-04-17,16,児島,一般,２　２５２２１４５３６１,2026-01-29,2026-02-03,16,児島,一般,１１３４１　２４１３３１,2025-02-19,2025-02-24,16,児島,ＧⅢ,１２１４３６２　４５４３,2024-06-06,2024-06-11,16,児島,一般,５　４１４４３　１４１４,2024-02-20,2024-02-25,16,児島,一般,２６３２２　２３２２[５],4003,表 憲一,2024-07-02,2024-07-07,16,児島,ＧⅡ,５　３　５４５　１２１４,2023-06-10,2023-06-15,16,児島,一般,５２３６４　３５５４４５,2023-04-23,2023-04-27,16,児島,一般,５２２　３５５４１６,2022-11-24,2022-11-28,16,児島,一般,５　３６５５４３５３,2021-03-24,2021-03-29,16,児島,一般,３３３　２４５１１６５３,4583,古田 祐貴,2026-04-04,2026-04-09,16,児島,一般,１３３　２５３３４１[３],2025-06-07,2025-06-11,16,児島,一般,５３２　１２２５４４,2024-07-02,2024-07-07,16,児島,ＧⅡ,６　５６４　３２６３６,2023-09-01,2023-09-06,16,児島,一般,４不,2023-06-01,2023-06-06,16,児島,一般,４　３３２　妨３１　４２,4553,坪口 竜也,2026-03-11,2026-03-16,16,児島,一般,１　５４１５３,2025-12-17,2025-12-20,16,児島,一般,３３１２３１[３],2025-06-07,2025-06-11,16,児島,一般,３　３２１２１１[２],2023-09-21,2023-09-24,16,児島,一般,１３３５２３３１,2023-01-27,2023-01-31,16,児島,一般,３４２２５　３２１６,4128,川口 貴久,2026-01-21,2026-01-26,16,児島,一般,６　３３１　６２４３２,2025-06-07,2025-06-11,16,児島,一般,５　４５４４６　６,2023-10-02,2023-10-07,16,児島,一般,３２６　１２５６,2022-11-24,2022-11-28,16,児島,一般,４　２５２妨４　１,2019-11-13,2019-11-18,16,児島,一般,２　３５１５２４１　３４,5235,岩田 凌,2026-06-11,2026-06-16,16,児島,一般,６４３　６　４２４　５６,2024-07-21,2024-07-26,16,児島,一般,転　６６６　６６５　６６,2023-09-21,2023-09-24,16,児島,一般,５　６５５　６６,2023-08-03,2023-08-08,16,児島,一般,　　　　　　　　　　６６,,,,,,
202610071609,2026-10-07,16,09R,5096,上原 崚,2026-06-30,2026-07-05,16,児島,ＧⅡ,３　６５４　５　３４４,2026-03-19,2026-03-24,16,児島,一般,３１４３４　３３３３２２,2025-07-18,2025-07-22,16,児島,一般,４　３２４１１４１５,2024-02-20,2024-02-25,16,児島,一般,３　１F４３４　４　６,,,,,,,3906,飯山 晃三,2026-01-14,2026-01-19,16,児島,一般,３　３３６　５６４　２５,2025-07-24,2025-07-29,16,児島,一般,５　２１６　２４５２１５,2025-03-08,2025-03-13,16,児島,一般,６２６　６２４　２５４,2024-07-21,2024-07-26,16,児島,一般,６　６６５　５５６　５６,2023-09-01,2023-09-06,16,児島,一般,６２３３４６１　３３５４,4930,佐藤 悠,2024-04-23,2024-04-28,16,児島,一般,３６１　３１２２３４２５,2022-02-17,2022-02-20,16,児島,一般,１６３３３６２３,2021-06-01,2021-06-06,16,児島,一般,１　１５１６１３２４１４,2021-02-14,2021-02-19,16,児島,一般,５F５　６　転　６　６,2019-08-07,2019-08-11,16,児島,一般,４　４４４６１　４４,4872,山下 流心,2026-06-21,2026-06-26,16,児島,一般,１４４　３６５　２６２,2026-04-23,2026-04-28,16,児島,一般,　　　　　　４６６　１１,2025-07-24,2025-07-29,16,児島,一般,２　３３３１１　１３５１,2025-05-10,2025-05-15,16,児島,一般,１４１５４　２３２６１６,2024-07-02,2024-07-07,16,児島,ＧⅡ,　　　　　　　　６５４６,3945,橋口 真樹,2026-03-27,2026-03-31,16,児島,一般,１　３４１３３３４６,2025-08-24,2025-08-27,16,児島,一般,２２４　４１[６],2025-02-19,2025-02-24,16,児島,ＧⅢ,６　４４６,2024-04-23,2024-04-28,16,児島,一般,４　５５４　５２２　３３,2023-08-23,2023-08-28,16,児島,一般,６　２３５６４　６５３５,3748,小黒 竜吾,2026-01-14,2026-01-19,16,児島,一般,２　２４５６４　２２５,2023-06-20,2023-06-25,16,児島,一般,６　６２５　３５６　６４,2022-06-06,2022-06-11,16,児島,ＧⅢ,３　３５２６４　４１２５,2019-01-27,2019-02-01,16,児島,一般,４　５６５　１５５　４６,2018-05-18,2018-05-23,16,児島,一般,１　６６５　２３３　６６
202610071610,2026-10-07,16,10R,3873,別府 昌樹,2026-01-29,2026-02-03,16,児島,一般,５５４　３２５４６４４６,2025-06-23,2025-06-28,16,児島,一般,３　１４４４５２１５１３,2025-02-03,2025-02-07,16,児島,一般,１４２６５　４２４１,2024-08-08,2024-08-13,16,児島,一般,３　２３２１２４３１[４],2024-05-11,2024-05-16,16,児島,一般,６６,4276,鈴木 勝博,2026-04-12,2026-04-17,16,児島,一般,１５６　２６３３６,2025-12-22,2025-12-25,16,児島,一般,１６２１５１[３],2025-02-10,2025-02-15,16,児島,一般,１３３１５　１１３１[３],2024-05-20,2024-05-25,16,児島,一般,６　６１３５６５４１１５,2022-10-16,2022-10-21,16,児島,ＧⅠ,２４４　３３４　１５４６,5223,森清 友翔,2025-07-24,2025-07-29,16,児島,一般,５６４　５　４１６　６４,2024-10-23,2024-10-28,16,児島,一般,　　　　　　　　５４６６,2023-09-21,2023-09-24,16,児島,一般,６　４６５　６５,2023-02-22,2023-02-26,16,児島,一般,　　　　　　　　５６,2022-04-26,2022-05-01,16,児島,一般,　　　　　　　　　　６５,4879,山崎 鉄平,2026-01-06,2026-01-11,16,児島,一般,４５２　６１１　６４５４,2024-12-18,2024-12-23,16,児島,一般,３４３　４１６１２４１３,2022-12-03,2022-12-08,16,児島,一般,４６２　６４２　５５３,2022-02-10,2022-02-14,16,児島,一般,３　４F５　３　３,2021-04-19,2021-04-24,16,児島,ＧⅢ,５６３　１４１４２５５５,3746,岡瀬 正人,2026-08-08,2026-08-13,16,児島,一般,２　６５５４２　３４１,2026-06-21,2026-06-26,16,児島,一般,１　４２４１２２２４３２,2026-05-02,2026-05-07,16,児島,一般,４　１４２　３４１エ５,2026-03-27,2026-03-31,16,児島,一般,５３１　３６５４１６,2026-01-29,2026-02-03,16,児島,一般,６３４１３　２５６　３２,4348,宮崎 奨,2025-07-01,2025-07-06,16,児島,ＧⅡ,６　４１６　３５２５２,2024-04-23,2024-04-28,16,児島,一般,２　１５２３３４１５１３,2023-11-02,2023-11-07,16,児島,一般,１　１２４３１３３１[２],2022-10-07,2022-10-12,16,児島,一般,３２６３２４３　３落,2021-11-09,2021-11-14,16,児島,一般,３　２４２１２２１４３４
202610071611,2026-10-07,16,11R,4538,笠置 博之,2025-06-07,2025-06-11,16,児島,一般,１１３５６　４６３６,2025-02-19,2025-02-24,16,児島,ＧⅢ,２１２５１４３　３３６１,2024-01-25,2024-01-29,16,児島,一般,４４３　３５６　５６,2023-07-05,2023-07-10,16,児島,ＧⅢ,１４５　２６５１１６３３,2022-07-20,2022-07-25,16,児島,一般,３４３　３４６　４２５２,5081,篠原 飛翔,2025-06-14,2025-06-19,16,児島,ＧⅢ,３　２４２３３　２５２６,2025-03-08,2025-03-13,16,児島,一般,２４４　４６３　６３１,2023-09-01,2023-09-06,16,児島,一般,５６３　６４３４５５６２,2022-06-22,2022-06-27,16,児島,一般,２　２３３　妨６,2022-05-05,2022-05-10,16,児島,一般,２　１６６　５３６　２３,5095,小原 聡将,2026-04-04,2026-04-09,16,児島,一般,２１２５４３５　４４４３,2025-07-10,2025-07-15,16,児島,一般,３３３６１　２６１　２１,2024-07-30,2024-08-04,16,児島,一般,２１２　１３６４４F４,2023-06-01,2023-06-06,16,児島,一般,１６３　６５４　４４５,2020-09-04,2020-09-10,16,児島,一般,転　５６６　５６２　５５,3589,西村 勝,2026-04-04,2026-04-09,16,児島,一般,５　５１３　２１１５２５,2023-07-05,2023-07-10,16,児島,ＧⅢ,６　３１２１F６４　５,2020-03-07,2020-03-12,16,児島,一般,４１２　５２１５落欠,2018-10-11,2018-10-15,16,児島,一般,４２１３６　１F６,2017-02-21,2017-02-26,16,児島,一般,３６２２３３１　４２[５],3934,鋤柄 貴俊,2026-01-29,2026-02-03,16,児島,一般,５４２　５３３　４３２,2025-08-30,2025-09-04,16,児島,ＧⅢ,３　５４５　２５５　１４,2025-07-18,2025-07-22,16,児島,一般,４３５　３４５　１２,2025-01-26,2025-01-31,16,児島,一般,６３６　１５６　５６不,2023-07-27,2023-07-30,16,児島,一般,４５１　３６１,4259,真庭 明志,2026-04-12,2026-04-17,16,児島,一般,６３５　１　４３１１４６,2025-06-14,2025-06-19,16,児島,ＧⅢ,２２１　２５５６２６４６,2025-02-03,2025-02-07,16,児島,一般,３　６６６２５６１５,2024-06-22,2024-06-27,16,児島,一般,４１２　１４４　５２[５],2023-11-02,2023-11-07,16,児島,一般,１２１　５５２　１６１５
202610071612,2026-10-07,16,12R,3257,田頭 実,2026-01-14,2026-01-19,16,児島,一般,４２１２１　１３３１[６],2025-01-07,2025-01-12,16,児島,一般,５２２　欠欠,2024-07-11,2024-07-16,16,児島,一般,６３１　２２１１３３２２,2024-01-25,2024-01-29,16,児島,一般,２１４４転欠,2023-08-23,2023-08-28,16,児島,一般,１２２２１　６２,4095,福来 剛,2025-07-01,2025-07-06,16,児島,ＧⅡ,４１４　６６２　５２３５,2024-10-13,2024-10-18,16,児島,一般,２２３　４１２６６３１１,2024-07-11,2024-07-16,16,児島,一般,４６１４２　４２３４１１,2024-03-10,2024-03-15,16,児島,一般,１１４１２　１２２１[４],2022-08-30,2022-09-04,16,児島,ＧⅡ,２６３　３３１　３　１１,4302,西野 翔太,2026-07-09,2026-07-13,16,児島,一般,１４１２１１３１[２],2025-12-22,2025-12-25,16,児島,一般,１１２５１２[６],2025-06-23,2025-06-28,16,児島,一般,６３４５５　３２６　２,2025-03-08,2025-03-13,16,児島,一般,１３３６５　５４５　２４,2024-04-13,2024-04-18,16,児島,一般,６１１,4644,山田 亮太,2025-06-14,2025-06-19,16,児島,ＧⅢ,５　５５３６３５６　１２,2025-02-10,2025-02-15,16,児島,一般,３　１４３５５　３５３１,2024-05-29,2024-06-03,16,児島,一般,４　１４２６２３１２[５],2024-01-25,2024-01-29,16,児島,一般,２３２３３　４４１３,2023-10-23,2023-10-28,16,児島,一般,１１１２３３５　２２[２],4958,溝口 海義也,2026-04-12,2026-04-17,16,児島,一般,２　２５２２１４５３６１,2026-01-29,2026-02-03,16,児島,一般,１１３４１　２４１３３１,2025-02-19,2025-02-24,16,児島,ＧⅢ,１２１４３６２　４５４３,2024-06-06,2024-06-11,16,児島,一般,５　４１４４３　１４１４,2024-02-20,2024-02-25,16,児島,一般,２６３２２　２３２２[５],4058,野末 智一,2026-03-27,2026-03-31,16,児島,一般,２４２　１３２６２４,2025-02-28,2025-03-05,16,児島,一般,１２３　３１３５２５５５,2024-10-23,2024-10-28,16,児島,一般,３　３２４３４４２　３３,2024-02-12,2024-02-17,16,児島,一般,１　６３４４５４４　１５,2023-04-12,2023-04-17,16,児島,一般,４３１　３５４　３３４２
202610071801,2026-10-07,18,01R,5137,川原 涼,2026-01-17,2026-01-21,18,徳山,一般,１　１５３２３３２１,2025-01-04,2025-01-07,18,徳山,一般,１　１１４１[２],2023-10-09,2023-10-14,18,徳山,一般,３　４６４　２６４６６,,,,,,,,,,,,,5288,尾道 佳諭,2025-10-20,2025-10-25,18,徳山,一般,４　５３４　転６４　１３,2025-08-01,2025-08-06,18,徳山,一般,６　４　４４６３４　５５,,,,,,,,,,,,,,,,,,,5183,中野 孝二,2025-10-20,2025-10-25,18,徳山,一般,３５１　６　６３３　３２,2024-06-19,2024-06-24,18,徳山,一般,３　１６２２２　５１[４],,,,,,,,,,,,,,,,,,,5336,瀬川 大地,2026-05-27,2026-05-31,18,徳山,一般,４　６２２　４　５２,2026-01-17,2026-01-21,18,徳山,一般,６　５６６　５　６６,2025-06-21,2025-06-25,18,徳山,一般,６５６　４　６５６,2025-02-25,2025-03-03,18,徳山,一般,６　６６６　５６６　６５,2025-01-04,2025-01-07,18,徳山,一般,　　　　６６６,5154,村松 栄太,2026-01-10,2026-01-13,18,徳山,一般,１２４４３４４４,2025-02-25,2025-03-03,18,徳山,一般,３１４　２５２２２４妨４,2024-06-19,2024-06-24,18,徳山,一般,６　４３５　５５３　２２,,,,,,,,,,,,,5448,,,,,,,,,,,,,,,,,,,,,,,,,,,,,,,
202610071802,2026-10-07,18,02R,5224,西岡 顕心,2025-11-16,2025-11-21,18,徳山,ＧⅠ,５　３　２３１　２　[４],2025-08-10,2025-08-15,18,徳山,一般,３　３５１２２３１４１１,2025-02-25,2025-03-03,18,徳山,一般,１２４２１１３３２３２１,2023-01-31,2023-02-05,18,徳山,一般,５３５　５　２３４　３４,2022-11-15,2022-11-20,18,徳山,一般,４　５４３４３　３５３５,5130,上野 拓馬,2025-10-20,2025-10-25,18,徳山,一般,４　２５３６２　５５５,2024-08-30,2024-09-04,18,徳山,一般,６　２５４　３６５,2022-09-04,2022-09-10,18,徳山,一般,５　５４５　４５６　６,,,,,,,,,,,,,5236,小宮 涼雅,2025-10-20,2025-10-25,18,徳山,一般,６６４　６５６　６　６３,2024-12-17,2024-12-22,18,徳山,一般,　　　　６　５　５４５,2024-07-06,2024-07-12,18,徳山,一般,　　　　　　　　　　　　６６,2023-10-09,2023-10-14,18,徳山,一般,転　６　２６５４５４６,2023-04-28,2023-05-03,18,徳山,一般,６　６６６６６　６６６,5293,眞崎 武蔵,2025-02-25,2025-03-03,18,徳山,一般,４３３　５６５　６　５５,,,,,,,,,,,,,,,,,,,,,,,,,5432,,,,,,,,,,,,,,,,,,,,,,,,,,,,,,,,5085,中村 栄治,2026-05-27,2026-05-31,18,徳山,一般,２　２５１５５６４６,2025-01-04,2025-01-07,18,徳山,一般,３　６落５６２,2024-06-19,2024-06-24,18,徳山,一般,４１５　５１２　４　５６,2024-01-15,2024-01-19,18,徳山,一般,３３４　４２１６６６,2023-11-12,2023-11-17,18,徳山,一般,３３５　３６３　５３３
202610071803,2026-10-07,18,03R,5145,島川 海輝,2026-08-23,2026-08-27,18,徳山,一般,２５２　１１６１[４],2026-01-25,2026-01-30,18,徳山,一般,４３１４１６１　４４１２,2026-01-02,2026-01-07,18,徳山,一般,５５１　１２１１３１[５],2025-10-20,2025-10-25,18,徳山,一般,５３１　１２４６１５２２,2025-10-04,2025-10-09,18,徳山,一般,１４１４３２５　１３１２,5332,村松 遥輝,2025-12-04,2025-12-09,18,徳山,一般,６５６　転　５６５　６３,2024-08-22,2024-08-27,18,徳山,一般,５　６　６５５　６５５,,,,,,,,,,,,,,,,,,,5282,中本 大樹,2025-02-25,2025-03-03,18,徳山,一般,６１５　５６４　６　３４,2024-11-29,2024-12-04,18,徳山,一般,５　６３１　５４６　４２,,,,,,,,,,,,,,,,,,,5178,成貞 琳平,2023-12-10,2023-12-15,18,徳山,一般,５　５５６　６転６　３４,,,,,,,,,,,,,,,,,,,,,,,,,5374,木山 大聖,2025-10-20,2025-10-25,18,徳山,一般,６　６４F　６　６　６,2025-08-01,2025-08-06,18,徳山,一般,　　　　　　　　５４５４,2025-03-09,2025-03-15,18,徳山,一般,６　５６６　６４６　６５６,2024-12-27,2025-01-01,18,徳山,一般,４　６６５６６　６４転,,,,,,,5066,鈴木 孝明,2026-05-27,2026-05-31,18,徳山,一般,１　２５１１３１[１],2026-02-04,2026-02-09,18,徳山,一般,１１１３３　３２３６２３,2025-05-07,2025-05-12,18,徳山,一般,４　２３４１５５６　３４,,,,,,,,,,,,
202610071804,2026-10-07,18,04R,5255,藤原 仙二,2025-10-20,2025-10-25,18,徳山,一般,２　６２３２２３２６１４,,,,,,,,,,,,,,,,,,,,,,,,,5160,藤森 陸斗,2026-04-20,2026-04-24,18,徳山,一般,３　１５２４３６１５,2025-10-20,2025-10-25,18,徳山,一般,４１１　５１４５２３１３,2025-01-28,2025-02-02,18,徳山,一般,３５５　４４１　２２転,2024-06-19,2024-06-24,18,徳山,一般,６５５　３　５２３　２５,2023-10-09,2023-10-14,18,徳山,一般,３５４　６　５５６　３３,5237,永松 良教,2026-08-23,2026-08-27,18,徳山,一般,　　　　　　　　４３,2024-12-27,2025-01-01,18,徳山,一般,６　５６４５１　５２６６,,,,,,,,,,,,,,,,,,,5396,近藤 来希,2026-07-29,2026-08-01,18,徳山,一般,４６６　５５６,2026-02-12,2026-02-16,18,徳山,一般,６６５　６　６６４,2025-06-21,2025-06-25,18,徳山,一般,６　６６６　５５６６,,,,,,,,,,,,,5197,中野 仁照,2026-05-12,2026-05-15,18,徳山,一般,３　５３１　２３,2025-03-19,2025-03-24,18,徳山,ＧⅡ,３４１　転欠,2023-07-09,2023-07-14,18,徳山,一般,６　３２５　６５４　６２,,,,,,,,,,,,,5417,小柳 勝希,2026-04-20,2026-04-24,18,徳山,一般,６　４４４　６　６４,2025-10-04,2025-10-09,18,徳山,一般,６　５　６５４４５　５５,,,,,,,,,,,,,,,,,,
202610071805,2026-10-07,18,05R,5136,濱野 斗馬,2025-10-20,2025-10-25,18,徳山,一般,３４６４５１１　２４３６,2025-02-25,2025-03-03,18,徳山,一般,１　２６１１１２４　１３,2024-06-28,2024-07-03,18,徳山,一般,６４３　１　転５４　２４,2022-05-16,2022-05-21,18,徳山,一般,５５２　１　２５５２転４,2021-07-02,2021-07-07,18,徳山,一般,３　５４５　５６２　４５,5214,田中 宏典,2026-02-12,2026-02-16,18,徳山,一般,５　２２３３１６１４,2022-10-03,2022-10-08,18,徳山,一般,６　６６６６６　６６６６,2022-08-17,2022-08-21,18,徳山,一般,６　６　６６６５６,2022-05-16,2022-05-21,18,徳山,一般,５　５　６５５５５　６６,,,,,,,5375,庄島 潤成,2026-08-15,2026-08-20,18,徳山,一般,５４４　４　５６６　６５,2026-04-20,2026-04-24,18,徳山,一般,６３６　５　３５５６,2025-10-20,2025-10-25,18,徳山,一般,６６４　６　４６６　５６,2025-01-28,2025-02-02,18,徳山,一般,F　６転５　６５６　５,,,,,,,5405,,,,,,,,,,,,,,,,,,,,,,,,,,,,,,,,5288,尾道 佳諭,2025-10-20,2025-10-25,18,徳山,一般,４　５３４　転６４　１３,2025-08-01,2025-08-06,18,徳山,一般,６　４　４４６３４　５５,,,,,,,,,,,,,,,,,,,5158,宮脇 遼太,2026-05-27,2026-05-31,18,徳山,一般,４５４　１１１６２４,2025-02-25,2025-03-03,18,徳山,一般,５　６１３３エ３１　１５,2024-07-16,2024-07-20,18,徳山,一般,４１６　４５１　３５,2024-01-06,2024-01-11,18,徳山,一般,１　２２５４２３３４２４,2023-10-01,2023-10-06,18,徳山,一般,４　５６４　２１落　２５
202610071806,2026-10-07,18,06R,5368,,,,,,,,,,,,,,,,,,,,,,,,,,,,,,,,5154,村松 栄太,2026-01-10,2026-01-13,18,徳山,一般,１２４４３４４４,2025-02-25,2025-03-03,18,徳山,一般,３１４　２５２２２４妨４,2024-06-19,2024-06-24,18,徳山,一般,６　４３５　５５３　２２,,,,,,,,,,,,,5298,水谷 理人,2023-11-22,2023-11-28,18,徳山,一般,６　６６６　４５５　４　４F,,,,,,,,,,,,,,,,,,,,,,,,,5236,小宮 涼雅,2025-10-20,2025-10-25,18,徳山,一般,６６４　６５６　６　６３,2024-12-17,2024-12-22,18,徳山,一般,　　　　６　５　５４５,2024-07-06,2024-07-12,18,徳山,一般,　　　　　　　　　　　　６６,2023-10-09,2023-10-14,18,徳山,一般,転　６　２６５４５４６,2023-04-28,2023-05-03,18,徳山,一般,６　６６６６６　６６６,5448,,,,,,,,,,,,,,,,,,,,,,,,,,,,,,,,5299,西丸 敦基,2024-09-17,2024-09-20,18,徳山,一般,３　５５６　２３,,,,,,,,,,,,,,,,,,,,,,,,
202610071807,2026-10-07,18,07R,5336,瀬川 大地,2026-05-27,2026-05-31,18,徳山,一般,４　６２２　４　５２,2026-01-17,2026-01-21,18,徳山,一般,６　５６６　５　６６,2025-06-21,2025-06-25,18,徳山,一般,６５６　４　６５６,2025-02-25,2025-03-03,18,徳山,一般,６　６６６　５６６　６５,2025-01-04,2025-01-07,18,徳山,一般,　　　　６６６,5157,市川 健太,2022-05-05,2022-05-10,18,徳山,一般,６６６　５　５５３　５,,,,,,,,,,,,,,,,,,,,,,,,,5318,,,,,,,,,,,,,,,,,,,,,,,,,,,,,,,,5372,上岡 巧汰,2026-02-04,2026-02-09,18,徳山,一般,６　６６欠,,,,,,,,,,,,,,,,,,,,,,,,,5282,中本 大樹,2025-02-25,2025-03-03,18,徳山,一般,６１５　５６４　６　３４,2024-11-29,2024-12-04,18,徳山,一般,５　６３１　５４６　４２,,,,,,,,,,,,,,,,,,,5432,,,,,,,,,,,,,,,,,,,,,,,,,,,,,,,
202610071808,2026-10-07,18,08R,5245,,,,,,,,,,,,,,,,,,,,,,,,,,,,,,,,5394,,,,,,,,,,,,,,,,,,,,,,,,,,,,,,,,5178,成貞 琳平,2023-12-10,2023-12-15,18,徳山,一般,５　５５６　６転６　３４,,,,,,,,,,,,,,,,,,,,,,,,,5237,永松 良教,2026-08-23,2026-08-27,18,徳山,一般,　　　　　　　　４３,2024-12-27,2025-01-01,18,徳山,一般,６　５６４５１　５２６６,,,,,,,,,,,,,,,,,,,5130,上野 拓馬,2025-10-20,2025-10-25,18,徳山,一般,４　２５３６２　５５５,2024-08-30,2024-09-04,18,徳山,一般,６　２５４　３６５,2022-09-04,2022-09-10,18,徳山,一般,５　５４５　４５６　６,,,,,,,,,,,,,5417,小柳 勝希,2026-04-20,2026-04-24,18,徳山,一般,６　４４４　６　６４,2025-10-04,2025-10-09,18,徳山,一般,６　５　６５４４５　５５,,,,,,,,,,,,,,,,,,
202610071809,2026-10-07,18,09R,5197,中野 仁照,2026-05-12,2026-05-15,18,徳山,一般,３　５３１　２３,2025-03-19,2025-03-24,18,徳山,ＧⅡ,３４１　転欠,2023-07-09,2023-07-14,18,徳山,一般,６　３２５　６５４　６２,,,,,,,,,,,,,5375,庄島 潤成,2026-08-15,2026-08-20,18,徳山,一般,５４４　４　５６６　６５,2026-04-20,2026-04-24,18,徳山,一般,６３６　５　３５５６,2025-10-20,2025-10-25,18,徳山,一般,６６４　６　４６６　５６,2025-01-28,2025-02-02,18,徳山,一般,F　６転５　６５６　５,,,,,,,5293,眞崎 武蔵,2025-02-25,2025-03-03,18,徳山,一般,４３３　５６５　６　５５,,,,,,,,,,,,,,,,,,,,,,,,,5183,中野 孝二,2025-10-20,2025-10-25,18,徳山,一般,３５１　６　６３３　３２,2024-06-19,2024-06-24,18,徳山,一般,３　１６２２２　５１[４],,,,,,,,,,,,,,,,,,,5332,村松 遥輝,2025-12-04,2025-12-09,18,徳山,一般,６５６　転　５６５　６３,2024-08-22,2024-08-27,18,徳山,一般,５　６　６５５　６５５,,,,,,,,,,,,,,,,,,,5374,木山 大聖,2025-10-20,2025-10-25,18,徳山,一般,６　６４F　６　６　６,2025-08-01,2025-08-06,18,徳山,一般,　　　　　　　　５４５４,2025-03-09,2025-03-15,18,徳山,一般,６　５６６　６４６　６５６,2024-12-27,2025-01-01,18,徳山,一般,４　６６５６６　６４転,,,,,,
202610071810,2026-10-07,18,10R,5085,中村 栄治,2026-05-27,2026-05-31,18,徳山,一般,２　２５１５５６４６,2025-01-04,2025-01-07,18,徳山,一般,３　６落５６２,2024-06-19,2024-06-24,18,徳山,一般,４１５　５１２　４　５６,2024-01-15,2024-01-19,18,徳山,一般,３３４　４２１６６６,2023-11-12,2023-11-17,18,徳山,一般,３３５　３６３　５３３,5136,濱野 斗馬,2025-10-20,2025-10-25,18,徳山,一般,３４６４５１１　２４３６,2025-02-25,2025-03-03,18,徳山,一般,１　２６１１１２４　１３,2024-06-28,2024-07-03,18,徳山,一般,６４３　１　転５４　２４,2022-05-16,2022-05-21,18,徳山,一般,５５２　１　２５５２転４,2021-07-02,2021-07-07,18,徳山,一般,３　５４５　５６２　４５,5214,田中 宏典,2026-02-12,2026-02-16,18,徳山,一般,５　２２３３１６１４,2022-10-03,2022-10-08,18,徳山,一般,６　６６６６６　６６６６,2022-08-17,2022-08-21,18,徳山,一般,６　６　６６６５６,2022-05-16,2022-05-21,18,徳山,一般,５　５　６５５５５　６６,,,,,,,5368,,,,,,,,,,,,,,,,,,,,,,,,,,,,,,,,5145,島川 海輝,2026-08-23,2026-08-27,18,徳山,一般,２５２　１１６１[４],2026-01-25,2026-01-30,18,徳山,一般,４３１４１６１　４４１２,2026-01-02,2026-01-07,18,徳山,一般,５５１　１２１１３１[５],2025-10-20,2025-10-25,18,徳山,一般,５３１　１２４６１５２２,2025-10-04,2025-10-09,18,徳山,一般,１４１４３２５　１３１２,5255,藤原 仙二,2025-10-20,2025-10-25,18,徳山,一般,２　６２３２２３２６１４,,,,,,,,,,,,,,,,,,,,,,,,
202610071811,2026-10-07,18,11R,5066,鈴木 孝明,2026-05-27,2026-05-31,18,徳山,一般,１　２５１１３１[１],2026-02-04,2026-02-09,18,徳山,一般,１１１３３　３２３６２３,2025-05-07,2025-05-12,18,徳山,一般,４　２３４１５５６　３４,,,,,,,,,,,,,5298,水谷 理人,2023-11-22,2023-11-28,18,徳山,一般,６　６６６　４５５　４　４F,,,,,,,,,,,,,,,,,,,,,,,,,5160,藤森 陸斗,2026-04-20,2026-04-24,18,徳山,一般,３　１５２４３６１５,2025-10-20,2025-10-25,18,徳山,一般,４１１　５１４５２３１３,2025-01-28,2025-02-02,18,徳山,一般,３５５　４４１　２２転,2024-06-19,2024-06-24,18,徳山,一般,６５５　３　５２３　２５,2023-10-09,2023-10-14,18,徳山,一般,３５４　６　５５６　３３,5224,西岡 顕心,2025-11-16,2025-11-21,18,徳山,ＧⅠ,５　３　２３１　２　[４],2025-08-10,2025-08-15,18,徳山,一般,３　３５１２２３１４１１,2025-02-25,2025-03-03,18,徳山,一般,１２４２１１３３２３２１,2023-01-31,2023-02-05,18,徳山,一般,５３５　５　２３４　３４,2022-11-15,2022-11-20,18,徳山,一般,４　５４３４３　３５３５,5137,川原 涼,2026-01-17,2026-01-21,18,徳山,一般,１　１５３２３３２１,2025-01-04,2025-01-07,18,徳山,一般,１　１１４１[２],2023-10-09,2023-10-14,18,徳山,一般,３　４６４　２６４６６,,,,,,,,,,,,,5245,,,,,,,,,,,,,,,,,,,,,,,,,,,,,,,
202610071812,2026-10-07,18,12R,4985,井本 昌也,2026-09-12,2026-09-17,18,徳山,ＧⅠ,３　４１４　１３５　１６,2026-08-15,2026-08-20,18,徳山,一般,２４１１３　３２３２[４],2026-04-27,2026-05-02,18,徳山,一般,１４２４２１６　６６１２,2026-02-19,2026-02-23,18,徳山,一般,４２１１４４４２[６],2026-01-02,2026-01-07,18,徳山,一般,１６２４１１２　１１[２],5166,仲道 大輔,2025-12-04,2025-12-09,18,徳山,一般,２３３　１１４３３４１１,2025-06-21,2025-06-25,18,徳山,一般,４２２　１５４４２４,2025-01-28,2025-02-02,18,徳山,一般,１　２３２　２２３２[４],2024-08-22,2024-08-27,18,徳山,一般,３３３　１１３２１４１６,,,,,,,5280,廣瀬 凜,2026-05-12,2026-05-15,18,徳山,一般,５２４１５　２３,2025-05-19,2025-05-24,18,徳山,一般,３　４２３４３４５　３４,,,,,,,,,,,,,,,,,,,5185,加藤 優弥,2025-02-25,2025-03-03,18,徳山,一般,３２３１３２１５３３３１,2024-01-06,2024-01-11,18,徳山,一般,５２４　６６２　５　６６,2022-07-22,2022-07-27,18,徳山,一般,５　４２６　６５５　４３,,,,,,,,,,,,,5243,三馬 崇史,2024-11-06,2024-11-10,18,徳山,一般,２　６落５　３６３,2023-11-22,2023-11-28,18,徳山,一般,６４６　６６６　６６６　６４,2023-07-09,2023-07-14,18,徳山,一般,６　６　６３６　５６６６,2023-05-07,2023-05-11,18,徳山,一般,６６６　５６５　６３,2023-02-21,2023-02-25,18,徳山,一般,６　６５６６６　５６,5042,畑田 汰一,2023-10-09,2023-10-14,18,徳山,一般,３　１６１３１１１３３１,2021-09-21,2021-09-26,18,徳山,ＧⅠ,３　３５４　１　１３３３,2019-10-09,2019-10-14,18,徳山,一般,６　４３５５６　２２５２,,,,,,,,,,,,
202610072001,2026-10-07,20,01R,5240,高橋 龍治,2026-01-01,2026-01-06,20,若松,一般,　　　　　　　　　　３６,2024-09-10,2024-09-14,20,若松,一般,３　６　３５６　６転,2023-08-22,2023-08-27,20,若松,一般,６　５　６４４２６　５５,2023-07-18,2023-07-24,20,若松,一般,６６４　沈６６　４　４５６６,2023-04-01,2023-04-05,20,若松,一般,６　６　５６６　６６,3419,栗原 謙治,2025-02-16,2025-02-20,20,若松,一般,５　５２４５２５６,2024-02-08,2024-02-13,20,若松,一般,４６２　４４４　５４１,2020-02-19,2020-02-23,20,若松,一般,３４４　４６１４２,2019-11-12,2019-11-18,20,若松,一般,２４５４２　２２６　３６２３,2019-05-16,2019-05-23,20,若松,一般,３　３６４４５　５　５,4919,吉田 翔悟,2025-06-03,2025-06-08,20,若松,一般,６　１３２４３　３２６４,2025-02-01,2025-02-07,20,若松,一般,２２５　１２３１　　２１[],2024-07-06,2024-07-09,20,若松,一般,６　６４４　４１,2023-09-09,2023-09-12,20,若松,一般,１３２３３２[２],2022-09-26,2022-10-01,20,若松,一般,３５４　１４４６４　３５,5301,岩下 巧斗,2025-06-28,2025-07-03,20,若松,一般,５６２　３６１　６６３５,,,,,,,,,,,,,,,,,,,,,,,,,3579,中里 優子,2026-04-22,2026-04-27,20,若松,ＧⅢ,４６４　４２５３３　５,2025-11-26,2025-11-30,20,若松,一般,３６５６６　４５２,2024-01-30,2024-02-02,20,若松,一般,４１２　２５１５,2022-05-23,2022-05-29,20,若松,一般,４２３２５　１２４５２２,2021-09-19,2021-09-24,20,若松,ＧⅢ,１　４２４４３４５６３３,3340,池田 雷太,2025-07-07,2025-07-11,20,若松,一般,３６２４１　３６１４,2023-07-11,2023-07-16,20,若松,一般,４　２６３　５６４２６,2019-06-28,2019-07-03,20,若松,一般,３６６　６６１　５４１,2018-11-26,2018-12-01,20,若松,ＧⅢ,５５６　５４５　３　６３,2018-06-24,2018-06-27,20,若松,一般,３２５　２５１１
202610072002,2026-10-07,20,02R,4992,廣瀬 篤哉,2026-07-18,2026-07-21,20,若松,一般,６１１６１４６４,2025-03-17,2025-03-22,20,若松,一般,６　２６５１６,2023-03-24,2023-03-27,20,若松,一般,２６４　５　１２,2023-01-08,2023-01-11,20,若松,一般,５　１２６３４１,2022-08-29,2022-09-04,20,若松,一般,５　２２６　５　３５３　６,5027,重冨 勇哉,2026-03-01,2026-03-07,20,若松,一般,５４２　６　２４２　２　２１,2024-07-11,2024-07-16,20,若松,一般,４　６４２　３６５５１,2023-12-16,2023-12-22,20,若松,一般,２６２　１　２３６５２１,2023-05-31,2023-06-04,20,若松,一般,５３６３４　２６１,2021-01-24,2021-01-29,20,若松,一般,４１６　４　３６４　１５,4158,木場 雄二郎,2026-05-15,2026-05-20,20,若松,一般,２４１　３　５６５６３,2025-06-13,2025-06-17,20,若松,一般,３６５　５２６　５,2024-04-09,2024-04-14,20,若松,一般,２２６　６６３　３６４,2024-02-23,2024-02-27,20,若松,一般,５５１４６　４　５６,2023-11-17,2023-11-23,20,若松,ＧⅢ,６６５　１６６　５　５,4778,堤 啓輔,2026-05-09,2026-05-12,20,若松,一般,１５５　２３５,2025-11-07,2025-11-10,20,若松,一般,５１２４１４２１,2024-02-08,2024-02-13,20,若松,一般,５　６４２３２６２　４２,2023-02-28,2023-03-03,20,若松,一般,６５４　６２２,2022-06-28,2022-07-01,20,若松,一般,４５４　２３２４,3721,守田 俊介,2025-03-25,2025-03-30,20,若松,ＳＧ,６　２　５６２　４４５,2024-09-27,2024-10-02,20,若松,ＧⅠ,４２１　６３５　５１５,2024-02-23,2024-02-27,20,若松,一般,５５５１１３２３２１,2023-04-18,2023-04-23,20,若松,ＧⅠ,１２１　５２３　５　３１,2021-05-25,2021-05-31,20,若松,ＳＧ,２４６　１　６６４　５４,5380,野田 亜湖,2026-07-18,2026-07-21,20,若松,一般,６５６　６　６５,,,,,,,,,,,,,,,,,,,,,,,,
202610072003,2026-10-07,20,03R,5037,田頭 虎親,2025-03-12,2025-03-15,20,若松,一般,５５４　１６５３,2024-12-03,2024-12-08,20,若松,ＧⅢ,１　３３４３１４１５４３,2024-06-02,2024-06-07,20,若松,一般,３４３１３６１　１３５１,2021-06-23,2021-06-28,20,若松,一般,１５４　１　４３４６１４,2021-01-10,2021-01-15,20,若松,一般,２５３　１６２４３６１６,4736,高倉 和士,2026-07-31,2026-08-03,20,若松,一般,１５２３１２[４],2026-01-01,2026-01-06,20,若松,一般,３　４５１４落欠,2025-11-07,2025-11-10,20,若松,一般,１４２　２１[２],2025-01-26,2025-01-30,20,若松,一般,３２　　３１,2024-11-25,2024-11-28,20,若松,一般,１６　　４２４３,3566,川添 英正,2026-07-18,2026-07-21,20,若松,一般,５６３２４　４,2026-03-10,2026-03-15,20,若松,ＧⅢ,２　２３３６３３６　１,2025-12-20,2025-12-25,20,若松,一般,２４２　２２４６２５１６,2025-04-18,2025-04-21,20,若松,一般,４２３　３５１３,2024-12-31,2025-01-06,20,若松,一般,５転５　３６４　２５５　５４,4197,渥美 卓郎,2026-01-08,2026-01-13,20,若松,一般,６　４５３　６５５６,2025-09-22,2025-09-25,20,若松,一般,５５５　４　５４,2024-12-12,2024-12-15,20,若松,一般,４３５　５　２１,2024-09-10,2024-09-14,20,若松,一般,１５２　５６５　２,2018-11-13,2018-11-18,20,若松,一般,６　４　４６２　６　３６,5367,赤松 咲香,2025-09-14,2025-09-19,20,若松,一般,５　６　５４６　６６６５,,,,,,,,,,,,,,,,,,,,,,,,,4451,松崎 祐太郎,2026-06-28,2026-07-03,20,若松,一般,３４３２２１５　３２[５],2025-12-05,2025-12-10,20,若松,一般,２３５　４１４４３５１３,2025-09-22,2025-09-25,20,若松,一般,２５５１２６３５,2025-07-14,2025-07-17,20,若松,一般,４１２１１６１４,2025-06-03,2025-06-08,20,若松,一般,２６３　１３５２２４１６
202610072004,2026-10-07,20,04R,4900,中田 夕貴,2025-01-13,2025-01-19,20,若松,一般,２　５５２３４２１５３１１５,2023-12-03,2023-12-09,20,若松,一般,５１２　１２５　６６５５１５,2021-09-19,2021-09-24,20,若松,ＧⅢ,３３１１２　１５２１[２],2019-06-17,2019-06-22,20,若松,一般,１３６　３３４　６４１,,,,,,,3949,今出 晋二,2026-03-01,2026-03-07,20,若松,一般,２６　　２　４４５　１　５,2025-05-12,2025-05-15,20,若松,一般,４　F４５　３,2024-06-02,2024-06-07,20,若松,一般,２５４　５５１　２３３５,2023-01-08,2023-01-11,20,若松,一般,６　４５５　２３,2022-11-14,2022-11-19,20,若松,一般,１　４４４６５　３５５,5276,大島 隆乃介,2026-05-09,2026-05-12,20,若松,一般,５５１　４５５,2026-01-25,2026-01-28,20,若松,一般,転６６２５　１,2025-05-04,2025-05-09,20,若松,一般,５　３２６　２６３５,2023-09-15,2023-09-20,20,若松,一般,４４３　５１５５５　５５,2023-03-24,2023-03-27,20,若松,一般,５　４６６　４６,3574,大神 康司,2026-08-17,2026-08-20,20,若松,一般,２５４　３１２４,2026-07-07,2026-07-12,20,若松,ＧⅢ,１　エ１４２５６２１６,2026-04-14,2026-04-19,20,若松,一般,１３１　２　２２２４２,2026-02-08,2026-02-11,20,若松,一般,１　４５３１２３,2025-11-26,2025-11-30,20,若松,一般,３１３　２３５６１４,5395,日高 龍之介,2025-05-23,2025-05-26,20,若松,一般,６　６６F　６,,,,,,,,,,,,,,,,,,,,,,,,,4287,今井 貴士,2026-07-25,2026-07-29,20,若松,一般,１５１　２１３１[４],2026-06-11,2026-06-15,20,若松,一般,１２３　２３３１[４],2026-05-01,2026-05-06,20,若松,一般,１４２３１　２　５１[６],2026-02-15,2026-02-20,20,若松,ＧⅠ,５　６　３３４４３４５,2026-01-01,2026-01-06,20,若松,一般,５４５１４　５１３　２２
202610072005,2026-10-07,20,05R,4261,岡 祐臣,2026-05-09,2026-05-12,20,若松,一般,２１３　３１[１],2025-10-31,2025-11-05,20,若松,一般,１　３３２　２３１３３１,2024-08-26,2024-08-30,20,若松,一般,１５２２,2022-12-12,2022-12-16,20,若松,一般,３３３６１１１５４３,2018-04-13,2018-04-18,20,若松,一般,２４１１３３２１６１[１],4388,是澤 孝宏,2025-03-12,2025-03-15,20,若松,一般,３２４４２３１４,2024-08-26,2024-08-30,20,若松,一般,２１２５,2017-05-14,2017-05-18,20,若松,一般,３４１２１　１３１１,2017-03-15,2017-03-20,20,若松,ＧⅢ,２　転５５１３２１６６,2016-11-21,2016-11-26,20,若松,一般,１３４３２２１　３１[６],5209,小野 京平,2026-06-28,2026-07-03,20,若松,一般,６　４４５　４５４　３,2025-08-01,2025-08-04,20,若松,一般,５５６　６　５４,2023-08-08,2023-08-15,20,若松,一般,６　５５４５４　転　４５,2023-07-11,2023-07-16,20,若松,一般,２　６３３　２６４６４,2023-04-27,2023-05-02,20,若松,一般,４６６　６　４６５　４６,4748,渡邉 雄朗,2025-05-04,2025-05-09,20,若松,一般,１３２１３１４　２転,2020-10-01,2020-10-06,20,若松,ＧⅢ,１３２５６　６６１５５４,2017-07-18,2017-07-23,20,若松,一般,５　１６４５５４３１４,2016-05-18,2016-05-23,20,若松,一般,５４５　３　３６２,2015-10-17,2015-10-22,20,若松,一般,３３F　４　４３６　６,4648,木村 亮太,2025-09-29,2025-10-04,20,若松,一般,１　２４５６５６５　３,2024-12-12,2024-12-15,20,若松,一般,６　５２転　３,2024-05-07,2024-05-13,20,若松,一般,５２４　２６１２４５５　２２,2018-06-02,2018-06-08,20,若松,一般,３４１　１６４　１４２４１４,2016-05-18,2016-05-23,20,若松,一般,４　３４５６４　１　１２,5148,松本 怜,2025-08-15,2025-08-20,20,若松,一般,２　４６５　６５６　６６,2025-06-19,2025-06-24,20,若松,ＧⅢ,６　４５４　２６６　２１,2025-02-26,2025-03-03,20,若松,一般,２１５　５６２　２F３,2024-12-31,2025-01-06,20,若松,一般,３　１４４　１３５６２５２６,2024-04-16,2024-04-21,20,若松,一般,６５５　１　５３６　５
202610072006,2026-10-07,20,06R,4714,喜多須 杏奈,2023-05-11,2023-05-16,20,若松,一般,１　６６２６５５４　５,2021-09-19,2021-09-24,20,若松,ＧⅢ,４　５３３５２１１　３３,2019-06-17,2019-06-22,20,若松,一般,１５６　５６４　６　１５,2017-09-13,2017-09-19,20,若松,ＧⅢ,４　５４５　１２６５５５,,,,,,,4677,片橋 幸貴,2026-04-14,2026-04-19,20,若松,一般,１４２６１　３３転３１２,2025-03-25,2025-03-30,20,若松,ＳＧ,６　５１５　２　２１６,2024-09-02,2024-09-08,20,若松,一般,１５４　３１６５５　４２４１,2024-03-21,2024-03-25,20,若松,一般,１１１１,2023-01-08,2023-01-11,20,若松,一般,１６４　３５２,3340,池田 雷太,2025-07-07,2025-07-11,20,若松,一般,３６２４１　３６１４,2023-07-11,2023-07-16,20,若松,一般,４　２６３　５６４２６,2019-06-28,2019-07-03,20,若松,一般,３６６　６６１　５４１,2018-11-26,2018-12-01,20,若松,ＧⅢ,５５６　５４５　３　６３,2018-06-24,2018-06-27,20,若松,一般,３２５　２５１１,5131,江藤 敦宏,2025-05-04,2025-05-09,20,若松,一般,４３４　５　３５１　４,2024-12-31,2025-01-06,20,若松,一般,６　６４４５３　３６２　４３,2024-11-25,2024-11-28,20,若松,一般,６５　　６　６３,2024-08-15,2024-08-20,20,若松,一般,５　３５４　５３５　２１,2024-06-25,2024-07-01,20,若松,一般,５　４５４　２４５　６　５６,4181,花本 夏樹,2026-04-14,2026-04-19,20,若松,一般,３６３　４５５　６　５４,2024-11-05,2024-11-10,20,若松,一般,２　３６１６５　４２３１,2024-07-20,2024-07-26,20,若松,一般,２６１　３５２　３４１６１４,2022-06-13,2022-06-16,20,若松,一般,３３５　３３３１,2018-03-21,2018-03-27,20,若松,一般,１　５５３４４　５４２　３１,3905,天野 友和,2024-07-06,2024-07-09,20,若松,一般,１４１３１３３１,2024-04-09,2024-04-14,20,若松,一般,５５６　４２４　３　３５,2023-12-16,2023-12-22,20,若松,一般,２　４５４５４５４　２３,2023-02-28,2023-03-03,20,若松,一般,４　１５２３３４,2023-01-08,2023-01-11,20,若松,一般,２　１５２５２２
202610072007,2026-10-07,20,07R,4695,尾崎 雄二,2026-06-11,2026-06-15,20,若松,一般,６　１２２６５４１３,2025-09-04,2025-09-09,20,若松,一般,５４１　３４３　５４４,2025-04-18,2025-04-21,20,若松,一般,５　５３５５６４,2024-11-13,2024-11-18,20,若松,一般,３　１２４　６３１６４６,2023-07-28,2023-08-03,20,若松,一般,１　５４３４２　６３２４３６,3776,横井 健太,2025-11-26,2025-11-30,20,若松,一般,６６５　５５５　６,2025-05-04,2025-05-09,20,若松,一般,６　４６４　６６６,2020-03-05,2020-03-10,20,若松,ＧⅢ,３６３　６　３６２５６３,2017-02-06,2017-02-11,20,若松,一般,６６３　６５２　１３３,2016-08-01,2016-08-06,20,若松,一般,３３５　３６３　４　４６,4964,土屋 南,2022-10-08,2022-10-10,20,若松,一般,３６６　１５,2019-06-17,2019-06-22,20,若松,一般,２　５４６５５　５　２２,2017-01-26,2017-01-30,20,若松,一般,５　落　５６６６６,,,,,,,,,,,,,5240,高橋 龍治,2026-01-01,2026-01-06,20,若松,一般,　　　　　　　　　　３６,2024-09-10,2024-09-14,20,若松,一般,３　６　３５６　６転,2023-08-22,2023-08-27,20,若松,一般,６　５　６４４２６　５５,2023-07-18,2023-07-24,20,若松,一般,６６４　沈６６　４　４５６６,2023-04-01,2023-04-05,20,若松,一般,６　６　５６６　６６,4158,木場 雄二郎,2026-05-15,2026-05-20,20,若松,一般,２４１　３　５６５６３,2025-06-13,2025-06-17,20,若松,一般,３６５　５２６　５,2024-04-09,2024-04-14,20,若松,一般,２２６　６６３　３６４,2024-02-23,2024-02-27,20,若松,一般,５５１４６　４　５６,2023-11-17,2023-11-23,20,若松,ＧⅢ,６６５　１６６　５　５,4496,内堀 学,2025-10-31,2025-11-05,20,若松,一般,５４１　２５１　１落２２,2025-01-13,2025-01-19,20,若松,一般,３　２４２１４２５４２３５１,2024-04-09,2024-04-14,20,若松,一般,F２１　６,2024-01-30,2024-02-02,20,若松,一般,４６４２６　６３,2022-09-16,2022-09-23,20,若松,一般,５２２　６３５　６６３４
202610072008,2026-10-07,20,08R,4376,藤田 靖弘,2026-03-10,2026-03-15,20,若松,ＧⅢ,３　２６４１３６１６１４,2025-10-31,2025-11-05,20,若松,一般,５３３　３５２　１１３５,2023-09-09,2023-09-12,20,若松,一般,３５４　４４４５,2019-10-22,2019-10-27,20,若松,一般,２１２１２　２転５１[５],2017-10-30,2017-11-03,20,若松,一般,４５２　２１３３１１,4451,松崎 祐太郎,2026-06-28,2026-07-03,20,若松,一般,３４３２２１５　３２[５],2025-12-05,2025-12-10,20,若松,一般,２３５　４１４４３５１３,2025-09-22,2025-09-25,20,若松,一般,２５５１２６３５,2025-07-14,2025-07-17,20,若松,一般,４１２１１６１４,2025-06-03,2025-06-08,20,若松,一般,２６３　１３５２２４１６,4123,細川 裕子,2025-06-19,2025-06-24,20,若松,ＧⅢ,２３１３１１２　２３３１,2024-05-19,2024-05-24,20,若松,ＧⅢ,４３１３２４１３２３３１,2023-06-17,2023-06-22,20,若松,ＧⅢ,２３１６２１２１２１[３],2022-06-28,2022-07-01,20,若松,一般,１２３１３４１２,2022-05-23,2022-05-29,20,若松,一般,２３１３１３１１５１[２],5276,大島 隆乃介,2026-05-09,2026-05-12,20,若松,一般,５５１　４５５,2026-01-25,2026-01-28,20,若松,一般,転６６２５　１,2025-05-04,2025-05-09,20,若松,一般,５　３２６　２６３５,2023-09-15,2023-09-20,20,若松,一般,４４３　５１５５５　５５,2023-03-24,2023-03-27,20,若松,一般,５　４６６　４６,5380,野田 亜湖,2026-07-18,2026-07-21,20,若松,一般,６５６　６　６５,,,,,,,,,,,,,,,,,,,,,,,,,3892,草場 康幸,2026-06-18,2026-06-21,20,若松,一般,４　２５５　２２,2024-04-09,2024-04-14,20,若松,一般,６６５２３５３　４　５２,2023-08-08,2023-08-15,20,若松,一般,３６２　３５２６５,2023-01-08,2023-01-11,20,若松,一般,３２４　１３２１,2022-09-26,2022-10-01,20,若松,一般,２　６４４　４５３４４５
202610072009,2026-10-07,20,09R,4025,山本 隆幸,2025-10-31,2025-11-05,20,若松,一般,４１３２欠欠,2025-05-12,2025-05-15,20,若松,一般,５２２　１４２６,2024-07-30,2024-08-04,20,若松,一般,３　２４３　２３２４１３,2023-11-03,2023-11-08,20,若松,ＧⅠ,１　５　４５５　１５４２,2023-07-11,2023-07-16,20,若松,一般,１３４１転,3566,川添 英正,2026-07-18,2026-07-21,20,若松,一般,５６３２４　４,2026-03-10,2026-03-15,20,若松,ＧⅢ,２　２３３６３３６　１,2025-12-20,2025-12-25,20,若松,一般,２４２　２２４６２５１６,2025-04-18,2025-04-21,20,若松,一般,４２３　３５１３,2024-12-31,2025-01-06,20,若松,一般,５転５　３６４　２５５　５４,4992,廣瀬 篤哉,2026-07-18,2026-07-21,20,若松,一般,６１１６１４６４,2025-03-17,2025-03-22,20,若松,一般,６　２６５１６,2023-03-24,2023-03-27,20,若松,一般,２６４　５　１２,2023-01-08,2023-01-11,20,若松,一般,５　１２６３４１,2022-08-29,2022-09-04,20,若松,一般,５　２２６　５　３５３　６,4842,山下 昂大,2026-03-10,2026-03-15,20,若松,ＧⅢ,４２４　６２４　２４４,2025-04-18,2025-04-21,20,若松,一般,落５３　３　２２,2023-04-08,2023-04-11,20,若松,一般,４２５５５１落,2022-04-24,2022-04-29,20,若松,一般,４　２１２５１６２３３６,2021-09-08,2021-09-14,20,若松,一般,６４３３４５５　F６４　４,3419,栗原 謙治,2025-02-16,2025-02-20,20,若松,一般,５　５２４５２５６,2024-02-08,2024-02-13,20,若松,一般,４６２　４４４　５４１,2020-02-19,2020-02-23,20,若松,一般,３４４　４６１４２,2019-11-12,2019-11-18,20,若松,一般,２４５４２　２２６　３６２３,2019-05-16,2019-05-23,20,若松,一般,３　３６４４５　５　５,3578,塩田 雄一,2025-04-18,2025-04-21,20,若松,一般,４１１　５３４２,2024-08-06,2024-08-12,20,若松,一般,６　３２６　６６６　３６２４,2023-06-27,2023-06-30,20,若松,一般,４　４６１　３２,2022-02-28,2022-03-03,20,若松,一般,５　２６４２２２,2021-12-22,2021-12-25,20,若松,一般,５　６２１　４４
202610072010,2026-10-07,20,10R,4736,高倉 和士,2026-07-31,2026-08-03,20,若松,一般,１５２３１２[４],2026-01-01,2026-01-06,20,若松,一般,３　４５１４落欠,2025-11-07,2025-11-10,20,若松,一般,１４２　２１[２],2025-01-26,2025-01-30,20,若松,一般,３２　　３１,2024-11-25,2024-11-28,20,若松,一般,１６　　４２４３,3910,松下 知幸,2026-05-09,2026-05-12,20,若松,一般,６２１　５６１６,2025-12-20,2025-12-25,20,若松,一般,６　５６４　６５１　６,2025-02-16,2025-02-20,20,若松,一般,５　５２５５４　３４,2024-06-02,2024-06-07,20,若松,一般,１　４６６　６６１　４１,2023-09-26,2023-10-01,20,若松,ＧⅢ,５６３　６　５６３３６３,4748,渡邉 雄朗,2025-05-04,2025-05-09,20,若松,一般,１３２１３１４　２転,2020-10-01,2020-10-06,20,若松,ＧⅢ,１３２５６　６６１５５４,2017-07-18,2017-07-23,20,若松,一般,５　１６４５５４３１４,2016-05-18,2016-05-23,20,若松,一般,５４５　３　３６２,2015-10-17,2015-10-22,20,若松,一般,３３F　４　４３６　６,4287,今井 貴士,2026-07-25,2026-07-29,20,若松,一般,１５１　２１３１[４],2026-06-11,2026-06-15,20,若松,一般,１２３　２３３１[４],2026-05-01,2026-05-06,20,若松,一般,１４２３１　２　５１[６],2026-02-15,2026-02-20,20,若松,ＧⅠ,５　６　３３４４３４５,2026-01-01,2026-01-06,20,若松,一般,５４５１４　５１３　２２,5301,岩下 巧斗,2025-06-28,2025-07-03,20,若松,一般,５６２　３６１　６６３５,,,,,,,,,,,,,,,,,,,,,,,,,5027,重冨 勇哉,2026-03-01,2026-03-07,20,若松,一般,５４２　６　２４２　２　２１,2024-07-11,2024-07-16,20,若松,一般,４　６４２　３６５５１,2023-12-16,2023-12-22,20,若松,一般,２６２　１　２３６５２１,2023-05-31,2023-06-04,20,若松,一般,５３６３４　２６１,2021-01-24,2021-01-29,20,若松,一般,４１６　４　３６４　１５
202610072011,2026-10-07,20,11R,3721,守田 俊介,2025-03-25,2025-03-30,20,若松,ＳＧ,６　２　５６２　４４５,2024-09-27,2024-10-02,20,若松,ＧⅠ,４２１　６３５　５１５,2024-02-23,2024-02-27,20,若松,一般,５５５１１３２３２１,2023-04-18,2023-04-23,20,若松,ＧⅠ,１２１　５２３　５　３１,2021-05-25,2021-05-31,20,若松,ＳＧ,２４６　１　６６４　５４,4919,吉田 翔悟,2025-06-03,2025-06-08,20,若松,一般,６　１３２４３　３２６４,2025-02-01,2025-02-07,20,若松,一般,２２５　１２３１　　２１[],2024-07-06,2024-07-09,20,若松,一般,６　６４４　４１,2023-09-09,2023-09-12,20,若松,一般,１３２３３２[２],2022-09-26,2022-10-01,20,若松,一般,３５４　１４４６４　３５,3574,大神 康司,2026-08-17,2026-08-20,20,若松,一般,２５４　３１２４,2026-07-07,2026-07-12,20,若松,ＧⅢ,１　エ１４２５６２１６,2026-04-14,2026-04-19,20,若松,一般,１３１　２　２２２４２,2026-02-08,2026-02-11,20,若松,一般,１　４５３１２３,2025-11-26,2025-11-30,20,若松,一般,３１３　２３５６１４,4677,片橋 幸貴,2026-04-14,2026-04-19,20,若松,一般,１４２６１　３３転３１２,2025-03-25,2025-03-30,20,若松,ＳＧ,６　５１５　２　２１６,2024-09-02,2024-09-08,20,若松,一般,１５４　３１６５５　４２４１,2024-03-21,2024-03-25,20,若松,一般,１１１１,2023-01-08,2023-01-11,20,若松,一般,１６４　３５２,5037,田頭 虎親,2025-03-12,2025-03-15,20,若松,一般,５５４　１６５３,2024-12-03,2024-12-08,20,若松,ＧⅢ,１　３３４３１４１５４３,2024-06-02,2024-06-07,20,若松,一般,３４３１３６１　１３５１,2021-06-23,2021-06-28,20,若松,一般,１５４　１　４３４６１４,2021-01-10,2021-01-15,20,若松,一般,２５３　１６２４３６１６,4388,是澤 孝宏,2025-03-12,2025-03-15,20,若松,一般,３２４４２３１４,2024-08-26,2024-08-30,20,若松,一般,２１２５,2017-05-14,2017-05-18,20,若松,一般,３４１２１　１３１１,2017-03-15,2017-03-20,20,若松,ＧⅢ,２　転５５１３２１６６,2016-11-21,2016-11-26,20,若松,一般,１３４３２２１　３１[６]
202610072012,2026-10-07,20,12R,4964,土屋 南,2022-10-08,2022-10-10,20,若松,一般,３６６　１５,2019-06-17,2019-06-22,20,若松,一般,２　５４６５５　５　２２,2017-01-26,2017-01-30,20,若松,一般,５　落　５６６６６,,,,,,,,,,,,,5148,松本 怜,2025-08-15,2025-08-20,20,若松,一般,２　４６５　６５６　６６,2025-06-19,2025-06-24,20,若松,ＧⅢ,６　４５４　２６６　２１,2025-02-26,2025-03-03,20,若松,一般,２１５　５６２　２F３,2024-12-31,2025-01-06,20,若松,一般,３　１４４　１３５６２５２６,2024-04-16,2024-04-21,20,若松,一般,６５５　１　５３６　５,3579,中里 優子,2026-04-22,2026-04-27,20,若松,ＧⅢ,４６４　４２５３３　５,2025-11-26,2025-11-30,20,若松,一般,３６５６６　４５２,2024-01-30,2024-02-02,20,若松,一般,４１２　２５１５,2022-05-23,2022-05-29,20,若松,一般,４２３２５　１２４５２２,2021-09-19,2021-09-24,20,若松,ＧⅢ,１　４２４４３４５６３３,4714,喜多須 杏奈,2023-05-11,2023-05-16,20,若松,一般,１　６６２６５５４　５,2021-09-19,2021-09-24,20,若松,ＧⅢ,４　５３３５２１１　３３,2019-06-17,2019-06-22,20,若松,一般,１５６　５６４　６　１５,2017-09-13,2017-09-19,20,若松,ＧⅢ,４　５４５　１２６５５５,,,,,,,4900,中田 夕貴,2025-01-13,2025-01-19,20,若松,一般,２　５５２３４２１５３１１５,2023-12-03,2023-12-09,20,若松,一般,５１２　１２５　６６５５１５,2021-09-19,2021-09-24,20,若松,ＧⅢ,３３１１２　１５２１[２],2019-06-17,2019-06-22,20,若松,一般,１３６　３３４　６４１,,,,,,,5367,赤松 咲香,2025-09-14,2025-09-19,20,若松,一般,５　６　５４６　６６６５,,,,,,,,,,,,,,,,,,,,,,,,
202610072401,2026-10-07,24,01R,3871,池田 紫乃,2026-05-24,2026-05-29,24,大村,一般,６５２　２６２　３４５６,2026-05-07,2026-05-11,24,大村,一般,６５５　４５５　５５,2025-09-27,2025-10-02,24,大村,ＧⅢ,５４６　１４６　６　３２,2025-08-05,2025-08-09,24,大村,一般,６４２５４　４　１３,2025-05-19,2025-05-24,24,大村,一般,５　２２２　２５２　１６,4693,松下 誉士,2026-03-18,2026-03-22,24,大村,一般,５４４　４５３　２,2025-08-15,2025-08-18,24,大村,一般,６　５６４５５,2025-06-02,2025-06-05,24,大村,一般,４５２　６２６,2023-12-25,2023-12-30,24,大村,一般,３３２　３２５　１４１６,2023-04-24,2023-04-30,24,大村,一般,２　２４４４３４４６３５２６,3950,石川 哲秀,2025-12-13,2025-12-19,24,大村,一般,６６６　２３６　４　６３４,2024-03-17,2024-03-23,24,大村,一般,１　５　２４５６２６２　F５,2021-12-20,2021-12-24,24,大村,一般,４　５４５６５　５６,2021-11-26,2021-11-29,24,大村,一般,１　３５５５４６,2020-12-18,2020-12-21,24,大村,一般,４３４　４４１,5261,岡 暢祐,2026-07-22,2026-07-25,24,大村,一般,６　６６６　３４,2026-05-07,2026-05-11,24,大村,一般,６３１３１　４６４５,2026-02-26,2026-03-03,24,大村,一般,４　４１２　２３５F５,2026-01-03,2026-01-08,24,大村,一般,５５６５１　６４６　２４,2025-05-10,2025-05-14,24,大村,一般,３５６　６１４　F６,5144,中尾 彩香,2025-08-05,2025-08-09,24,大村,一般,５　６３５６４　６３,2025-04-22,2025-04-25,24,大村,一般,６　６４５　６,2025-01-19,2025-01-24,24,大村,一般,４４２５４　５４３　３,2023-07-11,2023-07-16,24,大村,ＧⅢ,６　３３２　５３４　２３,2022-07-27,2022-07-31,24,大村,一般,６　３６６　６６６,3282,池本 輝明,2026-06-06,2026-06-10,24,大村,一般,１５２　３２５６１５,2026-02-19,2026-02-23,24,大村,一般,１５５　４６４　４２,2025-10-26,2025-10-31,24,大村,ＧⅢ,１　６４４　６２３　５４,2025-06-02,2025-06-05,24,大村,一般,４　５４３　４３,2024-12-13,2024-12-16,24,大村,一般,１　４４１５２５
202610072402,2026-10-07,24,02R,4656,大崎 翔,2026-03-18,2026-03-22,24,大村,一般,３　４１３　１５４５,2025-08-20,2025-08-25,24,大村,一般,４　５３５　４４４２５,2024-01-21,2024-01-27,24,大村,一般,３　３２２　５４２４５２[５],2022-10-14,2022-10-18,24,大村,一般,４　６５２４３　３２,2022-06-17,2022-06-22,24,大村,一般,４　２４５　４５６　５５,4145,小澤 学,2025-09-14,2025-09-17,24,大村,一般,５　６６４　５６,2019-10-22,2019-10-25,24,大村,一般,４　３５２　４６,2018-06-25,2018-06-29,24,大村,一般,４３４　６１６　５４,2016-09-05,2016-09-08,24,大村,一般,４　４２４３１３,2016-01-31,2016-02-05,24,大村,一般,４　２６６　２６３　５５,4007,榮田 将彦,2025-10-26,2025-10-31,24,大村,ＧⅢ,３　F６５　５　６　６,2025-06-29,2025-07-02,24,大村,一般,５２１　１１[６],2023-09-25,2023-10-01,24,大村,一般,１　４　１５４６６　３　１５,2023-04-12,2023-04-17,24,大村,ＧⅡ,１６６　６５５　５５６５,2020-06-18,2020-06-21,24,大村,一般,２　２５１４１６,4739,中村 晃朋,2025-01-07,2025-01-10,24,大村,一般,２６１１１１[２],2023-07-19,2023-07-23,24,大村,一般,１　３４２３５２[３],2023-01-15,2023-01-19,24,大村,一般,２５３２１　１２[３],2022-06-30,2022-07-04,24,大村,一般,３４２１１転５２[４],2021-08-16,2021-08-21,24,大村,一般,４４１１２　１４３２[３],4874,池田 奈津美,2025-07-29,2025-08-03,24,大村,一般,３　１３４　２４欠欠,2025-03-27,2025-04-01,24,大村,一般,５５５　５２４　２　６５,2025-01-07,2025-01-10,24,大村,一般,２　２４６　５３,2023-10-19,2023-10-22,24,大村,一般,５３４１２　４,2023-09-07,2023-09-12,24,大村,一般,５　２６５２６２４　６,4409,坂元 浩仁,2026-06-17,2026-06-22,24,大村,ＧⅡ,５６６　３　５６４　２,2025-10-20,2025-10-24,24,大村,一般,６１４　４２２　６１,2025-05-10,2025-05-14,24,大村,一般,１　４５６５２　２１,2025-01-27,2025-02-01,24,大村,ＧⅡ,６　５５６　２　４６４,2024-07-08,2024-07-13,24,大村,一般,４１３　１１３２２１[１]
202610072403,2026-10-07,24,03R,3637,齋藤 和政,2026-06-01,2026-06-04,24,大村,一般,３１　　６　５３,2025-12-03,2025-12-06,24,大村,一般,１６６　６　６,2024-08-19,2024-08-25,24,大村,一般,３５３　５　３４４　５　４,2023-07-27,2023-07-31,24,大村,一般,５５３　１６３　２４,2023-01-26,2023-01-31,24,大村,ＧⅢ,２　４　１　３５２６１３,5177,松井 貫太,2025-08-05,2025-08-09,24,大村,一般,６３５　３５５　４２,2024-09-22,2024-09-26,24,大村,一般,２５５　４　５　５６,2024-02-01,2024-02-05,24,大村,一般,５　５５６　５５１,2023-12-25,2023-12-30,24,大村,一般,５　３５４　５　２　４５,2023-04-24,2023-04-30,24,大村,一般,３　５F５　６　６　６　５６,4156,浜野 孝志,2026-01-22,2026-01-28,24,大村,一般,２　１３５　２３１３３６５４,2024-11-03,2024-11-08,24,大村,一般,５　５５５　４３３　３,2023-10-03,2023-10-08,24,大村,一般,５　３３１　４１６２[６],2022-09-03,2022-09-08,24,大村,一般,１５４　５３１　５２,2022-02-16,2022-02-21,24,大村,一般,５　３４３６１３１６４５,3928,林 恵祐,2025-10-20,2025-10-24,24,大村,一般,５　５５５　５　５４,2024-07-03,2024-07-06,24,大村,一般,２６６　４５４,2023-04-24,2023-04-30,24,大村,一般,１５５　３２２６１４２５６５,2022-12-29,2023-01-01,24,大村,一般,４６１　３６３,2022-07-27,2022-07-31,24,大村,一般,５　５６２　６４３,5397,寺田 夢生,2026-08-12,2026-08-17,24,大村,ＧⅢ,６　６６６６６　６　４,,,,,,,,,,,,,,,,,,,,,,,,,4324,海野 康志郎,2025-06-02,2025-06-05,24,大村,一般,１１１１１１[１],2025-01-27,2025-02-01,24,大村,ＧⅡ,１　３３２　３　２　[５],2023-04-12,2023-04-17,24,大村,ＧⅡ,２　５６６　２６２５３１,2023-01-15,2023-01-19,24,大村,一般,４４４　２１２３１２,2022-06-17,2022-06-22,24,大村,一般,１２５　３１１２６１[１]
202610072404,2026-10-07,24,04R,3692,竹腰 正樹,2026-01-15,2026-01-20,24,大村,一般,５　３１２　４４２　１５,2025-01-19,2025-01-24,24,大村,一般,５２６　３　４４６　５３,2024-10-08,2024-10-14,24,大村,一般,６６５　２２４　３４５　１,2024-04-20,2024-04-25,24,大村,一般,６　１５５　２２６　２２,2023-10-03,2023-10-08,24,大村,一般,３　１３５　３２４　４６,5175,島崎 丈一朗,2024-10-26,2024-10-31,24,大村,一般,５５６　６欠,,,,,,,,,,,,,,,,,,,,,,,,,3302,谷川 里江,2024-09-06,2024-09-11,24,大村,ＧⅢ,３４１　３５６　３　３１,2022-07-18,2022-07-23,24,大村,一般,４１２５５１３６１６１２,2022-01-03,2022-01-08,24,大村,ＧⅢ,６　１４６３２２１５２６,2019-03-14,2019-03-19,24,大村,ＧⅢ,３２２５１　１３４４４５,2017-12-26,2017-12-31,24,大村,ＧⅠ,５１６１２　１６２　[５],4737,竹井 貴史,2026-06-06,2026-06-10,24,大村,一般,１３２　３１２３３１,2026-01-22,2026-01-28,24,大村,一般,１　１３１　３３２２１２[５],2025-09-19,2025-09-24,24,大村,一般,２２２　２１２　５１[４],2025-02-10,2025-02-15,24,大村,ＧⅠ,２４２　６　４２１４４,2024-06-19,2024-06-23,24,大村,一般,３４３１２２１１[３],4632,長尾 京志郎,2026-06-06,2026-06-10,24,大村,一般,２２６　４　５３５,2026-01-15,2026-01-20,24,大村,一般,６５５６３　５　４　５４,2025-09-19,2025-09-24,24,大村,一般,３　５６１６６３３　転６,2025-03-27,2025-04-01,24,大村,一般,２５４　４　２１４６６５,2024-08-05,2024-08-11,24,大村,一般,３　３５１　３４４　６４１４,4064,原田 篤志,2026-06-26,2026-07-02,24,大村,一般,２２５１５２２　３　４２[３],2026-01-15,2026-01-20,24,大村,一般,３１４　４５３１１５３６,2025-07-29,2025-08-03,24,大村,一般,１３１３２　２１５１[１],2024-02-01,2024-02-05,24,大村,一般,２６２　１３２２[６],2023-09-17,2023-09-22,24,大村,一般,３２５１２　２６２３１２
202610072405,2026-10-07,24,05R,3303,渡辺 豊,2026-06-06,2026-06-10,24,大村,一般,２３４　５３３　２,2025-11-03,2025-11-06,24,大村,一般,１　４３４２[４],2025-04-07,2025-04-11,24,大村,一般,４１３　１４１６４４,2023-06-20,2023-06-23,24,大村,一般,２３１　６２[５],2022-07-27,2022-07-31,24,大村,一般,１　５３１２４１３,5338,香月 大輝,2026-06-06,2026-06-10,24,大村,一般,４３５　５　２５５４,2025-06-07,2025-06-10,24,大村,一般,５６５　６　６,2024-08-19,2024-08-25,24,大村,一般,４　６６６　５６６　６　６５,2024-06-04,2024-06-09,24,大村,一般,２　６　６４６　６　６３,,,,,,,5246,楠 将太郎,2026-04-18,2026-04-23,24,大村,一般,２　５４３　１１４３１２,2024-06-19,2024-06-23,24,大村,一般,３　６　４１３　１５,2023-09-17,2023-09-22,24,大村,一般,３　５５６６５　６　６４,2023-06-26,2023-06-29,24,大村,一般,４　転６,,,,,,,5193,米丸 乃絵,2025-12-26,2025-12-31,24,大村,ＧⅠ,３５３　２４１　４　１３,2025-09-27,2025-10-02,24,大村,ＧⅢ,転３５　３　１２２１５１,2025-04-28,2025-05-03,24,大村,一般,２５５３１　４１１　３１,2025-01-07,2025-01-10,24,大村,一般,３　５３４　６２,2023-10-19,2023-10-22,24,大村,一般,１１２３３４４４,4888,金児 隆太,2025-10-14,2025-10-18,24,大村,一般,２６４６４４５　２,2025-01-27,2025-02-01,24,大村,ＧⅡ,５　４　４６６　５５６,2024-11-25,2024-11-30,24,大村,一般,３　５２１　５４２５２２,2022-04-16,2022-04-19,24,大村,一般,２１５３２５１５,2020-09-07,2020-09-13,24,大村,一般,６３２４１落５３３４４,4043,桐本 康臣,2025-10-14,2025-10-18,24,大村,一般,１５２　４１１６３３,2024-09-22,2024-09-26,24,大村,一般,４２１　２３１４４３,2024-06-19,2024-06-23,24,大村,一般,６　４５１４２５１,2023-09-07,2023-09-12,24,大村,一般,３１１６３　３３３１[２],2023-03-10,2023-03-15,24,大村,一般,３６４３３３６
202610072406,2026-10-07,24,06R,4012,中村 有裕,2025-10-26,2025-10-31,24,大村,ＧⅢ,２　５３１　３５５６３５,2024-06-04,2024-06-09,24,大村,一般,４６６　２２５５,2023-08-14,2023-08-20,24,大村,一般,４３２　１２３　２３５１[５],2021-12-09,2021-12-12,24,大村,一般,２４１　３１[４],2021-07-29,2021-08-03,24,大村,一般,４５４　３５１３１２３１,3871,池田 紫乃,2026-05-24,2026-05-29,24,大村,一般,６５２　２６２　３４５６,2026-05-07,2026-05-11,24,大村,一般,６５５　４５５　５５,2025-09-27,2025-10-02,24,大村,ＧⅢ,５４６　１４６　６　３２,2025-08-05,2025-08-09,24,大村,一般,６４２５４　４　１３,2025-05-19,2025-05-24,24,大村,一般,５　２２２　２５２　１６,4159,向後 龍一,2026-04-07,2026-04-13,24,大村,一般,４２２　２４２　３４１６１４,2025-08-28,2025-09-03,24,大村,一般,５　４２２　４５２　５１２６,2025-01-19,2025-01-24,24,大村,一般,４　２４３３３　２５２１,2024-02-01,2024-02-05,24,大村,一般,１　５４２２３６２５,2023-10-03,2023-10-08,24,大村,一般,１２転　５３５　２転,5343,小林 礼央,2026-07-14,2026-07-17,24,大村,一般,５　２２６２[６],2026-04-18,2026-04-23,24,大村,一般,４４６　４４４　５　６４,2024-12-07,2024-12-11,24,大村,一般,５　６　５６３　２,2024-07-03,2024-07-06,24,大村,一般,６　５６６　５６,,,,,,,4760,山崎 郡,2025-08-28,2025-09-03,24,大村,一般,３６３　１６４　１４１６１４,2024-04-07,2024-04-12,24,大村,ＧⅠ,３３４　５６６　６５２,2022-12-13,2022-12-18,24,大村,ＳＧ,４　４４４　１　３３１,2022-03-16,2022-03-21,24,大村,ＳＧ,２　４５３　１　６　５２,2021-06-14,2021-06-20,24,大村,一般,３１１１２　２１１１２１[１],5458,,,,,,,,,,,,,,,,,,,,,,,,,,,,,,,
202610072407,2026-10-07,24,07R,4640,山ノ内 雅人,2026-06-26,2026-07-02,24,大村,一般,４３４　１４３　１４１５２４,2025-02-10,2025-02-15,24,大村,ＧⅠ,１　６３５４３　２２５,2024-09-14,2024-09-19,24,大村,一般,１２５　２２２６１３２１,2023-07-19,2023-07-23,24,大村,一般,６３２　１４１３２２,2021-09-15,2021-09-22,24,大村,一般,１　４５１３２３１３２２[５],4409,坂元 浩仁,2026-06-17,2026-06-22,24,大村,ＧⅡ,５６６　３　５６４　２,2025-10-20,2025-10-24,24,大村,一般,６１４　４２２　６１,2025-05-10,2025-05-14,24,大村,一般,１　４５６５２　２１,2025-01-27,2025-02-01,24,大村,ＧⅡ,６　５５６　２　４６４,2024-07-08,2024-07-13,24,大村,一般,４１３　１１３２２１[１],4693,松下 誉士,2026-03-18,2026-03-22,24,大村,一般,５４４　４５３　２,2025-08-15,2025-08-18,24,大村,一般,６　５６４５５,2025-06-02,2025-06-05,24,大村,一般,４５２　６２６,2023-12-25,2023-12-30,24,大村,一般,３３２　３２５　１４１６,2023-04-24,2023-04-30,24,大村,一般,２　２４４４３４４６３５２６,5344,谷口 丞,2025-09-14,2025-09-17,24,大村,一般,転６６　６　３５,,,,,,,,,,,,,,,,,,,,,,,,,5285,若林 麗,2026-02-26,2026-03-03,24,大村,一般,４　２２４　１６６　１５,,,,,,,,,,,,,,,,,,,,,,,,,5397,寺田 夢生,2026-08-12,2026-08-17,24,大村,ＧⅢ,６　６６６６６　６　４,,,,,,,,,,,,,,,,,,,,,,,,
202610072408,2026-10-07,24,08R,4574,東 潤樹,2025-07-29,2025-08-03,24,大村,一般,３　５　２３５２３　１１,2025-04-14,2025-04-18,24,大村,一般,２４４　２　２４５５,2024-07-03,2024-07-06,24,大村,一般,５５５　４５５,2023-01-09,2023-01-13,24,大村,一般,４１５　１５３３１４,2022-09-27,2022-09-30,24,大村,一般,６２２　２３５５,4324,海野 康志郎,2025-06-02,2025-06-05,24,大村,一般,１１１１１１[１],2025-01-27,2025-02-01,24,大村,ＧⅡ,１　３３２　３　２　[５],2023-04-12,2023-04-17,24,大村,ＧⅡ,２　５６６　２６２５３１,2023-01-15,2023-01-19,24,大村,一般,４４４　２１２３１２,2022-06-17,2022-06-22,24,大村,一般,１２５　３１１２６１[１],5261,岡 暢祐,2026-07-22,2026-07-25,24,大村,一般,６　６６６　３４,2026-05-07,2026-05-11,24,大村,一般,６３１３１　４６４５,2026-02-26,2026-03-03,24,大村,一般,４　４１２　２３５F５,2026-01-03,2026-01-08,24,大村,一般,５５６５１　６４６　２４,2025-05-10,2025-05-14,24,大村,一般,３５６　６１４　F６,3730,塩崎 優司,2025-10-26,2025-10-31,24,大村,ＧⅢ,２５６６１５２　４６３,2025-06-22,2025-06-25,24,大村,一般,６　５３１　４５,2024-09-29,2024-10-04,24,大村,一般,２　６３１　１４１６３５,2023-12-16,2023-12-20,24,大村,一般,１６２４３　３６２６,2022-11-18,2022-11-21,24,大村,一般,４　２６６５３２,5175,島崎 丈一朗,2024-10-26,2024-10-31,24,大村,一般,５５６　６欠,,,,,,,,,,,,,,,,,,,,,,,,,5459,,,,,,,,,,,,,,,,,,,,,,,,,,,,,,,
202610072409,2026-10-07,24,09R,5246,楠 将太郎,2026-04-18,2026-04-23,24,大村,一般,２　５４３　１１４３１２,2024-06-19,2024-06-23,24,大村,一般,３　６　４１３　１５,2023-09-17,2023-09-22,24,大村,一般,３　５５６６５　６　６４,2023-06-26,2023-06-29,24,大村,一般,４　転６,,,,,,,5144,中尾 彩香,2025-08-05,2025-08-09,24,大村,一般,５　６３５６４　６３,2025-04-22,2025-04-25,24,大村,一般,６　６４５　６,2025-01-19,2025-01-24,24,大村,一般,４４２５４　５４３　３,2023-07-11,2023-07-16,24,大村,ＧⅢ,６　３３２　５３４　２３,2022-07-27,2022-07-31,24,大村,一般,６　３６６　６６６,4739,中村 晃朋,2025-01-07,2025-01-10,24,大村,一般,２６１１１１[２],2023-07-19,2023-07-23,24,大村,一般,１　３４２３５２[３],2023-01-15,2023-01-19,24,大村,一般,２５３２１　１２[３],2022-06-30,2022-07-04,24,大村,一般,３４２１１転５２[４],2021-08-16,2021-08-21,24,大村,一般,４４１１２　１４３２[３],4004,山本 浩輔,2026-09-28,2026-10-02,24,大村,一般,２３６　１４２６１３,2026-08-06,2026-08-10,24,大村,一般,４４３　３４３２４３,2026-07-14,2026-07-17,24,大村,一般,３　１５４５１５,2026-04-07,2026-04-13,24,大村,一般,３　２６５　１３４　F　６,2026-01-03,2026-01-08,24,大村,一般,３　４３１１１２５３４２,3661,柳瀬 興志,2025-07-29,2025-08-03,24,大村,一般,２　３４４　２４３４４２,2024-03-26,2024-04-01,24,大村,一般,５　２６３　３４２　５　６,2022-10-14,2022-10-18,24,大村,一般,２５３６４　４６４,2022-08-17,2022-08-20,24,大村,一般,６　４２５　６３,2021-12-09,2021-12-12,24,大村,一般,５１３３３４３,3302,谷川 里江,2024-09-06,2024-09-11,24,大村,ＧⅢ,３４１　３５６　３　３１,2022-07-18,2022-07-23,24,大村,一般,４１２５５１３６１６１２,2022-01-03,2022-01-08,24,大村,ＧⅢ,６　１４６３２２１５２６,2019-03-14,2019-03-19,24,大村,ＧⅢ,３２２５１　１３４４４５,2017-12-26,2017-12-31,24,大村,ＧⅠ,５１６１２　１６２　[５]
202610072410,2026-10-07,24,10R,5193,米丸 乃絵,2025-12-26,2025-12-31,24,大村,ＧⅠ,３５３　２４１　４　１３,2025-09-27,2025-10-02,24,大村,ＧⅢ,転３５　３　１２２１５１,2025-04-28,2025-05-03,24,大村,一般,２５５３１　４１１　３１,2025-01-07,2025-01-10,24,大村,一般,３　５３４　６２,2023-10-19,2023-10-22,24,大村,一般,１１２３３４４４,4064,原田 篤志,2026-06-26,2026-07-02,24,大村,一般,２２５１５２２　３　４２[３],2026-01-15,2026-01-20,24,大村,一般,３１４　４５３１１５３６,2025-07-29,2025-08-03,24,大村,一般,１３１３２　２１５１[１],2024-02-01,2024-02-05,24,大村,一般,２６２　１３２２[６],2023-09-17,2023-09-22,24,大村,一般,３２５１２　２６２３１２,3282,池本 輝明,2026-06-06,2026-06-10,24,大村,一般,１５２　３２５６１５,2026-02-19,2026-02-23,24,大村,一般,１５５　４６４　４２,2025-10-26,2025-10-31,24,大村,ＧⅢ,１　６４４　６２３　５４,2025-06-02,2025-06-05,24,大村,一般,４　５４３　４３,2024-12-13,2024-12-16,24,大村,一般,１　４４１５２５,4894,原村 拓也,2025-03-20,2025-03-23,24,大村,一般,５６２　５　４６,2024-12-07,2024-12-11,24,大村,一般,２３３　４　１４４４,2024-04-27,2024-04-30,24,大村,一般,２３４　４６２４,2020-07-17,2020-07-21,24,大村,一般,４　５６３　４　１４,2019-12-16,2019-12-20,24,大村,一般,４　４４６　５４５,5458,,,,,,,,,,,,,,,,,,,,,,,,,,,,,,,,3535,渡 修平,2026-06-26,2026-07-02,24,大村,一般,６　３１５　５１１６２　３６,2025-12-13,2025-12-19,24,大村,一般,５３４　２６１　４６５　５,2025-08-20,2025-08-25,24,大村,一般,５３５　４３５　６　６６,2025-04-22,2025-04-25,24,大村,一般,６４４　６５２,2024-09-14,2024-09-19,24,大村,一般,３　２６５　２５５　２４
202610072411,2026-10-07,24,11R,4737,竹井 貴史,2026-06-06,2026-06-10,24,大村,一般,１３２　３１２３３１,2026-01-22,2026-01-28,24,大村,一般,１　１３１　３３２２１２[５],2025-09-19,2025-09-24,24,大村,一般,２２２　２１２　５１[４],2025-02-10,2025-02-15,24,大村,ＧⅠ,２４２　６　４２１４４,2024-06-19,2024-06-23,24,大村,一般,３４３１２２１１[３],3950,石川 哲秀,2025-12-13,2025-12-19,24,大村,一般,６６６　２３６　４　６３４,2024-03-17,2024-03-23,24,大村,一般,１　５　２４５６２６２　F５,2021-12-20,2021-12-24,24,大村,一般,４　５４５６５　５６,2021-11-26,2021-11-29,24,大村,一般,１　３５５５４６,2020-12-18,2020-12-21,24,大村,一般,４３４　４４１,4043,桐本 康臣,2025-10-14,2025-10-18,24,大村,一般,１５２　４１１６３３,2024-09-22,2024-09-26,24,大村,一般,４２１　２３１４４３,2024-06-19,2024-06-23,24,大村,一般,６　４５１４２５１,2023-09-07,2023-09-12,24,大村,一般,３１１６３　３３３１[２],2023-03-10,2023-03-15,24,大村,一般,３６４３３３６,3637,齋藤 和政,2026-06-01,2026-06-04,24,大村,一般,３１　　６　５３,2025-12-03,2025-12-06,24,大村,一般,１６６　６　６,2024-08-19,2024-08-25,24,大村,一般,３５３　５　３４４　５　４,2023-07-27,2023-07-31,24,大村,一般,５５３　１６３　２４,2023-01-26,2023-01-31,24,大村,ＧⅢ,２　４　１　３５２６１３,4007,榮田 将彦,2025-10-26,2025-10-31,24,大村,ＧⅢ,３　F６５　５　６　６,2025-06-29,2025-07-02,24,大村,一般,５２１　１１[６],2023-09-25,2023-10-01,24,大村,一般,１　４　１５４６６　３　１５,2023-04-12,2023-04-17,24,大村,ＧⅡ,１６６　６５５　５５６５,2020-06-18,2020-06-21,24,大村,一般,２　２５１４１６,4159,向後 龍一,2026-04-07,2026-04-13,24,大村,一般,４２２　２４２　３４１６１４,2025-08-28,2025-09-03,24,大村,一般,５　４２２　４５２　５１２６,2025-01-19,2025-01-24,24,大村,一般,４　２４３３３　２５２１,2024-02-01,2024-02-05,24,大村,一般,１　５４２２３６２５,2023-10-03,2023-10-08,24,大村,一般,１２転　５３５　２転
202610072412,2026-10-07,24,12R,4760,山崎 郡,2025-08-28,2025-09-03,24,大村,一般,３６３　１６４　１４１６１４,2024-04-07,2024-04-12,24,大村,ＧⅠ,３３４　５６６　６５２,2022-12-13,2022-12-18,24,大村,ＳＧ,４　４４４　１　３３１,2022-03-16,2022-03-21,24,大村,ＳＧ,２　４５３　１　６　５２,2021-06-14,2021-06-20,24,大村,一般,３１１１２　２１１１２１[１],4632,長尾 京志郎,2026-06-06,2026-06-10,24,大村,一般,２２６　４　５３５,2026-01-15,2026-01-20,24,大村,一般,６５５６３　５　４　５４,2025-09-19,2025-09-24,24,大村,一般,３　５６１６６３３　転６,2025-03-27,2025-04-01,24,大村,一般,２５４　４　２１４６６５,2024-08-05,2024-08-11,24,大村,一般,３　３５１　３４４　６４１４,4574,東 潤樹,2025-07-29,2025-08-03,24,大村,一般,３　５　２３５２３　１１,2025-04-14,2025-04-18,24,大村,一般,２４４　２　２４５５,2024-07-03,2024-07-06,24,大村,一般,５５５　４５５,2023-01-09,2023-01-13,24,大村,一般,４１５　１５３３１４,2022-09-27,2022-09-30,24,大村,一般,６２２　２３５５,5338,香月 大輝,2026-06-06,2026-06-10,24,大村,一般,４３５　５　２５５４,2025-06-07,2025-06-10,24,大村,一般,５６５　６　６,2024-08-19,2024-08-25,24,大村,一般,４　６６６　５６６　６　６５,2024-06-04,2024-06-09,24,大村,一般,２　６　６４６　６　６３,,,,,,,5344,谷口 丞,2025-09-14,2025-09-17,24,大村,一般,転６６　６　３５,,,,,,,,,,,,,,,,,,,,,,,,,4156,浜野 孝志,2026-01-22,2026-01-28,24,大村,一般,２　１３５　２３１３３６５４,2024-11-03,2024-11-08,24,大村,一般,５　５５５　４３３　３,2023-10-03,2023-10-08,24,大村,一般,５　３３１　４１６２[６],2022-09-03,2022-09-08,24,大村,一般,１５４　５３１　５２,2022-02-16,2022-02-21,24,大村,一般,５　３４３６１３１６４５
