レースコード,レース日,レース場コード,レース回,艇1_登録番号,艇1_選手名,艇1_前1節_開始日,艇1_前1節_終了日,艇1_前1節_場コード,艇1_前1節_場名,艇1_前1節_グレード,艇1_前1節_着順列,艇1_前2節_開始日,艇1_前2節_終了日,艇1_前2節_場コード,艇1_前2節_場名,艇1_前2節_グレード,艇1_前2節_着順列,艇1_前3節_開始日,艇1_前3節_終了日,艇1_前3節_場コード,艇1_前3節_場名,艇1_前3節_グレード,艇1_前3節_着順列,艇1_前4節_開始日,艇1_前4節_終了日,艇1_前4節_場コード,艇1_前4節_場名,艇1_前4節_グレード,艇1_前4節_着順列,艇1_前5節_開始日,艇1_前5節_終了日,艇1_前5節_場コード,艇1_前5節_場名,艇1_前5節_グレード,艇1_前5節_着順列,艇2_登録番号,艇2_選手名,艇2_前1節_開始日,艇2_前1節_終了日,艇2_前1節_場コード,艇2_前1節_場名,艇2_前1節_グレード,艇2_前1節_着順列,艇2_前2節_開始日,艇2_前2節_終了日,艇2_前2節_場コード,艇2_前2節_場名,艇2_前2節_グレード,艇2_前2節_着順列,艇2_前3節_開始日,艇2_前3節_終了日,艇2_前3節_場コード,艇2_前3節_場名,艇2_前3節_グレード,艇2_前3節_着順列,艇2_前4節_開始日,艇2_前4節_終了日,艇2_前4節_場コード,艇2_前4節_場名,艇2_前4節_グレード,艇2_前4節_着順列,艇2_前5節_開始日,艇2_前5節_終了日,艇2_前5節_場コード,艇2_前5節_場名,艇2_前5節_グレード,艇2_前5節_着順列,艇3_登録番号,艇3_選手名,艇3_前1節_開始日,艇3_前1節_終了日,艇3_前1節_場コード,艇3_前1節_場名,艇3_前1節_グレード,艇3_前1節_着順列,艇3_前2節_開始日,艇3_前2節_終了日,艇3_前2節_場コード,艇3_前2節_場名,艇3_前2節_グレード,艇3_前2節_着順列,艇3_前3節_開始日,艇3_前3節_終了日,艇3_前3節_場コード,艇3_前3節_場名,艇3_前3節_グレード,艇3_前3節_着順列,艇3_前4節_開始日,艇3_前4節_終了日,艇3_前4節_場コード,艇3_前4節_場名,艇3_前4節_グレード,艇3_前4節_着順列,艇3_前5節_開始日,艇3_前5節_終了日,艇3_前5節_場コード,艇3_前5節_場名,艇3_前5節_グレード,艇3_前5節_着順列,艇4_登録番号,艇4_選手名,艇4_前1節_開始日,艇4_前1節_終了日,艇4_前1節_場コード,艇4_前1節_場名,艇4_前1節_グレード,艇4_前1節_着順列,艇4_前2節_開始日,艇4_前2節_終了日,艇4_前2節_場コード,艇4_前2節_場名,艇4_前2節_グレード,艇4_前2節_着順列,艇4_前3節_開始日,艇4_前3節_終了日,艇4_前3節_場コード,艇4_前3節_場名,艇4_前3節_グレード,艇4_前3節_着順列,艇4_前4節_開始日,艇4_前4節_終了日,艇4_前4節_場コード,艇4_前4節_場名,艇4_前4節_グレード,艇4_前4節_着順列,艇4_前5節_開始日,艇4_前5節_終了日,艇4_前5節_場コード,艇4_前5節_場名,艇4_前5節_グレード,艇4_前5節_着順列,艇5_登録番号,艇5_選手名,艇5_前1節_開始日,艇5_前1節_終了日,艇5_前1節_場コード,艇5_前1節_場名,艇5_前1節_グレード,艇5_前1節_着順列,艇5_前2節_開始日,艇5_前2節_終了日,艇5_前2節_場コード,艇5_前2節_場名,艇5_前2節_グレード,艇5_前2節_着順列,艇5_前3節_開始日,艇5_前3節_終了日,艇5_前3節_場コード,艇5_前3節_場名,艇5_前3節_グレード,艇5_前3節_着順列,艇5_前4節_開始日,艇5_前4節_終了日,艇5_前4節_場コード,艇5_前4節_場名,艇5_前4節_グレード,艇5_前4節_着順列,艇5_前5節_開始日,艇5_前5節_終了日,艇5_前5節_場コード,艇5_前5節_場名,艇5_前5節_グレード,艇5_前5節_着順列,艇6_登録番号,艇6_選手名,艇6_前1節_開始日,艇6_前1節_終了日,艇6_前1節_場コード,艇6_前1節_場名,艇6_前1節_グレード,艇6_前1節_着順列,艇6_前2節_開始日,艇6_前2節_終了日,艇6_前2節_場コード,艇6_前2節_場名,艇6_前2節_グレード,艇6_前2節_着順列,艇6_前3節_開始日,艇6_前3節_終了日,艇6_前3節_場コード,艇6_前3節_場名,艇6_前3節_グレード,艇6_前3節_着順列,艇6_前4節_開始日,艇6_前4節_終了日,艇6_前4節_場コード,艇6_前4節_場名,艇6_前4節_グレード,艇6_前4節_着順列,艇6_前5節_開始日,艇6_前5節_終了日,艇6_前5節_場コード,艇6_前5節_場名,艇6_前5節_グレード,艇6_前5節_着順列
202607130301,2026-07-13,03,01R,5133,堀越 雄貴,2026-06-25,2026-06-30,01,桐生,ＧⅢ,４６２　１６２　３３１,2026-06-14,2026-06-17,12,住之江,一般,F４４,2026-05-25,2026-05-30,17,宮島,一般,６　２２３　４６１　４４,2026-05-13,2026-05-18,19,下関,一般,４　３２１４３　３４１５,2026-04-27,2026-05-02,05,多摩川,一般,１４２　１　３３３４１３,5186,遠藤 圭吾,2026-06-30,2026-07-04,19,下関,一般,４　２５３　５５１４,2026-06-20,2026-06-25,15,丸亀,一般,３　３６６　６５４　２４,2026-06-02,2026-06-08,10,三国,一般,４　２１２６２　１５１２,2026-05-22,2026-05-27,13,尼崎,一般,２５３　６５３　６　１３,2026-05-09,2026-05-14,11,びわこ,一般,３４３　４４２　１３２,5369,岡崎 凪汰,2026-06-29,2026-07-03,11,びわこ,一般,４　６５５　５１５,2026-05-22,2026-05-27,13,尼崎,一般,４４５　４　５６５　妨,2026-05-07,2026-05-11,24,大村,一般,４　３６５４６　６５,2026-04-18,2026-04-23,24,大村,一般,３５４　５４２　２１３,2026-04-09,2026-04-15,15,丸亀,一般,６　５F６　６　６　５　６,5394,福西 広太郎,2026-07-02,2026-07-07,04,平和島,一般,６５５　６５４　５　４,2026-06-22,2026-06-27,22,福岡,一般,６　６５３　５５６　４転,2026-06-11,2026-06-16,03,江戸川,一般,６５６　６エ６　５５６６,2026-06-02,2026-06-08,10,三国,一般,４　３１５６５　５４３,2026-05-22,2026-05-27,13,尼崎,一般,３６６　４４４　３　３４,5349,宮崎 奏磨,2026-06-30,2026-07-05,06,浜名湖,一般,６　５F６　６　転　６,2026-06-16,2026-06-21,09,津,一般,６　６６６　６　６６６６,2026-05-23,2026-05-28,10,三国,一般,５　６４６　６６６　６６,2026-05-03,2026-05-08,08,常滑,一般,６　６６６　６４６　５６,2026-04-24,2026-04-29,08,常滑,一般,６　転５６　５６６　６５,3313,本吉 正樹,2026-06-29,2026-07-03,11,びわこ,一般,１２６　４６４　５４,2026-06-20,2026-06-25,06,浜名湖,一般,６　４６２　６６６　２５,2026-05-28,2026-06-02,01,桐生,一般,４　１４１　５６４２,2026-05-11,2026-05-15,08,常滑,一般,５２６５６　２　４２,2026-04-26,2026-05-01,03,江戸川,一般,３３４　４　６　３３５４
202607130302,2026-07-13,03,02R,4197,渥美 卓郎,2026-06-26,2026-07-01,17,宮島,一般,６　５６５,2026-06-17,2026-06-22,05,多摩川,一般,５　１５６　１４２５４,2026-06-01,2026-06-05,19,下関,一般,５　３５６　１　５３,2026-05-16,2026-05-19,06,浜名湖,一般,６　６４１４５６,2026-05-03,2026-05-08,08,常滑,一般,６６６　３５５　５　１３,5345,牧村 俊輝,2026-06-29,2026-07-04,08,常滑,一般,３３５　４３６　５　２６,2026-06-20,2026-06-25,15,丸亀,一般,５５６　５４２　６　６４,2026-06-09,2026-06-13,07,蒲郡,一般,　　　　　　　　５３,2026-06-02,2026-06-08,10,三国,一般,４４３　４６５　６　５４,2026-05-22,2026-05-27,13,尼崎,一般,６５６　６　２５２　４,5109,川崎 智稔,2026-06-28,2026-07-03,20,若松,一般,２　５６３　５６３　５,2026-06-17,2026-06-22,05,多摩川,一般,２　２４５　１５３６１５,2026-06-03,2026-06-08,21,芦屋,一般,４　４２４３６　３３２,2026-05-19,2026-05-23,16,児島,一般,２６６４４　５２２,2026-05-09,2026-05-14,09,津,ＧⅢ,５６３　６６５　６　６,4122,安東 幸治,2026-06-29,2026-07-04,08,常滑,一般,３　３１２６２２２４３４,2026-06-18,2026-06-21,20,若松,一般,１　３４５４４６,2026-06-07,2026-06-12,09,津,一般,４３５　２４５　２　２６,2026-05-25,2026-05-31,07,蒲郡,一般,４　６４５５１　１２５３２,2026-05-09,2026-05-14,11,びわこ,一般,２５４１３　２２３２[５],5411,木下 虎之輔,2026-07-02,2026-07-07,04,平和島,一般,４　２６６４６　５　５６,2026-06-13,2026-06-16,06,浜名湖,一般,６３４　６６６６,2026-05-06,2026-05-11,05,多摩川,一般,６　３６５４６　６　４６,2026-04-18,2026-04-21,07,蒲郡,一般,６　６５６　６６,2026-03-25,2026-03-30,04,平和島,一般,５６６　５　５６４　F６,4879,山崎 鉄平,2026-06-28,2026-07-03,20,若松,一般,３　２１６　３２５　３５,2026-06-21,2026-06-24,19,下関,一般,１２４　４５３６,2026-06-05,2026-06-10,18,徳山,一般,６６５　３５２　５　６３,2026-05-20,2026-05-25,09,津,一般,３　２１５６２４３　３６,2026-05-06,2026-05-10,21,芦屋,一般,２６２　５５３１４５
202607130303,2026-07-13,03,03R,4740,齋藤 達希,2026-07-02,2026-07-07,04,平和島,一般,３６６　５　２５６　５１,2026-06-25,2026-06-30,01,桐生,ＧⅢ,３３４　６６３　５　６５,2026-06-09,2026-06-14,23,からつ,一般,２　２２４６５　５　５１,2026-05-24,2026-05-28,21,芦屋,一般,６　４４５２６　４１,2026-05-16,2026-05-19,06,浜名湖,一般,３４１６１　３４,3202,三品 隆浩,2026-06-24,2026-06-29,09,津,一般,６　５６５　５１３５２,2026-06-09,2026-06-14,11,びわこ,一般,２３２　４５５　５６４,2026-05-24,2026-05-28,21,芦屋,一般,２４６　２４４　６５,2026-05-06,2026-05-11,05,多摩川,一般,５４４　４　５５３４５,2026-04-26,2026-05-01,03,江戸川,一般,２１３　５５２　２１１６,4787,椎名 豊,2026-06-30,2026-07-05,06,浜名湖,一般,１１１　１１２　１１[１],2026-06-17,2026-06-22,13,尼崎,一般,４１１３１　１２２６１６,2026-06-07,2026-06-11,05,多摩川,一般,２１２１１１２２[３],2026-05-26,2026-05-31,15,丸亀,ＧⅢ,２３１　５１４２６１[５],2026-05-14,2026-05-19,02,戸田,一般,１４３　２１２１２１[２],5082,一色 凌雅,2026-06-30,2026-07-05,06,浜名湖,一般,２２１　６２１２６５１３,2026-06-21,2026-06-26,16,児島,一般,４４落,2026-06-11,2026-06-16,10,三国,一般,４４１　３１２　３２[５],2026-05-25,2026-05-31,03,江戸川,一般,６３３　２６１　２　エ欠,2026-05-12,2026-05-16,04,平和島,一般,６　２３５　４１６２,4420,津久井 拓也,2026-06-30,2026-07-05,16,児島,ＧⅡ,４　６　６６６　４５５,2026-06-17,2026-06-22,24,大村,ＧⅡ,４　４５１　４　２２２２,2026-06-05,2026-06-10,18,徳山,一般,６５４６５　１４３　４１,2026-05-23,2026-05-27,12,住之江,一般,３　２２２６２４３５,2026-05-11,2026-05-16,03,江戸川,ＧⅡ,　　４４４　５４５　３６,4277,金田 大輔,2026-06-29,2026-07-03,11,びわこ,一般,５５４　４　４６６,2026-06-21,2026-06-24,19,下関,一般,３　６２１６５６,2026-06-07,2026-06-12,09,津,一般,３５３　６４２　５４１,2026-05-19,2026-05-24,08,常滑,一般,１　４２５　５４５３２,2026-05-02,2026-05-07,16,児島,一般,２　３２１６１　３３５２
202607130304,2026-07-13,03,04R,5315,浅井 翼,2026-06-30,2026-07-04,19,下関,一般,６　４５２　２４６４,2026-06-20,2026-06-25,15,丸亀,一般,６　５６６　３２６　５４,2026-06-05,2026-06-10,18,徳山,一般,５６６　５　４６５　６６,2026-04-26,2026-05-01,03,江戸川,一般,６６６　６４６　６６６６,2026-04-17,2026-04-20,23,からつ,一般,６　６６６６６６,5026,安河内 健,2026-06-29,2026-07-04,08,常滑,一般,１６３３１１２　１３５１,2026-06-16,2026-06-21,18,徳山,ＧⅢ,３　６６４５５５,2026-06-03,2026-06-08,21,芦屋,一般,１５５１３　６２２５１５,2026-05-20,2026-05-25,09,津,一般,１２２２２２２　３１[３],2026-05-10,2026-05-14,23,からつ,一般,転３１　４２４,3790,佐口 達也,2026-06-30,2026-07-05,06,浜名湖,一般,２　５５５　４６４　１６,2026-06-21,2026-06-24,10,三国,一般,５１４　４６３４,2026-06-07,2026-06-11,05,多摩川,一般,４４５　４　１５５４,2026-05-16,2026-05-21,14,鳴門,一般,２６５　４３６　３６３,2026-05-01,2026-05-06,01,桐生,一般,１　２５５　２　３　５４,4089,妹尾 忠幸,2026-06-29,2026-07-03,11,びわこ,一般,６４１　３４３　２３,2026-06-21,2026-06-24,10,三国,一般,１　３２１３３２,2026-06-09,2026-06-14,23,からつ,一般,１４３　４３２６２　１１,2026-05-02,2026-05-07,16,児島,一般,１６３　２１１５３２[４],2026-04-22,2026-04-25,14,鳴門,一般,６６５２,5170,佐藤 太亮,2026-06-28,2026-07-03,20,若松,一般,２３３　２２３　１３１１,2026-06-10,2026-06-13,14,鳴門,一般,３４５　１３５,2026-05-22,2026-05-26,23,からつ,一般,３６６６２　３３５３,2026-05-02,2026-05-07,16,児島,一般,１　３６４　３５２　５５,2026-04-23,2026-04-28,16,児島,一般,　　　　　　３６１　２３,4752,西尾 亮輔,2026-06-29,2026-07-04,08,常滑,一般,５５４　３２６　３　６１,2026-06-21,2026-06-24,19,下関,一般,５　６５４　１５,2026-06-09,2026-06-13,07,蒲郡,一般,　　　　　　　　４妨,2026-06-06,2026-06-10,06,浜名湖,一般,４６５　２　３２４３,2026-05-20,2026-05-25,09,津,一般,５　２４１　４３４転６
202607130305,2026-07-13,03,05R,4054,福嶋 智之,2026-06-30,2026-07-04,19,下関,一般,１　６２４６２６５４,2026-06-21,2026-06-25,08,常滑,一般,５６６　２６３　５,2026-06-05,2026-06-10,18,徳山,一般,６３１　５５６　３　５,2026-05-20,2026-05-25,05,多摩川,一般,６　４５１　２３１３１６,2026-05-02,2026-05-07,16,児島,一般,４５３　６６４　５５１,4352,下條 雄太郎,2026-06-29,2026-07-03,11,びわこ,一般,３２２３２４３４１５,2026-06-17,2026-06-22,24,大村,ＧⅡ,５　４　６１１２４２５,2026-03-08,2026-03-13,24,大村,ＧⅠ,４　２４５　１　２２２６,2026-02-24,2026-03-01,01,桐生,一般,２４２２２１５　４　５１,2026-02-15,2026-02-20,20,若松,ＧⅠ,４　２３４　４６３５６,4949,横田 貴満,2026-06-25,2026-06-30,13,尼崎,一般,１４３１１　２１１１[１],2026-06-15,2026-06-20,21,芦屋,一般,５１５　１４１３２２[４],2026-06-01,2026-06-05,19,下関,一般,４２２２４４３２[４],2026-05-19,2026-05-24,08,常滑,一般,４　２３１５１５３３２２,2026-04-11,2026-04-16,14,鳴門,一般,５　４６,5433,米本 圭佑,2026-07-04,2026-07-09,01,桐生,一般,５　６６５　６６４　６６,2026-06-24,2026-06-29,09,津,一般,６　４６４　５４５　４４,2026-06-07,2026-06-11,05,多摩川,一般,６　５　６６５　転５,2026-05-25,2026-05-31,03,江戸川,一般,６５５　６４６　３　４転６３,2026-04-27,2026-05-02,05,多摩川,一般,６　６６６６６　６　６,3313,本吉 正樹,2026-06-29,2026-07-03,11,びわこ,一般,１２６　４６４　５４,2026-06-20,2026-06-25,06,浜名湖,一般,６　４６２　６６６　２５,2026-05-28,2026-06-02,01,桐生,一般,４　１４１　５６４２,2026-05-11,2026-05-15,08,常滑,一般,５２６５６　２　４２,2026-04-26,2026-05-01,03,江戸川,一般,３３４　４　６　３３５４,4562,阪本 勇介,2026-06-30,2026-07-04,19,下関,一般,１６６　５６２　２５,2026-06-18,2026-06-21,20,若松,一般,２４４　４３４,2026-06-07,2026-06-11,05,多摩川,一般,１　２５２　４４２２,2026-05-20,2026-05-25,09,津,一般,２２１　４６２２２２[５],2026-05-07,2026-05-11,24,大村,一般,５５４　４４６　５４
202607130306,2026-07-13,03,06R,5169,堀本 翔太,2026-06-28,2026-07-03,20,若松,一般,４　４４３４４　２　６５,2026-06-07,2026-06-12,09,津,一般,６６５　２４６　３　４４,2026-05-22,2026-05-27,13,尼崎,一般,３　５５２　５６３　６,2026-01-22,2026-01-26,23,からつ,一般,４１３３４　５２転欠,2026-01-11,2026-01-17,14,鳴門,一般,　　６４５２,3959,坪井 康晴,2026-06-29,2026-07-04,08,常滑,一般,４１２２３１３２１１[２],2026-06-17,2026-06-22,24,大村,ＧⅡ,２　２３４　１３２　[３],2026-06-06,2026-06-10,06,浜名湖,一般,２２４２１２２１[５],2026-05-20,2026-05-25,11,びわこ,ＧⅡ,３　５５３４１　５４５,2026-05-12,2026-05-16,01,桐生,一般,１２５１３１１１[１],4563,齋藤 真之,2026-06-30,2026-07-04,19,下関,一般,５６４　３　５６１,2026-06-19,2026-06-24,11,びわこ,一般,３６６　５　２３５　２５,2026-05-15,2026-05-18,13,尼崎,一般,３,2026-04-30,2026-05-05,17,宮島,一般,５５５　４６４　５　１６,2026-04-16,2026-04-21,08,常滑,一般,４　２５６　６６２　１４,3888,山本 英志,2026-06-30,2026-07-05,16,児島,ＧⅡ,２　６　４５２　２３６６,2026-06-22,2026-06-27,23,からつ,一般,４　２１１２３１１３１２,2026-06-12,2026-06-17,19,下関,一般,３　５４４６２　６　１４,2026-05-29,2026-06-04,09,津,ＧⅢ,１　２４４１転２１　２４,2026-05-19,2026-05-24,01,桐生,一般,１４２３１　２３３３１４,5177,松井 貫太,2026-07-01,2026-07-06,22,福岡,一般,４２３　５６６,2026-06-22,2026-06-27,23,からつ,一般,２４５　３４３３５　１,2026-06-11,2026-06-16,03,江戸川,一般,３１４　１２２３１転３３,2026-06-02,2026-06-08,10,三国,一般,６６３　３　４２２４５５,2026-05-21,2026-05-24,19,下関,一般,２２６４３　６５,5411,木下 虎之輔,2026-07-02,2026-07-07,04,平和島,一般,４　２６６４６　５　５６,2026-06-13,2026-06-16,06,浜名湖,一般,６３４　６６６６,2026-05-06,2026-05-11,05,多摩川,一般,６　３６５４６　６　４６,2026-04-18,2026-04-21,07,蒲郡,一般,６　６５６　６６,2026-03-25,2026-03-30,04,平和島,一般,５６６　５　５６４　F６
202607130307,2026-07-13,03,07R,5349,宮崎 奏磨,2026-06-30,2026-07-05,06,浜名湖,一般,６　５F６　６　転　６,2026-06-16,2026-06-21,09,津,一般,６　６６６　６　６６６６,2026-05-23,2026-05-28,10,三国,一般,５　６４６　６６６　６６,2026-05-03,2026-05-08,08,常滑,一般,６　６６６　６４６　５６,2026-04-24,2026-04-29,08,常滑,一般,６　転５６　５６６　６５,4305,金子 拓矢,2026-06-26,2026-07-01,17,宮島,一般,４４１４２１５　２２[３],2026-05-20,2026-05-25,11,びわこ,ＧⅡ,３１２　３　１１１　[３],2026-05-01,2026-05-06,01,桐生,一般,５２５　１１　　３　４１,2026-04-24,2026-04-28,07,蒲郡,一般,３４３６２１４５３６,2026-04-12,2026-04-17,01,桐生,ＧⅠ,１５２　５６２　６３１,5031,渡辺 空依,2026-06-29,2026-07-03,11,びわこ,一般,６６４　２　４５２４,2026-06-21,2026-06-24,19,下関,一般,４　２６３５４,2026-06-04,2026-06-08,08,常滑,一般,４５４　６５５　５５,2026-05-15,2026-05-20,20,若松,一般,４４６　５　２６６　３２,2026-04-25,2026-04-30,06,浜名湖,一般,３　６３３　４１５２４２,5427,港 理樹,2026-06-28,2026-07-02,05,多摩川,一般,５　３４６　４４４３,2026-06-05,2026-06-10,01,桐生,一般,５５３　５５５　５　４４,2026-05-25,2026-05-31,07,蒲郡,一般,４　５　４３３　４落５　４５,2026-05-06,2026-05-11,05,多摩川,一般,　　　　　　　　　　６４,2026-04-26,2026-05-01,03,江戸川,一般,６　５２４　３４転　６５,4197,渥美 卓郎,2026-06-26,2026-07-01,17,宮島,一般,６　５６５,2026-06-17,2026-06-22,05,多摩川,一般,５　１５６　１４２５４,2026-06-01,2026-06-05,19,下関,一般,５　３５６　１　５３,2026-05-16,2026-05-19,06,浜名湖,一般,６　６４１４５６,2026-05-03,2026-05-08,08,常滑,一般,６６６　３５５　５　１３,3202,三品 隆浩,2026-06-24,2026-06-29,09,津,一般,６　５６５　５１３５２,2026-06-09,2026-06-14,11,びわこ,一般,２３２　４５５　５６４,2026-05-24,2026-05-28,21,芦屋,一般,２４６　２４４　６５,2026-05-06,2026-05-11,05,多摩川,一般,５４４　４　５５３４５,2026-04-26,2026-05-01,03,江戸川,一般,２１３　５５２　２１１６
202607130308,2026-07-13,03,08R,4176,樋口 喜彦,2026-06-30,2026-07-04,19,下関,一般,６　６４４５６　６,2026-06-21,2026-06-25,08,常滑,一般,５,2026-06-07,2026-06-11,05,多摩川,一般,５　４５４　５　６転,2026-05-15,2026-05-18,13,尼崎,一般,２,2026-05-02,2026-05-07,10,三国,一般,４６６　６　３６６　６４,5049,松井 友汰,2026-06-30,2026-07-04,19,下関,一般,４６２　１３１４６５,2026-06-17,2026-06-22,05,多摩川,一般,２３２　６３１　３３１４,2026-06-03,2026-06-08,21,芦屋,一般,１１１４１３５　３１[F],2026-03-28,2026-04-02,24,大村,一般,５　３１５　５１３　２１,2026-03-08,2026-03-11,13,尼崎,一般,６　１３２４１４,5170,佐藤 太亮,2026-06-28,2026-07-03,20,若松,一般,２３３　２２３　１３１１,2026-06-10,2026-06-13,14,鳴門,一般,３４５　１３５,2026-05-22,2026-05-26,23,からつ,一般,３６６６２　３３５３,2026-05-02,2026-05-07,16,児島,一般,１　３６４　３５２　５５,2026-04-23,2026-04-28,16,児島,一般,　　　　　　３６１　２３,3647,伊藤 雄二,2026-06-28,2026-07-02,05,多摩川,一般,６　４　４４６６５,2026-06-17,2026-06-22,17,宮島,ＧⅢ,４　３３３　６５６　３２,2026-06-01,2026-06-04,24,大村,一般,６　　　６４６６,2026-05-16,2026-05-21,14,鳴門,一般,４５６　６６５　５　４６,2026-05-01,2026-05-06,02,戸田,一般,５　４６４　５２４５３,5394,福西 広太郎,2026-07-02,2026-07-07,04,平和島,一般,６５５　６５４　５　４,2026-06-22,2026-06-27,22,福岡,一般,６　６５３　５５６　４転,2026-06-11,2026-06-16,03,江戸川,一般,６５６　６エ６　５５６６,2026-06-02,2026-06-08,10,三国,一般,４　３１５６５　５４３,2026-05-22,2026-05-27,13,尼崎,一般,３６６　４４４　３　３４,4769,馬場 剛,2026-06-28,2026-07-03,20,若松,一般,１１５　４　２４４４１４,2026-06-17,2026-06-22,13,尼崎,一般,１３２　１３１１２１[１],2026-06-03,2026-06-08,21,芦屋,一般,３　２１１３１３４２[２],2026-05-20,2026-05-25,11,びわこ,ＧⅡ,４　５　１２４　１２６２,2026-05-11,2026-05-16,03,江戸川,ＧⅡ,２　６６４　４　２４２
202607130309,2026-07-13,03,09R,4064,原田 篤志,2026-06-26,2026-07-02,24,大村,一般,２２５１５２２　３　４２[３],2026-06-16,2026-06-21,18,徳山,ＧⅢ,３２２１２　４１５１[５],2026-06-05,2026-06-10,01,桐生,一般,４５１５３　３２２６１５,2026-05-25,2026-05-31,07,蒲郡,一般,２５３４１６２　４３１２[６],2026-05-10,2026-05-15,16,児島,一般,３３１１３　２１２２[４],4740,齋藤 達希,2026-07-02,2026-07-07,04,平和島,一般,３６６　５　２５６　５１,2026-06-25,2026-06-30,01,桐生,ＧⅢ,３３４　６６３　５　６５,2026-06-09,2026-06-14,23,からつ,一般,２　２２４６５　５　５１,2026-05-24,2026-05-28,21,芦屋,一般,６　４４５２６　４１,2026-05-16,2026-05-19,06,浜名湖,一般,３４１６１　３４,5315,浅井 翼,2026-06-30,2026-07-04,19,下関,一般,６　４５２　２４６４,2026-06-20,2026-06-25,15,丸亀,一般,６　５６６　３２６　５４,2026-06-05,2026-06-10,18,徳山,一般,５６６　５　４６５　６６,2026-04-26,2026-05-01,03,江戸川,一般,６６６　６４６　６６６６,2026-04-17,2026-04-20,23,からつ,一般,６　６６６６６６,3319,山崎 義明,2026-06-28,2026-07-02,05,多摩川,一般,１　５２３３５３２６,2026-06-19,2026-06-24,11,びわこ,一般,２　３２３４５　５３４,2026-06-01,2026-06-04,24,大村,一般,３５　　５３５,2026-05-23,2026-05-28,10,三国,一般,４　３１２１５２落６２６,2026-05-09,2026-05-14,09,津,ＧⅢ,５　４３５　５２６　５２,5273,山下 拓巳,2026-07-01,2026-07-06,07,蒲郡,一般,６５５　５５５　４　６,2026-06-18,2026-06-21,04,平和島,一般,５　５５４１１３,2026-06-02,2026-06-08,10,三国,一般,６１５　５６４　６　６６,2026-05-22,2026-05-27,13,尼崎,一般,５　２３５５５　６　１,2026-05-13,2026-05-18,19,下関,一般,１　４５２４５５５　３,4460,後藤 翔之,2026-06-29,2026-07-03,11,びわこ,一般,２　１２５１１１[２],2026-06-18,2026-06-21,20,若松,一般,４３３　１５４５,2026-05-10,2026-05-15,16,児島,一般,１　２２２５５２５４３４,2026-04-27,2026-05-02,05,多摩川,一般,２　３３２３５３２５３５,2026-04-16,2026-04-21,21,芦屋,一般,２５２　３３２　５４１１
202607130310,2026-07-13,03,10R,4122,安東 幸治,2026-06-29,2026-07-04,08,常滑,一般,３　３１２６２２２４３４,2026-06-18,2026-06-21,20,若松,一般,１　３４５４４６,2026-06-07,2026-06-12,09,津,一般,４３５　２４５　２　２６,2026-05-25,2026-05-31,07,蒲郡,一般,４　６４５５１　１２５３２,2026-05-09,2026-05-14,11,びわこ,一般,２５４１３　２２３２[５],3790,佐口 達也,2026-06-30,2026-07-05,06,浜名湖,一般,２　５５５　４６４　１６,2026-06-21,2026-06-24,10,三国,一般,５１４　４６３４,2026-06-07,2026-06-11,05,多摩川,一般,４４５　４　１５５４,2026-05-16,2026-05-21,14,鳴門,一般,２６５　４３６　３６３,2026-05-01,2026-05-06,01,桐生,一般,１　２５５　２　３　５４,3959,坪井 康晴,2026-06-29,2026-07-04,08,常滑,一般,４１２２３１３２１１[２],2026-06-17,2026-06-22,24,大村,ＧⅡ,２　２３４　１３２　[３],2026-06-06,2026-06-10,06,浜名湖,一般,２２４２１２２１[５],2026-05-20,2026-05-25,11,びわこ,ＧⅡ,３　５５３４１　５４５,2026-05-12,2026-05-16,01,桐生,一般,１２５１３１１１[１],4277,金田 大輔,2026-06-29,2026-07-03,11,びわこ,一般,５５４　４　４６６,2026-06-21,2026-06-24,19,下関,一般,３　６２１６５６,2026-06-07,2026-06-12,09,津,一般,３５３　６４２　５４１,2026-05-19,2026-05-24,08,常滑,一般,１　４２５　５４５３２,2026-05-02,2026-05-07,16,児島,一般,２　３２１６１　３３５２,4949,横田 貴満,2026-06-25,2026-06-30,13,尼崎,一般,１４３１１　２１１１[１],2026-06-15,2026-06-20,21,芦屋,一般,５１５　１４１３２２[４],2026-06-01,2026-06-05,19,下関,一般,４２２２４４３２[４],2026-05-19,2026-05-24,08,常滑,一般,４　２３１５１５３３２２,2026-04-11,2026-04-16,14,鳴門,一般,５　４６,5186,遠藤 圭吾,2026-06-30,2026-07-04,19,下関,一般,４　２５３　５５１４,2026-06-20,2026-06-25,15,丸亀,一般,３　３６６　６５４　２４,2026-06-02,2026-06-08,10,三国,一般,４　２１２６２　１５１２,2026-05-22,2026-05-27,13,尼崎,一般,２５３　６５３　６　１３,2026-05-09,2026-05-14,11,びわこ,一般,３４３　４４２　１３２
202607130311,2026-07-13,03,11R,4420,津久井 拓也,2026-06-30,2026-07-05,16,児島,ＧⅡ,４　６　６６６　４５５,2026-06-17,2026-06-22,24,大村,ＧⅡ,４　４５１　４　２２２２,2026-06-05,2026-06-10,18,徳山,一般,６５４６５　１４３　４１,2026-05-23,2026-05-27,12,住之江,一般,３　２２２６２４３５,2026-05-11,2026-05-16,03,江戸川,ＧⅡ,　　４４４　５４５　３６,5369,岡崎 凪汰,2026-06-29,2026-07-03,11,びわこ,一般,４　６５５　５１５,2026-05-22,2026-05-27,13,尼崎,一般,４４５　４　５６５　妨,2026-05-07,2026-05-11,24,大村,一般,４　３６５４６　６５,2026-04-18,2026-04-23,24,大村,一般,３５４　５４２　２１３,2026-04-09,2026-04-15,15,丸亀,一般,６　５F６　６　６　５　６,5177,松井 貫太,2026-07-01,2026-07-06,22,福岡,一般,４２３　５６６,2026-06-22,2026-06-27,23,からつ,一般,２４５　３４３３５　１,2026-06-11,2026-06-16,03,江戸川,一般,３１４　１２２３１転３３,2026-06-02,2026-06-08,10,三国,一般,６６３　３　４２２４５５,2026-05-21,2026-05-24,19,下関,一般,２２６４３　６５,5026,安河内 健,2026-06-29,2026-07-04,08,常滑,一般,１６３３１１２　１３５１,2026-06-16,2026-06-21,18,徳山,ＧⅢ,３　６６４５５５,2026-06-03,2026-06-08,21,芦屋,一般,１５５１３　６２２５１５,2026-05-20,2026-05-25,09,津,一般,１２２２２２２　３１[３],2026-05-10,2026-05-14,23,からつ,一般,転３１　４２４,4352,下條 雄太郎,2026-06-29,2026-07-03,11,びわこ,一般,３２２３２４３４１５,2026-06-17,2026-06-22,24,大村,ＧⅡ,５　４　６１１２４２５,2026-03-08,2026-03-13,24,大村,ＧⅠ,４　２４５　１　２２２６,2026-02-24,2026-03-01,01,桐生,一般,２４２２２１５　４　５１,2026-02-15,2026-02-20,20,若松,ＧⅠ,４　２３４　４６３５６,5427,港 理樹,2026-06-28,2026-07-02,05,多摩川,一般,５　３４６　４４４３,2026-06-05,2026-06-10,01,桐生,一般,５５３　５５５　５　４４,2026-05-25,2026-05-31,07,蒲郡,一般,４　５　４３３　４落５　４５,2026-05-06,2026-05-11,05,多摩川,一般,　　　　　　　　　　６４,2026-04-26,2026-05-01,03,江戸川,一般,６　５２４　３４転　６５
202607130312,2026-07-13,03,12R,4305,金子 拓矢,2026-06-26,2026-07-01,17,宮島,一般,４４１４２１５　２２[３],2026-05-20,2026-05-25,11,びわこ,ＧⅡ,３１２　３　１１１　[３],2026-05-01,2026-05-06,01,桐生,一般,５２５　１１　　３　４１,2026-04-24,2026-04-28,07,蒲郡,一般,３４３６２１４５３６,2026-04-12,2026-04-17,01,桐生,ＧⅠ,１５２　５６２　６３１,5082,一色 凌雅,2026-06-30,2026-07-05,06,浜名湖,一般,２２１　６２１２６５１３,2026-06-21,2026-06-26,16,児島,一般,４４落,2026-06-11,2026-06-16,10,三国,一般,４４１　３１２　３２[５],2026-05-25,2026-05-31,03,江戸川,一般,６３３　２６１　２　エ欠,2026-05-12,2026-05-16,04,平和島,一般,６　２３５　４１６２,4054,福嶋 智之,2026-06-30,2026-07-04,19,下関,一般,１　６２４６２６５４,2026-06-21,2026-06-25,08,常滑,一般,５６６　２６３　５,2026-06-05,2026-06-10,18,徳山,一般,６３１　５５６　３　５,2026-05-20,2026-05-25,05,多摩川,一般,６　４５１　２３１３１６,2026-05-02,2026-05-07,16,児島,一般,４５３　６６４　５５１,4211,村田 敦,2026-07-03,2026-07-08,12,住之江,一般,１　５１２　１５３５１３,2026-06-24,2026-06-28,04,平和島,一般,６　２２５　１６,2026-06-11,2026-06-15,20,若松,一般,６　５６６　６　５,2026-06-03,2026-06-07,03,江戸川,一般,２３５　５２１１,2026-05-24,2026-05-28,21,芦屋,一般,３１５　１　５４５,4089,妹尾 忠幸,2026-06-29,2026-07-03,11,びわこ,一般,６４１　３４３　２３,2026-06-21,2026-06-24,10,三国,一般,１　３２１３３２,2026-06-09,2026-06-14,23,からつ,一般,１４３　４３２６２　１１,2026-05-02,2026-05-07,16,児島,一般,１６３　２１１５３２[４],2026-04-22,2026-04-25,14,鳴門,一般,６６５２,3888,山本 英志,2026-06-30,2026-07-05,16,児島,ＧⅡ,２　６　４５２　２３６６,2026-06-22,2026-06-27,23,からつ,一般,４　２１１２３１１３１２,2026-06-12,2026-06-17,19,下関,一般,３　５４４６２　６　１４,2026-05-29,2026-06-04,09,津,ＧⅢ,１　２４４１転２１　２４,2026-05-19,2026-05-24,01,桐生,一般,１４２３１　２３３３１４
202607130401,2026-07-13,04,01R,3880,浅見 宗孝,2026-06-04,2026-06-08,08,常滑,一般,３　３２３４２５１３,2026-05-17,2026-05-23,15,丸亀,一般,３２４　４２４　５６２　４３,2026-05-01,2026-05-06,02,戸田,一般,６　５F２　５　４　６,2026-04-20,2026-04-24,18,徳山,一般,４３１　５２１４５４,2026-04-03,2026-04-08,04,平和島,一般,４　５３６５５　４　５３,4343,村岡 賢,2026-07-04,2026-07-09,01,桐生,一般,４　３６３　４３３　３６,2026-06-26,2026-07-01,17,宮島,一般,２　３５３　５５１４１６,2026-06-13,2026-06-16,06,浜名湖,一般,１６４４１　３５,2026-05-25,2026-05-31,03,江戸川,一般,５　４３３　４６１　２　５２,2026-05-08,2026-05-13,14,鳴門,一般,５　５３２　３４６４３,5327,西田 和加,2026-05-28,2026-06-02,01,桐生,一般,６　６４６　６６６,2026-05-01,2026-05-06,02,戸田,一般,５　６６５　F　６　６,2026-04-24,2026-04-27,09,津,一般,６　６６６６４,2026-04-05,2026-04-11,07,蒲郡,一般,５　６５６　４　６５５　４５,2026-03-24,2026-03-29,10,三国,ＧⅢ,６　５　６５５　３６転６,5135,仲 航太,2026-06-28,2026-07-03,20,若松,一般,３５１　３　２４１６２５,2026-06-17,2026-06-22,05,多摩川,一般,１　３５５４３　２１３５,2026-06-04,2026-06-08,08,常滑,一般,５４４６４　２　１１,2026-05-25,2026-05-31,07,蒲郡,一般,１１４５６　１　４２落３５２,2026-02-17,2026-02-21,10,三国,一般,６　４６６６６　６５,4564,山本 景士郎,2026-06-28,2026-07-03,20,若松,一般,５４６５５　４　６２２,2026-06-13,2026-06-16,06,浜名湖,一般,６３３　４４３４,2026-06-04,2026-06-09,17,宮島,ＧⅠ,　　　　　　　　６６５,2026-05-29,2026-06-02,23,からつ,一般,２　４３５５４５３１,2026-05-12,2026-05-16,01,桐生,一般,５　４５６　４　３４,5028,原田 才一郎,2026-06-30,2026-07-05,23,からつ,一般,１５３　２１１１２１[５],2026-06-20,2026-06-25,15,丸亀,一般,３４２３１　３１２４１１,2026-06-08,2026-06-13,13,尼崎,ＧⅠ,１　３４３　６　５２６,2026-06-01,2026-06-04,24,大村,一般,２２　　３１２１,2026-05-23,2026-05-28,10,三国,一般,１５４　１３２２４２[３]
202607130402,2026-07-13,04,02R,5058,前原 大道,2026-06-30,2026-07-05,16,児島,ＧⅡ,F　４６４　６５３　６,2026-06-19,2026-06-24,11,びわこ,一般,６　１３１１１４４３２１,2026-06-08,2026-06-13,13,尼崎,ＧⅠ,４　２６３　４１１４４,2026-06-01,2026-06-04,24,大村,一般,１３　　４１[３],2026-05-19,2026-05-24,08,常滑,一般,２５３１３１２２５５３１,5357,田中 瀬里奈,2026-06-20,2026-06-25,06,浜名湖,一般,６　６５６　６５６　４,2026-05-30,2026-06-04,05,多摩川,ＧⅢ,５　６６L　６６６　６,2026-05-18,2026-05-23,18,徳山,ＧⅢ,５６６　５　４３６５４,2026-05-01,2026-05-06,02,戸田,一般,６６６　６　６　６６６,2026-04-21,2026-04-25,01,桐生,一般,４　５　６５６　６５,4976,金山 立樹,2026-07-02,2026-07-06,21,芦屋,一般,６４落　２１５　１２,2026-06-11,2026-06-15,20,若松,一般,３６３　６３６　２４,2026-05-25,2026-05-31,07,蒲郡,一般,３　３３５　１４４４４　２６,2026-05-06,2026-05-11,05,多摩川,一般,６　３５３３５　６１５４,2026-04-24,2026-04-29,08,常滑,一般,４６６　２６３　４　４６,5127,沼田 大都,2026-06-28,2026-07-02,05,多摩川,一般,３　３　２３５３４５,2026-06-11,2026-06-16,03,江戸川,一般,３　２５３５４　４３６１,2026-06-02,2026-06-08,10,三国,一般,６　３６３　３６３２４４,2026-05-13,2026-05-18,19,下関,一般,２１６　３５５　４６１,2026-05-01,2026-05-06,07,蒲郡,一般,２　３４３転５　６　４３,4432,黄金井 力良,2026-06-28,2026-07-02,05,多摩川,一般,６５３　１６３　３１,2026-06-11,2026-06-15,20,若松,一般,２２６　３６５　２２,2026-05-23,2026-05-28,10,三国,一般,４１３　５４２　４５１３,2026-05-01,2026-05-06,02,戸田,一般,３６５　４　６３３３３,2026-04-21,2026-04-25,01,桐生,一般,２　１４１５４３[６],5375,庄島 潤成,2026-06-28,2026-07-03,20,若松,一般,３６５　５　２５６　４,2026-06-11,2026-06-16,16,児島,一般,６５３　６　４６６　４,2026-05-13,2026-05-18,19,下関,一般,転５４　４５６　５　６４,2026-04-29,2026-05-04,19,下関,一般,６６３　６　４５５　６５,2026-04-20,2026-04-24,18,徳山,一般,６３６　５　３５５６
202607130403,2026-07-13,04,03R,4164,岩永 節也,2026-06-26,2026-07-02,24,大村,一般,５５１５６　３　４３５　３４,2026-06-12,2026-06-17,19,下関,一般,２４６　５４６５６　５,2026-05-27,2026-05-31,18,徳山,一般,４　６６４　６　３,2026-05-15,2026-05-20,20,若松,一般,５　４６２　４４４　４,2026-05-01,2026-05-06,23,からつ,一般,６５２　４１５　３　５３,3381,滝沢 芳行,2026-06-26,2026-07-02,24,大村,一般,４２５　６６６３５　４２５,2026-06-17,2026-06-22,17,宮島,ＧⅢ,３　６５５　１４２６２,2026-06-03,2026-06-08,21,芦屋,一般,５６４　４４１　６５４,2026-05-20,2026-05-25,05,多摩川,一般,５　４５３　５６４　１２,2026-05-01,2026-05-06,02,戸田,一般,１　３４３１２　１　[５],5188,武井 莉里佳,2026-06-26,2026-07-01,17,宮島,一般,４　落欠,2026-06-18,2026-06-21,20,若松,一般,３２３２６１[３],2026-06-10,2026-06-13,14,鳴門,一般,２４５６４　２５,2026-05-30,2026-06-04,05,多摩川,ＧⅢ,２１３　２４５６１６６５,2026-05-18,2026-05-23,18,徳山,ＧⅢ,５　１５１５４転,4297,山田 哲也,2026-06-30,2026-07-05,06,浜名湖,一般,１　６３２　１１２F５,2026-06-17,2026-06-22,13,尼崎,一般,２５１　２１５４１５１３,2026-05-09,2026-05-14,09,津,ＧⅢ,２　３３１５１１１１[６],2026-04-27,2026-05-02,05,多摩川,一般,３　３５２４２１１６４６,2026-04-12,2026-04-17,01,桐生,ＧⅠ,５　６　５５５　１３１４,5199,垂水 悠,2026-06-28,2026-07-01,10,三国,一般,２　３３４４５２,2026-05-22,2026-05-27,13,尼崎,一般,４３４　１４４　落２５４,2026-05-08,2026-05-13,14,鳴門,一般,３１３４１４６　５６６５,2026-04-22,2026-04-25,14,鳴門,一般,１６４　４５１５,2026-04-12,2026-04-17,16,児島,一般,３　２２２３５３４F２,5368,宮崎 心之介,2026-07-02,2026-07-07,04,平和島,一般,１３１　１４５　４４６３,2026-06-20,2026-06-25,15,丸亀,一般,４　４３１　３３１４２４,2026-05-28,2026-05-31,02,戸田,一般,１　２２１２[２],2026-05-11,2026-05-15,08,常滑,一般,２５５　３　１１３５,2026-04-24,2026-04-28,07,蒲郡,一般,４　４２３　３６１２
202607130404,2026-07-13,04,04R,4374,永田 義紘,2026-06-24,2026-06-29,09,津,一般,４２１５６　５　３６５３,2026-06-15,2026-06-20,21,芦屋,一般,２１２　５２４６１５４６,2026-05-29,2026-06-03,11,びわこ,一般,１１２　５４６５１５１４,2026-05-14,2026-05-18,10,三国,一般,１３５６４　５　１２,2026-04-30,2026-05-05,17,宮島,一般,２　６３２　１６５５４４,4690,高石 梨菜,2026-06-14,2026-06-18,01,桐生,一般,３　２　３５４１４２,2026-05-30,2026-06-04,05,多摩川,ＧⅢ,１　５４３　５３６　４２,2026-05-12,2026-05-16,04,平和島,一般,５　６　１６３１２４,2025-01-25,2025-01-30,15,丸亀,一般,１３１４４　転欠,2025-01-11,2025-01-16,21,芦屋,ＧⅢ,６１３３２　３５１　３２,5136,濱野 斗馬,2026-06-28,2026-07-03,20,若松,一般,２２４　６１２　１６４４,2026-06-14,2026-06-17,12,住之江,一般,１３４６２５１６,2026-06-02,2026-06-08,10,三国,一般,１２２　５１２４３４２,2026-05-24,2026-05-28,21,芦屋,一般,４１１５１　２６１４,2026-05-11,2026-05-16,03,江戸川,ＧⅡ,５　４　６２５　６５３,5123,福山 恵里奈,2026-06-17,2026-06-22,13,尼崎,一般,３５６２３　６　６６３１,2026-05-31,2026-06-05,20,若松,一般,６　５２１　５５３　３６,2026-05-18,2026-05-23,18,徳山,ＧⅢ,６３２　３　１４２６３６,2026-04-29,2026-05-04,19,下関,一般,６４５　６６３　４　５２,2026-04-18,2026-04-22,15,丸亀,一般,６　２　２６５　１４,4529,嶋 義信,2026-06-26,2026-07-01,17,宮島,一般,６４４　２１５６４　３５,2026-06-16,2026-06-21,18,徳山,ＧⅢ,５　１４６５３　６５５,2026-06-03,2026-06-07,03,江戸川,一般,４６４,2026-05-19,2026-05-24,01,桐生,一般,４２１　１４６３４４５１,2026-05-06,2026-05-10,21,芦屋,一般,４３１　２５３６２３,4732,堀本 和也,2026-06-29,2026-07-04,08,常滑,一般,１１１１４　１２３１[１],2026-06-21,2026-06-24,10,三国,一般,３６２５５　２,2026-06-11,2026-06-15,20,若松,一般,３１１　２１５１[２],2026-05-29,2026-06-02,23,からつ,一般,１１３　２４２３４１,2026-05-19,2026-05-24,01,桐生,一般,１　３２１３２　１１[５]
202607130405,2026-07-13,04,05R,4948,木場 悠介,2026-06-26,2026-07-02,24,大村,一般,１６２　２４４２４　２５２６,2026-06-09,2026-06-14,23,からつ,一般,３２５　４５５　２４１,2026-05-25,2026-05-31,03,江戸川,一般,２４５　１６２　　　４４１３,2026-05-10,2026-05-15,16,児島,一般,４４１　３３３　２３１５,2026-04-21,2026-04-25,01,桐生,一般,６１１　２４１３５２,5327,西田 和加,2026-05-28,2026-06-02,01,桐生,一般,６　６４６　６６６,2026-05-01,2026-05-06,02,戸田,一般,５　６６５　F　６　６,2026-04-24,2026-04-27,09,津,一般,６　６６６６４,2026-04-05,2026-04-11,07,蒲郡,一般,５　６５６　４　６５５　４５,2026-03-24,2026-03-29,10,三国,ＧⅢ,６　５　６５５　３６転６,4987,島倉 都,2026-06-18,2026-06-23,02,戸田,一般,５６２　４転５　２　５３,2026-05-31,2026-06-05,20,若松,一般,３　３６２　６４６　４４,2026-05-12,2026-05-17,07,蒲郡,一般,４６６　５６１　５　１６,2026-05-01,2026-05-06,01,桐生,一般,５　４４５　　　６２６５,2026-04-14,2026-04-19,10,三国,一般,４５６　４　４４２　６１,5160,藤森 陸斗,2026-07-01,2026-07-06,07,蒲郡,一般,２４１　２２２　２６２２,2026-06-22,2026-06-27,23,からつ,一般,２１１５３５２　１４１６,2026-06-12,2026-06-17,19,下関,一般,２　２３１　２３３１[４],2026-05-27,2026-06-01,08,常滑,一般,６３２　４４１　１５１５,2026-05-15,2026-05-18,13,尼崎,一般,４,4779,伊倉 光,2026-06-25,2026-06-30,13,尼崎,一般,２３４　１４２　５５２,2026-06-16,2026-06-21,09,津,一般,２　５５３　２１６５３２,2026-05-26,2026-05-31,15,丸亀,ＧⅢ,１５６　５５３　４２３３,2026-05-12,2026-05-16,01,桐生,一般,２　３４５　４４２５,2026-04-25,2026-04-30,06,浜名湖,一般,５３３　２３１　４４３４,4959,井上 忠政,2026-06-30,2026-07-05,16,児島,ＧⅡ,２　２５４１２　４　１５,2026-06-13,2026-06-18,08,常滑,ＧⅠ,１　４３４　４２６　６５,2026-06-04,2026-06-09,17,宮島,ＧⅠ,５　３３３　１２転　２３,2026-05-16,2026-05-19,06,浜名湖,一般,１１１１１３[１],2026-05-03,2026-05-08,12,住之江,一般,４　２１４１２１５２[５]
202607130406,2026-07-13,04,06R,4092,岡部 大輔,2026-06-26,2026-07-02,24,大村,一般,３２６　４　１５１４３４１６,2026-05-17,2026-05-23,15,丸亀,一般,３４３　５６４　２　５３５,2026-05-01,2026-05-06,23,からつ,一般,４２４　６４２　５　１３,2026-04-20,2026-04-24,18,徳山,一般,５１３　３６４　５２,2026-04-03,2026-04-07,17,宮島,一般,６４６　６F５　３,5028,原田 才一郎,2026-06-30,2026-07-05,23,からつ,一般,１５３　２１１１２１[５],2026-06-20,2026-06-25,15,丸亀,一般,３４２３１　３１２４１１,2026-06-08,2026-06-13,13,尼崎,ＧⅠ,１　３４３　６　５２６,2026-06-01,2026-06-04,24,大村,一般,２２　　３１２１,2026-05-23,2026-05-28,10,三国,一般,１５４　１３２２４２[３],4121,富永 修一,2026-06-30,2026-07-04,19,下関,一般,２５３５４　４２３２,2026-06-16,2026-06-21,18,徳山,ＧⅢ,２５５　３６,2026-06-07,2026-06-12,09,津,一般,２　３２１４１１２１[４],2026-05-01,2026-05-06,20,若松,一般,１　５２６,2026-03-30,2026-04-04,15,丸亀,一般,１　１５４５３２５４１２,4327,加藤 翔,2026-06-30,2026-07-04,19,下関,一般,３　１４５５６　２６,2026-06-20,2026-06-25,06,浜名湖,一般,４　１４４６５　１　２６,2026-05-29,2026-06-03,11,びわこ,一般,６３４　５　５５６　４２,2026-05-16,2026-05-19,06,浜名湖,一般,２　１５４６２３,2026-05-03,2026-05-08,08,常滑,一般,５３５　４５５　４　５５,4976,金山 立樹,2026-07-02,2026-07-06,21,芦屋,一般,６４落　２１５　１２,2026-06-11,2026-06-15,20,若松,一般,３６３　６３６　２４,2026-05-25,2026-05-31,07,蒲郡,一般,３　３３５　１４４４４　２６,2026-05-06,2026-05-11,05,多摩川,一般,６　３５３３５　６１５４,2026-04-24,2026-04-29,08,常滑,一般,４６６　２６３　４　４６,4171,榎 幸司,2026-07-02,2026-07-06,21,芦屋,一般,３５２３４　３２２,2026-06-17,2026-06-22,24,大村,ＧⅡ,４６３　４６６　２　５,2026-06-07,2026-06-12,09,津,一般,１　４２５１１５６６３３,2026-05-25,2026-05-30,17,宮島,一般,１１１２１　２５３２[２],2026-05-16,2026-05-19,06,浜名湖,一般,５１６　３４５１
202607130407,2026-07-13,04,07R,3305,小野 信樹,2026-06-29,2026-07-03,11,びわこ,一般,５　４２２　５６１,2026-06-21,2026-06-25,08,常滑,一般,６　４欠,2026-06-05,2026-06-10,01,桐生,一般,３４２　２６６　５３６６,2026-05-21,2026-05-24,19,下関,一般,３６１　４６１６,2026-05-08,2026-05-13,14,鳴門,一般,４４３　４５３　４５３,4788,小池 哲也,2026-06-30,2026-07-05,23,からつ,一般,３　５５５６６４,2026-06-21,2026-06-25,08,常滑,一般,５１２　１５３５１１,2026-06-06,2026-06-10,06,浜名湖,一般,３１１　５２２３,2026-05-20,2026-05-25,11,びわこ,ＧⅡ,４　４　４４６　２４６,2026-05-12,2026-05-15,18,徳山,一般,３４１５５　５５,5294,豊田 祥生,2026-06-29,2026-07-04,08,常滑,一般,４６５　１５５　６　２５,2026-05-22,2026-05-27,13,尼崎,一般,４　２４４　６４１　６４,2026-05-03,2026-05-08,06,浜名湖,一般,６　５３５２６　５　６,2026-04-24,2026-04-28,07,蒲郡,一般,４６６　５　１４２６,2026-04-09,2026-04-14,06,浜名湖,一般,３　１６F　５　５　６,5058,前原 大道,2026-06-30,2026-07-05,16,児島,ＧⅡ,F　４６４　６５３　６,2026-06-19,2026-06-24,11,びわこ,一般,６　１３１１１４４３２１,2026-06-08,2026-06-13,13,尼崎,ＧⅠ,４　２６３　４１１４４,2026-06-01,2026-06-04,24,大村,一般,１３　　４１[３],2026-05-19,2026-05-24,08,常滑,一般,２５３１３１２２５５３１,3381,滝沢 芳行,2026-06-26,2026-07-02,24,大村,一般,４２５　６６６３５　４２５,2026-06-17,2026-06-22,17,宮島,ＧⅢ,３　６５５　１４２６２,2026-06-03,2026-06-08,21,芦屋,一般,５６４　４４１　６５４,2026-05-20,2026-05-25,05,多摩川,一般,５　４５３　５６４　１２,2026-05-01,2026-05-06,02,戸田,一般,１　３４３１２　１　[５],4343,村岡 賢,2026-07-04,2026-07-09,01,桐生,一般,４　３６３　４３３　３６,2026-06-26,2026-07-01,17,宮島,一般,２　３５３　５５１４１６,2026-06-13,2026-06-16,06,浜名湖,一般,１６４４１　３５,2026-05-25,2026-05-31,03,江戸川,一般,５　４３３　４６１　２　５２,2026-05-08,2026-05-13,14,鳴門,一般,５　５３２　３４６４３
202607130408,2026-07-13,04,08R,4163,山崎 裕司,2026-06-29,2026-07-04,08,常滑,一般,１　１２３３４４１２[６],2026-06-17,2026-06-22,13,尼崎,一般,２５３３３４４　１５２３,2026-06-06,2026-06-10,24,大村,一般,５　４５５６６　６４,2026-05-27,2026-05-31,18,徳山,一般,１２３４２　５４３２,2026-05-14,2026-05-18,10,三国,一般,４６６　６　２３６１,5290,坂本 一真,2026-06-24,2026-06-29,09,津,一般,６　６４６　６６５　３３,2026-06-11,2026-06-16,03,江戸川,一般,４　４６３　５４３４５,2026-06-03,2026-06-07,07,蒲郡,一般,４５５　転　６６,2026-05-08,2026-05-13,22,福岡,一般,６　５６５　４転５　６,2026-04-26,2026-05-01,03,江戸川,一般,５５２　２２４　５２５３,5357,田中 瀬里奈,2026-06-20,2026-06-25,06,浜名湖,一般,６　６５６　６５６　４,2026-05-30,2026-06-04,05,多摩川,ＧⅢ,５　６６L　６６６　６,2026-05-18,2026-05-23,18,徳山,ＧⅢ,５６６　５　４３６５４,2026-05-01,2026-05-06,02,戸田,一般,６６６　６　６　６６６,2026-04-21,2026-04-25,01,桐生,一般,４　５　６５６　６５,5068,前田 滉,2026-06-30,2026-07-05,06,浜名湖,一般,１　３１３１１　４１[２],2026-06-20,2026-06-25,15,丸亀,一般,１２転１２４２　３１[４],2026-05-29,2026-06-02,23,からつ,一般,２１１１１２３１[１],2026-05-20,2026-05-25,05,多摩川,一般,２５４　４１,2026-05-01,2026-05-06,07,蒲郡,一般,２２１１２１３１２２[１],3880,浅見 宗孝,2026-06-04,2026-06-08,08,常滑,一般,３　３２３４２５１３,2026-05-17,2026-05-23,15,丸亀,一般,３２４　４２４　５６２　４３,2026-05-01,2026-05-06,02,戸田,一般,６　５F２　５　４　６,2026-04-20,2026-04-24,18,徳山,一般,４３１　５２１４５４,2026-04-03,2026-04-08,04,平和島,一般,４　５３６５５　４　５３,5199,垂水 悠,2026-06-28,2026-07-01,10,三国,一般,２　３３４４５２,2026-05-22,2026-05-27,13,尼崎,一般,４３４　１４４　落２５４,2026-05-08,2026-05-13,14,鳴門,一般,３１３４１４６　５６６５,2026-04-22,2026-04-25,14,鳴門,一般,１６４　４５１５,2026-04-12,2026-04-17,16,児島,一般,３　２２２３５３４F２
202607130409,2026-07-13,04,09R,5160,藤森 陸斗,2026-07-01,2026-07-06,07,蒲郡,一般,２４１　２２２　２６２２,2026-06-22,2026-06-27,23,からつ,一般,２１１５３５２　１４１６,2026-06-12,2026-06-17,19,下関,一般,２　２３１　２３３１[４],2026-05-27,2026-06-01,08,常滑,一般,６３２　４４１　１５１５,2026-05-15,2026-05-18,13,尼崎,一般,４,4297,山田 哲也,2026-06-30,2026-07-05,06,浜名湖,一般,１　６３２　１１２F５,2026-06-17,2026-06-22,13,尼崎,一般,２５１　２１５４１５１３,2026-05-09,2026-05-14,09,津,ＧⅢ,２　３３１５１１１１[６],2026-04-27,2026-05-02,05,多摩川,一般,３　３５２４２１１６４６,2026-04-12,2026-04-17,01,桐生,ＧⅠ,５　６　５５５　１３１４,4432,黄金井 力良,2026-06-28,2026-07-02,05,多摩川,一般,６５３　１６３　３１,2026-06-11,2026-06-15,20,若松,一般,２２６　３６５　２２,2026-05-23,2026-05-28,10,三国,一般,４１３　５４２　４５１３,2026-05-01,2026-05-06,02,戸田,一般,３６５　４　６３３３３,2026-04-21,2026-04-25,01,桐生,一般,２　１４１５４３[６],4441,末永 由楽,2026-06-30,2026-07-05,16,児島,ＧⅡ,２　３１５　３　２　[６],2026-06-17,2026-06-22,24,大村,ＧⅡ,６６５　５３５　５６６,2026-06-03,2026-06-08,21,芦屋,一般,３　１２４３１１１４４２,2026-05-20,2026-05-25,11,びわこ,ＧⅡ,６　５４２　３　６６３,2026-05-11,2026-05-16,03,江戸川,ＧⅡ,６　５　６　６５５　１１,4690,高石 梨菜,2026-06-14,2026-06-18,01,桐生,一般,３　２　３５４１４２,2026-05-30,2026-06-04,05,多摩川,ＧⅢ,１　５４３　５３６　４２,2026-05-12,2026-05-16,04,平和島,一般,５　６　１６３１２４,2025-01-25,2025-01-30,15,丸亀,一般,１３１４４　転欠,2025-01-11,2025-01-16,21,芦屋,ＧⅢ,６１３３２　３５１　３２,4564,山本 景士郎,2026-06-28,2026-07-03,20,若松,一般,５４６５５　４　６２２,2026-06-13,2026-06-16,06,浜名湖,一般,６３３　４４３４,2026-06-04,2026-06-09,17,宮島,ＧⅠ,　　　　　　　　６６５,2026-05-29,2026-06-02,23,からつ,一般,２　４３５５４５３１,2026-05-12,2026-05-16,01,桐生,一般,５　４５６　４　３４
202607130410,2026-07-13,04,10R,5188,武井 莉里佳,2026-06-26,2026-07-01,17,宮島,一般,４　落欠,2026-06-18,2026-06-21,20,若松,一般,３２３２６１[３],2026-06-10,2026-06-13,14,鳴門,一般,２４５６４　２５,2026-05-30,2026-06-04,05,多摩川,ＧⅢ,２１３　２４５６１６６５,2026-05-18,2026-05-23,18,徳山,ＧⅢ,５　１５１５４転,4948,木場 悠介,2026-06-26,2026-07-02,24,大村,一般,１６２　２４４２４　２５２６,2026-06-09,2026-06-14,23,からつ,一般,３２５　４５５　２４１,2026-05-25,2026-05-31,03,江戸川,一般,２４５　１６２　　　４４１３,2026-05-10,2026-05-15,16,児島,一般,４４１　３３３　２３１５,2026-04-21,2026-04-25,01,桐生,一般,６１１　２４１３５２,5135,仲 航太,2026-06-28,2026-07-03,20,若松,一般,３５１　３　２４１６２５,2026-06-17,2026-06-22,05,多摩川,一般,１　３５５４３　２１３５,2026-06-04,2026-06-08,08,常滑,一般,５４４６４　２　１１,2026-05-25,2026-05-31,07,蒲郡,一般,１１４５６　１　４２落３５２,2026-02-17,2026-02-21,10,三国,一般,６　４６６６６　６５,5136,濱野 斗馬,2026-06-28,2026-07-03,20,若松,一般,２２４　６１２　１６４４,2026-06-14,2026-06-17,12,住之江,一般,１３４６２５１６,2026-06-02,2026-06-08,10,三国,一般,１２２　５１２４３４２,2026-05-24,2026-05-28,21,芦屋,一般,４１１５１　２６１４,2026-05-11,2026-05-16,03,江戸川,ＧⅡ,５　４　６２５　６５３,5205,刑部 亜里紗,2026-06-28,2026-07-03,20,若松,一般,１　２１２２３４３１[４],2026-06-17,2026-06-22,13,尼崎,一般,２　２４３２１６１３２１,2026-05-30,2026-06-04,05,多摩川,ＧⅢ,５　６４４２２２１　１１,2026-05-21,2026-05-24,19,下関,一般,１　１５１３３１,2026-05-05,2026-05-10,15,丸亀,ＧⅡ,４　５４２　３３３　３３,4648,木村 亮太,2026-06-23,2026-06-28,07,蒲郡,一般,１２２　３転１３３６４４,2026-06-07,2026-06-11,05,多摩川,一般,４４４　２３１　１２,2026-05-16,2026-05-21,14,鳴門,一般,２３２　３２２　３４５２,2026-04-30,2026-05-06,11,びわこ,一般,５２６　６３３　５　５６,2026-04-17,2026-04-22,13,尼崎,一般,１６６　１２４　１６４６
202607130411,2026-07-13,04,11R,5064,品川 二千翔,2026-06-30,2026-07-05,16,児島,ＧⅡ,６　４　５５２　４２４,2026-06-11,2026-06-16,03,江戸川,一般,１　２２３　１２３２[４],2026-05-31,2026-06-05,20,若松,一般,２２２　２６１６２５１３,2026-05-21,2026-05-24,19,下関,一般,１　３５２２[５],2026-05-10,2026-05-15,16,児島,一般,２３１　６３１５１３５１,4732,堀本 和也,2026-06-29,2026-07-04,08,常滑,一般,１１１１４　１２３１[１],2026-06-21,2026-06-24,10,三国,一般,３６２５５　２,2026-06-11,2026-06-15,20,若松,一般,３１１　２１５１[２],2026-05-29,2026-06-02,23,からつ,一般,１１３　２４２３４１,2026-05-19,2026-05-24,01,桐生,一般,１　３２１３２　１１[５],4092,岡部 大輔,2026-06-26,2026-07-02,24,大村,一般,３２６　４　１５１４３４１６,2026-05-17,2026-05-23,15,丸亀,一般,３４３　５６４　２　５３５,2026-05-01,2026-05-06,23,からつ,一般,４２４　６４２　５　１３,2026-04-20,2026-04-24,18,徳山,一般,５１３　３６４　５２,2026-04-03,2026-04-07,17,宮島,一般,６４６　６F５　３,5086,本村 大,2026-06-22,2026-06-27,22,福岡,一般,３　４６５　５６４　３５,2026-06-10,2026-06-13,14,鳴門,一般,５　２５２１４１,2026-05-25,2026-05-31,03,江戸川,一般,６　４６６,2026-05-10,2026-05-14,23,からつ,一般,５６５６５　４　４５,2026-03-28,2026-04-02,24,大村,一般,３　３３６　１５３６１２,4959,井上 忠政,2026-06-30,2026-07-05,16,児島,ＧⅡ,２　２５４１２　４　１５,2026-06-13,2026-06-18,08,常滑,ＧⅠ,１　４３４　４２６　６５,2026-06-04,2026-06-09,17,宮島,ＧⅠ,５　３３３　１２転　２３,2026-05-16,2026-05-19,06,浜名湖,一般,１１１１１３[１],2026-05-03,2026-05-08,12,住之江,一般,４　２１４１２１５２[５],4531,武富 智亮,2026-06-30,2026-07-05,16,児島,ＧⅡ,１　３２３　エ　３　３１,2026-06-17,2026-06-22,24,大村,ＧⅡ,３　３６６　６　５５４,2026-06-09,2026-06-13,07,蒲郡,一般,２４３欠,2026-05-29,2026-06-02,14,鳴門,一般,３４１　３６６５１２,2026-05-16,2026-05-21,17,宮島,一般,１１４２２　２５落５１５
202607130412,2026-07-13,04,12R,5068,前田 滉,2026-06-30,2026-07-05,06,浜名湖,一般,１　３１３１１　４１[２],2026-06-20,2026-06-25,15,丸亀,一般,１２転１２４２　３１[４],2026-05-29,2026-06-02,23,からつ,一般,２１１１１２３１[１],2026-05-20,2026-05-25,05,多摩川,一般,２５４　４１,2026-05-01,2026-05-06,07,蒲郡,一般,２２１１２１３１２２[１],4121,富永 修一,2026-06-30,2026-07-04,19,下関,一般,２５３５４　４２３２,2026-06-16,2026-06-21,18,徳山,ＧⅢ,２５５　３６,2026-06-07,2026-06-12,09,津,一般,２　３２１４１１２１[４],2026-05-01,2026-05-06,20,若松,一般,１　５２６,2026-03-30,2026-04-04,15,丸亀,一般,１　１５４５３２５４１２,4529,嶋 義信,2026-06-26,2026-07-01,17,宮島,一般,６４４　２１５６４　３５,2026-06-16,2026-06-21,18,徳山,ＧⅢ,５　１４６５３　６５５,2026-06-03,2026-06-07,03,江戸川,一般,４６４,2026-05-19,2026-05-24,01,桐生,一般,４２１　１４６３４４５１,2026-05-06,2026-05-10,21,芦屋,一般,４３１　２５３６２３,4779,伊倉 光,2026-06-25,2026-06-30,13,尼崎,一般,２３４　１４２　５５２,2026-06-16,2026-06-21,09,津,一般,２　５５３　２１６５３２,2026-05-26,2026-05-31,15,丸亀,ＧⅢ,１５６　５５３　４２３３,2026-05-12,2026-05-16,01,桐生,一般,２　３４５　４４２５,2026-04-25,2026-04-30,06,浜名湖,一般,５３３　２３１　４４３４,5368,宮崎 心之介,2026-07-02,2026-07-07,04,平和島,一般,１３１　１４５　４４６３,2026-06-20,2026-06-25,15,丸亀,一般,４　４３１　３３１４２４,2026-05-28,2026-05-31,02,戸田,一般,１　２２１２[２],2026-05-11,2026-05-15,08,常滑,一般,２５５　３　１１３５,2026-04-24,2026-04-28,07,蒲郡,一般,４　４２３　３６１２,4788,小池 哲也,2026-06-30,2026-07-05,23,からつ,一般,３　５５５６６４,2026-06-21,2026-06-25,08,常滑,一般,５１２　１５３５１１,2026-06-06,2026-06-10,06,浜名湖,一般,３１１　５２２３,2026-05-20,2026-05-25,11,びわこ,ＧⅡ,４　４　４４６　２４６,2026-05-12,2026-05-15,18,徳山,一般,３４１５５　５５
202607130501,2026-07-13,05,01R,3812,山崎 聖司,2026-06-30,2026-07-04,19,下関,一般,５　４転,2026-06-16,2026-06-21,09,津,一般,４　２６４　３３５６４,2026-05-29,2026-06-03,11,びわこ,一般,５６１　６　６４４　５４,2026-05-09,2026-05-12,20,若松,一般,３３６　３６３,2026-04-27,2026-05-02,05,多摩川,一般,３５５　１　２４４６５,3455,谷本 幸司,2026-06-28,2026-07-03,20,若松,一般,２４３　１３５　５５４,2026-06-11,2026-06-16,16,児島,一般,４３５　５１６　４　５４,2026-06-03,2026-06-07,03,江戸川,一般,３　４２４　３３,2026-05-23,2026-05-28,10,三国,一般,２　２２２２５３４５５５,2026-05-01,2026-05-06,07,蒲郡,一般,１３５　１５２　１５２５,4761,山田 晃大,2026-06-30,2026-07-05,16,児島,ＧⅡ,４　５　１４５　６５３,2026-06-21,2026-06-24,10,三国,一般,１２２６３２[５],2026-06-09,2026-06-14,23,からつ,一般,４５３　３３４　２　１３,2026-05-27,2026-06-01,08,常滑,一般,１　４１５　５３４５５,2026-05-14,2026-05-19,02,戸田,一般,５　１４１４３　１４１６,4138,中井 俊祐,2026-06-30,2026-07-04,19,下関,一般,３６５　３２５　５１,2026-06-19,2026-06-24,11,びわこ,一般,２２４　２６１　１１[２],2026-06-07,2026-06-12,09,津,一般,２　２６１　２６２４２４,2026-05-23,2026-05-27,12,住之江,一般,３　１４１４５１[６],2026-05-06,2026-05-11,05,多摩川,一般,５　５５３　１６６５２,5126,山下 大輝,2026-06-29,2026-07-03,11,びわこ,一般,１２２３３２１４１４,2026-06-16,2026-06-21,09,津,一般,１転１　１１３１２３１６,2026-06-04,2026-06-08,08,常滑,一般,５４６３,2026-05-25,2026-05-31,07,蒲郡,一般,２　６１３３５３１　２５１,2026-05-14,2026-05-18,10,三国,一般,１　１３４２４２１１,4891,寺島 美里,2026-06-21,2026-06-26,16,児島,一般,２２５　６３４　３５１,2026-05-12,2026-05-17,07,蒲郡,一般,４　２２２　５４３５１５,2026-04-27,2026-05-02,05,多摩川,一般,４　４５５　５６５　５４,2026-04-08,2026-04-12,11,びわこ,一般,３　１４３５３　２４,2026-03-27,2026-03-31,13,尼崎,一般,F　５　２　４　４４
202607130502,2026-07-13,05,02R,5140,吉田 彩乃,2026-06-17,2026-06-22,13,尼崎,一般,５　５２４　２３１３５４,2026-05-20,2026-05-25,09,津,一般,２　３４１不,2026-04-29,2026-05-04,14,鳴門,ＧⅢ,５５１　４２３　２１６４,2026-04-16,2026-04-20,12,住之江,一般,２　６２３　１　６５,2026-04-01,2026-04-06,22,福岡,一般,４　２５４　４３４　３４,4660,宇田川 信一,2026-06-24,2026-06-29,03,江戸川,一般,５　４５６,2026-06-05,2026-06-10,01,桐生,一般,２　２６３　１５６６５３,2026-05-16,2026-05-21,14,鳴門,一般,５４４　６４２　３　３２,2026-04-26,2026-05-01,03,江戸川,一般,６１４　６６６　４４２,2026-04-07,2026-04-13,24,大村,一般,４　１　５３２２５　３　２５,4405,南野 利騰,2026-06-29,2026-07-04,08,常滑,一般,３　４２５　２４４２５２,2026-06-21,2026-06-24,10,三国,一般,３　３６６４４,2026-06-06,2026-06-10,06,浜名湖,一般,２４２５４　６　３３,2026-05-19,2026-05-24,01,桐生,一般,３　４４５　５４３　４３,2026-04-30,2026-05-06,11,びわこ,一般,２　３　２５２４５４４５,5096,上原 崚,2026-06-30,2026-07-05,16,児島,ＧⅡ,３　６５４　５　３４４,2026-06-16,2026-06-21,18,徳山,ＧⅢ,５４１　１６６３１４２６,2026-06-01,2026-06-05,19,下関,一般,１３３４１　１５１２,2026-05-20,2026-05-25,11,びわこ,ＧⅡ,６　４　４３６　３３１,2026-05-11,2026-05-16,03,江戸川,ＧⅡ,４　６　１　２５３　２３,3891,谷口 健一,2026-06-30,2026-07-04,19,下関,一般,６　６妨１　６　６欠,2026-06-19,2026-06-24,11,びわこ,一般,６　４５１　５５２　５６,2026-06-13,2026-06-16,06,浜名湖,一般,５５４　５４２５,2026-06-04,2026-06-08,08,常滑,一般,４４４３６　４４５５,2026-05-19,2026-05-24,01,桐生,一般,６　３４６　６６６　６６,4743,木村 仁紀,2026-06-30,2026-07-05,06,浜名湖,一般,２エ３　１　３１４５１４,2026-06-21,2026-06-26,16,児島,一般,３４５４１２１　３１[６],2026-06-09,2026-06-14,23,からつ,一般,１１５３１　２３３３３３,2026-05-20,2026-05-25,11,びわこ,ＧⅡ,４２４　転　３４４　４１,2026-05-12,2026-05-16,04,平和島,一般,１５２　４１３３[６]
202607130503,2026-07-13,05,03R,4746,大豆生田 蒼,2026-06-18,2026-06-23,02,戸田,一般,４２１３６　４２２２３,2026-06-06,2026-06-11,15,丸亀,一般,５２２１１３２　４４１６,2026-04-25,2026-04-30,06,浜名湖,一般,１　２５６４５　３１３３,2026-04-15,2026-04-20,09,津,一般,２　３２３５３３１２[６],2026-04-05,2026-04-11,07,蒲郡,一般,１４５　３４４５３　２６５６,3746,岡瀬 正人,2026-07-03,2026-07-06,09,津,一般,１５３　１４３５,2026-06-21,2026-06-26,16,児島,一般,１　４２４１２２２４３２,2026-06-06,2026-06-10,06,浜名湖,一般,１　３５５１４４６４,2026-05-27,2026-06-01,08,常滑,一般,３５４　２４４　１１３４,2026-05-12,2026-05-16,01,桐生,一般,４　３５３５４　２４,5044,渡邉 健,2026-06-05,2026-06-10,01,桐生,一般,６　４３３　１４５３５１,2026-05-17,2026-05-23,15,丸亀,一般,６３１　６３６　２　６６３,2026-04-27,2026-05-02,05,多摩川,一般,６５５　６　４F６　６,2026-04-11,2026-04-14,04,平和島,一般,５　６５２　６１,2026-03-20,2026-03-25,06,浜名湖,ＧⅢ,６　６５６６１　４５６,4836,大谷 健太,2026-07-03,2026-07-08,12,住之江,一般,４３２　５６３　５　５４,2026-06-21,2026-06-25,08,常滑,一般,６　６３３　４欠,2026-05-20,2026-05-25,05,多摩川,一般,３　１４２６２　１３３３,2026-05-01,2026-05-06,02,戸田,一般,６　５　５６１　１３３２,2026-04-22,2026-04-25,14,鳴門,一般,３　５５４　２４,5185,加藤 優弥,2026-06-29,2026-07-03,11,びわこ,一般,１５４　４１F　５,2026-06-20,2026-06-25,06,浜名湖,一般,２　６３１　３３４４４６,2026-05-13,2026-05-18,19,下関,一般,１　２２５１５　１２[３],2026-05-02,2026-05-07,10,三国,一般,２　５６４　４１２６１,2026-04-18,2026-04-23,24,大村,一般,３　３３F　６　３　５,4415,下出 卓矢,2026-06-30,2026-07-05,16,児島,ＧⅡ,６　２６６　３　６３５,2026-06-17,2026-06-22,24,大村,ＧⅡ,１５１　２　５４１　５１,2026-06-05,2026-06-10,01,桐生,一般,５６１　１５２　２１３４,2026-05-16,2026-05-21,14,鳴門,一般,６２１　３５４３１６４６,2026-05-02,2026-05-07,10,三国,一般,４　４２５１１１２６２６
202607130504,2026-07-13,05,04R,4901,出口 舞有子,2026-06-24,2026-06-28,04,平和島,一般,１　５２６５５３,2026-06-14,2026-06-18,01,桐生,一般,３　５　４４５　３１,2026-05-31,2026-06-05,13,尼崎,一般,６６５　１２３　１３６１,2026-05-12,2026-05-17,07,蒲郡,一般,１３１　３２３３４３３,2026-04-23,2026-04-29,12,住之江,一般,５　３　６４５　１４３３２２,3822,平尾 崇典,2026-06-30,2026-07-05,16,児島,ＧⅡ,２５４　３　４４１　２６,2026-06-21,2026-06-24,19,下関,一般,１１２３２１[５],2026-06-11,2026-06-16,10,三国,一般,１５２　５５２３２　４１,2026-05-27,2026-06-01,08,常滑,一般,１２転１１１５６３　４３,2026-05-11,2026-05-16,03,江戸川,ＧⅡ,１　１　５５１　１４５,4977,馬野 耀,2026-06-30,2026-07-05,23,からつ,一般,２　４１５５不欠,2026-06-21,2026-06-26,16,児島,一般,１３３　５２１１３５１１,2026-06-05,2026-06-10,18,徳山,一般,３５５３４１１　１５１３,2026-05-20,2026-05-25,11,びわこ,ＧⅡ,２　６　２４５　２２３,2026-05-08,2026-05-13,14,鳴門,一般,３２３６１３４　３　４２,4039,村上 功祐,2026-06-29,2026-07-03,11,びわこ,一般,１　２４４２３２[５],2026-06-21,2026-06-24,19,下関,一般,２５３　２３２２,2026-06-11,2026-06-16,10,三国,一般,２６２４２２４　１６１３,2026-05-29,2026-06-02,23,からつ,一般,１５５　５２４　６,2026-05-11,2026-05-14,12,住之江,一般,２２４　６４３２,4240,今井 裕梨,2026-06-23,2026-06-28,07,蒲郡,一般,４１２３５　４６１６２６,2026-06-12,2026-06-17,22,福岡,ＧⅢ,６３３３４　６２２　４２,2026-05-24,2026-05-29,24,大村,一般,２　３６６　１５３　１３,2026-05-05,2026-05-09,18,徳山,一般,５　１５２４１４３３,2026-04-22,2026-04-27,20,若松,ＧⅢ,１６３　３３４４２６３６,4854,大橋 由珠,2026-06-30,2026-07-05,23,からつ,一般,６　３４２　３転３３５２,2026-06-09,2026-06-13,07,蒲郡,一般,５　F４６　４　４,2026-05-12,2026-05-16,04,平和島,一般,２５２　６３５　４３,2026-04-23,2026-04-29,12,住之江,一般,６　欠,2026-04-01,2026-04-06,22,福岡,一般,２４５　２　５５５　４
202607130505,2026-07-13,05,05R,4380,鈴木 峻佑,2026-06-30,2026-07-04,19,下関,一般,４３２　５２３　４３,2026-06-20,2026-06-25,06,浜名湖,一般,３６５　１５４　６　１３,2026-06-10,2026-06-13,14,鳴門,一般,１１４５５５５５,2026-05-25,2026-05-31,07,蒲郡,一般,６エ５　４１１　６　４５６,2026-05-09,2026-05-14,11,びわこ,一般,２　４６１　１４２５２５,4191,赤羽 克也,2026-07-01,2026-07-06,22,福岡,一般,１２２４２　１２３１[２],2026-06-21,2026-06-24,19,下関,一般,１　３６４１２１,2026-06-09,2026-06-14,23,からつ,一般,１　２１４　３２３３２１,2026-05-27,2026-06-01,08,常滑,一般,２　１５１　１３２２[６],2026-05-12,2026-05-16,04,平和島,一般,４１５４５　２６５４,3812,山崎 聖司,2026-06-30,2026-07-04,19,下関,一般,５　４転,2026-06-16,2026-06-21,09,津,一般,４　２６４　３３５６４,2026-05-29,2026-06-03,11,びわこ,一般,５６１　６　６４４　５４,2026-05-09,2026-05-12,20,若松,一般,３３６　３６３,2026-04-27,2026-05-02,05,多摩川,一般,３５５　１　２４４６５,4137,君島 秀三,2026-06-30,2026-07-05,06,浜名湖,一般,３２２　２１１　１３２１,2026-06-17,2026-06-22,17,宮島,ＧⅢ,２５６５３５,2026-06-05,2026-06-10,01,桐生,一般,１１２　４２３５４３４１,2026-05-21,2026-05-24,19,下関,一般,２１１２３１[３],2026-05-10,2026-05-14,23,からつ,一般,２６２　３１１３３１,5061,中村 駿平,2026-06-21,2026-06-24,10,三国,一般,６　５４３　６６,2026-06-04,2026-06-08,08,常滑,一般,５　４６５４F　６,2026-05-21,2026-05-24,19,下関,一般,５　５６４　６４,2026-05-01,2026-05-06,07,蒲郡,一般,６　２５３　６４６　４３,2026-04-14,2026-04-19,20,若松,一般,５５５　５６６　２　６４,4850,野中 一平,2026-06-30,2026-07-05,16,児島,ＧⅡ,５１１　６　１６３２６,2026-06-22,2026-06-27,23,からつ,一般,６３２１３　１４１２[５],2026-06-08,2026-06-13,13,尼崎,ＧⅠ,６　１　４６５　３３３,2026-05-27,2026-06-01,08,常滑,一般,２４３４４１２２２３２１,2026-05-12,2026-05-16,01,桐生,一般,６５１　１１６４１３
202607130506,2026-07-13,05,06R,4781,西舘 果里,2026-06-17,2026-06-20,07,蒲郡,一般,６　５４４F２,2026-05-31,2026-06-05,13,尼崎,一般,６　２２５６,2026-05-18,2026-05-23,18,徳山,ＧⅢ,５２１　５４４２妨　２４,2026-03-08,2026-03-11,13,尼崎,一般,４３６　４　２４,2026-01-11,2026-01-14,02,戸田,一般,５　２４２５４１,4405,南野 利騰,2026-06-29,2026-07-04,08,常滑,一般,３　４２５　２４４２５２,2026-06-21,2026-06-24,10,三国,一般,３　３６６４４,2026-06-06,2026-06-10,06,浜名湖,一般,２４２５４　６　３３,2026-05-19,2026-05-24,01,桐生,一般,３　４４５　５４３　４３,2026-04-30,2026-05-06,11,びわこ,一般,２　３　２５２４５４４５,4886,入海 馨,2026-06-30,2026-07-05,16,児島,ＧⅡ,４６３　５１３　１　５２,2026-06-21,2026-06-24,10,三国,一般,転６４３１　１３,2026-05-15,2026-05-20,21,芦屋,ＧⅠ,６６４　３３１　３２５,2026-04-30,2026-05-05,17,宮島,一般,４１１　２５２３１４２３,2026-04-11,2026-04-16,22,福岡,ＧⅠ,４６３　１６６　６　２６,5201,村上 宗太郎,2026-06-30,2026-07-05,23,からつ,一般,５　１５３５５　６３エ２,2026-06-20,2026-06-25,15,丸亀,一般,２２５　４５４　１５２,2026-06-01,2026-06-04,24,大村,一般,６２　　１　２２,2026-05-13,2026-05-18,19,下関,一般,５　１５６３２　２４３２,2026-04-27,2026-05-02,05,多摩川,一般,５　４４１４１　５４６,4514,上條 嘉嗣,2026-07-02,2026-07-06,21,芦屋,一般,１３１２６２２２[４],2026-06-22,2026-06-27,23,からつ,一般,２２１　１６１１４１[２],2026-06-14,2026-06-17,12,住之江,一般,３６１　１１[２],2026-06-01,2026-06-05,19,下関,一般,２６２１４１１２[６],2026-05-15,2026-05-20,20,若松,一般,１５１　２２１　２３１１,4809,外崎 悟,2026-06-30,2026-07-05,16,児島,ＧⅡ,６　４　６４１　４３４５,2026-06-09,2026-06-14,11,びわこ,一般,３４２　４６３　１３４５,2026-05-25,2026-05-31,03,江戸川,一般,３　２２３　３１６　４４３転,2026-05-01,2026-05-06,01,桐生,一般,３　４５転３５　４１２,2026-04-14,2026-04-19,02,戸田,ＧⅢ,４２２　４３２　５３[５]
202607130507,2026-07-13,05,07R,4836,大谷 健太,2026-07-03,2026-07-08,12,住之江,一般,４３２　５６３　５　５４,2026-06-21,2026-06-25,08,常滑,一般,６　６３３　４欠,2026-05-20,2026-05-25,05,多摩川,一般,３　１４２６２　１３３３,2026-05-01,2026-05-06,02,戸田,一般,６　５　５６１　１３３２,2026-04-22,2026-04-25,14,鳴門,一般,３　５５４　２４,4905,土井 祥伍,2026-07-03,2026-07-06,09,津,一般,２　１６４４１５,2026-06-24,2026-06-28,04,平和島,一般,５４４　３６４４,2026-06-15,2026-06-20,21,芦屋,一般,３３２５２　２６３２６,2026-05-25,2026-05-31,07,蒲郡,一般,３　４３６　５３６　３６４,2026-05-09,2026-05-12,20,若松,一般,４　２５４　４２,4138,中井 俊祐,2026-06-30,2026-07-04,19,下関,一般,３６５　３２５　５１,2026-06-19,2026-06-24,11,びわこ,一般,２２４　２６１　１１[２],2026-06-07,2026-06-12,09,津,一般,２　２６１　２６２４２４,2026-05-23,2026-05-27,12,住之江,一般,３　１４１４５１[６],2026-05-06,2026-05-11,05,多摩川,一般,５　５５３　１６６５２,4743,木村 仁紀,2026-06-30,2026-07-05,06,浜名湖,一般,２エ３　１　３１４５１４,2026-06-21,2026-06-26,16,児島,一般,３４５４１２１　３１[６],2026-06-09,2026-06-14,23,からつ,一般,１１５３１　２３３３３３,2026-05-20,2026-05-25,11,びわこ,ＧⅡ,４２４　転　３４４　４１,2026-05-12,2026-05-16,04,平和島,一般,１５２　４１３３[６],4819,蜂須 瑞生,2026-06-29,2026-07-04,08,常滑,一般,１５４　６６１　３　５２,2026-06-20,2026-06-25,06,浜名湖,一般,４４４　４５F　４　４,2026-05-14,2026-05-19,02,戸田,一般,４４２　３２１　２５１１,2026-05-01,2026-05-06,01,桐生,一般,３　４３３　１　６　３３,2026-04-15,2026-04-20,09,津,一般,１F５　６　５　５　４,4428,有賀 達也,2026-06-30,2026-07-05,23,からつ,一般,５３２５１　４２１３２１,2026-06-16,2026-06-21,18,徳山,ＧⅢ,５４５６３　１６４１３４,2026-06-06,2026-06-10,24,大村,一般,１２５３２　３３１２,2026-05-28,2026-05-31,02,戸田,一般,４３５１３１１５,2026-05-19,2026-05-23,16,児島,一般,１５２１１４２２[２]
202607130508,2026-07-13,05,08R,4793,金子 萌,2026-06-30,2026-07-05,16,児島,ＧⅡ,１　１６２　２　４　１６,2026-06-21,2026-06-24,10,三国,一般,４１１１４１[４],2026-06-11,2026-06-15,20,若松,一般,５　５３１３１１６２,2026-05-29,2026-06-03,11,びわこ,一般,１２６　３３２１４１[１],2026-05-16,2026-05-21,14,鳴門,一般,１３１１２　１１４１[５],4533,峰重 侑治,2026-06-30,2026-07-04,19,下関,一般,４　４６１５６　２,2026-06-09,2026-06-13,07,蒲郡,一般,４　５５５　４４４４,2026-04-23,2026-04-28,23,からつ,一般,５　４４３５転,2026-04-11,2026-04-16,14,鳴門,一般,３１３　６６３３３　４６,2026-03-19,2026-03-25,15,丸亀,一般,５　F２４　６　３　３　２,4854,大橋 由珠,2026-06-30,2026-07-05,23,からつ,一般,６　３４２　３転３３５２,2026-06-09,2026-06-13,07,蒲郡,一般,５　F４６　４　４,2026-05-12,2026-05-16,04,平和島,一般,２５２　６３５　４３,2026-04-23,2026-04-29,12,住之江,一般,６　欠,2026-04-01,2026-04-06,22,福岡,一般,２４５　２　５５５　４,5178,成貞 琳平,2026-06-26,2026-07-02,24,大村,一般,６４６　１　２６４　４１６２,2026-06-11,2026-06-16,03,江戸川,一般,６５４　４１５　５４４３,2026-05-30,2026-06-03,12,住之江,一般,３　４６５　２５３４,2026-05-13,2026-05-18,19,下関,一般,３１５　４６４６４　４,2026-05-03,2026-05-08,08,常滑,一般,４４４　３５１　６３４,4415,下出 卓矢,2026-06-30,2026-07-05,16,児島,ＧⅡ,６　２６６　３　６３５,2026-06-17,2026-06-22,24,大村,ＧⅡ,１５１　２　５４１　５１,2026-06-05,2026-06-10,01,桐生,一般,５６１　１５２　２１３４,2026-05-16,2026-05-21,14,鳴門,一般,６２１　３５４３１６４６,2026-05-02,2026-05-07,10,三国,一般,４　４２５１１１２６２６,4837,酒井 陽祐,2026-06-29,2026-07-04,08,常滑,一般,２　２２２　４３１６１２,2026-06-21,2026-06-24,10,三国,一般,２欠４　３　２２,2026-05-31,2026-06-05,13,尼崎,一般,１３２　３４６　６６１４,2026-05-09,2026-05-14,09,津,ＧⅢ,３６２　５６６　２　６６,2026-04-23,2026-04-28,23,からつ,一般,５２３　３６６３３　２４
202607130509,2026-07-13,05,09R,4191,赤羽 克也,2026-07-01,2026-07-06,22,福岡,一般,１２２４２　１２３１[２],2026-06-21,2026-06-24,19,下関,一般,１　３６４１２１,2026-06-09,2026-06-14,23,からつ,一般,１　２１４　３２３３２１,2026-05-27,2026-06-01,08,常滑,一般,２　１５１　１３２２[６],2026-05-12,2026-05-16,04,平和島,一般,４１５４５　２６５４,5185,加藤 優弥,2026-06-29,2026-07-03,11,びわこ,一般,１５４　４１F　５,2026-06-20,2026-06-25,06,浜名湖,一般,２　６３１　３３４４４６,2026-05-13,2026-05-18,19,下関,一般,１　２２５１５　１２[３],2026-05-02,2026-05-07,10,三国,一般,２　５６４　４１２６１,2026-04-18,2026-04-23,24,大村,一般,３　３３F　６　３　５,5140,吉田 彩乃,2026-06-17,2026-06-22,13,尼崎,一般,５　５２４　２３１３５４,2026-05-20,2026-05-25,09,津,一般,２　３４１不,2026-04-29,2026-05-04,14,鳴門,ＧⅢ,５５１　４２３　２１６４,2026-04-16,2026-04-20,12,住之江,一般,２　６２３　１　６５,2026-04-01,2026-04-06,22,福岡,一般,４　２５４　４３４　３４,3822,平尾 崇典,2026-06-30,2026-07-05,16,児島,ＧⅡ,２５４　３　４４１　２６,2026-06-21,2026-06-24,19,下関,一般,１１２３２１[５],2026-06-11,2026-06-16,10,三国,一般,１５２　５５２３２　４１,2026-05-27,2026-06-01,08,常滑,一般,１２転１１１５６３　４３,2026-05-11,2026-05-16,03,江戸川,ＧⅡ,１　１　５５１　１４５,4175,川尻 泰輔,2026-06-19,2026-06-24,11,びわこ,一般,１　２２６５６　１３４,2026-06-06,2026-06-10,06,浜名湖,一般,１　６６６５２　５２,2026-05-14,2026-05-19,02,戸田,一般,４　１２２　４２３６１４,2026-05-03,2026-05-08,04,平和島,一般,１　４５２６２　５３４,2026-04-18,2026-04-23,05,多摩川,一般,６４１　２　５６１　２３,3455,谷本 幸司,2026-06-28,2026-07-03,20,若松,一般,２４３　１３５　５５４,2026-06-11,2026-06-16,16,児島,一般,４３５　５１６　４　５４,2026-06-03,2026-06-07,03,江戸川,一般,３　４２４　３３,2026-05-23,2026-05-28,10,三国,一般,２　２２２２５３４５５５,2026-05-01,2026-05-06,07,蒲郡,一般,１３５　１５２　１５２５
202607130510,2026-07-13,05,10R,5126,山下 大輝,2026-06-29,2026-07-03,11,びわこ,一般,１２２３３２１４１４,2026-06-16,2026-06-21,09,津,一般,１転１　１１３１２３１６,2026-06-04,2026-06-08,08,常滑,一般,５４６３,2026-05-25,2026-05-31,07,蒲郡,一般,２　６１３３５３１　２５１,2026-05-14,2026-05-18,10,三国,一般,１　１３４２４２１１,4809,外崎 悟,2026-06-30,2026-07-05,16,児島,ＧⅡ,６　４　６４１　４３４５,2026-06-09,2026-06-14,11,びわこ,一般,３４２　４６３　１３４５,2026-05-25,2026-05-31,03,江戸川,一般,３　２２３　３１６　４４３転,2026-05-01,2026-05-06,01,桐生,一般,３　４５転３５　４１２,2026-04-14,2026-04-19,02,戸田,ＧⅢ,４２２　４３２　５３[５],5061,中村 駿平,2026-06-21,2026-06-24,10,三国,一般,６　５４３　６６,2026-06-04,2026-06-08,08,常滑,一般,５　４６５４F　６,2026-05-21,2026-05-24,19,下関,一般,５　５６４　６４,2026-05-01,2026-05-06,07,蒲郡,一般,６　２５３　６４６　４３,2026-04-14,2026-04-19,20,若松,一般,５５５　５６６　２　６４,4422,永井 亮次,2026-06-25,2026-06-29,21,芦屋,一般,２　６６５５４　３５,2026-06-16,2026-06-21,18,徳山,ＧⅢ,転,2026-05-27,2026-06-01,08,常滑,一般,２２５　２６４　６６１３,2026-05-09,2026-05-14,09,津,ＧⅢ,５４５　３　３４５　５３,2026-04-25,2026-04-30,13,尼崎,一般,２４６　４５６　６　５,4651,佐藤 大騎,2026-05-31,2026-06-05,13,尼崎,一般,４６５　２　５４,2026-05-15,2026-05-20,20,若松,一般,５６３　４　６５４　４,2026-05-03,2026-05-08,12,住之江,一般,６　５４６　４６５　４６,2026-04-24,2026-04-29,04,平和島,一般,F　４　６　４３５　５,2026-04-16,2026-04-21,08,常滑,一般,４　３５３　３４６４５５,3746,岡瀬 正人,2026-07-03,2026-07-06,09,津,一般,１５３　１４３５,2026-06-21,2026-06-26,16,児島,一般,１　４２４１２２２４３２,2026-06-06,2026-06-10,06,浜名湖,一般,１　３５５１４４６４,2026-05-27,2026-06-01,08,常滑,一般,３５４　２４４　１１３４,2026-05-12,2026-05-16,01,桐生,一般,４　３５３５４　２４
202607130511,2026-07-13,05,11R,4137,君島 秀三,2026-06-30,2026-07-05,06,浜名湖,一般,３２２　２１１　１３２１,2026-06-17,2026-06-22,17,宮島,ＧⅢ,２５６５３５,2026-06-05,2026-06-10,01,桐生,一般,１１２　４２３５４３４１,2026-05-21,2026-05-24,19,下関,一般,２１１２３１[３],2026-05-10,2026-05-14,23,からつ,一般,２６２　３１１３３１,4886,入海 馨,2026-06-30,2026-07-05,16,児島,ＧⅡ,４６３　５１３　１　５２,2026-06-21,2026-06-24,10,三国,一般,転６４３１　１３,2026-05-15,2026-05-20,21,芦屋,ＧⅠ,６６４　３３１　３２５,2026-04-30,2026-05-05,17,宮島,一般,４１１　２５２３１４２３,2026-04-11,2026-04-16,22,福岡,ＧⅠ,４６３　１６６　６　２６,4901,出口 舞有子,2026-06-24,2026-06-28,04,平和島,一般,１　５２６５５３,2026-06-14,2026-06-18,01,桐生,一般,３　５　４４５　３１,2026-05-31,2026-06-05,13,尼崎,一般,６６５　１２３　１３６１,2026-05-12,2026-05-17,07,蒲郡,一般,１３１　３２３３４３３,2026-04-23,2026-04-29,12,住之江,一般,５　３　６４５　１４３３２２,5179,藤本 元輝,2026-06-30,2026-07-04,19,下関,一般,６５３　６　３５１,2026-04-20,2026-04-23,11,びわこ,一般,５　３１５６１３,2026-03-12,2026-03-17,07,蒲郡,一般,３４F　６　６　６　５,2026-02-28,2026-03-03,03,江戸川,一般,２　３６１４６６,2026-02-17,2026-02-22,13,尼崎,一般,３６エ　２２５２５　５６,4428,有賀 達也,2026-06-30,2026-07-05,23,からつ,一般,５３２５１　４２１３２１,2026-06-16,2026-06-21,18,徳山,ＧⅢ,５４５６３　１６４１３４,2026-06-06,2026-06-10,24,大村,一般,１２５３２　３３１２,2026-05-28,2026-05-31,02,戸田,一般,４３５１３１１５,2026-05-19,2026-05-23,16,児島,一般,１５２１１４２２[２],5044,渡邉 健,2026-06-05,2026-06-10,01,桐生,一般,６　４３３　１４５３５１,2026-05-17,2026-05-23,15,丸亀,一般,６３１　６３６　２　６６３,2026-04-27,2026-05-02,05,多摩川,一般,６５５　６　４F６　６,2026-04-11,2026-04-14,04,平和島,一般,５　６５２　６１,2026-03-20,2026-03-25,06,浜名湖,ＧⅢ,６　６５６６１　４５６
202607130512,2026-07-13,05,12R,4514,上條 嘉嗣,2026-07-02,2026-07-06,21,芦屋,一般,１３１２６２２２[４],2026-06-22,2026-06-27,23,からつ,一般,２２１　１６１１４１[２],2026-06-14,2026-06-17,12,住之江,一般,３６１　１１[２],2026-06-01,2026-06-05,19,下関,一般,２６２１４１１２[６],2026-05-15,2026-05-20,20,若松,一般,１５１　２２１　２３１１,4819,蜂須 瑞生,2026-06-29,2026-07-04,08,常滑,一般,１５４　６６１　３　５２,2026-06-20,2026-06-25,06,浜名湖,一般,４４４　４５F　４　４,2026-05-14,2026-05-19,02,戸田,一般,４４２　３２１　２５１１,2026-05-01,2026-05-06,01,桐生,一般,３　４３３　１　６　３３,2026-04-15,2026-04-20,09,津,一般,１F５　６　５　５　４,4850,野中 一平,2026-06-30,2026-07-05,16,児島,ＧⅡ,５１１　６　１６３２６,2026-06-22,2026-06-27,23,からつ,一般,６３２１３　１４１２[５],2026-06-08,2026-06-13,13,尼崎,ＧⅠ,６　１　４６５　３３３,2026-05-27,2026-06-01,08,常滑,一般,２４３４４１２２２３２１,2026-05-12,2026-05-16,01,桐生,一般,６５１　１１６４１３,4533,峰重 侑治,2026-06-30,2026-07-04,19,下関,一般,４　４６１５６　２,2026-06-09,2026-06-13,07,蒲郡,一般,４　５５５　４４４４,2026-04-23,2026-04-28,23,からつ,一般,５　４４３５転,2026-04-11,2026-04-16,14,鳴門,一般,３１３　６６３３３　４６,2026-03-19,2026-03-25,15,丸亀,一般,５　F２４　６　３　３　２,4039,村上 功祐,2026-06-29,2026-07-03,11,びわこ,一般,１　２４４２３２[５],2026-06-21,2026-06-24,19,下関,一般,２５３　２３２２,2026-06-11,2026-06-16,10,三国,一般,２６２４２２４　１６１３,2026-05-29,2026-06-02,23,からつ,一般,１５５　５２４　６,2026-05-11,2026-05-14,12,住之江,一般,２２４　６４３２,5096,上原 崚,2026-06-30,2026-07-05,16,児島,ＧⅡ,３　６５４　５　３４４,2026-06-16,2026-06-21,18,徳山,ＧⅢ,５４１　１６６３１４２６,2026-06-01,2026-06-05,19,下関,一般,１３３４１　１５１２,2026-05-20,2026-05-25,11,びわこ,ＧⅡ,６　４　４３６　３３１,2026-05-11,2026-05-16,03,江戸川,ＧⅡ,４　６　１　２５３　２３
202607130601,2026-07-13,06,01R,3814,金子 貴志,2026-06-28,2026-07-01,10,三国,一般,１　３２３５４４,2026-06-17,2026-06-22,05,多摩川,一般,６　３４６　５５４　３２,2026-06-04,2026-06-08,08,常滑,一般,１３５　２３１４４２,2026-05-16,2026-05-21,14,鳴門,一般,３４６　４　１４４　４３,2026-05-02,2026-05-07,10,三国,一般,２２３　２５５　３６３３,4796,春園 功太,2026-06-30,2026-07-04,19,下関,一般,３２２３１　４６２３,2026-06-22,2026-06-27,23,からつ,一般,６１３６６６１,2026-06-11,2026-06-15,20,若松,一般,６　２３５１３３１１,2026-05-29,2026-06-03,11,びわこ,一般,４　５２１１１１４５１２,2026-05-15,2026-05-18,13,尼崎,一般,６,4898,菊地 敬介,2026-06-24,2026-06-28,04,平和島,一般,３１３２２　[６],2026-06-14,2026-06-18,01,桐生,一般,５４４　６　４６３,2026-05-25,2026-05-31,03,江戸川,一般,１　６６５　４５　　３　３２,2026-05-08,2026-05-13,22,福岡,一般,５６５　４２３　５　１２,2026-03-28,2026-04-03,08,常滑,一般,２　５２２　６５４６３３,5214,田中 宏典,2026-06-25,2026-06-30,13,尼崎,一般,３４３　５６５　６　１２,2026-06-11,2026-06-16,03,江戸川,一般,２　３３４　２転,2026-05-13,2026-05-18,19,下関,一般,４　６５２　２４３２３３,2026-05-01,2026-05-06,23,からつ,一般,４６１　５６５４４３５,2026-04-23,2026-04-28,23,からつ,一般,２２１　３１４４５４１２,4073,大橋 純一郎,2026-06-26,2026-07-02,24,大村,一般,４　５１２２２　３３３６１４,2026-06-03,2026-06-08,21,芦屋,一般,１　２５１４２４６５４４,2026-05-21,2026-05-24,19,下関,一般,２２１１１１[２],2026-05-11,2026-05-15,08,常滑,一般,２５２５５　２　２２,2026-04-30,2026-05-06,09,津,一般,２　６　２２１４５２[５],3635,石田 政吾,2026-06-26,2026-07-01,17,宮島,一般,１　４２３２４３１６２３,2026-06-12,2026-06-17,19,下関,一般,６４５　２６４　６　３,2026-05-28,2026-06-02,01,桐生,一般,３２６　４６５　２,2026-05-14,2026-05-18,10,三国,一般,５　３４６　５３５,2026-04-25,2026-04-30,13,尼崎,一般,５５２　３　４６６　５
202607130602,2026-07-13,06,02R,4146,柳橋 宏紀,2026-06-21,2026-06-26,16,児島,一般,２　４５５　３４２　４４,2026-06-12,2026-06-17,19,下関,一般,１４３２３　６４５　転６,2026-05-26,2026-05-31,15,丸亀,ＧⅢ,４　２５５　３３３　３４,2026-05-09,2026-05-14,11,びわこ,一般,４４４　２　３３４２６,2026-04-26,2026-05-01,24,大村,一般,２５１　１３２　３２[１],3156,金子 良昭,2026-06-29,2026-07-04,08,常滑,一般,４　６６６　４６,2026-06-21,2026-06-24,19,下関,一般,２　４６６　２５,2026-06-07,2026-06-11,05,多摩川,一般,３　３２５　５２４５,2026-05-23,2026-05-27,12,住之江,一般,４　３５３３６　６５,2026-05-03,2026-05-08,06,浜名湖,一般,４　１３４　５２１２２５,3659,藤生 雄人,2026-06-27,2026-07-01,02,戸田,一般,４　２５２１３　６４,2026-05-19,2026-05-24,08,常滑,一般,１　２４６４２２６　４,2026-05-06,2026-05-11,05,多摩川,一般,４６５　４３１,2026-04-21,2026-04-25,01,桐生,一般,３４３　２　６３２,2026-04-11,2026-04-14,04,平和島,一般,２F３　４　４,4623,中北 将史,2026-06-28,2026-07-02,05,多摩川,一般,５４６,2026-06-16,2026-06-21,09,津,一般,１　５４２　３５２３３,2026-06-03,2026-06-07,03,江戸川,一般,２　５２１　６１,2026-05-28,2026-05-31,02,戸田,一般,４４５　２３１６,2026-05-11,2026-05-14,12,住之江,一般,５４４　５　６１,4688,永井 彪也,2026-06-25,2026-06-30,01,桐生,ＧⅢ,６１５　４２１　１５１６,2026-06-13,2026-06-18,08,常滑,ＧⅠ,５　３３４　１６２２２２,2026-06-04,2026-06-09,17,宮島,ＧⅠ,６　４２５　６　６５２,2026-05-19,2026-05-23,16,児島,一般,３２１１１１１３４１,2026-05-09,2026-05-14,09,津,ＧⅢ,１　１２６２１１３４１２,4491,田中 堅,2026-07-02,2026-07-07,04,平和島,一般,２４２　４５２　６３３６,2026-06-25,2026-06-29,21,芦屋,一般,５５４　５３６　４２,2026-06-18,2026-06-21,04,平和島,一般,６４５　２５２５,2026-06-03,2026-06-07,07,蒲郡,一般,３４２　６６４,2026-05-15,2026-05-20,20,若松,一般,６　３４３５３　６　５６
202607130603,2026-07-13,06,03R,5204,宇恵 有香,2026-06-21,2026-06-24,10,三国,一般,１６６　６１３６,2026-06-06,2026-06-10,24,大村,一般,３２３　６　４２２３,2026-05-20,2026-05-25,09,津,一般,３　３３２４６　６３４５,2026-05-12,2026-05-16,04,平和島,一般,３５４　５　１４５６,2026-04-29,2026-05-04,14,鳴門,ＧⅢ,６４６　３　３３２　１３,4464,山下 友貴,2026-07-01,2026-07-06,07,蒲郡,一般,２１２　５６１　３２[２],2026-06-12,2026-06-17,22,福岡,ＧⅢ,３３２　２５５　２１２４,2026-05-30,2026-06-04,05,多摩川,ＧⅢ,６　２５１　１５２２１３,2026-05-22,2026-05-26,23,からつ,一般,６　１６３４３　３３,2026-05-09,2026-05-14,11,びわこ,一般,３　１３２６６３５　４３,4433,川野 芽唯,2026-07-01,2026-07-06,07,蒲郡,一般,２　５１３２１　４５３４,2026-06-21,2026-06-24,19,下関,一般,２１５３１２[６],2026-06-12,2026-06-17,22,福岡,ＧⅢ,２５１１１　１４４３２２,2026-05-31,2026-06-05,13,尼崎,一般,５６３５３　２２３１２２,2026-05-18,2026-05-23,18,徳山,ＧⅢ,１　１３１１２４３１[５],3994,小野 桜,2026-06-12,2026-06-17,22,福岡,ＧⅢ,４５３　２３４　２４１,2026-05-30,2026-06-03,12,住之江,一般,３５６　５４３　３,2026-05-14,2026-05-18,10,三国,一般,４５３　５６５　３,2026-05-04,2026-05-09,13,尼崎,一般,５２５　２６４　２４３,2026-04-22,2026-04-27,20,若松,ＧⅢ,２４２　４５１　４２３３,4689,豊田 結,2026-07-01,2026-07-06,07,蒲郡,一般,３２４　４３１　４　２４,2026-06-07,2026-06-11,05,多摩川,一般,３５５　２６４　３,2026-05-24,2026-05-29,24,大村,一般,３　５６６　６６４　６,2026-05-12,2026-05-17,07,蒲郡,一般,１　１２１３２２２３２１,2026-04-29,2026-05-04,14,鳴門,ＧⅢ,２５６４２１３　１６１４,4317,木村 紗友希,2026-06-18,2026-06-23,02,戸田,一般,４１２　３６４　６５４,2026-06-01,2026-06-05,19,下関,一般,５２２　１４６６２６,2026-05-20,2026-05-25,09,津,一般,４１３　４３５６５　５４,2026-05-03,2026-05-08,06,浜名湖,一般,６　６６６　１６４　６,2026-04-22,2026-04-27,20,若松,ＧⅢ,５５６　５６６　６　２５
202607130604,2026-07-13,06,04R,5291,三嶌 こころ,2026-06-29,2026-07-04,08,常滑,一般,２４４　５３３　３３１,2026-06-17,2026-06-20,07,蒲郡,一般,３　５２２５５５,2026-06-06,2026-06-11,15,丸亀,一般,５５４　１２２　２　３１,2026-05-30,2026-06-03,12,住之江,一般,６　４５６５５　４,2026-05-19,2026-05-23,16,児島,一般,２　４５４１２　６５,4589,塩崎 桐加,2026-06-21,2026-06-24,10,三国,一般,３４１３５５４１,2026-06-12,2026-06-17,22,福岡,ＧⅢ,６３２　４６１　５４５１,2026-05-30,2026-06-04,05,多摩川,ＧⅢ,１　３３１３６　２３４３,2026-05-19,2026-05-23,16,児島,一般,２　４６６６３２３３,2026-05-09,2026-05-14,11,びわこ,一般,５１５４３　２５４　４１,4286,平田 さやか,2026-06-25,2026-06-29,18,徳山,一般,１５転５１２１　１４,2026-06-12,2026-06-17,22,福岡,ＧⅢ,２　３５１３３３１２[４],2026-05-30,2026-06-04,05,多摩川,ＧⅢ,１　２４２６４　４４４３,2026-05-21,2026-05-24,19,下関,一般,３２２　３３３２,2026-05-12,2026-05-17,07,蒲郡,一般,２４２　２２２２１４４３,5146,野田 彩加,2026-06-18,2026-06-23,02,戸田,一般,３１６　２５５　１３２,2026-05-29,2026-06-02,14,鳴門,一般,４２６　５３１　３３,2026-05-18,2026-05-23,18,徳山,ＧⅢ,３２２　１２２３４２[６],2026-05-05,2026-05-10,15,丸亀,ＧⅡ,転６３　５　５４６　５,2026-04-15,2026-04-20,09,津,一般,１１６,5174,川井 萌,2026-07-01,2026-07-06,07,蒲郡,一般,３３３　４　１３５　４３,2026-06-18,2026-06-23,02,戸田,一般,２　３４３　３２３５１４,2026-06-06,2026-06-10,06,浜名湖,一般,１　４３４２１５５４,2026-05-24,2026-05-28,21,芦屋,一般,６　２６４　２６２３,2026-04-09,2026-04-15,15,丸亀,一般,５４６　５４４　４　３３４,3474,松瀬 弘美,2026-06-24,2026-06-29,12,住之江,一般,５４４　２５２　６　５４,2026-06-17,2026-06-22,13,尼崎,一般,４６３　５３５３６４２４,2026-05-30,2026-06-04,05,多摩川,ＧⅢ,６　１４６３２　３２５５,2026-05-20,2026-05-25,09,津,一般,２　１６５　４５５２４５,2026-05-03,2026-05-08,06,浜名湖,一般,３４４　５　６２２　４６
202607130605,2026-07-13,06,05R,4796,春園 功太,2026-06-30,2026-07-04,19,下関,一般,３２２３１　４６２３,2026-06-22,2026-06-27,23,からつ,一般,６１３６６６１,2026-06-11,2026-06-15,20,若松,一般,６　２３５１３３１１,2026-05-29,2026-06-03,11,びわこ,一般,４　５２１１１１４５１２,2026-05-15,2026-05-18,13,尼崎,一般,６,5214,田中 宏典,2026-06-25,2026-06-30,13,尼崎,一般,３４３　５６５　６　１２,2026-06-11,2026-06-16,03,江戸川,一般,２　３３４　２転,2026-05-13,2026-05-18,19,下関,一般,４　６５２　２４３２３３,2026-05-01,2026-05-06,23,からつ,一般,４６１　５６５４４３５,2026-04-23,2026-04-28,23,からつ,一般,２２１　３１４４５４１２,4649,和田 操拓,2026-06-25,2026-06-30,13,尼崎,一般,１　２３１１１５３５１２,2026-06-17,2026-06-20,07,蒲郡,一般,２５２　３２２６,2026-06-07,2026-06-11,05,多摩川,一般,５　１１２５１５３３,2026-05-29,2026-06-02,23,からつ,一般,１２３　１２１２[４],2026-05-11,2026-05-16,03,江戸川,ＧⅡ,６　１　２５４　３５６,4822,百武 翔,2026-06-26,2026-07-02,24,大村,一般,２２５　４２１　２４１４２３,2026-06-15,2026-06-20,21,芦屋,一般,１２５３１２３　４４２２,2026-05-10,2026-05-14,23,からつ,一般,２　１１１４６１[２],2026-04-29,2026-05-04,19,下関,一般,２５１３１　１４２３４４,2026-04-20,2026-04-25,22,福岡,一般,２　２３４６４１２５１２,4195,前川 守嗣,2026-06-28,2026-07-01,10,三国,一般,５２１　１３５１,2026-06-11,2026-06-16,16,児島,一般,４４１　１３５　４５２２,2026-05-25,2026-05-31,07,蒲郡,一般,３５３　４６４　３２３　１６,2026-05-10,2026-05-14,23,からつ,一般,５１１２２　３６３２,2026-04-24,2026-04-29,04,平和島,一般,４２６　５,4193,郷原 章平,2026-06-26,2026-07-02,24,大村,一般,１５４４４５６１,2026-06-17,2026-06-20,07,蒲郡,一般,１５１１４１[５],2026-06-07,2026-06-12,09,津,一般,１３１　１５４３１１[３],2026-05-29,2026-06-02,23,からつ,一般,４　１４３５１６１５,2026-05-09,2026-05-14,11,びわこ,一般,５４３２５１４１５６１６
202607130606,2026-07-13,06,06R,4134,杉山 貴博,2026-06-28,2026-07-02,05,多摩川,一般,１２５３２１４２[２],2026-06-18,2026-06-21,20,若松,一般,３４２　３６１４,2026-06-05,2026-06-10,18,徳山,一般,２　６５３,2026-05-25,2026-05-31,07,蒲郡,一般,３　２６３　４４２５４２２,2026-05-09,2026-05-14,09,津,ＧⅢ,４３４　５　５２２　３２,4218,吉川 喜継,2026-06-28,2026-07-02,05,多摩川,一般,２２６２２１２２[５],2026-06-12,2026-06-17,19,下関,一般,６３２３２　２１５３２４,2026-06-03,2026-06-07,03,江戸川,一般,１３２　４１[２],2026-05-23,2026-05-27,12,住之江,一般,１１落　１４３５１,2026-04-16,2026-04-21,21,芦屋,一般,１　２２１　３２３４４３,4491,田中 堅,2026-07-02,2026-07-07,04,平和島,一般,２４２　４５２　６３３６,2026-06-25,2026-06-29,21,芦屋,一般,５５４　５３６　４２,2026-06-18,2026-06-21,04,平和島,一般,６４５　２５２５,2026-06-03,2026-06-07,07,蒲郡,一般,３４２　６６４,2026-05-15,2026-05-20,20,若松,一般,６　３４３５３　６　５６,4981,牧山 敦也,2026-06-22,2026-06-27,23,からつ,一般,３　４１３５５２６５３４,2026-06-11,2026-06-16,10,三国,一般,３４３　５６４　３　１６,2026-05-26,2026-05-31,15,丸亀,ＧⅢ,３　４６３　３２５,2026-05-09,2026-05-14,11,びわこ,一般,１６３　１５３３３４１５,2026-04-23,2026-04-28,23,からつ,一般,４転５３５転,5354,渡邊 雄斗,2026-07-03,2026-07-06,09,津,一般,６　１６３４４４,2026-06-21,2026-06-25,08,常滑,一般,４３１　６５４　６２,2026-05-29,2026-06-03,11,びわこ,一般,２　５２３４５３２　５３,2026-04-30,2026-05-06,09,津,一般,３　６　３４５　６　２５,2026-04-17,2026-04-22,13,尼崎,一般,１　４５４　６６６　２,4209,藤田 竜弘,2026-06-26,2026-07-02,24,大村,一般,３　３４１　３１１２１２[４],2026-06-21,2026-06-24,19,下関,一般,３　５５３　１３,2026-06-11,2026-06-15,20,若松,一般,４　１６５４４　４３,2026-05-28,2026-05-31,02,戸田,一般,２１２４１　[６],2026-05-15,2026-05-18,13,尼崎,一般,１
202607130607,2026-07-13,06,07R,4893,渡邉 真奈美,2026-06-17,2026-06-20,07,蒲郡,一般,５　４３５１５１,2026-06-05,2026-06-10,18,徳山,一般,３　５３４　３エ３２５,2026-05-24,2026-05-29,24,大村,一般,４５３　４５４　６１１,2026-05-03,2026-05-08,04,平和島,一般,２２６　１６５　１２１６,2026-04-22,2026-04-27,20,若松,ＧⅢ,６４１６５　５　１５４,4317,木村 紗友希,2026-06-18,2026-06-23,02,戸田,一般,４１２　３６４　６５４,2026-06-01,2026-06-05,19,下関,一般,５２２　１４６６２６,2026-05-20,2026-05-25,09,津,一般,４１３　４３５６５　５４,2026-05-03,2026-05-08,06,浜名湖,一般,６　６６６　１６４　６,2026-04-22,2026-04-27,20,若松,ＧⅢ,５５６　５６６　６　２５,4443,津田 裕絵,2026-06-21,2026-06-26,16,児島,一般,４　５５２４２　２５３１,2026-06-06,2026-06-11,15,丸亀,一般,３　１５３５４６４５４３,2026-05-24,2026-05-29,24,大村,一般,２　５２１　５３１４２２,2026-05-14,2026-05-18,10,三国,一般,２６２　２３５６２５,2026-05-06,2026-05-10,21,芦屋,一般,６　２１３５４２４１,5287,滝沢 織寧,2026-06-18,2026-06-23,02,戸田,一般,F　２　５　６４６　６,2026-06-04,2026-06-08,08,常滑,一般,５　６５４　５５４３,2026-05-12,2026-05-17,07,蒲郡,一般,６　２４１　５４４　４２,2026-05-01,2026-05-06,02,戸田,一般,６５６　３　５　３３４４,2026-04-14,2026-04-19,20,若松,一般,４　５３５　４６１　６２,4190,長嶋 万記,2026-07-01,2026-07-06,07,蒲郡,一般,１　１５３　３２１３[４],2026-06-21,2026-06-24,10,三国,一般,３４１５１４４５,2026-06-12,2026-06-17,22,福岡,ＧⅢ,２　１５１１２３１３２１,2026-05-05,2026-05-10,15,丸亀,ＧⅡ,３２５　５　４４２　３６,2025-11-09,2025-11-14,19,下関,一般,２１５　２１２２５１[１],5189,藤原 早菜,2026-06-24,2026-06-29,12,住之江,一般,５　５２６　２３２　４６,2026-06-05,2026-06-10,18,徳山,一般,２４４　６３１２転５６,2026-05-25,2026-05-30,17,宮島,一般,３３４　１３１５３３３１,2026-05-12,2026-05-17,07,蒲郡,一般,１　２４３　２３３１[２],2026-05-02,2026-05-07,16,児島,一般,２　２３転　３４５６２
202607130608,2026-07-13,06,08R,4286,平田 さやか,2026-06-25,2026-06-29,18,徳山,一般,１５転５１２１　１４,2026-06-12,2026-06-17,22,福岡,ＧⅢ,２　３５１３３３１２[４],2026-05-30,2026-06-04,05,多摩川,ＧⅢ,１　２４２６４　４４４３,2026-05-21,2026-05-24,19,下関,一般,３２２　３３３２,2026-05-12,2026-05-17,07,蒲郡,一般,２４２　２２２２１４４３,3474,松瀬 弘美,2026-06-24,2026-06-29,12,住之江,一般,５４４　２５２　６　５４,2026-06-17,2026-06-22,13,尼崎,一般,４６３　５３５３６４２４,2026-05-30,2026-06-04,05,多摩川,ＧⅢ,６　１４６３２　３２５５,2026-05-20,2026-05-25,09,津,一般,２　１６５　４５５２４５,2026-05-03,2026-05-08,06,浜名湖,一般,３４４　５　６２２　４６,5248,本田 愛,2026-06-21,2026-06-26,16,児島,一般,３　２５２　６６２　５１,2026-06-07,2026-06-12,09,津,一般,５　３５５　４３４　２３,2026-05-28,2026-06-02,01,桐生,一般,１　３３４６５３２４,2026-05-03,2026-05-08,06,浜名湖,一般,２２６　５２３　３１６,2026-04-18,2026-04-21,07,蒲郡,一般,２　３２３５１２,5155,内山 七海,2026-07-01,2026-07-06,07,蒲郡,一般,１　３２１　２２２４３１,2026-06-18,2026-06-23,02,戸田,一般,１３１　３３５　３２[６],2026-05-31,2026-06-05,20,若松,一般,２　６５２５３２３　１,2026-05-18,2026-05-23,18,徳山,ＧⅢ,４１２２６　３４１　３１,2026-05-05,2026-05-10,15,丸亀,ＧⅡ,３　転　１６５　４６４,4433,川野 芽唯,2026-07-01,2026-07-06,07,蒲郡,一般,２　５１３２１　４５３４,2026-06-21,2026-06-24,19,下関,一般,２１５３１２[６],2026-06-12,2026-06-17,22,福岡,ＧⅢ,２５１１１　１４４３２２,2026-05-31,2026-06-05,13,尼崎,一般,５６３５３　２２３１２２,2026-05-18,2026-05-23,18,徳山,ＧⅢ,１　１３１１２４３１[５],4300,加藤 綾,2026-06-18,2026-06-23,02,戸田,一般,６３２　３４５　２　１４,2026-06-04,2026-06-08,08,常滑,一般,３　６６２５４１２６,2026-05-24,2026-05-29,24,大村,一般,５３２　２４３　２５２６,2026-05-09,2026-05-14,11,びわこ,一般,３２２　５４６　４４２,2026-04-24,2026-04-27,09,津,一般,２４１　４２６１
202607130609,2026-07-13,06,09R,5146,野田 彩加,2026-06-18,2026-06-23,02,戸田,一般,３１６　２５５　１３２,2026-05-29,2026-06-02,14,鳴門,一般,４２６　５３１　３３,2026-05-18,2026-05-23,18,徳山,ＧⅢ,３２２　１２２３４２[６],2026-05-05,2026-05-10,15,丸亀,ＧⅡ,転６３　５　５４６　５,2026-04-15,2026-04-20,09,津,一般,１１６,3518,倉田 郁美,2026-05-30,2026-06-04,05,多摩川,ＧⅢ,３４５　１　３５６５２,2026-05-18,2026-05-23,18,徳山,ＧⅢ,３　３２３５４　２４５２,2026-05-03,2026-05-08,06,浜名湖,一般,４４６　６　６４１　６５,2026-04-18,2026-04-22,15,丸亀,一般,４６６　４５６　５,2026-04-03,2026-04-08,04,平和島,一般,６　４３６　２３６　２４,5174,川井 萌,2026-07-01,2026-07-06,07,蒲郡,一般,３３３　４　１３５　４３,2026-06-18,2026-06-23,02,戸田,一般,２　３４３　３２３５１４,2026-06-06,2026-06-10,06,浜名湖,一般,１　４３４２１５５４,2026-05-24,2026-05-28,21,芦屋,一般,６　２６４　２６２３,2026-04-09,2026-04-15,15,丸亀,一般,５４６　５４４　４　３３４,5204,宇恵 有香,2026-06-21,2026-06-24,10,三国,一般,１６６　６１３６,2026-06-06,2026-06-10,24,大村,一般,３２３　６　４２２３,2026-05-20,2026-05-25,09,津,一般,３　３３２４６　６３４５,2026-05-12,2026-05-16,04,平和島,一般,３５４　５　１４５６,2026-04-29,2026-05-04,14,鳴門,ＧⅢ,６４６　３　３３２　１３,4400,加藤 奈月,2026-06-19,2026-06-24,11,びわこ,一般,５４６　２　６６４　３３,2026-05-18,2026-05-23,18,徳山,ＧⅢ,３４４　４２２　３転３,2026-05-02,2026-05-07,10,三国,一般,４６４　５４２　４２４,2026-04-22,2026-04-27,20,若松,ＧⅢ,４６４　５　１５４５４,2026-04-08,2026-04-13,23,からつ,ＧⅢ,６　４　６　２５４３４,3994,小野 桜,2026-06-12,2026-06-17,22,福岡,ＧⅢ,４５３　２３４　２４１,2026-05-30,2026-06-03,12,住之江,一般,３５６　５４３　３,2026-05-14,2026-05-18,10,三国,一般,４５３　５６５　３,2026-05-04,2026-05-09,13,尼崎,一般,５２５　２６４　２４３,2026-04-22,2026-04-27,20,若松,ＧⅢ,２４２　４５１　４２３３
202607130610,2026-07-13,06,10R,4073,大橋 純一郎,2026-06-26,2026-07-02,24,大村,一般,４　５１２２２　３３３６１４,2026-06-03,2026-06-08,21,芦屋,一般,１　２５１４２４６５４４,2026-05-21,2026-05-24,19,下関,一般,２２１１１１[２],2026-05-11,2026-05-15,08,常滑,一般,２５２５５　２　２２,2026-04-30,2026-05-06,09,津,一般,２　６　２２１４５２[５],4193,郷原 章平,2026-06-26,2026-07-02,24,大村,一般,１５４４４５６１,2026-06-17,2026-06-20,07,蒲郡,一般,１５１１４１[５],2026-06-07,2026-06-12,09,津,一般,１３１　１５４３１１[３],2026-05-29,2026-06-02,23,からつ,一般,４　１４３５１６１５,2026-05-09,2026-05-14,11,びわこ,一般,５４３２５１４１５６１６,4218,吉川 喜継,2026-06-28,2026-07-02,05,多摩川,一般,２２６２２１２２[５],2026-06-12,2026-06-17,19,下関,一般,６３２３２　２１５３２４,2026-06-03,2026-06-07,03,江戸川,一般,１３２　４１[２],2026-05-23,2026-05-27,12,住之江,一般,１１落　１４３５１,2026-04-16,2026-04-21,21,芦屋,一般,１　２２１　３２３４４３,3635,石田 政吾,2026-06-26,2026-07-01,17,宮島,一般,１　４２３２４３１６２３,2026-06-12,2026-06-17,19,下関,一般,６４５　２６４　６　３,2026-05-28,2026-06-02,01,桐生,一般,３２６　４６５　２,2026-05-14,2026-05-18,10,三国,一般,５　３４６　５３５,2026-04-25,2026-04-30,13,尼崎,一般,５５２　３　４６６　５,4209,藤田 竜弘,2026-06-26,2026-07-02,24,大村,一般,３　３４１　３１１２１２[４],2026-06-21,2026-06-24,19,下関,一般,３　５５３　１３,2026-06-11,2026-06-15,20,若松,一般,４　１６５４４　４３,2026-05-28,2026-05-31,02,戸田,一般,２１２４１　[６],2026-05-15,2026-05-18,13,尼崎,一般,１,5130,上野 拓馬,2026-06-28,2026-07-02,05,多摩川,一般,４　４２６　１５３４,2026-06-18,2026-06-21,20,若松,一般,２６５　４　３３,2026-06-04,2026-06-08,08,常滑,一般,５　６４６３３　１２,2026-05-22,2026-05-27,13,尼崎,一般,２　６５４５３　５　４３,2026-05-13,2026-05-18,19,下関,一般,６６４　６　３１１　３３
202607130611,2026-07-13,06,11R,4190,長嶋 万記,2026-07-01,2026-07-06,07,蒲郡,一般,１　１５３　３２１３[４],2026-06-21,2026-06-24,10,三国,一般,３４１５１４４５,2026-06-12,2026-06-17,22,福岡,ＧⅢ,２　１５１１２３１３２１,2026-05-05,2026-05-10,15,丸亀,ＧⅡ,３２５　５　４４２　３６,2025-11-09,2025-11-14,19,下関,一般,２１５　２１２２５１[１],4443,津田 裕絵,2026-06-21,2026-06-26,16,児島,一般,４　５５２４２　２５３１,2026-06-06,2026-06-11,15,丸亀,一般,３　１５３５４６４５４３,2026-05-24,2026-05-29,24,大村,一般,２　５２１　５３１４２２,2026-05-14,2026-05-18,10,三国,一般,２６２　２３５６２５,2026-05-06,2026-05-10,21,芦屋,一般,６　２１３５４２４１,4464,山下 友貴,2026-07-01,2026-07-06,07,蒲郡,一般,２１２　５６１　３２[２],2026-06-12,2026-06-17,22,福岡,ＧⅢ,３３２　２５５　２１２４,2026-05-30,2026-06-04,05,多摩川,ＧⅢ,６　２５１　１５２２１３,2026-05-22,2026-05-26,23,からつ,一般,６　１６３４３　３３,2026-05-09,2026-05-14,11,びわこ,一般,３　１３２６６３５　４３,5291,三嶌 こころ,2026-06-29,2026-07-04,08,常滑,一般,２４４　５３３　３３１,2026-06-17,2026-06-20,07,蒲郡,一般,３　５２２５５５,2026-06-06,2026-06-11,15,丸亀,一般,５５４　１２２　２　３１,2026-05-30,2026-06-03,12,住之江,一般,６　４５６５５　４,2026-05-19,2026-05-23,16,児島,一般,２　４５４１２　６５,4589,塩崎 桐加,2026-06-21,2026-06-24,10,三国,一般,３４１３５５４１,2026-06-12,2026-06-17,22,福岡,ＧⅢ,６３２　４６１　５４５１,2026-05-30,2026-06-04,05,多摩川,ＧⅢ,１　３３１３６　２３４３,2026-05-19,2026-05-23,16,児島,一般,２　４６６６３２３３,2026-05-09,2026-05-14,11,びわこ,一般,５１５４３　２５４　４１,4017,向井 美鈴,2026-06-24,2026-06-28,04,平和島,一般,６３６５３　１２,2026-06-14,2026-06-18,01,桐生,一般,５２６　６６６　５,2026-06-01,2026-06-05,19,下関,一般,３４１　２２３４１３,2026-05-22,2026-05-26,23,からつ,一般,６　２２１４３６６４,2026-05-15,2026-05-18,13,尼崎,一般,
202607130612,2026-07-13,06,12R,4688,永井 彪也,2026-06-25,2026-06-30,01,桐生,ＧⅢ,６１５　４２１　１５１６,2026-06-13,2026-06-18,08,常滑,ＧⅠ,５　３３４　１６２２２２,2026-06-04,2026-06-09,17,宮島,ＧⅠ,６　４２５　６　６５２,2026-05-19,2026-05-23,16,児島,一般,３２１１１１１３４１,2026-05-09,2026-05-14,09,津,ＧⅢ,１　１２６２１１３４１２,4981,牧山 敦也,2026-06-22,2026-06-27,23,からつ,一般,３　４１３５５２６５３４,2026-06-11,2026-06-16,10,三国,一般,３４３　５６４　３　１６,2026-05-26,2026-05-31,15,丸亀,ＧⅢ,３　４６３　３２５,2026-05-09,2026-05-14,11,びわこ,一般,１６３　１５３３３４１５,2026-04-23,2026-04-28,23,からつ,一般,４転５３５転,4195,前川 守嗣,2026-06-28,2026-07-01,10,三国,一般,５２１　１３５１,2026-06-11,2026-06-16,16,児島,一般,４４１　１３５　４５２２,2026-05-25,2026-05-31,07,蒲郡,一般,３５３　４６４　３２３　１６,2026-05-10,2026-05-14,23,からつ,一般,５１１２２　３６３２,2026-04-24,2026-04-29,04,平和島,一般,４２６　５,4335,若林 将,2026-07-01,2026-07-06,22,福岡,一般,１５１１５３１　３１[３],2026-06-18,2026-06-21,04,平和島,一般,３２２１３６１,2026-06-08,2026-06-13,13,尼崎,ＧⅠ,４　３５４　１　５１６５,2026-05-10,2026-05-15,16,児島,一般,２４１　２１２１４１[６],2026-04-27,2026-05-02,05,多摩川,一般,６　１１５３１３３３２１,4146,柳橋 宏紀,2026-06-21,2026-06-26,16,児島,一般,２　４５５　３４２　４４,2026-06-12,2026-06-17,19,下関,一般,１４３２３　６４５　転６,2026-05-26,2026-05-31,15,丸亀,ＧⅢ,４　２５５　３３３　３４,2026-05-09,2026-05-14,11,びわこ,一般,４４４　２　３３４２６,2026-04-26,2026-05-01,24,大村,一般,２５１　１３２　３２[１],4822,百武 翔,2026-06-26,2026-07-02,24,大村,一般,２２５　４２１　２４１４２３,2026-06-15,2026-06-20,21,芦屋,一般,１２５３１２３　４４２２,2026-05-10,2026-05-14,23,からつ,一般,２　１１１４６１[２],2026-04-29,2026-05-04,19,下関,一般,２５１３１　１４２３４４,2026-04-20,2026-04-25,22,福岡,一般,２　２３４６４１２５１２
202607130701,2026-07-13,07,01R,4903,吉田 凌太朗,2026-07-04,2026-07-09,01,桐生,一般,６　F５５　６６１　３,2026-06-20,2026-06-25,06,浜名湖,一般,４１１２４１５　１５２,2026-06-08,2026-06-13,13,尼崎,ＧⅠ,２　４　２１６　６　５５,2026-05-29,2026-06-03,11,びわこ,一般,１５３１１１１２５１[２],2026-05-16,2026-05-21,14,鳴門,一般,４４１　４４４２１５６４,4290,稲田 浩二,2026-07-05,2026-07-09,05,多摩川,一般,４２５欠,2026-06-26,2026-07-01,17,宮島,一般,１１２３３　１２４１[５],2026-06-17,2026-06-22,24,大村,ＧⅡ,１　１３４　２　１　[５],2026-06-08,2026-06-13,13,尼崎,ＧⅠ,２　６１４　５５５　６,2026-05-30,2026-06-03,12,住之江,一般,２　２２１２４２[２],3931,黒崎 竜也,2026-06-28,2026-07-02,05,多摩川,一般,３　１１４５１６１５,2026-06-17,2026-06-22,17,宮島,ＧⅢ,１４２　３１２　４１[５],2026-05-29,2026-06-04,09,津,ＧⅢ,２　６３１　５２１２[５],2026-05-21,2026-05-24,19,下関,一般,４４３　１４５４,2026-05-11,2026-05-15,08,常滑,一般,２２３　３３２２[６],4715,村上 遼,2026-06-30,2026-07-05,16,児島,ＧⅡ,３４１　６　２１２　[４],2026-06-18,2026-06-21,04,平和島,一般,４５１１１１[４],2026-04-03,2026-04-08,12,住之江,ＧⅠ,６　２５５　５,2026-03-19,2026-03-25,15,丸亀,一般,２　２３５１３６１３１３３１,2026-03-08,2026-03-13,24,大村,ＧⅠ,３６２　３　１３３　６１,3978,齊藤 仁,2026-07-01,2026-07-06,22,福岡,一般,１　３５３５１３３４１４,2026-06-17,2026-06-22,17,宮島,ＧⅢ,１６３１２　２３３３１４,2026-06-08,2026-06-13,13,尼崎,ＧⅠ,１　３５６　５　２４４,2026-05-29,2026-06-04,09,津,ＧⅢ,F３４　３　３　４　６,2026-05-15,2026-05-20,20,若松,一般,３２１　１１３１６４１２,4042,丸岡 正典,2026-06-30,2026-07-05,16,児島,ＧⅡ,２　F３３　３　５　６,2026-06-17,2026-06-22,24,大村,ＧⅡ,１　１２５　４　３　２２,2026-06-07,2026-06-11,05,多摩川,一般,２１３２１　４１[１],2026-05-20,2026-05-25,11,びわこ,ＧⅡ,４　１４２　２　３　６１,2026-05-12,2026-05-16,04,平和島,一般,１２１　１２４１[４]
202607130702,2026-07-13,07,02R,3995,重野 哲之,2026-06-25,2026-06-30,13,尼崎,一般,１３２１５　２３１３１１,2026-06-13,2026-06-16,06,浜名湖,一般,１５２４２２１４,2026-05-03,2026-05-08,06,浜名湖,一般,３２３　２１６　４４１３,2026-04-24,2026-04-29,04,平和島,一般,３１５　３３２１２５１２,2026-04-05,2026-04-10,02,戸田,一般,３F６１５　３　不　２,4831,羽野 直也,2026-06-13,2026-06-18,08,常滑,ＧⅠ,３　２３５　１５２１４４,2026-06-04,2026-06-09,17,宮島,ＧⅠ,２　５欠,2026-05-15,2026-05-20,21,芦屋,ＧⅠ,３　１１２　４６６　１２,2026-05-05,2026-05-09,18,徳山,一般,１２２１２３４１[３],2026-04-25,2026-04-30,21,芦屋,一般,２４２１２　４２１１[１],3719,辻 栄蔵,2026-06-27,2026-07-01,02,戸田,一般,３２５１２３４４２１,2026-06-13,2026-06-18,08,常滑,ＧⅠ,５３１　４　６３３６３,2026-06-04,2026-06-09,17,宮島,ＧⅠ,５６２　６　２６４　２２,2026-05-27,2026-05-31,18,徳山,一般,２１３１３２２１[２],2026-05-15,2026-05-20,21,芦屋,ＧⅠ,２５２　４　５２５　１５,4856,豊田 健士郎,2026-06-30,2026-07-05,16,児島,ＧⅡ,１　５１３　５４６　１３,2026-06-20,2026-06-25,06,浜名湖,一般,１２２２１４３１２１[４],2026-06-08,2026-06-13,13,尼崎,ＧⅠ,２　６６２　５　６４２,2026-06-01,2026-06-04,24,大村,一般,２１　　１２[６],2026-05-20,2026-05-25,11,びわこ,ＧⅡ,３２４　４　５１１３３,4109,谷津 幸宏,2026-06-30,2026-07-05,16,児島,ＧⅡ,５５５　２　６１５　６３,2026-06-17,2026-06-22,13,尼崎,一般,５欠１３２　１２１２[６],2026-06-03,2026-06-08,21,芦屋,一般,４２３１３６１３３３１５,2026-05-21,2026-05-24,19,下関,一般,エ３２３２　２１,2026-05-11,2026-05-14,12,住之江,一般,１　３４３５３４,4561,藤山 翔大,2026-06-25,2026-06-30,13,尼崎,一般,１４５５１　５６６１３,2026-06-13,2026-06-16,06,浜名湖,一般,３１１　５１６１,2026-06-01,2026-06-04,24,大村,一般,１４　　１５２２,2026-05-20,2026-05-25,09,津,一般,３　６３,2026-05-06,2026-05-11,05,多摩川,一般,２３６２４１２　２５５５
202607130703,2026-07-13,07,03R,3711,江本 真治,2026-07-04,2026-07-09,18,徳山,一般,１４３４３　４３２３１３,2026-06-21,2026-06-24,19,下関,一般,３　３４２２３２,2026-06-11,2026-06-16,16,児島,一般,２５１　２５６６５　１,2026-06-03,2026-06-07,03,江戸川,一般,３５２　５F１２,2026-05-23,2026-05-28,10,三国,一般,１１４　３６４　３３１,4604,岩瀬 裕亮,2026-07-05,2026-07-09,05,多摩川,一般,１４１１４２２５２２,2026-06-24,2026-06-29,09,津,一般,１１２１４　２１２１[１],2026-06-13,2026-06-18,08,常滑,ＧⅠ,１６６　３６３　５２１,2026-06-04,2026-06-09,17,宮島,ＧⅠ,３２３　１　２１１　[１],2026-05-20,2026-05-25,11,びわこ,ＧⅡ,２　２１１３２　１　[２],3721,守田 俊介,2026-07-03,2026-07-06,09,津,一般,１１４１１１[１],2026-06-23,2026-06-28,14,鳴門,ＳＧ,１　３　６６１　３　１２,2026-06-08,2026-06-13,13,尼崎,ＧⅠ,２５５　１５５　６　２,2026-05-26,2026-05-31,06,浜名湖,ＳＧ,５　２２４　５　４１４,2026-05-15,2026-05-20,21,芦屋,ＧⅠ,１５６　６　２５４　４６,4539,金子 賢志,2026-06-30,2026-07-05,16,児島,ＧⅡ,３６４　４　４１２　６４,2026-06-17,2026-06-22,05,多摩川,一般,３６１　１１３２４５１１,2026-06-06,2026-06-10,24,大村,一般,４５１１３　２　３１,2026-05-27,2026-05-31,18,徳山,一般,２４１６２２２２[４],2026-05-15,2026-05-20,21,芦屋,ＧⅠ,６　５　６５１　２６１,4430,永田 秀二,2026-06-28,2026-07-03,20,若松,一般,３３２　３３２　１５１３,2026-06-11,2026-06-16,16,児島,一般,１３３　５６１３２６１４,2026-06-01,2026-06-04,24,大村,一般,２　　　２４４３,2026-05-22,2026-05-26,23,からつ,一般,４２３　６６２　２３,2026-05-11,2026-05-16,03,江戸川,ＧⅡ,２　６　６１４　３４２,3499,市川 哲也,2026-07-03,2026-07-08,12,住之江,一般,３３２　３　２２６F２,2026-06-21,2026-06-25,08,常滑,一般,３１２５３　２３４１,2026-06-07,2026-06-12,09,津,一般,３３４３３　４　３１１５,2026-05-25,2026-05-31,03,江戸川,一般,５５１　４欠,2026-05-12,2026-05-16,01,桐生,一般,４３５２４２６　６
202607130704,2026-07-13,07,04R,4643,近江 翔吾,2026-06-30,2026-07-05,16,児島,ＧⅡ,３５３　３　４６２　１３,2026-06-19,2026-06-24,11,びわこ,一般,４１２３２２１１６１[１],2026-06-10,2026-06-13,14,鳴門,一般,２１４４２３２１,2026-05-27,2026-06-01,08,常滑,一般,１５２１２２１６２１[５],2026-05-05,2026-05-09,18,徳山,一般,１５４４４２３　３１,3779,原田 幸哉,2026-07-04,2026-07-09,18,徳山,一般,１１３３１　４１２１[２],2026-06-23,2026-06-28,14,鳴門,ＳＧ,１　３６４　３　２２６６,2026-06-13,2026-06-18,08,常滑,ＧⅠ,４５１　５６,2026-06-04,2026-06-09,17,宮島,ＧⅠ,２３５　１　１６２　[６],2026-05-26,2026-05-31,06,浜名湖,ＳＧ,２　３　４４５　１５３,3983,須藤 博倫,2026-07-02,2026-07-07,04,平和島,一般,１４１　２３２１３１[３],2026-06-17,2026-06-22,05,多摩川,一般,４４２３２１３　２３６１,2026-06-03,2026-06-07,03,江戸川,一般,３１１　２５[６],2026-05-25,2026-05-30,17,宮島,一般,３５２３６５１　２　５４,2026-05-11,2026-05-16,03,江戸川,ＧⅡ,３　２　４３１　４　６１,4645,上村 純一,2026-07-04,2026-07-09,01,桐生,一般,１２２　３４１３４６１４,2026-06-17,2026-06-22,24,大村,ＧⅡ,２２６　４６３　２４３,2026-06-06,2026-06-10,06,浜名湖,一般,１４２４３２１３２１,2026-05-22,2026-05-26,23,からつ,一般,１５１　１３１２[２],2026-05-11,2026-05-16,03,江戸川,ＧⅡ,　　６　４２６　４２２,4759,今泉 友吾,2026-07-03,2026-07-08,13,尼崎,一般,３３４１１　１２１４２１,2026-06-13,2026-06-18,08,常滑,ＧⅠ,５　３１４　６４４２２,2026-06-01,2026-06-05,19,下関,一般,２４２１５１１２[３],2026-05-20,2026-05-25,09,津,一般,２５３　３１１２２４１５,2026-05-08,2026-05-13,22,福岡,一般,１４３１３　１３４３３１,4052,興津 藍,2026-06-30,2026-07-05,16,児島,ＧⅡ,１　４３５　６　６４４,2026-06-21,2026-06-25,08,常滑,一般,１　５２１２１２[６],2026-06-12,2026-06-17,19,下関,一般,５２１６１　５　１４２２,2026-05-29,2026-06-04,09,津,ＧⅢ,３６２　３４５　５１１２,2026-05-16,2026-05-21,14,鳴門,一般,１３５　５１５２１６１５
202607130705,2026-07-13,07,05R,4148,枝尾 賢,2026-06-30,2026-07-05,16,児島,ＧⅡ,４　２　６３２　１４３４,2026-06-21,2026-06-25,08,常滑,一般,５４３　５２２５４３,2026-06-11,2026-06-16,10,三国,一般,１５２２１４３　４４２４,2026-05-31,2026-06-05,20,若松,一般,２　２４１　２３１２[６],2026-05-20,2026-05-25,09,津,一般,３２３３４　３４１５３５,4055,吉田 俊彦,2026-07-03,2026-07-08,13,尼崎,一般,２１２４３　１５１５１４,2026-06-25,2026-06-29,18,徳山,一般,３１１３２５１２[２],2026-06-11,2026-06-16,10,三国,一般,１６３２４１２　３２[２],2026-05-29,2026-06-04,09,津,ＧⅢ,１４４５４５１　１３１１,2026-05-16,2026-05-21,14,鳴門,一般,２　１２１５２１３２[２],4505,島田 賢人,2026-06-25,2026-06-29,18,徳山,一般,１４１３１１３１[１],2026-06-11,2026-06-15,20,若松,一般,２６１４２　５５１４,2026-06-01,2026-06-04,24,大村,一般,５落,2026-05-19,2026-05-23,16,児島,一般,２４３２２　３６１４,2026-05-03,2026-05-08,04,平和島,一般,４１１２４　１３１２[５],3946,赤岩 善生,2026-07-03,2026-07-06,09,津,一般,２４１１１２[３],2026-06-23,2026-06-28,14,鳴門,ＳＧ,６　３４１　６４２　３,2026-06-13,2026-06-18,08,常滑,ＧⅠ,２４２　５５５　６４５,2026-06-04,2026-06-09,17,宮島,ＧⅠ,５３５　３　６３２　３３,2026-05-26,2026-05-31,15,丸亀,ＧⅢ,３５４２５　１１１６落２,4168,石野 貴之,2026-07-03,2026-07-06,09,津,一般,１２２１２１[２],2026-06-23,2026-06-28,14,鳴門,ＳＧ,６　１　１F３　６　５,2026-06-08,2026-06-13,13,尼崎,ＧⅠ,６　６３５　３１１　４４,2026-05-26,2026-05-31,06,浜名湖,ＳＧ,２５２　２　２６３　６６,2026-05-15,2026-05-20,21,芦屋,ＧⅠ,５　３２１　４　２　[２],4261,岡 祐臣,2026-06-29,2026-07-04,08,常滑,一般,２６２４３１３２１６１５,2026-06-18,2026-06-21,04,平和島,一般,１２２３２２[５],2026-06-06,2026-06-10,06,浜名湖,一般,２　４２４３６２[２],2026-05-20,2026-05-25,05,多摩川,一般,３６２１１　５２５３６１,2026-05-09,2026-05-12,20,若松,一般,２１３　３１[１]
202607130706,2026-07-13,07,06R,3422,服部 幸男,2026-07-03,2026-07-06,09,津,一般,２１３　５２[６],2026-06-21,2026-06-26,16,児島,一般,４６４４４２１　１６１３,2026-06-09,2026-06-14,23,からつ,一般,５３４１５　４１２６１６,2026-05-26,2026-05-31,06,浜名湖,ＳＧ,５　２６２　３　５６４,2026-05-14,2026-05-19,02,戸田,一般,２５２　１６２４１６１３,4269,杉山 裕也,2026-06-26,2026-07-02,24,大村,一般,１４３　２１１３５１６１[２],2026-06-16,2026-06-21,18,徳山,ＧⅢ,１　５２１１６１２２[１],2026-05-31,2026-06-05,20,若松,一般,３１２　４　１１１４２５,2026-05-19,2026-05-24,01,桐生,一般,１６４５２　３１２エ６４,2026-05-06,2026-05-11,05,多摩川,一般,２　３１１２１２１２[４],4030,森高 一真,2026-07-03,2026-07-08,12,住之江,一般,２１２　４５２１２１[１],2026-06-23,2026-06-28,14,鳴門,ＳＧ,６　５５５　３　４４５,2026-06-08,2026-06-13,13,尼崎,ＧⅠ,１　５　３２２　４　４２,2026-05-26,2026-05-31,06,浜名湖,ＳＧ,６　３４４　４３４　５６,2026-05-15,2026-05-20,21,芦屋,ＧⅠ,４　５　２３３　１２４,3717,立間 充宏,2026-07-03,2026-07-06,09,津,一般,４４２　２６４４,2026-06-18,2026-06-21,20,若松,一般,２４１　４２[４],2026-06-06,2026-06-10,06,浜名湖,一般,１３４　１３３３５１,2026-05-22,2026-05-26,23,からつ,一般,６２５１５　５　６,2026-05-06,2026-05-10,21,芦屋,一般,１４２１５　３４１５,4324,海野 康志郎,2026-07-03,2026-07-08,13,尼崎,一般,５２２１４　２１１２[１],2026-06-23,2026-06-28,14,鳴門,ＳＧ,４　１　１５４　２　[６],2026-06-13,2026-06-18,08,常滑,ＧⅠ,２４５　２１６　１４５４,2026-06-04,2026-06-09,17,宮島,ＧⅠ,３４１　３　３３６,2026-05-29,2026-06-02,14,鳴門,一般,１４１３２１１１[２],4290,稲田 浩二,2026-07-05,2026-07-09,05,多摩川,一般,４２５欠,2026-06-26,2026-07-01,17,宮島,一般,１１２３３　１２４１[５],2026-06-17,2026-06-22,24,大村,ＧⅡ,１　１３４　２　１　[５],2026-06-08,2026-06-13,13,尼崎,ＧⅠ,２　６１４　５５５　６,2026-05-30,2026-06-03,12,住之江,一般,２　２２１２４２[２]
202607130707,2026-07-13,07,07R,4296,岡崎 恭裕,2026-06-30,2026-07-04,19,下関,一般,４３２１２２１６６６,2026-02-18,2026-02-24,03,江戸川,ＧⅠ,１　４　４２２　６　２３,2026-02-10,2026-02-14,15,丸亀,一般,２１１１３３３２[２],2026-01-30,2026-02-04,23,からつ,ＧⅠ,５３６　１４１　６６,2026-01-21,2026-01-24,14,鳴門,一般,１１４　２３[２],3719,辻 栄蔵,2026-06-27,2026-07-01,02,戸田,一般,３２５１２３４４２１,2026-06-13,2026-06-18,08,常滑,ＧⅠ,５３１　４　６３３６３,2026-06-04,2026-06-09,17,宮島,ＧⅠ,５６２　６　２６４　２２,2026-05-27,2026-05-31,18,徳山,一般,２１３１３２２１[２],2026-05-15,2026-05-20,21,芦屋,ＧⅠ,２５２　４　５２５　１５,3685,荒井 輝年,2026-07-05,2026-07-09,05,多摩川,一般,２６１　３１２３４１,2026-06-24,2026-06-29,03,江戸川,一般,２５１　２５４　１１１１,2026-06-03,2026-06-08,21,芦屋,一般,１２５　２４２１２１[F],2026-05-14,2026-05-19,02,戸田,一般,２１３　３３５　１２[５],2026-05-02,2026-05-07,16,児島,一般,２３転　２３４　２４６,4757,山田 祐也,2026-07-05,2026-07-09,24,大村,一般,２１１２１　２１[５],2026-06-25,2026-06-30,01,桐生,ＧⅢ,５４６　１６,2026-06-18,2026-06-21,04,平和島,一般,２３５１３２[６],2026-06-08,2026-06-13,13,尼崎,ＧⅠ,３　１　１６６　１４６５,2026-05-20,2026-05-25,11,びわこ,ＧⅡ,６５２　６　４５１　４５,4903,吉田 凌太朗,2026-07-04,2026-07-09,01,桐生,一般,６　F５５　６６１　３,2026-06-20,2026-06-25,06,浜名湖,一般,４１１２４１５　１５２,2026-06-08,2026-06-13,13,尼崎,ＧⅠ,２　４　２１６　６　５５,2026-05-29,2026-06-03,11,びわこ,一般,１５３１１１１２５１[２],2026-05-16,2026-05-21,14,鳴門,一般,４４１　４４４２１５６４,4040,廣瀬 将亨,2026-06-26,2026-07-01,17,宮島,一般,５２５　１５１３４３１５,2026-06-18,2026-06-21,04,平和島,一般,３１２　３４２１,2026-06-07,2026-06-11,05,多摩川,一般,２１３５１　３６１４,2026-05-20,2026-05-25,11,びわこ,ＧⅡ,６　５６５　６６４　６５,2026-05-04,2026-05-09,13,尼崎,一般,２４５　４６３　３２２６
202607130708,2026-07-13,07,08R,4715,村上 遼,2026-06-30,2026-07-05,16,児島,ＧⅡ,３４１　６　２１２　[４],2026-06-18,2026-06-21,04,平和島,一般,４５１１１１[４],2026-04-03,2026-04-08,12,住之江,ＧⅠ,６　２５５　５,2026-03-19,2026-03-25,15,丸亀,一般,２　２３５１３６１３１３３１,2026-03-08,2026-03-13,24,大村,ＧⅠ,３６２　３　１３３　６１,4012,中村 有裕,2026-07-03,2026-07-08,12,住之江,一般,６　１５５　２４３　３１,2026-06-20,2026-06-25,06,浜名湖,一般,６３３　１１４１５４１４,2026-05-29,2026-06-03,11,びわこ,一般,４　１４２６２３３落,2026-05-16,2026-05-21,17,宮島,一般,６,2026-04-11,2026-04-14,04,平和島,一般,２１１１４　[５],4604,岩瀬 裕亮,2026-07-05,2026-07-09,05,多摩川,一般,１４１１４２２５２２,2026-06-24,2026-06-29,09,津,一般,１１２１４　２１２１[１],2026-06-13,2026-06-18,08,常滑,ＧⅠ,１６６　３６３　５２１,2026-06-04,2026-06-09,17,宮島,ＧⅠ,３２３　１　２１１　[１],2026-05-20,2026-05-25,11,びわこ,ＧⅡ,２　２１１３２　１　[２],4831,羽野 直也,2026-06-13,2026-06-18,08,常滑,ＧⅠ,３　２３５　１５２１４４,2026-06-04,2026-06-09,17,宮島,ＧⅠ,２　５欠,2026-05-15,2026-05-20,21,芦屋,ＧⅠ,３　１１２　４６６　１２,2026-05-05,2026-05-09,18,徳山,一般,１２２１２３４１[３],2026-04-25,2026-04-30,21,芦屋,一般,２４２１２　４２１１[１],4645,上村 純一,2026-07-04,2026-07-09,01,桐生,一般,１２２　３４１３４６１４,2026-06-17,2026-06-22,24,大村,ＧⅡ,２２６　４６３　２４３,2026-06-06,2026-06-10,06,浜名湖,一般,１４２４３２１３２１,2026-05-22,2026-05-26,23,からつ,一般,１５１　１３１２[２],2026-05-11,2026-05-16,03,江戸川,ＧⅡ,　　６　４２６　４２２,4227,安達 裕樹,2026-06-30,2026-07-05,16,児島,ＧⅡ,１　F４６　３６６　４,2026-06-17,2026-06-22,24,大村,ＧⅡ,４　５４３　２３６　４４,2026-06-05,2026-06-10,18,徳山,一般,１３２５５３転,2026-05-20,2026-05-25,11,びわこ,ＧⅡ,２　４３５　３２６　１４,2026-05-11,2026-05-16,03,江戸川,ＧⅡ,４　４５４　１４２　５４
202607130709,2026-07-13,07,09R,4759,今泉 友吾,2026-07-03,2026-07-08,13,尼崎,一般,３３４１１　１２１４２１,2026-06-13,2026-06-18,08,常滑,ＧⅠ,５　３１４　６４４２２,2026-06-01,2026-06-05,19,下関,一般,２４２１５１１２[３],2026-05-20,2026-05-25,09,津,一般,２５３　３１１２２４１５,2026-05-08,2026-05-13,22,福岡,一般,１４３１３　１３４３３１,3946,赤岩 善生,2026-07-03,2026-07-06,09,津,一般,２４１１１２[３],2026-06-23,2026-06-28,14,鳴門,ＳＧ,６　３４１　６４２　３,2026-06-13,2026-06-18,08,常滑,ＧⅠ,２４２　５５５　６４５,2026-06-04,2026-06-09,17,宮島,ＧⅠ,５３５　３　６３２　３３,2026-05-26,2026-05-31,15,丸亀,ＧⅢ,３５４２５　１１１６落２,4027,松江 秀徳,2026-06-26,2026-07-02,24,大村,一般,３６３　６３１　１４５　４１,2026-06-17,2026-06-22,17,宮島,ＧⅢ,６　F欠,2026-06-01,2026-06-05,19,下関,一般,４２１　２１１１[１],2026-05-15,2026-05-20,20,若松,一般,１　２２５５３　２４５３,2026-05-01,2026-05-06,23,からつ,一般,５　３５３　２２４　１１,3499,市川 哲也,2026-07-03,2026-07-08,12,住之江,一般,３３２　３　２２６F２,2026-06-21,2026-06-25,08,常滑,一般,３１２５３　２３４１,2026-06-07,2026-06-12,09,津,一般,３３４３３　４　３１１５,2026-05-25,2026-05-31,03,江戸川,一般,５５１　４欠,2026-05-12,2026-05-16,01,桐生,一般,４３５２４２６　６,3874,山本 寛久,2026-06-30,2026-07-05,16,児島,ＧⅡ,５６１　１　２２４　１２,2026-06-15,2026-06-20,21,芦屋,一般,３４３１３３１１３１[３],2026-06-03,2026-06-07,03,江戸川,一般,１４１　２１[１],2026-05-22,2026-05-26,23,からつ,一般,１　２４３４２５１１,2026-05-12,2026-05-15,18,徳山,一般,１２３４２３４１,4856,豊田 健士郎,2026-06-30,2026-07-05,16,児島,ＧⅡ,１　５１３　５４６　１３,2026-06-20,2026-06-25,06,浜名湖,一般,１２２２１４３１２１[４],2026-06-08,2026-06-13,13,尼崎,ＧⅠ,２　６６２　５　６４２,2026-06-01,2026-06-04,24,大村,一般,２１　　１２[６],2026-05-20,2026-05-25,11,びわこ,ＧⅡ,３２４　４　５１１３３
202607130710,2026-07-13,07,10R,3721,守田 俊介,2026-07-03,2026-07-06,09,津,一般,１１４１１１[１],2026-06-23,2026-06-28,14,鳴門,ＳＧ,１　３　６６１　３　１２,2026-06-08,2026-06-13,13,尼崎,ＧⅠ,２５５　１５５　６　２,2026-05-26,2026-05-31,06,浜名湖,ＳＧ,５　２２４　５　４１４,2026-05-15,2026-05-20,21,芦屋,ＧⅠ,１５６　６　２５４　４６,4324,海野 康志郎,2026-07-03,2026-07-08,13,尼崎,一般,５２２１４　２１１２[１],2026-06-23,2026-06-28,14,鳴門,ＳＧ,４　１　１５４　２　[６],2026-06-13,2026-06-18,08,常滑,ＧⅠ,２４５　２１６　１４５４,2026-06-04,2026-06-09,17,宮島,ＧⅠ,３４１　３　３３６,2026-05-29,2026-06-02,14,鳴門,一般,１４１３２１１１[２],3779,原田 幸哉,2026-07-04,2026-07-09,18,徳山,一般,１１３３１　４１２１[２],2026-06-23,2026-06-28,14,鳴門,ＳＧ,１　３６４　３　２２６６,2026-06-13,2026-06-18,08,常滑,ＧⅠ,４５１　５６,2026-06-04,2026-06-09,17,宮島,ＧⅠ,２３５　１　１６２　[６],2026-05-26,2026-05-31,06,浜名湖,ＳＧ,２　３　４４５　１５３,4276,鈴木 勝博,2026-07-05,2026-07-09,24,大村,一般,３　５５３２,2026-06-25,2026-06-30,01,桐生,ＧⅢ,４２１　５１２２６３４,2026-06-15,2026-06-20,21,芦屋,一般,２　５２２３１１１３６１,2026-05-31,2026-06-05,20,若松,一般,２３６　２５６　６１３,2026-05-23,2026-05-27,12,住之江,一般,１　３３２４２６１５,4437,中田 元泰,2026-06-28,2026-07-03,20,若松,一般,４６１　５１６１２４２６,2026-06-11,2026-06-16,16,児島,一般,１　２５２６４４２　２１,2026-05-29,2026-06-02,14,鳴門,一般,１３６６１３３　３１,2026-05-17,2026-05-23,15,丸亀,一般,１　３６２６１５３６３１１６,2026-05-05,2026-05-09,18,徳山,一般,６６４４１５１　１４,4505,島田 賢人,2026-06-25,2026-06-29,18,徳山,一般,１４１３１１３１[１],2026-06-11,2026-06-15,20,若松,一般,２６１４２　５５１４,2026-06-01,2026-06-04,24,大村,一般,５落,2026-05-19,2026-05-23,16,児島,一般,２４３２２　３６１４,2026-05-03,2026-05-08,04,平和島,一般,４１１２４　１３１２[５]
202607130711,2026-07-13,07,11R,4030,森高 一真,2026-07-03,2026-07-08,12,住之江,一般,２１２　４５２１２１[１],2026-06-23,2026-06-28,14,鳴門,ＳＧ,６　５５５　３　４４５,2026-06-08,2026-06-13,13,尼崎,ＧⅠ,１　５　３２２　４　４２,2026-05-26,2026-05-31,06,浜名湖,ＳＧ,６　３４４　４３４　５６,2026-05-15,2026-05-20,21,芦屋,ＧⅠ,４　５　２３３　１２４,4539,金子 賢志,2026-06-30,2026-07-05,16,児島,ＧⅡ,３６４　４　４１２　６４,2026-06-17,2026-06-22,05,多摩川,一般,３６１　１１３２４５１１,2026-06-06,2026-06-10,24,大村,一般,４５１１３　２　３１,2026-05-27,2026-05-31,18,徳山,一般,２４１６２２２２[４],2026-05-15,2026-05-20,21,芦屋,ＧⅠ,６　５　６５１　２６１,4342,谷野 錬志,2026-05-26,2026-05-31,06,浜名湖,ＳＧ,３　５　３３５　３１３,2026-05-15,2026-05-18,13,尼崎,一般,,2026-05-03,2026-05-08,06,浜名湖,一般,２１６１３１５　１４１２,2026-04-24,2026-04-29,04,平和島,一般,１３３　３３２１２２[４],2026-04-12,2026-04-17,01,桐生,ＧⅠ,５４６　５２１　５５１,4168,石野 貴之,2026-07-03,2026-07-06,09,津,一般,１２２１２１[２],2026-06-23,2026-06-28,14,鳴門,ＳＧ,６　１　１F３　６　５,2026-06-08,2026-06-13,13,尼崎,ＧⅠ,６　６３５　３１１　４４,2026-05-26,2026-05-31,06,浜名湖,ＳＧ,２５２　２　２６３　６６,2026-05-15,2026-05-20,21,芦屋,ＧⅠ,５　３２１　４　２　[２],3983,須藤 博倫,2026-07-02,2026-07-07,04,平和島,一般,１４１　２３２１３１[３],2026-06-17,2026-06-22,05,多摩川,一般,４４２３２１３　２３６１,2026-06-03,2026-06-07,03,江戸川,一般,３１１　２５[６],2026-05-25,2026-05-30,17,宮島,一般,３５２３６５１　２　５４,2026-05-11,2026-05-16,03,江戸川,ＧⅡ,３　２　４３１　４　６１,4757,山田 祐也,2026-07-05,2026-07-09,24,大村,一般,２１１２１　２１[５],2026-06-25,2026-06-30,01,桐生,ＧⅢ,５４６　１６,2026-06-18,2026-06-21,04,平和島,一般,２３５１３２[６],2026-06-08,2026-06-13,13,尼崎,ＧⅠ,３　１　１６６　１４６５,2026-05-20,2026-05-25,11,びわこ,ＧⅡ,６５２　６　４５１　４５
202607130712,2026-07-13,07,12R,3941,池田 浩二,2026-06-23,2026-06-28,14,鳴門,ＳＧ,１　２４３３４　４　４２,2026-06-13,2026-06-18,08,常滑,ＧⅠ,１　３２３４１　１　[５],2026-06-04,2026-06-09,17,宮島,ＧⅠ,１　２３２５３　２　[５],2026-05-26,2026-05-31,06,浜名湖,ＳＧ,５　３３１　４４４　５５,2026-05-15,2026-05-20,21,芦屋,ＧⅠ,６４１　４２３　４　２２,3415,松井 繁,2026-07-03,2026-07-08,13,尼崎,一般,１１１２１　１６２１[２],2026-06-23,2026-06-28,14,鳴門,ＳＧ,１　４５５　４　１３５３,2026-06-14,2026-06-17,12,住之江,一般,２１２　２１[１],2026-06-04,2026-06-08,08,常滑,一般,３１２３１４１１[６],2026-05-26,2026-05-31,06,浜名湖,ＳＧ,４６２　６　４２３　４,3783,瓜生 正義,2026-07-02,2026-07-07,04,平和島,一般,５１５１３２１　４６１４,2026-06-23,2026-06-28,14,鳴門,ＳＧ,３６４　６　２４５　５,2026-06-13,2026-06-18,08,常滑,ＧⅠ,５４２　５６２　３３５,2026-06-04,2026-06-09,17,宮島,ＧⅠ,４３４　１２２　４　２２,2026-05-26,2026-05-31,06,浜名湖,ＳＧ,２　１３４　３　３　６１,4320,峰 竜太,2026-06-23,2026-06-28,14,鳴門,ＳＧ,２　５３３１３　６　１６,2026-06-08,2026-06-13,13,尼崎,ＧⅠ,１　４２３４３　２　[４],2026-05-26,2026-05-31,06,浜名湖,ＳＧ,１　３５４３３　１　３３,2026-05-15,2026-05-20,21,芦屋,ＧⅠ,２　４３１１４　１　[４],2026-05-01,2026-05-06,23,からつ,一般,１１２　１２１２１１[４],4477,篠崎 仁志,2026-06-30,2026-07-05,16,児島,ＧⅡ,３２４　２　１１１　[３],2026-06-17,2026-06-22,24,大村,ＧⅡ,４　３２４　３　４　１３,2026-06-08,2026-06-13,13,尼崎,ＧⅠ,３　６２２　４１２　[５],2026-05-15,2026-05-20,21,芦屋,ＧⅠ,３　４３３　５　３５４,2026-05-05,2026-05-09,18,徳山,一般,２３１２２１２１[１],4847,佐藤 隆太郎,2026-07-02,2026-07-07,04,平和島,一般,２６２１３　１２５３２１,2026-06-23,2026-06-28,14,鳴門,ＳＧ,２２６　４　５１３２３,2026-06-04,2026-06-09,17,宮島,ＧⅠ,６　６　３５４　２６１,2026-05-26,2026-05-31,06,浜名湖,ＳＧ,３　２　２４２　３　６２,2026-05-11,2026-05-16,03,江戸川,ＧⅡ,　　４　５　６３２　３１
202607130901,2026-07-13,09,01R,4771,下寺 秀和,2026-06-26,2026-07-01,17,宮島,一般,３３２　１３２１２１[２],2026-06-17,2026-06-20,07,蒲郡,一般,１３２１４１[２],2026-06-05,2026-06-10,01,桐生,一般,３３２　１４４３１５２４,2026-05-21,2026-05-24,19,下関,一般,１１１４６１[１],2026-05-09,2026-05-12,20,若松,一般,５３１１２２[３],3463,乙津 康志,2026-06-27,2026-07-01,02,戸田,一般,２６５　５　１２３６,2026-06-17,2026-06-22,05,多摩川,一般,４　１５５３６　４　６５,2026-05-29,2026-06-02,14,鳴門,一般,３６４　６３５　５６,2026-05-12,2026-05-16,01,桐生,一般,５　６５６　６　６,2026-04-24,2026-04-29,04,平和島,一般,３５４　２５３　３２３４,5350,網代 良芽,2026-06-28,2026-07-03,20,若松,一般,６３１　４４６　３４１,2026-06-11,2026-06-16,03,江戸川,一般,５　５４５　１５２２１,2026-05-22,2026-05-27,13,尼崎,一般,１　４３４　３２４４３３,2026-05-06,2026-05-11,05,多摩川,一般,３　５２６２４　１３４２,2026-04-23,2026-04-28,16,児島,一般,３３６　６６４　４５６４,4442,松竹 大輔,2026-06-28,2026-07-02,05,多摩川,一般,４６１　１１２４５１,2026-06-16,2026-06-21,18,徳山,ＧⅢ,６１４　６　３１４１１３,2026-06-03,2026-06-07,07,蒲郡,一般,１５２５５３２４,2026-05-15,2026-05-20,20,若松,一般,３２６　２　２５３　６４,2026-05-01,2026-05-06,07,蒲郡,一般,２５２　１２４３２１[４],3546,中里 昌志,2026-06-28,2026-07-03,20,若松,一般,４　５２３５６　３　２３,2026-06-21,2026-06-24,19,下関,一般,４　１４４６５５,2026-06-06,2026-06-10,24,大村,一般,５　６５６　１　２６,2026-05-20,2026-05-25,05,多摩川,一般,５３２　４　４５３４３５,2026-05-01,2026-05-06,02,戸田,一般,４　２１２４６　１３２,4114,深澤 達徳,2026-06-25,2026-06-30,01,桐生,ＧⅢ,６　６４６　５５３　６６,2026-06-09,2026-06-14,23,からつ,一般,３　５２３３４　３　３５,2026-05-24,2026-05-28,21,芦屋,一般,１３１４１　５５５１,2026-04-27,2026-05-02,05,多摩川,一般,２２２　５５２　２４１３,2026-04-14,2026-04-19,02,戸田,ＧⅢ,２６３　３１２　３４５２
202607130902,2026-07-13,09,02R,4253,西川 真人,2026-06-29,2026-07-03,11,びわこ,一般,２６４　３　４２４２,2026-06-17,2026-06-22,05,多摩川,一般,１５５　４　２４６４３,2026-06-09,2026-06-14,11,びわこ,一般,　　　　　　　　　　３４,2026-06-01,2026-06-04,24,大村,一般,６５　　３６３,2026-05-21,2026-05-24,19,下関,一般,４　２４５４２３,5100,栗原 一馬,2026-06-28,2026-07-01,10,三国,一般,４３５　２４１,2026-06-07,2026-06-11,05,多摩川,一般,４６４　６　１２５２,2026-05-16,2026-05-19,06,浜名湖,一般,３５４　５２５４,2026-05-01,2026-05-06,01,桐生,一般,４　２５６　２３２　２３,2026-04-20,2026-04-23,11,びわこ,一般,３５１　２２[５],4449,中嶋 達也,2026-06-28,2026-07-01,10,三国,一般,１　３１１５１６,2026-06-17,2026-06-22,13,尼崎,一般,２　６５５４５　５　１５,2026-06-03,2026-06-07,03,江戸川,一般,３６５４１　３６,2026-05-20,2026-05-25,05,多摩川,一般,２１６　１５５　３５２５,2026-05-04,2026-05-09,13,尼崎,一般,６　３４５　５６４　２,3951,石川 吉鎬,2026-06-26,2026-07-02,24,大村,一般,１　２４１３３５２　５５１３,2026-06-15,2026-06-20,21,芦屋,一般,３４２４６　５１５４１５,2026-06-03,2026-06-07,03,江戸川,一般,５４１４F　落４,2026-05-20,2026-05-25,05,多摩川,一般,５３１　４５３５１　５４,2026-05-10,2026-05-14,23,からつ,一般,４４５５２　４　１４,5449,堀井 涼平,2026-06-27,2026-07-01,02,戸田,一般,６　６６６　６５６,2026-06-13,2026-06-16,06,浜名湖,一般,２　５５１６６６,2026-05-20,2026-05-25,05,多摩川,一般,６　６６６　６６６　６６,,,,,,,,,,,,,3605,中村 守成,2026-06-26,2026-07-01,17,宮島,一般,３　５３４　３４３５６３,2026-06-09,2026-06-14,11,びわこ,一般,５　５５６,2026-05-25,2026-05-31,07,蒲郡,一般,６　４落２　５　２２３　４４,2026-05-15,2026-05-20,20,若松,一般,３　３４１４５　１　３４,2026-04-25,2026-04-30,13,尼崎,一般,６　５６２　５４６　４
202607130903,2026-07-13,09,03R,4325,新出 浩司,2026-06-28,2026-07-01,10,三国,一般,３３４　４５３,2026-06-12,2026-06-17,19,下関,一般,１３６　３３１　４６２６,2026-05-26,2026-05-31,15,丸亀,ＧⅢ,５４５　２５４　５６６,2026-05-11,2026-05-14,12,住之江,一般,１　４２３２[５],2026-04-30,2026-05-06,11,びわこ,一般,６　６　５５３５５　２５,4233,亀山 雅幸,2026-06-28,2026-07-02,05,多摩川,一般,３２３１３　３５２３,2026-06-09,2026-06-14,11,びわこ,一般,２１４　１５１６１６２６,2026-05-28,2026-06-02,01,桐生,一般,５１２１１　１１[２],2026-05-15,2026-05-20,20,若松,一般,２　２６４２２　１５３６,2026-05-06,2026-05-10,21,芦屋,一般,６５１　４２２６１３,5125,高井 雄基,2026-06-03,2026-06-07,07,蒲郡,一般,５２２３４６１３,2026-05-22,2026-05-27,13,尼崎,一般,４３６１３　３５５５６５,2026-05-13,2026-05-18,19,下関,一般,６３１１F　４　４　５,2026-05-03,2026-05-08,08,常滑,一般,４２３４６　４１１４４５,2026-04-14,2026-04-19,02,戸田,ＧⅢ,４　５６２　３４４２６２,4785,木幡 純也,2026-06-28,2026-07-02,05,多摩川,一般,３　３　５６４６６６,2026-06-15,2026-06-20,21,芦屋,一般,４６５　３　４５６　４２,2026-05-28,2026-06-02,01,桐生,一般,３２３　５２６４１１,2026-05-10,2026-05-14,23,からつ,一般,６３４　２５４　５２,2026-04-26,2026-05-01,24,大村,一般,５６４　５５,4883,岡部 大輝,2026-06-27,2026-07-01,02,戸田,一般,５６４　２　３３１３,2026-06-15,2026-06-20,21,芦屋,一般,５　２１４２４３２５１４,2026-05-26,2026-05-31,15,丸亀,ＧⅢ,２　５３６　５５２　１２,2026-05-15,2026-05-18,13,尼崎,一般,３,2026-05-05,2026-05-09,18,徳山,一般,５２４　２　５４２１,4618,乃村 康友,2026-06-29,2026-07-03,11,びわこ,一般,３５３　５２２　４３,2026-06-20,2026-06-25,06,浜名湖,一般,３６３　５６５　６　３６,2026-06-04,2026-06-08,08,常滑,一般,F４１　６　６　３,2026-05-09,2026-05-12,20,若松,一般,３　３３１５１２,2026-04-30,2026-05-06,09,津,一般,２　２　２５１２４６１６
202607130904,2026-07-13,09,04R,3988,古川 誠之,2026-06-29,2026-07-03,11,びわこ,一般,３　２１３２４１[３],2026-06-17,2026-06-22,17,宮島,ＧⅢ,１　１４１４２１３１[４],2026-06-01,2026-06-05,19,下関,一般,３　５５５６４２２,2026-05-20,2026-05-25,05,多摩川,一般,１　５３３３２４１４２４,2026-05-11,2026-05-14,12,住之江,一般,１５５　１３２２,5261,岡 暢祐,2026-06-25,2026-06-30,13,尼崎,一般,５４６　３６５　４　２６,2026-06-11,2026-06-16,10,三国,一般,５　４６１　１６１転,2026-05-25,2026-05-31,03,江戸川,一般,１　３５５　５１　　４　３４,2026-05-07,2026-05-11,24,大村,一般,６３１３１　４６４５,2026-03-28,2026-04-02,23,からつ,一般,５　５２５２６　５５５４,4376,藤田 靖弘,2026-06-25,2026-06-30,01,桐生,ＧⅢ,３　４５２　３４２　３６,2026-06-14,2026-06-17,12,住之江,一般,２４１２５３２２,2026-06-01,2026-06-05,19,下関,一般,３　１６２３２３４６,2026-05-19,2026-05-23,16,児島,一般,２２１　５４２６３２,2026-05-06,2026-05-11,05,多摩川,一般,２　１４１２１２５１[３],4672,守屋 大地,2026-06-29,2026-07-03,11,びわこ,一般,５４５　２　６６２１,2026-06-21,2026-06-25,08,常滑,一般,６６３　５２２　２６,2026-06-07,2026-06-11,05,多摩川,一般,５１６　４６３　５,2026-05-26,2026-05-31,15,丸亀,ＧⅢ,　　　　　　　　　　５転,2026-05-21,2026-05-24,19,下関,一般,６６２　２６５３,4516,野口 勝弘,2026-06-23,2026-06-28,07,蒲郡,一般,３　２４１２１５３１[４],2026-06-09,2026-06-14,23,からつ,一般,２１２　１５１　３２[３],2026-05-28,2026-06-02,01,桐生,一般,５　４１４４３　２３,2026-05-16,2026-05-21,17,宮島,一般,３２５４４　１５２　３１,2026-05-01,2026-05-06,07,蒲郡,一般,３４１３１　３４１６２６,5371,早川 颯太,2026-06-28,2026-07-02,05,多摩川,一般,６　４　５５５５６,2026-06-11,2026-06-16,03,江戸川,一般,６５６　６５５６３　６５,2026-05-14,2026-05-19,02,戸田,一般,６　３６５　５転６　６,2026-05-06,2026-05-11,05,多摩川,一般,　　　　　　　　　　転６,2026-04-26,2026-05-01,03,江戸川,一般,６６６　６　６　５４５
202607130905,2026-07-13,09,05R,4537,渡邉 和将,2026-06-23,2026-06-28,14,鳴門,ＳＧ,３　１　１６４　４　１４,2026-06-05,2026-06-10,01,桐生,一般,３１１６２　２２１４１３,2026-05-25,2026-05-30,17,宮島,一般,２１１１１　１２２１[１],2026-05-16,2026-05-19,06,浜名湖,一般,１３２１３１[６],2026-05-02,2026-05-07,16,児島,一般,１１１６３　３２４３３１,4299,中島 浩哉,2026-06-25,2026-06-30,01,桐生,ＧⅢ,５　２６３　３２６２４,2026-06-11,2026-06-15,20,若松,一般,６６４４５　５４５,2026-05-10,2026-05-14,23,からつ,一般,６　４３３２５　３３,2026-04-25,2026-04-30,13,尼崎,一般,３　４６１　３４５４１３,2026-04-03,2026-04-07,17,宮島,一般,４　４５２　６３５,5076,石原 光,2026-06-25,2026-06-30,01,桐生,ＧⅢ,６　６６２　６６２　４５,2026-06-14,2026-06-17,12,住之江,一般,２６２　３１３,2026-06-01,2026-06-05,19,下関,一般,５　１３３２３　３５,2026-05-16,2026-05-21,17,宮島,一般,６　６４４　３４３６６,2026-05-03,2026-05-08,06,浜名湖,一般,６　落５１　５５２　２,5183,中野 孝二,2026-06-29,2026-07-03,11,びわこ,一般,６５３　３　１３３２,2026-06-21,2026-06-24,10,三国,一般,２　２５４３５,2026-06-05,2026-06-10,01,桐生,一般,６２４　１５４　２４２２,2026-05-20,2026-05-25,09,津,一般,４　３１５　１５１２５２,2026-04-06,2026-04-10,08,常滑,一般,１　２４転５６　４６,3463,乙津 康志,2026-06-27,2026-07-01,02,戸田,一般,２６５　５　１２３６,2026-06-17,2026-06-22,05,多摩川,一般,４　１５５３６　４　６５,2026-05-29,2026-06-02,14,鳴門,一般,３６４　６３５　５６,2026-05-12,2026-05-16,01,桐生,一般,５　６５６　６　６,2026-04-24,2026-04-29,04,平和島,一般,３５４　２５３　３２３４,5455,澁澤 周羽,2026-06-27,2026-07-01,02,戸田,一般,６　６６５　６６５,2026-06-07,2026-06-11,05,多摩川,一般,６　６６転　４　３５,2026-05-16,2026-05-19,06,浜名湖,一般,６　５６５　落６,2026-05-01,2026-05-06,01,桐生,一般,６　５　６５　　６６６６,,,,,,
202607130906,2026-07-13,09,06R,5341,山道 諄也,2026-06-27,2026-07-01,02,戸田,一般,６　３F５　４　５,2026-06-17,2026-06-22,05,多摩川,一般,４５６　６６５　６　６,2026-05-19,2026-05-24,01,桐生,一般,５　６２２　２４５４１,2026-04-25,2026-04-30,06,浜名湖,一般,６　３５１　５４エ　４４,2026-04-13,2026-04-18,03,江戸川,一般,６　６転５　５２６　５５,4377,濱本 優一,2026-06-21,2026-06-25,08,常滑,一般,３６３３２１４６２６,2026-06-11,2026-06-15,20,若松,一般,２６２１４　１６４２,2026-05-25,2026-05-31,03,江戸川,一般,４６４　２３２　２　１３２３,2026-05-12,2026-05-16,01,桐生,一般,１１２５１２３１[６],2026-05-03,2026-05-08,12,住之江,一般,４５６　２４３６４　１６,5330,安河内鈴之介,2026-07-01,2026-07-06,07,蒲郡,一般,１１１　１２３　１１[１],2026-06-20,2026-06-25,15,丸亀,一般,４２妨３１３５　１２１２,2026-06-11,2026-06-16,03,江戸川,一般,４６１　３３２２２　４６,2026-05-22,2026-05-27,13,尼崎,一般,２２１３１　落６２４３１,2026-05-13,2026-05-18,19,下関,一般,３４１　２３１　１４４３,4253,西川 真人,2026-06-29,2026-07-03,11,びわこ,一般,２６４　３　４２４２,2026-06-17,2026-06-22,05,多摩川,一般,１５５　４　２４６４３,2026-06-09,2026-06-14,11,びわこ,一般,　　　　　　　　　　３４,2026-06-01,2026-06-04,24,大村,一般,６５　　３６３,2026-05-21,2026-05-24,19,下関,一般,４　２４５４２３,4579,中嶋 健一郎,2026-06-28,2026-07-03,20,若松,一般,１　２３５３１　２４１２,2026-06-13,2026-06-18,08,常滑,ＧⅠ,６　６５４　４４６　３２,2026-06-04,2026-06-09,17,宮島,ＧⅠ,６　４　３４３　５３４,2026-05-15,2026-05-20,21,芦屋,ＧⅠ,５　１　５４５　６５２,2026-04-30,2026-05-06,09,津,一般,３５１　５４４　１,5331,佐藤 永梧,2026-06-02,2026-06-08,10,三国,一般,２５４　６４１　６１１４,2026-05-20,2026-05-25,05,多摩川,一般,１　１６２　１６４６１５,2026-05-11,2026-05-14,12,住之江,一般,３６２　６　３１,2026-04-27,2026-05-02,05,多摩川,一般,２　３２６　４F６　２,2026-04-06,2026-04-10,08,常滑,一般,６　２１２４１６２６
202607130907,2026-07-13,09,07R,5217,藤原 碧生,2026-06-30,2026-07-05,16,児島,ＧⅡ,２５F　６　６５２　６,2026-06-16,2026-06-21,18,徳山,ＧⅢ,４１１　４５１２４２[２],2026-06-04,2026-06-09,17,宮島,ＧⅠ,６　６　４５５　３２６,2026-05-26,2026-05-31,06,浜名湖,ＳＧ,４　２　３５F　４　４,2026-05-15,2026-05-20,21,芦屋,ＧⅠ,６　６　５４６　５４２,3546,中里 昌志,2026-06-28,2026-07-03,20,若松,一般,４　５２３５６　３　２３,2026-06-21,2026-06-24,19,下関,一般,４　１４４６５５,2026-06-06,2026-06-10,24,大村,一般,５　６５６　１　２６,2026-05-20,2026-05-25,05,多摩川,一般,５３２　４　４５３４３５,2026-05-01,2026-05-06,02,戸田,一般,４　２１２４６　１３２,4114,深澤 達徳,2026-06-25,2026-06-30,01,桐生,ＧⅢ,６　６４６　５５３　６６,2026-06-09,2026-06-14,23,からつ,一般,３　５２３３４　３　３５,2026-05-24,2026-05-28,21,芦屋,一般,１３１４１　５５５１,2026-04-27,2026-05-02,05,多摩川,一般,２２２　５５２　２４１３,2026-04-14,2026-04-19,02,戸田,ＧⅢ,２６３　３１２　３４５２,4991,宗行 治哉,2026-06-30,2026-07-05,23,からつ,一般,３　３３４４２１２４１５,2026-06-17,2026-06-22,24,大村,ＧⅡ,３４２　２　３１３　２１,2026-06-10,2026-06-13,14,鳴門,一般,４１２３１２[２],2026-05-20,2026-05-25,11,びわこ,ＧⅡ,１　６　５３４　６１３４,2026-05-12,2026-05-15,18,徳山,一般,５３１　４　１４,4578,藤山 雅弘,2026-06-28,2026-07-02,05,多摩川,一般,５５６５５２５　４,2026-06-11,2026-06-15,20,若松,一般,１　２３１５５１[６],2026-06-01,2026-06-05,19,下関,一般,２３１４２５４４１３,2026-05-12,2026-05-16,01,桐生,一般,３１４　６２１４１５,2026-05-03,2026-05-08,12,住之江,一般,１４３　６６６,5449,堀井 涼平,2026-06-27,2026-07-01,02,戸田,一般,６　６６６　６５６,2026-06-13,2026-06-16,06,浜名湖,一般,２　５５１６６６,2026-05-20,2026-05-25,05,多摩川,一般,６　６６６　６６６　６６,,,,,,,,,,,,
202607130908,2026-07-13,09,08R,4449,中嶋 達也,2026-06-28,2026-07-01,10,三国,一般,１　３１１５１６,2026-06-17,2026-06-22,13,尼崎,一般,２　６５５４５　５　１５,2026-06-03,2026-06-07,03,江戸川,一般,３６５４１　３６,2026-05-20,2026-05-25,05,多摩川,一般,２１６　１５５　３５２５,2026-05-04,2026-05-09,13,尼崎,一般,６　３４５　５６４　２,4785,木幡 純也,2026-06-28,2026-07-02,05,多摩川,一般,３　３　５６４６６６,2026-06-15,2026-06-20,21,芦屋,一般,４６５　３　４５６　４２,2026-05-28,2026-06-02,01,桐生,一般,３２３　５２６４１１,2026-05-10,2026-05-14,23,からつ,一般,６３４　２５４　５２,2026-04-26,2026-05-01,24,大村,一般,５６４　５５,5077,滝沢 崚,2026-06-28,2026-07-02,05,多摩川,一般,６　６　６５,2026-06-14,2026-06-17,12,住之江,一般,４３１　３６４６,2026-05-19,2026-05-24,01,桐生,一般,４　２５６　５１１　６４,2026-04-22,2026-04-25,14,鳴門,一般,１２５　６６５４,2026-04-07,2026-04-13,24,大村,一般,２　６４３　６４５　５　５,3988,古川 誠之,2026-06-29,2026-07-03,11,びわこ,一般,３　２１３２４１[３],2026-06-17,2026-06-22,17,宮島,ＧⅢ,１　１４１４２１３１[４],2026-06-01,2026-06-05,19,下関,一般,３　５５５６４２２,2026-05-20,2026-05-25,05,多摩川,一般,１　５３３３２４１４２４,2026-05-11,2026-05-14,12,住之江,一般,１５５　１３２２,4828,松山 将吾,2026-06-17,2026-06-22,24,大村,ＧⅡ,５　１　１５５　１２４６,2026-05-26,2026-05-31,15,丸亀,ＧⅢ,１２２１３　１６４２[３],2026-05-11,2026-05-15,08,常滑,一般,１　１３２４３１[３],2026-04-30,2026-05-06,11,びわこ,一般,３４　　４２３２４２[５],2026-04-18,2026-04-23,05,多摩川,一般,１１３４１２２　５１[３],5253,藤井 太雅,2026-06-03,2026-06-07,07,蒲郡,一般,５４６　６６４,2026-05-22,2026-05-27,13,尼崎,一般,５６６　６　６５４　４,2026-05-03,2026-05-08,04,平和島,一般,３　５６F　６　４　３５,2026-01-21,2026-01-26,04,平和島,一般,５　５５６　６３３　１２,2026-01-11,2026-01-14,02,戸田,一般,５　６４３　２６
202607130909,2026-07-13,09,09R,4883,岡部 大輝,2026-06-27,2026-07-01,02,戸田,一般,５６４　２　３３１３,2026-06-15,2026-06-20,21,芦屋,一般,５　２１４２４３２５１４,2026-05-26,2026-05-31,15,丸亀,ＧⅢ,２　５３６　５５２　１２,2026-05-15,2026-05-18,13,尼崎,一般,３,2026-05-05,2026-05-09,18,徳山,一般,５２４　２　５４２１,4672,守屋 大地,2026-06-29,2026-07-03,11,びわこ,一般,５４５　２　６６２１,2026-06-21,2026-06-25,08,常滑,一般,６６３　５２２　２６,2026-06-07,2026-06-11,05,多摩川,一般,５１６　４６３　５,2026-05-26,2026-05-31,15,丸亀,ＧⅢ,　　　　　　　　　　５転,2026-05-21,2026-05-24,19,下関,一般,６６２　２６５３,5032,谷口 知優,2026-06-25,2026-06-30,13,尼崎,一般,３５２　２２４　５４１３,2026-06-16,2026-06-21,18,徳山,ＧⅢ,６　３１５３２　６２５６,2026-06-01,2026-06-05,19,下関,一般,３１３　３４１５２４,2026-05-17,2026-05-23,15,丸亀,一般,３　４６１１３４４４２４２５,2026-05-09,2026-05-12,20,若松,一般,６　４４２　１６,5125,高井 雄基,2026-06-03,2026-06-07,07,蒲郡,一般,５２２３４６１３,2026-05-22,2026-05-27,13,尼崎,一般,４３６１３　３５５５６５,2026-05-13,2026-05-18,19,下関,一般,６３１１F　４　４　５,2026-05-03,2026-05-08,08,常滑,一般,４２３４６　４１１４４５,2026-04-14,2026-04-19,02,戸田,ＧⅢ,４　５６２　３４４２６２,5455,澁澤 周羽,2026-06-27,2026-07-01,02,戸田,一般,６　６６５　６６５,2026-06-07,2026-06-11,05,多摩川,一般,６　６６転　４　３５,2026-05-16,2026-05-19,06,浜名湖,一般,６　５６５　落６,2026-05-01,2026-05-06,01,桐生,一般,６　５　６５　　６６６６,,,,,,,3951,石川 吉鎬,2026-06-26,2026-07-02,24,大村,一般,１　２４１３３５２　５５１３,2026-06-15,2026-06-20,21,芦屋,一般,３４２４６　５１５４１５,2026-06-03,2026-06-07,03,江戸川,一般,５４１４F　落４,2026-05-20,2026-05-25,05,多摩川,一般,５３１　４５３５１　５４,2026-05-10,2026-05-14,23,からつ,一般,４４５５２　４　１４
202607130910,2026-07-13,09,10R,4579,中嶋 健一郎,2026-06-28,2026-07-03,20,若松,一般,１　２３５３１　２４１２,2026-06-13,2026-06-18,08,常滑,ＧⅠ,６　６５４　４４６　３２,2026-06-04,2026-06-09,17,宮島,ＧⅠ,６　４　３４３　５３４,2026-05-15,2026-05-20,21,芦屋,ＧⅠ,５　１　５４５　６５２,2026-04-30,2026-05-06,09,津,一般,３５１　５４４　１,4376,藤田 靖弘,2026-06-25,2026-06-30,01,桐生,ＧⅢ,３　４５２　３４２　３６,2026-06-14,2026-06-17,12,住之江,一般,２４１２５３２２,2026-06-01,2026-06-05,19,下関,一般,３　１６２３２３４６,2026-05-19,2026-05-23,16,児島,一般,２２１　５４２６３２,2026-05-06,2026-05-11,05,多摩川,一般,２　１４１２１２５１[３],5183,中野 孝二,2026-06-29,2026-07-03,11,びわこ,一般,６５３　３　１３３２,2026-06-21,2026-06-24,10,三国,一般,２　２５４３５,2026-06-05,2026-06-10,01,桐生,一般,６２４　１５４　２４２２,2026-05-20,2026-05-25,09,津,一般,４　３１５　１５１２５２,2026-04-06,2026-04-10,08,常滑,一般,１　２４転５６　４６,5330,安河内鈴之介,2026-07-01,2026-07-06,07,蒲郡,一般,１１１　１２３　１１[１],2026-06-20,2026-06-25,15,丸亀,一般,４２妨３１３５　１２１２,2026-06-11,2026-06-16,03,江戸川,一般,４６１　３３２２２　４６,2026-05-22,2026-05-27,13,尼崎,一般,２２１３１　落６２４３１,2026-05-13,2026-05-18,19,下関,一般,３４１　２３１　１４４３,4233,亀山 雅幸,2026-06-28,2026-07-02,05,多摩川,一般,３２３１３　３５２３,2026-06-09,2026-06-14,11,びわこ,一般,２１４　１５１６１６２６,2026-05-28,2026-06-02,01,桐生,一般,５１２１１　１１[２],2026-05-15,2026-05-20,20,若松,一般,２　２６４２２　１５３６,2026-05-06,2026-05-10,21,芦屋,一般,６５１　４２２６１３,4771,下寺 秀和,2026-06-26,2026-07-01,17,宮島,一般,３３２　１３２１２１[２],2026-06-17,2026-06-20,07,蒲郡,一般,１３２１４１[２],2026-06-05,2026-06-10,01,桐生,一般,３３２　１４４３１５２４,2026-05-21,2026-05-24,19,下関,一般,１１１４６１[１],2026-05-09,2026-05-12,20,若松,一般,５３１１２２[３]
202607130911,2026-07-13,09,11R,4991,宗行 治哉,2026-06-30,2026-07-05,23,からつ,一般,３　３３４４２１２４１５,2026-06-17,2026-06-22,24,大村,ＧⅡ,３４２　２　３１３　２１,2026-06-10,2026-06-13,14,鳴門,一般,４１２３１２[２],2026-05-20,2026-05-25,11,びわこ,ＧⅡ,１　６　５３４　６１３４,2026-05-12,2026-05-15,18,徳山,一般,５３１　４　１４,4516,野口 勝弘,2026-06-23,2026-06-28,07,蒲郡,一般,３　２４１２１５３１[４],2026-06-09,2026-06-14,23,からつ,一般,２１２　１５１　３２[３],2026-05-28,2026-06-02,01,桐生,一般,５　４１４４３　２３,2026-05-16,2026-05-21,17,宮島,一般,３２５４４　１５２　３１,2026-05-01,2026-05-06,07,蒲郡,一般,３４１３１　３４１６２６,4442,松竹 大輔,2026-06-28,2026-07-02,05,多摩川,一般,４６１　１１２４５１,2026-06-16,2026-06-21,18,徳山,ＧⅢ,６１４　６　３１４１１３,2026-06-03,2026-06-07,07,蒲郡,一般,１５２５５３２４,2026-05-15,2026-05-20,20,若松,一般,３２６　２　２５３　６４,2026-05-01,2026-05-06,07,蒲郡,一般,２５２　１２４３２１[４],4537,渡邉 和将,2026-06-23,2026-06-28,14,鳴門,ＳＧ,３　１　１６４　４　１４,2026-06-05,2026-06-10,01,桐生,一般,３１１６２　２２１４１３,2026-05-25,2026-05-30,17,宮島,一般,２１１１１　１２２１[１],2026-05-16,2026-05-19,06,浜名湖,一般,１３２１３１[６],2026-05-02,2026-05-07,16,児島,一般,１１１６３　３２４３３１,4377,濱本 優一,2026-06-21,2026-06-25,08,常滑,一般,３６３３２１４６２６,2026-06-11,2026-06-15,20,若松,一般,２６２１４　１６４２,2026-05-25,2026-05-31,03,江戸川,一般,４６４　２３２　２　１３２３,2026-05-12,2026-05-16,01,桐生,一般,１１２５１２３１[６],2026-05-03,2026-05-08,12,住之江,一般,４５６　２４３６４　１６,4325,新出 浩司,2026-06-28,2026-07-01,10,三国,一般,３３４　４５３,2026-06-12,2026-06-17,19,下関,一般,１３６　３３１　４６２６,2026-05-26,2026-05-31,15,丸亀,ＧⅢ,５４５　２５４　５６６,2026-05-11,2026-05-14,12,住之江,一般,１　４２３２[５],2026-04-30,2026-05-06,11,びわこ,一般,６　６　５５３５５　２５
202607130912,2026-07-13,09,12R,4828,松山 将吾,2026-06-17,2026-06-22,24,大村,ＧⅡ,５　１　１５５　１２４６,2026-05-26,2026-05-31,15,丸亀,ＧⅢ,１２２１３　１６４２[３],2026-05-11,2026-05-15,08,常滑,一般,１　１３２４３１[３],2026-04-30,2026-05-06,11,びわこ,一般,３４　　４２３２４２[５],2026-04-18,2026-04-23,05,多摩川,一般,１１３４１２２　５１[３],4618,乃村 康友,2026-06-29,2026-07-03,11,びわこ,一般,３５３　５２２　４３,2026-06-20,2026-06-25,06,浜名湖,一般,３６３　５６５　６　３６,2026-06-04,2026-06-08,08,常滑,一般,F４１　６　６　３,2026-05-09,2026-05-12,20,若松,一般,３　３３１５１２,2026-04-30,2026-05-06,09,津,一般,２　２　２５１２４６１６,4578,藤山 雅弘,2026-06-28,2026-07-02,05,多摩川,一般,５５６５５２５　４,2026-06-11,2026-06-15,20,若松,一般,１　２３１５５１[６],2026-06-01,2026-06-05,19,下関,一般,２３１４２５４４１３,2026-05-12,2026-05-16,01,桐生,一般,３１４　６２１４１５,2026-05-03,2026-05-08,12,住之江,一般,１４３　６６６,5076,石原 光,2026-06-25,2026-06-30,01,桐生,ＧⅢ,６　６６２　６６２　４５,2026-06-14,2026-06-17,12,住之江,一般,２６２　３１３,2026-06-01,2026-06-05,19,下関,一般,５　１３３２３　３５,2026-05-16,2026-05-21,17,宮島,一般,６　６４４　３４３６６,2026-05-03,2026-05-08,06,浜名湖,一般,６　落５１　５５２　２,5350,網代 良芽,2026-06-28,2026-07-03,20,若松,一般,６３１　４４６　３４１,2026-06-11,2026-06-16,03,江戸川,一般,５　５４５　１５２２１,2026-05-22,2026-05-27,13,尼崎,一般,１　４３４　３２４４３３,2026-05-06,2026-05-11,05,多摩川,一般,３　５２６２４　１３４２,2026-04-23,2026-04-28,16,児島,一般,３３６　６６４　４５６４,5217,藤原 碧生,2026-06-30,2026-07-05,16,児島,ＧⅡ,２５F　６　６５２　６,2026-06-16,2026-06-21,18,徳山,ＧⅢ,４１１　４５１２４２[２],2026-06-04,2026-06-09,17,宮島,ＧⅠ,６　６　４５５　３２６,2026-05-26,2026-05-31,06,浜名湖,ＳＧ,４　２　３５F　４　４,2026-05-15,2026-05-20,21,芦屋,ＧⅠ,６　６　５４６　５４２
202607131301,2026-07-13,13,01R,4071,古賀 千晶,2026-06-30,2026-07-05,23,からつ,一般,５　５５１１１６２６４５,2026-06-12,2026-06-17,22,福岡,ＧⅢ,３６２　５　５４５　２２,2026-05-31,2026-06-05,13,尼崎,一般,６６１　５　５２５　６６,2026-05-18,2026-05-23,18,徳山,ＧⅢ,２４４　３４４　５１４３,2026-04-29,2026-05-04,14,鳴門,ＧⅢ,４２２　４４５　２２１１,4419,原 加央理,2026-06-29,2026-07-04,08,常滑,一般,３　３１６　１６１４６３,2026-06-13,2026-06-16,06,浜名湖,一般,５６６　３２３４,2026-05-28,2026-06-02,01,桐生,一般,４２２　３５２　１２,2026-05-12,2026-05-17,07,蒲郡,一般,５６１　４３２　３６４,2026-04-29,2026-05-04,14,鳴門,ＧⅢ,１３５４１　１５１５３１,5069,山崎 小葉音,2026-06-24,2026-06-29,12,住之江,一般,６５２　１２４　１４３５,2026-06-06,2026-06-11,15,丸亀,一般,３５１　６５２　５２４,2026-05-12,2026-05-16,04,平和島,一般,３４３　５６３　６欠,2026-04-29,2026-05-04,14,鳴門,ＧⅢ,４　１１３１３３３３３２,2026-04-15,2026-04-20,09,津,一般,２２４４５　６　４６３３,4534,坂 咲友理,2026-06-24,2026-06-29,12,住之江,一般,３　４５４　５５６　３３,2026-05-30,2026-06-04,05,多摩川,ＧⅢ,６　１３５５５　３　３２,2026-04-29,2026-05-04,14,鳴門,ＧⅢ,２　５　６５４４３　６６,2026-04-19,2026-04-22,06,浜名湖,一般,６５６,2026-04-08,2026-04-13,23,からつ,ＧⅢ,４４３　５４６　４４６,4275,菅野 はやか,2026-06-26,2026-07-01,17,宮島,一般,　　　　　　　　３５３,2026-06-13,2026-06-16,06,浜名湖,一般,６４５　４５４５,2026-05-30,2026-06-03,12,住之江,一般,６　６５５６３　６,2026-05-14,2026-05-18,10,三国,一般,５６６　５　６５５,2026-04-29,2026-05-04,14,鳴門,ＧⅢ,６　５３２　４４２　５２,5437,中澤 里桜,2026-06-24,2026-06-29,12,住之江,一般,６６５　６６６　６　６,2026-06-06,2026-06-11,15,丸亀,一般,６６２　５５５　６６F,2026-05-29,2026-06-02,14,鳴門,一般,　　　　　　　　６４,2026-05-09,2026-05-14,11,びわこ,一般,６　６６６　５　６６６,2026-03-06,2026-03-11,17,宮島,一般,６　６６６　エ６５６６
202607131302,2026-07-13,13,02R,5250,嶋田 有里,2026-06-24,2026-06-29,12,住之江,一般,３　３４２　４２５３６,2026-06-12,2026-06-17,22,福岡,ＧⅢ,３５４　３１５　２４６,2026-05-24,2026-05-29,24,大村,一般,２　２４５　４３２　２２,2026-05-16,2026-05-21,17,宮島,一般,６　４４３　６１４５５,2026-05-07,2026-05-11,24,大村,一般,３　６４３３３２３６,4990,田中 博子,2026-06-18,2026-06-21,20,若松,一般,４５６６２　４,2026-05-24,2026-05-29,24,大村,一般,１　６４５　５５４　４５,2026-04-08,2026-04-13,23,からつ,ＧⅢ,５　２　５　５６６　５,2026-02-18,2026-02-23,22,福岡,一般,５　４６３　４１４　６５,2026-01-21,2026-01-24,14,鳴門,一般,５　４６４　２６,5340,樋江井 舞,2026-06-29,2026-07-04,08,常滑,一般,６　５２４　５５５　６５,2026-06-21,2026-06-24,19,下関,一般,３５３２６　６,2026-06-09,2026-06-14,11,びわこ,一般,５　５６４　５６５　転５,2026-05-30,2026-06-04,05,多摩川,ＧⅢ,１５６　３２６　６　２４,2026-05-20,2026-05-25,09,津,一般,５２５　１６６　５４６,5148,松本 怜,2026-06-24,2026-06-29,12,住之江,一般,４６３　３２５　２　３４,2026-06-03,2026-06-08,21,芦屋,一般,２５３　１６４　６３１転,2026-05-21,2026-05-24,19,下関,一般,転,2026-05-05,2026-05-09,18,徳山,一般,４４３　１　１２[６],2026-04-12,2026-04-17,16,児島,一般,５　１１３　２６６５４３,5440,薗頭 心,2026-06-10,2026-06-13,14,鳴門,一般,４６６　６　４６,2026-05-04,2026-05-09,13,尼崎,一般,６　５　６６６　６６６,2026-04-23,2026-04-29,12,住之江,一般,６　６　２６６　６５５　５６,2026-04-08,2026-04-12,11,びわこ,一般,６　２６６　５　６６,2026-03-26,2026-03-31,19,下関,一般,５４５　６　F６６　６,5320,岩崎 麗子,2026-06-24,2026-06-29,12,住之江,一般,４３４　３５４　４　４４,2026-06-07,2026-06-11,05,多摩川,一般,５　２４５　２１２４,2026-05-01,2026-05-06,01,桐生,一般,６　６　２６６　６６５,2026-04-22,2026-04-27,20,若松,ＧⅢ,６　５５２　３４３　５転,2026-04-05,2026-04-10,02,戸田,一般,６　６　５６６６６　４６
202607131303,2026-07-13,13,03R,3932,池田 浩美,2026-06-26,2026-07-01,17,宮島,一般,５　３６１　３６５３２４,2026-06-13,2026-06-16,06,浜名湖,一般,４５２　２３４６,2026-05-15,2026-05-18,13,尼崎,一般,５,2026-04-29,2026-05-04,14,鳴門,ＧⅢ,２　１６６１２４６６２６,2026-04-18,2026-04-21,07,蒲郡,一般,６５５　５　４５,4744,伊藤 玲奈,2026-06-24,2026-06-29,12,住之江,一般,５　欠欠,2026-06-06,2026-06-11,15,丸亀,一般,５　４４２,2026-05-22,2026-05-26,23,からつ,一般,２１２　４３２３１１,2026-05-12,2026-05-17,07,蒲郡,一般,５３１　２４５　５２５,2026-04-26,2026-05-01,24,大村,一般,３５５　４５６　５４６６,4804,高田 ひかる,2026-07-01,2026-07-06,07,蒲郡,一般,１　２２４　６３３　５６,2026-06-17,2026-06-22,24,大村,ＧⅡ,４４４　１　１６３　３３,2026-06-07,2026-06-11,05,多摩川,一般,１６１１１５５１[４],2026-05-24,2026-05-29,24,大村,一般,３６１　４１２２１３３,2026-05-15,2026-05-20,20,若松,一般,３６２２２　１１４５１４,5264,登 みひ果,2026-07-03,2026-07-08,13,尼崎,一般,６３３　６４６　６　２,2026-06-18,2026-06-23,02,戸田,一般,１　１６F　５　６　５,2026-06-09,2026-06-14,11,びわこ,一般,２４１　６５５　３２３４,2026-05-31,2026-06-05,13,尼崎,一般,３　４１２　４３５１[５],2026-05-18,2026-05-23,18,徳山,ＧⅢ,４　６４２２５５３　４６,4117,廣中 智紗衣,2026-07-01,2026-07-06,07,蒲郡,一般,２２２　２６５　６　４１,2026-06-18,2026-06-23,02,戸田,一般,３３２３４　２２２３１２,2026-05-30,2026-06-04,05,多摩川,ＧⅢ,２３２５１　３３４６２４,2026-05-12,2026-05-17,07,蒲郡,一般,６２３３２５１６６２２２,2026-04-27,2026-05-02,05,多摩川,一般,１５５　４２２３４６２２,5241,門田 栞,2026-06-24,2026-06-29,12,住之江,一般,４　２５２　３３５５４,2026-06-06,2026-06-11,15,丸亀,一般,１４２　２３２　４３３６,2026-05-29,2026-06-02,14,鳴門,一般,　　　　　　　　２２,2026-05-24,2026-05-29,24,大村,一般,４　２４１４２６２５５３,2026-05-05,2026-05-10,15,丸亀,ＧⅡ,６　４５１　６　５２５
202607131304,2026-07-13,13,04R,4965,福岡 泉水,2026-06-30,2026-07-05,23,からつ,一般,３５４,2026-06-18,2026-06-21,20,若松,一般,３６エ３６　２,2026-06-06,2026-06-11,15,丸亀,一般,５３５　４５１　２３４,2026-05-24,2026-05-29,24,大村,一般,４５６　３５５　４　５,2026-05-04,2026-05-09,13,尼崎,一般,４　４転２　３５１　４,4733,赤井 睦,2026-06-25,2026-06-29,18,徳山,一般,４　２１６１２４４２,2026-06-06,2026-06-11,15,丸亀,一般,２６６　３６６　５　４２,2026-05-24,2026-05-28,21,芦屋,一般,５　３５３４３　１２,2026-04-03,2026-04-07,17,宮島,一般,１　２６５　２２６,2026-03-24,2026-03-29,10,三国,ＧⅢ,６３１　２２２　５４２２,3435,寺田 千恵,2026-07-03,2026-07-08,12,住之江,一般,４　２１５　１５２４１４,2026-06-18,2026-06-23,02,戸田,一般,１５３１２１１　３１[１],2026-06-06,2026-06-11,15,丸亀,一般,１　２２４３３１３２[５],2026-05-27,2026-06-01,08,常滑,一般,１３４２２２２１３２[２],2026-05-16,2026-05-19,06,浜名湖,一般,３６１３３　２１,5442,池田 美優,2026-06-26,2026-07-01,17,宮島,一般,５６２　５　６６６６６,2026-06-12,2026-06-17,22,福岡,ＧⅢ,６　４４６　３５６　６５,2026-05-12,2026-05-17,07,蒲郡,一般,６　６５６　６　６６,2026-04-12,2026-04-17,16,児島,一般,６　６５転６６　６　６６,2026-03-18,2026-03-23,20,若松,一般,６６６　６　６６６　６,4243,西村 歩,2026-06-24,2026-06-29,12,住之江,一般,２　１６３　２６１６４５,2026-06-06,2026-06-11,15,丸亀,一般,２　２１３２３３F６４,2026-05-24,2026-05-29,24,大村,一般,２　６１５　３５１２２１,2026-05-16,2026-05-19,06,浜名湖,一般,１３４４２　６６,2026-05-04,2026-05-09,13,尼崎,一般,３６３　３　２６２　５,4590,渡邉 優美,2026-07-03,2026-07-08,12,住之江,一般,１４５　２１３１４F３,2026-06-17,2026-06-22,24,大村,ＧⅡ,４　２１４　５　２１３５,2026-06-06,2026-06-11,15,丸亀,一般,１２３　１１３３３２[４],2026-05-29,2026-06-02,23,からつ,一般,３４１１３　２５１１,2026-05-20,2026-05-25,11,びわこ,ＧⅡ,３１４　１　２４６　４６
202607131305,2026-07-13,13,05R,4123,細川 裕子,2026-07-05,2026-07-09,24,大村,一般,１５３１２４６５３３,2026-06-24,2026-06-29,12,住之江,一般,２１３　１　６３１６１２,2026-06-12,2026-06-17,22,福岡,ＧⅢ,１３２４２４１　４３２３,2026-05-30,2026-06-04,05,多摩川,ＧⅢ,２６１　２１１４２４４６,2026-05-19,2026-05-24,08,常滑,一般,２４１５４１３３２３３１,4546,浜田 亜理沙,2026-06-29,2026-07-04,08,常滑,一般,２５１１２２２１４１[３],2026-06-18,2026-06-23,02,戸田,一般,１４１２３　１４１２[２],2026-05-30,2026-06-04,05,多摩川,ＧⅢ,３２３１２　２２２１[２],2026-05-18,2026-05-23,18,徳山,ＧⅢ,１　３２２３２３２３２１,2026-05-05,2026-05-10,15,丸亀,ＧⅡ,３　６　２１２６３　２１,5200,筒井 美琴,2026-06-18,2026-06-21,20,若松,一般,６　４４４　６６,2026-06-06,2026-06-11,15,丸亀,一般,５６６　６　５４４　５５,2026-04-24,2026-04-29,04,平和島,一般,６　５５４　４５６　５,2026-02-19,2026-02-23,24,大村,一般,５　６５F　６　５,2026-01-29,2026-02-03,13,尼崎,一般,６　６５５　４５５　５,3611,岩崎 芳美,2026-07-05,2026-07-09,24,大村,一般,２１３３６　４６１５,2026-05-29,2026-06-02,14,鳴門,一般,１２３　５４２　５３,2026-05-18,2026-05-23,18,徳山,ＧⅢ,５３２４３　３３４１１４,2026-05-05,2026-05-10,15,丸亀,ＧⅡ,１　１３６　４　６　１３,2026-04-25,2026-04-30,06,浜名湖,一般,２２２　F５５　５　４,5324,畑田 希咲,2026-06-18,2026-06-23,02,戸田,一般,４　５５落　６３５　４６,2026-05-30,2026-06-04,05,多摩川,ＧⅢ,４５４　６４５　６　４,2026-05-04,2026-05-09,13,尼崎,一般,４　５６４　３　１６６,2026-04-15,2026-04-20,09,津,一般,５　５６３　４５５　５６,2026-03-18,2026-03-23,08,常滑,一般,６　６５６　６６６　６,5265,大廣 咲季,2026-06-24,2026-06-29,12,住之江,一般,５　１６６　１３４　２６,2026-06-06,2026-06-11,15,丸亀,一般,１　５５５　６３６　３３,2026-05-27,2026-05-31,18,徳山,一般,３　５３６　４　５１,2026-05-10,2026-05-15,16,児島,一般,５２５　３６３　５　６１,2026-04-25,2026-04-30,15,丸亀,一般,５５４　５６５　５　３５
202607131306,2026-07-13,13,06R,4208,三浦 永理,2026-07-01,2026-07-06,07,蒲郡,一般,５　５１１４５　３　１２,2026-06-20,2026-06-25,06,浜名湖,一般,１３２１５　１２２２[５],2026-06-09,2026-06-14,11,びわこ,一般,１３６４２　３６３　６１,2026-05-30,2026-06-04,05,多摩川,ＧⅢ,３　１２３２３１２１[１],2026-05-18,2026-05-23,18,徳山,ＧⅢ,１２２　２１３１４１[３],3470,新田 芳美,2026-06-25,2026-06-29,18,徳山,一般,１４２　１３３５１３,2026-06-12,2026-06-17,22,福岡,ＧⅢ,４４４　２４４　４３４,2026-05-29,2026-06-02,23,からつ,一般,５３５　１４３　５３,2026-04-29,2026-05-04,14,鳴門,ＧⅢ,５５３１５　２　１１３１,2026-04-12,2026-04-17,16,児島,一般,２　５１２６４　１４４２,4450,平高 奈菜,2026-07-01,2026-07-06,07,蒲郡,一般,２　４５１　２１４６１３,2026-06-21,2026-06-26,16,児島,一般,３６１３２　１５１２[５],2026-06-06,2026-06-11,15,丸亀,一般,５２４　４２３２１１１３,2026-05-29,2026-06-02,23,からつ,一般,２５４　１６３３３４,2026-05-20,2026-05-25,11,びわこ,ＧⅡ,２　３２６　５６１　２４,3604,武藤 綾子,2026-06-13,2026-06-16,06,浜名湖,一般,３２５５３　３５,2026-05-29,2026-06-02,23,からつ,一般,６　６５２５５５５,2026-05-12,2026-05-17,07,蒲郡,一般,１４６４３　３　５　２３,2026-04-29,2026-05-04,14,鳴門,ＧⅢ,４２４　５４５　５２４,2026-04-18,2026-04-22,15,丸亀,一般,５　６５６　５　５５,4071,古賀 千晶,2026-06-30,2026-07-05,23,からつ,一般,５　５５１１１６２６４５,2026-06-12,2026-06-17,22,福岡,ＧⅢ,３６２　５　５４５　２２,2026-05-31,2026-06-05,13,尼崎,一般,６６１　５　５２５　６６,2026-05-18,2026-05-23,18,徳山,ＧⅢ,２４４　３４４　５１４３,2026-04-29,2026-05-04,14,鳴門,ＧⅢ,４２２　４４５　２２１１,4408,仁科 さやか,2026-06-25,2026-06-29,18,徳山,一般,２　４４６　２６２６,2026-06-12,2026-06-17,22,福岡,ＧⅢ,５　２５５　４６５　４６,2026-05-24,2026-05-29,24,大村,一般,３４５　１５２　５　１５,2026-05-07,2026-05-11,24,大村,一般,６６５　２６５　２５,2026-04-24,2026-04-29,04,平和島,一般,６　６６６　１６６　６６
202607131307,2026-07-13,13,07R,5078,山川 波乙,2026-07-01,2026-07-06,07,蒲郡,一般,３　４６３３４　２５１,2026-06-18,2026-06-21,20,若松,一般,６３５４４　３,2026-06-06,2026-06-11,15,丸亀,一般,４　６５２　６５,2026-05-24,2026-05-29,24,大村,一般,３６１２４　３　１６２５,2026-05-11,2026-05-14,12,住之江,一般,３５６３５　１,4530,小野 生奈,2026-06-30,2026-07-05,16,児島,ＧⅡ,６２５　１４４　２２３,2026-06-12,2026-06-17,22,福岡,ＧⅢ,１１１　１２３３４１[２],2026-05-30,2026-06-03,12,住之江,一般,４５４　５１４　４５,2026-05-18,2026-05-23,18,徳山,ＧⅢ,１１２　３１２１２１[１],2026-05-05,2026-05-10,15,丸亀,ＧⅡ,３２１　２　４５２３５,5264,登 みひ果,2026-07-03,2026-07-08,13,尼崎,一般,６３３　６４６　６　２,2026-06-18,2026-06-23,02,戸田,一般,１　１６F　５　６　５,2026-06-09,2026-06-14,11,びわこ,一般,２４１　６５５　３２３４,2026-05-31,2026-06-05,13,尼崎,一般,３　４１２　４３５１[５],2026-05-18,2026-05-23,18,徳山,ＧⅢ,４　６４２２５５３　４６,5340,樋江井 舞,2026-06-29,2026-07-04,08,常滑,一般,６　５２４　５５５　６５,2026-06-21,2026-06-24,19,下関,一般,３５３２６　６,2026-06-09,2026-06-14,11,びわこ,一般,５　５６４　５６５　転５,2026-05-30,2026-06-04,05,多摩川,ＧⅢ,１５６　３２６　６　２４,2026-05-20,2026-05-25,09,津,一般,５２５　１６６　５４６,5326,三嶌 さらら,2026-07-03,2026-07-08,13,尼崎,一般,１　６２５６６　３　４５,2026-06-24,2026-06-29,12,住之江,一般,５６３　３２４　４　１５,2026-06-15,2026-06-20,21,芦屋,一般,６　２３６　３５４３２,2026-06-06,2026-06-11,15,丸亀,一般,１　３２４　１５４４２２,2026-05-29,2026-06-02,14,鳴門,一般,４　５３４２４５１,4419,原 加央理,2026-06-29,2026-07-04,08,常滑,一般,３　３１６　１６１４６３,2026-06-13,2026-06-16,06,浜名湖,一般,５６６　３２３４,2026-05-28,2026-06-02,01,桐生,一般,４２２　３５２　１２,2026-05-12,2026-05-17,07,蒲郡,一般,５６１　４３２　３６４,2026-04-29,2026-05-04,14,鳴門,ＧⅢ,１３５４１　１５１５３１
202607131308,2026-07-13,13,08R,3509,池 千夏,2026-06-21,2026-06-24,19,下関,一般,６６５５４　３,2026-06-06,2026-06-11,15,丸亀,一般,２　６６５　４４２　４５,2026-05-18,2026-05-23,18,徳山,ＧⅢ,５　３５２　５５３　４３,2026-05-06,2026-05-10,21,芦屋,一般,５　４６３６６４６,2026-04-22,2026-04-27,20,若松,ＧⅢ,５　６６３５３　４　４４,3778,安達 美帆,2026-05-27,2026-06-01,08,常滑,一般,６　５５６　６６６　６,2026-05-16,2026-05-19,06,浜名湖,一般,５６５　５６５,2026-04-29,2026-05-04,14,鳴門,ＧⅢ,２　５５４　５６４　４５,2026-04-08,2026-04-13,23,からつ,ＧⅢ,６　２　６５２　５６６,2026-03-24,2026-03-29,10,三国,ＧⅢ,５　転５,4456,鎌倉 涼,2026-06-24,2026-06-29,12,住之江,一般,F　５１３　３　３　３,2026-06-13,2026-06-18,08,常滑,ＧⅠ,２　４４１　５４５１６,2026-05-26,2026-05-31,06,浜名湖,ＳＧ,２　６６６　１　５３２,2026-05-16,2026-05-21,17,宮島,一般,２１６４６　１３２６１２,2026-05-05,2026-05-10,15,丸亀,ＧⅡ,１１５　１　３２３　５１,4347,魚谷 香織,2026-06-24,2026-06-29,12,住之江,一般,５　１２３２１５２２[４],2026-06-12,2026-06-17,22,福岡,ＧⅢ,１６エ１３２２　２６１５,2026-05-24,2026-05-29,24,大村,一般,５　１１６　４２５２[５],2026-05-05,2026-05-10,15,丸亀,ＧⅡ,２　５４５　５　６２２,2026-04-22,2026-04-27,20,若松,ＧⅢ,３５４　１１３６４５２５,3932,池田 浩美,2026-06-26,2026-07-01,17,宮島,一般,５　３６１　３６５３２４,2026-06-13,2026-06-16,06,浜名湖,一般,４５２　２３４６,2026-05-15,2026-05-18,13,尼崎,一般,５,2026-04-29,2026-05-04,14,鳴門,ＧⅢ,２　１６６１２４６６２６,2026-04-18,2026-04-21,07,蒲郡,一般,６５５　５　４５,5440,薗頭 心,2026-06-10,2026-06-13,14,鳴門,一般,４６６　６　４６,2026-05-04,2026-05-09,13,尼崎,一般,６　５　６６６　６６６,2026-04-23,2026-04-29,12,住之江,一般,６　６　２６６　６５５　５６,2026-04-08,2026-04-12,11,びわこ,一般,６　２６６　５　６６,2026-03-26,2026-03-31,19,下関,一般,５４５　６　F６６　６
202607131309,2026-07-13,13,09R,3845,中谷 朋子,2026-07-05,2026-07-09,24,大村,一般,４２１６５５欠,2026-06-17,2026-06-20,07,蒲郡,一般,２　５３６２３２,2026-05-11,2026-05-14,12,住之江,一般,２６５４６,2026-04-22,2026-04-27,20,若松,ＧⅢ,２１２３４　２１６６１４,2026-04-08,2026-04-13,23,からつ,ＧⅢ,４　１　４３１　１４３１,4224,大橋 栄里佳,2026-06-26,2026-07-01,17,宮島,一般,３　２３３４４５３　２３,2026-06-12,2026-06-17,22,福岡,ＧⅢ,２　４３６６５４５　５３,2026-05-31,2026-06-05,20,若松,一般,６　５３F６２　４　６,2026-05-18,2026-05-23,18,徳山,ＧⅢ,４１２　１４１６３２[２],2026-04-29,2026-05-04,14,鳴門,ＧⅢ,２２３３４２４　１２[４],4534,坂 咲友理,2026-06-24,2026-06-29,12,住之江,一般,３　４５４　５５６　３３,2026-05-30,2026-06-04,05,多摩川,ＧⅢ,６　１３５５５　３　３２,2026-04-29,2026-05-04,14,鳴門,ＧⅢ,２　５　６５４４３　６６,2026-04-19,2026-04-22,06,浜名湖,一般,６５６,2026-04-08,2026-04-13,23,からつ,ＧⅢ,４４３　５４６　４４６,4414,大澤 真菜,2026-06-28,2026-07-03,20,若松,一般,２　５６２６４　５　５６,2026-06-14,2026-06-18,01,桐生,一般,５　６４５　６　６１,2026-05-24,2026-05-29,24,大村,一般,４５３　１４４３２　５,2026-05-03,2026-05-08,04,平和島,一般,６１６　５　２６５　６６,2026-04-15,2026-04-20,09,津,一般,４３２　４２１２２６２２,4642,松尾 夏海,2026-07-01,2026-07-06,07,蒲郡,一般,６２３　３　４３１１２３,2026-06-18,2026-06-23,02,戸田,一般,２６２　１１２３４１[５],2026-06-06,2026-06-11,15,丸亀,一般,２１３５１４１　１１[３],2026-05-24,2026-05-29,24,大村,一般,５１２　２３３１１４１１,2026-05-05,2026-05-10,15,丸亀,ＧⅡ,４　４１１　２３５　２６,4733,赤井 睦,2026-06-25,2026-06-29,18,徳山,一般,４　２１６１２４４２,2026-06-06,2026-06-11,15,丸亀,一般,２６６　３６６　５　４２,2026-05-24,2026-05-28,21,芦屋,一般,５　３５３４３　１２,2026-04-03,2026-04-07,17,宮島,一般,１　２６５　２２６,2026-03-24,2026-03-29,10,三国,ＧⅢ,６３１　２２２　５４２２
202607131310,2026-07-13,13,10R,3611,岩崎 芳美,2026-07-05,2026-07-09,24,大村,一般,２１３３６　４６１５,2026-05-29,2026-06-02,14,鳴門,一般,１２３　５４２　５３,2026-05-18,2026-05-23,18,徳山,ＧⅢ,５３２４３　３３４１１４,2026-05-05,2026-05-10,15,丸亀,ＧⅡ,１　１３６　４　６　１３,2026-04-25,2026-04-30,06,浜名湖,一般,２２２　F５５　５　４,4275,菅野 はやか,2026-06-26,2026-07-01,17,宮島,一般,　　　　　　　　３５３,2026-06-13,2026-06-16,06,浜名湖,一般,６４５　４５４５,2026-05-30,2026-06-03,12,住之江,一般,６　６５５６３　６,2026-05-14,2026-05-18,10,三国,一般,５６６　５　６５５,2026-04-29,2026-05-04,14,鳴門,ＧⅢ,６　５３２　４４２　５２,4243,西村 歩,2026-06-24,2026-06-29,12,住之江,一般,２　１６３　２６１６４５,2026-06-06,2026-06-11,15,丸亀,一般,２　２１３２３３F６４,2026-05-24,2026-05-29,24,大村,一般,２　６１５　３５１２２１,2026-05-16,2026-05-19,06,浜名湖,一般,１３４４２　６６,2026-05-04,2026-05-09,13,尼崎,一般,３６３　３　２６２　５,4450,平高 奈菜,2026-07-01,2026-07-06,07,蒲郡,一般,２　４５１　２１４６１３,2026-06-21,2026-06-26,16,児島,一般,３６１３２　１５１２[５],2026-06-06,2026-06-11,15,丸亀,一般,５２４　４２３２１１１３,2026-05-29,2026-06-02,23,からつ,一般,２５４　１６３３３４,2026-05-20,2026-05-25,11,びわこ,ＧⅡ,２　３２６　５６１　２４,5250,嶋田 有里,2026-06-24,2026-06-29,12,住之江,一般,３　３４２　４２５３６,2026-06-12,2026-06-17,22,福岡,ＧⅢ,３５４　３１５　２４６,2026-05-24,2026-05-29,24,大村,一般,２　２４５　４３２　２２,2026-05-16,2026-05-21,17,宮島,一般,６　４４３　６１４５５,2026-05-07,2026-05-11,24,大村,一般,３　６４３３３２３６,4744,伊藤 玲奈,2026-06-24,2026-06-29,12,住之江,一般,５　欠欠,2026-06-06,2026-06-11,15,丸亀,一般,５　４４２,2026-05-22,2026-05-26,23,からつ,一般,２１２　４３２３１１,2026-05-12,2026-05-17,07,蒲郡,一般,５３１　２４５　５２５,2026-04-26,2026-05-01,24,大村,一般,３５５　４５６　５４６６
202607131311,2026-07-13,13,11R,3435,寺田 千恵,2026-07-03,2026-07-08,12,住之江,一般,４　２１５　１５２４１４,2026-06-18,2026-06-23,02,戸田,一般,１５３１２１１　３１[１],2026-06-06,2026-06-11,15,丸亀,一般,１　２２４３３１３２[５],2026-05-27,2026-06-01,08,常滑,一般,１３４２２２２１３２[２],2026-05-16,2026-05-19,06,浜名湖,一般,３６１３３　２１,5148,松本 怜,2026-06-24,2026-06-29,12,住之江,一般,４６３　３２５　２　３４,2026-06-03,2026-06-08,21,芦屋,一般,２５３　１６４　６３１転,2026-05-21,2026-05-24,19,下関,一般,転,2026-05-05,2026-05-09,18,徳山,一般,４４３　１　１２[６],2026-04-12,2026-04-17,16,児島,一般,５　１１３　２６６５４３,4117,廣中 智紗衣,2026-07-01,2026-07-06,07,蒲郡,一般,２２２　２６５　６　４１,2026-06-18,2026-06-23,02,戸田,一般,３３２３４　２２２３１２,2026-05-30,2026-06-04,05,多摩川,ＧⅢ,２３２５１　３３４６２４,2026-05-12,2026-05-17,07,蒲郡,一般,６２３３２５１６６２２２,2026-04-27,2026-05-02,05,多摩川,一般,１５５　４２２３４６２２,3470,新田 芳美,2026-06-25,2026-06-29,18,徳山,一般,１４２　１３３５１３,2026-06-12,2026-06-17,22,福岡,ＧⅢ,４４４　２４４　４３４,2026-05-29,2026-06-02,23,からつ,一般,５３５　１４３　５３,2026-04-29,2026-05-04,14,鳴門,ＧⅢ,５５３１５　２　１１３１,2026-04-12,2026-04-17,16,児島,一般,２　５１２６４　１４４２,4546,浜田 亜理沙,2026-06-29,2026-07-04,08,常滑,一般,２５１１２２２１４１[３],2026-06-18,2026-06-23,02,戸田,一般,１４１２３　１４１２[２],2026-05-30,2026-06-04,05,多摩川,ＧⅢ,３２３１２　２２２１[２],2026-05-18,2026-05-23,18,徳山,ＧⅢ,１　３２２３２３２３２１,2026-05-05,2026-05-10,15,丸亀,ＧⅡ,３　６　２１２６３　２１,5069,山崎 小葉音,2026-06-24,2026-06-29,12,住之江,一般,６５２　１２４　１４３５,2026-06-06,2026-06-11,15,丸亀,一般,３５１　６５２　５２４,2026-05-12,2026-05-16,04,平和島,一般,３４３　５６３　６欠,2026-04-29,2026-05-04,14,鳴門,ＧⅢ,４　１１３１３３３３３２,2026-04-15,2026-04-20,09,津,一般,２２４４５　６　４６３３
202607131312,2026-07-13,13,12R,4456,鎌倉 涼,2026-06-24,2026-06-29,12,住之江,一般,F　５１３　３　３　３,2026-06-13,2026-06-18,08,常滑,ＧⅠ,２　４４１　５４５１６,2026-05-26,2026-05-31,06,浜名湖,ＳＧ,２　６６６　１　５３２,2026-05-16,2026-05-21,17,宮島,一般,２１６４６　１３２６１２,2026-05-05,2026-05-10,15,丸亀,ＧⅡ,１１５　１　３２３　５１,4590,渡邉 優美,2026-07-03,2026-07-08,12,住之江,一般,１４５　２１３１４F３,2026-06-17,2026-06-22,24,大村,ＧⅡ,４　２１４　５　２１３５,2026-06-06,2026-06-11,15,丸亀,一般,１２３　１１３３３２[４],2026-05-29,2026-06-02,23,からつ,一般,３４１１３　２５１１,2026-05-20,2026-05-25,11,びわこ,ＧⅡ,３１４　１　２４６　４６,4208,三浦 永理,2026-07-01,2026-07-06,07,蒲郡,一般,５　５１１４５　３　１２,2026-06-20,2026-06-25,06,浜名湖,一般,１３２１５　１２２２[５],2026-06-09,2026-06-14,11,びわこ,一般,１３６４２　３６３　６１,2026-05-30,2026-06-04,05,多摩川,ＧⅢ,３　１２３２３１２１[１],2026-05-18,2026-05-23,18,徳山,ＧⅢ,１２２　２１３１４１[３],4530,小野 生奈,2026-06-30,2026-07-05,16,児島,ＧⅡ,６２５　１４４　２２３,2026-06-12,2026-06-17,22,福岡,ＧⅢ,１１１　１２３３４１[２],2026-05-30,2026-06-03,12,住之江,一般,４５４　５１４　４５,2026-05-18,2026-05-23,18,徳山,ＧⅢ,１１２　３１２１２１[１],2026-05-05,2026-05-10,15,丸亀,ＧⅡ,３２１　２　４５２３５,4123,細川 裕子,2026-07-05,2026-07-09,24,大村,一般,１５３１２４６５３３,2026-06-24,2026-06-29,12,住之江,一般,２１３　１　６３１６１２,2026-06-12,2026-06-17,22,福岡,ＧⅢ,１３２４２４１　４３２３,2026-05-30,2026-06-04,05,多摩川,ＧⅢ,２６１　２１１４２４４６,2026-05-19,2026-05-24,08,常滑,一般,２４１５４１３３２３３１,4804,高田 ひかる,2026-07-01,2026-07-06,07,蒲郡,一般,１　２２４　６３３　５６,2026-06-17,2026-06-22,24,大村,ＧⅡ,４４４　１　１６３　３３,2026-06-07,2026-06-11,05,多摩川,一般,１６１１１５５１[４],2026-05-24,2026-05-29,24,大村,一般,３６１　４１２２１３３,2026-05-15,2026-05-20,20,若松,一般,３６２２２　１１４５１４
202607131401,2026-07-13,14,01R,4159,向後 龍一,2026-06-24,2026-06-29,03,江戸川,一般,１２５　５１１　１２[２],2026-06-07,2026-06-12,09,津,一般,２　２２２５４１１３１１,2026-05-20,2026-05-25,11,びわこ,ＧⅡ,３　５１６　４　４３３,2026-05-11,2026-05-16,03,江戸川,ＧⅡ,５　１　１２２　２　[４],2026-05-01,2026-05-06,02,戸田,一般,３１３　１　４転５２６２,4145,小澤 学,2026-06-25,2026-06-30,13,尼崎,一般,２　５６５４４　６　３３,2026-06-16,2026-06-21,09,津,一般,４５５　６２２　４　３５,2026-05-29,2026-06-02,23,からつ,一般,３４５６４　６３４,2026-05-12,2026-05-16,04,平和島,一般,５　４６４　３４２３,2026-04-26,2026-05-01,03,江戸川,一般,３５５　１　４　３５１,4897,深見 亜由美,2026-06-24,2026-06-28,04,平和島,一般,５　６６５６６５,2026-06-06,2026-06-10,06,浜名湖,一般,６５５　２　３転６,2026-05-12,2026-05-17,07,蒲郡,一般,４　５３３　２５４１５,2026-04-22,2026-04-27,20,若松,ＧⅢ,４５６　４　６５６　３４,2026-04-09,2026-04-15,15,丸亀,一般,５　４４２　２６６　５６２４,5403,藤山 湧太,2026-06-20,2026-06-25,15,丸亀,一般,６５２　４４６　６　３３,2026-06-01,2026-06-04,24,大村,一般,５　６　６　４５,2026-05-08,2026-05-13,14,鳴門,一般,６６６　３６２　５６６,2026-04-27,2026-05-02,18,徳山,一般,６　６６６　６６６５６,2026-04-20,2026-04-25,22,福岡,一般,６　５５５４５　５　６６,5462,山浦 槙,2026-06-26,2026-07-01,17,宮島,一般,６　６６６　６５５６５,2026-06-01,2026-06-05,19,下関,一般,５　６６６　６　６６,2026-05-01,2026-05-06,23,からつ,一般,６　５　６６４６５５５,,,,,,,,,,,,,5329,金子 龍斗,2026-06-02,2026-06-08,10,三国,一般,３　２５６２６　４５５,2026-05-22,2026-05-27,13,尼崎,一般,２　５５５５２　５　４２,2026-05-06,2026-05-10,21,芦屋,一般,４　F　６　４　５２,2026-03-26,2026-03-31,17,宮島,一般,１２６　１２３　６４１４,2026-03-09,2026-03-14,04,平和島,一般,２　３１５１６３６６３４
202607131402,2026-07-13,14,02R,3771,折下 寛法,2026-06-26,2026-07-02,24,大村,一般,６５１　３４３　３２２　４１,2026-06-17,2026-06-22,05,多摩川,一般,４　１２５　２６１５３３,2026-05-28,2026-06-02,01,桐生,一般,６３１　５５２　３５,2026-05-17,2026-05-23,15,丸亀,一般,１　１４２　１５５６１　３３,2026-04-27,2026-05-02,05,多摩川,一般,４４４　３２５　２３４,5245,倉富 大誠,2026-06-23,2026-06-28,07,蒲郡,一般,４　４５１４６　１　４２,2026-06-15,2026-06-20,21,芦屋,一般,４５５１３４２　１４３,2026-06-03,2026-06-07,03,江戸川,一般,５１５　１２２２,2026-05-28,2026-05-31,02,戸田,一般,転３３　５４３,2026-05-11,2026-05-14,12,住之江,一般,２３５　１５６,5070,中島 航,2026-06-24,2026-06-29,03,江戸川,一般,２　３４５　６２４　３３,2026-06-17,2026-06-20,07,蒲郡,一般,５５５　４　３５,2026-05-26,2026-05-31,15,丸亀,ＧⅢ,５５５　４４１　２３４,2026-05-11,2026-05-15,08,常滑,一般,５６６　２６５　５２,2026-04-26,2026-05-01,03,江戸川,一般,６　３４６　２６６６２,4587,木田 峰由季,2026-06-30,2026-07-04,19,下関,一般,６　５４３４２１２１,2026-06-11,2026-06-15,20,若松,一般,３２３１２　４３５１,2026-05-02,2026-05-07,10,三国,一般,３４１　２３１２２２[４],2026-04-17,2026-04-20,23,からつ,一般,１２４５１４２４,2026-04-06,2026-04-10,08,常滑,一般,３　５４１１５２[４],5056,西岡 成美,2024-09-30,2024-10-05,09,津,一般,５３F４４　落,2024-09-18,2024-09-23,01,桐生,ＧⅠ,２　４　６４４　４５２,2024-08-31,2024-09-05,08,常滑,一般,１３１２２１４　４１[５],2024-08-19,2024-08-23,23,からつ,一般,１　４６２５５５３６,2024-08-10,2024-08-15,14,鳴門,一般,３３５　６１３６３　５１,3893,汐崎 正則,2026-06-28,2026-07-01,10,三国,一般,２６１　２４２５,2026-06-14,2026-06-18,01,桐生,一般,１　３６１３１３３１,2026-05-29,2026-06-04,09,津,ＧⅢ,５３１　６２５　１４２５,2026-05-15,2026-05-20,20,若松,一般,１３１　１５３　５２[４],2026-04-30,2026-05-06,11,びわこ,一般,５２１　４６４　３４３５
202607131403,2026-07-13,14,03R,3333,丸尾 義孝,2026-06-29,2026-07-03,11,びわこ,一般,１　１１３１２２[エ],2026-06-20,2026-06-25,06,浜名湖,一般,１　２５４３３２２５３４,2026-06-01,2026-06-05,19,下関,一般,３４１　２　６１４１,2026-05-20,2026-05-25,09,津,一般,６　４４５　１１１３１６,2026-05-08,2026-05-13,14,鳴門,一般,１３３　２３５２１５１３,4152,深水 慎一郎,2026-06-25,2026-06-30,01,桐生,ＧⅢ,２５３　２１５４２　１４,2026-06-07,2026-06-11,05,多摩川,一般,１２４　５４４５４６,2026-05-23,2026-05-28,10,三国,一般,５２５　２　２５４１３２,2026-05-03,2026-05-08,04,平和島,一般,１　６５６　４６６　１３,2026-03-28,2026-04-02,24,大村,一般,１６１　１６３　１６２６,3804,中渡 修作,2026-06-25,2026-06-30,13,尼崎,一般,６　５２４　３３４４３１,2026-06-18,2026-06-21,20,若松,一般,４　４３６２１,2026-06-05,2026-06-10,01,桐生,一般,５６２　２　５６５２３２,2026-05-16,2026-05-21,17,宮島,一般,３　４５２　６１２５６,2026-04-27,2026-05-02,18,徳山,一般,３　６４４１５２４６１５,3615,横田 茂,2026-06-25,2026-06-29,18,徳山,一般,５　５１２　６６４５,2026-06-16,2026-06-21,09,津,一般,２　４６２　欠欠,2026-06-04,2026-06-09,17,宮島,ＧⅠ,　　　　　　　　６６５,2026-05-30,2026-06-03,12,住之江,一般,４６１　４　６６２,2026-05-12,2026-05-16,01,桐生,一般,４４６　２　５６６３,4247,齊藤 優,2026-06-20,2026-06-25,06,浜名湖,一般,５４４　３４１　４　３１,2026-06-03,2026-06-08,21,芦屋,一般,３２５　２３３　５２５,2026-05-25,2026-05-30,17,宮島,一般,５２４　６４６,2026-05-08,2026-05-13,14,鳴門,一般,２　２４３２２３１３３１,2026-04-24,2026-04-28,07,蒲郡,一般,２６４５１　６５６,5332,村松 遥輝,2026-06-01,2026-06-04,24,大村,一般,６　５　５　５５,2026-05-13,2026-05-18,19,下関,一般,６　４６５　５５４　２５,2026-05-03,2026-05-08,08,常滑,一般,F　６　４　６　６　４,2026-04-25,2026-04-30,06,浜名湖,一般,４５４　１４６　２　２２,2026-03-18,2026-03-21,04,平和島,一般,６５６　６　６２
202607131404,2026-07-13,14,04R,4989,石原 翼,2026-06-30,2026-07-05,16,児島,ＧⅡ,５　２　５５１　５１２５,2026-06-17,2026-06-22,24,大村,ＧⅡ,３　２５５　５６３　１,2026-06-04,2026-06-08,08,常滑,一般,１　１３１５１１[１],2026-05-20,2026-05-25,11,びわこ,ＧⅡ,４　３　４６６　５５２,2026-05-12,2026-05-16,01,桐生,一般,１　１４３５４２[４],3989,熊本 英一,2026-06-12,2026-06-17,19,下関,一般,２５５４４　６　６３４,2026-05-25,2026-05-31,07,蒲郡,一般,４３６　３６５　６　５　６１,2026-05-08,2026-05-13,22,福岡,一般,１６４　６　２６６　６２,2026-04-24,2026-04-29,08,常滑,一般,４４２　２３５　６５４,2026-04-10,2026-04-15,17,宮島,一般,４　６５５５６５５　３,3642,大塚 浩二,2026-06-26,2026-07-01,17,宮島,一般,４　４２４　５４５５５４,2026-06-18,2026-06-21,04,平和島,一般,５６２　５　６６,2026-05-28,2026-05-31,02,戸田,一般,３　４４１３３４,2026-05-11,2026-05-15,08,常滑,一般,５　４４４　１６６３,2026-05-01,2026-05-06,07,蒲郡,一般,３３４　２３６　２４３,4484,稲生 夏季,2026-06-20,2026-06-25,06,浜名湖,一般,１２６　５６３　３４４,2026-05-30,2026-06-04,05,多摩川,ＧⅢ,４　５３２４１　４４５,2026-05-18,2026-05-23,18,徳山,ＧⅢ,６５５　４５３　４４１４,2026-05-06,2026-05-10,21,芦屋,一般,４６３　４３６５６４,2026-03-19,2026-03-23,19,下関,一般,４３３　４５５２６,3370,坪内 実,2026-06-03,2026-06-07,03,江戸川,一般,２　６５６３１４,2026-05-19,2026-05-23,16,児島,一般,５　２６４２３　６６,2026-05-02,2026-05-07,10,三国,一般,５６５　２　６６F　５,2026-04-18,2026-04-23,05,多摩川,一般,５６２　４　５６５　６,2026-03-16,2026-03-19,10,三国,一般,５　６２４４６５,5270,小玉 啓太,2026-06-25,2026-06-29,21,芦屋,一般,２　６　４４３　３４,2026-06-11,2026-06-16,03,江戸川,一般,１　３３４　６３１　２１,2026-05-29,2026-06-03,11,びわこ,一般,５３４　３５４　２転２,2026-05-13,2026-05-18,19,下関,一般,５３６　４２５　５　２６,2026-05-01,2026-05-06,23,からつ,一般,５６６　５５４　５２３
202607131405,2026-07-13,14,05R,4319,三宅 潤,2026-06-28,2026-07-01,10,三国,一般,１３４１１３５１,2026-06-18,2026-06-21,04,平和島,一般,３４３１３　２１,2026-06-06,2026-06-10,06,浜名湖,一般,２　２１３６１６１５,2026-05-19,2026-05-24,08,常滑,一般,５　２２６３２　５４１,2026-05-06,2026-05-11,05,多摩川,一般,４　４３５４４３３　３３,5124,上瀧 絢也,2026-06-25,2026-06-29,21,芦屋,一般,６　５３２６３　２６,2026-06-14,2026-06-17,12,住之江,一般,３　転４４　４１,2026-05-29,2026-06-02,23,からつ,一般,５　２２６３２　６５,2026-04-29,2026-05-04,19,下関,一般,２５３　１　６５５２２,2026-04-22,2026-04-25,14,鳴門,一般,３　５２４６１４,5329,金子 龍斗,2026-06-02,2026-06-08,10,三国,一般,３　２５６２６　４５５,2026-05-22,2026-05-27,13,尼崎,一般,２　５５５５２　５　４２,2026-05-06,2026-05-10,21,芦屋,一般,４　F　６　４　５２,2026-03-26,2026-03-31,17,宮島,一般,１２６　１２３　６４１４,2026-03-09,2026-03-14,04,平和島,一般,２　３１５１６３６６３４,4680,後藤 美翼,2026-06-30,2026-07-05,23,からつ,一般,２４１　３１４１２５４５,2026-06-17,2026-06-22,13,尼崎,一般,３　２２２３４４転６４転,2026-05-30,2026-06-04,05,多摩川,ＧⅢ,３６３　２４２　１４１４,2026-05-15,2026-05-20,20,若松,一般,３　１４３　６６３３５１,2026-04-29,2026-05-04,14,鳴門,ＧⅢ,２４３　４３２　６４３４,4570,前田 聖文,2026-06-28,2026-07-02,05,多摩川,一般,４４３４３６,2026-06-11,2026-06-15,20,若松,一般,５５２２１　１３４３,2026-05-30,2026-06-03,12,住之江,一般,１　３２１３４１[６],2026-05-16,2026-05-19,06,浜名湖,一般,１５４１１４[５],2026-05-03,2026-05-08,08,常滑,一般,１３２４３　５３１２[５],5391,出穂 和鼓,2026-06-30,2026-07-05,23,からつ,一般,６６６　５６６　４６２５,2026-06-10,2026-06-13,14,鳴門,一般,６５６　６　６６,2026-05-18,2026-05-23,18,徳山,ＧⅢ,５６５　５　６６５　６５,2026-04-29,2026-05-04,19,下関,一般,６　６６６　５５６　６５,2026-04-03,2026-04-07,21,芦屋,一般,５６５　６　６５６６
202607131406,2026-07-13,14,06R,5066,鈴木 孝明,2026-06-23,2026-06-28,07,蒲郡,一般,１　１４１２５１５５３１,2026-06-14,2026-06-18,01,桐生,一般,３３２６４　２　１４,2026-05-27,2026-05-31,18,徳山,一般,１　２５１１３１[１],2026-05-14,2026-05-19,02,戸田,一般,１３２　２３１１３５２２,2026-05-06,2026-05-10,21,芦屋,一般,１　２２２６１１[２],4234,野相 弘司,2026-06-28,2026-07-01,10,三国,一般,４　３転,2026-06-18,2026-06-21,04,平和島,一般,２２６　４４３転,2026-05-31,2026-06-05,20,若松,一般,４　２６４３５　６,2026-05-15,2026-05-18,13,尼崎,一般,,2026-04-29,2026-05-04,22,福岡,一般,２　２２１５５　１４３２,5249,三木 晴斗,2026-05-29,2026-06-03,11,びわこ,一般,６　３４５３３　転４４,2026-05-08,2026-05-13,14,鳴門,一般,６１４　３６２５５　３１,2026-04-23,2026-04-28,23,からつ,一般,F３１　４　４　５　６,2026-04-12,2026-04-17,16,児島,一般,４　５５５　４４１　３５,2026-03-19,2026-03-25,15,丸亀,一般,５　１５３　１６１５１６１６,4897,深見 亜由美,2026-06-24,2026-06-28,04,平和島,一般,５　６６５６６５,2026-06-06,2026-06-10,06,浜名湖,一般,６５５　２　３転６,2026-05-12,2026-05-17,07,蒲郡,一般,４　５３３　２５４１５,2026-04-22,2026-04-27,20,若松,ＧⅢ,４５６　４　６５６　３４,2026-04-09,2026-04-15,15,丸亀,一般,５　４４２　２６６　５６２４,4145,小澤 学,2026-06-25,2026-06-30,13,尼崎,一般,２　５６５４４　６　３３,2026-06-16,2026-06-21,09,津,一般,４５５　６２２　４　３５,2026-05-29,2026-06-02,23,からつ,一般,３４５６４　６３４,2026-05-12,2026-05-16,04,平和島,一般,５　４６４　３４２３,2026-04-26,2026-05-01,03,江戸川,一般,３５５　１　４　３５１,5428,古園井 綾南,2026-06-01,2026-06-05,19,下関,一般,６　６６６　６　６６,2026-05-01,2026-05-06,23,からつ,一般,６　６６６　エ６F　６,2026-04-20,2026-04-25,22,福岡,一般,転　６　６６６　６６５,2026-04-08,2026-04-13,23,からつ,ＧⅢ,転　６６６６４　６　５,2026-03-28,2026-04-02,24,大村,一般,６６６　６６６５６　６
202607131407,2026-07-13,14,07R,3893,汐崎 正則,2026-06-28,2026-07-01,10,三国,一般,２６１　２４２５,2026-06-14,2026-06-18,01,桐生,一般,１　３６１３１３３１,2026-05-29,2026-06-04,09,津,ＧⅢ,５３１　６２５　１４２５,2026-05-15,2026-05-20,20,若松,一般,１３１　１５３　５２[４],2026-04-30,2026-05-06,11,びわこ,一般,５２１　４６４　３４３５,5361,植竹 玲奈,2026-06-24,2026-06-28,04,平和島,一般,６　５６２４５４,2026-06-09,2026-06-13,07,蒲郡,一般,４　３５６　落欠,2026-05-24,2026-05-29,24,大村,一般,５　４３落　６６６　６５,2026-05-01,2026-05-06,01,桐生,一般,６　６　６４６　６５４,2026-04-15,2026-04-20,09,津,一般,６　５６１４４　６５６４,5252,荒木 颯斗,2026-06-28,2026-07-02,05,多摩川,一般,１３１１４　３１[４],2026-06-17,2026-06-20,07,蒲郡,一般,３１４２５５１１,2026-06-04,2026-06-08,08,常滑,一般,１　１６１１３２[２],2026-05-26,2026-05-31,15,丸亀,ＧⅢ,３　４３６欠,2026-05-12,2026-05-16,04,平和島,一般,２２４　４４２５１６,4339,平瀬 城啓,2026-06-28,2026-07-01,10,三国,一般,４５３　５１４,2026-06-17,2026-06-22,05,多摩川,一般,５６３　４　５５６　５,2026-06-01,2026-06-04,24,大村,一般,６　５　６４３,2026-05-14,2026-05-18,10,三国,一般,５１６　６２３　４６,2026-04-25,2026-04-30,13,尼崎,一般,６　１５５　６３３　６２,5332,村松 遥輝,2026-06-01,2026-06-04,24,大村,一般,６　５　５　５５,2026-05-13,2026-05-18,19,下関,一般,６　４６５　５５４　２５,2026-05-03,2026-05-08,08,常滑,一般,F　６　４　６　６　４,2026-04-25,2026-04-30,06,浜名湖,一般,４５４　１４６　２　２２,2026-03-18,2026-03-21,04,平和島,一般,６５６　６　６２,5462,山浦 槙,2026-06-26,2026-07-01,17,宮島,一般,６　６６６　６５５６５,2026-06-01,2026-06-05,19,下関,一般,５　６６６　６　６６,2026-05-01,2026-05-06,23,からつ,一般,６　５　６６４６５５５,,,,,,,,,,,,
202607131408,2026-07-13,14,08R,3615,横田 茂,2026-06-25,2026-06-29,18,徳山,一般,５　５１２　６６４５,2026-06-16,2026-06-21,09,津,一般,２　４６２　欠欠,2026-06-04,2026-06-09,17,宮島,ＧⅠ,　　　　　　　　６６５,2026-05-30,2026-06-03,12,住之江,一般,４６１　４　６６２,2026-05-12,2026-05-16,01,桐生,一般,４４６　２　５６６３,5056,西岡 成美,2024-09-30,2024-10-05,09,津,一般,５３F４４　落,2024-09-18,2024-09-23,01,桐生,ＧⅠ,２　４　６４４　４５２,2024-08-31,2024-09-05,08,常滑,一般,１３１２２１４　４１[５],2024-08-19,2024-08-23,23,からつ,一般,１　４６２５５５３６,2024-08-10,2024-08-15,14,鳴門,一般,３３５　６１３６３　５１,4989,石原 翼,2026-06-30,2026-07-05,16,児島,ＧⅡ,５　２　５５１　５１２５,2026-06-17,2026-06-22,24,大村,ＧⅡ,３　２５５　５６３　１,2026-06-04,2026-06-08,08,常滑,一般,１　１３１５１１[１],2026-05-20,2026-05-25,11,びわこ,ＧⅡ,４　３　４６６　５５２,2026-05-12,2026-05-16,01,桐生,一般,１　１４３５４２[４],3804,中渡 修作,2026-06-25,2026-06-30,13,尼崎,一般,６　５２４　３３４４３１,2026-06-18,2026-06-21,20,若松,一般,４　４３６２１,2026-06-05,2026-06-10,01,桐生,一般,５６２　２　５６５２３２,2026-05-16,2026-05-21,17,宮島,一般,３　４５２　６１２５６,2026-04-27,2026-05-02,18,徳山,一般,３　６４４１５２４６１５,3771,折下 寛法,2026-06-26,2026-07-02,24,大村,一般,６５１　３４３　３２２　４１,2026-06-17,2026-06-22,05,多摩川,一般,４　１２５　２６１５３３,2026-05-28,2026-06-02,01,桐生,一般,６３１　５５２　３５,2026-05-17,2026-05-23,15,丸亀,一般,１　１４２　１５５６１　３３,2026-04-27,2026-05-02,05,多摩川,一般,４４４　３２５　２３４,5403,藤山 湧太,2026-06-20,2026-06-25,15,丸亀,一般,６５２　４４６　６　３３,2026-06-01,2026-06-04,24,大村,一般,５　６　６　４５,2026-05-08,2026-05-13,14,鳴門,一般,６６６　３６２　５６６,2026-04-27,2026-05-02,18,徳山,一般,６　６６６　６６６５６,2026-04-20,2026-04-25,22,福岡,一般,６　５５５４５　５　６６
202607131409,2026-07-13,14,09R,4680,後藤 美翼,2026-06-30,2026-07-05,23,からつ,一般,２４１　３１４１２５４５,2026-06-17,2026-06-22,13,尼崎,一般,３　２２２３４４転６４転,2026-05-30,2026-06-04,05,多摩川,ＧⅢ,３６３　２４２　１４１４,2026-05-15,2026-05-20,20,若松,一般,３　１４３　６６３３５１,2026-04-29,2026-05-04,14,鳴門,ＧⅢ,２４３　４３２　６４３４,3370,坪内 実,2026-06-03,2026-06-07,03,江戸川,一般,２　６５６３１４,2026-05-19,2026-05-23,16,児島,一般,５　２６４２３　６６,2026-05-02,2026-05-07,10,三国,一般,５６５　２　６６F　５,2026-04-18,2026-04-23,05,多摩川,一般,５６２　４　５６５　６,2026-03-16,2026-03-19,10,三国,一般,５　６２４４６５,4247,齊藤 優,2026-06-20,2026-06-25,06,浜名湖,一般,５４４　３４１　４　３１,2026-06-03,2026-06-08,21,芦屋,一般,３２５　２３３　５２５,2026-05-25,2026-05-30,17,宮島,一般,５２４　６４６,2026-05-08,2026-05-13,14,鳴門,一般,２　２４３２２３１３３１,2026-04-24,2026-04-28,07,蒲郡,一般,２６４５１　６５６,5070,中島 航,2026-06-24,2026-06-29,03,江戸川,一般,２　３４５　６２４　３３,2026-06-17,2026-06-20,07,蒲郡,一般,５５５　４　３５,2026-05-26,2026-05-31,15,丸亀,ＧⅢ,５５５　４４１　２３４,2026-05-11,2026-05-15,08,常滑,一般,５６６　２６５　５２,2026-04-26,2026-05-01,03,江戸川,一般,６　３４６　２６６６２,3642,大塚 浩二,2026-06-26,2026-07-01,17,宮島,一般,４　４２４　５４５５５４,2026-06-18,2026-06-21,04,平和島,一般,５６２　５　６６,2026-05-28,2026-05-31,02,戸田,一般,３　４４１３３４,2026-05-11,2026-05-15,08,常滑,一般,５　４４４　１６６３,2026-05-01,2026-05-06,07,蒲郡,一般,３３４　２３６　２４３,4319,三宅 潤,2026-06-28,2026-07-01,10,三国,一般,１３４１１３５１,2026-06-18,2026-06-21,04,平和島,一般,３４３１３　２１,2026-06-06,2026-06-10,06,浜名湖,一般,２　２１３６１６１５,2026-05-19,2026-05-24,08,常滑,一般,５　２２６３２　５４１,2026-05-06,2026-05-11,05,多摩川,一般,４　４３５４４３３　３３
202607131410,2026-07-13,14,10R,4570,前田 聖文,2026-06-28,2026-07-02,05,多摩川,一般,４４３４３６,2026-06-11,2026-06-15,20,若松,一般,５５２２１　１３４３,2026-05-30,2026-06-03,12,住之江,一般,１　３２１３４１[６],2026-05-16,2026-05-19,06,浜名湖,一般,１５４１１４[５],2026-05-03,2026-05-08,08,常滑,一般,１３２４３　５３１２[５],4484,稲生 夏季,2026-06-20,2026-06-25,06,浜名湖,一般,１２６　５６３　３４４,2026-05-30,2026-06-04,05,多摩川,ＧⅢ,４　５３２４１　４４５,2026-05-18,2026-05-23,18,徳山,ＧⅢ,６５５　４５３　４４１４,2026-05-06,2026-05-10,21,芦屋,一般,４６３　４３６５６４,2026-03-19,2026-03-23,19,下関,一般,４３３　４５５２６,4152,深水 慎一郎,2026-06-25,2026-06-30,01,桐生,ＧⅢ,２５３　２１５４２　１４,2026-06-07,2026-06-11,05,多摩川,一般,１２４　５４４５４６,2026-05-23,2026-05-28,10,三国,一般,５２５　２　２５４１３２,2026-05-03,2026-05-08,04,平和島,一般,１　６５６　４６６　１３,2026-03-28,2026-04-02,24,大村,一般,１６１　１６３　１６２６,4159,向後 龍一,2026-06-24,2026-06-29,03,江戸川,一般,１２５　５１１　１２[２],2026-06-07,2026-06-12,09,津,一般,２　２２２５４１１３１１,2026-05-20,2026-05-25,11,びわこ,ＧⅡ,３　５１６　４　４３３,2026-05-11,2026-05-16,03,江戸川,ＧⅡ,５　１　１２２　２　[４],2026-05-01,2026-05-06,02,戸田,一般,３１３　１　４転５２６２,4587,木田 峰由季,2026-06-30,2026-07-04,19,下関,一般,６　５４３４２１２１,2026-06-11,2026-06-15,20,若松,一般,３２３１２　４３５１,2026-05-02,2026-05-07,10,三国,一般,３４１　２３１２２２[４],2026-04-17,2026-04-20,23,からつ,一般,１２４５１４２４,2026-04-06,2026-04-10,08,常滑,一般,３　５４１１５２[４],5066,鈴木 孝明,2026-06-23,2026-06-28,07,蒲郡,一般,１　１４１２５１５５３１,2026-06-14,2026-06-18,01,桐生,一般,３３２６４　２　１４,2026-05-27,2026-05-31,18,徳山,一般,１　２５１１３１[１],2026-05-14,2026-05-19,02,戸田,一般,１３２　２３１１３５２２,2026-05-06,2026-05-10,21,芦屋,一般,１　２２２６１１[２]
202607131411,2026-07-13,14,11R,5249,三木 晴斗,2026-05-29,2026-06-03,11,びわこ,一般,６　３４５３３　転４４,2026-05-08,2026-05-13,14,鳴門,一般,６１４　３６２５５　３１,2026-04-23,2026-04-28,23,からつ,一般,F３１　４　４　５　６,2026-04-12,2026-04-17,16,児島,一般,４　５５５　４４１　３５,2026-03-19,2026-03-25,15,丸亀,一般,５　１５３　１６１５１６１６,5252,荒木 颯斗,2026-06-28,2026-07-02,05,多摩川,一般,１３１１４　３１[４],2026-06-17,2026-06-20,07,蒲郡,一般,３１４２５５１１,2026-06-04,2026-06-08,08,常滑,一般,１　１６１１３２[２],2026-05-26,2026-05-31,15,丸亀,ＧⅢ,３　４３６欠,2026-05-12,2026-05-16,04,平和島,一般,２２４　４４２５１６,3333,丸尾 義孝,2026-06-29,2026-07-03,11,びわこ,一般,１　１１３１２２[エ],2026-06-20,2026-06-25,06,浜名湖,一般,１　２５４３３２２５３４,2026-06-01,2026-06-05,19,下関,一般,３４１　２　６１４１,2026-05-20,2026-05-25,09,津,一般,６　４４５　１１１３１６,2026-05-08,2026-05-13,14,鳴門,一般,１３３　２３５２１５１３,5124,上瀧 絢也,2026-06-25,2026-06-29,21,芦屋,一般,６　５３２６３　２６,2026-06-14,2026-06-17,12,住之江,一般,３　転４４　４１,2026-05-29,2026-06-02,23,からつ,一般,５　２２６３２　６５,2026-04-29,2026-05-04,19,下関,一般,２５３　１　６５５２２,2026-04-22,2026-04-25,14,鳴門,一般,３　５２４６１４,5245,倉富 大誠,2026-06-23,2026-06-28,07,蒲郡,一般,４　４５１４６　１　４２,2026-06-15,2026-06-20,21,芦屋,一般,４５５１３４２　１４３,2026-06-03,2026-06-07,03,江戸川,一般,５１５　１２２２,2026-05-28,2026-05-31,02,戸田,一般,転３３　５４３,2026-05-11,2026-05-14,12,住之江,一般,２３５　１５６,3989,熊本 英一,2026-06-12,2026-06-17,19,下関,一般,２５５４４　６　６３４,2026-05-25,2026-05-31,07,蒲郡,一般,４３６　３６５　６　５　６１,2026-05-08,2026-05-13,22,福岡,一般,１６４　６　２６６　６２,2026-04-24,2026-04-29,08,常滑,一般,４４２　２３５　６５４,2026-04-10,2026-04-15,17,宮島,一般,４　６５５５６５５　３
202607131412,2026-07-13,14,12R,5220,青木 蓮,2026-06-28,2026-07-02,05,多摩川,一般,４６３１２２２６２３,2026-05-22,2026-05-27,13,尼崎,一般,３６２１１　３１３３妨１,2026-05-13,2026-05-18,19,下関,一般,３１２　２２１６４１[落],2026-05-01,2026-05-06,02,戸田,一般,３　３２１　２３６　３３,2026-04-18,2026-04-23,24,大村,一般,５６１　５１１２６４１５,5051,松本 純平,2026-06-28,2026-07-01,10,三国,一般,２転１２２　１５,2026-06-13,2026-06-18,08,常滑,ＧⅠ,２　２　２１３　１　[１],2026-06-04,2026-06-09,17,宮島,ＧⅠ,４　４　２１４　３１５,2026-05-21,2026-05-24,19,下関,一般,３３２１４４２４,2026-05-12,2026-05-16,04,平和島,一般,３６１２５　１４２１,5238,笹木 香吾,2026-06-27,2026-07-01,02,戸田,一般,１２１　２２１２[１],2026-06-16,2026-06-21,18,徳山,ＧⅢ,１　１６４１３６４４３２,2026-06-06,2026-06-10,24,大村,一般,１１３４４　１４１２,2026-05-21,2026-05-24,19,下関,一般,５５１　２５１５,2026-05-09,2026-05-14,11,びわこ,一般,６４５１６　１　１１５,4994,山本 梨菜,2026-06-24,2026-06-29,12,住之江,一般,３　１１３　２１２１[５],2026-06-06,2026-06-11,15,丸亀,一般,２５３４２　２２１２[６],2026-05-24,2026-05-29,24,大村,一般,１２３１２　４　４５１４,2026-05-12,2026-05-17,07,蒲郡,一般,２４３１１３エ４２４５５,2026-05-01,2026-05-06,23,からつ,一般,２２３　１３２１１３２２,4703,森永 隆,2026-06-28,2026-07-01,10,三国,一般,６４２　５４５２,2026-06-16,2026-06-21,18,徳山,ＧⅢ,１１１１１２２　３１[４],2026-06-03,2026-06-08,21,芦屋,一般,２５１２３２１　１６１２,2026-05-19,2026-05-23,16,児島,一般,４　１１１１６１[４],2026-05-08,2026-05-13,22,福岡,一般,１　２３５４２４３５１４,5145,島川 海輝,2026-06-25,2026-06-30,01,桐生,ＧⅢ,１２３３３　２６１２[２],2026-06-14,2026-06-17,12,住之江,一般,４　２１１４１４,2026-06-02,2026-06-08,10,三国,一般,４　１２１２４６落３６３,2026-05-22,2026-05-27,13,尼崎,一般,４４３　２２２１４２２１,2026-05-13,2026-05-18,19,下関,一般,１５２　１２１１３１[１]
202607131501,2026-07-13,15,01R,3660,長谷川 親王,2026-06-28,2026-07-03,20,若松,一般,５　６３２　５６２　５,2026-06-14,2026-06-17,12,住之江,一般,６　３４４　２４,2026-05-29,2026-06-04,09,津,ＧⅢ,５　５５５　４６３　５３,2026-05-10,2026-05-14,23,からつ,一般,５　５５５５６５５,2026-04-25,2026-04-30,15,丸亀,一般,４　５５２　５５６　５５,3372,加藤 雅之,2026-06-26,2026-07-01,17,宮島,一般,５３１　５４４　６　５１,2026-06-18,2026-06-21,04,平和島,一般,５　６６６　５,2026-06-01,2026-06-05,19,下関,一般,５　５４４　５６５,2026-05-19,2026-05-23,16,児島,一般,３　５６５　５４４,2026-05-05,2026-05-09,18,徳山,一般,５　３　５５１　５４,3277,齋藤 勇,2026-06-24,2026-06-29,09,津,一般,４６３　２３３　４６２６,2026-06-17,2026-06-20,07,蒲郡,一般,３　２２２６４４,2026-05-27,2026-06-01,08,常滑,一般,１４６　３４５　５２３,2026-05-09,2026-05-12,20,若松,一般,２　５２６　２１,2026-04-26,2026-05-01,03,江戸川,一般,４　４６４　５６４　２１,3793,高橋 真吾,2026-06-25,2026-06-30,01,桐生,ＧⅢ,５４１　３６４　６　５６,2026-06-17,2026-06-20,07,蒲郡,一般,５　４２４　５５,2026-05-29,2026-06-02,23,からつ,一般,６４４４６　６　２４,2026-05-06,2026-05-11,05,多摩川,一般,６６２　１３６２３　３４,2026-04-24,2026-04-29,04,平和島,一般,５３２　３６４　５６３,4404,岸蔭 亮,2026-06-27,2026-07-01,02,戸田,一般,４　３６５４４　１F,2026-06-11,2026-06-16,10,三国,一般,１　６６４４４　５６２,2026-05-04,2026-05-09,13,尼崎,一般,３　５５６　３５５５４,2026-04-14,2026-04-19,20,若松,一般,２３６　２３３　４４３３,2026-03-27,2026-03-31,16,児島,一般,F　５　６　６　５６,5460,早川 理稀,2026-06-25,2026-06-30,13,尼崎,一般,６　６６６　６３６　５,2026-06-11,2026-06-16,10,三国,一般,６　６　６６６５５　３６,2026-05-27,2026-06-01,08,常滑,一般,６　４５６　６４６　５６,2026-05-09,2026-05-14,11,びわこ,一般,６　６　６５６　６　５６,,,,,,
202607131502,2026-07-13,15,02R,3284,渡邊 伸太郎,2026-06-03,2026-06-07,07,蒲郡,一般,６２４　５３４,2026-05-23,2026-05-27,12,住之江,一般,４６６　２２１　５２,2026-05-06,2026-05-10,21,芦屋,一般,６４F１３　６　３,2026-04-25,2026-04-30,13,尼崎,一般,４５１　３４２　４３１４,2026-04-07,2026-04-13,24,大村,一般,１　１３４　３１４　１５１２,4216,星 栄爾,2026-06-25,2026-06-30,01,桐生,ＧⅢ,５４２　２４２　６５３,2026-06-11,2026-06-15,20,若松,一般,４　６６１４３２６,2026-05-24,2026-05-28,21,芦屋,一般,６３３３３　３６６,2026-05-03,2026-05-08,06,浜名湖,一般,３　２５６３６　６６５,2026-04-23,2026-04-28,16,児島,一般,２３４５５　３６３　５２,4248,岡本 大,2026-06-28,2026-07-01,10,三国,一般,５　４４５　３４,2026-06-16,2026-06-21,09,津,一般,４６５　２５２　４　３１,2026-05-30,2026-06-03,12,住之江,一般,５　３３１　沈６３６,2026-05-08,2026-05-13,22,福岡,一般,４　３２４５３　２　３６,2026-04-25,2026-04-30,13,尼崎,一般,５　４６１　２２３２２５,5115,香川 颯太,2026-06-24,2026-06-29,03,江戸川,一般,３　１１４　５４３　１６,2026-06-17,2026-06-20,07,蒲郡,一般,１４３　３６１６,2026-05-27,2026-06-01,08,常滑,一般,２　２１３　１５２６２４,2026-04-30,2026-05-06,11,びわこ,一般,２　２　６６１１４５２６,2026-04-17,2026-04-20,23,からつ,一般,４４６　１　５２,4682,大上 卓人,2026-06-23,2026-06-28,14,鳴門,ＳＧ,１４３　３　３２沈　６,2026-06-13,2026-06-18,08,常滑,ＧⅠ,４　４６１　２６５３３,2026-06-04,2026-06-09,17,宮島,ＧⅠ,３　１３１　５６４　１１,2026-05-15,2026-05-20,21,芦屋,ＧⅠ,４　３　１２４　５　５４,2026-04-30,2026-05-05,17,宮島,一般,１３１３２１１　２１[３],4111,奥田 誠,2026-06-25,2026-06-29,21,芦屋,一般,６６５　６２４　４,2026-06-09,2026-06-13,07,蒲郡,一般,２２５　２３３１[３],2026-05-25,2026-05-30,17,宮島,一般,２　３２２　３３１５５６,2026-05-08,2026-05-13,22,福岡,一般,１５２　３５１　１４２２,2026-04-20,2026-04-23,11,びわこ,一般,６　２２１２
202607131503,2026-07-13,15,03R,4203,小倉 康典,2026-06-03,2026-06-07,07,蒲郡,一般,６　１６４　４６,2026-05-12,2026-05-16,01,桐生,一般,３　１４４６６　２５,2026-05-03,2026-05-08,04,平和島,一般,２　４６５３６　５　５３,2026-04-24,2026-04-27,09,津,一般,１２４５F　６,2026-04-14,2026-04-19,10,三国,一般,６２３　６　１　３４６６,5128,坪井 爽佑,2026-06-13,2026-06-16,06,浜名湖,一般,２　３５４６１３,2026-05-28,2026-05-31,02,戸田,一般,５　４６転,2026-05-11,2026-05-15,08,常滑,一般,３　３６４　３５６６,2026-04-26,2026-05-01,24,大村,一般,６５５　３６５４２　４,2026-04-13,2026-04-18,03,江戸川,一般,６　２３５　６６３　１４,3908,重成 一人,2026-06-29,2026-07-04,08,常滑,一般,４４１１３３６５５３２３,2026-06-17,2026-06-22,24,大村,ＧⅡ,１　４　３３３　６　１５,2026-06-06,2026-06-10,06,浜名湖,一般,３６４１５　５５５,2026-05-25,2026-05-31,07,蒲郡,一般,２６２３１　２２２１４６２５,2026-05-11,2026-05-14,12,住之江,一般,１６４　１５５４,4323,山田 佑樹,2026-06-24,2026-06-28,04,平和島,一般,３４２　５２３１,2026-06-11,2026-06-16,16,児島,一般,２　２５２　２５２３２３,2026-05-25,2026-05-30,17,宮島,一般,２　２５３　１２２６２５,2026-05-08,2026-05-13,22,福岡,一般,２６１　１６６　４２１６,2026-04-29,2026-05-04,19,下関,一般,４　１５２　４４６　２４,5395,日高 龍之介,2026-06-01,2026-06-04,24,大村,一般,５５　　６　３５,2026-05-10,2026-05-14,23,からつ,一般,２　４４６６６　６１,2026-04-26,2026-05-01,24,大村,一般,６５６　６F６　６　６,2026-04-05,2026-04-10,10,三国,一般,４　６５６　６　５５５６,2026-03-19,2026-03-25,15,丸亀,一般,６６３　６６５　６　６　５５,4049,荒川 健太,2026-06-27,2026-07-01,02,戸田,一般,３１３　５２１６３３,2026-06-14,2026-06-18,01,桐生,一般,３４３４２　２４３２,2026-05-29,2026-06-04,09,津,ＧⅢ,２４５　５　５４２　２１,2026-05-19,2026-05-23,16,児島,一般,１３３２２　３３５１,2026-05-11,2026-05-14,12,住之江,一般,１１３　３１[１]
202607131504,2026-07-13,15,04R,3832,下田 哲也,2026-06-21,2026-06-26,16,児島,一般,５６３　４４３　４３３,2026-06-10,2026-06-13,14,鳴門,一般,３　５４６５６,2026-05-23,2026-05-28,10,三国,一般,６６６　６　６６,2026-05-10,2026-05-14,23,からつ,一般,４６６　５６５４６,2026-04-25,2026-04-30,15,丸亀,一般,５　４５４　４５３　６６,4705,吉川 勇作,2026-07-02,2026-07-06,21,芦屋,一般,５　１４４４３　６５,2026-06-24,2026-06-29,09,津,一般,５５６　６　１６６　６５,2026-06-15,2026-06-20,21,芦屋,一般,４　４３４　６６５１５５,2026-05-25,2026-05-31,07,蒲郡,一般,６　１５４　３６５４６　１,2026-05-09,2026-05-12,20,若松,一般,６６２　５　５５,5400,高村 諒,2026-06-25,2026-06-30,13,尼崎,一般,４５３　妨４５　６　６,2026-06-12,2026-06-17,19,下関,一般,６　６５２　６５５　４５,2026-05-29,2026-06-03,11,びわこ,一般,　　　　　　　　５６６５,2026-05-23,2026-05-28,10,三国,一般,４　６　５６６５５　６５,2026-04-30,2026-05-06,11,びわこ,一般,６５４　６　６６６　６６,3987,後藤 正宗,2026-06-27,2026-07-01,02,戸田,一般,１３１　４６１　２６,2026-06-20,2026-06-25,06,浜名湖,一般,３　５４５　４３４　２,2026-06-13,2026-06-16,06,浜名湖,一般,３　１３３３１４,2026-05-19,2026-05-24,01,桐生,一般,６２６　６　１４６　２,2026-05-03,2026-05-08,06,浜名湖,一般,２　５１３　３１３５１３,5302,秋末 秦悟,2026-06-24,2026-06-29,09,津,一般,６４４　６　３５６　２３,2026-06-12,2026-06-17,19,下関,一般,３　４１５　２５３　２１,2026-05-03,2026-05-08,12,住之江,一般,１　５２２　５６４　５４,2026-04-18,2026-04-23,24,大村,一般,６　１５２３６　６　２６,2026-04-06,2026-04-10,08,常滑,一般,４３５　４　２６６２,4112,大久保信一郎,2026-06-27,2026-07-01,02,戸田,一般,１５２　３５４　４２,2026-06-11,2026-06-16,10,三国,一般,１　５２３４６４１　５２,2026-05-25,2026-05-31,07,蒲郡,一般,２妨１　１４２　１　４１２,2026-05-09,2026-05-14,09,津,ＧⅢ,６５５　１　３４４　４６,2026-04-23,2026-04-28,23,からつ,一般,１　１６１２２３２２[３]
202607131505,2026-07-13,15,05R,3947,寺本 昇平,2026-06-25,2026-06-30,01,桐生,ＧⅢ,６　６３３　６６１　５,2026-06-13,2026-06-16,06,浜名湖,一般,４４３６６　４５,2026-05-28,2026-05-31,02,戸田,一般,４４３　５３２３,2026-05-12,2026-05-16,04,平和島,一般,４　６４３　５６３１,2026-05-01,2026-05-06,01,桐生,一般,４４１　２５３　２６４,4429,豊田 泰洋,2026-06-28,2026-07-01,10,三国,一般,５５２　３４５,2026-06-18,2026-06-21,04,平和島,一般,５４５　４３１,2026-05-31,2026-06-05,20,若松,一般,５　６５６４５　５　２５,2026-05-11,2026-05-15,08,常滑,一般,６６６２２　５　６４,2026-04-30,2026-05-05,17,宮島,一般,５　６３４　６１５３４,3484,芝田 浩治,2026-06-27,2026-07-01,02,戸田,一般,２２３　４４５１６６,2026-06-17,2026-06-20,07,蒲郡,一般,１　３３１４１３,2026-05-04,2026-05-09,13,尼崎,一般,５　５４２　６３５１６,2026-04-25,2026-04-30,06,浜名湖,一般,１　３５１６１２１５５５,2026-04-16,2026-04-20,12,住之江,一般,３２１３６　６２[６],4143,浦田 晃嗣,2026-06-26,2026-07-01,17,宮島,一般,４５３　２１６５６　１２,2026-06-18,2026-06-21,20,若松,一般,３５１　３４４３,2026-06-03,2026-06-08,21,芦屋,一般,５　４２６　３５５　５３,2026-05-16,2026-05-21,14,鳴門,一般,３　５５３　５４４５６,2026-05-01,2026-05-06,23,からつ,一般,６　４３４　６６５５６,5112,砂長 知輝,2026-06-26,2026-07-02,24,大村,一般,２３３１３　２５２　１３３２,2026-06-18,2026-06-21,20,若松,一般,１５２５４３１２,2026-05-11,2026-05-15,08,常滑,一般,１１１２５　１２[４],2026-05-01,2026-05-06,02,戸田,一般,２１３　１４４３５　１５,2026-04-12,2026-04-17,01,桐生,ＧⅠ,５　３　６６１　６２２３,4120,柘植 政浩,2026-06-25,2026-06-30,13,尼崎,一般,５２２１２　４２２４２１,2026-06-17,2026-06-20,07,蒲郡,一般,３３２　２４２３,2026-06-05,2026-06-10,01,桐生,一般,５２１　３２２２３２[３],2026-05-23,2026-05-28,10,三国,一般,３　１２３３５６６　１２,2026-05-11,2026-05-15,08,常滑,一般,２　４３５２５５１４
202607131506,2026-07-13,15,06R,3848,川上 聡介,2026-05-25,2026-05-31,03,江戸川,一般,６　６４５　３４　　３,2026-05-14,2026-05-18,10,三国,一般,５　１４２４２５１転,2026-05-03,2026-05-08,08,常滑,一般,２２４　３１６４２３３４,2026-04-20,2026-04-23,11,びわこ,一般,２２F６３　４,2026-04-10,2026-04-15,17,宮島,一般,１　３５４　６４４４５６,3497,後藤 浩,2026-06-22,2026-06-27,22,福岡,一般,４５４　５６６,2026-06-09,2026-06-13,07,蒲郡,一般,２６５　５６,2026-05-30,2026-06-03,12,住之江,一般,１６２　５　４６５５,2026-05-16,2026-05-21,17,宮島,一般,５　２１２　３６３４１４,2026-05-01,2026-05-06,02,戸田,一般,１　２６４４４　１５５,3834,細川 明人,2026-06-24,2026-06-28,04,平和島,一般,１２５４３　２３,2026-06-14,2026-06-18,01,桐生,一般,６　２６５　５　４２,2026-05-28,2026-05-31,02,戸田,一般,２４２　６６６１,2026-05-10,2026-05-15,16,児島,一般,３　１２４　６２６５２２,2026-04-20,2026-04-24,18,徳山,一般,１　６６６　６　３４,5035,櫻井 優,2026-06-27,2026-07-01,02,戸田,一般,１１１　２３３１[５],2026-06-17,2026-06-22,05,多摩川,一般,６　６４２　１２４５２,2026-06-03,2026-06-07,07,蒲郡,一般,３　５５５　４３,2026-05-14,2026-05-18,10,三国,一般,５　５５３　２４２４,2026-05-03,2026-05-08,04,平和島,一般,４　６３２　１２４５３３,5275,松田 淳平,2026-06-28,2026-07-03,20,若松,一般,１１２　１５３　２２[３],2026-06-16,2026-06-21,09,津,一般,１２５　６２１　F５３,2026-05-22,2026-05-27,13,尼崎,一般,３　４２１１５　６４落欠,2026-05-13,2026-05-18,19,下関,一般,２　２１５１４　１３２１,2026-04-30,2026-05-06,09,津,一般,１２　　１２５１３４１５,4475,末永 祐輝,2026-06-25,2026-06-30,01,桐生,ＧⅢ,２６４２５　３　５３４,2026-06-12,2026-06-17,19,下関,一般,４４３３６　３３５　５１,2026-05-27,2026-05-31,18,徳山,一般,１３５　１３２３３１,2026-05-19,2026-05-23,16,児島,一般,３１２　１６４４１５,2026-05-10,2026-05-14,23,からつ,一般,４２２５３　２４３３
202607131507,2026-07-13,15,07R,3613,角谷 健吾,2026-06-23,2026-06-28,07,蒲郡,一般,４３４１５１１２３４１３,2026-06-11,2026-06-16,16,児島,一般,１　３４４２５２３４１５,2026-05-30,2026-06-03,12,住之江,一般,３４６欠,2026-05-16,2026-05-21,14,鳴門,一般,４　１３３２２５４２[６],2026-05-03,2026-05-08,04,平和島,一般,４５３　６３５１,3793,高橋 真吾,2026-06-25,2026-06-30,01,桐生,ＧⅢ,５４１　３６４　６　５６,2026-06-17,2026-06-20,07,蒲郡,一般,５　４２４　５５,2026-05-29,2026-06-02,23,からつ,一般,６４４４６　６　２４,2026-05-06,2026-05-11,05,多摩川,一般,６６２　１３６２３　３４,2026-04-24,2026-04-29,04,平和島,一般,５３２　３６４　５６３,5128,坪井 爽佑,2026-06-13,2026-06-16,06,浜名湖,一般,２　３５４６１３,2026-05-28,2026-05-31,02,戸田,一般,５　４６転,2026-05-11,2026-05-15,08,常滑,一般,３　３６４　３５６６,2026-04-26,2026-05-01,24,大村,一般,６５５　３６５４２　４,2026-04-13,2026-04-18,03,江戸川,一般,６　２３５　６６３　１４,5441,鈴木 雄登,2026-06-03,2026-06-07,03,江戸川,一般,５６６　４F４６,2026-05-01,2026-05-06,07,蒲郡,一般,５　３６５　２６６３５,2026-04-24,2026-04-27,09,津,一般,５　２３３５６F,2026-04-14,2026-04-19,10,三国,一般,５　４２　　５３３６３６,2026-03-27,2026-03-31,13,尼崎,一般,６６４　５　６４３,4411,沢田 昭宏,2026-06-26,2026-07-02,24,大村,一般,５　２２５１４　１４１４４２,2026-06-18,2026-06-21,04,平和島,一般,４　３２４４１６,2026-06-05,2026-06-10,01,桐生,一般,６　２２３４５　６６,2026-05-25,2026-05-31,07,蒲郡,一般,３２５　３１４４３　６５５６,2026-05-11,2026-05-15,08,常滑,一般,５６１　１１２４１２,4188,久田 敏之,2026-06-25,2026-06-30,01,桐生,ＧⅢ,５２３２１　１１４３１１,2026-06-13,2026-06-18,08,常滑,ＧⅠ,２３１　４３５　５　１６,2026-06-04,2026-06-09,17,宮島,ＧⅠ,４２３,2026-05-20,2026-05-25,11,びわこ,ＧⅡ,２４２　１　３２２　[４],2026-05-12,2026-05-16,04,平和島,一般,２２２１２　２３[５]
202607131508,2026-07-13,15,08R,4051,清水 敦揮,2026-06-30,2026-07-04,19,下関,一般,２４４２４１３３５１,2026-06-17,2026-06-20,07,蒲郡,一般,２２３１２２[４],2026-05-31,2026-06-05,13,尼崎,一般,２６１３４　４４１２[３],2026-05-19,2026-05-24,08,常滑,一般,２３３１４３６２３２[４],2026-05-08,2026-05-13,22,福岡,一般,２　１３２２２１４１[１],4550,石岡 将太,2026-06-24,2026-06-29,03,江戸川,一般,４　１５３　２転５　２６,2026-06-13,2026-06-16,06,浜名湖,一般,１　６５５６６３,2026-05-27,2026-05-31,18,徳山,一般,６５２　４５４３２,2026-05-12,2026-05-16,01,桐生,一般,５４４　３　１４６３,2026-04-24,2026-04-29,04,平和島,一般,４　２５２４２,5302,秋末 秦悟,2026-06-24,2026-06-29,09,津,一般,６４４　６　３５６　２３,2026-06-12,2026-06-17,19,下関,一般,３　４１５　２５３　２１,2026-05-03,2026-05-08,12,住之江,一般,１　５２２　５６４　５４,2026-04-18,2026-04-23,24,大村,一般,６　１５２３６　６　２６,2026-04-06,2026-04-10,08,常滑,一般,４３５　４　２６６２,4111,奥田 誠,2026-06-25,2026-06-29,21,芦屋,一般,６６５　６２４　４,2026-06-09,2026-06-13,07,蒲郡,一般,２２５　２３３１[３],2026-05-25,2026-05-30,17,宮島,一般,２　３２２　３３１５５６,2026-05-08,2026-05-13,22,福岡,一般,１５２　３５１　１４２２,2026-04-20,2026-04-23,11,びわこ,一般,６　２２１２,5400,高村 諒,2026-06-25,2026-06-30,13,尼崎,一般,４５３　妨４５　６　６,2026-06-12,2026-06-17,19,下関,一般,６　６５２　６５５　４５,2026-05-29,2026-06-03,11,びわこ,一般,　　　　　　　　５６６５,2026-05-23,2026-05-28,10,三国,一般,４　６　５６６５５　６５,2026-04-30,2026-05-06,11,びわこ,一般,６５４　６　６６６　６６,5336,瀬川 大地,2026-06-25,2026-06-30,13,尼崎,一般,４　３２５　６５３　４５,2026-06-10,2026-06-13,14,鳴門,一般,４５３　５５２,2026-05-27,2026-05-31,18,徳山,一般,４　６２２　４　５２,2026-05-13,2026-05-18,19,下関,一般,１６６　３４３　５６１,2026-04-29,2026-05-04,19,下関,一般,４５４　５６６　６　４５
202607131509,2026-07-13,15,09R,4049,荒川 健太,2026-06-27,2026-07-01,02,戸田,一般,３１３　５２１６３３,2026-06-14,2026-06-18,01,桐生,一般,３４３４２　２４３２,2026-05-29,2026-06-04,09,津,ＧⅢ,２４５　５　５４２　２１,2026-05-19,2026-05-23,16,児島,一般,１３３２２　３３５１,2026-05-11,2026-05-14,12,住之江,一般,１１３　３１[１],5112,砂長 知輝,2026-06-26,2026-07-02,24,大村,一般,２３３１３　２５２　１３３２,2026-06-18,2026-06-21,20,若松,一般,１５２５４３１２,2026-05-11,2026-05-15,08,常滑,一般,１１１２５　１２[４],2026-05-01,2026-05-06,02,戸田,一般,２１３　１４４３５　１５,2026-04-12,2026-04-17,01,桐生,ＧⅠ,５　３　６６１　６２２３,3987,後藤 正宗,2026-06-27,2026-07-01,02,戸田,一般,１３１　４６１　２６,2026-06-20,2026-06-25,06,浜名湖,一般,３　５４５　４３４　２,2026-06-13,2026-06-16,06,浜名湖,一般,３　１３３３１４,2026-05-19,2026-05-24,01,桐生,一般,６２６　６　１４６　２,2026-05-03,2026-05-08,06,浜名湖,一般,２　５１３　３１３５１３,4248,岡本 大,2026-06-28,2026-07-01,10,三国,一般,５　４４５　３４,2026-06-16,2026-06-21,09,津,一般,４６５　２５２　４　３１,2026-05-30,2026-06-03,12,住之江,一般,５　３３１　沈６３６,2026-05-08,2026-05-13,22,福岡,一般,４　３２４５３　２　３６,2026-04-25,2026-04-30,13,尼崎,一般,５　４６１　２２３２２５,3908,重成 一人,2026-06-29,2026-07-04,08,常滑,一般,４４１１３３６５５３２３,2026-06-17,2026-06-22,24,大村,ＧⅡ,１　４　３３３　６　１５,2026-06-06,2026-06-10,06,浜名湖,一般,３６４１５　５５５,2026-05-25,2026-05-31,07,蒲郡,一般,２６２３１　２２２１４６２５,2026-05-11,2026-05-14,12,住之江,一般,１６４　１５５４,3947,寺本 昇平,2026-06-25,2026-06-30,01,桐生,ＧⅢ,６　６３３　６６１　５,2026-06-13,2026-06-16,06,浜名湖,一般,４４３６６　４５,2026-05-28,2026-05-31,02,戸田,一般,４４３　５３２３,2026-05-12,2026-05-16,04,平和島,一般,４　６４３　５６３１,2026-05-01,2026-05-06,01,桐生,一般,４４１　２５３　２６４
202607131510,2026-07-13,15,10R,4120,柘植 政浩,2026-06-25,2026-06-30,13,尼崎,一般,５２２１２　４２２４２１,2026-06-17,2026-06-20,07,蒲郡,一般,３３２　２４２３,2026-06-05,2026-06-10,01,桐生,一般,５２１　３２２２３２[３],2026-05-23,2026-05-28,10,三国,一般,３　１２３３５６６　１２,2026-05-11,2026-05-15,08,常滑,一般,２　４３５２５５１４,4682,大上 卓人,2026-06-23,2026-06-28,14,鳴門,ＳＧ,１４３　３　３２沈　６,2026-06-13,2026-06-18,08,常滑,ＧⅠ,４　４６１　２６５３３,2026-06-04,2026-06-09,17,宮島,ＧⅠ,３　１３１　５６４　１１,2026-05-15,2026-05-20,21,芦屋,ＧⅠ,４　３　１２４　５　５４,2026-04-30,2026-05-05,17,宮島,一般,１３１３２１１　２１[３],5035,櫻井 優,2026-06-27,2026-07-01,02,戸田,一般,１１１　２３３１[５],2026-06-17,2026-06-22,05,多摩川,一般,６　６４２　１２４５２,2026-06-03,2026-06-07,07,蒲郡,一般,３　５５５　４３,2026-05-14,2026-05-18,10,三国,一般,５　５５３　２４２４,2026-05-03,2026-05-08,04,平和島,一般,４　６３２　１２４５３３,3613,角谷 健吾,2026-06-23,2026-06-28,07,蒲郡,一般,４３４１５１１２３４１３,2026-06-11,2026-06-16,16,児島,一般,１　３４４２５２３４１５,2026-05-30,2026-06-03,12,住之江,一般,３４６欠,2026-05-16,2026-05-21,14,鳴門,一般,４　１３３２２５４２[６],2026-05-03,2026-05-08,04,平和島,一般,４５３　６３５１,4475,末永 祐輝,2026-06-25,2026-06-30,01,桐生,ＧⅢ,２６４２５　３　５３４,2026-06-12,2026-06-17,19,下関,一般,４４３３６　３３５　５１,2026-05-27,2026-05-31,18,徳山,一般,１３５　１３２３３１,2026-05-19,2026-05-23,16,児島,一般,３１２　１６４４１５,2026-05-10,2026-05-14,23,からつ,一般,４２２５３　２４３３,3832,下田 哲也,2026-06-21,2026-06-26,16,児島,一般,５６３　４４３　４３３,2026-06-10,2026-06-13,14,鳴門,一般,３　５４６５６,2026-05-23,2026-05-28,10,三国,一般,６６６　６　６６,2026-05-10,2026-05-14,23,からつ,一般,４６６　５６５４６,2026-04-25,2026-04-30,15,丸亀,一般,５　４５４　４５３　６６
202607131511,2026-07-13,15,11R,4188,久田 敏之,2026-06-25,2026-06-30,01,桐生,ＧⅢ,５２３２１　１１４３１１,2026-06-13,2026-06-18,08,常滑,ＧⅠ,２３１　４３５　５　１６,2026-06-04,2026-06-09,17,宮島,ＧⅠ,４２３,2026-05-20,2026-05-25,11,びわこ,ＧⅡ,２４２　１　３２２　[４],2026-05-12,2026-05-16,04,平和島,一般,２２２１２　２３[５],5275,松田 淳平,2026-06-28,2026-07-03,20,若松,一般,１１２　１５３　２２[３],2026-06-16,2026-06-21,09,津,一般,１２５　６２１　F５３,2026-05-22,2026-05-27,13,尼崎,一般,３　４２１１５　６４落欠,2026-05-13,2026-05-18,19,下関,一般,２　２１５１４　１３２１,2026-04-30,2026-05-06,09,津,一般,１２　　１２５１３４１５,4323,山田 佑樹,2026-06-24,2026-06-28,04,平和島,一般,３４２　５２３１,2026-06-11,2026-06-16,16,児島,一般,２　２５２　２５２３２３,2026-05-25,2026-05-30,17,宮島,一般,２　２５３　１２２６２５,2026-05-08,2026-05-13,22,福岡,一般,２６１　１６６　４２１６,2026-04-29,2026-05-04,19,下関,一般,４　１５２　４４６　２４,4051,清水 敦揮,2026-06-30,2026-07-04,19,下関,一般,２４４２４１３３５１,2026-06-17,2026-06-20,07,蒲郡,一般,２２３１２２[４],2026-05-31,2026-06-05,13,尼崎,一般,２６１３４　４４１２[３],2026-05-19,2026-05-24,08,常滑,一般,２３３１４３６２３２[４],2026-05-08,2026-05-13,22,福岡,一般,２　１３２２２１４１[１],3484,芝田 浩治,2026-06-27,2026-07-01,02,戸田,一般,２２３　４４５１６６,2026-06-17,2026-06-20,07,蒲郡,一般,１　３３１４１３,2026-05-04,2026-05-09,13,尼崎,一般,５　５４２　６３５１６,2026-04-25,2026-04-30,06,浜名湖,一般,１　３５１６１２１５５５,2026-04-16,2026-04-20,12,住之江,一般,３２１３６　６２[６],3848,川上 聡介,2026-05-25,2026-05-31,03,江戸川,一般,６　６４５　３４　　３,2026-05-14,2026-05-18,10,三国,一般,５　１４２４２５１転,2026-05-03,2026-05-08,08,常滑,一般,２２４　３１６４２３３４,2026-04-20,2026-04-23,11,びわこ,一般,２２F６３　４,2026-04-10,2026-04-15,17,宮島,一般,１　３５４　６４４４５６
202607131512,2026-07-13,15,12R,4411,沢田 昭宏,2026-06-26,2026-07-02,24,大村,一般,５　２２５１４　１４１４４２,2026-06-18,2026-06-21,04,平和島,一般,４　３２４４１６,2026-06-05,2026-06-10,01,桐生,一般,６　２２３４５　６６,2026-05-25,2026-05-31,07,蒲郡,一般,３２５　３１４４３　６５５６,2026-05-11,2026-05-15,08,常滑,一般,５６１　１１２４１２,4143,浦田 晃嗣,2026-06-26,2026-07-01,17,宮島,一般,４５３　２１６５６　１２,2026-06-18,2026-06-21,20,若松,一般,３５１　３４４３,2026-06-03,2026-06-08,21,芦屋,一般,５　４２６　３５５　５３,2026-05-16,2026-05-21,14,鳴門,一般,３　５５３　５４４５６,2026-05-01,2026-05-06,23,からつ,一般,６　４３４　６６５５６,3284,渡邊 伸太郎,2026-06-03,2026-06-07,07,蒲郡,一般,６２４　５３４,2026-05-23,2026-05-27,12,住之江,一般,４６６　２２１　５２,2026-05-06,2026-05-10,21,芦屋,一般,６４F１３　６　３,2026-04-25,2026-04-30,13,尼崎,一般,４５１　３４２　４３１４,2026-04-07,2026-04-13,24,大村,一般,１　１３４　３１４　１５１２,4550,石岡 将太,2026-06-24,2026-06-29,03,江戸川,一般,４　１５３　２転５　２６,2026-06-13,2026-06-16,06,浜名湖,一般,１　６５５６６３,2026-05-27,2026-05-31,18,徳山,一般,６５２　４５４３２,2026-05-12,2026-05-16,01,桐生,一般,５４４　３　１４６３,2026-04-24,2026-04-29,04,平和島,一般,４　２５２４２,4705,吉川 勇作,2026-07-02,2026-07-06,21,芦屋,一般,５　１４４４３　６５,2026-06-24,2026-06-29,09,津,一般,５５６　６　１６６　６５,2026-06-15,2026-06-20,21,芦屋,一般,４　４３４　６６５１５５,2026-05-25,2026-05-31,07,蒲郡,一般,６　１５４　３６５４６　１,2026-05-09,2026-05-12,20,若松,一般,６６２　５　５５,5132,中野 希一,2026-06-16,2026-06-21,18,徳山,ＧⅢ,２６１５３６３　６６３６,2026-06-02,2026-06-08,10,三国,一般,１１６１２２２３５１[５],2026-05-22,2026-05-27,13,尼崎,一般,３　３１１４１１２５１２,2026-05-13,2026-05-18,19,下関,一般,４２３４１　２１２５１２,2026-05-01,2026-05-06,02,戸田,一般,１４４４３２２　１　[３]
202607131601,2026-07-13,16,01R,4536,喜井 つかさ,2026-06-28,2026-07-01,10,三国,一般,３３５５５　２２,2026-06-12,2026-06-17,22,福岡,ＧⅢ,３４５６１　３６１　３５,2026-05-30,2026-06-04,05,多摩川,ＧⅢ,４５５　１１１　１５２２,2026-05-12,2026-05-17,07,蒲郡,一般,２５１　３１２　１４２３,2026-04-22,2026-04-27,20,若松,ＧⅢ,２　３２４４２５１５５３,5373,諏訪 玲奈,2026-06-18,2026-06-23,02,戸田,一般,６　４６１　５４４　４４,2026-05-22,2026-05-26,23,からつ,一般,４６６　３　５５３４,2026-05-02,2026-05-07,16,児島,一般,６　３４５　６６３　６６,2026-04-20,2026-04-25,22,福岡,一般,３　４落６　３４３　５,2026-04-05,2026-04-11,07,蒲郡,一般,６　５４６　６６６　４　６６,4636,赤池 修平,2026-06-21,2026-06-25,08,常滑,一般,３　６６６　６６６６,2026-06-11,2026-06-15,20,若松,一般,３１５３４　６６３,2026-05-25,2026-05-31,07,蒲郡,一般,エ６６　１６４　５　４　６,2026-05-08,2026-05-13,14,鳴門,一般,３３２　５６６　６２２,2026-04-16,2026-04-21,21,芦屋,一般,４６２　６６１　６　４４,4186,小川 時光,2026-06-28,2026-07-01,10,三国,一般,４　２６５１５２,2026-06-17,2026-06-22,05,多摩川,一般,２　５６６　６４３　２２,2026-05-29,2026-06-03,11,びわこ,一般,４　４４４６,2026-05-11,2026-05-14,12,住之江,一般,６,2026-05-01,2026-05-06,02,戸田,一般,５　３　５２６４５４５,5293,眞崎 武蔵,2026-06-25,2026-06-30,13,尼崎,一般,５４１　欠欠,2026-06-11,2026-06-16,10,三国,一般,２５１　６３２　３５５６,2026-05-23,2026-05-27,12,住之江,一般,５　５６５　４６５,2026-04-24,2026-04-28,07,蒲郡,一般,４６５　５　６６４,2026-04-01,2026-04-06,01,桐生,一般,６６４　６　５２６　５２,5301,岩下 巧斗,2026-06-02,2026-06-08,10,三国,一般,３１２　４６４３２　４１,2026-05-22,2026-05-27,13,尼崎,一般,１　２５６３２　１６２５,2026-05-06,2026-05-11,05,多摩川,一般,４５２　５２４　２１５３,2026-04-24,2026-04-28,07,蒲郡,一般,４３F　４　５　５,2026-04-16,2026-04-21,08,常滑,一般,１６２　３１５２１１[４]
202607131602,2026-07-13,16,02R,5034,若林 義人,2026-06-30,2026-07-05,06,浜名湖,一般,１　１３１　１３５１[５],2026-06-24,2026-06-28,04,平和島,一般,４５５６１１２６,2026-06-14,2026-06-18,01,桐生,一般,３１１　３１２１[１],2026-06-03,2026-06-07,07,蒲郡,一般,１６１３１２[６],2026-05-25,2026-05-31,03,江戸川,一般,１４６　２６６　３　６１,3430,角浜 修,2026-06-27,2026-07-01,02,戸田,一般,２　６５６　２２４４,2026-06-17,2026-06-22,17,宮島,ＧⅢ,５３１　２４３　１４５６,2026-05-29,2026-06-04,09,津,ＧⅢ,６６１　２２５　３４６２,2026-05-12,2026-05-16,01,桐生,一般,１　４６６２１　３３,2026-04-30,2026-05-05,17,宮島,一般,３６３　５４６　３４５,3948,大町 利克,2026-06-26,2026-07-01,17,宮島,一般,４３４　４６６３６　５,2026-06-17,2026-06-22,05,多摩川,一般,６５６　６　６５５　４,2026-06-01,2026-06-05,19,下関,一般,２　３２２６３　４６,2026-05-15,2026-05-18,13,尼崎,一般,L,2026-04-30,2026-05-06,11,びわこ,一般,４６６　２　５６３　３６,5137,川原 涼,2026-06-28,2026-07-02,05,多摩川,一般,６　５６５　２　１１,2026-06-18,2026-06-21,04,平和島,一般,２３転６２　４２,2026-06-02,2026-06-08,10,三国,一般,３１３　２３５５１６２６,2026-05-13,2026-05-18,19,下関,一般,３　２５１４２　１２[４],2026-05-01,2026-05-06,07,蒲郡,一般,４４４５６　３　５６４,4631,新井 英孝,2026-06-25,2026-06-30,01,桐生,ＧⅢ,２　４６６　３５３　３２,2026-06-09,2026-06-14,23,からつ,一般,１６１　５　１４１５２２,2026-05-24,2026-05-28,21,芦屋,一般,５２５　３１６２２６,2026-05-03,2026-05-08,12,住之江,一般,３５４　３　１６２　５５,2026-03-27,2026-03-31,13,尼崎,一般,４　２５１転６　５２,5085,中村 栄治,2026-06-26,2026-07-01,17,宮島,一般,１４１５２　２４５５２２,2026-06-21,2026-06-24,10,三国,一般,３　１１６４４３,2026-06-11,2026-06-16,10,三国,一般,６４４　２　１１５３６４,2026-05-27,2026-05-31,18,徳山,一般,２　２５１５５６４６,2026-05-09,2026-05-14,09,津,ＧⅢ,１　２６２２４　３３４１
202607131603,2026-07-13,16,03R,3930,岸本 隆,2026-06-25,2026-06-29,21,芦屋,一般,４４１２１　６５３６,2026-06-16,2026-06-21,18,徳山,ＧⅢ,１　４５６４５　５　４,2026-05-31,2026-06-05,20,若松,一般,３５３　４３４　３　５４,2026-05-12,2026-05-16,04,平和島,一般,５４３　５　３３４,2026-04-30,2026-05-05,17,宮島,一般,２　３４１　３５３５１５,4565,西村 豪洋,2026-07-03,2026-07-06,09,津,一般,１６１　６１５４,2026-06-28,2026-07-01,10,三国,一般,４６４　３　２３,2026-06-18,2026-06-21,04,平和島,一般,６　４４３５５４,2026-06-07,2026-06-11,05,多摩川,一般,６３１　３５３　１４,2026-05-19,2026-05-24,08,常滑,一般,３　４２４６５　３　５３,3950,石川 哲秀,2026-06-25,2026-06-30,13,尼崎,一般,２５４　３　５６３　５,2026-06-16,2026-06-21,09,津,一般,４５２　２５６　５　４４,2026-05-27,2026-06-01,08,常滑,一般,３２６　６４６　６　２４,2026-05-09,2026-05-12,20,若松,一般,４　４５６,2026-04-25,2026-04-30,06,浜名湖,一般,２６２　５５３　６６２,3912,川原 正明,2026-06-27,2026-07-01,02,戸田,一般,１５３　４５１１４４,2026-06-17,2026-06-22,17,宮島,ＧⅢ,２　２４１１４５６３３１,2026-06-04,2026-06-08,08,常滑,一般,３　１１１４１３１１,2026-05-20,2026-05-25,05,多摩川,一般,４６３６２１３　２　６５,2026-05-09,2026-05-14,09,津,ＧⅢ,６１５　１６６　６　２３,4839,四宮 与寛,2026-06-25,2026-06-30,01,桐生,ＧⅢ,１　１４３３１６１１[１],2026-06-10,2026-06-13,14,鳴門,一般,２４１２６転１２,2026-06-03,2026-06-07,03,江戸川,一般,４　４２４転,2026-05-23,2026-05-27,12,住之江,一般,１　２２２２６５４６,2026-05-08,2026-05-13,14,鳴門,一般,１４４５６４１　１　１６,5471,田中 結,2026-06-19,2026-06-24,11,びわこ,一般,６　６５６　６　６５４,2026-06-05,2026-06-10,18,徳山,一般,６　５６６　６６５　６６,2026-05-19,2026-05-24,08,常滑,一般,６　転６６　６４６　５６,2026-05-11,2026-05-14,12,住之江,一般,６　５６６　４落,,,,,,
202607131604,2026-07-13,16,04R,4627,藤原 菜希,2026-04-27,2026-05-02,05,多摩川,一般,３５６６４　１３１　４６,2026-03-17,2026-03-22,17,宮島,一般,１　３４１２F３１　５,2026-03-08,2026-03-11,13,尼崎,一般,１　５２３４２３,2026-02-24,2026-03-01,14,鳴門,ＧⅠ,２　６　１２４　４　１１,2026-02-12,2026-02-17,04,平和島,ＧⅢ,４　４１２　６１６２[２],4158,木場 雄二郎,2026-06-30,2026-07-04,19,下関,一般,　　　　　　１３１６,2026-06-25,2026-06-30,13,尼崎,一般,４６６　５３４　５　４,2026-06-12,2026-06-17,19,下関,一般,１６３　６５５　５２１,2026-05-27,2026-05-31,18,徳山,一般,２４３　２１３３４１,2026-05-15,2026-05-20,20,若松,一般,２４１　３　５６５６３,3652,森下 勇,2026-06-26,2026-07-01,17,宮島,一般,３６５　５６１　５３４３,2026-06-16,2026-06-21,09,津,一般,１　５４４　５６５　１５,2026-05-28,2026-05-31,02,戸田,一般,６　２６３３５１,2026-05-11,2026-05-15,08,常滑,一般,３　５３５５１　５３,2026-04-22,2026-04-25,14,鳴門,一般,４　６４４　５６,4448,青木 玄太,2026-06-28,2026-07-01,10,三国,一般,２１１５３１[１],2026-06-17,2026-06-22,05,多摩川,一般,３　２１３２４４,2026-06-04,2026-06-09,17,宮島,ＧⅠ,２５５　５３５　３５５,2026-05-28,2026-05-31,02,戸田,一般,２２４１２２４１,2026-05-10,2026-05-14,23,からつ,一般,２１１１２　１１[１],4263,武重 雄介,2026-06-01,2026-06-05,19,下関,一般,６１６４５　５６２,2026-05-23,2026-05-27,12,住之江,一般,２４４３２　５４４,2026-05-10,2026-05-14,23,からつ,一般,１２４　６１３６５５,2026-04-29,2026-05-04,19,下関,一般,F１４　４　３４１　３,2026-04-22,2026-04-25,14,鳴門,一般,５２４２２６２６,5313,鈴木 唯央,2026-06-24,2026-06-29,09,津,一般,１　４F３３３　６　５,2026-05-13,2026-05-18,19,下関,一般,５５６　４　５５３　５２,2026-04-24,2026-04-29,04,平和島,一般,２　３３４２５　３３２１,2026-04-09,2026-04-14,06,浜名湖,一般,４　F５４　６　５　５,2026-03-25,2026-03-30,04,平和島,一般,５　４４６　４５６　１３
202607131605,2026-07-13,16,05R,4992,廣瀬 篤哉,2026-06-09,2026-06-14,11,びわこ,一般,４６１　１４２　１５３４,2026-05-22,2026-05-26,23,からつ,一般,５５６５６　２１６,2026-05-06,2026-05-10,21,芦屋,一般,３　５４２３４６３５,2026-04-25,2026-04-30,13,尼崎,一般,４　４５１３６　２２４４,2026-04-08,2026-04-12,11,びわこ,一般,転４１　１　４１４１,3968,茶谷 信次,2026-06-28,2026-07-02,05,多摩川,一般,４４２２１　４４５２,2026-05-11,2026-05-14,12,住之江,一般,１　３５４３４３,2026-04-30,2026-05-06,09,津,一般,６４６　４　４６５　５,2026-04-18,2026-04-22,15,丸亀,一般,３３３６５２,2026-04-06,2026-04-10,08,常滑,一般,５１３　５３３　３５,4635,峰重 力也,2026-06-24,2026-06-29,09,津,一般,３　５３１　１５１４１５,2026-06-17,2026-06-20,07,蒲郡,一般,５４６　５　１,2026-05-12,2026-05-16,04,平和島,一般,６　４６,2026-05-02,2026-05-07,16,児島,一般,２　２５１　３１６３５１,2026-03-27,2026-03-31,16,児島,一般,６３１　２４１F５,5301,岩下 巧斗,2026-06-02,2026-06-08,10,三国,一般,３１２　４６４３２　４１,2026-05-22,2026-05-27,13,尼崎,一般,１　２５６３２　１６２５,2026-05-06,2026-05-11,05,多摩川,一般,４５２　５２４　２１５３,2026-04-24,2026-04-28,07,蒲郡,一般,４３F　４　５　５,2026-04-16,2026-04-21,08,常滑,一般,１６２　３１５２１１[４],5374,木山 大聖,2026-06-24,2026-06-29,03,江戸川,一般,６６６　４４３５５　６６,2026-06-09,2026-06-13,07,蒲郡,一般,６５６　４　５３６３,2026-05-02,2026-05-07,16,児島,一般,５　２５６　６６２　４３,2026-04-18,2026-04-23,24,大村,一般,５５６　６４５　６６６,2026-04-09,2026-04-14,06,浜名湖,一般,６　５４５　３３５　４６,5367,赤松 咲香,2026-06-24,2026-06-29,12,住之江,一般,６６５　６６６　４　６,2026-06-09,2026-06-14,11,びわこ,一般,６６６　６　６６６６６,2026-05-21,2026-05-24,19,下関,一般,妨　６５６　５６,2026-04-29,2026-05-04,14,鳴門,ＧⅢ,１１４　４６転６５　６５,2026-04-03,2026-04-07,17,宮島,一般,２　６　６６６６６
202607131606,2026-07-13,16,06R,5212,西川 拓利,2026-06-25,2026-06-30,01,桐生,ＧⅢ,３　１２６１２５２４２４,2026-06-11,2026-06-16,03,江戸川,一般,１３１　２１３　６３[６],2026-06-02,2026-06-08,10,三国,一般,１　１５３５５　１５２３,2026-05-13,2026-05-18,19,下関,一般,２　５３５４２５６　１,2026-04-29,2026-05-04,22,福岡,一般,２４４　３４１　１５３２,3982,福田 理,2026-06-17,2026-06-22,17,宮島,ＧⅢ,２６４　５４６　６　４３,2026-06-01,2026-06-05,19,下関,一般,５５５　６３５　５,2026-05-19,2026-05-24,08,常滑,一般,３５４　５５２　４　２１,2026-05-02,2026-05-07,16,児島,一般,４３４　１２６　６１６,2026-04-24,2026-04-28,07,蒲郡,一般,６　５５１１５６４,4186,小川 時光,2026-06-28,2026-07-01,10,三国,一般,４　２６５１５２,2026-06-17,2026-06-22,05,多摩川,一般,２　５６６　６４３　２２,2026-05-29,2026-06-03,11,びわこ,一般,４　４４４６,2026-05-11,2026-05-14,12,住之江,一般,６,2026-05-01,2026-05-06,02,戸田,一般,５　３　５２６４５４５,3737,上平 真二,2026-06-22,2026-06-27,22,福岡,一般,１１３　１２４３１落４,2026-06-04,2026-06-09,17,宮島,ＧⅠ,４　２４４　２５２　６４,2026-05-23,2026-05-28,10,三国,一般,３２４１転,2026-05-10,2026-05-14,23,からつ,一般,２２１４３　１２[３],2026-04-30,2026-05-05,17,宮島,一般,２６３　３３４２１４１２,3948,大町 利克,2026-06-26,2026-07-01,17,宮島,一般,４３４　４６６３６　５,2026-06-17,2026-06-22,05,多摩川,一般,６５６　６　６５５　４,2026-06-01,2026-06-05,19,下関,一般,２　３２２６３　４６,2026-05-15,2026-05-18,13,尼崎,一般,L,2026-04-30,2026-05-06,11,びわこ,一般,４６６　２　５６３　３６,5151,山下 奈緒,2026-06-24,2026-06-29,12,住之江,一般,３２２　５４１　３１[６],2026-06-05,2026-06-10,18,徳山,一般,６　６３６５,2026-05-15,2026-05-20,20,若松,一般,４　６転６　２　１５３,2026-04-29,2026-05-04,14,鳴門,ＧⅢ,３４３　３５２　５５４,2026-04-16,2026-04-21,08,常滑,一般,４　４４２　２５４４転欠
202607131607,2026-07-13,16,07R,4708,半田 尚也,2026-05-29,2026-06-03,11,びわこ,一般,４５３　６４６　４３５,2026-05-12,2026-05-16,04,平和島,一般,５６５　６,2026-04-30,2026-05-05,17,宮島,一般,３　５５６　５F６　６,2026-04-20,2026-04-24,18,徳山,一般,４　４４５　５　４２,2026-03-28,2026-04-02,24,大村,一般,４６３　４６５　４　１２,4839,四宮 与寛,2026-06-25,2026-06-30,01,桐生,ＧⅢ,１　１４３３１６１１[１],2026-06-10,2026-06-13,14,鳴門,一般,２４１２６転１２,2026-06-03,2026-06-07,03,江戸川,一般,４　４２４転,2026-05-23,2026-05-27,12,住之江,一般,１　２２２２６５４６,2026-05-08,2026-05-13,14,鳴門,一般,１４４５６４１　１　１６,4631,新井 英孝,2026-06-25,2026-06-30,01,桐生,ＧⅢ,２　４６６　３５３　３２,2026-06-09,2026-06-14,23,からつ,一般,１６１　５　１４１５２２,2026-05-24,2026-05-28,21,芦屋,一般,５２５　３１６２２６,2026-05-03,2026-05-08,12,住之江,一般,３５４　３　１６２　５５,2026-03-27,2026-03-31,13,尼崎,一般,４　２５１転６　５２,4636,赤池 修平,2026-06-21,2026-06-25,08,常滑,一般,３　６６６　６６６６,2026-06-11,2026-06-15,20,若松,一般,３１５３４　６６３,2026-05-25,2026-05-31,07,蒲郡,一般,エ６６　１６４　５　４　６,2026-05-08,2026-05-13,14,鳴門,一般,３３２　５６６　６２２,2026-04-16,2026-04-21,21,芦屋,一般,４６２　６６１　６　４４,3430,角浜 修,2026-06-27,2026-07-01,02,戸田,一般,２　６５６　２２４４,2026-06-17,2026-06-22,17,宮島,ＧⅢ,５３１　２４３　１４５６,2026-05-29,2026-06-04,09,津,ＧⅢ,６６１　２２５　３４６２,2026-05-12,2026-05-16,01,桐生,一般,１　４６６２１　３３,2026-04-30,2026-05-05,17,宮島,一般,３６３　５４６　３４５,5447,岡本 亜子,2026-06-28,2026-07-01,10,三国,一般,６　６６６　６６,2026-06-05,2026-06-10,18,徳山,一般,６　６　６６６　６６６,2026-05-19,2026-05-23,16,児島,一般,６　６６６　５６６,,,,,,,,,,,,
202607131608,2026-07-13,16,08R,5085,中村 栄治,2026-06-26,2026-07-01,17,宮島,一般,１４１５２　２４５５２２,2026-06-21,2026-06-24,10,三国,一般,３　１１６４４３,2026-06-11,2026-06-16,10,三国,一般,６４４　２　１１５３６４,2026-05-27,2026-05-31,18,徳山,一般,２　２５１５５６４６,2026-05-09,2026-05-14,09,津,ＧⅢ,１　２６２２４　３３４１,4283,石井 裕美,2026-05-30,2026-06-04,05,多摩川,ＧⅢ,３５３　５６３　４　３３,2026-05-14,2026-05-18,10,三国,一般,３６４　４　４４６２,2026-04-29,2026-05-04,14,鳴門,ＧⅢ,３　５３３５３　２３１３,2026-04-18,2026-04-22,15,丸亀,一般,５６６　５　４５F,2026-03-20,2026-03-25,05,多摩川,一般,３５６　３６３　１　４６,5373,諏訪 玲奈,2026-06-18,2026-06-23,02,戸田,一般,６　４６１　５４４　４４,2026-05-22,2026-05-26,23,からつ,一般,４６６　３　５５３４,2026-05-02,2026-05-07,16,児島,一般,６　３４５　６６３　６６,2026-04-20,2026-04-25,22,福岡,一般,３　４落６　３４３　５,2026-04-05,2026-04-11,07,蒲郡,一般,６　５４６　６６６　４　６６,3950,石川 哲秀,2026-06-25,2026-06-30,13,尼崎,一般,２５４　３　５６３　５,2026-06-16,2026-06-21,09,津,一般,４５２　２５６　５　４４,2026-05-27,2026-06-01,08,常滑,一般,３２６　６４６　６　２４,2026-05-09,2026-05-12,20,若松,一般,４　４５６,2026-04-25,2026-04-30,06,浜名湖,一般,２６２　５５３　６６２,4158,木場 雄二郎,2026-06-30,2026-07-04,19,下関,一般,　　　　　　１３１６,2026-06-25,2026-06-30,13,尼崎,一般,４６６　５３４　５　４,2026-06-12,2026-06-17,19,下関,一般,１６３　６５５　５２１,2026-05-27,2026-05-31,18,徳山,一般,２４３　２１３３４１,2026-05-15,2026-05-20,20,若松,一般,２４１　３　５６５６３,5065,伊久間 陽優,2026-06-26,2026-07-01,17,宮島,一般,４１落　１２２４４　１４,2026-05-06,2026-05-11,05,多摩川,一般,６２３　４５６　６３４３,2026-04-24,2026-04-29,04,平和島,一般,４２１　６６３　３４４１,2026-04-05,2026-04-11,07,蒲郡,一般,２２５　１２６　４　４４１６,2026-03-22,2026-03-25,13,尼崎,一般,３　６F４　４
202607131609,2026-07-13,16,09R,4635,峰重 力也,2026-06-24,2026-06-29,09,津,一般,３　５３１　１５１４１５,2026-06-17,2026-06-20,07,蒲郡,一般,５４６　５　１,2026-05-12,2026-05-16,04,平和島,一般,６　４６,2026-05-02,2026-05-07,16,児島,一般,２　２５１　３１６３５１,2026-03-27,2026-03-31,16,児島,一般,６３１　２４１F５,5293,眞崎 武蔵,2026-06-25,2026-06-30,13,尼崎,一般,５４１　欠欠,2026-06-11,2026-06-16,10,三国,一般,２５１　６３２　３５５６,2026-05-23,2026-05-27,12,住之江,一般,５　５６５　４６５,2026-04-24,2026-04-28,07,蒲郡,一般,４６５　５　６６４,2026-04-01,2026-04-06,01,桐生,一般,６６４　６　５２６　５２,5313,鈴木 唯央,2026-06-24,2026-06-29,09,津,一般,１　４F３３３　６　５,2026-05-13,2026-05-18,19,下関,一般,５５６　４　５５３　５２,2026-04-24,2026-04-29,04,平和島,一般,２　３３４２５　３３２１,2026-04-09,2026-04-14,06,浜名湖,一般,４　F５４　６　５　５,2026-03-25,2026-03-30,04,平和島,一般,５　４４６　４５６　１３,4263,武重 雄介,2026-06-01,2026-06-05,19,下関,一般,６１６４５　５６２,2026-05-23,2026-05-27,12,住之江,一般,２４４３２　５４４,2026-05-10,2026-05-14,23,からつ,一般,１２４　６１３６５５,2026-04-29,2026-05-04,19,下関,一般,F１４　４　３４１　３,2026-04-22,2026-04-25,14,鳴門,一般,５２４２２６２６,4565,西村 豪洋,2026-07-03,2026-07-06,09,津,一般,１６１　６１５４,2026-06-28,2026-07-01,10,三国,一般,４６４　３　２３,2026-06-18,2026-06-21,04,平和島,一般,６　４４３５５４,2026-06-07,2026-06-11,05,多摩川,一般,６３１　３５３　１４,2026-05-19,2026-05-24,08,常滑,一般,３　４２４６５　３　５３,5137,川原 涼,2026-06-28,2026-07-02,05,多摩川,一般,６　５６５　２　１１,2026-06-18,2026-06-21,04,平和島,一般,２３転６２　４２,2026-06-02,2026-06-08,10,三国,一般,３１３　２３５５１６２６,2026-05-13,2026-05-18,19,下関,一般,３　２５１４２　１２[４],2026-05-01,2026-05-06,07,蒲郡,一般,４４４５６　３　５６４
202607131610,2026-07-13,16,10R,4448,青木 玄太,2026-06-28,2026-07-01,10,三国,一般,２１１５３１[１],2026-06-17,2026-06-22,05,多摩川,一般,３　２１３２４４,2026-06-04,2026-06-09,17,宮島,ＧⅠ,２５５　５３５　３５５,2026-05-28,2026-05-31,02,戸田,一般,２２４１２２４１,2026-05-10,2026-05-14,23,からつ,一般,２１１１２　１１[１],3912,川原 正明,2026-06-27,2026-07-01,02,戸田,一般,１５３　４５１１４４,2026-06-17,2026-06-22,17,宮島,ＧⅢ,２　２４１１４５６３３１,2026-06-04,2026-06-08,08,常滑,一般,３　１１１４１３１１,2026-05-20,2026-05-25,05,多摩川,一般,４６３６２１３　２　６５,2026-05-09,2026-05-14,09,津,ＧⅢ,６１５　１６６　６　２３,4536,喜井 つかさ,2026-06-28,2026-07-01,10,三国,一般,３３５５５　２２,2026-06-12,2026-06-17,22,福岡,ＧⅢ,３４５６１　３６１　３５,2026-05-30,2026-06-04,05,多摩川,ＧⅢ,４５５　１１１　１５２２,2026-05-12,2026-05-17,07,蒲郡,一般,２５１　３１２　１４２３,2026-04-22,2026-04-27,20,若松,ＧⅢ,２　３２４４２５１５５３,5034,若林 義人,2026-06-30,2026-07-05,06,浜名湖,一般,１　１３１　１３５１[５],2026-06-24,2026-06-28,04,平和島,一般,４５５６１１２６,2026-06-14,2026-06-18,01,桐生,一般,３１１　３１２１[１],2026-06-03,2026-06-07,07,蒲郡,一般,１６１３１２[６],2026-05-25,2026-05-31,03,江戸川,一般,１４６　２６６　３　６１,3982,福田 理,2026-06-17,2026-06-22,17,宮島,ＧⅢ,２６４　５４６　６　４３,2026-06-01,2026-06-05,19,下関,一般,５５５　６３５　５,2026-05-19,2026-05-24,08,常滑,一般,３５４　５５２　４　２１,2026-05-02,2026-05-07,16,児島,一般,４３４　１２６　６１６,2026-04-24,2026-04-28,07,蒲郡,一般,６　５５１１５６４,4992,廣瀬 篤哉,2026-06-09,2026-06-14,11,びわこ,一般,４６１　１４２　１５３４,2026-05-22,2026-05-26,23,からつ,一般,５５６５６　２１６,2026-05-06,2026-05-10,21,芦屋,一般,３　５４２３４６３５,2026-04-25,2026-04-30,13,尼崎,一般,４　４５１３６　２２４４,2026-04-08,2026-04-12,11,びわこ,一般,転４１　１　４１４１
202607131611,2026-07-13,16,11R,3737,上平 真二,2026-06-22,2026-06-27,22,福岡,一般,１１３　１２４３１落４,2026-06-04,2026-06-09,17,宮島,ＧⅠ,４　２４４　２５２　６４,2026-05-23,2026-05-28,10,三国,一般,３２４１転,2026-05-10,2026-05-14,23,からつ,一般,２２１４３　１２[３],2026-04-30,2026-05-05,17,宮島,一般,２６３　３３４２１４１２,4627,藤原 菜希,2026-04-27,2026-05-02,05,多摩川,一般,３５６６４　１３１　４６,2026-03-17,2026-03-22,17,宮島,一般,１　３４１２F３１　５,2026-03-08,2026-03-11,13,尼崎,一般,１　５２３４２３,2026-02-24,2026-03-01,14,鳴門,ＧⅠ,２　６　１２４　４　１１,2026-02-12,2026-02-17,04,平和島,ＧⅢ,４　４１２　６１６２[２],3968,茶谷 信次,2026-06-28,2026-07-02,05,多摩川,一般,４４２２１　４４５２,2026-05-11,2026-05-14,12,住之江,一般,１　３５４３４３,2026-04-30,2026-05-06,09,津,一般,６４６　４　４６５　５,2026-04-18,2026-04-22,15,丸亀,一般,３３３６５２,2026-04-06,2026-04-10,08,常滑,一般,５１３　５３３　３５,3930,岸本 隆,2026-06-25,2026-06-29,21,芦屋,一般,４４１２１　６５３６,2026-06-16,2026-06-21,18,徳山,ＧⅢ,１　４５６４５　５　４,2026-05-31,2026-06-05,20,若松,一般,３５３　４３４　３　５４,2026-05-12,2026-05-16,04,平和島,一般,５４３　５　３３４,2026-04-30,2026-05-05,17,宮島,一般,２　３４１　３５３５１５,4708,半田 尚也,2026-05-29,2026-06-03,11,びわこ,一般,４５３　６４６　４３５,2026-05-12,2026-05-16,04,平和島,一般,５６５　６,2026-04-30,2026-05-05,17,宮島,一般,３　５５６　５F６　６,2026-04-20,2026-04-24,18,徳山,一般,４　４４５　５　４２,2026-03-28,2026-04-02,24,大村,一般,４６３　４６５　４　１２,5212,西川 拓利,2026-06-25,2026-06-30,01,桐生,ＧⅢ,３　１２６１２５２４２４,2026-06-11,2026-06-16,03,江戸川,一般,１３１　２１３　６３[６],2026-06-02,2026-06-08,10,三国,一般,１　１５３５５　１５２３,2026-05-13,2026-05-18,19,下関,一般,２　５３５４２５６　１,2026-04-29,2026-05-04,22,福岡,一般,２４４　３４１　１５３２
202607131612,2026-07-13,16,12R,4302,西野 翔太,2026-06-30,2026-07-04,19,下関,一般,１３１　６１２２[２],2026-06-18,2026-06-21,20,若松,一般,１　３２１４５３,2026-06-06,2026-06-10,24,大村,一般,１　１２５２転２[１],2026-05-25,2026-05-30,17,宮島,一般,４３３　１２３１１４１４,2026-05-15,2026-05-18,13,尼崎,一般,,4580,長谷川 雅和,2026-06-29,2026-07-03,11,びわこ,一般,１　３２５５５６２５,2026-06-14,2026-06-17,12,住之江,一般,６２４　１３６,2026-05-08,2026-05-13,14,鳴門,一般,５　２４５１１　１３１１,2026-04-26,2026-05-01,24,大村,一般,１３３３３　１３５２[３],2026-04-18,2026-04-21,07,蒲郡,一般,２５４２６　２,3473,石川 真二,2026-06-27,2026-07-01,02,戸田,一般,３１２２２４６３[３],2026-06-17,2026-06-22,17,宮島,ＧⅢ,１３４３１２３　４４１５,2026-06-05,2026-06-10,18,徳山,一般,４５３２６１１　１５２６,2026-05-26,2026-05-31,15,丸亀,ＧⅢ,２　５１３転５３１１３１,2026-05-09,2026-05-14,09,津,ＧⅢ,６４５　５　６５３　２,5087,佐藤 航,2026-06-28,2026-07-02,05,多摩川,一般,３１３２６　６６,2026-06-17,2026-06-22,24,大村,ＧⅡ,２　５　２６５　１４３６,2026-06-02,2026-06-08,10,三国,一般,３５１４４５２　３　３１,2026-05-20,2026-05-25,11,びわこ,ＧⅡ,１　５　１１５　５　１６,2026-05-12,2026-05-16,01,桐生,一般,６２エ２５５２　５,4239,竹田 辰也,2026-06-28,2026-07-03,20,若松,一般,１５３１１　１１５１[１],2026-06-17,2026-06-22,13,尼崎,一般,６３２１５　６１２５２５,2026-06-05,2026-06-10,18,徳山,一般,２２４　６１２１２２[６],2026-05-25,2026-05-30,17,宮島,一般,３２１５５２２　２６１４,2026-05-09,2026-05-14,09,津,ＧⅢ,２　６５１　１５４３５,5042,畑田 汰一,2026-06-27,2026-07-01,02,戸田,一般,１３２１３２１６,2026-06-17,2026-06-22,24,大村,ＧⅡ,１　４１５　４２６　５F,2026-06-02,2026-06-08,10,三国,一般,１２５３２１５４２５６５,2026-05-19,2026-05-24,08,常滑,一般,１２１１２１２６２１[１],2026-05-11,2026-05-14,12,住之江,一般,１３４５６６５３
202607131901,2026-07-13,19,01R,3797,岩井 繁,2026-07-03,2026-07-06,09,津,一般,５　６５４　６５,2026-06-27,2026-07-01,02,戸田,一般,６　４３６５５　５,2026-06-17,2026-06-22,17,宮島,ＧⅢ,５　４６３　１４１５３３,2026-05-31,2026-06-05,13,尼崎,一般,４　５４５５５　２　６４,2026-05-15,2026-05-20,20,若松,一般,６４５　５６５　３　６,3976,内田 圭,2026-06-25,2026-06-30,13,尼崎,一般,５　４５６　１６３　３４,2026-06-18,2026-06-21,04,平和島,一般,５　１６２６５２,2026-05-29,2026-06-02,23,からつ,一般,４５５６５　３５６５,2026-05-15,2026-05-20,20,若松,一般,６　６４２６４　４　６,2026-04-27,2026-05-02,18,徳山,一般,４　４６３　５３６　６１,5398,鐘ヶ江 真司,2026-06-28,2026-07-03,20,若松,一般,２５４　５１４　５　２２,2026-06-11,2026-06-16,03,江戸川,一般,２５３４１　２３４　１５,2026-05-22,2026-05-27,13,尼崎,一般,１２５　２転６　３　２,2026-05-10,2026-05-14,23,からつ,一般,３　３３４４１　２３,2026-05-01,2026-05-06,20,若松,一般,４４６　６　４３１　５３,5384,八戸 琉楓,2026-06-22,2026-06-27,23,からつ,一般,５　６６４６４　６６６６,2026-06-11,2026-06-16,03,江戸川,一般,６５５　６６６　４６３６,2026-05-25,2026-05-31,07,蒲郡,一般,６６６　６　６５６　１　５６,2026-05-12,2026-05-15,18,徳山,一般,６６６　６６６,2026-04-26,2026-05-01,24,大村,一般,６６６　６６６５６　３５,4574,東 潤樹,2026-07-01,2026-07-06,22,福岡,一般,２２１６１　１２１２[６],2026-06-16,2026-06-21,18,徳山,ＧⅢ,４４３　５１転２５　５２,2026-06-10,2026-06-13,14,鳴門,一般,　　　　４４２５,2026-05-31,2026-06-05,20,若松,一般,３４３　５２４　２２３,2026-05-09,2026-05-14,09,津,ＧⅢ,５３５　２５３　５　３４,4944,田代 達也,2026-06-27,2026-07-01,02,戸田,一般,５　３６転　２３５３,2026-06-17,2026-06-22,05,多摩川,一般,４　３４４４４　５　１５,2026-05-29,2026-06-03,11,びわこ,一般,４４６　１　４転１　１３,2026-05-12,2026-05-15,18,徳山,一般,６５６　１６６,2026-04-03,2026-04-08,04,平和島,一般,１　４２５６３　５１３５
202607131902,2026-07-13,19,02R,3889,須藤 隆雄,2026-06-28,2026-07-02,05,多摩川,一般,１　５５４５６　５６,2026-05-22,2026-05-26,23,からつ,一般,６　４１５５６　４,2026-05-01,2026-05-06,01,桐生,一般,５３２　１５４　５４６,2026-04-20,2026-04-24,18,徳山,一般,５　３５F　６　５,2026-04-09,2026-04-15,15,丸亀,一般,６５２　４５６　２　２　４,4226,村田 浩司,2026-06-28,2026-07-03,20,若松,一般,４３１　６　５６４　４３,2026-06-09,2026-06-13,07,蒲郡,一般,６３６　６５６　１３,2026-05-25,2026-05-30,17,宮島,一般,３　３３３　５５６４６,2026-05-10,2026-05-14,23,からつ,一般,４１６３３　３　５３,2026-04-27,2026-05-02,18,徳山,一般,５２６５２　４２２　３２,5352,西岡 蒼志,2026-07-01,2026-07-06,22,福岡,一般,１　１２２４４　４５３２,2026-06-25,2026-06-29,18,徳山,一般,４　６４４　２１２４,2026-06-11,2026-06-16,03,江戸川,一般,４　６５３　６４３　５４,2026-05-25,2026-05-30,17,宮島,一般,４５５　５４５　４　２５,2026-05-08,2026-05-13,14,鳴門,一般,３　５４３　５５６５４,4231,鈴木 裕隆,2026-06-28,2026-07-03,20,若松,一般,２　３３１５３　１３１１,2026-06-11,2026-06-16,16,児島,一般,６　２５５４１　３　１３,2026-06-01,2026-06-04,24,大村,一般,２３　　４３３６,2026-05-20,2026-05-25,05,多摩川,一般,６６２　３１３３１　４２,2026-05-03,2026-05-08,08,常滑,一般,２　５６５２３　５４２,4308,河村 了,2026-06-25,2026-06-30,01,桐生,ＧⅢ,１　３１４２１４２１[３],2026-06-09,2026-06-14,23,からつ,一般,４　１２１２２２５１[５],2026-05-24,2026-05-28,21,芦屋,一般,１５１２２１４１[５],2026-05-15,2026-05-18,13,尼崎,一般,２,2026-05-03,2026-05-08,08,常滑,一般,３１１　３１３１２６３３,5421,原田 朱理,2026-06-25,2026-06-29,18,徳山,一般,６６６　６　６５６,2026-05-29,2026-06-03,11,びわこ,一般,６　６６６　６５５　６６,2026-05-04,2026-05-09,13,尼崎,一般,６　６　５６４　６６６,2026-03-29,2026-04-03,06,浜名湖,一般,６　６６５　転　６　６６,2026-03-02,2026-03-05,15,丸亀,一般,６　６転６　６６
202607131903,2026-07-13,19,03R,5122,相馬 翔,2026-06-21,2026-06-25,08,常滑,一般,３４６　６　５６６１,2026-06-03,2026-06-07,03,江戸川,一般,５　４６４F３４,2026-05-19,2026-05-24,01,桐生,一般,４３６　１４２　５６５４,2026-04-23,2026-04-28,23,からつ,一般,６　２１６　３１４５６２,2026-04-07,2026-04-13,24,大村,一般,３　５　２６６　３　４６５,5333,山下 智己,2026-06-28,2026-07-01,10,三国,一般,６５５　３　４１,2026-06-11,2026-06-16,03,江戸川,一般,４３５　５５６６６　５６,2026-05-31,2026-06-05,13,尼崎,一般,５　１５４６３　４５２６,2026-05-11,2026-05-15,08,常滑,一般,３１４　１５５６１６,2026-01-15,2026-01-20,09,津,一般,５６４　６１２　６２F,5242,高山 弘斗,2026-06-27,2026-07-01,02,戸田,一般,５６６　１　５３６１,2026-06-11,2026-06-16,03,江戸川,一般,F　３５５　５６６２４,2026-05-27,2026-06-01,08,常滑,一般,５　３６６　４６４　５５,2026-05-10,2026-05-14,23,からつ,一般,５３沈６６　６６２,2026-04-26,2026-05-01,03,江戸川,一般,６　６５　　２５２５６,5166,仲道 大輔,2026-07-01,2026-07-06,07,蒲郡,一般,３　２１１　２１３３[５],2026-06-24,2026-06-28,04,平和島,一般,２６１２３３２４,2026-06-11,2026-06-16,03,江戸川,一般,３３２　２１１　２４１１,2026-05-31,2026-06-05,20,若松,一般,６６５４５,2026-05-17,2026-05-23,15,丸亀,一般,６６,5226,藤田 俊祐,2026-06-27,2026-07-01,02,戸田,一般,４３５　４１３５２６,2026-06-18,2026-06-21,04,平和島,一般,６　２４３１６４,2026-02-17,2026-02-22,13,尼崎,一般,３２転,2026-02-04,2026-02-09,11,びわこ,一般,３４２　５５５２１　３１,2026-01-25,2026-01-28,20,若松,一般,２２１　３１[３],4661,中島 昂章,2026-06-26,2026-07-01,17,宮島,一般,　　　　　　　　１２３,2026-06-22,2026-06-27,23,からつ,一般,１　５妨６　４２２　４２,2026-06-11,2026-06-15,20,若松,一般,５３４　６６６　６５,2026-05-29,2026-06-03,11,びわこ,一般,２３４　１４２６２６３６,2026-05-19,2026-05-24,01,桐生,一般,３２２　３５２４３６１２
202607131904,2026-07-13,19,04R,5175,島崎 丈一朗,2026-06-28,2026-07-02,05,多摩川,一般,２　６６４　５１３６,2026-06-05,2026-06-10,01,桐生,一般,４４５　３３１　３３１３,2026-05-03,2026-05-08,04,平和島,一般,１　３１５　３２３３４１,2026-04-20,2026-04-24,18,徳山,一般,６　２３４６３　６１,2026-03-25,2026-03-30,04,平和島,一般,２２４　５３１　４５２３,4640,山ノ内 雅人,2026-06-26,2026-07-02,24,大村,一般,４３４　１４３　１４１５２４,2026-06-16,2026-06-21,09,津,一般,２　１３１５４２２４２３,2026-06-05,2026-06-10,01,桐生,一般,２１３５３　３　２２[５],2026-05-27,2026-05-31,18,徳山,一般,３　３４５１５　１３,2026-05-09,2026-05-14,11,びわこ,一般,１２６３２２２　５２[４],4498,宮本 夏樹,2026-06-29,2026-07-04,08,常滑,一般,３　２６２　５６２２２５,2026-06-19,2026-06-24,11,びわこ,一般,４６４　６　２４２　５２,2026-05-29,2026-06-02,14,鳴門,一般,５３５　６４１　５３,2026-05-19,2026-05-24,01,桐生,一般,６　４５６　６６３　４５,2026-05-07,2026-05-11,24,大村,一般,２転１１５４１３１４,4950,高岡 竜也,2026-06-25,2026-06-29,21,芦屋,一般,４１１　２３２２[６],2026-06-18,2026-06-21,04,平和島,一般,３１２５３　４２,2026-06-06,2026-06-10,24,大村,一般,５４２　５４３　１１,2026-05-23,2026-05-27,12,住之江,一般,２２２４１　１６１２,2026-05-08,2026-05-13,22,福岡,一般,５６２５５　２１１　１１,4396,大田 直弥,2026-06-22,2026-06-27,22,福岡,一般,４２１４４４５　４　４４,2026-06-11,2026-06-16,10,三国,一般,１３１１６　５５５５２５,2026-05-23,2026-05-27,12,住之江,一般,４４３欠,2026-05-10,2026-05-14,23,からつ,一般,３　３２１５３５１６,2026-04-29,2026-05-04,19,下関,一般,２　３２４２４　１５２５,5229,吉川 晴人,2026-06-29,2026-07-04,08,常滑,一般,３４１　１６２３２５４,2026-06-19,2026-06-24,11,びわこ,一般,２４５３２３１　２１[６],2026-06-07,2026-06-11,05,多摩川,一般,５６１　２３１　４５,2026-05-25,2026-05-31,03,江戸川,一般,６６３　４４６　５　５５５４,2026-05-09,2026-05-14,11,びわこ,一般,６５１３５　５６５　５１
202607131905,2026-07-13,19,05R,4435,服部 達哉,2026-06-28,2026-07-02,05,多摩川,一般,６３２４１　２　１５,2026-06-11,2026-06-15,20,若松,一般,３１４　１４２５１６,2026-05-23,2026-05-28,10,三国,一般,１　１５３４３４１５２４,2026-05-09,2026-05-14,11,びわこ,一般,１　２５３４４６３　３３,2026-03-30,2026-04-05,18,徳山,一般,１　５３３６４　３３２１,5098,大江 純,2026-06-26,2026-07-02,24,大村,一般,６５２　３　２６５３４　６転,2026-06-18,2026-06-21,04,平和島,一般,３６３５４　１４,2026-05-26,2026-05-31,15,丸亀,ＧⅢ,４　１４１　４６２　６６,2026-05-11,2026-05-15,08,常滑,一般,６　２６６３２　３２,2026-04-30,2026-05-06,09,津,一般,３　３　５３３　２２５３,5279,石渡 翔一郎,2026-06-24,2026-06-29,03,江戸川,一般,４３４　２６３　４５５,2026-06-11,2026-06-16,03,江戸川,一般,１　１３１　１４５４２２,2026-05-22,2026-05-27,13,尼崎,一般,６６１　２２３　３１３２,2026-05-06,2026-05-11,05,多摩川,一般,４４１　１３３５１６２１,2026-04-26,2026-05-01,03,江戸川,一般,２　５１　　６３１　１３,3212,亀本 勇樹,2026-06-28,2026-07-03,20,若松,一般,４　１４５　５４４　１,2026-06-19,2026-06-24,11,びわこ,一般,３　３５４　２　３６３,2026-06-06,2026-06-10,24,大村,一般,６　２４６６２　５,2026-05-20,2026-05-25,09,津,一般,５　４１２　２　３４２６,2026-04-30,2026-05-05,17,宮島,一般,２　３４１　２４４３５４,4633,森 智也,2026-06-25,2026-06-30,13,尼崎,一般,３１４　１２２２１２[３],2026-06-18,2026-06-21,04,平和島,一般,４　４５３１５５,2026-06-07,2026-06-11,05,多摩川,一般,４　５３４５３　３,2026-05-28,2026-06-02,01,桐生,一般,１５２６３３３　３,2026-05-09,2026-05-14,09,津,ＧⅢ,５　４３４　１５４　３３,5303,土井 歩夢,2026-06-29,2026-07-04,08,常滑,一般,２　２３１　３４１２[５],2026-06-14,2026-06-17,12,住之江,一般,３６５　３　３３,2026-05-23,2026-05-28,10,三国,一般,５　４３３　２２２３３１,2026-05-09,2026-05-12,20,若松,一般,１３１　２１[４],2026-05-01,2026-05-06,20,若松,一般,２　３５４　１５３５２
202607131906,2026-07-13,19,06R,4944,田代 達也,2026-06-27,2026-07-01,02,戸田,一般,５　３６転　２３５３,2026-06-17,2026-06-22,05,多摩川,一般,４　３４４４４　５　１５,2026-05-29,2026-06-03,11,びわこ,一般,４４６　１　４転１　１３,2026-05-12,2026-05-15,18,徳山,一般,６５６　１６６,2026-04-03,2026-04-08,04,平和島,一般,１　４２５６３　５１３５,4375,照屋 厚仁,2026-06-26,2026-07-02,24,大村,一般,３　４３４　３６転１４　１５,2026-06-16,2026-06-21,18,徳山,ＧⅢ,５１３　１４５３１４６６,2026-05-31,2026-06-05,20,若松,一般,１　５３１４３　３３４２,2026-05-20,2026-05-25,09,津,一般,２　５５１　４３６１５３,2026-05-04,2026-05-09,13,尼崎,一般,２　２６３２４　４　１６,4654,篠田 優也,2026-06-28,2026-07-02,05,多摩川,一般,２１４２４　３３４１,2026-06-16,2026-06-21,09,津,一般,５１３　５４３　２５１,2026-05-31,2026-06-05,13,尼崎,一般,３３３１３　２４３４３３,2026-05-04,2026-05-09,13,尼崎,一般,２５３　４５３　２１５１,2026-04-23,2026-04-29,12,住之江,一般,１４３　１１１３２,5398,鐘ヶ江 真司,2026-06-28,2026-07-03,20,若松,一般,２５４　５１４　５　２２,2026-06-11,2026-06-16,03,江戸川,一般,２５３４１　２３４　１５,2026-05-22,2026-05-27,13,尼崎,一般,１２５　２転６　３　２,2026-05-10,2026-05-14,23,からつ,一般,３　３３４４１　２３,2026-05-01,2026-05-06,20,若松,一般,４４６　６　４３１　５３,5299,西丸 敦基,2026-06-30,2026-07-05,23,からつ,一般,４６６　５　２２３２１３,2026-06-20,2026-06-25,15,丸亀,一般,１　１４２６２５６１[６],2026-05-31,2026-06-05,13,尼崎,一般,４１６　３４１　１５２３,2026-05-10,2026-05-15,16,児島,一般,４３４　４４３　３１４,2026-04-25,2026-04-30,15,丸亀,一般,４２２　２３４　１４６４,3889,須藤 隆雄,2026-06-28,2026-07-02,05,多摩川,一般,１　５５４５６　５６,2026-05-22,2026-05-26,23,からつ,一般,６　４１５５６　４,2026-05-01,2026-05-06,01,桐生,一般,５３２　１５４　５４６,2026-04-20,2026-04-24,18,徳山,一般,５　３５F　６　５,2026-04-09,2026-04-15,15,丸亀,一般,６５２　４５６　２　２　４
202607131907,2026-07-13,19,07R,4661,中島 昂章,2026-06-26,2026-07-01,17,宮島,一般,　　　　　　　　１２３,2026-06-22,2026-06-27,23,からつ,一般,１　５妨６　４２２　４２,2026-06-11,2026-06-15,20,若松,一般,５３４　６６６　６５,2026-05-29,2026-06-03,11,びわこ,一般,２３４　１４２６２６３６,2026-05-19,2026-05-24,01,桐生,一般,３２２　３５２４３６１２,5242,高山 弘斗,2026-06-27,2026-07-01,02,戸田,一般,５６６　１　５３６１,2026-06-11,2026-06-16,03,江戸川,一般,F　３５５　５６６２４,2026-05-27,2026-06-01,08,常滑,一般,５　３６６　４６４　５５,2026-05-10,2026-05-14,23,からつ,一般,５３沈６６　６６２,2026-04-26,2026-05-01,03,江戸川,一般,６　６５　　２５２５６,5141,大澤 風葵,2026-06-27,2026-07-01,02,戸田,一般,６１４６,2026-06-17,2026-06-22,05,多摩川,一般,３２２　３１２１４１[４],2026-05-28,2026-06-02,01,桐生,一般,６１６　２５３　２１,2026-05-17,2026-05-23,15,丸亀,一般,１１１　２３５１１１４１[６],2026-04-09,2026-04-14,06,浜名湖,一般,６２２　２２４　１５３２,5421,原田 朱理,2026-06-25,2026-06-29,18,徳山,一般,６６６　６　６５６,2026-05-29,2026-06-03,11,びわこ,一般,６　６６６　６５５　６６,2026-05-04,2026-05-09,13,尼崎,一般,６　６　５６４　６６６,2026-03-29,2026-04-03,06,浜名湖,一般,６　６６５　転　６　６６,2026-03-02,2026-03-05,15,丸亀,一般,６　６転６　６６,5074,大澤 誠也,2026-06-28,2026-07-03,20,若松,一般,４　１４５　１３４６６,2026-06-17,2026-06-22,05,多摩川,一般,６１６　４　６６５　６２,2026-06-03,2026-06-07,03,江戸川,一般,４　２６５　４１,2026-05-23,2026-05-28,10,三国,一般,４　２５６　４４３２４５,2026-05-15,2026-05-18,13,尼崎,一般,,3797,岩井 繁,2026-07-03,2026-07-06,09,津,一般,５　６５４　６５,2026-06-27,2026-07-01,02,戸田,一般,６　４３６５５　５,2026-06-17,2026-06-22,17,宮島,ＧⅢ,５　４６３　１４１５３３,2026-05-31,2026-06-05,13,尼崎,一般,４　５４５５５　２　６４,2026-05-15,2026-05-20,20,若松,一般,６４５　５６５　３　６
202607131908,2026-07-13,19,08R,5229,吉川 晴人,2026-06-29,2026-07-04,08,常滑,一般,３４１　１６２３２５４,2026-06-19,2026-06-24,11,びわこ,一般,２４５３２３１　２１[６],2026-06-07,2026-06-11,05,多摩川,一般,５６１　２３１　４５,2026-05-25,2026-05-31,03,江戸川,一般,６６３　４４６　５　５５５４,2026-05-09,2026-05-14,11,びわこ,一般,６５１３５　５６５　５１,5352,西岡 蒼志,2026-07-01,2026-07-06,22,福岡,一般,１　１２２４４　４５３２,2026-06-25,2026-06-29,18,徳山,一般,４　６４４　２１２４,2026-06-11,2026-06-16,03,江戸川,一般,４　６５３　６４３　５４,2026-05-25,2026-05-30,17,宮島,一般,４５５　５４５　４　２５,2026-05-08,2026-05-13,14,鳴門,一般,３　５４３　５５６５４,5333,山下 智己,2026-06-28,2026-07-01,10,三国,一般,６５５　３　４１,2026-06-11,2026-06-16,03,江戸川,一般,４３５　５５６６６　５６,2026-05-31,2026-06-05,13,尼崎,一般,５　１５４６３　４５２６,2026-05-11,2026-05-15,08,常滑,一般,３１４　１５５６１６,2026-01-15,2026-01-20,09,津,一般,５６４　６１２　６２F,3976,内田 圭,2026-06-25,2026-06-30,13,尼崎,一般,５　４５６　１６３　３４,2026-06-18,2026-06-21,04,平和島,一般,５　１６２６５２,2026-05-29,2026-06-02,23,からつ,一般,４５５６５　３５６５,2026-05-15,2026-05-20,20,若松,一般,６　６４２６４　４　６,2026-04-27,2026-05-02,18,徳山,一般,４　４６３　５３６　６１,5384,八戸 琉楓,2026-06-22,2026-06-27,23,からつ,一般,５　６６４６４　６６６６,2026-06-11,2026-06-16,03,江戸川,一般,６５５　６６６　４６３６,2026-05-25,2026-05-31,07,蒲郡,一般,６６６　６　６５６　１　５６,2026-05-12,2026-05-15,18,徳山,一般,６６６　６６６,2026-04-26,2026-05-01,24,大村,一般,６６６　６６６５６　３５,4652,酒見 峻介,2026-06-26,2026-07-02,24,大村,一般,６　５６,2026-06-17,2026-06-20,07,蒲郡,一般,２３１４１４６５,2026-05-11,2026-05-16,03,江戸川,ＧⅡ,３　３　４４３　３３３,2026-05-01,2026-05-06,23,からつ,一般,２５５３３４４　３　４１,2026-04-22,2026-04-25,14,鳴門,一般,転５６　５４１１
202607131909,2026-07-13,19,09R,5303,土井 歩夢,2026-06-29,2026-07-04,08,常滑,一般,２　２３１　３４１２[５],2026-06-14,2026-06-17,12,住之江,一般,３６５　３　３３,2026-05-23,2026-05-28,10,三国,一般,５　４３３　２２２３３１,2026-05-09,2026-05-12,20,若松,一般,１３１　２１[４],2026-05-01,2026-05-06,20,若松,一般,２　３５４　１５３５２,4396,大田 直弥,2026-06-22,2026-06-27,22,福岡,一般,４２１４４４５　４　４４,2026-06-11,2026-06-16,10,三国,一般,１３１１６　５５５５２５,2026-05-23,2026-05-27,12,住之江,一般,４４３欠,2026-05-10,2026-05-14,23,からつ,一般,３　３２１５３５１６,2026-04-29,2026-05-04,19,下関,一般,２　３２４２４　１５２５,5157,市川 健太,2026-06-29,2026-07-03,11,びわこ,一般,４１４　６１１６５６,2026-06-20,2026-06-25,15,丸亀,一般,１３３　６５２　２５５５,2026-06-11,2026-06-16,10,三国,一般,３５６　５　１２６６６,2026-05-23,2026-05-27,12,住之江,一般,２　５４１２６５３４,2026-05-06,2026-05-10,21,芦屋,一般,３６５　２５２５６６,5279,石渡 翔一郎,2026-06-24,2026-06-29,03,江戸川,一般,４３４　２６３　４５５,2026-06-11,2026-06-16,03,江戸川,一般,１　１３１　１４５４２２,2026-05-22,2026-05-27,13,尼崎,一般,６６１　２２３　３１３２,2026-05-06,2026-05-11,05,多摩川,一般,４４１　１３３５１６２１,2026-04-26,2026-05-01,03,江戸川,一般,２　５１　　６３１　１３,4950,高岡 竜也,2026-06-25,2026-06-29,21,芦屋,一般,４１１　２３２２[６],2026-06-18,2026-06-21,04,平和島,一般,３１２５３　４２,2026-06-06,2026-06-10,24,大村,一般,５４２　５４３　１１,2026-05-23,2026-05-27,12,住之江,一般,２２２４１　１６１２,2026-05-08,2026-05-13,22,福岡,一般,５６２５５　２１１　１１,5122,相馬 翔,2026-06-21,2026-06-25,08,常滑,一般,３４６　６　５６６１,2026-06-03,2026-06-07,03,江戸川,一般,５　４６４F３４,2026-05-19,2026-05-24,01,桐生,一般,４３６　１４２　５６５４,2026-04-23,2026-04-28,23,からつ,一般,６　２１６　３１４５６２,2026-04-07,2026-04-13,24,大村,一般,３　５　２６６　３　４６５
202607131910,2026-07-13,19,10R,5299,西丸 敦基,2026-06-30,2026-07-05,23,からつ,一般,４６６　５　２２３２１３,2026-06-20,2026-06-25,15,丸亀,一般,１　１４２６２５６１[６],2026-05-31,2026-06-05,13,尼崎,一般,４１６　３４１　１５２３,2026-05-10,2026-05-15,16,児島,一般,４３４　４４３　３１４,2026-04-25,2026-04-30,15,丸亀,一般,４２２　２３４　１４６４,5226,藤田 俊祐,2026-06-27,2026-07-01,02,戸田,一般,４３５　４１３５２６,2026-06-18,2026-06-21,04,平和島,一般,６　２４３１６４,2026-02-17,2026-02-22,13,尼崎,一般,３２転,2026-02-04,2026-02-09,11,びわこ,一般,３４２　５５５２１　３１,2026-01-25,2026-01-28,20,若松,一般,２２１　３１[３],4231,鈴木 裕隆,2026-06-28,2026-07-03,20,若松,一般,２　３３１５３　１３１１,2026-06-11,2026-06-16,16,児島,一般,６　２５５４１　３　１３,2026-06-01,2026-06-04,24,大村,一般,２３　　４３３６,2026-05-20,2026-05-25,05,多摩川,一般,６６２　３１３３１　４２,2026-05-03,2026-05-08,08,常滑,一般,２　５６５２３　５４２,4654,篠田 優也,2026-06-28,2026-07-02,05,多摩川,一般,２１４２４　３３４１,2026-06-16,2026-06-21,09,津,一般,５１３　５４３　２５１,2026-05-31,2026-06-05,13,尼崎,一般,３３３１３　２４３４３３,2026-05-04,2026-05-09,13,尼崎,一般,２５３　４５３　２１５１,2026-04-23,2026-04-29,12,住之江,一般,１４３　１１１３２,5098,大江 純,2026-06-26,2026-07-02,24,大村,一般,６５２　３　２６５３４　６転,2026-06-18,2026-06-21,04,平和島,一般,３６３５４　１４,2026-05-26,2026-05-31,15,丸亀,ＧⅢ,４　１４１　４６２　６６,2026-05-11,2026-05-15,08,常滑,一般,６　２６６３２　３２,2026-04-30,2026-05-06,09,津,一般,３　３　５３３　２２５３,4226,村田 浩司,2026-06-28,2026-07-03,20,若松,一般,４３１　６　５６４　４３,2026-06-09,2026-06-13,07,蒲郡,一般,６３６　６５６　１３,2026-05-25,2026-05-30,17,宮島,一般,３　３３３　５５６４６,2026-05-10,2026-05-14,23,からつ,一般,４１６３３　３　５３,2026-04-27,2026-05-02,18,徳山,一般,５２６５２　４２２　３２
202607131911,2026-07-13,19,11R,5141,大澤 風葵,2026-06-27,2026-07-01,02,戸田,一般,６１４６,2026-06-17,2026-06-22,05,多摩川,一般,３２２　３１２１４１[４],2026-05-28,2026-06-02,01,桐生,一般,６１６　２５３　２１,2026-05-17,2026-05-23,15,丸亀,一般,１１１　２３５１１１４１[６],2026-04-09,2026-04-14,06,浜名湖,一般,６２２　２２４　１５３２,4633,森 智也,2026-06-25,2026-06-30,13,尼崎,一般,３１４　１２２２１２[３],2026-06-18,2026-06-21,04,平和島,一般,４　４５３１５５,2026-06-07,2026-06-11,05,多摩川,一般,４　５３４５３　３,2026-05-28,2026-06-02,01,桐生,一般,１５２６３３３　３,2026-05-09,2026-05-14,09,津,ＧⅢ,５　４３４　１５４　３３,5166,仲道 大輔,2026-07-01,2026-07-06,07,蒲郡,一般,３　２１１　２１３３[５],2026-06-24,2026-06-28,04,平和島,一般,２６１２３３２４,2026-06-11,2026-06-16,03,江戸川,一般,３３２　２１１　２４１１,2026-05-31,2026-06-05,20,若松,一般,６６５４５,2026-05-17,2026-05-23,15,丸亀,一般,６６,4498,宮本 夏樹,2026-06-29,2026-07-04,08,常滑,一般,３　２６２　５６２２２５,2026-06-19,2026-06-24,11,びわこ,一般,４６４　６　２４２　５２,2026-05-29,2026-06-02,14,鳴門,一般,５３５　６４１　５３,2026-05-19,2026-05-24,01,桐生,一般,６　４５６　６６３　４５,2026-05-07,2026-05-11,24,大村,一般,２転１１５４１３１４,4375,照屋 厚仁,2026-06-26,2026-07-02,24,大村,一般,３　４３４　３６転１４　１５,2026-06-16,2026-06-21,18,徳山,ＧⅢ,５１３　１４５３１４６６,2026-05-31,2026-06-05,20,若松,一般,１　５３１４３　３３４２,2026-05-20,2026-05-25,09,津,一般,２　５５１　４３６１５３,2026-05-04,2026-05-09,13,尼崎,一般,２　２６３２４　４　１６,4640,山ノ内 雅人,2026-06-26,2026-07-02,24,大村,一般,４３４　１４３　１４１５２４,2026-06-16,2026-06-21,09,津,一般,２　１３１５４２２４２３,2026-06-05,2026-06-10,01,桐生,一般,２１３５３　３　２２[５],2026-05-27,2026-05-31,18,徳山,一般,３　３４５１５　１３,2026-05-09,2026-05-14,11,びわこ,一般,１２６３２２２　５２[４]
202607131912,2026-07-13,19,12R,5139,大場 恒季,2026-06-30,2026-07-05,23,からつ,一般,２　２４１３１５１２[２],2026-06-19,2026-06-24,11,びわこ,一般,１３２　３３５２１４１２,2026-06-07,2026-06-11,05,多摩川,一般,３５４２２１２１[６],2026-05-29,2026-06-02,14,鳴門,一般,４　１５４３２２[F],2026-05-17,2026-05-23,15,丸亀,一般,２　３４１３２４２２３６２２,4953,尾上 雅也,2026-06-23,2026-06-28,07,蒲郡,一般,３５３３１１１２１３２１,2026-06-14,2026-06-18,01,桐生,一般,４４１１２４１６２６,2026-05-30,2026-06-03,12,住之江,一般,２６２４１　３４１４,2026-05-15,2026-05-20,21,芦屋,ＧⅠ,６　２　６２１　転６４,2026-05-03,2026-05-08,04,平和島,一般,転　４２４３１３１２[４],4535,北山 康介,2026-06-25,2026-06-30,13,尼崎,一般,１２２　２１２４４１[２],2026-06-16,2026-06-21,18,徳山,ＧⅢ,４２１４２２１　２２[６],2026-06-06,2026-06-10,24,大村,一般,２４１１F　２　３,2026-05-25,2026-05-31,03,江戸川,一般,３　１１１　１１　　４１[２],2026-05-15,2026-05-20,20,若松,一般,５１３　３３３　１１[２],3898,平田 忠則,2026-06-26,2026-07-02,24,大村,一般,４　２２２１１２５１３１[１],2026-06-17,2026-06-22,17,宮島,ＧⅢ,２３４２３　２２１３３３,2026-06-03,2026-06-07,07,蒲郡,一般,４３１４２１[２],2026-05-23,2026-05-27,12,住之江,一般,３２１１４　２１[１],2026-05-12,2026-05-15,18,徳山,一般,２２１５３２[５],5216,長谷川 晴哉,2026-06-29,2026-07-04,08,常滑,一般,１１３　１１４５１３３１,2026-06-20,2026-06-25,15,丸亀,一般,５５１　４２２３５５１４,2026-06-02,2026-06-08,10,三国,一般,６　４３２３２３１　３５,2026-05-22,2026-05-27,13,尼崎,一般,１　２３４２２　１５２５,2026-05-13,2026-05-18,19,下関,一般,４２３　２５１　１４３４,4388,是澤 孝宏,2026-06-24,2026-06-29,03,江戸川,一般,２３１　４２２　２５１６,2026-06-15,2026-06-20,21,芦屋,一般,１３３転１３４　２５４３,2026-06-03,2026-06-07,07,蒲郡,一般,３３１　４２[３],2026-05-20,2026-05-25,11,びわこ,ＧⅡ,５　２５５　２　５５２,2026-05-11,2026-05-16,03,江戸川,ＧⅡ,４　５　５　５１５　６
202607132201,2026-07-13,22,01R,4504,前田 将太,2026-07-02,2026-07-06,21,芦屋,一般,３４３２２２２５１３,2026-06-23,2026-06-28,14,鳴門,ＳＧ,１　６５６　３　６４６,2026-06-11,2026-06-16,16,児島,一般,２５２　２２３１２１[４],2026-05-28,2026-06-02,01,桐生,一般,１１２２２１３１[１],2026-05-15,2026-05-20,21,芦屋,ＧⅠ,３　４　５２１　２　[６],5138,村本 大成,2026-06-25,2026-06-29,21,芦屋,一般,５　３２３　２４５２,2026-06-07,2026-06-12,09,津,一般,４　６６３　４５３　６３,2026-05-01,2026-05-06,20,若松,一般,６５５　４　６　３　１６,2026-04-18,2026-04-23,24,大村,一般,３４３　４３５　２　３２,2026-03-26,2026-03-31,19,下関,一般,５６５　６５３　５　６５,5284,嘉手苅 徹哉,2026-06-26,2026-07-02,24,大村,一般,３６欠２５　２　６５５５５３,2026-06-03,2026-06-08,21,芦屋,一般,６　３６５　４４４　６転,2026-05-19,2026-05-23,16,児島,一般,４　２５１５６　４３,2026-04-29,2026-05-04,22,福岡,一般,３　５４２　２４２　５５,2026-04-16,2026-04-21,21,芦屋,一般,６６３　５５６　３　３,5101,表 健太,2026-05-29,2026-06-03,11,びわこ,一般,３５５　５　４５３　４３,2026-05-12,2026-05-16,04,平和島,一般,４　６３５　転６,2026-04-25,2026-04-30,06,浜名湖,一般,６４４　５５６　５　５F,2026-04-16,2026-04-20,12,住之江,一般,４　２４４　５６３,2026-03-06,2026-03-12,01,桐生,一般,６　５４　　３　４５１５２５,5053,山口 広樹,2026-06-04,2026-06-08,08,常滑,一般,１　２４６２４４４２,2026-05-19,2026-05-23,16,児島,一般,６５３　６　１６２６,2026-05-01,2026-05-06,20,若松,一般,F６６　６　５　不６６,2026-04-22,2026-04-25,14,鳴門,一般,５３３　２５３,2026-03-10,2026-03-15,22,福岡,一般,３　４２６６３　５４５３,5337,出畑 孝成,2026-06-30,2026-07-04,19,下関,一般,　　　　　　３６４１,2026-06-25,2026-06-29,18,徳山,一般,５６２　４　４５２,2026-06-11,2026-06-16,03,江戸川,一般,５　１２落６２　４４４３,2026-05-22,2026-05-27,13,尼崎,一般,５　５６６　５４５　５,2026-05-08,2026-05-13,22,福岡,一般,３２５　２５３　２５４
202607132202,2026-07-13,22,02R,4684,楠原 翔太,2026-06-28,2026-07-03,20,若松,一般,５２６１３　３　３１６,2026-06-17,2026-06-20,07,蒲郡,一般,４　転５５３３５,2026-06-03,2026-06-08,21,芦屋,一般,２　１６３５３２１６３４,2026-05-19,2026-05-24,08,常滑,一般,６　４３４　４４５　１３,2026-05-10,2026-05-14,23,からつ,一般,４　１６３５１　１２,4551,三川 昂暁,2026-06-29,2026-07-03,11,びわこ,一般,２６５,2026-06-21,2026-06-25,08,常滑,一般,５２１４３　４４２３,2026-06-12,2026-06-17,19,下関,一般,１　１６２５１　２５４３,2026-05-23,2026-05-28,10,三国,一般,５２２５１４２　４５２５,2026-05-10,2026-05-15,16,児島,一般,６　３２２２２３２４２６,5210,藤井 公人,2026-07-02,2026-07-06,21,芦屋,一般,４　２１２４１３４１,2026-06-22,2026-06-27,23,からつ,一般,転　６４１１４　４３５１,2026-06-12,2026-06-17,19,下関,一般,４４３　５　１６３２２,2026-05-25,2026-05-31,07,蒲郡,一般,３５６　６　１５１　６　１２,2026-05-12,2026-05-15,18,徳山,一般,２６２　２　３４,4395,下河 雅史,2026-06-30,2026-07-04,19,下関,一般,５４１　２３３５３２,2026-06-20,2026-06-25,06,浜名湖,一般,６５４　２３２　５　４３,2026-05-31,2026-06-05,13,尼崎,一般,３４１　５５５　６４５４,2026-05-12,2026-05-16,01,桐生,一般,２３２　２４４５２２,2026-05-01,2026-05-06,23,からつ,一般,３　１６４２６　４４エ３,5409,宮本 琉正,2026-06-25,2026-06-29,21,芦屋,一般,５　４６６　６４５,2026-06-06,2026-06-10,24,大村,一般,６　４　１５４　６４,2026-04-29,2026-05-04,22,福岡,一般,６　６　転６６　６６６,2026-04-17,2026-04-20,23,からつ,一般,５３６　４　５６,2026-03-28,2026-04-02,24,大村,一般,５　６５４　５５６　F３,5392,安武 一也,2026-06-28,2026-07-03,20,若松,一般,５　６エ６　６　６６６,2026-06-15,2026-06-20,21,芦屋,一般,　　　　　　　　６６６６,2026-06-01,2026-06-04,24,大村,一般,６　６　６　６６,2026-05-17,2026-05-23,15,丸亀,一般,４　６６５　６６６　４　５４,2026-05-06,2026-05-10,21,芦屋,一般,　　　　　　　　６６
202607132203,2026-07-13,22,03R,4151,下河 誉史,2026-06-25,2026-06-30,01,桐生,ＧⅢ,５５５　１５５　５　１５,2026-06-11,2026-06-15,20,若松,一般,１５不　４６,2026-05-28,2026-05-31,02,戸田,一般,５２６　３　不欠,2026-05-12,2026-05-16,04,平和島,一般,２　４４４５４　５３,2026-04-25,2026-04-30,21,芦屋,一般,６３４　３　６４３　３２,5152,丸山 祐也,2026-06-26,2026-07-01,17,宮島,一般,２　５４６５３６３　４４,2026-06-16,2026-06-21,09,津,一般,６　４６５,2026-05-31,2026-06-05,20,若松,一般,４５４　４　３６６　６３,2026-05-16,2026-05-19,06,浜名湖,一般,４４５５６　１５,2026-04-20,2026-04-23,11,びわこ,一般,４３６　４　５５,4351,里岡 右貴,2026-06-24,2026-06-29,09,津,一般,３２４F３１４　３　４,2026-06-15,2026-06-20,21,芦屋,一般,１２１４２　２４３１[１],2026-06-05,2026-06-10,18,徳山,一般,１１１２３　１３１１[３],2026-05-25,2026-05-31,07,蒲郡,一般,４３１４４５２　３６１３１２,2026-05-09,2026-05-14,11,びわこ,一般,１６３３５５１２１１[２],5263,花田 凱成,2026-06-28,2026-07-01,10,三国,一般,３１５　４６３６,2026-06-11,2026-06-16,03,江戸川,一般,２　６６２　４６２　２５,2026-05-29,2026-06-02,23,からつ,一般,４５４　６６４　３２,2026-05-13,2026-05-18,19,下関,一般,５　３４３　４３６５４,2026-04-25,2026-04-30,21,芦屋,一般,５　５５６３６　４　５,4632,長尾 京志郎,2026-06-30,2026-07-05,23,からつ,一般,　　　　　　　　　　２２,2026-06-24,2026-06-29,03,江戸川,一般,５６２　３５２　６１４,2026-06-18,2026-06-21,20,若松,一般,２　３３３５１２,2026-06-06,2026-06-10,24,大村,一般,２２６　４　５３５,2026-05-14,2026-05-19,02,戸田,一般,３３５　３６４　４　２６,5382,山下 心一,2026-06-28,2026-07-03,20,若松,一般,６６４　６　６欠６　５,2026-06-15,2026-06-20,21,芦屋,一般,　　　　　　　　６６３６,2026-06-09,2026-06-14,23,からつ,一般,４　６３妨４６　落６５,2026-05-13,2026-05-18,19,下関,一般,４　３６６　４６２　６５,2026-04-29,2026-05-04,22,福岡,一般,転６５　５４６　５　落
202607132204,2026-07-13,22,04R,5209,小野 京平,2026-06-28,2026-07-03,20,若松,一般,６　４４５　４５４　３,2026-05-22,2026-05-26,23,からつ,一般,５　５５５　４４２２,2026-04-25,2026-04-30,21,芦屋,一般,６５３　６　３５６　４,2026-04-10,2026-04-15,17,宮島,一般,F１６　４　５　６　５,2026-03-15,2026-03-20,03,江戸川,一般,６　５２５　５３４　６１,4474,渡辺 崇,2026-06-25,2026-06-30,01,桐生,ＧⅢ,１３５５６　４　転欠,2026-06-11,2026-06-15,20,若松,一般,４　１６２５１４２５,2026-05-29,2026-06-02,14,鳴門,一般,５２１　５３３　４３,2026-05-12,2026-05-16,04,平和島,一般,１　５２２１５５２２,2026-05-02,2026-05-07,16,児島,一般,３５３　１１５　２　１４,4789,古賀 智之,2026-06-20,2026-06-25,06,浜名湖,一般,４４１　５３５　２２１２,2026-06-11,2026-06-15,20,若松,一般,５　５１３６２　６３,2026-05-31,2026-06-05,13,尼崎,一般,５　２不３６３２２５１４,2026-05-23,2026-05-27,12,住之江,一般,３６３　２４３　１３,2026-05-06,2026-05-10,21,芦屋,一般,１２５１２　１３４１,4736,高倉 和士,2026-06-25,2026-06-30,01,桐生,ＧⅢ,１３２２４　１３５１[４],2026-06-16,2026-06-21,09,津,一般,１エ１　１２１２３１[１],2026-05-31,2026-06-05,13,尼崎,一般,４４１１２　２２３１[１],2026-05-15,2026-05-20,21,芦屋,ＧⅠ,４１５　６　６２３　６１,2026-05-05,2026-05-09,18,徳山,一般,３４１２３２６３２１,4329,小松 卓司,2026-06-25,2026-06-29,18,徳山,一般,５２２　４６２　２５,2026-06-11,2026-06-15,20,若松,一般,５　４４１６２　５５,2026-05-28,2026-06-02,01,桐生,一般,１　４５３４２　４５,2026-05-09,2026-05-14,11,びわこ,一般,４３２　４６２　５３５,2026-04-23,2026-04-28,16,児島,一般,５　４１６６３　３３６４,4301,関 裕也,2026-06-22,2026-06-27,23,からつ,一般,４４５,2026-06-11,2026-06-16,10,三国,一般,４　３１４３６　６２５,2026-05-27,2026-05-31,18,徳山,一般,３　５５２　４３５,2026-05-08,2026-05-13,22,福岡,一般,４３エ　３　５２３　２６,2026-04-16,2026-04-21,08,常滑,一般,１　５４３３５　３１４４
202607132205,2026-07-13,22,05R,5237,永松 良教,2026-06-30,2026-07-04,19,下関,一般,６６２　２２６　１３,2026-06-20,2026-06-25,15,丸亀,一般,２３５　３４１　１３３３,2026-06-06,2026-06-10,06,浜名湖,一般,４　２２１６１５４６,2026-05-22,2026-05-26,23,からつ,一般,６　３５４４６５４,2026-02-08,2026-02-11,20,若松,一般,６　５６５　５,4403,木下 大將,2026-06-25,2026-06-30,01,桐生,ＧⅢ,２　１４３４１５４６２３,2026-06-11,2026-06-16,16,児島,一般,４　２３２　６４４　１１,2026-05-27,2026-06-01,08,常滑,一般,３３２　１１３２１２[４],2026-05-14,2026-05-19,02,戸田,一般,１　１２４５３２２３６５,2026-05-01,2026-05-06,20,若松,一般,２４６　１　３１１４１３,4952,吉武 真也,2026-06-24,2026-06-29,03,江戸川,一般,２　２３４　５６１　２５,2026-06-10,2026-06-13,14,鳴門,一般,不３３　２３４,2026-05-25,2026-05-31,03,江戸川,一般,５３４　４４１　５　５４６１,2026-05-11,2026-05-15,08,常滑,一般,６４３　３３２　５４,2026-04-23,2026-04-28,23,からつ,一般,６４６　５　４１２４５,5240,高橋 龍治,2026-06-24,2026-06-29,09,津,一般,１４３　２５２６１６２６,2026-06-10,2026-06-13,14,鳴門,一般,３　６４５６１,2026-05-01,2026-05-06,23,からつ,一般,２４４　５　２２５４１５,2026-04-09,2026-04-14,06,浜名湖,一般,２５３　１６５　４落５,2026-03-16,2026-03-21,01,桐生,一般,F４６　４　５　４　３,4506,稗田 聖也,2026-07-03,2026-07-06,09,津,一般,１５４２３　３６,2026-06-21,2026-06-24,19,下関,一般,１４２　２６１５,2026-06-05,2026-06-10,01,桐生,一般,１５３　６１１　４３１６,2026-05-16,2026-05-21,14,鳴門,一般,５　２２１３４２５３４１,2026-04-25,2026-04-30,21,芦屋,一般,１　１２４　２６２３３１,4679,植田 太一,2026-06-25,2026-06-30,13,尼崎,一般,４１４　２６４２１４１６,2026-06-12,2026-06-17,19,下関,一般,２　５２３１３２１５２２,2026-06-03,2026-06-07,03,江戸川,一般,３　４４３１５４,2026-05-19,2026-05-24,08,常滑,一般,１６４　１６６３１　２４,2026-05-10,2026-05-14,23,からつ,一般,１４２　１４３３[６]
202607132206,2026-07-13,22,06R,5101,表 健太,2026-05-29,2026-06-03,11,びわこ,一般,３５５　５　４５３　４３,2026-05-12,2026-05-16,04,平和島,一般,４　６３５　転６,2026-04-25,2026-04-30,06,浜名湖,一般,６４４　５５６　５　５F,2026-04-16,2026-04-20,12,住之江,一般,４　２４４　５６３,2026-03-06,2026-03-12,01,桐生,一般,６　５４　　３　４５１５２５,4958,溝口 海義也,2026-07-02,2026-07-06,21,芦屋,一般,１５３４２１１１[２],2026-06-21,2026-06-25,08,常滑,一般,３４２　１５５３５３,2026-06-11,2026-06-15,20,若松,一般,３３１　３２１２[１],2026-05-31,2026-06-05,13,尼崎,一般,４４５１２　４４３４２３,2026-05-20,2026-05-25,11,びわこ,ＧⅡ,６　４　３４５　３５６,4330,奈須 啓太,2026-06-29,2026-07-03,11,びわこ,一般,４４２５１　３５３３,2026-06-09,2026-06-13,07,蒲郡,一般,１１１　５３２３３１,2026-05-26,2026-05-31,15,丸亀,ＧⅢ,５３６２１　５２,2026-05-11,2026-05-14,12,住之江,一般,２　１３６２[６],2026-05-01,2026-05-06,20,若松,一般,２　１３２　４２３２[２],4204,柴田 大輔,2026-06-29,2026-07-03,11,びわこ,一般,２１１　１４２３３１,2026-06-21,2026-06-24,19,下関,一般,５４３　１　４４,2026-05-16,2026-05-19,06,浜名湖,一般,４　２１４１４４,2026-05-02,2026-05-07,16,児島,一般,３　４４１　４６４　１４,2026-04-23,2026-04-28,23,からつ,一般,１F５　５　５　５　５,4864,小川 日紀太,2026-06-29,2026-07-03,11,びわこ,一般,１　３５４３２５１４,2026-06-21,2026-06-24,10,三国,一般,４３２　２３４１,2026-06-06,2026-06-10,06,浜名湖,一般,５　５６３　３２５４,2026-05-19,2026-05-24,08,常滑,一般,６５５　２４３　４　４４,2026-05-02,2026-05-07,16,児島,一般,２　５５４　６４６　４６,5409,宮本 琉正,2026-06-25,2026-06-29,21,芦屋,一般,５　４６６　６４５,2026-06-06,2026-06-10,24,大村,一般,６　４　１５４　６４,2026-04-29,2026-05-04,22,福岡,一般,６　６　転６６　６６６,2026-04-17,2026-04-20,23,からつ,一般,５３６　４　５６,2026-03-28,2026-04-02,24,大村,一般,５　６５４　５５６　F３
202607132207,2026-07-13,22,07R,5239,上野 俊樹,2026-06-25,2026-06-30,01,桐生,ＧⅢ,１　１３２３２３５２[６],2026-06-09,2026-06-14,11,びわこ,一般,４　４６５　６３３　４４,2026-04-24,2026-04-28,07,蒲郡,一般,３３１　欠欠,2026-04-17,2026-04-20,23,からつ,一般,１　４３２５転３,2026-03-25,2026-03-30,04,平和島,一般,１１２１４　F２６　３,4256,渡辺 浩司,2026-06-23,2026-06-28,14,鳴門,ＳＧ,６　６５２　３　４６３,2026-06-08,2026-06-13,13,尼崎,ＧⅠ,３５１　３　３３３　１３,2026-05-30,2026-06-03,12,住之江,一般,２２２１４　２１[３],2026-05-22,2026-05-26,23,からつ,一般,１１３３１　２２[１],2026-05-06,2026-05-10,21,芦屋,一般,３１３３１２３１[１],4522,古澤 光紀,2026-06-29,2026-07-03,11,びわこ,一般,３３５３１４６６１３,2026-06-17,2026-06-22,13,尼崎,一般,１３４６２　１５１４２２,2026-06-09,2026-06-13,07,蒲郡,一般,１６１２２４１２[６],2026-05-29,2026-06-02,23,からつ,一般,２　１２４５転４２４,2026-05-21,2026-05-24,19,下関,一般,２６５欠,5053,山口 広樹,2026-06-04,2026-06-08,08,常滑,一般,１　２４６２４４４２,2026-05-19,2026-05-23,16,児島,一般,６５３　６　１６２６,2026-05-01,2026-05-06,20,若松,一般,F６６　６　５　不６６,2026-04-22,2026-04-25,14,鳴門,一般,５３３　２５３,2026-03-10,2026-03-15,22,福岡,一般,３　４２６６３　５４５３,5392,安武 一也,2026-06-28,2026-07-03,20,若松,一般,５　６エ６　６　６６６,2026-06-15,2026-06-20,21,芦屋,一般,　　　　　　　　６６６６,2026-06-01,2026-06-04,24,大村,一般,６　６　６　６６,2026-05-17,2026-05-23,15,丸亀,一般,４　６６５　６６６　４　５４,2026-05-06,2026-05-10,21,芦屋,一般,　　　　　　　　６６,4232,笠 雅雄,2026-06-28,2026-07-03,20,若松,一般,２５１　４４３　１３１,2026-06-11,2026-06-16,16,児島,一般,５４１　６２３　１４２,2026-06-03,2026-06-07,03,江戸川,一般,５２３　５６１３,2026-05-15,2026-05-20,20,若松,一般,４４５　３　１３２４４,2026-04-26,2026-05-01,24,大村,一般,３　３３２４３　１２１５
202607132208,2026-07-13,22,08R,4861,田中 宏樹,2026-06-26,2026-07-01,17,宮島,一般,３３３　２４１２３４１２,2026-06-15,2026-06-20,21,芦屋,一般,３２４１６　３３４６３４,2026-05-25,2026-05-31,07,蒲郡,一般,５　２６５　落欠,2026-05-12,2026-05-15,18,徳山,一般,４　４４４５２,2026-04-25,2026-04-30,21,芦屋,一般,５１３　３６４　５６２,4314,青木 幸太郎,2026-06-25,2026-06-29,21,芦屋,一般,１　３４１２５３５１,2026-06-17,2026-06-20,07,蒲郡,一般,３２１６５２[６],2026-06-06,2026-06-10,06,浜名湖,一般,５　３６３１１　１６,2026-05-27,2026-05-31,18,徳山,一般,２６１　３４１５１５,2026-05-10,2026-05-14,23,からつ,一般,３５１３４　２３３２,4301,関 裕也,2026-06-22,2026-06-27,23,からつ,一般,４４５,2026-06-11,2026-06-16,10,三国,一般,４　３１４３６　６２５,2026-05-27,2026-05-31,18,徳山,一般,３　５５２　４３５,2026-05-08,2026-05-13,22,福岡,一般,４３エ　３　５２３　２６,2026-04-16,2026-04-21,08,常滑,一般,１　５４３３５　３１４４,4551,三川 昂暁,2026-06-29,2026-07-03,11,びわこ,一般,２６５,2026-06-21,2026-06-25,08,常滑,一般,５２１４３　４４２３,2026-06-12,2026-06-17,19,下関,一般,１　１６２５１　２５４３,2026-05-23,2026-05-28,10,三国,一般,５２２５１４２　４５２５,2026-05-10,2026-05-15,16,児島,一般,６　３２２２２３２４２６,5337,出畑 孝成,2026-06-30,2026-07-04,19,下関,一般,　　　　　　３６４１,2026-06-25,2026-06-29,18,徳山,一般,５６２　４　４５２,2026-06-11,2026-06-16,03,江戸川,一般,５　１２落６２　４４４３,2026-05-22,2026-05-27,13,尼崎,一般,５　５６６　５４５　５,2026-05-08,2026-05-13,22,福岡,一般,３２５　２５３　２５４,5152,丸山 祐也,2026-06-26,2026-07-01,17,宮島,一般,２　５４６５３６３　４４,2026-06-16,2026-06-21,09,津,一般,６　４６５,2026-05-31,2026-06-05,20,若松,一般,４５４　４　３６６　６３,2026-05-16,2026-05-19,06,浜名湖,一般,４４５５６　１５,2026-04-20,2026-04-23,11,びわこ,一般,４３６　４　５５
202607132209,2026-07-13,22,09R,5210,藤井 公人,2026-07-02,2026-07-06,21,芦屋,一般,４　２１２４１３４１,2026-06-22,2026-06-27,23,からつ,一般,転　６４１１４　４３５１,2026-06-12,2026-06-17,19,下関,一般,４４３　５　１６３２２,2026-05-25,2026-05-31,07,蒲郡,一般,３５６　６　１５１　６　１２,2026-05-12,2026-05-15,18,徳山,一般,２６２　２　３４,4506,稗田 聖也,2026-07-03,2026-07-06,09,津,一般,１５４２３　３６,2026-06-21,2026-06-24,19,下関,一般,１４２　２６１５,2026-06-05,2026-06-10,01,桐生,一般,１５３　６１１　４３１６,2026-05-16,2026-05-21,14,鳴門,一般,５　２２１３４２５３４１,2026-04-25,2026-04-30,21,芦屋,一般,１　１２４　２６２３３１,4151,下河 誉史,2026-06-25,2026-06-30,01,桐生,ＧⅢ,５５５　１５５　５　１５,2026-06-11,2026-06-15,20,若松,一般,１５不　４６,2026-05-28,2026-05-31,02,戸田,一般,５２６　３　不欠,2026-05-12,2026-05-16,04,平和島,一般,２　４４４５４　５３,2026-04-25,2026-04-30,21,芦屋,一般,６３４　３　６４３　３２,5209,小野 京平,2026-06-28,2026-07-03,20,若松,一般,６　４４５　４５４　３,2026-05-22,2026-05-26,23,からつ,一般,５　５５５　４４２２,2026-04-25,2026-04-30,21,芦屋,一般,６５３　６　３５６　４,2026-04-10,2026-04-15,17,宮島,一般,F１６　４　５　６　５,2026-03-15,2026-03-20,03,江戸川,一般,６　５２５　５３４　６１,4504,前田 将太,2026-07-02,2026-07-06,21,芦屋,一般,３４３２２２２５１３,2026-06-23,2026-06-28,14,鳴門,ＳＧ,１　６５６　３　６４６,2026-06-11,2026-06-16,16,児島,一般,２５２　２２３１２１[４],2026-05-28,2026-06-02,01,桐生,一般,１１２２２１３１[１],2026-05-15,2026-05-20,21,芦屋,ＧⅠ,３　４　５２１　２　[６],5351,齊藤 廉,2026-06-27,2026-07-01,02,戸田,一般,３　５２３１２　１５,2026-06-11,2026-06-16,03,江戸川,一般,２　３５６　５転５　３２,2026-05-24,2026-05-28,21,芦屋,一般,３　４５５　２１２６,2026-05-13,2026-05-18,19,下関,一般,１４５　２６４４６　５,2026-04-29,2026-05-04,22,福岡,一般,転５６　３　１６４　４２
202607132210,2026-07-13,22,10R,4288,永田 啓二,2026-06-25,2026-06-29,21,芦屋,一般,２１１１１１３１[１],2026-06-18,2026-06-21,20,若松,一般,５１１１５３４１,2026-06-06,2026-06-10,24,大村,一般,２１４　２１３１[２],2026-05-25,2026-05-30,17,宮島,一般,２６１１１　２４４１[３],2026-05-09,2026-05-14,09,津,ＧⅢ,４４１　２２３１１２[４],4588,田中 京介,2026-06-28,2026-07-03,20,若松,一般,３　６６６　２２１　６４,2026-06-18,2026-06-21,04,平和島,一般,１５３　６６３３,2026-06-05,2026-06-10,18,徳山,一般,５５３　２２２５６４２３,2026-05-26,2026-05-31,15,丸亀,ＧⅢ,６　１４３５３５２　５２,2026-05-10,2026-05-14,23,からつ,一般,１　１５１５３４４３,4329,小松 卓司,2026-06-25,2026-06-29,18,徳山,一般,５２２　４６２　２５,2026-06-11,2026-06-15,20,若松,一般,５　４４１６２　５５,2026-05-28,2026-06-02,01,桐生,一般,１　４５３４２　４５,2026-05-09,2026-05-14,11,びわこ,一般,４３２　４６２　５３５,2026-04-23,2026-04-28,16,児島,一般,５　４１６６３　３３６４,5237,永松 良教,2026-06-30,2026-07-04,19,下関,一般,６６２　２２６　１３,2026-06-20,2026-06-25,15,丸亀,一般,２３５　３４１　１３３３,2026-06-06,2026-06-10,06,浜名湖,一般,４　２２１６１５４６,2026-05-22,2026-05-26,23,からつ,一般,６　３５４４６５４,2026-02-08,2026-02-11,20,若松,一般,６　５６５　５,4236,松村 敏,2026-06-28,2026-07-03,20,若松,一般,３３２　１１１２５１[２],2026-06-16,2026-06-21,09,津,一般,１１４２２　３１４１[６],2026-06-05,2026-06-10,18,徳山,一般,６　２６１１４１２３２２,2026-05-27,2026-06-01,08,常滑,一般,４６２２１５１４６３１１,2026-04-29,2026-05-04,22,福岡,一般,１２３　２１転４２３３１,5284,嘉手苅 徹哉,2026-06-26,2026-07-02,24,大村,一般,３６欠２５　２　６５５５５３,2026-06-03,2026-06-08,21,芦屋,一般,６　３６５　４４４　６転,2026-05-19,2026-05-23,16,児島,一般,４　２５１５６　４３,2026-04-29,2026-05-04,22,福岡,一般,３　５４２　２４２　５５,2026-04-16,2026-04-21,21,芦屋,一般,６６３　５５６　３　３
202607132211,2026-07-13,22,11R,4736,高倉 和士,2026-06-25,2026-06-30,01,桐生,ＧⅢ,１３２２４　１３５１[４],2026-06-16,2026-06-21,09,津,一般,１エ１　１２１２３１[１],2026-05-31,2026-06-05,13,尼崎,一般,４４１１２　２２３１[１],2026-05-15,2026-05-20,21,芦屋,ＧⅠ,４１５　６　６２３　６１,2026-05-05,2026-05-09,18,徳山,一般,３４１２３２６３２１,4330,奈須 啓太,2026-06-29,2026-07-03,11,びわこ,一般,４４２５１　３５３３,2026-06-09,2026-06-13,07,蒲郡,一般,１１１　５３２３３１,2026-05-26,2026-05-31,15,丸亀,ＧⅢ,５３６２１　５２,2026-05-11,2026-05-14,12,住之江,一般,２　１３６２[６],2026-05-01,2026-05-06,20,若松,一般,２　１３２　４２３２[２],4679,植田 太一,2026-06-25,2026-06-30,13,尼崎,一般,４１４　２６４２１４１６,2026-06-12,2026-06-17,19,下関,一般,２　５２３１３２１５２２,2026-06-03,2026-06-07,03,江戸川,一般,３　４４３１５４,2026-05-19,2026-05-24,08,常滑,一般,１６４　１６６３１　２４,2026-05-10,2026-05-14,23,からつ,一般,１４２　１４３３[６],5138,村本 大成,2026-06-25,2026-06-29,21,芦屋,一般,５　３２３　２４５２,2026-06-07,2026-06-12,09,津,一般,４　６６３　４５３　６３,2026-05-01,2026-05-06,20,若松,一般,６５５　４　６　３　１６,2026-04-18,2026-04-23,24,大村,一般,３４３　４３５　２　３２,2026-03-26,2026-03-31,19,下関,一般,５６５　６５３　５　６５,4256,渡辺 浩司,2026-06-23,2026-06-28,14,鳴門,ＳＧ,６　６５２　３　４６３,2026-06-08,2026-06-13,13,尼崎,ＧⅠ,３５１　３　３３３　１３,2026-05-30,2026-06-03,12,住之江,一般,２２２１４　２１[３],2026-05-22,2026-05-26,23,からつ,一般,１１３３１　２２[１],2026-05-06,2026-05-10,21,芦屋,一般,３１３３１２３１[１],4395,下河 雅史,2026-06-30,2026-07-04,19,下関,一般,５４１　２３３５３２,2026-06-20,2026-06-25,06,浜名湖,一般,６５４　２３２　５　４３,2026-05-31,2026-06-05,13,尼崎,一般,３４１　５５５　６４５４,2026-05-12,2026-05-16,01,桐生,一般,２３２　２４４５２２,2026-05-01,2026-05-06,23,からつ,一般,３　１６４２６　４４エ３
202607132212,2026-07-13,22,12R,4351,里岡 右貴,2026-06-24,2026-06-29,09,津,一般,３２４F３１４　３　４,2026-06-15,2026-06-20,21,芦屋,一般,１２１４２　２４３１[１],2026-06-05,2026-06-10,18,徳山,一般,１１１２３　１３１１[３],2026-05-25,2026-05-31,07,蒲郡,一般,４３１４４５２　３６１３１２,2026-05-09,2026-05-14,11,びわこ,一般,１６３３５５１２１１[２],4522,古澤 光紀,2026-06-29,2026-07-03,11,びわこ,一般,３３５３１４６６１３,2026-06-17,2026-06-22,13,尼崎,一般,１３４６２　１５１４２２,2026-06-09,2026-06-13,07,蒲郡,一般,１６１２２４１２[６],2026-05-29,2026-06-02,23,からつ,一般,２　１２４５転４２４,2026-05-21,2026-05-24,19,下関,一般,２６５欠,4861,田中 宏樹,2026-06-26,2026-07-01,17,宮島,一般,３３３　２４１２３４１２,2026-06-15,2026-06-20,21,芦屋,一般,３２４１６　３３４６３４,2026-05-25,2026-05-31,07,蒲郡,一般,５　２６５　落欠,2026-05-12,2026-05-15,18,徳山,一般,４　４４４５２,2026-04-25,2026-04-30,21,芦屋,一般,５１３　３６４　５６２,4958,溝口 海義也,2026-07-02,2026-07-06,21,芦屋,一般,１５３４２１１１[２],2026-06-21,2026-06-25,08,常滑,一般,３４２　１５５３５３,2026-06-11,2026-06-15,20,若松,一般,３３１　３２１２[１],2026-05-31,2026-06-05,13,尼崎,一般,４４５１２　４４３４２３,2026-05-20,2026-05-25,11,びわこ,ＧⅡ,６　４　３４５　３５６,4789,古賀 智之,2026-06-20,2026-06-25,06,浜名湖,一般,４４１　５３５　２２１２,2026-06-11,2026-06-15,20,若松,一般,５　５１３６２　６３,2026-05-31,2026-06-05,13,尼崎,一般,５　２不３６３２２５１４,2026-05-23,2026-05-27,12,住之江,一般,３６３　２４３　１３,2026-05-06,2026-05-10,21,芦屋,一般,１２５１２　１３４１,4403,木下 大將,2026-06-25,2026-06-30,01,桐生,ＧⅢ,２　１４３４１５４６２３,2026-06-11,2026-06-16,16,児島,一般,４　２３２　６４４　１１,2026-05-27,2026-06-01,08,常滑,一般,３３２　１１３２１２[４],2026-05-14,2026-05-19,02,戸田,一般,１　１２４５３２２３６５,2026-05-01,2026-05-06,20,若松,一般,２４６　１　３１１４１３
202607132301,2026-07-13,23,01R,5029,中 亮太,2026-06-26,2026-07-01,17,宮島,一般,１６１１２２２　１３２６,2026-06-17,2026-06-22,24,大村,ＧⅡ,４　２　３５１１２３４,2026-06-03,2026-06-07,07,蒲郡,一般,４１２６１４２１,2026-05-20,2026-05-25,11,びわこ,ＧⅡ,４　３２１　２　６　２４,2026-05-09,2026-05-14,09,津,ＧⅢ,４　２６３　２２２３２,5020,宮村 勇哉,2026-06-28,2026-07-02,05,多摩川,一般,２６３　１　３５４２,2026-06-16,2026-06-21,09,津,一般,５４４　３　１５３　３２,2026-05-29,2026-06-03,11,びわこ,一般,３　３３６５１　５５３６,2026-05-15,2026-05-20,20,若松,一般,１２５　５６１　１６６５,2026-04-23,2026-04-29,12,住之江,一般,６　１４２　２５２　１６５２,4969,町田 洸希,2026-06-28,2026-07-01,10,三国,一般,５５５　５　４３,2026-06-14,2026-06-17,12,住之江,一般,５　３２５２２６,2026-05-29,2026-06-02,14,鳴門,一般,６６４　３　３２４,2026-05-12,2026-05-15,18,徳山,一般,２　２２６５４４,2026-05-01,2026-05-06,23,からつ,一般,１　５１３１３４３６３５,3974,深山 祐二,2026-06-26,2026-07-01,17,宮島,一般,５　６５５　２２４２６,2026-06-18,2026-06-21,20,若松,一般,６５５　５　５３,2026-06-01,2026-06-05,19,下関,一般,４４２　１５４　２６,2026-05-19,2026-05-24,08,常滑,一般,３　５６５　５５４　５,2026-05-10,2026-05-14,23,からつ,一般,３　３４３１２４５４,5176,石倉 拓美,2026-06-25,2026-06-29,21,芦屋,一般,６　６,2026-06-11,2026-06-15,20,若松,一般,１５６　５５６　６４,2026-05-13,2026-05-18,19,下関,一般,６　１６６落６　６　５５,2026-02-22,2026-02-28,12,住之江,一般,６　６６６　５　５６５　６５,2026-01-31,2026-02-03,10,三国,一般,６６６　６　５６,4458,抹香 雄三,2026-07-03,2026-07-06,09,津,一般,１３５４４　５３,2026-06-28,2026-07-01,10,三国,一般,３　３６６１１,2026-06-19,2026-06-24,11,びわこ,一般,５　２５４　４６４　２２,2026-06-03,2026-06-07,03,江戸川,一般,１３１１４　[４],2026-05-16,2026-05-21,17,宮島,一般,１　３５６　１４４４２５
202607132302,2026-07-13,23,02R,4496,内堀 学,2026-06-28,2026-07-02,05,多摩川,一般,２３３６４４１　１３,2026-06-17,2026-06-22,13,尼崎,一般,１２２　１２２３１２[５],2026-06-06,2026-06-10,24,大村,一般,３３５　１３１５２５,2026-05-25,2026-05-30,17,宮島,一般,１２６３２　４４６５１１,2026-05-09,2026-05-14,11,びわこ,一般,５１３１２２２　５１[３],4439,近藤 友宝,2026-06-28,2026-07-03,20,若松,一般,６６４　４　３６６　５,2026-06-14,2026-06-17,12,住之江,一般,F　６６６　６,2026-05-27,2026-05-31,18,徳山,一般,３　２２６５１　３６,2026-05-06,2026-05-11,05,多摩川,一般,５４４　６　６２４５３,2026-04-25,2026-04-30,13,尼崎,一般,４　３３１５５　１６２５,4808,松尾 拓,2026-06-24,2026-06-29,09,津,一般,１４１４３　１１２２[６],2026-06-14,2026-06-18,01,桐生,一般,１２２　５３４５５３,2026-06-03,2026-06-07,03,江戸川,一般,６６３　６２４,2026-05-20,2026-05-25,05,多摩川,一般,４２５３１　２１４２[５],2026-05-11,2026-05-15,08,常滑,一般,１５１１１１３３３１,4390,松本 弓雄,2026-06-26,2026-07-01,17,宮島,一般,６６３　１６３６２　５２,2026-06-16,2026-06-21,09,津,一般,３　４２１　１６３２[５],2026-06-03,2026-06-07,03,江戸川,一般,６　３６６６,2026-05-17,2026-05-23,15,丸亀,一般,４　３３４　６６５　５　３４,2026-05-08,2026-05-13,14,鳴門,一般,転　２５４　５４５　３６,5469,今泉 博人,2026-06-22,2026-06-27,22,福岡,一般,６　６５６　落６６　４５,2026-05-31,2026-06-05,20,若松,一般,６６５　６　６６６　６,2026-05-10,2026-05-14,23,からつ,一般,５　５　６６５５６６,,,,,,,,,,,,,5312,川辺 郭人,2026-06-30,2026-07-05,23,からつ,一般,　　　　　　　　　　４６,2026-06-26,2026-07-02,24,大村,一般,６　６５３１４　３５３　６５,2026-06-11,2026-06-16,03,江戸川,一般,６　４５６３６　６４５５,2026-05-29,2026-06-02,14,鳴門,一般,３　３６５　３４２４,2026-05-10,2026-05-14,23,からつ,一般,１５３４６　１　５４
202607132303,2026-07-13,23,03R,4381,田路 朋史,2026-06-28,2026-07-02,05,多摩川,一般,２２１５１　６２[６],2026-05-31,2026-06-05,20,若松,一般,５６３　３３３　５４２,2026-05-16,2026-05-21,14,鳴門,一般,５６４２４　１１１５２５,2026-05-04,2026-05-09,13,尼崎,一般,３６１　６４４　１２４４,2026-04-24,2026-04-28,07,蒲郡,一般,１　４４１４２２[４],4251,川崎 誠志,2026-06-30,2026-07-05,06,浜名湖,一般,３５４　４５６　３　３２,2026-06-18,2026-06-21,20,若松,一般,５　３５３　３５,2026-06-01,2026-06-05,19,下関,一般,１３４　５４６　３４,2026-05-14,2026-05-18,10,三国,一般,６２１　６２６６３３,2026-04-27,2026-05-02,18,徳山,一般,５　５５６１６４５　２４,3268,森 竜也,2026-06-27,2026-07-01,02,戸田,一般,２２４　６２４　２４,2026-06-17,2026-06-22,13,尼崎,一般,６５１　５３６２４６１,2026-05-29,2026-06-04,09,津,ＧⅢ,４５１　２６６　６２４２,2026-05-20,2026-05-25,05,多摩川,一般,３　６２５５１　２６１２,2026-04-30,2026-05-06,09,津,一般,１２５　６　５　１６４４,4503,上野 真之介,2026-06-23,2026-06-28,14,鳴門,ＳＧ,３　２２４　落　２３２６,2026-06-13,2026-06-18,08,常滑,ＧⅠ,３３５　２３１　５　１４,2026-06-04,2026-06-09,17,宮島,ＧⅠ,１５１　２　５３３　１３,2026-05-26,2026-05-31,06,浜名湖,ＳＧ,４　１　３５１　１　[４],2026-05-15,2026-05-20,20,若松,一般,２１３　２３３１３２[３],4511,中岡 健人,2026-06-26,2026-07-01,17,宮島,一般,５　２４３２１３２４３４,2026-06-17,2026-06-22,13,尼崎,一般,５５６　３５４　５　３１,2026-05-28,2026-06-02,01,桐生,一般,５２３　５　５３１,2026-05-09,2026-05-14,11,びわこ,一般,５２４　６３１　２２５,2026-04-25,2026-04-30,15,丸亀,一般,３６２　１２３　３３[５],4894,原村 拓也,2026-07-03,2026-07-08,13,尼崎,一般,４５３　１５６　３　６４,2026-06-22,2026-06-27,23,からつ,一般,　　　　　　　　４６５２,2026-06-16,2026-06-21,09,津,一般,２　４５３　１５１４３５,2026-05-25,2026-05-31,07,蒲郡,一般,５６４　５４５　１　５　４５,2026-05-08,2026-05-13,14,鳴門,一般,４４５　４５５　５　６２
202607132304,2026-07-13,23,04R,3953,志道 吉和,2026-06-25,2026-06-29,21,芦屋,一般,６　５２５　５６６１,2026-06-18,2026-06-21,20,若松,一般,５　５６６　１４,2026-06-04,2026-06-08,08,常滑,一般,２　２２２３４４６５,2026-05-16,2026-05-21,14,鳴門,一般,５　６３５　６６６　６５,2026-01-15,2026-01-20,24,大村,一般,５　６２５　F３５　４,4394,永嶋 裕一,2026-06-22,2026-06-27,22,福岡,一般,２　３６６１１６２４１６,2026-06-13,2026-06-16,06,浜名湖,一般,２４２　３３１２,2026-06-04,2026-06-08,08,常滑,一般,３３１　２５１３２５,2026-05-25,2026-05-31,03,江戸川,一般,３　３３５　３１２　５落１４,2026-05-15,2026-05-18,13,尼崎,一般,４,4656,大崎 翔,2026-06-30,2026-07-04,19,下関,一般,４４３　３転４　４,2026-06-21,2026-06-26,16,児島,一般,５　２４６　２６,2026-06-03,2026-06-07,03,江戸川,一般,１１６３３　２１,2026-05-14,2026-05-19,02,戸田,一般,４４５　３２２　２５６,2026-05-04,2026-05-09,13,尼崎,一般,２４６　５　２１５３５５,4398,船岡 洋一郎,2026-06-25,2026-06-29,21,芦屋,一般,１５６２２１５４１２,2026-06-16,2026-06-21,18,徳山,ＧⅢ,５３４　２１１４４３４１,2026-06-04,2026-06-09,17,宮島,ＧⅠ,１　６１６　４２５　２６,2026-05-20,2026-05-25,11,びわこ,ＧⅡ,３２２　２　４３４　５２,2026-05-11,2026-05-14,12,住之江,一般,５　１３５４６５,4724,吉田 祐貴,2026-06-26,2026-07-02,24,大村,一般,５　１３４４５　６６５　１２,2026-06-11,2026-06-15,20,若松,一般,４　６４４　３５３３,2026-05-22,2026-05-26,23,からつ,一般,５　４６５　２６３６,2026-04-29,2026-05-04,19,下関,一般,３４４　５　５６５　６３,2026-03-19,2026-03-25,15,丸亀,一般,６　４６６　３５４,4105,松下 直也,2026-06-04,2026-06-08,08,常滑,一般,３２２　２１３２[３],2026-05-20,2026-05-25,05,多摩川,一般,１５４　５２２４１　３３,2026-05-04,2026-05-09,13,尼崎,一般,１４３　２５２　５　１２,2026-04-23,2026-04-29,12,住之江,一般,５３５　F５６　６　６　４,2026-04-07,2026-04-13,24,大村,一般,１５６　６３３　３　２　５４
202607132305,2026-07-13,23,05R,4397,西村 拓也,2026-06-23,2026-06-28,07,蒲郡,一般,１１２５４４５３２３１１,2026-06-12,2026-06-17,19,下関,一般,４２５１２　１２２２[１],2026-06-03,2026-06-07,03,江戸川,一般,４１３１２　[５],2026-05-16,2026-05-21,17,宮島,一般,１３１１２３２　３１[２],2026-05-03,2026-05-08,12,住之江,一般,２　１１３　２３２１[４],4798,浜先 真範,2026-06-28,2026-07-01,10,三国,一般,１４４１４２[４],2026-06-17,2026-06-22,13,尼崎,一般,１４１１１　３２４１[３],2026-06-04,2026-06-09,17,宮島,ＧⅠ,３　６　４６５　３４４,2026-05-23,2026-05-27,12,住之江,一般,３６２１４　４４３１,2026-05-11,2026-05-15,08,常滑,一般,４６２１１２１２[５],4379,桑島 和宏,2026-06-29,2026-07-03,11,びわこ,一般,１５２２３５３２[４],2026-06-16,2026-06-21,09,津,一般,２　１３３４３３３６１５,2026-06-06,2026-06-10,24,大村,一般,３１４６２　１５２４,2026-05-23,2026-05-27,12,住之江,一般,２３３　３１３３２１,2026-05-11,2026-05-16,03,江戸川,ＧⅡ,２　３　６５２　１４３,4458,抹香 雄三,2026-07-03,2026-07-06,09,津,一般,１３５４４　５３,2026-06-28,2026-07-01,10,三国,一般,３　３６６１１,2026-06-19,2026-06-24,11,びわこ,一般,５　２５４　４６４　２２,2026-06-03,2026-06-07,03,江戸川,一般,１３１１４　[４],2026-05-16,2026-05-21,17,宮島,一般,１　３５６　１４４４２５,3434,松尾 宣邦,2026-06-26,2026-07-02,24,大村,一般,５　４４２　２３２３６６２５,2026-06-17,2026-06-22,17,宮島,ＧⅢ,５　５２２　６４２３５,2026-05-27,2026-06-01,08,常滑,一般,５　３５５　４４５　５２,2026-05-09,2026-05-14,09,津,ＧⅢ,４　４４２　３６３　４２,2026-04-25,2026-04-30,21,芦屋,一般,１６３　４３５　５　４４,5419,櫻井 隼,2026-06-24,2026-06-29,09,津,一般,４　５５６　６５５　６４,2026-06-03,2026-06-07,03,江戸川,一般,６６６　４３６５,2026-05-20,2026-05-25,05,多摩川,一般,５５６　６４６　４　６６,2026-04-24,2026-04-29,04,平和島,一般,３４６　５不６　６　５６,2026-04-06,2026-04-10,08,常滑,一般,６　５６５　３５５
202607132306,2026-07-13,23,06R,5020,宮村 勇哉,2026-06-28,2026-07-02,05,多摩川,一般,２６３　１　３５４２,2026-06-16,2026-06-21,09,津,一般,５４４　３　１５３　３２,2026-05-29,2026-06-03,11,びわこ,一般,３　３３６５１　５５３６,2026-05-15,2026-05-20,20,若松,一般,１２５　５６１　１６６５,2026-04-23,2026-04-29,12,住之江,一般,６　１４２　２５２　１６５２,3961,谷村 一哉,2026-06-30,2026-07-04,19,下関,一般,２　１２２４４１[１],2026-06-17,2026-06-22,24,大村,ＧⅡ,２３４　５　６２３４４,2026-06-05,2026-06-10,18,徳山,一般,１１６３５２３　４３１４,2026-05-23,2026-05-28,10,三国,一般,１１３２１１４　５３３１,2026-05-10,2026-05-15,16,児島,一般,１２４２１　１３３２[２],4220,深川 和仁,2026-06-28,2026-07-03,20,若松,一般,１　２５１４２　１５６６,2026-06-13,2026-06-16,06,浜名湖,一般,２　１１１５[４],2026-05-28,2026-06-02,01,桐生,一般,２４３　１４５５４転,2026-05-10,2026-05-15,16,児島,一般,１　２６１６６　４５４,2026-04-25,2026-04-30,15,丸亀,一般,２６５　５４６　５４６,4710,福田 宗平,2026-06-28,2026-07-01,10,三国,一般,４５２４５６１３,2026-06-16,2026-06-21,09,津,一般,３１３　４４５３１　１４,2026-06-03,2026-06-07,07,蒲郡,一般,２２６２１５３１,2026-05-20,2026-05-25,05,多摩川,一般,４１２４２　５１４６２５,2026-05-10,2026-05-15,16,児島,一般,３５３４３５５　６４３,5143,常盤 海心,2026-06-29,2026-07-03,11,びわこ,一般,２６６　６　３３４,2026-06-20,2026-06-25,15,丸亀,一般,５　４５１　６６４　３４,2026-06-03,2026-06-08,21,芦屋,一般,４　２３４　４６４４２,2026-05-19,2026-05-24,08,常滑,一般,３６３　６２６　６５４,2026-05-08,2026-05-13,14,鳴門,一般,３　６６６　３６３　６６,5469,今泉 博人,2026-06-22,2026-06-27,22,福岡,一般,６　６５６　落６６　４５,2026-05-31,2026-06-05,20,若松,一般,６６５　６　６６６　６,2026-05-10,2026-05-14,23,からつ,一般,５　５　６６５５６６,,,,,,,,,,,,
202607132307,2026-07-13,23,07R,5176,石倉 拓美,2026-06-25,2026-06-29,21,芦屋,一般,６　６,2026-06-11,2026-06-15,20,若松,一般,１５６　５５６　６４,2026-05-13,2026-05-18,19,下関,一般,６　１６６落６　６　５５,2026-02-22,2026-02-28,12,住之江,一般,６　６６６　５　５６５　６５,2026-01-31,2026-02-03,10,三国,一般,６６６　６　５６,4348,宮崎 奨,2026-07-01,2026-07-06,22,福岡,一般,２４２　４４１６１６２６,2026-06-24,2026-06-28,04,平和島,一般,２　２３６４,2026-06-09,2026-06-14,11,びわこ,一般,２　３４２４１２２４２３,2026-05-28,2026-06-02,01,桐生,一般,１４２２１１２２[６],2026-05-14,2026-05-18,10,三国,一般,３３２　３１２４２２,4523,中村 辰也,2026-06-24,2026-06-28,04,平和島,一般,４１５　５２２５,2026-06-14,2026-06-17,12,住之江,一般,３　２３６４２２,2026-06-03,2026-06-08,21,芦屋,一般,５６５,2026-05-20,2026-05-25,09,津,一般,３　５３３　４１６欠,2026-05-05,2026-05-09,18,徳山,一般,４４１　３２３６１５,4817,渡邉 翼,2026-06-25,2026-06-30,13,尼崎,一般,３　１５３３２１２４５２,2026-06-05,2026-06-10,18,徳山,一般,４転４　１５,2026-05-17,2026-05-23,15,丸亀,一般,２　２１１６１　４１３１[５],2026-04-27,2026-05-02,18,徳山,一般,２　２６１４１４１３５１,2026-04-11,2026-04-16,14,鳴門,一般,１　２２２２１６１５３４,4381,田路 朋史,2026-06-28,2026-07-02,05,多摩川,一般,２２１５１　６２[６],2026-05-31,2026-06-05,20,若松,一般,５６３　３３３　５４２,2026-05-16,2026-05-21,14,鳴門,一般,５６４２４　１１１５２５,2026-05-04,2026-05-09,13,尼崎,一般,３６１　６４４　１２４４,2026-04-24,2026-04-28,07,蒲郡,一般,１　４４１４２２[４],5448,福田 柊人,2026-06-28,2026-07-03,20,若松,一般,６　６　６６６　６　６６,2026-06-11,2026-06-16,16,児島,一般,６　６６６　６６６　６,2026-05-21,2026-05-24,19,下関,一般,６　５５６　６５,,,,,,,,,,,,
202607132308,2026-07-13,23,08R,3268,森 竜也,2026-06-27,2026-07-01,02,戸田,一般,２２４　６２４　２４,2026-06-17,2026-06-22,13,尼崎,一般,６５１　５３６２４６１,2026-05-29,2026-06-04,09,津,ＧⅢ,４５１　２６６　６２４２,2026-05-20,2026-05-25,05,多摩川,一般,３　６２５５１　２６１２,2026-04-30,2026-05-06,09,津,一般,１２５　６　５　１６４４,4105,松下 直也,2026-06-04,2026-06-08,08,常滑,一般,３２２　２１３２[３],2026-05-20,2026-05-25,05,多摩川,一般,１５４　５２２４１　３３,2026-05-04,2026-05-09,13,尼崎,一般,１４３　２５２　５　１２,2026-04-23,2026-04-29,12,住之江,一般,５３５　F５６　６　６　４,2026-04-07,2026-04-13,24,大村,一般,１５６　６３３　３　２　５４,5029,中 亮太,2026-06-26,2026-07-01,17,宮島,一般,１６１１２２２　１３２６,2026-06-17,2026-06-22,24,大村,ＧⅡ,４　２　３５１１２３４,2026-06-03,2026-06-07,07,蒲郡,一般,４１２６１４２１,2026-05-20,2026-05-25,11,びわこ,ＧⅡ,４　３２１　２　６　２４,2026-05-09,2026-05-14,09,津,ＧⅢ,４　２６３　２２２３２,4583,古田 祐貴,2026-06-28,2026-07-01,10,三国,一般,１１１４２１[２],2026-06-16,2026-06-21,09,津,一般,１１２　４３２４２６５１,2026-06-04,2026-06-08,08,常滑,一般,４２５　１３２４１３,2026-05-26,2026-05-31,15,丸亀,ＧⅢ,２５４４３　１４５５６２,2026-05-11,2026-05-14,12,住之江,一般,４　１３１５６６,3535,渡 修平,2026-06-26,2026-07-02,24,大村,一般,６　３１５　５１１６２　３６,2026-06-17,2026-06-22,13,尼崎,一般,３４４　４４３２４３２１,2026-05-29,2026-06-04,09,津,ＧⅢ,６　４１６　４６６,2026-05-10,2026-05-15,16,児島,一般,５６２　６　４２４　５３,2026-04-25,2026-04-30,13,尼崎,一般,５６６,3892,草場 康幸,2026-06-26,2026-07-02,24,大村,一般,１４１　２４４　３　２６１５,2026-06-18,2026-06-21,20,若松,一般,４　２５５　２２,2026-06-05,2026-06-10,18,徳山,一般,３３２　２４６４４６３６,2026-05-22,2026-05-26,23,からつ,一般,３１５　２５４５１４,2026-05-08,2026-05-13,22,福岡,一般,３　２６４　１６１４３３
202607132309,2026-07-13,23,09R,4656,大崎 翔,2026-06-30,2026-07-04,19,下関,一般,４４３　３転４　４,2026-06-21,2026-06-26,16,児島,一般,５　２４６　２６,2026-06-03,2026-06-07,03,江戸川,一般,１１６３３　２１,2026-05-14,2026-05-19,02,戸田,一般,４４５　３２２　２５６,2026-05-04,2026-05-09,13,尼崎,一般,２４６　５　２１５３５５,4520,高倉 孝太,2026-06-25,2026-06-29,18,徳山,一般,５　４２妨３６　２１,2026-06-11,2026-06-15,20,若松,一般,２３１　４４６６４４,2026-05-23,2026-05-28,10,三国,一般,４　５１３　４５３　３１,2026-05-15,2026-05-18,13,尼崎,一般,４,2026-05-02,2026-05-07,10,三国,一般,２　４１３　４５１３[１],4251,川崎 誠志,2026-06-30,2026-07-05,06,浜名湖,一般,３５４　４５６　３　３２,2026-06-18,2026-06-21,20,若松,一般,５　３５３　３５,2026-06-01,2026-06-05,19,下関,一般,１３４　５４６　３４,2026-05-14,2026-05-18,10,三国,一般,６２１　６２６６３３,2026-04-27,2026-05-02,18,徳山,一般,５　５５６１６４５　２４,4379,桑島 和宏,2026-06-29,2026-07-03,11,びわこ,一般,１５２２３５３２[４],2026-06-16,2026-06-21,09,津,一般,２　１３３４３３３６１５,2026-06-06,2026-06-10,24,大村,一般,３１４６２　１５２４,2026-05-23,2026-05-27,12,住之江,一般,２３３　３１３３２１,2026-05-11,2026-05-16,03,江戸川,ＧⅡ,２　３　６５２　１４３,4390,松本 弓雄,2026-06-26,2026-07-01,17,宮島,一般,６６３　１６３６２　５２,2026-06-16,2026-06-21,09,津,一般,３　４２１　１６３２[５],2026-06-03,2026-06-07,03,江戸川,一般,６　３６６６,2026-05-17,2026-05-23,15,丸亀,一般,４　３３４　６６５　５　３４,2026-05-08,2026-05-13,14,鳴門,一般,転　２５４　５４５　３６,5038,金田 智博,2026-06-30,2026-07-05,16,児島,ＧⅡ,５　５４５　３　２５５,2026-06-21,2026-06-24,19,下関,一般,１２１　４１[１],2026-06-13,2026-06-16,06,浜名湖,一般,３１２２１６１２,2026-05-25,2026-05-31,07,蒲郡,一般,１４１５５　３６１　４６１５,2026-05-11,2026-05-16,03,江戸川,ＧⅡ,６　３　１２６　１２５
202607132310,2026-07-13,23,10R,4969,町田 洸希,2026-06-28,2026-07-01,10,三国,一般,５５５　５　４３,2026-06-14,2026-06-17,12,住之江,一般,５　３２５２２６,2026-05-29,2026-06-02,14,鳴門,一般,６６４　３　３２４,2026-05-12,2026-05-15,18,徳山,一般,２　２２６５４４,2026-05-01,2026-05-06,23,からつ,一般,１　５１３１３４３６３５,4808,松尾 拓,2026-06-24,2026-06-29,09,津,一般,１４１４３　１１２２[６],2026-06-14,2026-06-18,01,桐生,一般,１２２　５３４５５３,2026-06-03,2026-06-07,03,江戸川,一般,６６３　６２４,2026-05-20,2026-05-25,05,多摩川,一般,４２５３１　２１４２[５],2026-05-11,2026-05-15,08,常滑,一般,１５１１１１３３３１,4270,岸本 雄貴,2026-06-24,2026-06-29,09,津,一般,１５１　３１２３１３３１,2026-06-05,2026-06-10,18,徳山,一般,５２２　４４３　６　５５,2026-05-16,2026-05-21,17,宮島,一般,５４３　５６１６５　６２,2026-05-03,2026-05-08,08,常滑,一般,６６６　６４１　６　５６,2026-03-27,2026-03-31,13,尼崎,一般,６　５　１５３３２１,4397,西村 拓也,2026-06-23,2026-06-28,07,蒲郡,一般,１１２５４４５３２３１１,2026-06-12,2026-06-17,19,下関,一般,４２５１２　１２２２[１],2026-06-03,2026-06-07,03,江戸川,一般,４１３１２　[５],2026-05-16,2026-05-21,17,宮島,一般,１３１１２３２　３１[２],2026-05-03,2026-05-08,12,住之江,一般,２　１１３　２３２１[４],3953,志道 吉和,2026-06-25,2026-06-29,21,芦屋,一般,６　５２５　５６６１,2026-06-18,2026-06-21,20,若松,一般,５　５６６　１４,2026-06-04,2026-06-08,08,常滑,一般,２　２２２３４４６５,2026-05-16,2026-05-21,14,鳴門,一般,５　６３５　６６６　６５,2026-01-15,2026-01-20,24,大村,一般,５　６２５　F３５　４,4710,福田 宗平,2026-06-28,2026-07-01,10,三国,一般,４５２４５６１３,2026-06-16,2026-06-21,09,津,一般,３１３　４４５３１　１４,2026-06-03,2026-06-07,07,蒲郡,一般,２２６２１５３１,2026-05-20,2026-05-25,05,多摩川,一般,４１２４２　５１４６２５,2026-05-10,2026-05-15,16,児島,一般,３５３４３５５　６４３
202607132311,2026-07-13,23,11R,4398,船岡 洋一郎,2026-06-25,2026-06-29,21,芦屋,一般,１５６２２１５４１２,2026-06-16,2026-06-21,18,徳山,ＧⅢ,５３４　２１１４４３４１,2026-06-04,2026-06-09,17,宮島,ＧⅠ,１　６１６　４２５　２６,2026-05-20,2026-05-25,11,びわこ,ＧⅡ,３２２　２　４３４　５２,2026-05-11,2026-05-14,12,住之江,一般,５　１３５４６５,4154,森安 弘雅,2026-06-26,2026-07-02,24,大村,一般,１２転　３３５　２６３　５５,2026-06-13,2026-06-16,06,浜名湖,一般,２２１　６５５６,2026-05-27,2026-05-31,18,徳山,一般,４　６５３　２　４４,2026-05-04,2026-05-09,13,尼崎,一般,５１２　５５２　５１３４,2026-04-23,2026-04-28,16,児島,一般,１５３　１２３６４３２１,4511,中岡 健人,2026-06-26,2026-07-01,17,宮島,一般,５　２４３２１３２４３４,2026-06-17,2026-06-22,13,尼崎,一般,５５６　３５４　５　３１,2026-05-28,2026-06-02,01,桐生,一般,５２３　５　５３１,2026-05-09,2026-05-14,11,びわこ,一般,５２４　６３１　２２５,2026-04-25,2026-04-30,15,丸亀,一般,３６２　１２３　３３[５],4496,内堀 学,2026-06-28,2026-07-02,05,多摩川,一般,２３３６４４１　１３,2026-06-17,2026-06-22,13,尼崎,一般,１２２　１２２３１２[５],2026-06-06,2026-06-10,24,大村,一般,３３５　１３１５２５,2026-05-25,2026-05-30,17,宮島,一般,１２６３２　４４６５１１,2026-05-09,2026-05-14,11,びわこ,一般,５１３１２２２　５１[３],4523,中村 辰也,2026-06-24,2026-06-28,04,平和島,一般,４１５　５２２５,2026-06-14,2026-06-17,12,住之江,一般,３　２３６４２２,2026-06-03,2026-06-08,21,芦屋,一般,５６５,2026-05-20,2026-05-25,09,津,一般,３　５３３　４１６欠,2026-05-05,2026-05-09,18,徳山,一般,４４１　３２３６１５,3961,谷村 一哉,2026-06-30,2026-07-04,19,下関,一般,２　１２２４４１[１],2026-06-17,2026-06-22,24,大村,ＧⅡ,２３４　５　６２３４４,2026-06-05,2026-06-10,18,徳山,一般,１１６３５２３　４３１４,2026-05-23,2026-05-28,10,三国,一般,１１３２１１４　５３３１,2026-05-10,2026-05-15,16,児島,一般,１２４２１　１３３２[２]
202607132312,2026-07-13,23,12R,4503,上野 真之介,2026-06-23,2026-06-28,14,鳴門,ＳＧ,３　２２４　落　２３２６,2026-06-13,2026-06-18,08,常滑,ＧⅠ,３３５　２３１　５　１４,2026-06-04,2026-06-09,17,宮島,ＧⅠ,１５１　２　５３３　１３,2026-05-26,2026-05-31,06,浜名湖,ＳＧ,４　１　３５１　１　[４],2026-05-15,2026-05-20,20,若松,一般,２１３　２３３１３２[３],4220,深川 和仁,2026-06-28,2026-07-03,20,若松,一般,１　２５１４２　１５６６,2026-06-13,2026-06-16,06,浜名湖,一般,２　１１１５[４],2026-05-28,2026-06-02,01,桐生,一般,２４３　１４５５４転,2026-05-10,2026-05-15,16,児島,一般,１　２６１６６　４５４,2026-04-25,2026-04-30,15,丸亀,一般,２６５　５４６　５４６,4348,宮崎 奨,2026-07-01,2026-07-06,22,福岡,一般,２４２　４４１６１６２６,2026-06-24,2026-06-28,04,平和島,一般,２　２３６４,2026-06-09,2026-06-14,11,びわこ,一般,２　３４２４１２２４２３,2026-05-28,2026-06-02,01,桐生,一般,１４２２１１２２[６],2026-05-14,2026-05-18,10,三国,一般,３３２　３１２４２２,4439,近藤 友宝,2026-06-28,2026-07-03,20,若松,一般,６６４　４　３６６　５,2026-06-14,2026-06-17,12,住之江,一般,F　６６６　６,2026-05-27,2026-05-31,18,徳山,一般,３　２２６５１　３６,2026-05-06,2026-05-11,05,多摩川,一般,５４４　６　６２４５３,2026-04-25,2026-04-30,13,尼崎,一般,４　３３１５５　１６２５,4798,浜先 真範,2026-06-28,2026-07-01,10,三国,一般,１４４１４２[４],2026-06-17,2026-06-22,13,尼崎,一般,１４１１１　３２４１[３],2026-06-04,2026-06-09,17,宮島,ＧⅠ,３　６　４６５　３４４,2026-05-23,2026-05-27,12,住之江,一般,３６２１４　４４３１,2026-05-11,2026-05-15,08,常滑,一般,４６２１１２１２[５],4394,永嶋 裕一,2026-06-22,2026-06-27,22,福岡,一般,２　３６６１１６２４１６,2026-06-13,2026-06-16,06,浜名湖,一般,２４２　３３１２,2026-06-04,2026-06-08,08,常滑,一般,３３１　２５１３２５,2026-05-25,2026-05-31,03,江戸川,一般,３　３３５　３１２　５落１４,2026-05-15,2026-05-18,13,尼崎,一般,４
