レースコード,レース日,レース場コード,レース回,艇1_登録番号,艇1_選手名,艇1_前1節_開始日,艇1_前1節_終了日,艇1_前1節_場コード,艇1_前1節_場名,艇1_前1節_グレード,艇1_前1節_着順列,艇1_前2節_開始日,艇1_前2節_終了日,艇1_前2節_場コード,艇1_前2節_場名,艇1_前2節_グレード,艇1_前2節_着順列,艇1_前3節_開始日,艇1_前3節_終了日,艇1_前3節_場コード,艇1_前3節_場名,艇1_前3節_グレード,艇1_前3節_着順列,艇1_前4節_開始日,艇1_前4節_終了日,艇1_前4節_場コード,艇1_前4節_場名,艇1_前4節_グレード,艇1_前4節_着順列,艇1_前5節_開始日,艇1_前5節_終了日,艇1_前5節_場コード,艇1_前5節_場名,艇1_前5節_グレード,艇1_前5節_着順列,艇2_登録番号,艇2_選手名,艇2_前1節_開始日,艇2_前1節_終了日,艇2_前1節_場コード,艇2_前1節_場名,艇2_前1節_グレード,艇2_前1節_着順列,艇2_前2節_開始日,艇2_前2節_終了日,艇2_前2節_場コード,艇2_前2節_場名,艇2_前2節_グレード,艇2_前2節_着順列,艇2_前3節_開始日,艇2_前3節_終了日,艇2_前3節_場コード,艇2_前3節_場名,艇2_前3節_グレード,艇2_前3節_着順列,艇2_前4節_開始日,艇2_前4節_終了日,艇2_前4節_場コード,艇2_前4節_場名,艇2_前4節_グレード,艇2_前4節_着順列,艇2_前5節_開始日,艇2_前5節_終了日,艇2_前5節_場コード,艇2_前5節_場名,艇2_前5節_グレード,艇2_前5節_着順列,艇3_登録番号,艇3_選手名,艇3_前1節_開始日,艇3_前1節_終了日,艇3_前1節_場コード,艇3_前1節_場名,艇3_前1節_グレード,艇3_前1節_着順列,艇3_前2節_開始日,艇3_前2節_終了日,艇3_前2節_場コード,艇3_前2節_場名,艇3_前2節_グレード,艇3_前2節_着順列,艇3_前3節_開始日,艇3_前3節_終了日,艇3_前3節_場コード,艇3_前3節_場名,艇3_前3節_グレード,艇3_前3節_着順列,艇3_前4節_開始日,艇3_前4節_終了日,艇3_前4節_場コード,艇3_前4節_場名,艇3_前4節_グレード,艇3_前4節_着順列,艇3_前5節_開始日,艇3_前5節_終了日,艇3_前5節_場コード,艇3_前5節_場名,艇3_前5節_グレード,艇3_前5節_着順列,艇4_登録番号,艇4_選手名,艇4_前1節_開始日,艇4_前1節_終了日,艇4_前1節_場コード,艇4_前1節_場名,艇4_前1節_グレード,艇4_前1節_着順列,艇4_前2節_開始日,艇4_前2節_終了日,艇4_前2節_場コード,艇4_前2節_場名,艇4_前2節_グレード,艇4_前2節_着順列,艇4_前3節_開始日,艇4_前3節_終了日,艇4_前3節_場コード,艇4_前3節_場名,艇4_前3節_グレード,艇4_前3節_着順列,艇4_前4節_開始日,艇4_前4節_終了日,艇4_前4節_場コード,艇4_前4節_場名,艇4_前4節_グレード,艇4_前4節_着順列,艇4_前5節_開始日,艇4_前5節_終了日,艇4_前5節_場コード,艇4_前5節_場名,艇4_前5節_グレード,艇4_前5節_着順列,艇5_登録番号,艇5_選手名,艇5_前1節_開始日,艇5_前1節_終了日,艇5_前1節_場コード,艇5_前1節_場名,艇5_前1節_グレード,艇5_前1節_着順列,艇5_前2節_開始日,艇5_前2節_終了日,艇5_前2節_場コード,艇5_前2節_場名,艇5_前2節_グレード,艇5_前2節_着順列,艇5_前3節_開始日,艇5_前3節_終了日,艇5_前3節_場コード,艇5_前3節_場名,艇5_前3節_グレード,艇5_前3節_着順列,艇5_前4節_開始日,艇5_前4節_終了日,艇5_前4節_場コード,艇5_前4節_場名,艇5_前4節_グレード,艇5_前4節_着順列,艇5_前5節_開始日,艇5_前5節_終了日,艇5_前5節_場コード,艇5_前5節_場名,艇5_前5節_グレード,艇5_前5節_着順列,艇6_登録番号,艇6_選手名,艇6_前1節_開始日,艇6_前1節_終了日,艇6_前1節_場コード,艇6_前1節_場名,艇6_前1節_グレード,艇6_前1節_着順列,艇6_前2節_開始日,艇6_前2節_終了日,艇6_前2節_場コード,艇6_前2節_場名,艇6_前2節_グレード,艇6_前2節_着順列,艇6_前3節_開始日,艇6_前3節_終了日,艇6_前3節_場コード,艇6_前3節_場名,艇6_前3節_グレード,艇6_前3節_着順列,艇6_前4節_開始日,艇6_前4節_終了日,艇6_前4節_場コード,艇6_前4節_場名,艇6_前4節_グレード,艇6_前4節_着順列,艇6_前5節_開始日,艇6_前5節_終了日,艇6_前5節_場コード,艇6_前5節_場名,艇6_前5節_グレード,艇6_前5節_着順列
202607280301,2026-07-28,03,01R,5207,高山 敬悟,2026-07-14,2026-07-17,24,大村,一般,４２６　４３２,2026-06-30,2026-07-05,23,からつ,一般,４　１F４　４　６　５,2026-06-20,2026-06-25,15,丸亀,一般,１１１　３５１５２６２１,2026-06-02,2026-06-08,10,三国,一般,２　５６１１６１４落１１,2026-05-19,2026-05-23,16,児島,一般,１５２　１４４３２５,3527,中嶋 誠一郎,2026-07-07,2026-07-12,10,三国,ＧⅢ,３５５　１４１　２５５５,2026-06-25,2026-06-29,18,徳山,一般,４１３　転３２　３２,2026-06-15,2026-06-20,21,芦屋,一般,２　１２４６３５５　２５,2026-05-27,2026-06-01,08,常滑,一般,４１５　５３３３４３４２,2026-05-09,2026-05-14,09,津,ＧⅢ,５　２６３　１６３２４,4269,杉山 裕也,2026-07-13,2026-07-18,07,蒲郡,ＧⅡ,２　５　１１２　４　１４,2026-06-26,2026-07-02,24,大村,一般,１４３　２１１３５１６１[２],2026-06-16,2026-06-21,18,徳山,ＧⅢ,１　５２１１６１２２[１],2026-05-31,2026-06-05,20,若松,一般,３１２　４　１１１４２５,2026-05-19,2026-05-24,01,桐生,一般,１６４５２　３１２エ６４,3771,折下 寛法,2026-07-09,2026-07-13,14,鳴門,一般,４３５　３４３　１５,2026-06-26,2026-07-02,24,大村,一般,６５１　３４３　３２２　４１,2026-06-17,2026-06-22,05,多摩川,一般,４　１２５　２６１５３３,2026-05-28,2026-06-02,01,桐生,一般,６３１　５５２　３５,2026-05-17,2026-05-23,15,丸亀,一般,１　１４２　１５５６１　３３,4430,永田 秀二,2026-07-13,2026-07-18,07,蒲郡,ＧⅡ,６　３　３４６　２５３,2026-06-28,2026-07-03,20,若松,一般,３３２　３３２　１５１３,2026-06-11,2026-06-16,16,児島,一般,１３３　５６１３２６１４,2026-06-01,2026-06-04,24,大村,一般,２　　　２４４３,2026-05-22,2026-05-26,23,からつ,一般,４２３　６６２　２３,5311,小林 京平,2026-07-14,2026-07-17,24,大村,一般,１　４３１１[１],2026-07-04,2026-07-09,18,徳山,一般,　　　　　　　　　　５６,2026-06-30,2026-07-04,19,下関,一般,２５１　６転５　３,2026-06-21,2026-06-26,16,児島,一般,１　６５１　５５４　５４,2026-06-05,2026-06-10,18,徳山,一般,４４１　３　３６５２３１
202607280302,2026-07-28,03,02R,4401,小林 泰,2026-07-07,2026-07-12,02,戸田,ＧⅡ,６　１　６５６　５６３,2026-06-17,2026-06-22,05,多摩川,一般,４１２　１３２　３４４３,2026-06-06,2026-06-10,24,大村,一般,６　１１２５１６２６,2026-05-24,2026-05-28,21,芦屋,一般,２　１２６５１３５５,2026-05-11,2026-05-16,03,江戸川,ＧⅡ,３　６　５２６　５６６,4204,柴田 大輔,2026-07-10,2026-07-15,22,福岡,一般,２３４　５６４　６６１,2026-06-29,2026-07-03,11,びわこ,一般,２１１　１４２３３１,2026-06-21,2026-06-24,19,下関,一般,５４３　１　４４,2026-05-16,2026-05-19,06,浜名湖,一般,４　２１４１４４,2026-05-02,2026-05-07,16,児島,一般,３　４４１　４６４　１４,3964,宮地 博士,2026-07-07,2026-07-12,10,三国,ＧⅢ,６　４４５４５　５　５３,2026-06-26,2026-07-02,24,大村,一般,６　３妨６　１４３　５２３６,2026-06-12,2026-06-17,19,下関,一般,４　１５５　２６４３５,2026-05-28,2026-05-31,02,戸田,一般,５５５　５　４６,2026-05-12,2026-05-15,18,徳山,一般,５３３　４３４,4564,山本 景士郎,2026-07-11,2026-07-14,04,平和島,一般,４６２　５６３,2026-06-28,2026-07-03,20,若松,一般,５４６５５　４　６２２,2026-06-13,2026-06-16,06,浜名湖,一般,６３３　４４３４,2026-06-04,2026-06-09,17,宮島,ＧⅠ,　　　　　　　　６６５,2026-05-29,2026-06-02,23,からつ,一般,２　４３５５４５３１,4270,岸本 雄貴,2026-07-10,2026-07-15,23,からつ,一般,２　１６３４４　１３３１,2026-06-24,2026-06-29,09,津,一般,１５１　３１２３１３３１,2026-06-05,2026-06-10,18,徳山,一般,５２２　４４３　６　５５,2026-05-16,2026-05-21,17,宮島,一般,５４３　５６１６５　６２,2026-05-03,2026-05-08,08,常滑,一般,６６６　６４１　６　５６,4345,西舘 健,2026-07-14,2026-07-19,01,桐生,一般,６　４４１　２５５　２３,2026-06-07,2026-06-12,09,津,一般,２６１　４２１６１３４２,2026-05-25,2026-05-31,03,江戸川,一般,２　１３２　４３５　５４４５,2026-05-12,2026-05-15,18,徳山,一般,２　２５３６５５,2026-05-03,2026-05-08,04,平和島,一般,３６２　２４４３１　４２
202607280303,2026-07-28,03,03R,3880,浅見 宗孝,2026-07-11,2026-07-14,04,平和島,一般,６６３　１３３,2026-06-04,2026-06-08,08,常滑,一般,３　３２３４２５１３,2026-05-17,2026-05-23,15,丸亀,一般,３２４　４２４　５６２　４３,2026-05-01,2026-05-06,02,戸田,一般,６　５F２　５　４　６,2026-04-20,2026-04-24,18,徳山,一般,４３１　５２１４５４,4297,山田 哲也,2026-07-11,2026-07-14,04,平和島,一般,４１２４４３３２,2026-06-30,2026-07-05,06,浜名湖,一般,１　６３２　１１２F５,2026-06-17,2026-06-22,13,尼崎,一般,２５１　２１５４１５１３,2026-05-09,2026-05-14,09,津,ＧⅢ,２　３３１５１１１１[６],2026-04-27,2026-05-02,05,多摩川,一般,３　３５２４２１１６４６,5095,小原 聡将,2026-06-30,2026-07-05,23,からつ,一般,１４１１５４落,2026-06-17,2026-06-22,05,多摩川,一般,２４３１５　３４１　３１,2026-05-11,2026-05-16,03,江戸川,ＧⅡ,３５４　５　４３３　４３,2026-04-26,2026-05-01,03,江戸川,一般,２２１　２　３　１　[４],2026-04-17,2026-04-22,13,尼崎,一般,１３２２１　３１４１[５],4711,前出 達吉,2026-07-14,2026-07-19,01,桐生,一般,５１３３２　６　５２５,2026-07-01,2026-07-06,22,福岡,一般,３５２５１　２４１２[５],2026-06-21,2026-06-24,19,下関,一般,５　１３１４３２,2026-06-06,2026-06-10,06,浜名湖,一般,３２３３１　４転,2026-05-20,2026-05-25,05,多摩川,一般,２３２　５　５３１２６１,4395,下河 雅史,2026-07-10,2026-07-15,22,福岡,一般,１４２　１４２５１６１３,2026-06-30,2026-07-04,19,下関,一般,５４１　２３３５３２,2026-06-20,2026-06-25,06,浜名湖,一般,６５４　２３２　５　４３,2026-05-31,2026-06-05,13,尼崎,一般,３４１　５５５　６４５４,2026-05-12,2026-05-16,01,桐生,一般,２３２　２４４５２２,4432,黄金井 力良,2026-07-11,2026-07-14,04,平和島,一般,２　６３５５４,2026-06-28,2026-07-02,05,多摩川,一般,６５３　１６３　３１,2026-06-11,2026-06-15,20,若松,一般,２２６　３６５　２２,2026-05-23,2026-05-28,10,三国,一般,４１３　５４２　４５１３,2026-05-01,2026-05-06,02,戸田,一般,３６５　４　６３３３３
202607280304,2026-07-28,03,04R,4374,永田 義紘,2026-07-11,2026-07-14,04,平和島,一般,６　６５１　２４,2026-06-24,2026-06-29,09,津,一般,４２１５６　５　３６５３,2026-06-15,2026-06-20,21,芦屋,一般,２１２　５２４６１５４６,2026-05-29,2026-06-03,11,びわこ,一般,１１２　５４６５１５１４,2026-05-14,2026-05-18,10,三国,一般,１３５６４　５　１２,4251,川崎 誠志,2026-07-10,2026-07-15,23,からつ,一般,１　５４５　１４２２２４,2026-06-30,2026-07-05,06,浜名湖,一般,３５４　４５６　３　３２,2026-06-18,2026-06-21,20,若松,一般,５　３５３　３５,2026-06-01,2026-06-05,19,下関,一般,１３４　５４６　３４,2026-05-14,2026-05-18,10,三国,一般,６２１　６２６６３３,5047,國分 将太郎,2026-07-14,2026-07-19,21,芦屋,一般,５３５　２１１　３５３１,2026-06-30,2026-07-05,06,浜名湖,一般,４６３　４３１　５５４,2026-06-21,2026-06-25,08,常滑,一般,４　６１４４１３３１,2026-06-03,2026-06-07,03,江戸川,一般,１　３３４　５３,2026-05-19,2026-05-23,16,児島,一般,４２４　３３１６２４,4227,安達 裕樹,2026-07-13,2026-07-18,07,蒲郡,ＧⅡ,６　３４４　２３３　１５,2026-06-30,2026-07-05,16,児島,ＧⅡ,１　F４６　３６６　４,2026-06-17,2026-06-22,24,大村,ＧⅡ,４　５４３　２３６　４４,2026-06-05,2026-06-10,18,徳山,一般,１３２５５３転,2026-05-20,2026-05-25,11,びわこ,ＧⅡ,２　４３５　３２６　１４,3946,赤岩 善生,2026-07-13,2026-07-18,07,蒲郡,ＧⅡ,２２１　２２５　５　１４,2026-07-03,2026-07-06,09,津,一般,２４１１１２[３],2026-06-23,2026-06-28,14,鳴門,ＳＧ,６　３４１　６４２　３,2026-06-13,2026-06-18,08,常滑,ＧⅠ,２４２　５５５　６４５,2026-06-04,2026-06-09,17,宮島,ＧⅠ,５３５　３　６３２　３３,4082,濱崎 誠,2026-07-07,2026-07-12,10,三国,ＧⅢ,１１３２３　５２２３３３,2026-06-24,2026-06-29,03,江戸川,一般,F６４　３４４　５５４,2026-06-16,2026-06-21,09,津,一般,２３１　２５４５１５２６,2026-06-10,2026-06-13,14,鳴門,一般,１　３６１６３４,2026-05-25,2026-05-31,03,江戸川,一般,３２５　３２２　１　２１
202607280305,2026-07-28,03,05R,4840,鈴木 秀茉,2026-07-15,2026-07-19,17,宮島,一般,２　６３６３３　２６,2026-06-30,2026-07-05,23,からつ,一般,３１５　２２５３２６６６,2026-06-21,2026-06-26,16,児島,一般,３６３　３２４　５３１,2026-06-07,2026-06-11,05,多摩川,一般,３２４　３２２４３５,2026-05-20,2026-05-25,09,津,一般,３６５　１６３　４　１２,4957,竹之内 極,2026-07-04,2026-07-09,18,徳山,一般,３３５１４　２４１６１２,2026-06-23,2026-06-28,07,蒲郡,一般,３　３６３５４４３　３,2026-06-05,2026-06-10,01,桐生,一般,１　４１５３３１３６２５,2026-05-16,2026-05-21,14,鳴門,一般,５　４１４１３５５　２５,2026-04-29,2026-05-04,22,福岡,一般,３４３　２４２　５５４,5036,福田 翔吾,2026-07-07,2026-07-12,20,若松,ＧⅢ,２　転６２４６　６　６１,2026-06-28,2026-07-02,05,多摩川,一般,４　５　３２５１６１,2026-06-21,2026-06-24,10,三国,一般,５３３　４１２１,2026-06-05,2026-06-10,18,徳山,一般,４　２１３　２５１４２５,2026-05-19,2026-05-24,01,桐生,一般,２　４３３４１　エ５３３,5107,松本 真広,2026-07-07,2026-07-12,20,若松,ＧⅢ,６６４　４　５３５　６３,2026-06-25,2026-06-29,18,徳山,一般,２　３５５３３３３,2026-06-16,2026-06-21,09,津,一般,６４３　４５５　５　F５,2026-05-11,2026-05-14,12,住之江,一般,４３４　１　３４,2026-04-25,2026-04-30,21,芦屋,一般,４落６　４　４６３　４,5096,上原 崚,2026-07-12,2026-07-16,05,多摩川,一般,１　３４３１３２[４],2026-06-30,2026-07-05,16,児島,ＧⅡ,３　６５４　５　３４４,2026-06-16,2026-06-21,18,徳山,ＧⅢ,５４１　１６６３１４２６,2026-06-01,2026-06-05,19,下関,一般,１３３４１　１５１２,2026-05-20,2026-05-25,11,びわこ,ＧⅡ,６　４　４３６　３３１,4645,上村 純一,2026-07-13,2026-07-18,07,蒲郡,ＧⅡ,２３１　６　２５１　３５,2026-07-04,2026-07-09,01,桐生,一般,１２２　３４１３４６１４,2026-06-17,2026-06-22,24,大村,ＧⅡ,２２６　４６３　２４３,2026-06-06,2026-06-10,06,浜名湖,一般,１４２４３２１３２１,2026-05-22,2026-05-26,23,からつ,一般,１５１　１３１２[２]
202607280306,2026-07-28,03,06R,4958,溝口 海義也,2026-07-10,2026-07-15,22,福岡,一般,２　１５２５１３２２[６],2026-07-02,2026-07-06,21,芦屋,一般,１５３４２１１１[２],2026-06-21,2026-06-25,08,常滑,一般,３４２　１５５３５３,2026-06-11,2026-06-15,20,若松,一般,３３１　３２１２[１],2026-05-31,2026-06-05,13,尼崎,一般,４４５１２　４４３４２３,3771,折下 寛法,2026-07-09,2026-07-13,14,鳴門,一般,４３５　３４３　１５,2026-06-26,2026-07-02,24,大村,一般,６５１　３４３　３２２　４１,2026-06-17,2026-06-22,05,多摩川,一般,４　１２５　２６１５３３,2026-05-28,2026-06-02,01,桐生,一般,６３１　５５２　３５,2026-05-17,2026-05-23,15,丸亀,一般,１　１４２　１５５６１　３３,5311,小林 京平,2026-07-14,2026-07-17,24,大村,一般,１　４３１１[１],2026-07-04,2026-07-09,18,徳山,一般,　　　　　　　　　　５６,2026-06-30,2026-07-04,19,下関,一般,２５１　６転５　３,2026-06-21,2026-06-26,16,児島,一般,１　６５１　５５４　５４,2026-06-05,2026-06-10,18,徳山,一般,４４１　３　３６５２３１,3964,宮地 博士,2026-07-07,2026-07-12,10,三国,ＧⅢ,６　４４５４５　５　５３,2026-06-26,2026-07-02,24,大村,一般,６　３妨６　１４３　５２３６,2026-06-12,2026-06-17,19,下関,一般,４　１５５　２６４３５,2026-05-28,2026-05-31,02,戸田,一般,５５５　５　４６,2026-05-12,2026-05-15,18,徳山,一般,５３３　４３４,4688,永井 彪也,2026-07-10,2026-07-15,06,浜名湖,一般,３１３２１　２１４１[１],2026-06-25,2026-06-30,01,桐生,ＧⅢ,６１５　４２１　１５１６,2026-06-13,2026-06-18,08,常滑,ＧⅠ,５　３３４　１６２２２２,2026-06-04,2026-06-09,17,宮島,ＧⅠ,６　４２５　６　６５２,2026-05-19,2026-05-23,16,児島,一般,３２１１１１１３４１,4474,渡辺 崇,2026-07-10,2026-07-15,22,福岡,一般,１３２　２５２　４５１３,2026-06-25,2026-06-30,01,桐生,ＧⅢ,１３５５６　４　転欠,2026-06-11,2026-06-15,20,若松,一般,４　１６２５１４２５,2026-05-29,2026-06-02,14,鳴門,一般,５２１　５３３　４３,2026-05-12,2026-05-16,04,平和島,一般,１　５２２１５５２２
202607280307,2026-07-28,03,07R,5083,柳瀬 幹太,2026-07-07,2026-07-12,20,若松,ＧⅢ,４　４６３　５５６　１４,2026-06-25,2026-06-29,21,芦屋,一般,４　６F４　６　５３,2026-06-14,2026-06-17,12,住之江,一般,４１２　６２[６],2026-05-27,2026-05-31,18,徳山,一般,５５２　６５１　５１,2026-05-14,2026-05-18,10,三国,一般,４１５　３６２　５４,4432,黄金井 力良,2026-07-11,2026-07-14,04,平和島,一般,２　６３５５４,2026-06-28,2026-07-02,05,多摩川,一般,６５３　１６３　３１,2026-06-11,2026-06-15,20,若松,一般,２２６　３６５　２２,2026-05-23,2026-05-28,10,三国,一般,４１３　５４２　４５１３,2026-05-01,2026-05-06,02,戸田,一般,３６５　４　６３３３３,5207,高山 敬悟,2026-07-14,2026-07-17,24,大村,一般,４２６　４３２,2026-06-30,2026-07-05,23,からつ,一般,４　１F４　４　６　５,2026-06-20,2026-06-25,15,丸亀,一般,１１１　３５１５２６２１,2026-06-02,2026-06-08,10,三国,一般,２　５６１１６１４落１１,2026-05-19,2026-05-23,16,児島,一般,１５２　１４４３２５,4575,戸塚 邦好,2026-07-14,2026-07-17,24,大村,一般,１４１　１５４４,2026-06-28,2026-07-02,05,多摩川,一般,４３２１３３４４３６,2026-06-16,2026-06-21,18,徳山,ＧⅢ,２３５４５　４２５１１１,2026-05-31,2026-06-05,13,尼崎,一般,３１４４５１１　４６１５,2026-05-19,2026-05-24,08,常滑,一般,２２１５５　１２４２[６],4204,柴田 大輔,2026-07-10,2026-07-15,22,福岡,一般,２３４　５６４　６６１,2026-06-29,2026-07-03,11,びわこ,一般,２１１　１４２３３１,2026-06-21,2026-06-24,19,下関,一般,５４３　１　４４,2026-05-16,2026-05-19,06,浜名湖,一般,４　２１４１４４,2026-05-02,2026-05-07,16,児島,一般,３　４４１　４６４　１４,4269,杉山 裕也,2026-07-13,2026-07-18,07,蒲郡,ＧⅡ,２　５　１１２　４　１４,2026-06-26,2026-07-02,24,大村,一般,１４３　２１１３５１６１[２],2026-06-16,2026-06-21,18,徳山,ＧⅢ,１　５２１１６１２２[１],2026-05-31,2026-06-05,20,若松,一般,３１２　４　１１１４２５,2026-05-19,2026-05-24,01,桐生,一般,１６４５２　３１２エ６４
202607280308,2026-07-28,03,08R,4564,山本 景士郎,2026-07-11,2026-07-14,04,平和島,一般,４６２　５６３,2026-06-28,2026-07-03,20,若松,一般,５４６５５　４　６２２,2026-06-13,2026-06-16,06,浜名湖,一般,６３３　４４３４,2026-06-04,2026-06-09,17,宮島,ＧⅠ,　　　　　　　　６６５,2026-05-29,2026-06-02,23,からつ,一般,２　４３５５４５３１,4270,岸本 雄貴,2026-07-10,2026-07-15,23,からつ,一般,２　１６３４４　１３３１,2026-06-24,2026-06-29,09,津,一般,１５１　３１２３１３３１,2026-06-05,2026-06-10,18,徳山,一般,５２２　４４３　６　５５,2026-05-16,2026-05-21,17,宮島,一般,５４３　５６１６５　６２,2026-05-03,2026-05-08,08,常滑,一般,６６６　６４１　６　５６,3796,長野 道臣,2026-07-07,2026-07-12,10,三国,ＧⅢ,３４２　４１４６２６６４,2026-06-28,2026-07-02,05,多摩川,一般,６５５　１２６　３４,2026-06-17,2026-06-22,17,宮島,ＧⅢ,２５４　４２６　２　５４,2026-06-04,2026-06-08,08,常滑,一般,５２２　３５６６３３,2026-05-21,2026-05-24,19,下関,一般,２　転６５　２２,4374,永田 義紘,2026-07-11,2026-07-14,04,平和島,一般,６　６５１　２４,2026-06-24,2026-06-29,09,津,一般,４２１５６　５　３６５３,2026-06-15,2026-06-20,21,芦屋,一般,２１２　５２４６１５４６,2026-05-29,2026-06-03,11,びわこ,一般,１１２　５４６５１５１４,2026-05-14,2026-05-18,10,三国,一般,１３５６４　５　１２,4297,山田 哲也,2026-07-11,2026-07-14,04,平和島,一般,４１２４４３３２,2026-06-30,2026-07-05,06,浜名湖,一般,１　６３２　１１２F５,2026-06-17,2026-06-22,13,尼崎,一般,２５１　２１５４１５１３,2026-05-09,2026-05-14,09,津,ＧⅢ,２　３３１５１１１１[６],2026-04-27,2026-05-02,05,多摩川,一般,３　３５２４２１１６４６,4227,安達 裕樹,2026-07-13,2026-07-18,07,蒲郡,ＧⅡ,６　３４４　２３３　１５,2026-06-30,2026-07-05,16,児島,ＧⅡ,１　F４６　３６６　４,2026-06-17,2026-06-22,24,大村,ＧⅡ,４　５４３　２３６　４４,2026-06-05,2026-06-10,18,徳山,一般,１３２５５３転,2026-05-20,2026-05-25,11,びわこ,ＧⅡ,２　４３５　３２６　１４
202607280309,2026-07-28,03,09R,5107,松本 真広,2026-07-07,2026-07-12,20,若松,ＧⅢ,６６４　４　５３５　６３,2026-06-25,2026-06-29,18,徳山,一般,２　３５５３３３３,2026-06-16,2026-06-21,09,津,一般,６４３　４５５　５　F５,2026-05-11,2026-05-14,12,住之江,一般,４３４　１　３４,2026-04-25,2026-04-30,21,芦屋,一般,４落６　４　４６３　４,3946,赤岩 善生,2026-07-13,2026-07-18,07,蒲郡,ＧⅡ,２２１　２２５　５　１４,2026-07-03,2026-07-06,09,津,一般,２４１１１２[３],2026-06-23,2026-06-28,14,鳴門,ＳＧ,６　３４１　６４２　３,2026-06-13,2026-06-18,08,常滑,ＧⅠ,２４２　５５５　６４５,2026-06-04,2026-06-09,17,宮島,ＧⅠ,５３５　３　６３２　３３,4430,永田 秀二,2026-07-13,2026-07-18,07,蒲郡,ＧⅡ,６　３　３４６　２５３,2026-06-28,2026-07-03,20,若松,一般,３３２　３３２　１５１３,2026-06-11,2026-06-16,16,児島,一般,１３３　５６１３２６１４,2026-06-01,2026-06-04,24,大村,一般,２　　　２４４３,2026-05-22,2026-05-26,23,からつ,一般,４２３　６６２　２３,5036,福田 翔吾,2026-07-07,2026-07-12,20,若松,ＧⅢ,２　転６２４６　６　６１,2026-06-28,2026-07-02,05,多摩川,一般,４　５　３２５１６１,2026-06-21,2026-06-24,10,三国,一般,５３３　４１２１,2026-06-05,2026-06-10,18,徳山,一般,４　２１３　２５１４２５,2026-05-19,2026-05-24,01,桐生,一般,２　４３３４１　エ５３３,4251,川崎 誠志,2026-07-10,2026-07-15,23,からつ,一般,１　５４５　１４２２２４,2026-06-30,2026-07-05,06,浜名湖,一般,３５４　４５６　３　３２,2026-06-18,2026-06-21,20,若松,一般,５　３５３　３５,2026-06-01,2026-06-05,19,下関,一般,１３４　５４６　３４,2026-05-14,2026-05-18,10,三国,一般,６２１　６２６６３３,4395,下河 雅史,2026-07-10,2026-07-15,22,福岡,一般,１４２　１４２５１６１３,2026-06-30,2026-07-04,19,下関,一般,５４１　２３３５３２,2026-06-20,2026-06-25,06,浜名湖,一般,６５４　２３２　５　４３,2026-05-31,2026-06-05,13,尼崎,一般,３４１　５５５　６４５４,2026-05-12,2026-05-16,01,桐生,一般,２３２　２４４５２２
202607280310,2026-07-28,03,10R,4345,西舘 健,2026-07-14,2026-07-19,01,桐生,一般,６　４４１　２５５　２３,2026-06-07,2026-06-12,09,津,一般,２６１　４２１６１３４２,2026-05-25,2026-05-31,03,江戸川,一般,２　１３２　４３５　５４４５,2026-05-12,2026-05-15,18,徳山,一般,２　２５３６５５,2026-05-03,2026-05-08,04,平和島,一般,３６２　２４４３１　４２,5096,上原 崚,2026-07-12,2026-07-16,05,多摩川,一般,１　３４３１３２[４],2026-06-30,2026-07-05,16,児島,ＧⅡ,３　６５４　５　３４４,2026-06-16,2026-06-21,18,徳山,ＧⅢ,５４１　１６６３１４２６,2026-06-01,2026-06-05,19,下関,一般,１３３４１　１５１２,2026-05-20,2026-05-25,11,びわこ,ＧⅡ,６　４　４３６　３３１,4711,前出 達吉,2026-07-14,2026-07-19,01,桐生,一般,５１３３２　６　５２５,2026-07-01,2026-07-06,22,福岡,一般,３５２５１　２４１２[５],2026-06-21,2026-06-24,19,下関,一般,５　１３１４３２,2026-06-06,2026-06-10,06,浜名湖,一般,３２３３１　４転,2026-05-20,2026-05-25,05,多摩川,一般,２３２　５　５３１２６１,5047,國分 将太郎,2026-07-14,2026-07-19,21,芦屋,一般,５３５　２１１　３５３１,2026-06-30,2026-07-05,06,浜名湖,一般,４６３　４３１　５５４,2026-06-21,2026-06-25,08,常滑,一般,４　６１４４１３３１,2026-06-03,2026-06-07,03,江戸川,一般,１　３３４　５３,2026-05-19,2026-05-23,16,児島,一般,４２４　３３１６２４,3527,中嶋 誠一郎,2026-07-07,2026-07-12,10,三国,ＧⅢ,３５５　１４１　２５５５,2026-06-25,2026-06-29,18,徳山,一般,４１３　転３２　３２,2026-06-15,2026-06-20,21,芦屋,一般,２　１２４６３５５　２５,2026-05-27,2026-06-01,08,常滑,一般,４１５　５３３３４３４２,2026-05-09,2026-05-14,09,津,ＧⅢ,５　２６３　１６３２４,4958,溝口 海義也,2026-07-10,2026-07-15,22,福岡,一般,２　１５２５１３２２[６],2026-07-02,2026-07-06,21,芦屋,一般,１５３４２１１１[２],2026-06-21,2026-06-25,08,常滑,一般,３４２　１５５３５３,2026-06-11,2026-06-15,20,若松,一般,３３１　３２１２[１],2026-05-31,2026-06-05,13,尼崎,一般,４４５１２　４４３４２３
202607280311,2026-07-28,03,11R,4082,濱崎 誠,2026-07-07,2026-07-12,10,三国,ＧⅢ,１１３２３　５２２３３３,2026-06-24,2026-06-29,03,江戸川,一般,F６４　３４４　５５４,2026-06-16,2026-06-21,09,津,一般,２３１　２５４５１５２６,2026-06-10,2026-06-13,14,鳴門,一般,１　３６１６３４,2026-05-25,2026-05-31,03,江戸川,一般,３２５　３２２　１　２１,4688,永井 彪也,2026-07-10,2026-07-15,06,浜名湖,一般,３１３２１　２１４１[１],2026-06-25,2026-06-30,01,桐生,ＧⅢ,６１５　４２１　１５１６,2026-06-13,2026-06-18,08,常滑,ＧⅠ,５　３３４　１６２２２２,2026-06-04,2026-06-09,17,宮島,ＧⅠ,６　４２５　６　６５２,2026-05-19,2026-05-23,16,児島,一般,３２１１１１１３４１,4575,戸塚 邦好,2026-07-14,2026-07-17,24,大村,一般,１４１　１５４４,2026-06-28,2026-07-02,05,多摩川,一般,４３２１３３４４３６,2026-06-16,2026-06-21,18,徳山,ＧⅢ,２３５４５　４２５１１１,2026-05-31,2026-06-05,13,尼崎,一般,３１４４５１１　４６１５,2026-05-19,2026-05-24,08,常滑,一般,２２１５５　１２４２[６],5095,小原 聡将,2026-06-30,2026-07-05,23,からつ,一般,１４１１５４落,2026-06-17,2026-06-22,05,多摩川,一般,２４３１５　３４１　３１,2026-05-11,2026-05-16,03,江戸川,ＧⅡ,３５４　５　４３３　４３,2026-04-26,2026-05-01,03,江戸川,一般,２２１　２　３　１　[４],2026-04-17,2026-04-22,13,尼崎,一般,１３２２１　３１４１[５],4957,竹之内 極,2026-07-04,2026-07-09,18,徳山,一般,３３５１４　２４１６１２,2026-06-23,2026-06-28,07,蒲郡,一般,３　３６３５４４３　３,2026-06-05,2026-06-10,01,桐生,一般,１　４１５３３１３６２５,2026-05-16,2026-05-21,14,鳴門,一般,５　４１４１３５５　２５,2026-04-29,2026-05-04,22,福岡,一般,３４３　２４２　５５４,4401,小林 泰,2026-07-07,2026-07-12,02,戸田,ＧⅡ,６　１　６５６　５６３,2026-06-17,2026-06-22,05,多摩川,一般,４１２　１３２　３４４３,2026-06-06,2026-06-10,24,大村,一般,６　１１２５１６２６,2026-05-24,2026-05-28,21,芦屋,一般,２　１２６５１３５５,2026-05-11,2026-05-16,03,江戸川,ＧⅡ,３　６　５２６　５６６
202607280312,2026-07-28,03,12R,4335,若林 将,2026-07-10,2026-07-15,06,浜名湖,一般,１４１６１１３　３１[２],2026-07-01,2026-07-06,22,福岡,一般,１５１１５３１　３１[３],2026-06-18,2026-06-21,04,平和島,一般,３２２１３６１,2026-06-08,2026-06-13,13,尼崎,ＧⅠ,４　３５４　１　５１６５,2026-05-10,2026-05-15,16,児島,一般,２４１　２１２１４１[６],4067,永井 源,2026-07-14,2026-07-17,24,大村,一般,３　１４２４２１,2026-07-04,2026-07-09,01,桐生,一般,４４４　５３３　６２２１,2026-06-23,2026-06-28,07,蒲郡,一般,１６３２４１２１１２[３],2026-06-09,2026-06-14,11,びわこ,一般,２　１５３６１５２３２５,2026-05-25,2026-05-31,03,江戸川,一般,６　１１１　１２３　４２[１],5038,金田 智博,2026-07-10,2026-07-15,23,からつ,一般,３５２５３４１　１　１６,2026-06-30,2026-07-05,16,児島,ＧⅡ,５　５４５　３　２５５,2026-06-21,2026-06-24,19,下関,一般,１２１　４１[１],2026-06-13,2026-06-16,06,浜名湖,一般,３１２２１６１２,2026-05-25,2026-05-31,07,蒲郡,一般,１４１５５　３６１　４６１５,4614,石倉 洋行,2026-07-14,2026-07-19,01,桐生,一般,４　１５１２３　１３３２,2026-07-02,2026-07-06,21,芦屋,一般,１　４４３４２３４１,2026-06-21,2026-06-25,08,常滑,一般,２５１１３１F１５,2026-06-09,2026-06-14,11,びわこ,一般,１１５１２３３１２１[２],2026-05-25,2026-05-31,03,江戸川,一般,３３３　２１１２　　２２[３],4472,尾嶋 一広,2026-07-15,2026-07-19,08,常滑,一般,１４５３３３２４４２,2026-07-02,2026-07-06,21,芦屋,一般,６６４１６１２３１２,2026-06-18,2026-06-21,20,若松,一般,５３２３１２[６],2026-06-08,2026-06-13,13,尼崎,ＧⅠ,２　４　１６５　１３５４,2026-06-01,2026-06-04,24,大村,一般,１５１　２　[１],3813,佐藤 大介,2026-07-14,2026-07-19,01,桐生,一般,１５３　３５１　３４５３,2026-07-03,2026-07-06,09,津,一般,２３１５５　１１,2026-06-22,2026-06-27,22,福岡,一般,２５１　１３３１１４２５,2026-05-16,2026-05-21,17,宮島,一般,２５３２３　１２２４１５,2026-05-05,2026-05-09,18,徳山,一般,２２３２１３４１[４]
202607280401,2026-07-28,04,01R,4893,渡邉 真奈美,2026-07-10,2026-07-15,06,浜名湖,一般,２６４　５２６　２　６６,2026-06-17,2026-06-20,07,蒲郡,一般,５　４３５１５１,2026-06-05,2026-06-10,18,徳山,一般,３　５３４　３エ３２５,2026-05-24,2026-05-29,24,大村,一般,４５３　４５４　６１１,2026-05-03,2026-05-08,04,平和島,一般,２２６　１６５　１２１６,4190,長嶋 万記,2026-07-10,2026-07-15,06,浜名湖,一般,１５１１３　３１２１[４],2026-07-01,2026-07-06,07,蒲郡,一般,１　１５３　３２１３[４],2026-06-21,2026-06-24,10,三国,一般,３４１５１４４５,2026-06-12,2026-06-17,22,福岡,ＧⅢ,２　１５１１２３１３２１,2026-05-05,2026-05-10,15,丸亀,ＧⅡ,３２５　５　４４２　３６,4117,廣中 智紗衣,2026-07-13,2026-07-18,13,尼崎,ＧⅢ,５２３３１　２４５５１２,2026-07-01,2026-07-06,07,蒲郡,一般,２２２　２６５　６　４１,2026-06-18,2026-06-23,02,戸田,一般,３３２３４　２２２３１２,2026-05-30,2026-06-04,05,多摩川,ＧⅢ,２３２５１　３３４６２４,2026-05-12,2026-05-17,07,蒲郡,一般,６２３３２５１６６２２２,5347,井澤 聖奈,2026-07-14,2026-07-19,01,桐生,一般,６６６　６　６６５　６,2026-07-01,2026-07-06,07,蒲郡,一般,５　６６５６６　５　４,2026-06-21,2026-06-24,10,三国,一般,４　６６６　６６,2026-05-12,2026-05-17,07,蒲郡,一般,５６６　６６６　６　５６,2026-04-25,2026-04-30,13,尼崎,一般,５　６　６６６６６　転,5241,門田 栞,2026-07-13,2026-07-18,13,尼崎,ＧⅢ,４　１３１５３　４６F４,2026-06-24,2026-06-29,12,住之江,一般,４　２５２　３３５５４,2026-06-06,2026-06-11,15,丸亀,一般,１４２　２３２　４３３６,2026-05-29,2026-06-02,14,鳴門,一般,　　　　　　　　２２,2026-05-24,2026-05-29,24,大村,一般,４　２４１４２６２５５３,4714,喜多須 杏奈,2026-07-07,2026-07-12,11,びわこ,一般,１４２　２２３６４２[６],2026-06-18,2026-06-23,02,戸田,一般,３６４　５４３　６　２２,2026-05-29,2026-06-02,14,鳴門,一般,４２妨　４　３４５,2026-05-18,2026-05-23,18,徳山,ＧⅢ,２　６５５５４　５　３２,2026-05-05,2026-05-10,15,丸亀,ＧⅡ,３　５４６　４５４　５２
202607280402,2026-07-28,04,02R,4961,西橋 奈未,2026-07-18,2026-07-21,20,若松,一般,１６３１２３４２,2026-07-07,2026-07-12,02,戸田,ＧⅡ,４６５　４　５５３　１,2026-06-17,2026-06-22,24,大村,ＧⅡ,５　５６F　３　６　３,2026-06-05,2026-06-10,18,徳山,一般,２２４１１　１４４２[２],2026-05-26,2026-05-31,06,浜名湖,ＳＧ,６１４　２６５　４４６,5174,川井 萌,2026-07-10,2026-07-15,06,浜名湖,一般,２　３１２５３１４５F３,2026-07-01,2026-07-06,07,蒲郡,一般,３３３　４　１３５　４３,2026-06-18,2026-06-23,02,戸田,一般,２　３４３　３２３５１４,2026-06-06,2026-06-10,06,浜名湖,一般,１　４３４２１５５４,2026-05-24,2026-05-28,21,芦屋,一般,６　２６４　２６２３,4765,野田部 宏子,2026-07-18,2026-07-21,20,若松,一般,５５５２５　１,2026-06-09,2026-06-13,07,蒲郡,一般,６　４３４３４３２,2026-05-28,2026-06-02,01,桐生,一般,６４３　３　６３６,2026-05-07,2026-05-11,24,大村,一般,４５６　F５６　６,2026-04-24,2026-04-29,04,平和島,一般,１　４４３６４　５４６,4443,津田 裕絵,2026-07-10,2026-07-15,06,浜名湖,一般,４　２５３　５５２　４４,2026-06-21,2026-06-26,16,児島,一般,４　５５２４２　２５３１,2026-06-06,2026-06-11,15,丸亀,一般,３　１５３５４６４５４３,2026-05-24,2026-05-29,24,大村,一般,２　５２１　５３１４２２,2026-05-14,2026-05-18,10,三国,一般,２６２　２３５６２５,5380,野田 亜湖,2026-07-18,2026-07-21,20,若松,一般,６５６　６　６５,2026-06-29,2026-07-04,08,常滑,一般,５６６　６６６　６　４６,2026-06-19,2026-06-24,11,びわこ,一般,６６６　６６６　６　６６,2026-06-09,2026-06-14,11,びわこ,一般,６　６６６　６５６６６,2026-05-21,2026-05-24,19,下関,一般,６　６５６　６６,4689,豊田 結,2026-07-10,2026-07-15,06,浜名湖,一般,６２６　４６６　６　３,2026-07-01,2026-07-06,07,蒲郡,一般,３２４　４３１　４　２４,2026-06-07,2026-06-11,05,多摩川,一般,３５５　２６４　３,2026-05-24,2026-05-29,24,大村,一般,３　５６６　６６４　６,2026-05-12,2026-05-17,07,蒲郡,一般,１　１２１３２２２３２１
202607280403,2026-07-28,04,03R,5324,畑田 希咲,2026-07-13,2026-07-18,13,尼崎,ＧⅢ,５　５５５　４６４　６,2026-06-18,2026-06-23,02,戸田,一般,４　５５落　６３５　４６,2026-05-30,2026-06-04,05,多摩川,ＧⅢ,４５４　６４５　６　４,2026-05-04,2026-05-09,13,尼崎,一般,４　５６４　３　１６６,2026-04-15,2026-04-20,09,津,一般,５　５６３　４５５　５６,4225,土屋 千明,2026-07-14,2026-07-19,01,桐生,一般,２１３　２６１　５３４２,2026-06-13,2026-06-16,06,浜名湖,一般,１　１３２１[６],2026-05-05,2026-05-09,18,徳山,一般,３５５１４　５４１１,2026-04-22,2026-04-27,20,若松,ＧⅢ,４２３１１　３３５４１２,2026-04-05,2026-04-10,02,戸田,一般,２４３　３４１エ２４３１,5265,大廣 咲季,2026-07-13,2026-07-18,13,尼崎,ＧⅢ,４　５転５　２４５　３,2026-06-24,2026-06-29,12,住之江,一般,５　１６６　１３４　２６,2026-06-06,2026-06-11,15,丸亀,一般,１　５５５　６３６　３３,2026-05-27,2026-05-31,18,徳山,一般,３　５３６　４　５１,2026-05-10,2026-05-15,16,児島,一般,５２５　３６３　５　６１,5322,根岸 真優,2026-07-07,2026-07-12,11,びわこ,一般,６２１　３５６２６　４４,2026-06-29,2026-07-04,08,常滑,一般,６　６６６　４６６　５４,2026-06-18,2026-06-23,02,戸田,一般,１　５１３　３６３６３６,2026-05-27,2026-06-01,08,常滑,一般,６５３　６６５　６　６６,2026-05-16,2026-05-19,06,浜名湖,一般,転６６　６　６５,4419,原 加央理,2026-07-13,2026-07-18,13,尼崎,ＧⅢ,２６４４５　３２５１２３,2026-06-29,2026-07-04,08,常滑,一般,３　３１６　１６１４６３,2026-06-13,2026-06-16,06,浜名湖,一般,５６６　３２３４,2026-05-28,2026-06-02,01,桐生,一般,４２２　３５２　１２,2026-05-12,2026-05-17,07,蒲郡,一般,５６１　４３２　３６４,4569,中澤 宏奈,2026-07-14,2026-07-19,21,芦屋,一般,４４１５３４４　６１２４,2026-07-03,2026-07-08,13,尼崎,一般,３　６６６５６　１２４３,2026-06-24,2026-06-28,04,平和島,一般,４３２６４　４１,2026-06-12,2026-06-17,22,福岡,ＧⅢ,２１５　５６５　２２３４,2026-05-30,2026-06-04,05,多摩川,ＧⅢ,５１１　４４２　３２[４]
202607280404,2026-07-28,04,04R,5251,沼田 七華,2026-06-12,2026-06-17,22,福岡,ＧⅢ,５６５　４６３　５　６５,2026-05-16,2026-05-21,17,宮島,一般,６　３６４　５６落６５,2026-05-02,2026-05-07,10,三国,一般,６　３５５　６６５　５５,2026-02-02,2026-02-07,15,丸亀,一般,４　５　６５５　６　５,2026-01-04,2026-01-09,13,尼崎,一般,６　５６４　５６６　５,4464,山下 友貴,2026-07-10,2026-07-15,06,浜名湖,一般,２１３２１　２２３１[１],2026-07-01,2026-07-06,07,蒲郡,一般,２１２　５６１　３２[２],2026-06-12,2026-06-17,22,福岡,ＧⅢ,３３２　２５５　２１２４,2026-05-30,2026-06-04,05,多摩川,ＧⅢ,６　２５１　１５２２１３,2026-05-22,2026-05-26,23,からつ,一般,６　１６３４３　３３,5361,植竹 玲奈,2026-07-09,2026-07-13,14,鳴門,一般,３　３６４６４　６,2026-06-24,2026-06-28,04,平和島,一般,６　５６２４５４,2026-06-09,2026-06-13,07,蒲郡,一般,４　３５６　落欠,2026-05-24,2026-05-29,24,大村,一般,５　４３落　６６６　６５,2026-05-01,2026-05-06,01,桐生,一般,６　６　６４６　６５４,5165,小林 愛実,2026-07-07,2026-07-12,11,びわこ,一般,５落２　４　３４２　５１,2026-06-28,2026-07-01,10,三国,一般,６　４３６　４４,2026-06-09,2026-06-13,07,蒲郡,一般,４５転６５　３　２６,2026-05-02,2026-05-07,16,児島,一般,６５６　３　４５１　６１,2026-04-20,2026-04-25,22,福岡,一般,３２４　６６５　２　４４,4627,藤原 菜希,2026-07-09,2026-07-13,16,児島,一般,２３２２２　４４１１,2026-04-27,2026-05-02,05,多摩川,一般,３５６６４　１３１　４６,2026-03-17,2026-03-22,17,宮島,一般,１　３４１２F３１　５,2026-03-08,2026-03-11,13,尼崎,一般,１　５２３４２３,2026-02-24,2026-03-01,14,鳴門,ＧⅠ,２　６　１２４　４　１１,5362,中嶋 世奈,2026-07-03,2026-07-08,12,住之江,一般,６　２５５　５３６　F,2026-06-07,2026-06-12,09,津,一般,５３３　５６５　６　３５,2026-05-24,2026-05-29,24,大村,一般,２　５６３　４１４　５４,2026-05-03,2026-05-08,06,浜名湖,一般,５６３　６６２　６　５,2026-04-24,2026-04-29,08,常滑,一般,５　５６５　６５６５４
202607280405,2026-07-28,04,05R,5317,長尾 萌加,2026-07-15,2026-07-19,17,宮島,一般,６２５　１　２２３３,2026-06-21,2026-06-26,16,児島,一般,２５５　３４４　５　６６,2026-06-06,2026-06-11,15,丸亀,一般,４６５　３１４　４　２５,2026-05-19,2026-05-23,16,児島,一般,５５６　５　３５３４,2026-05-11,2026-05-14,12,住之江,一般,６３２５４　１２,5231,寺田 空詩,2026-07-07,2026-07-12,11,びわこ,一般,１３４　３２２１３４１,2026-06-28,2026-07-01,10,三国,一般,４　２２１６１４,2026-06-18,2026-06-23,02,戸田,一般,５　５１３１６３１４３,2026-05-29,2026-06-02,14,鳴門,一般,６１４　２３１　５５,2026-05-18,2026-05-23,18,徳山,ＧⅢ,２　２２１３１２１２[４],4546,浜田 亜理沙,2026-07-13,2026-07-18,13,尼崎,ＧⅢ,３３４　３１１１３１[２],2026-06-29,2026-07-04,08,常滑,一般,２５１１２２２１４１[３],2026-06-18,2026-06-23,02,戸田,一般,１４１２３　１４１２[２],2026-05-30,2026-06-04,05,多摩川,ＧⅢ,３２３１２　２２２１[２],2026-05-18,2026-05-23,18,徳山,ＧⅢ,１　３２２３２３２３２１,5436,市川 瑚幸,2026-06-29,2026-07-04,08,常滑,一般,６　６５６　６６５６６,2026-06-24,2026-06-28,04,平和島,一般,６６６　４６,2026-06-07,2026-06-11,05,多摩川,一般,６　６　６５６　５４,2026-05-12,2026-05-16,04,平和島,一般,６　５　６６６５６５,2026-04-27,2026-05-02,05,多摩川,一般,６　６６６６６　５　５,5389,恵良 琴美,2026-07-15,2026-07-19,17,宮島,一般,３　６　４６６３６,2026-07-01,2026-07-06,07,蒲郡,一般,５　６６５　５６５　３,2026-06-21,2026-06-24,19,下関,一般,６６５６５　６,2026-06-09,2026-06-14,11,びわこ,一般,６　６６４　４５５　５６,2026-05-24,2026-05-29,24,大村,一般,６　３６６　３４６　６６,4286,平田 さやか,2026-07-10,2026-07-15,06,浜名湖,一般,３　５６５　５２３　１１,2026-06-25,2026-06-29,18,徳山,一般,１５転５１２１　１４,2026-06-12,2026-06-17,22,福岡,ＧⅢ,２　３５１３３３１２[４],2026-05-30,2026-06-04,05,多摩川,ＧⅢ,１　２４２６４　４４４３,2026-05-21,2026-05-24,19,下関,一般,３２２　３３３２
202607280406,2026-07-28,04,06R,4117,廣中 智紗衣,2026-07-13,2026-07-18,13,尼崎,ＧⅢ,５２３３１　２４５５１２,2026-07-01,2026-07-06,07,蒲郡,一般,２２２　２６５　６　４１,2026-06-18,2026-06-23,02,戸田,一般,３３２３４　２２２３１２,2026-05-30,2026-06-04,05,多摩川,ＧⅢ,２３２５１　３３４６２４,2026-05-12,2026-05-17,07,蒲郡,一般,６２３３２５１６６２２２,4746,大豆生田 蒼,2026-07-12,2026-07-16,05,多摩川,一般,３４２　６６６　３,2026-06-18,2026-06-23,02,戸田,一般,４２１３６　４２２２３,2026-06-06,2026-06-11,15,丸亀,一般,５２２１１３２　４４１６,2026-04-25,2026-04-30,06,浜名湖,一般,１　２５６４５　３１３３,2026-04-15,2026-04-20,09,津,一般,２　３２３５３３１２[６],4853,前原 哉,2026-07-15,2026-07-19,17,宮島,一般,４　３３５　５５２５,2026-06-24,2026-06-29,12,住之江,一般,４　３１１　３６１３１３,2026-06-04,2026-06-08,08,常滑,一般,６　４４５３６５３５,2026-05-18,2026-05-23,18,徳山,ＧⅢ,５　４１２　２４２４５３,2026-05-02,2026-05-07,16,児島,一般,３　４３４　３２６　１６,5314,中曽 瑠華,2026-07-18,2026-07-21,20,若松,一般,５３５５６　４,2026-07-07,2026-07-12,11,びわこ,一般,３５５　６　５６１　５３,2026-06-24,2026-06-28,04,平和島,一般,　　　　　　４１,2026-06-12,2026-06-17,22,福岡,ＧⅢ,５　５６５　４２５　３６,2026-05-28,2026-06-02,01,桐生,一般,５　６転３　５２６,5203,神里 琴音,2026-07-07,2026-07-12,11,びわこ,一般,６４,2026-06-12,2026-06-17,22,福岡,ＧⅢ,４４１　２５落,2026-05-29,2026-06-02,14,鳴門,一般,５　５６３３,2026-05-20,2026-05-25,09,津,一般,１３２　３３５１１４６１,2026-05-05,2026-05-10,15,丸亀,ＧⅡ,５３２　６　５３６　３２,4845,前田 紗希,2026-07-17,2026-07-20,02,戸田,一般,１３６１２１[４],2026-05-30,2026-06-04,05,多摩川,ＧⅢ,３１１　２３５１３１[６],2026-05-16,2026-05-19,06,浜名湖,一般,１４１３F２２,2026-05-05,2026-05-10,15,丸亀,ＧⅡ,１　１３４　２２５　２２,2026-04-22,2026-04-27,20,若松,ＧⅢ,２４１１１　５２２２[６]
202607280407,2026-07-28,04,07R,4680,後藤 美翼,2026-07-17,2026-07-20,02,戸田,一般,５３３５５　２４,2026-07-09,2026-07-13,14,鳴門,一般,６２５５３　２　３１,2026-06-30,2026-07-05,23,からつ,一般,２４１　３１４１２５４５,2026-06-17,2026-06-22,13,尼崎,一般,３　２２２３４４転６４転,2026-05-30,2026-06-04,05,多摩川,ＧⅢ,３６３　２４２　１４１４,4244,鈴木 成美,2026-06-26,2026-07-01,17,宮島,一般,６２２　４６２１６　５５,2026-06-06,2026-06-10,06,浜名湖,一般,６　５６３　６５６６,2026-05-18,2026-05-23,18,徳山,ＧⅢ,２４４　２１６２４６１４,2026-05-09,2026-05-12,20,若松,一般,６６６３５　２,2026-01-06,2026-01-11,16,児島,一般,６　４６６　６４４　５５,5241,門田 栞,2026-07-13,2026-07-18,13,尼崎,ＧⅢ,４　１３１５３　４６F４,2026-06-24,2026-06-29,12,住之江,一般,４　２５２　３３５５４,2026-06-06,2026-06-11,15,丸亀,一般,１４２　２３２　４３３６,2026-05-29,2026-06-02,14,鳴門,一般,　　　　　　　　２２,2026-05-24,2026-05-29,24,大村,一般,４　２４１４２６２５５３,5380,野田 亜湖,2026-07-18,2026-07-21,20,若松,一般,６５６　６　６５,2026-06-29,2026-07-04,08,常滑,一般,５６６　６６６　６　４６,2026-06-19,2026-06-24,11,びわこ,一般,６６６　６６６　６　６６,2026-06-09,2026-06-14,11,びわこ,一般,６　６６６　６５６６６,2026-05-21,2026-05-24,19,下関,一般,６　６５６　６６,5265,大廣 咲季,2026-07-13,2026-07-18,13,尼崎,ＧⅢ,４　５転５　２４５　３,2026-06-24,2026-06-29,12,住之江,一般,５　１６６　１３４　２６,2026-06-06,2026-06-11,15,丸亀,一般,１　５５５　６３６　３３,2026-05-27,2026-05-31,18,徳山,一般,３　５３６　４　５１,2026-05-10,2026-05-15,16,児島,一般,５２５　３６３　５　６１,4123,細川 裕子,2026-07-13,2026-07-18,13,尼崎,ＧⅢ,２４１　２２１５転欠,2026-07-05,2026-07-09,24,大村,一般,１５３１２４６５３３,2026-06-24,2026-06-29,12,住之江,一般,２１３　１　６３１６１２,2026-06-12,2026-06-17,22,福岡,ＧⅢ,１３２４２４１　４３２３,2026-05-30,2026-06-04,05,多摩川,ＧⅢ,２６１　２１１４２４４６
202607280408,2026-07-28,04,08R,4225,土屋 千明,2026-07-14,2026-07-19,01,桐生,一般,２１３　２６１　５３４２,2026-06-13,2026-06-16,06,浜名湖,一般,１　１３２１[６],2026-05-05,2026-05-09,18,徳山,一般,３５５１４　５４１１,2026-04-22,2026-04-27,20,若松,ＧⅢ,４２３１１　３３５４１２,2026-04-05,2026-04-10,02,戸田,一般,２４３　３４１エ２４３１,4689,豊田 結,2026-07-10,2026-07-15,06,浜名湖,一般,６２６　４６６　６　３,2026-07-01,2026-07-06,07,蒲郡,一般,３２４　４３１　４　２４,2026-06-07,2026-06-11,05,多摩川,一般,３５５　２６４　３,2026-05-24,2026-05-29,24,大村,一般,３　５６６　６６４　６,2026-05-12,2026-05-17,07,蒲郡,一般,１　１２１３２２２３２１,5347,井澤 聖奈,2026-07-14,2026-07-19,01,桐生,一般,６６６　６　６６５　６,2026-07-01,2026-07-06,07,蒲郡,一般,５　６６５６６　５　４,2026-06-21,2026-06-24,10,三国,一般,４　６６６　６６,2026-05-12,2026-05-17,07,蒲郡,一般,５６６　６６６　６　５６,2026-04-25,2026-04-30,13,尼崎,一般,５　６　６６６６６　転,4208,三浦 永理,2026-07-13,2026-07-18,13,尼崎,ＧⅢ,１５３　４２２２１６１３,2026-07-01,2026-07-06,07,蒲郡,一般,５　５１１４５　３　１２,2026-06-20,2026-06-25,06,浜名湖,一般,１３２１５　１２２２[５],2026-06-09,2026-06-14,11,びわこ,一般,１３６４２　３６３　６１,2026-05-30,2026-06-04,05,多摩川,ＧⅢ,３　１２３２３１２１[１],5361,植竹 玲奈,2026-07-09,2026-07-13,14,鳴門,一般,３　３６４６４　６,2026-06-24,2026-06-28,04,平和島,一般,６　５６２４５４,2026-06-09,2026-06-13,07,蒲郡,一般,４　３５６　落欠,2026-05-24,2026-05-29,24,大村,一般,５　４３落　６６６　６５,2026-05-01,2026-05-06,01,桐生,一般,６　６　６４６　６５４,4891,寺島 美里,2026-07-12,2026-07-16,05,多摩川,一般,５５６　１２４　２３,2026-06-21,2026-06-26,16,児島,一般,２２５　６３４　３５１,2026-05-12,2026-05-17,07,蒲郡,一般,４　２２２　５４３５１５,2026-04-27,2026-05-02,05,多摩川,一般,４　４５５　５６５　５４,2026-04-08,2026-04-12,11,びわこ,一般,３　１４３５３　２４
202607280409,2026-07-28,04,09R,4464,山下 友貴,2026-07-10,2026-07-15,06,浜名湖,一般,２１３２１　２２３１[１],2026-07-01,2026-07-06,07,蒲郡,一般,２１２　５６１　３２[２],2026-06-12,2026-06-17,22,福岡,ＧⅢ,３３２　２５５　２１２４,2026-05-30,2026-06-04,05,多摩川,ＧⅢ,６　２５１　１５２２１３,2026-05-22,2026-05-26,23,からつ,一般,６　１６３４３　３３,4419,原 加央理,2026-07-13,2026-07-18,13,尼崎,ＧⅢ,２６４４５　３２５１２３,2026-06-29,2026-07-04,08,常滑,一般,３　３１６　１６１４６３,2026-06-13,2026-06-16,06,浜名湖,一般,５６６　３２３４,2026-05-28,2026-06-02,01,桐生,一般,４２２　３５２　１２,2026-05-12,2026-05-17,07,蒲郡,一般,５６１　４３２　３６４,4893,渡邉 真奈美,2026-07-10,2026-07-15,06,浜名湖,一般,２６４　５２６　２　６６,2026-06-17,2026-06-20,07,蒲郡,一般,５　４３５１５１,2026-06-05,2026-06-10,18,徳山,一般,３　５３４　３エ３２５,2026-05-24,2026-05-29,24,大村,一般,４５３　４５４　６１１,2026-05-03,2026-05-08,04,平和島,一般,２２６　１６５　１２１６,5194,大久保 佑香,2026-07-03,2026-07-08,12,住之江,一般,５　４６６　２２６　６６,2026-05-27,2026-06-01,08,常滑,一般,４　６３５　６２４　４４,2026-05-15,2026-05-18,13,尼崎,一般,L,2026-05-05,2026-05-10,15,丸亀,ＧⅡ,５　F６４　６　５　６,2026-04-22,2026-04-27,20,若松,ＧⅢ,１　３５３　４６２４２３,5436,市川 瑚幸,2026-06-29,2026-07-04,08,常滑,一般,６　６５６　６６５６６,2026-06-24,2026-06-28,04,平和島,一般,６６６　４６,2026-06-07,2026-06-11,05,多摩川,一般,６　６　６５６　５４,2026-05-12,2026-05-16,04,平和島,一般,６　５　６６６５６５,2026-04-27,2026-05-02,05,多摩川,一般,６　６６６６６　５　５,5174,川井 萌,2026-07-10,2026-07-15,06,浜名湖,一般,２　３１２５３１４５F３,2026-07-01,2026-07-06,07,蒲郡,一般,３３３　４　１３５　４３,2026-06-18,2026-06-23,02,戸田,一般,２　３４３　３２３５１４,2026-06-06,2026-06-10,06,浜名湖,一般,１　４３４２１５５４,2026-05-24,2026-05-28,21,芦屋,一般,６　２６４　２６２３
202607280410,2026-07-28,04,10R,5326,三嶌 さらら,2026-07-13,2026-07-18,13,尼崎,ＧⅢ,２　１２１　３５５１[５],2026-07-03,2026-07-08,13,尼崎,一般,１　６２５６６　３　４５,2026-06-24,2026-06-29,12,住之江,一般,５６３　３２４　４　１５,2026-06-15,2026-06-20,21,芦屋,一般,６　２３６　３５４３２,2026-06-06,2026-06-11,15,丸亀,一般,１　３２４　１５４４２２,4286,平田 さやか,2026-07-10,2026-07-15,06,浜名湖,一般,３　５６５　５２３　１１,2026-06-25,2026-06-29,18,徳山,一般,１５転５１２１　１４,2026-06-12,2026-06-17,22,福岡,ＧⅢ,２　３５１３３３１２[４],2026-05-30,2026-06-04,05,多摩川,ＧⅢ,１　２４２６４　４４４３,2026-05-21,2026-05-24,19,下関,一般,３２２　３３３２,4825,倉持 莉々,2026-07-07,2026-07-12,11,びわこ,一般,２４４５１３２２１２[４],2026-06-18,2026-06-23,02,戸田,一般,３３４１２　２１４２[３],2026-06-09,2026-06-13,07,蒲郡,一般,３５２１６４１３２５,2026-05-30,2026-06-04,05,多摩川,ＧⅢ,３２３２４　１１５３３１,2026-05-14,2026-05-18,10,三国,一般,１６１３３１２３１１,4714,喜多須 杏奈,2026-07-07,2026-07-12,11,びわこ,一般,１４２　２２３６４２[６],2026-06-18,2026-06-23,02,戸田,一般,３６４　５４３　６　２２,2026-05-29,2026-06-02,14,鳴門,一般,４２妨　４　３４５,2026-05-18,2026-05-23,18,徳山,ＧⅢ,２　６５５５４　５　３２,2026-05-05,2026-05-10,15,丸亀,ＧⅡ,３　５４６　４５４　５２,5362,中嶋 世奈,2026-07-03,2026-07-08,12,住之江,一般,６　２５５　５３６　F,2026-06-07,2026-06-12,09,津,一般,５３３　５６５　６　３５,2026-05-24,2026-05-29,24,大村,一般,２　５６３　４１４　５４,2026-05-03,2026-05-08,06,浜名湖,一般,５６３　６６２　６　５,2026-04-24,2026-04-29,08,常滑,一般,５　５６５　６５６５４,5322,根岸 真優,2026-07-07,2026-07-12,11,びわこ,一般,６２１　３５６２６　４４,2026-06-29,2026-07-04,08,常滑,一般,６　６６６　４６６　５４,2026-06-18,2026-06-23,02,戸田,一般,１　５１３　３６３６３６,2026-05-27,2026-06-01,08,常滑,一般,６５３　６６５　６　６６,2026-05-16,2026-05-19,06,浜名湖,一般,転６６　６　６５
202607280411,2026-07-28,04,11R,4190,長嶋 万記,2026-07-10,2026-07-15,06,浜名湖,一般,１５１１３　３１２１[４],2026-07-01,2026-07-06,07,蒲郡,一般,１　１５３　３２１３[４],2026-06-21,2026-06-24,10,三国,一般,３４１５１４４５,2026-06-12,2026-06-17,22,福岡,ＧⅢ,２　１５１１２３１３２１,2026-05-05,2026-05-10,15,丸亀,ＧⅡ,３２５　５　４４２　３６,4961,西橋 奈未,2026-07-18,2026-07-21,20,若松,一般,１６３１２３４２,2026-07-07,2026-07-12,02,戸田,ＧⅡ,４６５　４　５５３　１,2026-06-17,2026-06-22,24,大村,ＧⅡ,５　５６F　３　６　３,2026-06-05,2026-06-10,18,徳山,一般,２２４１１　１４４２[２],2026-05-26,2026-05-31,06,浜名湖,ＳＧ,６１４　２６５　４４６,5317,長尾 萌加,2026-07-15,2026-07-19,17,宮島,一般,６２５　１　２２３３,2026-06-21,2026-06-26,16,児島,一般,２５５　３４４　５　６６,2026-06-06,2026-06-11,15,丸亀,一般,４６５　３１４　４　２５,2026-05-19,2026-05-23,16,児島,一般,５５６　５　３５３４,2026-05-11,2026-05-14,12,住之江,一般,６３２５４　１２,4244,鈴木 成美,2026-06-26,2026-07-01,17,宮島,一般,６２２　４６２１６　５５,2026-06-06,2026-06-10,06,浜名湖,一般,６　５６３　６５６６,2026-05-18,2026-05-23,18,徳山,ＧⅢ,２４４　２１６２４６１４,2026-05-09,2026-05-12,20,若松,一般,６６６３５　２,2026-01-06,2026-01-11,16,児島,一般,６　４６６　６４４　５５,5314,中曽 瑠華,2026-07-18,2026-07-21,20,若松,一般,５３５５６　４,2026-07-07,2026-07-12,11,びわこ,一般,３５５　６　５６１　５３,2026-06-24,2026-06-28,04,平和島,一般,　　　　　　４１,2026-06-12,2026-06-17,22,福岡,ＧⅢ,５　５６５　４２５　３６,2026-05-28,2026-06-02,01,桐生,一般,５　６転３　５２６,4627,藤原 菜希,2026-07-09,2026-07-13,16,児島,一般,２３２２２　４４１１,2026-04-27,2026-05-02,05,多摩川,一般,３５６６４　１３１　４６,2026-03-17,2026-03-22,17,宮島,一般,１　３４１２F３１　５,2026-03-08,2026-03-11,13,尼崎,一般,１　５２３４２３,2026-02-24,2026-03-01,14,鳴門,ＧⅠ,２　６　１２４　４　１１
202607280412,2026-07-28,04,12R,4208,三浦 永理,2026-07-13,2026-07-18,13,尼崎,ＧⅢ,１５３　４２２２１６１３,2026-07-01,2026-07-06,07,蒲郡,一般,５　５１１４５　３　１２,2026-06-20,2026-06-25,06,浜名湖,一般,１３２１５　１２２２[５],2026-06-09,2026-06-14,11,びわこ,一般,１３６４２　３６３　６１,2026-05-30,2026-06-04,05,多摩川,ＧⅢ,３　１２３２３１２１[１],5324,畑田 希咲,2026-07-13,2026-07-18,13,尼崎,ＧⅢ,５　５５５　４６４　６,2026-06-18,2026-06-23,02,戸田,一般,４　５５落　６３５　４６,2026-05-30,2026-06-04,05,多摩川,ＧⅢ,４５４　６４５　６　４,2026-05-04,2026-05-09,13,尼崎,一般,４　５６４　３　１６６,2026-04-15,2026-04-20,09,津,一般,５　５６３　４５５　５６,4680,後藤 美翼,2026-07-17,2026-07-20,02,戸田,一般,５３３５５　２４,2026-07-09,2026-07-13,14,鳴門,一般,６２５５３　２　３１,2026-06-30,2026-07-05,23,からつ,一般,２４１　３１４１２５４５,2026-06-17,2026-06-22,13,尼崎,一般,３　２２２３４４転６４転,2026-05-30,2026-06-04,05,多摩川,ＧⅢ,３６３　２４２　１４１４,5231,寺田 空詩,2026-07-07,2026-07-12,11,びわこ,一般,１３４　３２２１３４１,2026-06-28,2026-07-01,10,三国,一般,４　２２１６１４,2026-06-18,2026-06-23,02,戸田,一般,５　５１３１６３１４３,2026-05-29,2026-06-02,14,鳴門,一般,６１４　２３１　５５,2026-05-18,2026-05-23,18,徳山,ＧⅢ,２　２２１３１２１２[４],4746,大豆生田 蒼,2026-07-12,2026-07-16,05,多摩川,一般,３４２　６６６　３,2026-06-18,2026-06-23,02,戸田,一般,４２１３６　４２２２３,2026-06-06,2026-06-11,15,丸亀,一般,５２２１１３２　４４１６,2026-04-25,2026-04-30,06,浜名湖,一般,１　２５６４５　３１３３,2026-04-15,2026-04-20,09,津,一般,２　３２３５３３１２[６],4765,野田部 宏子,2026-07-18,2026-07-21,20,若松,一般,５５５２５　１,2026-06-09,2026-06-13,07,蒲郡,一般,６　４３４３４３２,2026-05-28,2026-06-02,01,桐生,一般,６４３　３　６３６,2026-05-07,2026-05-11,24,大村,一般,４５６　F５６　６,2026-04-24,2026-04-29,04,平和島,一般,１　４４３６４　５４６
202607280901,2026-07-28,09,01R,4434,田中 辰彦,2026-07-15,2026-07-19,08,常滑,一般,１４４　２６２５１６,2026-06-30,2026-07-05,23,からつ,一般,１　３４２２３５１２[４],2026-06-18,2026-06-21,20,若松,一般,５６２２３３３,2026-06-09,2026-06-14,11,びわこ,一般,３１２１３１２２５１[１],2026-06-01,2026-06-05,19,下関,一般,１５２１２５４１[２],4068,幸田 智裕,2026-07-15,2026-07-19,17,宮島,一般,４５６　２４６　４４,2026-07-03,2026-07-08,13,尼崎,一般,２　３２３　３３１３４３,2026-06-25,2026-06-29,21,芦屋,一般,６３４　３１３　４２,2026-06-09,2026-06-13,07,蒲郡,一般,４５３　４２２１２転,2026-05-20,2026-05-25,09,津,一般,４４４　４３１　６５５３,5185,加藤 優弥,2026-07-12,2026-07-16,05,多摩川,一般,５沈５４４　５　６,2026-06-29,2026-07-03,11,びわこ,一般,１５４　４１F　５,2026-06-20,2026-06-25,06,浜名湖,一般,２　６３１　３３４４４６,2026-05-13,2026-05-18,19,下関,一般,１　２２５１５　１２[３],2026-05-02,2026-05-07,10,三国,一般,２　５６４　４１２６１,4837,酒井 陽祐,2026-07-12,2026-07-16,05,多摩川,一般,５３５　２　２５４２,2026-06-29,2026-07-04,08,常滑,一般,２　２２２　４３１６１２,2026-06-21,2026-06-24,10,三国,一般,２欠４　３　２２,2026-05-31,2026-06-05,13,尼崎,一般,１３２　３４６　６６１４,2026-05-09,2026-05-14,09,津,ＧⅢ,３６２　５６６　２　６６,3637,齋藤 和政,2026-07-15,2026-07-19,08,常滑,一般,１　６４５６４　６２,2026-06-30,2026-07-05,06,浜名湖,一般,４４６　５４６　５,2026-06-17,2026-06-22,17,宮島,ＧⅢ,６　５６２　５６５　６,2026-06-01,2026-06-04,24,大村,一般,３１　　６　５３,2026-05-20,2026-05-25,09,津,一般,５３５　４１３　４５４５,3497,後藤 浩,2026-07-09,2026-07-14,15,丸亀,一般,２　５６５　１６５　５,2026-06-22,2026-06-27,22,福岡,一般,４５４　５６６,2026-06-09,2026-06-13,07,蒲郡,一般,２６５　５６,2026-05-30,2026-06-03,12,住之江,一般,１６２　５　４６５５,2026-05-16,2026-05-21,17,宮島,一般,５　２１２　３６３４１４
202607280902,2026-07-28,09,02R,4340,土性 雅也,2026-07-15,2026-07-19,08,常滑,一般,４　４５６　６１６４,2026-06-29,2026-07-03,11,びわこ,一般,６　５６５　６５２,2026-06-07,2026-06-12,09,津,一般,５　５４１　５４２　３２,2024-11-06,2024-11-09,08,常滑,一般,６　不欠,2024-10-23,2024-10-28,16,児島,一般,５５５　２３４２６　４４,4151,下河 誉史,2026-07-10,2026-07-15,22,福岡,一般,３　１３２　１２３３３１,2026-06-25,2026-06-30,01,桐生,ＧⅢ,５５５　１５５　５　１５,2026-06-11,2026-06-15,20,若松,一般,１５不　４６,2026-05-28,2026-05-31,02,戸田,一般,５２６　３　不欠,2026-05-12,2026-05-16,04,平和島,一般,２　４４４５４　５３,3475,橋本 久和,2026-07-17,2026-07-20,02,戸田,一般,６４４　３４４２,2026-07-07,2026-07-12,20,若松,ＧⅢ,４６４　６６５　４　３５,2026-06-22,2026-06-27,22,福岡,一般,２２１　２１１３５１[妨],2026-05-16,2026-05-21,14,鳴門,一般,４６５　５５５　３１４,2026-05-01,2026-05-06,01,桐生,一般,１２２　２４　　５　３１,4293,鈴木 智啓,2026-07-15,2026-07-19,17,宮島,一般,１５２　６６４　４５,2026-07-01,2026-07-06,22,福岡,一般,２６４　５１３　１５５,2026-06-17,2026-06-22,05,多摩川,一般,５３６　３３４　２　３１,2026-06-04,2026-06-08,08,常滑,一般,２１３６５　３３５４,2026-05-21,2026-05-24,19,下関,一般,１　３２２４１６,4023,柴田 友和,2026-07-14,2026-07-19,01,桐生,一般,５２４　４２５　４　３４,2026-06-30,2026-07-05,23,からつ,一般,４　６２６４３６４　６５,2026-06-20,2026-06-25,06,浜名湖,一般,５　３６４　５４１　４６,2026-06-03,2026-06-07,03,江戸川,一般,５　６５５５,2026-05-15,2026-05-20,20,若松,一般,１６５　４４１　５　３５,4723,寺島 吉彦,2026-07-17,2026-07-20,02,戸田,一般,１４４４５　３２,2026-06-24,2026-06-29,03,江戸川,一般,１　５６転,2026-06-07,2026-06-11,05,多摩川,一般,３　５４６１５　５,2026-05-14,2026-05-18,10,三国,一般,４　２５６６４　３,2026-04-26,2026-05-01,03,江戸川,一般,４　１２　　５１１　４６
202607280903,2026-07-28,09,03R,5074,大澤 誠也,2026-07-10,2026-07-13,19,下関,一般,１　６３４４４,2026-06-28,2026-07-03,20,若松,一般,４　１４５　１３４６６,2026-06-17,2026-06-22,05,多摩川,一般,６１６　４　６６５　６２,2026-06-03,2026-06-07,03,江戸川,一般,４　２６５　４１,2026-05-23,2026-05-28,10,三国,一般,４　２５６　４４３２４５,3654,武田 光史,2026-07-18,2026-07-21,20,若松,一般,欠,2026-07-07,2026-07-12,10,三国,ＧⅢ,３５６　１３６３４６１１,2026-06-29,2026-07-03,11,びわこ,一般,２６１２１１２１[１],2026-06-17,2026-06-22,17,宮島,ＧⅢ,２２１　６６３１５６１３,2026-06-01,2026-06-04,24,大村,一般,２１　　５２１３,4793,金子 萌,2026-07-12,2026-07-16,05,多摩川,一般,４６１　２５１　６２,2026-06-30,2026-07-05,16,児島,ＧⅡ,１　１６２　２　４　１６,2026-06-21,2026-06-24,10,三国,一般,４１１１４１[４],2026-06-11,2026-06-15,20,若松,一般,５　５３１３１１６２,2026-05-29,2026-06-03,11,びわこ,一般,１２６　３３２１４１[１],3602,奥平 拓也,2026-07-15,2026-07-19,08,常滑,一般,４５５６２　６　６,2026-07-03,2026-07-08,12,住之江,一般,４２６　６　５４２　４３,2026-06-24,2026-06-29,03,江戸川,一般,５　２１２　１３２３[５],2026-06-17,2026-06-20,07,蒲郡,一般,転５転欠,2026-05-31,2026-06-05,20,若松,一般,２２６　３６４　４　６４,4489,岩川 仁士,2026-07-17,2026-07-20,02,戸田,一般,１２４４２　１２,2026-07-05,2026-07-09,05,多摩川,一般,５２４　２１５６１５,2026-06-25,2026-06-29,21,芦屋,一般,３　３４３３４６２４,2026-06-16,2026-06-21,18,徳山,ＧⅢ,５　１２５　３４２　４３,2026-05-31,2026-06-05,20,若松,一般,１５１　４４４　２６５４,4500,山田 康二,2026-07-17,2026-07-22,16,児島,ＧⅢ,３５５１１２２　１４１１,2026-07-07,2026-07-12,02,戸田,ＧⅡ,２　２４２４１　５　１２,2026-06-23,2026-06-28,14,鳴門,ＳＧ,６２５　１５５　５３２,2026-06-08,2026-06-13,13,尼崎,ＧⅠ,３１５　１４１　１　[２],2026-05-26,2026-05-31,06,浜名湖,ＳＧ,４　４　１２１　２　[３]
202607280904,2026-07-28,09,04R,4663,籾山 佳岳,2026-07-14,2026-07-19,01,桐生,一般,１　４４２　２４２５２１,2026-06-30,2026-07-05,06,浜名湖,一般,１６６　F４３　６　３,2026-06-21,2026-06-25,08,常滑,一般,４１３　６３１６３１,2026-06-09,2026-06-14,11,びわこ,一般,２４５　３２１　３４１２,2026-05-16,2026-05-21,17,宮島,一般,４５４　１５４５３　４１,3852,澤 大介,2026-07-18,2026-07-22,10,三国,一般,５　６５１　５　３６,2026-07-05,2026-07-09,05,多摩川,一般,４　４　１１１２[４],2026-06-23,2026-06-28,07,蒲郡,一般,６　１６６　３３３　１５,2026-06-07,2026-06-12,09,津,一般,１５２　４６１　５５３６,2026-05-28,2026-05-31,02,戸田,一般,５３３　５６４,4908,上田 龍星,2026-07-18,2026-07-21,20,若松,一般,２５１１１２[６],2026-06-30,2026-07-05,16,児島,ＧⅡ,２３１　１　２３１　[５],2026-06-17,2026-06-22,24,大村,ＧⅡ,５２１　４　１５４　１３,2026-06-08,2026-06-13,13,尼崎,ＧⅠ,３５５　１　３３４　３,2026-05-20,2026-05-25,11,びわこ,ＧⅡ,５３１　１　３３４　２４,3251,平石 和男,2026-07-16,2026-07-21,11,びわこ,一般,４４２１４３１　２５１４,2026-07-07,2026-07-12,10,三国,ＧⅢ,３　２３２２２３１５２２,2026-06-22,2026-06-27,22,福岡,一般,３　５３３４３１３２[４],2026-06-11,2026-06-16,16,児島,一般,６２６　１５３　１３５,2026-05-29,2026-06-02,23,からつ,一般,４　５６２３２　２５,3708,岡部 貴司,2026-07-14,2026-07-19,21,芦屋,一般,転　４４４　４２６　２６,2026-06-30,2026-07-05,06,浜名湖,一般,３　５３６　３２３２４２,2026-06-19,2026-06-24,11,びわこ,一般,４５２　２４１　２３３１,2026-06-01,2026-06-04,24,大村,一般,４　２　２３１４,2026-05-19,2026-05-23,16,児島,一般,３４１４６　３　５１,4624,高田 明,2026-07-16,2026-07-21,11,びわこ,一般,３６２１３４１　２１[２],2026-06-09,2026-06-14,23,からつ,一般,４５１　２２１３３４２５,2026-05-29,2026-06-02,14,鳴門,一般,１４２３１２５２[５],2026-05-11,2026-05-16,03,江戸川,ＧⅡ,１　１５４　１　３　[６],2026-05-01,2026-05-06,23,からつ,一般,１　２４３１５３１F３
202607280905,2026-07-28,09,05R,4514,上條 嘉嗣,2026-07-12,2026-07-16,05,多摩川,一般,２２５３３２１４５６,2026-07-02,2026-07-06,21,芦屋,一般,１３１２６２２２[４],2026-06-22,2026-06-27,23,からつ,一般,２２１　１６１１４１[２],2026-06-14,2026-06-17,12,住之江,一般,３６１　１１[２],2026-06-01,2026-06-05,19,下関,一般,２６２１４１１２[６],3752,宇土 泰就,2026-07-15,2026-07-19,08,常滑,一般,６５４　４３５　３３,2026-07-02,2026-07-06,21,芦屋,一般,３　４６６　１６６４,2026-06-22,2026-06-27,22,福岡,一般,４　４５５　３１６３３５,2026-06-10,2026-06-13,14,鳴門,一般,３　４６３　３６,2026-05-25,2026-05-31,03,江戸川,一般,１４５　１３５３　　６　２５,5321,一色 颯輝,2026-06-21,2026-06-24,10,三国,一般,２１３　２４５３,2026-06-09,2026-06-13,07,蒲郡,一般,１　３３３６５４５２,2026-05-22,2026-05-27,13,尼崎,一般,５１１　２３２　４F５,2026-05-03,2026-05-08,08,常滑,一般,２４１　４６４　４６６,2026-04-23,2026-04-28,16,児島,一般,６５６５４　２　４６１６,3663,木山 和幸,2026-07-14,2026-07-19,21,芦屋,一般,４６２　１　３１４４６６,2026-07-01,2026-07-06,22,福岡,一般,５２２　６２５　５６２,2026-06-25,2026-06-29,21,芦屋,一般,５　２３２２１４１５,2026-06-17,2026-06-22,17,宮島,ＧⅢ,６　４６５　５５３１４４,2026-06-09,2026-06-13,07,蒲郡,一般,１４３　３２２５１６,4491,田中 堅,2026-07-10,2026-07-15,06,浜名湖,一般,５　６５５　５６４　１,2026-07-02,2026-07-07,04,平和島,一般,２４２　４５２　６３３６,2026-06-25,2026-06-29,21,芦屋,一般,５５４　５３６　４２,2026-06-18,2026-06-21,04,平和島,一般,６４５　２５２５,2026-06-03,2026-06-07,07,蒲郡,一般,３４２　６６４,4811,向井田 佑紀,2026-07-15,2026-07-19,17,宮島,一般,１　２３５３２４５６,2026-06-30,2026-07-05,06,浜名湖,一般,５５３　６６５　２　３３,2026-06-21,2026-06-25,08,常滑,一般,１５５２３　３５４４,2026-06-10,2026-06-13,14,鳴門,一般,　　　　１１３４,2026-05-31,2026-06-05,13,尼崎,一般,１２５　１１３　５１[６]
202607280906,2026-07-28,09,06R,4979,中野 夢斗,2026-07-18,2026-07-22,10,三国,一般,６　４５５　５　６,2026-07-05,2026-07-09,05,多摩川,一般,４４４　２４４　５３,2026-06-25,2026-06-29,18,徳山,一般,１２１　５３１２[５],2026-06-17,2026-06-20,07,蒲郡,一般,５６６,2026-06-06,2026-06-10,06,浜名湖,一般,４４３　５１４　２５,4543,重木 輝彦,2026-06-12,2026-06-17,19,下関,一般,４　１５４３３４５５６,2026-05-31,2026-06-05,20,若松,一般,３１４　３３１　１３５６,2026-05-16,2026-05-21,17,宮島,一般,１２２１１１２　４１[１],2026-05-04,2026-05-09,13,尼崎,一般,４１２　１２２　４　F３,2026-04-21,2026-04-25,01,桐生,一般,４４４２２　２５１３,4311,岡村 仁,2026-06-21,2026-06-24,19,下関,一般,２４２２３３２１,2026-06-09,2026-06-14,23,からつ,一般,１６６３１　１６５４２１,2026-05-23,2026-05-27,12,住之江,一般,F１１　２　４　６,2026-05-11,2026-05-16,03,江戸川,ＧⅡ,５　５　３１３　１１１６,2026-05-03,2026-05-08,12,住之江,一般,５　１３２　２２１３３４,5424,熊倉 幹太,2026-06-27,2026-07-01,02,戸田,一般,５５５　６　６６６,2026-06-11,2026-06-16,03,江戸川,一般,５　５６６　４４６６５,2026-05-12,2026-05-16,01,桐生,一般,６　４　６エ６　６,2026-04-13,2026-04-18,03,江戸川,一般,６６６　６６６　６６６,2026-03-20,2026-03-25,05,多摩川,一般,６　６　６６６　６　６５,4470,平田 健之佑,2026-07-15,2026-07-21,12,住之江,一般,２３１　５１１１１２４４２４,2026-07-01,2026-07-06,22,福岡,一般,４３４６３　２６２　３１,2026-06-21,2026-06-25,08,常滑,一般,２２３１４４１２[４],2026-06-09,2026-06-14,23,からつ,一般,１転３　落欠,2026-05-25,2026-05-31,03,江戸川,一般,２　４６２　２２１　２５１１,5185,加藤 優弥,2026-07-12,2026-07-16,05,多摩川,一般,５沈５４４　５　６,2026-06-29,2026-07-03,11,びわこ,一般,１５４　４１F　５,2026-06-20,2026-06-25,06,浜名湖,一般,２　６３１　３３４４４６,2026-05-13,2026-05-18,19,下関,一般,１　２２５１５　１２[３],2026-05-02,2026-05-07,10,三国,一般,２　５６４　４１２６１
202607280907,2026-07-28,09,07R,4113,木村 浩士,2026-07-15,2026-07-20,18,徳山,一般,５１３　２　３５５６４,2026-06-30,2026-07-05,06,浜名湖,一般,５３１　５３５　２４３１,2026-06-21,2026-06-25,08,常滑,一般,３　６４５２３　１３,2026-06-06,2026-06-10,24,大村,一般,５６５　４　５４５,2026-05-19,2026-05-24,01,桐生,一般,５３３　６６５　６　２５,4925,森 悠稀,2026-07-18,2026-07-22,10,三国,一般,４２５２２　１４１３,2026-06-30,2026-07-05,16,児島,ＧⅡ,３　１２３　２　５　２５,2026-06-17,2026-06-22,05,多摩川,一般,１４１　４２４　３２[６],2026-06-03,2026-06-07,07,蒲郡,一般,２６２　３３１２,2026-05-20,2026-05-25,11,びわこ,ＧⅡ,６　３６２　５　６４５,3952,中澤 和志,2026-07-18,2026-07-21,04,平和島,一般,４６２６１５３１,2026-06-30,2026-07-04,19,下関,一般,２１２１５１４１[５],2026-06-20,2026-06-25,06,浜名湖,一般,１５１５４１５　３３２１,2026-06-09,2026-06-14,11,びわこ,一般,３６３４１　３４２５２３,2026-05-25,2026-05-31,03,江戸川,一般,１１１　１４１　　　５１[６],3905,天野 友和,2026-07-17,2026-07-20,02,戸田,一般,４２２　３５３６,2026-07-03,2026-07-08,12,住之江,一般,５　３５３　２１３　２５,2026-06-20,2026-06-25,06,浜名湖,一般,２　３５２３６５４　４２,2026-06-09,2026-06-13,07,蒲郡,一般,２　１４４１１４１３,2026-06-01,2026-06-04,24,大村,一般,１　４　５５４,4151,下河 誉史,2026-07-10,2026-07-15,22,福岡,一般,３　１３２　１２３３３１,2026-06-25,2026-06-30,01,桐生,ＧⅢ,５５５　１５５　５　１５,2026-06-11,2026-06-15,20,若松,一般,１５不　４６,2026-05-28,2026-05-31,02,戸田,一般,５２６　３　不欠,2026-05-12,2026-05-16,04,平和島,一般,２　４４４５４　５３,4068,幸田 智裕,2026-07-15,2026-07-19,17,宮島,一般,４５６　２４６　４４,2026-07-03,2026-07-08,13,尼崎,一般,２　３２３　３３１３４３,2026-06-25,2026-06-29,21,芦屋,一般,６３４　３１３　４２,2026-06-09,2026-06-13,07,蒲郡,一般,４５３　４２２１２転,2026-05-20,2026-05-25,09,津,一般,４４４　４３１　６５５３
202607280908,2026-07-28,09,08R,4489,岩川 仁士,2026-07-17,2026-07-20,02,戸田,一般,１２４４２　１２,2026-07-05,2026-07-09,05,多摩川,一般,５２４　２１５６１５,2026-06-25,2026-06-29,21,芦屋,一般,３　３４３３４６２４,2026-06-16,2026-06-21,18,徳山,ＧⅢ,５　１２５　３４２　４３,2026-05-31,2026-06-05,20,若松,一般,１５１　４４４　２６５４,4364,池永 太,2026-07-07,2026-07-12,02,戸田,ＧⅡ,５２１　１　２３４　３６,2026-06-25,2026-06-30,13,尼崎,一般,４６６１,2026-06-12,2026-06-17,19,下関,一般,６６１　１１３３１４５２,2026-05-29,2026-06-03,11,びわこ,一般,６６,2026-05-11,2026-05-16,03,江戸川,ＧⅡ,６　４　１４５　３３６,3497,後藤 浩,2026-07-09,2026-07-14,15,丸亀,一般,２　５６５　１６５　５,2026-06-22,2026-06-27,22,福岡,一般,４５４　５６６,2026-06-09,2026-06-13,07,蒲郡,一般,２６５　５６,2026-05-30,2026-06-03,12,住之江,一般,１６２　５　４６５５,2026-05-16,2026-05-21,17,宮島,一般,５　２１２　３６３４１４,4700,金子 和之,2026-07-18,2026-07-21,20,若松,一般,４５２　１４２１,2026-07-07,2026-07-12,02,戸田,ＧⅡ,３　３６３　６　２４６,2026-06-21,2026-06-24,10,三国,一般,２５２５５　転５,2026-06-11,2026-06-16,16,児島,一般,２　３５１４１　５３３１,2026-05-29,2026-06-03,11,びわこ,一般,１３２６２６２　２３４１,4293,鈴木 智啓,2026-07-15,2026-07-19,17,宮島,一般,１５２　６６４　４５,2026-07-01,2026-07-06,22,福岡,一般,２６４　５１３　１５５,2026-06-17,2026-06-22,05,多摩川,一般,５３６　３３４　２　３１,2026-06-04,2026-06-08,08,常滑,一般,２１３６５　３３５４,2026-05-21,2026-05-24,19,下関,一般,１　３２２４１６,3995,重野 哲之,2026-07-13,2026-07-18,07,蒲郡,ＧⅡ,２　４６６　４F３　５,2026-06-25,2026-06-30,13,尼崎,一般,１３２１５　２３１３１１,2026-06-13,2026-06-16,06,浜名湖,一般,１５２４２２１４,2026-05-03,2026-05-08,06,浜名湖,一般,３２３　２１６　４４１３,2026-04-24,2026-04-29,04,平和島,一般,３１５　３３２１２５１２
202607280909,2026-07-28,09,09R,4793,金子 萌,2026-07-12,2026-07-16,05,多摩川,一般,４６１　２５１　６２,2026-06-30,2026-07-05,16,児島,ＧⅡ,１　１６２　２　４　１６,2026-06-21,2026-06-24,10,三国,一般,４１１１４１[４],2026-06-11,2026-06-15,20,若松,一般,５　５３１３１１６２,2026-05-29,2026-06-03,11,びわこ,一般,１２６　３３２１４１[１],4074,柳沢 一,2026-07-15,2026-07-21,12,住之江,一般,１１１　２１４１３３２２[４],2026-07-01,2026-07-06,22,福岡,一般,１３２３４２３　２３１３,2026-06-18,2026-06-21,20,若松,一般,２２２１２５２６,2026-06-08,2026-06-13,13,尼崎,ＧⅠ,５　５５４　５５５　６,2026-05-25,2026-05-31,07,蒲郡,一般,２１１　２３１１４１６転,4624,高田 明,2026-07-16,2026-07-21,11,びわこ,一般,３６２１３４１　２１[２],2026-06-09,2026-06-14,23,からつ,一般,４５１　２２１３３４２５,2026-05-29,2026-06-02,14,鳴門,一般,１４２３１２５２[５],2026-05-11,2026-05-16,03,江戸川,ＧⅡ,１　１５４　１　３　[６],2026-05-01,2026-05-06,23,からつ,一般,１　２４３１５３１F３,4340,土性 雅也,2026-07-15,2026-07-19,08,常滑,一般,４　４５６　６１６４,2026-06-29,2026-07-03,11,びわこ,一般,６　５６５　６５２,2026-06-07,2026-06-12,09,津,一般,５　５４１　５４２　３２,2024-11-06,2024-11-09,08,常滑,一般,６　不欠,2024-10-23,2024-10-28,16,児島,一般,５５５　２３４２６　４４,4155,長野 壮志郎,2026-07-15,2026-07-21,12,住之江,一般,３　１２１　４６２６,2026-07-02,2026-07-07,04,平和島,一般,４　１３３６４３１　３,2026-06-19,2026-06-24,11,びわこ,一般,３３２１４６２１２２[５],2026-06-09,2026-06-14,23,からつ,一般,２４１４２　３３５　６,2026-05-27,2026-05-31,18,徳山,一般,２６１５４２３５２６,4487,三原 司,2026-07-14,2026-07-19,01,桐生,一般,３４３　２４３　２５３,2026-06-29,2026-07-04,08,常滑,一般,１１６　４４３　６５１,2026-06-19,2026-06-24,11,びわこ,一般,３２１　５５５　４４１,2026-05-31,2026-06-05,13,尼崎,一般,５　３２４５１　４６２６,2026-05-16,2026-05-19,06,浜名湖,一般,４６３３４　３６
202607280910,2026-07-28,09,10R,3251,平石 和男,2026-07-16,2026-07-21,11,びわこ,一般,４４２１４３１　２５１４,2026-07-07,2026-07-12,10,三国,ＧⅢ,３　２３２２２３１５２２,2026-06-22,2026-06-27,22,福岡,一般,３　５３３４３１３２[４],2026-06-11,2026-06-16,16,児島,一般,６２６　１５３　１３５,2026-05-29,2026-06-02,23,からつ,一般,４　５６２３２　２５,4500,山田 康二,2026-07-17,2026-07-22,16,児島,ＧⅢ,３５５１１２２　１４１１,2026-07-07,2026-07-12,02,戸田,ＧⅡ,２　２４２４１　５　１２,2026-06-23,2026-06-28,14,鳴門,ＳＧ,６２５　１５５　５３２,2026-06-08,2026-06-13,13,尼崎,ＧⅠ,３１５　１４１　１　[２],2026-05-26,2026-05-31,06,浜名湖,ＳＧ,４　４　１２１　２　[３],3637,齋藤 和政,2026-07-15,2026-07-19,08,常滑,一般,１　６４５６４　６２,2026-06-30,2026-07-05,06,浜名湖,一般,４４６　５４６　５,2026-06-17,2026-06-22,17,宮島,ＧⅢ,６　５６２　５６５　６,2026-06-01,2026-06-04,24,大村,一般,３１　　６　５３,2026-05-20,2026-05-25,09,津,一般,５３５　４１３　４５４５,3874,山本 寛久,2026-07-13,2026-07-18,07,蒲郡,ＧⅡ,４　１　２４３　１　[５],2026-06-30,2026-07-05,16,児島,ＧⅡ,５６１　１　２２４　１２,2026-06-15,2026-06-20,21,芦屋,一般,３４３１３３１１３１[３],2026-06-03,2026-06-07,03,江戸川,一般,１４１　２１[１],2026-05-22,2026-05-26,23,からつ,一般,１　２４３４２５１１,3752,宇土 泰就,2026-07-15,2026-07-19,08,常滑,一般,６５４　４３５　３３,2026-07-02,2026-07-06,21,芦屋,一般,３　４６６　１６６４,2026-06-22,2026-06-27,22,福岡,一般,４　４５５　３１６３３５,2026-06-10,2026-06-13,14,鳴門,一般,３　４６３　３６,2026-05-25,2026-05-31,03,江戸川,一般,１４５　１３５３　　６　２５,4953,尾上 雅也,2026-07-17,2026-07-22,16,児島,ＧⅢ,５６３　１３４１３３１１,2026-07-10,2026-07-13,19,下関,一般,３２２１２１[６],2026-06-23,2026-06-28,07,蒲郡,一般,３５３３１１１２１３２１,2026-06-14,2026-06-18,01,桐生,一般,４４１１２４１６２６,2026-05-30,2026-06-03,12,住之江,一般,２６２４１　３４１４
202607280911,2026-07-28,09,11R,4543,重木 輝彦,2026-06-12,2026-06-17,19,下関,一般,４　１５４３３４５５６,2026-05-31,2026-06-05,20,若松,一般,３１４　３３１　１３５６,2026-05-16,2026-05-21,17,宮島,一般,１２２１１１２　４１[１],2026-05-04,2026-05-09,13,尼崎,一般,４１２　１２２　４　F３,2026-04-21,2026-04-25,01,桐生,一般,４４４２２　２５１３,3708,岡部 貴司,2026-07-14,2026-07-19,21,芦屋,一般,転　４４４　４２６　２６,2026-06-30,2026-07-05,06,浜名湖,一般,３　５３６　３２３２４２,2026-06-19,2026-06-24,11,びわこ,一般,４５２　２４１　２３３１,2026-06-01,2026-06-04,24,大村,一般,４　２　２３１４,2026-05-19,2026-05-23,16,児島,一般,３４１４６　３　５１,4434,田中 辰彦,2026-07-15,2026-07-19,08,常滑,一般,１４４　２６２５１６,2026-06-30,2026-07-05,23,からつ,一般,１　３４２２３５１２[４],2026-06-18,2026-06-21,20,若松,一般,５６２２３３３,2026-06-09,2026-06-14,11,びわこ,一般,３１２１３１２２５１[１],2026-06-01,2026-06-05,19,下関,一般,１５２１２５４１[２],4514,上條 嘉嗣,2026-07-12,2026-07-16,05,多摩川,一般,２２５３３２１４５６,2026-07-02,2026-07-06,21,芦屋,一般,１３１２６２２２[４],2026-06-22,2026-06-27,23,からつ,一般,２２１　１６１１４１[２],2026-06-14,2026-06-17,12,住之江,一般,３６１　１１[２],2026-06-01,2026-06-05,19,下関,一般,２６２１４１１２[６],5074,大澤 誠也,2026-07-10,2026-07-13,19,下関,一般,１　６３４４４,2026-06-28,2026-07-03,20,若松,一般,４　１４５　１３４６６,2026-06-17,2026-06-22,05,多摩川,一般,６１６　４　６６５　６２,2026-06-03,2026-06-07,03,江戸川,一般,４　２６５　４１,2026-05-23,2026-05-28,10,三国,一般,４　２５６　４４３２４５,4925,森 悠稀,2026-07-18,2026-07-22,10,三国,一般,４２５２２　１４１３,2026-06-30,2026-07-05,16,児島,ＧⅡ,３　１２３　２　５　２５,2026-06-17,2026-06-22,05,多摩川,一般,１４１　４２４　３２[６],2026-06-03,2026-06-07,07,蒲郡,一般,２６２　３３１２,2026-05-20,2026-05-25,11,びわこ,ＧⅡ,６　３６２　５　６４５
202607280912,2026-07-28,09,12R,3952,中澤 和志,2026-07-18,2026-07-21,04,平和島,一般,４６２６１５３１,2026-06-30,2026-07-04,19,下関,一般,２１２１５１４１[５],2026-06-20,2026-06-25,06,浜名湖,一般,１５１５４１５　３３２１,2026-06-09,2026-06-14,11,びわこ,一般,３６３４１　３４２５２３,2026-05-25,2026-05-31,03,江戸川,一般,１１１　１４１　　　５１[６],4470,平田 健之佑,2026-07-15,2026-07-21,12,住之江,一般,２３１　５１１１１２４４２４,2026-07-01,2026-07-06,22,福岡,一般,４３４６３　２６２　３１,2026-06-21,2026-06-25,08,常滑,一般,２２３１４４１２[４],2026-06-09,2026-06-14,23,からつ,一般,１転３　落欠,2026-05-25,2026-05-31,03,江戸川,一般,２　４６２　２２１　２５１１,4837,酒井 陽祐,2026-07-12,2026-07-16,05,多摩川,一般,５３５　２　２５４２,2026-06-29,2026-07-04,08,常滑,一般,２　２２２　４３１６１２,2026-06-21,2026-06-24,10,三国,一般,２欠４　３　２２,2026-05-31,2026-06-05,13,尼崎,一般,１３２　３４６　６６１４,2026-05-09,2026-05-14,09,津,ＧⅢ,３６２　５６６　２　６６,4908,上田 龍星,2026-07-18,2026-07-21,20,若松,一般,２５１１１２[６],2026-06-30,2026-07-05,16,児島,ＧⅡ,２３１　１　２３１　[５],2026-06-17,2026-06-22,24,大村,ＧⅡ,５２１　４　１５４　１３,2026-06-08,2026-06-13,13,尼崎,ＧⅠ,３５５　１　３３４　３,2026-05-20,2026-05-25,11,びわこ,ＧⅡ,５３１　１　３３４　２４,3654,武田 光史,2026-07-18,2026-07-21,20,若松,一般,欠,2026-07-07,2026-07-12,10,三国,ＧⅢ,３５６　１３６３４６１１,2026-06-29,2026-07-03,11,びわこ,一般,２６１２１１２１[１],2026-06-17,2026-06-22,17,宮島,ＧⅢ,２２１　６６３１５６１３,2026-06-01,2026-06-04,24,大村,一般,２１　　５２１３,5321,一色 颯輝,2026-06-21,2026-06-24,10,三国,一般,２１３　２４５３,2026-06-09,2026-06-13,07,蒲郡,一般,１　３３３６５４５２,2026-05-22,2026-05-27,13,尼崎,一般,５１１　２３２　４F５,2026-05-03,2026-05-08,08,常滑,一般,２４１　４６４　４６６,2026-04-23,2026-04-28,16,児島,一般,６５６５４　２　４６１６
202607281001,2026-07-28,10,01R,4506,稗田 聖也,2026-07-10,2026-07-15,22,福岡,一般,１　２５１１２４４４２６,2026-07-03,2026-07-06,09,津,一般,１５４２３　３６,2026-06-21,2026-06-24,19,下関,一般,１４２　２６１５,2026-06-05,2026-06-10,01,桐生,一般,１５３　６１１　４３１６,2026-05-16,2026-05-21,14,鳴門,一般,５　２２１３４２５３４１,5316,村松 将平,2026-07-19,2026-07-23,05,多摩川,一般,１４３３６　２４５２,2026-06-11,2026-06-16,16,児島,一般,６　３２１　３３４６６５,2026-05-03,2026-05-08,06,浜名湖,一般,１　４３５　F４６　４,2026-04-18,2026-04-23,24,大村,一般,３４１　２４３　１５２３,2026-04-09,2026-04-14,06,浜名湖,一般,１３２　３２１６２５６５,4766,石井 孝之,2026-07-07,2026-07-12,20,若松,ＧⅢ,５４６　３　６４３　３２,2026-06-25,2026-06-29,21,芦屋,一般,６　３５５　５４４,2026-06-16,2026-06-21,09,津,一般,３２５　４１４　３５６,2026-05-12,2026-05-15,18,徳山,一般,４５６　４　５１,2026-04-24,2026-04-29,04,平和島,一般,５　３５５　３４４　４５,3943,三松 直美,2026-06-28,2026-07-03,20,若松,一般,６　５５６　５６３　４,2026-06-13,2026-06-16,06,浜名湖,一般,６　３６６５６,2026-05-18,2026-05-23,18,徳山,ＧⅢ,６　３３６６６　６６２,2026-04-21,2026-04-25,01,桐生,一般,６　６　６６５　６,2026-04-01,2026-04-06,22,福岡,一般,５　５６５　３　６　４６,4664,東口 晃,2026-07-03,2026-07-08,13,尼崎,一般,６　４５５４２　５　６５,2026-06-23,2026-06-28,07,蒲郡,一般,５４６　６　６４５　３４,2026-06-11,2026-06-16,10,三国,一般,５１４　６６４　４　５２,2026-05-30,2026-06-03,12,住之江,一般,４　４１３　６４１４,2026-05-16,2026-05-19,06,浜名湖,一般,６６３　３６２４,5461,板頭 里緒,2026-07-17,2026-07-20,02,戸田,一般,６　６６６　４６,2026-06-23,2026-06-28,07,蒲郡,一般,６５６　６　６　６６６,2026-06-04,2026-06-08,08,常滑,一般,６　６６６　６６６５,2026-05-20,2026-05-25,09,津,一般,６　６　６６６６６　６６,,,,,,
202607281002,2026-07-28,10,02R,3158,島川 光男,2026-07-15,2026-07-19,08,常滑,一般,２４１　３１１４６１,2026-07-03,2026-07-08,13,尼崎,一般,５３１　５１２　４５１２,2026-06-22,2026-06-27,23,からつ,一般,３３１４１１５　５３５１,2026-06-13,2026-06-16,06,浜名湖,一般,３５３４２　３１,2026-05-29,2026-06-03,11,びわこ,一般,２４１落,4505,島田 賢人,2026-07-13,2026-07-18,07,蒲郡,ＧⅡ,１３３　２　６６３３２,2026-06-25,2026-06-29,18,徳山,一般,１４１３１１３１[１],2026-06-11,2026-06-15,20,若松,一般,２６１４２　５５１４,2026-06-01,2026-06-04,24,大村,一般,５落,2026-05-19,2026-05-23,16,児島,一般,２４３２２　３６１４,4143,浦田 晃嗣,2026-07-09,2026-07-14,15,丸亀,一般,４６５　２４２　６５２２,2026-06-26,2026-07-01,17,宮島,一般,４５３　２１６５６　１２,2026-06-18,2026-06-21,20,若松,一般,３５１　３４４３,2026-06-03,2026-06-08,21,芦屋,一般,５　４２６　３５５　５３,2026-05-16,2026-05-21,14,鳴門,一般,３　５５３　５４４５６,4725,佐竹 太一,2026-07-16,2026-07-21,11,びわこ,一般,１　１４３３２５６４５４,2026-07-07,2026-07-12,20,若松,ＧⅢ,４　３６４６４　４　２３,2026-06-25,2026-06-30,13,尼崎,一般,２　６６６３３　３　６５,2026-06-16,2026-06-21,18,徳山,ＧⅢ,４５６　３　２１３４４６,2026-06-01,2026-06-04,24,大村,一般,１４　　１　[５],5124,上瀧 絢也,2026-07-09,2026-07-13,14,鳴門,一般,５１１　３５６５２６,2026-06-25,2026-06-29,21,芦屋,一般,６　５３２６３　２６,2026-06-14,2026-06-17,12,住之江,一般,３　転４４　４１,2026-05-29,2026-06-02,23,からつ,一般,５　２２６３２　６５,2026-04-29,2026-05-04,19,下関,一般,２５３　１　６５５２２,4942,柴田 朋哉,2026-07-17,2026-07-22,16,児島,ＧⅢ,４　６　２転,2026-07-01,2026-07-06,22,福岡,一般,２１３　１４２　１４２３,2026-06-19,2026-06-24,11,びわこ,一般,１　４１５１３４３６１４,2026-06-06,2026-06-10,06,浜名湖,一般,２１３２２　４１[４],2026-05-25,2026-05-31,03,江戸川,一般,２　２６４　３１　　３　１１
202607281003,2026-07-28,10,03R,4308,河村 了,2026-07-17,2026-07-22,16,児島,ＧⅢ,１　２２３２３４６３４４,2026-07-10,2026-07-13,19,下関,一般,１５５４３１３,2026-06-25,2026-06-30,01,桐生,ＧⅢ,１　３１４２１４２１[３],2026-06-09,2026-06-14,23,からつ,一般,４　１２１２２２５１[５],2026-05-24,2026-05-28,21,芦屋,一般,１５１２２１４１[５],3722,西村 秀樹,2026-07-15,2026-07-19,08,常滑,一般,４６５　３　４１３５,2026-06-22,2026-06-27,22,福岡,一般,４　１４６６４　４５５３,2026-06-11,2026-06-16,16,児島,一般,６　５４３　３４５　６,2026-05-28,2026-05-31,02,戸田,一般,４　５５４　５４,2026-05-10,2026-05-14,23,からつ,一般,５転５６５　３２４,4974,安井 瑞紀,2026-06-18,2026-06-23,02,戸田,一般,４　４４２１２１３３２５,2026-06-06,2026-06-11,15,丸亀,一般,６１１　２４４５２５１５,2026-05-24,2026-05-29,24,大村,一般,６　４５２　６６３６４,2026-05-12,2026-05-17,07,蒲郡,一般,２５４３４６４１４３６F,2026-04-29,2026-05-04,14,鳴門,ＧⅢ,１４４３２　５２４　２４,5144,中尾 彩香,2026-07-15,2026-07-19,17,宮島,一般,６　５　４３４６３３,2026-06-24,2026-06-29,12,住之江,一般,１　４５６　４３３　３３,2026-06-01,2026-06-05,19,下関,一般,１５２　５２２５３２,2026-05-14,2026-05-19,02,戸田,一般,６　４５６　５５３　４４,2026-04-29,2026-05-04,22,福岡,一般,２転２　６　４３５　１５,5048,眞鳥 康太,2026-07-14,2026-07-17,24,大村,一般,３　２５４２２,2026-06-16,2026-06-21,09,津,一般,３６４　３６２　３　２５,2026-05-10,2026-05-15,16,児島,一般,１　３６４６５　６　１１,2026-04-23,2026-04-28,23,からつ,一般,４１４　４　６６６５５６,2026-04-14,2026-04-19,02,戸田,ＧⅢ,５　６６F　５　６　５,4104,木下 陽介,2026-07-15,2026-07-19,08,常滑,一般,２　２２２５１５２３,2026-07-02,2026-07-06,21,芦屋,一般,５２５　５５６　５１,2026-06-24,2026-06-28,04,平和島,一般,３　４３５５５５,2026-06-11,2026-06-16,16,児島,一般,５　６６６　５６５　４,2026-05-23,2026-05-28,10,三国,一般,６６４　２　６１４６５
202607281004,2026-07-28,10,04R,4144,石塚 久也,2026-07-15,2026-07-20,18,徳山,一般,２　１５３４１２２５１２,2026-07-02,2026-07-06,21,芦屋,一般,１２２３３　１６２４,2026-06-21,2026-06-26,16,児島,一般,１３１　１４２３５２[２],2026-06-07,2026-06-11,05,多摩川,一般,１３４　４４３３２２,2026-05-25,2026-05-30,17,宮島,一般,２　４落２３１６１　４３,4640,山ノ内 雅人,2026-07-18,2026-07-21,04,平和島,一般,２２３　２５３５,2026-07-10,2026-07-13,19,下関,一般,４５１　３６２６,2026-06-26,2026-07-02,24,大村,一般,４３４　１４３　１４１５２４,2026-06-16,2026-06-21,09,津,一般,２　１３１５４２２４２３,2026-06-05,2026-06-10,01,桐生,一般,２１３５３　３　２２[５],3577,向所 浩二,2026-07-18,2026-07-21,20,若松,一般,６　６６６　５,2026-07-03,2026-07-08,13,尼崎,一般,５　２６５　４４２　５６,2026-06-17,2026-06-20,07,蒲郡,一般,３４４６６　４,2026-06-01,2026-06-04,24,大村,一般,４　　　５５５６,2026-05-14,2026-05-18,10,三国,一般,２　１４３３３４３５,5373,諏訪 玲奈,2026-07-09,2026-07-13,16,児島,一般,４　３４２３６　２５,2026-06-18,2026-06-23,02,戸田,一般,６　４６１　５４４　４４,2026-05-22,2026-05-26,23,からつ,一般,４６６　３　５５３４,2026-05-02,2026-05-07,16,児島,一般,６　３４５　６６３　６６,2026-04-20,2026-04-25,22,福岡,一般,３　４落６　３４３　５,3350,藤本 佳史,2026-07-15,2026-07-20,18,徳山,一般,３５１　６２３　３４１,2026-07-03,2026-07-06,09,津,一般,３２４　２１[５],2026-06-06,2026-06-10,06,浜名湖,一般,２　４１４１４５４３,2026-05-29,2026-06-02,14,鳴門,一般,５５転,2026-05-16,2026-05-21,17,宮島,一般,５６１５２２２　１６３６,4210,松村 康太,2026-07-16,2026-07-21,11,びわこ,一般,１５５５２　４　１２２２,2026-07-04,2026-07-09,18,徳山,一般,３４４　４１４３５４３５,2026-06-22,2026-06-27,22,福岡,一般,１５３２３　３２１　１４,2026-06-11,2026-06-16,10,三国,一般,２　５３３５３３３　１４,2026-05-27,2026-06-01,08,常滑,一般,４　６３３　４１３１３３
202607281005,2026-07-28,10,05R,4077,品田 直樹,2026-07-18,2026-07-21,04,平和島,一般,４３３　６４６６,2026-07-05,2026-07-09,05,多摩川,一般,１　６３３５２５５６,2026-06-24,2026-06-29,03,江戸川,一般,１　６４１　６５３　５５,2026-06-14,2026-06-17,12,住之江,一般,１１３　６３３１,2026-05-28,2026-05-31,02,戸田,一般,２３４３４　１４,5154,村松 栄太,2026-07-18,2026-07-21,04,平和島,一般,５　５６１４４５,2026-07-03,2026-07-08,12,住之江,一般,２６５　６２３　４　６２,2026-06-21,2026-06-25,08,常滑,一般,１　４３２４２　１４,2026-06-06,2026-06-10,24,大村,一般,５２３　２　４４３６,2026-05-17,2026-05-23,15,丸亀,一般,６　５２２　５４６　６　３６,4695,尾崎 雄二,2026-07-16,2026-07-21,11,びわこ,一般,５１４転,2026-07-04,2026-07-09,18,徳山,一般,４２３　３２４５４１１６,2026-06-25,2026-06-30,01,桐生,ＧⅢ,４２４　６　４６３　６６,2026-06-11,2026-06-15,20,若松,一般,６　１２２６５４１３,2026-05-28,2026-05-31,02,戸田,一般,６　６６,4744,伊藤 玲奈,2026-07-13,2026-07-18,13,尼崎,ＧⅢ,３４２　１　２３４５１５,2026-06-24,2026-06-29,12,住之江,一般,５　欠欠,2026-06-06,2026-06-11,15,丸亀,一般,５　４４２,2026-05-22,2026-05-26,23,からつ,一般,２１２　４３２３１１,2026-05-12,2026-05-17,07,蒲郡,一般,５３１　２４５　５２５,4926,吉川 貴仁,2026-07-17,2026-07-20,02,戸田,一般,２５１１１２[５],2026-06-30,2026-07-04,19,下関,一般,１６３１３１転４２２,2026-06-21,2026-06-25,08,常滑,一般,２１１　１４１１[１],2026-06-07,2026-06-12,09,津,一般,２２１１３２１　５１[１],2026-05-29,2026-06-03,11,びわこ,一般,５３３３２１５１３２[６],4380,鈴木 峻佑,2026-07-12,2026-07-16,05,多摩川,一般,３２１　６　３４１５,2026-06-30,2026-07-04,19,下関,一般,４３２　５２３　４３,2026-06-20,2026-06-25,06,浜名湖,一般,３６５　１５４　６　１３,2026-06-10,2026-06-13,14,鳴門,一般,１１４５５５５５,2026-05-25,2026-05-31,07,蒲郡,一般,６エ５　４１１　６　４５６
202607281006,2026-07-28,10,06R,4843,深尾 巴恵,2026-06-19,2026-06-24,11,びわこ,一般,３　６６３　６６４　１５,2026-05-30,2026-06-04,05,多摩川,ＧⅢ,１５６　F４４　３　５,2026-05-03,2026-05-08,06,浜名湖,一般,１　１６３　４４５６５,2026-04-11,2026-04-14,04,平和島,一般,４　３５２　６６,2026-03-03,2026-03-08,11,びわこ,一般,６　１３２２３４１４１１,4608,荒井 翔伍,2026-07-17,2026-07-22,16,児島,ＧⅢ,１　３５５２４６５　３４,2026-07-07,2026-07-12,08,常滑,一般,４２５３５　１４３　１３,2026-06-26,2026-07-02,24,大村,一般,４１２　１１４４４１２３１１,2026-06-16,2026-06-21,09,津,一般,５５２　２　４１２６２２,2026-05-31,2026-06-05,20,若松,一般,５３２　４　４１４　２３,3303,渡辺 豊,2026-07-14,2026-07-19,01,桐生,一般,６１５　５６２　４　２５,2026-07-07,2026-07-12,10,三国,ＧⅢ,２　４４２　５６１６４,2026-06-30,2026-07-05,23,からつ,一般,４５４　２５３　６１４６,2026-06-21,2026-06-25,08,常滑,一般,６５６　３５５　４３,2026-06-06,2026-06-10,24,大村,一般,２３４　５３３　２,4661,中島 昂章,2026-07-17,2026-07-22,16,児島,ＧⅢ,１６２６１　２５４５１３,2026-07-10,2026-07-13,19,下関,一般,５１４　５４４３,2026-06-26,2026-07-01,17,宮島,一般,　　　　　　　　１２３,2026-06-22,2026-06-27,23,からつ,一般,１　５妨６　４２２　４２,2026-06-11,2026-06-15,20,若松,一般,５３４　６６６　６５,4766,石井 孝之,2026-07-07,2026-07-12,20,若松,ＧⅢ,５４６　３　６４３　３２,2026-06-25,2026-06-29,21,芦屋,一般,６　３５５　５４４,2026-06-16,2026-06-21,09,津,一般,３２５　４１４　３５６,2026-05-12,2026-05-15,18,徳山,一般,４５６　４　５１,2026-04-24,2026-04-29,04,平和島,一般,５　３５５　３４４　４５,4350,篠崎 元志,2026-07-16,2026-07-21,11,びわこ,一般,１１３　３１１２３１[３],2026-07-07,2026-07-12,20,若松,ＧⅢ,２２２２１　１１４１[３],2026-06-23,2026-06-28,14,鳴門,ＳＧ,５６２　６　２４４　２,2026-06-09,2026-06-14,23,からつ,一般,２２３　３１２１４１[２],2026-05-26,2026-05-31,06,浜名湖,ＳＧ,５　５４１　６　６３２
202607281007,2026-07-28,10,07R,4664,東口 晃,2026-07-03,2026-07-08,13,尼崎,一般,６　４５５４２　５　６５,2026-06-23,2026-06-28,07,蒲郡,一般,５４６　６　６４５　３４,2026-06-11,2026-06-16,10,三国,一般,５１４　６６４　４　５２,2026-05-30,2026-06-03,12,住之江,一般,４　４１３　６４１４,2026-05-16,2026-05-19,06,浜名湖,一般,６６３　３６２４,4895,門間 雄大,2026-07-17,2026-07-22,16,児島,ＧⅢ,２５１３４　５２１４３６,2026-07-07,2026-07-12,02,戸田,ＧⅡ,５　５　２４３　４２３,2026-06-16,2026-06-21,18,徳山,ＧⅢ,６　３６３　６４３　５４,2026-06-09,2026-06-14,11,びわこ,一般,１６３　６　５３４３３,2026-05-28,2026-06-02,01,桐生,一般,５　１５６　３　１３,4942,柴田 朋哉,2026-07-17,2026-07-22,16,児島,ＧⅢ,４　６　２転,2026-07-01,2026-07-06,22,福岡,一般,２１３　１４２　１４２３,2026-06-19,2026-06-24,11,びわこ,一般,１　４１５１３４３６１４,2026-06-06,2026-06-10,06,浜名湖,一般,２１３２２　４１[４],2026-05-25,2026-05-31,03,江戸川,一般,２　２６４　３１　　３　１１,4974,安井 瑞紀,2026-06-18,2026-06-23,02,戸田,一般,４　４４２１２１３３２５,2026-06-06,2026-06-11,15,丸亀,一般,６１１　２４４５２５１５,2026-05-24,2026-05-29,24,大村,一般,６　４５２　６６３６４,2026-05-12,2026-05-17,07,蒲郡,一般,２５４３４６４１４３６F,2026-04-29,2026-05-04,14,鳴門,ＧⅢ,１４４３２　５２４　２４,3576,白水 勝也,2026-07-15,2026-07-19,08,常滑,一般,１２２１４４２１[３],2026-07-03,2026-07-08,13,尼崎,一般,２５１　２５３２２１[３],2026-06-25,2026-06-29,21,芦屋,一般,３４２３１６１３２５,2026-06-14,2026-06-17,12,住之江,一般,５３１　５５２３,2026-05-07,2026-05-11,24,大村,一般,１　２２２２４３３１,4461,安田 吉宏,2026-07-18,2026-07-21,20,若松,一般,２５４　４５１３,2026-07-10,2026-07-14,09,津,一般,　　　　　　　　３５,2026-07-05,2026-07-09,05,多摩川,一般,１　４４４　１６４６,2026-06-24,2026-06-29,09,津,一般,５　１３４６４,2026-06-17,2026-06-20,07,蒲郡,一般,４　２６３５２２
202607281008,2026-07-28,10,08R,3722,西村 秀樹,2026-07-15,2026-07-19,08,常滑,一般,４６５　３　４１３５,2026-06-22,2026-06-27,22,福岡,一般,４　１４６６４　４５５３,2026-06-11,2026-06-16,16,児島,一般,６　５４３　３４５　６,2026-05-28,2026-05-31,02,戸田,一般,４　５５４　５４,2026-05-10,2026-05-14,23,からつ,一般,５転５６５　３２４,4804,高田 ひかる,2026-07-13,2026-07-18,13,尼崎,ＧⅢ,６６２２２　３１２２[６],2026-07-01,2026-07-06,07,蒲郡,一般,１　２２４　６３３　５６,2026-06-17,2026-06-22,24,大村,ＧⅡ,４４４　１　１６３　３３,2026-06-07,2026-06-11,05,多摩川,一般,１６１１１５５１[４],2026-05-24,2026-05-29,24,大村,一般,３６１　４１２２１３３,4752,西尾 亮輔,2026-07-11,2026-07-16,03,江戸川,一般,３　２６６　６３５　３１,2026-06-29,2026-07-04,08,常滑,一般,５５４　３２６　３　６１,2026-06-21,2026-06-24,19,下関,一般,５　６５４　１５,2026-06-09,2026-06-13,07,蒲郡,一般,　　　　　　　　４妨,2026-06-06,2026-06-10,06,浜名湖,一般,４６５　２　３２４３,4640,山ノ内 雅人,2026-07-18,2026-07-21,04,平和島,一般,２２３　２５３５,2026-07-10,2026-07-13,19,下関,一般,４５１　３６２６,2026-06-26,2026-07-02,24,大村,一般,４３４　１４３　１４１５２４,2026-06-16,2026-06-21,09,津,一般,２　１３１５４２２４２３,2026-06-05,2026-06-10,01,桐生,一般,２１３５３　３　２２[５],4143,浦田 晃嗣,2026-07-09,2026-07-14,15,丸亀,一般,４６５　２４２　６５２２,2026-06-26,2026-07-01,17,宮島,一般,４５３　２１６５６　１２,2026-06-18,2026-06-21,20,若松,一般,３５１　３４４３,2026-06-03,2026-06-08,21,芦屋,一般,５　４２６　３５５　５３,2026-05-16,2026-05-21,14,鳴門,一般,３　５５３　５４４５６,4415,下出 卓矢,2026-07-12,2026-07-16,05,多摩川,一般,１６６６１１２６１２,2026-06-30,2026-07-05,16,児島,ＧⅡ,６　２６６　３　６３５,2026-06-17,2026-06-22,24,大村,ＧⅡ,１５１　２　５４１　５１,2026-06-05,2026-06-10,01,桐生,一般,５６１　１５２　２１３４,2026-05-16,2026-05-21,14,鳴門,一般,６２１　３５４３１６４６
202607281009,2026-07-28,10,09R,4725,佐竹 太一,2026-07-16,2026-07-21,11,びわこ,一般,１　１４３３２５６４５４,2026-07-07,2026-07-12,20,若松,ＧⅢ,４　３６４６４　４　２３,2026-06-25,2026-06-30,13,尼崎,一般,２　６６６３３　３　６５,2026-06-16,2026-06-21,18,徳山,ＧⅢ,４５６　３　２１３４４６,2026-06-01,2026-06-04,24,大村,一般,１４　　１　[５],4486,野村 誠,2026-07-15,2026-07-20,18,徳山,一般,３２４４４３４　２　１２,2026-07-05,2026-07-09,24,大村,一般,３２３　４３４３２２,2026-06-24,2026-06-29,03,江戸川,一般,１　３２３　３１４５４２,2026-06-05,2026-06-10,01,桐生,一般,１　１１４２４４３１[６],2026-05-23,2026-05-28,10,三国,一般,１　３６４１３　２４２３,4159,向後 龍一,2026-07-17,2026-07-22,16,児島,ＧⅢ,１５５　１４３　２６４５,2026-07-09,2026-07-13,14,鳴門,一般,１６２　１５２５１３,2026-06-24,2026-06-29,03,江戸川,一般,１２５　５１１　１２[２],2026-06-07,2026-06-12,09,津,一般,２　２２２５４１１３１１,2026-05-20,2026-05-25,11,びわこ,ＧⅡ,３　５１６　４　４３３,4308,河村 了,2026-07-17,2026-07-22,16,児島,ＧⅢ,１　２２３２３４６３４４,2026-07-10,2026-07-13,19,下関,一般,１５５４３１３,2026-06-25,2026-06-30,01,桐生,ＧⅢ,１　３１４２１４２１[３],2026-06-09,2026-06-14,23,からつ,一般,４　１２１２２２５１[５],2026-05-24,2026-05-28,21,芦屋,一般,１５１２２１４１[５],4077,品田 直樹,2026-07-18,2026-07-21,04,平和島,一般,４３３　６４６６,2026-07-05,2026-07-09,05,多摩川,一般,１　６３３５２５５６,2026-06-24,2026-06-29,03,江戸川,一般,１　６４１　６５３　５５,2026-06-14,2026-06-17,12,住之江,一般,１１３　６３３１,2026-05-28,2026-05-31,02,戸田,一般,２３４３４　１４,5461,板頭 里緒,2026-07-17,2026-07-20,02,戸田,一般,６　６６６　４６,2026-06-23,2026-06-28,07,蒲郡,一般,６５６　６　６　６６６,2026-06-04,2026-06-08,08,常滑,一般,６　６６６　６６６５,2026-05-20,2026-05-25,09,津,一般,６　６　６６６６６　６６,,,,,,
202607281010,2026-07-28,10,10R,3581,加木 郁,2026-07-18,2026-07-21,20,若松,一般,５３２　２３１５,2026-07-05,2026-07-09,24,大村,一般,４３３　６　５３６,2026-06-25,2026-06-29,18,徳山,一般,３２１　２２２３５１,2026-06-14,2026-06-18,01,桐生,一般,２３１　１　２１[４],2026-05-25,2026-05-31,03,江戸川,一般,５６１　３１２　１　２４４６,4744,伊藤 玲奈,2026-07-13,2026-07-18,13,尼崎,ＧⅢ,３４２　１　２３４５１５,2026-06-24,2026-06-29,12,住之江,一般,５　欠欠,2026-06-06,2026-06-11,15,丸亀,一般,５　４４２,2026-05-22,2026-05-26,23,からつ,一般,２１２　４３２３１１,2026-05-12,2026-05-17,07,蒲郡,一般,５３１　２４５　５２５,4210,松村 康太,2026-07-16,2026-07-21,11,びわこ,一般,１５５５２　４　１２２２,2026-07-04,2026-07-09,18,徳山,一般,３４４　４１４３５４３５,2026-06-22,2026-06-27,22,福岡,一般,１５３２３　３２１　１４,2026-06-11,2026-06-16,10,三国,一般,２　５３３５３３３　１４,2026-05-27,2026-06-01,08,常滑,一般,４　６３３　４１３１３３,4506,稗田 聖也,2026-07-10,2026-07-15,22,福岡,一般,１　２５１１２４４４２６,2026-07-03,2026-07-06,09,津,一般,１５４２３　３６,2026-06-21,2026-06-24,19,下関,一般,１４２　２６１５,2026-06-05,2026-06-10,01,桐生,一般,１５３　６１１　４３１６,2026-05-16,2026-05-21,14,鳴門,一般,５　２２１３４２５３４１,4608,荒井 翔伍,2026-07-17,2026-07-22,16,児島,ＧⅢ,１　３５５２４６５　３４,2026-07-07,2026-07-12,08,常滑,一般,４２５３５　１４３　１３,2026-06-26,2026-07-02,24,大村,一般,４１２　１１４４４１２３１１,2026-06-16,2026-06-21,09,津,一般,５５２　２　４１２６２２,2026-05-31,2026-06-05,20,若松,一般,５３２　４　４１４　２３,4769,馬場 剛,2026-07-11,2026-07-16,03,江戸川,一般,３　１１３　２１４１[２],2026-06-28,2026-07-03,20,若松,一般,１１５　４　２４４４１４,2026-06-17,2026-06-22,13,尼崎,一般,１３２　１３１１２１[１],2026-06-03,2026-06-08,21,芦屋,一般,３　２１１３１３４２[２],2026-05-20,2026-05-25,11,びわこ,ＧⅡ,４　５　１２４　１２６２
202607281011,2026-07-28,10,11R,5048,眞鳥 康太,2026-07-14,2026-07-17,24,大村,一般,３　２５４２２,2026-06-16,2026-06-21,09,津,一般,３６４　３６２　３　２５,2026-05-10,2026-05-15,16,児島,一般,１　３６４６５　６　１１,2026-04-23,2026-04-28,23,からつ,一般,４１４　４　６６６５５６,2026-04-14,2026-04-19,02,戸田,ＧⅢ,５　６６F　５　６　５,4350,篠崎 元志,2026-07-16,2026-07-21,11,びわこ,一般,１１３　３１１２３１[３],2026-07-07,2026-07-12,20,若松,ＧⅢ,２２２２１　１１４１[３],2026-06-23,2026-06-28,14,鳴門,ＳＧ,５６２　６　２４４　２,2026-06-09,2026-06-14,23,からつ,一般,２２３　３１２１４１[２],2026-05-26,2026-05-31,06,浜名湖,ＳＧ,５　５４１　６　６３２,4505,島田 賢人,2026-07-13,2026-07-18,07,蒲郡,ＧⅡ,１３３　２　６６３３２,2026-06-25,2026-06-29,18,徳山,一般,１４１３１１３１[１],2026-06-11,2026-06-15,20,若松,一般,２６１４２　５５１４,2026-06-01,2026-06-04,24,大村,一般,５落,2026-05-19,2026-05-23,16,児島,一般,２４３２２　３６１４,3350,藤本 佳史,2026-07-15,2026-07-20,18,徳山,一般,３５１　６２３　３４１,2026-07-03,2026-07-06,09,津,一般,３２４　２１[５],2026-06-06,2026-06-10,06,浜名湖,一般,２　４１４１４５４３,2026-05-29,2026-06-02,14,鳴門,一般,５５転,2026-05-16,2026-05-21,17,宮島,一般,５６１５２２２　１６３６,4695,尾崎 雄二,2026-07-16,2026-07-21,11,びわこ,一般,５１４転,2026-07-04,2026-07-09,18,徳山,一般,４２３　３２４５４１１６,2026-06-25,2026-06-30,01,桐生,ＧⅢ,４２４　６　４６３　６６,2026-06-11,2026-06-15,20,若松,一般,６　１２２６５４１３,2026-05-28,2026-05-31,02,戸田,一般,６　６６,4895,門間 雄大,2026-07-17,2026-07-22,16,児島,ＧⅢ,２５１３４　５２１４３６,2026-07-07,2026-07-12,02,戸田,ＧⅡ,５　５　２４３　４２３,2026-06-16,2026-06-21,18,徳山,ＧⅢ,６　３６３　６４３　５４,2026-06-09,2026-06-14,11,びわこ,一般,１６３　６　５３４３３,2026-05-28,2026-06-02,01,桐生,一般,５　１５６　３　１３
202607281012,2026-07-28,10,12R,3576,白水 勝也,2026-07-15,2026-07-19,08,常滑,一般,１２２１４４２１[３],2026-07-03,2026-07-08,13,尼崎,一般,２５１　２５３２２１[３],2026-06-25,2026-06-29,21,芦屋,一般,３４２３１６１３２５,2026-06-14,2026-06-17,12,住之江,一般,５３１　５５２３,2026-05-07,2026-05-11,24,大村,一般,１　２２２２４３３１,4104,木下 陽介,2026-07-15,2026-07-19,08,常滑,一般,２　２２２５１５２３,2026-07-02,2026-07-06,21,芦屋,一般,５２５　５５６　５１,2026-06-24,2026-06-28,04,平和島,一般,３　４３５５５５,2026-06-11,2026-06-16,16,児島,一般,５　６６６　５６５　４,2026-05-23,2026-05-28,10,三国,一般,６６４　２　６１４６５,4415,下出 卓矢,2026-07-12,2026-07-16,05,多摩川,一般,１６６６１１２６１２,2026-06-30,2026-07-05,16,児島,ＧⅡ,６　２６６　３　６３５,2026-06-17,2026-06-22,24,大村,ＧⅡ,１５１　２　５４１　５１,2026-06-05,2026-06-10,01,桐生,一般,５６１　１５２　２１３４,2026-05-16,2026-05-21,14,鳴門,一般,６２１　３５４３１６４６,4144,石塚 久也,2026-07-15,2026-07-20,18,徳山,一般,２　１５３４１２２５１２,2026-07-02,2026-07-06,21,芦屋,一般,１２２３３　１６２４,2026-06-21,2026-06-26,16,児島,一般,１３１　１４２３５２[２],2026-06-07,2026-06-11,05,多摩川,一般,１３４　４４３３２２,2026-05-25,2026-05-30,17,宮島,一般,２　４落２３１６１　４３,3158,島川 光男,2026-07-15,2026-07-19,08,常滑,一般,２４１　３１１４６１,2026-07-03,2026-07-08,13,尼崎,一般,５３１　５１２　４５１２,2026-06-22,2026-06-27,23,からつ,一般,３３１４１１５　５３５１,2026-06-13,2026-06-16,06,浜名湖,一般,３５３４２　３１,2026-05-29,2026-06-03,11,びわこ,一般,２４１落,3303,渡辺 豊,2026-07-14,2026-07-19,01,桐生,一般,６１５　５６２　４　２５,2026-07-07,2026-07-12,10,三国,ＧⅢ,２　４４２　５６１６４,2026-06-30,2026-07-05,23,からつ,一般,４５４　２５３　６１４６,2026-06-21,2026-06-25,08,常滑,一般,６５６　３５５　４３,2026-06-06,2026-06-10,24,大村,一般,２３４　５３３　２
202607281101,2026-07-28,11,01R,3716,石渡 鉄兵,2026-07-18,2026-07-21,04,平和島,一般,２２３１２１[３],2026-07-07,2026-07-12,02,戸田,ＧⅡ,３　４３４　５　５３５,2026-06-23,2026-06-28,14,鳴門,ＳＧ,３　１　４１５　４　４３,2026-06-12,2026-06-17,19,下関,一般,２１４　２２２２５１[２],2026-06-04,2026-06-08,08,常滑,一般,１２２１４２２１[５],3959,坪井 康晴,2026-07-11,2026-07-16,03,江戸川,一般,３１３　１１５,2026-06-29,2026-07-04,08,常滑,一般,４１２２３１３２１１[２],2026-06-17,2026-06-22,24,大村,ＧⅡ,２　２３４　１３２　[３],2026-06-06,2026-06-10,06,浜名湖,一般,２２４２１２２１[５],2026-05-20,2026-05-25,11,びわこ,ＧⅡ,３　５５３４１　５４５,4914,吉田 裕平,2026-07-18,2026-07-23,09,津,ＧⅢ,３　２３１１１　１　[２],2026-07-07,2026-07-12,20,若松,ＧⅢ,１５５　４２１１１５４１,2026-06-23,2026-06-28,14,鳴門,ＳＧ,２５６　４　１６５１６,2026-06-13,2026-06-18,08,常滑,ＧⅠ,２１３　４２３　５　１３,2026-05-26,2026-05-31,06,浜名湖,ＳＧ,１３５　５　６４２２２,4851,関 浩哉,2026-07-18,2026-07-21,04,平和島,一般,１４２１３１[６],2026-07-07,2026-07-12,02,戸田,ＧⅡ,３１２　１６１　３　３１,2026-06-23,2026-06-28,14,鳴門,ＳＧ,４１３　４３２　５　１４,2026-06-04,2026-06-09,17,宮島,ＧⅠ,２　５２５２１　３　３１,2026-05-26,2026-05-31,06,浜名湖,ＳＧ,２６６　５５４　２　１２,4590,渡邉 優美,2026-07-13,2026-07-18,13,尼崎,ＧⅢ,２３１　２３６２１３４２,2026-07-03,2026-07-08,12,住之江,一般,１４５　２１３１４F３,2026-06-17,2026-06-22,24,大村,ＧⅡ,４　２１４　５　２１３５,2026-06-06,2026-06-11,15,丸亀,一般,１２３　１１３３３２[４],2026-05-29,2026-06-02,23,からつ,一般,３４１１３　２５１１,4659,木下 翔太,2026-07-15,2026-07-21,12,住之江,一般,２２１　１４２１１１４１[１],2026-06-30,2026-07-05,16,児島,ＧⅡ,５２３　３４５　１１２,2026-06-17,2026-06-22,24,大村,ＧⅡ,１　１３２　２　１　[１],2026-06-07,2026-06-11,05,多摩川,一般,２２２３４２２３３１,2026-05-20,2026-05-25,11,びわこ,ＧⅡ,３２４　３　２１３　４１
202607281102,2026-07-28,11,02R,4980,佐々木 完太,2026-06-30,2026-07-05,16,児島,ＧⅡ,３１２　２　６５,2026-06-13,2026-06-18,08,常滑,ＧⅠ,４１６　６　１１１　[３],2026-06-04,2026-06-09,17,宮島,ＧⅠ,５　３６１　１５４　２１,2026-05-28,2026-05-31,02,戸田,一般,３１１２１２[３],2026-05-15,2026-05-20,21,芦屋,ＧⅠ,６　２２６　１　１５転,4205,山口 剛,2026-07-07,2026-07-12,02,戸田,ＧⅡ,５３１　２エ４　３　５１,2026-06-23,2026-06-28,14,鳴門,ＳＧ,３３１　２１６　５　１３,2026-06-13,2026-06-18,08,常滑,ＧⅠ,３３３　３　３１２　[４],2026-06-04,2026-06-09,17,宮島,ＧⅠ,２３３　１　３１５　１６,2026-05-26,2026-05-31,06,浜名湖,ＳＧ,１　５１２　６　４　１３,4075,中野 次郎,2026-07-20,2026-07-25,15,丸亀,一般,１３２１６５１　３２[１],2026-06-13,2026-06-18,08,常滑,ＧⅠ,１　６　２３２　３　１１,2026-06-04,2026-06-09,17,宮島,ＧⅠ,６　４　３２４　４６２,2026-05-26,2026-05-31,15,丸亀,ＧⅢ,４４４　１３３１１５３４,2026-05-11,2026-05-16,03,江戸川,ＧⅡ,３　６　５　５６６３２,5224,西岡 顕心,2026-07-19,2026-07-24,22,福岡,ＧⅢ,４　５３,2026-06-30,2026-07-05,23,からつ,一般,２２１　１２１３３１[１],2026-06-20,2026-06-25,15,丸亀,一般,１１２　２１５４２４２３,2026-06-08,2026-06-13,13,尼崎,ＧⅠ,４４４　２　２２１　[６],2026-05-26,2026-05-31,06,浜名湖,ＳＧ,２　１　４３４　５　２５,3783,瓜生 正義,2026-07-13,2026-07-18,07,蒲郡,ＧⅡ,４　２２１３２　１　[４],2026-07-02,2026-07-07,04,平和島,一般,５１５１３２１　４６１４,2026-06-23,2026-06-28,14,鳴門,ＳＧ,３６４　６　２４５　５,2026-06-13,2026-06-18,08,常滑,ＧⅠ,５４２　５６２　３３５,2026-06-04,2026-06-09,17,宮島,ＧⅠ,４３４　１２２　４　２２,4044,湯川 浩司,2026-05-20,2026-05-25,11,びわこ,ＧⅡ,６　４５落欠,2026-05-11,2026-05-16,03,江戸川,ＧⅡ,　　６２１　３２２　[３],2026-05-03,2026-05-08,12,住之江,一般,３２３　４２４　１４５２,2026-04-21,2026-04-26,17,宮島,ＧⅠ,２５５　３　４６３６４,2026-04-12,2026-04-17,01,桐生,ＧⅠ,１１３　４　４３４　２６
202607281103,2026-07-28,11,03R,4456,鎌倉 涼,2026-07-13,2026-07-18,13,尼崎,ＧⅢ,５１２３４　１１３３３１,2026-06-24,2026-06-29,12,住之江,一般,F　５１３　３　３　３,2026-06-13,2026-06-18,08,常滑,ＧⅠ,２　４４１　５４５１６,2026-05-26,2026-05-31,06,浜名湖,ＳＧ,２　６６６　１　５３２,2026-05-16,2026-05-21,17,宮島,一般,２１６４６　１３２６１２,4344,新田 雄史,2026-07-18,2026-07-21,20,若松,一般,１１３１２１[４],2026-07-07,2026-07-12,02,戸田,ＧⅡ,４　２３５２３　１５６,2026-06-23,2026-06-28,14,鳴門,ＳＧ,２５６　２　１５６１１,2026-06-13,2026-06-18,08,常滑,ＧⅠ,３　２３２２２　２　[２],2026-06-04,2026-06-09,17,宮島,ＧⅠ,４１２　２不２　１２３,3719,辻 栄蔵,2026-07-13,2026-07-18,07,蒲郡,ＧⅡ,４５３　４１４　４３１,2026-06-27,2026-07-01,02,戸田,一般,３２５１２３４４２１,2026-06-13,2026-06-18,08,常滑,ＧⅠ,５３１　４　６３３６３,2026-06-04,2026-06-09,17,宮島,ＧⅠ,５６２　６　２６４　２２,2026-05-27,2026-05-31,18,徳山,一般,２１３１３２２１[２],4262,馬場 貴也,2026-07-07,2026-07-12,02,戸田,ＧⅡ,２６１　２６２　１　４３,2026-06-23,2026-06-28,14,鳴門,ＳＧ,５１３　２２１　１　[３],2026-06-13,2026-06-18,08,常滑,ＧⅠ,１５６　３２５　１１２６,2026-06-04,2026-06-09,17,宮島,ＧⅠ,６　４１６１４　５１２,2026-05-26,2026-05-31,06,浜名湖,ＳＧ,３　４３４　３１５　１３,3779,原田 幸哉,2026-07-13,2026-07-18,07,蒲郡,ＧⅡ,３６５　６　５５１　６６,2026-07-04,2026-07-09,18,徳山,一般,１１３３１　４１２１[２],2026-06-23,2026-06-28,14,鳴門,ＳＧ,１　３６４　３　２２６６,2026-06-13,2026-06-18,08,常滑,ＧⅠ,４５１　５６,2026-06-04,2026-06-09,17,宮島,ＧⅠ,２３５　１　１６２　[６],4932,新開 航,2026-07-18,2026-07-21,04,平和島,一般,２５４４１１１１,2026-07-07,2026-07-12,02,戸田,ＧⅡ,１２５　３　転１１　２５,2026-06-23,2026-06-28,14,鳴門,ＳＧ,５　３６６　４１６　５,2026-06-08,2026-06-13,13,尼崎,ＧⅠ,２　４２３　２　３　３１,2026-05-28,2026-05-31,02,戸田,一般,１２２１１１[４]
202607281104,2026-07-28,11,04R,4547,中田 竜太,2026-07-19,2026-07-23,05,多摩川,一般,２３１１２１３２[５],2026-07-07,2026-07-12,02,戸田,ＧⅡ,１　２２３　４６５　４２,2026-06-23,2026-06-28,14,鳴門,ＳＧ,５　３５１　５　４６３,2026-06-13,2026-06-16,06,浜名湖,一般,１２２１１１[１],2026-05-20,2026-05-25,11,びわこ,ＧⅡ,２５５　３　１２２１６,4337,平本 真之,2026-07-20,2026-07-25,15,丸亀,一般,４２１　１１２１妨１２,2026-07-07,2026-07-12,02,戸田,ＧⅡ,４２３　３　３１２　[５],2026-06-23,2026-06-28,14,鳴門,ＳＧ,５　６２５　６　３３３,2026-06-13,2026-06-18,08,常滑,ＧⅠ,３１４　２　２３３　６１,2026-06-04,2026-06-09,17,宮島,ＧⅠ,１　６６４　６２２　５３,3978,齊藤 仁,2026-07-13,2026-07-18,07,蒲郡,ＧⅡ,６　３　１３５　３３６５,2026-07-01,2026-07-06,22,福岡,一般,１　３５３５１３３４１４,2026-06-17,2026-06-22,17,宮島,ＧⅢ,１６３１２　２３３３１４,2026-06-08,2026-06-13,13,尼崎,ＧⅠ,１　３５６　５　２４４,2026-05-29,2026-06-04,09,津,ＧⅢ,F３４　３　３　４　６,4502,遠藤 エミ,2026-07-19,2026-07-24,19,下関,ＧⅢ,１２３　１１３３２１[３],2026-07-07,2026-07-12,02,戸田,ＧⅡ,３　１３１　４５６　２４,2026-06-23,2026-06-28,14,鳴門,ＳＧ,１　４　２６１　１　[２],2026-06-13,2026-06-18,08,常滑,ＧⅠ,１２６　６２４　２２１５,2026-05-26,2026-05-31,06,浜名湖,ＳＧ,２５３　１　１１６　４５,4848,仲谷 颯仁,2026-07-18,2026-07-22,10,三国,一般,３２２３１２５１[２],2026-07-07,2026-07-12,02,戸田,ＧⅡ,１３４　５　３５１　２４,2026-06-23,2026-06-28,14,鳴門,ＳＧ,６２１　４　２３３　２１,2026-06-05,2026-06-10,01,桐生,一般,４　５３６１,2026-05-26,2026-05-31,06,浜名湖,ＳＧ,３　１　６４３　１１１,4719,上條 暢嵩,2026-07-07,2026-07-12,02,戸田,ＧⅡ,３４５　３３２　４　３６,2026-06-23,2026-06-28,14,鳴門,ＳＧ,３４１　４　３６１５１,2026-06-08,2026-06-13,13,尼崎,ＧⅠ,６５２　５１３　６　１,2026-05-26,2026-05-31,06,浜名湖,ＳＧ,３１４　２　６２２　３２,2026-05-15,2026-05-20,21,芦屋,ＧⅠ,２１５　２　２４１　[５]
202607281105,2026-07-28,11,05R,4290,稲田 浩二,2026-07-13,2026-07-18,07,蒲郡,ＧⅡ,２６４　２　１２５　３６,2026-07-05,2026-07-09,05,多摩川,一般,４２５欠,2026-06-26,2026-07-01,17,宮島,一般,１１２３３　１２４１[５],2026-06-17,2026-06-22,24,大村,ＧⅡ,１　１３４　２　１　[５],2026-06-08,2026-06-13,13,尼崎,ＧⅠ,２　６１４　５５５　６,4024,井口 佳典,2026-07-18,2026-07-22,10,三国,一般,１５４１５２２２[１],2026-07-07,2026-07-12,02,戸田,ＧⅡ,２　６２３　１２３　１３,2026-06-23,2026-06-28,14,鳴門,ＳＧ,４１２　１　転５１　６２,2026-06-08,2026-06-13,13,尼崎,ＧⅠ,６２４　２　２４５　１３,2026-05-29,2026-06-04,09,津,ＧⅢ,１１３４１１１　１２[２],4959,井上 忠政,2026-07-19,2026-07-23,05,多摩川,一般,２２１１１２１１[１],2026-07-11,2026-07-14,04,平和島,一般,１２１３３３[６],2026-06-30,2026-07-05,16,児島,ＧⅡ,２　２５４１２　４　１５,2026-06-13,2026-06-18,08,常滑,ＧⅠ,１　４３４　４２６　６５,2026-06-04,2026-06-09,17,宮島,ＧⅠ,５　３３３　１２転　２３,4686,丸野 一樹,2026-07-07,2026-07-12,02,戸田,ＧⅡ,２２１　１　１５４　１３,2026-06-23,2026-06-28,14,鳴門,ＳＧ,１　４５５　１　５１３１,2026-06-08,2026-06-13,13,尼崎,ＧⅠ,６３３　１　１２３　６１,2026-05-26,2026-05-31,06,浜名湖,ＳＧ,１　１　３２２　１　[１],2026-05-15,2026-05-20,21,芦屋,ＧⅠ,５３３　１　４５６　６３,4586,磯部 誠,2026-07-18,2026-07-21,20,若松,一般,２２１２２１[１],2026-07-07,2026-07-12,02,戸田,ＧⅡ,２５１　３　２２５　１４,2026-06-23,2026-06-28,14,鳴門,ＳＧ,５１４　４　５３２　２２,2026-06-13,2026-06-18,08,常滑,ＧⅠ,４　４１３　６２６　３５,2026-06-04,2026-06-09,17,宮島,ＧⅠ,２２４　３　５２２　[４],4503,上野 真之介,2026-07-10,2026-07-15,23,からつ,一般,２１１１１　２１１１[１],2026-06-23,2026-06-28,14,鳴門,ＳＧ,３　２２４　落　２３２６,2026-06-13,2026-06-18,08,常滑,ＧⅠ,３３５　２３１　５　１４,2026-06-04,2026-06-09,17,宮島,ＧⅠ,１５１　２　５３３　１３,2026-05-26,2026-05-31,06,浜名湖,ＳＧ,４　１　３５１　１　[４]
202607281106,2026-07-28,11,06R,4604,岩瀬 裕亮,2026-07-13,2026-07-18,07,蒲郡,ＧⅡ,１５４　１４５　１４３,2026-07-05,2026-07-09,05,多摩川,一般,１４１１４２２５２２,2026-06-24,2026-06-29,09,津,一般,１１２１４　２１２１[１],2026-06-13,2026-06-18,08,常滑,ＧⅠ,１６６　３６３　５２１,2026-06-04,2026-06-09,17,宮島,ＧⅠ,３２３　１　２１１　[１],4166,吉田 拡郎,2026-07-17,2026-07-22,16,児島,ＧⅢ,１１１　２１２１２１[１],2026-07-07,2026-07-12,02,戸田,ＧⅡ,２１２　１　４２１　[６],2026-06-23,2026-06-28,14,鳴門,ＳＧ,３　２１２　２　１　[１],2026-06-08,2026-06-13,13,尼崎,ＧⅠ,２１３　６　２６４２３,2026-05-20,2026-05-25,11,びわこ,ＧⅡ,１　３１４２６　５　１５,4682,大上 卓人,2026-07-18,2026-07-21,20,若松,一般,２４２２１２[５],2026-07-09,2026-07-14,15,丸亀,一般,２３６１３　１１５２[２],2026-06-23,2026-06-28,14,鳴門,ＳＧ,１４３　３　３２沈　６,2026-06-13,2026-06-18,08,常滑,ＧⅠ,４　４６１　２６５３３,2026-06-04,2026-06-09,17,宮島,ＧⅠ,３　１３１　５６４　１１,4832,権藤 俊光,2026-07-18,2026-07-22,10,三国,一般,１１１３２１３３１１,2026-07-01,2026-07-06,22,福岡,一般,３４１　１２３２２５１２,2026-06-21,2026-06-26,16,児島,一般,１１１　４５６１３２[４],2026-06-07,2026-06-12,09,津,一般,１１１２３　３１２２[５],2026-05-20,2026-05-25,11,びわこ,ＧⅡ,１５１　４　６１４　５３,3716,石渡 鉄兵,2026-07-18,2026-07-21,04,平和島,一般,２２３１２１[３],2026-07-07,2026-07-12,02,戸田,ＧⅡ,３　４３４　５　５３５,2026-06-23,2026-06-28,14,鳴門,ＳＧ,３　１　４１５　４　４３,2026-06-12,2026-06-17,19,下関,一般,２１４　２２２２５１[２],2026-06-04,2026-06-08,08,常滑,一般,１２２１４２２１[５],4030,森高 一真,2026-07-13,2026-07-18,07,蒲郡,ＧⅡ,３１４　１　５４２１２,2026-07-03,2026-07-08,12,住之江,一般,２１２　４５２１２１[１],2026-06-23,2026-06-28,14,鳴門,ＳＧ,６　５５５　３　４４５,2026-06-08,2026-06-13,13,尼崎,ＧⅠ,１　５　３２２　４　４２,2026-05-26,2026-05-31,06,浜名湖,ＳＧ,６　３４４　４３４　５６
202607281107,2026-07-28,11,07R,4459,片岡 雅裕,2026-07-18,2026-07-22,10,三国,一般,１１４３３　２６１６,2026-06-23,2026-06-28,14,鳴門,ＳＧ,５４３　５　４６５　４,2026-06-08,2026-06-13,13,尼崎,ＧⅠ,６　４１４　６　４５６,2026-05-29,2026-06-02,14,鳴門,一般,１２２１１２２１[１],2026-05-20,2026-05-25,11,びわこ,ＧⅡ,５３１　５　F５５　４,4044,湯川 浩司,2026-05-20,2026-05-25,11,びわこ,ＧⅡ,６　４５落欠,2026-05-11,2026-05-16,03,江戸川,ＧⅡ,　　６２１　３２２　[３],2026-05-03,2026-05-08,12,住之江,一般,３２３　４２４　１４５２,2026-04-21,2026-04-26,17,宮島,ＧⅠ,２５５　３　４６３６４,2026-04-12,2026-04-17,01,桐生,ＧⅠ,１１３　４　４３４　２６,4932,新開 航,2026-07-18,2026-07-21,04,平和島,一般,２５４４１１１１,2026-07-07,2026-07-12,02,戸田,ＧⅡ,１２５　３　転１１　２５,2026-06-23,2026-06-28,14,鳴門,ＳＧ,５　３６６　４１６　５,2026-06-08,2026-06-13,13,尼崎,ＧⅠ,２　４２３　２　３　３１,2026-05-28,2026-05-31,02,戸田,一般,１２２１１１[４],4914,吉田 裕平,2026-07-18,2026-07-23,09,津,ＧⅢ,３　２３１１１　１　[２],2026-07-07,2026-07-12,20,若松,ＧⅢ,１５５　４２１１１５４１,2026-06-23,2026-06-28,14,鳴門,ＳＧ,２５６　４　１６５１６,2026-06-13,2026-06-18,08,常滑,ＧⅠ,２１３　４２３　５　１３,2026-05-26,2026-05-31,06,浜名湖,ＳＧ,１３５　５　６４２２２,3960,菊地 孝平,2026-07-07,2026-07-12,02,戸田,ＧⅡ,４４１　５　３６３　１２,2026-06-13,2026-06-18,08,常滑,ＧⅠ,２１５　５　２５４　５２,2026-06-04,2026-06-09,17,宮島,ＧⅠ,１５６　１　４３５　１３,2026-05-26,2026-05-31,06,浜名湖,ＳＧ,２２２　３　５２５　１４,2026-05-15,2026-05-20,21,芦屋,ＧⅠ,６　２１３　４６６　３６,4757,山田 祐也,2026-07-13,2026-07-18,07,蒲郡,ＧⅡ,３５６　６１１１５　２,2026-07-05,2026-07-09,24,大村,一般,２１１２１　２１[５],2026-06-25,2026-06-30,01,桐生,ＧⅢ,５４６　１６,2026-06-18,2026-06-21,04,平和島,一般,２３５１３２[６],2026-06-08,2026-06-13,13,尼崎,ＧⅠ,３　１　１６６　１４６５
202607281108,2026-07-28,11,08R,4477,篠崎 仁志,2026-07-13,2026-07-18,07,蒲郡,ＧⅡ,５　３３３　４１３　３１,2026-06-30,2026-07-05,16,児島,ＧⅡ,３２４　２　１１１　[３],2026-06-17,2026-06-22,24,大村,ＧⅡ,４　３２４　３　４　１３,2026-06-08,2026-06-13,13,尼崎,ＧⅠ,３　６２２　４１２　[５],2026-05-15,2026-05-20,21,芦屋,ＧⅠ,３　４３３　５　３５４,4262,馬場 貴也,2026-07-07,2026-07-12,02,戸田,ＧⅡ,２６１　２６２　１　４３,2026-06-23,2026-06-28,14,鳴門,ＳＧ,５１３　２２１　１　[３],2026-06-13,2026-06-18,08,常滑,ＧⅠ,１５６　３２５　１１２６,2026-06-04,2026-06-09,17,宮島,ＧⅠ,６　４１６１４　５１２,2026-05-26,2026-05-31,06,浜名湖,ＳＧ,３　４３４　３１５　１３,4886,入海 馨,2026-07-12,2026-07-16,05,多摩川,一般,１２４２４　２２[３],2026-06-30,2026-07-05,16,児島,ＧⅡ,４６３　５１３　１　５２,2026-06-21,2026-06-24,10,三国,一般,転６４３１　１３,2026-05-15,2026-05-20,21,芦屋,ＧⅠ,６６４　３３１　３２５,2026-04-30,2026-05-05,17,宮島,一般,４１１　２５２３１４２３,4847,佐藤 隆太郎,2026-07-22,2026-07-26,13,尼崎,一般,２１２２１２５１[５],2026-07-13,2026-07-18,07,蒲郡,ＧⅡ,６　５３２　３１３　１２,2026-07-02,2026-07-07,04,平和島,一般,２６２１３　１２５３２１,2026-06-23,2026-06-28,14,鳴門,ＳＧ,２２６　４　５１３２３,2026-06-04,2026-06-09,17,宮島,ＧⅠ,６　６　３５４　２６１,4980,佐々木 完太,2026-06-30,2026-07-05,16,児島,ＧⅡ,３１２　２　６５,2026-06-13,2026-06-18,08,常滑,ＧⅠ,４１６　６　１１１　[３],2026-06-04,2026-06-09,17,宮島,ＧⅠ,５　３６１　１５４　２１,2026-05-28,2026-05-31,02,戸田,一般,３１１２１２[３],2026-05-15,2026-05-20,21,芦屋,ＧⅠ,６　２２６　１　１５転,3959,坪井 康晴,2026-07-11,2026-07-16,03,江戸川,一般,３１３　１１５,2026-06-29,2026-07-04,08,常滑,一般,４１２２３１３２１１[２],2026-06-17,2026-06-22,24,大村,ＧⅡ,２　２３４　１３２　[３],2026-06-06,2026-06-10,06,浜名湖,一般,２２４２１２２１[５],2026-05-20,2026-05-25,11,びわこ,ＧⅡ,３　５５３４１　５４５
202607281109,2026-07-28,11,09R,4851,関 浩哉,2026-07-18,2026-07-21,04,平和島,一般,１４２１３１[６],2026-07-07,2026-07-12,02,戸田,ＧⅡ,３１２　１６１　３　３１,2026-06-23,2026-06-28,14,鳴門,ＳＧ,４１３　４３２　５　１４,2026-06-04,2026-06-09,17,宮島,ＧⅠ,２　５２５２１　３　３１,2026-05-26,2026-05-31,06,浜名湖,ＳＧ,２６６　５５４　２　１２,4502,遠藤 エミ,2026-07-19,2026-07-24,19,下関,ＧⅢ,１２３　１１３３２１[３],2026-07-07,2026-07-12,02,戸田,ＧⅡ,３　１３１　４５６　２４,2026-06-23,2026-06-28,14,鳴門,ＳＧ,１　４　２６１　１　[２],2026-06-13,2026-06-18,08,常滑,ＧⅠ,１２６　６２４　２２１５,2026-05-26,2026-05-31,06,浜名湖,ＳＧ,２５３　１　１１６　４５,3779,原田 幸哉,2026-07-13,2026-07-18,07,蒲郡,ＧⅡ,３６５　６　５５１　６６,2026-07-04,2026-07-09,18,徳山,一般,１１３３１　４１２１[２],2026-06-23,2026-06-28,14,鳴門,ＳＧ,１　３６４　３　２２６６,2026-06-13,2026-06-18,08,常滑,ＧⅠ,４５１　５６,2026-06-04,2026-06-09,17,宮島,ＧⅠ,２３５　１　１６２　[６],4760,山崎 郡,2026-07-14,2026-07-19,01,桐生,一般,２１２１１　２　３１[１],2026-07-05,2026-07-09,05,多摩川,一般,１１１２２２２１[１],2026-06-23,2026-06-28,14,鳴門,ＳＧ,２　２　２５転　４４４,2026-06-13,2026-06-18,08,常滑,ＧⅠ,１４１　１　３４４　１２,2026-06-04,2026-06-09,17,宮島,ＧⅠ,４　１３３　１５１　[２],4075,中野 次郎,2026-07-20,2026-07-25,15,丸亀,一般,１３２１６５１　３２[１],2026-06-13,2026-06-18,08,常滑,ＧⅠ,１　６　２３２　３　１１,2026-06-04,2026-06-09,17,宮島,ＧⅠ,６　４　３２４　４６２,2026-05-26,2026-05-31,15,丸亀,ＧⅢ,４４４　１３３１１５３４,2026-05-11,2026-05-16,03,江戸川,ＧⅡ,３　６　５　５６６３２,4933,板橋 侑我,2026-07-18,2026-07-21,20,若松,一般,２１２４３５１５,2026-06-30,2026-07-05,16,児島,ＧⅡ,４４１　３　２３５　１４,2026-06-17,2026-06-22,05,多摩川,一般,６４２１３　１１３２[２],2026-06-09,2026-06-13,07,蒲郡,一般,１１４１１１３１[１],2026-05-03,2026-05-08,06,浜名湖,一般,１３５２２３３　４６１５
202607281110,2026-07-28,11,10R,4686,丸野 一樹,2026-07-07,2026-07-12,02,戸田,ＧⅡ,２２１　１　１５４　１３,2026-06-23,2026-06-28,14,鳴門,ＳＧ,１　４５５　１　５１３１,2026-06-08,2026-06-13,13,尼崎,ＧⅠ,６３３　１　１２３　６１,2026-05-26,2026-05-31,06,浜名湖,ＳＧ,１　１　３２２　１　[１],2026-05-15,2026-05-20,21,芦屋,ＧⅠ,５３３　１　４５６　６３,4266,長田 頼宗,2026-07-07,2026-07-12,08,常滑,一般,２３２４３１２１４１[２],2026-06-23,2026-06-28,14,鳴門,ＳＧ,４　５　６１３　１５６,2026-06-15,2026-06-20,21,芦屋,一般,２１３３４３１３３２[２],2026-06-03,2026-06-07,07,蒲郡,一般,１１１１２１[１],2026-05-20,2026-05-25,11,びわこ,ＧⅡ,１３６　２５１　５　１３,3783,瓜生 正義,2026-07-13,2026-07-18,07,蒲郡,ＧⅡ,４　２２１３２　１　[４],2026-07-02,2026-07-07,04,平和島,一般,５１５１３２１　４６１４,2026-06-23,2026-06-28,14,鳴門,ＳＧ,３６４　６　２４５　５,2026-06-13,2026-06-18,08,常滑,ＧⅠ,５４２　５６２　３３５,2026-06-04,2026-06-09,17,宮島,ＧⅠ,４３４　１２２　４　２２,4456,鎌倉 涼,2026-07-13,2026-07-18,13,尼崎,ＧⅢ,５１２３４　１１３３３１,2026-06-24,2026-06-29,12,住之江,一般,F　５１３　３　３　３,2026-06-13,2026-06-18,08,常滑,ＧⅠ,２　４４１　５４５１６,2026-05-26,2026-05-31,06,浜名湖,ＳＧ,２　６６６　１　５３２,2026-05-16,2026-05-21,17,宮島,一般,２１６４６　１３２６１２,4337,平本 真之,2026-07-20,2026-07-25,15,丸亀,一般,４２１　１１２１妨１２,2026-07-07,2026-07-12,02,戸田,ＧⅡ,４２３　３　３１２　[５],2026-06-23,2026-06-28,14,鳴門,ＳＧ,５　６２５　６　３３３,2026-06-13,2026-06-18,08,常滑,ＧⅠ,３１４　２　２３３　６１,2026-06-04,2026-06-09,17,宮島,ＧⅠ,１　６６４　６２２　５３,4573,佐藤 翼,2026-07-18,2026-07-21,04,平和島,一般,６１１１２１[４],2026-07-07,2026-07-12,02,戸田,ＧⅡ,５　１１４　１１１　[２],2026-06-23,2026-06-28,14,鳴門,ＳＧ,４３６　５６１　２　４,2026-06-08,2026-06-13,13,尼崎,ＧⅠ,５１３　４４４　１　４２,2026-05-26,2026-05-31,06,浜名湖,ＳＧ,１　２４１　６　２　[５]
202607281111,2026-07-28,11,11R,4371,西山 貴浩,2026-07-07,2026-07-12,20,若松,ＧⅢ,２１２　１１３３３１[２],2026-06-23,2026-06-28,14,鳴門,ＳＧ,４　４３３　４５６　２,2026-06-13,2026-06-18,08,常滑,ＧⅠ,６　２１２　２５６　１６,2026-06-04,2026-06-09,17,宮島,ＧⅠ,４　５１５,2026-05-26,2026-05-31,06,浜名湖,ＳＧ,２　５３６５２　５６４,4719,上條 暢嵩,2026-07-07,2026-07-12,02,戸田,ＧⅡ,３４５　３３２　４　３６,2026-06-23,2026-06-28,14,鳴門,ＳＧ,３４１　４　３６１５１,2026-06-08,2026-06-13,13,尼崎,ＧⅠ,６５２　５１３　６　１,2026-05-26,2026-05-31,06,浜名湖,ＳＧ,３１４　２　６２２　３２,2026-05-15,2026-05-20,21,芦屋,ＧⅠ,２１５　２　２４１　[５],4503,上野 真之介,2026-07-10,2026-07-15,23,からつ,一般,２１１１１　２１１１[１],2026-06-23,2026-06-28,14,鳴門,ＳＧ,３　２２４　落　２３２６,2026-06-13,2026-06-18,08,常滑,ＧⅠ,３３５　２３１　５　１４,2026-06-04,2026-06-09,17,宮島,ＧⅠ,１５１　２　５３３　１３,2026-05-26,2026-05-31,06,浜名湖,ＳＧ,４　１　３５１　１　[４],4205,山口 剛,2026-07-07,2026-07-12,02,戸田,ＧⅡ,５３１　２エ４　３　５１,2026-06-23,2026-06-28,14,鳴門,ＳＧ,３３１　２１６　５　１３,2026-06-13,2026-06-18,08,常滑,ＧⅠ,３３３　３　３１２　[４],2026-06-04,2026-06-09,17,宮島,ＧⅠ,２３３　１　３１５　１６,2026-05-26,2026-05-31,06,浜名湖,ＳＧ,１　５１２　６　４　１３,4344,新田 雄史,2026-07-18,2026-07-21,20,若松,一般,１１３１２１[４],2026-07-07,2026-07-12,02,戸田,ＧⅡ,４　２３５２３　１５６,2026-06-23,2026-06-28,14,鳴門,ＳＧ,２５６　２　１５６１１,2026-06-13,2026-06-18,08,常滑,ＧⅠ,３　２３２２２　２　[２],2026-06-04,2026-06-09,17,宮島,ＧⅠ,４１２　２不２　１２３,4166,吉田 拡郎,2026-07-17,2026-07-22,16,児島,ＧⅢ,１１１　２１２１２１[１],2026-07-07,2026-07-12,02,戸田,ＧⅡ,２１２　１　４２１　[６],2026-06-23,2026-06-28,14,鳴門,ＳＧ,３　２１２　２　１　[１],2026-06-08,2026-06-13,13,尼崎,ＧⅠ,２１３　６　２６４２３,2026-05-20,2026-05-25,11,びわこ,ＧⅡ,１　３１４２６　５　１５
202607281112,2026-07-28,11,12R,3941,池田 浩二,2026-07-13,2026-07-18,07,蒲郡,ＧⅡ,１　５２５３２　６　１３,2026-06-23,2026-06-28,14,鳴門,ＳＧ,１　２４３３４　４　４２,2026-06-13,2026-06-18,08,常滑,ＧⅠ,１　３２３４１　１　[５],2026-06-04,2026-06-09,17,宮島,ＧⅠ,１　２３２５３　２　[５],2026-05-26,2026-05-31,06,浜名湖,ＳＧ,５　３３１　４４４　５５,4418,茅原 悠紀,2026-07-17,2026-07-22,16,児島,ＧⅢ,２３２１１　２１４１[２],2026-07-02,2026-07-07,04,平和島,一般,１５２　４３１１２２[４],2026-06-23,2026-06-28,14,鳴門,ＳＧ,３　４１３５５　２　３４,2026-06-14,2026-06-17,12,住之江,一般,１２６１２２[３],2026-06-05,2026-06-10,18,徳山,一般,２４３　４２４１１３５１,3415,松井 繁,2026-07-13,2026-07-18,07,蒲郡,ＧⅡ,３　５１４３２　５　１３,2026-07-03,2026-07-08,13,尼崎,一般,１１１２１　１６２１[２],2026-06-23,2026-06-28,14,鳴門,ＳＧ,１　４５５　４　１３５３,2026-06-14,2026-06-17,12,住之江,一般,２１２　２１[１],2026-06-04,2026-06-08,08,常滑,一般,３１２３１４１１[６],5121,定松 勇樹,2026-07-19,2026-07-24,22,福岡,ＧⅢ,２　２４５１２　１　[２],2026-06-23,2026-06-28,14,鳴門,ＳＧ,６　１　４２２　５　２５,2026-06-13,2026-06-18,08,常滑,ＧⅠ,５　４F４　３５欠,2026-05-26,2026-05-31,06,浜名湖,ＳＧ,３５１　１　２４１　[６],2026-05-15,2026-05-20,21,芦屋,ＧⅠ,２　３５５　５　１５５,4320,峰 竜太,2026-07-13,2026-07-18,07,蒲郡,ＧⅡ,２　１１１　１１２　[３],2026-06-23,2026-06-28,14,鳴門,ＳＧ,２　５３３１３　６　１６,2026-06-08,2026-06-13,13,尼崎,ＧⅠ,１　４２３４３　２　[４],2026-05-26,2026-05-31,06,浜名湖,ＳＧ,１　３５４３３　１　３３,2026-05-15,2026-05-20,21,芦屋,ＧⅠ,２　４３１１４　１　[４],3897,白井 英治,2026-07-18,2026-07-22,10,三国,一般,１４３４２２,2026-07-07,2026-07-12,02,戸田,ＧⅡ,６　３３１　４１６　１５,2026-06-23,2026-06-28,14,鳴門,ＳＧ,２２４　３　２１６　１５,2026-06-13,2026-06-18,08,常滑,ＧⅠ,２　４２５１３　２　[６],2026-06-04,2026-06-09,17,宮島,ＧⅠ,５　３３欠欠
202607281501,2026-07-28,15,01R,3224,栗山 繁洋,2026-07-18,2026-07-21,20,若松,一般,２　５４１４４５,2026-06-29,2026-07-04,08,常滑,一般,５　５４４　６２５　３２,2026-06-20,2026-06-25,06,浜名湖,一般,４　２５４　３４５　５３,2026-06-03,2026-06-08,21,芦屋,一般,４６６　６５５　２　３転,2026-05-17,2026-05-23,15,丸亀,一般,２６１　６４２　５　５２１,5329,金子 龍斗,2026-07-09,2026-07-13,14,鳴門,一般,１１３　６３４　３１,2026-06-02,2026-06-08,10,三国,一般,３　２５６２６　４５５,2026-05-22,2026-05-27,13,尼崎,一般,２　５５５５２　５　４２,2026-05-06,2026-05-10,21,芦屋,一般,４　F　６　４　５２,2026-03-26,2026-03-31,17,宮島,一般,１２６　１２３　６４１４,3731,高濱 芳久,2026-07-15,2026-07-19,08,常滑,一般,５３３　２５３３５,2026-07-03,2026-07-08,12,住之江,一般,５　沈４３　４６６　３,2026-06-24,2026-06-28,04,平和島,一般,２５２４１　４６,2026-06-01,2026-06-05,19,下関,一般,６５２　３６３　４,2026-05-19,2026-05-23,16,児島,一般,６３２　２５４　４,3478,嶋田 貴支,2026-07-15,2026-07-21,12,住之江,一般,５６１　１４５　３　６２２１,2026-07-02,2026-07-06,21,芦屋,一般,１６６　３２３　３５,2026-06-22,2026-06-27,23,からつ,一般,１２２　２４６３３２[４],2026-06-11,2026-06-16,16,児島,一般,３４２　３３５　３　３６,2026-05-27,2026-05-31,18,徳山,一般,４２１　５３５６１５,5429,吉川 颯汰,2026-07-02,2026-07-06,21,芦屋,一般,６　６３６　転　転６,2026-06-22,2026-06-27,22,福岡,一般,６　６６６　６６６６６,2026-05-10,2026-05-14,23,からつ,一般,６５６　６　６６６６,2026-04-20,2026-04-24,18,徳山,一般,６　６　６６６　６６,2026-04-03,2026-04-07,21,芦屋,一般,F　６　５６６　６,3800,牧 宏次,2026-07-18,2026-07-21,20,若松,一般,４　４３４４２,2026-07-10,2026-07-14,09,津,一般,５　３４,2026-06-28,2026-07-02,05,多摩川,一般,１４４　６５１　４,2026-06-05,2026-06-10,01,桐生,一般,２３２３４　２　１４１２,2026-05-19,2026-05-24,08,常滑,一般,４１６　４　４１
202607281502,2026-07-28,15,02R,3551,藤田 美代,2026-07-14,2026-07-19,21,芦屋,一般,５４４　３１６　４４５,2026-06-03,2026-06-08,21,芦屋,一般,４　６６６　５６４　２６,2026-05-25,2026-05-30,17,宮島,一般,５６３　４６４　５５１４,2026-05-05,2026-05-09,18,徳山,一般,６６４　２　６４４,2026-04-22,2026-04-27,20,若松,ＧⅢ,４５６　５５６　５　６５,3900,香川 素子,2026-07-19,2026-07-24,19,下関,ＧⅢ,２１４　４３３１３２[２],2026-07-07,2026-07-12,11,びわこ,一般,２２２４１５３　６６２４,2026-06-17,2026-06-22,13,尼崎,一般,１６１　１１１F２　５,2026-06-06,2026-06-10,24,大村,一般,１６１　２３３６４３,2026-04-29,2026-05-04,14,鳴門,ＧⅢ,２１１２１３１　５１[１],5342,原村 百那,2026-07-19,2026-07-24,19,下関,ＧⅢ,６６２　２４３　２４４,2026-06-18,2026-06-23,02,戸田,一般,６　１６２　６３５　６５,2026-05-27,2026-05-31,18,徳山,一般,６６５　６　６６６,2026-04-20,2026-04-25,22,福岡,一般,６　６　５５６６６　５,2026-03-28,2026-04-02,24,大村,一般,６　６４４５６F５　６,4924,中北 涼,2026-07-07,2026-07-12,11,びわこ,一般,４３３　５３４　６５２２,2026-06-24,2026-06-29,12,住之江,一般,２３２　１４４　５６３４,2026-06-06,2026-06-11,15,丸亀,一般,２　２５４　３５３　５４,2026-05-24,2026-05-29,24,大村,一般,６４４　３１５　５４１,2026-05-07,2026-05-11,24,大村,一般,４　５５１４３２４３,4642,松尾 夏海,2026-07-13,2026-07-18,13,尼崎,ＧⅢ,１　１１３６３２１３１１,2026-07-01,2026-07-06,07,蒲郡,一般,６２３　３　４３１１２３,2026-06-18,2026-06-23,02,戸田,一般,２６２　１１２３４１[５],2026-06-06,2026-06-11,15,丸亀,一般,２１３５１４１　１１[３],2026-05-24,2026-05-29,24,大村,一般,５１２　２３３１１４１１,4433,川野 芽唯,2026-07-10,2026-07-15,06,浜名湖,一般,４３１　５１１３１２[２],2026-07-01,2026-07-06,07,蒲郡,一般,２　５１３２１　４５３４,2026-06-21,2026-06-24,19,下関,一般,２１５３１２[６],2026-06-12,2026-06-17,22,福岡,ＧⅢ,２５１１１　１４４３２２,2026-05-31,2026-06-05,13,尼崎,一般,５６３５３　２２３１２２
202607281503,2026-07-28,15,03R,5285,若林 麗,2026-07-14,2026-07-19,01,桐生,一般,４６６　６５３　６　６６,2026-06-30,2026-07-05,23,からつ,一般,６　３１６　５５３４３３,2026-06-15,2026-06-20,21,芦屋,一般,５６３　６５６　１　５１,2026-05-27,2026-06-01,08,常滑,一般,６　４６５　２５６　４４,2026-04-20,2026-04-23,11,びわこ,一般,３　２４４４２５,4131,原 豊土,2026-07-07,2026-07-12,20,若松,ＧⅢ,３　３１２１６　６２３,2026-06-25,2026-06-30,01,桐生,ＧⅢ,３　４６５　４３４　５３,2026-06-16,2026-06-21,18,徳山,ＧⅢ,４　２５５５１５２６１１,2026-05-29,2026-06-04,09,津,ＧⅢ,２３３　１３６４３５１５,2026-05-14,2026-05-18,10,三国,一般,４５３　１５１　１３,5102,原田 雄次,2026-07-22,2026-07-25,24,大村,一般,２３１　３６１３,2026-07-14,2026-07-19,21,芦屋,一般,５６１　４１３　５１３３,2026-06-30,2026-07-04,19,下関,一般,２３２　３３４３３１,2026-06-21,2026-06-25,08,常滑,一般,２４２　１６４３[５],2026-05-29,2026-06-03,11,びわこ,一般,３　６６３　１３１２２５,4903,吉田 凌太朗,2026-07-13,2026-07-18,07,蒲郡,ＧⅡ,１２４　２５１　４　２２,2026-07-04,2026-07-09,01,桐生,一般,６　F５５　６６１　３,2026-06-20,2026-06-25,06,浜名湖,一般,４１１２４１５　１５２,2026-06-08,2026-06-13,13,尼崎,ＧⅠ,２　４　２１６　６　５５,2026-05-29,2026-06-03,11,びわこ,一般,１５３１１１１２５１[２],5060,数原 魁,2026-07-19,2026-07-24,22,福岡,ＧⅢ,１　２２４　３４２　[５],2026-07-02,2026-07-07,04,平和島,一般,３４１　４４１４１５１５,2026-06-20,2026-06-25,06,浜名湖,一般,３　２６４　２２３６１５,2026-06-07,2026-06-11,05,多摩川,一般,５２３　１３３　落欠,2026-05-20,2026-05-25,09,津,一般,５５１　１　４６２６１２,5469,今泉 博人,2026-07-10,2026-07-15,23,からつ,一般,５　５６６　６６６６４,2026-06-22,2026-06-27,22,福岡,一般,６　６５６　落６６　４５,2026-05-31,2026-06-05,20,若松,一般,６６５　６　６６６　６,2026-05-10,2026-05-14,23,からつ,一般,５　５　６６５５６６,,,,,,
202607281504,2026-07-28,15,04R,5250,嶋田 有里,2026-07-13,2026-07-18,13,尼崎,ＧⅢ,１２２　４３４　３４３４,2026-06-24,2026-06-29,12,住之江,一般,３　３４２　４２５３６,2026-06-12,2026-06-17,22,福岡,ＧⅢ,３５４　３１５　２４６,2026-05-24,2026-05-29,24,大村,一般,２　２４５　４３２　２２,2026-05-16,2026-05-21,17,宮島,一般,６　４４３　６１４５５,4400,加藤 奈月,2026-07-10,2026-07-15,06,浜名湖,一般,３５６　６２６　３　４６,2026-06-19,2026-06-24,11,びわこ,一般,５４６　２　６６４　３３,2026-05-18,2026-05-23,18,徳山,ＧⅢ,３４４　４２２　３転３,2026-05-02,2026-05-07,10,三国,一般,４６４　５４２　４２４,2026-04-22,2026-04-27,20,若松,ＧⅢ,４６４　５　１５４５４,5189,藤原 早菜,2026-07-19,2026-07-24,22,福岡,ＧⅢ,４　５３４　５４４４３,2026-07-10,2026-07-15,06,浜名湖,一般,１６２　６４２　４３[６],2026-06-24,2026-06-29,12,住之江,一般,５　５２６　２３２　４６,2026-06-05,2026-06-10,18,徳山,一般,２４４　６３１２転５６,2026-05-25,2026-05-30,17,宮島,一般,３３４　１３１５３３３１,4450,平高 奈菜,2026-07-13,2026-07-18,13,尼崎,ＧⅢ,２妨２　１４１　３　１２,2026-07-01,2026-07-06,07,蒲郡,一般,２　４５１　２１４６１３,2026-06-21,2026-06-26,16,児島,一般,３６１３２　１５１２[５],2026-06-06,2026-06-11,15,丸亀,一般,５２４　４２３２１１１３,2026-05-29,2026-06-02,23,からつ,一般,２５４　１６３３３４,4510,坂本 奈央,2026-06-12,2026-06-17,22,福岡,ＧⅢ,６　２５４　２２６　６５,2026-05-25,2026-05-30,17,宮島,一般,２　６５６　６５６２６,2026-05-10,2026-05-15,16,児島,一般,４　６６６　５６５　３６,2026-04-22,2026-04-27,20,若松,ＧⅢ,５　５４６　５５１　６５,2026-03-30,2026-04-05,18,徳山,一般,６６６　５　６６４　５３,4938,小芦 るり華,2026-07-19,2026-07-24,22,福岡,ＧⅢ,２４５　５５１　５１４,2026-07-07,2026-07-12,11,びわこ,一般,１６３３２１１４３５１５,2026-06-24,2026-06-29,12,住之江,一般,１　３５４１１　２３２,2026-06-17,2026-06-20,07,蒲郡,一般,１６２１３３３１,2026-06-06,2026-06-11,15,丸亀,一般,４５３２５　１１５３２４
202607281505,2026-07-28,15,05R,3550,都築 正治,2026-07-15,2026-07-21,12,住之江,一般,３５３　３６１　２２５３４５,2026-07-03,2026-07-06,09,津,一般,６　１１２５１３,2026-06-21,2026-06-24,19,下関,一般,４６２　２５１３,2026-06-09,2026-06-13,07,蒲郡,一般,６　２３１５２５１２,2026-05-29,2026-06-02,14,鳴門,一般,４　３５４６１１３１,3911,鈴木 猛,2026-07-15,2026-07-19,08,常滑,一般,６１３　１３６２[５],2026-07-01,2026-07-06,22,福岡,一般,４５２　５５２　６３２,2026-06-17,2026-06-22,17,宮島,ＧⅢ,３３４　６５４４３　５４,2026-06-03,2026-06-07,03,江戸川,一般,４５転　２５１２,2026-05-20,2026-05-25,05,多摩川,一般,１５３　３４４４１　４４,4424,松尾 昂明,2026-07-14,2026-07-19,01,桐生,一般,２５１３３　１　５２[６],2026-06-30,2026-07-05,23,からつ,一般,４　６２１４５５５１３,2026-06-18,2026-06-21,04,平和島,一般,１２４　４５１４,2026-06-03,2026-06-08,21,芦屋,一般,３　５３１６３４１　３３,2026-05-20,2026-05-25,09,津,一般,２　２６６２４３３　１１,4435,服部 達哉,2026-07-17,2026-07-22,16,児島,ＧⅢ,１２６　１５３６４５１５,2026-07-10,2026-07-13,19,下関,一般,６２２　２６４,2026-06-28,2026-07-02,05,多摩川,一般,６３２４１　２　１５,2026-06-11,2026-06-15,20,若松,一般,３１４　１４２５１６,2026-05-23,2026-05-28,10,三国,一般,１　１５３４３４１５２４,4771,下寺 秀和,2026-07-10,2026-07-14,09,津,一般,６３４２１　１６１５,2026-06-26,2026-07-01,17,宮島,一般,３３２　１３２１２１[２],2026-06-17,2026-06-20,07,蒲郡,一般,１３２１４１[２],2026-06-05,2026-06-10,01,桐生,一般,３３２　１４４３１５２４,2026-05-21,2026-05-24,19,下関,一般,１１１４６１[１],5429,吉川 颯汰,2026-07-02,2026-07-06,21,芦屋,一般,６　６３６　転　転６,2026-06-22,2026-06-27,22,福岡,一般,６　６６６　６６６６６,2026-05-10,2026-05-14,23,からつ,一般,６５６　６　６６６６,2026-04-20,2026-04-24,18,徳山,一般,６　６　６６６　６６,2026-04-03,2026-04-07,21,芦屋,一般,F　６　５６６　６
202607281506,2026-07-28,15,06R,3611,岩崎 芳美,2026-07-13,2026-07-18,13,尼崎,ＧⅢ,１転２４２　６３３３２１,2026-07-05,2026-07-09,24,大村,一般,２１３３６　４６１５,2026-05-29,2026-06-02,14,鳴門,一般,１２３　５４２　５３,2026-05-18,2026-05-23,18,徳山,ＧⅢ,５３２４３　３３４１１４,2026-05-05,2026-05-10,15,丸亀,ＧⅡ,１　１３６　４　６　１３,5335,森 陽多,2026-07-19,2026-07-24,19,下関,ＧⅢ,２　６６３　５６６　４１,2026-06-23,2026-06-28,07,蒲郡,一般,６　６６２　６６６　３３,2026-06-06,2026-06-11,15,丸亀,一般,４２２　６６５　５６４,2026-05-24,2026-05-29,24,大村,一般,６　６６６　５６６　４４,2026-05-09,2026-05-12,20,若松,一般,６６６４６　３,4536,喜井 つかさ,2026-07-19,2026-07-24,19,下関,ＧⅢ,１　１４２２２４２４３３,2026-07-09,2026-07-13,16,児島,一般,１５６　４１３４１３,2026-06-28,2026-07-01,10,三国,一般,３３５５５　２２,2026-06-12,2026-06-17,22,福岡,ＧⅢ,３４５６１　３６１　３５,2026-05-30,2026-06-04,05,多摩川,ＧⅢ,４５５　１１１　１５２２,5088,高憧 四季,2026-07-18,2026-07-23,09,津,ＧⅢ,６　５６６６５　３,2026-07-07,2026-07-12,11,びわこ,一般,４１１２２４１３２１[５],2026-06-24,2026-06-29,12,住之江,一般,１２１　２５２３３４１２,2026-06-12,2026-06-17,22,福岡,ＧⅢ,４２１３２　４６１１[５],2026-06-04,2026-06-09,17,宮島,ＧⅠ,６１２　２　５１５　１５,4994,山本 梨菜,2026-07-19,2026-07-24,22,福岡,ＧⅢ,３５転　２　４２３３４５,2026-07-09,2026-07-13,14,鳴門,一般,１３１１２　１２[４],2026-06-24,2026-06-29,12,住之江,一般,３　１１３　２１２１[５],2026-06-06,2026-06-11,15,丸亀,一般,２５３４２　２２１２[６],2026-05-24,2026-05-29,24,大村,一般,１２３１２　４　４５１４,5164,森田 梨湖,2026-07-19,2026-07-24,19,下関,ＧⅢ,４６５　４６６　５　６５,2026-05-24,2026-05-29,24,大村,一般,４　６６３　３４４　５５,2026-03-17,2026-03-22,17,宮島,一般,５１４　４２３　６　４,2026-02-18,2026-02-23,22,福岡,一般,４　１５６　５６５　３３,2026-01-10,2026-01-15,05,多摩川,一般,５２５　５　４５６３２５
202607281507,2026-07-28,15,07R,4150,山田 雄太,2026-07-15,2026-07-19,17,宮島,一般,１　１４４５１４１５,2026-07-05,2026-07-09,24,大村,一般,６６２　２１２６１６,2026-06-24,2026-06-28,04,平和島,一般,１６４２１　５２,2026-06-12,2026-06-17,19,下関,一般,３６２５３　４６４　３,2026-05-28,2026-05-31,02,戸田,一般,３３３　２２３６,4852,川原 祐明,2026-07-15,2026-07-20,18,徳山,一般,２５１　４１５１２３２１,2026-07-04,2026-07-09,01,桐生,一般,３３１　２２１２３１[１],2026-06-21,2026-06-26,16,児島,一般,３３１１３　１３１３３１,2026-06-10,2026-06-13,14,鳴門,一般,１３１２６１[３],2026-05-31,2026-06-05,20,若松,一般,１２４３５　５５３５１,5060,数原 魁,2026-07-19,2026-07-24,22,福岡,ＧⅢ,１　２２４　３４２　[５],2026-07-02,2026-07-07,04,平和島,一般,３４１　４４１４１５１５,2026-06-20,2026-06-25,06,浜名湖,一般,３　２６４　２２３６１５,2026-06-07,2026-06-11,05,多摩川,一般,５２３　１３３　落欠,2026-05-20,2026-05-25,09,津,一般,５５１　１　４６２６１２,5285,若林 麗,2026-07-14,2026-07-19,01,桐生,一般,４６６　６５３　６　６６,2026-06-30,2026-07-05,23,からつ,一般,６　３１６　５５３４３３,2026-06-15,2026-06-20,21,芦屋,一般,５６３　６５６　１　５１,2026-05-27,2026-06-01,08,常滑,一般,６　４６５　２５６　４４,2026-04-20,2026-04-23,11,びわこ,一般,３　２４４４２５,3825,宮嵜 隆太郎,2026-07-14,2026-07-19,21,芦屋,一般,４　６６６　５６６　６,2026-07-03,2026-07-08,12,住之江,一般,１　３１６　６１６６１１,2026-06-17,2026-06-22,17,宮島,ＧⅢ,５　１３６　６６１　６６,2026-05-29,2026-06-03,11,びわこ,一般,６　５５４　５２６　２４,2026-05-12,2026-05-15,18,徳山,一般,６　１６５　６５,3731,高濱 芳久,2026-07-15,2026-07-19,08,常滑,一般,５３３　２５３３５,2026-07-03,2026-07-08,12,住之江,一般,５　沈４３　４６６　３,2026-06-24,2026-06-28,04,平和島,一般,２５２４１　４６,2026-06-01,2026-06-05,19,下関,一般,６５２　３６３　４,2026-05-19,2026-05-23,16,児島,一般,６３２　２５４　４
202607281508,2026-07-28,15,08R,5189,藤原 早菜,2026-07-19,2026-07-24,22,福岡,ＧⅢ,４　５３４　５４４４３,2026-07-10,2026-07-15,06,浜名湖,一般,１６２　６４２　４３[６],2026-06-24,2026-06-29,12,住之江,一般,５　５２６　２３２　４６,2026-06-05,2026-06-10,18,徳山,一般,２４４　６３１２転５６,2026-05-25,2026-05-30,17,宮島,一般,３３４　１３１５３３３１,5193,米丸 乃絵,2026-07-19,2026-07-24,22,福岡,ＧⅢ,２１５　４２４　３　５１,2026-07-07,2026-07-12,02,戸田,ＧⅡ,４　２４５　４　４１４,2026-05-26,2026-05-31,06,浜名湖,ＳＧ,４６１　５　６５６２４,2026-05-16,2026-05-21,17,宮島,一般,２６１　２２５１２２[６],2026-05-05,2026-05-10,15,丸亀,ＧⅡ,５５２　３１２　３　１３,4924,中北 涼,2026-07-07,2026-07-12,11,びわこ,一般,４３３　５３４　６５２２,2026-06-24,2026-06-29,12,住之江,一般,２３２　１４４　５６３４,2026-06-06,2026-06-11,15,丸亀,一般,２　２５４　３５３　５４,2026-05-24,2026-05-29,24,大村,一般,６４４　３１５　５４１,2026-05-07,2026-05-11,24,大村,一般,４　５５１４３２４３,4642,松尾 夏海,2026-07-13,2026-07-18,13,尼崎,ＧⅢ,１　１１３６３２１３１１,2026-07-01,2026-07-06,07,蒲郡,一般,６２３　３　４３１１２３,2026-06-18,2026-06-23,02,戸田,一般,２６２　１１２３４１[５],2026-06-06,2026-06-11,15,丸亀,一般,２１３５１４１　１１[３],2026-05-24,2026-05-29,24,大村,一般,５１２　２３３１１４１１,4400,加藤 奈月,2026-07-10,2026-07-15,06,浜名湖,一般,３５６　６２６　３　４６,2026-06-19,2026-06-24,11,びわこ,一般,５４６　２　６６４　３３,2026-05-18,2026-05-23,18,徳山,ＧⅢ,３４４　４２２　３転３,2026-05-02,2026-05-07,10,三国,一般,４６４　５４２　４２４,2026-04-22,2026-04-27,20,若松,ＧⅢ,４６４　５　１５４５４,5146,野田 彩加,2026-07-19,2026-07-24,22,福岡,ＧⅢ,６　５３２　３２５５３,2026-07-10,2026-07-15,06,浜名湖,一般,６　１３２６４２６６２４,2026-06-18,2026-06-23,02,戸田,一般,３１６　２５５　１３２,2026-05-29,2026-06-02,14,鳴門,一般,４２６　５３１　３３,2026-05-18,2026-05-23,18,徳山,ＧⅢ,３２２　１２２３４２[６]
202607281509,2026-07-28,15,09R,5032,谷口 知優,2026-07-19,2026-07-24,22,福岡,ＧⅢ,５　４６２　６５６５４,2026-07-10,2026-07-14,09,津,一般,５５３　３５２　２１,2026-06-25,2026-06-30,13,尼崎,一般,３５２　２２４　５４１３,2026-06-16,2026-06-21,18,徳山,ＧⅢ,６　３１５３２　６２５６,2026-06-01,2026-06-05,19,下関,一般,３１３　３４１５２４,4435,服部 達哉,2026-07-17,2026-07-22,16,児島,ＧⅢ,１２６　１５３６４５１５,2026-07-10,2026-07-13,19,下関,一般,６２２　２６４,2026-06-28,2026-07-02,05,多摩川,一般,６３２４１　２　１５,2026-06-11,2026-06-15,20,若松,一般,３１４　１４２５１６,2026-05-23,2026-05-28,10,三国,一般,１　１５３４３４１５２４,3800,牧 宏次,2026-07-18,2026-07-21,20,若松,一般,４　４３４４２,2026-07-10,2026-07-14,09,津,一般,５　３４,2026-06-28,2026-07-02,05,多摩川,一般,１４４　６５１　４,2026-06-05,2026-06-10,01,桐生,一般,２３２３４　２　１４１２,2026-05-19,2026-05-24,08,常滑,一般,４１６　４　４１,3224,栗山 繁洋,2026-07-18,2026-07-21,20,若松,一般,２　５４１４４５,2026-06-29,2026-07-04,08,常滑,一般,５　５４４　６２５　３２,2026-06-20,2026-06-25,06,浜名湖,一般,４　２５４　３４５　５３,2026-06-03,2026-06-08,21,芦屋,一般,４６６　６５５　２　３転,2026-05-17,2026-05-23,15,丸亀,一般,２６１　６４２　５　５２１,5102,原田 雄次,2026-07-22,2026-07-25,24,大村,一般,２３１　３６１３,2026-07-14,2026-07-19,21,芦屋,一般,５６１　４１３　５１３３,2026-06-30,2026-07-04,19,下関,一般,２３２　３３４３３１,2026-06-21,2026-06-25,08,常滑,一般,２４２　１６４３[５],2026-05-29,2026-06-03,11,びわこ,一般,３　６６３　１３１２２５,4131,原 豊土,2026-07-07,2026-07-12,20,若松,ＧⅢ,３　３１２１６　６２３,2026-06-25,2026-06-30,01,桐生,ＧⅢ,３　４６５　４３４　５３,2026-06-16,2026-06-21,18,徳山,ＧⅢ,４　２５５５１５２６１１,2026-05-29,2026-06-04,09,津,ＧⅢ,２３３　１３６４３５１５,2026-05-14,2026-05-18,10,三国,一般,４５３　１５１　１３
202607281510,2026-07-28,15,10R,4450,平高 奈菜,2026-07-13,2026-07-18,13,尼崎,ＧⅢ,２妨２　１４１　３　１２,2026-07-01,2026-07-06,07,蒲郡,一般,２　４５１　２１４６１３,2026-06-21,2026-06-26,16,児島,一般,３６１３２　１５１２[５],2026-06-06,2026-06-11,15,丸亀,一般,５２４　４２３２１１１３,2026-05-29,2026-06-02,23,からつ,一般,２５４　１６３３３４,4994,山本 梨菜,2026-07-19,2026-07-24,22,福岡,ＧⅢ,３５転　２　４２３３４５,2026-07-09,2026-07-13,14,鳴門,一般,１３１１２　１２[４],2026-06-24,2026-06-29,12,住之江,一般,３　１１３　２１２１[５],2026-06-06,2026-06-11,15,丸亀,一般,２５３４２　２２１２[６],2026-05-24,2026-05-29,24,大村,一般,１２３１２　４　４５１４,3900,香川 素子,2026-07-19,2026-07-24,19,下関,ＧⅢ,２１４　４３３１３２[２],2026-07-07,2026-07-12,11,びわこ,一般,２２２４１５３　６６２４,2026-06-17,2026-06-22,13,尼崎,一般,１６１　１１１F２　５,2026-06-06,2026-06-10,24,大村,一般,１６１　２３３６４３,2026-04-29,2026-05-04,14,鳴門,ＧⅢ,２１１２１３１　５１[１],5250,嶋田 有里,2026-07-13,2026-07-18,13,尼崎,ＧⅢ,１２２　４３４　３４３４,2026-06-24,2026-06-29,12,住之江,一般,３　３４２　４２５３６,2026-06-12,2026-06-17,22,福岡,ＧⅢ,３５４　３１５　２４６,2026-05-24,2026-05-29,24,大村,一般,２　２４５　４３２　２２,2026-05-16,2026-05-21,17,宮島,一般,６　４４３　６１４５５,3611,岩崎 芳美,2026-07-13,2026-07-18,13,尼崎,ＧⅢ,１転２４２　６３３３２１,2026-07-05,2026-07-09,24,大村,一般,２１３３６　４６１５,2026-05-29,2026-06-02,14,鳴門,一般,１２３　５４２　５３,2026-05-18,2026-05-23,18,徳山,ＧⅢ,５３２４３　３３４１１４,2026-05-05,2026-05-10,15,丸亀,ＧⅡ,１　１３６　４　６　１３,5342,原村 百那,2026-07-19,2026-07-24,19,下関,ＧⅢ,６６２　２４３　２４４,2026-06-18,2026-06-23,02,戸田,一般,６　１６２　６３５　６５,2026-05-27,2026-05-31,18,徳山,一般,６６５　６　６６６,2026-04-20,2026-04-25,22,福岡,一般,６　６　５５６６６　５,2026-03-28,2026-04-02,24,大村,一般,６　６４４５６F５　６
202607281511,2026-07-28,15,11R,4852,川原 祐明,2026-07-15,2026-07-20,18,徳山,一般,２５１　４１５１２３２１,2026-07-04,2026-07-09,01,桐生,一般,３３１　２２１２３１[１],2026-06-21,2026-06-26,16,児島,一般,３３１１３　１３１３３１,2026-06-10,2026-06-13,14,鳴門,一般,１３１２６１[３],2026-05-31,2026-06-05,20,若松,一般,１２４３５　５５３５１,4771,下寺 秀和,2026-07-10,2026-07-14,09,津,一般,６３４２１　１６１５,2026-06-26,2026-07-01,17,宮島,一般,３３２　１３２１２１[２],2026-06-17,2026-06-20,07,蒲郡,一般,１３２１４１[２],2026-06-05,2026-06-10,01,桐生,一般,３３２　１４４３１５２４,2026-05-21,2026-05-24,19,下関,一般,１１１４６１[１],3966,作間 章,2026-07-15,2026-07-20,18,徳山,一般,３５５４２　４２５　３１,2026-07-03,2026-07-08,13,尼崎,一般,２１５　１４,2026-06-22,2026-06-27,22,福岡,一般,４３３１２５１　１４１１,2026-06-11,2026-06-16,10,三国,一般,１３１３１３２　２１[１],2026-05-29,2026-06-04,09,津,ＧⅢ,２　３５４２１１１５４４,4467,渡邉 俊介,2026-07-16,2026-07-21,11,びわこ,一般,３５５３２,2026-07-07,2026-07-12,02,戸田,ＧⅡ,２　４５２　４　２４４,2026-06-23,2026-06-28,07,蒲郡,一般,２１３　２４３５２４１２,2026-06-12,2026-06-17,19,下関,一般,２１１５転　１　１３２１,2026-05-28,2026-06-02,01,桐生,一般,２６１１１４４５１３,5142,常住 蓮,2026-07-19,2026-07-24,22,福岡,ＧⅢ,１　６１１５５　３　５１,2026-06-30,2026-07-05,16,児島,ＧⅡ,１２１　３１４　１　[１],2026-06-17,2026-06-22,24,大村,ＧⅡ,３３５　３　３１１５２,2026-06-04,2026-06-09,17,宮島,ＧⅠ,１１５　１３４　５１４,2026-05-26,2026-05-31,06,浜名湖,ＳＧ,３　３　４６３　６２５,4903,吉田 凌太朗,2026-07-13,2026-07-18,07,蒲郡,ＧⅡ,１２４　２５１　４　２２,2026-07-04,2026-07-09,01,桐生,一般,６　F５５　６６１　３,2026-06-20,2026-06-25,06,浜名湖,一般,４１１２４１５　１５２,2026-06-08,2026-06-13,13,尼崎,ＧⅠ,２　４　２１６　６　５５,2026-05-29,2026-06-03,11,びわこ,一般,１５３１１１１２５１[２]
202607281512,2026-07-28,15,12R,5088,高憧 四季,2026-07-18,2026-07-23,09,津,ＧⅢ,６　５６６６５　３,2026-07-07,2026-07-12,11,びわこ,一般,４１１２２４１３２１[５],2026-06-24,2026-06-29,12,住之江,一般,１２１　２５２３３４１２,2026-06-12,2026-06-17,22,福岡,ＧⅢ,４２１３２　４６１１[５],2026-06-04,2026-06-09,17,宮島,ＧⅠ,６１２　２　５１５　１５,4433,川野 芽唯,2026-07-10,2026-07-15,06,浜名湖,一般,４３１　５１１３１２[２],2026-07-01,2026-07-06,07,蒲郡,一般,２　５１３２１　４５３４,2026-06-21,2026-06-24,19,下関,一般,２１５３１２[６],2026-06-12,2026-06-17,22,福岡,ＧⅢ,２５１１１　１４４３２２,2026-05-31,2026-06-05,13,尼崎,一般,５６３５３　２２３１２２,4938,小芦 るり華,2026-07-19,2026-07-24,22,福岡,ＧⅢ,２４５　５５１　５１４,2026-07-07,2026-07-12,11,びわこ,一般,１６３３２１１４３５１５,2026-06-24,2026-06-29,12,住之江,一般,１　３５４１１　２３２,2026-06-17,2026-06-20,07,蒲郡,一般,１６２１３３３１,2026-06-06,2026-06-11,15,丸亀,一般,４５３２５　１１５３２４,5193,米丸 乃絵,2026-07-19,2026-07-24,22,福岡,ＧⅢ,２１５　４２４　３　５１,2026-07-07,2026-07-12,02,戸田,ＧⅡ,４　２４５　４　４１４,2026-05-26,2026-05-31,06,浜名湖,ＳＧ,４６１　５　６５６２４,2026-05-16,2026-05-21,17,宮島,一般,２６１　２２５１２２[６],2026-05-05,2026-05-10,15,丸亀,ＧⅡ,５５２　３１２　３　１３,4963,實森 美祐,2026-07-19,2026-07-24,22,福岡,ＧⅢ,３６１　２６１　６　１６,2026-06-30,2026-07-05,16,児島,ＧⅡ,１６２　３　５３３６２,2026-06-18,2026-06-23,02,戸田,一般,２２４　２６１６１６１５,2026-06-04,2026-06-09,17,宮島,ＧⅠ,６　１　６６４　４３４,2026-05-26,2026-05-31,06,浜名湖,ＳＧ,１５６　２　５２２６３,4823,中村 桃佳,2026-07-14,2026-07-19,21,芦屋,一般,３　１６５４６４４　２５,2026-07-01,2026-07-06,07,蒲郡,一般,２　３２１　F２３　３,2026-06-19,2026-06-24,11,びわこ,一般,１５３３５１４１３４１３,2026-06-06,2026-06-11,15,丸亀,一般,１　１１１１１３４１[１],2026-05-29,2026-06-02,23,からつ,一般,１２４　２１１２[２]
202607281601,2026-07-28,16,01R,3885,久田 武,2026-07-15,2026-07-21,12,住之江,一般,２　６４３　４５３,2026-07-05,2026-07-09,05,多摩川,一般,２３４４１　２３６３,2026-06-25,2026-06-29,18,徳山,一般,３１４２２　５３４１,2026-06-15,2026-06-20,21,芦屋,一般,３５５　１５５４５　３,2026-05-29,2026-06-02,23,からつ,一般,２　３２６６３　５１,3828,明石 正之,2026-07-14,2026-07-19,21,芦屋,一般,５５３　１１３　４３１F,2026-07-03,2026-07-06,09,津,一般,５４５　３１６,2026-06-22,2026-06-27,23,からつ,一般,転欠,2026-06-09,2026-06-14,11,びわこ,一般,４５３　４　２３５４１５,2026-05-23,2026-05-28,10,三国,一般,４　２２１３４３２４３２,5128,坪井 爽佑,2026-07-09,2026-07-14,15,丸亀,一般,６６３　１５３　４５３,2026-06-13,2026-06-16,06,浜名湖,一般,２　３５４６１３,2026-05-28,2026-05-31,02,戸田,一般,５　４６転,2026-05-11,2026-05-15,08,常滑,一般,３　３６４　３５６６,2026-04-26,2026-05-01,24,大村,一般,６５５　３６５４２　４,4246,喜多 那由夏,2026-07-14,2026-07-19,01,桐生,一般,６　６６５　５６４　２,2026-06-28,2026-07-03,20,若松,一般,５　３６２　４２５　３,2026-06-12,2026-06-17,22,福岡,ＧⅢ,２　５６６　３６４　２３,2026-05-27,2026-05-31,18,徳山,一般,３５６　６　３２２,2026-05-16,2026-05-19,06,浜名湖,一般,５　６２４３３４,3507,藤井 徹,2026-07-18,2026-07-21,04,平和島,一般,６２６　４５１,2026-06-29,2026-07-03,11,びわこ,一般,６　４４５　５　５,2026-06-21,2026-06-24,10,三国,一般,５　４１５２３２,2026-06-04,2026-06-08,08,常滑,一般,２３３　１６４６４６,2026-05-20,2026-05-25,05,多摩川,一般,６　６,3442,宮武 英司,2026-07-15,2026-07-21,12,住之江,一般,３５３　５６６　４　６４４,2026-06-30,2026-07-05,06,浜名湖,一般,６３３　２２５４５　２,2026-06-17,2026-06-22,17,宮島,ＧⅢ,６４５　６３３　３５３,2026-05-28,2026-06-02,01,桐生,一般,３　２５６　４　６,2026-05-12,2026-05-15,18,徳山,一般,４１５　４３４
202607281602,2026-07-28,16,02R,4200,早川 尚人,2026-07-16,2026-07-21,11,びわこ,一般,２４１　２２４４２３４１,2026-07-01,2026-07-06,22,福岡,一般,３　４３３　５５６６４,2026-06-22,2026-06-27,23,からつ,一般,６３１　３５５５,2026-05-29,2026-06-02,14,鳴門,一般,４　２５４転,2026-05-10,2026-05-15,16,児島,一般,６　６６６　４５５　３,4739,中村 晃朋,2026-07-15,2026-07-21,12,住之江,一般,１３２４５　２１１５１２２２,2026-07-02,2026-07-07,04,平和島,一般,１２３１２１１　２１[１],2026-06-23,2026-06-28,07,蒲郡,一般,３４１２２３２２１１[１],2026-06-13,2026-06-18,08,常滑,ＧⅠ,６　４６５　６６３　２６,2026-06-03,2026-06-07,03,江戸川,一般,２　３妨,5328,井上 慧人,2026-07-15,2026-07-20,18,徳山,一般,２　６６５　３２,2026-07-01,2026-07-06,07,蒲郡,一般,３３３　１５４　４　４５,2026-06-20,2026-06-25,15,丸亀,一般,６　３６６　１４５　４５,2026-06-02,2026-06-08,10,三国,一般,５　４５３　４６３　２３,2026-05-13,2026-05-18,19,下関,一般,６　５４５　１２６　６欠,4816,村松 修二,2026-07-18,2026-07-22,10,三国,一般,６５１　１１１２[３],2026-07-09,2026-07-13,14,鳴門,一般,１６１　６３,2026-06-26,2026-07-01,17,宮島,一般,５１３１３　６１１５３５,2026-06-15,2026-06-20,21,芦屋,一般,４　１２４４１５５３１６,2026-05-31,2026-06-05,13,尼崎,一般,６　４５３３５６５　３１,5010,宇留田 翔平,2026-07-18,2026-07-23,09,津,ＧⅢ,３　２５４　４３４５２,2026-07-04,2026-07-09,01,桐生,一般,４　３３１６５　５１３１,2026-06-22,2026-06-27,22,福岡,一般,１３２１２３２　３１[１],2026-06-17,2026-06-20,07,蒲郡,一般,２　１５１５１２,2026-06-07,2026-06-11,05,多摩川,一般,５　２６１１５５妨６,4738,清埜 翔子,2026-07-19,2026-07-24,19,下関,ＧⅢ,５２２５３　３　F１４,2026-07-07,2026-07-12,08,常滑,一般,２　３５５１２３６６１３,2026-06-28,2026-07-01,10,三国,一般,１４６２３４３２,2026-06-18,2026-06-23,02,戸田,一般,１４３２３　２１４３５４,2026-05-30,2026-06-04,05,多摩川,ＧⅢ,１　１４３３１３１２[３]
202607281603,2026-07-28,16,03R,3265,今村 暢孝,2026-07-15,2026-07-19,17,宮島,一般,２　２２１１２２[６],2026-07-02,2026-07-06,21,芦屋,一般,５４６　５１１　３３,2026-05-26,2026-05-31,15,丸亀,ＧⅢ,６６２　４２３　６３２５,2026-05-06,2026-05-10,21,芦屋,一般,２１１３３２１６F３,2026-04-26,2026-05-01,24,大村,一般,２４４　４１１２１　１１,3929,杢野 誓良,2026-07-18,2026-07-21,04,平和島,一般,２５４５５　１３,2026-07-05,2026-07-09,05,多摩川,一般,４　６６６　１３３,2026-06-24,2026-06-29,03,江戸川,一般,６３３　６４４　４６２,2026-06-09,2026-06-13,07,蒲郡,一般,３　１６３５４４３,2026-05-23,2026-05-28,10,三国,一般,３４６　４　３１３４５６,5269,山口 晃朋,2026-07-15,2026-07-21,12,住之江,一般,１　２２４　１１１１１１[６],2026-06-25,2026-06-30,01,桐生,ＧⅢ,１５５１４　６２３　２,2026-06-09,2026-06-14,23,からつ,一般,１６６　４５５　１４３,2026-05-22,2026-05-27,13,尼崎,一般,３１４　３２６　１３１１,2026-05-03,2026-05-08,06,浜名湖,一般,１１４　４　１５６６２６,4692,酒井 俊弘,2026-07-18,2026-07-21,04,平和島,一般,４２２　１１２４,2026-06-13,2026-06-16,06,浜名湖,一般,５６５６２　５４,2026-05-30,2026-06-03,12,住之江,一般,３６４　５　５　２３,2026-05-14,2026-05-19,02,戸田,一般,５６３　５４２　５　５１,2026-05-02,2026-05-07,10,三国,一般,１　５２２　２３F４３,4324,海野 康志郎,2026-07-13,2026-07-18,07,蒲郡,ＧⅡ,１２５　２２３　６　３,2026-07-03,2026-07-08,13,尼崎,一般,５２２１４　２１１２[１],2026-06-23,2026-06-28,14,鳴門,ＳＧ,４　１　１５４　２　[６],2026-06-13,2026-06-18,08,常滑,ＧⅠ,２４５　２１６　１４５４,2026-06-04,2026-06-09,17,宮島,ＧⅠ,３４１　３　３３６,5440,薗頭 心,2026-07-13,2026-07-18,13,尼崎,ＧⅢ,６２６　６　５６４　５,2026-06-10,2026-06-13,14,鳴門,一般,４６６　６　４６,2026-05-04,2026-05-09,13,尼崎,一般,６　５　６６６　６６６,2026-04-23,2026-04-29,12,住之江,一般,６　６　２６６　６５５　５６,2026-04-08,2026-04-12,11,びわこ,一般,６　２６６　５　６６
202607281604,2026-07-28,16,04R,5323,香川 陽太,2026-07-18,2026-07-21,20,若松,一般,５５３　３６３３,2026-06-26,2026-07-02,24,大村,一般,３　３５２　４１５　１１[５],2026-06-19,2026-06-24,11,びわこ,一般,２６５　６　１５４　１３,2026-06-04,2026-06-08,08,常滑,一般,２６５３４　１２５４,2026-05-25,2026-05-31,03,江戸川,一般,４３２　５６５　６　３３３４,4520,高倉 孝太,2026-07-19,2026-07-23,05,多摩川,一般,４１２４４５２５４４,2026-07-10,2026-07-15,23,からつ,一般,６３１４４６６　１　２２,2026-06-25,2026-06-29,18,徳山,一般,５　４２妨３６　２１,2026-06-11,2026-06-15,20,若松,一般,２３１　４４６６４４,2026-05-23,2026-05-28,10,三国,一般,４　５１３　４５３　３１,3401,上田 隆章,2026-07-18,2026-07-21,20,若松,一般,２６６　２６４２,2026-07-03,2026-07-08,13,尼崎,一般,５４１　６　３６５　６６,2026-06-25,2026-06-29,18,徳山,一般,１　４５５　５４４,2026-06-11,2026-06-16,10,三国,一般,３　５５２１６　４６１,2026-05-23,2026-05-27,12,住之江,一般,６５６　１５６　２５,3558,山本 浩次,2026-07-19,2026-07-23,05,多摩川,一般,５　４６５６３　４,2026-07-07,2026-07-12,20,若松,ＧⅢ,１４６　４　３３３６４,2026-06-26,2026-07-02,24,大村,一般,１　４２３　３４６　３４５３,2026-06-09,2026-06-13,07,蒲郡,一般,２　５６１４３１１６,2026-05-23,2026-05-27,12,住之江,一般,５　６　４６１２３５,4496,内堀 学,2026-07-10,2026-07-15,23,からつ,一般,１５２　２３１４３２[６],2026-06-28,2026-07-02,05,多摩川,一般,２３３６４４１　１３,2026-06-17,2026-06-22,13,尼崎,一般,１２２　１２２３１２[５],2026-06-06,2026-06-10,24,大村,一般,３３５　１３１５２５,2026-05-25,2026-05-30,17,宮島,一般,１２６３２　４４６５１１,3508,久富 政弘,2026-07-16,2026-07-21,11,びわこ,一般,６１３３３　１４５４１２,2026-07-04,2026-07-09,01,桐生,一般,５　５３１　５３２１４６,2026-06-25,2026-06-29,18,徳山,一般,３３２６３　４５１４,2026-06-09,2026-06-14,23,からつ,一般,２５２　３６３　２　４６,2026-05-24,2026-05-28,21,芦屋,一般,６
202607281605,2026-07-28,16,05R,4273,佐藤 旭,2026-07-15,2026-07-19,08,常滑,一般,３１１２５　４３３１,2026-07-05,2026-07-09,05,多摩川,一般,５３５５６　１　４６,2026-06-22,2026-06-27,23,からつ,一般,２　４２２３４５２４１１,2026-06-12,2026-06-17,19,下関,一般,６　２６４　３４６　３６,2026-05-28,2026-05-31,02,戸田,一般,５６２　２１１２,5112,砂長 知輝,2026-07-18,2026-07-23,09,津,ＧⅢ,１１２　３１２　F　５,2026-07-09,2026-07-14,15,丸亀,一般,３５３１２　３１２３１１,2026-06-26,2026-07-02,24,大村,一般,２３３１３　２５２　１３３２,2026-06-18,2026-06-21,20,若松,一般,１５２５４３１２,2026-05-11,2026-05-15,08,常滑,一般,１１１２５　１２[４],5238,笹木 香吾,2026-07-19,2026-07-24,22,福岡,ＧⅢ,３　１５３　５４５４１,2026-07-09,2026-07-13,14,鳴門,一般,２５４２１　１１[５],2026-06-27,2026-07-01,02,戸田,一般,１２１　２２１２[１],2026-06-16,2026-06-21,18,徳山,ＧⅢ,１　１６４１３６４４３２,2026-06-06,2026-06-10,24,大村,一般,１１３４４　１４１２,2538,高橋 二朗,2026-07-15,2026-07-21,12,住之江,一般,１　３３４　５６４６３５５,2026-07-04,2026-07-09,18,徳山,一般,４６４　６６５　４４３,2026-06-23,2026-06-28,07,蒲郡,一般,６　５４６　６４５　６,2026-06-10,2026-06-13,14,鳴門,一般,４４５　３　５４,2026-05-23,2026-05-28,10,三国,一般,５６２　５５３　５　４６,3439,大平 誉史明,2026-07-15,2026-07-20,18,徳山,一般,３４３６２２２　１３１４,2026-07-05,2026-07-09,05,多摩川,一般,２３欠欠,2026-06-22,2026-06-27,23,からつ,一般,３　１２３１５４１２[６],2026-06-09,2026-06-14,11,びわこ,一般,３３３　４２２４１５１４,2026-05-29,2026-06-04,09,津,ＧⅢ,１２１　６５２４２３４１,5444,林 風音,2026-07-07,2026-07-12,11,びわこ,一般,６　６６６　６６５　６６,2026-06-24,2026-06-29,12,住之江,一般,６　落６６　６５６　６,2026-05-30,2026-06-04,05,多摩川,ＧⅢ,６　６６６　５６６　６,2026-05-05,2026-05-09,18,徳山,一般,６　６６６　６　６６,2026-04-24,2026-04-28,07,蒲郡,一般,６６６　６　３　６６
202607281606,2026-07-28,16,06R,3539,金子 順一,2026-07-14,2026-07-19,21,芦屋,一般,６　４２４　３３６　５２,2026-06-30,2026-07-05,06,浜名湖,一般,３　６２１　５５３６４,2026-06-21,2026-06-24,19,下関,一般,２４６　６６６,2026-06-05,2026-06-10,18,徳山,一般,５　５３４　５４３　４２,2026-05-20,2026-05-25,09,津,一般,３２２　２２５５１３２１,4002,古結 宏,2026-07-15,2026-07-21,12,住之江,一般,１６６　５６,2026-07-03,2026-07-06,09,津,一般,３６３５６２１,2026-06-22,2026-06-27,22,福岡,一般,２２２４１１３　１転４,2026-06-11,2026-06-16,10,三国,一般,２１３　１６５６２５２３,2026-05-31,2026-06-05,13,尼崎,一般,１１３　１３１１３２[２],3442,宮武 英司,2026-07-15,2026-07-21,12,住之江,一般,３５３　５６６　４　６４４,2026-06-30,2026-07-05,06,浜名湖,一般,６３３　２２５４５　２,2026-06-17,2026-06-22,17,宮島,ＧⅢ,６４５　６３３　３５３,2026-05-28,2026-06-02,01,桐生,一般,３　２５６　４　６,2026-05-12,2026-05-15,18,徳山,一般,４１５　４３４,4111,奥田 誠,2026-07-18,2026-07-21,20,若松,一般,３４５　３１５３,2026-07-09,2026-07-14,15,丸亀,一般,６３６１２６４　３３２１,2026-06-25,2026-06-29,21,芦屋,一般,６６５　６２４　４,2026-06-09,2026-06-13,07,蒲郡,一般,２２５　２３３１[３],2026-05-25,2026-05-30,17,宮島,一般,２　３２２　３３１５５６,4677,片橋 幸貴,2026-07-15,2026-07-21,12,住之江,一般,３４２　２１１３５２６３[５],2026-07-03,2026-07-06,09,津,一般,５２３　１３１２,2026-06-24,2026-06-29,03,江戸川,一般,１４２　１３１　３４４２,2026-06-11,2026-06-16,10,三国,一般,転　２１１　４２１２３２,2026-05-29,2026-06-02,23,からつ,一般,５　６２４６３　６２,3860,松本 浩貴,2026-07-17,2026-07-20,02,戸田,一般,３　１４３６２６,2026-06-30,2026-07-04,19,下関,一般,５３４　６５４　５,2026-06-20,2026-06-25,06,浜名湖,一般,２２３　３５６　４５２,2026-06-03,2026-06-07,07,蒲郡,一般,４　６５６　５,2026-05-19,2026-05-23,16,児島,一般,１５５　４６
202607281607,2026-07-28,16,07R,4611,今井 美亜,2026-07-19,2026-07-24,19,下関,ＧⅢ,５５５２４　２１３２[６],2026-07-07,2026-07-12,02,戸田,ＧⅡ,６　４６１　６　４２２,2026-06-24,2026-06-29,12,住之江,一般,２　３１３　１４１２[２],2026-06-12,2026-06-17,22,福岡,ＧⅢ,１　１６３３４４１６１４,2026-05-30,2026-06-04,05,多摩川,ＧⅢ,２４６１６　２２１５１６,4246,喜多 那由夏,2026-07-14,2026-07-19,01,桐生,一般,６　６６５　５６４　２,2026-06-28,2026-07-03,20,若松,一般,５　３６２　４２５　３,2026-06-12,2026-06-17,22,福岡,ＧⅢ,２　５６６　３６４　２３,2026-05-27,2026-05-31,18,徳山,一般,３５６　６　３２２,2026-05-16,2026-05-19,06,浜名湖,一般,５　６２４３３４,4738,清埜 翔子,2026-07-19,2026-07-24,19,下関,ＧⅢ,５２２５３　３　F１４,2026-07-07,2026-07-12,08,常滑,一般,２　３５５１２３６６１３,2026-06-28,2026-07-01,10,三国,一般,１４６２３４３２,2026-06-18,2026-06-23,02,戸田,一般,１４３２３　２１４３５４,2026-05-30,2026-06-04,05,多摩川,ＧⅢ,１　１４３３１３１２[３],4775,千葉 真弥,2026-06-06,2026-06-10,06,浜名湖,一般,３５３５５　４　３５,2026-05-24,2026-05-28,21,芦屋,一般,４　１６４４５１３１,2026-05-12,2026-05-17,07,蒲郡,一般,１２２　４２３１１２[４],2026-04-16,2026-04-21,08,常滑,一般,２　２２１５３１１２[３],2026-03-17,2026-03-22,17,宮島,一般,３　１１５２１４５４１４,5440,薗頭 心,2026-07-13,2026-07-18,13,尼崎,ＧⅢ,６２６　６　５６４　５,2026-06-10,2026-06-13,14,鳴門,一般,４６６　６　４６,2026-05-04,2026-05-09,13,尼崎,一般,６　５　６６６　６６６,2026-04-23,2026-04-29,12,住之江,一般,６　６　２６６　６５５　５６,2026-04-08,2026-04-12,11,びわこ,一般,６　２６６　５　６６,5442,池田 美優,2026-07-13,2026-07-18,13,尼崎,ＧⅢ,６　６６６　５６６　５,2026-06-26,2026-07-01,17,宮島,一般,５６２　５　６６６６６,2026-06-12,2026-06-17,22,福岡,ＧⅢ,６　４４６　３５６　６５,2026-05-12,2026-05-17,07,蒲郡,一般,６　６５６　６　６６,2026-04-12,2026-04-17,16,児島,一般,６　６５転６６　６　６６
202607281608,2026-07-28,16,08R,4563,齋藤 真之,2026-07-11,2026-07-16,03,江戸川,一般,５　６６３　１５３５４,2026-06-30,2026-07-04,19,下関,一般,５６４　３　５６１,2026-06-19,2026-06-24,11,びわこ,一般,３６６　５　２３５　２５,2026-05-15,2026-05-18,13,尼崎,一般,３,2026-04-30,2026-05-05,17,宮島,一般,５５５　４６４　５　１６,3340,池田 雷太,2026-07-15,2026-07-21,12,住之江,一般,４　３５６　５４６　２　６,2026-07-05,2026-07-09,05,多摩川,一般,４２５２４　２　４２,2026-06-21,2026-06-25,08,常滑,一般,４５４　３６６　２６,2026-06-05,2026-06-10,01,桐生,一般,６５５　４１５　４　５６,2026-05-19,2026-05-23,16,児島,一般,４　４６６　４５５,4200,早川 尚人,2026-07-16,2026-07-21,11,びわこ,一般,２４１　２２４４２３４１,2026-07-01,2026-07-06,22,福岡,一般,３　４３３　５５６６４,2026-06-22,2026-06-27,23,からつ,一般,６３１　３５５５,2026-05-29,2026-06-02,14,鳴門,一般,４　２５４転,2026-05-10,2026-05-15,16,児島,一般,６　６６６　４５５　３,5128,坪井 爽佑,2026-07-09,2026-07-14,15,丸亀,一般,６６３　１５３　４５３,2026-06-13,2026-06-16,06,浜名湖,一般,２　３５４６１３,2026-05-28,2026-05-31,02,戸田,一般,５　４６転,2026-05-11,2026-05-15,08,常滑,一般,３　３６４　３５６６,2026-04-26,2026-05-01,24,大村,一般,６５５　３６５４２　４,3508,久富 政弘,2026-07-16,2026-07-21,11,びわこ,一般,６１３３３　１４５４１２,2026-07-04,2026-07-09,01,桐生,一般,５　５３１　５３２１４６,2026-06-25,2026-06-29,18,徳山,一般,３３２６３　４５１４,2026-06-09,2026-06-14,23,からつ,一般,２５２　３６３　２　４６,2026-05-24,2026-05-28,21,芦屋,一般,６,3910,松下 知幸,2026-07-15,2026-07-19,17,宮島,一般,３　３５６４４　５４,2026-07-03,2026-07-08,12,住之江,一般,５５６　３６４　５　４,2026-06-22,2026-06-27,23,からつ,一般,５３２　５　３１５１３４,2026-06-09,2026-06-14,11,びわこ,一般,６６４,2026-05-24,2026-05-28,21,芦屋,一般,５　５５６　４４３
202607281609,2026-07-28,16,09R,4294,古賀 繁輝,2026-07-15,2026-07-21,12,住之江,一般,４　３２３　３５５３１５３１,2026-06-30,2026-07-05,23,からつ,一般,３１６１６　１２４５１３,2026-06-22,2026-06-27,23,からつ,一般,　　　　　　　　　　１５,2026-06-19,2026-06-24,11,びわこ,一般,３６１５２１３４５６２３,2026-05-12,2026-05-16,04,平和島,一般,２３６　２２１６３１,5344,谷口 丞,2026-07-14,2026-07-19,21,芦屋,一般,１２４　２４３　６３４,2026-06-30,2026-07-05,23,からつ,一般,４３２　４１３　４６１３,2026-06-20,2026-06-25,06,浜名湖,一般,３　２３１　４４４６１５,2026-06-09,2026-06-14,11,びわこ,一般,　　　　　　　　　　３６,2026-06-02,2026-06-08,10,三国,一般,５　５６１　６５６　３１,4692,酒井 俊弘,2026-07-18,2026-07-21,04,平和島,一般,４２２　１１２４,2026-06-13,2026-06-16,06,浜名湖,一般,５６５６２　５４,2026-05-30,2026-06-03,12,住之江,一般,３６４　５　５　２３,2026-05-14,2026-05-19,02,戸田,一般,５６３　５４２　５　５１,2026-05-02,2026-05-07,10,三国,一般,１　５２２　２３F４３,3930,岸本 隆,2026-07-19,2026-07-23,05,多摩川,一般,３　５５３５３　４１,2026-07-09,2026-07-13,16,児島,一般,４１４２１　４５２４,2026-06-25,2026-06-29,21,芦屋,一般,４４１２１　６５３６,2026-06-16,2026-06-21,18,徳山,ＧⅢ,１　４５６４５　５　４,2026-05-31,2026-06-05,20,若松,一般,３５３　４３４　３　５４,3828,明石 正之,2026-07-14,2026-07-19,21,芦屋,一般,５５３　１１３　４３１F,2026-07-03,2026-07-06,09,津,一般,５４５　３１６,2026-06-22,2026-06-27,23,からつ,一般,転欠,2026-06-09,2026-06-14,11,びわこ,一般,４５３　４　２３５４１５,2026-05-23,2026-05-28,10,三国,一般,４　２２１３４３２４３２,4816,村松 修二,2026-07-18,2026-07-22,10,三国,一般,６５１　１１１２[３],2026-07-09,2026-07-13,14,鳴門,一般,１６１　６３,2026-06-26,2026-07-01,17,宮島,一般,５１３１３　６１１５３５,2026-06-15,2026-06-20,21,芦屋,一般,４　１２４４１５５３１６,2026-05-31,2026-06-05,13,尼崎,一般,６　４５３３５６５　３１
202607281610,2026-07-28,16,10R,5010,宇留田 翔平,2026-07-18,2026-07-23,09,津,ＧⅢ,３　２５４　４３４５２,2026-07-04,2026-07-09,01,桐生,一般,４　３３１６５　５１３１,2026-06-22,2026-06-27,22,福岡,一般,１３２１２３２　３１[１],2026-06-17,2026-06-20,07,蒲郡,一般,２　１５１５１２,2026-06-07,2026-06-11,05,多摩川,一般,５　２６１１５５妨６,4207,松下 一也,2026-07-16,2026-07-21,11,びわこ,一般,１２５１５３F　６　４,2026-07-05,2026-07-09,05,多摩川,一般,３６２１６６３　１,2026-06-25,2026-06-29,21,芦屋,一般,５１２６１　２６１６,2026-06-09,2026-06-14,23,からつ,一般,３５２　１５２　１６２６,2026-05-27,2026-05-31,18,徳山,一般,１１１３３　５４１４,5323,香川 陽太,2026-07-18,2026-07-21,20,若松,一般,５５３　３６３３,2026-06-26,2026-07-02,24,大村,一般,３　３５２　４１５　１１[５],2026-06-19,2026-06-24,11,びわこ,一般,２６５　６　１５４　１３,2026-06-04,2026-06-08,08,常滑,一般,２６５３４　１２５４,2026-05-25,2026-05-31,03,江戸川,一般,４３２　５６５　６　３３３４,5238,笹木 香吾,2026-07-19,2026-07-24,22,福岡,ＧⅢ,３　１５３　５４５４１,2026-07-09,2026-07-13,14,鳴門,一般,２５４２１　１１[５],2026-06-27,2026-07-01,02,戸田,一般,１２１　２２１２[１],2026-06-16,2026-06-21,18,徳山,ＧⅢ,１　１６４１３６４４３２,2026-06-06,2026-06-10,24,大村,一般,１１３４４　１４１２,3929,杢野 誓良,2026-07-18,2026-07-21,04,平和島,一般,２５４５５　１３,2026-07-05,2026-07-09,05,多摩川,一般,４　６６６　１３３,2026-06-24,2026-06-29,03,江戸川,一般,６３３　６４４　４６２,2026-06-09,2026-06-13,07,蒲郡,一般,３　１６３５４４３,2026-05-23,2026-05-28,10,三国,一般,３４６　４　３１３４５６,3507,藤井 徹,2026-07-18,2026-07-21,04,平和島,一般,６２６　４５１,2026-06-29,2026-07-03,11,びわこ,一般,６　４４５　５　５,2026-06-21,2026-06-24,10,三国,一般,５　４１５２３２,2026-06-04,2026-06-08,08,常滑,一般,２３３　１６４６４６,2026-05-20,2026-05-25,05,多摩川,一般,６　６
202607281611,2026-07-28,16,11R,4002,古結 宏,2026-07-15,2026-07-21,12,住之江,一般,１６６　５６,2026-07-03,2026-07-06,09,津,一般,３６３５６２１,2026-06-22,2026-06-27,22,福岡,一般,２２２４１１３　１転４,2026-06-11,2026-06-16,10,三国,一般,２１３　１６５６２５２３,2026-05-31,2026-06-05,13,尼崎,一般,１１３　１３１１３２[２],3439,大平 誉史明,2026-07-15,2026-07-20,18,徳山,一般,３４３６２２２　１３１４,2026-07-05,2026-07-09,05,多摩川,一般,２３欠欠,2026-06-22,2026-06-27,23,からつ,一般,３　１２３１５４１２[６],2026-06-09,2026-06-14,11,びわこ,一般,３３３　４２２４１５１４,2026-05-29,2026-06-04,09,津,ＧⅢ,１２１　６５２４２３４１,3885,久田 武,2026-07-15,2026-07-21,12,住之江,一般,２　６４３　４５３,2026-07-05,2026-07-09,05,多摩川,一般,２３４４１　２３６３,2026-06-25,2026-06-29,18,徳山,一般,３１４２２　５３４１,2026-06-15,2026-06-20,21,芦屋,一般,３５５　１５５４５　３,2026-05-29,2026-06-02,23,からつ,一般,２　３２６６３　５１,5269,山口 晃朋,2026-07-15,2026-07-21,12,住之江,一般,１　２２４　１１１１１１[６],2026-06-25,2026-06-30,01,桐生,ＧⅢ,１５５１４　６２３　２,2026-06-09,2026-06-14,23,からつ,一般,１６６　４５５　１４３,2026-05-22,2026-05-27,13,尼崎,一般,３１４　３２６　１３１１,2026-05-03,2026-05-08,06,浜名湖,一般,１１４　４　１５６６２６,4520,高倉 孝太,2026-07-19,2026-07-23,05,多摩川,一般,４１２４４５２５４４,2026-07-10,2026-07-15,23,からつ,一般,６３１４４６６　１　２２,2026-06-25,2026-06-29,18,徳山,一般,５　４２妨３６　２１,2026-06-11,2026-06-15,20,若松,一般,２３１　４４６６４４,2026-05-23,2026-05-28,10,三国,一般,４　５１３　４５３　３１,5328,井上 慧人,2026-07-15,2026-07-20,18,徳山,一般,２　６６５　３２,2026-07-01,2026-07-06,07,蒲郡,一般,３３３　１５４　４　４５,2026-06-20,2026-06-25,15,丸亀,一般,６　３６６　１４５　４５,2026-06-02,2026-06-08,10,三国,一般,５　４５３　４６３　２３,2026-05-13,2026-05-18,19,下関,一般,６　５４５　１２６　６欠
202607281612,2026-07-28,16,12R,4324,海野 康志郎,2026-07-13,2026-07-18,07,蒲郡,ＧⅡ,１２５　２２３　６　３,2026-07-03,2026-07-08,13,尼崎,一般,５２２１４　２１１２[１],2026-06-23,2026-06-28,14,鳴門,ＳＧ,４　１　１５４　２　[６],2026-06-13,2026-06-18,08,常滑,ＧⅠ,２４５　２１６　１４５４,2026-06-04,2026-06-09,17,宮島,ＧⅠ,３４１　３　３３６,4496,内堀 学,2026-07-10,2026-07-15,23,からつ,一般,１５２　２３１４３２[６],2026-06-28,2026-07-02,05,多摩川,一般,２３３６４４１　１３,2026-06-17,2026-06-22,13,尼崎,一般,１２２　１２２３１２[５],2026-06-06,2026-06-10,24,大村,一般,３３５　１３１５２５,2026-05-25,2026-05-30,17,宮島,一般,１２６３２　４４６５１１,4611,今井 美亜,2026-07-19,2026-07-24,19,下関,ＧⅢ,５５５２４　２１３２[６],2026-07-07,2026-07-12,02,戸田,ＧⅡ,６　４６１　６　４２２,2026-06-24,2026-06-29,12,住之江,一般,２　３１３　１４１２[２],2026-06-12,2026-06-17,22,福岡,ＧⅢ,１　１６３３４４１６１４,2026-05-30,2026-06-04,05,多摩川,ＧⅢ,２４６１６　２２１５１６,4677,片橋 幸貴,2026-07-15,2026-07-21,12,住之江,一般,３４２　２１１３５２６３[５],2026-07-03,2026-07-06,09,津,一般,５２３　１３１２,2026-06-24,2026-06-29,03,江戸川,一般,１４２　１３１　３４４２,2026-06-11,2026-06-16,10,三国,一般,転　２１１　４２１２３２,2026-05-29,2026-06-02,23,からつ,一般,５　６２４６３　６２,4739,中村 晃朋,2026-07-15,2026-07-21,12,住之江,一般,１３２４５　２１１５１２２２,2026-07-02,2026-07-07,04,平和島,一般,１２３１２１１　２１[１],2026-06-23,2026-06-28,07,蒲郡,一般,３４１２２３２２１１[１],2026-06-13,2026-06-18,08,常滑,ＧⅠ,６　４６５　６６３　２６,2026-06-03,2026-06-07,03,江戸川,一般,２　３妨,5112,砂長 知輝,2026-07-18,2026-07-23,09,津,ＧⅢ,１１２　３１２　F　５,2026-07-09,2026-07-14,15,丸亀,一般,３５３１２　３１２３１１,2026-06-26,2026-07-02,24,大村,一般,２３３１３　２５２　１３３２,2026-06-18,2026-06-21,20,若松,一般,１５２５４３１２,2026-05-11,2026-05-15,08,常滑,一般,１１１２５　１２[４]
202607281701,2026-07-28,17,01R,4674,池田 剛規,2026-07-14,2026-07-17,24,大村,一般,５３４　５　１２,2026-06-30,2026-07-04,19,下関,一般,１　５２１５３２[３],2026-06-19,2026-06-24,11,びわこ,一般,１６３１３　４６３　２６,2026-06-07,2026-06-12,09,津,一般,３４４４５　１　５３３,2026-05-25,2026-05-31,07,蒲郡,一般,５６４　５５３５１　１　６４,3776,横井 健太,2026-07-14,2026-07-19,01,桐生,一般,３　３２３６５　４　６２,2026-06-30,2026-07-05,06,浜名湖,一般,３　４５３２５　４６５,2026-06-18,2026-06-21,04,平和島,一般,４　４２６　６,2026-06-07,2026-06-11,05,多摩川,一般,３　６６３　６６転,2026-05-30,2026-06-03,12,住之江,一般,６　３５２　６４６,4405,南野 利騰,2026-07-12,2026-07-16,05,多摩川,一般,６　１２不　１４２１,2026-06-29,2026-07-04,08,常滑,一般,３　４２５　２４４２５２,2026-06-21,2026-06-24,10,三国,一般,３　３６６４４,2026-06-06,2026-06-10,06,浜名湖,一般,２４２５４　６　３３,2026-05-19,2026-05-24,01,桐生,一般,３　４４５　５４３　４３,4835,橋本 明,2026-07-14,2026-07-19,21,芦屋,一般,５　３６６　３６３　５６,2026-07-03,2026-07-08,13,尼崎,一般,２４３　２４４　５３２２,2026-06-22,2026-06-27,23,からつ,一般,２５３　４２６３４　３３,2026-06-10,2026-06-13,14,鳴門,一般,３　２４４１４４,2026-05-26,2026-05-31,15,丸亀,ＧⅢ,３３２　５４４６１　６４,4299,中島 浩哉,2026-07-10,2026-07-14,09,津,一般,５４４　３６２　２２,2026-06-25,2026-06-30,01,桐生,ＧⅢ,５　２６３　３２６２４,2026-06-11,2026-06-15,20,若松,一般,６６４４５　５４５,2026-05-10,2026-05-14,23,からつ,一般,６　４３３２５　３３,2026-04-25,2026-04-30,13,尼崎,一般,３　４６１　３４５４１３,4191,赤羽 克也,2026-07-12,2026-07-16,05,多摩川,一般,４４３１２３１３２５,2026-07-01,2026-07-06,22,福岡,一般,１２２４２　１２３１[２],2026-06-21,2026-06-24,19,下関,一般,１　３６４１２１,2026-06-09,2026-06-14,23,からつ,一般,１　２１４　３２３３２１,2026-05-27,2026-06-01,08,常滑,一般,２　１５１　１３２２[６]
202607281702,2026-07-28,17,02R,5020,宮村 勇哉,2026-07-10,2026-07-15,23,からつ,一般,２　２６２　２２５５３３,2026-06-28,2026-07-02,05,多摩川,一般,２６３　１　３５４２,2026-06-16,2026-06-21,09,津,一般,５４４　３　１５３　３２,2026-05-29,2026-06-03,11,びわこ,一般,３　３３６５１　５５３６,2026-05-15,2026-05-20,20,若松,一般,１２５　５６１　１６６５,3891,谷口 健一,2026-07-12,2026-07-16,05,多摩川,一般,６　６　６３１４３６,2026-06-30,2026-07-04,19,下関,一般,６　６妨１　６　６欠,2026-06-19,2026-06-24,11,びわこ,一般,６　４５１　５５２　５６,2026-06-13,2026-06-16,06,浜名湖,一般,５５４　５４２５,2026-06-04,2026-06-08,08,常滑,一般,４４４３６　４４５５,4580,長谷川 雅和,2026-07-09,2026-07-13,16,児島,一般,２１１　１４５１[４],2026-06-29,2026-07-03,11,びわこ,一般,１　３２５５５６２５,2026-06-14,2026-06-17,12,住之江,一般,６２４　１３６,2026-05-08,2026-05-13,14,鳴門,一般,５　２４５１１　１３１１,2026-04-26,2026-05-01,24,大村,一般,１３３３３　１３５２[３],3976,内田 圭,2026-07-10,2026-07-13,19,下関,一般,６５６　５　６６,2026-06-25,2026-06-30,13,尼崎,一般,５　４５６　１６３　３４,2026-06-18,2026-06-21,04,平和島,一般,５　１６２６５２,2026-05-29,2026-06-02,23,からつ,一般,４５５６５　３５６５,2026-05-15,2026-05-20,20,若松,一般,６　６４２６４　４　６,4422,永井 亮次,2026-07-12,2026-07-16,05,多摩川,一般,４２転　２１２　３６,2026-06-25,2026-06-29,21,芦屋,一般,２　６６５５４　３５,2026-06-16,2026-06-21,18,徳山,ＧⅢ,転,2026-05-27,2026-06-01,08,常滑,一般,２２５　２６４　６６１３,2026-05-09,2026-05-14,09,津,ＧⅢ,５４５　３　３４５　５３,4600,井内 将太郎,2026-06-17,2026-06-22,24,大村,ＧⅡ,１４６　２　F４６　５,2026-06-05,2026-06-10,18,徳山,一般,１３４２５　１２１２[５],2026-05-19,2026-05-23,16,児島,一般,１６６３１２１１[６],2026-05-11,2026-05-14,12,住之江,一般,１６３　４２１,2026-04-30,2026-05-05,17,宮島,一般,２　１２転４３５３　３２
202607281703,2026-07-28,17,03R,3757,畑 和宏,2026-07-17,2026-07-20,02,戸田,一般,６　５２１４３４,2026-06-09,2026-06-14,11,びわこ,一般,１　３６２２３落,2026-05-24,2026-05-28,21,芦屋,一般,５４３　３３３３２,2026-05-08,2026-05-13,14,鳴門,一般,エ２,2026-04-25,2026-04-30,13,尼崎,一般,２２４　４４２　４５F６,3211,北川 敏弘,2026-07-14,2026-07-17,24,大村,一般,３５６　４　３５,2026-07-02,2026-07-06,21,芦屋,一般,３１４５５　１　４６,2026-06-22,2026-06-27,22,福岡,一般,５３３　２６４４４　４１,2026-06-14,2026-06-17,12,住之江,一般,５　６６４　３６,2026-05-25,2026-05-31,07,蒲郡,一般,４　２３４　２５３４３２[５],4866,橋本 英一,2026-07-14,2026-07-17,24,大村,一般,６　３３４　１６,2026-06-30,2026-07-05,06,浜名湖,一般,２１２　４６３１１６２落,2026-06-21,2026-06-24,10,三国,一般,４４２　５３２６,2026-06-03,2026-06-07,07,蒲郡,一般,５４３　５　５５,2026-04-25,2026-04-30,21,芦屋,一般,６５転　６　４４６　３,4703,森永 隆,2026-07-09,2026-07-13,14,鳴門,一般,２２１２１６２２[２],2026-06-28,2026-07-01,10,三国,一般,６４２　５４５２,2026-06-16,2026-06-21,18,徳山,ＧⅢ,１１１１１２２　３１[４],2026-06-03,2026-06-08,21,芦屋,一般,２５１２３２１　１６１２,2026-05-19,2026-05-23,16,児島,一般,４　１１１１６１[４],4930,佐藤 悠,2026-07-17,2026-07-20,02,戸田,一般,２１３５３　５２,2026-07-01,2026-07-06,22,福岡,一般,３４L３３４２　５　３１,2026-06-20,2026-06-25,06,浜名湖,一般,５３３　１２５３１　エ６,2026-06-11,2026-06-15,20,若松,一般,２５４　２２３６１５,2026-05-25,2026-05-31,07,蒲郡,一般,２　６２１２４　５３３１[４],5457,山田 陽翔,2026-06-26,2026-07-02,24,大村,一般,６　５６欠　６６６　６６６６,2026-06-09,2026-06-14,23,からつ,一般,６　６６６６６　５６６,2026-05-07,2026-05-11,24,大村,一般,６　６６６６５　６６,,,,,,,,,,,,
202607281704,2026-07-28,17,04R,4179,広次 修,2026-07-14,2026-07-17,24,大村,一般,２３３　５６１６,2026-07-04,2026-07-09,01,桐生,一般,５２５　１　２２５２[５],2026-06-24,2026-06-28,04,平和島,一般,３５４５２　１５,2026-06-12,2026-06-17,19,下関,一般,５　５４４１３６３　１,2026-05-28,2026-05-31,02,戸田,一般,３６１　３４２３,4161,黒柳 浩孝,2026-07-14,2026-07-17,24,大村,一般,２６２　２　１２,2026-07-04,2026-07-09,01,桐生,一般,６３２　１２３　２３６５,2026-06-24,2026-06-29,03,江戸川,一般,５　１２６　２３２６５４,2026-06-12,2026-06-17,19,下関,一般,１　４４５　５５２　５１,2026-05-23,2026-05-27,12,住之江,一般,４５４　４６４　４４,4652,酒見 峻介,2026-07-10,2026-07-13,19,下関,一般,４　１６３６４,2026-06-26,2026-07-02,24,大村,一般,６　５６,2026-06-17,2026-06-20,07,蒲郡,一般,２３１４１４６５,2026-05-11,2026-05-16,03,江戸川,ＧⅡ,３　３　４４３　３３３,2026-05-01,2026-05-06,23,からつ,一般,２５５３３４４　３　４１,4094,中島 真二,2026-07-15,2026-07-19,08,常滑,一般,３　３６５２４　１６,2026-07-02,2026-07-06,21,芦屋,一般,６６４　５６,2026-06-22,2026-06-27,22,福岡,一般,３４２　１４２６１５２３,2026-06-07,2026-06-12,09,津,一般,６　１４１　６６２　６２,2026-05-16,2026-05-21,17,宮島,一般,２６６３４１２　１４４４,4446,和田 兼輔,2026-07-15,2026-07-20,18,徳山,一般,１３５２１F３　５　３,2026-06-30,2026-07-05,16,児島,ＧⅡ,５４３　４　４１３１４,2026-06-17,2026-06-22,13,尼崎,一般,１２１　１３４１１２[２],2026-06-10,2026-06-13,14,鳴門,一般,転５,2026-05-04,2026-05-09,13,尼崎,一般,３　２４３１３　２　[６],4109,谷津 幸宏,2026-07-13,2026-07-18,07,蒲郡,ＧⅡ,F　６　２５６　５　４,2026-06-30,2026-07-05,16,児島,ＧⅡ,５５５　２　６１５　６３,2026-06-17,2026-06-22,13,尼崎,一般,５欠１３２　１２１２[６],2026-06-03,2026-06-08,21,芦屋,一般,４２３１３６１３３３１５,2026-05-21,2026-05-24,19,下関,一般,エ３２３２　２１
202607281705,2026-07-28,17,05R,4066,東本 勝利,2026-07-15,2026-07-20,18,徳山,一般,３２５２１　１５４２[２],2026-07-02,2026-07-06,21,芦屋,一般,３２５　５３５３３１,2026-06-22,2026-06-27,23,からつ,一般,落欠,2026-06-09,2026-06-14,11,びわこ,一般,２２２　３２２３２２[４],2026-05-26,2026-05-31,15,丸亀,ＧⅢ,６　３６１４２４４１４３,4708,半田 尚也,2026-07-09,2026-07-13,16,児島,一般,３　１２３５２６１５,2026-05-29,2026-06-03,11,びわこ,一般,４５３　６４６　４３５,2026-05-12,2026-05-16,04,平和島,一般,５６５　６,2026-04-30,2026-05-05,17,宮島,一般,３　５５６　５F６　６,2026-04-20,2026-04-24,18,徳山,一般,４　４４５　５　４２,4555,富永 大一,2026-07-14,2026-07-19,21,芦屋,一般,１３２　４２５　５１[２],2026-06-25,2026-06-30,13,尼崎,一般,２　３４３１６　３６６４,2026-06-13,2026-06-16,06,浜名湖,一般,４６６１４　２４,2026-06-01,2026-06-05,19,下関,一般,２　３２１５４１[５],2026-05-22,2026-05-26,23,からつ,一般,２３１　３４２３５６,4982,中村 将隆,2026-06-16,2026-06-21,18,徳山,ＧⅢ,６６２　４１４　５５６,2026-05-30,2026-06-03,12,住之江,一般,５３１　１４３３３３,2026-05-12,2026-05-16,01,桐生,一般,２　３３４６５F５,2026-04-24,2026-04-29,08,常滑,一般,６５６　４２６　５　６４,2026-04-11,2026-04-14,04,平和島,一般,３３５　２２３４,4351,里岡 右貴,2026-07-10,2026-07-15,22,福岡,一般,１５１　３２２１５１[３],2026-06-24,2026-06-29,09,津,一般,３２４F３１４　３　４,2026-06-15,2026-06-20,21,芦屋,一般,１２１４２　２４３１[１],2026-06-05,2026-06-10,18,徳山,一般,１１１２３　１３１１[３],2026-05-25,2026-05-31,07,蒲郡,一般,４３１４４５２　３６１３１２,4943,八木 治樹,2026-07-15,2026-07-19,08,常滑,一般,５　５１４４５　５,2026-06-16,2026-06-21,09,津,一般,５　３２３　２５４１１４,2026-05-28,2026-05-31,02,戸田,一般,６　３３４５５,2026-05-11,2026-05-14,12,住之江,一般,２５５　５６４,2026-04-30,2026-05-06,11,びわこ,一般,６　３　１３２６６４５４
202607281706,2026-07-28,17,06R,4638,小林 遼太,2026-07-14,2026-07-19,01,桐生,一般,３６１　３４２　１４１３,2026-06-30,2026-07-05,06,浜名湖,一般,１　２２５４３２１４３３,2026-06-16,2026-06-21,18,徳山,ＧⅢ,２１６　２４４３５５３４,2026-06-01,2026-06-04,24,大村,一般,３　　　２２６１,2026-05-14,2026-05-18,10,三国,一般,３３３　５６２　５２,4672,守屋 大地,2026-07-10,2026-07-14,09,津,一般,４２２６４　３４４２,2026-06-29,2026-07-03,11,びわこ,一般,５４５　２　６６２１,2026-06-21,2026-06-25,08,常滑,一般,６６３　５２２　２６,2026-06-07,2026-06-11,05,多摩川,一般,５１６　４６３　５,2026-05-26,2026-05-31,15,丸亀,ＧⅢ,　　　　　　　　　　５転,4565,西村 豪洋,2026-07-15,2026-07-19,08,常滑,一般,　　　　　　　　３１,2026-07-09,2026-07-13,16,児島,一般,５５６　３　３３４６,2026-07-03,2026-07-06,09,津,一般,１６１　６１５４,2026-06-28,2026-07-01,10,三国,一般,４６４　３　２３,2026-06-18,2026-06-21,04,平和島,一般,６　４４３５５４,3891,谷口 健一,2026-07-12,2026-07-16,05,多摩川,一般,６　６　６３１４３６,2026-06-30,2026-07-04,19,下関,一般,６　６妨１　６　６欠,2026-06-19,2026-06-24,11,びわこ,一般,６　４５１　５５２　５６,2026-06-13,2026-06-16,06,浜名湖,一般,５５４　５４２５,2026-06-04,2026-06-08,08,常滑,一般,４４４３６　４４５５,3776,横井 健太,2026-07-14,2026-07-19,01,桐生,一般,３　３２３６５　４　６２,2026-06-30,2026-07-05,06,浜名湖,一般,３　４５３２５　４６５,2026-06-18,2026-06-21,04,平和島,一般,４　４２６　６,2026-06-07,2026-06-11,05,多摩川,一般,３　６６３　６６転,2026-05-30,2026-06-03,12,住之江,一般,６　３５２　６４６,4715,村上 遼,2026-07-13,2026-07-18,07,蒲郡,ＧⅡ,５４３　５　４６２　５６,2026-06-30,2026-07-05,16,児島,ＧⅡ,３４１　６　２１２　[４],2026-06-18,2026-06-21,04,平和島,一般,４５１１１１[４],2026-04-03,2026-04-08,12,住之江,ＧⅠ,６　２５５　５,2026-03-19,2026-03-25,15,丸亀,一般,２　２３５１３６１３１３３１
202607281707,2026-07-28,17,07R,4835,橋本 明,2026-07-14,2026-07-19,21,芦屋,一般,５　３６６　３６３　５６,2026-07-03,2026-07-08,13,尼崎,一般,２４３　２４４　５３２２,2026-06-22,2026-06-27,23,からつ,一般,２５３　４２６３４　３３,2026-06-10,2026-06-13,14,鳴門,一般,３　２４４１４４,2026-05-26,2026-05-31,15,丸亀,ＧⅢ,３３２　５４４６１　６４,4786,佐藤 博亮,2026-07-14,2026-07-17,24,大村,一般,１５２３１３４２,2026-06-30,2026-07-05,23,からつ,一般,４４２４２　２１１４１４,2026-06-16,2026-06-21,18,徳山,ＧⅢ,２６２２３４１　１４５１,2026-06-07,2026-06-11,05,多摩川,一般,１１３２３６２２[５],2026-05-24,2026-05-28,21,芦屋,一般,２４２１１２３１[２],4422,永井 亮次,2026-07-12,2026-07-16,05,多摩川,一般,４２転　２１２　３６,2026-06-25,2026-06-29,21,芦屋,一般,２　６６５５４　３５,2026-06-16,2026-06-21,18,徳山,ＧⅢ,転,2026-05-27,2026-06-01,08,常滑,一般,２２５　２６４　６６１３,2026-05-09,2026-05-14,09,津,ＧⅢ,５４５　３　３４５　５３,4276,鈴木 勝博,2026-07-13,2026-07-18,07,蒲郡,ＧⅡ,４　５　５６４５１　２,2026-07-05,2026-07-09,24,大村,一般,３　５５３２,2026-06-25,2026-06-30,01,桐生,ＧⅢ,４２１　５１２２６３４,2026-06-15,2026-06-20,21,芦屋,一般,２　５２２３１１１３６１,2026-05-31,2026-06-05,20,若松,一般,２３６　２５６　６１３,3211,北川 敏弘,2026-07-14,2026-07-17,24,大村,一般,３５６　４　３５,2026-07-02,2026-07-06,21,芦屋,一般,３１４５５　１　４６,2026-06-22,2026-06-27,22,福岡,一般,５３３　２６４４４　４１,2026-06-14,2026-06-17,12,住之江,一般,５　６６４　３６,2026-05-25,2026-05-31,07,蒲郡,一般,４　２３４　２５３４３２[５],5448,福田 柊人,2026-07-10,2026-07-15,23,からつ,一般,落６５　６６５　６５６,2026-06-28,2026-07-03,20,若松,一般,６　６　６６６　６　６６,2026-06-11,2026-06-16,16,児島,一般,６　６６６　６６６　６,2026-05-21,2026-05-24,19,下関,一般,６　５５６　６５,,,,,,
202607281708,2026-07-28,17,08R,3833,中辻 博訓,2026-07-14,2026-07-19,21,芦屋,一般,１４４４２　４５１　１２,2026-07-03,2026-07-08,12,住之江,一般,１３１　１２１　４１[５],2026-06-21,2026-06-24,10,三国,一般,３１６５４　１５,2026-06-09,2026-06-13,07,蒲郡,一般,５３１２２１６３２１,2026-05-28,2026-06-02,01,桐生,一般,２２１１２２２２[５],3976,内田 圭,2026-07-10,2026-07-13,19,下関,一般,６５６　５　６６,2026-06-25,2026-06-30,13,尼崎,一般,５　４５６　１６３　３４,2026-06-18,2026-06-21,04,平和島,一般,５　１６２６５２,2026-05-29,2026-06-02,23,からつ,一般,４５５６５　３５６５,2026-05-15,2026-05-20,20,若松,一般,６　６４２６４　４　６,4299,中島 浩哉,2026-07-10,2026-07-14,09,津,一般,５４４　３６２　２２,2026-06-25,2026-06-30,01,桐生,ＧⅢ,５　２６３　３２６２４,2026-06-11,2026-06-15,20,若松,一般,６６４４５　５４５,2026-05-10,2026-05-14,23,からつ,一般,６　４３３２５　３３,2026-04-25,2026-04-30,13,尼崎,一般,３　４６１　３４５４１３,4706,三浦 洋次朗,2026-07-14,2026-07-19,01,桐生,一般,２５２　２６５　６６４,2026-06-30,2026-07-05,16,児島,ＧⅡ,４　F　２５６　転,2026-06-21,2026-06-24,10,三国,一般,１５５２２５３６,2026-06-11,2026-06-15,20,若松,一般,２１２４６　２４１２,2026-05-29,2026-06-02,14,鳴門,一般,１１２　２２６２[３],4161,黒柳 浩孝,2026-07-14,2026-07-17,24,大村,一般,２６２　２　１２,2026-07-04,2026-07-09,01,桐生,一般,６３２　１２３　２３６５,2026-06-24,2026-06-29,03,江戸川,一般,５　１２６　２３２６５４,2026-06-12,2026-06-17,19,下関,一般,１　４４５　５５２　５１,2026-05-23,2026-05-27,12,住之江,一般,４５４　４６４　４４,4904,松本 一毅,2026-07-14,2026-07-19,21,芦屋,一般,２１３　５６６　３２１,2026-07-03,2026-07-06,09,津,一般,２５５２５　３２,2026-06-22,2026-06-27,22,福岡,一般,６１１１４　２５１１[転],2026-06-11,2026-06-16,10,三国,一般,５５１　２５５６４　１５,2026-05-30,2026-06-03,12,住之江,一般,１３３　２３２３４１
202607281709,2026-07-28,17,09R,3574,大神 康司,2026-07-07,2026-07-12,20,若松,ＧⅢ,１　エ１４２５６２１６,2026-06-25,2026-06-29,18,徳山,一般,２　１４不欠,2026-06-15,2026-06-20,21,芦屋,一般,４３６３１　４２４１１３,2026-06-01,2026-06-04,24,大村,一般,３　４　４４２,2026-05-24,2026-05-28,21,芦屋,一般,６　６３４６５　１２,4094,中島 真二,2026-07-15,2026-07-19,08,常滑,一般,３　３６５２４　１６,2026-07-02,2026-07-06,21,芦屋,一般,６６４　５６,2026-06-22,2026-06-27,22,福岡,一般,３４２　１４２６１５２３,2026-06-07,2026-06-12,09,津,一般,６　１４１　６６２　６２,2026-05-16,2026-05-21,17,宮島,一般,２６６３４１２　１４４４,4215,吉島 祥之,2026-07-14,2026-07-17,24,大村,一般,６５４　６１５,2026-06-29,2026-07-04,08,常滑,一般,６５１　６１５　３４１,2026-06-17,2026-06-22,13,尼崎,一般,５３３　１５１４３１２４,2026-05-12,2026-05-16,01,桐生,一般,６　２２４６２　４１,2026-05-03,2026-05-08,08,常滑,一般,１３４１４１５　５３２５,4708,半田 尚也,2026-07-09,2026-07-13,16,児島,一般,３　１２３５２６１５,2026-05-29,2026-06-03,11,びわこ,一般,４５３　６４６　４３５,2026-05-12,2026-05-16,04,平和島,一般,５６５　６,2026-04-30,2026-05-05,17,宮島,一般,３　５５６　５F６　６,2026-04-20,2026-04-24,18,徳山,一般,４　４４５　５　４２,4405,南野 利騰,2026-07-12,2026-07-16,05,多摩川,一般,６　１２不　１４２１,2026-06-29,2026-07-04,08,常滑,一般,３　４２５　２４４２５２,2026-06-21,2026-06-24,10,三国,一般,３　３６６４４,2026-06-06,2026-06-10,06,浜名湖,一般,２４２５４　６　３３,2026-05-19,2026-05-24,01,桐生,一般,３　４４５　５４３　４３,5420,吉原 快誓,2026-07-15,2026-07-21,12,住之江,一般,６　６　６３６６６　５　５５,2026-07-02,2026-07-06,21,芦屋,一般,５　６　４４４　５３,2026-06-21,2026-06-24,19,下関,一般,６　６５５　４３,2026-06-09,2026-06-14,23,からつ,一般,６　６６５　５６４　５６,2026-05-07,2026-05-11,24,大村,一般,３　６６６３５　４６
202607281710,2026-07-28,17,10R,4600,井内 将太郎,2026-06-17,2026-06-22,24,大村,ＧⅡ,１４６　２　F４６　５,2026-06-05,2026-06-10,18,徳山,一般,１３４２５　１２１２[５],2026-05-19,2026-05-23,16,児島,一般,１６６３１２１１[６],2026-05-11,2026-05-14,12,住之江,一般,１６３　４２１,2026-04-30,2026-05-05,17,宮島,一般,２　１２転４３５３　３２,4446,和田 兼輔,2026-07-15,2026-07-20,18,徳山,一般,１３５２１F３　５　３,2026-06-30,2026-07-05,16,児島,ＧⅡ,５４３　４　４１３１４,2026-06-17,2026-06-22,13,尼崎,一般,１２１　１３４１１２[２],2026-06-10,2026-06-13,14,鳴門,一般,転５,2026-05-04,2026-05-09,13,尼崎,一般,３　２４３１３　２　[６],4982,中村 将隆,2026-06-16,2026-06-21,18,徳山,ＧⅢ,６６２　４１４　５５６,2026-05-30,2026-06-03,12,住之江,一般,５３１　１４３３３３,2026-05-12,2026-05-16,01,桐生,一般,２　３３４６５F５,2026-04-24,2026-04-29,08,常滑,一般,６５６　４２６　５　６４,2026-04-11,2026-04-14,04,平和島,一般,３３５　２２３４,3757,畑 和宏,2026-07-17,2026-07-20,02,戸田,一般,６　５２１４３４,2026-06-09,2026-06-14,11,びわこ,一般,１　３６２２３落,2026-05-24,2026-05-28,21,芦屋,一般,５４３　３３３３２,2026-05-08,2026-05-13,14,鳴門,一般,エ２,2026-04-25,2026-04-30,13,尼崎,一般,２２４　４４２　４５F６,4672,守屋 大地,2026-07-10,2026-07-14,09,津,一般,４２２６４　３４４２,2026-06-29,2026-07-03,11,びわこ,一般,５４５　２　６６２１,2026-06-21,2026-06-25,08,常滑,一般,６６３　５２２　２６,2026-06-07,2026-06-11,05,多摩川,一般,５１６　４６３　５,2026-05-26,2026-05-31,15,丸亀,ＧⅢ,　　　　　　　　　　５転,4638,小林 遼太,2026-07-14,2026-07-19,01,桐生,一般,３６１　３４２　１４１３,2026-06-30,2026-07-05,06,浜名湖,一般,１　２２５４３２１４３３,2026-06-16,2026-06-21,18,徳山,ＧⅢ,２１６　２４４３５５３４,2026-06-01,2026-06-04,24,大村,一般,３　　　２２６１,2026-05-14,2026-05-18,10,三国,一般,３３３　５６２　５２
202607281711,2026-07-28,17,11R,4109,谷津 幸宏,2026-07-13,2026-07-18,07,蒲郡,ＧⅡ,F　６　２５６　５　４,2026-06-30,2026-07-05,16,児島,ＧⅡ,５５５　２　６１５　６３,2026-06-17,2026-06-22,13,尼崎,一般,５欠１３２　１２１２[６],2026-06-03,2026-06-08,21,芦屋,一般,４２３１３６１３３３１５,2026-05-21,2026-05-24,19,下関,一般,エ３２３２　２１,4930,佐藤 悠,2026-07-17,2026-07-20,02,戸田,一般,２１３５３　５２,2026-07-01,2026-07-06,22,福岡,一般,３４L３３４２　５　３１,2026-06-20,2026-06-25,06,浜名湖,一般,５３３　１２５３１　エ６,2026-06-11,2026-06-15,20,若松,一般,２５４　２２３６１５,2026-05-25,2026-05-31,07,蒲郡,一般,２　６２１２４　５３３１[４],4276,鈴木 勝博,2026-07-13,2026-07-18,07,蒲郡,ＧⅡ,４　５　５６４５１　２,2026-07-05,2026-07-09,24,大村,一般,３　５５３２,2026-06-25,2026-06-30,01,桐生,ＧⅢ,４２１　５１２２６３４,2026-06-15,2026-06-20,21,芦屋,一般,２　５２２３１１１３６１,2026-05-31,2026-06-05,20,若松,一般,２３６　２５６　６１３,4066,東本 勝利,2026-07-15,2026-07-20,18,徳山,一般,３２５２１　１５４２[２],2026-07-02,2026-07-06,21,芦屋,一般,３２５　５３５３３１,2026-06-22,2026-06-27,23,からつ,一般,落欠,2026-06-09,2026-06-14,11,びわこ,一般,２２２　３２２３２２[４],2026-05-26,2026-05-31,15,丸亀,ＧⅢ,６　３６１４２４４１４３,4179,広次 修,2026-07-14,2026-07-17,24,大村,一般,２３３　５６１６,2026-07-04,2026-07-09,01,桐生,一般,５２５　１　２２５２[５],2026-06-24,2026-06-28,04,平和島,一般,３５４５２　１５,2026-06-12,2026-06-17,19,下関,一般,５　５４４１３６３　１,2026-05-28,2026-05-31,02,戸田,一般,３６１　３４２３,4674,池田 剛規,2026-07-14,2026-07-17,24,大村,一般,５３４　５　１２,2026-06-30,2026-07-04,19,下関,一般,１　５２１５３２[３],2026-06-19,2026-06-24,11,びわこ,一般,１６３１３　４６３　２６,2026-06-07,2026-06-12,09,津,一般,３４４４５　１　５３３,2026-05-25,2026-05-31,07,蒲郡,一般,５６４　５５３５１　１　６４
202607281712,2026-07-28,17,12R,4715,村上 遼,2026-07-13,2026-07-18,07,蒲郡,ＧⅡ,５４３　５　４６２　５６,2026-06-30,2026-07-05,16,児島,ＧⅡ,３４１　６　２１２　[４],2026-06-18,2026-06-21,04,平和島,一般,４５１１１１[４],2026-04-03,2026-04-08,12,住之江,ＧⅠ,６　２５５　５,2026-03-19,2026-03-25,15,丸亀,一般,２　２３５１３６１３１３３１,4351,里岡 右貴,2026-07-10,2026-07-15,22,福岡,一般,１５１　３２２１５１[３],2026-06-24,2026-06-29,09,津,一般,３２４F３１４　３　４,2026-06-15,2026-06-20,21,芦屋,一般,１２１４２　２４３１[１],2026-06-05,2026-06-10,18,徳山,一般,１１１２３　１３１１[３],2026-05-25,2026-05-31,07,蒲郡,一般,４３１４４５２　３６１３１２,4703,森永 隆,2026-07-09,2026-07-13,14,鳴門,一般,２２１２１６２２[２],2026-06-28,2026-07-01,10,三国,一般,６４２　５４５２,2026-06-16,2026-06-21,18,徳山,ＧⅢ,１１１１１２２　３１[４],2026-06-03,2026-06-08,21,芦屋,一般,２５１２３２１　１６１２,2026-05-19,2026-05-23,16,児島,一般,４　１１１１６１[４],3833,中辻 博訓,2026-07-14,2026-07-19,21,芦屋,一般,１４４４２　４５１　１２,2026-07-03,2026-07-08,12,住之江,一般,１３１　１２１　４１[５],2026-06-21,2026-06-24,10,三国,一般,３１６５４　１５,2026-06-09,2026-06-13,07,蒲郡,一般,５３１２２１６３２１,2026-05-28,2026-06-02,01,桐生,一般,２２１１２２２２[５],4786,佐藤 博亮,2026-07-14,2026-07-17,24,大村,一般,１５２３１３４２,2026-06-30,2026-07-05,23,からつ,一般,４４２４２　２１１４１４,2026-06-16,2026-06-21,18,徳山,ＧⅢ,２６２２３４１　１４５１,2026-06-07,2026-06-11,05,多摩川,一般,１１３２３６２２[５],2026-05-24,2026-05-28,21,芦屋,一般,２４２１１２３１[２],5020,宮村 勇哉,2026-07-10,2026-07-15,23,からつ,一般,２　２６２　２２５５３３,2026-06-28,2026-07-02,05,多摩川,一般,２６３　１　３５４２,2026-06-16,2026-06-21,09,津,一般,５４４　３　１５３　３２,2026-05-29,2026-06-03,11,びわこ,一般,３　３３６５１　５５３６,2026-05-15,2026-05-20,20,若松,一般,１２５　５６１　１６６５
202607281901,2026-07-28,19,01R,3583,齋藤 智裕,2026-07-17,2026-07-20,02,戸田,一般,１　１５４２４５,2026-07-05,2026-07-09,24,大村,一般,１　３４６　２４６,2026-06-25,2026-06-29,18,徳山,一般,４　４　３５５　３,2026-06-07,2026-06-12,09,津,一般,５６２　４５６　１　５３,2026-05-20,2026-05-25,05,多摩川,一般,３５６　５　５４５　４,4260,中越 博紀,2026-07-18,2026-07-21,04,平和島,一般,２１１　１２[２],2026-07-07,2026-07-12,08,常滑,一般,５５３　４４１　２３５４,2026-06-25,2026-06-30,13,尼崎,一般,２２１　４３３３６３４１,2026-06-11,2026-06-16,16,児島,一般,２６１　２３２６１６４４,2026-06-01,2026-06-05,19,下関,一般,２　１２４２５６１５,4892,柴田 直哉,2026-07-16,2026-07-21,11,びわこ,一般,６６６　５　４６４　５１,2026-07-03,2026-07-08,13,尼崎,一般,３　２５１　２３６６１４,2026-06-16,2026-06-21,09,津,一般,３　１４３５３　６１５４,2026-06-05,2026-06-10,18,徳山,一般,　　　　　　　　　　４２,2026-05-29,2026-06-02,14,鳴門,一般,１６４５５　３　２２,4129,宇野 博之,2026-07-15,2026-07-19,08,常滑,一般,２５５　５５２　５２,2026-07-02,2026-07-06,21,芦屋,一般,４　２５４１４　６５,2026-05-28,2026-05-31,02,戸田,一般,６　４５３　６２,2026-05-08,2026-05-13,22,福岡,一般,５　３妨６　５６６　４,2026-04-25,2026-04-30,06,浜名湖,一般,６　６６１　６６４　３６,3566,川添 英正,2026-07-18,2026-07-21,20,若松,一般,５６３２４　４,2026-07-05,2026-07-09,24,大村,一般,５５１　１５５　４２,2026-06-24,2026-06-29,09,津,一般,４２６　３６３　５６４３,2026-06-15,2026-06-20,21,芦屋,一般,１　４５５１２５２６１５,2026-05-28,2026-06-02,01,桐生,一般,４６３　５　４６５,5418,堀内 亜海,2026-07-03,2026-07-08,13,尼崎,一般,６　６６６　６５６　６,2026-05-19,2026-05-24,08,常滑,一般,５　６６６　６６６６６,2026-05-11,2026-05-14,12,住之江,一般,６　６F６　５,2026-04-29,2026-05-04,14,鳴門,ＧⅢ,６６６　６６６　５　６,2026-04-18,2026-04-21,07,蒲郡,一般,６６６　６　６６
202607281902,2026-07-28,19,02R,3869,井芹 大志,2026-07-17,2026-07-20,02,戸田,一般,４　３５５２５１,2026-06-29,2026-07-04,08,常滑,一般,３　２６４　３５６４６,2026-06-19,2026-06-24,11,びわこ,一般,３　４２３６４　５　４５,2026-06-03,2026-06-07,03,江戸川,一般,６　３２６　２２,2026-05-16,2026-05-21,17,宮島,一般,３　１５５１４４２　６３,4896,花本 剛,2026-07-15,2026-07-21,12,住之江,一般,３　５６１　２６６６４　３,2026-06-06,2026-06-10,24,大村,一般,６　６４５,2026-05-22,2026-05-26,23,からつ,一般,４５２５１　５　５５,2026-05-12,2026-05-16,01,桐生,一般,５　２F妨,2026-04-25,2026-04-30,13,尼崎,一般,３６４　２４４　３５５６,4817,渡邉 翼,2026-07-10,2026-07-15,23,からつ,一般,４５６６１１２　６　４３,2026-06-25,2026-06-30,13,尼崎,一般,３　１５３３２１２４５２,2026-06-05,2026-06-10,18,徳山,一般,４転４　１５,2026-05-17,2026-05-23,15,丸亀,一般,２　２１１６１　４１３１[５],2026-04-27,2026-05-02,18,徳山,一般,２　２６１４１４１３５１,4031,飯島 誠,2026-07-16,2026-07-21,11,びわこ,一般,４１６　５２２　４５２６,2026-07-02,2026-07-06,21,芦屋,一般,２３６　６２３　２３,2026-06-21,2026-06-24,10,三国,一般,４　３３２３２４,2026-06-06,2026-06-10,06,浜名湖,一般,４１１　４５４５１３,2026-05-16,2026-05-21,14,鳴門,一般,６１４　２６６　６２３,5438,星田 夢結,2026-07-05,2026-07-09,24,大村,一般,５　５５６６４　６,2026-06-15,2026-06-20,21,芦屋,一般,６６６　６６６　６　６６,2026-05-25,2026-05-30,17,宮島,一般,６６６　６３６　６　６５,2026-04-29,2026-05-04,22,福岡,一般,６　６　４６６　５４６,2026-04-14,2026-04-19,20,若松,一般,６　６６６　６４５　６５,3105,内山 文典,2026-07-16,2026-07-21,11,びわこ,一般,２　４２１６１５１６４６,2026-06-07,2026-06-12,09,津,一般,３　５４３　３２６　１５,2026-05-23,2026-05-27,12,住之江,一般,６　１５３３４　２２,2026-05-06,2026-05-11,05,多摩川,一般,２　１６６　１２４６５３,2026-04-26,2026-05-01,03,江戸川,一般,５６２　４　５　F６４
202607281903,2026-07-28,19,03R,3838,伊藤 啓三,2026-07-15,2026-07-20,18,徳山,一般,２６３　４３４　１１転,2026-07-03,2026-07-06,09,津,一般,４　５５３４６３,2026-06-24,2026-06-28,04,平和島,一般,１　２１２３[３],2026-06-11,2026-06-16,16,児島,一般,３３１　４５６　３２４,2026-05-25,2026-05-31,07,蒲郡,一般,１　３１１３３　３４１５３６,3726,桂林 寛,2026-07-10,2026-07-15,23,からつ,一般,６６,2026-06-19,2026-06-24,11,びわこ,一般,５　５５４　５５２　５４,2026-05-25,2026-05-31,03,江戸川,一般,１　５３３　４３２　１　２１,2026-04-25,2026-04-30,21,芦屋,一般,６　５５２　２６４５６,2026-04-14,2026-04-19,10,三国,一般,２５１　１　１４１５２４,4876,梅木 敬太,2026-07-14,2026-07-19,01,桐生,一般,４　４１４　３３５　１３,2026-06-29,2026-07-04,08,常滑,一般,３２３　３５２　２６６６,2026-06-21,2026-06-24,10,三国,一般,４６６　６　６１,2026-06-06,2026-06-10,24,大村,一般,４５２　５　６１４,2026-05-20,2026-05-25,05,多摩川,一般,６　１４４６６　２３４３,3349,吉田 一郎,2026-07-15,2026-07-19,08,常滑,一般,６　１２１４１３４５,2026-07-04,2026-07-09,18,徳山,一般,５　１３２３１１５５３４,2026-06-24,2026-06-28,04,平和島,一般,４２４　２１３３,2026-06-14,2026-06-18,01,桐生,一般,４２２２３３６６５５,2026-05-07,2026-05-11,24,大村,一般,３妨,3554,仲口 博崇,2026-07-17,2026-07-20,02,戸田,一般,１６１４２２２１,2026-07-07,2026-07-12,10,三国,ＧⅢ,２６３　２１１１４４４１,2026-06-29,2026-07-03,11,びわこ,一般,２１６１２３２３１１,2026-06-14,2026-06-18,01,桐生,一般,２３１４２　１５２４,2026-05-29,2026-06-04,09,津,ＧⅢ,２２３　５４２１３６１５,4387,平山 智加,2026-07-15,2026-07-19,17,宮島,一般,１５５５２４４　３２,2026-07-03,2026-07-08,13,尼崎,一般,１６４　３１５１３６１５,2026-06-18,2026-06-23,02,戸田,一般,３１２　１５１１５１[４],2026-06-06,2026-06-11,15,丸亀,一般,６３３１３　１１３４１２,2026-05-27,2026-05-31,18,徳山,一般,３２４２３３２４１２
202607281904,2026-07-28,19,04R,4020,川上 清人,2026-07-18,2026-07-22,10,三国,一般,４４５　５　４６２,2026-07-05,2026-07-09,24,大村,一般,４５６　２　５５３,2026-06-24,2026-06-28,04,平和島,一般,４　６４１１３５,2026-06-14,2026-06-18,01,桐生,一般,５　４５６　１　２６,2026-05-29,2026-06-02,14,鳴門,一般,６　６２５６６　２５,4856,豊田 健士郎,2026-07-13,2026-07-18,07,蒲郡,ＧⅡ,１３４　３　１５２　[１],2026-06-30,2026-07-05,16,児島,ＧⅡ,１　５１３　５４６　１３,2026-06-20,2026-06-25,06,浜名湖,一般,１２２２１４３１２１[４],2026-06-08,2026-06-13,13,尼崎,ＧⅠ,２　６６２　５　６４２,2026-06-01,2026-06-04,24,大村,一般,２１　　１２[６],5045,平川 香織,2026-07-18,2026-07-23,09,津,ＧⅢ,４　２１４　転３１４３,2026-07-07,2026-07-12,11,びわこ,一般,１３３３２　１４４３２２,2026-06-18,2026-06-23,02,戸田,一般,１　１２１３３２５５１２,2026-06-04,2026-06-08,08,常滑,一般,１１３１３１２F２,2026-05-24,2026-05-29,24,大村,一般,２１１　２１１１２１[１],4041,小林 基樹,2026-07-15,2026-07-20,18,徳山,一般,５６３　１　３５３　２４,2026-07-02,2026-07-07,04,平和島,一般,３　３６５６５　６　６６,2026-06-17,2026-06-22,13,尼崎,一般,６　６６５　５５５　６,2026-06-06,2026-06-10,24,大村,一般,３　３２４　２６６５,2026-05-17,2026-05-23,15,丸亀,一般,５　６４６　５４４　５　４３,3872,岡田 憲行,2026-07-18,2026-07-21,20,若松,一般,４３１３１２[３],2026-07-04,2026-07-09,01,桐生,一般,５５１　４２３　１３２,2026-06-24,2026-06-29,09,津,一般,３５２　１３４１４２[５],2026-06-09,2026-06-14,23,からつ,一般,３　３３１　２６１６３４,2026-05-23,2026-05-28,10,三国,一般,５５５　６,5471,田中 結,2026-07-09,2026-07-13,16,児島,一般,６　４６４　６５６,2026-06-19,2026-06-24,11,びわこ,一般,６　６５６　６　６５４,2026-06-05,2026-06-10,18,徳山,一般,６　５６６　６６５　６６,2026-05-19,2026-05-24,08,常滑,一般,６　転６６　６４６　５６,2026-05-11,2026-05-14,12,住之江,一般,６　５６６　４落
202607281905,2026-07-28,19,05R,4545,岡村 慶太,2026-07-14,2026-07-17,24,大村,一般,１４３２１４４３,2026-07-03,2026-07-08,13,尼崎,一般,１５１　４２２１４１[５],2026-06-25,2026-06-29,21,芦屋,一般,２６１２２１１１[３],2026-06-14,2026-06-17,12,住之江,一般,６５４　２　４６,2026-05-27,2026-05-31,18,徳山,一般,５５２１２　３５１３,4553,坪口 竜也,2026-07-18,2026-07-21,04,平和島,一般,５５２　６２２,2026-07-10,2026-07-14,09,津,一般,５　５１,2026-06-27,2026-07-01,02,戸田,一般,４　１４１４２５１２,2026-06-17,2026-06-22,24,大村,ＧⅡ,６　３　５６４　３６５,2026-05-30,2026-06-03,12,住之江,一般,２４４　１１４５４４,4134,杉山 貴博,2026-07-10,2026-07-15,06,浜名湖,一般,２６３　３３１　１４１４,2026-06-28,2026-07-02,05,多摩川,一般,１２５３２１４２[２],2026-06-18,2026-06-21,20,若松,一般,３４２　３６１４,2026-06-05,2026-06-10,18,徳山,一般,２　６５３,2026-05-25,2026-05-31,07,蒲郡,一般,３　２６３　４４２５４２２,4243,西村 歩,2026-07-13,2026-07-18,13,尼崎,ＧⅢ,５１１　５２３　２４２５,2026-06-24,2026-06-29,12,住之江,一般,２　１６３　２６１６４５,2026-06-06,2026-06-11,15,丸亀,一般,２　２１３２３３F６４,2026-05-24,2026-05-29,24,大村,一般,２　６１５　３５１２２１,2026-05-16,2026-05-19,06,浜名湖,一般,１３４４２　６６,3362,間嶋 仁志,2026-07-17,2026-07-20,02,戸田,一般,２４２　１２３３,2026-07-05,2026-07-09,05,多摩川,一般,５６５　４３５　２２,2026-06-22,2026-06-27,22,福岡,一般,５４５　４　５４４５２５,2026-06-09,2026-06-14,11,びわこ,一般,４　１４１３５６１　１１,2026-05-26,2026-05-31,15,丸亀,ＧⅢ,３３３　５６６　４　４４,4224,大橋 栄里佳,2026-07-13,2026-07-18,13,尼崎,ＧⅢ,４　１４３４４　６２３２,2026-06-26,2026-07-01,17,宮島,一般,３　２３３４４５３　２３,2026-06-12,2026-06-17,22,福岡,ＧⅢ,２　４３６６５４５　５３,2026-05-31,2026-06-05,20,若松,一般,６　５３F６２　４　６,2026-05-18,2026-05-23,18,徳山,ＧⅢ,４１２　１４１６３２[２]
202607281906,2026-07-28,19,06R,3566,川添 英正,2026-07-18,2026-07-21,20,若松,一般,５６３２４　４,2026-07-05,2026-07-09,24,大村,一般,５５１　１５５　４２,2026-06-24,2026-06-29,09,津,一般,４２６　３６３　５６４３,2026-06-15,2026-06-20,21,芦屋,一般,１　４５５１２５２６１５,2026-05-28,2026-06-02,01,桐生,一般,４６３　５　４６５,4666,日笠 勝弘,2026-07-15,2026-07-19,17,宮島,一般,５　４１５４４　１６,2026-07-01,2026-07-06,22,福岡,一般,５　２５６　６４５　２５,2026-06-19,2026-06-24,11,びわこ,一般,６　４６５　３２５　６,2026-05-31,2026-06-05,13,尼崎,一般,６　６６２　５５６　５,2026-05-02,2026-05-07,10,三国,一般,６　２５３　６４１５４,4313,西村 美智子,2026-07-15,2026-07-19,17,宮島,一般,２３４　３４１３１１,2026-06-06,2026-06-11,15,丸亀,一般,１　５６４　５６３　２６,2026-05-29,2026-06-02,23,からつ,一般,５　３５４５３　５１,2026-05-21,2026-05-24,19,下関,一般,２　２１３４１２,2026-05-06,2026-05-10,21,芦屋,一般,６　６６３６,4238,毒島 誠,2026-07-19,2026-07-23,05,多摩川,一般,３１１２２２５２[４],2026-07-07,2026-07-12,02,戸田,ＧⅡ,１　４４４３２　４　５４,2026-06-11,2026-06-16,10,三国,一般,３１２２１　５１１１[４],2026-05-24,2026-05-28,21,芦屋,一般,３３４２１１３２[３],2026-05-01,2026-05-06,01,桐生,一般,２２１１３　１,4175,川尻 泰輔,2026-07-12,2026-07-16,05,多摩川,一般,３４５　４１１　３１,2026-06-19,2026-06-24,11,びわこ,一般,１　２２６５６　１３４,2026-06-06,2026-06-10,06,浜名湖,一般,１　６６６５２　５２,2026-05-14,2026-05-19,02,戸田,一般,４　１２２　４２３６１４,2026-05-03,2026-05-08,04,平和島,一般,１　４５２６２　５３４,5391,出穂 和鼓,2026-07-19,2026-07-24,19,下関,ＧⅢ,２６４　６２落　６　４６,2026-07-09,2026-07-13,14,鳴門,一般,５　５５５　４６６,2026-06-30,2026-07-05,23,からつ,一般,６６６　５６６　４６２５,2026-06-10,2026-06-13,14,鳴門,一般,６５６　６　６６,2026-05-18,2026-05-23,18,徳山,ＧⅢ,５６５　５　６６５　６５
202607281907,2026-07-28,19,07R,4509,平見 真彦,2026-07-15,2026-07-19,17,宮島,一般,３４３６１　１１４,2026-07-02,2026-07-07,04,平和島,一般,３　３６６２３　２１１,2026-05-26,2026-05-31,15,丸亀,ＧⅢ,１　１５２　２４３５５５,2026-05-10,2026-05-15,16,児島,一般,１３１　４４１　１２[５],2026-04-25,2026-04-30,06,浜名湖,一般,１　２３F　３　３　２,4083,福島 勇樹,2026-07-02,2026-07-07,04,平和島,一般,３３１３２　３１３１[２],2026-06-21,2026-06-25,08,常滑,一般,６３２４１１２４１F,2026-06-13,2026-06-16,06,浜名湖,一般,１３２１１２[５],2026-05-31,2026-06-05,13,尼崎,一般,２３４　１１１５落２[４],2026-05-20,2026-05-25,09,津,一般,１４６６１　２２４３３２,4281,大澤 大夢,2026-07-15,2026-07-20,18,徳山,一般,４１２　４３１　３３３１,2026-07-05,2026-07-09,05,多摩川,一般,４４１３４　４　５２,2026-06-24,2026-06-29,09,津,一般,２　３６５４５　３２１５,2026-06-14,2026-06-17,12,住之江,一般,２　３２１１[４],2026-05-29,2026-06-02,14,鳴門,一般,６５４　１　６４６６,5418,堀内 亜海,2026-07-03,2026-07-08,13,尼崎,一般,６　６６６　６５６　６,2026-05-19,2026-05-24,08,常滑,一般,５　６６６　６６６６６,2026-05-11,2026-05-14,12,住之江,一般,６　６F６　５,2026-04-29,2026-05-04,14,鳴門,ＧⅢ,６６６　６６６　５　６,2026-04-18,2026-04-21,07,蒲郡,一般,６６６　６　６６,3869,井芹 大志,2026-07-17,2026-07-20,02,戸田,一般,４　３５５２５１,2026-06-29,2026-07-04,08,常滑,一般,３　２６４　３５６４６,2026-06-19,2026-06-24,11,びわこ,一般,３　４２３６４　５　４５,2026-06-03,2026-06-07,03,江戸川,一般,６　３２６　２２,2026-05-16,2026-05-21,17,宮島,一般,３　１５５１４４２　６３,4883,岡部 大輝,2026-07-18,2026-07-22,10,三国,一般,３　２５１１１３２２,2026-07-10,2026-07-14,09,津,一般,３１４２５　４１１３,2026-06-27,2026-07-01,02,戸田,一般,５６４　２　３３１３,2026-06-15,2026-06-20,21,芦屋,一般,５　２１４２４３２５１４,2026-05-26,2026-05-31,15,丸亀,ＧⅢ,２　５３６　５５２　１２
202607281908,2026-07-28,19,08R,4579,中嶋 健一郎,2026-07-10,2026-07-14,09,津,一般,３１２　２２３１[３],2026-06-28,2026-07-03,20,若松,一般,１　２３５３１　２４１２,2026-06-13,2026-06-18,08,常滑,ＧⅠ,６　６５４　４４６　３２,2026-06-04,2026-06-09,17,宮島,ＧⅠ,６　４　３４３　５３４,2026-05-15,2026-05-20,21,芦屋,ＧⅠ,５　１　５４５　６５２,4020,川上 清人,2026-07-18,2026-07-22,10,三国,一般,４４５　５　４６２,2026-07-05,2026-07-09,24,大村,一般,４５６　２　５５３,2026-06-24,2026-06-28,04,平和島,一般,４　６４１１３５,2026-06-14,2026-06-18,01,桐生,一般,５　４５６　１　２６,2026-05-29,2026-06-02,14,鳴門,一般,６　６２５６６　２５,3838,伊藤 啓三,2026-07-15,2026-07-20,18,徳山,一般,２６３　４３４　１１転,2026-07-03,2026-07-06,09,津,一般,４　５５３４６３,2026-06-24,2026-06-28,04,平和島,一般,１　２１２３[３],2026-06-11,2026-06-16,16,児島,一般,３３１　４５６　３２４,2026-05-25,2026-05-31,07,蒲郡,一般,１　３１１３３　３４１５３６,4469,土山 卓也,2026-07-14,2026-07-19,21,芦屋,一般,５　１３３２３４１４４１,2026-06-28,2026-07-01,10,三国,一般,５２３　４１１５,2026-06-19,2026-06-24,11,びわこ,一般,５　３４６４１　６　３１,2026-06-06,2026-06-10,24,大村,一般,５　１５１２３５１４,2026-05-20,2026-05-25,05,多摩川,一般,５　６２２６４１,5258,仲本 舜,2026-07-14,2026-07-19,21,芦屋,一般,５２６　３　２１２３４５,2026-07-02,2026-07-07,04,平和島,一般,６　５３４　４３４　４４,2026-06-20,2026-06-25,15,丸亀,一般,６４５　３６４　５　１５,2026-06-05,2026-06-10,18,徳山,一般,５１１　５　３５転欠,2026-05-15,2026-05-18,13,尼崎,一般,２,5438,星田 夢結,2026-07-05,2026-07-09,24,大村,一般,５　５５６６４　６,2026-06-15,2026-06-20,21,芦屋,一般,６６６　６６６　６　６６,2026-05-25,2026-05-30,17,宮島,一般,６６６　６３６　６　６５,2026-04-29,2026-05-04,22,福岡,一般,６　６　４６６　５４６,2026-04-14,2026-04-19,20,若松,一般,６　６６６　６４５　６５
202607281909,2026-07-28,19,09R,4233,亀山 雅幸,2026-07-18,2026-07-21,04,平和島,一般,４３２１４　４６,2026-07-10,2026-07-14,09,津,一般,２　３５４１３４２１,2026-06-28,2026-07-02,05,多摩川,一般,３２３１３　３５２３,2026-06-09,2026-06-14,11,びわこ,一般,２１４　１５１６１６２６,2026-05-28,2026-06-02,01,桐生,一般,５１２１１　１１[２],3105,内山 文典,2026-07-16,2026-07-21,11,びわこ,一般,２　４２１６１５１６４６,2026-06-07,2026-06-12,09,津,一般,３　５４３　３２６　１５,2026-05-23,2026-05-27,12,住之江,一般,６　１５３３４　２２,2026-05-06,2026-05-11,05,多摩川,一般,２　１６６　１２４６５３,2026-04-26,2026-05-01,03,江戸川,一般,５６２　４　５　F６４,5055,眞鳥 章太,2026-06-29,2026-07-04,08,常滑,一般,５　４５１　１５２１３６,2026-06-17,2026-06-22,24,大村,ＧⅡ,１４６　６　３６４　２５,2026-06-10,2026-06-13,14,鳴門,一般,２５２３３１[６],2026-05-30,2026-06-03,12,住之江,一般,１　１５３１３３４１,2026-05-20,2026-05-25,09,津,一般,１５５　２２３　１５４３,3583,齋藤 智裕,2026-07-17,2026-07-20,02,戸田,一般,１　１５４２４５,2026-07-05,2026-07-09,24,大村,一般,１　３４６　２４６,2026-06-25,2026-06-29,18,徳山,一般,４　４　３５５　３,2026-06-07,2026-06-12,09,津,一般,５６２　４５６　１　５３,2026-05-20,2026-05-25,05,多摩川,一般,３５６　５　５４５　４,5471,田中 結,2026-07-09,2026-07-13,16,児島,一般,６　４６４　６５６,2026-06-19,2026-06-24,11,びわこ,一般,６　６５６　６　６５４,2026-06-05,2026-06-10,18,徳山,一般,６　５６６　６６５　６６,2026-05-19,2026-05-24,08,常滑,一般,６　転６６　６４６　５６,2026-05-11,2026-05-14,12,住之江,一般,６　５６６　４落,3412,鈴木 博,2026-07-17,2026-07-20,02,戸田,一般,３２２２１２[６],2026-07-04,2026-07-09,01,桐生,一般,１　２２２４２２２４２５,2026-06-19,2026-06-24,11,びわこ,一般,１２１３２　１２６２[３],2026-06-09,2026-06-14,23,からつ,一般,３　４５１３３　２　１４,2026-05-29,2026-06-04,09,津,ＧⅢ,２　２４２３１１１４４３
202607281910,2026-07-28,19,10R,4817,渡邉 翼,2026-07-10,2026-07-15,23,からつ,一般,４５６６１１２　６　４３,2026-06-25,2026-06-30,13,尼崎,一般,３　１５３３２１２４５２,2026-06-05,2026-06-10,18,徳山,一般,４転４　１５,2026-05-17,2026-05-23,15,丸亀,一般,２　２１１６１　４１３１[５],2026-04-27,2026-05-02,18,徳山,一般,２　２６１４１４１３５１,3349,吉田 一郎,2026-07-15,2026-07-19,08,常滑,一般,６　１２１４１３４５,2026-07-04,2026-07-09,18,徳山,一般,５　１３２３１１５５３４,2026-06-24,2026-06-28,04,平和島,一般,４２４　２１３３,2026-06-14,2026-06-18,01,桐生,一般,４２２２３３６６５５,2026-05-07,2026-05-11,24,大村,一般,３妨,4545,岡村 慶太,2026-07-14,2026-07-17,24,大村,一般,１４３２１４４３,2026-07-03,2026-07-08,13,尼崎,一般,１５１　４２２１４１[５],2026-06-25,2026-06-29,21,芦屋,一般,２６１２２１１１[３],2026-06-14,2026-06-17,12,住之江,一般,６５４　２　４６,2026-05-27,2026-05-31,18,徳山,一般,５５２１２　３５１３,5045,平川 香織,2026-07-18,2026-07-23,09,津,ＧⅢ,４　２１４　転３１４３,2026-07-07,2026-07-12,11,びわこ,一般,１３３３２　１４４３２２,2026-06-18,2026-06-23,02,戸田,一般,１　１２１３３２５５１２,2026-06-04,2026-06-08,08,常滑,一般,１１３１３１２F２,2026-05-24,2026-05-29,24,大村,一般,２１１　２１１１２１[１],4666,日笠 勝弘,2026-07-15,2026-07-19,17,宮島,一般,５　４１５４４　１６,2026-07-01,2026-07-06,22,福岡,一般,５　２５６　６４５　２５,2026-06-19,2026-06-24,11,びわこ,一般,６　４６５　３２５　６,2026-05-31,2026-06-05,13,尼崎,一般,６　６６２　５５６　５,2026-05-02,2026-05-07,10,三国,一般,６　２５３　６４１５４,4129,宇野 博之,2026-07-15,2026-07-19,08,常滑,一般,２５５　５５２　５２,2026-07-02,2026-07-06,21,芦屋,一般,４　２５４１４　６５,2026-05-28,2026-05-31,02,戸田,一般,６　４５３　６２,2026-05-08,2026-05-13,22,福岡,一般,５　３妨６　５６６　４,2026-04-25,2026-04-30,06,浜名湖,一般,６　６６１　６６４　３６
202607281911,2026-07-28,19,11R,4083,福島 勇樹,2026-07-02,2026-07-07,04,平和島,一般,３３１３２　３１３１[２],2026-06-21,2026-06-25,08,常滑,一般,６３２４１１２４１F,2026-06-13,2026-06-16,06,浜名湖,一般,１３２１１２[５],2026-05-31,2026-06-05,13,尼崎,一般,２３４　１１１５落２[４],2026-05-20,2026-05-25,09,津,一般,１４６６１　２２４３３２,3872,岡田 憲行,2026-07-18,2026-07-21,20,若松,一般,４３１３１２[３],2026-07-04,2026-07-09,01,桐生,一般,５５１　４２３　１３２,2026-06-24,2026-06-29,09,津,一般,３５２　１３４１４２[５],2026-06-09,2026-06-14,23,からつ,一般,３　３３１　２６１６３４,2026-05-23,2026-05-28,10,三国,一般,５５５　６,3554,仲口 博崇,2026-07-17,2026-07-20,02,戸田,一般,１６１４２２２１,2026-07-07,2026-07-12,10,三国,ＧⅢ,２６３　２１１１４４４１,2026-06-29,2026-07-03,11,びわこ,一般,２１６１２３２３１１,2026-06-14,2026-06-18,01,桐生,一般,２３１４２　１５２４,2026-05-29,2026-06-04,09,津,ＧⅢ,２２３　５４２１３６１５,4224,大橋 栄里佳,2026-07-13,2026-07-18,13,尼崎,ＧⅢ,４　１４３４４　６２３２,2026-06-26,2026-07-01,17,宮島,一般,３　２３３４４５３　２３,2026-06-12,2026-06-17,22,福岡,ＧⅢ,２　４３６６５４５　５３,2026-05-31,2026-06-05,20,若松,一般,６　５３F６２　４　６,2026-05-18,2026-05-23,18,徳山,ＧⅢ,４１２　１４１６３２[２],4892,柴田 直哉,2026-07-16,2026-07-21,11,びわこ,一般,６６６　５　４６４　５１,2026-07-03,2026-07-08,13,尼崎,一般,３　２５１　２３６６１４,2026-06-16,2026-06-21,09,津,一般,３　１４３５３　６１５４,2026-06-05,2026-06-10,18,徳山,一般,　　　　　　　　　　４２,2026-05-29,2026-06-02,14,鳴門,一般,１６４５５　３　２２,4313,西村 美智子,2026-07-15,2026-07-19,17,宮島,一般,２３４　３４１３１１,2026-06-06,2026-06-11,15,丸亀,一般,１　５６４　５６３　２６,2026-05-29,2026-06-02,23,からつ,一般,５　３５４５３　５１,2026-05-21,2026-05-24,19,下関,一般,２　２１３４１２,2026-05-06,2026-05-10,21,芦屋,一般,６　６６３６
202607281912,2026-07-28,19,12R,4856,豊田 健士郎,2026-07-13,2026-07-18,07,蒲郡,ＧⅡ,１３４　３　１５２　[１],2026-06-30,2026-07-05,16,児島,ＧⅡ,１　５１３　５４６　１３,2026-06-20,2026-06-25,06,浜名湖,一般,１２２２１４３１２１[４],2026-06-08,2026-06-13,13,尼崎,ＧⅠ,２　６６２　５　６４２,2026-06-01,2026-06-04,24,大村,一般,２１　　１２[６],4883,岡部 大輝,2026-07-18,2026-07-22,10,三国,一般,３　２５１１１３２２,2026-07-10,2026-07-14,09,津,一般,３１４２５　４１１３,2026-06-27,2026-07-01,02,戸田,一般,５６４　２　３３１３,2026-06-15,2026-06-20,21,芦屋,一般,５　２１４２４３２５１４,2026-05-26,2026-05-31,15,丸亀,ＧⅢ,２　５３６　５５２　１２,4238,毒島 誠,2026-07-19,2026-07-23,05,多摩川,一般,３１１２２２５２[４],2026-07-07,2026-07-12,02,戸田,ＧⅡ,１　４４４３２　４　５４,2026-06-11,2026-06-16,10,三国,一般,３１２２１　５１１１[４],2026-05-24,2026-05-28,21,芦屋,一般,３３４２１１３２[３],2026-05-01,2026-05-06,01,桐生,一般,２２１１３　１,4387,平山 智加,2026-07-15,2026-07-19,17,宮島,一般,１５５５２４４　３２,2026-07-03,2026-07-08,13,尼崎,一般,１６４　３１５１３６１５,2026-06-18,2026-06-23,02,戸田,一般,３１２　１５１１５１[４],2026-06-06,2026-06-11,15,丸亀,一般,６３３１３　１１３４１２,2026-05-27,2026-05-31,18,徳山,一般,３２４２３３２４１２,4579,中嶋 健一郎,2026-07-10,2026-07-14,09,津,一般,３１２　２２３１[３],2026-06-28,2026-07-03,20,若松,一般,１　２３５３１　２４１２,2026-06-13,2026-06-18,08,常滑,ＧⅠ,６　６５４　４４６　３２,2026-06-04,2026-06-09,17,宮島,ＧⅠ,６　４　３４３　５３４,2026-05-15,2026-05-20,21,芦屋,ＧⅠ,５　１　５４５　６５２,4553,坪口 竜也,2026-07-18,2026-07-21,04,平和島,一般,５５２　６２２,2026-07-10,2026-07-14,09,津,一般,５　５１,2026-06-27,2026-07-01,02,戸田,一般,４　１４１４２５１２,2026-06-17,2026-06-22,24,大村,ＧⅡ,６　３　５６４　３６５,2026-05-30,2026-06-03,12,住之江,一般,２４４　１１４５４４
202607282001,2026-07-28,20,01R,4785,木幡 純也,2026-07-10,2026-07-14,09,津,一般,６　２４３４５３５,2026-06-28,2026-07-02,05,多摩川,一般,３　３　５６４６６６,2026-06-15,2026-06-20,21,芦屋,一般,４６５　３　４５６　４２,2026-05-28,2026-06-02,01,桐生,一般,３２３　５２６４１１,2026-05-10,2026-05-14,23,からつ,一般,６３４　２５４　５２,5070,中島 航,2026-07-09,2026-07-13,14,鳴門,一般,３　６４６　２５５５,2026-06-24,2026-06-29,03,江戸川,一般,２　３４５　６２４　３３,2026-06-17,2026-06-20,07,蒲郡,一般,５５５　４　３５,2026-05-26,2026-05-31,15,丸亀,ＧⅢ,５５５　４４１　２３４,2026-05-11,2026-05-15,08,常滑,一般,５６６　２６５　５２,4327,加藤 翔,2026-07-11,2026-07-14,04,平和島,一般,２５５　６　３５,2026-06-30,2026-07-04,19,下関,一般,３　１４５５６　２６,2026-06-20,2026-06-25,06,浜名湖,一般,４　１４４６５　１　２６,2026-05-29,2026-06-03,11,びわこ,一般,６３４　５　５５６　４２,2026-05-16,2026-05-19,06,浜名湖,一般,２　１５４６２３,5093,浦野 海,2026-05-19,2026-05-24,08,常滑,一般,５１６　３５１　２６２６,2026-05-08,2026-05-13,22,福岡,一般,４６６５３６３　６　５１,2026-04-25,2026-04-30,21,芦屋,一般,６　５６６　６５６　６,2026-04-09,2026-04-14,06,浜名湖,一般,４　F６６　６　３　５,2026-03-28,2026-04-02,02,戸田,一般,２　３２２２１３６３５１,4442,松竹 大輔,2026-07-10,2026-07-14,09,津,一般,２４１　１４２F４,2026-06-28,2026-07-02,05,多摩川,一般,４６１　１１２４５１,2026-06-16,2026-06-21,18,徳山,ＧⅢ,６１４　６　３１４１１３,2026-06-03,2026-06-07,07,蒲郡,一般,１５２５５３２４,2026-05-15,2026-05-20,20,若松,一般,３２６　２　２５３　６４,5358,増本 杏珠,2026-07-15,2026-07-19,17,宮島,一般,５　５４６　５５６５,2026-06-15,2026-06-20,21,芦屋,一般,６５５　４５５　３　２３,2026-05-28,2026-06-02,01,桐生,一般,６　６５５　６５６,2026-05-15,2026-05-20,20,若松,一般,６５５　６　５４６　４,2026-01-22,2026-01-28,24,大村,一般,４　４　F６６　４　６　６
202607282002,2026-07-28,20,02R,5270,小玉 啓太,2026-07-09,2026-07-13,14,鳴門,一般,５６５　F　５　５,2026-06-25,2026-06-29,21,芦屋,一般,２　６　４４３　３４,2026-06-11,2026-06-16,03,江戸川,一般,１　３３４　６３１　２１,2026-05-29,2026-06-03,11,びわこ,一般,５３４　３５４　２転２,2026-05-13,2026-05-18,19,下関,一般,５３６　４２５　５　２６,4779,伊倉 光,2026-07-11,2026-07-14,04,平和島,一般,２３３　１６５５,2026-06-25,2026-06-30,13,尼崎,一般,２３４　１４２　５５２,2026-06-16,2026-06-21,09,津,一般,２　５５３　２１６５３２,2026-05-26,2026-05-31,15,丸亀,ＧⅢ,１５６　５５３　４２３３,2026-05-12,2026-05-16,01,桐生,一般,２　３４５　４４２５,4259,真庭 明志,2026-07-14,2026-07-17,24,大村,一般,１４１１６３５２,2026-07-04,2026-07-09,18,徳山,一般,２　５４４３５２６６１,2026-06-25,2026-06-30,01,桐生,ＧⅢ,３１３　５３５　６４６５,2026-06-11,2026-06-16,10,三国,一般,２４３３４４４　５　３５,2026-05-27,2026-06-01,08,常滑,一般,２　１６２５３３１４１６,3932,池田 浩美,2026-07-13,2026-07-18,13,尼崎,ＧⅢ,２６５　６　２６２　１５,2026-06-26,2026-07-01,17,宮島,一般,５　３６１　３６５３２４,2026-06-13,2026-06-16,06,浜名湖,一般,４５２　２３４６,2026-05-15,2026-05-18,13,尼崎,一般,５,2026-04-29,2026-05-04,14,鳴門,ＧⅢ,２　１６６１２４６６２６,4168,石野 貴之,2026-07-13,2026-07-18,07,蒲郡,ＧⅡ,４２１　６　３６１２４,2026-07-03,2026-07-06,09,津,一般,１２２１２１[２],2026-06-23,2026-06-28,14,鳴門,ＳＧ,６　１　１F３　６　５,2026-06-08,2026-06-13,13,尼崎,ＧⅠ,６　６３５　３１１　４４,2026-05-26,2026-05-31,06,浜名湖,ＳＧ,２５２　２　２６３　６６,5320,岩崎 麗子,2026-07-13,2026-07-18,13,尼崎,ＧⅢ,４　３５２　４５６　４,2026-06-24,2026-06-29,12,住之江,一般,４３４　３５４　４　４４,2026-06-07,2026-06-11,05,多摩川,一般,５　２４５　２１２４,2026-05-01,2026-05-06,01,桐生,一般,６　６　２６６　６６５,2026-04-22,2026-04-27,20,若松,ＧⅢ,６　５５２　３４３　５転
202607282003,2026-07-28,20,03R,4705,吉川 勇作,2026-07-09,2026-07-14,15,丸亀,一般,３６６　３５１　６６５,2026-07-02,2026-07-06,21,芦屋,一般,５　１４４４３　６５,2026-06-24,2026-06-29,09,津,一般,５５６　６　１６６　６５,2026-06-15,2026-06-20,21,芦屋,一般,４　４３４　６６５１５５,2026-05-25,2026-05-31,07,蒲郡,一般,６　１５４　３６５４６　１,4196,田中 太一郎,2026-07-14,2026-07-17,24,大村,一般,２　５３６　２６,2026-07-02,2026-07-06,21,芦屋,一般,２５４　３３６　５２,2026-06-22,2026-06-27,23,からつ,一般,４　５３４４５４４　２４,2026-06-12,2026-06-17,19,下関,一般,５５６　５　６６,2026-05-28,2026-05-31,02,戸田,一般,５５５　４　５５,4128,川口 貴久,2026-06-17,2026-06-22,05,多摩川,一般,２４３　２５２　１４４３,2026-06-04,2026-06-08,08,常滑,一般,３５１　３２２２[４],2026-05-20,2026-05-25,09,津,一般,F　欠,2026-05-01,2026-05-06,01,桐生,一般,４　４５３　　　５５３３,2026-04-18,2026-04-22,15,丸亀,一般,４　１６１６１５２４,5050,木下 雄介,2026-07-15,2026-07-19,08,常滑,一般,１２３　１６１２[６],2026-06-28,2026-07-01,10,三国,一般,４　１５３３２５,2026-06-09,2026-06-14,11,びわこ,一般,６５１　１４１１３４１２,2026-06-01,2026-06-04,24,大村,一般,２　３　４３３６,2026-05-20,2026-05-25,09,津,一般,１６４　４５１　１６１４,4366,前沢 丈史,2026-07-07,2026-07-12,02,戸田,ＧⅡ,１　３６３　３　３１５,2026-06-28,2026-07-01,10,三国,一般,３３２１３２[F],2026-06-16,2026-06-21,09,津,一般,３２１　１１４２１２[３],2026-06-05,2026-06-10,18,徳山,一般,１　５２２４２１２１[１],2026-05-25,2026-05-30,17,宮島,一般,２３３　５４６１５５２２,3942,寺田 祥,2026-07-14,2026-07-19,21,芦屋,一般,３５３６１２１　２２[６],2026-06-17,2026-06-22,24,大村,ＧⅡ,２　１　５２２　２　[６],2026-06-09,2026-06-13,07,蒲郡,一般,１２２２３２５２[４],2026-05-31,2026-06-05,20,若松,一般,１３１　３１１３２１[２],2026-05-20,2026-05-25,11,びわこ,ＧⅡ,６４２　５　５３５　５３
202607282004,2026-07-28,20,04R,4762,藤原 啓史朗,2026-07-14,2026-07-19,21,芦屋,一般,２３２３２　１２４１[１],2026-06-30,2026-07-05,16,児島,ＧⅡ,３１５　１２妨,2026-06-17,2026-06-22,05,多摩川,一般,１１１３１４１　６１[１],2026-06-08,2026-06-13,13,尼崎,ＧⅠ,４１３　３　２５５　２６,2026-05-20,2026-05-25,11,びわこ,ＧⅡ,４　１１１２５　２　[５],4615,板倉 敦史,2026-07-14,2026-07-19,21,芦屋,一般,５　５３６　５２２　６４,2026-07-02,2026-07-07,04,平和島,一般,４　４５３　２６４　１４,2026-06-22,2026-06-27,23,からつ,一般,５４６　５４３２２　４４,2026-06-09,2026-06-14,11,びわこ,一般,５６６　６　３６２　妨２,2026-05-28,2026-05-31,02,戸田,一般,３５１　１エ１５,4850,野中 一平,2026-07-12,2026-07-16,05,多摩川,一般,２１４１３　５１[２],2026-06-30,2026-07-05,16,児島,ＧⅡ,５１１　６　１６３２６,2026-06-22,2026-06-27,23,からつ,一般,６３２１３　１４１２[５],2026-06-08,2026-06-13,13,尼崎,ＧⅠ,６　１　４６５　３３３,2026-05-27,2026-06-01,08,常滑,一般,２４３４４１２２２３２１,4325,新出 浩司,2026-07-10,2026-07-14,09,津,一般,３４１　４３１４２６,2026-06-28,2026-07-01,10,三国,一般,３３４　４５３,2026-06-12,2026-06-17,19,下関,一般,１３６　３３１　４６２６,2026-05-26,2026-05-31,15,丸亀,ＧⅢ,５４５　２５４　５６６,2026-05-11,2026-05-14,12,住之江,一般,１　４２３２[５],4372,原田 佑実,2026-07-03,2026-07-08,13,尼崎,一般,５　１４１２４３１２[４],2026-06-24,2026-06-29,12,住之江,一般,１３４　４５４　１１１,2026-06-06,2026-06-11,15,丸亀,一般,４　１６２１３４２１[２],2026-05-27,2026-06-01,08,常滑,一般,３４５４４　３　１　３１,2026-05-12,2026-05-17,07,蒲郡,一般,２６３６２５１５１５５２,5157,市川 健太,2026-07-10,2026-07-13,19,下関,一般,２６５　１６４,2026-06-29,2026-07-03,11,びわこ,一般,４１４　６１１６５６,2026-06-20,2026-06-25,15,丸亀,一般,１３３　６５２　２５５５,2026-06-11,2026-06-16,10,三国,一般,３５６　５　１２６６６,2026-05-23,2026-05-27,12,住之江,一般,２　５４１２６５３４
202607282005,2026-07-28,20,05R,4819,蜂須 瑞生,2026-07-12,2026-07-16,05,多摩川,一般,２１５６４　２　４５,2026-06-29,2026-07-04,08,常滑,一般,１５４　６６１　３　５２,2026-06-20,2026-06-25,06,浜名湖,一般,４４４　４５F　４　４,2026-05-14,2026-05-19,02,戸田,一般,４４２　３２１　２５１１,2026-05-01,2026-05-06,01,桐生,一般,３　４３３　１　６　３３,4530,小野 生奈,2026-07-13,2026-07-18,13,尼崎,ＧⅢ,３２３１４　３２２２[４],2026-06-30,2026-07-05,16,児島,ＧⅡ,６２５　１４４　２２３,2026-06-12,2026-06-17,22,福岡,ＧⅢ,１１１　１２３３４１[２],2026-05-30,2026-06-03,12,住之江,一般,４５４　５１４　４５,2026-05-18,2026-05-23,18,徳山,ＧⅢ,１１２　３１２１２１[１],4247,齊藤 優,2026-07-09,2026-07-13,14,鳴門,一般,６４２　２５５　５２,2026-06-20,2026-06-25,06,浜名湖,一般,５４４　３４１　４　３１,2026-06-03,2026-06-08,21,芦屋,一般,３２５　２３３　５２５,2026-05-25,2026-05-30,17,宮島,一般,５２４　６４６,2026-05-08,2026-05-13,14,鳴門,一般,２　２４３２２３１３３１,4287,今井 貴士,2026-07-15,2026-07-20,18,徳山,一般,４６４　１４４１４　６５,2026-07-02,2026-07-06,21,芦屋,一般,１３３　１１２２[６],2026-06-21,2026-06-24,19,下関,一般,３６２１１５２３,2026-06-11,2026-06-15,20,若松,一般,１２３　２３３１[４],2026-05-29,2026-06-03,11,びわこ,一般,３１５１２１２３６４２,5398,鐘ヶ江 真司,2026-07-15,2026-07-19,17,宮島,一般,５　５５２　４４６,2026-07-10,2026-07-13,19,下関,一般,４　５６４　２３,2026-06-28,2026-07-03,20,若松,一般,２５４　５１４　５　２２,2026-06-11,2026-06-16,03,江戸川,一般,２５３４１　２３４　１５,2026-05-22,2026-05-27,13,尼崎,一般,１２５　２転６　３　２,5412,久保田 凪紗,2026-07-18,2026-07-21,20,若松,一般,４６５６６　６,2026-06-26,2026-07-01,17,宮島,一般,６５６　６５５　４６６,2026-06-21,2026-06-24,19,下関,一般,６　５６６　６５,2026-06-03,2026-06-08,21,芦屋,一般,６６５　５６５　６　５６,2026-05-01,2026-05-06,23,からつ,一般,６　６６２５４　５６６
202607282006,2026-07-28,20,06R,4188,久田 敏之,2026-07-09,2026-07-14,15,丸亀,一般,１１２　１１１１２１[１],2026-06-25,2026-06-30,01,桐生,ＧⅢ,５２３２１　１１４３１１,2026-06-13,2026-06-18,08,常滑,ＧⅠ,２３１　４３５　５　１６,2026-06-04,2026-06-09,17,宮島,ＧⅠ,４２３,2026-05-20,2026-05-25,11,びわこ,ＧⅡ,２４２　１　３２２　[４],4145,小澤 学,2026-07-09,2026-07-13,14,鳴門,一般,４　４４４６２　２４,2026-06-25,2026-06-30,13,尼崎,一般,２　５６５４４　６　３３,2026-06-16,2026-06-21,09,津,一般,４５５　６２２　４　３５,2026-05-29,2026-06-02,23,からつ,一般,３４５６４　６３４,2026-05-12,2026-05-16,04,平和島,一般,５　４６４　３４２３,3519,冨田 秀幸,2026-06-14,2026-06-18,01,桐生,一般,６５５　６　５５２,2026-05-22,2026-05-26,23,からつ,一般,５４５　３３６４６,2026-05-03,2026-05-08,08,常滑,一般,F　６　５　５　５　３,2026-04-24,2026-04-29,04,平和島,一般,１　４５２２５　４５３６,2026-04-16,2026-04-20,12,住之江,一般,３　５　５４４　４１,5358,増本 杏珠,2026-07-15,2026-07-19,17,宮島,一般,５　５４６　５５６５,2026-06-15,2026-06-20,21,芦屋,一般,６５５　４５５　３　２３,2026-05-28,2026-06-02,01,桐生,一般,６　６５５　６５６,2026-05-15,2026-05-20,20,若松,一般,６５５　６　５４６　４,2026-01-22,2026-01-28,24,大村,一般,４　４　F６６　４　６　６,3489,大場 敏,2026-07-15,2026-07-20,18,徳山,一般,４　３１１４３４１５１４,2026-07-03,2026-07-08,13,尼崎,一般,１　１６４２５４１５５６,2026-06-21,2026-06-26,16,児島,一般,３２２　１１１２２１[１],2026-06-09,2026-06-13,07,蒲郡,一般,６　２３５３５６１１,2026-05-29,2026-06-04,09,津,ＧⅢ,１　５２３３４２４４２４,4504,前田 将太,2026-07-10,2026-07-15,22,福岡,一般,２３１６１　１３３１[４],2026-07-02,2026-07-06,21,芦屋,一般,３４３２２２２５１３,2026-06-23,2026-06-28,14,鳴門,ＳＧ,１　６５６　３　６４６,2026-06-11,2026-06-16,16,児島,一般,２５２　２２３１２１[４],2026-05-28,2026-06-02,01,桐生,一般,１１２２２１３１[１]
202607282007,2026-07-28,20,07R,3841,佐々木 和伸,2026-07-15,2026-07-20,18,徳山,一般,５２３５１　２５２１３２,2026-07-03,2026-07-08,12,住之江,一般,３　３２３１２　１４１３,2026-06-21,2026-06-24,10,三国,一般,２４４３１２[６],2026-06-10,2026-06-13,14,鳴門,一般,１３２１５４３２,2026-05-29,2026-06-03,11,びわこ,一般,２２２　２６１２６４１２,5320,岩崎 麗子,2026-07-13,2026-07-18,13,尼崎,ＧⅢ,４　３５２　４５６　４,2026-06-24,2026-06-29,12,住之江,一般,４３４　３５４　４　４４,2026-06-07,2026-06-11,05,多摩川,一般,５　２４５　２１２４,2026-05-01,2026-05-06,01,桐生,一般,６　６　２６６　６６５,2026-04-22,2026-04-27,20,若松,ＧⅢ,６　５５２　３４３　５転,3947,寺本 昇平,2026-07-09,2026-07-14,15,丸亀,一般,１２４　２４６５１６４６,2026-06-25,2026-06-30,01,桐生,ＧⅢ,６　６３３　６６１　５,2026-06-13,2026-06-16,06,浜名湖,一般,４４３６６　４５,2026-05-28,2026-05-31,02,戸田,一般,４４３　５３２３,2026-05-12,2026-05-16,04,平和島,一般,４　６４３　５６３１,4442,松竹 大輔,2026-07-10,2026-07-14,09,津,一般,２４１　１４２F４,2026-06-28,2026-07-02,05,多摩川,一般,４６１　１１２４５１,2026-06-16,2026-06-21,18,徳山,ＧⅢ,６１４　６　３１４１１３,2026-06-03,2026-06-07,07,蒲郡,一般,１５２５５３２４,2026-05-15,2026-05-20,20,若松,一般,３２６　２　２５３　６４,5002,上田 健太,2026-07-17,2026-07-20,02,戸田,一般,５６２１６　１３,2026-07-07,2026-07-12,08,常滑,一般,４３２３１５２　１３４２,2026-06-17,2026-06-22,24,大村,ＧⅡ,３　６６６　６５５　４,2026-06-07,2026-06-11,05,多摩川,一般,３２１３３　６６４４,2026-05-28,2026-06-02,01,桐生,一般,１４３　３３１３５１,5268,山本 幸也,2026-07-04,2026-07-09,01,桐生,一般,３６転　５　２５６　６４,2026-06-23,2026-06-28,07,蒲郡,一般,２５３　２４４　４６４２,2026-06-02,2026-06-08,10,三国,一般,５　１６６４６　４　６,2026-05-17,2026-05-23,15,丸亀,一般,５６３　２４６,2026-04-29,2026-05-04,22,福岡,一般,４　５４４　４２５　３３
202607282008,2026-07-28,20,08R,4079,出畑 孝典,2026-07-17,2026-07-20,02,戸田,一般,３　２３２５１１,2026-07-07,2026-07-12,20,若松,ＧⅢ,２１６　５６３　３３２４,2026-06-26,2026-07-02,24,大村,一般,５　３３３　５４２１６６,2026-06-17,2026-06-20,07,蒲郡,一般,２２１３３２[３],2026-06-03,2026-06-08,21,芦屋,一般,１４６２２１４　１５４６,4890,石川 諒,2026-07-15,2026-07-20,18,徳山,一般,３１転４５　２１１１２３,2026-07-03,2026-07-06,09,津,一般,４５４　１エ,2026-06-21,2026-06-25,08,常滑,一般,３３１４１　２４１２,2026-06-05,2026-06-10,01,桐生,一般,５２３　１５５２１　３１,2026-05-16,2026-05-21,14,鳴門,一般,２　転４６３３　３　３３,4366,前沢 丈史,2026-07-07,2026-07-12,02,戸田,ＧⅡ,１　３６３　３　３１５,2026-06-28,2026-07-01,10,三国,一般,３３２１３２[F],2026-06-16,2026-06-21,09,津,一般,３２１　１１４２１２[３],2026-06-05,2026-06-10,18,徳山,一般,１　５２２４２１２１[１],2026-05-25,2026-05-30,17,宮島,一般,２３３　５４６１５５２２,4779,伊倉 光,2026-07-11,2026-07-14,04,平和島,一般,２３３　１６５５,2026-06-25,2026-06-30,13,尼崎,一般,２３４　１４２　５５２,2026-06-16,2026-06-21,09,津,一般,２　５５３　２１６５３２,2026-05-26,2026-05-31,15,丸亀,ＧⅢ,１５６　５５３　４２３３,2026-05-12,2026-05-16,01,桐生,一般,２　３４５　４４２５,4785,木幡 純也,2026-07-10,2026-07-14,09,津,一般,６　２４３４５３５,2026-06-28,2026-07-02,05,多摩川,一般,３　３　５６４６６６,2026-06-15,2026-06-20,21,芦屋,一般,４６５　３　４５６　４２,2026-05-28,2026-06-02,01,桐生,一般,３２３　５２６４１１,2026-05-10,2026-05-14,23,からつ,一般,６３４　２５４　５２,5370,日隈 茜,2026-05-15,2026-05-18,13,尼崎,一般,６,2026-04-29,2026-05-04,14,鳴門,ＧⅢ,６　F６６　６　６　６,2026-04-15,2026-04-20,09,津,一般,６　６６５６５　２６６５,2026-03-18,2026-03-23,20,若松,一般,６　６６６　６６６　５,2026-01-30,2026-02-04,06,浜名湖,一般,６　６６６　６　６６６６
202607282009,2026-07-28,20,09R,4287,今井 貴士,2026-07-15,2026-07-20,18,徳山,一般,４６４　１４４１４　６５,2026-07-02,2026-07-06,21,芦屋,一般,１３３　１１２２[６],2026-06-21,2026-06-24,19,下関,一般,３６２１１５２３,2026-06-11,2026-06-15,20,若松,一般,１２３　２３３１[４],2026-05-29,2026-06-03,11,びわこ,一般,３１５１２１２３６４２,4762,藤原 啓史朗,2026-07-14,2026-07-19,21,芦屋,一般,２３２３２　１２４１[１],2026-06-30,2026-07-05,16,児島,ＧⅡ,３１５　１２妨,2026-06-17,2026-06-22,05,多摩川,一般,１１１３１４１　６１[１],2026-06-08,2026-06-13,13,尼崎,ＧⅠ,４１３　３　２５５　２６,2026-05-20,2026-05-25,11,びわこ,ＧⅡ,４　１１１２５　２　[５],3932,池田 浩美,2026-07-13,2026-07-18,13,尼崎,ＧⅢ,２６５　６　２６２　１５,2026-06-26,2026-07-01,17,宮島,一般,５　３６１　３６５３２４,2026-06-13,2026-06-16,06,浜名湖,一般,４５２　２３４６,2026-05-15,2026-05-18,13,尼崎,一般,５,2026-04-29,2026-05-04,14,鳴門,ＧⅢ,２　１６６１２４６６２６,4372,原田 佑実,2026-07-03,2026-07-08,13,尼崎,一般,５　１４１２４３１２[４],2026-06-24,2026-06-29,12,住之江,一般,１３４　４５４　１１１,2026-06-06,2026-06-11,15,丸亀,一般,４　１６２１３４２１[２],2026-05-27,2026-06-01,08,常滑,一般,３４５４４　３　１　３１,2026-05-12,2026-05-17,07,蒲郡,一般,２６３６２５１５１５５２,4259,真庭 明志,2026-07-14,2026-07-17,24,大村,一般,１４１１６３５２,2026-07-04,2026-07-09,18,徳山,一般,２　５４４３５２６６１,2026-06-25,2026-06-30,01,桐生,ＧⅢ,３１３　５３５　６４６５,2026-06-11,2026-06-16,10,三国,一般,２４３３４４４　５　３５,2026-05-27,2026-06-01,08,常滑,一般,２　１６２５３３１４１６,4819,蜂須 瑞生,2026-07-12,2026-07-16,05,多摩川,一般,２１５６４　２　４５,2026-06-29,2026-07-04,08,常滑,一般,１５４　６６１　３　５２,2026-06-20,2026-06-25,06,浜名湖,一般,４４４　４５F　４　４,2026-05-14,2026-05-19,02,戸田,一般,４４２　３２１　２５１１,2026-05-01,2026-05-06,01,桐生,一般,３　４３３　１　６　３３
202607282010,2026-07-28,20,10R,3942,寺田 祥,2026-07-14,2026-07-19,21,芦屋,一般,３５３６１２１　２２[６],2026-06-17,2026-06-22,24,大村,ＧⅡ,２　１　５２２　２　[６],2026-06-09,2026-06-13,07,蒲郡,一般,１２２２３２５２[４],2026-05-31,2026-06-05,20,若松,一般,１３１　３１１３２１[２],2026-05-20,2026-05-25,11,びわこ,ＧⅡ,６４２　５　５３５　５３,4188,久田 敏之,2026-07-09,2026-07-14,15,丸亀,一般,１１２　１１１１２１[１],2026-06-25,2026-06-30,01,桐生,ＧⅢ,５２３２１　１１４３１１,2026-06-13,2026-06-18,08,常滑,ＧⅠ,２３１　４３５　５　１６,2026-06-04,2026-06-09,17,宮島,ＧⅠ,４２３,2026-05-20,2026-05-25,11,びわこ,ＧⅡ,２４２　１　３２２　[４],4168,石野 貴之,2026-07-13,2026-07-18,07,蒲郡,ＧⅡ,４２１　６　３６１２４,2026-07-03,2026-07-06,09,津,一般,１２２１２１[２],2026-06-23,2026-06-28,14,鳴門,ＳＧ,６　１　１F３　６　５,2026-06-08,2026-06-13,13,尼崎,ＧⅠ,６　６３５　３１１　４４,2026-05-26,2026-05-31,06,浜名湖,ＳＧ,２５２　２　２６３　６６,4247,齊藤 優,2026-07-09,2026-07-13,14,鳴門,一般,６４２　２５５　５２,2026-06-20,2026-06-25,06,浜名湖,一般,５４４　３４１　４　３１,2026-06-03,2026-06-08,21,芦屋,一般,３２５　２３３　５２５,2026-05-25,2026-05-30,17,宮島,一般,５２４　６４６,2026-05-08,2026-05-13,14,鳴門,一般,２　２４３２２３１３３１,5050,木下 雄介,2026-07-15,2026-07-19,08,常滑,一般,１２３　１６１２[６],2026-06-28,2026-07-01,10,三国,一般,４　１５３３２５,2026-06-09,2026-06-14,11,びわこ,一般,６５１　１４１１３４１２,2026-06-01,2026-06-04,24,大村,一般,２　３　４３３６,2026-05-20,2026-05-25,09,津,一般,１６４　４５１　１６１４,4615,板倉 敦史,2026-07-14,2026-07-19,21,芦屋,一般,５　５３６　５２２　６４,2026-07-02,2026-07-07,04,平和島,一般,４　４５３　２６４　１４,2026-06-22,2026-06-27,23,からつ,一般,５４６　５４３２２　４４,2026-06-09,2026-06-14,11,びわこ,一般,５６６　６　３６２　妨２,2026-05-28,2026-05-31,02,戸田,一般,３５１　１エ１５
202607282011,2026-07-28,20,11R,4504,前田 将太,2026-07-10,2026-07-15,22,福岡,一般,２３１６１　１３３１[４],2026-07-02,2026-07-06,21,芦屋,一般,３４３２２２２５１３,2026-06-23,2026-06-28,14,鳴門,ＳＧ,１　６５６　３　６４６,2026-06-11,2026-06-16,16,児島,一般,２５２　２２３１２１[４],2026-05-28,2026-06-02,01,桐生,一般,１１２２２１３１[１],4850,野中 一平,2026-07-12,2026-07-16,05,多摩川,一般,２１４１３　５１[２],2026-06-30,2026-07-05,16,児島,ＧⅡ,５１１　６　１６３２６,2026-06-22,2026-06-27,23,からつ,一般,６３２１３　１４１２[５],2026-06-08,2026-06-13,13,尼崎,ＧⅠ,６　１　４６５　３３３,2026-05-27,2026-06-01,08,常滑,一般,２４３４４１２２２３２１,3841,佐々木 和伸,2026-07-15,2026-07-20,18,徳山,一般,５２３５１　２５２１３２,2026-07-03,2026-07-08,12,住之江,一般,３　３２３１２　１４１３,2026-06-21,2026-06-24,10,三国,一般,２４４３１２[６],2026-06-10,2026-06-13,14,鳴門,一般,１３２１５４３２,2026-05-29,2026-06-03,11,びわこ,一般,２２２　２６１２６４１２,4530,小野 生奈,2026-07-13,2026-07-18,13,尼崎,ＧⅢ,３２３１４　３２２２[４],2026-06-30,2026-07-05,16,児島,ＧⅡ,６２５　１４４　２２３,2026-06-12,2026-06-17,22,福岡,ＧⅢ,１１１　１２３３４１[２],2026-05-30,2026-06-03,12,住之江,一般,４５４　５１４　４５,2026-05-18,2026-05-23,18,徳山,ＧⅢ,１１２　３１２１２１[１],4196,田中 太一郎,2026-07-14,2026-07-17,24,大村,一般,２　５３６　２６,2026-07-02,2026-07-06,21,芦屋,一般,２５４　３３６　５２,2026-06-22,2026-06-27,23,からつ,一般,４　５３４４５４４　２４,2026-06-12,2026-06-17,19,下関,一般,５５６　５　６６,2026-05-28,2026-05-31,02,戸田,一般,５５５　４　５５,5270,小玉 啓太,2026-07-09,2026-07-13,14,鳴門,一般,５６５　F　５　５,2026-06-25,2026-06-29,21,芦屋,一般,２　６　４４３　３４,2026-06-11,2026-06-16,03,江戸川,一般,１　３３４　６３１　２１,2026-05-29,2026-06-03,11,びわこ,一般,５３４　３５４　２転２,2026-05-13,2026-05-18,19,下関,一般,５３６　４２５　５　２６
202607282012,2026-07-28,20,12R,3489,大場 敏,2026-07-15,2026-07-20,18,徳山,一般,４　３１１４３４１５１４,2026-07-03,2026-07-08,13,尼崎,一般,１　１６４２５４１５５６,2026-06-21,2026-06-26,16,児島,一般,３２２　１１１２２１[１],2026-06-09,2026-06-13,07,蒲郡,一般,６　２３５３５６１１,2026-05-29,2026-06-04,09,津,ＧⅢ,１　５２３３４２４４２４,4327,加藤 翔,2026-07-11,2026-07-14,04,平和島,一般,２５５　６　３５,2026-06-30,2026-07-04,19,下関,一般,３　１４５５６　２６,2026-06-20,2026-06-25,06,浜名湖,一般,４　１４４６５　１　２６,2026-05-29,2026-06-03,11,びわこ,一般,６３４　５　５５６　４２,2026-05-16,2026-05-19,06,浜名湖,一般,２　１５４６２３,5002,上田 健太,2026-07-17,2026-07-20,02,戸田,一般,５６２１６　１３,2026-07-07,2026-07-12,08,常滑,一般,４３２３１５２　１３４２,2026-06-17,2026-06-22,24,大村,ＧⅡ,３　６６６　６５５　４,2026-06-07,2026-06-11,05,多摩川,一般,３２１３３　６６４４,2026-05-28,2026-06-02,01,桐生,一般,１４３　３３１３５１,4890,石川 諒,2026-07-15,2026-07-20,18,徳山,一般,３１転４５　２１１１２３,2026-07-03,2026-07-06,09,津,一般,４５４　１エ,2026-06-21,2026-06-25,08,常滑,一般,３３１４１　２４１２,2026-06-05,2026-06-10,01,桐生,一般,５２３　１５５２１　３１,2026-05-16,2026-05-21,14,鳴門,一般,２　転４６３３　３　３３,4079,出畑 孝典,2026-07-17,2026-07-20,02,戸田,一般,３　２３２５１１,2026-07-07,2026-07-12,20,若松,ＧⅢ,２１６　５６３　３３２４,2026-06-26,2026-07-02,24,大村,一般,５　３３３　５４２１６６,2026-06-17,2026-06-20,07,蒲郡,一般,２２１３３２[３],2026-06-03,2026-06-08,21,芦屋,一般,１４６２２１４　１５４６,5398,鐘ヶ江 真司,2026-07-15,2026-07-19,17,宮島,一般,５　５５２　４４６,2026-07-10,2026-07-13,19,下関,一般,４　５６４　２３,2026-06-28,2026-07-03,20,若松,一般,２５４　５１４　５　２２,2026-06-11,2026-06-16,03,江戸川,一般,２５３４１　２３４　１５,2026-05-22,2026-05-27,13,尼崎,一般,１２５　２転６　３　２
202607282101,2026-07-28,21,01R,4027,松江 秀徳,2026-07-13,2026-07-18,07,蒲郡,ＧⅡ,６　６　５６３　５６６,2026-06-26,2026-07-02,24,大村,一般,３６３　６３１　１４５　４１,2026-06-17,2026-06-22,17,宮島,ＧⅢ,６　F欠,2026-06-01,2026-06-05,19,下関,一般,４２１　２１１１[１],2026-05-15,2026-05-20,20,若松,一般,１　２２５５３　２４５３,4882,瀧川 千依,2026-05-09,2026-05-12,20,若松,一般,５５６２６　４,2026-04-01,2026-04-06,22,福岡,一般,６　６６６　６６６　６４,2026-03-17,2026-03-22,17,宮島,一般,３　２４３　F６４　４,2026-03-01,2026-03-06,21,芦屋,一般,６　６４６　４６６　６６,2026-02-15,2026-02-20,16,児島,一般,欠,4660,宇田川 信一,2026-07-12,2026-07-16,05,多摩川,一般,４　４　５６５６１,2026-06-24,2026-06-29,03,江戸川,一般,５　４５６,2026-06-05,2026-06-10,01,桐生,一般,２　２６３　１５６６５３,2026-05-16,2026-05-21,14,鳴門,一般,５４４　６４２　３　３２,2026-04-26,2026-05-01,03,江戸川,一般,６１４　６６６　４４２,5283,植木 美帆,2026-07-07,2026-07-12,11,びわこ,一般,５　５５６　４６５　３６,2026-06-18,2026-06-23,02,戸田,一般,５　６５F　５　６　６,2026-05-31,2026-06-05,13,尼崎,一般,１４４　５６６　６　４４,2026-05-18,2026-05-23,18,徳山,ＧⅢ,６　３６６４,2026-05-01,2026-05-06,01,桐生,一般,６　４６４　５　５１５,3305,小野 信樹,2026-07-11,2026-07-14,04,平和島,一般,６６５　５　５,2026-06-29,2026-07-03,11,びわこ,一般,５　４２２　５６１,2026-06-21,2026-06-25,08,常滑,一般,６　４欠,2026-06-05,2026-06-10,01,桐生,一般,３４２　２６６　５３６６,2026-05-21,2026-05-24,19,下関,一般,３６１　４６１６,5248,本田 愛,2026-07-10,2026-07-15,06,浜名湖,一般,４５３　１４１　１５１２,2026-06-21,2026-06-26,16,児島,一般,３　２５２　６６２　５１,2026-06-07,2026-06-12,09,津,一般,５　３５５　４３４　２３,2026-05-28,2026-06-02,01,桐生,一般,１　３３４６５３２４,2026-05-03,2026-05-08,06,浜名湖,一般,２２６　５２３　３１６
202607282102,2026-07-28,21,02R,3582,吉川 昭男,2026-07-07,2026-07-12,08,常滑,一般,５４４１２　２２１４１１,2026-06-29,2026-07-03,11,びわこ,一般,５　１１２６１　３１,2026-05-23,2026-05-28,10,三国,一般,３６３１５　４６４　１１,2026-05-12,2026-05-16,04,平和島,一般,５２６　２６４,2026-04-30,2026-05-06,11,びわこ,一般,６　４　３２３１２２[３],5022,伊藤 尚汰,2026-07-15,2026-07-21,12,住之江,一般,２　５６５　６６５　１　２１,2026-06-29,2026-07-04,08,常滑,一般,４６５　２５３　６　６４,2026-06-18,2026-06-21,04,平和島,一般,４２５　３６６６,2026-06-06,2026-06-10,06,浜名湖,一般,２　１５６５１　４２,2026-05-19,2026-05-24,01,桐生,一般,５５２　２２５　６　２３,4501,樋口 由加里,2026-07-01,2026-07-06,07,蒲郡,一般,４　１３１６４　６　６４,2026-06-18,2026-06-23,02,戸田,一般,５４５　４１４　６４１１,2026-06-06,2026-06-11,15,丸亀,一般,４　５４４２４６２　５３,2026-05-24,2026-05-29,24,大村,一般,２　２３２　５４３１[４],2026-05-11,2026-05-14,12,住之江,一般,３４２１２　２３,4352,下條 雄太郎,2026-07-11,2026-07-16,03,江戸川,一般,３２１　１１１　２１[１],2026-06-29,2026-07-03,11,びわこ,一般,３２２３２４３４１５,2026-06-17,2026-06-22,24,大村,ＧⅡ,５　４　６１１２４２５,2026-03-08,2026-03-13,24,大村,ＧⅠ,４　２４５　１　２２２６,2026-02-24,2026-03-01,01,桐生,一般,２４２２２１５　４　５１,5227,川原 愛未,2026-07-05,2026-07-09,24,大村,一般,６４５　６１５　６５,2026-06-18,2026-06-21,20,若松,一般,６６６１６　６,2025-09-20,2025-09-24,19,下関,一般,転　５５６　６　２４,2025-08-10,2025-08-15,23,からつ,一般,６６,2025-08-01,2025-08-06,16,児島,一般,５　５３６　４３６　６５,4562,阪本 勇介,2026-07-11,2026-07-16,03,江戸川,一般,４　３５５　１５４　３４,2026-06-30,2026-07-04,19,下関,一般,１６６　５６２　２５,2026-06-18,2026-06-21,20,若松,一般,２４４　４３４,2026-06-07,2026-06-11,05,多摩川,一般,１　２５２　４４２２,2026-05-20,2026-05-25,09,津,一般,２２１　４６２２２２[５]
202607282103,2026-07-28,21,03R,4120,柘植 政浩,2026-07-09,2026-07-14,15,丸亀,一般,１３２１２　３４３１[３],2026-06-25,2026-06-30,13,尼崎,一般,５２２１２　４２２４２１,2026-06-17,2026-06-20,07,蒲郡,一般,３３２　２４２３,2026-06-05,2026-06-10,01,桐生,一般,５２１　３２２２３２[３],2026-05-23,2026-05-28,10,三国,一般,３　１２３３５６６　１２,4945,上村 宏太,2026-07-14,2026-07-17,24,大村,一般,５　６４５　４,2026-06-30,2026-07-05,06,浜名湖,一般,６４６　４４２　３　２２,2026-06-16,2026-06-21,09,津,一般,４　３４４　６４４　２３,2026-05-25,2026-05-31,07,蒲郡,一般,２　３３６　転１４５６　４３,2026-05-06,2026-05-10,21,芦屋,一般,６　４６４６４３３５,3746,岡瀬 正人,2026-07-12,2026-07-16,05,多摩川,一般,３　１３１３５１[６],2026-07-03,2026-07-06,09,津,一般,１５３　１４３５,2026-06-21,2026-06-26,16,児島,一般,１　４２４１２２２４３２,2026-06-06,2026-06-10,06,浜名湖,一般,１　３５５１４４６４,2026-05-27,2026-06-01,08,常滑,一般,３５４　２４４　１１３４,5369,岡崎 凪汰,2026-07-11,2026-07-16,03,江戸川,一般,５　２６４６６　６５５,2026-06-29,2026-07-03,11,びわこ,一般,４　６５５　５１５,2026-05-22,2026-05-27,13,尼崎,一般,４４５　４　５６５　妨,2026-05-07,2026-05-11,24,大村,一般,４　３６５４６　６５,2026-04-18,2026-04-23,24,大村,一般,３５４　５４２　２１３,3623,深川 真二,2026-07-14,2026-07-17,24,大村,一般,１１２４２１[５],2026-07-04,2026-07-09,01,桐生,一般,１１１２４　４１２１[３],2026-06-20,2026-06-25,06,浜名湖,一般,２６１５６１４　２２[６],2026-06-09,2026-06-14,23,からつ,一般,１１１　２２５１２１[１],2026-05-24,2026-05-28,21,芦屋,一般,１６２１２２３２[４],4197,渥美 卓郎,2026-07-11,2026-07-16,03,江戸川,一般,４　５５４４３　４５３,2026-06-26,2026-07-01,17,宮島,一般,６　５６５,2026-06-17,2026-06-22,05,多摩川,一般,５　１５６　１４２５４,2026-06-01,2026-06-05,19,下関,一般,５　３５６　１　５３,2026-05-16,2026-05-19,06,浜名湖,一般,６　６４１４５６
202607282104,2026-07-28,21,04R,3918,深井 利寿,2026-07-14,2026-07-17,24,大村,一般,３３２１２２[４],2026-07-03,2026-07-08,12,住之江,一般,３　３３１　３２５２[４],2026-06-17,2026-06-22,17,宮島,ＧⅢ,３５５　５１２３１　４１,2026-06-04,2026-06-08,08,常滑,一般,１３３　４４４６３４,2026-05-20,2026-05-25,11,びわこ,ＧⅡ,５　２３５　１３３１４,4969,町田 洸希,2026-07-10,2026-07-15,23,からつ,一般,５３５　５　４１３５５２,2026-06-28,2026-07-01,10,三国,一般,５５５　５　４３,2026-06-14,2026-06-17,12,住之江,一般,５　３２５２２６,2026-05-29,2026-06-02,14,鳴門,一般,６６４　３　３２４,2026-05-12,2026-05-15,18,徳山,一般,２　２２６５４４,3268,森 竜也,2026-07-10,2026-07-15,23,からつ,一般,３５１　４　５１５４４１,2026-06-27,2026-07-01,02,戸田,一般,２２４　６２４　２４,2026-06-17,2026-06-22,13,尼崎,一般,６５１　５３６２４６１,2026-05-29,2026-06-04,09,津,ＧⅢ,４５１　２６６　６２４２,2026-05-20,2026-05-25,05,多摩川,一般,３　６２５５１　２６１２,5293,眞崎 武蔵,2026-07-09,2026-07-13,16,児島,一般,２　５４６　２４３３,2026-06-25,2026-06-30,13,尼崎,一般,５４１　欠欠,2026-06-11,2026-06-16,10,三国,一般,２５１　６３２　３５５６,2026-05-23,2026-05-27,12,住之江,一般,５　５６５　４６５,2026-04-24,2026-04-28,07,蒲郡,一般,４６５　５　６６４,3842,星野 太郎,2026-07-03,2026-07-06,09,津,一般,３５６　２３２２,2026-06-21,2026-06-26,16,児島,一般,４５６　２１５　４４２,2026-06-06,2026-06-10,06,浜名湖,一般,１　６４５３４　３５,2026-04-30,2026-05-06,09,津,一般,３　１１２　１６３５１４,2026-04-18,2026-04-22,15,丸亀,一般,２４５　３５４　３６,5426,甲斐 貴大,2026-07-14,2026-07-17,24,大村,一般,６６６　５　６６,2026-07-02,2026-07-06,21,芦屋,一般,６５６　５　６６２,2026-06-22,2026-06-27,22,福岡,一般,３６４　３６４　３３転６,2026-05-29,2026-06-02,14,鳴門,一般,６　６２５　６５６６,2026-05-01,2026-05-06,20,若松,一般,５　６６５　５４６　５６
202607282105,2026-07-28,21,05R,5283,植木 美帆,2026-07-07,2026-07-12,11,びわこ,一般,５　５５６　４６５　３６,2026-06-18,2026-06-23,02,戸田,一般,５　６５F　５　６　６,2026-05-31,2026-06-05,13,尼崎,一般,１４４　５６６　６　４４,2026-05-18,2026-05-23,18,徳山,ＧⅢ,６　３６６４,2026-05-01,2026-05-06,01,桐生,一般,６　４６４　５　５１５,5239,上野 俊樹,2026-07-10,2026-07-15,22,福岡,一般,３２１　５３１　２４５２,2026-06-25,2026-06-30,01,桐生,ＧⅢ,１　１３２３２３５２[６],2026-06-09,2026-06-14,11,びわこ,一般,４　４６５　６３３　４４,2026-04-24,2026-04-28,07,蒲郡,一般,３３１　欠欠,2026-04-17,2026-04-20,23,からつ,一般,１　４３２５転３,4420,津久井 拓也,2026-07-11,2026-07-16,03,江戸川,一般,２３４　４２２１２６２１,2026-06-30,2026-07-05,16,児島,ＧⅡ,４　６　６６６　４５５,2026-06-17,2026-06-22,24,大村,ＧⅡ,４　４５１　４　２２２２,2026-06-05,2026-06-10,18,徳山,一般,６５４６５　１４３　４１,2026-05-23,2026-05-27,12,住之江,一般,３　２２２６２４３５,5263,花田 凱成,2026-07-10,2026-07-15,22,福岡,一般,６４６　５３３　２４５,2026-06-28,2026-07-01,10,三国,一般,３１５　４６３６,2026-06-11,2026-06-16,03,江戸川,一般,２　６６２　４６２　２５,2026-05-29,2026-06-02,23,からつ,一般,４５４　６６４　３２,2026-05-13,2026-05-18,19,下関,一般,５　３４３　４３６５４,3282,池本 輝明,2026-07-07,2026-07-12,10,三国,ＧⅢ,２　５５５　３３６４４,2026-06-28,2026-07-03,20,若松,一般,４６５　４５５　５　４３,2026-06-19,2026-06-24,11,びわこ,一般,３２６　１５３　１５３,2026-06-06,2026-06-10,24,大村,一般,１５２　３２５６１５,2026-05-21,2026-05-24,19,下関,一般,５４４　４３４,5100,栗原 一馬,2026-07-10,2026-07-14,09,津,一般,６１４　５６１　５３,2026-06-28,2026-07-01,10,三国,一般,４３５　２４１,2026-06-07,2026-06-11,05,多摩川,一般,４６４　６　１２５２,2026-05-16,2026-05-19,06,浜名湖,一般,３５４　５２５４,2026-05-01,2026-05-06,01,桐生,一般,４　２５６　２３２　２３
202607282106,2026-07-28,21,06R,4660,宇田川 信一,2026-07-12,2026-07-16,05,多摩川,一般,４　４　５６５６１,2026-06-24,2026-06-29,03,江戸川,一般,５　４５６,2026-06-05,2026-06-10,01,桐生,一般,２　２６３　１５６６５３,2026-05-16,2026-05-21,14,鳴門,一般,５４４　６４２　３　３２,2026-04-26,2026-05-01,03,江戸川,一般,６１４　６６６　４４２,4694,高田 綾,2026-07-07,2026-07-12,11,びわこ,一般,４　２６１３３３１５４３,2026-06-18,2026-06-23,02,戸田,一般,１３３　４５２　４６４３,2026-05-29,2026-06-02,14,鳴門,一般,４　１６１４５３６５,2026-05-21,2026-05-24,19,下関,一般,６４４　６　５６,2026-05-10,2026-05-15,16,児島,一般,５　５４６　２６２　６６,4879,山崎 鉄平,2026-07-11,2026-07-16,03,江戸川,一般,１　２５２　２２４４４２,2026-06-28,2026-07-03,20,若松,一般,３　２１６　３２５　３５,2026-06-21,2026-06-24,19,下関,一般,１２４　４５３６,2026-06-05,2026-06-10,18,徳山,一般,６６５　３５２　５　６３,2026-05-20,2026-05-25,09,津,一般,３　２１５６２４３　３６,3616,中村 真,2026-07-07,2026-07-12,10,三国,ＧⅢ,３　３６５５６　５　３,2026-06-25,2026-06-30,01,桐生,ＧⅢ,２４５　６５３　４　３１,2026-06-09,2026-06-13,07,蒲郡,一般,４３６　６２２　２２,2026-05-23,2026-05-27,12,住之江,一般,６　６３６６３　５２,2026-05-08,2026-05-13,22,福岡,一般,５　３２１３４　２６２５,5022,伊藤 尚汰,2026-07-15,2026-07-21,12,住之江,一般,２　５６５　６６５　１　２１,2026-06-29,2026-07-04,08,常滑,一般,４６５　２５３　６　６４,2026-06-18,2026-06-21,04,平和島,一般,４２５　３６６６,2026-06-06,2026-06-10,06,浜名湖,一般,２　１５６５１　４２,2026-05-19,2026-05-24,01,桐生,一般,５５２　２２５　６　２３,3435,寺田 千恵,2026-07-13,2026-07-18,13,尼崎,ＧⅢ,３１４　３３２５１５２６,2026-07-03,2026-07-08,12,住之江,一般,４　２１５　１５２４１４,2026-06-18,2026-06-23,02,戸田,一般,１５３１２１１　３１[１],2026-06-06,2026-06-11,15,丸亀,一般,１　２２４３３１３２[５],2026-05-27,2026-06-01,08,常滑,一般,１３４２２２２１３２[２]
202607282107,2026-07-28,21,07R,5227,川原 愛未,2026-07-05,2026-07-09,24,大村,一般,６４５　６１５　６５,2026-06-18,2026-06-21,20,若松,一般,６６６１６　６,2025-09-20,2025-09-24,19,下関,一般,転　５５６　６　２４,2025-08-10,2025-08-15,23,からつ,一般,６６,2025-08-01,2025-08-06,16,児島,一般,５　５３６　４３６　６５,4197,渥美 卓郎,2026-07-11,2026-07-16,03,江戸川,一般,４　５５４４３　４５３,2026-06-26,2026-07-01,17,宮島,一般,６　５６５,2026-06-17,2026-06-22,05,多摩川,一般,５　１５６　１４２５４,2026-06-01,2026-06-05,19,下関,一般,５　３５６　１　５３,2026-05-16,2026-05-19,06,浜名湖,一般,６　６４１４５６,3584,佐々木 英樹,2026-07-07,2026-07-12,10,三国,ＧⅢ,５３３　２６６　５３１,2026-06-24,2026-06-29,03,江戸川,一般,２　５５４　５５３　４１,2026-06-09,2026-06-14,23,からつ,一般,５　４１２５３　２５２,2026-05-25,2026-05-30,17,宮島,一般,４６１　４２６　２４４６,2026-05-09,2026-05-14,09,津,ＧⅢ,３　３３６４２　３６３,4882,瀧川 千依,2026-05-09,2026-05-12,20,若松,一般,５５６２６　４,2026-04-01,2026-04-06,22,福岡,一般,６　６６６　６６６　６４,2026-03-17,2026-03-22,17,宮島,一般,３　２４３　F６４　４,2026-03-01,2026-03-06,21,芦屋,一般,６　６４６　４６６　６６,2026-02-15,2026-02-20,16,児島,一般,欠,5101,表 健太,2026-07-10,2026-07-15,22,福岡,一般,４　３５６　５６６　４４,2026-05-29,2026-06-03,11,びわこ,一般,３５５　５　４５３　４３,2026-05-12,2026-05-16,04,平和島,一般,４　６３５　転６,2026-04-25,2026-04-30,06,浜名湖,一般,６４４　５５６　５　５F,2026-04-16,2026-04-20,12,住之江,一般,４　２４４　５６３,4945,上村 宏太,2026-07-14,2026-07-17,24,大村,一般,５　６４５　４,2026-06-30,2026-07-05,06,浜名湖,一般,６４６　４４２　３　２２,2026-06-16,2026-06-21,09,津,一般,４　３４４　６４４　２３,2026-05-25,2026-05-31,07,蒲郡,一般,２　３３６　転１４５６　４３,2026-05-06,2026-05-10,21,芦屋,一般,６　４６４６４３３５
202607282108,2026-07-28,21,08R,5248,本田 愛,2026-07-10,2026-07-15,06,浜名湖,一般,４５３　１４１　１５１２,2026-06-21,2026-06-26,16,児島,一般,３　２５２　６６２　５１,2026-06-07,2026-06-12,09,津,一般,５　３５５　４３４　２３,2026-05-28,2026-06-02,01,桐生,一般,１　３３４６５３２４,2026-05-03,2026-05-08,06,浜名湖,一般,２２６　５２３　３１６,4501,樋口 由加里,2026-07-01,2026-07-06,07,蒲郡,一般,４　１３１６４　６　６４,2026-06-18,2026-06-23,02,戸田,一般,５４５　４１４　６４１１,2026-06-06,2026-06-11,15,丸亀,一般,４　５４４２４６２　５３,2026-05-24,2026-05-29,24,大村,一般,２　２３２　５４３１[４],2026-05-11,2026-05-14,12,住之江,一般,３４２１２　２３,5369,岡崎 凪汰,2026-07-11,2026-07-16,03,江戸川,一般,５　２６４６６　６５５,2026-06-29,2026-07-03,11,びわこ,一般,４　６５５　５１５,2026-05-22,2026-05-27,13,尼崎,一般,４４５　４　５６５　妨,2026-05-07,2026-05-11,24,大村,一般,４　３６５４６　６５,2026-04-18,2026-04-23,24,大村,一般,３５４　５４２　２１３,3268,森 竜也,2026-07-10,2026-07-15,23,からつ,一般,３５１　４　５１５４４１,2026-06-27,2026-07-01,02,戸田,一般,２２４　６２４　２４,2026-06-17,2026-06-22,13,尼崎,一般,６５１　５３６２４６１,2026-05-29,2026-06-04,09,津,ＧⅢ,４５１　２６６　６２４２,2026-05-20,2026-05-25,05,多摩川,一般,３　６２５５１　２６１２,5426,甲斐 貴大,2026-07-14,2026-07-17,24,大村,一般,６６６　５　６６,2026-07-02,2026-07-06,21,芦屋,一般,６５６　５　６６２,2026-06-22,2026-06-27,22,福岡,一般,３６４　３６４　３３転６,2026-05-29,2026-06-02,14,鳴門,一般,６　６２５　６５６６,2026-05-01,2026-05-06,20,若松,一般,５　６６５　５４６　５６,4376,藤田 靖弘,2026-07-10,2026-07-14,09,津,一般,４２２　１２１２[２],2026-06-25,2026-06-30,01,桐生,ＧⅢ,３　４５２　３４２　３６,2026-06-14,2026-06-17,12,住之江,一般,２４１２５３２２,2026-06-01,2026-06-05,19,下関,一般,３　１６２３２３４６,2026-05-19,2026-05-23,16,児島,一般,２２１　５４２６３２
202607282109,2026-07-28,21,09R,5263,花田 凱成,2026-07-10,2026-07-15,22,福岡,一般,６４６　５３３　２４５,2026-06-28,2026-07-01,10,三国,一般,３１５　４６３６,2026-06-11,2026-06-16,03,江戸川,一般,２　６６２　４６２　２５,2026-05-29,2026-06-02,23,からつ,一般,４５４　６６４　３２,2026-05-13,2026-05-18,19,下関,一般,５　３４３　４３６５４,3842,星野 太郎,2026-07-03,2026-07-06,09,津,一般,３５６　２３２２,2026-06-21,2026-06-26,16,児島,一般,４５６　２１５　４４２,2026-06-06,2026-06-10,06,浜名湖,一般,１　６４５３４　３５,2026-04-30,2026-05-06,09,津,一般,３　１１２　１６３５１４,2026-04-18,2026-04-22,15,丸亀,一般,２４５　３５４　３６,3282,池本 輝明,2026-07-07,2026-07-12,10,三国,ＧⅢ,２　５５５　３３６４４,2026-06-28,2026-07-03,20,若松,一般,４６５　４５５　５　４３,2026-06-19,2026-06-24,11,びわこ,一般,３２６　１５３　１５３,2026-06-06,2026-06-10,24,大村,一般,１５２　３２５６１５,2026-05-21,2026-05-24,19,下関,一般,５４４　４３４,4562,阪本 勇介,2026-07-11,2026-07-16,03,江戸川,一般,４　３５５　１５４　３４,2026-06-30,2026-07-04,19,下関,一般,１６６　５６２　２５,2026-06-18,2026-06-21,20,若松,一般,２４４　４３４,2026-06-07,2026-06-11,05,多摩川,一般,１　２５２　４４２２,2026-05-20,2026-05-25,09,津,一般,２２１　４６２２２２[５],5293,眞崎 武蔵,2026-07-09,2026-07-13,16,児島,一般,２　５４６　２４３３,2026-06-25,2026-06-30,13,尼崎,一般,５４１　欠欠,2026-06-11,2026-06-16,10,三国,一般,２５１　６３２　３５５６,2026-05-23,2026-05-27,12,住之江,一般,５　５６５　４６５,2026-04-24,2026-04-28,07,蒲郡,一般,４６５　５　６６４,4027,松江 秀徳,2026-07-13,2026-07-18,07,蒲郡,ＧⅡ,６　６　５６３　５６６,2026-06-26,2026-07-02,24,大村,一般,３６３　６３１　１４５　４１,2026-06-17,2026-06-22,17,宮島,ＧⅢ,６　F欠,2026-06-01,2026-06-05,19,下関,一般,４２１　２１１１[１],2026-05-15,2026-05-20,20,若松,一般,１　２２５５３　２４５３
202607282110,2026-07-28,21,10R,3746,岡瀬 正人,2026-07-12,2026-07-16,05,多摩川,一般,３　１３１３５１[６],2026-07-03,2026-07-06,09,津,一般,１５３　１４３５,2026-06-21,2026-06-26,16,児島,一般,１　４２４１２２２４３２,2026-06-06,2026-06-10,06,浜名湖,一般,１　３５５１４４６４,2026-05-27,2026-06-01,08,常滑,一般,３５４　２４４　１１３４,3616,中村 真,2026-07-07,2026-07-12,10,三国,ＧⅢ,３　３６５５６　５　３,2026-06-25,2026-06-30,01,桐生,ＧⅢ,２４５　６５３　４　３１,2026-06-09,2026-06-13,07,蒲郡,一般,４３６　６２２　２２,2026-05-23,2026-05-27,12,住之江,一般,６　６３６６３　５２,2026-05-08,2026-05-13,22,福岡,一般,５　３２１３４　２６２５,5239,上野 俊樹,2026-07-10,2026-07-15,22,福岡,一般,３２１　５３１　２４５２,2026-06-25,2026-06-30,01,桐生,ＧⅢ,１　１３２３２３５２[６],2026-06-09,2026-06-14,11,びわこ,一般,４　４６５　６３３　４４,2026-04-24,2026-04-28,07,蒲郡,一般,３３１　欠欠,2026-04-17,2026-04-20,23,からつ,一般,１　４３２５転３,3582,吉川 昭男,2026-07-07,2026-07-12,08,常滑,一般,５４４１２　２２１４１１,2026-06-29,2026-07-03,11,びわこ,一般,５　１１２６１　３１,2026-05-23,2026-05-28,10,三国,一般,３６３１５　４６４　１１,2026-05-12,2026-05-16,04,平和島,一般,５２６　２６４,2026-04-30,2026-05-06,11,びわこ,一般,６　４　３２３１２２[３],4879,山崎 鉄平,2026-07-11,2026-07-16,03,江戸川,一般,１　２５２　２２４４４２,2026-06-28,2026-07-03,20,若松,一般,３　２１６　３２５　３５,2026-06-21,2026-06-24,19,下関,一般,１２４　４５３６,2026-06-05,2026-06-10,18,徳山,一般,６６５　３５２　５　６３,2026-05-20,2026-05-25,09,津,一般,３　２１５６２４３　３６,4120,柘植 政浩,2026-07-09,2026-07-14,15,丸亀,一般,１３２１２　３４３１[３],2026-06-25,2026-06-30,13,尼崎,一般,５２２１２　４２２４２１,2026-06-17,2026-06-20,07,蒲郡,一般,３３２　２４２３,2026-06-05,2026-06-10,01,桐生,一般,５２１　３２２２３２[３],2026-05-23,2026-05-28,10,三国,一般,３　１２３３５６６　１２
202607282111,2026-07-28,21,11R,4352,下條 雄太郎,2026-07-11,2026-07-16,03,江戸川,一般,３２１　１１１　２１[１],2026-06-29,2026-07-03,11,びわこ,一般,３２２３２４３４１５,2026-06-17,2026-06-22,24,大村,ＧⅡ,５　４　６１１２４２５,2026-03-08,2026-03-13,24,大村,ＧⅠ,４　２４５　１　２２２６,2026-02-24,2026-03-01,01,桐生,一般,２４２２２１５　４　５１,4420,津久井 拓也,2026-07-11,2026-07-16,03,江戸川,一般,２３４　４２２１２６２１,2026-06-30,2026-07-05,16,児島,ＧⅡ,４　６　６６６　４５５,2026-06-17,2026-06-22,24,大村,ＧⅡ,４　４５１　４　２２２２,2026-06-05,2026-06-10,18,徳山,一般,６５４６５　１４３　４１,2026-05-23,2026-05-27,12,住之江,一般,３　２２２６２４３５,3918,深井 利寿,2026-07-14,2026-07-17,24,大村,一般,３３２１２２[４],2026-07-03,2026-07-08,12,住之江,一般,３　３３１　３２５２[４],2026-06-17,2026-06-22,17,宮島,ＧⅢ,３５５　５１２３１　４１,2026-06-04,2026-06-08,08,常滑,一般,１３３　４４４６３４,2026-05-20,2026-05-25,11,びわこ,ＧⅡ,５　２３５　１３３１４,3584,佐々木 英樹,2026-07-07,2026-07-12,10,三国,ＧⅢ,５３３　２６６　５３１,2026-06-24,2026-06-29,03,江戸川,一般,２　５５４　５５３　４１,2026-06-09,2026-06-14,23,からつ,一般,５　４１２５３　２５２,2026-05-25,2026-05-30,17,宮島,一般,４６１　４２６　２４４６,2026-05-09,2026-05-14,09,津,ＧⅢ,３　３３６４２　３６３,4694,高田 綾,2026-07-07,2026-07-12,11,びわこ,一般,４　２６１３３３１５４３,2026-06-18,2026-06-23,02,戸田,一般,１３３　４５２　４６４３,2026-05-29,2026-06-02,14,鳴門,一般,４　１６１４５３６５,2026-05-21,2026-05-24,19,下関,一般,６４４　６　５６,2026-05-10,2026-05-15,16,児島,一般,５　５４６　２６２　６６,4969,町田 洸希,2026-07-10,2026-07-15,23,からつ,一般,５３５　５　４１３５５２,2026-06-28,2026-07-01,10,三国,一般,５５５　５　４３,2026-06-14,2026-06-17,12,住之江,一般,５　３２５２２６,2026-05-29,2026-06-02,14,鳴門,一般,６６４　３　３２４,2026-05-12,2026-05-15,18,徳山,一般,２　２２６５４４
202607282112,2026-07-28,21,12R,3898,平田 忠則,2026-07-10,2026-07-13,19,下関,一般,１１１１４２[５],2026-06-26,2026-07-02,24,大村,一般,４　２２２１１２５１３１[１],2026-06-17,2026-06-22,17,宮島,ＧⅢ,２３４２３　２２１３３３,2026-06-03,2026-06-07,07,蒲郡,一般,４３１４２１[２],2026-05-23,2026-05-27,12,住之江,一般,３２１１４　２１[１],4522,古澤 光紀,2026-07-10,2026-07-15,22,福岡,一般,１　２４４３２２１４３２,2026-06-29,2026-07-03,11,びわこ,一般,３３５３１４６６１３,2026-06-17,2026-06-22,13,尼崎,一般,１３４６２　１５１４２２,2026-06-09,2026-06-13,07,蒲郡,一般,１６１２２４１２[６],2026-05-29,2026-06-02,23,からつ,一般,２　１２４５転４２４,4798,浜先 真範,2026-07-10,2026-07-15,23,からつ,一般,１１３　１５２２１５１２,2026-06-28,2026-07-01,10,三国,一般,１４４１４２[４],2026-06-17,2026-06-22,13,尼崎,一般,１４１１１　３２４１[３],2026-06-04,2026-06-09,17,宮島,ＧⅠ,３　６　４６５　３４４,2026-05-23,2026-05-27,12,住之江,一般,３６２１４　４４３１,4373,若狭 奈美子,2026-06-12,2026-06-17,22,福岡,ＧⅢ,３４３　１５５３２４３３,2026-06-04,2026-06-08,08,常滑,一般,４２１５１２１　１４,2026-05-25,2026-05-30,17,宮島,一般,１４４　２６２２１３５５,2026-05-12,2026-05-17,07,蒲郡,一般,４３３５２１１１３３３１,2026-04-29,2026-05-04,14,鳴門,ＧⅢ,１２４　３F５　４　５,4436,渋谷 明憲,2026-06-18,2026-06-21,20,若松,一般,２１３　３１[１],2026-06-10,2026-06-13,14,鳴門,一般,２６,2026-05-27,2026-06-01,08,常滑,一般,１F２４２　６　３　５,2026-05-12,2026-05-16,01,桐生,一般,５５５１１　３３１,2026-05-03,2026-05-08,12,住之江,一般,３　５６３　６５,4336,松田 竜馬,2026-07-07,2026-07-12,02,戸田,ＧⅡ,転　６　５２５　３２５,2026-06-30,2026-07-04,19,下関,一般,４　３６１４４６６,2026-06-21,2026-06-26,16,児島,一般,２６３　２５１　１５２５,2026-06-03,2026-06-08,21,芦屋,一般,３１４　３５３２２６３６,2026-05-14,2026-05-18,10,三国,一般,５　４４５　３４５
202607282401,2026-07-28,24,01R,3809,吉田 光,2026-07-18,2026-07-21,04,平和島,一般,４　３４４６F４,2026-07-04,2026-07-09,18,徳山,一般,３５６　３５２４３　４４,2026-06-19,2026-06-24,11,びわこ,一般,５４４　３　３５３　６１,2026-06-03,2026-06-07,07,蒲郡,一般,２５３　６５４,2026-05-17,2026-05-23,15,丸亀,一般,５　４３３　６５２　３４３,5205,刑部 亜里紗,2026-07-18,2026-07-23,09,津,ＧⅢ,３　４２４　２５４F６,2026-07-11,2026-07-14,04,平和島,一般,２３１１４　[４],2026-06-28,2026-07-03,20,若松,一般,１　２１２２３４３１[４],2026-06-17,2026-06-22,13,尼崎,一般,２　２４３２１６１３２１,2026-05-30,2026-06-04,05,多摩川,ＧⅢ,５　６４４２２２１　１１,4846,佐藤 駿介,2026-07-14,2026-07-19,01,桐生,一般,１３２４３　６　１５６６,2026-06-30,2026-07-04,19,下関,一般,１３５６４　５　５３,2026-06-21,2026-06-26,16,児島,一般,１　２４６　４６６　３６,2026-06-03,2026-06-07,03,江戸川,一般,６　２６１１１６,2026-05-09,2026-05-14,11,びわこ,一般,２３４　３３４　４６４６,3853,岩崎 正哉,2026-07-18,2026-07-22,10,三国,一般,１６５　４３３　４４,2026-07-07,2026-07-12,20,若松,ＧⅢ,２　１５３　３４４２[４],2026-06-26,2026-07-01,17,宮島,一般,４１４４１　４２４５４４,2026-06-16,2026-06-21,18,徳山,ＧⅢ,１３２　２４２１６１[３],2026-05-31,2026-06-05,13,尼崎,一般,５　１１４１１４２３４１,5257,西丸 侑太朗,2026-07-19,2026-07-24,22,福岡,ＧⅢ,１６３　３１４　３２２３,2026-07-02,2026-07-06,21,芦屋,一般,４１１　３１３４エ３,2026-06-20,2026-06-25,15,丸亀,一般,４２２６６４１　１３１２,2026-06-11,2026-06-16,03,江戸川,一般,４６２　２１４　４５４４,2026-06-02,2026-06-08,10,三国,一般,４４３３１４１１３３４２,3933,山地 正樹,2026-07-18,2026-07-21,20,若松,一般,１　４１５３２１,2026-07-05,2026-07-09,05,多摩川,一般,６６２　３３４　２４,2026-06-24,2026-06-29,09,津,一般,３１６　１３２６１５３２,2026-06-14,2026-06-17,12,住之江,一般,２１３　２２[５],2026-05-29,2026-06-02,14,鳴門,一般,２２４　２１３１[４]
202607282402,2026-07-28,24,02R,3411,池上 隆行,2026-07-17,2026-07-20,02,戸田,一般,３　４４４５３,2026-07-01,2026-07-06,22,福岡,一般,３　４２４　F５４　６,2026-06-22,2026-06-27,23,からつ,一般,３６５　２６４　５２４,2026-06-07,2026-06-12,09,津,一般,３　３５４　５６４　２,2026-05-17,2026-05-23,15,丸亀,一般,４５６　５５３　４,5354,渡邊 雄斗,2026-07-19,2026-07-23,05,多摩川,一般,１　２　４３５１[２],2026-07-10,2026-07-15,06,浜名湖,一般,　　　　６６３　６６６,2026-07-03,2026-07-06,09,津,一般,６　１６３４４４,2026-06-21,2026-06-25,08,常滑,一般,４３１　６５４　６２,2026-05-29,2026-06-03,11,びわこ,一般,２　５２３４５３２　５３,4635,峰重 力也,2026-07-19,2026-07-23,05,多摩川,一般,２６３　３３１６２２,2026-07-09,2026-07-13,16,児島,一般,５３４　１５５４２１,2026-06-24,2026-06-29,09,津,一般,３　５３１　１５１４１５,2026-06-17,2026-06-20,07,蒲郡,一般,５４６　５　１,2026-05-12,2026-05-16,04,平和島,一般,６　４６,4174,赤坂 俊輔,2026-07-18,2026-07-21,04,平和島,一般,１３１２１３[１],2026-07-07,2026-07-12,20,若松,ＧⅢ,５　４３１２３　２５１４,2026-06-27,2026-07-01,02,戸田,一般,４５４２５１３　３１,2026-06-16,2026-06-21,09,津,一般,２４２３３　１２４２[４],2026-06-06,2026-06-10,24,大村,一般,５３４　３１１１[３],4761,山田 晃大,2026-07-12,2026-07-16,05,多摩川,一般,５５５　１２５　６４,2026-06-30,2026-07-05,16,児島,ＧⅡ,４　５　１４５　６５３,2026-06-21,2026-06-24,10,三国,一般,１２２６３２[５],2026-06-09,2026-06-14,23,からつ,一般,４５３　３３４　２　１３,2026-05-27,2026-06-01,08,常滑,一般,１　４１５　５３４５５,3831,安藤 裕貴,2026-07-16,2026-07-21,11,びわこ,一般,６　３４１　３３３１５４,2026-07-03,2026-07-08,13,尼崎,一般,１６４　６６５　５　５,2026-06-17,2026-06-22,05,多摩川,一般,２３５　４６２　５４１,2026-05-30,2026-06-03,12,住之江,一般,４　２３５　１２２６,2026-05-14,2026-05-19,02,戸田,一般,１５６　落５４　２　６５
202607282403,2026-07-28,24,03R,3787,天野 誠,2026-07-18,2026-07-21,20,若松,一般,３　６６５５４,2026-07-02,2026-07-07,04,平和島,一般,６　３６４　３４５　４３,2026-06-21,2026-06-24,19,下関,一般,５　５６,2026-06-05,2026-06-10,01,桐生,一般,６　３６転,2026-05-19,2026-05-23,16,児島,一般,５　５４５　転５４,4447,深川 麻奈美,2026-07-17,2026-07-20,02,戸田,一般,３２１　６１１１,2026-07-05,2026-07-09,24,大村,一般,３　１２１２２２[４],2026-06-26,2026-07-01,17,宮島,一般,１５６　２３４１２６１１,2026-06-10,2026-06-13,14,鳴門,一般,３２４３４３２３,2026-06-01,2026-06-05,19,下関,一般,４１５６１　３５１,4173,岡谷 健吾,2026-07-15,2026-07-21,12,住之江,一般,１４１　３４２　４４３１５１,2026-06-30,2026-07-04,19,下関,一般,３５１４６　５　４４,2026-06-21,2026-06-25,08,常滑,一般,５　２５４６２　５２,2026-06-05,2026-06-10,18,徳山,一般,６２６５４　５　２２４４,2026-05-19,2026-05-24,01,桐生,一般,２３６１２　１５２５４５,4967,中村 魁生,2026-07-18,2026-07-23,09,津,ＧⅢ,３F６　３３４　３　３,2026-07-02,2026-07-07,04,平和島,一般,２　１２２２４６４３１１,2026-06-22,2026-06-27,23,からつ,一般,５４１１１１１　３１[１],2026-06-11,2026-06-16,16,児島,一般,３３３１４　１２１２[３],2026-05-31,2026-06-05,13,尼崎,一般,１５４　２２１３２３３１,5303,土井 歩夢,2026-07-19,2026-07-24,22,福岡,ＧⅢ,２　６２１　４６１５２５,2026-07-10,2026-07-13,19,下関,一般,４　２４３３３１,2026-06-29,2026-07-04,08,常滑,一般,２　２３１　３４１２[５],2026-06-14,2026-06-17,12,住之江,一般,３６５　３　３３,2026-05-23,2026-05-28,10,三国,一般,５　４３３　２２２３３１,4812,西野 雄貴,2026-07-04,2026-07-09,01,桐生,一般,６２４　１４１,2026-06-21,2026-06-24,10,三国,一般,１３１３２１[２],2026-06-11,2026-06-15,20,若松,一般,１４５　１２１２[３],2026-05-30,2026-06-03,12,住之江,一般,２３１　１２１２[４],2026-04-24,2026-04-28,07,蒲郡,一般,３１４　２２４３１３
202607282404,2026-07-28,24,04R,4596,葛原 大陽,2026-07-18,2026-07-22,10,三国,一般,３　１３F転４　４,2026-07-07,2026-07-12,08,常滑,一般,１１２３３３４　１６２４,2026-06-25,2026-06-30,01,桐生,ＧⅢ,３　２１４　５３１５４２,2026-06-14,2026-06-17,12,住之江,一般,３２５　１６３５,2026-06-03,2026-06-08,21,芦屋,一般,２３３　１２２１３２[１],4093,吉田 宗弘,2026-07-18,2026-07-21,04,平和島,一般,５３４　４３３５,2026-07-04,2026-07-09,01,桐生,一般,２５２　４５６　５　４４,2026-06-24,2026-06-29,03,江戸川,一般,２　２２３　３２F　６３,2026-06-11,2026-06-16,16,児島,一般,１　４４６３４　５６３,2026-05-25,2026-05-31,03,江戸川,一般,１５５　６３３　　　５１１２,5307,富永 夏哉人,2026-07-18,2026-07-21,20,若松,一般,２　２１４６２１,2026-07-04,2026-07-09,18,徳山,一般,３５１　５６６６５　６６,2026-06-22,2026-06-27,23,からつ,一般,２　５２６３６１１　６６,2026-06-11,2026-06-16,03,江戸川,一般,３４４３２　３４５　３２,2026-05-23,2026-05-27,12,住之江,一般,５　１　５６５５６５,4142,平野 和明,2026-07-02,2026-07-07,04,平和島,一般,３３３　６３４　１４３,2026-06-21,2026-06-26,16,児島,一般,５　３３１１２３６４２４,2026-06-09,2026-06-13,07,蒲郡,一般,２２２　３６４５１４,2026-05-29,2026-06-04,09,津,ＧⅢ,４　２４３　４４２３５１,2026-05-15,2026-05-20,20,若松,一般,３３２　１４６　１２４,5247,大森 翼,2026-07-18,2026-07-21,20,若松,一般,１４４　３６２６,2026-07-07,2026-07-12,08,常滑,一般,１妨５　３　５３２　４４,2026-06-25,2026-06-29,21,芦屋,一般,４３３　６６５６３,2026-06-17,2026-06-22,13,尼崎,一般,３　４３４　３３２３３１,2026-06-09,2026-06-14,23,からつ,一般,４３５　３　転３４　６５,5018,竹下 大樹,2026-07-19,2026-07-24,22,福岡,ＧⅢ,２３転　５３３　１３２３,2026-07-07,2026-07-12,08,常滑,一般,４　１５１５２２２２[３],2026-06-29,2026-07-03,11,びわこ,一般,３２１６４１３３３２,2026-06-20,2026-06-25,15,丸亀,一般,１　２４２４１４１３２２,2026-06-11,2026-06-16,03,江戸川,一般,４　１４２　３１２１[２]
202607282405,2026-07-28,24,05R,4137,君島 秀三,2026-07-12,2026-07-16,05,多摩川,一般,４５２１３３４３４１,2026-06-30,2026-07-05,06,浜名湖,一般,３２２　２１１　１３２１,2026-06-17,2026-06-22,17,宮島,ＧⅢ,２５６５３５,2026-06-05,2026-06-10,01,桐生,一般,１１２　４２３５４３４１,2026-05-21,2026-05-24,19,下関,一般,２１１２３１[３],3618,海野 ゆかり,2026-07-19,2026-07-24,19,下関,ＧⅢ,３２１５３　１５２３１２,2026-07-07,2026-07-12,11,びわこ,一般,４５１５４４３４４　２１,2026-06-24,2026-06-29,12,住之江,一般,４　２３１２２　１２[３],2026-06-12,2026-06-17,22,福岡,ＧⅢ,１５１　５４１１３５３２,2026-05-31,2026-06-05,20,若松,一般,３　１１４２５１４エ,5148,松本 怜,2026-07-13,2026-07-18,13,尼崎,ＧⅢ,３４１　２４５　４５F５,2026-06-24,2026-06-29,12,住之江,一般,４６３　３２５　２　３４,2026-06-03,2026-06-08,21,芦屋,一般,２５３　１６４　６３１転,2026-05-21,2026-05-24,19,下関,一般,転,2026-05-05,2026-05-09,18,徳山,一般,４４３　１　１２[６],4748,渡邉 雄朗,2026-07-15,2026-07-19,17,宮島,一般,２６３４４６,2026-07-03,2026-07-08,13,尼崎,一般,１２F３２　３　２　３,2026-06-24,2026-06-29,03,江戸川,一般,６　３１６　６１２　１３,2026-06-13,2026-06-16,06,浜名湖,一般,３　３２１１[２],2026-06-04,2026-06-08,08,常滑,一般,４３５２３１３５２６,4846,佐藤 駿介,2026-07-14,2026-07-19,01,桐生,一般,１３２４３　６　１５６６,2026-06-30,2026-07-04,19,下関,一般,１３５６４　５　５３,2026-06-21,2026-06-26,16,児島,一般,１　２４６　４６６　３６,2026-06-03,2026-06-07,03,江戸川,一般,６　２６１１１６,2026-05-09,2026-05-14,11,びわこ,一般,２３４　３３４　４６４６,4315,山崎 昂介,2026-07-18,2026-07-22,10,三国,一般,４６４　５　５１５,2026-07-04,2026-07-09,18,徳山,一般,２５５６４　１２１　４３,2026-06-25,2026-06-29,21,芦屋,一般,２３４３４　１４６１,2026-06-18,2026-06-21,04,平和島,一般,２５４　２３１３,2026-06-06,2026-06-10,24,大村,一般,４　６２４　２６３６
202607282406,2026-07-28,24,06R,4049,荒川 健太,2026-07-19,2026-07-23,05,多摩川,一般,２４４４２４１,2026-07-09,2026-07-14,15,丸亀,一般,１　２２３３３１１５１４,2026-06-27,2026-07-01,02,戸田,一般,３１３　５２１６３３,2026-06-14,2026-06-18,01,桐生,一般,３４３４２　２４３２,2026-05-29,2026-06-04,09,津,ＧⅢ,２４５　５　５４２　２１,3981,今坂 晃広,2026-07-15,2026-07-19,17,宮島,一般,２２６　５５３　１２,2026-07-02,2026-07-06,21,芦屋,一般,２６３　６６３　４６,2026-06-24,2026-06-28,04,平和島,一般,５５１　５１４４,2026-06-14,2026-06-18,01,桐生,一般,６　３４３　６　４４,2026-05-29,2026-06-04,09,津,ＧⅢ,１　５３１６１３４６１６,5028,原田 才一郎,2026-07-19,2026-07-24,22,福岡,ＧⅢ,３１２　４４２　２６３１,2026-07-11,2026-07-14,04,平和島,一般,１６３４３１１２,2026-06-30,2026-07-05,23,からつ,一般,１５３　２１１１２１[５],2026-06-20,2026-06-25,15,丸亀,一般,３４２３１　３１２４１１,2026-06-08,2026-06-13,13,尼崎,ＧⅠ,１　３４３　６　５２６,5406,小畑 楓夏,2026-07-19,2026-07-24,19,下関,ＧⅢ,６　５５６　５５６　５２,2026-06-24,2026-06-29,12,住之江,一般,５　３転５　６６６　６,2026-06-06,2026-06-11,15,丸亀,一般,６　６６６　６６６　６６,2026-05-18,2026-05-23,18,徳山,ＧⅢ,６　５６６　６６６　６６,2026-04-29,2026-05-04,19,下関,一般,５　５６４　６　４６５６,4138,中井 俊祐,2026-07-12,2026-07-16,05,多摩川,一般,６　４６６,2026-06-30,2026-07-04,19,下関,一般,３６５　３２５　５１,2026-06-19,2026-06-24,11,びわこ,一般,２２４　２６１　１１[２],2026-06-07,2026-06-12,09,津,一般,２　２６１　２６２４２４,2026-05-23,2026-05-27,12,住之江,一般,３　１４１４５１[６],3304,烏野 賢太,2026-07-17,2026-07-22,16,児島,ＧⅢ,３　５４４４１　１４１２,2026-07-07,2026-07-12,08,常滑,一般,６４３５４　３３３　３５,2026-06-25,2026-06-30,01,桐生,ＧⅢ,６５５　４　６２１　４２,2026-06-09,2026-06-14,11,びわこ,一般,５　４１５沈,2026-05-29,2026-06-02,14,鳴門,一般,２５６４３　１２４６
202607282407,2026-07-28,24,07R,4278,藤岡 俊介,2026-07-15,2026-07-20,18,徳山,一般,３　２６１５５１６２[５],2026-07-02,2026-07-06,21,芦屋,一般,２２１１１２４１[３],2026-06-21,2026-06-25,08,常滑,一般,２１２２１３３１[２],2026-06-09,2026-06-14,11,びわこ,一般,４２３１５２１　６３１１,2026-05-29,2026-06-02,23,からつ,一般,３３１　２１２１[５],5023,久永 祥平,2026-07-15,2026-07-20,18,徳山,一般,６５５　２３４６４　４１,2026-07-01,2026-07-06,22,福岡,一般,２　４５４３１１１５１５,2026-06-18,2026-06-21,04,平和島,一般,１３３４４　３３,2026-06-03,2026-06-08,21,芦屋,一般,３欠４　４２１　１　転３,2026-05-20,2026-05-25,05,多摩川,一般,１　１１４　３１３１[３],4521,小池 公生,2026-06-21,2026-06-26,16,児島,一般,１　１６３３２３４６６６,2026-06-11,2026-06-16,10,三国,一般,２　２３６２１４４４２１,2026-05-30,2026-06-03,12,住之江,一般,１　F６６　５　３,2026-05-15,2026-05-20,20,若松,一般,１　１１６　４１２３２３,2026-04-29,2026-05-04,19,下関,一般,４６３　１４５２３　２４,3809,吉田 光,2026-07-18,2026-07-21,04,平和島,一般,４　３４４６F４,2026-07-04,2026-07-09,18,徳山,一般,３５６　３５２４３　４４,2026-06-19,2026-06-24,11,びわこ,一般,５４４　３　３５３　６１,2026-06-03,2026-06-07,07,蒲郡,一般,２５３　６５４,2026-05-17,2026-05-23,15,丸亀,一般,５　４３３　６５２　３４３,5354,渡邊 雄斗,2026-07-19,2026-07-23,05,多摩川,一般,１　２　４３５１[２],2026-07-10,2026-07-15,06,浜名湖,一般,　　　　６６３　６６６,2026-07-03,2026-07-06,09,津,一般,６　１６３４４４,2026-06-21,2026-06-25,08,常滑,一般,４３１　６５４　６２,2026-05-29,2026-06-03,11,びわこ,一般,２　５２３４５３２　５３,5413,宮城 那菜,2026-07-19,2026-07-24,19,下関,ＧⅢ,４　４５６　６５４　５３,2026-06-25,2026-06-29,18,徳山,一般,６　５５４　５　６６,2026-06-06,2026-06-11,15,丸亀,一般,６　５４６　５４６　６３,2026-05-16,2026-05-21,17,宮島,一般,６３６　６６５　５　６５,2026-05-05,2026-05-09,18,徳山,一般,６　６　６６６６３
202607282408,2026-07-28,24,08R,3327,野長瀬 正孝,2026-07-16,2026-07-21,11,びわこ,一般,５３３４１　１２３５１３,2026-07-07,2026-07-12,20,若松,ＧⅢ,３　１１６３５　１３５３,2026-06-27,2026-07-01,02,戸田,一般,５　２２１２２４２１,2026-05-22,2026-05-26,23,からつ,一般,１２４　４３３３２５,2026-05-12,2026-05-15,18,徳山,一般,２３５１１４１３,4173,岡谷 健吾,2026-07-15,2026-07-21,12,住之江,一般,１４１　３４２　４４３１５１,2026-06-30,2026-07-04,19,下関,一般,３５１４６　５　４４,2026-06-21,2026-06-25,08,常滑,一般,５　２５４６２　５２,2026-06-05,2026-06-10,18,徳山,一般,６２６５４　５　２２４４,2026-05-19,2026-05-24,01,桐生,一般,２３６１２　１５２５４５,4761,山田 晃大,2026-07-12,2026-07-16,05,多摩川,一般,５５５　１２５　６４,2026-06-30,2026-07-05,16,児島,ＧⅡ,４　５　１４５　６５３,2026-06-21,2026-06-24,10,三国,一般,１２２６３２[５],2026-06-09,2026-06-14,23,からつ,一般,４５３　３３４　２　１３,2026-05-27,2026-06-01,08,常滑,一般,１　４１５　５３４５５,3933,山地 正樹,2026-07-18,2026-07-21,20,若松,一般,１　４１５３２１,2026-07-05,2026-07-09,05,多摩川,一般,６６２　３３４　２４,2026-06-24,2026-06-29,09,津,一般,３１６　１３２６１５３２,2026-06-14,2026-06-17,12,住之江,一般,２１３　２２[５],2026-05-29,2026-06-02,14,鳴門,一般,２２４　２１３１[４],5136,濱野 斗馬,2026-07-19,2026-07-24,22,福岡,ＧⅢ,１６４　３　６５５３２,2026-07-11,2026-07-14,04,平和島,一般,５４１２２３５１,2026-06-28,2026-07-03,20,若松,一般,２２４　６１２　１６４４,2026-06-14,2026-06-17,12,住之江,一般,１３４６２５１６,2026-06-02,2026-06-08,10,三国,一般,１２２　５１２４３４２,4603,谷川 将太,2026-07-18,2026-07-21,04,平和島,一般,５２１　３２２２,2026-07-04,2026-07-09,18,徳山,一般,２　３１６３３３５６２６,2026-06-25,2026-06-29,21,芦屋,一般,２５１１３　３５４４,2026-06-18,2026-06-21,20,若松,一般,１３４　２１[２],2026-06-01,2026-06-04,24,大村,一般,６３３　６　３
202607282409,2026-07-28,24,09R,4967,中村 魁生,2026-07-18,2026-07-23,09,津,ＧⅢ,３F６　３３４　３　３,2026-07-02,2026-07-07,04,平和島,一般,２　１２２２４６４３１１,2026-06-22,2026-06-27,23,からつ,一般,５４１１１１１　３１[１],2026-06-11,2026-06-16,16,児島,一般,３３３１４　１２１２[３],2026-05-31,2026-06-05,13,尼崎,一般,１５４　２２１３２３３１,5247,大森 翼,2026-07-18,2026-07-21,20,若松,一般,１４４　３６２６,2026-07-07,2026-07-12,08,常滑,一般,１妨５　３　５３２　４４,2026-06-25,2026-06-29,21,芦屋,一般,４３３　６６５６３,2026-06-17,2026-06-22,13,尼崎,一般,３　４３４　３３２３３１,2026-06-09,2026-06-14,23,からつ,一般,４３５　３　転３４　６５,4906,鈴木 雅希,2026-07-15,2026-07-21,12,住之江,一般,２　３４５　２４６５３１３３,2026-07-03,2026-07-08,13,尼崎,一般,６２３　３４１　４１３１,2026-06-16,2026-06-21,18,徳山,ＧⅢ,４　５２４　４６２　１２,2026-05-29,2026-06-02,23,からつ,一般,５６６　３６５４３,2026-05-12,2026-05-16,01,桐生,一般,６２３　４　５２１,3411,池上 隆行,2026-07-17,2026-07-20,02,戸田,一般,３　４４４５３,2026-07-01,2026-07-06,22,福岡,一般,３　４２４　F５４　６,2026-06-22,2026-06-27,23,からつ,一般,３６５　２６４　５２４,2026-06-07,2026-06-12,09,津,一般,３　３５４　５６４　２,2026-05-17,2026-05-23,15,丸亀,一般,４５６　５５３　４,4093,吉田 宗弘,2026-07-18,2026-07-21,04,平和島,一般,５３４　４３３５,2026-07-04,2026-07-09,01,桐生,一般,２５２　４５６　５　４４,2026-06-24,2026-06-29,03,江戸川,一般,２　２２３　３２F　６３,2026-06-11,2026-06-16,16,児島,一般,１　４４６３４　５６３,2026-05-25,2026-05-31,03,江戸川,一般,１５５　６３３　　　５１１２,3853,岩崎 正哉,2026-07-18,2026-07-22,10,三国,一般,１６５　４３３　４４,2026-07-07,2026-07-12,20,若松,ＧⅢ,２　１５３　３４４２[４],2026-06-26,2026-07-01,17,宮島,一般,４１４４１　４２４５４４,2026-06-16,2026-06-21,18,徳山,ＧⅢ,１３２　２４２１６１[３],2026-05-31,2026-06-05,13,尼崎,一般,５　１１４１１４２３４１
202607282410,2026-07-28,24,10R,3618,海野 ゆかり,2026-07-19,2026-07-24,19,下関,ＧⅢ,３２１５３　１５２３１２,2026-07-07,2026-07-12,11,びわこ,一般,４５１５４４３４４　２１,2026-06-24,2026-06-29,12,住之江,一般,４　２３１２２　１２[３],2026-06-12,2026-06-17,22,福岡,ＧⅢ,１５１　５４１１３５３２,2026-05-31,2026-06-05,20,若松,一般,３　１１４２５１４エ,4525,真子 奈津実,2026-07-19,2026-07-24,19,下関,ＧⅢ,３４２　６６３　４３６,2026-06-28,2026-07-03,20,若松,一般,５　２５４　３３４　３１,2026-06-12,2026-06-17,22,福岡,ＧⅢ,４５４　１６４　４６４,2026-05-30,2026-06-03,12,住之江,一般,４５６　５２５　５２,2026-05-19,2026-05-23,16,児島,一般,６４４　６５６　５,4447,深川 麻奈美,2026-07-17,2026-07-20,02,戸田,一般,３２１　６１１１,2026-07-05,2026-07-09,24,大村,一般,３　１２１２２２[４],2026-06-26,2026-07-01,17,宮島,一般,１５６　２３４１２６１１,2026-06-10,2026-06-13,14,鳴門,一般,３２４３４３２３,2026-06-01,2026-06-05,19,下関,一般,４１５６１　３５１,5367,赤松 咲香,2026-07-09,2026-07-13,16,児島,一般,６６５　６　４F６,2026-06-24,2026-06-29,12,住之江,一般,６６５　６６６　４　６,2026-06-09,2026-06-14,11,びわこ,一般,６６６　６　６６６６６,2026-05-21,2026-05-24,19,下関,一般,妨　６５６　５６,2026-04-29,2026-05-04,14,鳴門,ＧⅢ,１１４　４６転６５　６５,5205,刑部 亜里紗,2026-07-18,2026-07-23,09,津,ＧⅢ,３　４２４　２５４F６,2026-07-11,2026-07-14,04,平和島,一般,２３１１４　[４],2026-06-28,2026-07-03,20,若松,一般,１　２１２２３４３１[４],2026-06-17,2026-06-22,13,尼崎,一般,２　２４３２１６１３２１,2026-05-30,2026-06-04,05,多摩川,ＧⅢ,５　６４４２２２１　１１,5406,小畑 楓夏,2026-07-19,2026-07-24,19,下関,ＧⅢ,６　５５６　５５６　５２,2026-06-24,2026-06-29,12,住之江,一般,５　３転５　６６６　６,2026-06-06,2026-06-11,15,丸亀,一般,６　６６６　６６６　６６,2026-05-18,2026-05-23,18,徳山,ＧⅢ,６　５６６　６６６　６６,2026-04-29,2026-05-04,19,下関,一般,５　５６４　６　４６５６
202607282411,2026-07-28,24,11R,4748,渡邉 雄朗,2026-07-15,2026-07-19,17,宮島,一般,２６３４４６,2026-07-03,2026-07-08,13,尼崎,一般,１２F３２　３　２　３,2026-06-24,2026-06-29,03,江戸川,一般,６　３１６　６１２　１３,2026-06-13,2026-06-16,06,浜名湖,一般,３　３２１１[２],2026-06-04,2026-06-08,08,常滑,一般,４３５２３１３５２６,3304,烏野 賢太,2026-07-17,2026-07-22,16,児島,ＧⅢ,３　５４４４１　１４１２,2026-07-07,2026-07-12,08,常滑,一般,６４３５４　３３３　３５,2026-06-25,2026-06-30,01,桐生,ＧⅢ,６５５　４　６２１　４２,2026-06-09,2026-06-14,11,びわこ,一般,５　４１５沈,2026-05-29,2026-06-02,14,鳴門,一般,２５６４３　１２４６,5303,土井 歩夢,2026-07-19,2026-07-24,22,福岡,ＧⅢ,２　６２１　４６１５２５,2026-07-10,2026-07-13,19,下関,一般,４　２４３３３１,2026-06-29,2026-07-04,08,常滑,一般,２　２３１　３４１２[５],2026-06-14,2026-06-17,12,住之江,一般,３６５　３　３３,2026-05-23,2026-05-28,10,三国,一般,５　４３３　２２２３３１,5257,西丸 侑太朗,2026-07-19,2026-07-24,22,福岡,ＧⅢ,１６３　３１４　３２２３,2026-07-02,2026-07-06,21,芦屋,一般,４１１　３１３４エ３,2026-06-20,2026-06-25,15,丸亀,一般,４２２６６４１　１３１２,2026-06-11,2026-06-16,03,江戸川,一般,４６２　２１４　４５４４,2026-06-02,2026-06-08,10,三国,一般,４４３３１４１１３３４２,4635,峰重 力也,2026-07-19,2026-07-23,05,多摩川,一般,２６３　３３１６２２,2026-07-09,2026-07-13,16,児島,一般,５３４　１５５４２１,2026-06-24,2026-06-29,09,津,一般,３　５３１　１５１４１５,2026-06-17,2026-06-20,07,蒲郡,一般,５４６　５　１,2026-05-12,2026-05-16,04,平和島,一般,６　４６,4142,平野 和明,2026-07-02,2026-07-07,04,平和島,一般,３３３　６３４　１４３,2026-06-21,2026-06-26,16,児島,一般,５　３３１１２３６４２４,2026-06-09,2026-06-13,07,蒲郡,一般,２２２　３６４５１４,2026-05-29,2026-06-04,09,津,ＧⅢ,４　２４３　４４２３５１,2026-05-15,2026-05-20,20,若松,一般,３３２　１４６　１２４
202607282412,2026-07-28,24,12R,4174,赤坂 俊輔,2026-07-18,2026-07-21,04,平和島,一般,１３１２１３[１],2026-07-07,2026-07-12,20,若松,ＧⅢ,５　４３１２３　２５１４,2026-06-27,2026-07-01,02,戸田,一般,４５４２５１３　３１,2026-06-16,2026-06-21,09,津,一般,２４２３３　１２４２[４],2026-06-06,2026-06-10,24,大村,一般,５３４　３１１１[３],4812,西野 雄貴,2026-07-04,2026-07-09,01,桐生,一般,６２４　１４１,2026-06-21,2026-06-24,10,三国,一般,１３１３２１[２],2026-06-11,2026-06-15,20,若松,一般,１４５　１２１２[３],2026-05-30,2026-06-03,12,住之江,一般,２３１　１２１２[４],2026-04-24,2026-04-28,07,蒲郡,一般,３１４　２２４３１３,4278,藤岡 俊介,2026-07-15,2026-07-20,18,徳山,一般,３　２６１５５１６２[５],2026-07-02,2026-07-06,21,芦屋,一般,２２１１１２４１[３],2026-06-21,2026-06-25,08,常滑,一般,２１２２１３３１[２],2026-06-09,2026-06-14,11,びわこ,一般,４２３１５２１　６３１１,2026-05-29,2026-06-02,23,からつ,一般,３３１　２１２１[５],5018,竹下 大樹,2026-07-19,2026-07-24,22,福岡,ＧⅢ,２３転　５３３　１３２３,2026-07-07,2026-07-12,08,常滑,一般,４　１５１５２２２２[３],2026-06-29,2026-07-03,11,びわこ,一般,３２１６４１３３３２,2026-06-20,2026-06-25,15,丸亀,一般,１　２４２４１４１３２２,2026-06-11,2026-06-16,03,江戸川,一般,４　１４２　３１２１[２],4137,君島 秀三,2026-07-12,2026-07-16,05,多摩川,一般,４５２１３３４３４１,2026-06-30,2026-07-05,06,浜名湖,一般,３２２　２１１　１３２１,2026-06-17,2026-06-22,17,宮島,ＧⅢ,２５６５３５,2026-06-05,2026-06-10,01,桐生,一般,１１２　４２３５４３４１,2026-05-21,2026-05-24,19,下関,一般,２１１２３１[３],5028,原田 才一郎,2026-07-19,2026-07-24,22,福岡,ＧⅢ,３１２　４４２　２６３１,2026-07-11,2026-07-14,04,平和島,一般,１６３４３１１２,2026-06-30,2026-07-05,23,からつ,一般,１５３　２１１１２１[５],2026-06-20,2026-06-25,15,丸亀,一般,３４２３１　３１２４１１,2026-06-08,2026-06-13,13,尼崎,ＧⅠ,１　３４３　６　５２６
