レースコード,レース日,レース場コード,レース回,艇1_登録番号,艇1_選手名,艇1_前1節_開始日,艇1_前1節_終了日,艇1_前1節_場コード,艇1_前1節_場名,艇1_前1節_グレード,艇1_前1節_着順列,艇1_前2節_開始日,艇1_前2節_終了日,艇1_前2節_場コード,艇1_前2節_場名,艇1_前2節_グレード,艇1_前2節_着順列,艇1_前3節_開始日,艇1_前3節_終了日,艇1_前3節_場コード,艇1_前3節_場名,艇1_前3節_グレード,艇1_前3節_着順列,艇1_前4節_開始日,艇1_前4節_終了日,艇1_前4節_場コード,艇1_前4節_場名,艇1_前4節_グレード,艇1_前4節_着順列,艇1_前5節_開始日,艇1_前5節_終了日,艇1_前5節_場コード,艇1_前5節_場名,艇1_前5節_グレード,艇1_前5節_着順列,艇2_登録番号,艇2_選手名,艇2_前1節_開始日,艇2_前1節_終了日,艇2_前1節_場コード,艇2_前1節_場名,艇2_前1節_グレード,艇2_前1節_着順列,艇2_前2節_開始日,艇2_前2節_終了日,艇2_前2節_場コード,艇2_前2節_場名,艇2_前2節_グレード,艇2_前2節_着順列,艇2_前3節_開始日,艇2_前3節_終了日,艇2_前3節_場コード,艇2_前3節_場名,艇2_前3節_グレード,艇2_前3節_着順列,艇2_前4節_開始日,艇2_前4節_終了日,艇2_前4節_場コード,艇2_前4節_場名,艇2_前4節_グレード,艇2_前4節_着順列,艇2_前5節_開始日,艇2_前5節_終了日,艇2_前5節_場コード,艇2_前5節_場名,艇2_前5節_グレード,艇2_前5節_着順列,艇3_登録番号,艇3_選手名,艇3_前1節_開始日,艇3_前1節_終了日,艇3_前1節_場コード,艇3_前1節_場名,艇3_前1節_グレード,艇3_前1節_着順列,艇3_前2節_開始日,艇3_前2節_終了日,艇3_前2節_場コード,艇3_前2節_場名,艇3_前2節_グレード,艇3_前2節_着順列,艇3_前3節_開始日,艇3_前3節_終了日,艇3_前3節_場コード,艇3_前3節_場名,艇3_前3節_グレード,艇3_前3節_着順列,艇3_前4節_開始日,艇3_前4節_終了日,艇3_前4節_場コード,艇3_前4節_場名,艇3_前4節_グレード,艇3_前4節_着順列,艇3_前5節_開始日,艇3_前5節_終了日,艇3_前5節_場コード,艇3_前5節_場名,艇3_前5節_グレード,艇3_前5節_着順列,艇4_登録番号,艇4_選手名,艇4_前1節_開始日,艇4_前1節_終了日,艇4_前1節_場コード,艇4_前1節_場名,艇4_前1節_グレード,艇4_前1節_着順列,艇4_前2節_開始日,艇4_前2節_終了日,艇4_前2節_場コード,艇4_前2節_場名,艇4_前2節_グレード,艇4_前2節_着順列,艇4_前3節_開始日,艇4_前3節_終了日,艇4_前3節_場コード,艇4_前3節_場名,艇4_前3節_グレード,艇4_前3節_着順列,艇4_前4節_開始日,艇4_前4節_終了日,艇4_前4節_場コード,艇4_前4節_場名,艇4_前4節_グレード,艇4_前4節_着順列,艇4_前5節_開始日,艇4_前5節_終了日,艇4_前5節_場コード,艇4_前5節_場名,艇4_前5節_グレード,艇4_前5節_着順列,艇5_登録番号,艇5_選手名,艇5_前1節_開始日,艇5_前1節_終了日,艇5_前1節_場コード,艇5_前1節_場名,艇5_前1節_グレード,艇5_前1節_着順列,艇5_前2節_開始日,艇5_前2節_終了日,艇5_前2節_場コード,艇5_前2節_場名,艇5_前2節_グレード,艇5_前2節_着順列,艇5_前3節_開始日,艇5_前3節_終了日,艇5_前3節_場コード,艇5_前3節_場名,艇5_前3節_グレード,艇5_前3節_着順列,艇5_前4節_開始日,艇5_前4節_終了日,艇5_前4節_場コード,艇5_前4節_場名,艇5_前4節_グレード,艇5_前4節_着順列,艇5_前5節_開始日,艇5_前5節_終了日,艇5_前5節_場コード,艇5_前5節_場名,艇5_前5節_グレード,艇5_前5節_着順列,艇6_登録番号,艇6_選手名,艇6_前1節_開始日,艇6_前1節_終了日,艇6_前1節_場コード,艇6_前1節_場名,艇6_前1節_グレード,艇6_前1節_着順列,艇6_前2節_開始日,艇6_前2節_終了日,艇6_前2節_場コード,艇6_前2節_場名,艇6_前2節_グレード,艇6_前2節_着順列,艇6_前3節_開始日,艇6_前3節_終了日,艇6_前3節_場コード,艇6_前3節_場名,艇6_前3節_グレード,艇6_前3節_着順列,艇6_前4節_開始日,艇6_前4節_終了日,艇6_前4節_場コード,艇6_前4節_場名,艇6_前4節_グレード,艇6_前4節_着順列,艇6_前5節_開始日,艇6_前5節_終了日,艇6_前5節_場コード,艇6_前5節_場名,艇6_前5節_グレード,艇6_前5節_着順列
202608120101,2026-08-12,01,01R,3973,崎 利仁,2026-06-14,2026-06-18,01,桐生,一般,１２６　４３２３５４,2026-05-01,2026-05-06,01,桐生,一般,４　５２２　５　３１３２,2026-04-12,2026-04-17,01,桐生,ＧⅠ,　　　　　　　　６６６,2026-04-01,2026-04-06,01,桐生,一般,１落２　５　５５４　４６,2026-03-06,2026-03-12,01,桐生,一般,　　　　　　　　　　　　２６,3532,柴田 光,2026-06-25,2026-06-30,01,桐生,ＧⅢ,２４６　１５２　１５２３,2026-05-01,2026-05-06,01,桐生,一般,４１３　４６　　１３２５,2026-04-12,2026-04-17,01,桐生,ＧⅠ,５　４４３　４５６２１,2026-01-02,2026-01-07,01,桐生,一般,４　転欠,2025-11-29,2025-12-04,01,桐生,一般,３１２　４６１　５３F３,3482,金子 猛志,2026-05-01,2026-05-06,01,桐生,一般,１　２２２６４　４　１２,2026-01-02,2026-01-07,01,桐生,一般,１　４４２　５３５２４５,2025-08-02,2025-08-07,01,桐生,一般,３　１４６１３　２４３,2024-12-31,2025-01-05,01,桐生,一般,１５５　２４４　３４６,2024-08-11,2024-08-16,01,桐生,一般,６３４　３　２１５　４１,5153,佐藤 ほのか,2026-01-02,2026-01-07,01,桐生,一般,３　５５６５５　５４３,2025-08-11,2025-08-16,01,桐生,一般,５　５２４　１６３　６６,2024-07-14,2024-07-19,01,桐生,ＧⅢ,５６３５５　６,2024-05-23,2024-05-28,01,桐生,一般,６　５４４　６６５　５６,2023-09-05,2023-09-09,01,桐生,一般,６２５　６６５　５６,3659,藤生 雄人,2026-07-23,2026-07-27,01,桐生,一般,４　２１５３２５１３,2026-04-21,2026-04-25,01,桐生,一般,３４３　２　６３２,2026-03-06,2026-03-12,01,桐生,一般,２　１　１　５３６３１６１６,2026-01-12,2026-01-17,01,桐生,一般,６５１　２５５　２,2025-11-11,2025-11-16,01,桐生,一般,４　２４１　２４４５２４,4486,野村 誠,2026-06-05,2026-06-10,01,桐生,一般,１　１１４２４４３１[６],2026-05-01,2026-05-06,01,桐生,一般,２４６　１５２　６　１４,2026-04-12,2026-04-17,01,桐生,ＧⅠ,　　　　　　　　４６６,2026-04-01,2026-04-06,01,桐生,一般,３２２　２２２４１５６５,2025-10-30,2025-11-04,01,桐生,一般,３　５６１２１　１４転５
202608120102,2026-08-12,01,02R,3947,寺本 昇平,2026-06-25,2026-06-30,01,桐生,ＧⅢ,６　６３３　６６１　５,2026-05-01,2026-05-06,01,桐生,一般,４４１　２５３　２６４,2026-01-02,2026-01-07,01,桐生,一般,５２１　３４５　４６５５,2025-08-11,2025-08-16,01,桐生,一般,１１３　６３４　４　１３,2025-06-17,2025-06-22,01,桐生,一般,５４６　３　６３３　１２,4766,石井 孝之,2026-01-02,2026-01-07,01,桐生,一般,５　５６２５４　２３２４,2025-07-15,2025-07-20,01,桐生,一般,４４１４６　２５６　３２,2025-05-25,2025-05-30,01,桐生,一般,４５４　６５５６１　２,2025-05-01,2025-05-06,01,桐生,一般,１５３　２６３　４F４,2024-12-31,2025-01-05,01,桐生,一般,５　５３６　４２５４２,4987,島倉 都,2026-07-31,2026-08-05,01,桐生,ＧⅢ,４６５　１４６　１　２４,2026-05-01,2026-05-06,01,桐生,一般,５　４４５　　　６２６５,2026-01-02,2026-01-07,01,桐生,一般,３　４２２６１５６　１６,2025-09-21,2025-09-26,01,桐生,ＧⅢ,５５２　５５２　６　３１,2025-08-11,2025-08-16,01,桐生,一般,３　１４６　５５６３２,4281,大澤 大夢,2026-04-01,2026-04-06,01,桐生,一般,３　３５６　１４４３２,2025-12-27,2025-12-31,01,桐生,一般,３　３５５３４　３１,2024-07-25,2024-07-30,01,桐生,一般,５　３２３　５６５３５,2023-06-05,2023-06-10,01,桐生,一般,４１１　１５６　４３６１,2023-02-23,2023-02-28,01,桐生,一般,３１３　４３３４６５,5065,伊久間 陽優,2026-01-02,2026-01-07,01,桐生,一般,４２２　１６３　６　５４,2025-05-01,2025-05-06,01,桐生,一般,５５３　５　６４３３２２,2024-12-31,2025-01-05,01,桐生,一般,５５３　５　３２３３５,2024-09-07,2024-09-12,01,桐生,一般,４　２２６５５　３４４４,2024-05-01,2024-05-06,01,桐生,一般,３F４　５　２　２　３,4787,椎名 豊,2026-05-01,2026-05-06,01,桐生,一般,３　１３４１　　１　[２],2026-01-21,2026-01-25,01,桐生,一般,４落３１２１６　４６,2026-01-02,2026-01-07,01,桐生,一般,１１４　１２６３５　１３,2025-11-21,2025-11-25,01,桐生,一般,１１１１１２４１[１],2025-08-11,2025-08-16,01,桐生,一般,１２６　１１１　３　１５
202608120103,2026-08-12,01,03R,3860,松本 浩貴,2026-01-12,2026-01-17,01,桐生,一般,２　４１６４４　６欠,2025-07-15,2025-07-20,01,桐生,一般,１３５　２６２　３エ,2024-07-05,2024-07-10,01,桐生,一般,３　２４１６４４２５５５,2023-12-09,2023-12-13,01,桐生,一般,４２２　４２５６５６,2023-03-04,2023-03-07,01,桐生,一般,３　１５４４２２,4940,白石 有美,2022-06-23,2022-06-28,01,桐生,一般,６　６６６,2018-06-18,2018-06-23,01,桐生,一般,６　６６６　転５６　５６,2016-09-12,2016-09-16,01,桐生,一般,６　６　６６６５６６,,,,,,,,,,,,,3827,今泉 徹,2026-07-04,2026-07-09,01,桐生,一般,４２３　６６２　３４１２,2026-05-19,2026-05-24,01,桐生,一般,２３５　４６３　４　３５,2026-05-01,2026-05-06,01,桐生,一般,５　５４３　６　２４３,2026-01-02,2026-01-07,01,桐生,一般,５　１４４３１６３４２,2025-11-11,2025-11-16,01,桐生,一般,４　５３５５５　３　２５,5364,金子 怜央,2026-03-16,2026-03-21,01,桐生,一般,４　４４６　３５６　６４,2026-03-06,2026-03-12,01,桐生,一般,　　　　　　　　　　　　４６,2026-02-24,2026-03-01,01,桐生,一般,６　５３５　３４６　４１,2025-12-27,2025-12-31,01,桐生,一般,４　２転４　６６６５,2025-08-11,2025-08-16,01,桐生,一般,６　６　４５６　６６４６,3740,大澤 普司,2026-05-01,2026-05-06,01,桐生,一般,１　３４１４　　３　５２,2026-04-12,2026-04-17,01,桐生,ＧⅠ,６　２　６５２　４３２４,2026-01-02,2026-01-07,01,桐生,一般,４５２　１６１５６　１６,2025-08-11,2025-08-16,01,桐生,一般,４　１５F１５　１　２,2025-07-15,2025-07-20,01,桐生,一般,１１１３２　１３２１[１],4188,久田 敏之,2026-06-25,2026-06-30,01,桐生,ＧⅢ,５２３２１　１１４３１１,2026-05-01,2026-05-06,01,桐生,一般,５　１１１２１　５　１５,2026-04-12,2026-04-17,01,桐生,ＧⅠ,５２４　４３３　３１５,2026-01-02,2026-01-07,01,桐生,一般,３２３　２１２３１　[３],2025-08-11,2025-08-16,01,桐生,一般,１３１　１１２　１　[４]
202608120104,2026-08-12,01,04R,3441,土屋 太朗,2026-06-14,2026-06-18,01,桐生,一般,６２６　５　４６,2026-05-01,2026-05-06,01,桐生,一般,５５３　４　５　６２４,2025-12-13,2025-12-17,01,桐生,一般,２２１　６３６５２３,2025-08-11,2025-08-16,01,桐生,一般,４　２４５　４４３４２,2025-05-01,2025-05-06,01,桐生,一般,１４５　４４４　１３３３,4362,土屋 智則,2026-05-01,2026-05-06,01,桐生,一般,２４１　４１　　４　１３,2026-04-12,2026-04-17,01,桐生,ＧⅠ,１２４　４１３　２　[２],2025-08-11,2025-08-16,01,桐生,一般,３６１　１２１　３　３２,2025-06-07,2025-06-12,01,桐生,ＧⅠ,３３１　６５２　１１２,2025-05-01,2025-05-06,01,桐生,一般,４４１１１　３１２　[２],5301,岩下 巧斗,2026-07-23,2026-07-27,01,桐生,一般,４４４　２　３６１５,2026-03-16,2026-03-21,01,桐生,一般,３　５４３４４４４　２,2025-12-27,2025-12-31,01,桐生,一般,３　４５５３１　１６,2025-08-24,2025-08-29,01,桐生,一般,６　１３４６５　２２２,2025-05-01,2025-05-06,01,桐生,一般,４　４　３４６４５６１,3850,小川 知行,2025-12-27,2025-12-31,01,桐生,一般,５２５　１２５６３５,2025-05-01,2025-05-06,01,桐生,一般,４６５　４　２６２４４４,2025-03-03,2025-03-08,01,桐生,一般,４　３２５　４　６エ２,2024-12-14,2024-12-18,01,桐生,一般,５　５５６　２　２２,2024-08-03,2024-08-07,01,桐生,一般,１６２　３４５６１６,5090,生方 靖亜,2026-07-04,2026-07-09,01,桐生,一般,５　３３６　F２３　５,2026-05-12,2026-05-16,01,桐生,一般,１６１　１５５３６４,2025-12-27,2025-12-31,01,桐生,一般,１妨４　６５２　２,2025-05-01,2025-05-06,01,桐生,一般,２６５　６　２６６３５,2024-12-31,2025-01-05,01,桐生,一般,３４２　３２４　５　５５,4539,金子 賢志,2026-05-01,2026-05-06,01,桐生,一般,３　１５２　１　２　[４],2026-04-12,2026-04-17,01,桐生,ＧⅠ,６　１　６４５　１４６２,2026-03-06,2026-03-12,01,桐生,一般,３４１　　　５１１２４３２１,2026-01-29,2026-02-01,01,桐生,一般,２６２１１５１２,2026-01-02,2026-01-07,01,桐生,一般,３　１４３４２２２　[４]
202608120105,2026-08-12,01,05R,3805,高橋 英之,2026-04-01,2026-04-06,01,桐生,一般,１１２２２　２２５４１３,2025-07-04,2025-07-09,01,桐生,一般,４１６　１４６　５４３,2025-01-17,2025-01-22,01,桐生,ＧⅢ,３　３５３２５　４　６,2023-07-14,2023-07-17,01,桐生,一般,２３２６２　１,2023-02-15,2023-02-19,01,桐生,一般,１２４５２　２５１１,4851,関 浩哉,2026-05-01,2026-05-06,01,桐生,一般,２１１１１　１　１　[１],2026-04-12,2026-04-17,01,桐生,ＧⅠ,２　４６４４３　３１１,2026-01-02,2026-01-07,01,桐生,一般,１１３２１　１１１　[５],2025-08-11,2025-08-16,01,桐生,一般,２１２３４　２４２　[３],2025-06-07,2025-06-12,01,桐生,ＧⅠ,３３２　３　１３３　２６,5153,佐藤 ほのか,2026-01-02,2026-01-07,01,桐生,一般,３　５５６５５　５４３,2025-08-11,2025-08-16,01,桐生,一般,５　５２４　１６３　６６,2024-07-14,2024-07-19,01,桐生,ＧⅢ,５６３５５　６,2024-05-23,2024-05-28,01,桐生,一般,６　５４４　６６５　５６,2023-09-05,2023-09-09,01,桐生,一般,６２５　６６５　５６,5150,坂本 雄紀,2026-07-14,2026-07-19,01,桐生,一般,５２１　１２２　２１[２],2026-05-01,2026-05-06,01,桐生,一般,２６３２３　５　１１１,2026-03-16,2026-03-21,01,桐生,一般,１　２４１４２４２３１４,2026-01-02,2026-01-07,01,桐生,一般,３　３５５　２２３３２１,2025-10-21,2025-10-26,01,桐生,ＧⅢ,２１６２４　６３６　６２,3406,中里 英夫,2026-05-01,2026-05-06,01,桐生,一般,２２４　５２２　５　４６,2026-01-02,2026-01-07,01,桐生,一般,５　２F６　３　２１５,2025-11-21,2025-11-25,01,桐生,一般,６４５１６　３１６,2025-08-11,2025-08-16,01,桐生,一般,４　１３２　３５６　１４,2025-07-04,2025-07-09,01,桐生,一般,２２３　２３２　２５５３,5455,澁澤 周羽,2026-05-01,2026-05-06,01,桐生,一般,６　５　６５　　６６６６,,,,,,,,,,,,,,,,,,,,,,,,
202608120106,2026-08-12,01,06R,5216,長谷川 晴哉,2026-05-01,2026-05-06,01,桐生,一般,１６６３４　３　１２６,2026-03-16,2026-03-21,01,桐生,一般,１２１１４　１３３１[１],2026-03-06,2026-03-12,01,桐生,一般,１３６　　　１３１６２５２３,2026-01-12,2026-01-17,01,桐生,一般,１３１１１　５５５２[４],2026-01-02,2026-01-07,01,桐生,一般,１　５６２　２１４　１４,3482,金子 猛志,2026-05-01,2026-05-06,01,桐生,一般,１　２２２６４　４　１２,2026-01-02,2026-01-07,01,桐生,一般,１　４４２　５３５２４５,2025-08-02,2025-08-07,01,桐生,一般,３　１４６１３　２４３,2024-12-31,2025-01-05,01,桐生,一般,１５５　２４４　３４６,2024-08-11,2024-08-16,01,桐生,一般,６３４　３　２１５　４１,3655,本橋 克洋,2026-06-14,2026-06-18,01,桐生,一般,３　１３６４４　５５,2026-05-01,2026-05-06,01,桐生,一般,４　５１６　３　３４４４,2026-01-02,2026-01-07,01,桐生,一般,４　４１３　３２４　１２,2025-10-07,2025-10-13,01,桐生,一般,１　４２３６６　５１４　３１,2025-08-11,2025-08-16,01,桐生,一般,２３１　３６２　４　４６,3947,寺本 昇平,2026-06-25,2026-06-30,01,桐生,ＧⅢ,６　６３３　６６１　５,2026-05-01,2026-05-06,01,桐生,一般,４４１　２５３　２６４,2026-01-02,2026-01-07,01,桐生,一般,５２１　３４５　４６５５,2025-08-11,2025-08-16,01,桐生,一般,１１３　６３４　４　１３,2025-06-17,2025-06-22,01,桐生,一般,５４６　３　６３３　１２,5320,岩崎 麗子,2026-05-01,2026-05-06,01,桐生,一般,６　６　２６６　６６５,2026-01-02,2026-01-07,01,桐生,一般,４　３６４　６５５４５,2025-09-21,2025-09-26,01,桐生,ＧⅢ,５　６３６　４５２　４１,2025-08-11,2025-08-16,01,桐生,一般,５　４６６　６　４６６５,2025-04-01,2025-04-06,01,桐生,一般,４　６６５　４５１　６４,4113,木村 浩士,2026-05-19,2026-05-24,01,桐生,一般,５３３　６６５　６　２５,2026-02-24,2026-03-01,01,桐生,一般,５４３　１４４　２３１,2026-01-02,2026-01-07,01,桐生,一般,４４３　１４２　１２３３,2025-08-02,2025-08-07,01,桐生,一般,１　３５４６３　２３１,2025-05-10,2025-05-13,01,桐生,一般,１　５４３６４
202608120107,2026-08-12,01,07R,4420,津久井 拓也,2026-05-01,2026-05-06,01,桐生,一般,１３２　１　３　２　[６],2026-01-02,2026-01-07,01,桐生,一般,６３２　４２３　３５５２,2025-11-21,2025-11-25,01,桐生,一般,３５３２２５１５１３,2025-08-11,2025-08-16,01,桐生,一般,３　１２３６３　４　１５,2025-06-17,2025-06-22,01,桐生,一般,３　６３５　５２２１２２,3860,松本 浩貴,2026-01-12,2026-01-17,01,桐生,一般,２　４１６４４　６欠,2025-07-15,2025-07-20,01,桐生,一般,１３５　２６２　３エ,2024-07-05,2024-07-10,01,桐生,一般,３　２４１６４４２５５５,2023-12-09,2023-12-13,01,桐生,一般,４２２　４２５６５６,2023-03-04,2023-03-07,01,桐生,一般,３　１５４４２２,5141,大澤 風葵,2026-05-28,2026-06-02,01,桐生,一般,６１６　２５３　２１,2026-02-14,2026-02-18,01,桐生,一般,３１１１１３１１[４],2026-01-02,2026-01-07,01,桐生,一般,２４６２１　１２２　[２],2025-11-11,2025-11-16,01,桐生,一般,１６５３２２１　６２[３],2025-08-11,2025-08-16,01,桐生,一般,２５４３２　２２５　１４,4987,島倉 都,2026-07-31,2026-08-05,01,桐生,ＧⅢ,４６５　１４６　１　２４,2026-05-01,2026-05-06,01,桐生,一般,５　４４５　　　６２６５,2026-01-02,2026-01-07,01,桐生,一般,３　４２２６１５６　１６,2025-09-21,2025-09-26,01,桐生,ＧⅢ,５５２　５５２　６　３１,2025-08-11,2025-08-16,01,桐生,一般,３　１４６　５５６３２,3973,崎 利仁,2026-06-14,2026-06-18,01,桐生,一般,１２６　４３２３５４,2026-05-01,2026-05-06,01,桐生,一般,４　５２２　５　３１３２,2026-04-12,2026-04-17,01,桐生,ＧⅠ,　　　　　　　　６６６,2026-04-01,2026-04-06,01,桐生,一般,１落２　５　５５４　４６,2026-03-06,2026-03-12,01,桐生,一般,　　　　　　　　　　　　２６,5390,高橋 涼夏,2026-07-31,2026-08-05,01,桐生,ＧⅢ,４　４５５　２６３　４６,2026-05-01,2026-05-06,01,桐生,一般,６　３　６６　　４５６６,2026-01-02,2026-01-07,01,桐生,一般,６　６　６６６６６６４,2025-08-11,2025-08-16,01,桐生,一般,５　６　４６５　５５４４,2025-07-04,2025-07-09,01,桐生,一般,６　６６６　６４６　５６
202608120108,2026-08-12,01,08R,4240,今井 裕梨,2026-07-31,2026-08-05,01,桐生,ＧⅢ,２６５　１１１３１５３３,2025-09-21,2025-09-26,01,桐生,ＧⅢ,４３４１２　２３２３２１,2025-06-17,2025-06-22,01,桐生,一般,４６４２１　１６５６１４,2024-12-14,2024-12-18,01,桐生,一般,３１４４６６４　１,2024-07-14,2024-07-19,01,桐生,ＧⅢ,２　１４４５３　６３１１,4491,田中 堅,2026-05-01,2026-05-06,01,桐生,一般,３６６　２　４　３２２２,2026-02-14,2026-02-18,01,桐生,一般,５４４　４　３４４６,2025-07-24,2025-07-29,01,桐生,一般,５５５　３　４４４４１５,2025-05-01,2025-05-06,01,桐生,一般,１　２４６３３　１４６４,2025-03-21,2025-03-27,01,桐生,一般,　　　　　　　　６６４　６４,5103,芝田 京介,2025-12-27,2025-12-31,01,桐生,一般,４　３６６３１　５２,2024-12-02,2024-12-07,01,桐生,一般,４　２４６５１　５２６,2024-05-01,2024-05-06,01,桐生,一般,４　６　４４１　４１５４,2023-04-04,2023-04-09,01,桐生,一般,４１５　５６４　沈,2022-10-09,2022-10-13,01,桐生,一般,　　　　　　６５６,3827,今泉 徹,2026-07-04,2026-07-09,01,桐生,一般,４２３　６６２　３４１２,2026-05-19,2026-05-24,01,桐生,一般,２３５　４６３　４　３５,2026-05-01,2026-05-06,01,桐生,一般,５　５４３　６　２４３,2026-01-02,2026-01-07,01,桐生,一般,５　１４４３１６３４２,2025-11-11,2025-11-16,01,桐生,一般,４　５３５５５　３　２５,5234,塚越 海斗,2026-06-05,2026-06-10,01,桐生,一般,４１２　１１１３３１[１],2026-05-12,2026-05-16,01,桐生,一般,２１１１２３６１[２],2026-05-01,2026-05-06,01,桐生,一般,１１２６２　３　２　[５],2026-03-16,2026-03-21,01,桐生,一般,１３１３３　１３１３５３,2026-02-05,2026-02-10,01,桐生,一般,３２６　１１１２４１３１,4568,廣瀬 真也,2026-06-14,2026-06-18,01,桐生,一般,６　１３４１６４３５,2025-11-29,2025-12-04,01,桐生,一般,３５２１６　５転３　４１,2025-07-24,2025-07-29,01,桐生,一般,２　２１２　３４F３３,2025-02-22,2025-02-27,01,桐生,一般,６　５２４　２３２４１３,2024-05-11,2024-05-16,01,桐生,一般,５３１　３５５５３　１１
202608120109,2026-08-12,01,09R,4888,金児 隆太,2026-07-14,2026-07-19,01,桐生,一般,４　２５１４１　５２[５],2026-05-01,2026-05-06,01,桐生,一般,３５１　１２　　１　[３],2026-01-02,2026-01-07,01,桐生,一般,２６３　１３４　２３２２,2025-10-30,2025-11-04,01,桐生,一般,４４５２４　３６３　３３,2025-08-24,2025-08-29,01,桐生,一般,２４１２４　３３５６１６,4787,椎名 豊,2026-05-01,2026-05-06,01,桐生,一般,３　１３４１　　１　[２],2026-01-21,2026-01-25,01,桐生,一般,４落３１２１６　４６,2026-01-02,2026-01-07,01,桐生,一般,１１４　１２６３５　１３,2025-11-21,2025-11-25,01,桐生,一般,１１１１１２４１[１],2025-08-11,2025-08-16,01,桐生,一般,１２６　１１１　３　１５,3659,藤生 雄人,2026-07-23,2026-07-27,01,桐生,一般,４　２１５３２５１３,2026-04-21,2026-04-25,01,桐生,一般,３４３　２　６３２,2026-03-06,2026-03-12,01,桐生,一般,２　１　１　５３６３１６１６,2026-01-12,2026-01-17,01,桐生,一般,６５１　２５５　２,2025-11-11,2025-11-16,01,桐生,一般,４　２４１　２４４５２４,4645,上村 純一,2026-07-04,2026-07-09,01,桐生,一般,１２２　３４１３４６１４,2026-05-01,2026-05-06,01,桐生,一般,１４３４３　　　６　１６,2026-04-12,2026-04-17,01,桐生,ＧⅠ,３　５５２　６４４　３６,2025-08-11,2025-08-16,01,桐生,一般,４２５　４３５４１１２,2025-06-07,2025-06-12,01,桐生,ＧⅠ,６　２　２６５　２１３１,5301,岩下 巧斗,2026-07-23,2026-07-27,01,桐生,一般,４４４　２　３６１５,2026-03-16,2026-03-21,01,桐生,一般,３　５４３４４４４　２,2025-12-27,2025-12-31,01,桐生,一般,３　４５５３１　１６,2025-08-24,2025-08-29,01,桐生,一般,６　１３４６５　２２２,2025-05-01,2025-05-06,01,桐生,一般,４　４　３４６４５６１,4880,澤崎 雄哉,2025-10-21,2025-10-26,01,桐生,ＧⅢ,４６６　４　２５４　６６,2025-01-31,2025-02-05,01,桐生,一般,６６５　５４６,2024-02-07,2024-02-12,01,桐生,一般,３　５転３　４６４　３２,2023-09-28,2023-10-02,01,桐生,一般,５６３２４　６２F,2023-02-23,2023-02-28,01,桐生,一般,４　４２２５２　３５
202608120110,2026-08-12,01,10R,3475,橋本 久和,2026-05-01,2026-05-06,01,桐生,一般,１２２　２４　　５　３１,2026-04-01,2026-04-06,01,桐生,一般,２　４２１　転４１４４１,2026-01-21,2026-01-25,01,桐生,一般,５　２４１　２６２５,2025-11-11,2025-11-16,01,桐生,一般,欠欠,2025-08-11,2025-08-16,01,桐生,一般,２　４５１　６６１３２５,4486,野村 誠,2026-06-05,2026-06-10,01,桐生,一般,１　１１４２４４３１[６],2026-05-01,2026-05-06,01,桐生,一般,２４６　１５２　６　１４,2026-04-12,2026-04-17,01,桐生,ＧⅠ,　　　　　　　　４６６,2026-04-01,2026-04-06,01,桐生,一般,３２２　２２２４１５６５,2025-10-30,2025-11-04,01,桐生,一般,３　５６１２１　１４転５,5216,長谷川 晴哉,2026-05-01,2026-05-06,01,桐生,一般,１６６３４　３　１２６,2026-03-16,2026-03-21,01,桐生,一般,１２１１４　１３３１[１],2026-03-06,2026-03-12,01,桐生,一般,１３６　　　１３１６２５２３,2026-01-12,2026-01-17,01,桐生,一般,１３１１１　５５５２[４],2026-01-02,2026-01-07,01,桐生,一般,１　５６２　２１４　１４,3441,土屋 太朗,2026-06-14,2026-06-18,01,桐生,一般,６２６　５　４６,2026-05-01,2026-05-06,01,桐生,一般,５５３　４　５　６２４,2025-12-13,2025-12-17,01,桐生,一般,２２１　６３６５２３,2025-08-11,2025-08-16,01,桐生,一般,４　２４５　４４３４２,2025-05-01,2025-05-06,01,桐生,一般,１４５　４４４　１３３３,4550,石岡 将太,2026-05-12,2026-05-16,01,桐生,一般,５４４　３　１４６３,2026-02-05,2026-02-10,01,桐生,一般,１２３　２１２　１１[４],2025-10-21,2025-10-26,01,桐生,ＧⅢ,２　１３２３２５６３２２,2025-08-11,2025-08-16,01,桐生,一般,５　２１５３３　２６３１,2025-06-17,2025-06-22,01,桐生,一般,５６２　５　１５５２４,4238,毒島 誠,2026-05-01,2026-05-06,01,桐生,一般,２２１１３　１,2026-01-02,2026-01-07,01,桐生,一般,１３２１１　１１１　[１],2025-06-07,2025-06-12,01,桐生,ＧⅠ,１　３３３　２３１　[５],2025-05-01,2025-05-06,01,桐生,一般,１１１　１１２１１　[１],2024-12-31,2025-01-05,01,桐生,一般,１２１　１１１１１　[１]
202608120111,2026-08-12,01,11R,4362,土屋 智則,2026-05-01,2026-05-06,01,桐生,一般,２４１　４１　　４　１３,2026-04-12,2026-04-17,01,桐生,ＧⅠ,１２４　４１３　２　[２],2025-08-11,2025-08-16,01,桐生,一般,３６１　１２１　３　３２,2025-06-07,2025-06-12,01,桐生,ＧⅠ,３３１　６５２　１１２,2025-05-01,2025-05-06,01,桐生,一般,４４１１１　３１２　[２],5065,伊久間 陽優,2026-01-02,2026-01-07,01,桐生,一般,４２２　１６３　６　５４,2025-05-01,2025-05-06,01,桐生,一般,５５３　５　６４３３２２,2024-12-31,2025-01-05,01,桐生,一般,５５３　５　３２３３５,2024-09-07,2024-09-12,01,桐生,一般,４　２２６５５　３４４４,2024-05-01,2024-05-06,01,桐生,一般,３F４　５　２　２　３,4188,久田 敏之,2026-06-25,2026-06-30,01,桐生,ＧⅢ,５２３２１　１１４３１１,2026-05-01,2026-05-06,01,桐生,一般,５　１１１２１　５　１５,2026-04-12,2026-04-17,01,桐生,ＧⅠ,５２４　４３３　３１５,2026-01-02,2026-01-07,01,桐生,一般,３２３　２１２３１　[３],2025-08-11,2025-08-16,01,桐生,一般,１３１　１１２　１　[４],3532,柴田 光,2026-06-25,2026-06-30,01,桐生,ＧⅢ,２４６　１５２　１５２３,2026-05-01,2026-05-06,01,桐生,一般,４１３　４６　　１３２５,2026-04-12,2026-04-17,01,桐生,ＧⅠ,５　４４３　４５６２１,2026-01-02,2026-01-07,01,桐生,一般,４　転欠,2025-11-29,2025-12-04,01,桐生,一般,３１２　４６１　５３F３,4540,相原 利章,2025-10-21,2025-10-26,01,桐生,ＧⅢ,４　４３１５５６５　４,2025-03-13,2025-03-17,01,桐生,一般,２２　　２５２３３５,2024-11-16,2024-11-20,01,桐生,一般,５２３６２６２　沈欠,2023-06-23,2023-06-28,01,桐生,一般,１４５　３５４　１３３６,2022-05-11,2022-05-15,01,桐生,一般,３３５　３３４　５２,4407,鹿島 敏弘,2026-06-05,2026-06-10,01,桐生,一般,２４２　４５３　１４５６,2026-05-01,2026-05-06,01,桐生,一般,２５５　３　４５５　２,2026-01-12,2026-01-17,01,桐生,一般,３　２２１５５６５　３,2025-10-07,2025-10-13,01,桐生,一般,６６５　１６３６２　４　１３,2025-06-17,2025-06-22,01,桐生,一般,４５２　１４３　１４１５
202608120112,2026-08-12,01,12R,4851,関 浩哉,2026-05-01,2026-05-06,01,桐生,一般,２１１１１　１　１　[１],2026-04-12,2026-04-17,01,桐生,ＧⅠ,２　４６４４３　３１１,2026-01-02,2026-01-07,01,桐生,一般,１１３２１　１１１　[５],2025-08-11,2025-08-16,01,桐生,一般,２１２３４　２４２　[３],2025-06-07,2025-06-12,01,桐生,ＧⅠ,３３２　３　１３３　２６,3740,大澤 普司,2026-05-01,2026-05-06,01,桐生,一般,１　３４１４　　３　５２,2026-04-12,2026-04-17,01,桐生,ＧⅠ,６　２　６５２　４３２４,2026-01-02,2026-01-07,01,桐生,一般,４５２　１６１５６　１６,2025-08-11,2025-08-16,01,桐生,一般,４　１５F１５　１　２,2025-07-15,2025-07-20,01,桐生,一般,１１１３２　１３２１[１],4539,金子 賢志,2026-05-01,2026-05-06,01,桐生,一般,３　１５２　１　２　[４],2026-04-12,2026-04-17,01,桐生,ＧⅠ,６　１　６４５　１４６２,2026-03-06,2026-03-12,01,桐生,一般,３４１　　　５１１２４３２１,2026-01-29,2026-02-01,01,桐生,一般,２６２１１５１２,2026-01-02,2026-01-07,01,桐生,一般,３　１４３４２２２　[４],4420,津久井 拓也,2026-05-01,2026-05-06,01,桐生,一般,１３２　１　３　２　[６],2026-01-02,2026-01-07,01,桐生,一般,６３２　４２３　３５５２,2025-11-21,2025-11-25,01,桐生,一般,３５３２２５１５１３,2025-08-11,2025-08-16,01,桐生,一般,３　１２３６３　４　１５,2025-06-17,2025-06-22,01,桐生,一般,３　６３５　５２２１２２,4491,田中 堅,2026-05-01,2026-05-06,01,桐生,一般,３６６　２　４　３２２２,2026-02-14,2026-02-18,01,桐生,一般,５４４　４　３４４６,2025-07-24,2025-07-29,01,桐生,一般,５５５　３　４４４４１５,2025-05-01,2025-05-06,01,桐生,一般,１　２４６３３　１４６４,2025-03-21,2025-03-27,01,桐生,一般,　　　　　　　　６６４　６４,4766,石井 孝之,2026-01-02,2026-01-07,01,桐生,一般,５　５６２５４　２３２４,2025-07-15,2025-07-20,01,桐生,一般,４４１４６　２５６　３２,2025-05-25,2025-05-30,01,桐生,一般,４５４　６５５６１　２,2025-05-01,2025-05-06,01,桐生,一般,１５３　２６３　４F４,2024-12-31,2025-01-05,01,桐生,一般,５　５３６　４２５４２
202608120201,2026-08-12,02,01R,5368,宮崎 心之介,2026-05-28,2026-05-31,02,戸田,一般,１　２２１２[２],2026-02-25,2026-03-01,02,戸田,一般,５　２３１　６６２５,2025-12-02,2025-12-07,02,戸田,一般,６３５　１１６　１６２,2025-11-04,2025-11-08,02,戸田,一般,３　４　３５６６２転,2025-06-07,2025-06-10,02,戸田,一般,６５妨　６　５６,5394,福西 広太郎,2026-03-07,2026-03-12,02,戸田,一般,５　５　４６６４３　３,2026-01-11,2026-01-14,02,戸田,一般,３６３　６１６,2025-08-14,2025-08-19,02,戸田,一般,６　５　６５６　４６５,2025-07-12,2025-07-15,02,戸田,一般,６　６４３５４,2025-05-01,2025-05-06,02,戸田,一般,５　６　６６６　４６６５,5246,楠 将太郎,2026-08-06,2026-08-09,02,戸田,一般,２６３６５　５５,2026-05-01,2026-05-06,02,戸田,一般,５　２６５　５　２１４２,2026-03-07,2026-03-12,02,戸田,一般,１　１２２　２４５６１５,2026-02-25,2026-03-01,02,戸田,一般,５　６２３４６　１,2026-01-30,2026-02-02,02,戸田,一般,１６１２２　４２,3952,中澤 和志,2026-05-01,2026-05-06,02,戸田,一般,５３２　４　４３２２２１,2026-03-28,2026-04-02,02,戸田,一般,３２２１３　２１４１[１],2026-01-03,2026-01-08,02,戸田,一般,５　４４１１５２４　４３,2025-11-12,2025-11-17,02,戸田,ＧⅠ,１,2025-08-14,2025-08-19,02,戸田,一般,１２２　１２１３２　[３],4031,飯島 誠,2026-03-28,2026-04-02,02,戸田,一般,１４４　２　４１５１[４],2025-10-24,2025-10-27,02,戸田,一般,２３２　６２３２,2025-08-14,2025-08-19,02,戸田,一般,３５６　１　３２５　６５,2025-05-09,2025-05-12,02,戸田,一般,３　２５３４６,2025-05-01,2025-05-06,02,戸田,一般,４　４１４　５４２３１,4898,菊地 敬介,2025-02-26,2025-03-03,02,戸田,一般,６　３４２　１５３５３,2024-12-13,2024-12-16,02,戸田,一般,５４６　４６４,2024-01-31,2024-02-04,02,戸田,一般,１　２３４４３４１５,2023-12-28,2023-12-31,02,戸田,一般,５　３３６３３４,2023-06-29,2023-07-03,02,戸田,一般,６５１エ６　４　３
202608120202,2026-08-12,02,02R,5194,大久保 佑香,2026-01-03,2026-01-08,02,戸田,一般,６６５　６　３　６５６,2025-10-04,2025-10-09,02,戸田,ＧⅢ,２１６　５６５　２４４,2025-01-26,2025-01-31,02,戸田,一般,３５２　４　３４３　１５,2025-01-03,2025-01-08,02,戸田,一般,４　５　６４４５６６６,2024-11-07,2024-11-12,02,戸田,ＧⅢ,２　４６６２２　２５５,3983,須藤 博倫,2026-07-24,2026-07-27,02,戸田,一般,４２１６４１２６,2026-05-01,2026-05-06,02,戸田,一般,１１２　３３２　１　[２],2026-04-05,2026-04-10,02,戸田,一般,１３１　１４１５,2026-01-03,2026-01-08,02,戸田,一般,３３２　６１４　２１１５,2025-08-14,2025-08-19,02,戸田,一般,１３３４６　２１１　[６],4428,有賀 達也,2026-05-28,2026-05-31,02,戸田,一般,４３５１３１１５,2026-01-03,2026-01-08,02,戸田,一般,２１６　２６３　２２４２,2025-11-22,2025-11-25,02,戸田,一般,４３１　４１５４,2025-08-14,2025-08-19,02,戸田,一般,５　４３４　１４１３４,2025-05-01,2025-05-06,02,戸田,一般,６　４４３　２３３２１１,3880,浅見 宗孝,2026-05-01,2026-05-06,02,戸田,一般,６　５F２　５　４　６,2025-05-01,2025-05-06,02,戸田,一般,６５２　２６３　２４２,2025-01-03,2025-01-08,02,戸田,一般,６　６６５　５５４６１,2024-05-01,2024-05-06,02,戸田,一般,５２４　３５１　３４５,2024-01-03,2024-01-09,02,戸田,一般,３３５　４５２　５　３５５４,3381,滝沢 芳行,2026-05-01,2026-05-06,02,戸田,一般,１　３４３１２　１　[５],2026-01-17,2026-01-22,02,戸田,一般,５　５１５　４２３５４,2025-08-14,2025-08-19,02,戸田,一般,５６３　６５５　４　２,2025-05-15,2025-05-20,02,戸田,ＧⅢ,４６６　２６６１４　３１,2025-05-01,2025-05-06,02,戸田,一般,１　３６５　３５１１２,5112,砂長 知輝,2026-05-01,2026-05-06,02,戸田,一般,２１３　１４４３５　１５,2026-03-07,2026-03-12,02,戸田,一般,３１１３１　１１３１[２],2026-01-30,2026-02-02,02,戸田,一般,１３５１１３[５],2026-01-03,2026-01-08,02,戸田,一般,６５４１４　１４１３３２,2025-08-14,2025-08-19,02,戸田,一般,２　６３４１１　４　１１
202608120203,2026-08-12,02,03R,4432,黄金井 力良,2026-05-01,2026-05-06,02,戸田,一般,３６５　４　６３３３３,2025-10-24,2025-10-27,02,戸田,一般,３１６,2025-08-22,2025-08-25,02,戸田,一般,１　６５６４６５,2025-05-01,2025-05-06,02,戸田,一般,３６３　５３１　３１４,2025-01-03,2025-01-08,02,戸田,一般,３　３６２　３４３２４２,5182,宮崎 安奈,2026-02-06,2026-02-11,02,戸田,一般,６６３　４　６５５　２,2025-10-04,2025-10-09,02,戸田,ＧⅢ,５５５　４６５　６　６３,2025-07-19,2025-07-24,02,戸田,一般,４　１３１５１２３２[５],2025-01-26,2025-01-31,02,戸田,一般,２　３５３　５２１５２６,2024-11-07,2024-11-12,02,戸田,ＧⅢ,２３６３３　３　３４３,4953,尾上 雅也,2026-04-14,2026-04-19,02,戸田,ＧⅢ,３４３２２１６　６２１６,2026-01-17,2026-01-22,02,戸田,一般,１２２１５　１１２１[３],2025-08-14,2025-08-19,02,戸田,一般,４　１１４　１３４　１３,2025-07-05,2025-07-08,02,戸田,一般,２３２１４１１６,2025-04-10,2025-04-15,02,戸田,一般,２６１５４　１４３３５１,4144,石塚 久也,2026-05-01,2026-05-06,02,戸田,一般,４　３５２　２１３　４４,2026-03-19,2026-03-24,02,戸田,一般,１２４３１　３２１２[４],2026-01-03,2026-01-08,02,戸田,一般,２　１１２　２２１　[４],2025-10-15,2025-10-19,02,戸田,一般,２２１３１４２３[４],2025-08-14,2025-08-19,02,戸田,一般,３４２　３３３　５　２４,5051,松本 純平,2026-05-01,2026-05-06,02,戸田,一般,１２５　３５１　６　１６,2025-11-22,2025-11-25,02,戸田,一般,５１４３３１３１,2025-08-14,2025-08-19,02,戸田,一般,２１３　３３２　４　３２,2025-06-07,2025-06-10,02,戸田,一般,１２５２３１[６],2025-05-01,2025-05-06,02,戸田,一般,２１３　４１４　５　１５,4186,小川 時光,2026-05-01,2026-05-06,02,戸田,一般,５　３　５２６４５４５,2026-03-28,2026-04-02,02,戸田,一般,３　３５３　５転１　４６,2025-12-27,2025-12-31,02,戸田,一般,　　　　　　　　５４,2025-12-19,2025-12-24,02,戸田,一般,５２５　１２４　１５５５,2025-07-05,2025-07-08,02,戸田,一般,３　５１２３４５
202608120204,2026-08-12,02,04R,3647,伊藤 雄二,2026-07-24,2026-07-27,02,戸田,一般,６　２５６６４,2026-05-01,2026-05-06,02,戸田,一般,５　４６４　５２４５３,2026-01-11,2026-01-14,02,戸田,一般,４３３　２６２５,2025-10-15,2025-10-19,02,戸田,一般,４　４３２　４６２,2025-08-14,2025-08-19,02,戸田,一般,３　４２３　４　４３５４,5066,鈴木 孝明,2026-05-14,2026-05-19,02,戸田,一般,１３２　２３１１３５２２,2026-01-03,2026-01-08,02,戸田,一般,４　６３１　４１１１２３,2024-05-01,2024-05-06,02,戸田,一般,２　１４４　２６６　２F,2024-01-03,2024-01-09,02,戸田,一般,５　３６６　１F５　３３３,2023-02-15,2023-02-18,02,戸田,一般,５　１５３５５５,5191,飛田 江己,2026-05-01,2026-05-06,02,戸田,一般,５　２１４　４２１１１４,2026-03-19,2026-03-24,02,戸田,一般,３５３１１　４１３６１６,2026-01-30,2026-02-02,02,戸田,一般,３４１３３１[６],2026-01-03,2026-01-08,02,戸田,一般,１６１１５４１　２　[２],2025-11-12,2025-11-17,02,戸田,ＧⅠ,６５５　１　５６３６４,4900,中田 夕貴,2026-06-18,2026-06-23,02,戸田,一般,３２３６１　１５１５１１,2026-01-03,2026-01-08,02,戸田,一般,２５F　３　５　４　５,2025-10-04,2025-10-09,02,戸田,ＧⅢ,４１４　４５３４６　１４,2025-07-19,2025-07-24,02,戸田,一般,５１４２３　１１４３２２,2025-05-01,2025-05-06,02,戸田,一般,F６４　６　５　４　５,5220,青木 蓮,2026-05-01,2026-05-06,02,戸田,一般,３　３２１　２３６　３３,2026-03-28,2026-04-02,02,戸田,一般,１１２　５３３４２５１１,2026-03-07,2026-03-12,02,戸田,一般,１３１　１１３１１１[６],2026-01-03,2026-01-08,02,戸田,一般,４３１２２１４　４　１３,2025-12-27,2025-12-31,02,戸田,一般,３６２３１　３４２２,3696,白井 友晴,2026-05-28,2026-05-31,02,戸田,一般,１１１２５　[５],2025-08-14,2025-08-19,02,戸田,一般,２５４　５６３　２　３６,2025-05-01,2025-05-06,02,戸田,一般,５２５　１４２　３　４３,2025-01-03,2025-01-08,02,戸田,一般,３　３４４　２５３３５１,2024-08-11,2024-08-17,02,戸田,一般,４　２３欠
202608120205,2026-08-12,02,05R,3679,飯島 昌弘,2026-05-14,2026-05-19,02,戸田,一般,２３１１２　１１４３２１,2026-01-03,2026-01-08,02,戸田,一般,４　３１４　５２２４４F,2025-08-28,2025-08-31,02,戸田,一般,２４１１３３[６],2025-05-15,2025-05-20,02,戸田,ＧⅢ,５１１２３２２　２４６１,2025-02-09,2025-02-15,02,戸田,ＧⅠ,転６５　５　１５４５１,3497,後藤 浩,2026-05-01,2026-05-06,02,戸田,一般,１　２６４４４　１５５,2025-12-19,2025-12-24,02,戸田,一般,１　１５１　３４４１[１],2025-08-14,2025-08-19,02,戸田,一般,４　６　４１５　５３６５,2025-05-30,2025-06-04,02,戸田,ＧⅢ,４２３　２３３２５６１４,2025-05-09,2025-05-12,02,戸田,一般,６１２　２３３２,5288,尾道 佳諭,2026-05-28,2026-05-31,02,戸田,一般,６　２１６４４３,2025-09-18,2025-09-21,02,戸田,一般,１　３６１５５５,2025-08-14,2025-08-19,02,戸田,一般,６　５　５５４　５６５,2023-11-16,2023-11-21,02,戸田,一般,６　６５６　１６２３６６,2023-05-02,2023-05-07,02,戸田,一般,５　６　６６６６５５５,4532,秋元 哲,2026-05-01,2026-05-06,02,戸田,一般,２　F２２　１　１　１,2026-04-14,2026-04-19,02,戸田,ＧⅢ,３２４　５１１１３２[４],2026-01-30,2026-02-02,02,戸田,一般,１２１３２２[１],2026-01-03,2026-01-08,02,戸田,一般,エ４３　１２２１４　５２,2025-11-12,2025-11-17,02,戸田,ＧⅠ,５　２２３　６２３１２,4201,佐竹 友樹,2026-07-07,2026-07-12,02,戸田,ＧⅡ,６　５　３６５　５１６,2026-01-30,2026-02-02,02,戸田,一般,１　１２４４３６,2025-08-14,2025-08-19,02,戸田,一般,２６６　１　５５６　５４,2025-07-12,2025-07-15,02,戸田,一般,６　１３１３２５,2025-05-01,2025-05-06,02,戸田,一般,６４５　１１４　５４２,4836,大谷 健太,2026-05-01,2026-05-06,02,戸田,一般,６　５　５６１　１３３２,2025-12-13,2025-12-16,02,戸田,一般,１４６２４　４,2025-08-14,2025-08-19,02,戸田,一般,１４２　４　３６６　１５,2025-01-11,2025-01-14,02,戸田,一般,１６５　１４３４,2024-10-02,2024-10-05,02,戸田,一般,２５６　２　４６
202608120206,2026-08-12,02,06R,3503,堂原 洋史,2026-05-01,2026-05-06,02,戸田,一般,５　４５５　６　４５４,2025-08-14,2025-08-19,02,戸田,一般,４　５６５　６５５　５,2025-05-15,2025-05-20,02,戸田,ＧⅢ,１２２　３６３　６４３４,2024-05-01,2024-05-06,02,戸田,一般,２　２５３　２６６　５５,2024-01-03,2024-01-09,02,戸田,一般,５　４２４　３４４　６２５５,4637,中田 友也,2025-12-27,2025-12-31,02,戸田,一般,４２４　１３４２１３,2025-05-30,2025-06-04,02,戸田,ＧⅢ,２　２５５４１　４４１３,2025-03-07,2025-03-10,02,戸田,一般,３１２　１３[４],2024-08-22,2024-08-26,02,戸田,一般,５２５　１　３１４４,2024-01-25,2024-01-28,02,戸田,一般,１３３６１　４２,4031,飯島 誠,2026-03-28,2026-04-02,02,戸田,一般,１４４　２　４１５１[４],2025-10-24,2025-10-27,02,戸田,一般,２３２　６２３２,2025-08-14,2025-08-19,02,戸田,一般,３５６　１　３２５　６５,2025-05-09,2025-05-12,02,戸田,一般,３　２５３４６,2025-05-01,2025-05-06,02,戸田,一般,４　４１４　５４２３１,4159,向後 龍一,2026-05-01,2026-05-06,02,戸田,一般,３１３　１　４転５２６２,2026-02-06,2026-02-11,02,戸田,一般,１３１１２　２２５１[４],2026-01-03,2026-01-08,02,戸田,一般,２６２　１４４　５　２６,2025-12-13,2025-12-16,02,戸田,一般,６６３６,2025-08-14,2025-08-19,02,戸田,一般,２６４　３３２　２１６,3793,高橋 真吾,2025-08-14,2025-08-19,02,戸田,一般,５５４　４　２５６　６,2025-05-01,2025-05-06,02,戸田,一般,５　６６５　３２F５３,2024-08-11,2024-08-17,02,戸田,一般,６　６２５　６欠,2024-01-03,2024-01-09,02,戸田,一般,３　６５３　４３エ　２３３１,2023-08-29,2023-09-03,02,戸田,一般,５　２５４　２３３６４４,4444,桐生 順平,2026-05-01,2026-05-06,02,戸田,一般,４２４　２２１１２　[１],2026-01-03,2026-01-08,02,戸田,一般,２１２　３２３５３　３１,2025-11-12,2025-11-17,02,戸田,ＧⅠ,２　１１１　６１１　[１],2025-08-14,2025-08-19,02,戸田,一般,１４４１１　２２３　２１,2025-06-24,2025-06-29,02,戸田,ＳＧ,４４１　１１１　１　[３]
202608120207,2026-08-12,02,07R,4547,中田 竜太,2026-07-07,2026-07-12,02,戸田,ＧⅡ,１　２２３　４６５　４２,2026-05-01,2026-05-06,02,戸田,一般,２５１２３５２　３　２２,2026-01-03,2026-01-08,02,戸田,一般,３　２５２１１３１　[６],2025-11-12,2025-11-17,02,戸田,ＧⅠ,６４２　５４５　４４６,2025-08-14,2025-08-19,02,戸田,一般,５６３　５１４３１　２３,3075,中村 裕将,2026-04-05,2026-04-10,02,戸田,一般,１１３　２６２５１５１４,2026-01-03,2026-01-08,02,戸田,一般,２　６６４　５　６２１,2025-08-14,2025-08-19,02,戸田,一般,４４３　３６５　４　１３,2025-07-05,2025-07-08,02,戸田,一般,２１２　４６３４,2025-05-09,2025-05-12,02,戸田,一般,３４２１６　６３,3306,武田 正紀,2026-05-01,2026-05-06,02,戸田,一般,２　５　５１３５２６６,2026-01-11,2026-01-14,02,戸田,一般,４　３３３５１２,2025-11-04,2025-11-08,02,戸田,一般,４２３　３　４４１５,2025-09-10,2025-09-15,02,戸田,一般,１　１５４６２　４５２３,2025-06-13,2025-06-16,02,戸田,一般,５５３　２４５,4110,小澤 和也,2026-02-06,2026-02-11,02,戸田,一般,３５５　５１４　３　１３,2026-01-03,2026-01-08,02,戸田,一般,１６５　５　１１６　１５,2025-08-14,2025-08-19,02,戸田,一般,６　３１２　２　２　[５],2025-06-13,2025-06-16,02,戸田,一般,６　１１３１[４],2024-05-01,2024-05-06,02,戸田,一般,３　F６６　５　５　６,4432,黄金井 力良,2026-05-01,2026-05-06,02,戸田,一般,３６５　４　６３３３３,2025-10-24,2025-10-27,02,戸田,一般,３１６,2025-08-22,2025-08-25,02,戸田,一般,１　６５６４６５,2025-05-01,2025-05-06,02,戸田,一般,３６３　５３１　３１４,2025-01-03,2025-01-08,02,戸田,一般,３　３６２　３４３２４２,3880,浅見 宗孝,2026-05-01,2026-05-06,02,戸田,一般,６　５F２　５　４　６,2025-05-01,2025-05-06,02,戸田,一般,６５２　２６３　２４２,2025-01-03,2025-01-08,02,戸田,一般,６　６６５　５５４６１,2024-05-01,2024-05-06,02,戸田,一般,５２４　３５１　３４５,2024-01-03,2024-01-09,02,戸田,一般,３３５　４５２　５　３５５４
202608120208,2026-08-12,02,08R,4419,原 加央理,2025-05-01,2025-05-06,02,戸田,一般,４F４　４　３　３　３,2025-01-26,2025-01-31,02,戸田,一般,１３４　１２４　３４３４,2024-11-07,2024-11-12,02,戸田,ＧⅢ,２５３　６４２　１１２１,2024-05-01,2024-05-06,02,戸田,一般,３６３　３４４　５２２,2024-02-08,2024-02-13,02,戸田,一般,５２４３１３１　５６１６,4900,中田 夕貴,2026-06-18,2026-06-23,02,戸田,一般,３２３６１　１５１５１１,2026-01-03,2026-01-08,02,戸田,一般,２５F　３　５　４　５,2025-10-04,2025-10-09,02,戸田,ＧⅢ,４１４　４５３４６　１４,2025-07-19,2025-07-24,02,戸田,一般,５１４２３　１１４３２２,2025-05-01,2025-05-06,02,戸田,一般,F６４　６　５　４　５,5357,田中 瀬里奈,2026-05-01,2026-05-06,02,戸田,一般,６６６　６　６　６６６,2026-01-11,2026-01-14,02,戸田,一般,６４４　５５６,2026-01-03,2026-01-08,02,戸田,一般,５　６　６　６６４６６,2025-10-24,2025-10-27,02,戸田,一般,６　６６６　６６,2025-07-19,2025-07-24,02,戸田,一般,６　６４６　５４４４６５,5182,宮崎 安奈,2026-02-06,2026-02-11,02,戸田,一般,６６３　４　６５５　２,2025-10-04,2025-10-09,02,戸田,ＧⅢ,５５５　４６５　６　６３,2025-07-19,2025-07-24,02,戸田,一般,４　１３１５１２３２[５],2025-01-26,2025-01-31,02,戸田,一般,２　３５３　５２１５２６,2024-11-07,2024-11-12,02,戸田,ＧⅢ,２３６３３　３　３４３,5194,大久保 佑香,2026-01-03,2026-01-08,02,戸田,一般,６６５　６　３　６５６,2025-10-04,2025-10-09,02,戸田,ＧⅢ,２１６　５６５　２４４,2025-01-26,2025-01-31,02,戸田,一般,３５２　４　３４３　１５,2025-01-03,2025-01-08,02,戸田,一般,４　５　６４４５６６６,2024-11-07,2024-11-12,02,戸田,ＧⅢ,２　４６６２２　２５５,5454,谷島 咲希,2026-05-01,2026-05-06,02,戸田,一般,６　６　６５６　６　５６,,,,,,,,,,,,,,,,,,,,,,,,
202608120209,2026-08-12,02,09R,5220,青木 蓮,2026-05-01,2026-05-06,02,戸田,一般,３　３２１　２３６　３３,2026-03-28,2026-04-02,02,戸田,一般,１１２　５３３４２５１１,2026-03-07,2026-03-12,02,戸田,一般,１３１　１１３１１１[６],2026-01-03,2026-01-08,02,戸田,一般,４３１２２１４　４　１３,2025-12-27,2025-12-31,02,戸田,一般,３６２３１　３４２２,5035,櫻井 優,2026-06-27,2026-07-01,02,戸田,一般,１１１　２３３１[５],2026-03-19,2026-03-24,02,戸田,一般,４　４６５　１３４　３１,2026-01-03,2026-01-08,02,戸田,一般,２　４　２３２５５　５４,2025-06-07,2025-06-10,02,戸田,一般,５　３３２２４３,2025-05-01,2025-05-06,02,戸田,一般,５　５１５５２　２４２,4836,大谷 健太,2026-05-01,2026-05-06,02,戸田,一般,６　５　５６１　１３３２,2025-12-13,2025-12-16,02,戸田,一般,１４６２４　４,2025-08-14,2025-08-19,02,戸田,一般,１４２　４　３６６　１５,2025-01-11,2025-01-14,02,戸田,一般,１６５　１４３４,2024-10-02,2024-10-05,02,戸田,一般,２５６　２　４６,3807,岡部 哲,2026-01-03,2026-01-08,02,戸田,一般,４　２３６　６６２　６,2025-08-14,2025-08-19,02,戸田,一般,５　６５２　４　５３５３,2025-05-01,2025-05-06,02,戸田,一般,１３２　４２３　５　４４,2025-02-26,2025-03-03,02,戸田,一般,３　４６４　１１４４４,2024-08-11,2024-08-17,02,戸田,一般,２４６　１５６　３４４５,4953,尾上 雅也,2026-04-14,2026-04-19,02,戸田,ＧⅢ,３４３２２１６　６２１６,2026-01-17,2026-01-22,02,戸田,一般,１２２１５　１１２１[３],2025-08-14,2025-08-19,02,戸田,一般,４　１１４　１３４　１３,2025-07-05,2025-07-08,02,戸田,一般,２３２１４１１６,2025-04-10,2025-04-15,02,戸田,一般,２６１５４　１４３３５１,5132,中野 希一,2026-05-01,2026-05-06,02,戸田,一般,１４４４３２２　１　[３],2026-03-07,2026-03-12,02,戸田,一般,６４１１１　１３２３１１,2026-01-03,2026-01-08,02,戸田,一般,１２１３２　３１１　[３],2025-11-12,2025-11-17,02,戸田,ＧⅠ,３　３　２６２　５　１６,2025-11-04,2025-11-08,02,戸田,一般,２６１３１２３２[３]
202608120210,2026-08-12,02,10R,4809,外崎 悟,2026-04-14,2026-04-19,02,戸田,ＧⅢ,４２２　４３２　５３[５],2026-01-03,2026-01-08,02,戸田,一般,５　５２２　３４１５４４,2025-08-28,2025-08-31,02,戸田,一般,２５２　４５６５,2025-02-26,2025-03-03,02,戸田,一般,２３２　４２２　２５１,2024-12-28,2024-12-31,02,戸田,一般,３２１３１６[３],3696,白井 友晴,2026-05-28,2026-05-31,02,戸田,一般,１１１２５　[５],2025-08-14,2025-08-19,02,戸田,一般,２５４　５６３　２　３６,2025-05-01,2025-05-06,02,戸田,一般,５２５　１４２　３　４３,2025-01-03,2025-01-08,02,戸田,一般,３　３４４　２５３３５１,2024-08-11,2024-08-17,02,戸田,一般,４　２３欠,3679,飯島 昌弘,2026-05-14,2026-05-19,02,戸田,一般,２３１１２　１１４３２１,2026-01-03,2026-01-08,02,戸田,一般,４　３１４　５２２４４F,2025-08-28,2025-08-31,02,戸田,一般,２４１１３３[６],2025-05-15,2025-05-20,02,戸田,ＧⅢ,５１１２３２２　２４６１,2025-02-09,2025-02-15,02,戸田,ＧⅠ,転６５　５　１５４５１,5368,宮崎 心之介,2026-05-28,2026-05-31,02,戸田,一般,１　２２１２[２],2026-02-25,2026-03-01,02,戸田,一般,５　２３１　６６２５,2025-12-02,2025-12-07,02,戸田,一般,６３５　１１６　１６２,2025-11-04,2025-11-08,02,戸田,一般,３　４　３５６６２転,2025-06-07,2025-06-10,02,戸田,一般,６５妨　６　５６,4428,有賀 達也,2026-05-28,2026-05-31,02,戸田,一般,４３５１３１１５,2026-01-03,2026-01-08,02,戸田,一般,２１６　２６３　２２４２,2025-11-22,2025-11-25,02,戸田,一般,４３１　４１５４,2025-08-14,2025-08-19,02,戸田,一般,５　４３４　１４１３４,2025-05-01,2025-05-06,02,戸田,一般,６　４４３　２３３２１１,5087,佐藤 航,2026-05-01,2026-05-06,02,戸田,一般,２　１２６　２３４　１２,2026-03-07,2026-03-12,02,戸田,一般,１１２２５　２５１６１５,2026-01-30,2026-02-02,02,戸田,一般,２１１　５２[２],2026-01-03,2026-01-08,02,戸田,一般,１４３５３　２　２　[５],2025-08-14,2025-08-19,02,戸田,一般,６２１　５１２　５　３３
202608120211,2026-08-12,02,11R,3952,中澤 和志,2026-05-01,2026-05-06,02,戸田,一般,５３２　４　４３２２２１,2026-03-28,2026-04-02,02,戸田,一般,３２２１３　２１４１[１],2026-01-03,2026-01-08,02,戸田,一般,５　４４１１５２４　４３,2025-11-12,2025-11-17,02,戸田,ＧⅠ,１,2025-08-14,2025-08-19,02,戸田,一般,１２２　１２１３２　[３],4144,石塚 久也,2026-05-01,2026-05-06,02,戸田,一般,４　３５２　２１３　４４,2026-03-19,2026-03-24,02,戸田,一般,１２４３１　３２１２[４],2026-01-03,2026-01-08,02,戸田,一般,２　１１２　２２１　[４],2025-10-15,2025-10-19,02,戸田,一般,２２１３１４２３[４],2025-08-14,2025-08-19,02,戸田,一般,３４２　３３３　５　２４,3381,滝沢 芳行,2026-05-01,2026-05-06,02,戸田,一般,１　３４３１２　１　[５],2026-01-17,2026-01-22,02,戸田,一般,５　５１５　４２３５４,2025-08-14,2025-08-19,02,戸田,一般,５６３　６５５　４　２,2025-05-15,2025-05-20,02,戸田,ＧⅢ,４６６　２６６１４　３１,2025-05-01,2025-05-06,02,戸田,一般,１　３６５　３５１１２,5066,鈴木 孝明,2026-05-14,2026-05-19,02,戸田,一般,１３２　２３１１３５２２,2026-01-03,2026-01-08,02,戸田,一般,４　６３１　４１１１２３,2024-05-01,2024-05-06,02,戸田,一般,２　１４４　２６６　２F,2024-01-03,2024-01-09,02,戸田,一般,５　３６６　１F５　３３３,2023-02-15,2023-02-18,02,戸田,一般,５　１５３５５５,3497,後藤 浩,2026-05-01,2026-05-06,02,戸田,一般,１　２６４４４　１５５,2025-12-19,2025-12-24,02,戸田,一般,１　１５１　３４４１[１],2025-08-14,2025-08-19,02,戸田,一般,４　６　４１５　５３６５,2025-05-30,2025-06-04,02,戸田,ＧⅢ,４２３　２３３２５６１４,2025-05-09,2025-05-12,02,戸田,一般,６１２　２３３２,4230,濱崎 直矢,2026-02-25,2026-03-01,02,戸田,一般,４４２１２２５１[３],2025-09-10,2025-09-15,02,戸田,一般,１６３１１　２１３６５６,2025-01-11,2025-01-14,02,戸田,一般,１３４１２５[６],2024-11-15,2024-11-18,02,戸田,一般,２６１１３４[６],2024-08-11,2024-08-17,02,戸田,一般,２３５　６２５　４３４４
202608120212,2026-08-12,02,12R,4532,秋元 哲,2026-05-01,2026-05-06,02,戸田,一般,２　F２２　１　１　１,2026-04-14,2026-04-19,02,戸田,ＧⅢ,３２４　５１１１３２[４],2026-01-30,2026-02-02,02,戸田,一般,１２１３２２[１],2026-01-03,2026-01-08,02,戸田,一般,エ４３　１２２１４　５２,2025-11-12,2025-11-17,02,戸田,ＧⅠ,５　２２３　６２３１２,5051,松本 純平,2026-05-01,2026-05-06,02,戸田,一般,１２５　３５１　６　１６,2025-11-22,2025-11-25,02,戸田,一般,５１４３３１３１,2025-08-14,2025-08-19,02,戸田,一般,２１３　３３２　４　３２,2025-06-07,2025-06-10,02,戸田,一般,１２５２３１[６],2025-05-01,2025-05-06,02,戸田,一般,２１３　４１４　５　１５,4444,桐生 順平,2026-05-01,2026-05-06,02,戸田,一般,４２４　２２１１２　[１],2026-01-03,2026-01-08,02,戸田,一般,２１２　３２３５３　３１,2025-11-12,2025-11-17,02,戸田,ＧⅠ,２　１１１　６１１　[１],2025-08-14,2025-08-19,02,戸田,一般,１４４１１　２２３　２１,2025-06-24,2025-06-29,02,戸田,ＳＧ,４４１　１１１　１　[３],4547,中田 竜太,2026-07-07,2026-07-12,02,戸田,ＧⅡ,１　２２３　４６５　４２,2026-05-01,2026-05-06,02,戸田,一般,２５１２３５２　３　２２,2026-01-03,2026-01-08,02,戸田,一般,３　２５２１１３１　[６],2025-11-12,2025-11-17,02,戸田,ＧⅠ,６４２　５４５　４４６,2025-08-14,2025-08-19,02,戸田,一般,５６３　５１４３１　２３,3983,須藤 博倫,2026-07-24,2026-07-27,02,戸田,一般,４２１６４１２６,2026-05-01,2026-05-06,02,戸田,一般,１１２　３３２　１　[２],2026-04-05,2026-04-10,02,戸田,一般,１３１　１４１５,2026-01-03,2026-01-08,02,戸田,一般,３３２　６１４　２１１５,2025-08-14,2025-08-19,02,戸田,一般,１３３４６　２１１　[６],5191,飛田 江己,2026-05-01,2026-05-06,02,戸田,一般,５　２１４　４２１１１４,2026-03-19,2026-03-24,02,戸田,一般,３５３１１　４１３６１６,2026-01-30,2026-02-02,02,戸田,一般,３４１３３１[６],2026-01-03,2026-01-08,02,戸田,一般,１６１１５４１　２　[２],2025-11-12,2025-11-17,02,戸田,ＧⅠ,６５５　１　５６３６４
202608120301,2026-08-12,03,01R,3569,増田 進,2026-04-13,2026-04-18,03,江戸川,一般,３　１４４　４F４　４,2026-01-02,2026-01-07,03,江戸川,一般,２　４５５　４３３５１,2025-10-05,2025-10-11,03,江戸川,ＧⅢ,２１　　３３１　５　３５,2025-08-17,2025-08-22,03,江戸川,一般,３　３　１６４　２２１５,2025-05-23,2025-05-28,03,江戸川,一般,３　４５１　４２５　４３,4245,高橋 直哉,2026-06-24,2026-06-29,03,江戸川,一般,３３６　５６１５２　３３,2026-04-26,2026-05-01,03,江戸川,一般,１４２　５　１　４２４,2026-02-28,2026-03-03,03,江戸川,一般,１　６２１５３５,2025-09-28,2025-10-02,03,江戸川,一般,５２１１６　６４３３,2025-08-17,2025-08-22,03,江戸川,一般,５　３５２　１４６２４,3517,高橋 勲,2026-04-26,2026-05-01,03,江戸川,一般,５３３　２　１　３２２,2025-10-05,2025-10-11,03,江戸川,ＧⅢ,５４３　F転６　欠４,2025-07-20,2025-07-25,03,江戸川,一般,３　１　３５１　１４３１,2025-04-08,2025-04-13,03,江戸川,一般,６３１　２３２　１３４１,2025-01-02,2025-01-07,03,江戸川,一般,２１転　４３１　３１２３,4976,金山 立樹,2026-04-13,2026-04-18,03,江戸川,一般,３３６　２４２　３１２,2026-03-07,2026-03-10,03,江戸川,一般,３　２２６　６４,2026-02-08,2026-02-12,03,江戸川,一般,１５５　６２４３２,2026-01-10,2026-01-15,03,江戸川,一般,５５５　３１,2025-11-16,2025-11-19,03,江戸川,一般,２　１５３　１６,5371,早川 颯太,2026-06-11,2026-06-16,03,江戸川,一般,６５６　６５５６３　６５,2026-04-26,2026-05-01,03,江戸川,一般,６６６　６　６　５４５,2026-03-15,2026-03-20,03,江戸川,一般,６　１６６　６５６　５６,2026-02-28,2026-03-03,03,江戸川,一般,６　６６６５５,2025-12-25,2025-12-29,03,江戸川,一般,６　２５６　６６６６,3202,三品 隆浩,2026-07-11,2026-07-16,03,江戸川,一般,１６６　３２２３４　１４,2026-04-26,2026-05-01,03,江戸川,一般,２１３　５５２　２１１６,2026-02-08,2026-02-12,03,江戸川,一般,４　１４４　２２３２,2026-01-02,2026-01-07,03,江戸川,一般,３　３２４　１２５　２５,2025-10-05,2025-10-11,03,江戸川,ＧⅢ,３４４　２４５　１３５３
202608120302,2026-08-12,03,02R,4615,板倉 敦史,2025-11-23,2025-11-28,03,江戸川,一般,５６５　３６４６６　２３,2025-08-17,2025-08-22,03,江戸川,一般,５　１５５　５３３４４,2025-04-24,2025-04-29,03,江戸川,一般,６　１３４　４３１４６,2024-06-16,2024-06-21,03,江戸川,一般,３　５３４　２６５　２６,2024-01-27,2024-01-31,03,江戸川,一般,１　転２３　５２５３,3940,飯山 泰,2026-05-11,2026-05-16,03,江戸川,ＧⅡ,４　３　２６２　１１５６,2026-04-26,2026-05-01,03,江戸川,一般,１　２４　　３２４　１１,2026-02-18,2026-02-24,03,江戸川,ＧⅠ,５　６１６　５４５　２３,2025-12-17,2025-12-21,03,江戸川,一般,１　１４２　２１[１],2025-10-05,2025-10-11,03,江戸川,ＧⅢ,１１　　３３１　２　[４],3303,渡辺 豊,2026-04-26,2026-05-01,03,江戸川,一般,４３３　１　４　２２１５,2026-02-01,2026-02-04,03,江戸川,一般,２　１３１１[１],2025-12-17,2025-12-21,03,江戸川,一般,４　１２４　２１１４,2025-11-23,2025-11-28,03,江戸川,一般,３６２　４４３　５３３２,2025-10-05,2025-10-11,03,江戸川,ＧⅢ,２１２　３４３　３　[５],5433,米本 圭佑,2026-07-11,2026-07-16,03,江戸川,一般,転　６５６　５４５　２６,2026-05-25,2026-05-31,03,江戸川,一般,６５５　６４６　３　４転６３,,,,,,,,,,,,,,,,,,,5096,上原 崚,2026-07-23,2026-07-28,03,江戸川,ＧⅢ,１５１　２３５　５　１２,2026-05-11,2026-05-16,03,江戸川,ＧⅡ,４　６　１　２５３　２３,2026-03-07,2026-03-10,03,江戸川,一般,３１２　４１[４],2025-10-14,2025-10-19,03,江戸川,ＧⅡ,１５１　５６６　４３２３,2025-08-17,2025-08-22,03,江戸川,一般,　　１１５３４　２１２４,4145,小澤 学,2026-04-26,2026-05-01,03,江戸川,一般,３５５　１　４　３５１,2025-11-07,2025-11-12,03,江戸川,一般,３　４３３　１５５６１,2025-07-05,2025-07-10,03,江戸川,一般,３５,2025-04-24,2025-04-29,03,江戸川,一般,５３５　４６６６５５４,2024-12-24,2024-12-29,03,江戸川,一般,２５３　６３４４５　２２
202608120303,2026-08-12,03,03R,3602,奥平 拓也,2026-06-24,2026-06-29,03,江戸川,一般,５　２１２　１３２３[５],2026-04-26,2026-05-01,03,江戸川,一般,４６３　３　３　５４４,2026-02-01,2026-02-04,03,江戸川,一般,６３３　３６２３,2025-11-07,2025-11-12,03,江戸川,一般,３　４１１F６　３５３５,2025-08-17,2025-08-22,03,江戸川,一般,２　６４５　２５６４６,4847,佐藤 隆太郎,2026-05-11,2026-05-16,03,江戸川,ＧⅡ,　　４　５　６３２　３１,2025-10-14,2025-10-19,03,江戸川,ＧⅡ,５　１３１　２３２　[５],2025-08-17,2025-08-22,03,江戸川,一般,　　１１４　３１４　３F,2025-05-07,2025-05-12,03,江戸川,一般,１　２２１　１１２１[６],2025-01-14,2025-01-19,03,江戸川,ＧⅠ,４４５　１５　　１４２,4748,渡邉 雄朗,2026-06-24,2026-06-29,03,江戸川,一般,６　３１６　６１２　１３,2026-05-11,2026-05-16,03,江戸川,ＧⅡ,　　２　３３４　６　１３,2026-04-26,2026-05-01,03,江戸川,一般,２５１　３　２　６　５２,2026-02-18,2026-02-24,03,江戸川,ＧⅠ,６４３　５５５　６４６,2026-01-02,2026-01-07,03,江戸川,一般,４　４１１　１５２　[５],4438,森作 雄大,2026-06-24,2026-06-29,03,江戸川,一般,１　５４４　４４４　６２,2026-05-11,2026-05-16,03,江戸川,ＧⅡ,３　１　６　６６６６２,2026-04-26,2026-05-01,03,江戸川,一般,５３２　６　５　５１１,2026-03-07,2026-03-10,03,江戸川,一般,４６１　３２５６,2026-01-02,2026-01-07,03,江戸川,一般,１１４　３５５　４４５６,4945,上村 宏太,2026-04-26,2026-05-01,03,江戸川,一般,３３６　４　５　４５４,2026-01-02,2026-01-07,03,江戸川,一般,２　４３４　２３２　１５,2025-10-25,2025-10-30,03,江戸川,一般,３４転　５４１２１　５５,2025-08-17,2025-08-22,03,江戸川,一般,１　４６４　４３５４３,2025-05-23,2025-05-28,03,江戸川,一般,２１転　６５５　６１１,3105,内山 文典,2026-04-26,2026-05-01,03,江戸川,一般,５６２　４　５　F６４,2026-01-02,2026-01-07,03,江戸川,一般,５　３５２　１５３６５,2025-10-05,2025-10-11,03,江戸川,ＧⅢ,１１　　５５５　２２４６,2025-08-17,2025-08-22,03,江戸川,一般,５　３２４　３４３２４,2025-05-23,2025-05-28,03,江戸川,一般,５　６１２１６　１６２
202608120304,2026-08-12,03,04R,4440,萩原 知哉,2026-04-26,2026-05-01,03,江戸川,一般,５　４３２　２３１３６,2026-03-15,2026-03-20,03,江戸川,一般,１４１　３５５　１４３,2026-01-02,2026-01-07,03,江戸川,一般,２　６５４　３３４３３,2025-08-17,2025-08-22,03,江戸川,一般,　　４３３　３２１１４３,2025-07-05,2025-07-10,03,江戸川,一般,４４５　２６６　２３１,3340,池田 雷太,2026-04-26,2026-05-01,03,江戸川,一般,４　１５　　５３６５５,2026-01-02,2026-01-07,03,江戸川,一般,４　３６３　５５２１５,2025-10-05,2025-10-11,03,江戸川,ＧⅢ,２　３　１　５５１６６２,2025-09-21,2025-09-24,03,江戸川,一般,　　　　　　４１,2025-08-17,2025-08-22,03,江戸川,一般,２　３６４　６６５１６,3313,本吉 正樹,2026-07-11,2026-07-16,03,江戸川,一般,３５４　５２２　１３３６,2026-04-26,2026-05-01,03,江戸川,一般,３３４　４　６　３３５４,2026-01-02,2026-01-07,03,江戸川,一般,５６２　３６４　３５５,2025-10-25,2025-10-30,03,江戸川,一般,４　１５４　１６転３４,2025-05-23,2025-05-28,03,江戸川,一般,６２５　５３５５３　１５,5095,小原 聡将,2026-07-23,2026-07-28,03,江戸川,ＧⅢ,５２３　１４３　３１２２,2026-05-11,2026-05-16,03,江戸川,ＧⅡ,３５４　５　４３３　４３,2026-04-26,2026-05-01,03,江戸川,一般,２２１　２　３　１　[４],2026-03-07,2026-03-10,03,江戸川,一般,２１F　２３２３,2025-09-28,2025-10-02,03,江戸川,一般,転落５　２４５　１２,4075,中野 次郎,2026-05-11,2026-05-16,03,江戸川,ＧⅡ,３　６　５　５６６３２,2026-03-15,2026-03-20,03,江戸川,一般,１　１５３　１２１４２１,2025-11-23,2025-11-28,03,江戸川,一般,３１１　２２２３４２[２],2024-08-14,2024-08-20,03,江戸川,一般,３４３１１　６２４　[４],2023-02-10,2023-02-15,03,江戸川,ＧⅠ,転４５　１　５２２　３６,5411,木下 虎之輔,2026-07-11,2026-07-16,03,江戸川,一般,６６６　５６５　５６６６,2026-03-07,2026-03-10,03,江戸川,一般,５　６５６５６,2026-02-08,2026-02-12,03,江戸川,一般,６　５６５　６４６５,2025-12-08,2025-12-14,03,江戸川,一般,５　６６６　５４５　５落,,,,,,
202608120305,2026-08-12,03,05R,4598,加藤 政彦,2026-06-24,2026-06-29,03,江戸川,一般,４４５　１１２　１１[３],2026-04-26,2026-05-01,03,江戸川,一般,１　２２　　１２２　[３],2026-02-18,2026-02-24,03,江戸川,ＧⅠ,４　４５６　５４３　５５,2026-01-02,2026-01-07,03,江戸川,一般,５　２１６　落F５　６４,2025-11-07,2025-11-12,03,江戸川,一般,５　１２１４３　３２[５],4379,桑島 和宏,2026-05-11,2026-05-16,03,江戸川,ＧⅡ,２　３　６５２　１４３,2026-04-26,2026-05-01,03,江戸川,一般,４　１５　　１３５　３２,2026-02-18,2026-02-24,03,江戸川,ＧⅠ,６　３　２５３　５４６,2025-12-25,2025-12-29,03,江戸川,一般,４５１　４６２　３２,2025-10-25,2025-10-30,03,江戸川,一般,５　１１２３１　４２[５],5371,早川 颯太,2026-06-11,2026-06-16,03,江戸川,一般,６５６　６５５６３　６５,2026-04-26,2026-05-01,03,江戸川,一般,６６６　６　６　５４５,2026-03-15,2026-03-20,03,江戸川,一般,６　１６６　６５６　５６,2026-02-28,2026-03-03,03,江戸川,一般,６　６６６５５,2025-12-25,2025-12-29,03,江戸川,一般,６　２５６　６６６６,4345,西舘 健,2026-07-23,2026-07-28,03,江戸川,ＧⅢ,１１４　２３３　４　２１,2026-05-25,2026-05-31,03,江戸川,一般,２　１３２　４３５　５４４５,2026-02-08,2026-02-12,03,江戸川,一般,３１２５２　５３１４,2026-01-02,2026-01-07,03,江戸川,一般,４６１　５２３　１６１,2025-11-16,2025-11-19,03,江戸川,一般,１　５６３　６３,4095,福来 剛,2026-06-03,2026-06-07,03,江戸川,一般,２６１１転　３１,2026-05-11,2026-05-16,03,江戸川,ＧⅡ,　　５３４　２　４２４,2026-02-18,2026-02-24,03,江戸川,ＧⅠ,１５１　１３４　３　１１,2026-01-02,2026-01-07,03,江戸川,一般,１転３　２１４　２２４６,2025-12-17,2025-12-21,03,江戸川,一般,２２４１２　２４１２,4723,寺島 吉彦,2026-06-24,2026-06-29,03,江戸川,一般,１　５６転,2026-04-26,2026-05-01,03,江戸川,一般,４　１２　　５１１　４６,2026-01-02,2026-01-07,03,江戸川,一般,２　１２６　２１４　５２,2025-08-03,2025-08-08,03,江戸川,ＧⅢ,４４２　５１５　４５５４,2025-05-23,2025-05-28,03,江戸川,一般,４　２２１２２　３３[２]
202608120306,2026-08-12,03,06R,3888,山本 英志,2026-07-11,2026-07-16,03,江戸川,一般,２４４　５４２３１　４４,2026-04-26,2026-05-01,03,江戸川,一般,２２２　４　１　２　[５],2026-01-02,2026-01-07,03,江戸川,一般,３　４４４　５１４　２５,2025-10-05,2025-10-11,03,江戸川,ＧⅢ,４１５　４２４　６２１４,2025-08-17,2025-08-22,03,江戸川,一般,１　２４３３３　５　２３,5070,中島 航,2026-06-24,2026-06-29,03,江戸川,一般,２　３４５　６２４　３３,2026-04-26,2026-05-01,03,江戸川,一般,６　３４６　２６６６２,2026-03-07,2026-03-10,03,江戸川,一般,４３２４１　５４,2025-12-08,2025-12-14,03,江戸川,一般,４５６　４５１　５４３２,2025-06-21,2025-06-27,03,江戸川,一般,３１５　６４４　４６１,5007,近藤 雄一郎,2026-04-26,2026-05-01,03,江戸川,一般,１５２　２　１　３　[６],2026-02-08,2026-02-12,03,江戸川,一般,２２２　３３４４３４,2026-01-02,2026-01-07,03,江戸川,一般,６３１　４１２　４　３１,2025-11-16,2025-11-19,03,江戸川,一般,２　４３４４３,2025-09-28,2025-10-02,03,江戸川,一般,２　２３５　１３２１,4615,板倉 敦史,2025-11-23,2025-11-28,03,江戸川,一般,５６５　３６４６６　２３,2025-08-17,2025-08-22,03,江戸川,一般,５　１５５　５３３４４,2025-04-24,2025-04-29,03,江戸川,一般,６　１３４　４３１４６,2024-06-16,2024-06-21,03,江戸川,一般,３　５３４　２６５　２６,2024-01-27,2024-01-31,03,江戸川,一般,１　転２３　５２５３,4976,金山 立樹,2026-04-13,2026-04-18,03,江戸川,一般,３３６　２４２　３１２,2026-03-07,2026-03-10,03,江戸川,一般,３　２２６　６４,2026-02-08,2026-02-12,03,江戸川,一般,１５５　６２４３２,2026-01-10,2026-01-15,03,江戸川,一般,５５５　３１,2025-11-16,2025-11-19,03,江戸川,一般,２　１５３　１６,4769,馬場 剛,2026-07-11,2026-07-16,03,江戸川,一般,３　１１３　２１４１[２],2026-05-11,2026-05-16,03,江戸川,ＧⅡ,２　６６４　４　２４２,2026-02-08,2026-02-12,03,江戸川,一般,２５１　１２２１[５],2026-01-02,2026-01-07,03,江戸川,一般,４　４３１　２４５　３１,2025-12-17,2025-12-21,03,江戸川,一般,１　３５２１１６６５
202608120307,2026-08-12,03,07R,3517,高橋 勲,2026-04-26,2026-05-01,03,江戸川,一般,５３３　２　１　３２２,2025-10-05,2025-10-11,03,江戸川,ＧⅢ,５４３　F転６　欠４,2025-07-20,2025-07-25,03,江戸川,一般,３　１　３５１　１４３１,2025-04-08,2025-04-13,03,江戸川,一般,６３１　２３２　１３４１,2025-01-02,2025-01-07,03,江戸川,一般,２１転　４３１　３１２３,4608,荒井 翔伍,2026-05-11,2026-05-16,03,江戸川,ＧⅡ,　　１４６　４　２６３,2026-04-26,2026-05-01,03,江戸川,一般,３４３　１　３　４２１,2025-10-14,2025-10-19,03,江戸川,ＧⅡ,３２５　２４５６４２３,2024-05-04,2024-05-08,03,江戸川,一般,３４１　１３２　[２],2024-02-27,2024-03-04,03,江戸川,ＧⅠ,５　３３２　２３　　１３,4815,伏島 祐介,2025-12-17,2025-12-21,03,江戸川,一般,４１４３５　１３４３,2025-08-17,2025-08-22,03,江戸川,一般,６　４　４１４３５　４１,2025-07-20,2025-07-25,03,江戸川,一般,３　３１２６２　５３３６,2025-05-07,2025-05-12,03,江戸川,一般,３　２３５３２　６３６,2025-03-01,2025-03-06,03,江戸川,一般,３　４２６２５　５欠,4366,前沢 丈史,2026-05-11,2026-05-16,03,江戸川,ＧⅡ,４　５３３　３１５　２５,2026-04-26,2026-05-01,03,江戸川,一般,２　１３３　４１４　３１,2026-02-18,2026-02-24,03,江戸川,ＧⅠ,３１６　１１１　２　[６],2026-01-02,2026-01-07,03,江戸川,一般,１１６　１１１　１　[２],2025-11-23,2025-11-28,03,江戸川,一般,２　３１２　２１４１[４],4077,品田 直樹,2026-06-24,2026-06-29,03,江戸川,一般,１　６４１　６５３　５５,2026-04-26,2026-05-01,03,江戸川,一般,１４３　３１１　１　[１],2026-02-01,2026-02-04,03,江戸川,一般,１３１　３１[３],2026-01-02,2026-01-07,03,江戸川,一般,１　１６５　２４６　１４,2025-09-28,2025-10-02,03,江戸川,一般,３１４　１４５２２４,5433,米本 圭佑,2026-07-11,2026-07-16,03,江戸川,一般,転　６５６　５４５　２６,2026-05-25,2026-05-31,03,江戸川,一般,６５５　６４６　３　４転６３,,,,,,,,,,,,,,,,,,
202608120308,2026-08-12,03,08R,4438,森作 雄大,2026-06-24,2026-06-29,03,江戸川,一般,１　５４４　４４４　６２,2026-05-11,2026-05-16,03,江戸川,ＧⅡ,３　１　６　６６６６２,2026-04-26,2026-05-01,03,江戸川,一般,５３２　６　５　５１１,2026-03-07,2026-03-10,03,江戸川,一般,４６１　３２５６,2026-01-02,2026-01-07,03,江戸川,一般,１１４　３５５　４４５６,4145,小澤 学,2026-04-26,2026-05-01,03,江戸川,一般,３５５　１　４　３５１,2025-11-07,2025-11-12,03,江戸川,一般,３　４３３　１５５６１,2025-07-05,2025-07-10,03,江戸川,一般,３５,2025-04-24,2025-04-29,03,江戸川,一般,５３５　４６６６５５４,2024-12-24,2024-12-29,03,江戸川,一般,２５３　６３４４５　２２,4610,佐藤 大佑,2026-05-11,2026-05-16,03,江戸川,ＧⅡ,２　４　４　２５４１５,2026-04-13,2026-04-18,03,江戸川,一般,２１５　２３３２３４４３,2026-01-02,2026-01-07,03,江戸川,一般,４　１４３　３５１　２４,2025-10-14,2025-10-19,03,江戸川,ＧⅡ,６２４　１１２　１　[６],2025-08-17,2025-08-22,03,江戸川,一般,　　２５６　２２２３６,5411,木下 虎之輔,2026-07-11,2026-07-16,03,江戸川,一般,６６６　５６５　５６６６,2026-03-07,2026-03-10,03,江戸川,一般,５　６５６５６,2026-02-08,2026-02-12,03,江戸川,一般,６　５６５　６４６５,2025-12-08,2025-12-14,03,江戸川,一般,５　６６６　５４５　５落,,,,,,,3202,三品 隆浩,2026-07-11,2026-07-16,03,江戸川,一般,１６６　３２２３４　１４,2026-04-26,2026-05-01,03,江戸川,一般,２１３　５５２　２１１６,2026-02-08,2026-02-12,03,江戸川,一般,４　１４４　２２３２,2026-01-02,2026-01-07,03,江戸川,一般,３　３２４　１２５　２５,2025-10-05,2025-10-11,03,江戸川,ＧⅢ,３４４　２４５　１３５３,4266,長田 頼宗,2026-05-11,2026-05-16,03,江戸川,ＧⅡ,　　３５３　２　５　２１,2026-02-18,2026-02-24,03,江戸川,ＧⅠ,５　４４１　１３６　２５,2025-10-14,2025-10-19,03,江戸川,ＧⅡ,４　２　１１２３４　２５,2025-08-17,2025-08-22,03,江戸川,一般,１　２　２１２１１　[２],2025-01-14,2025-01-19,03,江戸川,ＧⅠ,３　５５４　３４エ　６
202608120309,2026-08-12,03,09R,5023,久永 祥平,2026-02-01,2026-02-04,03,江戸川,一般,１　２３１F２３,2026-01-02,2026-01-07,03,江戸川,一般,２　５５２　２４５　４１,2025-10-25,2025-10-30,03,江戸川,一般,２３３　１１１　２５２２,2025-07-20,2025-07-25,03,江戸川,一般,４２６　５欠,2025-03-24,2025-03-29,03,江戸川,一般,５５５　５１６　５　２６,4465,大西 賢,2026-06-24,2026-06-29,03,江戸川,一般,３４２　４３３　１６２,2026-01-02,2026-01-07,03,江戸川,一般,５エ１　５６６　３５１,2025-09-14,2025-09-18,03,江戸川,一般,１３５　F６４　４,2025-07-05,2025-07-10,03,江戸川,一般,１２５　２４４４２　４,2025-05-23,2025-05-28,03,江戸川,一般,５　５５４　１２６　６３,3277,齋藤 勇,2026-04-26,2026-05-01,03,江戸川,一般,４　４６４　５６４　２１,2026-03-15,2026-03-20,03,江戸川,一般,２１６　５４５　１５４,2026-02-08,2026-02-12,03,江戸川,一般,４３３　１６２１１５,2026-01-02,2026-01-07,03,江戸川,一般,５２３　４４１　２６６,2025-10-05,2025-10-11,03,江戸川,ＧⅢ,４６　　１６３　６４６５,4245,高橋 直哉,2026-06-24,2026-06-29,03,江戸川,一般,３３６　５６１５２　３３,2026-04-26,2026-05-01,03,江戸川,一般,１４２　５　１　４２４,2026-02-28,2026-03-03,03,江戸川,一般,１　６２１５３５,2025-09-28,2025-10-02,03,江戸川,一般,５２１１６　６４３３,2025-08-17,2025-08-22,03,江戸川,一般,５　３５２　１４６２４,4847,佐藤 隆太郎,2026-05-11,2026-05-16,03,江戸川,ＧⅡ,　　４　５　６３２　３１,2025-10-14,2025-10-19,03,江戸川,ＧⅡ,５　１３１　２３２　[５],2025-08-17,2025-08-22,03,江戸川,一般,　　１１４　３１４　３F,2025-05-07,2025-05-12,03,江戸川,一般,１　２２１　１１２１[６],2025-01-14,2025-01-19,03,江戸川,ＧⅠ,４４５　１５　　１４２,5096,上原 崚,2026-07-23,2026-07-28,03,江戸川,ＧⅢ,１５１　２３５　５　１２,2026-05-11,2026-05-16,03,江戸川,ＧⅡ,４　６　１　２５３　２３,2026-03-07,2026-03-10,03,江戸川,一般,３１２　４１[４],2025-10-14,2025-10-19,03,江戸川,ＧⅡ,１５１　５６６　４３２３,2025-08-17,2025-08-22,03,江戸川,一般,　　１１５３４　２１２４
202608120310,2026-08-12,03,10R,4748,渡邉 雄朗,2026-06-24,2026-06-29,03,江戸川,一般,６　３１６　６１２　１３,2026-05-11,2026-05-16,03,江戸川,ＧⅡ,　　２　３３４　６　１３,2026-04-26,2026-05-01,03,江戸川,一般,２５１　３　２　６　５２,2026-02-18,2026-02-24,03,江戸川,ＧⅠ,６４３　５５５　６４６,2026-01-02,2026-01-07,03,江戸川,一般,４　４１１　１５２　[５],4723,寺島 吉彦,2026-06-24,2026-06-29,03,江戸川,一般,１　５６転,2026-04-26,2026-05-01,03,江戸川,一般,４　１２　　５１１　４６,2026-01-02,2026-01-07,03,江戸川,一般,２　１２６　２１４　５２,2025-08-03,2025-08-08,03,江戸川,ＧⅢ,４４２　５１５　４５５４,2025-05-23,2025-05-28,03,江戸川,一般,４　２２１２２　３３[２],5095,小原 聡将,2026-07-23,2026-07-28,03,江戸川,ＧⅢ,５２３　１４３　３１２２,2026-05-11,2026-05-16,03,江戸川,ＧⅡ,３５４　５　４３３　４３,2026-04-26,2026-05-01,03,江戸川,一般,２２１　２　３　１　[４],2026-03-07,2026-03-10,03,江戸川,一般,２１F　２３２３,2025-09-28,2025-10-02,03,江戸川,一般,転落５　２４５　１２,3716,石渡 鉄兵,2026-02-18,2026-02-24,03,江戸川,ＧⅠ,F　４　２５４　３１３,2026-01-02,2026-01-07,03,江戸川,一般,１２２　１１１　１　[１],2025-10-14,2025-10-19,03,江戸川,ＧⅡ,１１１　３４１３１　[１],2025-08-17,2025-08-22,03,江戸川,一般,　　２　１１１　１　[３],2025-08-03,2025-08-08,03,江戸川,ＧⅢ,１３３　１３４　２　[６],3569,増田 進,2026-04-13,2026-04-18,03,江戸川,一般,３　１４４　４F４　４,2026-01-02,2026-01-07,03,江戸川,一般,２　４５５　４３３５１,2025-10-05,2025-10-11,03,江戸川,ＧⅢ,２１　　３３１　５　３５,2025-08-17,2025-08-22,03,江戸川,一般,３　３　１６４　２２１５,2025-05-23,2025-05-28,03,江戸川,一般,３　４５１　４２５　４３,4086,寺本 重宣,2026-05-25,2026-05-31,03,江戸川,一般,２１１　３２５　　　３５３４,2026-02-28,2026-03-03,03,江戸川,一般,３１１１５　[４],2026-01-02,2026-01-07,03,江戸川,一般,３４３　１３４　１１２３,2025-10-14,2025-10-19,03,江戸川,ＧⅡ,５　５転６　６６６５６,2025-08-17,2025-08-22,03,江戸川,一般,１　３　３４２２３　[６]
202608120311,2026-08-12,03,11R,4095,福来 剛,2026-06-03,2026-06-07,03,江戸川,一般,２６１１転　３１,2026-05-11,2026-05-16,03,江戸川,ＧⅡ,　　５３４　２　４２４,2026-02-18,2026-02-24,03,江戸川,ＧⅠ,１５１　１３４　３　１１,2026-01-02,2026-01-07,03,江戸川,一般,１転３　２１４　２２４６,2025-12-17,2025-12-21,03,江戸川,一般,２２４１２　２４１２,3313,本吉 正樹,2026-07-11,2026-07-16,03,江戸川,一般,３５４　５２２　１３３６,2026-04-26,2026-05-01,03,江戸川,一般,３３４　４　６　３３５４,2026-01-02,2026-01-07,03,江戸川,一般,５６２　３６４　３５５,2025-10-25,2025-10-30,03,江戸川,一般,４　１５４　１６転３４,2025-05-23,2025-05-28,03,江戸川,一般,６２５　５３５５３　１５,4769,馬場 剛,2026-07-11,2026-07-16,03,江戸川,一般,３　１１３　２１４１[２],2026-05-11,2026-05-16,03,江戸川,ＧⅡ,２　６６４　４　２４２,2026-02-08,2026-02-12,03,江戸川,一般,２５１　１２２１[５],2026-01-02,2026-01-07,03,江戸川,一般,４　４３１　２４５　３１,2025-12-17,2025-12-21,03,江戸川,一般,１　３５２１１６６５,4430,永田 秀二,2026-07-23,2026-07-28,03,江戸川,ＧⅢ,４　３２６　２６２６４３,2026-05-11,2026-05-16,03,江戸川,ＧⅡ,２　６　６１４　３４２,2026-04-26,2026-05-01,03,江戸川,一般,２１５　３　５　１１３３,2026-01-02,2026-01-07,03,江戸川,一般,５　５２２　１６１　４６,2025-10-14,2025-10-19,03,江戸川,ＧⅡ,４　２１４　３２１４４,3303,渡辺 豊,2026-04-26,2026-05-01,03,江戸川,一般,４３３　１　４　２２１５,2026-02-01,2026-02-04,03,江戸川,一般,２　１３１１[１],2025-12-17,2025-12-21,03,江戸川,一般,４　１２４　２１１４,2025-11-23,2025-11-28,03,江戸川,一般,３６２　４４３　５３３２,2025-10-05,2025-10-11,03,江戸川,ＧⅢ,２１２　３４３　３　[５],5279,石渡 翔一郎,2026-06-24,2026-06-29,03,江戸川,一般,４３４　２６３　４５５,2026-06-11,2026-06-16,03,江戸川,一般,１　１３１　１４５４２２,2026-04-26,2026-05-01,03,江戸川,一般,２　５１　　６３１　１３,2026-04-13,2026-04-18,03,江戸川,一般,３　５５６　１３５　２１,2026-01-02,2026-01-07,03,江戸川,一般,１２３　２４２　３　[６]
202608120312,2026-08-12,03,12R,4075,中野 次郎,2026-05-11,2026-05-16,03,江戸川,ＧⅡ,３　６　５　５６６３２,2026-03-15,2026-03-20,03,江戸川,一般,１　１５３　１２１４２１,2025-11-23,2025-11-28,03,江戸川,一般,３１１　２２２３４２[２],2024-08-14,2024-08-20,03,江戸川,一般,３４３１１　６２４　[４],2023-02-10,2023-02-15,03,江戸川,ＧⅠ,転４５　１　５２２　３６,3911,鈴木 猛,2026-06-03,2026-06-07,03,江戸川,一般,４５転　２５１２,2026-03-15,2026-03-20,03,江戸川,一般,２２４　１５２　４５１２,2026-01-02,2026-01-07,03,江戸川,一般,４　４４２　４２３　６２,2025-10-25,2025-10-30,03,江戸川,一般,２４１欠,2025-10-05,2025-10-11,03,江戸川,ＧⅢ,４　１　４　６３４１４,4954,内山 峻輔,2026-02-08,2026-02-12,03,江戸川,一般,５２５　３２６４転５,2024-03-21,2024-03-27,03,江戸川,一般,１　３５,2024-01-02,2024-01-07,03,江戸川,一般,４　１２１４５２,2023-11-30,2023-12-05,03,江戸川,一般,２２３　２１３　２６３１,2023-09-09,2023-09-15,03,江戸川,一般,２　１３４　２２３３[６],3940,飯山 泰,2026-05-11,2026-05-16,03,江戸川,ＧⅡ,４　３　２６２　１１５６,2026-04-26,2026-05-01,03,江戸川,一般,１　２４　　３２４　１１,2026-02-18,2026-02-24,03,江戸川,ＧⅠ,５　６１６　５４５　２３,2025-12-17,2025-12-21,03,江戸川,一般,１　１４２　２１[１],2025-10-05,2025-10-11,03,江戸川,ＧⅢ,１１　　３３１　２　[４],4608,荒井 翔伍,2026-05-11,2026-05-16,03,江戸川,ＧⅡ,　　１４６　４　２６３,2026-04-26,2026-05-01,03,江戸川,一般,３４３　１　３　４２１,2025-10-14,2025-10-19,03,江戸川,ＧⅡ,３２５　２４５６４２３,2024-05-04,2024-05-08,03,江戸川,一般,３４１　１３２　[２],2024-02-27,2024-03-04,03,江戸川,ＧⅠ,５　３３２　２３　　１３,4379,桑島 和宏,2026-05-11,2026-05-16,03,江戸川,ＧⅡ,２　３　６５２　１４３,2026-04-26,2026-05-01,03,江戸川,一般,４　１５　　１３５　３２,2026-02-18,2026-02-24,03,江戸川,ＧⅠ,６　３　２５３　５４６,2025-12-25,2025-12-29,03,江戸川,一般,４５１　４６２　３２,2025-10-25,2025-10-30,03,江戸川,一般,５　１１２３１　４２[５]
202608120401,2026-08-12,04,01R,5047,國分 将太郎,2026-05-03,2026-05-08,04,平和島,一般,３　１４１２４　５２[６],2026-01-04,2026-01-09,04,平和島,一般,３２５　４４３　４５６,2025-08-16,2025-08-21,04,平和島,一般,３　２６２４４　４３２,2025-05-03,2025-05-08,04,平和島,一般,６　４F６　４　３　３,2025-01-04,2025-01-09,04,平和島,一般,４１１３２４４　５６１５,4460,後藤 翔之,2026-04-03,2026-04-08,04,平和島,一般,４４５　１１５　４５３,2025-08-25,2025-08-30,04,平和島,一般,６　２１２５３３５３５１,2025-05-03,2025-05-08,04,平和島,一般,４２３　３２４４２２１,2024-12-26,2024-12-31,04,平和島,一般,５３３４１６１　１２[５],2024-10-02,2024-10-07,04,平和島,一般,１３１　４１４３４２[６],5228,若林 樹蘭,2026-07-18,2026-07-21,04,平和島,一般,３４４２５　２２,2025-04-02,2025-04-07,04,平和島,一般,５６６　２１,2024-03-23,2024-03-28,04,平和島,一般,３４１　５１１　１３２２,2023-11-18,2023-11-23,04,平和島,一般,３　４３１　４２１６４２,2023-09-25,2023-09-28,04,平和島,一般,５２３　４３３１,5292,佐藤 右京,2025-05-03,2025-05-08,04,平和島,一般,６　４６５　５６６　３落,2025-02-16,2025-02-21,04,平和島,一般,４　４２６６４　５２２６,2024-02-14,2024-02-19,04,平和島,一般,６６６　６　４６５　６６,2024-01-19,2024-01-24,04,平和島,一般,　　　　　　　　　　６５,2023-09-15,2023-09-20,04,平和島,一般,６５６　６６６　５　６,4211,村田 敦,2026-06-24,2026-06-28,04,平和島,一般,６　２２５　１６,2026-05-03,2026-05-08,04,平和島,一般,６６３　３　４５６　３転,2026-04-11,2026-04-14,04,平和島,一般,６　４６３　３,2025-06-17,2025-06-20,04,平和島,一般,　　　　　　５３,2025-02-27,2025-03-02,04,平和島,一般,４５エ　１　４６,5449,,,,,,,,,,,,,,,,,,,,,,,,,,,,,,,
202608120402,2026-08-12,04,02R,4297,山田 哲也,2026-07-11,2026-07-14,04,平和島,一般,４１２４４３３２,2026-01-04,2026-01-09,04,平和島,一般,５１１　３５４３１５１２,2025-08-16,2025-08-21,04,平和島,一般,４６２　１３２１４６２２,2025-03-15,2025-03-20,04,平和島,ＧⅠ,６　４４１　４　２６４,2025-01-04,2025-01-09,04,平和島,一般,４　６１４３５１１６２１,5253,藤井 太雅,2026-05-03,2026-05-08,04,平和島,一般,３　５６F　６　４　３５,2026-01-21,2026-01-26,04,平和島,一般,５　５５６　６３３　１２,2025-07-21,2025-07-26,04,平和島,一般,１　４１１２２　１４５２,2025-02-27,2025-03-02,04,平和島,一般,５　５４５４１,2024-10-02,2024-10-07,04,平和島,一般,１４６　６５６　４　５５,4283,石井 裕美,2026-02-12,2026-02-17,04,平和島,ＧⅢ,４５３　５　５４５　５３,2023-10-16,2023-10-21,04,平和島,ＧⅢ,３　３４５３４　５４１,2022-11-12,2022-11-16,04,平和島,一般,２６６　５３５　４６,2022-04-15,2022-04-20,04,平和島,一般,４　２３６６５　４３５２,2021-07-01,2021-07-06,04,平和島,ＧⅢ,５　５３４　３３３　３５,5427,港 理樹,2026-08-03,2026-08-08,04,平和島,ＧⅢ,　　　　　　　　　　６６,2026-03-18,2026-03-21,04,平和島,一般,５４６　４　３３,2025-12-26,2025-12-31,04,平和島,一般,５　４６６　１３５　５５,,,,,,,,,,,,,4813,宮内 直哉,2026-01-04,2026-01-09,04,平和島,一般,６４４　６　６５６　３１,2025-10-01,2025-10-05,04,平和島,一般,５　２６１３５　４６,2024-09-23,2024-09-28,04,平和島,一般,６４５　３　６５１　４５,2024-08-07,2024-08-10,04,平和島,一般,４５５　５６２,2024-01-03,2024-01-08,04,平和島,一般,１５６　６２５　５　５３,5422,真田 聖也,2026-04-24,2026-04-29,04,平和島,一般,６　６６６　５６５　６６,2025-12-26,2025-12-31,04,平和島,一般,６　６６６　６５６　５５,,,,,,,,,,,,,,,,,,
202608120403,2026-08-12,04,03R,3463,乙津 康志,2026-04-24,2026-04-29,04,平和島,一般,３５４　２５３　３２３４,2026-03-09,2026-03-14,04,平和島,一般,　　　　　　　　４１３３,2026-01-14,2026-01-18,04,平和島,一般,２　５３４３１　３５,2025-02-27,2025-03-02,04,平和島,一般,５４２　２３４２,2024-08-16,2024-08-22,04,平和島,一般,３　２２２６２５５６３４,3859,多羅尾 達之,2026-01-04,2026-01-09,04,平和島,一般,４　３６１　５６５　２１,2025-08-16,2025-08-21,04,平和島,一般,５　４６６　６３１　５１,2025-01-04,2025-01-09,04,平和島,一般,３６６　２２４６５　４６,2023-08-13,2023-08-18,04,平和島,一般,６６３　４４３　２　５６,2023-03-01,2023-03-05,04,平和島,一般,F５６　５　４　４,4496,内堀 学,2026-03-09,2026-03-14,04,平和島,一般,１１３２１１２　２１[１],2026-01-04,2026-01-09,04,平和島,一般,１１１４１　２１１３２５,2025-09-22,2025-09-27,04,平和島,一般,１　２４３１１２５４１３,2025-07-29,2025-08-03,04,平和島,一般,３２３　１４４６２５,2025-04-21,2025-04-24,04,平和島,一般,５３５　２２３４,4619,伏田 裕隆,2026-01-04,2026-01-09,04,平和島,一般,３４６　３２２　３６３１,2025-07-11,2025-07-16,04,平和島,一般,２　６１６５１　１２１４,2025-02-27,2025-03-02,04,平和島,一般,５６６　３３２４,2024-02-23,2024-02-26,04,平和島,一般,１４１５３　３２,2023-07-26,2023-07-31,04,平和島,ＧⅢ,３　３６２　２４２４２３,4053,芦澤 望,2026-05-03,2026-05-08,04,平和島,一般,２１６６４　１２F６４,2026-01-04,2026-01-09,04,平和島,一般,５　１２２２３４２２[２],2025-07-29,2025-08-03,04,平和島,一般,３　４４３４２　欠欠,2024-07-04,2024-07-09,04,平和島,ＧⅢ,１２４　４５３５６２６１,2023-08-13,2023-08-18,04,平和島,一般,２５２３落,4421,森作 広大,2026-04-24,2026-04-29,04,平和島,一般,５４３　６　６６５　４４,2025-07-11,2025-07-16,04,平和島,一般,６５５　４　５４５　３５,2025-02-27,2025-03-02,04,平和島,一般,６　２１５１５２,2024-11-06,2024-11-11,04,平和島,一般,３５５　６５２　５　１４,2024-09-08,2024-09-11,04,平和島,一般,３　３４４　２５
202608120404,2026-08-12,04,04R,4728,山口 亮,2026-02-04,2026-02-07,04,平和島,一般,２　６６６３６５,2025-07-02,2025-07-07,04,平和島,ＧⅢ,６２１　６３２　３５６２,2025-02-27,2025-03-02,04,平和島,一般,４６１　３２１４,2024-10-11,2024-10-16,04,平和島,一般,３２１　２４２　１５１２,2024-07-04,2024-07-09,04,平和島,ＧⅢ,４　５２６　２５１　６６,4560,庄司 樹良々,2026-05-03,2026-05-08,04,平和島,一般,５３１　５４４　１２２１,2026-04-11,2026-04-14,04,平和島,一般,３５３　５２３３,2025-08-16,2025-08-21,04,平和島,一般,４３５１５　３５５　４１,2025-02-27,2025-03-02,04,平和島,一般,２２１２２　[４],2025-01-04,2025-01-09,04,平和島,一般,５　４２３２１３１３１１,4036,金田 諭,2026-05-03,2026-05-08,04,平和島,一般,３２２３３　２２２３１１,2026-01-29,2026-02-01,04,平和島,一般,２２２２６　２１,2025-09-13,2025-09-18,04,平和島,一般,５３１　５６２２２６１５,2024-06-22,2024-06-25,04,平和島,一般,１４１１１５[２],2024-02-03,2024-02-08,04,平和島,ＧⅠ,３５２　３　６１１２４,5415,阿部 未侑,2025-08-16,2025-08-21,04,平和島,一般,６　６　６６６６６　６,2025-05-11,2025-05-16,04,平和島,一般,６　６６６　６６６　６６,,,,,,,,,,,,,,,,,,,5175,島崎 丈一朗,2026-05-03,2026-05-08,04,平和島,一般,１　３１５　３２３３４１,2026-03-25,2026-03-30,04,平和島,一般,２２４　５３１　４５２３,2025-06-17,2025-06-20,04,平和島,一般,６　３６５６６,2025-02-16,2025-02-21,04,平和島,一般,２　３１６５５４２６５４,2024-09-08,2024-09-11,04,平和島,一般,５２４　５５２３,4676,後藤 隼之,2026-01-14,2026-01-18,04,平和島,一般,４１３　１６２４２４,2025-08-16,2025-08-21,04,平和島,一般,３５４　５　２３１５４,2025-02-27,2025-03-02,04,平和島,一般,６３４　３２５３,2024-10-11,2024-10-16,04,平和島,一般,５４４　２４５　１　２４,2024-02-23,2024-02-26,04,平和島,一般,１５５５５　４１
202608120405,2026-08-12,04,05R,5226,藤田 俊祐,2026-06-18,2026-06-21,04,平和島,一般,６　２４３１６４,2025-03-15,2025-03-20,04,平和島,ＧⅠ,４　転　５４５　２６６,2024-07-23,2024-07-26,04,平和島,一般,４２３　２２４１,2024-03-23,2024-03-28,04,平和島,一般,６　６２１　２２６６１１,2023-03-01,2023-03-05,04,平和島,一般,２２４４４　１５１２,4191,赤羽 克也,2026-05-12,2026-05-16,04,平和島,一般,４１５４５　２６５４,2025-04-02,2025-04-07,04,平和島,一般,４　４４４,2024-05-03,2024-05-08,04,平和島,一般,４　２６,2024-02-03,2024-02-08,04,平和島,ＧⅠ,４４１　１　２６４　１４,2023-11-18,2023-11-23,04,平和島,一般,２６３　１３１１４１[５],4488,小山 勉,2026-03-02,2026-03-06,04,平和島,一般,３２５２３　５　４２,2025-06-09,2025-06-12,04,平和島,一般,４F５２４　２,2023-11-18,2023-11-23,04,平和島,一般,６　２２２２３６２６１４,2022-10-22,2022-10-26,04,平和島,一般,１　３２２１３２[６],2022-05-12,2022-05-16,04,平和島,一般,２２２２２　４２[４],5135,仲 航太,2026-07-11,2026-07-14,04,平和島,一般,６２１　２２６３,2026-01-04,2026-01-09,04,平和島,一般,１６４３６　１２３４F６,2025-08-16,2025-08-21,04,平和島,一般,６４１　１２２　１６２４,2025-07-21,2025-07-26,04,平和島,一般,６２６　１２４　１５４１,2025-05-03,2025-05-08,04,平和島,一般,２６３　３１３　５６２４,4104,木下 陽介,2026-06-24,2026-06-28,04,平和島,一般,３　４３５５５５,2026-01-04,2026-01-09,04,平和島,一般,１３３　１６５　２６２６,2025-08-16,2025-08-21,04,平和島,一般,４１１　２５６　６６１６,2025-05-03,2025-05-08,04,平和島,一般,２　１４２４６　１５１,2024-08-16,2024-08-22,04,平和島,一般,４６３　６　４２３　４５,5436,市川 瑚幸,2026-07-25,2026-07-30,04,平和島,一般,６　３６６　５５６　５６,2026-06-24,2026-06-28,04,平和島,一般,６６６　４６,2026-05-12,2026-05-16,04,平和島,一般,６　５　６６６５６５,2026-02-12,2026-02-17,04,平和島,ＧⅢ,６　６６６　６６６　６６,,,,,,
202608120406,2026-08-12,04,06R,4779,伊倉 光,2026-07-11,2026-07-14,04,平和島,一般,２３３　１６５５,2026-04-11,2026-04-14,04,平和島,一般,３３５　１　４４,2026-01-04,2026-01-09,04,平和島,一般,２５４　３５４　３　６２,2025-07-21,2025-07-26,04,平和島,一般,５６４　３　２６４　６３,2025-05-03,2025-05-08,04,平和島,一般,１１２　４５５　５５５５,3385,渡邉 睦広,2026-05-03,2026-05-08,04,平和島,一般,２２４　５１３　５４２５,2026-03-18,2026-03-21,04,平和島,一般,２１４　１３[３],2026-01-04,2026-01-09,04,平和島,一般,２１２　３４４　１４６２,2025-08-16,2025-08-21,04,平和島,一般,３６２　６４２　４　２１,2025-04-02,2025-04-07,04,平和島,一般,２　１２６１２５２６４３,3256,三角 哲男,2026-04-11,2026-04-14,04,平和島,一般,１１１　３３[３],2026-01-14,2026-01-18,04,平和島,一般,３　３１３１２１[５],2025-08-25,2025-08-30,04,平和島,一般,６３１２３　１１４１[２],2025-07-02,2025-07-07,04,平和島,ＧⅢ,３３１２２　１２５１[３],2025-05-03,2025-05-08,04,平和島,一般,３４２　３２１２２６１６,3353,前田 光昭,2025-06-09,2025-06-12,04,平和島,一般,６　２１２F５,2023-07-16,2023-07-21,04,平和島,一般,３５１　３６１６３　４６,2023-04-24,2023-04-29,04,平和島,一般,５４１　４５３２４６１,2022-12-26,2022-12-31,04,平和島,一般,３５４　１２２２５４３６,2022-08-30,2022-09-02,04,平和島,一般,３５４　５５３,5449,,,,,,,,,,,,,,,,,,,,,,,,,,,,,,,,5005,石田 貴洋,2025-06-23,2025-06-28,04,平和島,一般,４　４４２　２３４１５５,2024-01-19,2024-01-24,04,平和島,一般,落３５　３３２４４　３３,2023-03-25,2023-03-28,04,平和島,一般,３１２４６　４６,2022-08-02,2022-08-07,04,平和島,一般,３２１　３４４６３４２３,2022-03-24,2022-03-29,04,平和島,一般,１　４５５１２　５２[４]
202608120407,2026-08-12,04,07R,4484,稲生 夏季,2026-02-12,2026-02-17,04,平和島,ＧⅢ,F５４　２　４　４　６,2024-12-26,2024-12-31,04,平和島,一般,２　４５３２５４３３５４,2024-04-13,2024-04-18,04,平和島,一般,５６５　５　４５３　５４,2023-11-18,2023-11-23,04,平和島,一般,４６４　３　５５５　１６,2023-10-16,2023-10-21,04,平和島,ＧⅢ,４　３３１　４４３６４６,5047,國分 将太郎,2026-05-03,2026-05-08,04,平和島,一般,３　１４１２４　５２[６],2026-01-04,2026-01-09,04,平和島,一般,３２５　４４３　４５６,2025-08-16,2025-08-21,04,平和島,一般,３　２６２４４　４３２,2025-05-03,2025-05-08,04,平和島,一般,６　４F６　４　３　３,2025-01-04,2025-01-09,04,平和島,一般,４１１３２４４　５６１５,4297,山田 哲也,2026-07-11,2026-07-14,04,平和島,一般,４１２４４３３２,2026-01-04,2026-01-09,04,平和島,一般,５１１　３５４３１５１２,2025-08-16,2025-08-21,04,平和島,一般,４６２　１３２１４６２２,2025-03-15,2025-03-20,04,平和島,ＧⅠ,６　４４１　４　２６４,2025-01-04,2025-01-09,04,平和島,一般,４　６１４３５１１６２１,3826,村田 修次,2026-05-03,2026-05-08,04,平和島,一般,４４５　１５４　２１２１,2025-05-20,2025-05-25,04,平和島,ＧⅡ,３　３６３　６　４３４,2025-03-26,2025-03-30,04,平和島,一般,２　６２２不２　４２,2025-01-20,2025-01-25,04,平和島,一般,４３４４２　エ４１５５１,2024-05-14,2024-05-19,04,平和島,ＧⅡ,４　２４５　４４２４１,4895,門間 雄大,2026-01-04,2026-01-09,04,平和島,一般,３　３６５１欠,2025-08-16,2025-08-21,04,平和島,一般,エ３３　５３４　６　１５,2025-05-03,2025-05-08,04,平和島,一般,３　４５５６３　１　２４,2025-02-27,2025-03-02,04,平和島,一般,３４１　１３[３],2025-01-04,2025-01-09,04,平和島,一般,３　４４１２１３３５１３,3992,関口 智久,2026-04-11,2026-04-14,04,平和島,一般,６５４　３　１２,2025-12-26,2025-12-31,04,平和島,一般,　　４２転１４６３５１１,2022-11-20,2022-11-25,04,平和島,一般,３２２６２　２５５F３,2022-05-03,2022-05-08,04,平和島,一般,３　３５２２１６３F６,2021-10-04,2021-10-09,04,平和島,一般,４２１　３２５　２４２６
202608120408,2026-08-12,04,08R,4152,深水 慎一郎,2026-05-03,2026-05-08,04,平和島,一般,１　６５６　４６６　１３,2026-01-04,2026-01-09,04,平和島,一般,２３２　１２１　２５３１,2025-06-17,2025-06-20,04,平和島,一般,２６２１１４５４,2025-05-03,2025-05-08,04,平和島,一般,転６５４１　３６３６５,2024-10-11,2024-10-16,04,平和島,一般,１　１３４　３２２４４３,4211,村田 敦,2026-06-24,2026-06-28,04,平和島,一般,６　２２５　１６,2026-05-03,2026-05-08,04,平和島,一般,６６３　３　４５６　３転,2026-04-11,2026-04-14,04,平和島,一般,６　４６３　３,2025-06-17,2025-06-20,04,平和島,一般,　　　　　　５３,2025-02-27,2025-03-02,04,平和島,一般,４５エ　１　４６,4421,森作 広大,2026-04-24,2026-04-29,04,平和島,一般,５４３　６　６６５　４４,2025-07-11,2025-07-16,04,平和島,一般,６５５　４　５４５　３５,2025-02-27,2025-03-02,04,平和島,一般,６　２１５１５２,2024-11-06,2024-11-11,04,平和島,一般,３５５　６５２　５　１４,2024-09-08,2024-09-11,04,平和島,一般,３　３４４　２５,3966,作間 章,2026-05-03,2026-05-08,04,平和島,一般,１６１　１２３１３１[３],2026-01-04,2026-01-09,04,平和島,一般,４３１１１　１１３１[３],2025-08-16,2025-08-21,04,平和島,一般,１５３　１１１３２２[１],2025-05-03,2025-05-08,04,平和島,一般,１５２２３　３２３４２２,2025-01-04,2025-01-09,04,平和島,一般,１２５　２４２１４６２２,5422,真田 聖也,2026-04-24,2026-04-29,04,平和島,一般,６　６６６　５６５　６６,2025-12-26,2025-12-31,04,平和島,一般,６　６６６　６５６　５５,,,,,,,,,,,,,,,,,,,5365,石村 日奈那,2026-05-03,2026-05-08,04,平和島,一般,６　５　６６６６３　４４,2026-02-12,2026-02-17,04,平和島,ＧⅢ,３　５５５　６３４　６４,2025-04-13,2025-04-18,04,平和島,一般,６６５　４　F５５　６,2024-12-14,2024-12-19,04,平和島,一般,６　５６６　６６５　６６,,,,,,
202608120409,2026-08-12,04,09R,3319,山崎 義明,2026-04-03,2026-04-08,04,平和島,一般,１２２　２２５　２３３４,2024-10-11,2024-10-16,04,平和島,一般,１　１３３５４５６３２１,2024-04-02,2024-04-07,04,平和島,一般,６４４５４６５　６５３,2024-02-14,2024-02-19,04,平和島,一般,２１４　２５５２１６２４,2023-10-07,2023-10-12,04,平和島,一般,３２４　１１転３２４落欠,4496,内堀 学,2026-03-09,2026-03-14,04,平和島,一般,１１３２１１２　２１[１],2026-01-04,2026-01-09,04,平和島,一般,１１１４１　２１１３２５,2025-09-22,2025-09-27,04,平和島,一般,１　２４３１１２５４１３,2025-07-29,2025-08-03,04,平和島,一般,３２３　１４４６２５,2025-04-21,2025-04-24,04,平和島,一般,５３５　２２３４,5253,藤井 太雅,2026-05-03,2026-05-08,04,平和島,一般,３　５６F　６　４　３５,2026-01-21,2026-01-26,04,平和島,一般,５　５５６　６３３　１２,2025-07-21,2025-07-26,04,平和島,一般,１　４１１２２　１４５２,2025-02-27,2025-03-02,04,平和島,一般,５　５４５４１,2024-10-02,2024-10-07,04,平和島,一般,１４６　６５６　４　５５,4460,後藤 翔之,2026-04-03,2026-04-08,04,平和島,一般,４４５　１１５　４５３,2025-08-25,2025-08-30,04,平和島,一般,６　２１２５３３５３５１,2025-05-03,2025-05-08,04,平和島,一般,４２３　３２４４２２１,2024-12-26,2024-12-31,04,平和島,一般,５３３４１６１　１２[５],2024-10-02,2024-10-07,04,平和島,一般,１３１　４１４３４２[６],5415,阿部 未侑,2025-08-16,2025-08-21,04,平和島,一般,６　６　６６６６６　６,2025-05-11,2025-05-16,04,平和島,一般,６　６６６　６６６　６６,,,,,,,,,,,,,,,,,,,3857,阿波 勝哉,2026-05-03,2026-05-08,04,平和島,一般,３　２３エ１４　３５４５,2026-01-04,2026-01-09,04,平和島,一般,３　３４５４４　３　２５,2025-09-22,2025-09-27,04,平和島,一般,３１４　２６２　５５２１,2025-05-03,2025-05-08,04,平和島,一般,５　４６２　２５６　４６,2025-01-04,2025-01-09,04,平和島,一般,３　６２４２２５１１１F
202608120410,2026-08-12,04,10R,4560,庄司 樹良々,2026-05-03,2026-05-08,04,平和島,一般,５３１　５４４　１２２１,2026-04-11,2026-04-14,04,平和島,一般,３５３　５２３３,2025-08-16,2025-08-21,04,平和島,一般,４３５１５　３５５　４１,2025-02-27,2025-03-02,04,平和島,一般,２２１２２　[４],2025-01-04,2025-01-09,04,平和島,一般,５　４２３２１３１３１１,5005,石田 貴洋,2025-06-23,2025-06-28,04,平和島,一般,４　４４２　２３４１５５,2024-01-19,2024-01-24,04,平和島,一般,落３５　３３２４４　３３,2023-03-25,2023-03-28,04,平和島,一般,３１２４６　４６,2022-08-02,2022-08-07,04,平和島,一般,３２１　３４４６３４２３,2022-03-24,2022-03-29,04,平和島,一般,１　４５５１２　５２[４],4680,後藤 美翼,2026-07-25,2026-07-30,04,平和島,一般,６３１４４　２２３３転３,2026-02-12,2026-02-17,04,平和島,ＧⅢ,１４５　４２２　１４４４,2025-04-13,2025-04-18,04,平和島,一般,３　不６２　６２３　５４,2025-01-20,2025-01-25,04,平和島,一般,５２２　２１５４５５６６,2024-11-25,2024-11-30,04,平和島,一般,２３２２１　１４４５４１,3463,乙津 康志,2026-04-24,2026-04-29,04,平和島,一般,３５４　２５３　３２３４,2026-03-09,2026-03-14,04,平和島,一般,　　　　　　　　４１３３,2026-01-14,2026-01-18,04,平和島,一般,２　５３４３１　３５,2025-02-27,2025-03-02,04,平和島,一般,５４２　２３４２,2024-08-16,2024-08-22,04,平和島,一般,３　２２２６２５５６３４,4488,小山 勉,2026-03-02,2026-03-06,04,平和島,一般,３２５２３　５　４２,2025-06-09,2025-06-12,04,平和島,一般,４F５２４　２,2023-11-18,2023-11-23,04,平和島,一般,６　２２２２３６２６１４,2022-10-22,2022-10-26,04,平和島,一般,１　３２２１３２[６],2022-05-12,2022-05-16,04,平和島,一般,２２２２２　４２[４],5292,佐藤 右京,2025-05-03,2025-05-08,04,平和島,一般,６　４６５　５６６　３落,2025-02-16,2025-02-21,04,平和島,一般,４　４２６６４　５２２６,2024-02-14,2024-02-19,04,平和島,一般,６６６　６　４６５　６６,2024-01-19,2024-01-24,04,平和島,一般,　　　　　　　　　　６５,2023-09-15,2023-09-20,04,平和島,一般,６５６　６６６　５　６
202608120411,2026-08-12,04,11R,4191,赤羽 克也,2026-05-12,2026-05-16,04,平和島,一般,４１５４５　２６５４,2025-04-02,2025-04-07,04,平和島,一般,４　４４４,2024-05-03,2024-05-08,04,平和島,一般,４　２６,2024-02-03,2024-02-08,04,平和島,ＧⅠ,４４１　１　２６４　１４,2023-11-18,2023-11-23,04,平和島,一般,２６３　１３１１４１[５],4813,宮内 直哉,2026-01-04,2026-01-09,04,平和島,一般,６４４　６　６５６　３１,2025-10-01,2025-10-05,04,平和島,一般,５　２６１３５　４６,2024-09-23,2024-09-28,04,平和島,一般,６４５　３　６５１　４５,2024-08-07,2024-08-10,04,平和島,一般,４５５　５６２,2024-01-03,2024-01-08,04,平和島,一般,１５６　６２５　５　５３,4676,後藤 隼之,2026-01-14,2026-01-18,04,平和島,一般,４１３　１６２４２４,2025-08-16,2025-08-21,04,平和島,一般,３５４　５　２３１５４,2025-02-27,2025-03-02,04,平和島,一般,６３４　３２５３,2024-10-11,2024-10-16,04,平和島,一般,５４４　２４５　１　２４,2024-02-23,2024-02-26,04,平和島,一般,１５５５５　４１,5228,若林 樹蘭,2026-07-18,2026-07-21,04,平和島,一般,３４４２５　２２,2025-04-02,2025-04-07,04,平和島,一般,５６６　２１,2024-03-23,2024-03-28,04,平和島,一般,３４１　５１１　１３２２,2023-11-18,2023-11-23,04,平和島,一般,３　４３１　４２１６４２,2023-09-25,2023-09-28,04,平和島,一般,５２３　４３３１,3353,前田 光昭,2025-06-09,2025-06-12,04,平和島,一般,６　２１２F５,2023-07-16,2023-07-21,04,平和島,一般,３５１　３６１６３　４６,2023-04-24,2023-04-29,04,平和島,一般,５４１　４５３２４６１,2022-12-26,2022-12-31,04,平和島,一般,３５４　１２２２５４３６,2022-08-30,2022-09-02,04,平和島,一般,３５４　５５３,4759,今泉 友吾,2026-03-18,2026-03-21,04,平和島,一般,２３１１エ欠,2025-09-04,2025-09-10,04,平和島,ＧⅠ,３　２５６　１　１１１５,2025-08-16,2025-08-21,04,平和島,一般,１４２２４１３　３３３１,2025-03-15,2025-03-20,04,平和島,ＧⅠ,２６１　２　３３５　６４,2025-01-04,2025-01-09,04,平和島,一般,１２２２１１２　４１[４]
202608120412,2026-08-12,04,12R,3256,三角 哲男,2026-04-11,2026-04-14,04,平和島,一般,１１１　３３[３],2026-01-14,2026-01-18,04,平和島,一般,３　３１３１２１[５],2025-08-25,2025-08-30,04,平和島,一般,６３１２３　１１４１[２],2025-07-02,2025-07-07,04,平和島,ＧⅢ,３３１２２　１２５１[３],2025-05-03,2025-05-08,04,平和島,一般,３４２　３２１２２６１６,4053,芦澤 望,2026-05-03,2026-05-08,04,平和島,一般,２１６６４　１２F６４,2026-01-04,2026-01-09,04,平和島,一般,５　１２２２３４２２[２],2025-07-29,2025-08-03,04,平和島,一般,３　４４３４２　欠欠,2024-07-04,2024-07-09,04,平和島,ＧⅢ,１２４　４５３５６２６１,2023-08-13,2023-08-18,04,平和島,一般,２５２３落,3826,村田 修次,2026-05-03,2026-05-08,04,平和島,一般,４４５　１５４　２１２１,2025-05-20,2025-05-25,04,平和島,ＧⅡ,３　３６３　６　４３４,2025-03-26,2025-03-30,04,平和島,一般,２　６２２不２　４２,2025-01-20,2025-01-25,04,平和島,一般,４３４４２　エ４１５５１,2024-05-14,2024-05-19,04,平和島,ＧⅡ,４　２４５　４４２４１,4104,木下 陽介,2026-06-24,2026-06-28,04,平和島,一般,３　４３５５５５,2026-01-04,2026-01-09,04,平和島,一般,１３３　１６５　２６２６,2025-08-16,2025-08-21,04,平和島,一般,４１１　２５６　６６１６,2025-05-03,2025-05-08,04,平和島,一般,２　１４２４６　１５１,2024-08-16,2024-08-22,04,平和島,一般,４６３　６　４２３　４５,5427,港 理樹,2026-08-03,2026-08-08,04,平和島,ＧⅢ,　　　　　　　　　　６６,2026-03-18,2026-03-21,04,平和島,一般,５４６　４　３３,2025-12-26,2025-12-31,04,平和島,一般,５　４６６　１３５　５５,,,,,,,,,,,,,4036,金田 諭,2026-05-03,2026-05-08,04,平和島,一般,３２２３３　２２２３１１,2026-01-29,2026-02-01,04,平和島,一般,２２２２６　２１,2025-09-13,2025-09-18,04,平和島,一般,５３１　５６２２２６１５,2024-06-22,2024-06-25,04,平和島,一般,１４１１１５[２],2024-02-03,2024-02-08,04,平和島,ＧⅠ,３５２　３　６１１２４
202608120601,2026-08-12,06,01R,5174,川井 萌,2026-07-10,2026-07-15,06,浜名湖,一般,２　３１２５３１４５F３,2026-06-06,2026-06-10,06,浜名湖,一般,１　４３４２１５５４,2026-01-30,2026-02-04,06,浜名湖,一般,３　５２１　１１４１[４],2025-06-05,2025-06-09,06,浜名湖,一般,１５F１２　５　５,2025-05-02,2025-05-07,06,浜名湖,一般,２３３１４　４１４４３４,3995,重野 哲之,2026-06-13,2026-06-16,06,浜名湖,一般,１５２４２２１４,2026-05-03,2026-05-08,06,浜名湖,一般,３２３　２１６　４４１３,2026-01-15,2026-01-20,06,浜名湖,一般,１４１１１３６１２３３１,2025-11-26,2025-12-01,06,浜名湖,一般,４６欠,2025-08-15,2025-08-20,06,浜名湖,一般,１　４５不３２５６　１３,4918,川島 拓郎,2026-04-19,2026-04-22,06,浜名湖,一般,６　３２１４４,2025-12-29,2026-01-03,06,浜名湖,一般,３４５　４４３　５　２３,2025-10-25,2025-10-30,06,浜名湖,一般,　　　　　　　　　　３２,2025-08-30,2025-09-03,06,浜名湖,一般,１　６１２６５４４,2025-08-15,2025-08-20,06,浜名湖,一般,　　　　　　　　２１３,3956,横澤 剛治,2026-07-31,2026-08-05,06,浜名湖,ＧⅢ,１　１１３４１３４２[５],2026-05-03,2026-05-08,06,浜名湖,一般,６　６２１４１２２１[４],2025-12-29,2026-01-03,06,浜名湖,一般,５１４４３　１１１２[４],2025-08-15,2025-08-20,06,浜名湖,一般,６４２４２　４６３　２,2025-05-28,2025-06-02,06,浜名湖,一般,１１４３１　３１４１[２],4984,森下 愛梨,2026-01-30,2026-02-04,06,浜名湖,一般,４　４５４　２６２　１３,2025-12-29,2026-01-03,06,浜名湖,一般,４３３　転６５　６３２,2025-06-05,2025-06-09,06,浜名湖,一般,１　５５１４５　１３,2024-12-29,2025-01-03,06,浜名湖,一般,６　２２５　１６２　２４,2024-08-19,2024-08-24,06,浜名湖,ＧⅢ,３３,4216,星 栄爾,2026-05-03,2026-05-08,06,浜名湖,一般,３　２５６３６　６６５,2026-03-20,2026-03-25,06,浜名湖,ＧⅢ,２５５　３　５３３　１２,2025-12-29,2026-01-03,06,浜名湖,一般,２　３１６２３６２　１,2025-08-15,2025-08-20,06,浜名湖,一般,６　４５１５６　２　２６,2025-05-02,2025-05-07,06,浜名湖,一般,４４３　６６３　２　４４
202608120602,2026-08-12,06,02R,4625,渡邊 裕貴,2026-06-30,2026-07-05,06,浜名湖,一般,１４２　３２４　４３１４,2026-05-16,2026-05-19,06,浜名湖,一般,１５３　１１[４],2026-04-19,2026-04-22,06,浜名湖,一般,１６１３５　３４,2025-12-29,2026-01-03,06,浜名湖,一般,６５２　２４４　５　３５,2025-11-26,2025-12-01,06,浜名湖,一般,６　２３６　４６１　４６,3422,服部 幸男,2026-05-26,2026-05-31,06,浜名湖,ＳＧ,５　２６２　３　５６４,2026-05-03,2026-05-08,06,浜名湖,一般,１４１１５４１　６１[３],2025-12-29,2026-01-03,06,浜名湖,一般,３４２　３１５５６　６２,2025-11-03,2025-11-08,06,浜名湖,ＧⅠ,６　１　３４６　５６１,2025-09-11,2025-09-16,06,浜名湖,一般,１２２　３１１　５１[６],5248,本田 愛,2026-07-10,2026-07-15,06,浜名湖,一般,４５３　１４１　１５１２,2026-05-03,2026-05-08,06,浜名湖,一般,２２６　５２３　３１６,2026-01-30,2026-02-04,06,浜名湖,一般,２　４２３　３５４４４２,2025-12-29,2026-01-03,06,浜名湖,一般,５　３３６　３６４　５４,2025-08-15,2025-08-20,06,浜名湖,一般,６　３６４　５６６　２５,4058,野末 智一,2026-05-03,2026-05-08,06,浜名湖,一般,２３４　１　３１３３４１,2026-02-10,2026-02-15,06,浜名湖,一般,３１２　１３２２３４１２,2025-12-29,2026-01-03,06,浜名湖,一般,１　３４３６３３４　１,2025-09-20,2025-09-25,06,浜名湖,一般,４２１１２３２　２１[３],2025-08-15,2025-08-20,06,浜名湖,一般,３４４　２５３　２３３,3990,芹澤 克彦,2026-07-31,2026-08-05,06,浜名湖,ＧⅢ,３　５４３　２３５５６,2026-06-30,2026-07-05,06,浜名湖,一般,４３２　３４３　１４５２,2026-05-03,2026-05-08,06,浜名湖,一般,４６５　６２２　４　３３,2025-12-29,2026-01-03,06,浜名湖,一般,３　５４４　４４４　１４,2025-03-13,2025-03-16,06,浜名湖,一般,１３２４５　４４,4131,原 豊土,2026-05-03,2026-05-08,06,浜名湖,一般,３　２２４３２　１４１４,2026-03-12,2026-03-17,06,浜名湖,一般,４２２　４１２４１４１１,2026-02-19,2026-02-24,06,浜名湖,一般,２　５１３２１２１５２２,2025-08-15,2025-08-20,06,浜名湖,一般,５３５　１１１　３３１２,2025-05-15,2025-05-20,06,浜名湖,一般,３４５　４５２　４３１３
202608120603,2026-08-12,06,03R,4076,杉田 篤光,2026-05-03,2026-05-08,06,浜名湖,一般,４６４　５４３　２　２６,2026-03-01,2026-03-06,06,浜名湖,一般,３１４　１２５３１３２４,2025-12-29,2026-01-03,06,浜名湖,一般,２　２６１６２３１４２５,2025-08-15,2025-08-20,06,浜名湖,一般,４４６６２　１　４６４,2024-12-29,2025-01-03,06,浜名湖,一般,１　３４５５４　５２１,3489,大場 敏,2026-05-03,2026-05-08,06,浜名湖,一般,４　２５１　３２１５３４,2025-12-29,2026-01-03,06,浜名湖,一般,１４１２２　１４３４１４,2025-08-15,2025-08-20,06,浜名湖,一般,４３４　３３２　４２１,2025-05-02,2025-05-07,06,浜名湖,一般,２２１　１５３　１３３２,2025-02-09,2025-02-14,06,浜名湖,一般,３３転１４　４３　　１４,4150,山田 雄太,2026-01-24,2026-01-27,06,浜名湖,一般,１４２　５５２６,2025-12-29,2026-01-03,06,浜名湖,一般,１５５　４３５　３２１,2025-08-15,2025-08-20,06,浜名湖,一般,２６３６３　３　３１５,2025-07-17,2025-07-22,06,浜名湖,一般,１　５３５３２１４４２６,2025-05-02,2025-05-07,06,浜名湖,一般,５　エ３４５５　６　５,5434,藤田 康生,2026-07-24,2026-07-27,06,浜名湖,一般,４　２５４３５４,2026-05-03,2026-05-08,06,浜名湖,一般,６５５　６４３　６　３５,2025-12-29,2026-01-03,06,浜名湖,一般,６　５５５５４　５６５,2025-11-26,2025-12-01,06,浜名湖,一般,５　６５６　６５３　６５,,,,,,,4068,幸田 智裕,2026-05-03,2026-05-08,06,浜名湖,一般,６５２　１５６　４５４,2026-03-29,2026-04-03,06,浜名湖,一般,４３３　５エ３　３　５,2025-11-26,2025-12-01,06,浜名湖,一般,１６２　３５４３３５３６,2025-08-15,2025-08-20,06,浜名湖,一般,　　　　　　　　５２５,2025-05-28,2025-06-02,06,浜名湖,一般,１４２　４３２　１４１５,3959,坪井 康晴,2026-06-06,2026-06-10,06,浜名湖,一般,２２４２１２２１[５],2026-05-03,2026-05-08,06,浜名湖,一般,３３４　１２５１転５３６,2025-12-29,2026-01-03,06,浜名湖,一般,２２２１２　１３３１[２],2025-11-03,2025-11-08,06,浜名湖,ＧⅠ,４１１　１　３５２　[５],2025-08-15,2025-08-20,06,浜名湖,一般,１６１１２　２４３２[３]
202608120604,2026-08-12,06,04R,4581,吉村 誠,2026-05-03,2026-05-08,06,浜名湖,一般,１５５　４１２３３２[５],2026-03-20,2026-03-25,06,浜名湖,ＧⅢ,２５２２１４２２６１[５],2025-12-29,2026-01-03,06,浜名湖,一般,５１６　３５３　１２５,2025-09-20,2025-09-25,06,浜名湖,一般,１１４５３４４　１３５４,2025-08-15,2025-08-20,06,浜名湖,一般,４　１３６５６５２　３,3156,金子 良昭,2026-07-10,2026-07-15,06,浜名湖,一般,２６５　５４１　２　５６,2026-05-03,2026-05-08,06,浜名湖,一般,４　１３４　５２１２２５,2025-10-17,2025-10-21,06,浜名湖,一般,４　６F６　４　６,2025-05-02,2025-05-07,06,浜名湖,一般,５　２３４　５６６５４,2025-03-29,2025-04-03,06,浜名湖,一般,４５２　６３５　５４４,3796,長野 道臣,2026-05-03,2026-05-08,06,浜名湖,一般,５５４　２５５　５　４４,2026-01-15,2026-01-20,06,浜名湖,一般,１　２５２４３　１６２２,2025-08-15,2025-08-20,06,浜名湖,一般,４４４　３　３３４　１１,2025-06-28,2025-07-03,06,浜名湖,一般,　　　　　　　　　　４５,2025-05-02,2025-05-07,06,浜名湖,一般,３　２４４　５５１　２４,5332,村松 遥輝,2026-07-24,2026-07-27,06,浜名湖,一般,１１１４４　[５],2026-04-25,2026-04-30,06,浜名湖,一般,４５４　１４６　２　２２,2026-02-19,2026-02-24,06,浜名湖,一般,２　１F６　６　３　５,2025-12-29,2026-01-03,06,浜名湖,一般,４　４１１　４２３５１２,2025-11-26,2025-12-01,06,浜名湖,一般,　　　　　　３２５４１,5432,安藤 瑠希,2026-05-03,2026-05-08,06,浜名湖,一般,６　５５６　４６５　５,2026-04-09,2026-04-14,06,浜名湖,一般,１　２４６　４４５６５,2025-12-29,2026-01-03,06,浜名湖,一般,６６６　４６６　６　６６,2025-11-26,2025-12-01,06,浜名湖,一般,６　５　６６６６６　６５,,,,,,,4840,鈴木 秀茉,2026-05-03,2026-05-08,06,浜名湖,一般,４６３　２６１　２２４,2026-01-24,2026-01-27,06,浜名湖,一般,３　１１１１[２],2025-09-11,2025-09-16,06,浜名湖,一般,２　６２１　６６１　３１,2024-12-29,2025-01-03,06,浜名湖,一般,３４６　４６５　２５６,2024-09-18,2024-09-23,06,浜名湖,ＧⅢ,２５３　３６４　４３５３
202608120605,2026-08-12,06,05R,3563,堤 昇,2026-07-31,2026-08-05,06,浜名湖,ＧⅢ,２　５２３５４　２２２,2026-05-03,2026-05-08,06,浜名湖,一般,４４３　５３４　転３３,2026-03-01,2026-03-06,06,浜名湖,一般,　　　　　　　　６５３４,2025-12-29,2026-01-03,06,浜名湖,一般,２４２　３２４　４６２５,2025-08-23,2025-08-26,06,浜名湖,一般,２　６２４５４２,5385,鈴木 柊介,2026-03-29,2026-04-03,06,浜名湖,一般,６５６　４４６　２　５,2026-01-08,2026-01-12,06,浜名湖,一般,　　　　　　　　２６,2025-12-29,2026-01-03,06,浜名湖,一般,４４６　５　４６転　５６,2025-08-30,2025-09-03,06,浜名湖,一般,　　　　　　　　３４,2025-08-23,2025-08-26,06,浜名湖,一般,　　　　　　３５,4933,板橋 侑我,2026-05-03,2026-05-08,06,浜名湖,一般,１３５２２３３　４６１５,2026-03-20,2026-03-25,06,浜名湖,ＧⅢ,６６４　５F３　６　４,2025-12-29,2026-01-03,06,浜名湖,一般,１　４２２１２４２３３１,2025-11-03,2025-11-08,06,浜名湖,ＧⅠ,２４６　３　２６５　４３,2025-08-15,2025-08-20,06,浜名湖,一般,１　２４２１２１３１[４],4317,木村 紗友希,2026-07-10,2026-07-15,06,浜名湖,一般,５　５４１　３４４４５６,2026-05-03,2026-05-08,06,浜名湖,一般,６　６６６　１６４　６,2026-01-30,2026-02-04,06,浜名湖,一般,６　２３６　４２１　２６,2025-12-29,2026-01-03,06,浜名湖,一般,４６２　６５６　４４１,2025-09-28,2025-10-03,06,浜名湖,一般,１５３　４５５　６　１３,3502,渡邉 英児,2026-06-20,2026-06-25,06,浜名湖,一般,１３５　２２６　１３３,2026-05-03,2026-05-08,06,浜名湖,一般,３　５落４４２　２　１５,2026-03-01,2026-03-06,06,浜名湖,一般,１２４　転欠,2025-12-29,2026-01-03,06,浜名湖,一般,１　４３２２１５２２[５],2025-09-11,2025-09-16,06,浜名湖,一般,２２３　２６１　３３５１,5034,若林 義人,2026-06-30,2026-07-05,06,浜名湖,一般,１　１３１　１３５１[５],2026-05-03,2026-05-08,06,浜名湖,一般,５３６１５　５１４　３１,2025-12-29,2026-01-03,06,浜名湖,一般,２３１６６　１２５３２４,2025-11-03,2025-11-08,06,浜名湖,ＧⅠ,５　１　６２６　５５５,2025-08-15,2025-08-20,06,浜名湖,一般,２５２　４４４２１３２６
202608120606,2026-08-12,06,06R,4918,川島 拓郎,2026-04-19,2026-04-22,06,浜名湖,一般,６　３２１４４,2025-12-29,2026-01-03,06,浜名湖,一般,３４５　４４３　５　２３,2025-10-25,2025-10-30,06,浜名湖,一般,　　　　　　　　　　３２,2025-08-30,2025-09-03,06,浜名湖,一般,１　６１２６５４４,2025-08-15,2025-08-20,06,浜名湖,一般,　　　　　　　　２１３,4073,大橋 純一郎,2026-07-10,2026-07-15,06,浜名湖,一般,１２４３３　３１３５１２,2026-04-19,2026-04-22,06,浜名湖,一般,１２１１１１[１],2025-12-29,2026-01-03,06,浜名湖,一般,５５３　６４２　３　１２,2025-11-26,2025-12-01,06,浜名湖,一般,４　３３１３３１２３５２,2025-10-08,2025-10-13,06,浜名湖,一般,３５４　４　１１１３３１,5269,山口 晃朋,2026-05-03,2026-05-08,06,浜名湖,一般,１１４　４　１５６６２６,2026-04-25,2026-04-30,06,浜名湖,一般,３３２　３４２　１４４４,2025-12-29,2026-01-03,06,浜名湖,一般,２３５　１５１　転５４６,2025-11-26,2025-12-01,06,浜名湖,一般,２１４　１３１６５６１４,2025-09-28,2025-10-03,06,浜名湖,一般,４３４　１３４　１３１,4843,深尾 巴恵,2026-05-03,2026-05-08,06,浜名湖,一般,１　１６３　４４５６５,2025-12-29,2026-01-03,06,浜名湖,一般,６５３　３　２６５　４３,2025-06-13,2025-06-18,06,浜名湖,ＧⅢ,５１２　１２５３４３１２,2025-01-30,2025-02-04,06,浜名湖,一般,１３６　５５３　３２３,2024-11-23,2024-11-27,06,浜名湖,一般,５１２　３６３４１５,5378,鈴木 結平太,2026-07-10,2026-07-15,06,浜名湖,一般,　　　　　　　　　　６６,2026-03-20,2026-03-25,06,浜名湖,ＧⅢ,　　　　　　　　　　６６,2026-01-15,2026-01-20,06,浜名湖,一般,　　　　　　　　　　６６,2025-12-29,2026-01-03,06,浜名湖,一般,６　６５５５転　６　転６,2025-11-26,2025-12-01,06,浜名湖,一般,　　　　　　　　　　６６,3987,後藤 正宗,2026-06-20,2026-06-25,06,浜名湖,一般,３　５４５　４３４　２,2026-06-13,2026-06-16,06,浜名湖,一般,３　１３３３１４,2026-05-03,2026-05-08,06,浜名湖,一般,２　５１３　３１３５１３,2026-03-01,2026-03-06,06,浜名湖,一般,１　１２４３２４４２[３],2025-12-29,2026-01-03,06,浜名湖,一般,４　４２３１２４１６３３
202608120607,2026-08-12,06,07R,4150,山田 雄太,2026-01-24,2026-01-27,06,浜名湖,一般,１４２　５５２６,2025-12-29,2026-01-03,06,浜名湖,一般,１５５　４３５　３２１,2025-08-15,2025-08-20,06,浜名湖,一般,２６３６３　３　３１５,2025-07-17,2025-07-22,06,浜名湖,一般,１　５３５３２１４４２６,2025-05-02,2025-05-07,06,浜名湖,一般,５　エ３４５５　６　５,4793,金子 萌,2026-05-03,2026-05-08,06,浜名湖,一般,１　２４落　４６３　２１,2025-12-29,2026-01-03,06,浜名湖,一般,欠,2025-12-10,2025-12-15,06,浜名湖,一般,転　１１５５５２２　６２,2025-08-23,2025-08-26,06,浜名湖,一般,４２４２１　２３,2025-06-05,2025-06-09,06,浜名湖,一般,２３３３１　２４１３,4216,星 栄爾,2026-05-03,2026-05-08,06,浜名湖,一般,３　２５６３６　６６５,2026-03-20,2026-03-25,06,浜名湖,ＧⅢ,２５５　３　５３３　１２,2025-12-29,2026-01-03,06,浜名湖,一般,２　３１６２３６２　１,2025-08-15,2025-08-20,06,浜名湖,一般,６　４５１５６　２　２６,2025-05-02,2025-05-07,06,浜名湖,一般,４４３　６６３　２　４４,3990,芹澤 克彦,2026-07-31,2026-08-05,06,浜名湖,ＧⅢ,３　５４３　２３５５６,2026-06-30,2026-07-05,06,浜名湖,一般,４３２　３４３　１４５２,2026-05-03,2026-05-08,06,浜名湖,一般,４６５　６２２　４　３３,2025-12-29,2026-01-03,06,浜名湖,一般,３　５４４　４４４　１４,2025-03-13,2025-03-16,06,浜名湖,一般,１３２４５　４４,4342,谷野 錬志,2026-05-26,2026-05-31,06,浜名湖,ＳＧ,３　５　３３５　３１３,2026-05-03,2026-05-08,06,浜名湖,一般,２１６１３１５　１４１２,2026-02-19,2026-02-24,06,浜名湖,一般,１３４１３１２１３１[１],2025-12-29,2026-01-03,06,浜名湖,一般,６　２３１１５　１５４３,2025-08-15,2025-08-20,06,浜名湖,一般,１２１　１２１２６１[１],4740,齋藤 達希,2026-05-16,2026-05-19,06,浜名湖,一般,３４１６１　３４,2026-05-03,2026-05-08,06,浜名湖,一般,３６３　２落３　４　１２,2025-12-29,2026-01-03,06,浜名湖,一般,２　１５４４３　６５５,2025-07-17,2025-07-22,06,浜名湖,一般,５　１２１１３２５５１,2024-12-29,2025-01-03,06,浜名湖,一般,４５１　１６４　３５５
202608120608,2026-08-12,06,08R,4058,野末 智一,2026-05-03,2026-05-08,06,浜名湖,一般,２３４　１　３１３３４１,2026-02-10,2026-02-15,06,浜名湖,一般,３１２　１３２２３４１２,2025-12-29,2026-01-03,06,浜名湖,一般,１　３４３６３３４　１,2025-09-20,2025-09-25,06,浜名湖,一般,４２１１２３２　２１[３],2025-08-15,2025-08-20,06,浜名湖,一般,３４４　２５３　２３３,5076,石原 光,2026-07-24,2026-07-27,06,浜名湖,一般,５　６３１５４２,2026-05-03,2026-05-08,06,浜名湖,一般,６　落５１　５５２　２,2026-03-20,2026-03-25,06,浜名湖,ＧⅢ,　　　　　　　　　　６３,2026-02-19,2026-02-24,06,浜名湖,一般,　　　　　　　　３３３３,2026-02-10,2026-02-15,06,浜名湖,一般,１４３　２　６２１６１４,5294,豊田 祥生,2026-05-03,2026-05-08,06,浜名湖,一般,６　５３５２６　５　６,2026-04-09,2026-04-14,06,浜名湖,一般,３　１６F　５　５　６,2026-02-10,2026-02-15,06,浜名湖,一般,５５４　５３２　１２３,2025-08-15,2025-08-20,06,浜名湖,一般,３　５１５４５　６５４,2025-05-02,2025-05-07,06,浜名湖,一般,４　５４４　６６５　５６,3744,徳増 秀樹,2026-07-31,2026-08-05,06,浜名湖,ＧⅢ,２１６６２　５６２　４４,2026-05-03,2026-05-08,06,浜名湖,一般,５　１４４６１３５　５４,2026-03-01,2026-03-06,06,浜名湖,一般,１１２１１　４１２１[１],2025-12-29,2026-01-03,06,浜名湖,一般,２２６１５２５　１　１４,2025-08-15,2025-08-20,06,浜名湖,一般,５　２６６３３６１　１１,5174,川井 萌,2026-07-10,2026-07-15,06,浜名湖,一般,２　３１２５３１４５F３,2026-06-06,2026-06-10,06,浜名湖,一般,１　４３４２１５５４,2026-01-30,2026-02-04,06,浜名湖,一般,３　５２１　１１４１[４],2025-06-05,2025-06-09,06,浜名湖,一般,１５F１２　５　５,2025-05-02,2025-05-07,06,浜名湖,一般,２３３１４　４１４４３４,5434,藤田 康生,2026-07-24,2026-07-27,06,浜名湖,一般,４　２５４３５４,2026-05-03,2026-05-08,06,浜名湖,一般,６５５　６４３　６　３５,2025-12-29,2026-01-03,06,浜名湖,一般,６　５５５５４　５６５,2025-11-26,2025-12-01,06,浜名湖,一般,５　６５６　６５３　６５,,,,,,
202608120609,2026-08-12,06,09R,4033,伊藤 将吉,2026-05-03,2026-05-08,06,浜名湖,一般,２１１６２　２４１３６１,2026-03-01,2026-03-06,06,浜名湖,一般,２３１１４４２　２３６５,2025-12-29,2026-01-03,06,浜名湖,一般,１　２５妨５５　３　３３,2025-10-08,2025-10-13,06,浜名湖,一般,１６３１２　２１３４５２,2025-08-15,2025-08-20,06,浜名湖,一般,１３２１５１３　４４４１,3960,菊地 孝平,2026-05-26,2026-05-31,06,浜名湖,ＳＧ,２２２　３　５２５　１４,2026-05-03,2026-05-08,06,浜名湖,一般,２１１３３　４２５１[１],2026-01-24,2026-01-27,06,浜名湖,一般,１３３２５１[３],2025-11-03,2025-11-08,06,浜名湖,ＧⅠ,３１２　４３５　５　１２,2025-09-28,2025-10-03,06,浜名湖,一般,２１３２４２５１５６５２,4625,渡邊 裕貴,2026-06-30,2026-07-05,06,浜名湖,一般,１４２　３２４　４３１４,2026-05-16,2026-05-19,06,浜名湖,一般,１５３　１１[４],2026-04-19,2026-04-22,06,浜名湖,一般,１６１３５　３４,2025-12-29,2026-01-03,06,浜名湖,一般,６５２　２４４　５　３５,2025-11-26,2025-12-01,06,浜名湖,一般,６　２３６　４６１　４６,4068,幸田 智裕,2026-05-03,2026-05-08,06,浜名湖,一般,６５２　１５６　４５４,2026-03-29,2026-04-03,06,浜名湖,一般,４３３　５エ３　３　５,2025-11-26,2025-12-01,06,浜名湖,一般,１６２　３５４３３５３６,2025-08-15,2025-08-20,06,浜名湖,一般,　　　　　　　　５２５,2025-05-28,2025-06-02,06,浜名湖,一般,１４２　４３２　１４１５,3956,横澤 剛治,2026-07-31,2026-08-05,06,浜名湖,ＧⅢ,１　１１３４１３４２[５],2026-05-03,2026-05-08,06,浜名湖,一般,６　６２１４１２２１[４],2025-12-29,2026-01-03,06,浜名湖,一般,５１４４３　１１１２[４],2025-08-15,2025-08-20,06,浜名湖,一般,６４２４２　４６３　２,2025-05-28,2025-06-02,06,浜名湖,一般,１１４３１　３１４１[２],3796,長野 道臣,2026-05-03,2026-05-08,06,浜名湖,一般,５５４　２５５　５　４４,2026-01-15,2026-01-20,06,浜名湖,一般,１　２５２４３　１６２２,2025-08-15,2025-08-20,06,浜名湖,一般,４４４　３　３３４　１１,2025-06-28,2025-07-03,06,浜名湖,一般,　　　　　　　　　　４５,2025-05-02,2025-05-07,06,浜名湖,一般,３　２４４　５５１　２４
202608120610,2026-08-12,06,10R,4360,庄司 孝輔,2026-06-06,2026-06-10,06,浜名湖,一般,１３２　３１２１[３],2026-05-03,2026-05-08,06,浜名湖,一般,５　４６３　５３３　５３,2025-12-29,2026-01-03,06,浜名湖,一般,３　４３２　３２１２[６],2025-09-28,2025-10-03,06,浜名湖,一般,２　１１４３４３３３１５,2025-08-15,2025-08-20,06,浜名湖,一般,３３２　２２２５３３４６,5034,若林 義人,2026-06-30,2026-07-05,06,浜名湖,一般,１　１３１　１３５１[５],2026-05-03,2026-05-08,06,浜名湖,一般,５３６１５　５１４　３１,2025-12-29,2026-01-03,06,浜名湖,一般,２３１６６　１２５３２４,2025-11-03,2025-11-08,06,浜名湖,ＧⅠ,５　１　６２６　５５５,2025-08-15,2025-08-20,06,浜名湖,一般,２５２　４４４２１３２６,3156,金子 良昭,2026-07-10,2026-07-15,06,浜名湖,一般,２６５　５４１　２　５６,2026-05-03,2026-05-08,06,浜名湖,一般,４　１３４　５２１２２５,2025-10-17,2025-10-21,06,浜名湖,一般,４　６F６　４　６,2025-05-02,2025-05-07,06,浜名湖,一般,５　２３４　５６６５４,2025-03-29,2025-04-03,06,浜名湖,一般,４５２　６３５　５４４,5248,本田 愛,2026-07-10,2026-07-15,06,浜名湖,一般,４５３　１４１　１５１２,2026-05-03,2026-05-08,06,浜名湖,一般,２２６　５２３　３１６,2026-01-30,2026-02-04,06,浜名湖,一般,２　４２３　３５４４４２,2025-12-29,2026-01-03,06,浜名湖,一般,５　３３６　３６４　５４,2025-08-15,2025-08-20,06,浜名湖,一般,６　３６４　５６６　２５,3489,大場 敏,2026-05-03,2026-05-08,06,浜名湖,一般,４　２５１　３２１５３４,2025-12-29,2026-01-03,06,浜名湖,一般,１４１２２　１４３４１４,2025-08-15,2025-08-20,06,浜名湖,一般,４３４　３３２　４２１,2025-05-02,2025-05-07,06,浜名湖,一般,２２１　１５３　１３３２,2025-02-09,2025-02-14,06,浜名湖,一般,３３転１４　４３　　１４,4124,池田 雄一,2026-05-03,2026-05-08,06,浜名湖,一般,３５３　３１２　１３３２,2025-12-29,2026-01-03,06,浜名湖,一般,３　２６３３２１１３４１,2025-10-25,2025-10-30,06,浜名湖,一般,３４２１６１１　３２[３],2025-08-15,2025-08-20,06,浜名湖,一般,２　５１６４１４１５３５,2025-06-28,2025-07-03,06,浜名湖,一般,３３１１５　１２２２[５]
202608120611,2026-08-12,06,11R,3909,佐々木 康幸,2026-07-31,2026-08-05,06,浜名湖,ＧⅢ,３５２　１６５１３１[２],2026-05-03,2026-05-08,06,浜名湖,一般,１　３２３　５３３２[６],2026-03-01,2026-03-06,06,浜名湖,一般,１２１３１　３１２１[２],2025-12-29,2026-01-03,06,浜名湖,一般,１５１１２　４２４１[３],2025-08-15,2025-08-20,06,浜名湖,一般,２　６１２３３５１４３１,3502,渡邉 英児,2026-06-20,2026-06-25,06,浜名湖,一般,１３５　２２６　１３３,2026-05-03,2026-05-08,06,浜名湖,一般,３　５落４４２　２　１５,2026-03-01,2026-03-06,06,浜名湖,一般,１２４　転欠,2025-12-29,2026-01-03,06,浜名湖,一般,１　４３２２１５２２[５],2025-09-11,2025-09-16,06,浜名湖,一般,２２３　２６１　３３５１,4131,原 豊土,2026-05-03,2026-05-08,06,浜名湖,一般,３　２２４３２　１４１４,2026-03-12,2026-03-17,06,浜名湖,一般,４２２　４１２４１４１１,2026-02-19,2026-02-24,06,浜名湖,一般,２　５１３２１２１５２２,2025-08-15,2025-08-20,06,浜名湖,一般,５３５　１１１　３３１２,2025-05-15,2025-05-20,06,浜名湖,一般,３４５　４５２　４３１３,4840,鈴木 秀茉,2026-05-03,2026-05-08,06,浜名湖,一般,４６３　２６１　２２４,2026-01-24,2026-01-27,06,浜名湖,一般,３　１１１１[２],2025-09-11,2025-09-16,06,浜名湖,一般,２　６２１　６６１　３１,2024-12-29,2025-01-03,06,浜名湖,一般,３４６　４６５　２５６,2024-09-18,2024-09-23,06,浜名湖,ＧⅢ,２５３　３６４　４３５３,4073,大橋 純一郎,2026-07-10,2026-07-15,06,浜名湖,一般,１２４３３　３１３５１２,2026-04-19,2026-04-22,06,浜名湖,一般,１２１１１１[１],2025-12-29,2026-01-03,06,浜名湖,一般,５５３　６４２　３　１２,2025-11-26,2025-12-01,06,浜名湖,一般,４　３３１３３１２３５２,2025-10-08,2025-10-13,06,浜名湖,一般,３５４　４　１１１３３１,3995,重野 哲之,2026-06-13,2026-06-16,06,浜名湖,一般,１５２４２２１４,2026-05-03,2026-05-08,06,浜名湖,一般,３２３　２１６　４４１３,2026-01-15,2026-01-20,06,浜名湖,一般,１４１１１３６１２３３１,2025-11-26,2025-12-01,06,浜名湖,一般,４６欠,2025-08-15,2025-08-20,06,浜名湖,一般,１　４５不３２５６　１３
202608120612,2026-08-12,06,12R,3744,徳増 秀樹,2026-07-31,2026-08-05,06,浜名湖,ＧⅢ,２１６６２　５６２　４４,2026-05-03,2026-05-08,06,浜名湖,一般,５　１４４６１３５　５４,2026-03-01,2026-03-06,06,浜名湖,一般,１１２１１　４１２１[１],2025-12-29,2026-01-03,06,浜名湖,一般,２２６１５２５　１　１４,2025-08-15,2025-08-20,06,浜名湖,一般,５　２６６３３６１　１１,3959,坪井 康晴,2026-06-06,2026-06-10,06,浜名湖,一般,２２４２１２２１[５],2026-05-03,2026-05-08,06,浜名湖,一般,３３４　１２５１転５３６,2025-12-29,2026-01-03,06,浜名湖,一般,２２２１２　１３３１[２],2025-11-03,2025-11-08,06,浜名湖,ＧⅠ,４１１　１　３５２　[５],2025-08-15,2025-08-20,06,浜名湖,一般,１６１１２　２４３２[３],4581,吉村 誠,2026-05-03,2026-05-08,06,浜名湖,一般,１５５　４１２３３２[５],2026-03-20,2026-03-25,06,浜名湖,ＧⅢ,２５２２１４２２６１[５],2025-12-29,2026-01-03,06,浜名湖,一般,５１６　３５３　１２５,2025-09-20,2025-09-25,06,浜名湖,一般,１１４５３４４　１３５４,2025-08-15,2025-08-20,06,浜名湖,一般,４　１３６５６５２　３,3422,服部 幸男,2026-05-26,2026-05-31,06,浜名湖,ＳＧ,５　２６２　３　５６４,2026-05-03,2026-05-08,06,浜名湖,一般,１４１１５４１　６１[３],2025-12-29,2026-01-03,06,浜名湖,一般,３４２　３１５５６　６２,2025-11-03,2025-11-08,06,浜名湖,ＧⅠ,６　１　３４６　５６１,2025-09-11,2025-09-16,06,浜名湖,一般,１２２　３１１　５１[６],4933,板橋 侑我,2026-05-03,2026-05-08,06,浜名湖,一般,１３５２２３３　４６１５,2026-03-20,2026-03-25,06,浜名湖,ＧⅢ,６６４　５F３　６　４,2025-12-29,2026-01-03,06,浜名湖,一般,１　４２２１２４２３３１,2025-11-03,2025-11-08,06,浜名湖,ＧⅠ,２４６　３　２６５　４３,2025-08-15,2025-08-20,06,浜名湖,一般,１　２４２１２１３１[４],4793,金子 萌,2026-05-03,2026-05-08,06,浜名湖,一般,１　２４落　４６３　２１,2025-12-29,2026-01-03,06,浜名湖,一般,欠,2025-12-10,2025-12-15,06,浜名湖,一般,転　１１５５５２２　６２,2025-08-23,2025-08-26,06,浜名湖,一般,４２４２１　２３,2025-06-05,2025-06-09,06,浜名湖,一般,２３３３１　２４１３
202608120701,2026-08-12,07,01R,3519,冨田 秀幸,2025-11-14,2025-11-19,07,蒲郡,ＧⅢ,４４４　３５２　３６５２,2025-08-09,2025-08-14,07,蒲郡,一般,４５４　５　２F６　４,2025-03-23,2025-03-28,07,蒲郡,一般,４　２４４　６４５　２４,2024-08-10,2024-08-15,07,蒲郡,一般,５　６５３　５３５　１６,2024-05-01,2024-05-05,07,蒲郡,一般,６　２５６６６　２６,5340,樋江井 舞,2026-05-12,2026-05-17,07,蒲郡,一般,２１４　１１落３５６５４,2026-01-23,2026-01-28,07,蒲郡,一般,６　２６１　２５２６６５,2025-12-30,2026-01-04,07,蒲郡,一般,４６４　３　４６６　５,2025-12-01,2025-12-06,07,蒲郡,ＧⅢ,４　６５５　２４６　５５,2025-03-05,2025-03-10,07,蒲郡,ＧⅢ,４　６６６　６　４　３６,4215,吉島 祥之,2025-12-30,2026-01-04,07,蒲郡,一般,１　１６２４１４２１[５],2025-06-20,2025-06-23,07,蒲郡,一般,５　５１２２５３,2025-01-04,2025-01-09,07,蒲郡,一般,１　１５６５３５３６４２,2024-12-06,2024-12-11,07,蒲郡,一般,３５１　２２５５１３５４,2024-08-23,2024-08-28,07,蒲郡,一般,２３２　１２２２１２[２],3893,汐崎 正則,2025-08-09,2025-08-14,07,蒲郡,一般,３３６　２３２　４６６４,2024-07-02,2024-07-07,07,蒲郡,一般,６　３２２　２２２２[６],2023-11-24,2023-11-29,07,蒲郡,一般,５６５　５　５４４　４４,2023-09-10,2023-09-14,07,蒲郡,一般,１１６５４４２１２４,2023-03-12,2023-03-17,07,蒲郡,一般,５　６６３６,5444,林 風音,2026-04-24,2026-04-28,07,蒲郡,一般,６６６　６　３　６６,2025-12-30,2026-01-04,07,蒲郡,一般,５　６　６６６　６　６６,2025-11-03,2025-11-08,07,蒲郡,一般,６　５６６　６　６６６,,,,,,,,,,,,,3637,齋藤 和政,2025-07-01,2025-07-06,07,蒲郡,一般,５　１２３　３５２５４５,2024-08-10,2024-08-15,07,蒲郡,一般,２　４４６　４５１　３３,2023-08-05,2023-08-10,07,蒲郡,一般,２３６　４３２５５６５５,2022-12-05,2022-12-11,07,蒲郡,一般,１　２６５２２６２　１３４１,2022-11-05,2022-11-11,07,蒲郡,一般,２４６　１３６　５５６　１５
202608120702,2026-08-12,07,02R,3934,鋤柄 貴俊,2026-05-01,2026-05-06,07,蒲郡,一般,１　３３４２５　４４５４,2025-12-22,2025-12-28,07,蒲郡,一般,２　１５３４５　１５２５２５,2025-04-29,2025-05-04,07,蒲郡,一般,５４６　３５６　５６３４,2024-10-28,2024-10-31,07,蒲郡,一般,３　１１３５２３,2024-10-12,2024-10-16,07,蒲郡,一般,１２４　３２１３４１,5230,石原 凪紗,2026-07-01,2026-07-06,07,蒲郡,一般,６５２　６５５　４　６２,2026-05-12,2026-05-17,07,蒲郡,一般,３２５　１５４５２　１,2026-04-05,2026-04-11,07,蒲郡,一般,１５２　５６４　１６６　３２,2025-05-22,2025-05-26,07,蒲郡,一般,３６６　６　３２３,2024-10-20,2024-10-25,07,蒲郡,一般,５３２　２４３　６５６２,4989,石原 翼,2026-05-01,2026-05-06,07,蒲郡,一般,５６２　４４３　４１１４,2025-12-30,2026-01-04,07,蒲郡,一般,１３２５３　１　５３３１,2024-11-11,2024-11-16,07,蒲郡,一般,６　２３５３２４２４３４,2023-11-07,2023-11-12,07,蒲郡,一般,１３３　F４３　４２３,2023-04-22,2023-04-27,07,蒲郡,一般,５　２６６２４３３　２２,4731,間野 兼礼,2025-07-31,2025-08-05,07,蒲郡,一般,３４４６４　５　１６４,2025-01-15,2025-01-20,07,蒲郡,一般,４６１４３　３　３５３３,2024-10-01,2024-10-05,07,蒲郡,一般,１　３５６４５　１１,2024-08-23,2024-08-28,07,蒲郡,一般,５　３５１　２１３６１５,2023-01-24,2023-01-30,07,蒲郡,一般,４　２１６４２６４　２５１４,4035,杉江 浩明,2026-06-09,2026-06-13,07,蒲郡,一般,　　　　　　　　６５,2026-05-01,2026-05-06,07,蒲郡,一般,３　１５６６６　５　６２,2026-03-12,2026-03-17,07,蒲郡,一般,６　１６４１５　３５１６,2025-11-14,2025-11-19,07,蒲郡,ＧⅢ,６　３６５４４２５　６４,2024-04-25,2024-04-28,07,蒲郡,一般,４　４３６２１４,4960,黒野 元基,2026-05-01,2026-05-06,07,蒲郡,一般,２　１３２　３１１３２１,2026-01-23,2026-01-28,07,蒲郡,一般,１１２２２１１４２１[１],2025-04-29,2025-05-04,07,蒲郡,一般,６６４１２４１６４４１３,2024-05-01,2024-05-05,07,蒲郡,一般,１２１１１５２１[２],2024-02-05,2024-02-10,07,蒲郡,ＧⅠ,２　１５１　４３２　[３]
202608120703,2026-08-12,07,03R,5197,中野 仁照,2025-10-05,2025-10-10,07,蒲郡,ＧⅠ,F　６　６６６　６　６,2025-07-19,2025-07-24,07,蒲郡,一般,１　３１１１１２３２[３],2025-04-11,2025-04-15,07,蒲郡,一般,２３１１１　３１[６],2024-08-31,2024-09-07,07,蒲郡,一般,１　２２２２１２３１[１],2023-02-10,2023-02-14,07,蒲郡,一般,５　５６３　６　１４,4903,吉田 凌太朗,2026-07-13,2026-07-18,07,蒲郡,ＧⅡ,１２４　２５１　４　２２,2025-12-30,2026-01-04,07,蒲郡,一般,１２２４F　１１３　２,2025-04-29,2025-05-04,07,蒲郡,一般,６１３　１４２４１３２５,2024-08-10,2024-08-15,07,蒲郡,一般,５１２３３　３３４５２３,2024-01-13,2024-01-18,07,蒲郡,一般,１１１１１　１２１１[１],5098,大江 純,2025-07-19,2025-07-24,07,蒲郡,一般,３６５　４４６　１　３３,2025-04-02,2025-04-07,07,蒲郡,一般,６２２　４　１３５６１２,2024-08-10,2024-08-15,07,蒲郡,一般,５５３　４　６６１　２５,2024-03-02,2024-03-07,07,蒲郡,一般,５２３　４３３３４　２１,2023-08-13,2023-08-19,07,蒲郡,一般,５４４　１６６　１４,5439,志賀 美優,2026-03-12,2026-03-17,07,蒲郡,一般,６　５F６　転　５　６,2025-12-30,2026-01-04,07,蒲郡,一般,６　６６６　６　６　６６,2025-11-03,2025-11-08,07,蒲郡,一般,４　６　６６６　６　６６,,,,,,,,,,,,,3848,川上 聡介,2026-01-14,2026-01-19,07,蒲郡,ＧⅢ,６４１　５５６４５　２２,2025-08-09,2025-08-14,07,蒲郡,一般,１２６　４５３　５　６６,2025-05-31,2025-06-06,07,蒲郡,一般,１４１　２３２３５　１４１３,2025-02-07,2025-02-10,07,蒲郡,一般,６１６　４１５３,2024-08-10,2024-08-15,07,蒲郡,一般,６６４　４転５　６　１５,5068,前田 滉,2026-05-01,2026-05-06,07,蒲郡,一般,２２１１２１３１２２[１],2026-03-24,2026-03-29,07,蒲郡,ＳＧ,１５１　４　２６１６１,2025-12-30,2026-01-04,07,蒲郡,一般,１２３３１１２３２１[１],2025-08-09,2025-08-14,07,蒲郡,一般,１４３３１１１１１１[２],2025-04-29,2025-05-04,07,蒲郡,一般,３４５２６　１５２１３５
202608120704,2026-08-12,07,04R,4306,畔柳 俊吾,2026-05-01,2026-05-06,07,蒲郡,一般,３４６５１　５　５４２,2025-12-22,2025-12-28,07,蒲郡,一般,１　４４F６４　転　６　６,2025-06-20,2025-06-23,07,蒲郡,一般,５　３３４４３４,2025-04-29,2025-05-04,07,蒲郡,一般,４６１　３２５３４　４４,2024-10-28,2024-10-31,07,蒲郡,一般,２　６４３２３２,4565,西村 豪洋,2025-05-08,2025-05-11,07,蒲郡,一般,　　　　　　３５,2025-01-31,2025-02-04,07,蒲郡,一般,１５４　３５５５３,2024-11-11,2024-11-16,07,蒲郡,一般,１５４　６６１５２　５,2024-04-25,2024-04-28,07,蒲郡,一般,１５５　２３２３,2023-11-17,2023-11-21,07,蒲郡,一般,４　２４５２１６３４,4209,藤田 竜弘,2025-12-09,2025-12-15,07,蒲郡,一般,５　３４３　４６４４４１２,2025-07-01,2025-07-06,07,蒲郡,一般,５３２　３６３６２４２,2025-04-11,2025-04-15,07,蒲郡,一般,１　３１５４２５２４,2024-12-14,2024-12-20,07,蒲郡,一般,１２３　６３４５６　６　５１,2024-04-13,2024-04-18,07,蒲郡,一般,４５１　２４１３１３４６,4897,深見 亜由美,2026-05-12,2026-05-17,07,蒲郡,一般,４　５３３　２５４１５,2025-12-01,2025-12-06,07,蒲郡,ＧⅢ,４３３　４５４　４　６６,2025-10-22,2025-10-27,07,蒲郡,一般,３５３　４５２　５６１,2024-02-25,2024-02-28,07,蒲郡,一般,２３２　１３５２,2023-08-22,2023-08-27,07,蒲郡,一般,１１６　１３１４１６３３,5128,坪井 爽佑,2025-01-31,2025-02-04,07,蒲郡,一般,２２４　３２６５４６,2024-05-01,2024-05-05,07,蒲郡,一般,６４２　４５F３６,2023-12-14,2023-12-18,07,蒲郡,一般,６６６　４６６　６,2023-09-23,2023-09-28,07,蒲郡,一般,６４転　６　６　６６６,2020-11-06,2020-11-10,07,蒲郡,一般,３６６　６　５　３６,4337,平本 真之,2026-03-24,2026-03-29,07,蒲郡,ＳＧ,２　６５２　１５３　３３,2025-12-30,2026-01-04,07,蒲郡,一般,３１１２３２１４２１[４],2025-10-05,2025-10-10,07,蒲郡,ＧⅠ,１　２２２２３　１　[１],2025-04-29,2025-05-04,07,蒲郡,一般,３５５３２１１３２２[２],2025-03-23,2025-03-28,07,蒲郡,一般,１４２１１３１１４１[１]
202608120705,2026-08-12,07,05R,5316,村松 将平,2025-07-31,2025-08-05,07,蒲郡,一般,４６４　２６５　４　６４,2025-02-25,2025-03-02,07,蒲郡,一般,１　４５３４２　４４３６,2024-08-31,2024-09-07,07,蒲郡,一般,６６６　６５４　３　４５,2024-04-13,2024-04-18,07,蒲郡,一般,６　５５６　６　６　６３,2024-02-17,2024-02-22,07,蒲郡,一般,４　５６５　５　６５６,4983,前田 篤哉,2025-12-30,2026-01-04,07,蒲郡,一般,２１２　２３３２１４１３,2025-10-14,2025-10-19,07,蒲郡,一般,２６１１３３３５１３１１,2025-01-04,2025-01-09,07,蒲郡,一般,３６３６４１１４１５１６,2024-08-10,2024-08-15,07,蒲郡,一般,４６６６２１,2024-05-01,2024-05-05,07,蒲郡,一般,３６２１１３１２[６],4199,北川 潤二,2026-01-07,2026-01-11,07,蒲郡,一般,１　３３３５５５１５,2025-08-09,2025-08-14,07,蒲郡,一般,１　２４４４５６２　３４,2025-05-22,2025-05-26,07,蒲郡,一般,１４２４５１１５３４,2025-04-02,2025-04-07,07,蒲郡,一般,１　３３２５３２２３４１,2025-01-04,2025-01-09,07,蒲郡,一般,２　２１３６４１２３２３,4380,鈴木 峻佑,2026-05-25,2026-05-31,07,蒲郡,一般,６エ５　４１１　６　４５６,2026-01-23,2026-01-28,07,蒲郡,一般,５　６５６　４　５４５,2025-05-22,2025-05-26,07,蒲郡,一般,１３５　４４５６４,2025-03-14,2025-03-19,07,蒲郡,ＧⅢ,５　１４５６５　６　４６,2024-05-01,2024-05-05,07,蒲郡,一般,３６５　６３４　３３,3988,古川 誠之,2026-05-01,2026-05-06,07,蒲郡,一般,３　１５５３１４３６３３,2025-12-22,2025-12-28,07,蒲郡,一般,２　１４２４２６３　１６３５,2025-11-14,2025-11-19,07,蒲郡,ＧⅢ,３　１６１転１５３　１１,2025-08-09,2025-08-14,07,蒲郡,一般,４　３３５１３６２４１２,2025-06-11,2025-06-16,07,蒲郡,一般,３２３４５　２６２３２２,4442,松竹 大輔,2026-06-03,2026-06-07,07,蒲郡,一般,１５２５５３２４,2026-05-01,2026-05-06,07,蒲郡,一般,２５２　１２４３２１[４],2026-02-10,2026-02-16,07,蒲郡,一般,１　３４２　１５３２５５２４,2025-08-09,2025-08-14,07,蒲郡,一般,３５４　６６F　３　５,2025-06-11,2025-06-16,07,蒲郡,一般,１　２４１２２３１４２４
202608120706,2026-08-12,07,06R,4139,丹下 健,2026-01-31,2026-02-05,07,蒲郡,一般,６１３　転,2025-11-03,2025-11-08,07,蒲郡,一般,　　　　　　　　　　４３,2025-08-09,2025-08-14,07,蒲郡,一般,３５２　３３６５６　３,2025-04-29,2025-05-04,07,蒲郡,一般,４５６　６４６　４　１３,2025-02-25,2025-03-02,07,蒲郡,一般,１１５　３２２４１５１１,4586,磯部 誠,2026-03-24,2026-03-29,07,蒲郡,ＳＧ,２３２　２　３４５　１３,2025-12-30,2026-01-04,07,蒲郡,一般,１６１１２１１２１２[２],2025-10-05,2025-10-10,07,蒲郡,ＧⅠ,３２５　４　２５１２３３,2025-04-29,2025-05-04,07,蒲郡,一般,３１３１１２１３３１[６],2024-08-10,2024-08-15,07,蒲郡,一般,２２１１２２４１３４２５,3730,塩崎 優司,2026-02-10,2026-02-16,07,蒲郡,一般,３　１６３　５２２１２　２２,2025-06-11,2025-06-16,07,蒲郡,一般,２２４　１５５６１６２５,2025-01-23,2025-01-28,07,蒲郡,一般,　　　　　　　　４　２５,2025-01-04,2025-01-09,07,蒲郡,一般,４６４　６４６　５　２５,2024-05-17,2024-05-22,07,蒲郡,一般,１４６　４６２　５３６５,4269,杉山 裕也,2026-07-13,2026-07-18,07,蒲郡,ＧⅡ,２　５　１１２　４　１４,2025-10-05,2025-10-10,07,蒲郡,ＧⅠ,５　２３１　３　４　１３,2025-08-09,2025-08-14,07,蒲郡,一般,１　２１２４４６１３２１,2025-04-29,2025-05-04,07,蒲郡,一般,１２１　２１２２１１[１],2025-02-25,2025-03-02,07,蒲郡,一般,転１３６２２３５３１２２,4470,平田 健之佑,2026-02-28,2026-03-06,07,蒲郡,一般,２４１２４　４１２２３転４２,2025-11-22,2025-11-27,07,蒲郡,一般,１５１３４　４５１２[２],2024-11-11,2024-11-16,07,蒲郡,一般,１６１６１　４　１４１２,2023-12-02,2023-12-07,07,蒲郡,一般,４　３４５　１４３　２２,2022-08-17,2022-08-22,07,蒲郡,一般,３３５４１　２５１１[４],5444,林 風音,2026-04-24,2026-04-28,07,蒲郡,一般,６６６　６　３　６６,2025-12-30,2026-01-04,07,蒲郡,一般,５　６　６６６　６　６６,2025-11-03,2025-11-08,07,蒲郡,一般,６　５６６　６　６６６,,,,,,,,,,,,
202608120707,2026-08-12,07,07R,4067,永井 源,2026-06-23,2026-06-28,07,蒲郡,一般,１６３２４１２１１２[３],2026-05-01,2026-05-06,07,蒲郡,一般,６２３２５　１２２３１１,2025-08-09,2025-08-14,07,蒲郡,一般,２２１　２６６３１６１３,2025-04-29,2025-05-04,07,蒲郡,一般,２５２４１　４６１６４６,2025-01-04,2025-01-09,07,蒲郡,一般,１１５２４　５３１３４５,4035,杉江 浩明,2026-06-09,2026-06-13,07,蒲郡,一般,　　　　　　　　６５,2026-05-01,2026-05-06,07,蒲郡,一般,３　１５６６６　５　６２,2026-03-12,2026-03-17,07,蒲郡,一般,６　１６４１５　３５１６,2025-11-14,2025-11-19,07,蒲郡,ＧⅢ,６　３６５４４２５　６４,2024-04-25,2024-04-28,07,蒲郡,一般,４　４３６２１４,4308,河村 了,2026-01-14,2026-01-19,07,蒲郡,ＧⅢ,１　４２４２３３１３１１,2025-08-09,2025-08-14,07,蒲郡,一般,４３１　２４４４２５２４,2025-01-04,2025-01-09,07,蒲郡,一般,３４２５３５１１１５１４,2024-10-01,2024-10-05,07,蒲郡,一般,２３２１３１２１[２],2024-08-10,2024-08-15,07,蒲郡,一般,４４１１３１２２２２[５],4509,平見 真彦,2026-03-12,2026-03-17,07,蒲郡,一般,３４２　４４１３３６６５,2024-08-10,2024-08-15,07,蒲郡,一般,５　５５４　３２１４３２,2023-12-31,2024-01-04,07,蒲郡,一般,１　２４５５４３１２,2023-11-07,2023-11-12,07,蒲郡,一般,２　４４４１１６４２２２,2023-09-10,2023-09-14,07,蒲郡,一般,３１１　３４６１[３],4461,安田 吉宏,2026-06-17,2026-06-20,07,蒲郡,一般,４　２６３５２２,2025-11-22,2025-11-27,07,蒲郡,一般,４５４　５　４２３　２６,2025-01-04,2025-01-09,07,蒲郡,一般,３　５４５　３６６　３３,2024-09-15,2024-09-21,07,蒲郡,一般,５５２　４２３　３５５　４５,2022-07-07,2022-07-12,07,蒲郡,一般,６５４　４６３　５　２４,5340,樋江井 舞,2026-05-12,2026-05-17,07,蒲郡,一般,２１４　１１落３５６５４,2026-01-23,2026-01-28,07,蒲郡,一般,６　２６１　２５２６６５,2025-12-30,2026-01-04,07,蒲郡,一般,４６４　３　４６６　５,2025-12-01,2025-12-06,07,蒲郡,ＧⅢ,４　６５５　２４６　５５,2025-03-05,2025-03-10,07,蒲郡,ＧⅢ,４　６６６　６　４　３６
202608120708,2026-08-12,07,08R,4209,藤田 竜弘,2025-12-09,2025-12-15,07,蒲郡,一般,５　３４３　４６４４４１２,2025-07-01,2025-07-06,07,蒲郡,一般,５３２　３６３６２４２,2025-04-11,2025-04-15,07,蒲郡,一般,１　３１５４２５２４,2024-12-14,2024-12-20,07,蒲郡,一般,１２３　６３４５６　６　５１,2024-04-13,2024-04-18,07,蒲郡,一般,４５１　２４１３１３４６,5321,一色 颯輝,2026-06-09,2026-06-13,07,蒲郡,一般,１　３３３６５４５２,2025-11-22,2025-11-27,07,蒲郡,一般,２５４　１５２６２　２５,2025-08-09,2025-08-14,07,蒲郡,一般,１２６　２４４　６　１３,2025-04-29,2025-05-04,07,蒲郡,一般,５　６４４　１１５４３１,2024-11-11,2024-11-16,07,蒲郡,一般,４　４３２　６４２　３５,3848,川上 聡介,2026-01-14,2026-01-19,07,蒲郡,ＧⅢ,６４１　５５６４５　２２,2025-08-09,2025-08-14,07,蒲郡,一般,１２６　４５３　５　６６,2025-05-31,2025-06-06,07,蒲郡,一般,１４１　２３２３５　１４１３,2025-02-07,2025-02-10,07,蒲郡,一般,６１６　４１５３,2024-08-10,2024-08-15,07,蒲郡,一般,６６４　４転５　６　１５,3946,赤岩 善生,2026-07-13,2026-07-18,07,蒲郡,ＧⅡ,２２１　２２５　５　１４,2025-12-30,2026-01-04,07,蒲郡,一般,３３２３５１４１２４１３,2025-10-05,2025-10-10,07,蒲郡,ＧⅠ,６１３　５　３６３５４,2025-08-09,2025-08-14,07,蒲郡,一般,３２２２２２２２４２[４],2025-06-11,2025-06-16,07,蒲郡,一般,１１２３１２２３３１[２],4467,渡邉 俊介,2026-06-23,2026-06-28,07,蒲郡,一般,２１３　２４３５２４１２,2025-12-30,2026-01-04,07,蒲郡,一般,２３３２３　１　２４２２,2025-04-29,2025-05-04,07,蒲郡,一般,１　１２１６２６３　１２,2024-08-10,2024-08-15,07,蒲郡,一般,６　２２１　６２１６４５,2024-01-13,2024-01-18,07,蒲郡,一般,２　１５３６５５５６１４,4731,間野 兼礼,2025-07-31,2025-08-05,07,蒲郡,一般,３４４６４　５　１６４,2025-01-15,2025-01-20,07,蒲郡,一般,４６１４３　３　３５３３,2024-10-01,2024-10-05,07,蒲郡,一般,１　３５６４５　１１,2024-08-23,2024-08-28,07,蒲郡,一般,５　３５１　２１３６１５,2023-01-24,2023-01-30,07,蒲郡,一般,４　２１６４２６４　２５１４
202608120709,2026-08-12,07,09R,4786,佐藤 博亮,2026-05-01,2026-05-06,07,蒲郡,一般,１　２３２１６２３５１２,2026-02-21,2026-02-25,07,蒲郡,一般,１　１５２５２６３２,2025-11-03,2025-11-08,07,蒲郡,一般,５　２２１４２４２５１３,2025-04-29,2025-05-04,07,蒲郡,一般,２４２２４３４２４４２２,2024-04-13,2024-04-18,07,蒲郡,一般,５　３４３１F５２　４,5128,坪井 爽佑,2025-01-31,2025-02-04,07,蒲郡,一般,２２４　３２６５４６,2024-05-01,2024-05-05,07,蒲郡,一般,６４２　４５F３６,2023-12-14,2023-12-18,07,蒲郡,一般,６６６　４６６　６,2023-09-23,2023-09-28,07,蒲郡,一般,６４転　６　６　６６６,2020-11-06,2020-11-10,07,蒲郡,一般,３６６　６　５　３６,3988,古川 誠之,2026-05-01,2026-05-06,07,蒲郡,一般,３　１５５３１４３６３３,2025-12-22,2025-12-28,07,蒲郡,一般,２　１４２４２６３　１６３５,2025-11-14,2025-11-19,07,蒲郡,ＧⅢ,３　１６１転１５３　１１,2025-08-09,2025-08-14,07,蒲郡,一般,４　３３５１３６２４１２,2025-06-11,2025-06-16,07,蒲郡,一般,３２３４５　２６２３２２,3519,冨田 秀幸,2025-11-14,2025-11-19,07,蒲郡,ＧⅢ,４４４　３５２　３６５２,2025-08-09,2025-08-14,07,蒲郡,一般,４５４　５　２F６　４,2025-03-23,2025-03-28,07,蒲郡,一般,４　２４４　６４５　２４,2024-08-10,2024-08-15,07,蒲郡,一般,５　６５３　５３５　１６,2024-05-01,2024-05-05,07,蒲郡,一般,６　２５６６６　２６,5068,前田 滉,2026-05-01,2026-05-06,07,蒲郡,一般,２２１１２１３１２２[１],2026-03-24,2026-03-29,07,蒲郡,ＳＧ,１５１　４　２６１６１,2025-12-30,2026-01-04,07,蒲郡,一般,１２３３１１２３２１[１],2025-08-09,2025-08-14,07,蒲郡,一般,１４３３１１１１１１[２],2025-04-29,2025-05-04,07,蒲郡,一般,３４５２６　１５２１３５,5137,川原 涼,2026-05-01,2026-05-06,07,蒲郡,一般,４４４５６　３　５６４,2026-03-12,2026-03-17,07,蒲郡,一般,　　　　　　　　　　６１,2025-12-30,2026-01-04,07,蒲郡,一般,３６５　３１６　３２５,2025-08-09,2025-08-14,07,蒲郡,一般,６３１　１６３２２３F６,2025-04-29,2025-05-04,07,蒲郡,一般,２　１５４６４５５　１３
202608120710,2026-08-12,07,10R,4586,磯部 誠,2026-03-24,2026-03-29,07,蒲郡,ＳＧ,２３２　２　３４５　１３,2025-12-30,2026-01-04,07,蒲郡,一般,１６１１２１１２１２[２],2025-10-05,2025-10-10,07,蒲郡,ＧⅠ,３２５　４　２５１２３３,2025-04-29,2025-05-04,07,蒲郡,一般,３１３１１２１３３１[６],2024-08-10,2024-08-15,07,蒲郡,一般,２２１１２２４１３４２５,4066,東本 勝利,2025-10-14,2025-10-19,07,蒲郡,一般,２３２　４２３３２４１３,2025-02-17,2025-02-22,07,蒲郡,一般,５６３１３５２３３３５３,2023-10-01,2023-10-05,07,蒲郡,一般,４２３　５２３１３,2022-02-02,2022-02-05,07,蒲郡,一般,２５４　４３４４,2021-10-12,2021-10-17,07,蒲郡,一般,１　１４２３１４１　[５],3934,鋤柄 貴俊,2026-05-01,2026-05-06,07,蒲郡,一般,１　３３４２５　４４５４,2025-12-22,2025-12-28,07,蒲郡,一般,２　１５３４５　１５２５２５,2025-04-29,2025-05-04,07,蒲郡,一般,５４６　３５６　５６３４,2024-10-28,2024-10-31,07,蒲郡,一般,３　１１３５２３,2024-10-12,2024-10-16,07,蒲郡,一般,１２４　３２１３４１,4199,北川 潤二,2026-01-07,2026-01-11,07,蒲郡,一般,１　３３３５５５１５,2025-08-09,2025-08-14,07,蒲郡,一般,１　２４４４５６２　３４,2025-05-22,2025-05-26,07,蒲郡,一般,１４２４５１１５３４,2025-04-02,2025-04-07,07,蒲郡,一般,１　３３２５３２２３４１,2025-01-04,2025-01-09,07,蒲郡,一般,２　２１３６４１２３２３,4565,西村 豪洋,2025-05-08,2025-05-11,07,蒲郡,一般,　　　　　　３５,2025-01-31,2025-02-04,07,蒲郡,一般,１５４　３５５５３,2024-11-11,2024-11-16,07,蒲郡,一般,１５４　６６１５２　５,2024-04-25,2024-04-28,07,蒲郡,一般,１５５　２３２３,2023-11-17,2023-11-21,07,蒲郡,一般,４　２４５２１６３４,4215,吉島 祥之,2025-12-30,2026-01-04,07,蒲郡,一般,１　１６２４１４２１[５],2025-06-20,2025-06-23,07,蒲郡,一般,５　５１２２５３,2025-01-04,2025-01-09,07,蒲郡,一般,１　１５６５３５３６４２,2024-12-06,2024-12-11,07,蒲郡,一般,３５１　２２５５１３５４,2024-08-23,2024-08-28,07,蒲郡,一般,２３２　１２２２１２[２]
202608120711,2026-08-12,07,11R,4308,河村 了,2026-01-14,2026-01-19,07,蒲郡,ＧⅢ,１　４２４２３３１３１１,2025-08-09,2025-08-14,07,蒲郡,一般,４３１　２４４４２５２４,2025-01-04,2025-01-09,07,蒲郡,一般,３４２５３５１１１５１４,2024-10-01,2024-10-05,07,蒲郡,一般,２３２１３１２１[２],2024-08-10,2024-08-15,07,蒲郡,一般,４４１１３１２２２２[５],5098,大江 純,2025-07-19,2025-07-24,07,蒲郡,一般,３６５　４４６　１　３３,2025-04-02,2025-04-07,07,蒲郡,一般,６２２　４　１３５６１２,2024-08-10,2024-08-15,07,蒲郡,一般,５５３　４　６６１　２５,2024-03-02,2024-03-07,07,蒲郡,一般,５２３　４３３３４　２１,2023-08-13,2023-08-19,07,蒲郡,一般,５４４　１６６　１４,4337,平本 真之,2026-03-24,2026-03-29,07,蒲郡,ＳＧ,２　６５２　１５３　３３,2025-12-30,2026-01-04,07,蒲郡,一般,３１１２３２１４２１[４],2025-10-05,2025-10-10,07,蒲郡,ＧⅠ,１　２２２２３　１　[１],2025-04-29,2025-05-04,07,蒲郡,一般,３５５３２１１３２２[２],2025-03-23,2025-03-28,07,蒲郡,一般,１４２１１３１１４１[１],4470,平田 健之佑,2026-02-28,2026-03-06,07,蒲郡,一般,２４１２４　４１２２３転４２,2025-11-22,2025-11-27,07,蒲郡,一般,１５１３４　４５１２[２],2024-11-11,2024-11-16,07,蒲郡,一般,１６１６１　４　１４１２,2023-12-02,2023-12-07,07,蒲郡,一般,４　３４５　１４３　２２,2022-08-17,2022-08-22,07,蒲郡,一般,３３５４１　２５１１[４],4442,松竹 大輔,2026-06-03,2026-06-07,07,蒲郡,一般,１５２５５３２４,2026-05-01,2026-05-06,07,蒲郡,一般,２５２　１２４３２１[４],2026-02-10,2026-02-16,07,蒲郡,一般,１　３４２　１５３２５５２４,2025-08-09,2025-08-14,07,蒲郡,一般,３５４　６６F　３　５,2025-06-11,2025-06-16,07,蒲郡,一般,１　２４１２２３１４２４,4989,石原 翼,2026-05-01,2026-05-06,07,蒲郡,一般,５６２　４４３　４１１４,2025-12-30,2026-01-04,07,蒲郡,一般,１３２５３　１　５３３１,2024-11-11,2024-11-16,07,蒲郡,一般,６　２３５３２４２４３４,2023-11-07,2023-11-12,07,蒲郡,一般,１３３　F４３　４２３,2023-04-22,2023-04-27,07,蒲郡,一般,５　２６６２４３３　２２
202608120712,2026-08-12,07,12R,3946,赤岩 善生,2026-07-13,2026-07-18,07,蒲郡,ＧⅡ,２２１　２２５　５　１４,2025-12-30,2026-01-04,07,蒲郡,一般,３３２３５１４１２４１３,2025-10-05,2025-10-10,07,蒲郡,ＧⅠ,６１３　５　３６３５４,2025-08-09,2025-08-14,07,蒲郡,一般,３２２２２２２２４２[４],2025-06-11,2025-06-16,07,蒲郡,一般,１１２３１２２３３１[２],4269,杉山 裕也,2026-07-13,2026-07-18,07,蒲郡,ＧⅡ,２　５　１１２　４　１４,2025-10-05,2025-10-10,07,蒲郡,ＧⅠ,５　２３１　３　４　１３,2025-08-09,2025-08-14,07,蒲郡,一般,１　２１２４４６１３２１,2025-04-29,2025-05-04,07,蒲郡,一般,１２１　２１２２１１[１],2025-02-25,2025-03-02,07,蒲郡,一般,転１３６２２３５３１２２,4960,黒野 元基,2026-05-01,2026-05-06,07,蒲郡,一般,２　１３２　３１１３２１,2026-01-23,2026-01-28,07,蒲郡,一般,１１２２２１１４２１[１],2025-04-29,2025-05-04,07,蒲郡,一般,６６４１２４１６４４１３,2024-05-01,2024-05-05,07,蒲郡,一般,１２１１１５２１[２],2024-02-05,2024-02-10,07,蒲郡,ＧⅠ,２　１５１　４３２　[３],4067,永井 源,2026-06-23,2026-06-28,07,蒲郡,一般,１６３２４１２１１２[３],2026-05-01,2026-05-06,07,蒲郡,一般,６２３２５　１２２３１１,2025-08-09,2025-08-14,07,蒲郡,一般,２２１　２６６３１６１３,2025-04-29,2025-05-04,07,蒲郡,一般,２５２４１　４６１６４６,2025-01-04,2025-01-09,07,蒲郡,一般,１１５２４　５３１３４５,4306,畔柳 俊吾,2026-05-01,2026-05-06,07,蒲郡,一般,３４６５１　５　５４２,2025-12-22,2025-12-28,07,蒲郡,一般,１　４４F６４　転　６　６,2025-06-20,2025-06-23,07,蒲郡,一般,５　３３４４３４,2025-04-29,2025-05-04,07,蒲郡,一般,４６１　３２５３４　４４,2024-10-28,2024-10-31,07,蒲郡,一般,２　６４３２３２,4983,前田 篤哉,2025-12-30,2026-01-04,07,蒲郡,一般,２１２　２３３２１４１３,2025-10-14,2025-10-19,07,蒲郡,一般,２６１１３３３５１３１１,2025-01-04,2025-01-09,07,蒲郡,一般,３６３６４１１４１５１６,2024-08-10,2024-08-15,07,蒲郡,一般,４６６６２１,2024-05-01,2024-05-05,07,蒲郡,一般,３６２１１３１２[６]
202608120801,2026-08-12,08,01R,4570,前田 聖文,2026-05-03,2026-05-08,08,常滑,一般,１３２４３　５３１２[５],2026-02-05,2026-02-10,08,常滑,ＧⅠ,３２３　１　３２４　５２,2025-09-25,2025-09-30,08,常滑,一般,１１１６４　１３６４１１,2025-08-10,2025-08-15,08,常滑,一般,２２１１２１１　２６２６,2025-05-03,2025-05-08,08,常滑,一般,５５１２３４３　３３４３,5082,一色 凌雅,2024-11-06,2024-11-09,08,常滑,一般,　　　　　　４３,2024-02-09,2024-02-12,08,常滑,一般,４　６３４４１４,2023-12-13,2023-12-18,08,常滑,一般,４６２　５６２　４　３３,2023-09-16,2023-09-19,08,常滑,一般,６　５６,2023-05-20,2023-05-23,08,常滑,一般,２２３５１妨,4979,中野 夢斗,2026-05-11,2026-05-15,08,常滑,一般,５　５欠,2026-02-14,2026-02-18,08,常滑,一般,１３３４４　１４１６,2025-11-26,2025-11-30,08,常滑,一般,４５１　３２２６４,2025-08-28,2025-09-02,08,常滑,一般,　　　　　　　　　　４２,2025-04-25,2025-05-01,08,常滑,一般,３６２　４　４５　　４４２６,5074,大澤 誠也,2025-07-28,2025-08-02,08,常滑,一般,２５２　２４２３５５３６,2024-12-30,2025-01-04,08,常滑,一般,４４３　４　４４４５５,2024-12-12,2024-12-15,08,常滑,一般,５４４　４　４５,2024-11-06,2024-11-09,08,常滑,一般,３,2024-10-26,2024-10-29,08,常滑,一般,５　４６６　２４,5318,河内 一馬,2026-05-11,2026-05-15,08,常滑,一般,４　４６３　４４５６,2025-11-11,2025-11-16,08,常滑,一般,５　３６２　６６２６５４,2025-05-30,2025-06-03,08,常滑,一般,６　５６６　５４６,2025-03-18,2025-03-22,08,常滑,一般,４５６６６　６,2025-02-15,2025-02-18,08,常滑,一般,　　　　　　５４,3831,安藤 裕貴,2025-10-24,2025-10-28,08,常滑,一般,４　２３３６４　１２,2025-06-28,2025-07-02,08,常滑,一般,１　４４６２２　２１,2025-05-03,2025-05-08,08,常滑,一般,６　６６６　５６２　１４,2023-09-16,2023-09-19,08,常滑,一般,５　３４１６４４,2023-07-02,2023-07-06,08,常滑,一般,４　１４３５２５５６
202608120802,2026-08-12,08,02R,3302,谷川 里江,2025-07-06,2025-07-11,08,常滑,一般,転　６４,2025-05-13,2025-05-18,08,常滑,ＧⅡ,５　２　６２２　５１５５,2025-04-07,2025-04-12,08,常滑,ＧⅢ,３２４　１　５６１５２３,2024-04-07,2024-04-12,08,常滑,ＧⅢ,３１３　４　５５４１３１,2024-03-05,2024-03-10,08,常滑,一般,３　２４２２２　２３２３,4678,水野 望美,2026-05-27,2026-06-01,08,常滑,一般,２　３６５　５４４　６２,2026-01-18,2026-01-22,08,常滑,一般,２４１　３５１４５６,2025-04-07,2025-04-12,08,常滑,ＧⅢ,２　２１４４２３４F５,2024-11-06,2024-11-09,08,常滑,一般,５６１　５５２１,2024-08-31,2024-09-05,08,常滑,一般,２５４１３２４　３５１５,3528,笠野 友紀恵,2026-03-28,2026-04-03,08,常滑,一般,４６３　６５５　３　５５,2025-08-19,2025-08-24,08,常滑,一般,３３４　２４４　４１５２,2025-04-07,2025-04-12,08,常滑,ＧⅢ,３５１　４５６　５５１,2024-10-26,2024-10-29,08,常滑,一般,２　５６４５５４,2024-08-10,2024-08-15,08,常滑,一般,５４３　５５転　２　１５,5347,井澤 聖奈,2025-12-13,2025-12-18,08,常滑,一般,　　　　　　　　５　６５,2025-08-19,2025-08-24,08,常滑,一般,６５６　４６６　６６６,2025-04-07,2025-04-12,08,常滑,ＧⅢ,６６６　６５５　６　５６,2024-12-30,2025-01-04,08,常滑,一般,６６６　５　６６６　６６,2024-06-29,2024-07-02,08,常滑,一般,６　６６６　６６,5410,今泉 澪,2026-02-14,2026-02-18,08,常滑,一般,　　　　　　　　６６,2025-12-13,2025-12-18,08,常滑,一般,　　　　　　　　６　４６,2025-11-19,2025-11-23,08,常滑,一般,５６６　６　６６６６,2025-06-10,2025-06-14,08,常滑,一般,転　６６６　６６６,,,,,,,4901,出口 舞有子,2021-04-22,2021-04-27,08,常滑,ＧⅢ,４L,2021-02-03,2021-02-08,08,常滑,一般,１１２　５４１　４３[５],2020-03-25,2020-03-30,08,常滑,一般,１５４　１１５　６４１３,2020-01-22,2020-01-27,08,常滑,ＧⅢ,２　４１５１１６２３３４,2019-04-17,2019-04-22,08,常滑,一般,５５５　６　６６５　６
202608120803,2026-08-12,08,03R,5232,樅山 拓馬,2025-03-18,2025-03-22,08,常滑,一般,　　　　　　５３,2024-10-20,2024-10-23,08,常滑,一般,４４５　６　６６,2024-07-21,2024-07-24,08,常滑,一般,３　４６F　転,2024-01-26,2024-01-29,08,常滑,一般,５１６　６４５,2023-05-26,2023-05-29,08,常滑,一般,５５３　５　５６,4016,西川 新太郎,2026-03-08,2026-03-13,08,常滑,一般,４２４　２　２２１３２２,2025-08-10,2025-08-15,08,常滑,一般,１　４３４６５　３４３,2025-03-01,2025-03-04,08,常滑,一般,２３２２６　２３,2024-12-30,2025-01-04,08,常滑,一般,４３１　４２６　５１３６,2024-08-25,2024-08-28,08,常滑,一般,２２５３３　２４,4527,高野 心吾,2026-05-19,2026-05-24,08,常滑,一般,３　２４２　５３５３６１,2025-10-31,2025-11-04,08,常滑,一般,３５６　６　６３１６,2025-08-28,2025-09-02,08,常滑,一般,５　６３２　５２３４２１,2025-05-03,2025-05-08,08,常滑,一般,３　５１５　１６６４５５,2025-02-08,2025-02-11,08,常滑,一般,５　６６２６６,5472,中川 海虹,2026-05-19,2026-05-24,08,常滑,一般,６６６　６６６　６６６,,,,,,,,,,,,,,,,,,,,,,,,,5002,上田 健太,2026-07-07,2026-07-12,08,常滑,一般,４３２３１５２　１３４２,2025-12-29,2026-01-03,08,常滑,一般,３　１４６５４５３　１,2025-08-10,2025-08-15,08,常滑,一般,２１６　６２４２１５６２,2025-04-18,2025-04-22,08,常滑,一般,３　１６５６１　５,2025-02-08,2025-02-11,08,常滑,一般,１３２５３１２１,3554,仲口 博崇,2026-05-03,2026-05-08,08,常滑,一般,４３２３２２３２４６１２,2026-02-05,2026-02-10,08,常滑,ＧⅠ,５　６１１　３　２２３,2025-12-29,2026-01-03,08,常滑,一般,３６１５４３３２３３３２,2025-10-07,2025-10-12,08,常滑,一般,１１２３３２１１６１[１],2025-06-18,2025-06-23,08,常滑,ＧⅢ,２１２２１３５１２１[２]
202608120804,2026-08-12,08,04R,4665,加藤 啓太,2026-07-15,2026-07-19,08,常滑,一般,３　６３６５４　２２,2025-11-19,2025-11-23,08,常滑,一般,１　５５２５３４３２,2025-05-22,2025-05-26,08,常滑,一般,２転２　６　５４６４,2024-12-03,2024-12-06,08,常滑,一般,４　２３２４４４,2024-09-15,2024-09-18,08,常滑,一般,４５２　４４３,4752,西尾 亮輔,2026-06-29,2026-07-04,08,常滑,一般,５５４　３２６　３　６１,2026-05-03,2026-05-08,08,常滑,一般,６　４６６　４３３　４５,2025-08-10,2025-08-15,08,常滑,一般,４３５　５５３　５　４３,2024-12-03,2024-12-06,08,常滑,一般,　　　　　　４６,2024-05-03,2024-05-08,08,常滑,一般,５２４　４　４２２５６６,4526,池田 雄祐,2026-02-14,2026-02-18,08,常滑,一般,５１１１２４２２[４],2025-12-29,2026-01-03,08,常滑,一般,５１５５３　４　１　１４,2025-05-03,2025-05-08,08,常滑,一般,２３１　１２３２４５１４,2024-07-21,2024-07-24,08,常滑,一般,３　１４１３４１,2024-01-19,2024-01-23,08,常滑,一般,２４３５４　１　２６,3929,杢野 誓良,2026-05-03,2026-05-08,08,常滑,一般,５６５　１　６６４　５１,2025-12-29,2026-01-03,08,常滑,一般,６５２　４２４　６６６,2025-05-03,2025-05-08,08,常滑,一般,６５２　３１６　４３４,2024-11-27,2024-11-30,08,常滑,一般,１４３　３６４２,2024-07-14,2024-07-17,08,常滑,一般,２　６６３４５４,4409,坂元 浩仁,2025-08-10,2025-08-15,08,常滑,一般,５５２　１１２　１２[５],2025-03-01,2025-03-04,08,常滑,一般,４４５１１４１２,2024-05-03,2024-05-08,08,常滑,一般,３３６　１４１５１４１５,2023-12-30,2024-01-04,08,常滑,一般,１２２３２３３　４３[４],2023-10-27,2023-10-30,08,常滑,一般,４１１５１２[５],4837,酒井 陽祐,2026-06-29,2026-07-04,08,常滑,一般,２　２２２　４３１６１２,2026-01-18,2026-01-22,08,常滑,一般,４　５３２４３　６２,2025-09-18,2025-09-22,08,常滑,一般,４　２６２４４　５６,2025-05-30,2025-06-03,08,常滑,一般,５　６２６４６　６４,2025-01-16,2025-01-19,08,常滑,一般,３６４　６１６
202608120805,2026-08-12,08,05R,4604,岩瀬 裕亮,2026-06-13,2026-06-18,08,常滑,ＧⅠ,１６６　３６３　５２１,2026-02-05,2026-02-10,08,常滑,ＧⅠ,２３５　２４１　５　１２,2025-12-29,2026-01-03,08,常滑,一般,１４４１１３１３３２[３],2025-12-04,2025-12-09,08,常滑,ＧⅠ,６転,2025-08-10,2025-08-15,08,常滑,一般,２４１　３２１３２５２２,3542,清水 紀克,2026-05-03,2026-05-08,08,常滑,一般,１　２３４　４４５６２４,2025-12-29,2026-01-03,08,常滑,一般,１　４５６　５１６６６,2025-08-10,2025-08-15,08,常滑,一般,１　５６４　６５３　６５,2025-07-06,2025-07-11,08,常滑,一般,５　５３５　２６２　４５,2025-04-25,2025-05-01,08,常滑,一般,６　４５１４５　　　２３３２,5125,高井 雄基,2026-05-03,2026-05-08,08,常滑,一般,４２３４６　４１１４４５,2026-03-18,2026-03-23,08,常滑,一般,３　６３１３４３１　３３,2025-12-29,2026-01-03,08,常滑,一般,２５転　４６６６３　１,2025-12-13,2025-12-18,08,常滑,一般,２　１２１６６４１６４２,2025-08-10,2025-08-15,08,常滑,一般,３６３６５　３６６　１,5405,竹内 来,2026-06-21,2026-06-25,08,常滑,一般,６　６６５　５６５６,2026-02-14,2026-02-18,08,常滑,一般,　　　　　　　　５４,2025-12-29,2026-01-03,08,常滑,一般,５５６　６６６　５　３６,2025-12-21,2025-12-26,08,常滑,一般,　　　　　　　　　　転５,2025-10-16,2025-10-20,08,常滑,一般,５５６　５　６６５６,4142,平野 和明,2026-05-03,2026-05-08,08,常滑,一般,５４４　２５３　４３３,2025-12-29,2026-01-03,08,常滑,一般,４３３　３５５４１　３,2025-08-10,2025-08-15,08,常滑,一般,２　５４２　４５６　３１,2025-04-25,2025-05-01,08,常滑,一般,４　１３２　４３１　３６３３,2025-01-16,2025-01-19,08,常滑,一般,４３５２５　４３,3690,河合 三弘,2026-05-03,2026-05-08,08,常滑,一般,４３５　２６３　６３１,2025-12-29,2026-01-03,08,常滑,一般,６６２　５６３　２３５,2025-09-18,2025-09-22,08,常滑,一般,５４４　５　４３６６,2025-01-31,2025-02-03,08,常滑,一般,３　５２６２６２,2024-06-15,2024-06-18,08,常滑,一般,４５２５４　４３
202608120806,2026-08-12,08,06R,5252,荒木 颯斗,2026-07-30,2026-08-04,08,常滑,一般,３　４２２３１４５１[５],2026-06-04,2026-06-08,08,常滑,一般,１　１６１１３２[２],2026-05-03,2026-05-08,08,常滑,一般,２　５５３１５６６　１,2025-12-29,2026-01-03,08,常滑,一般,６　５１３　１３４６５５,2025-07-28,2025-08-02,08,常滑,一般,１　３２３　２５１４２５,3315,広瀬 聖仁,2026-07-15,2026-07-19,08,常滑,一般,１４６６５　３　４５,2026-05-03,2026-05-08,08,常滑,一般,２１５　４６４　２４１,2026-01-18,2026-01-22,08,常滑,一般,５　２４３１３２２４,2025-05-03,2025-05-08,08,常滑,一般,４　４４２６３　５３３,2025-02-15,2025-02-18,08,常滑,一般,２６３　５５２３,3302,谷川 里江,2025-07-06,2025-07-11,08,常滑,一般,転　６４,2025-05-13,2025-05-18,08,常滑,ＧⅡ,５　２　６２２　５１５５,2025-04-07,2025-04-12,08,常滑,ＧⅢ,３２４　１　５６１５２３,2024-04-07,2024-04-12,08,常滑,ＧⅢ,３１３　４　５５４１３１,2024-03-05,2024-03-10,08,常滑,一般,３　２４２２２　２３２３,5318,河内 一馬,2026-05-11,2026-05-15,08,常滑,一般,４　４６３　４４５６,2025-11-11,2025-11-16,08,常滑,一般,５　３６２　６６２６５４,2025-05-30,2025-06-03,08,常滑,一般,６　５６６　５４６,2025-03-18,2025-03-22,08,常滑,一般,４５６６６　６,2025-02-15,2025-02-18,08,常滑,一般,　　　　　　５４,4084,杉山 正樹,2026-06-13,2026-06-18,08,常滑,ＧⅠ,２　３４３　６２６　４５,2026-02-05,2026-02-10,08,常滑,ＧⅠ,５６６　５　４１４　４,2025-12-04,2025-12-09,08,常滑,ＧⅠ,１　４　６３２　１２２５,2025-08-10,2025-08-15,08,常滑,一般,３　４２３１３２１３２１,2025-06-18,2025-06-23,08,常滑,ＧⅢ,１６１５２３３１２２[６],3999,大瀧 明日香,2026-04-24,2026-04-29,08,常滑,一般,３６１３２２１５２２[６],2026-02-05,2026-02-10,08,常滑,ＧⅠ,５　５　６５４　５６３,2025-12-13,2025-12-18,08,常滑,一般,２　４２３３３３２４４２,2025-08-19,2025-08-24,08,常滑,一般,４３２１１３１３２２[５],2025-07-06,2025-07-11,08,常滑,一般,２４１１２２１６３２[５]
202608120807,2026-08-12,08,07R,5074,大澤 誠也,2025-07-28,2025-08-02,08,常滑,一般,２５２　２４２３５５３６,2024-12-30,2025-01-04,08,常滑,一般,４４３　４　４４４５５,2024-12-12,2024-12-15,08,常滑,一般,５４４　４　４５,2024-11-06,2024-11-09,08,常滑,一般,３,2024-10-26,2024-10-29,08,常滑,一般,５　４６６　２４,4074,柳沢 一,2026-03-18,2026-03-23,08,常滑,一般,３１３２４１２１１１[２],2026-02-05,2026-02-10,08,常滑,ＧⅠ,６１２　４　２６２　２５,2025-12-04,2025-12-09,08,常滑,ＧⅠ,５　４　５４６　６６４３,2025-08-10,2025-08-15,08,常滑,一般,６　１３２３３５２５２,2024-12-30,2025-01-04,08,常滑,一般,２５１２４５１１２３１３,4850,野中 一平,2026-05-27,2026-06-01,08,常滑,一般,２４３４４１２２２３２１,2026-04-24,2026-04-29,08,常滑,一般,１１４３１　５２１２[５],2026-02-05,2026-02-10,08,常滑,ＧⅠ,４　４４３　３　６５５,2025-12-29,2026-01-03,08,常滑,一般,３２４　１２３４１５３４,2025-11-19,2025-11-23,08,常滑,一般,１３１３３　２２[６],4901,出口 舞有子,2021-04-22,2021-04-27,08,常滑,ＧⅢ,４L,2021-02-03,2021-02-08,08,常滑,一般,１１２　５４１　４３[５],2020-03-25,2020-03-30,08,常滑,一般,１５４　１１５　６４１３,2020-01-22,2020-01-27,08,常滑,ＧⅢ,２　４１５１１６２３３４,2019-04-17,2019-04-22,08,常滑,一般,５５５　６　６６５　６,5472,中川 海虹,2026-05-19,2026-05-24,08,常滑,一般,６６６　６６６　６６６,,,,,,,,,,,,,,,,,,,,,,,,,4118,宇佐見 淳,2026-05-03,2026-05-08,08,常滑,一般,５　２３１２２５１４３２,2026-02-05,2026-02-10,08,常滑,ＧⅠ,１　５　４６４　３３２,2025-12-29,2026-01-03,08,常滑,一般,２１４６３　１５４４２転,2025-05-03,2025-05-08,08,常滑,一般,５　１４３３１２１４１６,2025-03-18,2025-03-22,08,常滑,一般,１１４　１４[４]
202608120808,2026-08-12,08,08R,4979,中野 夢斗,2026-05-11,2026-05-15,08,常滑,一般,５　５欠,2026-02-14,2026-02-18,08,常滑,一般,１３３４４　１４１６,2025-11-26,2025-11-30,08,常滑,一般,４５１　３２２６４,2025-08-28,2025-09-02,08,常滑,一般,　　　　　　　　　　４２,2025-04-25,2025-05-01,08,常滑,一般,３６２　４　４５　　４４２６,4630,岩永 雅人,2026-05-03,2026-05-08,08,常滑,一般,３２３３６　２５１　６２,2025-10-07,2025-10-12,08,常滑,一般,１５１６２４４　１６２６,2025-05-22,2025-05-26,08,常滑,一般,１１２３２５１３３１,2024-12-30,2025-01-04,08,常滑,一般,３３１６１３３　１３２２,2024-09-15,2024-09-18,08,常滑,一般,２４５４３　１４,5232,樅山 拓馬,2025-03-18,2025-03-22,08,常滑,一般,　　　　　　５３,2024-10-20,2024-10-23,08,常滑,一般,４４５　６　６６,2024-07-21,2024-07-24,08,常滑,一般,３　４６F　転,2024-01-26,2024-01-29,08,常滑,一般,５１６　６４５,2023-05-26,2023-05-29,08,常滑,一般,５５３　５　５６,3941,池田 浩二,2026-06-13,2026-06-18,08,常滑,ＧⅠ,１　３２３４１　１　[５],2026-02-05,2026-02-10,08,常滑,ＧⅠ,１　３３２５３　１　[２],2025-12-29,2026-01-03,08,常滑,一般,１１１１４１３１２１[１],2025-12-04,2025-12-09,08,常滑,ＧⅠ,２　３１２６６　５１２,2025-09-25,2025-09-30,08,常滑,一般,１１３３３１３３３１[３],4665,加藤 啓太,2026-07-15,2026-07-19,08,常滑,一般,３　６３６５４　２２,2025-11-19,2025-11-23,08,常滑,一般,１　５５２５３４３２,2025-05-22,2025-05-26,08,常滑,一般,２転２　６　５４６４,2024-12-03,2024-12-06,08,常滑,一般,４　２３２４４４,2024-09-15,2024-09-18,08,常滑,一般,４５２　４４３,4293,鈴木 智啓,2026-06-04,2026-06-08,08,常滑,一般,２１３６５　３３５４,2026-05-11,2026-05-15,08,常滑,一般,５　２２６６４　２１,2025-12-29,2026-01-03,08,常滑,一般,転　６４５　４５６　５４,2025-10-07,2025-10-12,08,常滑,一般,２　３２２　２５４４５５,2025-06-28,2025-07-02,08,常滑,一般,３　１６４５４　３１
202608120809,2026-08-12,08,09R,5082,一色 凌雅,2024-11-06,2024-11-09,08,常滑,一般,　　　　　　４３,2024-02-09,2024-02-12,08,常滑,一般,４　６３４４１４,2023-12-13,2023-12-18,08,常滑,一般,４６２　５６２　４　３３,2023-09-16,2023-09-19,08,常滑,一般,６　５６,2023-05-20,2023-05-23,08,常滑,一般,２２３５１妨,4526,池田 雄祐,2026-02-14,2026-02-18,08,常滑,一般,５１１１２４２２[４],2025-12-29,2026-01-03,08,常滑,一般,５１５５３　４　１　１４,2025-05-03,2025-05-08,08,常滑,一般,２３１　１２３２４５１４,2024-07-21,2024-07-24,08,常滑,一般,３　１４１３４１,2024-01-19,2024-01-23,08,常滑,一般,２４３５４　１　２６,3554,仲口 博崇,2026-05-03,2026-05-08,08,常滑,一般,４３２３２２３２４６１２,2026-02-05,2026-02-10,08,常滑,ＧⅠ,５　６１１　３　２２３,2025-12-29,2026-01-03,08,常滑,一般,３６１５４３３２３３３２,2025-10-07,2025-10-12,08,常滑,一般,１１２３３２１１６１[１],2025-06-18,2025-06-23,08,常滑,ＧⅢ,２１２２１３５１２１[２],5410,今泉 澪,2026-02-14,2026-02-18,08,常滑,一般,　　　　　　　　６６,2025-12-13,2025-12-18,08,常滑,一般,　　　　　　　　６　４６,2025-11-19,2025-11-23,08,常滑,一般,５６６　６　６６６６,2025-06-10,2025-06-14,08,常滑,一般,転　６６６　６６６,,,,,,,3687,花田 和明,2026-05-11,2026-05-15,08,常滑,一般,１　３５２３３５１３,2025-12-29,2026-01-03,08,常滑,一般,５　２６１　２５４４２,2025-10-16,2025-10-20,08,常滑,一般,４　４６１４４６４３,2025-04-25,2025-05-01,08,常滑,一般,２３６　４４２　６　１　４５,2025-03-18,2025-03-22,08,常滑,一般,２２６　６１３６,5125,高井 雄基,2026-05-03,2026-05-08,08,常滑,一般,４２３４６　４１１４４５,2026-03-18,2026-03-23,08,常滑,一般,３　６３１３４３１　３３,2025-12-29,2026-01-03,08,常滑,一般,２５転　４６６６３　１,2025-12-13,2025-12-18,08,常滑,一般,２　１２１６６４１６４２,2025-08-10,2025-08-15,08,常滑,一般,３６３６５　３６６　１
202608120810,2026-08-12,08,10R,4435,服部 達哉,2025-12-29,2026-01-03,08,常滑,一般,２　１２３　１２４６１妨,2025-05-03,2025-05-08,08,常滑,一般,４　３４５５３　１３６３,2025-02-15,2025-02-18,08,常滑,一般,３４５　５４２２,2024-11-19,2024-11-24,08,常滑,ＧⅢ,６　５４１　２５５６４,2024-06-23,2024-06-26,08,常滑,一般,１２６５３　２５,3831,安藤 裕貴,2025-10-24,2025-10-28,08,常滑,一般,４　２３３６４　１２,2025-06-28,2025-07-02,08,常滑,一般,１　４４６２２　２１,2025-05-03,2025-05-08,08,常滑,一般,６　６６６　５６２　１４,2023-09-16,2023-09-19,08,常滑,一般,５　３４１６４４,2023-07-02,2023-07-06,08,常滑,一般,４　１４３５２５５６,4837,酒井 陽祐,2026-06-29,2026-07-04,08,常滑,一般,２　２２２　４３１６１２,2026-01-18,2026-01-22,08,常滑,一般,４　５３２４３　６２,2025-09-18,2025-09-22,08,常滑,一般,４　２６２４４　５６,2025-05-30,2025-06-03,08,常滑,一般,５　６２６４６　６４,2025-01-16,2025-01-19,08,常滑,一般,３６４　６１６,5252,荒木 颯斗,2026-07-30,2026-08-04,08,常滑,一般,３　４２２３１４５１[５],2026-06-04,2026-06-08,08,常滑,一般,１　１６１１３２[２],2026-05-03,2026-05-08,08,常滑,一般,２　５５３１５６６　１,2025-12-29,2026-01-03,08,常滑,一般,６　５１３　１３４６５５,2025-07-28,2025-08-02,08,常滑,一般,１　３２３　２５１４２５,4604,岩瀬 裕亮,2026-06-13,2026-06-18,08,常滑,ＧⅠ,１６６　３６３　５２１,2026-02-05,2026-02-10,08,常滑,ＧⅠ,２３５　２４１　５　１２,2025-12-29,2026-01-03,08,常滑,一般,１４４１１３１３３２[３],2025-12-04,2025-12-09,08,常滑,ＧⅠ,６転,2025-08-10,2025-08-15,08,常滑,一般,２４１　３２１３２５２２,4527,高野 心吾,2026-05-19,2026-05-24,08,常滑,一般,３　２４２　５３５３６１,2025-10-31,2025-11-04,08,常滑,一般,３５６　６　６３１６,2025-08-28,2025-09-02,08,常滑,一般,５　６３２　５２３４２１,2025-05-03,2025-05-08,08,常滑,一般,３　５１５　１６６４５５,2025-02-08,2025-02-11,08,常滑,一般,５　６６２６６
202608120811,2026-08-12,08,11R,4409,坂元 浩仁,2025-08-10,2025-08-15,08,常滑,一般,５５２　１１２　１２[５],2025-03-01,2025-03-04,08,常滑,一般,４４５１１４１２,2024-05-03,2024-05-08,08,常滑,一般,３３６　１４１５１４１５,2023-12-30,2024-01-04,08,常滑,一般,１２２３２３３　４３[４],2023-10-27,2023-10-30,08,常滑,一般,４１１５１２[５],4570,前田 聖文,2026-05-03,2026-05-08,08,常滑,一般,１３２４３　５３１２[５],2026-02-05,2026-02-10,08,常滑,ＧⅠ,３２３　１　３２４　５２,2025-09-25,2025-09-30,08,常滑,一般,１１１６４　１３６４１１,2025-08-10,2025-08-15,08,常滑,一般,２２１１２１１　２６２６,2025-05-03,2025-05-08,08,常滑,一般,５５１２３４３　３３４３,3542,清水 紀克,2026-05-03,2026-05-08,08,常滑,一般,１　２３４　４４５６２４,2025-12-29,2026-01-03,08,常滑,一般,１　４５６　５１６６６,2025-08-10,2025-08-15,08,常滑,一般,１　５６４　６５３　６５,2025-07-06,2025-07-11,08,常滑,一般,５　５３５　２６２　４５,2025-04-25,2025-05-01,08,常滑,一般,６　４５１４５　　　２３３２,3999,大瀧 明日香,2026-04-24,2026-04-29,08,常滑,一般,３６１３２２１５２２[６],2026-02-05,2026-02-10,08,常滑,ＧⅠ,５　５　６５４　５６３,2025-12-13,2025-12-18,08,常滑,一般,２　４２３３３３２４４２,2025-08-19,2025-08-24,08,常滑,一般,４３２１１３１３２２[５],2025-07-06,2025-07-11,08,常滑,一般,２４１１２２１６３２[５],4016,西川 新太郎,2026-03-08,2026-03-13,08,常滑,一般,４２４　２　２２１３２２,2025-08-10,2025-08-15,08,常滑,一般,１　４３４６５　３４３,2025-03-01,2025-03-04,08,常滑,一般,２３２２６　２３,2024-12-30,2025-01-04,08,常滑,一般,４３１　４２６　５１３６,2024-08-25,2024-08-28,08,常滑,一般,２２５３３　２４,4074,柳沢 一,2026-03-18,2026-03-23,08,常滑,一般,３１３２４１２１１１[２],2026-02-05,2026-02-10,08,常滑,ＧⅠ,６１２　４　２６２　２５,2025-12-04,2025-12-09,08,常滑,ＧⅠ,５　４　５４６　６６４３,2025-08-10,2025-08-15,08,常滑,一般,６　１３２３３５２５２,2024-12-30,2025-01-04,08,常滑,一般,２５１２４５１１２３１３
202608120812,2026-08-12,08,12R,4084,杉山 正樹,2026-06-13,2026-06-18,08,常滑,ＧⅠ,２　３４３　６２６　４５,2026-02-05,2026-02-10,08,常滑,ＧⅠ,５６６　５　４１４　４,2025-12-04,2025-12-09,08,常滑,ＧⅠ,１　４　６３２　１２２５,2025-08-10,2025-08-15,08,常滑,一般,３　４２３１３２１３２１,2025-06-18,2025-06-23,08,常滑,ＧⅢ,１６１５２３３１２２[６],4142,平野 和明,2026-05-03,2026-05-08,08,常滑,一般,５４４　２５３　４３３,2025-12-29,2026-01-03,08,常滑,一般,４３３　３５５４１　３,2025-08-10,2025-08-15,08,常滑,一般,２　５４２　４５６　３１,2025-04-25,2025-05-01,08,常滑,一般,４　１３２　４３１　３６３３,2025-01-16,2025-01-19,08,常滑,一般,４３５２５　４３,3941,池田 浩二,2026-06-13,2026-06-18,08,常滑,ＧⅠ,１　３２３４１　１　[５],2026-02-05,2026-02-10,08,常滑,ＧⅠ,１　３３２５３　１　[２],2025-12-29,2026-01-03,08,常滑,一般,１１１１４１３１２１[１],2025-12-04,2025-12-09,08,常滑,ＧⅠ,２　３１２６６　５１２,2025-09-25,2025-09-30,08,常滑,一般,１１３３３１３３３１[３],5002,上田 健太,2026-07-07,2026-07-12,08,常滑,一般,４３２３１５２　１３４２,2025-12-29,2026-01-03,08,常滑,一般,３　１４６５４５３　１,2025-08-10,2025-08-15,08,常滑,一般,２１６　６２４２１５６２,2025-04-18,2025-04-22,08,常滑,一般,３　１６５６１　５,2025-02-08,2025-02-11,08,常滑,一般,１３２５３１２１,4850,野中 一平,2026-05-27,2026-06-01,08,常滑,一般,２４３４４１２２２３２１,2026-04-24,2026-04-29,08,常滑,一般,１１４３１　５２１２[５],2026-02-05,2026-02-10,08,常滑,ＧⅠ,４　４４３　３　６５５,2025-12-29,2026-01-03,08,常滑,一般,３２４　１２３４１５３４,2025-11-19,2025-11-23,08,常滑,一般,１３１３３　２２[６],4910,中村 泰平,2026-07-15,2026-07-19,08,常滑,一般,４１２１１１２１[１],2026-05-11,2026-05-15,08,常滑,一般,１４１２２１４１[１],2026-02-05,2026-02-10,08,常滑,ＧⅠ,２２２　F　２６４　６,2025-12-04,2025-12-09,08,常滑,ＧⅠ,３　１　３６６　６４２５,2025-08-10,2025-08-15,08,常滑,一般,４３１　１４１１１４６３
202608121301,2026-08-12,13,01R,5003,来田 衣織,2026-05-04,2026-05-09,13,尼崎,一般,６　６１６　５５３　２,2026-01-04,2026-01-09,13,尼崎,一般,３　２６６６６　６４３,2025-12-07,2025-12-12,13,尼崎,一般,５３６　１　５５４　３２,2025-08-09,2025-08-14,13,尼崎,一般,２６６　６６６　６６３,2025-07-31,2025-08-05,13,尼崎,ＧⅢ,５５６　６　６５６　４１,4105,松下 直也,2026-05-04,2026-05-09,13,尼崎,一般,１４３　２５２　５　１２,2026-03-02,2026-03-05,13,尼崎,一般,２２６３３　６４,2025-08-09,2025-08-14,13,尼崎,一般,２　１３２　４６５　２４,2025-06-17,2025-06-22,13,尼崎,一般,５１１４６　１４４１[６],2025-05-03,2025-05-08,13,尼崎,一般,６　５４２　３２３１１５,5324,畑田 希咲,2026-07-13,2026-07-18,13,尼崎,ＧⅢ,５　５５５　４６４　６,2026-05-04,2026-05-09,13,尼崎,一般,４　５６４　３　１６６,2025-12-02,2025-12-05,13,尼崎,一般,６　６６５　４５,2025-08-09,2025-08-14,13,尼崎,一般,３　６６６　５６２６５,2025-07-31,2025-08-05,13,尼崎,ＧⅢ,２６５　１５５　６　F６,4446,和田 兼輔,2026-06-17,2026-06-22,13,尼崎,一般,１２１　１３４１１２[２],2026-05-04,2026-05-09,13,尼崎,一般,３　２４３１３　２　[６],2026-03-14,2026-03-19,13,尼崎,ＧⅠ,５　４　５５５　１３５２,2026-01-04,2026-01-09,13,尼崎,一般,１　２３２５５　２　[３],2025-08-09,2025-08-14,13,尼崎,一般,５１３　１５２　５　４５,5161,登玉 隼百,2026-05-22,2026-05-27,13,尼崎,一般,６４２　３１１　２２[３],2026-05-04,2026-05-09,13,尼崎,一般,１　６４３　５４１５３３,2026-01-04,2026-01-09,13,尼崎,一般,３　４２１　２５１　[４],2025-08-09,2025-08-14,13,尼崎,一般,２４４　５１５　１１２５,2025-05-03,2025-05-08,13,尼崎,一般,３　２３６　４３６５１６,5456,今村 天次朗,2026-07-03,2026-07-08,13,尼崎,一般,６　５６６　４４５　５,2026-05-04,2026-05-09,13,尼崎,一般,６　４　転６４　６４欠,,,,,,,,,,,,,,,,,,
202608121302,2026-08-12,13,02R,4902,山川 雄大,2026-07-03,2026-07-08,13,尼崎,一般,４５２　２５３　６６２４,2026-01-29,2026-02-03,13,尼崎,一般,１１５　６４４　４３６１,2026-01-04,2026-01-09,13,尼崎,一般,６６３　１３２　３１３２,2025-07-24,2025-07-29,13,尼崎,一般,５　５６３　６６６,2025-06-11,2025-06-15,13,尼崎,一般,１５５　５４１　３３,5179,藤本 元輝,2026-02-17,2026-02-22,13,尼崎,一般,３６エ　２２５２５　５６,2026-01-04,2026-01-09,13,尼崎,一般,３１５　１２６　６　５６,2025-05-18,2025-05-22,13,尼崎,一般,６　１３６　１２３４,2024-12-11,2024-12-16,13,尼崎,一般,４　４５１　５４２　４３,2024-07-20,2024-07-25,13,尼崎,一般,６　５４６　６　１６６６,5396,近藤 来希,2026-05-22,2026-05-27,13,尼崎,一般,５　６５６　２６６　６,2026-05-04,2026-05-09,13,尼崎,一般,６　４５４　６　３５６,2026-01-04,2026-01-09,13,尼崎,一般,６　６６６　５５６　６,2025-08-09,2025-08-14,13,尼崎,一般,６　５６６　６４３６５,2025-05-24,2025-05-29,13,尼崎,一般,６　６６転　６　６６６,4375,照屋 厚仁,2026-05-04,2026-05-09,13,尼崎,一般,２　２６３２４　４　１６,2026-03-02,2026-03-05,13,尼崎,一般,１　１１３６[５],2026-01-04,2026-01-09,13,尼崎,一般,２　６２５　４６１２３６,2025-06-11,2025-06-15,13,尼崎,一般,３１３　６１２　５１,2025-04-08,2025-04-11,13,尼崎,一般,２２２　６３１４,3854,吉川 元浩,2026-06-08,2026-06-13,13,尼崎,ＧⅠ,３２１　５５３　４　４２,2026-05-04,2026-05-09,13,尼崎,一般,３１２１１　１２１　[１],2026-03-14,2026-03-19,13,尼崎,ＧⅠ,５　５３４４３　落５,2026-01-22,2026-01-25,13,尼崎,ＧⅠ,１６５　５３２,2026-01-04,2026-01-09,13,尼崎,一般,４３１５１　１４エ　２３,4633,森 智也,2026-06-25,2026-06-30,13,尼崎,一般,３１４　１２２２１２[３],2026-03-22,2026-03-25,13,尼崎,一般,２１１２５　[５],2026-01-04,2026-01-09,13,尼崎,一般,４　３４２　３４３２２４,2025-12-02,2025-12-05,13,尼崎,一般,１２４　４４３１,2025-08-09,2025-08-14,13,尼崎,一般,２４３　３　３３２５６２
202608121303,2026-08-12,13,03R,5329,金子 龍斗,2026-05-22,2026-05-27,13,尼崎,一般,２　５５５５２　５　４２,2026-01-04,2026-01-09,13,尼崎,一般,４　３２５６１　２３４４,2025-05-03,2025-05-08,13,尼崎,一般,エ　５１２　F５２　４,2025-01-13,2025-01-16,13,尼崎,一般,６２６　２６４４,2024-09-04,2024-09-08,13,尼崎,一般,　　　　　　　　６５,5386,米玉利 大悟,2026-07-31,2026-08-04,13,尼崎,一般,６　３６１　４落転５,2026-05-22,2026-05-27,13,尼崎,一般,５５５　５　３３５　５,2026-02-17,2026-02-22,13,尼崎,一般,５４５　３５６　５５６,2026-01-04,2026-01-09,13,尼崎,一般,６　４６３３４　４２６,2025-08-09,2025-08-14,13,尼崎,一般,６　４５５　４４６５６,5273,山下 拓巳,2026-05-22,2026-05-27,13,尼崎,一般,５　２３５５５　６　１,2026-05-04,2026-05-09,13,尼崎,一般,５３６　２５６　５　６,2026-04-17,2026-04-22,13,尼崎,一般,２　５４５　１３１５４５,2026-02-17,2026-02-22,13,尼崎,一般,３　３１６　６４６６５５,2026-01-17,2026-01-20,13,尼崎,一般,１　３２４６２５,4381,田路 朋史,2026-05-04,2026-05-09,13,尼崎,一般,３６１　６４４　１２４４,2026-02-25,2026-02-28,13,尼崎,一般,３１２　４２[４],2026-01-04,2026-01-09,13,尼崎,一般,２　５２３　１２１６３１,2025-05-03,2025-05-08,13,尼崎,一般,４６１　３６２　３３２４,2024-12-24,2024-12-29,13,尼崎,一般,５３１　２１３３３　１２,4290,稲田 浩二,2026-06-08,2026-06-13,13,尼崎,ＧⅠ,２　６１４　５５５　６,2026-05-04,2026-05-09,13,尼崎,一般,３３１　２４１１３　２１,2026-03-14,2026-03-19,13,尼崎,ＧⅠ,３１５　４　３６５１４２,2026-01-04,2026-01-09,13,尼崎,一般,５１４　２２４１転,2025-12-24,2025-12-30,13,尼崎,一般,３１６１１　２２２１１１[１],5440,薗頭 心,2026-07-13,2026-07-18,13,尼崎,ＧⅢ,６２６　６　５６４　５,2026-05-04,2026-05-09,13,尼崎,一般,６　５　６６６　６６６,2026-01-04,2026-01-09,13,尼崎,一般,６　６　６６５　６６６,2025-12-02,2025-12-05,13,尼崎,一般,６　６６６　６６,,,,,,
202608121304,2026-08-12,13,04R,4648,木村 亮太,2026-04-17,2026-04-22,13,尼崎,一般,１６６　１２４　１６４６,2026-01-04,2026-01-09,13,尼崎,一般,１２１　３３１　F　４,2025-08-09,2025-08-14,13,尼崎,一般,５５５　４６５　５３３,2025-04-25,2025-04-30,13,尼崎,一般,５３３　４１４　１５３２,2025-01-13,2025-01-16,13,尼崎,一般,３３１３６　２６,4790,柳内 敬太,2026-05-04,2026-05-09,13,尼崎,一般,６　１４５　１３６　１５,2026-01-04,2026-01-09,13,尼崎,一般,１　２５４　転３１３５６,2025-08-09,2025-08-14,13,尼崎,一般,６　２４４　２１２１３５,2025-07-16,2025-07-21,13,尼崎,一般,３１３４３　１６３５１２,2025-05-03,2025-05-08,13,尼崎,一般,５　２５６３４　２１５１,4295,小坂 尚哉,2026-06-08,2026-06-13,13,尼崎,ＧⅠ,３　１　３１６　４　１４,2026-05-04,2026-05-09,13,尼崎,一般,３６３　３３１２５　２３,2026-03-22,2026-03-25,13,尼崎,一般,４１１３３４１２,2026-01-04,2026-01-09,13,尼崎,一般,３　１３１　３３２　[２],2025-08-09,2025-08-14,13,尼崎,一般,４４３　２２３　５　１５,4965,福岡 泉水,2026-07-13,2026-07-18,13,尼崎,ＧⅢ,１　４５５４５　３　６１,2026-05-04,2026-05-09,13,尼崎,一般,４　４転２　３５１　４,2025-12-07,2025-12-12,13,尼崎,一般,１５５　５　４６４　３２,2025-08-09,2025-08-14,13,尼崎,一般,落６５　６　６６５　６４,2025-07-31,2025-08-05,13,尼崎,ＧⅢ,５　１２５１１　１３２１,5470,坂口 諒宗,2026-05-04,2026-05-09,13,尼崎,一般,６　６６５　６　４６F,,,,,,,,,,,,,,,,,,,,,,,,,5297,南 彩寧,2026-05-04,2026-05-09,13,尼崎,一般,４　１４６　６５２２３,2026-04-25,2026-04-30,13,尼崎,一般,４　５６２　２エ３　６２,2026-01-04,2026-01-09,13,尼崎,一般,４　１６６　２５２６４５,2025-12-07,2025-12-12,13,尼崎,一般,３４２　６６１　６　６６,2025-12-02,2025-12-05,13,尼崎,一般,６５４　５４５
202608121305,2026-08-12,13,05R,4982,中村 将隆,2026-01-11,2026-01-14,13,尼崎,一般,１５６　４４３,2025-08-09,2025-08-14,13,尼崎,一般,４　３２４　２６４５１,2025-05-03,2025-05-08,13,尼崎,一般,３３３　３２４　４　２４,2025-04-08,2025-04-11,13,尼崎,一般,６　４２１６３６,2024-12-24,2024-12-29,13,尼崎,一般,４　６３１３２１１５５６,5333,山下 智己,2026-05-31,2026-06-05,13,尼崎,一般,５　１５４６３　４５２６,2026-01-04,2026-01-09,13,尼崎,一般,５　５４１２６　４４５２,2025-08-16,2025-08-19,13,尼崎,一般,５　６４５　１３,2025-08-09,2025-08-14,13,尼崎,一般,５　２５１６妨　３　４F,2025-05-24,2025-05-29,13,尼崎,一般,４　６３５６２　５　６６,4857,加藤 翔馬,2026-06-08,2026-06-13,13,尼崎,ＧⅠ,２　２　４２２　１　[１],2026-04-17,2026-04-22,13,尼崎,一般,２１４　２１２４１２[３],2026-01-17,2026-01-20,13,尼崎,一般,２６３２１１[３],2025-08-09,2025-08-14,13,尼崎,一般,４３１　３５１　２　[６],2025-06-25,2025-06-30,13,尼崎,一般,２１１３３４４　１２[５],4040,廣瀬 将亨,2026-05-04,2026-05-09,13,尼崎,一般,２４５　４６３　３２２６,2026-03-27,2026-03-31,13,尼崎,一般,３１１３４　４２[４],2026-01-04,2026-01-09,13,尼崎,一般,４４４　６２４　４３６２,2025-08-09,2025-08-14,13,尼崎,一般,５　１５２　５２１２２４,2025-06-25,2025-06-30,13,尼崎,一般,３　４１２４５１２４１２,3577,向所 浩二,2026-07-03,2026-07-08,13,尼崎,一般,５　２６５　４４２　５６,2026-05-04,2026-05-09,13,尼崎,一般,２５５　１　４５１４３３,2026-02-25,2026-02-28,13,尼崎,一般,６５１　４６１５,2024-01-21,2024-01-26,13,尼崎,ＧⅢ,１　６１３　６４１４１３,2023-12-25,2023-12-30,13,尼崎,一般,５１６　２４４２３５１２,4735,角山 雄哉,2026-05-15,2026-05-18,13,尼崎,一般,３,2026-03-08,2026-03-11,13,尼崎,一般,６３１１４　３６,2025-12-02,2025-12-05,13,尼崎,一般,６　１３２４６２,2025-08-09,2025-08-14,13,尼崎,一般,１２３　４　１４４　５３,2025-04-25,2025-04-30,13,尼崎,一般,１５５　５６５　４　２１
202608121306,2026-08-12,13,06R,5060,数原 魁,2026-05-04,2026-05-09,13,尼崎,一般,１　４６５　６２２４３４,2026-03-02,2026-03-05,13,尼崎,一般,１１１１６　[６],2026-01-17,2026-01-20,13,尼崎,一般,３２１３２　５３,2025-05-03,2025-05-08,13,尼崎,一般,３５２　４３転　２１２,2025-04-18,2025-04-23,13,尼崎,ＧⅢ,３１３　６５２５３３６,5324,畑田 希咲,2026-07-13,2026-07-18,13,尼崎,ＧⅢ,５　５５５　４６４　６,2026-05-04,2026-05-09,13,尼崎,一般,４　５６４　３　１６６,2025-12-02,2025-12-05,13,尼崎,一般,６　６６５　４５,2025-08-09,2025-08-14,13,尼崎,一般,３　６６６　５６２６５,2025-07-31,2025-08-05,13,尼崎,ＧⅢ,２６５　１５５　６　F６,4512,高野 哲史,2026-05-04,2026-05-09,13,尼崎,一般,１５２　１１３５２　[５],2026-04-25,2026-04-30,13,尼崎,一般,２６１１４　１１６１[２],2026-03-14,2026-03-19,13,尼崎,ＧⅠ,５　１１５　３４６１４３,2026-01-04,2026-01-09,13,尼崎,一般,５２４　１１２１１　[１],2025-08-09,2025-08-14,13,尼崎,一般,１６３１５　１１２　[４],5421,原田 朱理,2026-05-04,2026-05-09,13,尼崎,一般,６　６　５６４　６６６,2026-01-04,2026-01-09,13,尼崎,一般,６　６　４４６５５２６,2025-12-02,2025-12-05,13,尼崎,一般,６　６５６　６不,,,,,,,,,,,,,4902,山川 雄大,2026-07-03,2026-07-08,13,尼崎,一般,４５２　２５３　６６２４,2026-01-29,2026-02-03,13,尼崎,一般,１１５　６４４　４３６１,2026-01-04,2026-01-09,13,尼崎,一般,６６３　１３２　３１３２,2025-07-24,2025-07-29,13,尼崎,一般,５　５６３　６６６,2025-06-11,2025-06-15,13,尼崎,一般,１５５　５４１　３３,3612,馬袋 義則,2026-05-04,2026-05-09,13,尼崎,一般,５　１２４３４　５　１６,2026-03-27,2026-03-31,13,尼崎,一般,２３３６４４１　２,2026-01-04,2026-01-09,13,尼崎,一般,２２１　２４４　３１４２,2025-08-09,2025-08-14,13,尼崎,一般,６１４　４２３　２１２６,2025-07-09,2025-07-14,13,尼崎,ＧⅢ,６１２３２　４３２４３６
202608121307,2026-08-12,13,07R,4133,高橋 正男,2026-06-08,2026-06-13,13,尼崎,ＧⅠ,４　２　２２５　５　２５,2026-05-04,2026-05-09,13,尼崎,一般,２　２５１４１　６　１４,2026-01-11,2026-01-14,13,尼崎,一般,３　２２１４３２,2025-07-24,2025-07-29,13,尼崎,一般,１６２　１２４１１２[１],2025-05-03,2025-05-08,13,尼崎,一般,２　２４１　１６４　４５,4290,稲田 浩二,2026-06-08,2026-06-13,13,尼崎,ＧⅠ,２　６１４　５５５　６,2026-05-04,2026-05-09,13,尼崎,一般,３３１　２４１１３　２１,2026-03-14,2026-03-19,13,尼崎,ＧⅠ,３１５　４　３６５１４２,2026-01-04,2026-01-09,13,尼崎,一般,５１４　２２４１転,2025-12-24,2025-12-30,13,尼崎,一般,３１６１１　２２２１１１[１],3828,明石 正之,2026-04-25,2026-04-30,13,尼崎,一般,１２１　５４妨,2026-03-08,2026-03-11,13,尼崎,一般,１２２　２２[２],2026-01-04,2026-01-09,13,尼崎,一般,５３１　５５４　３４５５,2025-08-09,2025-08-14,13,尼崎,一般,５５１　３３３　１４５３,2025-06-02,2025-06-07,13,尼崎,一般,１　４５２２４　１３転４,5161,登玉 隼百,2026-05-22,2026-05-27,13,尼崎,一般,６４２　３１１　２２[３],2026-05-04,2026-05-09,13,尼崎,一般,１　６４３　５４１５３３,2026-01-04,2026-01-09,13,尼崎,一般,３　４２１　２５１　[４],2025-08-09,2025-08-14,13,尼崎,一般,２４４　５１５　１１２５,2025-05-03,2025-05-08,13,尼崎,一般,３　２３６　４３６５１６,4365,盛本 真輔,2026-06-25,2026-06-30,13,尼崎,一般,２１４　４３３　１３３５,2026-01-29,2026-02-03,13,尼崎,一般,３６２　５２１　１６２３,2026-01-04,2026-01-09,13,尼崎,一般,１５６　１５１　３　１６,2025-08-09,2025-08-14,13,尼崎,一般,３６３　３５２　３３３２,2025-07-02,2025-07-06,13,尼崎,一般,５３６　１４４　１５,4725,佐竹 太一,2026-06-25,2026-06-30,13,尼崎,一般,２　６６６３３　３　６５,2026-05-15,2026-05-18,13,尼崎,一般,４,2026-02-25,2026-02-28,13,尼崎,一般,２２２　１４[５],2025-08-09,2025-08-14,13,尼崎,一般,１３２　２６５　４　５４,2025-06-02,2025-06-07,13,尼崎,一般,２６５　６４４　５　１５
202608121308,2026-08-12,13,08R,4446,和田 兼輔,2026-06-17,2026-06-22,13,尼崎,一般,１２１　１３４１１２[２],2026-05-04,2026-05-09,13,尼崎,一般,３　２４３１３　２　[６],2026-03-14,2026-03-19,13,尼崎,ＧⅠ,５　４　５５５　１３５２,2026-01-04,2026-01-09,13,尼崎,一般,１　２３２５５　２　[３],2025-08-09,2025-08-14,13,尼崎,一般,５１３　１５２　５　４５,5297,南 彩寧,2026-05-04,2026-05-09,13,尼崎,一般,４　１４６　６５２２３,2026-04-25,2026-04-30,13,尼崎,一般,４　５６２　２エ３　６２,2026-01-04,2026-01-09,13,尼崎,一般,４　１６６　２５２６４５,2025-12-07,2025-12-12,13,尼崎,一般,３４２　６６１　６　６６,2025-12-02,2025-12-05,13,尼崎,一般,６５４　５４５,5126,山下 大輝,2026-05-04,2026-05-09,13,尼崎,一般,１２２　１３６　６　１５,2026-03-14,2026-03-19,13,尼崎,ＧⅠ,５　５　３３６５１　６２,2026-03-08,2026-03-11,13,尼崎,一般,３１５３４１１３,2026-02-17,2026-02-22,13,尼崎,一般,１２２　１１１４１F３,2026-01-04,2026-01-09,13,尼崎,一般,転,5386,米玉利 大悟,2026-07-31,2026-08-04,13,尼崎,一般,６　３６１　４落転５,2026-05-22,2026-05-27,13,尼崎,一般,５５５　５　３３５　５,2026-02-17,2026-02-22,13,尼崎,一般,５４５　３５６　５５６,2026-01-04,2026-01-09,13,尼崎,一般,６　４６３３４　４２６,2025-08-09,2025-08-14,13,尼崎,一般,６　４５５　４４６５６,5247,大森 翼,2026-06-17,2026-06-22,13,尼崎,一般,３　４３４　３３２３３１,2026-05-22,2026-05-27,13,尼崎,一般,６５４　３　５２２　２２,2026-05-04,2026-05-09,13,尼崎,一般,５３３　５　２４６２２,2026-02-17,2026-02-22,13,尼崎,一般,１　落２１　５２５４４２,2025-12-02,2025-12-05,13,尼崎,一般,１　１４３６４６,4025,山本 隆幸,2026-01-04,2026-01-09,13,尼崎,一般,２１５　５５１　４　１３,2025-08-09,2025-08-14,13,尼崎,一般,１　１５３３３　３　１２,2025-07-09,2025-07-14,13,尼崎,ＧⅢ,２１４３２　３６５５３３,2025-05-03,2025-05-08,13,尼崎,一般,５２４　１２４　５　１３,2024-12-24,2024-12-29,13,尼崎,一般,２２２　１６５３１５３２
202608121309,2026-08-12,13,09R,4381,田路 朋史,2026-05-04,2026-05-09,13,尼崎,一般,３６１　６４４　１２４４,2026-02-25,2026-02-28,13,尼崎,一般,３１２　４２[４],2026-01-04,2026-01-09,13,尼崎,一般,２　５２３　１２１６３１,2025-05-03,2025-05-08,13,尼崎,一般,４６１　３６２　３３２４,2024-12-24,2024-12-29,13,尼崎,一般,５３１　２１３３３　１２,3854,吉川 元浩,2026-06-08,2026-06-13,13,尼崎,ＧⅠ,３２１　５５３　４　４２,2026-05-04,2026-05-09,13,尼崎,一般,３１２１１　１２１　[１],2026-03-14,2026-03-19,13,尼崎,ＧⅠ,５　５３４４３　落５,2026-01-22,2026-01-25,13,尼崎,ＧⅠ,１６５　５３２,2026-01-04,2026-01-09,13,尼崎,一般,４３１５１　１４エ　２３,5003,来田 衣織,2026-05-04,2026-05-09,13,尼崎,一般,６　６１６　５５３　２,2026-01-04,2026-01-09,13,尼崎,一般,３　２６６６６　６４３,2025-12-07,2025-12-12,13,尼崎,一般,５３６　１　５５４　３２,2025-08-09,2025-08-14,13,尼崎,一般,２６６　６６６　６６３,2025-07-31,2025-08-05,13,尼崎,ＧⅢ,５５６　６　６５６　４１,4735,角山 雄哉,2026-05-15,2026-05-18,13,尼崎,一般,３,2026-03-08,2026-03-11,13,尼崎,一般,６３１１４　３６,2025-12-02,2025-12-05,13,尼崎,一般,６　１３２４６２,2025-08-09,2025-08-14,13,尼崎,一般,１２３　４　１４４　５３,2025-04-25,2025-04-30,13,尼崎,一般,１５５　５６５　４　２１,4543,重木 輝彦,2026-07-31,2026-08-04,13,尼崎,一般,６３３１６１２　２１,2026-05-04,2026-05-09,13,尼崎,一般,４１２　１２２　４　F３,2026-03-27,2026-03-31,13,尼崎,一般,３１１４２３３２[３],2026-03-14,2026-03-19,13,尼崎,ＧⅠ,　　　　　　　　１５５４,2026-01-04,2026-01-09,13,尼崎,一般,１５１　２３２　１　[５],4278,藤岡 俊介,2026-05-04,2026-05-09,13,尼崎,一般,５４２１４　１１３　２２,2026-03-14,2026-03-19,13,尼崎,ＧⅠ,１６５　４　１６４４５,2026-01-04,2026-01-09,13,尼崎,一般,５５１３１　５１４　２２,2025-08-09,2025-08-14,13,尼崎,一般,１４２３１　２２１　[３],2025-06-17,2025-06-22,13,尼崎,一般,１３２１５１３　６２[１]
202608121310,2026-08-12,13,10R,4857,加藤 翔馬,2026-06-08,2026-06-13,13,尼崎,ＧⅠ,２　２　４２２　１　[１],2026-04-17,2026-04-22,13,尼崎,一般,２１４　２１２４１２[３],2026-01-17,2026-01-20,13,尼崎,一般,２６３２１１[３],2025-08-09,2025-08-14,13,尼崎,一般,４３１　３５１　２　[６],2025-06-25,2025-06-30,13,尼崎,一般,２１１３３４４　１２[５],5273,山下 拓巳,2026-05-22,2026-05-27,13,尼崎,一般,５　２３５５５　６　１,2026-05-04,2026-05-09,13,尼崎,一般,５３６　２５６　５　６,2026-04-17,2026-04-22,13,尼崎,一般,２　５４５　１３１５４５,2026-02-17,2026-02-22,13,尼崎,一般,３　３１６　６４６６５５,2026-01-17,2026-01-20,13,尼崎,一般,１　３２４６２５,4633,森 智也,2026-06-25,2026-06-30,13,尼崎,一般,３１４　１２２２１２[３],2026-03-22,2026-03-25,13,尼崎,一般,２１１２５　[５],2026-01-04,2026-01-09,13,尼崎,一般,４　３４２　３４３２２４,2025-12-02,2025-12-05,13,尼崎,一般,１２４　４４３１,2025-08-09,2025-08-14,13,尼崎,一般,２４３　３　３３２５６２,5060,数原 魁,2026-05-04,2026-05-09,13,尼崎,一般,１　４６５　６２２４３４,2026-03-02,2026-03-05,13,尼崎,一般,１１１１６　[６],2026-01-17,2026-01-20,13,尼崎,一般,３２１３２　５３,2025-05-03,2025-05-08,13,尼崎,一般,３５２　４３転　２１２,2025-04-18,2025-04-23,13,尼崎,ＧⅢ,３１３　６５２５３３６,4965,福岡 泉水,2026-07-13,2026-07-18,13,尼崎,ＧⅢ,１　４５５４５　３　６１,2026-05-04,2026-05-09,13,尼崎,一般,４　４転２　３５１　４,2025-12-07,2025-12-12,13,尼崎,一般,１５５　５　４６４　３２,2025-08-09,2025-08-14,13,尼崎,一般,落６５　６　６６５　６４,2025-07-31,2025-08-05,13,尼崎,ＧⅢ,５　１２５１１　１３２１,4925,森 悠稀,2026-07-31,2026-08-04,13,尼崎,一般,２３４　１４３３２２,2026-05-04,2026-05-09,13,尼崎,一般,３　４５３　３４３３３５,2026-03-08,2026-03-11,13,尼崎,一般,３３５　３３４６,2025-08-09,2025-08-14,13,尼崎,一般,３　２３１　１５３　４１,2025-06-11,2025-06-15,13,尼崎,一般,１２４　４３２５１３
202608121311,2026-08-12,13,11R,4512,高野 哲史,2026-05-04,2026-05-09,13,尼崎,一般,１５２　１１３５２　[５],2026-04-25,2026-04-30,13,尼崎,一般,２６１１４　１１６１[２],2026-03-14,2026-03-19,13,尼崎,ＧⅠ,５　１１５　３４６１４３,2026-01-04,2026-01-09,13,尼崎,一般,５２４　１１２１１　[１],2025-08-09,2025-08-14,13,尼崎,一般,１６３１５　１１２　[４],4654,篠田 優也,2026-05-31,2026-06-05,13,尼崎,一般,３３３１３　２４３４３３,2026-05-04,2026-05-09,13,尼崎,一般,２５３　４５３　２１５１,2026-02-10,2026-02-15,13,尼崎,一般,２３６３４５５　１　５２,2026-01-04,2026-01-09,13,尼崎,一般,４５２　２４２　１４３５,2025-08-09,2025-08-14,13,尼崎,一般,４１２　２１４　３　４１,4375,照屋 厚仁,2026-05-04,2026-05-09,13,尼崎,一般,２　２６３２４　４　１６,2026-03-02,2026-03-05,13,尼崎,一般,１　１１３６[５],2026-01-04,2026-01-09,13,尼崎,一般,２　６２５　４６１２３６,2025-06-11,2025-06-15,13,尼崎,一般,３１３　６１２　５１,2025-04-08,2025-04-11,13,尼崎,一般,２２２　６３１４,4648,木村 亮太,2026-04-17,2026-04-22,13,尼崎,一般,１６６　１２４　１６４６,2026-01-04,2026-01-09,13,尼崎,一般,１２１　３３１　F　４,2025-08-09,2025-08-14,13,尼崎,一般,５５５　４６５　５３３,2025-04-25,2025-04-30,13,尼崎,一般,５３３　４１４　１５３２,2025-01-13,2025-01-16,13,尼崎,一般,３３１３６　２６,4877,鈴谷 一平,2026-06-08,2026-06-13,13,尼崎,ＧⅠ,１　４　６５４　６３５,2026-05-04,2026-05-09,13,尼崎,一般,５　１３２４１　４　１４,2026-01-04,2026-01-09,13,尼崎,一般,２　１４５　３５１５４３,2025-12-02,2025-12-05,13,尼崎,一般,２３４２１２[F],2025-08-09,2025-08-14,13,尼崎,一般,６５２　１１１エ,4472,尾嶋 一広,2026-06-08,2026-06-13,13,尼崎,ＧⅠ,２　４　１６５　１３５４,2026-05-04,2026-05-09,13,尼崎,一般,２３３　３１２　３　２１,2026-03-02,2026-03-05,13,尼崎,一般,１２５１３２[４],2026-01-04,2026-01-09,13,尼崎,一般,３　４１５　２２５　１１,2025-06-17,2025-06-22,13,尼崎,一般,４５１　５５２１１４１２
202608121312,2026-08-12,13,12R,4295,小坂 尚哉,2026-06-08,2026-06-13,13,尼崎,ＧⅠ,３　１　３１６　４　１４,2026-05-04,2026-05-09,13,尼崎,一般,３６３　３３１２５　２３,2026-03-22,2026-03-25,13,尼崎,一般,４１１３３４１２,2026-01-04,2026-01-09,13,尼崎,一般,３　１３１　３３２　[２],2025-08-09,2025-08-14,13,尼崎,一般,４４３　２２３　５　１５,3577,向所 浩二,2026-07-03,2026-07-08,13,尼崎,一般,５　２６５　４４２　５６,2026-05-04,2026-05-09,13,尼崎,一般,２５５　１　４５１４３３,2026-02-25,2026-02-28,13,尼崎,一般,６５１　４６１５,2024-01-21,2024-01-26,13,尼崎,ＧⅢ,１　６１３　６４１４１３,2023-12-25,2023-12-30,13,尼崎,一般,５１６　２４４２３５１２,3612,馬袋 義則,2026-05-04,2026-05-09,13,尼崎,一般,５　１２４３４　５　１６,2026-03-27,2026-03-31,13,尼崎,一般,２３３６４４１　２,2026-01-04,2026-01-09,13,尼崎,一般,２２１　２４４　３１４２,2025-08-09,2025-08-14,13,尼崎,一般,６１４　４２３　２１２６,2025-07-09,2025-07-14,13,尼崎,ＧⅢ,６１２３２　４３２４３６,4365,盛本 真輔,2026-06-25,2026-06-30,13,尼崎,一般,２１４　４３３　１３３５,2026-01-29,2026-02-03,13,尼崎,一般,３６２　５２１　１６２３,2026-01-04,2026-01-09,13,尼崎,一般,１５６　１５１　３　１６,2025-08-09,2025-08-14,13,尼崎,一般,３６３　３５２　３３３２,2025-07-02,2025-07-06,13,尼崎,一般,５３６　１４４　１５,4002,古結 宏,2026-05-31,2026-06-05,13,尼崎,一般,１１３　１３１１３２[２],2026-05-04,2026-05-09,13,尼崎,一般,１１３　２２３　１　[３],2026-03-14,2026-03-19,13,尼崎,ＧⅠ,４　３２３　５４４６２,2026-01-04,2026-01-09,13,尼崎,一般,１４４６２　１３５６１,2025-12-02,2025-12-05,13,尼崎,一般,１１３２１６[５],5179,藤本 元輝,2026-02-17,2026-02-22,13,尼崎,一般,３６エ　２２５２５　５６,2026-01-04,2026-01-09,13,尼崎,一般,３１５　１２６　６　５６,2025-05-18,2025-05-22,13,尼崎,一般,６　１３６　１２３４,2024-12-11,2024-12-16,13,尼崎,一般,４　４５１　５４２　４３,2024-07-20,2024-07-25,13,尼崎,一般,６　５４６　６　１６６６
202608121601,2026-08-12,16,01R,5165,小林 愛実,2026-05-02,2026-05-07,16,児島,一般,６５６　３　４５１　６１,2026-02-06,2026-02-11,16,児島,一般,２３３　１２１　１　４１,2025-12-28,2026-01-02,16,児島,一般,５　５５１　１４１　５４,2025-08-16,2025-08-21,16,児島,一般,３　６３４　６４５　２６,2025-01-17,2025-01-22,16,児島,一般,２　５６５　５３４２２４,3357,福島 陽子,2026-05-02,2026-05-07,16,児島,一般,６　６３３　６３４　４５,2026-02-06,2026-02-11,16,児島,一般,２　４５４　５５２　６６,2025-12-28,2026-01-02,16,児島,一般,６　３６６　４５４　１６,2025-09-08,2025-09-13,16,児島,ＧⅢ,５２５　２６４　３５６,2024-12-28,2025-01-02,16,児島,一般,４５６　１６５　２６５５,4853,前原 哉,2026-05-02,2026-05-07,16,児島,一般,３　４３４　３２６　１６,2026-02-06,2026-02-11,16,児島,一般,６　４５２　１５１　４５,2025-12-28,2026-01-02,16,児島,一般,５　２６１　５５２　６５,2024-09-24,2024-09-29,16,児島,ＧⅢ,６６２　５６６　１４５３,2024-08-17,2024-08-22,16,児島,一般,２６６　４５４　６５３,4909,薮内 瑞希,2026-02-06,2026-02-11,16,児島,一般,５１２　１６５３１６１５,2025-12-22,2025-12-25,16,児島,一般,４１４　１３６５,2025-01-17,2025-01-22,16,児島,一般,１２５　１３６５２５４４,2024-09-24,2024-09-29,16,児島,ＧⅢ,２転３１２　５２２４３３,2024-02-02,2024-02-07,16,児島,ＧⅢ,２３３　１５６　２　５２,5317,長尾 萌加,2026-06-21,2026-06-26,16,児島,一般,２５５　３４４　５　６６,2026-05-19,2026-05-23,16,児島,一般,５５６　５　３５３４,2026-05-02,2026-05-07,16,児島,一般,３４６　５５６　２５４,2026-03-27,2026-03-31,16,児島,一般,２６４　４４３　２３,2026-02-06,2026-02-11,16,児島,一般,３３３　２２３　２４３２,5447,岡本 亜子,2026-07-09,2026-07-13,16,児島,一般,６　６６６　５６６,2026-05-19,2026-05-23,16,児島,一般,６　６６６　５６６,,,,,,,,,,,,,,,,,,
202608121602,2026-08-12,16,02R,4410,井上 大輔,2026-04-23,2026-04-28,16,児島,一般,５４３　２５２６３　５１,2025-12-28,2026-01-02,16,児島,一般,６６１　４４２　１３１５,2025-06-14,2025-06-19,16,児島,ＧⅢ,１６４　２５５　６４４５,2024-12-28,2025-01-02,16,児島,一般,４６４　３６２１６　２１,2024-10-23,2024-10-28,16,児島,一般,３１３２４４６　２６２６,4580,長谷川 雅和,2026-07-09,2026-07-13,16,児島,一般,２１１　１４５１[４],2026-03-11,2026-03-16,16,児島,一般,６４３　５３３　６　２２,2025-12-28,2026-01-02,16,児島,一般,６　２４３２６５６　４３,2025-08-16,2025-08-21,16,児島,一般,４　６５３５５１３　４１,2025-05-10,2025-05-15,16,児島,一般,１　４２６５３２１４１５,4558,宮野 仁,2026-07-17,2026-07-22,16,児島,ＧⅢ,５　１２５　３６６　３６,2026-05-19,2026-05-23,16,児島,一般,６　４６２２６　２５,2025-02-28,2025-03-05,16,児島,一般,５　４５６４１　３３１１,2025-01-07,2025-01-12,16,児島,一般,３３１　１５３　転６３３,2024-12-18,2024-12-23,16,児島,一般,　　　　　　　　　　４４,4089,妹尾 忠幸,2026-05-02,2026-05-07,16,児島,一般,１６３　２１１５３２[４],2026-02-23,2026-02-27,16,児島,一般,３１４５１　３６３３,2025-12-28,2026-01-02,16,児島,一般,１５４１１５３　２３３１,2025-08-16,2025-08-21,16,児島,一般,２３３　６５５４,2025-05-02,2025-05-07,16,児島,一般,６５３３３　２　４４１,3982,福田 理,2026-07-09,2026-07-13,16,児島,一般,２　１５５４２５３５,2026-05-02,2026-05-07,16,児島,一般,４３４　１２６　６１６,2026-04-04,2026-04-09,16,児島,一般,４６６　３６５　２５４,2025-12-28,2026-01-02,16,児島,一般,４　１５５　４６４　５６,2025-08-16,2025-08-21,16,児島,一般,５　１３４１５　５３５１,4537,渡邉 和将,2026-05-02,2026-05-07,16,児島,一般,１１１６３　３２４３３１,2025-12-28,2026-01-02,16,児島,一般,２６２　１１１２３５３３,2025-08-16,2025-08-21,16,児島,一般,２４２　２３３１３３[４],2025-07-01,2025-07-06,16,児島,ＧⅡ,１　２５３２１　１　[１],2025-05-02,2025-05-07,16,児島,一般,１４６　５３１４３５５５
202608121603,2026-08-12,16,03R,4782,浜崎 準也,2026-04-23,2026-04-28,16,児島,一般,３　５１４３１４１５１６,2025-08-24,2025-08-27,16,児島,一般,４　２４５２４６,2024-12-28,2025-01-02,16,児島,一般,１　６４４６１３３　６４,2024-10-23,2024-10-28,16,児島,一般,４５３　１２５５３１１６,2024-05-29,2024-06-03,16,児島,一般,３　１４３３３　１３５１,4202,浮田 圭浩,2026-06-11,2026-06-16,16,児島,一般,２２１　２３４　３３４３,2026-04-12,2026-04-17,16,児島,一般,６６１　４　６２６　１２,2026-02-15,2026-02-20,16,児島,一般,２３２　３６６５１　１,2025-12-28,2026-01-02,16,児島,一般,４　４５４　５１,2025-08-16,2025-08-21,16,児島,一般,３２２　４３４　５４６３,3874,山本 寛久,2026-06-30,2026-07-05,16,児島,ＧⅡ,５６１　１　２２４　１２,2026-05-02,2026-05-07,16,児島,一般,１　２２３４２２４５１３,2025-12-28,2026-01-02,16,児島,一般,３　２転６６５欠,2025-08-16,2025-08-21,16,児島,一般,１　１１３１３３１１[５],2025-07-01,2025-07-06,16,児島,ＧⅡ,６４１　６　３３２３６,5181,森 智哉,2026-05-19,2026-05-23,16,児島,一般,３５転　５　２５５６,2025-12-28,2026-01-02,16,児島,一般,１６５　６５１　６１５,2025-08-16,2025-08-21,16,児島,一般,６５３　２６６　２６５,2025-06-07,2025-06-11,16,児島,一般,１５１　２５３３２１,2025-05-10,2025-05-15,16,児島,一般,６１４　３４１５５　４１,4683,向井田 直弥,2026-02-23,2026-02-27,16,児島,一般,６　３２５１１６５,2023-02-22,2023-02-26,16,児島,一般,５　１１１１落６２１,2022-05-18,2022-05-23,16,児島,ＧⅢ,６４１　３,2022-01-29,2022-02-02,16,児島,一般,５６２　３２,2021-07-04,2021-07-09,16,児島,一般,４６５５１　６４２　１１,4370,山口 達也,2026-06-30,2026-07-05,16,児島,ＧⅡ,１３６　２　３４６　２６,2026-05-02,2026-05-07,16,児島,一般,６２２１３　１１６１[３],2026-03-02,2026-03-07,16,児島,ＧⅠ,６６６　６　１６１　２６,2025-12-28,2026-01-02,16,児島,一般,３２２１４　１３３６２２,2025-08-16,2025-08-21,16,児島,一般,４１２２５　１２１３４１
202608121604,2026-08-12,16,04R,4635,峰重 力也,2026-07-09,2026-07-13,16,児島,一般,５３４　１５５４２１,2026-05-02,2026-05-07,16,児島,一般,２　２５１　３１６３５１,2026-03-27,2026-03-31,16,児島,一般,６３１　２４１F５,2025-12-28,2026-01-02,16,児島,一般,４５３　１６２　２５２５,2025-05-02,2025-05-07,16,児島,一般,３　３５４　２３３　６３,3935,岩津 徹郎,2026-04-23,2026-04-28,16,児島,一般,４　１転,2025-12-28,2026-01-02,16,児島,一般,３１３　２３５　転４２６,2025-08-16,2025-08-21,16,児島,一般,４４２　６４６　４６３,2025-07-18,2025-07-22,16,児島,一般,１４５　４６４　３４,2025-06-01,2025-06-05,16,児島,一般,３２２　１５４６４６,4173,岡谷 健吾,2026-04-04,2026-04-09,16,児島,一般,２３１　２４１　６４１２,2026-01-14,2026-01-19,16,児島,一般,６１１　２６１　５５６５,2025-08-24,2025-08-27,16,児島,一般,５６１　１６２２,2024-06-22,2024-06-27,16,児島,一般,２　５３３６４　２２６２,2023-10-11,2023-10-16,16,児島,一般,５２２　５４５　２５２４,4441,末永 由楽,2026-06-30,2026-07-05,16,児島,ＧⅡ,２　３１５　３　２　[６],2026-05-02,2026-05-07,16,児島,一般,４１５　３５３　３１３,2026-03-27,2026-03-31,16,児島,一般,１　４６１４１５１４,2026-01-06,2026-01-11,16,児島,一般,２１３３１１１　２３３１,2025-08-16,2025-08-21,16,児島,一般,６　４１１３４２１６２６,3822,平尾 崇典,2026-06-30,2026-07-05,16,児島,ＧⅡ,２５４　３　４４１　２６,2026-05-02,2026-05-07,16,児島,一般,２５３３２　１４２６１５,2026-04-12,2026-04-17,16,児島,一般,２２２２３,2025-12-28,2026-01-02,16,児島,一般,２５１２３　２１３１[２],2025-08-16,2025-08-21,16,児島,一般,１１１　６２２２５２[２],5374,木山 大聖,2026-07-09,2026-07-13,16,児島,一般,６　落３４　５１５,2026-05-02,2026-05-07,16,児島,一般,５　２５６　６６２　４３,2025-12-28,2026-01-02,16,児島,一般,５　６６５　３６６　６４,2025-08-16,2025-08-21,16,児島,一般,３　５４５　３５６　４５,2025-07-10,2025-07-15,16,児島,一般,４６６　５　転５４　２２
202608121605,2026-08-12,16,05R,4584,村岡 賢人,2026-05-02,2026-05-07,16,児島,一般,３４１F５１３　３　３,2026-03-02,2026-03-07,16,児島,ＧⅠ,２２２　２３１　３　４４,2026-01-14,2026-01-19,16,児島,一般,３３２　１２３１１１[２],2025-12-28,2026-01-02,16,児島,一般,４１２２３　２２３２[４],2025-08-16,2025-08-21,16,児島,一般,２１３３１２２　２２[１],4277,金田 大輔,2026-05-02,2026-05-07,16,児島,一般,２　３２１６１　３３５２,2026-04-04,2026-04-09,16,児島,一般,５　２４３　２６６　１４,2025-12-28,2026-01-02,16,児島,一般,３　１５３　４３２１[５],2025-05-02,2025-05-07,16,児島,一般,６２４　３４６　６６１,2025-01-07,2025-01-12,16,児島,一般,４　１６３　６４１５５４,3933,山地 正樹,2026-05-02,2026-05-07,16,児島,一般,６５４　４６２　２２２,2026-04-12,2026-04-17,16,児島,一般,２　３３２　１２３５２６,2025-12-28,2026-01-02,16,児島,一般,３２３　６４５　１５５６,2025-08-16,2025-08-21,16,児島,一般,１６５　１４２　１４４２,2025-08-08,2025-08-13,16,児島,一般,１２１２４　２３２５６５,3949,今出 晋二,2026-05-02,2026-05-07,16,児島,一般,４　４６６　５５４　３,2026-03-11,2026-03-16,16,児島,一般,２　４６４　４２４　２,2026-01-14,2026-01-19,16,児島,一般,２　４６４　３５５５５,2025-08-16,2025-08-21,16,児島,一般,２　２４５　５５５１５６,2025-05-02,2025-05-07,16,児島,一般,５　１６４　４４６　４４,4762,藤原 啓史朗,2026-06-30,2026-07-05,16,児島,ＧⅡ,３１５　１２妨,2026-05-02,2026-05-07,16,児島,一般,１３１４５１１　３２[５],2026-03-02,2026-03-07,16,児島,ＧⅠ,２３６　２３５　１２４,2025-12-28,2026-01-02,16,児島,一般,６４２３２１２　１３３１,2025-08-16,2025-08-21,16,児島,一般,４１１３２１１　２１[３],3746,岡瀬 正人,2026-06-21,2026-06-26,16,児島,一般,１　４２４１２２２４３２,2026-05-02,2026-05-07,16,児島,一般,４　１４２　３４１エ５,2026-03-27,2026-03-31,16,児島,一般,５３１　３６５４１６,2026-01-29,2026-02-03,16,児島,一般,６３４１３　２５６　３２,2025-12-28,2026-01-02,16,児島,一般,１３４　４２２転２　４２
202608121606,2026-08-12,16,06R,5111,三村 岳人,2026-05-02,2026-05-07,16,児島,一般,５　５５不　２６６　２２,2026-01-06,2026-01-11,16,児島,一般,　　　　　　　　　　３２,2025-12-28,2026-01-02,16,児島,一般,５４４　４３１　転４６１,2025-12-17,2025-12-20,16,児島,一般,１４２６１４３２,2025-07-01,2025-07-06,16,児島,ＧⅡ,６　３　６６６　６６６５,4533,峰重 侑治,2025-12-28,2026-01-02,16,児島,一般,２３４３１３４　４６４６,2024-12-28,2025-01-02,16,児島,一般,６　４４１５３６６　１２,2024-12-07,2024-12-12,16,児島,一般,１５３　２４F２３　３,2024-08-17,2024-08-22,16,児島,一般,６　３４５　２５５５１２,2024-05-01,2024-05-06,16,児島,一般,１５５　６４２２６　５４,5109,川崎 智稔,2026-05-19,2026-05-23,16,児島,一般,２６６４４　５２２,2025-12-28,2026-01-02,16,児島,一般,６４５　４３１　５４４,2025-08-16,2025-08-21,16,児島,一般,５６２　６１４　２転３,2025-03-08,2025-03-13,16,児島,一般,３　３５１５３　５５２３,2024-04-23,2024-04-28,16,児島,一般,４４４　６６６　２４４３,3717,立間 充宏,2024-08-17,2024-08-22,16,児島,一般,３１５　２６転,2024-01-17,2024-01-22,16,児島,一般,３４３１１　２２妨欠,2023-12-28,2024-01-02,16,児島,一般,３３２５６　４３６１６２,2023-08-12,2023-08-18,16,児島,一般,２　１５３２４２２５４妨,2023-04-30,2023-05-05,16,児島,一般,転　４１妨１,4166,吉田 拡郎,2026-07-17,2026-07-22,16,児島,ＧⅢ,１１１　２１２１２１[１],2026-05-02,2026-05-07,16,児島,一般,５１１　４２１１５１[１],2026-03-02,2026-03-07,16,児島,ＧⅠ,１１１　３４２　２　[４],2025-12-28,2026-01-02,16,児島,一般,１１３　２２３１２１[３],2025-08-16,2025-08-21,16,児島,一般,３２４　１１１３３１[６],4562,阪本 勇介,2026-01-21,2026-01-26,16,児島,一般,４　１５４　５４３４３３,2025-12-28,2026-01-02,16,児島,一般,４　４４２　５４６　４５,2025-08-16,2025-08-21,16,児島,一般,５　転６４　４５５　１６,2025-06-23,2025-06-28,16,児島,一般,５５２　２６２　５４１５,2025-05-02,2025-05-07,16,児島,一般,４６１　５４５　６５３
202608121607,2026-08-12,16,07R,4713,白神 優,2026-05-02,2026-05-07,16,児島,一般,２６１　４２１６５　転,2026-03-19,2026-03-24,16,児島,一般,６３２　３２２１１３２１,2026-03-02,2026-03-07,16,児島,ＧⅠ,４　１５３　２４３　４１,2026-01-21,2026-01-26,16,児島,一般,１３１３２　１１３１[１],2025-12-28,2026-01-02,16,児島,一般,３１２　２３３６２４１５,3158,島川 光男,2026-01-06,2026-01-11,16,児島,一般,２５３３５　４２１５F６,2025-08-30,2025-09-04,16,児島,ＧⅢ,３　４１２２４　２５３,2025-05-18,2025-05-23,16,児島,一般,４　１６１２４５１５１５,2025-02-03,2025-02-07,16,児島,一般,５４１１４　３６３６,2024-08-08,2024-08-13,16,児島,一般,５２４１５　３１,5181,森 智哉,2026-05-19,2026-05-23,16,児島,一般,３５転　５　２５５６,2025-12-28,2026-01-02,16,児島,一般,１６５　６５１　６１５,2025-08-16,2025-08-21,16,児島,一般,６５３　２６６　２６５,2025-06-07,2025-06-11,16,児島,一般,１５１　２５３３２１,2025-05-10,2025-05-15,16,児島,一般,６１４　３４１５５　４１,4558,宮野 仁,2026-07-17,2026-07-22,16,児島,ＧⅢ,５　１２５　３６６　３６,2026-05-19,2026-05-23,16,児島,一般,６　４６２２６　２５,2025-02-28,2025-03-05,16,児島,一般,５　４５６４１　３３１１,2025-01-07,2025-01-12,16,児島,一般,３３１　１５３　転６３３,2024-12-18,2024-12-23,16,児島,一般,　　　　　　　　　　４４,4214,林 祐介,2026-06-21,2026-06-26,16,児島,一般,６　１２３１４　１６１５,2026-05-02,2026-05-07,16,児島,一般,１　５２２３２２４２[６],2025-12-28,2026-01-02,16,児島,一般,１　２６２６３３４５３４,2025-08-16,2025-08-21,16,児島,一般,５　５５,2025-06-07,2025-06-11,16,児島,一般,３２３４３　転４３３,4418,茅原 悠紀,2026-07-17,2026-07-22,16,児島,ＧⅢ,２３２１１　２１４１[２],2026-05-19,2026-05-23,16,児島,一般,２１２２２２２１[１],2026-03-02,2026-03-07,16,児島,ＧⅠ,１　５２４１４　４　１１,2025-08-16,2025-08-21,16,児島,一般,２６１５２　２１３２３２,2025-05-02,2025-05-07,16,児島,一般,１１２　１２１１１１[１]
202608121608,2026-08-12,16,08R,5058,前原 大道,2026-06-30,2026-07-05,16,児島,ＧⅡ,F　４６４　６５３　６,2026-05-10,2026-05-15,16,児島,一般,４１３　１１１１５１[１],2025-12-28,2026-01-02,16,児島,一般,６３１１３１１　１２[１],2025-08-16,2025-08-21,16,児島,一般,４５６１３　２３５　２１,2025-07-01,2025-07-06,16,児島,ＧⅡ,１５５　２２１　２　[２],4323,山田 佑樹,2026-06-11,2026-06-16,16,児島,一般,２　２５２　２５２３２３,2026-02-15,2026-02-20,16,児島,一般,１２１　２６６１１１[６],2025-12-28,2026-01-02,16,児島,一般,５２４　３６６　２５３,2025-08-16,2025-08-21,16,児島,一般,６３３　２２６　５２１４,2025-05-25,2025-05-29,16,児島,一般,２２４５６　２３４１,4410,井上 大輔,2026-04-23,2026-04-28,16,児島,一般,５４３　２５２６３　５１,2025-12-28,2026-01-02,16,児島,一般,６６１　４４２　１３１５,2025-06-14,2025-06-19,16,児島,ＧⅢ,１６４　２５５　６４４５,2024-12-28,2025-01-02,16,児島,一般,４６４　３６２１６　２１,2024-10-23,2024-10-28,16,児島,一般,３１３２４４６　２６２６,4097,貫地谷 直人,2026-05-02,2026-05-07,16,児島,一般,５　５５３　５５６　６３,2025-05-25,2025-05-29,16,児島,一般,２２４４４　６６６６,2024-03-02,2024-03-07,16,児島,一般,３２６　６５４　３５２５,2023-02-14,2023-02-19,16,児島,一般,４５６,2022-11-24,2022-11-28,16,児島,一般,５　２５３４,5374,木山 大聖,2026-07-09,2026-07-13,16,児島,一般,６　落３４　５１５,2026-05-02,2026-05-07,16,児島,一般,５　２５６　６６２　４３,2025-12-28,2026-01-02,16,児島,一般,５　６６５　３６６　６４,2025-08-16,2025-08-21,16,児島,一般,３　５４５　３５６　４５,2025-07-10,2025-07-15,16,児島,一般,４６６　５　転５４　２２,3874,山本 寛久,2026-06-30,2026-07-05,16,児島,ＧⅡ,５６１　１　２２４　１２,2026-05-02,2026-05-07,16,児島,一般,１　２２３４２２４５１３,2025-12-28,2026-01-02,16,児島,一般,３　２転６６５欠,2025-08-16,2025-08-21,16,児島,一般,１　１１３１３３１１[５],2025-07-01,2025-07-06,16,児島,ＧⅡ,６４１　６　３３２３６
202608121609,2026-08-12,16,09R,4441,末永 由楽,2026-06-30,2026-07-05,16,児島,ＧⅡ,２　３１５　３　２　[６],2026-05-02,2026-05-07,16,児島,一般,４１５　３５３　３１３,2026-03-27,2026-03-31,16,児島,一般,１　４６１４１５１４,2026-01-06,2026-01-11,16,児島,一般,２１３３１１１　２３３１,2025-08-16,2025-08-21,16,児島,一般,６　４１１３４２１６２６,3982,福田 理,2026-07-09,2026-07-13,16,児島,一般,２　１５５４２５３５,2026-05-02,2026-05-07,16,児島,一般,４３４　１２６　６１６,2026-04-04,2026-04-09,16,児島,一般,４６６　３６５　２５４,2025-12-28,2026-01-02,16,児島,一般,４　１５５　４６４　５６,2025-08-16,2025-08-21,16,児島,一般,５　１３４１５　５３５１,3746,岡瀬 正人,2026-06-21,2026-06-26,16,児島,一般,１　４２４１２２２４３２,2026-05-02,2026-05-07,16,児島,一般,４　１４２　３４１エ５,2026-03-27,2026-03-31,16,児島,一般,５３１　３６５４１６,2026-01-29,2026-02-03,16,児島,一般,６３４１３　２５６　３２,2025-12-28,2026-01-02,16,児島,一般,１３４　４２２転２　４２,4054,福嶋 智之,2026-05-02,2026-05-07,16,児島,一般,４５３　６６４　５５１,2026-01-21,2026-01-26,16,児島,一般,１２５　４６２３６６４２,2025-12-28,2026-01-02,16,児島,一般,１６６　５５２　５５１,2025-08-16,2025-08-21,16,児島,一般,６３３　５４１　４４６４,2025-02-10,2025-02-15,16,児島,一般,１５５　４２２　１５４２,4202,浮田 圭浩,2026-06-11,2026-06-16,16,児島,一般,２２１　２３４　３３４３,2026-04-12,2026-04-17,16,児島,一般,６６１　４　６２６　１２,2026-02-15,2026-02-20,16,児島,一般,２３２　３６６５１　１,2025-12-28,2026-01-02,16,児島,一般,４　４５４　５１,2025-08-16,2025-08-21,16,児島,一般,３２２　４３４　５４６３,3787,天野 誠,2026-05-19,2026-05-23,16,児島,一般,５　５４５　転５４,2026-01-29,2026-02-03,16,児島,一般,３　２４４　４２１　６４,2025-08-01,2025-08-06,16,児島,一般,２５６　６４３　１　６４,2025-05-18,2025-05-23,16,児島,一般,３５４　２転４　４６３,2025-01-07,2025-01-12,16,児島,一般,１１３　２５２　２２[６]
202608121610,2026-08-12,16,10R,4370,山口 達也,2026-06-30,2026-07-05,16,児島,ＧⅡ,１３６　２　３４６　２６,2026-05-02,2026-05-07,16,児島,一般,６２２１３　１１６１[３],2026-03-02,2026-03-07,16,児島,ＧⅠ,６６６　６　１６１　２６,2025-12-28,2026-01-02,16,児島,一般,３２２１４　１３３６２２,2025-08-16,2025-08-21,16,児島,一般,４１２２５　１２１３４１,3822,平尾 崇典,2026-06-30,2026-07-05,16,児島,ＧⅡ,２５４　３　４４１　２６,2026-05-02,2026-05-07,16,児島,一般,２５３３２　１４２６１５,2026-04-12,2026-04-17,16,児島,一般,２２２２３,2025-12-28,2026-01-02,16,児島,一般,２５１２３　２１３１[２],2025-08-16,2025-08-21,16,児島,一般,１１１　６２２２５２[２],4089,妹尾 忠幸,2026-05-02,2026-05-07,16,児島,一般,１６３　２１１５３２[４],2026-02-23,2026-02-27,16,児島,一般,３１４５１　３６３３,2025-12-28,2026-01-02,16,児島,一般,１５４１１５３　２３３１,2025-08-16,2025-08-21,16,児島,一般,２３３　６５５４,2025-05-02,2025-05-07,16,児島,一般,６５３３３　２　４４１,3933,山地 正樹,2026-05-02,2026-05-07,16,児島,一般,６５４　４６２　２２２,2026-04-12,2026-04-17,16,児島,一般,２　３３２　１２３５２６,2025-12-28,2026-01-02,16,児島,一般,３２３　６４５　１５５６,2025-08-16,2025-08-21,16,児島,一般,１６５　１４２　１４４２,2025-08-08,2025-08-13,16,児島,一般,１２１２４　２３２５６５,3935,岩津 徹郎,2026-04-23,2026-04-28,16,児島,一般,４　１転,2025-12-28,2026-01-02,16,児島,一般,３１３　２３５　転４２６,2025-08-16,2025-08-21,16,児島,一般,４４２　６４６　４６３,2025-07-18,2025-07-22,16,児島,一般,１４５　４６４　３４,2025-06-01,2025-06-05,16,児島,一般,３２２　１５４６４６,5111,三村 岳人,2026-05-02,2026-05-07,16,児島,一般,５　５５不　２６６　２２,2026-01-06,2026-01-11,16,児島,一般,　　　　　　　　　　３２,2025-12-28,2026-01-02,16,児島,一般,５４４　４３１　転４６１,2025-12-17,2025-12-20,16,児島,一般,１４２６１４３２,2025-07-01,2025-07-06,16,児島,ＧⅡ,６　３　６６６　６６６５
202608121611,2026-08-12,16,11R,4537,渡邉 和将,2026-05-02,2026-05-07,16,児島,一般,１１１６３　３２４３３１,2025-12-28,2026-01-02,16,児島,一般,２６２　１１１２３５３３,2025-08-16,2025-08-21,16,児島,一般,２４２　２３３１３３[４],2025-07-01,2025-07-06,16,児島,ＧⅡ,１　２５３２１　１　[１],2025-05-02,2025-05-07,16,児島,一般,１４６　５３１４３５５５,4762,藤原 啓史朗,2026-06-30,2026-07-05,16,児島,ＧⅡ,３１５　１２妨,2026-05-02,2026-05-07,16,児島,一般,１３１４５１１　３２[５],2026-03-02,2026-03-07,16,児島,ＧⅠ,２３６　２３５　１２４,2025-12-28,2026-01-02,16,児島,一般,６４２３２１２　１３３１,2025-08-16,2025-08-21,16,児島,一般,４１１３２１１　２１[３],3717,立間 充宏,2024-08-17,2024-08-22,16,児島,一般,３１５　２６転,2024-01-17,2024-01-22,16,児島,一般,３４３１１　２２妨欠,2023-12-28,2024-01-02,16,児島,一般,３３２５６　４３６１６２,2023-08-12,2023-08-18,16,児島,一般,２　１５３２４２２５４妨,2023-04-30,2023-05-05,16,児島,一般,転　４１妨１,4173,岡谷 健吾,2026-04-04,2026-04-09,16,児島,一般,２３１　２４１　６４１２,2026-01-14,2026-01-19,16,児島,一般,６１１　２６１　５５６５,2025-08-24,2025-08-27,16,児島,一般,５６１　１６２２,2024-06-22,2024-06-27,16,児島,一般,２　５３３６４　２２６２,2023-10-11,2023-10-16,16,児島,一般,５２２　５４５　２５２４,3158,島川 光男,2026-01-06,2026-01-11,16,児島,一般,２５３３５　４２１５F６,2025-08-30,2025-09-04,16,児島,ＧⅢ,３　４１２２４　２５３,2025-05-18,2025-05-23,16,児島,一般,４　１６１２４５１５１５,2025-02-03,2025-02-07,16,児島,一般,５４１１４　３６３６,2024-08-08,2024-08-13,16,児島,一般,５２４１５　３１,4782,浜崎 準也,2026-04-23,2026-04-28,16,児島,一般,３　５１４３１４１５１６,2025-08-24,2025-08-27,16,児島,一般,４　２４５２４６,2024-12-28,2025-01-02,16,児島,一般,１　６４４６１３３　６４,2024-10-23,2024-10-28,16,児島,一般,４５３　１２５５３１１６,2024-05-29,2024-06-03,16,児島,一般,３　１４３３３　１３５１
202608121612,2026-08-12,16,12R,4418,茅原 悠紀,2026-07-17,2026-07-22,16,児島,ＧⅢ,２３２１１　２１４１[２],2026-05-19,2026-05-23,16,児島,一般,２１２２２２２１[１],2026-03-02,2026-03-07,16,児島,ＧⅠ,１　５２４１４　４　１１,2025-08-16,2025-08-21,16,児島,一般,２６１５２　２１３２３２,2025-05-02,2025-05-07,16,児島,一般,１１２　１２１１１１[１],4166,吉田 拡郎,2026-07-17,2026-07-22,16,児島,ＧⅢ,１１１　２１２１２１[１],2026-05-02,2026-05-07,16,児島,一般,５１１　４２１１５１[１],2026-03-02,2026-03-07,16,児島,ＧⅠ,１１１　３４２　２　[４],2025-12-28,2026-01-02,16,児島,一般,１１３　２２３１２１[３],2025-08-16,2025-08-21,16,児島,一般,３２４　１１１３３１[６],5058,前原 大道,2026-06-30,2026-07-05,16,児島,ＧⅡ,F　４６４　６５３　６,2026-05-10,2026-05-15,16,児島,一般,４１３　１１１１５１[１],2025-12-28,2026-01-02,16,児島,一般,６３１１３１１　１２[１],2025-08-16,2025-08-21,16,児島,一般,４５６１３　２３５　２１,2025-07-01,2025-07-06,16,児島,ＧⅡ,１５５　２２１　２　[２],4584,村岡 賢人,2026-05-02,2026-05-07,16,児島,一般,３４１F５１３　３　３,2026-03-02,2026-03-07,16,児島,ＧⅠ,２２２　２３１　３　４４,2026-01-14,2026-01-19,16,児島,一般,３３２　１２３１１１[２],2025-12-28,2026-01-02,16,児島,一般,４１２２３　２２３２[４],2025-08-16,2025-08-21,16,児島,一般,２１３３１２２　２２[１],4580,長谷川 雅和,2026-07-09,2026-07-13,16,児島,一般,２１１　１４５１[４],2026-03-11,2026-03-16,16,児島,一般,６４３　５３３　６　２２,2025-12-28,2026-01-02,16,児島,一般,６　２４３２６５６　４３,2025-08-16,2025-08-21,16,児島,一般,４　６５３５５１３　４１,2025-05-10,2025-05-15,16,児島,一般,１　４２６５３２１４１５,5165,小林 愛実,2026-05-02,2026-05-07,16,児島,一般,６５６　３　４５１　６１,2026-02-06,2026-02-11,16,児島,一般,２３３　１２１　１　４１,2025-12-28,2026-01-02,16,児島,一般,５　５５１　１４１　５４,2025-08-16,2025-08-21,16,児島,一般,３　６３４　６４５　２６,2025-01-17,2025-01-22,16,児島,一般,２　５６５　５３４２２４
202608121901,2026-08-12,19,01R,3901,松田 憲幸,2026-04-29,2026-05-04,19,下関,一般,５２５　１５５　２５２,2026-03-14,2026-03-17,19,下関,一般,１３６　２３６２,2025-08-10,2025-08-15,19,下関,一般,４６５　３　５６６　３３,2025-04-26,2025-04-30,19,下関,一般,１６３　６６５　５,2025-01-21,2025-01-26,19,下関,ＧⅢ,１　５５５　F２４　４,4425,大井 清貴,2026-04-29,2026-05-04,19,下関,一般,３３３２３　４５３　２,2026-03-14,2026-03-17,19,下関,一般,１３３４１６２４,2025-12-28,2026-01-02,19,下関,一般,F６３　３　４　２５５,2025-10-11,2025-10-14,19,下関,一般,４３２３５　４,2025-07-17,2025-07-20,19,下関,一般,１５２　６６２６,4406,幸野 史明,2025-08-10,2025-08-15,19,下関,一般,４３２　４４５　３　６６,2023-05-25,2023-05-31,19,下関,一般,３２１　５６４　６　４１４,2023-01-06,2023-01-09,19,下関,一般,３　２５１４２６,2022-08-04,2022-08-10,19,下関,一般,２　６５５４１　５４２４２４,2021-12-06,2021-12-10,19,下関,一般,２３２　６２３６２４,4724,吉田 祐貴,2026-04-29,2026-05-04,19,下関,一般,３４４　５　５６５　６３,2026-01-23,2026-01-26,19,下関,一般,２　４６４５５転,2025-05-21,2025-05-25,19,下関,一般,６　６２２　２４５４,2024-05-01,2024-05-04,19,下関,一般,６　６３３　２４,2022-06-25,2022-06-30,19,下関,一般,６５４　１　２５６　４５,4034,西原 明生,2026-05-21,2026-05-24,19,下関,一般,５　５１６１４５,2025-07-10,2025-07-14,19,下関,一般,６５３　６５６　３,2025-03-07,2025-03-11,19,下関,一般,５　４３６　５４４６,2024-10-30,2024-11-02,19,下関,一般,２　４４４６４,2021-02-12,2021-02-18,19,下関,一般,２６５　４３２　３　６５,3989,熊本 英一,2026-06-12,2026-06-17,19,下関,一般,２５５４４　６　６３４,2026-02-10,2026-02-14,19,下関,一般,５　３１４　６６４,2025-08-10,2025-08-15,19,下関,一般,５４５　４　１３４　３２,2025-05-29,2025-06-03,19,下関,一般,６　２６５３２６３,2025-02-21,2025-02-25,19,下関,一般,６　５６
202608121902,2026-08-12,19,02R,4871,菊池 宏志,2026-06-21,2026-06-24,19,下関,一般,４３４　５６３,2026-04-29,2026-05-04,19,下関,一般,１４２２５　３５５６１５,2026-02-25,2026-03-02,19,下関,ＧⅢ,１６４　６４４５１　６２,2026-01-09,2026-01-14,19,下関,一般,１５１６５　５　４６,2025-06-13,2025-06-16,19,下関,一般,１４５３３　１,5041,荒牧 凪沙,2024-09-09,2024-09-14,19,下関,一般,４　２６６　５２４　５６,2023-08-31,2023-09-06,19,下関,一般,３５６　２４６　１６１　２４,2022-11-09,2022-11-15,19,下関,一般,５　６５１　６６６　４　４６,2022-02-06,2022-02-09,19,下関,一般,６　１６４４５５,2020-01-11,2020-01-16,19,下関,一般,５　５５６　２５５　３６,5208,屋良 龍紀,2025-11-09,2025-11-14,19,下関,一般,５６４　４６５　３　３５,2025-08-10,2025-08-15,19,下関,一般,３　５１３　６５３５５,2025-04-05,2025-04-10,19,下関,一般,５６２　４３６６４　４６,2024-09-09,2024-09-14,19,下関,一般,３６６　６４５　１　４５,2024-06-14,2024-06-18,19,下関,一般,６　４５４４３　５６,5145,島川 海輝,2026-05-13,2026-05-18,19,下関,一般,１５２　１２１１３１[１],2026-04-29,2026-05-04,19,下関,一般,１６１６６　１６５３３２,2026-02-10,2026-02-14,19,下関,一般,６５１３２　１５６４,2025-12-18,2025-12-24,19,下関,一般,４３１　４３１　３１６１[２],2025-10-28,2025-11-02,19,下関,ＧⅡ,４　１　２６６　２２６,5404,内田 壮,2026-05-13,2026-05-18,19,下関,一般,６　６５４　６６５　６６,2026-02-25,2026-03-02,19,下関,ＧⅢ,　　　　　　　　　　５６,2025-11-09,2025-11-14,19,下関,一般,５４５　５　５４６　６６,2025-08-10,2025-08-15,19,下関,一般,６　５６６　６５６　転５,2025-05-15,2025-05-19,19,下関,一般,６　６　５６５　６６,4251,川崎 誠志,2026-06-01,2026-06-05,19,下関,一般,１３４　５４６　３４,2026-02-10,2026-02-14,19,下関,一般,５３６　５６５　４４,2025-12-28,2026-01-02,19,下関,一般,３　４６４４１５５　３４,2025-09-20,2025-09-24,19,下関,一般,２５１　１６５６２４,2025-07-17,2025-07-20,19,下関,一般,４４１６２５４６
202608121903,2026-08-12,19,03R,4747,山戸 信二,2026-02-17,2026-02-22,19,下関,一般,４　４５６４６　５　５,2025-06-23,2025-06-27,19,下関,一般,６５４　４　転６４４,2024-12-28,2025-01-03,19,下関,一般,５５４　３６１　２５F　６,2024-06-20,2024-06-25,19,下関,一般,１６２６４　１５３　５６,2023-08-19,2023-08-23,19,下関,一般,５６３２５　２　６４,4842,山下 昂大,2026-01-04,2026-01-07,19,下関,一般,２２１　３２[４],2025-10-28,2025-11-02,19,下関,ＧⅡ,６　６,2023-05-25,2023-05-31,19,下関,一般,３　３４３１３４２２６３４１,2023-03-30,2023-04-03,19,下関,一般,２　３４２２２４１１,2023-02-09,2023-02-13,19,下関,一般,４　１２１５４２[５],4057,松井 賢治,2025-09-20,2025-09-24,19,下関,一般,２４２　１１欠欠,2025-05-15,2025-05-19,19,下関,一般,４３３　４５６　１３,2024-05-01,2024-05-04,19,下関,一般,６６５６２　３,2024-01-04,2024-01-08,19,下関,一般,４３１　４３１５１６,2023-02-09,2023-02-13,19,下関,一般,５３２　３１３５１５,4852,川原 祐明,2025-11-09,2025-11-14,19,下関,一般,３３１２３　３６１２[３],2025-01-21,2025-01-26,19,下関,ＧⅢ,６３４　２４５５３　１４,2024-08-05,2024-08-09,19,下関,一般,６５１４１　２６５,2023-09-19,2023-09-24,19,下関,ＧⅠ,２６４　３　４１３　６２,2022-12-01,2022-12-06,19,下関,ＧⅠ,１　６３６　３４４２４,5448,福田 柊人,2026-05-21,2026-05-24,19,下関,一般,６　５５６　６５,,,,,,,,,,,,,,,,,,,,,,,,,3731,高濱 芳久,2026-06-01,2026-06-05,19,下関,一般,６５２　３６３　４,2025-11-09,2025-11-14,19,下関,一般,２　３２３　５５３６１６,2025-07-10,2025-07-14,19,下関,一般,３　２３１６２４１６,2025-04-26,2025-04-30,19,下関,一般,６２１　２５２３３１,2025-03-07,2025-03-11,19,下関,一般,１３１　２３６１[６]
202608121904,2026-08-12,19,04R,5067,山田 真聖,2026-04-29,2026-05-04,19,下関,一般,５　６２２５１　１３２,2026-02-10,2026-02-14,19,下関,一般,１１１　３５６６２５,2025-12-28,2026-01-02,19,下関,一般,４６１４２　５３３　３,2025-08-30,2025-09-02,19,下関,一般,　　　　　　３４,2025-08-10,2025-08-15,19,下関,一般,５　６１５６５３６　１,4361,柳生 泰二,2026-04-29,2026-05-04,19,下関,一般,１１１　２１２３２２[４],2026-01-29,2026-02-03,19,下関,ＧⅠ,１２４　１１２　１　[１],2025-12-28,2026-01-02,19,下関,一般,１１１１１　１２３１[１],2025-10-28,2025-11-02,19,下関,ＧⅡ,３１４　１２３　２　[５],2025-08-10,2025-08-15,19,下関,一般,１４１１４　１２１１[２],5106,山崎 祥,2026-06-12,2026-06-17,19,下関,一般,　　　　２４６５４　１３,2026-04-29,2026-05-04,19,下関,一般,４２２　５６３３４　３,2026-02-10,2026-02-14,19,下関,一般,１１２４２　５２[２],2025-12-18,2025-12-24,19,下関,一般,２４２　１１５　４４１４１２,2025-08-30,2025-09-02,19,下関,一般,転３３　２４２６,3930,岸本 隆,2025-09-04,2025-09-07,19,下関,一般,２　１５５５１４,2024-12-28,2025-01-03,19,下関,一般,５　１１１５２１４２１２[５],2024-11-27,2024-11-30,19,下関,一般,２２３６１５３４,2024-08-05,2024-08-09,19,下関,一般,５３６　１５５　４３,2023-06-20,2023-06-25,19,下関,一般,妨　６１６　３６６,3581,加木 郁,2026-01-18,2026-01-21,19,下関,一般,１５６５２　６３,2025-06-23,2025-06-27,19,下関,一般,５３３　１４３５４,2025-03-29,2025-04-01,19,下関,一般,４４１３４　３４,2025-01-06,2025-01-09,19,下関,一般,１６２５５　２２,2024-09-03,2024-09-06,19,下関,一般,１　４３１６１４,3680,森林 太,2026-06-21,2026-06-24,19,下関,一般,３５３　５１４,2026-01-09,2026-01-14,19,下関,一般,３　４５５２６　６,2025-07-27,2025-07-31,19,下関,一般,１４６　２６６３３３,2024-12-28,2025-01-03,19,下関,一般,２　３４１６４　４５４　５１,2024-09-20,2024-09-25,19,下関,一般,４６２　３４４３６６２
202608121905,2026-08-12,19,05R,4064,原田 篤志,2026-04-29,2026-05-04,19,下関,一般,３５３１４　１３４５１３,2026-01-29,2026-02-03,19,下関,ＧⅠ,６２２　４２４　３１６,2025-12-07,2025-12-12,19,下関,ＧⅠ,２　５　４３３　１３４２,2025-10-28,2025-11-02,19,下関,ＧⅡ,２４１　５　２５１　６３,2025-09-20,2025-09-24,19,下関,一般,３１４２３１５４１６,4846,佐藤 駿介,2026-06-30,2026-07-04,19,下関,一般,１３５６４　５　５３,2026-04-29,2026-05-04,19,下関,一般,６２２　１４６６５　５,2026-02-10,2026-02-14,19,下関,一般,５　５２５　４３２６,2025-12-18,2025-12-24,19,下関,一般,２５５　６６５　４　４６５,2025-04-26,2025-04-30,19,下関,一般,３２４　３６２３２,4475,末永 祐輝,2026-06-12,2026-06-17,19,下関,一般,４４３３６　３３５　５１,2025-12-28,2026-01-02,19,下関,一般,２５２３２　３１３３３１,2025-11-09,2025-11-14,19,下関,一般,３３２１４　１１３３３１,2025-08-10,2025-08-15,19,下関,一般,３６２　１４２３５４１２,2025-06-23,2025-06-27,19,下関,一般,５　２１５６１２[２],4009,小林 一樹,2026-04-29,2026-05-04,19,下関,一般,３　３　３３２１４６１６,2026-02-17,2026-02-22,19,下関,一般,５５１　２　１３６５１１,2025-12-28,2026-01-02,19,下関,一般,３　２３１４５４３５３４,2025-10-28,2025-11-02,19,下関,ＧⅡ,５　５　６３６　１６５,2025-09-29,2025-10-04,19,下関,一般,２　２３１３２　４５２６,5176,石倉 拓美,2026-05-13,2026-05-18,19,下関,一般,６　１６６落６　６　５５,2025-11-09,2025-11-14,19,下関,一般,１６６　６６６６６　６,2025-07-10,2025-07-14,19,下関,一般,６　６　４６６　５６,2025-04-26,2025-04-30,19,下関,一般,６　４６３　３　２６,2025-03-02,2025-03-05,19,下関,一般,５　２　６F５,3442,宮武 英司,2025-12-18,2025-12-24,19,下関,一般,１２５　３４３　５　１３３２,2025-01-21,2025-01-26,19,下関,ＧⅢ,２　１４４　２４５４１４,2024-05-14,2024-05-20,19,下関,ＧⅢ,３　３５５６１　１５２３,2023-01-12,2023-01-18,19,下関,一般,１５３　６６２,2022-04-30,2022-05-05,19,下関,一般,４３６　F５２　４　２
202608121906,2026-08-12,19,06R,4724,吉田 祐貴,2026-04-29,2026-05-04,19,下関,一般,３４４　５　５６５　６３,2026-01-23,2026-01-26,19,下関,一般,２　４６４５５転,2025-05-21,2025-05-25,19,下関,一般,６　６２２　２４５４,2024-05-01,2024-05-04,19,下関,一般,６　６３３　２４,2022-06-25,2022-06-30,19,下関,一般,６５４　１　２５６　４５,4356,長岡 良也,2026-03-14,2026-03-17,19,下関,一般,５５２２６１６６,2025-11-09,2025-11-14,19,下関,一般,５１３　１１１１４５２２,2024-08-20,2024-08-26,19,下関,一般,１　４４４５１１４　２５５１,2024-06-14,2024-06-18,19,下関,一般,５３１　３１２３３１,2024-04-17,2024-04-23,19,下関,一般,５４３　転欠,5336,瀬川 大地,2026-05-13,2026-05-18,19,下関,一般,１６６　３４３　５６１,2026-04-29,2026-05-04,19,下関,一般,４５４　５６６　６　４５,2026-02-10,2026-02-14,19,下関,一般,５　６６６　２　５６,2025-12-28,2026-01-02,19,下関,一般,４５５　１３２６４　６２,2025-07-01,2025-07-06,19,下関,一般,１　５４転　４６３　５２,4980,佐々木 完太,2026-04-29,2026-05-04,19,下関,一般,１４４　４６１１６３１４,2026-01-29,2026-02-03,19,下関,ＧⅠ,２５１　３２２　２　[２],2025-12-28,2026-01-02,19,下関,一般,１４１　１２２３４２[３],2025-12-07,2025-12-12,19,下関,ＧⅠ,１　３４５　２　６　１５,2025-10-28,2025-11-02,19,下関,ＧⅡ,１　６　３１６２４　１４,4931,木谷 賢太,2024-12-02,2024-12-05,19,下関,一般,３４２２１４４３,2024-08-05,2024-08-09,19,下関,一般,２４１　１５２５１４,2023-09-19,2023-09-24,19,下関,ＧⅠ,４　１６６　５　５３４,2023-01-12,2023-01-18,19,下関,一般,４　１６６５１５５１４　５３,2022-09-09,2022-09-14,19,下関,一般,２４１５F　３　１　３２,4023,柴田 友和,2025-05-21,2025-05-25,19,下関,一般,３１４　５２１５３４,2024-08-13,2024-08-17,19,下関,一般,３１５　６６４６３,2024-02-26,2024-03-01,19,下関,一般,１６４５４　５３６２,2023-07-24,2023-07-27,19,下関,一般,５　５５１　４３,2023-04-10,2023-04-15,19,下関,一般,３６４　１６３５５　６６
202608121907,2026-08-12,19,07R,4179,広次 修,2026-06-12,2026-06-17,19,下関,一般,５　５４４１３６３　１,2026-02-10,2026-02-14,19,下関,一般,１５２　１５３５１６,2025-08-30,2025-09-02,19,下関,一般,１　６５３　３,2025-01-21,2025-01-26,19,下関,ＧⅢ,５　１４５　５２１３４４,2024-09-03,2024-09-06,19,下関,一般,１１１６５６３５,3661,柳瀬 興志,2026-03-26,2026-03-31,19,下関,一般,１４３　１１４　２　１４,2025-12-28,2026-01-02,19,下関,一般,４　２１２５２４２３１４,2025-08-10,2025-08-15,19,下関,一般,１５３　２２３１２６３５,2025-02-21,2025-02-25,19,下関,一般,４　３４４５２　３落,2024-07-15,2024-07-19,19,下関,一般,３１６　１４６４４３,4425,大井 清貴,2026-04-29,2026-05-04,19,下関,一般,３３３２３　４５３　２,2026-03-14,2026-03-17,19,下関,一般,１３３４１６２４,2025-12-28,2026-01-02,19,下関,一般,F６３　３　４　２５５,2025-10-11,2025-10-14,19,下関,一般,４３２３５　４,2025-07-17,2025-07-20,19,下関,一般,１５２　６６２６,3539,金子 順一,2026-06-21,2026-06-24,19,下関,一般,２４６　６６６,2026-01-04,2026-01-07,19,下関,一般,６２１　４６２６,2025-09-10,2025-09-16,19,下関,一般,　　　　　　２６６　２　１６,2025-08-10,2025-08-15,19,下関,一般,３　１６６　４２６４６,2025-05-15,2025-05-19,19,下関,一般,４５４　６５６　２,4981,牧山 敦也,2025-07-17,2025-07-20,19,下関,一般,６６２４転　４,2025-03-02,2025-03-05,19,下関,一般,４　２　４１１４,2023-10-04,2023-10-09,19,下関,ＧⅢ,５４２３５　６４６　５４,2022-05-29,2022-06-04,19,下関,一般,２５５　５３６　５３４　２,2021-11-16,2021-11-22,19,下関,一般,５　４５３　不欠,4264,長尾 章平,2026-06-01,2026-06-05,19,下関,一般,３１３３３１２３５１,2026-04-29,2026-05-04,19,下関,一般,１２２３１　１２２１[６],2026-03-14,2026-03-17,19,下関,一般,１３２２３１[２],2026-01-29,2026-02-03,19,下関,ＧⅠ,２　４３１　１３１　[５],2025-10-28,2025-11-02,19,下関,ＧⅡ,２３１　３４３　５　１４
202608121908,2026-08-12,19,08R,5064,品川 二千翔,2026-05-21,2026-05-24,19,下関,一般,１　３５２２[５],2026-02-10,2026-02-14,19,下関,一般,２４１　２５４１[４],2025-12-28,2026-01-02,19,下関,一般,５３２　２２６２１４１５,2025-10-28,2025-11-02,19,下関,ＧⅡ,５　４　５５２　２６２,2025-09-29,2025-10-04,19,下関,一般,２　F２５　３　４　２２,4406,幸野 史明,2025-08-10,2025-08-15,19,下関,一般,４３２　４４５　３　６６,2023-05-25,2023-05-31,19,下関,一般,３２１　５６４　６　４１４,2023-01-06,2023-01-09,19,下関,一般,３　２５１４２６,2022-08-04,2022-08-10,19,下関,一般,２　６５５４１　５４２４２４,2021-12-06,2021-12-10,19,下関,一般,２３２　６２３６２４,3961,谷村 一哉,2026-06-30,2026-07-04,19,下関,一般,２　１２２４４１[１],2026-04-29,2026-05-04,19,下関,一般,１３２　３１２４３２[３],2026-03-19,2026-03-23,19,下関,一般,　　　　３５３４２１,2026-01-18,2026-01-21,19,下関,一般,１　３５１６１２,2025-05-29,2025-06-03,19,下関,一般,１　１２２５５４１４３１,4567,上村 慎太郎,2026-04-29,2026-05-04,19,下関,一般,３　１６４４５　４４３,2026-01-09,2026-01-14,19,下関,一般,６５４　３６５　３,2025-09-29,2025-10-04,19,下関,一般,６６,2025-08-10,2025-08-15,19,下関,一般,３　２６２　２４５３４,2025-05-21,2025-05-25,19,下関,一般,３６６　３６５　２４,5067,山田 真聖,2026-04-29,2026-05-04,19,下関,一般,５　６２２５１　１３２,2026-02-10,2026-02-14,19,下関,一般,１１１　３５６６２５,2025-12-28,2026-01-02,19,下関,一般,４６１４２　５３３　３,2025-08-30,2025-09-02,19,下関,一般,　　　　　　３４,2025-08-10,2025-08-15,19,下関,一般,５　６１５６５３６　１,5448,福田 柊人,2026-05-21,2026-05-24,19,下関,一般,６　５５６　６５,,,,,,,,,,,,,,,,,,,,,,,,
202608121909,2026-08-12,19,09R,3562,山下 和彦,2026-01-29,2026-02-03,19,下関,ＧⅠ,３　５２２　２　６　３５,2025-09-29,2025-10-04,19,下関,一般,１　２２６５４　２４４１,2025-01-31,2025-02-03,19,下関,一般,６,2023-08-04,2023-08-09,19,下関,一般,４４１　１４３６,2022-12-28,2023-01-03,19,下関,一般,４　１３３４３１４転,5176,石倉 拓美,2026-05-13,2026-05-18,19,下関,一般,６　１６６落６　６　５５,2025-11-09,2025-11-14,19,下関,一般,１６６　６６６６６　６,2025-07-10,2025-07-14,19,下関,一般,６　６　４６６　５６,2025-04-26,2025-04-30,19,下関,一般,６　４６３　３　２６,2025-03-02,2025-03-05,19,下関,一般,５　２　６F５,3942,寺田 祥,2026-03-19,2026-03-23,19,下関,一般,２１２２１１４１[２],2026-01-29,2026-02-03,19,下関,ＧⅠ,４　２１３　３３２　[６],2025-12-28,2026-01-02,19,下関,一般,２２１　１１２３４１[２],2025-12-07,2025-12-12,19,下関,ＧⅠ,４　４２１　６１５　１６,2025-10-28,2025-11-02,19,下関,ＧⅡ,６　欠欠,3989,熊本 英一,2026-06-12,2026-06-17,19,下関,一般,２５５４４　６　６３４,2026-02-10,2026-02-14,19,下関,一般,５　３１４　６６４,2025-08-10,2025-08-15,19,下関,一般,５４５　４　１３４　３２,2025-05-29,2025-06-03,19,下関,一般,６　２６５３２６３,2025-02-21,2025-02-25,19,下関,一般,６　５６,5208,屋良 龍紀,2025-11-09,2025-11-14,19,下関,一般,５６４　４６５　３　３５,2025-08-10,2025-08-15,19,下関,一般,３　５１３　６５３５５,2025-04-05,2025-04-10,19,下関,一般,５６２　４３６６４　４６,2024-09-09,2024-09-14,19,下関,一般,３６６　６４５　１　４５,2024-06-14,2024-06-18,19,下関,一般,６　４５４４３　５６,4172,森定 晃史,2024-06-20,2024-06-25,19,下関,一般,３　３６４２４欠,2023-02-18,2023-02-22,19,下関,一般,４１１　４３１４２６,2022-12-19,2022-12-25,19,下関,ＧⅢ,３１５５１　３３３３５１,2022-12-01,2022-12-06,19,下関,ＧⅠ,３　４２３　１４５　６３,2022-10-27,2022-10-31,19,下関,一般,１　５２２２１４１１
202608121910,2026-08-12,19,10R,3930,岸本 隆,2025-09-04,2025-09-07,19,下関,一般,２　１５５５１４,2024-12-28,2025-01-03,19,下関,一般,５　１１１５２１４２１２[５],2024-11-27,2024-11-30,19,下関,一般,２２３６１５３４,2024-08-05,2024-08-09,19,下関,一般,５３６　１５５　４３,2023-06-20,2023-06-25,19,下関,一般,妨　６１６　３６６,3731,高濱 芳久,2026-06-01,2026-06-05,19,下関,一般,６５２　３６３　４,2025-11-09,2025-11-14,19,下関,一般,２　３２３　５５３６１６,2025-07-10,2025-07-14,19,下関,一般,３　２３１６２４１６,2025-04-26,2025-04-30,19,下関,一般,６２１　２５２３３１,2025-03-07,2025-03-11,19,下関,一般,１３１　２３６１[６],4009,小林 一樹,2026-04-29,2026-05-04,19,下関,一般,３　３　３３２１４６１６,2026-02-17,2026-02-22,19,下関,一般,５５１　２　１３６５１１,2025-12-28,2026-01-02,19,下関,一般,３　２３１４５４３５３４,2025-10-28,2025-11-02,19,下関,ＧⅡ,５　５　６３６　１６５,2025-09-29,2025-10-04,19,下関,一般,２　２３１３２　４５２６,5404,内田 壮,2026-05-13,2026-05-18,19,下関,一般,６　６５４　６６５　６６,2026-02-25,2026-03-02,19,下関,ＧⅢ,　　　　　　　　　　５６,2025-11-09,2025-11-14,19,下関,一般,５４５　５　５４６　６６,2025-08-10,2025-08-15,19,下関,一般,６　５６６　６５６　転５,2025-05-15,2025-05-19,19,下関,一般,６　６　５６５　６６,3901,松田 憲幸,2026-04-29,2026-05-04,19,下関,一般,５２５　１５５　２５２,2026-03-14,2026-03-17,19,下関,一般,１３６　２３６２,2025-08-10,2025-08-15,19,下関,一般,４６５　３　５６６　３３,2025-04-26,2025-04-30,19,下関,一般,１６３　６６５　５,2025-01-21,2025-01-26,19,下関,ＧⅢ,１　５５５　F２４　４,4356,長岡 良也,2026-03-14,2026-03-17,19,下関,一般,５５２２６１６６,2025-11-09,2025-11-14,19,下関,一般,５１３　１１１１４５２２,2024-08-20,2024-08-26,19,下関,一般,１　４４４５１１４　２５５１,2024-06-14,2024-06-18,19,下関,一般,５３１　３１２３３１,2024-04-17,2024-04-23,19,下関,一般,５４３　転欠
202608121911,2026-08-12,19,11R,4361,柳生 泰二,2026-04-29,2026-05-04,19,下関,一般,１１１　２１２３２２[４],2026-01-29,2026-02-03,19,下関,ＧⅠ,１２４　１１２　１　[１],2025-12-28,2026-01-02,19,下関,一般,１１１１１　１２３１[１],2025-10-28,2025-11-02,19,下関,ＧⅡ,３１４　１２３　２　[５],2025-08-10,2025-08-15,19,下関,一般,１４１１４　１２１１[２],4064,原田 篤志,2026-04-29,2026-05-04,19,下関,一般,３５３１４　１３４５１３,2026-01-29,2026-02-03,19,下関,ＧⅠ,６２２　４２４　３１６,2025-12-07,2025-12-12,19,下関,ＧⅠ,２　５　４３３　１３４２,2025-10-28,2025-11-02,19,下関,ＧⅡ,２４１　５　２５１　６３,2025-09-20,2025-09-24,19,下関,一般,３１４２３１５４１６,4981,牧山 敦也,2025-07-17,2025-07-20,19,下関,一般,６６２４転　４,2025-03-02,2025-03-05,19,下関,一般,４　２　４１１４,2023-10-04,2023-10-09,19,下関,ＧⅢ,５４２３５　６４６　５４,2022-05-29,2022-06-04,19,下関,一般,２５５　５３６　５３４　２,2021-11-16,2021-11-22,19,下関,一般,５　４５３　不欠,4931,木谷 賢太,2024-12-02,2024-12-05,19,下関,一般,３４２２１４４３,2024-08-05,2024-08-09,19,下関,一般,２４１　１５２５１４,2023-09-19,2023-09-24,19,下関,ＧⅠ,４　１６６　５　５３４,2023-01-12,2023-01-18,19,下関,一般,４　１６６５１５５１４　５３,2022-09-09,2022-09-14,19,下関,一般,２４１５F　３　１　３２,4871,菊池 宏志,2026-06-21,2026-06-24,19,下関,一般,４３４　５６３,2026-04-29,2026-05-04,19,下関,一般,１４２２５　３５５６１５,2026-02-25,2026-03-02,19,下関,ＧⅢ,１６４　６４４５１　６２,2026-01-09,2026-01-14,19,下関,一般,１５１６５　５　４６,2025-06-13,2025-06-16,19,下関,一般,１４５３３　１,4842,山下 昂大,2026-01-04,2026-01-07,19,下関,一般,２２１　３２[４],2025-10-28,2025-11-02,19,下関,ＧⅡ,６　６,2023-05-25,2023-05-31,19,下関,一般,３　３４３１３４２２６３４１,2023-03-30,2023-04-03,19,下関,一般,２　３４２２２４１１,2023-02-09,2023-02-13,19,下関,一般,４　１２１５４２[５]
202608121912,2026-08-12,19,12R,4980,佐々木 完太,2026-04-29,2026-05-04,19,下関,一般,１４４　４６１１６３１４,2026-01-29,2026-02-03,19,下関,ＧⅠ,２５１　３２２　２　[２],2025-12-28,2026-01-02,19,下関,一般,１４１　１２２３４２[３],2025-12-07,2025-12-12,19,下関,ＧⅠ,１　３４５　２　６　１５,2025-10-28,2025-11-02,19,下関,ＧⅡ,１　６　３１６２４　１４,5064,品川 二千翔,2026-05-21,2026-05-24,19,下関,一般,１　３５２２[５],2026-02-10,2026-02-14,19,下関,一般,２４１　２５４１[４],2025-12-28,2026-01-02,19,下関,一般,５３２　２２６２１４１５,2025-10-28,2025-11-02,19,下関,ＧⅡ,５　４　５５２　２６２,2025-09-29,2025-10-04,19,下関,一般,２　F２５　３　４　２２,4179,広次 修,2026-06-12,2026-06-17,19,下関,一般,５　５４４１３６３　１,2026-02-10,2026-02-14,19,下関,一般,１５２　１５３５１６,2025-08-30,2025-09-02,19,下関,一般,１　６５３　３,2025-01-21,2025-01-26,19,下関,ＧⅢ,５　１４５　５２１３４４,2024-09-03,2024-09-06,19,下関,一般,１１１６５６３５,4475,末永 祐輝,2026-06-12,2026-06-17,19,下関,一般,４４３３６　３３５　５１,2025-12-28,2026-01-02,19,下関,一般,２５２３２　３１３３３１,2025-11-09,2025-11-14,19,下関,一般,３３２１４　１１３３３１,2025-08-10,2025-08-15,19,下関,一般,３６２　１４２３５４１２,2025-06-23,2025-06-27,19,下関,一般,５　２１５６１２[２],5145,島川 海輝,2026-05-13,2026-05-18,19,下関,一般,１５２　１２１１３１[１],2026-04-29,2026-05-04,19,下関,一般,１６１６６　１６５３３２,2026-02-10,2026-02-14,19,下関,一般,６５１３２　１５６４,2025-12-18,2025-12-24,19,下関,一般,４３１　４３１　３１６１[２],2025-10-28,2025-11-02,19,下関,ＧⅡ,４　１　２６６　２２６,5106,山崎 祥,2026-06-12,2026-06-17,19,下関,一般,　　　　２４６５４　１３,2026-04-29,2026-05-04,19,下関,一般,４２２　５６３３４　３,2026-02-10,2026-02-14,19,下関,一般,１１２４２　５２[２],2025-12-18,2025-12-24,19,下関,一般,２４２　１１５　４４１４１２,2025-08-30,2025-09-02,19,下関,一般,転３３　２４２６
202608122001,2026-08-12,20,01R,5200,筒井 美琴,2026-06-18,2026-06-21,20,若松,一般,６　４４４　６６,2024-09-02,2024-09-08,20,若松,一般,５６６　６　６５６　６６６６,2024-05-19,2024-05-24,20,若松,ＧⅢ,６　５６１　３５５　６５,2022-07-24,2022-07-29,20,若松,ＧⅢ,６　６５６　５６６　６５,2022-05-23,2022-05-29,20,若松,一般,５　６６エ　６６５　６６,4638,小林 遼太,2026-01-18,2026-01-22,20,若松,一般,１　２５３５１６５４,2025-06-03,2025-06-08,20,若松,一般,２　５５６　２３６　１１,2024-12-03,2024-12-08,20,若松,ＧⅢ,１　４４５２６５２　５５,2024-08-15,2024-08-20,20,若松,一般,６４５　１４３　３２６５,2024-07-06,2024-07-09,20,若松,一般,４６６２６　５５,5177,松井 貫太,2026-05-01,2026-05-06,20,若松,一般,１５４　４　２３２４４６,2026-02-15,2026-02-20,20,若松,ＧⅠ,　　　　　　　　５６６,2023-11-17,2023-11-23,20,若松,ＧⅢ,　　　　　　　　　　１６,2023-08-22,2023-08-27,20,若松,一般,５　６５５５転　１　２６,2023-05-06,2023-05-09,20,若松,一般,６　６４５　６６,4753,森 照夫,2026-02-08,2026-02-11,20,若松,一般,１５２　３６１６,2025-02-01,2025-02-07,20,若松,一般,１１４　２４３５　　２５,2024-10-28,2024-10-31,20,若松,一般,３５４５１　３５,2024-07-20,2024-07-26,20,若松,一般,１　１６１６５　１６５６１５,2023-08-08,2023-08-15,20,若松,一般,６３３　４１F５５　５,4694,高田 綾,2023-03-16,2023-03-19,20,若松,一般,３５３　３４２３,2022-08-08,2022-08-13,20,若松,一般,６　３３５　４５２３２,2022-07-11,2022-07-15,20,若松,一般,３　１６５１５３６,2022-05-23,2022-05-29,20,若松,一般,２　４３１　４３１５２５,2022-03-25,2022-03-29,20,若松,一般,３　４２４６２５１３,5426,甲斐 貴大,2026-05-01,2026-05-06,20,若松,一般,５　６６５　５４６　５６,2025-12-20,2025-12-25,20,若松,一般,６　６　６６６６６　６６,,,,,,,,,,,,,,,,,,
202608122002,2026-08-12,20,02R,5198,奥村 明日香,2026-04-22,2026-04-27,20,若松,ＧⅢ,　　　　　　　　　　６５,2025-09-29,2025-10-04,20,若松,一般,４　３２６２６　５　４３,2025-02-26,2025-03-03,20,若松,一般,３５４　２３５　５　２１,2024-12-31,2025-01-06,20,若松,一般,６１５　３　６４転　６６,2024-04-16,2024-04-21,20,若松,一般,２３４　６２２　３６１４,4942,柴田 朋哉,2026-05-01,2026-05-06,20,若松,一般,１　３５３　５３５１２,2026-01-01,2026-01-06,20,若松,一般,４３３　３４２５２３５１,2025-09-22,2025-09-25,20,若松,一般,３　２３４４１１,2024-12-31,2025-01-06,20,若松,一般,２６４６１　５　３２６　４４,2024-10-28,2024-10-31,20,若松,一般,１　３４１４５４,5223,森清 友翔,2026-05-01,2026-05-06,20,若松,一般,エ４１　６４２３５　６,2025-12-05,2025-12-10,20,若松,一般,４　３５１　２３６６１３,2025-04-24,2025-04-29,20,若松,一般,５４６　２　５６６３３５,2024-11-25,2024-11-28,20,若松,一般,６　６　４６６,2024-07-11,2024-07-16,20,若松,一般,６　６６５　４４４　４４,5413,宮城 那菜,2025-06-03,2025-06-08,20,若松,一般,６　６　６６６６６　６,,,,,,,,,,,,,,,,,,,,,,,,,4892,柴田 直哉,2026-01-08,2026-01-13,20,若松,一般,２５５６３　２　４１,2025-04-03,2025-04-06,20,若松,一般,４３５４１　３,2023-08-17,2023-08-20,20,若松,一般,１２３　４６１５,2023-04-01,2023-04-05,20,若松,一般,５６５　４５３１５５,2022-12-28,2023-01-02,20,若松,一般,３５２　１４２６１６２５,4874,池田 奈津美,2026-04-22,2026-04-27,20,若松,ＧⅢ,５３５　６６６　６　４４,2025-09-14,2025-09-19,20,若松,一般,５　１６４　４４４　４３,2025-05-12,2025-05-15,20,若松,一般,２４５２３　１２,2024-11-13,2024-11-18,20,若松,一般,２３５　６２１６５２２,2023-12-29,2024-01-03,20,若松,一般,６１５　６　６３６２１
202608122003,2026-08-12,20,03R,4402,乙藤 智史,2026-04-14,2026-04-19,20,若松,一般,落　３１,2025-12-05,2025-12-10,20,若松,一般,５２５４３　２１２４５１,2025-08-15,2025-08-20,20,若松,一般,１１５　２３２２６６２６,2025-05-17,2025-05-20,20,若松,一般,６２３６５３２,2024-12-31,2025-01-06,20,若松,一般,１２２２２　２２５１４１[落],4729,佐藤 謙史朗,2026-05-01,2026-05-06,20,若松,一般,６６２　６　６　６４５,2026-01-01,2026-01-06,20,若松,一般,４４６　６５４　３５２５,2025-04-24,2025-04-29,20,若松,一般,５　２５２２５４５　４３,2024-11-13,2024-11-18,20,若松,一般,１　５６４５６　５　１３,2024-06-25,2024-07-01,20,若松,一般,１　３５４４４　４　３１１４,4521,小池 公生,2026-05-15,2026-05-20,20,若松,一般,１　１１６　４１２３２３,2026-03-18,2026-03-23,20,若松,一般,４６６　５５４６,2025-12-20,2025-12-25,20,若松,一般,４　４４４６３２２　４５,2025-08-15,2025-08-20,20,若松,一般,F　６　１　１３４　４,2024-11-25,2024-11-28,20,若松,一般,４　３　１４５５,5464,宮田 栞,2026-05-09,2026-05-12,20,若松,一般,６　６５６　５６,,,,,,,,,,,,,,,,,,,,,,,,,5303,土井 歩夢,2026-05-09,2026-05-12,20,若松,一般,１３１　２１[４],2026-05-01,2026-05-06,20,若松,一般,２　３５４　１５３５２,2026-01-01,2026-01-06,20,若松,一般,５　４２５　１３３３２４,2025-12-05,2025-12-10,20,若松,一般,４　１３２４４２１２[２],2025-08-15,2025-08-20,20,若松,一般,１４３　４２４　２４２,5351,齊藤 廉,2025-12-05,2025-12-10,20,若松,一般,５　３５５　５６６　１３,2025-06-28,2025-07-03,20,若松,一般,６　６　６６,2025-04-24,2025-04-29,20,若松,一般,４　６４４　３５４妨５６,2025-02-09,2025-02-12,20,若松,一般,１　１６６６３５,2024-07-20,2024-07-26,20,若松,一般,６　６６６　５６３　６６４６
202608122004,2026-08-12,20,04R,4545,岡村 慶太,2026-05-01,2026-05-06,20,若松,一般,２３１１　　２１３１[１],2026-03-10,2026-03-15,20,若松,ＧⅢ,６３１３１３２　４１[２],2025-12-05,2025-12-10,20,若松,一般,３４１１１２１４４１[１],2025-08-15,2025-08-20,20,若松,一般,２　１１４４２２１３３１,2025-07-22,2025-07-28,20,若松,一般,３１３　１１１４１　[３],4204,柴田 大輔,2025-12-05,2025-12-10,20,若松,一般,６　２２２　３２３４１６,2024-12-31,2025-01-06,20,若松,一般,６　４４３６５　４６１　５６,2024-08-15,2024-08-20,20,若松,一般,１４４　３５６２３　１２,2024-06-25,2024-07-01,20,若松,一般,５　２１３４２　３６４６１５,2023-09-15,2023-09-20,20,若松,一般,１　４４３４５３６５１５,4697,國弘 翔平,2026-05-01,2026-05-06,20,若松,一般,６　５５５　３６４　１５,2026-01-01,2026-01-06,20,若松,一般,５　２２５４４　２２３５,2025-08-15,2025-08-20,20,若松,一般,５４５　３４５　１　３２,2025-04-24,2025-04-29,20,若松,一般,６６１　６５４　５エ１５,2024-10-28,2024-10-31,20,若松,一般,４　３６３　２６,4403,木下 大將,2026-05-01,2026-05-06,20,若松,一般,２４６　１　３１１４１３,2026-01-01,2026-01-06,20,若松,一般,５１２　１５４２１３４１,2024-12-03,2024-12-08,20,若松,ＧⅢ,５５２　１６１１５３[３],2024-08-15,2024-08-20,20,若松,一般,３２４３２２３　２２[５],2023-12-29,2024-01-03,20,若松,一般,４５３　３４４２１　３１,5398,鐘ヶ江 真司,2026-07-25,2026-07-29,20,若松,一般,４　６６４２６６１,2026-06-28,2026-07-03,20,若松,一般,２５４　５１４　５　２２,2026-05-01,2026-05-06,20,若松,一般,４４６　６　４３１　５３,2026-01-01,2026-01-06,20,若松,一般,６　４５６　５３落６６,2025-12-05,2025-12-10,20,若松,一般,３　３６３６２　６６４,5446,長嶺 真李愛,2026-05-09,2026-05-12,20,若松,一般,６　６５４５６,,,,,,,,,,,,,,,,,,,,,,,,
202608122005,2026-08-12,20,05R,4958,溝口 海義也,2026-06-11,2026-06-15,20,若松,一般,３３１　３２１２[１],2026-01-01,2026-01-06,20,若松,一般,４３２１４５１　１２[６],2025-08-15,2025-08-20,20,若松,一般,２４２　２３４４６５１５,2025-07-07,2025-07-11,20,若松,一般,１４１　１５６１[５],2025-04-24,2025-04-29,20,若松,一般,１　２３３１不４１１３１,4155,長野 壮志郎,2026-01-01,2026-01-06,20,若松,一般,１６３　２３２４５４１４,2025-09-22,2025-09-25,20,若松,一般,１　１４４３２２,2025-08-15,2025-08-20,20,若松,一般,２　３３１３１６１１[３],2024-06-14,2024-06-20,20,若松,一般,２２３３１５２　２４１６１５,2023-12-29,2024-01-03,20,若松,一般,２３５　３６２１２　１２,4487,三原 司,2026-01-01,2026-01-06,20,若松,一般,２２２　５３２４３５４５,2024-12-31,2025-01-06,20,若松,一般,３　６６４　６２６　５欠,2024-08-26,2024-08-30,20,若松,一般,２４１５,2024-06-14,2024-06-20,20,若松,一般,１　１５５　３４４６４　１２,2024-01-30,2024-02-02,20,若松,一般,５　２３２４４５,4413,水摩 敦,2026-05-01,2026-05-06,20,若松,一般,２３２３４　２４２５３５,2026-03-10,2026-03-15,20,若松,ＧⅢ,３１１　３３５１５２[６],2026-01-01,2026-01-06,20,若松,一般,１２６２１　２５５４４２,2025-11-14,2025-11-18,20,若松,一般,１２１　３３２３２１,2025-09-29,2025-10-04,20,若松,一般,１６４３１５３　３３２４,4638,小林 遼太,2026-01-18,2026-01-22,20,若松,一般,１　２５３５１６５４,2025-06-03,2025-06-08,20,若松,一般,２　５５６　２３６　１１,2024-12-03,2024-12-08,20,若松,ＧⅢ,１　４４５２６５２　５５,2024-08-15,2024-08-20,20,若松,一般,６４５　１４３　３２６５,2024-07-06,2024-07-09,20,若松,一般,４６６２６　５５,5389,恵良 琴美,2026-04-14,2026-04-19,20,若松,一般,５　６６５６５　４６６,,,,,,,,,,,,,,,,,,,,,,,,
202608122006,2026-08-12,20,06R,5158,宮脇 遼太,2026-05-15,2026-05-20,20,若松,一般,２３２　２１１３６１[５],2025-08-15,2025-08-20,20,若松,一般,４５６６３１３　１　１転,2025-04-24,2025-04-29,20,若松,一般,１２２２１　１６１２[４],2024-08-15,2024-08-20,20,若松,一般,１４６　１４３６１４１３,2024-07-06,2024-07-09,20,若松,一般,２４５　２４１３,4753,森 照夫,2026-02-08,2026-02-11,20,若松,一般,１５２　３６１６,2025-02-01,2025-02-07,20,若松,一般,１１４　２４３５　　２５,2024-10-28,2024-10-31,20,若松,一般,３５４５１　３５,2024-07-20,2024-07-26,20,若松,一般,１　１６１６５　１６５６１５,2023-08-08,2023-08-15,20,若松,一般,６３３　４１F５５　５,5258,仲本 舜,2025-12-05,2025-12-10,20,若松,一般,５１６　３６５　１５４５,2025-05-23,2025-05-26,20,若松,一般,５　２５４　６４,2024-12-31,2025-01-06,20,若松,一般,２５５　１５６　１３１４３５,2024-08-15,2024-08-20,20,若松,一般,６　３６２６６　５　２３,2024-07-11,2024-07-16,20,若松,一般,１　１５１３４５２F５,4364,池永 太,2026-05-01,2026-05-06,20,若松,一般,３１６２２　５２２４１２,2026-02-15,2026-02-20,20,若松,ＧⅠ,１　５４４４５　１５６,2026-01-01,2026-01-06,20,若松,一般,１２２１２２妨　３６３,2025-07-22,2025-07-28,20,若松,一般,１３１１２１２　　　[１],2024-08-15,2024-08-20,20,若松,一般,２３３１５２３２４１[４],5426,甲斐 貴大,2026-05-01,2026-05-06,20,若松,一般,５　６６５　５４６　５６,2025-12-20,2025-12-25,20,若松,一般,６　６　６６６６６　６６,,,,,,,,,,,,,,,,,,,4607,鶴田 勇雄,2026-05-01,2026-05-06,20,若松,一般,４５４　３　２５１　４６,2026-03-01,2026-03-07,20,若松,一般,４３　　２　３５３６１　２３,2026-01-01,2026-01-06,20,若松,一般,４　３３４２４１４５２,2025-08-15,2025-08-20,20,若松,一般,４４２　２１２　３２[６],2024-08-15,2024-08-20,20,若松,一般,３３３　４２３３１４３２
202608122007,2026-08-12,20,07R,5104,山田 丈,2026-05-09,2026-05-12,20,若松,一般,４５５　４　４１,2026-04-14,2026-04-19,20,若松,一般,F５４　４　５　５５５,2025-12-05,2025-12-10,20,若松,一般,１１３　４１３６５２[５],2025-08-15,2025-08-20,20,若松,一般,３２１１２６４　４４２２,2025-07-22,2025-07-28,20,若松,一般,４６２　５２４２２　１５,5177,松井 貫太,2026-05-01,2026-05-06,20,若松,一般,１５４　４　２３２４４６,2026-02-15,2026-02-20,20,若松,ＧⅠ,　　　　　　　　５６６,2023-11-17,2023-11-23,20,若松,ＧⅢ,　　　　　　　　　　１６,2023-08-22,2023-08-27,20,若松,一般,５　６５５５転　１　２６,2023-05-06,2023-05-09,20,若松,一般,６　６４５　６６,4892,柴田 直哉,2026-01-08,2026-01-13,20,若松,一般,２５５６３　２　４１,2025-04-03,2025-04-06,20,若松,一般,４３５４１　３,2023-08-17,2023-08-20,20,若松,一般,１２３　４６１５,2023-04-01,2023-04-05,20,若松,一般,５６５　４５３１５５,2022-12-28,2023-01-02,20,若松,一般,３５２　１４２６１６２５,5223,森清 友翔,2026-05-01,2026-05-06,20,若松,一般,エ４１　６４２３５　６,2025-12-05,2025-12-10,20,若松,一般,４　３５１　２３６６１３,2025-04-24,2025-04-29,20,若松,一般,５４６　２　５６６３３５,2024-11-25,2024-11-28,20,若松,一般,６　６　４６６,2024-07-11,2024-07-16,20,若松,一般,６　６６５　４４４　４４,4729,佐藤 謙史朗,2026-05-01,2026-05-06,20,若松,一般,６６２　６　６　６４５,2026-01-01,2026-01-06,20,若松,一般,４４６　６５４　３５２５,2025-04-24,2025-04-29,20,若松,一般,５　２５２２５４５　４３,2024-11-13,2024-11-18,20,若松,一般,１　５６４５６　５　１３,2024-06-25,2024-07-01,20,若松,一般,１　３５４４４　４　３１１４,5102,原田 雄次,2026-05-01,2026-05-06,20,若松,一般,２　１６３　１　６３２３,2025-08-15,2025-08-20,20,若松,一般,５３３　６４６　５５１,2025-04-24,2025-04-29,20,若松,一般,２３転,2024-07-06,2024-07-09,20,若松,一般,３　２３３２６２,2023-12-29,2024-01-03,20,若松,一般,F　４　落　３　４　４４
202608122008,2026-08-12,20,08R,4861,田中 宏樹,2026-04-14,2026-04-19,20,若松,一般,２　１５４　２５４６２,2026-01-01,2026-01-06,20,若松,一般,２　６４４　３１５２３５,2025-11-26,2025-11-30,20,若松,一般,５２１　６２６　４３,2025-08-15,2025-08-20,20,若松,一般,５６１　６　４５４　４３,2025-04-24,2025-04-29,20,若松,一般,４　５６１３１３２５３５,4256,渡辺 浩司,2025-04-24,2025-04-29,20,若松,一般,４４１　５２１２２３２１,2024-08-26,2024-08-30,20,若松,一般,２１１４,2024-05-07,2024-05-13,20,若松,一般,２　１２２１３２２２３１[２],2024-03-11,2024-03-14,20,若松,一般,３３１１１２[２],2023-08-17,2023-08-20,20,若松,一般,６６３２５１３２,5303,土井 歩夢,2026-05-09,2026-05-12,20,若松,一般,１３１　２１[４],2026-05-01,2026-05-06,20,若松,一般,２　３５４　１５３５２,2026-01-01,2026-01-06,20,若松,一般,５　４２５　１３３３２４,2025-12-05,2025-12-10,20,若松,一般,４　１３２４４２１２[２],2025-08-15,2025-08-20,20,若松,一般,１４３　４２４　２４２,4697,國弘 翔平,2026-05-01,2026-05-06,20,若松,一般,６　５５５　３６４　１５,2026-01-01,2026-01-06,20,若松,一般,５　２２５４４　２２３５,2025-08-15,2025-08-20,20,若松,一般,５４５　３４５　１　３２,2025-04-24,2025-04-29,20,若松,一般,６６１　６５４　５エ１５,2024-10-28,2024-10-31,20,若松,一般,４　３６３　２６,5351,齊藤 廉,2025-12-05,2025-12-10,20,若松,一般,５　３５５　５６６　１３,2025-06-28,2025-07-03,20,若松,一般,６　６　６６,2025-04-24,2025-04-29,20,若松,一般,４　６４４　３５４妨５６,2025-02-09,2025-02-12,20,若松,一般,１　１６６６３５,2024-07-20,2024-07-26,20,若松,一般,６　６６６　５６３　６６４６,5413,宮城 那菜,2025-06-03,2025-06-08,20,若松,一般,６　６　６６６６６　６,,,,,,,,,,,,,,,,,,,,,,,,
202608122009,2026-08-12,20,09R,4874,池田 奈津美,2026-04-22,2026-04-27,20,若松,ＧⅢ,５３５　６６６　６　４４,2025-09-14,2025-09-19,20,若松,一般,５　１６４　４４４　４３,2025-05-12,2025-05-15,20,若松,一般,２４５２３　１２,2024-11-13,2024-11-18,20,若松,一般,２３５　６２１６５２２,2023-12-29,2024-01-03,20,若松,一般,６１５　６　６３６２１,4694,高田 綾,2023-03-16,2023-03-19,20,若松,一般,３５３　３４２３,2022-08-08,2022-08-13,20,若松,一般,６　３３５　４５２３２,2022-07-11,2022-07-15,20,若松,一般,３　１６５１５３６,2022-05-23,2022-05-29,20,若松,一般,２　４３１　４３１５２５,2022-03-25,2022-03-29,20,若松,一般,３　４２４６２５１３,5200,筒井 美琴,2026-06-18,2026-06-21,20,若松,一般,６　４４４　６６,2024-09-02,2024-09-08,20,若松,一般,５６６　６　６５６　６６６６,2024-05-19,2024-05-24,20,若松,ＧⅢ,６　５６１　３５５　６５,2022-07-24,2022-07-29,20,若松,ＧⅢ,６　６５６　５６６　６５,2022-05-23,2022-05-29,20,若松,一般,５　６６エ　６６５　６６,5389,恵良 琴美,2026-04-14,2026-04-19,20,若松,一般,５　６６５６５　４６６,,,,,,,,,,,,,,,,,,,,,,,,,5446,長嶺 真李愛,2026-05-09,2026-05-12,20,若松,一般,６　６５４５６,,,,,,,,,,,,,,,,,,,,,,,,,5464,宮田 栞,2026-05-09,2026-05-12,20,若松,一般,６　６５６　５６,,,,,,,,,,,,,,,,,,,,,,,,
202608122010,2026-08-12,20,10R,4942,柴田 朋哉,2026-05-01,2026-05-06,20,若松,一般,１　３５３　５３５１２,2026-01-01,2026-01-06,20,若松,一般,４３３　３４２５２３５１,2025-09-22,2025-09-25,20,若松,一般,３　２３４４１１,2024-12-31,2025-01-06,20,若松,一般,２６４６１　５　３２６　４４,2024-10-28,2024-10-31,20,若松,一般,１　３４１４５４,4521,小池 公生,2026-05-15,2026-05-20,20,若松,一般,１　１１６　４１２３２３,2026-03-18,2026-03-23,20,若松,一般,４６６　５５４６,2025-12-20,2025-12-25,20,若松,一般,４　４４４６３２２　４５,2025-08-15,2025-08-20,20,若松,一般,F　６　１　１３４　４,2024-11-25,2024-11-28,20,若松,一般,４　３　１４５５,4403,木下 大將,2026-05-01,2026-05-06,20,若松,一般,２４６　１　３１１４１３,2026-01-01,2026-01-06,20,若松,一般,５１２　１５４２１３４１,2024-12-03,2024-12-08,20,若松,ＧⅢ,５５２　１６１１５３[３],2024-08-15,2024-08-20,20,若松,一般,３２４３２２３　２２[５],2023-12-29,2024-01-03,20,若松,一般,４５３　３４４２１　３１,4958,溝口 海義也,2026-06-11,2026-06-15,20,若松,一般,３３１　３２１２[１],2026-01-01,2026-01-06,20,若松,一般,４３２１４５１　１２[６],2025-08-15,2025-08-20,20,若松,一般,２４２　２３４４６５１５,2025-07-07,2025-07-11,20,若松,一般,１４１　１５６１[５],2025-04-24,2025-04-29,20,若松,一般,１　２３３１不４１１３１,5198,奥村 明日香,2026-04-22,2026-04-27,20,若松,ＧⅢ,　　　　　　　　　　６５,2025-09-29,2025-10-04,20,若松,一般,４　３２６２６　５　４３,2025-02-26,2025-03-03,20,若松,一般,３５４　２３５　５　２１,2024-12-31,2025-01-06,20,若松,一般,６１５　３　６４転　６６,2024-04-16,2024-04-21,20,若松,一般,２３４　６２２　３６１４,4204,柴田 大輔,2025-12-05,2025-12-10,20,若松,一般,６　２２２　３２３４１６,2024-12-31,2025-01-06,20,若松,一般,６　４４３６５　４６１　５６,2024-08-15,2024-08-20,20,若松,一般,１４４　３５６２３　１２,2024-06-25,2024-07-01,20,若松,一般,５　２１３４２　３６４６１５,2023-09-15,2023-09-20,20,若松,一般,１　４４３４５３６５１５
202608122011,2026-08-12,20,11R,4155,長野 壮志郎,2026-01-01,2026-01-06,20,若松,一般,１６３　２３２４５４１４,2025-09-22,2025-09-25,20,若松,一般,１　１４４３２２,2025-08-15,2025-08-20,20,若松,一般,２　３３１３１６１１[３],2024-06-14,2024-06-20,20,若松,一般,２２３３１５２　２４１６１５,2023-12-29,2024-01-03,20,若松,一般,２３５　３６２１２　１２,4364,池永 太,2026-05-01,2026-05-06,20,若松,一般,３１６２２　５２２４１２,2026-02-15,2026-02-20,20,若松,ＧⅠ,１　５４４４５　１５６,2026-01-01,2026-01-06,20,若松,一般,１２２１２２妨　３６３,2025-07-22,2025-07-28,20,若松,一般,１３１１２１２　　　[１],2024-08-15,2024-08-20,20,若松,一般,２３３１５２３２４１[４],5104,山田 丈,2026-05-09,2026-05-12,20,若松,一般,４５５　４　４１,2026-04-14,2026-04-19,20,若松,一般,F５４　４　５　５５５,2025-12-05,2025-12-10,20,若松,一般,１１３　４１３６５２[５],2025-08-15,2025-08-20,20,若松,一般,３２１１２６４　４４２２,2025-07-22,2025-07-28,20,若松,一般,４６２　５２４２２　１５,4545,岡村 慶太,2026-05-01,2026-05-06,20,若松,一般,２３１１　　２１３１[１],2026-03-10,2026-03-15,20,若松,ＧⅢ,６３１３１３２　４１[２],2025-12-05,2025-12-10,20,若松,一般,３４１１１２１４４１[１],2025-08-15,2025-08-20,20,若松,一般,２　１１４４２２１３３１,2025-07-22,2025-07-28,20,若松,一般,３１３　１１１４１　[３],4402,乙藤 智史,2026-04-14,2026-04-19,20,若松,一般,落　３１,2025-12-05,2025-12-10,20,若松,一般,５２５４３　２１２４５１,2025-08-15,2025-08-20,20,若松,一般,１１５　２３２２６６２６,2025-05-17,2025-05-20,20,若松,一般,６２３６５３２,2024-12-31,2025-01-06,20,若松,一般,１２２２２　２２５１４１[落],5158,宮脇 遼太,2026-05-15,2026-05-20,20,若松,一般,２３２　２１１３６１[５],2025-08-15,2025-08-20,20,若松,一般,４５６６３１３　１　１転,2025-04-24,2025-04-29,20,若松,一般,１２２２１　１６１２[４],2024-08-15,2024-08-20,20,若松,一般,１４６　１４３６１４１３,2024-07-06,2024-07-09,20,若松,一般,２４５　２４１３
202608122012,2026-08-12,20,12R,4932,新開 航,2026-02-15,2026-02-20,20,若松,ＧⅠ,１　２４５１１　３　３１,2025-08-26,2025-08-31,20,若松,ＳＧ,１転４　５　４５２　４,2025-08-15,2025-08-20,20,若松,一般,１４２　３５２１４２[４],2025-03-25,2025-03-30,20,若松,ＳＧ,１３３　F　４６２　５,2024-09-27,2024-10-02,20,若松,ＧⅠ,１　５６４　６　２６１６,4848,仲谷 颯仁,2026-02-15,2026-02-20,20,若松,ＧⅠ,１２２　２５４　４　３６,2025-08-26,2025-08-31,20,若松,ＳＧ,６２２　３　１３２　[５],2025-08-15,2025-08-20,20,若松,一般,２２２　２２１３２１[１],2025-03-25,2025-03-30,20,若松,ＳＧ,６２５　１　１３４　４４,2024-11-25,2024-11-28,20,若松,一般,１５５　３３１２,4148,枝尾 賢,2026-05-31,2026-06-05,20,若松,一般,２　２４１　２３１２[６],2025-12-05,2025-12-10,20,若松,一般,２５３　転５３　２　２２,2025-08-15,2025-08-20,20,若松,一般,転　６４５５４　４　４６,2025-06-13,2025-06-17,20,若松,一般,１１４４１３２２[５],2025-04-08,2025-04-12,20,若松,一般,３２２１３２[４],3783,瓜生 正義,2026-05-01,2026-05-06,20,若松,一般,２５２　２　２１１１[３],2026-02-15,2026-02-20,20,若松,ＧⅠ,４　６,2025-08-26,2025-08-31,20,若松,ＳＧ,２　２１３２２　１　[２],2025-07-14,2025-07-17,20,若松,一般,１３１２４１[１],2024-09-27,2024-10-02,20,若松,ＧⅠ,１　３４１　２２３　３２,4679,植田 太一,2026-07-31,2026-08-03,20,若松,一般,２１２　５５１６,2025-11-14,2025-11-18,20,若松,一般,１６４　３１４５５５,2025-07-07,2025-07-11,20,若松,一般,１　１２３２２３２１,2024-11-25,2024-11-28,20,若松,一般,１４１　１　１４,2024-07-30,2024-08-04,20,若松,一般,１２６　２　３２６２[２],5028,原田 才一郎,2026-04-14,2026-04-19,20,若松,一般,１３３１３１１　４１[１],2025-10-31,2025-11-05,20,若松,一般,２５１１１３１　３１[F],2025-09-04,2025-09-09,20,若松,一般,１４４３１　２５３６１２,2025-07-22,2025-07-28,20,若松,一般,１５１　１６１５２　[２],2025-06-28,2025-07-03,20,若松,一般,２１２１３１１　４１[６]
202608122101,2026-08-12,21,01R,4363,大野 芳顕,2025-12-29,2026-01-03,21,芦屋,一般,５３１３３　１４３３４２,2025-12-09,2025-12-13,21,芦屋,一般,２　１４３５１６２５,2025-09-10,2025-09-15,21,芦屋,一般,５４２４６３４　４　３４,2025-05-01,2025-05-06,21,芦屋,一般,４５６　５１３５５　２３,2025-02-22,2025-02-27,21,芦屋,一般,１３５　３６５４４　３２,5093,浦野 海,2026-04-25,2026-04-30,21,芦屋,一般,６　５６６　６５６　６,2025-12-29,2026-01-03,21,芦屋,一般,６６４　１４６２５　欠欠,2025-08-16,2025-08-21,21,芦屋,一般,５６６２１５６　５　３３,2025-06-15,2025-06-20,21,芦屋,ＧⅢ,６４４　１　４４３５１,2025-05-01,2025-05-06,21,芦屋,一般,３２２　３４２　３３３２,5203,神里 琴音,2025-08-07,2025-08-11,21,芦屋,一般,４４６　６　４５,2025-05-01,2025-05-06,21,芦屋,一般,３　６１５５４　１３５,2024-12-29,2025-01-03,21,芦屋,一般,６　２２４　２５３３６２,2024-09-18,2024-09-23,21,芦屋,一般,４　５２１　２５５５５６,2024-09-05,2024-09-10,21,芦屋,一般,　　　　　　　　６６５２,5012,加倉 侑征,2025-08-24,2025-08-27,21,芦屋,一般,４３１１４３１４,2025-06-15,2025-06-20,21,芦屋,ＧⅢ,４４５　２５４　４４６,2025-04-23,2025-04-27,21,芦屋,一般,５　１３１２３４１４,2025-03-14,2025-03-18,21,芦屋,一般,２６３　２１３３２１,2024-03-30,2024-04-03,21,芦屋,一般,４５１５５　４５２,5286,坂井 滉哉,2025-12-29,2026-01-03,21,芦屋,一般,２　５６４　６５６　３４,2025-08-16,2025-08-21,21,芦屋,一般,２　５６６　５５２　６６,2025-02-14,2025-02-17,21,芦屋,一般,５６５　６２１３,2024-10-25,2024-10-30,21,芦屋,一般,２　４４妨　F５６　６,2024-02-15,2024-02-18,21,芦屋,一般,２　５５４５６３,5276,大島 隆乃介,2025-12-29,2026-01-03,21,芦屋,一般,５３５　５６２　４　４妨,2025-08-16,2025-08-21,21,芦屋,一般,３４４　２１５　１５２４,2025-06-15,2025-06-20,21,芦屋,ＧⅢ,５　１　２１５　３　３２,2024-11-23,2024-11-28,21,芦屋,一般,５５５　３５３　３１５２,2024-08-24,2024-08-29,21,芦屋,一般,３　３６４　５２６６
202608122102,2026-08-12,21,02R,4551,三川 昂暁,2026-04-25,2026-04-30,21,芦屋,一般,３４４　１４３　３　２３,2025-12-29,2026-01-03,21,芦屋,一般,４２６　５２F４４　転,2025-08-16,2025-08-21,21,芦屋,一般,２６５　５４１４６　２４,2025-04-23,2025-04-27,21,芦屋,一般,２３２６６　６　５６,2024-11-16,2024-11-20,21,芦屋,一般,３６１６２　３４５１,5053,山口 広樹,2025-08-16,2025-08-21,21,芦屋,一般,１　６６４６２４６　５４,2025-06-15,2025-06-20,21,芦屋,ＧⅢ,２４６　６　１　５５５６,2024-05-09,2024-05-12,21,芦屋,一般,２　５６１５６６,2023-09-19,2023-09-24,21,芦屋,一般,　　　　　　　　４４４５,2023-01-28,2023-02-02,21,芦屋,一般,３６１　４　６３３　５２,5144,中尾 彩香,2025-11-29,2025-12-04,21,芦屋,一般,２３２　１５４　４５１４,2025-05-01,2025-05-06,21,芦屋,一般,５６４　１６５　２　３５,2023-11-09,2023-11-14,21,芦屋,ＧⅢ,２５３　５３３１５　１５,2023-01-28,2023-02-02,21,芦屋,一般,３６５　５　３６４　５２,2021-12-29,2022-01-03,21,芦屋,一般,４５５　６６４　５６５６,4189,川上 剛,2026-04-25,2026-04-30,21,芦屋,一般,４　１６３　２３３３[４],2025-12-29,2026-01-03,21,芦屋,一般,４　１２５２５１１４１１,2025-11-01,2025-11-05,21,芦屋,一般,１　１１３４１１[１],2025-08-16,2025-08-21,21,芦屋,一般,４　１３２１３５３３１６,2025-04-08,2025-04-13,21,芦屋,一般,１　２２３　１２２１[１],5105,富田 恕生,2026-05-24,2026-05-28,21,芦屋,一般,１６２２５　４４４３,2025-12-18,2025-12-23,21,芦屋,一般,２５１　２３６３６４４５,2025-11-01,2025-11-05,21,芦屋,一般,２４５４２　５３５,2025-08-16,2025-08-21,21,芦屋,一般,４　５２４　３６６１５,2025-06-15,2025-06-20,21,芦屋,ＧⅢ,４５３　６　エ４２４５,5370,日隈 茜,2025-11-29,2025-12-04,21,芦屋,一般,　　　　６６５６６　４,2025-05-25,2025-05-30,21,芦屋,ＧⅢ,　　６６６　５６６　６６,2025-04-08,2025-04-13,21,芦屋,一般,５　５　６６５　４６６５,2025-03-03,2025-03-08,21,芦屋,一般,６　６６６　６５６　６６,,,,,,
202608122103,2026-08-12,21,03R,4506,稗田 聖也,2026-04-25,2026-04-30,21,芦屋,一般,１　１２４　２６２３３１,2025-11-01,2025-11-05,21,芦屋,一般,３３２　１２１４１１,2025-05-01,2025-05-06,21,芦屋,一般,３１６　４３２２２４２４,2024-08-10,2024-08-15,21,芦屋,一般,５１１　２４１　１６３６,2024-02-22,2024-02-26,21,芦屋,一般,１１３２６３１２[４],4447,深川 麻奈美,2026-05-24,2026-05-28,21,芦屋,一般,４２３４２３６転１４,2025-12-09,2025-12-13,21,芦屋,一般,転１１　２２転,2025-04-23,2025-04-27,21,芦屋,一般,３　２４４３１４２４,2025-01-11,2025-01-16,21,芦屋,ＧⅢ,１２２５４　１３３５３２,2024-11-05,2024-11-10,21,芦屋,一般,１２転４４　１４２　３２,4193,郷原 章平,2026-04-25,2026-04-30,21,芦屋,一般,５２６　２　４６１　６１,2025-12-29,2026-01-03,21,芦屋,一般,１２５　１２４２２５３５,2025-08-16,2025-08-21,21,芦屋,一般,５２６５１３４　４　４１,2025-05-01,2025-05-06,21,芦屋,一般,１　２４２３３５３５欠欠,2025-03-03,2025-03-08,21,芦屋,一般,６　１１５３２６２４６２,5338,香月 大輝,2025-12-29,2026-01-03,21,芦屋,一般,３６５　５２２　４５４３,2025-08-07,2025-08-11,21,芦屋,一般,５　３４６５６５,2025-02-14,2025-02-17,21,芦屋,一般,６　６６５　３５,2024-10-25,2024-10-30,21,芦屋,一般,４　６５５　６５４　６６,,,,,,,4885,大山 千広,2026-02-11,2026-02-16,21,芦屋,一般,２　３１４　３４４３２１,2025-10-10,2025-10-15,21,芦屋,一般,３３２　４１２　転６１４,2022-06-28,2022-07-03,21,芦屋,ＧⅡ,３　３１５２２　３　３１,2021-11-07,2021-11-12,21,芦屋,一般,４５１２１３１５４F１,2021-08-25,2021-08-30,21,芦屋,一般,２３１１１１１２２１[],3352,小川 晃司,2026-04-25,2026-04-30,21,芦屋,一般,４２４　４５４　５４３,2025-12-29,2026-01-03,21,芦屋,一般,５３４　４３６　２転５,2025-08-16,2025-08-21,21,芦屋,一般,５　２３３　２３５６５５,2025-03-31,2025-04-03,21,芦屋,一般,３　５３２５５４,2024-09-27,2024-09-30,21,芦屋,一般,６　３２４４２１
202608122104,2026-08-12,21,04R,4831,羽野 直也,2026-05-15,2026-05-20,21,芦屋,ＧⅠ,３　１１２　４６６　１２,2026-04-25,2026-04-30,21,芦屋,一般,２４２１２　４２１１[１],2026-01-12,2026-01-17,21,芦屋,ＧⅠ,３１５　１　４４３　５１,2025-12-29,2026-01-03,21,芦屋,一般,３１１　１１６３３１[２],2025-08-16,2025-08-21,21,芦屋,一般,２５１６３３１　２３２３,4640,山ノ内 雅人,2025-12-29,2026-01-03,21,芦屋,一般,２５２　６３４５２　２１,2025-08-16,2025-08-21,21,芦屋,一般,２５５３２　２３２４４１,2025-05-01,2025-05-06,21,芦屋,一般,１　６３転欠,2025-03-31,2025-04-03,21,芦屋,一般,２５１２４１[５],2024-09-27,2024-09-30,21,芦屋,一般,１３４５２５１３,4936,戸敷 晃美,2026-02-11,2026-02-16,21,芦屋,一般,１４４３１２５　３１２６,2025-01-11,2025-01-16,21,芦屋,ＧⅢ,３　２３１２３４１６５３,2024-12-29,2025-01-03,21,芦屋,一般,４２転　６　２６３２５６,2024-10-19,2024-10-22,21,芦屋,一般,４　４２３　３３,2024-02-22,2024-02-26,21,芦屋,一般,３４４　１３３６１５,5212,西川 拓利,2026-03-26,2026-03-31,21,芦屋,ＧⅢ,３４２　１６６１４４４２,2025-12-29,2026-01-03,21,芦屋,一般,１　４６２　２５２６６５,2025-09-10,2025-09-15,21,芦屋,一般,１　２５２　３３１６４５,2025-01-23,2025-01-28,21,芦屋,一般,　　　　　　　　　　５５,2024-11-05,2024-11-10,21,芦屋,一般,６　６５５　６３４　４３,5328,井上 慧人,2026-04-25,2026-04-30,21,芦屋,一般,６　３４５　６６２　６,2025-12-29,2026-01-03,21,芦屋,一般,１　６３２　５５６６１５,2025-08-16,2025-08-21,21,芦屋,一般,４５２　５５５　３３６,2025-05-01,2025-05-06,21,芦屋,一般,５６５　５　５１６　６１,2025-02-14,2025-02-17,21,芦屋,一般,５転４　５２５５,4102,益田 啓司,2026-02-21,2026-02-26,21,芦屋,一般,１４１５３　１１１１[２],2025-05-01,2025-05-06,21,芦屋,一般,１４３２５　１３２１[２],2025-03-22,2025-03-27,21,芦屋,一般,１５１　１１３１２１[６],2024-08-10,2024-08-15,21,芦屋,一般,３５１６３３２　４５１２,2024-07-02,2024-07-07,21,芦屋,一般,２１３　１２１６１１[２]
202608122105,2026-08-12,21,05R,4288,永田 啓二,2026-06-25,2026-06-29,21,芦屋,一般,２１１１１１３１[１],2026-04-25,2026-04-30,21,芦屋,一般,３１１３１　１３４４２２,2025-12-29,2026-01-03,21,芦屋,一般,１５１２１１４　２１[１],2025-08-16,2025-08-21,21,芦屋,一般,２３１３５　１２５６１４,2025-06-04,2025-06-08,21,芦屋,一般,１１５　１１３１[３],4513,河野 真也,2026-04-25,2026-04-30,21,芦屋,一般,１　１２１　２５２３２１,2025-12-29,2026-01-03,21,芦屋,一般,２　不５１　３F３　５,2025-05-01,2025-05-06,21,芦屋,一般,４　３２５　３５５６４４,2025-03-03,2025-03-08,21,芦屋,一般,１２６４１　５３３３１３,2024-12-29,2025-01-03,21,芦屋,一般,２２４　１２５４４３１６,5093,浦野 海,2026-04-25,2026-04-30,21,芦屋,一般,６　５６６　６５６　６,2025-12-29,2026-01-03,21,芦屋,一般,６６４　１４６２５　欠欠,2025-08-16,2025-08-21,21,芦屋,一般,５６６２１５６　５　３３,2025-06-15,2025-06-20,21,芦屋,ＧⅢ,６４４　１　４４３５１,2025-05-01,2025-05-06,21,芦屋,一般,３２２　３４２　３３３２,4394,永嶋 裕一,2026-04-03,2026-04-07,21,芦屋,一般,４３４　３２５１１２,2025-08-16,2025-08-21,21,芦屋,一般,４１４　２３１　３３３３,2024-12-29,2025-01-03,21,芦屋,一般,４１４　４５４　１２２４,2024-08-24,2024-08-29,21,芦屋,一般,４１４　２２４　４３,2024-04-28,2024-05-03,21,芦屋,一般,３５４　５１４　４２３,5382,山下 心一,2026-06-15,2026-06-20,21,芦屋,一般,　　　　　　　　６６３６,2025-12-29,2026-01-03,21,芦屋,一般,６　５４５　１F４　２,2025-07-01,2025-07-06,21,芦屋,一般,５　６６５　６６２　４３,2025-01-23,2025-01-28,21,芦屋,一般,６　６５６　６６５　６６,2024-11-16,2024-11-20,21,芦屋,一般,６　６６６　６６６６,5029,中 亮太,2026-04-25,2026-04-30,21,芦屋,一般,２　１３４　１４１４１３,2025-08-16,2025-08-21,21,芦屋,一般,１４,2025-06-15,2025-06-20,21,芦屋,ＧⅢ,２　３４５　１２２　[３],2025-05-01,2025-05-06,21,芦屋,一般,１２２　５５４４２　３２,2025-02-14,2025-02-17,21,芦屋,一般,１６３２１１[３]
202608122106,2026-08-12,21,06R,4764,小池 礼乃,2025-11-29,2025-12-04,21,芦屋,一般,４４３５５４１　５６１６,2024-12-29,2025-01-03,21,芦屋,一般,６３６　５６６　４１５３,2024-07-25,2024-07-28,21,芦屋,一般,３４６　５５６３,2024-05-09,2024-05-12,21,芦屋,一般,６　６３６　３６,2024-03-23,2024-03-27,21,芦屋,一般,６　４　２２３３３６,5330,安河内鈴之介,2026-04-25,2026-04-30,21,芦屋,一般,２　１４５４５　１２転５,2026-03-26,2026-03-31,21,芦屋,ＧⅢ,６転,2025-12-29,2026-01-03,21,芦屋,一般,３　２４１　３３３３２１,2025-11-01,2025-11-05,21,芦屋,一般,４３１１４　４５１２,2025-09-19,2025-09-22,21,芦屋,一般,２　１５１２２転,5286,坂井 滉哉,2025-12-29,2026-01-03,21,芦屋,一般,２　５６４　６５６　３４,2025-08-16,2025-08-21,21,芦屋,一般,２　５６６　５５２　６６,2025-02-14,2025-02-17,21,芦屋,一般,５６５　６２１３,2024-10-25,2024-10-30,21,芦屋,一般,２　４４妨　F５６　６,2024-02-15,2024-02-18,21,芦屋,一般,２　５５４５６３,3514,山一 鉄也,2026-05-24,2026-05-28,21,芦屋,一般,２１２　１５２２[６],2026-04-25,2026-04-30,21,芦屋,一般,１３４　５４２　６５２,2025-11-18,2025-11-24,21,芦屋,一般,２１３　６６４　５　３４４１,2025-08-16,2025-08-21,21,芦屋,一般,１　４６６　２５４５１,2024-12-04,2024-12-08,21,芦屋,一般,１５１１１　４１[５],4773,中川 りな,2025-11-29,2025-12-04,21,芦屋,一般,３５１　５２２２２１[４],2025-10-10,2025-10-15,21,芦屋,一般,５４２５３３３　４４１５,2025-05-25,2025-05-30,21,芦屋,ＧⅢ,４　１２５６４２１　１４,2025-05-01,2025-05-06,21,芦屋,一般,３４１４４３３　５６４３,2025-01-11,2025-01-16,21,芦屋,ＧⅢ,４２１　１５３３１６１４,3876,中辻 崇人,2026-04-03,2026-04-07,21,芦屋,一般,３１１１２　３１[転],2025-11-18,2025-11-24,21,芦屋,一般,１４１４１　４２１１１２[１],2024-08-10,2024-08-15,21,芦屋,一般,６５１　２６２１１４１４,2024-06-04,2024-06-09,21,芦屋,ＧⅢ,１１５３１１１　１１[２],2024-01-09,2024-01-14,21,芦屋,ＧⅢ,１２４２１１１１４１[１]
202608122107,2026-08-12,21,07R,5105,富田 恕生,2026-05-24,2026-05-28,21,芦屋,一般,１６２２５　４４４３,2025-12-18,2025-12-23,21,芦屋,一般,２５１　２３６３６４４５,2025-11-01,2025-11-05,21,芦屋,一般,２４５４２　５３５,2025-08-16,2025-08-21,21,芦屋,一般,４　５２４　３６６１５,2025-06-15,2025-06-20,21,芦屋,ＧⅢ,４５３　６　エ４２４５,5338,香月 大輝,2025-12-29,2026-01-03,21,芦屋,一般,３６５　５２２　４５４３,2025-08-07,2025-08-11,21,芦屋,一般,５　３４６５６５,2025-02-14,2025-02-17,21,芦屋,一般,６　６６５　３５,2024-10-25,2024-10-30,21,芦屋,一般,４　６５５　６５４　６６,,,,,,,5308,藤森 拓海,2026-04-16,2026-04-21,21,芦屋,一般,４　５２２　６３３　５１,2026-01-27,2026-02-01,21,芦屋,一般,６　４６２　６３２３６２,2024-11-16,2024-11-20,21,芦屋,一般,３６６　５１６　２５,2024-04-19,2024-04-24,21,芦屋,一般,６６６　６６６　６６６,2024-03-11,2024-03-17,21,芦屋,一般,　　　　　　　　　　６６５６,5203,神里 琴音,2025-08-07,2025-08-11,21,芦屋,一般,４４６　６　４５,2025-05-01,2025-05-06,21,芦屋,一般,３　６１５５４　１３５,2024-12-29,2025-01-03,21,芦屋,一般,６　２２４　２５３３６２,2024-09-18,2024-09-23,21,芦屋,一般,４　５２１　２５５５５６,2024-09-05,2024-09-10,21,芦屋,一般,　　　　　　　　６６５２,5392,安武 一也,2026-06-15,2026-06-20,21,芦屋,一般,　　　　　　　　６６６６,2026-05-06,2026-05-10,21,芦屋,一般,　　　　　　　　６６,2026-03-12,2026-03-17,21,芦屋,一般,　　　　　　６６５６６５,2026-01-27,2026-02-01,21,芦屋,一般,　　　　　　６６６６６６,2025-12-29,2026-01-03,21,芦屋,一般,６６６　６６４　６　６２,5277,井上 未都,2025-10-10,2025-10-15,21,芦屋,一般,５　５４３　５１４　４,2025-05-25,2025-05-30,21,芦屋,ＧⅢ,３　１４４　１６６４３１,2024-11-05,2024-11-10,21,芦屋,一般,６　３６６　５３５　３５,2023-08-07,2023-08-13,21,芦屋,一般,６　４６６　６６６５６,,,,,,
202608122108,2026-08-12,21,08R,5144,中尾 彩香,2025-11-29,2025-12-04,21,芦屋,一般,２３２　１５４　４５１４,2025-05-01,2025-05-06,21,芦屋,一般,５６４　１６５　２　３５,2023-11-09,2023-11-14,21,芦屋,ＧⅢ,２５３　５３３１５　１５,2023-01-28,2023-02-02,21,芦屋,一般,３６５　５　３６４　５２,2021-12-29,2022-01-03,21,芦屋,一般,４５５　６６４　５６５６,4544,松田 大志郎,2026-05-15,2026-05-20,21,芦屋,ＧⅠ,２４F　１４１　３　３,2026-04-25,2026-04-30,21,芦屋,一般,１２３　１１２４１１[３],2026-01-12,2026-01-17,21,芦屋,ＧⅠ,２２５　１３５　１２１,2025-08-30,2025-09-04,21,芦屋,一般,１１３３１２１　１２[１],2025-07-29,2025-08-03,21,芦屋,一般,１１１１１１１　１３１１,4463,三苫 晃幸,2026-04-25,2026-04-30,21,芦屋,一般,３３２　６４３　３２１,2025-12-29,2026-01-03,21,芦屋,一般,５４３１１５２　２５３６,2025-11-09,2025-11-14,21,芦屋,一般,１２６２６４１　１６４５,2025-05-01,2025-05-06,21,芦屋,一般,２４４　６６６６,2024-12-29,2025-01-03,21,芦屋,一般,３４１３６　３４４　１１,4102,益田 啓司,2026-02-21,2026-02-26,21,芦屋,一般,１４１５３　１１１１[２],2025-05-01,2025-05-06,21,芦屋,一般,１４３２５　１３２１[２],2025-03-22,2025-03-27,21,芦屋,一般,１５１　１１３１２１[６],2024-08-10,2024-08-15,21,芦屋,一般,３５１６３３２　４５１２,2024-07-02,2024-07-07,21,芦屋,一般,２１３　１２１６１１[２],4447,深川 麻奈美,2026-05-24,2026-05-28,21,芦屋,一般,４２３４２３６転１４,2025-12-09,2025-12-13,21,芦屋,一般,転１１　２２転,2025-04-23,2025-04-27,21,芦屋,一般,３　２４４３１４２４,2025-01-11,2025-01-16,21,芦屋,ＧⅢ,１２２５４　１３３５３２,2024-11-05,2024-11-10,21,芦屋,一般,１２転４４　１４２　３２,5219,森口 和紀,2026-06-25,2026-06-29,21,芦屋,一般,５　５　４２２１５３,2026-05-06,2026-05-10,21,芦屋,一般,　　　　　　　　３２,2026-04-25,2026-04-30,21,芦屋,一般,６　６２５　６３３　５,2026-03-01,2026-03-06,21,芦屋,一般,４　２２１　１１４６５６,2025-12-29,2026-01-03,21,芦屋,一般,５　２６５　４４２　１転
202608122109,2026-08-12,21,09R,4640,山ノ内 雅人,2025-12-29,2026-01-03,21,芦屋,一般,２５２　６３４５２　２１,2025-08-16,2025-08-21,21,芦屋,一般,２５５３２　２３２４４１,2025-05-01,2025-05-06,21,芦屋,一般,１　６３転欠,2025-03-31,2025-04-03,21,芦屋,一般,２５１２４１[５],2024-09-27,2024-09-30,21,芦屋,一般,１３４５２５１３,4232,笠 雅雄,2026-04-03,2026-04-07,21,芦屋,一般,１　５４１　１２[３],2025-02-04,2025-02-09,21,芦屋,一般,２　３６４　５４４２５５,2024-05-09,2024-05-12,21,芦屋,一般,４４２　３４５１,2023-07-07,2023-07-12,21,芦屋,一般,３　４５６　６４２　３２,2022-08-11,2022-08-16,21,芦屋,一般,５４１　３　２５６６５２,5053,山口 広樹,2025-08-16,2025-08-21,21,芦屋,一般,１　６６４６２４６　５４,2025-06-15,2025-06-20,21,芦屋,ＧⅢ,２４６　６　１　５５５６,2024-05-09,2024-05-12,21,芦屋,一般,２　５６１５６６,2023-09-19,2023-09-24,21,芦屋,一般,　　　　　　　　４４４５,2023-01-28,2023-02-02,21,芦屋,一般,３６１　４　６３３　５２,5029,中 亮太,2026-04-25,2026-04-30,21,芦屋,一般,２　１３４　１４１４１３,2025-08-16,2025-08-21,21,芦屋,一般,１４,2025-06-15,2025-06-20,21,芦屋,ＧⅢ,２　３４５　１２２　[３],2025-05-01,2025-05-06,21,芦屋,一般,１２２　５５４４２　３２,2025-02-14,2025-02-17,21,芦屋,一般,１６３２１１[３],3352,小川 晃司,2026-04-25,2026-04-30,21,芦屋,一般,４２４　４５４　５４３,2025-12-29,2026-01-03,21,芦屋,一般,５３４　４３６　２転５,2025-08-16,2025-08-21,21,芦屋,一般,５　２３３　２３５６５５,2025-03-31,2025-04-03,21,芦屋,一般,３　５３２５５４,2024-09-27,2024-09-30,21,芦屋,一般,６　３２４４２１,4477,篠崎 仁志,2026-05-15,2026-05-20,21,芦屋,ＧⅠ,３　４３３　５　３５４,2026-04-25,2026-04-30,21,芦屋,一般,３３５１１　１５１６１４,2026-01-12,2026-01-17,21,芦屋,ＧⅠ,２　３　２４２　２　[６],2025-08-16,2025-08-21,21,芦屋,一般,１４３１３１３　２１[５],2024-08-01,2024-08-06,21,芦屋,ＧⅠ,５　２落３　２３６６３
202608122110,2026-08-12,21,10R,4736,高倉 和士,2026-05-15,2026-05-20,21,芦屋,ＧⅠ,４１５　６　６２３　６１,2026-04-25,2026-04-30,21,芦屋,一般,１５３　１２２１２２[２],2025-09-19,2025-09-22,21,芦屋,一般,３２１１１５１１,2025-08-16,2025-08-21,21,芦屋,一般,３１１２５　２４１５４２,2025-05-01,2025-05-06,21,芦屋,一般,３　４５１３３１１２[６],4936,戸敷 晃美,2026-02-11,2026-02-16,21,芦屋,一般,１４４３１２５　３１２６,2025-01-11,2025-01-16,21,芦屋,ＧⅢ,３　２３１２３４１６５３,2024-12-29,2025-01-03,21,芦屋,一般,４２転　６　２６３２５６,2024-10-19,2024-10-22,21,芦屋,一般,４　４２３　３３,2024-02-22,2024-02-26,21,芦屋,一般,３４４　１３３６１５,4773,中川 りな,2025-11-29,2025-12-04,21,芦屋,一般,３５１　５２２２２１[４],2025-10-10,2025-10-15,21,芦屋,一般,５４２５３３３　４４１５,2025-05-25,2025-05-30,21,芦屋,ＧⅢ,４　１２５６４２１　１４,2025-05-01,2025-05-06,21,芦屋,一般,３４１４４３３　５６４３,2025-01-11,2025-01-16,21,芦屋,ＧⅢ,４２１　１５３３１６１４,5210,藤井 公人,2026-07-02,2026-07-06,21,芦屋,一般,４　２１２４１３４１,2025-12-18,2025-12-23,21,芦屋,一般,４２２　２２３３４５２３,2024-12-14,2024-12-19,21,芦屋,ＧⅢ,　　　　　　　　　　２３,2024-08-24,2024-08-29,21,芦屋,一般,５５３　２転６４１,2024-06-21,2024-06-26,21,芦屋,一般,２２３　３５１２１３転５,4288,永田 啓二,2026-06-25,2026-06-29,21,芦屋,一般,２１１１１１３１[１],2026-04-25,2026-04-30,21,芦屋,一般,３１１３１　１３４４２２,2025-12-29,2026-01-03,21,芦屋,一般,１５１２１１４　２１[１],2025-08-16,2025-08-21,21,芦屋,一般,２３１３５　１２５６１４,2025-06-04,2025-06-08,21,芦屋,一般,１１５　１１３１[３],5073,上原 健次郎,2025-12-29,2026-01-03,21,芦屋,一般,５　４５３　４１５４２４,2024-11-16,2024-11-20,21,芦屋,一般,５５５　３５６５３３,2024-08-10,2024-08-15,21,芦屋,一般,５　６５５　３５５　３４,2024-04-19,2024-04-24,21,芦屋,一般,４　５６６　４１４　４４,2023-12-29,2024-01-03,21,芦屋,一般,５　３５３５６５３　３
202608122111,2026-08-12,21,11R,5330,安河内鈴之介,2026-04-25,2026-04-30,21,芦屋,一般,２　１４５４５　１２転５,2026-03-26,2026-03-31,21,芦屋,ＧⅢ,６転,2025-12-29,2026-01-03,21,芦屋,一般,３　２４１　３３３３２１,2025-11-01,2025-11-05,21,芦屋,一般,４３１１４　４５１２,2025-09-19,2025-09-22,21,芦屋,一般,２　１５１２２転,4189,川上 剛,2026-04-25,2026-04-30,21,芦屋,一般,４　１６３　２３３３[４],2025-12-29,2026-01-03,21,芦屋,一般,４　１２５２５１１４１１,2025-11-01,2025-11-05,21,芦屋,一般,１　１１３４１１[１],2025-08-16,2025-08-21,21,芦屋,一般,４　１３２１３５３３１６,2025-04-08,2025-04-13,21,芦屋,一般,１　２２３　１２２１[１],5012,加倉 侑征,2025-08-24,2025-08-27,21,芦屋,一般,４３１１４３１４,2025-06-15,2025-06-20,21,芦屋,ＧⅢ,４４５　２５４　４４６,2025-04-23,2025-04-27,21,芦屋,一般,５　１３１２３４１４,2025-03-14,2025-03-18,21,芦屋,一般,２６３　２１３３２１,2024-03-30,2024-04-03,21,芦屋,一般,４５１５５　４５２,4193,郷原 章平,2026-04-25,2026-04-30,21,芦屋,一般,５２６　２　４６１　６１,2025-12-29,2026-01-03,21,芦屋,一般,１２５　１２４２２５３５,2025-08-16,2025-08-21,21,芦屋,一般,５２６５１３４　４　４１,2025-05-01,2025-05-06,21,芦屋,一般,１　２４２３３５３５欠欠,2025-03-03,2025-03-08,21,芦屋,一般,６　１１５３２６２４６２,4831,羽野 直也,2026-05-15,2026-05-20,21,芦屋,ＧⅠ,３　１１２　４６６　１２,2026-04-25,2026-04-30,21,芦屋,一般,２４２１２　４２１１[１],2026-01-12,2026-01-17,21,芦屋,ＧⅠ,３１５　１　４４３　５１,2025-12-29,2026-01-03,21,芦屋,一般,３１１　１１６３３１[２],2025-08-16,2025-08-21,21,芦屋,一般,２５１６３３１　２３２３,4513,河野 真也,2026-04-25,2026-04-30,21,芦屋,一般,１　１２１　２５２３２１,2025-12-29,2026-01-03,21,芦屋,一般,２　不５１　３F３　５,2025-05-01,2025-05-06,21,芦屋,一般,４　３２５　３５５６４４,2025-03-03,2025-03-08,21,芦屋,一般,１２６４１　５３３３１３,2024-12-29,2025-01-03,21,芦屋,一般,２２４　１２５４４３１６
202608122112,2026-08-12,21,12R,4544,松田 大志郎,2026-05-15,2026-05-20,21,芦屋,ＧⅠ,２４F　１４１　３　３,2026-04-25,2026-04-30,21,芦屋,一般,１２３　１１２４１１[３],2026-01-12,2026-01-17,21,芦屋,ＧⅠ,２２５　１３５　１２１,2025-08-30,2025-09-04,21,芦屋,一般,１１３３１２１　１２[１],2025-07-29,2025-08-03,21,芦屋,一般,１１１１１１１　１３１１,4394,永嶋 裕一,2026-04-03,2026-04-07,21,芦屋,一般,４３４　３２５１１２,2025-08-16,2025-08-21,21,芦屋,一般,４１４　２３１　３３３３,2024-12-29,2025-01-03,21,芦屋,一般,４１４　４５４　１２２４,2024-08-24,2024-08-29,21,芦屋,一般,４１４　２２４　４３,2024-04-28,2024-05-03,21,芦屋,一般,３５４　５１４　４２３,4506,稗田 聖也,2026-04-25,2026-04-30,21,芦屋,一般,１　１２４　２６２３３１,2025-11-01,2025-11-05,21,芦屋,一般,３３２　１２１４１１,2025-05-01,2025-05-06,21,芦屋,一般,３１６　４３２２２４２４,2024-08-10,2024-08-15,21,芦屋,一般,５１１　２４１　１６３６,2024-02-22,2024-02-26,21,芦屋,一般,１１３２６３１２[４],4363,大野 芳顕,2025-12-29,2026-01-03,21,芦屋,一般,５３１３３　１４３３４２,2025-12-09,2025-12-13,21,芦屋,一般,２　１４３５１６２５,2025-09-10,2025-09-15,21,芦屋,一般,５４２４６３４　４　３４,2025-05-01,2025-05-06,21,芦屋,一般,４５６　５１３５５　２３,2025-02-22,2025-02-27,21,芦屋,一般,１３５　３６５４４　３２,3876,中辻 崇人,2026-04-03,2026-04-07,21,芦屋,一般,３１１１２　３１[転],2025-11-18,2025-11-24,21,芦屋,一般,１４１４１　４２１１１２[１],2024-08-10,2024-08-15,21,芦屋,一般,６５１　２６２１１４１４,2024-06-04,2024-06-09,21,芦屋,ＧⅢ,１１５３１１１　１１[２],2024-01-09,2024-01-14,21,芦屋,ＧⅢ,１２４２１１１１４１[１],5212,西川 拓利,2026-03-26,2026-03-31,21,芦屋,ＧⅢ,３４２　１６６１４４４２,2025-12-29,2026-01-03,21,芦屋,一般,１　４６２　２５２６６５,2025-09-10,2025-09-15,21,芦屋,一般,１　２５２　３３１６４５,2025-01-23,2025-01-28,21,芦屋,一般,　　　　　　　　　　５５,2024-11-05,2024-11-10,21,芦屋,一般,６　６５５　６３４　４３
202608122201,2026-08-12,22,01R,3898,平田 忠則,2026-03-10,2026-03-15,22,福岡,一般,１２　　１５３４１４１２,2025-09-21,2025-09-26,22,福岡,ＧⅢ,２２２３２　１３５１[２],2025-06-19,2025-06-24,22,福岡,一般,２２３３５　３２２１[２],2025-01-14,2025-01-19,22,福岡,一般,１４４４４　１１１３１１,2024-05-14,2024-05-19,22,福岡,一般,３２４　５欠,4151,下河 誉史,2026-07-10,2026-07-15,22,福岡,一般,３　１３２　１２３３３１,2024-08-17,2024-08-22,22,福岡,一般,６３６　５２４　１６６,2024-06-11,2024-06-16,22,福岡,一般,　　　　　　　　　　２３,2024-03-26,2024-03-31,22,福岡,一般,１５３　３３１３２１,2023-01-14,2023-01-20,22,福岡,一般,２６５　１５５　５３４２３２,4474,渡辺 崇,2026-07-10,2026-07-15,22,福岡,一般,１３２　２５２　４５１３,2025-09-21,2025-09-26,22,福岡,ＧⅢ,２　１５２４５４１６３６,2024-08-28,2024-09-03,22,福岡,一般,６４６　２４４　２３,2023-08-11,2023-08-16,22,福岡,一般,１　３５２３５５４　５３,2023-06-25,2023-06-30,22,福岡,一般,５２２　２２２３１５４５,3804,中渡 修作,2025-01-03,2025-01-09,22,福岡,一般,１　５６５　５５２６５,2022-10-25,2022-10-30,22,福岡,一般,５２６　４２６５４　４４,2021-06-23,2021-06-28,22,福岡,一般,１５４　１２１　１５落欠,2019-05-02,2019-05-07,22,福岡,一般,５６３３４４４　３４３,2019-03-26,2019-03-31,22,福岡,一般,６６,4674,池田 剛規,2025-12-25,2025-12-30,22,福岡,一般,２　１５５５４５４２１３,2025-09-01,2025-09-06,22,福岡,一般,２　２３４６１４４５１２,2025-08-11,2025-08-16,22,福岡,一般,５　２３４６３　４４１,2025-03-22,2025-03-27,22,福岡,一般,４１１　３６２　４３６３,2024-07-02,2024-07-07,22,福岡,一般,２４３５３５６　５６３４,5468,山口 隼人,2026-06-22,2026-06-27,22,福岡,一般,６　６６６　６６４　６６,,,,,,,,,,,,,,,,,,,,,,,,
202608122202,2026-08-12,22,02R,4957,竹之内 極,2026-04-29,2026-05-04,22,福岡,一般,３４３　２４２　５５４,2026-01-14,2026-01-19,22,福岡,一般,３４１　３６３３１５６５,2025-09-21,2025-09-26,22,福岡,ＧⅢ,１６５　６　４５１　５５,2025-06-19,2025-06-24,22,福岡,一般,落　３６１　５５１　３,2025-03-13,2025-03-18,22,福岡,一般,４６４　４３３６１　２３,4727,安部 慎一,2026-01-03,2026-01-08,22,福岡,一般,６５４　２　２３３６１４,2025-10-19,2025-10-24,22,福岡,一般,２５２　１３５２１３５１,2025-09-01,2025-09-06,22,福岡,一般,１６２　１５５　１６エ,2025-05-03,2025-05-08,22,福岡,一般,５　４５３　１２４　３２,2025-01-03,2025-01-09,22,福岡,一般,４５６　６２６　２６２　１６,4424,松尾 昂明,2026-04-29,2026-05-04,22,福岡,一般,１　５４４　５１１６１４,2026-03-10,2026-03-15,22,福岡,一般,１　３５４１４２１３１１,2025-10-01,2025-10-06,22,福岡,一般,１２５２３５２　１４３１,2025-08-01,2025-08-06,22,福岡,一般,２２２　４４３３２４１２,2025-05-03,2025-05-08,22,福岡,一般,２５５１２６４　１　１４,5018,竹下 大樹,2026-07-19,2026-07-24,22,福岡,ＧⅢ,２３転　５３３　１３２３,2026-04-29,2026-05-04,22,福岡,一般,１５３２２５１　３２[２],2026-04-11,2026-04-16,22,福岡,ＧⅠ,１　３４５　３　１４６１,2026-03-10,2026-03-15,22,福岡,一般,１４３１３　１２１２[６],2025-11-06,2025-11-11,22,福岡,一般,６２２　１転１６１４１,4485,楠原 正剛,2026-03-10,2026-03-15,22,福岡,一般,３３３３４３４　１４１３,2025-05-03,2025-05-08,22,福岡,一般,６２１２５　１４４６１４,2025-02-19,2025-02-24,22,福岡,一般,２２４２４　２３４６１４,2025-01-14,2025-01-19,22,福岡,一般,５５３４１２５　６４１１,2024-10-12,2024-10-17,22,福岡,一般,１６４　２１３　２６２４,5239,上野 俊樹,2026-07-10,2026-07-15,22,福岡,一般,３２１　５３１　２４５２,2025-11-06,2025-11-11,22,福岡,一般,６６１５４３１　５　３５,2025-05-03,2025-05-08,22,福岡,一般,４４５　５５４　３３６４,2025-01-03,2025-01-09,22,福岡,一般,２４１　１６１　２５２５２２,2024-09-06,2024-09-11,22,福岡,ＧⅢ,　　　　　　　　　　５４
202608122203,2026-08-12,22,03R,4336,松田 竜馬,2025-08-11,2025-08-16,22,福岡,一般,２３２５１４５　３５５５,2025-06-08,2025-06-13,22,福岡,一般,１　２６３２３６１５３５,2024-08-17,2024-08-22,22,福岡,一般,３４２　３４５　５６５,2024-01-03,2024-01-08,22,福岡,一般,３　１５３　１２４４１４,2023-12-10,2023-12-15,22,福岡,一般,６　４３転　２１３　２２,4866,橋本 英一,2025-12-25,2025-12-30,22,福岡,一般,３　５４５　１３３３２５,2025-08-11,2025-08-16,22,福岡,一般,２　１６２５４　１３６,2025-05-03,2025-05-08,22,福岡,一般,３６６　１５６　３６４５,2024-10-12,2024-10-17,22,福岡,一般,６　３５３　６６４　６６,2024-07-02,2024-07-07,22,福岡,一般,２２２６５３１　１４３３,4371,西山 貴浩,2026-04-11,2026-04-16,22,福岡,ＧⅠ,２　３４１　２４５　３３,2025-11-25,2025-11-30,22,福岡,ＳＧ,５　４３２１３　６　３４,2025-04-13,2025-04-18,22,福岡,ＧⅠ,４６３　３５,2024-12-08,2024-12-13,22,福岡,ＧⅠ,４　１４４２１　２　[６],2024-05-05,2024-05-10,22,福岡,一般,２６４２２　１３４４１５,4094,中島 真二,2026-06-22,2026-06-27,22,福岡,一般,３４２　１４２６１５２３,2026-04-20,2026-04-25,22,福岡,一般,６　落欠,2024-09-24,2024-09-29,22,福岡,一般,２　３６２　２６６４３２,2023-12-01,2023-12-06,22,福岡,ＧⅢ,４５３　３３１　３６３４,2023-05-03,2023-05-08,22,福岡,一般,６　２４３　６２６５３４,4395,下河 雅史,2026-07-10,2026-07-15,22,福岡,一般,１４２　１４２５１６１３,2026-02-28,2026-03-05,22,福岡,一般,２６２　２４５２３１５２,2025-11-15,2025-11-20,22,福岡,一般,３　２３５１５３５　１２,2025-09-21,2025-09-26,22,福岡,ＧⅢ,５６３４６４６　４　６３,2025-07-02,2025-07-07,22,福岡,一般,１　３４４５３転,5458,田中 大輝,2026-07-01,2026-07-06,22,福岡,一般,６６６　６５６　転　６６,2026-05-08,2026-05-13,22,福岡,一般,６　６４６　６４６　６６,,,,,,,,,,,,,,,,,,
202608122204,2026-08-12,22,04R,4495,森 晋太郎,2026-07-01,2026-07-06,22,福岡,一般,２３１　１６３　１６５６,2025-12-25,2025-12-30,22,福岡,一般,１２５１５　F４５　５,2025-10-28,2025-11-02,22,福岡,一般,１３４　２３３　４４１４,2025-01-03,2025-01-09,22,福岡,一般,３６５　４５２　６　４５２,2024-07-13,2024-07-18,22,福岡,一般,４５３６５　２　６２４,4296,岡崎 恭裕,2023-10-10,2023-10-15,22,福岡,ＧⅠ,６４２　１　２１５　６１,2023-08-22,2023-08-27,22,福岡,ＳＧ,４１３　５　３５２　４２,2023-08-11,2023-08-16,22,福岡,一般,４５３１２３２　６３３３,2023-01-03,2023-01-08,22,福岡,一般,１　３１４３１１１１[３],2022-11-13,2022-11-18,22,福岡,ＧⅠ,３３１　４２２　２　[１],4684,楠原 翔太,2026-07-10,2026-07-15,22,福岡,一般,３５４　５４３　４２２,2026-04-29,2026-05-04,22,福岡,一般,３３５　４３１　１６１６,2025-10-19,2025-10-24,22,福岡,一般,３３２５１　５２１３１１,2025-08-11,2025-08-16,22,福岡,一般,１　４３１１４　６１[２],2025-01-03,2025-01-09,22,福岡,一般,４５２　２６５　４６６　３３,3869,井芹 大志,2025-05-03,2025-05-08,22,福岡,一般,１　３６５　３３２４２３,2024-04-25,2024-04-30,22,福岡,一般,４５３　６３４　５６５,2023-09-09,2023-09-14,22,福岡,一般,３１１　１２３５４５２４,2023-01-24,2023-01-30,22,福岡,一般,２１１　３　３３５５２３,2022-12-19,2022-12-22,22,福岡,一般,２５２　２F６,4079,出畑 孝典,2026-04-29,2026-05-04,22,福岡,一般,４６１　２　４４３４１,2025-08-11,2025-08-16,22,福岡,一般,４１４　５２１１３２[３],2025-05-03,2025-05-08,22,福岡,一般,１４２１４５３　２　１１,2025-01-03,2025-01-09,22,福岡,一般,４６１　３４２５２３１３３３,2024-08-17,2024-08-22,22,福岡,一般,３　２６１６３２１５１２,5409,宮本 琉正,2026-07-10,2026-07-15,22,福岡,一般,５　３６４　６５６　６６,2026-04-29,2026-05-04,22,福岡,一般,６　６　転６６　６６６,2026-02-28,2026-03-05,22,福岡,一般,６６５　５６５　６　５６,2026-01-03,2026-01-08,22,福岡,一般,　　　　　　　　　　６６,2025-10-19,2025-10-24,22,福岡,一般,６転５　６６転　６６５
202608122205,2026-08-12,22,05R,4555,富永 大一,2026-04-29,2026-05-04,22,福岡,一般,１４４　２６２　４５５５,2025-08-11,2025-08-16,22,福岡,一般,６４５　２　４２６　５３,2025-06-19,2025-06-24,22,福岡,一般,５　２３１　２１４３３４,2025-02-19,2025-02-24,22,福岡,一般,３　４５３　２５３２５２,2024-07-02,2024-07-07,22,福岡,一般,１６１５１　３４２６１６,4122,安東 幸治,2026-04-29,2026-05-04,22,福岡,一般,５６１　４４妨　６　４,2025-08-11,2025-08-16,22,福岡,一般,４５１　４３５４２　１,2025-01-03,2025-01-09,22,福岡,一般,１５４１４６４　１２４６１６,2024-07-24,2024-07-29,22,福岡,一般,３１２４３　２５４３６１,2024-01-03,2024-01-08,22,福岡,一般,２３６　５５２　５６１,5092,篠原 晟弥,2026-07-19,2026-07-24,22,福岡,ＧⅢ,５２３　６　４４６２２,2026-04-29,2026-05-04,22,福岡,一般,１　１２１３２　３１[５],2025-08-11,2025-08-16,22,福岡,一般,１３２　３３２　１４１３,2025-07-02,2025-07-07,22,福岡,一般,１６２　４１２　１２[３],2025-05-03,2025-05-08,22,福岡,一般,２６２　３４２　２６２６,3662,大庭 元明,2026-01-03,2026-01-08,22,福岡,一般,５３１　５１５　４５２５,2025-05-03,2025-05-08,22,福岡,一般,２４３　４６１１３６１５,2024-05-05,2024-05-10,22,福岡,一般,４２５　２３６１１６３６,2022-11-22,2022-11-27,22,福岡,一般,１２２１４　４４１　２１,2022-10-15,2022-10-20,22,福岡,一般,２５５　４５２１４３３２,5240,高橋 龍治,2026-07-10,2026-07-15,22,福岡,一般,５６５　４５３　４６６,2025-12-25,2025-12-30,22,福岡,一般,２２２　６５５６２　６１,2025-08-11,2025-08-16,22,福岡,一般,５　１３５　４５３　５２,2025-07-02,2025-07-07,22,福岡,一般,３４６　F６６　５　５,2025-06-08,2025-06-13,22,福岡,一般,２　４２６５３　エ５４,4236,松村 敏,2026-07-10,2026-07-15,22,福岡,一般,１６２３１１３　１３２１,2026-04-29,2026-05-04,22,福岡,一般,１２３　２１転４２３３１,2026-01-03,2026-01-08,22,福岡,一般,３１１３３　２２１３３１,2025-12-15,2025-12-20,22,福岡,一般,４２１３１　１３１２[４],2025-09-11,2025-09-16,22,福岡,一般,２４２６３　１２２３１１
202608122206,2026-08-12,22,06R,5284,嘉手苅 徹哉,2026-07-10,2026-07-15,22,福岡,一般,１　４４３　転６２　６３,2026-04-29,2026-05-04,22,福岡,一般,３　５４２　２４２　５５,2025-11-06,2025-11-11,22,福岡,一般,５　５５３１６　６　６３,2025-09-01,2025-09-06,22,福岡,一般,５　６６６　５５６　６５,2025-03-13,2025-03-18,22,福岡,一般,　　　　　　　　３４３６,4121,富永 修一,2026-01-03,2026-01-08,22,福岡,一般,６５３　４３４２５　３１,2025-08-11,2025-08-16,22,福岡,一般,２５２４１　１３２４５２,2025-05-03,2025-05-08,22,福岡,一般,４３３　４４３６３　４６,2025-01-03,2025-01-09,22,福岡,一般,１　４２４２１４４　４４２４,2024-10-03,2024-10-08,22,福岡,一般,２２３　４４６　１　３２,5271,杉山 太陽,2025-11-15,2025-11-20,22,福岡,一般,５　１６１　２４落２６,2025-07-02,2025-07-07,22,福岡,一般,５２１　２　５４F４６,2025-03-13,2025-03-18,22,福岡,一般,　　　　　　　　５４３５,2024-09-15,2024-09-20,22,福岡,一般,　　　　　　　　４４６４,2024-04-04,2024-04-09,22,福岡,一般,　　　　　　　　　　６６,4957,竹之内 極,2026-04-29,2026-05-04,22,福岡,一般,３４３　２４２　５５４,2026-01-14,2026-01-19,22,福岡,一般,３４１　３６３３１５６５,2025-09-21,2025-09-26,22,福岡,ＧⅢ,１６５　６　４５１　５５,2025-06-19,2025-06-24,22,福岡,一般,落　３６１　５５１　３,2025-03-13,2025-03-18,22,福岡,一般,４６４　４３３６１　２３,4151,下河 誉史,2026-07-10,2026-07-15,22,福岡,一般,３　１３２　１２３３３１,2024-08-17,2024-08-22,22,福岡,一般,６３６　５２４　１６６,2024-06-11,2024-06-16,22,福岡,一般,　　　　　　　　　　２３,2024-03-26,2024-03-31,22,福岡,一般,１５３　３３１３２１,2023-01-14,2023-01-20,22,福岡,一般,２６５　１５５　５３４２３２,4350,篠崎 元志,2026-04-20,2026-04-25,22,福岡,一般,１１１２１　１１１１[１],2026-01-03,2026-01-08,22,福岡,一般,１２１１１３１　２１[１],2025-11-25,2025-11-30,22,福岡,ＳＧ,３５４　３　１４３　１２,2025-08-11,2025-08-16,22,福岡,一般,１２２１２　１４３３１１,2025-04-13,2025-04-18,22,福岡,ＧⅠ,５　２２１３２　１　[転]
202608122207,2026-08-12,22,07R,3627,井上 恵一,2026-05-08,2026-05-13,22,福岡,一般,３　６４４２５５４　３１,2025-09-21,2025-09-26,22,福岡,ＧⅢ,５２６５３　２　４３１,2025-08-21,2025-08-26,22,福岡,一般,２４５　２４２　５４１６,2025-05-03,2025-05-08,22,福岡,一般,２２２　３４４６４５１,2025-01-03,2025-01-09,22,福岡,一般,１　５５３　２１３４１６１５,5008,羽野 諒,2026-06-22,2026-06-27,22,福岡,一般,５　５４,2026-01-03,2026-01-08,22,福岡,一般,２３１　５２４４１６転６,2025-07-02,2025-07-07,22,福岡,一般,４２４　３３２　２４１５,2024-02-20,2024-02-25,22,福岡,一般,２３６　２５３　１５１４,2023-10-10,2023-10-15,22,福岡,ＧⅠ,　　　　　　１６５６４,4336,松田 竜馬,2025-08-11,2025-08-16,22,福岡,一般,２３２５１４５　３５５５,2025-06-08,2025-06-13,22,福岡,一般,１　２６３２３６１５３５,2024-08-17,2024-08-22,22,福岡,一般,３４２　３４５　５６５,2024-01-03,2024-01-08,22,福岡,一般,３　１５３　１２４４１４,2023-12-10,2023-12-15,22,福岡,一般,６　４３転　２１３　２２,5337,出畑 孝成,2026-07-10,2026-07-15,22,福岡,一般,６　３４６　４５５　４４,2026-05-08,2026-05-13,22,福岡,一般,３２５　２５３　２５４,2025-12-25,2025-12-30,22,福岡,一般,５５４　４３３　５１２２,2025-10-19,2025-10-24,22,福岡,一般,６４１　１F４　６　６,2025-08-11,2025-08-16,22,福岡,一般,４　６３５　５６６　２５,4727,安部 慎一,2026-01-03,2026-01-08,22,福岡,一般,６５４　２　２３３６１４,2025-10-19,2025-10-24,22,福岡,一般,２５２　１３５２１３５１,2025-09-01,2025-09-06,22,福岡,一般,１６２　１５５　１６エ,2025-05-03,2025-05-08,22,福岡,一般,５　４５３　１２４　３２,2025-01-03,2025-01-09,22,福岡,一般,４５６　６２６　２６２　１６,4566,塩田 北斗,2026-04-11,2026-04-16,22,福岡,ＧⅠ,６　１６４　４　４４３,2025-11-25,2025-11-30,22,福岡,ＳＧ,１　５２６　転　１６３,2025-04-04,2025-04-09,22,福岡,一般,１４３４３３１　３３１２,2025-01-03,2025-01-09,22,福岡,一般,３１５２２　３３５１６２[３],2024-09-06,2024-09-11,22,福岡,ＧⅢ,２１６３４１４　１３１２
202608122208,2026-08-12,22,08R,4504,前田 将太,2026-07-10,2026-07-15,22,福岡,一般,２３１６１　１３３１[４],2026-04-11,2026-04-16,22,福岡,ＧⅠ,５　３,2025-08-11,2025-08-16,22,福岡,一般,２２５　２１３５２６４４,2024-12-08,2024-12-13,22,福岡,ＧⅠ,４２４　３　１２４　２１,2024-08-17,2024-08-22,22,福岡,一般,２２１１３　１１３１[２],4674,池田 剛規,2025-12-25,2025-12-30,22,福岡,一般,２　１５５５４５４２１３,2025-09-01,2025-09-06,22,福岡,一般,２　２３４６１４４５１２,2025-08-11,2025-08-16,22,福岡,一般,５　２３４６３　４４１,2025-03-22,2025-03-27,22,福岡,一般,４１１　３６２　４３６３,2024-07-02,2024-07-07,22,福岡,一般,２４３５３５６　５６３４,5160,藤森 陸斗,2026-07-19,2026-07-24,22,福岡,ＧⅢ,６　３２５,2026-01-03,2026-01-08,22,福岡,一般,５３２　２５４６１　３２,2025-08-11,2025-08-16,22,福岡,一般,３　３５１　１５３５３５,2025-07-02,2025-07-07,22,福岡,一般,１６４　２１２４３４１３,2024-08-17,2024-08-22,22,福岡,一般,６６６　４６１　２５５,4495,森 晋太郎,2026-07-01,2026-07-06,22,福岡,一般,２３１　１６３　１６５６,2025-12-25,2025-12-30,22,福岡,一般,１２５１５　F４５　５,2025-10-28,2025-11-02,22,福岡,一般,１３４　２３３　４４１４,2025-01-03,2025-01-09,22,福岡,一般,３６５　４５２　６　４５２,2024-07-13,2024-07-18,22,福岡,一般,４５３６５　２　６２４,5237,永松 良教,2026-07-10,2026-07-15,22,福岡,一般,４　４４４　５５２　５５,2026-01-03,2026-01-08,22,福岡,一般,３　３１３３１５F落６,2025-10-19,2025-10-24,22,福岡,一般,２２６　１１６４４３４２,2025-08-11,2025-08-16,22,福岡,一般,５２１　４３２　６６３４,2025-07-02,2025-07-07,22,福岡,一般,１　２３４５６　３２５２,5018,竹下 大樹,2026-07-19,2026-07-24,22,福岡,ＧⅢ,２３転　５３３　１３２３,2026-04-29,2026-05-04,22,福岡,一般,１５３２２５１　３２[２],2026-04-11,2026-04-16,22,福岡,ＧⅠ,１　３４５　３　１４６１,2026-03-10,2026-03-15,22,福岡,一般,１４３１３　１２１２[６],2025-11-06,2025-11-11,22,福岡,一般,６２２　１転１６１４１
202608122209,2026-08-12,22,09R,4451,松崎 祐太郎,2026-07-10,2026-07-15,22,福岡,一般,３５１　６欠,2025-11-15,2025-11-20,22,福岡,一般,１６５　１３１３３１[５],2025-10-01,2025-10-06,22,福岡,一般,不欠,2025-07-02,2025-07-07,22,福岡,一般,１４５４２　４１３３１１,2024-08-17,2024-08-22,22,福岡,一般,６１３２６　１２４５１３,4395,下河 雅史,2026-07-10,2026-07-15,22,福岡,一般,１４２　１４２５１６１３,2026-02-28,2026-03-05,22,福岡,一般,２６２　２４５２３１５２,2025-11-15,2025-11-20,22,福岡,一般,３　２３５１５３５　１２,2025-09-21,2025-09-26,22,福岡,ＧⅢ,５６３４６４６　４　６３,2025-07-02,2025-07-07,22,福岡,一般,１　３４４５３転,4709,岡村 将也,2026-05-08,2026-05-13,22,福岡,一般,２４３４２　３３１２[６],2025-12-25,2025-12-30,22,福岡,一般,２５６　４４２３１４６２,2025-09-01,2025-09-06,22,福岡,一般,２　２１３４１３２２[４],2024-09-24,2024-09-29,22,福岡,一般,１　２６３５２５２　１６,2023-10-22,2023-10-27,22,福岡,一般,４６１３３６転欠,4555,富永 大一,2026-04-29,2026-05-04,22,福岡,一般,１４４　２６２　４５５５,2025-08-11,2025-08-16,22,福岡,一般,６４５　２　４２６　５３,2025-06-19,2025-06-24,22,福岡,一般,５　２３１　２１４３３４,2025-02-19,2025-02-24,22,福岡,一般,３　４５３　２５３２５２,2024-07-02,2024-07-07,22,福岡,一般,１６１５１　３４２６１６,4424,松尾 昂明,2026-04-29,2026-05-04,22,福岡,一般,１　５４４　５１１６１４,2026-03-10,2026-03-15,22,福岡,一般,１　３５４１４２１３１１,2025-10-01,2025-10-06,22,福岡,一般,１２５２３５２　１４３１,2025-08-01,2025-08-06,22,福岡,一般,２２２　４４３３２４１２,2025-05-03,2025-05-08,22,福岡,一般,２５５１２６４　１　１４,4684,楠原 翔太,2026-07-10,2026-07-15,22,福岡,一般,３５４　５４３　４２２,2026-04-29,2026-05-04,22,福岡,一般,３３５　４３１　１６１６,2025-10-19,2025-10-24,22,福岡,一般,３３２５１　５２１３１１,2025-08-11,2025-08-16,22,福岡,一般,１　４３１１４　６１[２],2025-01-03,2025-01-09,22,福岡,一般,４５２　２６５　４６６　３３
202608122210,2026-08-12,22,10R,4330,奈須 啓太,2026-07-10,2026-07-15,22,福岡,一般,１　３３６５２２１６１４,2026-01-03,2026-01-08,22,福岡,一般,１３１　６４１６５２[５],2025-06-19,2025-06-24,22,福岡,一般,１１１　３１４　５１[１],2025-04-04,2025-04-09,22,福岡,一般,５　１２１４５　１６２６,2025-01-14,2025-01-19,22,福岡,一般,６　１２１１１２３１[３],4079,出畑 孝典,2026-04-29,2026-05-04,22,福岡,一般,４６１　２　４４３４１,2025-08-11,2025-08-16,22,福岡,一般,４１４　５２１１３２[３],2025-05-03,2025-05-08,22,福岡,一般,１４２１４５３　２　１１,2025-01-03,2025-01-09,22,福岡,一般,４６１　３４２５２３１３３３,2024-08-17,2024-08-22,22,福岡,一般,３　２６１６３２１５１２,4485,楠原 正剛,2026-03-10,2026-03-15,22,福岡,一般,３３３３４３４　１４１３,2025-05-03,2025-05-08,22,福岡,一般,６２１２５　１４４６１４,2025-02-19,2025-02-24,22,福岡,一般,２２４２４　２３４６１４,2025-01-14,2025-01-19,22,福岡,一般,５５３４１２５　６４１１,2024-10-12,2024-10-17,22,福岡,一般,１６４　２１３　２６２４,4236,松村 敏,2026-07-10,2026-07-15,22,福岡,一般,１６２３１１３　１３２１,2026-04-29,2026-05-04,22,福岡,一般,１２３　２１転４２３３１,2026-01-03,2026-01-08,22,福岡,一般,３１１３３　２２１３３１,2025-12-15,2025-12-20,22,福岡,一般,４２１３１　１３１２[４],2025-09-11,2025-09-16,22,福岡,一般,２４２６３　１２２３１１,3804,中渡 修作,2025-01-03,2025-01-09,22,福岡,一般,１　５６５　５５２６５,2022-10-25,2022-10-30,22,福岡,一般,５２６　４２６５４　４４,2021-06-23,2021-06-28,22,福岡,一般,１５４　１２１　１５落欠,2019-05-02,2019-05-07,22,福岡,一般,５６３３４４４　３４３,2019-03-26,2019-03-31,22,福岡,一般,６６,4121,富永 修一,2026-01-03,2026-01-08,22,福岡,一般,６５３　４３４２５　３１,2025-08-11,2025-08-16,22,福岡,一般,２５２４１　１３２４５２,2025-05-03,2025-05-08,22,福岡,一般,４３３　４４３６３　４６,2025-01-03,2025-01-09,22,福岡,一般,１　４２４２１４４　４４２４,2024-10-03,2024-10-08,22,福岡,一般,２２３　４４６　１　３２
202608122211,2026-08-12,22,11R,4737,竹井 貴史,2025-03-13,2025-03-18,22,福岡,一般,２１F　F,2024-12-08,2024-12-13,22,福岡,ＧⅠ,４　１４２　５６３２３６,2024-08-28,2024-09-03,22,福岡,一般,４１１２２　４１[１],2024-07-02,2024-07-07,22,福岡,一般,１４１１５　２１１１[１],2024-01-03,2024-01-08,22,福岡,一般,５６４　２２２４１４１２,3627,井上 恵一,2026-05-08,2026-05-13,22,福岡,一般,３　６４４２５５４　３１,2025-09-21,2025-09-26,22,福岡,ＧⅢ,５２６５３　２　４３１,2025-08-21,2025-08-26,22,福岡,一般,２４５　２４２　５４１６,2025-05-03,2025-05-08,22,福岡,一般,２２２　３４４６４５１,2025-01-03,2025-01-09,22,福岡,一般,１　５５３　２１３４１６１５,5239,上野 俊樹,2026-07-10,2026-07-15,22,福岡,一般,３２１　５３１　２４５２,2025-11-06,2025-11-11,22,福岡,一般,６６１５４３１　５　３５,2025-05-03,2025-05-08,22,福岡,一般,４４５　５５４　３３６４,2025-01-03,2025-01-09,22,福岡,一般,２４１　１６１　２５２５２２,2024-09-06,2024-09-11,22,福岡,ＧⅢ,　　　　　　　　　　５４,4350,篠崎 元志,2026-04-20,2026-04-25,22,福岡,一般,１１１２１　１１１１[１],2026-01-03,2026-01-08,22,福岡,一般,１２１１１３１　２１[１],2025-11-25,2025-11-30,22,福岡,ＳＧ,３５４　３　１４３　１２,2025-08-11,2025-08-16,22,福岡,一般,１２２１２　１４３３１１,2025-04-13,2025-04-18,22,福岡,ＧⅠ,５　２２１３２　１　[転],4122,安東 幸治,2026-04-29,2026-05-04,22,福岡,一般,５６１　４４妨　６　４,2025-08-11,2025-08-16,22,福岡,一般,４５１　４３５４２　１,2025-01-03,2025-01-09,22,福岡,一般,１５４１４６４　１２４６１６,2024-07-24,2024-07-29,22,福岡,一般,３１２４３　２５４３６１,2024-01-03,2024-01-08,22,福岡,一般,２３６　５５２　５６１,4474,渡辺 崇,2026-07-10,2026-07-15,22,福岡,一般,１３２　２５２　４５１３,2025-09-21,2025-09-26,22,福岡,ＧⅢ,２　１５２４５４１６３６,2024-08-28,2024-09-03,22,福岡,一般,６４６　２４４　２３,2023-08-11,2023-08-16,22,福岡,一般,１　３５２３５５４　５３,2023-06-25,2023-06-30,22,福岡,一般,５２２　２２２３１５４５
202608122212,2026-08-12,22,12R,4371,西山 貴浩,2026-04-11,2026-04-16,22,福岡,ＧⅠ,２　３４１　２４５　３３,2025-11-25,2025-11-30,22,福岡,ＳＧ,５　４３２１３　６　３４,2025-04-13,2025-04-18,22,福岡,ＧⅠ,４６３　３５,2024-12-08,2024-12-13,22,福岡,ＧⅠ,４　１４４２１　２　[６],2024-05-05,2024-05-10,22,福岡,一般,２６４２２　１３４４１５,4504,前田 将太,2026-07-10,2026-07-15,22,福岡,一般,２３１６１　１３３１[４],2026-04-11,2026-04-16,22,福岡,ＧⅠ,５　３,2025-08-11,2025-08-16,22,福岡,一般,２２５　２１３５２６４４,2024-12-08,2024-12-13,22,福岡,ＧⅠ,４２４　３　１２４　２１,2024-08-17,2024-08-22,22,福岡,一般,２２１１３　１１３１[２],3898,平田 忠則,2026-03-10,2026-03-15,22,福岡,一般,１２　　１５３４１４１２,2025-09-21,2025-09-26,22,福岡,ＧⅢ,２２２３２　１３５１[２],2025-06-19,2025-06-24,22,福岡,一般,２２３３５　３２２１[２],2025-01-14,2025-01-19,22,福岡,一般,１４４４４　１１１３１１,2024-05-14,2024-05-19,22,福岡,一般,３２４　５欠,4566,塩田 北斗,2026-04-11,2026-04-16,22,福岡,ＧⅠ,６　１６４　４　４４３,2025-11-25,2025-11-30,22,福岡,ＳＧ,１　５２６　転　１６３,2025-04-04,2025-04-09,22,福岡,一般,１４３４３３１　３３１２,2025-01-03,2025-01-09,22,福岡,一般,３１５２２　３３５１６２[３],2024-09-06,2024-09-11,22,福岡,ＧⅢ,２１６３４１４　１３１２,4296,岡崎 恭裕,2023-10-10,2023-10-15,22,福岡,ＧⅠ,６４２　１　２１５　６１,2023-08-22,2023-08-27,22,福岡,ＳＧ,４１３　５　３５２　４２,2023-08-11,2023-08-16,22,福岡,一般,４５３１２３２　６３３３,2023-01-03,2023-01-08,22,福岡,一般,１　３１４３１１１１[３],2022-11-13,2022-11-18,22,福岡,ＧⅠ,３３１　４２２　２　[１],5092,篠原 晟弥,2026-07-19,2026-07-24,22,福岡,ＧⅢ,５２３　６　４４６２２,2026-04-29,2026-05-04,22,福岡,一般,１　１２１３２　３１[５],2025-08-11,2025-08-16,22,福岡,一般,１３２　３３２　１４１３,2025-07-02,2025-07-07,22,福岡,一般,１６２　４１２　１２[３],2025-05-03,2025-05-08,22,福岡,一般,２６２　３４２　２６２６
202608122301,2026-08-12,23,01R,4445,宮地 元輝,2026-05-01,2026-05-06,23,からつ,一般,１２１２１６４　３２[１],2026-01-30,2026-02-04,23,からつ,ＧⅠ,３１２　５１６　３　５１,2025-12-27,2026-01-01,23,からつ,一般,４　２１２５１３１２[３],2025-06-05,2025-06-10,23,からつ,ＧⅠ,６　２１６　２３４　１３,2025-04-29,2025-05-04,23,からつ,一般,１４１２４　１４６５４３,4720,西澤 日花里,2025-07-07,2025-07-12,23,からつ,一般,５１６　３６３４５　３,2024-09-23,2024-09-26,23,からつ,一般,５６６　６５落,2024-02-14,2024-02-19,23,からつ,一般,１１４　１４２３２３２１,2023-11-28,2023-12-01,23,からつ,一般,６　６２４５５,2023-02-15,2023-02-20,23,からつ,一般,１３３４２　２２２３２２,3722,西村 秀樹,2026-05-10,2026-05-14,23,からつ,一般,５転５６５　３２４,2023-12-04,2023-12-09,23,からつ,一般,４５４　５５５５３　５,2023-04-05,2023-04-09,23,からつ,一般,５　６３３５２６６,2022-07-06,2022-07-11,23,からつ,一般,４６３　１　５５４　３２,2020-09-23,2020-09-28,23,からつ,一般,５　５６６,4552,杉山 勝匡,2026-05-10,2026-05-14,23,からつ,一般,F　３　６　１６６,2025-12-27,2026-01-01,23,からつ,一般,３５５　１６６　１　６２,2025-08-10,2025-08-15,23,からつ,一般,４　２５２５５１１　３２,2025-06-29,2025-07-03,23,からつ,一般,５５５　３５６３３,2025-05-08,2025-05-11,23,からつ,一般,３　４　４２５４,3974,深山 祐二,2026-07-10,2026-07-15,23,からつ,一般,４１１　３６３　２６５３,2026-05-10,2026-05-14,23,からつ,一般,３　３４３１２４５４,2025-12-27,2026-01-01,23,からつ,一般,５　３６３　３６３　６,2025-08-10,2025-08-15,23,からつ,一般,６２５　６３,2025-04-29,2025-05-04,23,からつ,一般,２　６５４４４　６５１,5462,山浦 槙,2026-05-01,2026-05-06,23,からつ,一般,６　５　６６４６５５５,,,,,,,,,,,,,,,,,,,,,,,,
202608122302,2026-08-12,23,02R,5121,定松 勇樹,2026-05-01,2026-05-06,23,からつ,一般,２４２１１３４　１２[２],2026-03-17,2026-03-22,23,からつ,ＧⅡ,１　２２６　１１１　[４],2026-01-30,2026-02-04,23,からつ,ＧⅠ,転１２　１　４１２　[１],2025-12-27,2026-01-01,23,からつ,一般,５　４２１３２１３２[２],2025-06-05,2025-06-10,23,からつ,ＧⅠ,３４２　３　２５１　２３,3566,川添 英正,2026-04-17,2026-04-20,23,からつ,一般,３５３　１　６５,2025-06-29,2025-07-03,23,からつ,一般,１２５４１　１３２４,2024-10-19,2024-10-24,23,からつ,一般,４１６　３６５　５　３,2024-05-24,2024-05-29,23,からつ,一般,５　５５１３３３４　４,2023-12-12,2023-12-17,23,からつ,ＧⅢ,３　５２２４２　５３６４,4503,上野 真之介,2026-07-10,2026-07-15,23,からつ,一般,２１１１１　２１１１[１],2026-05-01,2026-05-06,23,からつ,一般,２　１５１２１１１１[５],2026-03-17,2026-03-22,23,からつ,ＧⅡ,４２５　１４１　５　１２,2026-01-30,2026-02-04,23,からつ,ＧⅠ,２５５　２　３１６　１４,2025-12-27,2026-01-01,23,からつ,一般,２　１１２４１１１転,5307,富永 夏哉人,2026-06-22,2026-06-27,23,からつ,一般,２　５２６３６１１　６６,2026-05-01,2026-05-06,23,からつ,一般,４５２　２４３　４　３４,2025-12-27,2026-01-01,23,からつ,一般,３　６４１２６　３　１４,2025-09-05,2025-09-10,23,からつ,一般,５　３３２　１１２３３１,2025-08-10,2025-08-15,23,からつ,一般,２５６　５　４６５４５,3809,吉田 光,2026-05-01,2026-05-06,23,からつ,一般,４　２３３　５４４　２５,2025-12-27,2026-01-01,23,からつ,一般,１　４４４　３４３４２転,2025-08-10,2025-08-15,23,からつ,一般,４４３　４３５　４　４５,2025-04-29,2025-05-04,23,からつ,一般,５　５６４　６４１　３４,2024-09-30,2024-10-05,23,からつ,一般,４　２６３４４　２２１１,5428,古園井 綾南,2026-05-01,2026-05-06,23,からつ,一般,６　６６６　エ６F　６,2026-04-08,2026-04-13,23,からつ,ＧⅢ,転　６６６６４　６　５,2025-12-14,2025-12-17,23,からつ,一般,６６６　６６６,,,,,,,,,,,,
202608122303,2026-08-12,23,03R,4734,安河内 将,2026-06-30,2026-07-05,23,からつ,一般,１６２２３　２３４２[３],2026-05-01,2026-05-06,23,からつ,一般,１１３　１３２３２５１４,2026-02-23,2026-02-28,23,からつ,一般,２３２　１１１２２１[１],2026-01-30,2026-02-04,23,からつ,ＧⅠ,２３３　６　３２５　１５,2025-08-10,2025-08-15,23,からつ,一般,３　２５１４２１１２[５],3784,中島 友和,2026-05-01,2026-05-06,23,からつ,一般,４　３５３３６　３　欠欠,2026-03-28,2026-04-02,23,からつ,一般,６　５４１　５３１　３１,2025-12-14,2025-12-17,23,からつ,一般,１　２５５１[２],2025-08-19,2025-08-24,23,からつ,一般,２　３５５１３　３２１２,2025-06-14,2025-06-17,23,からつ,一般,３　１１１　[３],4879,山崎 鉄平,2025-12-14,2025-12-17,23,からつ,一般,２１５２１２[３],2025-08-10,2025-08-15,23,からつ,一般,２４転　４５１３４　５３,2025-07-16,2025-07-20,23,からつ,一般,２　２５５４６４３２,2025-03-16,2025-03-21,23,からつ,一般,５　３３落６,2024-12-29,2025-01-03,23,からつ,一般,１　転６５　４１２１５１,5312,川辺 郭人,2026-07-10,2026-07-15,23,からつ,一般,４４F　６　５　５　６,2026-06-30,2026-07-05,23,からつ,一般,　　　　　　　　　　４６,2026-05-10,2026-05-14,23,からつ,一般,１５３４６　１　５４,2026-03-28,2026-04-02,23,からつ,一般,　　　　　　　　　　６５,2026-02-15,2026-02-19,23,からつ,一般,３　６４４　５２６３,4072,森永 淳,2026-07-21,2026-07-26,23,からつ,一般,１１１　１３２１２５１２,2026-04-23,2026-04-28,23,からつ,一般,　　　　　　　　　　２６,2026-03-17,2026-03-22,23,からつ,ＧⅡ,６６１　４５６　３２１,2025-12-27,2026-01-01,23,からつ,一般,２３１２１　１２４１[４],2025-09-21,2025-09-26,23,からつ,一般,５１１４２４１　２３６１,5412,久保田 凪紗,2026-05-01,2026-05-06,23,からつ,一般,６　６６２５４　５６６,2026-04-08,2026-04-13,23,からつ,ＧⅢ,６　５　６　５６６　４６,2026-01-04,2026-01-09,23,からつ,ＧⅢ,６　６６５　６６６５６,2025-12-14,2025-12-17,23,からつ,一般,６６６　６　６５,2025-09-21,2025-09-26,23,からつ,一般,６　５６４６６　６５６
202608122304,2026-08-12,23,04R,3752,宇土 泰就,2026-05-10,2026-05-14,23,からつ,一般,６６６　４３４５２,2024-12-29,2025-01-03,23,からつ,一般,３４５　６６６　３　４６,2023-08-24,2023-08-29,23,からつ,一般,転１６　５４４１５　５,2023-03-17,2023-03-21,23,からつ,一般,４　１５４４４　２３,2022-07-29,2022-08-03,23,からつ,ＧⅢ,６２６　３２６２２　４１,4531,武富 智亮,2026-05-01,2026-05-06,23,からつ,一般,１１３　２３１５２６２６,2026-03-17,2026-03-22,23,からつ,ＧⅡ,３　４１１　３２６　１３,2026-01-30,2026-02-04,23,からつ,ＧⅠ,４　２　２４２　５　１４,2025-12-27,2026-01-01,23,からつ,一般,１１５　４２２　３４２２,2025-09-14,2025-09-18,23,からつ,一般,１５１４２　１１[２],4100,松田 隆司,2026-01-14,2026-01-19,23,からつ,一般,２　６１１　１６３５３６,2024-11-30,2024-12-06,23,からつ,一般,５　５５６１６　５４６　４５,2024-08-19,2024-08-23,23,からつ,一般,５１５　５２５　６２,2023-01-07,2023-01-11,23,からつ,一般,２５２　６５６５６６,2022-06-30,2022-07-03,23,からつ,一般,２６２４３３４１,4515,藤田 浩人,2026-05-29,2026-06-02,23,からつ,一般,１　１４２１５２[６],2026-05-01,2026-05-06,23,からつ,一般,３３６　２５３４４　１４,2026-03-17,2026-03-22,23,からつ,ＧⅡ,３　４４２　５３２　６５,2026-02-15,2026-02-19,23,からつ,一般,１４３　４２１２[５],2025-12-27,2026-01-01,23,からつ,一般,６２２　３５１　１６１３,3623,深川 真二,2026-06-09,2026-06-14,23,からつ,一般,１１１　２２５１２１[１],2026-05-01,2026-05-06,23,からつ,一般,２３２２１　１３２３２１,2026-03-17,2026-03-22,23,からつ,ＧⅡ,１１６　１１１　１　[５],2026-01-30,2026-02-04,23,からつ,ＧⅠ,５５１　５２４　４２１,2025-12-27,2026-01-01,23,からつ,一般,１１２３２　１４１３１１,5451,知念 伶奈,2026-05-01,2026-05-06,23,からつ,一般,６　F６６　６　５　５,,,,,,,,,,,,,,,,,,,,,,,,
202608122305,2026-08-12,23,05R,4143,浦田 晃嗣,2026-05-01,2026-05-06,23,からつ,一般,６　４３４　６６５５６,2026-02-08,2026-02-11,23,からつ,一般,５　２３６１４１,2025-12-27,2026-01-01,23,からつ,一般,２４５　２　６４６　３３,2025-09-14,2025-09-18,23,からつ,一般,４　６１５３５５５,2025-08-10,2025-08-15,23,からつ,一般,５　５３５　５５６５４,3998,冨成 謙児,2026-07-21,2026-07-26,23,からつ,一般,５　５２６　２４６２３,2026-05-29,2026-06-02,23,からつ,一般,１　１４５４４３１２,2026-05-01,2026-05-06,23,からつ,一般,３４３　５５２　２　２４,2025-12-27,2026-01-01,23,からつ,一般,５２３　５３２　５　４２,2025-08-10,2025-08-15,23,からつ,一般,３３２　４　３６４２５３,5026,安河内 健,2026-05-10,2026-05-14,23,からつ,一般,転３１　４２４,2026-03-17,2026-03-22,23,からつ,ＧⅡ,３３５　６　１３２６５,2026-01-30,2026-02-04,23,からつ,ＧⅠ,５　２　２５４　２５６,2025-12-27,2026-01-01,23,からつ,一般,１　２２４６２５５落１５,2025-08-10,2025-08-15,23,からつ,一般,４５１３６　１３３５１４,3508,久富 政弘,2026-06-09,2026-06-14,23,からつ,一般,２５２　３６３　２　４６,2026-02-08,2026-02-11,23,からつ,一般,１２４　１４６２,2025-12-27,2026-01-01,23,からつ,一般,５５３　２４１　３　６１,2025-08-10,2025-08-15,23,からつ,一般,３４４　５　４３５３６６,2025-05-19,2025-05-24,23,からつ,一般,２２４　３２５　３４２４,5263,花田 凱成,2026-05-29,2026-06-02,23,からつ,一般,４５４　６６４　３２,2024-05-24,2024-05-29,23,からつ,一般,４　５６１　６落,2024-02-27,2024-03-04,23,からつ,一般,　　　　　　　　　　　　５４,2023-10-04,2023-10-08,23,からつ,一般,６５６４６　６６６,2023-07-01,2023-07-06,23,からつ,一般,　　　　　　３　６６６６,3617,竹田 広樹,2026-05-01,2026-05-06,23,からつ,一般,６５４　４　３５F６５,2026-03-06,2026-03-09,23,からつ,一般,５４３　５　３１,2025-12-27,2026-01-01,23,からつ,一般,６６４　４２５　２６２,2025-08-10,2025-08-15,23,からつ,一般,４６２　６　２６２６６,2025-06-21,2025-06-25,23,からつ,一般,６　４１６３２　５１
202608122306,2026-08-12,23,06R,5268,山本 幸也,2025-05-19,2025-05-24,23,からつ,一般,３　４６３　６F６　６,2024-11-20,2024-11-25,23,からつ,一般,５６５　６　４１６F５６,2024-05-24,2024-05-29,23,からつ,一般,５３６　６　F５４　５,2024-01-23,2024-01-26,23,からつ,一般,落６５　６３６,2023-08-24,2023-08-29,23,からつ,一般,６　６　６５５２６　６３,4661,中島 昂章,2026-06-22,2026-06-27,23,からつ,一般,１　５妨６　４２２　４２,2026-05-10,2026-05-14,23,からつ,一般,３１２　３１２１[５],2026-01-14,2026-01-19,23,からつ,一般,１４２　３３１２１３５２,2025-09-30,2025-10-05,23,からつ,ＧⅢ,６　２５３　３３５６３３,2025-08-10,2025-08-15,23,からつ,一般,転　１６６２３　４　２４,3825,宮嵜 隆太郎,2026-02-23,2026-02-28,23,からつ,一般,１　５４６　５６４　４５,2025-06-14,2025-06-17,23,からつ,一般,５　６５,2024-05-24,2024-05-29,23,からつ,一般,欠,2024-03-07,2024-03-11,23,からつ,一般,５５３　３　３１１６,2023-12-24,2023-12-29,23,からつ,一般,３６２　２　１５３６４６,4320,峰 竜太,2026-05-01,2026-05-06,23,からつ,一般,１１２　１２１２１１[４],2026-01-30,2026-02-04,23,からつ,ＧⅠ,３　２３１２６　５　１３,2025-12-27,2026-01-01,23,からつ,一般,３１２３１　２１２３１１,2025-06-05,2025-06-10,23,からつ,ＧⅠ,１　３４２２２　３　３１,2025-04-29,2025-05-04,23,からつ,一般,１３１　１２１F３　２,5428,古園井 綾南,2026-05-01,2026-05-06,23,からつ,一般,６　６６６　エ６F　６,2026-04-08,2026-04-13,23,からつ,ＧⅢ,転　６６６６４　６　５,2025-12-14,2025-12-17,23,からつ,一般,６６６　６６６,,,,,,,,,,,,,4720,西澤 日花里,2025-07-07,2025-07-12,23,からつ,一般,５１６　３６３４５　３,2024-09-23,2024-09-26,23,からつ,一般,５６６　６５落,2024-02-14,2024-02-19,23,からつ,一般,１１４　１４２３２３２１,2023-11-28,2023-12-01,23,からつ,一般,６　６２４５５,2023-02-15,2023-02-20,23,からつ,一般,１３３４２　２２２３２２
202608122307,2026-08-12,23,07R,5270,小玉 啓太,2026-05-01,2026-05-06,23,からつ,一般,５６６　５５４　５２３,2026-03-28,2026-04-02,23,からつ,一般,転　５３５　４２２４５,2025-12-27,2026-01-01,23,からつ,一般,５　２６４　３２６　４２,2025-08-10,2025-08-15,23,からつ,一般,２３４　４６４　２６５,2025-04-19,2025-04-24,23,からつ,一般,５　４５５６６　５４６,3809,吉田 光,2026-05-01,2026-05-06,23,からつ,一般,４　２３３　５４４　２５,2025-12-27,2026-01-01,23,からつ,一般,１　４４４　３４３４２転,2025-08-10,2025-08-15,23,からつ,一般,４４３　４３５　４　４５,2025-04-29,2025-05-04,23,からつ,一般,５　５６４　６４１　３４,2024-09-30,2024-10-05,23,からつ,一般,４　２６３４４　２２１１,4294,古賀 繁輝,2026-06-30,2026-07-05,23,からつ,一般,３１６１６　１２４５１３,2026-06-22,2026-06-27,23,からつ,一般,　　　　　　　　　　１５,2026-05-01,2026-05-06,23,からつ,一般,３４３３２　１１２４１２,2026-03-17,2026-03-22,23,からつ,ＧⅡ,２４１　４１１　１　[１],2026-01-30,2026-02-04,23,からつ,ＧⅠ,４２１　２　４５６　１６,4252,松下 哲也,2026-07-21,2026-07-26,23,からつ,一般,６　２３２　１４１１[１],2026-06-09,2026-06-14,23,からつ,一般,５４５　５　３１３４５,2025-08-10,2025-08-15,23,からつ,一般,６　４３５３４　３　６２,2025-03-06,2025-03-09,23,からつ,一般,２　２６５５１６,2024-12-29,2025-01-03,23,からつ,一般,６　６４６５５６,4006,小野 勇作,2026-05-01,2026-05-06,23,からつ,一般,３　３６４　３６１　４２,2025-12-27,2026-01-01,23,からつ,一般,２４１　５６３　４　１２,2025-08-10,2025-08-15,23,からつ,一般,５　５３５４５　４　３,2025-04-29,2025-05-04,23,からつ,一般,１５５　６２４　１　４６,2024-12-29,2025-01-03,23,からつ,一般,４　４４２　３５４４３３,4718,北川 太一,2026-04-17,2026-04-20,23,からつ,一般,６６１３３　１２,2026-02-15,2026-02-19,23,からつ,一般,１　５１２２５２[２],2025-12-27,2026-01-01,23,からつ,一般,１４４　３５５　４　５３,2025-08-10,2025-08-15,23,からつ,一般,１１５　１２５６１３５１,2025-05-27,2025-05-31,23,からつ,一般,２　１６１エ４　３１
202608122308,2026-08-12,23,08R,3974,深山 祐二,2026-07-10,2026-07-15,23,からつ,一般,４１１　３６３　２６５３,2026-05-10,2026-05-14,23,からつ,一般,３　３４３１２４５４,2025-12-27,2026-01-01,23,からつ,一般,５　３６３　３６３　６,2025-08-10,2025-08-15,23,からつ,一般,６２５　６３,2025-04-29,2025-05-04,23,からつ,一般,２　６５４４４　６５１,3211,北川 敏弘,2025-12-27,2026-01-01,23,からつ,一般,４　５６５　６６５　４,2025-08-19,2025-08-24,23,からつ,一般,４　５４５　５６５２２,2025-07-16,2025-07-20,23,からつ,一般,６４３　４６５　４５,2025-04-29,2025-05-04,23,からつ,一般,５３５　６５４　４６５,2025-02-18,2025-02-21,23,からつ,一般,２　５６５６５３,4499,滝川 真由子,2025-04-04,2025-04-07,23,からつ,一般,６６５３３６６,2024-05-17,2024-05-21,23,からつ,一般,３１６　２６１６２５,2024-02-14,2024-02-19,23,からつ,一般,１４４転４　３３３　３２,2023-02-15,2023-02-20,23,からつ,一般,３６２３１　１３２３３１,2022-11-18,2022-11-21,23,からつ,一般,５５１２１　３４,5124,上瀧 絢也,2026-05-29,2026-06-02,23,からつ,一般,５　２２６３２　６５,2025-04-29,2025-05-04,23,からつ,一般,６　３F５　６　３　F,2025-04-19,2025-04-24,23,からつ,一般,２　４５５１２　２６５５,2025-02-01,2025-02-06,23,からつ,一般,６４６　２　１４４１５１,2025-01-19,2025-01-24,23,からつ,一般,４５３　５　３４４　３２,4500,山田 康二,2026-05-01,2026-05-06,23,からつ,一般,１３１１２　１１４１[３],2025-12-27,2026-01-01,23,からつ,一般,１３２　１２３１２１[６],2025-08-10,2025-08-15,23,からつ,一般,１４１１１　１３３１[２],2025-06-05,2025-06-10,23,からつ,ＧⅠ,５２４　３３１　３　１１,2025-04-29,2025-05-04,23,からつ,一般,１１４　３１１５１３１１,3784,中島 友和,2026-05-01,2026-05-06,23,からつ,一般,４　３５３３６　３　欠欠,2026-03-28,2026-04-02,23,からつ,一般,６　５４１　５３１　３１,2025-12-14,2025-12-17,23,からつ,一般,１　２５５１[２],2025-08-19,2025-08-24,23,からつ,一般,２　３５５１３　３２１２,2025-06-14,2025-06-17,23,からつ,一般,３　１１１　[３]
202608122309,2026-08-12,23,09R,5307,富永 夏哉人,2026-06-22,2026-06-27,23,からつ,一般,２　５２６３６１１　６６,2026-05-01,2026-05-06,23,からつ,一般,４５２　２４３　４　３４,2025-12-27,2026-01-01,23,からつ,一般,３　６４１２６　３　１４,2025-09-05,2025-09-10,23,からつ,一般,５　３３２　１１２３３１,2025-08-10,2025-08-15,23,からつ,一般,２５６　５　４６５４５,3508,久富 政弘,2026-06-09,2026-06-14,23,からつ,一般,２５２　３６３　２　４６,2026-02-08,2026-02-11,23,からつ,一般,１２４　１４６２,2025-12-27,2026-01-01,23,からつ,一般,５５３　２４１　３　６１,2025-08-10,2025-08-15,23,からつ,一般,３４４　５　４３５３６６,2025-05-19,2025-05-24,23,からつ,一般,２２４　３２５　３４２４,4734,安河内 将,2026-06-30,2026-07-05,23,からつ,一般,１６２２３　２３４２[３],2026-05-01,2026-05-06,23,からつ,一般,１１３　１３２３２５１４,2026-02-23,2026-02-28,23,からつ,一般,２３２　１１１２２１[１],2026-01-30,2026-02-04,23,からつ,ＧⅠ,２３３　６　３２５　１５,2025-08-10,2025-08-15,23,からつ,一般,３　２５１４２１１２[５],4652,酒見 峻介,2026-05-01,2026-05-06,23,からつ,一般,２５５３３４４　３　４１,2026-03-28,2026-04-02,23,からつ,一般,１　２４１　５４１４３転,2025-12-27,2026-01-01,23,からつ,一般,６２４３２　２５２５３５,2025-09-30,2025-10-05,23,からつ,ＧⅢ,６５３６６転３　２３１６,2025-08-10,2025-08-15,23,からつ,一般,３　２６２４１３３３３６,5462,山浦 槙,2026-05-01,2026-05-06,23,からつ,一般,６　５　６６４６５５５,,,,,,,,,,,,,,,,,,,,,,,,,5142,常住 蓮,2026-05-01,2026-05-06,23,からつ,一般,２６２１２１３　１３４１,2026-01-30,2026-02-04,23,からつ,ＧⅠ,４　１１３２２　１　[４],2025-12-27,2026-01-01,23,からつ,一般,１３２３１３２　１２[５],2025-09-05,2025-09-10,23,からつ,一般,１２１　１１１２３１[１],2025-08-10,2025-08-15,23,からつ,一般,１１１　１１５４２１[３]
202608122310,2026-08-12,23,10R,3623,深川 真二,2026-06-09,2026-06-14,23,からつ,一般,１１１　２２５１２１[１],2026-05-01,2026-05-06,23,からつ,一般,２３２２１　１３２３２１,2026-03-17,2026-03-22,23,からつ,ＧⅡ,１１６　１１１　１　[５],2026-01-30,2026-02-04,23,からつ,ＧⅠ,５５１　５２４　４２１,2025-12-27,2026-01-01,23,からつ,一般,１１２３２　１４１３１１,4072,森永 淳,2026-07-21,2026-07-26,23,からつ,一般,１１１　１３２１２５１２,2026-04-23,2026-04-28,23,からつ,一般,　　　　　　　　　　２６,2026-03-17,2026-03-22,23,からつ,ＧⅡ,６６１　４５６　３２１,2025-12-27,2026-01-01,23,からつ,一般,２３１２１　１２４１[４],2025-09-21,2025-09-26,23,からつ,一般,５１１４２４１　２３６１,5268,山本 幸也,2025-05-19,2025-05-24,23,からつ,一般,３　４６３　６F６　６,2024-11-20,2024-11-25,23,からつ,一般,５６５　６　４１６F５６,2024-05-24,2024-05-29,23,からつ,一般,５３６　６　F５４　５,2024-01-23,2024-01-26,23,からつ,一般,落６５　６３６,2023-08-24,2023-08-29,23,からつ,一般,６　６　６５５２６　６３,5121,定松 勇樹,2026-05-01,2026-05-06,23,からつ,一般,２４２１１３４　１２[２],2026-03-17,2026-03-22,23,からつ,ＧⅡ,１　２２６　１１１　[４],2026-01-30,2026-02-04,23,からつ,ＧⅠ,転１２　１　４１２　[１],2025-12-27,2026-01-01,23,からつ,一般,５　４２１３２１３２[２],2025-06-05,2025-06-10,23,からつ,ＧⅠ,３４２　３　２５１　２３,4552,杉山 勝匡,2026-05-10,2026-05-14,23,からつ,一般,F　３　６　１６６,2025-12-27,2026-01-01,23,からつ,一般,３５５　１６６　１　６２,2025-08-10,2025-08-15,23,からつ,一般,４　２５２５５１１　３２,2025-06-29,2025-07-03,23,からつ,一般,５５５　３５６３３,2025-05-08,2025-05-11,23,からつ,一般,３　４　４２５４,5214,田中 宏典,2026-07-29,2026-08-03,23,からつ,一般,２１５　２６５　１３５３,2026-05-01,2026-05-06,23,からつ,一般,４６１　５６５４４３５,2026-04-23,2026-04-28,23,からつ,一般,２２１　３１４４５４１２,2026-01-22,2026-01-26,23,からつ,一般,　　　　　　　　６２,2026-01-14,2026-01-19,23,からつ,一般,４２４　５３５５４３１１
202608122311,2026-08-12,23,11R,4320,峰 竜太,2026-05-01,2026-05-06,23,からつ,一般,１１２　１２１２１１[４],2026-01-30,2026-02-04,23,からつ,ＧⅠ,３　２３１２６　５　１３,2025-12-27,2026-01-01,23,からつ,一般,３１２３１　２１２３１１,2025-06-05,2025-06-10,23,からつ,ＧⅠ,１　３４２２２　３　３１,2025-04-29,2025-05-04,23,からつ,一般,１３１　１２１F３　２,4294,古賀 繁輝,2026-06-30,2026-07-05,23,からつ,一般,３１６１６　１２４５１３,2026-06-22,2026-06-27,23,からつ,一般,　　　　　　　　　　１５,2026-05-01,2026-05-06,23,からつ,一般,３４３３２　１１２４１２,2026-03-17,2026-03-22,23,からつ,ＧⅡ,２４１　４１１　１　[１],2026-01-30,2026-02-04,23,からつ,ＧⅠ,４２１　２　４５６　１６,4531,武富 智亮,2026-05-01,2026-05-06,23,からつ,一般,１１３　２３１５２６２６,2026-03-17,2026-03-22,23,からつ,ＧⅡ,３　４１１　３２６　１３,2026-01-30,2026-02-04,23,からつ,ＧⅠ,４　２　２４２　５　１４,2025-12-27,2026-01-01,23,からつ,一般,１１５　４２２　３４２２,2025-09-14,2025-09-18,23,からつ,一般,１５１４２　１１[２],4503,上野 真之介,2026-07-10,2026-07-15,23,からつ,一般,２１１１１　２１１１[１],2026-05-01,2026-05-06,23,からつ,一般,２　１５１２１１１１[５],2026-03-17,2026-03-22,23,からつ,ＧⅡ,４２５　１４１　５　１２,2026-01-30,2026-02-04,23,からつ,ＧⅠ,２５５　２　３１６　１４,2025-12-27,2026-01-01,23,からつ,一般,２　１１２４１１１転,4143,浦田 晃嗣,2026-05-01,2026-05-06,23,からつ,一般,６　４３４　６６５５６,2026-02-08,2026-02-11,23,からつ,一般,５　２３６１４１,2025-12-27,2026-01-01,23,からつ,一般,２４５　２　６４６　３３,2025-09-14,2025-09-18,23,からつ,一般,４　６１５３５５５,2025-08-10,2025-08-15,23,からつ,一般,５　５３５　５５６５４,4879,山崎 鉄平,2025-12-14,2025-12-17,23,からつ,一般,２１５２１２[３],2025-08-10,2025-08-15,23,からつ,一般,２４転　４５１３４　５３,2025-07-16,2025-07-20,23,からつ,一般,２　２５５４６４３２,2025-03-16,2025-03-21,23,からつ,一般,５　３３落６,2024-12-29,2025-01-03,23,からつ,一般,１　転６５　４１２１５１
202608122312,2026-08-12,23,12R,4500,山田 康二,2026-05-01,2026-05-06,23,からつ,一般,１３１１２　１１４１[３],2025-12-27,2026-01-01,23,からつ,一般,１３２　１２３１２１[６],2025-08-10,2025-08-15,23,からつ,一般,１４１１１　１３３１[２],2025-06-05,2025-06-10,23,からつ,ＧⅠ,５２４　３３１　３　１１,2025-04-29,2025-05-04,23,からつ,一般,１１４　３１１５１３１１,5026,安河内 健,2026-05-10,2026-05-14,23,からつ,一般,転３１　４２４,2026-03-17,2026-03-22,23,からつ,ＧⅡ,３３５　６　１３２６５,2026-01-30,2026-02-04,23,からつ,ＧⅠ,５　２　２５４　２５６,2025-12-27,2026-01-01,23,からつ,一般,１　２２４６２５５落１５,2025-08-10,2025-08-15,23,からつ,一般,４５１３６　１３３５１４,4515,藤田 浩人,2026-05-29,2026-06-02,23,からつ,一般,１　１４２１５２[６],2026-05-01,2026-05-06,23,からつ,一般,３３６　２５３４４　１４,2026-03-17,2026-03-22,23,からつ,ＧⅡ,３　４４２　５３２　６５,2026-02-15,2026-02-19,23,からつ,一般,１４３　４２１２[５],2025-12-27,2026-01-01,23,からつ,一般,６２２　３５１　１６１３,4445,宮地 元輝,2026-05-01,2026-05-06,23,からつ,一般,１２１２１６４　３２[１],2026-01-30,2026-02-04,23,からつ,ＧⅠ,３１２　５１６　３　５１,2025-12-27,2026-01-01,23,からつ,一般,４　２１２５１３１２[３],2025-06-05,2025-06-10,23,からつ,ＧⅠ,６　２１６　２３４　１３,2025-04-29,2025-05-04,23,からつ,一般,１４１２４　１４６５４３,5270,小玉 啓太,2026-05-01,2026-05-06,23,からつ,一般,５６６　５５４　５２３,2026-03-28,2026-04-02,23,からつ,一般,転　５３５　４２２４５,2025-12-27,2026-01-01,23,からつ,一般,５　２６４　３２６　４２,2025-08-10,2025-08-15,23,からつ,一般,２３４　４６４　２６５,2025-04-19,2025-04-24,23,からつ,一般,５　４５５６６　５４６,3566,川添 英正,2026-04-17,2026-04-20,23,からつ,一般,３５３　１　６５,2025-06-29,2025-07-03,23,からつ,一般,１２５４１　１３２４,2024-10-19,2024-10-24,23,からつ,一般,４１６　３６５　５　３,2024-05-24,2024-05-29,23,からつ,一般,５　５５１３３３４　４,2023-12-12,2023-12-17,23,からつ,ＧⅢ,３　５２２４２　５３６４
202608122401,2026-08-12,24,01R,5346,中村 紋夕梨,2025-10-14,2025-10-18,24,大村,一般,６　５２６　５　４６,,,,,,,,,,,,,,,,,,,,,,,,,5056,西岡 成美,2023-03-03,2023-03-08,24,大村,一般,１５３１４　５　３６１４,2022-06-17,2022-06-22,24,大村,一般,２３１２４　３４F４４,2022-01-03,2022-01-08,24,大村,ＧⅢ,５　１１６　２３２４３５,2021-11-26,2021-11-29,24,大村,一般,２２１４１２[５],2020-01-05,2020-01-10,24,大村,一般,６　６　５６４　６５５,5250,嶋田 有里,2026-05-24,2026-05-29,24,大村,一般,２　２４５　４３２　２２,2026-05-07,2026-05-11,24,大村,一般,３　６４３３３２３６,2026-02-19,2026-02-23,24,大村,一般,１　６４４　２４６５,2026-01-03,2026-01-08,24,大村,一般,４　６１４４６　５６５６,2025-11-19,2025-11-22,24,大村,一般,２５４　２５転,5069,山崎 小葉音,2024-09-06,2024-09-11,24,大村,ＧⅢ,２６２　１６５４１　２,2023-10-10,2023-10-15,24,大村,一般,６　５１６　１６F　６,2023-09-07,2023-09-12,24,大村,一般,６　欠欠,2022-07-18,2022-07-23,24,大村,一般,１５１４５４４　５４５６,2021-09-25,2021-09-30,24,大村,一般,４　５２５　６５５　５５,4791,黒澤 めぐみ,2026-05-24,2026-05-29,24,大村,一般,３３５　２４４　３　４１,2025-12-26,2025-12-31,24,大村,ＧⅠ,１６２　５５４　５２３,2025-05-19,2025-05-24,24,大村,一般,１４５　２３２　１５１２,2025-02-19,2025-02-25,24,大村,一般,４３２　１３６３５　２３５,2024-09-06,2024-09-11,24,大村,ＧⅢ,３３３　４　１２３２[６],5360,,,,,,,,,,,,,,,,,,,,,,,,,,,,,,,
202608122402,2026-08-12,24,02R,5213,湯淺 紀香,2026-05-24,2026-05-29,24,大村,一般,２６５　３４２　５　３２,2025-12-26,2025-12-31,24,大村,ＧⅠ,６　６５２　４５４３５,2023-10-10,2023-10-15,24,大村,一般,５　２５１　５６４　５４,2022-07-18,2022-07-23,24,大村,一般,６６５　４６６　６６４,,,,,,,3932,池田 浩美,2023-07-11,2023-07-16,24,大村,ＧⅢ,２　３１３３５６４４１５,2023-06-20,2023-06-23,24,大村,一般,４６２　２２５１,2023-03-03,2023-03-08,24,大村,一般,６２５　５３６　１　２３,2022-02-01,2022-02-04,24,大村,一般,６５１４１　５４,2022-01-03,2022-01-08,24,大村,ＧⅢ,１　５６３６１２３５１５,4286,平田 さやか,2025-12-26,2025-12-31,24,大村,ＧⅠ,５２５５５　３１６３３,2025-09-27,2025-10-02,24,大村,ＧⅢ,４４３　１４４　２　２４,2025-05-19,2025-05-24,24,大村,一般,５　４３６１３　５　３１,2025-01-19,2025-01-24,24,大村,一般,１５６　２３３１４６１４,2024-09-06,2024-09-11,24,大村,ＧⅢ,１　４３２３５３１４１４,3604,武藤 綾子,2025-07-29,2025-08-03,24,大村,一般,６　５２２　２６１　１５,2024-09-06,2024-09-11,24,大村,ＧⅢ,４　１５４　３４４　６３,2024-03-26,2024-04-01,24,大村,一般,５　１５４　６６５　６　６５,2023-07-27,2023-07-31,24,大村,一般,４　F６６　６　６,2023-03-18,2023-03-23,24,大村,一般,４　６５３　４５６　６,4300,加藤 綾,2026-05-24,2026-05-29,24,大村,一般,５３２　２４３　２５２６,2025-09-27,2025-10-02,24,大村,ＧⅢ,１４２　２５３　２４６６,2020-01-25,2020-01-30,24,大村,一般,１６３　　　３３３　６２,2018-12-06,2018-12-11,24,大村,一般,１６５　１４２　３２[４],2017-12-26,2017-12-31,24,大村,ＧⅠ,６　５５６　５５１５５,5335,森 陽多,2026-05-24,2026-05-29,24,大村,一般,６　６６６　５６６　４４,2026-01-03,2026-01-08,24,大村,一般,２５５５１　４６５　転５,2025-09-27,2025-10-02,24,大村,ＧⅢ,２３６　６６３６１　６転,2025-08-05,2025-08-09,24,大村,一般,４６４　３５６　６１,2025-05-19,2025-05-24,24,大村,一般,６２５　６５３　３４２
202608122403,2026-08-12,24,03R,3474,松瀬 弘美,2024-09-06,2024-09-11,24,大村,ＧⅢ,３　１４４　３３３１[５],2023-11-19,2023-11-25,24,大村,一般,２　５６５　３　４４５２３,2023-07-11,2023-07-16,24,大村,ＧⅢ,５４３　１６５　５　１１,2022-08-24,2022-08-29,24,大村,ＧⅢ,転　３　２３４　４　１２,2022-01-03,2022-01-08,24,大村,ＧⅢ,３　５２４４２１２　１３,4927,関野 文,2026-05-24,2026-05-29,24,大村,一般,５４３　４５２　１　３２,2025-12-26,2025-12-31,24,大村,ＧⅠ,５６６４４　２２２　４,2025-09-27,2025-10-02,24,大村,ＧⅢ,２　３５５１２　４５４４,2025-04-22,2025-04-25,24,大村,一般,１　５２３６４６,2024-05-25,2024-05-30,24,大村,一般,２１５　２３６３４４１２,3993,永井 聖美,2023-07-11,2023-07-16,24,大村,ＧⅢ,２１３　FF,2022-02-01,2022-02-04,24,大村,一般,５１４３２６１,2019-09-17,2019-09-23,24,大村,ＧⅢ,２４５３１５３４２１４,2015-10-14,2015-10-19,24,大村,ＧⅢ,１３１４４２３５１５１２,2012-12-11,2012-12-16,24,大村,ＧⅠ,１１１４４２４　６　５,5342,原村 百那,2026-03-28,2026-04-02,24,大村,一般,６　６４４５６F５　６,2025-05-19,2025-05-24,24,大村,一般,５　６６４　４６６　５,2024-11-25,2024-11-30,24,大村,一般,６　６６６５６６６　６F,2024-09-06,2024-09-11,24,大村,ＧⅢ,６　６　６６５　６　６６,,,,,,,4744,伊藤 玲奈,2026-04-26,2026-05-01,24,大村,一般,３５５　４５６　５４６６,2025-09-14,2025-09-17,24,大村,一般,５１５　６３４５,2025-05-19,2025-05-24,24,大村,一般,５　４４１　３４４　３４,2025-03-27,2025-04-01,24,大村,一般,４３６　５６２３６,2025-01-07,2025-01-10,24,大村,一般,５４５　６２３,4098,赤澤 文香,2023-07-11,2023-07-16,24,大村,ＧⅢ,４３５　２５２　２５３,2021-03-29,2021-04-04,24,大村,一般,２２５　２　４４１４５５１４,2017-04-29,2017-05-04,24,大村,ＧⅢ,２５２　３５６　３　３５,2016-06-21,2016-06-26,24,大村,一般,２２６　２４５　２　３６,2015-08-23,2015-08-28,24,大村,一般,３　５６６　２２５６
202608122404,2026-08-12,24,04R,5358,増本 杏珠,2026-01-22,2026-01-28,24,大村,一般,４　４　F６６　４　６　６,2025-08-05,2025-08-09,24,大村,一般,４　６４６２６　３６,2025-02-19,2025-02-25,24,大村,一般,６　５　３５６５１　４１６,2024-12-13,2024-12-16,24,大村,一般,４４６５６　４５,2024-09-06,2024-09-11,24,大村,ＧⅢ,５　F６５　６　６　４,5254,羽田 妃希,2026-02-19,2026-02-23,24,大村,一般,転２４　５４６　４,2024-11-25,2024-11-30,24,大村,一般,５　６２５４４　４４５５,2022-08-24,2022-08-29,24,大村,ＧⅢ,６　５５欠,,,,,,,,,,,,,4534,坂 咲友理,2024-09-06,2024-09-11,24,大村,ＧⅢ,５５３　４６５　３　３６,2023-10-10,2023-10-15,24,大村,一般,３　３３４　４　２３１落,2020-01-05,2020-01-10,24,大村,一般,１３５　６　５２４　６２,2018-12-06,2018-12-11,24,大村,一般,５　２２２　４４２６４６,2017-04-29,2017-05-04,24,大村,ＧⅢ,４　５３１　４６２　３２,5129,山口 真喜子,2026-05-24,2026-05-29,24,大村,一般,１３３　５３１４５６４３,2026-01-03,2026-01-08,24,大村,一般,３６３　５２３５１２３,2025-12-26,2025-12-31,24,大村,ＧⅠ,５３３５１　２　５　１２,2025-08-15,2025-08-18,24,大村,一般,２２２F２　４,2025-04-28,2025-05-03,24,大村,一般,４６６２２　３F５　４,5362,中嶋 世奈,2026-05-24,2026-05-29,24,大村,一般,２　５６３　４１４　５４,2025-07-29,2025-08-03,24,大村,一般,６　６６６　４３５　６,,,,,,,,,,,,,,,,,,,5442,,,,,,,,,,,,,,,,,,,,,,,,,,,,,,,
202608122405,2026-08-12,24,05R,4501,樋口 由加里,2026-05-24,2026-05-29,24,大村,一般,２　２３２　５４３１[４],2025-12-26,2025-12-31,24,大村,ＧⅠ,４１６　２６５　２４４,2025-08-28,2025-09-03,24,大村,一般,４６３　３１４　３３１　５５,2025-03-11,2025-03-14,24,大村,一般,２　５２４１２５,2024-05-25,2024-05-30,24,大村,一般,６　５２２２２５１６５６,4924,中北 涼,2026-05-24,2026-05-29,24,大村,一般,６４４　３１５　５４１,2026-05-07,2026-05-11,24,大村,一般,４　５５１４３２４３,2026-01-03,2026-01-08,24,大村,一般,６３６　４２落　３３６３,2025-09-27,2025-10-02,24,大村,ＧⅢ,６　４５３３６　６５４,2025-08-05,2025-08-09,24,大村,一般,５５６２５４４　５,3579,中里 優子,2025-07-29,2025-08-03,24,大村,一般,３４４　２１６　６　１４,2024-09-06,2024-09-11,24,大村,ＧⅢ,５４３　６３２５４　５,2024-05-25,2024-05-30,24,大村,一般,２　F３５　２　４　２,2022-11-07,2022-11-11,24,大村,一般,５３２　３３１F４,2022-07-18,2022-07-23,24,大村,一般,４１３４２２２４４４１２,5117,冨名腰 桃奈,2025-08-28,2025-09-03,24,大村,一般,６４５　２F５　５　５　６,2025-05-19,2025-05-24,24,大村,一般,５５１　３３１　２５６,2025-01-01,2025-01-05,24,大村,一般,５３６　６４１　６,2024-09-29,2024-10-04,24,大村,一般,６　６６３　５　６１６,2023-05-06,2023-05-10,24,大村,一般,５５１　５２１　２２,4891,寺島 美里,2025-12-26,2025-12-31,24,大村,ＧⅠ,６　４１６６４　６３５,2021-09-25,2021-09-30,24,大村,一般,２　６F５　５　６　５,2018-12-06,2018-12-11,24,大村,一般,６５４５４　３　６欠,2017-01-08,2017-01-12,24,大村,一般,６　６６６６５　６,,,,,,,4464,山下 友貴,2025-10-20,2025-10-24,24,大村,一般,２　４６３５５　４２,2023-06-20,2023-06-23,24,大村,一般,３１６６５　３４,2020-08-17,2020-08-22,24,大村,一般,４５３　３２１５１６１１,2018-01-15,2018-01-20,24,大村,ＧⅡ,４１６　５F４　５　５,2017-12-26,2017-12-31,24,大村,ＧⅠ,４　４６５エ１６４６４
202608122406,2026-08-12,24,06R,4947,間庭 菜摘,2025-09-14,2025-09-17,24,大村,一般,４　５５６　５６,2025-08-05,2025-08-09,24,大村,一般,３３５　６１３　５４,2024-05-25,2024-05-30,24,大村,一般,４５５　２４１　４２３,2023-07-11,2023-07-16,24,大村,ＧⅢ,６　５４４　６４２　２５,2021-09-25,2021-09-30,24,大村,一般,２６５　２３３　５３４,4246,喜多 那由夏,2020-04-18,2020-04-23,24,大村,一般,６　５４３５,2019-07-16,2019-07-22,24,大村,一般,６１２６６　２６３６４３,2016-04-21,2016-04-27,24,大村,ＧⅢ,４　２３３　４６３４５,2014-10-09,2014-10-14,24,大村,一般,４６１　１４３１,2012-12-11,2012-12-16,24,大村,ＧⅠ,４４３１２　４　４　５６,4065,金田 幸子,2026-02-19,2026-02-23,24,大村,一般,６３１　５　３２５３,2025-04-22,2025-04-25,24,大村,一般,３４６　１２２,2024-07-08,2024-07-13,24,大村,一般,１１１　４６５１１２[３],2023-07-11,2023-07-16,24,大村,ＧⅢ,５１５２３１１　５５１３,2021-11-26,2021-11-29,24,大村,一般,２３２１６４２３,4627,藤原 菜希,2025-12-26,2025-12-31,24,大村,ＧⅠ,６　３２２　３３４　１５,2024-05-25,2024-05-30,24,大村,一般,６６２２F転,2023-07-11,2023-07-16,24,大村,ＧⅢ,４２１１１　１１１１[５],2022-08-24,2022-08-29,24,大村,ＧⅢ,３２２２４　１２１４２１,2019-09-17,2019-09-23,24,大村,ＧⅢ,１６５３１２３３１４３１,4589,塩崎 桐加,2025-05-19,2025-05-24,24,大村,一般,落２５１１　３　２１２,2019-05-21,2019-05-24,24,大村,一般,F３６　２　６３,2015-03-28,2015-04-01,24,大村,一般,６４４　５　４４２,2014-06-02,2014-06-07,24,大村,一般,１２３　１３２５３３１５,2013-05-17,2013-05-20,24,大村,一般,１　１６３３[５],4408,仁科 さやか,2026-05-24,2026-05-29,24,大村,一般,３４５　１５２　５　１５,2026-05-07,2026-05-11,24,大村,一般,６６５　２６５　２５,2026-01-03,2026-01-08,24,大村,一般,３６６　１６２５６　５４,2025-09-27,2025-10-02,24,大村,ＧⅢ,５６５　５５５　６２４,2025-07-29,2025-08-03,24,大村,一般,２　３３１　１２６２[１]
202608122407,2026-08-12,24,07R,4450,平高 奈菜,2025-12-26,2025-12-31,24,大村,ＧⅠ,　　　　４　４　２　[６],2025-03-27,2025-04-01,24,大村,一般,５１１　３３４１３３３１,2023-11-11,2023-11-16,24,大村,ＧⅠ,５　４５５　４　６３５,2023-10-10,2023-10-15,24,大村,一般,１３３　２１１１５１[３],2023-03-03,2023-03-08,24,大村,一般,４４３１２　３４４４１１,5335,森 陽多,2026-05-24,2026-05-29,24,大村,一般,６　６６６　５６６　４４,2026-01-03,2026-01-08,24,大村,一般,２５５５１　４６５　転５,2025-09-27,2025-10-02,24,大村,ＧⅢ,２３６　６６３６１　６転,2025-08-05,2025-08-09,24,大村,一般,４６４　３５６　６１,2025-05-19,2025-05-24,24,大村,一般,６２５　６５３　３４２,4791,黒澤 めぐみ,2026-05-24,2026-05-29,24,大村,一般,３３５　２４４　３　４１,2025-12-26,2025-12-31,24,大村,ＧⅠ,１６２　５５４　５２３,2025-05-19,2025-05-24,24,大村,一般,１４５　２３２　１５１２,2025-02-19,2025-02-25,24,大村,一般,４３２　１３６３５　２３５,2024-09-06,2024-09-11,24,大村,ＧⅢ,３３３　４　１２３２[６],3943,三松 直美,2021-11-26,2021-11-29,24,大村,一般,２４５４４　６６,2021-10-18,2021-10-23,24,大村,一般,３　６５４,2019-09-17,2019-09-23,24,大村,ＧⅢ,１４１　２５４４５５１５,2019-03-14,2019-03-19,24,大村,ＧⅢ,４４５　４２５　６　４,2019-01-06,2019-01-11,24,大村,一般,３　３６６　２　３　４６,5327,,,,,,,,,,,,,,,,,,,,,,,,,,,,,,,,5380,野田 亜湖,2026-02-19,2026-02-23,24,大村,一般,６６６　６　６６６,,,,,,,,,,,,,,,,,,,,,,,,
202608122408,2026-08-12,24,08R,3604,武藤 綾子,2025-07-29,2025-08-03,24,大村,一般,６　５２２　２６１　１５,2024-09-06,2024-09-11,24,大村,ＧⅢ,４　１５４　３４４　６３,2024-03-26,2024-04-01,24,大村,一般,５　１５４　６６５　６　６５,2023-07-27,2023-07-31,24,大村,一般,４　F６６　６　６,2023-03-18,2023-03-23,24,大村,一般,４　６５３　４５６　６,4738,清埜 翔子,2025-08-15,2025-08-18,24,大村,一般,６４５　２６６,2025-05-19,2025-05-24,24,大村,一般,３４１１４　３　１１[２],2022-08-24,2022-08-29,24,大村,ＧⅢ,６１１　５４５　１　１２,2022-05-26,2022-05-30,24,大村,一般,６１１　３４２４２３,2022-02-28,2022-03-04,24,大村,一般,１　２２２３４２[５],5346,中村 紋夕梨,2025-10-14,2025-10-18,24,大村,一般,６　５２６　５　４６,,,,,,,,,,,,,,,,,,,,,,,,,3474,松瀬 弘美,2024-09-06,2024-09-11,24,大村,ＧⅢ,３　１４４　３３３１[５],2023-11-19,2023-11-25,24,大村,一般,２　５６５　３　４４５２３,2023-07-11,2023-07-16,24,大村,ＧⅢ,５４３　１６５　５　１１,2022-08-24,2022-08-29,24,大村,ＧⅢ,転　３　２３４　４　１２,2022-01-03,2022-01-08,24,大村,ＧⅢ,３　５２４４２１２　１３,5397,,,,,,,,,,,,,,,,,,,,,,,,,,,,,,,,3175,渡辺 千草,2025-09-27,2025-10-02,24,大村,ＧⅢ,３　２６４　３４１　４６,2024-09-06,2024-09-11,24,大村,ＧⅢ,４４１　２６５４５　５,2022-08-24,2022-08-29,24,大村,ＧⅢ,４　３６４３５２６　４４,2022-01-03,2022-01-08,24,大村,ＧⅢ,２３２　２２２　３３４１,2020-08-17,2020-08-22,24,大村,一般,１６４５４　４２３　１３
202608122409,2026-08-12,24,09R,5342,原村 百那,2026-03-28,2026-04-02,24,大村,一般,６　６４４５６F５　６,2025-05-19,2025-05-24,24,大村,一般,５　６６４　４６６　５,2024-11-25,2024-11-30,24,大村,一般,６　６６６５６６６　６F,2024-09-06,2024-09-11,24,大村,ＧⅢ,６　６　６６５　６　６６,,,,,,,5272,松田 真実,2025-08-28,2025-09-03,24,大村,一般,２　６６３　転６６６６　６,2023-03-03,2023-03-08,24,大村,一般,６　６　６６６　５　６６,,,,,,,,,,,,,,,,,,,5358,増本 杏珠,2026-01-22,2026-01-28,24,大村,一般,４　４　F６６　４　６　６,2025-08-05,2025-08-09,24,大村,一般,４　６４６２６　３６,2025-02-19,2025-02-25,24,大村,一般,６　５　３５６５１　４１６,2024-12-13,2024-12-16,24,大村,一般,４４６５６　４５,2024-09-06,2024-09-11,24,大村,ＧⅢ,５　F６５　６　６　４,5213,湯淺 紀香,2026-05-24,2026-05-29,24,大村,一般,２６５　３４２　５　３２,2025-12-26,2025-12-31,24,大村,ＧⅠ,６　６５２　４５４３５,2023-10-10,2023-10-15,24,大村,一般,５　２５１　５６４　５４,2022-07-18,2022-07-23,24,大村,一般,６６５　４６６　６６４,,,,,,,3334,角 ひとみ,2025-12-26,2025-12-31,24,大村,ＧⅠ,１　６４５２２　３５２６,2023-10-19,2023-10-22,24,大村,一般,２３３４３６２６,2022-08-24,2022-08-29,24,大村,ＧⅢ,１６６　３３２　３　２２,2022-01-03,2022-01-08,24,大村,ＧⅢ,３３４　３２６２２５５３,2021-10-27,2021-11-02,24,大村,一般,２　４５２　５６３５６６３,5056,西岡 成美,2023-03-03,2023-03-08,24,大村,一般,１５３１４　５　３６１４,2022-06-17,2022-06-22,24,大村,一般,２３１２４　３４F４４,2022-01-03,2022-01-08,24,大村,ＧⅢ,５　１１６　２３２４３５,2021-11-26,2021-11-29,24,大村,一般,２２１４１２[５],2020-01-05,2020-01-10,24,大村,一般,６　６　５６４　６５５
202608122410,2026-08-12,24,10R,4300,加藤 綾,2026-05-24,2026-05-29,24,大村,一般,５３２　２４３　２５２６,2025-09-27,2025-10-02,24,大村,ＧⅢ,１４２　２５３　２４６６,2020-01-25,2020-01-30,24,大村,一般,１６３　　　３３３　６２,2018-12-06,2018-12-11,24,大村,一般,１６５　１４２　３２[４],2017-12-26,2017-12-31,24,大村,ＧⅠ,６　５５６　５５１５５,5360,,,,,,,,,,,,,,,,,,,,,,,,,,,,,,,,4372,原田 佑実,2026-01-22,2026-01-28,24,大村,一般,２３６　３１５　３４５４１２,2025-09-27,2025-10-02,24,大村,ＧⅢ,４５１　５４１　４３３,2024-05-25,2024-05-30,24,大村,一般,５３３　１２２１３３２１,2018-12-06,2018-12-11,24,大村,一般,１１６６３１３４１５１４,2017-11-19,2017-11-23,24,大村,一般,１３３　２６１５３２,5254,羽田 妃希,2026-02-19,2026-02-23,24,大村,一般,転２４　５４６　４,2024-11-25,2024-11-30,24,大村,一般,５　６２５４４　４４５５,2022-08-24,2022-08-29,24,大村,ＧⅢ,６　５５欠,,,,,,,,,,,,,4501,樋口 由加里,2026-05-24,2026-05-29,24,大村,一般,２　２３２　５４３１[４],2025-12-26,2025-12-31,24,大村,ＧⅠ,４１６　２６５　２４４,2025-08-28,2025-09-03,24,大村,一般,４６３　３１４　３３１　５５,2025-03-11,2025-03-14,24,大村,一般,２　５２４１２５,2024-05-25,2024-05-30,24,大村,一般,６　５２２２２５１６５６,3993,永井 聖美,2023-07-11,2023-07-16,24,大村,ＧⅢ,２１３　FF,2022-02-01,2022-02-04,24,大村,一般,５１４３２６１,2019-09-17,2019-09-23,24,大村,ＧⅢ,２４５３１５３４２１４,2015-10-14,2015-10-19,24,大村,ＧⅢ,１３１４４２３５１５１２,2012-12-11,2012-12-16,24,大村,ＧⅠ,１１１４４２４　６　５
202608122411,2026-08-12,24,11R,4286,平田 さやか,2025-12-26,2025-12-31,24,大村,ＧⅠ,５２５５５　３１６３３,2025-09-27,2025-10-02,24,大村,ＧⅢ,４４３　１４４　２　２４,2025-05-19,2025-05-24,24,大村,一般,５　４３６１３　５　３１,2025-01-19,2025-01-24,24,大村,一般,１５６　２３３１４６１４,2024-09-06,2024-09-11,24,大村,ＧⅢ,１　４３２３５３１４１４,4589,塩崎 桐加,2025-05-19,2025-05-24,24,大村,一般,落２５１１　３　２１２,2019-05-21,2019-05-24,24,大村,一般,F３６　２　６３,2015-03-28,2015-04-01,24,大村,一般,６４４　５　４４２,2014-06-02,2014-06-07,24,大村,一般,１２３　１３２５３３１５,2013-05-17,2013-05-20,24,大村,一般,１　１６３３[５],5362,中嶋 世奈,2026-05-24,2026-05-29,24,大村,一般,２　５６３　４１４　５４,2025-07-29,2025-08-03,24,大村,一般,６　６６６　４３５　６,,,,,,,,,,,,,,,,,,,4098,赤澤 文香,2023-07-11,2023-07-16,24,大村,ＧⅢ,４３５　２５２　２５３,2021-03-29,2021-04-04,24,大村,一般,２２５　２　４４１４５５１４,2017-04-29,2017-05-04,24,大村,ＧⅢ,２５２　３５６　３　３５,2016-06-21,2016-06-26,24,大村,一般,２２６　２４５　２　３６,2015-08-23,2015-08-28,24,大村,一般,３　５６６　２２５６,4924,中北 涼,2026-05-24,2026-05-29,24,大村,一般,６４４　３１５　５４１,2026-05-07,2026-05-11,24,大村,一般,４　５５１４３２４３,2026-01-03,2026-01-08,24,大村,一般,６３６　４２落　３３６３,2025-09-27,2025-10-02,24,大村,ＧⅢ,６　４５３３６　６５４,2025-08-05,2025-08-09,24,大村,一般,５５６２５４４　５,5069,山崎 小葉音,2024-09-06,2024-09-11,24,大村,ＧⅢ,２６２　１６５４１　２,2023-10-10,2023-10-15,24,大村,一般,６　５１６　１６F　６,2023-09-07,2023-09-12,24,大村,一般,６　欠欠,2022-07-18,2022-07-23,24,大村,一般,１５１４５４４　５４５６,2021-09-25,2021-09-30,24,大村,一般,４　５２５　６５５　５５
202608122412,2026-08-12,24,12R,5129,山口 真喜子,2026-05-24,2026-05-29,24,大村,一般,１３３　５３１４５６４３,2026-01-03,2026-01-08,24,大村,一般,３６３　５２３５１２３,2025-12-26,2025-12-31,24,大村,ＧⅠ,５３３５１　２　５　１２,2025-08-15,2025-08-18,24,大村,一般,２２２F２　４,2025-04-28,2025-05-03,24,大村,一般,４６６２２　３F５　４,4464,山下 友貴,2025-10-20,2025-10-24,24,大村,一般,２　４６３５５　４２,2023-06-20,2023-06-23,24,大村,一般,３１６６５　３４,2020-08-17,2020-08-22,24,大村,一般,４５３　３２１５１６１１,2018-01-15,2018-01-20,24,大村,ＧⅡ,４１６　５F４　５　５,2017-12-26,2017-12-31,24,大村,ＧⅠ,４　４６５エ１６４６４,4450,平高 奈菜,2025-12-26,2025-12-31,24,大村,ＧⅠ,　　　　４　４　２　[６],2025-03-27,2025-04-01,24,大村,一般,５１１　３３４１３３３１,2023-11-11,2023-11-16,24,大村,ＧⅠ,５　４５５　４　６３５,2023-10-10,2023-10-15,24,大村,一般,１３３　２１１１５１[３],2023-03-03,2023-03-08,24,大村,一般,４４３１２　３４４４１１,4738,清埜 翔子,2025-08-15,2025-08-18,24,大村,一般,６４５　２６６,2025-05-19,2025-05-24,24,大村,一般,３４１１４　３　１１[２],2022-08-24,2022-08-29,24,大村,ＧⅢ,６１１　５４５　１　１２,2022-05-26,2022-05-30,24,大村,一般,６１１　３４２４２３,2022-02-28,2022-03-04,24,大村,一般,１　２２２３４２[５],4927,関野 文,2026-05-24,2026-05-29,24,大村,一般,５４３　４５２　１　３２,2025-12-26,2025-12-31,24,大村,ＧⅠ,５６６４４　２２２　４,2025-09-27,2025-10-02,24,大村,ＧⅢ,２　３５５１２　４５４４,2025-04-22,2025-04-25,24,大村,一般,１　５２３６４６,2024-05-25,2024-05-30,24,大村,一般,２１５　２３６３４４１２,4627,藤原 菜希,2025-12-26,2025-12-31,24,大村,ＧⅠ,６　３２２　３３４　１５,2024-05-25,2024-05-30,24,大村,一般,６６２２F転,2023-07-11,2023-07-16,24,大村,ＧⅢ,４２１１１　１１１１[５],2022-08-24,2022-08-29,24,大村,ＧⅢ,３２２２４　１２１４２１,2019-09-17,2019-09-23,24,大村,ＧⅢ,１６５３１２３３１４３１
