レースコード,レース日,レース場コード,レース回,艇1_登録番号,艇1_選手名,艇1_前1節_開始日,艇1_前1節_終了日,艇1_前1節_場コード,艇1_前1節_場名,艇1_前1節_グレード,艇1_前1節_着順列,艇1_前2節_開始日,艇1_前2節_終了日,艇1_前2節_場コード,艇1_前2節_場名,艇1_前2節_グレード,艇1_前2節_着順列,艇1_前3節_開始日,艇1_前3節_終了日,艇1_前3節_場コード,艇1_前3節_場名,艇1_前3節_グレード,艇1_前3節_着順列,艇1_前4節_開始日,艇1_前4節_終了日,艇1_前4節_場コード,艇1_前4節_場名,艇1_前4節_グレード,艇1_前4節_着順列,艇1_前5節_開始日,艇1_前5節_終了日,艇1_前5節_場コード,艇1_前5節_場名,艇1_前5節_グレード,艇1_前5節_着順列,艇2_登録番号,艇2_選手名,艇2_前1節_開始日,艇2_前1節_終了日,艇2_前1節_場コード,艇2_前1節_場名,艇2_前1節_グレード,艇2_前1節_着順列,艇2_前2節_開始日,艇2_前2節_終了日,艇2_前2節_場コード,艇2_前2節_場名,艇2_前2節_グレード,艇2_前2節_着順列,艇2_前3節_開始日,艇2_前3節_終了日,艇2_前3節_場コード,艇2_前3節_場名,艇2_前3節_グレード,艇2_前3節_着順列,艇2_前4節_開始日,艇2_前4節_終了日,艇2_前4節_場コード,艇2_前4節_場名,艇2_前4節_グレード,艇2_前4節_着順列,艇2_前5節_開始日,艇2_前5節_終了日,艇2_前5節_場コード,艇2_前5節_場名,艇2_前5節_グレード,艇2_前5節_着順列,艇3_登録番号,艇3_選手名,艇3_前1節_開始日,艇3_前1節_終了日,艇3_前1節_場コード,艇3_前1節_場名,艇3_前1節_グレード,艇3_前1節_着順列,艇3_前2節_開始日,艇3_前2節_終了日,艇3_前2節_場コード,艇3_前2節_場名,艇3_前2節_グレード,艇3_前2節_着順列,艇3_前3節_開始日,艇3_前3節_終了日,艇3_前3節_場コード,艇3_前3節_場名,艇3_前3節_グレード,艇3_前3節_着順列,艇3_前4節_開始日,艇3_前4節_終了日,艇3_前4節_場コード,艇3_前4節_場名,艇3_前4節_グレード,艇3_前4節_着順列,艇3_前5節_開始日,艇3_前5節_終了日,艇3_前5節_場コード,艇3_前5節_場名,艇3_前5節_グレード,艇3_前5節_着順列,艇4_登録番号,艇4_選手名,艇4_前1節_開始日,艇4_前1節_終了日,艇4_前1節_場コード,艇4_前1節_場名,艇4_前1節_グレード,艇4_前1節_着順列,艇4_前2節_開始日,艇4_前2節_終了日,艇4_前2節_場コード,艇4_前2節_場名,艇4_前2節_グレード,艇4_前2節_着順列,艇4_前3節_開始日,艇4_前3節_終了日,艇4_前3節_場コード,艇4_前3節_場名,艇4_前3節_グレード,艇4_前3節_着順列,艇4_前4節_開始日,艇4_前4節_終了日,艇4_前4節_場コード,艇4_前4節_場名,艇4_前4節_グレード,艇4_前4節_着順列,艇4_前5節_開始日,艇4_前5節_終了日,艇4_前5節_場コード,艇4_前5節_場名,艇4_前5節_グレード,艇4_前5節_着順列,艇5_登録番号,艇5_選手名,艇5_前1節_開始日,艇5_前1節_終了日,艇5_前1節_場コード,艇5_前1節_場名,艇5_前1節_グレード,艇5_前1節_着順列,艇5_前2節_開始日,艇5_前2節_終了日,艇5_前2節_場コード,艇5_前2節_場名,艇5_前2節_グレード,艇5_前2節_着順列,艇5_前3節_開始日,艇5_前3節_終了日,艇5_前3節_場コード,艇5_前3節_場名,艇5_前3節_グレード,艇5_前3節_着順列,艇5_前4節_開始日,艇5_前4節_終了日,艇5_前4節_場コード,艇5_前4節_場名,艇5_前4節_グレード,艇5_前4節_着順列,艇5_前5節_開始日,艇5_前5節_終了日,艇5_前5節_場コード,艇5_前5節_場名,艇5_前5節_グレード,艇5_前5節_着順列,艇6_登録番号,艇6_選手名,艇6_前1節_開始日,艇6_前1節_終了日,艇6_前1節_場コード,艇6_前1節_場名,艇6_前1節_グレード,艇6_前1節_着順列,艇6_前2節_開始日,艇6_前2節_終了日,艇6_前2節_場コード,艇6_前2節_場名,艇6_前2節_グレード,艇6_前2節_着順列,艇6_前3節_開始日,艇6_前3節_終了日,艇6_前3節_場コード,艇6_前3節_場名,艇6_前3節_グレード,艇6_前3節_着順列,艇6_前4節_開始日,艇6_前4節_終了日,艇6_前4節_場コード,艇6_前4節_場名,艇6_前4節_グレード,艇6_前4節_着順列,艇6_前5節_開始日,艇6_前5節_終了日,艇6_前5節_場コード,艇6_前5節_場名,艇6_前5節_グレード,艇6_前5節_着順列
202608210201,2026-08-21,02,01R,3664,鈴木 賢一,2026-05-01,2026-05-06,02,戸田,一般,エ６５　２　５４４　２,2026-01-17,2026-01-22,02,戸田,一般,６　３４４　３５６　１３,2025-09-26,2025-09-29,02,戸田,一般,４　１５１１４１,2025-08-14,2025-08-19,02,戸田,一般,６２２　２　５４２５４,2025-05-01,2025-05-06,02,戸田,一般,４４３　１４６　１２５,4201,佐竹 友樹,2026-08-12,2026-08-17,02,戸田,一般,４　３４５　４４５４３６,2026-07-07,2026-07-12,02,戸田,ＧⅡ,６　５　３６５　５１６,2026-01-30,2026-02-02,02,戸田,一般,１　１２４４３６,2025-08-14,2025-08-19,02,戸田,一般,２６６　１　５５６　５４,2025-07-12,2025-07-15,02,戸田,一般,６　１３１３２５,5131,江藤 敦宏,2026-04-05,2026-04-10,02,戸田,一般,２　６３５　１３１２[６],2025-11-04,2025-11-08,02,戸田,一般,３６５　６３５　４４,2025-06-07,2025-06-10,02,戸田,一般,４　落欠,2023-11-16,2023-11-21,02,戸田,一般,４６５　１　４５４３５６,2023-09-21,2023-09-25,02,戸田,一般,３　５５５４６　２５,5374,,,,,,,,,,,,,,,,,,,,,,,,,,,,,,,,5405,竹内 来,2026-05-14,2026-05-19,02,戸田,一般,５　５６５　６６３　６,2025-09-18,2025-09-21,02,戸田,一般,６　６３５６６,,,,,,,,,,,,,,,,,,,4648,木村 亮太,2020-08-21,2020-08-24,02,戸田,一般,４６５　４６３,2019-07-26,2019-07-30,02,戸田,一般,５　６３１　１６２３,2018-12-07,2018-12-10,02,戸田,一般,２４４６５　４５,2015-09-19,2015-09-23,02,戸田,一般,６　５　１２１転２５,2015-04-14,2015-04-19,02,戸田,一般,５　５３F　４　４　６６
202608210202,2026-08-21,02,02R,3286,坂東 満,2025-09-26,2025-09-29,02,戸田,一般,５４５　３５３１,2025-01-11,2025-01-14,02,戸田,一般,５５５　３４５,2024-08-22,2024-08-26,02,戸田,一般,１　５５F２６　５,2024-03-08,2024-03-11,02,戸田,一般,６　４５６６１,2023-04-21,2023-04-26,02,戸田,一般,５５１１５　１　１　２２,5058,前原 大道,2024-10-08,2024-10-13,02,戸田,一般,２２３　１１５２１２[２],2023-01-18,2023-01-23,02,戸田,一般,２　２３６２５６１　２３,2022-01-11,2022-01-16,02,戸田,一般,２４４　１４５４１５３３,2020-12-03,2020-12-07,02,戸田,一般,３　５４３２６　３５,,,,,,,3105,内山 文典,2026-03-28,2026-04-02,02,戸田,一般,１１１　１６３　３２[３],2025-07-05,2025-07-08,02,戸田,一般,６　１４６５４５,2024-06-14,2024-06-17,02,戸田,一般,６６６　５３６,2023-12-16,2023-12-20,02,戸田,一般,４６４　３１３６３１,2023-10-20,2023-10-23,02,戸田,一般,３　１５３３３４,3313,本吉 正樹,2026-03-19,2026-03-24,02,戸田,一般,５３４　６　２６１　４３,2025-05-15,2025-05-20,02,戸田,ＧⅢ,２５４　５６４　６　５６,2024-03-01,2024-03-04,02,戸田,一般,５　６５４　５３,2021-02-13,2021-02-16,02,戸田,一般,４６４　６　５６,2020-11-06,2020-11-09,02,戸田,一般,６　２６２５３６,4439,近藤 友宝,2026-04-05,2026-04-10,02,戸田,一般,４　１４５　６４５６２３,2025-09-26,2025-09-29,02,戸田,一般,５３６　６６４２,2024-12-28,2024-12-31,02,戸田,一般,２３５　５４６４,2024-12-20,2024-12-25,02,戸田,一般,１５２　６５１　４６４,2024-08-22,2024-08-26,02,戸田,一般,６３３　２４２　６５,4215,吉島 祥之,2025-03-13,2025-03-17,02,戸田,一般,３　４２４５２　５６,2024-12-28,2024-12-31,02,戸田,一般,４１５　３１２１,2024-03-01,2024-03-04,02,戸田,一般,４２６６４　１１,2023-02-21,2023-02-26,02,戸田,ＧⅢ,２６２５４　転３２６３２,2022-12-02,2022-12-06,02,戸田,一般,２　５１３５１４１３
202608210203,2026-08-21,02,03R,5120,山本 稔太朗,2024-07-07,2024-07-11,02,戸田,一般,２２５　１３１５４５,2024-01-31,2024-02-04,02,戸田,一般,５３４３４　６６４２,2023-09-21,2023-09-25,02,戸田,一般,２３３４３　２　２５,2022-11-03,2022-11-07,02,戸田,一般,６　４４６　５６,2021-10-16,2021-10-19,02,戸田,一般,５６２　２４３１,4540,相原 利章,2025-08-22,2025-08-25,02,戸田,一般,４　６４５　４,2024-11-01,2024-11-04,02,戸田,一般,２４３　１６３３,2024-08-22,2024-08-26,02,戸田,一般,４４２　５６１２１１,2024-01-25,2024-01-28,02,戸田,一般,６３６４５　５,2023-02-15,2023-02-18,02,戸田,一般,１４４　１２６１,4287,今井 貴士,2025-11-22,2025-11-25,02,戸田,一般,２５１２１６４３,2024-08-29,2024-09-01,02,戸田,一般,１３１２１３[６],2023-07-14,2023-07-17,02,戸田,一般,３３１６３　３１,2022-03-30,2022-04-04,02,戸田,一般,４５１　２１４１５３４３,2021-09-01,2021-09-05,02,戸田,一般,１４３１２　４５５４,5070,中島 航,2026-01-30,2026-02-02,02,戸田,一般,５　４転５,2024-10-08,2024-10-13,02,戸田,一般,５　５１４　５５,2023-03-22,2023-03-26,02,戸田,一般,５６４　３　５２１４,2022-03-18,2022-03-21,02,戸田,一般,５　４５２　６６,2022-02-19,2022-02-24,02,戸田,一般,２　６６１６６　６　２５,5430,,,,,,,,,,,,,,,,,,,,,,,,,,,,,,,,4189,川上 剛,2023-09-29,2023-10-02,02,戸田,一般,３２２１２　[３],2021-08-06,2021-08-09,02,戸田,一般,４４５　１４１１,2020-04-21,2020-04-24,02,戸田,一般,５５３１４　３２,2019-07-26,2019-07-30,02,戸田,一般,１６３　４１５　１５,2019-03-28,2019-04-03,02,戸田,一般,３１２　１４４　５４３　１３
202608210204,2026-08-21,02,04R,4782,浜崎 準也,2025-02-18,2025-02-23,02,戸田,一般,１４F　５　５　６　６５,2024-12-07,2024-12-10,02,戸田,一般,１６４４３　１３,2023-05-11,2023-05-16,02,戸田,一般,３５４　１３１　１５２２,2019-07-26,2019-07-30,02,戸田,一般,４５４　６　５６６,2018-11-29,2018-12-03,02,戸田,一般,４３３　３　２６４１,4942,柴田 朋哉,2026-04-05,2026-04-10,02,戸田,一般,６　１６４３３４６４４４,2025-03-07,2025-03-10,02,戸田,一般,２５１　３１５４,2024-12-20,2024-12-25,02,戸田,一般,５３５　１５３　１６６,2023-07-14,2023-07-17,02,戸田,一般,６２４　３５５２,2021-10-16,2021-10-19,02,戸田,一般,６５３　５２２４,3888,山本 英志,2025-03-30,2025-04-04,02,戸田,一般,４　１４５５５　６２２,2023-12-10,2023-12-13,02,戸田,一般,２　２２１４[５],2023-05-11,2023-05-16,02,戸田,一般,２２２２１　５４２４４１,2023-03-12,2023-03-15,02,戸田,一般,４２１　２６１３,2023-02-02,2023-02-05,02,戸田,一般,２３４３１２[４],4496,内堀 学,2026-04-05,2026-04-10,02,戸田,一般,４　５５６,2025-12-13,2025-12-16,02,戸田,一般,３２５１２　２２,2025-03-07,2025-03-10,02,戸田,一般,２２６　２２２５,2023-05-11,2023-05-16,02,戸田,一般,２　５１５４６２２　３２,2023-03-12,2023-03-15,02,戸田,一般,１　３３３１[３],3445,加藤 高史,2026-01-11,2026-01-14,02,戸田,一般,４２６１３　１６,2025-08-06,2025-08-11,02,戸田,一般,２４３　３３１　３３４１,2025-03-13,2025-03-17,02,戸田,一般,１６３　１３２２[３],2024-08-03,2024-08-08,02,戸田,一般,６　１５５　２３５　３５,2024-06-20,2024-06-23,02,戸田,一般,２２２　２２[５],4089,妹尾 忠幸,2025-10-24,2025-10-27,02,戸田,一般,３１１２３　[５],2024-01-18,2024-01-21,02,戸田,一般,４３３４３２２２,2023-08-05,2023-08-08,02,戸田,一般,１３１３３２[６],2023-03-29,2023-04-03,02,戸田,一般,１２２　１２３２３１[３],2022-04-13,2022-04-18,02,戸田,ＧⅠ,２　６４５　２５１４１４
202608210205,2026-08-21,02,05R,4551,三川 昂暁,2025-09-10,2025-09-15,02,戸田,一般,１　１４２４１１１１[３],2023-12-16,2023-12-20,02,戸田,一般,２４６　１１１５３４,2020-02-16,2020-02-21,02,戸田,一般,１１１　１１３３３１[３],2019-09-27,2019-09-30,02,戸田,一般,１６３４１　６３,2019-02-08,2019-02-11,02,戸田,一般,４　４５２転３６,4432,黄金井 力良,2026-08-12,2026-08-17,02,戸田,一般,１３５　３３４　３２１５,2026-05-01,2026-05-06,02,戸田,一般,３６５　４　６３３３３,2025-10-24,2025-10-27,02,戸田,一般,３１６,2025-08-22,2025-08-25,02,戸田,一般,１　６５６４６５,2025-05-01,2025-05-06,02,戸田,一般,３６３　５３１　３１４,4648,木村 亮太,2020-08-21,2020-08-24,02,戸田,一般,４６５　４６３,2019-07-26,2019-07-30,02,戸田,一般,５　６３１　１６２３,2018-12-07,2018-12-10,02,戸田,一般,２４４６５　４５,2015-09-19,2015-09-23,02,戸田,一般,６　５　１２１転２５,2015-04-14,2015-04-19,02,戸田,一般,５　５３F　４　４　６６,5034,若林 義人,2026-03-07,2026-03-12,02,戸田,一般,１５１１３　１２６２[４],2025-06-07,2025-06-10,02,戸田,一般,４１５　５１２６,2022-10-25,2022-10-30,02,戸田,一般,５　１４１　２４５５５６,2022-01-11,2022-01-16,02,戸田,一般,３　６４３　３３６５５２,2021-03-16,2021-03-22,02,戸田,一般,５５１　３　５２６３５　２４,5383,中村 楓,2024-12-13,2024-12-16,02,戸田,一般,６　６　６６４５,,,,,,,,,,,,,,,,,,,,,,,,,3517,高橋 勲,2026-04-05,2026-04-10,02,戸田,一般,５　１２２２４３５１[３],2025-08-22,2025-08-25,02,戸田,一般,５５３　５４３２,2025-05-30,2025-06-04,02,戸田,ＧⅢ,６１４　４５４　４　２４,2025-03-30,2025-04-04,02,戸田,一般,４５４　３２４　４　３５,2024-12-01,2024-12-04,02,戸田,一般,２４１２５　２６
202608210206,2026-08-21,02,06R,5098,大江 純,2025-08-06,2025-08-11,02,戸田,一般,２　６２２　３６１５６６,2024-12-01,2024-12-04,02,戸田,一般,６　５４３２２４,2024-06-26,2024-07-01,02,戸田,一般,４　６３３　４５４４１５,2023-11-16,2023-11-21,02,戸田,一般,４　１５４　２３３３転６,2022-12-20,2022-12-25,02,戸田,一般,２　４６５３２　１２１４,5142,,,,,,,,,,,,,,,,,,,,,,,,,,,,,,,,4379,桑島 和宏,2022-12-20,2022-12-25,02,戸田,一般,２２４　１１５１５２１[４],2021-02-13,2021-02-16,02,戸田,一般,４６３６４　２２,2020-12-26,2020-12-31,02,戸田,一般,３　６２６　５６５　５５,2020-07-23,2020-07-27,02,戸田,一般,１３５　３３２１１３,2018-11-29,2018-12-03,02,戸田,一般,５３４１１　１２６３,4581,吉村 誠,2025-03-07,2025-03-10,02,戸田,一般,３２４　６５２１,2024-05-09,2024-05-14,02,戸田,一般,６３２　１５３５１　１２,2023-02-15,2023-02-18,02,戸田,一般,３４５　１４１２,2022-12-20,2022-12-25,02,戸田,一般,４５３　５５転,2022-10-25,2022-10-30,02,戸田,一般,１２５　２２４　１４３５,5374,,,,,,,,,,,,,,,,,,,,,,,,,,,,,,,,3313,本吉 正樹,2026-03-19,2026-03-24,02,戸田,一般,５３４　６　２６１　４３,2025-05-15,2025-05-20,02,戸田,ＧⅢ,２５４　５６４　６　５６,2024-03-01,2024-03-04,02,戸田,一般,５　６５４　５３,2021-02-13,2021-02-16,02,戸田,一般,４６４　６　５６,2020-11-06,2020-11-09,02,戸田,一般,６　２６２５３６
202608210207,2026-08-21,02,07R,4191,赤羽 克也,2026-05-01,2026-05-06,02,戸田,一般,４　１３１　１５５　４６,2026-02-25,2026-03-01,02,戸田,一般,５５２６１５１　１５,2026-01-03,2026-01-08,02,戸田,一般,４　１４４　２１５　１５,2025-12-02,2025-12-07,02,戸田,一般,１１１２３　１１３３２１,2025-08-14,2025-08-19,02,戸田,一般,４１２　５５１　３　３６,3286,坂東 満,2025-09-26,2025-09-29,02,戸田,一般,５４５　３５３１,2025-01-11,2025-01-14,02,戸田,一般,５５５　３４５,2024-08-22,2024-08-26,02,戸田,一般,１　５５F２６　５,2024-03-08,2024-03-11,02,戸田,一般,６　４５６６１,2023-04-21,2023-04-26,02,戸田,一般,５５１１５　１　１　２２,3294,野中 義生,2026-04-14,2026-04-19,02,戸田,ＧⅢ,１　４６５　６４３　１２,2025-09-18,2025-09-21,02,戸田,一般,５　１６６５１１,2024-11-15,2024-11-18,02,戸田,一般,５６５　１　２,2024-03-08,2024-03-11,02,戸田,一般,４　６５４４５,2023-09-14,2023-09-18,02,戸田,一般,５５５　４　１４３５,5131,江藤 敦宏,2026-04-05,2026-04-10,02,戸田,一般,２　６３５　１３１２[６],2025-11-04,2025-11-08,02,戸田,一般,３６５　６３５　４４,2025-06-07,2025-06-10,02,戸田,一般,４　落欠,2023-11-16,2023-11-21,02,戸田,一般,４６５　１　４５４３５６,2023-09-21,2023-09-25,02,戸田,一般,３　５５５４６　２５,3503,堂原 洋史,2026-08-12,2026-08-17,02,戸田,一般,４　５３６６２　２４５２,2026-05-01,2026-05-06,02,戸田,一般,５　４５５　６　４５４,2025-08-14,2025-08-19,02,戸田,一般,４　５６５　６５５　５,2025-05-15,2025-05-20,02,戸田,ＧⅢ,１２２　３６３　６４３４,2024-05-01,2024-05-06,02,戸田,一般,２　２５３　２６６　５５,5430,,,,,,,,,,,,,,,,,,,,,,,,,,,,,,,
202608210208,2026-08-21,02,08R,4234,野相 弘司,2026-04-05,2026-04-10,02,戸田,一般,４　６６６,2025-02-26,2025-03-03,02,戸田,一般,２　１４５　６２１６１,2022-04-23,2022-04-27,02,戸田,一般,４５２４５　５４１,2021-11-17,2021-11-22,02,戸田,ＧⅢ,４６５　４　３６４３６,2020-06-24,2020-06-29,02,戸田,ＧⅢ,５　５６,4394,永嶋 裕一,2026-03-19,2026-03-24,02,戸田,一般,１　３２２１６２３５１５,2022-10-07,2022-10-10,02,戸田,一般,２　３５１２５１,2021-11-17,2021-11-22,02,戸田,ＧⅢ,６　４３５５欠,2019-03-28,2019-04-03,02,戸田,一般,３　５１６　６５３　６１４３,2017-11-16,2017-11-19,02,戸田,一般,５　３６２６４２,4496,内堀 学,2026-04-05,2026-04-10,02,戸田,一般,４　５５６,2025-12-13,2025-12-16,02,戸田,一般,３２５１２　２２,2025-03-07,2025-03-10,02,戸田,一般,２２６　２２２５,2023-05-11,2023-05-16,02,戸田,一般,２　５１５４６２２　３２,2023-03-12,2023-03-15,02,戸田,一般,１　３３３１[３],5405,竹内 来,2026-05-14,2026-05-19,02,戸田,一般,５　５６５　６６３　６,2025-09-18,2025-09-21,02,戸田,一般,６　６３５６６,,,,,,,,,,,,,,,,,,,4540,相原 利章,2025-08-22,2025-08-25,02,戸田,一般,４　６４５　４,2024-11-01,2024-11-04,02,戸田,一般,２４３　１６３３,2024-08-22,2024-08-26,02,戸田,一般,４４２　５６１２１１,2024-01-25,2024-01-28,02,戸田,一般,６３６４５　５,2023-02-15,2023-02-18,02,戸田,一般,１４４　１２６１,4457,神田 達也,2026-02-25,2026-03-01,02,戸田,一般,３　３４６５６　５,2025-09-26,2025-09-29,02,戸田,一般,１２４４６　１６,2025-06-13,2025-06-16,02,戸田,一般,２　５４６４４,2021-12-10,2021-12-13,02,戸田,一般,２　４２２２[５],2021-09-01,2021-09-05,02,戸田,一般,２４５　２３６　２６
202608210209,2026-08-21,02,09R,3888,山本 英志,2025-03-30,2025-04-04,02,戸田,一般,４　１４５５５　６２２,2023-12-10,2023-12-13,02,戸田,一般,２　２２１４[５],2023-05-11,2023-05-16,02,戸田,一般,２２２２１　５４２４４１,2023-03-12,2023-03-15,02,戸田,一般,４２１　２６１３,2023-02-02,2023-02-05,02,戸田,一般,２３４３１２[４],4287,今井 貴士,2025-11-22,2025-11-25,02,戸田,一般,２５１２１６４３,2024-08-29,2024-09-01,02,戸田,一般,１３１２１３[６],2023-07-14,2023-07-17,02,戸田,一般,３３１６３　３１,2022-03-30,2022-04-04,02,戸田,一般,４５１　２１４１５３４３,2021-09-01,2021-09-05,02,戸田,一般,１４３１２　４５５４,4439,近藤 友宝,2026-04-05,2026-04-10,02,戸田,一般,４　１４５　６４５６２３,2025-09-26,2025-09-29,02,戸田,一般,５３６　６６４２,2024-12-28,2024-12-31,02,戸田,一般,２３５　５４６４,2024-12-20,2024-12-25,02,戸田,一般,１５２　６５１　４６４,2024-08-22,2024-08-26,02,戸田,一般,６３３　２４２　６５,4201,佐竹 友樹,2026-08-12,2026-08-17,02,戸田,一般,４　３４５　４４５４３６,2026-07-07,2026-07-12,02,戸田,ＧⅡ,６　５　３６５　５１６,2026-01-30,2026-02-02,02,戸田,一般,１　１２４４３６,2025-08-14,2025-08-19,02,戸田,一般,２６６　１　５５６　５４,2025-07-12,2025-07-15,02,戸田,一般,６　１３１３２５,4618,乃村 康友,2026-04-14,2026-04-19,02,戸田,ＧⅢ,６　３　３５２３６　４３,2025-09-18,2025-09-21,02,戸田,一般,１１４２５　２６,2023-11-26,2023-11-29,02,戸田,一般,２３５３３　４６,2021-03-30,2021-04-04,02,戸田,一般,５１４　６４６　１５４４,2020-04-15,2020-04-19,02,戸田,一般,６１,5034,若林 義人,2026-03-07,2026-03-12,02,戸田,一般,１５１１３　１２６２[４],2025-06-07,2025-06-10,02,戸田,一般,４１５　５１２６,2022-10-25,2022-10-30,02,戸田,一般,５　１４１　２４５５５６,2022-01-11,2022-01-16,02,戸田,一般,３　６４３　３３６５５２,2021-03-16,2021-03-22,02,戸田,一般,５５１　３　５２６３５　２４
202608210210,2026-08-21,02,10R,4379,桑島 和宏,2022-12-20,2022-12-25,02,戸田,一般,２２４　１１５１５２１[４],2021-02-13,2021-02-16,02,戸田,一般,４６３６４　２２,2020-12-26,2020-12-31,02,戸田,一般,３　６２６　５６５　５５,2020-07-23,2020-07-27,02,戸田,一般,１３５　３３２１１３,2018-11-29,2018-12-03,02,戸田,一般,５３４１１　１２６３,3105,内山 文典,2026-03-28,2026-04-02,02,戸田,一般,１１１　１６３　３２[３],2025-07-05,2025-07-08,02,戸田,一般,６　１４６５４５,2024-06-14,2024-06-17,02,戸田,一般,６６６　５３６,2023-12-16,2023-12-20,02,戸田,一般,４６４　３１３６３１,2023-10-20,2023-10-23,02,戸田,一般,３　１５３３３４,4189,川上 剛,2023-09-29,2023-10-02,02,戸田,一般,３２２１２　[３],2021-08-06,2021-08-09,02,戸田,一般,４４５　１４１１,2020-04-21,2020-04-24,02,戸田,一般,５５３１４　３２,2019-07-26,2019-07-30,02,戸田,一般,１６３　４１５　１５,2019-03-28,2019-04-03,02,戸田,一般,３１２　１４４　５４３　１３,4782,浜崎 準也,2025-02-18,2025-02-23,02,戸田,一般,１４F　５　５　６　６５,2024-12-07,2024-12-10,02,戸田,一般,１６４４３　１３,2023-05-11,2023-05-16,02,戸田,一般,３５４　１３１　１５２２,2019-07-26,2019-07-30,02,戸田,一般,４５４　６　５６６,2018-11-29,2018-12-03,02,戸田,一般,４３３　３　２６４１,3664,鈴木 賢一,2026-05-01,2026-05-06,02,戸田,一般,エ６５　２　５４４　２,2026-01-17,2026-01-22,02,戸田,一般,６　３４４　３５６　１３,2025-09-26,2025-09-29,02,戸田,一般,４　１５１１４１,2025-08-14,2025-08-19,02,戸田,一般,６２２　２　５４２５４,2025-05-01,2025-05-06,02,戸田,一般,４４３　１４６　１２５,4472,尾嶋 一広,2025-09-18,2025-09-21,02,戸田,一般,２１１１１１[１],2025-03-30,2025-04-04,02,戸田,一般,２３５　１２２１２３２１,2024-12-07,2024-12-10,02,戸田,一般,３５１２５４１３,2024-10-02,2024-10-05,02,戸田,一般,４３１１３１[６],2023-11-07,2023-11-12,02,戸田,一般,６２６　５２３３２４２４
202608210211,2026-08-21,02,11R,4581,吉村 誠,2025-03-07,2025-03-10,02,戸田,一般,３２４　６５２１,2024-05-09,2024-05-14,02,戸田,一般,６３２　１５３５１　１２,2023-02-15,2023-02-18,02,戸田,一般,３４５　１４１２,2022-12-20,2022-12-25,02,戸田,一般,４５３　５５転,2022-10-25,2022-10-30,02,戸田,一般,１２５　２２４　１４３５,5120,山本 稔太朗,2024-07-07,2024-07-11,02,戸田,一般,２２５　１３１５４５,2024-01-31,2024-02-04,02,戸田,一般,５３４３４　６６４２,2023-09-21,2023-09-25,02,戸田,一般,２３３４３　２　２５,2022-11-03,2022-11-07,02,戸田,一般,６　４４６　５６,2021-10-16,2021-10-19,02,戸田,一般,５６２　２４３１,3508,久富 政弘,2024-03-01,2024-03-04,02,戸田,一般,５５１　２３５,2020-04-15,2020-04-19,02,戸田,一般,５６４　３５２　５,2019-10-31,2019-11-05,02,戸田,一般,１３５　６５４　６　５２,2017-01-19,2017-01-22,02,戸田,一般,５　１４２１３５,2015-06-13,2015-06-16,02,戸田,一般,２　２４３６３６,5383,中村 楓,2024-12-13,2024-12-16,02,戸田,一般,６　６　６６４５,,,,,,,,,,,,,,,,,,,,,,,,,4089,妹尾 忠幸,2025-10-24,2025-10-27,02,戸田,一般,３１１２３　[５],2024-01-18,2024-01-21,02,戸田,一般,４３３４３２２２,2023-08-05,2023-08-08,02,戸田,一般,１３１３３２[６],2023-03-29,2023-04-03,02,戸田,一般,１２２　１２３２３１[３],2022-04-13,2022-04-18,02,戸田,ＧⅠ,２　６４５　２５１４１４,5058,前原 大道,2024-10-08,2024-10-13,02,戸田,一般,２２３　１１５２１２[２],2023-01-18,2023-01-23,02,戸田,一般,２　２３６２５６１　２３,2022-01-11,2022-01-16,02,戸田,一般,２４４　１４５４１５３３,2020-12-03,2020-12-07,02,戸田,一般,３　５４３２６　３５,,,,,,
202608210212,2026-08-21,02,12R,5142,,,,,,,,,,,,,,,,,,,,,,,,,,,,,,,,5070,中島 航,2026-01-30,2026-02-02,02,戸田,一般,５　４転５,2024-10-08,2024-10-13,02,戸田,一般,５　５１４　５５,2023-03-22,2023-03-26,02,戸田,一般,５６４　３　５２１４,2022-03-18,2022-03-21,02,戸田,一般,５　４５２　６６,2022-02-19,2022-02-24,02,戸田,一般,２　６６１６６　６　２５,4191,赤羽 克也,2026-05-01,2026-05-06,02,戸田,一般,４　１３１　１５５　４６,2026-02-25,2026-03-01,02,戸田,一般,５５２６１５１　１５,2026-01-03,2026-01-08,02,戸田,一般,４　１４４　２１５　１５,2025-12-02,2025-12-07,02,戸田,一般,１１１２３　１１３３２１,2025-08-14,2025-08-19,02,戸田,一般,４１２　５５１　３　３６,4942,柴田 朋哉,2026-04-05,2026-04-10,02,戸田,一般,６　１６４３３４６４４４,2025-03-07,2025-03-10,02,戸田,一般,２５１　３１５４,2024-12-20,2024-12-25,02,戸田,一般,５３５　１５３　１６６,2023-07-14,2023-07-17,02,戸田,一般,６２４　３５５２,2021-10-16,2021-10-19,02,戸田,一般,６５３　５２２４,4066,東本 勝利,2026-02-25,2026-03-01,02,戸田,一般,１６４５３２２　３５,2025-11-04,2025-11-08,02,戸田,一般,３４３３５　５　３,2025-08-28,2025-08-31,02,戸田,一般,１　３３１３[２],2025-01-11,2025-01-14,02,戸田,一般,２２２２５３１２,2024-04-19,2024-04-24,02,戸田,ＧⅢ,３２３１２５４　３２[５],4394,永嶋 裕一,2026-03-19,2026-03-24,02,戸田,一般,１　３２２１６２３５１５,2022-10-07,2022-10-10,02,戸田,一般,２　３５１２５１,2021-11-17,2021-11-22,02,戸田,ＧⅢ,６　４３５５欠,2019-03-28,2019-04-03,02,戸田,一般,３　５１６　６５３　６１４３,2017-11-16,2017-11-19,02,戸田,一般,５　３６２６４２
202608210301,2026-08-21,03,01R,4169,多田 有佑,2026-04-26,2026-05-01,03,江戸川,一般,５　６４５　３６６　６４,2025-11-23,2025-11-28,03,江戸川,一般,４　３６３５１　５５４６,2025-06-05,2025-06-10,03,江戸川,一般,３４１　２　５　F４４４,2025-04-24,2025-04-29,03,江戸川,一般,３６１　３３５　５６５２,2024-05-18,2024-05-23,03,江戸川,一般,１５５　６４６　３１１,4129,宇野 博之,2025-11-23,2025-11-28,03,江戸川,一般,４４２　５２４４４　２５,2025-04-08,2025-04-13,03,江戸川,一般,４　５５１４５　６５２５,2024-06-25,2024-06-28,03,江戸川,一般,３３２　転５６５,2024-03-07,2024-03-11,03,江戸川,一般,５６４６１２６１,2023-10-13,2023-10-16,03,江戸川,一般,３５５６６　６１,3652,森下 勇,2026-03-07,2026-03-10,03,江戸川,一般,６３３６５　４４,2025-11-23,2025-11-28,03,江戸川,一般,２　４４５　５１３　３６,2024-12-03,2024-12-08,03,江戸川,一般,４　１３５　６５５　５１,2017-12-24,2017-12-29,03,江戸川,一般,３　２３３　１６F欠,2017-09-27,2017-10-02,03,江戸川,一般,５５４　３２５　１５６５,5103,芝田 京介,2025-11-16,2025-11-19,03,江戸川,一般,３３５　４転６４,2025-07-20,2025-07-25,03,江戸川,一般,６１３　F６４　転４２５,2025-04-24,2025-04-29,03,江戸川,一般,６　３６５６３　６４５４,2025-01-23,2025-01-28,03,江戸川,一般,４６５　２６３４１４５,2024-11-18,2024-11-22,03,江戸川,一般,３　４５４　３４３４,3812,山崎 聖司,2026-03-07,2026-03-10,03,江戸川,一般,４６３２５　３３,2025-10-25,2025-10-30,03,江戸川,一般,６　２２６６５　３６３,2025-09-14,2025-09-18,03,江戸川,一般,３５４　５３４　４１,2025-08-17,2025-08-22,03,江戸川,一般,４　４　５５３５３　２１,2025-05-16,2025-05-21,03,江戸川,一般,５　２　２５４,5276,大島 隆乃介,2025-12-08,2025-12-14,03,江戸川,一般,３４２　５落４　２２３１,2024-12-15,2024-12-20,03,江戸川,一般,１　３４５　４３５　６２,2024-09-28,2024-10-03,03,江戸川,一般,３　３６３　６４２５３,,,,,,,,,,,,
202608210302,2026-08-21,03,02R,4943,八木 治樹,2025-12-25,2025-12-29,03,江戸川,一般,１３２　５２４６２６,2025-07-05,2025-07-10,03,江戸川,一般,４２１　３５６５２　３５,2024-05-18,2024-05-23,03,江戸川,一般,３５４　３１１　４５３４,2023-09-02,2023-09-07,03,江戸川,一般,４５２　２１　　３５,2023-02-24,2023-03-01,03,江戸川,一般,３　３６２　１６２　３１,4041,小林 基樹,2025-12-17,2025-12-21,03,江戸川,一般,１　５３４　２４４４,2025-04-08,2025-04-13,03,江戸川,一般,６　４２６５４　６３１６,2023-11-15,2023-11-21,03,江戸川,一般,６４６　２転５６３　５,2020-02-18,2020-02-22,03,江戸川,一般,２　５６５　３４６,2018-12-09,2018-12-12,03,江戸川,一般,５　１３３５２１,4895,門間 雄大,2024-06-16,2024-06-21,03,江戸川,一般,５　５５３　４５５　５,2021-08-03,2021-08-08,03,江戸川,一般,３　３３３　２５２　４４,2021-04-08,2021-04-13,03,江戸川,一般,２６５　１４１　５４５５,2020-05-03,2020-05-08,03,江戸川,一般,２　１５落　５５４６,2019-12-15,2019-12-20,03,江戸川,一般,３　５４６　４５落　６,4213,重富 伸也,2025-03-11,2025-03-16,03,江戸川,一般,４　５５３　４２６６１,2024-11-18,2024-11-22,03,江戸川,一般,６　２３４５３　４１,2024-05-18,2024-05-23,03,江戸川,一般,２　４４１　２４５　１６,2024-02-04,2024-02-07,03,江戸川,一般,４５２５６　５３,2023-11-30,2023-12-05,03,江戸川,一般,３　５１１　２５１　５２,4167,片岡 秀樹,2026-04-13,2026-04-18,03,江戸川,一般,３　３６６　３１５　３２,2025-09-21,2025-09-24,03,江戸川,一般,６３２５６　３６,2025-03-01,2025-03-06,03,江戸川,一般,１２４　転欠,2024-03-14,2024-03-19,03,江戸川,一般,１　２　２４６１,2023-10-21,2023-10-25,03,江戸川,一般,５　４６５　エ欠,5101,表 健太,2025-12-25,2025-12-29,03,江戸川,一般,転　６５２,2025-09-21,2025-09-24,03,江戸川,一般,２６５４１４６,2023-06-22,2023-06-25,03,江戸川,一般,３６３　６５４４,,,,,,,,,,,,
202608210303,2026-08-21,03,03R,5307,富永 夏哉人,2026-06-11,2026-06-16,03,江戸川,一般,３４４３２　３４５　３２,2025-09-28,2025-10-02,03,江戸川,一般,５５１　１２５５１,,,,,,,,,,,,,,,,,,,5249,三木 晴斗,2025-12-08,2025-12-14,03,江戸川,一般,４３３　２３１　３１エ２,2025-07-05,2025-07-10,03,江戸川,一般,４３４　３５３　４３３,2024-09-28,2024-10-03,03,江戸川,一般,５　６６２　６５２４５,,,,,,,,,,,,,4124,池田 雄一,2025-07-20,2025-07-25,03,江戸川,一般,１　２４３　３２２４４１,2024-01-27,2024-01-31,03,江戸川,一般,４　２３３３１　[６],2023-04-16,2023-04-21,03,江戸川,一般,４４３　１６３　２３４２,2022-12-06,2022-12-09,03,江戸川,一般,３１２３２　[２],2022-05-25,2022-05-30,03,江戸川,一般,１　２　１１３２１１[転],5063,大塚 雅治,2026-04-26,2026-05-01,03,江戸川,一般,４　３６３　４５３　２６,2026-01-02,2026-01-07,03,江戸川,一般,６２５　６４５　５４３,2025-08-17,2025-08-22,03,江戸川,一般,６　６５２３４　５６１４,2025-04-24,2025-04-29,03,江戸川,一般,３　２４６　６６６６５,2024-04-05,2024-04-10,03,江戸川,一般,１　転４６６５　３１,4790,柳内 敬太,2022-11-26,2022-12-02,03,江戸川,一般,４４４　１４４　２３２５,2022-05-25,2022-05-30,03,江戸川,一般,４３４　１６４　６２４２,2021-12-17,2021-12-20,03,江戸川,一般,４６１３１　１２,2021-09-02,2021-09-07,03,江戸川,一般,６１２　４２６１６　３１,2020-12-03,2020-12-08,03,江戸川,一般,４　３５５　３１１　１６,3935,岩津 徹郎,2026-05-25,2026-05-31,03,江戸川,一般,３２２　転２２　　　２　５５,2025-12-17,2025-12-21,03,江戸川,一般,６　１４１５２　２,2025-06-14,2025-06-17,03,江戸川,一般,６　２４５６,2024-08-27,2024-09-01,03,江戸川,一般,　　６１５　４３４　１２,2024-03-14,2024-03-19,03,江戸川,一般,５４２　４
202608210304,2026-08-21,03,04R,5329,金子 龍斗,2025-11-16,2025-11-19,03,江戸川,一般,４　３４５３５,2024-09-28,2024-10-03,03,江戸川,一般,５５転　４６６　３３４,2024-07-02,2024-07-07,03,江戸川,一般,５　６４４　５２２５３１,,,,,,,,,,,,,5259,野田 昇吾,2026-03-07,2026-03-10,03,江戸川,一般,１転６　３６５１,2025-09-14,2025-09-18,03,江戸川,一般,４　１２４　５５５,2025-05-16,2025-05-21,03,江戸川,一般,４６　　５　５,2024-12-24,2024-12-29,03,江戸川,一般,５　６５５　５３６５４６,2024-09-28,2024-10-03,03,江戸川,一般,６　４６６　３６５　４２,5065,伊久間 陽優,2025-11-23,2025-11-28,03,江戸川,一般,１１２　４５６　１２６５,2025-08-03,2025-08-08,03,江戸川,ＧⅢ,６　３　４　６５４６１５,2025-05-16,2025-05-21,03,江戸川,一般,１６　　５,2025-02-13,2025-02-19,03,江戸川,一般,６６３　１２１　１３２５,2023-12-16,2023-12-20,03,江戸川,一般,５　３１２４５　１４,4693,松下 誉士,2026-01-10,2026-01-15,03,江戸川,一般,４　３４４２,2025-09-28,2025-10-02,03,江戸川,一般,２　１４３４４　１６,2025-07-05,2025-07-10,03,江戸川,一般,６　２４１　２４３　２６,2025-05-07,2025-05-12,03,江戸川,一般,６４４　２６３　２４５,2024-12-24,2024-12-29,03,江戸川,一般,３４６　６６３４２　３４,4475,末永 祐輝,2026-02-01,2026-02-04,03,江戸川,一般,３　４３,2025-11-23,2025-11-28,03,江戸川,一般,２２２　１３３　３４４１,2025-07-05,2025-07-10,03,江戸川,一般,３転１　３２３　２１２５,2025-03-11,2025-03-16,03,江戸川,一般,１　４４３　３３１４３,2024-10-07,2024-10-11,03,江戸川,一般,　　６　２５２４１,3989,熊本 英一,2025-09-28,2025-10-02,03,江戸川,一般,２　４６５６,2024-09-12,2024-09-18,03,江戸川,ＧⅢ,６　転欠,2024-04-19,2024-04-25,03,江戸川,一般,６５２　４４３　５５３,2024-02-04,2024-02-07,03,江戸川,一般,５２５６４　６６,2019-04-02,2019-04-07,03,江戸川,一般,１　４　４　２３５５
202608210305,2026-08-21,03,05R,5048,眞鳥 康太,2025-12-25,2025-12-29,03,江戸川,一般,４　３２１１２　５１,2025-03-11,2025-03-16,03,江戸川,一般,３５２　２６２３６　２２,2024-11-26,2024-11-30,03,江戸川,一般,５　６２１２３５,2024-01-27,2024-01-31,03,江戸川,一般,４６２　３２４　２３,2022-11-07,2022-11-12,03,江戸川,一般,２３５　５５１　６３２６,5100,栗原 一馬,2025-09-28,2025-10-02,03,江戸川,一般,４　６１１　４３３４,2024-12-03,2024-12-08,03,江戸川,一般,４　２５６　５５３　１５,2023-11-15,2023-11-21,03,江戸川,一般,４　５５５　２４５５４,2023-09-09,2023-09-15,03,江戸川,一般,４３３　６５５２４　５５,2022-12-25,2022-12-30,03,江戸川,一般,３５６　５６１３４　４エ,4857,加藤 翔馬,2024-06-25,2024-06-28,03,江戸川,一般,２５１　３４１３,2022-07-26,2022-07-31,03,江戸川,ＧⅡ,２５３　２１２３１３６３,2021-02-11,2021-02-18,03,江戸川,一般,　　５　５２２　５１１,2020-11-17,2020-11-24,03,江戸川,一般,１１３　５５１　１４３４,2019-09-09,2019-09-15,03,江戸川,一般,３　１６１３６　１５６３,5290,坂本 一真,2026-06-11,2026-06-16,03,江戸川,一般,４　４６３　５４３４５,2026-04-26,2026-05-01,03,江戸川,一般,５５２　２２４　５２５３,2026-01-02,2026-01-07,03,江戸川,一般,３　３６６　５５６　エ１,2025-01-02,2025-01-07,03,江戸川,一般,４４５　６転５　５５４５,2024-12-03,2024-12-08,03,江戸川,一般,１３５　５落４　５６２,4403,木下 大將,2026-02-08,2026-02-12,03,江戸川,一般,５６１１６　５６５１,2025-09-28,2025-10-02,03,江戸川,一般,１　３４６　２６２１,2025-05-16,2025-05-21,03,江戸川,一般,２　　　６６,2024-09-21,2024-09-26,03,江戸川,一般,３１２１１　[１],2024-04-19,2024-04-25,03,江戸川,一般,３１５　３２５　３転,5388,佐野 優都,2025-12-08,2025-12-14,03,江戸川,一般,５　４５５２２　３転３,2025-07-05,2025-07-10,03,江戸川,一般,６　３３６　１４６　４４,,,,,,,,,,,,,,,,,,
202608210306,2026-08-21,03,06R,5199,垂水 悠,2026-01-10,2026-01-15,03,江戸川,一般,１　２１[１],2025-09-21,2025-09-24,03,江戸川,一般,１１５　１４３２,2023-07-27,2023-08-01,03,江戸川,一般,１４３６F　６６６５５４,2023-06-29,2023-07-04,03,江戸川,一般,２５２　１６２　転１１４,2023-06-12,2023-06-17,03,江戸川,一般,２　５４２４５　５２６,3652,森下 勇,2026-03-07,2026-03-10,03,江戸川,一般,６３３６５　４４,2025-11-23,2025-11-28,03,江戸川,一般,２　４４５　５１３　３６,2024-12-03,2024-12-08,03,江戸川,一般,４　１３５　６５５　５１,2017-12-24,2017-12-29,03,江戸川,一般,３　２３３　１６F欠,2017-09-27,2017-10-02,03,江戸川,一般,５５４　３２５　１５６５,5253,藤井 太雅,2026-01-02,2026-01-07,03,江戸川,一般,５５６　３５４　１５５,2025-08-17,2025-08-22,03,江戸川,一般,６　５５４６５　６３３６,2025-05-07,2025-05-12,03,江戸川,一般,１６５　３４４　１４３,2024-12-24,2024-12-29,03,江戸川,一般,５　３２２　３６３２６５,2024-11-26,2024-11-30,03,江戸川,一般,１３５４転　６４,5137,川原 涼,2026-02-28,2026-03-03,03,江戸川,一般,２　６６５,2026-02-01,2026-02-04,03,江戸川,一般,３１３５５　１エ,2024-09-28,2024-10-03,03,江戸川,一般,４３１　２５１１４　１４,2024-03-21,2024-03-27,03,江戸川,一般,２　１６F６６　６４６６,2024-02-04,2024-02-07,03,江戸川,一般,４　４２３４落,4041,小林 基樹,2025-12-17,2025-12-21,03,江戸川,一般,１　５３４　２４４４,2025-04-08,2025-04-13,03,江戸川,一般,６　４２６５４　６３１６,2023-11-15,2023-11-21,03,江戸川,一般,６４６　２転５６３　５,2020-02-18,2020-02-22,03,江戸川,一般,２　５６５　３４６,2018-12-09,2018-12-12,03,江戸川,一般,５　１３３５２１,5028,原田 才一郎,2025-03-01,2025-03-06,03,江戸川,一般,４　１５１　１４３５５３,2024-09-28,2024-10-03,03,江戸川,一般,１２２　３４１　５１[２],2022-10-20,2022-10-25,03,江戸川,一般,３　５５１　２４５４６,2022-02-20,2022-02-25,03,江戸川,一般,４エ５３３　３３６６４６,,,,,,
202608210307,2026-08-21,03,07R,5312,川辺 郭人,2026-06-11,2026-06-16,03,江戸川,一般,６　４５６３６　６４５５,,,,,,,,,,,,,,,,,,,,,,,,,5132,中野 希一,2025-11-23,2025-11-28,03,江戸川,一般,１　欠欠,2025-09-14,2025-09-18,03,江戸川,一般,１　３４４　３２１５,2025-02-21,2025-02-26,03,江戸川,一般,１　３３４　１２２２[３],2024-12-24,2024-12-29,03,江戸川,一般,４　４５４　１５２４２,2024-06-16,2024-06-21,03,江戸川,一般,６３１　３２５　２２１３,5276,大島 隆乃介,2025-12-08,2025-12-14,03,江戸川,一般,３４２　５落４　２２３１,2024-12-15,2024-12-20,03,江戸川,一般,１　３４５　４３５　６２,2024-09-28,2024-10-03,03,江戸川,一般,３　３６３　６４２５３,,,,,,,,,,,,,4167,片岡 秀樹,2026-04-13,2026-04-18,03,江戸川,一般,３　３６６　３１５　３２,2025-09-21,2025-09-24,03,江戸川,一般,６３２５６　３６,2025-03-01,2025-03-06,03,江戸川,一般,１２４　転欠,2024-03-14,2024-03-19,03,江戸川,一般,１　２　２４６１,2023-10-21,2023-10-25,03,江戸川,一般,５　４６５　エ欠,3935,岩津 徹郎,2026-05-25,2026-05-31,03,江戸川,一般,３２２　転２２　　　２　５５,2025-12-17,2025-12-21,03,江戸川,一般,６　１４１５２　２,2025-06-14,2025-06-17,03,江戸川,一般,６　２４５６,2024-08-27,2024-09-01,03,江戸川,一般,　　６１５　４３４　１２,2024-03-14,2024-03-19,03,江戸川,一般,５４２　４,5252,荒木 颯斗,2025-12-08,2025-12-14,03,江戸川,一般,５欠,2025-07-20,2025-07-25,03,江戸川,一般,３　１３１　３３４２[２],2025-06-14,2025-06-17,03,江戸川,一般,５３４　３１２５,2024-09-28,2024-10-03,03,江戸川,一般,２　３２,2024-05-18,2024-05-23,03,江戸川,一般,４　３５１　６３３　５３
202608210308,2026-08-21,03,08R,5210,藤井 公人,2025-11-16,2025-11-19,03,江戸川,一般,５６２　６４転５,2025-02-13,2025-02-19,03,江戸川,一般,２　１３１　５　３６３５,2024-09-28,2024-10-03,03,江戸川,一般,２　３１３　４５４５２４,2024-03-21,2024-03-27,03,江戸川,一般,３　５　６６４６４　５１,2024-01-27,2024-01-31,03,江戸川,一般,３　５３５　欠欠,5329,金子 龍斗,2025-11-16,2025-11-19,03,江戸川,一般,４　３４５３５,2024-09-28,2024-10-03,03,江戸川,一般,５５転　４６６　３３４,2024-07-02,2024-07-07,03,江戸川,一般,５　６４４　５２２５３１,,,,,,,,,,,,,4118,宇佐見 淳,2025-11-07,2025-11-12,03,江戸川,一般,４３２２２　３１５３[４],2025-07-05,2025-07-10,03,江戸川,一般,１１４　２２１　２１[４],2025-02-13,2025-02-19,03,江戸川,一般,２２２　６２２　２６６３,2024-10-07,2024-10-11,03,江戸川,一般,　　６１４　４１１４,2024-02-27,2024-03-04,03,江戸川,ＧⅠ,１　４６６　４　６２３６,4705,吉川 勇作,2026-04-13,2026-04-18,03,江戸川,一般,５　６６６　６４５　６３,2025-12-25,2025-12-29,03,江戸川,一般,３４４　４４１　３６,2025-06-21,2025-06-27,03,江戸川,一般,５　４　２４２　６４３,2025-03-11,2025-03-16,03,江戸川,一般,５４５　５３１　４５１３,2024-05-18,2024-05-23,03,江戸川,一般,４６６　４４１　２４１,4169,多田 有佑,2026-04-26,2026-05-01,03,江戸川,一般,５　６４５　３６６　６４,2025-11-23,2025-11-28,03,江戸川,一般,４　３６３５１　５５４６,2025-06-05,2025-06-10,03,江戸川,一般,３４１　２　５　F４４４,2025-04-24,2025-04-29,03,江戸川,一般,３６１　３３５　５６５２,2024-05-18,2024-05-23,03,江戸川,一般,１５５　６４６　３１１,5249,三木 晴斗,2025-12-08,2025-12-14,03,江戸川,一般,４３３　２３１　３１エ２,2025-07-05,2025-07-10,03,江戸川,一般,４３４　３５３　４３３,2024-09-28,2024-10-03,03,江戸川,一般,５　６６２　６５２４５,,,,,,,,,,,,
202608210309,2026-08-21,03,09R,4790,柳内 敬太,2022-11-26,2022-12-02,03,江戸川,一般,４４４　１４４　２３２５,2022-05-25,2022-05-30,03,江戸川,一般,４３４　１６４　６２４２,2021-12-17,2021-12-20,03,江戸川,一般,４６１３１　１２,2021-09-02,2021-09-07,03,江戸川,一般,６１２　４２６１６　３１,2020-12-03,2020-12-08,03,江戸川,一般,４　３５５　３１１　１６,5290,坂本 一真,2026-06-11,2026-06-16,03,江戸川,一般,４　４６３　５４３４５,2026-04-26,2026-05-01,03,江戸川,一般,５５２　２２４　５２５３,2026-01-02,2026-01-07,03,江戸川,一般,３　３６６　５５６　エ１,2025-01-02,2025-01-07,03,江戸川,一般,４４５　６転５　５５４５,2024-12-03,2024-12-08,03,江戸川,一般,１３５　５落４　５６２,4129,宇野 博之,2025-11-23,2025-11-28,03,江戸川,一般,４４２　５２４４４　２５,2025-04-08,2025-04-13,03,江戸川,一般,４　５５１４５　６５２５,2024-06-25,2024-06-28,03,江戸川,一般,３３２　転５６５,2024-03-07,2024-03-11,03,江戸川,一般,５６４６１２６１,2023-10-13,2023-10-16,03,江戸川,一般,３５５６６　６１,5065,伊久間 陽優,2025-11-23,2025-11-28,03,江戸川,一般,１１２　４５６　１２６５,2025-08-03,2025-08-08,03,江戸川,ＧⅢ,６　３　４　６５４６１５,2025-05-16,2025-05-21,03,江戸川,一般,１６　　５,2025-02-13,2025-02-19,03,江戸川,一般,６６３　１２１　１３２５,2023-12-16,2023-12-20,03,江戸川,一般,５　３１２４５　１４,5101,表 健太,2025-12-25,2025-12-29,03,江戸川,一般,転　６５２,2025-09-21,2025-09-24,03,江戸川,一般,２６５４１４６,2023-06-22,2023-06-25,03,江戸川,一般,３６３　６５４４,,,,,,,,,,,,,5261,岡 暢祐,2026-05-25,2026-05-31,03,江戸川,一般,１　３５５　５１　　４　３４,2025-12-25,2025-12-29,03,江戸川,一般,６４４　３５１　４４,2025-03-01,2025-03-06,03,江戸川,一般,６５６　１６３　６６２３,2024-02-04,2024-02-07,03,江戸川,一般,６　１６６３１,,,,,,
202608210310,2026-08-21,03,10R,4933,板橋 侑我,2026-02-18,2026-02-24,03,江戸川,ＧⅠ,２　１　３２３　２　[１],2025-04-08,2025-04-13,03,江戸川,一般,４　４１２１５　４１１２,2024-07-30,2024-08-04,03,江戸川,ＧⅢ,３　４１３　３F６５１,2024-02-27,2024-03-04,03,江戸川,ＧⅠ,２５６　５６６　２　２,2023-10-21,2023-10-25,03,江戸川,一般,１３５１２　１１[３],5181,森 智哉,2026-03-07,2026-03-10,03,江戸川,一般,４２２５５　４１,2024-07-02,2024-07-07,03,江戸川,一般,４１６　５４,2023-09-09,2023-09-15,03,江戸川,一般,１５１　５３１　４４落２,2023-04-16,2023-04-21,03,江戸川,一般,４　２５５５１　５４６,,,,,,,5063,大塚 雅治,2026-04-26,2026-05-01,03,江戸川,一般,４　３６３　４５３　２６,2026-01-02,2026-01-07,03,江戸川,一般,６２５　６４５　５４３,2025-08-17,2025-08-22,03,江戸川,一般,６　６５２３４　５６１４,2025-04-24,2025-04-29,03,江戸川,一般,３　２４６　６６６６５,2024-04-05,2024-04-10,03,江戸川,一般,１　転４６６５　３１,4403,木下 大將,2026-02-08,2026-02-12,03,江戸川,一般,５６１１６　５６５１,2025-09-28,2025-10-02,03,江戸川,一般,１　３４６　２６２１,2025-05-16,2025-05-21,03,江戸川,一般,２　　　６６,2024-09-21,2024-09-26,03,江戸川,一般,３１２１１　[１],2024-04-19,2024-04-25,03,江戸川,一般,３１５　３２５　３転,4161,黒柳 浩孝,2026-06-24,2026-06-29,03,江戸川,一般,５　１２６　２３２６５４,2026-05-11,2026-05-16,03,江戸川,ＧⅡ,６　２３２　５５６　４５,2026-03-07,2026-03-10,03,江戸川,一般,５３３　２２３２,2025-11-16,2025-11-19,03,江戸川,一般,３　３２２　４４,2025-08-03,2025-08-08,03,江戸川,ＧⅢ,５２　　３４５１１４１３,5103,芝田 京介,2025-11-16,2025-11-19,03,江戸川,一般,３３５　４転６４,2025-07-20,2025-07-25,03,江戸川,一般,６１３　F６４　転４２５,2025-04-24,2025-04-29,03,江戸川,一般,６　３６５６３　６４５４,2025-01-23,2025-01-28,03,江戸川,一般,４６５　２６３４１４５,2024-11-18,2024-11-22,03,江戸川,一般,３　４５４　３４３４
202608210311,2026-08-21,03,11R,4475,末永 祐輝,2026-02-01,2026-02-04,03,江戸川,一般,３　４３,2025-11-23,2025-11-28,03,江戸川,一般,２２２　１３３　３４４１,2025-07-05,2025-07-10,03,江戸川,一般,３転１　３２３　２１２５,2025-03-11,2025-03-16,03,江戸川,一般,１　４４３　３３１４３,2024-10-07,2024-10-11,03,江戸川,一般,　　６　２５２４１,4124,池田 雄一,2025-07-20,2025-07-25,03,江戸川,一般,１　２４３　３２２４４１,2024-01-27,2024-01-31,03,江戸川,一般,４　２３３３１　[６],2023-04-16,2023-04-21,03,江戸川,一般,４４３　１６３　２３４２,2022-12-06,2022-12-09,03,江戸川,一般,３１２３２　[２],2022-05-25,2022-05-30,03,江戸川,一般,１　２　１１３２１１[転],4943,八木 治樹,2025-12-25,2025-12-29,03,江戸川,一般,１３２　５２４６２６,2025-07-05,2025-07-10,03,江戸川,一般,４２１　３５６５２　３５,2024-05-18,2024-05-23,03,江戸川,一般,３５４　３１１　４５３４,2023-09-02,2023-09-07,03,江戸川,一般,４５２　２１　　３５,2023-02-24,2023-03-01,03,江戸川,一般,３　３６２　１６２　３１,5199,垂水 悠,2026-01-10,2026-01-15,03,江戸川,一般,１　２１[１],2025-09-21,2025-09-24,03,江戸川,一般,１１５　１４３２,2023-07-27,2023-08-01,03,江戸川,一般,１４３６F　６６６５５４,2023-06-29,2023-07-04,03,江戸川,一般,２５２　１６２　転１１４,2023-06-12,2023-06-17,03,江戸川,一般,２　５４２４５　５２６,5048,眞鳥 康太,2025-12-25,2025-12-29,03,江戸川,一般,４　３２１１２　５１,2025-03-11,2025-03-16,03,江戸川,一般,３５２　２６２３６　２２,2024-11-26,2024-11-30,03,江戸川,一般,５　６２１２３５,2024-01-27,2024-01-31,03,江戸川,一般,４６２　３２４　２３,2022-11-07,2022-11-12,03,江戸川,一般,２３５　５５１　６３２６,3715,倉尾 大介,2025-12-17,2025-12-21,03,江戸川,一般,５１,2025-06-14,2025-06-17,03,江戸川,一般,４４１４６,2024-02-20,2024-02-23,03,江戸川,一般,５６１　１４４５,2020-03-14,2020-03-18,03,江戸川,一般,３　３２１　６１,2019-11-17,2019-11-22,03,江戸川,一般,３　５　欠
202608210312,2026-08-21,03,12R,4504,前田 将太,2025-06-05,2025-06-10,03,江戸川,一般,　　２　　　２６２３[３],2025-01-14,2025-01-19,03,江戸川,ＧⅠ,４　１４５　５　３６２,2024-02-27,2024-03-04,03,江戸川,ＧⅠ,２　４３１　５２　　転５,2023-02-24,2023-03-01,03,江戸川,一般,１　２１２１２　[]　[１],2023-01-26,2023-01-31,03,江戸川,ＧⅠ,３　３１２　１２１　[１],4028,田村 隆信,2026-02-18,2026-02-24,03,江戸川,ＧⅠ,１　２５１　５３４　３３,2025-10-14,2025-10-19,03,江戸川,ＧⅡ,６　５５,2025-07-05,2025-07-10,03,江戸川,一般,１１６　５１３　４１１４,2024-02-04,2024-02-07,03,江戸川,一般,１　５３４　１５,2024-01-15,2024-01-20,03,江戸川,ＧⅡ,３　１　３２６欠,5028,原田 才一郎,2025-03-01,2025-03-06,03,江戸川,一般,４　１５１　１４３５５３,2024-09-28,2024-10-03,03,江戸川,一般,１２２　３４１　５１[２],2022-10-20,2022-10-25,03,江戸川,一般,３　５５１　２４５４６,2022-02-20,2022-02-25,03,江戸川,一般,４エ５３３　３３６６４６,,,,,,,4857,加藤 翔馬,2024-06-25,2024-06-28,03,江戸川,一般,２５１　３４１３,2022-07-26,2022-07-31,03,江戸川,ＧⅡ,２５３　２１２３１３６３,2021-02-11,2021-02-18,03,江戸川,一般,　　５　５２２　５１１,2020-11-17,2020-11-24,03,江戸川,一般,１１３　５５１　１４３４,2019-09-09,2019-09-15,03,江戸川,一般,３　１６１３６　１５６３,4737,竹井 貴史,2025-02-21,2025-02-26,03,江戸川,一般,４　１２２　２１６１[１],2019-11-17,2019-11-22,03,江戸川,一般,６　２　４　３４１５２１,2019-02-20,2019-02-23,03,江戸川,一般,２６６　３３転２,2018-01-09,2018-01-13,03,江戸川,一般,５１２４５　１３,2017-02-03,2017-02-08,03,江戸川,一般,４　５３４　４１４３１３,5132,中野 希一,2025-11-23,2025-11-28,03,江戸川,一般,１　欠欠,2025-09-14,2025-09-18,03,江戸川,一般,１　３４４　３２１５,2025-02-21,2025-02-26,03,江戸川,一般,１　３３４　１２２２[３],2024-12-24,2024-12-29,03,江戸川,一般,４　４５４　１５２４２,2024-06-16,2024-06-21,03,江戸川,一般,６３１　３２５　２２１３
202608210401,2026-08-21,04,01R,5245,倉富 大誠,2026-04-03,2026-04-08,04,平和島,一般,５５３　３　４３１　５４,2024-12-14,2024-12-19,04,平和島,一般,５　１転４　２５４　４２,2024-02-14,2024-02-19,04,平和島,一般,転４６　２３５　６５５,2022-07-19,2022-07-22,04,平和島,一般,６　６６F６６,,,,,,,5138,,,,,,,,,,,,,,,,,,,,,,,,,,,,,,,,4345,西舘 健,2026-05-03,2026-05-08,04,平和島,一般,３６２　２４４３１　４２,2026-03-18,2026-03-21,04,平和島,一般,３４５３５　５１,2025-07-29,2025-08-03,04,平和島,一般,４３５　３１６２２３,2024-09-15,2024-09-19,04,平和島,一般,　　　　　　　　１５,2024-08-07,2024-08-10,04,平和島,一般,２２４６５　６３,3339,泉 具巳,2026-01-21,2026-01-26,04,平和島,一般,６４２　４４４　４　３５,2024-10-02,2024-10-07,04,平和島,一般,３　１４６　６２３３３１,2023-12-26,2023-12-31,04,平和島,一般,２５２　５４３　１４３,2020-09-01,2020-09-06,04,平和島,一般,４　４４５２３４３　５１,2018-10-13,2018-10-16,04,平和島,一般,３５３　２６３６,3544,豊田 訓靖,2026-04-24,2026-04-29,04,平和島,一般,５３４　３　３２４４３,2026-01-21,2026-01-26,04,平和島,一般,２　４３６４４　５　２４,2024-07-14,2024-07-19,04,平和島,一般,３３５　３２６４６　３３,2023-06-27,2023-06-30,04,平和島,一般,２　５６４３５３,2021-02-19,2021-02-23,04,平和島,一般,６　４４４５３　F６,4545,岡村 慶太,2026-05-12,2026-05-16,04,平和島,一般,５　２１２欠,2025-09-13,2025-09-18,04,平和島,一般,６５４２,2021-10-26,2021-10-31,04,平和島,ＳＧ,５　１　４４５　２１３,2018-09-22,2018-09-25,04,平和島,一般,３　４３２１１３,2016-05-22,2016-05-27,04,平和島,一般,１１２２３　２５１２[６]
202608210402,2026-08-21,04,02R,4295,小坂 尚哉,2025-06-23,2025-06-28,04,平和島,一般,４３４３１　２１５２[３],2024-03-01,2024-03-04,04,平和島,一般,３２２２２１[３],2022-10-22,2022-10-26,04,平和島,一般,１４３１３　１３[３],2022-09-27,2022-10-02,04,平和島,一般,３３１　１１４１３３１１,2021-06-18,2021-06-21,04,平和島,一般,１６１３２２[６],3419,栗原 謙治,2026-06-18,2026-06-21,04,平和島,一般,６　３６６　４,2024-09-08,2024-09-11,04,平和島,一般,１２５６５　４,2023-11-27,2023-11-30,04,平和島,一般,４　４４６２５６,2023-10-07,2023-10-12,04,平和島,一般,５１６　４２４　２　２,2022-11-12,2022-11-16,04,平和島,一般,４５３　５６５　４,4729,佐藤 謙史朗,2026-01-29,2026-02-01,04,平和島,一般,５　６４６　４６,2024-04-13,2024-04-18,04,平和島,一般,４　２５３F３　５　１,2023-07-16,2023-07-21,04,平和島,一般,５　４５２　６５４　４４,2018-11-16,2018-11-19,04,平和島,一般,５　２４２５２３,2018-07-29,2018-08-03,04,平和島,一般,３　１４４　２６３　２２,5349,,,,,,,,,,,,,,,,,,,,,,,,,,,,,,,,3461,渡邊 哲也,2026-02-21,2026-02-26,04,平和島,一般,６　６６６,2025-04-27,2025-04-30,04,平和島,一般,３　６６２　５,2024-07-23,2024-07-26,04,平和島,一般,６６５　３　５,2023-11-27,2023-11-30,04,平和島,一般,５３２　２６６３,2023-04-06,2023-04-11,04,平和島,一般,６　２　６４３３４５５,4533,峰重 侑治,2024-09-23,2024-09-28,04,平和島,一般,１　３１４２１５２２[５],2020-01-21,2020-01-26,04,平和島,一般,６４落　１６５　５　６２,2018-11-16,2018-11-19,04,平和島,一般,６４６　２１３２,2017-09-29,2017-10-02,04,平和島,一般,３４２６３　２４,2016-07-09,2016-07-14,04,平和島,ＧⅢ,２　６４５３１　６２６５
202608210403,2026-08-21,04,03R,5152,丸山 祐也,2025-07-21,2025-07-26,04,平和島,一般,２　１６２　６５５　転欠,,,,,,,,,,,,,,,,,,,,,,,,,4522,古澤 光紀,2021-10-26,2021-10-31,04,平和島,ＳＧ,４　２　１２４　５　２１,2019-07-30,2019-08-04,04,平和島,一般,６　１１４１３４３４２２,2015-07-29,2015-08-03,04,平和島,ＧⅢ,２　１１４　２５１５３６,2015-04-01,2015-04-06,04,平和島,一般,２５１１２　５６６５１１,2014-09-04,2014-09-09,04,平和島,一般,４２１５１１１　６４３６,5301,岩下 巧斗,2026-03-25,2026-03-30,04,平和島,一般,１４１５５　３５落　１５,2025-08-07,2025-08-12,04,平和島,一般,５　４６４　５６６　６１,2024-10-02,2024-10-07,04,平和島,一般,５　４３４　３５６　５４,2024-07-14,2024-07-19,04,平和島,一般,４　３６４　１４５４４５,2024-05-03,2024-05-08,04,平和島,一般,４　３６５　５３５　４１,3277,齋藤 勇,2025-05-03,2025-05-08,04,平和島,一般,６　６５４　２６５　３４,2025-01-04,2025-01-09,04,平和島,一般,３　３６４５４５３　２５,2024-08-16,2024-08-22,04,平和島,一般,３　１３４２６５１　３５,2024-02-23,2024-02-26,04,平和島,一般,１５５２３　１６,2023-12-26,2023-12-31,04,平和島,一般,３　２６３　２２４６５６,4075,中野 次郎,2025-09-04,2025-09-10,04,平和島,ＧⅠ,６５５　６　６５,2025-05-20,2025-05-25,04,平和島,ＧⅡ,１３１　２　６４１　[４],2025-03-15,2025-03-20,04,平和島,ＧⅠ,２　５５１　３　３４３,2024-12-14,2024-12-19,04,平和島,一般,２１５　１４１４３３３１,2024-05-14,2024-05-19,04,平和島,ＧⅡ,３１５　４　３２４　６４,4661,中島 昂章,2024-04-25,2024-04-29,04,平和島,一般,４３２２４　１妨３２,2022-07-19,2022-07-22,04,平和島,一般,４　３５６２３２,2014-07-04,2014-07-08,04,平和島,一般,２　５２２１５転４４,,,,,,,,,,,,
202608210404,2026-08-21,04,04R,5178,成貞 琳平,2026-02-04,2026-02-07,04,平和島,一般,５５５　５６１,2023-06-27,2023-06-30,04,平和島,一般,６　４６３５６,2022-06-30,2022-07-05,04,平和島,一般,５　６６５　５　６５６,2021-11-29,2021-12-04,04,平和島,一般,５６６　６６６　６　６,2021-10-04,2021-10-09,04,平和島,一般,５　６　５６６　６６６,3940,飯山 泰,2025-08-16,2025-08-21,04,平和島,一般,２３１２３５１　５４３転,2025-07-21,2025-07-26,04,平和島,一般,２６３３４１２　１３２転,2025-05-20,2025-05-25,04,平和島,ＧⅡ,４　５４６　６　６５２,2025-05-03,2025-05-08,04,平和島,一般,４１４　１１２１３１[３],2025-03-06,2025-03-10,04,平和島,一般,１４３　２６３２３２,5125,高井 雄基,2025-04-02,2025-04-07,04,平和島,一般,４　６２１　沈４,2022-09-15,2022-09-19,04,平和島,一般,６　５６５　５３２,2021-08-21,2021-08-26,04,平和島,一般,５　４６欠,2021-04-24,2021-04-29,04,平和島,一般,３　５２１６５３４６５６,2021-01-23,2021-01-26,04,平和島,一般,５　６５６６６,4779,伊倉 光,2026-08-11,2026-08-16,04,平和島,一般,４４３　１４２　２４５３,2026-07-11,2026-07-14,04,平和島,一般,２３３　１６５５,2026-04-11,2026-04-14,04,平和島,一般,３３５　１　４４,2026-01-04,2026-01-09,04,平和島,一般,２５４　３５４　３　６２,2025-07-21,2025-07-26,04,平和島,一般,５６４　３　２６４　６３,3685,荒井 輝年,2025-05-20,2025-05-25,04,平和島,ＧⅡ,６　３　６５６　６２５,2022-07-26,2022-07-29,04,平和島,一般,４２５　２３５６,2022-03-04,2022-03-09,04,平和島,一般,４　２３３１２３２１[２],2018-11-08,2018-11-11,04,平和島,一般,３　１５４２４４,2017-09-06,2017-09-11,04,平和島,一般,３　５６２５２１４　３１,3933,山地 正樹,2025-10-01,2025-10-05,04,平和島,一般,２３１　３１５３[１],2025-07-02,2025-07-07,04,平和島,ＧⅢ,５　２６３　３２３２３,2025-01-20,2025-01-25,04,平和島,一般,５　６６６６３　５　３４,2024-10-11,2024-10-16,04,平和島,一般,４　３転５　５２４　６４,2023-07-16,2023-07-21,04,平和島,一般,２２２２３　１４４３６１
202608210405,2026-08-21,04,05R,5167,小川 竜太朗,2026-03-25,2026-03-30,04,平和島,一般,１３２３１　１４１４５３,2025-10-01,2025-10-05,04,平和島,一般,４５３　５６３　４４,2025-02-16,2025-02-21,04,平和島,一般,１４２　５２４５５１,2024-11-16,2024-11-21,04,平和島,一般,３　５６４　４３５　５５,2024-01-12,2024-01-15,04,平和島,一般,５　２６６６６,4503,上野 真之介,2021-10-26,2021-10-31,04,平和島,ＳＧ,２　４１３５５　４　１５,2020-12-15,2020-12-20,04,平和島,ＳＧ,３　４２１　４３転　３,2019-03-10,2019-03-15,04,平和島,一般,５１３１１４１　１１[３],2018-02-02,2018-02-07,04,平和島,一般,１１２１５４５　４５１３,2016-05-14,2016-05-19,04,平和島,ＧⅠ,３　３４５　５６６　５５,4944,田代 達也,2026-04-03,2026-04-08,04,平和島,一般,１　４２５６３　５１３５,2026-01-04,2026-01-09,04,平和島,一般,６６６　４　４３５　３転,2025-10-01,2025-10-05,04,平和島,一般,　　　　　　　　４３,2025-08-16,2025-08-21,04,平和島,一般,３　４３４５４　３　１４,2025-05-03,2025-05-08,04,平和島,一般,１　５５４６１　６　３２,4917,岩橋 裕馬,2026-01-14,2026-01-18,04,平和島,一般,４　３５２２５　５１,2023-04-24,2023-04-29,04,平和島,一般,３　５１６　３６３４２,2022-06-30,2022-07-05,04,平和島,一般,３４５　２６６　３　６５,2022-04-07,2022-04-11,04,平和島,一般,３　１１６２１６３４,2021-07-29,2021-08-03,04,平和島,一般,３　５６１　４４３４６３,4886,入海 馨,2025-01-20,2025-01-25,04,平和島,一般,２６１２１２２　４４５５,2024-01-12,2024-01-15,04,平和島,一般,１５５　２１[６],2023-08-22,2023-08-25,04,平和島,一般,３　２２２１[１],2019-10-17,2019-10-21,04,平和島,一般,６６４６６　６　６,2018-07-29,2018-08-03,04,平和島,一般,１１４　３４２　４５１１,4095,福来 剛,2025-12-26,2025-12-31,04,平和島,一般,５　１　１１３３５３２１,2025-07-11,2025-07-16,04,平和島,一般,１４１４２２５　５２[６],2025-01-04,2025-01-09,04,平和島,一般,２１１３１１２　５１[２],2024-05-14,2024-05-19,04,平和島,ＧⅡ,５１１　１　４２２　[５],2024-05-03,2024-05-08,04,平和島,一般,５３３２２２１　５５４３
202608210406,2026-08-21,04,06R,4815,伏島 祐介,2026-01-04,2026-01-09,04,平和島,一般,１　５２６　妨５４６２３,2024-02-23,2024-02-26,04,平和島,一般,転６１　４６５６,2024-01-03,2024-01-08,04,平和島,一般,６５３　５　２５２　５６,2023-08-13,2023-08-18,04,平和島,一般,２　５５１　３４２６５３,2023-01-21,2023-01-25,04,平和島,一般,６６５　３　３５５,4632,長尾 京志郎,2024-09-23,2024-09-28,04,平和島,一般,５　５転３　３６１　４１,2020-03-07,2020-03-12,04,平和島,一般,２　３４２　２３１４１５,2019-11-07,2019-11-11,04,平和島,一般,３　１２３２５３[５],2017-11-09,2017-11-12,04,平和島,一般,６５６６３　５,2017-03-26,2017-03-31,04,平和島,一般,６　５　３６２５２　３６,3960,菊地 孝平,2024-02-14,2024-02-19,04,平和島,一般,３１３１１　１１２１[２],2023-03-16,2023-03-21,04,平和島,ＳＧ,２４３　４　１１３　６２,2021-07-29,2021-08-03,04,平和島,一般,３３４１４２転　２　３２,2020-12-15,2020-12-20,04,平和島,ＳＧ,２　５　６　２　３　２,2017-10-24,2017-10-29,04,平和島,ＳＧ,１１４　２４３　６　６２,3544,豊田 訓靖,2026-04-24,2026-04-29,04,平和島,一般,５３４　３　３２４４３,2026-01-21,2026-01-26,04,平和島,一般,２　４３６４４　５　２４,2024-07-14,2024-07-19,04,平和島,一般,３３５　３２６４６　３３,2023-06-27,2023-06-30,04,平和島,一般,２　５６４３５３,2021-02-19,2021-02-23,04,平和島,一般,６　４４４５３　F６,4413,水摩 敦,2025-07-21,2025-07-26,04,平和島,一般,３４２５２５１　５２[６],2023-11-27,2023-11-30,04,平和島,一般,３４５１１５２３,2022-06-14,2022-06-17,04,平和島,一般,３３１２３　１２,2019-10-06,2019-10-11,04,平和島,ＧⅠ,３　３４２　３　４２４,2019-04-10,2019-04-15,04,平和島,一般,１　５４２　２２１２[３],3412,鈴木 博,2026-01-21,2026-01-26,04,平和島,一般,２１１　２１４　２３３１,2024-04-13,2024-04-18,04,平和島,一般,３２２２１　４２３４２２,2024-01-19,2024-01-24,04,平和島,一般,１４１３３１１　３５４１,2023-11-27,2023-11-30,04,平和島,一般,５１４２４　６３,2023-01-21,2023-01-25,04,平和島,一般,１６１３３　１６２２
202608210407,2026-08-21,04,07R,3202,三品 隆浩,2026-01-29,2026-02-01,04,平和島,一般,３　２４２４２５,2025-08-07,2025-08-12,04,平和島,一般,３４１　４落４　４１４,2025-02-27,2025-03-02,04,平和島,一般,２２５５５　４３,2024-12-14,2024-12-19,04,平和島,一般,５　３５２４４　１　２３,2024-07-23,2024-07-26,04,平和島,一般,５２６　２２３５,4545,岡村 慶太,2026-05-12,2026-05-16,04,平和島,一般,５　２１２欠,2025-09-13,2025-09-18,04,平和島,一般,６５４２,2021-10-26,2021-10-31,04,平和島,ＳＧ,５　１　４４５　２１３,2018-09-22,2018-09-25,04,平和島,一般,３　４３２１１３,2016-05-22,2016-05-27,04,平和島,一般,１１２２３　２５１２[６],4105,松下 直也,2025-07-29,2025-08-03,04,平和島,一般,２３６３５　２５１２,2023-06-20,2023-06-23,04,平和島,一般,２　５３６６５,2022-09-06,2022-09-11,04,平和島,ＧⅢ,１　６３３　６３３４２,2019-03-26,2019-03-31,04,平和島,一般,５６２　６３３　１２６６,2018-10-13,2018-10-16,04,平和島,一般,５６３　３転２４,3461,渡邊 哲也,2026-02-21,2026-02-26,04,平和島,一般,６　６６６,2025-04-27,2025-04-30,04,平和島,一般,３　６６２　５,2024-07-23,2024-07-26,04,平和島,一般,６６５　３　５,2023-11-27,2023-11-30,04,平和島,一般,５３２　２６６３,2023-04-06,2023-04-11,04,平和島,一般,６　２　６４３３４５５,4661,中島 昂章,2024-04-25,2024-04-29,04,平和島,一般,４３２２４　１妨３２,2022-07-19,2022-07-22,04,平和島,一般,４　３５６２３２,2014-07-04,2014-07-08,04,平和島,一般,２　５２２１５転４４,,,,,,,,,,,,,4306,畔柳 俊吾,2026-04-03,2026-04-08,04,平和島,一般,３６１　２２６　６４５,2025-08-07,2025-08-12,04,平和島,一般,３　３１２３４１１６４４,2024-06-13,2024-06-16,04,平和島,一般,４１２３５　５３,2024-03-11,2024-03-14,04,平和島,一般,４　１４１３３６,2022-05-21,2022-05-26,04,平和島,一般,１１３　２３３１１３４５
202608210408,2026-08-21,04,08R,4345,西舘 健,2026-05-03,2026-05-08,04,平和島,一般,３６２　２４４３１　４２,2026-03-18,2026-03-21,04,平和島,一般,３４５３５　５１,2025-07-29,2025-08-03,04,平和島,一般,４３５　３１６２２３,2024-09-15,2024-09-19,04,平和島,一般,　　　　　　　　１５,2024-08-07,2024-08-10,04,平和島,一般,２２４６５　６３,5349,,,,,,,,,,,,,,,,,,,,,,,,,,,,,,,,5178,成貞 琳平,2026-02-04,2026-02-07,04,平和島,一般,５５５　５６１,2023-06-27,2023-06-30,04,平和島,一般,６　４６３５６,2022-06-30,2022-07-05,04,平和島,一般,５　６６５　５　６５６,2021-11-29,2021-12-04,04,平和島,一般,５６６　６６６　６　６,2021-10-04,2021-10-09,04,平和島,一般,５　６　５６６　６６６,4075,中野 次郎,2025-09-04,2025-09-10,04,平和島,ＧⅠ,６５５　６　６５,2025-05-20,2025-05-25,04,平和島,ＧⅡ,１３１　２　６４１　[４],2025-03-15,2025-03-20,04,平和島,ＧⅠ,２　５５１　３　３４３,2024-12-14,2024-12-19,04,平和島,一般,２１５　１４１４３３３１,2024-05-14,2024-05-19,04,平和島,ＧⅡ,３１５　４　３２４　６４,3982,福田 理,2026-02-04,2026-02-07,04,平和島,一般,６６欠,2025-04-21,2025-04-24,04,平和島,一般,５　５３４　５２,2024-01-12,2024-01-15,04,平和島,一般,３　１４F５５,2018-12-07,2018-12-12,04,平和島,一般,１４６　１５２３２５６１,2017-05-21,2017-05-26,04,平和島,一般,６　５６５　３５３３４,3790,佐口 達也,2025-12-26,2025-12-31,04,平和島,一般,５　５４２　５６４５３,2025-06-17,2025-06-20,04,平和島,一般,４　６４６６３,2023-08-04,2023-08-09,04,平和島,一般,エ５６　５６５６２　４２,2023-07-16,2023-07-21,04,平和島,一般,１２４　１６３３３６１５,2022-08-20,2022-08-24,04,平和島,一般,３４４２３　２４１３
202608210409,2026-08-21,04,09R,3277,齋藤 勇,2025-05-03,2025-05-08,04,平和島,一般,６　６５４　２６５　３４,2025-01-04,2025-01-09,04,平和島,一般,３　３６４５４５３　２５,2024-08-16,2024-08-22,04,平和島,一般,３　１３４２６５１　３５,2024-02-23,2024-02-26,04,平和島,一般,１５５２３　１６,2023-12-26,2023-12-31,04,平和島,一般,３　２６３　２２４６５６,5073,上原 健次郎,2025-06-17,2025-06-20,04,平和島,一般,３３４６４　２１,2025-02-16,2025-02-21,04,平和島,一般,２４２　６３４２３３４６,2024-07-14,2024-07-19,04,平和島,一般,５２２　６６４　３転１３,,,,,,,,,,,,,3339,泉 具巳,2026-01-21,2026-01-26,04,平和島,一般,６４２　４４４　４　３５,2024-10-02,2024-10-07,04,平和島,一般,３　１４６　６２３３３１,2023-12-26,2023-12-31,04,平和島,一般,２５２　５４３　１４３,2020-09-01,2020-09-06,04,平和島,一般,４　４４５２３４３　５１,2018-10-13,2018-10-16,04,平和島,一般,３５３　２６３６,4944,田代 達也,2026-04-03,2026-04-08,04,平和島,一般,１　４２５６３　５１３５,2026-01-04,2026-01-09,04,平和島,一般,６６６　４　４３５　３転,2025-10-01,2025-10-05,04,平和島,一般,　　　　　　　　４３,2025-08-16,2025-08-21,04,平和島,一般,３　４３４５４　３　１４,2025-05-03,2025-05-08,04,平和島,一般,１　５５４６１　６　３２,4295,小坂 尚哉,2025-06-23,2025-06-28,04,平和島,一般,４３４３１　２１５２[３],2024-03-01,2024-03-04,04,平和島,一般,３２２２２１[３],2022-10-22,2022-10-26,04,平和島,一般,１４３１３　１３[３],2022-09-27,2022-10-02,04,平和島,一般,３３１　１１４１３３１１,2021-06-18,2021-06-21,04,平和島,一般,１６１３２２[６],5125,高井 雄基,2025-04-02,2025-04-07,04,平和島,一般,４　６２１　沈４,2022-09-15,2022-09-19,04,平和島,一般,６　５６５　５３２,2021-08-21,2021-08-26,04,平和島,一般,５　４６欠,2021-04-24,2021-04-29,04,平和島,一般,３　５２１６５３４６５６,2021-01-23,2021-01-26,04,平和島,一般,５　６５６６６
202608210410,2026-08-21,04,10R,4522,古澤 光紀,2021-10-26,2021-10-31,04,平和島,ＳＧ,４　２　１２４　５　２１,2019-07-30,2019-08-04,04,平和島,一般,６　１１４１３４３４２２,2015-07-29,2015-08-03,04,平和島,ＧⅢ,２　１１４　２５１５３６,2015-04-01,2015-04-06,04,平和島,一般,２５１１２　５６６５１１,2014-09-04,2014-09-09,04,平和島,一般,４２１５１１１　６４３６,3717,立間 充宏,2026-03-09,2026-03-14,04,平和島,一般,３　３４４転,2021-09-08,2021-09-13,04,平和島,ＧⅢ,３４１６６４１　１５３５,2020-02-01,2020-02-06,04,平和島,一般,５１４　１２１４３６２２,2019-01-12,2019-01-17,04,平和島,一般,２３３６,2018-10-21,2018-10-26,04,平和島,一般,３１３１２　３３１２[３],4779,伊倉 光,2026-08-11,2026-08-16,04,平和島,一般,４４３　１４２　２４５３,2026-07-11,2026-07-14,04,平和島,一般,２３３　１６５５,2026-04-11,2026-04-14,04,平和島,一般,３３５　１　４４,2026-01-04,2026-01-09,04,平和島,一般,２５４　３５４　３　６２,2025-07-21,2025-07-26,04,平和島,一般,５６４　３　２６４　６３,4503,上野 真之介,2021-10-26,2021-10-31,04,平和島,ＳＧ,２　４１３５５　４　１５,2020-12-15,2020-12-20,04,平和島,ＳＧ,３　４２１　４３転　３,2019-03-10,2019-03-15,04,平和島,一般,５１３１１４１　１１[３],2018-02-02,2018-02-07,04,平和島,一般,１１２１５４５　４５１３,2016-05-14,2016-05-19,04,平和島,ＧⅠ,３　３４５　５６６　５５,5138,,,,,,,,,,,,,,,,,,,,,,,,,,,,,,,,4202,浮田 圭浩,2026-03-02,2026-03-06,04,平和島,一般,F　２　５　６　６,2025-07-11,2025-07-16,04,平和島,一般,３３３　１４５１１５４４,2023-09-25,2023-09-28,04,平和島,一般,１６４　４５４,2023-07-16,2023-07-21,04,平和島,一般,３　４１２５１３６６２３,2018-06-26,2018-07-01,04,平和島,一般,５６２　３６１　１５１３
202608210411,2026-08-21,04,11R,4886,入海 馨,2025-01-20,2025-01-25,04,平和島,一般,２６１２１２２　４４５５,2024-01-12,2024-01-15,04,平和島,一般,１５５　２１[６],2023-08-22,2023-08-25,04,平和島,一般,３　２２２１[１],2019-10-17,2019-10-21,04,平和島,一般,６６４６６　６　６,2018-07-29,2018-08-03,04,平和島,一般,１１４　３４２　４５１１,4252,松下 哲也,2025-10-01,2025-10-05,04,平和島,一般,３　２３１４３５３３,2025-04-27,2025-04-30,04,平和島,一般,６エ,2023-03-01,2023-03-05,04,平和島,一般,４　４３５４５　６欠,2019-10-17,2019-10-21,04,平和島,一般,１６５　５　１５３,2019-04-10,2019-04-15,04,平和島,一般,３５１　３４５　４　５３,3419,栗原 謙治,2026-06-18,2026-06-21,04,平和島,一般,６　３６６　４,2024-09-08,2024-09-11,04,平和島,一般,１２５６５　４,2023-11-27,2023-11-30,04,平和島,一般,４　４４６２５６,2023-10-07,2023-10-12,04,平和島,一般,５１６　４２４　２　２,2022-11-12,2022-11-16,04,平和島,一般,４５３　５６５　４,5152,丸山 祐也,2025-07-21,2025-07-26,04,平和島,一般,２　１６２　６５５　転欠,,,,,,,,,,,,,,,,,,,,,,,,,3412,鈴木 博,2026-01-21,2026-01-26,04,平和島,一般,２１１　２１４　２３３１,2024-04-13,2024-04-18,04,平和島,一般,３２２２１　４２３４２２,2024-01-19,2024-01-24,04,平和島,一般,１４１３３１１　３５４１,2023-11-27,2023-11-30,04,平和島,一般,５１４２４　６３,2023-01-21,2023-01-25,04,平和島,一般,１６１３３　１６２２,3940,飯山 泰,2025-08-16,2025-08-21,04,平和島,一般,２３１２３５１　５４３転,2025-07-21,2025-07-26,04,平和島,一般,２６３３４１２　１３２転,2025-05-20,2025-05-25,04,平和島,ＧⅡ,４　５４６　６　６５２,2025-05-03,2025-05-08,04,平和島,一般,４１４　１１２１３１[３],2025-03-06,2025-03-10,04,平和島,一般,１４３　２６３２３２
202608210412,2026-08-21,04,12R,3960,菊地 孝平,2024-02-14,2024-02-19,04,平和島,一般,３１３１１　１１２１[２],2023-03-16,2023-03-21,04,平和島,ＳＧ,２４３　４　１１３　６２,2021-07-29,2021-08-03,04,平和島,一般,３３４１４２転　２　３２,2020-12-15,2020-12-20,04,平和島,ＳＧ,２　５　６　２　３　２,2017-10-24,2017-10-29,04,平和島,ＳＧ,１１４　２４３　６　６２,3685,荒井 輝年,2025-05-20,2025-05-25,04,平和島,ＧⅡ,６　３　６５６　６２５,2022-07-26,2022-07-29,04,平和島,一般,４２５　２３５６,2022-03-04,2022-03-09,04,平和島,一般,４　２３３１２３２１[２],2018-11-08,2018-11-11,04,平和島,一般,３　１５４２４４,2017-09-06,2017-09-11,04,平和島,一般,３　５６２５２１４　３１,4533,峰重 侑治,2024-09-23,2024-09-28,04,平和島,一般,１　３１４２１５２２[５],2020-01-21,2020-01-26,04,平和島,一般,６４落　１６５　５　６２,2018-11-16,2018-11-19,04,平和島,一般,６４６　２１３２,2017-09-29,2017-10-02,04,平和島,一般,３４２６３　２４,2016-07-09,2016-07-14,04,平和島,ＧⅢ,２　６４５３１　６２６５,4306,畔柳 俊吾,2026-04-03,2026-04-08,04,平和島,一般,３６１　２２６　６４５,2025-08-07,2025-08-12,04,平和島,一般,３　３１２３４１１６４４,2024-06-13,2024-06-16,04,平和島,一般,４１２３５　５３,2024-03-11,2024-03-14,04,平和島,一般,４　１４１３３６,2022-05-21,2022-05-26,04,平和島,一般,１１３　２３３１１３４５,4095,福来 剛,2025-12-26,2025-12-31,04,平和島,一般,５　１　１１３３５３２１,2025-07-11,2025-07-16,04,平和島,一般,１４１４２２５　５２[６],2025-01-04,2025-01-09,04,平和島,一般,２１１３１１２　５１[２],2024-05-14,2024-05-19,04,平和島,ＧⅡ,５１１　１　４２２　[５],2024-05-03,2024-05-08,04,平和島,一般,５３３２２２１　５５４３,5301,岩下 巧斗,2026-03-25,2026-03-30,04,平和島,一般,１４１５５　３５落　１５,2025-08-07,2025-08-12,04,平和島,一般,５　４６４　５６６　６１,2024-10-02,2024-10-07,04,平和島,一般,５　４３４　３５６　５４,2024-07-14,2024-07-19,04,平和島,一般,４　３６４　１４５４４５,2024-05-03,2024-05-08,04,平和島,一般,４　３６５　５３５　４１
202608210601,2026-08-21,06,01R,3981,今坂 晃広,2026-04-25,2026-04-30,06,浜名湖,一般,６　１６６　１６２　６６,2026-01-08,2026-01-12,06,浜名湖,一般,３　１欠,2025-10-08,2025-10-13,06,浜名湖,一般,４２５　１５３　１５２６,2025-08-23,2025-08-26,06,浜名湖,一般,２６２　４３４３,2024-08-01,2024-08-06,06,浜名湖,ＧⅢ,１４５　６５２　６５５４,3825,宮嵜 隆太郎,2022-11-28,2022-12-03,06,浜名湖,ＧⅢ,３　５６５　６６５５２,2019-03-30,2019-04-05,06,浜名湖,一般,２　３３４　５６３５２　５４,2018-03-02,2018-03-05,06,浜名湖,一般,４６５５５　６,2016-10-21,2016-10-24,06,浜名湖,一般,６　１６５６２,2016-04-23,2016-04-26,06,浜名湖,一般,６４６　４４６３,3893,汐崎 正則,2025-01-08,2025-01-13,06,浜名湖,一般,２　６５２　３４５３３５,2024-08-01,2024-08-06,06,浜名湖,ＧⅢ,２５６　５３３　４６１２,2022-11-28,2022-12-03,06,浜名湖,ＧⅢ,２３５　３１２４２４１４,2021-12-02,2021-12-06,06,浜名湖,一般,３１１　３２２１[１],2021-06-10,2021-06-14,06,浜名湖,一般,２５５１４　３５４４,5269,山口 晃朋,2026-08-11,2026-08-16,06,浜名湖,一般,２１２　１５４２６６１３,2026-05-03,2026-05-08,06,浜名湖,一般,１１４　４　１５６６２６,2026-04-25,2026-04-30,06,浜名湖,一般,３３２　３４２　１４４４,2025-12-29,2026-01-03,06,浜名湖,一般,２３５　１５１　転５４６,2025-11-26,2025-12-01,06,浜名湖,一般,２１４　１３１６５６１４,4258,関根 彰人,2026-06-13,2026-06-16,06,浜名湖,一般,５４５２２　２２,2024-10-31,2024-11-04,06,浜名湖,一般,１４１５３　３４４５,2023-09-21,2023-09-26,06,浜名湖,一般,３４６　３４３　２６４,2022-12-07,2022-12-12,06,浜名湖,ＧⅢ,３４２　６２６　５４３５,2022-03-17,2022-03-23,06,浜名湖,一般,１　１３６　１４４４３５２６,4214,林 祐介,2023-12-14,2023-12-17,06,浜名湖,一般,４　５３,2023-08-04,2023-08-08,06,浜名湖,一般,４３２　１２５５２５,2019-03-30,2019-04-05,06,浜名湖,一般,３　３４３　２５１５３５１５,2018-03-30,2018-04-03,06,浜名湖,一般,６６,2017-12-07,2017-12-12,06,浜名湖,一般,２４３４６２１　５４２５
202608210602,2026-08-21,06,02R,3911,鈴木 猛,2026-02-19,2026-02-24,06,浜名湖,一般,２５５６２　５　１３３２,2025-08-30,2025-09-03,06,浜名湖,一般,２　３５４５１２１,2025-07-17,2025-07-22,06,浜名湖,一般,３４２　１６１４２６１１,2025-03-04,2025-03-09,06,浜名湖,一般,４　１１１５３３３５１４,2024-04-16,2024-04-20,06,浜名湖,一般,３５３６２　２４５３,4700,金子 和之,2025-06-28,2025-07-03,06,浜名湖,一般,２　３３４２４５１５４,2025-01-16,2025-01-21,06,浜名湖,一般,２６４５３３３４２　４３,2024-04-16,2024-04-20,06,浜名湖,一般,１４２　１２４１[２],2023-07-15,2023-07-20,06,浜名湖,一般,１　１４４２１１３１[６],2023-01-07,2023-01-11,06,浜名湖,一般,４５３２１　１２[５],4553,坪口 竜也,2024-05-28,2024-06-03,06,浜名湖,一般,２　４　２２３５,2019-01-10,2019-01-14,06,浜名湖,一般,２４５,2017-01-14,2017-01-18,06,浜名湖,一般,３　１６２５４１６,2016-06-23,2016-06-27,06,浜名湖,一般,３３５　５２５　４１,2016-04-15,2016-04-18,06,浜名湖,一般,３２５６６　２３,5268,山本 幸也,2026-03-12,2026-03-17,06,浜名湖,一般,４５５　５５６　６５６４,2024-12-14,2024-12-17,06,浜名湖,一般,５６６　５　２５,,,,,,,,,,,,,,,,,,,4133,高橋 正男,2026-05-16,2026-05-19,06,浜名湖,一般,２　１２３２[２],2024-06-18,2024-06-21,06,浜名湖,一般,１F６　２　３,2022-12-07,2022-12-12,06,浜名湖,ＧⅢ,３１４　１６４１３２[６],2022-02-27,2022-03-04,06,浜名湖,一般,１　２２６２３１１５４１,2020-12-17,2020-12-21,06,浜名湖,一般,６２１　１３３３２６,4332,村上 彰一,2026-03-29,2026-04-03,06,浜名湖,一般,２４２　６５５　４　１,2025-07-17,2025-07-22,06,浜名湖,一般,２４４　２　１４３６１３,2022-03-17,2022-03-23,06,浜名湖,一般,３１２６２　転４,2019-12-14,2019-12-18,06,浜名湖,一般,２６５　６２３　５,2019-03-08,2019-03-13,06,浜名湖,一般,２　２６４　５　３３３５
202608210603,2026-08-21,06,03R,5053,山口 広樹,2025-03-13,2025-03-16,06,浜名湖,一般,４５３４１　２３,,,,,,,,,,,,,,,,,,,,,,,,,5026,安河内 健,2026-01-08,2026-01-12,06,浜名湖,一般,１４１　２２１４２４,2023-05-05,2023-05-10,06,浜名湖,一般,２１３　４１６　１３[５],2022-09-03,2022-09-08,06,浜名湖,一般,３　１１１２１５６１[２],,,,,,,,,,,,,3546,中里 昌志,2026-01-08,2026-01-12,06,浜名湖,一般,４４１４４　４２３２,2025-07-26,2025-08-01,06,浜名湖,一般,４６５　１４４　６５５６,2025-03-04,2025-03-09,06,浜名湖,一般,３　４２６４４３５　３３,2024-09-18,2024-09-23,06,浜名湖,ＧⅢ,４３５　１３１５３　２４,2024-06-29,2024-07-04,06,浜名湖,一般,５　５５３　３６２　２３,3233,小畑 実成,2026-03-12,2026-03-17,06,浜名湖,一般,４　５６６３５　２４３３,2024-03-02,2024-03-07,06,浜名湖,一般,４　３１２５４２２３５２,2022-03-09,2022-03-14,06,浜名湖,一般,２２４１６　２４５３３１,2021-09-18,2021-09-23,06,浜名湖,一般,２　５１２４３５５３３１,2018-01-26,2018-01-29,06,浜名湖,一般,２　４３２４１１,4435,服部 達哉,2026-01-08,2026-01-12,06,浜名湖,一般,２　５５３３６６５,2025-04-24,2025-04-29,06,浜名湖,一般,２　４５３６３４３　２５,2024-05-15,2024-05-20,06,浜名湖,一般,１４６５４　２３１６４４,2023-10-07,2023-10-11,06,浜名湖,一般,４１４　２転,2022-07-21,2022-07-26,06,浜名湖,一般,３　４６６６１　３　４２,5315,浅井 翼,2026-02-10,2026-02-15,06,浜名湖,一般,４５４　６　３６６　１４,2025-10-25,2025-10-30,06,浜名湖,一般,６５６　６　６６６　６５,2024-12-20,2024-12-25,06,浜名湖,一般,６　６　４転５４６　５５,2024-10-23,2024-10-27,06,浜名湖,一般,６　５６６　４５６５,,,,,,
202608210604,2026-08-21,06,04R,4278,藤岡 俊介,2026-05-16,2026-05-19,06,浜名湖,一般,２２４１２４２１,2024-12-14,2024-12-17,06,浜名湖,一般,３１３２２２[２],2023-01-25,2023-01-29,06,浜名湖,一般,１４４１４１３２[５],2021-06-10,2021-06-14,06,浜名湖,一般,１２２２２１転１[１],2021-02-19,2021-02-22,06,浜名湖,一般,４２４１２１[５],4197,渥美 卓郎,2026-05-16,2026-05-19,06,浜名湖,一般,６　６４１４５６,2026-03-12,2026-03-17,06,浜名湖,一般,６５１　５　１転６　１１,2025-12-19,2025-12-24,06,浜名湖,一般,３　２３６　５５１　１４,2025-11-26,2025-12-01,06,浜名湖,一般,　　　　　　　　　　５６,2025-05-15,2025-05-20,06,浜名湖,一般,５５３　６　３５１６５２,3867,松浦 勝,2026-03-12,2026-03-17,06,浜名湖,一般,１　６６６　２４６　６,2025-08-23,2025-08-26,06,浜名湖,一般,４　５５１３５４,2023-12-22,2023-12-25,06,浜名湖,一般,６５４　４５１６,2023-08-19,2023-08-24,06,浜名湖,一般,１　２５４５３　６３１２,2022-01-27,2022-01-31,06,浜名湖,一般,３２２５２　１５５５,3642,大塚 浩二,2026-03-01,2026-03-06,06,浜名湖,一般,４５６　６３６　６５６,2025-12-19,2025-12-24,06,浜名湖,一般,４５６　２　５４６　３２,2025-07-10,2025-07-13,06,浜名湖,一般,５　４３６　４３,2024-09-09,2024-09-14,06,浜名湖,一般,４　３５５　４５２６６５,2024-05-03,2024-05-07,06,浜名湖,一般,１３６　４６２４２,4323,山田 佑樹,2024-11-23,2024-11-27,06,浜名湖,一般,１　２６５２２２[６],2021-09-18,2021-09-23,06,浜名湖,一般,２３３　６６,2019-07-13,2019-07-18,06,浜名湖,一般,１３６　４４５　１１３４,2017-06-22,2017-06-27,06,浜名湖,一般,３　３６５４５　３６,2017-02-24,2017-02-27,06,浜名湖,一般,２　２６３４２６,4106,坂井 康嗣,2025-09-28,2025-10-03,06,浜名湖,一般,５４５　２６６　２４５,2025-05-15,2025-05-20,06,浜名湖,一般,４　６４４　３３４　５６,2024-10-23,2024-10-27,06,浜名湖,一般,３５２３１　２１[２],2020-09-26,2020-09-29,06,浜名湖,一般,５６,2020-01-17,2020-01-21,06,浜名湖,一般,２　３３３３３２[６]
202608210605,2026-08-21,06,05R,5258,仲本 舜,2026-03-29,2026-04-03,06,浜名湖,一般,５４３　４　４３６　４,2025-01-30,2025-02-04,06,浜名湖,一般,４　５５４　５６５　２２,,,,,,,,,,,,,,,,,,,3583,齋藤 智裕,2026-04-25,2026-04-30,06,浜名湖,一般,５　５２６　５５４　６,2025-09-20,2025-09-25,06,浜名湖,一般,５　４２５　５４５　６４,2024-04-16,2024-04-20,06,浜名湖,一般,４　４６,2024-02-24,2024-02-29,06,浜名湖,一般,４２２　６　４　５　４６,2023-07-08,2023-07-11,06,浜名湖,一般,６５２６３　２,4980,佐々木 完太,2024-05-03,2024-05-07,06,浜名湖,一般,４２１１５４２３１２,2024-03-12,2024-03-17,06,浜名湖,一般,３　４２２２４２１３２４,2024-01-06,2024-01-11,06,浜名湖,一般,１３２３１１２１２１[１],2022-10-20,2022-10-25,06,浜名湖,一般,３　３１２３１１３２[６],2022-08-06,2022-08-10,06,浜名湖,一般,５２５１２　６１[５],3800,牧 宏次,2026-03-12,2026-03-17,06,浜名湖,一般,２　３２４６１　３４１３,2025-10-17,2025-10-21,06,浜名湖,一般,６６２　２３３　４４,2024-11-23,2024-11-27,06,浜名湖,一般,１　６３２３１５１３,2024-06-29,2024-07-04,06,浜名湖,一般,３　１６２５２３５４３２,2023-09-30,2023-10-03,06,浜名湖,一般,６　２４３６５,4365,盛本 真輔,2026-01-15,2026-01-20,06,浜名湖,一般,３４３　３５２　３　５５,2025-07-10,2025-07-13,06,浜名湖,一般,４　２２５６２５,2025-04-24,2025-04-29,06,浜名湖,一般,１　１６２４６４１　５３,2024-09-09,2024-09-14,06,浜名湖,一般,１　４３２５５５１　１３,2024-06-07,2024-06-12,06,浜名湖,一般,６１３　３３１　１３[６],4785,木幡 純也,2025-12-19,2025-12-24,06,浜名湖,一般,４６４　３５２　３　３２,2021-12-11,2021-12-15,06,浜名湖,一般,６　６欠,2020-08-06,2020-08-10,06,浜名湖,一般,６５２　３５５　F５,2019-05-16,2019-05-20,06,浜名湖,一般,６　１５６欠,2018-01-26,2018-01-29,06,浜名湖,一般,４６１３２　２４
202608210606,2026-08-21,06,06R,5263,花田 凱成,2024-12-14,2024-12-17,06,浜名湖,一般,２６３　２５１１,,,,,,,,,,,,,,,,,,,,,,,,,3976,内田 圭,2026-03-12,2026-03-17,06,浜名湖,一般,６　４５６　５５５　４５,2024-03-29,2024-04-03,06,浜名湖,一般,１４１　２６６　２６４３,2019-08-03,2019-08-07,06,浜名湖,一般,５　５６１　１５５２,2017-12-22,2017-12-25,06,浜名湖,一般,６６２　５４５,2016-03-11,2016-03-14,06,浜名湖,一般,５５５　５１１４,4258,関根 彰人,2026-06-13,2026-06-16,06,浜名湖,一般,５４５２２　２２,2024-10-31,2024-11-04,06,浜名湖,一般,１４１５３　３４４５,2023-09-21,2023-09-26,06,浜名湖,一般,３４６　３４３　２６４,2022-12-07,2022-12-12,06,浜名湖,ＧⅢ,３４２　６２６　５４３５,2022-03-17,2022-03-23,06,浜名湖,一般,１　１３６　１４４４３５２６,3930,岸本 隆,2023-06-13,2023-06-16,06,浜名湖,一般,５４６　３５５,2022-06-15,2022-06-20,06,浜名湖,一般,５　２４２４５４５　１５,2019-06-04,2019-06-09,06,浜名湖,一般,１１３５F　４　５　２,2018-10-27,2018-11-01,06,浜名湖,一般,１３１　３４３４４５２４,2017-02-24,2017-02-27,06,浜名湖,一般,４１６３４　４６,4465,大西 賢,2024-12-14,2024-12-17,06,浜名湖,一般,３２５６４　２３,2023-08-19,2023-08-24,06,浜名湖,一般,５２２２５　５　５２２３,2022-06-04,2022-06-08,06,浜名湖,一般,５６５,2021-03-28,2021-04-03,06,浜名湖,一般,４　１４２　１５６１３４２３,2020-06-26,2020-06-30,06,浜名湖,一般,３６２４５　３５４４,4199,北川 潤二,2026-03-20,2026-03-25,06,浜名湖,ＧⅢ,３２２　３２６３２５１５,2024-12-14,2024-12-17,06,浜名湖,一般,４１５３２　１３,2023-12-22,2023-12-25,06,浜名湖,一般,２４４３１１[５],2023-02-11,2023-02-16,06,浜名湖,ＧⅠ,３１５　３　２妨２　４,2022-11-04,2022-11-09,06,浜名湖,ＧⅠ,５　２６６　３４５５６
202608210607,2026-08-21,06,07R,4966,田川 大貴,2026-02-19,2026-02-24,06,浜名湖,一般,２　６６４６５１６　２２,2023-07-25,2023-07-30,06,浜名湖,ＧⅡ,２　５　２５６　４１２,2020-08-27,2020-09-01,06,浜名湖,一般,エ４３　３６２　３３５,2020-04-07,2020-04-12,06,浜名湖,一般,３５６　６　６３３　２５,2017-11-15,2017-11-20,06,浜名湖,一般,６　２６４　５６５　５５,4979,中野 夢斗,2026-06-06,2026-06-10,06,浜名湖,一般,４４３　５１４　２５,2024-05-15,2024-05-20,06,浜名湖,一般,６　２２３２１４３６１３,2024-02-07,2024-02-12,06,浜名湖,一般,６　４５,2023-09-06,2023-09-11,06,浜名湖,一般,２　５６６　１６５　１２,2022-05-28,2022-06-01,06,浜名湖,一般,２５３５６　２１１６,4057,松井 賢治,2025-02-09,2025-02-14,06,浜名湖,一般,１４２６２　１４５　３３,2023-03-29,2023-04-03,06,浜名湖,一般,６２２　４４２２１６１４,2021-09-03,2021-09-06,06,浜名湖,一般,３６４　３１３３,2019-05-23,2019-05-28,06,浜名湖,一般,１６１３１　２２１４３２,2018-12-12,2018-12-17,06,浜名湖,一般,５２１　２２４２１５４２,4214,林 祐介,2023-12-14,2023-12-17,06,浜名湖,一般,４　５３,2023-08-04,2023-08-08,06,浜名湖,一般,４３２　１２５５２５,2019-03-30,2019-04-05,06,浜名湖,一般,３　３４３　２５１５３５１５,2018-03-30,2018-04-03,06,浜名湖,一般,６６,2017-12-07,2017-12-12,06,浜名湖,一般,２４３４６２１　５４２５,3876,中辻 崇人,2024-03-20,2024-03-25,06,浜名湖,一般,２　１１２３１１１１[２],2022-07-30,2022-08-03,06,浜名湖,一般,３　４６４４,2020-03-05,2020-03-08,06,浜名湖,一般,１１１　３１[２],2019-03-20,2019-03-24,06,浜名湖,一般,３６２　２３３４１１,2018-03-16,2018-03-21,06,浜名湖,ＳＧ,１　６　５２４　６４２,4700,金子 和之,2025-06-28,2025-07-03,06,浜名湖,一般,２　３３４２４５１５４,2025-01-16,2025-01-21,06,浜名湖,一般,２６４５３３３４２　４３,2024-04-16,2024-04-20,06,浜名湖,一般,１４２　１２４１[２],2023-07-15,2023-07-20,06,浜名湖,一般,１　１４４２１１３１[６],2023-01-07,2023-01-11,06,浜名湖,一般,４５３２１　１２[５]
202608210608,2026-08-21,06,08R,4133,高橋 正男,2026-05-16,2026-05-19,06,浜名湖,一般,２　１２３２[２],2024-06-18,2024-06-21,06,浜名湖,一般,１F６　２　３,2022-12-07,2022-12-12,06,浜名湖,ＧⅢ,３１４　１６４１３２[６],2022-02-27,2022-03-04,06,浜名湖,一般,１　２２６２３１１５４１,2020-12-17,2020-12-21,06,浜名湖,一般,６２１　１３３３２６,5071,野見山 拓己,2025-04-24,2025-04-29,06,浜名湖,一般,５　転２４　１４６４５３,2024-03-12,2024-03-17,06,浜名湖,一般,転,,,,,,,,,,,,,,,,,,,5315,浅井 翼,2026-02-10,2026-02-15,06,浜名湖,一般,４５４　６　３６６　１４,2025-10-25,2025-10-30,06,浜名湖,一般,６５６　６　６６６　６５,2024-12-20,2024-12-25,06,浜名湖,一般,６　６　４転５４６　５５,2024-10-23,2024-10-27,06,浜名湖,一般,６　５６６　４５６５,,,,,,,4074,柳沢 一,2024-11-16,2024-11-20,06,浜名湖,一般,１２３６２２２４１６,2024-01-25,2024-01-30,06,浜名湖,ＧⅠ,６　１　３４１　５　３３,2023-07-25,2023-07-30,06,浜名湖,ＧⅡ,６　１４５　３F３　４,2023-02-11,2023-02-16,06,浜名湖,ＧⅠ,５１４　２　３４３　１４,2022-11-04,2022-11-09,06,浜名湖,ＧⅠ,４２４　１　３４４　３４,3981,今坂 晃広,2026-04-25,2026-04-30,06,浜名湖,一般,６　１６６　１６２　６６,2026-01-08,2026-01-12,06,浜名湖,一般,３　１欠,2025-10-08,2025-10-13,06,浜名湖,一般,４２５　１５３　１５２６,2025-08-23,2025-08-26,06,浜名湖,一般,２６２　４３４３,2024-08-01,2024-08-06,06,浜名湖,ＧⅢ,１４５　６５２　６５５４,5466,,,,,,,,,,,,,,,,,,,,,,,,,,,,,,,
202608210609,2026-08-21,06,09R,4323,山田 佑樹,2024-11-23,2024-11-27,06,浜名湖,一般,１　２６５２２２[６],2021-09-18,2021-09-23,06,浜名湖,一般,２３３　６６,2019-07-13,2019-07-18,06,浜名湖,一般,１３６　４４５　１１３４,2017-06-22,2017-06-27,06,浜名湖,一般,３　３６５４５　３６,2017-02-24,2017-02-27,06,浜名湖,一般,２　２６３４２６,4608,荒井 翔伍,2025-08-30,2025-09-03,06,浜名湖,一般,６　５５６５,2025-03-13,2025-03-16,06,浜名湖,一般,３１４３１　[４],2024-06-07,2024-06-12,06,浜名湖,一般,３５１６３３４１３２２,2023-09-30,2023-10-03,06,浜名湖,一般,２　２５２５５３,2023-06-04,2023-06-10,06,浜名湖,一般,４３３４５　１４３妨,4435,服部 達哉,2026-01-08,2026-01-12,06,浜名湖,一般,２　５５３３６６５,2025-04-24,2025-04-29,06,浜名湖,一般,２　４５３６３４３　２５,2024-05-15,2024-05-20,06,浜名湖,一般,１４６５４　２３１６４４,2023-10-07,2023-10-11,06,浜名湖,一般,４１４　２転,2022-07-21,2022-07-26,06,浜名湖,一般,３　４６６６１　３　４２,4332,村上 彰一,2026-03-29,2026-04-03,06,浜名湖,一般,２４２　６５５　４　１,2025-07-17,2025-07-22,06,浜名湖,一般,２４４　２　１４３６１３,2022-03-17,2022-03-23,06,浜名湖,一般,３１２６２　転４,2019-12-14,2019-12-18,06,浜名湖,一般,２６５　６２３　５,2019-03-08,2019-03-13,06,浜名湖,一般,２　２６４　５　３３３５,4809,外崎 悟,2025-12-19,2025-12-24,06,浜名湖,一般,２　３１１２１３３１[３],2024-09-09,2024-09-14,06,浜名湖,一般,３　１２５４６４３　５１,2023-01-17,2023-01-22,06,浜名湖,一般,６　２３１　２４２２[６],2022-06-04,2022-06-08,06,浜名湖,一般,３１５５３　４３２４,2022-01-18,2022-01-23,06,浜名湖,一般,１３３６２　３５１３,3825,宮嵜 隆太郎,2022-11-28,2022-12-03,06,浜名湖,ＧⅢ,３　５６５　６６５５２,2019-03-30,2019-04-05,06,浜名湖,一般,２　３３４　５６３５２　５４,2018-03-02,2018-03-05,06,浜名湖,一般,４６５５５　６,2016-10-21,2016-10-24,06,浜名湖,一般,６　１６５６２,2016-04-23,2016-04-26,06,浜名湖,一般,６４６　４４６３
202608210610,2026-08-21,06,10R,5269,山口 晃朋,2026-08-11,2026-08-16,06,浜名湖,一般,２１２　１５４２６６１３,2026-05-03,2026-05-08,06,浜名湖,一般,１１４　４　１５６６２６,2026-04-25,2026-04-30,06,浜名湖,一般,３３２　３４２　１４４４,2025-12-29,2026-01-03,06,浜名湖,一般,２３５　１５１　転５４６,2025-11-26,2025-12-01,06,浜名湖,一般,２１４　１３１６５６１４,4365,盛本 真輔,2026-01-15,2026-01-20,06,浜名湖,一般,３４３　３５２　３　５５,2025-07-10,2025-07-13,06,浜名湖,一般,４　２２５６２５,2025-04-24,2025-04-29,06,浜名湖,一般,１　１６２４６４１　５３,2024-09-09,2024-09-14,06,浜名湖,一般,１　４３２５５５１　１３,2024-06-07,2024-06-12,06,浜名湖,一般,６１３　３３１　１３[６],4465,大西 賢,2024-12-14,2024-12-17,06,浜名湖,一般,３２５６４　２３,2023-08-19,2023-08-24,06,浜名湖,一般,５２２２５　５　５２２３,2022-06-04,2022-06-08,06,浜名湖,一般,５６５,2021-03-28,2021-04-03,06,浜名湖,一般,４　１４２　１５６１３４２３,2020-06-26,2020-06-30,06,浜名湖,一般,３６２４５　３５４４,3867,松浦 勝,2026-03-12,2026-03-17,06,浜名湖,一般,１　６６６　２４６　６,2025-08-23,2025-08-26,06,浜名湖,一般,４　５５１３５４,2023-12-22,2023-12-25,06,浜名湖,一般,６５４　４５１６,2023-08-19,2023-08-24,06,浜名湖,一般,１　２５４５３　６３１２,2022-01-27,2022-01-31,06,浜名湖,一般,３２２５２　１５５５,5053,山口 広樹,2025-03-13,2025-03-16,06,浜名湖,一般,４５３４１　２３,,,,,,,,,,,,,,,,,,,,,,,,,4553,坪口 竜也,2024-05-28,2024-06-03,06,浜名湖,一般,２　４　２２３５,2019-01-10,2019-01-14,06,浜名湖,一般,２４５,2017-01-14,2017-01-18,06,浜名湖,一般,３　１６２５４１６,2016-06-23,2016-06-27,06,浜名湖,一般,３３５　５２５　４１,2016-04-15,2016-04-18,06,浜名湖,一般,３２５６６　２３
202608210611,2026-08-21,06,11R,4877,鈴谷 一平,2025-07-17,2025-07-22,06,浜名湖,一般,３２１６１２６　３３２５,2021-08-22,2021-08-27,06,浜名湖,一般,２２３４２２５２１５１２,2020-03-28,2020-04-03,06,浜名湖,一般,３　４４６　２１６６６　２２,2017-06-30,2017-07-03,06,浜名湖,一般,４　１６５５１６,2016-02-25,2016-02-28,06,浜名湖,一般,６　５６５６５,5268,山本 幸也,2026-03-12,2026-03-17,06,浜名湖,一般,４５５　５５６　６５６４,2024-12-14,2024-12-17,06,浜名湖,一般,５６６　５　２５,,,,,,,,,,,,,,,,,,,3800,牧 宏次,2026-03-12,2026-03-17,06,浜名湖,一般,２　３２４６１　３４１３,2025-10-17,2025-10-21,06,浜名湖,一般,６６２　２３３　４４,2024-11-23,2024-11-27,06,浜名湖,一般,１　６３２３１５１３,2024-06-29,2024-07-04,06,浜名湖,一般,３　１６２５２３５４３２,2023-09-30,2023-10-03,06,浜名湖,一般,６　２４３６５,3546,中里 昌志,2026-01-08,2026-01-12,06,浜名湖,一般,４４１４４　４２３２,2025-07-26,2025-08-01,06,浜名湖,一般,４６５　１４４　６５５６,2025-03-04,2025-03-09,06,浜名湖,一般,３　４２６４４３５　３３,2024-09-18,2024-09-23,06,浜名湖,ＧⅢ,４３５　１３１５３　２４,2024-06-29,2024-07-04,06,浜名湖,一般,５　５５３　３６２　２３,3893,汐崎 正則,2025-01-08,2025-01-13,06,浜名湖,一般,２　６５２　３４５３３５,2024-08-01,2024-08-06,06,浜名湖,ＧⅢ,２５６　５３３　４６１２,2022-11-28,2022-12-03,06,浜名湖,ＧⅢ,２３５　３１２４２４１４,2021-12-02,2021-12-06,06,浜名湖,一般,３１１　３２２１[１],2021-06-10,2021-06-14,06,浜名湖,一般,２５５１４　３５４４,3930,岸本 隆,2023-06-13,2023-06-16,06,浜名湖,一般,５４６　３５５,2022-06-15,2022-06-20,06,浜名湖,一般,５　２４２４５４５　１５,2019-06-04,2019-06-09,06,浜名湖,一般,１１３５F　４　５　２,2018-10-27,2018-11-01,06,浜名湖,一般,１３１　３４３４４５２４,2017-02-24,2017-02-27,06,浜名湖,一般,４１６３４　４６
202608210612,2026-08-21,06,12R,4074,柳沢 一,2024-11-16,2024-11-20,06,浜名湖,一般,１２３６２２２４１６,2024-01-25,2024-01-30,06,浜名湖,ＧⅠ,６　１　３４１　５　３３,2023-07-25,2023-07-30,06,浜名湖,ＧⅡ,６　１４５　３F３　４,2023-02-11,2023-02-16,06,浜名湖,ＧⅠ,５１４　２　３４３　１４,2022-11-04,2022-11-09,06,浜名湖,ＧⅠ,４２４　１　３４４　３４,4199,北川 潤二,2026-03-20,2026-03-25,06,浜名湖,ＧⅢ,３２２　３２６３２５１５,2024-12-14,2024-12-17,06,浜名湖,一般,４１５３２　１３,2023-12-22,2023-12-25,06,浜名湖,一般,２４４３１１[５],2023-02-11,2023-02-16,06,浜名湖,ＧⅠ,３１５　３　２妨２　４,2022-11-04,2022-11-09,06,浜名湖,ＧⅠ,５　２６６　３４５５６,4278,藤岡 俊介,2026-05-16,2026-05-19,06,浜名湖,一般,２２４１２４２１,2024-12-14,2024-12-17,06,浜名湖,一般,３１３２２２[２],2023-01-25,2023-01-29,06,浜名湖,一般,１４４１４１３２[５],2021-06-10,2021-06-14,06,浜名湖,一般,１２２２２１転１[１],2021-02-19,2021-02-22,06,浜名湖,一般,４２４１２１[５],3876,中辻 崇人,2024-03-20,2024-03-25,06,浜名湖,一般,２　１１２３１１１１[２],2022-07-30,2022-08-03,06,浜名湖,一般,３　４６４４,2020-03-05,2020-03-08,06,浜名湖,一般,１１１　３１[２],2019-03-20,2019-03-24,06,浜名湖,一般,３６２　２３３４１１,2018-03-16,2018-03-21,06,浜名湖,ＳＧ,１　６　５２４　６４２,4980,佐々木 完太,2024-05-03,2024-05-07,06,浜名湖,一般,４２１１５４２３１２,2024-03-12,2024-03-17,06,浜名湖,一般,３　４２２２４２１３２４,2024-01-06,2024-01-11,06,浜名湖,一般,１３２３１１２１２１[１],2022-10-20,2022-10-25,06,浜名湖,一般,３　３１２３１１３２[６],2022-08-06,2022-08-10,06,浜名湖,一般,５２５１２　６１[５],5026,安河内 健,2026-01-08,2026-01-12,06,浜名湖,一般,１４１　２２１４２４,2023-05-05,2023-05-10,06,浜名湖,一般,２１３　４１６　１３[５],2022-09-03,2022-09-08,06,浜名湖,一般,３　１１１２１５６１[２],,,,,,,,,,,,
202608210701,2026-08-21,07,01R,4752,西尾 亮輔,2026-06-09,2026-06-13,07,蒲郡,一般,　　　　　　　　４妨,2026-04-24,2026-04-28,07,蒲郡,一般,１　２２５５２　１４,2025-05-31,2025-06-06,07,蒲郡,一般,　　　　　　　　　　　　５転,2025-04-29,2025-05-04,07,蒲郡,一般,５５２　５３５　３　２６,2025-01-31,2025-02-04,07,蒲郡,一般,１　３３５６３３６３,4718,北川 太一,2026-01-14,2026-01-19,07,蒲郡,ＧⅢ,４５６２２　５　５欠,2024-07-02,2024-07-07,07,蒲郡,一般,４２６２１　１　１３４３,2024-03-28,2024-04-03,07,蒲郡,一般,２５３　２５４３２　３２３３,2020-09-11,2020-09-15,07,蒲郡,一般,４２５転１　２　２３,2018-01-31,2018-02-05,07,蒲郡,一般,５３４　３５４　５　４６,3659,藤生 雄人,2025-07-01,2025-07-06,07,蒲郡,一般,４　３６F　４　４　６,2024-10-28,2024-10-31,07,蒲郡,一般,５１３６２５２６,2024-04-13,2024-04-18,07,蒲郡,一般,５　２,2024-02-17,2024-02-22,07,蒲郡,一般,２　１２３　１２４２[４],2022-10-21,2022-10-26,07,蒲郡,一般,２　３２６２５４２５６４,3535,渡 修平,2026-02-28,2026-03-06,07,蒲郡,一般,５４転　２　１６２　５６１２,2024-11-29,2024-12-02,07,蒲郡,一般,４　６４６　１３,2024-01-25,2024-01-29,07,蒲郡,一般,６　１４２５３　１５,2021-07-30,2021-08-05,07,蒲郡,一般,１　５３３　４５５５４　６,2020-09-29,2020-10-05,07,蒲郡,一般,６　６６５,3391,鈴木 茂正,2018-05-27,2018-05-30,07,蒲郡,一般,１２２　４２[４],2018-03-08,2018-03-12,07,蒲郡,一般,２　２３５３２４１４,2017-06-16,2017-06-21,07,蒲郡,一般,１２６　２２３５４４３６,2016-11-21,2016-11-26,07,蒲郡,一般,１　６５３６５６２２１,2016-04-23,2016-04-27,07,蒲郡,一般,２１５　１３４４３３,5402,塚越 陸斗,2026-07-01,2026-07-06,07,蒲郡,一般,５６４　６６５　５　４,2026-04-24,2026-04-28,07,蒲郡,一般,６　６６６　６　５５,2026-01-07,2026-01-11,07,蒲郡,一般,６６６　６　６６６,,,,,,,,,,,,
202608210702,2026-08-21,07,02R,4173,岡谷 健吾,2024-03-10,2024-03-15,07,蒲郡,一般,２３２　１３４４５２[４],2023-10-01,2023-10-05,07,蒲郡,一般,１６４　３４４２１１,2023-02-04,2023-02-08,07,蒲郡,一般,５６３　１４２　５４,2022-03-09,2022-03-15,07,蒲郡,一般,５２F３４　５　４２５　４６,2019-12-13,2019-12-18,07,蒲郡,一般,３１２　３落１２５２[６],5395,,,,,,,,,,,,,,,,,,,,,,,,,,,,,,,,5216,長谷川 晴哉,2025-07-19,2025-07-24,07,蒲郡,一般,５　２１３６２５落６１１,2024-08-31,2024-09-07,07,蒲郡,一般,４６２　１５１２５５１６,2024-03-02,2024-03-07,07,蒲郡,一般,１４１　１５４３４４１２,2023-10-08,2023-10-12,07,蒲郡,一般,１４４　６　２４５転,2022-04-20,2022-04-24,07,蒲郡,一般,６　４５６　６　６５,4054,福嶋 智之,2026-02-10,2026-02-16,07,蒲郡,一般,５３５　２１４　５６６５３,2025-05-31,2025-06-06,07,蒲郡,一般,４５２　４３４　エ４３２４１,2023-11-17,2023-11-21,07,蒲郡,一般,５　５５１６３２２２,2023-01-24,2023-01-30,07,蒲郡,一般,５　２６２３１６２　６３６１,2021-05-21,2021-05-26,07,蒲郡,一般,４２３５３　１６２６２３,4356,長岡 良也,2025-11-22,2025-11-27,07,蒲郡,一般,２３５２３６１２１　１４,2024-07-16,2024-07-21,07,蒲郡,一般,２２F３,2023-10-15,2023-10-19,07,蒲郡,一般,１　５６３６,2023-08-05,2023-08-10,07,蒲郡,一般,５４３３１１３４２２[３],2023-01-24,2023-01-30,07,蒲郡,一般,４６３　５２２６５２１１３４,4552,杉山 勝匡,2025-07-09,2025-07-14,07,蒲郡,一般,５６２　５６５　１　１２,2024-10-01,2024-10-05,07,蒲郡,一般,２１３　１４３５１５,2019-04-01,2019-04-07,07,蒲郡,一般,６　３６６　エ５１　６　２４,2016-10-16,2016-10-21,07,蒲郡,一般,６　３６５　４　５６６,2016-04-02,2016-04-05,07,蒲郡,一般,５　６５４４１
202608210703,2026-08-21,07,03R,5076,石原 光,2026-02-28,2026-03-06,07,蒲郡,一般,５３２５２　５　２６５２１１,2025-07-19,2025-07-24,07,蒲郡,一般,１４１５５　１　３５４,2025-04-02,2025-04-07,07,蒲郡,一般,４　５１５　３５４　１６,2024-09-24,2024-09-28,07,蒲郡,一般,６　６３６　６　６５,2024-03-02,2024-03-07,07,蒲郡,一般,４　４５５　６６６　３４,5212,,,,,,,,,,,,,,,,,,,,,,,,,,,,,,,,3406,中里 英夫,2026-06-23,2026-06-28,07,蒲郡,一般,３４１　２１３４２４５３,2025-12-22,2025-12-28,07,蒲郡,一般,５１３　３４１４３　４４１６,2024-10-28,2024-10-31,07,蒲郡,一般,３　４２５４２４,2023-05-11,2023-05-16,07,蒲郡,ＧⅢ,３２４　２６３　２５３６,2023-03-28,2023-04-02,07,蒲郡,一般,落,4211,村田 敦,2025-12-09,2025-12-15,07,蒲郡,一般,２　１５３　５５４６６　３,2025-04-02,2025-04-07,07,蒲郡,一般,５　４１５５２　５　２６,2024-11-21,2024-11-26,07,蒲郡,一般,５　３６６　１６６４４,2024-01-13,2024-01-18,07,蒲郡,一般,１　転４３　４４転,2022-12-05,2022-12-11,07,蒲郡,一般,３５２　６６２　３１２５転,4097,貫地谷 直人,2025-02-07,2025-02-10,07,蒲郡,一般,３６５　５５４,2024-10-28,2024-10-31,07,蒲郡,一般,３３２　４５３４,2023-11-07,2023-11-12,07,蒲郡,一般,４３５　６３４　３４４６,2023-01-08,2023-01-11,07,蒲郡,一般,５６３　２　３４,2020-04-02,2020-04-07,07,蒲郡,一般,５　４転,3952,中澤 和志,2025-01-31,2025-02-04,07,蒲郡,一般,４２５１４１１６４１,2024-06-08,2024-06-13,07,蒲郡,ＧⅠ,４６１　３４４　１３４５,2024-02-17,2024-02-22,07,蒲郡,一般,１２１１２３１１２１[１],2023-01-14,2023-01-19,07,蒲郡,ＧⅢ,３５１３５１１２２２[６],2022-12-24,2022-12-28,07,蒲郡,一般,１６４２３５１３４２
202608210704,2026-08-21,07,04R,4006,小野 勇作,2025-04-18,2025-04-23,07,蒲郡,一般,２２２　４５６６５　６,2024-11-11,2024-11-16,07,蒲郡,一般,５　２３１４２６４６４４,2022-12-19,2022-12-22,07,蒲郡,一般,１５１２５２[４],2019-04-12,2019-04-16,07,蒲郡,一般,１　２４３６４２[６],2016-07-03,2016-07-08,07,蒲郡,一般,１　３４５２６５５　２１,4544,松田 大志郎,2025-07-01,2025-07-06,07,蒲郡,一般,３５１１２５３１２４４６,2023-01-24,2023-01-30,07,蒲郡,一般,２４１４２１３　２４１４２２,2018-05-19,2018-05-24,07,蒲郡,ＧⅢ,３　２３１１１３３２[４],2017-09-19,2017-09-24,07,蒲郡,ＧⅠ,５２１　６　４落４　５５,2016-08-20,2016-08-25,07,蒲郡,一般,１３１２２１４１１１[１],4360,庄司 孝輔,2025-07-01,2025-07-06,07,蒲郡,一般,４６２　３　４４２　１３,2024-11-11,2024-11-16,07,蒲郡,一般,１３６　５４５　３　５３,2024-02-25,2024-02-28,07,蒲郡,一般,５　３２２３３２,2023-11-24,2023-11-29,07,蒲郡,一般,３５３　３４４　５６５４,2023-03-28,2023-04-02,07,蒲郡,一般,３１４６５　６６５３４１,5122,相馬 翔,2024-10-12,2024-10-16,07,蒲郡,一般,５　３F５５６　５,2024-01-07,2024-01-10,07,蒲郡,一般,６６４　３　３１,2021-11-18,2021-11-23,07,蒲郡,一般,５　２４転　６６５　５２,2021-07-30,2021-08-05,07,蒲郡,一般,６５F　５　６　６６４　５６,2021-01-07,2021-01-10,07,蒲郡,一般,４６３　２６５６,4245,高橋 直哉,2026-01-14,2026-01-19,07,蒲郡,ＧⅢ,３５３　５６４　６　６５,2024-10-12,2024-10-16,07,蒲郡,一般,５５３　２２４２３３,2024-03-10,2024-03-15,07,蒲郡,一般,４　３５４　５２５　５３,2023-04-07,2023-04-12,07,蒲郡,ＧⅢ,３　３３２６１５３　４６,2022-02-02,2022-02-05,07,蒲郡,一般,５６５　２６４,4837,酒井 陽祐,2025-12-22,2025-12-28,07,蒲郡,一般,３４４　４４３３３　４３１,2025-04-29,2025-05-04,07,蒲郡,一般,２４６　６　２４１５３,2024-11-29,2024-12-02,07,蒲郡,一般,５　４４１　４６,2024-09-24,2024-09-28,07,蒲郡,一般,２　３６４１転６３４,2024-05-08,2024-05-12,07,蒲郡,一般,４　５６３　６　３４
202608210705,2026-08-21,07,05R,4976,金山 立樹,2026-05-25,2026-05-31,07,蒲郡,一般,３　３３５　１４４４４　２６,2025-01-15,2025-01-20,07,蒲郡,一般,５　１３３３４６１１[６],2024-11-11,2024-11-16,07,蒲郡,一般,１　２３６４１６１３１２,2024-06-21,2024-06-25,07,蒲郡,一般,６　５６１４６２２,2022-08-17,2022-08-22,07,蒲郡,一般,４４１　転５２　５４２３,4562,阪本 勇介,2024-12-14,2024-12-20,07,蒲郡,一般,５　３４６　３５４　２　４６,2024-01-25,2024-01-29,07,蒲郡,一般,２４４　２３５４５６,2023-11-24,2023-11-29,07,蒲郡,一般,３　１１妨　４３５　２６,2015-05-22,2015-05-26,07,蒲郡,一般,４　３５３５１　２５,,,,,,,4709,岡村 将也,2026-02-28,2026-03-06,07,蒲郡,一般,６１２　４６２４４　６１[５],2025-04-18,2025-04-23,07,蒲郡,一般,４１２　３３５５３５４４,2023-10-01,2023-10-05,07,蒲郡,一般,３４２３１　２４３２,2023-01-08,2023-01-11,07,蒲郡,一般,２　３３１６４２,2019-12-05,2019-12-10,07,蒲郡,一般,３　３３３２４４３　２３,5223,森清 友翔,2026-06-23,2026-06-28,07,蒲郡,一般,１３５６１　２　３５３５,2025-04-02,2025-04-07,07,蒲郡,一般,６　６２１　２２４５１６,2025-01-15,2025-01-20,07,蒲郡,一般,５　４３転６４　３　６６,,,,,,,,,,,,,5402,塚越 陸斗,2026-07-01,2026-07-06,07,蒲郡,一般,５６４　６６５　５　４,2026-04-24,2026-04-28,07,蒲郡,一般,６　６６６　６　５５,2026-01-07,2026-01-11,07,蒲郡,一般,６６６　６　６６６,,,,,,,,,,,,,3554,仲口 博崇,2026-03-12,2026-03-17,07,蒲郡,一般,２２５５３１１３１３２１,2026-01-14,2026-01-19,07,蒲郡,ＧⅢ,２５４２２１２１３６２２,2025-11-14,2025-11-19,07,蒲郡,ＧⅢ,３５２１１　２１３１[５],2025-08-09,2025-08-14,07,蒲郡,一般,３１４　６５６　１６３１,2025-03-14,2025-03-19,07,蒲郡,ＧⅢ,２４２１２３２３３１１
202608210706,2026-08-21,07,06R,3385,渡邉 睦広,2026-01-14,2026-01-19,07,蒲郡,ＧⅢ,４２５　６５６　６１６,2024-10-28,2024-10-31,07,蒲郡,一般,４　５２２　３,2023-08-05,2023-08-10,07,蒲郡,一般,４５４　３３３　５３１２,2022-12-24,2022-12-28,07,蒲郡,一般,４　２５３　３３４６,2022-10-13,2022-10-18,07,蒲郡,一般,４２５２１　１５６５３６,5247,大森 翼,2023-01-08,2023-01-11,07,蒲郡,一般,６　５６６　３５,,,,,,,,,,,,,,,,,,,,,,,,,5293,眞崎 武蔵,2026-04-24,2026-04-28,07,蒲郡,一般,４６５　５　６６４,2025-05-14,2025-05-18,07,蒲郡,一般,５　６　５５６４６,2024-10-28,2024-10-31,07,蒲郡,一般,６　６６６　６６,2023-12-02,2023-12-07,07,蒲郡,一般,６　６６５　６　２５５６,2023-06-29,2023-07-04,07,蒲郡,一般,６　６６６　６　６６５６,4288,永田 啓二,2026-03-12,2026-03-17,07,蒲郡,一般,４３４２１１１３２２[２],2023-09-23,2023-09-28,07,蒲郡,一般,３３１１４１１１３１[３],2019-10-28,2019-11-02,07,蒲郡,一般,２４５２６　１５２　１３,2017-12-04,2017-12-10,07,蒲郡,一般,２１１１２２２　１１１１[１],2014-12-10,2014-12-15,07,蒲郡,一般,１　１４３４５４３５１２,3878,胡本 悟志,2025-06-11,2025-06-16,07,蒲郡,一般,３３５　６３３　６５３,2023-10-01,2023-10-05,07,蒲郡,一般,５　４４４　５６５,2020-05-02,2020-05-06,07,蒲郡,一般,５　５６３　２５４,2017-10-17,2017-10-23,07,蒲郡,一般,３２６　２５１４５５５　５,2016-04-02,2016-04-05,07,蒲郡,一般,３２３６３　４４,4580,長谷川 雅和,2026-04-18,2026-04-21,07,蒲郡,一般,２５４２６　２,2025-04-11,2025-04-15,07,蒲郡,一般,４４６４１　F　５,2023-01-24,2023-01-30,07,蒲郡,一般,２　２６２３４　６３３４１２,2022-10-13,2022-10-18,07,蒲郡,一般,３６１　５６５　１３２１,2021-02-02,2021-02-07,07,蒲郡,一般,３６１２１１６２６１[６]
202608210707,2026-08-21,07,07R,4084,杉山 正樹,2026-05-01,2026-05-06,07,蒲郡,一般,２２６　２３４６３３４４,2026-02-28,2026-03-06,07,蒲郡,一般,１５２１３　１１６６１１１５,2025-12-30,2026-01-04,07,蒲郡,一般,２４６１１２１３１４１６,2023-08-22,2023-08-27,07,蒲郡,一般,６４１１１　１３１２[F],2023-04-30,2023-05-05,07,蒲郡,一般,４４１３１１１１２１[１],3535,渡 修平,2026-02-28,2026-03-06,07,蒲郡,一般,５４転　２　１６２　５６１２,2024-11-29,2024-12-02,07,蒲郡,一般,４　６４６　１３,2024-01-25,2024-01-29,07,蒲郡,一般,６　１４２５３　１５,2021-07-30,2021-08-05,07,蒲郡,一般,１　５３３　４５５５４　６,2020-09-29,2020-10-05,07,蒲郡,一般,６　６６５,4155,長野 壮志郎,2024-11-21,2024-11-26,07,蒲郡,一般,５３１１６３１６４　１６,2024-01-25,2024-01-29,07,蒲郡,一般,５２３１５４１４３５,2019-08-23,2019-08-26,07,蒲郡,一般,３６５３１３１４,2018-09-12,2018-09-17,07,蒲郡,一般,２２１　４２４５５３６４,2018-04-09,2018-04-14,07,蒲郡,一般,２１４２３３２３１３４２,5076,石原 光,2026-02-28,2026-03-06,07,蒲郡,一般,５３２５２　５　２６５２１１,2025-07-19,2025-07-24,07,蒲郡,一般,１４１５５　１　３５４,2025-04-02,2025-04-07,07,蒲郡,一般,４　５１５　３５４　１６,2024-09-24,2024-09-28,07,蒲郡,一般,６　６３６　６　６５,2024-03-02,2024-03-07,07,蒲郡,一般,４　４５５　６６６　３４,5177,松井 貫太,2024-10-12,2024-10-16,07,蒲郡,一般,４　F５,2024-03-10,2024-03-15,07,蒲郡,一般,４４４　１５２　６５５６,,,,,,,,,,,,,,,,,,,5395,,,,,,,,,,,,,,,,,,,,,,,,,,,,,,,
202608210708,2026-08-21,07,08R,4264,長尾 章平,2025-10-14,2025-10-19,07,蒲郡,一般,１５６３３４１１１１５,2025-05-31,2025-06-06,07,蒲郡,一般,３　６４１１１　１３３２[５],2024-01-07,2024-01-10,07,蒲郡,一般,２５１３４３４１,2023-03-12,2023-03-17,07,蒲郡,一般,１　３２１６２５２３１１,2018-07-06,2018-07-10,07,蒲郡,一般,２３２２２　３２[４],4356,長岡 良也,2025-11-22,2025-11-27,07,蒲郡,一般,２３５２３６１２１　１４,2024-07-16,2024-07-21,07,蒲郡,一般,２２F３,2023-10-15,2023-10-19,07,蒲郡,一般,１　５６３６,2023-08-05,2023-08-10,07,蒲郡,一般,５４３３１１３４２２[３],2023-01-24,2023-01-30,07,蒲郡,一般,４６３　５２２６５２１１３４,4752,西尾 亮輔,2026-06-09,2026-06-13,07,蒲郡,一般,　　　　　　　　４妨,2026-04-24,2026-04-28,07,蒲郡,一般,１　２２５５２　１４,2025-05-31,2025-06-06,07,蒲郡,一般,　　　　　　　　　　　　５転,2025-04-29,2025-05-04,07,蒲郡,一般,５５２　５３５　３　２６,2025-01-31,2025-02-04,07,蒲郡,一般,１　３３５６３３６３,4097,貫地谷 直人,2025-02-07,2025-02-10,07,蒲郡,一般,３６５　５５４,2024-10-28,2024-10-31,07,蒲郡,一般,３３２　４５３４,2023-11-07,2023-11-12,07,蒲郡,一般,４３５　６３４　３４４６,2023-01-08,2023-01-11,07,蒲郡,一般,５６３　２　３４,2020-04-02,2020-04-07,07,蒲郡,一般,５　４転,5122,相馬 翔,2024-10-12,2024-10-16,07,蒲郡,一般,５　３F５５６　５,2024-01-07,2024-01-10,07,蒲郡,一般,６６４　３　３１,2021-11-18,2021-11-23,07,蒲郡,一般,５　２４転　６６５　５２,2021-07-30,2021-08-05,07,蒲郡,一般,６５F　５　６　６６４　５６,2021-01-07,2021-01-10,07,蒲郡,一般,４６３　２６５６,4053,芦澤 望,2026-02-28,2026-03-06,07,蒲郡,一般,４　２２１　１２６３６３３１,2025-11-14,2025-11-19,07,蒲郡,ＧⅢ,６４４　５１３３６,2025-04-11,2025-04-15,07,蒲郡,一般,３２３　２１４１[１],2024-10-12,2024-10-16,07,蒲郡,一般,F５３　５　３４４５,2024-07-16,2024-07-21,07,蒲郡,一般,２２１　４６４３１６１４
202608210709,2026-08-21,07,09R,4142,平野 和明,2026-06-09,2026-06-13,07,蒲郡,一般,２２２　３６４５１４,2025-07-09,2025-07-14,07,蒲郡,一般,６　１３３　４３２５３３,2025-04-02,2025-04-07,07,蒲郡,一般,１４３　３５４５１　３３,2025-01-04,2025-01-09,07,蒲郡,一般,１３３３６　５６３４３,2024-05-01,2024-05-05,07,蒲郡,一般,５４３　２６３４２２,4709,岡村 将也,2026-02-28,2026-03-06,07,蒲郡,一般,６１２　４６２４４　６１[５],2025-04-18,2025-04-23,07,蒲郡,一般,４１２　３３５５３５４４,2023-10-01,2023-10-05,07,蒲郡,一般,３４２３１　２４３２,2023-01-08,2023-01-11,07,蒲郡,一般,２　３３１６４２,2019-12-05,2019-12-10,07,蒲郡,一般,３　３３３２４４３　２３,4245,高橋 直哉,2026-01-14,2026-01-19,07,蒲郡,ＧⅢ,３５３　５６４　６　６５,2024-10-12,2024-10-16,07,蒲郡,一般,５５３　２２４２３３,2024-03-10,2024-03-15,07,蒲郡,一般,４　３５４　５２５　５３,2023-04-07,2023-04-12,07,蒲郡,ＧⅢ,３　３３２６１５３　４６,2022-02-02,2022-02-05,07,蒲郡,一般,５６５　２６４,4173,岡谷 健吾,2024-03-10,2024-03-15,07,蒲郡,一般,２３２　１３４４５２[４],2023-10-01,2023-10-05,07,蒲郡,一般,１６４　３４４２１１,2023-02-04,2023-02-08,07,蒲郡,一般,５６３　１４２　５４,2022-03-09,2022-03-15,07,蒲郡,一般,５２F３４　５　４２５　４６,2019-12-13,2019-12-18,07,蒲郡,一般,３１２　３落１２５２[６],4718,北川 太一,2026-01-14,2026-01-19,07,蒲郡,ＧⅢ,４５６２２　５　５欠,2024-07-02,2024-07-07,07,蒲郡,一般,４２６２１　１　１３４３,2024-03-28,2024-04-03,07,蒲郡,一般,２５３　２５４３２　３２３３,2020-09-11,2020-09-15,07,蒲郡,一般,４２５転１　２　２３,2018-01-31,2018-02-05,07,蒲郡,一般,５３４　３５４　５　４６,3406,中里 英夫,2026-06-23,2026-06-28,07,蒲郡,一般,３４１　２１３４２４５３,2025-12-22,2025-12-28,07,蒲郡,一般,５１３　３４１４３　４４１６,2024-10-28,2024-10-31,07,蒲郡,一般,３　４２５４２４,2023-05-11,2023-05-16,07,蒲郡,ＧⅢ,３２４　２６３　２５３６,2023-03-28,2023-04-02,07,蒲郡,一般,落
202608210710,2026-08-21,07,10R,3659,藤生 雄人,2025-07-01,2025-07-06,07,蒲郡,一般,４　３６F　４　４　６,2024-10-28,2024-10-31,07,蒲郡,一般,５１３６２５２６,2024-04-13,2024-04-18,07,蒲郡,一般,５　２,2024-02-17,2024-02-22,07,蒲郡,一般,２　１２３　１２４２[４],2022-10-21,2022-10-26,07,蒲郡,一般,２　３２６２５４２５６４,5223,森清 友翔,2026-06-23,2026-06-28,07,蒲郡,一般,１３５６１　２　３５３５,2025-04-02,2025-04-07,07,蒲郡,一般,６　６２１　２２４５１６,2025-01-15,2025-01-20,07,蒲郡,一般,５　４３転６４　３　６６,,,,,,,,,,,,,4574,東 潤樹,2024-01-07,2024-01-10,07,蒲郡,一般,４５６　６　３４,2023-03-05,2023-03-09,07,蒲郡,一般,５５４　２３４　２３,2019-03-12,2019-03-17,07,蒲郡,一般,５４３　５４５　１　４３,2018-06-15,2018-06-20,07,蒲郡,一般,４　２６５　１２４　１４,2017-12-13,2017-12-18,07,蒲郡,一般,２１５　２３６　５３３１,4580,長谷川 雅和,2026-04-18,2026-04-21,07,蒲郡,一般,２５４２６　２,2025-04-11,2025-04-15,07,蒲郡,一般,４４６４１　F　５,2023-01-24,2023-01-30,07,蒲郡,一般,２　２６２３４　６３３４１２,2022-10-13,2022-10-18,07,蒲郡,一般,３６１　５６５　１３２１,2021-02-02,2021-02-07,07,蒲郡,一般,３６１２１１６２６１[６],4360,庄司 孝輔,2025-07-01,2025-07-06,07,蒲郡,一般,４６２　３　４４２　１３,2024-11-11,2024-11-16,07,蒲郡,一般,１３６　５４５　３　５３,2024-02-25,2024-02-28,07,蒲郡,一般,５　３２２３３２,2023-11-24,2023-11-29,07,蒲郡,一般,３５３　３４４　５６５４,2023-03-28,2023-04-02,07,蒲郡,一般,３１４６５　６６５３４１,4054,福嶋 智之,2026-02-10,2026-02-16,07,蒲郡,一般,５３５　２１４　５６６５３,2025-05-31,2025-06-06,07,蒲郡,一般,４５２　４３４　エ４３２４１,2023-11-17,2023-11-21,07,蒲郡,一般,５　５５１６３２２２,2023-01-24,2023-01-30,07,蒲郡,一般,５　２６２３１６２　６３６１,2021-05-21,2021-05-26,07,蒲郡,一般,４２３５３　１６２６２３
202608210711,2026-08-21,07,11R,4155,長野 壮志郎,2024-11-21,2024-11-26,07,蒲郡,一般,５３１１６３１６４　１６,2024-01-25,2024-01-29,07,蒲郡,一般,５２３１５４１４３５,2019-08-23,2019-08-26,07,蒲郡,一般,３６５３１３１４,2018-09-12,2018-09-17,07,蒲郡,一般,２２１　４２４５５３６４,2018-04-09,2018-04-14,07,蒲郡,一般,２１４２３３２３１３４２,5216,長谷川 晴哉,2025-07-19,2025-07-24,07,蒲郡,一般,５　２１３６２５落６１１,2024-08-31,2024-09-07,07,蒲郡,一般,４６２　１５１２５５１６,2024-03-02,2024-03-07,07,蒲郡,一般,１４１　１５４３４４１２,2023-10-08,2023-10-12,07,蒲郡,一般,１４４　６　２４５転,2022-04-20,2022-04-24,07,蒲郡,一般,６　４５６　６　６５,3385,渡邉 睦広,2026-01-14,2026-01-19,07,蒲郡,ＧⅢ,４２５　６５６　６１６,2024-10-28,2024-10-31,07,蒲郡,一般,４　５２２　３,2023-08-05,2023-08-10,07,蒲郡,一般,４５４　３３３　５３１２,2022-12-24,2022-12-28,07,蒲郡,一般,４　２５３　３３４６,2022-10-13,2022-10-18,07,蒲郡,一般,４２５２１　１５６５３６,4006,小野 勇作,2025-04-18,2025-04-23,07,蒲郡,一般,２２２　４５６６５　６,2024-11-11,2024-11-16,07,蒲郡,一般,５　２３１４２６４６４４,2022-12-19,2022-12-22,07,蒲郡,一般,１５１２５２[４],2019-04-12,2019-04-16,07,蒲郡,一般,１　２４３６４２[６],2016-07-03,2016-07-08,07,蒲郡,一般,１　３４５２６５５　２１,4562,阪本 勇介,2024-12-14,2024-12-20,07,蒲郡,一般,５　３４６　３５４　２　４６,2024-01-25,2024-01-29,07,蒲郡,一般,２４４　２３５４５６,2023-11-24,2023-11-29,07,蒲郡,一般,３　１１妨　４３５　２６,2015-05-22,2015-05-26,07,蒲郡,一般,４　３５３５１　２５,,,,,,,5212,,,,,,,,,,,,,,,,,,,,,,,,,,,,,,,
202608210712,2026-08-21,07,12R,4544,松田 大志郎,2025-07-01,2025-07-06,07,蒲郡,一般,３５１１２５３１２４４６,2023-01-24,2023-01-30,07,蒲郡,一般,２４１４２１３　２４１４２２,2018-05-19,2018-05-24,07,蒲郡,ＧⅢ,３　２３１１１３３２[４],2017-09-19,2017-09-24,07,蒲郡,ＧⅠ,５２１　６　４落４　５５,2016-08-20,2016-08-25,07,蒲郡,一般,１３１２２１４１１１[１],3554,仲口 博崇,2026-03-12,2026-03-17,07,蒲郡,一般,２２５５３１１３１３２１,2026-01-14,2026-01-19,07,蒲郡,ＧⅢ,２５４２２１２１３６２２,2025-11-14,2025-11-19,07,蒲郡,ＧⅢ,３５２１１　２１３１[５],2025-08-09,2025-08-14,07,蒲郡,一般,３１４　６５６　１６３１,2025-03-14,2025-03-19,07,蒲郡,ＧⅢ,２４２１２３２３３１１,3952,中澤 和志,2025-01-31,2025-02-04,07,蒲郡,一般,４２５１４１１６４１,2024-06-08,2024-06-13,07,蒲郡,ＧⅠ,４６１　３４４　１３４５,2024-02-17,2024-02-22,07,蒲郡,一般,１２１１２３１１２１[１],2023-01-14,2023-01-19,07,蒲郡,ＧⅢ,３５１３５１１２２２[６],2022-12-24,2022-12-28,07,蒲郡,一般,１６４２３５１３４２,4084,杉山 正樹,2026-05-01,2026-05-06,07,蒲郡,一般,２２６　２３４６３３４４,2026-02-28,2026-03-06,07,蒲郡,一般,１５２１３　１１６６１１１５,2025-12-30,2026-01-04,07,蒲郡,一般,２４６１１２１３１４１６,2023-08-22,2023-08-27,07,蒲郡,一般,６４１１１　１３１２[F],2023-04-30,2023-05-05,07,蒲郡,一般,４４１３１１１１２１[１],4264,長尾 章平,2025-10-14,2025-10-19,07,蒲郡,一般,１５６３３４１１１１５,2025-05-31,2025-06-06,07,蒲郡,一般,３　６４１１１　１３３２[５],2024-01-07,2024-01-10,07,蒲郡,一般,２５１３４３４１,2023-03-12,2023-03-17,07,蒲郡,一般,１　３２１６２５２３１１,2018-07-06,2018-07-10,07,蒲郡,一般,２３２２２　３２[４],4288,永田 啓二,2026-03-12,2026-03-17,07,蒲郡,一般,４３４２１１１３２２[２],2023-09-23,2023-09-28,07,蒲郡,一般,３３１１４１１１３１[３],2019-10-28,2019-11-02,07,蒲郡,一般,２４５２６　１５２　１３,2017-12-04,2017-12-10,07,蒲郡,一般,２１１１２２２　１１１１[１],2014-12-10,2014-12-15,07,蒲郡,一般,１　１４３４５４３５１２
202608211301,2026-08-21,13,01R,5154,村松 栄太,2026-02-17,2026-02-22,13,尼崎,一般,４１４　６５３５５　２２,2022-01-20,2022-01-26,13,尼崎,一般,６　６６４　６６５５５４,2021-12-20,2021-12-23,13,尼崎,一般,３　６６６６６６,,,,,,,,,,,,,4103,山崎 善庸,2024-09-17,2024-09-21,13,尼崎,一般,３６３　４４５　３,2023-01-14,2023-01-18,13,尼崎,一般,５　２２５５４　２,2021-10-23,2021-10-28,13,尼崎,一般,６４３　２４４　４５１,2021-07-21,2021-07-25,13,尼崎,一般,５３４　４５４　転６,2021-04-24,2021-04-29,13,尼崎,一般,５　４１１　５３１　２６,4848,仲谷 颯仁,2026-01-22,2026-01-25,13,尼崎,ＧⅠ,４　４落５　２６,2024-02-25,2024-02-29,13,尼崎,一般,１４２２１１３１[４],2023-03-07,2023-03-11,13,尼崎,一般,１６２２１１２１[５],2021-07-27,2021-08-01,13,尼崎,ＧⅡ,F６４　４２３　６　３,2018-05-22,2018-05-27,13,尼崎,ＳＧ,４　２　１５３　４２３,3564,桑原 啓,2025-06-02,2025-06-07,13,尼崎,一般,３　１４５　４F１　３,2024-05-16,2024-05-21,13,尼崎,一般,　　４４５　１４２　５６,2024-01-13,2024-01-17,13,尼崎,一般,３５２　５３６　４６,2023-03-07,2023-03-11,13,尼崎,一般,３６５　２１６　４４,2022-04-21,2022-04-26,13,尼崎,一般,１　１６５５６　５６１,4988,牟田 奨太,2025-05-24,2025-05-29,13,尼崎,一般,６　６６６　６２６　１,2023-09-28,2023-10-03,13,尼崎,一般,６　１１２３５５４６１６,2022-06-18,2022-06-22,13,尼崎,一般,６　３　６４３　２５,2021-10-30,2021-11-04,13,尼崎,一般,４　６６２　４６６　２６,2020-04-25,2020-04-30,13,尼崎,一般,５　６６６　６　６６６６,5133,堀越 雄貴,2026-02-25,2026-02-28,13,尼崎,一般,４４５　３６４４,2024-07-20,2024-07-25,13,尼崎,一般,６　３３４　５６６　２４,2021-10-30,2021-11-04,13,尼崎,一般,６　３４６　４４５　４６,,,,,,,,,,,,
202608211302,2026-08-21,13,02R,4301,関 裕也,2024-05-24,2024-05-29,13,尼崎,一般,３３３　３１１５３３１３,2023-07-30,2023-08-04,13,尼崎,一般,６５２　１５５　３　３２,2022-02-06,2022-02-10,13,尼崎,一般,１２５　１５２３３１,2021-08-20,2021-08-25,13,尼崎,一般,２６４４１１３　１６５６,2021-01-29,2021-02-03,13,尼崎,一般,１２３６２１２　１２[５],5011,高木 圭大,2023-05-27,2023-06-01,13,尼崎,一般,６　２１４３４３エ５６２,2022-07-09,2022-07-13,13,尼崎,一般,１　６６４　４４４,,,,,,,,,,,,,,,,,,,3370,坪内 実,2025-01-20,2025-01-25,13,尼崎,一般,５３４　６２４　３６４３,2023-11-01,2023-11-06,13,尼崎,ＧⅢ,２　４１６４４６６　５４,2023-08-28,2023-09-01,13,尼崎,一般,４５５　２　６５４,2023-06-27,2023-07-01,13,尼崎,一般,４　４５４５１　２２,2022-12-22,2022-12-27,13,尼崎,一般,２５６　５５５　６６５,5396,近藤 来希,2026-08-09,2026-08-14,13,尼崎,一般,４　５　５３４　４６５,2026-05-22,2026-05-27,13,尼崎,一般,５　６５６　２６６　６,2026-05-04,2026-05-09,13,尼崎,一般,６　４５４　６　３５６,2026-01-04,2026-01-09,13,尼崎,一般,６　６６６　５５６　６,2025-08-09,2025-08-14,13,尼崎,一般,６　５６６　６４３６５,4329,小松 卓司,2025-07-16,2025-07-21,13,尼崎,一般,４６６　４６６　４６３,2022-05-06,2022-05-11,13,尼崎,一般,１４３　４６３　４２５２,2021-03-10,2021-03-15,13,尼崎,一般,５２５　５５３　２３２,2019-09-21,2019-09-26,13,尼崎,一般,５３転　５４６　６　４３,2018-09-29,2018-10-03,13,尼崎,一般,３転５　４５２５,3839,川合 理司,2022-04-21,2022-04-26,13,尼崎,一般,５　３６２　５６５　５４,2022-02-19,2022-02-23,13,尼崎,一般,５　５４２　４５３,2017-06-27,2017-07-02,13,尼崎,一般,３６６　１５５　１４５,2015-10-01,2015-10-04,13,尼崎,一般,４３２　４１１６,2014-07-29,2014-08-03,13,尼崎,一般,５２５　２５４　４３６
202608211303,2026-08-21,13,03R,4549,小林 文彦,2026-05-15,2026-05-18,13,尼崎,一般,４,2025-05-10,2025-05-15,13,尼崎,一般,１６４　１３３３３５４４,2024-09-27,2024-10-02,13,尼崎,一般,４５６,2024-06-06,2024-06-10,13,尼崎,一般,１　転３４　４２３,2022-12-15,2022-12-18,13,尼崎,一般,５４４　４１２２,4702,三浦 敬太,2025-07-02,2025-07-06,13,尼崎,一般,３６１　３３１４１１,2023-01-29,2023-02-02,13,尼崎,一般,１４１２２　１１[３],2022-02-06,2022-02-10,13,尼崎,一般,１５１２５１１２[５],2020-06-27,2020-07-01,13,尼崎,一般,４３１３４１１６４４,2017-07-26,2017-07-31,13,尼崎,一般,５５１　５５転,4327,加藤 翔,2026-01-29,2026-02-03,13,尼崎,一般,３　６６２　２６５５３,2023-04-11,2023-04-16,13,尼崎,一般,４５５　６４３　２　５３,2022-06-18,2022-06-22,13,尼崎,一般,１　１５４３４６３４,2020-11-18,2020-11-23,13,尼崎,一般,４１５　２５１３４３４３,2020-09-09,2020-09-13,13,尼崎,一般,３　２５５　１１４３,3964,宮地 博士,2026-03-22,2026-03-25,13,尼崎,一般,４４２　２　１４,2025-05-24,2025-05-29,13,尼崎,一般,５６２　３４３　５　５５,2021-05-14,2021-05-17,13,尼崎,一般,５６４　５４１４,2020-04-17,2020-04-22,13,尼崎,一般,３　５５３　４３３　４５,2017-07-16,2017-07-20,13,尼崎,一般,３　５３１　３５４３,3550,都築 正治,2024-09-27,2024-10-02,13,尼崎,一般,６６１　６４６　４　５５,2022-09-19,2022-09-24,13,尼崎,一般,１１４３６６２６２５,2022-05-20,2022-05-25,13,尼崎,一般,１６６　２３１　２３４２,2020-01-18,2020-01-22,13,尼崎,一般,１１１４２５１４１５,2019-04-02,2019-04-06,13,尼崎,一般,５２４１５３１　２１,5350,網代 良芽,2026-05-22,2026-05-27,13,尼崎,一般,１　４３４　３２４４３３,2026-01-29,2026-02-03,13,尼崎,一般,４　２転４　３５４　６６,2025-08-09,2025-08-14,13,尼崎,一般,４　４５３４４　５５６,2025-06-02,2025-06-07,13,尼崎,一般,５　３６４　５５４　５５,2025-04-02,2025-04-06,13,尼崎,一般,６６６　５　５　６６
202608211304,2026-08-21,13,04R,4376,藤田 靖弘,2024-11-19,2024-11-24,13,尼崎,一般,１３２４２　３２５６３３,2024-01-21,2024-01-26,13,尼崎,ＧⅢ,３４３　４５１　２５３３,2021-07-27,2021-08-01,13,尼崎,ＧⅡ,４　４２５　２６５６４,2020-08-01,2020-08-05,13,尼崎,一般,３３３　１３３４６２,2016-12-07,2016-12-11,13,尼崎,一般,３５１　５４３　４２,4839,四宮 与寛,2026-04-17,2026-04-22,13,尼崎,一般,４２３　２２４２１５１４,2025-07-16,2025-07-21,13,尼崎,一般,３２１　４３２２６３４１,2025-04-25,2025-04-30,13,尼崎,一般,２　３３４　４６４１１６,2023-04-11,2023-04-16,13,尼崎,一般,２　５３３６４３６　３４,2022-06-25,2022-06-30,13,尼崎,一般,２４６　５５４　２２３３,4340,土性 雅也,2024-06-14,2024-06-18,13,尼崎,一般,３３３　４２５６４５,2023-09-17,2023-09-21,13,尼崎,一般,５４５　４１６２転,2020-11-07,2020-11-12,13,尼崎,一般,３５１　３３３６３１２６,2020-02-29,2020-03-06,13,尼崎,一般,４２３　６欠,2019-01-11,2019-01-15,13,尼崎,一般,４　５４２　３３５,3596,河上 年昭,2025-06-02,2025-06-07,13,尼崎,一般,３４２　４５６　４６１,2023-05-21,2023-05-25,13,尼崎,一般,４２２　６４４　４,2019-12-11,2019-12-16,13,尼崎,ＧⅢ,６　５５６　６　２　６,2017-06-06,2017-06-09,13,尼崎,一般,５５３　２２３２,2015-10-18,2015-10-23,13,尼崎,一般,５２６　６３３　５４１５,5441,鈴木 雄登,2026-03-27,2026-03-31,13,尼崎,一般,６６４　５　６４３,,,,,,,,,,,,,,,,,,,,,,,,,4259,真庭 明志,2025-05-24,2025-05-29,13,尼崎,一般,６５１　５３２２１５１４,2023-06-08,2023-06-12,13,尼崎,一般,３５３　５４４　５４,2023-04-23,2023-04-28,13,尼崎,一般,４　１６５６３６２　３５,2022-08-17,2022-08-21,13,尼崎,一般,２５３　１４１６１２,2022-06-25,2022-06-30,13,尼崎,一般,１２５３４　１４１５２６
202608211305,2026-08-21,13,05R,4352,下條 雄太郎,2025-05-24,2025-05-29,13,尼崎,一般,１エ４　１６５４４　３１,2023-07-04,2023-07-09,13,尼崎,ＧⅡ,６４４　５　６３４　２４,2023-04-23,2023-04-28,13,尼崎,一般,２１２３４１２５２２２２,2023-01-06,2023-01-10,13,尼崎,一般,３転４３３１２　３１,2019-07-03,2019-07-08,13,尼崎,ＧⅡ,１　５２２　４２３　１６,3776,横井 健太,2025-05-18,2025-05-22,13,尼崎,一般,１２５　６　２４４６,2025-01-06,2025-01-10,13,尼崎,一般,４　１３５６４３４,2024-07-05,2024-07-10,13,尼崎,一般,４　５５４　４６６５６,2023-03-20,2023-03-25,13,尼崎,一般,２　２６１　４６５３６,2023-01-14,2023-01-18,13,尼崎,一般,２　６２５６４　５３,5345,牧村 俊輝,2026-05-22,2026-05-27,13,尼崎,一般,６５６　６　２５２　４,2024-07-05,2024-07-10,13,尼崎,一般,６　６６５　６　６６６６,,,,,,,,,,,,,,,,,,,4233,亀山 雅幸,2023-12-05,2023-12-09,13,尼崎,一般,５　３６２２３　３,2023-03-07,2023-03-11,13,尼崎,一般,２６３　４６２　３,2022-06-11,2022-06-15,13,尼崎,一般,５　４５５　２　３,2020-11-28,2020-12-03,13,尼崎,一般,６２２　１４３３２４６２,2019-10-19,2019-10-24,13,尼崎,一般,２１５　２５６　４２２１,4103,山崎 善庸,2024-09-17,2024-09-21,13,尼崎,一般,３６３　４４５　３,2023-01-14,2023-01-18,13,尼崎,一般,５　２２５５４　２,2021-10-23,2021-10-28,13,尼崎,一般,６４３　２４４　４５１,2021-07-21,2021-07-25,13,尼崎,一般,５３４　４５４　転６,2021-04-24,2021-04-29,13,尼崎,一般,５　４１１　５３１　２６,3955,眞田 英二,2025-07-16,2025-07-21,13,尼崎,一般,４４２　５５４１２　２３,2025-04-25,2025-04-30,13,尼崎,一般,５　１５２６４　５４１３,2023-08-17,2023-08-22,13,尼崎,一般,５６６５５　６３２　２２,2021-06-18,2021-06-22,13,尼崎,一般,２６３２１　５４１１,2021-04-10,2021-04-14,13,尼崎,一般,４１３５４　３２３１
202608211306,2026-08-21,13,06R,4588,田中 京介,2025-04-02,2025-04-06,13,尼崎,一般,３　４６３３６　４,2023-06-08,2023-06-12,13,尼崎,一般,５　５１５　５５２,2022-11-12,2022-11-16,13,尼崎,一般,２４３　３６２　３１,2022-08-27,2022-08-31,13,尼崎,一般,２１３　４１３１[４],2022-06-25,2022-06-30,13,尼崎,一般,５６転,4988,牟田 奨太,2025-05-24,2025-05-29,13,尼崎,一般,６　６６６　６２６　１,2023-09-28,2023-10-03,13,尼崎,一般,６　１１２３５５４６１６,2022-06-18,2022-06-22,13,尼崎,一般,６　３　６４３　２５,2021-10-30,2021-11-04,13,尼崎,一般,４　６６２　４６６　２６,2020-04-25,2020-04-30,13,尼崎,一般,５　６６６　６　６６６６,3839,川合 理司,2022-04-21,2022-04-26,13,尼崎,一般,５　３６２　５６５　５４,2022-02-19,2022-02-23,13,尼崎,一般,５　５４２　４５３,2017-06-27,2017-07-02,13,尼崎,一般,３６６　１５５　１４５,2015-10-01,2015-10-04,13,尼崎,一般,４３２　４１１６,2014-07-29,2014-08-03,13,尼崎,一般,５２５　２５４　４３６,4715,村上 遼,2025-06-11,2025-06-15,13,尼崎,一般,３２１２１１４１[１],2025-02-23,2025-02-27,13,尼崎,一般,１　１３２１３２[３],2024-11-10,2024-11-15,13,尼崎,ＧⅠ,３　５３６　２６２　２１,2024-07-05,2024-07-10,13,尼崎,一般,２６１４２　２２２５４２,2023-08-17,2023-08-22,13,尼崎,一般,３　４２５欠,3928,林 恵祐,2025-03-12,2025-03-16,13,尼崎,一般,３　６４３　３５２,2023-05-21,2023-05-25,13,尼崎,一般,３　１３４５５６１３,2021-04-10,2021-04-14,13,尼崎,一般,１　４５２４４５３２,2017-03-26,2017-03-30,13,尼崎,一般,６　３３３　６６５,2015-09-11,2015-09-16,13,尼崎,一般,６３２　１６６　６１３２,3572,安田 政彦,2026-07-22,2026-07-26,13,尼崎,一般,１　６１２　４４エ欠,2026-05-04,2026-05-09,13,尼崎,一般,１　５２４　５６１３５２,2026-01-29,2026-02-03,13,尼崎,一般,４３４　２２４５２　５４,2026-01-04,2026-01-09,13,尼崎,一般,２　３２３　４５４１３５,2025-07-24,2025-07-29,13,尼崎,一般,３１３　３F４　４　５
202608211307,2026-08-21,13,07R,4695,尾崎 雄二,2026-03-02,2026-03-05,13,尼崎,一般,５２４　１２２６,2025-02-23,2025-02-27,13,尼崎,一般,６　４５,2023-01-06,2023-01-10,13,尼崎,一般,２６３　６４３　６５,2022-08-17,2022-08-21,13,尼崎,一般,４　４６４　４２２,2022-04-21,2022-04-26,13,尼崎,一般,４６F　３　６　３　３,3564,桑原 啓,2025-06-02,2025-06-07,13,尼崎,一般,３　１４５　４F１　３,2024-05-16,2024-05-21,13,尼崎,一般,　　４４５　１４２　５６,2024-01-13,2024-01-17,13,尼崎,一般,３５２　５３６　４６,2023-03-07,2023-03-11,13,尼崎,一般,３６５　２１６　４４,2022-04-21,2022-04-26,13,尼崎,一般,１　１６５５６　５６１,3550,都築 正治,2024-09-27,2024-10-02,13,尼崎,一般,６６１　６４６　４　５５,2022-09-19,2022-09-24,13,尼崎,一般,１１４３６６２６２５,2022-05-20,2022-05-25,13,尼崎,一般,１６６　２３１　２３４２,2020-01-18,2020-01-22,13,尼崎,一般,１１１４２５１４１５,2019-04-02,2019-04-06,13,尼崎,一般,５２４１５３１　２１,4368,山口 隆史,2026-03-27,2026-03-31,13,尼崎,一般,５　３　４５２６５５,2025-06-02,2025-06-07,13,尼崎,一般,１　２３６　３３４６１６,2024-07-14,2024-07-18,13,尼崎,一般,５　４４６　５　２５,2023-05-10,2023-05-14,13,尼崎,一般,３　４５５　１６５,2023-01-06,2023-01-10,13,尼崎,一般,２５４　４６６　４,4951,新田 洋一,2023-04-23,2023-04-28,13,尼崎,一般,３　２落３　１４４３２５,2022-10-28,2022-11-02,13,尼崎,ＧⅢ,３　６５３　１６１　５６,2021-10-30,2021-11-04,13,尼崎,一般,２２４　４１３転４　３３,2021-02-24,2021-03-01,13,尼崎,一般,３３２　１２５５３　３６,2018-11-17,2018-11-22,13,尼崎,一般,６　５５５　転　４５４,5396,近藤 来希,2026-08-09,2026-08-14,13,尼崎,一般,４　５　５３４　４６５,2026-05-22,2026-05-27,13,尼崎,一般,５　６５６　２６６　６,2026-05-04,2026-05-09,13,尼崎,一般,６　４５４　６　３５６,2026-01-04,2026-01-09,13,尼崎,一般,６　６６６　５５６　６,2025-08-09,2025-08-14,13,尼崎,一般,６　５６６　６４３６５
202608211308,2026-08-21,13,08R,5350,網代 良芽,2026-05-22,2026-05-27,13,尼崎,一般,１　４３４　３２４４３３,2026-01-29,2026-02-03,13,尼崎,一般,４　２転４　３５４　６６,2025-08-09,2025-08-14,13,尼崎,一般,４　４５３４４　５５６,2025-06-02,2025-06-07,13,尼崎,一般,５　３６４　５５４　５５,2025-04-02,2025-04-06,13,尼崎,一般,６６６　５　５　６６,4383,竹田 吉行,2026-02-25,2026-02-28,13,尼崎,一般,４３１３２　３１,2025-06-17,2025-06-22,13,尼崎,一般,２６３４５　４４４　５,2024-02-18,2024-02-22,13,尼崎,一般,１３４　３４４５１５,2023-08-17,2023-08-22,13,尼崎,一般,６５５　５４４４５　２１,2021-04-17,2021-04-21,13,尼崎,一般,６３１　５　１３２,5133,堀越 雄貴,2026-02-25,2026-02-28,13,尼崎,一般,４４５　３６４４,2024-07-20,2024-07-25,13,尼崎,一般,６　３３４　５６６　２４,2021-10-30,2021-11-04,13,尼崎,一般,６　３４６　４４５　４６,,,,,,,,,,,,,4327,加藤 翔,2026-01-29,2026-02-03,13,尼崎,一般,３　６６２　２６５５３,2023-04-11,2023-04-16,13,尼崎,一般,４５５　６４３　２　５３,2022-06-18,2022-06-22,13,尼崎,一般,１　１５４３４６３４,2020-11-18,2020-11-23,13,尼崎,一般,４１５　２５１３４３４３,2020-09-09,2020-09-13,13,尼崎,一般,３　２５５　１１４３,5011,高木 圭大,2023-05-27,2023-06-01,13,尼崎,一般,６　２１４３４３エ５６２,2022-07-09,2022-07-13,13,尼崎,一般,１　６６４　４４４,,,,,,,,,,,,,,,,,,,5441,鈴木 雄登,2026-03-27,2026-03-31,13,尼崎,一般,６６４　５　６４３,,,,,,,,,,,,,,,,,,,,,,,,
202608211309,2026-08-21,13,09R,4259,真庭 明志,2025-05-24,2025-05-29,13,尼崎,一般,６５１　５３２２１５１４,2023-06-08,2023-06-12,13,尼崎,一般,３５３　５４４　５４,2023-04-23,2023-04-28,13,尼崎,一般,４　１６５６３６２　３５,2022-08-17,2022-08-21,13,尼崎,一般,２５３　１４１６１２,2022-06-25,2022-06-30,13,尼崎,一般,１２５３４　１４１５２６,3596,河上 年昭,2025-06-02,2025-06-07,13,尼崎,一般,３４２　４５６　４６１,2023-05-21,2023-05-25,13,尼崎,一般,４２２　６４４　４,2019-12-11,2019-12-16,13,尼崎,ＧⅢ,６　５５６　６　２　６,2017-06-06,2017-06-09,13,尼崎,一般,５５３　２２３２,2015-10-18,2015-10-23,13,尼崎,一般,５２６　６３３　５４１５,3964,宮地 博士,2026-03-22,2026-03-25,13,尼崎,一般,４４２　２　１４,2025-05-24,2025-05-29,13,尼崎,一般,５６２　３４３　５　５５,2021-05-14,2021-05-17,13,尼崎,一般,５６４　５４１４,2020-04-17,2020-04-22,13,尼崎,一般,３　５５３　４３３　４５,2017-07-16,2017-07-20,13,尼崎,一般,３　５３１　３５４３,4329,小松 卓司,2025-07-16,2025-07-21,13,尼崎,一般,４６６　４６６　４６３,2022-05-06,2022-05-11,13,尼崎,一般,１４３　４６３　４２５２,2021-03-10,2021-03-15,13,尼崎,一般,５２５　５５３　２３２,2019-09-21,2019-09-26,13,尼崎,一般,５３転　５４６　６　４３,2018-09-29,2018-10-03,13,尼崎,一般,３転５　４５２５,5345,牧村 俊輝,2026-05-22,2026-05-27,13,尼崎,一般,６５６　６　２５２　４,2024-07-05,2024-07-10,13,尼崎,一般,６　６６５　６　６６６６,,,,,,,,,,,,,,,,,,,4233,亀山 雅幸,2023-12-05,2023-12-09,13,尼崎,一般,５　３６２２３　３,2023-03-07,2023-03-11,13,尼崎,一般,２６３　４６２　３,2022-06-11,2022-06-15,13,尼崎,一般,５　４５５　２　３,2020-11-28,2020-12-03,13,尼崎,一般,６２２　１４３３２４６２,2019-10-19,2019-10-24,13,尼崎,一般,２１５　２５６　４２２１
202608211310,2026-08-21,13,10R,4715,村上 遼,2025-06-11,2025-06-15,13,尼崎,一般,３２１２１１４１[１],2025-02-23,2025-02-27,13,尼崎,一般,１　１３２１３２[３],2024-11-10,2024-11-15,13,尼崎,ＧⅠ,３　５３６　２６２　２１,2024-07-05,2024-07-10,13,尼崎,一般,２６１４２　２２２５４２,2023-08-17,2023-08-22,13,尼崎,一般,３　４２５欠,4352,下條 雄太郎,2025-05-24,2025-05-29,13,尼崎,一般,１エ４　１６５４４　３１,2023-07-04,2023-07-09,13,尼崎,ＧⅡ,６４４　５　６３４　２４,2023-04-23,2023-04-28,13,尼崎,一般,２１２３４１２５２２２２,2023-01-06,2023-01-10,13,尼崎,一般,３転４３３１２　３１,2019-07-03,2019-07-08,13,尼崎,ＧⅡ,１　５２２　４２３　１６,4549,小林 文彦,2026-05-15,2026-05-18,13,尼崎,一般,４,2025-05-10,2025-05-15,13,尼崎,一般,１６４　１３３３３５４４,2024-09-27,2024-10-02,13,尼崎,一般,４５６,2024-06-06,2024-06-10,13,尼崎,一般,１　転３４　４２３,2022-12-15,2022-12-18,13,尼崎,一般,５４４　４１２２,4839,四宮 与寛,2026-04-17,2026-04-22,13,尼崎,一般,４２３　２２４２１５１４,2025-07-16,2025-07-21,13,尼崎,一般,３２１　４３２２６３４１,2025-04-25,2025-04-30,13,尼崎,一般,２　３３４　４６４１１６,2023-04-11,2023-04-16,13,尼崎,一般,２　５３３６４３６　３４,2022-06-25,2022-06-30,13,尼崎,一般,２４６　５５４　２２３３,4301,関 裕也,2024-05-24,2024-05-29,13,尼崎,一般,３３３　３１１５３３１３,2023-07-30,2023-08-04,13,尼崎,一般,６５２　１５５　３　３２,2022-02-06,2022-02-10,13,尼崎,一般,１２５　１５２３３１,2021-08-20,2021-08-25,13,尼崎,一般,２６４４１１３　１６５６,2021-01-29,2021-02-03,13,尼崎,一般,１２３６２１２　１２[５],5154,村松 栄太,2026-02-17,2026-02-22,13,尼崎,一般,４１４　６５３５５　２２,2022-01-20,2022-01-26,13,尼崎,一般,６　６６４　６６５５５４,2021-12-20,2021-12-23,13,尼崎,一般,３　６６６６６６,,,,,,,,,,,,
202608211311,2026-08-21,13,11R,4848,仲谷 颯仁,2026-01-22,2026-01-25,13,尼崎,ＧⅠ,４　４落５　２６,2024-02-25,2024-02-29,13,尼崎,一般,１４２２１１３１[４],2023-03-07,2023-03-11,13,尼崎,一般,１６２２１１２１[５],2021-07-27,2021-08-01,13,尼崎,ＧⅡ,F６４　４２３　６　３,2018-05-22,2018-05-27,13,尼崎,ＳＧ,４　２　１５３　４２３,4695,尾崎 雄二,2026-03-02,2026-03-05,13,尼崎,一般,５２４　１２２６,2025-02-23,2025-02-27,13,尼崎,一般,６　４５,2023-01-06,2023-01-10,13,尼崎,一般,２６３　６４３　６５,2022-08-17,2022-08-21,13,尼崎,一般,４　４６４　４２２,2022-04-21,2022-04-26,13,尼崎,一般,４６F　３　６　３　３,3955,眞田 英二,2025-07-16,2025-07-21,13,尼崎,一般,４４２　５５４１２　２３,2025-04-25,2025-04-30,13,尼崎,一般,５　１５２６４　５４１３,2023-08-17,2023-08-22,13,尼崎,一般,５６６５５　６３２　２２,2021-06-18,2021-06-22,13,尼崎,一般,２６３２１　５４１１,2021-04-10,2021-04-14,13,尼崎,一般,４１３５４　３２３１,4702,三浦 敬太,2025-07-02,2025-07-06,13,尼崎,一般,３６１　３３１４１１,2023-01-29,2023-02-02,13,尼崎,一般,１４１２２　１１[３],2022-02-06,2022-02-10,13,尼崎,一般,１５１２５１１２[５],2020-06-27,2020-07-01,13,尼崎,一般,４３１３４１１６４４,2017-07-26,2017-07-31,13,尼崎,一般,５５１　５５転,4376,藤田 靖弘,2024-11-19,2024-11-24,13,尼崎,一般,１３２４２　３２５６３３,2024-01-21,2024-01-26,13,尼崎,ＧⅢ,３４３　４５１　２５３３,2021-07-27,2021-08-01,13,尼崎,ＧⅡ,４　４２５　２６５６４,2020-08-01,2020-08-05,13,尼崎,一般,３３３　１３３４６２,2016-12-07,2016-12-11,13,尼崎,一般,３５１　５４３　４２,4588,田中 京介,2025-04-02,2025-04-06,13,尼崎,一般,３　４６３３６　４,2023-06-08,2023-06-12,13,尼崎,一般,５　５１５　５５２,2022-11-12,2022-11-16,13,尼崎,一般,２４３　３６２　３１,2022-08-27,2022-08-31,13,尼崎,一般,２１３　４１３１[４],2022-06-25,2022-06-30,13,尼崎,一般,５６転
202608211312,2026-08-21,13,12R,4483,北野 輝季,2025-06-17,2025-06-22,13,尼崎,一般,２　４２１２３５１１[５],2024-11-10,2024-11-15,13,尼崎,ＧⅠ,４　２５５　５５４　６２,2022-09-26,2022-10-01,13,尼崎,ＧⅠ,６　６４６　１１２６４,2020-11-28,2020-12-03,13,尼崎,一般,３１１４１３１２２２[３],2019-11-30,2019-12-05,13,尼崎,一般,４３１１５１６１３２[２],4571,菅 章哉,2026-06-08,2026-06-13,13,尼崎,ＧⅠ,５１６　１　４４６　１６,2024-07-14,2024-07-18,13,尼崎,一般,１６１１１２２２[５],2024-01-29,2024-02-02,13,尼崎,一般,４６２３４　４２１,2023-02-16,2023-02-21,13,尼崎,一般,３６１１２５４１１５４５,2022-09-19,2022-09-24,13,尼崎,一般,２４４　１１２２[１],5049,松井 友汰,2026-03-08,2026-03-11,13,尼崎,一般,６　１３２４１４,2025-06-02,2025-06-07,13,尼崎,一般,１２２F２　２　２　６,2024-12-11,2024-12-16,13,尼崎,一般,５　２４６１６５６　５２,2023-12-25,2023-12-30,13,尼崎,一般,３２２　４４３２３　１３,2023-02-27,2023-03-04,13,尼崎,一般,６　１５５　５２２　４３,4043,桐本 康臣,2026-01-29,2026-02-03,13,尼崎,一般,１　１４３４１４１３４２,2025-04-08,2025-04-11,13,尼崎,一般,１２５１３１[３],2024-03-13,2024-03-17,13,尼崎,一般,６　１５１４３６１３,2023-09-17,2023-09-21,13,尼崎,一般,１　２３３２３６１４,2023-07-22,2023-07-26,13,尼崎,一般,２５４４２１３４１５,5016,宮田 龍馬,2026-06-08,2026-06-13,13,尼崎,ＧⅠ,１　３３６　３　１２３６,2026-05-04,2026-05-09,13,尼崎,一般,１２３１１　１１１　[２],2026-03-14,2026-03-19,13,尼崎,ＧⅠ,５　３　１４５１６　１６,2026-01-04,2026-01-09,13,尼崎,一般,１６６　２１４２５　１３,2025-08-09,2025-08-14,13,尼崎,一般,４　１５３１３　６　１３,5377,鳥居塚 嶺王,2026-02-17,2026-02-22,13,尼崎,一般,２６４　４４６　４６５６,,,,,,,,,,,,,,,,,,,,,,,,
202608211501,2026-08-21,15,01R,5326,三嶌 さらら,2026-06-06,2026-06-11,15,丸亀,一般,１　３２４　１５４４２２,2026-04-25,2026-04-30,15,丸亀,一般,１　５３５　２５１　４４,2026-01-17,2026-01-23,15,丸亀,ＧⅢ,１　１４２　２４４　１転,2026-01-08,2026-01-14,15,丸亀,一般,　　　　　　　　　　１５,2025-12-31,2026-01-05,15,丸亀,一般,５　５４１　３６４　１４,4154,森安 弘雅,2026-03-02,2026-03-05,15,丸亀,一般,３２２５２３４１,2025-12-31,2026-01-05,15,丸亀,一般,６５６　６４４４５　４２,2025-10-30,2025-11-02,15,丸亀,一般,１１２１６５,2025-09-03,2025-09-07,15,丸亀,一般,３４１４４　３３３２,2025-08-04,2025-08-08,15,丸亀,一般,５４４４５５３　５２,3701,大西 隆洋,2026-04-25,2026-04-30,15,丸亀,一般,６４３　４５４　２４２,2025-12-31,2026-01-05,15,丸亀,一般,１４６　２６５　６　３４,2025-11-25,2025-12-01,15,丸亀,一般,１５５　４６３　４　２４５４,2025-08-17,2025-08-22,15,丸亀,一般,６　２４５　５３６　４４,2025-05-04,2025-05-09,15,丸亀,一般,２　４５２　２３２６６,4010,越智 照浩,2025-12-31,2026-01-05,15,丸亀,一般,３４６　５５５　２　６６,2025-09-25,2025-09-30,15,丸亀,ＧⅢ,５　３５３　６４５　２５,2025-08-17,2025-08-22,15,丸亀,一般,６　５５６　３４４　３,2025-05-04,2025-05-09,15,丸亀,一般,３４３　４４５　５６３,2024-09-26,2024-09-30,15,丸亀,一般,６　５　４４５　６４,3543,福田 雅一,2025-12-22,2025-12-27,15,丸亀,一般,２６１６４３４　３３１１,2025-05-04,2025-05-09,15,丸亀,一般,１６６　１６３５２　４１,2025-02-04,2025-02-10,15,丸亀,ＧⅠ,６　６４１　３　３３６２,2024-12-21,2024-12-27,15,丸亀,一般,４　２　２５１１３１４１[３],2024-10-31,2024-11-04,15,丸亀,一般,３２２１３３４１[３],3832,下田 哲也,2026-07-09,2026-07-14,15,丸亀,一般,３　１４１　４５４５５５,2026-04-25,2026-04-30,15,丸亀,一般,５　４５４　４５３　６６,2025-12-31,2026-01-05,15,丸亀,一般,１５６,2025-12-04,2025-12-08,15,丸亀,一般,２３２　５５４　６５,2025-08-17,2025-08-22,15,丸亀,一般,２４５　４５２　５３３
202608211502,2026-08-21,15,02R,4669,井上 茂,2024-12-11,2024-12-16,15,丸亀,一般,１　４１３　５４６２[３],2024-09-05,2024-09-09,15,丸亀,一般,４　３５３　１　５６,2023-08-01,2023-08-07,15,丸亀,一般,２　５３５６４　６１３　６６,2022-12-03,2022-12-09,15,丸亀,一般,２　３５４　４５４５３　６,2022-09-30,2022-10-03,15,丸亀,一般,５５１　２５３４,3478,嶋田 貴支,2026-07-28,2026-08-02,15,丸亀,一般,４　３３２　２３５４１６,2026-04-25,2026-04-30,15,丸亀,一般,３　１４４　３４５　３５,2026-03-02,2026-03-05,15,丸亀,一般,５６１　３３２,2026-01-08,2026-01-14,15,丸亀,一般,３　１３４　５５５３５,2025-08-17,2025-08-22,15,丸亀,一般,６　２５１　５６５　１３,5173,谷口 佳蓮,2026-06-06,2026-06-11,15,丸亀,一般,３２１　１６２　２５１５,2026-05-05,2026-05-10,15,丸亀,ＧⅡ,６　２　６６６　１６４,2026-04-25,2026-04-30,15,丸亀,一般,転　２４１　２６１６４６,2026-01-17,2026-01-23,15,丸亀,ＧⅢ,２４３　１落６　　　１５,2025-12-31,2026-01-05,15,丸亀,一般,６　３６５　４６３　５２,5241,門田 栞,2026-06-06,2026-06-11,15,丸亀,一般,１４２　２３２　４３３６,2026-05-05,2026-05-10,15,丸亀,ＧⅡ,６　４５１　６　５２５,2026-04-25,2026-04-30,15,丸亀,一般,６　２５３　２４４　２２,2025-12-31,2026-01-05,15,丸亀,一般,１　２３２　４５４５３５,2025-08-17,2025-08-22,15,丸亀,一般,１５６　２１５　３４４５,3265,今村 暢孝,2026-05-26,2026-05-31,15,丸亀,ＧⅢ,６６２　４２３　６３２５,2025-10-30,2025-11-02,15,丸亀,一般,１２４３３３２２,2024-04-29,2024-05-02,15,丸亀,一般,６欠,2024-01-15,2024-01-20,15,丸亀,一般,２４２４３　４２２３２４,2023-06-10,2023-06-15,15,丸亀,一般,１５２６２　１３２４２４,5037,田頭 虎親,2026-07-20,2026-07-25,15,丸亀,一般,１３５　２３１　５２[３],2026-04-18,2026-04-22,15,丸亀,一般,４５２　５２３　２３,2026-02-02,2026-02-07,15,丸亀,一般,４　１３１５１５４２[１],2025-12-31,2026-01-05,15,丸亀,一般,３１３　４５６　５１２３,2025-10-30,2025-11-02,15,丸亀,一般,５１１　６３２４
202608211503,2026-08-21,15,03R,5291,三嶌 こころ,2026-06-06,2026-06-11,15,丸亀,一般,５５４　１２２　２　３１,2026-04-25,2026-04-30,15,丸亀,一般,３４６　６５５　６　３４,2026-02-02,2026-02-07,15,丸亀,一般,　　　　　　　　３５４２,2026-01-17,2026-01-23,15,丸亀,ＧⅢ,５３２　５５４　３　５６,2025-08-17,2025-08-22,15,丸亀,一般,１　５６４　６６５　４落,3907,村越 篤,2026-07-20,2026-07-25,15,丸亀,一般,５　１３５　１３１　１３,2026-04-25,2026-04-30,15,丸亀,一般,６　６５５６６２４　１３,2025-12-22,2025-12-27,15,丸亀,一般,１４１　６５４２１６２６,2025-09-25,2025-09-30,15,丸亀,ＧⅢ,３５１　２２６　２５２５,2025-08-04,2025-08-08,15,丸亀,一般,１　５６１　６６１６,4220,深川 和仁,2026-04-25,2026-04-30,15,丸亀,一般,２６５　５４６　５４６,2026-02-02,2026-02-07,15,丸亀,一般,１３４５４　４６４　４１,2025-11-16,2025-11-20,15,丸亀,一般,４４５１４　４　３２,2025-06-09,2025-06-15,15,丸亀,一般,１　５５１　２４１５２　６２,2025-05-19,2025-05-22,15,丸亀,一般,１６５６４　３４,5032,谷口 知優,2026-07-28,2026-08-02,15,丸亀,一般,１　５６１　６５６　６４,2026-05-17,2026-05-23,15,丸亀,一般,３　４６１１３４４４２４２５,2026-04-25,2026-04-30,15,丸亀,一般,３３４　１６２　１　２,2026-03-19,2026-03-25,15,丸亀,一般,１　２６６　１６１４２６３５,2026-03-02,2026-03-05,15,丸亀,一般,　　　　　　１４,3710,吉永 泰弘,2026-05-26,2026-05-31,15,丸亀,ＧⅢ,６　５２１　３５４　１５,2026-04-09,2026-04-15,15,丸亀,一般,５　１５３　１５３６１　３３,2026-02-21,2026-02-26,15,丸亀,一般,５６４４２　４　６４４,2025-12-31,2026-01-05,15,丸亀,一般,２　４６１３４　２４５,2025-08-17,2025-08-22,15,丸亀,一般,３５６　１４４　４５３,3975,小野寺 智洋,2026-04-09,2026-04-15,15,丸亀,一般,１２６　１４５　２５２　１６,2025-12-31,2026-01-05,15,丸亀,一般,２　６６２　４５４　２６,2025-10-30,2025-11-02,15,丸亀,一般,１　６６２　５３,2025-05-04,2025-05-09,15,丸亀,一般,４３３４２５６　３２６４,2025-04-16,2025-04-21,15,丸亀,一般,１５３　２２６２１３１３
202608211504,2026-08-21,15,04R,5265,大廣 咲季,2026-06-06,2026-06-11,15,丸亀,一般,１　５５５　６３６　３３,2026-04-25,2026-04-30,15,丸亀,一般,５５４　５６５　５　３５,2026-01-17,2026-01-23,15,丸亀,ＧⅢ,１５６　３４３　２　１,2025-12-31,2026-01-05,15,丸亀,一般,６　４６５　５６６　５５,2025-11-16,2025-11-20,15,丸亀,一般,６　５５６　５　４３,3568,木村 光宏,2026-05-17,2026-05-23,15,丸亀,一般,１３６　５６４　１５６　２６,2026-04-25,2026-04-30,15,丸亀,一般,妨　３３２　６２３　１５,2025-12-31,2026-01-05,15,丸亀,一般,１　３２２　１２６１[５],2025-11-25,2025-12-01,15,丸亀,一般,３　１６２　６２５４６４６３,2025-08-17,2025-08-22,15,丸亀,一般,４６１　３６１　１４２,4452,松尾 祭,2026-04-25,2026-04-30,15,丸亀,一般,４６４　２５３５２　６１,2025-12-31,2026-01-05,15,丸亀,一般,５４５４４　２２５　４４,2025-12-04,2025-12-08,15,丸亀,一般,３２６４２５１３２３,2025-08-17,2025-08-22,15,丸亀,一般,３　４３５５１４２　１２,2025-05-04,2025-05-09,15,丸亀,一般,３３２２５　２６３５１４,4437,中田 元泰,2026-05-17,2026-05-23,15,丸亀,一般,１　３６２６１５３６３１１６,2026-04-25,2026-04-30,15,丸亀,一般,２２１　５２２６６５３,2025-12-31,2026-01-05,15,丸亀,一般,４６１６４　３５２５３６,2025-11-16,2025-11-20,15,丸亀,一般,２５３２２　３２[３],2025-08-17,2025-08-22,15,丸亀,一般,５４４　１４６６６　６１,3908,重成 一人,2026-07-09,2026-07-14,15,丸亀,一般,３２３４４１６　３４１３,2025-12-31,2026-01-05,15,丸亀,一般,４１４　１１６F１　１,2025-11-07,2025-11-12,15,丸亀,ＧⅠ,２　４２１　１　１　[５],2025-08-17,2025-08-22,15,丸亀,一般,１　２４２３４１１３４１,2025-05-27,2025-06-01,15,丸亀,ＳＧ,３　１４６　５　５６５,3660,長谷川 親王,2026-07-09,2026-07-14,15,丸亀,一般,５４３　５６５　２　４５,2026-04-25,2026-04-30,15,丸亀,一般,４　５５２　５５６　５５,2025-12-31,2026-01-05,15,丸亀,一般,５３６　３６６　３６４,2025-08-04,2025-08-08,15,丸亀,一般,５　１５６　４　４４,2025-06-18,2025-06-21,15,丸亀,一般,１　４４４４３エ
202608211505,2026-08-21,15,05R,4643,近江 翔吾,2025-12-31,2026-01-05,15,丸亀,一般,４５１１転　２３３５３２,2025-11-07,2025-11-12,15,丸亀,ＧⅠ,１　４６５　６　４６５,2025-08-17,2025-08-22,15,丸亀,一般,５２６　１１１４１１[３],2025-06-09,2025-06-15,15,丸亀,一般,３１２　１４４２３２１２[３],2025-05-04,2025-05-09,15,丸亀,一般,１　１１４３２１５１[１],5257,西丸 侑太朗,2026-06-20,2026-06-25,15,丸亀,一般,４２２６６４１　１３１２,2026-04-25,2026-04-30,15,丸亀,一般,４４１４４　１４２２２,2026-03-19,2026-03-25,15,丸亀,一般,３５１１２　１２５１４１[１],2026-02-10,2026-02-14,15,丸亀,一般,２１２２１４６１[３],2025-12-31,2026-01-05,15,丸亀,一般,５１３　４４２４１６３３,4894,原村 拓也,2026-03-30,2026-04-04,15,丸亀,一般,４　４６４　６６３　１６,2026-03-19,2026-03-25,15,丸亀,一般,　　　　　　　　　　　　１４,2026-01-08,2026-01-14,15,丸亀,一般,２３６　３５２　３　１５,2025-12-11,2025-12-15,15,丸亀,一般,３３５　１４２　３２,2025-09-12,2025-09-18,15,丸亀,一般,２　３４５　４６３　５　５４,3910,松下 知幸,2026-04-25,2026-04-30,15,丸亀,一般,４４４　６３６　１５４,2026-03-02,2026-03-05,15,丸亀,一般,　　　　　　２５,2026-02-10,2026-02-14,15,丸亀,一般,１　５４２５６４６６,2025-12-31,2026-01-05,15,丸亀,一般,３５５　５６３　５エ５,2025-08-17,2025-08-22,15,丸亀,一般,３　１５６　４６５　６６,3837,秋山 広一,2026-04-25,2026-04-30,15,丸亀,一般,３　５３４３５４２５１２,2025-12-31,2026-01-05,15,丸亀,一般,２２５２３　２F４　２,2025-12-11,2025-12-15,15,丸亀,一般,１３４２１　５３４１,2025-08-17,2025-08-22,15,丸亀,一般,２５１２３　２３５４１２,2025-07-12,2025-07-15,15,丸亀,一般,３３１１２１[６],4393,田中 孝明,2024-09-12,2024-09-17,15,丸亀,一般,３,2023-03-08,2023-03-11,15,丸亀,一般,４４３　１　５４,2021-04-15,2021-04-18,15,丸亀,一般,６　６６６　１４,2021-01-16,2021-01-21,15,丸亀,一般,２　３３４３６　５４２４,2020-08-09,2020-08-12,15,丸亀,一般,３１２３４６６５
202608211506,2026-08-21,15,06R,4348,宮崎 奨,2026-07-20,2026-07-25,15,丸亀,一般,３２２　１５４５１４１２,2026-04-25,2026-04-30,15,丸亀,一般,２４２２４２３　５５２４,2026-03-30,2026-04-04,15,丸亀,一般,３３２　４６２５４４１４,2025-12-31,2026-01-05,15,丸亀,一般,１　４５１３３３２６１４,2025-12-11,2025-12-15,15,丸亀,一般,３１３３２３５４３３,4313,西村 美智子,2026-06-06,2026-06-11,15,丸亀,一般,１　５６４　５６３　２６,2026-04-25,2026-04-30,15,丸亀,一般,６６３　１２F　４　３,2026-01-17,2026-01-23,15,丸亀,ＧⅢ,３　３エ１　１４　　１４,2025-12-31,2026-01-05,15,丸亀,一般,１３１　１５２　２２[４],2025-10-30,2025-11-02,15,丸亀,一般,２　６３１　１３,3832,下田 哲也,2026-07-09,2026-07-14,15,丸亀,一般,３　１４１　４５４５５５,2026-04-25,2026-04-30,15,丸亀,一般,５　４５４　４５３　６６,2025-12-31,2026-01-05,15,丸亀,一般,１５６,2025-12-04,2025-12-08,15,丸亀,一般,２３２　５５４　６５,2025-08-17,2025-08-22,15,丸亀,一般,２４５　４５２　５３３,4511,中岡 健人,2026-04-25,2026-04-30,15,丸亀,一般,３６２　１２３　３３[５],2026-03-19,2026-03-25,15,丸亀,一般,１４落　３４４　６　４５３６,2025-08-17,2025-08-22,15,丸亀,一般,６４４　５４転　６　４４,2025-07-18,2025-07-22,15,丸亀,一般,２６２　６３２　６６,2024-12-30,2025-01-03,15,丸亀,一般,６　３５落欠,4821,妻鳥 晋也,2026-04-18,2026-04-22,15,丸亀,一般,１３２　５１５エ５４,2026-02-10,2026-02-14,15,丸亀,一般,５５１　１６２　１４,2025-12-31,2026-01-05,15,丸亀,一般,３６５　２５２　３５１,2025-08-17,2025-08-22,15,丸亀,一般,１　１６３　４４２６２４,2025-07-12,2025-07-15,15,丸亀,一般,　　　　　　６３,5298,水谷 理人,2026-06-20,2026-06-25,15,丸亀,一般,１　１１１２１６５１[１],2026-04-25,2026-04-30,15,丸亀,一般,１３１２１　３２４１[２],2026-04-18,2026-04-22,15,丸亀,一般,１１１３３４３１[４],2026-01-08,2026-01-14,15,丸亀,一般,６２３５３　１６　　F２,2025-12-31,2026-01-05,15,丸亀,一般,６　３１３６２４１　４２
202608211507,2026-08-21,15,07R,5224,西岡 顕心,2026-06-20,2026-06-25,15,丸亀,一般,１１２　２１５４２４２３,2026-04-25,2026-04-30,15,丸亀,一般,３　４５３１１１４３３１,2025-12-31,2026-01-05,15,丸亀,一般,２１３３１　１１３１[１],2025-11-07,2025-11-12,15,丸亀,ＧⅠ,３　２３５　１４３　１３,2025-10-11,2025-10-16,15,丸亀,一般,１２１３１　１２５１[３],3710,吉永 泰弘,2026-05-26,2026-05-31,15,丸亀,ＧⅢ,６　５２１　３５４　１５,2026-04-09,2026-04-15,15,丸亀,一般,５　１５３　１５３６１　３３,2026-02-21,2026-02-26,15,丸亀,一般,５６４４２　４　６４４,2025-12-31,2026-01-05,15,丸亀,一般,２　４６１３４　２４５,2025-08-17,2025-08-22,15,丸亀,一般,３５６　１４４　４５３,3265,今村 暢孝,2026-05-26,2026-05-31,15,丸亀,ＧⅢ,６６２　４２３　６３２５,2025-10-30,2025-11-02,15,丸亀,一般,１２４３３３２２,2024-04-29,2024-05-02,15,丸亀,一般,６欠,2024-01-15,2024-01-20,15,丸亀,一般,２４２４３　４２２３２４,2023-06-10,2023-06-15,15,丸亀,一般,１５２６２　１３２４２４,5291,三嶌 こころ,2026-06-06,2026-06-11,15,丸亀,一般,５５４　１２２　２　３１,2026-04-25,2026-04-30,15,丸亀,一般,３４６　６５５　６　３４,2026-02-02,2026-02-07,15,丸亀,一般,　　　　　　　　３５４２,2026-01-17,2026-01-23,15,丸亀,ＧⅢ,５３２　５５４　３　５６,2025-08-17,2025-08-22,15,丸亀,一般,１　５６４　６６５　４落,5037,田頭 虎親,2026-07-20,2026-07-25,15,丸亀,一般,１３５　２３１　５２[３],2026-04-18,2026-04-22,15,丸亀,一般,４５２　５２３　２３,2026-02-02,2026-02-07,15,丸亀,一般,４　１３１５１５４２[１],2025-12-31,2026-01-05,15,丸亀,一般,３１３　４５６　５１２３,2025-10-30,2025-11-02,15,丸亀,一般,５１１　６３２４,4030,森高 一真,2025-12-31,2026-01-05,15,丸亀,一般,３４１２４２４　５３３４,2025-11-07,2025-11-12,15,丸亀,ＧⅠ,３　６　５１１２２　[６],2025-08-17,2025-08-22,15,丸亀,一般,３１４４３３２　３落２,2025-03-14,2025-03-17,15,丸亀,一般,３３２１３１[５],2025-02-04,2025-02-10,15,丸亀,ＧⅠ,１　２　　　２２２　[２]
202608211508,2026-08-21,15,08R,5241,門田 栞,2026-06-06,2026-06-11,15,丸亀,一般,１４２　２３２　４３３６,2026-05-05,2026-05-10,15,丸亀,ＧⅡ,６　４５１　６　５２５,2026-04-25,2026-04-30,15,丸亀,一般,６　２５３　２４４　２２,2025-12-31,2026-01-05,15,丸亀,一般,１　２３２　４５４５３５,2025-08-17,2025-08-22,15,丸亀,一般,１５６　２１５　３４４５,4452,松尾 祭,2026-04-25,2026-04-30,15,丸亀,一般,４６４　２５３５２　６１,2025-12-31,2026-01-05,15,丸亀,一般,５４５４４　２２５　４４,2025-12-04,2025-12-08,15,丸亀,一般,３２６４２５１３２３,2025-08-17,2025-08-22,15,丸亀,一般,３　４３５５１４２　１２,2025-05-04,2025-05-09,15,丸亀,一般,３３２２５　２６３５１４,5032,谷口 知優,2026-07-28,2026-08-02,15,丸亀,一般,１　５６１　６５６　６４,2026-05-17,2026-05-23,15,丸亀,一般,３　４６１１３４４４２４２５,2026-04-25,2026-04-30,15,丸亀,一般,３３４　１６２　１　２,2026-03-19,2026-03-25,15,丸亀,一般,１　２６６　１６１４２６３５,2026-03-02,2026-03-05,15,丸亀,一般,　　　　　　１４,3701,大西 隆洋,2026-04-25,2026-04-30,15,丸亀,一般,６４３　４５４　２４２,2025-12-31,2026-01-05,15,丸亀,一般,１４６　２６５　６　３４,2025-11-25,2025-12-01,15,丸亀,一般,１５５　４６３　４　２４５４,2025-08-17,2025-08-22,15,丸亀,一般,６　２４５　５３６　４４,2025-05-04,2025-05-09,15,丸亀,一般,２　４５２　２３２６６,4154,森安 弘雅,2026-03-02,2026-03-05,15,丸亀,一般,３２２５２３４１,2025-12-31,2026-01-05,15,丸亀,一般,６５６　６４４４５　４２,2025-10-30,2025-11-02,15,丸亀,一般,１１２１６５,2025-09-03,2025-09-07,15,丸亀,一般,３４１４４　３３３２,2025-08-04,2025-08-08,15,丸亀,一般,５４４４５５３　５２,4669,井上 茂,2024-12-11,2024-12-16,15,丸亀,一般,１　４１３　５４６２[３],2024-09-05,2024-09-09,15,丸亀,一般,４　３５３　１　５６,2023-08-01,2023-08-07,15,丸亀,一般,２　５３５６４　６１３　６６,2022-12-03,2022-12-09,15,丸亀,一般,２　３５４　４５４５３　６,2022-09-30,2022-10-03,15,丸亀,一般,５５１　２５３４
202608211509,2026-08-21,15,09R,3975,小野寺 智洋,2026-04-09,2026-04-15,15,丸亀,一般,１２６　１４５　２５２　１６,2025-12-31,2026-01-05,15,丸亀,一般,２　６６２　４５４　２６,2025-10-30,2025-11-02,15,丸亀,一般,１　６６２　５３,2025-05-04,2025-05-09,15,丸亀,一般,４３３４２５６　３２６４,2025-04-16,2025-04-21,15,丸亀,一般,１５３　２２６２１３１３,3837,秋山 広一,2026-04-25,2026-04-30,15,丸亀,一般,３　５３４３５４２５１２,2025-12-31,2026-01-05,15,丸亀,一般,２２５２３　２F４　２,2025-12-11,2025-12-15,15,丸亀,一般,１３４２１　５３４１,2025-08-17,2025-08-22,15,丸亀,一般,２５１２３　２３５４１２,2025-07-12,2025-07-15,15,丸亀,一般,３３１１２１[６],4529,嶋 義信,2026-04-25,2026-04-30,15,丸亀,一般,５　５６,2026-02-02,2026-02-07,15,丸亀,一般,３１１２２　３２２２[２],2025-12-22,2025-12-27,15,丸亀,一般,３４３４６　１　２　４４,2025-08-17,2025-08-22,15,丸亀,一般,１４３　２３２　４５１２,2025-04-16,2025-04-21,15,丸亀,一般,６　１６５１５,3907,村越 篤,2026-07-20,2026-07-25,15,丸亀,一般,５　１３５　１３１　１３,2026-04-25,2026-04-30,15,丸亀,一般,６　６５５６６２４　１３,2025-12-22,2025-12-27,15,丸亀,一般,１４１　６５４２１６２６,2025-09-25,2025-09-30,15,丸亀,ＧⅢ,３５１　２２６　２５２５,2025-08-04,2025-08-08,15,丸亀,一般,１　５６１　６６１６,3568,木村 光宏,2026-05-17,2026-05-23,15,丸亀,一般,１３６　５６４　１５６　２６,2026-04-25,2026-04-30,15,丸亀,一般,妨　３３２　６２３　１５,2025-12-31,2026-01-05,15,丸亀,一般,１　３２２　１２６１[５],2025-11-25,2025-12-01,15,丸亀,一般,３　１６２　６２５４６４６３,2025-08-17,2025-08-22,15,丸亀,一般,４６１　３６１　１４２,5173,谷口 佳蓮,2026-06-06,2026-06-11,15,丸亀,一般,３２１　１６２　２５１５,2026-05-05,2026-05-10,15,丸亀,ＧⅡ,６　２　６６６　１６４,2026-04-25,2026-04-30,15,丸亀,一般,転　２４１　２６１６４６,2026-01-17,2026-01-23,15,丸亀,ＧⅢ,２４３　１落６　　　１５,2025-12-31,2026-01-05,15,丸亀,一般,６　３６５　４６３　５２
202608211510,2026-08-21,15,10R,5298,水谷 理人,2026-06-20,2026-06-25,15,丸亀,一般,１　１１１２１６５１[１],2026-04-25,2026-04-30,15,丸亀,一般,１３１２１　３２４１[２],2026-04-18,2026-04-22,15,丸亀,一般,１１１３３４３１[４],2026-01-08,2026-01-14,15,丸亀,一般,６２３５３　１６　　F２,2025-12-31,2026-01-05,15,丸亀,一般,６　３１３６２４１　４２,3908,重成 一人,2026-07-09,2026-07-14,15,丸亀,一般,３２３４４１６　３４１３,2025-12-31,2026-01-05,15,丸亀,一般,４１４　１１６F１　１,2025-11-07,2025-11-12,15,丸亀,ＧⅠ,２　４２１　１　１　[５],2025-08-17,2025-08-22,15,丸亀,一般,１　２４２３４１１３４１,2025-05-27,2025-06-01,15,丸亀,ＳＧ,３　１４６　５　５６５,4313,西村 美智子,2026-06-06,2026-06-11,15,丸亀,一般,１　５６４　５６３　２６,2026-04-25,2026-04-30,15,丸亀,一般,６６３　１２F　４　３,2026-01-17,2026-01-23,15,丸亀,ＧⅢ,３　３エ１　１４　　１４,2025-12-31,2026-01-05,15,丸亀,一般,１３１　１５２　２２[４],2025-10-30,2025-11-02,15,丸亀,一般,２　６３１　１３,4220,深川 和仁,2026-04-25,2026-04-30,15,丸亀,一般,２６５　５４６　５４６,2026-02-02,2026-02-07,15,丸亀,一般,１３４５４　４６４　４１,2025-11-16,2025-11-20,15,丸亀,一般,４４５１４　４　３２,2025-06-09,2025-06-15,15,丸亀,一般,１　５５１　２４１５２　６２,2025-05-19,2025-05-22,15,丸亀,一般,１６５６４　３４,3478,嶋田 貴支,2026-07-28,2026-08-02,15,丸亀,一般,４　３３２　２３５４１６,2026-04-25,2026-04-30,15,丸亀,一般,３　１４４　３４５　３５,2026-03-02,2026-03-05,15,丸亀,一般,５６１　３３２,2026-01-08,2026-01-14,15,丸亀,一般,３　１３４　５５５３５,2025-08-17,2025-08-22,15,丸亀,一般,６　２５１　５６５　１３,4643,近江 翔吾,2025-12-31,2026-01-05,15,丸亀,一般,４５１１転　２３３５３２,2025-11-07,2025-11-12,15,丸亀,ＧⅠ,１　４６５　６　４６５,2025-08-17,2025-08-22,15,丸亀,一般,５２６　１１１４１１[３],2025-06-09,2025-06-15,15,丸亀,一般,３１２　１４４２３２１２[３],2025-05-04,2025-05-09,15,丸亀,一般,１　１１４３２１５１[１]
202608211511,2026-08-21,15,11R,4030,森高 一真,2025-12-31,2026-01-05,15,丸亀,一般,３４１２４２４　５３３４,2025-11-07,2025-11-12,15,丸亀,ＧⅠ,３　６　５１１２２　[６],2025-08-17,2025-08-22,15,丸亀,一般,３１４４３３２　３落２,2025-03-14,2025-03-17,15,丸亀,一般,３３２１３１[５],2025-02-04,2025-02-10,15,丸亀,ＧⅠ,１　２　　　２２２　[２],4437,中田 元泰,2026-05-17,2026-05-23,15,丸亀,一般,１　３６２６１５３６３１１６,2026-04-25,2026-04-30,15,丸亀,一般,２２１　５２２６６５３,2025-12-31,2026-01-05,15,丸亀,一般,４６１６４　３５２５３６,2025-11-16,2025-11-20,15,丸亀,一般,２５３２２　３２[３],2025-08-17,2025-08-22,15,丸亀,一般,５４４　１４６６６　６１,4010,越智 照浩,2025-12-31,2026-01-05,15,丸亀,一般,３４６　５５５　２　６６,2025-09-25,2025-09-30,15,丸亀,ＧⅢ,５　３５３　６４５　２５,2025-08-17,2025-08-22,15,丸亀,一般,６　５５６　３４４　３,2025-05-04,2025-05-09,15,丸亀,一般,３４３　４４５　５６３,2024-09-26,2024-09-30,15,丸亀,一般,６　５　４４５　６４,5224,西岡 顕心,2026-06-20,2026-06-25,15,丸亀,一般,１１２　２１５４２４２３,2026-04-25,2026-04-30,15,丸亀,一般,３　４５３１１１４３３１,2025-12-31,2026-01-05,15,丸亀,一般,２１３３１　１１３１[１],2025-11-07,2025-11-12,15,丸亀,ＧⅠ,３　２３５　１４３　１３,2025-10-11,2025-10-16,15,丸亀,一般,１２１３１　１２５１[３],5257,西丸 侑太朗,2026-06-20,2026-06-25,15,丸亀,一般,４２２６６４１　１３１２,2026-04-25,2026-04-30,15,丸亀,一般,４４１４４　１４２２２,2026-03-19,2026-03-25,15,丸亀,一般,３５１１２　１２５１４１[１],2026-02-10,2026-02-14,15,丸亀,一般,２１２２１４６１[３],2025-12-31,2026-01-05,15,丸亀,一般,５１３　４４２４１６３３,4348,宮崎 奨,2026-07-20,2026-07-25,15,丸亀,一般,３２２　１５４５１４１２,2026-04-25,2026-04-30,15,丸亀,一般,２４２２４２３　５５２４,2026-03-30,2026-04-04,15,丸亀,一般,３３２　４６２５４４１４,2025-12-31,2026-01-05,15,丸亀,一般,１　４５１３３３２６１４,2025-12-11,2025-12-15,15,丸亀,一般,３１３３２３５４３３
202608211512,2026-08-21,15,12R,5043,中村 日向,2026-04-25,2026-04-30,15,丸亀,一般,２２１１４　２１３１[４],2025-12-31,2026-01-05,15,丸亀,一般,３　２５６２２６３２[３],2025-11-07,2025-11-12,15,丸亀,ＧⅠ,１１６　１　３６６　６４,2025-08-10,2025-08-13,15,丸亀,一般,３５１１３２[２],2025-07-18,2025-07-22,15,丸亀,一般,２３３３１５１２[５],4739,中村 晃朋,2026-04-25,2026-04-30,15,丸亀,一般,１５２５２　４６１３落１,2026-02-21,2026-02-26,15,丸亀,一般,３４２１３　２４１６１４,2025-12-31,2026-01-05,15,丸亀,一般,４６１１３２F　２　３,2025-11-07,2025-11-12,15,丸亀,ＧⅠ,５　４　２６２　１４１２,2025-08-17,2025-08-22,15,丸亀,一般,３５１　１３１１２１[２],5299,西丸 敦基,2026-06-20,2026-06-25,15,丸亀,一般,１　１４２６２５６１[６],2026-04-25,2026-04-30,15,丸亀,一般,４２２　２３４　１４６４,2025-12-31,2026-01-05,15,丸亀,一般,１３２　４１３　５５１５,2025-11-16,2025-11-20,15,丸亀,一般,３　５　３　３　６６,2025-08-04,2025-08-08,15,丸亀,一般,３３５　３５５　２２,4583,古田 祐貴,2026-05-26,2026-05-31,15,丸亀,ＧⅢ,２５４４３　１４５５６２,2026-02-21,2026-02-26,15,丸亀,一般,３　転４５１F４５　６,2025-12-31,2026-01-05,15,丸亀,一般,５１２４１３４　４３２１,2025-08-17,2025-08-22,15,丸亀,一般,１４３　２５３　３４１３,2025-06-24,2025-06-29,15,丸亀,ＧⅢ,２　１５２　２５３５６６,4772,石丸 海渡,2026-04-25,2026-04-30,15,丸亀,一般,２２１４４２３　２６１５,2026-03-02,2026-03-05,15,丸亀,一般,３３２１２５１３,2025-12-31,2026-01-05,15,丸亀,一般,６２２　６１１６１４１３,2025-10-19,2025-10-25,15,丸亀,一般,３１３１１　２１３１３１[１],2025-08-17,2025-08-22,15,丸亀,一般,２６２１１１３　２２[５],5136,濱野 斗馬,2026-04-25,2026-04-30,15,丸亀,一般,６４１　６３１３３１４６,2025-12-31,2026-01-05,15,丸亀,一般,５　４２２２１１２３１６,2025-11-07,2025-11-12,15,丸亀,ＧⅠ,２　４６５　４　５４６,2025-10-11,2025-10-16,15,丸亀,一般,３１４　１２１３２１[２],2025-09-03,2025-09-07,15,丸亀,一般,５１３３３１６６１４
202608211601,2026-08-21,16,01R,4882,瀧川 千依,2026-02-15,2026-02-20,16,児島,一般,欠,2020-06-23,2020-06-28,16,児島,一般,６　３６５６１　２５４,2017-09-07,2017-09-12,16,児島,一般,６　４６３５４　３２２５,2016-02-02,2016-02-07,16,児島,ＧⅢ,６６６　５　６６６　F,2015-08-25,2015-08-31,16,児島,一般,６　６６６　６６５　６６,3551,藤田 美代,2026-02-06,2026-02-11,16,児島,一般,１　６４６５６　１６４,2025-09-08,2025-09-13,16,児島,ＧⅢ,６６４　６４３　２　２５,2024-09-24,2024-09-29,16,児島,ＧⅢ,５　１２３１５２２２[６],2021-07-13,2021-07-18,16,児島,ＧⅢ,５２１　１４１２２３４１,2020-11-12,2020-11-17,16,児島,ＧⅢ,４　２５３４５　３４２,5189,藤原 早菜,2026-05-02,2026-05-07,16,児島,一般,２　２３転　３４５６２,2026-02-06,2026-02-11,16,児島,一般,１２２　１２１２４２[５],2025-12-28,2026-01-02,16,児島,一般,５　３３１　４４４４１２,2025-09-08,2025-09-13,16,児島,ＧⅢ,４　２２３　３４２５３３,2025-05-18,2025-05-23,16,児島,一般,４６２　１２３　１６１５,3435,寺田 千恵,2025-12-17,2025-12-20,16,児島,一般,２２４４２５５１,2025-09-08,2025-09-13,16,児島,ＧⅢ,３　２３２１１２３１[６],2024-03-02,2024-03-07,16,児島,一般,１４４４４　２４２３１５,2024-02-02,2024-02-07,16,児島,ＧⅢ,３５３１２　２６１４１２,2023-11-02,2023-11-07,16,児島,一般,４６１５３　２１１３１３,5389,恵良 琴美,2025-05-18,2025-05-23,16,児島,一般,６　６５６　６６６　６６,,,,,,,,,,,,,,,,,,,,,,,,,4853,前原 哉,2026-08-08,2026-08-13,16,児島,一般,６５６　６　４６４　１５,2026-05-02,2026-05-07,16,児島,一般,３　４３４　３２６　１６,2026-02-06,2026-02-11,16,児島,一般,６　４５２　１５１　４５,2025-12-28,2026-01-02,16,児島,一般,５　２６１　５５２　６５,2024-09-24,2024-09-29,16,児島,ＧⅢ,６６２　５６６　１４５３
202608211602,2026-08-21,16,02R,5361,,,,,,,,,,,,,,,,,,,,,,,,,,,,,,,,4011,堀之内紀代子,2025-02-10,2025-02-15,16,児島,一般,６１４　１６６　４３２５,2025-01-17,2025-01-22,16,児島,一般,５４２　４５６５６１２２,2024-09-24,2024-09-29,16,児島,ＧⅢ,１５４３１　６３１　５３,2024-08-17,2024-08-22,16,児島,一般,５　５３５　２６５　６３,2024-06-22,2024-06-27,16,児島,一般,１６６　２３２２１３[６],4878,西岡 育未,2023-09-12,2023-09-17,16,児島,一般,１６２　３１２　２５３２,2023-01-19,2023-01-23,16,児島,一般,２６５　３６４　４４,2020-10-21,2020-10-26,16,児島,一般,３　２４４５３５２　落６,2020-05-17,2020-05-22,16,児島,一般,３　３６３４４　３５３５,2020-02-22,2020-02-27,16,児島,ＧⅢ,３６３　２４６　１３４３,4373,若狭 奈美子,2026-01-06,2026-01-11,16,児島,一般,５５５５３１４　５３３１,2025-09-08,2025-09-13,16,児島,ＧⅢ,６４２２３　１４１４２４,2024-02-02,2024-02-07,16,児島,ＧⅢ,４３F　５　３　６　５,2023-09-12,2023-09-17,16,児島,一般,２３F２３　３　３　３,2023-03-26,2023-03-31,16,児島,一般,３３４　２３２５１　３２,4714,喜多須 杏奈,2026-03-27,2026-03-31,16,児島,一般,３４３　３６５　６４,2023-09-12,2023-09-17,16,児島,一般,１３３　１３３　２４１５,2022-05-05,2022-05-10,16,児島,一般,３６４　６４６　４５転,2020-06-13,2020-06-18,16,児島,ＧⅢ,F３５　３６３　６　３,2019-03-05,2019-03-10,16,児島,ＧⅡ,６　２５３　５　３３３３,4997,濱崎 寿里矢,2026-01-21,2026-01-26,16,児島,一般,６　４６,2018-01-20,2018-01-25,16,児島,一般,６　６６６　６６６　６６,,,,,,,,,,,,,,,,,,
202608211603,2026-08-21,16,03R,4965,福岡 泉水,2026-04-04,2026-04-09,16,児島,一般,５３５　２６３　６４２,2023-03-26,2023-03-31,16,児島,一般,２１３　３５３　５５４１,2022-03-16,2022-03-21,16,児島,一般,５　４５１５５３５　３６,2018-04-10,2018-04-15,16,児島,一般,６　６６６　６６１　６４,2017-12-12,2017-12-17,16,児島,ＧⅢ,５　６６６　５５６　６３,4536,喜井 つかさ,2026-07-09,2026-07-13,16,児島,一般,１５６　４１３４１３,2026-02-06,2026-02-11,16,児島,一般,２４２５５３１　４２３１,2025-09-08,2025-09-13,16,児島,ＧⅢ,３　１２５２１３２３１５,2025-05-02,2025-05-07,16,児島,一般,４　２６１５２６６　４,2025-01-17,2025-01-22,16,児島,一般,２１落２３　３１３４１６,5314,,,,,,,,,,,,,,,,,,,,,,,,,,,,,,,,4964,土屋 南,2026-05-02,2026-05-07,16,児島,一般,６１４　３４２　１４３４,2026-02-06,2026-02-11,16,児島,一般,６　２６１１５１２２[６],2025-12-28,2026-01-02,16,児島,一般,１３４　２５３　３３[６],2024-07-02,2024-07-07,16,児島,ＧⅡ,２　４３４　５１４４３,2024-06-06,2024-06-11,16,児島,一般,１６６　２４５　６６１４,5438,星田 夢結,2026-03-11,2026-03-16,16,児島,一般,６　６６６　６５６　４６,,,,,,,,,,,,,,,,,,,,,,,,,4998,中村 かなえ,2026-05-10,2026-05-15,16,児島,一般,２　３５４　３５６　１２,2024-02-02,2024-02-07,16,児島,ＧⅢ,４６４　３４６　６　２２,2023-03-26,2023-03-31,16,児島,一般,４４５　５４４６,,,,,,,,,,,,
202608211604,2026-08-21,16,04R,4694,高田 綾,2026-05-10,2026-05-15,16,児島,一般,５　５４６　２６２　６６,2022-04-17,2022-04-21,16,児島,一般,５２１　６５２　３５,2022-02-24,2022-02-27,16,児島,一般,５２６　６５２５,2022-01-11,2022-01-16,16,児島,一般,６３３　６６３　３６４,2021-07-04,2021-07-09,16,児島,一般,４６１　５５４５５　転４,4050,田口 節子,2026-03-11,2026-03-16,16,児島,一般,４１３　１６１４３４１６,2025-09-08,2025-09-13,16,児島,ＧⅢ,２３１１１　５１３１[１],2025-08-16,2025-08-21,16,児島,一般,５５６５３６１,2025-01-17,2025-01-22,16,児島,一般,５　４１１２３１１１[３],2024-09-24,2024-09-29,16,児島,ＧⅢ,３４１１５　４１５２[５],4844,村上 奈穂,2026-02-06,2026-02-11,16,児島,一般,５３５　３１２　１３３,2024-09-24,2024-09-29,16,児島,ＧⅢ,４５４　２２４　１６５,2024-02-02,2024-02-07,16,児島,ＧⅢ,１　４６３　２５５　６,2023-01-12,2023-01-16,16,児島,一般,５　５５２５５　２２,2022-04-17,2022-04-21,16,児島,一般,３４６５５　５　６４,4974,安井 瑞紀,2025-12-28,2026-01-02,16,児島,一般,３３１　落５６　５２６,2025-09-08,2025-09-13,16,児島,ＧⅢ,４３４　３２１　１５３４,2025-06-07,2025-06-11,16,児島,一般,６４１　４１１６２６,2025-01-17,2025-01-22,16,児島,一般,３６３　５２１　４５５２,2024-12-28,2025-01-02,16,児島,一般,３５１　３２３　３４１６,3994,小野 桜,2026-02-06,2026-02-11,16,児島,一般,４５３　４５２　６２４,2024-06-22,2024-06-27,16,児島,一般,４　１１３６５４１４２２,2024-01-17,2024-01-22,16,児島,一般,２４４５２　２６３　１２,2022-01-11,2022-01-16,16,児島,一般,３６２２５　３４１６４４,2021-07-13,2021-07-18,16,児島,ＧⅢ,１４２２５　５５２４３４,5322,根岸 真優,2025-02-03,2025-02-07,16,児島,一般,６　６６４　６５６,2024-11-01,2024-11-05,16,児島,一般,６　６６６　６５６,,,,,,,,,,,,,,,,,,
202608211605,2026-08-21,16,05R,4938,小芦 るり華,2025-06-07,2025-06-11,16,児島,一般,１２１６３　１２[３],2024-02-02,2024-02-07,16,児島,ＧⅢ,４４１　２１１　２４１３,2023-03-26,2023-03-31,16,児島,一般,４　３１６２１３１６４２,2020-10-21,2020-10-26,16,児島,一般,F５４　４　４　６　５,2020-06-13,2020-06-18,16,児島,ＧⅢ,４　F４６　４２５　４,4765,野田部 宏子,2024-02-02,2024-02-07,16,児島,ＧⅢ,１　４５２　１３５５１６,2023-01-27,2023-01-31,16,児島,一般,３４２　６２F　６,2022-05-05,2022-05-10,16,児島,一般,１６５　３６６　２　４５,2022-03-16,2022-03-21,16,児島,一般,３　４６３　６５６５４１,2017-09-07,2017-09-12,16,児島,一般,　　　　　　５５４　４３,4225,土屋 千明,2026-02-06,2026-02-11,16,児島,一般,２２１１３５１　３１[３],2025-01-17,2025-01-22,16,児島,一般,２３２３３１２　４３１２,2024-03-02,2024-03-07,16,児島,一般,３３３　３４３４５１１１,2021-10-27,2021-11-01,16,児島,一般,２３１　２３５５１６１４,2019-08-31,2019-09-04,16,児島,一般,６４５２１　４６２５,4720,西澤 日花里,2026-01-06,2026-01-11,16,児島,一般,３　２４６　５３６６２,2025-01-17,2025-01-22,16,児島,一般,４３１　６４６　５５３,2024-08-08,2024-08-13,16,児島,一般,２　５６４　３６２６３４,2024-06-06,2024-06-11,16,児島,一般,６　４６５　５１３　５５,2023-12-19,2023-12-24,16,児島,一般,５６２　６６３　６　３５,4853,前原 哉,2026-08-08,2026-08-13,16,児島,一般,６５６　６　４６４　１５,2026-05-02,2026-05-07,16,児島,一般,３　４３４　３２６　１６,2026-02-06,2026-02-11,16,児島,一般,６　４５２　１５１　４５,2025-12-28,2026-01-02,16,児島,一般,５　２６１　５５２　６５,2024-09-24,2024-09-29,16,児島,ＧⅢ,６６２　５６６　１４５３,5387,戸田 海咲音,2025-01-07,2025-01-12,16,児島,一般,６　６５６　５６５　６６,,,,,,,,,,,,,,,,,,,,,,,,
202608211606,2026-08-21,16,06R,3618,海野 ゆかり,2025-09-08,2025-09-13,16,児島,ＧⅢ,３　３４１１２３１３６３,2024-06-22,2024-06-27,16,児島,一般,５２２　１４１１５１[４],2023-06-01,2023-06-06,16,児島,一般,３２１　１１１５４１[１],2023-02-05,2023-02-10,16,児島,ＧⅠ,６　４６１　５６３６５,2023-01-12,2023-01-16,16,児島,一般,１５５６２６２１２４,5193,米丸 乃絵,2025-12-17,2025-12-20,16,児島,一般,３２１１４３２４,2025-01-17,2025-01-22,16,児島,一般,１５２　２５１２１６２５,2024-08-08,2024-08-13,16,児島,一般,３１１　６４５１F４６,2021-12-07,2021-12-12,16,児島,一般,２５６　５１６F６　６,2021-07-04,2021-07-09,16,児島,一般,６　６６６　６６６４６６,5317,長尾 萌加,2026-08-08,2026-08-13,16,児島,一般,３　３６３　３６３　６６,2026-06-21,2026-06-26,16,児島,一般,２５５　３４４　５　６６,2026-05-19,2026-05-23,16,児島,一般,５５６　５　３５３４,2026-05-02,2026-05-07,16,児島,一般,３４６　５５６　２５４,2026-03-27,2026-03-31,16,児島,一般,２６４　４４３　２３,5297,南 彩寧,2025-09-08,2025-09-13,16,児島,ＧⅢ,６　６６４　３６６　５２,2025-01-17,2025-01-22,16,児島,一般,６　６６５　４６６　５６,2023-09-12,2023-09-17,16,児島,一般,６６６　６６６　６６６,,,,,,,,,,,,,4882,瀧川 千依,2026-02-15,2026-02-20,16,児島,一般,欠,2020-06-23,2020-06-28,16,児島,一般,６　３６５６１　２５４,2017-09-07,2017-09-12,16,児島,一般,６　４６３５４　３２２５,2016-02-02,2016-02-07,16,児島,ＧⅢ,６６６　５　６６６　F,2015-08-25,2015-08-31,16,児島,一般,６　６６６　６６５　６６,4994,山本 梨菜,2026-02-23,2026-02-27,16,児島,一般,１６５１１３４４２３,2023-10-23,2023-10-28,16,児島,一般,３４４　３２３　３５２,2023-06-01,2023-06-06,16,児島,一般,４２３　４１６　３５４３,2022-09-24,2022-09-29,16,児島,一般,４２４　１４４　３５４３,2021-12-07,2021-12-12,16,児島,一般,転　６５３　１４３３２３
202608211607,2026-08-21,16,07R,4373,若狭 奈美子,2026-01-06,2026-01-11,16,児島,一般,５５５５３１４　５３３１,2025-09-08,2025-09-13,16,児島,ＧⅢ,６４２２３　１４１４２４,2024-02-02,2024-02-07,16,児島,ＧⅢ,４３F　５　３　６　５,2023-09-12,2023-09-17,16,児島,一般,２３F２３　３　３　３,2023-03-26,2023-03-31,16,児島,一般,３３４　２３２５１　３２,4893,渡邉 真奈美,2025-05-18,2025-05-23,16,児島,一般,６　３３４　１５２　６３,2024-06-22,2024-06-27,16,児島,一般,４３１　３４５　２５２１,2023-03-26,2023-03-31,16,児島,一般,６　２６４　４４５　６６,2019-05-11,2019-05-16,16,児島,一般,５５５　６４１　１４２２,2019-02-13,2019-02-17,16,児島,一般,６　６６４,5188,武井 莉里佳,2025-09-08,2025-09-13,16,児島,ＧⅢ,４　５６５２１１１　３１,2024-09-24,2024-09-29,16,児島,ＧⅢ,４１１　４５３３５４１５,2023-12-01,2023-12-06,16,児島,一般,３　５４２　３１４６１５,,,,,,,,,,,,,3551,藤田 美代,2026-02-06,2026-02-11,16,児島,一般,１　６４６５６　１６４,2025-09-08,2025-09-13,16,児島,ＧⅢ,６６４　６４３　２　２５,2024-09-24,2024-09-29,16,児島,ＧⅢ,５　１２３１５２２２[６],2021-07-13,2021-07-18,16,児島,ＧⅢ,５２１　１４１２２３４１,2020-11-12,2020-11-17,16,児島,ＧⅢ,４　２５３４５　３４２,4208,三浦 永理,2026-02-15,2026-02-20,16,児島,一般,１２３１４　１転４６４４,2023-06-01,2023-06-06,16,児島,一般,１１４２４５１　２４１４,2020-11-30,2020-12-05,16,児島,一般,２５１５３　２２２６３５,2020-02-22,2020-02-27,16,児島,ＧⅢ,２　３２５５２４３　６２,2016-09-27,2016-10-02,16,児島,ＧⅢ,２２１５５　１２１２[３],5438,星田 夢結,2026-03-11,2026-03-16,16,児島,一般,６　６６６　６５６　４６,,,,,,,,,,,,,,,,,,,,,,,,
202608211608,2026-08-21,16,08R,4525,真子 奈津実,2026-05-19,2026-05-23,16,児島,一般,６４４　６５６　５,2026-02-06,2026-02-11,16,児島,一般,３　２４６４６　４６２,2021-08-04,2021-08-09,16,児島,一般,１落３５５　５４４　２６,2021-07-04,2021-07-09,16,児島,一般,１　５転２６２５６　２２,2021-03-14,2021-03-19,16,児島,一般,４６６　４５１　２５６５,5003,来田 衣織,2023-12-01,2023-12-06,16,児島,一般,６６１　５６５　２５４,2023-09-12,2023-09-17,16,児島,一般,５５１　３妨４　４　２２,2022-05-05,2022-05-10,16,児島,一般,４　転５５　３４２　４２,2022-01-11,2022-01-16,16,児島,一般,１５３　３２４３２５２２,2020-11-30,2020-12-05,16,児島,一般,６　３６６　４６３６４５,4482,守屋 美穂,2026-06-30,2026-07-05,16,児島,ＧⅡ,５　３３３２４　３　１４,2026-04-04,2026-04-09,16,児島,一般,２３２３２　４４１１[２],2026-02-06,2026-02-11,16,児島,一般,２２２２３２１１１１[１],2026-01-06,2026-01-11,16,児島,一般,１２１　４１４１３１[３],2025-09-08,2025-09-13,16,児島,ＧⅢ,１１４　１５４１５３５１,5189,藤原 早菜,2026-05-02,2026-05-07,16,児島,一般,２　２３転　３４５６２,2026-02-06,2026-02-11,16,児島,一般,１２２　１２１２４２[５],2025-12-28,2026-01-02,16,児島,一般,５　３３１　４４４４１２,2025-09-08,2025-09-13,16,児島,ＧⅢ,４　２２３　３４２５３３,2025-05-18,2025-05-23,16,児島,一般,４６２　１２３　１６１５,4190,長嶋 万記,2025-07-01,2025-07-06,16,児島,ＧⅡ,３５３　１　２３４　５３,2024-07-02,2024-07-07,16,児島,ＧⅡ,３６５　１　２６３４３,2023-07-18,2023-07-23,16,児島,ＳＧ,３　４　１１５　５　４５,2021-07-13,2021-07-18,16,児島,ＧⅢ,３５２１３　２１１３２１,2021-05-14,2021-05-19,16,児島,一般,１５５２１　２２３３[２],4878,西岡 育未,2023-09-12,2023-09-17,16,児島,一般,１６２　３１２　２５３２,2023-01-19,2023-01-23,16,児島,一般,２６５　３６４　４４,2020-10-21,2020-10-26,16,児島,一般,３　２４４５３５２　落６,2020-05-17,2020-05-22,16,児島,一般,３　３６３４４　３５３５,2020-02-22,2020-02-27,16,児島,ＧⅢ,３６３　２４６　１３４３
202608211609,2026-08-21,16,09R,4825,倉持 莉々,2019-05-11,2019-05-16,16,児島,一般,３３２　４２５５２　１４,2019-03-05,2019-03-10,16,児島,ＧⅡ,６４３　５　４４４６４,2018-02-07,2018-02-12,16,児島,一般,３　４３３４３２３　転３,2017-09-07,2017-09-12,16,児島,一般,５５４　２３４５２　３２,2017-04-14,2017-04-19,16,児島,一般,５　１２３　５６５　３６,5314,,,,,,,,,,,,,,,,,,,,,,,,,,,,,,,,4974,安井 瑞紀,2025-12-28,2026-01-02,16,児島,一般,３３１　落５６　５２６,2025-09-08,2025-09-13,16,児島,ＧⅢ,４３４　３２１　１５３４,2025-06-07,2025-06-11,16,児島,一般,６４１　４１１６２６,2025-01-17,2025-01-22,16,児島,一般,３６３　５２１　４５５２,2024-12-28,2025-01-02,16,児島,一般,３５１　３２３　３４１６,5389,恵良 琴美,2025-05-18,2025-05-23,16,児島,一般,６　６５６　６６６　６６,,,,,,,,,,,,,,,,,,,,,,,,,4011,堀之内紀代子,2025-02-10,2025-02-15,16,児島,一般,６１４　１６６　４３２５,2025-01-17,2025-01-22,16,児島,一般,５４２　４５６５６１２２,2024-09-24,2024-09-29,16,児島,ＧⅢ,１５４３１　６３１　５３,2024-08-17,2024-08-22,16,児島,一般,５　５３５　２６５　６３,2024-06-22,2024-06-27,16,児島,一般,１６６　２３２２１３[６],5435,中西 月輝,2026-02-06,2026-02-11,16,児島,一般,６　６４５　６F６　６,,,,,,,,,,,,,,,,,,,,,,,,
202608211610,2026-08-21,16,10R,4765,野田部 宏子,2024-02-02,2024-02-07,16,児島,ＧⅢ,１　４５２　１３５５１６,2023-01-27,2023-01-31,16,児島,一般,３４２　６２F　６,2022-05-05,2022-05-10,16,児島,一般,１６５　３６６　２　４５,2022-03-16,2022-03-21,16,児島,一般,３　４６３　６５６５４１,2017-09-07,2017-09-12,16,児島,一般,　　　　　　５５４　４３,3435,寺田 千恵,2025-12-17,2025-12-20,16,児島,一般,２２４４２５５１,2025-09-08,2025-09-13,16,児島,ＧⅢ,３　２３２１１２３１[６],2024-03-02,2024-03-07,16,児島,一般,１４４４４　２４２３１５,2024-02-02,2024-02-07,16,児島,ＧⅢ,３５３１２　２６１４１２,2023-11-02,2023-11-07,16,児島,一般,４６１５３　２１１３１３,5193,米丸 乃絵,2025-12-17,2025-12-20,16,児島,一般,３２１１４３２４,2025-01-17,2025-01-22,16,児島,一般,１５２　２５１２１６２５,2024-08-08,2024-08-13,16,児島,一般,３１１　６４５１F４６,2021-12-07,2021-12-12,16,児島,一般,２５６　５１６F６　６,2021-07-04,2021-07-09,16,児島,一般,６　６６６　６６６４６６,5361,,,,,,,,,,,,,,,,,,,,,,,,,,,,,,,,4536,喜井 つかさ,2026-07-09,2026-07-13,16,児島,一般,１５６　４１３４１３,2026-02-06,2026-02-11,16,児島,一般,２４２５５３１　４２３１,2025-09-08,2025-09-13,16,児島,ＧⅢ,３　１２５２１３２３１５,2025-05-02,2025-05-07,16,児島,一般,４　２６１５２６６　４,2025-01-17,2025-01-22,16,児島,一般,２１落２３　３１３４１６,5180,藤本 紗弥香,2025-09-08,2025-09-13,16,児島,ＧⅢ,３５１　４６４　F６６,2023-02-22,2023-02-26,16,児島,一般,５　３５６６６　６５,,,,,,,,,,,,,,,,,,
202608211611,2026-08-21,16,11R,4050,田口 節子,2026-03-11,2026-03-16,16,児島,一般,４１３　１６１４３４１６,2025-09-08,2025-09-13,16,児島,ＧⅢ,２３１１１　５１３１[１],2025-08-16,2025-08-21,16,児島,一般,５５６５３６１,2025-01-17,2025-01-22,16,児島,一般,５　４１１２３１１１[３],2024-09-24,2024-09-29,16,児島,ＧⅢ,３４１１５　４１５２[５],4964,土屋 南,2026-05-02,2026-05-07,16,児島,一般,６１４　３４２　１４３４,2026-02-06,2026-02-11,16,児島,一般,６　２６１１５１２２[６],2025-12-28,2026-01-02,16,児島,一般,１３４　２５３　３３[６],2024-07-02,2024-07-07,16,児島,ＧⅡ,２　４３４　５１４４３,2024-06-06,2024-06-11,16,児島,一般,１６６　２４５　６６１４,4208,三浦 永理,2026-02-15,2026-02-20,16,児島,一般,１２３１４　１転４６４４,2023-06-01,2023-06-06,16,児島,一般,１１４２４５１　２４１４,2020-11-30,2020-12-05,16,児島,一般,２５１５３　２２２６３５,2020-02-22,2020-02-27,16,児島,ＧⅢ,２　３２５５２４３　６２,2016-09-27,2016-10-02,16,児島,ＧⅢ,２２１５５　１２１２[３],4997,濱崎 寿里矢,2026-01-21,2026-01-26,16,児島,一般,６　４６,2018-01-20,2018-01-25,16,児島,一般,６　６６６　６６６　６６,,,,,,,,,,,,,,,,,,,4994,山本 梨菜,2026-02-23,2026-02-27,16,児島,一般,１６５１１３４４２３,2023-10-23,2023-10-28,16,児島,一般,３４４　３２３　３５２,2023-06-01,2023-06-06,16,児島,一般,４２３　４１６　３５４３,2022-09-24,2022-09-29,16,児島,一般,４２４　１４４　３５４３,2021-12-07,2021-12-12,16,児島,一般,転　６５３　１４３３２３,4720,西澤 日花里,2026-01-06,2026-01-11,16,児島,一般,３　２４６　５３６６２,2025-01-17,2025-01-22,16,児島,一般,４３１　６４６　５５３,2024-08-08,2024-08-13,16,児島,一般,２　５６４　３６２６３４,2024-06-06,2024-06-11,16,児島,一般,６　４６５　５１３　５５,2023-12-19,2023-12-24,16,児島,一般,５６２　６６３　６　３５
202608211612,2026-08-21,16,12R,4482,守屋 美穂,2026-06-30,2026-07-05,16,児島,ＧⅡ,５　３３３２４　３　１４,2026-04-04,2026-04-09,16,児島,一般,２３２３２　４４１１[２],2026-02-06,2026-02-11,16,児島,一般,２２２２３２１１１１[１],2026-01-06,2026-01-11,16,児島,一般,１２１　４１４１３１[３],2025-09-08,2025-09-13,16,児島,ＧⅢ,１１４　１５４１５３５１,4225,土屋 千明,2026-02-06,2026-02-11,16,児島,一般,２２１１３５１　３１[３],2025-01-17,2025-01-22,16,児島,一般,２３２３３１２　４３１２,2024-03-02,2024-03-07,16,児島,一般,３３３　３４３４５１１１,2021-10-27,2021-11-01,16,児島,一般,２３１　２３５５１６１４,2019-08-31,2019-09-04,16,児島,一般,６４５２１　４６２５,3994,小野 桜,2026-02-06,2026-02-11,16,児島,一般,４５３　４５２　６２４,2024-06-22,2024-06-27,16,児島,一般,４　１１３６５４１４２２,2024-01-17,2024-01-22,16,児島,一般,２４４５２　２６３　１２,2022-01-11,2022-01-16,16,児島,一般,３６２２５　３４１６４４,2021-07-13,2021-07-18,16,児島,ＧⅢ,１４２２５　５５２４３４,3618,海野 ゆかり,2025-09-08,2025-09-13,16,児島,ＧⅢ,３　３４１１２３１３６３,2024-06-22,2024-06-27,16,児島,一般,５２２　１４１１５１[４],2023-06-01,2023-06-06,16,児島,一般,３２１　１１１５４１[１],2023-02-05,2023-02-10,16,児島,ＧⅠ,６　４６１　５６３６５,2023-01-12,2023-01-16,16,児島,一般,１５５６２６２１２４,4965,福岡 泉水,2026-04-04,2026-04-09,16,児島,一般,５３５　２６３　６４２,2023-03-26,2023-03-31,16,児島,一般,２１３　３５３　５５４１,2022-03-16,2022-03-21,16,児島,一般,５　４５１５５３５　３６,2018-04-10,2018-04-15,16,児島,一般,６　６６６　６６１　６４,2017-12-12,2017-12-17,16,児島,ＧⅢ,５　６６６　５５６　６３,5188,武井 莉里佳,2025-09-08,2025-09-13,16,児島,ＧⅢ,４　５６５２１１１　３１,2024-09-24,2024-09-29,16,児島,ＧⅢ,４１１　４５３３５４１５,2023-12-01,2023-12-06,16,児島,一般,３　５４２　３１４６１５,,,,,,,,,,,,
202608211901,2026-08-21,19,01R,4272,大場 広孝,2024-06-14,2024-06-18,19,下関,一般,３　２５３４５３１,2024-04-04,2024-04-08,19,下関,一般,４６４　１３１４２,2023-05-01,2023-05-05,19,下関,一般,２　１２４４４３４１,2022-12-19,2022-12-25,19,下関,ＧⅢ,６５５　５５２　６　５２,2022-11-20,2022-11-24,19,下関,一般,５　１１３３３５１４,3896,上田 洋平,2026-02-17,2026-02-22,19,下関,一般,２　２４４１４　３４６４,2022-01-27,2022-01-31,19,下関,一般,３６２,2020-12-25,2020-12-29,19,下関,一般,１　２５４２１５３５,2019-11-16,2019-11-22,19,下関,一般,５４４　４４エ　１　５２５３,2018-09-27,2018-09-30,19,下関,一般,５　４１４４,4992,廣瀬 篤哉,2024-03-30,2024-04-02,19,下関,一般,１４３３１５４３,2022-07-17,2022-07-20,19,下関,一般,５３２　２４４６,2022-02-24,2022-02-28,19,下関,一般,６　４６６４５　３３,2020-06-06,2020-06-12,19,下関,一般,２　２４１３１６６　１６F６,2018-08-24,2018-08-29,19,下関,一般,５F５　５　６６５　６,4896,花本 剛,2026-07-27,2026-07-31,19,下関,一般,１５５　４６２　６,2026-03-26,2026-03-31,19,下関,一般,５　６３５６５４１　６,2026-02-10,2026-02-14,19,下関,一般,４６４　４６,2025-09-10,2025-09-16,19,下関,一般,　　　　　　　　５５６　１６,2025-08-10,2025-08-15,19,下関,一般,１５６　２４６　４６６,3945,橋口 真樹,2025-12-18,2025-12-24,19,下関,一般,３　３６２　４６５　５　６５,2025-03-07,2025-03-11,19,下関,一般,３　６４３４６　６２,2024-09-03,2024-09-06,19,下関,一般,６６５,2023-11-26,2023-12-01,19,下関,一般,３　３４５３５　３３２,2023-03-22,2023-03-25,19,下関,一般,６４６　１　３４,5404,内田 壮,2026-08-11,2026-08-16,19,下関,一般,２　５５４　４３６　６３,2026-05-13,2026-05-18,19,下関,一般,６　６５４　６６５　６６,2026-02-25,2026-03-02,19,下関,ＧⅢ,　　　　　　　　　　５６,2025-11-09,2025-11-14,19,下関,一般,５４５　５　５４６　６６,2025-08-10,2025-08-15,19,下関,一般,６　５６６　６５６　転５
202608211902,2026-08-21,19,02R,3949,今出 晋二,2025-07-27,2025-07-31,19,下関,一般,６　４４３　６５５４,2024-05-14,2024-05-20,19,下関,ＧⅢ,４　４５４　３３６　３６,2023-03-30,2023-04-03,19,下関,一般,３　５６６５４　４２,2023-01-31,2023-02-05,19,下関,一般,３３欠,2022-07-28,2022-08-01,19,下関,一般,１　２６５４１４１４,4007,榮田 将彦,2026-05-21,2026-05-24,19,下関,一般,１４４３１５３３,2025-08-10,2025-08-15,19,下関,一般,５４５３６　３４６　４,2025-03-02,2025-03-05,19,下関,一般,２　５　５２２,2024-10-30,2024-11-02,19,下関,一般,１２５　３４５４,2024-08-13,2024-08-17,19,下関,一般,２　１６４５６　６１,5031,渡辺 空依,2026-06-21,2026-06-24,19,下関,一般,４　２６３５４,2024-07-03,2024-07-07,19,下関,一般,５４３　５　６４１３,2023-12-28,2024-01-02,19,下関,一般,２　４４５　２５１　４５,2023-01-22,2023-01-29,19,下関,一般,４　４２　　４４３　３　F５５,2022-03-13,2022-03-17,19,下関,一般,６　５５６　５　５６,3401,上田 隆章,2022-10-16,2022-10-21,19,下関,ＧⅢ,４　２３２２１　１６２４,2020-11-19,2020-11-22,19,下関,一般,２　５３４６２５,2020-09-05,2020-09-11,19,下関,一般,６　１　１４５　２２２１,2020-03-26,2020-04-01,19,下関,一般,２　３５６３６２１４４６１,2019-09-21,2019-09-27,19,下関,ＧⅢ,５　４２４４３３６２５３,4331,三好 勇人,2025-12-18,2025-12-24,19,下関,一般,２６１　２５３　５　３４１５,2025-07-10,2025-07-14,19,下関,一般,４１３　５３１　１１,2025-04-26,2025-04-30,19,下関,一般,３２４５１　４３３１,2023-12-12,2023-12-18,19,下関,一般,３４１　３２４５２４３,2021-09-17,2021-09-21,19,下関,一般,１５１３３２[５],4957,竹之内 極,2024-11-27,2024-11-30,19,下関,一般,５４４　４１５２,2023-06-03,2023-06-09,19,下関,一般,　　　　　　　　　　　　５５,2023-02-18,2023-02-22,19,下関,一般,５６５３３　１　６４,2020-09-21,2020-09-25,19,下関,一般,６１４　４５４　１５,2019-08-09,2019-08-16,19,下関,一般,５　５６２　４６３　２　４２
202608211903,2026-08-21,19,03R,5044,渡邉 健,2026-01-18,2026-01-21,19,下関,一般,２　６６３　６４,2023-07-24,2023-07-27,19,下関,一般,５　１１５３６１,,,,,,,,,,,,,,,,,,,3711,江本 真治,2026-06-21,2026-06-24,19,下関,一般,３　３４２２３２,2026-03-14,2026-03-17,19,下関,一般,１１３３１２[５],2026-01-29,2026-02-03,19,下関,ＧⅠ,１　２６２　２４３　６１,2025-12-28,2026-01-02,19,下関,一般,１１４１２　２１２２[６],2025-10-28,2025-11-02,19,下関,ＧⅡ,１　６　１４６　３４４,5127,沼田 大都,2026-05-13,2026-05-18,19,下関,一般,２１６　３５５　４６１,2024-09-09,2024-09-14,19,下関,一般,２４１　２５６　４５１４,2024-04-17,2024-04-23,19,下関,一般,６　５６３４２　４１５　６５,2023-10-13,2023-10-18,19,下関,一般,５　５６４２２　１　６４,2023-06-29,2023-07-02,19,下関,一般,４６５　４４３３,4607,鶴田 勇雄,2025-01-31,2025-02-03,19,下関,一般,１５３　５５１２,2024-08-05,2024-08-09,19,下関,一般,４２２　１３５３５２,2024-03-23,2024-03-27,19,下関,一般,２　２６１４３２２５,2024-01-04,2024-01-08,19,下関,一般,３１２２３　１５３５,2023-10-04,2023-10-09,19,下関,ＧⅢ,３　４３３６４４６１２,4164,岩永 節也,2026-06-12,2026-06-17,19,下関,一般,２４６　５４６５６　５,2026-01-23,2026-01-26,19,下関,一般,６４６　６　６６,2024-02-11,2024-02-14,19,下関,一般,６　４２５５３４,2022-08-04,2022-08-10,19,下関,一般,３　２２３６４５４　４５４３,2021-09-27,2021-10-01,19,下関,一般,２６５３４　４　４６,4557,松尾 光広,2026-06-12,2026-06-17,19,下関,一般,６　４２妨６５　４　６,2025-11-09,2025-11-14,19,下関,一般,５　３５１　５５６３２５,2025-05-21,2025-05-25,19,下関,一般,５４１　１５４　２３,2024-12-02,2024-12-05,19,下関,一般,４　２２２６１６,2024-01-11,2024-01-16,19,下関,一般,４　３６２４３　２３３
202608211904,2026-08-21,19,04R,3477,近藤 稔也,2026-03-26,2026-03-31,19,下関,一般,２５６　６４３　６　５４,2025-10-11,2025-10-14,19,下関,一般,６５１　６　５４,2024-08-20,2024-08-26,19,下関,一般,６　３５１　６５２６４　４５,2022-12-19,2022-12-25,19,下関,ＧⅢ,４４４　１５６　５　６４,2021-09-08,2021-09-12,19,下関,一般,５６２　４　５３３４,5086,本村 大,2026-01-18,2026-01-21,19,下関,一般,５　４６４　５６,2025-07-27,2025-07-31,19,下関,一般,１３３４３　１４１６,2025-04-05,2025-04-10,19,下関,一般,１　６６５５３４６　５６,2025-01-21,2025-01-26,19,下関,ＧⅢ,６３２　４２１６６６４５,2024-09-09,2024-09-14,19,下関,一般,４５１　５　６６６　２５,3305,小野 信樹,2026-05-21,2026-05-24,19,下関,一般,３６１　４６１６,2025-12-28,2026-01-02,19,下関,一般,２１４　３４３　４５５５,2025-09-04,2025-09-07,19,下関,一般,６　２３５　５４,2024-12-28,2025-01-03,19,下関,一般,４　５５６　４２５　４　４３,2024-06-20,2024-06-25,19,下関,一般,４　１４４　４１５６５５,4063,市橋 卓士,2025-01-11,2025-01-16,19,下関,ＧⅠ,６　４　５６４　５４５,2024-07-15,2024-07-19,19,下関,一般,１１３４６　３２[５],2024-05-26,2024-05-29,19,下関,一般,４４２６,2022-07-28,2022-08-01,19,下関,一般,３２２１５１４３３１,2022-03-26,2022-03-31,19,下関,ＧⅠ,１４６　３５１　３５３,4096,石橋 道友,2025-02-21,2025-02-25,19,下関,一般,１３３４５２１４３４,2022-12-01,2022-12-06,19,下関,ＧⅠ,５４３　２４６　４４６,2022-07-28,2022-08-01,19,下関,一般,１３１４F１４　３,2021-05-27,2021-06-02,19,下関,一般,４３４２６　３１４　５４３１,2020-10-08,2020-10-14,19,下関,一般,２４１　１５１１４１４１[２],4973,栗原 直也,2024-04-04,2024-04-08,19,下関,一般,１　１３６４３５１５,,,,,,,,,,,,,,,,,,,,,,,,
202608211905,2026-08-21,19,05R,4822,百武 翔,2026-04-29,2026-05-04,19,下関,一般,２５１３１　１４２３４４,2025-09-10,2025-09-16,19,下関,一般,２　６３１２２　２５４２[５],2025-04-26,2025-04-30,19,下関,一般,６　５６１　２５４１,2025-01-21,2025-01-26,19,下関,ＧⅢ,５　６４４　１１２１５４,2024-10-16,2024-10-19,19,下関,一般,３　１３５３４２,3905,天野 友和,2026-03-26,2026-03-31,19,下関,一般,５２２４２　２１３　４２,2025-09-20,2025-09-24,19,下関,一般,４５４１１　１３２３,2025-05-29,2025-06-03,19,下関,一般,１２２　３３２５４２[４],2024-02-11,2024-02-14,19,下関,一般,５２１　２４１３,2018-09-02,2018-09-05,19,下関,一般,６　落６４　２３,5077,滝沢 崚,2024-06-14,2024-06-18,19,下関,一般,２　４４１５３５６３,,,,,,,,,,,,,,,,,,,,,,,,,4128,川口 貴久,2024-07-03,2024-07-07,19,下関,一般,３　エ欠,2021-11-16,2021-11-22,19,下関,一般,４６５３４　３　２１６　６２,2017-07-05,2017-07-10,19,下関,一般,１　２６２　３６３４２２,2016-03-17,2016-03-20,19,下関,一般,４　６６５　５２,2014-09-23,2014-09-28,19,下関,一般,３４１３２４２　１１[１],3107,平岡 重典,2024-08-05,2024-08-09,19,下関,一般,６３６　３６４　６,2023-01-22,2023-01-29,19,下関,一般,２転,2021-08-06,2021-08-12,19,下関,一般,６６５　４　４５１　５　２４,2021-06-26,2021-06-30,19,下関,一般,４　１６６６２４１,2020-08-16,2020-08-20,19,下関,一般,１　６３６４５　５２,3304,烏野 賢太,2024-10-03,2024-10-07,19,下関,一般,５１５　５６２　１４,2024-04-17,2024-04-23,19,下関,一般,１　４２４４１　１５３６１４,2023-08-19,2023-08-23,19,下関,一般,１　３４１１５５２４,2022-10-16,2022-10-21,19,下関,ＧⅢ,３１１５５　６６６４１３,2021-06-14,2021-06-18,19,下関,一般,６２３　２３１５５４
202608211906,2026-08-21,19,06R,4992,廣瀬 篤哉,2024-03-30,2024-04-02,19,下関,一般,１４３３１５４３,2022-07-17,2022-07-20,19,下関,一般,５３２　２４４６,2022-02-24,2022-02-28,19,下関,一般,６　４６６４５　３３,2020-06-06,2020-06-12,19,下関,一般,２　２４１３１６６　１６F６,2018-08-24,2018-08-29,19,下関,一般,５F５　５　６６５　６,4596,葛原 大陽,2026-03-14,2026-03-17,19,下関,一般,２２３４１４３３,2025-07-17,2025-07-20,19,下関,一般,５２３３２　２３,2025-03-02,2025-03-05,19,下関,一般,　　２２３５３２,2023-11-26,2023-12-01,19,下関,一般,２　４３１６２　５５１３,2023-01-22,2023-01-29,19,下関,一般,６３１５　　１　２６５６１６６６,4370,山口 達也,2026-01-29,2026-02-03,19,下関,ＧⅠ,２４１　１６３　４　２１,2023-02-25,2023-03-01,19,下関,一般,３不１,2021-06-14,2021-06-18,19,下関,一般,３　１３３１３３３１,2021-03-15,2021-03-21,19,下関,一般,６３６３１　２４２　１６３６,2020-12-07,2020-12-13,19,下関,一般,１２３３３　１２４１５１[２],4016,西川 新太郎,2026-03-19,2026-03-23,19,下関,一般,３４３　５３３　５２,2020-04-13,2020-04-17,19,下関,一般,１　２３２２２２[４],2017-05-26,2017-05-31,19,下関,一般,３　２１５　５３３　６１,2016-07-20,2016-07-24,19,下関,一般,３６４　４４３　４１,2015-09-19,2015-09-24,19,下関,一般,１４４　５６３　４１[４],3968,茶谷 信次,2026-01-04,2026-01-07,19,下関,一般,２　３３６４２４,2025-05-29,2025-06-03,19,下関,一般,２２３３１　２３２３４２,2024-07-03,2024-07-07,19,下関,一般,転,2023-06-03,2023-06-09,19,下関,一般,２４３　２５４３６　３１４,2021-11-16,2021-11-22,19,下関,一般,２　４６３４１３４　３５１,3771,折下 寛法,2026-02-25,2026-03-02,19,下関,ＧⅢ,２５２　２５５　３３２５,2024-07-15,2024-07-19,19,下関,一般,２３２　６５１４４,2022-02-06,2022-02-09,19,下関,一般,１　２４３２[４],2020-09-05,2020-09-11,19,下関,一般,３　５　３５４　２１３,2020-02-16,2020-02-22,19,下関,一般,落６１
202608211907,2026-08-21,19,07R,4164,岩永 節也,2026-06-12,2026-06-17,19,下関,一般,２４６　５４６５６　５,2026-01-23,2026-01-26,19,下関,一般,６４６　６　６６,2024-02-11,2024-02-14,19,下関,一般,６　４２５５３４,2022-08-04,2022-08-10,19,下関,一般,３　２２３６４５４　４５４３,2021-09-27,2021-10-01,19,下関,一般,２６５３４　４　４６,4794,和田 拓也,2025-10-28,2025-11-02,19,下関,ＧⅡ,３６４　３１３　３１４,2024-03-23,2024-03-27,19,下関,一般,２５１１４３１４２２,2023-06-20,2023-06-25,19,下関,一般,４５３４１　３４１　３３,2022-01-09,2022-01-14,19,下関,ＧⅢ,４５３４２　３　１４１６,2021-11-16,2021-11-22,19,下関,一般,５２１　２３１　６１５１[４],3945,橋口 真樹,2025-12-18,2025-12-24,19,下関,一般,３　３６２　４６５　５　６５,2025-03-07,2025-03-11,19,下関,一般,３　６４３４６　６２,2024-09-03,2024-09-06,19,下関,一般,６６５,2023-11-26,2023-12-01,19,下関,一般,３　３４５３５　３３２,2023-03-22,2023-03-25,19,下関,一般,６４６　１　３４,3257,田頭 実,2026-01-04,2026-01-07,19,下関,一般,６５２３,2024-02-26,2024-03-01,19,下関,一般,１１１　２２４１[１],2023-05-09,2023-05-15,19,下関,一般,２１５　５１５１１２１１[６],2022-11-20,2022-11-24,19,下関,一般,１３３５１２５５６５,2022-10-16,2022-10-21,19,下関,ＧⅢ,１　６２２　３２１３２１,3949,今出 晋二,2025-07-27,2025-07-31,19,下関,一般,６　４４３　６５５４,2024-05-14,2024-05-20,19,下関,ＧⅢ,４　４５４　３３６　３６,2023-03-30,2023-04-03,19,下関,一般,３　５６６５４　４２,2023-01-31,2023-02-05,19,下関,一般,３３欠,2022-07-28,2022-08-01,19,下関,一般,１　２６５４１４１４,5457,,,,,,,,,,,,,,,,,,,,,,,,,,,,,,,
202608211908,2026-08-21,19,08R,3484,芝田 浩治,2025-11-09,2025-11-14,19,下関,一般,５２４　２４２３３６１４,2024-10-03,2024-10-07,19,下関,一般,２５２　２３４５１４,2024-02-11,2024-02-14,19,下関,一般,１　６２６４１３,2023-11-09,2023-11-14,19,下関,一般,１３１　２１４２５４１５,2023-02-25,2023-03-01,19,下関,一般,１４２３１４４２[６],4272,大場 広孝,2024-06-14,2024-06-18,19,下関,一般,３　２５３４５３１,2024-04-04,2024-04-08,19,下関,一般,４６４　１３１４２,2023-05-01,2023-05-05,19,下関,一般,２　１２４４４３４１,2022-12-19,2022-12-25,19,下関,ＧⅢ,６５５　５５２　６　５２,2022-11-20,2022-11-24,19,下関,一般,５　１１３３３５１４,5086,本村 大,2026-01-18,2026-01-21,19,下関,一般,５　４６４　５６,2025-07-27,2025-07-31,19,下関,一般,１３３４３　１４１６,2025-04-05,2025-04-10,19,下関,一般,１　６６５５３４６　５６,2025-01-21,2025-01-26,19,下関,ＧⅢ,６３２　４２１６６６４５,2024-09-09,2024-09-14,19,下関,一般,４５１　５　６６６　２５,5054,佐々木 大河,2025-08-30,2025-09-02,19,下関,一般,３４２２１　２４,2024-05-01,2024-05-04,19,下関,一般,５　１３３２[５],2023-10-21,2023-10-25,19,下関,一般,１５２　２６３３３１,2022-07-17,2022-07-20,19,下関,一般,３２２６１５３２,2020-09-21,2020-09-25,19,下関,一般,４　５２５　５１１,5044,渡邉 健,2026-01-18,2026-01-21,19,下関,一般,２　６６３　６４,2023-07-24,2023-07-27,19,下関,一般,５　１１５３６１,,,,,,,,,,,,,,,,,,,5031,渡辺 空依,2026-06-21,2026-06-24,19,下関,一般,４　２６３５４,2024-07-03,2024-07-07,19,下関,一般,５４３　５　６４１３,2023-12-28,2024-01-02,19,下関,一般,２　４４５　２５１　４５,2023-01-22,2023-01-29,19,下関,一般,４　４２　　４４３　３　F５５,2022-03-13,2022-03-17,19,下関,一般,６　５５６　５　５６
202608211909,2026-08-21,19,09R,4171,榎 幸司,2026-03-14,2026-03-17,19,下関,一般,１　２１３１[１],2025-12-18,2025-12-24,19,下関,一般,３３５１１　１４２１２２[５],2025-06-23,2025-06-27,19,下関,一般,３４４　５５４　５,2024-06-20,2024-06-25,19,下関,一般,２１１４２　２４６３３１,2024-03-23,2024-03-27,19,下関,一般,３１１３３　５６１５,3305,小野 信樹,2026-05-21,2026-05-24,19,下関,一般,３６１　４６１６,2025-12-28,2026-01-02,19,下関,一般,２１４　３４３　４５５５,2025-09-04,2025-09-07,19,下関,一般,６　２３５　５４,2024-12-28,2025-01-03,19,下関,一般,４　５５６　４２５　４　４３,2024-06-20,2024-06-25,19,下関,一般,４　１４４　４１５６５５,3576,白水 勝也,2025-04-26,2025-04-30,19,下関,一般,５１５　５３１２３,2018-08-24,2018-08-29,19,下関,一般,４１３３５　１２４５３３,2017-04-01,2017-04-07,19,下関,一般,３２３　４３４　１５５３１２,2016-06-15,2016-06-20,19,下関,一般,３６２１１１４２１２[３],2015-11-18,2015-11-23,19,下関,一般,２　１３４５３２１６１２,4196,田中 太一郎,2026-06-12,2026-06-17,19,下関,一般,５５６　５　６６,2026-03-26,2026-03-31,19,下関,一般,３　２６２６６　３　５６,2025-10-11,2025-10-14,19,下関,一般,３４２　６３２,2023-06-03,2023-06-09,19,下関,一般,４　４４２　６４４３３　５,2022-01-17,2022-01-23,19,下関,一般,１６４　５６３　５６,5404,内田 壮,2026-08-11,2026-08-16,19,下関,一般,２　５５４　４３６　６３,2026-05-13,2026-05-18,19,下関,一般,６　６５４　６６５　６６,2026-02-25,2026-03-02,19,下関,ＧⅢ,　　　　　　　　　　５６,2025-11-09,2025-11-14,19,下関,一般,５４５　５　５４６　６６,2025-08-10,2025-08-15,19,下関,一般,６　５６６　６５６　転５,3527,中嶋 誠一郎,2025-10-11,2025-10-14,19,下関,一般,１２３４３３２１,2024-10-30,2024-11-02,19,下関,一般,６５１　２　２４,2024-05-14,2024-05-20,19,下関,ＧⅢ,１　５３４６６　４４１１,2023-11-09,2023-11-14,19,下関,一般,４６１６５　３６６　３５,2023-07-07,2023-07-13,19,下関,一般,６　１３１２４３１５１２[２]
202608211910,2026-08-21,19,10R,4096,石橋 道友,2025-02-21,2025-02-25,19,下関,一般,１３３４５２１４３４,2022-12-01,2022-12-06,19,下関,ＧⅠ,５４３　２４６　４４６,2022-07-28,2022-08-01,19,下関,一般,１３１４F１４　３,2021-05-27,2021-06-02,19,下関,一般,４３４２６　３１４　５４３１,2020-10-08,2020-10-14,19,下関,一般,２４１　１５１１４１４１[２],4128,川口 貴久,2024-07-03,2024-07-07,19,下関,一般,３　エ欠,2021-11-16,2021-11-22,19,下関,一般,４６５３４　３　２１６　６２,2017-07-05,2017-07-10,19,下関,一般,１　２６２　３６３４２２,2016-03-17,2016-03-20,19,下関,一般,４　６６５　５２,2014-09-23,2014-09-28,19,下関,一般,３４１３２４２　１１[１],4957,竹之内 極,2024-11-27,2024-11-30,19,下関,一般,５４４　４１５２,2023-06-03,2023-06-09,19,下関,一般,　　　　　　　　　　　　５５,2023-02-18,2023-02-22,19,下関,一般,５６５３３　１　６４,2020-09-21,2020-09-25,19,下関,一般,６１４　４５４　１５,2019-08-09,2019-08-16,19,下関,一般,５　５６２　４６３　２　４２,3711,江本 真治,2026-06-21,2026-06-24,19,下関,一般,３　３４２２３２,2026-03-14,2026-03-17,19,下関,一般,１１３３１２[５],2026-01-29,2026-02-03,19,下関,ＧⅠ,１　２６２　２４３　６１,2025-12-28,2026-01-02,19,下関,一般,１１４１２　２１２２[６],2025-10-28,2025-11-02,19,下関,ＧⅡ,１　６　１４６　３４４,4016,西川 新太郎,2026-03-19,2026-03-23,19,下関,一般,３４３　５３３　５２,2020-04-13,2020-04-17,19,下関,一般,１　２３２２２２[４],2017-05-26,2017-05-31,19,下関,一般,３　２１５　５３３　６１,2016-07-20,2016-07-24,19,下関,一般,３６４　４４３　４１,2015-09-19,2015-09-24,19,下関,一般,１４４　５６３　４１[４],3896,上田 洋平,2026-02-17,2026-02-22,19,下関,一般,２　２４４１４　３４６４,2022-01-27,2022-01-31,19,下関,一般,３６２,2020-12-25,2020-12-29,19,下関,一般,１　２５４２１５３５,2019-11-16,2019-11-22,19,下関,一般,５４４　４４エ　１　５２５３,2018-09-27,2018-09-30,19,下関,一般,５　４１４４
202608211911,2026-08-21,19,11R,4794,和田 拓也,2025-10-28,2025-11-02,19,下関,ＧⅡ,３６４　３１３　３１４,2024-03-23,2024-03-27,19,下関,一般,２５１１４３１４２２,2023-06-20,2023-06-25,19,下関,一般,４５３４１　３４１　３３,2022-01-09,2022-01-14,19,下関,ＧⅢ,４５３４２　３　１４１６,2021-11-16,2021-11-22,19,下関,一般,５２１　２３１　６１５１[４],3477,近藤 稔也,2026-03-26,2026-03-31,19,下関,一般,２５６　６４３　６　５４,2025-10-11,2025-10-14,19,下関,一般,６５１　６　５４,2024-08-20,2024-08-26,19,下関,一般,６　３５１　６５２６４　４５,2022-12-19,2022-12-25,19,下関,ＧⅢ,４４４　１５６　５　６４,2021-09-08,2021-09-12,19,下関,一般,５６２　４　５３３４,3968,茶谷 信次,2026-01-04,2026-01-07,19,下関,一般,２　３３６４２４,2025-05-29,2025-06-03,19,下関,一般,２２３３１　２３２３４２,2024-07-03,2024-07-07,19,下関,一般,転,2023-06-03,2023-06-09,19,下関,一般,２４３　２５４３６　３１４,2021-11-16,2021-11-22,19,下関,一般,２　４６３４１３４　３５１,4557,松尾 光広,2026-06-12,2026-06-17,19,下関,一般,６　４２妨６５　４　６,2025-11-09,2025-11-14,19,下関,一般,５　３５１　５５６３２５,2025-05-21,2025-05-25,19,下関,一般,５４１　１５４　２３,2024-12-02,2024-12-05,19,下関,一般,４　２２２６１６,2024-01-11,2024-01-16,19,下関,一般,４　３６２４３　２３３,4822,百武 翔,2026-04-29,2026-05-04,19,下関,一般,２５１３１　１４２３４４,2025-09-10,2025-09-16,19,下関,一般,２　６３１２２　２５４２[５],2025-04-26,2025-04-30,19,下関,一般,６　５６１　２５４１,2025-01-21,2025-01-26,19,下関,ＧⅢ,５　６４４　１１２１５４,2024-10-16,2024-10-19,19,下関,一般,３　１３５３４２,3401,上田 隆章,2022-10-16,2022-10-21,19,下関,ＧⅢ,４　２３２２１　１６２４,2020-11-19,2020-11-22,19,下関,一般,２　５３４６２５,2020-09-05,2020-09-11,19,下関,一般,６　１　１４５　２２２１,2020-03-26,2020-04-01,19,下関,一般,２　３５６３６２１４４６１,2019-09-21,2019-09-27,19,下関,ＧⅢ,５　４２４４３３６２５３
202608211912,2026-08-21,19,12R,3257,田頭 実,2026-01-04,2026-01-07,19,下関,一般,６５２３,2024-02-26,2024-03-01,19,下関,一般,１１１　２２４１[１],2023-05-09,2023-05-15,19,下関,一般,２１５　５１５１１２１１[６],2022-11-20,2022-11-24,19,下関,一般,１３３５１２５５６５,2022-10-16,2022-10-21,19,下関,ＧⅢ,１　６２２　３２１３２１,4370,山口 達也,2026-01-29,2026-02-03,19,下関,ＧⅠ,２４１　１６３　４　２１,2023-02-25,2023-03-01,19,下関,一般,３不１,2021-06-14,2021-06-18,19,下関,一般,３　１３３１３３３１,2021-03-15,2021-03-21,19,下関,一般,６３６３１　２４２　１６３６,2020-12-07,2020-12-13,19,下関,一般,１２３３３　１２４１５１[２],4331,三好 勇人,2025-12-18,2025-12-24,19,下関,一般,２６１　２５３　５　３４１５,2025-07-10,2025-07-14,19,下関,一般,４１３　５３１　１１,2025-04-26,2025-04-30,19,下関,一般,３２４５１　４３３１,2023-12-12,2023-12-18,19,下関,一般,３４１　３２４５２４３,2021-09-17,2021-09-21,19,下関,一般,１５１３３２[５],3905,天野 友和,2026-03-26,2026-03-31,19,下関,一般,５２２４２　２１３　４２,2025-09-20,2025-09-24,19,下関,一般,４５４１１　１３２３,2025-05-29,2025-06-03,19,下関,一般,１２２　３３２５４２[４],2024-02-11,2024-02-14,19,下関,一般,５２１　２４１３,2018-09-02,2018-09-05,19,下関,一般,６　落６４　２３,4063,市橋 卓士,2025-01-11,2025-01-16,19,下関,ＧⅠ,６　４　５６４　５４５,2024-07-15,2024-07-19,19,下関,一般,１１３４６　３２[５],2024-05-26,2024-05-29,19,下関,一般,４４２６,2022-07-28,2022-08-01,19,下関,一般,３２２１５１４３３１,2022-03-26,2022-03-31,19,下関,ＧⅠ,１４６　３５１　３５３,4607,鶴田 勇雄,2025-01-31,2025-02-03,19,下関,一般,１５３　５５１２,2024-08-05,2024-08-09,19,下関,一般,４２２　１３５３５２,2024-03-23,2024-03-27,19,下関,一般,２　２６１４３２２５,2024-01-04,2024-01-08,19,下関,一般,３１２２３　１５３５,2023-10-04,2023-10-09,19,下関,ＧⅢ,３　４３３６４４６１２
202608212101,2026-08-21,21,01R,3853,岩崎 正哉,2025-11-01,2025-11-05,21,芦屋,一般,１３３　２５１４３５,2024-12-29,2025-01-03,21,芦屋,一般,３１４　２１２３１２[５],2024-07-14,2024-07-19,21,芦屋,一般,１６４３２　２６３５１６,2024-05-26,2024-05-31,21,芦屋,一般,２１５５５　１３４５１３,2024-03-11,2024-03-17,21,芦屋,一般,１　１３４１２４３１６１[４],3752,宇土 泰就,2026-07-02,2026-07-06,21,芦屋,一般,３　４６６　１６６４,2024-08-10,2024-08-15,21,芦屋,一般,３１６　４５５　６４５,2024-04-19,2024-04-24,21,芦屋,一般,３　４６４１６　５転５,2024-02-15,2024-02-18,21,芦屋,一般,５　３３６５５４,2023-09-07,2023-09-11,21,芦屋,一般,　　　　　　５３３落,4346,前田 健太郎,2026-01-27,2026-02-01,21,芦屋,一般,１　５１３６３１４４５２,2025-08-07,2025-08-11,21,芦屋,一般,３５５６３　５,2025-07-29,2025-08-03,21,芦屋,一般,　　　　　　　　　　６５,2025-05-11,2025-05-16,21,芦屋,一般,５　６５２　２６２　２不,2024-12-29,2025-01-03,21,芦屋,一般,３６５　４１１２２２[６],5244,黒田 剛,2025-08-24,2025-08-27,21,芦屋,一般,４６４　４　４６,2025-06-04,2025-06-08,21,芦屋,一般,４　５５６５６　６５,2024-04-28,2024-05-03,21,芦屋,一般,６５６　６４６　６５５,2023-07-07,2023-07-12,21,芦屋,一般,６２６　６６６　６６６,2023-04-25,2023-04-30,21,芦屋,一般,　　　　　　　　６６６６,5209,小野 京平,2026-04-25,2026-04-30,21,芦屋,一般,６５３　６　３５６　４,2025-12-29,2026-01-03,21,芦屋,一般,６６６　４３５　６　５５,2025-08-16,2025-08-21,21,芦屋,一般,５６２　６６４　６　４５,2025-05-01,2025-05-06,21,芦屋,一般,６６３　６６５　６４６,2024-10-12,2024-10-16,21,芦屋,一般,３　３F６　６　６,5271,杉山 太陽,2024-11-23,2024-11-28,21,芦屋,一般,６　４５５　３５４２６６,2024-08-10,2024-08-15,21,芦屋,一般,５３４　６６６　５　６５,2024-03-30,2024-04-03,21,芦屋,一般,６６５　６　６５６,2023-08-17,2023-08-20,21,芦屋,一般,６　６３６　６６,2023-04-01,2023-04-06,21,芦屋,一般,５５F　６　６　６　６６
202608212102,2026-08-21,21,02R,3158,島川 光男,2026-05-06,2026-05-10,21,芦屋,一般,１１１　２１１３２１,2026-02-21,2026-02-26,21,芦屋,一般,６２３５４　１４３　１１,2025-11-09,2025-11-14,21,芦屋,一般,２　１４６２３２１３６１,2025-07-18,2025-07-23,21,芦屋,一般,２３４４３６１　４５１３,2025-02-22,2025-02-27,21,芦屋,一般,５　１５６４１５２　１１,4145,小澤 学,2026-03-01,2026-03-06,21,芦屋,一般,４５６　２６２　５３２,2025-10-23,2025-10-28,21,芦屋,一般,４４１　３６５　３５５,2025-03-14,2025-03-18,21,芦屋,一般,５３４３３　６４４,2024-09-27,2024-09-30,21,芦屋,一般,５２４　４　５５,2019-06-10,2019-06-15,21,芦屋,一般,３　４６５　３６４　５５,3804,中渡 修作,2026-03-01,2026-03-06,21,芦屋,一般,３　１３３　２６２６１２,2025-08-16,2025-08-21,21,芦屋,一般,６５６　２３１　２４５３,2025-01-23,2025-01-28,21,芦屋,一般,１　２６３　５６２２５３,2024-09-27,2024-09-30,21,芦屋,一般,２６１　４６２５,2024-08-10,2024-08-15,21,芦屋,一般,１　６４６　４２５　２３,3743,林 美憲,2025-10-23,2025-10-28,21,芦屋,一般,２３１３４３６,2025-03-22,2025-03-27,21,芦屋,一般,１　４３１４１２１２[１],2024-09-27,2024-09-30,21,芦屋,一般,１４１４３１[１],2022-10-11,2022-10-16,21,芦屋,一般,１３１２２２１２４１[３],2022-02-16,2022-02-19,21,芦屋,一般,４３２１３３２１,5443,西村 仁吾,2026-02-21,2026-02-26,21,芦屋,一般,６　６６F　６　６　６６,,,,,,,,,,,,,,,,,,,,,,,,,3745,橋本 年光,2026-02-21,2026-02-26,21,芦屋,一般,２　１４４　３３３３４６,2025-08-24,2025-08-27,21,芦屋,一般,３２３　２５,2025-02-04,2025-02-09,21,芦屋,一般,１６２３３５５６,2024-04-19,2024-04-24,21,芦屋,一般,２　１５６　１３１４４エ,2023-07-26,2023-07-31,21,芦屋,一般,３　１１４１１２２２[４]
202608212103,2026-08-21,21,03R,4578,藤山 雅弘,2025-06-04,2025-06-08,21,芦屋,一般,２３４１３　２２[２],2025-03-03,2025-03-08,21,芦屋,一般,３２３　１１１２２１[２],2023-03-20,2023-03-25,21,芦屋,ＧⅢ,２　４３１６６２２４１,2022-04-01,2022-04-05,21,芦屋,一般,３５２　２３２２[３],2020-11-17,2020-11-22,21,芦屋,一般,３４１４３２１２３１[３],3224,栗山 繁洋,2026-06-03,2026-06-08,21,芦屋,一般,４６６　６５５　２　３転,2025-11-18,2025-11-24,21,芦屋,一般,５　２４６　１３６６２　５３,2025-05-11,2025-05-16,21,芦屋,一般,４　６３４　６５６　４３,2025-02-14,2025-02-17,21,芦屋,一般,３５４　１４６４,2024-10-25,2024-10-30,21,芦屋,一般,１３３　４２５　２４４６,4364,池永 太,2026-01-12,2026-01-17,21,芦屋,ＧⅠ,５　１不３　３５６　６６,2025-11-18,2025-11-24,21,芦屋,一般,１１２２１　３２２２３６１４,2025-08-16,2025-08-21,21,芦屋,一般,１６５１１　２２１２[６],2025-04-23,2025-04-27,21,芦屋,一般,３１転,2024-12-29,2025-01-03,21,芦屋,一般,１５３１２１１　３１[３],3566,川添 英正,2026-06-15,2026-06-20,21,芦屋,一般,１　４５５１２５２６１５,2026-04-25,2026-04-30,21,芦屋,一般,２４１　２６２　３６４５,2025-03-14,2025-03-18,21,芦屋,一般,１５３　２５４５２３,2024-07-14,2024-07-19,21,芦屋,一般,４　３２３　５３５２４２,2024-04-19,2024-04-24,21,芦屋,一般,１　２２６５１　２４２３,5055,眞鳥 章太,2025-06-15,2025-06-20,21,芦屋,ＧⅢ,６２４　６２３　２３４,2025-03-31,2025-04-03,21,芦屋,一般,４　１６１４１２,2024-05-26,2024-05-31,21,芦屋,一般,５　３４５　２２４５３１,2023-07-26,2023-07-31,21,芦屋,一般,２３４　F３３　６　５,2023-01-01,2023-01-06,21,芦屋,一般,６　２３５４４　５４６４,3892,草場 康幸,2026-03-01,2026-03-06,21,芦屋,一般,１６妨　３３５　３　３３,2025-12-09,2025-12-13,21,芦屋,一般,６４２１４　２２３,2025-02-04,2025-02-09,21,芦屋,一般,不,2024-03-01,2024-03-06,21,芦屋,一般,１１４　１３６３２４４５,2023-02-09,2023-02-13,21,芦屋,一般,４５５　５１１　２５
202608212104,2026-08-21,21,04R,4958,溝口 海義也,2026-07-02,2026-07-06,21,芦屋,一般,１５３４２１１１[２],2026-02-21,2026-02-26,21,芦屋,一般,３５１６３４６,2025-08-07,2025-08-11,21,芦屋,一般,１　４３１３３,2025-07-29,2025-08-03,21,芦屋,一般,　　　　　　　　　　３２,2024-01-09,2024-01-14,21,芦屋,ＧⅢ,１３２６３１５　１３３２,4180,上野 秀和,2026-05-24,2026-05-28,21,芦屋,一般,６　５４１３６　４３,2026-04-25,2026-04-30,21,芦屋,一般,５６２　４　５５５　６４,2025-12-29,2026-01-03,21,芦屋,一般,１　４５４　５３３４３１,2025-06-04,2025-06-08,21,芦屋,一般,３　４１４３３６４６,2024-08-24,2024-08-29,21,芦屋,一般,５　４１４　３５４２,3602,奥平 拓也,2026-03-26,2026-03-31,21,芦屋,ＧⅢ,６５５　５５６　６　５,2025-06-04,2025-06-08,21,芦屋,一般,２１３６３　３　２４,2024-07-02,2024-07-07,21,芦屋,一般,４２４　５５６　３２３６,2020-02-19,2020-02-23,21,芦屋,一般,１２３　４３４３２１,2016-11-26,2016-11-30,21,芦屋,一般,５　１４６２５５４２,3773,津留 浩一郎,2026-04-16,2026-04-21,21,芦屋,一般,５３４　４４３　２　３２,2025-07-18,2025-07-23,21,芦屋,一般,５１３　１１３　６欠,2025-02-22,2025-02-27,21,芦屋,一般,２　３５４　３６４　２２,2024-10-25,2024-10-30,21,芦屋,一般,６　１２６　欠欠,2023-07-16,2023-07-21,21,芦屋,一般,６　２６６　６１５１３６,3809,吉田 光,2025-08-24,2025-08-27,21,芦屋,一般,３　４３４４４１,2025-01-23,2025-01-28,21,芦屋,一般,１　５３４　１２２２[１],2024-08-24,2024-08-29,21,芦屋,一般,２　５２２２３３１４,2024-06-21,2024-06-26,21,芦屋,一般,３　３３２４４５４６３３,2024-04-19,2024-04-24,21,芦屋,一般,３　２１６　２２４２[６],3872,岡田 憲行,2024-06-21,2024-06-26,21,芦屋,一般,１１２４２５４　１４５４,2024-03-11,2024-03-17,21,芦屋,一般,６６１１１５１５１４２３２２,2023-09-19,2023-09-24,21,芦屋,一般,３　３６２２３２１４４１,2023-03-09,2023-03-14,21,芦屋,一般,２２３１４３３１２５６３,2022-12-25,2022-12-28,21,芦屋,一般,３６１５５１５
202608212105,2026-08-21,21,05R,5158,宮脇 遼太,2025-12-29,2026-01-03,21,芦屋,一般,５１１３３　６３１　４３,2025-12-18,2025-12-23,21,芦屋,一般,４　４５５４１１２３１４,2025-08-30,2025-09-04,21,芦屋,一般,３６２４４２１　１６１３,2025-06-15,2025-06-20,21,芦屋,ＧⅢ,１　１３１　３３２　[４],2024-12-29,2025-01-03,21,芦屋,一般,１６５　３４６　１５３１,3681,山谷 央,2025-11-09,2025-11-14,21,芦屋,一般,５　２２２３３　５４２４,2025-07-29,2025-08-03,21,芦屋,一般,２５３６５２１,2025-04-23,2025-04-27,21,芦屋,一般,５６３　５４２　２５,2024-05-19,2024-05-23,21,芦屋,一般,３　２３３２１４３６,2024-03-11,2024-03-17,21,芦屋,一般,４　１４３５１５４　１４１１,5343,小林 礼央,2024-08-24,2024-08-29,21,芦屋,一般,６　６６６　６６６,,,,,,,,,,,,,,,,,,,,,,,,,4440,萩原 知哉,2026-02-21,2026-02-26,21,芦屋,一般,４　３５３　３５６４１,2025-09-25,2025-09-30,21,芦屋,一般,４５４　６５６　４１６,2025-05-11,2025-05-16,21,芦屋,一般,６４４　４６５　４４１,2024-12-04,2024-12-08,21,芦屋,一般,６３４４１　２５３３,2024-02-15,2024-02-18,21,芦屋,一般,４　エ４５　６,3439,大平 誉史明,2026-03-12,2026-03-17,21,芦屋,一般,１　３３６４５６１　３４,2025-08-07,2025-08-11,21,芦屋,一般,６３６　４４３３,2025-02-04,2025-02-09,21,芦屋,一般,４　２５４　２３６　２,2024-10-12,2024-10-16,21,芦屋,一般,６　１３２２２４２４,2024-06-04,2024-06-09,21,芦屋,ＧⅢ,６５１２６５２　３　５４,4523,中村 辰也,2026-06-03,2026-06-08,21,芦屋,一般,５６５,2026-03-12,2026-03-17,21,芦屋,一般,５１２６１３４　３４２３,2025-11-29,2025-12-04,21,芦屋,一般,５４３　３３３　３６２６,2025-06-04,2025-06-08,21,芦屋,一般,５６１３４　４　２１,2025-02-22,2025-02-27,21,芦屋,一般,５　４３転２４　５　４４
202608212106,2026-08-21,21,06R,3752,宇土 泰就,2026-07-02,2026-07-06,21,芦屋,一般,３　４６６　１６６４,2024-08-10,2024-08-15,21,芦屋,一般,３１６　４５５　６４５,2024-04-19,2024-04-24,21,芦屋,一般,３　４６４１６　５転５,2024-02-15,2024-02-18,21,芦屋,一般,５　３３６５５４,2023-09-07,2023-09-11,21,芦屋,一般,　　　　　　５３３落,3841,佐々木 和伸,2025-02-14,2025-02-17,21,芦屋,一般,３３２２４１[５],2024-12-04,2024-12-08,21,芦屋,一般,３　１３４３１４１３,2022-11-08,2022-11-13,21,芦屋,一般,２４２３２１６転,2021-02-06,2021-02-10,21,芦屋,一般,３１５　２１３２[６],2020-06-12,2020-06-17,21,芦屋,一般,１６２４１５５５２６１５,3617,竹田 広樹,2024-02-15,2024-02-18,21,芦屋,一般,６　６５６　５５,2023-11-18,2023-11-21,21,芦屋,一般,５６４　５２６,2023-03-09,2023-03-14,21,芦屋,一般,４　６２６　４６６　４４,2022-10-20,2022-10-25,21,芦屋,一般,２　２３,2017-10-04,2017-10-09,21,芦屋,一般,２　６６５　６４６　３５,4598,加藤 政彦,2026-01-27,2026-02-01,21,芦屋,一般,５５２　４３４４４　１１,2023-01-10,2023-01-15,21,芦屋,一般,２４２　１転３　３３１６,2021-06-29,2021-07-04,21,芦屋,一般,３　４５１４３　４１３６,2019-09-12,2019-09-17,21,芦屋,一般,６２６５２　３６２　エ欠,2019-07-16,2019-07-21,21,芦屋,ＧⅡ,４　１３沈　４４５　２１,3629,浅見 昌克,2025-07-18,2025-07-23,21,芦屋,一般,３１１３５２１　１２[４],2024-11-16,2024-11-20,21,芦屋,一般,２　１１４４１１[４],2024-09-27,2024-09-30,21,芦屋,一般,３５６６６　３,2021-11-16,2021-11-22,21,芦屋,一般,２１１　３１２３３１１１[５],2020-04-01,2020-04-05,21,芦屋,一般,１　２４２４２５５２,4294,古賀 繁輝,2026-02-21,2026-02-26,21,芦屋,一般,１３４　１１６４１５５３,2024-02-04,2024-02-09,21,芦屋,ＧⅠ,１　４妨,2023-05-05,2023-05-09,21,芦屋,一般,５２３　２６５　３１,2023-02-09,2023-02-13,21,芦屋,一般,３５１２１１２５１４,2022-05-27,2022-06-01,21,芦屋,一般,１２１　２妨６
202608212107,2026-08-21,21,07R,3224,栗山 繁洋,2026-06-03,2026-06-08,21,芦屋,一般,４６６　６５５　２　３転,2025-11-18,2025-11-24,21,芦屋,一般,５　２４６　１３６６２　５３,2025-05-11,2025-05-16,21,芦屋,一般,４　６３４　６５６　４３,2025-02-14,2025-02-17,21,芦屋,一般,３５４　１４６４,2024-10-25,2024-10-30,21,芦屋,一般,１３３　４２５　２４４６,4219,本岡 勝利,2026-02-11,2026-02-16,21,芦屋,一般,４　３４４　６５６４４１,2025-09-10,2025-09-15,21,芦屋,一般,５　５５４　４６５　５２,2025-01-23,2025-01-28,21,芦屋,一般,５５４　２６５　５　４,2023-08-17,2023-08-20,21,芦屋,一般,６　６５４　３５,2023-01-10,2023-01-15,21,芦屋,一般,５５３　３１５　５３３６,5394,福西 広太郎,2026-05-06,2026-05-10,21,芦屋,一般,３　３　４落６６６６,,,,,,,,,,,,,,,,,,,,,,,,,4257,古川 健,2025-11-18,2025-11-24,21,芦屋,一般,４５４　２２４　２４５　５欠,2024-11-16,2024-11-20,21,芦屋,一般,３４６３１　４３５,2024-07-14,2024-07-19,21,芦屋,一般,４　２３２　F３６　５,2024-03-23,2024-03-27,21,芦屋,一般,５５５　４３６　６１,2022-02-16,2022-02-19,21,芦屋,一般,１６４５１　１４,5244,黒田 剛,2025-08-24,2025-08-27,21,芦屋,一般,４６４　４　４６,2025-06-04,2025-06-08,21,芦屋,一般,４　５５６５６　６５,2024-04-28,2024-05-03,21,芦屋,一般,６５６　６４６　６５５,2023-07-07,2023-07-12,21,芦屋,一般,６２６　６６６　６６６,2023-04-25,2023-04-30,21,芦屋,一般,　　　　　　　　６６６６,5443,西村 仁吾,2026-02-21,2026-02-26,21,芦屋,一般,６　６６F　６　６　６６,,,,,,,,,,,,,,,,,,,,,,,,
202608212108,2026-08-21,21,08R,3784,中島 友和,2026-06-15,2026-06-20,21,芦屋,一般,２２６　５４６２１　５２,2026-02-11,2026-02-16,21,芦屋,一般,３６５　２４３４２２３,2025-07-29,2025-08-03,21,芦屋,一般,４３４　５５３４１　５,2025-05-11,2025-05-16,21,芦屋,一般,２２５　３１２　２６３６,2024-07-14,2024-07-19,21,芦屋,一般,３３４　６３３　４３３３,3158,島川 光男,2026-05-06,2026-05-10,21,芦屋,一般,１１１　２１１３２１,2026-02-21,2026-02-26,21,芦屋,一般,６２３５４　１４３　１１,2025-11-09,2025-11-14,21,芦屋,一般,２　１４６２３２１３６１,2025-07-18,2025-07-23,21,芦屋,一般,２３４４３６１　４５１３,2025-02-22,2025-02-27,21,芦屋,一般,５　１５６４１５２　１１,3892,草場 康幸,2026-03-01,2026-03-06,21,芦屋,一般,１６妨　３３５　３　３３,2025-12-09,2025-12-13,21,芦屋,一般,６４２１４　２２３,2025-02-04,2025-02-09,21,芦屋,一般,不,2024-03-01,2024-03-06,21,芦屋,一般,１１４　１３６３２４４５,2023-02-09,2023-02-13,21,芦屋,一般,４５５　５１１　２５,4346,前田 健太郎,2026-01-27,2026-02-01,21,芦屋,一般,１　５１３６３１４４５２,2025-08-07,2025-08-11,21,芦屋,一般,３５５６３　５,2025-07-29,2025-08-03,21,芦屋,一般,　　　　　　　　　　６５,2025-05-11,2025-05-16,21,芦屋,一般,５　６５２　２６２　２不,2024-12-29,2025-01-03,21,芦屋,一般,３６５　４１１２２２[６],3303,渡辺 豊,2026-04-16,2026-04-21,21,芦屋,一般,４　１４６　４５２　４５,2025-10-23,2025-10-28,21,芦屋,一般,４６６　５５６　５　４１,2024-07-25,2024-07-28,21,芦屋,一般,４２４F５　６,2024-03-11,2024-03-17,21,芦屋,一般,２　２３４４１３２５２３[６],2023-09-28,2023-10-03,21,芦屋,一般,２２４　１３１３３５２４,4025,山本 隆幸,2025-07-29,2025-08-03,21,芦屋,一般,１６２１３３１　４２[３],2024-11-16,2024-11-20,21,芦屋,一般,４３１３１　５４１３,2023-12-06,2023-12-11,21,芦屋,ＧⅠ,３　３６５　落欠,2023-02-28,2023-03-05,21,芦屋,ＧⅠ,２　３５５　１３５　１１,2022-01-21,2022-01-26,21,芦屋,ＧⅠ,４　転３６　３６
202608212109,2026-08-21,21,09R,5055,眞鳥 章太,2025-06-15,2025-06-20,21,芦屋,ＧⅢ,６２４　６２３　２３４,2025-03-31,2025-04-03,21,芦屋,一般,４　１６１４１２,2024-05-26,2024-05-31,21,芦屋,一般,５　３４５　２２４５３１,2023-07-26,2023-07-31,21,芦屋,一般,２３４　F３３　６　５,2023-01-01,2023-01-06,21,芦屋,一般,６　２３５４４　５４６４,3808,秋田 健太郎,2026-01-27,2026-02-01,21,芦屋,一般,４３３　５４４　４５４２,2025-07-18,2025-07-23,21,芦屋,一般,６３３　２６２　５６４,2024-11-16,2024-11-20,21,芦屋,一般,３　５６６５５　４１,2024-04-19,2024-04-24,21,芦屋,一般,４　６５５　４５６　６１,2024-02-22,2024-02-26,21,芦屋,一般,５　５３６　６５１１,4543,重木 輝彦,2025-08-30,2025-09-04,21,芦屋,一般,３　３２１２２２３４１４,2024-09-27,2024-09-30,21,芦屋,一般,４６１６５　４６,2024-04-19,2024-04-24,21,芦屋,一般,３３１３４　３２２３２４,2023-10-31,2023-11-05,21,芦屋,一般,１　３３１３３３１１[２],2022-06-28,2022-07-03,21,芦屋,ＧⅡ,５４２　２６５　６５６,4145,小澤 学,2026-03-01,2026-03-06,21,芦屋,一般,４５６　２６２　５３２,2025-10-23,2025-10-28,21,芦屋,一般,４４１　３６５　３５５,2025-03-14,2025-03-18,21,芦屋,一般,５３４３３　６４４,2024-09-27,2024-09-30,21,芦屋,一般,５２４　４　５５,2019-06-10,2019-06-15,21,芦屋,一般,３　４６５　３６４　５５,5384,八戸 琉楓,2025-12-18,2025-12-23,21,芦屋,一般,６　６６５　６５６　４６,2025-03-31,2025-04-03,21,芦屋,一般,６　６６６　６６,,,,,,,,,,,,,,,,,,,4180,上野 秀和,2026-05-24,2026-05-28,21,芦屋,一般,６　５４１３６　４３,2026-04-25,2026-04-30,21,芦屋,一般,５６２　４　５５５　６４,2025-12-29,2026-01-03,21,芦屋,一般,１　４５４　５３３４３１,2025-06-04,2025-06-08,21,芦屋,一般,３　４１４３３６４６,2024-08-24,2024-08-29,21,芦屋,一般,５　４１４　３５４２
202608212110,2026-08-21,21,10R,3251,平石 和男,2025-04-23,2025-04-27,21,芦屋,一般,２　２２３４２２[６],2024-09-05,2024-09-10,21,芦屋,一般,４３３３３４落　３３１,2024-02-22,2024-02-26,21,芦屋,一般,２２６　２４３３４１,2023-06-25,2023-06-30,21,芦屋,一般,１６６　５２１　２２１３,2021-05-12,2021-05-17,21,芦屋,ＧⅢ,３４５　１３１１４４５３,3566,川添 英正,2026-06-15,2026-06-20,21,芦屋,一般,１　４５５１２５２６１５,2026-04-25,2026-04-30,21,芦屋,一般,２４１　２６２　３６４５,2025-03-14,2025-03-18,21,芦屋,一般,１５３　２５４５２３,2024-07-14,2024-07-19,21,芦屋,一般,４　３２３　５３５２４２,2024-04-19,2024-04-24,21,芦屋,一般,１　２２６５１　２４２３,3872,岡田 憲行,2024-06-21,2024-06-26,21,芦屋,一般,１１２４２５４　１４５４,2024-03-11,2024-03-17,21,芦屋,一般,６６１１１５１５１４２３２２,2023-09-19,2023-09-24,21,芦屋,一般,３　３６２２３２１４４１,2023-03-09,2023-03-14,21,芦屋,一般,２２３１４３３１２５６３,2022-12-25,2022-12-28,21,芦屋,一般,３６１５５１５,5209,小野 京平,2026-04-25,2026-04-30,21,芦屋,一般,６５３　６　３５６　４,2025-12-29,2026-01-03,21,芦屋,一般,６６６　４３５　６　５５,2025-08-16,2025-08-21,21,芦屋,一般,５６２　６６４　６　４５,2025-05-01,2025-05-06,21,芦屋,一般,６６３　６６５　６４６,2024-10-12,2024-10-16,21,芦屋,一般,３　３F６　６　６,4294,古賀 繁輝,2026-02-21,2026-02-26,21,芦屋,一般,１３４　１１６４１５５３,2024-02-04,2024-02-09,21,芦屋,ＧⅠ,１　４妨,2023-05-05,2023-05-09,21,芦屋,一般,５２３　２６５　３１,2023-02-09,2023-02-13,21,芦屋,一般,３５１２１１２５１４,2022-05-27,2022-06-01,21,芦屋,一般,１２１　２妨６,3681,山谷 央,2025-11-09,2025-11-14,21,芦屋,一般,５　２２２３３　５４２４,2025-07-29,2025-08-03,21,芦屋,一般,２５３６５２１,2025-04-23,2025-04-27,21,芦屋,一般,５６３　５４２　２５,2024-05-19,2024-05-23,21,芦屋,一般,３　２３３２１４３６,2024-03-11,2024-03-17,21,芦屋,一般,４　１４３５１５４　１４１１
202608212111,2026-08-21,21,11R,3439,大平 誉史明,2026-03-12,2026-03-17,21,芦屋,一般,１　３３６４５６１　３４,2025-08-07,2025-08-11,21,芦屋,一般,６３６　４４３３,2025-02-04,2025-02-09,21,芦屋,一般,４　２５４　２３６　２,2024-10-12,2024-10-16,21,芦屋,一般,６　１３２２２４２４,2024-06-04,2024-06-09,21,芦屋,ＧⅢ,６５１２６５２　３　５４,3773,津留 浩一郎,2026-04-16,2026-04-21,21,芦屋,一般,５３４　４４３　２　３２,2025-07-18,2025-07-23,21,芦屋,一般,５１３　１１３　６欠,2025-02-22,2025-02-27,21,芦屋,一般,２　３５４　３６４　２２,2024-10-25,2024-10-30,21,芦屋,一般,６　１２６　欠欠,2023-07-16,2023-07-21,21,芦屋,一般,６　２６６　６１５１３６,3853,岩崎 正哉,2025-11-01,2025-11-05,21,芦屋,一般,１３３　２５１４３５,2024-12-29,2025-01-03,21,芦屋,一般,３１４　２１２３１２[５],2024-07-14,2024-07-19,21,芦屋,一般,１６４３２　２６３５１６,2024-05-26,2024-05-31,21,芦屋,一般,２１５５５　１３４５１３,2024-03-11,2024-03-17,21,芦屋,一般,１　１３４１２４３１６１[４],3804,中渡 修作,2026-03-01,2026-03-06,21,芦屋,一般,３　１３３　２６２６１２,2025-08-16,2025-08-21,21,芦屋,一般,６５６　２３１　２４５３,2025-01-23,2025-01-28,21,芦屋,一般,１　２６３　５６２２５３,2024-09-27,2024-09-30,21,芦屋,一般,２６１　４６２５,2024-08-10,2024-08-15,21,芦屋,一般,１　６４６　４２５　２３,4364,池永 太,2026-01-12,2026-01-17,21,芦屋,ＧⅠ,５　１不３　３５６　６６,2025-11-18,2025-11-24,21,芦屋,一般,１１２２１　３２２２３６１４,2025-08-16,2025-08-21,21,芦屋,一般,１６５１１　２２１２[６],2025-04-23,2025-04-27,21,芦屋,一般,３１転,2024-12-29,2025-01-03,21,芦屋,一般,１５３１２１１　３１[３],3841,佐々木 和伸,2025-02-14,2025-02-17,21,芦屋,一般,３３２２４１[５],2024-12-04,2024-12-08,21,芦屋,一般,３　１３４３１４１３,2022-11-08,2022-11-13,21,芦屋,一般,２４２３２１６転,2021-02-06,2021-02-10,21,芦屋,一般,３１５　２１３２[６],2020-06-12,2020-06-17,21,芦屋,一般,１６２４１５５５２６１５
202608212112,2026-08-21,21,12R,3743,林 美憲,2025-10-23,2025-10-28,21,芦屋,一般,２３１３４３６,2025-03-22,2025-03-27,21,芦屋,一般,１　４３１４１２１２[１],2024-09-27,2024-09-30,21,芦屋,一般,１４１４３１[１],2022-10-11,2022-10-16,21,芦屋,一般,１３１２２２１２４１[３],2022-02-16,2022-02-19,21,芦屋,一般,４３２１３３２１,4257,古川 健,2025-11-18,2025-11-24,21,芦屋,一般,４５４　２２４　２４５　５欠,2024-11-16,2024-11-20,21,芦屋,一般,３４６３１　４３５,2024-07-14,2024-07-19,21,芦屋,一般,４　２３２　F３６　５,2024-03-23,2024-03-27,21,芦屋,一般,５５５　４３６　６１,2022-02-16,2022-02-19,21,芦屋,一般,１６４５１　１４,4578,藤山 雅弘,2025-06-04,2025-06-08,21,芦屋,一般,２３４１３　２２[２],2025-03-03,2025-03-08,21,芦屋,一般,３２３　１１１２２１[２],2023-03-20,2023-03-25,21,芦屋,ＧⅢ,２　４３１６６２２４１,2022-04-01,2022-04-05,21,芦屋,一般,３５２　２３２２[３],2020-11-17,2020-11-22,21,芦屋,一般,３４１４３２１２３１[３],4025,山本 隆幸,2025-07-29,2025-08-03,21,芦屋,一般,１６２１３３１　４２[３],2024-11-16,2024-11-20,21,芦屋,一般,４３１３１　５４１３,2023-12-06,2023-12-11,21,芦屋,ＧⅠ,３　３６５　落欠,2023-02-28,2023-03-05,21,芦屋,ＧⅠ,２　３５５　１３５　１１,2022-01-21,2022-01-26,21,芦屋,ＧⅠ,４　転３６　３６,4523,中村 辰也,2026-06-03,2026-06-08,21,芦屋,一般,５６５,2026-03-12,2026-03-17,21,芦屋,一般,５１２６１３４　３４２３,2025-11-29,2025-12-04,21,芦屋,一般,５４３　３３３　３６２６,2025-06-04,2025-06-08,21,芦屋,一般,５６１３４　４　２１,2025-02-22,2025-02-27,21,芦屋,一般,５　４３転２４　５　４４,3629,浅見 昌克,2025-07-18,2025-07-23,21,芦屋,一般,３１１３５２１　１２[４],2024-11-16,2024-11-20,21,芦屋,一般,２　１１４４１１[４],2024-09-27,2024-09-30,21,芦屋,一般,３５６６６　３,2021-11-16,2021-11-22,21,芦屋,一般,２１１　３１２３３１１１[５],2020-04-01,2020-04-05,21,芦屋,一般,１　２４２４２５５２
202608212301,2026-08-21,23,01R,4704,河野 大,2026-03-17,2026-03-22,23,からつ,ＧⅡ,４　５１６　２１３　４６,2025-04-10,2025-04-15,23,からつ,一般,３　２２４５２３１３１５,2024-12-20,2024-12-25,23,からつ,ＧⅢ,５２１　２４４１３２[６],2024-08-19,2024-08-23,23,からつ,一般,１　２F３　３　２１,2023-10-26,2023-10-29,23,からつ,一般,３２１５３５３４,3282,池本 輝明,2026-01-14,2026-01-19,23,からつ,一般,３６６　３５５　３　２４,2025-07-25,2025-07-30,23,からつ,ＧⅢ,　　　　　　　　２４３５,2025-02-01,2025-02-06,23,からつ,一般,１５４　５５４４４　４,2024-09-23,2024-09-26,23,からつ,一般,５　５６５３５,2023-04-12,2023-04-16,23,からつ,一般,４　１４４６５　１落,4564,山本 景士郎,2026-05-29,2026-06-02,23,からつ,一般,２　４３５５４５３１,2025-12-20,2025-12-23,23,からつ,一般,３　４２２４３３,2024-12-20,2024-12-25,23,からつ,ＧⅢ,３４５　５　３３６２４３,2024-05-17,2024-05-21,23,からつ,一般,１４５　２５４２１２,2022-03-22,2022-03-27,23,からつ,一般,１４３　１２３２５４３２,3948,大町 利克,2025-12-20,2025-12-23,23,からつ,一般,６　６４２　２１,2025-09-14,2025-09-18,23,からつ,一般,２１３　４５６６３６,2024-10-19,2024-10-24,23,からつ,一般,４５５　５　２５４６６,2023-12-24,2023-12-29,23,からつ,一般,６　４２５５１５６　３２,2022-07-29,2022-08-03,23,からつ,ＧⅢ,６４４　３６３３３６１,4952,吉武 真也,2026-04-23,2026-04-28,23,からつ,一般,６４６　５　４１２４５,2024-09-30,2024-10-05,23,からつ,一般,５６５　２　６F６　６,2024-02-07,2024-02-10,23,からつ,一般,４　３４３　６１,2023-10-26,2023-10-29,23,からつ,一般,２４３　６３５１,2023-03-26,2023-03-31,23,からつ,一般,１,4723,寺島 吉彦,2025-05-08,2025-05-11,23,からつ,一般,２３３５３６１５,2024-04-17,2024-04-21,23,からつ,一般,６　３１２６６３２１,2023-12-24,2023-12-29,23,からつ,一般,１４２　１６３　５３[６],2021-09-06,2021-09-11,23,からつ,一般,２　３６２　４６２　６４,2019-09-04,2019-09-08,23,からつ,一般,１６２　３４６４３４
202608212302,2026-08-21,23,02R,4148,枝尾 賢,2025-09-14,2025-09-18,23,からつ,一般,４６２５１　４１２５,2024-03-26,2024-03-31,23,からつ,ＧⅠ,５２１　　　２４２５５,2023-09-25,2023-09-30,23,からつ,ＧⅠ,３　５５６　３　５２５,2023-03-05,2023-03-08,23,からつ,一般,１５１２２２[３],2022-10-08,2022-10-13,23,からつ,一般,２４５　１２４１４３１１,3822,平尾 崇典,2025-03-16,2025-03-21,23,からつ,一般,１３１１３　５１４２[６],2024-10-19,2024-10-24,23,からつ,一般,１１２１３　１２３３１２,2022-03-01,2022-03-06,23,からつ,ＧⅠ,２２２　３　５５１４２,2021-10-06,2021-10-11,23,からつ,一般,２５４１２　３２３６,2021-01-31,2021-02-06,23,からつ,一般,３１４　２３１５３４３２,4232,笠 雅雄,2025-12-27,2026-01-01,23,からつ,一般,３５６　３　５４６５,2025-05-08,2025-05-11,23,からつ,一般,５２１　４１[６],2025-03-16,2025-03-21,23,からつ,一般,３５３　４　５５１　６３,2024-11-30,2024-12-06,23,からつ,一般,５２６　１　２５５　５１１６,2020-09-23,2020-09-28,23,からつ,一般,４　４３４　５５５５４,4803,飯田 庄吾,2026-05-01,2026-05-06,23,からつ,一般,４　５５６５６　４１５,2021-02-20,2021-02-26,23,からつ,一般,５　５３６　６５４５４　４３,2020-08-11,2020-08-16,23,からつ,一般,５４４５５　３５６　転,2020-04-25,2020-04-30,23,からつ,一般,５　３４４６６５４　４１,2019-05-01,2019-05-06,23,からつ,一般,１３５６６　５２５　４,3929,杢野 誓良,2021-11-27,2021-12-02,23,からつ,一般,５１１　１３５５５４４３,2020-11-27,2020-12-02,23,からつ,ＧⅢ,５４５　４４３６６　５,2020-05-13,2020-05-18,23,からつ,一般,４　４６５６５　５６３,2020-02-28,2020-03-04,23,からつ,一般,４６５　３４５　４１２,2019-12-01,2019-12-05,23,からつ,一般,２６６　５６３　６,3831,安藤 裕貴,2026-02-23,2026-02-28,23,からつ,一般,２３４　５６２　３１３４,2020-05-13,2020-05-18,23,からつ,一般,２４３　５１６　３１６４,2019-10-04,2019-10-09,23,からつ,一般,３４４　１６５　３　４３,2019-02-03,2019-02-09,23,からつ,一般,３２１　４　４６４６６２３５,2013-04-16,2013-04-21,23,からつ,一般,４１５　６３５　３３４
202608212303,2026-08-21,23,03R,4842,山下 昂大,2025-06-14,2025-06-17,23,からつ,一般,３　１５２　１１,2025-03-16,2025-03-21,23,からつ,一般,３　２３４２４３２６２６,2023-07-11,2023-07-16,23,からつ,ＧⅡ,２３３　３５３　エ４２,2022-11-25,2022-11-30,23,からつ,一般,４６２　２１４　３５１４,2022-01-20,2022-01-25,23,からつ,一般,４５１　２４５　１　４４,5105,富田 恕生,2026-04-23,2026-04-28,23,からつ,一般,２　１５４１２５３３５５,2024-06-15,2024-06-20,23,からつ,ＧⅢ,５　３５３　５６２５６,2023-07-22,2023-07-27,23,からつ,一般,２　２５５１６　５２５１,2022-09-29,2022-10-04,23,からつ,一般,６　４５５　３６６５５,2021-10-06,2021-10-11,23,からつ,一般,３　落６６　５６６　６５,4762,藤原 啓史朗,2023-10-26,2023-10-29,23,からつ,一般,３２３１３２[２],2022-12-13,2022-12-16,23,からつ,一般,１６２１１２[２],2021-01-06,2021-01-11,23,からつ,一般,３５３　１５１２２５５２,2020-07-06,2020-07-11,23,からつ,一般,１落２　４３１２１２[５],2019-04-13,2019-04-18,23,からつ,一般,２転１１４　１２５１[４],5135,仲 航太,2025-01-19,2025-01-24,23,からつ,一般,３１３　３　５転５　５３,2023-07-22,2023-07-27,23,からつ,一般,５　３４４６３　６６２,2022-09-15,2022-09-22,23,からつ,一般,４　３３６　５４３　３６,,,,,,,,,,,,,3577,向所 浩二,2026-01-22,2026-01-26,23,からつ,一般,５３５　転欠,2025-09-21,2025-09-26,23,からつ,一般,２３３　６　４４１　５６,2024-09-23,2024-09-26,23,からつ,一般,３２１　３５１３,2024-07-04,2024-07-09,23,からつ,一般,１６３　１２１５１６２５,2024-01-31,2024-02-04,23,からつ,一般,６１６１５　F　５,5469,今泉 博人,2026-07-10,2026-07-15,23,からつ,一般,５　５６６　６６６６４,2026-05-10,2026-05-14,23,からつ,一般,５　５　６６５５６６,,,,,,,,,,,,,,,,,,
202608212304,2026-08-21,23,04R,4409,坂元 浩仁,2025-08-02,2025-08-06,23,からつ,一般,１４１４４　２６３３,2025-05-19,2025-05-24,23,からつ,一般,１３２６６５２　２５１３,2023-10-04,2023-10-08,23,からつ,一般,１６２１４　３２[５],2023-05-09,2023-05-14,23,からつ,一般,３　４１５１２２３３４６,2019-11-22,2019-11-27,23,からつ,一般,５３６　１４５　１　２２,4293,鈴木 智啓,2023-10-26,2023-10-29,23,からつ,一般,２　６３２４２２,2022-05-10,2022-05-15,23,からつ,一般,３３６　２３４　２５２３,2018-06-26,2018-07-01,23,からつ,一般,転　４６３　３４６５６,2016-06-26,2016-07-01,23,からつ,一般,５２１　２３２　５３３４,2014-10-29,2014-11-02,23,からつ,一般,４４３　４２４　１２,4812,西野 雄貴,2025-12-14,2025-12-17,23,からつ,一般,４３２４１６３６,2025-07-16,2025-07-20,23,からつ,一般,２　１２１４２２[４],2025-03-06,2025-03-09,23,からつ,一般,１２２３４３２３,2023-09-25,2023-09-30,23,からつ,ＧⅠ,２　６１２　６　１３２６,2023-07-11,2023-07-16,23,からつ,ＧⅡ,２１５　２２１　１　[４],4367,山口 修路,2025-06-14,2025-06-17,23,からつ,一般,１　６２４　４４,2022-06-10,2022-06-14,23,からつ,一般,２　６３２２３３３２,2021-03-13,2021-03-18,23,からつ,一般,４２４５６,2021-01-15,2021-01-18,23,からつ,一般,３４１４４６１５,2020-08-20,2020-08-24,23,からつ,一般,４　３３２４５　２４,4905,土井 祥伍,2026-07-21,2026-07-26,23,からつ,一般,４３５　５　５２３６２,2025-02-10,2025-02-13,23,からつ,一般,２　２５２６５６,2019-10-26,2019-10-30,23,からつ,一般,５４６４１　６６５,2019-04-13,2019-04-18,23,からつ,一般,４　６４３　妨４,2019-03-22,2019-03-26,23,からつ,一般,６　２５５６５　５４,4441,末永 由楽,2025-06-14,2025-06-17,23,からつ,一般,１５１１５　[２],2024-12-10,2024-12-15,23,からつ,一般,３４４２３　１４５３５１,2023-04-05,2023-04-09,23,からつ,一般,１２２１１　２１[１],2022-06-10,2022-06-14,23,からつ,一般,１６１　１４５５３３,2022-04-03,2022-04-07,23,からつ,一般,６　４５４２４３１
202608212305,2026-08-21,23,05R,5104,山田 丈,2025-01-19,2025-01-24,23,からつ,一般,５　１１,2024-12-10,2024-12-15,23,からつ,一般,６　６５２３３４４　４３,2022-12-13,2022-12-16,23,からつ,一般,転５２　５１６,2022-06-02,2022-06-06,23,からつ,一般,６５２６３　２５２３,2022-04-14,2022-04-19,23,からつ,一般,６５３　５　６３２３４５,4910,中村 泰平,2026-01-22,2026-01-26,23,からつ,一般,２２４　１１１１[２],2025-08-19,2025-08-24,23,からつ,一般,２４１　１５２２６１[３],2025-02-01,2025-02-06,23,からつ,一般,２　２４１１３１２１[２],2021-10-21,2021-10-26,23,からつ,一般,１４５２３　１２５４１５,2021-08-21,2021-08-24,23,からつ,一般,４２３４１欠,3948,大町 利克,2025-12-20,2025-12-23,23,からつ,一般,６　６４２　２１,2025-09-14,2025-09-18,23,からつ,一般,２１３　４５６６３６,2024-10-19,2024-10-24,23,からつ,一般,４５５　５　２５４６６,2023-12-24,2023-12-29,23,からつ,一般,６　４２５５１５６　３２,2022-07-29,2022-08-03,23,からつ,ＧⅢ,６４４　３６３３３６１,5002,上田 健太,2025-09-05,2025-09-10,23,からつ,一般,１３５１１　２１３F,2024-02-27,2024-03-04,23,からつ,一般,２４６４５　６４,2022-09-29,2022-10-04,23,からつ,一般,２　２５１１４４３６２４,2022-02-20,2022-02-25,23,からつ,一般,３３５　６５３５１　１１,2020-04-16,2020-04-21,23,からつ,一般,４５１　４２２　２４４２,3690,河合 三弘,2026-04-17,2026-04-20,23,からつ,一般,２　３４２２[５],2025-08-19,2025-08-24,23,からつ,一般,１３３　６　４４４２２１,2024-09-30,2024-10-05,23,からつ,一般,２　４２４３６　４４２６,2015-01-23,2015-01-28,23,からつ,一般,３１３　３５５　５　２５,2012-03-27,2012-03-31,23,からつ,一般,４４６　２３３１５５,4375,照屋 厚仁,2025-06-21,2025-06-25,23,からつ,一般,１２３　５６３５５６,2024-11-20,2024-11-25,23,からつ,一般,２１１１６　５２４６１６,2024-01-13,2024-01-17,23,からつ,一般,２３１２５　６３３２,2023-10-15,2023-10-20,23,からつ,一般,１３２５１　４　５３２,2023-04-12,2023-04-16,23,からつ,一般,２　５２
202608212306,2026-08-21,23,06R,3226,浦田 信義,2026-02-15,2026-02-19,23,からつ,一般,５　２５６３２４４,2024-12-10,2024-12-15,23,からつ,一般,２　１３３４４３４４５３,2024-07-13,2024-07-16,23,からつ,一般,３　５５１　４４,2022-10-19,2022-10-24,23,からつ,ＧⅢ,２６４　２　４４４３２４,2021-12-09,2021-12-14,23,からつ,ＧⅢ,３６５１６　５　５２２,4949,横田 貴満,2026-03-17,2026-03-22,23,からつ,ＧⅡ,２３２　４６４　３３６,2026-01-30,2026-02-04,23,からつ,ＧⅠ,５４３　３　転５５　６３,2025-12-27,2026-01-01,23,からつ,一般,３３３　５１４６２６４４,2025-09-14,2025-09-18,23,からつ,一般,５エ３１５　３２３１,2025-08-10,2025-08-15,23,からつ,一般,１６１４３　６４４　１３,5273,,,,,,,,,,,,,,,,,,,,,,,,,,,,,,,,4430,永田 秀二,2026-05-22,2026-05-26,23,からつ,一般,４２３　６６２　２３,2022-09-15,2022-09-22,23,からつ,一般,５１３　２３２５２６２３,2018-03-20,2018-03-24,23,からつ,一般,４３５　１３３　１４,2016-04-22,2016-04-27,23,からつ,一般,４３２　４２５４４６３,2014-07-08,2014-07-14,23,からつ,一般,６５１３１　２３１３２１,4723,寺島 吉彦,2025-05-08,2025-05-11,23,からつ,一般,２３３５３６１５,2024-04-17,2024-04-21,23,からつ,一般,６　３１２６６３２１,2023-12-24,2023-12-29,23,からつ,一般,１４２　１６３　５３[６],2021-09-06,2021-09-11,23,からつ,一般,２　３６２　４６２　６４,2019-09-04,2019-09-08,23,からつ,一般,１６２　３４６４３４,5036,福田 翔吾,2026-01-22,2026-01-26,23,からつ,一般,１６５　２２２３２２,2025-03-16,2025-03-21,23,からつ,一般,３　５５１３６　４４５１,2024-01-13,2024-01-17,23,からつ,一般,３　３１６５５　２６,2022-09-29,2022-10-04,23,からつ,一般,２６４　２２５　５　４５,2019-04-13,2019-04-18,23,からつ,一般,６　６　６６６６５　６５
202608212307,2026-08-21,23,07R,3687,花田 和明,2025-03-06,2025-03-09,23,からつ,一般,４４１　１６５２,2024-01-23,2024-01-26,23,からつ,一般,２３６　４３３１,2018-06-26,2018-07-01,23,からつ,一般,３　１４２２５　４エ,2017-06-01,2017-06-06,23,からつ,ＧⅢ,４　５４３４２４５　２４,2016-11-15,2016-11-20,23,からつ,ＧⅢ,２　３４３５６　１　５１,4610,佐藤 大佑,2026-01-14,2026-01-19,23,からつ,一般,２２１　２　２２５１[２],2020-04-16,2020-04-21,23,からつ,一般,１　１１２３６４２２[６],2019-05-27,2019-06-01,23,からつ,一般,１　２３１４２６２４５３,2018-10-04,2018-10-09,23,からつ,一般,４４４　転１１　F１,2018-04-03,2018-04-08,23,からつ,ＧⅠ,　　　　　　５４４４F,3929,杢野 誓良,2021-11-27,2021-12-02,23,からつ,一般,５１１　１３５５５４４３,2020-11-27,2020-12-02,23,からつ,ＧⅢ,５４５　４４３６６　５,2020-05-13,2020-05-18,23,からつ,一般,４　４６５６５　５６３,2020-02-28,2020-03-04,23,からつ,一般,４６５　３４５　４１２,2019-12-01,2019-12-05,23,からつ,一般,２６６　５６３　６,3523,寳田 亮治,2026-05-22,2026-05-26,23,からつ,一般,３　３１５６エ　６,2026-01-14,2026-01-19,23,からつ,一般,３３５　欠,2025-08-02,2025-08-06,23,からつ,一般,３　４５３４３　４,2025-04-29,2025-05-04,23,からつ,一般,２　５２４　２３２４２６,2024-12-10,2024-12-15,23,からつ,一般,４６３２３　１２２　１,5469,今泉 博人,2026-07-10,2026-07-15,23,からつ,一般,５　５６６　６６６６４,2026-05-10,2026-05-14,23,からつ,一般,５　５　６６５５６６,,,,,,,,,,,,,,,,,,,4925,森 悠稀,2026-04-17,2026-04-20,23,からつ,一般,１２３５１３１２,2024-10-19,2024-10-24,23,からつ,一般,４　３５２５１　２　３２,2023-10-15,2023-10-20,23,からつ,一般,４４２２３　５　２４２１,2023-01-22,2023-01-27,23,からつ,一般,３２２　５１４　１６３５,2022-05-10,2022-05-15,23,からつ,一般,５６４　５５３３５　６６
202608212308,2026-08-21,23,08R,4232,笠 雅雄,2025-12-27,2026-01-01,23,からつ,一般,３５６　３　５４６５,2025-05-08,2025-05-11,23,からつ,一般,５２１　４１[６],2025-03-16,2025-03-21,23,からつ,一般,３５３　４　５５１　６３,2024-11-30,2024-12-06,23,からつ,一般,５２６　１　２５５　５１１６,2020-09-23,2020-09-28,23,からつ,一般,４　４３４　５５５５４,4952,吉武 真也,2026-04-23,2026-04-28,23,からつ,一般,６４６　５　４１２４５,2024-09-30,2024-10-05,23,からつ,一般,５６５　２　６F６　６,2024-02-07,2024-02-10,23,からつ,一般,４　３４３　６１,2023-10-26,2023-10-29,23,からつ,一般,２４３　６３５１,2023-03-26,2023-03-31,23,からつ,一般,１,4367,山口 修路,2025-06-14,2025-06-17,23,からつ,一般,１　６２４　４４,2022-06-10,2022-06-14,23,からつ,一般,２　６３２２３３３２,2021-03-13,2021-03-18,23,からつ,一般,４２４５６,2021-01-15,2021-01-18,23,からつ,一般,３４１４４６１５,2020-08-20,2020-08-24,23,からつ,一般,４　３３２４５　２４,3577,向所 浩二,2026-01-22,2026-01-26,23,からつ,一般,５３５　転欠,2025-09-21,2025-09-26,23,からつ,一般,２３３　６　４４１　５６,2024-09-23,2024-09-26,23,からつ,一般,３２１　３５１３,2024-07-04,2024-07-09,23,からつ,一般,１６３　１２１５１６２５,2024-01-31,2024-02-04,23,からつ,一般,６１６１５　F　５,4624,高田 明,2026-06-09,2026-06-14,23,からつ,一般,４５１　２２１３３４２５,2026-05-01,2026-05-06,23,からつ,一般,１　２４３１５３１F３,2025-09-21,2025-09-26,23,からつ,一般,１２３　１６１１３３２１,2025-08-02,2025-08-06,23,からつ,一般,１　３６２２１３３１,2025-05-27,2025-05-31,23,からつ,一般,１１２　１３５２[６],5429,吉川 颯汰,2026-05-10,2026-05-14,23,からつ,一般,６５６　６　６６６６,2026-03-06,2026-03-09,23,からつ,一般,６６６　６６６,2025-12-27,2026-01-01,23,からつ,一般,６　６６６　６５６　６,,,,,,,,,,,,
202608212309,2026-08-21,23,09R,5002,上田 健太,2025-09-05,2025-09-10,23,からつ,一般,１３５１１　２１３F,2024-02-27,2024-03-04,23,からつ,一般,２４６４５　６４,2022-09-29,2022-10-04,23,からつ,一般,２　２５１１４４３６２４,2022-02-20,2022-02-25,23,からつ,一般,３３５　６５３５１　１１,2020-04-16,2020-04-21,23,からつ,一般,４５１　４２２　２４４２,4148,枝尾 賢,2025-09-14,2025-09-18,23,からつ,一般,４６２５１　４１２５,2024-03-26,2024-03-31,23,からつ,ＧⅠ,５２１　　　２４２５５,2023-09-25,2023-09-30,23,からつ,ＧⅠ,３　５５６　３　５２５,2023-03-05,2023-03-08,23,からつ,一般,１５１２２２[３],2022-10-08,2022-10-13,23,からつ,一般,２４５　１２４１４３１１,4905,土井 祥伍,2026-07-21,2026-07-26,23,からつ,一般,４３５　５　５２３６２,2025-02-10,2025-02-13,23,からつ,一般,２　２５２６５６,2019-10-26,2019-10-30,23,からつ,一般,５４６４１　６６５,2019-04-13,2019-04-18,23,からつ,一般,４　６４３　妨４,2019-03-22,2019-03-26,23,からつ,一般,６　２５５６５　５４,4864,小川 日紀太,2025-08-10,2025-08-15,23,からつ,一般,５　６６４,2025-05-27,2025-05-31,23,からつ,一般,１５４　５６２　５３,2024-12-10,2024-12-15,23,からつ,一般,１４６　３６５２３　２６,2024-09-30,2024-10-05,23,からつ,一般,６６１　３１６　３３４５,2024-01-13,2024-01-17,23,からつ,一般,１４５　６６F　６,4762,藤原 啓史朗,2023-10-26,2023-10-29,23,からつ,一般,３２３１３２[２],2022-12-13,2022-12-16,23,からつ,一般,１６２１１２[２],2021-01-06,2021-01-11,23,からつ,一般,３５３　１５１２２５５２,2020-07-06,2020-07-11,23,からつ,一般,１落２　４３１２１２[５],2019-04-13,2019-04-18,23,からつ,一般,２転１１４　１２５１[４],3459,中野 和裕,2026-05-01,2026-05-06,23,からつ,一般,５　５４４２５　６　４６,2026-01-22,2026-01-26,23,からつ,一般,４５５　F欠,2025-12-27,2026-01-01,23,からつ,一般,５　３５６　５３４　２５,2025-07-25,2025-07-30,23,からつ,ＧⅢ,５　６３６６６６２　４６,2025-05-08,2025-05-11,23,からつ,一般,４　５５１　２１
202608212310,2026-08-21,23,10R,4949,横田 貴満,2026-03-17,2026-03-22,23,からつ,ＧⅡ,２３２　４６４　３３６,2026-01-30,2026-02-04,23,からつ,ＧⅠ,５４３　３　転５５　６３,2025-12-27,2026-01-01,23,からつ,一般,３３３　５１４６２６４４,2025-09-14,2025-09-18,23,からつ,一般,５エ３１５　３２３１,2025-08-10,2025-08-15,23,からつ,一般,１６１４３　６４４　１３,3690,河合 三弘,2026-04-17,2026-04-20,23,からつ,一般,２　３４２２[５],2025-08-19,2025-08-24,23,からつ,一般,１３３　６　４４４２２１,2024-09-30,2024-10-05,23,からつ,一般,２　４２４３６　４４２６,2015-01-23,2015-01-28,23,からつ,一般,３１３　３５５　５　２５,2012-03-27,2012-03-31,23,からつ,一般,４４６　２３３１５５,3822,平尾 崇典,2025-03-16,2025-03-21,23,からつ,一般,１３１１３　５１４２[６],2024-10-19,2024-10-24,23,からつ,一般,１１２１３　１２３３１２,2022-03-01,2022-03-06,23,からつ,ＧⅠ,２２２　３　５５１４２,2021-10-06,2021-10-11,23,からつ,一般,２５４１２　３２３６,2021-01-31,2021-02-06,23,からつ,一般,３１４　２３１５３４３２,4842,山下 昂大,2025-06-14,2025-06-17,23,からつ,一般,３　１５２　１１,2025-03-16,2025-03-21,23,からつ,一般,３　２３４２４３２６２６,2023-07-11,2023-07-16,23,からつ,ＧⅡ,２３３　３５３　エ４２,2022-11-25,2022-11-30,23,からつ,一般,４６２　２１４　３５１４,2022-01-20,2022-01-25,23,からつ,一般,４５１　２４５　１　４４,4409,坂元 浩仁,2025-08-02,2025-08-06,23,からつ,一般,１４１４４　２６３３,2025-05-19,2025-05-24,23,からつ,一般,１３２６６５２　２５１３,2023-10-04,2023-10-08,23,からつ,一般,１６２１４　３２[５],2023-05-09,2023-05-14,23,からつ,一般,３　４１５１２２３３４６,2019-11-22,2019-11-27,23,からつ,一般,５３６　１４５　１　２２,4564,山本 景士郎,2026-05-29,2026-06-02,23,からつ,一般,２　４３５５４５３１,2025-12-20,2025-12-23,23,からつ,一般,３　４２２４３３,2024-12-20,2024-12-25,23,からつ,ＧⅢ,３４５　５　３３６２４３,2024-05-17,2024-05-21,23,からつ,一般,１４５　２５４２１２,2022-03-22,2022-03-27,23,からつ,一般,１４３　１２３２５４３２
202608212311,2026-08-21,23,11R,4910,中村 泰平,2026-01-22,2026-01-26,23,からつ,一般,２２４　１１１１[２],2025-08-19,2025-08-24,23,からつ,一般,２４１　１５２２６１[３],2025-02-01,2025-02-06,23,からつ,一般,２　２４１１３１２１[２],2021-10-21,2021-10-26,23,からつ,一般,１４５２３　１２５４１５,2021-08-21,2021-08-24,23,からつ,一般,４２３４１欠,5135,仲 航太,2025-01-19,2025-01-24,23,からつ,一般,３１３　３　５転５　５３,2023-07-22,2023-07-27,23,からつ,一般,５　３４４６３　６６２,2022-09-15,2022-09-22,23,からつ,一般,４　３３６　５４３　３６,,,,,,,,,,,,,4925,森 悠稀,2026-04-17,2026-04-20,23,からつ,一般,１２３５１３１２,2024-10-19,2024-10-24,23,からつ,一般,４　３５２５１　２　３２,2023-10-15,2023-10-20,23,からつ,一般,４４２２３　５　２４２１,2023-01-22,2023-01-27,23,からつ,一般,３２２　５１４　１６３５,2022-05-10,2022-05-15,23,からつ,一般,５６４　５５３３５　６６,4812,西野 雄貴,2025-12-14,2025-12-17,23,からつ,一般,４３２４１６３６,2025-07-16,2025-07-20,23,からつ,一般,２　１２１４２２[４],2025-03-06,2025-03-09,23,からつ,一般,１２２３４３２３,2023-09-25,2023-09-30,23,からつ,ＧⅠ,２　６１２　６　１３２６,2023-07-11,2023-07-16,23,からつ,ＧⅡ,２１５　２２１　１　[４],5273,,,,,,,,,,,,,,,,,,,,,,,,,,,,,,,,4402,乙藤 智史,2025-09-14,2025-09-18,23,からつ,一般,１５１　６６,2024-05-17,2024-05-21,23,からつ,一般,５　３１３６１４２４,2023-06-11,2023-06-14,23,からつ,一般,２２６　６６２６,2023-03-17,2023-03-21,23,からつ,一般,１３１　１２２１[１],2022-10-19,2022-10-24,23,からつ,ＧⅢ,３　１６６３５４６　６
202608212312,2026-08-21,23,12R,4624,高田 明,2026-06-09,2026-06-14,23,からつ,一般,４５１　２２１３３４２５,2026-05-01,2026-05-06,23,からつ,一般,１　２４３１５３１F３,2025-09-21,2025-09-26,23,からつ,一般,１２３　１６１１３３２１,2025-08-02,2025-08-06,23,からつ,一般,１　３６２２１３３１,2025-05-27,2025-05-31,23,からつ,一般,１１２　１３５２[６],4375,照屋 厚仁,2025-06-21,2025-06-25,23,からつ,一般,１２３　５６３５５６,2024-11-20,2024-11-25,23,からつ,一般,２１１１６　５２４６１６,2024-01-13,2024-01-17,23,からつ,一般,２３１２５　６３３２,2023-10-15,2023-10-20,23,からつ,一般,１３２５１　４　５３２,2023-04-12,2023-04-16,23,からつ,一般,２　５２,4704,河野 大,2026-03-17,2026-03-22,23,からつ,ＧⅡ,４　５１６　２１３　４６,2025-04-10,2025-04-15,23,からつ,一般,３　２２４５２３１３１５,2024-12-20,2024-12-25,23,からつ,ＧⅢ,５２１　２４４１３２[６],2024-08-19,2024-08-23,23,からつ,一般,１　２F３　３　２１,2023-10-26,2023-10-29,23,からつ,一般,３２１５３５３４,4441,末永 由楽,2025-06-14,2025-06-17,23,からつ,一般,１５１１５　[２],2024-12-10,2024-12-15,23,からつ,一般,３４４２３　１４５３５１,2023-04-05,2023-04-09,23,からつ,一般,１２２１１　２１[１],2022-06-10,2022-06-14,23,からつ,一般,１６１　１４５５３３,2022-04-03,2022-04-07,23,からつ,一般,６　４５４２４３１,4610,佐藤 大佑,2026-01-14,2026-01-19,23,からつ,一般,２２１　２　２２５１[２],2020-04-16,2020-04-21,23,からつ,一般,１　１１２３６４２２[６],2019-05-27,2019-06-01,23,からつ,一般,１　２３１４２６２４５３,2018-10-04,2018-10-09,23,からつ,一般,４４４　転１１　F１,2018-04-03,2018-04-08,23,からつ,ＧⅠ,　　　　　　５４４４F,4430,永田 秀二,2026-05-22,2026-05-26,23,からつ,一般,４２３　６６２　２３,2022-09-15,2022-09-22,23,からつ,一般,５１３　２３２５２６２３,2018-03-20,2018-03-24,23,からつ,一般,４３５　１３３　１４,2016-04-22,2016-04-27,23,からつ,一般,４３２　４２５４４６３,2014-07-08,2014-07-14,23,からつ,一般,６５１３１　２３１３２１
202608212401,2026-08-21,24,01R,4515,藤田 浩人,2026-03-28,2026-04-02,24,大村,一般,２　２４１　１３１３３１,2025-10-20,2025-10-24,24,大村,一般,１　５５１４１５２,2025-04-28,2025-05-03,24,大村,一般,４　３３１３１１１３４１,2025-01-07,2025-01-10,24,大村,一般,４　４２１　２６,2024-02-14,2024-02-20,24,大村,一般,２　１３１　４６３２５５２４,4527,高野 心吾,2026-06-06,2026-06-10,24,大村,一般,１　３２１５４２[４],2024-08-19,2024-08-25,24,大村,一般,３　５４３　６６６　５　６,2023-12-25,2023-12-30,24,大村,一般,４６３　４５１　５　５２,2021-01-26,2021-01-31,24,大村,ＧⅢ,５４６　６６３　５　６２,2019-06-21,2019-06-25,24,大村,一般,４　６５６　５　４３,4315,山崎 昂介,2026-07-28,2026-07-31,24,大村,一般,６　１３３４２１,2026-06-06,2026-06-10,24,大村,一般,４　６２４　２６３６,2026-05-07,2026-05-11,24,大村,一般,３４４２１　２１[４],2026-01-03,2026-01-08,24,大村,一般,５　４１５　４５６４２５,2025-08-05,2025-08-09,24,大村,一般,１　４４２１４３３３,3542,清水 紀克,2013-01-18,2013-01-21,24,大村,一般,５６２３５　５６,2012-09-19,2012-09-24,24,大村,一般,６　５６４　３２３　１,2012-05-26,2012-05-30,24,大村,一般,４　３３６３転　５２,2011-07-27,2011-07-31,24,大村,一般,５１６　５３３　４２,2010-05-30,2010-06-03,24,大村,一般,６６２　６４３　１２,4892,柴田 直哉,2025-12-03,2025-12-06,24,大村,一般,１５転　３３５,2025-03-20,2025-03-23,24,大村,一般,３５２　３５２,2024-11-15,2024-11-18,24,大村,一般,２５２　４２５,2023-12-25,2023-12-30,24,大村,一般,４　２３４　１５３５１４,2022-08-17,2022-08-20,24,大村,一般,４２３２３４１４,4506,稗田 聖也,2025-02-28,2025-03-03,24,大村,一般,１５１　１２[５],2020-11-09,2020-11-12,24,大村,一般,５５１６１２３３,2020-02-27,2020-03-04,24,大村,一般,３　６４１２６　４６２６１,2018-12-30,2019-01-04,24,大村,一般,５　２４４　５　２１５,2018-06-06,2018-06-11,24,大村,一般,２３４　６４２　６　３２
202608212402,2026-08-21,24,02R,3340,池田 雷太,2024-07-03,2024-07-06,24,大村,一般,４６５　５５３,2018-02-04,2018-02-09,24,大村,一般,３６２６４　５　４５６,2011-10-10,2011-10-13,24,大村,一般,１　３４５　２３,2010-07-09,2010-07-13,24,大村,一般,２　４５２３４２[６],2009-04-01,2009-04-05,24,大村,一般,５５５　３３６　１３,5190,大月 遊雅,2026-02-26,2026-03-03,24,大村,一般,５４１　１６５　４６３,,,,,,,,,,,,,,,,,,,,,,,,,4735,角山 雄哉,2026-06-01,2026-06-04,24,大村,一般,４　　　３５２４,2025-08-20,2025-08-25,24,大村,一般,６５４６６　６　６　６３,2024-04-20,2024-04-25,24,大村,一般,５　６６６　４６２　４,2023-10-03,2023-10-08,24,大村,一般,３１２　４５５　５６６,2023-01-15,2023-01-19,24,大村,一般,６　３２６４２　５２,3747,國崎 良春,2025-11-03,2025-11-06,24,大村,一般,６１１　３４１３,2022-11-07,2022-11-11,24,大村,一般,１６４３６　３１４１,2022-07-27,2022-07-31,24,大村,一般,１３１　２３１５４１,2022-04-16,2022-04-19,24,大村,一般,１５４　５４３４,2022-02-01,2022-02-04,24,大村,一般,４２６　３３１３,4932,新開 航,2025-05-10,2025-05-14,24,大村,一般,１３３１２　１５２２,2025-02-10,2025-02-15,24,大村,ＧⅠ,１　４５５　１２６１２,2024-10-26,2024-10-31,24,大村,一般,２３２１１　１　４１[３],2024-07-23,2024-07-28,24,大村,ＳＧ,３１６　４１４　５５６,2024-01-11,2024-01-14,24,大村,ＧⅠ,４　６４２３２,4487,三原 司,2025-12-13,2025-12-19,24,大村,一般,転　４４１　２５４　２　５５,2025-08-15,2025-08-18,24,大村,一般,４　３１１２[６],2024-12-07,2024-12-11,24,大村,一般,２　２３１５５３１６,2024-09-14,2024-09-19,24,大村,一般,２３５　３４５　４２２,2024-03-08,2024-03-11,24,大村,一般,２　５４６　４２
202608212403,2026-08-21,24,03R,4100,松田 隆司,2026-03-18,2026-03-22,24,大村,一般,５　１２６　６５６６,2025-10-26,2025-10-31,24,大村,ＧⅢ,３　１２２１４４６４４２,2025-05-10,2025-05-14,24,大村,一般,２２３　４３２６３３,2025-01-01,2025-01-05,24,大村,一般,３　６　１２３４１４,2024-07-08,2024-07-13,24,大村,一般,６２１２６　５　３５５４,5126,山下 大輝,2026-02-26,2026-03-03,24,大村,一般,１２１　１１５　２１[１],2025-11-25,2025-11-30,24,大村,ＧⅢ,５２５　２２１　１２[６],2025-08-20,2025-08-25,24,大村,一般,１　２　６３１２１２[１],2023-07-01,2023-07-06,24,大村,一般,１５４　３６５　５　４２,2023-02-06,2023-02-09,24,大村,一般,２　３４１６２６,5160,藤森 陸斗,2026-02-26,2026-03-03,24,大村,一般,２２５　４４３１２　３５,2025-11-19,2025-11-22,24,大村,一般,５２５　６１３,2024-10-08,2024-10-14,24,大村,一般,１５６　３　１６６　５５２,2023-12-06,2023-12-09,24,大村,一般,４　４３５　２２,2023-02-17,2023-02-20,24,大村,一般,２　６３６　３６,4176,樋口 喜彦,2024-02-28,2024-03-05,24,大村,一般,６４３　６４２　５　１　３,2022-06-17,2022-06-22,24,大村,一般,１１６　３５F,2021-06-14,2021-06-20,24,大村,一般,３　３３２　６６５　５　４３,2018-12-16,2018-12-21,24,大村,一般,５　４４３　５４３５２,2018-05-28,2018-06-02,24,大村,一般,６５３　３２４　４５３,4615,板倉 敦史,2025-10-20,2025-10-24,24,大村,一般,４５４　３　５６３,2024-12-13,2024-12-16,24,大村,一般,５　４４沈　６３,2023-12-25,2023-12-30,24,大村,一般,２３４　４１４　４　３４,2023-12-06,2023-12-09,24,大村,一般,１５３　５６４６,2018-02-04,2018-02-09,24,大村,一般,６　４４４３５５５５６,4143,浦田 晃嗣,2026-04-07,2026-04-13,24,大村,一般,３６２６６　４　３５５　５,2025-10-05,2025-10-08,24,大村,一般,２５６　３２３,2024-03-26,2024-04-01,24,大村,一般,５６６　４５４　６　６　６,2023-08-14,2023-08-20,24,大村,一般,６　５６,2023-05-06,2023-05-10,24,大村,一般,２　４２５　１３３３
202608212404,2026-08-21,24,04R,4040,廣瀬 将亨,2026-04-07,2026-04-13,24,大村,一般,５　２１１２４　４２１４１３,2025-08-20,2025-08-25,24,大村,一般,２　３６１　３１２４２３,2025-02-19,2025-02-25,24,大村,一般,１３３　４４１　４３３６４５,2024-12-13,2024-12-16,24,大村,一般,６３２　２６４６,2024-02-01,2024-02-05,24,大村,一般,６６３５１　４４４５,5351,齊藤 廉,2026-04-18,2026-04-23,24,大村,一般,３６２　１　１２３６１５,2025-08-20,2025-08-25,24,大村,一般,５　１３４　５５５　３４,2024-07-03,2024-07-06,24,大村,一般,６６５　６　２６,2024-06-04,2024-06-09,24,大村,一般,転　６６６　６　６６６,,,,,,,4584,村岡 賢人,2025-10-05,2025-10-08,24,大村,一般,２３２２２１[２],2024-07-03,2024-07-06,24,大村,一般,３３１３２５１２,2022-05-18,2022-05-23,24,大村,ＧⅡ,２４６　３６１３１１１,2021-12-20,2021-12-24,24,大村,一般,２４１３６　６３１６,2021-07-20,2021-07-23,24,大村,一般,５　１１３４２１,4381,田路 朋史,2026-03-18,2026-03-22,24,大村,一般,６５４　３５４　３,2025-03-20,2025-03-23,24,大村,一般,２　４１１３４１,2022-07-27,2022-07-31,24,大村,一般,２２１　４３４６３５,2021-07-10,2021-07-15,24,大村,一般,５４３　５４１　６５５,2015-01-18,2015-01-21,24,大村,一般,２２２　３３,4879,山崎 鉄平,2025-07-04,2025-07-09,24,大村,一般,２　６２２１２２４２[６],2025-01-07,2025-01-10,24,大村,一般,２６５　２４１２,2024-06-26,2024-07-01,24,大村,ＧⅢ,５　３６６　５４２　６１,2023-12-16,2023-12-20,24,大村,一般,２５６　６４６　５,2023-10-28,2023-11-02,24,大村,一般,４　５６３２５　４　２２,4665,加藤 啓太,2026-03-18,2026-03-22,24,大村,一般,４　６３２３６　転５,2024-06-19,2024-06-23,24,大村,一般,４５２　３　４３５,2024-03-08,2024-03-11,24,大村,一般,４　３２エ　５６,2020-12-13,2020-12-16,24,大村,一般,５４５　３２５,2019-12-16,2019-12-20,24,大村,一般,１５５　３５３　４４
202608212405,2026-08-21,24,05R,4603,谷川 将太,2026-07-28,2026-07-31,24,大村,一般,６　１１５３１１,2026-06-01,2026-06-04,24,大村,一般,６３３　６　３,2026-01-15,2026-01-20,24,大村,一般,４　３１３　６５４１４,2025-11-03,2025-11-06,24,大村,一般,２３６　２２３,2025-09-19,2025-09-24,24,大村,一般,２２５　３３１　１３５２,5102,原田 雄次,2026-07-22,2026-07-25,24,大村,一般,２３１　３６１３,2025-01-01,2025-01-05,24,大村,一般,２　１　１落１５１１,2024-11-15,2024-11-18,24,大村,一般,６３５　２２３,2023-01-04,2023-01-07,24,大村,一般,２４５　６　１３,2022-05-18,2022-05-23,24,大村,ＧⅡ,　　　　　　　　５４３６,5007,近藤 雄一郎,2026-01-22,2026-01-28,24,大村,一般,２　４４４　６２３　４　２５,2025-06-02,2025-06-05,24,大村,一般,５６２　５　４４,2025-03-27,2025-04-01,24,大村,一般,１　４４６　５６３　３２,,,,,,,,,,,,,4736,高倉 和士,2025-02-10,2025-02-15,24,大村,ＧⅠ,３　６６４　１　４２６４,2023-12-16,2023-12-20,24,大村,一般,２５３１２　転１[２],2022-12-29,2023-01-01,24,大村,一般,１１１１３１[１],2022-07-08,2022-07-11,24,大村,一般,６１３３１５３３,2020-06-26,2020-06-30,24,大村,一般,６　１４２６２３６２,5096,上原 崚,2023-12-06,2023-12-09,24,大村,一般,４２４　５１３３,2021-06-09,2021-06-12,24,大村,一般,４４５　４６５,,,,,,,,,,,,,,,,,,,3315,広瀬 聖仁,2025-12-03,2025-12-06,24,大村,一般,３５１　１４４２,2024-09-29,2024-10-04,24,大村,一般,１　５６４　４２１　１４,2024-06-26,2024-07-01,24,大村,ＧⅢ,５６４　２６３　４３２４,2023-01-04,2023-01-07,24,大村,一般,６　２４３,2019-11-05,2019-11-09,24,大村,一般,２６３　６３３　２
202608212406,2026-08-21,24,06R,3458,東 健介,2026-04-07,2026-04-13,24,大村,一般,６　１５３　６４５　３　６４,2025-08-20,2025-08-25,24,大村,一般,４４４　４６４５６　６,2024-09-29,2024-10-04,24,大村,一般,４５５　５６５　４　４,2024-01-21,2024-01-27,24,大村,一般,６　６３３　５　６３６　４６,2022-04-06,2022-04-09,24,大村,一般,４　３２４６５６,4697,國弘 翔平,2025-10-20,2025-10-24,24,大村,一般,３６６　６　４２６６,2024-02-01,2024-02-05,24,大村,一般,３　６４４５１　６６,2023-08-07,2023-08-12,24,大村,一般,６　２４４　５　１６,2022-09-27,2022-09-30,24,大村,一般,２　１６３６４６,2022-04-25,2022-04-30,24,大村,一般,５　４６４　２４１　１２,4630,岩永 雅人,2026-01-22,2026-01-28,24,大村,一般,６　２４５　２１６　６２６４,2025-02-28,2025-03-03,24,大村,一般,４４１　３２６３,2024-12-07,2024-12-11,24,大村,一般,５２３４１　４５２３,2024-03-26,2024-04-01,24,大村,一般,５　３２１　６２５　６６４１,2023-09-25,2023-10-01,24,大村,一般,２３２　２　５５３　４３６６,3612,馬袋 義則,2025-10-26,2025-10-31,24,大村,ＧⅢ,４６３　１４２　５２２５,2025-07-29,2025-08-03,24,大村,一般,１４４４４　４　１５１３,2024-02-28,2024-03-05,24,大村,一般,１　５６５,2020-11-09,2020-11-12,24,大村,一般,１２３２２４２２,2020-07-28,2020-08-02,24,大村,ＧⅡ,２　６　４６３　６３３,5398,鐘ヶ江 真司,2026-04-18,2026-04-23,24,大村,一般,２６１　２６４　４２１,,,,,,,,,,,,,,,,,,,,,,,,,3542,清水 紀克,2013-01-18,2013-01-21,24,大村,一般,５６２３５　５６,2012-09-19,2012-09-24,24,大村,一般,６　５６４　３２３　１,2012-05-26,2012-05-30,24,大村,一般,４　３３６３転　５２,2011-07-27,2011-07-31,24,大村,一般,５１６　５３３　４２,2010-05-30,2010-06-03,24,大村,一般,６６２　６４３　１２
202608212407,2026-08-21,24,07R,4174,赤坂 俊輔,2026-07-28,2026-07-31,24,大村,一般,２２１２４１[４],2026-06-06,2026-06-10,24,大村,一般,５３４　３１１１[３],2026-04-26,2026-05-01,24,大村,一般,１５２　３５２１１３３２,2026-03-08,2026-03-13,24,大村,ＧⅠ,２５４　５６６　４　５,2026-01-03,2026-01-08,24,大村,一般,３１４　３３３３１４２４,4735,角山 雄哉,2026-06-01,2026-06-04,24,大村,一般,４　　　３５２４,2025-08-20,2025-08-25,24,大村,一般,６５４６６　６　６　６３,2024-04-20,2024-04-25,24,大村,一般,５　６６６　４６２　４,2023-10-03,2023-10-08,24,大村,一般,３１２　４５５　５６６,2023-01-15,2023-01-19,24,大村,一般,６　３２６４２　５２,4527,高野 心吾,2026-06-06,2026-06-10,24,大村,一般,１　３２１５４２[４],2024-08-19,2024-08-25,24,大村,一般,３　５４３　６６６　５　６,2023-12-25,2023-12-30,24,大村,一般,４６３　４５１　５　５２,2021-01-26,2021-01-31,24,大村,ＧⅢ,５４６　６６３　５　６２,2019-06-21,2019-06-25,24,大村,一般,４　６５６　５　４３,5232,樅山 拓馬,2026-04-26,2026-05-01,24,大村,一般,４４４　４６５　５　５５,2025-01-19,2025-01-24,24,大村,一般,１４６　４３２　２３６,,,,,,,,,,,,,,,,,,,5124,上瀧 絢也,2026-03-18,2026-03-22,24,大村,一般,３４５　５　６　５４,2024-10-26,2024-10-31,24,大村,一般,５３１　４２３　４６２５,2024-01-01,2024-01-07,24,大村,一般,４　２　５６６　１４５　４,2023-07-01,2023-07-06,24,大村,一般,５　５　沈欠,2023-01-26,2023-01-31,24,大村,ＧⅢ,　　５　６６６５４　６５,3569,増田 進,2025-12-13,2025-12-19,24,大村,一般,２　４５３　４５３　４４５,2024-12-07,2024-12-11,24,大村,一般,１１６　５６３　６３,2023-11-29,2023-12-04,24,大村,ＧⅢ,６　４３６　３６５　４,2020-02-18,2020-02-24,24,大村,一般,３２５　３５５　１　５４５,2019-07-09,2019-07-13,24,大村,一般,４　２６３　５６５４
202608212408,2026-08-21,24,08R,4077,品田 直樹,2025-10-26,2025-10-31,24,大村,ＧⅢ,５　４３３　５１２　６５,2025-03-20,2025-03-23,24,大村,一般,３　５５６５４,2024-03-17,2024-03-23,24,大村,一般,６　５５１　３３１　５６２２,2023-12-25,2023-12-30,24,大村,一般,５６６　２５５　５　３３,2021-10-27,2021-11-02,24,大村,一般,３　２１６　３５５　３５５５,4725,佐竹 太一,2026-06-01,2026-06-04,24,大村,一般,１４　　１　[５],2025-12-03,2025-12-06,24,大村,一般,２　３２６３１３,2024-06-26,2024-07-01,24,大村,ＧⅢ,３　６４４３４５６６２１,2023-09-07,2023-09-12,24,大村,一般,３１６　４５４　２　２４,2023-01-15,2023-01-19,24,大村,一般,５６３　５３４　６５,4615,板倉 敦史,2025-10-20,2025-10-24,24,大村,一般,４５４　３　５６３,2024-12-13,2024-12-16,24,大村,一般,５　４４沈　６３,2023-12-25,2023-12-30,24,大村,一般,２３４　４１４　４　３４,2023-12-06,2023-12-09,24,大村,一般,１５３　５６４６,2018-02-04,2018-02-09,24,大村,一般,６　４４４３５５５５６,3340,池田 雷太,2024-07-03,2024-07-06,24,大村,一般,４６５　５５３,2018-02-04,2018-02-09,24,大村,一般,３６２６４　５　４５６,2011-10-10,2011-10-13,24,大村,一般,１　３４５　２３,2010-07-09,2010-07-13,24,大村,一般,２　４５２３４２[６],2009-04-01,2009-04-05,24,大村,一般,５５５　３３６　１３,4315,山崎 昂介,2026-07-28,2026-07-31,24,大村,一般,６　１３３４２１,2026-06-06,2026-06-10,24,大村,一般,４　６２４　２６３６,2026-05-07,2026-05-11,24,大村,一般,３４４２１　２１[４],2026-01-03,2026-01-08,24,大村,一般,５　４１５　４５６４２５,2025-08-05,2025-08-09,24,大村,一般,１　４４２１４３３３,5126,山下 大輝,2026-02-26,2026-03-03,24,大村,一般,１２１　１１５　２１[１],2025-11-25,2025-11-30,24,大村,ＧⅢ,５２５　２２１　１２[６],2025-08-20,2025-08-25,24,大村,一般,１　２　６３１２１２[１],2023-07-01,2023-07-06,24,大村,一般,１５４　３６５　５　４２,2023-02-06,2023-02-09,24,大村,一般,２　３４１６２６
202608212409,2026-08-21,24,09R,4176,樋口 喜彦,2024-02-28,2024-03-05,24,大村,一般,６４３　６４２　５　１　３,2022-06-17,2022-06-22,24,大村,一般,１１６　３５F,2021-06-14,2021-06-20,24,大村,一般,３　３３２　６６５　５　４３,2018-12-16,2018-12-21,24,大村,一般,５　４４３　５４３５２,2018-05-28,2018-06-02,24,大村,一般,６５３　３２４　４５３,4892,柴田 直哉,2025-12-03,2025-12-06,24,大村,一般,１５転　３３５,2025-03-20,2025-03-23,24,大村,一般,３５２　３５２,2024-11-15,2024-11-18,24,大村,一般,２５２　４２５,2023-12-25,2023-12-30,24,大村,一般,４　２３４　１５３５１４,2022-08-17,2022-08-20,24,大村,一般,４２３２３４１４,4932,新開 航,2025-05-10,2025-05-14,24,大村,一般,１３３１２　１５２２,2025-02-10,2025-02-15,24,大村,ＧⅠ,１　４５５　１２６１２,2024-10-26,2024-10-31,24,大村,一般,２３２１１　１　４１[３],2024-07-23,2024-07-28,24,大村,ＳＧ,３１６　４１４　５５６,2024-01-11,2024-01-14,24,大村,ＧⅠ,４　６４２３２,5351,齊藤 廉,2026-04-18,2026-04-23,24,大村,一般,３６２　１　１２３６１５,2025-08-20,2025-08-25,24,大村,一般,５　１３４　５５５　３４,2024-07-03,2024-07-06,24,大村,一般,６６５　６　２６,2024-06-04,2024-06-09,24,大村,一般,転　６６６　６　６６６,,,,,,,5169,,,,,,,,,,,,,,,,,,,,,,,,,,,,,,,,4526,池田 雄祐,2025-12-13,2025-12-19,24,大村,一般,５　２５１１５　１４１５６６,2025-03-20,2025-03-23,24,大村,一般,３４１１２２[３],2020-02-03,2020-02-06,24,大村,一般,４３２　３６１４,2018-05-19,2018-05-24,24,大村,一般,１１２５３６５　５３２５,2017-11-27,2017-11-30,24,大村,一般,２　６３４２１５
202608212410,2026-08-21,24,10R,4584,村岡 賢人,2025-10-05,2025-10-08,24,大村,一般,２３２２２１[２],2024-07-03,2024-07-06,24,大村,一般,３３１３２５１２,2022-05-18,2022-05-23,24,大村,ＧⅡ,２４６　３６１３１１１,2021-12-20,2021-12-24,24,大村,一般,２４１３６　６３１６,2021-07-20,2021-07-23,24,大村,一般,５　１１３４２１,4633,森 智也,2026-04-26,2026-05-01,24,大村,一般,４　４２６４３２３　２３,2025-06-29,2025-07-02,24,大村,一般,１３５　１５４３,2024-12-13,2024-12-16,24,大村,一般,４２４　３２１５,2023-07-27,2023-07-31,24,大村,一般,４２４　５６６　４５,2023-03-18,2023-03-23,24,大村,一般,１　４３４　４２２５２３,5102,原田 雄次,2026-07-22,2026-07-25,24,大村,一般,２３１　３６１３,2025-01-01,2025-01-05,24,大村,一般,２　１　１落１５１１,2024-11-15,2024-11-18,24,大村,一般,６３５　２２３,2023-01-04,2023-01-07,24,大村,一般,２４５　６　１３,2022-05-18,2022-05-23,24,大村,ＧⅡ,　　　　　　　　５４３６,4100,松田 隆司,2026-03-18,2026-03-22,24,大村,一般,５　１２６　６５６６,2025-10-26,2025-10-31,24,大村,ＧⅢ,３　１２２１４４６４４２,2025-05-10,2025-05-14,24,大村,一般,２２３　４３２６３３,2025-01-01,2025-01-05,24,大村,一般,３　６　１２３４１４,2024-07-08,2024-07-13,24,大村,一般,６２１２６　５　３５５４,5190,大月 遊雅,2026-02-26,2026-03-03,24,大村,一般,５４１　１６５　４６３,,,,,,,,,,,,,,,,,,,,,,,,,4363,大野 芳顕,2025-05-10,2025-05-14,24,大村,一般,５３１　５４１　４４,2025-01-07,2025-01-10,24,大村,一般,２２３　３５２４,2024-02-28,2024-03-05,24,大村,一般,３　２３６　２４１３３４４２,2023-09-25,2023-10-01,24,大村,一般,４４１　５　４　５２２　４４,2021-10-04,2021-10-08,24,大村,一般,３　４５５５６　６５
202608212411,2026-08-21,24,11R,3612,馬袋 義則,2025-10-26,2025-10-31,24,大村,ＧⅢ,４６３　１４２　５２２５,2025-07-29,2025-08-03,24,大村,一般,１４４４４　４　１５１３,2024-02-28,2024-03-05,24,大村,一般,１　５６５,2020-11-09,2020-11-12,24,大村,一般,１２３２２４２２,2020-07-28,2020-08-02,24,大村,ＧⅡ,２　６　４６３　６３３,4506,稗田 聖也,2025-02-28,2025-03-03,24,大村,一般,１５１　１２[５],2020-11-09,2020-11-12,24,大村,一般,５５１６１２３３,2020-02-27,2020-03-04,24,大村,一般,３　６４１２６　４６２６１,2018-12-30,2019-01-04,24,大村,一般,５　２４４　５　２１５,2018-06-06,2018-06-11,24,大村,一般,２３４　６４２　６　３２,5096,上原 崚,2023-12-06,2023-12-09,24,大村,一般,４２４　５１３３,2021-06-09,2021-06-12,24,大村,一般,４４５　４６５,,,,,,,,,,,,,,,,,,,4515,藤田 浩人,2026-03-28,2026-04-02,24,大村,一般,２　２４１　１３１３３１,2025-10-20,2025-10-24,24,大村,一般,１　５５１４１５２,2025-04-28,2025-05-03,24,大村,一般,４　３３１３１１１３４１,2025-01-07,2025-01-10,24,大村,一般,４　４２１　２６,2024-02-14,2024-02-20,24,大村,一般,２　１３１　４６３２５５２４,4697,國弘 翔平,2025-10-20,2025-10-24,24,大村,一般,３６６　６　４２６６,2024-02-01,2024-02-05,24,大村,一般,３　６４４５１　６６,2023-08-07,2023-08-12,24,大村,一般,６　２４４　５　１６,2022-09-27,2022-09-30,24,大村,一般,２　１６３６４６,2022-04-25,2022-04-30,24,大村,一般,５　４６４　２４１　１２,4381,田路 朋史,2026-03-18,2026-03-22,24,大村,一般,６５４　３５４　３,2025-03-20,2025-03-23,24,大村,一般,２　４１１３４１,2022-07-27,2022-07-31,24,大村,一般,２２１　４３４６３５,2021-07-10,2021-07-15,24,大村,一般,５４３　５４１　６５５,2015-01-18,2015-01-21,24,大村,一般,２２２　３３
202608212412,2026-08-21,24,12R,4736,高倉 和士,2025-02-10,2025-02-15,24,大村,ＧⅠ,３　６６４　１　４２６４,2023-12-16,2023-12-20,24,大村,一般,２５３１２　転１[２],2022-12-29,2023-01-01,24,大村,一般,１１１１３１[１],2022-07-08,2022-07-11,24,大村,一般,６１３３１５３３,2020-06-26,2020-06-30,24,大村,一般,６　１４２６２３６２,5160,藤森 陸斗,2026-02-26,2026-03-03,24,大村,一般,２２５　４４３１２　３５,2025-11-19,2025-11-22,24,大村,一般,５２５　６１３,2024-10-08,2024-10-14,24,大村,一般,１５６　３　１６６　５５２,2023-12-06,2023-12-09,24,大村,一般,４　４３５　２２,2023-02-17,2023-02-20,24,大村,一般,２　６３６　３６,4174,赤坂 俊輔,2026-07-28,2026-07-31,24,大村,一般,２２１２４１[４],2026-06-06,2026-06-10,24,大村,一般,５３４　３１１１[３],2026-04-26,2026-05-01,24,大村,一般,１５２　３５２１１３３２,2026-03-08,2026-03-13,24,大村,ＧⅠ,２５４　５６６　４　５,2026-01-03,2026-01-08,24,大村,一般,３１４　３３３３１４２４,4040,廣瀬 将亨,2026-04-07,2026-04-13,24,大村,一般,５　２１１２４　４２１４１３,2025-08-20,2025-08-25,24,大村,一般,２　３６１　３１２４２３,2025-02-19,2025-02-25,24,大村,一般,１３３　４４１　４３３６４５,2024-12-13,2024-12-16,24,大村,一般,６３２　２６４６,2024-02-01,2024-02-05,24,大村,一般,６６３５１　４４４５,4630,岩永 雅人,2026-01-22,2026-01-28,24,大村,一般,６　２４５　２１６　６２６４,2025-02-28,2025-03-03,24,大村,一般,４４１　３２６３,2024-12-07,2024-12-11,24,大村,一般,５２３４１　４５２３,2024-03-26,2024-04-01,24,大村,一般,５　３２１　６２５　６６４１,2023-09-25,2023-10-01,24,大村,一般,２３２　２　５５３　４３６６,3747,國崎 良春,2025-11-03,2025-11-06,24,大村,一般,６１１　３４１３,2022-11-07,2022-11-11,24,大村,一般,１６４３６　３１４１,2022-07-27,2022-07-31,24,大村,一般,１３１　２３１５４１,2022-04-16,2022-04-19,24,大村,一般,１５４　５４３４,2022-02-01,2022-02-04,24,大村,一般,４２６　３３１３
