レースコード,レース日,レース場コード,レース回,状態,荒れ度,P_その他_1,P_その他_2,P_その他_3,P_その他_4,P_その他_5,P_その他_6,P_まくり_2,P_まくり_3,P_まくり_4,P_まくり_5,P_まくり_6,P_まくり差し_3,P_まくり差し_4,P_まくり差し_5,P_まくり差し_6,P_差し_2,P_差し_3,P_差し_4,P_差し_5,P_差し_6,P_抜き_1,P_抜き_2,P_抜き_3,P_抜き_4,P_抜き_5,P_抜き_6,P_恵まれ_2,P_恵まれ_3,P_恵まれ_4,P_恵まれ_5,P_逃げ_1,P_逃げ_2
202608230201,2026-08-23,02,01R,daily,0.8107,0.002565,0.001210,0.000736,0.000309,0.000170,0.000613,0.169957,0.110872,0.094020,0.011750,0.014397,0.025970,0.026242,0.018587,0.012106,0.175053,0.010942,0.037737,0.004416,0.001989,0.008674,0.039131,0.010929,0.013789,0.005263,0.004357,0.001141,0.002502,0.001374,0.001117,0.189272,0.002811
202608230201,2026-08-23,02,01R,realtime,0.8094,0.001029,0.000742,0.000499,0.000231,0.000186,0.000535,0.149920,0.117829,0.095024,0.004283,0.008564,0.030776,0.017054,0.007512,0.008360,0.233238,0.008184,0.039751,0.003613,0.002283,0.007126,0.033902,0.011124,0.013394,0.003259,0.004459,0.000950,0.002457,0.000816,0.000642,0.190586,0.001671
202608230202,2026-08-23,02,02R,daily,0.7882,0.003206,0.001058,0.001219,0.000235,0.000246,0.000453,0.146173,0.226607,0.027604,0.027580,0.011736,0.062125,0.013444,0.024690,0.005168,0.098009,0.028846,0.012250,0.006570,0.002064,0.011370,0.020380,0.025614,0.002949,0.013593,0.002541,0.001486,0.002398,0.001075,0.002914,0.211752,0.004645
202608230202,2026-08-23,02,02R,realtime,0.6763,0.000926,0.000458,0.000863,0.000189,0.000237,0.000283,0.098408,0.183553,0.023291,0.035213,0.003633,0.065603,0.011643,0.023254,0.003847,0.105686,0.014345,0.010022,0.005501,0.002782,0.014565,0.025218,0.023798,0.002236,0.011685,0.001753,0.000819,0.001786,0.000836,0.001739,0.323714,0.002114
202608230203,2026-08-23,02,03R,daily,0.7060,0.002672,0.000667,0.000428,0.000225,0.000176,0.000597,0.162844,0.063765,0.049817,0.018011,0.010531,0.016864,0.012220,0.030742,0.009573,0.215261,0.010257,0.009829,0.006658,0.001358,0.015906,0.037588,0.008705,0.003666,0.005368,0.001705,0.000770,0.000814,0.001512,0.001519,0.293955,0.006000
202608230203,2026-08-23,02,03R,realtime,0.6890,0.000990,0.000691,0.000301,0.000190,0.000158,0.000462,0.151084,0.041885,0.038576,0.016909,0.003413,0.017611,0.007677,0.035979,0.008269,0.251521,0.008952,0.006517,0.005377,0.001346,0.016550,0.047873,0.005418,0.002343,0.008517,0.001651,0.000907,0.001073,0.001438,0.000835,0.310973,0.004516
202608230204,2026-08-23,02,04R,daily,0.7498,0.004003,0.000856,0.000712,0.000206,0.000213,0.000316,0.212632,0.084854,0.043664,0.013761,0.008818,0.032382,0.008973,0.019156,0.010051,0.189394,0.034705,0.009330,0.009693,0.002991,0.013165,0.010674,0.017068,0.001305,0.005449,0.002723,0.001772,0.000726,0.001142,0.002032,0.250164,0.007069
202608230204,2026-08-23,02,04R,realtime,0.7176,0.000925,0.001000,0.000706,0.000181,0.000208,0.000220,0.171845,0.059018,0.027552,0.015368,0.004026,0.031691,0.008924,0.018204,0.008128,0.251053,0.027313,0.011421,0.007188,0.003380,0.016646,0.016156,0.017962,0.000993,0.005677,0.002257,0.001073,0.000737,0.000914,0.001274,0.282418,0.005544
202608230205,2026-08-23,02,05R,daily,0.5991,0.001777,0.000883,0.000288,0.000225,0.000170,0.000551,0.014463,0.066130,0.197160,0.011476,0.002098,0.030926,0.081735,0.022804,0.003062,0.026590,0.007841,0.062303,0.002465,0.001361,0.014730,0.005447,0.018370,0.011224,0.005825,0.001518,0.001374,0.001522,0.001442,0.001624,0.400925,0.001690
202608230205,2026-08-23,02,05R,realtime,0.6231,0.001677,0.000234,0.000225,0.000202,0.000208,0.000379,0.009955,0.057692,0.234296,0.008117,0.001110,0.034116,0.068587,0.019710,0.002646,0.031899,0.008045,0.078077,0.001576,0.001024,0.014838,0.007125,0.017078,0.011081,0.006613,0.001223,0.001009,0.001321,0.001052,0.001055,0.376904,0.000927
202608230206,2026-08-23,02,06R,daily,0.8434,0.002792,0.001510,0.000642,0.000297,0.000157,0.000814,0.026739,0.280477,0.070977,0.012140,0.008027,0.157866,0.042352,0.016940,0.017245,0.020471,0.037974,0.051253,0.001855,0.002582,0.008774,0.006732,0.040583,0.007498,0.005584,0.010266,0.001090,0.004960,0.001529,0.001796,0.156589,0.001488
202608230206,2026-08-23,02,06R,realtime,0.8549,0.001531,0.000162,0.000451,0.000216,0.000155,0.000574,0.018283,0.313774,0.055094,0.006430,0.002638,0.195763,0.034323,0.006133,0.014566,0.021866,0.031208,0.050666,0.000999,0.002281,0.007133,0.007864,0.055638,0.005450,0.003853,0.012352,0.000799,0.002600,0.000883,0.000375,0.145139,0.000801
202608230207,2026-08-23,02,07R,daily,0.4684,0.003160,0.000880,0.000297,0.000177,0.000190,0.000401,0.033000,0.060599,0.058443,0.023880,0.003651,0.030697,0.018631,0.036092,0.002710,0.061176,0.006515,0.024924,0.004816,0.001010,0.036539,0.027553,0.010263,0.005042,0.008598,0.000615,0.001511,0.000985,0.001631,0.001320,0.531564,0.003130
202608230207,2026-08-23,02,07R,realtime,0.4641,0.003948,0.000798,0.000201,0.000134,0.000224,0.000341,0.031926,0.056610,0.077679,0.008112,0.002583,0.031556,0.011633,0.022919,0.001693,0.077658,0.006691,0.021955,0.004661,0.000735,0.035805,0.037007,0.009217,0.005183,0.007845,0.000550,0.001222,0.001126,0.000962,0.001120,0.535929,0.001979
202608230208,2026-08-23,02,08R,daily,0.4532,0.002365,0.001416,0.000343,0.000182,0.000200,0.000349,0.032313,0.080418,0.049530,0.025262,0.016257,0.025038,0.021964,0.029498,0.018595,0.051255,0.007457,0.016702,0.006273,0.003725,0.023809,0.008491,0.011121,0.001560,0.008073,0.003469,0.000861,0.000978,0.001373,0.002192,0.546801,0.002128
202608230208,2026-08-23,02,08R,realtime,0.4008,0.002903,0.000802,0.000200,0.000168,0.000209,0.000277,0.030729,0.070922,0.027574,0.029379,0.009937,0.022237,0.015692,0.018328,0.022040,0.052647,0.007534,0.009601,0.007022,0.002978,0.025010,0.010133,0.015498,0.001194,0.007348,0.004882,0.000646,0.001002,0.000943,0.001241,0.599204,0.001721
202608230209,2026-08-23,02,09R,daily,0.5321,0.001676,0.000720,0.000320,0.000211,0.000181,0.000644,0.047988,0.068080,0.098303,0.008247,0.005018,0.038771,0.048624,0.013081,0.003236,0.069929,0.008913,0.035704,0.004084,0.000730,0.017480,0.018645,0.013022,0.014273,0.005650,0.001144,0.001294,0.001790,0.001507,0.001073,0.467905,0.001755
202608230209,2026-08-23,02,09R,realtime,0.4948,0.001434,0.000344,0.000226,0.000182,0.000198,0.000531,0.048010,0.072278,0.065175,0.004512,0.002405,0.042806,0.037493,0.010804,0.002182,0.082373,0.011360,0.038970,0.004419,0.000757,0.016925,0.017021,0.010742,0.012122,0.003363,0.001118,0.000920,0.002321,0.001489,0.000779,0.505167,0.001576
202608230210,2026-08-23,02,10R,daily,0.7524,0.003317,0.001070,0.000588,0.000161,0.000200,0.000598,0.170603,0.116646,0.044991,0.005426,0.005202,0.050067,0.020044,0.011000,0.008738,0.176778,0.023380,0.023862,0.003967,0.001345,0.015610,0.032640,0.011214,0.005128,0.003779,0.001732,0.001677,0.004007,0.002142,0.002121,0.247554,0.004409
202608230210,2026-08-23,02,10R,realtime,0.7848,0.001118,0.000909,0.000690,0.000149,0.000223,0.000475,0.182870,0.129888,0.021717,0.004200,0.002787,0.062923,0.017241,0.005945,0.005963,0.211909,0.022072,0.022538,0.003079,0.002119,0.015048,0.036149,0.012567,0.006016,0.001714,0.002443,0.002487,0.004317,0.001894,0.000643,0.215196,0.002714
202608230211,2026-08-23,02,11R,daily,0.3356,0.000871,0.000559,0.000271,0.000101,0.000101,0.000323,0.011161,0.105173,0.006838,0.015073,0.006937,0.057317,0.008072,0.026664,0.004631,0.032862,0.010012,0.002293,0.003295,0.001034,0.022407,0.003637,0.005832,0.000534,0.003069,0.001044,0.001541,0.000840,0.000955,0.000899,0.664444,0.001209
202608230211,2026-08-23,02,11R,realtime,0.3310,0.001929,0.000156,0.000295,0.000087,0.000115,0.000252,0.008153,0.089855,0.004184,0.018684,0.003139,0.070034,0.005007,0.025631,0.004213,0.037644,0.008324,0.001827,0.003359,0.001075,0.026761,0.003402,0.008472,0.000474,0.002619,0.000996,0.001126,0.001032,0.000788,0.000612,0.668951,0.000803
202608230212,2026-08-23,02,12R,daily,0.3735,0.001911,0.000562,0.000416,0.000174,0.000144,0.000382,0.043550,0.044987,0.061995,0.007789,0.011924,0.022462,0.025371,0.014737,0.006016,0.066166,0.004744,0.008563,0.009596,0.001317,0.014281,0.005276,0.005078,0.003344,0.002889,0.001610,0.002226,0.001962,0.001376,0.001335,0.626485,0.001334
202608230212,2026-08-23,02,12R,realtime,0.6060,0.018600,0.004676,0.001228,0.000266,0.000332,0.000494,0.079589,0.051371,0.059408,0.016181,0.021315,0.020755,0.031098,0.024204,0.033193,0.112598,0.010815,0.012104,0.009267,0.002415,0.031109,0.013080,0.018545,0.004035,0.003371,0.004536,0.001549,0.004755,0.002573,0.003124,0.393978,0.009438
202608230301,2026-08-23,03,01R,daily,0.8306,0.002571,0.001543,0.000894,0.000409,0.000269,0.000454,0.138808,0.103381,0.120515,0.066280,0.009782,0.026797,0.030903,0.043482,0.012601,0.067715,0.029544,0.036515,0.015225,0.008313,0.023708,0.025141,0.021685,0.013908,0.014164,0.007295,0.000828,0.002050,0.001732,0.002259,0.169410,0.001820
202608230301,2026-08-23,03,01R,realtime,0.7856,0.001791,0.000376,0.000317,0.000362,0.000285,0.000311,0.146887,0.070431,0.127654,0.078552,0.002751,0.029666,0.022544,0.042254,0.012914,0.068669,0.027467,0.033965,0.011849,0.006433,0.022301,0.020964,0.012367,0.009799,0.022818,0.005055,0.000603,0.001276,0.001573,0.002745,0.214385,0.000637
202608230302,2026-08-23,03,02R,daily,0.8233,0.001724,0.000561,0.000718,0.000233,0.000186,0.000266,0.227371,0.053454,0.037052,0.033422,0.003092,0.012005,0.008823,0.019118,0.003999,0.266085,0.014789,0.009133,0.007073,0.002329,0.020764,0.065795,0.009300,0.006468,0.006947,0.001655,0.001760,0.001886,0.000969,0.001483,0.176705,0.004833
202608230302,2026-08-23,03,02R,realtime,0.8141,0.000754,0.000589,0.000332,0.000263,0.000172,0.000189,0.265686,0.060472,0.022248,0.032128,0.002589,0.017265,0.008900,0.026671,0.004436,0.225473,0.014265,0.006019,0.008405,0.001687,0.019248,0.060378,0.007028,0.008485,0.008859,0.002065,0.001773,0.003416,0.000933,0.001368,0.185877,0.002026
202608230303,2026-08-23,03,03R,daily,0.5801,0.002211,0.001162,0.000649,0.000274,0.000311,0.000747,0.020496,0.066672,0.046728,0.068046,0.003116,0.058997,0.021528,0.078503,0.012930,0.044810,0.012260,0.015077,0.011965,0.009016,0.032579,0.008864,0.015977,0.011291,0.020728,0.005374,0.001894,0.002426,0.001557,0.001940,0.419910,0.001962
202608230303,2026-08-23,03,03R,realtime,0.5390,0.001885,0.000200,0.000243,0.000221,0.000300,0.000457,0.022579,0.051572,0.033129,0.067227,0.000822,0.074379,0.012693,0.066243,0.009261,0.047217,0.014152,0.010255,0.009991,0.005917,0.027922,0.008773,0.011630,0.008739,0.038356,0.006227,0.002251,0.002407,0.001590,0.001667,0.461006,0.000690
202608230304,2026-08-23,03,04R,daily,0.5872,0.001687,0.000738,0.000308,0.000205,0.000189,0.000382,0.074966,0.040564,0.099052,0.016293,0.002101,0.012196,0.022811,0.012628,0.004422,0.150172,0.006229,0.026318,0.003393,0.003294,0.031230,0.035434,0.010475,0.018286,0.004064,0.001335,0.001253,0.001759,0.001224,0.001217,0.412771,0.003007
202608230304,2026-08-23,03,04R,realtime,0.6505,0.000976,0.000709,0.000156,0.000269,0.000178,0.000245,0.137290,0.029935,0.145393,0.013550,0.001522,0.013264,0.026499,0.016312,0.005050,0.130188,0.007025,0.021549,0.002911,0.002026,0.019861,0.028598,0.005409,0.026179,0.005720,0.001576,0.001378,0.002671,0.001414,0.001282,0.349543,0.001321
202608230305,2026-08-23,03,05R,daily,0.6652,0.002029,0.001334,0.000587,0.000234,0.000194,0.000802,0.030511,0.160730,0.023004,0.014611,0.008334,0.164492,0.012725,0.012289,0.016474,0.054302,0.051002,0.011075,0.002436,0.005315,0.022390,0.012192,0.030824,0.003625,0.005603,0.006853,0.001405,0.003752,0.002328,0.001857,0.334804,0.001888
202608230305,2026-08-23,03,05R,realtime,0.5792,0.001050,0.000232,0.000388,0.000189,0.000143,0.000441,0.032964,0.127522,0.009032,0.007595,0.003204,0.193238,0.009472,0.008652,0.013439,0.048284,0.038922,0.005686,0.001281,0.004120,0.019041,0.009144,0.025848,0.002200,0.004191,0.005948,0.000819,0.002483,0.002080,0.000715,0.420817,0.000863
202608230306,2026-08-23,03,06R,daily,0.8346,0.003796,0.001654,0.001060,0.000415,0.000300,0.000832,0.204084,0.055734,0.053801,0.027358,0.015577,0.028599,0.017565,0.030035,0.032016,0.178959,0.023214,0.012051,0.011924,0.012683,0.016630,0.034677,0.018164,0.010438,0.012625,0.016188,0.002227,0.002601,0.002003,0.002709,0.165362,0.004719
202608230306,2026-08-23,03,06R,realtime,0.7895,0.001292,0.000612,0.000434,0.000392,0.000260,0.000567,0.190929,0.042789,0.048296,0.018754,0.021439,0.043625,0.017955,0.027328,0.054046,0.140674,0.023101,0.006851,0.007559,0.007593,0.013038,0.034114,0.016519,0.012068,0.011099,0.033481,0.003271,0.003913,0.003408,0.001775,0.210514,0.002306
202608230307,2026-08-23,03,07R,daily,0.5244,0.001448,0.000733,0.000358,0.000188,0.000160,0.000319,0.076411,0.018817,0.032254,0.025203,0.003767,0.008409,0.009021,0.028964,0.004743,0.213002,0.003409,0.006648,0.003762,0.001903,0.019959,0.036832,0.003872,0.003697,0.008066,0.001319,0.001298,0.001432,0.001463,0.001352,0.475613,0.005575
202608230307,2026-08-23,03,07R,realtime,0.4958,0.001016,0.000881,0.000104,0.000175,0.000149,0.000243,0.092654,0.013100,0.030721,0.016379,0.003670,0.008348,0.007090,0.029750,0.005202,0.203545,0.002555,0.005100,0.003817,0.000936,0.015548,0.027154,0.003357,0.004039,0.007744,0.001632,0.001233,0.002231,0.001421,0.001675,0.504200,0.004331
202608230308,2026-08-23,03,08R,daily,0.8775,0.002299,0.000750,0.000795,0.000224,0.000202,0.000380,0.253365,0.072610,0.016979,0.013236,0.008160,0.034713,0.004822,0.008740,0.012491,0.296622,0.023308,0.009832,0.003919,0.004825,0.011557,0.055207,0.012439,0.004896,0.004121,0.004815,0.001644,0.002177,0.000832,0.001521,0.122539,0.009979
202608230308,2026-08-23,03,08R,realtime,0.8381,0.000619,0.000798,0.000384,0.000224,0.000188,0.000264,0.284617,0.042237,0.014042,0.008600,0.011874,0.042251,0.004699,0.007228,0.017168,0.266862,0.021947,0.007742,0.002914,0.004360,0.011022,0.053097,0.010330,0.004980,0.004038,0.005743,0.001718,0.002925,0.000875,0.001102,0.161921,0.003234
202608230309,2026-08-23,03,09R,daily,0.4916,0.002069,0.001114,0.000678,0.000339,0.000217,0.000707,0.035010,0.052984,0.046706,0.022826,0.017002,0.037611,0.017436,0.020429,0.018429,0.083435,0.011966,0.008932,0.004641,0.007167,0.033304,0.014716,0.016647,0.008220,0.007526,0.009538,0.002496,0.002766,0.001986,0.002152,0.508353,0.002594
202608230309,2026-08-23,03,09R,realtime,0.3634,0.001445,0.000272,0.000259,0.000278,0.000184,0.000398,0.027533,0.029770,0.027375,0.019671,0.012287,0.040211,0.014518,0.015677,0.024172,0.052262,0.006390,0.004639,0.002826,0.005025,0.027719,0.010195,0.008738,0.007672,0.005777,0.009736,0.002189,0.002380,0.001781,0.001270,0.636565,0.000782
202608230310,2026-08-23,03,10R,daily,0.5019,0.002563,0.000832,0.000353,0.000226,0.000235,0.000504,0.028797,0.038690,0.072319,0.041227,0.002498,0.018764,0.022161,0.072719,0.004902,0.077634,0.007840,0.012796,0.007746,0.002863,0.025032,0.013935,0.012060,0.006387,0.018264,0.001585,0.001923,0.001138,0.001540,0.001634,0.498075,0.002756
202608230310,2026-08-23,03,10R,realtime,0.4672,0.001900,0.000356,0.000139,0.000268,0.000187,0.000261,0.027955,0.033425,0.057030,0.033752,0.000693,0.025640,0.027175,0.072125,0.003223,0.068243,0.005367,0.012959,0.006058,0.001265,0.019251,0.007995,0.008460,0.007470,0.036348,0.001879,0.001468,0.001789,0.001164,0.001838,0.532798,0.001518
202608230311,2026-08-23,03,11R,daily,0.2932,0.001280,0.000465,0.000227,0.000114,0.000099,0.000255,0.013654,0.023771,0.050229,0.005694,0.000767,0.019406,0.013175,0.006756,0.002606,0.066860,0.003193,0.012037,0.001779,0.001327,0.033214,0.008709,0.007932,0.009839,0.001659,0.001082,0.001386,0.001849,0.001580,0.000877,0.706829,0.001349
202608230311,2026-08-23,03,11R,realtime,0.2601,0.001280,0.000188,0.000135,0.000126,0.000098,0.000133,0.008874,0.025125,0.044624,0.006008,0.000249,0.023756,0.017694,0.005084,0.002058,0.049520,0.001623,0.011303,0.000836,0.000887,0.028841,0.005274,0.006943,0.009192,0.002599,0.000602,0.001672,0.002234,0.001667,0.000617,0.739946,0.000813
202608230312,2026-08-23,03,12R,daily,0.2617,0.001032,0.000441,0.000280,0.000107,0.000105,0.000266,0.005498,0.046856,0.013226,0.012316,0.002458,0.053803,0.007062,0.019261,0.004742,0.023548,0.006414,0.005747,0.001489,0.002187,0.030897,0.003577,0.006860,0.002794,0.003431,0.001650,0.001010,0.001948,0.000903,0.000615,0.738333,0.001141
202608230312,2026-08-23,03,12R,realtime,0.2196,0.001174,0.000094,0.000134,0.000085,0.000106,0.000144,0.005650,0.029546,0.007741,0.012647,0.001780,0.060938,0.004536,0.016491,0.005110,0.016505,0.005602,0.003083,0.001913,0.001725,0.025756,0.002940,0.005236,0.001684,0.003748,0.001153,0.000612,0.001621,0.000821,0.000673,0.780374,0.000378
202608230401,2026-08-23,04,01R,daily,0.7067,0.002785,0.001236,0.000606,0.000259,0.000219,0.000411,0.036473,0.179262,0.023453,0.033221,0.006761,0.088364,0.021107,0.067755,0.003649,0.083970,0.039935,0.028115,0.007077,0.001742,0.013839,0.013196,0.022266,0.005159,0.010961,0.001702,0.002092,0.001285,0.003009,0.001482,0.293342,0.005266
202608230401,2026-08-23,04,01R,realtime,0.6585,0.001819,0.000452,0.000507,0.000233,0.000220,0.000301,0.025059,0.136111,0.020636,0.033198,0.004344,0.121506,0.013054,0.059947,0.003172,0.096964,0.029441,0.018211,0.005459,0.001400,0.014383,0.014708,0.026842,0.004218,0.015144,0.001950,0.001964,0.001592,0.002235,0.001128,0.341489,0.002314
202608230402,2026-08-23,04,02R,daily,0.9494,0.002044,0.000542,0.000377,0.000268,0.000212,0.000334,0.140062,0.087324,0.130152,0.010450,0.003566,0.022198,0.061018,0.022156,0.002845,0.163693,0.033046,0.161946,0.004966,0.001264,0.004687,0.024271,0.007082,0.051016,0.004169,0.001216,0.001322,0.000927,0.001336,0.000762,0.050598,0.004150
202608230402,2026-08-23,04,02R,realtime,0.9410,0.000272,0.000368,0.000253,0.000282,0.000219,0.000212,0.162908,0.058925,0.102389,0.006269,0.004550,0.023881,0.070119,0.015267,0.002219,0.175552,0.022480,0.194931,0.003126,0.001308,0.004176,0.025077,0.004293,0.051732,0.003565,0.001096,0.001068,0.001436,0.001254,0.000615,0.059014,0.001144
202608230403,2026-08-23,04,03R,daily,0.6771,0.003480,0.001049,0.000891,0.000362,0.000295,0.000566,0.066615,0.081502,0.039736,0.045862,0.021860,0.025520,0.015507,0.052199,0.014363,0.148613,0.024061,0.025415,0.018464,0.004047,0.019830,0.013804,0.014385,0.005750,0.015390,0.005667,0.001559,0.001534,0.002657,0.002268,0.322929,0.003820
202608230403,2026-08-23,04,03R,realtime,0.6316,0.001566,0.000724,0.000610,0.000358,0.000303,0.000500,0.067054,0.074966,0.031745,0.048344,0.022639,0.025791,0.017365,0.053982,0.016067,0.127990,0.016324,0.019893,0.016928,0.004355,0.019263,0.015938,0.010927,0.005449,0.014546,0.006580,0.001284,0.001502,0.002740,0.002068,0.368424,0.003775
202608230404,2026-08-23,04,04R,daily,0.7547,0.003504,0.000597,0.000657,0.000285,0.000233,0.000411,0.106116,0.069614,0.035694,0.019495,0.004885,0.030062,0.014544,0.022891,0.003271,0.280748,0.027456,0.036783,0.007631,0.000868,0.011708,0.027388,0.016949,0.007567,0.007375,0.001744,0.002225,0.001357,0.002753,0.001940,0.245316,0.007935
202608230404,2026-08-23,04,04R,realtime,0.7317,0.000888,0.000659,0.000406,0.000244,0.000220,0.000273,0.077453,0.063679,0.049784,0.027239,0.001138,0.034897,0.018703,0.023521,0.002059,0.292317,0.016685,0.032151,0.008518,0.000824,0.009566,0.020860,0.017822,0.010253,0.006780,0.001647,0.002632,0.002098,0.002462,0.001265,0.268254,0.004700
202608230405,2026-08-23,04,05R,daily,0.6739,0.002421,0.000889,0.000339,0.000270,0.000186,0.000643,0.043457,0.041801,0.141844,0.008010,0.004214,0.020789,0.089125,0.025493,0.003763,0.119369,0.012888,0.067493,0.008101,0.002131,0.015041,0.008097,0.009477,0.030289,0.004674,0.002029,0.002053,0.002014,0.003984,0.001315,0.326081,0.001719
202608230405,2026-08-23,04,05R,realtime,0.6828,0.001242,0.000392,0.000299,0.000250,0.000223,0.000510,0.053452,0.023447,0.170881,0.005547,0.002978,0.015056,0.100639,0.032880,0.004955,0.111454,0.008643,0.057616,0.008540,0.002102,0.014904,0.009778,0.005651,0.035930,0.003663,0.002087,0.001215,0.002253,0.004145,0.000787,0.317154,0.001328
202608230406,2026-08-23,04,06R,daily,0.7500,0.003374,0.000965,0.000499,0.000331,0.000298,0.000702,0.064037,0.053048,0.141122,0.019907,0.011358,0.017183,0.052014,0.041203,0.005780,0.152937,0.019448,0.052267,0.019929,0.003163,0.010629,0.014179,0.013227,0.025517,0.012741,0.002352,0.002290,0.000758,0.003285,0.001727,0.249967,0.003764
202608230406,2026-08-23,04,06R,realtime,0.7179,0.000779,0.000510,0.000383,0.000288,0.000314,0.000479,0.049972,0.054103,0.107780,0.010730,0.007089,0.028807,0.051941,0.033677,0.003164,0.189478,0.016621,0.057857,0.013221,0.003398,0.009985,0.014990,0.010483,0.028451,0.012820,0.001900,0.001649,0.001153,0.002706,0.001736,0.282073,0.001463
202608230407,2026-08-23,04,07R,daily,0.6846,0.003284,0.001284,0.000708,0.000297,0.000289,0.000430,0.026622,0.064619,0.042713,0.070976,0.014601,0.026023,0.027215,0.176163,0.007255,0.062636,0.010192,0.026754,0.029286,0.005934,0.020647,0.009681,0.008944,0.008319,0.025656,0.003820,0.002129,0.000804,0.001882,0.001546,0.315369,0.003922
202608230407,2026-08-23,04,07R,realtime,0.5572,0.002072,0.000387,0.000251,0.000225,0.000275,0.000255,0.021767,0.030791,0.039567,0.028588,0.005610,0.027722,0.015705,0.162190,0.005572,0.069599,0.007050,0.020976,0.021863,0.003603,0.022638,0.009551,0.008858,0.006493,0.035647,0.003294,0.001306,0.000870,0.001212,0.001791,0.442799,0.001472
202608230408,2026-08-23,04,08R,daily,0.7608,0.002915,0.000787,0.000445,0.000269,0.000228,0.000427,0.043763,0.132626,0.102975,0.013553,0.002724,0.053522,0.047529,0.023594,0.002232,0.101239,0.033971,0.090370,0.004873,0.001456,0.015518,0.014292,0.021885,0.032880,0.004694,0.001226,0.001992,0.000998,0.002763,0.001254,0.239224,0.003773
202608230408,2026-08-23,04,08R,realtime,0.6839,0.000827,0.000343,0.000453,0.000253,0.000230,0.000267,0.026628,0.096249,0.091165,0.008853,0.002038,0.079705,0.044964,0.022777,0.001495,0.098016,0.030208,0.080297,0.003063,0.001181,0.015176,0.013498,0.014912,0.037891,0.005016,0.001129,0.001728,0.001519,0.002219,0.001001,0.316107,0.000796
202608230409,2026-08-23,04,09R,daily,0.4411,0.001946,0.000600,0.000357,0.000235,0.000193,0.000371,0.015522,0.048440,0.050556,0.029417,0.007720,0.017485,0.027323,0.049583,0.007042,0.073808,0.008781,0.034132,0.007200,0.001727,0.019660,0.007457,0.005458,0.008778,0.007752,0.002114,0.001327,0.001145,0.002077,0.001123,0.558932,0.001738
202608230409,2026-08-23,04,09R,realtime,0.3777,0.001363,0.000209,0.000136,0.000176,0.000207,0.000243,0.012786,0.033884,0.036069,0.022825,0.003813,0.016930,0.023060,0.056787,0.006144,0.065460,0.006189,0.027186,0.007860,0.001470,0.021211,0.006254,0.004478,0.007892,0.007893,0.001667,0.000945,0.001251,0.001636,0.000821,0.622260,0.000894
202608230410,2026-08-23,04,10R,daily,0.7248,0.002543,0.001200,0.000780,0.000322,0.000311,0.000766,0.048665,0.152024,0.030474,0.027356,0.011299,0.072490,0.025534,0.053640,0.004907,0.097750,0.048316,0.041888,0.013105,0.002549,0.013777,0.010788,0.025236,0.007622,0.013927,0.003138,0.002117,0.001386,0.002729,0.002433,0.275160,0.005765
202608230410,2026-08-23,04,10R,realtime,0.6682,0.000966,0.000370,0.000435,0.000277,0.000293,0.000457,0.063099,0.115309,0.014301,0.014158,0.005197,0.088639,0.016251,0.049707,0.003977,0.118560,0.045109,0.031692,0.012375,0.001951,0.017621,0.010915,0.024819,0.005446,0.015076,0.001941,0.001235,0.001219,0.002166,0.002429,0.331804,0.002209
202608230411,2026-08-23,04,11R,daily,0.5974,0.002805,0.000570,0.000480,0.000261,0.000198,0.000496,0.058276,0.043464,0.030141,0.018830,0.006792,0.013389,0.013019,0.029133,0.004223,0.254187,0.014509,0.016312,0.005414,0.001121,0.017138,0.031519,0.008135,0.004146,0.006312,0.001277,0.002176,0.000794,0.002620,0.001897,0.402584,0.007783
202608230411,2026-08-23,04,11R,realtime,0.7633,0.007919,0.003629,0.001529,0.000265,0.000340,0.000475,0.056590,0.194752,0.016826,0.029852,0.006813,0.090199,0.015300,0.014786,0.006197,0.111091,0.079866,0.014954,0.004585,0.002862,0.017777,0.009267,0.031928,0.002955,0.005428,0.002126,0.002857,0.002687,0.005798,0.002848,0.236736,0.020764
202608230412,2026-08-23,04,12R,daily,0.4579,0.002689,0.000836,0.000550,0.000257,0.000216,0.000963,0.027478,0.047346,0.021318,0.010546,0.013348,0.027391,0.011289,0.034838,0.007434,0.144894,0.012578,0.013588,0.006364,0.001589,0.017319,0.009434,0.013034,0.004638,0.008981,0.002620,0.002831,0.002101,0.002466,0.001520,0.542101,0.007442
202608230601,2026-08-23,06,01R,daily,0.6629,0.005518,0.003460,0.001329,0.000512,0.000292,0.000835,0.049563,0.076888,0.049150,0.020532,0.027349,0.089781,0.037157,0.054865,0.038064,0.039733,0.029363,0.019580,0.011428,0.006893,0.024983,0.010330,0.016028,0.010288,0.010980,0.013820,0.001970,0.002116,0.002847,0.002111,0.337064,0.005173
202608230601,2026-08-23,06,01R,realtime,0.6578,0.002687,0.000934,0.000682,0.000492,0.000285,0.000657,0.041255,0.102367,0.046748,0.008011,0.033145,0.092389,0.043269,0.044035,0.052332,0.033510,0.023001,0.017753,0.012275,0.007424,0.024242,0.008349,0.018563,0.010429,0.008979,0.014224,0.001107,0.001578,0.002267,0.001342,0.342231,0.003436
202608230602,2026-08-23,06,02R,daily,0.7589,0.004988,0.001337,0.000980,0.000423,0.000275,0.000522,0.206491,0.024944,0.048145,0.010365,0.009042,0.023189,0.018117,0.023956,0.015338,0.231418,0.014326,0.021075,0.005392,0.001599,0.013357,0.027021,0.007562,0.014270,0.006480,0.004942,0.002336,0.001900,0.002171,0.001706,0.241077,0.015256
202608230602,2026-08-23,06,02R,realtime,0.7202,0.001165,0.001546,0.000499,0.000435,0.000245,0.000373,0.199016,0.021531,0.039771,0.008630,0.003718,0.023674,0.017537,0.022266,0.010525,0.241771,0.012103,0.018714,0.004687,0.001175,0.013288,0.028434,0.006984,0.014895,0.006085,0.006588,0.002098,0.001765,0.001962,0.001135,0.279779,0.007603
202608230603,2026-08-23,06,03R,daily,0.7582,0.003973,0.001493,0.001236,0.000279,0.000224,0.000501,0.131222,0.121250,0.009225,0.017353,0.003911,0.086326,0.005480,0.034498,0.006894,0.133433,0.068174,0.007879,0.006951,0.001064,0.023384,0.024412,0.027728,0.002210,0.007613,0.002428,0.001502,0.002114,0.001727,0.001964,0.241821,0.021730
202608230603,2026-08-23,06,03R,realtime,0.4490,0.018471,0.002466,0.001008,0.000243,0.000213,0.000320,0.013941,0.067827,0.010228,0.021146,0.004615,0.092424,0.005978,0.048196,0.012639,0.022822,0.019968,0.002862,0.007792,0.001164,0.042545,0.003068,0.016748,0.001394,0.010267,0.002217,0.001398,0.002527,0.002739,0.002046,0.551029,0.009700
202608230604,2026-08-23,06,04R,daily,0.3357,0.002329,0.001427,0.000322,0.000241,0.000139,0.000453,0.021536,0.013541,0.048476,0.004852,0.005259,0.020751,0.036803,0.032073,0.009604,0.053205,0.005099,0.011650,0.004037,0.001010,0.026433,0.008157,0.003778,0.008974,0.005183,0.001485,0.001667,0.001450,0.002700,0.000659,0.664275,0.002432
202608230604,2026-08-23,06,04R,realtime,0.3404,0.002394,0.001308,0.000309,0.000298,0.000160,0.000443,0.022487,0.015514,0.041121,0.003498,0.007327,0.020465,0.034428,0.038925,0.010983,0.056802,0.004801,0.011255,0.004822,0.001172,0.025944,0.009055,0.003785,0.007379,0.004883,0.001526,0.000905,0.001145,0.002283,0.000587,0.659589,0.004405
202608230605,2026-08-23,06,05R,daily,0.3881,0.002749,0.001509,0.000590,0.000308,0.000158,0.000701,0.037972,0.021872,0.030975,0.005545,0.017631,0.028846,0.018206,0.016923,0.027111,0.083140,0.008932,0.006609,0.004341,0.002169,0.028046,0.011199,0.005741,0.005937,0.002587,0.005891,0.001869,0.001761,0.002819,0.001527,0.611895,0.004442
202608230605,2026-08-23,06,05R,realtime,0.3392,0.001511,0.000769,0.000266,0.000248,0.000111,0.000452,0.017595,0.026221,0.015053,0.001465,0.053270,0.030413,0.015542,0.010332,0.042496,0.051970,0.005168,0.003227,0.002792,0.001993,0.026655,0.005674,0.004795,0.005567,0.001027,0.006588,0.001257,0.001779,0.002417,0.000526,0.660760,0.002061
202608230606,2026-08-23,06,06R,daily,0.6222,0.005196,0.000970,0.000767,0.000352,0.000226,0.000539,0.149598,0.026987,0.036017,0.014903,0.003708,0.021387,0.018912,0.050254,0.006243,0.158291,0.013522,0.009813,0.006919,0.000625,0.021430,0.030561,0.006699,0.010097,0.007573,0.001355,0.002360,0.001621,0.002426,0.001342,0.377761,0.011546
202608230606,2026-08-23,06,06R,realtime,0.6141,0.001507,0.001356,0.000413,0.000388,0.000208,0.000422,0.169479,0.028736,0.029194,0.012216,0.002943,0.020386,0.014639,0.057765,0.007352,0.151472,0.013184,0.006726,0.009439,0.000525,0.018828,0.025021,0.005516,0.009178,0.010176,0.001441,0.002108,0.001529,0.001958,0.001331,0.385878,0.008685
202608230607,2026-08-23,06,07R,daily,0.6634,0.003899,0.000982,0.000781,0.000277,0.000236,0.000399,0.110053,0.037557,0.036013,0.020086,0.001988,0.021430,0.021362,0.057237,0.004554,0.183522,0.012429,0.016438,0.006013,0.000452,0.021146,0.053739,0.009222,0.009232,0.007070,0.000959,0.002306,0.001216,0.002017,0.001627,0.336571,0.019189
202608230607,2026-08-23,06,07R,realtime,0.6756,0.001278,0.001346,0.000366,0.000295,0.000219,0.000285,0.124358,0.042167,0.038970,0.014165,0.001115,0.020073,0.022864,0.062437,0.003948,0.190931,0.010061,0.018235,0.007303,0.000391,0.022112,0.048949,0.007061,0.009298,0.008545,0.000953,0.001681,0.001694,0.001813,0.001717,0.324414,0.010955
202608230608,2026-08-23,06,08R,daily,0.4483,0.002090,0.001632,0.000447,0.000306,0.000171,0.000505,0.008846,0.041998,0.073966,0.009474,0.010680,0.048155,0.062628,0.027384,0.015285,0.017574,0.011194,0.033279,0.005150,0.002256,0.025628,0.003648,0.009805,0.018272,0.003739,0.006283,0.001552,0.001692,0.002157,0.001181,0.551681,0.001340
202608230608,2026-08-23,06,08R,realtime,0.4700,0.003068,0.000291,0.000249,0.000348,0.000208,0.000417,0.008797,0.062606,0.068856,0.004482,0.008053,0.060090,0.072254,0.023980,0.018215,0.015277,0.009835,0.031062,0.004750,0.001840,0.027795,0.002507,0.009162,0.018024,0.004025,0.006765,0.001275,0.001387,0.002449,0.000968,0.530047,0.000917
202608230609,2026-08-23,06,09R,daily,0.6725,0.005848,0.002100,0.001134,0.000363,0.000224,0.000860,0.090010,0.087924,0.023814,0.007787,0.016304,0.075808,0.013932,0.019568,0.053893,0.107347,0.049042,0.014299,0.005358,0.002954,0.021431,0.017675,0.017411,0.004197,0.003209,0.011219,0.001878,0.003674,0.002135,0.002213,0.327508,0.008880
202608230609,2026-08-23,06,09R,realtime,0.6673,0.002153,0.001661,0.000789,0.000397,0.000203,0.000810,0.085691,0.082327,0.017496,0.007413,0.011343,0.068268,0.009627,0.016324,0.097432,0.117158,0.043806,0.009299,0.003814,0.003128,0.018783,0.018861,0.013515,0.002743,0.002491,0.016236,0.001527,0.002924,0.001843,0.000754,0.332661,0.008524
202608230610,2026-08-23,06,10R,daily,0.7152,0.005354,0.001773,0.000945,0.000385,0.000336,0.000645,0.128158,0.035658,0.065241,0.021631,0.002325,0.023282,0.038463,0.081386,0.005985,0.118424,0.016916,0.031670,0.016989,0.001521,0.025898,0.026413,0.010079,0.016094,0.013121,0.002000,0.002489,0.001906,0.002448,0.002359,0.284830,0.015279
202608230610,2026-08-23,06,10R,realtime,0.7261,0.002018,0.001526,0.000462,0.000372,0.000345,0.000463,0.142016,0.052918,0.072429,0.012769,0.001241,0.027371,0.043830,0.076894,0.004211,0.111909,0.013237,0.030802,0.023148,0.001562,0.024346,0.026232,0.007981,0.018199,0.011887,0.002007,0.001975,0.001686,0.001991,0.002163,0.273905,0.008104
202608230611,2026-08-23,06,11R,daily,0.3154,0.002068,0.000791,0.000365,0.000143,0.000137,0.000319,0.007420,0.031459,0.010948,0.020319,0.002238,0.040064,0.009532,0.068272,0.006487,0.023199,0.007217,0.005299,0.008064,0.000837,0.044185,0.003551,0.006506,0.002077,0.005981,0.001434,0.001051,0.001079,0.001327,0.000857,0.684602,0.002173
202608230611,2026-08-23,06,11R,realtime,0.2844,0.002393,0.000297,0.000309,0.000126,0.000127,0.000220,0.005980,0.026416,0.009539,0.015108,0.001305,0.040073,0.005890,0.070490,0.004028,0.021903,0.005105,0.003347,0.008644,0.000718,0.041619,0.002742,0.005225,0.001900,0.004992,0.001366,0.000675,0.000745,0.000878,0.000831,0.715611,0.001397
202608230612,2026-08-23,06,12R,daily,0.2780,0.002334,0.001086,0.000535,0.000216,0.000152,0.000465,0.014198,0.027838,0.014474,0.007559,0.004836,0.032770,0.012307,0.024566,0.008784,0.039561,0.008568,0.006894,0.003762,0.000977,0.028909,0.006936,0.008654,0.003251,0.004586,0.002411,0.001998,0.001727,0.001664,0.001231,0.721978,0.004773
202608230612,2026-08-23,06,12R,realtime,0.2336,0.001908,0.000499,0.000318,0.000186,0.000129,0.000313,0.010228,0.024832,0.010132,0.004406,0.002442,0.032591,0.008819,0.023721,0.006030,0.033147,0.006358,0.003959,0.003333,0.000746,0.028384,0.006766,0.007534,0.002597,0.003682,0.002312,0.001336,0.001398,0.001275,0.000710,0.766359,0.003552
202608230701,2026-08-23,07,01R,daily,0.6102,0.002961,0.001332,0.000464,0.000424,0.000229,0.000334,0.054447,0.029422,0.065366,0.036545,0.009819,0.031068,0.026263,0.071782,0.012921,0.135710,0.013944,0.021263,0.011544,0.001772,0.011427,0.011543,0.018983,0.014339,0.007619,0.002498,0.001913,0.000677,0.001501,0.001511,0.389782,0.010597
202608230701,2026-08-23,07,01R,realtime,0.6186,0.001264,0.000795,0.000295,0.000383,0.000236,0.000259,0.054525,0.027692,0.067053,0.029447,0.006929,0.033891,0.018849,0.066765,0.012755,0.170664,0.012716,0.015214,0.013467,0.001442,0.014908,0.013203,0.019836,0.013033,0.008938,0.002399,0.001834,0.000746,0.001609,0.001604,0.381386,0.005865
202608230702,2026-08-23,07,02R,daily,0.8394,0.003833,0.001518,0.000677,0.000475,0.000368,0.000542,0.164079,0.022981,0.209785,0.026206,0.009644,0.025427,0.062830,0.038197,0.011216,0.080189,0.023267,0.040536,0.018819,0.003117,0.012899,0.013470,0.016577,0.019958,0.018410,0.002397,0.001766,0.000848,0.001671,0.002871,0.160586,0.004841
202608230702,2026-08-23,07,02R,realtime,0.8098,0.000721,0.000620,0.000498,0.000454,0.000409,0.000393,0.160214,0.025562,0.163308,0.013157,0.004680,0.031813,0.067517,0.036544,0.008644,0.115852,0.026303,0.049257,0.013681,0.003157,0.018036,0.016593,0.012905,0.016381,0.013204,0.001370,0.000885,0.000517,0.001867,0.002970,0.190230,0.002256
202608230703,2026-08-23,07,03R,daily,0.6870,0.002116,0.001236,0.000422,0.000407,0.000217,0.000404,0.082568,0.032396,0.104422,0.013978,0.008754,0.031084,0.059230,0.031013,0.007767,0.151373,0.021337,0.032480,0.005597,0.001013,0.013171,0.025031,0.017555,0.020418,0.004762,0.001658,0.002486,0.000869,0.001596,0.001398,0.313017,0.010228
202608230703,2026-08-23,07,03R,realtime,0.6557,0.001002,0.000768,0.000332,0.000436,0.000224,0.000339,0.091258,0.025148,0.100021,0.008631,0.003208,0.026649,0.057075,0.036830,0.007868,0.147967,0.017557,0.031263,0.005726,0.000768,0.014533,0.027752,0.010255,0.019146,0.005914,0.001762,0.001775,0.000917,0.001545,0.001191,0.344331,0.007810
202608230704,2026-08-23,07,04R,daily,0.6422,0.000849,0.003726,0.000720,0.000476,0.000338,0.000583,0.014322,0.075342,0.048109,0.026558,0.018477,0.064637,0.047525,0.126046,0.030822,0.026573,0.010951,0.008772,0.002540,0.007743,0.013830,0.006197,0.035174,0.006260,0.025048,0.004544,0.000928,0.001195,0.000684,0.001630,0.357765,0.031635
202608230704,2026-08-23,07,04R,realtime,0.6301,0.001176,0.000487,0.000454,0.000481,0.000337,0.000489,0.012478,0.076765,0.029352,0.014306,0.021631,0.068421,0.034622,0.174050,0.035797,0.026815,0.011537,0.007768,0.002434,0.005297,0.014953,0.007940,0.025188,0.004174,0.032721,0.004519,0.000434,0.000890,0.000796,0.002277,0.369919,0.011491
202608230705,2026-08-23,07,05R,daily,0.5892,0.002644,0.000661,0.000574,0.000375,0.000183,0.000464,0.111908,0.031865,0.044559,0.013780,0.002611,0.039232,0.031449,0.053857,0.004209,0.132537,0.032945,0.005982,0.003976,0.000636,0.015957,0.018515,0.010111,0.006429,0.005894,0.000715,0.003112,0.001009,0.001622,0.001083,0.410760,0.010345
202608230705,2026-08-23,07,05R,realtime,0.6010,0.000652,0.000455,0.000506,0.000359,0.000162,0.000333,0.143204,0.022322,0.062528,0.003923,0.002903,0.031934,0.027693,0.058871,0.004936,0.139113,0.023851,0.004476,0.003876,0.000537,0.015750,0.019349,0.009015,0.005676,0.004982,0.000672,0.002777,0.000959,0.001991,0.001009,0.398979,0.006208
202608230706,2026-08-23,07,06R,daily,0.5911,0.001806,0.000400,0.000258,0.000112,0.000102,0.000095,0.016183,0.007767,0.004039,0.071113,0.001367,0.007179,0.001984,0.385787,0.008457,0.028889,0.003952,0.000828,0.003853,0.000527,0.024520,0.003422,0.001467,0.000324,0.008645,0.000497,0.000424,0.000380,0.000637,0.000612,0.408893,0.005479
202608230707,2026-08-23,07,07R,daily,0.2512,0.000789,0.000456,0.000208,0.000151,0.000086,0.000165,0.008789,0.026126,0.016674,0.007752,0.004841,0.051650,0.019145,0.016240,0.003089,0.036619,0.010458,0.006991,0.000985,0.000576,0.017303,0.004659,0.005382,0.002915,0.001155,0.000616,0.002578,0.000495,0.000644,0.000641,0.748812,0.003011
202608230708,2026-08-23,07,08R,daily,0.4250,0.004294,0.001640,0.001066,0.000309,0.000227,0.000282,0.030628,0.032523,0.014996,0.049441,0.010183,0.037557,0.006228,0.072632,0.025117,0.041360,0.009520,0.004746,0.014083,0.005934,0.016784,0.005922,0.007935,0.001838,0.010707,0.005636,0.002066,0.001481,0.001035,0.002178,0.574965,0.006685
202608230709,2026-08-23,07,09R,daily,0.2879,0.000734,0.000769,0.000281,0.000213,0.000099,0.000285,0.010079,0.032993,0.026178,0.008415,0.005336,0.055672,0.025295,0.019192,0.004794,0.029766,0.012099,0.007229,0.001189,0.000894,0.017111,0.005456,0.008364,0.002906,0.002179,0.000869,0.001128,0.000992,0.000772,0.000882,0.712140,0.005687
202608230710,2026-08-23,07,10R,daily,0.5004,0.001100,0.001655,0.000946,0.000291,0.000137,0.000434,0.047003,0.076254,0.009727,0.013991,0.018750,0.057233,0.009090,0.032248,0.008283,0.086610,0.013120,0.003507,0.001263,0.001458,0.014499,0.042599,0.011468,0.001477,0.006445,0.001657,0.001188,0.001365,0.000610,0.001265,0.499615,0.034711
202608230711,2026-08-23,07,11R,daily,0.0898,0.000629,0.000205,0.000107,0.000061,0.000043,0.000094,0.002332,0.005897,0.005301,0.002294,0.000382,0.016573,0.003399,0.007350,0.001210,0.014734,0.002252,0.001018,0.000426,0.000191,0.016108,0.001838,0.001559,0.000358,0.000832,0.000136,0.001454,0.000725,0.000554,0.000329,0.910150,0.001457
202608230712,2026-08-23,07,12R,daily,0.5003,0.002210,0.001419,0.000406,0.000390,0.000211,0.000407,0.016198,0.027709,0.085606,0.021526,0.006453,0.032918,0.050507,0.082512,0.010553,0.044427,0.011725,0.019947,0.006113,0.002111,0.013289,0.005848,0.013804,0.019652,0.007658,0.002347,0.002435,0.000613,0.001788,0.001247,0.499719,0.008253
202608230801,2026-08-23,08,01R,daily,0.3789,0.001639,0.001014,0.000350,0.000242,0.000182,0.000542,0.024059,0.025359,0.057691,0.012713,0.007682,0.026984,0.029012,0.028225,0.014513,0.057798,0.008160,0.014985,0.002759,0.003029,0.026138,0.006673,0.009805,0.004232,0.004965,0.001695,0.001070,0.001212,0.001298,0.001651,0.621081,0.003242
202608230801,2026-08-23,08,01R,realtime,0.3654,0.001296,0.000431,0.000187,0.000221,0.000194,0.000439,0.026183,0.027326,0.052042,0.008610,0.004769,0.027305,0.025928,0.024168,0.013485,0.065024,0.009544,0.013075,0.003405,0.002912,0.025066,0.007697,0.009209,0.004303,0.003657,0.002243,0.000855,0.001266,0.001223,0.001002,0.634570,0.002365
202608230802,2026-08-23,08,02R,daily,0.7361,0.004225,0.001290,0.000686,0.000387,0.000284,0.000675,0.090110,0.029196,0.134706,0.018130,0.004702,0.016827,0.050625,0.105210,0.010633,0.116619,0.011837,0.039459,0.009534,0.001918,0.012766,0.017104,0.008946,0.021977,0.013824,0.001400,0.001960,0.002555,0.002345,0.001446,0.263892,0.004731
202608230802,2026-08-23,08,02R,realtime,0.7062,0.001319,0.000552,0.000424,0.000310,0.000281,0.000470,0.099156,0.025948,0.147035,0.009567,0.005656,0.016722,0.041819,0.091740,0.008357,0.128712,0.007452,0.031123,0.011772,0.001698,0.012439,0.016636,0.006728,0.022751,0.007751,0.001306,0.001185,0.002295,0.001840,0.001257,0.293762,0.001937
202608230803,2026-08-23,08,03R,daily,0.6795,0.003814,0.000995,0.000755,0.000296,0.000278,0.000499,0.123697,0.034977,0.063266,0.018386,0.004796,0.015312,0.016974,0.050328,0.006001,0.203027,0.015011,0.019575,0.007836,0.002149,0.016095,0.025744,0.011391,0.008303,0.008339,0.000960,0.002339,0.001493,0.001617,0.001847,0.320538,0.013359
202608230803,2026-08-23,08,03R,realtime,0.7017,0.001329,0.000960,0.000456,0.000310,0.000276,0.000398,0.146102,0.031396,0.058049,0.011085,0.003817,0.016031,0.014581,0.056664,0.004999,0.227171,0.014831,0.014470,0.008891,0.001579,0.018355,0.027352,0.009546,0.007853,0.009947,0.000901,0.002024,0.002171,0.001529,0.002078,0.298259,0.006590
202608230804,2026-08-23,08,04R,daily,0.5739,0.002929,0.001317,0.000765,0.000375,0.000204,0.000997,0.070621,0.036161,0.056943,0.008918,0.013023,0.031619,0.026619,0.026768,0.020476,0.155731,0.017928,0.016041,0.002963,0.004286,0.020595,0.014362,0.012018,0.006608,0.003042,0.003958,0.002539,0.002723,0.001629,0.002110,0.426099,0.009632
202608230804,2026-08-23,08,04R,realtime,0.5703,0.001234,0.000857,0.000500,0.000302,0.000236,0.000874,0.088393,0.022616,0.046278,0.004569,0.011877,0.023333,0.013300,0.022782,0.019805,0.202393,0.019939,0.010255,0.003013,0.004244,0.020940,0.018105,0.011716,0.004938,0.002142,0.003278,0.001670,0.001489,0.001302,0.001515,0.429697,0.006411
202608230805,2026-08-23,08,05R,daily,0.5931,0.003196,0.001845,0.000992,0.000430,0.000295,0.000919,0.046681,0.038849,0.084101,0.026788,0.011057,0.031023,0.044217,0.063078,0.026448,0.068966,0.013447,0.023577,0.007781,0.008675,0.028569,0.008106,0.012912,0.012064,0.008974,0.006023,0.001989,0.002523,0.001702,0.002831,0.406939,0.005002
202608230805,2026-08-23,08,05R,realtime,0.8101,0.006218,0.009215,0.001808,0.000469,0.000442,0.000690,0.158845,0.094387,0.043409,0.027248,0.015596,0.021640,0.031124,0.058473,0.022159,0.128479,0.019922,0.007099,0.010293,0.007949,0.023593,0.024907,0.018036,0.005090,0.009331,0.002663,0.002308,0.004153,0.002426,0.006436,0.189882,0.045708
202608230806,2026-08-23,08,06R,daily,0.3547,0.001894,0.000835,0.000444,0.000234,0.000185,0.000525,0.011911,0.019173,0.035346,0.028909,0.014279,0.019320,0.018379,0.060980,0.027215,0.024362,0.004132,0.006678,0.009075,0.007170,0.034163,0.003123,0.006370,0.003208,0.007596,0.002772,0.000924,0.001227,0.000752,0.001474,0.645337,0.002008
202608230806,2026-08-23,08,06R,realtime,0.3792,0.003449,0.000279,0.000217,0.000244,0.000194,0.000458,0.009919,0.025976,0.032323,0.027901,0.012963,0.020473,0.015833,0.089402,0.027234,0.022021,0.003930,0.004674,0.008834,0.005720,0.035944,0.003813,0.005372,0.003800,0.007820,0.004334,0.000808,0.001328,0.000731,0.001011,0.620788,0.002207
202608230807,2026-08-23,08,07R,daily,0.6340,0.003300,0.000962,0.000985,0.000323,0.000191,0.000988,0.074717,0.077007,0.059086,0.003954,0.005607,0.082553,0.020675,0.010795,0.011425,0.116016,0.045778,0.023296,0.001322,0.002278,0.020528,0.016462,0.025321,0.004900,0.002208,0.002791,0.002028,0.004721,0.001659,0.002145,0.366030,0.009948
202608230807,2026-08-23,08,07R,realtime,0.6676,0.001099,0.000479,0.000764,0.000274,0.000196,0.000782,0.067491,0.107428,0.051467,0.001543,0.004148,0.100858,0.019409,0.008079,0.011278,0.119443,0.064466,0.023654,0.001311,0.002380,0.017432,0.018121,0.024003,0.004450,0.001436,0.003300,0.001294,0.003589,0.001513,0.000894,0.332440,0.004978
202608230808,2026-08-23,08,08R,daily,0.7516,0.002565,0.001211,0.000694,0.000245,0.000206,0.000421,0.148859,0.053264,0.030954,0.010082,0.004396,0.024965,0.012984,0.028362,0.010643,0.274561,0.027494,0.017796,0.004179,0.001740,0.017796,0.025270,0.016945,0.004004,0.003588,0.001353,0.001584,0.001536,0.001396,0.002246,0.248351,0.020311
202608230808,2026-08-23,08,08R,realtime,0.7378,0.000791,0.001067,0.000338,0.000179,0.000168,0.000254,0.167760,0.051532,0.019435,0.006123,0.001526,0.024380,0.008199,0.023634,0.006623,0.309302,0.021182,0.015432,0.003552,0.001254,0.017561,0.021789,0.016364,0.003355,0.002950,0.001031,0.001161,0.001124,0.000990,0.001353,0.262216,0.007376
202608230809,2026-08-23,08,09R,daily,0.5973,0.003980,0.001200,0.001019,0.000360,0.000240,0.000854,0.047584,0.081745,0.036667,0.014585,0.008749,0.079294,0.019578,0.034875,0.015510,0.099399,0.045133,0.015110,0.003304,0.003927,0.020848,0.013337,0.020056,0.004024,0.005074,0.003430,0.002728,0.002664,0.001715,0.002398,0.402726,0.007888
202608230809,2026-08-23,08,09R,realtime,0.5858,0.002731,0.000583,0.000589,0.000342,0.000254,0.000753,0.030527,0.112363,0.041454,0.007187,0.009922,0.093986,0.020392,0.031089,0.017733,0.077071,0.039514,0.011362,0.003352,0.002990,0.019644,0.010016,0.022232,0.006002,0.004417,0.006286,0.002950,0.002912,0.001543,0.001289,0.414234,0.004281
202608230810,2026-08-23,08,10R,daily,0.4034,0.001889,0.001107,0.000490,0.000286,0.000165,0.000671,0.017339,0.029943,0.080939,0.005716,0.009839,0.032691,0.042520,0.020318,0.015790,0.041771,0.008532,0.023976,0.002100,0.002950,0.025591,0.005887,0.008887,0.008930,0.003252,0.002432,0.001674,0.002116,0.001739,0.001314,0.596570,0.002575
202608230810,2026-08-23,08,10R,realtime,0.4770,0.002077,0.000376,0.000315,0.000300,0.000213,0.000640,0.019359,0.049146,0.096524,0.002364,0.009723,0.036467,0.060501,0.024048,0.018087,0.039500,0.010297,0.032974,0.003034,0.002557,0.024371,0.005939,0.009484,0.014273,0.002825,0.003173,0.001135,0.002485,0.001666,0.000891,0.523046,0.002212
202608230811,2026-08-23,08,11R,daily,0.2567,0.001700,0.000564,0.000396,0.000138,0.000110,0.000339,0.011513,0.025134,0.014851,0.009006,0.006242,0.036795,0.009538,0.035164,0.009270,0.035255,0.007284,0.002949,0.003008,0.001153,0.022584,0.003278,0.007069,0.001241,0.002930,0.001032,0.001541,0.001604,0.001043,0.000818,0.743270,0.003182
202608230811,2026-08-23,08,11R,realtime,0.2241,0.001574,0.000170,0.000300,0.000095,0.000111,0.000249,0.008353,0.015540,0.014826,0.004244,0.003680,0.030305,0.005192,0.032957,0.007128,0.042123,0.006393,0.002206,0.003003,0.000855,0.023686,0.003064,0.008210,0.000770,0.002495,0.000632,0.000666,0.001054,0.000752,0.000783,0.775869,0.002713
202608230812,2026-08-23,08,12R,daily,0.2451,0.001573,0.000589,0.000163,0.000125,0.000090,0.000392,0.004104,0.017650,0.047705,0.003326,0.005064,0.024444,0.022414,0.020990,0.011166,0.020844,0.006599,0.016287,0.001382,0.001315,0.020811,0.001558,0.005556,0.003503,0.001098,0.001126,0.001059,0.001366,0.001116,0.000720,0.754938,0.000928
202608230812,2026-08-23,08,12R,realtime,0.2114,0.002286,0.000141,0.000108,0.000096,0.000093,0.000255,0.002635,0.010825,0.049571,0.001854,0.002003,0.020024,0.017723,0.024367,0.009554,0.016115,0.004501,0.014539,0.001170,0.000922,0.019067,0.001143,0.003517,0.003539,0.000741,0.001171,0.000546,0.001126,0.000870,0.000339,0.788572,0.000588
202608231601,2026-08-23,16,01R,daily,0.5705,0.001151,0.001105,0.000387,0.000231,0.000169,0.000266,0.036089,0.030424,0.116040,0.005588,0.004744,0.025589,0.069599,0.015540,0.004278,0.092078,0.017291,0.064657,0.001555,0.001185,0.021824,0.012362,0.008775,0.030324,0.001719,0.001214,0.001620,0.001003,0.001633,0.000782,0.429488,0.001290
202608231601,2026-08-23,16,01R,realtime,0.5320,0.000744,0.000649,0.000247,0.000211,0.000174,0.000194,0.025516,0.027769,0.129066,0.002647,0.004217,0.022833,0.081189,0.011464,0.003561,0.062435,0.013808,0.068001,0.001510,0.001045,0.020607,0.011155,0.005176,0.030637,0.001179,0.001276,0.000933,0.000946,0.001569,0.000524,0.467977,0.000741
202608231602,2026-08-23,16,02R,daily,0.5297,0.002060,0.002446,0.000964,0.000296,0.000236,0.000520,0.039445,0.048170,0.023224,0.015470,0.035837,0.061615,0.014115,0.024813,0.039130,0.090919,0.020220,0.010853,0.004383,0.007986,0.031807,0.009754,0.017685,0.005224,0.003689,0.009686,0.001536,0.001260,0.001694,0.001958,0.470281,0.002721
202608231602,2026-08-23,16,02R,realtime,0.6447,0.005194,0.003783,0.000890,0.000317,0.000355,0.000202,0.058467,0.042819,0.019138,0.094989,0.005787,0.058822,0.016748,0.147145,0.008591,0.056701,0.019876,0.009079,0.011295,0.002114,0.021648,0.006431,0.011522,0.004085,0.022444,0.001917,0.001550,0.001124,0.001723,0.004192,0.355296,0.005756
202608231603,2026-08-23,16,03R,daily,0.4126,0.001560,0.000998,0.000339,0.000195,0.000153,0.000447,0.037228,0.015893,0.060672,0.006366,0.006637,0.023318,0.039223,0.026322,0.010891,0.101341,0.008603,0.012452,0.002845,0.001317,0.024351,0.010295,0.005555,0.005287,0.002993,0.001294,0.001263,0.001138,0.001798,0.000893,0.587364,0.000966
202608231603,2026-08-23,16,03R,realtime,0.3662,0.004207,0.004396,0.000644,0.000214,0.000222,0.000305,0.036651,0.015244,0.015403,0.014650,0.026567,0.018752,0.015999,0.038563,0.020899,0.077460,0.008288,0.003020,0.003749,0.002694,0.024902,0.008593,0.005914,0.002496,0.004102,0.001599,0.001074,0.001128,0.002853,0.001924,0.633838,0.003647
202608231604,2026-08-23,16,04R,daily,0.4941,0.001527,0.000769,0.000365,0.000218,0.000176,0.000292,0.038701,0.015908,0.105037,0.008624,0.001998,0.020903,0.060907,0.023554,0.002018,0.076553,0.010362,0.043996,0.003085,0.000994,0.027569,0.010399,0.007415,0.022458,0.002889,0.000655,0.001984,0.000815,0.001607,0.000829,0.505948,0.001445
202608231604,2026-08-23,16,04R,realtime,0.4742,0.000807,0.000518,0.000243,0.000211,0.000163,0.000191,0.034975,0.011547,0.121822,0.003547,0.001813,0.017622,0.072297,0.024622,0.001470,0.056995,0.008560,0.039430,0.003269,0.000654,0.025124,0.009174,0.003985,0.028248,0.001893,0.000620,0.000922,0.000765,0.001259,0.000685,0.525787,0.000781
202608231605,2026-08-23,16,05R,daily,0.8685,0.003226,0.001528,0.001473,0.000355,0.000214,0.000551,0.291686,0.033082,0.036346,0.008337,0.027434,0.031159,0.014063,0.010772,0.031634,0.227049,0.040260,0.013923,0.003779,0.003960,0.011400,0.035380,0.011872,0.005407,0.001997,0.009510,0.002335,0.001147,0.001764,0.002340,0.131456,0.004563
202608231605,2026-08-23,16,05R,realtime,0.8919,0.001671,0.004658,0.001041,0.000272,0.000290,0.000202,0.278677,0.020948,0.023728,0.090639,0.002893,0.019043,0.014722,0.167341,0.004825,0.129083,0.030567,0.009647,0.016142,0.000972,0.011974,0.018402,0.006927,0.005875,0.017056,0.000946,0.001955,0.001143,0.002103,0.003100,0.108098,0.005063
202608231606,2026-08-23,16,06R,daily,0.4697,0.001356,0.001744,0.000566,0.000278,0.000167,0.000479,0.023377,0.021591,0.079611,0.006040,0.029723,0.026067,0.042931,0.016053,0.037598,0.082936,0.010312,0.019741,0.002783,0.006041,0.020904,0.008121,0.006863,0.006981,0.001699,0.008860,0.001438,0.001058,0.001930,0.001265,0.530283,0.001201
202608231606,2026-08-23,16,06R,realtime,0.5764,0.001315,0.001002,0.000353,0.000283,0.000230,0.000543,0.024344,0.032398,0.116271,0.002072,0.037015,0.028190,0.062385,0.014578,0.051639,0.089173,0.010542,0.024800,0.002940,0.007464,0.019912,0.010087,0.007616,0.010250,0.001305,0.012621,0.001210,0.001179,0.002342,0.000652,0.423611,0.001680
202608231607,2026-08-23,16,07R,daily,0.2147,0.000745,0.000923,0.000324,0.000123,0.000103,0.000192,0.007049,0.016735,0.010082,0.007413,0.009911,0.024296,0.007140,0.011582,0.014370,0.038333,0.006516,0.003984,0.001640,0.002693,0.030457,0.002976,0.006452,0.001700,0.001801,0.002945,0.000921,0.000772,0.001015,0.000732,0.785343,0.000732
202608231607,2026-08-23,16,07R,realtime,0.1964,0.001095,0.000518,0.000270,0.000118,0.000103,0.000184,0.006340,0.011044,0.009877,0.005285,0.006649,0.021714,0.006206,0.014150,0.016044,0.035032,0.005494,0.002295,0.001513,0.002600,0.030337,0.003451,0.005403,0.001596,0.001485,0.003941,0.000721,0.000668,0.000889,0.000314,0.803631,0.001033
202608231608,2026-08-23,16,08R,daily,0.4497,0.002017,0.001724,0.000590,0.000250,0.000250,0.000445,0.015249,0.037372,0.028448,0.021984,0.011837,0.059964,0.024073,0.063357,0.026326,0.044964,0.014294,0.016555,0.004418,0.005772,0.029789,0.005497,0.011635,0.005628,0.004666,0.006271,0.001288,0.001280,0.001257,0.001340,0.550314,0.001148
202608231608,2026-08-23,16,08R,realtime,0.4268,0.001748,0.000650,0.000348,0.000229,0.000250,0.000342,0.012675,0.048783,0.024635,0.011264,0.008414,0.086226,0.024849,0.051704,0.021002,0.033047,0.011882,0.010540,0.003918,0.005450,0.029908,0.005307,0.009061,0.005431,0.003445,0.010542,0.001393,0.000999,0.001327,0.000700,0.573216,0.000716
202608231609,2026-08-23,16,09R,daily,0.2391,0.000778,0.000717,0.000234,0.000141,0.000094,0.000188,0.005438,0.015278,0.044081,0.005319,0.011478,0.023633,0.029973,0.012573,0.006915,0.018871,0.005168,0.011106,0.001896,0.001337,0.024528,0.002795,0.004724,0.005607,0.001231,0.001242,0.001203,0.000636,0.001064,0.000472,0.760897,0.000382
202608231609,2026-08-23,16,09R,realtime,0.2206,0.001306,0.000286,0.000160,0.000136,0.000104,0.000138,0.004394,0.016685,0.029899,0.004130,0.011403,0.030072,0.027549,0.016606,0.006572,0.013085,0.004716,0.006644,0.001817,0.001360,0.027592,0.002356,0.003714,0.004316,0.001204,0.001186,0.000855,0.000472,0.001153,0.000395,0.779370,0.000326
202608231610,2026-08-23,16,10R,daily,0.4193,0.000905,0.001089,0.000256,0.000135,0.000124,0.000346,0.002350,0.050321,0.035644,0.008816,0.004272,0.123739,0.050737,0.031014,0.005398,0.010579,0.018485,0.018785,0.002354,0.001700,0.022643,0.001349,0.014375,0.005009,0.002655,0.001711,0.001117,0.001015,0.001411,0.000609,0.580713,0.000342
202608231610,2026-08-23,16,10R,realtime,0.3788,0.001849,0.000128,0.000247,0.000122,0.000149,0.000265,0.002200,0.029053,0.052143,0.004675,0.002424,0.117128,0.041773,0.031486,0.004642,0.009898,0.015312,0.012551,0.002107,0.001095,0.023736,0.001389,0.010983,0.004843,0.002743,0.002060,0.000734,0.000849,0.001511,0.000505,0.621168,0.000233
202608231611,2026-08-23,16,11R,daily,0.2959,0.001155,0.000765,0.000506,0.000169,0.000147,0.000345,0.018015,0.015215,0.015309,0.008128,0.013975,0.029678,0.012625,0.025329,0.010372,0.077633,0.006481,0.006375,0.001887,0.002142,0.024220,0.005774,0.004011,0.003883,0.002098,0.002240,0.001442,0.000850,0.001118,0.000963,0.704130,0.003022
202608231611,2026-08-23,16,11R,realtime,0.2103,0.000699,0.000395,0.000151,0.000098,0.000111,0.000194,0.010777,0.014801,0.004201,0.002521,0.007687,0.029398,0.008418,0.020054,0.005954,0.053765,0.003638,0.003535,0.001373,0.001546,0.024708,0.004578,0.002957,0.001977,0.001380,0.001274,0.000551,0.000603,0.000715,0.000469,0.789713,0.001759
202608231612,2026-08-23,16,12R,daily,0.5428,0.002197,0.000802,0.000750,0.000216,0.000213,0.000603,0.059744,0.053050,0.030821,0.006335,0.002965,0.080086,0.026791,0.022218,0.002788,0.109306,0.038496,0.028491,0.003160,0.000935,0.021238,0.016342,0.012219,0.006476,0.002754,0.000806,0.003069,0.002336,0.001620,0.001266,0.457234,0.004675
202608231612,2026-08-23,16,12R,realtime,0.5246,0.001425,0.000826,0.000568,0.000228,0.000235,0.000484,0.070031,0.045766,0.034509,0.005169,0.001430,0.078283,0.026137,0.025533,0.002626,0.104805,0.031373,0.021472,0.003479,0.000706,0.020634,0.016186,0.009868,0.005898,0.003677,0.000828,0.002757,0.002800,0.001450,0.001006,0.475428,0.004385
202608231801,2026-08-23,18,01R,daily,0.3200,0.001481,0.000851,0.000217,0.000187,0.000153,0.000280,0.019310,0.015967,0.044877,0.009388,0.006326,0.012440,0.026683,0.028223,0.008576,0.062613,0.005643,0.011934,0.006305,0.001778,0.025508,0.008527,0.005550,0.005303,0.005439,0.001734,0.000676,0.001022,0.001508,0.000561,0.680034,0.000904
202608231801,2026-08-23,18,01R,realtime,0.3746,0.005740,0.001750,0.000321,0.000125,0.000255,0.000229,0.020124,0.047404,0.009593,0.021251,0.006466,0.033880,0.007244,0.029292,0.012779,0.076728,0.015014,0.006084,0.005151,0.002487,0.030168,0.008292,0.013069,0.002375,0.005834,0.002729,0.000666,0.002914,0.001574,0.000648,0.625363,0.004448
202608231802,2026-08-23,18,02R,daily,0.2929,0.000995,0.000675,0.000167,0.000124,0.000145,0.000278,0.005560,0.031699,0.029273,0.011726,0.001537,0.035961,0.021499,0.031138,0.003006,0.031338,0.010620,0.016314,0.004149,0.001154,0.028566,0.003634,0.008856,0.002952,0.006473,0.000728,0.000673,0.001009,0.001006,0.000511,0.707142,0.001091
202608231802,2026-08-23,18,02R,realtime,0.2687,0.001128,0.000159,0.000086,0.000080,0.000156,0.000203,0.004396,0.027245,0.017279,0.006821,0.000601,0.036998,0.017156,0.041008,0.001682,0.031073,0.008054,0.014477,0.004231,0.000984,0.031485,0.002575,0.007941,0.002728,0.006589,0.000551,0.000331,0.000944,0.000677,0.000307,0.731342,0.000710
202608231803,2026-08-23,18,03R,daily,0.4559,0.001774,0.001439,0.000375,0.000248,0.000179,0.000453,0.008932,0.060985,0.061759,0.008375,0.008630,0.052449,0.035641,0.024678,0.026294,0.032794,0.019066,0.026764,0.004579,0.005924,0.029826,0.004172,0.016585,0.007273,0.003501,0.007148,0.000865,0.002003,0.001284,0.000694,0.544073,0.001236
202608231803,2026-08-23,18,03R,realtime,0.4354,0.001983,0.000241,0.000211,0.000159,0.000260,0.000428,0.006276,0.067479,0.041026,0.006592,0.008205,0.060020,0.032547,0.021684,0.026211,0.031786,0.017516,0.025977,0.004080,0.008485,0.032399,0.003094,0.016798,0.007682,0.003295,0.006876,0.000583,0.001448,0.001108,0.000311,0.564638,0.000598
202608231804,2026-08-23,18,04R,daily,0.3015,0.001064,0.000488,0.000180,0.000117,0.000122,0.000270,0.020083,0.024955,0.018129,0.005981,0.001794,0.018437,0.013021,0.013793,0.003201,0.104982,0.006240,0.009836,0.002321,0.000634,0.029255,0.011618,0.004135,0.003015,0.002392,0.000569,0.000762,0.001153,0.000851,0.000441,0.698544,0.001618
202608231804,2026-08-23,18,04R,realtime,0.2949,0.001069,0.000387,0.000098,0.000089,0.000155,0.000256,0.020854,0.021965,0.010896,0.004957,0.001538,0.016507,0.009241,0.016758,0.003038,0.113645,0.004761,0.006148,0.002448,0.000625,0.031621,0.013258,0.003195,0.002451,0.002652,0.000591,0.000662,0.001911,0.000810,0.000247,0.705093,0.002075
202608231805,2026-08-23,18,05R,daily,0.6996,0.002750,0.001498,0.000771,0.000318,0.000275,0.000573,0.106190,0.069545,0.030580,0.013356,0.008579,0.028815,0.016497,0.024893,0.021305,0.214975,0.030245,0.018940,0.006013,0.003919,0.022540,0.031962,0.014870,0.005515,0.004611,0.005760,0.001249,0.001754,0.001419,0.001633,0.300371,0.008278
202608231805,2026-08-23,18,05R,realtime,0.7062,0.000678,0.000811,0.000266,0.000183,0.000291,0.000445,0.140621,0.054734,0.017296,0.007340,0.007346,0.025291,0.011468,0.022707,0.020415,0.249511,0.032516,0.017865,0.005630,0.005020,0.021666,0.031868,0.011197,0.005306,0.003349,0.005351,0.000749,0.001373,0.001033,0.000669,0.293795,0.003209
202608231806,2026-08-23,18,06R,daily,0.6709,0.003327,0.001548,0.000846,0.000281,0.000311,0.000449,0.050350,0.121251,0.035492,0.032133,0.004470,0.067423,0.022497,0.073488,0.006908,0.074826,0.037884,0.027896,0.015723,0.003655,0.019545,0.012838,0.021138,0.007089,0.016114,0.003274,0.001098,0.001769,0.001334,0.001175,0.329118,0.004749
202608231806,2026-08-23,18,06R,realtime,0.6441,0.001397,0.000402,0.000306,0.000173,0.000338,0.000385,0.039944,0.104397,0.014335,0.051263,0.002056,0.069188,0.013235,0.092594,0.006233,0.081829,0.032927,0.017696,0.023555,0.002921,0.018806,0.011453,0.018556,0.004789,0.025155,0.003194,0.000509,0.002068,0.000768,0.000699,0.355891,0.002940
202608231807,2026-08-23,18,07R,daily,0.6922,0.002889,0.000966,0.000502,0.000248,0.000236,0.000445,0.151896,0.044126,0.025954,0.014330,0.003871,0.015608,0.013989,0.035985,0.005847,0.231406,0.020461,0.010103,0.008808,0.001111,0.019952,0.048033,0.010222,0.004153,0.008901,0.001285,0.001029,0.001296,0.001580,0.001065,0.307753,0.005948
202608231807,2026-08-23,18,07R,realtime,0.7158,0.000652,0.000718,0.000215,0.000127,0.000245,0.000315,0.176389,0.033661,0.016400,0.008482,0.001583,0.013263,0.007255,0.031877,0.003875,0.303229,0.012214,0.008578,0.006698,0.001234,0.018268,0.041663,0.009914,0.002797,0.008712,0.000632,0.000664,0.000956,0.000872,0.000662,0.284233,0.003616
202608231808,2026-08-23,18,08R,daily,0.3451,0.001230,0.000929,0.000296,0.000210,0.000164,0.000338,0.012867,0.028080,0.049815,0.006747,0.007427,0.021241,0.034121,0.019547,0.013975,0.053915,0.008302,0.020531,0.003987,0.003216,0.023616,0.009512,0.005134,0.008033,0.002445,0.003587,0.000790,0.002068,0.000974,0.000598,0.654925,0.001380
202608231808,2026-08-23,18,08R,realtime,0.2875,0.001847,0.000327,0.000116,0.000130,0.000216,0.000312,0.008980,0.029088,0.032020,0.003485,0.006639,0.020356,0.022094,0.015310,0.012837,0.049968,0.006605,0.017621,0.002842,0.003009,0.022303,0.009953,0.004635,0.006454,0.001895,0.003455,0.000616,0.001949,0.000733,0.000272,0.712498,0.001437
202608231809,2026-08-23,18,09R,daily,0.4787,0.001462,0.000822,0.000373,0.000182,0.000136,0.000301,0.060864,0.034607,0.031217,0.002627,0.003301,0.016750,0.016673,0.006837,0.004858,0.197023,0.016391,0.010944,0.002226,0.001007,0.019384,0.022342,0.009276,0.005878,0.001764,0.001829,0.001273,0.001802,0.002119,0.000858,0.521284,0.003591
202608231809,2026-08-23,18,09R,realtime,0.5655,0.000552,0.000700,0.000209,0.000121,0.000138,0.000269,0.115070,0.021271,0.020333,0.001149,0.001534,0.011506,0.012933,0.004154,0.004448,0.275073,0.013917,0.009048,0.001899,0.001067,0.017232,0.029070,0.007317,0.004330,0.001209,0.001904,0.001014,0.001927,0.001580,0.000195,0.434512,0.004317
202608231810,2026-08-23,18,10R,daily,0.4558,0.001654,0.000894,0.000345,0.000179,0.000207,0.000333,0.027525,0.051111,0.041489,0.020069,0.001123,0.028699,0.031129,0.048635,0.002039,0.076322,0.013669,0.018462,0.009000,0.000971,0.034707,0.012175,0.014170,0.006350,0.006886,0.000800,0.001041,0.001199,0.001273,0.000964,0.544232,0.002348
202608231810,2026-08-23,18,10R,realtime,0.4254,0.001188,0.000346,0.000166,0.000110,0.000217,0.000234,0.025733,0.042285,0.032495,0.013261,0.000324,0.031247,0.019657,0.063601,0.001210,0.084531,0.011051,0.013390,0.008617,0.000685,0.033683,0.010208,0.010289,0.006060,0.008905,0.000788,0.000732,0.001472,0.000877,0.000670,0.574596,0.001370
202608231811,2026-08-23,18,11R,daily,0.3584,0.001444,0.000800,0.000342,0.000159,0.000144,0.000343,0.010999,0.062593,0.022077,0.005242,0.003409,0.066253,0.016001,0.010373,0.005725,0.048346,0.029497,0.011305,0.003055,0.001939,0.023560,0.005865,0.015751,0.002463,0.001929,0.002473,0.001132,0.001400,0.001293,0.000832,0.641587,0.001669
202608231811,2026-08-23,18,11R,realtime,0.4100,0.005381,0.001216,0.000575,0.000149,0.000276,0.000348,0.011953,0.083196,0.013441,0.007126,0.007079,0.066545,0.017275,0.010257,0.011667,0.044213,0.036822,0.005968,0.004515,0.002985,0.027636,0.006680,0.024540,0.002040,0.002501,0.003243,0.001207,0.002772,0.001831,0.000857,0.589967,0.005738
202608231812,2026-08-23,18,12R,daily,0.3086,0.001316,0.000546,0.000252,0.000178,0.000144,0.000449,0.012717,0.027688,0.044095,0.005222,0.003021,0.019063,0.030902,0.025252,0.004667,0.047789,0.008350,0.011324,0.004856,0.001206,0.026375,0.008606,0.007100,0.006053,0.003249,0.001062,0.001140,0.001930,0.001123,0.000603,0.691413,0.002309
202608231812,2026-08-23,18,12R,realtime,0.2551,0.001805,0.000147,0.000117,0.000114,0.000157,0.000336,0.009247,0.017515,0.029201,0.004386,0.002469,0.017418,0.021594,0.031673,0.004683,0.042933,0.006276,0.008603,0.004065,0.001093,0.026476,0.006212,0.004425,0.004920,0.003165,0.000863,0.000676,0.002181,0.000984,0.000309,0.744924,0.001032
202608231901,2026-08-23,19,01R,daily,0.6505,0.004563,0.002966,0.000812,0.000330,0.000308,0.000490,0.063318,0.071290,0.043645,0.028221,0.017290,0.067194,0.037258,0.058845,0.026919,0.065146,0.020662,0.021294,0.008990,0.005513,0.037029,0.015858,0.015592,0.005278,0.012001,0.006874,0.000831,0.001962,0.001352,0.002079,0.349512,0.006578
202608231901,2026-08-23,19,01R,realtime,0.5922,0.004239,0.000744,0.000287,0.000230,0.000364,0.000436,0.060481,0.069997,0.027216,0.024971,0.008824,0.066441,0.019995,0.044165,0.025145,0.087741,0.019173,0.016405,0.008073,0.005496,0.041414,0.014648,0.014514,0.003917,0.013001,0.006662,0.000650,0.001367,0.001039,0.001133,0.407787,0.003446
202608231902,2026-08-23,19,02R,daily,0.4758,0.002756,0.001084,0.000465,0.000198,0.000255,0.000281,0.027329,0.048434,0.034895,0.013514,0.005035,0.071824,0.030243,0.023105,0.005186,0.081848,0.017660,0.011674,0.003047,0.001019,0.021852,0.012718,0.028375,0.007050,0.009955,0.001221,0.001413,0.001289,0.001363,0.001404,0.524167,0.009342
202608231902,2026-08-23,19,02R,realtime,0.4876,0.001710,0.000445,0.000282,0.000149,0.000257,0.000187,0.024704,0.051240,0.019502,0.011806,0.001638,0.082360,0.025248,0.025795,0.003258,0.106503,0.016309,0.010791,0.002401,0.001002,0.030989,0.013922,0.027347,0.005808,0.014223,0.001111,0.000897,0.001742,0.001335,0.000871,0.512441,0.003729
202608231903,2026-08-23,19,03R,daily,0.7060,0.004487,0.001572,0.001086,0.000334,0.000283,0.000774,0.057355,0.098756,0.017280,0.018294,0.025354,0.116883,0.015995,0.034812,0.031203,0.105836,0.051878,0.011104,0.003781,0.004637,0.025905,0.020930,0.016799,0.004356,0.005650,0.009596,0.001523,0.002767,0.000990,0.002218,0.294023,0.013536
202608231903,2026-08-23,19,03R,realtime,0.7184,0.001427,0.000779,0.000562,0.000244,0.000292,0.000653,0.077646,0.083106,0.011011,0.006860,0.033908,0.111686,0.007530,0.031186,0.034494,0.134653,0.068545,0.006967,0.003520,0.004936,0.026075,0.025739,0.017145,0.003966,0.004033,0.010835,0.001074,0.002098,0.000734,0.001161,0.281614,0.005520
202608231904,2026-08-23,19,04R,daily,0.3646,0.002049,0.001027,0.000460,0.000228,0.000187,0.000372,0.023304,0.018831,0.021235,0.013879,0.017302,0.019148,0.020021,0.027360,0.022691,0.081713,0.006860,0.004990,0.002709,0.003238,0.036216,0.013864,0.003766,0.002131,0.005082,0.003898,0.001185,0.001580,0.000891,0.001438,0.635417,0.006925
202608231904,2026-08-23,19,04R,realtime,0.3499,0.002379,0.000587,0.000150,0.000161,0.000211,0.000328,0.026320,0.017986,0.015003,0.008771,0.007509,0.019197,0.013132,0.031608,0.021089,0.097042,0.008160,0.004938,0.003047,0.003280,0.034401,0.013694,0.003129,0.002286,0.004796,0.004209,0.000692,0.001147,0.000598,0.000708,0.650139,0.003305
202608231905,2026-08-23,19,05R,daily,0.4128,0.002581,0.000954,0.000501,0.000229,0.000213,0.000355,0.017486,0.016774,0.026122,0.029945,0.011012,0.022393,0.025879,0.099436,0.011667,0.052485,0.005803,0.006770,0.004935,0.002160,0.030505,0.007876,0.004700,0.003844,0.015561,0.002848,0.001081,0.001264,0.000725,0.000970,0.587194,0.005734
202608231906,2026-08-23,19,06R,daily,0.4139,0.001505,0.001319,0.000268,0.000244,0.000154,0.000404,0.006653,0.017104,0.080185,0.007723,0.017947,0.028101,0.099868,0.023111,0.015560,0.022399,0.005490,0.018916,0.002198,0.003075,0.023575,0.005167,0.005269,0.011775,0.004169,0.004766,0.001176,0.001546,0.001080,0.000933,0.586097,0.002225
202608231907,2026-08-23,19,07R,daily,0.4359,0.002248,0.001301,0.000407,0.000139,0.000151,0.000333,0.005763,0.063222,0.011632,0.007113,0.009969,0.170400,0.013622,0.017704,0.015588,0.025048,0.015129,0.007316,0.001856,0.003045,0.027818,0.003007,0.014459,0.002621,0.002644,0.004892,0.000820,0.001728,0.000706,0.000956,0.564078,0.004288
202608231908,2026-08-23,19,08R,daily,0.3219,0.001869,0.000677,0.000335,0.000141,0.000145,0.000194,0.013378,0.035939,0.011870,0.010582,0.003312,0.072884,0.018452,0.018124,0.002265,0.046005,0.014946,0.006256,0.001553,0.000574,0.027182,0.007475,0.010324,0.002349,0.005342,0.000831,0.001416,0.001084,0.000828,0.000832,0.678075,0.004759
202608231909,2026-08-23,19,09R,daily,0.4378,0.002533,0.000904,0.000351,0.000227,0.000161,0.000521,0.049128,0.010987,0.057209,0.004525,0.009610,0.012003,0.048970,0.016680,0.012646,0.124379,0.005630,0.009422,0.001560,0.001246,0.023320,0.017469,0.003233,0.006693,0.003126,0.002435,0.001381,0.001598,0.001592,0.001420,0.562177,0.006863
202608231910,2026-08-23,19,10R,daily,0.3806,0.002291,0.000665,0.000440,0.000148,0.000187,0.000379,0.029452,0.025054,0.009470,0.006832,0.007553,0.055209,0.008992,0.015553,0.007328,0.107129,0.010920,0.003944,0.002847,0.001540,0.027043,0.010463,0.011672,0.002063,0.004346,0.001820,0.001342,0.001087,0.000677,0.001416,0.619445,0.022694
202608231911,2026-08-23,19,11R,daily,0.3976,0.002133,0.000786,0.000416,0.000230,0.000191,0.000462,0.025732,0.020036,0.071174,0.007879,0.006096,0.015340,0.056854,0.031822,0.005265,0.052734,0.006551,0.014601,0.002600,0.001290,0.030538,0.013647,0.004870,0.008271,0.005654,0.001231,0.001317,0.001222,0.001027,0.001192,0.602422,0.006417
202608231912,2026-08-23,19,12R,daily,0.3986,0.003706,0.000883,0.000530,0.000230,0.000205,0.000606,0.022053,0.034260,0.026322,0.006941,0.006760,0.065110,0.027225,0.019258,0.009846,0.059943,0.020567,0.010888,0.002467,0.001375,0.035852,0.010235,0.010261,0.004727,0.004847,0.002825,0.001674,0.002210,0.001339,0.001201,0.601443,0.004213
202608232001,2026-08-23,20,01R,daily,0.6457,0.003467,0.001736,0.000796,0.000384,0.000237,0.000639,0.056516,0.094121,0.041155,0.017412,0.007823,0.069806,0.033144,0.048369,0.009614,0.100710,0.015978,0.042853,0.009078,0.003246,0.015814,0.015416,0.018613,0.015660,0.007301,0.004299,0.001289,0.001196,0.001810,0.001341,0.354258,0.005919
202608232001,2026-08-23,20,01R,realtime,0.6576,0.006705,0.003233,0.000784,0.000296,0.000348,0.000611,0.113255,0.040269,0.038195,0.018843,0.005647,0.023852,0.023696,0.065415,0.012710,0.163549,0.012188,0.016947,0.011354,0.003874,0.019043,0.017128,0.011439,0.021468,0.007359,0.003378,0.001114,0.003059,0.002778,0.001300,0.342372,0.007791
202608232002,2026-08-23,20,02R,daily,0.5080,0.002686,0.001297,0.000578,0.000384,0.000208,0.000665,0.039212,0.040864,0.053303,0.009244,0.009842,0.030783,0.025294,0.029717,0.021104,0.117691,0.010490,0.031579,0.003845,0.003423,0.019376,0.014491,0.008772,0.013334,0.004365,0.005094,0.001283,0.001830,0.001621,0.001054,0.491962,0.004608
202608232002,2026-08-23,20,02R,realtime,0.5533,0.005439,0.001930,0.000445,0.000291,0.000358,0.000433,0.049319,0.047073,0.030249,0.014791,0.003159,0.032304,0.024587,0.063257,0.007752,0.134341,0.011342,0.033149,0.006049,0.002468,0.021631,0.012116,0.008667,0.014793,0.010638,0.001737,0.001125,0.002650,0.001961,0.001087,0.446705,0.008156
202608232003,2026-08-23,20,03R,daily,0.6238,0.004950,0.002073,0.000996,0.000514,0.000290,0.001516,0.044507,0.062769,0.054608,0.013067,0.022650,0.054971,0.042064,0.047499,0.045367,0.064915,0.011112,0.020950,0.012649,0.011071,0.019533,0.011963,0.014689,0.024475,0.010295,0.013628,0.002139,0.002277,0.001830,0.001613,0.376239,0.002781
202608232003,2026-08-23,20,03R,realtime,0.6336,0.002374,0.000484,0.000406,0.000348,0.000336,0.001367,0.041161,0.057438,0.087547,0.003997,0.017697,0.054138,0.035575,0.040627,0.057970,0.070716,0.011240,0.019252,0.011270,0.010661,0.018605,0.013171,0.013531,0.027528,0.009513,0.018671,0.001675,0.002400,0.001744,0.000710,0.366393,0.001456
202608232004,2026-08-23,20,04R,daily,0.6416,0.002689,0.001131,0.000756,0.000394,0.000285,0.000568,0.065179,0.044099,0.048968,0.025329,0.007571,0.017146,0.019874,0.081651,0.010133,0.171010,0.013423,0.017194,0.012408,0.002614,0.022091,0.023711,0.010411,0.010166,0.012415,0.002677,0.001714,0.000873,0.001660,0.001427,0.358376,0.012059
202608232004,2026-08-23,20,04R,realtime,0.5862,0.001598,0.000615,0.000323,0.000244,0.000321,0.000462,0.035856,0.038035,0.045988,0.014590,0.004768,0.018545,0.014166,0.101156,0.006037,0.169378,0.008453,0.012432,0.010791,0.002107,0.027570,0.024151,0.009580,0.010378,0.015417,0.002477,0.001575,0.001113,0.001551,0.001247,0.413823,0.005251
202608232005,2026-08-23,20,05R,daily,0.3715,0.001857,0.000608,0.000412,0.000272,0.000139,0.000469,0.028566,0.019362,0.044635,0.003450,0.004231,0.015842,0.021374,0.011244,0.005908,0.114959,0.006442,0.017937,0.002235,0.000812,0.021700,0.018568,0.005830,0.010806,0.002545,0.001444,0.002580,0.001449,0.001652,0.000799,0.628478,0.003394
202608232005,2026-08-23,20,05R,realtime,0.3767,0.001478,0.000344,0.000155,0.000158,0.000161,0.000358,0.026738,0.013731,0.048644,0.001356,0.001262,0.014403,0.015090,0.010857,0.003555,0.140941,0.006939,0.023952,0.001777,0.000686,0.022354,0.016390,0.005118,0.010237,0.002225,0.001088,0.001750,0.001215,0.001521,0.000392,0.623343,0.001780
202608232006,2026-08-23,20,06R,daily,0.4671,0.002646,0.001180,0.000629,0.000370,0.000224,0.000997,0.025147,0.045905,0.033265,0.011136,0.019802,0.049190,0.022611,0.031245,0.031646,0.069210,0.012857,0.020863,0.007049,0.005619,0.021927,0.007566,0.013706,0.008026,0.004780,0.009132,0.001239,0.001254,0.001586,0.001612,0.532857,0.004721
202608232007,2026-08-23,20,07R,daily,0.3781,0.001582,0.000903,0.000470,0.000205,0.000119,0.000510,0.009370,0.069854,0.016044,0.003105,0.004226,0.102150,0.012613,0.011061,0.011426,0.041350,0.016388,0.012438,0.001213,0.001466,0.024746,0.004401,0.014446,0.004480,0.001831,0.002924,0.001286,0.003053,0.001240,0.000642,0.621928,0.002533
202608232008,2026-08-23,20,08R,daily,0.2197,0.001229,0.000241,0.000207,0.000114,0.000071,0.000235,0.013693,0.021250,0.008850,0.003234,0.001702,0.023020,0.006147,0.011457,0.002837,0.070302,0.006304,0.003798,0.001173,0.000338,0.023805,0.006954,0.003238,0.002402,0.001102,0.000410,0.001030,0.001068,0.000962,0.000329,0.780334,0.002164
202608232009,2026-08-23,20,09R,daily,0.3276,0.001679,0.000567,0.000363,0.000212,0.000153,0.000326,0.019588,0.022769,0.017736,0.017415,0.002398,0.017710,0.014491,0.052846,0.006218,0.066755,0.006817,0.010798,0.005838,0.001343,0.028436,0.006107,0.007965,0.005362,0.005088,0.001572,0.001042,0.000620,0.001126,0.000950,0.672392,0.003319
202608232010,2026-08-23,20,10R,daily,0.3064,0.002155,0.000562,0.000481,0.000223,0.000154,0.000557,0.013884,0.046776,0.019180,0.008226,0.003357,0.044825,0.012053,0.023343,0.005028,0.033644,0.012473,0.010517,0.003295,0.001526,0.029227,0.005219,0.011541,0.004207,0.005212,0.001362,0.001381,0.001364,0.001090,0.000956,0.693580,0.002597
202608232011,2026-08-23,20,11R,daily,0.2937,0.001456,0.000709,0.000389,0.000195,0.000115,0.000351,0.011323,0.045405,0.011411,0.004584,0.004976,0.044933,0.007789,0.011165,0.008538,0.049384,0.014382,0.007068,0.001513,0.000753,0.028652,0.006511,0.016939,0.002555,0.002472,0.001849,0.001359,0.001223,0.001505,0.000835,0.706284,0.003378
202608232012,2026-08-23,20,12R,daily,0.2178,0.001450,0.000601,0.000315,0.000168,0.000090,0.000386,0.008029,0.023097,0.015164,0.003179,0.005309,0.034141,0.010555,0.011600,0.007053,0.033570,0.005969,0.009793,0.001260,0.001458,0.020494,0.003473,0.006453,0.003066,0.001772,0.002138,0.001045,0.001245,0.001106,0.000619,0.782177,0.003225
202608232101,2026-08-23,21,01R,daily,0.4135,0.001304,0.000951,0.000242,0.000138,0.000142,0.000261,0.012044,0.067505,0.048031,0.012118,0.001480,0.076903,0.019122,0.025608,0.003022,0.032517,0.009629,0.021696,0.002730,0.000808,0.033469,0.007061,0.020160,0.004362,0.004591,0.000729,0.001316,0.001374,0.001696,0.000716,0.586528,0.001750
202608232101,2026-08-23,21,01R,realtime,0.3885,0.001348,0.000285,0.000200,0.000118,0.000146,0.000190,0.012001,0.072171,0.035973,0.003534,0.000999,0.087045,0.013809,0.023359,0.002611,0.034479,0.009503,0.016982,0.003176,0.000512,0.030900,0.006192,0.018518,0.004089,0.004068,0.000780,0.000770,0.001595,0.001244,0.000580,0.611460,0.001363
202608232102,2026-08-23,21,02R,daily,0.4842,0.001579,0.000664,0.000247,0.000247,0.000162,0.000452,0.021659,0.020100,0.141404,0.017443,0.004476,0.013988,0.051635,0.044403,0.007557,0.046656,0.006619,0.023069,0.004478,0.001204,0.030512,0.011571,0.006521,0.012618,0.004947,0.001453,0.001936,0.001672,0.002556,0.001128,0.515832,0.001212
202608232102,2026-08-23,21,02R,realtime,0.4295,0.001431,0.000202,0.000138,0.000195,0.000160,0.000295,0.012693,0.016597,0.142676,0.010260,0.001949,0.014856,0.047577,0.042814,0.005933,0.039080,0.003298,0.024162,0.002536,0.000914,0.027069,0.006217,0.004028,0.014052,0.003869,0.001307,0.001057,0.001261,0.001715,0.000669,0.570465,0.000525
202608232103,2026-08-23,21,03R,daily,0.3855,0.001112,0.000632,0.000286,0.000165,0.000145,0.000420,0.005158,0.068711,0.030856,0.024901,0.003516,0.065754,0.012772,0.047784,0.006568,0.020796,0.012442,0.007956,0.003208,0.001480,0.037711,0.004659,0.013360,0.002146,0.005135,0.001269,0.001584,0.001343,0.001255,0.000919,0.614489,0.001469
202608232103,2026-08-23,21,03R,realtime,0.3654,0.001562,0.000145,0.000195,0.000137,0.000153,0.000324,0.003514,0.070937,0.027176,0.020494,0.001879,0.061892,0.009814,0.061979,0.006291,0.016774,0.008768,0.005444,0.004103,0.001131,0.034609,0.003647,0.010211,0.001938,0.006252,0.001193,0.000829,0.001258,0.000989,0.000758,0.634589,0.001015
202608232104,2026-08-23,21,04R,daily,0.2880,0.000960,0.000660,0.000302,0.000179,0.000118,0.000365,0.009334,0.030634,0.050467,0.006994,0.006541,0.023005,0.011738,0.011242,0.015812,0.041293,0.006089,0.007397,0.001263,0.001916,0.030057,0.008835,0.008511,0.002473,0.002099,0.001908,0.001515,0.001316,0.001377,0.000965,0.712022,0.002613
202608232104,2026-08-23,21,04R,realtime,0.2825,0.000984,0.000307,0.000177,0.000161,0.000129,0.000282,0.008223,0.026691,0.051303,0.003046,0.005820,0.023295,0.010416,0.012783,0.015866,0.044181,0.006607,0.006719,0.000979,0.001513,0.030794,0.008708,0.010073,0.002512,0.002516,0.001635,0.001312,0.001470,0.001562,0.000701,0.717493,0.001741
202608232105,2026-08-23,21,05R,daily,0.3209,0.000945,0.000684,0.000212,0.000161,0.000138,0.000410,0.003972,0.014734,0.048532,0.024828,0.019713,0.014150,0.015052,0.040574,0.041163,0.017830,0.002241,0.005859,0.006054,0.003886,0.034172,0.003364,0.004711,0.002582,0.005160,0.004379,0.000938,0.000914,0.001351,0.001361,0.679072,0.000857
202608232105,2026-08-23,21,05R,realtime,0.3095,0.001488,0.000181,0.000108,0.000132,0.000171,0.000373,0.003356,0.018814,0.032392,0.019054,0.014884,0.015516,0.012293,0.047337,0.041898,0.020012,0.001770,0.005324,0.005197,0.005138,0.040058,0.003843,0.004635,0.002409,0.004757,0.004292,0.000534,0.000719,0.001132,0.000805,0.690495,0.000881
202608232106,2026-08-23,21,06R,daily,0.4095,0.001905,0.000914,0.000379,0.000206,0.000171,0.000606,0.008997,0.056379,0.040825,0.016145,0.009424,0.066385,0.011068,0.037754,0.020185,0.030187,0.019101,0.009921,0.003670,0.003191,0.034141,0.004638,0.015211,0.002554,0.003441,0.004163,0.001508,0.001489,0.001775,0.001227,0.590471,0.001971
202608232106,2026-08-23,21,06R,realtime,0.3584,0.001510,0.000225,0.000258,0.000164,0.000162,0.000411,0.007839,0.043354,0.023258,0.011672,0.004741,0.072560,0.007341,0.043979,0.017810,0.030760,0.016302,0.006350,0.003121,0.002271,0.031496,0.004167,0.012754,0.002049,0.004159,0.004057,0.000917,0.001417,0.001437,0.000752,0.641565,0.001142
202608232107,2026-08-23,21,07R,daily,0.4248,0.001386,0.000790,0.000392,0.000218,0.000164,0.000291,0.032616,0.046805,0.062155,0.014776,0.006214,0.028428,0.018048,0.024157,0.007406,0.069073,0.012383,0.014139,0.002859,0.001265,0.026137,0.020626,0.014669,0.004769,0.004086,0.001472,0.001485,0.000967,0.001647,0.001213,0.575211,0.004153
202608232107,2026-08-23,21,07R,realtime,0.4101,0.001518,0.000602,0.000210,0.000213,0.000169,0.000243,0.032422,0.045668,0.066438,0.006340,0.007632,0.035949,0.013294,0.023550,0.007841,0.061306,0.012786,0.008905,0.002538,0.000755,0.027072,0.020139,0.012462,0.004485,0.005062,0.002779,0.001992,0.001203,0.002266,0.001360,0.589891,0.002913
202608232108,2026-08-23,21,08R,daily,0.6266,0.001203,0.001545,0.000346,0.000302,0.000207,0.000569,0.017156,0.061613,0.139700,0.017897,0.017325,0.028602,0.073855,0.055675,0.047141,0.040051,0.010976,0.030511,0.005575,0.005478,0.019509,0.012333,0.006985,0.012082,0.003957,0.006724,0.001406,0.002324,0.002401,0.001412,0.373368,0.001772
202608232108,2026-08-23,21,08R,realtime,0.7006,0.003993,0.000919,0.000336,0.000309,0.000308,0.000361,0.018398,0.060711,0.157323,0.011256,0.008368,0.028920,0.113242,0.108190,0.018827,0.038223,0.008169,0.035652,0.005844,0.002094,0.018941,0.008526,0.008468,0.018180,0.008695,0.002246,0.001354,0.004609,0.003518,0.001595,0.299371,0.003054
202608232109,2026-08-23,21,09R,daily,0.5080,0.001860,0.000728,0.000510,0.000197,0.000115,0.000333,0.065289,0.026769,0.025978,0.006348,0.025765,0.011675,0.004704,0.007403,0.038523,0.179924,0.008490,0.006695,0.000944,0.002189,0.026079,0.042581,0.004725,0.001607,0.000991,0.004411,0.001577,0.001221,0.001366,0.001612,0.492024,0.007367
202608232109,2026-08-23,21,09R,realtime,0.5889,0.002458,0.002067,0.000289,0.000177,0.000184,0.000168,0.116428,0.019172,0.022628,0.039039,0.001193,0.008242,0.005379,0.069312,0.002596,0.183146,0.004819,0.004906,0.005214,0.000327,0.034313,0.032540,0.003446,0.003296,0.006340,0.000311,0.001726,0.001560,0.001599,0.002341,0.411084,0.013699
202608232110,2026-08-23,21,10R,daily,0.4659,0.002000,0.000857,0.000582,0.000297,0.000184,0.000604,0.032290,0.026575,0.058075,0.014377,0.012490,0.013408,0.012248,0.024244,0.034808,0.109168,0.009299,0.007527,0.002969,0.002601,0.033910,0.028050,0.010862,0.002971,0.004564,0.005017,0.002281,0.002195,0.002219,0.002384,0.534128,0.006817
202608232110,2026-08-23,21,10R,realtime,0.4795,0.001396,0.000762,0.000270,0.000290,0.000199,0.000530,0.034524,0.024045,0.056730,0.010735,0.014150,0.014940,0.012782,0.024169,0.049104,0.110442,0.008471,0.006032,0.002276,0.002732,0.034184,0.031364,0.008710,0.003601,0.004430,0.008966,0.003024,0.002060,0.002847,0.001127,0.520493,0.004617
202608232111,2026-08-23,21,11R,daily,0.3504,0.001560,0.000393,0.000317,0.000146,0.000147,0.000324,0.013825,0.042030,0.014180,0.029378,0.003308,0.044917,0.005291,0.050946,0.010201,0.042418,0.011591,0.006760,0.003021,0.000805,0.040514,0.005668,0.007874,0.001914,0.003628,0.001407,0.001372,0.001261,0.001222,0.000979,0.649600,0.003002
202608232111,2026-08-23,21,11R,realtime,0.3199,0.000897,0.000194,0.000192,0.000118,0.000135,0.000216,0.015254,0.033604,0.007463,0.020688,0.003358,0.048864,0.003287,0.059332,0.010778,0.039828,0.008507,0.004678,0.003198,0.000646,0.037394,0.003959,0.005861,0.001599,0.003104,0.001472,0.000874,0.001110,0.000856,0.000867,0.680056,0.001613
202608232112,2026-08-23,21,12R,daily,0.4722,0.001199,0.000699,0.000290,0.000206,0.000175,0.000580,0.005113,0.066219,0.101324,0.015333,0.007074,0.056874,0.047357,0.032188,0.011163,0.010850,0.013992,0.022370,0.005344,0.002628,0.029642,0.003193,0.016188,0.008351,0.004182,0.002555,0.001717,0.001634,0.001429,0.001312,0.527813,0.001004
202608232112,2026-08-23,21,12R,realtime,0.4562,0.001708,0.000106,0.000228,0.000232,0.000195,0.000426,0.005654,0.067199,0.063135,0.009367,0.009549,0.077778,0.041022,0.039681,0.008361,0.011747,0.017468,0.017467,0.003604,0.001907,0.038162,0.003755,0.012775,0.008886,0.005046,0.004122,0.001278,0.001765,0.001987,0.001058,0.543794,0.000538
202608232201,2026-08-23,22,01R,daily,0.2496,0.000528,0.000578,0.000164,0.000105,0.000089,0.000105,0.017193,0.046697,0.020522,0.008221,0.002316,0.017818,0.008200,0.009358,0.001272,0.040763,0.004597,0.005946,0.001162,0.000542,0.037318,0.005730,0.007797,0.003215,0.004092,0.000699,0.000540,0.001070,0.001166,0.000467,0.750370,0.001358
202608232201,2026-08-23,22,01R,realtime,0.2303,0.001484,0.000231,0.000076,0.000092,0.000096,0.000097,0.018200,0.032322,0.014355,0.005644,0.002432,0.016099,0.005934,0.011596,0.001425,0.043081,0.003881,0.004209,0.001058,0.000396,0.041959,0.006152,0.006125,0.003072,0.004358,0.001026,0.000433,0.001900,0.001226,0.000232,0.769718,0.001090
202608232202,2026-08-23,22,02R,daily,0.4443,0.001082,0.001126,0.000460,0.000269,0.000197,0.000354,0.027874,0.081791,0.032784,0.028113,0.015750,0.031392,0.017587,0.035356,0.009652,0.038568,0.015199,0.010364,0.004159,0.003503,0.037198,0.006436,0.014392,0.005405,0.010973,0.008103,0.000892,0.001489,0.001182,0.001114,0.555682,0.001554
202608232202,2026-08-23,22,02R,realtime,0.4344,0.001261,0.000211,0.000170,0.000192,0.000230,0.000298,0.033093,0.079897,0.024041,0.025951,0.008625,0.035571,0.013559,0.041238,0.009813,0.042658,0.012915,0.011050,0.004116,0.003012,0.037050,0.006802,0.013152,0.005221,0.010759,0.008820,0.000613,0.001337,0.001110,0.000720,0.565596,0.000915
202608232203,2026-08-23,22,03R,daily,0.7153,0.001558,0.000936,0.000471,0.000204,0.000160,0.000468,0.075259,0.225688,0.031640,0.007094,0.006721,0.099102,0.011728,0.009019,0.005672,0.068807,0.050003,0.012773,0.001712,0.001448,0.026821,0.008976,0.046170,0.007118,0.003516,0.004741,0.000719,0.001869,0.001120,0.001081,0.284652,0.002753
202608232203,2026-08-23,22,03R,realtime,0.7191,0.000711,0.000257,0.000354,0.000158,0.000173,0.000402,0.057938,0.234054,0.023970,0.004466,0.006289,0.124323,0.008726,0.009778,0.005161,0.068763,0.055665,0.012025,0.001139,0.001348,0.025521,0.009701,0.045132,0.006645,0.003593,0.006130,0.000636,0.002378,0.001446,0.000631,0.280939,0.001546
202608232204,2026-08-23,22,04R,daily,0.6467,0.002562,0.001176,0.000619,0.000208,0.000226,0.000500,0.064474,0.184443,0.021841,0.022520,0.002868,0.085971,0.010933,0.021712,0.004130,0.058215,0.030659,0.010706,0.005504,0.001973,0.032595,0.007541,0.045949,0.004327,0.012205,0.004130,0.001279,0.001863,0.001243,0.001863,0.353344,0.002422
202608232204,2026-08-23,22,04R,realtime,0.6711,0.001052,0.000299,0.000415,0.000152,0.000255,0.000434,0.059916,0.199274,0.020900,0.021372,0.002040,0.099630,0.007676,0.027148,0.003792,0.064649,0.033323,0.009196,0.005702,0.002080,0.029504,0.010081,0.042211,0.005203,0.011862,0.006202,0.001019,0.001971,0.001252,0.001063,0.328874,0.001451
202608232205,2026-08-23,22,05R,daily,0.7147,0.001645,0.000542,0.000375,0.000196,0.000196,0.000436,0.221839,0.060415,0.024974,0.013974,0.003634,0.013105,0.010494,0.026562,0.003117,0.206672,0.015123,0.005845,0.003504,0.000618,0.026893,0.037404,0.010436,0.006193,0.009781,0.001291,0.001053,0.001243,0.001060,0.001018,0.285253,0.005109
202608232205,2026-08-23,22,05R,realtime,0.7293,0.000635,0.000546,0.000232,0.000150,0.000226,0.000418,0.229870,0.047692,0.029249,0.007956,0.004041,0.013869,0.007210,0.028962,0.002496,0.234926,0.013113,0.005560,0.003221,0.000675,0.025459,0.035728,0.009045,0.006538,0.011270,0.001527,0.001450,0.001745,0.001251,0.001062,0.270701,0.003180
202608232206,2026-08-23,22,06R,daily,0.6417,0.002469,0.001031,0.000591,0.000237,0.000218,0.000399,0.139197,0.100840,0.032866,0.023853,0.004484,0.024491,0.015926,0.053313,0.002938,0.093348,0.021787,0.011352,0.007247,0.001320,0.030757,0.025165,0.013545,0.005009,0.017394,0.002019,0.001248,0.001895,0.001622,0.001229,0.358255,0.003954
202608232206,2026-08-23,22,06R,realtime,0.6272,0.001520,0.000549,0.000276,0.000185,0.000254,0.000360,0.123717,0.119000,0.028134,0.022590,0.008144,0.032668,0.011632,0.053990,0.004423,0.087233,0.014542,0.008003,0.009374,0.001063,0.030674,0.020793,0.013802,0.004874,0.018523,0.002372,0.001226,0.002564,0.001482,0.001328,0.372816,0.001889
202608232207,2026-08-23,22,07R,daily,0.5343,0.001646,0.001976,0.000477,0.000250,0.000164,0.000638,0.020935,0.134083,0.055086,0.007204,0.011120,0.049884,0.020482,0.012194,0.015478,0.041561,0.020240,0.012865,0.002729,0.005699,0.042970,0.005056,0.034404,0.007569,0.004600,0.016775,0.001212,0.002365,0.001846,0.001406,0.465684,0.001401
202608232207,2026-08-23,22,07R,realtime,0.7300,0.004610,0.006406,0.000599,0.000264,0.000340,0.000451,0.134403,0.079099,0.096425,0.012975,0.005483,0.010742,0.042901,0.019058,0.003307,0.160126,0.008990,0.022001,0.003467,0.001892,0.020794,0.030050,0.012528,0.016009,0.005569,0.002819,0.001367,0.003625,0.002773,0.002895,0.270039,0.017993
202608232208,2026-08-23,22,08R,daily,0.4510,0.001465,0.000356,0.000281,0.000154,0.000132,0.000279,0.088652,0.036102,0.028998,0.008555,0.001675,0.012001,0.008344,0.013282,0.001070,0.150784,0.008776,0.006762,0.002074,0.000307,0.033919,0.021343,0.007920,0.004893,0.004882,0.000725,0.001258,0.000972,0.001264,0.000692,0.549015,0.003068
202608232208,2026-08-23,22,08R,realtime,0.5551,0.002292,0.001755,0.000359,0.000158,0.000198,0.000240,0.161568,0.027911,0.026531,0.006869,0.002294,0.010992,0.012548,0.009157,0.001421,0.182823,0.010628,0.010493,0.001424,0.000419,0.029918,0.020862,0.007399,0.007498,0.003946,0.001169,0.001832,0.002917,0.002218,0.001067,0.444886,0.006208
202608232209,2026-08-23,22,09R,daily,0.3771,0.001576,0.000954,0.000356,0.000171,0.000115,0.000351,0.063485,0.032266,0.030813,0.004379,0.010723,0.010424,0.007549,0.005163,0.010293,0.106504,0.007700,0.006903,0.001298,0.001682,0.032294,0.014266,0.008541,0.002202,0.002937,0.006054,0.000765,0.001507,0.002058,0.001308,0.622943,0.002421
202608232209,2026-08-23,22,09R,realtime,0.3429,0.001052,0.000522,0.000145,0.000103,0.000121,0.000309,0.041049,0.031228,0.022963,0.001897,0.008135,0.011144,0.006608,0.002787,0.008943,0.122157,0.007184,0.007571,0.000987,0.002078,0.026104,0.012276,0.008813,0.003159,0.000974,0.008940,0.000581,0.001618,0.001597,0.000311,0.657110,0.001531
202608232210,2026-08-23,22,10R,daily,0.4050,0.001467,0.000822,0.000395,0.000234,0.000211,0.000482,0.021204,0.043912,0.031556,0.026146,0.020423,0.015812,0.016591,0.060034,0.012066,0.043148,0.007194,0.003808,0.007695,0.003411,0.033846,0.008393,0.008703,0.005208,0.018867,0.006585,0.001372,0.001127,0.001295,0.001202,0.594967,0.001823
202608232210,2026-08-23,22,10R,realtime,0.4080,0.001536,0.000240,0.000181,0.000177,0.000277,0.000460,0.021749,0.047034,0.024888,0.026492,0.015369,0.017716,0.014386,0.050620,0.012185,0.051076,0.006886,0.002892,0.011297,0.003657,0.036393,0.009170,0.011737,0.005403,0.021573,0.007996,0.001435,0.001497,0.001225,0.000862,0.591987,0.001603
202608232211,2026-08-23,22,11R,daily,0.3266,0.000943,0.000407,0.000278,0.000118,0.000108,0.000236,0.047309,0.055149,0.008242,0.007541,0.002395,0.025244,0.004714,0.013308,0.002015,0.073962,0.008700,0.002475,0.001689,0.000535,0.040082,0.009358,0.007879,0.001746,0.003989,0.001030,0.000889,0.001919,0.000996,0.000601,0.673436,0.002707
202608232212,2026-08-23,22,12R,daily,0.3053,0.000923,0.000480,0.000258,0.000149,0.000098,0.000332,0.019729,0.052524,0.033859,0.003024,0.003829,0.024393,0.017247,0.006630,0.002920,0.057000,0.006829,0.010956,0.000675,0.000853,0.027942,0.008881,0.005980,0.008451,0.001982,0.002237,0.001494,0.002395,0.001002,0.000522,0.694697,0.001708
202608232301,2026-08-23,23,01R,daily,0.3091,0.001797,0.001078,0.000372,0.000252,0.000150,0.000302,0.008605,0.031405,0.023344,0.009857,0.006249,0.042174,0.016248,0.021103,0.008604,0.039126,0.015496,0.013331,0.002458,0.001343,0.032315,0.004120,0.013056,0.004133,0.003282,0.002173,0.001376,0.000854,0.001435,0.000819,0.690915,0.002226
202608232301,2026-08-23,23,01R,realtime,0.2403,0.002008,0.000236,0.000220,0.000198,0.000133,0.000201,0.007954,0.019059,0.012894,0.006842,0.002353,0.035274,0.009141,0.020730,0.006199,0.039783,0.013621,0.008877,0.002320,0.001065,0.027894,0.003058,0.008535,0.003007,0.002360,0.001976,0.000725,0.000589,0.001104,0.000445,0.759720,0.001480
202608232302,2026-08-23,23,02R,daily,0.4400,0.003030,0.001070,0.000676,0.000286,0.000256,0.000413,0.019918,0.051379,0.020930,0.021314,0.005682,0.066970,0.015461,0.036301,0.008905,0.058900,0.024044,0.013655,0.007226,0.001404,0.030529,0.008556,0.020021,0.003762,0.007409,0.001802,0.001774,0.001231,0.001610,0.001534,0.560020,0.003935
202608232302,2026-08-23,23,02R,realtime,0.4111,0.001771,0.000392,0.000628,0.000233,0.000233,0.000276,0.015139,0.049249,0.014538,0.019479,0.002911,0.084306,0.008385,0.039829,0.005391,0.060440,0.023540,0.008337,0.006230,0.001088,0.024656,0.008149,0.017137,0.003457,0.006520,0.002020,0.001274,0.001087,0.001221,0.001370,0.588874,0.001842
202608232303,2026-08-23,23,03R,daily,0.4085,0.002060,0.001588,0.000502,0.000306,0.000203,0.000377,0.011265,0.029901,0.063171,0.010953,0.005026,0.028175,0.035422,0.030569,0.012590,0.052120,0.010111,0.027643,0.005141,0.003465,0.033278,0.007283,0.010119,0.010586,0.004507,0.002867,0.001414,0.001323,0.002018,0.001203,0.591463,0.003349
202608232303,2026-08-23,23,03R,realtime,0.3686,0.001486,0.000447,0.000343,0.000333,0.000199,0.000245,0.011187,0.024322,0.048469,0.010005,0.012405,0.028278,0.029504,0.022530,0.022494,0.053072,0.004912,0.019827,0.003088,0.001631,0.029070,0.004171,0.009695,0.016773,0.003453,0.003062,0.001693,0.002056,0.001758,0.001103,0.631375,0.001013
202608232304,2026-08-23,23,04R,daily,0.4079,0.002700,0.001290,0.000648,0.000339,0.000253,0.000474,0.015766,0.026024,0.031440,0.024708,0.009321,0.027478,0.019110,0.058653,0.016965,0.050944,0.012597,0.014559,0.009735,0.004139,0.038578,0.006904,0.009701,0.004700,0.007411,0.003967,0.001625,0.000934,0.001512,0.001637,0.592103,0.003786
202608232304,2026-08-23,23,04R,realtime,0.3642,0.002204,0.000436,0.000348,0.000321,0.000215,0.000304,0.017412,0.012303,0.029945,0.022304,0.003815,0.021185,0.013211,0.069455,0.016637,0.049931,0.010541,0.009100,0.008972,0.002271,0.036415,0.006990,0.006547,0.005029,0.006751,0.005092,0.001289,0.000920,0.001257,0.001049,0.635763,0.001989
202608232305,2026-08-23,23,05R,daily,0.2427,0.001573,0.000594,0.000226,0.000169,0.000116,0.000237,0.008605,0.012680,0.033308,0.008999,0.003501,0.016435,0.026347,0.022508,0.004618,0.032296,0.003922,0.009419,0.002759,0.000391,0.027608,0.006432,0.005305,0.004356,0.004503,0.000534,0.001138,0.000732,0.001642,0.000542,0.757332,0.001172
202608232305,2026-08-23,23,05R,realtime,0.2301,0.002274,0.000308,0.000149,0.000202,0.000117,0.000165,0.010407,0.011434,0.029908,0.004103,0.001941,0.015578,0.024370,0.024457,0.005934,0.030441,0.003369,0.009076,0.002513,0.000259,0.027362,0.004356,0.005475,0.004125,0.005601,0.000592,0.001030,0.000827,0.001759,0.000666,0.769931,0.001271
202608232306,2026-08-23,23,06R,daily,0.5896,0.003715,0.001436,0.000650,0.000287,0.000209,0.000376,0.038035,0.079184,0.040653,0.008786,0.001889,0.105529,0.036015,0.031460,0.002778,0.067583,0.049921,0.028659,0.004048,0.000753,0.025922,0.012154,0.023029,0.007294,0.005208,0.000858,0.002134,0.001740,0.002758,0.001049,0.410426,0.005464
202608232306,2026-08-23,23,06R,realtime,0.5795,0.002925,0.000638,0.000627,0.000290,0.000209,0.000254,0.027286,0.092711,0.049475,0.003280,0.004005,0.147489,0.032060,0.017628,0.003853,0.047909,0.045186,0.016770,0.004508,0.000483,0.017616,0.008360,0.028924,0.009448,0.003417,0.001741,0.002904,0.002525,0.003153,0.001225,0.420514,0.002586
202608232307,2026-08-23,23,07R,daily,0.6897,0.003470,0.001489,0.000858,0.000376,0.000296,0.000465,0.063429,0.072624,0.057418,0.011383,0.002414,0.044881,0.041059,0.033868,0.006416,0.142097,0.034564,0.052139,0.005175,0.001682,0.025004,0.019441,0.022835,0.020000,0.003982,0.002072,0.002172,0.001470,0.002001,0.001753,0.310340,0.012831
202608232307,2026-08-23,23,07R,realtime,0.6508,0.001146,0.000612,0.000649,0.000352,0.000315,0.000324,0.048890,0.069636,0.041387,0.009311,0.000993,0.056833,0.033969,0.035044,0.004036,0.155230,0.029203,0.060904,0.002817,0.001351,0.024486,0.015664,0.018455,0.018695,0.005332,0.002010,0.002320,0.001476,0.002350,0.001394,0.349182,0.005633
202608232308,2026-08-23,23,08R,daily,0.5355,0.004337,0.002048,0.000779,0.000398,0.000332,0.000437,0.021299,0.047870,0.047733,0.036558,0.009553,0.031721,0.026076,0.083311,0.013986,0.059465,0.018866,0.020976,0.014796,0.002861,0.026820,0.011818,0.018605,0.006800,0.012361,0.003119,0.002165,0.000833,0.002437,0.001914,0.464453,0.005271
202608232308,2026-08-23,23,08R,realtime,0.5052,0.002888,0.000504,0.000465,0.000298,0.000336,0.000349,0.015818,0.034458,0.038923,0.027799,0.005497,0.034948,0.017807,0.111261,0.008520,0.070696,0.015232,0.016288,0.011202,0.002074,0.029936,0.013928,0.013798,0.006758,0.013319,0.003612,0.001494,0.001080,0.002199,0.001433,0.494792,0.002286
202608232309,2026-08-23,23,09R,daily,0.3048,0.002539,0.001319,0.000585,0.000263,0.000163,0.000291,0.019353,0.025433,0.023307,0.009455,0.010956,0.020479,0.011580,0.019391,0.011904,0.058375,0.009585,0.009879,0.002822,0.002174,0.027204,0.009781,0.008529,0.002910,0.004114,0.002376,0.001182,0.000832,0.001480,0.001060,0.695218,0.005464
202608232309,2026-08-23,23,09R,realtime,0.3185,0.002561,0.000683,0.000247,0.000213,0.000193,0.000279,0.015691,0.030332,0.026579,0.005348,0.011595,0.022494,0.013249,0.020192,0.011415,0.063112,0.007196,0.012092,0.002818,0.002618,0.029297,0.012523,0.008646,0.003315,0.003795,0.003403,0.000842,0.001142,0.001656,0.000609,0.681512,0.004353
202608232310,2026-08-23,23,10R,daily,0.4170,0.002447,0.000757,0.000667,0.000287,0.000228,0.000417,0.035942,0.024948,0.020128,0.016964,0.007096,0.016133,0.012208,0.034966,0.010039,0.124145,0.010766,0.008432,0.006227,0.001222,0.028470,0.019160,0.009460,0.003011,0.006193,0.001691,0.001318,0.000930,0.001264,0.001821,0.583042,0.009621
202608232310,2026-08-23,23,10R,realtime,0.3976,0.001523,0.000466,0.000295,0.000215,0.000221,0.000323,0.027544,0.029063,0.010151,0.010261,0.005648,0.018477,0.008474,0.040770,0.006319,0.131274,0.008845,0.008780,0.004020,0.001170,0.034314,0.019734,0.008445,0.002777,0.006153,0.001941,0.001159,0.001025,0.001435,0.001272,0.602427,0.005482
202608232311,2026-08-23,23,11R,daily,0.4713,0.003612,0.000875,0.000929,0.000354,0.000220,0.000599,0.041410,0.050220,0.022641,0.010170,0.005805,0.052633,0.015952,0.032618,0.009458,0.091218,0.029602,0.010635,0.005197,0.001386,0.026429,0.017155,0.013609,0.003469,0.004069,0.002116,0.002243,0.002708,0.001833,0.001556,0.528661,0.010619
202608232311,2026-08-23,23,11R,realtime,0.5909,0.009013,0.003190,0.001294,0.000431,0.000451,0.000520,0.045394,0.049351,0.031861,0.010051,0.022772,0.033043,0.027977,0.024746,0.017480,0.133277,0.024268,0.023837,0.003330,0.003391,0.028709,0.022408,0.012246,0.010953,0.002918,0.003458,0.002836,0.005769,0.003501,0.002199,0.409070,0.030258
202608232312,2026-08-23,23,12R,daily,0.4307,0.001744,0.000990,0.000680,0.000263,0.000180,0.000675,0.012772,0.063388,0.025732,0.004045,0.009679,0.082131,0.026621,0.010257,0.013710,0.061712,0.027663,0.014996,0.001470,0.002409,0.018566,0.007884,0.015696,0.004898,0.001844,0.003536,0.001973,0.001600,0.001334,0.001723,0.569296,0.010532
202608232312,2026-08-23,23,12R,realtime,0.3729,0.000957,0.000239,0.000335,0.000175,0.000190,0.000469,0.008659,0.056971,0.018017,0.001595,0.006650,0.073653,0.019740,0.007007,0.009254,0.064466,0.023523,0.016924,0.000886,0.001984,0.020138,0.008287,0.015590,0.003738,0.001599,0.002895,0.001021,0.001083,0.001386,0.000889,0.627077,0.004603
202608232401,2026-08-23,24,01R,daily,0.4670,0.002759,0.001444,0.000332,0.000264,0.000183,0.000527,0.020818,0.039184,0.052827,0.012953,0.013237,0.039878,0.031774,0.036467,0.025855,0.076503,0.015371,0.020895,0.003037,0.002259,0.028983,0.011549,0.009043,0.004080,0.006255,0.002594,0.001922,0.000923,0.001743,0.001528,0.532980,0.001834
202608232402,2026-08-23,24,02R,daily,0.3135,0.001946,0.000695,0.000214,0.000167,0.000139,0.000338,0.012469,0.012389,0.032980,0.012272,0.003093,0.015648,0.021901,0.047140,0.007934,0.063892,0.003395,0.009594,0.003168,0.001220,0.036512,0.004929,0.004234,0.004722,0.006079,0.001204,0.001420,0.000656,0.001133,0.000868,0.686487,0.001160
202608232403,2026-08-23,24,03R,daily,0.5344,0.002525,0.001043,0.000356,0.000233,0.000179,0.000496,0.050234,0.021921,0.064480,0.009664,0.003833,0.017461,0.033346,0.032127,0.008771,0.171704,0.007293,0.030342,0.002888,0.001340,0.022880,0.021046,0.005788,0.008421,0.004823,0.001425,0.001547,0.000728,0.001822,0.001733,0.465636,0.003917
202608232404,2026-08-23,24,04R,daily,0.4983,0.003586,0.000675,0.000424,0.000252,0.000221,0.000490,0.030446,0.025705,0.059649,0.024283,0.002781,0.032164,0.039217,0.073152,0.006491,0.068407,0.012640,0.033301,0.007601,0.001508,0.031808,0.009924,0.005478,0.009042,0.009890,0.001333,0.002391,0.001007,0.001364,0.001337,0.501701,0.001734
202608232405,2026-08-23,24,05R,daily,0.4935,0.002617,0.001246,0.000556,0.000351,0.000189,0.000666,0.024837,0.023094,0.075447,0.010416,0.020530,0.025471,0.037737,0.040364,0.032673,0.093236,0.007005,0.019011,0.004471,0.005206,0.018404,0.007236,0.006761,0.012907,0.005053,0.007209,0.002148,0.001212,0.001769,0.001704,0.506523,0.003949
202608232406,2026-08-23,24,06R,daily,0.4526,0.002771,0.000674,0.000378,0.000213,0.000208,0.000453,0.014511,0.033870,0.034035,0.027965,0.003893,0.042045,0.022512,0.108326,0.009977,0.050921,0.007921,0.016510,0.007588,0.001223,0.021035,0.004493,0.010337,0.005953,0.016245,0.001567,0.001377,0.000920,0.001131,0.001229,0.547351,0.002368
202608232407,2026-08-23,24,07R,daily,0.3105,0.001884,0.000703,0.000300,0.000140,0.000096,0.000289,0.025597,0.018429,0.016958,0.005093,0.003966,0.019909,0.009277,0.016383,0.011969,0.108534,0.005693,0.005868,0.001295,0.001001,0.032632,0.008948,0.003980,0.001289,0.002028,0.001368,0.001201,0.000632,0.001360,0.001172,0.689512,0.002495
202608232408,2026-08-23,24,08R,daily,0.3117,0.001637,0.000819,0.000223,0.000208,0.000126,0.000553,0.006215,0.018523,0.051708,0.006871,0.008069,0.027501,0.035828,0.032362,0.013665,0.031247,0.004875,0.014469,0.001929,0.001588,0.024638,0.003859,0.006663,0.005759,0.004177,0.002263,0.001396,0.000762,0.001355,0.001062,0.688260,0.001390
202608232409,2026-08-23,24,09R,daily,0.5756,0.004544,0.001546,0.000551,0.000278,0.000222,0.000808,0.048014,0.047793,0.062482,0.006972,0.006625,0.046072,0.029303,0.029856,0.012802,0.146202,0.020852,0.027789,0.004019,0.002521,0.018999,0.012173,0.013444,0.008578,0.004971,0.002709,0.002581,0.001174,0.003039,0.002349,0.424383,0.006351
202608232410,2026-08-23,24,10R,daily,0.4493,0.002262,0.000762,0.000325,0.000243,0.000175,0.000785,0.016531,0.031038,0.092775,0.005751,0.003682,0.033113,0.063230,0.029324,0.008161,0.052437,0.010663,0.028846,0.002688,0.001527,0.020934,0.007287,0.010159,0.012455,0.005005,0.001596,0.001741,0.001024,0.001469,0.001348,0.550658,0.002004
202608232411,2026-08-23,24,11R,daily,0.2797,0.001771,0.000643,0.000201,0.000129,0.000120,0.000874,0.004819,0.022152,0.021641,0.005262,0.002946,0.044791,0.024878,0.044159,0.009342,0.031180,0.006505,0.008908,0.002222,0.000904,0.023935,0.003055,0.003569,0.003224,0.004466,0.001023,0.001674,0.001372,0.001768,0.000913,0.720259,0.001291
202608232412,2026-08-23,24,12R,daily,0.2742,0.001580,0.000399,0.000176,0.000128,0.000103,0.000555,0.009219,0.018901,0.027448,0.003393,0.001999,0.038568,0.016891,0.017631,0.004929,0.058978,0.006078,0.009951,0.001459,0.000656,0.033616,0.004369,0.005004,0.003289,0.002499,0.000748,0.001542,0.000736,0.001125,0.000703,0.725834,0.001493
