レースコード,レース日,レース場コード,レース回,状態,1枠_コースpt,1枠_寄与_コースpt,1枠_選手pt,1枠_寄与_選手pt,1枠_モーターpt,1枠_寄与_モーターpt,1枠_展示pt,1枠_寄与_展示pt,1枠_気象pt,1枠_寄与_気象pt,1枠_強さpt,2枠_コースpt,2枠_寄与_コースpt,2枠_選手pt,2枠_寄与_選手pt,2枠_モーターpt,2枠_寄与_モーターpt,2枠_展示pt,2枠_寄与_展示pt,2枠_気象pt,2枠_寄与_気象pt,2枠_強さpt,3枠_コースpt,3枠_寄与_コースpt,3枠_選手pt,3枠_寄与_選手pt,3枠_モーターpt,3枠_寄与_モーターpt,3枠_展示pt,3枠_寄与_展示pt,3枠_気象pt,3枠_寄与_気象pt,3枠_強さpt,4枠_コースpt,4枠_寄与_コースpt,4枠_選手pt,4枠_寄与_選手pt,4枠_モーターpt,4枠_寄与_モーターpt,4枠_展示pt,4枠_寄与_展示pt,4枠_気象pt,4枠_寄与_気象pt,4枠_強さpt,5枠_コースpt,5枠_寄与_コースpt,5枠_選手pt,5枠_寄与_選手pt,5枠_モーターpt,5枠_寄与_モーターpt,5枠_展示pt,5枠_寄与_展示pt,5枠_気象pt,5枠_寄与_気象pt,5枠_強さpt,6枠_コースpt,6枠_寄与_コースpt,6枠_選手pt,6枠_寄与_選手pt,6枠_モーターpt,6枠_寄与_モーターpt,6枠_展示pt,6枠_寄与_展示pt,6枠_気象pt,6枠_寄与_気象pt,6枠_強さpt
202608090201,2026-08-09,02,1R,daily,68.9,19.09,42.8,11.4,53.05,7.41,50.0,11.41,50.0,4.44,53.75,51.16,14.18,44.79,11.92,55.93,7.81,50.0,11.41,50.0,4.44,49.76,48.07,13.32,48.76,12.98,44.54,6.22,50.0,11.41,50.0,4.44,48.37,49.45,13.7,48.76,12.98,41.62,5.81,50.0,11.41,50.0,4.44,48.35,43.05,11.93,34.86,9.28,43.04,6.01,50.0,11.41,50.0,4.44,43.07,39.22,10.87,50.75,13.51,45.6,6.37,50.0,11.41,50.0,4.44,46.6
202608090201,2026-08-09,02,1R,realtime,68.9,19.09,42.8,11.4,53.56,7.48,56.17,12.82,49.49,4.4,55.18,51.16,14.18,44.79,11.92,57.44,8.02,60.06,13.71,49.07,4.36,52.19,48.07,13.32,48.76,12.98,44.28,6.18,44.89,10.25,50.08,4.45,47.18,49.45,13.7,48.76,12.98,42.1,5.88,50.19,11.46,50.35,4.47,48.49,39.22,10.87,34.86,9.28,42.75,5.97,40.88,9.33,50.64,4.5,39.94,43.05,11.93,50.75,13.51,44.98,6.28,47.78,10.91,50.23,4.46,47.09
202608090202,2026-08-09,02,2R,daily,65.73,18.22,42.8,11.4,48.04,6.71,50.0,11.41,50.0,4.44,52.17,54.32,15.05,76.56,20.38,35.69,4.98,50.0,11.41,50.0,4.44,56.27,50.44,13.98,42.8,11.4,47.18,6.59,50.0,11.41,50.0,4.44,47.81,46.69,12.94,34.86,9.28,41.76,5.83,50.0,11.41,50.0,4.44,43.9,43.44,12.04,40.82,10.87,41.52,5.8,50.0,11.41,50.0,4.44,44.55,39.22,10.87,40.82,10.87,55.33,7.72,50.0,11.41,50.0,4.44,45.31
202608090202,2026-08-09,02,2R,realtime,65.73,18.22,42.8,11.4,49.06,6.85,60.1,13.72,49.37,4.38,54.56,54.32,15.05,76.56,20.38,36.09,5.04,51.82,11.83,47.75,4.24,56.54,50.44,13.98,42.8,11.4,47.27,6.6,42.72,9.75,50.41,4.48,46.2,43.44,12.04,34.86,9.28,41.6,5.81,55.6,12.69,51.3,4.56,44.37,39.22,10.87,40.82,10.87,41.52,5.8,58.8,13.42,50.21,4.46,45.41,46.69,12.94,40.82,10.87,55.88,7.8,30.93,7.06,50.81,4.51,43.18
202608090203,2026-08-09,02,3R,daily,61.92,17.16,42.8,11.4,41.55,5.8,50.0,11.41,50.0,4.44,50.21,50.84,14.09,42.8,11.4,61.34,8.56,50.0,11.41,50.0,4.44,49.9,52.89,14.66,48.76,12.98,42.73,5.96,50.0,11.41,50.0,4.44,49.46,51.1,14.16,48.76,12.98,65.14,9.09,50.0,11.41,50.0,4.44,52.09,43.87,12.16,46.78,12.45,43.19,6.03,50.0,11.41,50.0,4.44,46.49,39.22,10.87,48.76,12.98,34.8,4.86,50.0,11.41,50.0,4.44,44.56
202608090203,2026-08-09,02,3R,realtime,61.92,17.16,42.8,11.4,41.88,5.85,53.99,12.32,50.56,4.49,51.21,50.84,14.09,42.8,11.4,62.33,8.7,58.04,13.25,49.84,4.43,51.86,52.89,14.66,48.76,12.98,43.57,6.08,47.17,10.77,50.09,4.45,48.94,51.1,14.16,48.76,12.98,66.47,9.28,36.21,8.26,49.62,4.41,49.09,43.87,12.16,46.78,12.45,43.38,6.06,40.72,9.29,49.87,4.43,44.39,39.22,10.87,48.76,12.98,34.69,4.84,63.85,14.57,49.88,4.43,47.7
202608090204,2026-08-09,02,4R,daily,61.52,17.05,44.79,11.92,55.53,7.75,50.0,11.41,50.0,4.44,52.58,54.02,14.97,52.73,14.04,42.04,5.87,50.0,11.41,50.0,4.44,50.73,52.5,14.55,42.8,11.4,47.47,6.63,50.0,11.41,50.0,4.44,48.42,52.29,14.49,46.78,12.45,69.21,9.66,50.0,11.41,50.0,4.44,52.46,41.09,11.39,46.78,12.45,40.89,5.71,50.0,11.41,50.0,4.44,45.4,38.43,10.65,34.86,9.28,47.06,6.57,50.0,11.41,50.0,4.44,42.35
202608090204,2026-08-09,02,4R,realtime,61.52,17.05,44.79,11.92,55.97,7.81,63.76,14.55,49.95,4.44,55.78,54.02,14.97,52.73,14.04,41.81,5.84,50.06,11.43,47.62,4.23,50.5,52.5,14.55,42.8,11.4,47.97,6.7,52.94,12.08,50.53,4.49,49.21,52.29,14.49,46.78,12.45,69.43,9.69,44.48,10.15,50.46,4.48,51.27,41.09,11.39,46.78,12.45,41.52,5.8,49.43,11.28,51.2,4.55,45.46,38.43,10.65,34.86,9.28,46.45,6.48,39.3,8.97,50.11,4.45,39.83
202608090205,2026-08-09,02,5R,daily,69.06,19.14,58.69,15.63,33.46,4.67,50.0,11.41,50.0,4.44,55.29,47.66,13.21,42.8,11.4,49.23,6.87,50.0,11.41,50.0,4.44,47.33,50.51,14.0,44.79,11.92,44.93,6.27,50.0,11.41,50.0,4.44,48.05,52.69,14.6,80.54,21.44,53.52,7.47,50.0,11.41,50.0,4.44,59.37,41.49,11.5,46.78,12.45,41.74,5.83,50.0,11.41,50.0,4.44,45.63,38.43,10.65,34.86,9.28,43.04,6.01,50.0,11.41,50.0,4.44,41.79
202608090205,2026-08-09,02,5R,realtime,69.06,19.14,58.69,15.63,33.2,4.63,52.48,11.98,49.95,4.44,55.81,47.66,13.21,42.8,11.4,49.31,6.88,44.82,10.23,47.62,4.23,45.95,50.51,14.0,44.79,11.92,44.68,6.24,44.4,10.13,50.53,4.49,46.78,52.69,14.6,80.54,21.44,53.47,7.46,50.45,11.51,50.46,4.48,59.5,41.49,11.5,46.78,12.45,41.84,5.84,55.88,12.75,51.2,4.55,47.09,38.43,10.65,34.86,9.28,42.75,5.97,51.94,11.85,50.11,4.45,42.2
202608090206,2026-08-09,02,6R,daily,62.71,17.38,48.76,12.98,43.7,6.1,50.0,11.41,50.0,4.44,52.31,54.41,15.08,52.73,14.04,44.5,6.21,50.0,11.41,50.0,4.44,51.18,50.51,14.0,48.76,12.98,41.62,5.81,50.0,11.41,50.0,4.44,48.64,49.52,13.72,48.76,12.98,54.38,7.59,50.0,11.41,50.0,4.44,50.15,43.87,12.16,34.86,9.28,41.76,5.83,50.0,11.41,50.0,4.44,43.12,38.82,10.76,46.78,12.45,59.19,8.26,50.0,11.41,50.0,4.44,47.33
202608090206,2026-08-09,02,6R,realtime,62.71,17.38,48.76,12.98,44.65,6.23,60.56,13.82,50.56,4.49,54.91,54.41,15.08,52.73,14.04,44.22,6.17,59.06,13.48,49.84,4.43,53.2,50.51,14.0,48.76,12.98,42.1,5.88,46.47,10.61,50.09,4.45,47.91,49.52,13.72,48.76,12.98,53.95,7.53,48.56,11.08,49.62,4.41,49.72,43.87,12.16,34.86,9.28,41.6,5.81,39.38,8.99,49.87,4.43,40.66,38.82,10.76,46.78,12.45,59.48,8.3,45.92,10.48,49.88,4.43,46.43
202608090207,2026-08-09,02,7R,daily,80.81,22.39,50.75,13.51,47.68,6.66,50.0,11.41,50.0,4.44,58.41,46.52,12.89,48.76,12.98,44.54,6.22,50.0,11.41,50.0,4.44,47.94,46.99,13.02,46.78,12.45,43.19,6.03,50.0,11.41,50.0,4.44,47.36,44.38,12.3,42.8,11.4,47.18,6.59,50.0,11.41,50.0,4.44,46.13,41.5,11.5,48.76,12.98,42.73,5.96,50.0,11.41,50.0,4.44,46.3,39.63,10.98,40.82,10.87,41.52,5.8,50.0,11.41,50.0,4.44,43.5
202608090207,2026-08-09,02,7R,realtime,80.81,22.39,50.75,13.51,46.7,6.52,72.77,16.61,50.2,4.46,63.49,46.52,12.89,48.76,12.98,44.28,6.18,44.44,10.14,50.25,4.46,46.66,46.99,13.02,46.78,12.45,43.38,6.06,44.58,10.18,49.86,4.43,46.14,44.38,12.3,42.8,11.4,47.27,6.6,40.02,9.14,49.53,4.4,43.83,41.5,11.5,48.76,12.98,43.57,6.08,51.32,11.71,49.04,4.36,46.63,39.63,10.98,40.82,10.87,41.52,5.8,46.84,10.69,50.97,4.53,42.86
202608090208,2026-08-09,02,8R,daily,65.73,18.22,48.76,12.98,34.8,4.86,50.0,11.41,50.0,4.44,51.91,49.98,13.85,40.82,10.87,55.33,7.72,50.0,11.41,50.0,4.44,48.29,52.42,14.53,44.79,11.92,55.93,7.81,50.0,11.41,50.0,4.44,50.11,47.87,13.26,42.8,11.4,47.47,6.63,50.0,11.41,50.0,4.44,47.14,44.62,12.37,42.8,11.4,53.05,7.41,50.0,11.41,50.0,4.44,47.02,39.22,10.87,52.73,14.04,46.58,6.5,50.0,11.41,50.0,4.44,47.26
202608090209,2026-08-09,02,9R,daily,67.87,18.81,46.78,12.45,40.89,5.71,50.0,11.41,50.0,4.44,52.82,48.85,13.54,44.79,11.92,44.93,6.27,50.0,11.41,50.0,4.44,47.59,54.09,14.99,46.78,12.45,41.74,5.83,50.0,11.41,50.0,4.44,49.12,46.34,12.84,52.73,14.04,42.04,5.87,50.0,11.41,50.0,4.44,48.6,43.47,12.05,42.8,11.4,41.55,5.8,50.0,11.41,50.0,4.44,45.1,39.22,10.87,42.8,11.4,48.04,6.71,50.0,11.41,50.0,4.44,44.82
202608090210,2026-08-09,02,10R,daily,68.9,19.09,46.78,12.45,69.21,9.66,50.0,11.41,50.0,4.44,57.06,51.16,14.18,80.54,21.44,53.52,7.47,50.0,11.41,50.0,4.44,58.94,49.66,13.76,52.73,14.04,44.5,6.21,50.0,11.41,50.0,4.44,49.86,47.87,13.26,42.8,11.4,61.34,8.56,50.0,11.41,50.0,4.44,49.08,41.07,11.38,44.79,11.92,55.53,7.75,50.0,11.41,50.0,4.44,46.91,41.19,11.41,48.76,12.98,43.7,6.1,50.0,11.41,50.0,4.44,46.35
202608090211,2026-08-09,02,11R,daily,79.56,22.05,48.76,12.98,65.14,9.09,50.0,11.41,50.0,4.44,59.98,45.24,12.54,48.76,12.98,54.38,7.59,50.0,11.41,50.0,4.44,48.96,46.89,12.99,76.56,20.38,35.69,4.98,50.0,11.41,50.0,4.44,54.21,44.32,12.28,42.8,11.4,49.23,6.87,50.0,11.41,50.0,4.44,46.4,45.02,12.48,50.75,13.51,47.68,6.66,50.0,11.41,50.0,4.44,48.5,38.81,10.76,58.69,15.63,33.46,4.67,50.0,11.41,50.0,4.44,46.91
202608090212,2026-08-09,02,12R,daily,77.01,21.34,66.63,17.74,65.51,9.14,50.0,11.41,50.0,4.44,64.08,45.68,12.66,70.61,18.8,63.07,8.8,50.0,11.41,50.0,4.44,56.11,48.13,13.34,66.63,17.74,57.97,8.09,50.0,11.41,50.0,4.44,55.02,43.56,12.07,62.66,16.68,60.15,8.4,50.0,11.41,50.0,4.44,53.0,46.25,12.82,46.78,12.45,58.44,8.16,50.0,11.41,50.0,4.44,49.28,39.22,10.87,56.71,15.1,49.97,6.98,50.0,11.41,50.0,4.44,48.79
202608090301,2026-08-09,03,1R,daily,70.51,32.34,50.83,13.03,45.78,5.65,50.0,4.12,50.0,3.96,59.1,50.36,23.1,43.95,11.27,39.38,4.86,50.0,4.12,50.0,3.96,47.3,49.9,22.89,46.25,11.86,42.43,5.24,50.0,4.12,50.0,3.96,48.06,46.68,21.41,41.66,10.68,50.81,6.27,50.0,4.12,50.0,3.96,46.44,42.59,19.53,48.54,12.45,50.0,6.17,50.0,4.12,50.0,3.96,46.23,39.99,18.34,46.25,11.86,43.03,5.31,50.0,4.12,50.0,3.96,43.58
202608090301,2026-08-09,03,1R,realtime,70.51,32.34,50.83,13.03,50.0,6.17,49.6,4.09,46.45,3.68,59.31,50.36,23.1,43.95,11.27,50.0,6.17,51.89,4.27,49.47,3.92,48.73,49.9,22.89,46.25,11.86,50.0,6.17,54.18,4.46,47.32,3.75,49.12,46.68,21.41,41.66,10.68,50.0,6.17,54.18,4.46,54.58,4.32,47.05,42.59,19.53,48.54,12.45,50.0,6.17,61.04,5.03,51.94,4.11,47.29,39.99,18.34,46.25,11.86,50.0,6.17,29.03,2.39,50.54,4.0,42.76
202608090302,2026-08-09,03,2R,daily,68.56,31.45,48.54,12.45,54.55,6.73,50.0,4.12,50.0,3.96,58.7,55.88,25.63,48.54,12.45,54.74,6.75,50.0,4.12,50.0,3.96,52.91,49.64,22.77,57.71,14.8,45.59,5.62,50.0,4.12,50.0,3.96,51.27,44.46,20.39,43.95,11.27,50.0,6.17,50.0,4.12,50.0,3.96,45.91,41.48,19.02,32.49,8.33,50.0,6.17,50.0,4.12,50.0,3.96,41.6,40.0,18.35,55.42,14.21,44.62,5.51,50.0,4.12,50.0,3.96,46.14
202608090302,2026-08-09,03,2R,realtime,68.56,31.45,48.54,12.45,50.0,6.17,43.81,3.61,44.42,3.52,57.19,55.88,25.63,48.54,12.45,50.0,6.17,34.56,2.85,40.27,3.19,50.28,49.64,22.77,57.71,14.8,50.0,6.17,51.22,4.22,52.23,4.14,52.09,44.46,20.39,43.95,11.27,50.0,6.17,51.22,4.22,53.95,4.27,46.32,41.48,19.02,32.49,8.33,50.0,6.17,67.87,5.59,53.48,4.23,43.35,40.0,18.35,55.42,14.21,50.0,6.17,51.22,4.22,55.94,4.43,47.37
202608090303,2026-08-09,03,3R,daily,65.25,29.93,46.25,11.86,37.67,4.65,50.0,4.12,50.0,3.96,54.51,52.11,23.9,48.54,12.45,55.04,6.79,50.0,4.12,50.0,3.96,51.21,50.09,22.98,60.01,15.39,44.92,5.54,50.0,4.12,50.0,3.96,51.98,48.75,22.36,57.71,14.8,48.35,5.97,50.0,4.12,50.0,3.96,51.2,42.27,19.39,41.66,10.68,59.44,7.33,50.0,4.12,50.0,3.96,45.48,41.56,19.06,34.78,8.92,42.62,5.26,50.0,4.12,50.0,3.96,41.31
202608090303,2026-08-09,03,3R,realtime,65.25,29.93,46.25,11.86,50.0,6.17,56.55,4.66,43.33,3.43,56.05,52.11,23.9,48.54,12.45,50.0,6.17,52.97,4.36,39.95,3.16,50.04,50.09,22.98,60.01,15.39,50.0,6.17,63.71,5.25,52.73,4.17,53.95,48.75,22.36,57.71,14.8,50.0,6.17,38.65,3.18,54.64,4.33,50.84,42.27,19.39,41.66,10.68,50.0,6.17,52.97,4.36,54.35,4.3,44.9,41.56,19.06,34.78,8.92,50.0,6.17,35.07,2.89,55.3,4.38,41.42
202608090304,2026-08-09,03,4R,daily,68.91,31.61,43.95,11.27,37.56,4.63,50.0,4.12,50.0,3.96,55.59,51.4,23.58,55.42,14.21,57.3,7.07,50.0,4.12,50.0,3.96,52.93,47.05,21.58,41.66,10.68,33.23,4.1,50.0,4.12,50.0,3.96,44.44,47.64,21.85,48.54,12.45,45.4,5.6,50.0,4.12,50.0,3.96,47.98,45.01,20.65,46.25,11.86,46.39,5.72,50.0,4.12,50.0,3.96,46.3,40.02,18.36,34.78,8.92,61.7,7.61,50.0,4.12,50.0,3.96,42.96
202608090304,2026-08-09,03,4R,realtime,68.91,31.61,43.95,11.27,50.0,6.17,54.35,4.48,45.35,3.59,57.11,51.4,23.58,55.42,14.21,50.0,6.17,64.8,5.34,49.15,3.89,53.18,47.05,21.58,41.66,10.68,50.0,6.17,54.35,4.48,47.82,3.79,46.69,47.64,21.85,48.54,12.45,50.0,6.17,45.19,3.72,55.27,4.38,48.57,45.01,20.65,46.25,11.86,50.0,6.17,32.12,2.65,52.81,4.18,45.5,40.02,18.36,34.78,8.92,50.0,6.17,49.11,4.04,49.89,3.95,41.44
202608090305,2026-08-09,03,5R,daily,67.35,30.89,43.95,11.27,49.2,6.07,50.0,4.12,50.0,3.96,56.31,52.18,23.93,55.42,14.21,37.93,4.68,50.0,4.12,50.0,3.96,50.9,49.38,22.65,53.13,13.62,48.35,5.97,50.0,4.12,50.0,3.96,50.31,46.47,21.32,66.88,17.15,52.15,6.43,50.0,4.12,50.0,3.96,52.98,45.01,20.65,50.83,13.03,40.76,5.03,50.0,4.12,50.0,3.96,46.78,39.63,18.18,41.66,10.68,35.01,4.32,50.0,4.12,50.0,3.96,41.25
202608090305,2026-08-09,03,5R,realtime,67.35,30.89,43.95,11.27,50.0,6.17,52.39,4.31,41.26,3.27,55.91,52.18,23.93,55.42,14.21,50.0,6.17,63.68,5.24,42.46,3.36,52.92,49.38,22.65,53.13,13.62,50.0,6.17,54.44,4.48,47.56,3.77,50.69,46.47,21.32,66.88,17.15,50.0,6.17,55.47,4.57,61.7,4.89,54.09,45.01,20.65,50.83,13.03,50.0,6.17,33.9,2.79,57.62,4.56,47.2,39.63,18.18,41.66,10.68,50.0,6.17,40.06,3.3,49.69,3.93,42.26
202608090306,2026-08-09,03,6R,daily,65.41,30.0,46.25,11.86,53.61,6.61,50.0,4.12,50.0,3.96,56.55,52.57,24.11,55.42,14.21,55.14,6.8,50.0,4.12,50.0,3.96,53.2,48.6,22.29,71.47,18.33,51.53,6.36,50.0,4.12,50.0,3.96,55.05,47.25,21.67,46.25,11.86,65.43,8.07,50.0,4.12,50.0,3.96,49.68,44.23,20.29,46.25,11.86,42.43,5.24,50.0,4.12,50.0,3.96,45.46,41.96,19.25,48.54,12.45,69.5,8.58,50.0,4.12,50.0,3.96,48.35
202608090306,2026-08-09,03,6R,realtime,65.41,30.0,46.25,11.86,50.0,6.17,49.98,4.12,41.26,3.27,55.41,52.57,24.11,55.42,14.21,50.0,6.17,69.99,5.76,42.46,3.36,53.62,48.6,22.29,71.47,18.33,50.0,6.17,46.65,3.84,47.56,3.77,54.39,47.25,21.67,46.25,11.86,50.0,6.17,36.65,3.02,61.7,4.89,47.6,44.23,20.29,46.25,11.86,50.0,6.17,46.65,3.84,57.62,4.56,46.72,41.96,19.25,48.54,12.45,50.0,6.17,49.98,4.12,49.69,3.93,45.91
202608090307,2026-08-09,03,7R,daily,72.8,33.39,43.95,11.27,69.12,8.53,50.0,4.12,50.0,3.96,61.27,51.02,23.4,43.95,11.27,47.24,5.83,50.0,4.12,50.0,3.96,48.57,47.83,21.94,50.83,13.03,54.01,6.66,50.0,4.12,50.0,3.96,49.71,45.69,20.96,71.47,18.33,37.76,4.66,50.0,4.12,50.0,3.96,52.02,42.29,19.4,41.66,10.68,50.81,6.27,50.0,4.12,50.0,3.96,44.42,40.41,18.53,32.49,8.33,50.0,6.17,50.0,4.12,50.0,3.96,41.11
202608090307,2026-08-09,03,7R,realtime,72.8,33.39,43.95,11.27,50.0,6.17,64.47,5.31,41.26,3.27,59.41,51.02,23.4,43.95,11.27,50.0,6.17,36.28,2.99,42.46,3.36,47.19,47.83,21.94,50.83,13.03,50.0,6.17,62.12,5.12,47.56,3.77,50.02,45.69,20.96,71.47,18.33,50.0,6.17,45.68,3.76,61.7,4.89,54.1,42.29,19.4,41.66,10.68,50.0,6.17,45.68,3.76,57.62,4.56,44.57,40.41,18.53,32.49,8.33,50.0,6.17,45.68,3.76,49.69,3.93,40.73
202608090308,2026-08-09,03,8R,daily,71.84,32.95,57.71,14.8,48.35,5.97,50.0,4.12,50.0,3.96,61.79,48.63,22.3,55.42,14.21,44.62,5.51,50.0,4.12,50.0,3.96,50.1,48.93,22.44,46.25,11.86,43.03,5.31,50.0,4.12,50.0,3.96,47.69,47.2,21.65,55.42,14.21,50.25,6.2,50.0,4.12,50.0,3.96,50.14,42.27,19.39,34.78,8.92,61.7,7.61,50.0,4.12,50.0,3.96,44.0,41.17,18.88,43.95,11.27,52.29,6.45,50.0,4.12,50.0,3.96,44.68
202608090309,2026-08-09,03,9R,daily,72.61,33.3,48.54,12.45,49.55,6.11,50.0,4.12,50.0,3.96,59.94,49.01,22.48,50.83,13.03,50.38,6.22,50.0,4.12,50.0,3.96,49.81,47.0,21.56,48.54,12.45,54.55,6.73,50.0,4.12,50.0,3.96,48.81,47.2,21.65,34.78,8.92,42.62,5.26,50.0,4.12,50.0,3.96,43.9,42.65,19.56,55.42,14.21,57.3,7.07,50.0,4.12,50.0,3.96,48.92,41.56,19.06,43.95,11.27,39.38,4.86,50.0,4.12,50.0,3.96,43.27
202608090310,2026-08-09,03,10R,daily,74.93,34.37,60.01,15.39,44.92,5.54,50.0,4.12,50.0,3.96,63.37,45.92,21.06,50.83,13.03,40.76,5.03,50.0,4.12,50.0,3.96,47.2,47.77,21.91,48.54,12.45,50.0,6.17,50.0,4.12,50.0,3.96,48.6,47.98,22.01,57.71,14.8,45.59,5.62,50.0,4.12,50.0,3.96,50.5,43.81,20.1,53.13,13.62,66.46,8.2,50.0,4.12,50.0,3.96,49.99,39.62,18.17,41.66,10.68,33.23,4.1,50.0,4.12,50.0,3.96,41.03
202608090311,2026-08-09,03,11R,daily,71.06,32.59,55.42,14.21,55.14,6.8,50.0,4.12,50.0,3.96,61.68,49.78,22.83,48.54,12.45,59.71,7.37,50.0,4.12,50.0,3.96,50.72,49.32,22.62,48.54,12.45,54.74,6.75,50.0,4.12,50.0,3.96,49.9,46.43,21.3,55.42,14.21,37.93,4.68,50.0,4.12,50.0,3.96,48.26,43.04,19.74,43.95,11.27,37.56,4.63,50.0,4.12,50.0,3.96,43.72,40.4,18.53,48.54,12.45,55.04,6.79,50.0,4.12,50.0,3.96,45.84
202608090312,2026-08-09,03,12R,daily,78.57,36.04,71.47,18.33,63.75,7.87,50.0,4.12,50.0,3.96,70.3,45.49,20.87,71.47,18.33,51.53,6.36,50.0,4.12,50.0,3.96,53.62,49.26,22.6,66.88,17.15,52.15,6.43,50.0,4.12,50.0,3.96,54.26,45.23,20.75,76.06,19.5,50.81,6.27,50.0,4.12,50.0,3.96,54.59,41.48,19.02,64.59,16.56,37.75,4.66,50.0,4.12,50.0,3.96,48.32,40.0,18.35,71.47,18.33,37.76,4.66,50.0,4.12,50.0,3.96,49.41
202608090501,2026-08-09,05,1R,daily,68.38,24.19,41.97,9.57,43.75,3.69,50.0,9.54,50.0,7.14,54.14,48.89,17.3,46.72,10.65,41.61,3.51,50.0,9.54,50.0,7.14,48.15,48.63,17.21,41.97,9.57,62.6,5.28,50.0,9.54,50.0,7.14,48.75,46.16,16.33,46.72,10.65,47.67,4.02,50.0,9.54,50.0,7.14,47.69,45.98,16.27,41.97,9.57,45.1,3.8,50.0,9.54,50.0,7.14,46.33,41.8,14.79,72.81,16.6,64.06,5.4,50.0,9.54,50.0,7.14,53.49
202608090501,2026-08-09,05,1R,realtime,68.38,24.19,41.97,9.57,50.0,4.22,44.82,8.55,44.31,6.33,52.87,48.89,17.3,46.72,10.65,39.44,3.33,53.51,10.21,67.24,9.61,51.1,48.63,17.21,41.97,9.57,64.31,5.43,47.36,9.04,54.85,7.84,49.08,46.16,16.33,46.72,10.65,48.27,4.07,42.14,8.04,53.42,7.63,46.73,45.98,16.27,41.97,9.57,50.0,4.22,43.69,8.34,40.21,5.75,44.14,41.8,14.79,72.81,16.6,66.28,5.59,68.39,13.05,39.84,5.69,55.73
202608090502,2026-08-09,05,2R,daily,70.46,24.93,46.72,10.65,57.22,4.83,50.0,9.54,50.0,7.14,57.1,49.49,17.51,46.72,10.65,52.68,4.44,50.0,9.54,50.0,7.14,49.3,47.73,16.89,39.6,9.03,45.66,3.85,50.0,9.54,50.0,7.14,46.46,45.86,16.23,46.72,10.65,59.17,4.99,50.0,9.54,50.0,7.14,48.56,44.19,15.64,65.69,14.98,48.35,4.08,50.0,9.54,50.0,7.14,51.38,42.1,14.9,46.72,10.65,66.93,5.65,50.0,9.54,50.0,7.14,47.88
202608090502,2026-08-09,05,2R,realtime,70.46,24.93,46.72,10.65,50.0,4.22,74.09,14.14,47.15,6.74,60.68,49.49,17.51,46.72,10.65,50.0,4.22,56.33,10.75,61.88,8.84,51.98,47.73,16.89,39.6,9.03,59.65,5.03,52.38,10.0,55.65,7.95,48.9,45.86,16.23,46.72,10.65,50.0,4.22,42.95,8.2,53.2,7.6,46.9,44.19,15.64,65.69,14.98,50.0,4.22,40.31,7.69,36.11,5.16,47.69,42.1,14.9,46.72,10.65,50.0,4.22,33.85,6.46,45.9,6.56,42.79
202608090503,2026-08-09,05,3R,daily,67.18,23.77,44.34,10.11,32.45,2.74,50.0,9.54,50.0,7.14,53.31,50.98,18.04,41.97,9.57,63.12,5.33,50.0,9.54,50.0,7.14,49.62,46.53,16.47,39.6,9.03,54.29,4.58,50.0,9.54,50.0,7.14,46.76,49.14,17.39,51.46,11.74,42.11,3.55,50.0,9.54,50.0,7.14,49.36,43.59,15.42,51.46,11.74,46.43,3.92,50.0,9.54,50.0,7.14,47.76,42.39,15.0,49.09,11.2,51.71,4.36,50.0,9.54,50.0,7.14,47.25
202608090503,2026-08-09,05,3R,realtime,67.18,23.77,44.34,10.11,43.97,3.71,60.6,11.56,44.42,6.35,55.51,50.98,18.04,41.97,9.57,50.0,4.22,51.84,9.89,67.83,9.69,51.41,46.53,16.47,39.6,9.03,50.0,4.22,34.77,6.64,55.03,7.86,44.21,49.14,17.39,51.46,11.74,48.18,4.06,62.79,11.98,53.06,7.58,52.75,43.59,15.42,51.46,11.74,50.0,4.22,56.7,10.82,40.12,5.73,47.93,42.39,15.0,49.09,11.2,54.76,4.62,33.2,6.34,39.43,5.63,42.79
202608090504,2026-08-09,05,4R,daily,63.59,22.5,46.72,10.65,46.01,3.88,50.0,9.54,50.0,7.14,53.72,51.28,18.14,51.46,11.74,57.42,4.84,50.0,9.54,50.0,7.14,51.41,49.52,17.52,96.53,22.01,44.31,3.74,50.0,9.54,50.0,7.14,59.96,47.65,16.86,37.23,8.49,41.43,3.49,50.0,9.54,50.0,7.14,45.53,45.68,16.16,46.72,10.65,40.03,3.38,50.0,9.54,50.0,7.14,46.88,42.1,14.9,65.69,14.98,45.86,3.87,50.0,9.54,50.0,7.14,50.43
202608090504,2026-08-09,05,4R,realtime,63.59,22.5,46.72,10.65,44.61,3.76,60.16,11.48,45.84,6.55,54.95,51.28,18.14,51.46,11.74,68.43,5.77,42.85,8.18,65.15,9.31,53.14,49.52,17.52,96.53,22.01,33.02,2.79,57.51,10.98,55.43,7.92,61.22,47.65,16.86,37.23,8.49,50.0,4.22,45.33,8.65,52.95,7.57,45.79,45.68,16.16,46.72,10.65,44.88,3.79,52.72,10.06,38.07,5.44,46.1,42.1,14.9,65.69,14.98,39.97,3.37,41.35,7.89,42.46,6.07,47.21
202608090505,2026-08-09,05,5R,daily,65.95,23.34,46.72,10.65,50.84,4.29,50.0,9.54,50.0,7.14,54.97,51.09,18.08,53.83,12.28,48.87,4.12,50.0,9.54,50.0,7.14,51.16,49.01,17.34,39.6,9.03,46.24,3.9,50.0,9.54,50.0,7.14,46.96,48.33,17.1,34.86,7.95,47.89,4.04,50.0,9.54,50.0,7.14,45.78,43.63,15.44,51.46,11.74,45.82,3.87,50.0,9.54,50.0,7.14,47.72,41.81,14.79,49.09,11.2,41.13,3.47,50.0,9.54,50.0,7.14,46.15
202608090505,2026-08-09,05,5R,realtime,65.95,23.34,46.72,10.65,59.76,5.04,60.74,11.59,44.52,6.36,56.99,51.09,18.08,53.83,12.28,52.73,4.45,58.75,11.21,68.41,9.78,55.79,49.01,17.34,39.6,9.03,58.78,4.96,42.07,8.03,55.2,7.89,47.25,48.33,17.1,34.86,7.95,50.0,4.22,44.4,8.47,52.7,7.53,45.27,43.63,15.44,51.46,11.74,50.0,4.22,42.33,8.08,40.02,5.72,45.19,41.81,14.79,49.09,11.2,50.0,4.22,51.61,9.85,39.02,5.58,45.63
202608090506,2026-08-09,05,6R,daily,69.42,24.56,41.97,9.57,49.57,4.18,50.0,9.54,50.0,7.14,55.0,45.87,16.23,51.46,11.74,41.25,3.48,50.0,9.54,50.0,7.14,48.13,47.99,16.98,41.97,9.57,41.11,3.47,50.0,9.54,50.0,7.14,46.71,50.29,17.79,72.81,16.6,64.06,5.4,50.0,9.54,50.0,7.14,56.49,44.77,15.84,51.46,11.74,43.34,3.66,50.0,9.54,50.0,7.14,47.92,41.49,14.68,37.23,8.49,46.37,3.91,50.0,9.54,50.0,7.14,43.77
202608090507,2026-08-09,05,7R,daily,70.17,24.83,46.72,10.65,41.15,3.47,50.0,9.54,50.0,7.14,55.64,46.79,16.56,41.97,9.57,56.33,4.75,50.0,9.54,50.0,7.14,47.57,47.13,16.68,41.97,9.57,43.75,3.69,50.0,9.54,50.0,7.14,46.63,48.54,17.18,46.72,10.65,52.68,4.44,50.0,9.54,50.0,7.14,48.96,44.79,15.85,91.79,20.93,39.99,3.37,50.0,9.54,50.0,7.14,56.84,42.39,15.0,53.83,12.28,52.11,4.4,50.0,9.54,50.0,7.14,48.36
202608090508,2026-08-09,05,8R,daily,73.45,25.99,51.46,11.74,46.43,3.92,50.0,9.54,50.0,7.14,58.33,48.89,17.3,37.23,8.49,29.04,2.45,50.0,9.54,50.0,7.14,44.93,46.23,16.36,46.72,10.65,46.01,3.88,50.0,9.54,50.0,7.14,47.58,44.96,15.91,65.69,14.98,48.35,4.08,50.0,9.54,50.0,7.14,51.66,43.29,15.32,60.95,13.9,60.78,5.13,50.0,9.54,50.0,7.14,51.03,42.99,15.21,46.72,10.65,47.67,4.02,50.0,9.54,50.0,7.14,46.58
202608090509,2026-08-09,05,9R,daily,73.75,26.1,51.46,11.74,45.82,3.87,50.0,9.54,50.0,7.14,58.38,47.99,16.98,39.6,9.03,48.96,4.13,50.0,9.54,50.0,7.14,46.83,46.83,16.57,41.97,9.57,63.12,5.33,50.0,9.54,50.0,7.14,48.16,46.75,16.54,96.53,22.01,44.31,3.74,50.0,9.54,50.0,7.14,58.98,43.29,15.32,39.6,9.03,45.66,3.85,50.0,9.54,50.0,7.14,44.89,41.2,14.58,41.97,9.57,62.6,5.28,50.0,9.54,50.0,7.14,46.12
202608090510,2026-08-09,05,10R,daily,76.33,27.01,53.83,12.28,48.87,4.12,50.0,9.54,50.0,7.14,60.1,46.83,16.57,41.97,9.57,45.1,3.8,50.0,9.54,50.0,7.14,46.63,46.27,16.37,51.46,11.74,43.34,3.66,50.0,9.54,50.0,7.14,48.45,45.59,16.13,46.72,10.65,40.03,3.38,50.0,9.54,50.0,7.14,46.85,43.61,15.43,51.46,11.74,40.62,3.43,50.0,9.54,50.0,7.14,47.28,41.2,14.58,46.72,10.65,59.17,4.99,50.0,9.54,50.0,7.14,46.91
202608090511,2026-08-09,05,11R,daily,78.83,27.89,51.46,11.74,42.11,3.55,50.0,9.54,50.0,7.14,59.87,45.9,16.24,46.72,10.65,66.93,5.65,50.0,9.54,50.0,7.14,49.23,45.64,16.15,51.46,11.74,59.02,4.98,50.0,9.54,50.0,7.14,49.55,44.37,15.7,37.23,8.49,46.37,3.91,50.0,9.54,50.0,7.14,44.79,43.29,15.32,65.69,14.98,45.86,3.87,50.0,9.54,50.0,7.14,50.86,41.8,14.79,46.72,10.65,41.61,3.51,50.0,9.54,50.0,7.14,45.64
202608090512,2026-08-09,05,12R,daily,76.44,27.05,91.79,20.93,39.99,3.37,50.0,9.54,50.0,7.14,68.04,45.9,16.24,49.09,11.2,41.13,3.47,50.0,9.54,50.0,7.14,47.59,46.53,16.47,46.72,10.65,57.22,4.83,50.0,9.54,50.0,7.14,48.63,46.75,16.54,60.95,13.9,60.78,5.13,50.0,9.54,50.0,7.14,52.26,43.29,15.32,51.46,11.74,41.25,3.48,50.0,9.54,50.0,7.14,47.22,40.9,14.47,51.46,11.74,57.42,4.84,50.0,9.54,50.0,7.14,47.74
202608090901,2026-08-09,09,1R,daily,77.49,30.21,48.05,9.94,34.02,2.75,50.0,11.98,50.0,4.14,59.02,47.72,18.6,48.05,9.94,71.27,5.76,50.0,11.98,50.0,4.14,50.43,45.5,17.74,48.05,9.94,56.87,4.6,50.0,11.98,50.0,4.14,48.4,43.61,17.0,42.33,8.76,40.5,3.27,50.0,11.98,50.0,4.14,45.15,43.61,17.0,42.33,8.76,63.75,5.16,50.0,11.98,50.0,4.14,47.03,41.92,16.34,42.33,8.76,44.76,3.62,50.0,11.98,50.0,4.14,44.84
202608090901,2026-08-09,09,1R,realtime,77.49,30.21,48.05,9.94,44.35,3.59,50.35,12.07,38.54,3.19,58.99,47.72,18.6,48.05,9.94,66.45,5.37,48.1,11.53,51.3,4.24,49.69,45.5,17.74,48.05,9.94,53.12,4.3,50.19,12.03,52.93,4.38,48.38,43.61,17.0,42.33,8.76,43.56,3.52,46.49,11.14,47.4,3.92,44.35,43.61,17.0,42.33,8.76,48.83,3.95,50.27,12.05,60.74,5.02,46.78,41.92,16.34,42.33,8.76,50.05,4.05,54.63,13.09,49.21,4.07,46.31
202608090902,2026-08-09,09,2R,daily,65.86,25.67,48.05,9.94,51.64,4.18,50.0,11.98,50.0,4.14,55.91,49.16,19.16,48.05,9.94,50.15,4.06,50.0,11.98,50.0,4.14,49.28,49.47,19.29,46.14,9.55,51.95,4.2,50.0,11.98,50.0,4.14,49.15,46.44,18.1,36.62,7.58,47.22,3.82,50.0,11.98,50.0,4.14,45.62,45.59,17.77,40.43,8.37,32.95,2.66,50.0,11.98,50.0,4.14,44.92,43.33,16.89,49.95,10.34,44.63,3.61,50.0,11.98,50.0,4.14,46.96
202608090902,2026-08-09,09,2R,realtime,65.86,25.67,48.05,9.94,63.74,5.15,51.41,12.32,33.27,2.75,55.84,49.16,19.16,48.05,9.94,48.26,3.9,56.68,13.58,53.8,4.45,51.04,49.47,19.29,46.14,9.55,53.35,4.31,50.58,12.12,49.55,4.1,49.37,46.44,18.1,36.62,7.58,48.92,3.96,28.78,6.9,47.26,3.91,40.45,45.59,17.77,40.43,8.37,42.09,3.4,58.98,14.13,65.59,5.43,49.1,43.33,16.89,49.95,10.34,45.58,3.69,53.61,12.85,50.65,4.19,47.95
202608090903,2026-08-09,09,3R,daily,67.12,26.17,46.14,9.55,33.21,2.69,50.0,11.98,50.0,4.14,54.52,49.12,19.15,48.05,9.94,60.15,4.86,50.0,11.98,50.0,4.14,50.07,48.02,18.72,44.24,9.15,47.72,3.86,50.0,11.98,50.0,4.14,47.85,48.94,19.08,53.76,11.12,44.64,3.61,50.0,11.98,50.0,4.14,49.93,44.45,17.33,46.14,9.55,33.79,2.73,50.0,11.98,50.0,4.14,45.73,42.2,16.45,42.33,8.76,40.42,3.27,50.0,11.98,50.0,4.14,44.6
202608090903,2026-08-09,09,3R,realtime,67.12,26.17,46.14,9.55,52.16,4.22,46.24,11.08,33.27,2.75,53.77,49.12,19.15,48.05,9.94,61.93,5.01,27.45,6.58,53.8,4.45,45.13,48.02,18.72,44.24,9.15,45.2,3.66,38.83,9.31,49.55,4.1,44.93,48.94,19.08,53.76,11.12,51.28,4.15,65.08,15.6,47.26,3.91,53.85,44.45,17.33,46.14,9.55,36.7,2.97,60.02,14.38,65.59,5.43,49.65,42.2,16.45,42.33,8.76,45.49,3.68,62.42,14.96,50.65,4.19,48.04
202608090904,2026-08-09,09,4R,daily,62.92,24.53,40.43,8.37,60.29,4.88,50.0,11.98,50.0,4.14,53.89,51.93,20.24,42.33,8.76,49.89,4.03,50.0,11.98,50.0,4.14,49.16,47.74,18.61,46.14,9.55,49.94,4.04,50.0,11.98,50.0,4.14,48.32,48.1,18.75,46.14,9.55,68.31,5.52,50.0,11.98,50.0,4.14,49.94,46.41,18.09,49.95,10.34,51.89,4.2,50.0,11.98,50.0,4.14,48.74,42.76,16.67,32.81,6.79,44.35,3.59,50.0,11.98,50.0,4.14,43.16
202608090904,2026-08-09,09,4R,realtime,62.92,24.53,40.43,8.37,57.59,4.66,46.0,11.03,33.27,2.75,51.33,51.93,20.24,42.33,8.76,52.4,4.24,24.04,5.76,53.8,4.45,43.45,47.74,18.61,46.14,9.55,42.05,3.4,52.59,12.6,49.55,4.1,48.26,48.1,18.75,46.14,9.55,59.24,4.79,54.65,13.1,47.26,3.91,50.1,46.41,18.09,49.95,10.34,51.05,4.13,66.96,16.05,65.59,5.43,54.03,42.76,16.67,32.81,6.79,42.95,3.47,55.76,13.36,50.65,4.19,44.49
202608090905,2026-08-09,09,5R,daily,79.66,31.05,57.57,11.91,44.37,3.59,50.0,11.98,50.0,4.14,62.67,45.22,17.63,48.05,9.94,53.25,4.31,50.0,11.98,50.0,4.14,48.0,45.81,17.86,44.24,9.15,33.8,2.73,50.0,11.98,50.0,4.14,45.86,43.9,17.11,38.52,7.97,48.85,3.95,50.0,11.98,50.0,4.14,45.16,43.34,16.89,34.71,7.18,52.54,4.25,50.0,11.98,50.0,4.14,44.45,41.92,16.34,40.43,8.37,42.91,3.47,50.0,11.98,50.0,4.14,44.3
202608090905,2026-08-09,09,5R,realtime,79.66,31.05,57.57,11.91,48.91,3.95,60.7,14.55,33.27,2.75,64.22,45.22,17.63,48.05,9.94,61.3,4.96,43.56,10.44,53.8,4.45,47.42,45.81,17.86,44.24,9.15,36.5,2.95,38.9,9.32,49.55,4.1,43.38,43.9,17.11,38.52,7.97,38.12,3.08,50.67,12.14,47.26,3.91,44.22,43.34,16.89,34.71,7.18,39.47,3.19,51.55,12.35,65.59,5.43,45.05,41.92,16.34,40.43,8.37,44.0,3.56,54.67,13.1,50.65,4.19,45.56
202608090906,2026-08-09,09,6R,daily,67.41,26.28,55.66,11.52,55.94,4.52,50.0,11.98,50.0,4.14,58.44,50.25,19.59,44.24,9.15,43.11,3.49,50.0,11.98,50.0,4.14,48.35,48.86,19.05,40.43,8.37,32.95,2.66,50.0,11.98,50.0,4.14,46.2,46.97,18.31,48.05,9.94,59.62,4.82,50.0,11.98,50.0,4.14,49.19,44.45,17.33,61.38,12.7,40.5,3.28,50.0,11.98,50.0,4.14,49.42,41.92,16.34,42.33,8.76,32.62,2.64,50.0,11.98,50.0,4.14,43.86
202608090906,2026-08-09,09,6R,realtime,67.41,26.28,55.66,11.52,52.53,4.25,60.81,14.57,33.27,2.75,59.37,50.25,19.59,44.24,9.15,45.5,3.68,34.09,8.17,53.8,4.45,45.04,48.86,19.05,40.43,8.37,42.09,3.4,54.9,13.16,49.55,4.1,48.07,46.97,18.31,48.05,9.94,63.04,5.1,58.67,14.06,47.26,3.91,51.32,44.45,17.33,61.38,12.7,47.61,3.85,61.34,14.7,65.59,5.43,54.0,41.92,16.34,42.33,8.76,35.34,2.86,30.22,7.24,50.65,4.19,39.39
202608090907,2026-08-09,09,7R,daily,65.69,25.61,46.14,9.55,45.65,3.69,50.0,11.98,50.0,4.14,54.97,49.29,19.22,49.95,10.34,61.23,4.95,50.0,11.98,50.0,4.14,50.62,46.46,18.11,48.05,9.94,50.15,4.06,50.0,11.98,50.0,4.14,48.23,48.24,18.81,53.76,11.12,63.9,5.17,50.0,11.98,50.0,4.14,51.22,47.09,18.36,53.76,11.12,66.89,5.41,50.0,11.98,50.0,4.14,51.01,43.08,16.79,38.52,7.97,60.45,4.89,50.0,11.98,50.0,4.14,45.77
202608090907,2026-08-09,09,7R,realtime,65.69,25.61,46.14,9.55,56.92,4.6,59.62,14.29,33.27,2.75,56.8,49.29,19.22,49.95,10.34,56.72,4.59,52.36,12.55,53.8,4.45,51.14,46.46,18.11,48.05,9.94,48.26,3.9,40.32,9.66,49.55,4.1,45.72,48.24,18.81,53.76,11.12,49.29,3.99,51.23,12.28,47.26,3.91,50.1,47.09,18.36,53.76,11.12,62.6,5.06,52.95,12.69,65.59,5.43,52.66,43.08,16.79,38.52,7.97,54.52,4.41,43.56,10.44,50.65,4.19,43.8
202608090908,2026-08-09,09,8R,daily,67.55,26.33,46.14,9.55,33.79,2.73,50.0,11.98,50.0,4.14,54.73,48.88,19.06,49.95,10.34,44.63,3.61,50.0,11.98,50.0,4.14,49.12,48.34,18.85,42.33,8.76,44.76,3.62,50.0,11.98,50.0,4.14,47.34,47.29,18.43,63.28,13.09,49.53,4.01,50.0,11.98,50.0,4.14,51.65,44.74,17.44,42.33,8.76,49.89,4.03,50.0,11.98,50.0,4.14,46.36,43.05,16.78,44.24,9.15,47.72,3.86,50.0,11.98,50.0,4.14,45.91
202608090909,2026-08-09,09,9R,daily,74.39,29.0,46.14,9.55,49.94,4.04,50.0,11.98,50.0,4.14,58.7,46.97,18.31,48.05,9.94,43.39,3.51,50.0,11.98,50.0,4.14,47.88,47.0,18.32,42.33,8.76,63.75,5.16,50.0,11.98,50.0,4.14,48.35,45.36,17.68,48.05,9.94,39.37,3.18,50.0,11.98,50.0,4.14,46.93,43.64,17.01,46.14,9.55,51.95,4.2,50.0,11.98,50.0,4.14,46.88,42.5,16.57,48.05,9.94,59.85,4.84,50.0,11.98,50.0,4.14,47.47
202608090910,2026-08-09,09,10R,daily,74.1,28.89,49.95,10.34,51.89,4.2,50.0,11.98,50.0,4.14,59.54,48.11,18.75,53.76,11.12,44.64,3.61,50.0,11.98,50.0,4.14,49.61,46.43,18.1,48.05,9.94,53.25,4.31,50.0,11.98,50.0,4.14,48.47,45.92,17.9,48.05,9.94,71.27,5.76,50.0,11.98,50.0,4.14,49.73,43.64,17.01,55.66,11.52,55.94,4.52,50.0,11.98,50.0,4.14,49.17,41.65,16.23,46.14,9.55,33.21,2.69,50.0,11.98,50.0,4.14,44.59
202608090911,2026-08-09,09,11R,daily,74.66,29.1,53.76,11.12,66.89,5.41,50.0,11.98,50.0,4.14,61.76,46.2,18.01,46.14,9.55,68.31,5.52,50.0,11.98,50.0,4.14,49.2,46.8,18.24,53.76,11.12,63.9,5.17,50.0,11.98,50.0,4.14,50.66,47.16,18.39,57.57,11.91,44.37,3.59,50.0,11.98,50.0,4.14,50.0,43.39,16.91,48.05,9.94,60.15,4.86,50.0,11.98,50.0,4.14,47.84,41.65,16.23,40.43,8.37,60.29,4.88,50.0,11.98,50.0,4.14,45.6
202608090912,2026-08-09,09,12R,daily,77.24,30.11,63.28,13.09,49.53,4.01,50.0,11.98,50.0,4.14,63.33,45.55,17.76,48.05,9.94,59.62,4.82,50.0,11.98,50.0,4.14,48.64,46.71,18.21,61.38,12.7,40.5,3.28,50.0,11.98,50.0,4.14,50.3,45.92,17.9,49.95,10.34,61.23,4.95,50.0,11.98,50.0,4.14,49.31,42.5,16.57,48.05,9.94,34.02,2.75,50.0,11.98,50.0,4.14,45.38,41.93,16.35,46.14,9.55,45.65,3.69,50.0,11.98,50.0,4.14,45.7
202608091001,2026-08-09,10,1R,daily,80.79,29.5,55.73,14.93,37.9,3.35,50.0,8.47,50.0,5.46,61.71,45.76,16.71,44.73,11.98,36.8,3.26,50.0,8.47,50.0,5.46,45.87,45.8,16.73,33.72,9.03,41.03,3.63,50.0,8.47,50.0,5.46,43.32,44.66,16.31,47.48,12.72,51.52,4.56,50.0,8.47,50.0,5.46,47.51,42.3,15.45,39.23,10.5,53.08,4.7,50.0,8.47,50.0,5.46,44.58,40.66,14.85,33.72,9.03,43.53,3.85,50.0,8.47,50.0,5.46,41.66
202608091001,2026-08-09,10,1R,realtime,80.79,29.5,55.73,14.93,37.72,3.34,69.3,11.73,48.2,5.26,64.76,45.76,16.71,44.73,11.98,46.46,4.11,50.39,8.53,46.16,5.04,46.37,45.8,16.73,33.72,9.03,48.74,4.31,53.72,9.1,72.01,7.86,47.03,44.66,16.31,47.48,12.72,49.41,4.37,38.98,6.6,55.4,6.05,46.05,42.3,15.45,39.23,10.5,54.96,4.86,48.9,8.28,40.93,4.47,43.57,40.66,14.85,33.72,9.03,46.06,4.08,38.79,6.57,37.33,4.08,38.6
202608091002,2026-08-09,10,2R,daily,69.28,25.3,47.48,12.72,48.14,4.26,50.0,8.47,50.0,5.46,56.2,56.62,20.68,50.23,13.45,41.55,3.68,50.0,8.47,50.0,5.46,51.73,45.16,16.49,50.23,13.45,32.35,2.86,50.0,8.47,50.0,5.46,46.73,44.66,16.31,39.23,10.5,27.95,2.47,50.0,8.47,50.0,5.46,43.21,43.58,15.92,44.73,11.98,60.44,5.35,50.0,8.47,50.0,5.46,47.17,40.66,14.85,47.48,12.72,47.33,4.19,50.0,8.47,50.0,5.46,45.68
202608091002,2026-08-09,10,2R,realtime,69.28,25.3,47.48,12.72,31.59,2.8,74.09,12.55,52.28,5.71,59.07,56.62,20.68,50.23,13.45,41.13,3.64,45.88,7.77,49.77,5.43,50.97,45.16,16.49,50.23,13.45,31.83,2.82,50.84,8.61,53.42,5.83,47.2,44.66,16.31,39.23,10.5,38.11,3.37,48.8,8.26,47.45,5.18,43.63,43.58,15.92,44.73,11.98,42.29,3.74,47.85,8.1,47.94,5.23,44.97,40.66,14.85,47.48,12.72,55.12,4.88,32.62,5.52,49.16,5.37,43.33
202608091003,2026-08-09,10,3R,daily,76.76,28.03,55.73,14.93,42.23,3.74,50.0,8.47,50.0,5.46,60.62,45.09,16.47,41.98,11.24,46.4,4.11,50.0,8.47,50.0,5.46,45.74,49.59,18.11,47.48,12.72,38.67,3.42,50.0,8.47,50.0,5.46,48.17,44.32,16.19,44.73,11.98,35.18,3.11,50.0,8.47,50.0,5.46,45.2,42.61,15.56,30.97,8.29,52.11,4.61,50.0,8.47,50.0,5.46,42.39,41.61,15.2,47.48,12.72,44.09,3.9,50.0,8.47,50.0,5.46,45.74
202608091003,2026-08-09,10,3R,realtime,76.76,28.03,55.73,14.93,44.55,3.94,62.96,10.66,49.98,5.46,63.02,45.09,16.47,41.98,11.24,44.91,3.97,54.01,9.15,51.16,5.59,46.41,49.59,18.11,47.48,12.72,38.74,3.43,60.54,10.25,54.2,5.92,50.42,44.32,16.19,44.73,11.98,40.0,3.54,42.31,7.16,45.49,4.97,43.84,42.61,15.56,30.97,8.29,42.0,3.72,42.54,7.2,48.1,5.25,40.03,41.61,15.2,47.48,12.72,40.51,3.59,37.72,6.39,51.08,5.58,43.46
202608091004,2026-08-09,10,4R,daily,75.49,27.57,50.23,13.45,38.27,3.39,50.0,8.47,50.0,5.46,58.33,46.36,16.93,41.98,11.24,46.03,4.07,50.0,8.47,50.0,5.46,46.17,48.0,17.53,41.98,11.24,39.21,3.47,50.0,8.47,50.0,5.46,46.17,45.91,16.77,61.24,16.4,48.09,4.26,50.0,8.47,50.0,5.46,51.35,42.93,15.68,44.73,11.98,53.45,4.73,50.0,8.47,50.0,5.46,46.31,41.29,15.08,55.73,14.93,38.55,3.41,50.0,8.47,50.0,5.46,47.34
202608091004,2026-08-09,10,4R,realtime,75.49,27.57,50.23,13.45,33.41,2.96,47.25,8.0,47.69,5.21,57.18,46.36,16.93,41.98,11.24,33.71,2.98,33.99,5.76,52.55,5.74,42.65,48.0,17.53,41.98,11.24,38.46,3.4,35.12,5.95,54.99,6.0,44.12,45.91,16.77,61.24,16.4,45.81,4.05,61.03,10.33,43.53,4.75,52.31,42.93,15.68,44.73,11.98,55.83,4.94,57.26,9.7,48.26,5.27,47.56,41.29,15.08,55.73,14.93,59.87,5.3,65.4,11.07,53.01,5.79,52.16
202608091005,2026-08-09,10,5R,daily,66.58,24.32,77.74,20.82,56.78,5.02,50.0,8.47,50.0,5.46,64.09,49.54,18.09,41.98,11.24,40.69,3.6,50.0,8.47,50.0,5.46,46.86,50.22,18.34,39.23,10.5,46.74,4.14,50.0,8.47,50.0,5.46,46.91,48.46,17.7,50.23,13.45,82.44,7.3,50.0,8.47,50.0,5.46,52.37,44.84,16.37,61.24,16.4,59.26,5.24,50.0,8.47,50.0,5.46,51.94,40.34,14.73,44.73,11.98,36.8,3.26,50.0,8.47,50.0,5.46,43.89
202608091005,2026-08-09,10,5R,realtime,66.58,24.32,77.74,20.82,48.66,4.31,52.48,8.89,46.55,5.08,63.41,49.54,18.09,41.98,11.24,43.1,3.81,36.49,6.18,52.67,5.75,45.08,50.22,18.34,39.23,10.5,40.17,3.55,40.15,6.8,53.28,5.82,45.01,48.46,17.7,50.23,13.45,86.39,7.65,72.62,12.3,44.8,4.89,55.98,44.84,16.37,61.24,16.4,54.7,4.84,55.3,9.36,49.29,5.38,52.36,40.34,14.73,44.73,11.98,46.46,4.11,43.03,7.29,53.43,5.83,43.94
202608091006,2026-08-09,10,6R,daily,67.86,24.78,44.73,11.98,60.44,5.35,50.0,8.47,50.0,5.46,56.03,49.22,17.98,50.23,13.45,54.05,4.78,50.0,8.47,50.0,5.46,50.14,49.27,17.99,39.23,10.5,59.1,5.23,50.0,8.47,50.0,5.46,47.65,47.5,17.35,33.72,9.03,41.03,3.63,50.0,8.47,50.0,5.46,43.93,44.52,16.26,52.98,14.19,70.55,6.24,50.0,8.47,50.0,5.46,50.62,41.61,15.2,36.47,9.77,48.1,4.26,50.0,8.47,50.0,5.46,43.15
202608091006,2026-08-09,10,6R,realtime,67.86,24.78,44.73,11.98,42.29,3.74,48.89,8.28,45.39,4.96,53.74,49.22,17.98,50.23,13.45,51.2,4.53,56.21,9.52,53.95,5.89,51.37,49.27,17.99,39.23,10.5,63.48,5.62,61.21,10.36,55.77,6.09,50.57,47.5,17.35,33.72,9.03,48.74,4.31,53.85,9.12,41.57,4.54,44.35,44.52,16.26,52.98,14.19,55.06,4.87,54.61,9.25,48.41,5.29,49.85,41.61,15.2,36.47,9.77,45.57,4.03,25.31,4.29,54.93,6.0,39.28
202608091007,2026-08-09,10,7R,daily,64.95,23.72,80.49,21.56,47.56,4.21,50.0,8.47,50.0,5.46,63.41,48.04,17.54,39.23,10.5,53.08,4.7,50.0,8.47,50.0,5.46,46.67,50.33,18.38,44.73,11.98,48.77,4.32,50.0,8.47,50.0,5.46,48.6,50.15,18.32,50.23,13.45,32.35,2.86,50.0,8.47,50.0,5.46,48.56,44.24,16.16,41.98,11.24,46.4,4.11,50.0,8.47,50.0,5.46,45.43,42.27,15.44,47.48,12.72,48.14,4.26,50.0,8.47,50.0,5.46,46.34
202608091007,2026-08-09,10,7R,realtime,64.95,23.72,80.49,21.56,57.7,5.11,47.24,8.0,44.26,4.83,63.21,48.04,17.54,39.23,10.5,54.96,4.86,37.21,6.3,54.07,5.9,45.12,50.33,18.38,44.73,11.98,55.56,4.92,51.38,8.7,54.07,5.9,49.88,50.15,18.32,50.23,13.45,31.83,2.82,47.54,8.05,42.84,4.68,47.31,44.24,16.16,41.98,11.24,44.91,3.97,55.0,9.31,49.44,5.4,46.08,42.27,15.44,47.48,12.72,31.59,2.8,61.7,10.45,55.35,6.04,47.44
202608091008,2026-08-09,10,8R,daily,64.56,23.58,47.48,12.72,47.33,4.19,50.0,8.47,50.0,5.46,54.41,52.02,19.0,44.73,11.98,35.18,3.11,50.0,8.47,50.0,5.46,48.01,49.14,17.95,47.48,12.72,51.52,4.56,50.0,8.47,50.0,5.46,49.15,48.96,17.88,41.98,11.24,39.21,3.47,50.0,8.47,50.0,5.46,46.52,44.61,16.29,41.98,11.24,46.03,4.07,50.0,8.47,50.0,5.46,45.53,40.67,14.85,30.97,8.29,52.11,4.61,50.0,8.47,50.0,5.46,41.68
202608091008,2026-08-09,10,8R,realtime,64.56,23.58,47.48,12.72,55.12,4.88,63.1,10.68,40.17,4.39,56.24,52.02,19.0,44.73,11.98,40.0,3.54,59.79,10.12,50.46,5.51,50.15,49.14,17.95,47.48,12.72,49.41,4.37,56.87,9.63,72.66,7.93,52.6,48.96,17.88,41.98,11.24,38.46,3.4,45.27,7.67,50.79,5.55,45.74,44.61,16.29,41.98,11.24,33.71,2.98,37.76,6.39,42.43,4.63,41.54,40.67,14.85,30.97,8.29,42.0,3.72,37.27,6.31,43.52,4.75,37.93
202608091009,2026-08-09,10,9R,daily,63.59,23.22,44.73,11.98,53.45,4.73,50.0,8.47,50.0,5.46,53.86,52.35,19.12,39.23,10.5,27.95,2.47,50.0,8.47,50.0,5.46,46.02,51.09,18.66,55.73,14.93,48.97,4.33,50.0,8.47,50.0,5.46,51.84,47.66,17.41,39.23,10.5,46.74,4.14,50.0,8.47,50.0,5.46,45.97,43.96,16.06,41.98,11.24,40.69,3.6,50.0,8.47,50.0,5.46,44.82,41.32,15.09,50.23,13.45,38.27,3.39,50.0,8.47,50.0,5.46,45.86
202608091009,2026-08-09,10,9R,realtime,63.59,23.22,44.73,11.98,55.83,4.94,68.14,11.54,39.04,4.26,55.94,52.35,19.12,39.23,10.5,38.11,3.37,52.25,8.85,50.57,5.52,47.36,51.09,18.66,55.73,14.93,55.19,4.88,62.64,10.61,70.95,7.75,56.82,47.66,17.41,39.23,10.5,40.17,3.55,47.77,8.09,52.06,5.68,45.24,43.96,16.06,41.98,11.24,43.1,3.81,41.68,7.06,43.46,4.75,42.91,41.32,15.09,50.23,13.45,33.41,2.96,27.59,4.67,43.94,4.8,40.97
202608091010,2026-08-09,10,10R,daily,68.46,25.0,52.98,14.19,70.55,6.24,50.0,8.47,50.0,5.46,59.36,51.37,18.76,50.23,13.45,82.44,7.3,50.0,8.47,50.0,5.46,53.43,48.49,17.71,77.74,20.82,56.78,5.02,50.0,8.47,50.0,5.46,57.48,46.69,17.05,39.23,10.5,59.1,5.23,50.0,8.47,50.0,5.46,46.71,43.96,16.06,55.73,14.93,42.23,3.74,50.0,8.47,50.0,5.46,48.64,40.99,14.97,55.73,14.93,37.9,3.35,50.0,8.47,50.0,5.46,47.18
202608091010,2026-08-09,10,10R,realtime,68.46,25.0,52.98,14.19,55.06,4.87,45.56,7.71,41.33,4.51,56.29,51.37,18.76,50.23,13.45,86.39,7.65,68.07,11.53,49.18,5.37,56.75,48.49,17.71,77.74,20.82,48.66,4.31,47.04,7.96,70.16,7.66,58.46,46.69,17.05,39.23,10.5,63.48,5.62,48.73,8.25,54.03,5.9,47.32,43.96,16.06,55.73,14.93,44.55,3.94,45.22,7.66,43.3,4.73,47.31,40.99,14.97,55.73,14.93,37.72,3.34,45.46,7.7,42.02,4.59,45.52
202608091011,2026-08-09,10,11R,daily,71.39,26.07,61.24,16.4,59.26,5.24,50.0,8.47,50.0,5.46,61.64,51.37,18.76,80.49,21.56,47.56,4.21,50.0,8.47,50.0,5.46,58.45,47.2,17.24,61.24,16.4,48.09,4.26,50.0,8.47,50.0,5.46,51.82,44.74,16.34,50.23,13.45,54.05,4.78,50.0,8.47,50.0,5.46,48.5,43.32,15.82,50.23,13.45,41.55,3.68,50.0,8.47,50.0,5.46,46.87,41.97,15.33,47.48,12.72,38.67,3.42,50.0,8.47,50.0,5.46,45.39
202608091011,2026-08-09,10,11R,realtime,71.39,26.07,61.24,16.4,54.7,4.84,52.35,8.86,39.04,4.26,60.44,51.37,18.76,80.49,21.56,57.7,5.11,49.69,8.41,50.57,5.52,59.36,47.2,17.24,61.24,16.4,45.81,4.05,59.62,10.09,70.95,7.75,55.53,44.74,16.34,50.23,13.45,51.2,4.53,46.79,7.92,52.06,5.68,47.93,43.32,15.82,50.23,13.45,41.13,3.64,36.33,6.15,43.46,4.75,43.81,41.97,15.33,47.48,12.72,38.74,3.43,55.27,9.36,43.94,4.8,45.63
202608091012,2026-08-09,10,12R,daily,76.7,28.01,47.48,12.72,56.2,4.97,50.0,8.47,50.0,5.46,59.63,46.14,16.85,61.24,16.4,53.86,4.77,50.0,8.47,50.0,5.46,51.94,47.15,17.22,50.23,13.45,45.07,3.99,50.0,8.47,50.0,5.46,48.59,45.36,16.57,69.49,18.61,58.24,5.15,50.0,8.47,50.0,5.46,54.25,43.95,16.05,72.24,19.35,47.22,4.18,50.0,8.47,50.0,5.46,53.5,40.67,14.85,58.48,15.66,34.04,3.01,50.0,8.47,50.0,5.46,47.45
202608091201,2026-08-09,12,1R,daily,70.06,28.38,40.16,7.39,43.33,4.39,50.0,9.34,50.0,6.15,55.64,47.27,19.15,43.54,8.01,49.72,5.04,50.0,9.34,50.0,6.15,47.68,48.68,19.72,38.47,7.08,44.74,4.53,50.0,9.34,50.0,6.15,46.81,47.67,19.31,38.47,7.08,59.42,6.02,50.0,9.34,50.0,6.15,47.89,43.46,17.6,41.85,7.7,40.38,4.09,50.0,9.34,50.0,6.15,44.88,42.75,17.32,43.54,8.01,42.84,4.34,50.0,9.34,50.0,6.15,45.15
202608091202,2026-08-09,12,2R,daily,68.16,27.6,45.23,8.32,61.05,6.18,50.0,9.34,50.0,6.15,57.6,49.45,20.03,40.16,7.39,45.17,4.57,50.0,9.34,50.0,6.15,47.48,47.04,19.05,40.16,7.39,55.5,5.62,50.0,9.34,50.0,6.15,47.55,49.03,19.86,43.54,8.01,51.71,5.24,50.0,9.34,50.0,6.15,48.59,44.28,17.93,41.85,7.7,55.98,5.67,50.0,9.34,50.0,6.15,46.79,41.93,16.98,51.99,9.56,49.41,5.0,50.0,9.34,50.0,6.15,47.04
202608091203,2026-08-09,12,3R,daily,67.06,27.16,41.85,7.7,66.35,6.72,50.0,9.34,50.0,6.15,57.07,48.63,19.7,48.61,8.94,49.59,5.02,50.0,9.34,50.0,6.15,49.15,48.4,19.6,50.3,9.25,38.95,3.94,50.0,9.34,50.0,6.15,48.29,47.67,19.31,46.92,8.63,58.65,5.94,50.0,9.34,50.0,6.15,49.37,45.37,18.38,46.92,8.63,50.36,5.1,50.0,9.34,50.0,6.15,47.6,42.75,17.32,48.61,8.94,33.39,3.38,50.0,9.34,50.0,6.15,45.13
202608091204,2026-08-09,12,4R,daily,67.34,27.27,43.54,8.01,42.65,4.32,50.0,9.34,50.0,6.15,55.09,48.08,19.48,48.61,8.94,47.31,4.79,50.0,9.34,50.0,6.15,48.7,49.76,20.16,43.54,8.01,58.19,5.89,50.0,9.34,50.0,6.15,49.55,46.31,18.76,43.54,8.01,39.34,3.98,50.0,9.34,50.0,6.15,46.24,45.37,18.38,55.37,10.19,30.38,3.08,50.0,9.34,50.0,6.15,47.13,43.02,17.43,43.54,8.01,64.21,6.5,50.0,9.34,50.0,6.15,47.43
202608091205,2026-08-09,12,5R,daily,74.79,30.29,50.3,9.25,65.46,6.63,50.0,9.34,50.0,6.15,61.66,48.05,19.46,43.54,8.01,38.48,3.9,50.0,9.34,50.0,6.15,46.86,44.57,18.05,46.92,8.63,68.86,6.97,50.0,9.34,50.0,6.15,49.15,45.74,18.53,45.23,8.32,41.68,4.22,50.0,9.34,50.0,6.15,46.56,44.27,17.93,38.47,7.08,44.74,4.53,50.0,9.34,50.0,6.15,45.02,42.47,17.2,50.3,9.25,31.59,3.2,50.0,9.34,50.0,6.15,45.14
202608091206,2026-08-09,12,6R,daily,69.91,28.32,48.61,8.94,63.5,6.43,50.0,9.34,50.0,6.15,59.18,47.24,19.13,46.92,8.63,56.12,5.68,50.0,9.34,50.0,6.15,48.94,49.45,20.03,45.23,8.32,52.35,5.3,50.0,9.34,50.0,6.15,49.14,47.1,19.08,41.85,7.7,33.67,3.41,50.0,9.34,50.0,6.15,45.67,43.72,17.71,40.16,7.39,45.17,4.57,50.0,9.34,50.0,6.15,45.16,42.47,17.2,57.06,10.5,48.57,4.92,50.0,9.34,50.0,6.15,48.11
202608091207,2026-08-09,12,7R,daily,68.16,27.6,45.23,8.32,51.12,5.18,50.0,9.34,50.0,6.15,56.59,49.45,20.03,43.54,8.01,36.85,3.73,50.0,9.34,50.0,6.15,47.26,49.5,20.05,43.54,8.01,51.71,5.24,50.0,9.34,50.0,6.15,48.78,46.58,18.87,41.85,7.7,46.02,4.66,50.0,9.34,50.0,6.15,46.71,43.74,17.71,48.61,8.94,49.59,5.02,50.0,9.34,50.0,6.15,47.17,42.48,17.2,50.3,9.25,68.88,6.98,50.0,9.34,50.0,6.15,48.92
202608091208,2026-08-09,12,8R,daily,69.64,28.2,51.99,9.56,49.41,5.0,50.0,9.34,50.0,6.15,58.26,48.86,19.79,43.54,8.01,39.34,3.98,50.0,9.34,50.0,6.15,47.27,47.01,19.04,46.92,8.63,58.65,5.94,50.0,9.34,50.0,6.15,49.1,47.91,19.4,50.3,9.25,38.95,3.94,50.0,9.34,50.0,6.15,48.09,44.27,17.93,45.23,8.32,52.28,5.29,50.0,9.34,50.0,6.15,47.03,42.21,17.09,40.16,7.39,43.33,4.39,50.0,9.34,50.0,6.15,44.36
202608091209,2026-08-09,12,9R,daily,71.81,29.08,48.61,8.94,33.39,3.38,50.0,9.34,50.0,6.15,56.9,50.22,20.34,55.37,10.19,30.38,3.08,50.0,9.34,50.0,6.15,49.09,46.74,18.93,38.47,7.08,59.42,6.02,50.0,9.34,50.0,6.15,47.51,46.02,18.64,46.92,8.63,50.36,5.1,50.0,9.34,50.0,6.15,47.86,43.18,17.49,48.61,8.94,47.31,4.79,50.0,9.34,50.0,6.15,46.71,41.93,16.98,45.23,8.32,61.05,6.18,50.0,9.34,50.0,6.15,46.98
202608091210,2026-08-09,12,10R,daily,74.25,30.07,43.54,8.01,64.21,6.5,50.0,9.34,50.0,6.15,60.07,47.24,19.13,50.3,9.25,65.46,6.63,50.0,9.34,50.0,6.15,50.5,46.2,18.71,48.61,8.94,63.5,6.43,50.0,9.34,50.0,6.15,49.57,45.74,18.53,43.54,8.01,58.19,5.89,50.0,9.34,50.0,6.15,47.92,43.45,17.6,50.3,9.25,31.59,3.2,50.0,9.34,50.0,6.15,45.54,43.01,17.42,46.92,8.63,56.12,5.68,50.0,9.34,50.0,6.15,47.22
202608091211,2026-08-09,12,11R,daily,78.85,31.94,57.06,10.5,48.57,4.92,50.0,9.34,50.0,6.15,62.84,45.61,18.47,41.85,7.7,66.35,6.72,50.0,9.34,50.0,6.15,48.38,44.3,17.94,45.23,8.32,51.12,5.18,50.0,9.34,50.0,6.15,46.93,45.2,18.31,46.92,8.63,68.86,6.97,50.0,9.34,50.0,6.15,49.4,44.0,17.82,50.3,9.25,68.88,6.98,50.0,9.34,50.0,6.15,49.54,41.93,16.98,43.54,8.01,42.65,4.32,50.0,9.34,50.0,6.15,44.8
202608091212,2026-08-09,12,12R,daily,77.77,31.5,50.3,9.25,52.99,5.37,50.0,9.34,50.0,6.15,61.6,47.51,19.24,68.9,12.67,55.02,5.57,50.0,9.34,50.0,6.15,52.98,45.66,18.49,48.61,8.94,64.98,6.58,50.0,9.34,50.0,6.15,49.5,43.84,17.76,45.23,8.32,58.43,5.92,50.0,9.34,50.0,6.15,47.48,43.45,17.6,58.76,10.81,43.85,4.44,50.0,9.34,50.0,6.15,48.34,41.66,16.87,55.37,10.19,58.53,5.93,50.0,9.34,50.0,6.15,48.48
202608091301,2026-08-09,13,1R,daily,67.46,27.42,42.14,9.07,59.58,7.29,50.0,12.79,50.0,0.01,56.58,46.6,18.94,59.02,12.71,71.83,8.79,50.0,12.79,50.0,0.01,53.23,53.37,21.69,47.77,10.28,42.99,5.26,50.0,12.79,50.0,0.01,50.03,46.37,18.85,51.52,11.09,54.57,6.67,50.0,12.79,50.0,0.01,49.41,43.83,17.81,49.64,10.69,36.34,4.44,50.0,12.79,50.0,0.01,45.74,42.17,17.14,36.51,7.86,46.23,5.65,50.0,12.79,50.0,0.01,43.45
202608091301,2026-08-09,13,1R,realtime,67.46,27.42,42.14,9.07,50.0,6.11,52.64,13.47,54.75,0.01,56.08,46.6,18.94,59.02,12.71,62.1,7.59,60.54,15.49,50.75,0.01,54.74,53.37,21.69,47.77,10.28,50.0,6.11,54.53,13.95,45.84,0.01,52.05,46.37,18.85,51.52,11.09,55.27,6.76,57.18,14.63,48.48,0.01,51.34,43.83,17.81,49.64,10.69,50.0,6.11,52.12,13.34,50.76,0.01,47.96,42.17,17.14,36.51,7.86,48.63,5.95,22.98,5.88,49.4,0.01,36.83
202608091302,2026-08-09,13,2R,daily,66.73,27.12,44.02,9.48,45.41,5.55,50.0,12.79,50.0,0.01,54.95,50.78,20.64,49.64,10.69,50.91,6.23,50.0,12.79,50.0,0.01,50.35,48.45,19.69,42.14,9.07,64.32,7.87,50.0,12.79,50.0,0.01,49.43,45.88,18.65,44.02,9.48,50.3,6.15,50.0,12.79,50.0,0.01,47.08,45.3,18.41,29.01,6.25,46.7,5.71,50.0,12.79,50.0,0.01,43.17,42.65,17.33,55.27,11.9,49.56,6.06,50.0,12.79,50.0,0.01,48.1
202608091302,2026-08-09,13,2R,realtime,66.73,27.12,44.02,9.48,50.0,6.11,63.54,16.26,57.84,0.01,58.97,50.78,20.64,49.64,10.69,52.71,6.45,50.03,12.8,47.3,0.01,50.58,48.45,19.69,42.14,9.07,57.18,6.99,56.39,14.43,38.37,0.01,50.19,45.88,18.65,44.02,9.48,51.34,6.28,44.02,11.26,43.74,0.01,45.67,42.65,17.33,29.01,6.25,41.98,5.13,49.91,12.77,64.5,0.01,41.49,45.3,18.41,55.27,11.9,50.0,6.11,36.12,9.24,48.23,0.01,45.67
202608091303,2026-08-09,13,3R,daily,65.5,26.62,45.89,9.88,51.67,6.32,50.0,12.79,50.0,0.01,55.62,49.31,20.04,62.78,13.52,47.42,5.8,50.0,12.79,50.0,0.01,52.15,46.48,18.89,44.02,9.48,51.4,6.29,50.0,12.79,50.0,0.01,47.45,48.83,19.84,55.27,11.9,52.94,6.47,50.0,12.79,50.0,0.01,51.02,46.28,18.81,38.39,8.27,58.89,7.2,50.0,12.79,50.0,0.01,47.08,43.39,17.63,45.89,9.88,58.36,7.14,50.0,12.79,50.0,0.01,47.45
202608091303,2026-08-09,13,3R,realtime,65.5,26.62,45.89,9.88,66.6,8.15,60.92,15.59,56.79,0.01,60.24,49.31,20.04,62.78,13.52,46.89,5.73,52.41,13.41,51.07,0.01,52.7,46.48,18.89,44.02,9.48,50.0,6.11,44.42,11.36,44.06,0.01,45.85,48.83,19.84,55.27,11.9,57.63,7.05,30.62,7.83,47.84,0.01,46.64,46.28,18.81,38.39,8.27,50.0,6.11,61.04,15.62,51.09,0.01,48.81,43.39,17.63,45.89,9.88,51.9,6.35,50.58,12.94,49.15,0.01,46.81
202608091304,2026-08-09,13,4R,daily,70.66,28.71,44.02,9.48,60.21,7.36,50.0,12.79,50.0,0.01,58.36,50.29,20.44,57.15,12.3,58.96,7.21,50.0,12.79,50.0,0.01,52.75,45.99,18.69,44.02,9.48,56.76,6.94,50.0,12.79,50.0,0.01,47.91,46.37,18.85,44.02,9.48,54.03,6.61,50.0,12.79,50.0,0.01,47.73,43.83,17.81,55.27,11.9,43.64,5.34,50.0,12.79,50.0,0.01,47.85,42.65,17.33,34.64,7.46,70.63,8.64,50.0,12.79,50.0,0.01,46.23
202608091304,2026-08-09,13,4R,realtime,70.66,28.71,44.02,9.48,50.0,6.11,58.76,15.03,58.51,0.01,59.35,50.29,20.44,57.15,12.3,66.52,8.13,53.05,13.57,47.41,0.01,54.46,45.99,18.69,44.02,9.48,50.0,6.11,48.15,12.32,37.78,0.01,46.61,46.37,18.85,44.02,9.48,43.06,5.27,51.02,13.05,43.53,0.01,46.65,43.83,17.81,55.27,11.9,50.0,6.11,48.46,12.4,48.34,0.01,48.23,42.65,17.33,34.64,7.46,65.5,8.01,40.57,10.38,64.41,0.01,43.19
202608091305,2026-08-09,13,5R,daily,68.83,27.97,49.64,10.69,46.49,5.69,50.0,12.79,50.0,0.01,57.15,49.84,20.25,36.51,7.86,37.67,4.61,50.0,12.79,50.0,0.01,45.52,46.26,18.8,49.64,10.69,43.1,5.27,50.0,12.79,50.0,0.01,47.56,47.88,19.46,36.51,7.86,48.1,5.88,50.0,12.79,50.0,0.01,46.0,44.83,18.22,57.15,12.3,48.36,5.91,50.0,12.79,50.0,0.01,49.24,42.17,17.14,44.02,9.48,51.18,6.26,50.0,12.79,50.0,0.01,45.67
202608091305,2026-08-09,13,5R,realtime,68.83,27.97,49.64,10.69,38.19,4.67,56.61,14.48,58.51,0.01,57.82,49.84,20.25,36.51,7.86,50.0,6.11,40.67,10.41,47.41,0.01,44.64,46.26,18.8,49.64,10.69,38.32,4.69,42.33,10.83,37.78,0.01,45.01,47.88,19.46,36.51,7.86,54.33,6.64,49.49,12.66,43.53,0.01,46.63,44.83,18.22,57.15,12.3,44.23,5.41,49.6,12.69,48.34,0.01,48.63,42.17,17.14,44.02,9.48,38.76,4.74,61.31,15.69,64.41,0.01,47.05
202608091306,2026-08-09,13,6R,daily,77.97,31.68,66.53,14.32,43.56,5.33,50.0,12.79,50.0,0.01,64.14,44.15,17.94,45.89,9.88,59.98,7.34,50.0,12.79,50.0,0.01,47.96,45.52,18.5,51.52,11.09,48.23,5.9,50.0,12.79,50.0,0.01,48.29,46.89,19.06,42.14,9.07,40.07,4.9,50.0,12.79,50.0,0.01,45.83,43.1,17.51,49.64,10.69,41.18,5.04,50.0,12.79,50.0,0.01,46.04,42.17,17.14,34.64,7.46,33.85,4.14,50.0,12.79,50.0,0.01,41.53
202608091306,2026-08-09,13,6R,realtime,77.97,31.68,66.53,14.32,50.0,6.11,55.71,14.25,58.37,0.01,66.39,44.15,17.94,45.89,9.88,50.0,6.11,61.08,15.63,51.32,0.01,49.57,45.52,18.5,51.52,11.09,51.71,6.32,53.51,13.69,42.67,0.01,49.61,46.89,19.06,42.14,9.07,50.0,6.11,42.73,10.93,47.33,0.01,45.18,43.1,17.51,49.64,10.69,36.76,4.5,53.71,13.74,51.34,0.01,46.45,42.17,17.14,34.64,7.46,30.4,3.72,33.26,8.51,48.95,0.01,36.83
202608091307,2026-08-09,13,7R,daily,68.34,27.77,47.77,10.28,65.27,7.98,50.0,12.79,50.0,0.01,58.84,48.11,19.55,44.02,9.48,50.3,6.15,50.0,12.79,50.0,0.01,47.98,49.22,20.0,49.64,10.69,36.34,4.44,50.0,12.79,50.0,0.01,47.94,46.4,18.85,62.78,13.52,45.15,5.52,50.0,12.79,50.0,0.01,50.69,45.07,18.32,45.89,9.88,51.67,6.32,50.0,12.79,50.0,0.01,47.32,42.66,17.34,49.64,10.69,44.16,5.4,50.0,12.79,50.0,0.01,46.23
202608091307,2026-08-09,13,7R,realtime,68.34,27.77,47.77,10.28,67.03,8.2,70.27,17.98,52.95,0.01,64.24,48.11,19.55,44.02,9.48,51.34,6.28,45.99,11.77,46.15,0.01,47.08,49.22,20.0,49.64,10.69,50.0,6.11,46.01,11.77,47.8,0.01,48.59,46.4,18.85,62.78,13.52,44.18,5.4,37.74,9.66,51.32,0.01,47.44,45.07,18.32,45.89,9.88,66.6,8.15,53.58,13.71,53.9,0.01,50.06,42.66,17.34,49.64,10.69,45.8,5.6,46.42,11.88,47.86,0.01,45.51
202608091308,2026-08-09,13,8R,daily,69.57,28.27,60.9,13.11,63.66,7.79,50.0,12.79,50.0,0.01,61.97,47.12,19.15,51.52,11.09,54.06,6.61,50.0,12.79,50.0,0.01,49.65,46.75,19.0,45.89,9.88,58.36,7.14,50.0,12.79,50.0,0.01,48.82,48.13,19.56,59.02,12.71,52.77,6.45,50.0,12.79,50.0,0.01,51.52,44.83,18.22,44.02,9.48,45.41,5.55,50.0,12.79,50.0,0.01,46.05,43.4,17.64,40.26,8.67,58.4,7.14,50.0,12.79,50.0,0.01,46.25
202608091309,2026-08-09,13,9R,daily,74.43,30.25,55.27,11.9,68.49,8.38,50.0,12.79,50.0,0.01,63.32,46.4,18.86,49.64,10.69,68.31,8.35,50.0,12.79,50.0,0.01,50.7,46.53,18.91,44.02,9.48,54.03,6.61,50.0,12.79,50.0,0.01,47.79,45.43,18.46,49.64,10.69,49.06,6.0,50.0,12.79,50.0,0.01,47.95,43.85,17.82,42.14,9.07,64.32,7.87,50.0,12.79,50.0,0.01,47.56,43.16,17.54,59.02,12.71,71.83,8.79,50.0,12.79,50.0,0.01,51.83
202608091310,2026-08-09,13,10R,daily,74.18,30.15,57.15,12.3,40.55,4.96,50.0,12.79,50.0,0.01,60.21,46.9,19.06,55.27,11.9,49.56,6.06,50.0,12.79,50.0,0.01,49.82,45.53,18.5,55.27,11.9,52.94,6.47,50.0,12.79,50.0,0.01,49.68,46.17,18.76,44.02,9.48,56.76,6.94,50.0,12.79,50.0,0.01,47.98,44.09,17.92,47.77,10.28,81.8,10.0,50.0,12.79,50.0,0.01,51.01,42.91,17.44,47.77,10.28,42.99,5.26,50.0,12.79,50.0,0.01,45.78
202608091311,2026-08-09,13,11R,daily,77.41,31.46,51.52,11.09,54.57,6.67,50.0,12.79,50.0,0.01,62.03,45.66,18.55,44.02,9.48,51.18,6.26,50.0,12.79,50.0,0.01,47.09,45.53,18.5,55.27,11.9,43.64,5.34,50.0,12.79,50.0,0.01,48.54,45.43,18.46,51.52,11.09,48.23,5.9,50.0,12.79,50.0,0.01,48.25,43.6,17.72,49.64,10.69,50.91,6.23,50.0,12.79,50.0,0.01,47.43,42.17,17.14,44.02,9.48,51.4,6.29,50.0,12.79,50.0,0.01,45.7
202608091312,2026-08-09,13,12R,daily,75.92,30.85,62.78,13.52,45.15,5.52,50.0,12.79,50.0,0.01,62.69,45.41,18.45,57.15,12.3,48.36,5.91,50.0,12.79,50.0,0.01,49.47,45.29,18.4,66.53,14.32,43.56,5.33,50.0,12.79,50.0,0.01,50.86,46.17,18.76,57.15,12.3,58.96,7.21,50.0,12.79,50.0,0.01,51.08,44.09,17.92,60.9,13.11,63.66,7.79,50.0,12.79,50.0,0.01,51.62,42.91,17.44,62.78,13.52,47.42,5.8,50.0,12.79,50.0,0.01,49.55
202608091401,2026-08-09,14,1R,daily,79.72,30.48,53.93,9.97,49.58,5.21,50.0,10.29,50.0,6.1,62.04,43.4,16.59,41.61,7.69,55.72,5.85,50.0,10.29,50.0,6.1,46.53,46.7,17.85,41.61,7.69,45.12,4.74,50.0,10.29,50.0,6.1,46.67,46.65,17.83,43.37,8.02,57.13,6.0,50.0,10.29,50.0,6.1,48.24,42.89,16.4,46.89,8.67,48.87,5.13,50.0,10.29,50.0,6.1,46.59,40.49,15.48,46.89,8.67,51.7,5.43,50.0,10.29,50.0,6.1,45.97
202608091401,2026-08-09,14,1R,realtime,79.72,30.48,53.93,9.97,46.65,4.9,76.43,15.73,42.23,5.15,66.23,43.4,16.59,41.61,7.69,56.23,5.91,28.8,5.93,52.92,6.46,42.57,46.7,17.85,41.61,7.69,44.36,4.66,37.33,7.68,53.66,6.55,44.43,46.65,17.83,43.37,8.02,53.31,5.6,59.86,12.32,50.43,6.15,49.92,42.89,16.4,46.89,8.67,49.99,5.25,54.11,11.14,51.51,6.28,47.74,40.49,15.48,46.89,8.67,52.08,5.47,43.3,8.91,49.23,6.01,44.53
202608091402,2026-08-09,14,2R,daily,63.1,24.12,50.41,9.32,52.94,5.56,50.0,10.29,50.0,6.1,55.39,51.88,19.83,45.13,8.34,64.83,6.81,50.0,10.29,50.0,6.1,51.38,52.6,20.11,59.22,10.95,52.76,5.54,50.0,10.29,50.0,6.1,52.99,47.2,18.04,48.65,8.99,38.04,4.0,50.0,10.29,50.0,6.1,47.42,44.96,17.19,48.65,8.99,49.27,5.18,50.0,10.29,50.0,6.1,47.75,40.1,15.33,53.93,9.97,57.82,6.07,50.0,10.29,50.0,6.1,47.77
202608091402,2026-08-09,14,2R,realtime,63.1,24.12,50.41,9.32,47.94,5.04,60.76,12.5,42.59,5.2,56.18,51.88,19.83,45.13,8.34,51.62,5.42,51.65,10.63,52.92,6.46,50.69,52.6,20.11,59.22,10.95,55.75,5.86,48.7,10.02,53.02,6.47,53.4,47.2,18.04,48.65,8.99,45.72,4.8,64.98,13.37,49.12,5.99,51.21,44.96,17.19,48.65,8.99,46.48,4.88,30.41,6.26,51.82,6.32,43.64,40.1,15.33,53.93,9.97,52.65,5.53,43.3,8.91,50.51,6.16,45.91
202608091403,2026-08-09,14,3R,daily,76.11,29.1,48.65,8.99,55.46,5.83,50.0,10.29,50.0,6.1,60.3,47.9,18.31,43.37,8.02,53.62,5.63,50.0,10.29,50.0,6.1,48.35,46.49,17.77,41.61,7.69,59.65,6.27,50.0,10.29,50.0,6.1,48.12,46.09,17.62,57.46,10.62,65.46,6.88,50.0,10.29,50.0,6.1,51.51,42.44,16.23,41.61,7.69,56.21,5.9,50.0,10.29,50.0,6.1,46.21,40.81,15.6,50.41,9.32,37.1,3.9,50.0,10.29,50.0,6.1,45.21
202608091403,2026-08-09,14,3R,realtime,76.11,29.1,48.65,8.99,45.54,4.78,64.01,13.17,52.4,6.39,62.44,46.09,17.62,43.37,8.02,51.2,5.38,56.6,11.65,45.43,5.54,48.21,42.44,16.23,41.61,7.69,55.18,5.8,41.25,8.49,59.69,7.28,45.49,47.9,18.31,57.46,10.62,61.18,6.43,64.39,13.25,41.36,5.05,53.66,40.81,15.6,41.61,7.69,55.87,5.87,33.89,6.98,46.09,5.62,41.76,46.49,17.77,50.41,9.32,46.16,4.85,39.69,8.17,55.0,6.71,46.82
202608091404,2026-08-09,14,4R,daily,74.89,28.63,55.7,10.29,50.58,5.31,50.0,10.29,50.0,6.1,60.63,48.31,18.47,46.89,8.67,59.83,6.28,50.0,10.29,50.0,6.1,49.81,47.96,18.34,41.61,7.69,44.41,4.66,50.0,10.29,50.0,6.1,47.08,45.41,17.36,43.37,8.02,54.4,5.71,50.0,10.29,50.0,6.1,47.48,42.81,16.37,45.13,8.34,41.21,4.33,50.0,10.29,50.0,6.1,45.43,40.46,15.47,53.93,9.97,53.11,5.58,50.0,10.29,50.0,6.1,47.41
202608091404,2026-08-09,14,4R,realtime,74.89,28.63,55.7,10.29,49.85,5.24,71.31,14.68,52.4,6.39,65.23,48.31,18.47,46.89,8.67,56.96,5.98,60.59,12.47,41.36,5.05,50.64,47.96,18.34,41.61,7.69,36.28,3.81,46.75,9.62,55.0,6.71,46.17,45.41,17.36,43.37,8.02,49.4,5.19,45.47,9.36,45.43,5.54,45.47,42.81,16.37,45.13,8.34,41.97,4.41,35.5,7.31,59.69,7.28,43.71,40.46,15.47,53.93,9.97,54.19,5.69,40.22,8.28,46.09,5.62,45.03
202608091405,2026-08-09,14,5R,daily,69.17,26.44,52.17,9.64,61.95,6.51,50.0,10.29,50.0,6.1,58.99,47.6,18.2,41.61,7.69,41.86,4.4,50.0,10.29,50.0,6.1,46.68,49.75,19.02,43.37,8.02,48.74,5.12,50.0,10.29,50.0,6.1,48.54,47.91,18.32,43.37,8.02,38.03,3.99,50.0,10.29,50.0,6.1,46.72,44.24,16.91,57.46,10.62,62.78,6.59,50.0,10.29,50.0,6.1,50.52,41.17,15.74,39.85,7.36,41.32,4.34,50.0,10.29,50.0,6.1,43.84
202608091405,2026-08-09,14,5R,realtime,69.17,26.44,52.17,9.64,56.71,5.96,61.57,12.67,43.78,5.34,60.06,47.6,18.2,41.61,7.69,42.58,4.47,33.3,6.85,44.04,5.37,42.59,49.75,19.02,43.37,8.02,46.6,4.89,45.42,9.35,52.38,6.39,47.67,47.91,18.32,43.37,8.02,43.08,4.52,42.49,8.74,60.74,7.41,47.01,44.24,16.91,57.46,10.62,57.25,6.01,57.87,11.91,50.37,6.15,51.6,41.17,15.74,39.85,7.36,44.3,4.65,59.16,12.18,48.68,5.94,45.87
202608091406,2026-08-09,14,6R,daily,66.31,25.35,46.89,8.67,57.71,6.06,50.0,10.29,50.0,6.1,56.47,47.6,18.2,46.89,8.67,48.87,5.13,50.0,10.29,50.0,6.1,48.39,51.18,19.56,41.61,7.69,51.95,5.46,50.0,10.29,50.0,6.1,49.1,47.55,18.18,41.61,7.69,60.69,6.38,50.0,10.29,50.0,6.1,48.64,45.67,17.46,50.41,9.32,65.22,6.85,50.0,10.29,50.0,6.1,50.02,41.53,15.88,59.22,10.95,44.17,4.64,50.0,10.29,50.0,6.1,47.85
202608091406,2026-08-09,14,6R,realtime,66.31,25.35,46.89,8.67,56.15,5.9,50.65,10.42,40.49,4.94,55.28,47.6,18.2,46.89,8.67,49.99,5.25,47.73,9.82,41.06,5.01,46.95,51.18,19.56,41.61,7.69,48.44,5.09,38.86,8.0,53.89,6.57,46.92,47.55,18.18,41.61,7.69,53.2,5.59,55.91,11.51,66.77,8.15,51.11,45.67,17.46,50.41,9.32,62.59,6.57,54.65,11.25,50.41,6.15,50.75,41.53,15.88,59.22,10.95,46.41,4.88,52.0,10.7,47.38,5.78,48.18
202608091407,2026-08-09,14,7R,daily,64.46,24.64,48.65,8.99,56.29,5.91,50.0,10.29,50.0,6.1,55.94,48.77,18.65,43.37,8.02,57.13,6.0,50.0,10.29,50.0,6.1,49.05,53.84,20.58,45.13,8.34,33.79,3.55,50.0,10.29,50.0,6.1,48.87,47.65,18.22,48.65,8.99,49.27,5.18,50.0,10.29,50.0,6.1,48.78,44.66,17.07,60.98,11.27,59.7,6.27,50.0,10.29,50.0,6.1,51.01,40.47,15.47,45.13,8.34,70.67,7.42,50.0,10.29,50.0,6.1,47.63
202608091407,2026-08-09,14,7R,realtime,64.46,24.64,48.65,8.99,48.95,5.14,65.37,13.45,40.85,4.98,57.21,48.77,18.65,43.37,8.02,53.31,5.6,60.2,12.39,41.06,5.01,49.66,53.84,20.58,45.13,8.34,37.95,3.99,52.73,10.85,53.25,6.5,50.26,47.65,18.22,48.65,8.99,46.48,4.88,27.41,5.64,65.46,7.99,45.72,44.66,17.07,60.98,11.27,59.65,6.27,39.79,8.19,50.72,6.19,48.99,40.47,15.47,45.13,8.34,46.87,4.92,54.33,11.18,48.66,5.94,45.86
202608091408,2026-08-09,14,8R,daily,64.81,24.78,43.37,8.02,56.99,5.99,50.0,10.29,50.0,6.1,55.17,49.14,18.78,41.61,7.69,59.65,6.27,50.0,10.29,50.0,6.1,49.13,51.67,19.75,46.89,8.67,51.7,5.43,50.0,10.29,50.0,6.1,50.24,46.56,17.8,46.89,8.67,34.61,3.64,50.0,10.29,50.0,6.1,46.49,46.47,17.76,41.61,7.69,55.72,5.85,50.0,10.29,50.0,6.1,47.7,41.19,15.75,50.41,9.32,52.18,5.48,50.0,10.29,50.0,6.1,46.94
202608091408,2026-08-09,14,8R,realtime,64.81,24.78,43.37,8.02,63.3,6.65,73.17,15.06,44.13,5.38,59.89,49.14,18.78,41.61,7.69,55.18,5.8,45.86,9.44,44.04,5.37,47.08,51.67,19.75,46.89,8.67,52.08,5.47,57.13,11.76,51.74,6.31,51.96,46.56,17.8,46.89,8.67,35.35,3.71,49.78,10.25,59.43,7.25,47.68,46.47,17.76,41.61,7.69,56.23,5.91,33.57,6.91,50.68,6.18,44.45,41.19,15.75,50.41,9.32,44.19,4.64,40.32,8.3,49.96,6.1,44.1
202608091409,2026-08-09,14,9R,daily,63.73,24.36,43.37,8.02,45.13,4.74,50.0,10.29,50.0,6.1,53.51,50.58,19.34,48.65,8.99,38.04,4.0,50.0,10.29,50.0,6.1,48.72,52.75,20.17,41.61,7.69,56.21,5.9,50.0,10.29,50.0,6.1,50.15,48.01,18.35,48.65,8.99,49.28,5.18,50.0,10.29,50.0,6.1,48.92,44.3,16.94,45.13,8.34,64.83,6.81,50.0,10.29,50.0,6.1,48.48,40.47,15.47,31.04,5.74,40.25,4.23,50.0,10.29,50.0,6.1,41.83
202608091409,2026-08-09,14,9R,realtime,63.73,24.36,43.37,8.02,48.49,5.09,59.79,12.31,44.13,5.38,55.16,50.58,19.34,48.65,8.99,45.72,4.8,61.76,12.71,44.04,5.37,51.22,52.75,20.17,41.61,7.69,55.87,5.87,51.24,10.55,51.74,6.31,50.58,48.01,18.35,48.65,8.99,43.43,4.56,35.18,7.24,59.43,7.25,46.4,44.3,16.94,45.13,8.34,51.62,5.42,55.74,11.47,50.68,6.18,48.35,40.47,15.47,31.04,5.74,43.92,4.61,36.11,7.43,49.96,6.1,39.35
202608091410,2026-08-09,14,10R,daily,69.15,26.43,57.46,10.62,62.78,6.59,50.0,10.29,50.0,6.1,60.04,49.5,18.92,53.93,9.97,53.11,5.58,50.0,10.29,50.0,6.1,50.86,47.34,18.1,55.7,10.29,50.58,5.31,50.0,10.29,50.0,6.1,50.1,49.45,18.91,52.17,9.64,61.95,6.51,50.0,10.29,50.0,6.1,51.45,43.94,16.8,50.41,9.32,52.94,5.56,50.0,10.29,50.0,6.1,48.07,40.47,15.47,48.65,8.99,55.46,5.83,50.0,10.29,50.0,6.1,46.68
202608091410,2026-08-09,14,10R,realtime,69.15,26.43,57.46,10.62,57.25,6.01,61.21,12.6,47.69,5.82,61.49,49.5,18.92,53.93,9.97,54.19,5.69,41.98,8.64,51.71,6.31,49.53,47.34,18.1,55.7,10.29,49.85,5.24,44.3,9.12,56.84,6.94,49.68,49.45,18.91,52.17,9.64,56.71,5.96,50.38,10.37,32.72,3.99,48.87,43.94,16.8,50.41,9.32,47.94,5.04,52.0,10.7,62.2,7.59,49.44,40.47,15.47,48.65,8.99,45.54,4.78,49.92,10.27,48.82,5.96,45.48
202608091411,2026-08-09,14,11R,daily,75.86,29.0,53.93,9.97,57.82,6.07,50.0,10.29,50.0,6.1,61.43,48.83,18.67,50.41,9.32,65.22,6.85,50.0,10.29,50.0,6.1,51.23,47.02,17.98,57.46,10.62,65.46,6.88,50.0,10.29,50.0,6.1,51.86,45.15,17.26,59.22,10.95,52.76,5.54,50.0,10.29,50.0,6.1,50.14,42.14,16.11,46.89,8.67,59.83,6.28,50.0,10.29,50.0,6.1,47.45,40.84,15.61,46.89,8.67,57.71,6.06,50.0,10.29,50.0,6.1,46.73
202608091411,2026-08-09,14,11R,realtime,75.86,29.0,53.93,9.97,52.65,5.53,62.47,12.86,42.95,5.24,62.6,48.83,18.67,50.41,9.32,62.59,6.57,49.95,10.28,52.92,6.46,51.3,47.02,17.98,57.46,10.62,61.18,6.43,47.44,9.76,52.38,6.39,51.18,45.15,17.26,59.22,10.95,55.75,5.86,57.7,11.88,47.81,5.83,51.77,42.14,16.11,46.89,8.67,56.96,5.98,56.09,11.54,52.13,6.36,48.67,40.84,15.61,46.89,8.67,56.15,5.9,26.14,5.38,51.79,6.32,41.88
202608091412,2026-08-09,14,12R,daily,78.03,29.83,60.98,11.27,59.7,6.27,50.0,10.29,50.0,6.1,63.77,45.92,17.56,50.41,9.32,37.1,3.9,50.0,10.29,50.0,6.1,47.16,47.74,18.25,59.22,10.95,44.17,4.64,50.0,10.29,50.0,6.1,50.23,44.79,17.12,43.37,8.02,56.99,5.99,50.0,10.29,50.0,6.1,47.52,43.24,16.53,53.93,9.97,49.58,5.21,50.0,10.29,50.0,6.1,48.1,40.11,15.33,48.65,8.99,56.29,5.91,50.0,10.29,50.0,6.1,46.63
202608091501,2026-08-09,15,1R,daily,71.27,26.48,41.79,9.96,47.18,3.9,50.0,11.11,50.0,4.26,55.71,46.92,17.43,46.79,11.15,47.62,3.94,50.0,11.11,50.0,4.26,47.89,47.16,17.52,44.29,10.56,46.12,3.82,50.0,11.11,50.0,4.26,47.26,49.57,18.42,41.79,9.96,64.87,5.37,50.0,11.11,50.0,4.26,49.11,43.06,16.0,49.29,11.75,50.44,4.17,50.0,11.11,50.0,4.26,47.29,41.92,15.58,49.29,11.75,36.78,3.04,50.0,11.11,50.0,4.26,45.74
202608091502,2026-08-09,15,2R,daily,66.08,24.55,41.79,9.96,34.89,2.89,50.0,11.11,50.0,4.26,52.77,50.75,18.85,41.79,9.96,45.35,3.75,50.0,11.11,50.0,4.26,47.94,49.08,18.23,41.79,9.96,47.67,3.94,50.0,11.11,50.0,4.26,47.51,45.74,16.99,51.79,12.35,34.89,2.89,50.0,11.11,50.0,4.26,47.59,45.8,17.01,51.79,12.35,41.72,3.45,50.0,11.11,50.0,4.26,48.18,42.47,15.78,41.79,9.96,52.93,4.38,50.0,11.11,50.0,4.26,45.49
202608091503,2026-08-09,15,3R,daily,64.17,23.84,54.29,12.94,56.6,4.68,50.0,11.11,50.0,4.26,56.83,48.83,18.14,31.78,7.58,35.02,2.9,50.0,11.11,50.0,4.26,43.98,49.35,18.34,51.79,12.35,47.54,3.93,50.0,11.11,50.0,4.26,49.98,48.47,18.01,39.29,9.37,48.67,4.03,50.0,11.11,50.0,4.26,46.77,46.61,17.32,34.29,8.17,34.44,2.85,50.0,11.11,50.0,4.26,43.71,42.47,15.78,46.79,11.15,55.86,4.62,50.0,11.11,50.0,4.26,46.92
202608091504,2026-08-09,15,4R,daily,66.35,24.65,54.29,12.94,61.16,5.06,50.0,11.11,50.0,4.26,58.02,48.29,17.94,49.29,11.75,70.77,5.86,50.0,11.11,50.0,4.26,50.91,48.8,18.13,41.79,9.96,33.41,2.76,50.0,11.11,50.0,4.26,46.23,47.93,17.81,61.79,14.73,52.62,4.35,50.0,11.11,50.0,4.26,52.26,46.07,17.11,49.29,11.75,53.74,4.45,50.0,11.11,50.0,4.26,48.68,42.47,15.78,44.29,10.56,40.24,3.33,50.0,11.11,50.0,4.26,45.03
202608091505,2026-08-09,15,5R,daily,68.94,25.61,46.79,11.15,45.46,3.76,50.0,11.11,50.0,4.26,55.9,48.79,18.13,51.79,12.35,48.34,4.0,50.0,11.11,50.0,4.26,49.84,46.59,17.31,46.79,11.15,48.38,4.0,50.0,11.11,50.0,4.26,47.83,48.43,17.99,54.29,12.94,43.06,3.56,50.0,11.11,50.0,4.26,49.87,44.96,16.7,46.79,11.15,57.2,4.73,50.0,11.11,50.0,4.26,47.96,42.19,15.67,61.79,14.73,61.2,5.06,50.0,11.11,50.0,4.26,50.84
202608091506,2026-08-09,15,6R,daily,68.13,25.31,49.29,11.75,42.88,3.55,50.0,11.11,50.0,4.26,55.98,48.25,17.93,49.29,11.75,36.78,3.04,50.0,11.11,50.0,4.26,48.09,49.58,18.42,71.79,17.12,46.5,3.85,50.0,11.11,50.0,4.26,54.75,45.71,16.98,41.79,9.96,60.24,4.98,50.0,11.11,50.0,4.26,47.3,45.77,17.0,79.3,18.9,40.71,3.37,50.0,11.11,50.0,4.26,54.64,42.47,15.78,39.29,9.37,44.33,3.67,50.0,11.11,50.0,4.26,44.18
202608091507,2026-08-09,15,7R,daily,67.58,25.11,49.29,11.75,40.83,3.38,50.0,11.11,50.0,4.26,55.6,49.98,18.57,46.79,11.15,55.86,4.62,50.0,11.11,50.0,4.26,49.71,48.57,18.04,41.79,9.96,34.89,2.89,50.0,11.11,50.0,4.26,46.26,46.58,17.31,44.29,10.56,46.12,3.82,50.0,11.11,50.0,4.26,47.05,44.72,16.61,74.3,17.71,53.54,4.43,50.0,11.11,50.0,4.26,54.12,42.48,15.78,29.28,6.98,31.44,2.6,50.0,11.11,50.0,4.26,40.73
202608091508,2026-08-09,15,8R,daily,79.67,29.6,59.29,14.14,56.37,4.66,50.0,11.11,50.0,4.26,63.76,46.13,17.14,49.29,11.75,32.48,2.69,50.0,11.11,50.0,4.26,46.94,45.0,16.72,41.79,9.96,47.33,3.92,50.0,11.11,50.0,4.26,45.96,45.76,17.0,49.29,11.75,70.77,5.86,50.0,11.11,50.0,4.26,49.97,41.97,15.59,41.79,9.96,52.93,4.38,50.0,11.11,50.0,4.26,45.3,41.38,15.37,34.29,8.17,34.44,2.85,50.0,11.11,50.0,4.26,41.76
202608091509,2026-08-09,15,9R,daily,73.39,27.27,49.29,11.75,53.74,4.45,50.0,11.11,50.0,4.26,58.83,46.73,17.36,46.79,11.15,48.38,4.0,50.0,11.11,50.0,4.26,47.89,48.37,17.97,49.29,11.75,50.44,4.17,50.0,11.11,50.0,4.26,49.26,44.98,16.71,51.79,12.35,47.54,3.93,50.0,11.11,50.0,4.26,48.36,43.93,16.32,51.79,12.35,34.89,2.89,50.0,11.11,50.0,4.26,46.92,42.5,15.79,46.79,11.15,57.02,4.72,50.0,11.11,50.0,4.26,47.03
202608091510,2026-08-09,15,10R,daily,75.06,27.89,54.29,12.94,50.27,4.16,50.0,11.11,50.0,4.26,60.36,46.73,17.36,71.79,17.12,46.5,3.85,50.0,11.11,50.0,4.26,53.69,46.98,17.46,54.29,12.94,61.16,5.06,50.0,11.11,50.0,4.26,50.82,44.98,16.71,61.79,14.73,61.2,5.06,50.0,11.11,50.0,4.26,51.87,44.76,16.63,41.79,9.96,45.35,3.75,50.0,11.11,50.0,4.26,45.71,41.39,15.38,46.79,11.15,47.62,3.94,50.0,11.11,50.0,4.26,45.84
202608091511,2026-08-09,15,11R,daily,76.72,28.5,79.3,18.9,40.71,3.37,50.0,11.11,50.0,4.26,66.14,47.57,17.67,74.3,17.71,53.54,4.43,50.0,11.11,50.0,4.26,55.18,46.98,17.46,41.79,9.96,64.87,5.37,50.0,11.11,50.0,4.26,48.15,43.87,16.3,44.29,10.56,40.24,3.33,50.0,11.11,50.0,4.26,45.55,42.82,15.91,54.29,12.94,43.06,3.56,50.0,11.11,50.0,4.26,47.78,41.94,15.58,51.79,12.35,41.72,3.45,50.0,11.11,50.0,4.26,46.75
202608091512,2026-08-09,15,12R,daily,77.28,28.71,61.79,14.73,52.62,4.35,50.0,11.11,50.0,4.26,63.16,45.9,17.05,59.29,14.14,56.37,4.66,50.0,11.11,50.0,4.26,51.22,46.98,17.46,49.29,11.75,40.83,3.38,50.0,11.11,50.0,4.26,47.95,45.26,16.82,54.29,12.94,56.6,4.68,50.0,11.11,50.0,4.26,49.81,43.1,16.01,49.29,11.75,42.88,3.55,50.0,11.11,50.0,4.26,46.68,41.39,15.38,51.79,12.35,48.34,4.0,50.0,11.11,50.0,4.26,47.09
202608091601,2026-08-09,16,1R,daily,74.98,28.77,42.1,10.04,31.61,3.71,50.0,9.93,50.0,3.09,55.54,46.0,17.65,46.55,11.1,45.27,5.32,50.0,9.93,50.0,3.09,47.09,47.59,18.26,46.55,11.1,38.76,4.55,50.0,9.93,50.0,3.09,46.93,46.53,17.85,46.55,11.1,75.91,8.91,50.0,9.93,50.0,3.09,50.89,43.1,16.54,42.1,10.04,54.77,6.43,50.0,9.93,50.0,3.09,46.03,41.73,16.01,30.95,7.38,37.17,4.36,50.0,9.93,50.0,3.09,40.78
202608091601,2026-08-09,16,1R,realtime,74.98,28.77,42.1,10.04,42.14,4.95,57.49,11.42,50.89,3.14,58.32,46.0,17.65,46.55,11.1,55.06,6.46,50.02,9.93,48.43,2.99,48.15,47.59,18.26,46.55,11.1,50.0,5.87,57.85,11.49,45.38,2.8,49.53,46.53,17.85,46.55,11.1,58.57,6.88,38.58,7.66,39.23,2.42,45.92,43.1,16.54,42.1,10.04,59.49,6.98,49.46,9.82,62.61,3.87,47.26,41.73,16.01,30.95,7.38,34.86,4.09,46.57,9.25,53.43,3.3,40.04
202608091602,2026-08-09,16,2R,daily,65.09,24.98,44.33,10.57,66.72,7.83,50.0,9.93,50.0,3.09,56.4,50.24,19.28,44.33,10.57,37.94,4.45,50.0,9.93,50.0,3.09,47.32,52.11,20.0,44.33,10.57,45.76,5.37,50.0,9.93,50.0,3.09,48.96,47.65,18.29,44.33,10.57,62.16,7.3,50.0,9.93,50.0,3.09,49.17,43.1,16.54,46.55,11.1,50.1,5.88,50.0,9.93,50.0,3.09,46.54,41.73,16.01,44.33,10.57,57.15,6.71,50.0,9.93,50.0,3.09,46.31
202608091602,2026-08-09,16,2R,realtime,65.09,24.98,44.33,10.57,50.0,5.87,52.52,10.43,51.66,3.19,55.04,50.24,19.28,44.33,10.57,50.0,5.87,57.74,11.47,46.05,2.85,50.03,52.11,20.0,44.33,10.57,50.99,5.99,38.63,7.67,45.54,2.81,47.04,47.65,18.29,44.33,10.57,50.0,5.87,57.12,11.34,40.91,2.53,48.6,43.1,16.54,46.55,11.1,53.38,6.27,52.86,10.49,62.62,3.87,48.27,41.73,16.01,44.33,10.57,49.66,5.83,41.11,8.16,53.22,3.29,43.87
202608091603,2026-08-09,16,3R,daily,65.94,25.3,46.55,11.1,49.0,5.75,50.0,9.93,50.0,3.09,55.18,46.85,17.98,51.01,12.17,57.07,6.7,50.0,9.93,50.0,3.09,49.86,51.83,19.89,44.33,10.57,36.05,4.23,50.0,9.93,50.0,3.09,47.71,47.38,18.18,48.78,11.64,55.2,6.48,50.0,9.93,50.0,3.09,49.31,45.36,17.41,51.01,12.17,36.68,4.31,50.0,9.93,50.0,3.09,46.9,42.57,16.34,51.01,12.17,39.01,4.58,50.0,9.93,50.0,3.09,46.1
202608091603,2026-08-09,16,3R,realtime,65.94,25.3,46.55,11.1,51.26,6.02,58.78,11.67,50.89,3.14,57.24,51.83,19.89,51.01,12.17,50.0,5.87,55.51,11.02,45.38,2.8,51.75,47.38,18.18,44.33,10.57,41.0,4.81,32.33,6.42,39.23,2.42,42.41,45.36,17.41,48.78,11.64,52.03,6.11,45.79,9.09,62.61,3.87,48.11,42.57,16.34,51.01,12.17,44.98,5.28,47.34,9.4,53.43,3.3,46.49,46.85,17.98,51.01,12.17,50.0,5.87,60.22,11.96,48.43,2.99,50.97
202608091604,2026-08-09,16,4R,daily,66.22,25.41,53.24,12.7,35.89,4.21,50.0,9.93,50.0,3.09,55.34,47.42,18.2,42.1,10.04,65.51,7.69,50.0,9.93,50.0,3.09,48.95,50.41,19.34,42.1,10.04,43.42,5.1,50.0,9.93,50.0,3.09,47.5,47.38,18.18,44.33,10.57,56.21,6.6,50.0,9.93,50.0,3.09,48.37,45.36,17.41,48.78,11.64,32.73,3.84,50.0,9.93,50.0,3.09,45.9,43.14,16.55,44.33,10.57,41.65,4.89,50.0,9.93,50.0,3.09,45.03
202608091604,2026-08-09,16,4R,realtime,66.22,25.41,53.24,12.7,49.77,5.84,68.31,13.56,50.89,3.14,60.66,47.42,18.2,42.1,10.04,50.0,5.87,36.05,7.16,48.43,2.99,44.26,50.41,19.34,42.1,10.04,50.0,5.87,52.14,10.35,45.38,2.8,48.41,47.38,18.18,44.33,10.57,53.95,6.34,48.64,9.66,39.23,2.42,47.17,45.36,17.41,48.78,11.64,29.57,3.47,47.32,9.4,62.61,3.87,45.78,43.14,16.55,44.33,10.57,50.0,5.87,47.54,9.44,53.43,3.3,45.74
202608091605,2026-08-09,16,5R,daily,70.46,27.04,42.1,10.04,54.77,6.43,50.0,9.93,50.0,3.09,56.53,46.29,17.76,46.55,11.1,42.28,4.96,50.0,9.93,50.0,3.09,46.85,50.41,19.34,64.39,15.36,62.41,7.33,50.0,9.93,50.0,3.09,55.05,45.96,17.64,51.01,12.17,43.86,5.15,50.0,9.93,50.0,3.09,47.97,44.52,17.08,39.87,9.51,53.38,6.27,50.0,9.93,50.0,3.09,45.88,42.29,16.23,46.55,11.1,44.75,5.25,50.0,9.93,50.0,3.09,45.6
202608091605,2026-08-09,16,5R,realtime,70.46,27.04,42.1,10.04,59.49,6.98,72.41,14.38,50.89,3.14,61.59,46.29,17.76,46.55,11.1,50.0,5.87,47.81,9.49,48.43,2.99,47.22,50.41,19.34,64.39,15.36,65.63,7.71,58.28,11.57,45.38,2.8,56.78,45.96,17.64,51.01,12.17,50.0,5.87,38.49,7.64,39.23,2.42,45.74,44.52,17.08,39.87,9.51,59.11,6.94,31.32,6.22,62.61,3.87,43.62,42.29,16.23,46.55,11.1,61.82,7.26,51.7,10.26,53.43,3.3,48.16
202608091606,2026-08-09,16,6R,daily,71.03,27.26,48.78,11.64,45.19,5.31,50.0,9.93,50.0,3.09,57.21,48.83,18.74,46.55,11.1,46.2,5.42,50.0,9.93,50.0,3.09,48.28,46.74,17.93,79.99,19.08,52.3,6.14,50.0,9.93,50.0,3.09,56.17,47.09,18.07,39.87,9.51,56.45,6.63,50.0,9.93,50.0,3.09,47.22,44.8,17.19,68.84,16.42,53.09,6.23,50.0,9.93,50.0,3.09,52.86,41.44,15.9,46.55,11.1,75.91,8.91,50.0,9.93,50.0,3.09,48.94
202608091606,2026-08-09,16,6R,realtime,71.03,27.26,48.78,11.64,49.51,5.81,60.64,12.04,50.12,3.1,59.84,48.83,18.74,46.55,11.1,54.97,6.45,54.3,10.78,50.82,3.14,50.22,46.74,17.93,79.99,19.08,58.92,6.92,47.11,9.35,45.23,2.79,56.08,47.09,18.07,39.87,9.51,77.36,9.08,53.37,10.6,37.56,2.32,49.58,44.8,17.19,68.84,16.42,50.0,5.87,43.54,8.64,62.6,3.87,51.99,41.44,15.9,46.55,11.1,58.57,6.88,41.04,8.15,53.65,3.31,45.35
202608091607,2026-08-09,16,7R,daily,70.87,27.19,48.78,11.64,47.37,5.56,50.0,9.93,50.0,3.09,57.41,49.35,18.94,62.16,14.83,38.88,4.57,50.0,9.93,50.0,3.09,51.35,47.56,18.25,42.1,10.04,31.61,3.71,50.0,9.93,50.0,3.09,45.02,46.78,17.95,44.33,10.57,66.72,7.83,50.0,9.93,50.0,3.09,49.37,43.37,16.64,44.33,10.57,40.16,4.72,50.0,9.93,50.0,3.09,44.95,42.0,16.12,59.93,14.29,66.2,7.77,50.0,9.93,50.0,3.09,51.2
202608091607,2026-08-09,16,7R,realtime,70.87,27.19,48.78,11.64,46.81,5.5,61.81,12.27,56.76,3.51,60.11,49.35,18.94,62.16,14.83,40.18,4.72,57.28,11.37,50.13,3.1,52.95,47.56,18.25,42.1,10.04,42.14,4.95,42.42,8.42,47.08,2.91,44.57,46.78,17.95,44.33,10.57,50.0,5.87,36.9,7.33,44.39,2.74,44.46,43.37,16.64,44.33,10.57,45.98,5.4,49.09,9.75,50.82,3.14,45.5,42.0,16.12,59.93,14.29,50.0,5.87,52.5,10.42,50.82,3.14,49.85
202608091608,2026-08-09,16,8R,daily,68.9,26.44,42.1,10.04,65.51,7.69,50.0,9.93,50.0,3.09,57.19,49.63,19.05,48.78,11.64,42.96,5.04,50.0,9.93,50.0,3.09,48.74,48.4,18.57,46.55,11.1,49.0,5.75,50.0,9.93,50.0,3.09,48.45,46.78,17.95,44.33,10.57,37.94,4.45,50.0,9.93,50.0,3.09,45.99,43.94,16.86,46.55,11.1,30.29,3.56,50.0,9.93,50.0,3.09,44.54,42.28,16.22,66.61,15.89,41.66,4.89,50.0,9.93,50.0,3.09,50.02
202608091609,2026-08-09,16,9R,daily,76.96,29.53,55.47,13.23,61.08,7.17,50.0,9.93,50.0,3.09,62.95,46.85,17.98,46.55,11.1,55.23,6.49,50.0,9.93,50.0,3.09,48.59,45.05,17.28,46.55,11.1,44.75,5.25,50.0,9.93,50.0,3.09,46.66,45.4,17.42,44.33,10.57,41.65,4.89,50.0,9.93,50.0,3.09,45.9,43.95,16.87,30.95,7.38,37.17,4.36,50.0,9.93,50.0,3.09,41.63,41.73,16.01,71.07,16.95,59.44,6.98,50.0,9.93,50.0,3.09,52.96
202608091610,2026-08-09,16,10R,daily,70.59,27.09,46.55,11.1,50.1,5.88,50.0,9.93,50.0,3.09,57.09,47.95,18.4,57.7,13.76,36.76,4.32,50.0,9.93,50.0,3.09,49.49,47.84,18.36,46.55,11.1,42.28,4.96,50.0,9.93,50.0,3.09,47.44,46.78,17.95,59.93,14.29,45.46,5.34,50.0,9.93,50.0,3.09,50.6,44.78,17.18,42.1,10.04,43.42,5.1,50.0,9.93,50.0,3.09,45.34,42.0,16.12,48.78,11.64,55.2,6.48,50.0,9.93,50.0,3.09,47.25
202608091611,2026-08-09,16,11R,daily,77.25,29.64,64.39,15.36,62.41,7.33,50.0,9.93,50.0,3.09,65.34,46.57,17.87,51.01,12.17,39.01,4.58,50.0,9.93,50.0,3.09,47.63,45.61,17.5,68.84,16.42,53.09,6.23,50.0,9.93,50.0,3.09,53.17,44.83,17.2,62.16,14.83,38.88,4.57,50.0,9.93,50.0,3.09,49.61,43.39,16.65,53.24,12.7,35.89,4.21,50.0,9.93,50.0,3.09,46.58,42.29,16.23,44.33,10.57,62.16,7.3,50.0,9.93,50.0,3.09,47.12
202608091612,2026-08-09,16,12R,daily,77.34,29.68,79.99,19.08,52.3,6.14,50.0,9.93,50.0,3.09,67.91,46.26,17.75,51.01,12.17,36.68,4.31,50.0,9.93,50.0,3.09,47.24,46.71,17.92,59.93,14.29,66.2,7.77,50.0,9.93,50.0,3.09,53.01,44.53,17.09,66.61,15.89,41.66,4.89,50.0,9.93,50.0,3.09,50.88,43.65,16.75,51.01,12.17,43.86,5.15,50.0,9.93,50.0,3.09,47.08,41.44,15.9,48.78,11.64,32.73,3.84,50.0,9.93,50.0,3.09,44.4
202608091801,2026-08-09,18,1R,daily,78.24,33.39,64.71,16.21,31.28,2.23,50.0,8.06,50.0,4.51,64.4,44.46,18.98,59.75,14.96,50.95,3.63,50.0,8.06,50.0,4.51,50.15,45.92,19.6,52.32,13.1,41.82,2.98,50.0,8.06,50.0,4.51,48.26,45.19,19.29,47.36,11.86,38.91,2.77,50.0,8.06,50.0,4.51,46.5,43.76,18.68,57.27,14.34,56.96,4.06,50.0,8.06,50.0,4.51,49.65,42.27,18.04,59.75,14.96,48.06,3.43,50.0,8.06,50.0,4.51,49.01
202608091801,2026-08-09,18,1R,realtime,78.24,33.39,64.71,16.21,34.99,2.49,60.73,9.79,46.71,4.21,66.1,44.46,18.98,59.75,14.96,38.88,2.77,55.61,8.97,57.95,5.23,50.91,45.92,19.6,52.32,13.1,45.3,3.23,59.32,9.57,66.03,5.96,51.45,45.19,19.29,47.36,11.86,27.31,1.95,49.19,7.93,32.6,2.94,43.97,43.76,18.68,57.27,14.34,45.71,3.26,35.47,5.72,60.32,5.44,47.44,42.27,18.04,59.75,14.96,49.6,3.54,39.51,6.37,36.38,3.28,46.2
202608091802,2026-08-09,18,2R,daily,73.48,31.36,54.8,13.72,56.24,4.01,50.0,8.06,50.0,4.51,61.67,46.95,20.04,54.8,13.72,51.88,3.7,50.0,8.06,50.0,4.51,50.03,46.15,19.7,52.32,13.1,48.98,3.49,50.0,8.06,50.0,4.51,48.86,47.22,20.16,52.32,13.1,48.89,3.49,50.0,8.06,50.0,4.51,49.32,43.76,18.68,69.66,17.45,60.47,4.31,50.0,8.06,50.0,4.51,53.01,42.27,18.04,57.27,14.34,56.98,4.06,50.0,8.06,50.0,4.51,49.02
202608091802,2026-08-09,18,2R,realtime,73.48,31.36,54.8,13.72,47.5,3.39,67.29,10.85,47.21,4.26,63.58,46.95,20.04,54.8,13.72,35.5,2.53,50.5,8.14,58.65,5.29,49.73,46.15,19.7,52.32,13.1,52.98,3.78,53.9,8.69,65.79,5.93,51.2,47.22,20.16,52.32,13.1,48.89,3.49,40.86,6.59,31.01,2.8,46.13,43.76,18.68,69.66,17.45,54.11,3.86,54.06,8.72,61.6,5.56,54.26,42.27,18.04,57.27,14.34,57.94,4.13,33.2,5.35,35.72,3.22,45.09
202608091803,2026-08-09,18,3R,daily,74.68,31.88,57.27,14.34,59.1,4.21,50.0,8.06,50.0,4.51,63.01,46.48,19.84,59.75,14.96,42.06,3.0,50.0,8.06,50.0,4.51,50.37,47.48,20.26,59.75,14.96,54.12,3.86,50.0,8.06,50.0,4.51,51.66,45.18,19.28,47.36,11.86,42.46,3.03,50.0,8.06,50.0,4.51,46.74,43.53,18.58,64.71,16.21,38.56,2.75,50.0,8.06,50.0,4.51,50.1,42.5,18.14,54.8,13.72,46.3,3.3,50.0,8.06,50.0,4.51,47.74
202608091803,2026-08-09,18,3R,realtime,74.68,31.88,57.27,14.34,56.29,4.01,58.58,9.45,47.21,4.26,63.94,46.48,19.84,59.75,14.96,42.38,3.02,44.93,7.24,58.65,5.29,50.36,47.48,20.26,59.75,14.96,47.83,3.41,41.81,6.74,65.79,5.93,51.31,45.18,19.28,47.36,11.86,41.02,2.92,37.5,6.05,31.01,2.8,42.91,43.53,18.58,64.71,16.21,54.07,3.85,59.01,9.52,61.6,5.56,53.71,42.5,18.14,54.8,13.72,40.46,2.88,58.01,9.35,35.72,3.22,47.32
202608091804,2026-08-09,18,4R,daily,72.81,31.07,54.8,13.72,36.56,2.61,50.0,8.06,50.0,4.51,59.98,49.67,21.2,54.8,13.72,57.59,4.11,50.0,8.06,50.0,4.51,51.6,46.83,19.99,59.75,14.96,48.17,3.43,50.0,8.06,50.0,4.51,50.96,44.74,19.09,49.84,12.48,59.51,4.24,50.0,8.06,50.0,4.51,48.39,43.31,18.48,64.71,16.21,54.05,3.85,50.0,8.06,50.0,4.51,51.12,42.5,18.14,44.89,11.24,54.23,3.87,50.0,8.06,50.0,4.51,45.82
202608091804,2026-08-09,18,4R,realtime,72.81,31.07,54.8,13.72,35.51,2.53,66.63,10.74,42.59,3.84,61.92,49.67,21.2,54.8,13.72,58.99,4.21,47.99,7.74,49.17,4.43,51.3,46.83,19.99,59.75,14.96,51.03,3.64,44.28,7.14,55.26,4.98,50.71,44.74,19.09,49.84,12.48,55.78,3.98,51.31,8.27,42.94,3.87,47.7,43.31,18.48,64.71,16.21,44.58,3.18,36.15,5.83,64.31,5.8,49.5,42.5,18.14,44.89,11.24,44.26,3.16,53.47,8.62,45.72,4.12,45.28
202608091805,2026-08-09,18,5R,daily,70.32,30.01,52.32,13.1,51.33,3.66,50.0,8.06,50.0,4.51,59.35,46.72,19.94,62.23,15.59,51.35,3.66,50.0,8.06,50.0,4.51,51.76,47.96,20.47,59.75,14.96,47.2,3.36,50.0,8.06,50.0,4.51,51.37,47.45,20.25,49.84,12.48,61.51,4.39,50.0,8.06,50.0,4.51,49.69,44.89,19.16,64.71,16.21,49.64,3.54,50.0,8.06,50.0,4.51,51.48,42.5,18.14,57.27,14.34,49.4,3.52,50.0,8.06,50.0,4.51,48.58
202608091805,2026-08-09,18,5R,realtime,70.32,30.01,52.32,13.1,54.6,3.89,54.25,8.75,42.59,3.84,59.6,46.72,19.94,62.23,15.59,53.68,3.83,63.98,10.32,49.17,4.43,54.11,47.96,20.47,59.75,14.96,57.72,4.11,51.76,8.35,55.26,4.98,52.88,47.45,20.25,49.84,12.48,65.28,4.65,42.33,6.83,42.94,3.87,48.09,44.89,19.16,64.71,16.21,54.15,3.86,40.59,6.54,64.31,5.8,51.57,42.5,18.14,57.27,14.34,39.41,2.81,46.93,7.57,45.72,4.12,46.99
202608091806,2026-08-09,18,6R,daily,67.95,29.0,59.75,14.96,38.05,2.71,50.0,8.06,50.0,4.51,59.25,48.79,20.83,52.32,13.1,41.82,2.98,50.0,8.06,50.0,4.51,49.48,47.3,20.19,79.57,19.93,37.25,2.66,50.0,8.06,50.0,4.51,55.35,47.93,20.46,47.36,11.86,60.73,4.33,50.0,8.06,50.0,4.51,49.22,44.67,19.07,57.27,14.34,52.18,3.72,50.0,8.06,50.0,4.51,49.7,43.19,18.43,57.27,14.34,51.88,3.7,50.0,8.06,50.0,4.51,49.05
202608091806,2026-08-09,18,6R,realtime,67.95,29.0,59.75,14.96,39.22,2.8,48.66,7.85,35.64,3.21,57.82,48.79,20.83,52.32,13.1,45.3,3.23,59.47,9.59,53.55,4.83,51.58,47.3,20.19,79.57,19.93,40.2,2.87,44.12,7.12,60.19,5.43,55.53,47.93,20.46,47.36,11.86,56.1,4.0,42.21,6.81,48.02,4.33,47.46,44.67,19.07,57.27,14.34,64.42,4.59,42.09,6.79,56.14,5.06,49.86,43.19,18.43,57.27,14.34,50.54,3.6,63.28,10.2,46.44,4.19,50.77
202608091807,2026-08-09,18,7R,daily,67.72,28.9,49.84,12.48,33.87,2.41,50.0,8.06,50.0,4.51,56.37,49.25,21.02,59.75,14.96,48.06,3.43,50.0,8.06,50.0,4.51,51.98,49.81,21.26,47.36,11.86,45.27,3.23,50.0,8.06,50.0,4.51,48.92,46.57,19.88,54.8,13.72,50.3,3.59,50.0,8.06,50.0,4.51,49.76,43.99,18.78,59.75,14.96,48.8,3.48,50.0,8.06,50.0,4.51,49.79,42.5,18.14,52.32,13.1,64.55,4.6,50.0,8.06,50.0,4.51,48.42
202608091807,2026-08-09,18,7R,realtime,67.72,28.9,49.84,12.48,38.84,2.77,57.04,9.2,35.64,3.21,56.57,49.25,21.02,59.75,14.96,49.6,3.54,51.38,8.29,53.55,4.83,52.64,49.81,21.26,47.36,11.86,40.83,2.91,57.38,9.25,60.19,5.43,50.71,46.57,19.88,54.8,13.72,43.97,3.13,29.41,4.74,48.02,4.33,45.81,43.99,18.78,59.75,14.96,60.7,4.33,59.47,9.59,56.14,5.06,52.72,42.5,18.14,52.32,13.1,63.29,4.51,45.14,7.28,46.44,4.19,47.22
202608091808,2026-08-09,18,8R,daily,66.46,28.37,44.89,11.24,46.35,3.3,50.0,8.06,50.0,4.51,55.49,51.48,21.97,59.75,14.96,54.12,3.86,50.0,8.06,50.0,4.51,53.37,48.63,20.76,54.8,13.72,51.88,3.7,50.0,8.06,50.0,4.51,50.75,46.09,19.67,44.89,11.24,41.78,2.98,50.0,8.06,50.0,4.51,46.47,44.89,19.16,47.36,11.86,38.91,2.77,50.0,8.06,50.0,4.51,46.37,42.27,18.04,49.84,12.48,39.02,2.78,50.0,8.06,50.0,4.51,45.88
202608091809,2026-08-09,18,9R,daily,69.77,29.78,59.75,14.96,42.06,3.0,50.0,8.06,50.0,4.51,60.31,48.57,20.73,64.71,16.21,54.05,3.85,50.0,8.06,50.0,4.51,53.36,48.44,20.67,49.84,12.48,55.32,3.94,50.0,8.06,50.0,4.51,49.67,45.88,19.58,59.75,14.96,50.95,3.63,50.0,8.06,50.0,4.51,50.75,43.99,18.78,52.32,13.1,48.98,3.49,50.0,8.06,50.0,4.51,47.95,43.19,18.43,54.8,13.72,27.67,1.97,50.0,8.06,50.0,4.51,46.7
202608091810,2026-08-09,18,10R,daily,68.08,29.06,52.32,13.1,55.77,3.98,50.0,8.06,50.0,4.51,58.71,48.6,20.74,54.8,13.72,64.95,4.63,50.0,8.06,50.0,4.51,51.67,48.24,20.59,57.27,14.34,56.96,4.06,50.0,8.06,50.0,4.51,51.57,47.05,20.08,54.8,13.72,56.24,4.01,50.0,8.06,50.0,4.51,50.39,44.69,19.07,59.75,14.96,47.2,3.36,50.0,8.06,50.0,4.51,49.98,43.19,18.44,49.84,12.48,66.71,4.76,50.0,8.06,50.0,4.51,48.25
202608091811,2026-08-09,18,11R,daily,71.65,30.58,69.66,17.45,60.47,4.31,50.0,8.06,50.0,4.51,64.91,48.63,20.76,59.75,14.96,48.17,3.43,50.0,8.06,50.0,4.51,51.73,46.66,19.92,57.27,14.34,52.18,3.72,50.0,8.06,50.0,4.51,50.55,46.38,19.8,57.27,14.34,46.75,3.33,50.0,8.06,50.0,4.51,50.05,44.01,18.79,64.71,16.21,31.28,2.23,50.0,8.06,50.0,4.51,49.79,42.51,18.14,62.23,15.59,51.35,3.66,50.0,8.06,50.0,4.51,49.96
202608091812,2026-08-09,18,12R,daily,77.16,32.94,59.75,14.96,48.8,3.48,50.0,8.06,50.0,4.51,63.95,45.57,19.45,57.27,14.34,56.98,4.06,50.0,8.06,50.0,4.51,50.43,45.45,19.4,57.27,14.34,53.87,3.84,50.0,8.06,50.0,4.51,50.15,45.4,19.38,52.32,13.1,43.41,3.09,50.0,8.06,50.0,4.51,48.15,43.53,18.58,54.8,13.72,57.59,4.11,50.0,8.06,50.0,4.51,48.98,42.72,18.24,54.8,13.72,71.25,5.08,50.0,8.06,50.0,4.51,49.61
202608092001,2026-08-09,20,1R,daily,68.44,26.39,46.25,10.22,57.18,4.3,50.0,10.37,50.0,5.54,56.82,48.72,18.78,44.37,9.8,49.05,3.69,50.0,10.37,50.0,5.54,48.19,47.42,18.28,44.37,9.8,35.06,2.64,50.0,10.37,50.0,5.54,46.63,47.84,18.44,36.81,8.14,57.23,4.31,50.0,10.37,50.0,5.54,46.8,45.16,17.41,46.25,10.22,53.72,4.04,50.0,10.37,50.0,5.54,47.58,42.32,16.32,50.03,11.06,49.77,3.74,50.0,10.37,50.0,5.54,47.03
202608092002,2026-08-09,20,2R,daily,67.44,26.0,46.25,10.22,73.97,5.57,50.0,10.37,50.0,5.54,57.7,47.97,18.49,51.92,11.47,65.2,4.91,50.0,10.37,50.0,5.54,50.79,48.42,18.66,51.92,11.47,34.3,2.58,50.0,10.37,50.0,5.54,48.63,48.34,18.64,46.25,10.22,39.85,3.0,50.0,10.37,50.0,5.54,47.77,44.66,17.22,46.25,10.22,63.14,4.75,50.0,10.37,50.0,5.54,48.1,43.07,16.61,44.37,9.8,64.2,4.83,50.0,10.37,50.0,5.54,47.15
202608092003,2026-08-09,20,3R,daily,63.19,24.36,46.25,10.22,68.36,5.14,50.0,10.37,50.0,5.54,55.64,50.47,19.46,51.92,11.47,49.92,3.76,50.0,10.37,50.0,5.54,50.6,50.17,19.34,46.25,10.22,52.43,3.95,50.0,10.37,50.0,5.54,49.42,48.34,18.64,46.25,10.22,55.85,4.2,50.0,10.37,50.0,5.54,48.97,44.66,17.22,36.81,8.14,66.34,4.99,50.0,10.37,50.0,5.54,46.26,43.07,16.61,61.36,13.56,50.01,3.76,50.0,10.37,50.0,5.54,49.84
202608092004,2026-08-09,20,4R,daily,67.32,25.95,40.59,8.97,39.19,2.95,50.0,10.37,50.0,5.54,53.78,48.76,18.8,53.81,11.89,43.88,3.3,50.0,10.37,50.0,5.54,49.9,48.7,18.77,55.69,12.31,44.09,3.32,50.0,10.37,50.0,5.54,50.31,48.38,18.65,44.37,9.8,52.76,3.97,50.0,10.37,50.0,5.54,48.34,44.17,17.03,36.81,8.14,45.26,3.41,50.0,10.37,50.0,5.54,44.48,42.58,16.41,33.04,7.3,66.46,5.0,50.0,10.37,50.0,5.54,44.63
202608092005,2026-08-09,20,5R,daily,77.94,30.05,50.03,11.06,41.41,3.12,50.0,10.37,50.0,5.54,60.13,48.72,18.78,76.46,16.9,60.83,4.58,50.0,10.37,50.0,5.54,56.17,43.92,16.93,46.25,10.22,39.21,2.95,50.0,10.37,50.0,5.54,46.02,44.84,17.29,51.92,11.47,53.71,4.04,50.0,10.37,50.0,5.54,48.71,42.41,16.35,44.37,9.8,35.06,2.64,50.0,10.37,50.0,5.54,44.7,42.07,16.22,33.04,7.3,50.47,3.8,50.0,10.37,50.0,5.54,43.23
202608092006,2026-08-09,20,6R,daily,67.57,26.05,51.92,11.47,54.96,4.14,50.0,10.37,50.0,5.54,57.57,48.25,18.6,50.03,11.06,73.23,5.51,50.0,10.37,50.0,5.54,51.08,48.45,18.68,46.25,10.22,57.18,4.3,50.0,10.37,50.0,5.54,49.11,47.12,18.16,78.35,17.32,64.89,4.88,50.0,10.37,50.0,5.54,56.28,44.67,17.22,44.37,9.8,60.11,4.52,50.0,10.37,50.0,5.54,47.46,43.83,16.9,42.48,9.39,55.91,4.21,50.0,10.37,50.0,5.54,46.4
202608092007,2026-08-09,20,7R,daily,72.85,28.08,51.92,11.47,55.21,4.15,50.0,10.37,50.0,5.54,59.62,47.75,18.41,46.25,10.22,63.14,4.75,50.0,10.37,50.0,5.54,49.29,45.69,17.61,53.81,11.89,41.08,3.09,50.0,10.37,50.0,5.54,48.51,46.87,18.07,44.37,9.8,49.05,3.69,50.0,10.37,50.0,5.54,47.48,44.17,17.03,50.03,11.06,49.28,3.71,50.0,10.37,50.0,5.54,47.71,42.58,16.41,48.14,10.64,47.17,3.55,50.0,10.37,50.0,5.54,46.51
202608092008,2026-08-09,20,8R,daily,74.11,28.57,48.14,10.64,43.72,3.29,50.0,10.37,50.0,5.54,58.41,50.01,19.28,55.69,12.31,44.09,3.32,50.0,10.37,50.0,5.54,50.82,45.69,17.61,51.92,11.47,56.06,4.22,50.0,10.37,50.0,5.54,49.22,45.11,17.39,34.92,7.72,51.49,3.87,50.0,10.37,50.0,5.54,44.9,42.66,16.45,36.81,8.14,57.23,4.31,50.0,10.37,50.0,5.54,44.8,42.32,16.32,46.25,10.22,52.43,3.95,50.0,10.37,50.0,5.54,46.4
202608092009,2026-08-09,20,9R,daily,73.26,28.24,50.03,11.06,37.32,2.81,50.0,10.37,50.0,5.54,58.02,47.28,18.23,46.25,10.22,39.21,2.95,50.0,10.37,50.0,5.54,47.31,45.96,17.72,51.92,11.47,49.92,3.76,50.0,10.37,50.0,5.54,48.86,45.89,17.69,76.46,16.9,47.55,3.58,50.0,10.37,50.0,5.54,54.08,44.18,17.03,33.04,7.3,66.46,5.0,50.0,10.37,50.0,5.54,45.25,43.34,16.71,46.25,10.22,39.85,3.0,50.0,10.37,50.0,5.54,45.84
202608092010,2026-08-09,20,10R,daily,74.02,28.53,78.35,17.32,64.89,4.88,50.0,10.37,50.0,5.54,66.65,48.04,18.52,46.25,10.22,53.72,4.04,50.0,10.37,50.0,5.54,48.7,45.96,17.72,46.25,10.22,73.97,5.57,50.0,10.37,50.0,5.54,49.42,45.89,17.69,61.36,13.56,50.01,3.76,50.0,10.37,50.0,5.54,50.93,43.68,16.84,40.59,8.97,39.19,2.95,50.0,10.37,50.0,5.54,44.67,42.33,16.32,51.92,11.47,53.71,4.04,50.0,10.37,50.0,5.54,47.75
202608092011,2026-08-09,20,11R,daily,77.3,29.8,53.81,11.89,41.08,3.09,50.0,10.37,50.0,5.54,60.7,45.76,17.64,50.03,11.06,41.41,3.12,50.0,10.37,50.0,5.54,47.73,45.96,17.72,44.37,9.8,60.11,4.52,50.0,10.37,50.0,5.54,47.96,44.62,17.2,51.92,11.47,34.3,2.58,50.0,10.37,50.0,5.54,47.17,44.18,17.03,50.03,11.06,49.77,3.74,50.0,10.37,50.0,5.54,47.75,42.07,16.22,53.81,11.89,43.88,3.3,50.0,10.37,50.0,5.54,47.33
202608092012,2026-08-09,20,12R,daily,74.17,28.59,76.46,16.9,60.83,4.58,50.0,10.37,50.0,5.54,65.98,45.84,17.67,44.37,9.8,52.76,3.97,50.0,10.37,50.0,5.54,47.36,47.15,18.18,48.14,10.64,43.72,3.29,50.0,10.37,50.0,5.54,48.02,46.8,18.04,51.92,11.47,55.21,4.15,50.0,10.37,50.0,5.54,49.58,43.29,16.69,50.03,11.06,73.23,5.51,50.0,10.37,50.0,5.54,49.17,42.65,16.44,51.92,11.47,65.2,4.91,50.0,10.37,50.0,5.54,48.73
202608092301,2026-08-09,23,1R,daily,80.98,34.41,59.12,14.36,63.05,5.0,50.0,8.12,50.0,4.51,66.41,44.63,18.97,46.65,11.33,49.12,3.9,50.0,8.12,50.0,4.51,46.83,45.49,19.33,46.65,11.33,53.38,4.24,50.0,8.12,50.0,4.51,47.54,43.7,18.57,44.57,10.83,47.93,3.8,50.0,8.12,50.0,4.51,45.84,43.55,18.51,42.49,10.32,49.41,3.92,50.0,8.12,50.0,4.51,45.39,41.52,17.64,30.02,7.29,58.25,4.62,50.0,8.12,50.0,4.51,42.2
202608092301,2026-08-09,23,1R,realtime,80.98,34.41,59.12,14.36,65.31,5.18,56.94,9.25,58.17,5.25,68.46,44.63,18.97,46.65,11.33,52.67,4.18,62.22,10.11,52.44,4.73,49.32,45.49,19.33,46.65,11.33,41.66,3.31,53.47,8.69,59.07,5.33,47.99,43.7,18.57,44.57,10.83,50.0,3.97,44.38,7.21,52.74,4.76,45.34,43.55,18.51,42.49,10.32,54.86,4.35,44.56,7.24,39.07,3.53,43.95,41.52,17.64,30.02,7.29,52.46,4.16,38.44,6.24,38.56,3.48,38.82
202608092302,2026-08-09,23,2R,daily,73.9,31.4,79.9,19.41,48.96,3.89,50.0,8.12,50.0,4.51,67.34,48.2,20.48,48.72,11.84,64.57,5.13,50.0,8.12,50.0,4.51,50.08,45.73,19.43,50.8,12.34,54.01,4.29,50.0,8.12,50.0,4.51,48.7,45.33,19.26,48.72,11.84,40.63,3.23,50.0,8.12,50.0,4.51,46.96,44.92,19.09,44.57,10.83,52.26,4.15,50.0,8.12,50.0,4.51,46.7,41.79,17.76,34.18,8.3,35.51,2.82,50.0,8.12,50.0,4.51,41.52
202608092302,2026-08-09,23,2R,realtime,73.9,31.4,79.9,19.41,47.97,3.81,61.73,10.03,58.33,5.27,69.92,48.2,20.48,48.72,11.84,63.68,5.05,54.82,8.91,50.64,4.57,50.85,45.73,19.43,50.8,12.34,58.87,4.67,50.34,8.18,57.86,5.22,49.85,45.33,19.26,48.72,11.84,50.0,3.97,46.09,7.49,53.91,4.87,47.42,44.92,19.09,44.57,10.83,40.65,3.23,42.33,6.88,39.28,3.55,43.57,41.79,17.76,34.18,8.3,50.86,4.04,44.68,7.26,40.03,3.61,40.97
202608092303,2026-08-09,23,3R,daily,72.23,30.7,48.72,11.84,39.96,3.17,50.0,8.12,50.0,4.51,58.34,45.15,19.19,48.72,11.84,49.57,3.94,50.0,8.12,50.0,4.51,47.6,49.33,20.96,42.49,10.32,64.2,5.1,50.0,8.12,50.0,4.51,49.02,47.83,20.32,69.51,16.88,54.93,4.36,50.0,8.12,50.0,4.51,54.21,43.25,18.38,25.86,6.28,42.82,3.4,50.0,8.12,50.0,4.51,40.7,42.07,17.88,36.25,8.81,40.53,3.22,50.0,8.12,50.0,4.51,42.54
202608092303,2026-08-09,23,3R,realtime,72.23,30.7,48.72,11.84,40.16,3.19,57.18,9.29,58.33,5.27,60.27,45.15,19.19,48.72,11.84,50.0,3.97,42.45,6.9,50.64,4.57,46.46,49.33,20.96,42.49,10.32,44.92,3.57,40.11,6.52,57.86,5.22,46.59,47.83,20.32,69.51,16.88,50.4,4.0,53.83,8.74,53.91,4.87,54.82,42.07,17.88,25.86,6.28,40.85,3.24,44.43,7.22,40.03,3.61,38.23,43.25,18.38,36.25,8.81,51.4,4.08,62.02,10.08,39.28,3.55,44.89
202608092304,2026-08-09,23,4R,daily,65.43,27.8,44.57,10.83,47.86,3.8,50.0,8.12,50.0,4.51,55.07,50.47,21.45,57.04,13.86,67.81,5.38,50.0,8.12,50.0,4.51,53.32,48.26,20.51,46.65,11.33,46.36,3.68,50.0,8.12,50.0,4.51,48.16,47.59,20.22,71.59,17.39,62.7,4.98,50.0,8.12,50.0,4.51,55.23,45.22,19.22,36.25,8.81,37.62,2.99,50.0,8.12,50.0,4.51,43.65,42.91,18.23,40.41,9.82,43.28,3.44,50.0,8.12,50.0,4.51,44.12
202608092304,2026-08-09,23,4R,realtime,65.43,27.8,44.57,10.83,50.0,3.97,49.93,8.11,40.86,3.69,54.4,47.59,20.22,57.04,13.86,50.08,3.98,58.43,9.49,58.97,5.32,52.87,48.26,20.51,46.65,11.33,47.84,3.8,52.23,8.49,53.09,4.79,48.92,45.22,19.22,71.59,17.39,56.15,4.46,60.19,9.78,43.63,3.94,54.78,42.91,18.23,36.25,8.81,49.06,3.89,44.62,7.25,50.22,4.54,42.72,50.47,21.45,40.41,9.82,46.85,3.72,34.61,5.62,53.28,4.81,45.42
202608092305,2026-08-09,23,5R,daily,75.29,31.99,44.57,10.83,44.45,3.53,50.0,8.12,50.0,4.51,58.99,46.81,19.89,42.49,10.32,45.37,3.6,50.0,8.12,50.0,4.51,46.45,45.17,19.2,42.49,10.32,53.2,4.22,50.0,8.12,50.0,4.51,46.38,46.44,19.74,61.19,14.87,33.75,2.68,50.0,8.12,50.0,4.51,49.92,44.36,18.85,42.49,10.32,36.17,2.87,50.0,8.12,50.0,4.51,44.68,41.79,17.76,61.19,14.87,64.08,5.09,50.0,8.12,50.0,4.51,50.35
202608092305,2026-08-09,23,5R,realtime,75.29,31.99,44.57,10.83,55.89,4.44,68.91,11.19,46.29,4.18,62.63,45.17,19.2,42.49,10.32,50.0,3.97,45.92,7.46,54.15,4.89,45.84,46.44,19.74,42.49,10.32,58.02,4.61,48.05,7.81,57.44,5.19,47.66,46.81,19.89,61.19,14.87,34.87,2.77,54.47,8.85,52.38,4.73,51.11,44.36,18.85,42.49,10.32,50.0,3.97,26.6,4.32,42.58,3.84,41.31,41.79,17.76,61.19,14.87,48.3,3.83,56.06,9.11,47.21,4.26,49.83
202608092306,2026-08-09,23,6R,daily,66.41,28.22,40.41,9.82,62.21,4.94,50.0,8.12,50.0,4.51,55.61,50.14,21.31,79.9,19.41,55.84,4.43,50.0,8.12,50.0,4.51,57.79,49.61,21.08,42.49,10.32,36.19,2.87,50.0,8.12,50.0,4.51,46.91,45.89,19.5,61.19,14.87,58.2,4.62,50.0,8.12,50.0,4.51,51.62,45.75,19.44,46.65,11.33,49.27,3.91,50.0,8.12,50.0,4.51,47.32,42.07,17.88,34.18,8.3,52.83,4.19,50.0,8.12,50.0,4.51,43.01
202608092306,2026-08-09,23,6R,realtime,66.41,28.22,40.41,9.82,50.42,4.0,57.4,9.32,57.31,5.18,56.54,50.14,21.31,79.9,19.41,57.78,4.59,68.45,11.12,48.78,4.4,60.83,49.61,21.08,42.49,10.32,50.0,3.97,30.83,5.01,55.07,4.97,45.35,45.89,19.5,61.19,14.87,64.73,5.14,60.41,9.81,55.54,5.02,54.33,45.75,19.44,46.65,11.33,41.45,3.29,32.16,5.22,40.69,3.67,42.96,42.07,17.88,34.18,8.3,46.75,3.71,50.74,8.24,42.66,3.85,41.98
202608092307,2026-08-09,23,7R,daily,63.48,26.97,44.57,10.83,47.16,3.74,50.0,8.12,50.0,4.51,54.18,51.3,21.8,44.57,10.83,47.93,3.8,50.0,8.12,50.0,4.51,49.07,49.66,21.1,81.98,19.91,40.49,3.21,50.0,8.12,50.0,4.51,56.87,47.03,19.98,44.57,10.83,36.49,2.9,50.0,8.12,50.0,4.51,46.34,45.49,19.33,34.18,8.3,35.51,2.82,50.0,8.12,50.0,4.51,43.09,42.91,18.23,50.8,12.34,52.8,4.19,50.0,8.12,50.0,4.51,47.4
202608092307,2026-08-09,23,7R,realtime,63.48,26.97,44.57,10.83,50.0,3.97,39.49,6.41,52.04,4.7,52.88,51.3,21.8,44.57,10.83,50.0,3.97,46.04,7.48,47.89,4.32,48.4,49.66,21.1,81.98,19.91,50.0,3.97,71.69,11.65,52.8,4.77,61.4,47.03,19.98,44.57,10.83,47.43,3.76,56.23,9.13,58.25,5.26,48.97,45.49,19.33,34.18,8.3,50.86,4.04,36.96,6.0,41.95,3.79,41.46,42.91,18.23,50.8,12.34,51.89,4.12,49.59,8.06,47.13,4.26,47.01
202608092308,2026-08-09,23,8R,daily,66.54,28.28,48.72,11.84,49.57,3.94,50.0,8.12,50.0,4.51,56.69,51.02,21.68,36.25,8.81,37.62,2.99,50.0,8.12,50.0,4.51,46.11,48.82,20.74,50.8,12.34,52.21,4.14,50.0,8.12,50.0,4.51,49.87,47.03,19.98,86.14,20.92,47.32,3.76,50.0,8.12,50.0,4.51,57.3,44.38,18.86,42.49,10.32,54.33,4.31,50.0,8.12,50.0,4.51,46.13,42.07,17.88,46.65,11.33,49.12,3.9,50.0,8.12,50.0,4.51,45.75
202608092308,2026-08-09,23,8R,realtime,66.54,28.28,48.72,11.84,50.0,3.97,48.68,7.91,52.04,4.7,56.69,51.02,21.68,36.25,8.81,49.06,3.89,37.23,6.05,47.89,4.32,44.76,48.82,20.74,50.8,12.34,47.23,3.75,50.36,8.18,52.8,4.77,49.78,47.03,19.98,86.14,20.92,45.15,3.58,78.19,12.7,58.25,5.26,62.45,44.38,18.86,42.49,10.32,50.0,3.97,39.69,6.45,41.95,3.79,43.38,42.07,17.88,46.65,11.33,52.67,4.18,45.87,7.45,47.13,4.26,45.1
202608092309,2026-08-09,23,9R,daily,66.54,28.28,48.72,11.84,40.63,3.23,50.0,8.12,50.0,4.51,55.98,51.02,21.68,42.49,10.32,49.41,3.92,50.0,8.12,50.0,4.51,48.56,50.77,21.58,57.04,13.86,67.81,5.38,50.0,8.12,50.0,4.51,53.45,45.07,19.15,42.49,10.32,53.2,4.22,50.0,8.12,50.0,4.51,46.34,44.1,18.74,46.65,11.33,79.19,6.29,50.0,8.12,50.0,4.51,49.0,42.35,18.0,25.86,6.28,42.82,3.4,50.0,8.12,50.0,4.51,40.32
202608092309,2026-08-09,23,9R,realtime,66.54,28.28,48.72,11.84,50.0,3.97,36.61,5.95,57.63,5.2,55.23,50.77,21.58,42.49,10.32,54.86,4.35,45.92,7.46,52.65,4.75,48.47,51.02,21.68,57.04,13.86,50.08,3.98,55.96,9.09,45.19,4.08,52.68,45.07,19.15,42.49,10.32,58.02,4.61,52.12,8.47,57.89,5.23,47.77,44.1,18.74,46.65,11.33,79.49,6.31,58.94,9.57,41.11,3.71,49.67,42.35,18.0,25.86,6.28,40.85,3.24,50.47,8.2,45.58,4.12,39.84
202608092310,2026-08-09,23,10R,daily,70.73,30.06,44.57,10.83,52.26,4.15,50.0,8.12,50.0,4.51,57.67,50.47,21.45,59.12,14.36,54.19,4.3,50.0,8.12,50.0,4.51,52.75,46.03,19.56,48.72,11.84,39.96,3.17,50.0,8.12,50.0,4.51,47.21,46.19,19.63,44.57,10.83,44.45,3.53,50.0,8.12,50.0,4.51,46.62,44.38,18.86,79.9,19.41,55.84,4.43,50.0,8.12,50.0,4.51,55.34,42.07,17.88,46.65,11.33,53.38,4.24,50.0,8.12,50.0,4.51,46.09
202608092310,2026-08-09,23,10R,realtime,70.73,30.06,44.57,10.83,40.65,3.23,36.42,5.92,57.63,5.2,55.23,50.47,21.45,59.12,14.36,48.41,3.84,48.22,7.83,45.19,4.08,51.56,46.03,19.56,48.72,11.84,40.16,3.19,44.75,7.27,52.65,4.75,46.61,46.19,19.63,44.57,10.83,55.89,4.44,50.05,8.13,57.89,5.23,48.25,44.38,18.86,79.9,19.41,57.78,4.59,62.63,10.17,41.11,3.71,56.74,42.07,17.88,46.65,11.33,41.66,3.31,57.91,9.41,45.58,4.12,46.04
202608092311,2026-08-09,23,11R,daily,74.63,31.72,61.19,14.87,33.75,2.68,50.0,8.12,50.0,4.51,61.9,47.4,20.14,50.8,12.34,52.8,4.19,50.0,8.12,50.0,4.51,49.31,45.47,19.32,61.19,14.87,58.2,4.62,50.0,8.12,50.0,4.51,51.45,45.35,19.27,48.72,11.84,64.57,5.13,50.0,8.12,50.0,4.51,48.87,44.94,19.1,46.65,11.33,53.86,4.28,50.0,8.12,50.0,4.51,47.34,42.07,17.88,42.49,10.32,64.2,5.1,50.0,8.12,50.0,4.51,45.93
202608092311,2026-08-09,23,11R,realtime,74.63,31.72,61.19,14.87,34.87,2.77,44.33,7.2,57.63,5.2,61.75,47.4,20.14,50.8,12.34,51.89,4.12,61.65,10.01,45.19,4.08,50.7,45.47,19.32,61.19,14.87,64.73,5.14,71.92,11.68,52.65,4.75,55.77,45.35,19.27,48.72,11.84,63.68,5.05,37.13,6.03,57.89,5.23,47.42,44.94,19.1,46.65,11.33,43.74,3.47,47.12,7.65,41.11,3.71,45.27,42.07,17.88,42.49,10.32,44.92,3.57,37.84,6.15,45.58,4.12,42.03
202608092312,2026-08-09,23,12R,daily,76.86,32.66,86.14,20.92,47.32,3.76,50.0,8.12,50.0,4.51,69.98,45.45,19.31,71.59,17.39,62.7,4.98,50.0,8.12,50.0,4.51,54.32,46.31,19.68,79.9,19.41,48.96,3.89,50.0,8.12,50.0,4.51,55.61,45.35,19.27,81.98,19.91,40.49,3.21,50.0,8.12,50.0,4.51,55.04,43.82,18.62,59.12,14.36,63.05,5.0,50.0,8.12,50.0,4.51,50.62,42.07,17.88,69.51,16.88,54.93,4.36,50.0,8.12,50.0,4.51,51.76
202608092401,2026-08-09,24,1R,daily,66.83,28.68,46.6,9.01,62.5,5.97,50.0,9.11,50.0,4.98,57.76,48.37,20.76,48.63,9.41,50.46,4.82,50.0,9.11,50.0,4.98,49.08,48.7,20.9,48.63,9.41,56.93,5.44,50.0,9.11,50.0,4.98,49.84,47.79,20.51,46.6,9.01,52.98,5.06,50.0,9.11,50.0,4.98,48.68,45.48,19.52,46.6,9.01,38.01,3.63,50.0,9.11,50.0,4.98,46.26,42.73,18.34,34.4,6.65,47.55,4.55,50.0,9.11,50.0,4.98,43.63
202608092402,2026-08-09,24,2R,daily,66.96,28.73,44.57,8.62,46.7,4.46,50.0,9.11,50.0,4.98,55.91,51.36,22.04,46.6,9.01,37.59,3.59,50.0,9.11,50.0,4.98,48.74,46.76,20.07,46.6,9.01,37.67,3.6,50.0,9.11,50.0,4.98,46.78,47.08,20.2,34.4,6.65,44.67,4.27,50.0,9.11,50.0,4.98,45.22,44.76,19.21,46.6,9.01,37.49,3.58,50.0,9.11,50.0,4.98,45.9,42.98,18.45,46.6,9.01,42.51,4.06,50.0,9.11,50.0,4.98,45.62
202608092403,2026-08-09,24,3R,daily,66.22,28.42,46.6,9.01,54.2,5.18,50.0,9.11,50.0,4.98,56.7,51.36,22.04,44.57,8.62,58.49,5.59,50.0,9.11,50.0,4.98,50.34,47.75,20.49,58.8,11.38,46.18,4.42,50.0,9.11,50.0,4.98,50.37,46.59,19.99,50.67,9.8,44.11,4.22,50.0,9.11,50.0,4.98,48.1,45.5,19.52,52.7,10.2,46.42,4.44,50.0,9.11,50.0,4.98,48.25,42.49,18.23,34.4,6.65,54.43,5.2,50.0,9.11,50.0,4.98,44.18
202608092404,2026-08-09,24,4R,daily,69.04,29.63,60.84,11.77,57.28,5.48,50.0,9.11,50.0,4.98,60.96,47.63,20.44,40.5,7.83,35.42,3.39,50.0,9.11,50.0,4.98,45.75,47.48,20.37,48.63,9.41,39.67,3.79,50.0,9.11,50.0,4.98,47.67,47.79,20.51,48.63,9.41,50.72,4.85,50.0,9.11,50.0,4.98,48.86,45.48,19.52,71.0,13.74,42.45,4.06,50.0,9.11,50.0,4.98,51.4,42.49,18.23,40.5,7.83,44.74,4.28,50.0,9.11,50.0,4.98,44.44
202608092405,2026-08-09,24,5R,daily,68.17,29.25,50.67,9.8,39.97,3.82,50.0,9.11,50.0,4.98,56.97,47.85,20.53,46.6,9.01,54.1,5.17,50.0,9.11,50.0,4.98,48.81,48.67,20.88,56.77,10.98,49.16,4.7,50.0,9.11,50.0,4.98,50.66,46.78,20.08,50.67,9.8,48.53,4.64,50.0,9.11,50.0,4.98,48.61,45.71,19.61,50.67,9.8,33.9,3.24,50.0,9.11,50.0,4.98,46.75,42.73,18.34,42.53,8.23,68.45,6.54,50.0,9.11,50.0,4.98,47.2
202608092406,2026-08-09,24,6R,daily,68.41,29.36,66.94,12.95,48.39,4.63,50.0,9.11,50.0,4.98,61.02,47.36,20.32,44.57,8.62,58.35,5.58,50.0,9.11,50.0,4.98,48.61,46.72,20.05,50.67,9.8,50.12,4.79,50.0,9.11,50.0,4.98,48.73,48.01,20.6,46.6,9.01,47.02,4.49,50.0,9.11,50.0,4.98,48.2,46.19,19.82,60.84,11.77,63.77,6.1,50.0,9.11,50.0,4.98,51.78,43.22,18.55,46.6,9.01,62.5,5.97,50.0,9.11,50.0,4.98,47.63
202608092407,2026-08-09,24,7R,daily,75.98,32.6,52.7,10.2,49.03,4.69,50.0,9.11,50.0,4.98,61.58,45.65,19.59,46.6,9.01,52.98,5.06,50.0,9.11,50.0,4.98,47.76,46.72,20.05,52.7,10.2,49.51,4.73,50.0,9.11,50.0,4.98,49.07,45.07,19.34,48.63,9.41,56.93,5.44,50.0,9.11,50.0,4.98,48.28,43.76,18.78,46.6,9.01,37.67,3.6,50.0,9.11,50.0,4.98,45.48,42.73,18.34,48.63,9.41,38.48,3.68,50.0,9.11,50.0,4.98,45.52
202608092408,2026-08-09,24,8R,daily,75.25,32.29,52.7,10.2,46.42,4.44,50.0,9.11,50.0,4.98,61.01,46.87,20.11,50.67,9.8,53.3,5.09,50.0,9.11,50.0,4.98,49.1,46.47,19.94,48.63,9.41,47.99,4.59,50.0,9.11,50.0,4.98,48.03,45.56,19.55,48.63,9.41,50.46,4.82,50.0,9.11,50.0,4.98,47.88,43.27,18.57,32.36,6.26,41.4,3.96,50.0,9.11,50.0,4.98,42.88,42.48,18.23,44.57,8.62,37.15,3.55,50.0,9.11,50.0,4.98,44.5
202608092409,2026-08-09,24,9R,daily,73.05,31.35,71.0,13.74,42.45,4.06,50.0,9.11,50.0,4.98,63.23,47.36,20.32,60.84,11.77,57.28,5.48,50.0,9.11,50.0,4.98,51.66,46.47,19.94,50.67,9.8,44.11,4.22,50.0,9.11,50.0,4.98,48.05,45.07,19.34,58.8,11.38,46.18,4.42,50.0,9.11,50.0,4.98,49.22,44.97,19.3,50.67,9.8,48.53,4.64,50.0,9.11,50.0,4.98,47.83,42.97,18.44,50.67,9.8,39.97,3.82,50.0,9.11,50.0,4.98,46.16
202608092410,2026-08-09,24,10R,daily,75.73,32.5,56.77,10.98,49.16,4.7,50.0,9.11,50.0,4.98,62.27,45.65,19.59,66.94,12.95,48.39,4.63,50.0,9.11,50.0,4.98,51.26,45.01,19.31,48.63,9.41,50.72,4.85,50.0,9.11,50.0,4.98,47.66,44.83,19.24,50.67,9.8,50.12,4.79,50.0,9.11,50.0,4.98,47.92,45.22,19.4,48.63,9.41,39.67,3.79,50.0,9.11,50.0,4.98,46.7,43.46,18.65,44.57,8.62,46.7,4.46,50.0,9.11,50.0,4.98,45.83
202608092411,2026-08-09,24,11R,daily,77.69,33.34,60.84,11.77,63.77,6.1,50.0,9.11,50.0,4.98,65.29,45.16,19.38,50.67,9.8,33.9,3.24,50.0,9.11,50.0,4.98,46.51,45.25,19.42,46.6,9.01,47.02,4.49,50.0,9.11,50.0,4.98,47.02,44.83,19.24,52.7,10.2,49.03,4.69,50.0,9.11,50.0,4.98,48.21,44.48,19.09,46.6,9.01,54.1,5.17,50.0,9.11,50.0,4.98,47.37,42.48,18.23,46.6,9.01,54.2,5.18,50.0,9.11,50.0,4.98,46.52
202608092412,2026-08-09,24,12R,daily,75.34,32.33,52.7,10.2,49.51,4.73,50.0,9.11,50.0,4.98,61.35,45.69,19.61,46.6,9.01,37.49,3.58,50.0,9.11,50.0,4.98,46.3,47.01,20.17,50.67,9.8,53.3,5.09,50.0,9.11,50.0,4.98,49.16,45.35,19.46,44.57,8.62,58.49,5.59,50.0,9.11,50.0,4.98,47.77,43.77,18.78,48.63,9.41,47.99,4.59,50.0,9.11,50.0,4.98,46.87,42.74,18.34,48.63,9.41,37.46,3.58,50.0,9.11,50.0,4.98,45.42
