レースコード,レース日,レース場コード,レース回,艇1_登録番号,艇1_選手名,艇1_期別,艇1_支部,艇1_出身地,艇1_年齢,艇1_級別,艇1_賞除,艇1_F本数,艇1_L本数,艇1_全国平均ST,艇1_全国勝率,艇1_全国2連対率,艇1_全国3連対率,艇1_当地勝率,艇1_当地2連対率,艇1_当地3連対率,艇1_モーターフラグ,艇1_モーター番号,艇1_モーター2連対率,艇1_モーター3連対率,艇1_ボートフラグ,艇1_ボート番号,艇1_ボート2連対率,艇1_ボート3連対率,艇1_早見,艇1_節D1走1_R番号,艇1_節D1走1_進入,艇1_節D1走1_枠,艇1_節D1走1_ST,艇1_節D1走1_着順,艇1_節D1走2_R番号,艇1_節D1走2_進入,艇1_節D1走2_枠,艇1_節D1走2_ST,艇1_節D1走2_着順,艇1_節D2走1_R番号,艇1_節D2走1_進入,艇1_節D2走1_枠,艇1_節D2走1_ST,艇1_節D2走1_着順,艇1_節D2走2_R番号,艇1_節D2走2_進入,艇1_節D2走2_枠,艇1_節D2走2_ST,艇1_節D2走2_着順,艇1_節D3走1_R番号,艇1_節D3走1_進入,艇1_節D3走1_枠,艇1_節D3走1_ST,艇1_節D3走1_着順,艇1_節D3走2_R番号,艇1_節D3走2_進入,艇1_節D3走2_枠,艇1_節D3走2_ST,艇1_節D3走2_着順,艇1_節D4走1_R番号,艇1_節D4走1_進入,艇1_節D4走1_枠,艇1_節D4走1_ST,艇1_節D4走1_着順,艇1_節D4走2_R番号,艇1_節D4走2_進入,艇1_節D4走2_枠,艇1_節D4走2_ST,艇1_節D4走2_着順,艇1_節D5走1_R番号,艇1_節D5走1_進入,艇1_節D5走1_枠,艇1_節D5走1_ST,艇1_節D5走1_着順,艇1_節D5走2_R番号,艇1_節D5走2_進入,艇1_節D5走2_枠,艇1_節D5走2_ST,艇1_節D5走2_着順,艇1_節D6走1_R番号,艇1_節D6走1_進入,艇1_節D6走1_枠,艇1_節D6走1_ST,艇1_節D6走1_着順,艇1_節D6走2_R番号,艇1_節D6走2_進入,艇1_節D6走2_枠,艇1_節D6走2_ST,艇1_節D6走2_着順,艇1_節D7走1_R番号,艇1_節D7走1_進入,艇1_節D7走1_枠,艇1_節D7走1_ST,艇1_節D7走1_着順,艇1_節D7走2_R番号,艇1_節D7走2_進入,艇1_節D7走2_枠,艇1_節D7走2_ST,艇1_節D7走2_着順,艇2_登録番号,艇2_選手名,艇2_期別,艇2_支部,艇2_出身地,艇2_年齢,艇2_級別,艇2_賞除,艇2_F本数,艇2_L本数,艇2_全国平均ST,艇2_全国勝率,艇2_全国2連対率,艇2_全国3連対率,艇2_当地勝率,艇2_当地2連対率,艇2_当地3連対率,艇2_モーターフラグ,艇2_モーター番号,艇2_モーター2連対率,艇2_モーター3連対率,艇2_ボートフラグ,艇2_ボート番号,艇2_ボート2連対率,艇2_ボート3連対率,艇2_早見,艇2_節D1走1_R番号,艇2_節D1走1_進入,艇2_節D1走1_枠,艇2_節D1走1_ST,艇2_節D1走1_着順,艇2_節D1走2_R番号,艇2_節D1走2_進入,艇2_節D1走2_枠,艇2_節D1走2_ST,艇2_節D1走2_着順,艇2_節D2走1_R番号,艇2_節D2走1_進入,艇2_節D2走1_枠,艇2_節D2走1_ST,艇2_節D2走1_着順,艇2_節D2走2_R番号,艇2_節D2走2_進入,艇2_節D2走2_枠,艇2_節D2走2_ST,艇2_節D2走2_着順,艇2_節D3走1_R番号,艇2_節D3走1_進入,艇2_節D3走1_枠,艇2_節D3走1_ST,艇2_節D3走1_着順,艇2_節D3走2_R番号,艇2_節D3走2_進入,艇2_節D3走2_枠,艇2_節D3走2_ST,艇2_節D3走2_着順,艇2_節D4走1_R番号,艇2_節D4走1_進入,艇2_節D4走1_枠,艇2_節D4走1_ST,艇2_節D4走1_着順,艇2_節D4走2_R番号,艇2_節D4走2_進入,艇2_節D4走2_枠,艇2_節D4走2_ST,艇2_節D4走2_着順,艇2_節D5走1_R番号,艇2_節D5走1_進入,艇2_節D5走1_枠,艇2_節D5走1_ST,艇2_節D5走1_着順,艇2_節D5走2_R番号,艇2_節D5走2_進入,艇2_節D5走2_枠,艇2_節D5走2_ST,艇2_節D5走2_着順,艇2_節D6走1_R番号,艇2_節D6走1_進入,艇2_節D6走1_枠,艇2_節D6走1_ST,艇2_節D6走1_着順,艇2_節D6走2_R番号,艇2_節D6走2_進入,艇2_節D6走2_枠,艇2_節D6走2_ST,艇2_節D6走2_着順,艇2_節D7走1_R番号,艇2_節D7走1_進入,艇2_節D7走1_枠,艇2_節D7走1_ST,艇2_節D7走1_着順,艇2_節D7走2_R番号,艇2_節D7走2_進入,艇2_節D7走2_枠,艇2_節D7走2_ST,艇2_節D7走2_着順,艇3_登録番号,艇3_選手名,艇3_期別,艇3_支部,艇3_出身地,艇3_年齢,艇3_級別,艇3_賞除,艇3_F本数,艇3_L本数,艇3_全国平均ST,艇3_全国勝率,艇3_全国2連対率,艇3_全国3連対率,艇3_当地勝率,艇3_当地2連対率,艇3_当地3連対率,艇3_モーターフラグ,艇3_モーター番号,艇3_モーター2連対率,艇3_モーター3連対率,艇3_ボートフラグ,艇3_ボート番号,艇3_ボート2連対率,艇3_ボート3連対率,艇3_早見,艇3_節D1走1_R番号,艇3_節D1走1_進入,艇3_節D1走1_枠,艇3_節D1走1_ST,艇3_節D1走1_着順,艇3_節D1走2_R番号,艇3_節D1走2_進入,艇3_節D1走2_枠,艇3_節D1走2_ST,艇3_節D1走2_着順,艇3_節D2走1_R番号,艇3_節D2走1_進入,艇3_節D2走1_枠,艇3_節D2走1_ST,艇3_節D2走1_着順,艇3_節D2走2_R番号,艇3_節D2走2_進入,艇3_節D2走2_枠,艇3_節D2走2_ST,艇3_節D2走2_着順,艇3_節D3走1_R番号,艇3_節D3走1_進入,艇3_節D3走1_枠,艇3_節D3走1_ST,艇3_節D3走1_着順,艇3_節D3走2_R番号,艇3_節D3走2_進入,艇3_節D3走2_枠,艇3_節D3走2_ST,艇3_節D3走2_着順,艇3_節D4走1_R番号,艇3_節D4走1_進入,艇3_節D4走1_枠,艇3_節D4走1_ST,艇3_節D4走1_着順,艇3_節D4走2_R番号,艇3_節D4走2_進入,艇3_節D4走2_枠,艇3_節D4走2_ST,艇3_節D4走2_着順,艇3_節D5走1_R番号,艇3_節D5走1_進入,艇3_節D5走1_枠,艇3_節D5走1_ST,艇3_節D5走1_着順,艇3_節D5走2_R番号,艇3_節D5走2_進入,艇3_節D5走2_枠,艇3_節D5走2_ST,艇3_節D5走2_着順,艇3_節D6走1_R番号,艇3_節D6走1_進入,艇3_節D6走1_枠,艇3_節D6走1_ST,艇3_節D6走1_着順,艇3_節D6走2_R番号,艇3_節D6走2_進入,艇3_節D6走2_枠,艇3_節D6走2_ST,艇3_節D6走2_着順,艇3_節D7走1_R番号,艇3_節D7走1_進入,艇3_節D7走1_枠,艇3_節D7走1_ST,艇3_節D7走1_着順,艇3_節D7走2_R番号,艇3_節D7走2_進入,艇3_節D7走2_枠,艇3_節D7走2_ST,艇3_節D7走2_着順,艇4_登録番号,艇4_選手名,艇4_期別,艇4_支部,艇4_出身地,艇4_年齢,艇4_級別,艇4_賞除,艇4_F本数,艇4_L本数,艇4_全国平均ST,艇4_全国勝率,艇4_全国2連対率,艇4_全国3連対率,艇4_当地勝率,艇4_当地2連対率,艇4_当地3連対率,艇4_モーターフラグ,艇4_モーター番号,艇4_モーター2連対率,艇4_モーター3連対率,艇4_ボートフラグ,艇4_ボート番号,艇4_ボート2連対率,艇4_ボート3連対率,艇4_早見,艇4_節D1走1_R番号,艇4_節D1走1_進入,艇4_節D1走1_枠,艇4_節D1走1_ST,艇4_節D1走1_着順,艇4_節D1走2_R番号,艇4_節D1走2_進入,艇4_節D1走2_枠,艇4_節D1走2_ST,艇4_節D1走2_着順,艇4_節D2走1_R番号,艇4_節D2走1_進入,艇4_節D2走1_枠,艇4_節D2走1_ST,艇4_節D2走1_着順,艇4_節D2走2_R番号,艇4_節D2走2_進入,艇4_節D2走2_枠,艇4_節D2走2_ST,艇4_節D2走2_着順,艇4_節D3走1_R番号,艇4_節D3走1_進入,艇4_節D3走1_枠,艇4_節D3走1_ST,艇4_節D3走1_着順,艇4_節D3走2_R番号,艇4_節D3走2_進入,艇4_節D3走2_枠,艇4_節D3走2_ST,艇4_節D3走2_着順,艇4_節D4走1_R番号,艇4_節D4走1_進入,艇4_節D4走1_枠,艇4_節D4走1_ST,艇4_節D4走1_着順,艇4_節D4走2_R番号,艇4_節D4走2_進入,艇4_節D4走2_枠,艇4_節D4走2_ST,艇4_節D4走2_着順,艇4_節D5走1_R番号,艇4_節D5走1_進入,艇4_節D5走1_枠,艇4_節D5走1_ST,艇4_節D5走1_着順,艇4_節D5走2_R番号,艇4_節D5走2_進入,艇4_節D5走2_枠,艇4_節D5走2_ST,艇4_節D5走2_着順,艇4_節D6走1_R番号,艇4_節D6走1_進入,艇4_節D6走1_枠,艇4_節D6走1_ST,艇4_節D6走1_着順,艇4_節D6走2_R番号,艇4_節D6走2_進入,艇4_節D6走2_枠,艇4_節D6走2_ST,艇4_節D6走2_着順,艇4_節D7走1_R番号,艇4_節D7走1_進入,艇4_節D7走1_枠,艇4_節D7走1_ST,艇4_節D7走1_着順,艇4_節D7走2_R番号,艇4_節D7走2_進入,艇4_節D7走2_枠,艇4_節D7走2_ST,艇4_節D7走2_着順,艇5_登録番号,艇5_選手名,艇5_期別,艇5_支部,艇5_出身地,艇5_年齢,艇5_級別,艇5_賞除,艇5_F本数,艇5_L本数,艇5_全国平均ST,艇5_全国勝率,艇5_全国2連対率,艇5_全国3連対率,艇5_当地勝率,艇5_当地2連対率,艇5_当地3連対率,艇5_モーターフラグ,艇5_モーター番号,艇5_モーター2連対率,艇5_モーター3連対率,艇5_ボートフラグ,艇5_ボート番号,艇5_ボート2連対率,艇5_ボート3連対率,艇5_早見,艇5_節D1走1_R番号,艇5_節D1走1_進入,艇5_節D1走1_枠,艇5_節D1走1_ST,艇5_節D1走1_着順,艇5_節D1走2_R番号,艇5_節D1走2_進入,艇5_節D1走2_枠,艇5_節D1走2_ST,艇5_節D1走2_着順,艇5_節D2走1_R番号,艇5_節D2走1_進入,艇5_節D2走1_枠,艇5_節D2走1_ST,艇5_節D2走1_着順,艇5_節D2走2_R番号,艇5_節D2走2_進入,艇5_節D2走2_枠,艇5_節D2走2_ST,艇5_節D2走2_着順,艇5_節D3走1_R番号,艇5_節D3走1_進入,艇5_節D3走1_枠,艇5_節D3走1_ST,艇5_節D3走1_着順,艇5_節D3走2_R番号,艇5_節D3走2_進入,艇5_節D3走2_枠,艇5_節D3走2_ST,艇5_節D3走2_着順,艇5_節D4走1_R番号,艇5_節D4走1_進入,艇5_節D4走1_枠,艇5_節D4走1_ST,艇5_節D4走1_着順,艇5_節D4走2_R番号,艇5_節D4走2_進入,艇5_節D4走2_枠,艇5_節D4走2_ST,艇5_節D4走2_着順,艇5_節D5走1_R番号,艇5_節D5走1_進入,艇5_節D5走1_枠,艇5_節D5走1_ST,艇5_節D5走1_着順,艇5_節D5走2_R番号,艇5_節D5走2_進入,艇5_節D5走2_枠,艇5_節D5走2_ST,艇5_節D5走2_着順,艇5_節D6走1_R番号,艇5_節D6走1_進入,艇5_節D6走1_枠,艇5_節D6走1_ST,艇5_節D6走1_着順,艇5_節D6走2_R番号,艇5_節D6走2_進入,艇5_節D6走2_枠,艇5_節D6走2_ST,艇5_節D6走2_着順,艇5_節D7走1_R番号,艇5_節D7走1_進入,艇5_節D7走1_枠,艇5_節D7走1_ST,艇5_節D7走1_着順,艇5_節D7走2_R番号,艇5_節D7走2_進入,艇5_節D7走2_枠,艇5_節D7走2_ST,艇5_節D7走2_着順,艇6_登録番号,艇6_選手名,艇6_期別,艇6_支部,艇6_出身地,艇6_年齢,艇6_級別,艇6_賞除,艇6_F本数,艇6_L本数,艇6_全国平均ST,艇6_全国勝率,艇6_全国2連対率,艇6_全国3連対率,艇6_当地勝率,艇6_当地2連対率,艇6_当地3連対率,艇6_モーターフラグ,艇6_モーター番号,艇6_モーター2連対率,艇6_モーター3連対率,艇6_ボートフラグ,艇6_ボート番号,艇6_ボート2連対率,艇6_ボート3連対率,艇6_早見,艇6_節D1走1_R番号,艇6_節D1走1_進入,艇6_節D1走1_枠,艇6_節D1走1_ST,艇6_節D1走1_着順,艇6_節D1走2_R番号,艇6_節D1走2_進入,艇6_節D1走2_枠,艇6_節D1走2_ST,艇6_節D1走2_着順,艇6_節D2走1_R番号,艇6_節D2走1_進入,艇6_節D2走1_枠,艇6_節D2走1_ST,艇6_節D2走1_着順,艇6_節D2走2_R番号,艇6_節D2走2_進入,艇6_節D2走2_枠,艇6_節D2走2_ST,艇6_節D2走2_着順,艇6_節D3走1_R番号,艇6_節D3走1_進入,艇6_節D3走1_枠,艇6_節D3走1_ST,艇6_節D3走1_着順,艇6_節D3走2_R番号,艇6_節D3走2_進入,艇6_節D3走2_枠,艇6_節D3走2_ST,艇6_節D3走2_着順,艇6_節D4走1_R番号,艇6_節D4走1_進入,艇6_節D4走1_枠,艇6_節D4走1_ST,艇6_節D4走1_着順,艇6_節D4走2_R番号,艇6_節D4走2_進入,艇6_節D4走2_枠,艇6_節D4走2_ST,艇6_節D4走2_着順,艇6_節D5走1_R番号,艇6_節D5走1_進入,艇6_節D5走1_枠,艇6_節D5走1_ST,艇6_節D5走1_着順,艇6_節D5走2_R番号,艇6_節D5走2_進入,艇6_節D5走2_枠,艇6_節D5走2_ST,艇6_節D5走2_着順,艇6_節D6走1_R番号,艇6_節D6走1_進入,艇6_節D6走1_枠,艇6_節D6走1_ST,艇6_節D6走1_着順,艇6_節D6走2_R番号,艇6_節D6走2_進入,艇6_節D6走2_枠,艇6_節D6走2_ST,艇6_節D6走2_着順,艇6_節D7走1_R番号,艇6_節D7走1_進入,艇6_節D7走1_枠,艇6_節D7走1_ST,艇6_節D7走1_着順,艇6_節D7走2_R番号,艇6_節D7走2_進入,艇6_節D7走2_枠,艇6_節D7走2_ST,艇6_節D7走2_着順
202609170401,2026-09-17,04,01R,5022,伊藤 尚汰,122期,福岡,福岡,31,B1,,0,0,0.18,4.27,28.4,37.5,4.3,16.2,39.5,0,67,16.1,33.8,0,36,29.0,54.5,6,,,,,,7,4,4,0.16,4,7,2,2,0.19,3,12,3,3,0.06,2,2,6,6,0.24,6,,,,,,,,,,,,,,,,,,,,,,,,,,,,,,,,,,,,,,,,,,,,,,3857,阿波 勝哉,79期,東京,東京,53,B1,,0,0,0.21,4.88,29.0,46.2,4.87,27.8,49.1,0,51,34.7,47.8,0,37,20.5,32.3,10,5,3,3,0.07,4,,,,,,2,4,4,0.11,3,12,6,5,0.06,6,4,1,1,0.04,1,,,,,,,,,,,,,,,,,,,,,,,,,,,,,,,,,,,,,,,,,,,,,,4082,濱崎 誠,87期,大阪,大阪,47,B1,,1,0,0.18,5.94,42.8,64.2,6.8,60.0,70.0,0,72,23.3,40.0,0,35,42.2,52.1,9,,,,,,7,5,5,0.18,5,4,4,4,0.16,6,11,2,2,0.13,3,5,1,1,0.14,1,,,,,,,,,,,,,,,,,,,,,,,,,,,,,,,,,,,,,,,,,,,,,,3107,平岡 重典,52期,大阪,大阪,62,B1,,0,0,0.18,3.84,14.0,26.0,4.16,12.0,32.0,0,44,17.8,33.9,0,28,29.0,56.4,7,3,1,1,0.17,6,9,3,3,0.28,5,3,1,2,0.25,5,,,,,,,,,,,9,6,6,0.09,5,,,,,,,,,,,,,,,,,,,,,,,,,,,,,,,,,,,,,,,,,4053,芦澤 望,86期,東京,千葉,48,A2,,1,0,0.16,5.21,32.9,54.8,5.49,38.3,55.3,0,55,20.9,41.9,0,63,36.2,48.2,12,6,2,2,0.09,3,11,6,6,0.15,4,,,,,,9,1,1,0.12,2,5,3,3,0.15,3,11,4,4,0.11,3,,,,,,,,,,,,,,,,,,,,,,,,,,,,,,,,,,,,,,,,,4697,國弘 翔平,110期,福岡,福岡,40,B1,,0,0,0.17,4.39,22.6,42.2,4.36,13.6,40.9,0,70,16.6,23.3,0,23,37.1,58.0,,1,5,5,0.2,4,9,4,4,0.23,3,5,1,1,0.06,4,,,,,,6,2,2,0.26,6,11,3,3,0.08,6,,,,,,,,,,,,,,,,,,,,,,,,,,,,,,,,,,,,,,,,
202609170402,2026-09-17,04,02R,4200,早川 尚人,91期,大阪,大阪,44,B1,,0,0,0.19,4.27,17.0,37.5,4.28,27.7,33.3,0,56,19.6,34.4,0,74,31.0,56.9,8,3,4,4,0.1,5,,,,,,4,2,2,0.08,3,9,6,6,0.24,4,2,5,5,0.25,3,,,,,,,,,,,,,,,,,,,,,,,,,,,,,,,,,,,,,,,,,,,,,,3876,中辻 崇人,79期,福岡,福岡,49,A1,,0,0,0.15,6.63,48.5,66.1,6.57,42.8,85.7,0,20,25.8,46.5,0,68,36.3,50.9,12,5,6,6,0.11,2,12,3,3,0.13,1,4,5,5,0.09,2,10,1,1,0.14,2,,,,,,9,4,4,0.28,2,,,,,,,,,,,,,,,,,,,,,,,,,,,,,,,,,,,,,,,,,3564,桑原 啓,70期,福岡,熊本,56,B1,,0,0,0.16,4.35,27.4,38.2,5.91,54.5,54.5,0,19,33.8,53.8,0,14,40.3,57.8,9,5,1,1,0.15,6,,,,,,1,5,5,0.17,4,8,3,4,0.22,3,3,6,6,0.12,6,,,,,,,,,,,,,,,,,,,,,,,,,,,,,,,,,,,,,,,,,,,,,,5424,熊倉 幹太,137期,東京,東京,24,B2,,0,0,0.22,1.49,2.0,2.0,1.89,11.1,11.1,0,28,17.7,42.2,0,16,38.8,61.1,7,,,,,,7,6,6,0.18,6,1,4,4,0.29,6,,,,,,5,6,6,0.17,6,9,5,5,0.16,6,,,,,,,,,,,,,,,,,,,,,,,,,,,,,,,,,,,,,,,,,3963,原田 秀弥,82期,大阪,奈良,47,A2,,0,0,0.17,5.79,36.6,60.7,5.4,33.3,53.3,0,32,28.7,42.4,0,10,35.8,50.7,11,,,,,,8,3,3,0.18,6,5,4,4,0.17,2,12,5,6,0.22,4,,,,,,8,1,1,0.17,1,,,,,,,,,,,,,,,,,,,,,,,,,,,,,,,,,,,,,,,,,4880,澤崎 雄哉,116期,東京,東京,31,B1,,0,0,0.17,5.36,32.6,57.1,6.05,47.3,63.1,0,63,30.4,44.9,0,65,26.4,41.5,,2,1,1,0.19,5,11,5,5,0.11,5,4,3,3,0.07,1,,,,,,1,4,4,0.15,5,8,2,2,0.17,2,,,,,,,,,,,,,,,,,,,,,,,,,,,,,,,,,,,,,,,,
202609170403,2026-09-17,04,03R,4367,山口 修路,97期,福岡,福岡,40,B1,,0,0,0.23,4.45,18.4,45.6,4.8,20.0,48.0,0,17,28.5,40.0,0,64,22.8,34.2,10,1,2,2,0.15,5,6,4,4,0.12,5,2,6,6,0.2,4,,,,,,,,,,,8,3,3,0.14,5,,,,,,,,,,,,,,,,,,,,,,,,,,,,,,,,,,,,,,,,,4180,上野 秀和,90期,福岡,福岡,43,A2,,0,0,0.17,5.28,31.6,50.8,4.38,8.3,33.3,0,21,46.8,68.7,0,73,29.7,48.9,8,,,,,,7,1,1,0.21,1,3,5,6,0.15,2,9,4,4,0.14,3,,,,,,7,3,3,0.09,2,,,,,,,,,,,,,,,,,,,,,,,,,,,,,,,,,,,,,,,,,5253,藤井 太雅,130期,東京,東京,23,B2,,1,0,0.27,3.87,11.9,28.3,4.05,20.4,32.2,0,43,36.5,53.9,0,53,43.9,59.0,7,,,,,,,,,,,,,,,,,,,,,,,,,,,,,,,,,,,,,,,,,,,,,,,,,,,,,,,,,,,,,,,,,,,,,,,4610,佐藤 大佑,106期,東京,千葉,36,A1,,1,0,0.15,5.92,42.4,53.7,5.56,31.2,43.7,0,69,31.1,55.7,0,60,41.3,58.6,9,7,3,3,0.17,3,12,1,1,0.34,6,,,,,,8,5,6,0.14,1,2,2,2,0.15,2,10,5,5,0.09,2,,,,,,,,,,,,,,,,,,,,,,,,,,,,,,,,,,,,,,,,,5393,藤原 駿,136期,大阪,奈良,25,B2,,1,0,0.23,1.41,0.0,1.3,0.0,0.0,0.0,0,23,50.0,71.8,0,66,23.0,32.3,,1,6,6,0.19,6,,,,,,3,4,4,0.25,4,,,,,,2,4,4,0.25,4,8,6,5,0.22,6,,,,,,,,,,,,,,,,,,,,,,,,,,,,,,,,,,,,,,,,,4422,永井 亮次,99期,大阪,大阪,38,B1,,0,0,0.18,4.35,22.7,37.9,3.8,13.3,20.0,0,45,21.0,36.8,0,71,40.0,58.3,12,,,,,,8,2,2,0.27,5,2,1,1,0.05,1,7,5,5,0.16,4,3,4,4,0.13,3,,,,,,,,,,,,,,,,,,,,,,,,,,,,,,,,,,,,,,,,,,,,,
202609170404,2026-09-17,04,04R,4421,森作 広大,99期,東京,茨城,38,B1,,0,0,0.19,3.35,10.0,25.0,4.12,18.6,35.5,0,49,22.0,40.6,0,75,39.6,56.9,8,4,1,1,0.11,1,,,,,,3,3,5,0.14,3,10,6,6,0.24,5,4,3,3,0.02,6,12,4,4,0.16,5,,,,,,,,,,,,,,,,,,,,,,,,,,,,,,,,,,,,,,,,,3439,大平 誉史明,65期,大阪,大阪,57,A1,,0,0,0.16,5.88,42.3,60.3,5.83,40.0,57.5,0,54,22.4,34.4,0,11,27.4,48.3,10,4,6,6,0.19,4,12,2,2,0.22,5,2,5,5,0.12,5,9,3,3,0.16,6,,,,,,11,1,1,0.09,2,,,,,,,,,,,,,,,,,,,,,,,,,,,,,,,,,,,,,,,,,5237,永松 良教,130期,福岡,福岡,26,B2,,0,0,0.16,5.02,26.9,49.2,3.0,14.2,21.4,0,48,30.8,45.5,0,38,47.3,50.8,,4,5,5,0.17,3,,,,,,6,6,6,0.19,3,,,,,,3,1,1,0.1,2,9,2,2,0.12,4,,,,,,,,,,,,,,,,,,,,,,,,,,,,,,,,,,,,,,,,,3105,内山 文典,52期,東京,東京,63,B1,,0,0,0.19,5.03,32.1,50.5,5.69,36.1,52.7,0,11,36.5,51.9,0,47,36.6,53.3,9,4,3,3,0.16,5,,,,,,1,2,2,0.1,2,7,6,6,0.16,転,6,1,1,0.22,4,,,,,,,,,,,,,,,,,,,,,,,,,,,,,,,,,,,,,,,,,,,,,,5105,富田 恕生,125期,福岡,静岡,27,B1,,0,0,0.18,4.31,22.8,36.8,6.4,50.0,70.0,0,75,25.4,37.2,0,70,42.1,63.1,12,2,2,2,0.2,6,,,,,,1,1,1,0.13,5,11,3,3,0.16,4,,,,,,8,5,4,0.19,4,,,,,,,,,,,,,,,,,,,,,,,,,,,,,,,,,,,,,,,,,3915,繁野谷 圭介,81期,大阪,大阪,52,A2,,0,0,0.19,6.28,45.5,65.1,5.33,39.5,48.8,0,66,30.7,49.2,0,29,27.4,45.1,,5,5,5,0.12,1,11,2,2,0.17,6,,,,,,7,1,1,0.21,1,4,4,4,0.03,3,9,3,3,0.21,1,,,,,,,,,,,,,,,,,,,,,,,,,,,,,,,,,,,,,,,,
202609170405,2026-09-17,04,05R,5031,渡辺 空依,122期,福岡,福岡,28,B1,,0,0,0.18,5.07,31.5,50.0,0.0,0.0,0.0,0,71,29.4,42.6,0,17,40.6,54.2,,3,6,6,0.15,4,11,3,3,0.11,2,2,2,2,0.04,2,,,,,,5,5,5,0.15,5,10,4,4,0.1,3,,,,,,,,,,,,,,,,,,,,,,,,,,,,,,,,,,,,,,,,,3771,折下 寛法,76期,東京,東京,52,B1,,0,0,0.15,5.18,27.0,50.0,4.37,20.0,36.6,0,41,42.0,56.0,0,12,24.2,42.4,10,3,2,2,0.08,1,8,4,4,0.17,1,6,1,1,0.12,1,,,,,,7,6,6,0.11,3,12,5,5,0.12,4,,,,,,,,,,,,,,,,,,,,,,,,,,,,,,,,,,,,,,,,,5104,山田 丈,125期,福岡,福岡,28,A2,,0,0,0.16,5.88,39.6,54.7,7.64,63.6,81.8,0,74,36.5,53.9,0,19,29.0,48.3,9,,,,,,9,1,1,0.24,1,6,2,2,0.13,2,11,4,5,0.17,2,6,6,6,0.22,5,,,,,,,,,,,,,,,,,,,,,,,,,,,,,,,,,,,,,,,,,,,,,,3432,宮迫 暢彦,65期,大阪,大阪,58,B1,,1,0,0.18,3.84,14.8,35.1,5.43,38.1,52.3,0,39,17.2,34.4,0,69,39.2,49.0,,1,1,1,0.14,1,7,2,2,0.17,2,5,5,5,0.3,6,,,,,,4,6,6,0.07,4,10,3,3,0.08,6,,,,,,,,,,,,,,,,,,,,,,,,,,,,,,,,,,,,,,,,,3385,渡邉 睦広,63期,東京,神奈川,57,A2,,0,0,0.16,5.39,37.8,51.4,5.98,46.8,59.3,0,57,23.6,49.0,0,18,30.1,43.4,11,,,,,,10,4,4,0.08,3,4,6,6,0.13,4,12,2,2,0.05,3,2,3,3,0.17,1,9,1,1,0.15,3,,,,,,,,,,,,,,,,,,,,,,,,,,,,,,,,,,,,,,,,,4508,野間 大樹,102期,大阪,大阪,37,A2,,1,0,0.18,4.89,26.9,47.6,5.57,57.1,57.1,0,14,39.6,54.7,0,24,44.4,61.9,,4,4,4,0.18,6,9,5,5,0.24,2,,,,,,8,1,1,0.26,4,6,3,3,0.29,2,12,2,2,0.16,3,,,,,,,,,,,,,,,,,,,,,,,,,,,,,,,,,,,,,,,,
202609170406,2026-09-17,04,06R,3904,森 貴洋,80期,大阪,大阪,49,B1,,0,0,0.18,4.99,32.5,53.0,5.17,37.5,54.1,0,62,44.9,63.2,0,34,28.0,50.8,11,6,3,3,0.11,1,,,,,,1,6,6,0.18,3,6,4,4,0.25,5,5,2,2,0.12,2,,,,,,,,,,,,,,,,,,,,,,,,,,,,,,,,,,,,,,,,,,,,,,4651,佐藤 大騎,108期,大阪,大阪,41,B1,,0,0,0.18,3.6,10.3,25.9,4.4,24.0,36.0,0,73,30.0,48.3,0,20,35.3,53.8,,6,1,1,0.02,3,,,,,,,,,,,10,3,3,0.07,4,1,6,6,0.25,4,11,5,5,0.09,4,,,,,,,,,,,,,,,,,,,,,,,,,,,,,,,,,,,,,,,,,5023,久永 祥平,122期,東京,神奈川,31,A2,,1,0,0.16,5.78,36.6,58.4,5.1,26.5,55.1,0,53,30.3,51.7,0,15,17.2,37.9,12,1,3,3,0.14,2,8,1,1,0.32,2,,,,,,11,5,4,0.2,6,7,2,2,0.19,4,11,6,6,0.15,5,,,,,,,,,,,,,,,,,,,,,,,,,,,,,,,,,,,,,,,,,4932,新開 航,118期,福岡,福岡,30,A1,,0,0,0.15,7.58,53.9,70.4,7.38,53.3,71.1,0,35,28.5,44.4,0,40,25.0,41.0,10,6,6,6,0.11,2,12,5,5,0.17,4,,,,,,7,3,3,0.18,2,5,4,4,0.14,4,12,1,1,0.21,2,,,,,,,,,,,,,,,,,,,,,,,,,,,,,,,,,,,,,,,,,5022,伊藤 尚汰,122期,福岡,福岡,31,B1,,0,0,0.18,4.27,28.4,37.5,4.3,16.2,39.5,0,67,16.1,33.8,0,36,29.0,54.5,1,,,,,,7,4,4,0.16,4,7,2,2,0.19,3,12,3,3,0.06,2,2,6,6,0.24,6,,,,,,,,,,,,,,,,,,,,,,,,,,,,,,,,,,,,,,,,,,,,,,4976,金山 立樹,120期,東京,神奈川,32,B1,,0,0,0.2,4.81,27.4,49.0,5.9,41.9,58.0,0,47,25.3,35.8,0,72,37.7,60.3,,5,2,2,0.08,3,,,,,,5,3,3,0.11,5,9,5,5,0.18,5,1,1,1,0.21,3,6,4,4,0.16,3,,,,,,,,,,,,,,,,,,,,,,,,,,,,,,,,,,,,,,,,
202609170407,2026-09-17,04,07R,5081,篠原 飛翔,124期,福岡,福岡,27,A2,,0,0,0.17,5.57,40.4,53.1,0.0,0.0,0.0,0,30,46.2,65.6,0,33,37.6,47.8,,2,4,4,0.15,2,8,5,5,0.2,3,,,,,,9,2,2,0.16,1,1,3,3,0.14,1,12,6,6,0.15,6,,,,,,,,,,,,,,,,,,,,,,,,,,,,,,,,,,,,,,,,,4659,木下 翔太,108期,大阪,大阪,35,A1,,0,0,0.15,7.55,55.6,74.4,7.22,48.1,74.0,0,33,34.3,50.0,0,13,33.3,42.2,12,2,3,3,0.15,1,12,6,6,0.16,2,6,5,5,0.22,4,12,1,1,0.13,1,,,,,,7,4,4,0.09,1,,,,,,,,,,,,,,,,,,,,,,,,,,,,,,,,,,,,,,,,,5209,小野 京平,129期,福岡,大分,28,B1,,0,0,0.21,3.73,13.5,33.7,2.58,0.0,16.6,0,22,14.7,29.5,0,27,15.2,30.5,,,,,,,8,6,6,0.27,4,4,1,1,0.14,5,8,4,5,0.19,5,4,2,2,0.02,5,,,,,,,,,,,,,,,,,,,,,,,,,,,,,,,,,,,,,,,,,,,,,,5253,藤井 太雅,130期,東京,東京,23,B2,,1,0,0.27,3.87,11.9,28.3,4.05,20.4,32.2,0,43,36.5,53.9,0,53,43.9,59.0,3,,,,,,,,,,,,,,,,,,,,,,,,,,,,,,,,,,,,,,,,,,,,,,,,,,,,,,,,,,,,,,,,,,,,,,,3107,平岡 重典,52期,大阪,大阪,62,B1,,0,0,0.18,3.84,14.0,26.0,4.16,12.0,32.0,0,44,17.8,33.9,0,28,29.0,56.4,1,3,1,1,0.17,6,9,3,3,0.28,5,3,1,2,0.25,5,,,,,,,,,,,9,6,6,0.09,5,,,,,,,,,,,,,,,,,,,,,,,,,,,,,,,,,,,,,,,,,5424,熊倉 幹太,137期,東京,東京,24,B2,,0,0,0.22,1.49,2.0,2.0,1.89,11.1,11.1,0,28,17.7,42.2,0,16,38.8,61.1,2,,,,,,7,6,6,0.18,6,1,4,4,0.29,6,,,,,,5,6,6,0.17,6,9,5,5,0.16,6,,,,,,,,,,,,,,,,,,,,,,,,,,,,,,,,,,,,,,,,
202609170408,2026-09-17,04,08R,3313,本吉 正樹,61期,東京,東京,61,B1,,0,0,0.18,4.12,19.3,32.2,4.28,25.0,40.6,0,24,35.4,47.9,0,59,23.2,32.1,,1,4,4,0.14,3,10,6,6,0.13,4,6,3,3,0.2,6,,,,,,3,5,5,0.11,4,10,2,2,0.09,4,,,,,,,,,,,,,,,,,,,,,,,,,,,,,,,,,,,,,,,,,4421,森作 広大,99期,東京,茨城,38,B1,,0,0,0.19,3.35,10.0,25.0,4.12,18.6,35.5,0,49,22.0,40.6,0,75,39.6,56.9,4,4,1,1,0.11,1,,,,,,3,3,5,0.14,3,10,6,6,0.24,5,4,3,3,0.02,6,12,4,4,0.16,5,,,,,,,,,,,,,,,,,,,,,,,,,,,,,,,,,,,,,,,,,4200,早川 尚人,91期,大阪,大阪,44,B1,,0,0,0.19,4.27,17.0,37.5,4.28,27.7,33.3,0,56,19.6,34.4,0,74,31.0,56.9,2,3,4,4,0.1,5,,,,,,4,2,2,0.08,3,9,6,6,0.24,4,2,5,5,0.25,3,,,,,,,,,,,,,,,,,,,,,,,,,,,,,,,,,,,,,,,,,,,,,,3951,石川 吉鎬,82期,大阪,奈良,50,B1,,1,0,0.2,4.93,24.5,43.1,6.29,47.0,70.5,0,59,24.5,43.8,0,32,38.0,52.1,,2,6,6,0.23,4,10,5,5,0.11,1,,,,,,8,2,3,0.29,2,1,2,2,0.19,6,7,1,1,0.15,6,,,,,,,,,,,,,,,,,,,,,,,,,,,,,,,,,,,,,,,,,4180,上野 秀和,90期,福岡,福岡,43,A2,,0,0,0.17,5.28,31.6,50.8,4.38,8.3,33.3,0,21,46.8,68.7,0,73,29.7,48.9,3,,,,,,7,1,1,0.21,1,3,5,6,0.15,2,9,4,4,0.14,3,,,,,,7,3,3,0.09,2,,,,,,,,,,,,,,,,,,,,,,,,,,,,,,,,,,,,,,,,,3747,國崎 良春,75期,福岡,福岡,51,A2,,0,0,0.16,5.72,37.2,60.4,5.54,41.6,54.1,0,36,35.8,58.4,0,22,30.0,46.6,,3,3,3,0.12,2,10,2,2,0.13,5,,,,,,10,4,4,0.21,3,1,5,5,0.16,2,10,1,1,0.07,1,,,,,,,,,,,,,,,,,,,,,,,,,,,,,,,,,,,,,,,,
202609170409,2026-09-17,04,09R,4610,佐藤 大佑,106期,東京,千葉,36,A1,,1,0,0.15,5.92,42.4,53.7,5.56,31.2,43.7,0,69,31.1,55.7,0,60,41.3,58.6,3,7,3,3,0.17,3,12,1,1,0.34,6,,,,,,8,5,6,0.14,1,2,2,2,0.15,2,10,5,5,0.09,2,,,,,,,,,,,,,,,,,,,,,,,,,,,,,,,,,,,,,,,,,3564,桑原 啓,70期,福岡,熊本,56,B1,,0,0,0.16,4.35,27.4,38.2,5.91,54.5,54.5,0,19,33.8,53.8,0,14,40.3,57.8,2,5,1,1,0.15,6,,,,,,1,5,5,0.17,4,8,3,4,0.22,3,3,6,6,0.12,6,,,,,,,,,,,,,,,,,,,,,,,,,,,,,,,,,,,,,,,,,,,,,,4377,濱本 優一,98期,大阪,大阪,42,A1,,0,0,0.15,5.35,34.5,53.9,5.45,41.3,58.6,0,46,43.7,66.6,0,61,30.3,46.4,,5,4,4,0.08,5,10,1,1,0.09,2,,,,,,11,6,6,0.21,5,3,2,2,0.09,1,12,3,3,0.15,1,,,,,,,,,,,,,,,,,,,,,,,,,,,,,,,,,,,,,,,,,5104,山田 丈,125期,福岡,福岡,28,A2,,0,0,0.16,5.88,39.6,54.7,7.64,63.6,81.8,0,74,36.5,53.9,0,19,29.0,48.3,5,,,,,,9,1,1,0.24,1,6,2,2,0.13,2,11,4,5,0.17,2,6,6,6,0.22,5,,,,,,,,,,,,,,,,,,,,,,,,,,,,,,,,,,,,,,,,,,,,,,3105,内山 文典,52期,東京,東京,63,B1,,0,0,0.19,5.03,32.1,50.5,5.69,36.1,52.7,0,11,36.5,51.9,0,47,36.6,53.3,4,4,3,3,0.16,5,,,,,,1,2,2,0.1,2,7,6,6,0.16,転,6,1,1,0.22,4,,,,,,,,,,,,,,,,,,,,,,,,,,,,,,,,,,,,,,,,,,,,,,4082,濱崎 誠,87期,大阪,大阪,47,B1,,1,0,0.18,5.94,42.8,64.2,6.8,60.0,70.0,0,72,23.3,40.0,0,35,42.2,52.1,1,,,,,,7,5,5,0.18,5,4,4,4,0.16,6,11,2,2,0.13,3,5,1,1,0.14,1,,,,,,,,,,,,,,,,,,,,,,,,,,,,,,,,,,,,,,,,,,,,,
202609170410,2026-09-17,04,10R,5004,河野 主樹,121期,大阪,大阪,30,A2,,1,0,0.15,5.74,38.0,57.8,5.82,39.2,64.2,0,26,38.2,61.7,0,67,40.3,56.1,,,,,,,11,4,4,0.11,3,1,3,3,0.12,1,10,2,2,0.09,1,6,5,5,0.2,1,10,6,6,0.14,5,,,,,,,,,,,,,,,,,,,,,,,,,,,,,,,,,,,,,,,,,4932,新開 航,118期,福岡,福岡,30,A1,,0,0,0.15,7.58,53.9,70.4,7.38,53.3,71.1,0,35,28.5,44.4,0,40,25.0,41.0,6,6,6,6,0.11,2,12,5,5,0.17,4,,,,,,7,3,3,0.18,2,5,4,4,0.14,4,12,1,1,0.21,2,,,,,,,,,,,,,,,,,,,,,,,,,,,,,,,,,,,,,,,,,3771,折下 寛法,76期,東京,東京,52,B1,,0,0,0.15,5.18,27.0,50.0,4.37,20.0,36.6,0,41,42.0,56.0,0,12,24.2,42.4,5,3,2,2,0.08,1,8,4,4,0.17,1,6,1,1,0.12,1,,,,,,7,6,6,0.11,3,12,5,5,0.12,4,,,,,,,,,,,,,,,,,,,,,,,,,,,,,,,,,,,,,,,,,3439,大平 誉史明,65期,大阪,大阪,57,A1,,0,0,0.16,5.88,42.3,60.3,5.83,40.0,57.5,0,54,22.4,34.4,0,11,27.4,48.3,4,4,6,6,0.19,4,12,2,2,0.22,5,2,5,5,0.12,5,9,3,3,0.16,6,,,,,,11,1,1,0.09,2,,,,,,,,,,,,,,,,,,,,,,,,,,,,,,,,,,,,,,,,,4367,山口 修路,97期,福岡,福岡,40,B1,,0,0,0.23,4.45,18.4,45.6,4.8,20.0,48.0,0,17,28.5,40.0,0,64,22.8,34.2,3,1,2,2,0.15,5,6,4,4,0.12,5,2,6,6,0.2,4,,,,,,,,,,,8,3,3,0.14,5,,,,,,,,,,,,,,,,,,,,,,,,,,,,,,,,,,,,,,,,,3857,阿波 勝哉,79期,東京,東京,53,B1,,0,0,0.21,4.88,29.0,46.2,4.87,27.8,49.1,0,51,34.7,47.8,0,37,20.5,32.3,1,5,3,3,0.07,4,,,,,,2,4,4,0.11,3,12,6,5,0.06,6,4,1,1,0.04,1,,,,,,,,,,,,,,,,,,,,,,,,,,,,,,,,,,,,,,,,,,,,,
202609170411,2026-09-17,04,11R,4769,馬場 剛,112期,東京,東京,34,A1,,0,0,0.12,6.82,52.0,66.0,6.03,46.4,60.5,0,65,28.9,43.4,0,30,39.6,60.3,,3,5,5,0.09,3,12,4,4,0.13,3,5,2,2,0.05,1,11,1,1,0.08,1,3,3,3,0.11,5,8,4,6,0.15,3,,,,,,,,,,,,,,,,,,,,,,,,,,,,,,,,,,,,,,,,,3963,原田 秀弥,82期,大阪,奈良,47,A2,,0,0,0.17,5.79,36.6,60.7,5.4,33.3,53.3,0,32,28.7,42.4,0,10,35.8,50.7,2,,,,,,8,3,3,0.18,6,5,4,4,0.17,2,12,5,6,0.22,4,,,,,,8,1,1,0.17,1,,,,,,,,,,,,,,,,,,,,,,,,,,,,,,,,,,,,,,,,,3385,渡邉 睦広,63期,東京,神奈川,57,A2,,0,0,0.16,5.39,37.8,51.4,5.98,46.8,59.3,0,57,23.6,49.0,0,18,30.1,43.4,5,,,,,,10,4,4,0.08,3,4,6,6,0.13,4,12,2,2,0.05,3,2,3,3,0.17,1,9,1,1,0.15,3,,,,,,,,,,,,,,,,,,,,,,,,,,,,,,,,,,,,,,,,,4272,大場 広孝,94期,福岡,福岡,44,B1,,0,0,0.17,4.86,28.9,44.8,4.95,26.3,47.3,0,15,34.4,51.7,0,25,51.6,61.2,,4,2,2,0.16,2,10,3,3,0.14,6,5,6,6,0.19,3,,,,,,2,1,1,0.26,5,7,5,5,0.04,5,,,,,,,,,,,,,,,,,,,,,,,,,,,,,,,,,,,,,,,,,3904,森 貴洋,80期,大阪,大阪,49,B1,,0,0,0.18,4.99,32.5,53.0,5.17,37.5,54.1,0,62,44.9,63.2,0,34,28.0,50.8,6,6,3,3,0.11,1,,,,,,1,6,6,0.18,3,6,4,4,0.25,5,5,2,2,0.12,2,,,,,,,,,,,,,,,,,,,,,,,,,,,,,,,,,,,,,,,,,,,,,,4288,永田 啓二,94期,福岡,福岡,41,A1,,0,0,0.12,7.6,64.6,79.6,7.5,63.3,80.0,0,58,47.5,65.5,0,62,30.4,60.8,,,,,,,11,1,1,0.17,1,3,2,3,0.11,1,12,4,4,0.04,5,4,5,5,0.04,2,11,2,2,0.03,1,,,,,,,,,,,,,,,,,,,,,,,,,,,,,,,,,,,,,,,,
202609170412,2026-09-17,04,12R,4659,木下 翔太,108期,大阪,大阪,35,A1,,0,0,0.15,7.55,55.6,74.4,7.22,48.1,74.0,0,33,34.3,50.0,0,13,33.3,42.2,7,2,3,3,0.15,1,12,6,6,0.16,2,6,5,5,0.22,4,12,1,1,0.13,1,,,,,,7,4,4,0.09,1,,,,,,,,,,,,,,,,,,,,,,,,,,,,,,,,,,,,,,,,,4053,芦澤 望,86期,東京,千葉,48,A2,,1,0,0.16,5.21,32.9,54.8,5.49,38.3,55.3,0,55,20.9,41.9,0,63,36.2,48.2,1,6,2,2,0.09,3,11,6,6,0.15,4,,,,,,9,1,1,0.12,2,5,3,3,0.15,3,11,4,4,0.11,3,,,,,,,,,,,,,,,,,,,,,,,,,,,,,,,,,,,,,,,,,4422,永井 亮次,99期,大阪,大阪,38,B1,,0,0,0.18,4.35,22.7,37.9,3.8,13.3,20.0,0,45,21.0,36.8,0,71,40.0,58.3,3,,,,,,8,2,2,0.27,5,2,1,1,0.05,1,7,5,5,0.16,4,3,4,4,0.13,3,,,,,,,,,,,,,,,,,,,,,,,,,,,,,,,,,,,,,,,,,,,,,,3876,中辻 崇人,79期,福岡,福岡,49,A1,,0,0,0.15,6.63,48.5,66.1,6.57,42.8,85.7,0,20,25.8,46.5,0,68,36.3,50.9,2,5,6,6,0.11,2,12,3,3,0.13,1,4,5,5,0.09,2,10,1,1,0.14,2,,,,,,9,4,4,0.28,2,,,,,,,,,,,,,,,,,,,,,,,,,,,,,,,,,,,,,,,,,5023,久永 祥平,122期,東京,神奈川,31,A2,,1,0,0.16,5.78,36.6,58.4,5.1,26.5,55.1,0,53,30.3,51.7,0,15,17.2,37.9,6,1,3,3,0.14,2,8,1,1,0.32,2,,,,,,11,5,4,0.2,6,7,2,2,0.19,4,11,6,6,0.15,5,,,,,,,,,,,,,,,,,,,,,,,,,,,,,,,,,,,,,,,,,5105,富田 恕生,125期,福岡,静岡,27,B1,,0,0,0.18,4.31,22.8,36.8,6.4,50.0,70.0,0,75,25.4,37.2,0,70,42.1,63.1,4,2,2,2,0.2,6,,,,,,1,1,1,0.13,5,11,3,3,0.16,4,,,,,,8,5,4,0.19,4,,,,,,,,,,,,,,,,,,,,,,,,,,,,,,,,,,,,,,,,
202609170501,2026-09-17,05,01R,4847,佐藤 隆太郎,115期,東京,東京,32,A1,,0,0,0.16,7.02,49.6,68.8,6.78,49.2,72.4,0,33,23.7,40.2,0,42,32.6,52.6,7,,,,,,12,3,4,0.15,3,,,,,,,,,,,,,,,,,,,,,,,,,,,,,,,,,,,,,,,,,,,,,,,,,,,,,,,,,,,,,4030,森高 一真,85期,香川,香川,48,A1,,0,0,0.14,6.75,38.0,56.2,6.96,42.3,57.6,0,75,37.0,55.0,0,66,50.4,66.3,10,4,1,1,0.09,1,,,,,,,,,,,,,,,,,,,,,,,,,,,,,,,,,,,,,,,,,,,,,,,,,,,,,,,,,,,,,,,,,,3557,太田 和美,69期,大阪,奈良,53,A1,,1,0,0.15,6.16,44.4,63.1,7.04,55.5,81.4,0,31,36.5,49.0,0,21,30.0,43.0,9,5,4,4,0.19,4,,,,,,,,,,,,,,,,,,,,,,,,,,,,,,,,,,,,,,,,,,,,,,,,,,,,,,,,,,,,,,,,,,3983,須藤 博倫,83期,埼玉,埼玉,48,A1,,0,0,0.15,6.62,46.4,67.2,6.96,59.6,73.0,0,56,32.6,44.2,0,69,44.3,56.6,11,,,,,,10,3,3,0.13,4,,,,,,,,,,,,,,,,,,,,,,,,,,,,,,,,,,,,,,,,,,,,,,,,,,,,,,,,,,,,,5026,安河内 健,122期,佐賀,佐賀,31,A1,,0,0,0.16,6.48,50.8,66.6,0.0,0.0,0.0,0,19,36.2,49.4,0,60,36.2,50.9,8,,,,,,8,4,4,0.18,5,,,,,,,,,,,,,,,,,,,,,,,,,,,,,,,,,,,,,,,,,,,,,,,,,,,,,,,,,,,,,4297,山田 哲也,95期,東京,千葉,43,A1,,1,0,0.11,6.4,45.9,64.8,6.83,52.5,71.1,0,70,33.3,50.0,0,80,34.0,45.3,6,,,,,,7,1,1,0.12,5,,,,,,,,,,,,,,,,,,,,,,,,,,,,,,,,,,,,,,,,,,,,,,,,,,,,,,,,,,,,
202609170502,2026-09-17,05,02R,4364,池永 太,97期,福岡,宮崎,41,A1,,0,0,0.13,6.2,44.6,56.3,5.89,44.4,50.0,0,71,36.8,54.3,0,32,34.9,47.5,9,,,,,,8,2,2,0.07,2,,,,,,,,,,,,,,,,,,,,,,,,,,,,,,,,,,,,,,,,,,,,,,,,,,,,,,,,,,,,,4828,松山 将吾,114期,滋賀,京都,32,A1,,1,0,0.15,6.59,49.1,66.0,6.33,46.9,65.3,0,65,35.0,50.0,0,23,28.1,42.7,11,4,3,3,0.11,2,,,,,,,,,,,,,,,,,,,,,,,,,,,,,,,,,,,,,,,,,,,,,,,,,,,,,,,,,,,,,,,,,,4500,山田 康二,102期,佐賀,佐賀,38,A1,,0,0,0.13,7.88,57.0,72.0,7.72,44.4,66.6,0,39,30.6,45.9,0,25,31.9,51.5,,3,4,4,0.08,4,10,5,5,0.13,6,,,,,,,,,,,,,,,,,,,,,,,,,,,,,,,,,,,,,,,,,,,,,,,,,,,,,,,,,,,,,4266,長田 頼宗,93期,東京,神奈川,41,A1,,0,0,0.15,7.44,53.5,70.5,6.82,52.4,65.5,0,67,40.4,47.6,0,36,35.1,53.1,10,6,3,3,0.16,5,,,,,,,,,,,,,,,,,,,,,,,,,,,,,,,,,,,,,,,,,,,,,,,,,,,,,,,,,,,,,,,,,,4571,菅 章哉,105期,徳島,徳島,38,A1,,1,0,0.14,6.19,41.8,47.6,7.38,50.0,50.0,0,73,24.4,40.4,0,43,30.4,56.5,8,,,,,,12,6,3,0.09,6,,,,,,,,,,,,,,,,,,,,,,,,,,,,,,,,,,,,,,,,,,,,,,,,,,,,,,,,,,,,,3779,原田 幸哉,76期,長崎,愛知,50,A1,,1,0,0.12,6.5,37.3,54.2,4.86,14.2,28.5,0,63,37.7,44.7,0,61,38.2,52.9,7,,,,,,9,1,1,0.04,1,,,,,,,,,,,,,,,,,,,,,,,,,,,,,,,,,,,,,,,,,,,,,,,,,,,,,,,,,,,,
202609170503,2026-09-17,05,03R,4427,秦 英悟,100期,大阪,大阪,41,A1,,0,0,0.14,7.24,58.5,73.1,2.5,0.0,0.0,0,21,34.4,50.5,0,76,42.5,56.3,10,,,,,,7,5,5,0.13,6,,,,,,,,,,,,,,,,,,,,,,,,,,,,,,,,,,,,,,,,,,,,,,,,,,,,,,,,,,,,,4238,毒島 誠,92期,群馬,群馬,42,A1,,0,0,0.15,7.89,64.2,80.0,7.74,57.1,71.4,0,66,34.6,50.0,0,27,35.2,53.3,9,,,,,,12,1,1,0.16,1,,,,,,,,,,,,,,,,,,,,,,,,,,,,,,,,,,,,,,,,,,,,,,,,,,,,,,,,,,,,,4776,竹田 和哉,112期,香川,愛媛,32,A1,,0,0,0.16,7.32,53.8,76.9,6.05,42.1,42.1,0,45,34.5,52.3,0,24,32.7,46.7,,1,2,2,0.08,3,9,6,6,0.13,4,,,,,,,,,,,,,,,,,,,,,,,,,,,,,,,,,,,,,,,,,,,,,,,,,,,,,,,,,,,,,4075,中野 次郎,86期,東京,東京,45,A1,,0,0,0.13,6.39,38.0,57.5,7.19,53.7,74.5,0,20,38.3,57.0,0,55,36.1,48.5,11,2,5,5,0.11,5,,,,,,,,,,,,,,,,,,,,,,,,,,,,,,,,,,,,,,,,,,,,,,,,,,,,,,,,,,,,,,,,,,4504,前田 将太,102期,福岡,福岡,38,A1,,0,0,0.15,6.93,52.5,70.6,5.56,22.2,44.4,0,74,29.9,48.6,0,45,38.6,58.4,7,6,4,4,0.28,6,,,,,,,,,,,,,,,,,,,,,,,,,,,,,,,,,,,,,,,,,,,,,,,,,,,,,,,,,,,,,,,,,,4398,船岡 洋一郎,98期,広島,広島,39,A1,,0,0,0.14,6.62,49.6,62.4,7.11,44.4,72.2,0,58,34.0,52.2,0,33,32.0,52.8,8,3,5,5,0.06,6,,,,,,,,,,,,,,,,,,,,,,,,,,,,,,,,,,,,,,,,,,,,,,,,,,,,,,,,,,,,,,,,,
202609170504,2026-09-17,05,04R,4604,岩瀬 裕亮,106期,愛知,愛知,38,A1,,0,0,0.14,7.42,54.2,68.9,6.97,54.8,74.1,0,46,37.0,53.0,0,48,34.7,46.7,,2,6,6,0.15,3,7,4,4,0.14,2,,,,,,,,,,,,,,,,,,,,,,,,,,,,,,,,,,,,,,,,,,,,,,,,,,,,,,,,,,,,,4908,上田 龍星,117期,大阪,大阪,31,A1,,0,0,0.15,6.82,45.2,68.2,4.78,11.1,44.4,0,14,42.7,59.3,0,77,38.8,58.3,,1,3,3,0.07,5,11,6,6,0.15,6,,,,,,,,,,,,,,,,,,,,,,,,,,,,,,,,,,,,,,,,,,,,,,,,,,,,,,,,,,,,,4715,村上 遼,110期,長崎,長崎,34,A1,,0,0,0.15,6.83,48.6,63.1,0.0,0.0,0.0,0,43,32.6,50.9,0,49,34.3,52.9,11,6,5,5,0.15,3,,,,,,,,,,,,,,,,,,,,,,,,,,,,,,,,,,,,,,,,,,,,,,,,,,,,,,,,,,,,,,,,,,4734,安河内 将,111期,佐賀,佐賀,36,A1,,0,0,0.14,7.24,56.0,76.6,5.25,12.5,37.5,0,40,31.5,47.8,0,79,40.2,52.9,,5,2,2,0.23,3,9,3,3,0.16,5,,,,,,,,,,,,,,,,,,,,,,,,,,,,,,,,,,,,,,,,,,,,,,,,,,,,,,,,,,,,,4688,永井 彪也,109期,東京,東京,33,A1,,0,0,0.13,6.87,52.7,68.5,7.23,50.0,73.8,0,41,32.1,51.1,0,53,43.2,71.1,9,3,2,2,0.09,3,,,,,,,,,,,,,,,,,,,,,,,,,,,,,,,,,,,,,,,,,,,,,,,,,,,,,,,,,,,,,,,,,,4371,西山 貴浩,97期,福岡,福岡,39,A1,,0,0,0.13,7.17,45.2,62.2,6.58,42.1,52.6,0,51,33.9,55.0,0,70,26.3,46.3,10,,,,,,12,2,2,0.17,4,,,,,,,,,,,,,,,,,,,,,,,,,,,,,,,,,,,,,,,,,,,,,,,,,,,,,,,,,,,,
202609170505,2026-09-17,05,05R,4524,深谷 知博,103期,静岡,静岡,38,A1,,1,0,0.11,6.53,35.0,56.2,7.0,52.9,64.7,0,27,42.7,58.2,0,56,35.5,45.7,,6,6,6,0.21,4,11,2,2,0.17,4,,,,,,,,,,,,,,,,,,,,,,,,,,,,,,,,,,,,,,,,,,,,,,,,,,,,,,,,,,,,,4166,吉田 拡郎,90期,岡山,岡山,44,A1,,0,0,0.12,7.63,57.1,73.0,7.81,56.2,68.7,0,36,38.3,58.5,0,50,35.5,50.9,,,,,,,12,5,6,0.04,5,,,,,,,,,,,,,,,,,,,,,,,,,,,,,,,,,,,,,,,,,,,,,,,,,,,,,,,,,,,,,4188,久田 敏之,91期,群馬,群馬,45,A1,,0,0,0.12,7.93,64.4,78.5,7.88,65.1,76.7,0,23,34.1,51.7,0,22,31.1,46.7,10,3,6,6,0.05,5,9,2,2,0.15,3,,,,,,,,,,,,,,,,,,,,,,,,,,,,,,,,,,,,,,,,,,,,,,,,,,,,,,,,,,,,,4064,原田 篤志,86期,山口,山口,46,A1,,0,0,0.17,6.32,46.9,65.5,0.0,0.0,0.0,0,54,46.0,57.8,0,37,31.3,49.0,11,5,1,1,0.13,1,,,,,,,,,,,,,,,,,,,,,,,,,,,,,,,,,,,,,,,,,,,,,,,,,,,,,,,,,,,,,,,,,,4096,石橋 道友,87期,長崎,長崎,44,A1,,0,0,0.15,6.63,50.9,61.8,0.0,0.0,0.0,0,42,37.5,51.0,0,35,31.9,53.6,9,,,,,,7,6,6,0.12,3,,,,,,,,,,,,,,,,,,,,,,,,,,,,,,,,,,,,,,,,,,,,,,,,,,,,,,,,,,,,,4335,若林 将,96期,東京,千葉,42,A1,,1,0,0.12,6.72,49.1,68.7,6.82,45.7,72.2,0,28,43.7,61.2,0,46,30.3,44.1,,1,1,1,0.04,1,8,5,5,0.14,6,,,,,,,,,,,,,,,,,,,,,,,,,,,,,,,,,,,,,,,,,,,,,,,,,,,,,,,,,,,,
202609170506,2026-09-17,05,06R,4704,河野 大,110期,徳島,徳島,38,A1,,0,0,0.14,6.35,45.3,61.1,0.0,0.0,0.0,0,61,36.6,55.4,0,26,48.6,64.2,10,5,5,5,0.17,5,,,,,,,,,,,,,,,,,,,,,,,,,,,,,,,,,,,,,,,,,,,,,,,,,,,,,,,,,,,,,,,,,,4297,山田 哲也,95期,東京,千葉,43,A1,,1,0,0.11,6.4,45.9,64.8,6.83,52.5,71.1,0,70,33.3,50.0,0,80,34.0,45.3,1,,,,,,7,1,1,0.12,5,,,,,,,,,,,,,,,,,,,,,,,,,,,,,,,,,,,,,,,,,,,,,,,,,,,,,,,,,,,,,4787,椎名 豊,113期,群馬,群馬,38,A1,,0,0,0.14,7.75,66.4,81.6,6.76,48.8,62.2,0,68,33.6,51.0,0,74,26.8,49.4,,2,1,1,0.18,2,11,5,5,0.14,5,,,,,,,,,,,,,,,,,,,,,,,,,,,,,,,,,,,,,,,,,,,,,,,,,,,,,,,,,,,,,3783,瓜生 正義,76期,福岡,福岡,50,A1,,0,0,0.15,6.74,38.3,54.8,7.68,56.0,72.0,0,32,50.4,69.5,0,68,31.6,50.0,11,,,,,,12,4,5,0.12,2,,,,,,,,,,,,,,,,,,,,,,,,,,,,,,,,,,,,,,,,,,,,,,,,,,,,,,,,,,,,,4907,小池 修平,117期,大阪,大阪,31,A1,,0,0,0.15,7.34,58.9,72.6,6.75,50.0,70.0,0,18,36.7,52.0,0,82,30.8,45.7,,4,4,4,0.11,3,10,2,2,0.12,2,,,,,,,,,,,,,,,,,,,,,,,,,,,,,,,,,,,,,,,,,,,,,,,,,,,,,,,,,,,,,3984,坂口 周,83期,三重,三重,48,A1,,0,0,0.17,6.17,38.6,63.5,6.0,46.8,61.7,0,49,41.3,59.4,0,59,32.7,47.6,,1,5,5,0.13,6,6,1,1,0.12,2,,,,,,,,,,,,,,,,,,,,,,,,,,,,,,,,,,,,,,,,,,,,,,,,,,,,,,,,,,,,
202609170507,2026-09-17,05,07R,4797,中山 将,113期,三重,三重,34,A1,,2,0,0.13,5.74,40.5,61.3,6.96,55.5,70.3,0,55,42.8,66.9,0,73,26.6,46.6,,4,6,6,0.16,6,8,3,3,0.07,3,,,,,,,,,,,,,,,,,,,,,,,,,,,,,,,,,,,,,,,,,,,,,,,,,,,,,,,,,,,,,4504,前田 将太,102期,福岡,福岡,38,A1,,0,0,0.15,6.93,52.5,70.6,5.56,22.2,44.4,0,74,29.9,48.6,0,45,38.6,58.4,3,6,4,4,0.28,6,,,,,,,,,,,,,,,,,,,,,,,,,,,,,,,,,,,,,,,,,,,,,,,,,,,,,,,,,,,,,,,,,,4847,佐藤 隆太郎,115期,東京,東京,32,A1,,0,0,0.16,7.02,49.6,68.8,6.78,49.2,72.4,0,33,23.7,40.2,0,42,32.6,52.6,1,,,,,,12,3,4,0.15,3,,,,,,,,,,,,,,,,,,,,,,,,,,,,,,,,,,,,,,,,,,,,,,,,,,,,,,,,,,,,,3779,原田 幸哉,76期,長崎,愛知,50,A1,,1,0,0.12,6.5,37.3,54.2,4.86,14.2,28.5,0,63,37.7,44.7,0,61,38.2,52.9,2,,,,,,9,1,1,0.04,1,,,,,,,,,,,,,,,,,,,,,,,,,,,,,,,,,,,,,,,,,,,,,,,,,,,,,,,,,,,,,4264,長尾 章平,93期,山口,山口,41,A1,,1,0,0.16,5.98,42.5,64.8,6.44,44.4,66.6,0,52,35.5,54.4,0,54,29.5,48.9,,1,6,6,0.15,4,7,2,2,0.11,1,,,,,,,,,,,,,,,,,,,,,,,,,,,,,,,,,,,,,,,,,,,,,,,,,,,,,,,,,,,,,4084,杉山 正樹,87期,愛知,愛知,46,A1,,0,0,0.16,6.44,42.8,63.9,6.9,44.8,72.4,0,22,22.5,39.7,0,64,42.1,53.0,,3,1,1,0.07,1,11,4,4,0.18,3,,,,,,,,,,,,,,,,,,,,,,,,,,,,,,,,,,,,,,,,,,,,,,,,,,,,,,,,,,,,
202609170508,2026-09-17,05,08R,5026,安河内 健,122期,佐賀,佐賀,31,A1,,0,0,0.16,6.48,50.8,66.6,0.0,0.0,0.0,0,19,36.2,49.4,0,60,36.2,50.9,1,,,,,,8,4,4,0.18,5,,,,,,,,,,,,,,,,,,,,,,,,,,,,,,,,,,,,,,,,,,,,,,,,,,,,,,,,,,,,,4544,松田 大志郎,104期,福岡,福岡,38,A1,,1,0,0.16,7.61,60.3,73.8,9.0,88.2,94.1,0,50,40.0,61.7,0,81,27.3,44.3,,4,5,5,0.13,4,11,1,1,0.23,1,,,,,,,,,,,,,,,,,,,,,,,,,,,,,,,,,,,,,,,,,,,,,,,,,,,,,,,,,,,,,4398,船岡 洋一郎,98期,広島,広島,39,A1,,0,0,0.14,6.62,49.6,62.4,7.11,44.4,72.2,0,58,34.0,52.2,0,33,32.0,52.8,3,3,5,5,0.06,6,,,,,,,,,,,,,,,,,,,,,,,,,,,,,,,,,,,,,,,,,,,,,,,,,,,,,,,,,,,,,,,,,,4571,菅 章哉,105期,徳島,徳島,38,A1,,1,0,0.14,6.19,41.8,47.6,7.38,50.0,50.0,0,73,24.4,40.4,0,43,30.4,56.5,2,,,,,,12,6,3,0.09,6,,,,,,,,,,,,,,,,,,,,,,,,,,,,,,,,,,,,,,,,,,,,,,,,,,,,,,,,,,,,,3952,中澤 和志,82期,埼玉,岩手,50,A1,,0,0,0.14,6.62,46.5,65.1,7.89,63.1,78.9,0,37,40.8,54.0,0,75,36.6,55.4,,2,2,2,0.19,1,9,4,4,0.13,6,,,,,,,,,,,,,,,,,,,,,,,,,,,,,,,,,,,,,,,,,,,,,,,,,,,,,,,,,,,,,4095,福来 剛,87期,東京,東京,45,A1,,2,0,0.13,6.93,56.8,70.6,7.38,58.9,78.5,0,11,34.5,50.4,0,31,31.4,52.7,,5,3,3,0.14,2,10,4,4,0.25,3,,,,,,,,,,,,,,,,,,,,,,,,,,,,,,,,,,,,,,,,,,,,,,,,,,,,,,,,,,,,
202609170509,2026-09-17,05,09R,4096,石橋 道友,87期,長崎,長崎,44,A1,,0,0,0.15,6.63,50.9,61.8,0.0,0.0,0.0,0,42,37.5,51.0,0,35,31.9,53.6,5,,,,,,7,6,6,0.12,3,,,,,,,,,,,,,,,,,,,,,,,,,,,,,,,,,,,,,,,,,,,,,,,,,,,,,,,,,,,,,4960,黒野 元基,119期,愛知,愛知,30,A1,,0,0,0.14,7.22,55.8,73.6,6.73,56.1,75.6,0,64,35.7,50.5,0,85,46.0,63.0,,1,4,4,0.06,2,10,1,1,0.05,1,,,,,,,,,,,,,,,,,,,,,,,,,,,,,,,,,,,,,,,,,,,,,,,,,,,,,,,,,,,,,4688,永井 彪也,109期,東京,東京,33,A1,,0,0,0.13,6.87,52.7,68.5,7.23,50.0,73.8,0,41,32.1,51.1,0,53,43.2,71.1,4,3,2,2,0.09,3,,,,,,,,,,,,,,,,,,,,,,,,,,,,,,,,,,,,,,,,,,,,,,,,,,,,,,,,,,,,,,,,,,4364,池永 太,97期,福岡,宮崎,41,A1,,0,0,0.13,6.2,44.6,56.3,5.89,44.4,50.0,0,71,36.8,54.3,0,32,34.9,47.5,2,,,,,,8,2,2,0.07,2,,,,,,,,,,,,,,,,,,,,,,,,,,,,,,,,,,,,,,,,,,,,,,,,,,,,,,,,,,,,,3557,太田 和美,69期,大阪,奈良,53,A1,,1,0,0.15,6.16,44.4,63.1,7.04,55.5,81.4,0,31,36.5,49.0,0,21,30.0,43.0,1,5,4,4,0.19,4,,,,,,,,,,,,,,,,,,,,,,,,,,,,,,,,,,,,,,,,,,,,,,,,,,,,,,,,,,,,,,,,,,4238,毒島 誠,92期,群馬,群馬,42,A1,,0,0,0.15,7.89,64.2,80.0,7.74,57.1,71.4,0,66,34.6,50.0,0,27,35.2,53.3,3,,,,,,12,1,1,0.16,1,,,,,,,,,,,,,,,,,,,,,,,,,,,,,,,,,,,,,,,,,,,,,,,,,,,,,,,,,,,,
202609170510,2026-09-17,05,10R,4188,久田 敏之,91期,群馬,群馬,45,A1,,0,0,0.12,7.93,64.4,78.5,7.88,65.1,76.7,0,23,34.1,51.7,0,22,31.1,46.7,5,3,6,6,0.05,5,9,2,2,0.15,3,,,,,,,,,,,,,,,,,,,,,,,,,,,,,,,,,,,,,,,,,,,,,,,,,,,,,,,,,,,,,4704,河野 大,110期,徳島,徳島,38,A1,,0,0,0.14,6.35,45.3,61.1,0.0,0.0,0.0,0,61,36.6,55.4,0,26,48.6,64.2,6,5,5,5,0.17,5,,,,,,,,,,,,,,,,,,,,,,,,,,,,,,,,,,,,,,,,,,,,,,,,,,,,,,,,,,,,,,,,,,4371,西山 貴浩,97期,福岡,福岡,39,A1,,0,0,0.13,7.17,45.2,62.2,6.58,42.1,52.6,0,51,33.9,55.0,0,70,26.3,46.3,4,,,,,,12,2,2,0.17,4,,,,,,,,,,,,,,,,,,,,,,,,,,,,,,,,,,,,,,,,,,,,,,,,,,,,,,,,,,,,,4427,秦 英悟,100期,大阪,大阪,41,A1,,0,0,0.14,7.24,58.5,73.1,2.5,0.0,0.0,0,21,34.4,50.5,0,76,42.5,56.3,3,,,,,,7,5,5,0.13,6,,,,,,,,,,,,,,,,,,,,,,,,,,,,,,,,,,,,,,,,,,,,,,,,,,,,,,,,,,,,,4266,長田 頼宗,93期,東京,神奈川,41,A1,,0,0,0.15,7.44,53.5,70.5,6.82,52.4,65.5,0,67,40.4,47.6,0,36,35.1,53.1,2,6,3,3,0.16,5,,,,,,,,,,,,,,,,,,,,,,,,,,,,,,,,,,,,,,,,,,,,,,,,,,,,,,,,,,,,,,,,,,4030,森高 一真,85期,香川,香川,48,A1,,0,0,0.14,6.75,38.0,56.2,6.96,42.3,57.6,0,75,37.0,55.0,0,66,50.4,66.3,1,4,1,1,0.09,1,,,,,,,,,,,,,,,,,,,,,,,,,,,,,,,,,,,,,,,,,,,,,,,,,,,,,,,,,,,,,,,,,
202609170511,2026-09-17,05,11R,3783,瓜生 正義,76期,福岡,福岡,50,A1,,0,0,0.15,6.74,38.3,54.8,7.68,56.0,72.0,0,32,50.4,69.5,0,68,31.6,50.0,6,,,,,,12,4,5,0.12,2,,,,,,,,,,,,,,,,,,,,,,,,,,,,,,,,,,,,,,,,,,,,,,,,,,,,,,,,,,,,,3983,須藤 博倫,83期,埼玉,埼玉,48,A1,,0,0,0.15,6.62,46.4,67.2,6.96,59.6,73.0,0,56,32.6,44.2,0,69,44.3,56.6,1,,,,,,10,3,3,0.13,4,,,,,,,,,,,,,,,,,,,,,,,,,,,,,,,,,,,,,,,,,,,,,,,,,,,,,,,,,,,,,4075,中野 次郎,86期,東京,東京,45,A1,,0,0,0.13,6.39,38.0,57.5,7.19,53.7,74.5,0,20,38.3,57.0,0,55,36.1,48.5,3,2,5,5,0.11,5,,,,,,,,,,,,,,,,,,,,,,,,,,,,,,,,,,,,,,,,,,,,,,,,,,,,,,,,,,,,,,,,,,4715,村上 遼,110期,長崎,長崎,34,A1,,0,0,0.15,6.83,48.6,63.1,0.0,0.0,0.0,0,43,32.6,50.9,0,49,34.3,52.9,4,6,5,5,0.15,3,,,,,,,,,,,,,,,,,,,,,,,,,,,,,,,,,,,,,,,,,,,,,,,,,,,,,,,,,,,,,,,,,,4828,松山 将吾,114期,滋賀,京都,32,A1,,1,0,0.15,6.59,49.1,66.0,6.33,46.9,65.3,0,65,35.0,50.0,0,23,28.1,42.7,2,4,3,3,0.11,2,,,,,,,,,,,,,,,,,,,,,,,,,,,,,,,,,,,,,,,,,,,,,,,,,,,,,,,,,,,,,,,,,,4064,原田 篤志,86期,山口,山口,46,A1,,0,0,0.17,6.32,46.9,65.5,0.0,0.0,0.0,0,54,46.0,57.8,0,37,31.3,49.0,5,5,1,1,0.13,1,,,,,,,,,,,,,,,,,,,,,,,,,,,,,,,,,,,,,,,,,,,,,,,,,,,,,,,,,,,,,,,,,
202609170512,2026-09-17,05,12R,3590,濱野谷 憲吾,70期,東京,東京,52,A1,,0,0,0.14,6.96,47.9,63.6,7.25,53.0,73.0,0,62,31.7,50.9,0,51,30.2,44.7,,5,6,6,0.16,6,11,3,3,0.17,2,,,,,,,,,,,,,,,,,,,,,,,,,,,,,,,,,,,,,,,,,,,,,,,,,,,,,,,,,,,,,4262,馬場 貴也,93期,滋賀,京都,42,A1,,0,0,0.14,7.94,54.5,74.2,6.95,57.8,57.8,0,17,39.2,58.8,0,67,30.1,45.1,,2,4,4,0.16,6,10,6,6,0.16,5,,,,,,,,,,,,,,,,,,,,,,,,,,,,,,,,,,,,,,,,,,,,,,,,,,,,,,,,,,,,,3716,石渡 鉄兵,74期,東京,千葉,51,A1,,0,0,0.12,7.0,44.9,65.1,5.03,17.6,29.4,0,53,34.0,52.5,0,72,37.8,55.3,,4,2,2,0.13,5,9,5,5,0.11,2,,,,,,,,,,,,,,,,,,,,,,,,,,,,,,,,,,,,,,,,,,,,,,,,,,,,,,,,,,,,,4719,上條 暢嵩,110期,大阪,大阪,32,A1,,0,0,0.14,7.47,47.5,65.8,7.23,50.0,53.8,0,12,30.5,50.5,0,40,31.0,48.0,,3,3,3,0.08,2,8,1,1,0.06,1,,,,,,,,,,,,,,,,,,,,,,,,,,,,,,,,,,,,,,,,,,,,,,,,,,,,,,,,,,,,,4686,丸野 一樹,109期,滋賀,京都,35,A1,,0,0,0.14,7.84,53.2,72.9,5.42,15.7,42.1,0,57,47.0,70.0,0,47,40.0,50.4,,,,,,,7,3,3,0.08,4,,,,,,,,,,,,,,,,,,,,,,,,,,,,,,,,,,,,,,,,,,,,,,,,,,,,,,,,,,,,,4573,佐藤 翼,105期,埼玉,埼玉,38,A1,,1,0,0.13,6.81,43.8,53.9,7.5,53.5,71.4,0,30,30.9,50.0,0,83,34.9,55.6,,6,2,2,0.18,1,,,,,,,,,,,,,,,,,,,,,,,,,,,,,,,,,,,,,,,,,,,,,,,,,,,,,,,,,,,,,,,,,
202609170701,2026-09-17,07,01R,5243,三馬 崇史,130期,広島,広島,26,B1,,0,0,0.17,6.03,47.3,64.5,5.63,36.8,57.8,0,40,38.8,61.1,0,30,20.0,30.0,,5,1,1,0.1,1,,,,,,2,2,2,0.16,2,10,3,3,0.25,5,5,6,6,0.15,4,12,6,5,0.15,5,5,3,2,0.07,4,10,5,5,0.12,3,,,,,,,,,,,,,,,,,,,,,,,,,,,,,,,5280,廣瀬 凜,131期,滋賀,京都,23,A1,,0,0,0.16,7.05,53.4,76.3,4.17,16.6,33.3,0,72,25.0,31.2,0,72,29.4,41.1,9,5,4,4,0.02,2,12,2,2,0.11,6,8,3,3,0.13,5,12,1,1,0.05,1,3,5,5,0.01,2,10,1,1,0.15,3,4,3,3,0.1,4,10,6,6,0.2,4,,,,,,,,,,,,,,,,,,,,,,,,,,,,,,,5332,村松 遥輝,133期,静岡,静岡,22,B1,,1,0,0.16,3.66,17.1,25.7,4.38,29.4,38.2,0,58,21.7,30.4,0,62,31.5,63.1,10,2,3,3,0.19,3,7,5,5,0.1,6,,,,,,10,2,2,0.22,3,2,6,6,0.16,1,8,4,4,0.24,4,5,1,1,0.08,2,,,,,,,,,,,,,,,,,,,,,,,,,,,,,,,,,,,,5169,堀本 翔太,127期,愛知,愛知,25,B2,,0,0,0.19,3.48,8.9,21.4,3.5,13.8,30.5,0,23,25.0,50.0,0,51,35.0,40.0,5,1,1,1,0.08,1,6,2,2,0.21,5,,,,,,8,4,4,0.11,2,2,5,5,0.27,5,6,3,3,0.16,3,,,,,,8,6,6,0.02,4,,,,,,,,,,,,,,,,,,,,,,,,,,,,,,,5266,石田 勇斗,131期,愛知,愛知,26,B1,,1,0,0.15,4.26,22.2,39.5,3.39,13.0,17.3,0,56,37.0,51.8,0,73,31.2,43.7,8,5,5,5,0.02,4,,,,,,1,1,1,0.09,4,5,5,3,0.04,3,,,,,,7,2,2,0.19,4,3,6,6,0.18,4,8,3,3,0.07,5,,,,,,,,,,,,,,,,,,,,,,,,,,,,,,,5325,澁川 夏,133期,大阪,大阪,23,B1,賞除,1,0,0.17,5.87,43.8,60.2,4.06,29.4,29.4,0,64,42.3,61.5,0,65,0.0,7.1,,4,1,1,0.22,4,,,,,,2,5,6,0.16,4,8,2,2,0.18,3,,,,,,9,6,5,0.24,4,2,4,4,0.25,3,9,3,3,0.16,2,,,,,,,,,,,,,,,,,,,,,,,,,,,,,,
202609170702,2026-09-17,07,02R,5197,中野 仁照,128期,愛知,愛知,24,B2,,1,0,0.14,5.81,39.5,60.4,6.62,51.1,73.3,0,27,17.3,43.4,0,69,35.2,47.0,11,1,3,4,0.12,3,,,,,,5,2,1,0.25,4,9,5,5,0.2,3,1,2,2,0.15,1,,,,,,1,2,2,0.15,2,11,3,3,0.15,3,,,,,,,,,,,,,,,,,,,,,,,,,,,,,,,5232,樅山 拓馬,130期,愛知,愛知,29,B1,,1,0,0.16,5.14,30.1,45.6,4.55,27.5,41.6,0,43,61.1,72.2,0,74,43.7,50.0,12,2,5,5,0.36,4,,,,,,2,1,1,0.21,1,7,2,2,0.07,6,1,3,3,0.14,3,11,4,4,0.08,5,2,3,3,0.21,2,,,,,,,,,,,,,,,,,,,,,,,,,,,,,,,,,,,,5303,土井 歩夢,132期,福岡,福岡,23,A2,,0,0,0.19,5.88,36.7,60.5,4.0,12.5,37.5,0,69,7.1,28.5,0,75,31.2,50.0,10,,,,,,7,4,4,0.11,2,6,2,2,0.13,1,11,5,5,0.06,2,6,1,1,0.09,1,10,3,3,0.08,2,5,5,6,0.17,3,12,4,4,0.22,3,,,,,,,,,,,,,,,,,,,,,,,,,,,,,,,5207,高山 敬悟,129期,福岡,福岡,29,B1,,1,0,0.16,5.27,35.9,48.7,3.0,11.1,22.2,0,76,38.8,61.1,0,57,22.2,40.7,6,6,4,4,0.16,4,,,,,,1,3,3,0.17,2,10,6,6,0.21,2,4,1,1,0.25,5,11,5,5,0.13,4,,,,,,7,2,2,0.16,5,,,,,,,,,,,,,,,,,,,,,,,,,,,,,,,5331,佐藤 永梧,133期,東京,神奈川,22,B1,,0,0,0.15,5.25,36.2,50.0,4.45,18.1,45.4,0,37,26.6,46.6,0,48,36.0,52.0,8,,,,,,8,3,3,0.21,3,1,2,2,0.15,1,7,5,5,0.11,5,4,4,4,0.38,6,10,6,6,0.09,5,4,1,1,0.08,1,,,,,,,,,,,,,,,,,,,,,,,,,,,,,,,,,,,,5256,中山 翔太,130期,三重,三重,22,A1,,2,0,0.14,5.91,43.4,55.6,6.62,42.8,71.4,0,33,48.1,62.9,0,54,36.0,52.0,9,6,5,5,0.13,2,12,3,3,0.14,5,7,1,1,0.09,1,11,4,4,0.11,4,2,2,2,0.19,2,10,5,5,0.09,1,6,1,1,0.1,1,10,4,4,0.11,2,,,,,,,,,,,,,,,,,,,,,,,,,,,,,,
202609170703,2026-09-17,07,03R,5301,岩下 巧斗,132期,群馬,群馬,23,B1,,0,0,0.15,5.29,34.3,47.9,3.65,13.0,21.7,0,35,37.5,62.5,0,60,12.5,18.7,9,3,4,4,0.12,5,10,3,6,0.07,2,4,2,2,0.04,1,,,,,,3,1,1,0.08,1,12,5,3,0.12,4,4,5,5,0.14,5,12,2,2,0.18,4,,,,,,,,,,,,,,,,,,,,,,,,,,,,,,,5214,田中 宏典,129期,佐賀,福岡,27,B1,,0,0,0.18,4.8,30.9,44.3,2.56,0.0,11.1,0,62,44.0,52.0,0,41,17.2,34.4,7,3,6,6,0.09,4,11,2,2,0.17,6,6,3,3,0.13,2,,,,,,,,,,,10,4,4,0.07,6,3,1,1,0.09,3,11,6,5,0.24,4,,,,,,,,,,,,,,,,,,,,,,,,,,,,,,,5308,藤森 拓海,132期,福岡,福岡,22,B1,,0,0,0.17,4.42,23.5,38.6,3.14,0.0,14.2,0,74,18.7,37.5,0,40,52.0,68.0,,2,2,2,0.22,6,9,6,6,0.22,3,,,,,,9,3,3,0.17,転,1,1,1,0.41,6,6,5,5,0.1,6,6,4,4,0.11,5,,,,,,,,,,,,,,,,,,,,,,,,,,,,,,,,,,,,5364,金子 怜央,135期,群馬,群馬,26,B1,,1,0,0.17,2.12,3.2,9.6,1.83,0.0,8.7,0,28,33.3,58.3,0,35,66.6,85.1,,6,6,6,0.14,6,,,,,,4,4,4,0.17,6,8,6,6,0.19,6,1,5,5,0.15,5,,,,,,1,5,5,0.14,6,7,6,6,0.15,6,,,,,,,,,,,,,,,,,,,,,,,,,,,,,,,5196,鰐部 太空海,128期,愛知,愛知,24,A1,,2,0,0.15,5.55,34.8,50.0,5.83,33.3,66.6,0,38,7.1,14.2,0,36,17.3,39.1,8,,,,,,9,5,5,0.28,6,6,1,1,0.21,6,10,4,4,0.31,6,4,2,2,0.21,4,9,5,4,0.27,6,2,6,6,0.29,6,10,3,3,0.13,6,,,,,,,,,,,,,,,,,,,,,,,,,,,,,,,5068,前田 滉,123期,愛知,愛知,26,A1,,0,0,0.14,7.94,68.0,83.5,7.62,65.6,77.7,0,45,12.5,18.7,0,50,52.0,68.0,10,8,2,2,0.19,2,12,1,1,0.15,1,4,5,5,0.11,3,9,4,4,0.16,4,5,3,3,0.03,1,11,1,1,0.12,1,3,3,3,0.01,1,12,1,1,0.21,1,,,,,,,,,,,,,,,,,,,,,,,,,,,,,,
202609170704,2026-09-17,07,04R,5178,成貞 琳平,128期,愛知,岡山,30,B1,,0,0,0.19,4.24,19.2,36.5,3.75,12.5,37.5,0,34,44.4,66.6,0,34,33.3,37.5,9,4,5,5,0.18,2,,,,,,3,1,1,0.09,1,11,3,3,0.12,5,3,4,4,0.01,3,8,2,2,0.17,1,1,4,4,0.2,3,10,2,2,0.19,5,,,,,,,,,,,,,,,,,,,,,,,,,,,,,,,5255,藤原 仙二,130期,滋賀,滋賀,22,A1,,1,0,0.18,6.64,48.1,70.0,6.69,46.8,62.5,0,57,13.0,17.3,0,76,25.0,37.5,11,6,3,3,0.18,3,11,1,1,0.19,1,6,6,6,0.18,3,12,5,4,0.09,4,,,,,,9,2,2,0.29,2,9,1,1,0.14,5,12,3,3,0.07,2,,,,,,,,,,,,,,,,,,,,,,,,,,,,,,,5246,楠 将太郎,130期,埼玉,埼玉,24,A2,,0,0,0.17,4.79,32.1,45.2,6.82,50.0,72.7,0,54,29.6,55.5,0,67,23.5,64.7,10,,,,,,8,1,1,0.12,1,4,6,6,0.24,4,10,5,5,0.18,4,,,,,,7,3,3,0.11,2,2,2,2,0.08,1,7,4,4,0.2,3,,,,,,,,,,,,,,,,,,,,,,,,,,,,,,,5337,出畑 孝成,133期,福岡,福岡,20,B1,,0,0,0.2,4.36,21.3,38.2,5.13,33.3,46.6,0,19,25.9,40.7,0,68,27.7,66.6,12,2,6,6,0.23,2,11,5,4,0.15,3,2,6,5,0.15,6,11,6,6,0.1,3,,,,,,7,5,5,0.16,転,4,6,6,0.27,6,,,,,,,,,,,,,,,,,,,,,,,,,,,,,,,,,,,,5275,松田 淳平,131期,三重,三重,24,A1,,1,0,0.13,6.49,49.0,63.8,5.17,27.7,47.2,0,24,33.3,41.6,0,71,43.7,68.7,9,2,4,4,0.24,5,10,1,1,0.09,1,,,,,,9,6,6,0.13,2,4,3,3,0.12,1,12,2,2,0.07,1,6,3,3,0.04,3,11,1,1,0.09,1,,,,,,,,,,,,,,,,,,,,,,,,,,,,,,,5411,木下 虎之輔,136期,東京,神奈川,21,B2,,0,0,0.19,2.3,5.0,13.3,1.27,0.0,0.0,0,61,9.0,31.8,0,64,16.6,27.7,,3,5,5,0.09,6,7,6,6,0.08,4,5,6,4,0.03,2,,,,,,2,4,4,0.27,落,,,,,,1,6,6,0.09,1,9,5,5,0.16,3,,,,,,,,,,,,,,,,,,,,,,,,,,,,,,
202609170705,2026-09-17,07,05R,5252,荒木 颯斗,130期,愛知,愛知,23,A2,,0,0,0.14,5.97,41.5,58.4,4.86,27.2,52.2,0,41,47.0,47.0,0,46,4.3,17.3,9,,,,,,10,4,3,0.04,3,3,4,4,0.05,3,8,1,1,0.07,1,5,5,5,0.03,3,10,2,2,0.15,4,7,3,3,0.06,1,12,6,6,0.24,6,,,,,,,,,,,,,,,,,,,,,,,,,,,,,,,5169,堀本 翔太,127期,愛知,愛知,25,B2,,0,0,0.19,3.48,8.9,21.4,3.5,13.8,30.5,0,23,25.0,50.0,0,51,35.0,40.0,1,1,1,1,0.08,1,6,2,2,0.21,5,,,,,,8,4,4,0.11,2,2,5,5,0.27,5,6,3,3,0.16,3,,,,,,8,6,6,0.02,4,,,,,,,,,,,,,,,,,,,,,,,,,,,,,,,5385,鈴木 柊介,135期,静岡,静岡,21,B1,,0,0,0.14,2.56,5.8,17.6,1.82,0.0,9.0,0,29,24.0,56.0,0,47,4.5,18.1,,,,,,,9,3,3,0.19,5,3,6,6,0.17,6,9,2,2,0.17,5,4,5,5,0.22,3,,,,,,1,1,1,0.18,5,5,6,4,0.13,5,,,,,,,,,,,,,,,,,,,,,,,,,,,,,,,5269,山口 晃朋,131期,静岡,静岡,25,A2,,0,0,0.16,6.32,49.0,60.0,5.17,36.6,50.0,0,30,45.8,66.6,0,59,27.7,44.4,10,4,4,4,0.11,1,11,3,3,0.14,2,,,,,,9,1,1,0.18,1,6,2,2,0.08,2,12,3,6,0.09,6,3,5,5,0.09,2,10,1,1,0.16,1,,,,,,,,,,,,,,,,,,,,,,,,,,,,,,,5175,島崎 丈一朗,127期,東京,東京,22,B1,,0,0,0.18,4.59,16.9,47.8,2.82,0.0,23.5,0,73,31.2,50.0,0,39,26.9,57.6,12,1,5,5,0.11,2,7,2,2,0.01,3,4,1,1,0.04,5,,,,,,3,6,6,0.05,4,9,4,3,0.27,5,6,2,2,0.07,2,,,,,,,,,,,,,,,,,,,,,,,,,,,,,,,,,,,,5221,竹間 隆晟,129期,大阪,大阪,25,A1,,0,0,0.15,6.74,50.9,68.1,6.33,48.1,62.9,0,67,48.1,51.8,0,52,18.1,36.3,11,7,1,1,0.05,1,12,5,5,0.19,3,2,4,4,0.18,3,12,3,3,0.09,2,6,4,4,0.1,4,11,2,2,0.12,3,7,1,1,0.14,2,11,2,2,0.19,2,,,,,,,,,,,,,,,,,,,,,,,,,,,,,,
202609170706,2026-09-17,07,06R,5145,島川 海輝,126期,山口,山口,23,A2,,0,0,0.16,6.18,48.8,64.4,0.0,0.0,0.0,0,60,50.0,57.6,0,37,57.6,73.0,10,6,1,1,0.19,1,10,2,5,0.11,4,5,1,2,0.29,6,,,,,,7,4,4,0.05,1,11,3,3,0.22,6,,,,,,9,4,4,0.11,1,,,,,,,,,,,,,,,,,,,,,,,,,,,,,,,5207,高山 敬悟,129期,福岡,福岡,29,B1,,1,0,0.16,5.27,35.9,48.7,3.0,11.1,22.2,0,76,38.8,61.1,0,57,22.2,40.7,2,6,4,4,0.16,4,,,,,,1,3,3,0.17,2,10,6,6,0.21,2,4,1,1,0.25,5,11,5,5,0.13,4,,,,,,7,2,2,0.16,5,,,,,,,,,,,,,,,,,,,,,,,,,,,,,,,5279,石渡 翔一郎,131期,東京,千葉,23,B1,,0,0,0.16,5.84,40.3,61.4,0.0,0.0,0.0,0,25,50.0,62.5,0,53,42.3,61.5,12,2,1,1,0.14,1,,,,,,3,2,2,0.09,4,12,6,5,0.07,5,5,4,4,0.02,6,9,3,6,0.33,1,5,4,3,0.13,6,,,,,,,,,,,,,,,,,,,,,,,,,,,,,,,,,,,,5234,塚越 海斗,130期,群馬,群馬,28,A1,,0,0,0.15,6.57,53.5,67.7,0.0,0.0,0.0,0,66,53.8,69.2,0,66,61.1,66.6,11,3,2,2,0.08,1,12,4,4,0.13,2,5,3,5,0.12,1,11,1,1,0.14,1,8,3,3,0.16,2,12,1,1,0.07,2,5,2,5,0.08,1,11,4,6,0.24,5,,,,,,,,,,,,,,,,,,,,,,,,,,,,,,,5434,藤田 康生,137期,静岡,静岡,21,B1,,1,0,0.16,3.32,10.8,28.2,1.17,0.0,0.0,0,70,41.1,64.7,0,32,15.3,30.7,,1,6,6,0.15,4,,,,,,3,5,5,0.12,5,7,6,6,0.17,4,,,,,,8,6,6,0.23,6,2,5,5,0.29,4,6,5,6,0.12,6,,,,,,,,,,,,,,,,,,,,,,,,,,,,,,,5239,上野 俊樹,130期,福岡,熊本,26,B1,賞除,1,0,0.17,5.91,37.6,65.2,5.59,20.5,64.7,0,32,48.0,56.0,0,63,41.1,64.7,,3,1,1,0.07,2,,,,,,4,3,3,0.03,2,12,2,2,0.1,3,4,6,6,0.25,2,,,,,,4,4,4,0.24,2,8,5,5,0.01,F,,,,,,,,,,,,,,,,,,,,,,,,,,,,,,
202609170707,2026-09-17,07,07R,5166,仲道 大輔,127期,愛知,愛知,26,A2,,0,0,0.16,6.06,43.6,59.7,6.13,43.6,66.6,0,55,11.5,23.0,0,58,31.5,63.1,11,,,,,,9,4,4,0.16,2,1,5,5,0.25,3,11,2,2,0.19,6,2,3,3,0.2,3,9,1,1,0.21,3,4,2,2,0.14,3,11,5,4,0.31,6,,,,,,,,,,,,,,,,,,,,,,,,,,,,,,,5240,高橋 龍治,130期,福岡,福岡,26,B1,,0,0,0.17,4.03,23.5,32.3,4.13,37.5,37.5,0,63,20.8,41.6,0,38,15.3,26.9,,1,2,2,0.08,5,8,6,6,0.21,6,6,4,4,0.14,4,,,,,,2,1,1,0.15,4,,,,,,1,3,3,0.12,4,6,6,5,0.07,4,,,,,,,,,,,,,,,,,,,,,,,,,,,,,,,5222,津田 陸翔,129期,広島,広島,25,A1,,1,0,0.17,6.27,47.5,65.0,5.0,25.0,50.0,0,39,52.9,76.4,0,31,26.9,46.1,11,4,2,2,0.2,3,12,6,6,0.2,4,3,3,3,0.08,2,10,1,1,0.24,1,7,1,1,0.14,3,12,4,4,0.06,3,8,4,4,0.05,1,12,5,5,0.23,5,,,,,,,,,,,,,,,,,,,,,,,,,,,,,,,5330,安河内鈴之介,133期,福岡,福岡,22,A2,,0,0,0.15,6.85,55.4,73.1,7.17,61.1,66.6,0,65,20.8,45.8,0,55,69.2,80.7,12,5,2,2,0.05,3,9,1,1,0.13,1,7,3,3,0.03,3,12,4,6,0.26,6,,,,,,8,5,5,0.19,3,,,,,,8,2,2,0.08,2,,,,,,,,,,,,,,,,,,,,,,,,,,,,,,,5214,田中 宏典,129期,佐賀,福岡,27,B1,,0,0,0.18,4.8,30.9,44.3,2.56,0.0,11.1,0,62,44.0,52.0,0,41,17.2,34.4,3,3,6,6,0.09,4,11,2,2,0.17,6,6,3,3,0.13,2,,,,,,,,,,,10,4,4,0.07,6,3,1,1,0.09,3,11,6,5,0.24,4,,,,,,,,,,,,,,,,,,,,,,,,,,,,,,,5128,坪井 爽佑,126期,三重,三重,29,B1,賞除,1,0,0.18,3.93,15.7,34.2,3.88,23.0,30.7,0,71,20.0,26.6,0,49,42.8,52.3,,1,4,3,0.09,6,9,2,2,0.19,4,5,4,6,0.09,5,,,,,,5,1,1,0.09,2,,,,,,3,2,2,0.01,F,7,5,5,0.15,4,,,,,,,,,,,,,,,,,,,,,,,,,,,,,,
202609170708,2026-09-17,07,08R,5134,大原 祥昌,126期,広島,広島,27,A2,,0,0,0.15,5.66,39.0,58.1,4.13,12.5,50.0,0,36,29.4,52.9,0,13,35.7,42.8,12,3,3,3,0.07,3,8,5,5,0.24,4,,,,,,7,4,4,0.09,2,3,2,2,0.01,エ,11,6,6,0.16,2,,,,,,8,1,1,0.08,3,,,,,,,,,,,,,,,,,,,,,,,,,,,,,,,5331,佐藤 永梧,133期,東京,神奈川,22,B1,,0,0,0.15,5.25,36.2,50.0,4.45,18.1,45.4,0,37,26.6,46.6,0,48,36.0,52.0,2,,,,,,8,3,3,0.21,3,1,2,2,0.15,1,7,5,5,0.11,5,4,4,4,0.38,6,10,6,6,0.09,5,4,1,1,0.08,1,,,,,,,,,,,,,,,,,,,,,,,,,,,,,,,,,,,,5196,鰐部 太空海,128期,愛知,愛知,24,A1,,2,0,0.15,5.55,34.8,50.0,5.83,33.3,66.6,0,38,7.1,14.2,0,36,17.3,39.1,3,,,,,,9,5,5,0.28,6,6,1,1,0.21,6,10,4,4,0.31,6,4,2,2,0.21,4,9,5,4,0.27,6,2,6,6,0.29,6,10,3,3,0.13,6,,,,,,,,,,,,,,,,,,,,,,,,,,,,,,,5266,石田 勇斗,131期,愛知,愛知,26,B1,,1,0,0.15,4.26,22.2,39.5,3.39,13.0,17.3,0,56,37.0,51.8,0,73,31.2,43.7,1,5,5,5,0.02,4,,,,,,1,1,1,0.09,4,5,5,3,0.04,3,,,,,,7,2,2,0.19,4,3,6,6,0.18,4,8,3,3,0.07,5,,,,,,,,,,,,,,,,,,,,,,,,,,,,,,,5432,安藤 瑠希,137期,静岡,静岡,21,B1,,0,0,0.17,3.01,8.3,17.8,3.83,0.0,50.0,0,68,50.0,61.1,0,33,25.0,35.0,,5,6,6,0.05,6,10,6,4,0.17,6,6,5,5,0.13,5,,,,,,6,6,6,0.04,5,,,,,,3,4,4,0.09,5,9,6,6,0.13,4,,,,,,,,,,,,,,,,,,,,,,,,,,,,,,,5288,尾道 佳諭,132期,埼玉,長崎,26,B1,,1,0,0.17,4.02,14.9,34.4,3.23,15.0,17.5,0,31,85.7,92.8,0,43,17.3,26.0,,5,3,3,0.02,5,11,4,5,0.21,4,1,4,4,0.16,落,,,,,,1,6,6,0.18,4,5,2,2,0.02,5,2,1,1,0.28,5,,,,,,,,,,,,,,,,,,,,,,,,,,,,,,,,,,,
202609170709,2026-09-17,07,09R,5256,中山 翔太,130期,三重,三重,22,A1,,2,0,0.14,5.91,43.4,55.6,6.62,42.8,71.4,0,33,48.1,62.9,0,54,36.0,52.0,2,6,5,5,0.13,2,12,3,3,0.14,5,7,1,1,0.09,1,11,4,4,0.11,4,2,2,2,0.19,2,10,5,5,0.09,1,6,1,1,0.1,1,10,4,4,0.11,2,,,,,,,,,,,,,,,,,,,,,,,,,,,,,,,5275,松田 淳平,131期,三重,三重,24,A1,,1,0,0.13,6.49,49.0,63.8,5.17,27.7,47.2,0,24,33.3,41.6,0,71,43.7,68.7,4,2,4,4,0.24,5,10,1,1,0.09,1,,,,,,9,6,6,0.13,2,4,3,3,0.12,1,12,2,2,0.07,1,6,3,3,0.04,3,11,1,1,0.09,1,,,,,,,,,,,,,,,,,,,,,,,,,,,,,,,5252,荒木 颯斗,130期,愛知,愛知,23,A2,,0,0,0.14,5.97,41.5,58.4,4.86,27.2,52.2,0,41,47.0,47.0,0,46,4.3,17.3,5,,,,,,10,4,3,0.04,3,3,4,4,0.05,3,8,1,1,0.07,1,5,5,5,0.03,3,10,2,2,0.15,4,7,3,3,0.06,1,12,6,6,0.24,6,,,,,,,,,,,,,,,,,,,,,,,,,,,,,,,5178,成貞 琳平,128期,愛知,岡山,30,B1,,0,0,0.19,4.24,19.2,36.5,3.75,12.5,37.5,0,34,44.4,66.6,0,34,33.3,37.5,4,4,5,5,0.18,2,,,,,,3,1,1,0.09,1,11,3,3,0.12,5,3,4,4,0.01,3,8,2,2,0.17,1,1,4,4,0.2,3,10,2,2,0.19,5,,,,,,,,,,,,,,,,,,,,,,,,,,,,,,,5280,廣瀬 凜,131期,滋賀,京都,23,A1,,0,0,0.16,7.05,53.4,76.3,4.17,16.6,33.3,0,72,25.0,31.2,0,72,29.4,41.1,1,5,4,4,0.02,2,12,2,2,0.11,6,8,3,3,0.13,5,12,1,1,0.05,1,3,5,5,0.01,2,10,1,1,0.15,3,4,3,3,0.1,4,10,6,6,0.2,4,,,,,,,,,,,,,,,,,,,,,,,,,,,,,,,5301,岩下 巧斗,132期,群馬,群馬,23,B1,,0,0,0.15,5.29,34.3,47.9,3.65,13.0,21.7,0,35,37.5,62.5,0,60,12.5,18.7,3,3,4,4,0.12,5,10,3,6,0.07,2,4,2,2,0.04,1,,,,,,3,1,1,0.08,1,12,5,3,0.12,4,4,5,5,0.14,5,12,2,2,0.18,4,,,,,,,,,,,,,,,,,,,,,,,,,,,,,,
202609170710,2026-09-17,07,10R,5303,土井 歩夢,132期,福岡,福岡,23,A2,,0,0,0.19,5.88,36.7,60.5,4.0,12.5,37.5,0,69,7.1,28.5,0,75,31.2,50.0,2,,,,,,7,4,4,0.11,2,6,2,2,0.13,1,11,5,5,0.06,2,6,1,1,0.09,1,10,3,3,0.08,2,5,5,6,0.17,3,12,4,4,0.22,3,,,,,,,,,,,,,,,,,,,,,,,,,,,,,,,5269,山口 晃朋,131期,静岡,静岡,25,A2,,0,0,0.16,6.32,49.0,60.0,5.17,36.6,50.0,0,30,45.8,66.6,0,59,27.7,44.4,5,4,4,4,0.11,1,11,3,3,0.14,2,,,,,,9,1,1,0.18,1,6,2,2,0.08,2,12,3,6,0.09,6,3,5,5,0.09,2,10,1,1,0.16,1,,,,,,,,,,,,,,,,,,,,,,,,,,,,,,,5068,前田 滉,123期,愛知,愛知,26,A1,,0,0,0.14,7.94,68.0,83.5,7.62,65.6,77.7,0,45,12.5,18.7,0,50,52.0,68.0,3,8,2,2,0.19,2,12,1,1,0.15,1,4,5,5,0.11,3,9,4,4,0.16,4,5,3,3,0.03,1,11,1,1,0.12,1,3,3,3,0.01,1,12,1,1,0.21,1,,,,,,,,,,,,,,,,,,,,,,,,,,,,,,,5246,楠 将太郎,130期,埼玉,埼玉,24,A2,,0,0,0.17,4.79,32.1,45.2,6.82,50.0,72.7,0,54,29.6,55.5,0,67,23.5,64.7,4,,,,,,8,1,1,0.12,1,4,6,6,0.24,4,10,5,5,0.18,4,,,,,,7,3,3,0.11,2,2,2,2,0.08,1,7,4,4,0.2,3,,,,,,,,,,,,,,,,,,,,,,,,,,,,,,,5145,島川 海輝,126期,山口,山口,23,A2,,0,0,0.16,6.18,48.8,64.4,0.0,0.0,0.0,0,60,50.0,57.6,0,37,57.6,73.0,6,6,1,1,0.19,1,10,2,5,0.11,4,5,1,2,0.29,6,,,,,,7,4,4,0.05,1,11,3,3,0.22,6,,,,,,9,4,4,0.11,1,,,,,,,,,,,,,,,,,,,,,,,,,,,,,,,5332,村松 遥輝,133期,静岡,静岡,22,B1,,1,0,0.16,3.66,17.1,25.7,4.38,29.4,38.2,0,58,21.7,30.4,0,62,31.5,63.1,1,2,3,3,0.19,3,7,5,5,0.1,6,,,,,,10,2,2,0.22,3,2,6,6,0.16,1,8,4,4,0.24,4,5,1,1,0.08,2,,,,,,,,,,,,,,,,,,,,,,,,,,,,,,,,,,,
202609170711,2026-09-17,07,11R,5234,塚越 海斗,130期,群馬,群馬,28,A1,,0,0,0.15,6.57,53.5,67.7,0.0,0.0,0.0,0,66,53.8,69.2,0,66,61.1,66.6,6,3,2,2,0.08,1,12,4,4,0.13,2,5,3,5,0.12,1,11,1,1,0.14,1,8,3,3,0.16,2,12,1,1,0.07,2,5,2,5,0.08,1,11,4,6,0.24,5,,,,,,,,,,,,,,,,,,,,,,,,,,,,,,,5222,津田 陸翔,129期,広島,広島,25,A1,,1,0,0.17,6.27,47.5,65.0,5.0,25.0,50.0,0,39,52.9,76.4,0,31,26.9,46.1,7,4,2,2,0.2,3,12,6,6,0.2,4,3,3,3,0.08,2,10,1,1,0.24,1,7,1,1,0.14,3,12,4,4,0.06,3,8,4,4,0.05,1,12,5,5,0.23,5,,,,,,,,,,,,,,,,,,,,,,,,,,,,,,,5221,竹間 隆晟,129期,大阪,大阪,25,A1,,0,0,0.15,6.74,50.9,68.1,6.33,48.1,62.9,0,67,48.1,51.8,0,52,18.1,36.3,5,7,1,1,0.05,1,12,5,5,0.19,3,2,4,4,0.18,3,12,3,3,0.09,2,6,4,4,0.1,4,11,2,2,0.12,3,7,1,1,0.14,2,11,2,2,0.19,2,,,,,,,,,,,,,,,,,,,,,,,,,,,,,,,5197,中野 仁照,128期,愛知,愛知,24,B2,,1,0,0.14,5.81,39.5,60.4,6.62,51.1,73.3,0,27,17.3,43.4,0,69,35.2,47.0,2,1,3,4,0.12,3,,,,,,5,2,1,0.25,4,9,5,5,0.2,3,1,2,2,0.15,1,,,,,,1,2,2,0.15,2,11,3,3,0.15,3,,,,,,,,,,,,,,,,,,,,,,,,,,,,,,,5255,藤原 仙二,130期,滋賀,滋賀,22,A1,,1,0,0.18,6.64,48.1,70.0,6.69,46.8,62.5,0,57,13.0,17.3,0,76,25.0,37.5,4,6,3,3,0.18,3,11,1,1,0.19,1,6,6,6,0.18,3,12,5,4,0.09,4,,,,,,9,2,2,0.29,2,9,1,1,0.14,5,12,3,3,0.07,2,,,,,,,,,,,,,,,,,,,,,,,,,,,,,,,5166,仲道 大輔,127期,愛知,愛知,26,A2,,0,0,0.16,6.06,43.6,59.7,6.13,43.6,66.6,0,55,11.5,23.0,0,58,31.5,63.1,7,,,,,,9,4,4,0.16,2,1,5,5,0.25,3,11,2,2,0.19,6,2,3,3,0.2,3,9,1,1,0.21,3,4,2,2,0.14,3,11,5,4,0.31,6,,,,,,,,,,,,,,,,,,,,,,,,,,,,,,
202609170712,2026-09-17,07,12R,5330,安河内鈴之介,133期,福岡,福岡,22,A2,,0,0,0.15,6.85,55.4,73.1,7.17,61.1,66.6,0,65,20.8,45.8,0,55,69.2,80.7,7,5,2,2,0.05,3,9,1,1,0.13,1,7,3,3,0.03,3,12,4,6,0.26,6,,,,,,8,5,5,0.19,3,,,,,,8,2,2,0.08,2,,,,,,,,,,,,,,,,,,,,,,,,,,,,,,,5279,石渡 翔一郎,131期,東京,千葉,23,B1,,0,0,0.16,5.84,40.3,61.4,0.0,0.0,0.0,0,25,50.0,62.5,0,53,42.3,61.5,6,2,1,1,0.14,1,,,,,,3,2,2,0.09,4,12,6,5,0.07,5,5,4,4,0.02,6,9,3,6,0.33,1,5,4,3,0.13,6,,,,,,,,,,,,,,,,,,,,,,,,,,,,,,,,,,,,5134,大原 祥昌,126期,広島,広島,27,A2,,0,0,0.15,5.66,39.0,58.1,4.13,12.5,50.0,0,36,29.4,52.9,0,13,35.7,42.8,8,3,3,3,0.07,3,8,5,5,0.24,4,,,,,,7,4,4,0.09,2,3,2,2,0.01,エ,11,6,6,0.16,2,,,,,,8,1,1,0.08,3,,,,,,,,,,,,,,,,,,,,,,,,,,,,,,,5175,島崎 丈一朗,127期,東京,東京,22,B1,,0,0,0.18,4.59,16.9,47.8,2.82,0.0,23.5,0,73,31.2,50.0,0,39,26.9,57.6,5,1,5,5,0.11,2,7,2,2,0.01,3,4,1,1,0.04,5,,,,,,3,6,6,0.05,4,9,4,3,0.27,5,6,2,2,0.07,2,,,,,,,,,,,,,,,,,,,,,,,,,,,,,,,,,,,,5337,出畑 孝成,133期,福岡,福岡,20,B1,,0,0,0.2,4.36,21.3,38.2,5.13,33.3,46.6,0,19,25.9,40.7,0,68,27.7,66.6,4,2,6,6,0.23,2,11,5,4,0.15,3,2,6,5,0.15,6,11,6,6,0.1,3,,,,,,7,5,5,0.16,転,4,6,6,0.27,6,,,,,,,,,,,,,,,,,,,,,,,,,,,,,,,,,,,,5232,樅山 拓馬,130期,愛知,愛知,29,B1,,1,0,0.16,5.14,30.1,45.6,4.55,27.5,41.6,0,43,61.1,72.2,0,74,43.7,50.0,2,2,5,5,0.36,4,,,,,,2,1,1,0.21,1,7,2,2,0.07,6,1,3,3,0.14,3,11,4,4,0.08,5,2,3,3,0.21,2,,,,,,,,,,,,,,,,,,,,,,,,,,,,,,,,,,,
202609170801,2026-09-17,08,01R,3232,山川 美由紀,57期,香川,香川,59,A2,,0,0,0.16,5.56,33.3,48.6,4.75,0.0,25.0,0,53,36.8,48.6,0,65,42.8,61.9,9,5,3,3,0.21,3,10,5,5,0.14,4,5,1,1,0.11,3,12,2,2,0.19,4,6,5,5,0.24,5,10,1,1,0.11,1,4,6,6,0.14,3,,,,,,5,3,3,0.33,4,9,4,4,0.13,1,,,,,,,,,,,,,,,,,,,,,4897,深見 亜由美,117期,愛知,愛知,34,B1,,0,0,0.21,3.71,15.3,29.4,3.22,0.0,33.3,0,36,30.9,51.8,0,29,18.6,37.2,7,3,3,3,0.09,4,11,2,2,0.19,3,5,6,6,0.24,4,,,,,,3,1,1,0.19,3,7,4,4,0.2,2,1,5,5,0.28,6,10,3,3,0.18,4,,,,,,9,6,6,0.16,3,,,,,,,,,,,,,,,,,,,,,5052,赤井 星璃菜,123期,大阪,大阪,31,B1,,0,0,0.16,4.34,24.0,36.0,0.0,0.0,0.0,0,3,45.0,61.8,0,33,22.8,40.0,9,2,6,6,0.13,4,6,3,3,0.11,5,1,4,4,0.26,5,11,2,2,0.15,5,4,1,1,0.3,5,10,5,5,0.13,5,,,,,,7,2,2,0.17,2,,,,,,7,4,4,0.01,1,,,,,,,,,,,,,,,,,,,,,5194,大久保 佑香,128期,埼玉,埼玉,25,B1,,1,0,0.18,4.54,27.6,39.4,3.25,7.1,21.4,0,1,36.1,54.9,0,44,53.0,65.3,7,2,5,5,0.1,5,9,4,4,0.26,3,2,1,1,0.17,4,9,3,3,0.11,4,2,6,6,0.08,1,11,2,2,0.1,3,6,3,3,0.32,6,,,,,,2,3,3,0.15,4,6,2,2,0.15,2,,,,,,,,,,,,,,,,,,,,,5438,星田 夢結,137期,福岡,福岡,21,B2,,0,0,0.22,1.56,0.0,1.6,0.0,0.0,0.0,0,5,35.5,55.6,0,45,24.4,44.4,8,3,6,4,0.13,6,9,6,6,0.14,6,4,6,6,0.12,6,,,,,,4,4,4,0.14,4,9,5,5,0.08,6,2,4,4,0.19,6,6,6,5,0.06,4,6,4,4,0.34,5,,,,,,,,,,,,,,,,,,,,,,,,,,5078,山川 波乙,124期,三重,三重,28,B1,賞除,1,0,0.19,4.48,23.4,41.9,5.13,37.5,50.0,0,30,44.1,63.0,0,67,40.4,59.5,,3,1,1,0.19,3,7,3,3,0.09,3,1,6,6,0.25,4,7,2,2,0.09,2,5,4,4,0.11,5,,,,,,5,2,2,0.01,F,10,5,5,0.13,3,2,6,6,0.25,5,,,,,,,,,,,,,,,,,,,,,,,,,
202609170802,2026-09-17,08,02R,4909,薮内 瑞希,117期,岡山,岡山,30,B1,,1,0,0.16,4.72,32.0,43.5,5.61,32.1,53.5,0,41,35.0,50.2,0,53,36.9,47.8,11,2,2,2,0.19,2,11,6,6,0.13,4,3,4,5,0.2,2,9,1,1,0.08,1,5,3,3,0.12,3,,,,,,1,4,4,0.16,5,9,2,2,0.22,3,3,2,2,0.17,2,11,5,5,0.25,5,,,,,,,,,,,,,,,,,,,,,4479,矢野 真梨菜,101期,山口,福岡,38,B1,,0,0,0.19,3.72,14.7,23.5,0.0,0.0,0.0,0,9,40.4,56.5,0,55,38.7,57.1,7,1,6,6,0.22,4,10,3,3,0.07,5,6,4,4,0.22,3,,,,,,1,5,5,0.22,3,6,2,2,0.2,2,2,1,1,0.12,2,12,2,2,0.06,5,1,4,4,0.23,5,7,3,3,0.12,6,,,,,,,,,,,,,,,,,,,,,5182,宮崎 安奈,128期,埼玉,埼玉,28,B1,,0,0,0.14,4.07,21.7,34.7,4.22,16.6,38.8,0,56,29.8,49.2,0,77,31.4,40.7,6,5,5,5,0.07,5,9,2,2,0.21,1,3,5,6,0.19,5,7,3,3,0.18,4,7,1,1,0.06,5,11,3,3,0.13,4,5,4,4,0.3,4,,,,,,3,5,5,0.12,5,8,2,2,0.19,4,,,,,,,,,,,,,,,,,,,,,5347,井澤 聖奈,134期,愛知,長野,22,B2,,0,0,0.21,1.5,0.0,1.5,1.42,0.0,2.2,0,25,30.2,50.0,0,49,18.5,37.0,8,,,,,,8,1,1,0.33,2,5,3,3,0.38,5,9,4,4,0.12,5,3,4,4,0.19,5,10,2,2,0.1,4,2,6,6,0.22,5,7,5,5,0.16,4,5,6,6,0.14,6,,,,,,,,,,,,,,,,,,,,,,,,,,5365,石村 日奈那,135期,東京,東京,25,B1,,1,0,0.19,3.0,13.5,17.5,0.0,0.0,0.0,0,54,30.0,47.8,0,39,47.8,60.8,8,1,3,3,0.14,6,9,5,5,0.43,5,,,,,,8,1,1,0.38,4,1,2,2,0.18,5,10,4,4,0.12,6,1,6,6,0.19,3,8,3,3,0.29,6,,,,,,9,3,3,0.22,4,,,,,,,,,,,,,,,,,,,,,5439,志賀 美優,137期,愛知,愛知,20,B2,,0,0,0.21,1.45,0.0,3.2,1.45,0.0,0.0,0,31,39.8,53.5,0,71,38.7,61.2,6,6,6,6,0.45,6,,,,,,3,6,4,0.28,6,8,5,5,0.2,6,6,6,6,0.27,6,,,,,,4,4,4,0.17,6,8,5,5,0.13,5,2,5,5,0.19,6,8,4,4,0.16,3,,,,,,,,,,,,,,,,,,,,
202609170803,2026-09-17,08,03R,5346,中村 紋夕梨,134期,愛知,愛知,23,B1,,0,0,0.22,3.13,6.9,18.0,1.44,0.0,3.8,0,7,36.9,53.4,0,28,31.1,48.8,8,,,,,,7,5,5,0.13,6,3,2,2,0.06,3,10,4,4,0.16,5,2,2,2,0.13,3,9,3,3,0.15,5,4,1,1,0.09,4,9,4,4,0.26,5,3,6,6,0.14,4,,,,,,,,,,,,,,,,,,,,,,,,,,5079,大石 真央,124期,静岡,静岡,28,B1,,1,0,0.17,5.07,29.2,51.2,4.03,25.8,32.2,0,16,38.9,56.9,0,20,30.6,48.9,10,6,4,4,0.07,2,,,,,,4,5,5,0.26,5,10,2,2,0.19,3,4,3,3,0.16,2,8,1,1,0.09,1,3,2,2,0.06,3,12,6,6,0.1,6,7,1,1,0.14,5,11,6,6,0.28,6,,,,,,,,,,,,,,,,,,,,,5254,羽田 妃希,130期,愛知,愛知,23,B1,,0,0,0.22,3.33,7.2,25.4,3.41,19.6,27.4,0,35,41.9,61.0,0,31,13.7,34.4,9,6,2,2,0.28,3,10,4,4,0.13,3,4,1,1,0.38,4,11,3,3,0.32,3,1,6,6,0.25,4,7,5,5,0.28,3,6,2,2,0.19,5,,,,,,2,2,2,0.19,2,7,5,5,0.07,4,,,,,,,,,,,,,,,,,,,,,5203,神里 琴音,128期,福岡,沖縄,22,B1,,0,0,0.16,5.2,27.8,51.9,5.0,23.0,50.0,0,40,33.3,49.7,0,11,34.7,52.1,7,,,,,,7,1,1,0.11,2,1,2,2,0.06,1,6,5,5,0.17,5,6,3,3,0.13,4,11,6,6,0.09,6,3,3,3,0.12,2,7,4,4,0.19,5,4,3,3,0.17,2,8,5,5,0.12,6,,,,,,,,,,,,,,,,,,,,,4045,佐々木 裕美,85期,山口,山口,46,B1,,0,0,0.17,4.8,32.5,44.1,5.31,25.0,50.0,0,50,33.4,49.5,0,41,22.2,42.2,8,4,2,2,0.23,2,8,6,6,0.27,5,3,3,3,0.1,4,,,,,,3,3,3,0.17,2,12,2,2,0.2,5,2,5,5,0.18,4,9,1,1,0.24,1,1,3,3,0.22,2,9,1,1,0.23,6,,,,,,,,,,,,,,,,,,,,,5436,市川 瑚幸,137期,東京,神奈川,21,B2,,0,0,0.22,1.49,0.0,2.6,1.12,0.0,0.0,0,59,40.7,57.8,0,62,23.9,41.3,7,4,6,6,0.22,5,,,,,,1,5,5,0.17,6,5,4,4,0.23,6,1,4,4,0.15,6,,,,,,3,5,5,0.47,6,10,4,4,0.12,6,4,4,4,0.18,6,9,5,5,0.15,5,,,,,,,,,,,,,,,,,,,,
202609170804,2026-09-17,08,04R,5272,松田 真実,131期,愛知,愛知,25,B1,,0,0,0.19,4.98,30.0,45.5,2.71,11.2,19.3,0,51,35.9,52.3,0,23,48.7,68.2,10,4,1,1,0.22,1,11,3,3,0.14,6,4,4,4,0.3,3,8,6,6,0.21,3,,,,,,9,2,2,0.1,2,3,4,4,0.17,5,11,3,3,0.18,2,5,2,2,0.24,5,10,5,5,0.13,5,,,,,,,,,,,,,,,,,,,,,4534,坂 咲友理,103期,大阪,奈良,36,B1,,0,0,0.21,3.93,17.2,32.7,3.65,23.5,23.5,0,24,32.3,48.6,0,32,48.6,67.5,11,1,2,2,0.21,2,8,4,4,0.26,6,,,,,,8,3,3,0.19,2,2,1,1,0.19,2,8,4,5,0.23,4,1,2,2,0.18,1,6,5,6,0.1,2,3,1,1,0.22,1,12,4,4,0.15,6,,,,,,,,,,,,,,,,,,,,,5129,山口 真喜子,126期,長崎,長崎,29,A2,,0,0,0.17,5.95,41.2,58.7,6.48,52.0,60.0,0,13,34.1,49.7,0,40,36.1,55.3,9,5,6,6,0.12,6,,,,,,1,1,1,0.2,3,9,2,2,0.04,2,4,5,5,0.1,3,12,4,4,0.07,1,5,3,3,0.02,2,11,4,4,0.11,3,1,1,1,0.18,1,7,2,2,0.22,3,,,,,,,,,,,,,,,,,,,,,4190,長嶋 万記,91期,静岡,静岡,45,B2,,1,0,0.16,6.66,45.4,70.4,6.5,45.0,65.0,0,29,34.4,58.8,0,63,35.2,52.9,10,,,,,,12,2,2,0.14,2,4,3,3,0.19,2,9,5,5,0.12,3,5,1,1,0.17,2,12,3,3,0.32,3,7,6,6,0.15,6,12,4,4,0.08,3,5,1,1,0.21,3,11,4,4,0.19,3,,,,,,,,,,,,,,,,,,,,,5297,南 彩寧,132期,兵庫,兵庫,24,B1,,0,0,0.22,3.89,18.6,30.7,1.25,0.0,0.0,0,37,32.8,49.3,0,17,25.6,43.5,8,4,3,3,0.23,6,,,,,,2,4,4,0.23,5,11,6,6,0.21,6,3,5,5,0.15,6,9,1,1,0.06,1,4,3,3,0.15,5,10,2,2,0.16,5,4,2,2,0.22,5,,,,,,,,,,,,,,,,,,,,,,,,,,5357,田中 瀬里奈,134期,埼玉,北海道,21,B2,賞除,1,0,0.19,1.63,0.0,2.6,1.37,0.0,0.0,0,10,43.9,58.0,0,24,36.9,50.0,,2,4,4,0.13,6,10,6,6,0.09,F,,,,,,7,6,6,0.13,5,,,,,,8,5,6,0.22,5,5,6,6,0.36,5,,,,,,6,6,6,0.43,6,,,,,,,,,,,,,,,,,,,,,,,,,
202609170805,2026-09-17,08,05R,4433,川野 芽唯,100期,福岡,福岡,40,A1,,0,0,0.17,7.21,55.9,75.3,5.75,25.0,50.0,0,19,34.9,55.0,0,58,34.0,46.0,11,4,5,5,0.19,3,9,3,3,0.26,2,,,,,,12,1,1,0.15,1,5,2,2,0.16,1,9,6,6,0.11,3,5,1,1,0.06,1,12,5,5,0.11,4,6,5,5,0.42,3,10,2,2,0.13,4,,,,,,,,,,,,,,,,,,,,,5146,野田 彩加,126期,山口,山口,23,A2,,0,0,0.16,5.11,32.5,51.8,4.92,16.6,37.5,0,17,30.3,46.5,0,73,46.9,67.3,11,2,3,3,0.13,3,7,6,6,0.18,5,4,2,2,0.2,1,12,5,5,0.18,5,1,1,1,0.1,1,9,4,4,0.11,4,,,,,,7,3,3,0.23,3,6,1,1,0.15,1,12,5,5,0.12,5,,,,,,,,,,,,,,,,,,,,,5324,畑田 希咲,133期,兵庫,兵庫,23,B1,,0,0,0.21,3.09,4.4,16.1,1.12,0.0,0.0,0,52,34.4,51.3,0,35,37.5,47.9,9,3,2,2,0.19,5,,,,,,2,5,5,0.24,6,8,4,4,0.2,5,4,6,6,0.16,6,,,,,,1,3,3,0.16,4,7,1,1,0.14,1,1,2,2,0.25,4,8,3,3,0.27,5,,,,,,,,,,,,,,,,,,,,,5230,石原 凪紗,129期,愛知,岐阜,23,B1,賞除,0,0,0.2,4.77,31.5,43.2,4.02,26.6,35.5,0,47,34.9,54.1,0,50,34.7,43.4,,2,1,1,0.16,1,8,3,3,0.21,4,6,2,2,0.35,4,11,5,5,0.16,4,1,3,3,0.12,2,8,3,4,0.27,3,,,,,,8,6,6,0.21,3,8,1,1,0.14,1,12,6,6,0.15,4,,,,,,,,,,,,,,,,,,,,,5251,沼田 七華,130期,福井,石川,24,B2,,0,0,0.17,2.53,2.7,13.8,1.56,0.0,0.0,0,14,46.8,62.9,0,61,15.2,34.7,9,1,4,4,0.09,5,5,1,1,0.13,2,6,3,3,0.44,6,,,,,,2,5,5,0.08,5,7,2,2,0.17,4,4,2,2,0.14,2,11,6,6,0.13,5,1,5,5,0.17,3,6,3,3,0.2,4,,,,,,,,,,,,,,,,,,,,,4938,小芦 るり華,118期,佐賀,佐賀,29,A1,,0,0,0.14,6.55,47.6,67.4,5.5,25.0,56.2,0,8,33.6,50.2,0,14,42.8,66.6,10,8,5,5,0.22,3,12,3,3,0.12,4,5,2,2,0.09,1,10,1,1,0.16,1,,,,,,12,1,1,0.14,2,3,6,6,0.22,4,9,5,5,0.26,4,2,4,4,0.15,3,10,3,3,0.1,3,,,,,,,,,,,,,,,,,,,,
202609170806,2026-09-17,08,06R,4556,竹井 奈美,104期,福岡,福岡,37,A1,,0,0,0.16,6.67,52.1,67.3,5.89,44.4,55.5,0,4,30.0,44.7,0,57,40.0,58.0,10,6,5,5,0.12,1,11,1,1,0.1,1,8,2,2,0.14,1,12,3,3,0.22,3,,,,,,10,6,6,0.29,3,6,1,1,0.11,3,11,5,5,0.1,6,3,4,4,0.11,6,11,2,3,0.2,4,,,,,,,,,,,,,,,,,,,,,5182,宮崎 安奈,128期,埼玉,埼玉,28,B1,,0,0,0.14,4.07,21.7,34.7,4.22,16.6,38.8,0,56,29.8,49.2,0,77,31.4,40.7,2,5,5,5,0.07,5,9,2,2,0.21,1,3,5,6,0.19,5,7,3,3,0.18,4,7,1,1,0.06,5,11,3,3,0.13,4,5,4,4,0.3,4,,,,,,3,5,5,0.12,5,8,2,2,0.19,4,,,,,,,,,,,,,,,,,,,,,4941,孫崎 百世,119期,滋賀,北海道,37,B1,,0,0,0.21,4.57,27.1,38.2,4.71,29.4,47.0,0,12,41.3,60.0,0,51,22.2,33.3,10,4,4,4,0.22,4,10,2,2,0.29,2,1,3,3,0.12,2,10,6,6,0.18,6,3,2,2,0.17,1,11,5,5,0.19,5,,,,,,8,1,1,0.25,2,4,1,1,0.21,1,10,6,6,0.24,6,,,,,,,,,,,,,,,,,,,,,5155,内山 七海,127期,福岡,福岡,29,A2,,0,0,0.15,6.16,42.8,62.5,3.33,0.0,0.0,0,60,33.1,50.4,0,12,12.7,36.1,11,6,1,1,0.15,4,12,5,5,0.16,6,2,3,3,0.28,2,6,6,6,0.2,2,5,5,5,0.14,6,,,,,,1,1,1,0.1,2,11,2,2,0.16,4,5,4,4,0.09,1,9,2,2,0.22,2,,,,,,,,,,,,,,,,,,,,,5439,志賀 美優,137期,愛知,愛知,20,B2,,0,0,0.21,1.45,0.0,3.2,1.45,0.0,0.0,0,31,39.8,53.5,0,71,38.7,61.2,2,6,6,6,0.45,6,,,,,,3,6,4,0.28,6,8,5,5,0.2,6,6,6,6,0.27,6,,,,,,4,4,4,0.17,6,8,5,5,0.13,5,2,5,5,0.19,6,8,4,4,0.16,3,,,,,,,,,,,,,,,,,,,,,4765,野田部 宏子,112期,福岡,福岡,36,B1,賞除,2,0,0.13,3.87,15.4,30.9,3.75,12.5,25.0,0,42,38.6,54.8,0,16,29.7,46.8,,5,2,2,0.11,4,11,5,5,0.13,5,,,,,,7,1,1,0.01,F,,,,,,7,6,6,0.26,6,,,,,,9,6,6,0.26,6,1,6,6,0.19,6,,,,,,,,,,,,,,,,,,,,,,,,,
202609170807,2026-09-17,08,07R,4897,深見 亜由美,117期,愛知,愛知,34,B1,,0,0,0.21,3.71,15.3,29.4,3.22,0.0,33.3,0,36,30.9,51.8,0,29,18.6,37.2,1,3,3,3,0.09,4,11,2,2,0.19,3,5,6,6,0.24,4,,,,,,3,1,1,0.19,3,7,4,4,0.2,2,1,5,5,0.28,6,10,3,3,0.18,4,,,,,,9,6,6,0.16,3,,,,,,,,,,,,,,,,,,,,,5203,神里 琴音,128期,福岡,沖縄,22,B1,,0,0,0.16,5.2,27.8,51.9,5.0,23.0,50.0,0,40,33.3,49.7,0,11,34.7,52.1,3,,,,,,7,1,1,0.11,2,1,2,2,0.06,1,6,5,5,0.17,5,6,3,3,0.13,4,11,6,6,0.09,6,3,3,3,0.12,2,7,4,4,0.19,5,4,3,3,0.17,2,8,5,5,0.12,6,,,,,,,,,,,,,,,,,,,,,4479,矢野 真梨菜,101期,山口,福岡,38,B1,,0,0,0.19,3.72,14.7,23.5,0.0,0.0,0.0,0,9,40.4,56.5,0,55,38.7,57.1,2,1,6,6,0.22,4,10,3,3,0.07,5,6,4,4,0.22,3,,,,,,1,5,5,0.22,3,6,2,2,0.2,2,2,1,1,0.12,2,12,2,2,0.06,5,1,4,4,0.23,5,7,3,3,0.12,6,,,,,,,,,,,,,,,,,,,,,5436,市川 瑚幸,137期,東京,神奈川,21,B2,,0,0,0.22,1.49,0.0,2.6,1.12,0.0,0.0,0,59,40.7,57.8,0,62,23.9,41.3,3,4,6,6,0.22,5,,,,,,1,5,5,0.17,6,5,4,4,0.23,6,1,4,4,0.15,6,,,,,,3,5,5,0.47,6,10,4,4,0.12,6,4,4,4,0.18,6,9,5,5,0.15,5,,,,,,,,,,,,,,,,,,,,,5194,大久保 佑香,128期,埼玉,埼玉,25,B1,,1,0,0.18,4.54,27.6,39.4,3.25,7.1,21.4,0,1,36.1,54.9,0,44,53.0,65.3,1,2,5,5,0.1,5,9,4,4,0.26,3,2,1,1,0.17,4,9,3,3,0.11,4,2,6,6,0.08,1,11,2,2,0.1,3,6,3,3,0.32,6,,,,,,2,3,3,0.15,4,6,2,2,0.15,2,,,,,,,,,,,,,,,,,,,,,4825,倉持 莉々,114期,東京,茨城,32,A1,,0,0,0.14,7.16,56.1,74.8,0.0,0.0,0.0,0,55,28.4,46.4,0,54,17.3,41.3,11,,,,,,12,4,4,0.12,3,6,1,1,0.15,1,10,5,5,0.16,4,3,6,6,0.13,4,8,2,2,0.13,2,8,4,4,0.12,1,12,1,1,0.04,1,5,5,5,0.07,2,12,2,2,0.1,3,,,,,,,,,,,,,,,,,,,,
202609170808,2026-09-17,08,08R,5347,井澤 聖奈,134期,愛知,長野,22,B2,,0,0,0.21,1.5,0.0,1.5,1.42,0.0,2.2,0,25,30.2,50.0,0,49,18.5,37.0,2,,,,,,8,1,1,0.33,2,5,3,3,0.38,5,9,4,4,0.12,5,3,4,4,0.19,5,10,2,2,0.1,4,2,6,6,0.22,5,7,5,5,0.16,4,5,6,6,0.14,6,,,,,,,,,,,,,,,,,,,,,,,,,,5365,石村 日奈那,135期,東京,東京,25,B1,,1,0,0.19,3.0,13.5,17.5,0.0,0.0,0.0,0,54,30.0,47.8,0,39,47.8,60.8,2,1,3,3,0.14,6,9,5,5,0.43,5,,,,,,8,1,1,0.38,4,1,2,2,0.18,5,10,4,4,0.12,6,1,6,6,0.19,3,8,3,3,0.29,6,,,,,,9,3,3,0.22,4,,,,,,,,,,,,,,,,,,,,,5297,南 彩寧,132期,兵庫,兵庫,24,B1,,0,0,0.22,3.89,18.6,30.7,1.25,0.0,0.0,0,37,32.8,49.3,0,17,25.6,43.5,4,4,3,3,0.23,6,,,,,,2,4,4,0.23,5,11,6,6,0.21,6,3,5,5,0.15,6,9,1,1,0.06,1,4,3,3,0.15,5,10,2,2,0.16,5,4,2,2,0.22,5,,,,,,,,,,,,,,,,,,,,,,,,,,4045,佐々木 裕美,85期,山口,山口,46,B1,,0,0,0.17,4.8,32.5,44.1,5.31,25.0,50.0,0,50,33.4,49.5,0,41,22.2,42.2,3,4,2,2,0.23,2,8,6,6,0.27,5,3,3,3,0.1,4,,,,,,3,3,3,0.17,2,12,2,2,0.2,5,2,5,5,0.18,4,9,1,1,0.24,1,1,3,3,0.22,2,9,1,1,0.23,6,,,,,,,,,,,,,,,,,,,,,5346,中村 紋夕梨,134期,愛知,愛知,23,B1,,0,0,0.22,3.13,6.9,18.0,1.44,0.0,3.8,0,7,36.9,53.4,0,28,31.1,48.8,3,,,,,,7,5,5,0.13,6,3,2,2,0.06,3,10,4,4,0.16,5,2,2,2,0.13,3,9,3,3,0.15,5,4,1,1,0.09,4,9,4,4,0.26,5,3,6,6,0.14,4,,,,,,,,,,,,,,,,,,,,,,,,,,5438,星田 夢結,137期,福岡,福岡,21,B2,,0,0,0.22,1.56,0.0,1.6,0.0,0.0,0.0,0,5,35.5,55.6,0,45,24.4,44.4,1,3,6,4,0.13,6,9,6,6,0.14,6,4,6,6,0.12,6,,,,,,4,4,4,0.14,4,9,5,5,0.08,6,2,4,4,0.19,6,6,6,5,0.06,4,6,4,4,0.34,5,,,,,,,,,,,,,,,,,,,,,,,,,
202609170809,2026-09-17,08,09R,5254,羽田 妃希,130期,愛知,愛知,23,B1,,0,0,0.22,3.33,7.2,25.4,3.41,19.6,27.4,0,35,41.9,61.0,0,31,13.7,34.4,3,6,2,2,0.28,3,10,4,4,0.13,3,4,1,1,0.38,4,11,3,3,0.32,3,1,6,6,0.25,4,7,5,5,0.28,3,6,2,2,0.19,5,,,,,,2,2,2,0.19,2,7,5,5,0.07,4,,,,,,,,,,,,,,,,,,,,,5251,沼田 七華,130期,福井,石川,24,B2,,0,0,0.17,2.53,2.7,13.8,1.56,0.0,0.0,0,14,46.8,62.9,0,61,15.2,34.7,5,1,4,4,0.09,5,5,1,1,0.13,2,6,3,3,0.44,6,,,,,,2,5,5,0.08,5,7,2,2,0.17,4,4,2,2,0.14,2,11,6,6,0.13,5,1,5,5,0.17,3,6,3,3,0.2,4,,,,,,,,,,,,,,,,,,,,,3232,山川 美由紀,57期,香川,香川,59,A2,,0,0,0.16,5.56,33.3,48.6,4.75,0.0,25.0,0,53,36.8,48.6,0,65,42.8,61.9,1,5,3,3,0.21,3,10,5,5,0.14,4,5,1,1,0.11,3,12,2,2,0.19,4,6,5,5,0.24,5,10,1,1,0.11,1,4,6,6,0.14,3,,,,,,5,3,3,0.33,4,9,4,4,0.13,1,,,,,,,,,,,,,,,,,,,,,5324,畑田 希咲,133期,兵庫,兵庫,23,B1,,0,0,0.21,3.09,4.4,16.1,1.12,0.0,0.0,0,52,34.4,51.3,0,35,37.5,47.9,5,3,2,2,0.19,5,,,,,,2,5,5,0.24,6,8,4,4,0.2,5,4,6,6,0.16,6,,,,,,1,3,3,0.16,4,7,1,1,0.14,1,1,2,2,0.25,4,8,3,3,0.27,5,,,,,,,,,,,,,,,,,,,,,5052,赤井 星璃菜,123期,大阪,大阪,31,B1,,0,0,0.16,4.34,24.0,36.0,0.0,0.0,0.0,0,3,45.0,61.8,0,33,22.8,40.0,1,2,6,6,0.13,4,6,3,3,0.11,5,1,4,4,0.26,5,11,2,2,0.15,5,4,1,1,0.3,5,10,5,5,0.13,5,,,,,,7,2,2,0.17,2,,,,,,7,4,4,0.01,1,,,,,,,,,,,,,,,,,,,,,5129,山口 真喜子,126期,長崎,長崎,29,A2,,0,0,0.17,5.95,41.2,58.7,6.48,52.0,60.0,0,13,34.1,49.7,0,40,36.1,55.3,4,5,6,6,0.12,6,,,,,,1,1,1,0.2,3,9,2,2,0.04,2,4,5,5,0.1,3,12,4,4,0.07,1,5,3,3,0.02,2,11,4,4,0.11,3,1,1,1,0.18,1,7,2,2,0.22,3,,,,,,,,,,,,,,,,,,,,
202609170810,2026-09-17,08,10R,4938,小芦 るり華,118期,佐賀,佐賀,29,A1,,0,0,0.14,6.55,47.6,67.4,5.5,25.0,56.2,0,8,33.6,50.2,0,14,42.8,66.6,5,8,5,5,0.22,3,12,3,3,0.12,4,5,2,2,0.09,1,10,1,1,0.16,1,,,,,,12,1,1,0.14,2,3,6,6,0.22,4,9,5,5,0.26,4,2,4,4,0.15,3,10,3,3,0.1,3,,,,,,,,,,,,,,,,,,,,,4190,長嶋 万記,91期,静岡,静岡,45,B2,,1,0,0.16,6.66,45.4,70.4,6.5,45.0,65.0,0,29,34.4,58.8,0,63,35.2,52.9,4,,,,,,12,2,2,0.14,2,4,3,3,0.19,2,9,5,5,0.12,3,5,1,1,0.17,2,12,3,3,0.32,3,7,6,6,0.15,6,12,4,4,0.08,3,5,1,1,0.21,3,11,4,4,0.19,3,,,,,,,,,,,,,,,,,,,,,4556,竹井 奈美,104期,福岡,福岡,37,A1,,0,0,0.16,6.67,52.1,67.3,5.89,44.4,55.5,0,4,30.0,44.7,0,57,40.0,58.0,6,6,5,5,0.12,1,11,1,1,0.1,1,8,2,2,0.14,1,12,3,3,0.22,3,,,,,,10,6,6,0.29,3,6,1,1,0.11,3,11,5,5,0.1,6,3,4,4,0.11,6,11,2,3,0.2,4,,,,,,,,,,,,,,,,,,,,,5272,松田 真実,131期,愛知,愛知,25,B1,,0,0,0.19,4.98,30.0,45.5,2.71,11.2,19.3,0,51,35.9,52.3,0,23,48.7,68.2,4,4,1,1,0.22,1,11,3,3,0.14,6,4,4,4,0.3,3,8,6,6,0.21,3,,,,,,9,2,2,0.1,2,3,4,4,0.17,5,11,3,3,0.18,2,5,2,2,0.24,5,10,5,5,0.13,5,,,,,,,,,,,,,,,,,,,,,4941,孫崎 百世,119期,滋賀,北海道,37,B1,,0,0,0.21,4.57,27.1,38.2,4.71,29.4,47.0,0,12,41.3,60.0,0,51,22.2,33.3,6,4,4,4,0.22,4,10,2,2,0.29,2,1,3,3,0.12,2,10,6,6,0.18,6,3,2,2,0.17,1,11,5,5,0.19,5,,,,,,8,1,1,0.25,2,4,1,1,0.21,1,10,6,6,0.24,6,,,,,,,,,,,,,,,,,,,,,5079,大石 真央,124期,静岡,静岡,28,B1,,1,0,0.17,5.07,29.2,51.2,4.03,25.8,32.2,0,16,38.9,56.9,0,20,30.6,48.9,3,6,4,4,0.07,2,,,,,,4,5,5,0.26,5,10,2,2,0.19,3,4,3,3,0.16,2,8,1,1,0.09,1,3,2,2,0.06,3,12,6,6,0.1,6,7,1,1,0.14,5,11,6,6,0.28,6,,,,,,,,,,,,,,,,,,,,
202609170811,2026-09-17,08,11R,4825,倉持 莉々,114期,東京,茨城,32,A1,,0,0,0.14,7.16,56.1,74.8,0.0,0.0,0.0,0,55,28.4,46.4,0,54,17.3,41.3,7,,,,,,12,4,4,0.12,3,6,1,1,0.15,1,10,5,5,0.16,4,3,6,6,0.13,4,8,2,2,0.13,2,8,4,4,0.12,1,12,1,1,0.04,1,5,5,5,0.07,2,12,2,2,0.1,3,,,,,,,,,,,,,,,,,,,,,4433,川野 芽唯,100期,福岡,福岡,40,A1,,0,0,0.17,7.21,55.9,75.3,5.75,25.0,50.0,0,19,34.9,55.0,0,58,34.0,46.0,5,4,5,5,0.19,3,9,3,3,0.26,2,,,,,,12,1,1,0.15,1,5,2,2,0.16,1,9,6,6,0.11,3,5,1,1,0.06,1,12,5,5,0.11,4,6,5,5,0.42,3,10,2,2,0.13,4,,,,,,,,,,,,,,,,,,,,,5146,野田 彩加,126期,山口,山口,23,A2,,0,0,0.16,5.11,32.5,51.8,4.92,16.6,37.5,0,17,30.3,46.5,0,73,46.9,67.3,5,2,3,3,0.13,3,7,6,6,0.18,5,4,2,2,0.2,1,12,5,5,0.18,5,1,1,1,0.1,1,9,4,4,0.11,4,,,,,,7,3,3,0.23,3,6,1,1,0.15,1,12,5,5,0.12,5,,,,,,,,,,,,,,,,,,,,,4909,薮内 瑞希,117期,岡山,岡山,30,B1,,1,0,0.16,4.72,32.0,43.5,5.61,32.1,53.5,0,41,35.0,50.2,0,53,36.9,47.8,2,2,2,2,0.19,2,11,6,6,0.13,4,3,4,5,0.2,2,9,1,1,0.08,1,5,3,3,0.12,3,,,,,,1,4,4,0.16,5,9,2,2,0.22,3,3,2,2,0.17,2,11,5,5,0.25,5,,,,,,,,,,,,,,,,,,,,,4534,坂 咲友理,103期,大阪,奈良,36,B1,,0,0,0.21,3.93,17.2,32.7,3.65,23.5,23.5,0,24,32.3,48.6,0,32,48.6,67.5,4,1,2,2,0.21,2,8,4,4,0.26,6,,,,,,8,3,3,0.19,2,2,1,1,0.19,2,8,4,5,0.23,4,1,2,2,0.18,1,6,5,6,0.1,2,3,1,1,0.22,1,12,4,4,0.15,6,,,,,,,,,,,,,,,,,,,,,5155,内山 七海,127期,福岡,福岡,29,A2,,0,0,0.15,6.16,42.8,62.5,3.33,0.0,0.0,0,60,33.1,50.4,0,12,12.7,36.1,6,6,1,1,0.15,4,12,5,5,0.16,6,2,3,3,0.28,2,6,6,6,0.2,2,5,5,5,0.14,6,,,,,,1,1,1,0.1,2,11,2,2,0.16,4,5,4,4,0.09,1,9,2,2,0.22,2,,,,,,,,,,,,,,,,,,,,
202609170812,2026-09-17,08,12R,4502,遠藤 エミ,102期,滋賀,滋賀,38,A1,,0,0,0.14,7.28,50.4,69.4,7.44,58.5,70.7,0,28,32.0,51.0,0,70,17.7,48.8,,,,,,,12,1,1,0.15,1,7,5,5,0.12,3,11,4,4,0.17,2,4,2,2,0.12,1,11,1,1,0.16,1,6,4,4,0.07,1,10,6,6,0.08,2,8,6,6,0.2,2,12,1,1,0.09,1,,,,,,,,,,,,,,,,,,,,,4964,土屋 南,119期,岡山,岡山,29,A2,,0,0,0.15,6.28,42.8,64.7,6.74,52.6,73.6,0,21,34.2,53.9,0,19,36.9,47.8,,5,4,4,0.11,1,12,6,6,0.21,5,5,5,5,0.22,2,11,1,1,0.13,1,,,,,,7,3,3,0.09,1,2,3,3,0.16,3,10,1,1,0.01,1,7,6,6,0.1,2,11,1,1,0.18,1,,,,,,,,,,,,,,,,,,,,,4208,三浦 永理,91期,静岡,静岡,43,A1,,0,0,0.15,7.27,60.1,78.9,7.41,56.0,77.3,0,38,32.0,49.5,0,52,31.8,43.1,,3,4,5,0.14,1,10,1,1,0.04,1,,,,,,12,4,4,0.22,6,5,6,6,0.15,4,11,4,4,0.14,2,2,2,2,0.16,1,11,1,1,0.17,1,4,6,6,0.24,3,10,1,1,0.05,1,,,,,,,,,,,,,,,,,,,,,5188,武井 莉里佳,128期,兵庫,兵庫,25,A2,,0,0,0.17,5.97,39.0,57.1,6.47,46.6,66.6,0,58,31.2,44.3,0,66,21.4,35.7,,1,1,1,0.22,1,11,4,4,0.12,2,,,,,,12,6,6,0.13,2,2,3,3,0.21,4,6,1,1,0.14,1,5,5,5,0.24,3,9,3,3,0.28,2,4,5,5,0.22,4,11,3,2,0.22,2,,,,,,,,,,,,,,,,,,,,,4764,小池 礼乃,112期,福岡,福岡,36,B1,,1,0,0.16,4.88,30.0,50.0,5.78,27.7,61.1,0,39,37.7,52.5,0,38,29.7,46.8,,3,5,6,0.17,2,8,2,2,0.21,1,3,1,1,0.04,1,,,,,,2,4,4,0.12,6,10,3,3,0.1,2,4,5,5,0.1,1,12,3,3,0.05,2,2,1,1,0.13,1,12,3,3,0.15,2,,,,,,,,,,,,,,,,,,,,,4726,島田 なぎさ,111期,埼玉,埼玉,39,B2,,0,0,0.14,3.6,10.0,20.0,0.0,0.0,0.0,0,57,33.7,53.6,0,68,32.0,42.0,,,,,,,7,2,2,0.14,1,2,6,6,0.2,3,10,3,3,0.21,2,6,4,4,0.17,3,12,5,5,0.16,4,3,1,1,0.03,1,8,2,2,0.39,4,3,3,3,0.1,3,10,4,4,0.17,2,,,,,,,,,,,,,,,,,,,,
202609170901,2026-09-17,09,01R,4581,吉村 誠,105期,静岡,静岡,37,A1,,1,0,0.14,6.59,49.0,70.0,5.92,30.5,58.3,0,60,26.0,48.0,0,30,35.1,49.3,10,4,2,2,0.1,6,12,6,6,0.09,5,,,,,,8,3,3,0.15,1,5,1,1,0.21,2,12,4,4,0.1,1,4,4,4,0.09,4,8,5,5,0.07,5,6,1,1,0.05,1,11,5,5,0.16,6,,,,,,,,,,,,,,,,,,,,,3973,崎 利仁,83期,群馬,栃木,50,B1,,0,0,0.21,4.57,25.4,42.1,3.4,12.5,20.8,0,55,28.5,39.4,0,12,28.4,37.7,,4,3,3,0.08,3,,,,,,3,1,1,0.11,5,11,5,5,0.25,5,2,4,4,0.07,6,,,,,,2,6,6,0.24,4,7,2,2,0.1,4,2,6,6,0.21,6,,,,,,,,,,,,,,,,,,,,,,,,,,4349,犬童 千秋,96期,福岡,宮崎,40,B1,,1,0,0.15,4.39,25.6,37.8,5.36,39.2,50.0,0,59,29.4,46.8,0,11,36.3,52.9,7,5,2,2,0.22,4,,,,,,1,5,5,0.12,4,7,1,1,0.21,1,,,,,,8,4,4,0.08,4,1,6,6,0.29,6,10,3,3,0.1,6,1,5,5,0.17,4,,,,,,,,,,,,,,,,,,,,,,,,,,3619,長谷川 充,71期,群馬,群馬,52,B1,,0,0,0.19,5.14,30.0,52.2,5.95,36.8,56.1,0,19,17.5,44.1,0,61,27.9,40.4,8,2,3,3,0.11,4,,,,,,5,2,2,0.15,4,10,2,5,0.18,4,2,6,6,0.1,4,,,,,,3,1,1,0.16,2,10,4,4,0.15,3,4,5,5,0.14,6,,,,,,,,,,,,,,,,,,,,,,,,,,3901,松田 憲幸,80期,山口,山口,49,B2,,0,0,0.22,4.7,30.1,44.3,4.25,25.0,31.2,0,18,34.6,53.8,0,67,33.5,51.5,6,4,6,6,0.17,5,,,,,,2,6,5,0.13,2,10,4,3,0.3,6,2,2,2,0.04,5,,,,,,1,4,4,0.21,2,6,1,1,0.09,1,,,,,,7,4,4,0.19,4,,,,,,,,,,,,,,,,,,,,,5277,井上 未都,131期,福岡,福岡,24,B1,,1,0,0.15,4.73,23.8,44.0,4.39,22.2,44.4,0,32,37.1,56.4,0,31,38.1,59.7,9,5,6,6,0.12,5,11,3,3,0.31,3,4,4,4,0.2,6,,,,,,2,5,5,0.07,3,8,2,2,0.05,3,4,1,1,0.1,2,,,,,,1,2,2,0.18,2,,,,,,,,,,,,,,,,,,,,,,,,,
202609170902,2026-09-17,09,02R,5204,宇恵 有香,129期,三重,三重,29,B2,,0,0,0.18,4.65,21.9,45.0,4.78,25.4,44.4,0,71,30.2,45.6,0,69,35.1,53.0,,5,3,3,0.17,2,,,,,,2,1,1,0.12,3,9,4,4,0.34,5,3,6,6,0.21,4,,,,,,5,2,2,0.07,2,9,4,5,0.05,4,1,6,6,0.16,5,6,3,3,0.07,2,,,,,,,,,,,,,,,,,,,,,3827,今泉 徹,78期,群馬,群馬,53,B1,,0,0,0.17,4.04,14.4,31.9,5.75,37.5,37.5,0,49,38.2,53.0,0,41,19.5,37.4,8,3,4,4,0.12,6,8,1,1,0.18,2,3,6,6,0.28,4,,,,,,1,5,5,0.2,6,7,3,3,0.18,5,6,2,2,0.14,3,,,,,,2,5,5,0.19,5,,,,,,,,,,,,,,,,,,,,,,,,,,5356,長谷川 暖,134期,岡山,鳥取,21,B1,,1,0,0.15,4.82,27.8,40.9,0.0,0.0,0.0,0,63,29.5,48.5,0,72,32.2,51.6,6,3,5,5,0.16,5,7,1,1,0.11,2,2,5,6,0.12,4,,,,,,1,2,2,0.35,3,9,4,3,0.11,5,5,6,6,0.16,3,,,,,,,,,,,9,2,2,0.17,4,,,,,,,,,,,,,,,,,,,,,3448,高山 秀雄,65期,群馬,群馬,56,B1,,0,0,0.19,4.35,21.6,37.8,4.59,20.5,44.1,0,29,31.2,46.8,0,47,28.2,47.5,9,2,5,5,0.11,3,10,2,2,0.31,4,4,1,1,0.12,2,,,,,,1,6,6,0.21,4,11,3,3,0.14,6,2,4,4,0.16,不,,,,,,6,5,5,0.07,5,,,,,,,,,,,,,,,,,,,,,,,,,,3430,角浜 修,65期,広島,広島,58,B1,,0,0,0.17,4.37,24.7,38.1,4.72,33.3,44.4,0,48,37.3,56.0,0,64,34.0,51.4,7,2,2,2,0.07,2,9,4,4,0.23,6,,,,,,8,1,1,0.13,3,5,5,5,0.2,5,10,6,6,0.2,6,3,3,3,0.17,3,,,,,,5,5,5,0.05,4,,,,,,,,,,,,,,,,,,,,,,,,,,3580,水口 由紀,70期,滋賀,京都,53,B1,,0,0,0.2,4.47,17.7,42.2,4.68,21.4,42.8,0,69,23.4,40.0,0,54,22.8,41.7,,5,5,5,0.16,6,,,,,,3,3,3,0.14,6,8,4,4,0.22,5,6,1,1,0.22,4,,,,,,1,2,2,0.2,4,8,6,6,0.06,6,,,,,,7,2,2,0.12,6,,,,,,,,,,,,,,,,,,,,
202609170903,2026-09-17,09,03R,4119,泥谷 一毅,88期,大阪,大阪,45,B1,,0,0,0.19,6.02,38.6,62.2,6.11,44.4,69.4,0,53,32.3,48.8,0,50,32.6,47.5,11,6,1,1,0.31,5,,,,,,2,4,4,0.14,1,7,6,6,0.11,2,5,2,2,0.21,1,,,,,,4,3,3,0.1,3,12,5,5,0.15,6,5,3,3,0.02,2,10,4,4,0.13,4,,,,,,,,,,,,,,,,,,,,,4423,坂口 貴彦,99期,岡山,岡山,37,B1,,0,0,0.17,5.78,39.6,60.4,5.44,25.0,56.2,0,72,33.5,51.4,0,53,24.3,40.1,10,1,6,6,0.09,4,6,2,2,0.2,2,1,4,4,0.15,2,11,3,3,0.31,6,3,1,1,0.21,3,,,,,,1,5,5,0.2,3,,,,,,4,1,1,0.13,1,10,6,6,0.14,6,,,,,,,,,,,,,,,,,,,,,5005,石田 貴洋,121期,埼玉,埼玉,30,A1,,0,0,0.15,6.31,43.8,70.4,5.0,20.5,47.0,0,54,26.8,45.5,0,19,31.1,48.5,8,,,,,,9,2,2,0.15,4,3,4,4,0.14,2,9,6,6,0.26,3,6,3,3,0.21,5,10,5,5,0.11,5,,,,,,11,1,1,0.11,1,,,,,,8,5,5,0.05,1,,,,,,,,,,,,,,,,,,,,,3268,森 竜也,59期,三重,三重,61,B1,,0,0,0.17,4.8,29.8,43.2,4.8,33.9,42.3,0,16,38.7,57.1,0,43,29.6,50.0,7,2,1,1,0.1,1,8,5,5,0.26,6,,,,,,7,3,3,0.21,5,5,4,4,0.18,6,9,3,6,0.09,6,2,2,2,0.15,3,,,,,,2,1,1,0.18,1,,,,,,,,,,,,,,,,,,,,,,,,,,4695,尾崎 雄二,110期,長崎,長崎,40,A2,,0,0,0.15,5.26,36.8,50.5,2.67,0.0,33.3,0,17,25.5,39.6,0,29,34.1,56.7,9,,,,,,8,6,6,0.19,5,4,3,3,0.13,3,9,1,1,0.22,1,,,,,,9,5,4,0.09,3,7,5,5,0.15,5,12,2,2,0.06,3,6,2,2,0.06,4,,,,,,,,,,,,,,,,,,,,,,,,,,4136,江夏 満,89期,福岡,福岡,46,A1,,0,0,0.17,6.33,42.1,63.1,5.97,41.3,65.5,0,47,30.8,45.2,0,52,35.1,56.5,11,1,1,1,0.05,1,12,5,5,0.2,4,,,,,,9,3,3,0.22,6,7,6,6,0.16,2,11,4,4,0.19,4,3,2,2,0.16,4,11,4,4,0.12,4,7,5,5,0.22,2,11,6,6,0.16,5,,,,,,,,,,,,,,,,,,,,
202609170904,2026-09-17,09,04R,5359,佐藤 世那,134期,東京,宮城,20,B1,,1,0,0.17,4.3,26.8,41.7,2.2,5.0,5.0,0,35,36.8,56.2,0,71,24.7,45.5,10,4,1,1,0.13,1,,,,,,6,2,2,0.15,1,12,5,5,0.11,6,4,3,3,0.14,1,,,,,,5,4,4,0.05,5,11,6,6,0.09,6,2,3,3,0.25,2,11,4,4,0.06,4,,,,,,,,,,,,,,,,,,,,,4703,森永 隆,110期,山口,山口,38,A1,,0,0,0.16,6.68,56.6,67.5,5.85,30.0,70.0,0,68,37.7,50.5,0,39,34.9,50.9,9,3,6,6,0.16,3,12,3,3,0.13,6,,,,,,7,2,2,0.21,6,4,4,4,0.15,2,9,6,5,0.08,4,5,1,1,0.09,1,,,,,,,,,,,7,3,3,0.08,5,,,,,,,,,,,,,,,,,,,,,5327,西田 和加,133期,埼玉,埼玉,22,B2,,1,0,0.19,1.91,1.8,3.7,1.5,0.0,0.0,0,34,26.4,45.5,0,24,32.9,44.8,,6,5,5,0.2,6,,,,,,1,3,3,0.3,6,5,6,6,0.19,6,4,1,1,0.08,3,,,,,,2,5,5,0.2,5,9,2,2,0.06,5,1,4,4,0.26,6,,,,,,,,,,,,,,,,,,,,,,,,,,5049,松井 友汰,123期,大阪,大阪,31,A2,,1,0,0.19,6.45,48.2,68.9,5.07,26.6,40.0,0,39,41.5,55.1,0,23,38.0,51.4,11,,,,,,7,5,5,0.06,5,4,2,2,0.12,1,12,6,6,0.16,5,,,,,,9,1,1,0.14,1,7,4,4,0.21,3,11,3,3,0.11,2,7,1,1,0.09,1,12,6,6,0.18,4,,,,,,,,,,,,,,,,,,,,,4259,真庭 明志,93期,長崎,長崎,42,A2,,0,0,0.15,5.66,34.9,57.1,3.6,20.0,40.0,0,22,38.6,60.1,0,74,39.8,52.5,8,6,4,4,0.17,4,,,,,,8,2,2,0.22,2,12,3,3,0.12,3,4,6,6,0.16,6,,,,,,4,5,5,0.14,6,9,1,1,0.02,1,,,,,,9,4,4,0.21,6,,,,,,,,,,,,,,,,,,,,,3567,吉岡 誠,70期,山口,山口,56,B1,賞除,0,0,0.18,3.1,17.4,22.2,2.71,14.2,21.4,0,28,34.6,51.6,0,73,32.7,49.6,,2,6,6,0.1,6,7,4,4,0.11,6,2,3,3,0.2,5,,,,,,3,2,2,0.2,6,7,5,5,0.14,6,2,1,1,0.12,1,,,,,,,,,,,8,2,2,0.19,6,,,,,,,,,,,,,,,,,,,,
202609170905,2026-09-17,09,05R,4702,三浦 敬太,110期,東京,北海道,39,A1,,0,0,0.14,5.82,41.4,58.5,6.44,55.5,55.5,0,23,31.6,47.8,0,58,23.0,40.0,10,6,3,3,0.16,1,11,4,4,0.13,6,,,,,,8,5,5,0.16,4,,,,,,11,1,1,0.12,1,4,2,2,0.09,1,10,6,6,0.21,5,5,4,4,0.03,転,10,3,3,0.07,3,,,,,,,,,,,,,,,,,,,,,4017,向井 美鈴,84期,山口,山口,46,B1,,0,0,0.2,5.61,36.7,58.6,5.91,36.3,63.6,0,41,42.5,61.9,0,35,21.0,35.0,,5,4,4,0.17,3,9,3,3,0.22,2,,,,,,9,2,2,0.23,4,7,1,1,0.21,3,12,5,5,0.15,6,,,,,,7,6,6,0.14,6,1,3,3,0.21,3,9,5,5,0.2,1,,,,,,,,,,,,,,,,,,,,,3211,北川 敏弘,57期,佐賀,佐賀,64,B1,,0,0,0.18,4.19,19.0,33.0,6.1,50.0,70.0,0,62,29.5,43.4,0,38,31.5,49.7,,2,4,4,0.1,5,,,,,,1,2,2,0.19,5,6,5,5,0.16,6,5,6,6,0.17,4,,,,,,1,3,3,0.2,5,7,1,1,0.13,2,3,6,5,0.13,5,,,,,,,,,,,,,,,,,,,,,,,,,,4390,松本 弓雄,98期,徳島,高知,40,B1,,0,0,0.2,3.9,17.0,34.0,6.33,44.4,66.6,0,24,39.5,61.8,0,26,38.9,51.9,9,3,1,1,0.09,4,,,,,,1,6,6,0.12,3,,,,,,2,3,3,0.05,2,6,4,4,0.13,6,6,5,5,0.11,6,11,2,2,0.13,3,5,2,2,0.06,3,,,,,,,,,,,,,,,,,,,,,,,,,,5354,渡邊 雄斗,134期,三重,宮崎,21,B1,賞除,0,0,0.19,4.44,24.7,42.7,2.92,12.0,18.6,0,33,28.7,45.9,0,36,29.0,45.3,,1,3,3,0.1,3,10,4,4,0.14,3,5,5,5,0.15,3,,,,,,2,1,1,0.05,1,10,2,2,0.04,2,4,6,6,0.19,5,,,,,,3,4,3,0.14,3,12,4,4,0.1,落,,,,,,,,,,,,,,,,,,,,,4458,抹香 雄三,101期,広島,広島,40,B1,,0,0,0.15,5.49,29.7,57.6,4.27,11.5,42.3,0,58,40.2,52.3,0,25,37.2,53.2,10,1,2,2,0.15,2,11,5,5,0.14,1,5,4,4,0.16,5,,,,,,1,3,3,0.16,2,8,1,1,0.09,1,,,,,,9,5,6,0.05,3,2,4,4,0.19,4,12,3,3,0.14,3,,,,,,,,,,,,,,,,,,,,
202609170906,2026-09-17,09,06R,5073,上原 健次郎,124期,福岡,沖縄,31,A2,,0,0,0.18,5.28,31.3,43.4,4.13,13.3,40.0,0,11,27.7,44.5,0,22,33.9,54.3,10,,,,,,9,1,1,0.14,1,4,5,5,0.17,4,11,4,4,0.27,3,,,,,,10,3,3,0.06,3,8,2,2,0.05,3,12,6,6,0.18,5,3,3,2,0.15,2,12,5,5,0.17,5,,,,,,,,,,,,,,,,,,,,,3901,松田 憲幸,80期,山口,山口,49,B2,,0,0,0.22,4.7,30.1,44.3,4.25,25.0,31.2,0,18,34.6,53.8,0,67,33.5,51.5,1,4,6,6,0.17,5,,,,,,2,6,5,0.13,2,10,4,3,0.3,6,2,2,2,0.04,5,,,,,,1,4,4,0.21,2,6,1,1,0.09,1,,,,,,7,4,4,0.19,4,,,,,,,,,,,,,,,,,,,,,4644,山田 亮太,108期,東京,東京,47,A1,,0,0,0.14,6.62,47.5,71.7,5.0,37.5,37.5,0,44,45.5,62.5,0,14,25.4,46.0,11,7,3,3,0.12,1,12,4,4,0.13,2,4,6,6,0.18,5,10,5,2,0.17,3,6,5,5,0.11,1,12,1,1,0.07,2,,,,,,9,3,3,0.06,2,3,1,1,0.12,1,10,2,2,0.08,5,,,,,,,,,,,,,,,,,,,,,5172,田村 慶,127期,徳島,徳島,25,B1,,0,0,0.19,5.09,36.2,47.2,5.3,30.0,65.0,0,21,39.3,56.7,0,56,36.9,55.4,,1,4,4,0.17,6,8,3,3,0.22,3,6,1,1,0.16,2,,,,,,6,2,2,0.22,3,11,6,6,0.13,5,5,5,5,0.06,6,,,,,,2,2,2,0.26,3,8,6,6,0.12,4,,,,,,,,,,,,,,,,,,,,,5356,長谷川 暖,134期,岡山,鳥取,21,B1,,1,0,0.15,4.82,27.8,40.9,0.0,0.0,0.0,0,63,29.5,48.5,0,72,32.2,51.6,2,3,5,5,0.16,5,7,1,1,0.11,2,2,5,6,0.12,4,,,,,,1,2,2,0.35,3,9,4,3,0.11,5,5,6,6,0.16,3,,,,,,,,,,,9,2,2,0.17,4,,,,,,,,,,,,,,,,,,,,,3629,浅見 昌克,72期,埼玉,埼玉,56,A2,,0,0,0.14,5.07,27.1,50.8,5.93,37.0,55.5,0,50,33.3,49.0,0,21,31.1,46.3,11,,,,,,7,2,2,0.19,4,5,3,3,0.12,2,11,6,6,0.22,4,,,,,,7,4,4,0.13,1,1,1,1,0.19,1,11,5,5,0.1,5,6,4,4,0.08,3,11,3,3,0.09,3,,,,,,,,,,,,,,,,,,,,
202609170907,2026-09-17,09,07R,3349,吉田 一郎,62期,長崎,長崎,58,A1,,0,0,0.17,6.03,40.0,61.2,6.0,57.1,57.1,0,45,25.0,40.5,0,49,42.0,56.0,,,,,,,10,3,3,0.21,5,7,5,5,0.1,4,11,1,1,0.2,1,,,,,,7,2,2,0.12,4,3,6,6,0.26,5,12,4,4,0.2,2,3,2,6,0.18,6,9,3,3,0.18,5,,,,,,,,,,,,,,,,,,,,,3430,角浜 修,65期,広島,広島,58,B1,,0,0,0.17,4.37,24.7,38.1,4.72,33.3,44.4,0,48,37.3,56.0,0,64,34.0,51.4,2,2,2,2,0.07,2,9,4,4,0.23,6,,,,,,8,1,1,0.13,3,5,5,5,0.2,5,10,6,6,0.2,6,3,3,3,0.17,3,,,,,,5,5,5,0.05,4,,,,,,,,,,,,,,,,,,,,,,,,,,3900,香川 素子,80期,滋賀,大阪,49,A2,,1,0,0.18,6.19,44.9,62.9,6.33,45.4,60.6,0,57,22.1,38.4,0,68,24.5,38.6,11,5,1,1,0.22,1,10,5,5,0.16,6,6,4,4,0.17,5,,,,,,5,3,3,0.12,3,11,2,2,0.15,3,6,6,6,0.15,5,,,,,,1,1,1,0.19,1,8,4,4,0.13,2,,,,,,,,,,,,,,,,,,,,,4349,犬童 千秋,96期,福岡,宮崎,40,B1,,1,0,0.15,4.39,25.6,37.8,5.36,39.2,50.0,0,59,29.4,46.8,0,11,36.3,52.9,1,5,2,2,0.22,4,,,,,,1,5,5,0.12,4,7,1,1,0.21,1,,,,,,8,4,4,0.08,4,1,6,6,0.29,6,10,3,3,0.1,6,1,5,5,0.17,4,,,,,,,,,,,,,,,,,,,,,,,,,,3268,森 竜也,59期,三重,三重,61,B1,,0,0,0.17,4.8,29.8,43.2,4.8,33.9,42.3,0,16,38.7,57.1,0,43,29.6,50.0,3,2,1,1,0.1,1,8,5,5,0.26,6,,,,,,7,3,3,0.21,5,5,4,4,0.18,6,9,3,6,0.09,6,2,2,2,0.15,3,,,,,,2,1,1,0.18,1,,,,,,,,,,,,,,,,,,,,,,,,,,4318,桑原 将光,95期,東京,東京,42,A2,,1,0,0.16,5.31,26.2,57.5,5.41,40.7,51.8,0,15,36.1,52.4,0,57,36.0,51.4,,4,5,5,0.08,4,10,1,1,0.23,1,3,2,2,0.14,3,,,,,,8,3,3,0.08,5,12,6,6,0.09,5,,,,,,8,4,4,0.03,2,3,5,4,0.27,4,8,1,1,0.17,3,,,,,,,,,,,,,,,,,,,,
202609170908,2026-09-17,09,08R,4259,真庭 明志,93期,長崎,長崎,42,A2,,0,0,0.15,5.66,34.9,57.1,3.6,20.0,40.0,0,22,38.6,60.1,0,74,39.8,52.5,4,6,4,4,0.17,4,,,,,,8,2,2,0.22,2,12,3,3,0.12,3,4,6,6,0.16,6,,,,,,4,5,5,0.14,6,9,1,1,0.02,1,,,,,,9,4,4,0.21,6,,,,,,,,,,,,,,,,,,,,,4106,坂井 康嗣,88期,佐賀,佐賀,46,B1,,0,0,0.19,4.22,23.3,35.0,4.11,22.2,40.7,0,36,42.5,60.1,0,65,34.3,51.5,,1,5,5,0.08,5,,,,,,2,2,2,0.21,6,8,6,6,0.29,6,1,4,4,0.18,5,,,,,,2,3,3,0.11,2,8,1,1,0.07,4,5,6,6,0.04,5,,,,,,,,,,,,,,,,,,,,,,,,,,3619,長谷川 充,71期,群馬,群馬,52,B1,,0,0,0.19,5.14,30.0,52.2,5.95,36.8,56.1,0,19,17.5,44.1,0,61,27.9,40.4,1,2,3,3,0.11,4,,,,,,5,2,2,0.15,4,10,2,5,0.18,4,2,6,6,0.1,4,,,,,,3,1,1,0.16,2,10,4,4,0.15,3,4,5,5,0.14,6,,,,,,,,,,,,,,,,,,,,,,,,,,5005,石田 貴洋,121期,埼玉,埼玉,30,A1,,0,0,0.15,6.31,43.8,70.4,5.0,20.5,47.0,0,54,26.8,45.5,0,19,31.1,48.5,3,,,,,,9,2,2,0.15,4,3,4,4,0.14,2,9,6,6,0.26,3,6,3,3,0.21,5,10,5,5,0.11,5,,,,,,11,1,1,0.11,1,,,,,,8,5,5,0.05,1,,,,,,,,,,,,,,,,,,,,,3827,今泉 徹,78期,群馬,群馬,53,B1,,0,0,0.17,4.04,14.4,31.9,5.75,37.5,37.5,0,49,38.2,53.0,0,41,19.5,37.4,2,3,4,4,0.12,6,8,1,1,0.18,2,3,6,6,0.28,4,,,,,,1,5,5,0.2,6,7,3,3,0.18,5,6,2,2,0.14,3,,,,,,2,5,5,0.19,5,,,,,,,,,,,,,,,,,,,,,,,,,,4058,野末 智一,86期,静岡,静岡,47,A1,,0,0,0.19,6.08,43.0,62.6,5.2,32.8,53.1,0,52,30.6,45.2,0,44,31.8,42.8,,,,,,,8,2,2,0.23,1,5,1,1,0.14,1,12,4,4,0.12,4,3,5,5,0.19,5,8,6,6,0.14,6,5,3,3,0.12,4,,,,,,4,4,4,0.16,3,9,1,1,0.26,2,,,,,,,,,,,,,,,,,,,,
202609170909,2026-09-17,09,09R,4695,尾崎 雄二,110期,長崎,長崎,40,A2,,0,0,0.15,5.26,36.8,50.5,2.67,0.0,33.3,0,17,25.5,39.6,0,29,34.1,56.7,3,,,,,,8,6,6,0.19,5,4,3,3,0.13,3,9,1,1,0.22,1,,,,,,9,5,4,0.09,3,7,5,5,0.15,5,12,2,2,0.06,3,6,2,2,0.06,4,,,,,,,,,,,,,,,,,,,,,,,,,,4949,横田 貴満,119期,佐賀,熊本,33,A2,,0,0,0.16,5.95,38.8,57.6,0.0,0.0,0.0,0,70,34.1,50.9,0,27,27.2,41.3,,4,4,4,0.11,2,9,6,6,0.29,5,,,,,,10,1,1,0.22,5,4,2,2,0.12,5,11,5,5,0.16,2,,,,,,8,3,3,0.04,1,4,3,3,0.15,2,9,6,6,0.15,3,,,,,,,,,,,,,,,,,,,,,3448,高山 秀雄,65期,群馬,群馬,56,B1,,0,0,0.19,4.35,21.6,37.8,4.59,20.5,44.1,0,29,31.2,46.8,0,47,28.2,47.5,2,2,5,5,0.11,3,10,2,2,0.31,4,4,1,1,0.12,2,,,,,,1,6,6,0.21,4,11,3,3,0.14,6,2,4,4,0.16,不,,,,,,6,5,5,0.07,5,,,,,,,,,,,,,,,,,,,,,,,,,,5277,井上 未都,131期,福岡,福岡,24,B1,,1,0,0.15,4.73,23.8,44.0,4.39,22.2,44.4,0,32,37.1,56.4,0,31,38.1,59.7,1,5,6,6,0.12,5,11,3,3,0.31,3,4,4,4,0.2,6,,,,,,2,5,5,0.07,3,8,2,2,0.05,3,4,1,1,0.1,2,,,,,,1,2,2,0.18,2,,,,,,,,,,,,,,,,,,,,,,,,,,4703,森永 隆,110期,山口,山口,38,A1,,0,0,0.16,6.68,56.6,67.5,5.85,30.0,70.0,0,68,37.7,50.5,0,39,34.9,50.9,4,3,6,6,0.16,3,12,3,3,0.13,6,,,,,,7,2,2,0.21,6,4,4,4,0.15,2,9,6,5,0.08,4,5,1,1,0.09,1,,,,,,,,,,,7,3,3,0.08,5,,,,,,,,,,,,,,,,,,,,,4390,松本 弓雄,98期,徳島,高知,40,B1,,0,0,0.2,3.9,17.0,34.0,6.33,44.4,66.6,0,24,39.5,61.8,0,26,38.9,51.9,5,3,1,1,0.09,4,,,,,,1,6,6,0.12,3,,,,,,2,3,3,0.05,2,6,4,4,0.13,6,6,5,5,0.11,6,11,2,2,0.13,3,5,2,2,0.06,3,,,,,,,,,,,,,,,,,,,,,,,,,
202609170910,2026-09-17,09,10R,4458,抹香 雄三,101期,広島,広島,40,B1,,0,0,0.15,5.49,29.7,57.6,4.27,11.5,42.3,0,58,40.2,52.3,0,25,37.2,53.2,5,1,2,2,0.15,2,11,5,5,0.14,1,5,4,4,0.16,5,,,,,,1,3,3,0.16,2,8,1,1,0.09,1,,,,,,9,5,6,0.05,3,2,4,4,0.19,4,12,3,3,0.14,3,,,,,,,,,,,,,,,,,,,,,4702,三浦 敬太,110期,東京,北海道,39,A1,,0,0,0.14,5.82,41.4,58.5,6.44,55.5,55.5,0,23,31.6,47.8,0,58,23.0,40.0,5,6,3,3,0.16,1,11,4,4,0.13,6,,,,,,8,5,5,0.16,4,,,,,,11,1,1,0.12,1,4,2,2,0.09,1,10,6,6,0.21,5,5,4,4,0.03,転,10,3,3,0.07,3,,,,,,,,,,,,,,,,,,,,,5359,佐藤 世那,134期,東京,宮城,20,B1,,1,0,0.17,4.3,26.8,41.7,2.2,5.0,5.0,0,35,36.8,56.2,0,71,24.7,45.5,4,4,1,1,0.13,1,,,,,,6,2,2,0.15,1,12,5,5,0.11,6,4,3,3,0.14,1,,,,,,5,4,4,0.05,5,11,6,6,0.09,6,2,3,3,0.25,2,11,4,4,0.06,4,,,,,,,,,,,,,,,,,,,,,5073,上原 健次郎,124期,福岡,沖縄,31,A2,,0,0,0.18,5.28,31.3,43.4,4.13,13.3,40.0,0,11,27.7,44.5,0,22,33.9,54.3,6,,,,,,9,1,1,0.14,1,4,5,5,0.17,4,11,4,4,0.27,3,,,,,,10,3,3,0.06,3,8,2,2,0.05,3,12,6,6,0.18,5,3,3,2,0.15,2,12,5,5,0.17,5,,,,,,,,,,,,,,,,,,,,,4581,吉村 誠,105期,静岡,静岡,37,A1,,1,0,0.14,6.59,49.0,70.0,5.92,30.5,58.3,0,60,26.0,48.0,0,30,35.1,49.3,1,4,2,2,0.1,6,12,6,6,0.09,5,,,,,,8,3,3,0.15,1,5,1,1,0.21,2,12,4,4,0.1,1,4,4,4,0.09,4,8,5,5,0.07,5,6,1,1,0.05,1,11,5,5,0.16,6,,,,,,,,,,,,,,,,,,,,,4423,坂口 貴彦,99期,岡山,岡山,37,B1,,0,0,0.17,5.78,39.6,60.4,5.44,25.0,56.2,0,72,33.5,51.4,0,53,24.3,40.1,3,1,6,6,0.09,4,6,2,2,0.2,2,1,4,4,0.15,2,11,3,3,0.31,6,3,1,1,0.21,3,,,,,,1,5,5,0.2,3,,,,,,4,1,1,0.13,1,10,6,6,0.14,6,,,,,,,,,,,,,,,,,,,,
202609170911,2026-09-17,09,11R,3629,浅見 昌克,72期,埼玉,埼玉,56,A2,,0,0,0.14,5.07,27.1,50.8,5.93,37.0,55.5,0,50,33.3,49.0,0,21,31.1,46.3,6,,,,,,7,2,2,0.19,4,5,3,3,0.12,2,11,6,6,0.22,4,,,,,,7,4,4,0.13,1,1,1,1,0.19,1,11,5,5,0.1,5,6,4,4,0.08,3,11,3,3,0.09,3,,,,,,,,,,,,,,,,,,,,,4119,泥谷 一毅,88期,大阪,大阪,45,B1,,0,0,0.19,6.02,38.6,62.2,6.11,44.4,69.4,0,53,32.3,48.8,0,50,32.6,47.5,3,6,1,1,0.31,5,,,,,,2,4,4,0.14,1,7,6,6,0.11,2,5,2,2,0.21,1,,,,,,4,3,3,0.1,3,12,5,5,0.15,6,5,3,3,0.02,2,10,4,4,0.13,4,,,,,,,,,,,,,,,,,,,,,5049,松井 友汰,123期,大阪,大阪,31,A2,,1,0,0.19,6.45,48.2,68.9,5.07,26.6,40.0,0,39,41.5,55.1,0,23,38.0,51.4,4,,,,,,7,5,5,0.06,5,4,2,2,0.12,1,12,6,6,0.16,5,,,,,,9,1,1,0.14,1,7,4,4,0.21,3,11,3,3,0.11,2,7,1,1,0.09,1,12,6,6,0.18,4,,,,,,,,,,,,,,,,,,,,,4644,山田 亮太,108期,東京,東京,47,A1,,0,0,0.14,6.62,47.5,71.7,5.0,37.5,37.5,0,44,45.5,62.5,0,14,25.4,46.0,6,7,3,3,0.12,1,12,4,4,0.13,2,4,6,6,0.18,5,10,5,2,0.17,3,6,5,5,0.11,1,12,1,1,0.07,2,,,,,,9,3,3,0.06,2,3,1,1,0.12,1,10,2,2,0.08,5,,,,,,,,,,,,,,,,,,,,,4136,江夏 満,89期,福岡,福岡,46,A1,,0,0,0.17,6.33,42.1,63.1,5.97,41.3,65.5,0,47,30.8,45.2,0,52,35.1,56.5,3,1,1,1,0.05,1,12,5,5,0.2,4,,,,,,9,3,3,0.22,6,7,6,6,0.16,2,11,4,4,0.19,4,3,2,2,0.16,4,11,4,4,0.12,4,7,5,5,0.22,2,11,6,6,0.16,5,,,,,,,,,,,,,,,,,,,,,3900,香川 素子,80期,滋賀,大阪,49,A2,,1,0,0.18,6.19,44.9,62.9,6.33,45.4,60.6,0,57,22.1,38.4,0,68,24.5,38.6,7,5,1,1,0.22,1,10,5,5,0.16,6,6,4,4,0.17,5,,,,,,5,3,3,0.12,3,11,2,2,0.15,3,6,6,6,0.15,5,,,,,,1,1,1,0.19,1,8,4,4,0.13,2,,,,,,,,,,,,,,,,,,,,
202609170912,2026-09-17,09,12R,4757,山田 祐也,112期,徳島,高知,37,A1,,0,0,0.15,6.61,45.7,58.8,6.17,39.1,54.3,0,27,33.5,48.3,0,18,37.2,55.8,,6,6,6,0.21,3,12,2,2,0.11,3,3,5,5,0.16,1,12,1,1,0.06,1,3,3,3,0.15,2,10,4,4,0.12,4,,,,,,10,2,2,0.12,1,4,6,6,0.1,5,11,1,1,0.07,1,,,,,,,,,,,,,,,,,,,,,4977,馬野 耀,120期,大阪,大阪,32,A2,,0,0,0.16,6.16,41.1,63.7,5.33,27.7,61.1,0,51,42.2,60.2,0,45,36.6,51.8,,3,3,3,0.12,2,10,6,6,0.2,2,,,,,,9,5,5,0.22,2,3,4,4,0.12,1,12,2,2,0.06,3,6,4,4,0.07,4,10,1,1,0.18,2,8,3,3,0.16,5,12,2,2,0.13,1,,,,,,,,,,,,,,,,,,,,,4933,板橋 侑我,118期,静岡,静岡,30,A2,,0,0,0.14,6.54,44.2,58.9,8.13,75.0,100.0,0,64,31.8,49.3,0,76,40.5,60.1,,7,6,6,0.08,3,11,2,2,0.21,4,,,,,,7,4,4,0.09,3,4,5,5,0.11,4,10,1,1,0.08,1,,,,,,12,3,3,0.04,4,4,2,2,0.2,4,10,5,5,0.14,1,,,,,,,,,,,,,,,,,,,,,4156,浜野 孝志,90期,三重,三重,45,A2,,0,0,0.17,5.37,30.9,52.2,5.74,39.5,57.1,0,43,26.3,39.5,0,15,40.7,58.5,,,,,,,9,5,5,0.25,3,1,1,1,0.15,1,12,2,2,0.1,2,6,6,6,0.16,2,,,,,,3,4,4,0.19,1,7,3,3,0.11,1,7,6,6,0.23,3,12,1,1,0.15,2,,,,,,,,,,,,,,,,,,,,,4532,秋元 哲,103期,埼玉,栃木,37,A1,,1,0,0.13,6.98,56.3,72.4,6.51,32.5,60.4,0,66,26.3,37.5,0,34,38.2,56.3,,8,4,4,0.24,4,12,1,1,0.11,1,6,6,6,0.23,4,11,2,2,0.27,2,,,,,,8,5,5,0.11,2,6,3,3,0.08,2,12,1,1,0.11,1,6,6,6,0.1,6,10,1,1,0.11,2,,,,,,,,,,,,,,,,,,,,,4824,松井 洪弥,114期,三重,三重,33,A2,,0,0,0.12,5.97,45.2,55.6,6.17,46.1,58.4,0,25,39.2,55.3,0,63,31.6,50.3,,3,2,2,0.09,1,11,6,6,0.15,2,,,,,,10,6,4,0.19,2,1,1,1,0.17,1,12,3,3,0.08,4,,,,,,10,5,5,0.12,4,5,1,1,0.08,1,11,2,2,0.05,2,,,,,,,,,,,,,,,,,,,,
202609171101,2026-09-17,11,01R,3896,上田 洋平,80期,滋賀,滋賀,50,B1,,0,0,0.16,5.14,25.0,56.9,5.34,34.1,54.7,0,32,35.3,46.4,0,47,38.1,55.2,10,,,,,,7,5,5,0.12,6,1,1,1,0.23,1,7,4,4,0.2,3,1,3,3,0.3,1,,,,,,2,5,5,0.19,3,9,2,2,0.19,4,,,,,,,,,,,,,,,,,,,,,,,,,,,,,,,5011,高木 圭大,121期,長崎,長崎,29,B1,,0,0,0.15,3.94,19.3,32.2,3.79,7.1,28.5,0,31,40.8,51.6,0,49,39.3,51.5,7,3,6,6,0.18,5,9,3,3,0.17,4,6,4,4,0.14,5,,,,,,3,5,5,0.25,5,,,,,,5,1,1,0.15,2,10,2,2,0.08,5,,,,,,,,,,,,,,,,,,,,,,,,,,,,,,,3435,寺田 千恵,65期,岡山,福岡,57,A2,,0,0,0.15,6.44,43.3,63.7,6.86,50.0,76.1,0,35,23.5,41.1,0,30,28.1,42.7,11,6,1,1,0.1,1,12,3,3,0.18,3,,,,,,8,4,4,0.17,4,2,5,5,0.11,3,12,2,2,0.12,2,3,6,6,0.12,2,8,2,2,0.14,5,,,,,,,,,,,,,,,,,,,,,,,,,,,,,,,4894,原村 拓也,117期,香川,香川,35,B1,,0,0,0.19,4.52,19.7,39.5,4.75,25.0,50.0,0,55,30.9,51.5,0,61,37.3,50.5,8,4,1,1,0.18,3,,,,,,2,2,2,0.17,2,12,5,5,0.14,4,1,4,4,0.29,5,10,3,3,0.27,5,,,,,,10,5,6,0.11,3,,,,,,,,,,,,,,,,,,,,,,,,,,,,,,,4821,妻鳥 晋也,114期,香川,愛媛,34,B1,,0,0,0.19,5.0,28.4,48.8,0.0,0.0,0.0,0,49,36.5,50.5,0,60,33.3,61.7,9,7,2,2,0.13,3,11,5,5,0.13,2,5,4,4,0.17,5,,,,,,4,3,3,0.17,沈,8,6,6,0.12,6,,,,,,8,1,1,0.19,1,,,,,,,,,,,,,,,,,,,,,,,,,,,,,,,3797,岩井 繁,77期,広島,広島,53,B1,,0,0,0.2,3.6,13.5,24.2,4.32,26.3,31.5,0,63,29.2,43.4,0,32,30.3,49.4,6,1,4,4,0.28,4,,,,,,1,5,5,0.2,5,6,3,3,0.21,6,,,,,,7,2,2,0.15,5,1,1,1,0.14,2,5,5,5,0.24,6,,,,,,,,,,,,,,,,,,,,,,,,,,,,,,
202609171102,2026-09-17,11,02R,4957,竹之内 極,119期,福岡,鹿児島,31,B1,,0,0,0.17,5.44,34.6,55.1,0.0,0.0,0.0,0,18,47.6,60.9,0,21,31.1,49.4,,,,,,,7,1,1,0.12,2,4,4,4,0.14,3,11,3,3,0.14,4,1,5,5,0.36,4,5,2,2,0.08,4,7,4,4,0.16,2,12,6,6,0.15,5,,,,,,,,,,,,,,,,,,,,,,,,,,,,,,,3708,岡部 貴司,74期,岡山,岡山,52,B1,,0,0,0.16,5.2,31.4,48.3,6.13,36.6,70.0,0,34,31.3,50.5,0,40,26.3,37.8,12,1,5,5,0.21,2,9,2,2,0.13,2,6,1,1,0.17,4,,,,,,5,6,6,0.18,5,12,4,4,0.09,3,2,3,3,0.19,2,11,4,4,0.11,3,,,,,,,,,,,,,,,,,,,,,,,,,,,,,,,4216,星 栄爾,91期,静岡,福島,41,B1,,0,0,0.15,4.8,25.7,50.5,4.97,21.0,42.1,0,22,28.1,48.9,0,33,31.0,49.0,7,,,,,,9,4,4,0.14,5,3,1,1,0.09,2,8,5,5,0.18,5,6,3,3,0.08,2,10,6,6,0.25,6,,,,,,7,2,2,0.19,4,,,,,,,,,,,,,,,,,,,,,,,,,,,,,,,3518,倉田 郁美,68期,静岡,愛知,58,B1,,0,0,0.19,4.17,17.9,38.4,7.0,66.6,75.0,0,46,32.6,53.6,0,12,40.0,50.0,9,6,2,2,0.1,3,10,5,5,0.21,6,,,,,,7,1,1,0.22,1,2,3,3,0.18,5,8,4,4,0.11,4,5,6,6,0.18,4,,,,,,,,,,,,,,,,,,,,,,,,,,,,,,,,,,,,4747,山戸 信二,112期,長崎,熊本,41,B1,,0,0,0.17,3.52,13.7,27.5,4.8,20.0,40.0,0,64,31.3,49.4,0,18,32.9,50.5,8,1,3,3,0.23,転,10,6,6,0.26,5,4,5,5,0.15,6,,,,,,3,2,2,0.09,4,,,,,,2,1,1,0.27,5,6,4,4,0.18,4,,,,,,,,,,,,,,,,,,,,,,,,,,,,,,,3918,深井 利寿,81期,滋賀,滋賀,52,A1,,0,0,0.18,6.7,42.9,73.6,6.89,49.3,72.3,0,40,42.4,55.5,0,41,44.5,57.4,10,3,5,5,0.17,3,12,2,2,0.16,5,5,3,3,0.15,1,12,1,1,0.17,1,,,,,,10,4,4,0.26,1,6,5,5,0.15,3,11,1,1,0.09,2,,,,,,,,,,,,,,,,,,,,,,,,,,,,,,
202609171103,2026-09-17,11,03R,4947,間庭 菜摘,119期,福岡,福岡,34,B1,,0,0,0.17,4.79,22.3,46.2,5.26,31.5,52.6,0,16,30.8,46.8,0,45,30.6,47.9,11,6,6,6,0.27,5,,,,,,1,2,2,0.21,3,10,5,5,0.27,5,2,4,4,0.13,1,6,1,1,0.04,3,1,3,3,0.08,1,12,4,4,0.21,4,,,,,,,,,,,,,,,,,,,,,,,,,,,,,,,3454,井川 大作,65期,岡山,岡山,55,B1,賞除,0,0,0.17,5.25,35.6,54.0,4.29,25.0,32.1,0,29,40.4,57.5,0,53,37.5,56.7,7,3,4,4,0.15,6,8,2,2,0.08,2,,,,,,7,5,5,0.15,4,3,1,1,0.13,6,7,3,3,0.06,2,,,,,,8,6,6,0.24,3,,,,,,,,,,,,,,,,,,,,,,,,,,,,,,,4983,前田 篤哉,120期,愛知,愛知,29,A1,,1,0,0.15,6.62,52.1,64.7,7.71,58.3,79.1,0,70,32.2,47.9,0,20,44.1,58.8,10,7,4,4,0.18,1,12,1,1,0.18,4,7,6,6,0.17,5,12,3,3,0.19,3,4,5,5,0.13,4,11,1,1,0.28,2,5,2,2,0.17,1,,,,,,,,,,,,,,,,,,,,,,,,,,,,,,,,,,,,4183,宇野 弥生,90期,愛知,埼玉,40,B1,,2,0,0.13,5.23,39.5,48.8,7.37,59.2,74.0,0,62,24.5,39.2,0,25,41.9,61.9,9,6,3,3,0.14,6,,,,,,2,1,1,0.23,6,9,5,5,0.3,6,2,2,2,0.23,4,9,3,3,0.2,2,6,6,6,0.26,6,,,,,,,,,,,,,,,,,,,,,,,,,,,,,,,,,,,,4380,鈴木 峻佑,98期,静岡,静岡,42,B1,,0,0,0.17,4.91,30.1,43.4,4.23,25.7,34.2,0,17,25.7,37.1,0,34,43.7,58.3,8,4,4,4,0.09,4,8,1,1,0.09,1,,,,,,10,6,6,0.28,6,1,2,2,0.25,6,11,5,5,0.09,5,6,3,3,0.18,5,,,,,,,,,,,,,,,,,,,,,,,,,,,,,,,,,,,,4607,鶴田 勇雄,106期,福岡,福岡,37,A2,,0,0,0.18,5.81,40.6,55.9,6.1,45.0,60.0,0,73,27.2,39.7,0,28,10.4,26.7,,2,3,3,0.21,2,9,1,1,0.16,1,,,,,,9,4,4,0.22,3,4,2,2,0.19,3,12,5,5,0.14,6,1,6,6,0.13,4,11,2,2,0.15,6,,,,,,,,,,,,,,,,,,,,,,,,,,,,,,
202609171104,2026-09-17,11,04R,3441,土屋 太朗,65期,群馬,群馬,57,B1,,0,0,0.18,4.84,25.2,44.4,5.7,30.0,60.0,0,38,28.4,44.1,0,71,31.1,47.3,,5,4,4,0.12,2,,,,,,1,3,3,0.16,4,8,1,1,0.09,2,1,6,6,0.41,3,9,2,2,0.18,5,3,4,4,0.15,3,11,5,5,0.13,5,,,,,,,,,,,,,,,,,,,,,,,,,,,,,,,4835,橋本 明,115期,広島,広島,38,B1,,0,0,0.15,5.06,27.7,48.1,5.27,13.3,60.0,0,44,32.9,45.3,0,56,25.0,43.4,8,3,1,1,0.15,4,,,,,,7,3,3,0.25,6,11,6,6,0.14,6,,,,,,10,2,2,0.28,3,1,5,5,0.09,3,8,4,4,0.2,6,,,,,,,,,,,,,,,,,,,,,,,,,,,,,,,4186,小川 時光,91期,埼玉,埼玉,45,B1,,0,0,0.17,3.78,18.7,31.2,3.4,0.0,0.0,0,43,28.8,43.3,0,37,34.3,58.5,9,4,6,6,0.15,6,,,,,,1,4,4,0.17,2,9,2,2,0.28,4,4,1,1,0.13,1,9,5,5,0.16,6,4,3,3,0.13,6,,,,,,,,,,,,,,,,,,,,,,,,,,,,,,,,,,,,4486,野村 誠,102期,群馬,群馬,40,A2,,1,0,0.18,5.8,40.3,57.8,5.0,23.8,52.3,0,36,27.4,52.9,0,19,31.0,49.5,12,3,3,3,0.18,2,10,1,1,0.18,2,3,2,2,0.1,1,12,6,6,0.06,5,6,4,4,0.14,4,,,,,,2,2,2,0.24,1,8,5,5,0.23,2,,,,,,,,,,,,,,,,,,,,,,,,,,,,,,,4124,池田 雄一,88期,静岡,静岡,44,A2,,1,0,0.16,5.97,39.4,63.4,5.52,40.0,56.0,0,14,36.1,59.5,0,55,26.6,41.4,10,,,,,,7,6,6,0.18,4,6,5,5,0.14,1,12,2,2,0.18,2,3,3,3,0.11,1,9,4,4,0.19,4,6,1,1,0.13,1,12,3,3,0.18,2,,,,,,,,,,,,,,,,,,,,,,,,,,,,,,,5278,田中 駿兵,131期,徳島,徳島,24,A1,,1,0,0.14,6.79,54.9,70.3,4.33,11.1,33.3,0,58,26.8,45.3,0,48,22.4,46.0,11,4,3,3,0.14,1,12,6,6,0.19,6,6,2,2,0.2,2,10,4,4,0.19,2,7,5,5,0.07,3,12,1,1,0.04,1,4,2,2,0.16,1,,,,,,,,,,,,,,,,,,,,,,,,,,,,,,,,,,,
202609171105,2026-09-17,11,05R,3793,高橋 真吾,77期,埼玉,東京,53,B1,,0,0,0.16,4.13,25.0,37.5,3.8,20.0,30.0,0,39,30.6,50.0,0,72,34.6,52.4,9,5,3,3,0.06,5,,,,,,3,6,6,0.15,6,10,2,2,0.27,3,4,4,4,0.1,2,,,,,,3,1,1,0.19,1,7,5,5,0.19,5,,,,,,,,,,,,,,,,,,,,,,,,,,,,,,,4660,宇田川 信一,108期,東京,神奈川,35,B1,,0,0,0.19,4.37,25.0,38.3,4.0,17.6,29.4,0,15,29.0,41.0,0,66,29.8,46.1,,1,6,6,0.34,3,7,3,3,0.16,5,3,5,5,0.18,5,,,,,,,,,,,8,1,1,0.05,5,3,2,2,0.16,転,9,4,4,0.27,6,,,,,,,,,,,,,,,,,,,,,,,,,,,,,,,4108,吉村 正明,88期,山口,山口,46,A1,,0,0,0.14,5.93,42.3,56.5,6.2,40.0,60.0,0,68,28.5,45.9,0,43,46.1,57.6,12,,,,,,10,4,4,0.15,4,6,6,6,0.12,3,11,2,2,0.13,2,5,5,5,0.13,6,10,1,1,0.31,2,6,2,2,0.17,2,10,3,3,0.07,2,,,,,,,,,,,,,,,,,,,,,,,,,,,,,,,5032,谷口 知優,122期,香川,愛媛,28,A2,,0,0,0.16,4.89,30.7,46.4,0.0,0.0,0.0,0,66,29.8,43.2,0,44,37.0,49.0,10,,,,,,8,5,5,0.16,4,4,1,1,0.16,1,8,3,3,0.09,3,6,2,2,0.08,1,11,6,6,0.08,4,4,4,4,0.09,4,11,3,3,0.11,1,,,,,,,,,,,,,,,,,,,,,,,,,,,,,,,5132,中野 希一,126期,埼玉,埼玉,27,A1,,1,0,0.13,6.74,54.5,68.9,8.27,72.7,100.0,0,51,31.3,50.5,0,17,39.3,54.2,11,2,2,2,0.17,3,12,5,5,0.17,1,3,3,3,0.14,4,11,1,1,0.14,1,5,4,4,0.15,2,9,6,6,0.22,3,,,,,,9,1,1,0.19,2,,,,,,,,,,,,,,,,,,,,,,,,,,,,,,,5410,今泉 澪,136期,愛知,愛知,21,B2,,0,0,0.16,1.6,0.0,0.0,1.78,0.0,11.1,0,60,14.7,35.7,0,63,22.2,42.2,,2,6,6,0.19,6,8,6,6,0.22,6,,,,,,8,6,6,0.21,6,2,6,6,0.11,6,7,6,6,0.16,4,4,6,6,0.12,5,,,,,,,,,,,,,,,,,,,,,,,,,,,,,,,,,,,
202609171106,2026-09-17,11,06R,4012,中村 有裕,84期,滋賀,滋賀,46,A2,,0,0,0.16,6.45,48.7,64.6,6.28,47.1,67.2,0,12,49.0,63.7,0,29,35.7,54.7,10,5,5,5,0.12,4,10,2,2,0.09,1,2,3,3,0.11,4,11,4,4,0.15,5,,,,,,9,1,1,0.18,1,4,5,5,0.04,3,8,3,3,0.21,4,,,,,,,,,,,,,,,,,,,,,,,,,,,,,,,4116,川田 正人,88期,徳島,徳島,45,B1,,1,0,0.18,4.42,12.8,46.1,4.71,28.5,42.8,0,71,32.9,54.6,0,14,7.6,17.5,,2,4,4,0.22,4,11,3,3,0.23,4,,,,,,9,6,6,0.35,5,1,1,1,0.21,2,8,5,5,0.14,2,1,2,2,0.16,5,10,4,4,0.09,4,,,,,,,,,,,,,,,,,,,,,,,,,,,,,,,3797,岩井 繁,77期,広島,広島,53,B1,,0,0,0.2,3.6,13.5,24.2,4.32,26.3,31.5,0,63,29.2,43.4,0,32,30.3,49.4,1,1,4,4,0.28,4,,,,,,1,5,5,0.2,5,6,3,3,0.21,6,,,,,,7,2,2,0.15,5,1,1,1,0.14,2,5,5,5,0.24,6,,,,,,,,,,,,,,,,,,,,,,,,,,,,,,,4540,相原 利章,104期,東京,東京,39,A2,,1,0,0.12,5.01,28.1,45.8,0.0,0.0,0.0,0,24,24.6,42.4,0,27,28.8,45.3,11,3,2,2,0.15,1,11,6,6,0.11,3,5,5,5,0.15,2,10,1,1,0.14,1,5,3,3,0.1,3,,,,,,2,4,4,0.18,4,12,2,2,0.16,3,,,,,,,,,,,,,,,,,,,,,,,,,,,,,,,3961,谷村 一哉,82期,山口,山口,47,A1,,0,0,0.17,6.72,50.4,70.7,4.84,21.0,42.1,0,67,36.1,60.6,0,39,33.6,48.4,12,5,1,1,0.15,1,12,4,4,0.12,2,,,,,,9,3,3,0.24,1,3,6,6,0.25,3,11,2,2,0.26,6,3,5,5,0.13,4,12,1,1,0.16,1,,,,,,,,,,,,,,,,,,,,,,,,,,,,,,,5472,中川 海虹,138期,愛知,愛知,16,B2,,1,0,0.0,1.0,0.0,0.0,0.0,0.0,0.0,0,69,28.7,37.9,0,64,32.9,49.4,,5,6,6,0.34,6,,,,,,1,6,6,0.23,6,5,6,6,0.29,6,4,6,6,0.29,5,,,,,,2,6,6,0.24,6,7,6,6,0.18,6,,,,,,,,,,,,,,,,,,,,,,,,,,,,,,
202609171107,2026-09-17,11,07R,3905,天野 友和,80期,愛知,愛知,48,A2,,0,0,0.16,5.89,37.8,61.2,6.1,35.4,64.5,0,56,29.9,43.3,0,31,41.3,57.6,11,,,,,,8,3,3,0.07,3,5,1,1,0.12,3,11,5,5,0.12,3,3,4,4,0.2,2,8,2,2,0.08,3,7,3,3,0.12,3,11,6,6,0.13,4,,,,,,,,,,,,,,,,,,,,,,,,,,,,,,,4766,石井 孝之,112期,群馬,群馬,35,B1,,1,0,0.14,3.91,13.3,32.0,5.1,25.0,50.0,0,25,28.5,44.9,0,62,39.2,54.9,,1,2,2,0.18,1,8,4,4,0.12,5,2,5,5,0.05,3,,,,,,6,6,6,0.08,5,12,3,3,0.09,5,4,1,1,0.13,2,9,5,5,0.31,5,,,,,,,,,,,,,,,,,,,,,,,,,,,,,,,3454,井川 大作,65期,岡山,岡山,55,B1,賞除,0,0,0.17,5.25,35.6,54.0,4.29,25.0,32.1,0,29,40.4,57.5,0,53,37.5,56.7,3,3,4,4,0.15,6,8,2,2,0.08,2,,,,,,7,5,5,0.15,4,3,1,1,0.13,6,7,3,3,0.06,2,,,,,,8,6,6,0.24,3,,,,,,,,,,,,,,,,,,,,,,,,,,,,,,,4216,星 栄爾,91期,静岡,福島,41,B1,,0,0,0.15,4.8,25.7,50.5,4.97,21.0,42.1,0,22,28.1,48.9,0,33,31.0,49.0,2,,,,,,9,4,4,0.14,5,3,1,1,0.09,2,8,5,5,0.18,5,6,3,3,0.08,2,10,6,6,0.25,6,,,,,,7,2,2,0.19,4,,,,,,,,,,,,,,,,,,,,,,,,,,,,,,,5011,高木 圭大,121期,長崎,長崎,29,B1,,0,0,0.15,3.94,19.3,32.2,3.79,7.1,28.5,0,31,40.8,51.6,0,49,39.3,51.5,1,3,6,6,0.18,5,9,3,3,0.17,4,6,4,4,0.14,5,,,,,,3,5,5,0.25,5,,,,,,5,1,1,0.15,2,10,2,2,0.08,5,,,,,,,,,,,,,,,,,,,,,,,,,,,,,,,4786,佐藤 博亮,113期,愛知,愛知,38,A1,,1,0,0.14,6.59,54.8,70.1,7.03,58.0,67.7,0,20,31.6,52.0,0,68,41.7,53.4,12,4,5,5,0.09,5,11,1,1,0.16,1,2,4,4,0.09,1,8,2,2,0.09,1,8,3,3,0.09,1,12,6,6,0.13,4,,,,,,10,1,1,0.09,1,,,,,,,,,,,,,,,,,,,,,,,,,,,,,,
202609171108,2026-09-17,11,08R,4974,安井 瑞紀,120期,岡山,岡山,33,A2,,1,0,0.18,5.47,38.1,50.0,4.92,28.0,52.0,0,54,30.3,46.4,0,35,29.3,39.1,12,6,4,4,0.12,2,11,2,2,0.18,6,4,6,6,0.13,5,,,,,,2,1,1,0.17,2,10,5,5,0.19,4,5,4,4,0.15,3,9,3,3,0.23,1,,,,,,,,,,,,,,,,,,,,,,,,,,,,,,,4380,鈴木 峻佑,98期,静岡,静岡,42,B1,,0,0,0.17,4.91,30.1,43.4,4.23,25.7,34.2,0,17,25.7,37.1,0,34,43.7,58.3,3,4,4,4,0.09,4,8,1,1,0.09,1,,,,,,10,6,6,0.28,6,1,2,2,0.25,6,11,5,5,0.09,5,6,3,3,0.18,5,,,,,,,,,,,,,,,,,,,,,,,,,,,,,,,,,,,,4894,原村 拓也,117期,香川,香川,35,B1,,0,0,0.19,4.52,19.7,39.5,4.75,25.0,50.0,0,55,30.9,51.5,0,61,37.3,50.5,1,4,1,1,0.18,3,,,,,,2,2,2,0.17,2,12,5,5,0.14,4,1,4,4,0.29,5,10,3,3,0.27,5,,,,,,10,5,6,0.11,3,,,,,,,,,,,,,,,,,,,,,,,,,,,,,,,4747,山戸 信二,112期,長崎,熊本,41,B1,,0,0,0.17,3.52,13.7,27.5,4.8,20.0,40.0,0,64,31.3,49.4,0,18,32.9,50.5,2,1,3,3,0.23,転,10,6,6,0.26,5,4,5,5,0.15,6,,,,,,3,2,2,0.09,4,,,,,,2,1,1,0.27,5,6,4,4,0.18,4,,,,,,,,,,,,,,,,,,,,,,,,,,,,,,,4835,橋本 明,115期,広島,広島,38,B1,,0,0,0.15,5.06,27.7,48.1,5.27,13.3,60.0,0,44,32.9,45.3,0,56,25.0,43.4,4,3,1,1,0.15,4,,,,,,7,3,3,0.25,6,11,6,6,0.14,6,,,,,,10,2,2,0.28,3,1,5,5,0.09,3,8,4,4,0.2,6,,,,,,,,,,,,,,,,,,,,,,,,,,,,,,,5170,佐藤 太亮,127期,岡山,岡山,25,B1,,0,0,0.15,5.5,33.3,57.7,3.6,20.0,30.0,0,59,30.5,51.5,0,73,20.9,36.0,,2,5,5,0.22,5,10,3,3,0.12,3,5,2,2,0.12,4,,,,,,7,1,1,0.09,1,11,4,4,0.14,3,1,4,4,0.11,6,9,6,6,0.21,3,,,,,,,,,,,,,,,,,,,,,,,,,,,,,,
202609171109,2026-09-17,11,09R,4111,奥田 誠,88期,広島,広島,46,A2,,0,0,0.16,5.56,39.8,58.2,3.95,19.0,23.8,0,27,25.8,42.3,0,15,41.2,58.7,,4,2,2,0.15,2,9,6,6,0.21,6,4,3,3,0.16,2,9,1,1,0.26,2,,,,,,7,4,4,0.12,6,5,3,3,0.18,5,12,5,5,0.38,6,,,,,,,,,,,,,,,,,,,,,,,,,,,,,,,4821,妻鳥 晋也,114期,香川,愛媛,34,B1,,0,0,0.19,5.0,28.4,48.8,0.0,0.0,0.0,0,49,36.5,50.5,0,60,33.3,61.7,1,7,2,2,0.13,3,11,5,5,0.13,2,5,4,4,0.17,5,,,,,,4,3,3,0.17,沈,8,6,6,0.12,6,,,,,,8,1,1,0.19,1,,,,,,,,,,,,,,,,,,,,,,,,,,,,,,,3518,倉田 郁美,68期,静岡,愛知,58,B1,,0,0,0.19,4.17,17.9,38.4,7.0,66.6,75.0,0,46,32.6,53.6,0,12,40.0,50.0,2,6,2,2,0.1,3,10,5,5,0.21,6,,,,,,7,1,1,0.22,1,2,3,3,0.18,5,8,4,4,0.11,4,5,6,6,0.18,4,,,,,,,,,,,,,,,,,,,,,,,,,,,,,,,,,,,,4186,小川 時光,91期,埼玉,埼玉,45,B1,,0,0,0.17,3.78,18.7,31.2,3.4,0.0,0.0,0,43,28.8,43.3,0,37,34.3,58.5,4,4,6,6,0.15,6,,,,,,1,4,4,0.17,2,9,2,2,0.28,4,4,1,1,0.13,1,9,5,5,0.16,6,4,3,3,0.13,6,,,,,,,,,,,,,,,,,,,,,,,,,,,,,,,,,,,,4183,宇野 弥生,90期,愛知,埼玉,40,B1,,2,0,0.13,5.23,39.5,48.8,7.37,59.2,74.0,0,62,24.5,39.2,0,25,41.9,61.9,3,6,3,3,0.14,6,,,,,,2,1,1,0.23,6,9,5,5,0.3,6,2,2,2,0.23,4,9,3,3,0.2,2,6,6,6,0.26,6,,,,,,,,,,,,,,,,,,,,,,,,,,,,,,,,,,,,3793,高橋 真吾,77期,埼玉,東京,53,B1,,0,0,0.16,4.13,25.0,37.5,3.8,20.0,30.0,0,39,30.6,50.0,0,72,34.6,52.4,5,5,3,3,0.06,5,,,,,,3,6,6,0.15,6,10,2,2,0.27,3,4,4,4,0.1,2,,,,,,3,1,1,0.19,1,7,5,5,0.19,5,,,,,,,,,,,,,,,,,,,,,,,,,,,,,,
202609171110,2026-09-17,11,10R,3918,深井 利寿,81期,滋賀,滋賀,52,A1,,0,0,0.18,6.7,42.9,73.6,6.89,49.3,72.3,0,40,42.4,55.5,0,41,44.5,57.4,2,3,5,5,0.17,3,12,2,2,0.16,5,5,3,3,0.15,1,12,1,1,0.17,1,,,,,,10,4,4,0.26,1,6,5,5,0.15,3,11,1,1,0.09,2,,,,,,,,,,,,,,,,,,,,,,,,,,,,,,,4124,池田 雄一,88期,静岡,静岡,44,A2,,1,0,0.16,5.97,39.4,63.4,5.52,40.0,56.0,0,14,36.1,59.5,0,55,26.6,41.4,4,,,,,,7,6,6,0.18,4,6,5,5,0.14,1,12,2,2,0.18,2,3,3,3,0.11,1,9,4,4,0.19,4,6,1,1,0.13,1,12,3,3,0.18,2,,,,,,,,,,,,,,,,,,,,,,,,,,,,,,,5032,谷口 知優,122期,香川,愛媛,28,A2,,0,0,0.16,4.89,30.7,46.4,0.0,0.0,0.0,0,66,29.8,43.2,0,44,37.0,49.0,5,,,,,,8,5,5,0.16,4,4,1,1,0.16,1,8,3,3,0.09,3,6,2,2,0.08,1,11,6,6,0.08,4,4,4,4,0.09,4,11,3,3,0.11,1,,,,,,,,,,,,,,,,,,,,,,,,,,,,,,,4983,前田 篤哉,120期,愛知,愛知,29,A1,,1,0,0.15,6.62,52.1,64.7,7.71,58.3,79.1,0,70,32.2,47.9,0,20,44.1,58.8,3,7,4,4,0.18,1,12,1,1,0.18,4,7,6,6,0.17,5,12,3,3,0.19,3,4,5,5,0.13,4,11,1,1,0.28,2,5,2,2,0.17,1,,,,,,,,,,,,,,,,,,,,,,,,,,,,,,,,,,,,3896,上田 洋平,80期,滋賀,滋賀,50,B1,,0,0,0.16,5.14,25.0,56.9,5.34,34.1,54.7,0,32,35.3,46.4,0,47,38.1,55.2,1,,,,,,7,5,5,0.12,6,1,1,1,0.23,1,7,4,4,0.2,3,1,3,3,0.3,1,,,,,,2,5,5,0.19,3,9,2,2,0.19,4,,,,,,,,,,,,,,,,,,,,,,,,,,,,,,,4012,中村 有裕,84期,滋賀,滋賀,46,A2,,0,0,0.16,6.45,48.7,64.6,6.28,47.1,67.2,0,12,49.0,63.7,0,29,35.7,54.7,6,5,5,5,0.12,4,10,2,2,0.09,1,2,3,3,0.11,4,11,4,4,0.15,5,,,,,,9,1,1,0.18,1,4,5,5,0.04,3,8,3,3,0.21,4,,,,,,,,,,,,,,,,,,,,,,,,,,,,,,
202609171111,2026-09-17,11,11R,5278,田中 駿兵,131期,徳島,徳島,24,A1,,1,0,0.14,6.79,54.9,70.3,4.33,11.1,33.3,0,58,26.8,45.3,0,48,22.4,46.0,4,4,3,3,0.14,1,12,6,6,0.19,6,6,2,2,0.2,2,10,4,4,0.19,2,7,5,5,0.07,3,12,1,1,0.04,1,4,2,2,0.16,1,,,,,,,,,,,,,,,,,,,,,,,,,,,,,,,,,,,,5132,中野 希一,126期,埼玉,埼玉,27,A1,,1,0,0.13,6.74,54.5,68.9,8.27,72.7,100.0,0,51,31.3,50.5,0,17,39.3,54.2,5,2,2,2,0.17,3,12,5,5,0.17,1,3,3,3,0.14,4,11,1,1,0.14,1,5,4,4,0.15,2,9,6,6,0.22,3,,,,,,9,1,1,0.19,2,,,,,,,,,,,,,,,,,,,,,,,,,,,,,,,4540,相原 利章,104期,東京,東京,39,A2,,1,0,0.12,5.01,28.1,45.8,0.0,0.0,0.0,0,24,24.6,42.4,0,27,28.8,45.3,6,3,2,2,0.15,1,11,6,6,0.11,3,5,5,5,0.15,2,10,1,1,0.14,1,5,3,3,0.1,3,,,,,,2,4,4,0.18,4,12,2,2,0.16,3,,,,,,,,,,,,,,,,,,,,,,,,,,,,,,,3435,寺田 千恵,65期,岡山,福岡,57,A2,,0,0,0.15,6.44,43.3,63.7,6.86,50.0,76.1,0,35,23.5,41.1,0,30,28.1,42.7,1,6,1,1,0.1,1,12,3,3,0.18,3,,,,,,8,4,4,0.17,4,2,5,5,0.11,3,12,2,2,0.12,2,3,6,6,0.12,2,8,2,2,0.14,5,,,,,,,,,,,,,,,,,,,,,,,,,,,,,,,3905,天野 友和,80期,愛知,愛知,48,A2,,0,0,0.16,5.89,37.8,61.2,6.1,35.4,64.5,0,56,29.9,43.3,0,31,41.3,57.6,7,,,,,,8,3,3,0.07,3,5,1,1,0.12,3,11,5,5,0.12,3,3,4,4,0.2,2,8,2,2,0.08,3,7,3,3,0.12,3,11,6,6,0.13,4,,,,,,,,,,,,,,,,,,,,,,,,,,,,,,,4947,間庭 菜摘,119期,福岡,福岡,34,B1,,0,0,0.17,4.79,22.3,46.2,5.26,31.5,52.6,0,16,30.8,46.8,0,45,30.6,47.9,3,6,6,6,0.27,5,,,,,,1,2,2,0.21,3,10,5,5,0.27,5,2,4,4,0.13,1,6,1,1,0.04,3,1,3,3,0.08,1,12,4,4,0.21,4,,,,,,,,,,,,,,,,,,,,,,,,,,,,,,
202609171112,2026-09-17,11,12R,4786,佐藤 博亮,113期,愛知,愛知,38,A1,,1,0,0.14,6.59,54.8,70.1,7.03,58.0,67.7,0,20,31.6,52.0,0,68,41.7,53.4,7,4,5,5,0.09,5,11,1,1,0.16,1,2,4,4,0.09,1,8,2,2,0.09,1,8,3,3,0.09,1,12,6,6,0.13,4,,,,,,10,1,1,0.09,1,,,,,,,,,,,,,,,,,,,,,,,,,,,,,,,3961,谷村 一哉,82期,山口,山口,47,A1,,0,0,0.17,6.72,50.4,70.7,4.84,21.0,42.1,0,67,36.1,60.6,0,39,33.6,48.4,6,5,1,1,0.15,1,12,4,4,0.12,2,,,,,,9,3,3,0.24,1,3,6,6,0.25,3,11,2,2,0.26,6,3,5,5,0.13,4,12,1,1,0.16,1,,,,,,,,,,,,,,,,,,,,,,,,,,,,,,,4486,野村 誠,102期,群馬,群馬,40,A2,,1,0,0.18,5.8,40.3,57.8,5.0,23.8,52.3,0,36,27.4,52.9,0,19,31.0,49.5,4,3,3,3,0.18,2,10,1,1,0.18,2,3,2,2,0.1,1,12,6,6,0.06,5,6,4,4,0.14,4,,,,,,2,2,2,0.24,1,8,5,5,0.23,2,,,,,,,,,,,,,,,,,,,,,,,,,,,,,,,4108,吉村 正明,88期,山口,山口,46,A1,,0,0,0.14,5.93,42.3,56.5,6.2,40.0,60.0,0,68,28.5,45.9,0,43,46.1,57.6,5,,,,,,10,4,4,0.15,4,6,6,6,0.12,3,11,2,2,0.13,2,5,5,5,0.13,6,10,1,1,0.31,2,6,2,2,0.17,2,10,3,3,0.07,2,,,,,,,,,,,,,,,,,,,,,,,,,,,,,,,3708,岡部 貴司,74期,岡山,岡山,52,B1,,0,0,0.16,5.2,31.4,48.3,6.13,36.6,70.0,0,34,31.3,50.5,0,40,26.3,37.8,2,1,5,5,0.21,2,9,2,2,0.13,2,6,1,1,0.17,4,,,,,,5,6,6,0.18,5,12,4,4,0.09,3,2,3,3,0.19,2,11,4,4,0.11,3,,,,,,,,,,,,,,,,,,,,,,,,,,,,,,,4974,安井 瑞紀,120期,岡山,岡山,33,A2,,1,0,0.18,5.47,38.1,50.0,4.92,28.0,52.0,0,54,30.3,46.4,0,35,29.3,39.1,8,6,4,4,0.12,2,11,2,2,0.18,6,4,6,6,0.13,5,,,,,,2,1,1,0.17,2,10,5,5,0.19,4,5,4,4,0.15,3,9,3,3,0.23,1,,,,,,,,,,,,,,,,,,,,,,,,,,,,,,
202609171301,2026-09-17,13,01R,3891,谷口 健一,80期,福井,福井,50,B1,,0,0,0.18,3.48,15.7,23.1,3.2,10.0,20.0,0,43,16.4,32.9,0,32,29.4,50.8,5,6,3,3,0.11,5,,,,,,,,,,,,,,,,,,,,,,,,,,,,,,,,,,,,,,,,,,,,,,,,,,,,,,,,,,,,,,,,,,3656,伯母 芳恒,72期,東京,山梨,52,B1,,1,0,0.19,4.91,27.5,46.3,4.53,30.0,43.3,0,42,18.4,35.9,0,70,28.9,49.5,,2,3,3,0.25,5,10,6,6,0.26,6,,,,,,,,,,,,,,,,,,,,,,,,,,,,,,,,,,,,,,,,,,,,,,,,,,,,,,,,,,,,,3422,服部 幸男,64期,静岡,静岡,55,A2,,0,0,0.14,5.88,39.8,55.9,0.0,0.0,0.0,0,48,32.4,46.8,0,66,27.5,45.8,11,,,,,,9,1,1,0.19,5,,,,,,,,,,,,,,,,,,,,,,,,,,,,,,,,,,,,,,,,,,,,,,,,,,,,,,,,,,,,,4202,浮田 圭浩,91期,岡山,岡山,44,B1,,0,0,0.19,4.57,21.4,41.6,4.44,11.1,44.4,0,39,46.0,63.7,0,44,40.5,55.8,8,4,6,6,0.22,5,,,,,,,,,,,,,,,,,,,,,,,,,,,,,,,,,,,,,,,,,,,,,,,,,,,,,,,,,,,,,,,,,,5318,河内 一馬,133期,愛知,愛知,25,B1,,1,0,0.17,4.06,21.6,32.5,3.17,16.6,33.3,0,50,24.3,43.9,0,64,36.6,61.6,6,2,6,6,0.32,6,,,,,,,,,,,,,,,,,,,,,,,,,,,,,,,,,,,,,,,,,,,,,,,,,,,,,,,,,,,,,,,,,,5421,原田 朱理,137期,兵庫,大阪,24,B2,,0,0,0.24,1.38,1.6,3.3,1.65,3.2,3.2,0,57,32.7,54.8,0,17,21.1,44.2,7,3,4,4,0.17,6,,,,,,,,,,,,,,,,,,,,,,,,,,,,,,,,,,,,,,,,,,,,,,,,,,,,,,,,,,,,,,,,,
202609171302,2026-09-17,13,02R,3535,渡 修平,68期,兵庫,兵庫,54,B1,,0,0,0.2,4.06,19.7,34.5,4.38,21.5,38.4,0,11,34.2,50.0,0,28,25.4,40.9,6,4,4,4,0.19,6,,,,,,,,,,,,,,,,,,,,,,,,,,,,,,,,,,,,,,,,,,,,,,,,,,,,,,,,,,,,,,,,,,3412,鈴木 博,64期,埼玉,埼玉,57,A1,,0,0,0.16,6.41,49.5,66.1,5.62,38.4,57.6,0,58,21.9,31.4,0,39,32.7,46.3,9,4,5,5,0.19,4,11,1,1,0.14,1,,,,,,,,,,,,,,,,,,,,,,,,,,,,,,,,,,,,,,,,,,,,,,,,,,,,,,,,,,,,,4405,南野 利騰,99期,福井,石川,41,B1,,1,0,0.16,4.56,22.5,41.9,3.56,6.2,31.2,0,6,22.4,42.9,0,30,35.5,51.4,7,5,5,5,0.17,6,,,,,,,,,,,,,,,,,,,,,,,,,,,,,,,,,,,,,,,,,,,,,,,,,,,,,,,,,,,,,,,,,,3874,山本 寛久,79期,岡山,岡山,50,A2,,0,0,0.17,7.14,51.3,75.2,7.08,48.0,60.0,0,3,34.5,51.4,0,37,37.2,53.9,10,,,,,,8,5,5,0.18,4,,,,,,,,,,,,,,,,,,,,,,,,,,,,,,,,,,,,,,,,,,,,,,,,,,,,,,,,,,,,,3566,川添 英正,70期,福岡,福岡,56,B1,,0,0,0.19,4.42,20.8,37.5,4.56,33.3,44.4,0,9,42.1,64.9,0,18,32.7,50.4,,1,5,6,0.14,5,9,2,2,0.24,6,,,,,,,,,,,,,,,,,,,,,,,,,,,,,,,,,,,,,,,,,,,,,,,,,,,,,,,,,,,,,5245,倉富 大誠,130期,愛知,愛知,24,B1,,1,0,0.18,5.28,35.4,52.0,3.47,10.5,21.0,0,56,50.9,69.0,0,48,30.3,45.5,12,5,2,2,0.12,2,,,,,,,,,,,,,,,,,,,,,,,,,,,,,,,,,,,,,,,,,,,,,,,,,,,,,,,,,,,,,,,,,
202609171303,2026-09-17,13,03R,3949,今出 晋二,82期,岡山,岡山,50,B1,,1,0,0.18,3.75,14.4,31.5,0.0,0.0,0.0,0,63,44.3,64.3,0,51,30.0,40.7,,3,2,2,0.29,5,11,5,5,0.11,6,,,,,,,,,,,,,,,,,,,,,,,,,,,,,,,,,,,,,,,,,,,,,,,,,,,,,,,,,,,,,4171,榎 幸司,90期,長崎,長崎,44,A2,,0,0,0.19,6.16,46.2,63.0,6.82,46.4,75.0,0,16,44.2,66.3,0,41,36.5,50.0,12,4,3,3,0.16,2,10,5,5,0.21,2,,,,,,,,,,,,,,,,,,,,,,,,,,,,,,,,,,,,,,,,,,,,,,,,,,,,,,,,,,,,,3690,河合 三弘,74期,愛知,愛知,55,B1,,0,0,0.19,4.74,29.4,44.1,3.22,11.1,11.1,0,45,35.7,52.6,0,60,33.6,51.8,11,,,,,,7,1,1,0.16,2,,,,,,,,,,,,,,,,,,,,,,,,,,,,,,,,,,,,,,,,,,,,,,,,,,,,,,,,,,,,,3752,宇土 泰就,76期,福岡,福岡,55,B1,,0,0,0.17,4.21,15.9,39.3,3.35,11.7,29.4,0,35,39.8,57.5,0,46,34.9,52.8,7,6,2,2,0.18,3,,,,,,,,,,,,,,,,,,,,,,,,,,,,,,,,,,,,,,,,,,,,,,,,,,,,,,,,,,,,,,,,,,3987,後藤 正宗,83期,静岡,静岡,48,A1,,1,0,0.17,6.02,42.7,63.5,4.6,30.0,40.0,0,33,24.7,45.8,0,74,41.0,52.6,10,3,3,3,0.22,1,10,4,4,0.16,5,,,,,,,,,,,,,,,,,,,,,,,,,,,,,,,,,,,,,,,,,,,,,,,,,,,,,,,,,,,,,5456,今村 天次朗,138期,兵庫,兵庫,20,B2,,0,0,0.0,2.07,1.6,6.6,2.17,0.0,4.3,0,30,27.8,42.3,0,47,23.8,39.4,9,1,6,4,0.04,2,,,,,,,,,,,,,,,,,,,,,,,,,,,,,,,,,,,,,,,,,,,,,,,,,,,,,,,,,,,,,,,,,
202609171304,2026-09-17,13,04R,5086,本村 大,124期,長崎,長崎,27,B1,,1,0,0.2,3.99,23.1,31.8,0.0,0.0,0.0,0,44,36.8,53.5,0,16,21.3,36.1,10,5,3,3,0.19,3,,,,,,,,,,,,,,,,,,,,,,,,,,,,,,,,,,,,,,,,,,,,,,,,,,,,,,,,,,,,,,,,,,4837,酒井 陽祐,115期,愛知,愛知,37,B1,,0,0,0.16,5.11,34.0,53.8,4.56,25.9,40.7,0,8,40.7,61.0,0,59,37.8,53.1,,6,6,6,0.12,4,11,3,3,0.12,5,,,,,,,,,,,,,,,,,,,,,,,,,,,,,,,,,,,,,,,,,,,,,,,,,,,,,,,,,,,,,4403,木下 大將,99期,福岡,福岡,41,A2,,1,0,0.15,6.47,47.4,66.9,5.67,46.6,66.6,0,7,34.8,53.2,0,68,26.7,38.6,9,,,,,,7,6,6,0.15,4,,,,,,,,,,,,,,,,,,,,,,,,,,,,,,,,,,,,,,,,,,,,,,,,,,,,,,,,,,,,,4818,伏見 俊介,114期,東京,香川,35,B2,,1,0,0.13,2.93,17.0,19.5,0.0,0.0,0.0,0,18,40.1,58.9,0,14,35.7,49.5,8,6,5,5,0.15,6,,,,,,,,,,,,,,,,,,,,,,,,,,,,,,,,,,,,,,,,,,,,,,,,,,,,,,,,,,,,,,,,,,4025,山本 隆幸,85期,兵庫,兵庫,48,A1,,0,0,0.18,6.63,52.9,66.6,6.1,44.3,62.5,0,32,37.8,53.1,0,20,28.9,44.8,12,7,2,2,0.18,1,12,4,4,0.21,5,,,,,,,,,,,,,,,,,,,,,,,,,,,,,,,,,,,,,,,,,,,,,,,,,,,,,,,,,,,,,4097,貫地谷 直人,87期,広島,広島,44,B1,,0,0,0.22,3.45,12.5,25.0,5.0,27.2,63.6,0,53,29.2,43.3,0,73,42.7,50.9,11,4,1,1,0.14,3,,,,,,,,,,,,,,,,,,,,,,,,,,,,,,,,,,,,,,,,,,,,,,,,,,,,,,,,,,,,,,,,,
202609171305,2026-09-17,13,05R,3226,浦田 信義,57期,東京,東京,61,B1,,0,0,0.19,4.5,20.7,42.6,4.95,26.3,47.3,0,4,49.5,61.9,0,65,33.6,53.6,12,,,,,,9,4,4,0.09,4,,,,,,,,,,,,,,,,,,,,,,,,,,,,,,,,,,,,,,,,,,,,,,,,,,,,,,,,,,,,,3685,荒井 輝年,73期,岡山,岡山,52,A2,,2,0,0.15,5.92,42.0,57.9,3.8,20.0,30.0,0,25,41.9,61.6,0,43,44.8,61.6,11,,,,,,7,3,3,0.2,3,,,,,,,,,,,,,,,,,,,,,,,,,,,,,,,,,,,,,,,,,,,,,,,,,,,,,,,,,,,,,3992,関口 智久,83期,埼玉,埼玉,47,B1,,1,0,0.14,5.11,32.3,49.3,6.28,33.3,72.2,0,38,23.5,41.5,0,12,31.4,50.0,,2,5,5,0.27,4,8,1,1,0.17,1,,,,,,,,,,,,,,,,,,,,,,,,,,,,,,,,,,,,,,,,,,,,,,,,,,,,,,,,,,,,,3891,谷口 健一,80期,福井,福井,50,B1,,0,0,0.18,3.48,15.7,23.1,3.2,10.0,20.0,0,43,16.4,32.9,0,32,29.4,50.8,1,6,3,3,0.11,5,,,,,,,,,,,,,,,,,,,,,,,,,,,,,,,,,,,,,,,,,,,,,,,,,,,,,,,,,,,,,,,,,,4409,坂元 浩仁,99期,愛知,愛知,40,A1,,1,0,0.15,6.41,47.6,60.9,6.49,59.4,67.5,0,19,26.9,38.4,0,75,38.8,53.7,10,4,2,2,0.15,1,12,6,6,0.2,4,,,,,,,,,,,,,,,,,,,,,,,,,,,,,,,,,,,,,,,,,,,,,,,,,,,,,,,,,,,,,3372,加藤 雅之,63期,広島,広島,59,B2,,0,0,0.21,3.25,10.5,15.7,0.0,0.0,0.0,0,23,53.1,67.2,0,62,28.1,42.7,,2,1,1,0.22,2,7,5,5,0.13,6,,,,,,,,,,,,,,,,,,,,,,,,,,,,,,,,,,,,,,,,,,,,,,,,,,,,,,,,,,,,
202609171306,2026-09-17,13,06R,4061,萩原 秀人,86期,福井,福井,47,A1,,0,0,0.14,7.45,56.1,70.1,6.42,30.5,52.7,0,36,35.6,52.1,0,38,37.0,61.1,12,3,6,6,0.13,3,12,2,2,0.18,2,,,,,,,,,,,,,,,,,,,,,,,,,,,,,,,,,,,,,,,,,,,,,,,,,,,,,,,,,,,,,4782,浜崎 準也,113期,岡山,岡山,39,B1,,1,0,0.18,4.73,24.0,43.0,4.13,12.5,25.0,0,49,31.5,44.1,0,40,24.5,45.4,,1,4,5,0.28,6,10,3,3,0.32,3,,,,,,,,,,,,,,,,,,,,,,,,,,,,,,,,,,,,,,,,,,,,,,,,,,,,,,,,,,,,,5318,河内 一馬,133期,愛知,愛知,25,B1,,1,0,0.17,4.06,21.6,32.5,3.17,16.6,33.3,0,50,24.3,43.9,0,64,36.6,61.6,1,2,6,6,0.32,6,,,,,,,,,,,,,,,,,,,,,,,,,,,,,,,,,,,,,,,,,,,,,,,,,,,,,,,,,,,,,,,,,,4402,乙藤 智史,99期,福岡,福岡,41,A2,,0,0,0.17,6.1,44.9,60.5,6.67,44.4,77.7,0,22,20.7,36.6,0,24,28.8,43.2,11,,,,,,8,2,2,0.21,5,,,,,,,,,,,,,,,,,,,,,,,,,,,,,,,,,,,,,,,,,,,,,,,,,,,,,,,,,,,,,3535,渡 修平,68期,兵庫,兵庫,54,B1,,0,0,0.2,4.06,19.7,34.5,4.38,21.5,38.4,0,11,34.2,50.0,0,28,25.4,40.9,2,4,4,4,0.19,6,,,,,,,,,,,,,,,,,,,,,,,,,,,,,,,,,,,,,,,,,,,,,,,,,,,,,,,,,,,,,,,,,,4211,村田 敦,91期,東京,神奈川,43,B1,,0,0,0.15,4.63,28.5,43.8,3.89,22.2,33.3,0,51,29.3,47.4,0,36,50.0,57.6,,1,1,1,0.12,1,7,4,4,0.14,5,,,,,,,,,,,,,,,,,,,,,,,,,,,,,,,,,,,,,,,,,,,,,,,,,,,,,,,,,,,,
202609171307,2026-09-17,13,07R,3752,宇土 泰就,76期,福岡,福岡,55,B1,,0,0,0.17,4.21,15.9,39.3,3.35,11.7,29.4,0,35,39.8,57.5,0,46,34.9,52.8,3,6,2,2,0.18,3,,,,,,,,,,,,,,,,,,,,,,,,,,,,,,,,,,,,,,,,,,,,,,,,,,,,,,,,,,,,,,,,,,4331,三好 勇人,96期,香川,愛媛,43,A2,,0,0,0.16,6.11,41.8,60.6,5.36,40.9,50.0,0,29,25.4,38.1,0,11,30.6,53.1,,2,4,4,0.21,3,9,3,3,0.12,3,,,,,,,,,,,,,,,,,,,,,,,,,,,,,,,,,,,,,,,,,,,,,,,,,,,,,,,,,,,,,4635,峰重 力也,107期,岡山,岡山,36,A2,,0,0,0.13,5.34,36.8,51.3,4.67,33.3,40.0,0,1,35.0,45.6,0,19,38.6,61.4,12,,,,,,9,6,6,0.01,2,,,,,,,,,,,,,,,,,,,,,,,,,,,,,,,,,,,,,,,,,,,,,,,,,,,,,,,,,,,,,4405,南野 利騰,99期,福井,石川,41,B1,,1,0,0.16,4.56,22.5,41.9,3.56,6.2,31.2,0,6,22.4,42.9,0,30,35.5,51.4,2,5,5,5,0.17,6,,,,,,,,,,,,,,,,,,,,,,,,,,,,,,,,,,,,,,,,,,,,,,,,,,,,,,,,,,,,,,,,,,5421,原田 朱理,137期,兵庫,大阪,24,B2,,0,0,0.24,1.38,1.6,3.3,1.65,3.2,3.2,0,57,32.7,54.8,0,17,21.1,44.2,1,3,4,4,0.17,6,,,,,,,,,,,,,,,,,,,,,,,,,,,,,,,,,,,,,,,,,,,,,,,,,,,,,,,,,,,,,,,,,,5096,上原 崚,125期,東京,沖縄,31,A2,,0,0,0.16,6.04,37.7,58.7,6.0,42.8,57.1,0,27,23.5,41.1,0,57,33.9,49.1,,5,4,4,0.17,4,11,2,2,0.11,2,,,,,,,,,,,,,,,,,,,,,,,,,,,,,,,,,,,,,,,,,,,,,,,,,,,,,,,,,,,,
202609171308,2026-09-17,13,08R,4057,松井 賢治,86期,兵庫,兵庫,47,A2,,0,0,0.15,5.79,39.0,60.1,6.25,46.0,68.3,0,34,31.2,49.1,0,63,27.8,40.8,,2,2,2,0.21,1,11,4,4,0.09,4,,,,,,,,,,,,,,,,,,,,,,,,,,,,,,,,,,,,,,,,,,,,,,,,,,,,,,,,,,,,,3908,重成 一人,80期,香川,香川,48,A1,,0,0,0.15,5.84,37.9,58.0,6.95,50.0,65.7,0,47,24.3,45.9,0,53,30.0,43.6,,5,1,1,0.09,1,12,5,5,0.17,6,,,,,,,,,,,,,,,,,,,,,,,,,,,,,,,,,,,,,,,,,,,,,,,,,,,,,,,,,,,,,4202,浮田 圭浩,91期,岡山,岡山,44,B1,,0,0,0.19,4.57,21.4,41.6,4.44,11.1,44.4,0,39,46.0,63.7,0,44,40.5,55.8,1,4,6,6,0.22,5,,,,,,,,,,,,,,,,,,,,,,,,,,,,,,,,,,,,,,,,,,,,,,,,,,,,,,,,,,,,,,,,,,3929,杢野 誓良,81期,愛知,愛知,50,B1,,0,0,0.16,4.35,19.6,38.2,4.5,22.2,33.3,0,46,29.4,50.0,0,72,40.2,56.8,,1,2,2,0.11,3,8,6,6,0.32,6,,,,,,,,,,,,,,,,,,,,,,,,,,,,,,,,,,,,,,,,,,,,,,,,,,,,,,,,,,,,,3562,山下 和彦,70期,広島,広島,57,A2,,0,0,0.18,6.26,46.8,66.4,6.0,41.9,58.0,0,13,38.1,51.8,0,71,35.5,50.4,,6,4,4,0.14,2,10,1,1,0.3,4,,,,,,,,,,,,,,,,,,,,,,,,,,,,,,,,,,,,,,,,,,,,,,,,,,,,,,,,,,,,,4818,伏見 俊介,114期,東京,香川,35,B2,,1,0,0.13,2.93,17.0,19.5,0.0,0.0,0.0,0,18,40.1,58.9,0,14,35.7,49.5,4,6,5,5,0.15,6,,,,,,,,,,,,,,,,,,,,,,,,,,,,,,,,,,,,,,,,,,,,,,,,,,,,,,,,,,,,,,,,,
202609171309,2026-09-17,13,09R,4403,木下 大將,99期,福岡,福岡,41,A2,,1,0,0.15,6.47,47.4,66.9,5.67,46.6,66.6,0,7,34.8,53.2,0,68,26.7,38.6,4,,,,,,7,6,6,0.15,4,,,,,,,,,,,,,,,,,,,,,,,,,,,,,,,,,,,,,,,,,,,,,,,,,,,,,,,,,,,,,4643,近江 翔吾,107期,香川,大阪,33,A2,,0,0,0.13,6.52,46.3,63.9,5.65,41.1,47.0,0,31,31.9,50.8,0,15,29.7,49.5,,1,3,3,0.09,4,11,6,6,0.07,3,,,,,,,,,,,,,,,,,,,,,,,,,,,,,,,,,,,,,,,,,,,,,,,,,,,,,,,,,,,,,3687,花田 和明,74期,愛知,愛知,56,B1,,0,0,0.16,4.94,29.4,47.0,4.41,18.5,37.0,0,52,24.3,40.1,0,45,36.4,54.2,,3,1,1,0.1,2,9,5,5,0.02,1,,,,,,,,,,,,,,,,,,,,,,,,,,,,,,,,,,,,,,,,,,,,,,,,,,,,,,,,,,,,,3412,鈴木 博,64期,埼玉,埼玉,57,A1,,0,0,0.16,6.41,49.5,66.1,5.62,38.4,57.6,0,58,21.9,31.4,0,39,32.7,46.3,2,4,5,5,0.19,4,11,1,1,0.14,1,,,,,,,,,,,,,,,,,,,,,,,,,,,,,,,,,,,,,,,,,,,,,,,,,,,,,,,,,,,,,5456,今村 天次朗,138期,兵庫,兵庫,20,B2,,0,0,0.0,2.07,1.6,6.6,2.17,0.0,4.3,0,30,27.8,42.3,0,47,23.8,39.4,3,1,6,4,0.04,2,,,,,,,,,,,,,,,,,,,,,,,,,,,,,,,,,,,,,,,,,,,,,,,,,,,,,,,,,,,,,,,,,,4584,村岡 賢人,105期,岡山,鳥取,36,A1,,1,0,0.12,6.51,43.3,63.3,6.36,42.8,57.1,0,15,38.1,50.9,0,69,26.6,45.8,,6,1,1,0.08,1,12,3,3,0.18,3,,,,,,,,,,,,,,,,,,,,,,,,,,,,,,,,,,,,,,,,,,,,,,,,,,,,,,,,,,,,
202609171310,2026-09-17,13,10R,3987,後藤 正宗,83期,静岡,静岡,48,A1,,1,0,0.17,6.02,42.7,63.5,4.6,30.0,40.0,0,33,24.7,45.8,0,74,41.0,52.6,3,3,3,3,0.22,1,10,4,4,0.16,5,,,,,,,,,,,,,,,,,,,,,,,,,,,,,,,,,,,,,,,,,,,,,,,,,,,,,,,,,,,,,3874,山本 寛久,79期,岡山,岡山,50,A2,,0,0,0.17,7.14,51.3,75.2,7.08,48.0,60.0,0,3,34.5,51.4,0,37,37.2,53.9,2,,,,,,8,5,5,0.18,4,,,,,,,,,,,,,,,,,,,,,,,,,,,,,,,,,,,,,,,,,,,,,,,,,,,,,,,,,,,,,4409,坂元 浩仁,99期,愛知,愛知,40,A1,,1,0,0.15,6.41,47.6,60.9,6.49,59.4,67.5,0,19,26.9,38.4,0,75,38.8,53.7,5,4,2,2,0.15,1,12,6,6,0.2,4,,,,,,,,,,,,,,,,,,,,,,,,,,,,,,,,,,,,,,,,,,,,,,,,,,,,,,,,,,,,,5086,本村 大,124期,長崎,長崎,27,B1,,1,0,0.2,3.99,23.1,31.8,0.0,0.0,0.0,0,44,36.8,53.5,0,16,21.3,36.1,4,5,3,3,0.19,3,,,,,,,,,,,,,,,,,,,,,,,,,,,,,,,,,,,,,,,,,,,,,,,,,,,,,,,,,,,,,,,,,,4463,三苫 晃幸,101期,福岡,福岡,40,A2,,0,0,0.15,6.22,43.0,68.8,5.78,37.5,60.0,0,40,41.9,57.1,0,42,34.5,56.3,,5,6,6,0.16,5,10,2,2,0.25,1,,,,,,,,,,,,,,,,,,,,,,,,,,,,,,,,,,,,,,,,,,,,,,,,,,,,,,,,,,,,,4641,磯村 匠,107期,東京,東京,35,B1,,2,0,0.19,4.57,24.4,38.7,5.39,27.7,61.1,0,61,42.2,51.7,0,52,26.6,46.7,,3,5,5,0.16,4,8,3,3,0.21,2,,,,,,,,,,,,,,,,,,,,,,,,,,,,,,,,,,,,,,,,,,,,,,,,,,,,,,,,,,,,
202609171311,2026-09-17,13,11R,4402,乙藤 智史,99期,福岡,福岡,41,A2,,0,0,0.17,6.1,44.9,60.5,6.67,44.4,77.7,0,22,20.7,36.6,0,24,28.8,43.2,6,,,,,,8,2,2,0.21,5,,,,,,,,,,,,,,,,,,,,,,,,,,,,,,,,,,,,,,,,,,,,,,,,,,,,,,,,,,,,,4097,貫地谷 直人,87期,広島,広島,44,B1,,0,0,0.22,3.45,12.5,25.0,5.0,27.2,63.6,0,53,29.2,43.3,0,73,42.7,50.9,4,4,1,1,0.14,3,,,,,,,,,,,,,,,,,,,,,,,,,,,,,,,,,,,,,,,,,,,,,,,,,,,,,,,,,,,,,,,,,,4446,和田 兼輔,100期,兵庫,兵庫,39,A1,,1,0,0.13,6.76,47.5,68.3,6.34,47.3,64.8,0,59,20.0,35.2,0,56,44.4,52.7,,8,4,4,0.16,3,12,1,1,0.11,1,,,,,,,,,,,,,,,,,,,,,,,,,,,,,,,,,,,,,,,,,,,,,,,,,,,,,,,,,,,,,3422,服部 幸男,64期,静岡,静岡,55,A2,,0,0,0.14,5.88,39.8,55.9,0.0,0.0,0.0,0,48,32.4,46.8,0,66,27.5,45.8,1,,,,,,9,1,1,0.19,5,,,,,,,,,,,,,,,,,,,,,,,,,,,,,,,,,,,,,,,,,,,,,,,,,,,,,,,,,,,,,3690,河合 三弘,74期,愛知,愛知,55,B1,,0,0,0.19,4.74,29.4,44.1,3.22,11.1,11.1,0,45,35.7,52.6,0,60,33.6,51.8,3,,,,,,7,1,1,0.16,2,,,,,,,,,,,,,,,,,,,,,,,,,,,,,,,,,,,,,,,,,,,,,,,,,,,,,,,,,,,,,3685,荒井 輝年,73期,岡山,岡山,52,A2,,2,0,0.15,5.92,42.0,57.9,3.8,20.0,30.0,0,25,41.9,61.6,0,43,44.8,61.6,5,,,,,,7,3,3,0.2,3,,,,,,,,,,,,,,,,,,,,,,,,,,,,,,,,,,,,,,,,,,,,,,,,,,,,,,,,,,,,
202609171312,2026-09-17,13,12R,4025,山本 隆幸,85期,兵庫,兵庫,48,A1,,0,0,0.18,6.63,52.9,66.6,6.1,44.3,62.5,0,32,37.8,53.1,0,20,28.9,44.8,4,7,2,2,0.18,1,12,4,4,0.21,5,,,,,,,,,,,,,,,,,,,,,,,,,,,,,,,,,,,,,,,,,,,,,,,,,,,,,,,,,,,,,4635,峰重 力也,107期,岡山,岡山,36,A2,,0,0,0.13,5.34,36.8,51.3,4.67,33.3,40.0,0,1,35.0,45.6,0,19,38.6,61.4,7,,,,,,9,6,6,0.01,2,,,,,,,,,,,,,,,,,,,,,,,,,,,,,,,,,,,,,,,,,,,,,,,,,,,,,,,,,,,,,5245,倉富 大誠,130期,愛知,愛知,24,B1,,1,0,0.18,5.28,35.4,52.0,3.47,10.5,21.0,0,56,50.9,69.0,0,48,30.3,45.5,2,5,2,2,0.12,2,,,,,,,,,,,,,,,,,,,,,,,,,,,,,,,,,,,,,,,,,,,,,,,,,,,,,,,,,,,,,,,,,,4061,萩原 秀人,86期,福井,福井,47,A1,,0,0,0.14,7.45,56.1,70.1,6.42,30.5,52.7,0,36,35.6,52.1,0,38,37.0,61.1,6,3,6,6,0.13,3,12,2,2,0.18,2,,,,,,,,,,,,,,,,,,,,,,,,,,,,,,,,,,,,,,,,,,,,,,,,,,,,,,,,,,,,,3226,浦田 信義,57期,東京,東京,61,B1,,0,0,0.19,4.5,20.7,42.6,4.95,26.3,47.3,0,4,49.5,61.9,0,65,33.6,53.6,5,,,,,,9,4,4,0.09,4,,,,,,,,,,,,,,,,,,,,,,,,,,,,,,,,,,,,,,,,,,,,,,,,,,,,,,,,,,,,,4171,榎 幸司,90期,長崎,長崎,44,A2,,0,0,0.19,6.16,46.2,63.0,6.82,46.4,75.0,0,16,44.2,66.3,0,41,36.5,50.0,3,4,3,3,0.16,2,10,5,5,0.21,2,,,,,,,,,,,,,,,,,,,,,,,,,,,,,,,,,,,,,,,,,,,,,,,,,,,,,,,,,,,,
202609171401,2026-09-17,14,01R,4522,古澤 光紀,103期,福岡,福岡,38,A2,,0,0,0.15,6.44,49.0,67.3,0.0,0.0,0.0,0,50,38.2,55.5,0,11,40.2,59.7,,6,5,5,0.1,3,11,3,3,0.13,5,6,5,6,0.15,4,10,2,2,0.11,2,,,,,,,,,,,,,,,,,,,,,,,,,,,,,,,,,,,,,,,,,,,,,,,,,,,4636,赤池 修平,107期,徳島,徳島,36,B1,,0,0,0.18,3.55,16.6,29.4,4.41,26.6,39.6,0,59,36.7,48.1,0,59,37.3,50.6,,,,,,,8,1,1,0.18,1,1,5,6,0.31,5,6,3,3,0.16,3,,,,,,,,,,,,,,,,,,,,,,,,,,,,,,,,,,,,,,,,,,,,,,,,,,,3578,塩田 雄一,70期,香川,香川,53,B1,,0,0,0.18,3.69,17.2,27.5,4.94,33.3,47.2,0,71,39.0,57.3,0,63,32.5,43.3,,1,6,6,0.21,6,,,,,,2,2,2,0.11,4,7,4,4,0.31,5,,,,,,,,,,,,,,,,,,,,,,,,,,,,,,,,,,,,,,,,,,,,,,,,,,,5389,恵良 琴美,135期,福岡,福岡,19,B1,,0,0,0.19,2.52,3.2,16.1,1.2,0.0,0.0,0,81,29.1,40.2,0,18,32.9,44.7,8,1,5,5,0.19,3,5,4,4,0.24,5,4,6,6,0.12,落,,,,,,,,,,,,,,,,,,,,,,,,,,,,,,,,,,,,,,,,,,,,,,,,,,,,,,,,4006,小野 勇作,84期,佐賀,佐賀,48,B1,,0,0,0.17,5.44,35.0,53.0,5.39,31.5,55.2,0,20,37.5,56.2,0,16,42.3,61.5,7,,,,,,9,1,1,0.21,5,3,2,2,0.14,3,10,6,6,0.12,5,,,,,,,,,,,,,,,,,,,,,,,,,,,,,,,,,,,,,,,,,,,,,,,,,,,5471,田中 結,138期,大阪,大阪,17,B2,,0,0,0.0,1.5,0.0,0.0,0.0,0.0,0.0,0,73,23.4,44.4,0,23,33.7,50.0,9,6,6,6,0.04,6,,,,,,1,6,5,0.16,6,5,6,6,0.28,6,,,,,,,,,,,,,,,,,,,,,,,,,,,,,,,,,,,,,,,,,,,,,,,,,,
202609171402,2026-09-17,14,02R,5057,上田 紗奈,123期,大阪,大阪,30,B1,,0,0,0.16,5.74,44.4,56.5,4.82,32.3,41.1,0,70,36.9,52.0,0,67,37.2,52.3,7,5,2,2,0.18,2,,,,,,7,3,3,0.25,3,11,5,5,0.16,6,,,,,,,,,,,,,,,,,,,,,,,,,,,,,,,,,,,,,,,,,,,,,,,,,,,4413,水摩 敦,99期,福岡,福岡,40,A2,,0,0,0.18,5.9,36.5,61.7,5.4,30.2,51.1,0,15,53.0,69.8,0,73,25.6,36.5,11,,,,,,8,3,3,0.15,3,1,1,1,0.07,1,12,4,4,0.13,3,,,,,,,,,,,,,,,,,,,,,,,,,,,,,,,,,,,,,,,,,,,,,,,,,,,4110,小澤 和也,88期,埼玉,埼玉,46,B1,,1,0,0.18,3.84,16.0,33.3,3.65,17.6,29.4,0,84,20.2,45.5,0,69,30.3,50.6,8,1,2,2,0.16,5,6,4,4,0.14,5,,,,,,9,5,5,0.16,3,,,,,,,,,,,,,,,,,,,,,,,,,,,,,,,,,,,,,,,,,,,,,,,,,,,4142,平野 和明,89期,愛知,愛知,45,A2,,0,0,0.18,5.65,34.5,57.2,6.04,33.3,75.0,0,76,32.9,48.2,0,82,26.2,41.2,10,2,2,2,0.17,4,9,5,5,0.11,エ,,,,,,11,3,3,0.13,3,,,,,,,,,,,,,,,,,,,,,,,,,,,,,,,,,,,,,,,,,,,,,,,,,,,5289,佃 來紀,132期,大阪,奈良,25,A2,,0,0,0.16,5.71,40.7,58.4,5.13,26.0,52.1,0,37,50.0,58.7,0,51,34.5,53.5,,3,3,3,0.13,1,9,6,6,0.07,1,3,4,4,0.11,2,12,2,2,0.13,4,,,,,,,,,,,,,,,,,,,,,,,,,,,,,,,,,,,,,,,,,,,,,,,,,,,5341,山道 諄也,134期,群馬,群馬,25,B1,,1,0,0.18,3.34,14.9,22.3,0.0,0.0,0.0,0,54,33.3,50.6,0,72,35.2,51.7,9,4,3,3,0.11,6,,,,,,1,2,2,0.04,4,8,5,5,0.1,6,,,,,,,,,,,,,,,,,,,,,,,,,,,,,,,,,,,,,,,,,,,,,,,,,,
202609171403,2026-09-17,14,03R,4356,長岡 良也,97期,兵庫,兵庫,42,A2,,0,0,0.18,6.15,42.0,67.0,5.85,40.0,55.0,0,52,39.0,54.8,0,71,22.2,38.2,11,7,2,2,0.25,5,11,6,6,0.21,6,,,,,,9,4,4,0.15,2,,,,,,,,,,,,,,,,,,,,,,,,,,,,,,,,,,,,,,,,,,,,,,,,,,,4550,石岡 将太,104期,群馬,群馬,37,A2,,0,0,0.16,4.92,23.7,48.4,8.13,62.5,100.0,0,65,34.9,54.2,0,81,32.9,54.1,8,,,,,,7,5,5,0.27,4,3,3,3,0.15,5,11,1,1,0.04,2,,,,,,,,,,,,,,,,,,,,,,,,,,,,,,,,,,,,,,,,,,,,,,,,,,,4447,深川 麻奈美,100期,福岡,熊本,39,B1,,0,0,0.19,5.81,38.1,57.9,6.13,31.2,68.7,0,57,40.2,53.2,0,10,49.4,68.6,12,5,6,6,0.18,4,10,2,2,0.05,1,6,4,4,0.14,2,,,,,,,,,,,,,,,,,,,,,,,,,,,,,,,,,,,,,,,,,,,,,,,,,,,,,,,,4290,稲田 浩二,94期,兵庫,兵庫,41,A1,,0,0,0.12,6.55,42.8,63.0,0.0,0.0,0.0,0,11,29.6,41.9,0,20,22.0,38.9,9,4,4,4,0.08,1,12,1,1,0.07,6,2,5,5,0.08,1,11,2,2,0.07,1,,,,,,,,,,,,,,,,,,,,,,,,,,,,,,,,,,,,,,,,,,,,,,,,,,,5370,日隈 茜,135期,福岡,大分,24,B2,,0,0,0.19,1.3,1.8,1.8,1.53,5.8,5.8,0,16,38.0,50.0,0,55,34.1,39.2,,2,4,4,0.19,6,,,,,,1,3,3,0.05,2,9,6,6,0.12,6,,,,,,,,,,,,,,,,,,,,,,,,,,,,,,,,,,,,,,,,,,,,,,,,,,,5403,藤山 湧太,136期,徳島,徳島,22,B2,,0,0,0.2,2.46,5.8,13.2,2.34,4.9,9.8,0,12,35.9,50.5,0,28,42.6,54.8,7,1,4,4,0.14,4,10,5,5,0.14,転,2,6,6,0.11,6,,,,,,,,,,,,,,,,,,,,,,,,,,,,,,,,,,,,,,,,,,,,,,,,,,,,,,,
202609171404,2026-09-17,14,04R,4748,渡邉 雄朗,112期,東京,千葉,40,A1,,1,0,0.16,6.32,46.3,67.3,0.0,0.0,0.0,0,14,39.0,52.4,0,75,43.7,66.2,12,,,,,,9,3,3,0.12,2,8,2,2,0.07,2,12,6,6,0.11,6,,,,,,,,,,,,,,,,,,,,,,,,,,,,,,,,,,,,,,,,,,,,,,,,,,,4906,鈴木 雅希,117期,東京,神奈川,31,A2,,0,0,0.18,5.53,36.0,56.0,5.14,35.7,50.0,0,58,33.7,46.7,0,30,22.6,41.6,,6,3,3,0.08,4,10,6,6,0.18,4,6,1,1,0.18,1,11,4,4,0.12,4,,,,,,,,,,,,,,,,,,,,,,,,,,,,,,,,,,,,,,,,,,,,,,,,,,,3885,久田 武,80期,愛知,愛知,52,A2,,0,0,0.17,5.02,30.6,48.9,4.4,13.3,53.3,0,61,31.4,52.3,0,53,49.3,59.2,10,4,1,1,0.14,4,,,,,,4,4,4,0.12,2,11,6,6,0.22,5,,,,,,,,,,,,,,,,,,,,,,,,,,,,,,,,,,,,,,,,,,,,,,,,,,,3224,栗山 繁洋,57期,佐賀,佐賀,61,B1,,0,0,0.21,3.89,19.3,28.4,4.31,23.0,46.1,0,32,25.6,51.2,0,35,25.3,39.2,,3,2,2,0.23,4,8,6,6,0.17,6,,,,,,8,1,1,0.06,1,,,,,,,,,,,,,,,,,,,,,,,,,,,,,,,,,,,,,,,,,,,,,,,,,,,3907,村越 篤,80期,香川,愛媛,48,B1,,0,0,0.16,5.08,32.0,48.1,5.16,19.3,51.6,0,79,44.3,54.4,0,38,30.1,46.9,9,3,6,6,0.26,6,,,,,,5,3,3,0.18,1,10,1,1,0.11,1,,,,,,,,,,,,,,,,,,,,,,,,,,,,,,,,,,,,,,,,,,,,,,,,,,,4625,渡邊 裕貴,107期,静岡,静岡,40,B1,,0,0,0.17,5.14,30.8,46.9,5.57,42.8,57.1,0,51,34.5,58.0,0,78,34.1,45.8,8,,,,,,7,1,1,0.24,1,5,4,4,0.15,4,12,5,5,0.17,2,,,,,,,,,,,,,,,,,,,,,,,,,,,,,,,,,,,,,,,,,,,,,,,,,,
202609171405,2026-09-17,14,05R,5173,谷口 佳蓮,127期,香川,愛媛,24,B1,,1,0,0.15,5.31,36.6,50.0,4.0,20.0,30.0,0,56,27.8,40.5,0,66,41.4,60.9,10,5,3,3,0.16,6,,,,,,3,5,5,0.19,6,9,2,2,0.14,5,,,,,,,,,,,,,,,,,,,,,,,,,,,,,,,,,,,,,,,,,,,,,,,,,,,3611,岩崎 芳美,71期,徳島,熊本,54,A2,,0,0,0.14,5.89,39.2,59.8,6.07,39.5,61.7,0,13,29.1,56.9,0,50,33.3,46.1,9,5,1,1,0.26,1,11,5,5,0.14,3,2,3,3,0.08,3,10,4,4,0.1,4,,,,,,,,,,,,,,,,,,,,,,,,,,,,,,,,,,,,,,,,,,,,,,,,,,,4102,益田 啓司,88期,福岡,大分,47,A1,,0,0,0.15,6.48,50.3,66.4,7.0,57.1,71.4,0,33,37.0,56.7,0,79,28.7,51.2,12,2,5,5,0.17,2,12,2,2,0.1,1,3,1,1,0.13,1,,,,,,,,,,,,,,,,,,,,,,,,,,,,,,,,,,,,,,,,,,,,,,,,,,,,,,,,5375,庄島 潤成,135期,山口,山口,22,B1,,0,0,0.19,2.78,1.0,12.6,2.6,0.0,0.0,0,34,32.1,44.0,0,21,39.0,53.6,,2,6,6,0.29,5,7,4,4,0.24,2,6,6,5,0.31,6,,,,,,,,,,,,,,,,,,,,,,,,,,,,,,,,,,,,,,,,,,,,,,,,,,,,,,,,5039,倉田 茂将,122期,愛知,愛知,28,B1,,1,0,0.16,3.84,17.2,28.7,4.3,20.0,40.0,0,67,38.3,49.3,0,57,21.9,32.8,11,,,,,,10,3,3,0.04,3,1,4,4,0.04,3,7,1,1,0.3,2,,,,,,,,,,,,,,,,,,,,,,,,,,,,,,,,,,,,,,,,,,,,,,,,,,,3722,西村 秀樹,75期,福岡,福岡,56,B1,,0,0,0.19,3.49,9.8,20.9,0.0,0.0,0.0,0,19,36.2,53.7,0,80,20.0,41.3,,1,3,3,0.2,2,9,4,4,0.16,3,4,2,2,0.17,3,,,,,,,,,,,,,,,,,,,,,,,,,,,,,,,,,,,,,,,,,,,,,,,,,,,,,,,
202609171406,2026-09-17,14,06R,5000,岡本 翔太郎,121期,山口,山口,32,B1,,1,0,0.12,5.31,37.5,52.5,4.29,23.5,35.2,0,82,61.5,83.3,0,25,20.2,44.3,11,4,5,5,0.15,3,8,2,2,0.17,2,,,,,,10,3,3,0.09,6,,,,,,,,,,,,,,,,,,,,,,,,,,,,,,,,,,,,,,,,,,,,,,,,,,,3701,大西 隆洋,74期,香川,愛媛,53,B1,,0,0,0.16,4.13,15.2,33.7,3.07,7.4,25.9,0,27,29.8,41.3,0,15,31.3,55.4,10,2,1,1,0.16,1,8,4,4,0.11,4,,,,,,8,3,3,0.09,5,,,,,,,,,,,,,,,,,,,,,,,,,,,,,,,,,,,,,,,,,,,,,,,,,,,3327,野長瀬 正孝,61期,静岡,静岡,59,A2,,1,0,0.16,6.09,40.9,65.7,6.09,39.3,66.6,0,23,26.1,40.4,0,64,30.5,49.4,,3,4,5,0.25,3,11,2,2,0.14,2,2,4,4,0.12,5,9,1,1,0.17,4,,,,,,,,,,,,,,,,,,,,,,,,,,,,,,,,,,,,,,,,,,,,,,,,,,,5264,登 みひ果,131期,兵庫,兵庫,26,B1,,1,0,0.15,4.98,30.6,44.9,4.56,0.0,33.3,0,77,33.3,56.7,0,56,45.7,59.0,,5,5,5,0.19,3,9,2,2,0.32,4,5,1,1,0.18,3,,,,,,,,,,,,,,,,,,,,,,,,,,,,,,,,,,,,,,,,,,,,,,,,,,,,,,,,4144,石塚 久也,89期,埼玉,埼玉,45,A2,,0,0,0.18,6.22,45.7,64.8,5.52,41.3,55.1,0,72,33.7,45.4,0,84,32.5,42.1,12,2,3,3,0.19,3,11,1,1,0.14,1,,,,,,7,6,6,0.24,4,,,,,,,,,,,,,,,,,,,,,,,,,,,,,,,,,,,,,,,,,,,,,,,,,,,3790,佐口 達也,77期,群馬,群馬,54,B1,,0,0,0.2,4.48,23.5,37.2,3.89,11.1,44.4,0,26,32.9,49.4,0,29,37.9,53.1,,6,1,1,0.09,2,,,,,,4,3,3,0.11,4,8,4,4,0.07,4,,,,,,,,,,,,,,,,,,,,,,,,,,,,,,,,,,,,,,,,,,,,,,,,,,
202609171407,2026-09-17,14,07R,4348,宮崎 奨,96期,香川,香川,41,A2,,0,0,0.17,5.89,43.7,59.6,6.17,41.6,66.6,0,66,42.5,62.5,0,62,30.7,44.8,12,4,2,2,0.15,2,11,4,4,0.13,4,5,5,5,0.22,2,,,,,,,,,,,,,,,,,,,,,,,,,,,,,,,,,,,,,,,,,,,,,,,,,,,,,,,,4545,岡村 慶太,104期,福岡,福岡,38,A1,,0,0,0.15,7.0,58.0,72.3,7.22,50.0,72.2,0,63,31.7,57.6,0,58,26.8,42.6,11,3,1,1,0.13,2,12,4,4,0.16,4,,,,,,8,6,6,0.06,3,,,,,,,,,,,,,,,,,,,,,,,,,,,,,,,,,,,,,,,,,,,,,,,,,,,4006,小野 勇作,84期,佐賀,佐賀,48,B1,,0,0,0.17,5.44,35.0,53.0,5.39,31.5,55.2,0,20,37.5,56.2,0,16,42.3,61.5,1,,,,,,9,1,1,0.21,5,3,2,2,0.14,3,10,6,6,0.12,5,,,,,,,,,,,,,,,,,,,,,,,,,,,,,,,,,,,,,,,,,,,,,,,,,,,5057,上田 紗奈,123期,大阪,大阪,30,B1,,0,0,0.16,5.74,44.4,56.5,4.82,32.3,41.1,0,70,36.9,52.0,0,67,37.2,52.3,2,5,2,2,0.18,2,,,,,,7,3,3,0.25,3,11,5,5,0.16,6,,,,,,,,,,,,,,,,,,,,,,,,,,,,,,,,,,,,,,,,,,,,,,,,,,,5403,藤山 湧太,136期,徳島,徳島,22,B2,,0,0,0.2,2.46,5.8,13.2,2.34,4.9,9.8,0,12,35.9,50.5,0,28,42.6,54.8,3,1,4,4,0.14,4,10,5,5,0.14,転,2,6,6,0.11,6,,,,,,,,,,,,,,,,,,,,,,,,,,,,,,,,,,,,,,,,,,,,,,,,,,,,,,,,3508,久富 政弘,67期,佐賀,佐賀,55,A2,賞除,0,0,0.2,5.15,29.4,52.6,5.33,26.6,40.0,0,35,29.1,46.8,0,76,35.2,55.2,,,,,,,10,1,1,0.07,妨,4,5,5,0.17,5,12,3,3,0.18,5,,,,,,,,,,,,,,,,,,,,,,,,,,,,,,,,,,,,,,,,,,,,,,,,,,
202609171408,2026-09-17,14,08R,4110,小澤 和也,88期,埼玉,埼玉,46,B1,,1,0,0.18,3.84,16.0,33.3,3.65,17.6,29.4,0,84,20.2,45.5,0,69,30.3,50.6,2,1,2,2,0.16,5,6,4,4,0.14,5,,,,,,9,5,5,0.16,3,,,,,,,,,,,,,,,,,,,,,,,,,,,,,,,,,,,,,,,,,,,,,,,,,,,4625,渡邊 裕貴,107期,静岡,静岡,40,B1,,0,0,0.17,5.14,30.8,46.9,5.57,42.8,57.1,0,51,34.5,58.0,0,78,34.1,45.8,4,,,,,,7,1,1,0.24,1,5,4,4,0.15,4,12,5,5,0.17,2,,,,,,,,,,,,,,,,,,,,,,,,,,,,,,,,,,,,,,,,,,,,,,,,,,,5242,高山 弘斗,130期,埼玉,埼玉,26,B1,,1,0,0.18,3.33,13.8,29.1,0.0,0.0,0.0,0,62,36.7,48.1,0,68,26.2,43.7,,3,5,4,0.52,5,7,6,6,0.28,6,6,2,2,0.22,5,,,,,,,,,,,,,,,,,,,,,,,,,,,,,,,,,,,,,,,,,,,,,,,,,,,,,,,,3612,馬袋 義則,71期,兵庫,兵庫,53,A1,,0,0,0.14,6.95,58.1,72.0,7.18,63.6,72.7,0,24,31.3,44.5,0,31,30.7,50.0,12,6,2,2,0.13,1,12,3,3,0.1,5,4,1,1,0.21,1,10,5,5,0.09,3,,,,,,,,,,,,,,,,,,,,,,,,,,,,,,,,,,,,,,,,,,,,,,,,,,,5389,恵良 琴美,135期,福岡,福岡,19,B1,,0,0,0.19,2.52,3.2,16.1,1.2,0.0,0.0,0,81,29.1,40.2,0,18,32.9,44.7,1,1,5,5,0.19,3,5,4,4,0.24,5,4,6,6,0.12,落,,,,,,,,,,,,,,,,,,,,,,,,,,,,,,,,,,,,,,,,,,,,,,,,,,,,,,,,4550,石岡 将太,104期,群馬,群馬,37,A2,,0,0,0.16,4.92,23.7,48.4,8.13,62.5,100.0,0,65,34.9,54.2,0,81,32.9,54.1,3,,,,,,7,5,5,0.27,4,3,3,3,0.15,5,11,1,1,0.04,2,,,,,,,,,,,,,,,,,,,,,,,,,,,,,,,,,,,,,,,,,,,,,,,,,,
202609171409,2026-09-17,14,09R,4138,中井 俊祐,89期,大阪,大阪,45,B1,,0,0,0.16,4.52,27.2,42.4,4.5,21.0,39.4,0,10,20.0,40.0,0,65,36.7,55.7,,,,,,,8,5,5,0.13,5,3,6,6,0.23,4,7,2,2,0.25,6,,,,,,,,,,,,,,,,,,,,,,,,,,,,,,,,,,,,,,,,,,,,,,,,,,,3907,村越 篤,80期,香川,愛媛,48,B1,,0,0,0.16,5.08,32.0,48.1,5.16,19.3,51.6,0,79,44.3,54.4,0,38,30.1,46.9,4,3,6,6,0.26,6,,,,,,5,3,3,0.18,1,10,1,1,0.11,1,,,,,,,,,,,,,,,,,,,,,,,,,,,,,,,,,,,,,,,,,,,,,,,,,,,4290,稲田 浩二,94期,兵庫,兵庫,41,A1,,0,0,0.12,6.55,42.8,63.0,0.0,0.0,0.0,0,11,29.6,41.9,0,20,22.0,38.9,3,4,4,4,0.08,1,12,1,1,0.07,6,2,5,5,0.08,1,11,2,2,0.07,1,,,,,,,,,,,,,,,,,,,,,,,,,,,,,,,,,,,,,,,,,,,,,,,,,,,5341,山道 諄也,134期,群馬,群馬,25,B1,,1,0,0.18,3.34,14.9,22.3,0.0,0.0,0.0,0,54,33.3,50.6,0,72,35.2,51.7,2,4,3,3,0.11,6,,,,,,1,2,2,0.04,4,8,5,5,0.1,6,,,,,,,,,,,,,,,,,,,,,,,,,,,,,,,,,,,,,,,,,,,,,,,,,,,5471,田中 結,138期,大阪,大阪,17,B2,,0,0,0.0,1.5,0.0,0.0,0.0,0.0,0.0,0,73,23.4,44.4,0,23,33.7,50.0,1,6,6,6,0.04,6,,,,,,1,6,5,0.16,6,5,6,6,0.28,6,,,,,,,,,,,,,,,,,,,,,,,,,,,,,,,,,,,,,,,,,,,,,,,,,,,3611,岩崎 芳美,71期,徳島,熊本,54,A2,,0,0,0.14,5.89,39.2,59.8,6.07,39.5,61.7,0,13,29.1,56.9,0,50,33.3,46.1,5,5,1,1,0.26,1,11,5,5,0.14,3,2,3,3,0.08,3,10,4,4,0.1,4,,,,,,,,,,,,,,,,,,,,,,,,,,,,,,,,,,,,,,,,,,,,,,,,,,
202609171410,2026-09-17,14,10R,4142,平野 和明,89期,愛知,愛知,45,A2,,0,0,0.18,5.65,34.5,57.2,6.04,33.3,75.0,0,76,32.9,48.2,0,82,26.2,41.2,2,2,2,2,0.17,4,9,5,5,0.11,エ,,,,,,11,3,3,0.13,3,,,,,,,,,,,,,,,,,,,,,,,,,,,,,,,,,,,,,,,,,,,,,,,,,,,4737,竹井 貴史,111期,福岡,福岡,35,A1,,1,0,0.16,6.74,54.2,71.9,6.0,40.0,64.0,0,64,35.5,51.3,0,17,37.2,56.9,,7,3,3,0.23,3,12,6,6,0.13,2,7,5,5,0.24,1,12,1,1,0.18,1,,,,,,,,,,,,,,,,,,,,,,,,,,,,,,,,,,,,,,,,,,,,,,,,,,,5144,中尾 彩香,126期,福岡,沖縄,25,B1,,0,0,0.17,4.48,22.7,43.1,3.25,6.2,18.7,0,22,31.1,53.3,0,12,31.3,43.3,,4,6,6,0.18,5,10,4,4,0.02,2,2,1,1,0.06,2,,,,,,,,,,,,,,,,,,,,,,,,,,,,,,,,,,,,,,,,,,,,,,,,,,,,,,,,5173,谷口 佳蓮,127期,香川,愛媛,24,B1,,1,0,0.15,5.31,36.6,50.0,4.0,20.0,30.0,0,56,27.8,40.5,0,66,41.4,60.9,5,5,3,3,0.16,6,,,,,,3,5,5,0.19,6,9,2,2,0.14,5,,,,,,,,,,,,,,,,,,,,,,,,,,,,,,,,,,,,,,,,,,,,,,,,,,,3885,久田 武,80期,愛知,愛知,52,A2,,0,0,0.17,5.02,30.6,48.9,4.4,13.3,53.3,0,61,31.4,52.3,0,53,49.3,59.2,4,4,1,1,0.14,4,,,,,,4,4,4,0.12,2,11,6,6,0.22,5,,,,,,,,,,,,,,,,,,,,,,,,,,,,,,,,,,,,,,,,,,,,,,,,,,,3701,大西 隆洋,74期,香川,愛媛,53,B1,,0,0,0.16,4.13,15.2,33.7,3.07,7.4,25.9,0,27,29.8,41.3,0,15,31.3,55.4,6,2,1,1,0.16,1,8,4,4,0.11,4,,,,,,8,3,3,0.09,5,,,,,,,,,,,,,,,,,,,,,,,,,,,,,,,,,,,,,,,,,,,,,,,,,,
202609171411,2026-09-17,14,11R,3304,烏野 賢太,60期,徳島,徳島,58,A1,,0,0,0.18,5.65,34.6,57.2,5.94,37.8,58.9,0,18,33.3,50.0,0,52,32.9,50.6,,1,1,1,0.12,1,12,5,5,0.17,3,5,2,2,0.2,5,9,3,3,0.08,1,,,,,,,,,,,,,,,,,,,,,,,,,,,,,,,,,,,,,,,,,,,,,,,,,,,5039,倉田 茂将,122期,愛知,愛知,28,B1,,1,0,0.16,3.84,17.2,28.7,4.3,20.0,40.0,0,67,38.3,49.3,0,57,21.9,32.8,5,,,,,,10,3,3,0.04,3,1,4,4,0.04,3,7,1,1,0.3,2,,,,,,,,,,,,,,,,,,,,,,,,,,,,,,,,,,,,,,,,,,,,,,,,,,,4545,岡村 慶太,104期,福岡,福岡,38,A1,,0,0,0.15,7.0,58.0,72.3,7.22,50.0,72.2,0,63,31.7,57.6,0,58,26.8,42.6,7,3,1,1,0.13,2,12,4,4,0.16,4,,,,,,8,6,6,0.06,3,,,,,,,,,,,,,,,,,,,,,,,,,,,,,,,,,,,,,,,,,,,,,,,,,,,5000,岡本 翔太郎,121期,山口,山口,32,B1,,1,0,0.12,5.31,37.5,52.5,4.29,23.5,35.2,0,82,61.5,83.3,0,25,20.2,44.3,6,4,5,5,0.15,3,8,2,2,0.17,2,,,,,,10,3,3,0.09,6,,,,,,,,,,,,,,,,,,,,,,,,,,,,,,,,,,,,,,,,,,,,,,,,,,,4356,長岡 良也,97期,兵庫,兵庫,42,A2,,0,0,0.18,6.15,42.0,67.0,5.85,40.0,55.0,0,52,39.0,54.8,0,71,22.2,38.2,3,7,2,2,0.25,5,11,6,6,0.21,6,,,,,,9,4,4,0.15,2,,,,,,,,,,,,,,,,,,,,,,,,,,,,,,,,,,,,,,,,,,,,,,,,,,,4413,水摩 敦,99期,福岡,福岡,40,A2,,0,0,0.18,5.9,36.5,61.7,5.4,30.2,51.1,0,15,53.0,69.8,0,73,25.6,36.5,2,,,,,,8,3,3,0.15,3,1,1,1,0.07,1,12,4,4,0.13,3,,,,,,,,,,,,,,,,,,,,,,,,,,,,,,,,,,,,,,,,,,,,,,,,,,
202609171412,2026-09-17,14,12R,3612,馬袋 義則,71期,兵庫,兵庫,53,A1,,0,0,0.14,6.95,58.1,72.0,7.18,63.6,72.7,0,24,31.3,44.5,0,31,30.7,50.0,8,6,2,2,0.13,1,12,3,3,0.1,5,4,1,1,0.21,1,10,5,5,0.09,3,,,,,,,,,,,,,,,,,,,,,,,,,,,,,,,,,,,,,,,,,,,,,,,,,,,4144,石塚 久也,89期,埼玉,埼玉,45,A2,,0,0,0.18,6.22,45.7,64.8,5.52,41.3,55.1,0,72,33.7,45.4,0,84,32.5,42.1,6,2,3,3,0.19,3,11,1,1,0.14,1,,,,,,7,6,6,0.24,4,,,,,,,,,,,,,,,,,,,,,,,,,,,,,,,,,,,,,,,,,,,,,,,,,,,4348,宮崎 奨,96期,香川,香川,41,A2,,0,0,0.17,5.89,43.7,59.6,6.17,41.6,66.6,0,66,42.5,62.5,0,62,30.7,44.8,7,4,2,2,0.15,2,11,4,4,0.13,4,5,5,5,0.22,2,,,,,,,,,,,,,,,,,,,,,,,,,,,,,,,,,,,,,,,,,,,,,,,,,,,,,,,,4748,渡邉 雄朗,112期,東京,千葉,40,A1,,1,0,0.16,6.32,46.3,67.3,0.0,0.0,0.0,0,14,39.0,52.4,0,75,43.7,66.2,4,,,,,,9,3,3,0.12,2,8,2,2,0.07,2,12,6,6,0.11,6,,,,,,,,,,,,,,,,,,,,,,,,,,,,,,,,,,,,,,,,,,,,,,,,,,,4447,深川 麻奈美,100期,福岡,熊本,39,B1,,0,0,0.19,5.81,38.1,57.9,6.13,31.2,68.7,0,57,40.2,53.2,0,10,49.4,68.6,3,5,6,6,0.18,4,10,2,2,0.05,1,6,4,4,0.14,2,,,,,,,,,,,,,,,,,,,,,,,,,,,,,,,,,,,,,,,,,,,,,,,,,,,,,,,,4102,益田 啓司,88期,福岡,大分,47,A1,,0,0,0.15,6.48,50.3,66.4,7.0,57.1,71.4,0,33,37.0,56.7,0,79,28.7,51.2,5,2,5,5,0.17,2,12,2,2,0.1,1,3,1,1,0.13,1,,,,,,,,,,,,,,,,,,,,,,,,,,,,,,,,,,,,,,,,,,,,,,,,,,,,,,,
202609171501,2026-09-17,15,01R,4154,森安 弘雅,90期,香川,香川,46,B1,,0,0,0.2,5.06,34.9,50.4,4.99,30.5,46.5,0,19,,,0,59,18.7,37.5,10,,,,,,,,,,,,,,,,,,,,,,,,,,,,,,,,,,,,,,,,,,,,,,,,,,,,,,,,,,,,,,,,,,,,,,,4277,金田 大輔,94期,岡山,岡山,43,B1,,0,0,0.16,4.57,29.2,42.4,4.15,25.9,29.6,0,11,,,0,8,26.4,35.2,8,,,,,,,,,,,,,,,,,,,,,,,,,,,,,,,,,,,,,,,,,,,,,,,,,,,,,,,,,,,,,,,,,,,,,,,3596,河上 年昭,71期,埼玉,岡山,57,B1,,1,0,0.17,4.17,13.8,34.7,2.0,0.0,12.5,0,51,,,0,28,25.0,46.8,7,,,,,,,,,,,,,,,,,,,,,,,,,,,,,,,,,,,,,,,,,,,,,,,,,,,,,,,,,,,,,,,,,,,,,,,4487,三原 司,102期,福岡,福岡,40,B1,,1,0,0.18,4.29,19.7,36.0,4.48,18.1,36.3,0,6,,,0,47,40.5,67.5,6,,,,,,,,,,,,,,,,,,,,,,,,,,,,,,,,,,,,,,,,,,,,,,,,,,,,,,,,,,,,,,,,,,,,,,,5044,渡邉 健,122期,東京,東京,27,B1,,0,0,0.14,3.32,11.7,25.0,4.78,30.4,52.1,0,54,,,0,32,20.5,32.3,,,,,,,,,,,,,,,,,,,,,,,,,,,,,,,,,,,,,,,,,,,,,,,,,,,,,,,,,,,,,,,,,,,,,,,,3661,柳瀬 興志,73期,山口,山口,57,A2,,0,0,0.18,4.49,24.7,38.6,5.35,30.0,55.0,0,52,,,0,53,40.5,59.4,9,,,,,,,,,,,,,,,,,,,,,,,,,,,,,,,,,,,,,,,,,,,,,,,,,,,,,,,,,,,,,,,,,,,,,,
202609171502,2026-09-17,15,02R,3339,泉 具巳,62期,兵庫,大阪,61,B1,,0,0,0.17,4.14,25.6,35.9,4.86,14.2,42.8,0,2,,,0,11,21.4,39.2,9,,,,,,,,,,,,,,,,,,,,,,,,,,,,,,,,,,,,,,,,,,,,,,,,,,,,,,,,,,,,,,,,,,,,,,,4498,宮本 夏樹,102期,長崎,長崎,39,B2,,1,0,0.17,4.56,29.4,42.3,7.67,60.0,86.6,0,34,,,0,49,35.2,38.2,8,,,,,,,,,,,,,,,,,,,,,,,,,,,,,,,,,,,,,,,,,,,,,,,,,,,,,,,,,,,,,,,,,,,,,,,4452,松尾 祭,100期,香川,愛媛,38,A2,,0,0,0.17,5.29,34.7,49.1,5.18,30.3,50.0,0,7,,,0,6,21.6,35.1,11,,,,,,,,,,,,,,,,,,,,,,,,,,,,,,,,,,,,,,,,,,,,,,,,,,,,,,,,,,,,,,,,,,,,,,,5115,香川 颯太,125期,滋賀,京都,26,B1,,0,0,0.16,5.62,38.4,53.8,5.3,40.0,50.0,0,50,,,0,19,28.9,42.1,10,,,,,,,,,,,,,,,,,,,,,,,,,,,,,,,,,,,,,,,,,,,,,,,,,,,,,,,,,,,,,,,,,,,,,,,4308,河村 了,95期,愛知,愛知,42,A1,,0,0,0.17,6.75,46.8,71.4,6.0,27.2,63.6,0,39,,,0,26,43.2,59.4,12,,,,,,,,,,,,,,,,,,,,,,,,,,,,,,,,,,,,,,,,,,,,,,,,,,,,,,,,,,,,,,,,,,,,,,,3892,草場 康幸,80期,佐賀,佐賀,50,B1,,0,0,0.17,5.0,31.2,45.8,3.81,15.3,26.9,0,56,,,0,2,66.6,84.8,7,,,,,,,,,,,,,,,,,,,,,,,,,,,,,,,,,,,,,,,,,,,,,,,,,,,,,,,,,,,,,,,,,,,,,,
202609171503,2026-09-17,15,03R,3459,中野 和裕,66期,佐賀,佐賀,59,B1,,1,0,0.17,3.29,12.3,20.6,3.22,11.1,22.2,0,9,,,0,41,51.3,75.6,,,,,,,,,,,,,,,,,,,,,,,,,,,,,,,,,,,,,,,,,,,,,,,,,,,,,,,,,,,,,,,,,,,,,,,,4182,吉田 和仁,90期,滋賀,京都,43,B1,,0,0,0.19,4.79,29.7,43.8,5.45,45.4,48.4,0,55,,,0,55,35.4,45.1,9,,,,,,,,,,,,,,,,,,,,,,,,,,,,,,,,,,,,,,,,,,,,,,,,,,,,,,,,,,,,,,,,,,,,,,,3315,広瀬 聖仁,61期,愛知,愛知,60,B1,,0,0,0.16,4.47,23.6,37.0,4.63,37.5,37.5,0,43,,,0,64,26.4,38.2,10,,,,,,,,,,,,,,,,,,,,,,,,,,,,,,,,,,,,,,,,,,,,,,,,,,,,,,,,,,,,,,,,,,,,,,,4809,外崎 悟,114期,埼玉,埼玉,37,A1,,0,0,0.16,5.71,31.9,59.5,5.67,38.1,52.3,0,22,,,0,52,45.7,62.8,11,,,,,,,,,,,,,,,,,,,,,,,,,,,,,,,,,,,,,,,,,,,,,,,,,,,,,,,,,,,,,,,,,,,,,,,4220,深川 和仁,92期,香川,香川,44,B1,,0,0,0.18,5.16,33.6,42.8,4.8,30.1,41.5,0,18,,,0,24,47.2,66.6,,,,,,,,,,,,,,,,,,,,,,,,,,,,,,,,,,,,,,,,,,,,,,,,,,,,,,,,,,,,,,,,,,,,,,,,4789,古賀 智之,113期,福岡,福岡,37,A2,,0,0,0.16,5.59,37.2,55.8,5.78,50.0,61.1,0,40,,,0,34,45.9,72.9,8,,,,,,,,,,,,,,,,,,,,,,,,,,,,,,,,,,,,,,,,,,,,,,,,,,,,,,,,,,,,,,,,,,,,,,
202609171504,2026-09-17,15,04R,3922,菅沼 佳昭,81期,愛知,愛知,51,B1,,0,0,0.19,3.66,14.4,25.7,4.36,21.4,35.7,0,53,,,0,15,35.1,62.1,,,,,,,,,,,,,,,,,,,,,,,,,,,,,,,,,,,,,,,,,,,,,,,,,,,,,,,,,,,,,,,,,,,,,,,,5311,小林 京平,133期,山口,山口,28,B1,,0,0,0.18,5.45,35.1,51.0,4.29,19.0,33.3,0,38,,,0,4,28.2,48.7,11,,,,,,,,,,,,,,,,,,,,,,,,,,,,,,,,,,,,,,,,,,,,,,,,,,,,,,,,,,,,,,,,,,,,,,,4718,北川 太一,110期,佐賀,佐賀,33,A2,,2,0,0.14,5.83,38.8,62.5,6.22,55.5,66.6,0,13,,,0,23,28.1,37.5,9,,,,,,,,,,,,,,,,,,,,,,,,,,,,,,,,,,,,,,,,,,,,,,,,,,,,,,,,,,,,,,,,,,,,,,,4278,藤岡 俊介,94期,兵庫,兵庫,43,A1,,0,0,0.13,7.04,58.0,75.8,7.35,51.6,83.8,0,48,,,0,36,33.3,53.8,12,,,,,,,,,,,,,,,,,,,,,,,,,,,,,,,,,,,,,,,,,,,,,,,,,,,,,,,,,,,,,,,,,,,,,,,4560,庄司 樹良々,104期,東京,東京,35,A2,,1,0,0.15,5.65,30.7,58.9,5.7,36.6,63.3,0,15,,,0,48,48.3,61.2,10,,,,,,,,,,,,,,,,,,,,,,,,,,,,,,,,,,,,,,,,,,,,,,,,,,,,,,,,,,,,,,,,,,,,,,,3953,志道 吉和,82期,福岡,福岡,50,B2,,0,0,0.2,3.77,19.7,28.7,3.94,25.0,31.2,0,44,,,0,13,14.7,26.4,,,,,,,,,,,,,,,,,,,,,,,,,,,,,,,,,,,,,,,,,,,,,,,,,,,,,,,,,,,,,,,,,,,,,,,
202609171505,2026-09-17,15,05R,3233,小畑 実成,57期,岡山,岡山,59,B1,,1,0,0.16,4.57,24.6,35.0,5.42,33.3,50.0,0,47,,,0,56,40.0,54.2,,,,,,,,,,,,,,,,,,,,,,,,,,,,,,,,,,,,,,,,,,,,,,,,,,,,,,,,,,,,,,,,,,,,,,,,4709,岡村 将也,110期,福岡,福岡,37,A2,,1,0,0.15,5.36,30.4,54.3,6.2,40.0,70.0,0,17,,,0,65,30.7,46.1,10,,,,,,,,,,,,,,,,,,,,,,,,,,,,,,,,,,,,,,,,,,,,,,,,,,,,,,,,,,,,,,,,,,,,,,,4832,権藤 俊光,115期,大阪,大阪,39,A1,,0,0,0.14,6.75,49.2,68.1,6.94,55.5,72.2,0,4,,,0,37,36.3,54.5,12,,,,,,,,,,,,,,,,,,,,,,,,,,,,,,,,,,,,,,,,,,,,,,,,,,,,,,,,,,,,,,,,,,,,,,,5067,山田 真聖,123期,山口,山口,27,B1,,0,0,0.16,4.75,28.0,47.1,4.79,33.3,45.8,0,8,,,0,58,36.3,54.5,,,,,,,,,,,,,,,,,,,,,,,,,,,,,,,,,,,,,,,,,,,,,,,,,,,,,,,,,,,,,,,,,,,,,,,,5394,福西 広太郎,136期,埼玉,静岡,25,B1,,0,0,0.18,3.23,9.4,24.2,0.0,0.0,0.0,0,35,,,0,7,28.2,48.7,,,,,,,,,,,,,,,,,,,,,,,,,,,,,,,,,,,,,,,,,,,,,,,,,,,,,,,,,,,,,,,,,,,,,,,,4133,高橋 正男,89期,兵庫,兵庫,46,A2,,0,0,0.17,6.44,53.7,64.1,6.07,55.5,66.6,0,1,,,0,18,16.6,27.7,11,,,,,,,,,,,,,,,,,,,,,,,,,,,,,,,,,,,,,,,,,,,,,,,,,,,,,,,,,,,,,,,,,,,,,,
202609171506,2026-09-17,15,06R,4633,森 智也,107期,兵庫,兵庫,37,A2,,0,0,0.17,5.47,32.2,57.6,5.07,29.6,59.2,0,37,,,0,57,25.0,58.3,10,,,,,,,,,,,,,,,,,,,,,,,,,,,,,,,,,,,,,,,,,,,,,,,,,,,,,,,,,,,,,,,,,,,,,,,4487,三原 司,102期,福岡,福岡,40,B1,,1,0,0.18,4.29,19.7,36.0,4.48,18.1,36.3,0,6,,,0,47,40.5,67.5,1,,,,,,,,,,,,,,,,,,,,,,,,,,,,,,,,,,,,,,,,,,,,,,,,,,,,,,,,,,,,,,,,,,,,,,,3930,岸本 隆,81期,岡山,岡山,50,A2,,1,0,0.16,5.25,27.0,47.0,4.21,23.0,41.0,0,16,,,0,5,32.4,37.8,11,,,,,,,,,,,,,,,,,,,,,,,,,,,,,,,,,,,,,,,,,,,,,,,,,,,,,,,,,,,,,,,,,,,,,,,3948,大町 利克,82期,大阪,長崎,50,B1,,0,0,0.18,3.31,10.8,27.7,3.96,15.3,42.3,0,41,,,0,40,32.3,58.8,,,,,,,,,,,,,,,,,,,,,,,,,,,,,,,,,,,,,,,,,,,,,,,,,,,,,,,,,,,,,,,,,,,,,,,,4072,森永 淳,86期,佐賀,佐賀,45,A1,,0,0,0.13,7.14,56.6,70.8,5.2,40.0,44.0,0,20,,,0,66,44.7,60.5,12,,,,,,,,,,,,,,,,,,,,,,,,,,,,,,,,,,,,,,,,,,,,,,,,,,,,,,,,,,,,,,,,,,,,,,,5426,甲斐 貴大,137期,福岡,福岡,24,B2,,1,0,0.2,2.15,2.9,14.7,1.11,0.0,0.0,0,3,,,0,46,27.5,55.0,,,,,,,,,,,,,,,,,,,,,,,,,,,,,,,,,,,,,,,,,,,,,,,,,,,,,,,,,,,,,,,,,,,,,,,
202609171507,2026-09-17,15,07R,4520,高倉 孝太,103期,福井,石川,39,A2,,1,0,0.13,5.73,36.1,52.3,5.2,30.0,50.0,0,36,,,0,61,40.5,62.1,,,,,,,,,,,,,,,,,,,,,,,,,,,,,,,,,,,,,,,,,,,,,,,,,,,,,,,,,,,,,,,,,,,,,,,,4468,大池 佑来,101期,東京,神奈川,39,A1,,1,0,0.13,7.07,55.0,72.4,8.78,77.7,100.0,0,5,,,0,29,28.9,36.8,12,,,,,,,,,,,,,,,,,,,,,,,,,,,,,,,,,,,,,,,,,,,,,,,,,,,,,,,,,,,,,,,,,,,,,,,5101,表 健太,125期,福岡,福岡,29,B1,,1,0,0.19,3.0,4.4,17.6,2.4,10.0,10.0,0,21,,,0,54,55.5,66.6,,,,,,,,,,,,,,,,,,,,,,,,,,,,,,,,,,,,,,,,,,,,,,,,,,,,,,,,,,,,,,,,,,,,,,,,3596,河上 年昭,71期,埼玉,岡山,57,B1,,1,0,0.17,4.17,13.8,34.7,2.0,0.0,12.5,0,51,,,0,28,25.0,46.8,1,,,,,,,,,,,,,,,,,,,,,,,,,,,,,,,,,,,,,,,,,,,,,,,,,,,,,,,,,,,,,,,,,,,,,,,3892,草場 康幸,80期,佐賀,佐賀,50,B1,,0,0,0.17,5.0,31.2,45.8,3.81,15.3,26.9,0,56,,,0,2,66.6,84.8,2,,,,,,,,,,,,,,,,,,,,,,,,,,,,,,,,,,,,,,,,,,,,,,,,,,,,,,,,,,,,,,,,,,,,,,,4523,中村 辰也,103期,長崎,長崎,38,A2,,0,0,0.15,5.69,36.0,61.0,5.18,35.7,46.4,0,49,,,0,39,27.0,56.7,11,,,,,,,,,,,,,,,,,,,,,,,,,,,,,,,,,,,,,,,,,,,,,,,,,,,,,,,,,,,,,,,,,,,,,,
202609171508,2026-09-17,15,08R,4587,木田 峰由季,105期,福井,石川,35,A1,,1,0,0.17,5.83,43.7,56.2,1.63,0.0,0.0,0,14,,,0,43,29.4,44.1,12,,,,,,,,,,,,,,,,,,,,,,,,,,,,,,,,,,,,,,,,,,,,,,,,,,,,,,,,,,,,,,,,,,,,,,,4526,池田 雄祐,103期,愛知,愛知,38,A2,,0,0,0.15,5.08,27.2,48.4,5.35,30.4,47.8,0,45,,,0,12,18.7,25.0,,,,,,,,,,,,,,,,,,,,,,,,,,,,,,,,,,,,,,,,,,,,,,,,,,,,,,,,,,,,,,,,,,,,,,,,3583,齋藤 智裕,70期,埼玉,東京,53,B1,,0,0,0.2,3.37,13.4,21.9,3.65,11.7,29.4,0,10,,,0,21,29.7,40.5,,,,,,,,,,,,,,,,,,,,,,,,,,,,,,,,,,,,,,,,,,,,,,,,,,,,,,,,,,,,,,,,,,,,,,,,4789,古賀 智之,113期,福岡,福岡,37,A2,,0,0,0.16,5.59,37.2,55.8,5.78,50.0,61.1,0,40,,,0,34,45.9,72.9,3,,,,,,,,,,,,,,,,,,,,,,,,,,,,,,,,,,,,,,,,,,,,,,,,,,,,,,,,,,,,,,,,,,,,,,,4498,宮本 夏樹,102期,長崎,長崎,39,B2,,1,0,0.17,4.56,29.4,42.3,7.67,60.0,86.6,0,34,,,0,49,35.2,38.2,2,,,,,,,,,,,,,,,,,,,,,,,,,,,,,,,,,,,,,,,,,,,,,,,,,,,,,,,,,,,,,,,,,,,,,,,4277,金田 大輔,94期,岡山,岡山,43,B1,,0,0,0.16,4.57,29.2,42.4,4.15,25.9,29.6,0,11,,,0,8,26.4,35.2,1,,,,,,,,,,,,,,,,,,,,,,,,,,,,,,,,,,,,,,,,,,,,,,,,,,,,,,,,,,,,,,,,,,,,,,
202609171509,2026-09-17,15,09R,4718,北川 太一,110期,佐賀,佐賀,33,A2,,2,0,0.14,5.83,38.8,62.5,6.22,55.5,66.6,0,13,,,0,23,28.1,37.5,4,,,,,,,,,,,,,,,,,,,,,,,,,,,,,,,,,,,,,,,,,,,,,,,,,,,,,,,,,,,,,,,,,,,,,,,4513,河野 真也,102期,福岡,宮崎,37,A2,,0,0,0.2,6.03,42.7,64.1,5.17,25.0,62.5,0,46,,,0,33,19.4,36.1,,,,,,,,,,,,,,,,,,,,,,,,,,,,,,,,,,,,,,,,,,,,,,,,,,,,,,,,,,,,,,,,,,,,,,,,4533,峰重 侑治,103期,岡山,岡山,37,B1,,1,0,0.18,4.15,20.5,33.8,5.2,34.1,53.6,0,12,,,0,60,23.0,30.7,,,,,,,,,,,,,,,,,,,,,,,,,,,,,,,,,,,,,,,,,,,,,,,,,,,,,,,,,,,,,,,,,,,,,,,,3339,泉 具巳,62期,兵庫,大阪,61,B1,,0,0,0.17,4.14,25.6,35.9,4.86,14.2,42.8,0,2,,,0,11,21.4,39.2,2,,,,,,,,,,,,,,,,,,,,,,,,,,,,,,,,,,,,,,,,,,,,,,,,,,,,,,,,,,,,,,,,,,,,,,,3661,柳瀬 興志,73期,山口,山口,57,A2,,0,0,0.18,4.49,24.7,38.6,5.35,30.0,55.0,0,52,,,0,53,40.5,59.4,1,,,,,,,,,,,,,,,,,,,,,,,,,,,,,,,,,,,,,,,,,,,,,,,,,,,,,,,,,,,,,,,,,,,,,,,4182,吉田 和仁,90期,滋賀,京都,43,B1,,0,0,0.19,4.79,29.7,43.8,5.45,45.4,48.4,0,55,,,0,55,35.4,45.1,3,,,,,,,,,,,,,,,,,,,,,,,,,,,,,,,,,,,,,,,,,,,,,,,,,,,,,,,,,,,,,,,,,,,,,,
202609171510,2026-09-17,15,10R,4709,岡村 将也,110期,福岡,福岡,37,A2,,1,0,0.15,5.36,30.4,54.3,6.2,40.0,70.0,0,17,,,0,65,30.7,46.1,5,,,,,,,,,,,,,,,,,,,,,,,,,,,,,,,,,,,,,,,,,,,,,,,,,,,,,,,,,,,,,,,,,,,,,,,4560,庄司 樹良々,104期,東京,東京,35,A2,,1,0,0.15,5.65,30.7,58.9,5.7,36.6,63.3,0,15,,,0,48,48.3,61.2,4,,,,,,,,,,,,,,,,,,,,,,,,,,,,,,,,,,,,,,,,,,,,,,,,,,,,,,,,,,,,,,,,,,,,,,,5115,香川 颯太,125期,滋賀,京都,26,B1,,0,0,0.16,5.62,38.4,53.8,5.3,40.0,50.0,0,50,,,0,19,28.9,42.1,2,,,,,,,,,,,,,,,,,,,,,,,,,,,,,,,,,,,,,,,,,,,,,,,,,,,,,,,,,,,,,,,,,,,,,,,4633,森 智也,107期,兵庫,兵庫,37,A2,,0,0,0.17,5.47,32.2,57.6,5.07,29.6,59.2,0,37,,,0,57,25.0,58.3,6,,,,,,,,,,,,,,,,,,,,,,,,,,,,,,,,,,,,,,,,,,,,,,,,,,,,,,,,,,,,,,,,,,,,,,,4154,森安 弘雅,90期,香川,香川,46,B1,,0,0,0.2,5.06,34.9,50.4,4.99,30.5,46.5,0,19,,,0,59,18.7,37.5,1,,,,,,,,,,,,,,,,,,,,,,,,,,,,,,,,,,,,,,,,,,,,,,,,,,,,,,,,,,,,,,,,,,,,,,,3315,広瀬 聖仁,61期,愛知,愛知,60,B1,,0,0,0.16,4.47,23.6,37.0,4.63,37.5,37.5,0,43,,,0,64,26.4,38.2,3,,,,,,,,,,,,,,,,,,,,,,,,,,,,,,,,,,,,,,,,,,,,,,,,,,,,,,,,,,,,,,,,,,,,,,
202609171511,2026-09-17,15,11R,4809,外崎 悟,114期,埼玉,埼玉,37,A1,,0,0,0.16,5.71,31.9,59.5,5.67,38.1,52.3,0,22,,,0,52,45.7,62.8,3,,,,,,,,,,,,,,,,,,,,,,,,,,,,,,,,,,,,,,,,,,,,,,,,,,,,,,,,,,,,,,,,,,,,,,,4452,松尾 祭,100期,香川,愛媛,38,A2,,0,0,0.17,5.29,34.7,49.1,5.18,30.3,50.0,0,7,,,0,6,21.6,35.1,2,,,,,,,,,,,,,,,,,,,,,,,,,,,,,,,,,,,,,,,,,,,,,,,,,,,,,,,,,,,,,,,,,,,,,,,4133,高橋 正男,89期,兵庫,兵庫,46,A2,,0,0,0.17,6.44,53.7,64.1,6.07,55.5,66.6,0,1,,,0,18,16.6,27.7,5,,,,,,,,,,,,,,,,,,,,,,,,,,,,,,,,,,,,,,,,,,,,,,,,,,,,,,,,,,,,,,,,,,,,,,,5311,小林 京平,133期,山口,山口,28,B1,,0,0,0.18,5.45,35.1,51.0,4.29,19.0,33.3,0,38,,,0,4,28.2,48.7,4,,,,,,,,,,,,,,,,,,,,,,,,,,,,,,,,,,,,,,,,,,,,,,,,,,,,,,,,,,,,,,,,,,,,,,,4523,中村 辰也,103期,長崎,長崎,38,A2,,0,0,0.15,5.69,36.0,61.0,5.18,35.7,46.4,0,49,,,0,39,27.0,56.7,7,,,,,,,,,,,,,,,,,,,,,,,,,,,,,,,,,,,,,,,,,,,,,,,,,,,,,,,,,,,,,,,,,,,,,,,3930,岸本 隆,81期,岡山,岡山,50,A2,,1,0,0.16,5.25,27.0,47.0,4.21,23.0,41.0,0,16,,,0,5,32.4,37.8,6,,,,,,,,,,,,,,,,,,,,,,,,,,,,,,,,,,,,,,,,,,,,,,,,,,,,,,,,,,,,,,,,,,,,,,
202609171512,2026-09-17,15,12R,4832,権藤 俊光,115期,大阪,大阪,39,A1,,0,0,0.14,6.75,49.2,68.1,6.94,55.5,72.2,0,4,,,0,37,36.3,54.5,5,,,,,,,,,,,,,,,,,,,,,,,,,,,,,,,,,,,,,,,,,,,,,,,,,,,,,,,,,,,,,,,,,,,,,,,4072,森永 淳,86期,佐賀,佐賀,45,A1,,0,0,0.13,7.14,56.6,70.8,5.2,40.0,44.0,0,20,,,0,66,44.7,60.5,6,,,,,,,,,,,,,,,,,,,,,,,,,,,,,,,,,,,,,,,,,,,,,,,,,,,,,,,,,,,,,,,,,,,,,,,4468,大池 佑来,101期,東京,神奈川,39,A1,,1,0,0.13,7.07,55.0,72.4,8.78,77.7,100.0,0,5,,,0,29,28.9,36.8,7,,,,,,,,,,,,,,,,,,,,,,,,,,,,,,,,,,,,,,,,,,,,,,,,,,,,,,,,,,,,,,,,,,,,,,,4308,河村 了,95期,愛知,愛知,42,A1,,0,0,0.17,6.75,46.8,71.4,6.0,27.2,63.6,0,39,,,0,26,43.2,59.4,2,,,,,,,,,,,,,,,,,,,,,,,,,,,,,,,,,,,,,,,,,,,,,,,,,,,,,,,,,,,,,,,,,,,,,,,4587,木田 峰由季,105期,福井,石川,35,A1,,1,0,0.17,5.83,43.7,56.2,1.63,0.0,0.0,0,14,,,0,43,29.4,44.1,8,,,,,,,,,,,,,,,,,,,,,,,,,,,,,,,,,,,,,,,,,,,,,,,,,,,,,,,,,,,,,,,,,,,,,,,4278,藤岡 俊介,94期,兵庫,兵庫,43,A1,,0,0,0.13,7.04,58.0,75.8,7.35,51.6,83.8,0,48,,,0,36,33.3,53.8,4,,,,,,,,,,,,,,,,,,,,,,,,,,,,,,,,,,,,,,,,,,,,,,,,,,,,,,,,,,,,,,,,,,,,,,
202609171601,2026-09-17,16,01R,3743,林 美憲,75期,徳島,徳島,51,A1,,0,0,0.15,5.5,40.4,52.6,0.0,0.0,0.0,0,68,32.5,46.7,0,75,30.5,46.6,12,,,,,,,,,,,,,,,,,,,,,,,,,,,,,,,,,,,,,,,,,,,,,,,,,,,,,,,,,,,,,,,,,,,,,,,4213,重富 伸也,91期,長崎,長崎,42,B1,,1,0,0.16,3.96,22.4,34.8,4.35,26.4,35.2,0,11,30.1,42.5,0,13,28.8,48.6,7,,,,,,,,,,,,,,,,,,,,,,,,,,,,,,,,,,,,,,,,,,,,,,,,,,,,,,,,,,,,,,,,,,,,,,,4723,寺島 吉彦,111期,東京,福島,40,B1,,1,0,0.17,4.28,25.0,35.2,4.15,25.0,35.0,0,58,34.0,53.6,0,16,22.3,39.8,10,,,,,,,,,,,,,,,,,,,,,,,,,,,,,,,,,,,,,,,,,,,,,,,,,,,,,,,,,,,,,,,,,,,,,,,5336,瀬川 大地,133期,山口,山口,20,B1,,1,0,0.15,3.56,16.0,24.6,1.19,0.0,0.0,0,67,31.7,48.8,0,55,28.1,42.7,9,,,,,,,,,,,,,,,,,,,,,,,,,,,,,,,,,,,,,,,,,,,,,,,,,,,,,,,,,,,,,,,,,,,,,,,5467,野村 羽玖,138期,大阪,大阪,19,B2,,0,0,0.0,2.5,1.8,14.8,3.11,0.0,33.3,0,63,31.3,46.7,0,61,31.2,50.0,6,,,,,,,,,,,,,,,,,,,,,,,,,,,,,,,,,,,,,,,,,,,,,,,,,,,,,,,,,,,,,,,,,,,,,,,3982,福田 理,83期,岡山,岡山,49,B1,,0,0,0.18,4.4,22.8,38.0,4.25,22.8,32.4,0,55,48.0,65.3,0,38,42.8,59.2,8,,,,,,,,,,,,,,,,,,,,,,,,,,,,,,,,,,,,,,,,,,,,,,,,,,,,,,,,,,,,,,,,,,,,,,
202609171602,2026-09-17,16,02R,3458,東 健介,66期,岡山,熊本,59,B1,,0,0,0.16,3.56,14.1,21.1,0.0,0.0,0.0,0,54,30.8,52.2,0,65,36.0,59.1,,,,,,,,,,,,,,,,,,,,,,,,,,,,,,,,,,,,,,,,,,,,,,,,,,,,,,,,,,,,,,,,,,,,,,,,3773,津留 浩一郎,76期,長崎,長崎,52,B1,,0,0,0.16,3.73,16.8,32.5,5.1,27.1,52.5,0,15,27.8,43.2,0,63,34.0,53.9,9,,,,,,,,,,,,,,,,,,,,,,,,,,,,,,,,,,,,,,,,,,,,,,,,,,,,,,,,,,,,,,,,,,,,,,,4007,榮田 将彦,84期,山口,山口,47,B1,,0,0,0.14,4.67,27.8,46.1,4.0,20.0,35.0,0,27,34.8,50.5,0,22,31.4,49.7,11,,,,,,,,,,,,,,,,,,,,,,,,,,,,,,,,,,,,,,,,,,,,,,,,,,,,,,,,,,,,,,,,,,,,,,,4439,近藤 友宝,100期,埼玉,埼玉,40,B1,,1,0,0.17,4.04,17.5,35.1,3.46,23.0,30.7,0,57,33.6,49.2,0,29,31.7,48.4,8,,,,,,,,,,,,,,,,,,,,,,,,,,,,,,,,,,,,,,,,,,,,,,,,,,,,,,,,,,,,,,,,,,,,,,,3870,寺嶋 雄,79期,福井,福井,50,B1,,0,0,0.18,4.01,17.6,28.4,4.11,33.3,33.3,0,19,41.5,60.3,0,26,34.7,46.3,7,,,,,,,,,,,,,,,,,,,,,,,,,,,,,,,,,,,,,,,,,,,,,,,,,,,,,,,,,,,,,,,,,,,,,,,4129,宇野 博之,89期,愛知,愛知,46,B1,,1,0,0.18,3.61,14.9,29.8,5.18,30.7,48.7,0,69,36.2,51.2,0,17,38.4,54.2,10,,,,,,,,,,,,,,,,,,,,,,,,,,,,,,,,,,,,,,,,,,,,,,,,,,,,,,,,,,,,,,,,,,,,,,
202609171603,2026-09-17,16,03R,5284,嘉手苅 徹哉,132期,福岡,沖縄,27,B2,,0,0,0.18,4.01,20.2,35.9,2.7,6.8,15.9,0,28,32.8,50.0,0,23,33.3,48.1,,,,,,,,,,,,,,,,,,,,,,,,,,,,,,,,,,,,,,,,,,,,,,,,,,,,,,,,,,,,,,,,,,,,,,,,4069,山本 修一,86期,岡山,岡山,46,A2,,1,0,0.18,5.8,39.4,55.9,5.87,36.6,61.8,0,56,36.3,49.7,0,67,28.8,44.0,9,,,,,,,,,,,,,,,,,,,,,,,,,,,,,,,,,,,,,,,,,,,,,,,,,,,,,,,,,,,,,,,,,,,,,,,4105,松下 直也,88期,兵庫,兵庫,46,B1,,0,0,0.19,5.13,30.4,53.2,5.24,21.7,50.0,0,44,40.0,58.0,0,18,34.5,54.9,10,,,,,,,,,,,,,,,,,,,,,,,,,,,,,,,,,,,,,,,,,,,,,,,,,,,,,,,,,,,,,,,,,,,,,,,4411,沢田 昭宏,99期,大阪,大阪,40,A2,,0,0,0.19,5.61,36.5,52.8,5.88,39.6,60.3,0,34,32.5,45.6,0,72,31.0,48.9,11,,,,,,,,,,,,,,,,,,,,,,,,,,,,,,,,,,,,,,,,,,,,,,,,,,,,,,,,,,,,,,,,,,,,,,,4903,吉田 凌太朗,117期,愛知,愛知,32,A1,,1,0,0.15,6.24,45.7,59.0,6.85,50.0,70.0,0,25,26.0,43.4,0,25,31.4,49.2,12,,,,,,,,,,,,,,,,,,,,,,,,,,,,,,,,,,,,,,,,,,,,,,,,,,,,,,,,,,,,,,,,,,,,,,,4145,小澤 学,89期,東京,千葉,44,B1,,0,0,0.26,4.07,15.7,33.6,0.0,0.0,0.0,0,66,35.5,53.0,0,74,35.9,51.8,8,,,,,,,,,,,,,,,,,,,,,,,,,,,,,,,,,,,,,,,,,,,,,,,,,,,,,,,,,,,,,,,,,,,,,,
202609171604,2026-09-17,16,04R,3933,山地 正樹,81期,岡山,岡山,50,B1,,0,0,0.17,5.96,44.6,63.3,5.41,39.2,55.5,0,13,35.2,51.6,0,60,28.5,38.2,11,,,,,,,,,,,,,,,,,,,,,,,,,,,,,,,,,,,,,,,,,,,,,,,,,,,,,,,,,,,,,,,,,,,,,,,4077,品田 直樹,87期,東京,神奈川,47,A2,,0,0,0.17,5.51,34.9,52.8,3.78,5.5,33.3,0,33,25.0,36.5,0,31,35.6,53.1,9,,,,,,,,,,,,,,,,,,,,,,,,,,,,,,,,,,,,,,,,,,,,,,,,,,,,,,,,,,,,,,,,,,,,,,,3730,塩崎 優司,75期,愛知,愛知,54,B1,,0,0,0.17,3.75,17.0,29.0,5.0,25.0,37.5,0,14,28.0,46.8,0,39,38.2,53.9,,,,,,,,,,,,,,,,,,,,,,,,,,,,,,,,,,,,,,,,,,,,,,,,,,,,,,,,,,,,,,,,,,,,,,,,4019,笠原 亮,84期,静岡,静岡,46,A1,,0,0,0.17,7.04,54.7,68.7,6.33,44.4,61.1,0,39,37.0,53.3,0,57,32.6,51.0,12,,,,,,,,,,,,,,,,,,,,,,,,,,,,,,,,,,,,,,,,,,,,,,,,,,,,,,,,,,,,,,,,,,,,,,,4469,土山 卓也,101期,福井,福井,39,A2,,0,0,0.17,5.62,35.2,55.2,0.0,0.0,0.0,0,32,27.5,44.8,0,27,32.0,47.5,10,,,,,,,,,,,,,,,,,,,,,,,,,,,,,,,,,,,,,,,,,,,,,,,,,,,,,,,,,,,,,,,,,,,,,,,5458,田中 大輝,138期,福岡,福岡,20,B2,,0,0,0.0,1.32,0.0,1.7,0.0,0.0,0.0,0,35,44.6,65.0,0,66,34.2,48.6,,,,,,,,,,,,,,,,,,,,,,,,,,,,,,,,,,,,,,,,,,,,,,,,,,,,,,,,,,,,,,,,,,,,,,,
202609171605,2026-09-17,16,05R,3826,村田 修次,78期,東京,東京,53,A2,,0,0,0.15,6.43,49.1,69.8,6.32,47.3,68.4,0,59,28.2,49.2,0,30,34.9,53.4,11,,,,,,,,,,,,,,,,,,,,,,,,,,,,,,,,,,,,,,,,,,,,,,,,,,,,,,,,,,,,,,,,,,,,,,,4342,谷野 錬志,96期,静岡,静岡,42,A2,,0,0,0.15,6.55,41.2,62.8,7.0,66.6,77.7,0,46,23.6,37.8,0,37,23.4,38.5,10,,,,,,,,,,,,,,,,,,,,,,,,,,,,,,,,,,,,,,,,,,,,,,,,,,,,,,,,,,,,,,,,,,,,,,,3977,山本 兼士,83期,大阪,大阪,49,B1,,0,0,0.18,4.24,15.5,36.8,6.5,40.0,80.0,0,50,40.2,58.2,0,24,29.1,47.4,,,,,,,,,,,,,,,,,,,,,,,,,,,,,,,,,,,,,,,,,,,,,,,,,,,,,,,,,,,,,,,,,,,,,,,,4506,稗田 聖也,102期,福岡,福岡,38,A1,,0,0,0.14,6.24,47.6,63.8,5.58,39.5,52.0,0,16,35.6,51.3,0,43,37.7,53.1,12,,,,,,,,,,,,,,,,,,,,,,,,,,,,,,,,,,,,,,,,,,,,,,,,,,,,,,,,,,,,,,,,,,,,,,,4785,木幡 純也,113期,愛知,愛知,38,B1,,0,0,0.2,4.12,19.2,32.5,4.32,13.5,35.1,0,52,28.6,44.1,0,52,32.6,51.8,,,,,,,,,,,,,,,,,,,,,,,,,,,,,,,,,,,,,,,,,,,,,,,,,,,,,,,,,,,,,,,,,,,,,,,,5419,櫻井 隼,136期,埼玉,埼玉,20,B1,,0,0,0.24,2.24,1.2,8.9,0.0,0.0,0.0,0,26,30.9,45.7,0,20,31.7,43.9,,,,,,,,,,,,,,,,,,,,,,,,,,,,,,,,,,,,,,,,,,,,,,,,,,,,,,,,,,,,,,,,,,,,,,,
202609171606,2026-09-17,16,06R,5271,杉山 太陽,131期,福岡,福岡,25,B1,,0,0,0.19,3.98,17.8,33.6,3.44,22.2,22.2,0,20,48.3,65.4,0,44,33.1,48.9,,,,,,,,,,,,,,,,,,,,,,,,,,,,,,,,,,,,,,,,,,,,,,,,,,,,,,,,,,,,,,,,,,,,,,,,5002,上田 健太,121期,愛知,愛知,30,A2,,0,0,0.17,5.42,33.3,55.2,7.24,52.3,76.1,0,17,38.5,50.9,0,11,28.0,46.7,11,,,,,,,,,,,,,,,,,,,,,,,,,,,,,,,,,,,,,,,,,,,,,,,,,,,,,,,,,,,,,,,,,,,,,,,3642,大塚 浩二,72期,静岡,静岡,55,B1,,0,0,0.2,4.35,15.1,36.7,4.44,18.5,33.3,0,30,37.8,47.5,0,73,34.3,59.7,,,,,,,,,,,,,,,,,,,,,,,,,,,,,,,,,,,,,,,,,,,,,,,,,,,,,,,,,,,,,,,,,,,,,,,,3911,鈴木 猛,81期,東京,東京,52,B1,,0,0,0.17,4.84,27.5,44.0,0.0,0.0,0.0,0,40,23.8,45.2,0,32,32.2,47.6,,,,,,,,,,,,,,,,,,,,,,,,,,,,,,,,,,,,,,,,,,,,,,,,,,,,,,,,,,,,,,,,,,,,,,,,4028,田村 隆信,85期,徳島,徳島,48,A1,,0,0,0.15,5.64,36.1,52.3,6.86,57.1,71.4,0,48,22.8,44.1,0,71,43.1,59.4,12,,,,,,,,,,,,,,,,,,,,,,,,,,,,,,,,,,,,,,,,,,,,,,,,,,,,,,,,,,,,,,,,,,,,,,,5467,野村 羽玖,138期,大阪,大阪,19,B2,,0,0,0.0,2.5,1.8,14.8,3.11,0.0,33.3,0,63,31.3,46.7,0,61,31.2,50.0,1,,,,,,,,,,,,,,,,,,,,,,,,,,,,,,,,,,,,,,,,,,,,,,,,,,,,,,,,,,,,,,,,,,,,,,
202609171607,2026-09-17,16,07R,3870,寺嶋 雄,79期,福井,福井,50,B1,,0,0,0.18,4.01,17.6,28.4,4.11,33.3,33.3,0,19,41.5,60.3,0,26,34.7,46.3,2,,,,,,,,,,,,,,,,,,,,,,,,,,,,,,,,,,,,,,,,,,,,,,,,,,,,,,,,,,,,,,,,,,,,,,,4563,齋藤 真之,105期,岡山,岡山,38,B1,,0,0,0.16,3.94,20.8,33.3,4.11,22.2,32.1,0,45,27.5,41.0,0,45,36.7,49.7,,,,,,,,,,,,,,,,,,,,,,,,,,,,,,,,,,,,,,,,,,,,,,,,,,,,,,,,,,,,,,,,,,,,,,,,3319,山崎 義明,61期,埼玉,埼玉,59,A2,,0,0,0.16,5.69,37.9,60.4,0.0,0.0,0.0,0,38,35.5,50.4,0,51,29.6,47.4,,,,,,,,,,,,,,,,,,,,,,,,,,,,,,,,,,,,,,,,,,,,,,,,,,,,,,,,,,,,,,,,,,,,,,,,3997,北村 征嗣,83期,大阪,大阪,47,A1,,0,0,0.16,6.1,39.3,62.1,6.98,52.3,78.5,0,29,28.5,41.4,0,21,27.5,42.7,12,,,,,,,,,,,,,,,,,,,,,,,,,,,,,,,,,,,,,,,,,,,,,,,,,,,,,,,,,,,,,,,,,,,,,,,4213,重富 伸也,91期,長崎,長崎,42,B1,,1,0,0.16,3.96,22.4,34.8,4.35,26.4,35.2,0,11,30.1,42.5,0,13,28.8,48.6,1,,,,,,,,,,,,,,,,,,,,,,,,,,,,,,,,,,,,,,,,,,,,,,,,,,,,,,,,,,,,,,,,,,,,,,,5107,松本 真広,125期,福岡,熊本,27,B1,,1,0,0.16,4.07,11.7,35.2,4.5,22.2,44.4,0,31,33.6,50.2,0,41,31.8,46.3,,,,,,,,,,,,,,,,,,,,,,,,,,,,,,,,,,,,,,,,,,,,,,,,,,,,,,,,,,,,,,,,,,,,,,,
202609171608,2026-09-17,16,08R,4439,近藤 友宝,100期,埼玉,埼玉,40,B1,,1,0,0.17,4.04,17.5,35.1,3.46,23.0,30.7,0,57,33.6,49.2,0,29,31.7,48.4,2,,,,,,,,,,,,,,,,,,,,,,,,,,,,,,,,,,,,,,,,,,,,,,,,,,,,,,,,,,,,,,,,,,,,,,,4122,安東 幸治,88期,福岡,福岡,44,A2,,0,0,0.17,5.43,36.0,52.8,0.0,0.0,0.0,0,53,33.1,48.5,0,28,25.5,40.5,,,,,,,,,,,,,,,,,,,,,,,,,,,,,,,,,,,,,,,,,,,,,,,,,,,,,,,,,,,,,,,,,,,,,,,,3982,福田 理,83期,岡山,岡山,49,B1,,0,0,0.18,4.4,22.8,38.0,4.25,22.8,32.4,0,55,48.0,65.3,0,38,42.8,59.2,1,,,,,,,,,,,,,,,,,,,,,,,,,,,,,,,,,,,,,,,,,,,,,,,,,,,,,,,,,,,,,,,,,,,,,,,4145,小澤 学,89期,東京,千葉,44,B1,,0,0,0.26,4.07,15.7,33.6,0.0,0.0,0.0,0,66,35.5,53.0,0,74,35.9,51.8,3,,,,,,,,,,,,,,,,,,,,,,,,,,,,,,,,,,,,,,,,,,,,,,,,,,,,,,,,,,,,,,,,,,,,,,,4319,三宅 潤,95期,大阪,大阪,41,A2,,0,0,0.18,5.39,30.0,54.8,3.0,0.0,25.0,0,62,39.2,59.8,0,19,37.7,52.6,,,,,,,,,,,,,,,,,,,,,,,,,,,,,,,,,,,,,,,,,,,,,,,,,,,,,,,,,,,,,,,,,,,,,,,,4179,広次 修,90期,山口,山口,43,A2,,0,0,0.15,5.07,25.4,53.3,5.91,45.4,63.6,0,24,31.9,48.5,0,48,32.4,48.1,,,,,,,,,,,,,,,,,,,,,,,,,,,,,,,,,,,,,,,,,,,,,,,,,,,,,,,,,,,,,,,,,,,,,,,
202609171609,2026-09-17,16,09R,4077,品田 直樹,87期,東京,神奈川,47,A2,,0,0,0.17,5.51,34.9,52.8,3.78,5.5,33.3,0,33,25.0,36.5,0,31,35.6,53.1,4,,,,,,,,,,,,,,,,,,,,,,,,,,,,,,,,,,,,,,,,,,,,,,,,,,,,,,,,,,,,,,,,,,,,,,,4904,松本 一毅,117期,大阪,大阪,32,B1,,0,0,0.17,5.48,35.9,54.6,6.07,37.0,66.6,0,61,35.2,54.2,0,53,24.7,42.8,,,,,,,,,,,,,,,,,,,,,,,,,,,,,,,,,,,,,,,,,,,,,,,,,,,,,,,,,,,,,,,,,,,,,,,,3831,安藤 裕貴,78期,愛知,愛知,52,B1,,0,0,0.15,4.47,27.0,38.0,4.83,33.3,44.4,0,36,36.3,61.7,0,46,31.2,52.0,,,,,,,,,,,,,,,,,,,,,,,,,,,,,,,,,,,,,,,,,,,,,,,,,,,,,,,,,,,,,,,,,,,,,,,,4069,山本 修一,86期,岡山,岡山,46,A2,,1,0,0.18,5.8,39.4,55.9,5.87,36.6,61.8,0,56,36.3,49.7,0,67,28.8,44.0,3,,,,,,,,,,,,,,,,,,,,,,,,,,,,,,,,,,,,,,,,,,,,,,,,,,,,,,,,,,,,,,,,,,,,,,,5336,瀬川 大地,133期,山口,山口,20,B1,,1,0,0.15,3.56,16.0,24.6,1.19,0.0,0.0,0,67,31.7,48.8,0,55,28.1,42.7,1,,,,,,,,,,,,,,,,,,,,,,,,,,,,,,,,,,,,,,,,,,,,,,,,,,,,,,,,,,,,,,,,,,,,,,,3773,津留 浩一郎,76期,長崎,長崎,52,B1,,0,0,0.16,3.73,16.8,32.5,5.1,27.1,52.5,0,15,27.8,43.2,0,63,34.0,53.9,2,,,,,,,,,,,,,,,,,,,,,,,,,,,,,,,,,,,,,,,,,,,,,,,,,,,,,,,,,,,,,,,,,,,,,,
202609171610,2026-09-17,16,10R,4342,谷野 錬志,96期,静岡,静岡,42,A2,,0,0,0.15,6.55,41.2,62.8,7.0,66.6,77.7,0,46,23.6,37.8,0,37,23.4,38.5,5,,,,,,,,,,,,,,,,,,,,,,,,,,,,,,,,,,,,,,,,,,,,,,,,,,,,,,,,,,,,,,,,,,,,,,,3872,岡田 憲行,79期,大阪,大阪,50,A2,,0,0,0.18,5.73,36.0,57.0,5.65,48.3,58.0,0,49,38.3,53.4,0,12,30.6,42.3,,,,,,,,,,,,,,,,,,,,,,,,,,,,,,,,,,,,,,,,,,,,,,,,,,,,,,,,,,,,,,,,,,,,,,,,4129,宇野 博之,89期,愛知,愛知,46,B1,,1,0,0.18,3.61,14.9,29.8,5.18,30.7,48.7,0,69,36.2,51.2,0,17,38.4,54.2,2,,,,,,,,,,,,,,,,,,,,,,,,,,,,,,,,,,,,,,,,,,,,,,,,,,,,,,,,,,,,,,,,,,,,,,,4469,土山 卓也,101期,福井,福井,39,A2,,0,0,0.17,5.62,35.2,55.2,0.0,0.0,0.0,0,32,27.5,44.8,0,27,32.0,47.5,4,,,,,,,,,,,,,,,,,,,,,,,,,,,,,,,,,,,,,,,,,,,,,,,,,,,,,,,,,,,,,,,,,,,,,,,4105,松下 直也,88期,兵庫,兵庫,46,B1,,0,0,0.19,5.13,30.4,53.2,5.24,21.7,50.0,0,44,40.0,58.0,0,18,34.5,54.9,3,,,,,,,,,,,,,,,,,,,,,,,,,,,,,,,,,,,,,,,,,,,,,,,,,,,,,,,,,,,,,,,,,,,,,,,4723,寺島 吉彦,111期,東京,福島,40,B1,,1,0,0.17,4.28,25.0,35.2,4.15,25.0,35.0,0,58,34.0,53.6,0,16,22.3,39.8,1,,,,,,,,,,,,,,,,,,,,,,,,,,,,,,,,,,,,,,,,,,,,,,,,,,,,,,,,,,,,,,,,,,,,,,
202609171611,2026-09-17,16,11R,4790,柳内 敬太,113期,兵庫,兵庫,37,A1,,1,0,0.15,6.32,41.8,70.9,0.0,0.0,0.0,0,43,27.5,49.7,0,34,39.6,53.4,,,,,,,,,,,,,,,,,,,,,,,,,,,,,,,,,,,,,,,,,,,,,,,,,,,,,,,,,,,,,,,,,,,,,,,,4411,沢田 昭宏,99期,大阪,大阪,40,A2,,0,0,0.19,5.61,36.5,52.8,5.88,39.6,60.3,0,34,32.5,45.6,0,72,31.0,48.9,3,,,,,,,,,,,,,,,,,,,,,,,,,,,,,,,,,,,,,,,,,,,,,,,,,,,,,,,,,,,,,,,,,,,,,,,3826,村田 修次,78期,東京,東京,53,A2,,0,0,0.15,6.43,49.1,69.8,6.32,47.3,68.4,0,59,28.2,49.2,0,30,34.9,53.4,5,,,,,,,,,,,,,,,,,,,,,,,,,,,,,,,,,,,,,,,,,,,,,,,,,,,,,,,,,,,,,,,,,,,,,,,3933,山地 正樹,81期,岡山,岡山,50,B1,,0,0,0.17,5.96,44.6,63.3,5.41,39.2,55.5,0,13,35.2,51.6,0,60,28.5,38.2,4,,,,,,,,,,,,,,,,,,,,,,,,,,,,,,,,,,,,,,,,,,,,,,,,,,,,,,,,,,,,,,,,,,,,,,,4007,榮田 将彦,84期,山口,山口,47,B1,,0,0,0.14,4.67,27.8,46.1,4.0,20.0,35.0,0,27,34.8,50.5,0,22,31.4,49.7,2,,,,,,,,,,,,,,,,,,,,,,,,,,,,,,,,,,,,,,,,,,,,,,,,,,,,,,,,,,,,,,,,,,,,,,,5002,上田 健太,121期,愛知,愛知,30,A2,,0,0,0.17,5.42,33.3,55.2,7.24,52.3,76.1,0,17,38.5,50.9,0,11,28.0,46.7,6,,,,,,,,,,,,,,,,,,,,,,,,,,,,,,,,,,,,,,,,,,,,,,,,,,,,,,,,,,,,,,,,,,,,,,
202609171612,2026-09-17,16,12R,4019,笠原 亮,84期,静岡,静岡,46,A1,,0,0,0.17,7.04,54.7,68.7,6.33,44.4,61.1,0,39,37.0,53.3,0,57,32.6,51.0,4,,,,,,,,,,,,,,,,,,,,,,,,,,,,,,,,,,,,,,,,,,,,,,,,,,,,,,,,,,,,,,,,,,,,,,,4028,田村 隆信,85期,徳島,徳島,48,A1,,0,0,0.15,5.64,36.1,52.3,6.86,57.1,71.4,0,48,22.8,44.1,0,71,43.1,59.4,6,,,,,,,,,,,,,,,,,,,,,,,,,,,,,,,,,,,,,,,,,,,,,,,,,,,,,,,,,,,,,,,,,,,,,,,4903,吉田 凌太朗,117期,愛知,愛知,32,A1,,1,0,0.15,6.24,45.7,59.0,6.85,50.0,70.0,0,25,26.0,43.4,0,25,31.4,49.2,3,,,,,,,,,,,,,,,,,,,,,,,,,,,,,,,,,,,,,,,,,,,,,,,,,,,,,,,,,,,,,,,,,,,,,,,3743,林 美憲,75期,徳島,徳島,51,A1,,0,0,0.15,5.5,40.4,52.6,0.0,0.0,0.0,0,68,32.5,46.7,0,75,30.5,46.6,1,,,,,,,,,,,,,,,,,,,,,,,,,,,,,,,,,,,,,,,,,,,,,,,,,,,,,,,,,,,,,,,,,,,,,,,3997,北村 征嗣,83期,大阪,大阪,47,A1,,0,0,0.16,6.1,39.3,62.1,6.98,52.3,78.5,0,29,28.5,41.4,0,21,27.5,42.7,7,,,,,,,,,,,,,,,,,,,,,,,,,,,,,,,,,,,,,,,,,,,,,,,,,,,,,,,,,,,,,,,,,,,,,,,4506,稗田 聖也,102期,福岡,福岡,38,A1,,0,0,0.14,6.24,47.6,63.8,5.58,39.5,52.0,0,16,35.6,51.3,0,43,37.7,53.1,5,,,,,,,,,,,,,,,,,,,,,,,,,,,,,,,,,,,,,,,,,,,,,,,,,,,,,,,,,,,,,,,,,,,,,,
202609171801,2026-09-17,18,01R,4985,井本 昌也,120期,山口,山口,29,A1,,0,0,0.15,6.64,52.4,66.9,6.52,52.0,63.2,0,73,42.5,55.3,0,44,36.4,58.2,11,6,2,2,0.27,3,,,,,,2,5,5,0.09,4,8,1,1,0.09,1,5,6,6,0.13,4,,,,,,3,3,3,0.09,1,8,4,4,0.11,3,,,,,,11,3,3,0.28,5,,,,,,,,,,,,,,,,,,,,,3744,徳増 秀樹,75期,静岡,静岡,51,A1,,0,0,0.14,6.2,45.4,59.8,6.36,46.1,64.1,0,11,31.6,49.5,0,68,41.9,55.7,7,,,,,,8,1,1,0.08,1,,,,,,9,4,4,0.11,6,1,3,6,0.18,6,9,2,2,0.11,6,,,,,,8,3,3,0.06,4,2,6,6,0.09,6,7,5,5,0.08,6,,,,,,,,,,,,,,,,,,,,,4586,磯部 誠,105期,愛知,愛知,36,A1,賞除,0,0,0.13,7.7,54.4,71.5,6.16,32.4,48.6,0,13,40.2,55.1,0,52,27.3,40.4,6,,,,,,12,3,3,0.23,2,2,2,2,0.09,3,7,6,6,0.06,5,,,,,,7,4,4,0.09,2,4,5,5,0.07,5,10,1,1,0.08,1,,,,,,12,6,5,0.16,3,,,,,,,,,,,,,,,,,,,,,4305,金子 拓矢,95期,群馬,栃木,42,A1,,0,0,0.15,6.88,53.4,66.9,6.96,54.1,75.0,0,38,33.6,43.2,0,56,31.2,44.2,,2,3,3,0.14,4,10,6,6,0.17,6,3,4,4,0.06,5,,,,,,2,5,5,0.09,5,10,2,2,0.25,6,3,1,1,0.13,3,,,,,,3,6,6,0.16,5,9,2,2,0.09,4,,,,,,,,,,,,,,,,,,,,,4760,山崎 郡,112期,大阪,大阪,36,A1,,0,0,0.14,7.49,53.7,68.9,7.61,51.6,87.1,0,59,38.1,55.9,0,54,36.9,56.9,10,4,5,5,0.04,1,10,1,1,0.13,1,2,4,4,0.1,5,,,,,,4,2,2,0.16,2,12,6,6,0.11,5,,,,,,9,3,3,0.07,1,,,,,,10,2,2,0.16,3,,,,,,,,,,,,,,,,,,,,,4566,塩田 北斗,105期,福岡,福岡,38,A1,,1,0,0.14,6.76,44.0,64.5,6.36,39.2,53.5,0,36,28.5,50.8,0,23,30.7,55.1,5,6,5,5,0.22,4,,,,,,4,1,1,0.03,1,,,,,,4,4,4,0.12,4,11,6,6,0.11,4,,,,,,10,2,2,0.07,3,2,1,1,0.14,5,9,3,3,0.07,1,,,,,,,,,,,,,,,,,,,,
202609171802,2026-09-17,18,02R,5015,高橋 竜矢,121期,広島,広島,28,A1,,0,0,0.14,6.89,54.6,73.8,6.86,41.3,72.4,0,60,32.6,53.0,0,55,35.4,54.1,10,,,,,,9,4,4,0.13,5,3,3,3,0.05,3,9,6,6,0.09,5,,,,,,7,2,2,0.1,3,1,1,1,0.11,1,6,5,5,0.01,1,,,,,,10,6,6,0.21,5,,,,,,,,,,,,,,,,,,,,,4024,井口 佳典,85期,三重,三重,49,A1,,0,0,0.16,6.92,45.8,60.5,6.67,16.6,66.6,0,48,38.5,55.0,0,42,30.2,47.3,8,5,5,5,0.15,3,,,,,,6,4,3,0.21,6,,,,,,5,1,1,0.14,5,12,4,4,0.06,6,4,6,6,0.09,4,,,,,,1,2,2,0.16,5,5,6,6,0.09,6,,,,,,,,,,,,,,,,,,,,,3960,菊地 孝平,82期,静岡,岩手,48,A1,,0,0,0.11,6.94,42.9,62.2,6.7,50.0,60.0,0,12,41.6,56.2,0,19,38.3,51.4,6,,,,,,12,2,2,0.15,6,3,6,6,0.11,6,8,3,3,0.05,4,,,,,,10,1,1,0.21,4,2,5,5,0.08,6,9,4,4,0.09,3,5,4,4,0.06,5,,,,,,,,,,,,,,,,,,,,,,,,,,4397,西村 拓也,98期,大阪,大阪,39,A1,,0,0,0.13,7.43,61.0,77.8,7.13,41.6,70.8,0,44,34.9,53.4,0,24,33.8,46.5,9,,,,,,8,2,2,0.08,2,4,3,3,0.07,4,10,5,6,0.12,5,,,,,,7,5,5,0.14,4,2,4,4,0.08,3,8,1,1,0.07,1,4,1,1,0.11,1,,,,,,,,,,,,,,,,,,,,,,,,,,4796,春園 功太,113期,三重,三重,35,A1,,0,0,0.15,6.02,45.3,58.9,6.08,45.0,60.0,0,27,44.3,59.4,0,18,39.7,49.2,11,,,,,,7,6,6,0.17,4,5,2,2,0.12,2,,,,,,4,3,3,0.16,5,10,4,4,0.07,1,,,,,,7,1,1,0.11,1,,,,,,12,3,3,0.03,5,,,,,,,,,,,,,,,,,,,,,4928,栗城 匠,118期,東京,東京,31,A1,,0,0,0.14,6.63,50.9,64.8,6.38,50.0,75.0,0,17,40.2,64.3,0,62,38.3,54.3,7,3,4,4,0.13,6,,,,,,3,5,5,0.04,4,7,3,2,0.02,1,,,,,,9,1,1,0.14,2,,,,,,7,6,6,0.11,3,1,1,1,0.04,1,6,3,3,0.13,5,,,,,,,,,,,,,,,,,,,,
202609171803,2026-09-17,18,03R,4939,宮之原 輝紀,118期,東京,東京,28,A1,,0,0,0.14,7.7,64.7,73.5,7.2,65.0,75.0,0,41,31.4,51.8,0,15,36.9,57.6,10,,,,,,7,5,5,0.13,3,4,2,2,0.05,2,11,1,1,0.06,1,,,,,,10,6,6,0.13,3,6,4,4,0.09,5,10,3,3,0.07,2,,,,,,10,3,3,0.12,4,,,,,,,,,,,,,,,,,,,,,4391,松田 祐季,98期,福井,福井,40,A1,,0,0,0.15,7.03,53.7,70.5,6.45,40.9,59.0,0,62,25.8,43.5,0,34,31.8,48.7,,6,4,4,0.17,2,,,,,,,,,,,9,3,3,0.09,4,2,1,1,0.12,1,8,5,5,0.23,5,,,,,,9,6,6,0.05,5,2,5,5,0.1,4,7,2,2,0.1,2,,,,,,,,,,,,,,,,,,,,,4256,渡辺 浩司,93期,福岡,大分,42,A1,,1,0,0.13,7.09,46.2,78.1,6.88,40.0,80.0,0,68,53.4,65.9,0,59,41.2,60.1,,2,5,5,0.15,6,9,3,3,0.11,6,,,,,,7,4,4,0.06,3,1,1,1,0.15,2,,,,,,3,6,6,0.12,5,7,2,2,0.21,6,3,2,2,0.18,3,9,6,6,0.14,6,,,,,,,,,,,,,,,,,,,,,4448,青木 玄太,100期,滋賀,滋賀,39,A1,,0,0,0.16,7.07,54.5,74.3,7.52,66.6,74.0,0,43,18.9,31.5,0,17,29.1,45.4,9,,,,,,9,2,2,0.06,2,1,6,6,0.17,3,6,6,5,0.24,5,6,1,1,0.24,4,,,,,,1,4,4,0.08,4,7,3,3,0.05,2,,,,,,7,3,3,0.11,4,,,,,,,,,,,,,,,,,,,,,3941,池田 浩二,81期,愛知,愛知,48,A1,,0,0,0.12,7.69,48.3,66.9,7.82,52.9,70.5,0,66,31.7,45.8,0,14,35.5,52.4,11,5,3,3,0.12,4,10,4,4,0.12,4,,,,,,12,1,1,0.03,1,3,6,6,0.13,3,11,2,2,0.1,3,,,,,,9,5,5,0.05,2,,,,,,11,4,4,0.14,3,,,,,,,,,,,,,,,,,,,,,4739,中村 晃朋,111期,香川,香川,34,A1,,1,0,0.15,6.44,52.9,68.0,5.96,26.0,47.8,0,70,24.4,40.0,0,38,41.6,54.0,8,5,1,1,0.15,1,,,,,,2,6,6,0.16,6,11,3,3,0.09,3,1,4,5,0.28,3,,,,,,2,2,2,0.06,2,11,4,4,0.08,5,5,1,1,0.13,1,,,,,,,,,,,,,,,,,,,,,,,,,
202609171804,2026-09-17,18,04R,4237,大峯 豊,92期,山口,山口,42,A1,,0,0,0.14,7.39,53.5,75.8,7.58,61.5,76.9,0,26,38.4,50.5,0,72,34.1,51.9,10,4,3,3,0.12,4,9,5,5,0.06,3,,,,,,12,2,2,0.08,3,2,4,4,0.07,2,7,1,1,0.16,1,5,2,6,0.11,4,,,,,,,,,,,12,2,2,0.04,4,,,,,,,,,,,,,,,,,,,,,4344,新田 雄史,96期,三重,三重,41,A1,,2,0,0.14,7.58,56.0,68.9,7.88,37.5,50.0,0,67,29.6,48.1,0,53,33.3,46.7,,,,,,,12,6,6,0.34,5,1,3,3,0.17,2,7,1,1,0.08,2,2,2,2,0.19,4,11,4,4,0.23,5,,,,,,8,5,5,0.13,5,2,3,3,0.08,3,8,4,4,0.21,2,,,,,,,,,,,,,,,,,,,,,4682,大上 卓人,109期,広島,広島,36,A1,,0,0,0.14,7.29,50.8,68.7,6.46,26.9,50.0,0,55,37.0,51.0,0,57,36.8,51.2,,1,2,2,0.11,2,6,6,6,0.18,6,6,1,1,0.11,3,,,,,,3,3,3,0.18,5,,,,,,3,4,4,0.12,2,11,6,5,0.13,6,4,2,2,0.13,2,8,5,5,0.16,5,,,,,,,,,,,,,,,,,,,,,4074,柳沢 一,86期,愛知,愛知,45,A1,,0,0,0.13,6.63,48.3,70.1,6.38,37.5,50.0,0,24,26.0,42.3,0,73,39.3,55.3,9,,,,,,7,1,1,0.1,2,,,,,,8,6,6,0.05,5,1,2,2,0.18,5,11,5,5,0.09,6,2,3,3,0.05,5,,,,,,3,4,4,0.13,4,7,6,6,0.08,3,,,,,,,,,,,,,,,,,,,,,5267,石本 裕武,131期,大阪,大阪,26,A1,,0,0,0.15,6.88,54.9,65.6,7.7,70.0,80.0,0,35,36.8,52.4,0,20,33.8,50.0,8,5,6,6,0.16,6,,,,,,1,2,2,0.18,6,8,5,5,0.06,6,4,1,1,0.18,1,,,,,,6,3,3,0.09,6,,,,,,1,6,6,0.15,6,6,4,4,0.15,6,,,,,,,,,,,,,,,,,,,,,5084,末永 和也,124期,佐賀,佐賀,27,A1,,0,0,0.13,6.67,45.9,65.5,7.27,46.1,61.5,0,72,36.3,63.6,0,31,31.8,50.4,,1,5,5,0.16,転,10,3,3,0.13,3,,,,,,8,2,2,0.07,2,5,4,4,0.12,1,9,6,6,0.17,4,5,1,1,0.18,3,,,,,,3,3,3,0.15,2,6,1,1,0.12,1,,,,,,,,,,,,,,,,,,,,
202609171805,2026-09-17,18,05R,4205,山口 剛,91期,広島,広島,44,A1,,0,0,0.14,7.54,48.9,67.0,7.8,56.0,64.0,0,46,33.0,46.6,0,12,39.3,53.7,10,3,2,2,0.15,4,8,6,6,0.14,3,,,,,,12,4,4,0.04,5,5,3,3,0.09,2,10,5,5,0.08,2,,,,,,11,1,1,0.12,1,,,,,,11,2,2,0.39,6,,,,,,,,,,,,,,,,,,,,,4566,塩田 北斗,105期,福岡,福岡,38,A1,,1,0,0.14,6.76,44.0,64.5,6.36,39.2,53.5,0,36,28.5,50.8,0,23,30.7,55.1,1,6,5,5,0.22,4,,,,,,4,1,1,0.03,1,,,,,,4,4,4,0.12,4,11,6,6,0.11,4,,,,,,10,2,2,0.07,3,2,1,1,0.14,5,9,3,3,0.07,1,,,,,,,,,,,,,,,,,,,,,5142,常住 蓮,126期,佐賀,佐賀,25,A1,,1,0,0.15,7.31,56.2,74.3,8.56,66.6,88.8,0,75,36.8,56.3,0,26,30.6,44.5,,2,1,1,0.25,3,8,5,5,0.06,6,6,3,2,0.17,4,,,,,,1,6,4,0.2,4,7,6,6,0.12,6,4,3,3,0.08,2,,,,,,2,4,4,0.07,2,6,2,2,0.12,2,,,,,,,,,,,,,,,,,,,,,4528,黒井 達矢,103期,埼玉,埼玉,38,A1,,0,0,0.17,6.56,43.1,62.5,6.94,37.5,56.2,0,71,29.5,44.9,0,43,29.4,43.1,9,3,5,5,0.18,5,,,,,,2,1,1,0.09,1,10,2,2,0.08,1,4,6,6,0.11,6,,,,,,5,4,3,0.07,6,10,4,4,0.12,4,5,5,5,0.09,4,,,,,,,,,,,,,,,,,,,,,,,,,,4713,白神 優,110期,岡山,岡山,36,A1,,0,0,0.14,6.26,40.3,60.5,7.17,52.7,72.2,0,15,41.8,52.3,0,32,29.4,48.7,,4,6,6,0.02,3,,,,,,1,1,1,0.12,5,10,4,4,0.07,4,6,2,2,0.12,5,,,,,,5,6,5,0.11,5,11,3,3,0.08,2,4,3,3,0.1,5,9,4,4,0.1,3,,,,,,,,,,,,,,,,,,,,,4013,中島 孝平,84期,福井,福井,46,A1,,0,0,0.14,6.99,46.3,63.8,6.76,36.0,52.0,0,54,37.5,57.1,0,70,29.1,49.5,,1,4,4,0.19,3,9,1,1,0.06,1,,,,,,12,5,5,0.05,4,,,,,,12,3,3,0.13,3,3,2,2,0.13,4,10,6,6,0.13,6,1,4,4,0.09,3,8,1,1,0.19,1,,,,,,,,,,,,,,,,,,,,
202609171806,2026-09-17,18,06R,4759,今泉 友吾,112期,東京,東京,36,A1,,0,0,0.16,6.97,48.1,74.4,6.72,55.5,72.2,0,69,41.4,59.5,0,16,38.3,53.4,11,5,4,4,0.16,2,,,,,,2,3,3,0.09,2,9,5,5,0.1,3,,,,,,11,1,1,0.11,1,5,3,2,0.09,1,12,6,6,0.09,2,,,,,,11,1,1,0.27,4,,,,,,,,,,,,,,,,,,,,,4415,下出 卓矢,99期,福井,石川,39,A1,,1,0,0.14,6.08,46.8,58.5,5.65,35.2,58.8,0,22,30.3,46.0,0,40,38.0,52.2,,4,2,2,0.13,6,,,,,,4,4,4,0.12,6,,,,,,3,1,1,0.17,6,9,5,5,0.16,5,,,,,,8,6,6,0.16,6,1,3,3,0.1,2,8,6,6,0.22,6,,,,,,,,,,,,,,,,,,,,,4547,中田 竜太,104期,埼玉,福島,38,A1,,0,0,0.16,6.82,43.6,60.9,8.0,57.1,92.8,0,23,35.5,46.7,0,33,33.8,45.4,10,4,1,1,0.17,2,,,,,,3,2,2,0.03,1,11,5,5,0.15,5,6,6,6,0.12,3,,,,,,,,,,,12,3,3,0.16,6,3,1,1,0.16,1,7,4,4,0.07,1,,,,,,,,,,,,,,,,,,,,,4537,渡邉 和将,103期,岡山,岡山,36,A1,,0,0,0.14,7.11,50.0,74.6,7.3,54.3,66.6,0,74,42.6,54.8,0,39,32.0,47.0,,6,1,1,0.22,1,,,,,,5,5,5,0.15,5,11,4,4,0.06,4,2,6,6,0.11,6,,,,,,1,3,3,0.17,6,9,2,2,0.06,4,3,5,5,0.14,6,8,2,2,0.15,3,,,,,,,,,,,,,,,,,,,,,3960,菊地 孝平,82期,静岡,岩手,48,A1,,0,0,0.11,6.94,42.9,62.2,6.7,50.0,60.0,0,12,41.6,56.2,0,19,38.3,51.4,2,,,,,,12,2,2,0.15,6,3,6,6,0.11,6,8,3,3,0.05,4,,,,,,10,1,1,0.21,4,2,5,5,0.08,6,9,4,4,0.09,3,5,4,4,0.06,5,,,,,,,,,,,,,,,,,,,,,,,,,,4586,磯部 誠,105期,愛知,愛知,36,A1,賞除,0,0,0.13,7.7,54.4,71.5,6.16,32.4,48.6,0,13,40.2,55.1,0,52,27.3,40.4,1,,,,,,12,3,3,0.23,2,2,2,2,0.09,3,7,6,6,0.06,5,,,,,,7,4,4,0.09,2,4,5,5,0.07,5,10,1,1,0.08,1,,,,,,12,6,5,0.16,3,,,,,,,,,,,,,,,,,,,,
202609171807,2026-09-17,18,07R,4826,井上 一輝,114期,大阪,大阪,32,A1,,0,0,0.13,7.02,53.9,70.8,6.3,37.0,55.5,0,64,38.4,53.8,0,35,29.6,44.6,11,3,3,3,0.17,2,9,6,6,0.11,4,5,1,1,0.12,1,,,,,,5,5,5,0.09,3,,,,,,4,4,4,0.09,3,12,2,2,0.13,3,,,,,,10,4,4,0.11,6,,,,,,,,,,,,,,,,,,,,,4928,栗城 匠,118期,東京,東京,31,A1,,0,0,0.14,6.63,50.9,64.8,6.38,50.0,75.0,0,17,40.2,64.3,0,62,38.3,54.3,2,3,4,4,0.13,6,,,,,,3,5,5,0.04,4,7,3,2,0.02,1,,,,,,9,1,1,0.14,2,,,,,,7,6,6,0.11,3,1,1,1,0.04,1,6,3,3,0.13,5,,,,,,,,,,,,,,,,,,,,,3744,徳増 秀樹,75期,静岡,静岡,51,A1,,0,0,0.14,6.2,45.4,59.8,6.36,46.1,64.1,0,11,31.6,49.5,0,68,41.9,55.7,1,,,,,,8,1,1,0.08,1,,,,,,9,4,4,0.11,6,1,3,6,0.18,6,9,2,2,0.11,6,,,,,,8,3,3,0.06,4,2,6,6,0.09,6,7,5,5,0.08,6,,,,,,,,,,,,,,,,,,,,,3959,坪井 康晴,82期,静岡,静岡,48,A1,,0,0,0.13,7.14,49.5,68.8,7.07,55.1,68.9,0,42,36.6,51.4,0,36,34.6,53.9,,2,2,2,0.16,1,11,6,6,0.08,5,,,,,,10,6,5,0.11,6,2,3,3,0.07,3,9,4,4,0.11,3,4,1,1,0.08,1,,,,,,4,5,5,0.13,4,9,1,1,0.08,2,,,,,,,,,,,,,,,,,,,,,4980,佐々木 完太,120期,山口,山口,30,A1,,0,0,0.16,7.1,52.2,64.6,6.8,50.6,65.4,0,19,48.3,63.7,0,27,31.9,48.2,,1,1,1,0.12,1,8,4,4,0.11,5,5,6,6,0.11,6,,,,,,3,4,4,0.17,1,10,3,3,0.19,5,4,2,2,0.1,6,,,,,,1,5,5,0.12,4,5,3,3,0.09,2,,,,,,,,,,,,,,,,,,,,,5017,澤田 尚也,121期,滋賀,京都,27,A1,賞除,1,0,0.13,6.84,53.0,68.1,6.88,37.5,37.5,0,34,38.7,61.2,0,47,33.1,55.2,,,,,,,10,2,2,0.15,2,,,,,,7,5,5,0.02,F,3,5,5,0.17,4,8,4,4,0.17,4,5,5,4,0.08,2,,,,,,6,6,6,0.17,4,,,,,,,,,,,,,,,,,,,,,,,,,
202609171808,2026-09-17,18,08R,4361,柳生 泰二,97期,山口,山口,41,A1,,1,0,0.14,7.39,56.1,71.0,6.54,45.1,59.7,0,58,29.1,46.8,0,51,34.3,48.7,11,3,1,1,0.18,1,10,5,5,0.16,5,4,6,6,0.14,5,,,,,,6,4,4,0.14,2,11,3,3,0.13,2,1,2,2,0.13,2,,,,,,,,,,,12,4,4,0.13,6,,,,,,,,,,,,,,,,,,,,,5267,石本 裕武,131期,大阪,大阪,26,A1,,0,0,0.15,6.88,54.9,65.6,7.7,70.0,80.0,0,35,36.8,52.4,0,20,33.8,50.0,4,5,6,6,0.16,6,,,,,,1,2,2,0.18,6,8,5,5,0.06,6,4,1,1,0.18,1,,,,,,6,3,3,0.09,6,,,,,,1,6,6,0.15,6,6,4,4,0.15,6,,,,,,,,,,,,,,,,,,,,,4024,井口 佳典,85期,三重,三重,49,A1,,0,0,0.16,6.92,45.8,60.5,6.67,16.6,66.6,0,48,38.5,55.0,0,42,30.2,47.3,2,5,5,5,0.15,3,,,,,,6,4,3,0.21,6,,,,,,5,1,1,0.14,5,12,4,4,0.06,6,4,6,6,0.09,4,,,,,,1,2,2,0.16,5,5,6,6,0.09,6,,,,,,,,,,,,,,,,,,,,,4739,中村 晃朋,111期,香川,香川,34,A1,,1,0,0.15,6.44,52.9,68.0,5.96,26.0,47.8,0,70,24.4,40.0,0,38,41.6,54.0,3,5,1,1,0.15,1,,,,,,2,6,6,0.16,6,11,3,3,0.09,3,1,4,5,0.28,3,,,,,,2,2,2,0.06,2,11,4,4,0.08,5,5,1,1,0.13,1,,,,,,,,,,,,,,,,,,,,,,,,,,5112,砂長 知輝,125期,埼玉,埼玉,26,A1,賞除,1,0,0.16,6.72,52.2,71.1,6.86,48.2,68.9,0,61,30.0,55.0,0,75,26.8,43.2,,1,6,6,0.18,妨,11,3,3,0.16,3,6,5,4,0.17,2,,,,,,,,,,,8,2,2,0.17,2,2,1,1,0.05,1,10,5,5,0.18,5,4,6,6,0.19,3,8,3,3,0.21,4,,,,,,,,,,,,,,,,,,,,,4831,羽野 直也,114期,福岡,福岡,31,A1,,0,0,0.15,7.36,57.1,70.4,7.14,47.2,72.2,0,31,31.3,54.5,0,37,34.4,51.4,,4,4,4,0.11,5,11,1,1,0.14,1,5,3,3,0.08,4,,,,,,3,2,2,0.13,2,,,,,,1,6,6,0.15,3,12,5,5,0.26,5,4,4,4,0.11,6,7,1,1,0.12,5,,,,,,,,,,,,,,,,,,,,
202609171809,2026-09-17,18,09R,3942,寺田 祥,81期,山口,山口,47,A1,,0,0,0.14,6.44,44.6,62.7,6.9,46.9,65.0,0,56,39.1,61.8,0,30,36.3,54.5,,,,,,,7,4,4,0.11,エ,3,1,1,0.1,2,10,3,3,0.09,3,,,,,,12,2,2,0.12,4,2,6,6,0.1,4,7,5,5,0.09,4,2,2,2,0.09,1,6,5,5,0.14,3,,,,,,,,,,,,,,,,,,,,,4074,柳沢 一,86期,愛知,愛知,45,A1,,0,0,0.13,6.63,48.3,70.1,6.38,37.5,50.0,0,24,26.0,42.3,0,73,39.3,55.3,4,,,,,,7,1,1,0.1,2,,,,,,8,6,6,0.05,5,1,2,2,0.18,5,11,5,5,0.09,6,2,3,3,0.05,5,,,,,,3,4,4,0.13,4,7,6,6,0.08,3,,,,,,,,,,,,,,,,,,,,,4528,黒井 達矢,103期,埼玉,埼玉,38,A1,,0,0,0.17,6.56,43.1,62.5,6.94,37.5,56.2,0,71,29.5,44.9,0,43,29.4,43.1,5,3,5,5,0.18,5,,,,,,2,1,1,0.09,1,10,2,2,0.08,1,4,6,6,0.11,6,,,,,,5,4,3,0.07,6,10,4,4,0.12,4,5,5,5,0.09,4,,,,,,,,,,,,,,,,,,,,,,,,,,4445,宮地 元輝,100期,佐賀,佐賀,39,A1,,0,0,0.12,7.26,48.4,60.8,7.11,33.3,55.5,0,50,37.5,52.8,0,66,32.1,48.5,,6,3,3,0.34,5,11,4,4,0.09,4,,,,,,12,6,6,0.04,6,,,,,,8,1,1,0.11,1,1,5,5,0.07,5,8,2,2,0.03,2,5,2,2,0.1,3,9,5,5,0.04,5,,,,,,,,,,,,,,,,,,,,,4448,青木 玄太,100期,滋賀,滋賀,39,A1,,0,0,0.16,7.07,54.5,74.3,7.52,66.6,74.0,0,43,18.9,31.5,0,17,29.1,45.4,3,,,,,,9,2,2,0.06,2,1,6,6,0.17,3,6,6,5,0.24,5,6,1,1,0.24,4,,,,,,1,4,4,0.08,4,7,3,3,0.05,2,,,,,,7,3,3,0.11,4,,,,,,,,,,,,,,,,,,,,,4397,西村 拓也,98期,大阪,大阪,39,A1,,0,0,0.13,7.43,61.0,77.8,7.13,41.6,70.8,0,44,34.9,53.4,0,24,33.8,46.5,2,,,,,,8,2,2,0.08,2,4,3,3,0.07,4,10,5,6,0.12,5,,,,,,7,5,5,0.14,4,2,4,4,0.08,3,8,1,1,0.07,1,4,1,1,0.11,1,,,,,,,,,,,,,,,,,,,,,,,,,
202609171810,2026-09-17,18,10R,4760,山崎 郡,112期,大阪,大阪,36,A1,,0,0,0.14,7.49,53.7,68.9,7.61,51.6,87.1,0,59,38.1,55.9,0,54,36.9,56.9,1,4,5,5,0.04,1,10,1,1,0.13,1,2,4,4,0.1,5,,,,,,4,2,2,0.16,2,12,6,6,0.11,5,,,,,,9,3,3,0.07,1,,,,,,10,2,2,0.16,3,,,,,,,,,,,,,,,,,,,,,4237,大峯 豊,92期,山口,山口,42,A1,,0,0,0.14,7.39,53.5,75.8,7.58,61.5,76.9,0,26,38.4,50.5,0,72,34.1,51.9,4,4,3,3,0.12,4,9,5,5,0.06,3,,,,,,12,2,2,0.08,3,2,4,4,0.07,2,7,1,1,0.16,1,5,2,6,0.11,4,,,,,,,,,,,12,2,2,0.04,4,,,,,,,,,,,,,,,,,,,,,4939,宮之原 輝紀,118期,東京,東京,28,A1,,0,0,0.14,7.7,64.7,73.5,7.2,65.0,75.0,0,41,31.4,51.8,0,15,36.9,57.6,3,,,,,,7,5,5,0.13,3,4,2,2,0.05,2,11,1,1,0.06,1,,,,,,10,6,6,0.13,3,6,4,4,0.09,5,10,3,3,0.07,2,,,,,,10,3,3,0.12,4,,,,,,,,,,,,,,,,,,,,,5015,高橋 竜矢,121期,広島,広島,28,A1,,0,0,0.14,6.89,54.6,73.8,6.86,41.3,72.4,0,60,32.6,53.0,0,55,35.4,54.1,2,,,,,,9,4,4,0.13,5,3,3,3,0.05,3,9,6,6,0.09,5,,,,,,7,2,2,0.1,3,1,1,1,0.11,1,6,5,5,0.01,1,,,,,,10,6,6,0.21,5,,,,,,,,,,,,,,,,,,,,,4205,山口 剛,91期,広島,広島,44,A1,,0,0,0.14,7.54,48.9,67.0,7.8,56.0,64.0,0,46,33.0,46.6,0,12,39.3,53.7,5,3,2,2,0.15,4,8,6,6,0.14,3,,,,,,12,4,4,0.04,5,5,3,3,0.09,2,10,5,5,0.08,2,,,,,,11,1,1,0.12,1,,,,,,11,2,2,0.39,6,,,,,,,,,,,,,,,,,,,,,4547,中田 竜太,104期,埼玉,福島,38,A1,,0,0,0.16,6.82,43.6,60.9,8.0,57.1,92.8,0,23,35.5,46.7,0,33,33.8,45.4,6,4,1,1,0.17,2,,,,,,3,2,2,0.03,1,11,5,5,0.15,5,6,6,6,0.12,3,,,,,,,,,,,12,3,3,0.16,6,3,1,1,0.16,1,7,4,4,0.07,1,,,,,,,,,,,,,,,,,,,,
202609171811,2026-09-17,18,11R,3941,池田 浩二,81期,愛知,愛知,48,A1,,0,0,0.12,7.69,48.3,66.9,7.82,52.9,70.5,0,66,31.7,45.8,0,14,35.5,52.4,3,5,3,3,0.12,4,10,4,4,0.12,4,,,,,,12,1,1,0.03,1,3,6,6,0.13,3,11,2,2,0.1,3,,,,,,9,5,5,0.05,2,,,,,,11,4,4,0.14,3,,,,,,,,,,,,,,,,,,,,,4759,今泉 友吾,112期,東京,東京,36,A1,,0,0,0.16,6.97,48.1,74.4,6.72,55.5,72.2,0,69,41.4,59.5,0,16,38.3,53.4,6,5,4,4,0.16,2,,,,,,2,3,3,0.09,2,9,5,5,0.1,3,,,,,,11,1,1,0.11,1,5,3,2,0.09,1,12,6,6,0.09,2,,,,,,11,1,1,0.27,4,,,,,,,,,,,,,,,,,,,,,4796,春園 功太,113期,三重,三重,35,A1,,0,0,0.15,6.02,45.3,58.9,6.08,45.0,60.0,0,27,44.3,59.4,0,18,39.7,49.2,2,,,,,,7,6,6,0.17,4,5,2,2,0.12,2,,,,,,4,3,3,0.16,5,10,4,4,0.07,1,,,,,,7,1,1,0.11,1,,,,,,12,3,3,0.03,5,,,,,,,,,,,,,,,,,,,,,4985,井本 昌也,120期,山口,山口,29,A1,,0,0,0.15,6.64,52.4,66.9,6.52,52.0,63.2,0,73,42.5,55.3,0,44,36.4,58.2,1,6,2,2,0.27,3,,,,,,2,5,5,0.09,4,8,1,1,0.09,1,5,6,6,0.13,4,,,,,,3,3,3,0.09,1,8,4,4,0.11,3,,,,,,11,3,3,0.28,5,,,,,,,,,,,,,,,,,,,,,4826,井上 一輝,114期,大阪,大阪,32,A1,,0,0,0.13,7.02,53.9,70.8,6.3,37.0,55.5,0,64,38.4,53.8,0,35,29.6,44.6,7,3,3,3,0.17,2,9,6,6,0.11,4,5,1,1,0.12,1,,,,,,5,5,5,0.09,3,,,,,,4,4,4,0.09,3,12,2,2,0.13,3,,,,,,10,4,4,0.11,6,,,,,,,,,,,,,,,,,,,,,4361,柳生 泰二,97期,山口,山口,41,A1,,1,0,0.14,7.39,56.1,71.0,6.54,45.1,59.7,0,58,29.1,46.8,0,51,34.3,48.7,8,3,1,1,0.18,1,10,5,5,0.16,5,4,6,6,0.14,5,,,,,,6,4,4,0.14,2,11,3,3,0.13,2,1,2,2,0.13,2,,,,,,,,,,,12,4,4,0.13,6,,,,,,,,,,,,,,,,,,,,
202609171812,2026-09-17,18,12R,3897,白井 英治,80期,山口,山口,49,A1,,0,0,0.13,7.72,51.7,67.8,8.11,61.3,82.6,0,29,26.8,47.2,0,48,31.5,48.3,,,,,,,12,1,1,0.18,1,6,2,6,0.12,1,11,2,2,0.12,2,4,5,5,0.12,3,9,3,3,0.09,1,,,,,,12,4,4,0.14,4,,,,,,12,1,1,0.07,1,,,,,,,,,,,,,,,,,,,,,4852,川原 祐明,115期,香川,愛媛,31,A1,,1,0,0.15,7.05,55.3,73.8,6.29,42.8,65.7,0,53,38.2,53.9,0,29,30.2,47.8,,3,6,6,0.14,3,11,2,2,0.12,2,,,,,,8,4,4,0.08,3,7,3,3,0.12,5,12,5,5,0.11,2,6,1,1,0.12,2,,,,,,,,,,,10,5,5,0.11,1,,,,,,,,,,,,,,,,,,,,,4239,竹田 辰也,92期,山口,山口,42,A1,,0,0,0.15,6.47,51.8,66.3,6.13,40.3,58.6,0,30,38.4,53.8,0,41,37.5,56.1,,2,4,4,0.11,2,,,,,,1,5,5,0.1,4,9,1,1,0.14,1,,,,,,8,3,3,0.16,3,6,6,6,0.03,4,11,2,2,0.12,4,,,,,,11,5,6,0.14,1,,,,,,,,,,,,,,,,,,,,,4444,桐生 順平,100期,埼玉,福島,39,A1,,0,0,0.13,7.29,40.6,62.6,5.67,11.1,22.2,0,33,51.0,72.0,0,67,40.7,57.7,,,,,,,12,4,4,0.23,3,4,5,5,0.09,3,9,2,2,0.13,2,6,3,3,0.14,1,12,1,1,0.18,1,,,,,,11,5,6,0.09,3,,,,,,10,1,1,0.14,2,,,,,,,,,,,,,,,,,,,,,4851,関 浩哉,115期,群馬,群馬,31,A1,,0,0,0.13,7.63,49.1,65.1,9.0,64.7,76.4,0,39,30.5,48.4,0,58,35.1,55.6,,,,,,,12,5,5,0.23,4,5,4,4,0.19,3,10,1,1,0.14,2,1,5,3,0.14,1,8,6,6,0.24,6,6,2,2,0.12,3,,,,,,,,,,,11,6,5,0.14,2,,,,,,,,,,,,,,,,,,,,,4168,石野 貴之,90期,大阪,大阪,44,A1,,1,0,0.14,6.97,52.9,65.8,0.0,0.0,0.0,0,14,41.5,56.1,0,13,39.6,57.0,,2,6,6,0.19,5,7,2,2,0.14,1,,,,,,12,3,3,0.06,2,6,5,5,0.16,6,,,,,,7,4,4,0.06,5,12,1,1,0.11,1,,,,,,12,5,6,0.16,2,,,,,,,,,,,,,,,,,,,,
202609171901,2026-09-17,19,01R,5355,萩原 丈太朗,134期,福井,福井,21,B1,賞除,0,0,0.17,2.48,7.4,11.9,2.0,0.0,0.0,0,16,32.9,55.2,0,42,35.6,49.4,5,,,,,,7,2,2,0.23,5,1,5,4,0.24,5,7,3,3,0.04,4,4,4,4,0.29,6,11,5,5,0.12,6,5,3,3,0.11,2,,,,,,,,,,,,,,,,,,,,,,,,,,,,,,,,,,,,3212,亀本 勇樹,57期,広島,広島,64,B1,,1,0,0.18,4.59,23.8,36.3,3.76,17.0,24.3,0,64,22.3,42.3,0,50,34.5,53.0,5,3,4,4,0.13,5,,,,,,1,1,1,0.25,3,8,1,5,0.25,4,2,2,2,0.27,3,7,2,5,0.21,4,2,3,3,0.15,4,,,,,,,,,,,,,,,,,,,,,,,,,,,,,,,,,,,,5412,久保田 凪紗,136期,佐賀,福岡,20,B2,,0,0,0.2,1.75,2.6,4.0,1.2,0.0,0.0,0,45,24.6,49.3,0,47,30.4,45.1,7,,,,,,8,5,5,0.38,5,2,4,4,0.1,6,7,6,6,0.3,6,5,3,3,0.08,6,12,6,6,0.21,5,,,,,,7,4,4,0.21,6,,,,,,,,,,,,,,,,,,,,,,,,,,,,,,,3361,岡部 浩,62期,徳島,徳島,57,B1,,0,0,0.19,4.23,24.3,32.4,3.44,16.0,28.0,0,68,31.4,40.4,0,64,39.5,59.3,6,4,4,4,0.2,5,,,,,,2,6,6,0.23,3,9,3,3,0.23,4,4,1,1,0.21,5,,,,,,2,2,2,0.13,5,8,4,4,0.14,4,,,,,,,,,,,,,,,,,,,,,,,,,,,,,,,5409,宮本 琉正,136期,福岡,沖縄,21,B2,,0,0,0.16,2.72,8.7,15.7,1.7,0.0,5.0,0,60,22.3,41.1,0,57,35.7,51.1,7,3,6,6,0.19,6,,,,,,3,5,5,0.04,5,7,4,4,0.07,5,3,3,3,0.01,1,,,,,,1,6,6,0.18,6,6,5,4,0.17,6,,,,,,,,,,,,,,,,,,,,,,,,,,,,,,,4900,中田 夕貴,117期,埼玉,埼玉,33,B1,,0,1,0.19,5.1,31.9,45.7,5.45,40.0,45.0,0,72,26.9,34.8,0,38,31.7,49.4,8,5,4,5,0.09,5,9,3,3,0.16,6,5,2,2,0.19,3,11,4,4,0.18,6,4,2,3,0.19,2,,,,,,4,1,1,0.18,1,,,,,,,,,,,,,,,,,,,,,,,,,,,,,,,,,,,
202609171902,2026-09-17,19,02R,5013,山下 夏鈴,121期,三重,三重,29,B1,,1,0,0.17,5.48,36.4,49.4,5.26,37.0,40.7,0,56,39.0,54.8,0,52,22.8,37.3,7,4,2,2,0.07,4,9,4,4,0.16,3,1,4,3,0.32,6,,,,,,6,4,4,0.39,1,12,5,5,0.21,4,4,3,3,0.14,2,,,,,,,,,,,,,,,,,,,,,,,,,,,,,,,,,,,,3741,松尾 基成,75期,福岡,福岡,52,B1,,0,0,0.17,3.61,18.5,25.7,2.48,8.7,8.7,0,26,17.5,35.1,0,33,33.7,48.8,7,4,1,1,0.11,3,,,,,,2,2,2,0.18,5,6,6,6,0.19,4,1,5,5,0.18,6,6,3,3,0.14,6,5,5,5,0.12,6,,,,,,,,,,,,,,,,,,,,,,,,,,,,,,,,,,,,4226,村田 浩司,92期,山口,山口,44,B1,,0,0,0.15,4.09,19.3,38.7,4.0,27.0,33.3,0,48,38.8,58.8,0,73,34.5,48.8,9,1,1,1,0.1,2,7,4,4,0.08,1,3,2,2,0.14,6,,,,,,1,4,4,0.17,4,10,6,6,0.19,6,1,2,2,0.18,4,8,5,5,0.11,5,,,,,,,,,,,,,,,,,,,,,,,,,,,,,,,4159,向後 龍一,90期,埼玉,茨城,45,A2,,0,0,0.17,6.63,50.0,67.5,5.29,28.5,57.1,0,54,24.1,39.0,0,24,29.2,52.4,8,2,6,6,0.19,6,10,2,2,0.15,2,,,,,,9,1,1,0.21,1,3,5,5,0.17,4,11,4,4,0.24,4,7,1,1,0.08,3,12,2,2,0.09,2,,,,,,,,,,,,,,,,,,,,,,,,,,,,,,,3455,谷本 幸司,65期,愛知,愛知,55,B1,,1,0,0.17,4.68,27.9,43.2,4.86,42.8,42.8,0,38,39.0,48.2,0,18,20.2,44.0,11,2,3,3,0.14,1,7,6,6,0.13,4,4,5,5,0.12,5,8,3,2,0.23,1,1,1,1,0.15,1,,,,,,3,4,4,0.07,6,9,3,3,0.11,3,,,,,,,,,,,,,,,,,,,,,,,,,,,,,,,5451,知念 伶奈,138期,佐賀,沖縄,21,B2,,1,0,0.0,1.3,3.3,3.3,0.0,0.0,0.0,0,65,34.0,54.5,0,22,34.1,52.9,8,5,6,6,0.24,6,,,,,,5,6,5,0.21,6,9,6,6,0.36,6,5,6,5,0.08,5,,,,,,2,6,5,0.26,6,8,6,6,0.15,6,,,,,,,,,,,,,,,,,,,,,,,,,,,,,,
202609171903,2026-09-17,19,03R,5227,川原 愛未,129期,福岡,福岡,24,B2,,0,0,0.0,3.47,15.6,28.1,2.29,8.3,8.3,0,59,35.0,56.2,0,23,42.8,66.6,11,,,,,,9,5,5,0.17,5,2,3,3,0.16,4,8,5,4,0.18,2,3,2,2,0.02,2,12,4,4,0.13,1,2,4,4,0.11,2,,,,,,,,,,,,,,,,,,,,,,,,,,,,,,,,,,,,3070,山室 展弘,51期,岡山,岡山,65,B1,,0,0,0.14,5.46,42.3,53.8,5.57,36.6,53.3,0,67,44.4,60.4,0,35,31.3,45.7,10,6,2,2,0.12,1,,,,,,1,2,5,0.26,1,6,1,1,0.2,5,1,3,3,0.15,5,8,4,4,0.08,2,3,2,2,0.17,4,10,2,5,0.21,5,,,,,,,,,,,,,,,,,,,,,,,,,,,,,,,4015,前野 竜一,84期,山口,山口,46,A2,,1,0,0.16,5.79,34.7,61.0,0.0,0.0,0.0,0,31,42.5,58.6,0,32,27.3,36.9,9,5,5,4,0.14,3,11,1,1,0.21,3,,,,,,9,2,2,0.22,5,3,4,4,0.21,5,10,5,5,0.14,3,3,3,3,0.08,2,8,1,1,0.25,3,,,,,,,,,,,,,,,,,,,,,,,,,,,,,,,3616,中村 真,71期,福岡,福岡,53,B1,,0,0,0.16,4.8,25.7,53.0,5.59,45.9,54.0,0,28,32.1,47.6,0,56,49.4,60.2,9,5,3,3,0.08,2,,,,,,1,3,2,0.26,2,10,6,6,0.12,5,2,1,1,0.25,4,6,5,5,0.15,4,1,4,4,0.19,5,,,,,,,,,,,,,,,,,,,,,,,,,,,,,,,,,,,,4761,山田 晃大,112期,滋賀,滋賀,36,A2,,0,0,0.14,5.73,35.9,54.3,6.03,37.9,55.1,0,22,22.6,38.1,0,55,39.0,54.0,8,3,3,3,0.08,4,10,6,6,0.15,6,4,4,4,0.05,3,,,,,,6,1,1,0.18,2,,,,,,7,2,2,0.1,2,12,6,6,0.14,6,,,,,,,,,,,,,,,,,,,,,,,,,,,,,,,4994,山本 梨菜,120期,佐賀,佐賀,28,A2,,1,0,0.16,6.35,47.2,64.5,6.02,42.8,64.2,0,55,34.8,55.8,0,21,40.0,52.9,7,,,,,,9,6,6,0.23,4,6,2,2,0.22,3,11,5,5,0.18,4,8,1,1,0.11,4,12,2,2,0.19,6,8,3,3,0.16,1,12,4,4,0.13,3,,,,,,,,,,,,,,,,,,,,,,,,,,,,,,
202609171904,2026-09-17,19,04R,4857,加藤 翔馬,115期,兵庫,兵庫,29,A1,,0,0,0.16,7.09,56.2,72.7,6.3,51.8,62.9,0,70,26.7,40.7,0,30,25.9,46.9,10,5,1,1,0.11,1,12,5,5,0.13,6,8,4,3,0.22,3,12,2,2,0.06,1,3,6,6,0.19,3,8,3,3,0.05,1,4,5,5,0.2,4,9,2,2,0.06,4,,,,,,,,,,,,,,,,,,,,,,,,,,,,,,,4300,加藤 綾,95期,三重,三重,43,B1,,0,0,0.18,5.24,36.6,54.4,4.66,27.5,37.9,0,52,38.1,57.8,0,69,44.1,59.3,10,2,5,5,0.14,4,9,2,2,0.18,2,4,1,1,0.19,1,,,,,,7,6,6,0.13,5,12,3,3,0.17,3,3,1,1,0.04,1,11,6,6,0.17,6,,,,,,,,,,,,,,,,,,,,,,,,,,,,,,,4113,木村 浩士,88期,群馬,群馬,46,B1,,0,0,0.18,4.56,23.0,39.0,4.58,29.1,45.8,0,19,30.7,38.4,0,48,23.1,30.4,9,5,2,2,0.09,4,10,5,5,0.19,4,2,1,1,0.21,2,,,,,,1,6,6,0.13,2,9,4,4,0.13,5,1,5,5,0.19,3,6,2,2,0.23,5,,,,,,,,,,,,,,,,,,,,,,,,,,,,,,,4548,篠木 亜衣花,104期,三重,三重,38,B1,,1,0,0.24,3.05,10.5,21.0,0.0,0.0,0.0,0,35,27.3,51.1,0,16,23.4,29.6,8,1,3,3,0.32,6,,,,,,4,3,3,0.16,6,10,4,4,0.24,6,2,4,4,0.3,6,12,1,1,0.19,2,5,6,6,0.17,5,,,,,,,,,,,,,,,,,,,,,,,,,,,,,,,,,,,,3717,立間 充宏,74期,岡山,岡山,51,A2,,0,0,0.18,5.47,32.9,48.8,5.69,37.5,56.2,0,29,27.5,47.1,0,67,38.1,50.0,8,4,5,5,0.27,6,10,1,1,0.15,1,,,,,,8,6,6,0.15,5,,,,,,8,2,2,0.08,6,5,4,4,0.15,4,12,1,1,0.05,1,,,,,,,,,,,,,,,,,,,,,,,,,,,,,,,5210,藤井 公人,129期,福岡,福岡,28,A2,,1,0,0.15,5.56,37.5,53.8,4.97,32.4,51.3,0,32,25.8,48.3,0,17,34.8,56.9,9,,,,,,7,3,3,0.09,6,7,1,1,0.03,1,11,6,6,0.16,5,,,,,,7,5,4,0.19,3,8,2,2,0.15,2,12,5,5,0.11,4,,,,,,,,,,,,,,,,,,,,,,,,,,,,,,
202609171905,2026-09-17,19,05R,4292,麻生 慎介,94期,広島,広島,41,A1,,1,0,0.14,6.54,45.0,70.0,5.32,20.0,36.0,0,13,29.7,50.0,0,59,32.5,42.1,11,7,5,5,0.1,3,12,3,3,0.06,4,5,1,1,0.17,2,10,2,2,0.1,4,2,6,6,0.28,1,10,4,4,0.13,4,7,3,3,0.13,1,11,4,4,0.01,4,,,,,,,,,,,,,,,,,,,,,,,,,,,,,,,3882,新田 智彰,80期,大阪,大阪,53,B1,,0,0,0.17,4.23,16.2,41.8,5.54,38.4,53.8,0,23,20.0,28.5,0,65,41.9,56.7,10,3,1,1,0.07,1,8,4,4,0.33,4,1,6,6,0.32,4,11,2,2,0.21,2,,,,,,8,5,5,0.06,5,2,1,1,0.18,1,10,6,6,0.21,6,,,,,,,,,,,,,,,,,,,,,,,,,,,,,,,3212,亀本 勇樹,57期,広島,広島,64,B1,,1,0,0.18,4.59,23.8,36.3,3.76,17.0,24.3,0,64,22.3,42.3,0,50,34.5,53.0,1,3,4,4,0.13,5,,,,,,1,1,1,0.25,3,8,1,5,0.25,4,2,2,2,0.27,3,7,2,5,0.21,4,2,3,3,0.15,4,,,,,,,,,,,,,,,,,,,,,,,,,,,,,,,,,,,,4700,金子 和之,110期,埼玉,新潟,39,A2,,0,0,0.15,6.02,39.2,58.9,7.14,42.8,85.7,0,43,38.3,47.6,0,60,37.8,56.1,9,6,6,6,0.16,4,11,2,2,0.16,2,3,4,4,0.12,3,10,5,5,0.12,2,,,,,,7,1,1,0.16,1,6,1,1,0.17,1,12,3,3,0.09,4,,,,,,,,,,,,,,,,,,,,,,,,,,,,,,,4978,山田 和佐,120期,広島,島根,32,B1,,1,0,0.17,5.0,27.0,45.0,4.33,11.1,44.4,0,27,40.2,58.6,0,31,36.4,52.9,10,1,4,4,0.26,3,8,3,3,0.41,3,,,,,,9,5,5,0.28,2,1,2,2,0.15,3,11,3,3,0.1,2,5,2,2,0.12,3,11,5,5,0.06,3,,,,,,,,,,,,,,,,,,,,,,,,,,,,,,,5355,萩原 丈太朗,134期,福井,福井,21,B1,賞除,0,0,0.17,2.48,7.4,11.9,2.0,0.0,0.0,0,16,32.9,55.2,0,42,35.6,49.4,1,,,,,,7,2,2,0.23,5,1,5,4,0.24,5,7,3,3,0.04,4,4,4,4,0.29,6,11,5,5,0.12,6,5,3,3,0.11,2,,,,,,,,,,,,,,,,,,,,,,,,,,,,,,,,,,,
202609171906,2026-09-17,19,06R,5281,井上 遥妃,131期,徳島,徳島,23,A1,,1,0,0.14,5.75,42.3,47.1,7.2,70.0,80.0,0,44,26.4,45.9,0,28,41.4,62.2,11,,,,,,9,1,1,0.09,1,5,4,4,0.1,1,12,6,6,0.21,3,4,3,2,0.19,4,9,5,5,0.11,2,6,6,5,0.16,2,10,3,2,0.28,4,,,,,,,,,,,,,,,,,,,,,,,,,,,,,,,4099,吉永 則雄,88期,大阪,大阪,47,A2,,0,0,0.17,5.67,40.0,57.0,6.22,33.3,55.5,0,41,22.2,35.8,0,13,26.5,40.9,11,7,1,1,0.17,2,11,4,4,0.12,5,4,2,2,0.07,2,12,5,5,0.22,6,4,6,6,0.19,3,,,,,,5,1,1,0.13,1,9,6,6,0.15,6,,,,,,,,,,,,,,,,,,,,,,,,,,,,,,,3361,岡部 浩,62期,徳島,徳島,57,B1,,0,0,0.19,4.23,24.3,32.4,3.44,16.0,28.0,0,68,31.4,40.4,0,64,39.5,59.3,1,4,4,4,0.2,5,,,,,,2,6,6,0.23,3,9,3,3,0.23,4,4,1,1,0.21,5,,,,,,2,2,2,0.13,5,8,4,4,0.14,4,,,,,,,,,,,,,,,,,,,,,,,,,,,,,,,3606,川北 浩貴,71期,滋賀,滋賀,54,B1,,0,0,0.16,5.63,38.6,52.4,0.0,0.0,0.0,0,66,24.6,43.2,0,54,33.7,54.2,10,2,1,1,0.25,2,11,3,3,0.14,1,,,,,,7,2,2,0.04,3,2,5,5,0.23,2,8,6,6,0.07,3,4,4,4,0.16,3,11,2,2,0.02,5,,,,,,,,,,,,,,,,,,,,,,,,,,,,,,,4054,福嶋 智之,86期,岡山,岡山,48,B1,賞除,1,0,0.16,4.8,27.7,46.6,4.55,33.3,40.4,0,73,27.5,42.5,0,20,26.2,53.7,,1,6,6,0.14,5,10,4,4,0.12,5,5,3,3,0.16,5,,,,,,3,1,1,0.03,F,7,4,3,0.22,6,,,,,,7,6,6,0.2,4,,,,,,,,,,,,,,,,,,,,,,,,,,,,,,,4339,平瀬 城啓,96期,福井,富山,42,B1,賞除,0,0,0.19,3.98,15.2,32.9,4.8,20.0,40.0,0,34,26.1,45.4,0,44,27.5,43.7,,2,4,4,0.13,3,6,5,5,0.11,5,6,3,3,0.19,6,,,,,,5,2,2,0.05,4,10,3,3,0.07,2,1,1,1,0.16,2,,,,,,,,,,,,,,,,,,,,,,,,,,,,,,,,,,,
202609171907,2026-09-17,19,07R,4994,山本 梨菜,120期,佐賀,佐賀,28,A2,,1,0,0.16,6.35,47.2,64.5,6.02,42.8,64.2,0,55,34.8,55.8,0,21,40.0,52.9,3,,,,,,9,6,6,0.23,4,6,2,2,0.22,3,11,5,5,0.18,4,8,1,1,0.11,4,12,2,2,0.19,6,8,3,3,0.16,1,12,4,4,0.13,3,,,,,,,,,,,,,,,,,,,,,,,,,,,,,,,5212,西川 拓利,129期,福岡,福岡,27,A2,,0,0,0.13,6.37,47.8,68.7,5.48,32.2,58.0,0,24,38.2,52.8,0,37,26.5,39.7,11,3,2,2,0.05,2,11,6,6,0.13,4,6,5,5,0.07,2,12,4,4,0.14,4,,,,,,9,1,1,0.14,4,4,2,2,0.14,5,9,5,5,0.09,5,,,,,,,,,,,,,,,,,,,,,,,,,,,,,,,5409,宮本 琉正,136期,福岡,沖縄,21,B2,,0,0,0.16,2.72,8.7,15.7,1.7,0.0,5.0,0,60,22.3,41.1,0,57,35.7,51.1,1,3,6,6,0.19,6,,,,,,3,5,5,0.04,5,7,4,4,0.07,5,3,3,3,0.01,1,,,,,,1,6,6,0.18,6,6,5,4,0.17,6,,,,,,,,,,,,,,,,,,,,,,,,,,,,,,,3741,松尾 基成,75期,福岡,福岡,52,B1,,0,0,0.17,3.61,18.5,25.7,2.48,8.7,8.7,0,26,17.5,35.1,0,33,33.7,48.8,2,4,1,1,0.11,3,,,,,,2,2,2,0.18,5,6,6,6,0.19,4,1,5,5,0.18,6,6,3,3,0.14,6,5,5,5,0.12,6,,,,,,,,,,,,,,,,,,,,,,,,,,,,,,,,,,,,5412,久保田 凪紗,136期,佐賀,福岡,20,B2,,0,0,0.2,1.75,2.6,4.0,1.2,0.0,0.0,0,45,24.6,49.3,0,47,30.4,45.1,1,,,,,,8,5,5,0.38,5,2,4,4,0.1,6,7,6,6,0.3,6,5,3,3,0.08,6,12,6,6,0.21,5,,,,,,7,4,4,0.21,6,,,,,,,,,,,,,,,,,,,,,,,,,,,,,,,5013,山下 夏鈴,121期,三重,三重,29,B1,,1,0,0.17,5.48,36.4,49.4,5.26,37.0,40.7,0,56,39.0,54.8,0,52,22.8,37.3,2,4,2,2,0.07,4,9,4,4,0.16,3,1,4,3,0.32,6,,,,,,6,4,4,0.39,1,12,5,5,0.21,4,4,3,3,0.14,2,,,,,,,,,,,,,,,,,,,,,,,,,,,,,,,,,,,
202609171908,2026-09-17,19,08R,4761,山田 晃大,112期,滋賀,滋賀,36,A2,,0,0,0.14,5.73,35.9,54.3,6.03,37.9,55.1,0,22,22.6,38.1,0,55,39.0,54.0,3,3,3,3,0.08,4,10,6,6,0.15,6,4,4,4,0.05,3,,,,,,6,1,1,0.18,2,,,,,,7,2,2,0.1,2,12,6,6,0.14,6,,,,,,,,,,,,,,,,,,,,,,,,,,,,,,,4548,篠木 亜衣花,104期,三重,三重,38,B1,,1,0,0.24,3.05,10.5,21.0,0.0,0.0,0.0,0,35,27.3,51.1,0,16,23.4,29.6,4,1,3,3,0.32,6,,,,,,4,3,3,0.16,6,10,4,4,0.24,6,2,4,4,0.3,6,12,1,1,0.19,2,5,6,6,0.17,5,,,,,,,,,,,,,,,,,,,,,,,,,,,,,,,,,,,,3717,立間 充宏,74期,岡山,岡山,51,A2,,0,0,0.18,5.47,32.9,48.8,5.69,37.5,56.2,0,29,27.5,47.1,0,67,38.1,50.0,4,4,5,5,0.27,6,10,1,1,0.15,1,,,,,,8,6,6,0.15,5,,,,,,8,2,2,0.08,6,5,4,4,0.15,4,12,1,1,0.05,1,,,,,,,,,,,,,,,,,,,,,,,,,,,,,,,4900,中田 夕貴,117期,埼玉,埼玉,33,B1,,0,1,0.19,5.1,31.9,45.7,5.45,40.0,45.0,0,72,26.9,34.8,0,38,31.7,49.4,1,5,4,5,0.09,5,9,3,3,0.16,6,5,2,2,0.19,3,11,4,4,0.18,6,4,2,3,0.19,2,,,,,,4,1,1,0.18,1,,,,,,,,,,,,,,,,,,,,,,,,,,,,,,,,,,,,5451,知念 伶奈,138期,佐賀,沖縄,21,B2,,1,0,0.0,1.3,3.3,3.3,0.0,0.0,0.0,0,65,34.0,54.5,0,22,34.1,52.9,2,5,6,6,0.24,6,,,,,,5,6,5,0.21,6,9,6,6,0.36,6,5,6,5,0.08,5,,,,,,2,6,5,0.26,6,8,6,6,0.15,6,,,,,,,,,,,,,,,,,,,,,,,,,,,,,,,4159,向後 龍一,90期,埼玉,茨城,45,A2,,0,0,0.17,6.63,50.0,67.5,5.29,28.5,57.1,0,54,24.1,39.0,0,24,29.2,52.4,2,2,6,6,0.19,6,10,2,2,0.15,2,,,,,,9,1,1,0.21,1,3,5,5,0.17,4,11,4,4,0.24,4,7,1,1,0.08,3,12,2,2,0.09,2,,,,,,,,,,,,,,,,,,,,,,,,,,,,,,
202609171909,2026-09-17,19,09R,5210,藤井 公人,129期,福岡,福岡,28,A2,,1,0,0.15,5.56,37.5,53.8,4.97,32.4,51.3,0,32,25.8,48.3,0,17,34.8,56.9,4,,,,,,7,3,3,0.09,6,7,1,1,0.03,1,11,6,6,0.16,5,,,,,,7,5,4,0.19,3,8,2,2,0.15,2,12,5,5,0.11,4,,,,,,,,,,,,,,,,,,,,,,,,,,,,,,,4226,村田 浩司,92期,山口,山口,44,B1,,0,0,0.15,4.09,19.3,38.7,4.0,27.0,33.3,0,48,38.8,58.8,0,73,34.5,48.8,2,1,1,1,0.1,2,7,4,4,0.08,1,3,2,2,0.14,6,,,,,,1,4,4,0.17,4,10,6,6,0.19,6,1,2,2,0.18,4,8,5,5,0.11,5,,,,,,,,,,,,,,,,,,,,,,,,,,,,,,,3616,中村 真,71期,福岡,福岡,53,B1,,0,0,0.16,4.8,25.7,53.0,5.59,45.9,54.0,0,28,32.1,47.6,0,56,49.4,60.2,3,5,3,3,0.08,2,,,,,,1,3,2,0.26,2,10,6,6,0.12,5,2,1,1,0.25,4,6,5,5,0.15,4,1,4,4,0.19,5,,,,,,,,,,,,,,,,,,,,,,,,,,,,,,,,,,,,4113,木村 浩士,88期,群馬,群馬,46,B1,,0,0,0.18,4.56,23.0,39.0,4.58,29.1,45.8,0,19,30.7,38.4,0,48,23.1,30.4,4,5,2,2,0.09,4,10,5,5,0.19,4,2,1,1,0.21,2,,,,,,1,6,6,0.13,2,9,4,4,0.13,5,1,5,5,0.19,3,6,2,2,0.23,5,,,,,,,,,,,,,,,,,,,,,,,,,,,,,,,4015,前野 竜一,84期,山口,山口,46,A2,,1,0,0.16,5.79,34.7,61.0,0.0,0.0,0.0,0,31,42.5,58.6,0,32,27.3,36.9,3,5,5,4,0.14,3,11,1,1,0.21,3,,,,,,9,2,2,0.22,5,3,4,4,0.21,5,10,5,5,0.14,3,3,3,3,0.08,2,8,1,1,0.25,3,,,,,,,,,,,,,,,,,,,,,,,,,,,,,,,4700,金子 和之,110期,埼玉,新潟,39,A2,,0,0,0.15,6.02,39.2,58.9,7.14,42.8,85.7,0,43,38.3,47.6,0,60,37.8,56.1,5,6,6,6,0.16,4,11,2,2,0.16,2,3,4,4,0.12,3,10,5,5,0.12,2,,,,,,7,1,1,0.16,1,6,1,1,0.17,1,12,3,3,0.09,4,,,,,,,,,,,,,,,,,,,,,,,,,,,,,,
202609171910,2026-09-17,19,10R,4978,山田 和佐,120期,広島,島根,32,B1,,1,0,0.17,5.0,27.0,45.0,4.33,11.1,44.4,0,27,40.2,58.6,0,31,36.4,52.9,5,1,4,4,0.26,3,8,3,3,0.41,3,,,,,,9,5,5,0.28,2,1,2,2,0.15,3,11,3,3,0.1,2,5,2,2,0.12,3,11,5,5,0.06,3,,,,,,,,,,,,,,,,,,,,,,,,,,,,,,,4857,加藤 翔馬,115期,兵庫,兵庫,29,A1,,0,0,0.16,7.09,56.2,72.7,6.3,51.8,62.9,0,70,26.7,40.7,0,30,25.9,46.9,4,5,1,1,0.11,1,12,5,5,0.13,6,8,4,3,0.22,3,12,2,2,0.06,1,3,6,6,0.19,3,8,3,3,0.05,1,4,5,5,0.2,4,9,2,2,0.06,4,,,,,,,,,,,,,,,,,,,,,,,,,,,,,,,3606,川北 浩貴,71期,滋賀,滋賀,54,B1,,0,0,0.16,5.63,38.6,52.4,0.0,0.0,0.0,0,66,24.6,43.2,0,54,33.7,54.2,6,2,1,1,0.25,2,11,3,3,0.14,1,,,,,,7,2,2,0.04,3,2,5,5,0.23,2,8,6,6,0.07,3,4,4,4,0.16,3,11,2,2,0.02,5,,,,,,,,,,,,,,,,,,,,,,,,,,,,,,,3070,山室 展弘,51期,岡山,岡山,65,B1,,0,0,0.14,5.46,42.3,53.8,5.57,36.6,53.3,0,67,44.4,60.4,0,35,31.3,45.7,3,6,2,2,0.12,1,,,,,,1,2,5,0.26,1,6,1,1,0.2,5,1,3,3,0.15,5,8,4,4,0.08,2,3,2,2,0.17,4,10,2,5,0.21,5,,,,,,,,,,,,,,,,,,,,,,,,,,,,,,,3882,新田 智彰,80期,大阪,大阪,53,B1,,0,0,0.17,4.23,16.2,41.8,5.54,38.4,53.8,0,23,20.0,28.5,0,65,41.9,56.7,5,3,1,1,0.07,1,8,4,4,0.33,4,1,6,6,0.32,4,11,2,2,0.21,2,,,,,,8,5,5,0.06,5,2,1,1,0.18,1,10,6,6,0.21,6,,,,,,,,,,,,,,,,,,,,,,,,,,,,,,,4300,加藤 綾,95期,三重,三重,43,B1,,0,0,0.18,5.24,36.6,54.4,4.66,27.5,37.9,0,52,38.1,57.8,0,69,44.1,59.3,4,2,5,5,0.14,4,9,2,2,0.18,2,4,1,1,0.19,1,,,,,,7,6,6,0.13,5,12,3,3,0.17,3,3,1,1,0.04,1,11,6,6,0.17,6,,,,,,,,,,,,,,,,,,,,,,,,,,,,,,
202609171911,2026-09-17,19,11R,3455,谷本 幸司,65期,愛知,愛知,55,B1,,1,0,0.17,4.68,27.9,43.2,4.86,42.8,42.8,0,38,39.0,48.2,0,18,20.2,44.0,2,2,3,3,0.14,1,7,6,6,0.13,4,4,5,5,0.12,5,8,3,2,0.23,1,1,1,1,0.15,1,,,,,,3,4,4,0.07,6,9,3,3,0.11,3,,,,,,,,,,,,,,,,,,,,,,,,,,,,,,,5281,井上 遥妃,131期,徳島,徳島,23,A1,,1,0,0.14,5.75,42.3,47.1,7.2,70.0,80.0,0,44,26.4,45.9,0,28,41.4,62.2,6,,,,,,9,1,1,0.09,1,5,4,4,0.1,1,12,6,6,0.21,3,4,3,2,0.19,4,9,5,5,0.11,2,6,6,5,0.16,2,10,3,2,0.28,4,,,,,,,,,,,,,,,,,,,,,,,,,,,,,,,4292,麻生 慎介,94期,広島,広島,41,A1,,1,0,0.14,6.54,45.0,70.0,5.32,20.0,36.0,0,13,29.7,50.0,0,59,32.5,42.1,5,7,5,5,0.1,3,12,3,3,0.06,4,5,1,1,0.17,2,10,2,2,0.1,4,2,6,6,0.28,1,10,4,4,0.13,4,7,3,3,0.13,1,11,4,4,0.01,4,,,,,,,,,,,,,,,,,,,,,,,,,,,,,,,5212,西川 拓利,129期,福岡,福岡,27,A2,,0,0,0.13,6.37,47.8,68.7,5.48,32.2,58.0,0,24,38.2,52.8,0,37,26.5,39.7,7,3,2,2,0.05,2,11,6,6,0.13,4,6,5,5,0.07,2,12,4,4,0.14,4,,,,,,9,1,1,0.14,4,4,2,2,0.14,5,9,5,5,0.09,5,,,,,,,,,,,,,,,,,,,,,,,,,,,,,,,4099,吉永 則雄,88期,大阪,大阪,47,A2,,0,0,0.17,5.67,40.0,57.0,6.22,33.3,55.5,0,41,22.2,35.8,0,13,26.5,40.9,6,7,1,1,0.17,2,11,4,4,0.12,5,4,2,2,0.07,2,12,5,5,0.22,6,4,6,6,0.19,3,,,,,,5,1,1,0.13,1,9,6,6,0.15,6,,,,,,,,,,,,,,,,,,,,,,,,,,,,,,,5227,川原 愛未,129期,福岡,福岡,24,B2,,0,0,0.0,3.47,15.6,28.1,2.29,8.3,8.3,0,59,35.0,56.2,0,23,42.8,66.6,3,,,,,,9,5,5,0.17,5,2,3,3,0.16,4,8,5,4,0.18,2,3,2,2,0.02,2,12,4,4,0.13,1,2,4,4,0.11,2,,,,,,,,,,,,,,,,,,,,,,,,,,,,,,,,,,,
202609171912,2026-09-17,19,12R,3898,平田 忠則,80期,福岡,福岡,49,A1,,0,0,0.17,7.61,64.3,81.4,6.31,38.8,66.6,0,58,23.1,33.3,0,68,37.6,52.9,,4,6,6,0.22,2,12,2,2,0.11,1,3,3,3,0.14,2,11,1,1,0.22,1,4,5,5,0.18,1,10,1,1,0.08,1,6,4,6,0.22,3,11,1,1,0.01,1,,,,,,,,,,,,,,,,,,,,,,,,,,,,,,,4276,鈴木 勝博,94期,愛知,愛知,43,A2,,0,0,0.16,5.98,44.4,60.6,6.04,50.0,57.1,0,15,31.4,40.7,0,41,39.0,58.5,,4,3,3,0.07,1,,,,,,6,4,4,0.08,1,10,1,1,0.01,1,,,,,,9,6,6,0.23,3,2,5,6,0.13,3,10,1,1,0.14,1,,,,,,,,,,,,,,,,,,,,,,,,,,,,,,,5216,長谷川 晴哉,129期,群馬,群馬,26,A1,,0,0,0.17,5.99,39.8,61.6,6.32,39.2,64.2,0,49,34.8,47.1,0,26,28.7,50.5,,8,2,2,0.37,2,12,6,6,0.17,5,2,5,5,0.15,1,10,3,3,0.08,3,5,1,1,0.02,1,9,3,3,0.19,1,3,6,6,0.1,5,9,1,1,0.07,1,,,,,,,,,,,,,,,,,,,,,,,,,,,,,,,5111,三村 岳人,125期,岡山,岡山,26,A2,,0,0,0.15,5.98,46.0,59.5,6.59,54.5,72.7,0,51,26.1,34.0,0,70,28.5,50.0,,,,,,,8,1,1,0.26,1,3,6,6,0.04,4,12,3,3,0.08,2,5,4,4,0.03,2,11,2,2,0.11,5,3,5,5,0.05,3,11,3,3,0.01,2,,,,,,,,,,,,,,,,,,,,,,,,,,,,,,,3912,川原 正明,81期,福井,石川,52,B1,,0,0,0.15,5.94,43.3,58.3,5.06,35.2,35.2,0,50,34.1,41.4,0,15,29.0,48.8,,1,2,2,0.08,1,11,5,5,0.13,6,3,1,1,0.08,1,9,4,4,0.22,3,5,5,6,0.05,3,,,,,,1,3,3,0.18,1,9,4,4,0.06,2,,,,,,,,,,,,,,,,,,,,,,,,,,,,,,,5064,品川 二千翔,123期,山口,山口,28,A1,,0,0,0.17,6.69,51.3,70.8,5.84,40.1,59.8,0,25,29.3,45.6,0,53,33.7,51.8,,6,3,3,0.08,2,12,4,4,0.12,3,7,5,5,0.23,2,12,1,1,0.09,5,6,2,2,0.14,3,11,6,6,0.11,3,6,3,3,0.2,4,10,5,4,0.15,2,,,,,,,,,,,,,,,,,,,,,,,,,,,,,,
202609172201,2026-09-17,22,01R,4089,妹尾 忠幸,87期,岡山,岡山,46,A2,,0,0,0.16,6.35,42.5,67.5,6.55,39.3,75.7,0,36,37.0,54.0,0,112,28.4,45.1,10,6,5,5,0.14,3,10,2,2,0.12,5,,,,,,9,1,1,0.07,2,4,3,3,0.09,1,12,4,4,0.25,2,6,2,2,0.11,2,12,6,6,0.19,5,,,,,,,,,,,,,,,,,,,,,,,,,,,,,,,4693,松下 誉士,110期,福岡,福岡,42,B1,,0,0,0.19,4.2,25.7,35.0,4.22,24.3,39.0,0,57,32.5,45.0,0,153,32.4,56.4,7,2,1,1,0.16,4,,,,,,1,3,3,0.11,1,7,5,5,0.16,2,1,2,2,0.23,2,7,4,4,0.24,5,,,,,,10,6,6,0.15,6,,,,,,,,,,,,,,,,,,,,,,,,,,,,,,,4951,新田 洋一,119期,広島,広島,33,B1,,1,0,0.14,4.75,22.7,46.5,5.2,30.0,56.6,0,14,39.6,60.3,0,119,29.7,50.4,8,3,5,5,0.23,4,10,4,4,0.17,3,2,2,2,0.12,1,,,,,,5,3,3,0.16,2,9,6,6,0.19,5,4,1,1,0.14,1,,,,,,,,,,,,,,,,,,,,,,,,,,,,,,,,,,,,4592,小林 孝弘,106期,山口,山口,45,B1,,0,0,0.15,4.56,21.3,45.3,4.71,25.3,48.1,0,54,33.3,46.8,0,157,37.7,48.1,9,2,2,2,0.16,2,,,,,,3,4,4,0.04,4,9,5,5,0.13,5,3,1,1,0.17,1,,,,,,2,3,3,0.22,4,9,6,6,0.18,5,,,,,,,,,,,,,,,,,,,,,,,,,,,,,,,3863,海老澤 泰行,79期,東京,東京,52,B1,,0,0,0.17,4.46,22.5,36.2,4.83,22.4,44.8,0,11,36.7,53.9,0,117,34.0,53.0,,3,2,2,0.26,5,7,5,4,0.12,3,4,5,6,0.13,5,,,,,,1,3,3,0.21,4,5,1,1,0.08,1,3,4,4,0.18,5,,,,,,,,,,,,,,,,,,,,,,,,,,,,,,,,,,,,5418,堀内 亜海,136期,大阪,大阪,20,B2,,1,0,0.2,1.05,0.0,0.0,0.0,0.0,0.0,0,64,27.6,36.1,0,133,42.4,58.4,6,2,6,6,0.59,6,,,,,,4,6,5,0.21,6,,,,,,3,6,6,0.26,6,7,6,5,0.25,6,,,,,,7,6,6,0.25,6,,,,,,,,,,,,,,,,,,,,,,,,,,,,,,
202609172202,2026-09-17,22,02R,3807,岡部 哲,77期,埼玉,埼玉,51,B1,,0,0,0.17,4.89,25.0,46.4,3.68,15.7,31.5,0,66,27.4,41.1,0,114,32.0,44.3,12,4,1,1,0.15,2,11,3,3,0.12,2,3,5,6,0.06,3,,,,,,2,2,2,0.15,1,10,4,4,0.23,5,,,,,,11,3,3,0.21,4,,,,,,,,,,,,,,,,,,,,,,,,,,,,,,,4948,木場 悠介,119期,長崎,鹿児島,33,B1,,0,0,0.15,5.54,38.0,51.0,5.42,38.3,56.1,0,72,36.3,53.0,0,104,29.6,46.3,6,4,4,4,0.18,6,10,6,6,0.16,6,,,,,,7,3,3,0.13,1,3,2,2,0.17,3,,,,,,3,1,1,0.06,1,10,5,5,0.15,5,,,,,,,,,,,,,,,,,,,,,,,,,,,,,,,4813,宮内 直哉,114期,東京,東京,36,B1,,1,0,0.18,4.23,15.4,35.2,4.4,20.0,20.0,0,70,31.0,45.7,0,141,35.3,48.4,7,1,6,6,0.25,2,,,,,,3,2,2,0.16,5,11,3,3,0.14,4,1,4,4,0.27,5,,,,,,1,5,5,0.28,4,7,1,1,0.24,1,,,,,,,,,,,,,,,,,,,,,,,,,,,,,,,4590,渡邉 優美,105期,福岡,福岡,33,A1,,1,0,0.14,6.49,41.9,58.9,6.83,45.9,67.8,0,23,40.8,53.9,0,156,42.0,51.4,11,8,1,1,0.14,1,12,2,2,0.12,2,2,4,4,0.11,3,9,6,6,0.15,4,,,,,,11,1,1,0.12,2,4,5,5,0.16,3,9,3,3,0.12,3,,,,,,,,,,,,,,,,,,,,,,,,,,,,,,,4685,島村 隆幸,109期,徳島,高知,35,A1,,1,0,0.14,7.13,52.0,70.8,0.0,0.0,0.0,0,63,28.5,44.4,0,138,41.6,60.1,10,6,1,1,0.08,1,12,3,3,0.12,3,,,,,,8,6,6,0.2,2,5,5,5,0.26,4,12,1,1,0.21,1,5,4,4,0.19,2,9,2,2,0.14,1,,,,,,,,,,,,,,,,,,,,,,,,,,,,,,,5404,内田 壮,136期,山口,山口,22,B1,,1,0,0.2,2.32,4.0,12.0,0.0,0.0,0.0,0,42,15.7,35.7,0,113,21.7,38.6,,1,5,5,0.24,6,6,6,6,0.22,6,,,,,,7,4,4,0.16,6,2,4,4,0.16,4,8,5,5,0.18,5,4,6,6,0.18,6,,,,,,,,,,,,,,,,,,,,,,,,,,,,,,,,,,,
202609172203,2026-09-17,22,03R,3696,白井 友晴,74期,埼玉,埼玉,54,B1,,0,0,0.17,4.97,27.1,46.7,5.82,54.5,63.6,0,49,37.4,53.6,0,116,32.7,48.6,10,1,4,4,0.18,3,7,3,3,0.13,1,2,1,1,0.16,2,,,,,,7,2,2,0.24,3,11,5,5,0.1,4,5,3,3,0.15,4,,,,,,,,,,,,,,,,,,,,,,,,,,,,,,,,,,,,4248,岡本 大,93期,長崎,長崎,44,B1,,0,0,0.17,4.54,24.1,41.7,3.93,11.1,37.0,0,21,39.2,56.1,0,126,37.8,49.5,,1,2,2,0.22,4,9,6,6,0.13,5,,,,,,10,3,3,0.22,6,1,5,5,0.28,6,8,4,4,0.15,4,6,1,1,0.08,1,,,,,,,,,,,,,,,,,,,,,,,,,,,,,,,,,,,,3554,仲口 博崇,69期,愛知,愛知,54,A1,,0,0,0.18,6.49,52.3,67.6,7.14,62.0,79.3,0,45,25.2,44.4,0,159,34.9,54.7,11,7,4,6,0.11,4,12,5,5,0.21,6,,,,,,10,1,1,0.2,1,3,3,3,0.17,2,11,2,2,0.18,5,2,4,4,0.2,2,11,1,1,0.16,1,,,,,,,,,,,,,,,,,,,,,,,,,,,,,,,3614,谷 勝幸,71期,広島,広島,53,B1,,0,0,0.17,4.17,20.3,36.2,5.05,42.1,52.6,0,46,24.5,45.9,0,135,40.7,55.5,9,5,3,3,0.11,1,,,,,,3,1,1,0.06,2,8,5,5,0.21,4,3,4,4,0.17,4,9,2,2,0.19,3,,,,,,7,3,3,0.23,5,,,,,,,,,,,,,,,,,,,,,,,,,,,,,,,3801,五反田 忍,77期,大阪,大阪,52,B1,,0,0,0.16,4.38,26.1,41.5,3.39,11.1,22.2,0,50,30.4,45.3,0,115,40.4,50.5,,,,,,,8,3,3,0.18,4,1,2,2,0.23,6,8,4,4,0.09,6,5,6,6,0.27,6,,,,,,2,1,1,0.24,3,6,3,3,0.1,6,,,,,,,,,,,,,,,,,,,,,,,,,,,,,,,3605,中村 守成,71期,三重,三重,54,B1,,0,0,0.19,3.95,14.1,29.4,5.25,37.5,50.0,0,61,37.2,51.7,0,163,33.0,50.0,,6,3,3,0.12,4,,,,,,2,5,5,0.13,4,7,2,2,0.2,3,4,1,1,0.12,4,,,,,,1,4,4,0.29,3,8,3,3,0.11,3,,,,,,,,,,,,,,,,,,,,,,,,,,,,,,
202609172204,2026-09-17,22,04R,3769,佐竹 恒彦,76期,滋賀,滋賀,53,A2,,0,0,0.17,5.4,32.9,48.8,5.95,40.0,60.0,0,75,27.8,51.6,0,145,52.4,65.3,10,7,1,1,0.1,2,11,4,4,0.08,3,5,4,5,0.1,2,10,2,2,0.21,2,,,,,,9,3,3,0.14,4,6,6,6,0.17,5,11,2,2,0.18,3,,,,,,,,,,,,,,,,,,,,,,,,,,,,,,,5151,山下 奈緒,127期,大阪,香川,31,B1,,0,0,0.23,4.0,17.5,31.2,3.89,7.1,32.1,0,19,33.6,51.3,0,150,35.8,54.7,,3,1,1,0.21,3,8,5,5,0.31,5,5,3,3,0.23,3,,,,,,1,6,6,0.29,3,6,2,2,0.15,6,4,4,4,0.16,5,,,,,,,,,,,,,,,,,,,,,,,,,,,,,,,,,,,,3841,佐々木 和伸,78期,徳島,徳島,50,A2,,0,0,0.16,6.48,50.7,69.8,7.8,70.0,80.0,0,68,39.8,55.2,0,149,33.3,50.9,12,,,,,,10,1,1,0.14,1,5,2,2,0.14,4,12,5,5,0.13,6,4,5,6,0.2,2,11,3,3,0.16,1,7,2,2,0.24,3,12,4,4,0.22,6,,,,,,,,,,,,,,,,,,,,,,,,,,,,,,,5392,安武 一也,136期,福岡,福岡,26,B2,,0,0,0.19,1.76,0.0,2.8,1.78,0.0,5.4,0,17,27.7,44.4,0,118,33.6,52.4,,,,,,,7,6,5,0.09,6,1,6,6,0.04,5,5,6,4,0.12,6,5,4,4,0.27,5,,,,,,1,6,6,0.23,6,5,5,5,0.19,5,,,,,,,,,,,,,,,,,,,,,,,,,,,,,,,4823,中村 桃佳,114期,香川,香川,33,A2,,1,0,0.13,6.72,51.5,67.0,0.0,0.0,0.0,0,25,38.3,52.4,0,171,24.7,37.1,11,4,2,2,0.09,1,8,4,4,0.21,2,6,3,3,0.05,2,10,6,6,0.33,3,,,,,,9,1,1,0.21,1,2,2,2,0.24,1,12,5,5,0.21,3,,,,,,,,,,,,,,,,,,,,,,,,,,,,,,,5428,古園井 綾南,137期,佐賀,福岡,23,B2,,1,0,0.19,1.07,0.0,0.0,1.0,0.0,0.0,0,38,24.7,41.8,0,106,26.6,37.1,8,,,,,,8,6,6,0.3,6,2,6,6,0.16,6,6,6,5,0.22,6,2,6,6,0.32,6,,,,,,3,6,5,0.21,6,,,,,,,,,,,,,,,,,,,,,,,,,,,,,,,,,,,
202609172205,2026-09-17,22,05R,4553,坪口 竜也,104期,長崎,長崎,37,A2,,0,0,0.16,5.92,38.2,59.8,6.46,48.7,66.6,0,22,33.3,49.2,0,166,26.9,41.3,11,5,2,2,0.15,6,11,6,6,0.13,5,4,3,3,0.1,2,9,4,4,0.16,3,6,1,1,0.12,1,10,2,2,0.2,2,,,,,,7,5,5,0.24,2,,,,,,,,,,,,,,,,,,,,,,,,,,,,,,,5386,米玉利 大悟,135期,兵庫,兵庫,20,B1,,0,0,0.19,3.48,14.8,24.4,2.6,10.0,10.0,0,27,36.4,51.1,0,132,37.8,50.4,,1,3,3,0.21,5,5,1,1,0.16,5,1,5,5,0.07,4,,,,,,,,,,,9,4,4,0.14,6,3,2,2,0.09,2,8,6,6,0.07,6,,,,,,,,,,,,,,,,,,,,,,,,,,,,,,,5395,日高 龍之介,136期,佐賀,宮崎,24,B1,,0,0,0.19,3.11,12.7,20.6,1.33,0.0,0.0,0,20,35.2,49.1,0,147,24.0,41.6,,5,5,5,0.02,2,,,,,,4,1,1,0.12,4,8,3,3,0.2,5,4,4,4,0.11,5,,,,,,2,6,6,0.21,6,8,2,2,0.13,2,,,,,,,,,,,,,,,,,,,,,,,,,,,,,,,4856,豊田 健士郎,115期,三重,三重,30,A1,,0,0,0.14,7.25,57.5,74.1,5.89,38.8,55.5,0,24,22.1,40.0,0,146,27.4,46.0,10,4,6,6,0.18,4,12,4,4,0.11,4,3,3,3,0.03,1,12,1,1,0.12,1,,,,,,8,2,2,0.14,2,1,1,1,0.21,1,11,5,5,0.17,2,,,,,,,,,,,,,,,,,,,,,,,,,,,,,,,4914,吉田 裕平,117期,愛知,愛知,29,A1,,1,0,0.12,7.43,54.6,67.5,7.11,37.0,55.5,0,69,21.0,32.8,0,125,30.1,48.5,12,3,4,3,0.21,1,12,1,1,0.1,1,7,6,6,0.16,4,12,4,4,0.12,2,,,,,,10,1,1,0.17,1,6,5,5,0.16,3,10,2,2,0.14,1,,,,,,,,,,,,,,,,,,,,,,,,,,,,,,,5462,山浦 槙,138期,佐賀,佐賀,19,B2,,0,0,0.0,1.73,0.0,2.4,0.0,0.0,0.0,0,30,38.0,45.6,0,151,24.0,39.8,9,3,6,6,0.28,6,,,,,,3,6,5,0.08,6,,,,,,4,6,5,0.18,6,8,6,6,0.2,6,5,6,6,0.49,6,,,,,,,,,,,,,,,,,,,,,,,,,,,,,,,,,,,
202609172206,2026-09-17,22,06R,4925,森 悠稀,118期,兵庫,兵庫,33,A2,,0,0,0.16,6.07,39.6,64.3,4.5,10.0,50.0,0,48,21.9,42.1,0,164,28.4,45.8,11,2,3,3,0.15,1,9,4,4,0.12,4,5,5,6,0.11,1,11,2,2,0.17,6,2,3,3,0.1,3,7,1,1,0.16,1,,,,,,8,5,5,0.07,5,,,,,,,,,,,,,,,,,,,,,,,,,,,,,,,4475,末永 祐輝,101期,山口,山口,38,A1,,1,0,0.16,5.59,32.5,58.1,6.5,46.1,61.5,0,28,33.3,50.4,0,123,48.6,67.2,12,5,6,6,0.06,4,9,2,2,0.17,2,1,1,1,0.17,2,10,4,4,0.32,4,2,5,5,0.15,5,12,3,3,0.27,3,,,,,,9,1,1,0.1,2,,,,,,,,,,,,,,,,,,,,,,,,,,,,,,,4948,木場 悠介,119期,長崎,鹿児島,33,B1,,0,0,0.15,5.54,38.0,51.0,5.42,38.3,56.1,0,72,36.3,53.0,0,104,29.6,46.3,2,4,4,4,0.18,6,10,6,6,0.16,6,,,,,,7,3,3,0.13,1,3,2,2,0.17,3,,,,,,3,1,1,0.06,1,10,5,5,0.15,5,,,,,,,,,,,,,,,,,,,,,,,,,,,,,,,4505,島田 賢人,102期,埼玉,埼玉,38,A1,,0,0,0.16,6.64,49.5,69.0,6.29,42.8,71.4,0,29,29.5,46.9,0,122,30.1,45.2,10,5,4,4,0.06,3,12,6,6,0.18,5,,,,,,11,1,1,0.07,1,7,3,3,0.23,2,12,5,5,0.25,6,4,2,2,0.11,2,10,1,1,0.17,2,,,,,,,,,,,,,,,,,,,,,,,,,,,,,,,5418,堀内 亜海,136期,大阪,大阪,20,B2,,1,0,0.2,1.05,0.0,0.0,0.0,0.0,0.0,0,64,27.6,36.1,0,133,42.4,58.4,1,2,6,6,0.59,6,,,,,,4,6,5,0.21,6,,,,,,3,6,6,0.26,6,7,6,5,0.25,6,,,,,,7,6,6,0.25,6,,,,,,,,,,,,,,,,,,,,,,,,,,,,,,,3615,横田 茂,71期,広島,広島,53,B1,,0,0,0.16,4.34,25.8,35.4,3.75,12.5,31.2,0,53,25.7,40.6,0,102,23.4,37.2,,6,4,4,0.14,5,,,,,,5,1,1,0.11,5,9,3,3,0.12,6,,,,,,10,5,5,0.22,4,1,2,2,0.27,2,6,4,4,0.17,4,,,,,,,,,,,,,,,,,,,,,,,,,,,,,,
202609172207,2026-09-17,22,07R,5050,木下 雄介,123期,滋賀,京都,31,A2,,0,0,0.17,5.75,40.0,56.3,5.2,30.0,50.0,0,15,40.0,55.5,0,174,37.3,49.5,12,4,3,3,0.1,3,9,5,5,0.13,1,,,,,,9,2,2,0.11,1,6,6,6,0.23,2,11,4,4,0.17,3,8,1,1,0.15,1,12,3,3,0.2,4,,,,,,,,,,,,,,,,,,,,,,,,,,,,,,,4813,宮内 直哉,114期,東京,東京,36,B1,,1,0,0.18,4.23,15.4,35.2,4.4,20.0,20.0,0,70,31.0,45.7,0,141,35.3,48.4,2,1,6,6,0.25,2,,,,,,3,2,2,0.16,5,11,3,3,0.14,4,1,4,4,0.27,5,,,,,,1,5,5,0.28,4,7,1,1,0.24,1,,,,,,,,,,,,,,,,,,,,,,,,,,,,,,,4693,松下 誉士,110期,福岡,福岡,42,B1,,0,0,0.19,4.2,25.7,35.0,4.22,24.3,39.0,0,57,32.5,45.0,0,153,32.4,56.4,1,2,1,1,0.16,4,,,,,,1,3,3,0.11,1,7,5,5,0.16,2,1,2,2,0.23,2,7,4,4,0.24,5,,,,,,10,6,6,0.15,6,,,,,,,,,,,,,,,,,,,,,,,,,,,,,,,4059,入澤 友治,86期,東京,東京,47,B1,,2,0,0.16,3.78,19.5,34.7,6.37,52.6,52.6,0,56,37.6,55.0,0,140,38.1,53.3,,4,5,5,0.16,5,,,,,,1,4,4,0.1,3,6,5,6,0.23,5,6,5,4,0.31,5,,,,,,3,5,6,0.25,4,9,5,5,0.18,4,,,,,,,,,,,,,,,,,,,,,,,,,,,,,,,4614,石倉 洋行,107期,福岡,福岡,46,A1,,1,0,0.13,7.18,57.2,78.6,6.19,44.7,64.1,0,32,26.6,47.4,0,110,38.3,58.5,11,,,,,,11,1,1,0.14,1,4,4,4,0.07,1,12,6,6,0.07,5,1,1,1,0.22,1,9,5,5,0.11,2,4,3,3,0.16,4,12,2,2,0.2,2,,,,,,,,,,,,,,,,,,,,,,,,,,,,,,,3712,淺香 文武,74期,三重,三重,52,B1,,0,0,0.17,4.79,36.0,44.1,5.6,60.0,60.0,0,47,21.1,40.3,0,169,36.4,48.6,,2,4,4,0.19,3,7,2,2,0.15,5,6,1,1,0.12,1,,,,,,3,5,5,0.19,5,8,3,3,0.13,3,,,,,,9,4,4,0.18,6,,,,,,,,,,,,,,,,,,,,,,,,,,,,,,
202609172208,2026-09-17,22,08R,3436,柏野 幸二,65期,岡山,岡山,57,A2,,1,0,0.13,5.69,37.5,61.2,7.0,60.5,76.3,0,37,30.0,46.9,0,165,31.0,48.5,,,,,,,9,1,1,0.07,3,6,4,4,0.12,4,12,2,2,0.1,3,5,2,2,0.1,3,11,6,6,0.16,6,2,5,5,0.17,5,10,3,3,0.15,4,,,,,,,,,,,,,,,,,,,,,,,,,,,,,,,4951,新田 洋一,119期,広島,広島,33,B1,,1,0,0.14,4.75,22.7,46.5,5.2,30.0,56.6,0,14,39.6,60.3,0,119,29.7,50.4,1,3,5,5,0.23,4,10,4,4,0.17,3,2,2,2,0.12,1,,,,,,5,3,3,0.16,2,9,6,6,0.19,5,4,1,1,0.14,1,,,,,,,,,,,,,,,,,,,,,,,,,,,,,,,,,,,,3505,山田 竜一,67期,東京,東京,55,A2,,0,0,0.14,5.16,35.0,45.3,5.23,36.6,56.6,0,73,30.9,50.3,0,121,35.6,56.4,,6,2,2,0.08,2,11,5,5,0.15,6,8,1,1,0.1,1,12,3,3,0.08,4,,,,,,7,5,6,0.2,4,5,2,2,0.18,3,11,4,4,0.18,5,,,,,,,,,,,,,,,,,,,,,,,,,,,,,,,5018,竹下 大樹,121期,福岡,福岡,27,A1,,0,0,0.14,7.06,54.3,75.3,6.72,50.4,70.7,0,31,33.0,46.3,0,120,22.7,38.6,12,1,1,1,0.17,1,10,5,5,0.11,2,6,2,2,0.09,3,11,4,4,0.11,2,,,,,,10,6,6,0.19,6,3,3,3,0.13,3,12,1,1,0.17,1,,,,,,,,,,,,,,,,,,,,,,,,,,,,,,,5428,古園井 綾南,137期,佐賀,福岡,23,B2,,1,0,0.19,1.07,0.0,0.0,1.0,0.0,0.0,0,38,24.7,41.8,0,106,26.6,37.1,4,,,,,,8,6,6,0.3,6,2,6,6,0.16,6,6,6,5,0.22,6,2,6,6,0.32,6,,,,,,3,6,5,0.21,6,,,,,,,,,,,,,,,,,,,,,,,,,,,,,,,,,,,,3297,藤丸 光一,60期,福岡,福岡,59,B1,,0,0,0.21,4.67,24.7,41.2,5.83,43.3,56.6,0,58,34.4,50.4,0,160,39.8,57.2,,3,3,4,0.18,2,9,3,3,0.17,6,,,,,,8,2,2,0.11,3,2,1,1,0.13,2,6,4,5,0.18,4,1,3,3,0.26,5,,,,,,,,,,,,,,,,,,,,,,,,,,,,,,,,,,,
202609172209,2026-09-17,22,09R,5125,高井 雄基,126期,愛知,愛知,30,A2,,1,0,0.17,4.81,26.9,43.2,6.23,45.4,72.7,0,16,48.3,63.1,0,167,45.6,59.2,,,,,,,10,3,3,0.15,4,4,2,2,0.12,3,10,5,5,0.34,5,6,3,3,0.21,3,12,6,6,0.28,4,5,1,1,0.19,1,10,4,4,0.18,3,,,,,,,,,,,,,,,,,,,,,,,,,,,,,,,4592,小林 孝弘,106期,山口,山口,45,B1,,0,0,0.15,4.56,21.3,45.3,4.71,25.3,48.1,0,54,33.3,46.8,0,157,37.7,48.1,1,2,2,2,0.16,2,,,,,,3,4,4,0.04,4,9,5,5,0.13,5,3,1,1,0.17,1,,,,,,2,3,3,0.22,4,9,6,6,0.18,5,,,,,,,,,,,,,,,,,,,,,,,,,,,,,,,4630,岩永 雅人,107期,愛知,愛知,39,A2,,0,0,0.19,5.36,34.2,53.4,5.24,38.1,57.1,0,60,22.5,45.1,0,128,33.6,46.7,,2,5,5,0.18,5,11,2,2,0.19,4,2,3,3,0.19,5,11,6,6,0.11,3,8,1,1,0.11,1,12,2,2,0.25,5,,,,,,8,4,4,0.11,4,,,,,,,,,,,,,,,,,,,,,,,,,,,,,,,4313,西村 美智子,95期,香川,香川,42,A2,,1,0,0.15,5.04,32.2,47.7,6.0,50.0,50.0,0,55,32.7,50.0,0,148,35.9,57.2,,,,,,,8,2,2,0.28,3,7,1,1,0.18,5,11,5,5,0.16,5,4,2,2,0.19,3,10,3,3,0.2,3,7,4,4,0.32,4,11,6,6,0.22,6,,,,,,,,,,,,,,,,,,,,,,,,,,,,,,,5462,山浦 槙,138期,佐賀,佐賀,19,B2,,0,0,0.0,1.73,0.0,2.4,0.0,0.0,0.0,0,30,38.0,45.6,0,151,24.0,39.8,5,3,6,6,0.28,6,,,,,,3,6,5,0.08,6,,,,,,4,6,5,0.18,6,8,6,6,0.2,6,5,6,6,0.49,6,,,,,,,,,,,,,,,,,,,,,,,,,,,,,,,,,,,,3614,谷 勝幸,71期,広島,広島,53,B1,,0,0,0.17,4.17,20.3,36.2,5.05,42.1,52.6,0,46,24.5,45.9,0,135,40.7,55.5,3,5,3,3,0.11,1,,,,,,3,1,1,0.06,2,8,5,5,0.21,4,3,4,4,0.17,4,9,2,2,0.19,3,,,,,,7,3,3,0.23,5,,,,,,,,,,,,,,,,,,,,,,,,,,,,,,
202609172210,2026-09-17,22,10R,4685,島村 隆幸,109期,徳島,高知,35,A1,,1,0,0.14,7.13,52.0,70.8,0.0,0.0,0.0,0,63,28.5,44.4,0,138,41.6,60.1,2,6,1,1,0.08,1,12,3,3,0.12,3,,,,,,8,6,6,0.2,2,5,5,5,0.26,4,12,1,1,0.21,1,5,4,4,0.19,2,9,2,2,0.14,1,,,,,,,,,,,,,,,,,,,,,,,,,,,,,,,4856,豊田 健士郎,115期,三重,三重,30,A1,,0,0,0.14,7.25,57.5,74.1,5.89,38.8,55.5,0,24,22.1,40.0,0,146,27.4,46.0,5,4,6,6,0.18,4,12,4,4,0.11,4,3,3,3,0.03,1,12,1,1,0.12,1,,,,,,8,2,2,0.14,2,1,1,1,0.21,1,11,5,5,0.17,2,,,,,,,,,,,,,,,,,,,,,,,,,,,,,,,4505,島田 賢人,102期,埼玉,埼玉,38,A1,,0,0,0.16,6.64,49.5,69.0,6.29,42.8,71.4,0,29,29.5,46.9,0,122,30.1,45.2,6,5,4,4,0.06,3,12,6,6,0.18,5,,,,,,11,1,1,0.07,1,7,3,3,0.23,2,12,5,5,0.25,6,4,2,2,0.11,2,10,1,1,0.17,2,,,,,,,,,,,,,,,,,,,,,,,,,,,,,,,4089,妹尾 忠幸,87期,岡山,岡山,46,A2,,0,0,0.16,6.35,42.5,67.5,6.55,39.3,75.7,0,36,37.0,54.0,0,112,28.4,45.1,1,6,5,5,0.14,3,10,2,2,0.12,5,,,,,,9,1,1,0.07,2,4,3,3,0.09,1,12,4,4,0.25,2,6,2,2,0.11,2,12,6,6,0.19,5,,,,,,,,,,,,,,,,,,,,,,,,,,,,,,,3769,佐竹 恒彦,76期,滋賀,滋賀,53,A2,,0,0,0.17,5.4,32.9,48.8,5.95,40.0,60.0,0,75,27.8,51.6,0,145,52.4,65.3,4,7,1,1,0.1,2,11,4,4,0.08,3,5,4,5,0.1,2,10,2,2,0.21,2,,,,,,9,3,3,0.14,4,6,6,6,0.17,5,11,2,2,0.18,3,,,,,,,,,,,,,,,,,,,,,,,,,,,,,,,3696,白井 友晴,74期,埼玉,埼玉,54,B1,,0,0,0.17,4.97,27.1,46.7,5.82,54.5,63.6,0,49,37.4,53.6,0,116,32.7,48.6,3,1,4,4,0.18,3,7,3,3,0.13,1,2,1,1,0.16,2,,,,,,7,2,2,0.24,3,11,5,5,0.1,4,5,3,3,0.15,4,,,,,,,,,,,,,,,,,,,,,,,,,,,,,,,,,,,
202609172211,2026-09-17,22,11R,4823,中村 桃佳,114期,香川,香川,33,A2,,1,0,0.13,6.72,51.5,67.0,0.0,0.0,0.0,0,25,38.3,52.4,0,171,24.7,37.1,4,4,2,2,0.09,1,8,4,4,0.21,2,6,3,3,0.05,2,10,6,6,0.33,3,,,,,,9,1,1,0.21,1,2,2,2,0.24,1,12,5,5,0.21,3,,,,,,,,,,,,,,,,,,,,,,,,,,,,,,,4614,石倉 洋行,107期,福岡,福岡,46,A1,,1,0,0.13,7.18,57.2,78.6,6.19,44.7,64.1,0,32,26.6,47.4,0,110,38.3,58.5,7,,,,,,11,1,1,0.14,1,4,4,4,0.07,1,12,6,6,0.07,5,1,1,1,0.22,1,9,5,5,0.11,2,4,3,3,0.16,4,12,2,2,0.2,2,,,,,,,,,,,,,,,,,,,,,,,,,,,,,,,4590,渡邉 優美,105期,福岡,福岡,33,A1,,1,0,0.14,6.49,41.9,58.9,6.83,45.9,67.8,0,23,40.8,53.9,0,156,42.0,51.4,2,8,1,1,0.14,1,12,2,2,0.12,2,2,4,4,0.11,3,9,6,6,0.15,4,,,,,,11,1,1,0.12,2,4,5,5,0.16,3,9,3,3,0.12,3,,,,,,,,,,,,,,,,,,,,,,,,,,,,,,,3554,仲口 博崇,69期,愛知,愛知,54,A1,,0,0,0.18,6.49,52.3,67.6,7.14,62.0,79.3,0,45,25.2,44.4,0,159,34.9,54.7,3,7,4,6,0.11,4,12,5,5,0.21,6,,,,,,10,1,1,0.2,1,3,3,3,0.17,2,11,2,2,0.18,5,2,4,4,0.2,2,11,1,1,0.16,1,,,,,,,,,,,,,,,,,,,,,,,,,,,,,,,4553,坪口 竜也,104期,長崎,長崎,37,A2,,0,0,0.16,5.92,38.2,59.8,6.46,48.7,66.6,0,22,33.3,49.2,0,166,26.9,41.3,5,5,2,2,0.15,6,11,6,6,0.13,5,4,3,3,0.1,2,9,4,4,0.16,3,6,1,1,0.12,1,10,2,2,0.2,2,,,,,,7,5,5,0.24,2,,,,,,,,,,,,,,,,,,,,,,,,,,,,,,,4925,森 悠稀,118期,兵庫,兵庫,33,A2,,0,0,0.16,6.07,39.6,64.3,4.5,10.0,50.0,0,48,21.9,42.1,0,164,28.4,45.8,6,2,3,3,0.15,1,9,4,4,0.12,4,5,5,6,0.11,1,11,2,2,0.17,6,2,3,3,0.1,3,7,1,1,0.16,1,,,,,,8,5,5,0.07,5,,,,,,,,,,,,,,,,,,,,,,,,,,,,,,
202609172212,2026-09-17,22,12R,4914,吉田 裕平,117期,愛知,愛知,29,A1,,1,0,0.12,7.43,54.6,67.5,7.11,37.0,55.5,0,69,21.0,32.8,0,125,30.1,48.5,5,3,4,3,0.21,1,12,1,1,0.1,1,7,6,6,0.16,4,12,4,4,0.12,2,,,,,,10,1,1,0.17,1,6,5,5,0.16,3,10,2,2,0.14,1,,,,,,,,,,,,,,,,,,,,,,,,,,,,,,,5050,木下 雄介,123期,滋賀,京都,31,A2,,0,0,0.17,5.75,40.0,56.3,5.2,30.0,50.0,0,15,40.0,55.5,0,174,37.3,49.5,7,4,3,3,0.1,3,9,5,5,0.13,1,,,,,,9,2,2,0.11,1,6,6,6,0.23,2,11,4,4,0.17,3,8,1,1,0.15,1,12,3,3,0.2,4,,,,,,,,,,,,,,,,,,,,,,,,,,,,,,,5018,竹下 大樹,121期,福岡,福岡,27,A1,,0,0,0.14,7.06,54.3,75.3,6.72,50.4,70.7,0,31,33.0,46.3,0,120,22.7,38.6,8,1,1,1,0.17,1,10,5,5,0.11,2,6,2,2,0.09,3,11,4,4,0.11,2,,,,,,10,6,6,0.19,6,3,3,3,0.13,3,12,1,1,0.17,1,,,,,,,,,,,,,,,,,,,,,,,,,,,,,,,3841,佐々木 和伸,78期,徳島,徳島,50,A2,,0,0,0.16,6.48,50.7,69.8,7.8,70.0,80.0,0,68,39.8,55.2,0,149,33.3,50.9,4,,,,,,10,1,1,0.14,1,5,2,2,0.14,4,12,5,5,0.13,6,4,5,6,0.2,2,11,3,3,0.16,1,7,2,2,0.24,3,12,4,4,0.22,6,,,,,,,,,,,,,,,,,,,,,,,,,,,,,,,3807,岡部 哲,77期,埼玉,埼玉,51,B1,,0,0,0.17,4.89,25.0,46.4,3.68,15.7,31.5,0,66,27.4,41.1,0,114,32.0,44.3,2,4,1,1,0.15,2,11,3,3,0.12,2,3,5,6,0.06,3,,,,,,2,2,2,0.15,1,10,4,4,0.23,5,,,,,,11,3,3,0.21,4,,,,,,,,,,,,,,,,,,,,,,,,,,,,,,,4475,末永 祐輝,101期,山口,山口,38,A1,,1,0,0.16,5.59,32.5,58.1,6.5,46.1,61.5,0,28,33.3,50.4,0,123,48.6,67.2,6,5,6,6,0.06,4,9,2,2,0.17,2,1,1,1,0.17,2,10,4,4,0.32,4,2,5,5,0.15,5,12,3,3,0.27,3,,,,,,9,1,1,0.1,2,,,,,,,,,,,,,,,,,,,,,,,,,,,,,,
202609172301,2026-09-17,23,01R,4822,百武 翔,114期,佐賀,佐賀,33,A2,,0,0,0.17,6.35,51.8,67.2,5.64,41.4,53.5,0,17,,,0,59,37.3,55.6,10,,,,,,9,2,2,0.11,1,,,,,,,,,,,,,,,,,,,,,,,,,,,,,,,,,,,,,,,,,,,,,,,,,,,,,,,,,,,,,3550,都築 正治,69期,愛知,愛知,55,B1,,0,0,0.16,5.43,38.2,54.7,5.0,32.1,46.4,0,37,,,0,7,37.0,56.9,7,5,3,3,0.08,2,9,5,5,0.21,6,,,,,,,,,,,,,,,,,,,,,,,,,,,,,,,,,,,,,,,,,,,,,,,,,,,,,,,,,,,,,3411,池上 隆行,64期,広島,広島,57,B1,,1,0,0.16,3.62,8.2,27.4,3.68,15.7,26.3,0,2,,,0,30,22.1,40.9,9,5,4,4,0.12,3,,,,,,,,,,,,,,,,,,,,,,,,,,,,,,,,,,,,,,,,,,,,,,,,,,,,,,,,,,,,,,,,,,3710,吉永 泰弘,74期,香川,香川,52,B1,,0,0,0.18,4.65,22.2,41.4,4.93,25.9,40.7,0,36,,,0,6,41.6,55.0,5,,,,,,7,1,1,0.11,4,,,,,,,,,,,,,,,,,,,,,,,,,,,,,,,,,,,,,,,,,,,,,,,,,,,,,,,,,,,,,5420,吉原 快誓,136期,長崎,長崎,20,B2,,0,0,0.17,2.09,1.3,7.8,1.67,0.0,0.0,0,8,,,0,46,22.8,34.7,6,1,6,6,0.09,4,,,,,,,,,,,,,,,,,,,,,,,,,,,,,,,,,,,,,,,,,,,,,,,,,,,,,,,,,,,,,,,,,,3974,深山 祐二,83期,佐賀,佐賀,49,B1,,0,0,0.16,4.51,26.3,41.0,4.32,21.7,38.6,0,11,,,0,36,25.0,42.2,8,1,5,5,0.19,5,,,,,,,,,,,,,,,,,,,,,,,,,,,,,,,,,,,,,,,,,,,,,,,,,,,,,,,,,,,,,,,,,
202609172302,2026-09-17,23,02R,3256,三角 哲男,58期,東京,千葉,59,A1,,0,0,0.15,6.71,53.3,70.8,5.0,34.4,41.3,0,44,,,0,23,42.0,57.9,10,6,2,2,0.11,2,12,4,5,0.15,3,,,,,,,,,,,,,,,,,,,,,,,,,,,,,,,,,,,,,,,,,,,,,,,,,,,,,,,,,,,,,4640,山ノ内 雅人,107期,福岡,福岡,35,A2,,1,0,0.14,5.82,37.6,60.0,6.72,52.0,72.0,0,9,,,0,9,32.7,53.1,11,6,4,4,0.15,4,10,4,3,0.23,5,,,,,,,,,,,,,,,,,,,,,,,,,,,,,,,,,,,,,,,,,,,,,,,,,,,,,,,,,,,,,4683,向井田 直弥,109期,広島,広島,35,B2,,0,0,0.13,3.25,13.3,23.3,4.56,18.7,43.7,0,15,,,0,43,27.0,41.0,7,2,2,2,0.09,3,7,4,4,0.12,落,,,,,,,,,,,,,,,,,,,,,,,,,,,,,,,,,,,,,,,,,,,,,,,,,,,,,,,,,,,,,4752,西尾 亮輔,112期,愛知,愛知,38,B1,,0,0,0.18,4.02,18.1,32.3,3.69,11.4,31.4,0,14,,,0,17,37.8,56.3,8,2,6,6,0.18,6,8,3,3,0.18,3,,,,,,,,,,,,,,,,,,,,,,,,,,,,,,,,,,,,,,,,,,,,,,,,,,,,,,,,,,,,,3527,中嶋 誠一郎,68期,長崎,長崎,55,B1,,1,0,0.17,5.24,30.3,53.9,5.44,31.7,53.6,0,6,,,0,55,39.6,56.9,,1,2,2,0.06,2,10,6,6,0.23,6,,,,,,,,,,,,,,,,,,,,,,,,,,,,,,,,,,,,,,,,,,,,,,,,,,,,,,,,,,,,,5443,西村 仁吾,137期,長崎,佐賀,18,B2,,1,0,0.24,1.65,3.5,5.2,1.13,0.0,0.0,0,28,,,0,22,25.2,41.1,9,,,,,,8,6,6,0.22,6,,,,,,,,,,,,,,,,,,,,,,,,,,,,,,,,,,,,,,,,,,,,,,,,,,,,,,,,,,,,
202609172303,2026-09-17,23,03R,4535,北山 康介,103期,東京,神奈川,36,A2,,1,0,0.16,7.11,55.1,77.5,6.87,57.4,74.4,0,5,,,0,35,38.0,50.4,9,,,,,,10,3,2,0.19,4,,,,,,,,,,,,,,,,,,,,,,,,,,,,,,,,,,,,,,,,,,,,,,,,,,,,,,,,,,,,,3602,奥平 拓也,71期,東京,千葉,56,B1,,0,0,0.21,4.2,18.6,37.3,5.0,16.6,50.0,0,40,,,0,28,34.7,47.4,7,6,3,3,0.09,6,,,,,,,,,,,,,,,,,,,,,,,,,,,,,,,,,,,,,,,,,,,,,,,,,,,,,,,,,,,,,,,,,,4002,古結 宏,84期,兵庫,兵庫,48,A1,,0,0,0.14,6.69,51.6,70.4,6.0,36.3,72.7,0,35,,,0,57,34.7,53.0,,4,1,1,0.21,1,12,3,4,0.12,5,,,,,,,,,,,,,,,,,,,,,,,,,,,,,,,,,,,,,,,,,,,,,,,,,,,,,,,,,,,,,5441,鈴木 雄登,137期,愛知,愛知,20,B1,,1,0,0.17,3.32,10.1,30.5,0.0,0.0,0.0,0,7,,,0,8,43.3,65.0,10,3,4,4,0.27,5,9,6,6,0.19,3,,,,,,,,,,,,,,,,,,,,,,,,,,,,,,,,,,,,,,,,,,,,,,,,,,,,,,,,,,,,,5211,高井 駿弥,129期,愛知,愛知,28,B1,,1,0,0.17,3.67,7.6,29.4,4.11,15.7,31.5,0,29,,,0,18,35.3,56.9,8,5,6,6,0.17,6,,,,,,,,,,,,,,,,,,,,,,,,,,,,,,,,,,,,,,,,,,,,,,,,,,,,,,,,,,,,,,,,,,3445,加藤 高史,65期,埼玉,東京,56,B1,,0,0,0.18,5.04,32.5,48.1,4.39,33.3,38.8,0,12,,,0,51,34.4,54.6,12,4,3,3,0.35,3,9,1,1,0.11,2,,,,,,,,,,,,,,,,,,,,,,,,,,,,,,,,,,,,,,,,,,,,,,,,,,,,,,,,,,,,
202609172304,2026-09-17,23,04R,4995,田邉 亮蔵,121期,東京,千葉,35,B1,,0,0,0.19,4.0,19.7,34.2,3.47,16.6,16.6,0,16,,,0,47,30.4,43.4,,2,5,5,0.19,5,11,4,4,0.23,5,,,,,,,,,,,,,,,,,,,,,,,,,,,,,,,,,,,,,,,,,,,,,,,,,,,,,,,,,,,,,4193,郷原 章平,91期,福岡,福岡,45,A2,,0,0,0.15,6.18,44.8,60.6,6.22,41.6,58.3,0,3,,,0,31,40.5,61.3,,4,6,6,0.15,6,10,5,4,0.27,3,,,,,,,,,,,,,,,,,,,,,,,,,,,,,,,,,,,,,,,,,,,,,,,,,,,,,,,,,,,,,3745,橋本 年光,75期,兵庫,兵庫,51,B1,,0,0,0.19,5.41,29.9,55.6,5.88,35.4,62.5,0,19,,,0,32,36.0,54.0,9,3,5,5,0.24,3,10,1,1,0.18,1,,,,,,,,,,,,,,,,,,,,,,,,,,,,,,,,,,,,,,,,,,,,,,,,,,,,,,,,,,,,,4184,渡邊 雄一郎,90期,大阪,大阪,40,A1,,0,0,0.17,7.24,57.0,76.0,6.63,50.0,81.2,0,33,,,0,11,31.3,38.1,11,5,5,5,0.13,4,12,2,3,0.09,2,,,,,,,,,,,,,,,,,,,,,,,,,,,,,,,,,,,,,,,,,,,,,,,,,,,,,,,,,,,,,5333,山下 智己,133期,兵庫,兵庫,22,B2,,0,0,0.2,3.59,15.6,26.5,0.0,0.0,0.0,0,1,,,0,50,35.9,55.2,8,3,2,2,0.18,6,,,,,,,,,,,,,,,,,,,,,,,,,,,,,,,,,,,,,,,,,,,,,,,,,,,,,,,,,,,,,,,,,,3484,芝田 浩治,66期,兵庫,兵庫,54,A2,,0,0,0.17,5.89,45.6,61.1,6.43,42.8,75.0,0,34,,,0,60,28.8,41.5,12,1,1,1,0.03,1,11,2,2,0.17,1,,,,,,,,,,,,,,,,,,,,,,,,,,,,,,,,,,,,,,,,,,,,,,,,,,,,,,,,,,,,
202609172305,2026-09-17,23,05R,4086,寺本 重宣,87期,東京,神奈川,46,A2,,0,0,0.15,5.97,39.8,57.6,6.73,53.3,66.6,0,31,,,0,2,43.7,56.3,12,,,,,,9,3,3,0.08,5,,,,,,,,,,,,,,,,,,,,,,,,,,,,,,,,,,,,,,,,,,,,,,,,,,,,,,,,,,,,,3784,中島 友和,76期,佐賀,佐賀,50,B1,,0,0,0.16,5.05,30.8,48.9,5.68,35.8,58.7,0,13,,,0,10,36.5,48.0,9,,,,,,8,5,5,0.21,5,,,,,,,,,,,,,,,,,,,,,,,,,,,,,,,,,,,,,,,,,,,,,,,,,,,,,,,,,,,,,5131,江藤 敦宏,126期,福岡,福岡,27,B1,,0,0,0.18,3.96,17.2,30.1,3.83,16.6,22.2,0,27,,,0,4,22.8,34.2,11,4,4,4,0.32,5,,,,,,,,,,,,,,,,,,,,,,,,,,,,,,,,,,,,,,,,,,,,,,,,,,,,,,,,,,,,,,,,,,4877,鈴谷 一平,116期,兵庫,兵庫,32,A1,,0,0,0.14,6.16,43.1,60.3,6.51,51.1,65.1,0,21,,,0,25,25.0,45.8,,2,3,3,0.15,4,12,5,6,0.13,4,,,,,,,,,,,,,,,,,,,,,,,,,,,,,,,,,,,,,,,,,,,,,,,,,,,,,,,,,,,,,3158,島川 光男,54期,広島,広島,61,A2,,0,0,0.15,6.36,45.3,63.8,6.16,44.4,66.6,0,10,,,0,19,38.3,53.3,10,3,3,3,0.2,1,11,6,6,0.18,3,,,,,,,,,,,,,,,,,,,,,,,,,,,,,,,,,,,,,,,,,,,,,,,,,,,,,,,,,,,,,3710,吉永 泰弘,74期,香川,香川,52,B1,,0,0,0.18,4.65,22.2,41.4,4.93,25.9,40.7,0,36,,,0,6,41.6,55.0,1,,,,,,7,1,1,0.11,4,,,,,,,,,,,,,,,,,,,,,,,,,,,,,,,,,,,,,,,,,,,,,,,,,,,,,,,,,,,,
202609172306,2026-09-17,23,06R,3434,松尾 宣邦,65期,福岡,福岡,57,B1,,0,0,0.18,4.48,24.2,41.4,4.46,21.4,35.7,0,22,,,0,21,40.9,58.2,,2,4,4,0.13,2,6,6,6,0.15,5,,,,,,,,,,,,,,,,,,,,,,,,,,,,,,,,,,,,,,,,,,,,,,,,,,,,,,,,,,,,,3574,大神 康司,70期,福岡,福岡,54,A1,,0,0,0.16,6.22,46.8,63.9,6.15,48.7,64.1,0,41,,,0,34,31.3,48.0,,5,1,1,0.12,1,10,2,5,0.21,2,,,,,,,,,,,,,,,,,,,,,,,,,,,,,,,,,,,,,,,,,,,,,,,,,,,,,,,,,,,,,3703,鳥飼 眞,74期,福岡,福岡,52,A2,,0,0,0.18,5.94,43.6,62.1,5.46,37.7,50.8,0,26,,,0,53,34.7,50.8,11,,,,,,7,2,2,0.13,3,,,,,,,,,,,,,,,,,,,,,,,,,,,,,,,,,,,,,,,,,,,,,,,,,,,,,,,,,,,,,5420,吉原 快誓,136期,長崎,長崎,20,B2,,0,0,0.17,2.09,1.3,7.8,1.67,0.0,0.0,0,8,,,0,46,22.8,34.7,1,1,6,6,0.09,4,,,,,,,,,,,,,,,,,,,,,,,,,,,,,,,,,,,,,,,,,,,,,,,,,,,,,,,,,,,,,,,,,,5127,沼田 大都,126期,愛知,広島,29,B1,,0,0,0.22,4.23,15.7,40.0,5.32,21.0,63.1,0,43,,,0,26,28.2,47.0,10,1,4,4,0.13,3,7,6,6,0.21,5,,,,,,,,,,,,,,,,,,,,,,,,,,,,,,,,,,,,,,,,,,,,,,,,,,,,,,,,,,,,,4435,服部 達哉,100期,愛知,愛知,40,A2,,0,0,0.18,5.38,35.3,51.5,4.91,25.5,46.5,0,23,,,0,39,34.7,44.0,12,6,5,5,0.15,3,,,,,,,,,,,,,,,,,,,,,,,,,,,,,,,,,,,,,,,,,,,,,,,,,,,,,,,,,,,,,,,,,
202609172307,2026-09-17,23,07R,3550,都築 正治,69期,愛知,愛知,55,B1,,0,0,0.16,5.43,38.2,54.7,5.0,32.1,46.4,0,37,,,0,7,37.0,56.9,1,5,3,3,0.08,2,9,5,5,0.21,6,,,,,,,,,,,,,,,,,,,,,,,,,,,,,,,,,,,,,,,,,,,,,,,,,,,,,,,,,,,,,4515,藤田 浩人,102期,佐賀,佐賀,40,A2,,0,0,0.17,5.62,33.8,60.7,5.91,41.4,58.5,0,24,,,0,44,35.0,54.7,11,,,,,,11,1,1,0.16,2,,,,,,,,,,,,,,,,,,,,,,,,,,,,,,,,,,,,,,,,,,,,,,,,,,,,,,,,,,,,,4934,佐々木 翔斗,118期,大阪,大阪,30,A2,,0,0,0.17,5.42,33.7,52.1,4.79,26.3,42.1,0,38,,,0,27,27.2,41.3,12,3,1,1,0.14,2,7,5,5,0.19,1,,,,,,,,,,,,,,,,,,,,,,,,,,,,,,,,,,,,,,,,,,,,,,,,,,,,,,,,,,,,,3602,奥平 拓也,71期,東京,千葉,56,B1,,0,0,0.21,4.2,18.6,37.3,5.0,16.6,50.0,0,40,,,0,28,34.7,47.4,3,6,3,3,0.09,6,,,,,,,,,,,,,,,,,,,,,,,,,,,,,,,,,,,,,,,,,,,,,,,,,,,,,,,,,,,,,,,,,,4683,向井田 直弥,109期,広島,広島,35,B2,,0,0,0.13,3.25,13.3,23.3,4.56,18.7,43.7,0,15,,,0,43,27.0,41.0,2,2,2,2,0.09,3,7,4,4,0.12,落,,,,,,,,,,,,,,,,,,,,,,,,,,,,,,,,,,,,,,,,,,,,,,,,,,,,,,,,,,,,,3478,嶋田 貴支,66期,香川,香川,55,B1,,0,0,0.17,5.17,30.0,53.0,5.18,32.3,50.0,0,32,,,0,24,34.1,52.5,,5,2,2,0.1,5,11,5,5,0.21,6,,,,,,,,,,,,,,,,,,,,,,,,,,,,,,,,,,,,,,,,,,,,,,,,,,,,,,,,,,,,
202609172308,2026-09-17,23,08R,4752,西尾 亮輔,112期,愛知,愛知,38,B1,,0,0,0.18,4.02,18.1,32.3,3.69,11.4,31.4,0,14,,,0,17,37.8,56.3,2,2,6,6,0.18,6,8,3,3,0.18,3,,,,,,,,,,,,,,,,,,,,,,,,,,,,,,,,,,,,,,,,,,,,,,,,,,,,,,,,,,,,,5211,高井 駿弥,129期,愛知,愛知,28,B1,,1,0,0.17,3.67,7.6,29.4,4.11,15.7,31.5,0,29,,,0,18,35.3,56.9,3,5,6,6,0.17,6,,,,,,,,,,,,,,,,,,,,,,,,,,,,,,,,,,,,,,,,,,,,,,,,,,,,,,,,,,,,,,,,,,3974,深山 祐二,83期,佐賀,佐賀,49,B1,,0,0,0.16,4.51,26.3,41.0,4.32,21.7,38.6,0,11,,,0,36,25.0,42.2,1,1,5,5,0.19,5,,,,,,,,,,,,,,,,,,,,,,,,,,,,,,,,,,,,,,,,,,,,,,,,,,,,,,,,,,,,,,,,,,3946,赤岩 善生,82期,愛知,愛知,50,A1,,1,0,0.15,7.26,56.3,71.4,7.23,61.2,70.9,0,18,,,0,45,25.8,44.8,12,7,3,3,0.09,2,12,1,2,0.08,1,,,,,,,,,,,,,,,,,,,,,,,,,,,,,,,,,,,,,,,,,,,,,,,,,,,,,,,,,,,,,5226,藤田 俊祐,129期,東京,東京,24,B1,,0,0,0.16,5.66,34.2,55.7,6.0,55.0,60.0,0,42,,,0,54,30.4,46.9,,3,6,6,0.16,4,8,2,2,0.12,1,,,,,,,,,,,,,,,,,,,,,,,,,,,,,,,,,,,,,,,,,,,,,,,,,,,,,,,,,,,,,5333,山下 智己,133期,兵庫,兵庫,22,B2,,0,0,0.2,3.59,15.6,26.5,0.0,0.0,0.0,0,1,,,0,50,35.9,55.2,4,3,2,2,0.18,6,,,,,,,,,,,,,,,,,,,,,,,,,,,,,,,,,,,,,,,,,,,,,,,,,,,,,,,,,,,,,,,,,
202609172309,2026-09-17,23,09R,3784,中島 友和,76期,佐賀,佐賀,50,B1,,0,0,0.16,5.05,30.8,48.9,5.68,35.8,58.7,0,13,,,0,10,36.5,48.0,5,,,,,,8,5,5,0.21,5,,,,,,,,,,,,,,,,,,,,,,,,,,,,,,,,,,,,,,,,,,,,,,,,,,,,,,,,,,,,,3411,池上 隆行,64期,広島,広島,57,B1,,1,0,0.16,3.62,8.2,27.4,3.68,15.7,26.3,0,2,,,0,30,22.1,40.9,1,5,4,4,0.12,3,,,,,,,,,,,,,,,,,,,,,,,,,,,,,,,,,,,,,,,,,,,,,,,,,,,,,,,,,,,,,,,,,,3679,飯島 昌弘,73期,埼玉,埼玉,53,A2,,0,0,0.17,6.74,50.0,73.3,6.65,42.3,73.0,0,39,,,0,14,31.6,55.5,,2,1,1,0.11,1,9,4,4,0.13,4,,,,,,,,,,,,,,,,,,,,,,,,,,,,,,,,,,,,,,,,,,,,,,,,,,,,,,,,,,,,,4535,北山 康介,103期,東京,神奈川,36,A2,,1,0,0.16,7.11,55.1,77.5,6.87,57.4,74.4,0,5,,,0,35,38.0,50.4,3,,,,,,10,3,2,0.19,4,,,,,,,,,,,,,,,,,,,,,,,,,,,,,,,,,,,,,,,,,,,,,,,,,,,,,,,,,,,,,5443,西村 仁吾,137期,長崎,佐賀,18,B2,,1,0,0.24,1.65,3.5,5.2,1.13,0.0,0.0,0,28,,,0,22,25.2,41.1,2,,,,,,8,6,6,0.22,6,,,,,,,,,,,,,,,,,,,,,,,,,,,,,,,,,,,,,,,,,,,,,,,,,,,,,,,,,,,,,3745,橋本 年光,75期,兵庫,兵庫,51,B1,,0,0,0.19,5.41,29.9,55.6,5.88,35.4,62.5,0,19,,,0,32,36.0,54.0,4,3,5,5,0.24,3,10,1,1,0.18,1,,,,,,,,,,,,,,,,,,,,,,,,,,,,,,,,,,,,,,,,,,,,,,,,,,,,,,,,,,,,
202609172310,2026-09-17,23,10R,5127,沼田 大都,126期,愛知,広島,29,B1,,0,0,0.22,4.23,15.7,40.0,5.32,21.0,63.1,0,43,,,0,26,28.2,47.0,6,1,4,4,0.13,3,7,6,6,0.21,5,,,,,,,,,,,,,,,,,,,,,,,,,,,,,,,,,,,,,,,,,,,,,,,,,,,,,,,,,,,,,3158,島川 光男,54期,広島,広島,61,A2,,0,0,0.15,6.36,45.3,63.8,6.16,44.4,66.6,0,10,,,0,19,38.3,53.3,5,3,3,3,0.2,1,11,6,6,0.18,3,,,,,,,,,,,,,,,,,,,,,,,,,,,,,,,,,,,,,,,,,,,,,,,,,,,,,,,,,,,,,4822,百武 翔,114期,佐賀,佐賀,33,A2,,0,0,0.17,6.35,51.8,67.2,5.64,41.4,53.5,0,17,,,0,59,37.3,55.6,1,,,,,,9,2,2,0.11,1,,,,,,,,,,,,,,,,,,,,,,,,,,,,,,,,,,,,,,,,,,,,,,,,,,,,,,,,,,,,,3256,三角 哲男,58期,東京,千葉,59,A1,,0,0,0.15,6.71,53.3,70.8,5.0,34.4,41.3,0,44,,,0,23,42.0,57.9,2,6,2,2,0.11,2,12,4,5,0.15,3,,,,,,,,,,,,,,,,,,,,,,,,,,,,,,,,,,,,,,,,,,,,,,,,,,,,,,,,,,,,,5441,鈴木 雄登,137期,愛知,愛知,20,B1,,1,0,0.17,3.32,10.1,30.5,0.0,0.0,0.0,0,7,,,0,8,43.3,65.0,3,3,4,4,0.27,5,9,6,6,0.19,3,,,,,,,,,,,,,,,,,,,,,,,,,,,,,,,,,,,,,,,,,,,,,,,,,,,,,,,,,,,,,3978,齊藤 仁,83期,東京,東京,49,A2,,1,0,0.16,6.13,31.7,64.4,6.65,55.0,70.0,0,25,,,0,40,29.9,54.7,,4,2,2,0.18,2,11,3,3,0.17,4,,,,,,,,,,,,,,,,,,,,,,,,,,,,,,,,,,,,,,,,,,,,,,,,,,,,,,,,,,,,
202609172311,2026-09-17,23,11R,4640,山ノ内 雅人,107期,福岡,福岡,35,A2,,1,0,0.14,5.82,37.6,60.0,6.72,52.0,72.0,0,9,,,0,9,32.7,53.1,2,6,4,4,0.15,4,10,4,3,0.23,5,,,,,,,,,,,,,,,,,,,,,,,,,,,,,,,,,,,,,,,,,,,,,,,,,,,,,,,,,,,,,4184,渡邊 雄一郎,90期,大阪,大阪,40,A1,,0,0,0.17,7.24,57.0,76.0,6.63,50.0,81.2,0,33,,,0,11,31.3,38.1,4,5,5,5,0.13,4,12,2,3,0.09,2,,,,,,,,,,,,,,,,,,,,,,,,,,,,,,,,,,,,,,,,,,,,,,,,,,,,,,,,,,,,,4515,藤田 浩人,102期,佐賀,佐賀,40,A2,,0,0,0.17,5.62,33.8,60.7,5.91,41.4,58.5,0,24,,,0,44,35.0,54.7,7,,,,,,11,1,1,0.16,2,,,,,,,,,,,,,,,,,,,,,,,,,,,,,,,,,,,,,,,,,,,,,,,,,,,,,,,,,,,,,3964,宮地 博士,82期,長崎,長崎,47,B1,,0,0,0.2,3.53,10.6,26.6,4.39,15.1,36.3,0,4,,,0,37,36.3,57.8,,4,5,5,0.19,4,8,1,1,0.11,2,,,,,,,,,,,,,,,,,,,,,,,,,,,,,,,,,,,,,,,,,,,,,,,,,,,,,,,,,,,,,5131,江藤 敦宏,126期,福岡,福岡,27,B1,,0,0,0.18,3.96,17.2,30.1,3.83,16.6,22.2,0,27,,,0,4,22.8,34.2,5,4,4,4,0.32,5,,,,,,,,,,,,,,,,,,,,,,,,,,,,,,,,,,,,,,,,,,,,,,,,,,,,,,,,,,,,,,,,,,3703,鳥飼 眞,74期,福岡,福岡,52,A2,,0,0,0.18,5.94,43.6,62.1,5.46,37.7,50.8,0,26,,,0,53,34.7,50.8,6,,,,,,7,2,2,0.13,3,,,,,,,,,,,,,,,,,,,,,,,,,,,,,,,,,,,,,,,,,,,,,,,,,,,,,,,,,,,,
202609172312,2026-09-17,23,12R,3946,赤岩 善生,82期,愛知,愛知,50,A1,,1,0,0.15,7.26,56.3,71.4,7.23,61.2,70.9,0,18,,,0,45,25.8,44.8,8,7,3,3,0.09,2,12,1,2,0.08,1,,,,,,,,,,,,,,,,,,,,,,,,,,,,,,,,,,,,,,,,,,,,,,,,,,,,,,,,,,,,,4435,服部 達哉,100期,愛知,愛知,40,A2,,0,0,0.18,5.38,35.3,51.5,4.91,25.5,46.5,0,23,,,0,39,34.7,44.0,6,6,5,5,0.15,3,,,,,,,,,,,,,,,,,,,,,,,,,,,,,,,,,,,,,,,,,,,,,,,,,,,,,,,,,,,,,,,,,,3484,芝田 浩治,66期,兵庫,兵庫,54,A2,,0,0,0.17,5.89,45.6,61.1,6.43,42.8,75.0,0,34,,,0,60,28.8,41.5,4,1,1,1,0.03,1,11,2,2,0.17,1,,,,,,,,,,,,,,,,,,,,,,,,,,,,,,,,,,,,,,,,,,,,,,,,,,,,,,,,,,,,,4086,寺本 重宣,87期,東京,神奈川,46,A2,,0,0,0.15,5.97,39.8,57.6,6.73,53.3,66.6,0,31,,,0,2,43.7,56.3,5,,,,,,9,3,3,0.08,5,,,,,,,,,,,,,,,,,,,,,,,,,,,,,,,,,,,,,,,,,,,,,,,,,,,,,,,,,,,,,3445,加藤 高史,65期,埼玉,東京,56,B1,,0,0,0.18,5.04,32.5,48.1,4.39,33.3,38.8,0,12,,,0,51,34.4,54.6,3,4,3,3,0.35,3,9,1,1,0.11,2,,,,,,,,,,,,,,,,,,,,,,,,,,,,,,,,,,,,,,,,,,,,,,,,,,,,,,,,,,,,,4934,佐々木 翔斗,118期,大阪,大阪,30,A2,,0,0,0.17,5.42,33.7,52.1,4.79,26.3,42.1,0,38,,,0,27,27.2,41.3,7,3,1,1,0.14,2,7,5,5,0.19,1,,,,,,,,,,,,,,,,,,,,,,,,,,,,,,,,,,,,,,,,,,,,,,,,,,,,,,,,,,,,
202609172401,2026-09-17,24,01R,3406,中里 英夫,64期,群馬,栃木,58,B1,,0,0,0.19,5.53,34.1,54.7,5.56,33.3,55.5,0,77,26.3,39.4,0,24,37.1,55.7,11,,,,,,,,,,,,,,,,,,,,,,,,,,,,,,,,,,,,,,,,,,,,,,,,,,,,,,,,,,,,,,,,,,,,,,,5198,奥村 明日香,128期,福岡,福岡,24,B1,,0,0,0.2,5.74,42.6,55.7,4.28,11.1,44.4,0,39,27.2,43.9,0,67,39.1,50.7,7,,,,,,,,,,,,,,,,,,,,,,,,,,,,,,,,,,,,,,,,,,,,,,,,,,,,,,,,,,,,,,,,,,,,,,,4293,鈴木 智啓,94期,愛知,愛知,41,B1,,0,0,0.18,4.86,26.6,47.7,4.1,23.0,33.3,0,75,27.1,41.4,0,14,38.4,55.3,9,,,,,,,,,,,,,,,,,,,,,,,,,,,,,,,,,,,,,,,,,,,,,,,,,,,,,,,,,,,,,,,,,,,,,,,4895,門間 雄大,117期,東京,北海道,35,A2,,1,0,0.15,5.0,23.4,51.0,6.08,33.3,54.1,0,68,33.3,40.5,0,22,14.5,27.2,6,,,,,,,,,,,,,,,,,,,,,,,,,,,,,,,,,,,,,,,,,,,,,,,,,,,,,,,,,,,,,,,,,,,,,,,5060,数原 魁,123期,兵庫,兵庫,29,A2,,0,0,0.17,5.89,39.8,59.2,5.48,31.0,51.7,0,37,47.1,65.7,0,52,24.0,38.8,10,,,,,,,,,,,,,,,,,,,,,,,,,,,,,,,,,,,,,,,,,,,,,,,,,,,,,,,,,,,,,,,,,,,,,,,3976,内田 圭,83期,山口,山口,49,B1,,0,0,0.17,3.88,21.1,31.1,3.09,15.1,21.2,0,21,20.0,38.4,0,83,24.4,30.6,8,,,,,,,,,,,,,,,,,,,,,,,,,,,,,,,,,,,,,,,,,,,,,,,,,,,,,,,,,,,,,,,,,,,,,,
202609172402,2026-09-17,24,02R,4299,中島 浩哉,95期,長崎,長崎,43,B1,,0,0,0.15,4.53,21.9,43.8,4.93,28.8,50.9,0,79,27.8,44.2,0,47,37.1,55.7,,,,,,,,,,,,,,,,,,,,,,,,,,,,,,,,,,,,,,,,,,,,,,,,,,,,,,,,,,,,,,,,,,,,,,,,4984,森下 愛梨,120期,静岡,静岡,29,B1,,0,0,0.21,4.71,27.1,41.3,5.24,27.5,51.7,0,74,37.3,49.3,0,30,16.3,22.4,7,,,,,,,,,,,,,,,,,,,,,,,,,,,,,,,,,,,,,,,,,,,,,,,,,,,,,,,,,,,,,,,,,,,,,,,5161,登玉 隼百,127期,兵庫,兵庫,27,A2,,0,0,0.15,5.83,43.1,58.8,5.3,39.3,45.4,0,38,43.8,63.0,0,86,26.4,41.5,11,,,,,,,,,,,,,,,,,,,,,,,,,,,,,,,,,,,,,,,,,,,,,,,,,,,,,,,,,,,,,,,,,,,,,,,3419,栗原 謙治,64期,群馬,群馬,56,B2,,0,0,0.22,2.11,0.0,5.5,0.0,0.0,0.0,0,16,47.3,63.1,0,21,27.7,40.7,8,,,,,,,,,,,,,,,,,,,,,,,,,,,,,,,,,,,,,,,,,,,,,,,,,,,,,,,,,,,,,,,,,,,,,,,4350,篠崎 元志,96期,福岡,福岡,40,A1,,0,0,0.13,8.02,64.5,79.8,6.89,39.4,57.8,0,17,39.1,62.3,0,66,35.7,55.7,12,,,,,,,,,,,,,,,,,,,,,,,,,,,,,,,,,,,,,,,,,,,,,,,,,,,,,,,,,,,,,,,,,,,,,,,3878,胡本 悟志,79期,山口,山口,49,B1,,0,0,0.17,4.24,17.6,34.1,4.39,21.0,42.1,0,67,15.8,36.5,0,81,38.0,59.1,10,,,,,,,,,,,,,,,,,,,,,,,,,,,,,,,,,,,,,,,,,,,,,,,,,,,,,,,,,,,,,,,,,,,,,,
202609172403,2026-09-17,24,03R,3920,正木 聖賢,81期,広島,広島,51,B1,,0,0,0.17,4.57,30.0,38.3,5.97,50.0,58.8,0,15,15.3,26.1,0,19,31.8,53.6,9,,,,,,,,,,,,,,,,,,,,,,,,,,,,,,,,,,,,,,,,,,,,,,,,,,,,,,,,,,,,,,,,,,,,,,,4457,神田 達也,101期,愛知,愛知,40,B1,,1,0,0.16,4.43,24.6,40.5,4.33,22.2,33.3,0,33,34.3,58.2,0,61,16.3,28.5,8,,,,,,,,,,,,,,,,,,,,,,,,,,,,,,,,,,,,,,,,,,,,,,,,,,,,,,,,,,,,,,,,,,,,,,,4815,伏島 祐介,114期,東京,栃木,36,B1,,0,0,0.2,3.76,18.3,28.5,2.86,4.7,23.8,0,44,50.0,69.2,0,28,31.4,48.1,,,,,,,,,,,,,,,,,,,,,,,,,,,,,,,,,,,,,,,,,,,,,,,,,,,,,,,,,,,,,,,,,,,,,,,,3265,今村 暢孝,59期,福岡,福岡,61,A2,,1,0,0.15,5.99,42.3,60.8,6.93,60.4,69.7,0,52,36.0,50.6,0,64,38.5,52.8,10,,,,,,,,,,,,,,,,,,,,,,,,,,,,,,,,,,,,,,,,,,,,,,,,,,,,,,,,,,,,,,,,,,,,,,,5010,宇留田 翔平,121期,三重,三重,29,A2,,1,0,0.14,5.53,37.2,59.0,5.25,25.0,50.0,0,53,34.8,40.9,0,80,25.0,51.9,11,,,,,,,,,,,,,,,,,,,,,,,,,,,,,,,,,,,,,,,,,,,,,,,,,,,,,,,,,,,,,,,,,,,,,,,3944,山口 裕二,81期,長崎,佐賀,47,A1,,1,0,0.17,5.9,40.7,60.4,5.83,41.2,57.4,0,80,28.5,50.7,0,70,38.8,65.6,12,,,,,,,,,,,,,,,,,,,,,,,,,,,,,,,,,,,,,,,,,,,,,,,,,,,,,,,,,,,,,,,,,,,,,,
202609172404,2026-09-17,24,04R,4471,新田 泰章,101期,広島,広島,39,A1,,0,0,0.15,6.46,49.2,63.9,6.71,45.1,64.5,0,35,14.7,34.4,0,53,25.0,46.1,12,,,,,,,,,,,,,,,,,,,,,,,,,,,,,,,,,,,,,,,,,,,,,,,,,,,,,,,,,,,,,,,,,,,,,,,4224,大橋 栄里佳,92期,福岡,福岡,44,B1,,1,0,0.2,4.67,23.6,42.7,6.89,55.5,55.5,0,18,21.5,35.3,0,65,30.3,44.6,,,,,,,,,,,,,,,,,,,,,,,,,,,,,,,,,,,,,,,,,,,,,,,,,,,,,,,,,,,,,,,,,,,,,,,,4743,木村 仁紀,111期,滋賀,京都,34,A1,,0,0,0.14,6.31,40.4,60.2,0.0,0.0,0.0,0,50,19.3,32.2,0,11,42.8,67.1,10,,,,,,,,,,,,,,,,,,,,,,,,,,,,,,,,,,,,,,,,,,,,,,,,,,,,,,,,,,,,,,,,,,,,,,,4754,松尾 充,112期,三重,三重,38,A2,,0,0,0.15,6.47,45.5,65.4,6.24,47.0,58.8,0,32,26.9,41.2,0,41,16.3,32.6,9,,,,,,,,,,,,,,,,,,,,,,,,,,,,,,,,,,,,,,,,,,,,,,,,,,,,,,,,,,,,,,,,,,,,,,,5147,田中 勇輔,127期,埼玉,埼玉,32,B1,,1,0,0.14,4.38,20.8,39.5,3.77,15.3,26.9,0,31,35.3,52.3,0,39,30.8,39.7,11,,,,,,,,,,,,,,,,,,,,,,,,,,,,,,,,,,,,,,,,,,,,,,,,,,,,,,,,,,,,,,,,,,,,,,,4041,小林 基樹,85期,山口,山口,47,B1,,1,0,0.21,3.97,17.2,36.5,3.95,19.0,33.3,0,25,30.5,50.0,0,13,20.3,38.8,,,,,,,,,,,,,,,,,,,,,,,,,,,,,,,,,,,,,,,,,,,,,,,,,,,,,,,,,,,,,,,,,,,,,,,
202609172405,2026-09-17,24,05R,3776,横井 健太,76期,愛知,愛知,51,B1,,0,0,0.2,3.15,9.5,22.3,3.29,7.8,18.4,0,40,30.5,45.8,0,23,25.0,34.6,,,,,,,,,,,,,,,,,,,,,,,,,,,,,,,,,,,,,,,,,,,,,,,,,,,,,,,,,,,,,,,,,,,,,,,,5154,村松 栄太,127期,広島,広島,30,B1,,0,0,0.18,4.57,25.9,38.8,5.85,37.0,62.9,0,76,31.8,49.2,0,68,35.3,47.6,,,,,,,,,,,,,,,,,,,,,,,,,,,,,,,,,,,,,,,,,,,,,,,,,,,,,,,,,,,,,,,,,,,,,,,,4514,上條 嘉嗣,102期,大阪,大阪,36,A1,,0,0,0.19,6.43,52.9,66.9,6.56,46.8,75.0,0,45,46.0,69.7,0,73,40.9,59.0,12,,,,,,,,,,,,,,,,,,,,,,,,,,,,,,,,,,,,,,,,,,,,,,,,,,,,,,,,,,,,,,,,,,,,,,,4549,小林 文彦,104期,福岡,福岡,38,A2,,0,0,0.19,6.15,43.4,63.6,5.45,36.3,57.5,0,24,42.6,60.2,0,78,27.7,46.3,11,,,,,,,,,,,,,,,,,,,,,,,,,,,,,,,,,,,,,,,,,,,,,,,,,,,,,,,,,,,,,,,,,,,,,,,5020,宮村 勇哉,122期,三重,三重,34,B1,,0,0,0.18,5.0,31.0,49.0,0.0,0.0,0.0,0,64,23.4,42.1,0,43,37.1,55.7,10,,,,,,,,,,,,,,,,,,,,,,,,,,,,,,,,,,,,,,,,,,,,,,,,,,,,,,,,,,,,,,,,,,,,,,,4676,後藤 隼之,109期,東京,東京,38,A2,,1,0,0.17,5.04,22.8,53.2,5.56,33.3,44.4,0,78,28.5,47.1,0,29,38.4,55.3,,,,,,,,,,,,,,,,,,,,,,,,,,,,,,,,,,,,,,,,,,,,,,,,,,,,,,,,,,,,,,,,,,,,,,,
202609172406,2026-09-17,24,06R,4512,高野 哲史,102期,兵庫,兵庫,37,A1,,0,0,0.15,6.84,57.0,69.7,7.53,65.6,84.3,0,13,38.0,53.5,0,85,32.8,50.7,12,,,,,,,,,,,,,,,,,,,,,,,,,,,,,,,,,,,,,,,,,,,,,,,,,,,,,,,,,,,,,,,,,,,,,,,5174,川井 萌,127期,静岡,静岡,24,B2,,1,0,0.19,5.16,25.3,49.3,0.0,0.0,0.0,0,26,33.8,51.4,0,16,25.0,35.7,10,,,,,,,,,,,,,,,,,,,,,,,,,,,,,,,,,,,,,,,,,,,,,,,,,,,,,,,,,,,,,,,,,,,,,,,4219,本岡 勝利,92期,広島,広島,44,B1,,1,0,0.19,3.87,9.3,25.3,2.71,5.8,11.7,0,14,31.1,58.4,0,69,37.1,57.1,,,,,,,,,,,,,,,,,,,,,,,,,,,,,,,,,,,,,,,,,,,,,,,,,,,,,,,,,,,,,,,,,,,,,,,,4958,溝口 海義也,119期,福岡,福岡,31,A1,,0,0,0.13,6.27,42.4,65.9,6.67,47.8,67.3,0,47,36.7,54.4,0,46,34.8,46.9,11,,,,,,,,,,,,,,,,,,,,,,,,,,,,,,,,,,,,,,,,,,,,,,,,,,,,,,,,,,,,,,,,,,,,,,,5006,久保原 秀人,121期,群馬,群馬,30,B1,,0,0,0.2,2.66,7.6,16.3,4.11,22.2,33.3,0,56,34.7,63.8,0,27,31.8,52.1,,,,,,,,,,,,,,,,,,,,,,,,,,,,,,,,,,,,,,,,,,,,,,,,,,,,,,,,,,,,,,,,,,,,,,,,4895,門間 雄大,117期,東京,北海道,35,A2,,1,0,0.15,5.0,23.4,51.0,6.08,33.3,54.1,0,68,33.3,40.5,0,22,14.5,27.2,1,,,,,,,,,,,,,,,,,,,,,,,,,,,,,,,,,,,,,,,,,,,,,,,,,,,,,,,,,,,,,,,,,,,,,,
202609172407,2026-09-17,24,07R,4885,大山 千広,116期,福岡,福岡,30,A2,,0,0,0.15,7.29,58.2,75.9,0.0,0.0,0.0,0,49,32.8,53.7,0,72,32.3,52.3,12,,,,,,,,,,,,,,,,,,,,,,,,,,,,,,,,,,,,,,,,,,,,,,,,,,,,,,,,,,,,,,,,,,,,,,,4998,中村 かなえ,121期,東京,東京,33,B2,,0,0,0.14,4.99,34.7,45.8,4.56,33.3,33.3,0,46,31.4,40.0,0,45,28.5,40.0,,,,,,,,,,,,,,,,,,,,,,,,,,,,,,,,,,,,,,,,,,,,,,,,,,,,,,,,,,,,,,,,,,,,,,,,4243,西村 歩,92期,大阪,大阪,40,B1,,1,0,0.18,5.64,40.6,59.3,5.84,45.1,61.2,0,55,37.8,52.7,0,84,34.9,44.4,,,,,,,,,,,,,,,,,,,,,,,,,,,,,,,,,,,,,,,,,,,,,,,,,,,,,,,,,,,,,,,,,,,,,,,,5198,奥村 明日香,128期,福岡,福岡,24,B1,,0,0,0.2,5.74,42.6,55.7,4.28,11.1,44.4,0,39,27.2,43.9,0,67,39.1,50.7,1,,,,,,,,,,,,,,,,,,,,,,,,,,,,,,,,,,,,,,,,,,,,,,,,,,,,,,,,,,,,,,,,,,,,,,,4984,森下 愛梨,120期,静岡,静岡,29,B1,,0,0,0.21,4.71,27.1,41.3,5.24,27.5,51.7,0,74,37.3,49.3,0,30,16.3,22.4,2,,,,,,,,,,,,,,,,,,,,,,,,,,,,,,,,,,,,,,,,,,,,,,,,,,,,,,,,,,,,,,,,,,,,,,,5314,中曽 瑠華,133期,東京,千葉,26,B1,,0,0,0.19,3.27,10.2,22.7,3.25,0.0,25.0,0,66,26.4,47.0,0,50,46.1,61.5,,,,,,,,,,,,,,,,,,,,,,,,,,,,,,,,,,,,,,,,,,,,,,,,,,,,,,,,,,,,,,,,,,,,,,,
202609172408,2026-09-17,24,08R,4788,小池 哲也,113期,大阪,大阪,37,A2,,0,0,0.16,5.41,31.6,53.3,5.63,33.3,46.6,0,71,24.2,39.3,0,26,24.0,48.1,,,,,,,,,,,,,,,,,,,,,,,,,,,,,,,,,,,,,,,,,,,,,,,,,,,,,,,,,,,,,,,,,,,,,,,,5035,櫻井 優,122期,埼玉,埼玉,28,A2,,0,0,0.17,5.48,37.7,55.2,4.86,18.1,54.5,0,51,24.6,40.0,0,63,26.7,46.4,,,,,,,,,,,,,,,,,,,,,,,,,,,,,,,,,,,,,,,,,,,,,,,,,,,,,,,,,,,,,,,,,,,,,,,,4457,神田 達也,101期,愛知,愛知,40,B1,,1,0,0.16,4.43,24.6,40.5,4.33,22.2,33.3,0,33,34.3,58.2,0,61,16.3,28.5,3,,,,,,,,,,,,,,,,,,,,,,,,,,,,,,,,,,,,,,,,,,,,,,,,,,,,,,,,,,,,,,,,,,,,,,,3976,内田 圭,83期,山口,山口,49,B1,,0,0,0.17,3.88,21.1,31.1,3.09,15.1,21.2,0,21,20.0,38.4,0,83,24.4,30.6,1,,,,,,,,,,,,,,,,,,,,,,,,,,,,,,,,,,,,,,,,,,,,,,,,,,,,,,,,,,,,,,,,,,,,,,,3419,栗原 謙治,64期,群馬,群馬,56,B2,,0,0,0.22,2.11,0.0,5.5,0.0,0.0,0.0,0,16,47.3,63.1,0,21,27.7,40.7,2,,,,,,,,,,,,,,,,,,,,,,,,,,,,,,,,,,,,,,,,,,,,,,,,,,,,,,,,,,,,,,,,,,,,,,,4121,富永 修一,88期,福岡,福岡,44,A2,,0,0,0.14,5.85,42.3,55.4,5.79,47.3,57.8,0,72,21.8,39.0,0,74,35.8,56.6,,,,,,,,,,,,,,,,,,,,,,,,,,,,,,,,,,,,,,,,,,,,,,,,,,,,,,,,,,,,,,,,,,,,,,,
202609172409,2026-09-17,24,09R,4754,松尾 充,112期,三重,三重,38,A2,,0,0,0.15,6.47,45.5,65.4,6.24,47.0,58.8,0,32,26.9,41.2,0,41,16.3,32.6,4,,,,,,,,,,,,,,,,,,,,,,,,,,,,,,,,,,,,,,,,,,,,,,,,,,,,,,,,,,,,,,,,,,,,,,,5157,市川 健太,127期,滋賀,京都,28,B1,,0,0,0.17,4.51,29.9,42.0,0.0,0.0,0.0,0,11,13.8,29.2,0,44,29.5,47.5,,,,,,,,,,,,,,,,,,,,,,,,,,,,,,,,,,,,,,,,,,,,,,,,,,,,,,,,,,,,,,,,,,,,,,,,4177,萬 正嗣,90期,群馬,宮城,43,B1,,0,0,0.17,4.4,28.4,40.7,6.44,55.5,77.7,0,61,38.3,49.3,0,18,22.8,45.6,,,,,,,,,,,,,,,,,,,,,,,,,,,,,,,,,,,,,,,,,,,,,,,,,,,,,,,,,,,,,,,,,,,,,,,,3920,正木 聖賢,81期,広島,広島,51,B1,,0,0,0.17,4.57,30.0,38.3,5.97,50.0,58.8,0,15,15.3,26.1,0,19,31.8,53.6,3,,,,,,,,,,,,,,,,,,,,,,,,,,,,,,,,,,,,,,,,,,,,,,,,,,,,,,,,,,,,,,,,,,,,,,,4293,鈴木 智啓,94期,愛知,愛知,41,B1,,0,0,0.18,4.86,26.6,47.7,4.1,23.0,33.3,0,75,27.1,41.4,0,14,38.4,55.3,1,,,,,,,,,,,,,,,,,,,,,,,,,,,,,,,,,,,,,,,,,,,,,,,,,,,,,,,,,,,,,,,,,,,,,,,4379,桑島 和宏,98期,東京,千葉,42,A2,,0,0,0.16,6.0,35.3,62.0,5.58,41.6,54.1,0,30,19.7,33.3,0,58,30.1,49.2,,,,,,,,,,,,,,,,,,,,,,,,,,,,,,,,,,,,,,,,,,,,,,,,,,,,,,,,,,,,,,,,,,,,,,,
202609172410,2026-09-17,24,10R,3265,今村 暢孝,59期,福岡,福岡,61,A2,,1,0,0.15,5.99,42.3,60.8,6.93,60.4,69.7,0,52,36.0,50.6,0,64,38.5,52.8,3,,,,,,,,,,,,,,,,,,,,,,,,,,,,,,,,,,,,,,,,,,,,,,,,,,,,,,,,,,,,,,,,,,,,,,,5020,宮村 勇哉,122期,三重,三重,34,B1,,0,0,0.18,5.0,31.0,49.0,0.0,0.0,0.0,0,64,23.4,42.1,0,43,37.1,55.7,5,,,,,,,,,,,,,,,,,,,,,,,,,,,,,,,,,,,,,,,,,,,,,,,,,,,,,,,,,,,,,,,,,,,,,,,5060,数原 魁,123期,兵庫,兵庫,29,A2,,0,0,0.17,5.89,39.8,59.2,5.48,31.0,51.7,0,37,47.1,65.7,0,52,24.0,38.8,1,,,,,,,,,,,,,,,,,,,,,,,,,,,,,,,,,,,,,,,,,,,,,,,,,,,,,,,,,,,,,,,,,,,,,,,3878,胡本 悟志,79期,山口,山口,49,B1,,0,0,0.17,4.24,17.6,34.1,4.39,21.0,42.1,0,67,15.8,36.5,0,81,38.0,59.1,2,,,,,,,,,,,,,,,,,,,,,,,,,,,,,,,,,,,,,,,,,,,,,,,,,,,,,,,,,,,,,,,,,,,,,,,5174,川井 萌,127期,静岡,静岡,24,B2,,1,0,0.19,5.16,25.3,49.3,0.0,0.0,0.0,0,26,33.8,51.4,0,16,25.0,35.7,6,,,,,,,,,,,,,,,,,,,,,,,,,,,,,,,,,,,,,,,,,,,,,,,,,,,,,,,,,,,,,,,,,,,,,,,4743,木村 仁紀,111期,滋賀,京都,34,A1,,0,0,0.14,6.31,40.4,60.2,0.0,0.0,0.0,0,50,19.3,32.2,0,11,42.8,67.1,4,,,,,,,,,,,,,,,,,,,,,,,,,,,,,,,,,,,,,,,,,,,,,,,,,,,,,,,,,,,,,,,,,,,,,,
202609172411,2026-09-17,24,11R,4958,溝口 海義也,119期,福岡,福岡,31,A1,,0,0,0.13,6.27,42.4,65.9,6.67,47.8,67.3,0,47,36.7,54.4,0,46,34.8,46.9,6,,,,,,,,,,,,,,,,,,,,,,,,,,,,,,,,,,,,,,,,,,,,,,,,,,,,,,,,,,,,,,,,,,,,,,,5147,田中 勇輔,127期,埼玉,埼玉,32,B1,,1,0,0.14,4.38,20.8,39.5,3.77,15.3,26.9,0,31,35.3,52.3,0,39,30.8,39.7,4,,,,,,,,,,,,,,,,,,,,,,,,,,,,,,,,,,,,,,,,,,,,,,,,,,,,,,,,,,,,,,,,,,,,,,,5010,宇留田 翔平,121期,三重,三重,29,A2,,1,0,0.14,5.53,37.2,59.0,5.25,25.0,50.0,0,53,34.8,40.9,0,80,25.0,51.9,3,,,,,,,,,,,,,,,,,,,,,,,,,,,,,,,,,,,,,,,,,,,,,,,,,,,,,,,,,,,,,,,,,,,,,,,3406,中里 英夫,64期,群馬,栃木,58,B1,,0,0,0.19,5.53,34.1,54.7,5.56,33.3,55.5,0,77,26.3,39.4,0,24,37.1,55.7,1,,,,,,,,,,,,,,,,,,,,,,,,,,,,,,,,,,,,,,,,,,,,,,,,,,,,,,,,,,,,,,,,,,,,,,,5161,登玉 隼百,127期,兵庫,兵庫,27,A2,,0,0,0.15,5.83,43.1,58.8,5.3,39.3,45.4,0,38,43.8,63.0,0,86,26.4,41.5,2,,,,,,,,,,,,,,,,,,,,,,,,,,,,,,,,,,,,,,,,,,,,,,,,,,,,,,,,,,,,,,,,,,,,,,,4549,小林 文彦,104期,福岡,福岡,38,A2,,0,0,0.19,6.15,43.4,63.6,5.45,36.3,57.5,0,24,42.6,60.2,0,78,27.7,46.3,5,,,,,,,,,,,,,,,,,,,,,,,,,,,,,,,,,,,,,,,,,,,,,,,,,,,,,,,,,,,,,,,,,,,,,,
202609172412,2026-09-17,24,12R,4350,篠崎 元志,96期,福岡,福岡,40,A1,,0,0,0.13,8.02,64.5,79.8,6.89,39.4,57.8,0,17,39.1,62.3,0,66,35.7,55.7,2,,,,,,,,,,,,,,,,,,,,,,,,,,,,,,,,,,,,,,,,,,,,,,,,,,,,,,,,,,,,,,,,,,,,,,,3944,山口 裕二,81期,長崎,佐賀,47,A1,,1,0,0.17,5.9,40.7,60.4,5.83,41.2,57.4,0,80,28.5,50.7,0,70,38.8,65.6,3,,,,,,,,,,,,,,,,,,,,,,,,,,,,,,,,,,,,,,,,,,,,,,,,,,,,,,,,,,,,,,,,,,,,,,,4885,大山 千広,116期,福岡,福岡,30,A2,,0,0,0.15,7.29,58.2,75.9,0.0,0.0,0.0,0,49,32.8,53.7,0,72,32.3,52.3,7,,,,,,,,,,,,,,,,,,,,,,,,,,,,,,,,,,,,,,,,,,,,,,,,,,,,,,,,,,,,,,,,,,,,,,,4512,高野 哲史,102期,兵庫,兵庫,37,A1,,0,0,0.15,6.84,57.0,69.7,7.53,65.6,84.3,0,13,38.0,53.5,0,85,32.8,50.7,6,,,,,,,,,,,,,,,,,,,,,,,,,,,,,,,,,,,,,,,,,,,,,,,,,,,,,,,,,,,,,,,,,,,,,,,4471,新田 泰章,101期,広島,広島,39,A1,,0,0,0.15,6.46,49.2,63.9,6.71,45.1,64.5,0,35,14.7,34.4,0,53,25.0,46.1,4,,,,,,,,,,,,,,,,,,,,,,,,,,,,,,,,,,,,,,,,,,,,,,,,,,,,,,,,,,,,,,,,,,,,,,,4514,上條 嘉嗣,102期,大阪,大阪,36,A1,,0,0,0.19,6.43,52.9,66.9,6.56,46.8,75.0,0,45,46.0,69.7,0,73,40.9,59.0,5,,,,,,,,,,,,,,,,,,,,,,,,,,,,,,,,,,,,,,,,,,,,,,,,,,,,,,,,,,,,,,,,,,,,,,
