レースコード,レース日,レース場コード,レース回,艇1_登録番号,艇1_選手名,艇1_前1節_開始日,艇1_前1節_終了日,艇1_前1節_場コード,艇1_前1節_場名,艇1_前1節_グレード,艇1_前1節_着順列,艇1_前2節_開始日,艇1_前2節_終了日,艇1_前2節_場コード,艇1_前2節_場名,艇1_前2節_グレード,艇1_前2節_着順列,艇1_前3節_開始日,艇1_前3節_終了日,艇1_前3節_場コード,艇1_前3節_場名,艇1_前3節_グレード,艇1_前3節_着順列,艇1_前4節_開始日,艇1_前4節_終了日,艇1_前4節_場コード,艇1_前4節_場名,艇1_前4節_グレード,艇1_前4節_着順列,艇1_前5節_開始日,艇1_前5節_終了日,艇1_前5節_場コード,艇1_前5節_場名,艇1_前5節_グレード,艇1_前5節_着順列,艇2_登録番号,艇2_選手名,艇2_前1節_開始日,艇2_前1節_終了日,艇2_前1節_場コード,艇2_前1節_場名,艇2_前1節_グレード,艇2_前1節_着順列,艇2_前2節_開始日,艇2_前2節_終了日,艇2_前2節_場コード,艇2_前2節_場名,艇2_前2節_グレード,艇2_前2節_着順列,艇2_前3節_開始日,艇2_前3節_終了日,艇2_前3節_場コード,艇2_前3節_場名,艇2_前3節_グレード,艇2_前3節_着順列,艇2_前4節_開始日,艇2_前4節_終了日,艇2_前4節_場コード,艇2_前4節_場名,艇2_前4節_グレード,艇2_前4節_着順列,艇2_前5節_開始日,艇2_前5節_終了日,艇2_前5節_場コード,艇2_前5節_場名,艇2_前5節_グレード,艇2_前5節_着順列,艇3_登録番号,艇3_選手名,艇3_前1節_開始日,艇3_前1節_終了日,艇3_前1節_場コード,艇3_前1節_場名,艇3_前1節_グレード,艇3_前1節_着順列,艇3_前2節_開始日,艇3_前2節_終了日,艇3_前2節_場コード,艇3_前2節_場名,艇3_前2節_グレード,艇3_前2節_着順列,艇3_前3節_開始日,艇3_前3節_終了日,艇3_前3節_場コード,艇3_前3節_場名,艇3_前3節_グレード,艇3_前3節_着順列,艇3_前4節_開始日,艇3_前4節_終了日,艇3_前4節_場コード,艇3_前4節_場名,艇3_前4節_グレード,艇3_前4節_着順列,艇3_前5節_開始日,艇3_前5節_終了日,艇3_前5節_場コード,艇3_前5節_場名,艇3_前5節_グレード,艇3_前5節_着順列,艇4_登録番号,艇4_選手名,艇4_前1節_開始日,艇4_前1節_終了日,艇4_前1節_場コード,艇4_前1節_場名,艇4_前1節_グレード,艇4_前1節_着順列,艇4_前2節_開始日,艇4_前2節_終了日,艇4_前2節_場コード,艇4_前2節_場名,艇4_前2節_グレード,艇4_前2節_着順列,艇4_前3節_開始日,艇4_前3節_終了日,艇4_前3節_場コード,艇4_前3節_場名,艇4_前3節_グレード,艇4_前3節_着順列,艇4_前4節_開始日,艇4_前4節_終了日,艇4_前4節_場コード,艇4_前4節_場名,艇4_前4節_グレード,艇4_前4節_着順列,艇4_前5節_開始日,艇4_前5節_終了日,艇4_前5節_場コード,艇4_前5節_場名,艇4_前5節_グレード,艇4_前5節_着順列,艇5_登録番号,艇5_選手名,艇5_前1節_開始日,艇5_前1節_終了日,艇5_前1節_場コード,艇5_前1節_場名,艇5_前1節_グレード,艇5_前1節_着順列,艇5_前2節_開始日,艇5_前2節_終了日,艇5_前2節_場コード,艇5_前2節_場名,艇5_前2節_グレード,艇5_前2節_着順列,艇5_前3節_開始日,艇5_前3節_終了日,艇5_前3節_場コード,艇5_前3節_場名,艇5_前3節_グレード,艇5_前3節_着順列,艇5_前4節_開始日,艇5_前4節_終了日,艇5_前4節_場コード,艇5_前4節_場名,艇5_前4節_グレード,艇5_前4節_着順列,艇5_前5節_開始日,艇5_前5節_終了日,艇5_前5節_場コード,艇5_前5節_場名,艇5_前5節_グレード,艇5_前5節_着順列,艇6_登録番号,艇6_選手名,艇6_前1節_開始日,艇6_前1節_終了日,艇6_前1節_場コード,艇6_前1節_場名,艇6_前1節_グレード,艇6_前1節_着順列,艇6_前2節_開始日,艇6_前2節_終了日,艇6_前2節_場コード,艇6_前2節_場名,艇6_前2節_グレード,艇6_前2節_着順列,艇6_前3節_開始日,艇6_前3節_終了日,艇6_前3節_場コード,艇6_前3節_場名,艇6_前3節_グレード,艇6_前3節_着順列,艇6_前4節_開始日,艇6_前4節_終了日,艇6_前4節_場コード,艇6_前4節_場名,艇6_前4節_グレード,艇6_前4節_着順列,艇6_前5節_開始日,艇6_前5節_終了日,艇6_前5節_場コード,艇6_前5節_場名,艇6_前5節_グレード,艇6_前5節_着順列
202609170401,2026-09-17,04,01R,5022,伊藤 尚汰,2026-09-01,2026-09-05,13,尼崎,一般,３　６６４　３　６５,2026-08-15,2026-08-20,18,徳山,一般,６６１　３６５　５２２,2026-07-31,2026-08-03,20,若松,一般,４６１　３４６２,2026-07-23,2026-07-28,21,芦屋,一般,　　　　　　　　　　４２,2026-07-15,2026-07-21,12,住之江,一般,２　５６５　６６５　１　２１,3857,阿波 勝哉,2026-09-05,2026-09-11,03,江戸川,一般,５４４　２６１　２３２,2026-08-22,2026-08-27,22,福岡,一般,４　４３４５３　４２１１,2026-08-11,2026-08-16,04,平和島,一般,５６２　３　３４２３３,2026-07-20,2026-07-25,15,丸亀,一般,４６１　５５６　４３５,2026-07-07,2026-07-12,20,若松,ＧⅢ,２６３　６５１　１１６６,4082,濱崎 誠,2026-08-29,2026-09-03,16,児島,一般,２　４１３　６６３４２２,2026-07-23,2026-07-28,03,江戸川,ＧⅢ,１　３６３　１３４　３１,2026-07-07,2026-07-12,10,三国,ＧⅢ,１１３２３　５２２３３３,2026-06-24,2026-06-29,03,江戸川,一般,F６４　３４４　５５４,2026-06-16,2026-06-21,09,津,一般,２３１　２５４５１５２６,3107,平岡 重典,2026-09-02,2026-09-07,22,福岡,一般,６　５６２２２３５　４,2026-08-19,2026-08-24,19,下関,一般,３　４１６　１６４５５６,2026-06-07,2026-06-12,09,津,一般,３　４４２　１５４５５４,2026-05-20,2026-05-25,05,多摩川,一般,５６４　５,2026-05-06,2026-05-10,21,芦屋,一般,３　４６５４,4053,芦澤 望,2026-08-31,2026-09-05,20,若松,ＧⅢ,６３３　４１４１,2026-08-21,2026-08-24,07,蒲郡,一般,５　１５２４２１,2026-08-11,2026-08-16,04,平和島,一般,５　２３１　５３４５３３,2026-07-31,2026-08-05,05,多摩川,一般,３５３３１　３３１　４５,2026-07-22,2026-07-25,24,大村,一般,５６２１２６３３,4697,國弘 翔平,2026-09-01,2026-09-05,13,尼崎,一般,３　１２６　２４５２,2026-08-20,2026-08-23,24,大村,一般,１　２４２転３３,2026-08-07,2026-08-12,20,若松,一般,２２４　４２６　５３５３,2026-07-29,2026-08-01,18,徳山,一般,３４６　５　２３,2026-07-16,2026-07-21,11,びわこ,一般,６４２　４５３　２４３２
202609170402,2026-09-17,04,02R,4200,早川 尚人,2026-08-30,2026-09-03,08,常滑,一般,５　５３６４５　６５,2026-08-15,2026-08-20,18,徳山,一般,４　２３５　３４４　５３,2026-07-28,2026-08-02,16,児島,一般,４３５　３３２　６４４２,2026-07-16,2026-07-21,11,びわこ,一般,２４１　２２４４２３４１,2026-07-01,2026-07-06,22,福岡,一般,３　４３３　５５６６４,3876,中辻 崇人,2026-09-04,2026-09-08,07,蒲郡,一般,１６２３２妨１１４５,2026-08-21,2026-08-26,06,浜名湖,一般,６５１　３１５５４６２１,2026-08-10,2026-08-15,21,芦屋,一般,１１１　３４３１１１[６],2026-07-29,2026-08-03,23,からつ,一般,３３１　３１１１４３１１,2026-04-21,2026-04-26,17,宮島,ＧⅠ,４　５５１５２　６３６,3564,桑原 啓,2026-08-31,2026-09-05,20,若松,ＧⅢ,１　２３５　５１２６５２,2026-08-17,2026-08-21,13,尼崎,一般,５４６　１６２　６５,2026-07-31,2026-08-05,06,浜名湖,ＧⅢ,６６５　６　５１６　５２,2026-07-18,2026-07-21,20,若松,一般,４４５　３６２,2026-07-07,2026-07-12,10,三国,ＧⅢ,４　５５５　１５４　１５,5424,熊倉 幹太,2026-08-15,2026-08-20,05,多摩川,一般,６　１６６６６　６　６,2026-08-05,2026-08-10,09,津,一般,６６５　６６６　６　６６,2026-07-27,2026-08-01,09,津,一般,落　６,2026-06-27,2026-07-01,02,戸田,一般,５５５　６　６６６,2026-06-11,2026-06-16,03,江戸川,一般,５　５６６　４４６６５,3963,原田 秀弥,2026-08-31,2026-09-05,18,徳山,一般,２４１２３　３２２２[４],2026-08-13,2026-08-18,12,住之江,一般,１６３　４１２　１３６６,2026-08-04,2026-08-09,10,三国,一般,１１４　２４３４２３３３,2026-07-24,2026-07-27,02,戸田,一般,２３３　２５４２,2026-07-14,2026-07-19,01,桐生,一般,１６６　３３４　１１３４,4880,澤崎 雄哉,2026-09-05,2026-09-11,03,江戸川,一般,２２３　６３５３４　３４,2026-08-22,2026-08-26,20,若松,一般,３４３４１　２３６１,2026-08-11,2026-08-16,01,桐生,一般,４２５　４６６　５　５６,2026-07-31,2026-08-04,13,尼崎,一般,３４５,2026-07-17,2026-07-22,16,児島,ＧⅢ,５　３６３　２１５３３
202609170403,2026-09-17,04,03R,4367,山口 修路,2026-08-31,2026-09-05,18,徳山,一般,６３１　３５５　２２３５,2026-08-20,2026-08-23,23,からつ,一般,５　３５５　３４,2026-08-05,2026-08-10,14,鳴門,一般,３６３　４２２　２３５,2026-07-22,2026-07-26,13,尼崎,一般,６　３５５　５　４５,2026-07-04,2026-07-09,01,桐生,一般,３　１５３６６　１４５２,4180,上野 秀和,2026-09-01,2026-09-05,13,尼崎,一般,１　５５１５５　５１,2026-08-20,2026-08-25,21,芦屋,一般,３６２１２　３３１４５４,2026-08-07,2026-08-11,15,丸亀,一般,１３２５６１１４５４,2026-07-29,2026-08-03,22,福岡,一般,　　　　　　４２２６１５,2026-07-22,2026-07-27,14,鳴門,一般,５　１３３６６４３　４２,5253,藤井 太雅,2026-09-05,2026-09-10,04,平和島,一般,３　３３５　１１１２[４],2026-08-21,2026-08-26,03,江戸川,一般,４　３３１　５４６３４６,2026-08-11,2026-08-16,04,平和島,一般,４　５６３　５４５５４４,2026-07-30,2026-08-04,08,常滑,一般,４２３　４１６　２６４,2026-07-10,2026-07-14,09,津,一般,４落６　４５４　３５,4610,佐藤 大佑,2026-08-31,2026-09-05,18,徳山,一般,１　４４２４２２６６１６,2026-08-20,2026-08-23,23,からつ,一般,２６１６１３４２,2026-08-09,2026-08-15,03,江戸川,一般,５　１１３　３４６　１２,2026-06-30,2026-07-05,16,児島,ＧⅡ,４　６　１１４　３５４３,2026-06-21,2026-06-24,10,三国,一般,２３１　１２[３],5393,藤原 駿,2026-08-26,2026-08-31,11,びわこ,一般,６　６６６　６５４　６６,2026-08-13,2026-08-18,12,住之江,一般,６　６　６６６６F　５,2026-07-15,2026-07-20,18,徳山,一般,６５６　６　落６６　６６,2026-06-25,2026-06-30,13,尼崎,一般,５　６５６　４４６　６,2026-06-17,2026-06-20,07,蒲郡,一般,６６６　６　６４,4422,永井 亮次,2026-08-29,2026-09-03,19,下関,一般,４６１　３６６　６　３６,2026-08-13,2026-08-18,12,住之江,一般,３４１　４　５１３５１５,2026-07-24,2026-07-29,17,宮島,一般,４３５　６５１　４３４,2026-07-12,2026-07-16,05,多摩川,一般,４２転　２１２　３６,2026-06-25,2026-06-29,21,芦屋,一般,２　６６５５４　３５
202609170404,2026-09-17,04,04R,4421,森作 広大,2026-08-30,2026-09-02,21,芦屋,一般,３１５　２６５６,2026-08-11,2026-08-16,04,平和島,一般,５　４３４　６２６　５２,2026-07-29,2026-08-03,23,からつ,一般,４　６６６,2026-07-07,2026-07-12,08,常滑,一般,５４４　５３６　５　１６,2026-06-21,2026-06-24,10,三国,一般,３　６４５　６１,3439,大平 誉史明,2026-09-02,2026-09-06,17,宮島,一般,３２２３１２４１[３],2026-08-20,2026-08-25,21,芦屋,一般,３　４１４６６１３６５６,2026-08-06,2026-08-09,02,戸田,一般,２１３５５　２６,2026-07-28,2026-08-02,16,児島,一般,２２６　３５１２３５３２,2026-07-15,2026-07-20,18,徳山,一般,３４３６２２２　１３１４,5237,永松 良教,2026-08-29,2026-09-03,19,下関,一般,　　　　　　　　　　３３,2026-08-23,2026-08-27,18,徳山,一般,　　　　　　　　４３,2026-08-12,2026-08-17,22,福岡,一般,５　２３３　５４３　１４,2026-08-02,2026-08-05,21,芦屋,一般,３２５　６２１,2026-07-10,2026-07-15,22,福岡,一般,４　４４４　５５２　５５,3105,内山 文典,2026-08-31,2026-09-05,20,若松,ＧⅢ,４５６　２　１３３５１５,2026-08-20,2026-08-23,02,戸田,一般,１　３１６２４４,2026-08-09,2026-08-15,03,江戸川,一般,１　３５５　転欠,2026-07-27,2026-07-31,19,下関,一般,３　３４２５４　２４,2026-07-16,2026-07-21,11,びわこ,一般,２　４２１６１５１６４６,5105,富田 恕生,2026-09-01,2026-09-05,13,尼崎,一般,５５４　４２４　４,2026-08-20,2026-08-23,23,からつ,一般,３５４　５４５２,2026-08-10,2026-08-15,21,芦屋,一般,２５３　１１６　４６４２,2026-07-29,2026-08-03,22,福岡,一般,５５２　２４５２５　５６,2026-07-15,2026-07-21,12,住之江,一般,５６６　４３３６６　５　５３,3915,繁野谷 圭介,2026-09-02,2026-09-07,22,福岡,一般,２　４３１１２２５２[５],2026-08-24,2026-08-28,15,丸亀,一般,１１２５２　５５１５,2026-08-15,2026-08-20,18,徳山,一般,１３２　４２２３２３[６],2026-07-31,2026-08-04,13,尼崎,一般,１　１３５４１４１３,2026-07-07,2026-07-12,10,三国,ＧⅢ,２　１２２３４３１３１６
202609170405,2026-09-17,04,05R,5031,渡辺 空依,2026-09-01,2026-09-04,24,大村,一般,３　５２１　５２,2026-08-19,2026-08-24,19,下関,一般,５２５　６６１　５１３,2026-08-04,2026-08-09,12,住之江,一般,１１５　３３３２３３５１,2026-07-24,2026-07-27,02,戸田,一般,６２６　３　５１,2026-07-11,2026-07-16,03,江戸川,一般,２２４６３　１２１　４１,3771,折下 寛法,2026-09-01,2026-09-04,24,大村,一般,５　１３５４３４,2026-08-19,2026-08-24,19,下関,一般,５１４６６　４４３　３６,2026-08-06,2026-08-09,02,戸田,一般,２５６　４５４１,2026-07-23,2026-07-28,03,江戸川,ＧⅢ,３　５６３　４３４４２２,2026-07-09,2026-07-13,14,鳴門,一般,４３５　３４３　１５,5104,山田 丈,2026-08-31,2026-09-05,18,徳山,一般,１１１　転５欠５２　１２,2026-08-20,2026-08-23,23,からつ,一般,４４２　３４２１,2026-08-07,2026-08-12,20,若松,一般,３３１６１　１６３４１４,2026-07-24,2026-07-27,06,浜名湖,一般,１３３５１１[３],2026-06-17,2026-06-22,24,大村,ＧⅡ,５　６１２　４４５３２,3432,宮迫 暢彦,2026-09-02,2026-09-07,22,福岡,一般,３　４３２６５５５　５,2026-08-15,2026-08-20,11,びわこ,一般,４　６３５３４　５　３４,2026-07-04,2026-07-09,01,桐生,一般,６２４　６６３　５　５３,2026-06-25,2026-06-29,18,徳山,一般,３５落　６　４５６２,2026-06-17,2026-06-20,07,蒲郡,一般,２２３４２６１５,3385,渡邉 睦広,2026-08-21,2026-08-24,07,蒲郡,一般,３３３　３４２５,2026-08-11,2026-08-16,04,平和島,一般,４２１　６５４１１　２４,2026-07-29,2026-08-03,22,福岡,一般,１１５　２４６２１６５６,2026-07-15,2026-07-20,18,徳山,一般,２　２３４４６６４　４１,2026-07-02,2026-07-06,21,芦屋,一般,５　３　１６５１２４,4508,野間 大樹,2026-09-01,2026-09-06,12,住之江,一般,不,2026-08-22,2026-08-27,22,福岡,一般,３３４２５　３１１４３３,2026-07-17,2026-07-20,02,戸田,一般,１２３落,2026-07-07,2026-07-12,08,常滑,一般,５　６１５６転,2026-06-25,2026-06-30,01,桐生,ＧⅢ,４３４　３４２　４４４
202609170406,2026-09-17,04,06R,3904,森 貴洋,2026-09-01,2026-09-06,12,住之江,一般,２２１　３６２　４６３６,2026-08-15,2026-08-20,09,津,一般,３６３　２６６　３　６４,2026-07-29,2026-08-03,22,福岡,一般,２　妨２３２５　３４３４,2026-07-15,2026-07-20,18,徳山,一般,２３２　３５１　５２[６],2026-07-02,2026-07-07,04,平和島,一般,２５５　１５６　５　３５,4651,佐藤 大騎,2026-09-02,2026-09-07,22,福岡,一般,４　１４３２３５２　３,2026-08-17,2026-08-20,20,若松,一般,６５転,2026-08-04,2026-08-09,12,住之江,一般,５　５６４　６６１,2026-07-24,2026-07-27,02,戸田,一般,１　５４２６６２,2026-07-12,2026-07-16,05,多摩川,一般,３　４　３５４５５４,5023,久永 祥平,2026-09-03,2026-09-08,10,三国,一般,３　１３５２４１６４１３,2026-08-22,2026-08-27,08,常滑,ＧⅢ,５２３　５４F　２　４,2026-08-09,2026-08-15,03,江戸川,一般,３　５２２　６６１　３３,2026-07-28,2026-07-31,24,大村,一般,２　２３１１[２],2026-07-15,2026-07-20,18,徳山,一般,６５５　２３４６４　４１,4932,新開 航,2026-09-02,2026-09-07,22,福岡,一般,１１４　１１４１４１[１],2026-08-20,2026-08-23,24,大村,一般,１１３１３１[４],2026-08-07,2026-08-12,20,若松,一般,１２１１１１３　５１[１],2026-07-28,2026-08-02,11,びわこ,ＳＧ,３５４　２　１５１　３５,2026-07-18,2026-07-21,04,平和島,一般,２５４４１１１１,5022,伊藤 尚汰,2026-09-01,2026-09-05,13,尼崎,一般,３　６６４　３　６５,2026-08-15,2026-08-20,18,徳山,一般,６６１　３６５　５２２,2026-07-31,2026-08-03,20,若松,一般,４６１　３４６２,2026-07-23,2026-07-28,21,芦屋,一般,　　　　　　　　　　４２,2026-07-15,2026-07-21,12,住之江,一般,２　５６５　６６５　１　２１,4976,金山 立樹,2026-09-01,2026-09-04,24,大村,一般,４３５　６　４５,2026-08-21,2026-08-24,07,蒲郡,一般,１　２６１３５２,2026-08-09,2026-08-15,03,江戸川,一般,６６２　２５３　３４６,2026-07-29,2026-08-03,23,からつ,一般,５５６　３３２　１　２６,2026-07-17,2026-07-22,16,児島,ＧⅢ,２　５　２３６４６　１４
202609170407,2026-09-17,04,07R,5081,篠原 飛翔,2026-09-02,2026-09-07,22,福岡,一般,４　４３４　５１２２２１,2026-08-22,2026-08-26,20,若松,一般,４２４　３６５６３６,2026-06-26,2026-07-01,17,宮島,一般,４３６５３　４６１　４２,2026-04-29,2026-05-04,22,福岡,一般,１３２　５２転,2026-04-18,2026-04-23,24,大村,一般,４　２２１２２２１４４２,4659,木下 翔太,2026-09-02,2026-09-07,22,福岡,一般,４４３２,2026-08-24,2026-08-29,13,尼崎,一般,１３２１１　１１３２[３],2026-08-13,2026-08-18,12,住之江,一般,２　５２１３４５３４３５,2026-08-06,2026-08-09,02,戸田,一般,１３１１１２[１],2026-07-28,2026-08-02,11,びわこ,ＳＧ,４　１２３　４　３　４２,5209,小野 京平,2026-09-01,2026-09-06,12,住之江,一般,３　５６３　５６５　２３,2026-08-20,2026-08-25,21,芦屋,一般,６　３２５　３２６　３４,2026-08-05,2026-08-10,09,津,一般,６　３６２　６６５　４３,2026-07-24,2026-07-27,02,戸田,一般,１　２２６６５６,2026-07-10,2026-07-15,22,福岡,一般,６　３３４　５５３　３４,5253,藤井 太雅,2026-09-05,2026-09-10,04,平和島,一般,３　３３５　１１１２[４],2026-08-21,2026-08-26,03,江戸川,一般,４　３３１　５４６３４６,2026-08-11,2026-08-16,04,平和島,一般,４　５６３　５４５５４４,2026-07-30,2026-08-04,08,常滑,一般,４２３　４１６　２６４,2026-07-10,2026-07-14,09,津,一般,４落６　４５４　３５,3107,平岡 重典,2026-09-02,2026-09-07,22,福岡,一般,６　５６２２２３５　４,2026-08-19,2026-08-24,19,下関,一般,３　４１６　１６４５５６,2026-06-07,2026-06-12,09,津,一般,３　４４２　１５４５５４,2026-05-20,2026-05-25,05,多摩川,一般,５６４　５,2026-05-06,2026-05-10,21,芦屋,一般,３　４６５４,5424,熊倉 幹太,2026-08-15,2026-08-20,05,多摩川,一般,６　１６６６６　６　６,2026-08-05,2026-08-10,09,津,一般,６６５　６６６　６　６６,2026-07-27,2026-08-01,09,津,一般,落　６,2026-06-27,2026-07-01,02,戸田,一般,５５５　６　６６６,2026-06-11,2026-06-16,03,江戸川,一般,５　５６６　４４６６５
202609170408,2026-09-17,04,08R,3313,本吉 正樹,2026-08-31,2026-09-05,18,徳山,一般,３６５　５　２４５　６５,2026-08-20,2026-08-23,02,戸田,一般,４３４６６　５,2026-08-09,2026-08-15,03,江戸川,一般,１５５　３３５　４４４,2026-07-22,2026-07-25,24,大村,一般,５　４４５　４３,2026-07-11,2026-07-16,03,江戸川,一般,３５４　５２２　１３３６,4421,森作 広大,2026-08-30,2026-09-02,21,芦屋,一般,３１５　２６５６,2026-08-11,2026-08-16,04,平和島,一般,５　４３４　６２６　５２,2026-07-29,2026-08-03,23,からつ,一般,４　６６６,2026-07-07,2026-07-12,08,常滑,一般,５４４　５３６　５　１６,2026-06-21,2026-06-24,10,三国,一般,３　６４５　６１,4200,早川 尚人,2026-08-30,2026-09-03,08,常滑,一般,５　５３６４５　６５,2026-08-15,2026-08-20,18,徳山,一般,４　２３５　３４４　５３,2026-07-28,2026-08-02,16,児島,一般,４３５　３３２　６４４２,2026-07-16,2026-07-21,11,びわこ,一般,２４１　２２４４２３４１,2026-07-01,2026-07-06,22,福岡,一般,３　４３３　５５６６４,3951,石川 吉鎬,2026-08-29,2026-09-03,19,下関,一般,６　５６３　３３５　４５,2026-08-15,2026-08-20,11,びわこ,一般,落　４５１　５３４　３１,2026-07-10,2026-07-14,09,津,一般,２　５５３４３転４,2026-06-26,2026-07-02,24,大村,一般,１　２４１３３５２　５５１３,2026-06-15,2026-06-20,21,芦屋,一般,３４２４６　５１５４１５,4180,上野 秀和,2026-09-01,2026-09-05,13,尼崎,一般,１　５５１５５　５１,2026-08-20,2026-08-25,21,芦屋,一般,３６２１２　３３１４５４,2026-08-07,2026-08-11,15,丸亀,一般,１３２５６１１４５４,2026-07-29,2026-08-03,22,福岡,一般,　　　　　　４２２６１５,2026-07-22,2026-07-27,14,鳴門,一般,５　１３３６６４３　４２,3747,國崎 良春,2026-08-31,2026-09-05,20,若松,ＧⅢ,５２４６３,2026-08-20,2026-08-23,24,大村,一般,１２２１３１[２],2026-08-05,2026-08-10,09,津,一般,３４３　５６１　３２３５,2026-07-24,2026-07-27,06,浜名湖,一般,４３１　１３１２,2026-07-15,2026-07-20,18,徳山,一般,４４１１４５３　２５１５
202609170409,2026-09-17,04,09R,4610,佐藤 大佑,2026-08-31,2026-09-05,18,徳山,一般,１　４４２４２２６６１６,2026-08-20,2026-08-23,23,からつ,一般,２６１６１３４２,2026-08-09,2026-08-15,03,江戸川,一般,５　１１３　３４６　１２,2026-06-30,2026-07-05,16,児島,ＧⅡ,４　６　１１４　３５４３,2026-06-21,2026-06-24,10,三国,一般,２３１　１２[３],3564,桑原 啓,2026-08-31,2026-09-05,20,若松,ＧⅢ,１　２３５　５１２６５２,2026-08-17,2026-08-21,13,尼崎,一般,５４６　１６２　６５,2026-07-31,2026-08-05,06,浜名湖,ＧⅢ,６６５　６　５１６　５２,2026-07-18,2026-07-21,20,若松,一般,４４５　３６２,2026-07-07,2026-07-12,10,三国,ＧⅢ,４　５５５　１５４　１５,4377,濱本 優一,2026-09-02,2026-09-07,22,福岡,一般,１　２６４３１４３４１５,2026-08-22,2026-08-27,08,常滑,ＧⅢ,２４６１６　５５３　１１,2026-08-13,2026-08-18,12,住之江,一般,３　３５２　３１５６３６,2026-07-29,2026-08-03,23,からつ,一般,６６２　３５１６１　４５,2026-07-19,2026-07-23,05,多摩川,一般,３１３４５６２　３４,5104,山田 丈,2026-08-31,2026-09-05,18,徳山,一般,１１１　転５欠５２　１２,2026-08-20,2026-08-23,23,からつ,一般,４４２　３４２１,2026-08-07,2026-08-12,20,若松,一般,３３１６１　１６３４１４,2026-07-24,2026-07-27,06,浜名湖,一般,１３３５１１[３],2026-06-17,2026-06-22,24,大村,ＧⅡ,５　６１２　４４５３２,3105,内山 文典,2026-08-31,2026-09-05,20,若松,ＧⅢ,４５６　２　１３３５１５,2026-08-20,2026-08-23,02,戸田,一般,１　３１６２４４,2026-08-09,2026-08-15,03,江戸川,一般,１　３５５　転欠,2026-07-27,2026-07-31,19,下関,一般,３　３４２５４　２４,2026-07-16,2026-07-21,11,びわこ,一般,２　４２１６１５１６４６,4082,濱崎 誠,2026-08-29,2026-09-03,16,児島,一般,２　４１３　６６３４２２,2026-07-23,2026-07-28,03,江戸川,ＧⅢ,１　３６３　１３４　３１,2026-07-07,2026-07-12,10,三国,ＧⅢ,１１３２３　５２２３３３,2026-06-24,2026-06-29,03,江戸川,一般,F６４　３４４　５５４,2026-06-16,2026-06-21,09,津,一般,２３１　２５４５１５２６
202609170410,2026-09-17,04,10R,5004,河野 主樹,2026-09-02,2026-09-07,22,福岡,一般,１　５４２４２５１　３４,2026-08-24,2026-08-29,13,尼崎,一般,F　３　２　５　２　６３,2026-08-13,2026-08-18,12,住之江,一般,４　２５５　５５４　２４,2026-07-31,2026-08-05,05,多摩川,一般,５１３　１３４,2026-07-21,2026-07-26,23,からつ,一般,２　２５４　３２５６１５,4932,新開 航,2026-09-02,2026-09-07,22,福岡,一般,１１４　１１４１４１[１],2026-08-20,2026-08-23,24,大村,一般,１１３１３１[４],2026-08-07,2026-08-12,20,若松,一般,１２１１１１３　５１[１],2026-07-28,2026-08-02,11,びわこ,ＳＧ,３５４　２　１５１　３５,2026-07-18,2026-07-21,04,平和島,一般,２５４４１１１１,3771,折下 寛法,2026-09-01,2026-09-04,24,大村,一般,５　１３５４３４,2026-08-19,2026-08-24,19,下関,一般,５１４６６　４４３　３６,2026-08-06,2026-08-09,02,戸田,一般,２５６　４５４１,2026-07-23,2026-07-28,03,江戸川,ＧⅢ,３　５６３　４３４４２２,2026-07-09,2026-07-13,14,鳴門,一般,４３５　３４３　１５,3439,大平 誉史明,2026-09-02,2026-09-06,17,宮島,一般,３２２３１２４１[３],2026-08-20,2026-08-25,21,芦屋,一般,３　４１４６６１３６５６,2026-08-06,2026-08-09,02,戸田,一般,２１３５５　２６,2026-07-28,2026-08-02,16,児島,一般,２２６　３５１２３５３２,2026-07-15,2026-07-20,18,徳山,一般,３４３６２２２　１３１４,4367,山口 修路,2026-08-31,2026-09-05,18,徳山,一般,６３１　３５５　２２３５,2026-08-20,2026-08-23,23,からつ,一般,５　３５５　３４,2026-08-05,2026-08-10,14,鳴門,一般,３６３　４２２　２３５,2026-07-22,2026-07-26,13,尼崎,一般,６　３５５　５　４５,2026-07-04,2026-07-09,01,桐生,一般,３　１５３６６　１４５２,3857,阿波 勝哉,2026-09-05,2026-09-11,03,江戸川,一般,５４４　２６１　２３２,2026-08-22,2026-08-27,22,福岡,一般,４　４３４５３　４２１１,2026-08-11,2026-08-16,04,平和島,一般,５６２　３　３４２３３,2026-07-20,2026-07-25,15,丸亀,一般,４６１　５５６　４３５,2026-07-07,2026-07-12,20,若松,ＧⅢ,２６３　６５１　１１６６
202609170411,2026-09-17,04,11R,4769,馬場 剛,2026-08-28,2026-09-02,05,多摩川,ＧⅢ,４１６５６欠,2026-08-09,2026-08-15,03,江戸川,一般,２２５　４５１　１１２３,2026-07-27,2026-08-01,10,三国,一般,１４５　１２４３６３２１,2026-07-11,2026-07-16,03,江戸川,一般,３　１１３　２１４１[２],2026-06-28,2026-07-03,20,若松,一般,１１５　４　２４４４１４,3963,原田 秀弥,2026-08-31,2026-09-05,18,徳山,一般,２４１２３　３２２２[４],2026-08-13,2026-08-18,12,住之江,一般,１６３　４１２　１３６６,2026-08-04,2026-08-09,10,三国,一般,１１４　２４３４２３３３,2026-07-24,2026-07-27,02,戸田,一般,２３３　２５４２,2026-07-14,2026-07-19,01,桐生,一般,１６６　３３４　１１３４,3385,渡邉 睦広,2026-08-21,2026-08-24,07,蒲郡,一般,３３３　３４２５,2026-08-11,2026-08-16,04,平和島,一般,４２１　６５４１１　２４,2026-07-29,2026-08-03,22,福岡,一般,１１５　２４６２１６５６,2026-07-15,2026-07-20,18,徳山,一般,２　２３４４６６４　４１,2026-07-02,2026-07-06,21,芦屋,一般,５　３　１６５１２４,4272,大場 広孝,2026-09-01,2026-09-04,24,大村,一般,５２６　４６２,2026-08-19,2026-08-24,19,下関,一般,５４５　１５６　５　２４,2026-08-07,2026-08-11,15,丸亀,一般,４２３　４３５　２６,2026-07-29,2026-08-03,22,福岡,一般,４３２　５３４４５５６,2026-07-16,2026-07-21,11,びわこ,一般,２２４　２３５４１４３２,3904,森 貴洋,2026-09-01,2026-09-06,12,住之江,一般,２２１　３６２　４６３６,2026-08-15,2026-08-20,09,津,一般,３６３　２６６　３　６４,2026-07-29,2026-08-03,22,福岡,一般,２　妨２３２５　３４３４,2026-07-15,2026-07-20,18,徳山,一般,２３２　３５１　５２[６],2026-07-02,2026-07-07,04,平和島,一般,２５５　１５６　５　３５,4288,永田 啓二,2026-09-01,2026-09-04,24,大村,一般,３１４２１５２,2026-08-21,2026-08-24,07,蒲郡,一般,１２１１２２[６],2026-08-10,2026-08-15,21,芦屋,一般,１２２　１６２４６５１１,2026-07-24,2026-07-27,12,住之江,一般,１３２　３１[３],2026-07-10,2026-07-15,22,福岡,一般,３１２１４５２　４２[２]
202609170412,2026-09-17,04,12R,4659,木下 翔太,2026-09-02,2026-09-07,22,福岡,一般,４４３２,2026-08-24,2026-08-29,13,尼崎,一般,１３２１１　１１３２[３],2026-08-13,2026-08-18,12,住之江,一般,２　５２１３４５３４３５,2026-08-06,2026-08-09,02,戸田,一般,１３１１１２[１],2026-07-28,2026-08-02,11,びわこ,ＳＧ,４　１２３　４　３　４２,4053,芦澤 望,2026-08-31,2026-09-05,20,若松,ＧⅢ,６３３　４１４１,2026-08-21,2026-08-24,07,蒲郡,一般,５　１５２４２１,2026-08-11,2026-08-16,04,平和島,一般,５　２３１　５３４５３３,2026-07-31,2026-08-05,05,多摩川,一般,３５３３１　３３１　４５,2026-07-22,2026-07-25,24,大村,一般,５６２１２６３３,4422,永井 亮次,2026-08-29,2026-09-03,19,下関,一般,４６１　３６６　６　３６,2026-08-13,2026-08-18,12,住之江,一般,３４１　４　５１３５１５,2026-07-24,2026-07-29,17,宮島,一般,４３５　６５１　４３４,2026-07-12,2026-07-16,05,多摩川,一般,４２転　２１２　３６,2026-06-25,2026-06-29,21,芦屋,一般,２　６６５５４　３５,3876,中辻 崇人,2026-09-04,2026-09-08,07,蒲郡,一般,１６２３２妨１１４５,2026-08-21,2026-08-26,06,浜名湖,一般,６５１　３１５５４６２１,2026-08-10,2026-08-15,21,芦屋,一般,１１１　３４３１１１[６],2026-07-29,2026-08-03,23,からつ,一般,３３１　３１１１４３１１,2026-04-21,2026-04-26,17,宮島,ＧⅠ,４　５５１５２　６３６,5023,久永 祥平,2026-09-03,2026-09-08,10,三国,一般,３　１３５２４１６４１３,2026-08-22,2026-08-27,08,常滑,ＧⅢ,５２３　５４F　２　４,2026-08-09,2026-08-15,03,江戸川,一般,３　５２２　６６１　３３,2026-07-28,2026-07-31,24,大村,一般,２　２３１１[２],2026-07-15,2026-07-20,18,徳山,一般,６５５　２３４６４　４１,5105,富田 恕生,2026-09-01,2026-09-05,13,尼崎,一般,５５４　４２４　４,2026-08-20,2026-08-23,23,からつ,一般,３５４　５４５２,2026-08-10,2026-08-15,21,芦屋,一般,２５３　１１６　４６４２,2026-07-29,2026-08-03,22,福岡,一般,５５２　２４５２５　５６,2026-07-15,2026-07-21,12,住之江,一般,５６６　４３３６６　５　５３
202609170501,2026-09-17,05,01R,4847,佐藤 隆太郎,2026-09-05,2026-09-10,04,平和島,一般,１３１１１　２１２１[３],2026-08-25,2026-08-30,01,桐生,ＳＧ,５　６　４６６　５６６,2026-08-09,2026-08-15,03,江戸川,一般,３６１　２１３　１　[１],2026-07-28,2026-08-02,11,びわこ,ＳＧ,５　６　２２６　１３５,2026-07-22,2026-07-26,13,尼崎,一般,２１２２１２５１[５],4030,森高 一真,2026-09-07,2026-09-12,16,児島,一般,３４１１３　６１３２[４],2026-08-25,2026-08-30,01,桐生,ＳＧ,４　５　２４５　３３５,2026-08-17,2026-08-21,15,丸亀,一般,３２３４３１５３４２,2026-08-06,2026-08-09,02,戸田,一般,３４２６２２２４,2026-07-28,2026-08-02,11,びわこ,ＳＧ,５　２　４４３　４４４,3557,太田 和美,2026-09-05,2026-09-11,03,江戸川,一般,５３転,2026-08-27,2026-08-31,04,平和島,一般,２５F６５　３　５,2026-08-15,2026-08-20,11,びわこ,一般,２２２　３３１２５３３２,2026-08-08,2026-08-11,05,多摩川,一般,２５３２１２[６],2026-07-29,2026-08-03,22,福岡,一般,３１４４１　５２３２[２],3983,須藤 博倫,2026-09-07,2026-09-12,24,大村,ＧⅠ,４１５　６６４　４４５,2026-08-26,2026-08-30,14,鳴門,一般,１４２１４１１２[２],2026-08-12,2026-08-17,02,戸田,一般,１３３２３６１　５　１２,2026-07-31,2026-08-05,06,浜名湖,ＧⅢ,３１４３２５４　３６１３,2026-07-24,2026-07-27,02,戸田,一般,４２１６４１２６,5026,安河内 健,2026-09-07,2026-09-12,24,大村,ＧⅠ,３４６　４　５６６５６,2026-08-21,2026-08-26,06,浜名湖,一般,落３３　１４１５５１５１,2026-08-09,2026-08-14,23,からつ,一般,３１２２１　１１５１[１],2026-07-31,2026-08-03,20,若松,一般,１３２３１３１１,2026-07-22,2026-07-26,13,尼崎,一般,４２１　４２１２[２],4297,山田 哲也,2026-09-07,2026-09-11,13,尼崎,一般,３４２１２１４１[３],2026-08-22,2026-08-27,22,福岡,一般,５１２１３　２２６２[３],2026-08-11,2026-08-16,04,平和島,一般,１６１１１　２１３１[５],2026-08-02,2026-08-05,21,芦屋,一般,１２３１１１[１],2026-07-23,2026-07-28,03,江戸川,ＧⅢ,３５５　３５４　３６３１
202609170502,2026-09-17,05,02R,4364,池永 太,2026-09-07,2026-09-12,16,児島,一般,５２１１４　１４６３２１,2026-08-29,2026-09-03,19,下関,一般,３６５欠,2026-08-20,2026-08-25,21,芦屋,一般,１１１４１４５　１３４１,2026-08-07,2026-08-12,20,若松,一般,２４３　２２２２２４１２,2026-07-27,2026-08-01,09,津,一般,１５６,4828,松山 将吾,2026-09-07,2026-09-12,16,児島,一般,２５１２１３４　５１[２],2026-08-27,2026-08-31,04,平和島,一般,１３２２２１５１[２],2026-08-14,2026-08-19,10,三国,一般,２２５　４３４３２１[３],2026-08-04,2026-08-09,12,住之江,一般,５　３２４　４５５１４４,2026-07-22,2026-07-26,13,尼崎,一般,１６F４２　５　４,4500,山田 康二,2026-09-07,2026-09-12,24,大村,ＧⅠ,５　５１１４２　２　[５],2026-08-09,2026-08-14,23,からつ,一般,１２２　１２１２１１[３],2026-07-27,2026-08-01,09,津,一般,１１３１,2026-07-17,2026-07-22,16,児島,ＧⅢ,３５５１１２２　１４１１,2026-07-07,2026-07-12,02,戸田,ＧⅡ,２　２４２４１　５　１２,4266,長田 頼宗,2026-09-05,2026-09-10,04,平和島,一般,１１１　２１１１３１[１],2026-08-25,2026-08-30,01,桐生,ＳＧ,３　６１５　２　１６５５,2026-08-09,2026-08-15,03,江戸川,一般,４　６１２　１２４　４１,2026-07-28,2026-08-02,11,びわこ,ＳＧ,２　１５３　４６６　６３,2026-07-07,2026-07-12,08,常滑,一般,２３２４３１２１４１[２],4571,菅 章哉,2026-09-07,2026-09-12,24,大村,ＧⅠ,２　４６６　６５５１５１,2026-08-25,2026-08-30,01,桐生,ＳＧ,１　６　６６２　４４５,2026-08-17,2026-08-21,13,尼崎,一般,１３２３１１１１[２],2026-08-05,2026-08-10,14,鳴門,一般,１５１１１３１　１１[１],2026-06-23,2026-06-28,14,鳴門,ＳＧ,６　F　５４６　６　６,3779,原田 幸哉,2026-09-07,2026-09-12,24,大村,ＧⅠ,３　６５５　３５５１５３,2026-07-28,2026-08-02,11,びわこ,ＳＧ,６２１　４　２６１　２４,2026-07-13,2026-07-18,07,蒲郡,ＧⅡ,３６５　６　５５１　６６,2026-07-04,2026-07-09,18,徳山,一般,１１３３１　４１２１[２],2026-06-23,2026-06-28,14,鳴門,ＳＧ,１　３６４　３　２２６６
202609170503,2026-09-17,05,03R,4427,秦 英悟,2026-09-05,2026-09-11,03,江戸川,一般,３４２　４２２　１４３１,2026-08-26,2026-08-31,11,びわこ,一般,１１４６４５３　４３２２,2026-08-13,2026-08-18,12,住之江,一般,１　１１２　３２１３１１,2026-07-29,2026-08-03,22,福岡,一般,１６１１１　１１２１[１],2026-07-15,2026-07-20,18,徳山,一般,１３１２３　１３３１[１],4238,毒島 誠,2026-09-07,2026-09-12,24,大村,ＧⅠ,１　３２４　４２１　[２],2026-08-25,2026-08-30,01,桐生,ＳＧ,１　３２２２２　１　[２],2026-08-11,2026-08-16,01,桐生,一般,１５２　２２１１１　[１],2026-07-27,2026-07-31,19,下関,一般,４１１２３１１３３１,2026-07-19,2026-07-23,05,多摩川,一般,３１１２２２５２[４],4776,竹田 和哉,2026-09-07,2026-09-12,24,大村,ＧⅠ,２,2026-08-30,2026-09-02,21,芦屋,一般,１３３２１２[４],2026-08-16,2026-08-19,14,鳴門,一般,２３３１転１[１],2026-08-07,2026-08-11,15,丸亀,一般,１１１２３４３１[１],2026-07-29,2026-08-03,22,福岡,一般,３５１　１２２４４３２１,4075,中野 次郎,2026-09-07,2026-09-12,24,大村,ＧⅠ,３　１３６３４　４６６３,2026-08-30,2026-09-02,21,芦屋,一般,１５４２１３５１,2026-08-20,2026-08-23,04,平和島,一般,４１１１２３[１],2026-08-09,2026-08-15,03,江戸川,一般,３５１　５１２　３　[２],2026-07-28,2026-08-02,11,びわこ,ＳＧ,４４１　５　２６４　５４,4504,前田 将太,2026-09-07,2026-09-12,24,大村,ＧⅠ,妨,2026-08-21,2026-08-26,03,江戸川,一般,２　１２３１１　４１[３],2026-08-12,2026-08-17,22,福岡,一般,１２２　１２２３１１[４],2026-08-03,2026-08-08,04,平和島,ＧⅢ,６３４１２３４　３４２２,2026-07-25,2026-07-29,20,若松,一般,１１３　２１３１[１],4398,船岡 洋一郎,2026-09-07,2026-09-12,24,大村,ＧⅠ,２５６　５　１６２２４,2026-08-29,2026-09-03,19,下関,一般,３１４３１　２１４６３３,2026-08-14,2026-08-19,17,宮島,一般,１３４　６２５１１２[４],2026-08-05,2026-08-10,09,津,一般,４５１１４　１３２４３,2026-07-23,2026-07-28,03,江戸川,ＧⅢ,１４３　１５
202609170504,2026-09-17,05,04R,4604,岩瀬 裕亮,2026-09-05,2026-09-11,03,江戸川,一般,１　１１４　３２１２[３],2026-08-25,2026-08-30,01,桐生,ＳＧ,５５１　４　３６３　２,2026-08-10,2026-08-15,08,常滑,一般,２３１５１２３２２１[３],2026-07-28,2026-08-02,11,びわこ,ＳＧ,４　２　４４５　５５６,2026-07-13,2026-07-18,07,蒲郡,ＧⅡ,１５４　１４５　１４３,4908,上田 龍星,2026-09-07,2026-09-12,24,大村,ＧⅠ,５　５１１落１　６３２,2026-08-26,2026-08-30,14,鳴門,一般,１５３６１３６２[６],2026-08-15,2026-08-20,18,徳山,一般,１　２６２１４１３１[３],2026-08-07,2026-08-11,15,丸亀,一般,２２１２２３３１[４],2026-07-27,2026-08-01,09,津,一般,４３５,4715,村上 遼,2026-09-07,2026-09-12,24,大村,ＧⅠ,１３６２３　５　２２１１,2026-08-28,2026-08-31,23,からつ,一般,３１１６１４３４,2026-08-17,2026-08-21,13,尼崎,一般,４４１１３３２３６１,2026-08-06,2026-08-10,24,大村,一般,２１２６１１３２[４],2026-07-24,2026-07-29,17,宮島,一般,２４１１１１２　２１[３],4734,安河内 将,2026-08-31,2026-09-05,18,徳山,一般,２１２１４　１１３１[１],2026-08-22,2026-08-26,20,若松,一般,３４１４１　１２[４],2026-08-09,2026-08-14,23,からつ,一般,１３１　３４２１２２[５],2026-07-24,2026-07-27,06,浜名湖,一般,１４２１１２[２],2026-07-14,2026-07-19,01,桐生,一般,４３１１１　１　３１[４],4688,永井 彪也,2026-09-07,2026-09-12,24,大村,ＧⅠ,１４４３５　３　５５４４,2026-08-27,2026-08-31,04,平和島,一般,１１１２５４１２[１],2026-08-15,2026-08-20,05,多摩川,一般,３３４６１　５１１４２２,2026-08-04,2026-08-09,10,三国,一般,３２３１２５２　３４１２,2026-07-23,2026-07-28,03,江戸川,ＧⅢ,２６２　１１４　５　３３,4371,西山 貴浩,2026-09-07,2026-09-12,24,大村,ＧⅠ,２　１　３３３３１　[４],2026-08-25,2026-08-30,01,桐生,ＳＧ,４　３６２　４　４５２,2026-08-12,2026-08-17,22,福岡,一般,２１６,2026-07-28,2026-08-02,11,びわこ,ＳＧ,１　２４６　５２１　６３,2026-07-07,2026-07-12,20,若松,ＧⅢ,２１２　１１３３３１[２]
202609170505,2026-09-17,05,05R,4524,深谷 知博,2026-09-07,2026-09-12,24,大村,ＧⅠ,４６３５１　２　５６４,2026-08-29,2026-09-03,19,下関,一般,３１５　２１１２４１[３],2026-06-23,2026-06-28,14,鳴門,ＳＧ,３　１５５　５　３５５,2026-06-08,2026-06-13,13,尼崎,ＧⅠ,４　６４５３１　３　１,2026-05-26,2026-05-31,06,浜名湖,ＳＧ,５４３　２　５１３　５５,4166,吉田 拡郎,2026-09-03,2026-09-08,10,三国,一般,１５２１４　４１３２[４],2026-08-25,2026-08-30,01,桐生,ＳＧ,５３２　１　５５６　４,2026-08-08,2026-08-13,16,児島,一般,１６３２３　２２３６１３,2026-07-28,2026-08-02,11,びわこ,ＳＧ,２６４　３　５１２　３２,2026-07-17,2026-07-22,16,児島,ＧⅢ,１１１　２１２１２１[１],4188,久田 敏之,2026-09-07,2026-09-12,24,大村,ＧⅠ,３１４　３２１　３　２１,2026-08-25,2026-08-30,01,桐生,ＳＧ,６　４１４　１２６　１４,2026-08-11,2026-08-16,01,桐生,一般,１２１１１　２２１　[２],2026-08-03,2026-08-08,04,平和島,ＧⅢ,３１１　４１１１３１[５],2026-07-25,2026-07-29,20,若松,一般,２２２４１　２２[３],4064,原田 篤志,2026-08-30,2026-09-02,21,芦屋,一般,２１４１５２[３],2026-08-22,2026-08-26,20,若松,一般,１６１３４　５２２５,2026-08-11,2026-08-16,19,下関,一般,６５１５１　１２１３２１,2026-07-31,2026-08-05,06,浜名湖,ＧⅢ,１４３５２２３　１３２１,2026-07-22,2026-07-26,08,常滑,一般,６５３５４２２４２１,4096,石橋 道友,2026-09-07,2026-09-12,24,大村,ＧⅠ,２　４　１３５　４　１２,2026-08-30,2026-09-02,21,芦屋,一般,６６,2026-08-19,2026-08-24,19,下関,一般,１４４　４１２２２２[４],2026-08-06,2026-08-10,24,大村,一般,１１１　１１２１[１],2026-07-20,2026-07-25,15,丸亀,一般,１４３５４　２１３３２１,4335,若林 将,2026-09-07,2026-09-12,24,大村,ＧⅠ,４　５３４　２１６　５４,2026-08-15,2026-08-20,05,多摩川,一般,３２５４６　４３４　４,2026-08-04,2026-08-09,12,住之江,一般,３４２　３２４２１３５１,2026-07-23,2026-07-28,03,江戸川,ＧⅢ,２　２２２　２２１　[F],2026-07-10,2026-07-15,06,浜名湖,一般,１４１６１１３　３１[２]
202609170506,2026-09-17,05,06R,4704,河野 大,2026-09-07,2026-09-12,24,大村,ＧⅠ,３５４　４　２６２４５,2026-08-30,2026-09-03,08,常滑,一般,４６６２２　１３１３,2026-08-20,2026-08-23,23,からつ,一般,５１１３１２[３],2026-08-05,2026-08-10,14,鳴門,一般,１４１５２　３４１６６５,2026-07-24,2026-07-27,02,戸田,一般,２４１２１２[６],4297,山田 哲也,2026-09-07,2026-09-11,13,尼崎,一般,３４２１２１４１[３],2026-08-22,2026-08-27,22,福岡,一般,５１２１３　２２６２[３],2026-08-11,2026-08-16,04,平和島,一般,１６１１１　２１３１[５],2026-08-02,2026-08-05,21,芦屋,一般,１２３１１１[１],2026-07-23,2026-07-28,03,江戸川,ＧⅢ,３５５　３５４　３６３１,4787,椎名 豊,2026-09-03,2026-09-06,02,戸田,一般,１３１１２５[２],2026-08-25,2026-08-30,01,桐生,ＳＧ,６　３２６　１１４　１３,2026-08-11,2026-08-16,01,桐生,一般,１　２６３１４２４　１１,2026-07-22,2026-07-26,08,常滑,一般,１３１１２２２１[１],2026-07-11,2026-07-16,03,江戸川,一般,５　１１２　３１２３[３],3783,瓜生 正義,2026-09-07,2026-09-12,24,大村,ＧⅠ,１　４　４５５　６１６３,2026-08-25,2026-08-30,01,桐生,ＳＧ,３　３２５　４　１３４６,2026-08-07,2026-08-12,20,若松,一般,１３３１３　１１５２[６],2026-07-28,2026-08-02,11,びわこ,ＳＧ,５４１　２　６６４　２,2026-07-13,2026-07-18,07,蒲郡,ＧⅡ,４　２２１３２　１　[４],4907,小池 修平,2026-09-07,2026-09-12,24,大村,ＧⅠ,２　２　５１５　４　２２,2026-08-28,2026-08-31,23,からつ,一般,２２２１５１[２],2026-08-13,2026-08-18,12,住之江,一般,５　３４４１５３４１４,2026-08-06,2026-08-09,02,戸田,一般,１２１２４　[５],2026-07-23,2026-07-28,03,江戸川,ＧⅢ,１　３１２　２落,3984,坂口 周,2026-09-07,2026-09-11,13,尼崎,一般,４６４２３１３５３５,2026-08-26,2026-08-31,11,びわこ,一般,６６１２３　３４１５１５,2026-08-15,2026-08-20,09,津,一般,４　４１３１１３５２[６],2026-07-31,2026-08-05,06,浜名湖,ＧⅢ,２　１６４３４３１３１２,2026-07-18,2026-07-22,10,三国,一般,３４２３４４１３５１
202609170507,2026-09-17,05,07R,4797,中山 将,2026-09-07,2026-09-12,16,児島,一般,４　４６６６６５１３４５,2026-08-27,2026-08-31,04,平和島,一般,４２５　１６４６３３,2026-08-14,2026-08-19,10,三国,一般,６　５６２６１６６　６,2026-08-05,2026-08-10,09,津,一般,１３３F２　３　３　３,2026-07-14,2026-07-17,24,大村,一般,６６１１１F４,4504,前田 将太,2026-09-07,2026-09-12,24,大村,ＧⅠ,妨,2026-08-21,2026-08-26,03,江戸川,一般,２　１２３１１　４１[３],2026-08-12,2026-08-17,22,福岡,一般,１２２　１２２３１１[４],2026-08-03,2026-08-08,04,平和島,ＧⅢ,６３４１２３４　３４２２,2026-07-25,2026-07-29,20,若松,一般,１１３　２１３１[１],4847,佐藤 隆太郎,2026-09-05,2026-09-10,04,平和島,一般,１３１１１　２１２１[３],2026-08-25,2026-08-30,01,桐生,ＳＧ,５　６　４６６　５６６,2026-08-09,2026-08-15,03,江戸川,一般,３６１　２１３　１　[１],2026-07-28,2026-08-02,11,びわこ,ＳＧ,５　６　２２６　１３５,2026-07-22,2026-07-26,13,尼崎,一般,２１２２１２５１[５],3779,原田 幸哉,2026-09-07,2026-09-12,24,大村,ＧⅠ,３　６５５　３５５１５３,2026-07-28,2026-08-02,11,びわこ,ＳＧ,６２１　４　２６１　２４,2026-07-13,2026-07-18,07,蒲郡,ＧⅡ,３６５　６　５５１　６６,2026-07-04,2026-07-09,18,徳山,一般,１１３３１　４１２１[２],2026-06-23,2026-06-28,14,鳴門,ＳＧ,１　３６４　３　２２６６,4264,長尾 章平,2026-09-02,2026-09-06,17,宮島,一般,４６２１３２１５６４,2026-08-21,2026-08-24,07,蒲郡,一般,２４５６６　３,2026-08-11,2026-08-16,19,下関,一般,３３４　２２２３５２[５],2026-07-29,2026-08-01,18,徳山,一般,２２３３６６１５,2026-07-18,2026-07-21,20,若松,一般,１　４４３４２４,4084,杉山 正樹,2026-09-07,2026-09-12,24,大村,ＧⅠ,３　３６２２１　３　転５,2026-08-21,2026-08-24,07,蒲郡,一般,１６１５１４１３,2026-08-10,2026-08-15,08,常滑,一般,５４１１２１３２３４１２,2026-07-31,2026-08-05,05,多摩川,一般,４　４１１２２３５４４１,2026-07-18,2026-07-21,20,若松,一般,３２４５１６３５
202609170508,2026-09-17,05,08R,5026,安河内 健,2026-09-07,2026-09-12,24,大村,ＧⅠ,３４６　４　５６６５６,2026-08-21,2026-08-26,06,浜名湖,一般,落３３　１４１５５１５１,2026-08-09,2026-08-14,23,からつ,一般,３１２２１　１１５１[１],2026-07-31,2026-08-03,20,若松,一般,１３２３１３１１,2026-07-22,2026-07-26,13,尼崎,一般,４２１　４２１２[２],4544,松田 大志郎,2026-09-07,2026-09-12,24,大村,ＧⅠ,４２４　１　２２２　[６],2026-08-30,2026-09-03,08,常滑,一般,１１４２１２５１[１],2026-08-21,2026-08-24,07,蒲郡,一般,２１２４３１[１],2026-08-10,2026-08-15,21,芦屋,一般,１３４２２１５　１１[３],2026-06-30,2026-07-05,16,児島,ＧⅡ,４　２１４１５　５　１１,4398,船岡 洋一郎,2026-09-07,2026-09-12,24,大村,ＧⅠ,２５６　５　１６２２４,2026-08-29,2026-09-03,19,下関,一般,３１４３１　２１４６３３,2026-08-14,2026-08-19,17,宮島,一般,１３４　６２５１１２[４],2026-08-05,2026-08-10,09,津,一般,４５１１４　１３２４３,2026-07-23,2026-07-28,03,江戸川,ＧⅢ,１４３　１５,4571,菅 章哉,2026-09-07,2026-09-12,24,大村,ＧⅠ,２　４６６　６５５１５１,2026-08-25,2026-08-30,01,桐生,ＳＧ,１　６　６６２　４４５,2026-08-17,2026-08-21,13,尼崎,一般,１３２３１１１１[２],2026-08-05,2026-08-10,14,鳴門,一般,１５１１１３１　１１[１],2026-06-23,2026-06-28,14,鳴門,ＳＧ,６　F　５４６　６　６,3952,中澤 和志,2026-09-07,2026-09-12,24,大村,ＧⅠ,５　１４２４４　３３６,2026-08-30,2026-09-03,08,常滑,一般,１６１１２３１４１５,2026-08-21,2026-08-24,07,蒲郡,一般,３３１４４３３１,2026-08-12,2026-08-17,02,戸田,一般,３１１　４３５　１　１,2026-07-27,2026-08-01,09,津,一般,２２１,4095,福来 剛,2026-09-02,2026-09-07,22,福岡,一般,２６１５５１１　３３６３,2026-08-20,2026-08-23,04,平和島,一般,６１５３３５４５,2026-08-09,2026-08-15,03,江戸川,一般,３２１　F１３　６１２,2026-07-31,2026-08-05,05,多摩川,一般,１２３　１１２１２１[１],2026-07-24,2026-07-27,02,戸田,一般,２１１１１１[２]
202609170509,2026-09-17,05,09R,4096,石橋 道友,2026-09-07,2026-09-12,24,大村,ＧⅠ,２　４　１３５　４　１２,2026-08-30,2026-09-02,21,芦屋,一般,６６,2026-08-19,2026-08-24,19,下関,一般,１４４　４１２２２２[４],2026-08-06,2026-08-10,24,大村,一般,１１１　１１２１[１],2026-07-20,2026-07-25,15,丸亀,一般,１４３５４　２１３３２１,4960,黒野 元基,2026-09-07,2026-09-12,24,大村,ＧⅠ,５１２２５　１　２　[３],2026-08-22,2026-08-27,08,常滑,ＧⅢ,３１４１１６１４４１[４],2026-08-11,2026-08-16,07,蒲郡,一般,２５３２１２１１１１[３],2026-07-29,2026-08-03,22,福岡,一般,２２３４５５１　１４１３,2026-07-15,2026-07-21,12,住之江,一般,１５２１１　３２３４１６２３,4688,永井 彪也,2026-09-07,2026-09-12,24,大村,ＧⅠ,１４４３５　３　５５４４,2026-08-27,2026-08-31,04,平和島,一般,１１１２５４１２[１],2026-08-15,2026-08-20,05,多摩川,一般,３３４６１　５１１４２２,2026-08-04,2026-08-09,10,三国,一般,３２３１２５２　３４１２,2026-07-23,2026-07-28,03,江戸川,ＧⅢ,２６２　１１４　５　３３,4364,池永 太,2026-09-07,2026-09-12,16,児島,一般,５２１１４　１４６３２１,2026-08-29,2026-09-03,19,下関,一般,３６５欠,2026-08-20,2026-08-25,21,芦屋,一般,１１１４１４５　１３４１,2026-08-07,2026-08-12,20,若松,一般,２４３　２２２２２４１２,2026-07-27,2026-08-01,09,津,一般,１５６,3557,太田 和美,2026-09-05,2026-09-11,03,江戸川,一般,５３転,2026-08-27,2026-08-31,04,平和島,一般,２５F６５　３　５,2026-08-15,2026-08-20,11,びわこ,一般,２２２　３３１２５３３２,2026-08-08,2026-08-11,05,多摩川,一般,２５３２１２[６],2026-07-29,2026-08-03,22,福岡,一般,３１４４１　５２３２[２],4238,毒島 誠,2026-09-07,2026-09-12,24,大村,ＧⅠ,１　３２４　４２１　[２],2026-08-25,2026-08-30,01,桐生,ＳＧ,１　３２２２２　１　[２],2026-08-11,2026-08-16,01,桐生,一般,１５２　２２１１１　[１],2026-07-27,2026-07-31,19,下関,一般,４１１２３１１３３１,2026-07-19,2026-07-23,05,多摩川,一般,３１１２２２５２[４]
202609170510,2026-09-17,05,10R,4188,久田 敏之,2026-09-07,2026-09-12,24,大村,ＧⅠ,３１４　３２１　３　２１,2026-08-25,2026-08-30,01,桐生,ＳＧ,６　４１４　１２６　１４,2026-08-11,2026-08-16,01,桐生,一般,１２１１１　２２１　[２],2026-08-03,2026-08-08,04,平和島,ＧⅢ,３１１　４１１１３１[５],2026-07-25,2026-07-29,20,若松,一般,２２２４１　２２[３],4704,河野 大,2026-09-07,2026-09-12,24,大村,ＧⅠ,３５４　４　２６２４５,2026-08-30,2026-09-03,08,常滑,一般,４６６２２　１３１３,2026-08-20,2026-08-23,23,からつ,一般,５１１３１２[３],2026-08-05,2026-08-10,14,鳴門,一般,１４１５２　３４１６６５,2026-07-24,2026-07-27,02,戸田,一般,２４１２１２[６],4371,西山 貴浩,2026-09-07,2026-09-12,24,大村,ＧⅠ,２　１　３３３３１　[４],2026-08-25,2026-08-30,01,桐生,ＳＧ,４　３６２　４　４５２,2026-08-12,2026-08-17,22,福岡,一般,２１６,2026-07-28,2026-08-02,11,びわこ,ＳＧ,１　２４６　５２１　６３,2026-07-07,2026-07-12,20,若松,ＧⅢ,２１２　１１３３３１[２],4427,秦 英悟,2026-09-05,2026-09-11,03,江戸川,一般,３４２　４２２　１４３１,2026-08-26,2026-08-31,11,びわこ,一般,１１４６４５３　４３２２,2026-08-13,2026-08-18,12,住之江,一般,１　１１２　３２１３１１,2026-07-29,2026-08-03,22,福岡,一般,１６１１１　１１２１[１],2026-07-15,2026-07-20,18,徳山,一般,１３１２３　１３３１[１],4266,長田 頼宗,2026-09-05,2026-09-10,04,平和島,一般,１１１　２１１１３１[１],2026-08-25,2026-08-30,01,桐生,ＳＧ,３　６１５　２　１６５５,2026-08-09,2026-08-15,03,江戸川,一般,４　６１２　１２４　４１,2026-07-28,2026-08-02,11,びわこ,ＳＧ,２　１５３　４６６　６３,2026-07-07,2026-07-12,08,常滑,一般,２３２４３１２１４１[２],4030,森高 一真,2026-09-07,2026-09-12,16,児島,一般,３４１１３　６１３２[４],2026-08-25,2026-08-30,01,桐生,ＳＧ,４　５　２４５　３３５,2026-08-17,2026-08-21,15,丸亀,一般,３２３４３１５３４２,2026-08-06,2026-08-09,02,戸田,一般,３４２６２２２４,2026-07-28,2026-08-02,11,びわこ,ＳＧ,５　２　４４３　４４４
202609170511,2026-09-17,05,11R,3783,瓜生 正義,2026-09-07,2026-09-12,24,大村,ＧⅠ,１　４　４５５　６１６３,2026-08-25,2026-08-30,01,桐生,ＳＧ,３　３２５　４　１３４６,2026-08-07,2026-08-12,20,若松,一般,１３３１３　１１５２[６],2026-07-28,2026-08-02,11,びわこ,ＳＧ,５４１　２　６６４　２,2026-07-13,2026-07-18,07,蒲郡,ＧⅡ,４　２２１３２　１　[４],3983,須藤 博倫,2026-09-07,2026-09-12,24,大村,ＧⅠ,４１５　６６４　４４５,2026-08-26,2026-08-30,14,鳴門,一般,１４２１４１１２[２],2026-08-12,2026-08-17,02,戸田,一般,１３３２３６１　５　１２,2026-07-31,2026-08-05,06,浜名湖,ＧⅢ,３１４３２５４　３６１３,2026-07-24,2026-07-27,02,戸田,一般,４２１６４１２６,4075,中野 次郎,2026-09-07,2026-09-12,24,大村,ＧⅠ,３　１３６３４　４６６３,2026-08-30,2026-09-02,21,芦屋,一般,１５４２１３５１,2026-08-20,2026-08-23,04,平和島,一般,４１１１２３[１],2026-08-09,2026-08-15,03,江戸川,一般,３５１　５１２　３　[２],2026-07-28,2026-08-02,11,びわこ,ＳＧ,４４１　５　２６４　５４,4715,村上 遼,2026-09-07,2026-09-12,24,大村,ＧⅠ,１３６２３　５　２２１１,2026-08-28,2026-08-31,23,からつ,一般,３１１６１４３４,2026-08-17,2026-08-21,13,尼崎,一般,４４１１３３２３６１,2026-08-06,2026-08-10,24,大村,一般,２１２６１１３２[４],2026-07-24,2026-07-29,17,宮島,一般,２４１１１１２　２１[３],4828,松山 将吾,2026-09-07,2026-09-12,16,児島,一般,２５１２１３４　５１[２],2026-08-27,2026-08-31,04,平和島,一般,１３２２２１５１[２],2026-08-14,2026-08-19,10,三国,一般,２２５　４３４３２１[３],2026-08-04,2026-08-09,12,住之江,一般,５　３２４　４５５１４４,2026-07-22,2026-07-26,13,尼崎,一般,１６F４２　５　４,4064,原田 篤志,2026-08-30,2026-09-02,21,芦屋,一般,２１４１５２[３],2026-08-22,2026-08-26,20,若松,一般,１６１３４　５２２５,2026-08-11,2026-08-16,19,下関,一般,６５１５１　１２１３２１,2026-07-31,2026-08-05,06,浜名湖,ＧⅢ,１４３５２２３　１３２１,2026-07-22,2026-07-26,08,常滑,一般,６５３５４２２４２１
202609170512,2026-09-17,05,12R,3590,濱野谷 憲吾,2026-09-07,2026-09-12,24,大村,ＧⅠ,６１５　６　６６,2026-08-25,2026-08-30,01,桐生,ＳＧ,２　２６６　６　２４６,2026-08-15,2026-08-20,05,多摩川,一般,２２３　１２１１４１[３],2026-08-03,2026-08-08,04,平和島,ＧⅢ,４４５　１１２５４２[３],2026-07-22,2026-07-26,08,常滑,一般,３１２２３３１２[４],4262,馬場 貴也,2026-09-07,2026-09-12,24,大村,ＧⅠ,落　２　２１２１１　[１],2026-08-25,2026-08-30,01,桐生,ＳＧ,２４２　５２１　３　３１,2026-08-15,2026-08-20,11,びわこ,一般,２１３２２　２１３１[４],2026-08-08,2026-08-11,05,多摩川,一般,２１６２２１[５],2026-07-28,2026-08-02,11,びわこ,ＳＧ,５３１　１　６３５　１４,3716,石渡 鉄兵,2026-09-07,2026-09-12,24,大村,ＧⅠ,４　１３２　６２５　１３,2026-08-25,2026-08-30,01,桐生,ＳＧ,３　２　３５４　１５４３,2026-08-09,2026-08-15,03,江戸川,一般,１　１６２　３１５　４４,2026-07-28,2026-08-02,11,びわこ,ＳＧ,３３４　３　６５４　６,2026-07-18,2026-07-21,04,平和島,一般,２２３１２１[３],4719,上條 暢嵩,2026-09-07,2026-09-12,24,大村,ＧⅠ,６　３２１　４４４　１５,2026-08-25,2026-08-30,01,桐生,ＳＧ,５　４２１　２３５　１３,2026-08-13,2026-08-18,12,住之江,一般,１　４１２３１２１１[２],2026-07-28,2026-08-02,11,びわこ,ＳＧ,１５３　５　４１６１４,2026-07-07,2026-07-12,02,戸田,ＧⅡ,３４５　３３２　４　３６,4686,丸野 一樹,2026-09-07,2026-09-12,24,大村,ＧⅠ,４　４　５１２３５　１３,2026-08-25,2026-08-30,01,桐生,ＳＧ,２１１　６　６５１２２,2026-08-15,2026-08-20,11,びわこ,一般,３１３２６１３　３１[３],2026-07-28,2026-08-02,11,びわこ,ＳＧ,５１３　２　４１２　[５],2026-07-07,2026-07-12,02,戸田,ＧⅡ,２２１　１　１５４　１３,4573,佐藤 翼,2026-09-03,2026-09-06,02,戸田,一般,１５１６２１[４],2026-07-28,2026-08-02,11,びわこ,ＳＧ,５　６６３　２　２４５,2026-07-18,2026-07-21,04,平和島,一般,６１１１２１[４],2026-07-07,2026-07-12,02,戸田,ＧⅡ,５　１１４　１１１　[２],2026-06-23,2026-06-28,14,鳴門,ＳＧ,４３６　５６１　２　４
202609170701,2026-09-17,07,01R,5243,三馬 崇史,2026-08-25,2026-08-30,17,宮島,一般,２５１　３２１　１２[転],2026-08-14,2026-08-19,17,宮島,一般,２　５６３　２１１３６４,2026-07-30,2026-08-04,08,常滑,一般,２　２３４　２６６３２,2026-07-19,2026-07-24,22,福岡,ＧⅢ,５　１　３１３　６　６４,2026-07-03,2026-07-06,09,津,一般,６　６２１　１２,5280,廣瀬 凜,2026-09-04,2026-09-09,11,びわこ,一般,１１１２２１３　３１[４],2026-08-28,2026-09-02,05,多摩川,ＧⅢ,４１３３１２３　３２[２],2026-08-15,2026-08-20,11,びわこ,一般,３６１　１２１３２６１２,2026-07-30,2026-08-04,08,常滑,一般,１３４１３２２１４２[３],2026-07-18,2026-07-23,09,津,ＧⅢ,４１２　５１４　３　５不,5332,村松 遥輝,2026-08-24,2026-08-29,13,尼崎,一般,５　４６６　２６２　６２,2026-08-11,2026-08-16,06,浜名湖,一般,５４６　６６５　３　４６,2026-07-24,2026-07-27,06,浜名湖,一般,１１１４４　[５],2026-07-17,2026-07-22,16,児島,ＧⅢ,３２４　６　４３５　５５,2026-07-09,2026-07-13,14,鳴門,一般,３　６５５　４３６３,5169,堀本 翔太,2026-08-20,2026-08-23,24,大村,一般,５４４　５　３４,2026-08-04,2026-08-09,10,三国,一般,６　３　５４５４６　６５,2026-07-24,2026-07-27,12,住之江,一般,６６５　４　５,2026-07-11,2026-07-16,03,江戸川,一般,５１３４２　４４５　５５,2026-06-28,2026-07-03,20,若松,一般,４　４４３４４　２　６５,5266,石田 勇斗,2026-08-30,2026-09-03,08,常滑,一般,　　　　　　　　５４,2026-08-22,2026-08-27,08,常滑,ＧⅢ,６　２４６　４６２　２２,2026-08-08,2026-08-11,05,多摩川,一般,５　５４６２４,2026-06-26,2026-07-02,24,大村,一般,１　４６６５３　５３４　３５,2026-06-11,2026-06-16,16,児島,一般,５　４３６　３２５　２５,5325,澁川 夏,2026-08-25,2026-08-30,09,津,一般,１　４６４６２　２５１F,2026-08-13,2026-08-18,12,住之江,一般,２５１　５　２６２　２６,2026-07-24,2026-07-27,02,戸田,一般,１２２　１４[１],2026-07-14,2026-07-17,24,大村,一般,６２４　３　３４,2026-07-01,2026-07-06,07,蒲郡,一般,２　４６２　１４５　１１
202609170702,2026-09-17,07,02R,5197,中野 仁照,2026-08-28,2026-09-02,05,多摩川,ＧⅢ,　　　　　　　　　　１２,2026-08-11,2026-08-16,07,蒲郡,一般,３３５　４２３　３６１５,2026-07-30,2026-08-04,08,常滑,一般,４４１　５６４　３　４１,2026-07-19,2026-07-23,05,多摩川,一般,５６５１５　６　２１,2026-06-11,2026-06-16,03,江戸川,一般,６６６　３６,5232,樅山 拓馬,2026-09-01,2026-09-05,13,尼崎,一般,４　３５４F６　４,2026-08-20,2026-08-23,24,大村,一般,３５５　１６２,2026-08-10,2026-08-15,08,常滑,一般,４２２　２１４６１　４４,2026-07-31,2026-08-05,05,多摩川,一般,１　４１３５４　１１５１,2026-07-17,2026-07-22,16,児島,ＧⅢ,３　２２２３４　３６２４,5303,土井 歩夢,2026-09-04,2026-09-09,11,びわこ,一般,３４６４１　５　２５３,2026-08-23,2026-08-27,18,徳山,一般,１４５　３３４１４３,2026-08-07,2026-08-12,20,若松,一般,２５１２２　１５４　４５,2026-07-28,2026-07-31,24,大村,一般,２３２　１２[５],2026-07-19,2026-07-24,22,福岡,ＧⅢ,２　６２１　４６１５２５,5207,高山 敬悟,2026-08-30,2026-09-02,21,芦屋,一般,５３６　５　４３,2026-07-23,2026-07-28,03,江戸川,ＧⅢ,５６４　６５１　４４３５,2026-07-14,2026-07-17,24,大村,一般,４２６　４３２,2026-06-30,2026-07-05,23,からつ,一般,４　１F４　４　６　５,2026-06-20,2026-06-25,15,丸亀,一般,１１１　３５１５２６２１,5331,佐藤 永梧,2026-08-24,2026-08-28,15,丸亀,一般,５１１　３　１６４６,2026-08-15,2026-08-20,05,多摩川,一般,４４６　２５３　６　３４,2026-08-08,2026-08-11,05,多摩川,一般,１　１４３２[３],2026-07-22,2026-07-25,24,大村,一般,５５３　１　３６,2026-07-10,2026-07-14,09,津,一般,４　５６１４６　１３,5256,中山 翔太,2026-09-03,2026-09-08,09,津,ＧⅠ,６６F　４　６４６　６,2026-08-24,2026-08-29,13,尼崎,一般,４５１　４１３２１２[５],2026-07-18,2026-07-23,09,津,ＧⅢ,５　１２１　１１１　[１],2026-07-07,2026-07-12,08,常滑,一般,１２６１１２１３４１[１],2026-06-29,2026-07-03,11,びわこ,一般,２４３４沈２４　６６
202609170703,2026-09-17,07,03R,5301,岩下 巧斗,2026-08-28,2026-09-02,05,多摩川,ＧⅢ,５４４　６　２１５４３１,2026-08-20,2026-08-23,04,平和島,一般,５　４６１５１,2026-08-11,2026-08-16,01,桐生,一般,５　３４６　１　３４２４,2026-08-04,2026-08-09,12,住之江,一般,３４２　２６３６２　１６,2026-07-23,2026-07-27,01,桐生,一般,４４４　２　３６１５,5214,田中 宏典,2026-08-22,2026-08-27,08,常滑,ＧⅢ,５６６　６　６６５　４６,2026-08-09,2026-08-14,23,からつ,一般,２５４　２５３　１６２６,2026-07-29,2026-08-03,23,からつ,一般,２１５　２６５　１３５３,2026-07-19,2026-07-24,22,福岡,ＧⅢ,６　１　２１１　１　[４],2026-07-10,2026-07-15,06,浜名湖,一般,６　６２５　４６,5308,藤森 拓海,2026-08-31,2026-09-05,18,徳山,一般,６　５４５　６５１　２６,2026-08-22,2026-08-27,22,福岡,一般,６６５　２５４　３４５,2026-08-10,2026-08-15,21,芦屋,一般,４　２５２　３５５　６４,2026-07-30,2026-08-04,08,常滑,一般,２３４　３６６　２　転５,2026-07-14,2026-07-19,01,桐生,一般,５　５１２　１３４５２,5364,金子 怜央,2026-09-03,2026-09-06,02,戸田,一般,６　６F４　転５,2026-08-25,2026-08-30,09,津,一般,４　６６６　６　５　６６,2026-08-11,2026-08-16,01,桐生,一般,６　３　４６６　５６６,2026-07-30,2026-08-04,08,常滑,一般,６　５３５　６６５　６６,2026-07-15,2026-07-20,18,徳山,一般,６　６６５　６４６６５,5196,鰐部 太空海,2026-09-04,2026-09-08,07,蒲郡,一般,１　５１２４１５６３,2026-08-26,2026-08-31,11,びわこ,一般,３　４５６６４　５　５４,2026-07-18,2026-07-23,09,津,ＧⅢ,５F２　３３５　５　４,2026-07-05,2026-07-09,05,多摩川,一般,３５３５落欠,2026-06-13,2026-06-18,08,常滑,ＧⅠ,２　１４１　３４３　６４,5068,前田 滉,2026-09-02,2026-09-06,17,宮島,一般,１３１３１１２１[１],2026-08-24,2026-08-29,13,尼崎,一般,２６５１１　５１１３３１,2026-08-11,2026-08-16,07,蒲郡,一般,１６３１１１２１２２[４],2026-07-29,2026-08-01,18,徳山,一般,１４１２３１[１],2026-07-18,2026-07-23,09,津,ＧⅢ,１　４４４３１　４　２２
202609170704,2026-09-17,07,04R,5178,成貞 琳平,2026-09-01,2026-09-05,13,尼崎,一般,３　２６５　２４３,2026-08-20,2026-08-23,04,平和島,一般,４　６２４　５１,2026-08-04,2026-08-09,10,三国,一般,６６３　４　２５６４５２,2026-07-24,2026-07-27,02,戸田,一般,６３６　５　６４,2026-07-12,2026-07-16,05,多摩川,一般,３　３　６５２６１３,5255,藤原 仙二,2026-09-04,2026-09-09,11,びわこ,一般,２　２３３１４１２１[５],2026-08-26,2026-08-31,11,びわこ,一般,１　４１５２３２４　２３,2026-07-18,2026-07-23,09,津,ＧⅢ,４１３　１２６　５　１６,2026-07-04,2026-07-09,01,桐生,一般,６　３１４３５２４６１２,2026-06-20,2026-06-25,15,丸亀,一般,３４２３１　３３１５３５,5246,楠 将太郎,2026-09-04,2026-09-09,11,びわこ,一般,５　１５転６６　６　４６,2026-08-12,2026-08-17,02,戸田,一般,２　４５２　３２５　４５,2026-08-06,2026-08-09,02,戸田,一般,２６３６５　５５,2026-07-29,2026-08-01,18,徳山,一般,４１１　５５２４,2026-07-18,2026-07-23,09,津,ＧⅢ,２　３６２　３　６　１１,5337,出畑 孝成,2026-08-25,2026-08-30,17,宮島,一般,６　２３５５５　３３５,2026-08-12,2026-08-17,22,福岡,一般,４　２５３　４エ５　２３,2026-07-22,2026-07-27,14,鳴門,一般,１　５６４２５　３５４４,2026-07-10,2026-07-15,22,福岡,一般,６　３４６　４５５　４４,2026-06-30,2026-07-04,19,下関,一般,　　　　　　３６４１,5275,松田 淳平,2026-09-04,2026-09-09,11,びわこ,一般,４５４　４３３　２　４１,2026-08-25,2026-08-30,09,津,一般,５４２　６１２　４４４１,2026-07-18,2026-07-23,09,津,ＧⅢ,１１５　１　３６１　[４],2026-07-09,2026-07-14,15,丸亀,一般,４４１　１２４３３２[４],2026-06-28,2026-07-03,20,若松,一般,１１２　１５３　２２[３],5411,木下 虎之輔,2026-08-20,2026-08-23,02,戸田,一般,　　　　　　３６,2026-08-09,2026-08-15,03,江戸川,一般,２６４　６５６　５１５５,2026-07-23,2026-07-27,01,桐生,一般,６　３　５６６６３,2026-07-11,2026-07-16,03,江戸川,一般,６６６　５６５　５６６６,2026-07-02,2026-07-07,04,平和島,一般,４　２６６４６　５　５６
202609170705,2026-09-17,07,05R,5252,荒木 颯斗,2026-09-01,2026-09-04,24,大村,一般,３　２３１３１４,2026-08-21,2026-08-26,03,江戸川,一般,６　２５１　４４欠,2026-08-10,2026-08-15,08,常滑,一般,１　２４３３１３４２[４],2026-07-30,2026-08-04,08,常滑,一般,３　４２２３１４５１[５],2026-07-18,2026-07-23,09,津,ＧⅢ,３　３５２　１５５１５５,5169,堀本 翔太,2026-08-20,2026-08-23,24,大村,一般,５４４　５　３４,2026-08-04,2026-08-09,10,三国,一般,６　３　５４５４６　６５,2026-07-24,2026-07-27,12,住之江,一般,６６５　４　５,2026-07-11,2026-07-16,03,江戸川,一般,５１３４２　４４５　５５,2026-06-28,2026-07-03,20,若松,一般,４　４４３４４　２　６５,5385,鈴木 柊介,2026-08-24,2026-08-28,15,丸亀,一般,２　６　６３３　６６,2026-08-11,2026-08-16,06,浜名湖,一般,６６６　６　３１２　５３,2026-07-24,2026-07-27,02,戸田,一般,５　５６５　３６,2026-07-14,2026-07-17,24,大村,一般,６　５６５５３,2026-07-02,2026-07-06,21,芦屋,一般,５４５　６　５４４,5269,山口 晃朋,2026-08-31,2026-09-05,18,徳山,一般,１１２　３１１４１２[３],2026-08-21,2026-08-26,06,浜名湖,一般,２１１落１　１２１２[４],2026-08-11,2026-08-16,06,浜名湖,一般,２１２　１５４２６６１３,2026-07-28,2026-08-02,16,児島,一般,４６６１５５４　４　６４,2026-07-15,2026-07-21,12,住之江,一般,１　２２４　１１１１１１[６],5175,島崎 丈一朗,2026-08-24,2026-08-29,13,尼崎,一般,５　４５５　３４６　５,2026-08-11,2026-08-16,04,平和島,一般,３４４　６６６　４　３６,2026-07-30,2026-08-04,08,常滑,一般,３５６,2026-07-20,2026-07-25,15,丸亀,一般,５　３３３　５５６　２４,2026-07-10,2026-07-13,19,下関,一般,６３３　３５１,5221,竹間 隆晟,2026-09-04,2026-09-09,11,びわこ,一般,１３５２４１１　２３４１,2026-08-27,2026-08-31,04,平和島,一般,４２１２２６５４１５,2026-07-18,2026-07-23,09,津,ＧⅢ,４転５　３２３　６３１,2026-07-01,2026-07-06,07,蒲郡,一般,４　１４２１２　２５３５,2026-06-20,2026-06-25,15,丸亀,一般,１５１４２　１６３２[２]
202609170706,2026-09-17,07,06R,5145,島川 海輝,2026-09-03,2026-09-06,02,戸田,一般,３１２　５３６２,2026-08-23,2026-08-27,18,徳山,一般,２５２　１１６１[４],2026-08-11,2026-08-16,19,下関,一般,４　６１４３１　２６５６,2026-07-30,2026-08-04,08,常滑,一般,６　２２４３１　３４１３,2026-07-19,2026-07-24,22,福岡,ＧⅢ,５５２　６　２１３６５６,5207,高山 敬悟,2026-08-30,2026-09-02,21,芦屋,一般,５３６　５　４３,2026-07-23,2026-07-28,03,江戸川,ＧⅢ,５６４　６５１　４４３５,2026-07-14,2026-07-17,24,大村,一般,４２６　４３２,2026-06-30,2026-07-05,23,からつ,一般,４　１F４　４　６　５,2026-06-20,2026-06-25,15,丸亀,一般,１１１　３５１５２６２１,5279,石渡 翔一郎,2026-09-05,2026-09-11,03,江戸川,一般,１　２２４　５５１　４転,2026-08-26,2026-08-31,11,びわこ,一般,４　３４２　２４１３１３,2026-08-09,2026-08-15,03,江戸川,一般,２　２３４　２１転　３,2026-07-30,2026-08-04,08,常滑,一般,１　１４１４落５２　３４,2026-07-18,2026-07-23,09,津,ＧⅢ,５　２３６　欠　２５２３,5234,塚越 海斗,2026-09-04,2026-09-09,11,びわこ,一般,２６４　４２６２１６２５,2026-08-23,2026-08-27,18,徳山,一般,３１３１１２４１[１],2026-08-11,2026-08-16,01,桐生,一般,４３３　３４１６３　１４,2026-07-30,2026-08-04,08,常滑,一般,１２５３３４１２５２[２],2026-07-18,2026-07-23,09,津,ＧⅢ,４４６　６４１　２６５,5434,藤田 康生,2026-08-25,2026-08-30,17,宮島,一般,３　妨６３　２２５　６３,2026-08-11,2026-08-16,06,浜名湖,一般,５　４３５　５５２５３,2026-07-31,2026-08-05,05,多摩川,一般,２４３　１転５　６６F,2026-07-24,2026-07-27,06,浜名湖,一般,４　２５４３５４,2026-07-15,2026-07-20,18,徳山,一般,６　４４６３３　５３２,5239,上野 俊樹,2026-08-25,2026-08-30,17,宮島,一般,６　２１３　３５３２４,2026-08-12,2026-08-17,22,福岡,一般,５１４　３２１２３２[６],2026-07-23,2026-07-28,21,芦屋,一般,６５２　１３３３１４１２,2026-07-10,2026-07-15,22,福岡,一般,３２１　５３１　２４５２,2026-06-25,2026-06-30,01,桐生,ＧⅢ,１　１３２３２３５２[６]
202609170707,2026-09-17,07,07R,5166,仲道 大輔,2026-08-28,2026-09-02,05,多摩川,ＧⅢ,２　２４５５１２１２[６],2026-08-16,2026-08-19,14,鳴門,一般,１３２６１５１３,2026-08-04,2026-08-09,10,三国,一般,１４４１５　３２１５２６,2026-07-18,2026-07-23,09,津,ＧⅢ,５４４　４　１３６２４,2026-07-10,2026-07-13,19,下関,一般,１　４４３４５１,5240,高橋 龍治,2026-08-26,2026-08-31,11,びわこ,一般,６　２６６　６６２　６５,2026-08-12,2026-08-17,22,福岡,一般,４　６３３　４１１４落５,2026-07-23,2026-07-28,03,江戸川,ＧⅢ,６６６　５４６,2026-07-10,2026-07-15,22,福岡,一般,５６５　４５３　４６６,2026-06-24,2026-06-29,09,津,一般,１４３　２５２６１６２６,5222,津田 陸翔,2026-09-04,2026-09-09,11,びわこ,一般,１　１５１３５１２２[３],2026-08-25,2026-08-30,17,宮島,一般,２　２２２５２１５５１５,2026-08-14,2026-08-19,17,宮島,一般,５６１５３１３　２６１２,2026-07-30,2026-08-04,08,常滑,一般,１　５２６１２３１２[６],2026-07-19,2026-07-24,22,福岡,ＧⅢ,６不２　１　３５５５６,5330,安河内鈴之介,2026-09-03,2026-09-06,02,戸田,一般,１２３１１　[５],2026-08-24,2026-08-29,13,尼崎,一般,１５６　３１２　６１[４],2026-08-10,2026-08-15,21,芦屋,一般,１　５６４１３３１２[２],2026-07-19,2026-07-24,22,福岡,ＧⅢ,３５３　１　３３５　２２,2026-07-10,2026-07-14,09,津,一般,３１３２３　２５２２,5214,田中 宏典,2026-08-22,2026-08-27,08,常滑,ＧⅢ,５６６　６　６６５　４６,2026-08-09,2026-08-14,23,からつ,一般,２５４　２５３　１６２６,2026-07-29,2026-08-03,23,からつ,一般,２１５　２６５　１３５３,2026-07-19,2026-07-24,22,福岡,ＧⅢ,６　１　２１１　１　[４],2026-07-10,2026-07-15,06,浜名湖,一般,６　６２５　４６,5128,坪井 爽佑,2026-08-30,2026-09-02,21,芦屋,一般,４　４５６　１６,2026-08-11,2026-08-16,07,蒲郡,一般,５　４４６　５６１　６２,2026-07-28,2026-08-02,16,児島,一般,２２５　６４３４６　５３,2026-07-09,2026-07-14,15,丸亀,一般,６６３　１５３　４５３,2026-06-13,2026-06-16,06,浜名湖,一般,２　３５４６１３
202609170708,2026-09-17,07,08R,5134,大原 祥昌,2026-09-04,2026-09-09,11,びわこ,一般,４　６２１４１４３３１４,2026-08-28,2026-08-31,23,からつ,一般,１１４　４２[３],2026-08-14,2026-08-19,17,宮島,一般,１　５６４３３３１　２３,2026-07-30,2026-08-04,08,常滑,一般,１６２　５１４３１３６２,2026-07-15,2026-07-21,12,住之江,一般,転　６３３　５２２　５５１３,5331,佐藤 永梧,2026-08-24,2026-08-28,15,丸亀,一般,５１１　３　１６４６,2026-08-15,2026-08-20,05,多摩川,一般,４４６　２５３　６　３４,2026-08-08,2026-08-11,05,多摩川,一般,１　１４３２[３],2026-07-22,2026-07-25,24,大村,一般,５５３　１　３６,2026-07-10,2026-07-14,09,津,一般,４　５６１４６　１３,5196,鰐部 太空海,2026-09-04,2026-09-08,07,蒲郡,一般,１　５１２４１５６３,2026-08-26,2026-08-31,11,びわこ,一般,３　４５６６４　５　５４,2026-07-18,2026-07-23,09,津,ＧⅢ,５F２　３３５　５　４,2026-07-05,2026-07-09,05,多摩川,一般,３５３５落欠,2026-06-13,2026-06-18,08,常滑,ＧⅠ,２　１４１　３４３　６４,5266,石田 勇斗,2026-08-30,2026-09-03,08,常滑,一般,　　　　　　　　５４,2026-08-22,2026-08-27,08,常滑,ＧⅢ,６　２４６　４６２　２２,2026-08-08,2026-08-11,05,多摩川,一般,５　５４６２４,2026-06-26,2026-07-02,24,大村,一般,１　４６６５３　５３４　３５,2026-06-11,2026-06-16,16,児島,一般,５　４３６　３２５　２５,5432,安藤 瑠希,2026-08-24,2026-08-28,15,丸亀,一般,６　４４２　５　４６,2026-08-11,2026-08-16,06,浜名湖,一般,６４３　４４３　６　６６,2026-07-30,2026-08-04,08,常滑,一般,２　６６５　５５４　５６,2026-07-24,2026-07-27,02,戸田,一般,５　４６６　１４,2026-07-14,2026-07-19,01,桐生,一般,２　６３４　５６６　５,5288,尾道 佳諭,2026-09-03,2026-09-06,02,戸田,一般,６　F３６　５４,2026-08-24,2026-08-29,13,尼崎,一般,１　３３５　４６３６１３,2026-08-12,2026-08-17,02,戸田,一般,５　１６５　３３５６２６,2026-07-30,2026-08-04,08,常滑,一般,６６転　４６４　６　１２,2026-07-14,2026-07-19,01,桐生,一般,４３５　５３４　４　５１
202609170709,2026-09-17,07,09R,5256,中山 翔太,2026-09-03,2026-09-08,09,津,ＧⅠ,６６F　４　６４６　６,2026-08-24,2026-08-29,13,尼崎,一般,４５１　４１３２１２[５],2026-07-18,2026-07-23,09,津,ＧⅢ,５　１２１　１１１　[１],2026-07-07,2026-07-12,08,常滑,一般,１２６１１２１３４１[１],2026-06-29,2026-07-03,11,びわこ,一般,２４３４沈２４　６６,5275,松田 淳平,2026-09-04,2026-09-09,11,びわこ,一般,４５４　４３３　２　４１,2026-08-25,2026-08-30,09,津,一般,５４２　６１２　４４４１,2026-07-18,2026-07-23,09,津,ＧⅢ,１１５　１　３６１　[４],2026-07-09,2026-07-14,15,丸亀,一般,４４１　１２４３３２[４],2026-06-28,2026-07-03,20,若松,一般,１１２　１５３　２２[３],5252,荒木 颯斗,2026-09-01,2026-09-04,24,大村,一般,３　２３１３１４,2026-08-21,2026-08-26,03,江戸川,一般,６　２５１　４４欠,2026-08-10,2026-08-15,08,常滑,一般,１　２４３３１３４２[４],2026-07-30,2026-08-04,08,常滑,一般,３　４２２３１４５１[５],2026-07-18,2026-07-23,09,津,ＧⅢ,３　３５２　１５５１５５,5178,成貞 琳平,2026-09-01,2026-09-05,13,尼崎,一般,３　２６５　２４３,2026-08-20,2026-08-23,04,平和島,一般,４　６２４　５１,2026-08-04,2026-08-09,10,三国,一般,６６３　４　２５６４５２,2026-07-24,2026-07-27,02,戸田,一般,６３６　５　６４,2026-07-12,2026-07-16,05,多摩川,一般,３　３　６５２６１３,5280,廣瀬 凜,2026-09-04,2026-09-09,11,びわこ,一般,１１１２２１３　３１[４],2026-08-28,2026-09-02,05,多摩川,ＧⅢ,４１３３１２３　３２[２],2026-08-15,2026-08-20,11,びわこ,一般,３６１　１２１３２６１２,2026-07-30,2026-08-04,08,常滑,一般,１３４１３２２１４２[３],2026-07-18,2026-07-23,09,津,ＧⅢ,４１２　５１４　３　５不,5301,岩下 巧斗,2026-08-28,2026-09-02,05,多摩川,ＧⅢ,５４４　６　２１５４３１,2026-08-20,2026-08-23,04,平和島,一般,５　４６１５１,2026-08-11,2026-08-16,01,桐生,一般,５　３４６　１　３４２４,2026-08-04,2026-08-09,12,住之江,一般,３４２　２６３６２　１６,2026-07-23,2026-07-27,01,桐生,一般,４４４　２　３６１５
202609170710,2026-09-17,07,10R,5303,土井 歩夢,2026-09-04,2026-09-09,11,びわこ,一般,３４６４１　５　２５３,2026-08-23,2026-08-27,18,徳山,一般,１４５　３３４１４３,2026-08-07,2026-08-12,20,若松,一般,２５１２２　１５４　４５,2026-07-28,2026-07-31,24,大村,一般,２３２　１２[５],2026-07-19,2026-07-24,22,福岡,ＧⅢ,２　６２１　４６１５２５,5269,山口 晃朋,2026-08-31,2026-09-05,18,徳山,一般,１１２　３１１４１２[３],2026-08-21,2026-08-26,06,浜名湖,一般,２１１落１　１２１２[４],2026-08-11,2026-08-16,06,浜名湖,一般,２１２　１５４２６６１３,2026-07-28,2026-08-02,16,児島,一般,４６６１５５４　４　６４,2026-07-15,2026-07-21,12,住之江,一般,１　２２４　１１１１１１[６],5068,前田 滉,2026-09-02,2026-09-06,17,宮島,一般,１３１３１１２１[１],2026-08-24,2026-08-29,13,尼崎,一般,２６５１１　５１１３３１,2026-08-11,2026-08-16,07,蒲郡,一般,１６３１１１２１２２[４],2026-07-29,2026-08-01,18,徳山,一般,１４１２３１[１],2026-07-18,2026-07-23,09,津,ＧⅢ,１　４４４３１　４　２２,5246,楠 将太郎,2026-09-04,2026-09-09,11,びわこ,一般,５　１５転６６　６　４６,2026-08-12,2026-08-17,02,戸田,一般,２　４５２　３２５　４５,2026-08-06,2026-08-09,02,戸田,一般,２６３６５　５５,2026-07-29,2026-08-01,18,徳山,一般,４１１　５５２４,2026-07-18,2026-07-23,09,津,ＧⅢ,２　３６２　３　６　１１,5145,島川 海輝,2026-09-03,2026-09-06,02,戸田,一般,３１２　５３６２,2026-08-23,2026-08-27,18,徳山,一般,２５２　１１６１[４],2026-08-11,2026-08-16,19,下関,一般,４　６１４３１　２６５６,2026-07-30,2026-08-04,08,常滑,一般,６　２２４３１　３４１３,2026-07-19,2026-07-24,22,福岡,ＧⅢ,５５２　６　２１３６５６,5332,村松 遥輝,2026-08-24,2026-08-29,13,尼崎,一般,５　４６６　２６２　６２,2026-08-11,2026-08-16,06,浜名湖,一般,５４６　６６５　３　４６,2026-07-24,2026-07-27,06,浜名湖,一般,１１１４４　[５],2026-07-17,2026-07-22,16,児島,ＧⅢ,３２４　６　４３５　５５,2026-07-09,2026-07-13,14,鳴門,一般,３　６５５　４３６３
202609170711,2026-09-17,07,11R,5234,塚越 海斗,2026-09-04,2026-09-09,11,びわこ,一般,２６４　４２６２１６２５,2026-08-23,2026-08-27,18,徳山,一般,３１３１１２４１[１],2026-08-11,2026-08-16,01,桐生,一般,４３３　３４１６３　１４,2026-07-30,2026-08-04,08,常滑,一般,１２５３３４１２５２[２],2026-07-18,2026-07-23,09,津,ＧⅢ,４４６　６４１　２６５,5222,津田 陸翔,2026-09-04,2026-09-09,11,びわこ,一般,１　１５１３５１２２[３],2026-08-25,2026-08-30,17,宮島,一般,２　２２２５２１５５１５,2026-08-14,2026-08-19,17,宮島,一般,５６１５３１３　２６１２,2026-07-30,2026-08-04,08,常滑,一般,１　５２６１２３１２[６],2026-07-19,2026-07-24,22,福岡,ＧⅢ,６不２　１　３５５５６,5221,竹間 隆晟,2026-09-04,2026-09-09,11,びわこ,一般,１３５２４１１　２３４１,2026-08-27,2026-08-31,04,平和島,一般,４２１２２６５４１５,2026-07-18,2026-07-23,09,津,ＧⅢ,４転５　３２３　６３１,2026-07-01,2026-07-06,07,蒲郡,一般,４　１４２１２　２５３５,2026-06-20,2026-06-25,15,丸亀,一般,１５１４２　１６３２[２],5197,中野 仁照,2026-08-28,2026-09-02,05,多摩川,ＧⅢ,　　　　　　　　　　１２,2026-08-11,2026-08-16,07,蒲郡,一般,３３５　４２３　３６１５,2026-07-30,2026-08-04,08,常滑,一般,４４１　５６４　３　４１,2026-07-19,2026-07-23,05,多摩川,一般,５６５１５　６　２１,2026-06-11,2026-06-16,03,江戸川,一般,６６６　３６,5255,藤原 仙二,2026-09-04,2026-09-09,11,びわこ,一般,２　２３３１４１２１[５],2026-08-26,2026-08-31,11,びわこ,一般,１　４１５２３２４　２３,2026-07-18,2026-07-23,09,津,ＧⅢ,４１３　１２６　５　１６,2026-07-04,2026-07-09,01,桐生,一般,６　３１４３５２４６１２,2026-06-20,2026-06-25,15,丸亀,一般,３４２３１　３３１５３５,5166,仲道 大輔,2026-08-28,2026-09-02,05,多摩川,ＧⅢ,２　２４５５１２１２[６],2026-08-16,2026-08-19,14,鳴門,一般,１３２６１５１３,2026-08-04,2026-08-09,10,三国,一般,１４４１５　３２１５２６,2026-07-18,2026-07-23,09,津,ＧⅢ,５４４　４　１３６２４,2026-07-10,2026-07-13,19,下関,一般,１　４４３４５１
202609170712,2026-09-17,07,12R,5330,安河内鈴之介,2026-09-03,2026-09-06,02,戸田,一般,１２３１１　[５],2026-08-24,2026-08-29,13,尼崎,一般,１５６　３１２　６１[４],2026-08-10,2026-08-15,21,芦屋,一般,１　５６４１３３１２[２],2026-07-19,2026-07-24,22,福岡,ＧⅢ,３５３　１　３３５　２２,2026-07-10,2026-07-14,09,津,一般,３１３２３　２５２２,5279,石渡 翔一郎,2026-09-05,2026-09-11,03,江戸川,一般,１　２２４　５５１　４転,2026-08-26,2026-08-31,11,びわこ,一般,４　３４２　２４１３１３,2026-08-09,2026-08-15,03,江戸川,一般,２　２３４　２１転　３,2026-07-30,2026-08-04,08,常滑,一般,１　１４１４落５２　３４,2026-07-18,2026-07-23,09,津,ＧⅢ,５　２３６　欠　２５２３,5134,大原 祥昌,2026-09-04,2026-09-09,11,びわこ,一般,４　６２１４１４３３１４,2026-08-28,2026-08-31,23,からつ,一般,１１４　４２[３],2026-08-14,2026-08-19,17,宮島,一般,１　５６４３３３１　２３,2026-07-30,2026-08-04,08,常滑,一般,１６２　５１４３１３６２,2026-07-15,2026-07-21,12,住之江,一般,転　６３３　５２２　５５１３,5175,島崎 丈一朗,2026-08-24,2026-08-29,13,尼崎,一般,５　４５５　３４６　５,2026-08-11,2026-08-16,04,平和島,一般,３４４　６６６　４　３６,2026-07-30,2026-08-04,08,常滑,一般,３５６,2026-07-20,2026-07-25,15,丸亀,一般,５　３３３　５５６　２４,2026-07-10,2026-07-13,19,下関,一般,６３３　３５１,5337,出畑 孝成,2026-08-25,2026-08-30,17,宮島,一般,６　２３５５５　３３５,2026-08-12,2026-08-17,22,福岡,一般,４　２５３　４エ５　２３,2026-07-22,2026-07-27,14,鳴門,一般,１　５６４２５　３５４４,2026-07-10,2026-07-15,22,福岡,一般,６　３４６　４５５　４４,2026-06-30,2026-07-04,19,下関,一般,　　　　　　３６４１,5232,樅山 拓馬,2026-09-01,2026-09-05,13,尼崎,一般,４　３５４F６　４,2026-08-20,2026-08-23,24,大村,一般,３５５　１６２,2026-08-10,2026-08-15,08,常滑,一般,４２２　２１４６１　４４,2026-07-31,2026-08-05,05,多摩川,一般,１　４１３５４　１１５１,2026-07-17,2026-07-22,16,児島,ＧⅢ,３　２２２３４　３６２４
202609170801,2026-09-17,08,01R,3232,山川 美由紀,2026-08-30,2026-09-04,06,浜名湖,ＧⅢ,４１１　２５３４１６１４,2026-08-06,2026-08-11,18,徳山,ＧⅠ,６　４５６　４　３１２,2026-06-30,2026-07-05,23,からつ,一般,５５３５２　６　５　３,2026-06-21,2026-06-24,19,下関,一般,６３１４３　５１,2026-06-06,2026-06-11,15,丸亀,一般,３４４６３　２５４１５２,4897,深見 亜由美,2026-08-24,2026-08-29,10,三国,一般,３　２３４５５　２　５６,2026-08-11,2026-08-16,07,蒲郡,一般,１５５　５６３　３　２４,2026-07-19,2026-07-24,19,下関,ＧⅢ,６２３　１６５　５４３,2026-07-09,2026-07-13,14,鳴門,一般,４　４６５４４　５３,2026-06-24,2026-06-28,04,平和島,一般,５　６６５６６５,5052,赤井 星璃菜,2026-08-30,2026-09-04,06,浜名湖,ＧⅢ,５６１　３　５６５６４,2026-08-16,2026-08-19,14,鳴門,一般,５　２５４６３,2026-07-07,2026-07-12,11,びわこ,一般,６　５６４　６５,2026-06-24,2026-06-29,12,住之江,一般,３５６　２４１　５　１５,2026-06-06,2026-06-11,15,丸亀,一般,４　３３２　２１２５５４,5194,大久保 佑香,2026-08-24,2026-08-29,10,三国,一般,１　２１３５４２３５１２,2026-08-12,2026-08-17,02,戸田,一般,６２４　４５６　６６３,2026-07-25,2026-07-30,04,平和島,一般,１　４３５４１　６３１４,2026-07-03,2026-07-08,12,住之江,一般,５　４６６　２２６　６６,2026-05-27,2026-06-01,08,常滑,一般,４　６３５　６２４　４４,5438,星田 夢結,2026-08-18,2026-08-23,16,児島,一般,４　６６６　６６６　６５,2026-07-27,2026-07-31,19,下関,一般,５　６６６　６　５５,2026-07-05,2026-07-09,24,大村,一般,５　５５６６４　６,2026-06-15,2026-06-20,21,芦屋,一般,６６６　６６６　６　６６,2026-05-25,2026-05-30,17,宮島,一般,６６６　６３６　６　６５,5078,山川 波乙,2026-08-25,2026-08-30,09,津,一般,１５４　６５５　５　６５,2026-08-07,2026-08-11,15,丸亀,一般,６５３　４　６５２５,2026-07-13,2026-07-18,13,尼崎,ＧⅢ,１　３２３６４　１４４６,2026-07-01,2026-07-06,07,蒲郡,一般,３　４６３３４　２５１,2026-06-18,2026-06-21,20,若松,一般,６３５４４　３
202609170802,2026-09-17,08,02R,4909,薮内 瑞希,2026-08-27,2026-08-31,04,平和島,一般,エ　４６４　５３３,2026-08-08,2026-08-13,16,児島,一般,５４５　２　５５２　５６,2026-07-31,2026-08-04,13,尼崎,一般,５　２６４６５　３,2026-07-21,2026-07-26,23,からつ,一般,４　２６３　５２６　５２,2026-06-12,2026-06-17,22,福岡,ＧⅢ,３３１　４５１　５６１６,4479,矢野 真梨菜,2026-08-25,2026-08-30,09,津,一般,６　３６１　１３５５４４,2026-08-07,2026-08-11,15,丸亀,一般,１　６４１　４３５４,2026-07-19,2026-07-24,19,下関,ＧⅢ,４　２４３４４６６　５,2026-06-18,2026-06-23,02,戸田,一般,６　５４２４４　転,2026-05-24,2026-05-29,24,大村,一般,５４４　２４２　５３６,5182,宮崎 安奈,2026-08-12,2026-08-17,02,戸田,一般,６３６　５６６　６１１,2026-07-31,2026-08-05,01,桐生,ＧⅢ,２１６６３　４４１６２４,2026-07-18,2026-07-23,09,津,ＧⅢ,６　５３６　６　２２６３,2026-07-07,2026-07-12,11,びわこ,一般,５　５４２　５２３５４,2026-06-20,2026-06-25,06,浜名湖,一般,６　５６６　６４１　５４,5347,井澤 聖奈,2026-08-10,2026-08-15,08,常滑,一般,３　４６５　６６６　６６,2026-07-25,2026-07-30,04,平和島,一般,６　６５４　６６５　６６,2026-07-14,2026-07-19,01,桐生,一般,６６６　６　６６５　６,2026-07-01,2026-07-06,07,蒲郡,一般,５　６６５６６　５　４,2026-06-21,2026-06-24,10,三国,一般,４　６６６　６６,5365,石村 日奈那,2026-08-25,2026-08-30,09,津,一般,５　５１４　６５４　３２,2026-08-11,2026-08-16,04,平和島,一般,５６５　１　２６２５２,2026-07-31,2026-08-04,13,尼崎,一般,５　１５４　５６２６,2026-06-24,2026-06-29,12,住之江,一般,５４６　５５２　４　２５,2026-06-07,2026-06-11,05,多摩川,一般,４６５　５　５F６,5439,志賀 美優,2026-08-30,2026-09-04,06,浜名湖,ＧⅢ,６　６５５　６６６　５６,2026-08-11,2026-08-16,07,蒲郡,一般,６６６　６６５　５　６６,2026-07-14,2026-07-19,01,桐生,一般,６　３６６　５６６　６,2026-07-07,2026-07-12,08,常滑,一般,　　　　　　　　　　６５,2026-06-24,2026-06-29,12,住之江,一般,４６６　５６５　６　６
202609170803,2026-09-17,08,03R,5346,中村 紋夕梨,2026-08-30,2026-09-04,06,浜名湖,ＧⅢ,４６５　６４１　４　２６,2026-08-12,2026-08-17,24,大村,ＧⅢ,６４２３５　５１４　４,2026-07-31,2026-08-04,13,尼崎,一般,５　６６５　４６６,2026-07-17,2026-07-20,02,戸田,一般,４　６６４　５４,2026-06-23,2026-06-28,07,蒲郡,一般,４　６５４　３６４　２５,5079,大石 真央,2026-08-30,2026-09-04,06,浜名湖,ＧⅢ,５　４５４　３１１　３６,2026-07-07,2026-07-12,11,びわこ,一般,２５５　２　２５５１６３,2026-06-18,2026-06-23,02,戸田,一般,２３３　５６５　５　３３,2026-06-06,2026-06-10,06,浜名湖,一般,３３５　２４２　３F,2026-05-22,2026-05-26,23,からつ,一般,５２５４２　４　２４,5254,羽田 妃希,2026-08-12,2026-08-17,24,大村,ＧⅢ,４３６　１５落　６　４３,2026-07-19,2026-07-24,19,下関,ＧⅢ,４６６　４　６６５　２,2026-07-07,2026-07-12,11,びわこ,一般,　　　　　　　　　　５３,2026-07-01,2026-07-06,07,蒲郡,一般,５４転　５　１３２　５３,2026-06-20,2026-06-25,06,浜名湖,一般,５５５　６６３　３　５５,5203,神里 琴音,2026-08-24,2026-08-29,10,三国,一般,５１６　４　４６２　４２,2026-08-10,2026-08-15,21,芦屋,一般,６５４　３４５　２　４４,2026-07-25,2026-07-30,04,平和島,一般,４２３　妨４３　６　２５,2026-07-07,2026-07-12,11,びわこ,一般,６４,2026-06-12,2026-06-17,22,福岡,ＧⅢ,４４１　２５落,4045,佐々木 裕美,2026-08-25,2026-08-30,09,津,一般,転６５　６　２６,2026-08-15,2026-08-20,18,徳山,一般,４２４　４　６２４５４,2026-07-31,2026-08-05,01,桐生,ＧⅢ,１　２３４６１６４１６,2026-07-19,2026-07-24,19,下関,ＧⅢ,１２３５１　３　１６１５,2026-07-07,2026-07-12,11,びわこ,一般,６６２　６　６３６　３４,5436,市川 瑚幸,2026-08-30,2026-09-04,06,浜名湖,ＧⅢ,６６４　６６６　６　６６,2026-08-11,2026-08-16,04,平和島,一般,転６６　６　３５５６６,2026-07-25,2026-07-30,04,平和島,一般,６　３６６　５５６　５６,2026-06-29,2026-07-04,08,常滑,一般,６　６５６　６６５６６,2026-06-24,2026-06-28,04,平和島,一般,６６６　４６
202609170804,2026-09-17,08,04R,5272,松田 真実,2026-08-25,2026-08-30,09,津,一般,４　２４３　４４２４６１,2026-08-12,2026-08-17,24,大村,ＧⅢ,１　１６４　２３１２[６],2026-07-19,2026-07-24,19,下関,ＧⅢ,１　３６３４４　５６４６,2026-07-01,2026-07-06,07,蒲郡,一般,１５２　６４３　６４１,2026-06-21,2026-06-24,10,三国,一般,６６６　６,4534,坂 咲友理,2026-08-12,2026-08-17,24,大村,ＧⅢ,２　１５３　２２４６１６,2026-07-13,2026-07-18,13,尼崎,ＧⅢ,４６５　５　１６２　５６,2026-06-24,2026-06-29,12,住之江,一般,３　４５４　５５６　３３,2026-05-30,2026-06-04,05,多摩川,ＧⅢ,６　１３５５５　３　３２,2026-04-29,2026-05-04,14,鳴門,ＧⅢ,２　５　６５４４３　６６,5129,山口 真喜子,2026-08-25,2026-08-30,17,宮島,一般,３５３　３２２４３６２４,2026-08-12,2026-08-17,24,大村,ＧⅢ,１２５６４５１　２３１２,2026-07-31,2026-08-05,01,桐生,ＧⅢ,１　５１２５１２５　１５,2026-07-19,2026-07-24,19,下関,ＧⅢ,５　３４１２６　１２６４,2026-07-07,2026-07-12,11,びわこ,一般,５２３　２４４３１４４１,4190,長嶋 万記,2026-08-30,2026-09-04,06,浜名湖,ＧⅢ,２４２　１１２３２４３３,2026-08-18,2026-08-23,16,児島,一般,３２３５３２５　F３４,2026-08-06,2026-08-11,18,徳山,ＧⅠ,２６３　５　５３２　３５,2026-07-25,2026-07-30,04,平和島,一般,２３２　３２１１１５１１,2026-07-10,2026-07-15,06,浜名湖,一般,１５１１３　３１２１[４],5297,南 彩寧,2026-08-18,2026-08-23,16,児島,一般,５１６　２４４　１３５６,2026-08-09,2026-08-14,13,尼崎,一般,５　４４６　５４５　５,2026-07-25,2026-07-30,04,平和島,一般,６６６　６,2026-07-07,2026-07-12,11,びわこ,一般,５　６１５３４　６６４,2026-06-18,2026-06-23,02,戸田,一般,５　２４６　３４５　落６,5357,田中 瀬里奈,2026-09-05,2026-09-10,04,平和島,一般,６５６　４　６６６　３,2026-08-12,2026-08-17,02,戸田,一般,６　４６４　６６５６６,2026-07-22,2026-07-26,08,常滑,一般,６　６６５　６６６６,2026-07-11,2026-07-14,04,平和島,一般,６　５　６４５６,2026-06-20,2026-06-25,06,浜名湖,一般,６　６５６　６５６　４
202609170805,2026-09-17,08,05R,4433,川野 芽唯,2026-08-30,2026-09-04,06,浜名湖,ＧⅢ,１３４２１　５１３３２１,2026-08-17,2026-08-20,20,若松,一般,３３３１４２[５],2026-08-06,2026-08-11,18,徳山,ＧⅠ,３　１１２２２　１　[１],2026-07-28,2026-08-02,15,丸亀,一般,４１１　３１３１３１[４],2026-07-10,2026-07-15,06,浜名湖,一般,４３１　５１１３１２[２],5146,野田 彩加,2026-08-30,2026-09-04,06,浜名湖,ＧⅢ,４　３６５１転,2026-08-15,2026-08-20,18,徳山,一般,２３５５３　４４４　６１,2026-07-28,2026-08-02,15,丸亀,一般,５　２５２　２５４３１,2026-07-19,2026-07-24,22,福岡,ＧⅢ,６　５３２　３２５５３,2026-07-10,2026-07-15,06,浜名湖,一般,６　１３２６４２６６２４,5324,畑田 希咲,2026-08-30,2026-09-04,06,浜名湖,ＧⅢ,６４２　３３５　４４４,2026-08-09,2026-08-14,13,尼崎,一般,６　５６４　３４５　３,2026-07-25,2026-07-30,04,平和島,一般,５　５５４　４３２　５５,2026-07-13,2026-07-18,13,尼崎,ＧⅢ,５　５５５　４６４　６,2026-06-18,2026-06-23,02,戸田,一般,４　５５落　６３５　４６,5230,石原 凪紗,2026-08-24,2026-08-29,10,三国,一般,２４５　４　６６５　３,2026-08-11,2026-08-16,07,蒲郡,一般,４５４　５　１５５　２６,2026-07-31,2026-08-05,05,多摩川,一般,６５１　４５４　４４１,2026-07-19,2026-07-24,19,下関,ＧⅢ,６３２　２３２　１４１２,2026-07-01,2026-07-06,07,蒲郡,一般,６５２　６５５　４　６２,5251,沼田 七華,2026-07-25,2026-07-30,04,平和島,一般,６３１　５５４　４転４,2026-06-12,2026-06-17,22,福岡,ＧⅢ,５６５　４６３　５　６５,2026-05-16,2026-05-21,17,宮島,一般,６　３６４　５６落６５,2026-05-02,2026-05-07,10,三国,一般,６　３５５　６６５　５５,2026-02-02,2026-02-07,15,丸亀,一般,４　５　６５５　６　５,4938,小芦 るり華,2026-08-30,2026-09-04,06,浜名湖,ＧⅢ,５５１　１２２１３３３１,2026-08-18,2026-08-23,16,児島,一般,２６５３４４１,2026-08-06,2026-08-11,18,徳山,ＧⅠ,３５３　３　６３４　３４,2026-07-28,2026-08-02,15,丸亀,一般,２６４１２　１１１２[２],2026-07-19,2026-07-24,22,福岡,ＧⅢ,２４５　５５１　５１４
202609170806,2026-09-17,08,06R,4556,竹井 奈美,2026-08-24,2026-08-29,10,三国,一般,２４２　４１１３５５１１,2026-08-06,2026-08-11,18,徳山,ＧⅠ,１５２　２　１６５　１５,2026-07-19,2026-07-24,19,下関,ＧⅢ,４４１　５３２４３４２３,2026-06-30,2026-07-05,23,からつ,一般,２３１　６２２４１３２１,2026-06-12,2026-06-17,22,福岡,ＧⅢ,１　２２３１１３３２[１],5182,宮崎 安奈,2026-08-12,2026-08-17,02,戸田,一般,６３６　５６６　６１１,2026-07-31,2026-08-05,01,桐生,ＧⅢ,２１６６３　４４１６２４,2026-07-18,2026-07-23,09,津,ＧⅢ,６　５３６　６　２２６３,2026-07-07,2026-07-12,11,びわこ,一般,５　５４２　５２３５４,2026-06-20,2026-06-25,06,浜名湖,一般,６　５６６　６４１　５４,4941,孫崎 百世,2026-09-05,2026-09-10,04,平和島,一般,３６２　４　４６２　４５,2026-08-24,2026-08-29,10,三国,一般,５　４４３　６　６３転,2026-08-15,2026-08-20,11,びわこ,一般,６２６　５　２５４　５２,2026-07-19,2026-07-24,19,下関,ＧⅢ,５　５４３５４　４　３５,2026-07-07,2026-07-12,11,びわこ,一般,　　　　　　　　　　５３,5155,内山 七海,2026-09-02,2026-09-06,17,宮島,一般,２１１６４　４６４４,2026-08-24,2026-08-29,10,三国,一般,１エ１　１２５２１４１６,2026-08-06,2026-08-11,18,徳山,ＧⅠ,６　１　４落３　４３１,2026-07-19,2026-07-24,22,福岡,ＧⅢ,４　３４２　１６,2026-07-10,2026-07-15,06,浜名湖,一般,６４２１６１４　３　３３,5439,志賀 美優,2026-08-30,2026-09-04,06,浜名湖,ＧⅢ,６　６５５　６６６　５６,2026-08-11,2026-08-16,07,蒲郡,一般,６６６　６６５　５　６６,2026-07-14,2026-07-19,01,桐生,一般,６　３６６　５６６　６,2026-07-07,2026-07-12,08,常滑,一般,　　　　　　　　　　６５,2026-06-24,2026-06-29,12,住之江,一般,４６６　５６５　６　６,4765,野田部 宏子,2026-08-18,2026-08-23,16,児島,一般,４　５６６　６６,2026-08-07,2026-08-11,15,丸亀,一般,１　１６１５６２[６],2026-07-25,2026-07-30,04,平和島,一般,４　３１２　４５３４１５,2026-07-18,2026-07-21,20,若松,一般,５５５２５　１,2026-06-09,2026-06-13,07,蒲郡,一般,６　４３４３４３２
202609170807,2026-09-17,08,07R,4897,深見 亜由美,2026-08-24,2026-08-29,10,三国,一般,３　２３４５５　２　５６,2026-08-11,2026-08-16,07,蒲郡,一般,１５５　５６３　３　２４,2026-07-19,2026-07-24,19,下関,ＧⅢ,６２３　１６５　５４３,2026-07-09,2026-07-13,14,鳴門,一般,４　４６５４４　５３,2026-06-24,2026-06-28,04,平和島,一般,５　６６５６６５,5203,神里 琴音,2026-08-24,2026-08-29,10,三国,一般,５１６　４　４６２　４２,2026-08-10,2026-08-15,21,芦屋,一般,６５４　３４５　２　４４,2026-07-25,2026-07-30,04,平和島,一般,４２３　妨４３　６　２５,2026-07-07,2026-07-12,11,びわこ,一般,６４,2026-06-12,2026-06-17,22,福岡,ＧⅢ,４４１　２５落,4479,矢野 真梨菜,2026-08-25,2026-08-30,09,津,一般,６　３６１　１３５５４４,2026-08-07,2026-08-11,15,丸亀,一般,１　６４１　４３５４,2026-07-19,2026-07-24,19,下関,ＧⅢ,４　２４３４４６６　５,2026-06-18,2026-06-23,02,戸田,一般,６　５４２４４　転,2026-05-24,2026-05-29,24,大村,一般,５４４　２４２　５３６,5436,市川 瑚幸,2026-08-30,2026-09-04,06,浜名湖,ＧⅢ,６６４　６６６　６　６６,2026-08-11,2026-08-16,04,平和島,一般,転６６　６　３５５６６,2026-07-25,2026-07-30,04,平和島,一般,６　３６６　５５６　５６,2026-06-29,2026-07-04,08,常滑,一般,６　６５６　６６５６６,2026-06-24,2026-06-28,04,平和島,一般,６６６　４６,5194,大久保 佑香,2026-08-24,2026-08-29,10,三国,一般,１　２１３５４２３５１２,2026-08-12,2026-08-17,02,戸田,一般,６２４　４５６　６６３,2026-07-25,2026-07-30,04,平和島,一般,１　４３５４１　６３１４,2026-07-03,2026-07-08,12,住之江,一般,５　４６６　２２６　６６,2026-05-27,2026-06-01,08,常滑,一般,４　６３５　６２４　４４,4825,倉持 莉々,2026-08-30,2026-09-04,06,浜名湖,ＧⅢ,１６２１２　１１２１[１],2026-08-18,2026-08-23,16,児島,一般,２３１３３１２　３３２１,2026-08-06,2026-08-11,18,徳山,ＧⅠ,１５２　１　６５１　５４,2026-07-25,2026-07-30,04,平和島,一般,１１３４１２１　２１[１],2026-07-07,2026-07-12,11,びわこ,一般,２４４５１３２２１２[４]
202609170808,2026-09-17,08,08R,5347,井澤 聖奈,2026-08-10,2026-08-15,08,常滑,一般,３　４６５　６６６　６６,2026-07-25,2026-07-30,04,平和島,一般,６　６５４　６６５　６６,2026-07-14,2026-07-19,01,桐生,一般,６６６　６　６６５　６,2026-07-01,2026-07-06,07,蒲郡,一般,５　６６５６６　５　４,2026-06-21,2026-06-24,10,三国,一般,４　６６６　６６,5365,石村 日奈那,2026-08-25,2026-08-30,09,津,一般,５　５１４　６５４　３２,2026-08-11,2026-08-16,04,平和島,一般,５６５　１　２６２５２,2026-07-31,2026-08-04,13,尼崎,一般,５　１５４　５６２６,2026-06-24,2026-06-29,12,住之江,一般,５４６　５５２　４　２５,2026-06-07,2026-06-11,05,多摩川,一般,４６５　５　５F６,5297,南 彩寧,2026-08-18,2026-08-23,16,児島,一般,５１６　２４４　１３５６,2026-08-09,2026-08-14,13,尼崎,一般,５　４４６　５４５　５,2026-07-25,2026-07-30,04,平和島,一般,６６６　６,2026-07-07,2026-07-12,11,びわこ,一般,５　６１５３４　６６４,2026-06-18,2026-06-23,02,戸田,一般,５　２４６　３４５　落６,4045,佐々木 裕美,2026-08-25,2026-08-30,09,津,一般,転６５　６　２６,2026-08-15,2026-08-20,18,徳山,一般,４２４　４　６２４５４,2026-07-31,2026-08-05,01,桐生,ＧⅢ,１　２３４６１６４１６,2026-07-19,2026-07-24,19,下関,ＧⅢ,１２３５１　３　１６１５,2026-07-07,2026-07-12,11,びわこ,一般,６６２　６　６３６　３４,5346,中村 紋夕梨,2026-08-30,2026-09-04,06,浜名湖,ＧⅢ,４６５　６４１　４　２６,2026-08-12,2026-08-17,24,大村,ＧⅢ,６４２３５　５１４　４,2026-07-31,2026-08-04,13,尼崎,一般,５　６６５　４６６,2026-07-17,2026-07-20,02,戸田,一般,４　６６４　５４,2026-06-23,2026-06-28,07,蒲郡,一般,４　６５４　３６４　２５,5438,星田 夢結,2026-08-18,2026-08-23,16,児島,一般,４　６６６　６６６　６５,2026-07-27,2026-07-31,19,下関,一般,５　６６６　６　５５,2026-07-05,2026-07-09,24,大村,一般,５　５５６６４　６,2026-06-15,2026-06-20,21,芦屋,一般,６６６　６６６　６　６６,2026-05-25,2026-05-30,17,宮島,一般,６６６　６３６　６　６５
202609170809,2026-09-17,08,09R,5254,羽田 妃希,2026-08-12,2026-08-17,24,大村,ＧⅢ,４３６　１５落　６　４３,2026-07-19,2026-07-24,19,下関,ＧⅢ,４６６　４　６６５　２,2026-07-07,2026-07-12,11,びわこ,一般,　　　　　　　　　　５３,2026-07-01,2026-07-06,07,蒲郡,一般,５４転　５　１３２　５３,2026-06-20,2026-06-25,06,浜名湖,一般,５５５　６６３　３　５５,5251,沼田 七華,2026-07-25,2026-07-30,04,平和島,一般,６３１　５５４　４転４,2026-06-12,2026-06-17,22,福岡,ＧⅢ,５６５　４６３　５　６５,2026-05-16,2026-05-21,17,宮島,一般,６　３６４　５６落６５,2026-05-02,2026-05-07,10,三国,一般,６　３５５　６６５　５５,2026-02-02,2026-02-07,15,丸亀,一般,４　５　６５５　６　５,3232,山川 美由紀,2026-08-30,2026-09-04,06,浜名湖,ＧⅢ,４１１　２５３４１６１４,2026-08-06,2026-08-11,18,徳山,ＧⅠ,６　４５６　４　３１２,2026-06-30,2026-07-05,23,からつ,一般,５５３５２　６　５　３,2026-06-21,2026-06-24,19,下関,一般,６３１４３　５１,2026-06-06,2026-06-11,15,丸亀,一般,３４４６３　２５４１５２,5324,畑田 希咲,2026-08-30,2026-09-04,06,浜名湖,ＧⅢ,６４２　３３５　４４４,2026-08-09,2026-08-14,13,尼崎,一般,６　５６４　３４５　３,2026-07-25,2026-07-30,04,平和島,一般,５　５５４　４３２　５５,2026-07-13,2026-07-18,13,尼崎,ＧⅢ,５　５５５　４６４　６,2026-06-18,2026-06-23,02,戸田,一般,４　５５落　６３５　４６,5052,赤井 星璃菜,2026-08-30,2026-09-04,06,浜名湖,ＧⅢ,５６１　３　５６５６４,2026-08-16,2026-08-19,14,鳴門,一般,５　２５４６３,2026-07-07,2026-07-12,11,びわこ,一般,６　５６４　６５,2026-06-24,2026-06-29,12,住之江,一般,３５６　２４１　５　１５,2026-06-06,2026-06-11,15,丸亀,一般,４　３３２　２１２５５４,5129,山口 真喜子,2026-08-25,2026-08-30,17,宮島,一般,３５３　３２２４３６２４,2026-08-12,2026-08-17,24,大村,ＧⅢ,１２５６４５１　２３１２,2026-07-31,2026-08-05,01,桐生,ＧⅢ,１　５１２５１２５　１５,2026-07-19,2026-07-24,19,下関,ＧⅢ,５　３４１２６　１２６４,2026-07-07,2026-07-12,11,びわこ,一般,５２３　２４４３１４４１
202609170810,2026-09-17,08,10R,4938,小芦 るり華,2026-08-30,2026-09-04,06,浜名湖,ＧⅢ,５５１　１２２１３３３１,2026-08-18,2026-08-23,16,児島,一般,２６５３４４１,2026-08-06,2026-08-11,18,徳山,ＧⅠ,３５３　３　６３４　３４,2026-07-28,2026-08-02,15,丸亀,一般,２６４１２　１１１２[２],2026-07-19,2026-07-24,22,福岡,ＧⅢ,２４５　５５１　５１４,4190,長嶋 万記,2026-08-30,2026-09-04,06,浜名湖,ＧⅢ,２４２　１１２３２４３３,2026-08-18,2026-08-23,16,児島,一般,３２３５３２５　F３４,2026-08-06,2026-08-11,18,徳山,ＧⅠ,２６３　５　５３２　３５,2026-07-25,2026-07-30,04,平和島,一般,２３２　３２１１１５１１,2026-07-10,2026-07-15,06,浜名湖,一般,１５１１３　３１２１[４],4556,竹井 奈美,2026-08-24,2026-08-29,10,三国,一般,２４２　４１１３５５１１,2026-08-06,2026-08-11,18,徳山,ＧⅠ,１５２　２　１６５　１５,2026-07-19,2026-07-24,19,下関,ＧⅢ,４４１　５３２４３４２３,2026-06-30,2026-07-05,23,からつ,一般,２３１　６２２４１３２１,2026-06-12,2026-06-17,22,福岡,ＧⅢ,１　２２３１１３３２[１],5272,松田 真実,2026-08-25,2026-08-30,09,津,一般,４　２４３　４４２４６１,2026-08-12,2026-08-17,24,大村,ＧⅢ,１　１６４　２３１２[６],2026-07-19,2026-07-24,19,下関,ＧⅢ,１　３６３４４　５６４６,2026-07-01,2026-07-06,07,蒲郡,一般,１５２　６４３　６４１,2026-06-21,2026-06-24,10,三国,一般,６６６　６,4941,孫崎 百世,2026-09-05,2026-09-10,04,平和島,一般,３６２　４　４６２　４５,2026-08-24,2026-08-29,10,三国,一般,５　４４３　６　６３転,2026-08-15,2026-08-20,11,びわこ,一般,６２６　５　２５４　５２,2026-07-19,2026-07-24,19,下関,ＧⅢ,５　５４３５４　４　３５,2026-07-07,2026-07-12,11,びわこ,一般,　　　　　　　　　　５３,5079,大石 真央,2026-08-30,2026-09-04,06,浜名湖,ＧⅢ,５　４５４　３１１　３６,2026-07-07,2026-07-12,11,びわこ,一般,２５５　２　２５５１６３,2026-06-18,2026-06-23,02,戸田,一般,２３３　５６５　５　３３,2026-06-06,2026-06-10,06,浜名湖,一般,３３５　２４２　３F,2026-05-22,2026-05-26,23,からつ,一般,５２５４２　４　２４
202609170811,2026-09-17,08,11R,4825,倉持 莉々,2026-08-30,2026-09-04,06,浜名湖,ＧⅢ,１６２１２　１１２１[１],2026-08-18,2026-08-23,16,児島,一般,２３１３３１２　３３２１,2026-08-06,2026-08-11,18,徳山,ＧⅠ,１５２　１　６５１　５４,2026-07-25,2026-07-30,04,平和島,一般,１１３４１２１　２１[１],2026-07-07,2026-07-12,11,びわこ,一般,２４４５１３２２１２[４],4433,川野 芽唯,2026-08-30,2026-09-04,06,浜名湖,ＧⅢ,１３４２１　５１３３２１,2026-08-17,2026-08-20,20,若松,一般,３３３１４２[５],2026-08-06,2026-08-11,18,徳山,ＧⅠ,３　１１２２２　１　[１],2026-07-28,2026-08-02,15,丸亀,一般,４１１　３１３１３１[４],2026-07-10,2026-07-15,06,浜名湖,一般,４３１　５１１３１２[２],5146,野田 彩加,2026-08-30,2026-09-04,06,浜名湖,ＧⅢ,４　３６５１転,2026-08-15,2026-08-20,18,徳山,一般,２３５５３　４４４　６１,2026-07-28,2026-08-02,15,丸亀,一般,５　２５２　２５４３１,2026-07-19,2026-07-24,22,福岡,ＧⅢ,６　５３２　３２５５３,2026-07-10,2026-07-15,06,浜名湖,一般,６　１３２６４２６６２４,4909,薮内 瑞希,2026-08-27,2026-08-31,04,平和島,一般,エ　４６４　５３３,2026-08-08,2026-08-13,16,児島,一般,５４５　２　５５２　５６,2026-07-31,2026-08-04,13,尼崎,一般,５　２６４６５　３,2026-07-21,2026-07-26,23,からつ,一般,４　２６３　５２６　５２,2026-06-12,2026-06-17,22,福岡,ＧⅢ,３３１　４５１　５６１６,4534,坂 咲友理,2026-08-12,2026-08-17,24,大村,ＧⅢ,２　１５３　２２４６１６,2026-07-13,2026-07-18,13,尼崎,ＧⅢ,４６５　５　１６２　５６,2026-06-24,2026-06-29,12,住之江,一般,３　４５４　５５６　３３,2026-05-30,2026-06-04,05,多摩川,ＧⅢ,６　１３５５５　３　３２,2026-04-29,2026-05-04,14,鳴門,ＧⅢ,２　５　６５４４３　６６,5155,内山 七海,2026-09-02,2026-09-06,17,宮島,一般,２１１６４　４６４４,2026-08-24,2026-08-29,10,三国,一般,１エ１　１２５２１４１６,2026-08-06,2026-08-11,18,徳山,ＧⅠ,６　１　４落３　４３１,2026-07-19,2026-07-24,22,福岡,ＧⅢ,４　３４２　１６,2026-07-10,2026-07-15,06,浜名湖,一般,６４２１６１４　３　３３
202609170812,2026-09-17,08,12R,4502,遠藤 エミ,2026-09-03,2026-09-08,09,津,ＧⅠ,４２６　１　４１５　１６,2026-08-25,2026-08-30,17,宮島,一般,１３１　２２３１５１[１],2026-08-15,2026-08-20,11,びわこ,一般,１２２６４４２　２３５３,2026-08-06,2026-08-11,18,徳山,ＧⅠ,１　５３３６２　５　１４,2026-07-28,2026-08-02,11,びわこ,ＳＧ,５６１　１１６　３１１,4964,土屋 南,2026-08-18,2026-08-23,16,児島,一般,２４３　４６２２５１４３,2026-08-06,2026-08-11,18,徳山,ＧⅠ,３　２６２　１　３　２４,2026-07-19,2026-07-24,19,下関,ＧⅢ,５　３３２１４　３５１４,2026-07-07,2026-07-12,11,びわこ,一般,１４３２４１１　３２[３],2026-06-24,2026-06-29,12,住之江,一般,３　４４４　２４４２２,4208,三浦 永理,2026-08-30,2026-09-04,06,浜名湖,ＧⅢ,２２１１２１４　５１[６],2026-08-18,2026-08-23,16,児島,一般,１　１３３１１３２１[２],2026-08-06,2026-08-11,18,徳山,ＧⅠ,１１６　６　３３１　２５,2026-07-25,2026-07-30,04,平和島,一般,２　３２３１２１２２[２],2026-07-13,2026-07-18,13,尼崎,ＧⅢ,１５３　４２２２１６１３,5188,武井 莉里佳,2026-08-30,2026-09-04,06,浜名湖,ＧⅢ,１１２４１２３　４１[２],2026-08-18,2026-08-23,16,児島,一般,３５１　１３３４４５１１,2026-08-06,2026-08-11,18,徳山,ＧⅠ,３　３　３５５　２３３,2026-07-19,2026-07-24,22,福岡,ＧⅢ,４　５５６　１６４２５,2026-07-11,2026-07-14,04,平和島,一般,１　１６１１[２],4764,小池 礼乃,2026-08-28,2026-08-31,23,からつ,一般,４　５２２５１４,2026-08-10,2026-08-15,21,芦屋,一般,３　６２１　５５２　３５,2026-07-18,2026-07-21,20,若松,一般,１５６３５　３２,2026-07-03,2026-07-08,13,尼崎,一般,６　１２２　５３２６３６,2026-05-27,2026-06-01,08,常滑,一般,４　５６３　１５４３３,4726,島田 なぎさ,2026-04-15,2026-04-20,09,津,一般,４１３　６５４　５４５６,2026-02-12,2026-02-17,04,平和島,ＧⅢ,５　１４３６２　４６６,2026-01-10,2026-01-15,05,多摩川,一般,３２　　５６２３５　５４,2025-11-21,2025-11-24,12,住之江,一般,６５６３５　６２,2025-10-24,2025-10-27,02,戸田,一般,２　４６５５４
202609170901,2026-09-17,09,01R,4581,吉村 誠,2026-08-31,2026-09-05,18,徳山,一般,１６３　１１６４３３１３,2026-08-20,2026-08-23,02,戸田,一般,２　２１２１[３],2026-08-11,2026-08-16,06,浜名湖,一般,２５１４１２５　１４２１,2026-07-31,2026-08-05,05,多摩川,一般,４　１３４３２３１６４３,2026-07-24,2026-07-27,12,住之江,一般,４２３３２２３,3973,崎 利仁,2026-08-27,2026-09-01,07,蒲郡,一般,５３６　６　４５３　５６,2026-08-11,2026-08-16,01,桐生,一般,６　３３４　２　１４１１,2026-07-31,2026-08-03,20,若松,一般,２　６６５５２,2026-07-15,2026-07-20,18,徳山,一般,２４３　２４４　５　５５,2026-07-05,2026-07-09,24,大村,一般,２　４５３　５２２３,4349,犬童 千秋,2026-08-25,2026-08-30,17,宮島,一般,５５４　５５６　２５３６,2026-07-14,2026-07-19,21,芦屋,一般,４　２６２４５　６２３,2026-06-28,2026-07-03,20,若松,一般,１　２　２２３５４６２５,2026-06-12,2026-06-17,22,福岡,ＧⅢ,２　４４２　２６F６４,2026-05-18,2026-05-23,18,徳山,ＧⅢ,４１５６３　２　５３４３,3619,長谷川 充,2026-08-26,2026-08-31,11,びわこ,一般,６　２３３３６　２６３,2026-08-02,2026-08-05,21,芦屋,一般,２　２４１５５３,2026-07-19,2026-07-23,05,多摩川,一般,１６５４３　４　３１,2026-07-07,2026-07-12,10,三国,ＧⅢ,３　２２３３６６３　２５,2026-06-25,2026-06-30,01,桐生,ＧⅢ,５４４　４２６　６　５４,3901,松田 憲幸,2026-08-26,2026-08-30,14,鳴門,一般,６　４５６　４　５５,2026-08-11,2026-08-16,19,下関,一般,１　２３６　３３１６６５,2026-07-29,2026-08-03,23,からつ,一般,６　３６５　４１５　６１,2026-07-18,2026-07-22,10,三国,一般,６　３６２　６　６２,2026-07-04,2026-07-09,18,徳山,一般,５１１　５１６３１５３３,5277,井上 未都,2026-09-05,2026-09-10,04,平和島,一般,３２４　２６,2026-08-24,2026-08-29,10,三国,一般,３１１　５６５　４　４４,2026-08-10,2026-08-15,21,芦屋,一般,４　５５３　３４４　５６,2026-07-19,2026-07-24,22,福岡,ＧⅢ,３　２　５２４　５　４５,2026-07-07,2026-07-12,08,常滑,一般,５３５　４６１　６２４３
202609170902,2026-09-17,09,02R,5204,宇恵 有香,2026-08-26,2026-08-30,14,鳴門,一般,６５４　６　２３６５,2026-08-15,2026-08-20,09,津,一般,５３６　２５４　４　４２,2026-08-08,2026-08-11,05,多摩川,一般,４　１６１　１４,2026-07-31,2026-08-05,01,桐生,ＧⅢ,３　６１６　３１５２[５],2026-07-10,2026-07-15,06,浜名湖,一般,３　５４４　４５５　５,3827,今泉 徹,2026-08-27,2026-09-01,07,蒲郡,一般,５　１５５５４　６　４５,2026-08-11,2026-08-16,01,桐生,一般,３　６４３　５　１６４４,2026-07-31,2026-08-03,20,若松,一般,６　４５５　１６,2026-07-17,2026-07-20,02,戸田,一般,５　３３４３４１,2026-07-04,2026-07-09,01,桐生,一般,４２３　６６２　３４１２,5356,長谷川 暖,2026-08-29,2026-09-03,19,下関,一般,２　１４２５４５１３１３,2026-08-15,2026-08-20,18,徳山,一般,４　６４１　４６５　４４,2026-07-29,2026-08-03,23,からつ,一般,４　５６４６４　１５２,2026-06-21,2026-06-24,10,三国,一般,６　３５５　４１,2026-06-07,2026-06-11,05,多摩川,一般,５１６　３６２　３１,3448,高山 秀雄,2026-08-30,2026-09-03,08,常滑,一般,４　４３４４２　３２,2026-05-19,2026-05-24,08,常滑,一般,６　３５５　３５４　４５,2026-05-01,2026-05-06,01,桐生,一般,６,2026-04-18,2026-04-23,05,多摩川,一般,５　１２３　５５２F５,2026-04-05,2026-04-10,02,戸田,一般,４５４　１５５　３２６２,3430,角浜 修,2026-08-26,2026-08-31,11,びわこ,一般,４　５１５５１　２６５,2026-08-14,2026-08-19,17,宮島,一般,４３４　３１６　６６６,2026-08-03,2026-08-08,19,下関,一般,６　５５３　５２６　３４,2026-07-21,2026-07-26,23,からつ,一般,５　６４２　２５１　５１,2026-07-09,2026-07-13,16,児島,一般,３４６６２　４　６５,3580,水口 由紀,2026-08-30,2026-09-04,06,浜名湖,ＧⅢ,２　４３３　２５３５３６,2026-08-15,2026-08-20,11,びわこ,一般,３　３４４４４　１３６,2026-07-19,2026-07-24,19,下関,ＧⅢ,３　３４４　５２３５３,2026-07-07,2026-07-12,11,びわこ,一般,２　１５６３５　５１４５,2026-06-17,2026-06-22,13,尼崎,一般,３４５　４３２６２５３２
202609170903,2026-09-17,09,03R,4119,泥谷 一毅,2026-08-30,2026-09-02,21,芦屋,一般,２１２　２４１２,2026-08-15,2026-08-20,11,びわこ,一般,６欠,2026-07-31,2026-08-05,05,多摩川,一般,１３２　１　３４３４３５,2026-07-18,2026-07-22,10,三国,一般,４　４１４３６５２５,2026-07-05,2026-07-09,24,大村,一般,１５３　４５１　２４,4423,坂口 貴彦,2026-08-26,2026-08-30,14,鳴門,一般,５３４　１　６４３４,2026-08-14,2026-08-19,17,宮島,一般,２２２　３３１　５４３６,2026-07-31,2026-08-03,20,若松,一般,４　６５,2026-07-15,2026-07-20,18,徳山,一般,６１４　３５４　４２２,2026-06-30,2026-07-05,06,浜名湖,一般,３　２２１　４４３２[４],5005,石田 貴洋,2026-09-01,2026-09-04,24,大村,一般,１５４２２６１２,2026-08-22,2026-08-26,20,若松,一般,２５４２３４２３３３,2026-08-11,2026-08-16,04,平和島,一般,３３５１４１５　１　５１,2026-07-29,2026-08-03,23,からつ,一般,１２３　２４３３３５５２,2026-07-17,2026-07-20,02,戸田,一般,１１３　３１[２],3268,森 竜也,2026-08-27,2026-09-01,07,蒲郡,一般,３　４２４　１３１６３６,2026-08-15,2026-08-20,09,津,一般,２３５　４２４　１６３,2026-08-03,2026-08-08,04,平和島,ＧⅢ,６　４４２　３３２３４４,2026-07-23,2026-07-28,21,芦屋,一般,５６５　３　５６５　６５,2026-07-10,2026-07-15,23,からつ,一般,３５１　４　５１５４４１,4695,尾崎 雄二,2026-08-30,2026-09-03,08,常滑,一般,３　６２４３５２３５,2026-08-17,2026-08-21,13,尼崎,一般,１　２５４１３４１６,2026-08-06,2026-08-10,24,大村,一般,３　５３１６３５５２,2026-07-27,2026-08-01,10,三国,一般,５５６５１　３　２６５１,2026-07-16,2026-07-21,11,びわこ,一般,５１４転,4136,江夏 満,2026-08-31,2026-09-05,20,若松,ＧⅢ,１３４　１１２３３２[５],2026-08-22,2026-08-27,22,福岡,一般,１６４４３１３　３３２２,2026-05-11,2026-05-15,08,常滑,一般,４２２１２３３４１３,2026-05-01,2026-05-06,20,若松,一般,３　４２２　４４５６１５,2026-04-21,2026-04-26,17,宮島,ＧⅠ,２４４　１　６５３　５１
202609170904,2026-09-17,09,04R,5359,佐藤 世那,2026-07-31,2026-08-03,20,若松,一般,５６５　６　５３,2026-07-17,2026-07-20,02,戸田,一般,４２２　１１２５,2026-07-01,2026-07-06,22,福岡,一般,５　６５６　５５２　４３,2026-06-20,2026-06-25,15,丸亀,一般,４　２５２　４５３　F６,2026-06-03,2026-06-08,21,芦屋,一般,６　２３１　４６６３１,4703,森永 隆,2026-08-28,2026-08-31,23,からつ,一般,３２１３転４２２,2026-08-15,2026-08-20,18,徳山,一般,１　２５４２４４２４４５,2026-08-07,2026-08-11,15,丸亀,一般,１５２３３４１２[２],2026-07-24,2026-07-29,17,宮島,一般,３６１４２１４　３６４５,2026-07-09,2026-07-13,14,鳴門,一般,２２１２１６２２[２],5327,西田 和加,2026-08-12,2026-08-17,24,大村,ＧⅢ,５　５５６　３４５　５６,2026-07-22,2026-07-26,08,常滑,一般,５５６　２　４４５６,2026-07-11,2026-07-14,04,平和島,一般,６　６　６５６６,2026-05-28,2026-06-02,01,桐生,一般,６　６４６　６６６,2026-05-01,2026-05-06,02,戸田,一般,５　６６５　F　６　６,5049,松井 友汰,2026-08-30,2026-09-03,08,常滑,一般,４５４　２４３　２１,2026-08-17,2026-08-21,13,尼崎,一般,１　３２１２１１[５],2026-07-11,2026-07-16,03,江戸川,一般,２　１３６　３５２２２５,2026-06-30,2026-07-04,19,下関,一般,４６２　１３１４６５,2026-06-17,2026-06-22,05,多摩川,一般,２３２　６３１　３３１４,4259,真庭 明志,2026-08-30,2026-09-02,21,芦屋,一般,２　３２４５２２,2026-08-17,2026-08-21,13,尼崎,一般,４４４　１３３　５１,2026-08-06,2026-08-10,24,大村,一般,２　１４４４１５１３,2026-07-25,2026-07-29,20,若松,一般,１　２３５３４３１３,2026-07-14,2026-07-17,24,大村,一般,１４１１６３５２,3567,吉岡 誠,2026-08-27,2026-09-01,07,蒲郡,一般,６　６５６　１　６６６,2026-08-16,2026-08-19,14,鳴門,一般,３６,2026-07-29,2026-08-03,22,福岡,一般,６　落欠,2026-07-22,2026-07-25,24,大村,一般,６３６　６　６４,2026-07-07,2026-07-12,08,常滑,一般,２　６２２　２５５４２２
202609170905,2026-09-17,09,05R,4702,三浦 敬太,2026-08-28,2026-09-02,05,多摩川,ＧⅢ,４　４１３５欠欠,2026-08-17,2026-08-21,13,尼崎,一般,４２３２２６１５１１,2026-08-03,2026-08-08,19,下関,一般,１２１　１１４１妨３１,2026-07-24,2026-07-27,02,戸田,一般,４６６６４６３,2026-07-14,2026-07-19,21,芦屋,一般,２２２　３５５５２５１１,4017,向井 美鈴,2026-08-29,2026-09-03,19,下関,一般,６１５３４　５　３５２,2026-08-15,2026-08-20,18,徳山,一般,５　１１５５３　１３１３,2026-07-10,2026-07-15,06,浜名湖,一般,３１２　４３６　２２[３],2026-06-24,2026-06-28,04,平和島,一般,６３６５３　１２,2026-06-14,2026-06-18,01,桐生,一般,５２６　６６６　５,3211,北川 敏弘,2026-09-01,2026-09-05,13,尼崎,一般,２６５　２　２５３３,2026-08-22,2026-08-26,20,若松,一般,４　６５４　５６６５,2026-08-09,2026-08-14,23,からつ,一般,６　４２２２５　２　４１,2026-07-24,2026-07-29,17,宮島,一般,４６４　５６４　５５５３,2026-07-14,2026-07-17,24,大村,一般,３５６　４　３５,4390,松本 弓雄,2026-08-26,2026-08-30,14,鳴門,一般,３６５　転　３５６５,2026-08-15,2026-08-20,18,徳山,一般,５２３　２２５　４５１６,2026-08-04,2026-08-09,12,住之江,一般,６　４６６,2026-07-22,2026-07-27,14,鳴門,一般,４６５　５４５　２５４５,2026-07-10,2026-07-15,23,からつ,一般,２　３３５　３２４６５４,5354,渡邊 雄斗,2026-09-04,2026-09-09,11,びわこ,一般,２３２　２５３６３６２３,2026-08-15,2026-08-20,09,津,一般,２５１　５４１　３３１６,2026-08-04,2026-08-09,12,住之江,一般,５　３５６　４６６　５,2026-07-28,2026-07-31,24,大村,一般,６５４　５　６２,2026-07-19,2026-07-23,05,多摩川,一般,１　２　４３５１[２],4458,抹香 雄三,2026-08-29,2026-09-03,16,児島,一般,３５３　４３５　２３３１,2026-08-14,2026-08-19,17,宮島,一般,６　３１２　３４３６１３,2026-08-04,2026-08-09,12,住之江,一般,５２３　２４２　２５３３,2026-07-23,2026-07-27,01,桐生,一般,３３１　４６４４３５,2026-07-10,2026-07-15,23,からつ,一般,３２２　３２６５３　２５
202609170906,2026-09-17,09,06R,5073,上原 健次郎,2026-08-30,2026-09-03,08,常滑,一般,４６３１２　４６４３,2026-08-20,2026-08-23,04,平和島,一般,５１２　５６２６,2026-08-10,2026-08-15,21,芦屋,一般,４　４５２　１５６６４４,2026-07-29,2026-08-03,22,福岡,一般,３　２５１５５４１４５２,2026-07-07,2026-07-12,02,戸田,ＧⅡ,３　５　５４５　４４６,3901,松田 憲幸,2026-08-26,2026-08-30,14,鳴門,一般,６　４５６　４　５５,2026-08-11,2026-08-16,19,下関,一般,１　２３６　３３１６６５,2026-07-29,2026-08-03,23,からつ,一般,６　３６５　４１５　６１,2026-07-18,2026-07-22,10,三国,一般,６　３６２　６　６２,2026-07-04,2026-07-09,18,徳山,一般,５１１　５１６３１５３３,4644,山田 亮太,2026-08-30,2026-09-02,21,芦屋,一般,４６１５４　１１,2026-08-15,2026-08-20,05,多摩川,一般,６１２　４１３３４５１５,2026-08-04,2026-08-09,12,住之江,一般,４　１６３５５　２２３１,2026-07-22,2026-07-26,08,常滑,一般,２２２　３３１転３,2026-07-14,2026-07-17,24,大村,一般,２２３２３２[３],5172,田村 慶,2026-08-27,2026-08-31,04,平和島,一般,１　２６５６６　１１,2026-08-16,2026-08-19,14,鳴門,一般,２　４２５２[５],2026-07-22,2026-07-27,14,鳴門,一般,２３１　５２４２２転,2026-07-15,2026-07-20,18,徳山,一般,４５２　１　４２１４３３,2026-06-29,2026-07-04,08,常滑,一般,２６５　５４１　２３２３,5356,長谷川 暖,2026-08-29,2026-09-03,19,下関,一般,２　１４２５４５１３１３,2026-08-15,2026-08-20,18,徳山,一般,４　６４１　４６５　４４,2026-07-29,2026-08-03,23,からつ,一般,４　５６４６４　１５２,2026-06-21,2026-06-24,10,三国,一般,６　３５５　４１,2026-06-07,2026-06-11,05,多摩川,一般,５１６　３６２　３１,3629,浅見 昌克,2026-08-31,2026-09-05,20,若松,ＧⅢ,５３６２１　１５３４２６,2026-08-20,2026-08-25,21,芦屋,一般,４２３６６　２６６　５４,2026-05-14,2026-05-18,10,三国,一般,１３５５３　４　３２,2026-05-01,2026-05-06,02,戸田,一般,４　３３１　１２３２３４,2026-04-21,2026-04-26,17,宮島,ＧⅠ,２　F　６５６　６　４
202609170907,2026-09-17,09,07R,3349,吉田 一郎,2026-08-29,2026-09-03,16,児島,一般,２　１４４４３１１２[５],2026-08-17,2026-08-20,20,若松,一般,４２１４１１[２],2026-08-06,2026-08-10,24,大村,一般,２２４　１４３６３５,2026-07-27,2026-07-31,19,下関,一般,５３５５１　３　４３,2026-07-15,2026-07-19,08,常滑,一般,６　１２１４１３４５,3430,角浜 修,2026-08-26,2026-08-31,11,びわこ,一般,４　５１５５１　２６５,2026-08-14,2026-08-19,17,宮島,一般,４３４　３１６　６６６,2026-08-03,2026-08-08,19,下関,一般,６　５５３　５２６　３４,2026-07-21,2026-07-26,23,からつ,一般,５　６４２　２５１　５１,2026-07-09,2026-07-13,16,児島,一般,３４６６２　４　６５,3900,香川 素子,2026-08-06,2026-08-11,18,徳山,ＧⅠ,落５３　１　６４４　６,2026-07-28,2026-08-02,15,丸亀,一般,３３４２４　５６６５２４,2026-07-19,2026-07-24,19,下関,ＧⅢ,２１４　４３３１３２[２],2026-07-07,2026-07-12,11,びわこ,一般,２２２４１５３　６６２４,2026-06-17,2026-06-22,13,尼崎,一般,１６１　１１１F２　５,4349,犬童 千秋,2026-08-25,2026-08-30,17,宮島,一般,５５４　５５６　２５３６,2026-07-14,2026-07-19,21,芦屋,一般,４　２６２４５　６２３,2026-06-28,2026-07-03,20,若松,一般,１　２　２２３５４６２５,2026-06-12,2026-06-17,22,福岡,ＧⅢ,２　４４２　２６F６４,2026-05-18,2026-05-23,18,徳山,ＧⅢ,４１５６３　２　５３４３,3268,森 竜也,2026-08-27,2026-09-01,07,蒲郡,一般,３　４２４　１３１６３６,2026-08-15,2026-08-20,09,津,一般,２３５　４２４　１６３,2026-08-03,2026-08-08,04,平和島,ＧⅢ,６　４４２　３３２３４４,2026-07-23,2026-07-28,21,芦屋,一般,５６５　３　５６５　６５,2026-07-10,2026-07-15,23,からつ,一般,３５１　４　５１５４４１,4318,桑原 将光,2026-08-30,2026-09-02,21,芦屋,一般,２２１３３３２１,2026-07-23,2026-07-27,01,桐生,一般,５５２　エ３５３３,2026-07-15,2026-07-19,08,常滑,一般,４　４４３２６　１４,2026-07-05,2026-07-09,05,多摩川,一般,５　３３５３３　４１,2026-06-24,2026-06-29,03,江戸川,一般,３　４F３　４転５　４４
202609170908,2026-09-17,09,08R,4259,真庭 明志,2026-08-30,2026-09-02,21,芦屋,一般,２　３２４５２２,2026-08-17,2026-08-21,13,尼崎,一般,４４４　１３３　５１,2026-08-06,2026-08-10,24,大村,一般,２　１４４４１５１３,2026-07-25,2026-07-29,20,若松,一般,１　２３５３４３１３,2026-07-14,2026-07-17,24,大村,一般,１４１１６３５２,4106,坂井 康嗣,2026-08-21,2026-08-26,06,浜名湖,一般,４　４６２　２２６６６６,2026-08-03,2026-08-08,17,宮島,一般,３　４４３　６２３６４,2026-07-23,2026-07-27,01,桐生,一般,４　４２４４３　４５,2026-07-04,2026-07-09,18,徳山,一般,６　５６,2026-06-24,2026-06-29,09,津,一般,２　２５６　６１３４６６,3619,長谷川 充,2026-08-26,2026-08-31,11,びわこ,一般,６　２３３３６　２６３,2026-08-02,2026-08-05,21,芦屋,一般,２　２４１５５３,2026-07-19,2026-07-23,05,多摩川,一般,１６５４３　４　３１,2026-07-07,2026-07-12,10,三国,ＧⅢ,３　２２３３６６３　２５,2026-06-25,2026-06-30,01,桐生,ＧⅢ,５４４　４２６　６　５４,5005,石田 貴洋,2026-09-01,2026-09-04,24,大村,一般,１５４２２６１２,2026-08-22,2026-08-26,20,若松,一般,２５４２３４２３３３,2026-08-11,2026-08-16,04,平和島,一般,３３５１４１５　１　５１,2026-07-29,2026-08-03,23,からつ,一般,１２３　２４３３３５５２,2026-07-17,2026-07-20,02,戸田,一般,１１３　３１[２],3827,今泉 徹,2026-08-27,2026-09-01,07,蒲郡,一般,５　１５５５４　６　４５,2026-08-11,2026-08-16,01,桐生,一般,３　６４３　５　１６４４,2026-07-31,2026-08-03,20,若松,一般,６　４５５　１６,2026-07-17,2026-07-20,02,戸田,一般,５　３３４３４１,2026-07-04,2026-07-09,01,桐生,一般,４２３　６６２　３４１２,4058,野末 智一,2026-09-01,2026-09-04,24,大村,一般,２１１３４３３１,2026-08-22,2026-08-26,20,若松,一般,４６５２４,2026-08-11,2026-08-16,06,浜名湖,一般,１６４１２　２転２５５３,2026-07-24,2026-07-27,02,戸田,一般,４４２　３１１１,2026-07-15,2026-07-19,17,宮島,一般,４１３５３　２５６２
202609170909,2026-09-17,09,09R,4695,尾崎 雄二,2026-08-30,2026-09-03,08,常滑,一般,３　６２４３５２３５,2026-08-17,2026-08-21,13,尼崎,一般,１　２５４１３４１６,2026-08-06,2026-08-10,24,大村,一般,３　５３１６３５５２,2026-07-27,2026-08-01,10,三国,一般,５５６５１　３　２６５１,2026-07-16,2026-07-21,11,びわこ,一般,５１４転,4949,横田 貴満,2026-08-29,2026-09-03,16,児島,一般,３　２５５５３４,2026-08-20,2026-08-23,23,からつ,一般,４２４２４３４１,2026-08-06,2026-08-10,24,大村,一般,４１３３３　５３５３,2026-07-23,2026-07-27,01,桐生,一般,５２１３１２３５２４,2026-07-11,2026-07-16,03,江戸川,一般,４５１　４５５,3448,高山 秀雄,2026-08-30,2026-09-03,08,常滑,一般,４　４３４４２　３２,2026-05-19,2026-05-24,08,常滑,一般,６　３５５　３５４　４５,2026-05-01,2026-05-06,01,桐生,一般,６,2026-04-18,2026-04-23,05,多摩川,一般,５　１２３　５５２F５,2026-04-05,2026-04-10,02,戸田,一般,４５４　１５５　３２６２,5277,井上 未都,2026-09-05,2026-09-10,04,平和島,一般,３２４　２６,2026-08-24,2026-08-29,10,三国,一般,３１１　５６５　４　４４,2026-08-10,2026-08-15,21,芦屋,一般,４　５５３　３４４　５６,2026-07-19,2026-07-24,22,福岡,ＧⅢ,３　２　５２４　５　４５,2026-07-07,2026-07-12,08,常滑,一般,５３５　４６１　６２４３,4703,森永 隆,2026-08-28,2026-08-31,23,からつ,一般,３２１３転４２２,2026-08-15,2026-08-20,18,徳山,一般,１　２５４２４４２４４５,2026-08-07,2026-08-11,15,丸亀,一般,１５２３３４１２[２],2026-07-24,2026-07-29,17,宮島,一般,３６１４２１４　３６４５,2026-07-09,2026-07-13,14,鳴門,一般,２２１２１６２２[２],4390,松本 弓雄,2026-08-26,2026-08-30,14,鳴門,一般,３６５　転　３５６５,2026-08-15,2026-08-20,18,徳山,一般,５２３　２２５　４５１６,2026-08-04,2026-08-09,12,住之江,一般,６　４６６,2026-07-22,2026-07-27,14,鳴門,一般,４６５　５４５　２５４５,2026-07-10,2026-07-15,23,からつ,一般,２　３３５　３２４６５４
202609170910,2026-09-17,09,10R,4458,抹香 雄三,2026-08-29,2026-09-03,16,児島,一般,３５３　４３５　２３３１,2026-08-14,2026-08-19,17,宮島,一般,６　３１２　３４３６１３,2026-08-04,2026-08-09,12,住之江,一般,５２３　２４２　２５３３,2026-07-23,2026-07-27,01,桐生,一般,３３１　４６４４３５,2026-07-10,2026-07-15,23,からつ,一般,３２２　３２６５３　２５,4702,三浦 敬太,2026-08-28,2026-09-02,05,多摩川,ＧⅢ,４　４１３５欠欠,2026-08-17,2026-08-21,13,尼崎,一般,４２３２２６１５１１,2026-08-03,2026-08-08,19,下関,一般,１２１　１１４１妨３１,2026-07-24,2026-07-27,02,戸田,一般,４６６６４６３,2026-07-14,2026-07-19,21,芦屋,一般,２２２　３５５５２５１１,5359,佐藤 世那,2026-07-31,2026-08-03,20,若松,一般,５６５　６　５３,2026-07-17,2026-07-20,02,戸田,一般,４２２　１１２５,2026-07-01,2026-07-06,22,福岡,一般,５　６５６　５５２　４３,2026-06-20,2026-06-25,15,丸亀,一般,４　２５２　４５３　F６,2026-06-03,2026-06-08,21,芦屋,一般,６　２３１　４６６３１,5073,上原 健次郎,2026-08-30,2026-09-03,08,常滑,一般,４６３１２　４６４３,2026-08-20,2026-08-23,04,平和島,一般,５１２　５６２６,2026-08-10,2026-08-15,21,芦屋,一般,４　４５２　１５６６４４,2026-07-29,2026-08-03,22,福岡,一般,３　２５１５５４１４５２,2026-07-07,2026-07-12,02,戸田,ＧⅡ,３　５　５４５　４４６,4581,吉村 誠,2026-08-31,2026-09-05,18,徳山,一般,１６３　１１６４３３１３,2026-08-20,2026-08-23,02,戸田,一般,２　２１２１[３],2026-08-11,2026-08-16,06,浜名湖,一般,２５１４１２５　１４２１,2026-07-31,2026-08-05,05,多摩川,一般,４　１３４３２３１６４３,2026-07-24,2026-07-27,12,住之江,一般,４２３３２２３,4423,坂口 貴彦,2026-08-26,2026-08-30,14,鳴門,一般,５３４　１　６４３４,2026-08-14,2026-08-19,17,宮島,一般,２２２　３３１　５４３６,2026-07-31,2026-08-03,20,若松,一般,４　６５,2026-07-15,2026-07-20,18,徳山,一般,６１４　３５４　４２２,2026-06-30,2026-07-05,06,浜名湖,一般,３　２２１　４４３２[４]
202609170911,2026-09-17,09,11R,3629,浅見 昌克,2026-08-31,2026-09-05,20,若松,ＧⅢ,５３６２１　１５３４２６,2026-08-20,2026-08-25,21,芦屋,一般,４２３６６　２６６　５４,2026-05-14,2026-05-18,10,三国,一般,１３５５３　４　３２,2026-05-01,2026-05-06,02,戸田,一般,４　３３１　１２３２３４,2026-04-21,2026-04-26,17,宮島,ＧⅠ,２　F　６５６　６　４,4119,泥谷 一毅,2026-08-30,2026-09-02,21,芦屋,一般,２１２　２４１２,2026-08-15,2026-08-20,11,びわこ,一般,６欠,2026-07-31,2026-08-05,05,多摩川,一般,１３２　１　３４３４３５,2026-07-18,2026-07-22,10,三国,一般,４　４１４３６５２５,2026-07-05,2026-07-09,24,大村,一般,１５３　４５１　２４,5049,松井 友汰,2026-08-30,2026-09-03,08,常滑,一般,４５４　２４３　２１,2026-08-17,2026-08-21,13,尼崎,一般,１　３２１２１１[５],2026-07-11,2026-07-16,03,江戸川,一般,２　１３６　３５２２２５,2026-06-30,2026-07-04,19,下関,一般,４６２　１３１４６５,2026-06-17,2026-06-22,05,多摩川,一般,２３２　６３１　３３１４,4644,山田 亮太,2026-08-30,2026-09-02,21,芦屋,一般,４６１５４　１１,2026-08-15,2026-08-20,05,多摩川,一般,６１２　４１３３４５１５,2026-08-04,2026-08-09,12,住之江,一般,４　１６３５５　２２３１,2026-07-22,2026-07-26,08,常滑,一般,２２２　３３１転３,2026-07-14,2026-07-17,24,大村,一般,２２３２３２[３],4136,江夏 満,2026-08-31,2026-09-05,20,若松,ＧⅢ,１３４　１１２３３２[５],2026-08-22,2026-08-27,22,福岡,一般,１６４４３１３　３３２２,2026-05-11,2026-05-15,08,常滑,一般,４２２１２３３４１３,2026-05-01,2026-05-06,20,若松,一般,３　４２２　４４５６１５,2026-04-21,2026-04-26,17,宮島,ＧⅠ,２４４　１　６５３　５１,3900,香川 素子,2026-08-06,2026-08-11,18,徳山,ＧⅠ,落５３　１　６４４　６,2026-07-28,2026-08-02,15,丸亀,一般,３３４２４　５６６５２４,2026-07-19,2026-07-24,19,下関,ＧⅢ,２１４　４３３１３２[２],2026-07-07,2026-07-12,11,びわこ,一般,２２２４１５３　６６２４,2026-06-17,2026-06-22,13,尼崎,一般,１６１　１１１F２　５
202609170912,2026-09-17,09,12R,4757,山田 祐也,2026-08-29,2026-09-03,16,児島,一般,１１６　２１４２３１[２],2026-08-16,2026-08-19,14,鳴門,一般,４２５３２　１２,2026-08-07,2026-08-11,15,丸亀,一般,４４１１３４１１[５],2026-07-28,2026-08-02,11,びわこ,ＳＧ,３　６　１６２　５３４３,2026-07-13,2026-07-18,07,蒲郡,ＧⅡ,３５６　６１１１５　２,4977,馬野 耀,2026-08-30,2026-09-02,21,芦屋,一般,３３３５,2026-08-22,2026-08-27,08,常滑,ＧⅢ,４　４４２　１１６３３１,2026-08-13,2026-08-18,12,住之江,一般,２　４４２　４３４５１,2026-08-04,2026-08-09,10,三国,一般,４　２２１６４１２３２１,2026-07-22,2026-07-25,24,大村,一般,１　２２１２[４],4933,板橋 侑我,2026-09-03,2026-09-08,10,三国,一般,４１１２２２１　４１[３],2026-08-21,2026-08-26,03,江戸川,一般,３　５４２　１２１　２４,2026-08-11,2026-08-16,06,浜名湖,一般,２　４５４６１５４　２１,2026-07-28,2026-08-02,11,びわこ,ＳＧ,５　２６６　４　６６４,2026-07-18,2026-07-21,20,若松,一般,２１２４３５１５,4156,浜野 孝志,2026-08-29,2026-09-03,19,下関,一般,４１５　４５６　３５２１,2026-08-15,2026-08-20,09,津,一般,３　４２４　１３３５５１,2026-08-03,2026-08-08,04,平和島,ＧⅢ,１３５　１５６２１６３５,2026-07-24,2026-07-27,12,住之江,一般,２２３　２３３３,2026-07-14,2026-07-19,21,芦屋,一般,３４５　２１１１１４５２,4532,秋元 哲,2026-08-28,2026-09-02,05,多摩川,ＧⅢ,２２２　２１２２４３３１,2026-08-12,2026-08-17,02,戸田,一般,３１１　妨２３４２２１,2026-08-03,2026-08-08,04,平和島,ＧⅢ,４　５２４６４６２　２１,2026-06-13,2026-06-18,08,常滑,ＧⅠ,５６,2026-06-04,2026-06-09,17,宮島,ＧⅠ,３４６　４　３５３　３５,4824,松井 洪弥,2026-08-30,2026-09-02,21,芦屋,一般,５２１１１１[６],2026-08-14,2026-08-19,10,三国,一般,２４３５６　１５２　１５,2026-08-03,2026-08-08,17,宮島,一般,５２１５１　１２５４１２,2026-07-24,2026-07-27,02,戸田,一般,６６１１３　１３,2026-07-15,2026-07-19,08,常滑,一般,４３５５４
202609171101,2026-09-17,11,01R,3896,上田 洋平,2026-08-19,2026-08-24,19,下関,一般,３２３　３４５５５　４２,2026-08-08,2026-08-11,05,多摩川,一般,６　２３４５３,2026-07-29,2026-08-01,18,徳山,一般,５２２　４４４２,2026-07-15,2026-07-19,08,常滑,一般,３　３３４３５３３,2026-07-03,2026-07-06,09,津,一般,５３６,5011,高木 圭大,2026-08-27,2026-09-01,07,蒲郡,一般,４６４　６　３５５　６,2026-08-17,2026-08-21,13,尼崎,一般,５　４３４　５２転６,2026-08-06,2026-08-10,24,大村,一般,１６２６１５１６１６,2026-07-29,2026-08-01,18,徳山,一般,３５２　３　５３,2026-07-18,2026-07-21,04,平和島,一般,４　３５４　１５,3435,寺田 千恵,2026-08-18,2026-08-23,16,児島,一般,３２４４２　４１１２[４],2026-08-06,2026-08-11,18,徳山,ＧⅠ,４３６　４　２５２　５,2026-07-23,2026-07-28,21,芦屋,一般,２４４　１４５３４５３,2026-07-13,2026-07-18,13,尼崎,ＧⅢ,３１４　３３２５１５２６,2026-07-03,2026-07-08,12,住之江,一般,４　２１５　１５２４１４,4894,原村 拓也,2026-09-02,2026-09-06,17,宮島,一般,６　３１４４３　１３,2026-08-17,2026-08-21,15,丸亀,一般,２６５　６３１　２,2026-07-31,2026-08-03,20,若松,一般,４３６　６５３,2026-07-17,2026-07-22,16,児島,ＧⅢ,２３１　５３１　５２[５],2026-07-10,2026-07-15,23,からつ,一般,５　４５４４４　５,4821,妻鳥 晋也,2026-08-31,2026-09-05,18,徳山,一般,３４５　２４２　４　２４,2026-08-17,2026-08-21,15,丸亀,一般,５５６　４３１　４,2026-08-03,2026-08-08,04,平和島,ＧⅢ,４６６　４　３３３　１４,2026-07-22,2026-07-25,24,大村,一般,６３３　３３１,2026-07-10,2026-07-14,09,津,一般,２３３３,3797,岩井 繁,2026-08-27,2026-08-31,04,平和島,一般,６　５６６　５２４,2026-08-14,2026-08-19,17,宮島,一般,４　４２２　４５５２転,2026-08-04,2026-08-09,12,住之江,一般,４２１　５５４　５　６２,2026-07-23,2026-07-27,01,桐生,一般,５　４５４　４　２３,2026-07-10,2026-07-13,19,下関,一般,３６６　４　４５
202609171102,2026-09-17,11,02R,4957,竹之内 極,2026-08-27,2026-08-31,04,平和島,一般,５３６　１３５　２６,2026-08-19,2026-08-24,19,下関,一般,３２４　４３５　５５２,2026-08-12,2026-08-17,22,福岡,一般,１３１　５４３落２６５６,2026-07-23,2026-07-28,03,江戸川,ＧⅢ,４３１　１２６５１２２４,2026-07-04,2026-07-09,18,徳山,一般,３３５１４　２４１６１２,3708,岡部 貴司,2026-08-30,2026-09-03,08,常滑,一般,１４５　３４２６３４,2026-08-23,2026-08-27,18,徳山,一般,５５１　１３１５１６,2026-08-14,2026-08-19,17,宮島,一般,５４６　５３２　４　４２,2026-07-27,2026-08-01,09,津,一般,３　６,2026-07-14,2026-07-19,21,芦屋,一般,転　４４４　４２６　２６,4216,星 栄爾,2026-08-27,2026-09-01,07,蒲郡,一般,１　２３６１６６５６３４,2026-08-11,2026-08-16,06,浜名湖,一般,３　６６４　１６３　１４,2026-08-03,2026-08-08,04,平和島,ＧⅢ,４　１２２３３　４６１６,2026-07-21,2026-07-26,23,からつ,一般,３１４　１５３　３４１３,2026-07-09,2026-07-14,15,丸亀,一般,３６２　５３６６６　３４,3518,倉田 郁美,2026-08-30,2026-09-04,06,浜名湖,ＧⅢ,５４５　５　４１３　３５,2026-08-16,2026-08-19,14,鳴門,一般,４６５　３　３３,2026-07-31,2026-08-05,01,桐生,ＧⅢ,２３５　４６３　２５６,2026-07-10,2026-07-15,06,浜名湖,一般,５２４　２３３　５６２５,2026-05-30,2026-06-04,05,多摩川,ＧⅢ,３４５　１　３５６５２,4747,山戸 信二,2026-08-27,2026-08-31,04,平和島,一般,６　６　６６４６５,2026-08-11,2026-08-16,19,下関,一般,６６５　４３４６５　４,2026-06-06,2026-06-10,06,浜名湖,一般,５６６　５　５３２５,2026-05-22,2026-05-26,23,からつ,一般,３３６　６６４　５６,2026-05-07,2026-05-11,24,大村,一般,１３４３５　４３１６,3918,深井 利寿,2026-08-31,2026-09-05,20,若松,ＧⅢ,１　３１３２３１１２[２],2026-08-15,2026-08-20,09,津,一般,転３２　４３３　２３３,2026-08-04,2026-08-09,10,三国,一般,３　２２１４３３２２[６],2026-07-23,2026-07-28,21,芦屋,一般,５１３２３５１　２４１１,2026-07-14,2026-07-17,24,大村,一般,３３２１２２[４]
202609171103,2026-09-17,11,03R,4947,間庭 菜摘,2026-09-01,2026-09-06,12,住之江,一般,２　４３２　４２３２６５,2026-08-12,2026-08-17,24,大村,ＧⅢ,１　４５３　３４２　２３,2026-07-31,2026-08-05,01,桐生,ＧⅢ,４　２４３４３　３６６,2026-05-01,2026-05-06,23,からつ,一般,６　４１５　４２３　転５,2026-04-22,2026-04-27,20,若松,ＧⅢ,３　４５４２３　６３２３,3454,井川 大作,2026-08-28,2026-09-02,05,多摩川,ＧⅢ,５　４５２４６　６５２,2026-08-14,2026-08-19,17,宮島,一般,５　６５,2026-07-31,2026-08-04,13,尼崎,一般,２３３　１３３５４５,2026-07-17,2026-07-22,16,児島,ＧⅢ,１　４６１　３５２６３６,2026-06-30,2026-07-05,06,浜名湖,一般,５６１,4983,前田 篤哉,2026-09-01,2026-09-04,24,大村,一般,４３２１１１[２],2026-08-23,2026-08-27,18,徳山,一般,４１３１４１５１[６],2026-08-11,2026-08-16,07,蒲郡,一般,４１６５３　５,2026-07-30,2026-08-04,08,常滑,一般,５４２５２１４５４４４１,2026-07-18,2026-07-23,09,津,ＧⅢ,２１４　２４４　F　２,4183,宇野 弥生,2026-06-07,2026-06-12,09,津,一般,２　２６６６１　５　５１,2026-05-18,2026-05-23,18,徳山,ＧⅢ,２３３F４　６　４　６,2026-05-05,2026-05-10,15,丸亀,ＧⅡ,６　３６１　F　６　６,2026-04-24,2026-04-29,04,平和島,一般,２　５５１　５５１１１６,2026-04-08,2026-04-13,23,からつ,ＧⅢ,２１　　１５１４３２[１],4380,鈴木 峻佑,2026-09-05,2026-09-10,01,桐生,一般,４　３６６　１６１　６６,2026-08-28,2026-08-31,23,からつ,一般,３　３２１６５６,2026-08-11,2026-08-16,07,蒲郡,一般,５３５　２６４　６　４４,2026-07-27,2026-08-01,10,三国,一般,５３５　４　３６１　５２,2026-07-12,2026-07-16,05,多摩川,一般,３２１　６　３４１５,4607,鶴田 勇雄,2026-08-29,2026-09-03,16,児島,一般,６２４　６２５１１　４４,2026-08-19,2026-08-24,19,下関,一般,４　４１１６６　４２５３,2026-08-07,2026-08-12,20,若松,一般,３６６５２　４４１２３,2026-07-22,2026-07-26,08,常滑,一般,４　１３１２１５５３,2026-07-04,2026-07-09,01,桐生,一般,１　１６２３５６転５１３
202609171104,2026-09-17,11,04R,3441,土屋 太朗,2026-08-28,2026-09-02,05,多摩川,ＧⅢ,１４５　３　２５３６６,2026-08-11,2026-08-16,01,桐生,一般,１　１６５　１６５　３６,2026-07-24,2026-07-27,06,浜名湖,一般,３５１５４　４４,2026-07-14,2026-07-17,24,大村,一般,４　５５３　５３,2026-07-03,2026-07-08,12,住之江,一般,３６４　３２１　４　２４,4835,橋本 明,2026-08-27,2026-08-31,04,平和島,一般,４　１５２３４　１３,2026-08-14,2026-08-19,17,宮島,一般,４２２　５１２　３５５５,2026-07-31,2026-08-03,20,若松,一般,６４３　２４４５,2026-07-24,2026-07-29,17,宮島,一般,１　４３３３５　４２５２,2026-07-14,2026-07-19,21,芦屋,一般,５　３６６　３６３　５６,4186,小川 時光,2026-09-05,2026-09-10,04,平和島,一般,２　６５４　１５３　４６,2026-08-30,2026-09-03,08,常滑,一般,３　３３６　１４６,2026-08-20,2026-08-23,02,戸田,一般,　　　　　　１５,2026-08-12,2026-08-17,02,戸田,一般,５　６２１　５６４６６５,2026-08-03,2026-08-08,19,下関,一般,５３６　６６２　６　５,4486,野村 誠,2026-09-03,2026-09-06,02,戸田,一般,６　４５６４３４,2026-08-22,2026-08-27,22,福岡,一般,３　F２６　３　６　６,2026-08-11,2026-08-16,01,桐生,一般,５　５１３　２４２５２,2026-07-27,2026-08-01,10,三国,一般,５１１　３４１５５５１３,2026-07-15,2026-07-20,18,徳山,一般,３２４４４３４　２　１２,4124,池田 雄一,2026-09-01,2026-09-05,13,尼崎,一般,３５２　１４５３１４,2026-08-21,2026-08-26,03,江戸川,一般,３１５　４４１　３４４,2026-08-11,2026-08-16,06,浜名湖,一般,４F３　６　６　６　３,2026-07-24,2026-07-27,12,住之江,一般,１　５６２　２２,2026-07-14,2026-07-19,01,桐生,一般,３５２　１２４　１６３６,5278,田中 駿兵,2026-08-25,2026-08-30,09,津,一般,１２１　２１３３５３[６],2026-07-19,2026-07-24,22,福岡,ＧⅢ,６　１５３　６１４　６６,2026-07-04,2026-07-09,01,桐生,一般,１４５１３　１６１６３１,2026-06-20,2026-06-25,15,丸亀,一般,１F３１１　３　４　２,2026-06-08,2026-06-13,13,尼崎,ＧⅠ,６　１　６４６　６３５
202609171105,2026-09-17,11,05R,3793,高橋 真吾,2026-08-27,2026-09-01,07,蒲郡,一般,２　４６２３２　６５３,2026-08-12,2026-08-17,02,戸田,一般,２　５４１　３６２２２２,2026-07-22,2026-07-26,08,常滑,一般,５　５２２６４　５５,2026-07-09,2026-07-14,15,丸亀,一般,４６２　２６６　１６６,2026-06-25,2026-06-30,01,桐生,ＧⅢ,５４１　３６４　６　５６,4660,宇田川 信一,2026-08-11,2026-08-16,04,平和島,一般,６,2026-07-23,2026-07-28,21,芦屋,一般,４　６５６　３３５１２１,2026-07-12,2026-07-16,05,多摩川,一般,４　４　５６５６１,2026-06-24,2026-06-29,03,江戸川,一般,５　４５６,2026-06-05,2026-06-10,01,桐生,一般,２　２６３　１５６６５３,4108,吉村 正明,2026-08-29,2026-09-03,19,下関,一般,１４３　２２１３２２[４],2026-08-15,2026-08-20,18,徳山,一般,２５４　６６１１３６５５,2026-07-31,2026-08-03,20,若松,一般,６１２４４６１４,2026-07-24,2026-07-27,12,住之江,一般,５　１３６１１,2026-07-14,2026-07-19,01,桐生,一般,６　２５１５１　２４２１,5032,谷口 知優,2026-09-02,2026-09-06,17,宮島,一般,６６５　２４５　２３,2026-08-17,2026-08-21,15,丸亀,一般,２６２　６６５３６３,2026-08-06,2026-08-09,02,戸田,一般,３　１１４６２４,2026-07-28,2026-08-02,15,丸亀,一般,１　５６１　６５６　６４,2026-07-19,2026-07-24,22,福岡,ＧⅢ,５　４６２　６５６５４,5132,中野 希一,2026-09-01,2026-09-05,13,尼崎,一般,２１４１２１１１[３],2026-08-21,2026-08-26,03,江戸川,一般,１５１　３５２３１５２４,2026-08-12,2026-08-17,02,戸田,一般,４　３２４　４３１１２６,2026-07-30,2026-08-04,08,常滑,一般,５１４１２２２１３１[４],2026-07-18,2026-07-23,09,津,ＧⅢ,４　１１５　４３５　１５,5410,今泉 澪,2026-08-24,2026-08-29,10,三国,一般,６６５　６　６６６　６,2026-08-10,2026-08-15,08,常滑,一般,５６５　６６６　６　５６,2026-04-01,2026-04-06,22,福岡,一般,６　６　５６５　４　４４,2026-03-19,2026-03-23,19,下関,一般,６　６６２　６６６６,2026-02-21,2026-02-26,04,平和島,一般,６６６　４　６６６６４
202609171106,2026-09-17,11,06R,4012,中村 有裕,2026-08-29,2026-09-03,19,下関,一般,４３１　１２３６４４１２,2026-08-15,2026-08-20,11,びわこ,一般,１２２　２３３２２２[６],2026-08-08,2026-08-11,05,多摩川,一般,６　５１２２４６,2026-07-22,2026-07-26,13,尼崎,一般,１１２　１１１１[３],2026-07-13,2026-07-18,07,蒲郡,ＧⅡ,１　６６４　１　６６２,4116,川田 正人,2026-08-22,2026-08-26,20,若松,一般,６３３　２５３　６５,2026-07-15,2026-07-19,08,常滑,一般,５５４　２３４　４２,2026-07-04,2026-07-09,18,徳山,一般,３５１　３６５３６　５３,2026-06-22,2026-06-27,23,からつ,一般,６　５５６６４５１４３,2026-06-14,2026-06-17,12,住之江,一般,F３６　３　５,3797,岩井 繁,2026-08-27,2026-08-31,04,平和島,一般,６　５６６　５２４,2026-08-14,2026-08-19,17,宮島,一般,４　４２２　４５５２転,2026-08-04,2026-08-09,12,住之江,一般,４２１　５５４　５　６２,2026-07-23,2026-07-27,01,桐生,一般,５　４５４　４　２３,2026-07-10,2026-07-13,19,下関,一般,３６６　４　４５,4540,相原 利章,2026-09-01,2026-09-04,24,大村,一般,６　１４６２３５,2026-08-20,2026-08-23,02,戸田,一般,１６４４６　４５,2026-08-11,2026-08-16,01,桐生,一般,３４６　３５５　６３４,2026-07-31,2026-08-05,05,多摩川,一般,２　５５５　２６３３５４,2026-07-18,2026-07-22,10,三国,一般,５４６　２　３２１１,3961,谷村 一哉,2026-09-02,2026-09-06,17,宮島,一般,２１５３６１１２[２],2026-08-22,2026-08-27,08,常滑,ＧⅢ,４　２３５２４３１５１５,2026-08-11,2026-08-16,19,下関,一般,１６２　１１３４３１[３],2026-07-31,2026-08-04,13,尼崎,一般,６欠,2026-07-24,2026-07-27,12,住之江,一般,６２１　２３６１,5472,中川 海虹,2026-08-10,2026-08-15,08,常滑,一般,６６６　６６６　６　６６,2026-07-31,2026-08-04,13,尼崎,一般,６　６　６６６　６６,2026-06-23,2026-06-28,07,蒲郡,一般,６　６６５　６　６　６６,2026-06-06,2026-06-10,06,浜名湖,一般,６　６６６　F６６,2026-05-19,2026-05-24,08,常滑,一般,６６６　６６６　６６６
202609171107,2026-09-17,11,07R,3905,天野 友和,2026-09-01,2026-09-05,13,尼崎,一般,４　２４４３２　３１,2026-08-19,2026-08-24,19,下関,一般,５４１　２５３３１３３３,2026-08-08,2026-08-11,05,多摩川,一般,４３３４１　５４,2026-07-27,2026-08-01,09,津,一般,４２４,2026-07-17,2026-07-20,02,戸田,一般,４２２　３５３６,4766,石井 孝之,2026-08-27,2026-09-01,07,蒲郡,一般,６５３　４　６６３　６１,2026-08-11,2026-08-16,01,桐生,一般,１　３６２　４６４F５,2026-07-27,2026-08-01,10,三国,一般,６　４３１　４１５３６２,2026-07-07,2026-07-12,20,若松,ＧⅢ,５４６　３　６４３　３２,2026-06-25,2026-06-29,21,芦屋,一般,６　３５５　５４４,3454,井川 大作,2026-08-28,2026-09-02,05,多摩川,ＧⅢ,５　４５２４６　６５２,2026-08-14,2026-08-19,17,宮島,一般,５　６５,2026-07-31,2026-08-04,13,尼崎,一般,２３３　１３３５４５,2026-07-17,2026-07-22,16,児島,ＧⅢ,１　４６１　３５２６３６,2026-06-30,2026-07-05,06,浜名湖,一般,５６１,4216,星 栄爾,2026-08-27,2026-09-01,07,蒲郡,一般,１　２３６１６６５６３４,2026-08-11,2026-08-16,06,浜名湖,一般,３　６６４　１６３　１４,2026-08-03,2026-08-08,04,平和島,ＧⅢ,４　１２２３３　４６１６,2026-07-21,2026-07-26,23,からつ,一般,３１４　１５３　３４１３,2026-07-09,2026-07-14,15,丸亀,一般,３６２　５３６６６　３４,5011,高木 圭大,2026-08-27,2026-09-01,07,蒲郡,一般,４６４　６　３５５　６,2026-08-17,2026-08-21,13,尼崎,一般,５　４３４　５２転６,2026-08-06,2026-08-10,24,大村,一般,１６２６１５１６１６,2026-07-29,2026-08-01,18,徳山,一般,３５２　３　５３,2026-07-18,2026-07-21,04,平和島,一般,４　３５４　１５,4786,佐藤 博亮,2026-09-01,2026-09-05,13,尼崎,一般,５５２１１１２２[４],2026-08-22,2026-08-27,22,福岡,一般,１２F　２　５　２　５,2026-08-11,2026-08-16,07,蒲郡,一般,２３２　３２３４２４１２,2026-07-24,2026-07-29,17,宮島,一般,４５３５２　１２１３２１,2026-07-14,2026-07-17,24,大村,一般,１５２３１３４２
202609171108,2026-09-17,11,08R,4974,安井 瑞紀,2026-09-06,2026-09-11,14,鳴門,一般,１４４２１１４　３３１１,2026-08-28,2026-08-31,23,からつ,一般,１３４　１６５５,2026-08-18,2026-08-23,16,児島,一般,４１６　１３５１１６６４,2026-08-06,2026-08-11,18,徳山,ＧⅠ,６　６　６１３　１２５,2026-07-27,2026-08-01,10,三国,一般,４６４１妨５２　１　２１,4380,鈴木 峻佑,2026-09-05,2026-09-10,01,桐生,一般,４　３６６　１６１　６６,2026-08-28,2026-08-31,23,からつ,一般,３　３２１６５６,2026-08-11,2026-08-16,07,蒲郡,一般,５３５　２６４　６　４４,2026-07-27,2026-08-01,10,三国,一般,５３５　４　３６１　５２,2026-07-12,2026-07-16,05,多摩川,一般,３２１　６　３４１５,4894,原村 拓也,2026-09-02,2026-09-06,17,宮島,一般,６　３１４４３　１３,2026-08-17,2026-08-21,15,丸亀,一般,２６５　６３１　２,2026-07-31,2026-08-03,20,若松,一般,４３６　６５３,2026-07-17,2026-07-22,16,児島,ＧⅢ,２３１　５３１　５２[５],2026-07-10,2026-07-15,23,からつ,一般,５　４５４４４　５,4747,山戸 信二,2026-08-27,2026-08-31,04,平和島,一般,６　６　６６４６５,2026-08-11,2026-08-16,19,下関,一般,６６５　４３４６５　４,2026-06-06,2026-06-10,06,浜名湖,一般,５６６　５　５３２５,2026-05-22,2026-05-26,23,からつ,一般,３３６　６６４　５６,2026-05-07,2026-05-11,24,大村,一般,１３４３５　４３１６,4835,橋本 明,2026-08-27,2026-08-31,04,平和島,一般,４　１５２３４　１３,2026-08-14,2026-08-19,17,宮島,一般,４２２　５１２　３５５５,2026-07-31,2026-08-03,20,若松,一般,６４３　２４４５,2026-07-24,2026-07-29,17,宮島,一般,１　４３３３５　４２５２,2026-07-14,2026-07-19,21,芦屋,一般,５　３６６　３６３　５６,5170,佐藤 太亮,2026-09-01,2026-09-05,13,尼崎,一般,５　３３１３１４５５,2026-08-22,2026-08-27,08,常滑,ＧⅢ,６　６２１　５１５６２６,2026-08-07,2026-08-11,15,丸亀,一般,６　３３４　１　１３,2026-07-24,2026-07-27,02,戸田,一般,４６４　１　４１,2026-07-11,2026-07-16,03,江戸川,一般,３１５　５２４　１３１５
202609171109,2026-09-17,11,09R,4111,奥田 誠,2026-08-29,2026-09-03,19,下関,一般,１　４４１　６４１３２５,2026-08-14,2026-08-19,17,宮島,一般,６　１６１４２５４　６１,2026-08-06,2026-08-09,02,戸田,一般,４２６３２　４１,2026-07-28,2026-08-02,16,児島,一般,３　２３５６５５３　２２,2026-07-18,2026-07-21,20,若松,一般,３４５　３１５３,4821,妻鳥 晋也,2026-08-31,2026-09-05,18,徳山,一般,３４５　２４２　４　２４,2026-08-17,2026-08-21,15,丸亀,一般,５５６　４３１　４,2026-08-03,2026-08-08,04,平和島,ＧⅢ,４６６　４　３３３　１４,2026-07-22,2026-07-25,24,大村,一般,６３３　３３１,2026-07-10,2026-07-14,09,津,一般,２３３３,3518,倉田 郁美,2026-08-30,2026-09-04,06,浜名湖,ＧⅢ,５４５　５　４１３　３５,2026-08-16,2026-08-19,14,鳴門,一般,４６５　３　３３,2026-07-31,2026-08-05,01,桐生,ＧⅢ,２３５　４６３　２５６,2026-07-10,2026-07-15,06,浜名湖,一般,５２４　２３３　５６２５,2026-05-30,2026-06-04,05,多摩川,ＧⅢ,３４５　１　３５６５２,4186,小川 時光,2026-09-05,2026-09-10,04,平和島,一般,２　６５４　１５３　４６,2026-08-30,2026-09-03,08,常滑,一般,３　３３６　１４６,2026-08-20,2026-08-23,02,戸田,一般,　　　　　　１５,2026-08-12,2026-08-17,02,戸田,一般,５　６２１　５６４６６５,2026-08-03,2026-08-08,19,下関,一般,５３６　６６２　６　５,4183,宇野 弥生,2026-06-07,2026-06-12,09,津,一般,２　２６６６１　５　５１,2026-05-18,2026-05-23,18,徳山,ＧⅢ,２３３F４　６　４　６,2026-05-05,2026-05-10,15,丸亀,ＧⅡ,６　３６１　F　６　６,2026-04-24,2026-04-29,04,平和島,一般,２　５５１　５５１１１６,2026-04-08,2026-04-13,23,からつ,ＧⅢ,２１　　１５１４３２[１],3793,高橋 真吾,2026-08-27,2026-09-01,07,蒲郡,一般,２　４６２３２　６５３,2026-08-12,2026-08-17,02,戸田,一般,２　５４１　３６２２２２,2026-07-22,2026-07-26,08,常滑,一般,５　５２２６４　５５,2026-07-09,2026-07-14,15,丸亀,一般,４６２　２６６　１６６,2026-06-25,2026-06-30,01,桐生,ＧⅢ,５４１　３６４　６　５６
202609171110,2026-09-17,11,10R,3918,深井 利寿,2026-08-31,2026-09-05,20,若松,ＧⅢ,１　３１３２３１１２[２],2026-08-15,2026-08-20,09,津,一般,転３２　４３３　２３３,2026-08-04,2026-08-09,10,三国,一般,３　２２１４３３２２[６],2026-07-23,2026-07-28,21,芦屋,一般,５１３２３５１　２４１１,2026-07-14,2026-07-17,24,大村,一般,３３２１２２[４],4124,池田 雄一,2026-09-01,2026-09-05,13,尼崎,一般,３５２　１４５３１４,2026-08-21,2026-08-26,03,江戸川,一般,３１５　４４１　３４４,2026-08-11,2026-08-16,06,浜名湖,一般,４F３　６　６　６　３,2026-07-24,2026-07-27,12,住之江,一般,１　５６２　２２,2026-07-14,2026-07-19,01,桐生,一般,３５２　１２４　１６３６,5032,谷口 知優,2026-09-02,2026-09-06,17,宮島,一般,６６５　２４５　２３,2026-08-17,2026-08-21,15,丸亀,一般,２６２　６６５３６３,2026-08-06,2026-08-09,02,戸田,一般,３　１１４６２４,2026-07-28,2026-08-02,15,丸亀,一般,１　５６１　６５６　６４,2026-07-19,2026-07-24,22,福岡,ＧⅢ,５　４６２　６５６５４,4983,前田 篤哉,2026-09-01,2026-09-04,24,大村,一般,４３２１１１[２],2026-08-23,2026-08-27,18,徳山,一般,４１３１４１５１[６],2026-08-11,2026-08-16,07,蒲郡,一般,４１６５３　５,2026-07-30,2026-08-04,08,常滑,一般,５４２５２１４５４４４１,2026-07-18,2026-07-23,09,津,ＧⅢ,２１４　２４４　F　２,3896,上田 洋平,2026-08-19,2026-08-24,19,下関,一般,３２３　３４５５５　４２,2026-08-08,2026-08-11,05,多摩川,一般,６　２３４５３,2026-07-29,2026-08-01,18,徳山,一般,５２２　４４４２,2026-07-15,2026-07-19,08,常滑,一般,３　３３４３５３３,2026-07-03,2026-07-06,09,津,一般,５３６,4012,中村 有裕,2026-08-29,2026-09-03,19,下関,一般,４３１　１２３６４４１２,2026-08-15,2026-08-20,11,びわこ,一般,１２２　２３３２２２[６],2026-08-08,2026-08-11,05,多摩川,一般,６　５１２２４６,2026-07-22,2026-07-26,13,尼崎,一般,１１２　１１１１[３],2026-07-13,2026-07-18,07,蒲郡,ＧⅡ,１　６６４　１　６６２
202609171111,2026-09-17,11,11R,5278,田中 駿兵,2026-08-25,2026-08-30,09,津,一般,１２１　２１３３５３[６],2026-07-19,2026-07-24,22,福岡,ＧⅢ,６　１５３　６１４　６６,2026-07-04,2026-07-09,01,桐生,一般,１４５１３　１６１６３１,2026-06-20,2026-06-25,15,丸亀,一般,１F３１１　３　４　２,2026-06-08,2026-06-13,13,尼崎,ＧⅠ,６　１　６４６　６３５,5132,中野 希一,2026-09-01,2026-09-05,13,尼崎,一般,２１４１２１１１[３],2026-08-21,2026-08-26,03,江戸川,一般,１５１　３５２３１５２４,2026-08-12,2026-08-17,02,戸田,一般,４　３２４　４３１１２６,2026-07-30,2026-08-04,08,常滑,一般,５１４１２２２１３１[４],2026-07-18,2026-07-23,09,津,ＧⅢ,４　１１５　４３５　１５,4540,相原 利章,2026-09-01,2026-09-04,24,大村,一般,６　１４６２３５,2026-08-20,2026-08-23,02,戸田,一般,１６４４６　４５,2026-08-11,2026-08-16,01,桐生,一般,３４６　３５５　６３４,2026-07-31,2026-08-05,05,多摩川,一般,２　５５５　２６３３５４,2026-07-18,2026-07-22,10,三国,一般,５４６　２　３２１１,3435,寺田 千恵,2026-08-18,2026-08-23,16,児島,一般,３２４４２　４１１２[４],2026-08-06,2026-08-11,18,徳山,ＧⅠ,４３６　４　２５２　５,2026-07-23,2026-07-28,21,芦屋,一般,２４４　１４５３４５３,2026-07-13,2026-07-18,13,尼崎,ＧⅢ,３１４　３３２５１５２６,2026-07-03,2026-07-08,12,住之江,一般,４　２１５　１５２４１４,3905,天野 友和,2026-09-01,2026-09-05,13,尼崎,一般,４　２４４３２　３１,2026-08-19,2026-08-24,19,下関,一般,５４１　２５３３１３３３,2026-08-08,2026-08-11,05,多摩川,一般,４３３４１　５４,2026-07-27,2026-08-01,09,津,一般,４２４,2026-07-17,2026-07-20,02,戸田,一般,４２２　３５３６,4947,間庭 菜摘,2026-09-01,2026-09-06,12,住之江,一般,２　４３２　４２３２６５,2026-08-12,2026-08-17,24,大村,ＧⅢ,１　４５３　３４２　２３,2026-07-31,2026-08-05,01,桐生,ＧⅢ,４　２４３４３　３６６,2026-05-01,2026-05-06,23,からつ,一般,６　４１５　４２３　転５,2026-04-22,2026-04-27,20,若松,ＧⅢ,３　４５４２３　６３２３
202609171112,2026-09-17,11,12R,4786,佐藤 博亮,2026-09-01,2026-09-05,13,尼崎,一般,５５２１１１２２[４],2026-08-22,2026-08-27,22,福岡,一般,１２F　２　５　２　５,2026-08-11,2026-08-16,07,蒲郡,一般,２３２　３２３４２４１２,2026-07-24,2026-07-29,17,宮島,一般,４５３５２　１２１３２１,2026-07-14,2026-07-17,24,大村,一般,１５２３１３４２,3961,谷村 一哉,2026-09-02,2026-09-06,17,宮島,一般,２１５３６１１２[２],2026-08-22,2026-08-27,08,常滑,ＧⅢ,４　２３５２４３１５１５,2026-08-11,2026-08-16,19,下関,一般,１６２　１１３４３１[３],2026-07-31,2026-08-04,13,尼崎,一般,６欠,2026-07-24,2026-07-27,12,住之江,一般,６２１　２３６１,4486,野村 誠,2026-09-03,2026-09-06,02,戸田,一般,６　４５６４３４,2026-08-22,2026-08-27,22,福岡,一般,３　F２６　３　６　６,2026-08-11,2026-08-16,01,桐生,一般,５　５１３　２４２５２,2026-07-27,2026-08-01,10,三国,一般,５１１　３４１５５５１３,2026-07-15,2026-07-20,18,徳山,一般,３２４４４３４　２　１２,4108,吉村 正明,2026-08-29,2026-09-03,19,下関,一般,１４３　２２１３２２[４],2026-08-15,2026-08-20,18,徳山,一般,２５４　６６１１３６５５,2026-07-31,2026-08-03,20,若松,一般,６１２４４６１４,2026-07-24,2026-07-27,12,住之江,一般,５　１３６１１,2026-07-14,2026-07-19,01,桐生,一般,６　２５１５１　２４２１,3708,岡部 貴司,2026-08-30,2026-09-03,08,常滑,一般,１４５　３４２６３４,2026-08-23,2026-08-27,18,徳山,一般,５５１　１３１５１６,2026-08-14,2026-08-19,17,宮島,一般,５４６　５３２　４　４２,2026-07-27,2026-08-01,09,津,一般,３　６,2026-07-14,2026-07-19,21,芦屋,一般,転　４４４　４２６　２６,4974,安井 瑞紀,2026-09-06,2026-09-11,14,鳴門,一般,１４４２１１４　３３１１,2026-08-28,2026-08-31,23,からつ,一般,１３４　１６５５,2026-08-18,2026-08-23,16,児島,一般,４１６　１３５１１６６４,2026-08-06,2026-08-11,18,徳山,ＧⅠ,６　６　６１３　１２５,2026-07-27,2026-08-01,10,三国,一般,４６４１妨５２　１　２１
202609171301,2026-09-17,13,01R,3891,谷口 健一,2026-08-29,2026-09-03,16,児島,一般,５１３　４５６　４４２５,2026-08-14,2026-08-19,10,三国,一般,４５３　４６６　５　６２,2026-08-06,2026-08-09,02,戸田,一般,５　２３５　４６,2026-07-24,2026-07-29,17,宮島,一般,６　１６４　２５５４５５,2026-07-12,2026-07-16,05,多摩川,一般,６　６　６３１４３６,3656,伯母 芳恒,2026-08-30,2026-09-03,08,常滑,一般,３　２６６３３５４,2026-07-24,2026-07-27,12,住之江,一般,４　５６,2026-07-07,2026-07-12,20,若松,ＧⅢ,１３４　５　５２１４１６,2026-06-27,2026-07-01,02,戸田,一般,４３２　４５４　４F,2026-06-17,2026-06-22,05,多摩川,一般,３２３　４　４２２５６５,3422,服部 幸男,2026-08-31,2026-09-05,20,若松,ＧⅢ,２１５　６２３６２６３３,2026-08-22,2026-08-27,08,常滑,ＧⅢ,１　５６４　４４６１４６,2026-08-11,2026-08-16,06,浜名湖,一般,３２２６３　１５３３３６,2026-07-13,2026-07-18,07,蒲郡,ＧⅡ,５　１３２　４　２６５３,2026-07-03,2026-07-06,09,津,一般,２１３　５２[６],4202,浮田 圭浩,2026-09-01,2026-09-04,24,大村,一般,４　４３１　４６,2026-08-20,2026-08-23,04,平和島,一般,１５３　４５４４,2026-08-08,2026-08-13,16,児島,一般,４　１４３５３　５５４,2026-07-31,2026-08-03,20,若松,一般,３　３６３６３６,2026-07-16,2026-07-21,11,びわこ,一般,３５４　６２４　６２１６,5318,河内 一馬,2026-08-10,2026-08-15,08,常滑,一般,２３４　４６２　５２６,2026-07-16,2026-07-21,11,びわこ,一般,５６２　５　２１５５３５,2026-07-01,2026-07-06,07,蒲郡,一般,４６５　１　４１５４F,2026-06-20,2026-06-25,15,丸亀,一般,２　４６２　５５４　６３,2026-05-31,2026-06-05,20,若松,一般,４　３６５　５６３　１４,5421,原田 朱理,2026-09-04,2026-09-09,11,びわこ,一般,６　６６６　６６６　５６,2026-08-09,2026-08-14,13,尼崎,一般,５　６　６６６　６６６,2026-07-22,2026-07-27,14,鳴門,一般,５６６　６３５　６５６,2026-07-10,2026-07-13,19,下関,一般,６　６６６　６２,2026-06-25,2026-06-29,18,徳山,一般,６６６　６　６５６
202609171302,2026-09-17,13,02R,3535,渡 修平,2026-08-31,2026-09-05,20,若松,ＧⅢ,５　６４４,2026-08-21,2026-08-24,07,蒲郡,一般,４６４　３　６,2026-08-03,2026-08-08,19,下関,一般,３３６　６６４　６　２５,2026-07-22,2026-07-27,14,鳴門,一般,４　５４,2026-07-10,2026-07-15,23,からつ,一般,６　５２５５６,3412,鈴木 博,2026-08-31,2026-09-05,20,若松,ＧⅢ,６　２１６３３４１５１４,2026-08-20,2026-08-23,04,平和島,一般,１２６４４２５４,2026-08-04,2026-08-09,12,住之江,一般,４　２４３５４　１４３５,2026-07-27,2026-07-31,19,下関,一般,４１２　４２１６１５,2026-07-17,2026-07-20,02,戸田,一般,３２２２１２[６],4405,南野 利騰,2026-08-29,2026-09-03,16,児島,一般,５　６４３　５２６６３,2026-08-14,2026-08-19,10,三国,一般,３５２　５３５　４３６,2026-08-06,2026-08-09,02,戸田,一般,１２４　２F６,2026-07-24,2026-07-29,17,宮島,一般,６６４　４５４　２４３,2026-07-12,2026-07-16,05,多摩川,一般,６　１２不　１４２１,3874,山本 寛久,2026-09-05,2026-09-10,01,桐生,一般,１１４　１２４　３１[４],2026-08-22,2026-08-27,08,常滑,ＧⅢ,２１３　１３３　１３１３,2026-08-08,2026-08-13,16,児島,一般,１　５６５３３　４４１,2026-07-27,2026-08-01,09,津,一般,２１２,2026-07-13,2026-07-18,07,蒲郡,ＧⅡ,４　１　２４３　１　[５],3566,川添 英正,2026-09-03,2026-09-06,02,戸田,一般,３３３　５４４１,2026-08-20,2026-08-25,21,芦屋,一般,２　２５１　５６２４６,2026-08-09,2026-08-14,23,からつ,一般,４　３３３　４４４　５３,2026-07-27,2026-07-31,19,下関,一般,４４４３５　４　４,2026-07-18,2026-07-21,20,若松,一般,５６３２４　４,5245,倉富 大誠,2026-09-01,2026-09-04,24,大村,一般,３　転５,2026-08-20,2026-08-23,04,平和島,一般,４３１　F２２,2026-08-03,2026-08-08,17,宮島,一般,６　１５６　４２３　１５,2026-07-24,2026-07-27,12,住之江,一般,５５６　２　３２,2026-07-15,2026-07-19,08,常滑,一般,３　１２６２１６２４
202609171303,2026-09-17,13,03R,3949,今出 晋二,2026-09-01,2026-09-04,24,大村,一般,６　４５４　５４,2026-08-19,2026-08-24,19,下関,一般,３６５　５５４　２　５３,2026-08-08,2026-08-13,16,児島,一般,６　３４６　２５４　３５,2026-07-02,2026-07-07,04,平和島,一般,６　３４２　２５２５５,2026-06-22,2026-06-27,23,からつ,一般,２　４２５３３　２６３５,4171,榎 幸司,2026-09-01,2026-09-06,12,住之江,一般,２５転４,2026-08-19,2026-08-24,19,下関,一般,４２６２１　４２４３３１,2026-08-06,2026-08-10,24,大村,一般,３６２　２３１２[５],2026-07-29,2026-08-01,18,徳山,一般,３１４２２３３２,2026-07-22,2026-07-25,24,大村,一般,２２２５２４１４,3690,河合 三弘,2026-08-31,2026-09-05,20,若松,ＧⅢ,２　１２３　４５５６４６,2026-08-20,2026-08-23,23,からつ,一般,２　４４６５６３,2026-08-10,2026-08-15,08,常滑,一般,２　３４６　５６４６３,2026-07-31,2026-08-05,06,浜名湖,ＧⅢ,６６４　６５４　６　２,2026-07-17,2026-07-20,02,戸田,一般,３３２　４４３４,3752,宇土 泰就,2026-09-01,2026-09-04,24,大村,一般,５５３　３２３,2026-08-20,2026-08-25,21,芦屋,一般,３　６６６３５　４　６４,2026-08-09,2026-08-14,23,からつ,一般,１５５　エ５２　２５２,2026-07-27,2026-08-01,09,津,一般,５　５６,2026-07-15,2026-07-19,08,常滑,一般,６５４　４３５　３３,3987,後藤 正宗,2026-09-02,2026-09-06,17,宮島,一般,１４２４２４１３２１,2026-08-22,2026-08-26,20,若松,一般,４２３　６３６１４２,2026-08-11,2026-08-16,06,浜名湖,一般,F　３　２　４　６　３,2026-07-21,2026-07-26,23,からつ,一般,５　２５２６２１１６１４,2026-07-09,2026-07-14,15,丸亀,一般,３６１２４１３　１１[５],5456,今村 天次朗,2026-08-26,2026-08-31,11,びわこ,一般,６　６６６　５６６　２６,2026-08-09,2026-08-14,13,尼崎,一般,６　４５６　６　６３５,2026-07-15,2026-07-19,08,常滑,一般,６６４　３　５５３６,2026-07-03,2026-07-08,13,尼崎,一般,６　５６６　４４５　５,2026-06-25,2026-06-29,18,徳山,一般,６　６５落　６　５６
202609171304,2026-09-17,13,04R,5086,本村 大,2026-09-01,2026-09-04,24,大村,一般,１１６　転６１６,2026-08-19,2026-08-24,19,下関,一般,１　１３６３１６１６２５,2026-08-06,2026-08-10,24,大村,一般,４　F６５　５　５,2026-07-23,2026-07-27,01,桐生,一般,６　６６６　６６４,2026-07-11,2026-07-14,04,平和島,一般,２　４４２　３４,4837,酒井 陽祐,2026-09-01,2026-09-04,24,大村,一般,４　５２４　６４,2026-08-21,2026-08-24,07,蒲郡,一般,６　１３２３４５,2026-08-10,2026-08-15,08,常滑,一般,１５３　６４２　２１２３,2026-07-27,2026-08-01,09,津,一般,３　３,2026-07-12,2026-07-16,05,多摩川,一般,５３５　２　２５４２,4403,木下 大將,2026-09-03,2026-09-06,02,戸田,一般,４１３４６　F４,2026-08-21,2026-08-26,03,江戸川,一般,２４１　１３３　２２[１],2026-08-07,2026-08-12,20,若松,一般,１　４４３６３１２４２２,2026-07-29,2026-08-03,23,からつ,一般,２２１３３２１　２３３１,2026-07-22,2026-07-25,24,大村,一般,４４２　４５１１,4818,伏見 俊介,2026-08-27,2026-09-01,07,蒲郡,一般,２　５５５　６４２　１５,2026-06-24,2026-06-28,04,平和島,一般,６６５　６６６６,2026-06-07,2026-06-12,09,津,一般,５６６　６６２　５　６,2026-05-19,2026-05-24,01,桐生,一般,２　４６２F４　６　６,2026-04-27,2026-05-02,05,多摩川,一般,５４６　６６５　４　３２,4025,山本 隆幸,2026-09-05,2026-09-10,01,桐生,一般,６　２２２２４２２１[１],2026-08-20,2026-08-25,21,芦屋,一般,４１６５３４１２３４１５,2026-08-09,2026-08-14,13,尼崎,一般,３１１　２４３　２　[４],2026-07-31,2026-08-05,06,浜名湖,ＧⅢ,１２２　１１４１３６３５,2026-07-22,2026-07-25,24,大村,一般,３４１１１５２４,4097,貫地谷 直人,2026-09-02,2026-09-06,17,宮島,一般,４４５　４５６３５,2026-08-21,2026-08-24,07,蒲郡,一般,５６５　５　４６,2026-08-08,2026-08-13,16,児島,一般,４　３２５　５６３　２４,2026-07-31,2026-08-03,20,若松,一般,５　６４４　３５,2026-07-18,2026-07-21,04,平和島,一般,５　４６３　５２
202609171305,2026-09-17,13,05R,3226,浦田 信義,2026-08-31,2026-09-05,20,若松,ＧⅢ,２　５５２　３３４２４２,2026-08-20,2026-08-23,23,からつ,一般,２５１　５５４５,2026-08-03,2026-08-08,04,平和島,ＧⅢ,６２６　５６２　３　３４,2026-07-19,2026-07-23,05,多摩川,一般,３　３６４６４　１２,2026-07-07,2026-07-12,10,三国,ＧⅢ,６　５４６　３４５　３３,3685,荒井 輝年,2026-09-05,2026-09-11,03,江戸川,一般,F　６４５　３５３４５４,2026-08-20,2026-08-23,04,平和島,一般,６　３５５１２３,2026-07-13,2026-07-18,07,蒲郡,ＧⅡ,６　４　６５３　５４６,2026-07-05,2026-07-09,05,多摩川,一般,２６１　３１２３４１,2026-06-24,2026-06-29,03,江戸川,一般,２５１　２５４　１１１１,3992,関口 智久,2026-09-03,2026-09-06,02,戸田,一般,２３１５３　１２,2026-08-22,2026-08-26,20,若松,一般,５　６６１６６　６４,2026-08-11,2026-08-16,04,平和島,一般,５３５　３　５６５　４５,2026-07-18,2026-07-22,10,三国,一般,１２４　２２１１[５],2026-06-13,2026-06-16,06,浜名湖,一般,５２２４３　１３,3891,谷口 健一,2026-08-29,2026-09-03,16,児島,一般,５１３　４５６　４４２５,2026-08-14,2026-08-19,10,三国,一般,４５３　４６６　５　６２,2026-08-06,2026-08-09,02,戸田,一般,５　２３５　４６,2026-07-24,2026-07-29,17,宮島,一般,６　１６４　２５５４５５,2026-07-12,2026-07-16,05,多摩川,一般,６　６　６３１４３６,4409,坂元 浩仁,2026-08-31,2026-09-05,18,徳山,一般,５　３３１３４１１５３２,2026-08-20,2026-08-23,23,からつ,一般,３５１６１４１４,2026-08-10,2026-08-15,08,常滑,一般,１６１５３１１２２４２２,2026-06-30,2026-07-05,16,児島,ＧⅡ,２　６６２　６　４４３,2026-06-17,2026-06-22,24,大村,ＧⅡ,５６６　３　５６４　２,3372,加藤 雅之,2026-08-23,2026-08-27,18,徳山,一般,５　６　５５,2026-08-03,2026-08-08,17,宮島,一般,４　４５１　２５４５４４,2026-07-09,2026-07-14,15,丸亀,一般,２５４　６６５　６　６,2026-06-26,2026-07-01,17,宮島,一般,５３１　５４４　６　５１,2026-06-18,2026-06-21,04,平和島,一般,５　６６６　５
202609171306,2026-09-17,13,06R,4061,萩原 秀人,2026-09-03,2026-09-08,10,三国,一般,２２１５３　１４１６４２,2026-08-25,2026-08-30,01,桐生,ＳＧ,３　５４１　２５５１２,2026-08-14,2026-08-19,10,三国,一般,３３１１１４１　１３１１,2026-07-31,2026-08-05,06,浜名湖,ＧⅢ,１３２１４１１　２１[１],2026-07-18,2026-07-21,20,若松,一般,１３１２４１[２],4782,浜崎 準也,2026-09-01,2026-09-04,24,大村,一般,２２３　１２[６],2026-08-20,2026-08-23,02,戸田,一般,５　６４４５６６,2026-08-08,2026-08-13,16,児島,一般,６４４　１２１　３５３２,2026-07-22,2026-07-26,08,常滑,一般,４　５２６　４５６２,2026-06-09,2026-06-14,23,からつ,一般,３６４　２　５４４　５３,5318,河内 一馬,2026-08-10,2026-08-15,08,常滑,一般,２３４　４６２　５２６,2026-07-16,2026-07-21,11,びわこ,一般,５６２　５　２１５５３５,2026-07-01,2026-07-06,07,蒲郡,一般,４６５　１　４１５４F,2026-06-20,2026-06-25,15,丸亀,一般,２　４６２　５５４　６３,2026-05-31,2026-06-05,20,若松,一般,４　３６５　５６３　１４,4402,乙藤 智史,2026-09-01,2026-09-06,12,住之江,一般,２　４４５１６　５６１４,2026-08-20,2026-08-23,23,からつ,一般,１１６　２６１４,2026-08-07,2026-08-12,20,若松,一般,５　６４１３２１１５２５,2026-07-29,2026-08-03,22,福岡,一般,１４２転,2026-07-16,2026-07-21,11,びわこ,一般,６　３１１１３４１６１５,3535,渡 修平,2026-08-31,2026-09-05,20,若松,ＧⅢ,５　６４４,2026-08-21,2026-08-24,07,蒲郡,一般,４６４　３　６,2026-08-03,2026-08-08,19,下関,一般,３３６　６６４　６　２５,2026-07-22,2026-07-27,14,鳴門,一般,４　５４,2026-07-10,2026-07-15,23,からつ,一般,６　５２５５６,4211,村田 敦,2026-09-01,2026-09-04,24,大村,一般,３４５　２６５,2026-08-21,2026-08-24,07,蒲郡,一般,６　６６４　２１,2026-08-11,2026-08-16,04,平和島,一般,５　４４５　５３４　２４,2026-08-04,2026-08-09,10,三国,一般,５　３６２　５６４　３,2026-07-19,2026-07-23,05,多摩川,一般,３　１　５５２２１１
202609171307,2026-09-17,13,07R,3752,宇土 泰就,2026-09-01,2026-09-04,24,大村,一般,５５３　３２３,2026-08-20,2026-08-25,21,芦屋,一般,３　６６６３５　４　６４,2026-08-09,2026-08-14,23,からつ,一般,１５５　エ５２　２５２,2026-07-27,2026-08-01,09,津,一般,５　５６,2026-07-15,2026-07-19,08,常滑,一般,６５４　４３５　３３,4331,三好 勇人,2026-08-31,2026-09-05,18,徳山,一般,２　２３６３１２３４４４,2026-08-19,2026-08-24,19,下関,一般,３　６５３４１　２６,2026-08-07,2026-08-11,15,丸亀,一般,４２５　４３４１４１,2026-07-29,2026-08-03,23,からつ,一般,４　１２１　４５２６１６,2026-07-18,2026-07-21,20,若松,一般,３　１３２５１６,4635,峰重 力也,2026-09-02,2026-09-06,17,宮島,一般,２　１５５５６欠,2026-08-22,2026-08-27,08,常滑,ＧⅢ,６１３　５４１　６２５,2026-08-08,2026-08-13,16,児島,一般,３　１１６６４５４　３,2026-07-28,2026-07-31,24,大村,一般,１５２　１２[６],2026-07-19,2026-07-23,05,多摩川,一般,２６３　３３１６２２,4405,南野 利騰,2026-08-29,2026-09-03,16,児島,一般,５　６４３　５２６６３,2026-08-14,2026-08-19,10,三国,一般,３５２　５３５　４３６,2026-08-06,2026-08-09,02,戸田,一般,１２４　２F６,2026-07-24,2026-07-29,17,宮島,一般,６６４　４５４　２４３,2026-07-12,2026-07-16,05,多摩川,一般,６　１２不　１４２１,5421,原田 朱理,2026-09-04,2026-09-09,11,びわこ,一般,６　６６６　６６６　５６,2026-08-09,2026-08-14,13,尼崎,一般,５　６　６６６　６６６,2026-07-22,2026-07-27,14,鳴門,一般,５６６　６３５　６５６,2026-07-10,2026-07-13,19,下関,一般,６　６６６　６２,2026-06-25,2026-06-29,18,徳山,一般,６６６　６　６５６,5096,上原 崚,2026-08-28,2026-09-02,05,多摩川,ＧⅢ,３１５　６２２３４５４４,2026-08-20,2026-08-23,24,大村,一般,３　４５４１１,2026-08-09,2026-08-15,03,江戸川,一般,２１転　２５３　３６１３,2026-07-23,2026-07-28,03,江戸川,ＧⅢ,１５１　２３５　５　１２,2026-07-12,2026-07-16,05,多摩川,一般,１　３４３１３２[４]
202609171308,2026-09-17,13,08R,4057,松井 賢治,2026-09-02,2026-09-06,17,宮島,一般,５４３２１　３２[６],2026-08-21,2026-08-26,06,浜名湖,一般,５　３２４　４２２５３５,2026-08-11,2026-08-16,19,下関,一般,２５４　６５１２３　１,2026-07-31,2026-08-04,13,尼崎,一般,３１３　３４３４３２,2026-07-15,2026-07-21,12,住之江,一般,３　５３４　３４３１６　１１,3908,重成 一人,2026-08-31,2026-09-05,20,若松,ＧⅢ,３６２　１３２１３３１２,2026-08-17,2026-08-21,15,丸亀,一般,１３１２５１６４６２,2026-08-03,2026-08-08,19,下関,一般,３６４１６　１４４５１６,2026-07-23,2026-07-27,01,桐生,一般,３エ,2026-07-09,2026-07-14,15,丸亀,一般,３２３４４１６　３４１３,4202,浮田 圭浩,2026-09-01,2026-09-04,24,大村,一般,４　４３１　４６,2026-08-20,2026-08-23,04,平和島,一般,１５３　４５４４,2026-08-08,2026-08-13,16,児島,一般,４　１４３５３　５５４,2026-07-31,2026-08-03,20,若松,一般,３　３６３６３６,2026-07-16,2026-07-21,11,びわこ,一般,３５４　６２４　６２１６,3929,杢野 誓良,2026-09-03,2026-09-06,02,戸田,一般,４４２　２１４５,2026-08-20,2026-08-23,23,からつ,一般,４　３３３２６４,2026-08-10,2026-08-15,08,常滑,一般,４　２４４　４３３５２５,2026-07-28,2026-08-02,16,児島,一般,２４１　３６１６２　２６,2026-07-18,2026-07-21,04,平和島,一般,２５４５５　１３,3562,山下 和彦,2026-09-02,2026-09-06,17,宮島,一般,４２３　１５４６５２,2026-08-23,2026-08-27,18,徳山,一般,４４１２２　３２[３],2026-08-11,2026-08-16,19,下関,一般,５５２　２３６　２１２１,2026-07-31,2026-08-05,06,浜名湖,ＧⅢ,２５３　２１１　３４１４,2026-07-18,2026-07-21,04,平和島,一般,３１５３１　１２,4818,伏見 俊介,2026-08-27,2026-09-01,07,蒲郡,一般,２　５５５　６４２　１５,2026-06-24,2026-06-28,04,平和島,一般,６６５　６６６６,2026-06-07,2026-06-12,09,津,一般,５６６　６６２　５　６,2026-05-19,2026-05-24,01,桐生,一般,２　４６２F４　６　６,2026-04-27,2026-05-02,05,多摩川,一般,５４６　６６５　４　３２
202609171309,2026-09-17,13,09R,4403,木下 大將,2026-09-03,2026-09-06,02,戸田,一般,４１３４６　F４,2026-08-21,2026-08-26,03,江戸川,一般,２４１　１３３　２２[１],2026-08-07,2026-08-12,20,若松,一般,１　４４３６３１２４２２,2026-07-29,2026-08-03,23,からつ,一般,２２１３３２１　２３３１,2026-07-22,2026-07-25,24,大村,一般,４４２　４５１１,4643,近江 翔吾,2026-09-01,2026-09-06,12,住之江,一般,１４３　３３３２１４１４,2026-08-17,2026-08-21,15,丸亀,一般,３３３１５５１６１６,2026-08-05,2026-08-10,09,津,一般,２　１５５１４４１４２２,2026-07-23,2026-07-27,01,桐生,一般,２３５２２１４２[４],2026-07-13,2026-07-18,07,蒲郡,ＧⅡ,１　４５５　３　６５４,3687,花田 和明,2026-08-31,2026-09-05,18,徳山,一般,５　３５５　４,2026-08-20,2026-08-23,23,からつ,一般,６３２　５３３５,2026-08-10,2026-08-15,08,常滑,一般,２　１３５　１４１４５４,2026-07-24,2026-07-27,06,浜名湖,一般,２２２６５　４５,2026-07-07,2026-07-12,20,若松,ＧⅢ,５　５５６４６,3412,鈴木 博,2026-08-31,2026-09-05,20,若松,ＧⅢ,６　２１６３３４１５１４,2026-08-20,2026-08-23,04,平和島,一般,１２６４４２５４,2026-08-04,2026-08-09,12,住之江,一般,４　２４３５４　１４３５,2026-07-27,2026-07-31,19,下関,一般,４１２　４２１６１５,2026-07-17,2026-07-20,02,戸田,一般,３２２２１２[６],5456,今村 天次朗,2026-08-26,2026-08-31,11,びわこ,一般,６　６６６　５６６　２６,2026-08-09,2026-08-14,13,尼崎,一般,６　４５６　６　６３５,2026-07-15,2026-07-19,08,常滑,一般,６６４　３　５５３６,2026-07-03,2026-07-08,13,尼崎,一般,６　５６６　４４５　５,2026-06-25,2026-06-29,18,徳山,一般,６　６５落　６　５６,4584,村岡 賢人,2026-08-30,2026-09-02,21,芦屋,一般,１４１１２１[１],2026-08-20,2026-08-23,24,大村,一般,３３１１３１[１],2026-08-08,2026-08-13,16,児島,一般,２　４４１４２４１４３２,2026-07-31,2026-08-04,13,尼崎,一般,４２３２５　１４３４,2026-07-22,2026-07-27,14,鳴門,一般,１　１１６３４２３２[５]
202609171310,2026-09-17,13,10R,3987,後藤 正宗,2026-09-02,2026-09-06,17,宮島,一般,１４２４２４１３２１,2026-08-22,2026-08-26,20,若松,一般,４２３　６３６１４２,2026-08-11,2026-08-16,06,浜名湖,一般,F　３　２　４　６　３,2026-07-21,2026-07-26,23,からつ,一般,５　２５２６２１１６１４,2026-07-09,2026-07-14,15,丸亀,一般,３６１２４１３　１１[５],3874,山本 寛久,2026-09-05,2026-09-10,01,桐生,一般,１１４　１２４　３１[４],2026-08-22,2026-08-27,08,常滑,ＧⅢ,２１３　１３３　１３１３,2026-08-08,2026-08-13,16,児島,一般,１　５６５３３　４４１,2026-07-27,2026-08-01,09,津,一般,２１２,2026-07-13,2026-07-18,07,蒲郡,ＧⅡ,４　１　２４３　１　[５],4409,坂元 浩仁,2026-08-31,2026-09-05,18,徳山,一般,５　３３１３４１１５３２,2026-08-20,2026-08-23,23,からつ,一般,３５１６１４１４,2026-08-10,2026-08-15,08,常滑,一般,１６１５３１１２２４２２,2026-06-30,2026-07-05,16,児島,ＧⅡ,２　６６２　６　４４３,2026-06-17,2026-06-22,24,大村,ＧⅡ,５６６　３　５６４　２,5086,本村 大,2026-09-01,2026-09-04,24,大村,一般,１１６　転６１６,2026-08-19,2026-08-24,19,下関,一般,１　１３６３１６１６２５,2026-08-06,2026-08-10,24,大村,一般,４　F６５　５　５,2026-07-23,2026-07-27,01,桐生,一般,６　６６６　６６４,2026-07-11,2026-07-14,04,平和島,一般,２　４４２　３４,4463,三苫 晃幸,2026-09-01,2026-09-04,24,大村,一般,４　３４３　２４,2026-08-22,2026-08-27,22,福岡,一般,３５３３３１２　１５２６,2026-08-10,2026-08-15,21,芦屋,一般,２４４６３　５３,2026-07-24,2026-07-27,12,住之江,一般,６　１１１２[５],2026-07-15,2026-07-19,08,常滑,一般,１　１３２２３１[２],4641,磯村 匠,2026-06-11,2026-06-16,10,三国,一般,６　４４５　５５６　３,2026-05-25,2026-05-30,17,宮島,一般,５　３転F　５　５　４,2026-05-09,2026-05-12,20,若松,一般,５４６　F　５,2026-04-26,2026-05-01,03,江戸川,一般,４　４５５　２２２３２,2026-04-16,2026-04-21,08,常滑,一般,２４１　４３４４１５１
202609171311,2026-09-17,13,11R,4402,乙藤 智史,2026-09-01,2026-09-06,12,住之江,一般,２　４４５１６　５６１４,2026-08-20,2026-08-23,23,からつ,一般,１１６　２６１４,2026-08-07,2026-08-12,20,若松,一般,５　６４１３２１１５２５,2026-07-29,2026-08-03,22,福岡,一般,１４２転,2026-07-16,2026-07-21,11,びわこ,一般,６　３１１１３４１６１５,4097,貫地谷 直人,2026-09-02,2026-09-06,17,宮島,一般,４４５　４５６３５,2026-08-21,2026-08-24,07,蒲郡,一般,５６５　５　４６,2026-08-08,2026-08-13,16,児島,一般,４　３２５　５６３　２４,2026-07-31,2026-08-03,20,若松,一般,５　６４４　３５,2026-07-18,2026-07-21,04,平和島,一般,５　４６３　５２,4446,和田 兼輔,2026-09-07,2026-09-12,16,児島,一般,４３４　３１１５１５１２,2026-08-25,2026-08-30,01,桐生,ＳＧ,１　５４５　５　５２１,2026-08-09,2026-08-14,13,尼崎,一般,２５１　５２４２４　２２,2026-07-24,2026-07-29,17,宮島,一般,３３３　１３２１５２[１],2026-07-15,2026-07-20,18,徳山,一般,１３５２１F３　５　３,3422,服部 幸男,2026-08-31,2026-09-05,20,若松,ＧⅢ,２１５　６２３６２６３３,2026-08-22,2026-08-27,08,常滑,ＧⅢ,１　５６４　４４６１４６,2026-08-11,2026-08-16,06,浜名湖,一般,３２２６３　１５３３３６,2026-07-13,2026-07-18,07,蒲郡,ＧⅡ,５　１３２　４　２６５３,2026-07-03,2026-07-06,09,津,一般,２１３　５２[６],3690,河合 三弘,2026-08-31,2026-09-05,20,若松,ＧⅢ,２　１２３　４５５６４６,2026-08-20,2026-08-23,23,からつ,一般,２　４４６５６３,2026-08-10,2026-08-15,08,常滑,一般,２　３４６　５６４６３,2026-07-31,2026-08-05,06,浜名湖,ＧⅢ,６６４　６５４　６　２,2026-07-17,2026-07-20,02,戸田,一般,３３２　４４３４,3685,荒井 輝年,2026-09-05,2026-09-11,03,江戸川,一般,F　６４５　３５３４５４,2026-08-20,2026-08-23,04,平和島,一般,６　３５５１２３,2026-07-13,2026-07-18,07,蒲郡,ＧⅡ,６　４　６５３　５４６,2026-07-05,2026-07-09,05,多摩川,一般,２６１　３１２３４１,2026-06-24,2026-06-29,03,江戸川,一般,２５１　２５４　１１１１
202609171312,2026-09-17,13,12R,4025,山本 隆幸,2026-09-05,2026-09-10,01,桐生,一般,６　２２２２４２２１[１],2026-08-20,2026-08-25,21,芦屋,一般,４１６５３４１２３４１５,2026-08-09,2026-08-14,13,尼崎,一般,３１１　２４３　２　[４],2026-07-31,2026-08-05,06,浜名湖,ＧⅢ,１２２　１１４１３６３５,2026-07-22,2026-07-25,24,大村,一般,３４１１１５２４,4635,峰重 力也,2026-09-02,2026-09-06,17,宮島,一般,２　１５５５６欠,2026-08-22,2026-08-27,08,常滑,ＧⅢ,６１３　５４１　６２５,2026-08-08,2026-08-13,16,児島,一般,３　１１６６４５４　３,2026-07-28,2026-07-31,24,大村,一般,１５２　１２[６],2026-07-19,2026-07-23,05,多摩川,一般,２６３　３３１６２２,5245,倉富 大誠,2026-09-01,2026-09-04,24,大村,一般,３　転５,2026-08-20,2026-08-23,04,平和島,一般,４３１　F２２,2026-08-03,2026-08-08,17,宮島,一般,６　１５６　４２３　１５,2026-07-24,2026-07-27,12,住之江,一般,５５６　２　３２,2026-07-15,2026-07-19,08,常滑,一般,３　１２６２１６２４,4061,萩原 秀人,2026-09-03,2026-09-08,10,三国,一般,２２１５３　１４１６４２,2026-08-25,2026-08-30,01,桐生,ＳＧ,３　５４１　２５５１２,2026-08-14,2026-08-19,10,三国,一般,３３１１１４１　１３１１,2026-07-31,2026-08-05,06,浜名湖,ＧⅢ,１３２１４１１　２１[１],2026-07-18,2026-07-21,20,若松,一般,１３１２４１[２],3226,浦田 信義,2026-08-31,2026-09-05,20,若松,ＧⅢ,２　５５２　３３４２４２,2026-08-20,2026-08-23,23,からつ,一般,２５１　５５４５,2026-08-03,2026-08-08,04,平和島,ＧⅢ,６２６　５６２　３　３４,2026-07-19,2026-07-23,05,多摩川,一般,３　３６４６４　１２,2026-07-07,2026-07-12,10,三国,ＧⅢ,６　５４６　３４５　３３,4171,榎 幸司,2026-09-01,2026-09-06,12,住之江,一般,２５転４,2026-08-19,2026-08-24,19,下関,一般,４２６２１　４２４３３１,2026-08-06,2026-08-10,24,大村,一般,３６２　２３１２[５],2026-07-29,2026-08-01,18,徳山,一般,３１４２２３３２,2026-07-22,2026-07-25,24,大村,一般,２２２５２４１４
202609171401,2026-09-17,14,01R,4522,古澤 光紀,2026-08-31,2026-09-05,18,徳山,一般,２３１５５　１１３４１２,2026-08-20,2026-08-23,04,平和島,一般,６　２１３３２２,2026-08-07,2026-08-12,20,若松,一般,５欠,2026-07-23,2026-07-28,21,芦屋,一般,１１３　３１１３４１[３],2026-07-10,2026-07-15,22,福岡,一般,１　２４４３２２１４３２,4636,赤池 修平,2026-09-01,2026-09-06,12,住之江,一般,４　５６４　２６６　５５,2026-08-05,2026-08-10,14,鳴門,一般,４３２　１５５　３６５,2026-07-22,2026-07-26,13,尼崎,一般,４６５　６　５　２３,2026-07-09,2026-07-13,16,児島,一般,６　２６３１５　４４,2026-06-21,2026-06-25,08,常滑,一般,３　６６６　６６６６,3578,塩田 雄一,2026-05-27,2026-06-01,08,常滑,一般,３４４　５落,2026-05-10,2026-05-14,23,からつ,一般,１４５　２４２　５６,2026-04-25,2026-04-30,15,丸亀,一般,５６５　５６１　６１６,2026-04-03,2026-04-07,17,宮島,一般,５３３　６５５　５６,2026-03-19,2026-03-24,16,児島,一般,５　３２２　５６６　５６,5389,恵良 琴美,2026-08-30,2026-09-04,06,浜名湖,ＧⅢ,４　６６５　４６２５６,2026-08-18,2026-08-23,16,児島,一般,６　４３６　３３６　１４,2026-08-07,2026-08-12,20,若松,一般,３６６　５　５６６　６２,2026-07-25,2026-07-30,04,平和島,一般,３　３５６６４　６　４３,2026-07-15,2026-07-19,17,宮島,一般,３　６　４６６３６,4006,小野 勇作,2026-08-31,2026-09-05,20,若松,ＧⅢ,２２４　１４２２１２[６],2026-08-21,2026-08-24,07,蒲郡,一般,１６５１３　３２,2026-08-09,2026-08-14,23,からつ,一般,４５１　１６４　２５４６,2026-07-31,2026-08-05,06,浜名湖,ＧⅢ,２　５２３　６６２６４,2026-07-15,2026-07-19,17,宮島,一般,２３４　３２５４１３,5471,田中 結,2026-09-01,2026-09-06,12,住之江,一般,６　４　５６６５６　５５,2026-08-15,2026-08-20,11,びわこ,一般,５　５６６　６５６　６６,2026-07-27,2026-07-31,19,下関,一般,６　６６６　６　５５,2026-07-09,2026-07-13,16,児島,一般,６　４６４　６５６,2026-06-19,2026-06-24,11,びわこ,一般,６　６５６　６　６５４
202609171402,2026-09-17,14,02R,5057,上田 紗奈,2026-09-01,2026-09-06,12,住之江,一般,１　６１１　６１４６６５,2026-08-15,2026-08-20,11,びわこ,一般,４３１　６２２　３６２,2026-07-31,2026-08-05,05,多摩川,一般,１４２　３６６　４３１６,2026-07-14,2026-07-19,01,桐生,一般,１５３６３　６　１４１,2026-06-28,2026-07-01,10,三国,一般,２６５　２６１,4413,水摩 敦,2026-09-01,2026-09-05,13,尼崎,一般,落４１　３４３　４３,2026-08-20,2026-08-23,04,平和島,一般,１１３　６２３４,2026-08-07,2026-08-12,20,若松,一般,３　４１４４３３３４３,2026-07-24,2026-07-27,12,住之江,一般,１１２２６２[４],2026-07-14,2026-07-19,21,芦屋,一般,１２４３１　４４５５６４,4110,小澤 和也,2026-08-26,2026-08-31,11,びわこ,一般,６２４　５　６６３　１３,2026-08-12,2026-08-17,02,戸田,一般,５　１５３　４４４５６６,2026-07-31,2026-08-04,13,尼崎,一般,３６３　５　６４５３,2026-06-25,2026-06-29,21,芦屋,一般,２　３４６５３　２５,2026-06-18,2026-06-21,20,若松,一般,６２４　１　６６,4142,平野 和明,2026-09-05,2026-09-11,03,江戸川,一般,３　３４３　２５２　１５,2026-08-21,2026-08-24,07,蒲郡,一般,１　２３４２[３],2026-08-10,2026-08-15,08,常滑,一般,６２２　２４２３４６２６,2026-07-28,2026-07-31,24,大村,一般,２６３　３４４,2026-07-02,2026-07-07,04,平和島,一般,３３３　６３４　１４３,5289,佃 來紀,2026-09-02,2026-09-07,22,福岡,一般,４３２１３１６　４６１６,2026-08-24,2026-08-28,15,丸亀,一般,１６５妨４,2026-08-13,2026-08-18,12,住之江,一般,５　２２２　２４３４不３,2026-07-30,2026-08-04,08,常滑,一般,２３２　３　５３１４５２,2026-07-18,2026-07-23,09,津,ＧⅢ,１　１４３　１　２　[６],5341,山道 諄也,2026-08-29,2026-09-03,19,下関,一般,２５２　４　５５１　５４,2026-07-24,2026-07-27,06,浜名湖,一般,３４５６３　６３,2026-07-10,2026-07-14,09,津,一般,６　１５落５５　６５,2026-06-27,2026-07-01,02,戸田,一般,６　３F５　４　５,2026-06-17,2026-06-22,05,多摩川,一般,４５６　６６５　６　６
202609171403,2026-09-17,14,03R,4356,長岡 良也,2026-08-31,2026-09-05,18,徳山,一般,４２３２１２２　３１[５],2026-08-21,2026-08-24,07,蒲郡,一般,３１２６６２[４],2026-08-11,2026-08-16,19,下関,一般,３　４４１２３　４５１３,2026-07-31,2026-08-05,05,多摩川,一般,３４５　２２１１４５２４,2026-07-22,2026-07-26,13,尼崎,一般,１　２３５３２５１３,4550,石岡 将太,2026-09-01,2026-09-04,24,大村,一般,６４５　５４３,2026-08-22,2026-08-26,20,若松,一般,３　４５５転,2026-08-11,2026-08-16,01,桐生,一般,６３５　４５２　１５１,2026-07-29,2026-08-03,22,福岡,一般,４４３５１　３３１５２４,2026-07-19,2026-07-23,05,多摩川,一般,３４１３３　１５３３,4447,深川 麻奈美,2026-09-02,2026-09-06,17,宮島,一般,１５３２６　１　１１,2026-08-24,2026-08-29,13,尼崎,一般,１２３　２６４　４４４２,2026-08-10,2026-08-15,21,芦屋,一般,１２３　２５４　１３２４,2026-07-28,2026-07-31,24,大村,一般,３１３　１３２６,2026-07-17,2026-07-20,02,戸田,一般,３２１　６１１１,4290,稲田 浩二,2026-08-22,2026-08-26,20,若松,一般,３３３　１１４５１５,2026-08-09,2026-08-14,13,尼崎,一般,１４５　３３３２４　４４,2026-07-28,2026-08-02,11,びわこ,ＳＧ,４　２６４　５　４２５,2026-07-13,2026-07-18,07,蒲郡,ＧⅡ,２６４　２　１２５　３６,2026-07-05,2026-07-09,05,多摩川,一般,４２５欠,5370,日隈 茜,2026-09-05,2026-09-10,04,平和島,一般,６４６　６　６６６　５,2026-08-24,2026-08-29,10,三国,一般,６６６　６　６６６　６,2026-08-10,2026-08-15,21,芦屋,一般,６　６６６　６６６　６,2026-07-28,2026-08-02,15,丸亀,一般,　　　　　　　　６　６５,2026-07-25,2026-07-29,20,若松,一般,６　６５６６６　６５,5403,藤山 湧太,2026-08-07,2026-08-11,15,丸亀,一般,６５２　６　４５６１,2026-07-22,2026-07-27,14,鳴門,一般,　　　　　　　　　　６４,2026-07-09,2026-07-13,14,鳴門,一般,３　５５４　５４４３,2026-06-20,2026-06-25,15,丸亀,一般,６５２　４４６　６　３３,2026-06-01,2026-06-04,24,大村,一般,５　６　６　４５
202609171404,2026-09-17,14,04R,4748,渡邉 雄朗,2026-08-09,2026-08-15,03,江戸川,一般,４１３　４１２　２　[４],2026-07-28,2026-07-31,24,大村,一般,５１４　６５５６,2026-07-15,2026-07-19,17,宮島,一般,２６３４４６,2026-07-03,2026-07-08,13,尼崎,一般,１２F３２　３　２　３,2026-06-24,2026-06-29,03,江戸川,一般,６　３１６　６１２　１３,4906,鈴木 雅希,2026-08-30,2026-09-03,08,常滑,一般,１１４　１５１２[３],2026-08-15,2026-08-20,05,多摩川,一般,２　３３５６４　１５１,2026-08-04,2026-08-09,10,三国,一般,１５３４３３５　１　２３,2026-07-28,2026-07-31,24,大村,一般,２　１６２５４３,2026-07-15,2026-07-21,12,住之江,一般,２　３４５　２４６５３１３３,3885,久田 武,2026-09-01,2026-09-05,13,尼崎,一般,３　４６５４４　２,2026-08-22,2026-08-26,20,若松,一般,４　５５１２転欠,2026-08-07,2026-08-11,15,丸亀,一般,６６２６２　６　３,2026-07-28,2026-08-02,16,児島,一般,１５２　５５３２１６４５,2026-07-15,2026-07-21,12,住之江,一般,２　６４３　４５３,3224,栗山 繁洋,2026-09-01,2026-09-05,13,尼崎,一般,４　５５５　６１４,2026-08-20,2026-08-25,21,芦屋,一般,６　６エ,2026-08-06,2026-08-10,24,大村,一般,２５３　１５６　６６,2026-07-28,2026-08-02,15,丸亀,一般,１４５　３６５　５　３２,2026-07-18,2026-07-21,20,若松,一般,２　５４１４４５,3907,村越 篤,2026-08-30,2026-09-02,21,芦屋,一般,５４４　６３４２,2026-08-17,2026-08-21,15,丸亀,一般,４　３６６　３　２４,2026-08-03,2026-08-08,04,平和島,ＧⅢ,６　１４２　１５１５６６,2026-07-20,2026-07-25,15,丸亀,一般,５　１３５　１３１　１３,2026-07-07,2026-07-12,10,三国,ＧⅢ,４　６欠,4625,渡邊 裕貴,2026-08-25,2026-08-30,17,宮島,一般,４１４　２６５２３　５５,2026-08-11,2026-08-16,06,浜名湖,一般,５　１３２　６３６６１,2026-07-31,2026-08-03,20,若松,一般,３　３５６４４,2026-07-17,2026-07-22,16,児島,ＧⅢ,４　５３３４１　３２６４,2026-06-30,2026-07-05,06,浜名湖,一般,１４２　３２４　４３１４
202609171405,2026-09-17,14,05R,5173,谷口 佳蓮,2026-08-29,2026-09-03,19,下関,一般,４　３５６４２　３　４６,2026-08-17,2026-08-21,15,丸亀,一般,４　２３５　１　５６,2026-07-31,2026-08-04,13,尼崎,一般,４３４　１６２　６１,2026-06-24,2026-06-29,12,住之江,一般,４１３　３６５　４　１１,2026-06-06,2026-06-11,15,丸亀,一般,３２１　１６２　２５１５,3611,岩崎 芳美,2026-08-30,2026-09-04,06,浜名湖,ＧⅢ,１５５２１１５　１５２２,2026-08-17,2026-08-20,20,若松,一般,４１２２３５２３,2026-08-06,2026-08-11,18,徳山,ＧⅠ,４　４　３３４　４６５,2026-07-28,2026-08-02,15,丸亀,一般,１４６　２２３２４６２６,2026-07-13,2026-07-18,13,尼崎,ＧⅢ,１転２４２　６３３３２１,4102,益田 啓司,2026-08-31,2026-09-05,20,若松,ＧⅢ,５５１１１　３２３１[３],2026-08-22,2026-08-27,22,福岡,一般,４４１１５　１２５１[４],2026-08-10,2026-08-15,21,芦屋,一般,２　１３３４６１４３３１,2026-07-31,2026-08-04,13,尼崎,一般,１２１５２　２３２１,2026-07-21,2026-07-26,23,からつ,一般,２２３　１２１３３２[６],5375,庄島 潤成,2026-08-30,2026-09-03,08,常滑,一般,６５５　６　６３４５,2026-08-19,2026-08-24,19,下関,一般,　　　　　　　　　　４４,2026-08-15,2026-08-20,18,徳山,一般,５４４　４　５６６　６５,2026-08-03,2026-08-08,19,下関,一般,４６４　４　３４４　４５,2026-07-23,2026-07-27,01,桐生,一般,４　５３３４６　３４,5039,倉田 茂将,2026-08-24,2026-08-28,15,丸亀,一般,５　５　３３１　６４,2026-07-18,2026-07-23,09,津,ＧⅢ,６　４　６４６　５２４３,2026-07-03,2026-07-08,12,住之江,一般,３５４　１５５　４　２６,2026-06-16,2026-06-21,18,徳山,ＧⅢ,６４１　６６５５６　６２,2026-06-03,2026-06-08,21,芦屋,一般,４５４６１　４６５５１,3722,西村 秀樹,2026-09-01,2026-09-04,24,大村,一般,１　３６５　３４,2026-08-09,2026-08-14,23,からつ,一般,２　５４５６４　５４６,2026-07-27,2026-08-01,10,三国,一般,５　６１１　４４３　５４,2026-07-15,2026-07-19,08,常滑,一般,４６５　３　４１３５,2026-06-22,2026-06-27,22,福岡,一般,４　１４６６４　４５５３
202609171406,2026-09-17,14,06R,5000,岡本 翔太郎,2026-08-29,2026-09-03,16,児島,一般,１４２　２２１４５２[６],2026-08-23,2026-08-27,18,徳山,一般,　　　　　　　　２５,2026-08-15,2026-08-20,18,徳山,一般,３　３５２１５　１　２４,2026-08-03,2026-08-08,19,下関,一般,１５３　５２４５２　６５,2026-06-25,2026-06-30,13,尼崎,一般,３　５６２　１５４２４２,3701,大西 隆洋,2026-08-31,2026-09-05,18,徳山,一般,６　２４６６４　４４３,2026-08-17,2026-08-21,15,丸亀,一般,５　６５１　４　４４,2026-07-31,2026-08-03,20,若松,一般,３　５６３　６５,2026-07-15,2026-07-19,17,宮島,一般,４３２　４６６３２,2026-06-29,2026-07-04,08,常滑,一般,６５５　５５３　３　４３,3327,野長瀬 正孝,2026-09-02,2026-09-06,17,宮島,一般,３　１５４F２　３,2026-08-22,2026-08-27,22,福岡,一般,６１３　６３３４６,2026-08-07,2026-08-11,15,丸亀,一般,３３２　５１２３１４,2026-07-28,2026-07-31,24,大村,一般,４　３５２　４５,2026-07-16,2026-07-21,11,びわこ,一般,５３３４１　１２３５１３,5264,登 みひ果,2026-09-05,2026-09-10,04,平和島,一般,３６１　５落６　６　５２,2026-08-25,2026-08-30,17,宮島,一般,３５６　１　１１１２[５],2026-07-13,2026-07-18,13,尼崎,ＧⅢ,１５５　３１４　６４４４,2026-07-03,2026-07-08,13,尼崎,一般,６３３　６４６　６　２,2026-06-18,2026-06-23,02,戸田,一般,１　１６F　５　６　５,4144,石塚 久也,2026-09-03,2026-09-06,02,戸田,一般,５,2026-08-12,2026-08-17,02,戸田,一般,４５６　転欠,2026-07-27,2026-08-01,10,三国,一般,２　５２２５３３１４２２,2026-07-15,2026-07-20,18,徳山,一般,２　１５３４１２２５１２,2026-07-02,2026-07-06,21,芦屋,一般,１２２３３　１６２４,3790,佐口 達也,2026-09-01,2026-09-04,24,大村,一般,５６２　２６４,2026-08-20,2026-08-23,04,平和島,一般,１４４　３４５６,2026-08-04,2026-08-09,12,住之江,一般,１６５　４６５　２　５,2026-07-22,2026-07-26,08,常滑,一般,３　４５５３６　３２,2026-07-11,2026-07-16,03,江戸川,一般,４１４　３３２　１５２４
202609171407,2026-09-17,14,07R,4348,宮崎 奨,2026-09-01,2026-09-04,24,大村,一般,落６１　３２１,2026-08-17,2026-08-21,15,丸亀,一般,３３３２３　２６１５,2026-08-04,2026-08-09,12,住之江,一般,３　４５５　２１３　２４,2026-07-20,2026-07-25,15,丸亀,一般,３２２　１５４５１４１２,2026-07-10,2026-07-15,23,からつ,一般,４　３２１４３４６３１４,4545,岡村 慶太,2026-08-31,2026-09-05,18,徳山,一般,４５３１３　３３２５２１,2026-08-20,2026-08-23,04,平和島,一般,１６２４１１[６],2026-08-07,2026-08-12,20,若松,一般,１５５２６２１　３５１６,2026-07-27,2026-07-31,19,下関,一般,１３１１２　３１[１],2026-07-14,2026-07-17,24,大村,一般,１４３２１４４３,4006,小野 勇作,2026-08-31,2026-09-05,20,若松,ＧⅢ,２２４　１４２２１２[６],2026-08-21,2026-08-24,07,蒲郡,一般,１６５１３　３２,2026-08-09,2026-08-14,23,からつ,一般,４５１　１６４　２５４６,2026-07-31,2026-08-05,06,浜名湖,ＧⅢ,２　５２３　６６２６４,2026-07-15,2026-07-19,17,宮島,一般,２３４　３２５４１３,5057,上田 紗奈,2026-09-01,2026-09-06,12,住之江,一般,１　６１１　６１４６６５,2026-08-15,2026-08-20,11,びわこ,一般,４３１　６２２　３６２,2026-07-31,2026-08-05,05,多摩川,一般,１４２　３６６　４３１６,2026-07-14,2026-07-19,01,桐生,一般,１５３６３　６　１４１,2026-06-28,2026-07-01,10,三国,一般,２６５　２６１,5403,藤山 湧太,2026-08-07,2026-08-11,15,丸亀,一般,６５２　６　４５６１,2026-07-22,2026-07-27,14,鳴門,一般,　　　　　　　　　　６４,2026-07-09,2026-07-13,14,鳴門,一般,３　５５４　５４４３,2026-06-20,2026-06-25,15,丸亀,一般,６５２　４４６　６　３３,2026-06-01,2026-06-04,24,大村,一般,５　６　６　４５,3508,久富 政弘,2026-08-31,2026-09-05,20,若松,ＧⅢ,４　３５５３６　３３２１,2026-08-20,2026-08-23,02,戸田,一般,３２６　３４１３,2026-08-09,2026-08-14,23,からつ,一般,２　１５５１４３１５６５,2026-07-28,2026-08-02,16,児島,一般,４５４５５　６６５　６,2026-07-16,2026-07-21,11,びわこ,一般,６１３３３　１４５４１２
202609171408,2026-09-17,14,08R,4110,小澤 和也,2026-08-26,2026-08-31,11,びわこ,一般,６２４　５　６６３　１３,2026-08-12,2026-08-17,02,戸田,一般,５　１５３　４４４５６６,2026-07-31,2026-08-04,13,尼崎,一般,３６３　５　６４５３,2026-06-25,2026-06-29,21,芦屋,一般,２　３４６５３　２５,2026-06-18,2026-06-21,20,若松,一般,６２４　１　６６,4625,渡邊 裕貴,2026-08-25,2026-08-30,17,宮島,一般,４１４　２６５２３　５５,2026-08-11,2026-08-16,06,浜名湖,一般,５　１３２　６３６６１,2026-07-31,2026-08-03,20,若松,一般,３　３５６４４,2026-07-17,2026-07-22,16,児島,ＧⅢ,４　５３３４１　３２６４,2026-06-30,2026-07-05,06,浜名湖,一般,１４２　３２４　４３１４,5242,高山 弘斗,2026-09-01,2026-09-04,24,大村,一般,２　転５５　２３,2026-08-15,2026-08-20,05,多摩川,一般,５２３　５　３５３　３,2026-07-10,2026-07-13,19,下関,一般,４６４　６　３６,2026-06-27,2026-07-01,02,戸田,一般,５６６　１　５３６１,2026-06-11,2026-06-16,03,江戸川,一般,F　３５５　５６６２４,3612,馬袋 義則,2026-08-31,2026-09-05,20,若松,ＧⅢ,１２２６２　１１４１[４],2026-08-20,2026-08-23,24,大村,一般,４５１１１２[６],2026-08-09,2026-08-14,13,尼崎,一般,２２４　３　１４３　４１,2026-07-31,2026-08-05,06,浜名湖,ＧⅢ,２　４４４２１６１５１６,2026-07-16,2026-07-21,11,びわこ,一般,５４２１２　４１２２[５],5389,恵良 琴美,2026-08-30,2026-09-04,06,浜名湖,ＧⅢ,４　６６５　４６２５６,2026-08-18,2026-08-23,16,児島,一般,６　４３６　３３６　１４,2026-08-07,2026-08-12,20,若松,一般,３６６　５　５６６　６２,2026-07-25,2026-07-30,04,平和島,一般,３　３５６６４　６　４３,2026-07-15,2026-07-19,17,宮島,一般,３　６　４６６３６,4550,石岡 将太,2026-09-01,2026-09-04,24,大村,一般,６４５　５４３,2026-08-22,2026-08-26,20,若松,一般,３　４５５転,2026-08-11,2026-08-16,01,桐生,一般,６３５　４５２　１５１,2026-07-29,2026-08-03,22,福岡,一般,４４３５１　３３１５２４,2026-07-19,2026-07-23,05,多摩川,一般,３４１３３　１５３３
202609171409,2026-09-17,14,09R,4138,中井 俊祐,2026-09-03,2026-09-06,02,戸田,一般,６２２　３妨４５,2026-08-25,2026-08-30,17,宮島,一般,５４５　６６５　６欠,2026-08-13,2026-08-18,12,住之江,一般,２３６　６　６６,2026-07-28,2026-07-31,24,大村,一般,５　３５２　５６,2026-07-12,2026-07-16,05,多摩川,一般,６　４６６,3907,村越 篤,2026-08-30,2026-09-02,21,芦屋,一般,５４４　６３４２,2026-08-17,2026-08-21,15,丸亀,一般,４　３６６　３　２４,2026-08-03,2026-08-08,04,平和島,ＧⅢ,６　１４２　１５１５６６,2026-07-20,2026-07-25,15,丸亀,一般,５　１３５　１３１　１３,2026-07-07,2026-07-12,10,三国,ＧⅢ,４　６欠,4290,稲田 浩二,2026-08-22,2026-08-26,20,若松,一般,３３３　１１４５１５,2026-08-09,2026-08-14,13,尼崎,一般,１４５　３３３２４　４４,2026-07-28,2026-08-02,11,びわこ,ＳＧ,４　２６４　５　４２５,2026-07-13,2026-07-18,07,蒲郡,ＧⅡ,２６４　２　１２５　３６,2026-07-05,2026-07-09,05,多摩川,一般,４２５欠,5341,山道 諄也,2026-08-29,2026-09-03,19,下関,一般,２５２　４　５５１　５４,2026-07-24,2026-07-27,06,浜名湖,一般,３４５６３　６３,2026-07-10,2026-07-14,09,津,一般,６　１５落５５　６５,2026-06-27,2026-07-01,02,戸田,一般,６　３F５　４　５,2026-06-17,2026-06-22,05,多摩川,一般,４５６　６６５　６　６,5471,田中 結,2026-09-01,2026-09-06,12,住之江,一般,６　４　５６６５６　５５,2026-08-15,2026-08-20,11,びわこ,一般,５　５６６　６５６　６６,2026-07-27,2026-07-31,19,下関,一般,６　６６６　６　５５,2026-07-09,2026-07-13,16,児島,一般,６　４６４　６５６,2026-06-19,2026-06-24,11,びわこ,一般,６　６５６　６　６５４,3611,岩崎 芳美,2026-08-30,2026-09-04,06,浜名湖,ＧⅢ,１５５２１１５　１５２２,2026-08-17,2026-08-20,20,若松,一般,４１２２３５２３,2026-08-06,2026-08-11,18,徳山,ＧⅠ,４　４　３３４　４６５,2026-07-28,2026-08-02,15,丸亀,一般,１４６　２２３２４６２６,2026-07-13,2026-07-18,13,尼崎,ＧⅢ,１転２４２　６３３３２１
202609171410,2026-09-17,14,10R,4142,平野 和明,2026-09-05,2026-09-11,03,江戸川,一般,３　３４３　２５２　１５,2026-08-21,2026-08-24,07,蒲郡,一般,１　２３４２[３],2026-08-10,2026-08-15,08,常滑,一般,６２２　２４２３４６２６,2026-07-28,2026-07-31,24,大村,一般,２６３　３４４,2026-07-02,2026-07-07,04,平和島,一般,３３３　６３４　１４３,4737,竹井 貴史,2026-09-02,2026-09-07,22,福岡,一般,２２２３４６２　３２[３],2026-08-21,2026-08-26,03,江戸川,一般,４　６１２　３１２３[６],2026-08-12,2026-08-17,22,福岡,一般,４　５５６４２１２５１,2026-07-29,2026-08-03,23,からつ,一般,２６２１６　１２４２[６],2026-06-20,2026-06-25,06,浜名湖,一般,１２４２２２３　５２[３],5144,中尾 彩香,2026-08-25,2026-08-30,09,津,一般,３　２４１４６　６転４６,2026-08-10,2026-08-15,21,芦屋,一般,６　６４３１５　３２６,2026-07-27,2026-08-01,10,三国,一般,１５３　４４６　２　３６,2026-07-15,2026-07-19,17,宮島,一般,６　５　４３４６３３,2026-06-24,2026-06-29,12,住之江,一般,１　４５６　４３３　３３,5173,谷口 佳蓮,2026-08-29,2026-09-03,19,下関,一般,４　３５６４２　３　４６,2026-08-17,2026-08-21,15,丸亀,一般,４　２３５　１　５６,2026-07-31,2026-08-04,13,尼崎,一般,４３４　１６２　６１,2026-06-24,2026-06-29,12,住之江,一般,４１３　３６５　４　１１,2026-06-06,2026-06-11,15,丸亀,一般,３２１　１６２　２５１５,3885,久田 武,2026-09-01,2026-09-05,13,尼崎,一般,３　４６５４４　２,2026-08-22,2026-08-26,20,若松,一般,４　５５１２転欠,2026-08-07,2026-08-11,15,丸亀,一般,６６２６２　６　３,2026-07-28,2026-08-02,16,児島,一般,１５２　５５３２１６４５,2026-07-15,2026-07-21,12,住之江,一般,２　６４３　４５３,3701,大西 隆洋,2026-08-31,2026-09-05,18,徳山,一般,６　２４６６４　４４３,2026-08-17,2026-08-21,15,丸亀,一般,５　６５１　４　４４,2026-07-31,2026-08-03,20,若松,一般,３　５６３　６５,2026-07-15,2026-07-19,17,宮島,一般,４３２　４６６３２,2026-06-29,2026-07-04,08,常滑,一般,６５５　５５３　３　４３
202609171411,2026-09-17,14,11R,3304,烏野 賢太,2026-09-01,2026-09-06,12,住之江,一般,１　１２５１３４１２[６],2026-08-19,2026-08-24,19,下関,一般,２２２１４　１４３１[２],2026-08-05,2026-08-10,14,鳴門,一般,３２１３６６１　５　３,2026-07-28,2026-07-31,24,大村,一般,３２３１３４４２,2026-07-17,2026-07-22,16,児島,ＧⅢ,３　５４４４１　１４１２,5039,倉田 茂将,2026-08-24,2026-08-28,15,丸亀,一般,５　５　３３１　６４,2026-07-18,2026-07-23,09,津,ＧⅢ,６　４　６４６　５２４３,2026-07-03,2026-07-08,12,住之江,一般,３５４　１５５　４　２６,2026-06-16,2026-06-21,18,徳山,ＧⅢ,６４１　６６５５６　６２,2026-06-03,2026-06-08,21,芦屋,一般,４５４６１　４６５５１,4545,岡村 慶太,2026-08-31,2026-09-05,18,徳山,一般,４５３１３　３３２５２１,2026-08-20,2026-08-23,04,平和島,一般,１６２４１１[６],2026-08-07,2026-08-12,20,若松,一般,１５５２６２１　３５１６,2026-07-27,2026-07-31,19,下関,一般,１３１１２　３１[１],2026-07-14,2026-07-17,24,大村,一般,１４３２１４４３,5000,岡本 翔太郎,2026-08-29,2026-09-03,16,児島,一般,１４２　２２１４５２[６],2026-08-23,2026-08-27,18,徳山,一般,　　　　　　　　２５,2026-08-15,2026-08-20,18,徳山,一般,３　３５２１５　１　２４,2026-08-03,2026-08-08,19,下関,一般,１５３　５２４５２　６５,2026-06-25,2026-06-30,13,尼崎,一般,３　５６２　１５４２４２,4356,長岡 良也,2026-08-31,2026-09-05,18,徳山,一般,４２３２１２２　３１[５],2026-08-21,2026-08-24,07,蒲郡,一般,３１２６６２[４],2026-08-11,2026-08-16,19,下関,一般,３　４４１２３　４５１３,2026-07-31,2026-08-05,05,多摩川,一般,３４５　２２１１４５２４,2026-07-22,2026-07-26,13,尼崎,一般,１　２３５３２５１３,4413,水摩 敦,2026-09-01,2026-09-05,13,尼崎,一般,落４１　３４３　４３,2026-08-20,2026-08-23,04,平和島,一般,１１３　６２３４,2026-08-07,2026-08-12,20,若松,一般,３　４１４４３３３４３,2026-07-24,2026-07-27,12,住之江,一般,１１２２６２[４],2026-07-14,2026-07-19,21,芦屋,一般,１２４３１　４４５５６４
202609171412,2026-09-17,14,12R,3612,馬袋 義則,2026-08-31,2026-09-05,20,若松,ＧⅢ,１２２６２　１１４１[４],2026-08-20,2026-08-23,24,大村,一般,４５１１１２[６],2026-08-09,2026-08-14,13,尼崎,一般,２２４　３　１４３　４１,2026-07-31,2026-08-05,06,浜名湖,ＧⅢ,２　４４４２１６１５１６,2026-07-16,2026-07-21,11,びわこ,一般,５４２１２　４１２２[５],4144,石塚 久也,2026-09-03,2026-09-06,02,戸田,一般,５,2026-08-12,2026-08-17,02,戸田,一般,４５６　転欠,2026-07-27,2026-08-01,10,三国,一般,２　５２２５３３１４２２,2026-07-15,2026-07-20,18,徳山,一般,２　１５３４１２２５１２,2026-07-02,2026-07-06,21,芦屋,一般,１２２３３　１６２４,4348,宮崎 奨,2026-09-01,2026-09-04,24,大村,一般,落６１　３２１,2026-08-17,2026-08-21,15,丸亀,一般,３３３２３　２６１５,2026-08-04,2026-08-09,12,住之江,一般,３　４５５　２１３　２４,2026-07-20,2026-07-25,15,丸亀,一般,３２２　１５４５１４１２,2026-07-10,2026-07-15,23,からつ,一般,４　３２１４３４６３１４,4748,渡邉 雄朗,2026-08-09,2026-08-15,03,江戸川,一般,４１３　４１２　２　[４],2026-07-28,2026-07-31,24,大村,一般,５１４　６５５６,2026-07-15,2026-07-19,17,宮島,一般,２６３４４６,2026-07-03,2026-07-08,13,尼崎,一般,１２F３２　３　２　３,2026-06-24,2026-06-29,03,江戸川,一般,６　３１６　６１２　１３,4447,深川 麻奈美,2026-09-02,2026-09-06,17,宮島,一般,１５３２６　１　１１,2026-08-24,2026-08-29,13,尼崎,一般,１２３　２６４　４４４２,2026-08-10,2026-08-15,21,芦屋,一般,１２３　２５４　１３２４,2026-07-28,2026-07-31,24,大村,一般,３１３　１３２６,2026-07-17,2026-07-20,02,戸田,一般,３２１　６１１１,4102,益田 啓司,2026-08-31,2026-09-05,20,若松,ＧⅢ,５５１１１　３２３１[３],2026-08-22,2026-08-27,22,福岡,一般,４４１１５　１２５１[４],2026-08-10,2026-08-15,21,芦屋,一般,２　１３３４６１４３３１,2026-07-31,2026-08-04,13,尼崎,一般,１２１５２　２３２１,2026-07-21,2026-07-26,23,からつ,一般,２２３　１２１３３２[６]
202609171501,2026-09-17,15,01R,4154,森安 弘雅,2026-08-31,2026-09-05,20,若松,ＧⅢ,１２２　３２５５２４６５,2026-08-17,2026-08-21,15,丸亀,一般,４　５３３　６　６２,2026-08-04,2026-08-09,10,三国,一般,４　４６２　２６３３４３,2026-07-22,2026-07-27,14,鳴門,一般,２６１　６２４１６４１４,2026-07-10,2026-07-15,23,からつ,一般,２　１２２６３　６６２５,4277,金田 大輔,2026-08-31,2026-09-05,18,徳山,一般,６２６　３１６５６　３５,2026-08-20,2026-08-23,02,戸田,一般,６６,2026-08-08,2026-08-13,16,児島,一般,１　２６５５６　５　１１,2026-07-29,2026-08-03,22,福岡,一般,５　１６６５３　４６４２,2026-07-11,2026-07-16,03,江戸川,一般,１３４　６６６　２３１１,3596,河上 年昭,2026-08-31,2026-09-05,20,若松,ＧⅢ,３３４　６５２　６　４４,2026-08-17,2026-08-21,13,尼崎,一般,６　５３３　３６３５,2026-08-02,2026-08-05,21,芦屋,一般,４　５４４　３５,2026-07-18,2026-07-22,10,三国,一般,５　３１４４３　３５,2026-06-05,2026-06-10,01,桐生,一般,４　５４６２１　２３２２,4487,三原 司,2026-09-01,2026-09-06,12,住之江,一般,４４２　５５５　６,2026-08-20,2026-08-23,24,大村,一般,F６４　５　６,2026-08-07,2026-08-12,20,若松,一般,６５４　６５３５５　１,2026-07-27,2026-08-01,09,津,一般,１５６,2026-07-14,2026-07-19,01,桐生,一般,３４３　２４３　２５３,5044,渡邉 健,2026-09-01,2026-09-04,24,大村,一般,５　６４２　６５,2026-08-19,2026-08-24,19,下関,一般,３　６５４４５６６　５,2026-08-06,2026-08-09,02,戸田,一般,４５４　６６,2026-07-24,2026-07-27,12,住之江,一般,５５５　５　５４,2026-07-12,2026-07-16,05,多摩川,一般,１　４６５　３３６６,3661,柳瀬 興志,2026-09-04,2026-09-08,07,蒲郡,一般,６３３５１　２　２,2026-08-23,2026-08-27,18,徳山,一般,２６２１６　２５１５,2026-08-11,2026-08-16,19,下関,一般,４１３　４６４　２１５５,2026-07-29,2026-08-03,22,福岡,一般,６３４　５３１５４４２,2026-07-17,2026-07-20,02,戸田,一般,５５４　３５６５
202609171502,2026-09-17,15,02R,3339,泉 具巳,2026-09-01,2026-09-04,24,大村,一般,１３６　１４４２,2026-08-20,2026-08-23,04,平和島,一般,６　６１５　６６,2026-07-31,2026-08-05,05,多摩川,一般,５４４　４　６６１　３２,2026-07-18,2026-07-22,10,三国,一般,５４２　５　４６４,2026-07-07,2026-07-12,08,常滑,一般,２　５６５３５　３５６２,4498,宮本 夏樹,2026-09-01,2026-09-04,24,大村,一般,６　２５５６２５,2026-08-22,2026-08-27,22,福岡,一般,２６６　３６２　５５３６,2026-08-06,2026-08-10,24,大村,一般,５　F６６　４　５,2026-07-10,2026-07-13,19,下関,一般,１３３６１５３５,2026-06-29,2026-07-04,08,常滑,一般,３　２６２　５６２２２５,4452,松尾 祭,2026-09-05,2026-09-11,03,江戸川,一般,３　３２３　２２１３[６],2026-08-26,2026-08-30,14,鳴門,一般,５３１　４２４４４３,2026-08-17,2026-08-21,15,丸亀,一般,６５３３２　２１２１,2026-07-31,2026-08-03,20,若松,一般,２４４　２１５３,2026-07-23,2026-07-27,01,桐生,一般,６５４１６　２　４１,5115,香川 颯太,2026-09-03,2026-09-08,10,三国,一般,１１４６３　２　１５３３,2026-08-26,2026-08-30,14,鳴門,一般,４１６　５２３　１５,2026-08-15,2026-08-20,11,びわこ,一般,３　１４３５１４２１[５],2026-08-03,2026-08-08,19,下関,一般,４　３４４　１６４６１４,2026-07-24,2026-07-27,12,住之江,一般,２３１　２４３２,4308,河村 了,2026-09-07,2026-09-11,13,尼崎,一般,４２１１３５２３３１,2026-08-25,2026-08-30,17,宮島,一般,４２３４５１１　３２[４],2026-08-11,2026-08-16,07,蒲郡,一般,３４４１４１１２２３３１,2026-07-27,2026-08-01,10,三国,一般,３２１２３１４　３１[６],2026-07-17,2026-07-22,16,児島,ＧⅢ,１　２２３２３４６３４４,3892,草場 康幸,2026-09-01,2026-09-06,12,住之江,一般,６３２　４３４　２　４,2026-08-20,2026-08-25,21,芦屋,一般,２　４２４　６２６２４５,2026-08-06,2026-08-10,24,大村,一般,５６１　５６５　３２,2026-07-22,2026-07-26,13,尼崎,一般,４　１６６　６５５,2026-07-10,2026-07-15,23,からつ,一般,３　４２４１２　３５１６
202609171503,2026-09-17,15,03R,3459,中野 和裕,2026-08-31,2026-09-05,20,若松,ＧⅢ,５　４１５４５　５　１６,2026-08-20,2026-08-23,23,からつ,一般,３F３　６　５,2026-07-31,2026-08-05,06,浜名湖,ＧⅢ,５　６６４　５６２　６４,2026-07-18,2026-07-21,04,平和島,一般,６　３４４　２６,2026-07-04,2026-07-09,01,桐生,一般,６　５６６　４６３　４５,4182,吉田 和仁,2026-09-02,2026-09-06,17,宮島,一般,２　３１１６６３１６,2026-08-24,2026-08-29,13,尼崎,一般,３　３６４　４５６　３５,2026-08-15,2026-08-20,11,びわこ,一般,２４４　５１６　３６４,2026-07-31,2026-08-05,05,多摩川,一般,２２６　３２６　２４２４,2026-07-18,2026-07-22,10,三国,一般,６　４６１　２　２３,3315,広瀬 聖仁,2026-08-31,2026-09-05,20,若松,ＧⅢ,６３５　２６３　４　５４,2026-08-20,2026-08-23,24,大村,一般,３１６　２６落欠,2026-08-10,2026-08-15,08,常滑,一般,３　２４１　５６３５５１,2026-07-31,2026-08-05,06,浜名湖,ＧⅢ,６６５　６４,2026-07-15,2026-07-19,08,常滑,一般,１４６６５　３　４５,4809,外崎 悟,2026-09-02,2026-09-06,17,宮島,一般,２１４　２３２３３２,2026-08-21,2026-08-26,06,浜名湖,一般,６　３５５３５４１　５３,2026-08-12,2026-08-17,02,戸田,一般,１　１３５　３２１　[６],2026-07-31,2026-08-04,13,尼崎,一般,３　２４２２２２[３],2026-07-12,2026-07-16,05,多摩川,一般,３４３２３６１　２４,4220,深川 和仁,2026-08-31,2026-09-05,18,徳山,一般,１３４　１３４　４２[６],2026-08-17,2026-08-21,15,丸亀,一般,１　１５４　５５１３,2026-08-05,2026-08-10,09,津,一般,５　４４３　３１１６５４,2026-07-22,2026-07-27,14,鳴門,一般,３　２５４１３４１５１６,2026-07-10,2026-07-15,23,からつ,一般,１１６　５　５５６２３４,4789,古賀 智之,2026-09-07,2026-09-12,16,児島,一般,５　４４１５４３３　３２,2026-08-25,2026-08-30,17,宮島,一般,１２５３３６４　６　４１,2026-07-23,2026-07-27,01,桐生,一般,３転６転,2026-07-10,2026-07-15,22,福岡,一般,６　１３２５４６５　２５,2026-06-20,2026-06-25,06,浜名湖,一般,４４１　５３５　２２１２
202609171504,2026-09-17,15,04R,3922,菅沼 佳昭,2026-08-27,2026-09-01,07,蒲郡,一般,４５３　３４６　５　４２,2026-08-15,2026-08-20,05,多摩川,一般,６５６　６４６　６　１,2026-08-02,2026-08-05,21,芦屋,一般,４６４　５　５４,2026-07-18,2026-07-22,10,三国,一般,６２６　２　５１４３,2026-07-07,2026-07-12,08,常滑,一般,２　３２６　２１１４６６,5311,小林 京平,2026-09-09,2026-09-13,17,宮島,一般,３２１　３　１３３６,2026-08-29,2026-09-03,19,下関,一般,３３１１５　３５１５４６,2026-08-23,2026-08-27,18,徳山,一般,　　　　　　　　１２,2026-08-15,2026-08-20,18,徳山,一般,４　５６４３１　４１２,2026-07-23,2026-07-28,03,江戸川,ＧⅢ,４　２３１　６５６１５４,4718,北川 太一,2026-09-03,2026-09-08,10,三国,一般,２　１６６５１４６　５４,2026-08-21,2026-08-24,07,蒲郡,一般,３４２　３５１５,2026-08-09,2026-08-14,23,からつ,一般,F４５　２　３　３　３,2026-07-31,2026-08-04,13,尼崎,一般,３５６　２１１　４３,2026-07-15,2026-07-21,12,住之江,一般,２５４　１３３　３３３４１２,4278,藤岡 俊介,2026-09-01,2026-09-06,12,住之江,一般,３３１　４４３１１１[３],2026-08-21,2026-08-26,06,浜名湖,一般,１１２２２２４　１１[３],2026-08-09,2026-08-14,13,尼崎,一般,５１１　３１６　３　１２,2026-07-28,2026-07-31,24,大村,一般,１６５２６３３４,2026-07-15,2026-07-20,18,徳山,一般,３　２６１５５１６２[５],4560,庄司 樹良々,2026-08-11,2026-08-16,04,平和島,一般,５　５２５　１３１３１４,2026-07-24,2026-07-27,06,浜名湖,一般,３６３４１　２６,2026-07-14,2026-07-17,24,大村,一般,４　４５１５３,2026-07-03,2026-07-08,13,尼崎,一般,４　５１３３F４４　３,2026-05-28,2026-06-02,01,桐生,一般,３　３４６４４　３４,3953,志道 吉和,2026-08-31,2026-09-05,20,若松,ＧⅢ,３　３６４　５６４　２４,2026-08-16,2026-08-19,14,鳴門,一般,２　６５１４６３,2026-07-31,2026-08-05,06,浜名湖,ＧⅢ,５　３６１　６４４　６４,2026-07-10,2026-07-15,23,からつ,一般,５　５４２　１５４　６５,2026-06-25,2026-06-29,21,芦屋,一般,６　５２５　５６６１
202609171505,2026-09-17,15,05R,3233,小畑 実成,2026-09-01,2026-09-05,13,尼崎,一般,２４１　５５４　４４,2026-08-21,2026-08-26,06,浜名湖,一般,４　２６３２５　６６１３,2026-07-15,2026-07-20,18,徳山,一般,１　１４２　５４４１[４],2026-07-02,2026-07-07,04,平和島,一般,６　４４４　３４６　２３,2026-06-21,2026-06-26,16,児島,一般,F３４　６　５　６　４,4709,岡村 将也,2026-09-03,2026-09-08,10,三国,一般,４３３３３　４６２　１３,2026-08-21,2026-08-24,07,蒲郡,一般,５６５３４　５６,2026-08-12,2026-08-17,22,福岡,一般,１　３２３６４１６２[５],2026-07-03,2026-07-06,09,津,一般,２　２３３３１１,2026-06-22,2026-06-27,23,からつ,一般,２２４　２４１３１５２５,4832,権藤 俊光,2026-09-09,2026-09-13,17,宮島,一般,２５３１１１１６３２,2026-08-28,2026-09-02,05,多摩川,ＧⅢ,５　３３１３１４１２[５],2026-08-13,2026-08-18,12,住之江,一般,６　１３２　２２１２[３],2026-07-28,2026-08-02,11,びわこ,ＳＧ,６　５　１５２　３３６,2026-07-18,2026-07-22,10,三国,一般,１１１３２１３３１１,5067,山田 真聖,2026-08-31,2026-09-05,18,徳山,一般,２４６　６　５６４　６,2026-08-22,2026-08-27,08,常滑,ＧⅢ,６２１　６５３６２　３３,2026-08-11,2026-08-16,19,下関,一般,４３６３５　５　５２２,2026-07-29,2026-08-03,23,からつ,一般,２４４　５　３３６　６６,2026-07-15,2026-07-21,12,住之江,一般,４５２　１４２　６５３　１２,5394,福西 広太郎,2026-09-01,2026-09-05,13,尼崎,一般,５　３３５　欠６１,2026-08-20,2026-08-25,21,芦屋,一般,５６エ　６３５　２２４,2026-08-12,2026-08-17,02,戸田,一般,５　５４２　１５,2026-07-30,2026-08-04,08,常滑,一般,５４５　３４４　６　６５,2026-07-18,2026-07-21,20,若松,一般,４　２２５２５６,4133,高橋 正男,2026-09-01,2026-09-05,13,尼崎,一般,１２５３５　３　２１,2026-08-21,2026-08-26,06,浜名湖,一般,４４３　２４２４転欠,2026-08-09,2026-08-14,13,尼崎,一般,１５３　１２１　１　[２],2026-07-29,2026-08-01,18,徳山,一般,３１２　６４１４,2026-07-15,2026-07-19,17,宮島,一般,６４１２３　１６１３
202609171506,2026-09-17,15,06R,4633,森 智也,2026-09-03,2026-09-08,10,三国,一般,１２２４３　４５４３５２,2026-08-20,2026-08-23,24,大村,一般,５２３　１　２２,2026-08-09,2026-08-14,13,尼崎,一般,６　３２５　３６３６１,2026-07-31,2026-08-03,20,若松,一般,１２１４３５２５,2026-07-21,2026-07-26,23,からつ,一般,２６３　２４５　４　２４,4487,三原 司,2026-09-01,2026-09-06,12,住之江,一般,４４２　５５５　６,2026-08-20,2026-08-23,24,大村,一般,F６４　５　６,2026-08-07,2026-08-12,20,若松,一般,６５４　６５３５５　１,2026-07-27,2026-08-01,09,津,一般,１５６,2026-07-14,2026-07-19,01,桐生,一般,３４３　２４３　２５３,3930,岸本 隆,2026-08-21,2026-08-26,06,浜名湖,一般,１４１６１　F６３　５４,2026-08-11,2026-08-16,19,下関,一般,２　１１３　５４６４１４,2026-07-28,2026-08-02,16,児島,一般,２　１６１４６１３４１３,2026-07-19,2026-07-23,05,多摩川,一般,３　５５３５３　４１,2026-07-09,2026-07-13,16,児島,一般,４１４２１　４５２４,3948,大町 利克,2026-09-02,2026-09-07,22,福岡,一般,６６６　６５６４４　６,2026-08-20,2026-08-23,23,からつ,一般,６　５６２　５６,2026-08-05,2026-08-10,09,津,一般,４　３５６　２６５　５,2026-07-24,2026-07-27,12,住之江,一般,２３６　５３２,2026-07-09,2026-07-13,16,児島,一般,３４５　６５４　４６,4072,森永 淳,2026-09-07,2026-09-12,16,児島,一般,３６２５３１２　４５１６,2026-08-09,2026-08-14,23,からつ,一般,１２１　３１１２１２[４],2026-08-02,2026-08-05,21,芦屋,一般,１１３４１１[２],2026-07-21,2026-07-26,23,からつ,一般,１１１　１３２１２５１２,2026-06-27,2026-07-01,02,戸田,一般,１４２１３３５２[２],5426,甲斐 貴大,2026-09-02,2026-09-07,22,福岡,一般,６　F　妨６６　６　６,2026-08-07,2026-08-12,20,若松,一般,６　３５６３６　６　５４,2026-07-29,2026-08-03,22,福岡,一般,　　　　　　　　　　３３,2026-07-23,2026-07-28,21,芦屋,一般,　　　　　　　　　　５６,2026-07-14,2026-07-17,24,大村,一般,６６６　５　６６
202609171507,2026-09-17,15,07R,4520,高倉 孝太,2026-09-04,2026-09-08,07,蒲郡,一般,４５５３１　５３１,2026-08-26,2026-08-31,11,びわこ,一般,２　F１４　２　４　３,2026-08-14,2026-08-19,10,三国,一般,３　１４５３２４４　１１,2026-07-28,2026-08-02,16,児島,一般,３４１４４３１　１　３６,2026-07-19,2026-07-23,05,多摩川,一般,４１２４４５２５４４,4468,大池 佑来,2026-09-03,2026-09-08,09,津,ＧⅠ,５　５　３５５　５４６,2026-08-24,2026-08-29,13,尼崎,一般,３３３　４４３４１　５１,2026-08-15,2026-08-20,05,多摩川,一般,２　２２３３２１３２[４],2026-07-07,2026-07-12,02,戸田,ＧⅡ,１２１　６　１４２　[３],2026-06-25,2026-06-30,01,桐生,ＧⅢ,１　２２４２５１５３１１,5101,表 健太,2026-08-21,2026-08-26,03,江戸川,一般,６４６　２５４F５　２５,2026-08-05,2026-08-10,09,津,一般,３３５　５４５　５　５５,2026-07-23,2026-07-28,21,芦屋,一般,５　５３６　５６５４４,2026-07-10,2026-07-15,22,福岡,一般,４　３５６　５６６　４４,2026-05-29,2026-06-03,11,びわこ,一般,３５５　５　４５３　４３,3596,河上 年昭,2026-08-31,2026-09-05,20,若松,ＧⅢ,３３４　６５２　６　４４,2026-08-17,2026-08-21,13,尼崎,一般,６　５３３　３６３５,2026-08-02,2026-08-05,21,芦屋,一般,４　５４４　３５,2026-07-18,2026-07-22,10,三国,一般,５　３１４４３　３５,2026-06-05,2026-06-10,01,桐生,一般,４　５４６２１　２３２２,3892,草場 康幸,2026-09-01,2026-09-06,12,住之江,一般,６３２　４３４　２　４,2026-08-20,2026-08-25,21,芦屋,一般,２　４２４　６２６２４５,2026-08-06,2026-08-10,24,大村,一般,５６１　５６５　３２,2026-07-22,2026-07-26,13,尼崎,一般,４　１６６　６５５,2026-07-10,2026-07-15,23,からつ,一般,３　４２４１２　３５１６,4523,中村 辰也,2026-09-04,2026-09-08,07,蒲郡,一般,２３５　２３３２[４],2026-08-20,2026-08-25,21,芦屋,一般,１２３４１４３　１２[２],2026-08-04,2026-08-09,10,三国,一般,４　１４５６４４３　１３,2026-07-22,2026-07-27,14,鳴門,一般,２　３４５３４５５,2026-07-10,2026-07-15,23,からつ,一般,２　３５１３１２１３２２
202609171508,2026-09-17,15,08R,4587,木田 峰由季,2026-09-09,2026-09-13,05,多摩川,一般,１１３６１５３１[６],2026-08-26,2026-08-31,11,びわこ,一般,４４５４１　３２５　４１,2026-08-14,2026-08-19,10,三国,一般,６６１２６２転　２　F４,2026-07-29,2026-08-03,22,福岡,一般,２　６６,2026-07-18,2026-07-22,10,三国,一般,１３２５５１１６２６,4526,池田 雄祐,2026-09-01,2026-09-06,12,住之江,一般,１　３３５　４４３２１３,2026-08-20,2026-08-23,24,大村,一般,２１５　２５１３,2026-08-10,2026-08-15,08,常滑,一般,４４３　２３４３２５１４,2026-07-31,2026-08-05,05,多摩川,一般,４　４１５５５５５　３,2026-07-17,2026-07-22,16,児島,ＧⅢ,６　４６４６５　１２４５,3583,齋藤 智裕,2026-09-01,2026-09-05,13,尼崎,一般,６　６６６　５　６,2026-08-21,2026-08-26,06,浜名湖,一般,５　６４２　３６４　４２,2026-08-08,2026-08-11,05,多摩川,一般,６６４　５　１,2026-07-27,2026-07-31,19,下関,一般,４　５５６　５　５６,2026-07-17,2026-07-20,02,戸田,一般,１　１５４２４５,4789,古賀 智之,2026-09-07,2026-09-12,16,児島,一般,５　４４１５４３３　３２,2026-08-25,2026-08-30,17,宮島,一般,１２５３３６４　６　４１,2026-07-23,2026-07-27,01,桐生,一般,３転６転,2026-07-10,2026-07-15,22,福岡,一般,６　１３２５４６５　２５,2026-06-20,2026-06-25,06,浜名湖,一般,４４１　５３５　２２１２,4498,宮本 夏樹,2026-09-01,2026-09-04,24,大村,一般,６　２５５６２５,2026-08-22,2026-08-27,22,福岡,一般,２６６　３６２　５５３６,2026-08-06,2026-08-10,24,大村,一般,５　F６６　４　５,2026-07-10,2026-07-13,19,下関,一般,１３３６１５３５,2026-06-29,2026-07-04,08,常滑,一般,３　２６２　５６２２２５,4277,金田 大輔,2026-08-31,2026-09-05,18,徳山,一般,６２６　３１６５６　３５,2026-08-20,2026-08-23,02,戸田,一般,６６,2026-08-08,2026-08-13,16,児島,一般,１　２６５５６　５　１１,2026-07-29,2026-08-03,22,福岡,一般,５　１６６５３　４６４２,2026-07-11,2026-07-16,03,江戸川,一般,１３４　６６６　２３１１
202609171509,2026-09-17,15,09R,4718,北川 太一,2026-09-03,2026-09-08,10,三国,一般,２　１６６５１４６　５４,2026-08-21,2026-08-24,07,蒲郡,一般,３４２　３５１５,2026-08-09,2026-08-14,23,からつ,一般,F４５　２　３　３　３,2026-07-31,2026-08-04,13,尼崎,一般,３５６　２１１　４３,2026-07-15,2026-07-21,12,住之江,一般,２５４　１３３　３３３４１２,4513,河野 真也,2026-09-05,2026-09-10,01,桐生,一般,３３２　４２１　３６１４,2026-08-25,2026-08-30,09,津,一般,２４５　５２４　５　２５,2026-08-10,2026-08-15,21,芦屋,一般,１　３３３６１　妨３２,2026-07-29,2026-08-03,23,からつ,一般,３　５４１４２１２１[３],2026-07-17,2026-07-20,02,戸田,一般,１　１１３３[３],4533,峰重 侑治,2026-09-01,2026-09-05,13,尼崎,一般,４５４　５６１　６２,2026-08-20,2026-08-23,04,平和島,一般,６　３２F５４,2026-08-08,2026-08-13,16,児島,一般,２６転　６　４４４　４２,2026-07-24,2026-07-27,02,戸田,一般,５５２　１５２６,2026-07-12,2026-07-16,05,多摩川,一般,２５２２６　３　５３,3339,泉 具巳,2026-09-01,2026-09-04,24,大村,一般,１３６　１４４２,2026-08-20,2026-08-23,04,平和島,一般,６　６１５　６６,2026-07-31,2026-08-05,05,多摩川,一般,５４４　４　６６１　３２,2026-07-18,2026-07-22,10,三国,一般,５４２　５　４６４,2026-07-07,2026-07-12,08,常滑,一般,２　５６５３５　３５６２,3661,柳瀬 興志,2026-09-04,2026-09-08,07,蒲郡,一般,６３３５１　２　２,2026-08-23,2026-08-27,18,徳山,一般,２６２１６　２５１５,2026-08-11,2026-08-16,19,下関,一般,４１３　４６４　２１５５,2026-07-29,2026-08-03,22,福岡,一般,６３４　５３１５４４２,2026-07-17,2026-07-20,02,戸田,一般,５５４　３５６５,4182,吉田 和仁,2026-09-02,2026-09-06,17,宮島,一般,２　３１１６６３１６,2026-08-24,2026-08-29,13,尼崎,一般,３　３６４　４５６　３５,2026-08-15,2026-08-20,11,びわこ,一般,２４４　５１６　３６４,2026-07-31,2026-08-05,05,多摩川,一般,２２６　３２６　２４２４,2026-07-18,2026-07-22,10,三国,一般,６　４６１　２　２３
202609171510,2026-09-17,15,10R,4709,岡村 将也,2026-09-03,2026-09-08,10,三国,一般,４３３３３　４６２　１３,2026-08-21,2026-08-24,07,蒲郡,一般,５６５３４　５６,2026-08-12,2026-08-17,22,福岡,一般,１　３２３６４１６２[５],2026-07-03,2026-07-06,09,津,一般,２　２３３３１１,2026-06-22,2026-06-27,23,からつ,一般,２２４　２４１３１５２５,4560,庄司 樹良々,2026-08-11,2026-08-16,04,平和島,一般,５　５２５　１３１３１４,2026-07-24,2026-07-27,06,浜名湖,一般,３６３４１　２６,2026-07-14,2026-07-17,24,大村,一般,４　４５１５３,2026-07-03,2026-07-08,13,尼崎,一般,４　５１３３F４４　３,2026-05-28,2026-06-02,01,桐生,一般,３　３４６４４　３４,5115,香川 颯太,2026-09-03,2026-09-08,10,三国,一般,１１４６３　２　１５３３,2026-08-26,2026-08-30,14,鳴門,一般,４１６　５２３　１５,2026-08-15,2026-08-20,11,びわこ,一般,３　１４３５１４２１[５],2026-08-03,2026-08-08,19,下関,一般,４　３４４　１６４６１４,2026-07-24,2026-07-27,12,住之江,一般,２３１　２４３２,4633,森 智也,2026-09-03,2026-09-08,10,三国,一般,１２２４３　４５４３５２,2026-08-20,2026-08-23,24,大村,一般,５２３　１　２２,2026-08-09,2026-08-14,13,尼崎,一般,６　３２５　３６３６１,2026-07-31,2026-08-03,20,若松,一般,１２１４３５２５,2026-07-21,2026-07-26,23,からつ,一般,２６３　２４５　４　２４,4154,森安 弘雅,2026-08-31,2026-09-05,20,若松,ＧⅢ,１２２　３２５５２４６５,2026-08-17,2026-08-21,15,丸亀,一般,４　５３３　６　６２,2026-08-04,2026-08-09,10,三国,一般,４　４６２　２６３３４３,2026-07-22,2026-07-27,14,鳴門,一般,２６１　６２４１６４１４,2026-07-10,2026-07-15,23,からつ,一般,２　１２２６３　６６２５,3315,広瀬 聖仁,2026-08-31,2026-09-05,20,若松,ＧⅢ,６３５　２６３　４　５４,2026-08-20,2026-08-23,24,大村,一般,３１６　２６落欠,2026-08-10,2026-08-15,08,常滑,一般,３　２４１　５６３５５１,2026-07-31,2026-08-05,06,浜名湖,ＧⅢ,６６５　６４,2026-07-15,2026-07-19,08,常滑,一般,１４６６５　３　４５
202609171511,2026-09-17,15,11R,4809,外崎 悟,2026-09-02,2026-09-06,17,宮島,一般,２１４　２３２３３２,2026-08-21,2026-08-26,06,浜名湖,一般,６　３５５３５４１　５３,2026-08-12,2026-08-17,02,戸田,一般,１　１３５　３２１　[６],2026-07-31,2026-08-04,13,尼崎,一般,３　２４２２２２[３],2026-07-12,2026-07-16,05,多摩川,一般,３４３２３６１　２４,4452,松尾 祭,2026-09-05,2026-09-11,03,江戸川,一般,３　３２３　２２１３[６],2026-08-26,2026-08-30,14,鳴門,一般,５３１　４２４４４３,2026-08-17,2026-08-21,15,丸亀,一般,６５３３２　２１２１,2026-07-31,2026-08-03,20,若松,一般,２４４　２１５３,2026-07-23,2026-07-27,01,桐生,一般,６５４１６　２　４１,4133,高橋 正男,2026-09-01,2026-09-05,13,尼崎,一般,１２５３５　３　２１,2026-08-21,2026-08-26,06,浜名湖,一般,４４３　２４２４転欠,2026-08-09,2026-08-14,13,尼崎,一般,１５３　１２１　１　[２],2026-07-29,2026-08-01,18,徳山,一般,３１２　６４１４,2026-07-15,2026-07-19,17,宮島,一般,６４１２３　１６１３,5311,小林 京平,2026-09-09,2026-09-13,17,宮島,一般,３２１　３　１３３６,2026-08-29,2026-09-03,19,下関,一般,３３１１５　３５１５４６,2026-08-23,2026-08-27,18,徳山,一般,　　　　　　　　１２,2026-08-15,2026-08-20,18,徳山,一般,４　５６４３１　４１２,2026-07-23,2026-07-28,03,江戸川,ＧⅢ,４　２３１　６５６１５４,4523,中村 辰也,2026-09-04,2026-09-08,07,蒲郡,一般,２３５　２３３２[４],2026-08-20,2026-08-25,21,芦屋,一般,１２３４１４３　１２[２],2026-08-04,2026-08-09,10,三国,一般,４　１４５６４４３　１３,2026-07-22,2026-07-27,14,鳴門,一般,２　３４５３４５５,2026-07-10,2026-07-15,23,からつ,一般,２　３５１３１２１３２２,3930,岸本 隆,2026-08-21,2026-08-26,06,浜名湖,一般,１４１６１　F６３　５４,2026-08-11,2026-08-16,19,下関,一般,２　１１３　５４６４１４,2026-07-28,2026-08-02,16,児島,一般,２　１６１４６１３４１３,2026-07-19,2026-07-23,05,多摩川,一般,３　５５３５３　４１,2026-07-09,2026-07-13,16,児島,一般,４１４２１　４５２４
202609171512,2026-09-17,15,12R,4832,権藤 俊光,2026-09-09,2026-09-13,17,宮島,一般,２５３１１１１６３２,2026-08-28,2026-09-02,05,多摩川,ＧⅢ,５　３３１３１４１２[５],2026-08-13,2026-08-18,12,住之江,一般,６　１３２　２２１２[３],2026-07-28,2026-08-02,11,びわこ,ＳＧ,６　５　１５２　３３６,2026-07-18,2026-07-22,10,三国,一般,１１１３２１３３１１,4072,森永 淳,2026-09-07,2026-09-12,16,児島,一般,３６２５３１２　４５１６,2026-08-09,2026-08-14,23,からつ,一般,１２１　３１１２１２[４],2026-08-02,2026-08-05,21,芦屋,一般,１１３４１１[２],2026-07-21,2026-07-26,23,からつ,一般,１１１　１３２１２５１２,2026-06-27,2026-07-01,02,戸田,一般,１４２１３３５２[２],4468,大池 佑来,2026-09-03,2026-09-08,09,津,ＧⅠ,５　５　３５５　５４６,2026-08-24,2026-08-29,13,尼崎,一般,３３３　４４３４１　５１,2026-08-15,2026-08-20,05,多摩川,一般,２　２２３３２１３２[４],2026-07-07,2026-07-12,02,戸田,ＧⅡ,１２１　６　１４２　[３],2026-06-25,2026-06-30,01,桐生,ＧⅢ,１　２２４２５１５３１１,4308,河村 了,2026-09-07,2026-09-11,13,尼崎,一般,４２１１３５２３３１,2026-08-25,2026-08-30,17,宮島,一般,４２３４５１１　３２[４],2026-08-11,2026-08-16,07,蒲郡,一般,３４４１４１１２２３３１,2026-07-27,2026-08-01,10,三国,一般,３２１２３１４　３１[６],2026-07-17,2026-07-22,16,児島,ＧⅢ,１　２２３２３４６３４４,4587,木田 峰由季,2026-09-09,2026-09-13,05,多摩川,一般,１１３６１５３１[６],2026-08-26,2026-08-31,11,びわこ,一般,４４５４１　３２５　４１,2026-08-14,2026-08-19,10,三国,一般,６６１２６２転　２　F４,2026-07-29,2026-08-03,22,福岡,一般,２　６６,2026-07-18,2026-07-22,10,三国,一般,１３２５５１１６２６,4278,藤岡 俊介,2026-09-01,2026-09-06,12,住之江,一般,３３１　４４３１１１[３],2026-08-21,2026-08-26,06,浜名湖,一般,１１２２２２４　１１[３],2026-08-09,2026-08-14,13,尼崎,一般,５１１　３１６　３　１２,2026-07-28,2026-07-31,24,大村,一般,１６５２６３３４,2026-07-15,2026-07-20,18,徳山,一般,３　２６１５５１６２[５]
202609171601,2026-09-17,16,01R,3743,林 美憲,2026-09-05,2026-09-10,01,桐生,一般,２４２　４３１４１５１３,2026-08-20,2026-08-25,21,芦屋,一般,２４６２１　２３４３１５,2026-08-05,2026-08-10,14,鳴門,一般,２６１　４２１４２６３４,2026-07-24,2026-07-27,02,戸田,一般,１５４４１３１２,2026-07-15,2026-07-19,08,常滑,一般,６３６４６４２２４２,4213,重富 伸也,2026-09-03,2026-09-06,02,戸田,一般,６　６３２２１３,2026-08-21,2026-08-26,03,江戸川,一般,５　２３６　６６４　１３,2026-08-06,2026-08-10,24,大村,一般,５３F４４　５　６,2026-07-29,2026-08-01,18,徳山,一般,６　４６６３４,2026-07-16,2026-07-21,11,びわこ,一般,２　５２６３６５５　６５,4723,寺島 吉彦,2026-09-01,2026-09-04,24,大村,一般,３２４　５４６６,2026-08-20,2026-08-23,23,からつ,一般,２　６F５　６,2026-08-09,2026-08-15,03,江戸川,一般,４４４　２３６　２２２６,2026-07-27,2026-08-01,09,津,一般,３２４,2026-07-17,2026-07-20,02,戸田,一般,１４４４５　３２,5336,瀬川 大地,2026-08-11,2026-08-16,19,下関,一般,６６６　６５６　６　３５,2026-07-24,2026-07-29,17,宮島,一般,４６２　５６５,2026-07-09,2026-07-14,15,丸亀,一般,１５５　２F６　５　４,2026-06-25,2026-06-30,13,尼崎,一般,４　３２５　６５３　４５,2026-06-10,2026-06-13,14,鳴門,一般,４５３　５５２,5467,野村 羽玖,2026-08-30,2026-09-03,08,常滑,一般,１５４　６５３　６４,2026-08-13,2026-08-18,12,住之江,一般,４　６６転　６６５　６,2026-07-22,2026-07-26,13,尼崎,一般,６　３　５６６　６６,2026-07-03,2026-07-06,09,津,一般,４４４　６　４５,2026-06-21,2026-06-26,16,児島,一般,６　５３５５３　６　５３,3982,福田 理,2026-08-31,2026-09-05,18,徳山,一般,３　４２６　３３５　５４,2026-08-20,2026-08-23,04,平和島,一般,５３３　６　１６,2026-08-08,2026-08-13,16,児島,一般,２　４５４　２３５１４,2026-07-22,2026-07-26,08,常滑,一般,１　３５５　１３１５,2026-07-09,2026-07-13,16,児島,一般,２　１５５４２５３５
202609171602,2026-09-17,16,02R,3458,東 健介,2026-09-01,2026-09-06,12,住之江,一般,２　２４５　４５４　６６,2026-08-20,2026-08-23,24,大村,一般,５５５　３６５,2026-08-05,2026-08-10,14,鳴門,一般,６１５　６　４５４　５４,2026-07-19,2026-07-23,05,多摩川,一般,６５４　２６６　６,2026-06-30,2026-07-05,06,浜名湖,一般,４６５　３４２　５　３５,3773,津留 浩一郎,2026-09-04,2026-09-08,07,蒲郡,一般,６６４　６　５６３,2026-08-20,2026-08-25,21,芦屋,一般,５　３３４　６３５　１１,2026-08-07,2026-08-11,15,丸亀,一般,６　５５６　５　６,2026-07-22,2026-07-25,24,大村,一般,１　６４５　６５,2026-07-07,2026-07-12,10,三国,ＧⅢ,３４２　５６４　５３１,4007,榮田 将彦,2026-08-31,2026-09-05,20,若松,ＧⅢ,６　２５３５６　４６６,2026-08-19,2026-08-24,19,下関,一般,１５５６１　３２１６１５,2026-07-31,2026-08-05,06,浜名湖,ＧⅢ,２３１　５２６　６５２５,2026-07-14,2026-07-19,21,芦屋,一般,４　１３２　２６１６６３,2026-07-03,2026-07-08,13,尼崎,一般,３３３　５　１４１３２５,4439,近藤 友宝,2026-09-01,2026-09-05,13,尼崎,一般,３　３４２　５６１４,2026-08-20,2026-08-23,02,戸田,一般,５　５６１４４３,2026-07-10,2026-07-15,23,からつ,一般,６　３５３　２６４　４３,2026-06-28,2026-07-03,20,若松,一般,６６４　４　３６６　５,2026-06-14,2026-06-17,12,住之江,一般,F　６６６　６,3870,寺嶋 雄,2026-09-07,2026-09-11,13,尼崎,一般,６　６６６　５６４,2026-08-25,2026-08-30,17,宮島,一般,６１５　４６４　４５４３,2026-08-14,2026-08-19,10,三国,一般,２１５　５６４　４２４２,2026-07-31,2026-08-05,06,浜名湖,ＧⅢ,５　５４５　６６５　６,2026-07-17,2026-07-20,02,戸田,一般,６１２４３　５６,4129,宇野 博之,2026-09-03,2026-09-06,02,戸田,一般,３　４３１６３６,2026-08-21,2026-08-26,03,江戸川,一般,５３２　６６F　４５６,2026-08-08,2026-08-11,05,多摩川,一般,５　６３５２５,2026-07-27,2026-07-31,19,下関,一般,３　３６３４５　５,2026-07-15,2026-07-19,08,常滑,一般,２５５　５５２　５２
202609171603,2026-09-17,16,03R,5284,嘉手苅 徹哉,2026-08-30,2026-09-02,21,芦屋,一般,４２５　６４６２,2026-08-22,2026-08-27,22,福岡,一般,６　２４１　２３１５４５,2026-08-12,2026-08-17,22,福岡,一般,５　５２２　５５５５６,2026-07-29,2026-08-03,23,からつ,一般,３５６　６１３　５　５３,2026-07-10,2026-07-15,22,福岡,一般,１　４４３　転６２　６３,4069,山本 修一,2026-09-01,2026-09-06,12,住之江,一般,４１３　２５２　１４１２,2026-08-24,2026-08-28,15,丸亀,一般,４５５４６６５　５,2026-07-17,2026-07-22,16,児島,ＧⅢ,３１４５５　３４３　５２,2026-07-07,2026-07-12,10,三国,ＧⅢ,２１１３３４１　５２[６],2026-06-28,2026-07-03,20,若松,一般,４２１　３４４１３５２３,4105,松下 直也,2026-08-31,2026-09-05,20,若松,ＧⅢ,４　６５１４５　６６５,2026-08-20,2026-08-23,04,平和島,一般,５３１　２３３５,2026-08-09,2026-08-14,13,尼崎,一般,３４４　５３１　２５３３,2026-07-22,2026-07-27,14,鳴門,一般,４　３５６　２４２４４４,2026-07-10,2026-07-15,23,からつ,一般,５　２２２　５３３２３２,4411,沢田 昭宏,2026-09-02,2026-09-07,22,福岡,一般,６６,2026-08-24,2026-08-29,13,尼崎,一般,４　４４落欠,2026-08-14,2026-08-19,17,宮島,一般,１　３３３　２４４６１３,2026-08-04,2026-08-09,12,住之江,一般,４　２３１　５５１５４６,2026-07-21,2026-07-26,23,からつ,一般,１　１４１４２１１５５２,4903,吉田 凌太朗,2026-08-11,2026-08-16,07,蒲郡,一般,３１２　３エ６４３３１,2026-07-28,2026-08-02,15,丸亀,一般,１４１　１３４６３１[２],2026-07-13,2026-07-18,07,蒲郡,ＧⅡ,１２４　２５１　４　２２,2026-07-04,2026-07-09,01,桐生,一般,６　F５５　６６１　３,2026-06-20,2026-06-25,06,浜名湖,一般,４１１２４１５　１５２,4145,小澤 学,2026-09-03,2026-09-06,02,戸田,一般,３　５６３５２２,2026-08-20,2026-08-25,21,芦屋,一般,４　５５５　５５４　４３,2026-08-09,2026-08-15,03,江戸川,一般,３５５　５４１　３２,2026-07-25,2026-07-29,20,若松,一般,４５３６５　６　４６,2026-07-09,2026-07-13,14,鳴門,一般,４　４４４６２　２４
202609171604,2026-09-17,16,04R,3933,山地 正樹,2026-09-02,2026-09-06,17,宮島,一般,５６４　５５２　２４,2026-08-20,2026-08-23,04,平和島,一般,４４１　１５１２,2026-08-08,2026-08-13,16,児島,一般,１　３３４１４　６３２６,2026-07-28,2026-07-31,24,大村,一般,２３２　５６３１,2026-07-18,2026-07-21,20,若松,一般,１　４１５３２１,4077,品田 直樹,2026-09-02,2026-09-07,22,福岡,一般,１　２２２　１６４１[２],2026-08-20,2026-08-23,24,大村,一般,２６１　１４２５,2026-08-09,2026-08-15,03,江戸川,一般,２　５２５　４６６６１,2026-07-27,2026-08-01,10,三国,一般,４１４５４４１　３　１３,2026-07-18,2026-07-21,04,平和島,一般,４３３　６４６６,3730,塩崎 優司,2026-09-03,2026-09-08,10,三国,一般,５５３　５　６４６５２,2026-08-22,2026-08-26,20,若松,一般,１２５　４４５４５,2026-08-11,2026-08-16,07,蒲郡,一般,５５５　４２６　６　４５,2026-07-31,2026-08-05,06,浜名湖,ＧⅢ,４６５　３５５　５　４６,2026-07-15,2026-07-19,17,宮島,一般,５６５　５５５　５,4019,笠原 亮,2026-09-05,2026-09-10,01,桐生,一般,３　１１４２１１４２[３],2026-08-24,2026-08-28,15,丸亀,一般,４２２４２１４３４１,2026-07-29,2026-08-03,22,福岡,一般,２４３２６２２　３４２２,2026-07-15,2026-07-20,18,徳山,一般,２１２　５３２１不１[３],2026-07-05,2026-07-09,24,大村,一般,２１２　３２１２[２],4469,土山 卓也,2026-09-04,2026-09-08,07,蒲郡,一般,４　５１６３３３３,2026-08-28,2026-08-31,23,からつ,一般,２６５妨５　２３,2026-08-04,2026-08-09,10,三国,一般,２５３３３　１４１６２４,2026-07-27,2026-07-31,19,下関,一般,５５２　３　４４１４,2026-07-14,2026-07-19,21,芦屋,一般,５　１３３２３４１４４１,5458,田中 大輝,2026-08-30,2026-09-02,21,芦屋,一般,６　３６６５５,2026-08-12,2026-08-17,22,福岡,一般,６　６６６　６６６　６６,2026-07-29,2026-08-01,18,徳山,一般,６　６６５５６,2026-07-01,2026-07-06,22,福岡,一般,６６６　６５６　転　６６,2026-06-22,2026-06-27,23,からつ,一般,６　６６５５６　６　６６
202609171605,2026-09-17,16,05R,3826,村田 修次,2026-08-22,2026-08-26,20,若松,一般,２５５１２　４４１２,2026-08-11,2026-08-16,04,平和島,一般,１　４２２２３２２４３１,2026-07-15,2026-07-21,12,住之江,一般,３２３　２２２　３２３５２５,2026-07-05,2026-07-09,24,大村,一般,３２１　２５４４１５,2026-06-21,2026-06-24,19,下関,一般,１３２　３５１４,4342,谷野 錬志,2026-09-05,2026-09-10,01,桐生,一般,１１２１３　１　５２[２],2026-08-22,2026-08-27,08,常滑,ＧⅢ,１５１　２３２１４１[１],2026-08-11,2026-08-16,06,浜名湖,一般,５４３　１３３２２４２４,2026-07-22,2026-07-27,14,鳴門,一般,４３４　２２３１３６１５,2026-07-13,2026-07-18,07,蒲郡,ＧⅡ,３　５５１　４　６２４４,3977,山本 兼士,2026-09-09,2026-09-13,05,多摩川,一般,５　６　５４３６２,2026-08-26,2026-08-30,14,鳴門,一般,４　３４４　６４４３,2026-08-13,2026-08-18,12,住之江,一般,５３５　５３３　３　３６,2026-07-23,2026-07-27,01,桐生,一般,２３３　５６４　６６,2026-07-07,2026-07-12,10,三国,ＧⅢ,４６３　３１２４１６２５,4506,稗田 聖也,2026-08-31,2026-09-05,18,徳山,一般,２２１２４１６　５５１５,2026-08-20,2026-08-23,24,大村,一般,３１４２１３６２,2026-08-10,2026-08-15,21,芦屋,一般,５５４５１２４　２　２３,2026-07-27,2026-08-01,10,三国,一般,１　３２３３１４５２[３],2026-07-10,2026-07-15,22,福岡,一般,１　２５１１２４４４２６,4785,木幡 純也,2026-09-03,2026-09-06,02,戸田,一般,５６５　１６４,2026-08-21,2026-08-26,06,浜名湖,一般,４　５４４　２４５　２４,2026-08-10,2026-08-15,08,常滑,一般,６　４６,2026-07-25,2026-07-29,20,若松,一般,２６３４２　２４５４,2026-07-10,2026-07-14,09,津,一般,６　２４３４５３５,5419,櫻井 隼,2026-09-03,2026-09-06,02,戸田,一般,４　６５２５６４,2026-08-17,2026-08-20,20,若松,一般,６　６５６　４４,2026-08-06,2026-08-09,02,戸田,一般,６　４６５　３５,2026-07-22,2026-07-26,08,常滑,一般,６　６６６　３５６６,2026-07-10,2026-07-15,23,からつ,一般,５　６４６６６　４５５３
202609171606,2026-09-17,16,06R,5271,杉山 太陽,2026-09-04,2026-09-09,11,びわこ,一般,落４６　１　６５,2026-08-20,2026-08-25,21,芦屋,一般,４５５　２６３６５　３,2026-08-12,2026-08-17,22,福岡,一般,２　５１５５５　４５妨６,2026-07-30,2026-08-04,08,常滑,一般,３　１６５　６６５　３２,2026-07-14,2026-07-17,24,大村,一般,６５３　３　６１,5002,上田 健太,2026-09-05,2026-09-11,03,江戸川,一般,６　転欠,2026-08-20,2026-08-23,23,からつ,一般,３３５２６　１４,2026-08-10,2026-08-15,08,常滑,一般,１３３　４６１１１３２１,2026-07-25,2026-07-29,20,若松,一般,５　４３４５４３６５,2026-07-17,2026-07-20,02,戸田,一般,５６２１６　１３,3642,大塚 浩二,2026-09-01,2026-09-06,12,住之江,一般,５　１５２　４３５６５,2026-08-21,2026-08-26,06,浜名湖,一般,３　５１１　３４４５３４,2026-08-06,2026-08-09,02,戸田,一般,５　６１５転,2026-07-23,2026-07-27,01,桐生,一般,５　６３３　４５３６,2026-07-09,2026-07-13,14,鳴門,一般,４　４５１　５３４３,3911,鈴木 猛,2026-09-03,2026-09-06,02,戸田,一般,５３４　４１１６,2026-08-21,2026-08-26,06,浜名湖,一般,２　４２６　６６５　１２,2026-08-09,2026-08-15,03,江戸川,一般,３　２２６　４５３　５５,2026-07-28,2026-08-02,15,丸亀,一般,２　５６５　５３２　６,2026-07-15,2026-07-19,08,常滑,一般,６１３　１３６２[５],4028,田村 隆信,2026-09-05,2026-09-10,01,桐生,一般,２５４２１　２３３１[５],2026-08-21,2026-08-26,03,江戸川,一般,１　４３３　３１３３[５],2026-08-05,2026-08-10,14,鳴門,一般,２２３５２　１３３２[６],2026-07-29,2026-08-01,18,徳山,一般,４５４４４　５１,2026-07-17,2026-07-20,02,戸田,一般,５１６５３１６３,5467,野村 羽玖,2026-08-30,2026-09-03,08,常滑,一般,１５４　６５３　６４,2026-08-13,2026-08-18,12,住之江,一般,４　６６転　６６５　６,2026-07-22,2026-07-26,13,尼崎,一般,６　３　５６６　６６,2026-07-03,2026-07-06,09,津,一般,４４４　６　４５,2026-06-21,2026-06-26,16,児島,一般,６　５３５５３　６　５３
202609171607,2026-09-17,16,07R,3870,寺嶋 雄,2026-09-07,2026-09-11,13,尼崎,一般,６　６６６　５６４,2026-08-25,2026-08-30,17,宮島,一般,６１５　４６４　４５４３,2026-08-14,2026-08-19,10,三国,一般,２１５　５６４　４２４２,2026-07-31,2026-08-05,06,浜名湖,ＧⅢ,５　５４５　６６５　６,2026-07-17,2026-07-20,02,戸田,一般,６１２４３　５６,4563,齋藤 真之,2026-09-01,2026-09-06,12,住之江,一般,５２５　３６５　３　４４,2026-08-14,2026-08-19,17,宮島,一般,６５６　１５６　６　５６,2026-07-28,2026-08-02,16,児島,一般,１　５６２５２４２　３１,2026-07-11,2026-07-16,03,江戸川,一般,５　６６３　１５３５４,2026-06-30,2026-07-04,19,下関,一般,５６４　３　５６１,3319,山崎 義明,2026-09-05,2026-09-10,01,桐生,一般,５４１　４６４　２３４１,2026-08-22,2026-08-27,22,福岡,一般,３　３３３２６４１５１４,2026-08-11,2026-08-16,04,平和島,一般,４２４　１２２６４５３５,2026-07-31,2026-08-05,06,浜名湖,ＧⅢ,１　３３３４５２１２[６],2026-07-22,2026-07-26,08,常滑,一般,２　４３１６３６１５,3997,北村 征嗣,2026-09-09,2026-09-13,05,多摩川,一般,２３２１２５３１[３],2026-08-27,2026-09-01,07,蒲郡,一般,２２４１３　２３２３２５,2026-08-13,2026-08-18,12,住之江,一般,１４３　４４５　３５５,2026-07-31,2026-08-05,06,浜名湖,ＧⅢ,３１１４２　２２１２[４],2026-07-15,2026-07-21,12,住之江,一般,４　４３１　５３２５３４４３,4213,重富 伸也,2026-09-03,2026-09-06,02,戸田,一般,６　６３２２１３,2026-08-21,2026-08-26,03,江戸川,一般,５　２３６　６６４　１３,2026-08-06,2026-08-10,24,大村,一般,５３F４４　５　６,2026-07-29,2026-08-01,18,徳山,一般,６　４６６３４,2026-07-16,2026-07-21,11,びわこ,一般,２　５２６３６５５　６５,5107,松本 真広,2026-09-05,2026-09-10,01,桐生,一般,１　１６３落４　５４２,2026-07-23,2026-07-28,03,江戸川,ＧⅢ,６　４６１　４４４３３４,2026-07-07,2026-07-12,20,若松,ＧⅢ,６６４　４　５３５　６３,2026-06-25,2026-06-29,18,徳山,一般,２　３５５３３３３,2026-06-16,2026-06-21,09,津,一般,６４３　４５５　５　F５
202609171608,2026-09-17,16,08R,4439,近藤 友宝,2026-09-01,2026-09-05,13,尼崎,一般,３　３４２　５６１４,2026-08-20,2026-08-23,02,戸田,一般,５　５６１４４３,2026-07-10,2026-07-15,23,からつ,一般,６　３５３　２６４　４３,2026-06-28,2026-07-03,20,若松,一般,６６４　４　３６６　５,2026-06-14,2026-06-17,12,住之江,一般,F　６６６　６,4122,安東 幸治,2026-09-01,2026-09-04,24,大村,一般,５１３　２６１５,2026-08-24,2026-08-28,15,丸亀,一般,２４６４１５１　５５,2026-08-12,2026-08-17,22,福岡,一般,１３３５２４３　３６２３,2026-08-02,2026-08-05,21,芦屋,一般,５　１５１３４２,2026-07-24,2026-07-27,02,戸田,一般,１　３１２４[４],3982,福田 理,2026-08-31,2026-09-05,18,徳山,一般,３　４２６　３３５　５４,2026-08-20,2026-08-23,04,平和島,一般,５３３　６　１６,2026-08-08,2026-08-13,16,児島,一般,２　４５４　２３５１４,2026-07-22,2026-07-26,08,常滑,一般,１　３５５　１３１５,2026-07-09,2026-07-13,16,児島,一般,２　１５５４２５３５,4145,小澤 学,2026-09-03,2026-09-06,02,戸田,一般,３　５６３５２２,2026-08-20,2026-08-25,21,芦屋,一般,４　５５５　５５４　４３,2026-08-09,2026-08-15,03,江戸川,一般,３５５　５４１　３２,2026-07-25,2026-07-29,20,若松,一般,４５３６５　６　４６,2026-07-09,2026-07-13,14,鳴門,一般,４　４４４６２　２４,4319,三宅 潤,2026-09-04,2026-09-08,07,蒲郡,一般,２５５６３　５　４４,2026-08-28,2026-08-31,23,からつ,一般,３２３４３３３２,2026-08-13,2026-08-18,12,住之江,一般,５５５　３３４　２　１６,2026-08-07,2026-08-11,15,丸亀,一般,５４２３２５６５２５,2026-07-31,2026-08-03,20,若松,一般,１　３１５４２４,4179,広次 修,2026-09-05,2026-09-11,03,江戸川,一般,４４５　６５３　５５４３,2026-08-25,2026-08-30,09,津,一般,３３５　４６３　３　３１,2026-08-11,2026-08-16,19,下関,一般,３　１６４６２　１３４６,2026-07-24,2026-07-29,17,宮島,一般,３２３２３４３　１３３３,2026-07-14,2026-07-17,24,大村,一般,２３３　５６１６
202609171609,2026-09-17,16,09R,4077,品田 直樹,2026-09-02,2026-09-07,22,福岡,一般,１　２２２　１６４１[２],2026-08-20,2026-08-23,24,大村,一般,２６１　１４２５,2026-08-09,2026-08-15,03,江戸川,一般,２　５２５　４６６６１,2026-07-27,2026-08-01,10,三国,一般,４１４５４４１　３　１３,2026-07-18,2026-07-21,04,平和島,一般,４３３　６４６６,4904,松本 一毅,2026-09-02,2026-09-07,22,福岡,一般,２３３４３２１　１３３３,2026-08-22,2026-08-27,08,常滑,ＧⅢ,２４６　２４６　４６５,2026-08-14,2026-08-19,10,三国,一般,４１２　４６２６５　２,2026-08-08,2026-08-11,05,多摩川,一般,４３１２１　３２,2026-07-24,2026-07-29,17,宮島,一般,３　４５５　６６４　３２,3831,安藤 裕貴,2026-09-01,2026-09-06,12,住之江,一般,５５１　１５４　４１５１,2026-08-20,2026-08-23,23,からつ,一般,５２５　４３３５,2026-08-10,2026-08-15,08,常滑,一般,３５２　６５５　１　４３,2026-07-28,2026-07-31,24,大村,一般,４　５６４　４５,2026-07-16,2026-07-21,11,びわこ,一般,６　３４１　３３３１５４,4069,山本 修一,2026-09-01,2026-09-06,12,住之江,一般,４１３　２５２　１４１２,2026-08-24,2026-08-28,15,丸亀,一般,４５５４６６５　５,2026-07-17,2026-07-22,16,児島,ＧⅢ,３１４５５　３４３　５２,2026-07-07,2026-07-12,10,三国,ＧⅢ,２１１３３４１　５２[６],2026-06-28,2026-07-03,20,若松,一般,４２１　３４４１３５２３,5336,瀬川 大地,2026-08-11,2026-08-16,19,下関,一般,６６６　６５６　６　３５,2026-07-24,2026-07-29,17,宮島,一般,４６２　５６５,2026-07-09,2026-07-14,15,丸亀,一般,１５５　２F６　５　４,2026-06-25,2026-06-30,13,尼崎,一般,４　３２５　６５３　４５,2026-06-10,2026-06-13,14,鳴門,一般,４５３　５５２,3773,津留 浩一郎,2026-09-04,2026-09-08,07,蒲郡,一般,６６４　６　５６３,2026-08-20,2026-08-25,21,芦屋,一般,５　３３４　６３５　１１,2026-08-07,2026-08-11,15,丸亀,一般,６　５５６　５　６,2026-07-22,2026-07-25,24,大村,一般,１　６４５　６５,2026-07-07,2026-07-12,10,三国,ＧⅢ,３４２　５６４　５３１
202609171610,2026-09-17,16,10R,4342,谷野 錬志,2026-09-05,2026-09-10,01,桐生,一般,１１２１３　１　５２[２],2026-08-22,2026-08-27,08,常滑,ＧⅢ,１５１　２３２１４１[１],2026-08-11,2026-08-16,06,浜名湖,一般,５４３　１３３２２４２４,2026-07-22,2026-07-27,14,鳴門,一般,４３４　２２３１３６１５,2026-07-13,2026-07-18,07,蒲郡,ＧⅡ,３　５５１　４　６２４４,3872,岡田 憲行,2026-09-04,2026-09-08,07,蒲郡,一般,５５３　４５５　３１,2026-08-20,2026-08-25,21,芦屋,一般,２３４４３５４　５　５,2026-08-07,2026-08-11,15,丸亀,一般,３５５４５６３　２,2026-07-27,2026-07-31,19,下関,一般,１　２４４３５４１２,2026-07-18,2026-07-21,20,若松,一般,４３１３１２[３],4129,宇野 博之,2026-09-03,2026-09-06,02,戸田,一般,３　４３１６３６,2026-08-21,2026-08-26,03,江戸川,一般,５３２　６６F　４５６,2026-08-08,2026-08-11,05,多摩川,一般,５　６３５２５,2026-07-27,2026-07-31,19,下関,一般,３　３６３４５　５,2026-07-15,2026-07-19,08,常滑,一般,２５５　５５２　５２,4469,土山 卓也,2026-09-04,2026-09-08,07,蒲郡,一般,４　５１６３３３３,2026-08-28,2026-08-31,23,からつ,一般,２６５妨５　２３,2026-08-04,2026-08-09,10,三国,一般,２５３３３　１４１６２４,2026-07-27,2026-07-31,19,下関,一般,５５２　３　４４１４,2026-07-14,2026-07-19,21,芦屋,一般,５　１３３２３４１４４１,4105,松下 直也,2026-08-31,2026-09-05,20,若松,ＧⅢ,４　６５１４５　６６５,2026-08-20,2026-08-23,04,平和島,一般,５３１　２３３５,2026-08-09,2026-08-14,13,尼崎,一般,３４４　５３１　２５３３,2026-07-22,2026-07-27,14,鳴門,一般,４　３５６　２４２４４４,2026-07-10,2026-07-15,23,からつ,一般,５　２２２　５３３２３２,4723,寺島 吉彦,2026-09-01,2026-09-04,24,大村,一般,３２４　５４６６,2026-08-20,2026-08-23,23,からつ,一般,２　６F５　６,2026-08-09,2026-08-15,03,江戸川,一般,４４４　２３６　２２２６,2026-07-27,2026-08-01,09,津,一般,３２４,2026-07-17,2026-07-20,02,戸田,一般,１４４４５　３２
202609171611,2026-09-17,16,11R,4790,柳内 敬太,2026-09-01,2026-09-04,24,大村,一般,１６１１５１[５],2026-08-21,2026-08-26,03,江戸川,一般,１１２　３４３　３２[２],2026-08-09,2026-08-14,13,尼崎,一般,６　６６３３３　５２６,2026-08-02,2026-08-05,21,芦屋,一般,２３４１４２[３],2026-06-26,2026-07-01,17,宮島,一般,２３２１４６３　１４１３,4411,沢田 昭宏,2026-09-02,2026-09-07,22,福岡,一般,６６,2026-08-24,2026-08-29,13,尼崎,一般,４　４４落欠,2026-08-14,2026-08-19,17,宮島,一般,１　３３３　２４４６１３,2026-08-04,2026-08-09,12,住之江,一般,４　２３１　５５１５４６,2026-07-21,2026-07-26,23,からつ,一般,１　１４１４２１１５５２,3826,村田 修次,2026-08-22,2026-08-26,20,若松,一般,２５５１２　４４１２,2026-08-11,2026-08-16,04,平和島,一般,１　４２２２３２２４３１,2026-07-15,2026-07-21,12,住之江,一般,３２３　２２２　３２３５２５,2026-07-05,2026-07-09,24,大村,一般,３２１　２５４４１５,2026-06-21,2026-06-24,19,下関,一般,１３２　３５１４,3933,山地 正樹,2026-09-02,2026-09-06,17,宮島,一般,５６４　５５２　２４,2026-08-20,2026-08-23,04,平和島,一般,４４１　１５１２,2026-08-08,2026-08-13,16,児島,一般,１　３３４１４　６３２６,2026-07-28,2026-07-31,24,大村,一般,２３２　５６３１,2026-07-18,2026-07-21,20,若松,一般,１　４１５３２１,4007,榮田 将彦,2026-08-31,2026-09-05,20,若松,ＧⅢ,６　２５３５６　４６６,2026-08-19,2026-08-24,19,下関,一般,１５５６１　３２１６１５,2026-07-31,2026-08-05,06,浜名湖,ＧⅢ,２３１　５２６　６５２５,2026-07-14,2026-07-19,21,芦屋,一般,４　１３２　２６１６６３,2026-07-03,2026-07-08,13,尼崎,一般,３３３　５　１４１３２５,5002,上田 健太,2026-09-05,2026-09-11,03,江戸川,一般,６　転欠,2026-08-20,2026-08-23,23,からつ,一般,３３５２６　１４,2026-08-10,2026-08-15,08,常滑,一般,１３３　４６１１１３２１,2026-07-25,2026-07-29,20,若松,一般,５　４３４５４３６５,2026-07-17,2026-07-20,02,戸田,一般,５６２１６　１３
202609171612,2026-09-17,16,12R,4019,笠原 亮,2026-09-05,2026-09-10,01,桐生,一般,３　１１４２１１４２[３],2026-08-24,2026-08-28,15,丸亀,一般,４２２４２１４３４１,2026-07-29,2026-08-03,22,福岡,一般,２４３２６２２　３４２２,2026-07-15,2026-07-20,18,徳山,一般,２１２　５３２１不１[３],2026-07-05,2026-07-09,24,大村,一般,２１２　３２１２[２],4028,田村 隆信,2026-09-05,2026-09-10,01,桐生,一般,２５４２１　２３３１[５],2026-08-21,2026-08-26,03,江戸川,一般,１　４３３　３１３３[５],2026-08-05,2026-08-10,14,鳴門,一般,２２３５２　１３３２[６],2026-07-29,2026-08-01,18,徳山,一般,４５４４４　５１,2026-07-17,2026-07-20,02,戸田,一般,５１６５３１６３,4903,吉田 凌太朗,2026-08-11,2026-08-16,07,蒲郡,一般,３１２　３エ６４３３１,2026-07-28,2026-08-02,15,丸亀,一般,１４１　１３４６３１[２],2026-07-13,2026-07-18,07,蒲郡,ＧⅡ,１２４　２５１　４　２２,2026-07-04,2026-07-09,01,桐生,一般,６　F５５　６６１　３,2026-06-20,2026-06-25,06,浜名湖,一般,４１１２４１５　１５２,3743,林 美憲,2026-09-05,2026-09-10,01,桐生,一般,２４２　４３１４１５１３,2026-08-20,2026-08-25,21,芦屋,一般,２４６２１　２３４３１５,2026-08-05,2026-08-10,14,鳴門,一般,２６１　４２１４２６３４,2026-07-24,2026-07-27,02,戸田,一般,１５４４１３１２,2026-07-15,2026-07-19,08,常滑,一般,６３６４６４２２４２,3997,北村 征嗣,2026-09-09,2026-09-13,05,多摩川,一般,２３２１２５３１[３],2026-08-27,2026-09-01,07,蒲郡,一般,２２４１３　２３２３２５,2026-08-13,2026-08-18,12,住之江,一般,１４３　４４５　３５５,2026-07-31,2026-08-05,06,浜名湖,ＧⅢ,３１１４２　２２１２[４],2026-07-15,2026-07-21,12,住之江,一般,４　４３１　５３２５３４４３,4506,稗田 聖也,2026-08-31,2026-09-05,18,徳山,一般,２２１２４１６　５５１５,2026-08-20,2026-08-23,24,大村,一般,３１４２１３６２,2026-08-10,2026-08-15,21,芦屋,一般,５５４５１２４　２　２３,2026-07-27,2026-08-01,10,三国,一般,１　３２３３１４５２[３],2026-07-10,2026-07-15,22,福岡,一般,１　２５１１２４４４２６
202609171801,2026-09-17,18,01R,4985,井本 昌也,2026-08-25,2026-08-30,09,津,一般,５　５１６　１３,2026-08-15,2026-08-20,18,徳山,一般,２４１１３　３２３２[４],2026-08-03,2026-08-08,19,下関,一般,２５６１４　１１３５１３,2026-07-19,2026-07-24,22,福岡,ＧⅢ,５３１　５４２　２２４２,2026-07-02,2026-07-07,04,平和島,一般,６　１２２１６２２４２２,3744,徳増 秀樹,2026-09-01,2026-09-06,12,住之江,一般,５１１２４　１５４３２１,2026-08-22,2026-08-27,08,常滑,ＧⅢ,２２１　３３１５３４１３,2026-08-11,2026-08-16,06,浜名湖,一般,５２２２３　６５,2026-07-31,2026-08-05,06,浜名湖,ＧⅢ,２１６６２　５６２　４４,2026-07-19,2026-07-23,05,多摩川,一般,１６４１２１５３５１,4586,磯部 誠,2026-09-03,2026-09-08,09,津,ＧⅠ,３４１　１　３２２　[６],2026-08-25,2026-08-30,01,桐生,ＳＧ,２２１　５　３２２　[６],2026-08-11,2026-08-16,07,蒲郡,一般,１２１１１３１２２１[２],2026-07-28,2026-08-02,11,びわこ,ＳＧ,３　３２１　１　３　３１,2026-07-18,2026-07-21,20,若松,一般,２２１２２１[１],4305,金子 拓矢,2026-09-03,2026-09-08,09,津,ＧⅠ,１５２　１３４　４　２２,2026-08-26,2026-08-30,14,鳴門,一般,１４１２１２２１[１],2026-08-15,2026-08-20,05,多摩川,一般,１４５５１１２　２３１１,2026-08-04,2026-08-09,12,住之江,一般,２２２　２１３１４２[３],2026-07-22,2026-07-25,24,大村,一般,１２１３４２[６],4760,山崎 郡,2026-09-03,2026-09-08,09,津,ＧⅠ,４４５　２５６　２　４２,2026-08-24,2026-08-29,13,尼崎,一般,４１１２３　１１４１[１],2026-08-13,2026-08-18,12,住之江,一般,１２２　１１１　３１[１],2026-07-28,2026-08-02,11,びわこ,ＳＧ,３　１　６５５　２１２,2026-07-14,2026-07-19,01,桐生,一般,２１２１１　２　３１[１],4566,塩田 北斗,2026-09-03,2026-09-08,09,津,ＧⅠ,３　１　３６２　６　５３,2026-08-24,2026-08-29,13,尼崎,一般,４２２　４３４２２１３１,2026-08-12,2026-08-17,22,福岡,一般,５５エ欠,2026-07-31,2026-08-03,20,若松,一般,３１３１３１[３],2026-06-23,2026-06-28,14,鳴門,ＳＧ,３　２　１２５　２　[５]
202609171802,2026-09-17,18,02R,5015,高橋 竜矢,2026-09-03,2026-09-08,09,津,ＧⅠ,５　２２４　１　６　１５,2026-08-26,2026-08-30,14,鳴門,一般,２３１４１３３１[４],2026-08-14,2026-08-19,17,宮島,一般,２５３５２１１　１２[２],2026-08-04,2026-08-09,10,三国,一般,３３５５１１２　１５３２,2026-07-21,2026-07-26,23,からつ,一般,２５４　１６６２,4024,井口 佳典,2026-09-03,2026-09-08,09,津,ＧⅠ,３　３４１　４３４　２２,2026-08-25,2026-08-30,01,桐生,ＳＧ,４　６　５４３　２２４,2026-08-15,2026-08-20,09,津,一般,１３１　５４２１１２[５],2026-08-08,2026-08-11,05,多摩川,一般,４４１１１３[４],2026-07-28,2026-08-02,11,びわこ,ＳＧ,６　３３６　３　５４６,3960,菊地 孝平,2026-09-03,2026-09-08,09,津,ＧⅠ,１３２　１　３１１　[１],2026-08-20,2026-08-23,04,平和島,一般,２２１１２１[４],2026-08-11,2026-08-16,06,浜名湖,一般,３１２　３３３１１１[２],2026-07-28,2026-08-02,11,びわこ,ＳＧ,６　６　６４３　６３３,2026-07-07,2026-07-12,02,戸田,ＧⅡ,４４１　５　３６３　１２,4397,西村 拓也,2026-09-03,2026-09-08,09,津,ＧⅠ,４　１６２　２　３　１１,2026-08-26,2026-08-30,14,鳴門,一般,５１２２１４１４３２,2026-08-13,2026-08-18,12,住之江,一般,１２３　１　２４２２[４],2026-08-03,2026-08-08,04,平和島,ＧⅢ,１２２３４１２　５３１１,2026-07-23,2026-07-27,01,桐生,一般,２２１１１１２１[１],4796,春園 功太,2026-09-03,2026-09-08,09,津,ＧⅠ,１　５　６６３　６２２２,2026-08-25,2026-08-30,17,宮島,一般,６３２　１２５４,2026-08-15,2026-08-20,09,津,一般,４６１４２　４２１５３４,2026-08-04,2026-08-09,12,住之江,一般,２　６３４　２１１６４４,2026-07-22,2026-07-26,08,常滑,一般,１４６２２１１２[５],4928,栗城 匠,2026-08-27,2026-09-01,07,蒲郡,一般,３６６１２５１２２１[１],2026-08-15,2026-08-20,05,多摩川,一般,２３１１６　５６１２[２],2026-07-29,2026-08-01,18,徳山,一般,１３２３１６１落,2026-07-17,2026-07-20,02,戸田,一般,４４１２２１[１],2026-07-04,2026-07-09,01,桐生,一般,５　１３２２１４１１[２]
202609171803,2026-09-17,18,03R,4939,宮之原 輝紀,2026-09-03,2026-09-08,09,津,ＧⅠ,２　５１６,2026-08-25,2026-08-30,01,桐生,ＳＧ,１４５　１　３６５　２５,2026-08-15,2026-08-20,05,多摩川,一般,１　１１１１１１５１[１],2026-08-03,2026-08-08,04,平和島,ＧⅢ,１５２１１１１　６２[転],2026-07-22,2026-07-27,14,鳴門,一般,１１５　１１１３１１[１],4391,松田 祐季,2026-09-03,2026-09-08,09,津,ＧⅠ,６　４　３５１　５６４,2026-08-24,2026-08-28,15,丸亀,一般,５１３３１１１２[２],2026-08-14,2026-08-19,10,三国,一般,１２２３２１１　３２[５],2026-08-05,2026-08-10,09,津,一般,５１１　１１１１１１[１],2026-07-22,2026-07-27,14,鳴門,一般,２５１３１４１　２１[２],4256,渡辺 浩司,2026-09-03,2026-09-08,09,津,ＧⅠ,３３１　２　２４４　３４,2026-08-22,2026-08-27,08,常滑,ＧⅢ,１５５５３１３１３２[６],2026-08-07,2026-08-12,20,若松,一般,４　４３３４２２２１１,2026-07-29,2026-08-01,18,徳山,一般,３１１３３２[３],2026-07-22,2026-07-25,24,大村,一般,F３５,4448,青木 玄太,2026-09-03,2026-09-08,09,津,ＧⅠ,４　３１３　３　６　１３,2026-08-26,2026-08-30,14,鳴門,一般,２２１３６１３５３,2026-08-15,2026-08-20,11,びわこ,一般,５　１４２１４２２　５３,2026-08-02,2026-08-05,21,芦屋,一般,２６３３２３１１,2026-07-22,2026-07-26,08,常滑,一般,１２１１６１３１[２],3941,池田 浩二,2026-09-03,2026-09-08,09,津,ＧⅠ,６　４４３２３　３１４,2026-08-25,2026-08-30,01,桐生,ＳＧ,３　４６１１２　１　[３],2026-08-10,2026-08-15,08,常滑,一般,２１４１２３３１１１[１],2026-07-28,2026-08-02,11,びわこ,ＳＧ,２　４４５１３　６　１３,2026-07-13,2026-07-18,07,蒲郡,ＧⅡ,１　５２５３２　６　１３,4739,中村 晃朋,2026-09-03,2026-09-08,09,津,ＧⅠ,５　４F２　５　３　５,2026-08-25,2026-08-30,17,宮島,一般,４６５１５　５３６　３３,2026-08-17,2026-08-21,15,丸亀,一般,１６２１２５３１[１],2026-08-06,2026-08-09,02,戸田,一般,１　２２１２[２],2026-07-28,2026-08-02,16,児島,一般,１５２３１２１　３１[２]
202609171804,2026-09-17,18,04R,4237,大峯 豊,2026-09-04,2026-09-08,07,蒲郡,一般,１２１１３２２１[１],2026-08-25,2026-08-30,01,桐生,ＳＧ,４５３　３　６３３　５,2026-08-15,2026-08-20,18,徳山,一般,３１２１２１１　１２６,2026-08-07,2026-08-11,15,丸亀,一般,２３１１５３３３２１,2026-07-07,2026-07-12,02,戸田,ＧⅡ,３１２　１　２３１　[１],4344,新田 雄史,2026-09-03,2026-09-08,09,津,ＧⅠ,６２１　２２F,2026-08-25,2026-08-30,01,桐生,ＳＧ,６６３　１４５　４　１４,2026-08-15,2026-08-20,09,津,一般,１１４４１　６F２　３,2026-07-28,2026-08-02,11,びわこ,ＳＧ,２２３　２　１５４　２２,2026-07-18,2026-07-21,20,若松,一般,１１３１２１[４],4682,大上 卓人,2026-09-04,2026-09-08,07,蒲郡,一般,１５１１２転３１[６],2026-08-25,2026-08-30,01,桐生,ＳＧ,１　２５３　５　４　１５,2026-08-14,2026-08-19,17,宮島,一般,２４１１２　１３１４１５,2026-07-28,2026-08-02,11,びわこ,ＳＧ,１　４３５　１　２　[６],2026-07-18,2026-07-21,20,若松,一般,２４２２１２[５],4074,柳沢 一,2026-09-01,2026-09-05,13,尼崎,一般,１３４２５１２３３３,2026-08-21,2026-08-26,06,浜名湖,一般,３４１１１１１　４１[２],2026-08-10,2026-08-15,08,常滑,一般,３２３５１５３１１５１３,2026-07-27,2026-08-01,09,津,一般,３４１,2026-07-15,2026-07-21,12,住之江,一般,１１１　２１４１３３２２[４],5267,石本 裕武,2026-09-03,2026-09-08,09,津,ＧⅠ,２　１５３　１　２　[２],2026-08-25,2026-08-30,17,宮島,一般,１２１１６１１　５１[２],2026-08-13,2026-08-18,12,住之江,一般,１１６　１２１１６４３２,2026-08-04,2026-08-09,10,三国,一般,１６４　１１１５３２[２],2026-07-21,2026-07-26,23,からつ,一般,１２１６１　５５２１[４],5084,末永 和也,2026-09-03,2026-09-08,09,津,ＧⅠ,４　５４１　２３２　[３],2026-08-25,2026-08-30,17,宮島,一般,１４１２１３２　５１[３],2026-05-15,2026-05-20,21,芦屋,ＧⅠ,２６６　５　５３１３２,2026-05-01,2026-05-06,23,からつ,一般,１５２２１　１２２２[６],2026-04-20,2026-04-23,11,びわこ,一般,３２４１L欠
202609171805,2026-09-17,18,05R,4205,山口 剛,2026-09-03,2026-09-08,09,津,ＧⅠ,２　４６６４４　５　４,2026-08-25,2026-08-30,01,桐生,ＳＧ,３６６　３２１　４　２５,2026-08-14,2026-08-19,17,宮島,一般,１１１　２２１１２１[１],2026-07-28,2026-08-02,11,びわこ,ＳＧ,転４２　５　１６エ　５,2026-07-07,2026-07-12,02,戸田,ＧⅡ,５３１　２エ４　３　５１,4566,塩田 北斗,2026-09-03,2026-09-08,09,津,ＧⅠ,３　１　３６２　６　５３,2026-08-24,2026-08-29,13,尼崎,一般,４２２　４３４２２１３１,2026-08-12,2026-08-17,22,福岡,一般,５５エ欠,2026-07-31,2026-08-03,20,若松,一般,３１３１３１[３],2026-06-23,2026-06-28,14,鳴門,ＳＧ,３　２　１２５　２　[５],5142,常住 蓮,2026-08-28,2026-08-31,23,からつ,一般,１１２１２１[１],2026-08-20,2026-08-23,02,戸田,一般,２３３１１２１２,2026-08-09,2026-08-14,23,からつ,一般,１５２１F　２　２　２,2026-07-28,2026-08-02,15,丸亀,一般,６　２２２３１　１２[４],2026-07-19,2026-07-24,22,福岡,ＧⅢ,１　６１１５５　３　５１,4528,黒井 達矢,2026-09-03,2026-09-08,09,津,ＧⅠ,３　２５４　５　４４４５,2026-08-24,2026-08-28,15,丸亀,一般,２４１１１２４１[６],2026-08-15,2026-08-20,05,多摩川,一般,６　１１１４１４２２[５],2026-06-08,2026-06-13,13,尼崎,ＧⅠ,５２１　２　１４２　[３],2026-05-29,2026-06-02,14,鳴門,一般,１１３３１４１６１４,4713,白神 優,2026-09-03,2026-09-08,09,津,ＧⅠ,３　４６６　１　２５５４,2026-08-24,2026-08-29,13,尼崎,一般,３１４３３　１４３５１６,2026-08-17,2026-08-20,20,若松,一般,１５３２４３１２,2026-08-08,2026-08-13,16,児島,一般,４　５２１５３３１　１３,2026-07-22,2026-07-27,14,鳴門,一般,転５２　１５２１１２[３],4013,中島 孝平,2026-09-03,2026-09-08,09,津,ＧⅠ,５　６　４３４３５１４,2026-08-25,2026-08-30,01,桐生,ＳＧ,２４４　３　１５５　３６,2026-08-14,2026-08-19,10,三国,一般,４１２４１　２１３１[１],2026-07-31,2026-08-04,13,尼崎,一般,２１２１３１２１[１],2026-06-23,2026-06-28,14,鳴門,ＳＧ,２５６　３　５２５　５
202609171806,2026-09-17,18,06R,4759,今泉 友吾,2026-09-02,2026-09-07,22,福岡,一般,３３１　３５１３１４２２,2026-08-22,2026-08-27,08,常滑,ＧⅢ,３３３２３１１５４３３１,2026-08-11,2026-08-16,04,平和島,一般,２４３　２２３１４３１５,2026-07-31,2026-08-05,05,多摩川,一般,４６３１１　１２２１[２],2026-07-13,2026-07-18,07,蒲郡,ＧⅡ,４１６　６　４３２４２,4415,下出 卓矢,2026-09-03,2026-09-08,09,津,ＧⅠ,６　１　５６１　１６３３,2026-08-24,2026-08-29,13,尼崎,一般,５３４　２２３６５１２３,2026-08-14,2026-08-19,10,三国,一般,１４F５４　５　６　２,2026-08-06,2026-08-09,02,戸田,一般,４６５３１３１１,2026-07-27,2026-08-01,10,三国,一般,１３４５１　１１６２[２],4547,中田 竜太,2026-09-03,2026-09-08,09,津,ＧⅠ,１　６２６　４　１２５５,2026-08-25,2026-08-30,01,桐生,ＳＧ,５　６　１１４　１３６１,2026-08-12,2026-08-17,02,戸田,一般,１転４　２２３１３　２４,2026-07-28,2026-08-02,11,びわこ,ＳＧ,６　５　６５４　５欠,2026-07-19,2026-07-23,05,多摩川,一般,２３１１２１３２[５],4537,渡邉 和将,2026-09-03,2026-09-08,09,津,ＧⅠ,４　５３６　５１２５６,2026-08-22,2026-08-27,08,常滑,ＧⅢ,３６３１３１３３１２[３],2026-08-08,2026-08-13,16,児島,一般,２１３１３２３　３１４,2026-07-29,2026-08-03,22,福岡,一般,１３２　３１２６４１[５],2026-07-20,2026-07-25,15,丸亀,一般,１６２　３２１１５１[４],3960,菊地 孝平,2026-09-03,2026-09-08,09,津,ＧⅠ,１３２　１　３１１　[１],2026-08-20,2026-08-23,04,平和島,一般,２２１１２１[４],2026-08-11,2026-08-16,06,浜名湖,一般,３１２　３３３１１１[２],2026-07-28,2026-08-02,11,びわこ,ＳＧ,６　６　６４３　６３３,2026-07-07,2026-07-12,02,戸田,ＧⅡ,４４１　５　３６３　１２,4586,磯部 誠,2026-09-03,2026-09-08,09,津,ＧⅠ,３４１　１　３２２　[６],2026-08-25,2026-08-30,01,桐生,ＳＧ,２２１　５　３２２　[６],2026-08-11,2026-08-16,07,蒲郡,一般,１２１１１３１２２１[２],2026-07-28,2026-08-02,11,びわこ,ＳＧ,３　３２１　１　３　３１,2026-07-18,2026-07-21,20,若松,一般,２２１２２１[１]
202609171807,2026-09-17,18,07R,4826,井上 一輝,2026-09-03,2026-09-08,09,津,ＧⅠ,３１１　２　６５３　１６,2026-08-24,2026-08-28,15,丸亀,一般,２６１２２１４１[３],2026-08-13,2026-08-18,12,住之江,一般,３１４　５５２　１落５,2026-08-04,2026-08-09,10,三国,一般,１４５１５２１　４２[５],2026-07-24,2026-07-27,06,浜名湖,一般,５６２２１　６１,4928,栗城 匠,2026-08-27,2026-09-01,07,蒲郡,一般,３６６１２５１２２１[１],2026-08-15,2026-08-20,05,多摩川,一般,２３１１６　５６１２[２],2026-07-29,2026-08-01,18,徳山,一般,１３２３１６１落,2026-07-17,2026-07-20,02,戸田,一般,４４１２２１[１],2026-07-04,2026-07-09,01,桐生,一般,５　１３２２１４１１[２],3744,徳増 秀樹,2026-09-01,2026-09-06,12,住之江,一般,５１１２４　１５４３２１,2026-08-22,2026-08-27,08,常滑,ＧⅢ,２２１　３３１５３４１３,2026-08-11,2026-08-16,06,浜名湖,一般,５２２２３　６５,2026-07-31,2026-08-05,06,浜名湖,ＧⅢ,２１６６２　５６２　４４,2026-07-19,2026-07-23,05,多摩川,一般,１６４１２１５３５１,3959,坪井 康晴,2026-09-03,2026-09-08,10,三国,一般,２３失　３１１２転１[２],2026-08-25,2026-08-30,01,桐生,ＳＧ,４　１２４　３　６　１４,2026-08-11,2026-08-16,06,浜名湖,一般,１　６１３１２１３１[５],2026-07-28,2026-08-02,11,びわこ,ＳＧ,２４５　５　１４２　３４,2026-07-11,2026-07-16,03,江戸川,一般,３１３　１１５,4980,佐々木 完太,2026-09-03,2026-09-08,09,津,ＧⅠ,３４３　６　２５６４６,2026-08-21,2026-08-26,06,浜名湖,一般,１２１１３　１１１１[１],2026-08-11,2026-08-16,19,下関,一般,２４１２２２１　４１[２],2026-07-28,2026-08-02,11,びわこ,ＳＧ,１１１　６　１６５　１６,2026-06-30,2026-07-05,16,児島,ＧⅡ,３１２　２　６５,5017,澤田 尚也,2026-09-03,2026-09-08,09,津,ＧⅠ,５　２　５１２　４１５２,2026-08-24,2026-08-28,15,丸亀,一般,４２３１３３３２[５],2026-08-15,2026-08-20,11,びわこ,一般,１　１５２６３１６６１５,2026-08-08,2026-08-11,05,多摩川,一般,１１１３２３[２],2026-07-31,2026-08-04,13,尼崎,一般,３１２　５４１３４６
202609171808,2026-09-17,18,08R,4361,柳生 泰二,2026-09-03,2026-09-08,09,津,ＧⅠ,４１１　４　F６３　３,2026-08-25,2026-08-30,01,桐生,ＳＧ,６１３　６　６５１　５,2026-08-11,2026-08-16,19,下関,一般,１１３１１　２１３１[１],2026-07-31,2026-08-03,20,若松,一般,２６１１１１[２],2026-07-20,2026-07-25,15,丸亀,一般,３１３１２　１３２１[２],5267,石本 裕武,2026-09-03,2026-09-08,09,津,ＧⅠ,２　１５３　１　２　[２],2026-08-25,2026-08-30,17,宮島,一般,１２１１６１１　５１[２],2026-08-13,2026-08-18,12,住之江,一般,１１６　１２１１６４３２,2026-08-04,2026-08-09,10,三国,一般,１６４　１１１５３２[２],2026-07-21,2026-07-26,23,からつ,一般,１２１６１　５５２１[４],4024,井口 佳典,2026-09-03,2026-09-08,09,津,ＧⅠ,３　３４１　４３４　２２,2026-08-25,2026-08-30,01,桐生,ＳＧ,４　６　５４３　２２４,2026-08-15,2026-08-20,09,津,一般,１３１　５４２１１２[５],2026-08-08,2026-08-11,05,多摩川,一般,４４１１１３[４],2026-07-28,2026-08-02,11,びわこ,ＳＧ,６　３３６　３　５４６,4739,中村 晃朋,2026-09-03,2026-09-08,09,津,ＧⅠ,５　４F２　５　３　５,2026-08-25,2026-08-30,17,宮島,一般,４６５１５　５３６　３３,2026-08-17,2026-08-21,15,丸亀,一般,１６２１２５３１[１],2026-08-06,2026-08-09,02,戸田,一般,１　２２１２[２],2026-07-28,2026-08-02,16,児島,一般,１５２３１２１　３１[２],5112,砂長 知輝,2026-09-03,2026-09-08,09,津,ＧⅠ,６５５　２　６２５　２,2026-08-24,2026-08-29,13,尼崎,一般,２２３　３１２１４１[２],2026-08-12,2026-08-17,02,戸田,一般,４　１１１　１１４　３５,2026-07-28,2026-08-02,16,児島,一般,５６３２２１１　２６１２,2026-07-18,2026-07-23,09,津,ＧⅢ,１１２　３１２　F　５,4831,羽野 直也,2026-09-03,2026-09-08,09,津,ＧⅠ,２３２　落,2026-08-25,2026-08-30,01,桐生,ＳＧ,４　１５２　１　４　５２,2026-08-10,2026-08-15,21,芦屋,一般,２６１３５４２　２６１３,2026-07-31,2026-08-04,13,尼崎,一般,１２４１３１１１[２],2026-07-24,2026-07-27,12,住之江,一般,１１２６１１[１]
202609171809,2026-09-17,18,09R,3942,寺田 祥,2026-08-25,2026-08-30,01,桐生,ＳＧ,６　５　１６４　６５４,2026-08-11,2026-08-16,19,下関,一般,３２１　５１５３３５５３,2026-07-25,2026-07-29,20,若松,一般,１３１　２２３１[５],2026-07-14,2026-07-19,21,芦屋,一般,３５３６１２１　２２[６],2026-06-17,2026-06-22,24,大村,ＧⅡ,２　１　５２２　２　[６],4074,柳沢 一,2026-09-01,2026-09-05,13,尼崎,一般,１３４２５１２３３３,2026-08-21,2026-08-26,06,浜名湖,一般,３４１１１１１　４１[２],2026-08-10,2026-08-15,08,常滑,一般,３２３５１５３１１５１３,2026-07-27,2026-08-01,09,津,一般,３４１,2026-07-15,2026-07-21,12,住之江,一般,１１１　２１４１３３２２[４],4528,黒井 達矢,2026-09-03,2026-09-08,09,津,ＧⅠ,３　２５４　５　４４４５,2026-08-24,2026-08-28,15,丸亀,一般,２４１１１２４１[６],2026-08-15,2026-08-20,05,多摩川,一般,６　１１１４１４２２[５],2026-06-08,2026-06-13,13,尼崎,ＧⅠ,５２１　２　１４２　[３],2026-05-29,2026-06-02,14,鳴門,一般,１１３３１４１６１４,4445,宮地 元輝,2026-09-03,2026-09-08,09,津,ＧⅠ,１　４　４４３４１５１,2026-08-25,2026-08-30,01,桐生,ＳＧ,６　４１２　１　６　２６,2026-08-09,2026-08-14,23,からつ,一般,１６３１３　１転３４２２,2026-07-31,2026-08-03,20,若松,一般,１４１４２１[１],2026-06-23,2026-06-28,14,鳴門,ＳＧ,６　２２３　１２３　４１,4448,青木 玄太,2026-09-03,2026-09-08,09,津,ＧⅠ,４　３１３　３　６　１３,2026-08-26,2026-08-30,14,鳴門,一般,２２１３６１３５３,2026-08-15,2026-08-20,11,びわこ,一般,５　１４２１４２２　５３,2026-08-02,2026-08-05,21,芦屋,一般,２６３３２３１１,2026-07-22,2026-07-26,08,常滑,一般,１２１１６１３１[２],4397,西村 拓也,2026-09-03,2026-09-08,09,津,ＧⅠ,４　１６２　２　３　１１,2026-08-26,2026-08-30,14,鳴門,一般,５１２２１４１４３２,2026-08-13,2026-08-18,12,住之江,一般,１２３　１　２４２２[４],2026-08-03,2026-08-08,04,平和島,ＧⅢ,１２２３４１２　５３１１,2026-07-23,2026-07-27,01,桐生,一般,２２１１１１２１[１]
202609171810,2026-09-17,18,10R,4760,山崎 郡,2026-09-03,2026-09-08,09,津,ＧⅠ,４４５　２５６　２　４２,2026-08-24,2026-08-29,13,尼崎,一般,４１１２３　１１４１[１],2026-08-13,2026-08-18,12,住之江,一般,１２２　１１１　３１[１],2026-07-28,2026-08-02,11,びわこ,ＳＧ,３　１　６５５　２１２,2026-07-14,2026-07-19,01,桐生,一般,２１２１１　２　３１[１],4237,大峯 豊,2026-09-04,2026-09-08,07,蒲郡,一般,１２１１３２２１[１],2026-08-25,2026-08-30,01,桐生,ＳＧ,４５３　３　６３３　５,2026-08-15,2026-08-20,18,徳山,一般,３１２１２１１　１２６,2026-08-07,2026-08-11,15,丸亀,一般,２３１１５３３３２１,2026-07-07,2026-07-12,02,戸田,ＧⅡ,３１２　１　２３１　[１],4939,宮之原 輝紀,2026-09-03,2026-09-08,09,津,ＧⅠ,２　５１６,2026-08-25,2026-08-30,01,桐生,ＳＧ,１４５　１　３６５　２５,2026-08-15,2026-08-20,05,多摩川,一般,１　１１１１１１５１[１],2026-08-03,2026-08-08,04,平和島,ＧⅢ,１５２１１１１　６２[転],2026-07-22,2026-07-27,14,鳴門,一般,１１５　１１１３１１[１],5015,高橋 竜矢,2026-09-03,2026-09-08,09,津,ＧⅠ,５　２２４　１　６　１５,2026-08-26,2026-08-30,14,鳴門,一般,２３１４１３３１[４],2026-08-14,2026-08-19,17,宮島,一般,２５３５２１１　１２[２],2026-08-04,2026-08-09,10,三国,一般,３３５５１１２　１５３２,2026-07-21,2026-07-26,23,からつ,一般,２５４　１６６２,4205,山口 剛,2026-09-03,2026-09-08,09,津,ＧⅠ,２　４６６４４　５　４,2026-08-25,2026-08-30,01,桐生,ＳＧ,３６６　３２１　４　２５,2026-08-14,2026-08-19,17,宮島,一般,１１１　２２１１２１[１],2026-07-28,2026-08-02,11,びわこ,ＳＧ,転４２　５　１６エ　５,2026-07-07,2026-07-12,02,戸田,ＧⅡ,５３１　２エ４　３　５１,4547,中田 竜太,2026-09-03,2026-09-08,09,津,ＧⅠ,１　６２６　４　１２５５,2026-08-25,2026-08-30,01,桐生,ＳＧ,５　６　１１４　１３６１,2026-08-12,2026-08-17,02,戸田,一般,１転４　２２３１３　２４,2026-07-28,2026-08-02,11,びわこ,ＳＧ,６　５　６５４　５欠,2026-07-19,2026-07-23,05,多摩川,一般,２３１１２１３２[５]
202609171811,2026-09-17,18,11R,3941,池田 浩二,2026-09-03,2026-09-08,09,津,ＧⅠ,６　４４３２３　３１４,2026-08-25,2026-08-30,01,桐生,ＳＧ,３　４６１１２　１　[３],2026-08-10,2026-08-15,08,常滑,一般,２１４１２３３１１１[１],2026-07-28,2026-08-02,11,びわこ,ＳＧ,２　４４５１３　６　１３,2026-07-13,2026-07-18,07,蒲郡,ＧⅡ,１　５２５３２　６　１３,4759,今泉 友吾,2026-09-02,2026-09-07,22,福岡,一般,３３１　３５１３１４２２,2026-08-22,2026-08-27,08,常滑,ＧⅢ,３３３２３１１５４３３１,2026-08-11,2026-08-16,04,平和島,一般,２４３　２２３１４３１５,2026-07-31,2026-08-05,05,多摩川,一般,４６３１１　１２２１[２],2026-07-13,2026-07-18,07,蒲郡,ＧⅡ,４１６　６　４３２４２,4796,春園 功太,2026-09-03,2026-09-08,09,津,ＧⅠ,１　５　６６３　６２２２,2026-08-25,2026-08-30,17,宮島,一般,６３２　１２５４,2026-08-15,2026-08-20,09,津,一般,４６１４２　４２１５３４,2026-08-04,2026-08-09,12,住之江,一般,２　６３４　２１１６４４,2026-07-22,2026-07-26,08,常滑,一般,１４６２２１１２[５],4985,井本 昌也,2026-08-25,2026-08-30,09,津,一般,５　５１６　１３,2026-08-15,2026-08-20,18,徳山,一般,２４１１３　３２３２[４],2026-08-03,2026-08-08,19,下関,一般,２５６１４　１１３５１３,2026-07-19,2026-07-24,22,福岡,ＧⅢ,５３１　５４２　２２４２,2026-07-02,2026-07-07,04,平和島,一般,６　１２２１６２２４２２,4826,井上 一輝,2026-09-03,2026-09-08,09,津,ＧⅠ,３１１　２　６５３　１６,2026-08-24,2026-08-28,15,丸亀,一般,２６１２２１４１[３],2026-08-13,2026-08-18,12,住之江,一般,３１４　５５２　１落５,2026-08-04,2026-08-09,10,三国,一般,１４５１５２１　４２[５],2026-07-24,2026-07-27,06,浜名湖,一般,５６２２１　６１,4361,柳生 泰二,2026-09-03,2026-09-08,09,津,ＧⅠ,４１１　４　F６３　３,2026-08-25,2026-08-30,01,桐生,ＳＧ,６１３　６　６５１　５,2026-08-11,2026-08-16,19,下関,一般,１１３１１　２１３１[１],2026-07-31,2026-08-03,20,若松,一般,２６１１１１[２],2026-07-20,2026-07-25,15,丸亀,一般,３１３１２　１３２１[２]
202609171812,2026-09-17,18,12R,3897,白井 英治,2026-09-03,2026-09-08,09,津,ＧⅠ,４２３　５　２１３　５１,2026-08-25,2026-08-30,01,桐生,ＳＧ,４２４　３　転３,2026-08-15,2026-08-20,18,徳山,一般,１１２４１　２１１１[１],2026-07-28,2026-08-02,11,びわこ,ＳＧ,４　５１２３３　３　２１,2026-07-18,2026-07-22,10,三国,一般,１４３４２２,4852,川原 祐明,2026-09-03,2026-09-08,09,津,ＧⅠ,６６３　５　１６４　４,2026-08-22,2026-08-27,08,常滑,ＧⅢ,４２３１６５４F４　６,2026-08-11,2026-08-16,19,下関,一般,３２１　２４３１１２[６],2026-07-28,2026-08-02,15,丸亀,一般,２１４　１１２２２１[１],2026-07-15,2026-07-20,18,徳山,一般,２５１　４１５１２３２１,4239,竹田 辰也,2026-08-30,2026-09-03,08,常滑,一般,２２２１３１４１[４],2026-08-15,2026-08-20,18,徳山,一般,３３１６３４２　１５１３,2026-08-04,2026-08-09,10,三国,一般,５３１　１６３１４１[４],2026-07-22,2026-07-27,14,鳴門,一般,２４１６３　２６,2026-07-09,2026-07-13,16,児島,一般,４２３１３３１２[６],4444,桐生 順平,2026-09-03,2026-09-08,09,津,ＧⅠ,１　３２３　２２１　[５],2026-08-25,2026-08-30,01,桐生,ＳＧ,２３５　６　４１２　１３,2026-08-12,2026-08-17,02,戸田,一般,欠欠,2026-07-31,2026-08-05,05,多摩川,一般,１１２　３３１１４１[３],2026-06-23,2026-06-28,14,鳴門,ＳＧ,５　２３３　４１２　[４],4851,関 浩哉,2026-09-03,2026-09-08,09,津,ＧⅠ,１１６　１２２　１　[４],2026-08-25,2026-08-30,01,桐生,ＳＧ,４１落　１２６　４　２６,2026-08-11,2026-08-16,01,桐生,一般,１６３１３　１１１　[４],2026-07-28,2026-08-02,11,びわこ,ＳＧ,５１４　３４６　２３１,2026-07-18,2026-07-21,04,平和島,一般,１４２１３１[６],4168,石野 貴之,2026-09-03,2026-09-08,10,三国,一般,１４３　１１１２３１[１],2026-08-25,2026-08-30,17,宮島,一般,１１２５３　１６２４２１,2026-08-13,2026-08-18,12,住之江,一般,４　１６１　２１２６２４,2026-07-25,2026-07-29,20,若松,一般,１６２１５　２６１５,2026-07-13,2026-07-18,07,蒲郡,ＧⅡ,４２１　６　３６１２４
202609171901,2026-09-17,19,01R,5355,萩原 丈太朗,2026-08-24,2026-08-29,13,尼崎,一般,６　５１１５３　６５１６,2026-08-14,2026-08-19,10,三国,一般,５５５　６６５　５　３５,2026-08-02,2026-08-05,21,芦屋,一般,４　６６４　６２,2026-07-18,2026-07-22,10,三国,一般,４５６　６　６６５,2026-07-03,2026-07-08,12,住之江,一般,６６５　４６５　５　６,3212,亀本 勇樹,2026-08-26,2026-08-31,11,びわこ,一般,４　F２４　６　３　５,2026-08-14,2026-08-19,17,宮島,一般,５　１５４　４２２４３,2026-08-05,2026-08-10,09,津,一般,４　５４４　４４,2026-07-20,2026-07-25,15,丸亀,一般,６　５６５　４欠,2026-07-10,2026-07-13,19,下関,一般,６　４４６５１,5412,久保田 凪紗,2026-08-09,2026-08-14,23,からつ,一般,６２６　５５６　６４６,2026-07-25,2026-07-29,20,若松,一般,４　５５５６５　転６,2026-07-18,2026-07-21,20,若松,一般,４６５６６　６,2026-06-26,2026-07-01,17,宮島,一般,６５６　６５５　４６６,2026-06-21,2026-06-24,19,下関,一般,６　５６６　６５,3361,岡部 浩,2026-08-29,2026-09-03,16,児島,一般,４　１５６　３５５６４,2026-08-17,2026-08-20,20,若松,一般,５４２５４　２欠,2026-08-05,2026-08-10,14,鳴門,一般,２１４　５１３　１５５５,2026-07-18,2026-07-21,04,平和島,一般,４　６６５５１,2026-07-04,2026-07-09,18,徳山,一般,５６４　５６６　３　５６,5409,宮本 琉正,2026-08-12,2026-08-17,22,福岡,一般,６　４６５　６６６４５,2026-08-02,2026-08-05,21,芦屋,一般,５　１３２６２１,2026-07-18,2026-07-21,20,若松,一般,　　　　　　６５,2026-07-10,2026-07-15,22,福岡,一般,５　３６４　６５６　６６,2026-06-25,2026-06-29,21,芦屋,一般,５　４６６　６４５,4900,中田 夕貴,2026-09-06,2026-09-11,14,鳴門,一般,４　２５２５１　５３２,2026-08-30,2026-09-04,06,浜名湖,ＧⅢ,３　１２２４１２５６１６,2026-08-12,2026-08-17,02,戸田,一般,６１６　２５６　４６５４,2026-07-31,2026-08-04,13,尼崎,一般,１６３　４４２　３２,2026-06-18,2026-06-23,02,戸田,一般,３２３６１　１５１５１１
202609171902,2026-09-17,19,02R,5013,山下 夏鈴,2026-08-24,2026-08-29,13,尼崎,一般,２　１４２４３　５５１５,2026-07-18,2026-07-23,09,津,ＧⅢ,５　６４５　２　６４４４,2026-07-07,2026-07-12,11,びわこ,一般,４　１１１６２２１３３１,2026-06-18,2026-06-23,02,戸田,一般,４４６　１４３　６１２,2026-06-06,2026-06-10,24,大村,一般,１　１４６３１４１F,3741,松尾 基成,2026-08-30,2026-09-02,21,芦屋,一般,１　６５３６６６,2026-08-15,2026-08-20,18,徳山,一般,６　６５２　５２５　５５,2026-07-29,2026-08-03,22,福岡,一般,３６６　５６,2026-07-15,2026-07-21,12,住之江,一般,６　６６４,2026-07-04,2026-07-09,01,桐生,一般,４　３２４５４　５５２４,4226,村田 浩司,2026-08-30,2026-09-02,21,芦屋,一般,５　５３３１２５,2026-08-15,2026-08-20,18,徳山,一般,６　６１３　６６６　２６,2026-08-04,2026-08-09,10,三国,一般,４１５　４５６　５６４６,2026-07-22,2026-07-27,14,鳴門,一般,５　４６６,2026-07-10,2026-07-13,19,下関,一般,１６１　６６４５,4159,向後 龍一,2026-09-02,2026-09-06,17,宮島,一般,２　１４１６２４１３,2026-08-22,2026-08-26,20,若松,一般,２１２　２３３２[５],2026-08-12,2026-08-17,02,戸田,一般,３　３３３　３２２　[１],2026-07-27,2026-08-01,10,三国,一般,１４４　５４２５１　３３,2026-07-17,2026-07-22,16,児島,ＧⅢ,１５５　１４３　２６４５,3455,谷本 幸司,2026-08-27,2026-08-31,04,平和島,一般,２　４２１５２６２１,2026-08-14,2026-08-19,10,三国,一般,６４３　５３３　４４F,2026-08-03,2026-08-08,17,宮島,一般,３６５　４５５　１３転５,2026-07-24,2026-07-27,02,戸田,一般,２６１５３　４６,2026-07-12,2026-07-16,05,多摩川,一般,５　２２５５５　３５,5451,知念 伶奈,2026-08-09,2026-08-14,23,からつ,一般,６６６　６６６　６６６,2026-07-18,2026-07-21,20,若松,一般,６　５６６　６６,2026-06-03,2026-06-08,21,芦屋,一般,６　６６６　６　６６２,2026-05-01,2026-05-06,23,からつ,一般,６　F６６　６　５　５,,,,,,
202609171903,2026-09-17,19,03R,5227,川原 愛未,2026-08-24,2026-08-29,10,三国,一般,５　４５２　３　４３２３,2026-07-23,2026-07-28,21,芦屋,一般,６５３　６　５５５　６１,2026-07-05,2026-07-09,24,大村,一般,６４５　６１５　６５,2026-06-18,2026-06-21,20,若松,一般,６６６１６　６,2025-09-20,2025-09-24,19,下関,一般,転　５５６　６　２４,3070,山室 展弘,2026-06-15,2026-06-20,21,芦屋,一般,６６６　５,2026-05-27,2026-06-01,08,常滑,一般,５６３　２１１　２４１６,2026-04-27,2026-05-02,18,徳山,一般,５,2026-04-10,2026-04-15,17,宮島,一般,４６１３１１３　１５２２,2026-03-26,2026-03-31,19,下関,一般,３　４５１　２１３　１６,4015,前野 竜一,2026-08-30,2026-09-02,21,芦屋,一般,３１２２F４４,2026-08-15,2026-08-20,18,徳山,一般,１２３５３　３４２５１４,2026-08-07,2026-08-11,15,丸亀,一般,５５４５２５４　３２,2026-07-24,2026-07-27,12,住之江,一般,３　１４３６２４,2026-07-15,2026-07-19,17,宮島,一般,３　３３１２２２[５],3616,中村 真,2026-08-05,2026-08-10,14,鳴門,一般,５４６　４６５　４　１３,2026-07-23,2026-07-28,21,芦屋,一般,３３１　２２２３３３４６,2026-07-07,2026-07-12,10,三国,ＧⅢ,３　３６５５６　５　３,2026-06-25,2026-06-30,01,桐生,ＧⅢ,２４５　６５３　４　３１,2026-06-09,2026-06-13,07,蒲郡,一般,４３６　６２２　２２,4761,山田 晃大,2026-08-27,2026-09-01,07,蒲郡,一般,６４３　３　３１１４１５,2026-08-15,2026-08-20,11,びわこ,一般,５１２５２　５６１　６３,2026-08-04,2026-08-09,12,住之江,一般,１　３１１　１３６２[１],2026-07-28,2026-07-31,24,大村,一般,５１３　１　３４,2026-07-12,2026-07-16,05,多摩川,一般,５５５　１２５　６４,4994,山本 梨菜,2026-08-30,2026-09-04,06,浜名湖,ＧⅢ,３２転４４　１３２　５４,2026-08-18,2026-08-23,16,児島,一般,２１２１３　５４３F２,2026-08-06,2026-08-11,18,徳山,ＧⅠ,５　３１５　エ　６２４,2026-07-28,2026-08-02,15,丸亀,一般,４２５３４５４　１　５,2026-07-19,2026-07-24,22,福岡,ＧⅢ,３５転　２　４２３３４５
202609171904,2026-09-17,19,04R,4857,加藤 翔馬,2026-09-03,2026-09-08,09,津,ＧⅠ,６５３　４　１５３３２,2026-08-21,2026-08-26,03,江戸川,一般,１３４　３１２　１１２３,2026-08-09,2026-08-14,13,尼崎,一般,６３４１２　２３６　落不,2026-07-29,2026-08-03,23,からつ,一般,２４１　１３１１５１[５],2026-07-19,2026-07-24,22,福岡,ＧⅢ,４１６　１５２　３　１２,4300,加藤 綾,2026-08-25,2026-08-30,09,津,一般,１２５　５３２　４５１５,2026-08-12,2026-08-17,24,大村,ＧⅢ,２２３　３２３　２４１３,2026-07-31,2026-08-05,01,桐生,ＧⅢ,１５３６５　３　３２５,2026-07-10,2026-07-15,06,浜名湖,一般,１４２　５５６　１６５,2026-06-18,2026-06-23,02,戸田,一般,６３２　３４５　２　１４,4113,木村 浩士,2026-08-28,2026-09-02,05,多摩川,ＧⅢ,　　　　　　　　５３５エ,2026-08-22,2026-08-26,20,若松,一般,６　４４４　３１５２,2026-08-11,2026-08-16,01,桐生,一般,４４４　３　５４６　３６,2026-08-03,2026-08-08,04,平和島,ＧⅢ,１１４　６４１　４４２５,2026-07-27,2026-08-01,09,津,一般,２３６,4548,篠木 亜衣花,2026-08-25,2026-08-30,09,津,一般,５　４５５　５３６　２３,2026-07-31,2026-08-05,05,多摩川,一般,４３５　６６６　２　２３,2026-06-18,2026-06-23,02,戸田,一般,６　５６５　５６,2026-05-30,2026-06-03,12,住之江,一般,４　５F５　６　６,2026-04-01,2026-04-06,22,福岡,一般,５５４　６　４　４５２,3717,立間 充宏,2026-08-20,2026-08-23,04,平和島,一般,６２４　４４５,2026-08-08,2026-08-13,16,児島,一般,２３１　２４２５２２[５],2026-07-23,2026-07-27,01,桐生,一般,２　３３１１３６３６,2026-07-13,2026-07-18,07,蒲郡,ＧⅡ,４　５　４６４　１２２２,2026-07-03,2026-07-06,09,津,一般,４４２　２６４４,5210,藤井 公人,2026-09-04,2026-09-09,11,びわこ,一般,５F３　３　４　３　５,2026-08-21,2026-08-26,03,江戸川,一般,１　５４３３４　１２３５,2026-08-10,2026-08-15,21,芦屋,一般,６６１　３　２１落欠,2026-07-22,2026-07-26,08,常滑,一般,２５１　４５２４１２,2026-07-10,2026-07-15,22,福岡,一般,６４３　１３１１１３３５
202609171905,2026-09-17,19,05R,4292,麻生 慎介,2026-08-30,2026-09-02,21,芦屋,一般,３４４３４　１１,2026-08-14,2026-08-19,17,宮島,一般,２　１３４６２２１３２１,2026-08-06,2026-08-09,02,戸田,一般,１２３５２F３,2026-07-29,2026-08-01,18,徳山,一般,１２３５２４２１,2026-07-16,2026-07-21,11,びわこ,一般,３３１２４　３６４３２３,3882,新田 智彰,2026-08-26,2026-08-31,11,びわこ,一般,５６１　３６５　１２３,2026-08-13,2026-08-18,12,住之江,一般,６６５　５３３　３　３,2026-07-31,2026-08-05,06,浜名湖,ＧⅢ,５５４　６１３　４　４６,2026-07-18,2026-07-21,20,若松,一般,３　６３３５５４,2026-07-02,2026-07-07,04,平和島,一般,４　６６５　３５３　５２,3212,亀本 勇樹,2026-08-26,2026-08-31,11,びわこ,一般,４　F２４　６　３　５,2026-08-14,2026-08-19,17,宮島,一般,５　１５４　４２２４３,2026-08-05,2026-08-10,09,津,一般,４　５４４　４４,2026-07-20,2026-07-25,15,丸亀,一般,６　５６５　４欠,2026-07-10,2026-07-13,19,下関,一般,６　４４６５１,4700,金子 和之,2026-09-01,2026-09-06,12,住之江,一般,３　４２４　１３２４１３,2026-08-21,2026-08-26,06,浜名湖,一般,１４３　３３３２５４３２,2026-08-08,2026-08-11,05,多摩川,一般,４１１　４４２１,2026-07-27,2026-08-01,09,津,一般,４２２,2026-07-18,2026-07-21,20,若松,一般,４５２　１４２１,4978,山田 和佐,2026-08-25,2026-08-30,09,津,一般,４１１　４　４F３　２,2026-08-14,2026-08-19,17,宮島,一般,１　３３４　１４４３[６],2026-08-03,2026-08-08,04,平和島,ＧⅢ,３　３６３　３欠,2026-07-21,2026-07-26,23,からつ,一般,２４４　４　１１４６１６,2026-07-07,2026-07-12,20,若松,ＧⅢ,４　１５５５３　４　４２,5355,萩原 丈太朗,2026-08-24,2026-08-29,13,尼崎,一般,６　５１１５３　６５１６,2026-08-14,2026-08-19,10,三国,一般,５５５　６６５　５　３５,2026-08-02,2026-08-05,21,芦屋,一般,４　６６４　６２,2026-07-18,2026-07-22,10,三国,一般,４５６　６　６６５,2026-07-03,2026-07-08,12,住之江,一般,６６５　４６５　５　６
202609171906,2026-09-17,19,06R,5281,井上 遥妃,2026-08-06,2026-08-11,18,徳山,ＧⅠ,２　２４４　４　１４６,2026-07-19,2026-07-24,22,福岡,ＧⅢ,１５４　１２３　４　１４,2026-07-07,2026-07-12,11,びわこ,一般,５２１１５１３５２５１２,2026-06-24,2026-06-29,12,住之江,一般,２６４　１１１　２３２１,2026-06-15,2026-06-20,21,芦屋,一般,４６１１２　２６２６１５,4099,吉永 則雄,2026-08-29,2026-09-03,16,児島,一般,４１３６５　２５１　５５,2026-08-17,2026-08-20,20,若松,一般,１　３５１６１５,2026-08-05,2026-08-10,09,津,一般,２２２３５　３　４２[５],2026-07-22,2026-07-27,14,鳴門,一般,２３３３４　１４２　３２,2026-07-10,2026-07-15,23,からつ,一般,６６３　５６,3361,岡部 浩,2026-08-29,2026-09-03,16,児島,一般,４　１５６　３５５６４,2026-08-17,2026-08-20,20,若松,一般,５４２５４　２欠,2026-08-05,2026-08-10,14,鳴門,一般,２１４　５１３　１５５５,2026-07-18,2026-07-21,04,平和島,一般,４　６６５５１,2026-07-04,2026-07-09,18,徳山,一般,５６４　５６６　３　５６,3606,川北 浩貴,2026-08-28,2026-08-31,23,からつ,一般,５　４３３３４２,2026-08-15,2026-08-20,11,びわこ,一般,４４４　２５２　６２１,2026-08-03,2026-08-08,17,宮島,一般,５　６４２　５４３４４,2026-07-24,2026-07-27,06,浜名湖,一般,３１４　２１[４],2026-07-07,2026-07-12,08,常滑,一般,４　１４２３４５５　５４,4054,福嶋 智之,2026-08-21,2026-08-24,07,蒲郡,一般,５６３　２転３５,2026-08-08,2026-08-13,16,児島,一般,４転６　４　１４３　２５,2026-07-24,2026-07-27,02,戸田,一般,６４５　１　３４,2026-07-11,2026-07-16,03,江戸川,一般,４６３　３３１３５　４,2026-06-30,2026-07-04,19,下関,一般,１　６２４６２６５４,4339,平瀬 城啓,2026-08-27,2026-08-31,04,平和島,一般,６６６　３　４２６６,2026-08-14,2026-08-19,10,三国,一般,５５３　３１３　５１５４,2026-08-05,2026-08-10,09,津,一般,１　４４３２５　３６１４,2026-07-22,2026-07-26,13,尼崎,一般,４　４　５４３３４４,2026-07-09,2026-07-13,14,鳴門,一般,４　５６６　６４５
202609171907,2026-09-17,19,07R,4994,山本 梨菜,2026-08-30,2026-09-04,06,浜名湖,ＧⅢ,３２転４４　１３２　５４,2026-08-18,2026-08-23,16,児島,一般,２１２１３　５４３F２,2026-08-06,2026-08-11,18,徳山,ＧⅠ,５　３１５　エ　６２４,2026-07-28,2026-08-02,15,丸亀,一般,４２５３４５４　１　５,2026-07-19,2026-07-24,22,福岡,ＧⅢ,３５転　２　４２３３４５,5212,西川 拓利,2026-09-04,2026-09-09,11,びわこ,一般,２　１２４６２３１２[２],2026-08-21,2026-08-24,07,蒲郡,一般,２５５１１１２,2026-08-10,2026-08-15,21,芦屋,一般,３４１１１５６　２２[１],2026-07-30,2026-08-04,08,常滑,一般,３１２４３５３　１４２５,2026-07-19,2026-07-24,22,福岡,ＧⅢ,６　３６６　３３２４３,5409,宮本 琉正,2026-08-12,2026-08-17,22,福岡,一般,６　４６５　６６６４５,2026-08-02,2026-08-05,21,芦屋,一般,５　１３２６２１,2026-07-18,2026-07-21,20,若松,一般,　　　　　　６５,2026-07-10,2026-07-15,22,福岡,一般,５　３６４　６５６　６６,2026-06-25,2026-06-29,21,芦屋,一般,５　４６６　６４５,3741,松尾 基成,2026-08-30,2026-09-02,21,芦屋,一般,１　６５３６６６,2026-08-15,2026-08-20,18,徳山,一般,６　６５２　５２５　５５,2026-07-29,2026-08-03,22,福岡,一般,３６６　５６,2026-07-15,2026-07-21,12,住之江,一般,６　６６４,2026-07-04,2026-07-09,01,桐生,一般,４　３２４５４　５５２４,5412,久保田 凪紗,2026-08-09,2026-08-14,23,からつ,一般,６２６　５５６　６４６,2026-07-25,2026-07-29,20,若松,一般,４　５５５６５　転６,2026-07-18,2026-07-21,20,若松,一般,４６５６６　６,2026-06-26,2026-07-01,17,宮島,一般,６５６　６５５　４６６,2026-06-21,2026-06-24,19,下関,一般,６　５６６　６５,5013,山下 夏鈴,2026-08-24,2026-08-29,13,尼崎,一般,２　１４２４３　５５１５,2026-07-18,2026-07-23,09,津,ＧⅢ,５　６４５　２　６４４４,2026-07-07,2026-07-12,11,びわこ,一般,４　１１１６２２１３３１,2026-06-18,2026-06-23,02,戸田,一般,４４６　１４３　６１２,2026-06-06,2026-06-10,24,大村,一般,１　１４６３１４１F
202609171908,2026-09-17,19,08R,4761,山田 晃大,2026-08-27,2026-09-01,07,蒲郡,一般,６４３　３　３１１４１５,2026-08-15,2026-08-20,11,びわこ,一般,５１２５２　５６１　６３,2026-08-04,2026-08-09,12,住之江,一般,１　３１１　１３６２[１],2026-07-28,2026-07-31,24,大村,一般,５１３　１　３４,2026-07-12,2026-07-16,05,多摩川,一般,５５５　１２５　６４,4548,篠木 亜衣花,2026-08-25,2026-08-30,09,津,一般,５　４５５　５３６　２３,2026-07-31,2026-08-05,05,多摩川,一般,４３５　６６６　２　２３,2026-06-18,2026-06-23,02,戸田,一般,６　５６５　５６,2026-05-30,2026-06-03,12,住之江,一般,４　５F５　６　６,2026-04-01,2026-04-06,22,福岡,一般,５５４　６　４　４５２,3717,立間 充宏,2026-08-20,2026-08-23,04,平和島,一般,６２４　４４５,2026-08-08,2026-08-13,16,児島,一般,２３１　２４２５２２[５],2026-07-23,2026-07-27,01,桐生,一般,２　３３１１３６３６,2026-07-13,2026-07-18,07,蒲郡,ＧⅡ,４　５　４６４　１２２２,2026-07-03,2026-07-06,09,津,一般,４４２　２６４４,4900,中田 夕貴,2026-09-06,2026-09-11,14,鳴門,一般,４　２５２５１　５３２,2026-08-30,2026-09-04,06,浜名湖,ＧⅢ,３　１２２４１２５６１６,2026-08-12,2026-08-17,02,戸田,一般,６１６　２５６　４６５４,2026-07-31,2026-08-04,13,尼崎,一般,１６３　４４２　３２,2026-06-18,2026-06-23,02,戸田,一般,３２３６１　１５１５１１,5451,知念 伶奈,2026-08-09,2026-08-14,23,からつ,一般,６６６　６６６　６６６,2026-07-18,2026-07-21,20,若松,一般,６　５６６　６６,2026-06-03,2026-06-08,21,芦屋,一般,６　６６６　６　６６２,2026-05-01,2026-05-06,23,からつ,一般,６　F６６　６　５　５,,,,,,,4159,向後 龍一,2026-09-02,2026-09-06,17,宮島,一般,２　１４１６２４１３,2026-08-22,2026-08-26,20,若松,一般,２１２　２３３２[５],2026-08-12,2026-08-17,02,戸田,一般,３　３３３　３２２　[１],2026-07-27,2026-08-01,10,三国,一般,１４４　５４２５１　３３,2026-07-17,2026-07-22,16,児島,ＧⅢ,１５５　１４３　２６４５
202609171909,2026-09-17,19,09R,5210,藤井 公人,2026-09-04,2026-09-09,11,びわこ,一般,５F３　３　４　３　５,2026-08-21,2026-08-26,03,江戸川,一般,１　５４３３４　１２３５,2026-08-10,2026-08-15,21,芦屋,一般,６６１　３　２１落欠,2026-07-22,2026-07-26,08,常滑,一般,２５１　４５２４１２,2026-07-10,2026-07-15,22,福岡,一般,６４３　１３１１１３３５,4226,村田 浩司,2026-08-30,2026-09-02,21,芦屋,一般,５　５３３１２５,2026-08-15,2026-08-20,18,徳山,一般,６　６１３　６６６　２６,2026-08-04,2026-08-09,10,三国,一般,４１５　４５６　５６４６,2026-07-22,2026-07-27,14,鳴門,一般,５　４６６,2026-07-10,2026-07-13,19,下関,一般,１６１　６６４５,3616,中村 真,2026-08-05,2026-08-10,14,鳴門,一般,５４６　４６５　４　１３,2026-07-23,2026-07-28,21,芦屋,一般,３３１　２２２３３３４６,2026-07-07,2026-07-12,10,三国,ＧⅢ,３　３６５５６　５　３,2026-06-25,2026-06-30,01,桐生,ＧⅢ,２４５　６５３　４　３１,2026-06-09,2026-06-13,07,蒲郡,一般,４３６　６２２　２２,4113,木村 浩士,2026-08-28,2026-09-02,05,多摩川,ＧⅢ,　　　　　　　　５３５エ,2026-08-22,2026-08-26,20,若松,一般,６　４４４　３１５２,2026-08-11,2026-08-16,01,桐生,一般,４４４　３　５４６　３６,2026-08-03,2026-08-08,04,平和島,ＧⅢ,１１４　６４１　４４２５,2026-07-27,2026-08-01,09,津,一般,２３６,4015,前野 竜一,2026-08-30,2026-09-02,21,芦屋,一般,３１２２F４４,2026-08-15,2026-08-20,18,徳山,一般,１２３５３　３４２５１４,2026-08-07,2026-08-11,15,丸亀,一般,５５４５２５４　３２,2026-07-24,2026-07-27,12,住之江,一般,３　１４３６２４,2026-07-15,2026-07-19,17,宮島,一般,３　３３１２２２[５],4700,金子 和之,2026-09-01,2026-09-06,12,住之江,一般,３　４２４　１３２４１３,2026-08-21,2026-08-26,06,浜名湖,一般,１４３　３３３２５４３２,2026-08-08,2026-08-11,05,多摩川,一般,４１１　４４２１,2026-07-27,2026-08-01,09,津,一般,４２２,2026-07-18,2026-07-21,20,若松,一般,４５２　１４２１
202609171910,2026-09-17,19,10R,4978,山田 和佐,2026-08-25,2026-08-30,09,津,一般,４１１　４　４F３　２,2026-08-14,2026-08-19,17,宮島,一般,１　３３４　１４４３[６],2026-08-03,2026-08-08,04,平和島,ＧⅢ,３　３６３　３欠,2026-07-21,2026-07-26,23,からつ,一般,２４４　４　１１４６１６,2026-07-07,2026-07-12,20,若松,ＧⅢ,４　１５５５３　４　４２,4857,加藤 翔馬,2026-09-03,2026-09-08,09,津,ＧⅠ,６５３　４　１５３３２,2026-08-21,2026-08-26,03,江戸川,一般,１３４　３１２　１１２３,2026-08-09,2026-08-14,13,尼崎,一般,６３４１２　２３６　落不,2026-07-29,2026-08-03,23,からつ,一般,２４１　１３１１５１[５],2026-07-19,2026-07-24,22,福岡,ＧⅢ,４１６　１５２　３　１２,3606,川北 浩貴,2026-08-28,2026-08-31,23,からつ,一般,５　４３３３４２,2026-08-15,2026-08-20,11,びわこ,一般,４４４　２５２　６２１,2026-08-03,2026-08-08,17,宮島,一般,５　６４２　５４３４４,2026-07-24,2026-07-27,06,浜名湖,一般,３１４　２１[４],2026-07-07,2026-07-12,08,常滑,一般,４　１４２３４５５　５４,3070,山室 展弘,2026-06-15,2026-06-20,21,芦屋,一般,６６６　５,2026-05-27,2026-06-01,08,常滑,一般,５６３　２１１　２４１６,2026-04-27,2026-05-02,18,徳山,一般,５,2026-04-10,2026-04-15,17,宮島,一般,４６１３１１３　１５２２,2026-03-26,2026-03-31,19,下関,一般,３　４５１　２１３　１６,3882,新田 智彰,2026-08-26,2026-08-31,11,びわこ,一般,５６１　３６５　１２３,2026-08-13,2026-08-18,12,住之江,一般,６６５　５３３　３　３,2026-07-31,2026-08-05,06,浜名湖,ＧⅢ,５５４　６１３　４　４６,2026-07-18,2026-07-21,20,若松,一般,３　６３３５５４,2026-07-02,2026-07-07,04,平和島,一般,４　６６５　３５３　５２,4300,加藤 綾,2026-08-25,2026-08-30,09,津,一般,１２５　５３２　４５１５,2026-08-12,2026-08-17,24,大村,ＧⅢ,２２３　３２３　２４１３,2026-07-31,2026-08-05,01,桐生,ＧⅢ,１５３６５　３　３２５,2026-07-10,2026-07-15,06,浜名湖,一般,１４２　５５６　１６５,2026-06-18,2026-06-23,02,戸田,一般,６３２　３４５　２　１４
202609171911,2026-09-17,19,11R,3455,谷本 幸司,2026-08-27,2026-08-31,04,平和島,一般,２　４２１５２６２１,2026-08-14,2026-08-19,10,三国,一般,６４３　５３３　４４F,2026-08-03,2026-08-08,17,宮島,一般,３６５　４５５　１３転５,2026-07-24,2026-07-27,02,戸田,一般,２６１５３　４６,2026-07-12,2026-07-16,05,多摩川,一般,５　２２５５５　３５,5281,井上 遥妃,2026-08-06,2026-08-11,18,徳山,ＧⅠ,２　２４４　４　１４６,2026-07-19,2026-07-24,22,福岡,ＧⅢ,１５４　１２３　４　１４,2026-07-07,2026-07-12,11,びわこ,一般,５２１１５１３５２５１２,2026-06-24,2026-06-29,12,住之江,一般,２６４　１１１　２３２１,2026-06-15,2026-06-20,21,芦屋,一般,４６１１２　２６２６１５,4292,麻生 慎介,2026-08-30,2026-09-02,21,芦屋,一般,３４４３４　１１,2026-08-14,2026-08-19,17,宮島,一般,２　１３４６２２１３２１,2026-08-06,2026-08-09,02,戸田,一般,１２３５２F３,2026-07-29,2026-08-01,18,徳山,一般,１２３５２４２１,2026-07-16,2026-07-21,11,びわこ,一般,３３１２４　３６４３２３,5212,西川 拓利,2026-09-04,2026-09-09,11,びわこ,一般,２　１２４６２３１２[２],2026-08-21,2026-08-24,07,蒲郡,一般,２５５１１１２,2026-08-10,2026-08-15,21,芦屋,一般,３４１１１５６　２２[１],2026-07-30,2026-08-04,08,常滑,一般,３１２４３５３　１４２５,2026-07-19,2026-07-24,22,福岡,ＧⅢ,６　３６６　３３２４３,4099,吉永 則雄,2026-08-29,2026-09-03,16,児島,一般,４１３６５　２５１　５５,2026-08-17,2026-08-20,20,若松,一般,１　３５１６１５,2026-08-05,2026-08-10,09,津,一般,２２２３５　３　４２[５],2026-07-22,2026-07-27,14,鳴門,一般,２３３３４　１４２　３２,2026-07-10,2026-07-15,23,からつ,一般,６６３　５６,5227,川原 愛未,2026-08-24,2026-08-29,10,三国,一般,５　４５２　３　４３２３,2026-07-23,2026-07-28,21,芦屋,一般,６５３　６　５５５　６１,2026-07-05,2026-07-09,24,大村,一般,６４５　６１５　６５,2026-06-18,2026-06-21,20,若松,一般,６６６１６　６,2025-09-20,2025-09-24,19,下関,一般,転　５５６　６　２４
202609171912,2026-09-17,19,12R,3898,平田 忠則,2026-09-01,2026-09-05,13,尼崎,一般,１２２１１２２１[１],2026-08-22,2026-08-26,20,若松,一般,２２１　３１１１[２],2026-08-12,2026-08-17,22,福岡,一般,１３２６１１２　２２[３],2026-08-03,2026-08-08,04,平和島,ＧⅢ,１１１３１　２１４１[１],2026-07-23,2026-07-28,21,芦屋,一般,１２１１６　１２３１[２],4276,鈴木 勝博,2026-08-22,2026-08-27,22,福岡,一般,１２２１１２２　４１[１],2026-08-10,2026-08-15,08,常滑,一般,５６６,2026-07-24,2026-07-29,17,宮島,一般,１４３６１　４１４６１１,2026-07-13,2026-07-18,07,蒲郡,ＧⅡ,４　５　５６４５１　２,2026-07-05,2026-07-09,24,大村,一般,３　５５３２,5216,長谷川 晴哉,2026-09-04,2026-09-09,11,びわこ,一般,３１１　１４１４２３４４,2026-08-21,2026-08-24,07,蒲郡,一般,２２２１４６１２,2026-08-11,2026-08-16,01,桐生,一般,３　１３１４３　２　[５],2026-07-31,2026-08-05,05,多摩川,一般,６５４４１４２　５　６５,2026-07-18,2026-07-23,09,津,ＧⅢ,２２４　４　１６６　６３,5111,三村 岳人,2026-09-03,2026-09-06,02,戸田,一般,１　１１４３[６],2026-08-22,2026-08-26,20,若松,一般,５２６　４１４　３４,2026-08-08,2026-08-13,16,児島,一般,６　２６２　２２１５１１,2026-07-29,2026-08-03,23,からつ,一般,５６５　４１５　１　１１,2026-07-22,2026-07-25,24,大村,一般,３　３１２３５１,3912,川原 正明,2026-08-28,2026-09-02,05,多摩川,ＧⅢ,３　３２５４４　６２１３,2026-08-17,2026-08-20,20,若松,一般,１　１３２６６１,2026-08-03,2026-08-08,04,平和島,ＧⅢ,２４１　２５６　１６５,2026-07-22,2026-07-26,13,尼崎,一般,２５１　６４１　１５,2026-07-09,2026-07-13,16,児島,一般,５１５１２　１３１４,5064,品川 二千翔,2026-09-04,2026-09-08,07,蒲郡,一般,３１２　４１１２[３],2026-08-26,2026-08-31,11,びわこ,一般,３４１　２１３１３２[３],2026-08-11,2026-08-16,19,下関,一般,４２１５４　３２５３３４,2026-07-19,2026-07-24,22,福岡,ＧⅢ,５１６　４　２５３１３５,2026-07-11,2026-07-14,04,平和島,一般,３１１１１　[１]
202609172201,2026-09-17,22,01R,4089,妹尾 忠幸,2026-09-01,2026-09-04,24,大村,一般,３　２１４２[３],2026-08-20,2026-08-23,02,戸田,一般,３３３５４　４,2026-08-08,2026-08-13,16,児島,一般,１２４３３　２４２４５１,2026-07-31,2026-08-03,20,若松,一般,３３１５４４３２,2026-07-22,2026-07-26,13,尼崎,一般,４３２　１４３２[４],4693,松下 誉士,2026-09-04,2026-09-08,07,蒲郡,一般,１２１６５　４５２３,2026-08-21,2026-08-26,03,江戸川,一般,２　２６２　４２５　４２,2026-08-05,2026-08-10,09,津,一般,５　３６３　６５６　６５,2026-07-15,2026-07-20,18,徳山,一般,４４１　６６５　３　５４,2026-06-29,2026-07-04,08,常滑,一般,５４３　５４５　６　４４,4951,新田 洋一,2026-08-31,2026-09-05,18,徳山,一般,転５１　２５６　５３６,2026-08-17,2026-08-21,13,尼崎,一般,３５６　５３４　２,2026-08-03,2026-08-08,17,宮島,一般,４３２　５４５　５３２３,2026-06-25,2026-06-29,21,芦屋,一般,３４６　６５３　６６,2026-06-16,2026-06-21,09,津,一般,４３４　１１５　１３２１,4592,小林 孝弘,2026-08-30,2026-09-03,08,常滑,一般,４６３　５４４　６２,2026-08-15,2026-08-20,18,徳山,一般,５　５３５　１６３　３４,2026-07-29,2026-08-03,23,からつ,一般,６　５３５　６５６１３,2026-07-18,2026-07-22,10,三国,一般,２　３４３５２　５２,2026-07-05,2026-07-09,24,大村,一般,４　２６６　３　３４,3863,海老澤 泰行,2026-08-26,2026-08-30,14,鳴門,一般,４　６３５　５　２４,2026-08-15,2026-08-20,05,多摩川,一般,４　２５２　３４４１４２,2026-08-03,2026-08-08,19,下関,一般,４４５　４５２　２２３２,2026-07-24,2026-07-27,12,住之江,一般,３４６　４５４,2026-07-07,2026-07-12,20,若松,ＧⅢ,２　４５４　１６５　２４,5418,堀内 亜海,2026-08-24,2026-08-29,10,三国,一般,６　６　６６６　６　６６,2026-07-27,2026-07-31,19,下関,一般,６　６６６　６　６６,2026-07-03,2026-07-08,13,尼崎,一般,６　６６６　６５６　６,2026-05-19,2026-05-24,08,常滑,一般,５　６６６　６６６６６,2026-05-11,2026-05-14,12,住之江,一般,６　６F６　５
202609172202,2026-09-17,22,02R,3807,岡部 哲,2026-08-26,2026-08-31,11,びわこ,一般,３　４６１４３　３５５,2026-08-12,2026-08-17,02,戸田,一般,３　２５４　５６２１３５,2026-08-02,2026-08-05,21,芦屋,一般,２　４３２３４２,2026-07-19,2026-07-23,05,多摩川,一般,６５３　３１４５３,2026-07-07,2026-07-12,10,三国,ＧⅢ,５　３６１　３５３５１,4948,木場 悠介,2026-08-22,2026-08-27,08,常滑,ＧⅢ,１　５４２４４　２５６２,2026-08-06,2026-08-10,24,大村,一般,１４５５４　３５４４,2026-07-23,2026-07-27,01,桐生,一般,１４５　１５１２[５],2026-07-11,2026-07-14,04,平和島,一般,４　３５２５３２,2026-06-26,2026-07-02,24,大村,一般,１６２　２４４２４　２５２６,4813,宮内 直哉,2026-08-25,2026-08-30,17,宮島,一般,４４５　３６４　６４４,2026-08-11,2026-08-16,04,平和島,一般,３　２５５３６　３４１,2026-07-19,2026-07-23,05,多摩川,一般,５　６　３６３１２４,2026-06-11,2026-06-15,20,若松,一般,２　５５３４４　４３,2026-05-25,2026-05-31,03,江戸川,一般,４　４６５　３４４　４　１３,4590,渡邉 優美,2026-08-06,2026-08-11,18,徳山,ＧⅠ,３４２　２５４　６　転４,2026-07-28,2026-08-02,11,びわこ,ＳＧ,６　２　６５５　２５４,2026-07-13,2026-07-18,13,尼崎,ＧⅢ,２３１　２３６２１３４２,2026-07-03,2026-07-08,12,住之江,一般,１４５　２１３１４F３,2026-06-17,2026-06-22,24,大村,ＧⅡ,４　２１４　５　２１３５,4685,島村 隆幸,2026-09-03,2026-09-08,10,三国,一般,１１４４２２１　３５２５,2026-08-25,2026-08-30,01,桐生,ＳＧ,３６１　３　５４３　４,2026-07-07,2026-07-12,02,戸田,ＧⅡ,５５３　１２３　３　４２,2026-06-26,2026-07-01,17,宮島,一般,２２３１１１３　５１[１],2026-06-17,2026-06-22,24,大村,ＧⅡ,２３３　４　５１１３３,5404,内田 壮,2026-08-27,2026-09-01,07,蒲郡,一般,６　５６F　５６６　６,2026-08-19,2026-08-24,19,下関,一般,４５５　６５６５５　６,2026-08-11,2026-08-16,19,下関,一般,２　５５４　４３６　６３,2026-07-30,2026-08-04,08,常滑,一般,５４３　５３５　４５５,2026-07-18,2026-07-22,10,三国,一般,３　５転６　６　５５
202609172203,2026-09-17,22,03R,3696,白井 友晴,2026-08-27,2026-08-31,04,平和島,一般,３５１　４４２　５４,2026-08-12,2026-08-17,02,戸田,一般,５５３　２５２　３２５４,2026-08-03,2026-08-08,19,下関,一般,４３４　２６３　１３１２,2026-07-22,2026-07-26,08,常滑,一般,４４２４２　６５３６,2026-07-03,2026-07-06,09,津,一般,６６６　４　２４,4248,岡本 大,2026-08-30,2026-09-03,08,常滑,一般,３２４　４６３４３,2026-08-17,2026-08-20,20,若松,一般,６２５　２　３５,2026-08-06,2026-08-10,24,大村,一般,６６５４４　２　５６,2026-07-21,2026-07-26,23,からつ,一般,５２５　５４４　５４６,2026-07-09,2026-07-14,15,丸亀,一般,１　１６１４２６４２[６],3554,仲口 博崇,2026-08-31,2026-09-05,20,若松,ＧⅢ,６４３３２　６１２３２５,2026-08-21,2026-08-24,07,蒲郡,一般,２５１３２１[５],2026-08-10,2026-08-15,08,常滑,一般,３５１１１２１５４２[２],2026-07-27,2026-07-31,19,下関,一般,３５２２２２５２[５],2026-07-17,2026-07-20,02,戸田,一般,１６１４２２２１,3614,谷 勝幸,2026-08-26,2026-08-31,11,びわこ,一般,５　３３５　４５５　６４,2026-08-14,2026-08-19,17,宮島,一般,１３２　５３４　５６４４,2026-08-03,2026-08-08,19,下関,一般,２　２５３５３　５５６４,2026-07-20,2026-07-25,15,丸亀,一般,２１１　４６３　４６４６,2026-07-07,2026-07-12,10,三国,ＧⅢ,５６４　２４２　６２５,3801,五反田 忍,2026-08-30,2026-09-04,06,浜名湖,ＧⅢ,５　６６４　５６３　転６,2026-07-19,2026-07-24,19,下関,ＧⅢ,２　１３１６２４３３６６,2026-07-03,2026-07-08,12,住之江,一般,２　１６６　６４５　１６,2026-06-12,2026-06-17,22,福岡,ＧⅢ,６　３６４　６５６　１５,2026-05-16,2026-05-21,17,宮島,一般,４　４１５　４５３５３,3605,中村 守成,2026-08-30,2026-09-03,08,常滑,一般,４　４４５５４　３,2026-08-15,2026-08-20,09,津,一般,６　４５５　２５５　６,2026-08-06,2026-08-09,02,戸田,一般,４　３４１３２５,2026-07-22,2026-07-26,13,尼崎,一般,３　５５４　５１６,2026-07-10,2026-07-14,09,津,一般,４　２５５４４　５５
202609172204,2026-09-17,22,04R,3769,佐竹 恒彦,2026-08-31,2026-09-05,20,若松,ＧⅢ,３６５３５　２５２　２３,2026-08-15,2026-08-20,11,びわこ,一般,４　３４１４５　１４５,2026-08-08,2026-08-11,05,多摩川,一般,２　４３４４３６,2026-07-24,2026-07-27,12,住之江,一般,４　４４６４３,2026-07-15,2026-07-19,08,常滑,一般,４　３５１４４６１,5151,山下 奈緒,2026-08-30,2026-09-04,06,浜名湖,ＧⅢ,５　４３２　４５６５５,2026-08-15,2026-08-20,11,びわこ,一般,２５４　５１６　５５５,2026-07-19,2026-07-24,19,下関,ＧⅢ,４４６　５５２４１　４,2026-07-09,2026-07-13,16,児島,一般,５６５　６　５　５,2026-06-24,2026-06-29,12,住之江,一般,３２２　５４１　３１[６],3841,佐々木 和伸,2026-09-01,2026-09-04,24,大村,一般,４２１６２５１３,2026-08-20,2026-08-25,21,芦屋,一般,１　５６３２４４１　５２,2026-08-05,2026-08-10,14,鳴門,一般,１１３４３　５２１３４１,2026-07-25,2026-07-29,20,若松,一般,３１１２４　１４３２,2026-07-15,2026-07-20,18,徳山,一般,５２３５１　２５２１３２,5392,安武 一也,2026-08-24,2026-08-28,15,丸亀,一般,６　６　５５６　５６,2026-08-10,2026-08-15,21,芦屋,一般,４　６６６　６４６　５,2026-07-29,2026-08-03,23,からつ,一般,６　６５５　５６４６４,2026-07-18,2026-07-21,20,若松,一般,　　　　　　４６,2026-07-10,2026-07-15,22,福岡,一般,６　６５６　４６５　３３,4823,中村 桃佳,2026-08-06,2026-08-11,18,徳山,ＧⅠ,５２５　２　５４１　１,2026-07-28,2026-08-02,15,丸亀,一般,５　１４３５１４３５２３,2026-07-14,2026-07-19,21,芦屋,一般,３　１６５４６４４　２５,2026-07-01,2026-07-06,07,蒲郡,一般,２　３２１　F２３　３,2026-06-19,2026-06-24,11,びわこ,一般,１５３３５１４１３４１３,5428,古園井 綾南,2026-08-09,2026-08-14,23,からつ,一般,６　６６６　６６６　６,2026-07-09,2026-07-13,14,鳴門,一般,６　６６６　６６６,2026-06-01,2026-06-05,19,下関,一般,６　６６６　６　６６,2026-05-01,2026-05-06,23,からつ,一般,６　６６６　エ６F　６,2026-04-20,2026-04-25,22,福岡,一般,転　６　６６６　６６５
202609172205,2026-09-17,22,05R,4553,坪口 竜也,2026-09-01,2026-09-04,24,大村,一般,２５４欠,2026-08-21,2026-08-26,06,浜名湖,一般,３４１３３　１１１２[６],2026-08-06,2026-08-10,24,大村,一般,３３２　２５２３２１,2026-07-27,2026-07-31,19,下関,一般,２　２３１３３３３４,2026-07-18,2026-07-21,04,平和島,一般,５５２　６２２,5386,米玉利 大悟,2026-08-25,2026-08-30,17,宮島,一般,５６１　１４１　６６６６,2026-08-16,2026-08-19,14,鳴門,一般,６５６　５　５６,2026-08-09,2026-08-14,13,尼崎,一般,６　６４４　５５４　３,2026-07-31,2026-08-04,13,尼崎,一般,６　３６１　４落転５,2026-07-15,2026-07-19,08,常滑,一般,３　４６５　５２１４,5395,日高 龍之介,2026-08-21,2026-08-24,07,蒲郡,一般,４５４　５２１２,2026-08-06,2026-08-10,24,大村,一般,２　６１４３４　３１,2026-07-21,2026-07-26,23,からつ,一般,６　５６４６４　６５５,2026-07-09,2026-07-14,15,丸亀,一般,５　３５６　４６６　６３,2026-06-01,2026-06-04,24,大村,一般,５５　　６　３５,4856,豊田 健士郎,2026-09-03,2026-09-08,09,津,ＧⅠ,２　２３２　３６２３２,2026-08-26,2026-08-30,14,鳴門,一般,１６２１２３２６２２,2026-08-15,2026-08-20,09,津,一般,１２３　１１１２１１[２],2026-08-08,2026-08-11,05,多摩川,一般,２２５２６５１,2026-07-27,2026-07-31,19,下関,一般,２２３１２　３１[４],4914,吉田 裕平,2026-09-04,2026-09-08,07,蒲郡,一般,２１２２２１４３１１,2026-07-28,2026-08-02,11,びわこ,ＳＧ,１４５　１　４２６　１５,2026-07-18,2026-07-23,09,津,ＧⅢ,３　２３１１１　１　[２],2026-07-07,2026-07-12,20,若松,ＧⅢ,１５５　４２１１１５４１,2026-06-23,2026-06-28,14,鳴門,ＳＧ,２５６　４　１６５１６,5462,山浦 槙,2026-08-09,2026-08-14,23,からつ,一般,４　６６５　５５５　６,2026-07-09,2026-07-13,14,鳴門,一般,４５６　３　６６６４,2026-06-26,2026-07-01,17,宮島,一般,６　６６６　６５５６５,2026-06-01,2026-06-05,19,下関,一般,５　６６６　６　６６,2026-05-01,2026-05-06,23,からつ,一般,６　５　６６４６５５５
202609172206,2026-09-17,22,06R,4925,森 悠稀,2026-08-30,2026-09-03,08,常滑,一般,２３１４１　２６１５,2026-08-20,2026-08-23,23,からつ,一般,６　５５,2026-08-09,2026-08-14,13,尼崎,一般,４　５２３１２　５　１３,2026-07-31,2026-08-04,13,尼崎,一般,２３４　１４３３２２,2026-07-27,2026-08-01,09,津,一般,３　２,4475,末永 祐輝,2026-09-01,2026-09-06,12,住之江,一般,１６３　２２１３１１[５],2026-08-21,2026-08-26,03,江戸川,一般,３５４　５４２　５３F,2026-08-11,2026-08-16,19,下関,一般,２６４３３１３　２３１２,2026-07-29,2026-08-03,23,からつ,一般,６１３３３　４４１４４４,2026-07-22,2026-07-25,24,大村,一般,４１５３２３２５,4948,木場 悠介,2026-08-22,2026-08-27,08,常滑,ＧⅢ,１　５４２４４　２５６２,2026-08-06,2026-08-10,24,大村,一般,１４５５４　３５４４,2026-07-23,2026-07-27,01,桐生,一般,１４５　１５１２[５],2026-07-11,2026-07-14,04,平和島,一般,４　３５２５３２,2026-06-26,2026-07-02,24,大村,一般,１６２　２４４２４　２５２６,4505,島田 賢人,2026-09-03,2026-09-06,02,戸田,一般,２６２２３２２１,2026-08-16,2026-08-19,14,鳴門,一般,４５１転２　１３,2026-08-05,2026-08-10,09,津,一般,１４１　６３４２１３１３,2026-07-27,2026-08-01,10,三国,一般,２　４２４６１２１３３１,2026-07-13,2026-07-18,07,蒲郡,ＧⅡ,１３３　２　６６３３２,5418,堀内 亜海,2026-08-24,2026-08-29,10,三国,一般,６　６　６６６　６　６６,2026-07-27,2026-07-31,19,下関,一般,６　６６６　６　６６,2026-07-03,2026-07-08,13,尼崎,一般,６　６６６　６５６　６,2026-05-19,2026-05-24,08,常滑,一般,５　６６６　６６６６６,2026-05-11,2026-05-14,12,住之江,一般,６　６F６　５,3615,横田 茂,2026-08-27,2026-08-31,04,平和島,一般,５　５５６　３　６,2026-08-14,2026-08-19,17,宮島,一般,３　４４５　６１６３３,2026-08-03,2026-08-08,19,下関,一般,１５２　１４４　５２[６],2026-07-21,2026-07-26,23,からつ,一般,２３４　６５５　２　５３,2026-07-09,2026-07-13,14,鳴門,一般,５６３　１４５　２４
202609172207,2026-09-17,22,07R,5050,木下 雄介,2026-08-28,2026-09-02,05,多摩川,ＧⅢ,６６１　２６１６４　５５,2026-08-15,2026-08-20,11,びわこ,一般,６　１２１６６３１４３１,2026-08-03,2026-08-08,19,下関,一般,５１１　３３６　５１[４],2026-07-25,2026-07-29,20,若松,一般,２３４４１　５３２１,2026-07-15,2026-07-19,08,常滑,一般,１２３　１６１２[６],4813,宮内 直哉,2026-08-25,2026-08-30,17,宮島,一般,４４５　３６４　６４４,2026-08-11,2026-08-16,04,平和島,一般,３　２５５３６　３４１,2026-07-19,2026-07-23,05,多摩川,一般,５　６　３６３１２４,2026-06-11,2026-06-15,20,若松,一般,２　５５３４４　４３,2026-05-25,2026-05-31,03,江戸川,一般,４　４６５　３４４　４　１３,4693,松下 誉士,2026-09-04,2026-09-08,07,蒲郡,一般,１２１６５　４５２３,2026-08-21,2026-08-26,03,江戸川,一般,２　２６２　４２５　４２,2026-08-05,2026-08-10,09,津,一般,５　３６３　６５６　６５,2026-07-15,2026-07-20,18,徳山,一般,４４１　６６５　３　５４,2026-06-29,2026-07-04,08,常滑,一般,５４３　５４５　６　４４,4059,入澤 友治,2026-06-09,2026-06-13,07,蒲郡,一般,４６４F６　６　５,2026-05-28,2026-06-02,01,桐生,一般,４５６　４３５　２３,2026-05-14,2026-05-19,02,戸田,一般,２３４　１４３３５６２５,2026-05-03,2026-05-08,04,平和島,一般,６　５２３　６３４F２,2026-04-09,2026-04-15,15,丸亀,一般,６　２６５２５　５６６　６２,4614,石倉 洋行,2026-08-29,2026-09-03,16,児島,一般,１３１２３１２　５１[１],2026-07-23,2026-07-28,03,江戸川,ＧⅢ,２２１　４３１　２　[１],2026-07-14,2026-07-19,01,桐生,一般,４　１５１２３　１３３２,2026-07-02,2026-07-06,21,芦屋,一般,１　４４３４２３４１,2026-06-21,2026-06-25,08,常滑,一般,２５１１３１F１５,3712,淺香 文武,2026-08-29,2026-09-03,19,下関,一般,３４２　１２２５２４１２,2026-07-31,2026-08-05,06,浜名湖,ＧⅢ,２４６　２６２　６６６,2026-07-19,2026-07-23,05,多摩川,一般,４２３５５　４　５３,2026-07-04,2026-07-09,01,桐生,一般,１５２　６５６　６　６,2026-06-21,2026-06-26,16,児島,一般,２３２　５６６　２２１２
202609172208,2026-09-17,22,08R,3436,柏野 幸二,2026-09-01,2026-09-06,12,住之江,一般,４　３転３　２５３５１,2026-08-15,2026-08-20,18,徳山,一般,６２４３６２４　５　１２,2026-07-31,2026-08-05,05,多摩川,一般,１６２　２４２　２３５３,2026-06-19,2026-06-24,11,びわこ,一般,１３４　１４３３２５３２,2026-06-03,2026-06-07,07,蒲郡,一般,２　２２３１[５],4951,新田 洋一,2026-08-31,2026-09-05,18,徳山,一般,転５１　２５６　５３６,2026-08-17,2026-08-21,13,尼崎,一般,３５６　５３４　２,2026-08-03,2026-08-08,17,宮島,一般,４３２　５４５　５３２３,2026-06-25,2026-06-29,21,芦屋,一般,３４６　６５３　６６,2026-06-16,2026-06-21,09,津,一般,４３４　１１５　１３２１,3505,山田 竜一,2026-08-31,2026-09-05,20,若松,ＧⅢ,６４２４１　４　１５３１,2026-08-15,2026-08-20,05,多摩川,一般,５２１　２６１　３６１４,2026-08-05,2026-08-10,09,津,一般,４４５　２５１　５６２６,2026-07-24,2026-07-27,12,住之江,一般,４６５　５　１６,2026-07-14,2026-07-19,01,桐生,一般,２　５５５　５４３　４２,5018,竹下 大樹,2026-09-04,2026-09-09,11,びわこ,一般,１４１１１　１１１１[１],2026-08-23,2026-08-27,18,徳山,一般,２３１６４２３　３２,2026-08-12,2026-08-17,22,福岡,一般,３２１３２　４１１４１２,2026-07-28,2026-07-31,24,大村,一般,３１４１２５１２,2026-07-19,2026-07-24,22,福岡,ＧⅢ,２３転　５３３　１３２３,5428,古園井 綾南,2026-08-09,2026-08-14,23,からつ,一般,６　６６６　６６６　６,2026-07-09,2026-07-13,14,鳴門,一般,６　６６６　６６６,2026-06-01,2026-06-05,19,下関,一般,６　６６６　６　６６,2026-05-01,2026-05-06,23,からつ,一般,６　６６６　エ６F　６,2026-04-20,2026-04-25,22,福岡,一般,転　６　６６６　６６５,3297,藤丸 光一,2026-08-27,2026-09-01,07,蒲郡,一般,４６４　エ　５４５　４６,2026-08-15,2026-08-20,18,徳山,一般,２６２　１４３　２６３６,2026-07-29,2026-08-03,22,福岡,一般,２５１　４１６３２２[４],2026-07-15,2026-07-21,12,住之江,一般,１　５６５　６２４　２　２４,2026-06-30,2026-07-04,19,下関,一般,２５３　４４１　５３
202609172209,2026-09-17,22,09R,5125,高井 雄基,2026-09-01,2026-09-05,13,尼崎,一般,２６４　１５３　６６,2026-08-20,2026-08-23,04,平和島,一般,３４４５２　５５,2026-08-10,2026-08-15,08,常滑,一般,１　１５３４４６３６５３,2026-07-31,2026-08-03,20,若松,一般,１３１６５２[５],2026-07-19,2026-07-23,05,多摩川,一般,５　６５５１３　６３,4592,小林 孝弘,2026-08-30,2026-09-03,08,常滑,一般,４６３　５４４　６２,2026-08-15,2026-08-20,18,徳山,一般,５　５３５　１６３　３４,2026-07-29,2026-08-03,23,からつ,一般,６　５３５　６５６１３,2026-07-18,2026-07-22,10,三国,一般,２　３４３５２　５２,2026-07-05,2026-07-09,24,大村,一般,４　２６６　３　３４,4630,岩永 雅人,2026-08-28,2026-09-02,05,多摩川,ＧⅢ,４５５　１２２５５　４６,2026-08-20,2026-08-23,24,大村,一般,５　４６２　４５,2026-08-10,2026-08-15,08,常滑,一般,４　５２エ　６４４　５４,2026-08-02,2026-08-05,21,芦屋,一般,５５４　２３２,2026-05-25,2026-05-31,07,蒲郡,一般,４　３３２２３　転４４２３４,4313,西村 美智子,2026-08-30,2026-09-04,06,浜名湖,ＧⅢ,６５３２F６４　３　２,2026-08-17,2026-08-21,15,丸亀,一般,２　４６１１３４２５,2026-08-06,2026-08-11,18,徳山,ＧⅠ,２　転　４６６　５５２,2026-07-27,2026-07-31,19,下関,一般,５　４６１４６６１,2026-07-15,2026-07-19,17,宮島,一般,２３４　３４１３１１,5462,山浦 槙,2026-08-09,2026-08-14,23,からつ,一般,４　６６５　５５５　６,2026-07-09,2026-07-13,14,鳴門,一般,４５６　３　６６６４,2026-06-26,2026-07-01,17,宮島,一般,６　６６６　６５５６５,2026-06-01,2026-06-05,19,下関,一般,５　６６６　６　６６,2026-05-01,2026-05-06,23,からつ,一般,６　５　６６４６５５５,3614,谷 勝幸,2026-08-26,2026-08-31,11,びわこ,一般,５　３３５　４５５　６４,2026-08-14,2026-08-19,17,宮島,一般,１３２　５３４　５６４４,2026-08-03,2026-08-08,19,下関,一般,２　２５３５３　５５６４,2026-07-20,2026-07-25,15,丸亀,一般,２１１　４６３　４６４６,2026-07-07,2026-07-12,10,三国,ＧⅢ,５６４　２４２　６２５
202609172210,2026-09-17,22,10R,4685,島村 隆幸,2026-09-03,2026-09-08,10,三国,一般,１１４４２２１　３５２５,2026-08-25,2026-08-30,01,桐生,ＳＧ,３６１　３　５４３　４,2026-07-07,2026-07-12,02,戸田,ＧⅡ,５５３　１２３　３　４２,2026-06-26,2026-07-01,17,宮島,一般,２２３１１１３　５１[１],2026-06-17,2026-06-22,24,大村,ＧⅡ,２３３　４　５１１３３,4856,豊田 健士郎,2026-09-03,2026-09-08,09,津,ＧⅠ,２　２３２　３６２３２,2026-08-26,2026-08-30,14,鳴門,一般,１６２１２３２６２２,2026-08-15,2026-08-20,09,津,一般,１２３　１１１２１１[２],2026-08-08,2026-08-11,05,多摩川,一般,２２５２６５１,2026-07-27,2026-07-31,19,下関,一般,２２３１２　３１[４],4505,島田 賢人,2026-09-03,2026-09-06,02,戸田,一般,２６２２３２２１,2026-08-16,2026-08-19,14,鳴門,一般,４５１転２　１３,2026-08-05,2026-08-10,09,津,一般,１４１　６３４２１３１３,2026-07-27,2026-08-01,10,三国,一般,２　４２４６１２１３３１,2026-07-13,2026-07-18,07,蒲郡,ＧⅡ,１３３　２　６６３３２,4089,妹尾 忠幸,2026-09-01,2026-09-04,24,大村,一般,３　２１４２[３],2026-08-20,2026-08-23,02,戸田,一般,３３３５４　４,2026-08-08,2026-08-13,16,児島,一般,１２４３３　２４２４５１,2026-07-31,2026-08-03,20,若松,一般,３３１５４４３２,2026-07-22,2026-07-26,13,尼崎,一般,４３２　１４３２[４],3769,佐竹 恒彦,2026-08-31,2026-09-05,20,若松,ＧⅢ,３６５３５　２５２　２３,2026-08-15,2026-08-20,11,びわこ,一般,４　３４１４５　１４５,2026-08-08,2026-08-11,05,多摩川,一般,２　４３４４３６,2026-07-24,2026-07-27,12,住之江,一般,４　４４６４３,2026-07-15,2026-07-19,08,常滑,一般,４　３５１４４６１,3696,白井 友晴,2026-08-27,2026-08-31,04,平和島,一般,３５１　４４２　５４,2026-08-12,2026-08-17,02,戸田,一般,５５３　２５２　３２５４,2026-08-03,2026-08-08,19,下関,一般,４３４　２６３　１３１２,2026-07-22,2026-07-26,08,常滑,一般,４４２４２　６５３６,2026-07-03,2026-07-06,09,津,一般,６６６　４　２４
202609172211,2026-09-17,22,11R,4823,中村 桃佳,2026-08-06,2026-08-11,18,徳山,ＧⅠ,５２５　２　５４１　１,2026-07-28,2026-08-02,15,丸亀,一般,５　１４３５１４３５２３,2026-07-14,2026-07-19,21,芦屋,一般,３　１６５４６４４　２５,2026-07-01,2026-07-06,07,蒲郡,一般,２　３２１　F２３　３,2026-06-19,2026-06-24,11,びわこ,一般,１５３３５１４１３４１３,4614,石倉 洋行,2026-08-29,2026-09-03,16,児島,一般,１３１２３１２　５１[１],2026-07-23,2026-07-28,03,江戸川,ＧⅢ,２２１　４３１　２　[１],2026-07-14,2026-07-19,01,桐生,一般,４　１５１２３　１３３２,2026-07-02,2026-07-06,21,芦屋,一般,１　４４３４２３４１,2026-06-21,2026-06-25,08,常滑,一般,２５１１３１F１５,4590,渡邉 優美,2026-08-06,2026-08-11,18,徳山,ＧⅠ,３４２　２５４　６　転４,2026-07-28,2026-08-02,11,びわこ,ＳＧ,６　２　６５５　２５４,2026-07-13,2026-07-18,13,尼崎,ＧⅢ,２３１　２３６２１３４２,2026-07-03,2026-07-08,12,住之江,一般,１４５　２１３１４F３,2026-06-17,2026-06-22,24,大村,ＧⅡ,４　２１４　５　２１３５,3554,仲口 博崇,2026-08-31,2026-09-05,20,若松,ＧⅢ,６４３３２　６１２３２５,2026-08-21,2026-08-24,07,蒲郡,一般,２５１３２１[５],2026-08-10,2026-08-15,08,常滑,一般,３５１１１２１５４２[２],2026-07-27,2026-07-31,19,下関,一般,３５２２２２５２[５],2026-07-17,2026-07-20,02,戸田,一般,１６１４２２２１,4553,坪口 竜也,2026-09-01,2026-09-04,24,大村,一般,２５４欠,2026-08-21,2026-08-26,06,浜名湖,一般,３４１３３　１１１２[６],2026-08-06,2026-08-10,24,大村,一般,３３２　２５２３２１,2026-07-27,2026-07-31,19,下関,一般,２　２３１３３３３４,2026-07-18,2026-07-21,04,平和島,一般,５５２　６２２,4925,森 悠稀,2026-08-30,2026-09-03,08,常滑,一般,２３１４１　２６１５,2026-08-20,2026-08-23,23,からつ,一般,６　５５,2026-08-09,2026-08-14,13,尼崎,一般,４　５２３１２　５　１３,2026-07-31,2026-08-04,13,尼崎,一般,２３４　１４３３２２,2026-07-27,2026-08-01,09,津,一般,３　２
202609172212,2026-09-17,22,12R,4914,吉田 裕平,2026-09-04,2026-09-08,07,蒲郡,一般,２１２２２１４３１１,2026-07-28,2026-08-02,11,びわこ,ＳＧ,１４５　１　４２６　１５,2026-07-18,2026-07-23,09,津,ＧⅢ,３　２３１１１　１　[２],2026-07-07,2026-07-12,20,若松,ＧⅢ,１５５　４２１１１５４１,2026-06-23,2026-06-28,14,鳴門,ＳＧ,２５６　４　１６５１６,5050,木下 雄介,2026-08-28,2026-09-02,05,多摩川,ＧⅢ,６６１　２６１６４　５５,2026-08-15,2026-08-20,11,びわこ,一般,６　１２１６６３１４３１,2026-08-03,2026-08-08,19,下関,一般,５１１　３３６　５１[４],2026-07-25,2026-07-29,20,若松,一般,２３４４１　５３２１,2026-07-15,2026-07-19,08,常滑,一般,１２３　１６１２[６],5018,竹下 大樹,2026-09-04,2026-09-09,11,びわこ,一般,１４１１１　１１１１[１],2026-08-23,2026-08-27,18,徳山,一般,２３１６４２３　３２,2026-08-12,2026-08-17,22,福岡,一般,３２１３２　４１１４１２,2026-07-28,2026-07-31,24,大村,一般,３１４１２５１２,2026-07-19,2026-07-24,22,福岡,ＧⅢ,２３転　５３３　１３２３,3841,佐々木 和伸,2026-09-01,2026-09-04,24,大村,一般,４２１６２５１３,2026-08-20,2026-08-25,21,芦屋,一般,１　５６３２４４１　５２,2026-08-05,2026-08-10,14,鳴門,一般,１１３４３　５２１３４１,2026-07-25,2026-07-29,20,若松,一般,３１１２４　１４３２,2026-07-15,2026-07-20,18,徳山,一般,５２３５１　２５２１３２,3807,岡部 哲,2026-08-26,2026-08-31,11,びわこ,一般,３　４６１４３　３５５,2026-08-12,2026-08-17,02,戸田,一般,３　２５４　５６２１３５,2026-08-02,2026-08-05,21,芦屋,一般,２　４３２３４２,2026-07-19,2026-07-23,05,多摩川,一般,６５３　３１４５３,2026-07-07,2026-07-12,10,三国,ＧⅢ,５　３６１　３５３５１,4475,末永 祐輝,2026-09-01,2026-09-06,12,住之江,一般,１６３　２２１３１１[５],2026-08-21,2026-08-26,03,江戸川,一般,３５４　５４２　５３F,2026-08-11,2026-08-16,19,下関,一般,２６４３３１３　２３１２,2026-07-29,2026-08-03,23,からつ,一般,６１３３３　４４１４４４,2026-07-22,2026-07-25,24,大村,一般,４１５３２３２５
202609172301,2026-09-17,23,01R,4822,百武 翔,2026-09-03,2026-09-08,10,三国,一般,１６２　３６２１２６２６,2026-08-19,2026-08-24,19,下関,一般,２　２３１２４　１２[５],2026-08-03,2026-08-08,17,宮島,一般,３１２２３４５　１３３１,2026-07-22,2026-07-26,13,尼崎,一般,２　３１３６１３３１,2026-07-10,2026-07-15,06,浜名湖,一般,４２１　２５２６５２[３],3550,都築 正治,2026-08-31,2026-09-05,18,徳山,一般,５１６　６６２　２６３,2026-08-17,2026-08-21,13,尼崎,一般,５１５　５６５　４３,2026-08-08,2026-08-11,05,多摩川,一般,６３４　３４５１,2026-07-28,2026-08-02,15,丸亀,一般,１　２５５　３５１　２５,2026-07-15,2026-07-21,12,住之江,一般,３５３　３６１　２２５３４５,3411,池上 隆行,2026-08-08,2026-08-13,16,児島,一般,５５４　６５５,2026-07-28,2026-07-31,24,大村,一般,３４６　６３５,2026-07-17,2026-07-20,02,戸田,一般,３　４４４５３,2026-07-01,2026-07-06,22,福岡,一般,３　４２４　F５４　６,2026-06-22,2026-06-27,23,からつ,一般,３６５　２６４　５２４,3710,吉永 泰弘,2026-08-31,2026-09-05,20,若松,ＧⅢ,４４４　４４６　３４６,2026-08-17,2026-08-21,15,丸亀,一般,５　４５５　３　４５,2026-07-31,2026-08-05,06,浜名湖,ＧⅢ,２　５５３　２５５４２,2026-07-17,2026-07-22,16,児島,ＧⅢ,２　２３２４１　５５４３,2026-07-03,2026-07-08,13,尼崎,一般,６４４　４　６３５　５,5420,吉原 快誓,2026-08-22,2026-08-27,22,福岡,一般,４　６５６６５　６　４５,2026-07-24,2026-07-29,17,宮島,一般,６２６　５６４　６　６６,2026-07-15,2026-07-21,12,住之江,一般,６　６　６３６６６　５　５５,2026-07-02,2026-07-06,21,芦屋,一般,５　６　４４４　５３,2026-06-21,2026-06-24,19,下関,一般,６　６５５　４３,3974,深山 祐二,2026-09-01,2026-09-06,12,住之江,一般,３６２　１４３　６１２,2026-08-22,2026-08-26,20,若松,一般,６　４３２６５　２３,2026-08-09,2026-08-14,23,からつ,一般,５　５４１　２４５　１５,2026-07-22,2026-07-25,24,大村,一般,３４４　３６６,2026-07-10,2026-07-15,23,からつ,一般,４１１　３６３　２６５３
202609172302,2026-09-17,23,02R,3256,三角 哲男,2026-09-05,2026-09-11,03,江戸川,一般,３５１　２１２１１１[２],2026-08-23,2026-08-27,18,徳山,一般,４２３１２３２２[５],2026-08-11,2026-08-16,04,平和島,一般,１１２１１　３３４３３２,2026-07-31,2026-08-05,05,多摩川,一般,２５５３２１３　４５６２,2026-07-22,2026-07-25,24,大村,一般,１６１２２１[５],4640,山ノ内 雅人,2026-09-05,2026-09-11,03,江戸川,一般,６　２５１　４５４　１２,2026-08-24,2026-08-29,13,尼崎,一般,１　４５３３２５２F４,2026-08-10,2026-08-15,21,芦屋,一般,２３４　４２４４３　１５,2026-07-27,2026-08-01,10,三国,一般,４３１３３５１　５６１５,2026-07-18,2026-07-21,04,平和島,一般,２２３　２５３５,4683,向井田 直弥,2026-08-24,2026-08-28,15,丸亀,一般,５　１３３　５６４６,2026-08-08,2026-08-13,16,児島,一般,５５５　５６６　６　３４,2026-07-18,2026-07-22,10,三国,一般,３５６　１　２４６４,2026-06-30,2026-07-04,19,下関,一般,３　５６５６１　４,2026-06-14,2026-06-17,12,住之江,一般,３　５２５　５５,4752,西尾 亮輔,2026-09-01,2026-09-04,24,大村,一般,４３６　４５６,2026-08-21,2026-08-24,07,蒲郡,一般,１３２　６６４４,2026-08-10,2026-08-15,08,常滑,一般,５　５６５　２６３　４４,2026-07-27,2026-08-01,10,三国,一般,４５５　５　５５４　５,2026-07-11,2026-07-16,03,江戸川,一般,３　２６６　６３５　３１,3527,中嶋 誠一郎,2026-08-31,2026-09-05,20,若松,ＧⅢ,２４４　１３４６５４３３,2026-08-19,2026-08-24,19,下関,一般,４５F　３　５　６　６４,2026-08-06,2026-08-10,24,大村,一般,２５１　１２２４１３,2026-07-23,2026-07-28,03,江戸川,ＧⅢ,３　１３４　６３１１６６,2026-07-07,2026-07-12,10,三国,ＧⅢ,３５５　１４１　２５５５,5443,西村 仁吾,2026-08-20,2026-08-25,21,芦屋,一般,６　４３５　５６６６５,2026-08-06,2026-08-10,24,大村,一般,６　F６６　６　転,2026-07-20,2026-07-25,15,丸亀,一般,６６６　６６２　６６５,2026-06-26,2026-07-02,24,大村,一般,５５６　６６６６４６４　６,2026-06-09,2026-06-14,23,からつ,一般,６　６６６　５６６　６
202609172303,2026-09-17,23,03R,4535,北山 康介,2026-09-02,2026-09-07,22,福岡,一般,２２５　２３３　１１[４],2026-08-15,2026-08-20,05,多摩川,一般,１１１　２５２　３１[６],2026-07-10,2026-07-13,19,下関,一般,２３１２１１[３],2026-06-25,2026-06-30,13,尼崎,一般,１２２　２１２４４１[２],2026-06-16,2026-06-21,18,徳山,ＧⅢ,４２１４２２１　２２[６],3602,奥平 拓也,2026-09-01,2026-09-05,13,尼崎,一般,３６２　４　４６４,2026-08-20,2026-08-25,21,芦屋,一般,２６６　５５５　５　３３,2026-08-09,2026-08-15,03,江戸川,一般,４　３３３　１４１６６６,2026-07-27,2026-08-01,09,津,一般,１６４,2026-07-15,2026-07-19,08,常滑,一般,４５５６２　６　６,4002,古結 宏,2026-09-07,2026-09-11,13,尼崎,一般,１１１４１２２１[１],2026-08-27,2026-09-01,07,蒲郡,一般,５５３　エ１３　３３１３,2026-08-09,2026-08-14,13,尼崎,一般,２３２　１６１　２２５１,2026-07-28,2026-08-02,16,児島,一般,２１４４２　３５５６１３,2026-07-15,2026-07-21,12,住之江,一般,１６６　５６,5441,鈴木 雄登,2026-08-31,2026-09-05,18,徳山,一般,４　６　５４６６３　６６,2026-08-17,2026-08-21,13,尼崎,一般,２　６５３　６３４５,2026-07-09,2026-07-14,15,丸亀,一般,５５２　５５３２４　５３,2026-06-03,2026-06-07,03,江戸川,一般,５６６　４F４６,2026-05-01,2026-05-06,07,蒲郡,一般,５　３６５　２６６３５,5211,高井 駿弥,2026-09-01,2026-09-04,24,大村,一般,５５５　３　６６,2026-08-15,2026-08-20,05,多摩川,一般,４　F２３　４　６　３,2026-07-31,2026-08-04,13,尼崎,一般,２４５　２　６５５４,2026-07-14,2026-07-19,01,桐生,一般,４４３　転４４　４　５５,2026-06-30,2026-07-05,23,からつ,一般,３６４　４　４３５４妨４,3445,加藤 高史,2026-08-31,2026-09-05,20,若松,ＧⅢ,１　３６４５４　２５２２,2026-08-20,2026-08-23,02,戸田,一般,５２４　１６１１,2026-07-31,2026-08-05,06,浜名湖,ＧⅢ,６　１２２　３２４４２６,2026-07-18,2026-07-22,10,三国,一般,２３５　５６４　２,2026-07-05,2026-07-09,05,多摩川,一般,５　２５３６４　５４
202609172304,2026-09-17,23,04R,4995,田邉 亮蔵,2026-09-03,2026-09-06,02,戸田,一般,１５１２転　２５,2026-08-15,2026-08-20,05,多摩川,一般,３３５　４４３　６５３,2026-08-02,2026-08-05,21,芦屋,一般,６　２５６　３２,2026-07-19,2026-07-23,05,多摩川,一般,６６,2026-07-04,2026-07-09,18,徳山,一般,２　６６５　２５３３４,4193,郷原 章平,2026-09-03,2026-09-06,02,戸田,一般,１２３４１　１１,2026-08-22,2026-08-27,22,福岡,一般,４２３１１６２　４２[２],2026-08-10,2026-08-15,21,芦屋,一般,３３１　３２３５１４５５,2026-07-31,2026-08-04,13,尼崎,一般,１　１４２２５５１１,2026-07-22,2026-07-26,08,常滑,一般,３３４　４２３５１３,3745,橋本 年光,2026-09-01,2026-09-05,13,尼崎,一般,１１５　２６３６１３,2026-08-20,2026-08-25,21,芦屋,一般,５４２　１２４３４５２４,2026-08-04,2026-08-09,10,三国,一般,５３６　３４３　４３３４,2026-07-24,2026-07-27,02,戸田,一般,１４２１２　[３],2026-07-15,2026-07-19,17,宮島,一般,６３１２２　３３３４,4184,渡邊 雄一郎,2026-09-07,2026-09-11,13,尼崎,一般,１３１２３３１４１３,2026-08-26,2026-08-30,14,鳴門,一般,１２１２４３１４,2026-07-24,2026-07-27,12,住之江,一般,１４３１３６２５,2026-07-15,2026-07-19,17,宮島,一般,１１１５２１３１[４],2026-07-03,2026-07-08,13,尼崎,一般,１４３　４３３１２２１,5333,山下 智己,2026-08-26,2026-08-31,11,びわこ,一般,６　６２６　６１５　２６,2026-08-09,2026-08-14,13,尼崎,一般,４　３４５　４　２４６,2026-07-22,2026-07-25,24,大村,一般,３　４６５　４６,2026-07-10,2026-07-13,19,下関,一般,６　５５６　６３,2026-06-28,2026-07-01,10,三国,一般,６５５　３　４１,3484,芝田 浩治,2026-09-01,2026-09-06,12,住之江,一般,１６５　１２２３２３４２,2026-08-19,2026-08-24,19,下関,一般,２３２２１　２２３１[１],2026-08-08,2026-08-11,05,多摩川,一般,２１２　１３[１],2026-07-31,2026-08-03,20,若松,一般,２２４　５６１５,2026-07-18,2026-07-22,10,三国,一般,４　２６６４２　２６
202609172305,2026-09-17,23,05R,4086,寺本 重宣,2026-09-01,2026-09-05,13,尼崎,一般,１３５３１　５２[６],2026-08-22,2026-08-27,22,福岡,一般,１　６欠,2026-08-09,2026-08-15,03,江戸川,一般,２　１２６　２４３　１４,2026-07-31,2026-08-05,06,浜名湖,ＧⅢ,４３１４２　１１４６１４,2026-07-18,2026-07-21,20,若松,一般,４　３１２３１３,3784,中島 友和,2026-09-01,2026-09-05,13,尼崎,一般,４４１　６２２　２５,2026-08-20,2026-08-25,21,芦屋,一般,４３５　４６６　４５３,2026-08-09,2026-08-14,23,からつ,一般,３　５６４　４２４　２１,2026-07-24,2026-07-27,06,浜名湖,一般,２１１４３　[６],2026-07-07,2026-07-12,10,三国,ＧⅢ,３５４　４５４　６　４３,5131,江藤 敦宏,2026-09-02,2026-09-06,17,宮島,一般,６　５　２６４５１５,2026-08-20,2026-08-23,02,戸田,一般,４　６５５４６３,2026-08-04,2026-08-09,12,住之江,一般,３　６６４　６６４　６,2026-07-24,2026-07-27,06,浜名湖,一般,６３５　４６２,2026-06-29,2026-07-03,11,びわこ,一般,３　５３４　１４５４,4877,鈴谷 一平,2026-09-05,2026-09-10,01,桐生,一般,３　６３不,2026-08-21,2026-08-26,06,浜名湖,一般,１　５３２４１５２　３１,2026-08-09,2026-08-14,13,尼崎,一般,２　３３１５６　３１４１,2026-07-24,2026-07-27,12,住之江,一般,３５２　１３１,2026-07-15,2026-07-19,08,常滑,一般,１６１５６１１４１３,3158,島川 光男,2026-08-31,2026-09-05,18,徳山,一般,２４５３２　１３１６３４,2026-08-20,2026-08-25,21,芦屋,一般,５　１１３１１１３１[１],2026-08-08,2026-08-13,16,児島,一般,２６１４２　４　５６４４,2026-07-27,2026-08-01,10,三国,一般,２　１６３２５２１５１３,2026-07-15,2026-07-19,08,常滑,一般,２４１　３１１４６１,3710,吉永 泰弘,2026-08-31,2026-09-05,20,若松,ＧⅢ,４４４　４４６　３４６,2026-08-17,2026-08-21,15,丸亀,一般,５　４５５　３　４５,2026-07-31,2026-08-05,06,浜名湖,ＧⅢ,２　５５３　２５５４２,2026-07-17,2026-07-22,16,児島,ＧⅢ,２　２３２４１　５５４３,2026-07-03,2026-07-08,13,尼崎,一般,６４４　４　６３５　５
202609172306,2026-09-17,23,06R,3434,松尾 宣邦,2026-08-29,2026-09-03,16,児島,一般,１　５３１４４　２６１５,2026-08-17,2026-08-20,20,若松,一般,２６５　６５３,2026-08-03,2026-08-08,04,平和島,ＧⅢ,３　６５２　３６６　２５,2026-07-22,2026-07-26,13,尼崎,一般,３４５　２６２　６２,2026-07-10,2026-07-15,23,からつ,一般,６４６　３１４　５　４４,3574,大神 康司,2026-09-07,2026-09-11,13,尼崎,一般,１３３４４１５２[２],2026-08-24,2026-08-28,15,丸亀,一般,３２３６４５１１２,2026-08-17,2026-08-20,20,若松,一般,２５４　３１２４,2026-08-06,2026-08-10,24,大村,一般,４　４４３３３１２３,2026-07-24,2026-07-29,17,宮島,一般,２　６２５２５３１　１１,3703,鳥飼 眞,2026-09-02,2026-09-07,22,福岡,一般,３４１　１３２　１６６５,2026-08-22,2026-08-26,20,若松,一般,１　２２５２２５５４,2026-08-07,2026-08-11,15,丸亀,一般,５２６４２　５２４１,2026-07-15,2026-07-19,17,宮島,一般,３５４,2026-07-05,2026-07-09,24,大村,一般,１　３４３３３４１２,5420,吉原 快誓,2026-08-22,2026-08-27,22,福岡,一般,４　６５６６５　６　４５,2026-07-24,2026-07-29,17,宮島,一般,６２６　５６４　６　６６,2026-07-15,2026-07-21,12,住之江,一般,６　６　６３６６６　５　５５,2026-07-02,2026-07-06,21,芦屋,一般,５　６　４４４　５３,2026-06-21,2026-06-24,19,下関,一般,６　６５５　４３,5127,沼田 大都,2026-08-31,2026-09-05,18,徳山,一般,転５５　４５３　５６４,2026-08-19,2026-08-24,19,下関,一般,２２４　６　３６６６３,2026-07-30,2026-08-04,08,常滑,一般,３５５　６４３　２　５３,2026-07-22,2026-07-26,13,尼崎,一般,５　５４２　５３５２,2026-07-11,2026-07-14,04,平和島,一般,３　４６４　４５,4435,服部 達哉,2026-09-04,2026-09-08,07,蒲郡,一般,１　３５４２５６１５,2026-08-21,2026-08-26,06,浜名湖,一般,２３４６５１５　２　４３,2026-08-10,2026-08-15,08,常滑,一般,４　２６１　４５６５１,2026-07-28,2026-08-02,15,丸亀,一般,４５１　６５２　３　５１,2026-07-17,2026-07-22,16,児島,ＧⅢ,１２６　１５３６４５１５
202609172307,2026-09-17,23,07R,3550,都築 正治,2026-08-31,2026-09-05,18,徳山,一般,５１６　６６２　２６３,2026-08-17,2026-08-21,13,尼崎,一般,５１５　５６５　４３,2026-08-08,2026-08-11,05,多摩川,一般,６３４　３４５１,2026-07-28,2026-08-02,15,丸亀,一般,１　２５５　３５１　２５,2026-07-15,2026-07-21,12,住之江,一般,３５３　３６１　２２５３４５,4515,藤田 浩人,2026-09-07,2026-09-11,13,尼崎,一般,３４３　１３３４１１,2026-08-31,2026-09-05,18,徳山,一般,５６５３２　６　６２５３,2026-08-20,2026-08-23,24,大村,一般,４　３６３　２１,2026-08-09,2026-08-14,23,からつ,一般,３　１５３１５５３４１２,2026-07-31,2026-08-03,20,若松,一般,５　５３３６４１,4934,佐々木 翔斗,2026-09-01,2026-09-06,12,住之江,一般,４１２５２　２２２５３３,2026-08-24,2026-08-28,15,丸亀,一般,１２６　５５５　５３,2026-08-13,2026-08-18,12,住之江,一般,３１４　１６５　５３１,2026-07-31,2026-08-04,13,尼崎,一般,４　１３４２６２[４],2026-07-18,2026-07-21,04,平和島,一般,４　５４転欠,3602,奥平 拓也,2026-09-01,2026-09-05,13,尼崎,一般,３６２　４　４６４,2026-08-20,2026-08-25,21,芦屋,一般,２６６　５５５　５　３３,2026-08-09,2026-08-15,03,江戸川,一般,４　３３３　１４１６６６,2026-07-27,2026-08-01,09,津,一般,１６４,2026-07-15,2026-07-19,08,常滑,一般,４５５６２　６　６,4683,向井田 直弥,2026-08-24,2026-08-28,15,丸亀,一般,５　１３３　５６４６,2026-08-08,2026-08-13,16,児島,一般,５５５　５６６　６　３４,2026-07-18,2026-07-22,10,三国,一般,３５６　１　２４６４,2026-06-30,2026-07-04,19,下関,一般,３　５６５６１　４,2026-06-14,2026-06-17,12,住之江,一般,３　５２５　５５,3478,嶋田 貴支,2026-08-31,2026-09-05,18,徳山,一般,３６２　６４６　３６２,2026-08-17,2026-08-21,15,丸亀,一般,１１６　２６１５３４,2026-08-06,2026-08-09,02,戸田,一般,６６１　４２１６,2026-07-28,2026-08-02,15,丸亀,一般,４　３３２　２３５４１６,2026-07-15,2026-07-21,12,住之江,一般,５６１　１４５　３　６２２１
202609172308,2026-09-17,23,08R,4752,西尾 亮輔,2026-09-01,2026-09-04,24,大村,一般,４３６　４５６,2026-08-21,2026-08-24,07,蒲郡,一般,１３２　６６４４,2026-08-10,2026-08-15,08,常滑,一般,５　５６５　２６３　４４,2026-07-27,2026-08-01,10,三国,一般,４５５　５　５５４　５,2026-07-11,2026-07-16,03,江戸川,一般,３　２６６　６３５　３１,5211,高井 駿弥,2026-09-01,2026-09-04,24,大村,一般,５５５　３　６６,2026-08-15,2026-08-20,05,多摩川,一般,４　F２３　４　６　３,2026-07-31,2026-08-04,13,尼崎,一般,２４５　２　６５５４,2026-07-14,2026-07-19,01,桐生,一般,４４３　転４４　４　５５,2026-06-30,2026-07-05,23,からつ,一般,３６４　４　４３５４妨４,3974,深山 祐二,2026-09-01,2026-09-06,12,住之江,一般,３６２　１４３　６１２,2026-08-22,2026-08-26,20,若松,一般,６　４３２６５　２３,2026-08-09,2026-08-14,23,からつ,一般,５　５４１　２４５　１５,2026-07-22,2026-07-25,24,大村,一般,３４４　３６６,2026-07-10,2026-07-15,23,からつ,一般,４１１　３６３　２６５３,3946,赤岩 善生,2026-09-05,2026-09-10,01,桐生,一般,２１１　３２１１２２[６],2026-08-22,2026-08-27,08,常滑,ＧⅢ,４４１４４１１３１２[５],2026-08-11,2026-08-16,07,蒲郡,一般,１３１１１２１１１１[F],2026-08-03,2026-08-08,19,下関,一般,２１１　２１３１２１[１],2026-07-23,2026-07-28,03,江戸川,ＧⅢ,１３３　６４２　４５１１,5226,藤田 俊祐,2026-09-04,2026-09-09,11,びわこ,一般,１　５３４３５　６１６３,2026-08-23,2026-08-27,18,徳山,一般,２　４６４１６　１４,2026-08-11,2026-08-16,04,平和島,一般,１３１　１３１１２１[４],2026-07-30,2026-08-04,08,常滑,一般,３４３　３１３　２１５４,2026-07-18,2026-07-23,09,津,ＧⅢ,６４６　４　３５４　５６,5333,山下 智己,2026-08-26,2026-08-31,11,びわこ,一般,６　６２６　６１５　２６,2026-08-09,2026-08-14,13,尼崎,一般,４　３４５　４　２４６,2026-07-22,2026-07-25,24,大村,一般,３　４６５　４６,2026-07-10,2026-07-13,19,下関,一般,６　５５６　６３,2026-06-28,2026-07-01,10,三国,一般,６５５　３　４１
202609172309,2026-09-17,23,09R,3784,中島 友和,2026-09-01,2026-09-05,13,尼崎,一般,４４１　６２２　２５,2026-08-20,2026-08-25,21,芦屋,一般,４３５　４６６　４５３,2026-08-09,2026-08-14,23,からつ,一般,３　５６４　４２４　２１,2026-07-24,2026-07-27,06,浜名湖,一般,２１１４３　[６],2026-07-07,2026-07-12,10,三国,ＧⅢ,３５４　４５４　６　４３,3411,池上 隆行,2026-08-08,2026-08-13,16,児島,一般,５５４　６５５,2026-07-28,2026-07-31,24,大村,一般,３４６　６３５,2026-07-17,2026-07-20,02,戸田,一般,３　４４４５３,2026-07-01,2026-07-06,22,福岡,一般,３　４２４　F５４　６,2026-06-22,2026-06-27,23,からつ,一般,３６５　２６４　５２４,3679,飯島 昌弘,2026-09-04,2026-09-08,07,蒲郡,一般,１　４４３エ２４２４,2026-08-24,2026-08-28,15,丸亀,一般,１４落　４３４５２１,2026-08-12,2026-08-17,02,戸田,一般,２２１　５２２　３３[３],2026-07-29,2026-08-03,22,福岡,一般,１　４３２２２５２３３１,2026-07-18,2026-07-21,04,平和島,一般,３１３３２　[５],4535,北山 康介,2026-09-02,2026-09-07,22,福岡,一般,２２５　２３３　１１[４],2026-08-15,2026-08-20,05,多摩川,一般,１１１　２５２　３１[６],2026-07-10,2026-07-13,19,下関,一般,２３１２１１[３],2026-06-25,2026-06-30,13,尼崎,一般,１２２　２１２４４１[２],2026-06-16,2026-06-21,18,徳山,ＧⅢ,４２１４２２１　２２[６],5443,西村 仁吾,2026-08-20,2026-08-25,21,芦屋,一般,６　４３５　５６６６５,2026-08-06,2026-08-10,24,大村,一般,６　F６６　６　転,2026-07-20,2026-07-25,15,丸亀,一般,６６６　６６２　６６５,2026-06-26,2026-07-02,24,大村,一般,５５６　６６６６４６４　６,2026-06-09,2026-06-14,23,からつ,一般,６　６６６　５６６　６,3745,橋本 年光,2026-09-01,2026-09-05,13,尼崎,一般,１１５　２６３６１３,2026-08-20,2026-08-25,21,芦屋,一般,５４２　１２４３４５２４,2026-08-04,2026-08-09,10,三国,一般,５３６　３４３　４３３４,2026-07-24,2026-07-27,02,戸田,一般,１４２１２　[３],2026-07-15,2026-07-19,17,宮島,一般,６３１２２　３３３４
202609172310,2026-09-17,23,10R,5127,沼田 大都,2026-08-31,2026-09-05,18,徳山,一般,転５５　４５３　５６４,2026-08-19,2026-08-24,19,下関,一般,２２４　６　３６６６３,2026-07-30,2026-08-04,08,常滑,一般,３５５　６４３　２　５３,2026-07-22,2026-07-26,13,尼崎,一般,５　５４２　５３５２,2026-07-11,2026-07-14,04,平和島,一般,３　４６４　４５,3158,島川 光男,2026-08-31,2026-09-05,18,徳山,一般,２４５３２　１３１６３４,2026-08-20,2026-08-25,21,芦屋,一般,５　１１３１１１３１[１],2026-08-08,2026-08-13,16,児島,一般,２６１４２　４　５６４４,2026-07-27,2026-08-01,10,三国,一般,２　１６３２５２１５１３,2026-07-15,2026-07-19,08,常滑,一般,２４１　３１１４６１,4822,百武 翔,2026-09-03,2026-09-08,10,三国,一般,１６２　３６２１２６２６,2026-08-19,2026-08-24,19,下関,一般,２　２３１２４　１２[５],2026-08-03,2026-08-08,17,宮島,一般,３１２２３４５　１３３１,2026-07-22,2026-07-26,13,尼崎,一般,２　３１３６１３３１,2026-07-10,2026-07-15,06,浜名湖,一般,４２１　２５２６５２[３],3256,三角 哲男,2026-09-05,2026-09-11,03,江戸川,一般,３５１　２１２１１１[２],2026-08-23,2026-08-27,18,徳山,一般,４２３１２３２２[５],2026-08-11,2026-08-16,04,平和島,一般,１１２１１　３３４３３２,2026-07-31,2026-08-05,05,多摩川,一般,２５５３２１３　４５６２,2026-07-22,2026-07-25,24,大村,一般,１６１２２１[５],5441,鈴木 雄登,2026-08-31,2026-09-05,18,徳山,一般,４　６　５４６６３　６６,2026-08-17,2026-08-21,13,尼崎,一般,２　６５３　６３４５,2026-07-09,2026-07-14,15,丸亀,一般,５５２　５５３２４　５３,2026-06-03,2026-06-07,03,江戸川,一般,５６６　４F４６,2026-05-01,2026-05-06,07,蒲郡,一般,５　３６５　２６６３５,3978,齊藤 仁,2026-09-03,2026-09-06,02,戸田,一般,２４４２３　３２,2026-07-28,2026-08-02,11,びわこ,ＳＧ,３　６　４６３　４５５,2026-07-13,2026-07-18,07,蒲郡,ＧⅡ,６　３　１３５　３３６５,2026-07-01,2026-07-06,22,福岡,一般,１　３５３５１３３４１４,2026-06-17,2026-06-22,17,宮島,ＧⅢ,１６３１２　２３３３１４
202609172311,2026-09-17,23,11R,4640,山ノ内 雅人,2026-09-05,2026-09-11,03,江戸川,一般,６　２５１　４５４　１２,2026-08-24,2026-08-29,13,尼崎,一般,１　４５３３２５２F４,2026-08-10,2026-08-15,21,芦屋,一般,２３４　４２４４３　１５,2026-07-27,2026-08-01,10,三国,一般,４３１３３５１　５６１５,2026-07-18,2026-07-21,04,平和島,一般,２２３　２５３５,4184,渡邊 雄一郎,2026-09-07,2026-09-11,13,尼崎,一般,１３１２３３１４１３,2026-08-26,2026-08-30,14,鳴門,一般,１２１２４３１４,2026-07-24,2026-07-27,12,住之江,一般,１４３１３６２５,2026-07-15,2026-07-19,17,宮島,一般,１１１５２１３１[４],2026-07-03,2026-07-08,13,尼崎,一般,１４３　４３３１２２１,4515,藤田 浩人,2026-09-07,2026-09-11,13,尼崎,一般,３４３　１３３４１１,2026-08-31,2026-09-05,18,徳山,一般,５６５３２　６　６２５３,2026-08-20,2026-08-23,24,大村,一般,４　３６３　２１,2026-08-09,2026-08-14,23,からつ,一般,３　１５３１５５３４１２,2026-07-31,2026-08-03,20,若松,一般,５　５３３６４１,3964,宮地 博士,2026-08-31,2026-09-05,20,若松,ＧⅢ,４５６　５６６　５　５５,2026-08-17,2026-08-21,13,尼崎,一般,６４３　５２３　転６,2026-08-06,2026-08-10,24,大村,一般,６５５　４６５　４４,2026-07-23,2026-07-28,03,江戸川,ＧⅢ,３６２　５４４　２４５６,2026-07-07,2026-07-12,10,三国,ＧⅢ,６　４４５４５　５　５３,5131,江藤 敦宏,2026-09-02,2026-09-06,17,宮島,一般,６　５　２６４５１５,2026-08-20,2026-08-23,02,戸田,一般,４　６５５４６３,2026-08-04,2026-08-09,12,住之江,一般,３　６６４　６６４　６,2026-07-24,2026-07-27,06,浜名湖,一般,６３５　４６２,2026-06-29,2026-07-03,11,びわこ,一般,３　５３４　１４５４,3703,鳥飼 眞,2026-09-02,2026-09-07,22,福岡,一般,３４１　１３２　１６６５,2026-08-22,2026-08-26,20,若松,一般,１　２２５２２５５４,2026-08-07,2026-08-11,15,丸亀,一般,５２６４２　５２４１,2026-07-15,2026-07-19,17,宮島,一般,３５４,2026-07-05,2026-07-09,24,大村,一般,１　３４３３３４１２
202609172312,2026-09-17,23,12R,3946,赤岩 善生,2026-09-05,2026-09-10,01,桐生,一般,２１１　３２１１２２[６],2026-08-22,2026-08-27,08,常滑,ＧⅢ,４４１４４１１３１２[５],2026-08-11,2026-08-16,07,蒲郡,一般,１３１１１２１１１１[F],2026-08-03,2026-08-08,19,下関,一般,２１１　２１３１２１[１],2026-07-23,2026-07-28,03,江戸川,ＧⅢ,１３３　６４２　４５１１,4435,服部 達哉,2026-09-04,2026-09-08,07,蒲郡,一般,１　３５４２５６１５,2026-08-21,2026-08-26,06,浜名湖,一般,２３４６５１５　２　４３,2026-08-10,2026-08-15,08,常滑,一般,４　２６１　４５６５１,2026-07-28,2026-08-02,15,丸亀,一般,４５１　６５２　３　５１,2026-07-17,2026-07-22,16,児島,ＧⅢ,１２６　１５３６４５１５,3484,芝田 浩治,2026-09-01,2026-09-06,12,住之江,一般,１６５　１２２３２３４２,2026-08-19,2026-08-24,19,下関,一般,２３２２１　２２３１[１],2026-08-08,2026-08-11,05,多摩川,一般,２１２　１３[１],2026-07-31,2026-08-03,20,若松,一般,２２４　５６１５,2026-07-18,2026-07-22,10,三国,一般,４　２６６４２　２６,4086,寺本 重宣,2026-09-01,2026-09-05,13,尼崎,一般,１３５３１　５２[６],2026-08-22,2026-08-27,22,福岡,一般,１　６欠,2026-08-09,2026-08-15,03,江戸川,一般,２　１２６　２４３　１４,2026-07-31,2026-08-05,06,浜名湖,ＧⅢ,４３１４２　１１４６１４,2026-07-18,2026-07-21,20,若松,一般,４　３１２３１３,3445,加藤 高史,2026-08-31,2026-09-05,20,若松,ＧⅢ,１　３６４５４　２５２２,2026-08-20,2026-08-23,02,戸田,一般,５２４　１６１１,2026-07-31,2026-08-05,06,浜名湖,ＧⅢ,６　１２２　３２４４２６,2026-07-18,2026-07-22,10,三国,一般,２３５　５６４　２,2026-07-05,2026-07-09,05,多摩川,一般,５　２５３６４　５４,4934,佐々木 翔斗,2026-09-01,2026-09-06,12,住之江,一般,４１２５２　２２２５３３,2026-08-24,2026-08-28,15,丸亀,一般,１２６　５５５　５３,2026-08-13,2026-08-18,12,住之江,一般,３１４　１６５　５３１,2026-07-31,2026-08-04,13,尼崎,一般,４　１３４２６２[４],2026-07-18,2026-07-21,04,平和島,一般,４　５４転欠
202609172401,2026-09-17,24,01R,3406,中里 英夫,2026-09-01,2026-09-05,13,尼崎,一般,３２１　４４３３２１,2026-08-21,2026-08-24,07,蒲郡,一般,４３５　４３２３,2026-08-11,2026-08-16,01,桐生,一般,２２１　４３４５５　３６,2026-08-02,2026-08-05,21,芦屋,一般,３１２　４４３５,2026-07-19,2026-07-23,05,多摩川,一般,１５５２５　１　３６,5198,奥村 明日香,2026-09-06,2026-09-11,14,鳴門,一般,１３２　５１１５２６２２,2026-08-16,2026-08-19,14,鳴門,一般,２３４　２６４１,2026-08-07,2026-08-12,20,若松,一般,１４１　１２５１６６１６,2026-04-29,2026-05-04,22,福岡,一般,２　４６５　３１２　４６,2026-04-22,2026-04-27,20,若松,ＧⅢ,　　　　　　　　　　６５,4293,鈴木 智啓,2026-09-01,2026-09-06,12,住之江,一般,２５５　３４３　１　２３,2026-08-20,2026-08-23,23,からつ,一般,５１４　３１３５,2026-08-10,2026-08-15,08,常滑,一般,４　３３４　３５４５５,2026-07-27,2026-08-01,09,津,一般,５　５３,2026-07-15,2026-07-19,17,宮島,一般,１５２　６６４　４５,4895,門間 雄大,2026-09-05,2026-09-10,04,平和島,一般,４３３　１３１　３３４２,2026-08-21,2026-08-26,03,江戸川,一般,４　４５F　３５５　２２,2026-08-11,2026-08-16,04,平和島,一般,１６３　３４転３１　６５,2026-07-27,2026-08-01,10,三国,一般,４４４６２６６　２　３４,2026-07-17,2026-07-22,16,児島,ＧⅢ,２５１３４　５２１４３６,5060,数原 魁,2026-09-04,2026-09-09,11,びわこ,一般,６３１　２４３３１５１３,2026-08-23,2026-08-27,18,徳山,一般,３　４４３４３　１２,2026-08-09,2026-08-14,13,尼崎,一般,３　４６５　５１３１２３,2026-07-28,2026-08-02,15,丸亀,一般,２３１　２４２　４３[５],2026-07-19,2026-07-24,22,福岡,ＧⅢ,１　２２４　３４２　[５],3976,内田 圭,2026-08-31,2026-09-05,18,徳山,一般,３　６１２　５４５５１,2026-08-21,2026-08-26,06,浜名湖,一般,４　３６５　１５３２４,2026-08-04,2026-08-09,12,住之江,一般,２　４２妨　２　５６５,2026-07-24,2026-07-29,17,宮島,一般,４　５５１　５２２５２５,2026-07-10,2026-07-13,19,下関,一般,６５６　５　６６
202609172402,2026-09-17,24,02R,4299,中島 浩哉,2026-09-01,2026-09-06,12,住之江,一般,２５１　３６５　３　２２,2026-08-06,2026-08-10,24,大村,一般,４６５５３　落欠,2026-07-24,2026-07-29,17,宮島,一般,２　６４３　３６１６４,2026-07-10,2026-07-14,09,津,一般,５４４　３６２　２２,2026-06-25,2026-06-30,01,桐生,ＧⅢ,５　２６３　３２６２４,4984,森下 愛梨,2026-09-06,2026-09-11,14,鳴門,一般,１　４３６４６　６　４４,2026-08-24,2026-08-29,10,三国,一般,６２１　３５４　１　５２,2026-08-11,2026-08-16,06,浜名湖,一般,５５３　２３４　４４３,2026-07-18,2026-07-23,09,津,ＧⅢ,６　２３５　２２４４転,2026-07-07,2026-07-12,11,びわこ,一般,２　６１６５４　３４５,5161,登玉 隼百,2026-09-03,2026-09-08,10,三国,一般,６　１６４３３４４　１４,2026-08-22,2026-08-27,08,常滑,ＧⅢ,３　５６１　６２６２２１,2026-08-09,2026-08-14,13,尼崎,一般,１　６５４　５３１４３,2026-08-02,2026-08-05,21,芦屋,一般,６６５２５　３,2026-07-19,2026-07-24,22,福岡,ＧⅢ,２　４４１　２６４　２３,3419,栗原 謙治,2026-08-20,2026-08-23,04,平和島,一般,５　４５６　５,2026-07-24,2026-07-27,02,戸田,一般,６　５６６　６,2026-07-03,2026-07-06,09,津,一般,６　６３５　６,2026-06-18,2026-06-21,04,平和島,一般,６　３６６　４,2026-05-28,2026-05-31,02,戸田,一般,４　４４６５６,4350,篠崎 元志,2026-09-07,2026-09-12,16,児島,一般,３１２　３３４１３１[３],2026-08-25,2026-08-30,01,桐生,ＳＧ,６１４　４　２３１４４,2026-08-12,2026-08-17,22,福岡,一般,１２１１１　１２４１[１],2026-08-04,2026-08-09,12,住之江,一般,１１１４２　４１３１[２],2026-07-27,2026-08-01,10,三国,一般,３１２１２　１１３１[４],3878,胡本 悟志,2026-08-31,2026-09-05,20,若松,ＧⅢ,３５５　６３６２４　６,2026-08-21,2026-08-24,07,蒲郡,一般,４　４５５　３,2026-08-03,2026-08-08,17,宮島,一般,４　３６６　５１５６４２,2026-07-24,2026-07-27,06,浜名湖,一般,４３３３５　１６,2026-07-07,2026-07-12,08,常滑,一般,４１１　４４４２３５５５
202609172403,2026-09-17,24,03R,3920,正木 聖賢,2026-09-09,2026-09-13,17,宮島,一般,１　３２６２４６３５,2026-08-23,2026-08-27,18,徳山,一般,４　６５６　６６６４,2026-05-26,2026-05-31,15,丸亀,ＧⅢ,２　６６２５５転,2026-05-11,2026-05-15,08,常滑,一般,５５５１４　４　４１,2026-04-30,2026-05-05,17,宮島,一般,３　４４１１５４４６４３,4457,神田 達也,2026-09-02,2026-09-06,17,宮島,一般,３１６　６１４　３２,2026-08-20,2026-08-23,02,戸田,一般,４５不,2026-08-04,2026-08-09,12,住之江,一般,４４５　６２６　３　５,2026-06-25,2026-06-30,01,桐生,ＧⅢ,６　５６６５４　４　６３,2026-06-11,2026-06-15,20,若松,一般,４４５４１　２３３,4815,伏島 祐介,2026-09-02,2026-09-07,22,福岡,一般,２１５　２　２６５５３６,2026-08-20,2026-08-23,04,平和島,一般,６３４　１３４１,2026-08-09,2026-08-15,03,江戸川,一般,５　５６４　４５５　２３,2026-07-24,2026-07-27,12,住之江,一般,５５４　６　４４,2026-04-19,2026-04-22,06,浜名湖,一般,２６６　５６５５,3265,今村 暢孝,2026-09-09,2026-09-13,17,宮島,一般,１　４４４３３２[３],2026-08-30,2026-09-02,21,芦屋,一般,４６５６５　３２,2026-08-17,2026-08-21,15,丸亀,一般,４　４４３１４４４２,2026-07-28,2026-08-02,16,児島,一般,１　２５４２１３２５１妨,2026-07-15,2026-07-19,17,宮島,一般,２　２２１１２２[６],5010,宇留田 翔平,2026-09-04,2026-09-09,11,びわこ,一般,５F３　５　５　５　５,2026-08-27,2026-08-31,04,平和島,一般,３２５３６　２４２２,2026-08-15,2026-08-20,09,津,一般,３４２　３６５　４　５２,2026-07-28,2026-08-02,16,児島,一般,３転,2026-07-18,2026-07-23,09,津,ＧⅢ,３　２５４　４３４５２,3944,山口 裕二,2026-09-05,2026-09-11,03,江戸川,一般,２１５　５２１２５５５５,2026-08-24,2026-08-28,15,丸亀,一般,５５５１１１２３３２,2026-06-17,2026-06-22,24,大村,ＧⅡ,６　２５３２３　４２４,2026-06-07,2026-06-12,09,津,一般,１２３　２２５５２３４１,2026-05-27,2026-05-31,18,徳山,一般,３　４３３５１５２
202609172404,2026-09-17,24,04R,4471,新田 泰章,2026-09-05,2026-09-11,03,江戸川,一般,５２２　１１１　４２[１],2026-08-25,2026-08-30,09,津,一般,４６２　２１１　１１[２],2026-08-14,2026-08-19,17,宮島,一般,５５１　５４４２２　１２,2026-08-03,2026-08-08,04,平和島,ＧⅢ,３４１　５１１３３１[２],2026-07-20,2026-07-25,15,丸亀,一般,２１２６２３２　１３４１,4224,大橋 栄里佳,2026-08-06,2026-08-11,18,徳山,ＧⅠ,４　４　６５６　４５６,2026-07-27,2026-07-31,19,下関,一般,４　５３２５２　４６,2026-07-13,2026-07-18,13,尼崎,ＧⅢ,４　１４３４４　６２３２,2026-06-26,2026-07-01,17,宮島,一般,３　２３３４４５３　２３,2026-06-12,2026-06-17,22,福岡,ＧⅢ,２　４３６６５４５　５３,4743,木村 仁紀,2026-09-03,2026-09-08,09,津,ＧⅠ,５　３　１３５　４２５３,2026-08-24,2026-08-28,15,丸亀,一般,２２３５１３４３５１,2026-08-15,2026-08-20,11,びわこ,一般,５５２５１２１　２３１４,2026-08-03,2026-08-08,17,宮島,一般,５４２５４２３　１　４３,2026-07-23,2026-07-27,01,桐生,一般,１４２４１３１３２１,4754,松尾 充,2026-09-07,2026-09-12,16,児島,一般,６　２１２２４２１４２３,2026-08-26,2026-08-31,11,びわこ,一般,２５３１１　２４３３２１,2026-08-15,2026-08-20,09,津,一般,３２１　４１３１４２[４],2026-07-31,2026-08-05,05,多摩川,一般,１　２６５１２６１　２２,2026-07-15,2026-07-20,18,徳山,一般,１３３３１６２　１４５３,5147,田中 勇輔,2026-09-01,2026-09-06,12,住之江,一般,５６３　２１５　６３３,2026-08-17,2026-08-21,13,尼崎,一般,欠欠,2026-08-02,2026-08-05,21,芦屋,一般,６　４６５　４４,2026-06-20,2026-06-25,15,丸亀,一般,５５２　４３２　３４５,2026-05-25,2026-05-31,03,江戸川,一般,３　１２転　６５４　３　４F,4041,小林 基樹,2026-09-04,2026-09-08,07,蒲郡,一般,４３３６６　２　３５,2026-08-21,2026-08-26,03,江戸川,一般,２５６　４３４５６　６１,2026-08-07,2026-08-11,15,丸亀,一般,１　４３５５F　４,2026-07-27,2026-07-31,19,下関,一般,１２４　３５３５２６,2026-07-15,2026-07-20,18,徳山,一般,５６３　１　３５３　２４
202609172405,2026-09-17,24,05R,3776,横井 健太,2026-09-03,2026-09-08,10,三国,一般,５　６４６　６５５　６,2026-08-17,2026-08-21,13,尼崎,一般,５　６４３　４５６,2026-08-03,2026-08-08,19,下関,一般,５５６　５６３　１　６,2026-07-24,2026-07-29,17,宮島,一般,４　５４５　５６妨欠,2026-07-14,2026-07-19,01,桐生,一般,３　３２３６５　４　６２,5154,村松 栄太,2026-09-04,2026-09-09,11,びわこ,一般,３　４２１４４５１６２６,2026-08-17,2026-08-21,13,尼崎,一般,４２１　６２５６２５,2026-08-05,2026-08-10,14,鳴門,一般,５　１５５　４５４　４６,2026-07-27,2026-08-01,10,三国,一般,２２１　４２４３５４４６,2026-07-18,2026-07-21,04,平和島,一般,５　５６１４４５,4514,上條 嘉嗣,2026-09-09,2026-09-13,17,宮島,一般,１６３５２６６５,2026-08-27,2026-09-01,07,蒲郡,一般,１３２２２１１１３２[６],2026-08-13,2026-08-18,12,住之江,一般,２　４１５　３５１　２３,2026-08-04,2026-08-09,10,三国,一般,４１１３２　３３４３６,2026-07-27,2026-08-01,09,津,一般,２　１,4549,小林 文彦,2026-09-07,2026-09-12,16,児島,一般,３４５,2026-08-24,2026-08-28,15,丸亀,一般,３３５　２５２４４,2026-08-17,2026-08-21,13,尼崎,一般,２４２　２４１４２３,2026-08-03,2026-08-08,04,平和島,ＧⅢ,２　４６４４３　１２５３,2026-07-15,2026-07-19,08,常滑,一般,２２２２１　４２[４],5020,宮村 勇哉,2026-09-01,2026-09-06,12,住之江,一般,１６４　６４,2026-08-23,2026-08-27,18,徳山,一般,４２１　１４５５１３,2026-08-04,2026-08-09,10,三国,一般,３５５　２　３６４６５４,2026-07-24,2026-07-29,17,宮島,一般,３５１　１５２　１５４４,2026-07-10,2026-07-15,23,からつ,一般,２　２６２　２２５５３３,4676,後藤 隼之,2026-08-11,2026-08-16,04,平和島,一般,４　３２２　５３５４４３,2026-07-29,2026-08-03,22,福岡,一般,２　３４不５１転３　３１,2026-07-19,2026-07-23,05,多摩川,一般,５３３２４　６１２３,2026-07-07,2026-07-12,20,若松,ＧⅢ,１５３３３　２　F２６,2026-06-25,2026-06-29,21,芦屋,一般,５６４　沈４３　５
202609172406,2026-09-17,24,06R,4512,高野 哲史,2026-09-03,2026-09-08,09,津,ＧⅠ,２　２５１　４　５　１４,2026-08-22,2026-08-27,22,福岡,一般,２５４　１２２１３６６３,2026-08-16,2026-08-19,14,鳴門,一般,５６１３１２[６],2026-08-09,2026-08-14,13,尼崎,一般,３６１１６　３１６　２６,2026-07-29,2026-08-01,18,徳山,一般,４６１１１５３３,5174,川井 萌,2026-08-11,2026-08-16,06,浜名湖,一般,４　１６５　４４５２５,2026-07-25,2026-07-30,04,平和島,一般,５　４１２　３３４１[５],2026-07-10,2026-07-15,06,浜名湖,一般,２　３１２５３１４５F３,2026-07-01,2026-07-06,07,蒲郡,一般,３３３　４　１３５　４３,2026-06-18,2026-06-23,02,戸田,一般,２　３４３　３２３５１４,4219,本岡 勝利,2026-09-04,2026-09-08,07,蒲郡,一般,５５４　５　３６３,2026-08-20,2026-08-25,21,芦屋,一般,４５４　３　４５５　４６,2026-08-04,2026-08-09,10,三国,一般,２　４６３２６　５４３４,2026-06-28,2026-07-03,20,若松,一般,５４３　４６２　４　５４,2026-06-09,2026-06-14,23,からつ,一般,６６３　４　４４５４５,4958,溝口 海義也,2026-09-02,2026-09-07,22,福岡,一般,３　４４２　４２４３１１,2026-08-20,2026-08-25,21,芦屋,一般,３６５　３３４３１３１２,2026-08-07,2026-08-12,20,若松,一般,２３２２２５２　１５２３,2026-07-23,2026-07-28,03,江戸川,ＧⅢ,３４３　５６１　１３１５,2026-07-10,2026-07-15,22,福岡,一般,２　１５２５１３２２[６],5006,久保原 秀人,2026-09-01,2026-09-06,12,住之江,一般,３　５２５　５６６　４５,2026-08-15,2026-08-20,05,多摩川,一般,５　５５５　６５６　２,2026-08-04,2026-08-09,10,三国,一般,３６６　６　６５５　６５,2026-07-21,2026-07-26,23,からつ,一般,５　６５５６６　４５５,2026-07-07,2026-07-12,08,常滑,一般,５６６　１６４　５５３６,4895,門間 雄大,2026-09-05,2026-09-10,04,平和島,一般,４３３　１３１　３３４２,2026-08-21,2026-08-26,03,江戸川,一般,４　４５F　３５５　２２,2026-08-11,2026-08-16,04,平和島,一般,１６３　３４転３１　６５,2026-07-27,2026-08-01,10,三国,一般,４４４６２６６　２　３４,2026-07-17,2026-07-22,16,児島,ＧⅢ,２５１３４　５２１４３６
202609172407,2026-09-17,24,07R,4885,大山 千広,2026-09-06,2026-09-11,14,鳴門,一般,２１１３１　３３４１[１],2026-08-24,2026-08-29,10,三国,一般,２　１４２４１３１１[１],2026-08-10,2026-08-15,21,芦屋,一般,２５３１４　１５３６２,2026-07-31,2026-08-05,01,桐生,ＧⅢ,２　１１３２１１３１[１],2026-07-19,2026-07-24,19,下関,ＧⅢ,２４１１１　３１４１[４],4998,中村 かなえ,2026-09-05,2026-09-10,04,平和島,一般,４　１２５３１　２１[５],2026-08-18,2026-08-23,16,児島,一般,エ　２４３５５　６６２２,2026-08-03,2026-08-08,17,宮島,一般,５２２　５２２４６５１５,2026-07-03,2026-07-08,13,尼崎,一般,２　３３３６４　３５４１,2026-06-18,2026-06-23,02,戸田,一般,４　４５４　４６２　２２,4243,西村 歩,2026-08-06,2026-08-11,18,徳山,ＧⅠ,２　３　５２６　６６６,2026-07-27,2026-07-31,19,下関,一般,４２３　２１２４３３,2026-07-13,2026-07-18,13,尼崎,ＧⅢ,５１１　５２３　２４２５,2026-06-24,2026-06-29,12,住之江,一般,２　１６３　２６１６４５,2026-06-06,2026-06-11,15,丸亀,一般,２　２１３２３３F６４,5198,奥村 明日香,2026-09-06,2026-09-11,14,鳴門,一般,１３２　５１１５２６２２,2026-08-16,2026-08-19,14,鳴門,一般,２３４　２６４１,2026-08-07,2026-08-12,20,若松,一般,１４１　１２５１６６１６,2026-04-29,2026-05-04,22,福岡,一般,２　４６５　３１２　４６,2026-04-22,2026-04-27,20,若松,ＧⅢ,　　　　　　　　　　６５,4984,森下 愛梨,2026-09-06,2026-09-11,14,鳴門,一般,１　４３６４６　６　４４,2026-08-24,2026-08-29,10,三国,一般,６２１　３５４　１　５２,2026-08-11,2026-08-16,06,浜名湖,一般,５５３　２３４　４４３,2026-07-18,2026-07-23,09,津,ＧⅢ,６　２３５　２２４４転,2026-07-07,2026-07-12,11,びわこ,一般,２　６１６５４　３４５,5314,中曽 瑠華,2026-09-05,2026-09-10,04,平和島,一般,３　５５５　３５１　３３,2026-08-18,2026-08-23,16,児島,一般,６　４５６　４５３　５６,2026-08-08,2026-08-11,05,多摩川,一般,５４６　４　３２,2026-07-25,2026-07-30,04,平和島,一般,５５５　５　６６６　５５,2026-07-18,2026-07-21,20,若松,一般,５３５５６　４
202609172408,2026-09-17,24,08R,4788,小池 哲也,2026-09-07,2026-09-12,16,児島,一般,５　１３２４１３１６５６,2026-08-27,2026-09-01,07,蒲郡,一般,５　３１２　４４３１５６,2026-08-13,2026-08-18,12,住之江,一般,３　２６５　４３３　３２,2026-08-02,2026-08-05,21,芦屋,一般,５３５２４　４３,2026-07-20,2026-07-25,15,丸亀,一般,不　１１３２３　２２[６],5035,櫻井 優,2026-09-09,2026-09-13,17,宮島,一般,２３３５６　２　２２,2026-08-29,2026-09-03,19,下関,一般,４６５　３　３１６２４１,2026-08-12,2026-08-17,02,戸田,一般,６　５　２４２４１１３３,2026-07-29,2026-08-03,23,からつ,一般,１１１　３６３　６６４５,2026-07-18,2026-07-23,09,津,ＧⅢ,２　６５２　３６３１１４,4457,神田 達也,2026-09-02,2026-09-06,17,宮島,一般,３１６　６１４　３２,2026-08-20,2026-08-23,02,戸田,一般,４５不,2026-08-04,2026-08-09,12,住之江,一般,４４５　６２６　３　５,2026-06-25,2026-06-30,01,桐生,ＧⅢ,６　５６６５４　４　６３,2026-06-11,2026-06-15,20,若松,一般,４４５４１　２３３,3976,内田 圭,2026-08-31,2026-09-05,18,徳山,一般,３　６１２　５４５５１,2026-08-21,2026-08-26,06,浜名湖,一般,４　３６５　１５３２４,2026-08-04,2026-08-09,12,住之江,一般,２　４２妨　２　５６５,2026-07-24,2026-07-29,17,宮島,一般,４　５５１　５２２５２５,2026-07-10,2026-07-13,19,下関,一般,６５６　５　６６,3419,栗原 謙治,2026-08-20,2026-08-23,04,平和島,一般,５　４５６　５,2026-07-24,2026-07-27,02,戸田,一般,６　５６６　６,2026-07-03,2026-07-06,09,津,一般,６　６３５　６,2026-06-18,2026-06-21,04,平和島,一般,６　３６６　４,2026-05-28,2026-05-31,02,戸田,一般,４　４４６５６,4121,富永 修一,2026-09-07,2026-09-11,13,尼崎,一般,２６２　２２４３３５,2026-08-25,2026-08-30,17,宮島,一般,２　１４１４５５１５３２,2026-08-12,2026-08-17,22,福岡,一般,４３１４４２４　１５１４,2026-08-02,2026-08-05,21,芦屋,一般,１３４５３１２５,2026-07-22,2026-07-27,14,鳴門,一般,１１５４３４４　１４２４
202609172409,2026-09-17,24,09R,4754,松尾 充,2026-09-07,2026-09-12,16,児島,一般,６　２１２２４２１４２３,2026-08-26,2026-08-31,11,びわこ,一般,２５３１１　２４３３２１,2026-08-15,2026-08-20,09,津,一般,３２１　４１３１４２[４],2026-07-31,2026-08-05,05,多摩川,一般,１　２６５１２６１　２２,2026-07-15,2026-07-20,18,徳山,一般,１３３３１６２　１４５３,5157,市川 健太,2026-09-04,2026-09-09,11,びわこ,一般,２３１　３２５３１４２２,2026-08-15,2026-08-20,11,びわこ,一般,３３５　１１４６５６１５,2026-08-08,2026-08-11,05,多摩川,一般,１　３６１３３１,2026-07-25,2026-07-29,20,若松,一般,５４６６６　６　１５,2026-07-10,2026-07-13,19,下関,一般,２６５　１６４,4177,萬 正嗣,2026-09-03,2026-09-06,02,戸田,一般,２２６　６６２５,2026-08-15,2026-08-20,05,多摩川,一般,６４６　２５３　６　６,2026-08-03,2026-08-08,04,平和島,ＧⅢ,６　３５５　１５６　３６,2026-07-17,2026-07-20,02,戸田,一般,５　２３６４６３,2026-07-07,2026-07-12,08,常滑,一般,１　５５６　落欠,3920,正木 聖賢,2026-09-09,2026-09-13,17,宮島,一般,１　３２６２４６３５,2026-08-23,2026-08-27,18,徳山,一般,４　６５６　６６６４,2026-05-26,2026-05-31,15,丸亀,ＧⅢ,２　６６２５５転,2026-05-11,2026-05-15,08,常滑,一般,５５５１４　４　４１,2026-04-30,2026-05-05,17,宮島,一般,３　４４１１５４４６４３,4293,鈴木 智啓,2026-09-01,2026-09-06,12,住之江,一般,２５５　３４３　１　２３,2026-08-20,2026-08-23,23,からつ,一般,５１４　３１３５,2026-08-10,2026-08-15,08,常滑,一般,４　３３４　３５４５５,2026-07-27,2026-08-01,09,津,一般,５　５３,2026-07-15,2026-07-19,17,宮島,一般,１５２　６６４　４５,4379,桑島 和宏,2026-09-02,2026-09-07,22,福岡,一般,５　４３４　４３４　２１,2026-08-20,2026-08-23,02,戸田,一般,４　５欠,2026-08-09,2026-08-15,03,江戸川,一般,３４３　３５３　２４４,2026-07-31,2026-08-03,20,若松,一般,５２３　２３２１,2026-07-19,2026-07-23,05,多摩川,一般,４３１　２４２４６２
202609172410,2026-09-17,24,10R,3265,今村 暢孝,2026-09-09,2026-09-13,17,宮島,一般,１　４４４３３２[３],2026-08-30,2026-09-02,21,芦屋,一般,４６５６５　３２,2026-08-17,2026-08-21,15,丸亀,一般,４　４４３１４４４２,2026-07-28,2026-08-02,16,児島,一般,１　２５４２１３２５１妨,2026-07-15,2026-07-19,17,宮島,一般,２　２２１１２２[６],5020,宮村 勇哉,2026-09-01,2026-09-06,12,住之江,一般,１６４　６４,2026-08-23,2026-08-27,18,徳山,一般,４２１　１４５５１３,2026-08-04,2026-08-09,10,三国,一般,３５５　２　３６４６５４,2026-07-24,2026-07-29,17,宮島,一般,３５１　１５２　１５４４,2026-07-10,2026-07-15,23,からつ,一般,２　２６２　２２５５３３,5060,数原 魁,2026-09-04,2026-09-09,11,びわこ,一般,６３１　２４３３１５１３,2026-08-23,2026-08-27,18,徳山,一般,３　４４３４３　１２,2026-08-09,2026-08-14,13,尼崎,一般,３　４６５　５１３１２３,2026-07-28,2026-08-02,15,丸亀,一般,２３１　２４２　４３[５],2026-07-19,2026-07-24,22,福岡,ＧⅢ,１　２２４　３４２　[５],3878,胡本 悟志,2026-08-31,2026-09-05,20,若松,ＧⅢ,３５５　６３６２４　６,2026-08-21,2026-08-24,07,蒲郡,一般,４　４５５　３,2026-08-03,2026-08-08,17,宮島,一般,４　３６６　５１５６４２,2026-07-24,2026-07-27,06,浜名湖,一般,４３３３５　１６,2026-07-07,2026-07-12,08,常滑,一般,４１１　４４４２３５５５,5174,川井 萌,2026-08-11,2026-08-16,06,浜名湖,一般,４　１６５　４４５２５,2026-07-25,2026-07-30,04,平和島,一般,５　４１２　３３４１[５],2026-07-10,2026-07-15,06,浜名湖,一般,２　３１２５３１４５F３,2026-07-01,2026-07-06,07,蒲郡,一般,３３３　４　１３５　４３,2026-06-18,2026-06-23,02,戸田,一般,２　３４３　３２３５１４,4743,木村 仁紀,2026-09-03,2026-09-08,09,津,ＧⅠ,５　３　１３５　４２５３,2026-08-24,2026-08-28,15,丸亀,一般,２２３５１３４３５１,2026-08-15,2026-08-20,11,びわこ,一般,５５２５１２１　２３１４,2026-08-03,2026-08-08,17,宮島,一般,５４２５４２３　１　４３,2026-07-23,2026-07-27,01,桐生,一般,１４２４１３１３２１
202609172411,2026-09-17,24,11R,4958,溝口 海義也,2026-09-02,2026-09-07,22,福岡,一般,３　４４２　４２４３１１,2026-08-20,2026-08-25,21,芦屋,一般,３６５　３３４３１３１２,2026-08-07,2026-08-12,20,若松,一般,２３２２２５２　１５２３,2026-07-23,2026-07-28,03,江戸川,ＧⅢ,３４３　５６１　１３１５,2026-07-10,2026-07-15,22,福岡,一般,２　１５２５１３２２[６],5147,田中 勇輔,2026-09-01,2026-09-06,12,住之江,一般,５６３　２１５　６３３,2026-08-17,2026-08-21,13,尼崎,一般,欠欠,2026-08-02,2026-08-05,21,芦屋,一般,６　４６５　４４,2026-06-20,2026-06-25,15,丸亀,一般,５５２　４３２　３４５,2026-05-25,2026-05-31,03,江戸川,一般,３　１２転　６５４　３　４F,5010,宇留田 翔平,2026-09-04,2026-09-09,11,びわこ,一般,５F３　５　５　５　５,2026-08-27,2026-08-31,04,平和島,一般,３２５３６　２４２２,2026-08-15,2026-08-20,09,津,一般,３４２　３６５　４　５２,2026-07-28,2026-08-02,16,児島,一般,３転,2026-07-18,2026-07-23,09,津,ＧⅢ,３　２５４　４３４５２,3406,中里 英夫,2026-09-01,2026-09-05,13,尼崎,一般,３２１　４４３３２１,2026-08-21,2026-08-24,07,蒲郡,一般,４３５　４３２３,2026-08-11,2026-08-16,01,桐生,一般,２２１　４３４５５　３６,2026-08-02,2026-08-05,21,芦屋,一般,３１２　４４３５,2026-07-19,2026-07-23,05,多摩川,一般,１５５２５　１　３６,5161,登玉 隼百,2026-09-03,2026-09-08,10,三国,一般,６　１６４３３４４　１４,2026-08-22,2026-08-27,08,常滑,ＧⅢ,３　５６１　６２６２２１,2026-08-09,2026-08-14,13,尼崎,一般,１　６５４　５３１４３,2026-08-02,2026-08-05,21,芦屋,一般,６６５２５　３,2026-07-19,2026-07-24,22,福岡,ＧⅢ,２　４４１　２６４　２３,4549,小林 文彦,2026-09-07,2026-09-12,16,児島,一般,３４５,2026-08-24,2026-08-28,15,丸亀,一般,３３５　２５２４４,2026-08-17,2026-08-21,13,尼崎,一般,２４２　２４１４２３,2026-08-03,2026-08-08,04,平和島,ＧⅢ,２　４６４４３　１２５３,2026-07-15,2026-07-19,08,常滑,一般,２２２２１　４２[４]
202609172412,2026-09-17,24,12R,4350,篠崎 元志,2026-09-07,2026-09-12,16,児島,一般,３１２　３３４１３１[３],2026-08-25,2026-08-30,01,桐生,ＳＧ,６１４　４　２３１４４,2026-08-12,2026-08-17,22,福岡,一般,１２１１１　１２４１[１],2026-08-04,2026-08-09,12,住之江,一般,１１１４２　４１３１[２],2026-07-27,2026-08-01,10,三国,一般,３１２１２　１１３１[４],3944,山口 裕二,2026-09-05,2026-09-11,03,江戸川,一般,２１５　５２１２５５５５,2026-08-24,2026-08-28,15,丸亀,一般,５５５１１１２３３２,2026-06-17,2026-06-22,24,大村,ＧⅡ,６　２５３２３　４２４,2026-06-07,2026-06-12,09,津,一般,１２３　２２５５２３４１,2026-05-27,2026-05-31,18,徳山,一般,３　４３３５１５２,4885,大山 千広,2026-09-06,2026-09-11,14,鳴門,一般,２１１３１　３３４１[１],2026-08-24,2026-08-29,10,三国,一般,２　１４２４１３１１[１],2026-08-10,2026-08-15,21,芦屋,一般,２５３１４　１５３６２,2026-07-31,2026-08-05,01,桐生,ＧⅢ,２　１１３２１１３１[１],2026-07-19,2026-07-24,19,下関,ＧⅢ,２４１１１　３１４１[４],4512,高野 哲史,2026-09-03,2026-09-08,09,津,ＧⅠ,２　２５１　４　５　１４,2026-08-22,2026-08-27,22,福岡,一般,２５４　１２２１３６６３,2026-08-16,2026-08-19,14,鳴門,一般,５６１３１２[６],2026-08-09,2026-08-14,13,尼崎,一般,３６１１６　３１６　２６,2026-07-29,2026-08-01,18,徳山,一般,４６１１１５３３,4471,新田 泰章,2026-09-05,2026-09-11,03,江戸川,一般,５２２　１１１　４２[１],2026-08-25,2026-08-30,09,津,一般,４６２　２１１　１１[２],2026-08-14,2026-08-19,17,宮島,一般,５５１　５４４２２　１２,2026-08-03,2026-08-08,04,平和島,ＧⅢ,３４１　５１１３３１[２],2026-07-20,2026-07-25,15,丸亀,一般,２１２６２３２　１３４１,4514,上條 嘉嗣,2026-09-09,2026-09-13,17,宮島,一般,１６３５２６６５,2026-08-27,2026-09-01,07,蒲郡,一般,１３２２２１１１３２[６],2026-08-13,2026-08-18,12,住之江,一般,２　４１５　３５１　２３,2026-08-04,2026-08-09,10,三国,一般,４１１３２　３３４３６,2026-07-27,2026-08-01,09,津,一般,２　１
