レースコード,レース日,レース場コード,レース回,艇1_登録番号,艇1_選手名,艇1_前1節_開始日,艇1_前1節_終了日,艇1_前1節_場コード,艇1_前1節_場名,艇1_前1節_グレード,艇1_前1節_着順列,艇1_前2節_開始日,艇1_前2節_終了日,艇1_前2節_場コード,艇1_前2節_場名,艇1_前2節_グレード,艇1_前2節_着順列,艇1_前3節_開始日,艇1_前3節_終了日,艇1_前3節_場コード,艇1_前3節_場名,艇1_前3節_グレード,艇1_前3節_着順列,艇1_前4節_開始日,艇1_前4節_終了日,艇1_前4節_場コード,艇1_前4節_場名,艇1_前4節_グレード,艇1_前4節_着順列,艇1_前5節_開始日,艇1_前5節_終了日,艇1_前5節_場コード,艇1_前5節_場名,艇1_前5節_グレード,艇1_前5節_着順列,艇2_登録番号,艇2_選手名,艇2_前1節_開始日,艇2_前1節_終了日,艇2_前1節_場コード,艇2_前1節_場名,艇2_前1節_グレード,艇2_前1節_着順列,艇2_前2節_開始日,艇2_前2節_終了日,艇2_前2節_場コード,艇2_前2節_場名,艇2_前2節_グレード,艇2_前2節_着順列,艇2_前3節_開始日,艇2_前3節_終了日,艇2_前3節_場コード,艇2_前3節_場名,艇2_前3節_グレード,艇2_前3節_着順列,艇2_前4節_開始日,艇2_前4節_終了日,艇2_前4節_場コード,艇2_前4節_場名,艇2_前4節_グレード,艇2_前4節_着順列,艇2_前5節_開始日,艇2_前5節_終了日,艇2_前5節_場コード,艇2_前5節_場名,艇2_前5節_グレード,艇2_前5節_着順列,艇3_登録番号,艇3_選手名,艇3_前1節_開始日,艇3_前1節_終了日,艇3_前1節_場コード,艇3_前1節_場名,艇3_前1節_グレード,艇3_前1節_着順列,艇3_前2節_開始日,艇3_前2節_終了日,艇3_前2節_場コード,艇3_前2節_場名,艇3_前2節_グレード,艇3_前2節_着順列,艇3_前3節_開始日,艇3_前3節_終了日,艇3_前3節_場コード,艇3_前3節_場名,艇3_前3節_グレード,艇3_前3節_着順列,艇3_前4節_開始日,艇3_前4節_終了日,艇3_前4節_場コード,艇3_前4節_場名,艇3_前4節_グレード,艇3_前4節_着順列,艇3_前5節_開始日,艇3_前5節_終了日,艇3_前5節_場コード,艇3_前5節_場名,艇3_前5節_グレード,艇3_前5節_着順列,艇4_登録番号,艇4_選手名,艇4_前1節_開始日,艇4_前1節_終了日,艇4_前1節_場コード,艇4_前1節_場名,艇4_前1節_グレード,艇4_前1節_着順列,艇4_前2節_開始日,艇4_前2節_終了日,艇4_前2節_場コード,艇4_前2節_場名,艇4_前2節_グレード,艇4_前2節_着順列,艇4_前3節_開始日,艇4_前3節_終了日,艇4_前3節_場コード,艇4_前3節_場名,艇4_前3節_グレード,艇4_前3節_着順列,艇4_前4節_開始日,艇4_前4節_終了日,艇4_前4節_場コード,艇4_前4節_場名,艇4_前4節_グレード,艇4_前4節_着順列,艇4_前5節_開始日,艇4_前5節_終了日,艇4_前5節_場コード,艇4_前5節_場名,艇4_前5節_グレード,艇4_前5節_着順列,艇5_登録番号,艇5_選手名,艇5_前1節_開始日,艇5_前1節_終了日,艇5_前1節_場コード,艇5_前1節_場名,艇5_前1節_グレード,艇5_前1節_着順列,艇5_前2節_開始日,艇5_前2節_終了日,艇5_前2節_場コード,艇5_前2節_場名,艇5_前2節_グレード,艇5_前2節_着順列,艇5_前3節_開始日,艇5_前3節_終了日,艇5_前3節_場コード,艇5_前3節_場名,艇5_前3節_グレード,艇5_前3節_着順列,艇5_前4節_開始日,艇5_前4節_終了日,艇5_前4節_場コード,艇5_前4節_場名,艇5_前4節_グレード,艇5_前4節_着順列,艇5_前5節_開始日,艇5_前5節_終了日,艇5_前5節_場コード,艇5_前5節_場名,艇5_前5節_グレード,艇5_前5節_着順列,艇6_登録番号,艇6_選手名,艇6_前1節_開始日,艇6_前1節_終了日,艇6_前1節_場コード,艇6_前1節_場名,艇6_前1節_グレード,艇6_前1節_着順列,艇6_前2節_開始日,艇6_前2節_終了日,艇6_前2節_場コード,艇6_前2節_場名,艇6_前2節_グレード,艇6_前2節_着順列,艇6_前3節_開始日,艇6_前3節_終了日,艇6_前3節_場コード,艇6_前3節_場名,艇6_前3節_グレード,艇6_前3節_着順列,艇6_前4節_開始日,艇6_前4節_終了日,艇6_前4節_場コード,艇6_前4節_場名,艇6_前4節_グレード,艇6_前4節_着順列,艇6_前5節_開始日,艇6_前5節_終了日,艇6_前5節_場コード,艇6_前5節_場名,艇6_前5節_グレード,艇6_前5節_着順列
202609250101,2026-09-25,01,01R,4872,山下 流心,2026-09-04,2026-09-08,07,蒲郡,一般,１　２４６５３　３４,2026-07-24,2026-07-27,12,住之江,一般,３６４　５　５５,2026-07-14,2026-07-17,24,大村,一般,２　５６５　４３,2026-06-30,2026-07-05,06,浜名湖,一般,５５F　２　５　５　６,2026-06-21,2026-06-26,16,児島,一般,１４４　３６５　２６２,5179,藤本 元輝,2026-09-04,2026-09-09,11,びわこ,一般,５２３　５５４　５　６５,2026-08-23,2026-08-27,18,徳山,一般,６　１６４６６２６６,2026-08-09,2026-08-14,13,尼崎,一般,１　３５２　２３６　５５,2026-07-24,2026-07-27,12,住之江,一般,２３１　１６１６,2026-07-12,2026-07-16,05,多摩川,一般,１　５　５２４４４２,5201,村上 宗太郎,2026-09-05,2026-09-10,04,平和島,一般,４　１F６　３　５　６,2026-08-15,2026-08-20,05,多摩川,一般,６１２　３４４　２３３４,2026-07-30,2026-08-04,08,常滑,一般,３　３６３　３１１５３４,2026-07-18,2026-07-21,04,平和島,一般,１３３　２３４１,2026-07-12,2026-07-16,05,多摩川,一般,５３６　３５４　５,3352,小川 晃司,2026-09-03,2026-09-06,02,戸田,一般,２２２　４２３３,2026-08-22,2026-08-26,20,若松,一般,４　６６５２１３４,2026-08-10,2026-08-15,21,芦屋,一般,４　３２５３４　４　２２,2026-07-31,2026-08-05,06,浜名湖,ＧⅢ,５４３　５４３　３　５５,2026-07-15,2026-07-20,18,徳山,一般,３　２４５　６６６　３,5427,港 理樹,2026-09-05,2026-09-11,03,江戸川,一般,５　３４５　６６６　２５,2026-08-26,2026-08-31,11,びわこ,一般,６３６　３２６　３　５６,2026-08-11,2026-08-16,04,平和島,一般,２　３５４６４　６５２,2026-08-03,2026-08-08,04,平和島,ＧⅢ,　　　　　　　　　　６６,2026-07-24,2026-07-27,06,浜名湖,一般,６２６　４６５４,3659,藤生 雄人,2026-09-12,2026-09-15,10,三国,一般,５５３２４　６,2026-09-03,2026-09-06,02,戸田,一般,６５３,2026-08-21,2026-08-24,07,蒲郡,一般,２１２　２４４３,2026-08-11,2026-08-16,01,桐生,一般,転　２３２　２４３３４,2026-07-31,2026-08-05,05,多摩川,一般,３　１２４　３３６４４４
202609250102,2026-09-25,01,02R,3357,福島 陽子,2026-09-09,2026-09-14,21,芦屋,一般,５４２　６３６　４５３,2026-08-30,2026-09-04,06,浜名湖,ＧⅢ,２５６　６４３　４　５３,2026-08-08,2026-08-13,16,児島,一般,１　５５３　６６５　５３,2026-07-19,2026-07-24,19,下関,ＧⅢ,１　６６３６５　６　３６,2026-07-05,2026-07-09,24,大村,一般,６　４５２　４　６５,4065,金田 幸子,2026-09-05,2026-09-10,04,平和島,一般,６　６４１　６４２　１６,2026-08-25,2026-08-30,09,津,一般,４６４　３２６　３　５１,2026-08-12,2026-08-17,24,大村,ＧⅢ,５　１３２　４１１３転４,2026-07-22,2026-07-26,08,常滑,一般,６６２２５　５　６１,2026-06-12,2026-06-17,22,福岡,ＧⅢ,１４６　３３６　５１３,4987,島倉 都,2026-09-02,2026-09-06,17,宮島,一般,４４６　４　３５５４,2026-08-11,2026-08-16,01,桐生,一般,３　６６６　６　４６３,2026-07-31,2026-08-05,01,桐生,ＧⅢ,４６５　１４６　１　２４,2026-07-19,2026-07-24,19,下関,ＧⅢ,５３６　４５１　６５２,2026-07-11,2026-07-14,04,平和島,一般,４　５６６　５６,5335,森 陽多,2026-09-07,2026-09-12,16,児島,一般,６　６５６　５５２　１６,2026-08-24,2026-08-29,10,三国,一般,６　３６１　３６４　２５,2026-08-12,2026-08-17,24,大村,ＧⅢ,６３６　５２６　６　４５,2026-07-28,2026-08-02,15,丸亀,一般,６　５６３　４６２　５,2026-07-19,2026-07-24,19,下関,ＧⅢ,２　６６３　５６６　４１,5436,市川 瑚幸,2026-09-12,2026-09-17,08,常滑,一般,５　６６６　６６６５６６,2026-08-30,2026-09-04,06,浜名湖,ＧⅢ,６６４　６６６　６　６６,2026-08-11,2026-08-16,04,平和島,一般,転６６　６　３５５６６,2026-07-25,2026-07-30,04,平和島,一般,６　３６６　５５６　５６,2026-06-29,2026-07-04,08,常滑,一般,６　６５６　６６５６６,5184,飯塚 響,2026-07-31,2026-08-05,01,桐生,ＧⅢ,４　６４６,2026-07-07,2026-07-12,08,常滑,一般,１落４　６５６　５３不２,2026-05-30,2026-06-04,05,多摩川,ＧⅢ,５　４６５　４６６　６,2026-05-12,2026-05-17,07,蒲郡,一般,５　５６５　１６４　１６,2026-04-18,2026-04-22,15,丸亀,一般,６　６
202609250103,2026-09-25,01,03R,4892,柴田 直哉,2026-09-01,2026-09-05,13,尼崎,一般,６　５６３３１　４２,2026-08-20,2026-08-23,24,大村,一般,２　２３３６１１,2026-08-07,2026-08-12,20,若松,一般,３　５５６４４５４　５５,2026-07-27,2026-07-31,19,下関,一般,５　１５４２１　３３,2026-07-16,2026-07-21,11,びわこ,一般,６６６　５　４６４　５１,5061,中村 駿平,2026-09-01,2026-09-06,12,住之江,一般,６　４６６,2026-07-12,2026-07-16,05,多摩川,一般,２　５５４　６５５,2026-06-21,2026-06-24,10,三国,一般,６　５４３　６６,2026-06-04,2026-06-08,08,常滑,一般,５　４６５４F　６,2026-05-21,2026-05-24,19,下関,一般,５　５６４　６４,5185,加藤 優弥,2026-08-14,2026-08-19,10,三国,一般,１１４４４　転３３　１１,2026-08-06,2026-08-09,02,戸田,一般,３　２３１１[３],2026-07-27,2026-08-01,09,津,一般,５　４５,2026-07-12,2026-07-16,05,多摩川,一般,５沈５４４　５　６,2026-06-29,2026-07-03,11,びわこ,一般,１５４　４１F　５,4485,楠原 正剛,2026-08-12,2026-08-17,22,福岡,一般,６１１　２５１３４３３１,2026-08-03,2026-08-08,19,下関,一般,６　５３４　６３落,2026-07-15,2026-07-20,18,徳山,一般,４　５１３　５３２３３,2026-07-03,2026-07-06,09,津,一般,６F３　５　６,2026-06-23,2026-06-28,07,蒲郡,一般,２５４　２４２　２５２６,3654,武田 光史,2026-09-11,2026-09-16,12,住之江,一般,３　２１２　６３３２[６],2026-08-28,2026-09-02,05,多摩川,ＧⅢ,６２２　６４３２３　３,2026-08-14,2026-08-19,10,三国,一般,３３５　１２１２３１[２],2026-07-27,2026-08-01,09,津,一般,２　２,2026-07-18,2026-07-21,20,若松,一般,欠,3740,大澤 普司,2026-09-09,2026-09-13,05,多摩川,一般,５４２３１２２３３５,2026-08-26,2026-08-31,11,びわこ,一般,４３５２２　１３６４４３,2026-08-11,2026-08-16,01,桐生,一般,３３２３１　２　２　[３],2026-08-02,2026-08-05,21,芦屋,一般,４５１５３　１４,2026-07-23,2026-07-28,03,江戸川,ＧⅢ,５　６３２　２５
202609250104,2026-09-25,01,04R,5265,大廣 咲季,2026-09-07,2026-09-12,16,児島,一般,５　３６５　２５３　１５,2026-08-26,2026-08-30,14,鳴門,一般,６　５４６　５　６４,2026-08-17,2026-08-21,15,丸亀,一般,６３６　６　６５３,2026-08-03,2026-08-08,17,宮島,一般,６６６　４５２　５　３２,2026-07-25,2026-07-30,04,平和島,一般,５６６　２　５５６　１４,3994,小野 桜,2026-09-02,2026-09-06,17,宮島,一般,４　４６４３欠,2026-08-18,2026-08-23,16,児島,一般,４　３３１　１６２５４６,2026-07-31,2026-08-05,05,多摩川,一般,２　６４５　６５２　３１,2026-07-10,2026-07-15,06,浜名湖,一般,２　６４３　５４５　３２,2026-06-12,2026-06-17,22,福岡,ＧⅢ,４５３　２３４　２４１,4690,高石 梨菜,2026-09-05,2026-09-10,04,平和島,一般,１　５１１２５　２４１２,2026-08-17,2026-08-20,20,若松,一般,３４３５３　５１,2026-07-24,2026-07-27,06,浜名湖,一般,５５２　２５２３,2026-07-11,2026-07-14,04,平和島,一般,１３５　６２６,2026-06-14,2026-06-18,01,桐生,一般,３　２　３５４１４２,4627,藤原 菜希,2026-09-06,2026-09-11,14,鳴門,一般,３　４４３６５３５　１,2026-08-24,2026-08-29,10,三国,一般,４　１６３転３　５１２３,2026-08-12,2026-08-17,24,大村,ＧⅢ,３４１１１　３２１１[２],2026-08-03,2026-08-08,17,宮島,一般,４３５３１　１１４２[１],2026-07-25,2026-07-30,04,平和島,一般,６　１２１３３４１２[４],4443,津田 裕絵,2026-09-09,2026-09-14,21,芦屋,一般,２６４　３４４　２２１６,2026-08-17,2026-08-20,20,若松,一般,１３５　４４４１,2026-08-03,2026-08-08,17,宮島,一般,４２３　２６２　３１１,2026-07-25,2026-07-30,04,平和島,一般,５２４　２６２　１１１５,2026-07-10,2026-07-15,06,浜名湖,一般,４　２５３　５５２　４４,5437,中澤 里桜,2026-08-25,2026-08-30,17,宮島,一般,６　６６６６６　６　６６,2026-07-13,2026-07-18,13,尼崎,ＧⅢ,５　５６４６３　６　４,2026-06-24,2026-06-29,12,住之江,一般,６６５　６６６　６　６,2026-06-06,2026-06-11,15,丸亀,一般,６６２　５５５　６６F,2026-05-29,2026-06-02,14,鳴門,一般,　　　　　　　　６４
202609250105,2026-09-25,01,05R,5114,小林 孝彰,2026-08-28,2026-09-02,05,多摩川,ＧⅢ,６　５４５６３　２　５,2026-08-14,2026-08-19,10,三国,一般,２　４２１　５２６６１５,2026-08-02,2026-08-05,21,芦屋,一般,２３２　１４２２,2026-07-18,2026-07-23,09,津,ＧⅢ,２　４６５　４５３６２,2026-07-04,2026-07-09,18,徳山,一般,６５４　４５１　１１３４,4311,岡村 仁,2026-09-11,2026-09-16,12,住之江,一般,６６６　１　１２１４４１,2026-08-26,2026-08-31,11,びわこ,一般,４２４　４２１２１６２５,2026-08-13,2026-08-18,12,住之江,一般,４５２　２４５　４２２,2026-08-06,2026-08-09,02,戸田,一般,４３２　１１[６],2026-07-27,2026-08-01,09,津,一般,２４４,4228,吉田 慎二郎,2026-08-14,2026-08-19,10,三国,一般,３３４６１３２　１６４６,2026-07-31,2026-08-05,05,多摩川,一般,３３１　３２１２３２[４],2026-07-15,2026-07-21,12,住之江,一般,２６２　５５,2026-07-03,2026-07-06,09,津,一般,３　１１４F２,2026-06-18,2026-06-21,20,若松,一般,１　３２２２[５],5179,藤本 元輝,2026-09-04,2026-09-09,11,びわこ,一般,５２３　５５４　５　６５,2026-08-23,2026-08-27,18,徳山,一般,６　１６４６６２６６,2026-08-09,2026-08-14,13,尼崎,一般,１　３５２　２３６　５５,2026-07-24,2026-07-27,12,住之江,一般,２３１　１６１６,2026-07-12,2026-07-16,05,多摩川,一般,１　５　５２４４４２,3659,藤生 雄人,2026-09-12,2026-09-15,10,三国,一般,５５３２４　６,2026-09-03,2026-09-06,02,戸田,一般,６５３,2026-08-21,2026-08-24,07,蒲郡,一般,２１２　２４４３,2026-08-11,2026-08-16,01,桐生,一般,転　２３２　２４３３４,2026-07-31,2026-08-05,05,多摩川,一般,３　１２４　３３６４４４,3352,小川 晃司,2026-09-03,2026-09-06,02,戸田,一般,２２２　４２３３,2026-08-22,2026-08-26,20,若松,一般,４　６６５２１３４,2026-08-10,2026-08-15,21,芦屋,一般,４　３２５３４　４　２２,2026-07-31,2026-08-05,06,浜名湖,ＧⅢ,５４３　５４３　３　５５,2026-07-15,2026-07-20,18,徳山,一般,３　２４５　６６６　３
202609250106,2026-09-25,01,06R,5213,湯淺 紀香,2026-09-05,2026-09-10,04,平和島,一般,５２５　３　２３５１６,2026-08-24,2026-08-29,10,三国,一般,４　５４５　２　２２２２,2026-08-12,2026-08-17,24,大村,ＧⅢ,１５４　２５１　１５１６,2026-07-18,2026-07-23,09,津,ＧⅢ,６　３５６　６４５　５６,2026-07-07,2026-07-12,11,びわこ,一般,１　３４３転５　２３３５,4720,西澤 日花里,2026-09-06,2026-09-11,14,鳴門,一般,４６４　５６４　６　２５,2026-08-18,2026-08-23,16,児島,一般,５　２６５　４６５　４３,2026-08-09,2026-08-14,23,からつ,一般,３６２　６　３４６　２５,2026-07-01,2026-07-06,07,蒲郡,一般,４　２３６　４６３６２,2026-06-12,2026-06-17,22,福岡,ＧⅢ,F　６６６　６　３　６,5335,森 陽多,2026-09-07,2026-09-12,16,児島,一般,６　６５６　５５２　１６,2026-08-24,2026-08-29,10,三国,一般,６　３６１　３６４　２５,2026-08-12,2026-08-17,24,大村,ＧⅢ,６３６　５２６　６　４５,2026-07-28,2026-08-02,15,丸亀,一般,６　５６３　４６２　５,2026-07-19,2026-07-24,19,下関,ＧⅢ,２　６６３　５６６　４１,5415,阿部 未侑,2026-08-24,2026-08-29,10,三国,一般,５　６　５５３　６５６,2026-08-11,2026-08-16,04,平和島,一般,４　６５４６６　６　６６,2026-04-27,2026-05-02,05,多摩川,一般,６５６　６　６６６　６６,2026-04-15,2026-04-20,09,津,一般,６　５６６　F６６　６,2026-03-17,2026-03-22,17,宮島,一般,６　６６６　F５６　６,4478,櫻本 あゆみ,2026-09-05,2026-09-10,04,平和島,一般,１６４１２　２４５２[６],2026-08-24,2026-08-29,10,三国,一般,１６１２２　２２２２[４],2026-08-06,2026-08-11,18,徳山,ＧⅠ,３　５５３　１　３４５,2026-07-19,2026-07-24,19,下関,ＧⅢ,１６５１１　２１１３２１,2026-07-07,2026-07-12,02,戸田,ＧⅡ,４　６　５４６　５６５,5436,市川 瑚幸,2026-09-12,2026-09-17,08,常滑,一般,５　６６６　６６６５６６,2026-08-30,2026-09-04,06,浜名湖,ＧⅢ,６６４　６６６　６　６６,2026-08-11,2026-08-16,04,平和島,一般,転６６　６　３５５６６,2026-07-25,2026-07-30,04,平和島,一般,６　３６６　５５６　５６,2026-06-29,2026-07-04,08,常滑,一般,６　６５６　６６５６６
202609250107,2026-09-25,01,07R,4834,浜本 裕己,2026-09-09,2026-09-14,21,芦屋,一般,５　２４１４５４４　１４,2026-08-27,2026-09-01,07,蒲郡,一般,２４１　３２４　２４２３,2026-08-13,2026-08-18,12,住之江,一般,６４３　３２１　２　F５,2026-07-31,2026-08-05,05,多摩川,一般,３１１　４４５　３３４２,2026-07-24,2026-07-27,12,住之江,一般,１２５　１４３２,5201,村上 宗太郎,2026-09-05,2026-09-10,04,平和島,一般,４　１F６　３　５　６,2026-08-15,2026-08-20,05,多摩川,一般,６１２　３４４　２３３４,2026-07-30,2026-08-04,08,常滑,一般,３　３６３　３１１５３４,2026-07-18,2026-07-21,04,平和島,一般,１３３　２３４１,2026-07-12,2026-07-16,05,多摩川,一般,５３６　３５４　５,5061,中村 駿平,2026-09-01,2026-09-06,12,住之江,一般,６　４６６,2026-07-12,2026-07-16,05,多摩川,一般,２　５５４　６５５,2026-06-21,2026-06-24,10,三国,一般,６　５４３　６６,2026-06-04,2026-06-08,08,常滑,一般,５　４６５４F　６,2026-05-21,2026-05-24,19,下関,一般,５　５６４　６４,5427,港 理樹,2026-09-05,2026-09-11,03,江戸川,一般,５　３４５　６６６　２５,2026-08-26,2026-08-31,11,びわこ,一般,６３６　３２６　３　５６,2026-08-11,2026-08-16,04,平和島,一般,２　３５４６４　６５２,2026-08-03,2026-08-08,04,平和島,ＧⅢ,　　　　　　　　　　６６,2026-07-24,2026-07-27,06,浜名湖,一般,６２６　４６５４,3740,大澤 普司,2026-09-09,2026-09-13,05,多摩川,一般,５４２３１２２３３５,2026-08-26,2026-08-31,11,びわこ,一般,４３５２２　１３６４４３,2026-08-11,2026-08-16,01,桐生,一般,３３２３１　２　２　[３],2026-08-02,2026-08-05,21,芦屋,一般,４５１５３　１４,2026-07-23,2026-07-28,03,江戸川,ＧⅢ,５　６３２　２５,3654,武田 光史,2026-09-11,2026-09-16,12,住之江,一般,３　２１２　６３３２[６],2026-08-28,2026-09-02,05,多摩川,ＧⅢ,６２２　６４３２３　３,2026-08-14,2026-08-19,10,三国,一般,３３５　１２１２３１[２],2026-07-27,2026-08-01,09,津,一般,２　２,2026-07-18,2026-07-21,20,若松,一般,欠
202609250108,2026-09-25,01,08R,5184,飯塚 響,2026-07-31,2026-08-05,01,桐生,ＧⅢ,４　６４６,2026-07-07,2026-07-12,08,常滑,一般,１落４　６５６　５３不２,2026-05-30,2026-06-04,05,多摩川,ＧⅢ,５　４６５　４６６　６,2026-05-12,2026-05-17,07,蒲郡,一般,５　５６５　１６４　１６,2026-04-18,2026-04-22,15,丸亀,一般,６　６,4443,津田 裕絵,2026-09-09,2026-09-14,21,芦屋,一般,２６４　３４４　２２１６,2026-08-17,2026-08-20,20,若松,一般,１３５　４４４１,2026-08-03,2026-08-08,17,宮島,一般,４２３　２６２　３１１,2026-07-25,2026-07-30,04,平和島,一般,５２４　２６２　１１１５,2026-07-10,2026-07-15,06,浜名湖,一般,４　２５３　５５２　４４,3994,小野 桜,2026-09-02,2026-09-06,17,宮島,一般,４　４６４３欠,2026-08-18,2026-08-23,16,児島,一般,４　３３１　１６２５４６,2026-07-31,2026-08-05,05,多摩川,一般,２　６４５　６５２　３１,2026-07-10,2026-07-15,06,浜名湖,一般,２　６４３　５４５　３２,2026-06-12,2026-06-17,22,福岡,ＧⅢ,４５３　２３４　２４１,4414,大澤 真菜,2026-09-05,2026-09-10,04,平和島,一般,４　６２２　６５５　２３,2026-08-08,2026-08-11,05,多摩川,一般,１６６　６５６,2026-07-24,2026-07-27,06,浜名湖,一般,６　４５５６５,2026-07-13,2026-07-18,13,尼崎,ＧⅢ,３　６５４　２３５６３６,2026-06-28,2026-07-03,20,若松,一般,２　５６２６４　５　５６,5437,中澤 里桜,2026-08-25,2026-08-30,17,宮島,一般,６　６６６６６　６　６６,2026-07-13,2026-07-18,13,尼崎,ＧⅢ,５　５６４６３　６　４,2026-06-24,2026-06-29,12,住之江,一般,６６５　６６６　６　６,2026-06-06,2026-06-11,15,丸亀,一般,６６２　５５５　６６F,2026-05-29,2026-06-02,14,鳴門,一般,　　　　　　　　６４,3357,福島 陽子,2026-09-09,2026-09-14,21,芦屋,一般,５４２　６３６　４５３,2026-08-30,2026-09-04,06,浜名湖,ＧⅢ,２５６　６４３　４　５３,2026-08-08,2026-08-13,16,児島,一般,１　５５３　６６５　５３,2026-07-19,2026-07-24,19,下関,ＧⅢ,１　６６３６５　６　３６,2026-07-05,2026-07-09,24,大村,一般,６　４５２　４　６５
202609250109,2026-09-25,01,09R,4485,楠原 正剛,2026-08-12,2026-08-17,22,福岡,一般,６１１　２５１３４３３１,2026-08-03,2026-08-08,19,下関,一般,６　５３４　６３落,2026-07-15,2026-07-20,18,徳山,一般,４　５１３　５３２３３,2026-07-03,2026-07-06,09,津,一般,６F３　５　６,2026-06-23,2026-06-28,07,蒲郡,一般,２５４　２４２　２５２６,4892,柴田 直哉,2026-09-01,2026-09-05,13,尼崎,一般,６　５６３３１　４２,2026-08-20,2026-08-23,24,大村,一般,２　２３３６１１,2026-08-07,2026-08-12,20,若松,一般,３　５５６４４５４　５５,2026-07-27,2026-07-31,19,下関,一般,５　１５４２１　３３,2026-07-16,2026-07-21,11,びわこ,一般,６６６　５　４６４　５１,4311,岡村 仁,2026-09-11,2026-09-16,12,住之江,一般,６６６　１　１２１４４１,2026-08-26,2026-08-31,11,びわこ,一般,４２４　４２１２１６２５,2026-08-13,2026-08-18,12,住之江,一般,４５２　２４５　４２２,2026-08-06,2026-08-09,02,戸田,一般,４３２　１１[６],2026-07-27,2026-08-01,09,津,一般,２４４,4228,吉田 慎二郎,2026-08-14,2026-08-19,10,三国,一般,３３４６１３２　１６４６,2026-07-31,2026-08-05,05,多摩川,一般,３３１　３２１２３２[４],2026-07-15,2026-07-21,12,住之江,一般,２６２　５５,2026-07-03,2026-07-06,09,津,一般,３　１１４F２,2026-06-18,2026-06-21,20,若松,一般,１　３２２２[５],5185,加藤 優弥,2026-08-14,2026-08-19,10,三国,一般,１１４４４　転３３　１１,2026-08-06,2026-08-09,02,戸田,一般,３　２３１１[３],2026-07-27,2026-08-01,09,津,一般,５　４５,2026-07-12,2026-07-16,05,多摩川,一般,５沈５４４　５　６,2026-06-29,2026-07-03,11,びわこ,一般,１５４　４１F　５,4872,山下 流心,2026-09-04,2026-09-08,07,蒲郡,一般,１　２４６５３　３４,2026-07-24,2026-07-27,12,住之江,一般,３６４　５　５５,2026-07-14,2026-07-17,24,大村,一般,２　５６５　４３,2026-06-30,2026-07-05,06,浜名湖,一般,５５F　２　５　５　６,2026-06-21,2026-06-26,16,児島,一般,１４４　３６５　２６２
202609250110,2026-09-25,01,10R,4478,櫻本 あゆみ,2026-09-05,2026-09-10,04,平和島,一般,１６４１２　２４５２[６],2026-08-24,2026-08-29,10,三国,一般,１６１２２　２２２２[４],2026-08-06,2026-08-11,18,徳山,ＧⅠ,３　５５３　１　３４５,2026-07-19,2026-07-24,19,下関,ＧⅢ,１６５１１　２１１３２１,2026-07-07,2026-07-12,02,戸田,ＧⅡ,４　６　５４６　５６５,5213,湯淺 紀香,2026-09-05,2026-09-10,04,平和島,一般,５２５　３　２３５１６,2026-08-24,2026-08-29,10,三国,一般,４　５４５　２　２２２２,2026-08-12,2026-08-17,24,大村,ＧⅢ,１５４　２５１　１５１６,2026-07-18,2026-07-23,09,津,ＧⅢ,６　３５６　６４５　５６,2026-07-07,2026-07-12,11,びわこ,一般,１　３４３転５　２３３５,4627,藤原 菜希,2026-09-06,2026-09-11,14,鳴門,一般,３　４４３６５３５　１,2026-08-24,2026-08-29,10,三国,一般,４　１６３転３　５１２３,2026-08-12,2026-08-17,24,大村,ＧⅢ,３４１１１　３２１１[２],2026-08-03,2026-08-08,17,宮島,一般,４３５３１　１１４２[１],2026-07-25,2026-07-30,04,平和島,一般,６　１２１３３４１２[４],4987,島倉 都,2026-09-02,2026-09-06,17,宮島,一般,４４６　４　３５５４,2026-08-11,2026-08-16,01,桐生,一般,３　６６６　６　４６３,2026-07-31,2026-08-05,01,桐生,ＧⅢ,４６５　１４６　１　２４,2026-07-19,2026-07-24,19,下関,ＧⅢ,５３６　４５１　６５２,2026-07-11,2026-07-14,04,平和島,一般,４　５６６　５６,4065,金田 幸子,2026-09-05,2026-09-10,04,平和島,一般,６　６４１　６４２　１６,2026-08-25,2026-08-30,09,津,一般,４６４　３２６　３　５１,2026-08-12,2026-08-17,24,大村,ＧⅢ,５　１３２　４１１３転４,2026-07-22,2026-07-26,08,常滑,一般,６６２２５　５　６１,2026-06-12,2026-06-17,22,福岡,ＧⅢ,１４６　３３６　５１３,5265,大廣 咲季,2026-09-07,2026-09-12,16,児島,一般,５　３６５　２５３　１５,2026-08-26,2026-08-30,14,鳴門,一般,６　５４６　５　６４,2026-08-17,2026-08-21,15,丸亀,一般,６３６　６　６５３,2026-08-03,2026-08-08,17,宮島,一般,６６６　４５２　５　３２,2026-07-25,2026-07-30,04,平和島,一般,５６６　２　５５６　１４
202609250111,2026-09-25,01,11R,4434,田中 辰彦,2026-09-11,2026-09-15,06,浜名湖,一般,２３４１５　F３６,2026-08-29,2026-09-03,16,児島,一般,３　４６３４４５５　３,2026-08-14,2026-08-19,17,宮島,一般,３３６　１４１５１５１１,2026-07-27,2026-08-01,09,津,一般,３　１,2026-07-15,2026-07-19,08,常滑,一般,１４４　２６２５１６,4330,奈須 啓太,2026-09-09,2026-09-14,21,芦屋,一般,１２１２１　１５２２[６],2026-08-25,2026-08-30,17,宮島,一般,１６３３１　２５１５１４,2026-08-12,2026-08-17,22,福岡,一般,４　１４６５５６２　５４,2026-07-31,2026-08-04,13,尼崎,一般,５５５　１６３　３２,2026-07-21,2026-07-26,23,からつ,一般,４４１６１　４６１　１５,4798,浜先 真範,2026-09-11,2026-09-15,06,浜名湖,一般,１１４２２１４２[４],2026-08-29,2026-09-03,19,下関,一般,５　１３４３１２１　２２,2026-08-16,2026-08-19,14,鳴門,一般,１４１３３１[２],2026-08-03,2026-08-08,17,宮島,一般,３５３　４４３１２５１４,2026-07-23,2026-07-28,21,芦屋,一般,１４１３１３１　４１[１],4654,篠田 優也,2026-09-11,2026-09-15,06,浜名湖,一般,１　３６２２４４３１,2026-08-29,2026-09-03,16,児島,一般,３３,2026-08-09,2026-08-14,13,尼崎,一般,４　１２１６２　４　１４,2026-07-29,2026-08-03,23,からつ,一般,３　５５,2026-07-20,2026-07-25,15,丸亀,一般,２５３３２　１２１　２２,5114,小林 孝彰,2026-08-28,2026-09-02,05,多摩川,ＧⅢ,６　５４５６３　２　５,2026-08-14,2026-08-19,10,三国,一般,２　４２１　５２６６１５,2026-08-02,2026-08-05,21,芦屋,一般,２３２　１４２２,2026-07-18,2026-07-23,09,津,ＧⅢ,２　４６５　４５３６２,2026-07-04,2026-07-09,18,徳山,一般,６５４　４５１　１１３４,4834,浜本 裕己,2026-09-09,2026-09-14,21,芦屋,一般,５　２４１４５４４　１４,2026-08-27,2026-09-01,07,蒲郡,一般,２４１　３２４　２４２３,2026-08-13,2026-08-18,12,住之江,一般,６４３　３２１　２　F５,2026-07-31,2026-08-05,05,多摩川,一般,３１１　４４５　３３４２,2026-07-24,2026-07-27,12,住之江,一般,１２５　１４３２
202609250112,2026-09-25,01,12R,5195,北村 寧々,2026-09-06,2026-09-11,14,鳴門,一般,１　４４５３２１４５１４,2026-08-25,2026-08-30,17,宮島,一般,２　４６４１６６４　２１,2026-07-19,2026-07-24,22,福岡,ＧⅢ,２　３６６　２３１６４４,2026-07-07,2026-07-12,11,びわこ,一般,４１３６４６１　２４１３,2026-06-28,2026-07-03,20,若松,一般,６　４４１　１５６　４５,4746,大豆生田 蒼,2026-09-06,2026-09-11,14,鳴門,一般,６　６１５４４　１　３４,2026-08-24,2026-08-29,10,三国,一般,２２２　２４４５１６２５,2026-07-25,2026-07-30,04,平和島,一般,２　１３１４２６３３４１,2026-07-12,2026-07-16,05,多摩川,一般,３４２　６６６　３,2026-06-18,2026-06-23,02,戸田,一般,４２１３６　４２２２３,4642,松尾 夏海,2026-09-06,2026-09-11,14,鳴門,一般,４４１１５　２５５４６３,2026-08-24,2026-08-29,10,三国,一般,１５２５２１１　３１[３],2026-08-06,2026-08-11,18,徳山,ＧⅠ,３４２　２　３２５　１５,2026-07-28,2026-08-02,15,丸亀,一般,１２３３１　２　１３[５],2026-07-13,2026-07-18,13,尼崎,ＧⅢ,１　１１３６３２１３１１,4501,樋口 由加里,2026-09-05,2026-09-10,04,平和島,一般,２１４　１５４　４６１６,2026-08-25,2026-08-30,17,宮島,一般,４　４６１　４６４４６２,2026-08-12,2026-08-17,24,大村,ＧⅢ,１６２　２６５　２６３,2026-07-23,2026-07-28,21,芦屋,一般,５　３５５　６１６　５２,2026-07-01,2026-07-06,07,蒲郡,一般,４　１３１６４　６　６４,4373,若狭 奈美子,2026-09-09,2026-09-15,20,若松,一般,３　４１３５１１１５５６６４,2026-08-18,2026-08-23,16,児島,一般,５５３２１　３５５４３１,2026-08-06,2026-08-11,18,徳山,ＧⅠ,４１６　６　３６２　５,2026-07-23,2026-07-28,21,芦屋,一般,２　１３４１１２１２[４],2026-06-12,2026-06-17,22,福岡,ＧⅢ,３４３　１５５３２４３３,5250,嶋田 有里,2026-08-24,2026-08-29,10,三国,一般,２　４３６５４　４　５４,2026-08-12,2026-08-17,24,大村,ＧⅢ,５　４２１　５３５１３,2026-07-28,2026-08-02,15,丸亀,一般,１５６　６６６　４　５２,2026-07-13,2026-07-18,13,尼崎,ＧⅢ,１２２　４３４　３４３４,2026-06-24,2026-06-29,12,住之江,一般,３　３４２　４２５３６
202609250501,2026-09-25,05,01R,3072,西田 靖,2026-09-11,2026-09-14,02,戸田,一般,２　５４５５６,2026-08-30,2026-09-03,08,常滑,一般,３　１６３６６２３,2026-08-15,2026-08-20,05,多摩川,一般,３５２　２　４３３６５３,2026-08-02,2026-08-05,21,芦屋,一般,６６６　５６６,2026-07-19,2026-07-23,05,多摩川,一般,１　６　１１２４２５,5079,大石 真央,2026-09-12,2026-09-17,08,常滑,一般,２　５３２１３６５６４６,2026-08-30,2026-09-04,06,浜名湖,ＧⅢ,５　４５４　３１１　３６,2026-07-07,2026-07-12,11,びわこ,一般,２５５　２　２５５１６３,2026-06-18,2026-06-23,02,戸田,一般,２３３　５６５　５　３３,2026-06-06,2026-06-10,06,浜名湖,一般,３３５　２４２　３F,4113,木村 浩士,2026-09-13,2026-09-17,19,下関,一般,４４２　２５３５５６,2026-08-28,2026-09-02,05,多摩川,ＧⅢ,　　　　　　　　５３５エ,2026-08-22,2026-08-26,20,若松,一般,６　４４４　３１５２,2026-08-11,2026-08-16,01,桐生,一般,４４４　３　５４６　３６,2026-08-03,2026-08-08,04,平和島,ＧⅢ,１１４　６４１　４４２５,3349,吉田 一郎,2026-09-12,2026-09-17,09,津,一般,５　４１４　５２６５２,2026-08-29,2026-09-03,16,児島,一般,２　１４４４３１１２[５],2026-08-17,2026-08-20,20,若松,一般,４２１４１１[２],2026-08-06,2026-08-10,24,大村,一般,２２４　１４３６３５,2026-07-27,2026-07-31,19,下関,一般,５３５５１　３　４３,3860,松本 浩貴,2026-09-07,2026-09-11,13,尼崎,一般,６３６　６　４１６,2026-08-23,2026-08-27,18,徳山,一般,６　３４３　３６４３,2026-08-11,2026-08-16,01,桐生,一般,６　５４５　３　４５６２,2026-07-28,2026-08-02,16,児島,一般,４　２６２４５　４６５５,2026-07-17,2026-07-20,02,戸田,一般,３　１４３６２６,4513,河野 真也,2026-09-17,2026-09-21,15,丸亀,一般,３　３２２２２４４１,2026-09-05,2026-09-10,01,桐生,一般,３３２　４２１　３６１４,2026-08-25,2026-08-30,09,津,一般,２４５　５２４　５　２５,2026-08-10,2026-08-15,21,芦屋,一般,１　３３３６１　妨３２,2026-07-29,2026-08-03,23,からつ,一般,３　５４１４２１２１[３]
202609250502,2026-09-25,05,02R,3075,中村 裕将,2026-09-11,2026-09-14,02,戸田,一般,１４２２４　５５,2026-08-12,2026-08-17,02,戸田,一般,２　２転４　２３３５２５,2026-08-02,2026-08-05,21,芦屋,一般,３４４　６６２,2026-07-19,2026-07-23,05,多摩川,一般,２　５５５　２５５４,2026-07-03,2026-07-08,12,住之江,一般,６５６　５４３　１　４,4251,川崎 誠志,2026-09-07,2026-09-11,13,尼崎,一般,６　１２１　３６２４,2026-08-23,2026-08-27,18,徳山,一般,４４６　６２５２３,2026-08-11,2026-08-16,19,下関,一般,５４４　６１４　４　５２,2026-07-23,2026-07-28,03,江戸川,ＧⅢ,２１６　３５４　２３５２,2026-07-10,2026-07-15,23,からつ,一般,１　５４５　１４２２２４,4379,桑島 和宏,2026-09-17,2026-09-20,24,大村,一般,３　１４３６４５,2026-09-02,2026-09-07,22,福岡,一般,５　４３４　４３４　２１,2026-08-20,2026-08-23,02,戸田,一般,４　５欠,2026-08-09,2026-08-15,03,江戸川,一般,３４３　３５３　２４４,2026-07-31,2026-08-03,20,若松,一般,５２３　２３２１,4332,村上 彰一,2026-09-09,2026-09-13,17,宮島,一般,２５４　４　６６４４,2026-08-21,2026-08-26,06,浜名湖,一般,６５３　４４３　３　１５,2026-07-17,2026-07-20,02,戸田,一般,３５５　３６６,2026-07-04,2026-07-09,01,桐生,一般,５４５　１３５　６　６５,2026-06-25,2026-06-30,13,尼崎,一般,４　１３４６５　５３５２,4383,竹田 吉行,2026-09-13,2026-09-17,19,下関,一般,６３６　５５５,2026-08-30,2026-09-02,21,芦屋,一般,３　４６３２１４,2026-08-17,2026-08-21,13,尼崎,一般,３６６　３５４　２,2026-08-05,2026-08-10,14,鳴門,一般,５　４２３３４１５４３,2026-07-29,2026-08-01,18,徳山,一般,４４４　２　２４,4061,萩原 秀人,2026-09-16,2026-09-21,13,尼崎,一般,３２１２１　２２２１[１],2026-09-03,2026-09-08,10,三国,一般,２２１５３　１４１６４２,2026-08-25,2026-08-30,01,桐生,ＳＧ,３　５４１　２５５１２,2026-08-14,2026-08-19,10,三国,一般,３３１１１４１　１３１１,2026-07-31,2026-08-05,06,浜名湖,ＧⅢ,１３２１４１１　２１[１]
202609250503,2026-09-25,05,03R,4003,表 憲一,2026-09-12,2026-09-15,10,三国,一般,３１４　２５４５,2026-08-27,2026-08-31,04,平和島,一般,２　３４５２５　２２,2026-08-14,2026-08-19,10,三国,一般,３４２　３５５　２４３３,2026-07-31,2026-08-04,13,尼崎,一般,５　４３３５２　１２,2026-07-18,2026-07-22,10,三国,一般,３　４６４３４　５１,4144,石塚 久也,2026-09-15,2026-09-20,14,鳴門,一般,３１４　１５１５４５１１,2026-09-03,2026-09-06,02,戸田,一般,５,2026-08-12,2026-08-17,02,戸田,一般,４５６　転欠,2026-07-27,2026-08-01,10,三国,一般,２　５２２５３３１４２２,2026-07-15,2026-07-20,18,徳山,一般,２　１５３４１２２５１２,5292,佐藤 右京,2026-09-07,2026-09-12,16,児島,一般,２　３２５　５６２　４３,2026-08-25,2026-08-30,09,津,一般,２　４３１　２２６４５５,2026-08-11,2026-08-16,04,平和島,一般,５　５５落,2026-07-29,2026-08-01,18,徳山,一般,４　６５６　４３,2026-07-15,2026-07-19,08,常滑,一般,３２２６５　２５１,4737,竹井 貴史,2026-09-15,2026-09-20,14,鳴門,一般,３２１１３　１１３１[５],2026-09-02,2026-09-07,22,福岡,一般,２２２３４６２　３２[３],2026-08-21,2026-08-26,03,江戸川,一般,４　６１２　３１２３[６],2026-08-12,2026-08-17,22,福岡,一般,４　５５６４２１２５１,2026-07-29,2026-08-03,23,からつ,一般,２６２１６　１２４２[６],4015,前野 竜一,2026-09-13,2026-09-17,19,下関,一般,３３５　５３２３３５,2026-08-30,2026-09-02,21,芦屋,一般,３１２２F４４,2026-08-15,2026-08-20,18,徳山,一般,１２３５３　３４２５１４,2026-08-07,2026-08-11,15,丸亀,一般,５５４５２５４　３２,2026-07-24,2026-07-27,12,住之江,一般,３　１４３６２４,5313,鈴木 唯央,2026-09-11,2026-09-14,02,戸田,一般,６　４５２４５４,2026-08-26,2026-08-31,11,びわこ,一般,５２４　６　４４２　３４,2026-07-22,2026-07-25,24,大村,一般,６　５５３　３３,2026-07-09,2026-07-13,16,児島,一般,５　３３４３２　４４,2026-06-24,2026-06-29,09,津,一般,１　４F３３３　６　５
202609250504,2026-09-25,05,04R,4190,長嶋 万記,2026-09-12,2026-09-17,08,常滑,一般,２　２３２３６３３３４４,2026-08-30,2026-09-04,06,浜名湖,ＧⅢ,２４２　１１２３２４３３,2026-08-18,2026-08-23,16,児島,一般,３２３５３２５　F３４,2026-08-06,2026-08-11,18,徳山,ＧⅠ,２６３　５　５３２　３５,2026-07-25,2026-07-30,04,平和島,一般,２３２　３２１１１５１１,3302,谷川 里江,2026-08-30,2026-09-04,06,浜名湖,ＧⅢ,３５３　４１６　６５１,2026-08-10,2026-08-15,08,常滑,一般,４６１　１５２　２６３５,2026-07-31,2026-08-05,01,桐生,ＧⅢ,３　２１２６１　６４１２,2026-07-07,2026-07-12,11,びわこ,一般,１　１６２１５　２６１５,2026-06-18,2026-06-23,02,戸田,一般,２２５　２６４　１６２,4224,大橋 栄里佳,2026-09-17,2026-09-20,24,大村,一般,４　４４１５２,2026-08-06,2026-08-11,18,徳山,ＧⅠ,４　４　６５６　４５６,2026-07-27,2026-07-31,19,下関,一般,４　５３２５２　４６,2026-07-13,2026-07-18,13,尼崎,ＧⅢ,４　１４３４４　６２３２,2026-06-26,2026-07-01,17,宮島,一般,３　２３３４４５３　２３,4225,土屋 千明,2026-08-30,2026-09-04,06,浜名湖,ＧⅢ,３３４５F３５　２　４,2026-08-18,2026-08-23,16,児島,一般,２　２６２１２３２４１２,2026-08-06,2026-08-11,18,徳山,ＧⅠ,２　４４４　２　５５２,2026-07-25,2026-07-30,04,平和島,一般,４　４４４３転１２４３２,2026-07-14,2026-07-19,01,桐生,一般,２１３　２６１　５３４２,3518,倉田 郁美,2026-09-13,2026-09-18,11,びわこ,一般,３６１　５４４　４５４６,2026-08-30,2026-09-04,06,浜名湖,ＧⅢ,５４５　５　４１３　３５,2026-08-16,2026-08-19,14,鳴門,一般,４６５　３　３３,2026-07-31,2026-08-05,01,桐生,ＧⅢ,２３５　４６３　２５６,2026-07-10,2026-07-15,06,浜名湖,一般,５２４　２３３　５６２５,4447,深川 麻奈美,2026-09-15,2026-09-20,14,鳴門,一般,４１２　３１１　５４１４,2026-09-02,2026-09-06,17,宮島,一般,１５３２６　１　１１,2026-08-24,2026-08-29,13,尼崎,一般,１２３　２６４　４４４２,2026-08-10,2026-08-15,21,芦屋,一般,１２３　２５４　１３２４,2026-07-28,2026-07-31,24,大村,一般,３１３　１３２６
202609250505,2026-09-25,05,05R,3662,大庭 元明,2026-09-09,2026-09-13,17,宮島,一般,２４２　１６２６１３,2026-08-23,2026-08-27,18,徳山,一般,３１１３２　４６５４,2026-08-12,2026-08-17,22,福岡,一般,６　３４１　２３６６１６,2026-07-31,2026-08-03,20,若松,一般,３６５　２２１３,2026-07-17,2026-07-22,16,児島,ＧⅢ,４２６　５　５３６　２５,5023,久永 祥平,2026-09-14,2026-09-19,04,平和島,一般,２２６　４５３６１　１５,2026-09-03,2026-09-08,10,三国,一般,３　１３５２４１６４１３,2026-08-22,2026-08-27,08,常滑,ＧⅢ,５２３　５４F　２　４,2026-08-09,2026-08-15,03,江戸川,一般,３　５２２　６６１　３３,2026-07-28,2026-07-31,24,大村,一般,２　２３１１[２],4025,山本 隆幸,2026-09-16,2026-09-21,13,尼崎,一般,１５５１４　１２１３３１,2026-09-05,2026-09-10,01,桐生,一般,６　２２２２４２２１[１],2026-08-20,2026-08-25,21,芦屋,一般,４１６５３４１２３４１５,2026-08-09,2026-08-14,13,尼崎,一般,３１１　２４３　２　[４],2026-07-31,2026-08-05,06,浜名湖,ＧⅢ,１２２　１１４１３６３５,3653,品川 賢次,2026-09-05,2026-09-10,01,桐生,一般,４３５　４５４　４　２４,2026-08-23,2026-08-27,18,徳山,一般,６４５　５　５５３６,2026-08-04,2026-08-09,12,住之江,一般,５　４４４　３５６　６,2026-06-29,2026-07-03,11,びわこ,一般,４３３　５３２　５４,2026-06-21,2026-06-25,08,常滑,一般,５　４５４４３　４３,3885,久田 武,2026-09-15,2026-09-20,14,鳴門,一般,４　２５３４５　２１４４,2026-09-01,2026-09-05,13,尼崎,一般,３　４６５４４　２,2026-08-22,2026-08-26,20,若松,一般,４　５５１２転欠,2026-08-07,2026-08-11,15,丸亀,一般,６６２６２　６　３,2026-07-28,2026-08-02,16,児島,一般,１５２　５５３２１６４５,5327,西田 和加,2026-09-12,2026-09-17,09,津,一般,６　６６３　５５６　６,2026-08-12,2026-08-17,24,大村,ＧⅢ,５　５５６　３４５　５６,2026-07-22,2026-07-26,08,常滑,一般,５５６　２　４４５６,2026-07-11,2026-07-14,04,平和島,一般,６　６　６５６６,2026-05-28,2026-06-02,01,桐生,一般,６　６４６　６６６
202609250506,2026-09-25,05,06R,3860,松本 浩貴,2026-09-07,2026-09-11,13,尼崎,一般,６３６　６　４１６,2026-08-23,2026-08-27,18,徳山,一般,６　３４３　３６４３,2026-08-11,2026-08-16,01,桐生,一般,６　５４５　３　４５６２,2026-07-28,2026-08-02,16,児島,一般,４　２６２４５　４６５５,2026-07-17,2026-07-20,02,戸田,一般,３　１４３６２６,3202,三品 隆浩,2026-09-05,2026-09-10,01,桐生,一般,６　３３５　６５５　５２,2026-08-20,2026-08-23,04,平和島,一般,２５２　２２２３,2026-08-09,2026-08-15,03,江戸川,一般,４３４　３６１　１５５,2026-07-24,2026-07-27,02,戸田,一般,５１４　２１５６,2026-07-11,2026-07-16,03,江戸川,一般,１６６　３２２３４　１４,4931,木谷 賢太,2026-09-12,2026-09-15,10,三国,一般,５４１３１２[３],2026-09-01,2026-09-06,12,住之江,一般,３５１１１　３１５５１４,2026-08-24,2026-08-28,15,丸亀,一般,１３１１２１２１[１],2026-08-11,2026-08-16,19,下関,一般,２　２３５３１２４５１６,2026-07-29,2026-08-03,23,からつ,一般,１１４　６３１６２５４３,4446,和田 兼輔,2026-09-16,2026-09-21,13,尼崎,一般,３１３　１３３１４４１２,2026-09-07,2026-09-12,16,児島,一般,４３４　３１１５１５１２,2026-08-25,2026-08-30,01,桐生,ＳＧ,１　５４５　５　５２１,2026-08-09,2026-08-14,13,尼崎,一般,２５１　５２４２４　２２,2026-07-24,2026-07-29,17,宮島,一般,３３３　１３２１５２[１],5049,松井 友汰,2026-09-12,2026-09-17,09,津,一般,５　１５１　３２１４４６,2026-08-30,2026-09-03,08,常滑,一般,４５４　２４３　２１,2026-08-17,2026-08-21,13,尼崎,一般,１　３２１２１１[５],2026-07-11,2026-07-16,03,江戸川,一般,２　１３６　３５２２２５,2026-06-30,2026-07-04,19,下関,一般,４６２　１３１４６５,4864,小川 日紀太,2026-08-20,2026-08-23,23,からつ,一般,４４４　６４４３,2026-08-05,2026-08-10,09,津,一般,６５１　６５４　３６６,2026-07-23,2026-07-27,01,桐生,一般,５　３５２　５１５５,2026-07-10,2026-07-15,22,福岡,一般,２５４　１１３　F６４,2026-06-29,2026-07-03,11,びわこ,一般,１　３５４３２５１４
202609250507,2026-09-25,05,07R,3385,渡邉 睦広,2026-09-14,2026-09-19,04,平和島,一般,３　４３１３４３３６１５,2026-08-21,2026-08-24,07,蒲郡,一般,３３３　３４２５,2026-08-11,2026-08-16,04,平和島,一般,４２１　６５４１１　２４,2026-07-29,2026-08-03,22,福岡,一般,１１５　２４６２１６５６,2026-07-15,2026-07-20,18,徳山,一般,２　２３４４６６４　４１,4113,木村 浩士,2026-09-13,2026-09-17,19,下関,一般,４４２　２５３５５６,2026-08-28,2026-09-02,05,多摩川,ＧⅢ,　　　　　　　　５３５エ,2026-08-22,2026-08-26,20,若松,一般,６　４４４　３１５２,2026-08-11,2026-08-16,01,桐生,一般,４４４　３　５４６　３６,2026-08-03,2026-08-08,04,平和島,ＧⅢ,１１４　６４１　４４２５,5199,垂水 悠,2026-09-04,2026-09-09,11,びわこ,一般,３４６　３５６　５６６,2026-08-21,2026-08-26,03,江戸川,一般,２６１　１６１１２６５６,2026-08-05,2026-08-10,14,鳴門,一般,５３１　５１１６２５１６,2026-07-19,2026-07-24,22,福岡,ＧⅢ,４　６　６６５２６　６６,2026-07-11,2026-07-14,04,平和島,一般,５４３　５６１,4932,新開 航,2026-09-14,2026-09-19,04,平和島,一般,２４２　４２４１,2026-09-02,2026-09-07,22,福岡,一般,１１４　１１４１４１[１],2026-08-20,2026-08-23,24,大村,一般,１１３１３１[４],2026-08-07,2026-08-12,20,若松,一般,１２１１１１３　５１[１],2026-07-28,2026-08-02,11,びわこ,ＳＧ,３５４　２　１５１　３５,3075,中村 裕将,2026-09-11,2026-09-14,02,戸田,一般,１４２２４　５５,2026-08-12,2026-08-17,02,戸田,一般,２　２転４　２３３５２５,2026-08-02,2026-08-05,21,芦屋,一般,３４４　６６２,2026-07-19,2026-07-23,05,多摩川,一般,２　５５５　２５５４,2026-07-03,2026-07-08,12,住之江,一般,６５６　５４３　１　４,5376,吉田 一心,2026-09-04,2026-09-09,11,びわこ,一般,３５１　６５１　３５３５,2026-08-25,2026-08-30,17,宮島,一般,１　３６４　６２２　１２,2026-08-13,2026-08-18,12,住之江,一般,１　１５落　１２１６４２,2026-07-30,2026-08-04,08,常滑,一般,５　６２１　４２１６４５,2026-07-24,2026-07-27,12,住之江,一般,２　２１５３６１
202609250508,2026-09-25,05,08R,4435,服部 達哉,2026-09-16,2026-09-20,23,からつ,一般,３　３２５１４３５３,2026-09-04,2026-09-08,07,蒲郡,一般,１　３５４２５６１５,2026-08-21,2026-08-26,06,浜名湖,一般,２３４６５１５　２　４３,2026-08-10,2026-08-15,08,常滑,一般,４　２６１　４５６５１,2026-07-28,2026-08-02,15,丸亀,一般,４５１　６５２　３　５１,3072,西田 靖,2026-09-11,2026-09-14,02,戸田,一般,２　５４５５６,2026-08-30,2026-09-03,08,常滑,一般,３　１６３６６２３,2026-08-15,2026-08-20,05,多摩川,一般,３５２　２　４３３６５３,2026-08-02,2026-08-05,21,芦屋,一般,６６６　５６６,2026-07-19,2026-07-23,05,多摩川,一般,１　６　１１２４２５,4383,竹田 吉行,2026-09-13,2026-09-17,19,下関,一般,６３６　５５５,2026-08-30,2026-09-02,21,芦屋,一般,３　４６３２１４,2026-08-17,2026-08-21,13,尼崎,一般,３６６　３５４　２,2026-08-05,2026-08-10,14,鳴門,一般,５　４２３３４１５４３,2026-07-29,2026-08-01,18,徳山,一般,４４４　２　２４,4003,表 憲一,2026-09-12,2026-09-15,10,三国,一般,３１４　２５４５,2026-08-27,2026-08-31,04,平和島,一般,２　３４５２５　２２,2026-08-14,2026-08-19,10,三国,一般,３４２　３５５　２４３３,2026-07-31,2026-08-04,13,尼崎,一般,５　４３３５２　１２,2026-07-18,2026-07-22,10,三国,一般,３　４６４３４　５１,4447,深川 麻奈美,2026-09-15,2026-09-20,14,鳴門,一般,４１２　３１１　５４１４,2026-09-02,2026-09-06,17,宮島,一般,１５３２６　１　１１,2026-08-24,2026-08-29,13,尼崎,一般,１２３　２６４　４４４２,2026-08-10,2026-08-15,21,芦屋,一般,１２３　２５４　１３２４,2026-07-28,2026-07-31,24,大村,一般,３１３　１３２６,5411,木下 虎之輔,2026-09-13,2026-09-18,07,蒲郡,一般,６４２　落　１３６　５５,2026-08-20,2026-08-23,02,戸田,一般,　　　　　　３６,2026-08-09,2026-08-15,03,江戸川,一般,２６４　６５６　５１５５,2026-07-23,2026-07-27,01,桐生,一般,６　３　５６６６３,2026-07-11,2026-07-16,03,江戸川,一般,６６６　５６５　５６６６
202609250509,2026-09-25,05,09R,5023,久永 祥平,2026-09-14,2026-09-19,04,平和島,一般,２２６　４５３６１　１５,2026-09-03,2026-09-08,10,三国,一般,３　１３５２４１６４１３,2026-08-22,2026-08-27,08,常滑,ＧⅢ,５２３　５４F　２　４,2026-08-09,2026-08-15,03,江戸川,一般,３　５２２　６６１　３３,2026-07-28,2026-07-31,24,大村,一般,２　２３１１[２],4332,村上 彰一,2026-09-09,2026-09-13,17,宮島,一般,２５４　４　６６４４,2026-08-21,2026-08-26,06,浜名湖,一般,６５３　４４３　３　１５,2026-07-17,2026-07-20,02,戸田,一般,３５５　３６６,2026-07-04,2026-07-09,01,桐生,一般,５４５　１３５　６　６５,2026-06-25,2026-06-30,13,尼崎,一般,４　１３４６５　５３５２,3349,吉田 一郎,2026-09-12,2026-09-17,09,津,一般,５　４１４　５２６５２,2026-08-29,2026-09-03,16,児島,一般,２　１４４４３１１２[５],2026-08-17,2026-08-20,20,若松,一般,４２１４１１[２],2026-08-06,2026-08-10,24,大村,一般,２２４　１４３６３５,2026-07-27,2026-07-31,19,下関,一般,５３５５１　３　４３,4190,長嶋 万記,2026-09-12,2026-09-17,08,常滑,一般,２　２３２３６３３３４４,2026-08-30,2026-09-04,06,浜名湖,ＧⅢ,２４２　１１２３２４３３,2026-08-18,2026-08-23,16,児島,一般,３２３５３２５　F３４,2026-08-06,2026-08-11,18,徳山,ＧⅠ,２６３　５　５３２　３５,2026-07-25,2026-07-30,04,平和島,一般,２３２　３２１１１５１１,3589,西村 勝,2026-09-11,2026-09-14,02,戸田,一般,２　５６２１１５,2026-08-27,2026-08-31,04,平和島,一般,４　６５４　１４６６,2026-08-16,2026-08-19,14,鳴門,一般,５３５　３２５２,2026-07-07,2026-07-12,08,常滑,一般,１　６６２４４　４６６６,2026-06-27,2026-07-01,02,戸田,一般,４　６３６　６６６,4015,前野 竜一,2026-09-13,2026-09-17,19,下関,一般,３３５　５３２３３５,2026-08-30,2026-09-02,21,芦屋,一般,３１２２F４４,2026-08-15,2026-08-20,18,徳山,一般,１２３５３　３４２５１４,2026-08-07,2026-08-11,15,丸亀,一般,５５４５２５４　３２,2026-07-24,2026-07-27,12,住之江,一般,３　１４３６２４
202609250510,2026-09-25,05,10R,4379,桑島 和宏,2026-09-17,2026-09-20,24,大村,一般,３　１４３６４５,2026-09-02,2026-09-07,22,福岡,一般,５　４３４　４３４　２１,2026-08-20,2026-08-23,02,戸田,一般,４　５欠,2026-08-09,2026-08-15,03,江戸川,一般,３４３　３５３　２４４,2026-07-31,2026-08-03,20,若松,一般,５２３　２３２１,4709,岡村 将也,2026-09-17,2026-09-21,15,丸亀,一般,２３１４４５５３２１,2026-09-03,2026-09-08,10,三国,一般,４３３３３　４６２　１３,2026-08-21,2026-08-24,07,蒲郡,一般,５６５３４　５６,2026-08-12,2026-08-17,22,福岡,一般,１　３２３６４１６２[５],2026-07-03,2026-07-06,09,津,一般,２　２３３３１１,5048,眞鳥 康太,2026-09-05,2026-09-10,01,桐生,一般,４４４　１４５　３６６,2026-08-21,2026-08-26,03,江戸川,一般,３３３　転２２　６６１,2026-08-06,2026-08-10,24,大村,一般,１　３２５５１４２５,2026-07-27,2026-08-01,10,三国,一般,３　２３２２５６１４４６,2026-07-14,2026-07-17,24,大村,一般,３　２５４２２,4348,宮崎 奨,2026-09-15,2026-09-20,14,鳴門,一般,２４２　２４３４１３２１,2026-09-01,2026-09-04,24,大村,一般,落６１　３２１,2026-08-17,2026-08-21,15,丸亀,一般,３３３２３　２６１５,2026-08-04,2026-08-09,12,住之江,一般,３　４５５　２１３　２４,2026-07-20,2026-07-25,15,丸亀,一般,３２２　１５４５１４１２,4144,石塚 久也,2026-09-15,2026-09-20,14,鳴門,一般,３１４　１５１５４５１１,2026-09-03,2026-09-06,02,戸田,一般,５,2026-08-12,2026-08-17,02,戸田,一般,４５６　転欠,2026-07-27,2026-08-01,10,三国,一般,２　５２２５３３１４２２,2026-07-15,2026-07-20,18,徳山,一般,２　１５３４１２２５１２,5079,大石 真央,2026-09-12,2026-09-17,08,常滑,一般,２　５３２１３６５６４６,2026-08-30,2026-09-04,06,浜名湖,ＧⅢ,５　４５４　３１１　３６,2026-07-07,2026-07-12,11,びわこ,一般,２５５　２　２５５１６３,2026-06-18,2026-06-23,02,戸田,一般,２３３　５６５　５　３３,2026-06-06,2026-06-10,06,浜名湖,一般,３３５　２４２　３F
202609250511,2026-09-25,05,11R,4931,木谷 賢太,2026-09-12,2026-09-15,10,三国,一般,５４１３１２[３],2026-09-01,2026-09-06,12,住之江,一般,３５１１１　３１５５１４,2026-08-24,2026-08-28,15,丸亀,一般,１３１１２１２１[１],2026-08-11,2026-08-16,19,下関,一般,２　２３５３１２４５１６,2026-07-29,2026-08-03,23,からつ,一般,１１４　６３１６２５４３,3885,久田 武,2026-09-15,2026-09-20,14,鳴門,一般,４　２５３４５　２１４４,2026-09-01,2026-09-05,13,尼崎,一般,３　４６５４４　２,2026-08-22,2026-08-26,20,若松,一般,４　５５１２転欠,2026-08-07,2026-08-11,15,丸亀,一般,６６２６２　６　３,2026-07-28,2026-08-02,16,児島,一般,１５２　５５３２１６４５,4513,河野 真也,2026-09-17,2026-09-21,15,丸亀,一般,３　３２２２２４４１,2026-09-05,2026-09-10,01,桐生,一般,３３２　４２１　３６１４,2026-08-25,2026-08-30,09,津,一般,２４５　５２４　５　２５,2026-08-10,2026-08-15,21,芦屋,一般,１　３３３６１　妨３２,2026-07-29,2026-08-03,23,からつ,一般,３　５４１４２１２１[３],5292,佐藤 右京,2026-09-07,2026-09-12,16,児島,一般,２　３２５　５６２　４３,2026-08-25,2026-08-30,09,津,一般,２　４３１　２２６４５５,2026-08-11,2026-08-16,04,平和島,一般,５　５５落,2026-07-29,2026-08-01,18,徳山,一般,４　６５６　４３,2026-07-15,2026-07-19,08,常滑,一般,３２２６５　２５１,4225,土屋 千明,2026-08-30,2026-09-04,06,浜名湖,ＧⅢ,３３４５F３５　２　４,2026-08-18,2026-08-23,16,児島,一般,２　２６２１２３２４１２,2026-08-06,2026-08-11,18,徳山,ＧⅠ,２　４４４　２　５５２,2026-07-25,2026-07-30,04,平和島,一般,４　４４４３転１２４３２,2026-07-14,2026-07-19,01,桐生,一般,２１３　２６１　５３４２,4251,川崎 誠志,2026-09-07,2026-09-11,13,尼崎,一般,６　１２１　３６２４,2026-08-23,2026-08-27,18,徳山,一般,４４６　６２５２３,2026-08-11,2026-08-16,19,下関,一般,５４４　６１４　４　５２,2026-07-23,2026-07-28,03,江戸川,ＧⅢ,２１６　３５４　２３５２,2026-07-10,2026-07-15,23,からつ,一般,１　５４５　１４２２２４
202609250512,2026-09-25,05,12R,4932,新開 航,2026-09-14,2026-09-19,04,平和島,一般,２４２　４２４１,2026-09-02,2026-09-07,22,福岡,一般,１１４　１１４１４１[１],2026-08-20,2026-08-23,24,大村,一般,１１３１３１[４],2026-08-07,2026-08-12,20,若松,一般,１２１１１１３　５１[１],2026-07-28,2026-08-02,11,びわこ,ＳＧ,３５４　２　１５１　３５,4025,山本 隆幸,2026-09-16,2026-09-21,13,尼崎,一般,１５５１４　１２１３３１,2026-09-05,2026-09-10,01,桐生,一般,６　２２２２４２２１[１],2026-08-20,2026-08-25,21,芦屋,一般,４１６５３４１２３４１５,2026-08-09,2026-08-14,13,尼崎,一般,３１１　２４３　２　[４],2026-07-31,2026-08-05,06,浜名湖,ＧⅢ,１２２　１１４１３６３５,4061,萩原 秀人,2026-09-16,2026-09-21,13,尼崎,一般,３２１２１　２２２１[１],2026-09-03,2026-09-08,10,三国,一般,２２１５３　１４１６４２,2026-08-25,2026-08-30,01,桐生,ＳＧ,３　５４１　２５５１２,2026-08-14,2026-08-19,10,三国,一般,３３１１１４１　１３１１,2026-07-31,2026-08-05,06,浜名湖,ＧⅢ,１３２１４１１　２１[１],4288,永田 啓二,2026-09-14,2026-09-19,04,平和島,一般,１　１５２１４　２４４２,2026-09-01,2026-09-04,24,大村,一般,３１４２１５２,2026-08-21,2026-08-24,07,蒲郡,一般,１２１１２２[６],2026-08-10,2026-08-15,21,芦屋,一般,１２２　１６２４６５１１,2026-07-24,2026-07-27,12,住之江,一般,１３２　３１[３],4446,和田 兼輔,2026-09-16,2026-09-21,13,尼崎,一般,３１３　１３３１４４１２,2026-09-07,2026-09-12,16,児島,一般,４３４　３１１５１５１２,2026-08-25,2026-08-30,01,桐生,ＳＧ,１　５４５　５　５２１,2026-08-09,2026-08-14,13,尼崎,一般,２５１　５２４２４　２２,2026-07-24,2026-07-29,17,宮島,一般,３３３　１３２１５２[１],4737,竹井 貴史,2026-09-15,2026-09-20,14,鳴門,一般,３２１１３　１１３１[５],2026-09-02,2026-09-07,22,福岡,一般,２２２３４６２　３２[３],2026-08-21,2026-08-26,03,江戸川,一般,４　６１２　３１２３[６],2026-08-12,2026-08-17,22,福岡,一般,４　５５６４２１２５１,2026-07-29,2026-08-03,23,からつ,一般,２６２１６　１２４２[６]
202609250801,2026-09-25,08,01R,4146,柳橋 宏紀,2026-09-09,2026-09-13,05,多摩川,一般,４　５１３５６　３４,2026-08-28,2026-08-31,23,からつ,一般,６２１４転欠,2026-08-15,2026-08-20,11,びわこ,一般,５　４６２４５５５　４２,2026-08-05,2026-08-10,09,津,一般,１　４５２６６　６５１,2026-07-29,2026-08-01,18,徳山,一般,１　３５２２[６],4557,松尾 光広,2026-09-05,2026-09-10,01,桐生,一般,４　５５３　２５６　２５,2026-08-19,2026-08-24,19,下関,一般,５　４５５６２４２　３,2026-08-04,2026-08-09,10,三国,一般,５　４５６　３２５　４,2026-07-19,2026-07-23,05,多摩川,一般,５５５　４　５４５５,2026-07-03,2026-07-08,12,住之江,一般,６６１　４５４　２　４３,5396,近藤 来希,2026-08-29,2026-09-03,16,児島,一般,　　　　　　　　　　４４,2026-08-25,2026-08-30,17,宮島,一般,６　６５５　４６５　６６,2026-08-17,2026-08-21,13,尼崎,一般,６　５５６　４　４６,2026-08-09,2026-08-14,13,尼崎,一般,４　５　５３４　４６５,2026-07-29,2026-08-01,18,徳山,一般,４６６　５５６,4511,中岡 健人,2026-09-03,2026-09-08,10,三国,一般,５３５　２３５　４　妨２,2026-08-17,2026-08-21,15,丸亀,一般,４４１　３６６　５,2026-08-06,2026-08-09,02,戸田,一般,３３４　５転１２,2026-07-29,2026-08-01,18,徳山,一般,５４４　５　５２,2026-07-10,2026-07-15,23,からつ,一般,４３３　４　６６４　５５,5337,出畑 孝成,2026-09-13,2026-09-18,07,蒲郡,一般,２３６３転　６　５３２,2026-08-25,2026-08-30,17,宮島,一般,６　２３５５５　３３５,2026-08-12,2026-08-17,22,福岡,一般,４　２５３　４エ５　２３,2026-07-22,2026-07-27,14,鳴門,一般,１　５６４２５　３５４４,2026-07-10,2026-07-15,22,福岡,一般,６　３４６　４５５　４４,5268,山本 幸也,2026-09-04,2026-09-09,11,びわこ,一般,６　５４１　６１６　３６,2026-08-21,2026-08-26,06,浜名湖,一般,５５６　６　２３３　２４,2026-08-09,2026-08-14,23,からつ,一般,２４３　６　５５４　４５,2026-07-25,2026-07-29,20,若松,一般,５５２５５６５　５,2026-07-04,2026-07-09,01,桐生,一般,３６転　５　２５６　６４
202609250802,2026-09-25,08,02R,5070,中島 航,2026-09-05,2026-09-10,01,桐生,一般,３　落６１　３２６２３,2026-08-20,2026-08-23,02,戸田,一般,６　３５６４３２,2026-08-09,2026-08-15,03,江戸川,一般,１　２２３　５２１　[６],2026-07-25,2026-07-29,20,若松,一般,６４４　３３５　３４,2026-07-09,2026-07-13,14,鳴門,一般,３　６４６　２５５５,5240,高橋 龍治,2026-09-13,2026-09-18,07,蒲郡,一般,５６４　４　４４３　５５,2026-08-26,2026-08-31,11,びわこ,一般,６　２６６　６６２　６５,2026-08-12,2026-08-17,22,福岡,一般,４　６３３　４１１４落５,2026-07-23,2026-07-28,03,江戸川,ＧⅢ,６６６　５４６,2026-07-10,2026-07-15,22,福岡,一般,５６５　４５３　４６６,4794,和田 拓也,2026-09-11,2026-09-16,12,住之江,一般,１　１４１２１１４１[１],2026-08-31,2026-09-05,18,徳山,一般,４１１６４２１　４３４１,2026-08-19,2026-08-24,19,下関,一般,１３５　２１２２４４１２,2026-08-05,2026-08-10,09,津,一般,１　６２１４２２２４１１,2026-07-22,2026-07-27,14,鳴門,一般,３６３　１６５１１６１３,4650,中山 雄太,2026-09-09,2026-09-13,17,宮島,一般,１　６　２２２４２４,2026-09-03,2026-09-06,02,戸田,一般,５　４６６　５,2026-08-22,2026-08-27,22,福岡,一般,５６６　５　１４４６６３,2026-08-14,2026-08-19,10,三国,一般,４　４６２　５５５６４,2025-12-22,2025-12-25,16,児島,一般,２４１４３落,3945,橋口 真樹,2026-09-04,2026-09-08,07,蒲郡,一般,６　３２３　６４１２,2026-08-19,2026-08-24,19,下関,一般,４１１　４３３　２４転４,2026-08-06,2026-08-09,02,戸田,一般,６５６,2026-07-22,2026-07-25,24,大村,一般,６　３５４　２３,2026-07-07,2026-07-12,10,三国,ＧⅢ,１５５　３６２３２　２３,4055,吉田 俊彦,2026-09-09,2026-09-13,05,多摩川,一般,４２２転,2026-08-24,2026-08-29,13,尼崎,一般,２１２　５２１２１３２１,2026-08-17,2026-08-20,20,若松,一般,２６１　１３６４,2026-08-05,2026-08-10,14,鳴門,一般,１　２２１４５３１２[５],2026-07-24,2026-07-27,02,戸田,一般,３２３４２　２５
202609250803,2026-09-25,08,03R,4252,松下 哲也,2026-09-03,2026-09-08,10,三国,一般,３４３　５４２　４２３,2026-08-20,2026-08-23,04,平和島,一般,２１３　４６F６,2026-08-09,2026-08-14,23,からつ,一般,３　５６４４２　３２１,2026-07-29,2026-08-01,18,徳山,一般,６　５４４　２３,2026-07-21,2026-07-26,23,からつ,一般,６　２３２　１４１１[１],3905,天野 友和,2026-09-13,2026-09-18,11,びわこ,一般,３　３３２３３４１５１１,2026-09-01,2026-09-05,13,尼崎,一般,４　２４４３２　３１,2026-08-19,2026-08-24,19,下関,一般,５４１　２５３３１３３３,2026-08-08,2026-08-11,05,多摩川,一般,４３３４１　５４,2026-07-27,2026-08-01,09,津,一般,４２４,3833,中辻 博訓,2026-09-09,2026-09-15,20,若松,一般,１　３４３４２１２３１３３１,2026-08-28,2026-08-31,23,からつ,一般,３１２６２５１５,2026-08-03,2026-08-08,04,平和島,ＧⅢ,５５欠,2026-07-24,2026-07-29,17,宮島,一般,２５２４４　１２１４１３,2026-07-14,2026-07-19,21,芦屋,一般,１４４４２　４５１　１２,4731,間野 兼礼,2026-09-03,2026-09-08,10,三国,一般,３　３１６５６　４　４５,2026-08-22,2026-08-26,20,若松,一般,３　６６４４不　４３,2026-08-11,2026-08-16,07,蒲郡,一般,２　５４５　５６５　４４,2026-06-29,2026-07-04,08,常滑,一般,１２３　４５１３５５１５,2026-06-17,2026-06-22,05,多摩川,一般,３　５３４　１３１４５２,3850,小川 知行,2026-09-05,2026-09-11,03,江戸川,一般,４１３　３４１３６　２３,2026-08-22,2026-08-27,22,福岡,一般,１　４６４４５　５３３,2026-08-11,2026-08-16,01,桐生,一般,３４４　５　１５３２５,2026-07-31,2026-08-05,05,多摩川,一般,５６４　５６１　６　２３,2026-07-17,2026-07-20,02,戸田,一般,６５３　２５１,4950,高岡 竜也,2026-09-12,2026-09-15,10,三国,一般,２６５３４　３２,2026-08-29,2026-09-03,16,児島,一般,５１４４４３妨　１　５５,2026-08-15,2026-08-20,18,徳山,一般,１　４４２１４１１２[５],2026-08-04,2026-08-09,12,住之江,一般,４　２６３２２３５６６６,2026-07-21,2026-07-26,23,からつ,一般,１３１１３　１３４２[３]
202609250804,2026-09-25,08,04R,4390,松本 弓雄,2026-09-12,2026-09-17,09,津,一般,４　３　２６６３３　４６,2026-08-26,2026-08-30,14,鳴門,一般,３６５　転　３５６５,2026-08-15,2026-08-20,18,徳山,一般,５２３　２２５　４５１６,2026-08-04,2026-08-09,12,住之江,一般,６　４６６,2026-07-22,2026-07-27,14,鳴門,一般,４６５　５４５　２５４５,4532,秋元 哲,2026-09-12,2026-09-17,09,津,一般,４１４２２　２１６２[３],2026-08-28,2026-09-02,05,多摩川,ＧⅢ,２２２　２１２２４３３１,2026-08-12,2026-08-17,02,戸田,一般,３１１　妨２３４２２１,2026-08-03,2026-08-08,04,平和島,ＧⅢ,４　５２４６４６２　２１,2026-06-13,2026-06-18,08,常滑,ＧⅠ,５６,4669,井上 茂,2026-09-03,2026-09-08,10,三国,一般,２４５　４２６　１　６３,2026-08-17,2026-08-21,15,丸亀,一般,６　５　４３５　６５,2026-08-03,2026-08-08,04,平和島,ＧⅢ,４　４１５　４３２５５６,2026-07-15,2026-07-21,12,住之江,一般,３４３　２６５　２　転３３６,2026-07-01,2026-07-06,22,福岡,一般,５　２５４　４１５４４,4033,伊藤 将吉,2026-09-05,2026-09-10,01,桐生,一般,１　５５３　１６１３２３,2026-08-22,2026-08-27,22,福岡,一般,３　２５２３４１１４１２,2026-08-11,2026-08-16,06,浜名湖,一般,３６１　４４６　６１４４,2026-08-03,2026-08-08,04,平和島,ＧⅢ,２５,2026-07-24,2026-07-27,12,住之江,一般,２１４４４５５４,5455,澁澤 周羽,2026-09-11,2026-09-14,02,戸田,一般,６　５６６　６６,2026-08-27,2026-09-01,07,蒲郡,一般,６６６　６　６　６４５６,2026-08-11,2026-08-16,01,桐生,一般,６　４　６６６　６３５,2026-07-24,2026-07-27,06,浜名湖,一般,６　５６６　６６,2026-07-10,2026-07-14,09,津,一般,６６６　６　６５５６,4562,阪本 勇介,2026-09-05,2026-09-10,01,桐生,一般,６４６　６６２　２　１３,2026-08-29,2026-09-03,19,下関,一般,３３５　５６５３５　５,2026-08-21,2026-08-24,07,蒲郡,一般,３４２２５　１４,2026-08-08,2026-08-13,16,児島,一般,４　４４６　５５５　２４,2026-07-23,2026-07-28,21,芦屋,一般,６　５４２　２６３２２１
202609250805,2026-09-25,08,05R,4058,野末 智一,2026-09-12,2026-09-17,09,津,一般,１　１４５６４　３２５,2026-09-01,2026-09-04,24,大村,一般,２１１３４３３１,2026-08-22,2026-08-26,20,若松,一般,４６５２４,2026-08-11,2026-08-16,06,浜名湖,一般,１６４１２　２転２５５３,2026-07-24,2026-07-27,02,戸田,一般,４４２　３１１１,4896,花本 剛,2026-09-05,2026-09-11,03,江戸川,一般,３　１６４　４３６,2026-08-19,2026-08-24,19,下関,一般,５６２　５　１３２　３２,2026-08-04,2026-08-09,10,三国,一般,４　５２２　４６６５３,2026-07-27,2026-07-31,19,下関,一般,１５５　４６２　６,2026-07-15,2026-07-21,12,住之江,一般,３　５６１　２６６６４　３,3968,茶谷 信次,2026-09-12,2026-09-15,10,三国,一般,２４１　１２５５,2026-09-01,2026-09-05,13,尼崎,一般,２５２　２４１６３５,2026-08-19,2026-08-24,19,下関,一般,３　２４５５３　２３５,2026-08-07,2026-08-11,15,丸亀,一般,３６１　２３１５２５,2026-07-29,2026-08-03,22,福岡,一般,２２３１３４６,5337,出畑 孝成,2026-09-13,2026-09-18,07,蒲郡,一般,２３６３転　６　５３２,2026-08-25,2026-08-30,17,宮島,一般,６　２３５５５　３３５,2026-08-12,2026-08-17,22,福岡,一般,４　２５３　４エ５　２３,2026-07-22,2026-07-27,14,鳴門,一般,１　５６４２５　３５４４,2026-07-10,2026-07-15,22,福岡,一般,６　３４６　４５５　４４,4425,大井 清貴,2026-08-23,2026-08-27,18,徳山,一般,２６２　３４６　６３,2026-08-11,2026-08-16,19,下関,一般,転　６欠,2026-07-15,2026-07-19,17,宮島,一般,４１２　１３３５４２,2026-06-30,2026-07-05,23,からつ,一般,５２５６４３３　３　５１,2026-06-11,2026-06-16,16,児島,一般,５　４１５　５４２　２３,5111,三村 岳人,2026-09-13,2026-09-17,19,下関,一般,１　４２２５３２[４],2026-09-03,2026-09-06,02,戸田,一般,１　１１４３[６],2026-08-22,2026-08-26,20,若松,一般,５２６　４１４　３４,2026-08-08,2026-08-13,16,児島,一般,６　２６２　２２１５１１,2026-07-29,2026-08-03,23,からつ,一般,５６５　４１５　１　１１
202609250806,2026-09-25,08,06R,3251,平石 和男,2026-09-12,2026-09-15,10,三国,一般,１２５３１４５４,2026-08-31,2026-09-05,20,若松,ＧⅢ,３　１３２３４３１３５４,2026-08-20,2026-08-25,21,芦屋,一般,５２３　５５２１２１２１,2026-08-08,2026-08-11,05,多摩川,一般,６２４３３　１３,2026-07-27,2026-08-01,09,津,一般,５　４３,4438,森作 雄大,2026-09-05,2026-09-11,03,江戸川,一般,３　４１１　１４３６１４,2026-08-22,2026-08-26,20,若松,一般,２４２１３　１５１３,2026-08-09,2026-08-15,03,江戸川,一般,１４３　６１６　１２６５,2026-07-29,2026-08-03,22,福岡,一般,２１１１４５４　１５１４,2026-07-18,2026-07-21,04,平和島,一般,５５１　２３５６,4588,田中 京介,2026-09-11,2026-09-15,06,浜名湖,一般,２　２６２３３２１６,2026-08-29,2026-09-03,19,下関,一般,３４２　３５１　６６１４,2026-08-17,2026-08-21,13,尼崎,一般,３　６１２４３６１５,2026-08-06,2026-08-10,24,大村,一般,２１３６５　２４１４,2026-07-23,2026-07-27,01,桐生,一般,６　１６６１４　１２,5396,近藤 来希,2026-08-29,2026-09-03,16,児島,一般,　　　　　　　　　　４４,2026-08-25,2026-08-30,17,宮島,一般,６　６５５　４６５　６６,2026-08-17,2026-08-21,13,尼崎,一般,６　５５６　４　４６,2026-08-09,2026-08-14,13,尼崎,一般,４　５　５３４　４６５,2026-07-29,2026-08-01,18,徳山,一般,４６６　５５６,5240,高橋 龍治,2026-09-13,2026-09-18,07,蒲郡,一般,５６４　４　４４３　５５,2026-08-26,2026-08-31,11,びわこ,一般,６　２６６　６６２　６５,2026-08-12,2026-08-17,22,福岡,一般,４　６３３　４１１４落５,2026-07-23,2026-07-28,03,江戸川,ＧⅢ,６６６　５４６,2026-07-10,2026-07-15,22,福岡,一般,５６５　４５３　４６６,4786,佐藤 博亮,2026-09-13,2026-09-18,11,びわこ,一般,５１１１１４１　２２[３],2026-09-01,2026-09-05,13,尼崎,一般,５５２１１１２２[４],2026-08-22,2026-08-27,22,福岡,一般,１２F　２　５　２　５,2026-08-11,2026-08-16,07,蒲郡,一般,２３２　３２３４２４１２,2026-07-24,2026-07-29,17,宮島,一般,４５３５２　１２１３２１
202609250807,2026-09-25,08,07R,5138,村本 大成,2026-09-05,2026-09-11,03,江戸川,一般,６１３　１４４　３２２６,2026-08-20,2026-08-23,04,平和島,一般,５　５６５　４５,2026-08-04,2026-08-09,12,住之江,一般,６　６３６　５　６４３,2026-07-24,2026-07-27,02,戸田,一般,３　６４６６５,2026-07-10,2026-07-15,22,福岡,一般,１　５５６　２６６３５,3833,中辻 博訓,2026-09-09,2026-09-15,20,若松,一般,１　３４３４２１２３１３３１,2026-08-28,2026-08-31,23,からつ,一般,３１２６２５１５,2026-08-03,2026-08-08,04,平和島,ＧⅢ,５５欠,2026-07-24,2026-07-29,17,宮島,一般,２５２４４　１２１４１３,2026-07-14,2026-07-19,21,芦屋,一般,１４４４２　４５１　１２,3867,松浦 勝,2026-09-05,2026-09-10,01,桐生,一般,５　４６４　６６６　６,2026-08-21,2026-08-26,06,浜名湖,一般,６６５　６６５　６　５,2026-08-08,2026-08-11,05,多摩川,一般,５　６４５　４５,2026-07-29,2026-08-03,22,福岡,一般,６　４３３　３３３２４５,2026-07-18,2026-07-21,04,平和島,一般,５６６　６　６,5070,中島 航,2026-09-05,2026-09-10,01,桐生,一般,３　落６１　３２６２３,2026-08-20,2026-08-23,02,戸田,一般,６　３５６４３２,2026-08-09,2026-08-15,03,江戸川,一般,１　２２３　５２１　[６],2026-07-25,2026-07-29,20,若松,一般,６４４　３３５　３４,2026-07-09,2026-07-13,14,鳴門,一般,３　６４６　２５５５,4199,北川 潤二,2026-09-12,2026-09-15,10,三国,一般,３２４１２１[２],2026-09-02,2026-09-06,17,宮島,一般,３５１１５１１４２６,2026-08-21,2026-08-26,06,浜名湖,一般,６６２３３　５１４エ２,2026-08-11,2026-08-16,07,蒲郡,一般,１　３４４５４３４１１,2026-07-29,2026-08-03,22,福岡,一般,４　１４１３１１３２[６],3788,一宮 稔弘,2026-09-12,2026-09-15,10,三国,一般,４　５５５　４１,2026-08-30,2026-09-02,21,芦屋,一般,２　２５１４３５,2026-08-16,2026-08-19,14,鳴門,一般,３２２５２４４５,2026-07-31,2026-08-03,20,若松,一般,１４４２１５３６,2026-03-16,2026-03-19,10,三国,一般,F５５　F
202609250808,2026-09-25,08,08R,4669,井上 茂,2026-09-03,2026-09-08,10,三国,一般,２４５　４２６　１　６３,2026-08-17,2026-08-21,15,丸亀,一般,６　５　４３５　６５,2026-08-03,2026-08-08,04,平和島,ＧⅢ,４　４１５　４３２５５６,2026-07-15,2026-07-21,12,住之江,一般,３４３　２６５　２　転３３６,2026-07-01,2026-07-06,22,福岡,一般,５　２５４　４１５４４,4209,藤田 竜弘,2026-09-09,2026-09-15,20,若松,一般,２３１　３４２　４２１２[６],2026-08-26,2026-08-31,11,びわこ,一般,４２１　１３３３５６１６,2026-08-11,2026-08-16,07,蒲郡,一般,４　１２３４２　４５３３,2026-07-29,2026-08-01,18,徳山,一般,３　１１３２[５],2026-07-19,2026-07-23,05,多摩川,一般,２１２２２　４１[３],4146,柳橋 宏紀,2026-09-09,2026-09-13,05,多摩川,一般,４　５１３５６　３４,2026-08-28,2026-08-31,23,からつ,一般,６２１４転欠,2026-08-15,2026-08-20,11,びわこ,一般,５　４６２４５５５　４２,2026-08-05,2026-08-10,09,津,一般,１　４５２６６　６５１,2026-07-29,2026-08-01,18,徳山,一般,１　３５２２[６],4437,中田 元泰,2026-09-09,2026-09-14,21,芦屋,一般,５２１　２５４３３３２１,2026-08-27,2026-08-31,04,平和島,一般,２５１　３３４３[５],2026-08-17,2026-08-21,15,丸亀,一般,１４３４３２１３１４,2026-08-03,2026-08-08,19,下関,一般,３３２　１５１　１４２２,2026-07-22,2026-07-25,24,大村,一般,１　４１３１[２],4650,中山 雄太,2026-09-09,2026-09-13,17,宮島,一般,１　６　２２２４２４,2026-09-03,2026-09-06,02,戸田,一般,５　４６６　５,2026-08-22,2026-08-27,22,福岡,一般,５６６　５　１４４６６３,2026-08-14,2026-08-19,10,三国,一般,４　４６２　５５５６４,2025-12-22,2025-12-25,16,児島,一般,２４１４３落,3850,小川 知行,2026-09-05,2026-09-11,03,江戸川,一般,４１３　３４１３６　２３,2026-08-22,2026-08-27,22,福岡,一般,１　４６４４５　５３３,2026-08-11,2026-08-16,01,桐生,一般,３４４　５　１５３２５,2026-07-31,2026-08-05,05,多摩川,一般,５６４　５６１　６　２３,2026-07-17,2026-07-20,02,戸田,一般,６５３　２５１
202609250809,2026-09-25,08,09R,3635,石田 政吾,2026-09-09,2026-09-13,05,多摩川,一般,３　１落,2026-08-14,2026-08-19,10,三国,一般,２１６　２１６２１４５,2026-08-05,2026-08-10,09,津,一般,２　３３１４５６６　２３,2026-07-22,2026-07-26,13,尼崎,一般,１　６５３５２　２３,2026-07-10,2026-07-15,06,浜名湖,一般,３　２３２　６６５１３,4950,高岡 竜也,2026-09-12,2026-09-15,10,三国,一般,２６５３４　３２,2026-08-29,2026-09-03,16,児島,一般,５１４４４３妨　１　５５,2026-08-15,2026-08-20,18,徳山,一般,１　４４２１４１１２[５],2026-08-04,2026-08-09,12,住之江,一般,４　２６３２２３５６６６,2026-07-21,2026-07-26,23,からつ,一般,１３１１３　１３４２[３],4562,阪本 勇介,2026-09-05,2026-09-10,01,桐生,一般,６４６　６６２　２　１３,2026-08-29,2026-09-03,19,下関,一般,３３５　５６５３５　５,2026-08-21,2026-08-24,07,蒲郡,一般,３４２２５　１４,2026-08-08,2026-08-13,16,児島,一般,４　４４６　５５５　２４,2026-07-23,2026-07-28,21,芦屋,一般,６　５４２　２６３２２１,4055,吉田 俊彦,2026-09-09,2026-09-13,05,多摩川,一般,４２２転,2026-08-24,2026-08-29,13,尼崎,一般,２１２　５２１２１３２１,2026-08-17,2026-08-20,20,若松,一般,２６１　１３６４,2026-08-05,2026-08-10,14,鳴門,一般,１　２２１４５３１２[５],2026-07-24,2026-07-27,02,戸田,一般,３２３４２　２５,5152,丸山 祐也,2026-09-04,2026-09-09,11,びわこ,一般,４４５　４　６５４　２,2026-08-20,2026-08-23,04,平和島,一般,６　５６６,2026-08-03,2026-08-08,19,下関,一般,６　３４５　６４３　５６,2026-07-24,2026-07-27,02,戸田,一般,６　４４３　５５,2026-07-10,2026-07-15,22,福岡,一般,５　４５３　４６３　５５,5252,荒木 颯斗,2026-09-13,2026-09-18,07,蒲郡,一般,３　３１３４１６１１[６],2026-09-01,2026-09-04,24,大村,一般,３　２３１３１４,2026-08-21,2026-08-26,03,江戸川,一般,６　２５１　４４欠,2026-08-10,2026-08-15,08,常滑,一般,１　２４３３１３４２[４],2026-07-30,2026-08-04,08,常滑,一般,３　４２２３１４５１[５]
202609250810,2026-09-25,08,10R,4588,田中 京介,2026-09-11,2026-09-15,06,浜名湖,一般,２　２６２３３２１６,2026-08-29,2026-09-03,19,下関,一般,３４２　３５１　６６１４,2026-08-17,2026-08-21,13,尼崎,一般,３　６１２４３６１５,2026-08-06,2026-08-10,24,大村,一般,２１３６５　２４１４,2026-07-23,2026-07-27,01,桐生,一般,６　１６６１４　１２,3945,橋口 真樹,2026-09-04,2026-09-08,07,蒲郡,一般,６　３２３　６４１２,2026-08-19,2026-08-24,19,下関,一般,４１１　４３３　２４転４,2026-08-06,2026-08-09,02,戸田,一般,６５６,2026-07-22,2026-07-25,24,大村,一般,６　３５４　２３,2026-07-07,2026-07-12,10,三国,ＧⅢ,１５５　３６２３２　２３,4407,鹿島 敏弘,2026-09-05,2026-09-11,03,江戸川,一般,６３４　３６４　４２５,2026-08-28,2026-09-02,05,多摩川,ＧⅢ,　　　　　　　　３５６３,2026-08-22,2026-08-26,20,若松,一般,３５３６６　５　５６,2026-08-11,2026-08-16,01,桐生,一般,１４５　１６１３６　１５,2026-07-22,2026-07-27,14,鳴門,一般,３　５２３５２２４５２５,5111,三村 岳人,2026-09-13,2026-09-17,19,下関,一般,１　４２２５３２[４],2026-09-03,2026-09-06,02,戸田,一般,１　１１４３[６],2026-08-22,2026-08-26,20,若松,一般,５２６　４１４　３４,2026-08-08,2026-08-13,16,児島,一般,６　２６２　２２１５１１,2026-07-29,2026-08-03,23,からつ,一般,５６５　４１５　１　１１,4731,間野 兼礼,2026-09-03,2026-09-08,10,三国,一般,３　３１６５６　４　４５,2026-08-22,2026-08-26,20,若松,一般,３　６６４４不　４３,2026-08-11,2026-08-16,07,蒲郡,一般,２　５４５　５６５　４４,2026-06-29,2026-07-04,08,常滑,一般,１２３　４５１３５５１５,2026-06-17,2026-06-22,05,多摩川,一般,３　５３４　１３１４５２,4532,秋元 哲,2026-09-12,2026-09-17,09,津,一般,４１４２２　２１６２[３],2026-08-28,2026-09-02,05,多摩川,ＧⅢ,２２２　２１２２４３３１,2026-08-12,2026-08-17,02,戸田,一般,３１１　妨２３４２２１,2026-08-03,2026-08-08,04,平和島,ＧⅢ,４　５２４６４６２　２１,2026-06-13,2026-06-18,08,常滑,ＧⅠ,５６
202609250811,2026-09-25,08,11R,4199,北川 潤二,2026-09-12,2026-09-15,10,三国,一般,３２４１２１[２],2026-09-02,2026-09-06,17,宮島,一般,３５１１５１１４２６,2026-08-21,2026-08-26,06,浜名湖,一般,６６２３３　５１４エ２,2026-08-11,2026-08-16,07,蒲郡,一般,１　３４４５４３４１１,2026-07-29,2026-08-03,22,福岡,一般,４　１４１３１１３２[６],3251,平石 和男,2026-09-12,2026-09-15,10,三国,一般,１２５３１４５４,2026-08-31,2026-09-05,20,若松,ＧⅢ,３　１３２３４３１３５４,2026-08-20,2026-08-25,21,芦屋,一般,５２３　５５２１２１２１,2026-08-08,2026-08-11,05,多摩川,一般,６２４３３　１３,2026-07-27,2026-08-01,09,津,一般,５　４３,4511,中岡 健人,2026-09-03,2026-09-08,10,三国,一般,５３５　２３５　４　妨２,2026-08-17,2026-08-21,15,丸亀,一般,４４１　３６６　５,2026-08-06,2026-08-09,02,戸田,一般,３３４　５転１２,2026-07-29,2026-08-01,18,徳山,一般,５４４　５　５２,2026-07-10,2026-07-15,23,からつ,一般,４３３　４　６６４　５５,4058,野末 智一,2026-09-12,2026-09-17,09,津,一般,１　１４５６４　３２５,2026-09-01,2026-09-04,24,大村,一般,２１１３４３３１,2026-08-22,2026-08-26,20,若松,一般,４６５２４,2026-08-11,2026-08-16,06,浜名湖,一般,１６４１２　２転２５５３,2026-07-24,2026-07-27,02,戸田,一般,４４２　３１１１,4252,松下 哲也,2026-09-03,2026-09-08,10,三国,一般,３４３　５４２　４２３,2026-08-20,2026-08-23,04,平和島,一般,２１３　４６F６,2026-08-09,2026-08-14,23,からつ,一般,３　５６４４２　３２１,2026-07-29,2026-08-01,18,徳山,一般,６　５４４　２３,2026-07-21,2026-07-26,23,からつ,一般,６　２３２　１４１１[１],4033,伊藤 将吉,2026-09-05,2026-09-10,01,桐生,一般,１　５５３　１６１３２３,2026-08-22,2026-08-27,22,福岡,一般,３　２５２３４１１４１２,2026-08-11,2026-08-16,06,浜名湖,一般,３６１　４４６　６１４４,2026-08-03,2026-08-08,04,平和島,ＧⅢ,２５,2026-07-24,2026-07-27,12,住之江,一般,２１４４４５５４
202609250812,2026-09-25,08,12R,4794,和田 拓也,2026-09-11,2026-09-16,12,住之江,一般,１　１４１２１１４１[１],2026-08-31,2026-09-05,18,徳山,一般,４１１６４２１　４３４１,2026-08-19,2026-08-24,19,下関,一般,１３５　２１２２４４１２,2026-08-05,2026-08-10,09,津,一般,１　６２１４２２２４１１,2026-07-22,2026-07-27,14,鳴門,一般,３６３　１６５１１６１３,4437,中田 元泰,2026-09-09,2026-09-14,21,芦屋,一般,５２１　２５４３３３２１,2026-08-27,2026-08-31,04,平和島,一般,２５１　３３４３[５],2026-08-17,2026-08-21,15,丸亀,一般,１４３４３２１３１４,2026-08-03,2026-08-08,19,下関,一般,３３２　１５１　１４２２,2026-07-22,2026-07-25,24,大村,一般,１　４１３１[２],5053,山口 広樹,2026-09-05,2026-09-11,03,江戸川,一般,５　５５２　転６５　５５,2026-08-21,2026-08-26,06,浜名湖,一般,１５２　２６４３３５１６,2026-08-10,2026-08-15,21,芦屋,一般,４５５　５５４　３１３,2026-07-23,2026-07-27,01,桐生,一般,６　６５５　６５２,2026-07-10,2026-07-15,22,福岡,一般,５　６６４　３５６　６５,4886,入海 馨,2026-09-11,2026-09-14,02,戸田,一般,３　６１４２１３,2026-08-29,2026-09-03,16,児島,一般,６３２　１３１３１２[４],2026-08-20,2026-08-23,04,平和島,一般,３２１１４　[２],2026-08-07,2026-08-11,15,丸亀,一般,４１６５１１４２[３],2026-07-28,2026-08-02,11,びわこ,ＳＧ,６　５４１　３　転２３,4786,佐藤 博亮,2026-09-13,2026-09-18,11,びわこ,一般,５１１１１４１　２２[３],2026-09-01,2026-09-05,13,尼崎,一般,５５２１１１２２[４],2026-08-22,2026-08-27,22,福岡,一般,１２F　２　５　２　５,2026-08-11,2026-08-16,07,蒲郡,一般,２３２　３２３４２４１２,2026-07-24,2026-07-29,17,宮島,一般,４５３５２　１２１３２１,4896,花本 剛,2026-09-05,2026-09-11,03,江戸川,一般,３　１６４　４３６,2026-08-19,2026-08-24,19,下関,一般,５６２　５　１３２　３２,2026-08-04,2026-08-09,10,三国,一般,４　５２２　４６６５３,2026-07-27,2026-07-31,19,下関,一般,１５５　４６２　６,2026-07-15,2026-07-21,12,住之江,一般,３　５６１　２６６６４　３
202609250901,2026-09-25,09,01R,4109,谷津 幸宏,2026-08-15,2026-08-20,05,多摩川,一般,１　３１２２４　１４２４,2026-08-06,2026-08-09,02,戸田,一般,４１４　３２２１,2026-07-24,2026-07-29,17,宮島,一般,１１１１３３２　４１[６],2026-07-13,2026-07-18,07,蒲郡,ＧⅡ,F　６　２５６　５　４,2026-06-30,2026-07-05,16,児島,ＧⅡ,５５５　２　６１５　６３,5343,小林 礼央,2026-09-04,2026-09-09,11,びわこ,一般,５　３４２　３５４　４４,2026-08-20,2026-08-25,21,芦屋,一般,２４５　６　４４３　３３,2026-08-05,2026-08-10,14,鳴門,一般,４　６１４　４６落　３１,2026-07-29,2026-08-01,18,徳山,一般,３　５６４　６５,2026-07-24,2026-07-27,12,住之江,一般,２　３６３　３６,4270,岸本 雄貴,2026-09-03,2026-09-08,10,三国,一般,６　６６５　２３５　３５,2026-08-15,2026-08-20,09,津,一般,２　６６２２４　１３２,2026-08-07,2026-08-11,15,丸亀,一般,３　２５２　１４６３,2026-07-23,2026-07-28,03,江戸川,ＧⅢ,１　５４４　４６６４６６,2026-07-10,2026-07-15,23,からつ,一般,２　１６３４４　１３３１,5223,森清 友翔,2026-09-02,2026-09-06,17,宮島,一般,３　４４４　３６３６,2026-08-21,2026-08-24,07,蒲郡,一般,４４４　１２１３,2026-08-16,2026-08-19,14,鳴門,一般,５２２　１３５５,2026-08-07,2026-08-12,20,若松,一般,４　５５４５４　４６２２,2026-07-29,2026-08-03,22,福岡,一般,１　６２６　５１１６１６,3839,川合 理司,2026-09-05,2026-09-11,03,江戸川,一般,F　６５６６５　６　４６,2026-08-17,2026-08-21,13,尼崎,一般,５　５５６　４　５４,2026-07-31,2026-08-03,20,若松,一般,５　１５６６６,2026-07-16,2026-07-21,11,びわこ,一般,２　６　６６２　６　６,2026-07-05,2026-07-09,05,多摩川,一般,５　６　５６４５５,5470,坂口 諒宗,2026-09-03,2026-09-08,10,三国,一般,６　５欠５　４６４　６４,2026-08-09,2026-08-14,13,尼崎,一般,５　５５６　６　６６６,2026-07-29,2026-08-01,18,徳山,一般,６　６６６　５６,2026-07-15,2026-07-21,12,住之江,一般,６　６　６６６５５　６　６６,2026-06-04,2026-06-08,08,常滑,一般,６転５　６　５　６６
202609250902,2026-09-25,09,02R,3981,今坂 晃広,2026-09-04,2026-09-08,07,蒲郡,一般,２　６３６２６　６５,2026-08-21,2026-08-26,06,浜名湖,一般,１１１　２５４４４３１４,2026-08-08,2026-08-11,05,多摩川,一般,３３４　５６２,2026-07-28,2026-07-31,24,大村,一般,４　６５４　６５,2026-07-15,2026-07-19,17,宮島,一般,２２６　５５３　１２,4944,田代 達也,2026-09-02,2026-09-07,22,福岡,一般,２　３３５　３４５５２,2026-08-27,2026-08-31,04,平和島,一般,３６３　３　２６１３,2026-08-20,2026-08-23,04,平和島,一般,４　６６４　１４,2026-08-04,2026-08-09,12,住之江,一般,６　１５落　１５５　３２,2026-07-20,2026-07-25,15,丸亀,一般,４　４５４　妨５５　３６,4499,滝川 真由子,2026-09-07,2026-09-12,16,児島,一般,６１３　４１４　３４６４,2026-08-26,2026-08-30,14,鳴門,一般,２３６　５１２　３６,2026-08-09,2026-08-14,23,からつ,一般,３　４３２２３　３５４５,2026-07-01,2026-07-06,07,蒲郡,一般,４２３　４３３　４３３,2026-06-12,2026-06-17,22,福岡,ＧⅢ,５６２　５２４　３３１,5247,大森 翼,2026-09-04,2026-09-09,11,びわこ,一般,５F３　６　４　６　３,2026-08-21,2026-08-24,07,蒲郡,一般,６　４４３６６５,2026-08-09,2026-08-14,13,尼崎,一般,３　２６４６転　３　２,2026-07-28,2026-07-31,24,大村,一般,６５４　６　６欠,2026-07-18,2026-07-21,20,若松,一般,１４４　３６２６,3843,上之 晃弘,2026-09-09,2026-09-14,21,芦屋,一般,５　３３５４３　１　４４,2026-08-22,2026-08-27,08,常滑,ＧⅢ,２６６　３５１　６３６５,2026-08-06,2026-08-10,24,大村,一般,６５６　６３５　４５,2026-07-16,2026-07-21,11,びわこ,一般,３　５６５４５　転４,2026-07-04,2026-07-09,18,徳山,一般,２４６４６　４１６６１,5454,谷島 咲希,2026-09-05,2026-09-10,04,平和島,一般,６　６　転６５６６　６,2026-08-12,2026-08-17,02,戸田,一般,５　５６６　５５６５５,2026-07-31,2026-08-05,05,多摩川,一般,６　６６６　６６６　６６,2026-07-07,2026-07-12,08,常滑,一般,２４６　６５６　６６６,2026-06-20,2026-06-25,06,浜名湖,一般,６　６５５　５４６　６６
202609250903,2026-09-25,09,03R,4381,田路 朋史,2026-09-11,2026-09-15,06,浜名湖,一般,３１３３１　１１３２,2026-08-29,2026-09-03,19,下関,一般,５　１２１４５　３５１６,2026-08-20,2026-08-23,24,大村,一般,３　４３２　４６,2026-08-09,2026-08-14,13,尼崎,一般,２　２４５　２５４２４２,2026-07-22,2026-07-26,08,常滑,一般,１３５　４１２　２２,4169,多田 有佑,2026-09-03,2026-09-08,10,三国,一般,４５５　６４５　５６２,2026-08-21,2026-08-26,03,江戸川,一般,３５３２５　２５２　５１,2026-08-08,2026-08-11,05,多摩川,一般,５　４５６　２５,2026-07-20,2026-07-25,15,丸亀,一般,５　６５５　４４４　３５,2026-07-07,2026-07-12,02,戸田,ＧⅡ,４　２　２６４　４２６,4665,加藤 啓太,2026-09-03,2026-09-06,02,戸田,一般,５　６３５５３,2026-08-20,2026-08-23,24,大村,一般,F３５　５　６,2026-08-10,2026-08-15,08,常滑,一般,３５２　１３６　５１３４,2026-08-02,2026-08-05,21,芦屋,一般,４　１３４５５５,2026-07-15,2026-07-19,08,常滑,一般,３　６３６５４　２２,4134,杉山 貴博,2026-09-09,2026-09-13,17,宮島,一般,１６６６４　２　１６,2026-08-24,2026-08-28,15,丸亀,一般,５　３４５２２　５２,2026-08-15,2026-08-20,05,多摩川,一般,２　５４６２２　４１６１,2026-08-04,2026-08-09,10,三国,一般,３２１２５　１５１　２,2026-07-27,2026-07-31,19,下関,一般,２１６　２　２３２１,4137,君島 秀三,2026-09-09,2026-09-14,21,芦屋,一般,１３３２３　３１１２[４],2026-08-24,2026-08-29,13,尼崎,一般,５２１４５　２３,2026-08-15,2026-08-20,11,びわこ,一般,１４１　３２３５１５１６,2026-08-04,2026-08-09,12,住之江,一般,３５３１１　１２２２[６],2026-07-28,2026-07-31,24,大村,一般,１３１４３５１５,4579,中嶋 健一郎,2026-09-11,2026-09-16,12,住之江,一般,２　６３２　４２５　１６,2026-08-26,2026-08-30,14,鳴門,一般,１１４５２　６３２１,2026-08-15,2026-08-20,09,津,一般,１６１　２３１３４３４１,2026-08-08,2026-08-11,05,多摩川,一般,３１２６３　６２,2026-07-27,2026-07-31,19,下関,一般,２　１４１６４２[６]
202609250904,2026-09-25,09,04R,3627,井上 恵一,2026-09-11,2026-09-15,06,浜名湖,一般,４２２　３６２６４５,2026-08-27,2026-09-01,07,蒲郡,一般,５　６５５　４１４２５,2026-08-12,2026-08-17,22,福岡,一般,３５５５４　４６５　６１,2026-08-02,2026-08-05,21,芦屋,一般,２　６６６　１４,2026-06-27,2026-07-01,02,戸田,一般,２２３　１６５３[６],4382,高山 智至,2026-09-07,2026-09-12,16,児島,一般,４　２３６　３１５４４４,2026-08-24,2026-08-29,13,尼崎,一般,４３２　１５３　１４２５,2026-08-15,2026-08-20,11,びわこ,一般,４　５４６　４５３　３６,2026-07-29,2026-08-03,22,福岡,一般,４５３　４６５　２５４３,2026-07-16,2026-07-21,11,びわこ,一般,４４４　３４４５３　４５,4684,楠原 翔太,2026-09-11,2026-09-15,06,浜名湖,一般,４　２５１３３４４３,2026-08-28,2026-08-31,23,からつ,一般,４５３　２１２２,2026-08-12,2026-08-17,22,福岡,一般,２２４　１３４４１３１１,2026-08-03,2026-08-08,04,平和島,ＧⅢ,４２５　２４１　２５５４,2026-07-22,2026-07-25,24,大村,一般,２　４６６２６,5317,長尾 萌加,2026-09-09,2026-09-14,21,芦屋,一般,３　４５４　３２６４５２,2026-08-18,2026-08-23,16,児島,一般,１４１　５５２　１２F３,2026-08-08,2026-08-13,16,児島,一般,３　３６３　３６３　６６,2026-07-25,2026-07-30,04,平和島,一般,４４５　３　１３４３４６,2026-07-15,2026-07-19,17,宮島,一般,６２５　１　２２３３,3777,樋口 亮,2026-09-11,2026-09-15,06,浜名湖,一般,４５５　２３３　５３,2026-08-27,2026-09-01,07,蒲郡,一般,２３５　１６F４５　５,2026-08-17,2026-08-20,20,若松,一般,３　３５３３５,2026-08-06,2026-08-10,24,大村,一般,４　４３３１２２[６],2026-07-24,2026-07-29,17,宮島,一般,５６２　４４６欠,3940,飯山 泰,2026-09-12,2026-09-15,10,三国,一般,３１３４３６１６,2026-08-31,2026-09-05,20,若松,ＧⅢ,６１６４５６４　２１３,2026-08-20,2026-08-23,04,平和島,一般,２４２２１３[３],2026-08-09,2026-08-15,03,江戸川,一般,５２５　１３１　３　[３],2026-07-31,2026-08-05,06,浜名湖,ＧⅢ,６６２　１１３４１１[３]
202609250905,2026-09-25,09,05R,4239,竹田 辰也,2026-09-12,2026-09-17,18,徳山,ＧⅠ,２　４１３　４４１　[４],2026-08-30,2026-09-03,08,常滑,一般,２２２１３１４１[４],2026-08-15,2026-08-20,18,徳山,一般,３３１６３４２　１５１３,2026-08-04,2026-08-09,10,三国,一般,５３１　１６３１４１[４],2026-07-22,2026-07-27,14,鳴門,一般,２４１６３　２６,5160,藤森 陸斗,2026-09-09,2026-09-14,21,芦屋,一般,５　１６６６１５３　４５,2026-08-26,2026-08-31,11,びわこ,一般,１　５５２５１５１５３１,2026-08-20,2026-08-23,24,大村,一般,２　３４１４４１,2026-08-12,2026-08-17,22,福岡,一般,６　３４４４３エ６　３,2026-08-03,2026-08-08,17,宮島,一般,２２５　１５４６４　１５,4744,伊藤 玲奈,2026-09-09,2026-09-14,21,芦屋,一般,４　３６３　３４３　２５,2026-08-26,2026-08-30,14,鳴門,一般,５５６　４　５１４６,2026-08-12,2026-08-17,24,大村,ＧⅢ,４　２６３　６５３　３６,2026-07-27,2026-08-01,10,三国,一般,５　３６４　２４３　１,2026-07-13,2026-07-18,13,尼崎,ＧⅢ,３４２　１　２３４５１５,4853,前原 哉,2026-09-09,2026-09-14,21,芦屋,一般,３３４　２　６５３　５６,2026-08-30,2026-09-04,06,浜名湖,ＧⅢ,４　５５３　４６５　４３,2026-08-18,2026-08-23,16,児島,一般,６　５４５　６５４　１２,2026-08-08,2026-08-13,16,児島,一般,６５６　６　４６４　１５,2026-07-28,2026-08-02,15,丸亀,一般,　　　　　　　　６　３４,5186,遠藤 圭吾,2026-09-04,2026-09-09,11,びわこ,一般,６　４５５　１２６　５３,2026-08-22,2026-08-26,20,若松,一般,６　６１５　６４２４,2026-08-04,2026-08-09,12,住之江,一般,６　６４１　５４６　２３,2026-07-22,2026-07-26,13,尼崎,一般,２６６　６　３　１５,2026-07-11,2026-07-16,03,江戸川,一般,４　１６２４３　３４４,5466,成田 華音,2026-08-21,2026-08-26,06,浜名湖,一般,６　６３６　４６５　６４,2026-08-06,2026-08-09,02,戸田,一般,６　６６３　５４,2026-07-05,2026-07-09,05,多摩川,一般,６　６　６６６６５,2026-06-24,2026-06-29,09,津,一般,５５２　６５６　６４６,2026-05-27,2026-06-01,08,常滑,一般,４５６　６４６　５５４
202609250906,2026-09-25,09,06R,3726,桂林 寛,2026-08-31,2026-09-05,20,若松,ＧⅢ,６　１１６　５３５４３６,2026-08-15,2026-08-20,18,徳山,一般,４　３４５　５３４　３３,2026-07-27,2026-07-31,19,下関,一般,６５４　６４６　５,2026-07-10,2026-07-15,23,からつ,一般,６６,2026-06-19,2026-06-24,11,びわこ,一般,５　５５４　５５２　５４,3981,今坂 晃広,2026-09-04,2026-09-08,07,蒲郡,一般,２　６３６２６　６５,2026-08-21,2026-08-26,06,浜名湖,一般,１１１　２５４４４３１４,2026-08-08,2026-08-11,05,多摩川,一般,３３４　５６２,2026-07-28,2026-07-31,24,大村,一般,４　６５４　６５,2026-07-15,2026-07-19,17,宮島,一般,２２６　５５３　１２,4930,佐藤 悠,2026-09-12,2026-09-15,10,三国,一般,１２６５１　落４,2026-08-28,2026-09-02,05,多摩川,ＧⅢ,３　４３４３５１１５１５,2026-08-14,2026-08-19,10,三国,一般,３　１３３２２５４２[４],2026-08-03,2026-08-08,04,平和島,ＧⅢ,５　３２２　２４１５３１,2026-07-24,2026-07-29,17,宮島,一般,２　１３２３１４２２[５],3959,坪井 康晴,2026-09-12,2026-09-17,18,徳山,ＧⅠ,１５６　３３１　４２２,2026-09-03,2026-09-08,10,三国,一般,２３失　３１１２転１[２],2026-08-25,2026-08-30,01,桐生,ＳＧ,４　１２４　３　６　１４,2026-08-11,2026-08-16,06,浜名湖,一般,１　６１３１２１３１[５],2026-07-28,2026-08-02,11,びわこ,ＳＧ,２４５　５　１４２　３４,4574,東 潤樹,2026-09-09,2026-09-13,17,宮島,一般,１１３　１４１２[２],2026-08-28,2026-08-31,23,からつ,一般,５　５５６,2026-08-21,2026-08-24,07,蒲郡,一般,２　３４１５４４,2026-08-14,2026-08-19,17,宮島,一般,２　２４４４４６３　４２,2026-08-04,2026-08-09,10,三国,一般,４６４　２３,4270,岸本 雄貴,2026-09-03,2026-09-08,10,三国,一般,６　６６５　２３５　３５,2026-08-15,2026-08-20,09,津,一般,２　６６２２４　１３２,2026-08-07,2026-08-11,15,丸亀,一般,３　２５２　１４６３,2026-07-23,2026-07-28,03,江戸川,ＧⅢ,１　５４４　４６６４６６,2026-07-10,2026-07-15,23,からつ,一般,２　１６３４４　１３３１
202609250907,2026-09-25,09,07R,5223,森清 友翔,2026-09-02,2026-09-06,17,宮島,一般,３　４４４　３６３６,2026-08-21,2026-08-24,07,蒲郡,一般,４４４　１２１３,2026-08-16,2026-08-19,14,鳴門,一般,５２２　１３５５,2026-08-07,2026-08-12,20,若松,一般,４　５５４５４　４６２２,2026-07-29,2026-08-03,22,福岡,一般,１　６２６　５１１６１６,4134,杉山 貴博,2026-09-09,2026-09-13,17,宮島,一般,１６６６４　２　１６,2026-08-24,2026-08-28,15,丸亀,一般,５　３４５２２　５２,2026-08-15,2026-08-20,05,多摩川,一般,２　５４６２２　４１６１,2026-08-04,2026-08-09,10,三国,一般,３２１２５　１５１　２,2026-07-27,2026-07-31,19,下関,一般,２１６　２　２３２１,4706,三浦 洋次朗,2026-09-11,2026-09-14,02,戸田,一般,５３６　４２２１,2026-08-31,2026-09-05,18,徳山,一般,１　３５２２３３２４１３,2026-07-24,2026-07-29,17,宮島,一般,４　６６４６２６２　１２,2026-07-14,2026-07-19,01,桐生,一般,２５２　２６５　６６４,2026-06-30,2026-07-05,16,児島,ＧⅡ,４　F　２５６　転,5439,志賀 美優,2026-09-12,2026-09-17,08,常滑,一般,６　６６６　６５６３６６,2026-08-30,2026-09-04,06,浜名湖,ＧⅢ,６　６５５　６６６　５６,2026-08-11,2026-08-16,07,蒲郡,一般,６６６　６６５　５　６６,2026-07-14,2026-07-19,01,桐生,一般,６　３６６　５６６　６,2026-07-07,2026-07-12,08,常滑,一般,　　　　　　　　　　６５,4237,大峯 豊,2026-09-12,2026-09-17,18,徳山,ＧⅠ,４３３　２１４　４　２４,2026-09-04,2026-09-08,07,蒲郡,一般,１２１１３２２１[１],2026-08-25,2026-08-30,01,桐生,ＳＧ,４５３　３　６３３　５,2026-08-15,2026-08-20,18,徳山,一般,３１２１２１１　１２６,2026-08-07,2026-08-11,15,丸亀,一般,２３１１５３３３２１,4944,田代 達也,2026-09-02,2026-09-07,22,福岡,一般,２　３３５　３４５５２,2026-08-27,2026-08-31,04,平和島,一般,３６３　３　２６１３,2026-08-20,2026-08-23,04,平和島,一般,４　６６４　１４,2026-08-04,2026-08-09,12,住之江,一般,６　１５落　１５５　３２,2026-07-20,2026-07-25,15,丸亀,一般,４　４５４　妨５５　３６
202609250908,2026-09-25,09,08R,4169,多田 有佑,2026-09-03,2026-09-08,10,三国,一般,４５５　６４５　５６２,2026-08-21,2026-08-26,03,江戸川,一般,３５３２５　２５２　５１,2026-08-08,2026-08-11,05,多摩川,一般,５　４５６　２５,2026-07-20,2026-07-25,15,丸亀,一般,５　６５５　４４４　３５,2026-07-07,2026-07-12,02,戸田,ＧⅡ,４　２　２６４　４２６,4261,岡 祐臣,2026-09-09,2026-09-14,21,芦屋,一般,２１３３１　４６１１[３],2026-08-26,2026-08-31,11,びわこ,一般,１５４３６　４４１　４４,2026-08-15,2026-08-20,09,津,一般,１２３　６５３２１４２４,2026-08-08,2026-08-11,05,多摩川,一般,１１２　５４４６,2026-07-22,2026-07-27,14,鳴門,一般,４６３４１　６欠,3839,川合 理司,2026-09-05,2026-09-11,03,江戸川,一般,F　６５６６５　６　４６,2026-08-17,2026-08-21,13,尼崎,一般,５　５５６　４　５４,2026-07-31,2026-08-03,20,若松,一般,５　１５６６６,2026-07-16,2026-07-21,11,びわこ,一般,２　６　６６２　６　６,2026-07-05,2026-07-09,05,多摩川,一般,５　６　５６４５５,3627,井上 恵一,2026-09-11,2026-09-15,06,浜名湖,一般,４２２　３６２６４５,2026-08-27,2026-09-01,07,蒲郡,一般,５　６５５　４１４２５,2026-08-12,2026-08-17,22,福岡,一般,３５５５４　４６５　６１,2026-08-02,2026-08-05,21,芦屋,一般,２　６６６　１４,2026-06-27,2026-07-01,02,戸田,一般,２２３　１６５３[６],5454,谷島 咲希,2026-09-05,2026-09-10,04,平和島,一般,６　６　転６５６６　６,2026-08-12,2026-08-17,02,戸田,一般,５　５６６　５５６５５,2026-07-31,2026-08-05,05,多摩川,一般,６　６６６　６６６　６６,2026-07-07,2026-07-12,08,常滑,一般,２４６　６５６　６６６,2026-06-20,2026-06-25,06,浜名湖,一般,６　６５５　５４６　６６,4848,仲谷 颯仁,2026-09-09,2026-09-14,21,芦屋,一般,２１２２１２１　３１[２],2026-08-25,2026-08-30,01,桐生,ＳＧ,１３６　２　４６６　３,2026-08-17,2026-08-21,13,尼崎,一般,２６２２２１１３１４,2026-08-07,2026-08-12,20,若松,一般,３１３１３１２　３１[２],2026-07-28,2026-08-02,11,びわこ,ＳＧ,４　４１３　３２１　[３]
202609250909,2026-09-25,09,09R,5091,為本 智也,2026-09-11,2026-09-15,06,浜名湖,一般,２３１４４１４１[３],2026-08-28,2026-09-02,05,多摩川,ＧⅢ,２　６４２３５　３６１１,2026-08-17,2026-08-20,20,若松,一般,２　１４４６３５,2026-08-04,2026-08-09,10,三国,一般,２　１１５３２５２１[３],2026-07-22,2026-07-26,13,尼崎,一般,２４１　３５２３２２,3940,飯山 泰,2026-09-12,2026-09-15,10,三国,一般,３１３４３６１６,2026-08-31,2026-09-05,20,若松,ＧⅢ,６１６４５６４　２１３,2026-08-20,2026-08-23,04,平和島,一般,２４２２１３[３],2026-08-09,2026-08-15,03,江戸川,一般,５２５　１３１　３　[３],2026-07-31,2026-08-05,06,浜名湖,ＧⅢ,６６２　１１３４１１[３],4109,谷津 幸宏,2026-08-15,2026-08-20,05,多摩川,一般,１　３１２２４　１４２４,2026-08-06,2026-08-09,02,戸田,一般,４１４　３２２１,2026-07-24,2026-07-29,17,宮島,一般,１１１１３３２　４１[６],2026-07-13,2026-07-18,07,蒲郡,ＧⅡ,F　６　２５６　５　４,2026-06-30,2026-07-05,16,児島,ＧⅡ,５５５　２　６１５　６３,4381,田路 朋史,2026-09-11,2026-09-15,06,浜名湖,一般,３１３３１　１１３２,2026-08-29,2026-09-03,19,下関,一般,５　１２１４５　３５１６,2026-08-20,2026-08-23,24,大村,一般,３　４３２　４６,2026-08-09,2026-08-14,13,尼崎,一般,２　２４５　２５４２４２,2026-07-22,2026-07-26,08,常滑,一般,１３５　４１２　２２,5466,成田 華音,2026-08-21,2026-08-26,06,浜名湖,一般,６　６３６　４６５　６４,2026-08-06,2026-08-09,02,戸田,一般,６　６６３　５４,2026-07-05,2026-07-09,05,多摩川,一般,６　６　６６６６５,2026-06-24,2026-06-29,09,津,一般,５５２　６５６　６４６,2026-05-27,2026-06-01,08,常滑,一般,４５６　６４６　５５４,4539,金子 賢志,2026-09-11,2026-09-14,02,戸田,一般,５　４５６１５２,2026-08-29,2026-09-03,19,下関,一般,４４３３１　２６３２[５],2026-08-11,2026-08-16,01,桐生,一般,１　５２２　２３２　[６],2026-08-03,2026-08-08,04,平和島,ＧⅢ,４　３２１３５５１　４１,2026-07-24,2026-07-27,12,住之江,一般,１６３　３４１３
202609250910,2026-09-25,09,10R,3959,坪井 康晴,2026-09-12,2026-09-17,18,徳山,ＧⅠ,１５６　３３１　４２２,2026-09-03,2026-09-08,10,三国,一般,２３失　３１１２転１[２],2026-08-25,2026-08-30,01,桐生,ＳＧ,４　１２４　３　６　１４,2026-08-11,2026-08-16,06,浜名湖,一般,１　６１３１２１３１[５],2026-07-28,2026-08-02,11,びわこ,ＳＧ,２４５　５　１４２　３４,3999,大瀧 明日香,2026-09-09,2026-09-15,20,若松,一般,２４５２１　２５３４２４２２,2026-08-24,2026-08-29,13,尼崎,一般,３６３　１２４　２６４３,2026-08-10,2026-08-15,08,常滑,一般,１２１２４３２　４２[６],2026-07-03,2026-07-08,12,住之江,一般,２２４　４　１落２３１５,2026-06-21,2026-06-26,16,児島,一般,１５１　６５１５４４２６,3812,山崎 聖司,2026-09-03,2026-09-08,10,三国,一般,６　４４６　３６５　３６,2026-08-21,2026-08-26,03,江戸川,一般,２　３３４　１４５２６,2026-08-03,2026-08-08,17,宮島,一般,２５３　２３６３５　３６,2026-07-24,2026-07-27,02,戸田,一般,３４５　５４５,2026-07-12,2026-07-16,05,多摩川,一般,５　１６６　６３３,4239,竹田 辰也,2026-09-12,2026-09-17,18,徳山,ＧⅠ,２　４１３　４４１　[４],2026-08-30,2026-09-03,08,常滑,一般,２２２１３１４１[４],2026-08-15,2026-08-20,18,徳山,一般,３３１６３４２　１５１３,2026-08-04,2026-08-09,10,三国,一般,５３１　１６３１４１[４],2026-07-22,2026-07-27,14,鳴門,一般,２４１６３　２６,4665,加藤 啓太,2026-09-03,2026-09-06,02,戸田,一般,５　６３５５３,2026-08-20,2026-08-23,24,大村,一般,F３５　５　６,2026-08-10,2026-08-15,08,常滑,一般,３５２　１３６　５１３４,2026-08-02,2026-08-05,21,芦屋,一般,４　１３４５５５,2026-07-15,2026-07-19,08,常滑,一般,３　６３６５４　２２,3777,樋口 亮,2026-09-11,2026-09-15,06,浜名湖,一般,４５５　２３３　５３,2026-08-27,2026-09-01,07,蒲郡,一般,２３５　１６F４５　５,2026-08-17,2026-08-20,20,若松,一般,３　３５３３５,2026-08-06,2026-08-10,24,大村,一般,４　４３３１２２[６],2026-07-24,2026-07-29,17,宮島,一般,５６２　４４６欠
202609250911,2026-09-25,09,11R,4137,君島 秀三,2026-09-09,2026-09-14,21,芦屋,一般,１３３２３　３１１２[４],2026-08-24,2026-08-29,13,尼崎,一般,５２１４５　２３,2026-08-15,2026-08-20,11,びわこ,一般,１４１　３２３５１５１６,2026-08-04,2026-08-09,12,住之江,一般,３５３１１　１２２２[６],2026-07-28,2026-07-31,24,大村,一般,１３１４３５１５,4930,佐藤 悠,2026-09-12,2026-09-15,10,三国,一般,１２６５１　落４,2026-08-28,2026-09-02,05,多摩川,ＧⅢ,３　４３４３５１１５１５,2026-08-14,2026-08-19,10,三国,一般,３　１３３２２５４２[４],2026-08-03,2026-08-08,04,平和島,ＧⅢ,５　３２２　２４１５３１,2026-07-24,2026-07-29,17,宮島,一般,２　１３２３１４２２[５],4237,大峯 豊,2026-09-12,2026-09-17,18,徳山,ＧⅠ,４３３　２１４　４　２４,2026-09-04,2026-09-08,07,蒲郡,一般,１２１１３２２１[１],2026-08-25,2026-08-30,01,桐生,ＳＧ,４５３　３　６３３　５,2026-08-15,2026-08-20,18,徳山,一般,３１２１２１１　１２６,2026-08-07,2026-08-11,15,丸亀,一般,２３１１５３３３２１,5343,小林 礼央,2026-09-04,2026-09-09,11,びわこ,一般,５　３４２　３５４　４４,2026-08-20,2026-08-25,21,芦屋,一般,２４５　６　４４３　３３,2026-08-05,2026-08-10,14,鳴門,一般,４　６１４　４６落　３１,2026-07-29,2026-08-01,18,徳山,一般,３　５６４　６５,2026-07-24,2026-07-27,12,住之江,一般,２　３６３　３６,5160,藤森 陸斗,2026-09-09,2026-09-14,21,芦屋,一般,５　１６６６１５３　４５,2026-08-26,2026-08-31,11,びわこ,一般,１　５５２５１５１５３１,2026-08-20,2026-08-23,24,大村,一般,２　３４１４４１,2026-08-12,2026-08-17,22,福岡,一般,６　３４４４３エ６　３,2026-08-03,2026-08-08,17,宮島,一般,２２５　１５４６４　１５,3843,上之 晃弘,2026-09-09,2026-09-14,21,芦屋,一般,５　３３５４３　１　４４,2026-08-22,2026-08-27,08,常滑,ＧⅢ,２６６　３５１　６３６５,2026-08-06,2026-08-10,24,大村,一般,６５６　６３５　４５,2026-07-16,2026-07-21,11,びわこ,一般,３　５６５４５　転４,2026-07-04,2026-07-09,18,徳山,一般,２４６４６　４１６６１
202609250912,2026-09-25,09,12R,4362,土屋 智則,2026-09-12,2026-09-17,18,徳山,ＧⅠ,４　１６６　６６,2026-09-04,2026-09-08,07,蒲郡,一般,３４２３４１２２[５],2026-08-25,2026-08-30,01,桐生,ＳＧ,２　２　３３３　３　６１,2026-08-11,2026-08-16,01,桐生,一般,４　２２１１２　３　転２,2026-07-31,2026-08-05,05,多摩川,一般,３　３２２３４１３３１１,4579,中嶋 健一郎,2026-09-11,2026-09-16,12,住之江,一般,２　６３２　４２５　１６,2026-08-26,2026-08-30,14,鳴門,一般,１１４５２　６３２１,2026-08-15,2026-08-20,09,津,一般,１６１　２３１３４３４１,2026-08-08,2026-08-11,05,多摩川,一般,３１２６３　６２,2026-07-27,2026-07-31,19,下関,一般,２　１４１６４２[６],4848,仲谷 颯仁,2026-09-09,2026-09-14,21,芦屋,一般,２１２２１２１　３１[２],2026-08-25,2026-08-30,01,桐生,ＳＧ,１３６　２　４６６　３,2026-08-17,2026-08-21,13,尼崎,一般,２６２２２１１３１４,2026-08-07,2026-08-12,20,若松,一般,３１３１３１２　３１[２],2026-07-28,2026-08-02,11,びわこ,ＳＧ,４　４１３　３２１　[３],4574,東 潤樹,2026-09-09,2026-09-13,17,宮島,一般,１１３　１４１２[２],2026-08-28,2026-08-31,23,からつ,一般,５　５５６,2026-08-21,2026-08-24,07,蒲郡,一般,２　３４１５４４,2026-08-14,2026-08-19,17,宮島,一般,２　２４４４４６３　４２,2026-08-04,2026-08-09,10,三国,一般,４６４　２３,4706,三浦 洋次朗,2026-09-11,2026-09-14,02,戸田,一般,５３６　４２２１,2026-08-31,2026-09-05,18,徳山,一般,１　３５２２３３２４１３,2026-07-24,2026-07-29,17,宮島,一般,４　６６４６２６２　１２,2026-07-14,2026-07-19,01,桐生,一般,２５２　２６５　６６４,2026-06-30,2026-07-05,16,児島,ＧⅡ,４　F　２５６　転,4499,滝川 真由子,2026-09-07,2026-09-12,16,児島,一般,６１３　４１４　３４６４,2026-08-26,2026-08-30,14,鳴門,一般,２３６　５１２　３６,2026-08-09,2026-08-14,23,からつ,一般,３　４３２２３　３５４５,2026-07-01,2026-07-06,07,蒲郡,一般,４２３　４３３　４３３,2026-06-12,2026-06-17,22,福岡,ＧⅢ,５６２　５２４　３３１
202609251001,2026-09-25,10,01R,4357,田中 和也,2026-09-09,2026-09-15,20,若松,一般,１２１１４　１１３１５１[１],2026-08-15,2026-08-20,09,津,一般,１１２３４３５　１３１２,2026-08-08,2026-08-11,05,多摩川,一般,４３１５５１６３,2026-07-31,2026-08-04,13,尼崎,一般,１４４５５２２　４１,2026-07-22,2026-07-25,24,大村,一般,２１転４１１４,4894,原村 拓也,2026-09-13,2026-09-18,11,びわこ,一般,３　２４５５３　３１４１,2026-09-02,2026-09-06,17,宮島,一般,６　３１４４３　１３,2026-08-17,2026-08-21,15,丸亀,一般,２６５　６３１　２,2026-07-31,2026-08-03,20,若松,一般,４３６　６５３,2026-07-17,2026-07-22,16,児島,ＧⅢ,２３１　５３１　５２[５],4004,山本 浩輔,2026-09-05,2026-09-11,03,江戸川,一般,１１５　４５５　６５４,2026-08-22,2026-08-27,08,常滑,ＧⅢ,５　２６４　２５２５３,2026-08-06,2026-08-10,24,大村,一般,４４３　３４３２４３,2026-07-29,2026-08-01,18,徳山,一般,２５２　１　１５,2026-07-14,2026-07-17,24,大村,一般,３　１５４５１５,5366,塩嶋 泰空,2026-09-04,2026-09-08,07,蒲郡,一般,６　６６６　６　６６,2026-08-14,2026-08-19,10,三国,一般,６　６６F　６　６　４,2026-07-22,2026-07-27,14,鳴門,一般,６　６６１　６６６６５,2026-07-03,2026-07-08,12,住之江,一般,６　５６６　６６６　３,2026-06-20,2026-06-25,06,浜名湖,一般,６６６　６６６　６　６,4197,渥美 卓郎,2026-09-04,2026-09-08,07,蒲郡,一般,３５５　６　６６４,2026-08-21,2026-08-26,06,浜名湖,一般,５　１６１　６３２５２６,2026-08-06,2026-08-09,02,戸田,一般,５　５２６５１６,2026-07-23,2026-07-28,21,芦屋,一般,５５３　５３４　６　６３,2026-07-11,2026-07-16,03,江戸川,一般,４　５５４４３　４５３,5453,久保 翔耶,2026-08-29,2026-09-03,16,児島,一般,４６６　６６６　６　６６,2026-08-07,2026-08-11,15,丸亀,一般,５　３　５６５　１６,2026-07-15,2026-07-20,18,徳山,一般,６　６５４６５　４　５６,2026-07-01,2026-07-06,22,福岡,一般,５　６６６　６６２　６４,2026-06-22,2026-06-27,23,からつ,一般,６６６　５６３　４　５６
202609251002,2026-09-25,10,02R,4150,山田 雄太,2026-09-11,2026-09-15,06,浜名湖,一般,３　１３３４５２[５],2026-08-28,2026-09-02,05,多摩川,ＧⅢ,２１１５３　４１２１[４],2026-08-11,2026-08-16,06,浜名湖,一般,１３３２５　１　３　３２,2026-07-28,2026-08-02,15,丸亀,一般,４　３４２　４４１６１４,2026-07-15,2026-07-19,17,宮島,一般,１　１４４５１４１５,3837,秋山 広一,2026-09-09,2026-09-14,21,芦屋,一般,１１６３１　２３３５１４,2026-08-27,2026-08-31,04,平和島,一般,２５１３４　３１１４,2026-08-17,2026-08-21,15,丸亀,一般,２２５３１４２　３２,2026-07-29,2026-08-03,22,福岡,一般,３５３６２　４,2026-07-16,2026-07-21,11,びわこ,一般,２　４１１５３３４２[６],3617,竹田 広樹,2026-09-01,2026-09-05,13,尼崎,一般,５　６５６　６　６５,2026-08-20,2026-08-25,21,芦屋,一般,１６１　１　１４６６２６,2026-08-09,2026-08-14,23,からつ,一般,６　５４５５５　６５３,2026-07-29,2026-08-01,18,徳山,一般,６６５　６１６,2026-07-15,2026-07-21,12,住之江,一般,３　４６３　１２５４５４１６,4902,山川 雄大,2026-09-07,2026-09-11,13,尼崎,一般,１２５　３　５６４６,2026-08-22,2026-08-27,22,福岡,一般,２　２６１６６６２　２６,2026-08-09,2026-08-14,13,尼崎,一般,５６３　２　１２５５２,2026-07-24,2026-07-27,12,住之江,一般,４５４　４　６６,2026-07-15,2026-07-19,08,常滑,一般,１　２４１６６６５５,5329,金子 龍斗,2026-09-04,2026-09-09,11,びわこ,一般,２　６５５３６　２　６３,2026-08-21,2026-08-26,03,江戸川,一般,１４３　４２６４６　５３,2026-08-09,2026-08-14,13,尼崎,一般,３２５　１５１　２　[転],2026-07-28,2026-08-02,15,丸亀,一般,５　１４４６６　４　５１,2026-07-09,2026-07-13,14,鳴門,一般,１１３　６３４　３１,5465,直江 健成,2026-08-29,2026-09-03,16,児島,一般,６　６６６　６６５　６６,2026-08-14,2026-08-19,10,三国,一般,６　６６６　５６６　６６,2026-06-29,2026-07-03,11,びわこ,一般,６　６６６　６　６５,2026-05-27,2026-05-31,18,徳山,一般,６　６６６　F６６,2026-05-02,2026-05-07,10,三国,一般,６　６　６６６５６　６６
202609251003,2026-09-25,10,03R,4112,大久保信一郎,2026-08-14,2026-08-19,17,宮島,一般,３１３　１５２６３５２２,2026-07-29,2026-08-03,23,からつ,一般,２　１６２１２２５２[２],2026-07-18,2026-07-21,04,平和島,一般,４　４２３４５３,2026-07-09,2026-07-14,15,丸亀,一般,４　３５２F１５２　４,2026-06-27,2026-07-01,02,戸田,一般,１５２　３５４　４２,5344,谷口 丞,2026-09-05,2026-09-10,01,桐生,一般,６　３３１　３F５　５,2026-08-15,2026-08-20,09,津,一般,２　３６１３５　１６１３,2026-07-28,2026-08-02,16,児島,一般,６　１１３１３４２２[１],2026-07-14,2026-07-19,21,芦屋,一般,１２４　２４３　６３４,2026-06-30,2026-07-05,23,からつ,一般,４３２　４１３　４６１３,4241,大串 重幸,2026-09-09,2026-09-13,17,宮島,一般,５４５４１　５　４２,2026-08-27,2026-08-31,04,平和島,一般,２３１３２　３２[６],2026-08-17,2026-08-20,20,若松,一般,５３２　２５３１,2026-08-06,2026-08-10,24,大村,一般,４５２　４６４１２１,2026-07-23,2026-07-27,01,桐生,一般,４１２４６５２　１,5090,生方 靖亜,2026-08-11,2026-08-16,01,桐生,一般,３２エ　１４３　１４１,2026-08-02,2026-08-05,21,芦屋,一般,３１１　３３３１,2026-07-18,2026-07-23,09,津,ＧⅢ,６　２６４　２　２４２４,2026-07-04,2026-07-09,01,桐生,一般,５　３３６　F２３　５,2026-05-29,2026-06-02,23,からつ,一般,５４２不,3838,伊藤 啓三,2026-09-07,2026-09-11,13,尼崎,一般,２３５　４６１　４４,2026-08-22,2026-08-27,08,常滑,ＧⅢ,３６２　４１３　１５６６,2026-08-08,2026-08-11,05,多摩川,一般,２２３６２　２５,2026-07-27,2026-07-31,19,下関,一般,６　１３５４５　２,2026-07-15,2026-07-20,18,徳山,一般,２６３　４３４　１１転,4020,川上 清人,2026-09-09,2026-09-14,21,芦屋,一般,３５４　５６５　６　６,2026-08-17,2026-08-20,20,若松,一般,４４５　６　６４,2026-08-07,2026-08-11,15,丸亀,一般,４６４　６５６　３,2026-07-27,2026-07-31,19,下関,一般,２６１４６　２６３,2026-07-18,2026-07-22,10,三国,一般,４４５　５　４６２
202609251004,2026-09-25,10,04R,4363,大野 芳顕,2026-09-11,2026-09-14,02,戸田,一般,２１３３４　３４,2026-08-29,2026-09-03,19,下関,一般,４　４５３１３４１　２４,2026-08-20,2026-08-23,24,大村,一般,２４５　３転１,2026-08-10,2026-08-15,21,芦屋,一般,５　２５１６２　５１３３,2026-07-22,2026-07-26,13,尼崎,一般,３５３　１１４５妨４,3652,森下 勇,2026-09-04,2026-09-08,07,蒲郡,一般,５６４　５　１６５,2026-08-21,2026-08-26,03,江戸川,一般,６３４　４６,2026-08-06,2026-08-09,02,戸田,一般,５　３６５３６５,2026-07-24,2026-07-27,12,住之江,一般,６　４４４　２６,2026-07-09,2026-07-13,16,児島,一般,１６５６６　５６６,5345,牧村 俊輝,2026-08-31,2026-09-05,18,徳山,一般,５　３４６　５５６６６,2026-08-17,2026-08-21,13,尼崎,一般,３　１４５　１５５２,2026-07-30,2026-08-04,08,常滑,一般,６　１６６５５　４　６３,2026-07-22,2026-07-25,24,大村,一般,２４エ　６６５,2026-07-11,2026-07-16,03,江戸川,一般,６　２５６　５６６　５５,4016,西川 新太郎,2026-09-04,2026-09-08,07,蒲郡,一般,１　５２４１１５３６,2026-08-19,2026-08-24,19,下関,一般,１　３３４５３　４４１４,2026-08-10,2026-08-15,08,常滑,一般,６４４　５２１　３４３１,2026-08-02,2026-08-05,21,芦屋,一般,４４１　３６５６,2026-07-18,2026-07-22,10,三国,一般,１３４　３４３２[４],3333,丸尾 義孝,2026-09-09,2026-09-13,17,宮島,一般,３４２１３３１５１１,2026-08-27,2026-08-31,04,平和島,一般,３２２１１６６５４２,2026-08-17,2026-08-20,20,若松,一般,６３１２１　１４,2026-08-05,2026-08-10,14,鳴門,一般,１　６１２２３１３２[２],2026-07-22,2026-07-26,13,尼崎,一般,５２４４３　３　転１,4424,松尾 昂明,2026-09-09,2026-09-15,20,若松,一般,３３４３４　１２１３４５２４,2026-08-26,2026-08-31,11,びわこ,一般,１６２　１３４４４２[６],2026-08-12,2026-08-17,22,福岡,一般,２４６３３１３　２５４４,2026-07-28,2026-08-02,15,丸亀,一般,３　２２４６４　５１４,2026-07-14,2026-07-19,01,桐生,一般,２５１３３　１　５２[６]
202609251005,2026-09-25,10,05R,4360,庄司 孝輔,2026-09-11,2026-09-15,06,浜名湖,一般,５４５,2026-08-21,2026-08-24,07,蒲郡,一般,３５１５１１[２],2026-08-11,2026-08-16,06,浜名湖,一般,４３１　３２３　５３６１,2026-07-31,2026-08-04,13,尼崎,一般,４１２　４３１５１４,2026-07-22,2026-07-26,08,常滑,一般,２２３　６４３　２４,4418,茅原 悠紀,2026-09-05,2026-09-11,03,江戸川,一般,２６２　１２１　３１[５],2026-08-25,2026-08-30,01,桐生,ＳＧ,４　３５４２１　２　[５],2026-08-08,2026-08-13,16,児島,一般,３３２　３１１１２１[１],2026-07-28,2026-08-02,11,びわこ,ＳＧ,３　５３２３３　５　１３,2026-07-17,2026-07-22,16,児島,ＧⅢ,２３２１１　２１４１[２],5366,塩嶋 泰空,2026-09-04,2026-09-08,07,蒲郡,一般,６　６６６　６　６６,2026-08-14,2026-08-19,10,三国,一般,６　６６F　６　６　４,2026-07-22,2026-07-27,14,鳴門,一般,６　６６１　６６６６５,2026-07-03,2026-07-08,12,住之江,一般,６　５６６　６６６　３,2026-06-20,2026-06-25,06,浜名湖,一般,６６６　６６６　６　６,5190,大月 遊雅,2026-09-02,2026-09-07,22,福岡,一般,３　F２５　６　２　５,2026-08-20,2026-08-23,24,大村,一般,６　５４１　１３,2026-08-06,2026-08-09,02,戸田,一般,６３５　３　６４,2026-07-24,2026-07-27,12,住之江,一般,６　５５６　４５,2026-06-29,2026-07-03,11,びわこ,一般,６５５　１　１１６５,4711,前出 達吉,2026-08-26,2026-08-31,11,びわこ,一般,５４５　３４２　２２２,2026-08-14,2026-08-19,10,三国,一般,３３６　２５１１１　２３,2026-08-06,2026-08-09,02,戸田,一般,２６１　４１４３,2026-07-23,2026-07-28,03,江戸川,ＧⅢ,１３１　５２３　６　１３,2026-07-14,2026-07-19,01,桐生,一般,５１３３２　６　５２５,4675,井手 良太,2026-09-09,2026-09-14,21,芦屋,一般,３　１５２３１４転６,2026-08-26,2026-08-30,14,鳴門,一般,５　５３２６１　１２,2026-08-14,2026-08-19,17,宮島,一般,６欠,2026-07-29,2026-08-03,23,からつ,一般,４　２３２　５４２　１４,2026-07-22,2026-07-25,24,大村,一般,１　１４５３５５
202609251006,2026-09-25,10,06R,5009,大賀 龍之介,2026-09-11,2026-09-16,12,住之江,一般,３　６４２６６　４　５,2026-08-27,2026-09-01,07,蒲郡,一般,６４２６３　２　２６３,2026-07-19,2026-07-24,22,福岡,ＧⅢ,６　１　６６４　１４５６,2026-06-30,2026-07-05,23,からつ,一般,１６３　６３４２２４５２,2026-06-21,2026-06-25,08,常滑,一般,４　２４４３１４２４,5282,中本 大樹,2026-09-03,2026-09-08,10,三国,一般,４５６　４２６　６　６１,2026-08-26,2026-08-30,14,鳴門,一般,２６６　５　４転４,2026-08-14,2026-08-19,10,三国,一般,２　６１６　２６１６５２,2026-07-30,2026-08-04,08,常滑,一般,２５３　１２５　６６１６,2026-07-16,2026-07-21,11,びわこ,一般,３　６２１５１５５　１４,4888,金児 隆太,2026-09-05,2026-09-11,03,江戸川,一般,１　２４２　１６１５６２,2026-08-22,2026-08-26,20,若松,一般,４１２　１２１２[６],2026-08-11,2026-08-16,01,桐生,一般,２２１　３３４４６　２２,2026-07-24,2026-07-27,06,浜名湖,一般,１　３２６２１５,2026-07-14,2026-07-19,01,桐生,一般,４　２５１４１　５２[５],3641,一瀬 明,2026-09-09,2026-09-13,05,多摩川,一般,５２５１２２２４１２,2026-08-28,2026-08-31,23,からつ,一般,１３３５１３５１,2026-08-15,2026-08-20,05,多摩川,一般,４５３２１　１４６６５６,2026-08-03,2026-08-08,17,宮島,一般,３　４６６５６,2026-07-24,2026-07-27,06,浜名湖,一般,５２１　１６１５,5453,久保 翔耶,2026-08-29,2026-09-03,16,児島,一般,４６６　６６６　６　６６,2026-08-07,2026-08-11,15,丸亀,一般,５　３　５６５　１６,2026-07-15,2026-07-20,18,徳山,一般,６　６５４６５　４　５６,2026-07-01,2026-07-06,22,福岡,一般,５　６６６　６６２　６４,2026-06-22,2026-06-27,23,からつ,一般,６６６　５６３　４　５６,4150,山田 雄太,2026-09-11,2026-09-15,06,浜名湖,一般,３　１３３４５２[５],2026-08-28,2026-09-02,05,多摩川,ＧⅢ,２１１５３　４１２１[４],2026-08-11,2026-08-16,06,浜名湖,一般,１３３２５　１　３　３２,2026-07-28,2026-08-02,15,丸亀,一般,４　３４２　４４１６１４,2026-07-15,2026-07-19,17,宮島,一般,１　１４４５１４１５
202609251007,2026-09-25,10,07R,5143,常盤 海心,2026-09-09,2026-09-14,21,芦屋,一般,６　５５３　２３２　４１,2026-08-22,2026-08-27,22,福岡,一般,５　４４１　２５３　６３,2026-08-04,2026-08-09,12,住之江,一般,６　３４６　１６６　４,2026-07-22,2026-07-27,14,鳴門,一般,３　２５５６２３６　２６,2026-07-10,2026-07-15,23,からつ,一般,２４２　３３４　４４６６,3838,伊藤 啓三,2026-09-07,2026-09-11,13,尼崎,一般,２３５　４６１　４４,2026-08-22,2026-08-27,08,常滑,ＧⅢ,３６２　４１３　１５６６,2026-08-08,2026-08-11,05,多摩川,一般,２２３６２　２５,2026-07-27,2026-07-31,19,下関,一般,６　１３５４５　２,2026-07-15,2026-07-20,18,徳山,一般,２６３　４３４　１１転,5090,生方 靖亜,2026-08-11,2026-08-16,01,桐生,一般,３２エ　１４３　１４１,2026-08-02,2026-08-05,21,芦屋,一般,３１１　３３３１,2026-07-18,2026-07-23,09,津,ＧⅢ,６　２６４　２　２４２４,2026-07-04,2026-07-09,01,桐生,一般,５　３３６　F２３　５,2026-05-29,2026-06-02,23,からつ,一般,５４２不,3617,竹田 広樹,2026-09-01,2026-09-05,13,尼崎,一般,５　６５６　６　６５,2026-08-20,2026-08-25,21,芦屋,一般,１６１　１　１４６６２６,2026-08-09,2026-08-14,23,からつ,一般,６　５４５５５　６５３,2026-07-29,2026-08-01,18,徳山,一般,６６５　６１６,2026-07-15,2026-07-21,12,住之江,一般,３　４６３　１２５４５４１６,4894,原村 拓也,2026-09-13,2026-09-18,11,びわこ,一般,３　２４５５３　３１４１,2026-09-02,2026-09-06,17,宮島,一般,６　３１４４３　１３,2026-08-17,2026-08-21,15,丸亀,一般,２６５　６３１　２,2026-07-31,2026-08-03,20,若松,一般,４３６　６５３,2026-07-17,2026-07-22,16,児島,ＧⅢ,２３１　５３１　５２[５],5465,直江 健成,2026-08-29,2026-09-03,16,児島,一般,６　６６６　６６５　６６,2026-08-14,2026-08-19,10,三国,一般,６　６６６　５６６　６６,2026-06-29,2026-07-03,11,びわこ,一般,６　６６６　６　６５,2026-05-27,2026-05-31,18,徳山,一般,６　６６６　F６６,2026-05-02,2026-05-07,10,三国,一般,６　６　６６６５６　６６
202609251008,2026-09-25,10,08R,4424,松尾 昂明,2026-09-09,2026-09-15,20,若松,一般,３３４３４　１２１３４５２４,2026-08-26,2026-08-31,11,びわこ,一般,１６２　１３４４４２[６],2026-08-12,2026-08-17,22,福岡,一般,２４６３３１３　２５４４,2026-07-28,2026-08-02,15,丸亀,一般,３　２２４６４　５１４,2026-07-14,2026-07-19,01,桐生,一般,２５１３３　１　５２[６],5329,金子 龍斗,2026-09-04,2026-09-09,11,びわこ,一般,２　６５５３６　２　６３,2026-08-21,2026-08-26,03,江戸川,一般,１４３　４２６４６　５３,2026-08-09,2026-08-14,13,尼崎,一般,３２５　１５１　２　[転],2026-07-28,2026-08-02,15,丸亀,一般,５　１４４６６　４　５１,2026-07-09,2026-07-13,14,鳴門,一般,１１３　６３４　３１,4315,山崎 昂介,2026-09-03,2026-09-06,02,戸田,一般,５　４３３３５３,2026-08-20,2026-08-23,24,大村,一般,３　１３６３３２,2026-08-07,2026-08-11,15,丸亀,一般,２４４　３６４　２２,2026-07-28,2026-07-31,24,大村,一般,６　１３３４２１,2026-07-18,2026-07-22,10,三国,一般,４６４　５　５１５,5345,牧村 俊輝,2026-08-31,2026-09-05,18,徳山,一般,５　３４６　５５６６６,2026-08-17,2026-08-21,13,尼崎,一般,３　１４５　１５５２,2026-07-30,2026-08-04,08,常滑,一般,６　１６６５５　４　６３,2026-07-22,2026-07-25,24,大村,一般,２４エ　６６５,2026-07-11,2026-07-16,03,江戸川,一般,６　２５６　５６６　５５,4210,松村 康太,2026-09-09,2026-09-13,05,多摩川,一般,５　１３３３１４３１,2026-08-26,2026-08-30,14,鳴門,一般,３３５　１５４　１１,2026-08-14,2026-08-19,10,三国,一般,１４１２５４１　５４５４,2026-08-06,2026-08-09,02,戸田,一般,３４４　５４３３,2026-07-27,2026-08-01,10,三国,一般,２６３４６　３　不３２,4112,大久保信一郎,2026-08-14,2026-08-19,17,宮島,一般,３１３　１５２６３５２２,2026-07-29,2026-08-03,23,からつ,一般,２　１６２１２２５２[２],2026-07-18,2026-07-21,04,平和島,一般,４　４２３４５３,2026-07-09,2026-07-14,15,丸亀,一般,４　３５２F１５２　４,2026-06-27,2026-07-01,02,戸田,一般,１５２　３５４　４２
202609251009,2026-09-25,10,09R,4675,井手 良太,2026-09-09,2026-09-14,21,芦屋,一般,３　１５２３１４転６,2026-08-26,2026-08-30,14,鳴門,一般,５　５３２６１　１２,2026-08-14,2026-08-19,17,宮島,一般,６欠,2026-07-29,2026-08-03,23,からつ,一般,４　２３２　５４２　１４,2026-07-22,2026-07-25,24,大村,一般,１　１４５３５５,4197,渥美 卓郎,2026-09-04,2026-09-08,07,蒲郡,一般,３５５　６　６６４,2026-08-21,2026-08-26,06,浜名湖,一般,５　１６１　６３２５２６,2026-08-06,2026-08-09,02,戸田,一般,５　５２６５１６,2026-07-23,2026-07-28,21,芦屋,一般,５５３　５３４　６　６３,2026-07-11,2026-07-16,03,江戸川,一般,４　５５４４３　４５３,4902,山川 雄大,2026-09-07,2026-09-11,13,尼崎,一般,１２５　３　５６４６,2026-08-22,2026-08-27,22,福岡,一般,２　２６１６６６２　２６,2026-08-09,2026-08-14,13,尼崎,一般,５６３　２　１２５５２,2026-07-24,2026-07-27,12,住之江,一般,４５４　４　６６,2026-07-15,2026-07-19,08,常滑,一般,１　２４１６６６５５,4241,大串 重幸,2026-09-09,2026-09-13,17,宮島,一般,５４５４１　５　４２,2026-08-27,2026-08-31,04,平和島,一般,２３１３２　３２[６],2026-08-17,2026-08-20,20,若松,一般,５３２　２５３１,2026-08-06,2026-08-10,24,大村,一般,４５２　４６４１２１,2026-07-23,2026-07-27,01,桐生,一般,４１２４６５２　１,4360,庄司 孝輔,2026-09-11,2026-09-15,06,浜名湖,一般,５４５,2026-08-21,2026-08-24,07,蒲郡,一般,３５１５１１[２],2026-08-11,2026-08-16,06,浜名湖,一般,４３１　３２３　５３６１,2026-07-31,2026-08-04,13,尼崎,一般,４１２　４３１５１４,2026-07-22,2026-07-26,08,常滑,一般,２２３　６４３　２４,3652,森下 勇,2026-09-04,2026-09-08,07,蒲郡,一般,５６４　５　１６５,2026-08-21,2026-08-26,03,江戸川,一般,６３４　４６,2026-08-06,2026-08-09,02,戸田,一般,５　３６５３６５,2026-07-24,2026-07-27,12,住之江,一般,６　４４４　２６,2026-07-09,2026-07-13,16,児島,一般,１６５６６　５６６
202609251010,2026-09-25,10,10R,4711,前出 達吉,2026-08-26,2026-08-31,11,びわこ,一般,５４５　３４２　２２２,2026-08-14,2026-08-19,10,三国,一般,３３６　２５１１１　２３,2026-08-06,2026-08-09,02,戸田,一般,２６１　４１４３,2026-07-23,2026-07-28,03,江戸川,ＧⅢ,１３１　５２３　６　１３,2026-07-14,2026-07-19,01,桐生,一般,５１３３２　６　５２５,4363,大野 芳顕,2026-09-11,2026-09-14,02,戸田,一般,２１３３４　３４,2026-08-29,2026-09-03,19,下関,一般,４　４５３１３４１　２４,2026-08-20,2026-08-23,24,大村,一般,２４５　３転１,2026-08-10,2026-08-15,21,芦屋,一般,５　２５１６２　５１３３,2026-07-22,2026-07-26,13,尼崎,一般,３５３　１１４５妨４,3641,一瀬 明,2026-09-09,2026-09-13,05,多摩川,一般,５２５１２２２４１２,2026-08-28,2026-08-31,23,からつ,一般,１３３５１３５１,2026-08-15,2026-08-20,05,多摩川,一般,４５３２１　１４６６５６,2026-08-03,2026-08-08,17,宮島,一般,３　４６６５６,2026-07-24,2026-07-27,06,浜名湖,一般,５２１　１６１５,4004,山本 浩輔,2026-09-05,2026-09-11,03,江戸川,一般,１１５　４５５　６５４,2026-08-22,2026-08-27,08,常滑,ＧⅢ,５　２６４　２５２５３,2026-08-06,2026-08-10,24,大村,一般,４４３　３４３２４３,2026-07-29,2026-08-01,18,徳山,一般,２５２　１　１５,2026-07-14,2026-07-17,24,大村,一般,３　１５４５１５,5344,谷口 丞,2026-09-05,2026-09-10,01,桐生,一般,６　３３１　３F５　５,2026-08-15,2026-08-20,09,津,一般,２　３６１３５　１６１３,2026-07-28,2026-08-02,16,児島,一般,６　１１３１３４２２[１],2026-07-14,2026-07-19,21,芦屋,一般,１２４　２４３　６３４,2026-06-30,2026-07-05,23,からつ,一般,４３２　４１３　４６１３,3837,秋山 広一,2026-09-09,2026-09-14,21,芦屋,一般,１１６３１　２３３５１４,2026-08-27,2026-08-31,04,平和島,一般,２５１３４　３１１４,2026-08-17,2026-08-21,15,丸亀,一般,２２５３１４２　３２,2026-07-29,2026-08-03,22,福岡,一般,３５３６２　４,2026-07-16,2026-07-21,11,びわこ,一般,２　４１１５３３４２[６]
202609251011,2026-09-25,10,11R,3333,丸尾 義孝,2026-09-09,2026-09-13,17,宮島,一般,３４２１３３１５１１,2026-08-27,2026-08-31,04,平和島,一般,３２２１１６６５４２,2026-08-17,2026-08-20,20,若松,一般,６３１２１　１４,2026-08-05,2026-08-10,14,鳴門,一般,１　６１２２３１３２[２],2026-07-22,2026-07-26,13,尼崎,一般,５２４４３　３　転１,4357,田中 和也,2026-09-09,2026-09-15,20,若松,一般,１２１１４　１１３１５１[１],2026-08-15,2026-08-20,09,津,一般,１１２３４３５　１３１２,2026-08-08,2026-08-11,05,多摩川,一般,４３１５５１６３,2026-07-31,2026-08-04,13,尼崎,一般,１４４５５２２　４１,2026-07-22,2026-07-25,24,大村,一般,２１転４１１４,5009,大賀 龍之介,2026-09-11,2026-09-16,12,住之江,一般,３　６４２６６　４　５,2026-08-27,2026-09-01,07,蒲郡,一般,６４２６３　２　２６３,2026-07-19,2026-07-24,22,福岡,ＧⅢ,６　１　６６４　１４５６,2026-06-30,2026-07-05,23,からつ,一般,１６３　６３４２２４５２,2026-06-21,2026-06-25,08,常滑,一般,４　２４４３１４２４,5143,常盤 海心,2026-09-09,2026-09-14,21,芦屋,一般,６　５５３　２３２　４１,2026-08-22,2026-08-27,22,福岡,一般,５　４４１　２５３　６３,2026-08-04,2026-08-09,12,住之江,一般,６　３４６　１６６　４,2026-07-22,2026-07-27,14,鳴門,一般,３　２５５６２３６　２６,2026-07-10,2026-07-15,23,からつ,一般,２４２　３３４　４４６６,4418,茅原 悠紀,2026-09-05,2026-09-11,03,江戸川,一般,２６２　１２１　３１[５],2026-08-25,2026-08-30,01,桐生,ＳＧ,４　３５４２１　２　[５],2026-08-08,2026-08-13,16,児島,一般,３３２　３１１１２１[１],2026-07-28,2026-08-02,11,びわこ,ＳＧ,３　５３２３３　５　１３,2026-07-17,2026-07-22,16,児島,ＧⅢ,２３２１１　２１４１[２],5282,中本 大樹,2026-09-03,2026-09-08,10,三国,一般,４５６　４２６　６　６１,2026-08-26,2026-08-30,14,鳴門,一般,２６６　５　４転４,2026-08-14,2026-08-19,10,三国,一般,２　６１６　２６１６５２,2026-07-30,2026-08-04,08,常滑,一般,２５３　１２５　６６１６,2026-07-16,2026-07-21,11,びわこ,一般,３　６２１５１５５　１４
202609251012,2026-09-25,10,12R,5167,小川 竜太朗,2026-09-04,2026-09-09,11,びわこ,一般,３　５６２　２２３５１５,2026-08-20,2026-08-23,04,平和島,一般,３２２　１５３１,2026-08-06,2026-08-09,02,戸田,一般,３５４　２４５２,2026-07-23,2026-07-28,03,江戸川,ＧⅢ,４５４　６欠,2026-07-07,2026-07-12,08,常滑,一般,６３２　２　４５３４５１,3965,北中 元樹,2026-09-09,2026-09-13,05,多摩川,一般,２１６F２２１　３,2026-08-27,2026-08-31,04,平和島,一般,４４４１１１１６３１,2026-08-15,2026-08-20,11,びわこ,一般,１３転１５３５　１１４,2026-08-04,2026-08-09,12,住之江,一般,１　５３１　１３２１[５],2026-07-24,2026-07-27,06,浜名湖,一般,５　３６５３３２,4295,小坂 尚哉,2026-09-11,2026-09-14,02,戸田,一般,１３１２２５[４],2026-08-29,2026-09-03,19,下関,一般,２２２１１　１１２１[１],2026-08-20,2026-08-23,04,平和島,一般,５５２３２１３１,2026-08-09,2026-08-14,13,尼崎,一般,１２２　２４２２３　３１,2026-07-29,2026-08-03,23,からつ,一般,１２２２２　１３４１[１],4441,末永 由楽,2026-09-07,2026-09-12,16,児島,一般,１１２３２　１４５１[１],2026-08-30,2026-09-03,08,常滑,一般,２　１４５３１４４３,2026-08-20,2026-08-23,23,からつ,一般,１６５２２５３５,2026-08-08,2026-08-13,16,児島,一般,３５１　１６５　１２２５,2026-07-22,2026-07-27,14,鳴門,一般,３５３１２５１　３３２１,5352,西岡 蒼志,2026-08-29,2026-09-03,16,児島,一般,３　１妨４　１３２　３２,2026-08-17,2026-08-20,20,若松,一般,２　３３１１[３],2026-07-30,2026-08-04,08,常滑,一般,５１４　６４５　４　２３,2026-07-20,2026-07-25,15,丸亀,一般,２２２　２３１　２４１６,2026-07-10,2026-07-13,19,下関,一般,４５５　４　２２,5038,金田 智博,2026-09-11,2026-09-14,02,戸田,一般,３３１　１５４２,2026-08-28,2026-09-02,05,多摩川,ＧⅢ,３３２　１５５４２　１２,2026-08-14,2026-08-19,10,三国,一般,２５４　１５１４２３２１,2026-08-05,2026-08-10,09,津,一般,１４２４１　１２１２[３],2026-07-23,2026-07-28,03,江戸川,ＧⅢ,１　２５１　１２２　[５]
202609251101,2026-09-25,11,01R,4258,関根 彰人,2026-09-05,2026-09-11,03,江戸川,一般,５５６　１４５　４４１,2026-08-21,2026-08-26,06,浜名湖,一般,３５４　３　２６２４６６,2026-08-05,2026-08-10,09,津,一般,２　５６１　２５４５２６,2026-07-24,2026-07-27,02,戸田,一般,１３６５２　２２,2026-07-07,2026-07-12,20,若松,ＧⅢ,３４５　３　４４２　５３,4710,福田 宗平,2026-09-11,2026-09-16,12,住之江,一般,１　１４２　２３１３２３,2026-08-29,2026-09-03,19,下関,一般,２　３６２５３５１６１５,2026-08-16,2026-08-19,14,鳴門,一般,１３２２４２[４],2026-08-03,2026-08-08,04,平和島,ＧⅢ,２３３　３２３４５４１３,2026-07-22,2026-07-26,13,尼崎,一般,５　２２３３５　３１,4318,桑原 将光,2026-09-12,2026-09-17,09,津,一般,４１３　５５２　４３４,2026-08-30,2026-09-02,21,芦屋,一般,２２１３３３２１,2026-07-23,2026-07-27,01,桐生,一般,５５２　エ３５３３,2026-07-15,2026-07-19,08,常滑,一般,４　４４３２６　１４,2026-07-05,2026-07-09,05,多摩川,一般,５　３３５３３　４１,4448,青木 玄太,2026-09-12,2026-09-17,18,徳山,ＧⅠ,２　３５４　４２４　３４,2026-09-03,2026-09-08,09,津,ＧⅠ,４　３１３　３　６　１３,2026-08-26,2026-08-30,14,鳴門,一般,２２１３６１３５３,2026-08-15,2026-08-20,11,びわこ,一般,５　１４２１４２２　５３,2026-08-02,2026-08-05,21,芦屋,一般,２６３３２３１１,4234,野相 弘司,2026-09-04,2026-09-08,07,蒲郡,一般,２　１４５５４　３,2026-08-20,2026-08-23,02,戸田,一般,６４５　６　５,2026-08-04,2026-08-09,12,住之江,一般,１３６　２６６　４３２,2026-07-22,2026-07-26,08,常滑,一般,５　４５１５５　４５,2026-07-09,2026-07-13,14,鳴門,一般,４４２６３　３２２,5074,大澤 誠也,2026-09-07,2026-09-12,16,児島,一般,５　１５４　４２５　２２,2026-08-22,2026-08-27,22,福岡,一般,４　５６５　６２６　５４,2026-08-10,2026-08-15,08,常滑,一般,５４３　５２４　６３１,2026-07-27,2026-08-01,09,津,一般,４　１,2026-07-10,2026-07-13,19,下関,一般,１　６３４４４
202609251102,2026-09-25,11,02R,5137,川原 涼,2026-09-01,2026-09-04,24,大村,一般,４４２　３５１３,2026-08-21,2026-08-26,03,江戸川,一般,６　２２１１３　４４６２,2026-08-11,2026-08-16,07,蒲郡,一般,５３５　１６１　６６２,2026-07-30,2026-08-04,08,常滑,一般,１２４　６６１　５２１,2026-07-22,2026-07-26,13,尼崎,一般,１　１２４６４６２６,5339,石井 伸長,2026-09-07,2026-09-11,13,尼崎,一般,１２３　１３１１[６],2026-08-27,2026-09-01,07,蒲郡,一般,１２落２５　３　６　２５,2026-07-18,2026-07-22,10,三国,一般,２２２　１５３６５５,2026-06-30,2026-07-05,06,浜名湖,一般,６　５５６　４４５　４４,2026-06-20,2026-06-25,15,丸亀,一般,２６６３１　４２５　１,4796,春園 功太,2026-09-12,2026-09-17,18,徳山,ＧⅠ,４　２　５１１　５　４４,2026-09-03,2026-09-08,09,津,ＧⅠ,１　５　６６３　６２２２,2026-08-25,2026-08-30,17,宮島,一般,６３２　１２５４,2026-08-15,2026-08-20,09,津,一般,４６１４２　４２１５３４,2026-08-04,2026-08-09,12,住之江,一般,２　６３４　２１１６４４,4759,今泉 友吾,2026-09-12,2026-09-17,18,徳山,ＧⅠ,２　２３１　１２４　１２,2026-09-02,2026-09-07,22,福岡,一般,３３１　３５１３１４２２,2026-08-22,2026-08-27,08,常滑,ＧⅢ,３３３２３１１５４３３１,2026-08-11,2026-08-16,04,平和島,一般,２４３　２２３１４３１５,2026-07-31,2026-08-05,05,多摩川,一般,４６３１１　１２２１[２],3814,金子 貴志,2026-09-11,2026-09-14,02,戸田,一般,６３４　１６３２,2026-08-25,2026-08-30,17,宮島,一般,５　３５４　３５２４５５,2026-08-14,2026-08-19,10,三国,一般,１　２１２５３３３６５５,2026-08-05,2026-08-10,09,津,一般,３６３　４２５　２５２４,2026-07-22,2026-07-26,13,尼崎,一般,４３６　５４４　３,3731,高濱 芳久,2026-09-07,2026-09-11,13,尼崎,一般,３６４　４２４,2026-08-23,2026-08-27,18,徳山,一般,１５３２２　３３４２,2026-08-11,2026-08-16,19,下関,一般,６　３６１４２　６２６,2026-07-28,2026-08-02,15,丸亀,一般,２１４　３　５１６５４５,2026-07-15,2026-07-19,08,常滑,一般,５３３　２５３３５
202609251103,2026-09-25,11,03R,4114,深澤 達徳,2026-09-02,2026-09-07,22,福岡,一般,４　２６５　４６６　５２,2026-08-15,2026-08-20,05,多摩川,一般,３４４　４　４６５　６,2026-08-03,2026-08-08,04,平和島,ＧⅢ,５　２１３　５１３２[４],2026-07-22,2026-07-26,08,常滑,一般,３１３４５　３６５６,2026-07-10,2026-07-14,09,津,一般,５　６　６５４３１４,3942,寺田 祥,2026-09-12,2026-09-17,18,徳山,ＧⅠ,エ　２３４　４４１３１,2026-08-25,2026-08-30,01,桐生,ＳＧ,６　５　１６４　６５４,2026-08-11,2026-08-16,19,下関,一般,３２１　５１５３３５５３,2026-07-25,2026-07-29,20,若松,一般,１３１　２２３１[５],2026-07-14,2026-07-19,21,芦屋,一般,３５３６１２１　２２[６],4430,永田 秀二,2026-09-09,2026-09-13,05,多摩川,一般,５１４　３３１　１２,2026-08-27,2026-08-31,04,平和島,一般,１５１　２１４４６５,2026-08-20,2026-08-23,23,からつ,一般,２５２５１６１６,2026-08-09,2026-08-15,03,江戸川,一般,１　３１２　１３２　[５],2026-07-23,2026-07-28,03,江戸川,ＧⅢ,４　３２６　２６２６４３,4890,石川 諒,2026-09-12,2026-09-15,10,三国,一般,５６４　３５２,2026-08-30,2026-09-02,21,芦屋,一般,３　５６１F６,2026-08-15,2026-08-20,18,徳山,一般,６５３５１５２　２　３３,2026-08-04,2026-08-09,12,住之江,一般,１２３　１２４　３４５２,2026-07-25,2026-07-29,20,若松,一般,６２４　３１３４不４,5071,野見山 拓己,2026-09-05,2026-09-11,03,江戸川,一般,５６１　３３４　６２５,2026-08-21,2026-08-26,06,浜名湖,一般,２　２４１２４３２３５３,2026-07-15,2026-07-19,17,宮島,一般,３６４　４　３６４４,2026-07-02,2026-07-07,04,平和島,一般,５６２　５　４５５　３４,2026-06-16,2026-06-21,18,徳山,ＧⅢ,５　４F６　６　３　４,4489,岩川 仁士,2026-09-03,2026-09-08,10,三国,一般,２　２５３６３　５３３,2026-08-24,2026-08-28,15,丸亀,一般,４　６５４　３４３,2026-08-13,2026-08-18,12,住之江,一般,６６２４３　５　４　４４,2026-07-27,2026-08-01,09,津,一般,６　５１,2026-07-17,2026-07-20,02,戸田,一般,１２４４２　１２
202609251104,2026-09-25,11,04R,5109,川崎 智稔,2026-09-07,2026-09-12,16,児島,一般,１６４　６２５　４２３４,2026-08-22,2026-08-27,08,常滑,ＧⅢ,６３３　３２F　５　５,2026-08-08,2026-08-13,16,児島,一般,６　２３６　１５６　２６,2026-07-24,2026-07-27,12,住之江,一般,４　２２５５２５,2026-07-11,2026-07-16,03,江戸川,一般,３　３６１　３４２　３６,5047,國分 将太郎,2026-09-07,2026-09-12,16,児島,一般,１１３　５３１２６３５１,2026-08-25,2026-08-30,09,津,一般,１２１　５３６　１３[４],2026-08-11,2026-08-16,04,平和島,一般,６　２２２１４　３３５２,2026-07-23,2026-07-28,03,江戸川,ＧⅢ,２　６４３　２１１１６４,2026-07-14,2026-07-19,21,芦屋,一般,５３５　２１１　３５３１,4739,中村 晃朋,2026-09-12,2026-09-17,18,徳山,ＧⅠ,１　６３３　２５１　５４,2026-09-03,2026-09-08,09,津,ＧⅠ,５　４F２　５　３　５,2026-08-25,2026-08-30,17,宮島,一般,４６５１５　５３６　３３,2026-08-17,2026-08-21,15,丸亀,一般,１６２１２５３１[１],2026-08-06,2026-08-09,02,戸田,一般,１　２２１２[２],4600,井内 将太郎,2026-09-09,2026-09-15,20,若松,一般,１６２　１３５１６２３４エ欠,2026-08-30,2026-09-02,21,芦屋,一般,５６２６１　２４,2026-07-24,2026-07-29,17,宮島,一般,３１１　２６１１３１[４],2026-06-17,2026-06-22,24,大村,ＧⅡ,１４６　２　F４６　５,2026-06-05,2026-06-10,18,徳山,一般,１３４２５　１２１２[５],4880,澤崎 雄哉,2026-09-14,2026-09-19,04,平和島,一般,５５１　５２４　１　F４,2026-09-05,2026-09-11,03,江戸川,一般,２２３　６３５３４　３４,2026-08-22,2026-08-26,20,若松,一般,３４３４１　２３６１,2026-08-11,2026-08-16,01,桐生,一般,４２５　４６６　５　５６,2026-07-31,2026-08-04,13,尼崎,一般,３４５,5012,加倉 侑征,2026-09-05,2026-09-10,01,桐生,一般,３　３３３６５３４　３,2026-08-22,2026-08-26,20,若松,一般,１４５　３２２６３４,2026-08-10,2026-08-15,21,芦屋,一般,３４４　５３２　４４４５,2026-07-19,2026-07-24,22,福岡,ＧⅢ,２　４５６　６５４６４,2026-05-27,2026-06-01,08,常滑,一般,３　６５５　５６６　６
202609251105,2026-09-25,11,05R,4977,馬野 耀,2026-09-12,2026-09-17,09,津,一般,２２２　１３４２５１[４],2026-08-30,2026-09-02,21,芦屋,一般,３３３５,2026-08-22,2026-08-27,08,常滑,ＧⅢ,４　４４２　１１６３３１,2026-08-13,2026-08-18,12,住之江,一般,２　４４２　４３４５１,2026-08-04,2026-08-09,10,三国,一般,４　２２１６４１２３２１,4067,永井 源,2026-09-07,2026-09-12,16,児島,一般,１　３４１５５２２５３２,2026-08-22,2026-08-26,20,若松,一般,１　１５１３２４１２,2026-08-11,2026-08-16,07,蒲郡,一般,１　５６５　３５６３３,2026-08-03,2026-08-08,04,平和島,ＧⅢ,５　４６２　１４１２５１,2026-07-23,2026-07-28,03,江戸川,ＧⅢ,４２１　１３１　１　[２],4840,鈴木 秀茉,2026-09-09,2026-09-14,21,芦屋,一般,４４４　４２６　５５３１,2026-08-22,2026-08-27,22,福岡,一般,６　５２２　６４４　６３,2026-08-11,2026-08-16,06,浜名湖,一般,１　２４６１２　４５５５,2026-07-23,2026-07-28,03,江戸川,ＧⅢ,６４５　４５５６３６４,2026-07-15,2026-07-19,17,宮島,一般,２　６３６３３　２６,5122,相馬 翔,2026-09-05,2026-09-10,01,桐生,一般,５６４　２１２　１６３,2026-08-21,2026-08-24,07,蒲郡,一般,５４４　６５６５,2026-07-10,2026-07-13,19,下関,一般,５　５４３　２６,2026-06-21,2026-06-25,08,常滑,一般,３４６　６　５６６１,2026-06-03,2026-06-07,03,江戸川,一般,５　４６４F３４,4614,石倉 洋行,2026-09-13,2026-09-18,22,福岡,一般,１　１５１２４２５１[３],2026-08-29,2026-09-03,16,児島,一般,１３１２３１２　５１[１],2026-07-23,2026-07-28,03,江戸川,ＧⅢ,２２１　４３１　２　[１],2026-07-14,2026-07-19,01,桐生,一般,４　１５１２３　１３３２,2026-07-02,2026-07-06,21,芦屋,一般,１　４４３４２３４１,4410,井上 大輔,2026-09-07,2026-09-12,16,児島,一般,２５４　２１６　２６１１,2026-08-26,2026-08-30,14,鳴門,一般,２　５５２２６５２６,2026-08-08,2026-08-13,16,児島,一般,５　２２１４４　１１５５,2026-07-23,2026-07-27,01,桐生,一般,６２２　３４２　６５,2026-07-07,2026-07-12,20,若松,ＧⅢ,３　５４１６４　４６２
202609251106,2026-09-25,11,06R,3814,金子 貴志,2026-09-11,2026-09-14,02,戸田,一般,６３４　１６３２,2026-08-25,2026-08-30,17,宮島,一般,５　３５４　３５２４５５,2026-08-14,2026-08-19,10,三国,一般,１　２１２５３３３６５５,2026-08-05,2026-08-10,09,津,一般,３６３　４２５　２５２４,2026-07-22,2026-07-26,13,尼崎,一般,４３６　５４４　３,4953,尾上 雅也,2026-09-12,2026-09-15,10,三国,一般,２３２１５１[１],2026-09-03,2026-09-08,09,津,ＧⅠ,３　６６５　６６５　３,2026-08-23,2026-08-27,18,徳山,一般,５６５４３１１　２２,2026-08-12,2026-08-17,02,戸田,一般,２２４　１１５　エ　１３,2026-08-05,2026-08-10,09,津,一般,１　１２１３２２１１[４],4824,松井 洪弥,2026-09-12,2026-09-17,09,津,一般,１２２　１４４　１２[６],2026-08-30,2026-09-02,21,芦屋,一般,５２１１１１[６],2026-08-14,2026-08-19,10,三国,一般,２４３５６　１５２　１５,2026-08-03,2026-08-08,17,宮島,一般,５２１５１　１２５４１２,2026-07-24,2026-07-27,02,戸田,一般,６６１１３　１３,4318,桑原 将光,2026-09-12,2026-09-17,09,津,一般,４１３　５５２　４３４,2026-08-30,2026-09-02,21,芦屋,一般,２２１３３３２１,2026-07-23,2026-07-27,01,桐生,一般,５５２　エ３５３３,2026-07-15,2026-07-19,08,常滑,一般,４　４４３２６　１４,2026-07-05,2026-07-09,05,多摩川,一般,５　３３５３３　４１,4598,加藤 政彦,2026-09-05,2026-09-11,03,江戸川,一般,１　５１２　２１１４３２,2026-08-20,2026-08-25,21,芦屋,一般,３４４　２３１２３２[５],2026-08-09,2026-08-15,03,江戸川,一般,１　４４１　２５４　６１,2026-07-29,2026-08-03,23,からつ,一般,５　２１１　３６,2026-07-18,2026-07-22,10,三国,一般,６１５　４　転４３,3663,木山 和幸,2026-09-07,2026-09-11,13,尼崎,一般,４２３　４５３　２４,2026-08-23,2026-08-27,18,徳山,一般,５１３　３３１２[２],2026-08-14,2026-08-19,17,宮島,一般,２４５　２３３　５２４,2026-07-27,2026-08-01,09,津,一般,６３４,2026-07-14,2026-07-19,21,芦屋,一般,４６２　１　３１４４６６
202609251107,2026-09-25,11,07R,3497,後藤 浩,2026-09-09,2026-09-13,17,宮島,一般,５　６６５５,2026-08-28,2026-09-02,05,多摩川,ＧⅢ,１４６　５６１　６６６,2026-08-12,2026-08-17,02,戸田,一般,６６４　６６６,2026-07-27,2026-08-01,09,津,一般,６　５５,2026-07-09,2026-07-14,15,丸亀,一般,２　５６５　１６５　５,4195,前川 守嗣,2026-09-05,2026-09-10,01,桐生,一般,２５６　５５１　２２３,2026-08-04,2026-08-09,12,住之江,一般,４５１　４３４　２　６３,2026-07-22,2026-07-26,13,尼崎,一般,３３５,2026-07-10,2026-07-15,06,浜名湖,一般,２１４　４　３５２６２５,2026-06-28,2026-07-01,10,三国,一般,５２１　１３５１,4448,青木 玄太,2026-09-12,2026-09-17,18,徳山,ＧⅠ,２　３５４　４２４　３４,2026-09-03,2026-09-08,09,津,ＧⅠ,４　３１３　３　６　１３,2026-08-26,2026-08-30,14,鳴門,一般,２２１３６１３５３,2026-08-15,2026-08-20,11,びわこ,一般,５　１４２１４２２　５３,2026-08-02,2026-08-05,21,芦屋,一般,２６３３２３１１,4796,春園 功太,2026-09-12,2026-09-17,18,徳山,ＧⅠ,４　２　５１１　５　４４,2026-09-03,2026-09-08,09,津,ＧⅠ,１　５　６６３　６２２２,2026-08-25,2026-08-30,17,宮島,一般,６３２　１２５４,2026-08-15,2026-08-20,09,津,一般,４６１４２　４２１５３４,2026-08-04,2026-08-09,12,住之江,一般,２　６３４　２１１６４４,4114,深澤 達徳,2026-09-02,2026-09-07,22,福岡,一般,４　２６５　４６６　５２,2026-08-15,2026-08-20,05,多摩川,一般,３４４　４　４６５　６,2026-08-03,2026-08-08,04,平和島,ＧⅢ,５　２１３　５１３２[４],2026-07-22,2026-07-26,08,常滑,一般,３１３４５　３６５６,2026-07-10,2026-07-14,09,津,一般,５　６　６５４３１４,5050,木下 雄介,2026-09-13,2026-09-18,22,福岡,一般,３１１　２３１４１１[２],2026-08-28,2026-09-02,05,多摩川,ＧⅢ,６６１　２６１６４　５５,2026-08-15,2026-08-20,11,びわこ,一般,６　１２１６６３１４３１,2026-08-03,2026-08-08,19,下関,一般,５１１　３３６　５１[４],2026-07-25,2026-07-29,20,若松,一般,２３４４１　５３２１
202609251108,2026-09-25,11,08R,4572,渡部 悟,2026-09-11,2026-09-14,02,戸田,一般,２６６　６６３,2026-08-28,2026-09-02,05,多摩川,ＧⅢ,４　１５４５６　５３４６,2026-08-13,2026-08-18,12,住之江,一般,２　２２３　５３５５２４,2026-08-03,2026-08-08,17,宮島,一般,３　３３２　１４１４２３,2026-07-22,2026-07-26,13,尼崎,一般,２４３　４５３　１６,4739,中村 晃朋,2026-09-12,2026-09-17,18,徳山,ＧⅠ,１　６３３　２５１　５４,2026-09-03,2026-09-08,09,津,ＧⅠ,５　４F２　５　３　５,2026-08-25,2026-08-30,17,宮島,一般,４６５１５　５３６　３３,2026-08-17,2026-08-21,15,丸亀,一般,１６２１２５３１[１],2026-08-06,2026-08-09,02,戸田,一般,１　２２１２[２],4890,石川 諒,2026-09-12,2026-09-15,10,三国,一般,５６４　３５２,2026-08-30,2026-09-02,21,芦屋,一般,３　５６１F６,2026-08-15,2026-08-20,18,徳山,一般,６５３５１５２　２　３３,2026-08-04,2026-08-09,12,住之江,一般,１２３　１２４　３４５２,2026-07-25,2026-07-29,20,若松,一般,６２４　３１３４不４,3731,高濱 芳久,2026-09-07,2026-09-11,13,尼崎,一般,３６４　４２４,2026-08-23,2026-08-27,18,徳山,一般,１５３２２　３３４２,2026-08-11,2026-08-16,19,下関,一般,６　３６１４２　６２６,2026-07-28,2026-08-02,15,丸亀,一般,２１４　３　５１６５４５,2026-07-15,2026-07-19,08,常滑,一般,５３３　２５３３５,4842,山下 昂大,2026-09-12,2026-09-15,10,三国,一般,４　転６,2026-08-29,2026-09-03,16,児島,一般,２５５６１３１　１６１３,2026-08-20,2026-08-23,23,からつ,一般,４３１３４３５１,2026-08-11,2026-08-16,19,下関,一般,２　２４１５１　４２[４],2026-07-29,2026-08-03,22,福岡,一般,５　５１２４転３４１２４,4258,関根 彰人,2026-09-05,2026-09-11,03,江戸川,一般,５５６　１４５　４４１,2026-08-21,2026-08-26,06,浜名湖,一般,３５４　３　２６２４６６,2026-08-05,2026-08-10,09,津,一般,２　５６１　２５４５２６,2026-07-24,2026-07-27,02,戸田,一般,１３６５２　２２,2026-07-07,2026-07-12,20,若松,ＧⅢ,３４５　３　４４２　５３
202609251109,2026-09-25,11,09R,5289,佃 來紀,2026-09-15,2026-09-20,14,鳴門,一般,１１２４２　２F３　３,2026-09-02,2026-09-07,22,福岡,一般,４３２１３１６　４６１６,2026-08-24,2026-08-28,15,丸亀,一般,１６５妨４,2026-08-13,2026-08-18,12,住之江,一般,５　２２２　２４３４不３,2026-07-30,2026-08-04,08,常滑,一般,２３２　３　５３１４５２,4232,笠 雅雄,2026-09-05,2026-09-10,01,桐生,一般,２６１　２１２５２３５２,2026-08-20,2026-08-23,23,からつ,一般,６　２４２３２６,2026-08-10,2026-08-15,21,芦屋,一般,１６３　４　４６２　５５,2026-07-31,2026-08-03,20,若松,一般,　　　　　　２４,2026-07-22,2026-07-25,24,大村,一般,１３４　４　１２,3721,守田 俊介,2026-09-11,2026-09-15,06,浜名湖,一般,４３４５１２１１[１],2026-08-29,2026-09-03,19,下関,一般,１２１　２１４２６１[２],2026-08-15,2026-08-20,11,びわこ,一般,２３４１１　１１１２[２],2026-08-04,2026-08-09,10,三国,一般,１１３４６　１１２４１５,2026-07-22,2026-07-26,08,常滑,一般,３６３１１６１４４１,4489,岩川 仁士,2026-09-03,2026-09-08,10,三国,一般,２　２５３６３　５３３,2026-08-24,2026-08-28,15,丸亀,一般,４　６５４　３４３,2026-08-13,2026-08-18,12,住之江,一般,６６２４３　５　４　４４,2026-07-27,2026-08-01,09,津,一般,６　５１,2026-07-17,2026-07-20,02,戸田,一般,１２４４２　１２,4840,鈴木 秀茉,2026-09-09,2026-09-14,21,芦屋,一般,４４４　４２６　５５３１,2026-08-22,2026-08-27,22,福岡,一般,６　５２２　６４４　６３,2026-08-11,2026-08-16,06,浜名湖,一般,１　２４６１２　４５５５,2026-07-23,2026-07-28,03,江戸川,ＧⅢ,６４５　４５５６３６４,2026-07-15,2026-07-19,17,宮島,一般,２　６３６３３　２６,3502,渡邉 英児,2026-09-11,2026-09-16,12,住之江,一般,２２５　１１１　３２[３],2026-09-01,2026-09-05,13,尼崎,一般,６１４　２３４４１２,2026-08-22,2026-08-26,20,若松,一般,５５６　３６２５２１,2026-08-11,2026-08-16,06,浜名湖,一般,１　１３６２２４３５４２,2026-07-24,2026-07-27,02,戸田,一般,２４３　４２５３
202609251110,2026-09-25,11,10R,4760,山崎 郡,2026-09-12,2026-09-17,18,徳山,ＧⅠ,１１５　２５１　３　３１,2026-09-03,2026-09-08,09,津,ＧⅠ,４４５　２５６　２　４２,2026-08-24,2026-08-29,13,尼崎,一般,４１１２３　１１４１[１],2026-08-13,2026-08-18,12,住之江,一般,１２２　１１１　３１[１],2026-07-28,2026-08-02,11,びわこ,ＳＧ,３　１　６５５　２１２,4598,加藤 政彦,2026-09-05,2026-09-11,03,江戸川,一般,１　５１２　２１１４３２,2026-08-20,2026-08-25,21,芦屋,一般,３４４　２３１２３２[５],2026-08-09,2026-08-15,03,江戸川,一般,１　４４１　２５４　６１,2026-07-29,2026-08-03,23,からつ,一般,５　２１１　３６,2026-07-18,2026-07-22,10,三国,一般,６１５　４　転４３,4067,永井 源,2026-09-07,2026-09-12,16,児島,一般,１　３４１５５２２５３２,2026-08-22,2026-08-26,20,若松,一般,１　１５１３２４１２,2026-08-11,2026-08-16,07,蒲郡,一般,１　５６５　３５６３３,2026-08-03,2026-08-08,04,平和島,ＧⅢ,５　４６２　１４１２５１,2026-07-23,2026-07-28,03,江戸川,ＧⅢ,４２１　１３１　１　[２],5074,大澤 誠也,2026-09-07,2026-09-12,16,児島,一般,５　１５４　４２５　２２,2026-08-22,2026-08-27,22,福岡,一般,４　５６５　６２６　５４,2026-08-10,2026-08-15,08,常滑,一般,５４３　５２４　６３１,2026-07-27,2026-08-01,09,津,一般,４　１,2026-07-10,2026-07-13,19,下関,一般,１　６３４４４,3942,寺田 祥,2026-09-12,2026-09-17,18,徳山,ＧⅠ,エ　２３４　４４１３１,2026-08-25,2026-08-30,01,桐生,ＳＧ,６　５　１６４　６５４,2026-08-11,2026-08-16,19,下関,一般,３２１　５１５３３５５３,2026-07-25,2026-07-29,20,若松,一般,１３１　２２３１[５],2026-07-14,2026-07-19,21,芦屋,一般,３５３６１２１　２２[６],5339,石井 伸長,2026-09-07,2026-09-11,13,尼崎,一般,１２３　１３１１[６],2026-08-27,2026-09-01,07,蒲郡,一般,１２落２５　３　６　２５,2026-07-18,2026-07-22,10,三国,一般,２２２　１５３６５５,2026-06-30,2026-07-05,06,浜名湖,一般,６　５５６　４４５　４４,2026-06-20,2026-06-25,15,丸亀,一般,２６６３１　４２５　１
202609251111,2026-09-25,11,11R,4013,中島 孝平,2026-09-12,2026-09-17,18,徳山,ＧⅠ,３１４　３　４６３１５,2026-09-03,2026-09-08,09,津,ＧⅠ,５　６　４３４３５１４,2026-08-25,2026-08-30,01,桐生,ＳＧ,２４４　３　１５５　３６,2026-08-14,2026-08-19,10,三国,一般,４１２４１　２１３１[１],2026-07-31,2026-08-04,13,尼崎,一般,２１２１３１２１[１],4614,石倉 洋行,2026-09-13,2026-09-18,22,福岡,一般,１　１５１２４２５１[３],2026-08-29,2026-09-03,16,児島,一般,１３１２３１２　５１[１],2026-07-23,2026-07-28,03,江戸川,ＧⅢ,２２１　４３１　２　[１],2026-07-14,2026-07-19,01,桐生,一般,４　１５１２３　１３３２,2026-07-02,2026-07-06,21,芦屋,一般,１　４４３４２３４１,4234,野相 弘司,2026-09-04,2026-09-08,07,蒲郡,一般,２　１４５５４　３,2026-08-20,2026-08-23,02,戸田,一般,６４５　６　５,2026-08-04,2026-08-09,12,住之江,一般,１３６　２６６　４３２,2026-07-22,2026-07-26,08,常滑,一般,５　４５１５５　４５,2026-07-09,2026-07-13,14,鳴門,一般,４４２６３　３２２,5050,木下 雄介,2026-09-13,2026-09-18,22,福岡,一般,３１１　２３１４１１[２],2026-08-28,2026-09-02,05,多摩川,ＧⅢ,６６１　２６１６４　５５,2026-08-15,2026-08-20,11,びわこ,一般,６　１２１６６３１４３１,2026-08-03,2026-08-08,19,下関,一般,５１１　３３６　５１[４],2026-07-25,2026-07-29,20,若松,一般,２３４４１　５３２１,5047,國分 将太郎,2026-09-07,2026-09-12,16,児島,一般,１１３　５３１２６３５１,2026-08-25,2026-08-30,09,津,一般,１２１　５３６　１３[４],2026-08-11,2026-08-16,04,平和島,一般,６　２２２１４　３３５２,2026-07-23,2026-07-28,03,江戸川,ＧⅢ,２　６４３　２１１１６４,2026-07-14,2026-07-19,21,芦屋,一般,５３５　２１１　３５３１,4824,松井 洪弥,2026-09-12,2026-09-17,09,津,一般,１２２　１４４　１２[６],2026-08-30,2026-09-02,21,芦屋,一般,５２１１１１[６],2026-08-14,2026-08-19,10,三国,一般,２４３５６　１５２　１５,2026-08-03,2026-08-08,17,宮島,一般,５２１５１　１２５４１２,2026-07-24,2026-07-27,02,戸田,一般,６６１１３　１３
202609251112,2026-09-25,11,12R,4759,今泉 友吾,2026-09-12,2026-09-17,18,徳山,ＧⅠ,２　２３１　１２４　１２,2026-09-02,2026-09-07,22,福岡,一般,３３１　３５１３１４２２,2026-08-22,2026-08-27,08,常滑,ＧⅢ,３３３２３１１５４３３１,2026-08-11,2026-08-16,04,平和島,一般,２４３　２２３１４３１５,2026-07-31,2026-08-05,05,多摩川,一般,４６３１１　１２２１[２],4600,井内 将太郎,2026-09-09,2026-09-15,20,若松,一般,１６２　１３５１６２３４エ欠,2026-08-30,2026-09-02,21,芦屋,一般,５６２６１　２４,2026-07-24,2026-07-29,17,宮島,一般,３１１　２６１１３１[４],2026-06-17,2026-06-22,24,大村,ＧⅡ,１４６　２　F４６　５,2026-06-05,2026-06-10,18,徳山,一般,１３４２５　１２１２[５],4710,福田 宗平,2026-09-11,2026-09-16,12,住之江,一般,１　１４２　２３１３２３,2026-08-29,2026-09-03,19,下関,一般,２　３６２５３５１６１５,2026-08-16,2026-08-19,14,鳴門,一般,１３２２４２[４],2026-08-03,2026-08-08,04,平和島,ＧⅢ,２３３　３２３４５４１３,2026-07-22,2026-07-26,13,尼崎,一般,５　２２３３５　３１,4953,尾上 雅也,2026-09-12,2026-09-15,10,三国,一般,２３２１５１[１],2026-09-03,2026-09-08,09,津,ＧⅠ,３　６６５　６６５　３,2026-08-23,2026-08-27,18,徳山,一般,５６５４３１１　２２,2026-08-12,2026-08-17,02,戸田,一般,２２４　１１５　エ　１３,2026-08-05,2026-08-10,09,津,一般,１　１２１３２２１１[４],5122,相馬 翔,2026-09-05,2026-09-10,01,桐生,一般,５６４　２１２　１６３,2026-08-21,2026-08-24,07,蒲郡,一般,５４４　６５６５,2026-07-10,2026-07-13,19,下関,一般,５　５４３　２６,2026-06-21,2026-06-25,08,常滑,一般,３４６　６　５６６１,2026-06-03,2026-06-07,03,江戸川,一般,５　４６４F３４,4430,永田 秀二,2026-09-09,2026-09-13,05,多摩川,一般,５１４　３３１　１２,2026-08-27,2026-08-31,04,平和島,一般,１５１　２１４４６５,2026-08-20,2026-08-23,23,からつ,一般,２５２５１６１６,2026-08-09,2026-08-15,03,江戸川,一般,１　３１２　１３２　[５],2026-07-23,2026-07-28,03,江戸川,ＧⅢ,４　３２６　２６２６４３
202609251301,2026-09-25,13,01R,4874,池田 奈津美,2026-09-05,2026-09-10,04,平和島,一般,５　５F６　３　３　３,2026-08-18,2026-08-23,16,児島,一般,妨６,2026-08-07,2026-08-12,20,若松,一般,４３２２４　５２１　６１,2026-07-24,2026-07-27,06,浜名湖,一般,６６５　６５,2026-07-14,2026-07-19,01,桐生,一般,３　４６３　３５３　４５,5353,草川 壮良,2026-09-11,2026-09-15,06,浜名湖,一般,３５３１４　６５４５,2026-08-29,2026-09-03,16,児島,一般,１２３　６６５　６３１６,2026-08-17,2026-08-20,20,若松,一般,６　４４５　５６,2026-08-07,2026-08-11,15,丸亀,一般,６　５６４　３　５６,2026-05-27,2026-06-01,08,常滑,一般,４６４　４４６　F　２,4856,豊田 健士郎,2026-09-13,2026-09-18,22,福岡,一般,４４１１２　１２１２[５],2026-09-03,2026-09-08,09,津,ＧⅠ,２　２３２　３６２３２,2026-08-26,2026-08-30,14,鳴門,一般,１６２１２３２６２２,2026-08-15,2026-08-20,09,津,一般,１２３　１１１２１１[２],2026-08-08,2026-08-11,05,多摩川,一般,２２５２６５１,5386,米玉利 大悟,2026-09-13,2026-09-18,22,福岡,一般,５５４　６　２６４　６,2026-08-25,2026-08-30,17,宮島,一般,５６１　１４１　６６６６,2026-08-16,2026-08-19,14,鳴門,一般,６５６　５　５６,2026-08-09,2026-08-14,13,尼崎,一般,６　６４４　５５４　３,2026-07-31,2026-08-04,13,尼崎,一般,６　３６１　４落転５,3578,塩田 雄一,2026-09-15,2026-09-20,14,鳴門,一般,６　４５３　５４５　４６,2026-05-27,2026-06-01,08,常滑,一般,３４４　５落,2026-05-10,2026-05-14,23,からつ,一般,１４５　２４２　５６,2026-04-25,2026-04-30,15,丸亀,一般,５６５　５６１　６１６,2026-04-03,2026-04-07,17,宮島,一般,５３３　６５５　５６,5413,宮城 那菜,2026-09-02,2026-09-06,17,宮島,一般,５６,2026-08-07,2026-08-12,20,若松,一般,４６５　５　４５５　３４,2026-07-28,2026-07-31,24,大村,一般,６　４６６３６,2026-07-19,2026-07-24,19,下関,ＧⅢ,４　４５６　６５４　５３,2026-06-25,2026-06-29,18,徳山,一般,６　５５４　５　６６
202609251302,2026-09-25,13,02R,4034,西原 明生,2026-09-09,2026-09-15,20,若松,一般,４　６６２４６　５　５４４,2026-08-24,2026-08-28,15,丸亀,一般,２　４６６　６　２６,2026-08-11,2026-08-16,19,下関,一般,３４５　２４２４４　２,2026-07-29,2026-08-01,18,徳山,一般,４５５　２２５,2026-07-14,2026-07-19,21,芦屋,一般,２　４５５６４　５　３１,5357,田中 瀬里奈,2026-09-12,2026-09-17,08,常滑,一般,６F５　５　５　６　５,2026-09-05,2026-09-10,04,平和島,一般,６５６　４　６６６　３,2026-08-12,2026-08-17,02,戸田,一般,６　４６４　６６５６６,2026-07-22,2026-07-26,08,常滑,一般,６　６６５　６６６６,2026-07-11,2026-07-14,04,平和島,一般,６　５　６４５６,4369,丹下 将,2026-09-11,2026-09-15,06,浜名湖,一般,３６１１３５F３４,2026-08-29,2026-09-03,16,児島,一般,１　１３６５４５２　４４,2026-08-14,2026-08-19,10,三国,一般,６２１２５　２６２５３６,2026-08-03,2026-08-08,19,下関,一般,３４１２２　２４２２[５],2026-07-22,2026-07-26,08,常滑,一般,１　１４３３４２[６],4761,山田 晃大,2026-09-13,2026-09-17,19,下関,一般,４６３　２　２６６４,2026-08-27,2026-09-01,07,蒲郡,一般,６４３　３　３１１４１５,2026-08-15,2026-08-20,11,びわこ,一般,５１２５２　５６１　６３,2026-08-04,2026-08-09,12,住之江,一般,１　３１１　１３６２[１],2026-07-28,2026-07-31,24,大村,一般,５１３　１　３４,4404,岸蔭 亮,2026-09-11,2026-09-16,12,住之江,一般,２６４　５２４　６　３５,2026-08-29,2026-09-03,19,下関,一般,５５６　５６５欠,2026-07-22,2026-07-27,14,鳴門,一般,６２６　２４６　４６３６,2026-07-09,2026-07-14,15,丸亀,一般,５　６６４　６２３　６４,2026-06-27,2026-07-01,02,戸田,一般,４　３６５４４　１F,4703,森永 隆,2026-09-12,2026-09-17,09,津,一般,３６６　２４１　５　２３,2026-08-28,2026-08-31,23,からつ,一般,３２１３転４２２,2026-08-15,2026-08-20,18,徳山,一般,１　２５４２４４２４４５,2026-08-07,2026-08-11,15,丸亀,一般,１５２３３４１２[２],2026-07-24,2026-07-29,17,宮島,一般,３６１４２１４　３６４５
202609251303,2026-09-25,13,03R,4941,孫崎 百世,2026-09-12,2026-09-17,08,常滑,一般,４２２６１５２　１６２５,2026-09-05,2026-09-10,04,平和島,一般,３６２　４　４６２　４５,2026-08-24,2026-08-29,10,三国,一般,５　４４３　６　６３転,2026-08-15,2026-08-20,11,びわこ,一般,６２６　５　２５４　５２,2026-07-19,2026-07-24,19,下関,ＧⅢ,５　５４３５４　４　３５,5210,藤井 公人,2026-09-13,2026-09-17,19,下関,一般,６　１５３　２４６１,2026-09-04,2026-09-09,11,びわこ,一般,５F３　３　４　３　５,2026-08-21,2026-08-26,03,江戸川,一般,１　５４３３４　１２３５,2026-08-10,2026-08-15,21,芦屋,一般,６６１　３　２１落欠,2026-07-22,2026-07-26,08,常滑,一般,２５１　４５２４１２,4111,奥田 誠,2026-09-13,2026-09-18,11,びわこ,一般,２６２２６　５６１　４２,2026-08-29,2026-09-03,19,下関,一般,１　４４１　６４１３２５,2026-08-14,2026-08-19,17,宮島,一般,６　１６１４２５４　６１,2026-08-06,2026-08-09,02,戸田,一般,４２６３２　４１,2026-07-28,2026-08-02,16,児島,一般,３　２３５６５５３　２２,5216,長谷川 晴哉,2026-09-13,2026-09-17,19,下関,一般,２５１３１１５１[３],2026-09-04,2026-09-09,11,びわこ,一般,３１１　１４１４２３４４,2026-08-21,2026-08-24,07,蒲郡,一般,２２２１４６１２,2026-08-11,2026-08-16,01,桐生,一般,３　１３１４３　２　[５],2026-07-31,2026-08-05,05,多摩川,一般,６５４４１４２　５　６５,5421,原田 朱理,2026-09-16,2026-09-21,13,尼崎,一般,６　６転６　６６３　落,2026-09-04,2026-09-09,11,びわこ,一般,６　６６６　６６６　５６,2026-08-09,2026-08-14,13,尼崎,一般,５　６　６６６　６６６,2026-07-22,2026-07-27,14,鳴門,一般,５６６　６３５　６５６,2026-07-10,2026-07-13,19,下関,一般,６　６６６　６２,4846,佐藤 駿介,2026-09-11,2026-09-14,02,戸田,一般,５　２６６　６６,2026-08-26,2026-08-31,11,びわこ,一般,５６３　５　５５４　６５,2026-08-11,2026-08-16,19,下関,一般,３５５　６　２５２　３２,2026-07-28,2026-07-31,24,大村,一般,６４６　２　６２,2026-07-14,2026-07-19,01,桐生,一般,１３２４３　６　１５６６
202609251304,2026-09-25,13,04R,5249,三木 晴斗,2026-09-09,2026-09-13,17,宮島,一般,４　５４２　６３５５,2026-08-21,2026-08-26,03,江戸川,一般,５３３　１２６６１　５２,2026-08-05,2026-08-10,14,鳴門,一般,５　２６４３２　６６２,2026-07-22,2026-07-27,14,鳴門,一般,　　　　　　　　　　５２,2026-07-17,2026-07-22,16,児島,ＧⅢ,６５２　３２４　１　３３,4156,浜野 孝志,2026-09-12,2026-09-17,09,津,一般,３　１２２　１１３２[２],2026-08-29,2026-09-03,19,下関,一般,４１５　４５６　３５２１,2026-08-15,2026-08-20,09,津,一般,３　４２４　１３３５５１,2026-08-03,2026-08-08,04,平和島,ＧⅢ,１３５　１５６２１６３５,2026-07-24,2026-07-27,12,住之江,一般,２２３　２３３３,4262,馬場 貴也,2026-09-16,2026-09-21,05,多摩川,ＧⅠ,６５６　１２１　６　１５,2026-09-07,2026-09-12,24,大村,ＧⅠ,落　２　２１２１１　[１],2026-08-25,2026-08-30,01,桐生,ＳＧ,２４２　５２１　３　３１,2026-08-15,2026-08-20,11,びわこ,一般,２１３２２　２１３１[４],2026-08-08,2026-08-11,05,多摩川,一般,２１６２２１[５],4465,大西 賢,2026-09-09,2026-09-13,05,多摩川,一般,４　１４６　４５５４,2026-08-21,2026-08-26,06,浜名湖,一般,２３５　４３６　３５４２,2026-08-09,2026-08-15,03,江戸川,一般,１　６４３　２４４　３２,2026-07-24,2026-07-27,12,住之江,一般,４　５３１　１５,2026-07-04,2026-07-09,01,桐生,一般,６５４　５５５,4505,島田 賢人,2026-09-13,2026-09-18,22,福岡,一般,３５１　２６２２３４１５,2026-09-03,2026-09-06,02,戸田,一般,２６２２３２２１,2026-08-16,2026-08-19,14,鳴門,一般,４５１転２　１３,2026-08-05,2026-08-10,09,津,一般,１４１　６３４２１３１３,2026-07-27,2026-08-01,10,三国,一般,２　４２４６１２１３３１,5198,奥村 明日香,2026-09-17,2026-09-20,24,大村,一般,３３５　３４４,2026-09-06,2026-09-11,14,鳴門,一般,１３２　５１１５２６２２,2026-08-16,2026-08-19,14,鳴門,一般,２３４　２６４１,2026-08-07,2026-08-12,20,若松,一般,１４１　１２５１６６１６,2026-04-29,2026-05-04,22,福岡,一般,２　４６５　３１２　４６
202609251305,2026-09-25,13,05R,3966,作間 章,2026-09-02,2026-09-07,22,福岡,一般,１　４５２１５３３５１４,2026-08-22,2026-08-27,08,常滑,ＧⅢ,４５１　２５２１６６３４,2026-08-11,2026-08-16,04,平和島,一般,３５２　５４５１２　２２,2026-07-28,2026-08-02,15,丸亀,一般,３　４３３２４　３４５１,2026-07-15,2026-07-20,18,徳山,一般,３５５４２　４２５　３１,3947,寺本 昇平,2026-09-09,2026-09-13,05,多摩川,一般,５　４３１１４２[５],2026-08-23,2026-08-27,18,徳山,一般,２　６５４５２４５,2026-08-11,2026-08-16,01,桐生,一般,５　５５１　５　２２５３,2026-07-25,2026-07-29,20,若松,一般,１５５３４　２　５６,2026-07-09,2026-07-14,15,丸亀,一般,１２４　２４６５１６４６,3578,塩田 雄一,2026-09-15,2026-09-20,14,鳴門,一般,６　４５３　５４５　４６,2026-05-27,2026-06-01,08,常滑,一般,３４４　５落,2026-05-10,2026-05-14,23,からつ,一般,１４５　２４２　５６,2026-04-25,2026-04-30,15,丸亀,一般,５６５　５６１　６１６,2026-04-03,2026-04-07,17,宮島,一般,５３３　６５５　５６,5397,寺田 夢生,2026-08-29,2026-09-03,19,下関,一般,６６５　５　６６５　６５,2026-08-12,2026-08-17,24,大村,ＧⅢ,６　６６６６６　６　４,2026-07-21,2026-07-26,23,からつ,一般,６　６５３　転５６　６６,2026-06-10,2026-06-13,14,鳴門,一般,６　５５６　６６,2026-05-18,2026-05-23,18,徳山,ＧⅢ,６６４　６６６　６６５６,4958,溝口 海義也,2026-09-17,2026-09-20,24,大村,一般,１１２３３１[３],2026-09-02,2026-09-07,22,福岡,一般,３　４４２　４２４３１１,2026-08-20,2026-08-25,21,芦屋,一般,３６５　３３４３１３１２,2026-08-07,2026-08-12,20,若松,一般,２３２２２５２　１５２３,2026-07-23,2026-07-28,03,江戸川,ＧⅢ,３４３　５６１　１３１５,3769,佐竹 恒彦,2026-09-13,2026-09-18,22,福岡,一般,２３２２４　５３２６４６,2026-08-31,2026-09-05,20,若松,ＧⅢ,３６５３５　２５２　２３,2026-08-15,2026-08-20,11,びわこ,一般,４　３４１４５　１４５,2026-08-08,2026-08-11,05,多摩川,一般,２　４３４４３６,2026-07-24,2026-07-27,12,住之江,一般,４　４４６４３
202609251306,2026-09-25,13,06R,4155,長野 壮志郎,2026-09-12,2026-09-15,10,三国,一般,２４１４１６２６,2026-09-02,2026-09-07,22,福岡,一般,２　３６１　２５１２[６],2026-08-21,2026-08-24,07,蒲郡,一般,２１１６４３３１,2026-08-07,2026-08-12,20,若松,一般,５２４２１　４２１３４１,2026-07-27,2026-08-01,09,津,一般,２５２,4404,岸蔭 亮,2026-09-11,2026-09-16,12,住之江,一般,２６４　５２４　６　３５,2026-08-29,2026-09-03,19,下関,一般,５５６　５６５欠,2026-07-22,2026-07-27,14,鳴門,一般,６２６　２４６　４６３６,2026-07-09,2026-07-14,15,丸亀,一般,５　６６４　６２３　６４,2026-06-27,2026-07-01,02,戸田,一般,４　３６５４４　１F,4714,喜多須 杏奈,2026-09-06,2026-09-11,14,鳴門,一般,１　５２３５２２２６２６,2026-08-18,2026-08-23,16,児島,一般,３３２　１３落　１２[６],2026-08-07,2026-08-11,15,丸亀,一般,４３５　４６２２３,2026-07-25,2026-07-30,04,平和島,一般,３　４６５　５３５　６１,2026-07-07,2026-07-12,11,びわこ,一般,１４２　２２３６４２[６],4682,大上 卓人,2026-09-12,2026-09-17,18,徳山,ＧⅠ,２６３　５　２６２５１,2026-09-04,2026-09-08,07,蒲郡,一般,１５１１２転３１[６],2026-08-25,2026-08-30,01,桐生,ＳＧ,１　２５３　５　４　１５,2026-08-14,2026-08-19,17,宮島,一般,２４１１２　１３１４１５,2026-07-28,2026-08-02,11,びわこ,ＳＧ,１　４３５　１　２　[６],4969,町田 洸希,2026-09-09,2026-09-13,17,宮島,一般,３　６　落３３１５,2026-08-22,2026-08-27,08,常滑,ＧⅢ,３１３　６６３　５４２４,2026-08-06,2026-08-10,24,大村,一般,４　４５６１６２５４,2026-07-23,2026-07-28,21,芦屋,一般,２　５２４　１６３６３６,2026-07-10,2026-07-15,23,からつ,一般,５３５　５　４１３５５２,5353,草川 壮良,2026-09-11,2026-09-15,06,浜名湖,一般,３５３１４　６５４５,2026-08-29,2026-09-03,16,児島,一般,１２３　６６５　６３１６,2026-08-17,2026-08-20,20,若松,一般,６　４４５　５６,2026-08-07,2026-08-11,15,丸亀,一般,６　５６４　３　５６,2026-05-27,2026-06-01,08,常滑,一般,４６４　４４６　F　２
202609251307,2026-09-25,13,07R,5386,米玉利 大悟,2026-09-13,2026-09-18,22,福岡,一般,５５４　６　２６４　６,2026-08-25,2026-08-30,17,宮島,一般,５６１　１４１　６６６６,2026-08-16,2026-08-19,14,鳴門,一般,６５６　５　５６,2026-08-09,2026-08-14,13,尼崎,一般,６　６４４　５５４　３,2026-07-31,2026-08-04,13,尼崎,一般,６　３６１　４落転５,5144,中尾 彩香,2026-09-15,2026-09-20,14,鳴門,一般,５２２　２　６２２６３６,2026-08-25,2026-08-30,09,津,一般,３　２４１４６　６転４６,2026-08-10,2026-08-15,21,芦屋,一般,６　６４３１５　３２６,2026-07-27,2026-08-01,10,三国,一般,１５３　４４６　２　３６,2026-07-15,2026-07-19,17,宮島,一般,６　５　４３４６３３,5216,長谷川 晴哉,2026-09-13,2026-09-17,19,下関,一般,２５１３１１５１[３],2026-09-04,2026-09-09,11,びわこ,一般,３１１　１４１４２３４４,2026-08-21,2026-08-24,07,蒲郡,一般,２２２１４６１２,2026-08-11,2026-08-16,01,桐生,一般,３　１３１４３　２　[５],2026-07-31,2026-08-05,05,多摩川,一般,６５４４１４２　５　６５,5243,三馬 崇史,2026-09-13,2026-09-18,07,蒲郡,一般,１　２５４５４３１　３６,2026-08-25,2026-08-30,17,宮島,一般,２５１　３２１　１２[転],2026-08-14,2026-08-19,17,宮島,一般,２　５６３　２１１３６４,2026-07-30,2026-08-04,08,常滑,一般,２　２３４　２６６３２,2026-07-19,2026-07-24,22,福岡,ＧⅢ,５　１　３１３　６　６４,5055,眞鳥 章太,2026-09-13,2026-09-18,11,びわこ,一般,３５５４６　１,2026-08-20,2026-08-25,21,芦屋,一般,２５３２６３１　５２[３],2026-08-06,2026-08-10,24,大村,一般,３３１２２２６５３１,2026-07-27,2026-07-31,19,下関,一般,４４３　１　２５６４,2026-06-29,2026-07-04,08,常滑,一般,５　４５１　１５２１３６,3717,立間 充宏,2026-09-13,2026-09-17,19,下関,一般,６１５　６　４１３１,2026-08-20,2026-08-23,04,平和島,一般,６２４　４４５,2026-08-08,2026-08-13,16,児島,一般,２３１　２４２５２２[５],2026-07-23,2026-07-27,01,桐生,一般,２　３３１１３６３６,2026-07-13,2026-07-18,07,蒲郡,ＧⅡ,４　５　４６４　１２２２
202609251308,2026-09-25,13,08R,5104,山田 丈,2026-09-14,2026-09-19,04,平和島,一般,１　２２５　１２２２[３],2026-08-31,2026-09-05,18,徳山,一般,１１１　転５欠５２　１２,2026-08-20,2026-08-23,23,からつ,一般,４４２　３４２１,2026-08-07,2026-08-12,20,若松,一般,３３１６１　１６３４１４,2026-07-24,2026-07-27,06,浜名湖,一般,１３３５１１[３],4703,森永 隆,2026-09-12,2026-09-17,09,津,一般,３６６　２４１　５　２３,2026-08-28,2026-08-31,23,からつ,一般,３２１３転４２２,2026-08-15,2026-08-20,18,徳山,一般,１　２５４２４４２４４５,2026-08-07,2026-08-11,15,丸亀,一般,１５２３３４１２[２],2026-07-24,2026-07-29,17,宮島,一般,３６１４２１４　３６４５,3841,佐々木 和伸,2026-09-13,2026-09-18,22,福岡,一般,１　４６２１３６３４１３,2026-09-01,2026-09-04,24,大村,一般,４２１６２５１３,2026-08-20,2026-08-25,21,芦屋,一般,１　５６３２４４１　５２,2026-08-05,2026-08-10,14,鳴門,一般,１１３４３　５２１３４１,2026-07-25,2026-07-29,20,若松,一般,３１１２４　１４３２,5421,原田 朱理,2026-09-16,2026-09-21,13,尼崎,一般,６　６転６　６６３　落,2026-09-04,2026-09-09,11,びわこ,一般,６　６６６　６６６　５６,2026-08-09,2026-08-14,13,尼崎,一般,５　６　６６６　６６６,2026-07-22,2026-07-27,14,鳴門,一般,５６６　６３５　６５６,2026-07-10,2026-07-13,19,下関,一般,６　６６６　６２,4874,池田 奈津美,2026-09-05,2026-09-10,04,平和島,一般,５　５F６　３　３　３,2026-08-18,2026-08-23,16,児島,一般,妨６,2026-08-07,2026-08-12,20,若松,一般,４３２２４　５２１　６１,2026-07-24,2026-07-27,06,浜名湖,一般,６６５　６５,2026-07-14,2026-07-19,01,桐生,一般,３　４６３　３５３　４５,4262,馬場 貴也,2026-09-16,2026-09-21,05,多摩川,ＧⅠ,６５６　１２１　６　１５,2026-09-07,2026-09-12,24,大村,ＧⅠ,落　２　２１２１１　[１],2026-08-25,2026-08-30,01,桐生,ＳＧ,２４２　５２１　３　３１,2026-08-15,2026-08-20,11,びわこ,一般,２１３２２　２１３１[４],2026-08-08,2026-08-11,05,多摩川,一般,２１６２２１[５]
202609251309,2026-09-25,13,09R,4111,奥田 誠,2026-09-13,2026-09-18,11,びわこ,一般,２６２２６　５６１　４２,2026-08-29,2026-09-03,19,下関,一般,１　４４１　６４１３２５,2026-08-14,2026-08-19,17,宮島,一般,６　１６１４２５４　６１,2026-08-06,2026-08-09,02,戸田,一般,４２６３２　４１,2026-07-28,2026-08-02,16,児島,一般,３　２３５６５５３　２２,4958,溝口 海義也,2026-09-17,2026-09-20,24,大村,一般,１１２３３１[３],2026-09-02,2026-09-07,22,福岡,一般,３　４４２　４２４３１１,2026-08-20,2026-08-25,21,芦屋,一般,３６５　３３４３１３１２,2026-08-07,2026-08-12,20,若松,一般,２３２２２５２　１５２３,2026-07-23,2026-07-28,03,江戸川,ＧⅢ,３４３　５６１　１３１５,4879,山崎 鉄平,2026-09-16,2026-09-20,23,からつ,一般,６１,2026-09-03,2026-09-08,10,三国,一般,２　６６４　４３４　２転,2026-08-20,2026-08-23,24,大村,一般,３３３　４４１３,2026-08-09,2026-08-14,23,からつ,一般,５３３　３　３５４　１４,2026-07-23,2026-07-28,21,芦屋,一般,１　３２３６２４２６５３,5357,田中 瀬里奈,2026-09-12,2026-09-17,08,常滑,一般,６F５　５　５　６　５,2026-09-05,2026-09-10,04,平和島,一般,６５６　４　６６６　３,2026-08-12,2026-08-17,02,戸田,一般,６　４６４　６６５６６,2026-07-22,2026-07-26,08,常滑,一般,６　６６５　６６６６,2026-07-11,2026-07-14,04,平和島,一般,６　５　６４５６,3612,馬袋 義則,2026-09-15,2026-09-20,14,鳴門,一般,１５１３１２２　３３５２,2026-08-31,2026-09-05,20,若松,ＧⅢ,１２２６２　１１４１[４],2026-08-20,2026-08-23,24,大村,一般,４５１１１２[６],2026-08-09,2026-08-14,13,尼崎,一般,２２４　３　１４３　４１,2026-07-31,2026-08-05,06,浜名湖,ＧⅢ,２　４４４２１６１５１６,4156,浜野 孝志,2026-09-12,2026-09-17,09,津,一般,３　１２２　１１３２[２],2026-08-29,2026-09-03,19,下関,一般,４１５　４５６　３５２１,2026-08-15,2026-08-20,09,津,一般,３　４２４　１３３５５１,2026-08-03,2026-08-08,04,平和島,ＧⅢ,１３５　１５６２１６３５,2026-07-24,2026-07-27,12,住之江,一般,２２３　２３３３
202609251310,2026-09-25,13,10R,4175,川尻 泰輔,2026-09-05,2026-09-10,04,平和島,一般,２６２　２３２　１３４１,2026-08-16,2026-08-19,14,鳴門,一般,１４３１６４２２,2026-08-04,2026-08-09,12,住之江,一般,５　１２５　２２４５１５,2026-07-27,2026-07-31,19,下関,一般,１６２　２５４４１３,2026-07-12,2026-07-16,05,多摩川,一般,３４５　４１１　３１,3769,佐竹 恒彦,2026-09-13,2026-09-18,22,福岡,一般,２３２２４　５３２６４６,2026-08-31,2026-09-05,20,若松,ＧⅢ,３６５３５　２５２　２３,2026-08-15,2026-08-20,11,びわこ,一般,４　３４１４５　１４５,2026-08-08,2026-08-11,05,多摩川,一般,２　４３４４３６,2026-07-24,2026-07-27,12,住之江,一般,４　４４６４３,4589,塩崎 桐加,2026-09-12,2026-09-15,10,三国,一般,１　３３３３２２,2026-08-25,2026-08-30,09,津,一般,１１２　５３２　２３[３],2026-08-12,2026-08-17,24,大村,ＧⅢ,２１１　４１５　５５６４,2026-07-31,2026-08-05,01,桐生,ＧⅢ,５３３　５２２　３４１３,2026-07-10,2026-07-15,06,浜名湖,一般,１　３５１　１３１３[５],4155,長野 壮志郎,2026-09-12,2026-09-15,10,三国,一般,２４１４１６２６,2026-09-02,2026-09-07,22,福岡,一般,２　３６１　２５１２[６],2026-08-21,2026-08-24,07,蒲郡,一般,２１１６４３３１,2026-08-07,2026-08-12,20,若松,一般,５２４２１　４２１３４１,2026-07-27,2026-08-01,09,津,一般,２５２,5084,末永 和也,2026-09-12,2026-09-17,18,徳山,ＧⅠ,転３２　１４３　２１落,2026-09-03,2026-09-08,09,津,ＧⅠ,４　５４１　２３２　[３],2026-08-25,2026-08-30,17,宮島,一般,１４１２１３２　５１[３],2026-05-15,2026-05-20,21,芦屋,ＧⅠ,２６６　５　５３１３２,2026-05-01,2026-05-06,23,からつ,一般,１５２２１　１２２２[６],4343,村岡 賢,2026-09-07,2026-09-12,16,児島,一般,３３６　２４３　５６５,2026-08-22,2026-08-27,08,常滑,ＧⅢ,５　４４５　６６５　４４,2026-08-05,2026-08-10,14,鳴門,一般,５６５　５２５　６　４４,2026-07-21,2026-07-26,23,からつ,一般,６２４　５　６４５　２５,2026-07-11,2026-07-14,04,平和島,一般,３５６　４４３
202609251311,2026-09-25,13,11R,4852,川原 祐明,2026-09-12,2026-09-17,18,徳山,ＧⅠ,３２３　５２２　１　[２],2026-09-03,2026-09-08,09,津,ＧⅠ,６６３　５　１６４　４,2026-08-22,2026-08-27,08,常滑,ＧⅢ,４２３１６５４F４　６,2026-08-11,2026-08-16,19,下関,一般,３２１　２４３１１２[６],2026-07-28,2026-08-02,15,丸亀,一般,２１４　１１２２２１[１],5198,奥村 明日香,2026-09-17,2026-09-20,24,大村,一般,３３５　３４４,2026-09-06,2026-09-11,14,鳴門,一般,１３２　５１１５２６２２,2026-08-16,2026-08-19,14,鳴門,一般,２３４　２６４１,2026-08-07,2026-08-12,20,若松,一般,１４１　１２５１６６１６,2026-04-29,2026-05-04,22,福岡,一般,２　４６５　３１２　４６,4761,山田 晃大,2026-09-13,2026-09-17,19,下関,一般,４６３　２　２６６４,2026-08-27,2026-09-01,07,蒲郡,一般,６４３　３　３１１４１５,2026-08-15,2026-08-20,11,びわこ,一般,５１２５２　５６１　６３,2026-08-04,2026-08-09,12,住之江,一般,１　３１１　１３６２[１],2026-07-28,2026-07-31,24,大村,一般,５１３　１　３４,3947,寺本 昇平,2026-09-09,2026-09-13,05,多摩川,一般,５　４３１１４２[５],2026-08-23,2026-08-27,18,徳山,一般,２　６５４５２４５,2026-08-11,2026-08-16,01,桐生,一般,５　５５１　５　２２５３,2026-07-25,2026-07-29,20,若松,一般,１５５３４　２　５６,2026-07-09,2026-07-14,15,丸亀,一般,１２４　２４６５１６４６,5210,藤井 公人,2026-09-13,2026-09-17,19,下関,一般,６　１５３　２４６１,2026-09-04,2026-09-09,11,びわこ,一般,５F３　３　４　３　５,2026-08-21,2026-08-26,03,江戸川,一般,１　５４３３４　１２３５,2026-08-10,2026-08-15,21,芦屋,一般,６６１　３　２１落欠,2026-07-22,2026-07-26,08,常滑,一般,２５１　４５２４１２,4856,豊田 健士郎,2026-09-13,2026-09-18,22,福岡,一般,４４１１２　１２１２[５],2026-09-03,2026-09-08,09,津,ＧⅠ,２　２３２　３６２３２,2026-08-26,2026-08-30,14,鳴門,一般,１６２１２３２６２２,2026-08-15,2026-08-20,09,津,一般,１２３　１１１２１１[２],2026-08-08,2026-08-11,05,多摩川,一般,２２５２６５１
202609251312,2026-09-25,13,12R,4682,大上 卓人,2026-09-12,2026-09-17,18,徳山,ＧⅠ,２６３　５　２６２５１,2026-09-04,2026-09-08,07,蒲郡,一般,１５１１２転３１[６],2026-08-25,2026-08-30,01,桐生,ＳＧ,１　２５３　５　４　１５,2026-08-14,2026-08-19,17,宮島,一般,２４１１２　１３１４１５,2026-07-28,2026-08-02,11,びわこ,ＳＧ,１　４３５　１　２　[６],4846,佐藤 駿介,2026-09-11,2026-09-14,02,戸田,一般,５　２６６　６６,2026-08-26,2026-08-31,11,びわこ,一般,５６３　５　５５４　６５,2026-08-11,2026-08-16,19,下関,一般,３５５　６　２５２　３２,2026-07-28,2026-07-31,24,大村,一般,６４６　２　６２,2026-07-14,2026-07-19,01,桐生,一般,１３２４３　６　１５６６,4505,島田 賢人,2026-09-13,2026-09-18,22,福岡,一般,３５１　２６２２３４１５,2026-09-03,2026-09-06,02,戸田,一般,２６２２３２２１,2026-08-16,2026-08-19,14,鳴門,一般,４５１転２　１３,2026-08-05,2026-08-10,09,津,一般,１４１　６３４２１３１３,2026-07-27,2026-08-01,10,三国,一般,２　４２４６１２１３３１,5104,山田 丈,2026-09-14,2026-09-19,04,平和島,一般,１　２２５　１２２２[３],2026-08-31,2026-09-05,18,徳山,一般,１１１　転５欠５２　１２,2026-08-20,2026-08-23,23,からつ,一般,４４２　３４２１,2026-08-07,2026-08-12,20,若松,一般,３３１６１　１６３４１４,2026-07-24,2026-07-27,06,浜名湖,一般,１３３５１１[３],3966,作間 章,2026-09-02,2026-09-07,22,福岡,一般,１　４５２１５３３５１４,2026-08-22,2026-08-27,08,常滑,ＧⅢ,４５１　２５２１６６３４,2026-08-11,2026-08-16,04,平和島,一般,３５２　５４５１２　２２,2026-07-28,2026-08-02,15,丸亀,一般,３　４３３２４　３４５１,2026-07-15,2026-07-20,18,徳山,一般,３５５４２　４２５　３１,4369,丹下 将,2026-09-11,2026-09-15,06,浜名湖,一般,３６１１３５F３４,2026-08-29,2026-09-03,16,児島,一般,１　１３６５４５２　４４,2026-08-14,2026-08-19,10,三国,一般,６２１２５　２６２５３６,2026-08-03,2026-08-08,19,下関,一般,３４１２２　２４２２[５],2026-07-22,2026-07-26,08,常滑,一般,１　１４３３４２[６]
202609251801,2026-09-25,18,01R,4816,村松 修二,2026-09-09,2026-09-15,20,若松,一般,２２２　６６３２１６４　１６,2026-08-27,2026-08-31,04,平和島,一般,１　２４６４２１１３,2026-08-14,2026-08-19,17,宮島,一般,１１２６１５５　４２３,2026-07-28,2026-08-02,16,児島,一般,５３２２１２１　３３３４,2026-07-18,2026-07-22,10,三国,一般,６５１　１１１２[３],3772,一柳 和孝,2026-09-09,2026-09-13,05,多摩川,一般,４５３　４２４　５１,2026-08-22,2026-08-27,08,常滑,ＧⅢ,１６２　６４３　３３２３,2026-08-06,2026-08-09,02,戸田,一般,２　１６４３２３,2026-07-20,2026-07-25,15,丸亀,一般,１４３　６１４　２２１４,2026-07-07,2026-07-12,10,三国,ＧⅢ,４１５　５４６　３　４４,4323,山田 佑樹,2026-09-04,2026-09-08,07,蒲郡,一般,３２６　１４２３１４,2026-08-21,2026-08-26,06,浜名湖,一般,２１６　１２２２３２[５],2026-08-08,2026-08-13,16,児島,一般,３１５　５１３　沈,2026-07-22,2026-07-26,08,常滑,一般,６　２１３１２３４２,2026-07-09,2026-07-14,15,丸亀,一般,２２１３５　１３５５１５,5286,坂井 滉哉,2026-09-07,2026-09-12,16,児島,一般,２　６６３　１３２　５F,2026-08-22,2026-08-26,20,若松,一般,５　１１１５３４６６,2026-08-10,2026-08-15,21,芦屋,一般,５６６　２５１　３　６３,2026-07-30,2026-08-04,08,常滑,一般,６　４６４　３２６　２３,2026-07-18,2026-07-22,10,三国,一般,４　１２５３３５６４,3401,上田 隆章,2026-09-04,2026-09-08,07,蒲郡,一般,４　５３１５２　５６,2026-08-19,2026-08-24,19,下関,一般,２　４１２４２　４４１１,2026-08-07,2026-08-11,15,丸亀,一般,２２２　５１４６５３,2026-07-28,2026-08-02,16,児島,一般,６　５６１　３５４３１５,2026-07-18,2026-07-21,20,若松,一般,２６６　２６４２,4158,木場 雄二郎,2026-09-09,2026-09-13,17,宮島,一般,５　４１３５２　２３,2026-08-30,2026-09-02,21,芦屋,一般,１　３４１６１４,2026-08-15,2026-08-20,18,徳山,一般,２３３　３６５　５５４,2026-08-04,2026-08-09,12,住之江,一般,１３２　３６５　４３１４,2026-07-22,2026-07-26,08,常滑,一般,４６６６６
202609251802,2026-09-25,18,02R,4388,是澤 孝宏,2026-09-11,2026-09-14,02,戸田,一般,３１５３６　１１,2026-08-29,2026-09-03,16,児島,一般,２４２１５　４１４４１５,2026-08-15,2026-08-20,11,びわこ,一般,２１２２４　１２２２[１],2026-08-03,2026-08-08,17,宮島,一般,１　４２３２３３４２[５],2026-07-18,2026-07-22,10,三国,一般,６３１４３　５５１２,4173,岡谷 健吾,2026-09-05,2026-09-11,03,江戸川,一般,６６６　５５１　２４３１,2026-08-21,2026-08-24,07,蒲郡,一般,１５３３３５４６,2026-08-08,2026-08-13,16,児島,一般,３２３　４２２　２４３３,2026-07-28,2026-07-31,24,大村,一般,６５６４４　１,2026-07-15,2026-07-21,12,住之江,一般,１４１　３４２　４４３１５１,4839,四宮 与寛,2026-09-09,2026-09-13,17,宮島,一般,１転２　２３２　５４,2026-08-27,2026-09-01,07,蒲郡,一般,４　３４２　３１３５２２,2026-08-17,2026-08-21,13,尼崎,一般,１５４　２１２５１４,2026-08-05,2026-08-10,14,鳴門,一般,１　１３２３２５１３２２,2026-07-22,2026-07-26,08,常滑,一般,２４４　５１５３３１,4981,牧山 敦也,2026-09-05,2026-09-11,03,江戸川,一般,２　３１６　４３５　５１,2026-08-22,2026-08-26,20,若松,一般,１　２４２４５３５１,2026-08-11,2026-08-16,19,下関,一般,２　２２１４５　３４５２,2026-07-31,2026-08-03,20,若松,一般,　　　　　　２５,2026-07-22,2026-07-25,24,大村,一般,３　３３１４１２,5027,重冨 勇哉,2026-09-03,2026-09-08,10,三国,一般,５２４　６４５　２１１,2026-05-30,2026-06-03,12,住之江,一般,２４４　２４４　６５,2026-05-12,2026-05-16,01,桐生,一般,３　２６１６４６５３,2026-04-29,2026-05-04,19,下関,一般,F　３　３　５４３　４６,2026-04-16,2026-04-21,08,常滑,一般,５　６４１　６３F　２,4529,嶋 義信,2026-09-09,2026-09-15,20,若松,一般,５１３３１２３　５２１３５１,2026-08-28,2026-08-31,23,からつ,一般,１４１落,2026-08-17,2026-08-21,15,丸亀,一般,６１１６２５４２３,2026-08-04,2026-08-09,10,三国,一般,１２３　１３１１２１[１],2026-07-22,2026-07-26,13,尼崎,一般,５１４３２　２５４４
202609251803,2026-09-25,18,03R,4375,照屋 厚仁,2026-09-11,2026-09-16,12,住之江,一般,６３５　６６１　２　３,2026-08-30,2026-09-03,08,常滑,一般,１　１２１３５１[２],2026-08-20,2026-08-23,23,からつ,一般,２４３４６　１２,2026-08-09,2026-08-14,13,尼崎,一般,４　４１１　６４１４２３,2026-07-17,2026-07-22,16,児島,ＧⅢ,５４４　２５３３１　６１,4811,向井田 佑紀,2026-09-11,2026-09-15,06,浜名湖,一般,６５６　４６１　２２,2026-08-26,2026-08-30,14,鳴門,一般,１６３　３５５　３１,2026-08-14,2026-08-19,17,宮島,一般,２　６３６　６４５　４４,2026-08-06,2026-08-09,02,戸田,一般,１３２３２　５６,2026-07-27,2026-08-01,09,津,一般,４１６,5338,香月 大輝,2026-09-07,2026-09-12,16,児島,一般,６　４３４　１１３５２転,2026-08-22,2026-08-26,20,若松,一般,３３２　５５４　３２,2026-08-10,2026-08-15,21,芦屋,一般,３３５　６５６　４４１,2026-07-15,2026-07-21,12,住之江,一般,４　１５３　４１２４４１１転,2026-07-01,2026-07-06,22,福岡,一般,６４３　１４４　６５４,4163,山崎 裕司,2026-09-11,2026-09-14,02,戸田,一般,２　３１４１[３],2026-08-29,2026-09-03,19,下関,一般,１　４２３３３　２４１３,2026-08-14,2026-08-19,17,宮島,一般,５　４３６４５１２　５１,2026-08-05,2026-08-10,09,津,一般,６　６２１　６５１　４１,2026-07-20,2026-07-25,15,丸亀,一般,４　５２２４３２２６３,3577,向所 浩二,2026-09-07,2026-09-11,13,尼崎,一般,５　５６１　２２６４,2026-08-20,2026-08-23,23,からつ,一般,４　６３４　４１,2026-08-09,2026-08-14,13,尼崎,一般,４３２　５　５６１３５,2026-07-27,2026-08-01,10,三国,一般,２１４　５３４　転３４,2026-07-18,2026-07-21,20,若松,一般,６　６６６　５,4702,三浦 敬太,2026-09-12,2026-09-17,09,津,一般,１６４　１　１５転３１２,2026-08-28,2026-09-02,05,多摩川,ＧⅢ,４　４１３５欠欠,2026-08-17,2026-08-21,13,尼崎,一般,４２３２２６１５１１,2026-08-03,2026-08-08,19,下関,一般,１２１　１１４１妨３１,2026-07-24,2026-07-27,02,戸田,一般,４６６６４６３
202609251804,2026-09-25,18,04R,4136,江夏 満,2026-09-12,2026-09-17,09,津,一般,１４６　２４４４２５３３,2026-08-31,2026-09-05,20,若松,ＧⅢ,１３４　１１２３３２[５],2026-08-22,2026-08-27,22,福岡,一般,１６４４３１３　３３２２,2026-05-11,2026-05-15,08,常滑,一般,４２２１２３３４１３,2026-05-01,2026-05-06,20,若松,一般,３　４２２　４４５６１５,4079,出畑 孝典,2026-09-07,2026-09-11,13,尼崎,一般,２　１６１６６６３６,2026-08-24,2026-08-28,15,丸亀,一般,１　５２４３４４１２,2026-08-12,2026-08-17,22,福岡,一般,５５３５１１４　１６２６,2026-08-03,2026-08-08,19,下関,一般,１　４４２２１　１３４１,2026-07-25,2026-07-29,20,若松,一般,４３２　３４１２２１,4583,古田 祐貴,2026-09-05,2026-09-11,03,江戸川,一般,３F３　３５２　３２４,2026-08-30,2026-09-02,21,芦屋,一般,５４６　５５４,2026-08-17,2026-08-21,15,丸亀,一般,３５２　１６５２[６],2026-08-03,2026-08-08,04,平和島,ＧⅢ,５２４　１６３　２３６３,2026-07-22,2026-07-25,24,大村,一般,１４２　３４２転,3637,齋藤 和政,2026-09-09,2026-09-13,17,宮島,一般,６　４４５６３　５３,2026-08-11,2026-08-16,07,蒲郡,一般,４５４　５　２４５　５５,2026-07-27,2026-08-01,09,津,一般,５　６５,2026-07-15,2026-07-19,08,常滑,一般,１　６４５６４　６２,2026-06-30,2026-07-05,06,浜名湖,一般,４４６　５４６　５,5460,早川 理稀,2026-09-13,2026-09-18,11,びわこ,一般,　　　　　　　　　　６６,2026-09-04,2026-09-09,11,びわこ,一般,１６６　６６６　６　５２,2026-08-15,2026-08-20,11,びわこ,一般,６６６　６６５　６４転,2026-08-03,2026-08-08,19,下関,一般,５　６６６　５６６　６６,2026-07-24,2026-07-27,12,住之江,一般,６　６６６　６,4663,籾山 佳岳,2026-08-14,2026-08-19,10,三国,一般,４　２１１　４４１３３４,2026-07-27,2026-08-01,09,津,一般,１６３,2026-07-14,2026-07-19,01,桐生,一般,１　４４２　２４２５２１,2026-06-30,2026-07-05,06,浜名湖,一般,１６６　F４３　６　３,2026-06-21,2026-06-25,08,常滑,一般,４１３　６３１６３１
202609251805,2026-09-25,18,05R,4757,山田 祐也,2026-09-12,2026-09-17,09,津,一般,３３１１２４１　５１[５],2026-08-29,2026-09-03,16,児島,一般,１１６　２１４２３１[２],2026-08-16,2026-08-19,14,鳴門,一般,４２５３２　１２,2026-08-07,2026-08-11,15,丸亀,一般,４４１１３４１１[５],2026-07-28,2026-08-02,11,びわこ,ＳＧ,３　６　１６２　５３４３,5206,梅原 祥平,2026-08-29,2026-09-03,16,児島,一般,　　　　　　　　３２５２,2026-08-28,2026-08-31,23,からつ,一般,４　３４３１３５,2026-08-14,2026-08-19,17,宮島,一般,３４３　４３５　６　５４,2026-07-07,2026-07-12,02,戸田,ＧⅡ,４　６　４２６　６５６,2026-06-21,2026-06-26,16,児島,一般,６　５６４　４６１　３５,4679,植田 太一,2026-09-11,2026-09-16,12,住之江,一般,４　３３５　４５４１４,2026-08-30,2026-09-02,21,芦屋,一般,６１２　２１[２],2026-08-19,2026-08-24,19,下関,一般,２　３欠,2026-08-07,2026-08-12,20,若松,一般,３２１１１１４　１２[５],2026-07-31,2026-08-03,20,若松,一般,２１２　５５１６,4943,八木 治樹,2026-09-05,2026-09-10,01,桐生,一般,３３６　５６４　１　２４,2026-08-21,2026-08-26,03,江戸川,一般,１４６　４５３　３２５２,2026-08-08,2026-08-11,05,多摩川,一般,５４３　１６５４,2026-07-24,2026-07-29,17,宮島,一般,２　２５１　５５６　１６,2026-07-15,2026-07-19,08,常滑,一般,５　５１４４５　５,4159,向後 龍一,2026-09-13,2026-09-17,19,下関,一般,６２１　４４３２２３,2026-09-02,2026-09-06,17,宮島,一般,２　１４１６２４１３,2026-08-22,2026-08-26,20,若松,一般,２１２　２３３２[５],2026-08-12,2026-08-17,02,戸田,一般,３　３３３　３２２　[１],2026-07-27,2026-08-01,10,三国,一般,１４４　５４２５１　３３,5392,安武 一也,2026-09-13,2026-09-18,22,福岡,一般,６　５６５　６５４　５,2026-08-24,2026-08-28,15,丸亀,一般,６　６　５５６　５６,2026-08-10,2026-08-15,21,芦屋,一般,４　６６６　６４６　５,2026-07-29,2026-08-03,23,からつ,一般,６　６５５　５６４６４,2026-07-18,2026-07-21,20,若松,一般,　　　　　　４６
202609251806,2026-09-25,18,06R,3804,中渡 修作,2026-09-03,2026-09-08,10,三国,一般,５　４１１　５５１３５１,2026-08-20,2026-08-25,21,芦屋,一般,４　３５１　２５１６２３,2026-08-12,2026-08-17,22,福岡,一般,５６５　６２１　５３２６,2026-08-03,2026-08-08,19,下関,一般,２　２５１　４５１４４５,2026-07-22,2026-07-26,08,常滑,一般,５３２　６３１　３４,4839,四宮 与寛,2026-09-09,2026-09-13,17,宮島,一般,１転２　２３２　５４,2026-08-27,2026-09-01,07,蒲郡,一般,４　３４２　３１３５２２,2026-08-17,2026-08-21,13,尼崎,一般,１５４　２１２５１４,2026-08-05,2026-08-10,14,鳴門,一般,１　１３２３２５１３２２,2026-07-22,2026-07-26,08,常滑,一般,２４４　５１５３３１,4883,岡部 大輝,2026-09-11,2026-09-14,02,戸田,一般,３２２６２　３６,2026-08-30,2026-09-03,08,常滑,一般,２１２５１２２５１１,2026-08-15,2026-08-20,05,多摩川,一般,６　３６６　４２５　１５,2026-08-04,2026-08-09,12,住之江,一般,４１１　２２１　１１[４],2026-07-27,2026-07-31,19,下関,一般,１　１６５１３１[３],3401,上田 隆章,2026-09-04,2026-09-08,07,蒲郡,一般,４　５３１５２　５６,2026-08-19,2026-08-24,19,下関,一般,２　４１２４２　４４１１,2026-08-07,2026-08-11,15,丸亀,一般,２２２　５１４６５３,2026-07-28,2026-08-02,16,児島,一般,６　５６１　３５４３１５,2026-07-18,2026-07-21,20,若松,一般,２６６　２６４２,3772,一柳 和孝,2026-09-09,2026-09-13,05,多摩川,一般,４５３　４２４　５１,2026-08-22,2026-08-27,08,常滑,ＧⅢ,１６２　６４３　３３２３,2026-08-06,2026-08-09,02,戸田,一般,２　１６４３２３,2026-07-20,2026-07-25,15,丸亀,一般,１４３　６１４　２２１４,2026-07-07,2026-07-12,10,三国,ＧⅢ,４１５　５４６　３　４４,3473,石川 真二,2026-09-09,2026-09-14,21,芦屋,一般,４F１　１　４　３２１２,2026-08-26,2026-08-31,11,びわこ,一般,３５２６１　２３１２[４],2026-08-17,2026-08-20,20,若松,一般,１１１１１２[４],2026-08-06,2026-08-10,24,大村,一般,２　１１２２１４１２,2026-07-22,2026-07-26,13,尼崎,一般,１４１５１１１１[１]
202609251807,2026-09-25,18,07R,5027,重冨 勇哉,2026-09-03,2026-09-08,10,三国,一般,５２４　６４５　２１１,2026-05-30,2026-06-03,12,住之江,一般,２４４　２４４　６５,2026-05-12,2026-05-16,01,桐生,一般,３　２６１６４６５３,2026-04-29,2026-05-04,19,下関,一般,F　３　３　５４３　４６,2026-04-16,2026-04-21,08,常滑,一般,５　６４１　６３F　２,3808,秋田 健太郎,2026-08-20,2026-08-25,21,芦屋,一般,６２４　２５６　６３６,2026-08-06,2026-08-09,02,戸田,一般,２　３５２５２１,2026-07-18,2026-07-22,10,三国,一般,５５１　６　４５４,2026-07-05,2026-07-09,05,多摩川,一般,６　５　４５３６６,2026-06-24,2026-06-29,03,江戸川,一般,２　４５５　５３６　１１,5124,上瀧 絢也,2026-09-07,2026-09-12,16,児島,一般,５５６　３６２　３４３,2026-08-20,2026-08-23,24,大村,一般,６２２　４５５,2026-08-09,2026-08-14,23,からつ,一般,３４４　３４６　６　５４,2026-07-27,2026-08-01,10,三国,一般,４２６　５６２　４　５５,2026-07-09,2026-07-13,14,鳴門,一般,５１１　３５６５２６,3577,向所 浩二,2026-09-07,2026-09-11,13,尼崎,一般,５　５６１　２２６４,2026-08-20,2026-08-23,23,からつ,一般,４　６３４　４１,2026-08-09,2026-08-14,13,尼崎,一般,４３２　５　５６１３５,2026-07-27,2026-08-01,10,三国,一般,２１４　５３４　転３４,2026-07-18,2026-07-21,20,若松,一般,６　６６６　５,5290,坂本 一真,2026-09-04,2026-09-09,11,びわこ,一般,１　５５５２２　５２１,2026-08-21,2026-08-26,03,江戸川,一般,転欠,2026-07-11,2026-07-14,04,平和島,一般,２　６６５　６３,2026-06-24,2026-06-29,09,津,一般,６　６４６　６６５　３３,2026-06-11,2026-06-16,03,江戸川,一般,４　４６３　５４３４５,3519,冨田 秀幸,2026-09-09,2026-09-13,05,多摩川,一般,４　６４５　４３２２,2026-08-25,2026-08-30,17,宮島,一般,６　５４５　６４２２５４,2026-08-11,2026-08-16,07,蒲郡,一般,４　２６３４５　５４３,2026-07-25,2026-07-29,20,若松,一般,１５３５６　５　２１,2026-06-14,2026-06-18,01,桐生,一般,６５５　６　５５２
202609251808,2026-09-25,18,08R,4594,谷川 祐一,2026-09-09,2026-09-14,21,芦屋,一般,２５２　３２４　欠欠,2026-08-28,2026-09-02,05,多摩川,ＧⅢ,２　１２５２３６４４１３,2026-08-15,2026-08-20,09,津,一般,２２３　５５５　２　４１,2026-07-31,2026-08-03,20,若松,一般,１１４２１３４３,2026-07-17,2026-07-22,16,児島,ＧⅢ,４２３　４　３２２２[６],5338,香月 大輝,2026-09-07,2026-09-12,16,児島,一般,６　４３４　１１３５２転,2026-08-22,2026-08-26,20,若松,一般,３３２　５５４　３２,2026-08-10,2026-08-15,21,芦屋,一般,３３５　６５６　４４１,2026-07-15,2026-07-21,12,住之江,一般,４　１５３　４１２４４１１転,2026-07-01,2026-07-06,22,福岡,一般,６４３　１４４　６５４,4732,堀本 和也,2026-09-09,2026-09-13,17,宮島,一般,５１１２２　３３２１,2026-08-25,2026-08-30,09,津,一般,３２１　２　１１２２[１],2026-08-17,2026-08-20,20,若松,一般,２４３１２３４６,2026-08-05,2026-08-10,14,鳴門,一般,３２２　４１３５１４２１,2026-07-22,2026-07-26,13,尼崎,一般,２２３１３　１４１２,4090,中村 尊,2026-09-05,2026-09-10,04,平和島,一般,１３１　２４３　４６２４,2026-08-27,2026-09-01,07,蒲郡,一般,３２１　１３３５４２[４],2026-08-16,2026-08-19,14,鳴門,一般,３１２２３６４６,2026-07-18,2026-07-21,04,平和島,一般,２２,2026-06-30,2026-07-04,19,下関,一般,２１１５２　２１[４],4981,牧山 敦也,2026-09-05,2026-09-11,03,江戸川,一般,２　３１６　４３５　５１,2026-08-22,2026-08-26,20,若松,一般,１　２４２４５３５１,2026-08-11,2026-08-16,19,下関,一般,２　２２１４５　３４５２,2026-07-31,2026-08-03,20,若松,一般,　　　　　　２５,2026-07-22,2026-07-25,24,大村,一般,３　３３１４１２,4624,高田 明,2026-09-11,2026-09-16,12,住之江,一般,１　４２２　３４２４６６,2026-08-29,2026-09-03,16,児島,一般,４　１５１２エ３１４６３,2026-08-20,2026-08-23,23,からつ,一般,１４１１３１[２],2026-08-06,2026-08-10,24,大村,一般,５５２２３１２４２４,2026-07-31,2026-08-03,20,若松,一般,４　２２４４５２
202609251809,2026-09-25,18,09R,4677,片橋 幸貴,2026-09-11,2026-09-15,06,浜名湖,一般,６５１　３３４３３２,2026-08-30,2026-09-03,08,常滑,一般,１３１５２２３３３１,2026-08-15,2026-08-20,11,びわこ,一般,転　１３４６２４６　２１,2026-08-08,2026-08-11,05,多摩川,一般,４６２１４４４１,2026-07-28,2026-08-02,16,児島,一般,５２１２１　２２５１[３],4943,八木 治樹,2026-09-05,2026-09-10,01,桐生,一般,３３６　５６４　１　２４,2026-08-21,2026-08-26,03,江戸川,一般,１４６　４５３　３２５２,2026-08-08,2026-08-11,05,多摩川,一般,５４３　１６５４,2026-07-24,2026-07-29,17,宮島,一般,２　２５１　５５６　１６,2026-07-15,2026-07-19,08,常滑,一般,５　５１４４５　５,5286,坂井 滉哉,2026-09-07,2026-09-12,16,児島,一般,２　６６３　１３２　５F,2026-08-22,2026-08-26,20,若松,一般,５　１１１５３４６６,2026-08-10,2026-08-15,21,芦屋,一般,５６６　２５１　３　６３,2026-07-30,2026-08-04,08,常滑,一般,６　４６４　３２６　２３,2026-07-18,2026-07-22,10,三国,一般,４　１２５３３５６４,3684,清水 攻二,2026-09-09,2026-09-13,17,宮島,一般,６　４３１５５　１１,2026-08-24,2026-08-28,15,丸亀,一般,５　妨２４４６　２２,2026-07-24,2026-07-27,06,浜名湖,一般,２　４３３６３３,2026-07-17,2026-07-20,02,戸田,一般,２３,2026-07-07,2026-07-12,08,常滑,一般,４１４　２１３３２６３６,4911,片岡 大地,2026-08-15,2026-08-20,05,多摩川,一般,３　５５４　１６２　４２,2026-08-03,2026-08-08,04,平和島,ＧⅢ,５　２５５　２６３６４４,2026-07-24,2026-07-27,02,戸田,一般,５　３１３４２３,2026-07-14,2026-07-19,21,芦屋,一般,６６５　６３４５６　５２,2026-07-03,2026-07-08,12,住之江,一般,２　２４１３５　１F３,5460,早川 理稀,2026-09-13,2026-09-18,11,びわこ,一般,　　　　　　　　　　６６,2026-09-04,2026-09-09,11,びわこ,一般,１６６　６６６　６　５２,2026-08-15,2026-08-20,11,びわこ,一般,６６６　６６５　６４転,2026-08-03,2026-08-08,19,下関,一般,５　６６６　５６６　６６,2026-07-24,2026-07-27,12,住之江,一般,６　６６６　６
202609251810,2026-09-25,18,10R,4702,三浦 敬太,2026-09-12,2026-09-17,09,津,一般,１６４　１　１５転３１２,2026-08-28,2026-09-02,05,多摩川,ＧⅢ,４　４１３５欠欠,2026-08-17,2026-08-21,13,尼崎,一般,４２３２２６１５１１,2026-08-03,2026-08-08,19,下関,一般,１２１　１１４１妨３１,2026-07-24,2026-07-27,02,戸田,一般,４６６６４６３,4136,江夏 満,2026-09-12,2026-09-17,09,津,一般,１４６　２４４４２５３３,2026-08-31,2026-09-05,20,若松,ＧⅢ,１３４　１１２３３２[５],2026-08-22,2026-08-27,22,福岡,一般,１６４４３１３　３３２２,2026-05-11,2026-05-15,08,常滑,一般,４２２１２３３４１３,2026-05-01,2026-05-06,20,若松,一般,３　４２２　４４５６１５,4159,向後 龍一,2026-09-13,2026-09-17,19,下関,一般,６２１　４４３２２３,2026-09-02,2026-09-06,17,宮島,一般,２　１４１６２４１３,2026-08-22,2026-08-26,20,若松,一般,２１２　２３３２[５],2026-08-12,2026-08-17,02,戸田,一般,３　３３３　３２２　[１],2026-07-27,2026-08-01,10,三国,一般,１４４　５４２５１　３３,4158,木場 雄二郎,2026-09-09,2026-09-13,17,宮島,一般,５　４１３５２　２３,2026-08-30,2026-09-02,21,芦屋,一般,１　３４１６１４,2026-08-15,2026-08-20,18,徳山,一般,２３３　３６５　５５４,2026-08-04,2026-08-09,12,住之江,一般,１３２　３６５　４３１４,2026-07-22,2026-07-26,08,常滑,一般,４６６６６,4173,岡谷 健吾,2026-09-05,2026-09-11,03,江戸川,一般,６６６　５５１　２４３１,2026-08-21,2026-08-24,07,蒲郡,一般,１５３３３５４６,2026-08-08,2026-08-13,16,児島,一般,３２３　４２２　２４３３,2026-07-28,2026-07-31,24,大村,一般,６５６４４　１,2026-07-15,2026-07-21,12,住之江,一般,１４１　３４２　４４３１５１,4388,是澤 孝宏,2026-09-11,2026-09-14,02,戸田,一般,３１５３６　１１,2026-08-29,2026-09-03,16,児島,一般,２４２１５　４１４４１５,2026-08-15,2026-08-20,11,びわこ,一般,２１２２４　１２２２[１],2026-08-03,2026-08-08,17,宮島,一般,１　４２３２３３４２[５],2026-07-18,2026-07-22,10,三国,一般,６３１４３　５５１２
202609251811,2026-09-25,18,11R,4529,嶋 義信,2026-09-09,2026-09-15,20,若松,一般,５１３３１２３　５２１３５１,2026-08-28,2026-08-31,23,からつ,一般,１４１落,2026-08-17,2026-08-21,15,丸亀,一般,６１１６２５４２３,2026-08-04,2026-08-09,10,三国,一般,１２３　１３１１２１[１],2026-07-22,2026-07-26,13,尼崎,一般,５１４３２　２５４４,4883,岡部 大輝,2026-09-11,2026-09-14,02,戸田,一般,３２２６２　３６,2026-08-30,2026-09-03,08,常滑,一般,２１２５１２２５１１,2026-08-15,2026-08-20,05,多摩川,一般,６　３６６　４２５　１５,2026-08-04,2026-08-09,12,住之江,一般,４１１　２２１　１１[４],2026-07-27,2026-07-31,19,下関,一般,１　１６５１３１[３],4163,山崎 裕司,2026-09-11,2026-09-14,02,戸田,一般,２　３１４１[３],2026-08-29,2026-09-03,19,下関,一般,１　４２３３３　２４１３,2026-08-14,2026-08-19,17,宮島,一般,５　４３６４５１２　５１,2026-08-05,2026-08-10,09,津,一般,６　６２１　６５１　４１,2026-07-20,2026-07-25,15,丸亀,一般,４　５２２４３２２６３,4079,出畑 孝典,2026-09-07,2026-09-11,13,尼崎,一般,２　１６１６６６３６,2026-08-24,2026-08-28,15,丸亀,一般,１　５２４３４４１２,2026-08-12,2026-08-17,22,福岡,一般,５５３５１１４　１６２６,2026-08-03,2026-08-08,19,下関,一般,１　４４２２１　１３４１,2026-07-25,2026-07-29,20,若松,一般,４３２　３４１２２１,4323,山田 佑樹,2026-09-04,2026-09-08,07,蒲郡,一般,３２６　１４２３１４,2026-08-21,2026-08-26,06,浜名湖,一般,２１６　１２２２３２[５],2026-08-08,2026-08-13,16,児島,一般,３１５　５１３　沈,2026-07-22,2026-07-26,08,常滑,一般,６　２１３１２３４２,2026-07-09,2026-07-14,15,丸亀,一般,２２１３５　１３５５１５,3804,中渡 修作,2026-09-03,2026-09-08,10,三国,一般,５　４１１　５５１３５１,2026-08-20,2026-08-25,21,芦屋,一般,４　３５１　２５１６２３,2026-08-12,2026-08-17,22,福岡,一般,５６５　６２１　５３２６,2026-08-03,2026-08-08,19,下関,一般,２　２５１　４５１４４５,2026-07-22,2026-07-26,08,常滑,一般,５３２　６３１　３４
202609251812,2026-09-25,18,12R,3473,石川 真二,2026-09-09,2026-09-14,21,芦屋,一般,４F１　１　４　３２１２,2026-08-26,2026-08-31,11,びわこ,一般,３５２６１　２３１２[４],2026-08-17,2026-08-20,20,若松,一般,１１１１１２[４],2026-08-06,2026-08-10,24,大村,一般,２　１１２２１４１２,2026-07-22,2026-07-26,13,尼崎,一般,１４１５１１１１[１],4757,山田 祐也,2026-09-12,2026-09-17,09,津,一般,３３１１２４１　５１[５],2026-08-29,2026-09-03,16,児島,一般,１１６　２１４２３１[２],2026-08-16,2026-08-19,14,鳴門,一般,４２５３２　１２,2026-08-07,2026-08-11,15,丸亀,一般,４４１１３４１１[５],2026-07-28,2026-08-02,11,びわこ,ＳＧ,３　６　１６２　５３４３,4816,村松 修二,2026-09-09,2026-09-15,20,若松,一般,２２２　６６３２１６４　１６,2026-08-27,2026-08-31,04,平和島,一般,１　２４６４２１１３,2026-08-14,2026-08-19,17,宮島,一般,１１２６１５５　４２３,2026-07-28,2026-08-02,16,児島,一般,５３２２１２１　３３３４,2026-07-18,2026-07-22,10,三国,一般,６５１　１１１２[３],4375,照屋 厚仁,2026-09-11,2026-09-16,12,住之江,一般,６３５　６６１　２　３,2026-08-30,2026-09-03,08,常滑,一般,１　１２１３５１[２],2026-08-20,2026-08-23,23,からつ,一般,２４３４６　１２,2026-08-09,2026-08-14,13,尼崎,一般,４　４１１　６４１４２３,2026-07-17,2026-07-22,16,児島,ＧⅢ,５４４　２５３３１　６１,4583,古田 祐貴,2026-09-05,2026-09-11,03,江戸川,一般,３F３　３５２　３２４,2026-08-30,2026-09-02,21,芦屋,一般,５４６　５５４,2026-08-17,2026-08-21,15,丸亀,一般,３５２　１６５２[６],2026-08-03,2026-08-08,04,平和島,ＧⅢ,５２４　１６３　２３６３,2026-07-22,2026-07-25,24,大村,一般,１４２　３４２転,4594,谷川 祐一,2026-09-09,2026-09-14,21,芦屋,一般,２５２　３２４　欠欠,2026-08-28,2026-09-02,05,多摩川,ＧⅢ,２　１２５２３６４４１３,2026-08-15,2026-08-20,09,津,一般,２２３　５５５　２　４１,2026-07-31,2026-08-03,20,若松,一般,１１４２１３４３,2026-07-17,2026-07-22,16,児島,ＧⅢ,４２３　４　３２２２[６]
202609251901,2026-09-25,19,01R,4891,寺島 美里,2026-09-09,2026-09-15,20,若松,一般,５　１６１３４２２４４５F５,2026-08-26,2026-08-30,14,鳴門,一般,４４６　２　２４２３,2026-08-12,2026-08-17,24,大村,ＧⅢ,３　３１４　２１４６１５,2026-07-25,2026-07-30,04,平和島,一般,５１４　２６３　５３４１,2026-07-12,2026-07-16,05,多摩川,一般,５５６　１２４　２３,4461,安田 吉宏,2026-09-09,2026-09-13,17,宮島,一般,４　２５４　１４３４,2026-08-25,2026-08-30,09,津,一般,６５５　５　４２６　６,2026-08-11,2026-08-16,07,蒲郡,一般,４６２　３　２２１５５４,2026-07-27,2026-08-01,10,三国,一般,３２６　３１５　３２６,2026-07-18,2026-07-21,20,若松,一般,２５４　４５１３,4837,酒井 陽祐,2026-09-16,2026-09-21,13,尼崎,一般,４５２　４１４　妨３６,2026-09-01,2026-09-04,24,大村,一般,４　５２４　６４,2026-08-21,2026-08-24,07,蒲郡,一般,６　１３２３４５,2026-08-10,2026-08-15,08,常滑,一般,１５３　６４２　２１２３,2026-07-27,2026-08-01,09,津,一般,３　３,5373,諏訪 玲奈,2026-09-09,2026-09-15,20,若松,一般,５　５３妨５４　４　６　５５,2026-08-25,2026-08-30,17,宮島,一般,５５６　６　６落６　４５,2026-07-27,2026-08-01,10,三国,一般,３４６　３　６６２　４,2026-07-09,2026-07-13,16,児島,一般,４　３４２３６　２５,2026-06-18,2026-06-23,02,戸田,一般,６　４６１　５４４　４４,5435,中西 月輝,2026-08-18,2026-08-23,16,児島,一般,４６３　６６６　６６３,2026-08-03,2026-08-08,17,宮島,一般,５　５転６６６　５　６６,2026-07-21,2026-07-26,23,からつ,一般,６　落６F　６　６　６,2026-06-24,2026-06-29,12,住之江,一般,６　５５６　６５６　５,2026-06-06,2026-06-10,24,大村,一般,６６６　６４５　６,3920,正木 聖賢,2026-09-17,2026-09-20,24,大村,一般,２２３３３４５３,2026-09-09,2026-09-13,17,宮島,一般,１　３２６２４６３５,2026-08-23,2026-08-27,18,徳山,一般,４　６５６　６６６４,2026-05-26,2026-05-31,15,丸亀,ＧⅢ,２　６６２５５転,2026-05-11,2026-05-15,08,常滑,一般,５５５１４　４　４１
202609251902,2026-09-25,19,02R,3620,信濃 由行,2026-09-12,2026-09-15,10,三国,一般,６５４　５２５,2026-08-14,2026-08-19,10,三国,一般,５　５３４　４３６４５,2026-08-05,2026-08-10,09,津,一般,４５６　４６６　４　３６,2026-07-22,2026-07-26,13,尼崎,一般,４　３　５４３５４６,2026-07-07,2026-07-12,10,三国,ＧⅢ,６６６　６　５６５　４６,4567,上村 慎太郎,2026-09-07,2026-09-11,13,尼崎,一般,６　３６６,2026-08-24,2026-08-28,15,丸亀,一般,６　１４５　３　３６,2026-08-11,2026-08-16,19,下関,一般,５６５　３５４６６　２,2026-07-29,2026-08-01,18,徳山,一般,３　５５４４１,2026-07-15,2026-07-21,12,住之江,一般,５　２５５　３３４　１　４４,4272,大場 広孝,2026-09-14,2026-09-19,04,平和島,一般,２６３　５５５　２　１２,2026-09-01,2026-09-04,24,大村,一般,５２６　４６２,2026-08-19,2026-08-24,19,下関,一般,５４５　１５６　５　２４,2026-08-07,2026-08-11,15,丸亀,一般,４２３　４３５　２６,2026-07-29,2026-08-03,22,福岡,一般,４３２　５３４４５５６,4527,高野 心吾,2026-09-04,2026-09-08,07,蒲郡,一般,４　６６２　５２１４,2026-08-20,2026-08-23,24,大村,一般,２　５４６３２,2026-08-10,2026-08-15,08,常滑,一般,６３４　３６６　２　５２,2026-07-29,2026-08-01,18,徳山,一般,２３５１２６５６,2026-07-15,2026-07-19,17,宮島,一般,５　４１４５４　６５,3932,池田 浩美,2026-08-30,2026-09-04,06,浜名湖,ＧⅢ,３　６５３　２２１１１５,2026-08-12,2026-08-17,24,大村,ＧⅢ,５　２１１　２３５２[５],2026-07-25,2026-07-29,20,若松,一般,２　１１６３６４１６,2026-07-13,2026-07-18,13,尼崎,ＧⅢ,２６５　６　２６２　１５,2026-06-26,2026-07-01,17,宮島,一般,５　３６１　３６５３２４,4769,馬場 剛,2026-09-14,2026-09-19,04,平和島,一般,３３１１５３１　２６３５,2026-08-28,2026-09-02,05,多摩川,ＧⅢ,４１６５６欠,2026-08-09,2026-08-15,03,江戸川,一般,２２５　４５１　１１２３,2026-07-27,2026-08-01,10,三国,一般,１４５　１２４３６３２１,2026-07-11,2026-07-16,03,江戸川,一般,３　１１３　２１４１[２]
202609251903,2026-09-25,19,03R,3852,澤 大介,2026-09-05,2026-09-10,01,桐生,一般,１５４　落３５　６　３４,2026-08-24,2026-08-29,13,尼崎,一般,２４１　４４２　４５１４,2026-08-15,2026-08-20,09,津,一般,５５２　４　４４５　４４,2026-08-07,2026-08-11,15,丸亀,一般,３　１６６５４　３６,2026-07-27,2026-08-01,09,津,一般,１６１,4376,藤田 靖弘,2026-09-09,2026-09-13,05,多摩川,一般,３３１　６２２６１１,2026-08-27,2026-08-31,04,平和島,一般,３　４４６３１５４６,2026-08-17,2026-08-21,13,尼崎,一般,４２１　４４１５２３,2026-08-03,2026-08-08,17,宮島,一般,６　１３１５２３１６２５,2026-07-23,2026-07-28,21,芦屋,一般,６　１３５５１５５５３,5081,篠原 飛翔,2026-09-14,2026-09-19,04,平和島,一般,２３１　１６１　５３５３,2026-09-02,2026-09-07,22,福岡,一般,４　４３４　５１２２２１,2026-08-22,2026-08-26,20,若松,一般,４２４　３６５６３６,2026-06-26,2026-07-01,17,宮島,一般,４３６５３　４６１　４２,2026-04-29,2026-05-04,22,福岡,一般,１３２　５２転,5370,日隈 茜,2026-09-15,2026-09-20,14,鳴門,一般,６　２６６　５５６　５,2026-09-05,2026-09-10,04,平和島,一般,６４６　６　６６６　５,2026-08-24,2026-08-29,10,三国,一般,６６６　６　６６６　６,2026-08-10,2026-08-15,21,芦屋,一般,６　６６６　６６６　６,2026-07-28,2026-08-02,15,丸亀,一般,　　　　　　　　６　６５,4750,井上 尚悟,2026-09-07,2026-09-11,13,尼崎,一般,２６５　３５６　４F,2026-08-25,2026-08-30,17,宮島,一般,４　６３４　６３２３２１,2026-08-08,2026-08-11,05,多摩川,一般,３４５５３　２,2026-07-31,2026-08-03,20,若松,一般,４４６　３２６,2026-07-17,2026-07-20,02,戸田,一般,４６５　５４６,3284,渡邊 伸太郎,2026-09-07,2026-09-12,16,児島,一般,４２２　５２３　１６２５,2026-08-23,2026-08-27,18,徳山,一般,４　２５２４３６２,2026-08-06,2026-08-10,24,大村,一般,２３５　２３１３３６,2026-07-24,2026-07-27,06,浜名湖,一般,１　３４３２５３,2026-07-09,2026-07-14,15,丸亀,一般,４　１４３５４　１２３５
202609251904,2026-09-25,19,04R,3859,多羅尾 達之,2026-09-05,2026-09-11,03,江戸川,一般,６２５　２５５４５　１６,2026-08-22,2026-08-27,22,福岡,一般,６　２４２　２６５２１４,2026-08-11,2026-08-16,04,平和島,一般,転　欠,2026-07-25,2026-07-29,20,若松,一般,５　５６５６,2026-07-15,2026-07-19,08,常滑,一般,６２１　３６３３５,3876,中辻 崇人,2026-09-14,2026-09-19,04,平和島,一般,２１２２２　１３４１[２],2026-09-04,2026-09-08,07,蒲郡,一般,１６２３２妨１１４５,2026-08-21,2026-08-26,06,浜名湖,一般,６５１　３１５５４６２１,2026-08-10,2026-08-15,21,芦屋,一般,１１１　３４３１１１[６],2026-07-29,2026-08-03,23,からつ,一般,３３１　３１１１４３１１,4949,横田 貴満,2026-09-12,2026-09-17,09,津,一般,２５５　５２１　２３１,2026-08-29,2026-09-03,16,児島,一般,３　２５５５３４,2026-08-20,2026-08-23,23,からつ,一般,４２４２４３４１,2026-08-06,2026-08-10,24,大村,一般,４１３３３　５３５３,2026-07-23,2026-07-27,01,桐生,一般,５２１３１２３５２４,3746,岡瀬 正人,2026-09-12,2026-09-15,10,三国,一般,２２３５１６１５,2026-09-03,2026-09-06,02,戸田,一般,４４３１６　３１,2026-08-22,2026-08-26,20,若松,一般,１３４３２　２１[３],2026-08-08,2026-08-13,16,児島,一般,２　６５５４２　３４１,2026-07-23,2026-07-28,21,芦屋,一般,２３６４２１４　２３２４,4396,大田 直弥,2026-09-09,2026-09-15,20,若松,一般,３４４　不　５４３　５５５,2026-08-30,2026-09-02,21,芦屋,一般,４　５４４４５４,2026-08-15,2026-08-20,18,徳山,一般,５３４　６　６４３　２６,2026-08-03,2026-08-08,17,宮島,一般,６　３５１　６２４４５,2026-07-22,2026-07-26,13,尼崎,一般,３６４　３４６　２,5076,石原 光,2026-09-07,2026-09-12,16,児島,一般,６２１　４１２　４４４３,2026-08-21,2026-08-24,07,蒲郡,一般,１３４２１エ３,2026-08-11,2026-08-16,06,浜名湖,一般,４１４　２４２　１６１５,2026-08-03,2026-08-08,04,平和島,ＧⅢ,４　６２５５２　４４２,2026-07-24,2026-07-27,06,浜名湖,一般,５　６３１５４２
202609251905,2026-09-25,19,05R,3757,畑 和宏,2026-09-11,2026-09-16,12,住之江,一般,４４６　１４１　１５１,2026-08-29,2026-09-03,16,児島,一般,５５５　５１２６２　２３,2026-08-17,2026-08-20,20,若松,一般,１　５４３２２５,2026-08-05,2026-08-10,14,鳴門,一般,５６３　３１４２１　１６,2026-07-24,2026-07-29,17,宮島,一般,５５２２２１２　１５１２,4349,犬童 千秋,2026-09-12,2026-09-17,09,津,一般,４　４１４　６６４　５５,2026-08-25,2026-08-30,17,宮島,一般,５５４　５５６　２５３６,2026-07-14,2026-07-19,21,芦屋,一般,４　２６２４５　６２３,2026-06-28,2026-07-03,20,若松,一般,１　２　２２３５４６２５,2026-06-12,2026-06-17,22,福岡,ＧⅢ,２　４４２　２６F６４,5078,山川 波乙,2026-09-12,2026-09-17,08,常滑,一般,３３４２５　F３５　４,2026-08-25,2026-08-30,09,津,一般,１５４　６５５　５　６５,2026-08-07,2026-08-11,15,丸亀,一般,６５３　４　６５２５,2026-07-13,2026-07-18,13,尼崎,ＧⅢ,１　３２３６４　１４４６,2026-07-01,2026-07-06,07,蒲郡,一般,３　４６３３４　２５１,4290,稲田 浩二,2026-09-15,2026-09-20,14,鳴門,一般,１６１１２１３　３１[１],2026-08-22,2026-08-26,20,若松,一般,３３３　１１４５１５,2026-08-09,2026-08-14,13,尼崎,一般,１４５　３３３２４　４４,2026-07-28,2026-08-02,11,びわこ,ＳＧ,４　２６４　５　４２５,2026-07-13,2026-07-18,07,蒲郡,ＧⅡ,２６４　２　１２５　３６,3692,竹腰 正樹,2026-09-11,2026-09-14,02,戸田,一般,１４６２４　４３,2026-09-03,2026-09-08,10,三国,一般,６　５１１　５２２２[６],2026-08-25,2026-08-30,17,宮島,一般,３６１　６３１　３１４３,2026-08-14,2026-08-19,10,三国,一般,４　３４２　４４５５２,2026-08-05,2026-08-10,09,津,一般,２　２３２２３４２６１５,3681,山谷 央,2026-09-05,2026-09-10,01,桐生,一般,１　１４４５３５４不１５,2026-08-20,2026-08-25,21,芦屋,一般,１　２転５　４２５　６３,2026-08-08,2026-08-11,05,多摩川,一般,１５１５３　３３,2026-06-27,2026-07-01,02,戸田,一般,３　１４３２２５４２,2026-06-17,2026-06-22,05,多摩川,一般,４　５６５５４　５　２
202609251906,2026-09-25,19,06R,3710,吉永 泰弘,2026-09-16,2026-09-20,23,からつ,一般,４　２６３５６　２５,2026-08-31,2026-09-05,20,若松,ＧⅢ,４４４　４４６　３４６,2026-08-17,2026-08-21,15,丸亀,一般,５　４５５　３　４５,2026-07-31,2026-08-05,06,浜名湖,ＧⅢ,２　５５３　２５５４２,2026-07-17,2026-07-22,16,児島,ＧⅢ,２　２３２４１　５５４３,3932,池田 浩美,2026-08-30,2026-09-04,06,浜名湖,ＧⅢ,３　６５３　２２１１１５,2026-08-12,2026-08-17,24,大村,ＧⅢ,５　２１１　２３５２[５],2026-07-25,2026-07-29,20,若松,一般,２　１１６３６４１６,2026-07-13,2026-07-18,13,尼崎,ＧⅢ,２６５　６　２６２　１５,2026-06-26,2026-07-01,17,宮島,一般,５　３６１　３６５３２４,4051,清水 敦揮,2026-07-18,2026-07-21,20,若松,一般,６１３３３５１２,2026-07-09,2026-07-14,15,丸亀,一般,４１２　３３５４１３１２,2026-06-30,2026-07-04,19,下関,一般,２４４２４１３３５１,2026-06-17,2026-06-20,07,蒲郡,一般,２２３１２２[４],2026-05-31,2026-06-05,13,尼崎,一般,２６１３４　４４１２[３],4551,三川 昂暁,2026-09-09,2026-09-15,20,若松,一般,３　１２５３１３２２２２[４],2026-08-28,2026-08-31,23,からつ,一般,６３４１１５５４,2026-08-20,2026-08-23,02,戸田,一般,１１４　３３F１,2026-08-10,2026-08-15,21,芦屋,一般,６３５４４　２２５　２３,2026-07-23,2026-07-27,01,桐生,一般,３１１１５３４５１２,4891,寺島 美里,2026-09-09,2026-09-15,20,若松,一般,５　１６１３４２２４４５F５,2026-08-26,2026-08-30,14,鳴門,一般,４４６　２　２４２３,2026-08-12,2026-08-17,24,大村,ＧⅢ,３　３１４　２１４６１５,2026-07-25,2026-07-30,04,平和島,一般,５１４　２６３　５３４１,2026-07-12,2026-07-16,05,多摩川,一般,５５６　１２４　２３,4043,桐本 康臣,2026-09-09,2026-09-15,20,若松,一般,３５落６１　３　２５３　６１,2026-08-25,2026-08-30,17,宮島,一般,４　１４２６３５４　２６,2026-08-17,2026-08-21,13,尼崎,一般,２　２３１１４２[６],2026-08-07,2026-08-11,15,丸亀,一般,３１３４２３２３３１,2026-07-24,2026-07-27,02,戸田,一般,２　２３２４３４
202609251907,2026-09-25,19,07R,4750,井上 尚悟,2026-09-07,2026-09-11,13,尼崎,一般,２６５　３５６　４F,2026-08-25,2026-08-30,17,宮島,一般,４　６３４　６３２３２１,2026-08-08,2026-08-11,05,多摩川,一般,３４５５３　２,2026-07-31,2026-08-03,20,若松,一般,４４６　３２６,2026-07-17,2026-07-20,02,戸田,一般,４６５　５４６,5373,諏訪 玲奈,2026-09-09,2026-09-15,20,若松,一般,５　５３妨５４　４　６　５５,2026-08-25,2026-08-30,17,宮島,一般,５５６　６　６落６　４５,2026-07-27,2026-08-01,10,三国,一般,３４６　３　６６２　４,2026-07-09,2026-07-13,16,児島,一般,４　３４２３６　２５,2026-06-18,2026-06-23,02,戸田,一般,６　４６１　５４４　４４,4401,小林 泰,2026-09-11,2026-09-16,12,住之江,一般,３　３２４　２６３６１６,2026-08-30,2026-09-03,08,常滑,一般,３　２１３４３２[５],2026-08-05,2026-08-10,09,津,一般,２３２　１３３１３３２４,2026-07-23,2026-07-28,03,江戸川,ＧⅢ,５６１　１５３　１２１６,2026-07-07,2026-07-12,02,戸田,ＧⅡ,６　１　６５６　５６３,3620,信濃 由行,2026-09-12,2026-09-15,10,三国,一般,６５４　５２５,2026-08-14,2026-08-19,10,三国,一般,５　５３４　４３６４５,2026-08-05,2026-08-10,09,津,一般,４５６　４６６　４　３６,2026-07-22,2026-07-26,13,尼崎,一般,４　３　５４３５４６,2026-07-07,2026-07-12,10,三国,ＧⅢ,６６６　６　５６５　４６,5060,数原 魁,2026-09-17,2026-09-20,24,大村,一般,１６２　１３４１,2026-09-04,2026-09-09,11,びわこ,一般,６３１　２４３３１５１３,2026-08-23,2026-08-27,18,徳山,一般,３　４４３４３　１２,2026-08-09,2026-08-14,13,尼崎,一般,３　４６５　５１３１２３,2026-07-28,2026-08-02,15,丸亀,一般,２３１　２４２　４３[５],4477,篠崎 仁志,2026-09-16,2026-09-20,23,からつ,一般,４欠,2026-09-03,2026-09-08,09,津,ＧⅠ,１６４　４　３５１４６,2026-08-25,2026-08-30,01,桐生,ＳＧ,１　４４２　３　３　５２,2026-08-10,2026-08-15,21,芦屋,一般,５２２１６　１１３２[５],2026-07-28,2026-08-02,11,びわこ,ＳＧ,２　２　５１５　４　６４
202609251908,2026-09-25,19,08R,4415,下出 卓矢,2026-09-12,2026-09-17,18,徳山,ＧⅠ,６　６　６５６　２６５,2026-09-03,2026-09-08,09,津,ＧⅠ,６　１　５６１　１６３３,2026-08-24,2026-08-29,13,尼崎,一般,５３４　２２３６５１２３,2026-08-14,2026-08-19,10,三国,一般,１４F５４　５　６　２,2026-08-06,2026-08-09,02,戸田,一般,４６５３１３１１,4843,深尾 巴恵,2026-09-06,2026-09-11,14,鳴門,一般,５５３　３　６６６　３６,2026-08-25,2026-08-30,09,津,一般,４６６　５６１　６　１５,2026-08-11,2026-08-16,06,浜名湖,一般,３２４　６２４　５５２,2026-07-27,2026-08-01,10,三国,一般,６６６　４　５４６　４,2026-06-19,2026-06-24,11,びわこ,一般,３　６６３　６６４　１５,3848,川上 聡介,2026-09-09,2026-09-13,05,多摩川,一般,６　４　３６５４４５,2026-08-26,2026-08-30,14,鳴門,一般,３　４５５　６　４２,2026-08-11,2026-08-16,07,蒲郡,一般,２　４５５　４４３　５２,2026-07-22,2026-07-26,08,常滑,一般,２１６　５５５６６,2026-07-09,2026-07-14,15,丸亀,一般,３　２５２３５２１６５６,4180,上野 秀和,2026-09-14,2026-09-19,04,平和島,一般,１　２３２　４５１５転４,2026-09-01,2026-09-05,13,尼崎,一般,１　５５１５５　５１,2026-08-20,2026-08-25,21,芦屋,一般,３６２１２　３３１４５４,2026-08-07,2026-08-11,15,丸亀,一般,１３２５６１１４５４,2026-07-29,2026-08-03,22,福岡,一般,　　　　　　４２２６１５,4272,大場 広孝,2026-09-14,2026-09-19,04,平和島,一般,２６３　５５５　２　１２,2026-09-01,2026-09-04,24,大村,一般,５２６　４６２,2026-08-19,2026-08-24,19,下関,一般,５４５　１５６　５　２４,2026-08-07,2026-08-11,15,丸亀,一般,４２３　４３５　２６,2026-07-29,2026-08-03,22,福岡,一般,４３２　５３４４５５６,5435,中西 月輝,2026-08-18,2026-08-23,16,児島,一般,４６３　６６６　６６３,2026-08-03,2026-08-08,17,宮島,一般,５　５転６６６　５　６６,2026-07-21,2026-07-26,23,からつ,一般,６　落６F　６　６　６,2026-06-24,2026-06-29,12,住之江,一般,６　５５６　６５６　５,2026-06-06,2026-06-10,24,大村,一般,６６６　６４５　６
202609251909,2026-09-25,19,09R,4142,平野 和明,2026-09-15,2026-09-20,14,鳴門,一般,４エ３　３１３４４　２３,2026-09-05,2026-09-11,03,江戸川,一般,３　３４３　２５２　１５,2026-08-21,2026-08-24,07,蒲郡,一般,１　２３４２[３],2026-08-10,2026-08-15,08,常滑,一般,６２２　２４２３４６２６,2026-07-28,2026-07-31,24,大村,一般,２６３　３４４,3920,正木 聖賢,2026-09-17,2026-09-20,24,大村,一般,２２３３３４５３,2026-09-09,2026-09-13,17,宮島,一般,１　３２６２４６３５,2026-08-23,2026-08-27,18,徳山,一般,４　６５６　６６６４,2026-05-26,2026-05-31,15,丸亀,ＧⅢ,２　６６２５５転,2026-05-11,2026-05-15,08,常滑,一般,５５５１４　４　４１,4769,馬場 剛,2026-09-14,2026-09-19,04,平和島,一般,３３１１５３１　２６３５,2026-08-28,2026-09-02,05,多摩川,ＧⅢ,４１６５６欠,2026-08-09,2026-08-15,03,江戸川,一般,２２５　４５１　１１２３,2026-07-27,2026-08-01,10,三国,一般,１４５　１２４３６３２１,2026-07-11,2026-07-16,03,江戸川,一般,３　１１３　２１４１[２],3681,山谷 央,2026-09-05,2026-09-10,01,桐生,一般,１　１４４５３５４不１５,2026-08-20,2026-08-25,21,芦屋,一般,１　２転５　４２５　６３,2026-08-08,2026-08-11,05,多摩川,一般,１５１５３　３３,2026-06-27,2026-07-01,02,戸田,一般,３　１４３２２５４２,2026-06-17,2026-06-22,05,多摩川,一般,４　５６５５４　５　２,5370,日隈 茜,2026-09-15,2026-09-20,14,鳴門,一般,６　２６６　５５６　５,2026-09-05,2026-09-10,04,平和島,一般,６４６　６　６６６　５,2026-08-24,2026-08-29,10,三国,一般,６６６　６　６６６　６,2026-08-10,2026-08-15,21,芦屋,一般,６　６６６　６６６　６,2026-07-28,2026-08-02,15,丸亀,一般,　　　　　　　　６　６５,4566,塩田 北斗,2026-09-12,2026-09-17,18,徳山,ＧⅠ,４　１　４４３　５１５２,2026-09-03,2026-09-08,09,津,ＧⅠ,３　１　３６２　６　５３,2026-08-24,2026-08-29,13,尼崎,一般,４２２　４３４２２１３１,2026-08-12,2026-08-17,22,福岡,一般,５５エ欠,2026-07-31,2026-08-03,20,若松,一般,３１３１３１[３]
202609251910,2026-09-25,19,10R,4051,清水 敦揮,2026-07-18,2026-07-21,20,若松,一般,６１３３３５１２,2026-07-09,2026-07-14,15,丸亀,一般,４１２　３３５４１３１２,2026-06-30,2026-07-04,19,下関,一般,２４４２４１３３５１,2026-06-17,2026-06-20,07,蒲郡,一般,２２３１２２[４],2026-05-31,2026-06-05,13,尼崎,一般,２６１３４　４４１２[３],3963,原田 秀弥,2026-09-14,2026-09-19,04,平和島,一般,６　２４１　２２３２[６],2026-08-31,2026-09-05,18,徳山,一般,２４１２３　３２２２[４],2026-08-13,2026-08-18,12,住之江,一般,１６３　４１２　１３６６,2026-08-04,2026-08-09,10,三国,一般,１１４　２４３４２３３３,2026-07-24,2026-07-27,02,戸田,一般,２３３　２５４２,5076,石原 光,2026-09-07,2026-09-12,16,児島,一般,６２１　４１２　４４４３,2026-08-21,2026-08-24,07,蒲郡,一般,１３４２１エ３,2026-08-11,2026-08-16,06,浜名湖,一般,４１４　２４２　１６１５,2026-08-03,2026-08-08,04,平和島,ＧⅢ,４　６２５５２　４４２,2026-07-24,2026-07-27,06,浜名湖,一般,５　６３１５４２,4349,犬童 千秋,2026-09-12,2026-09-17,09,津,一般,４　４１４　６６４　５５,2026-08-25,2026-08-30,17,宮島,一般,５５４　５５６　２５３６,2026-07-14,2026-07-19,21,芦屋,一般,４　２６２４５　６２３,2026-06-28,2026-07-03,20,若松,一般,１　２　２２３５４６２５,2026-06-12,2026-06-17,22,福岡,ＧⅢ,２　４４２　２６F６４,4376,藤田 靖弘,2026-09-09,2026-09-13,05,多摩川,一般,３３１　６２２６１１,2026-08-27,2026-08-31,04,平和島,一般,３　４４６３１５４６,2026-08-17,2026-08-21,13,尼崎,一般,４２１　４４１５２３,2026-08-03,2026-08-08,17,宮島,一般,６　１３１５２３１６２５,2026-07-23,2026-07-28,21,芦屋,一般,６　１３５５１５５５３,4527,高野 心吾,2026-09-04,2026-09-08,07,蒲郡,一般,４　６６２　５２１４,2026-08-20,2026-08-23,24,大村,一般,２　５４６３２,2026-08-10,2026-08-15,08,常滑,一般,６３４　３６６　２　５２,2026-07-29,2026-08-01,18,徳山,一般,２３５１２６５６,2026-07-15,2026-07-19,17,宮島,一般,５　４１４５４　６５
202609251911,2026-09-25,19,11R,3876,中辻 崇人,2026-09-14,2026-09-19,04,平和島,一般,２１２２２　１３４１[２],2026-09-04,2026-09-08,07,蒲郡,一般,１６２３２妨１１４５,2026-08-21,2026-08-26,06,浜名湖,一般,６５１　３１５５４６２１,2026-08-10,2026-08-15,21,芦屋,一般,１１１　３４３１１１[６],2026-07-29,2026-08-03,23,からつ,一般,３３１　３１１１４３１１,3757,畑 和宏,2026-09-11,2026-09-16,12,住之江,一般,４４６　１４１　１５１,2026-08-29,2026-09-03,16,児島,一般,５５５　５１２６２　２３,2026-08-17,2026-08-20,20,若松,一般,１　５４３２２５,2026-08-05,2026-08-10,14,鳴門,一般,５６３　３１４２１　１６,2026-07-24,2026-07-29,17,宮島,一般,５５２２２１２　１５１２,4551,三川 昂暁,2026-09-09,2026-09-15,20,若松,一般,３　１２５３１３２２２２[４],2026-08-28,2026-08-31,23,からつ,一般,６３４１１５５４,2026-08-20,2026-08-23,02,戸田,一般,１１４　３３F１,2026-08-10,2026-08-15,21,芦屋,一般,６３５４４　２２５　２３,2026-07-23,2026-07-27,01,桐生,一般,３１１１５３４５１２,3852,澤 大介,2026-09-05,2026-09-10,01,桐生,一般,１５４　落３５　６　３４,2026-08-24,2026-08-29,13,尼崎,一般,２４１　４４２　４５１４,2026-08-15,2026-08-20,09,津,一般,５５２　４　４４５　４４,2026-08-07,2026-08-11,15,丸亀,一般,３　１６６５４　３６,2026-07-27,2026-08-01,09,津,一般,１６１,4401,小林 泰,2026-09-11,2026-09-16,12,住之江,一般,３　３２４　２６３６１６,2026-08-30,2026-09-03,08,常滑,一般,３　２１３４３２[５],2026-08-05,2026-08-10,09,津,一般,２３２　１３３１３３２４,2026-07-23,2026-07-28,03,江戸川,ＧⅢ,５６１　１５３　１２１６,2026-07-07,2026-07-12,02,戸田,ＧⅡ,６　１　６５６　５６３,4837,酒井 陽祐,2026-09-16,2026-09-21,13,尼崎,一般,４５２　４１４　妨３６,2026-09-01,2026-09-04,24,大村,一般,４　５２４　６４,2026-08-21,2026-08-24,07,蒲郡,一般,６　１３２３４５,2026-08-10,2026-08-15,08,常滑,一般,１５３　６４２　２１２３,2026-07-27,2026-08-01,09,津,一般,３　３
202609251912,2026-09-25,19,12R,4290,稲田 浩二,2026-09-15,2026-09-20,14,鳴門,一般,１６１１２１３　３１[１],2026-08-22,2026-08-26,20,若松,一般,３３３　１１４５１５,2026-08-09,2026-08-14,13,尼崎,一般,１４５　３３３２４　４４,2026-07-28,2026-08-02,11,びわこ,ＳＧ,４　２６４　５　４２５,2026-07-13,2026-07-18,07,蒲郡,ＧⅡ,２６４　２　１２５　３６,4043,桐本 康臣,2026-09-09,2026-09-15,20,若松,一般,３５落６１　３　２５３　６１,2026-08-25,2026-08-30,17,宮島,一般,４　１４２６３５４　２６,2026-08-17,2026-08-21,13,尼崎,一般,２　２３１１４２[６],2026-08-07,2026-08-11,15,丸亀,一般,３１３４２３２３３１,2026-07-24,2026-07-27,02,戸田,一般,２　２３２４３４,4180,上野 秀和,2026-09-14,2026-09-19,04,平和島,一般,１　２３２　４５１５転４,2026-09-01,2026-09-05,13,尼崎,一般,１　５５１５５　５１,2026-08-20,2026-08-25,21,芦屋,一般,３６２１２　３３１４５４,2026-08-07,2026-08-11,15,丸亀,一般,１３２５６１１４５４,2026-07-29,2026-08-03,22,福岡,一般,　　　　　　４２２６１５,5060,数原 魁,2026-09-17,2026-09-20,24,大村,一般,１６２　１３４１,2026-09-04,2026-09-09,11,びわこ,一般,６３１　２４３３１５１３,2026-08-23,2026-08-27,18,徳山,一般,３　４４３４３　１２,2026-08-09,2026-08-14,13,尼崎,一般,３　４６５　５１３１２３,2026-07-28,2026-08-02,15,丸亀,一般,２３１　２４２　４３[５],5081,篠原 飛翔,2026-09-14,2026-09-19,04,平和島,一般,２３１　１６１　５３５３,2026-09-02,2026-09-07,22,福岡,一般,４　４３４　５１２２２１,2026-08-22,2026-08-26,20,若松,一般,４２４　３６５６３６,2026-06-26,2026-07-01,17,宮島,一般,４３６５３　４６１　４２,2026-04-29,2026-05-04,22,福岡,一般,１３２　５２転,4949,横田 貴満,2026-09-12,2026-09-17,09,津,一般,２５５　５２１　２３１,2026-08-29,2026-09-03,16,児島,一般,３　２５５５３４,2026-08-20,2026-08-23,23,からつ,一般,４２４２４３４１,2026-08-06,2026-08-10,24,大村,一般,４１３３３　５３５３,2026-07-23,2026-07-27,01,桐生,一般,５２１３１２３５２４
202609252001,2026-09-25,20,01R,5217,藤原 碧生,2026-09-13,2026-09-17,19,下関,一般,３２４３２１転３,2026-09-03,2026-09-06,02,戸田,一般,６４１４４２１３,2026-08-26,2026-08-30,14,鳴門,一般,３５１３３１２２[５],2026-07-19,2026-07-24,22,福岡,ＧⅢ,５　２４４　４５２１６５,2026-07-10,2026-07-14,09,津,一般,２５３　２５５４３２,5256,中山 翔太,2026-09-13,2026-09-18,07,蒲郡,一般,２５１４２１１２５２１６,2026-09-03,2026-09-08,09,津,ＧⅠ,６６F　４　６４６　６,2026-08-24,2026-08-29,13,尼崎,一般,４５１　４１３２１２[５],2026-07-18,2026-07-23,09,津,ＧⅢ,５　１２１　１１１　[１],2026-07-07,2026-07-12,08,常滑,一般,１２６１１２１３４１[１],5028,原田 才一郎,2026-09-07,2026-09-12,24,大村,ＧⅠ,６２６　１　１４５　２６,2026-08-30,2026-09-03,08,常滑,一般,５４１１４１３２[６],2026-08-21,2026-08-26,03,江戸川,一般,１６１　２１２１５１[４],2026-08-07,2026-08-12,20,若松,一般,１　２３３４６１２２[４],2026-07-28,2026-07-31,24,大村,一般,１４１２１１[１],4991,宗行 治哉,2026-09-09,2026-09-14,21,芦屋,一般,６３４３４　６１,2026-08-25,2026-08-30,17,宮島,一般,２１２６４４１　３３１６,2026-08-17,2026-08-21,13,尼崎,一般,１６４５５,2026-08-04,2026-08-09,10,三国,一般,３５２５４　１４２　１５,2026-07-10,2026-07-14,09,津,一般,３　１１１３１１[４],5193,米丸 乃絵,2026-09-06,2026-09-11,14,鳴門,一般,２５１　１５３１６２[６],2026-08-18,2026-08-23,16,児島,一般,２１２　２１３２１２[５],2026-08-06,2026-08-11,18,徳山,ＧⅠ,１５２　２　１４６　１２,2026-07-28,2026-08-02,15,丸亀,一般,１２１１２２３　５１[１],2026-07-19,2026-07-24,22,福岡,ＧⅢ,２１５　４２４　３　５１,5034,若林 義人,2026-09-12,2026-09-15,10,三国,一般,１転２１１２[５],2026-09-03,2026-09-08,09,津,ＧⅠ,２　６　６３４　３１４３,2026-08-20,2026-08-23,02,戸田,一般,２６３３２１１１,2026-08-11,2026-08-16,06,浜名湖,一般,１５３２３　２３１２[３],2026-07-30,2026-08-04,08,常滑,一般,１６１４５２２１５５１４
202609252002,2026-09-25,20,02R,5139,大場 恒季,2026-09-11,2026-09-16,12,住之江,一般,３　２２５　１４１２[４],2026-08-27,2026-09-01,07,蒲郡,一般,３５２１５４１３３３４３,2026-07-18,2026-07-23,09,津,ＧⅢ,３５１　１　妨５,2026-07-10,2026-07-13,19,下関,一般,１１２２５１[１],2026-06-30,2026-07-05,23,からつ,一般,２　２４１３１５１２[２],5158,宮脇 遼太,2026-09-11,2026-09-16,12,住之江,一般,２１２　２２１　２１[５],2026-08-30,2026-09-03,08,常滑,一般,４１３６４２１５４２,2026-08-20,2026-08-25,21,芦屋,一般,１５１　２６１５２６１２,2026-08-07,2026-08-12,20,若松,一般,２１１５２６３　５６２３,2026-07-19,2026-07-24,22,福岡,ＧⅢ,４２５　４２６　１１１３,5017,澤田 尚也,2026-09-12,2026-09-17,18,徳山,ＧⅠ,２　F　４４２　４　４,2026-09-03,2026-09-08,09,津,ＧⅠ,５　２　５１２　４１５２,2026-08-24,2026-08-28,15,丸亀,一般,４２３１３３３２[５],2026-08-15,2026-08-20,11,びわこ,一般,１　１５２６３１６６１５,2026-08-08,2026-08-11,05,多摩川,一般,１１１３２３[２],5196,鰐部 太空海,2026-09-13,2026-09-18,07,蒲郡,一般,６　６６４６６６６４６６,2026-09-04,2026-09-08,07,蒲郡,一般,１　５１２４１５６３,2026-08-26,2026-08-31,11,びわこ,一般,３　４５６６４　５　５４,2026-07-18,2026-07-23,09,津,ＧⅢ,５F２　３３５　５　４,2026-07-05,2026-07-09,05,多摩川,一般,３５３５落欠,5191,飛田 江己,2026-09-07,2026-09-12,24,大村,ＧⅠ,１２５　３　５４３４２５,2026-08-22,2026-08-27,22,福岡,一般,１　２５６１３１３３４１,2026-08-12,2026-08-17,02,戸田,一般,１４２１４　１１１　[４],2026-08-03,2026-08-08,19,下関,一般,１２１F３　４　３　３,2026-07-18,2026-07-23,09,津,ＧⅢ,４３５　２３２　１１１３,5088,高憧 四季,2026-09-07,2026-09-12,24,大村,ＧⅠ,６３３　４　３５３２４,2026-08-24,2026-08-29,10,三国,一般,６３４１１　１４３３５６,2026-08-06,2026-08-11,18,徳山,ＧⅠ,５　４３３４５　３　４１,2026-07-28,2026-08-02,15,丸亀,一般,３３２　１４３２３４F１,2026-07-18,2026-07-23,09,津,ＧⅢ,６　５６６６５　３
202609252003,2026-09-25,20,03R,5275,松田 淳平,2026-09-13,2026-09-18,07,蒲郡,一般,５１２　１１３１４転,2026-09-04,2026-09-09,11,びわこ,一般,４５４　４３３　２　４１,2026-08-25,2026-08-30,09,津,一般,５４２　６１２　４４４１,2026-07-18,2026-07-23,09,津,ＧⅢ,１１５　１　３６１　[４],2026-07-09,2026-07-14,15,丸亀,一般,４４１　１２４３３２[４],5234,塚越 海斗,2026-09-13,2026-09-18,07,蒲郡,一般,１２１１２２１５３１[１],2026-09-04,2026-09-09,11,びわこ,一般,２６４　４２６２１６２５,2026-08-23,2026-08-27,18,徳山,一般,３１３１１２４１[１],2026-08-11,2026-08-16,01,桐生,一般,４３３　３４１６３　１４,2026-07-30,2026-08-04,08,常滑,一般,１２５３３４１２５２[２],4938,小芦 るり華,2026-09-12,2026-09-17,08,常滑,一般,３４１１２　４４３３３１,2026-08-30,2026-09-04,06,浜名湖,ＧⅢ,５５１　１２２１３３３１,2026-08-18,2026-08-23,16,児島,一般,２６５３４４１,2026-08-06,2026-08-11,18,徳山,ＧⅠ,３５３　３　６３４　３４,2026-07-28,2026-08-02,15,丸亀,一般,２６４１２　１１１２[２],5224,西岡 顕心,2026-09-07,2026-09-12,24,大村,ＧⅠ,５　１　３４３　５F４,2026-08-25,2026-08-30,01,桐生,ＳＧ,３２３　４　６６２　２,2026-08-17,2026-08-21,15,丸亀,一般,３５３１２５２５１１,2026-08-06,2026-08-09,02,戸田,一般,１５１１３１[４],2026-07-28,2026-08-02,11,びわこ,ＳＧ,２　１６３　２３２　[４],4985,井本 昌也,2026-09-12,2026-09-17,18,徳山,ＧⅠ,３　４１４　１３５　１６,2026-08-25,2026-08-30,09,津,一般,５　５１６　１３,2026-08-15,2026-08-20,18,徳山,一般,２４１１３　３２３２[４],2026-08-03,2026-08-08,19,下関,一般,２５６１４　１１３５１３,2026-07-19,2026-07-24,22,福岡,ＧⅢ,５３１　５４２　２２４２,5042,畑田 汰一,2026-09-09,2026-09-13,05,多摩川,一般,６１３１３４２３１３,2026-08-27,2026-09-01,07,蒲郡,一般,１　３３１３F４１　２,2026-07-18,2026-07-23,09,津,ＧⅢ,２２３　５６６　１３２１,2026-07-09,2026-07-13,16,児島,一般,４１４３１２２２[１],2026-06-27,2026-07-01,02,戸田,一般,１３２１３２１６
202609252004,2026-09-25,20,04R,5218,山田 理央,2026-09-01,2026-09-06,12,住之江,一般,４　６２３６６６３　６４,2026-07-19,2026-07-24,22,福岡,ＧⅢ,４５６　３　５２６　転４,2026-07-07,2026-07-12,11,びわこ,一般,５１２３５５１３１３１６,2026-06-17,2026-06-20,07,蒲郡,一般,３　エ５１３５６,2026-06-06,2026-06-11,15,丸亀,一般,１３２３３　３４１３３１,5112,砂長 知輝,2026-09-12,2026-09-17,18,徳山,ＧⅠ,妨３２　２　１５３４２,2026-09-03,2026-09-08,09,津,ＧⅠ,６５５　２　６２５　２,2026-08-24,2026-08-29,13,尼崎,一般,２２３　３１２１４１[２],2026-08-12,2026-08-17,02,戸田,一般,４　１１１　１１４　３５,2026-07-28,2026-08-02,16,児島,一般,５６３２２１１　２６１２,5298,水谷 理人,2026-09-04,2026-09-09,11,びわこ,一般,４５２　３１２２１４１２,2026-08-28,2026-08-31,23,からつ,一般,１５２２４３４１,2026-08-17,2026-08-21,15,丸亀,一般,２２４５２１２３３１,2026-08-04,2026-08-09,12,住之江,一般,３６４　４１３２２　２２,2026-07-19,2026-07-24,22,福岡,ＧⅢ,４１４　３５１　３４１,5255,藤原 仙二,2026-09-13,2026-09-18,07,蒲郡,一般,３１３４２　５２２５１２,2026-09-04,2026-09-09,11,びわこ,一般,２　２３３１４１２１[５],2026-08-26,2026-08-31,11,びわこ,一般,１　４１５２３２４　２３,2026-07-18,2026-07-23,09,津,ＧⅢ,４１３　１２６　５　１６,2026-07-04,2026-07-09,01,桐生,一般,６　３１４３５２４６１２,5018,竹下 大樹,2026-09-13,2026-09-18,22,福岡,一般,１２３２６　３１３３３６,2026-09-04,2026-09-09,11,びわこ,一般,１４１１１　１１１１[１],2026-08-23,2026-08-27,18,徳山,一般,２３１６４２３　３２,2026-08-12,2026-08-17,22,福岡,一般,３２１３２　４１１４１２,2026-07-28,2026-07-31,24,大村,一般,３１４１２５１２,5142,常住 蓮,2026-09-12,2026-09-17,18,徳山,ＧⅠ,３６４　４６２　２２４,2026-08-28,2026-08-31,23,からつ,一般,１１２１２１[１],2026-08-20,2026-08-23,02,戸田,一般,２３３１１２１２,2026-08-09,2026-08-14,23,からつ,一般,１５２１F　２　２　２,2026-07-28,2026-08-02,15,丸亀,一般,６　２２２３１　１２[４]
202609252005,2026-09-25,20,05R,5087,佐藤 航,2026-09-05,2026-09-11,03,江戸川,一般,３　２転２　４５１　１１,2026-08-22,2026-08-27,08,常滑,ＧⅢ,１５１３２６２　４５２２,2026-08-12,2026-08-17,02,戸田,一般,６　２１３　２１２　[２],2026-08-03,2026-08-08,17,宮島,一般,１２２１１　１６２１[４],2026-07-18,2026-07-23,09,津,ＧⅢ,３F５　２３３　２　３,5278,田中 駿兵,2026-09-13,2026-09-18,11,びわこ,一般,１６２２３１１　１１[１],2026-08-25,2026-08-30,09,津,一般,１２１　２１３３５３[６],2026-07-19,2026-07-24,22,福岡,ＧⅢ,６　１５３　６１４　６６,2026-07-04,2026-07-09,01,桐生,一般,１４５１３　１６１６３１,2026-06-20,2026-06-25,15,丸亀,一般,１F３１１　３　４　２,5064,品川 二千翔,2026-09-13,2026-09-17,19,下関,一般,２３２５３３４２[５],2026-09-04,2026-09-08,07,蒲郡,一般,３１２　４１１２[３],2026-08-26,2026-08-31,11,びわこ,一般,３４１　２１３１３２[３],2026-08-11,2026-08-16,19,下関,一般,４２１５４　３２５３３４,2026-07-19,2026-07-24,22,福岡,ＧⅢ,５１６　４　２５３１３５,5043,中村 日向,2026-09-11,2026-09-16,12,住之江,一般,２２６　１１１３２３２２,2026-08-29,2026-09-03,16,児島,一般,２６２１４　１２１５１１,2026-08-17,2026-08-21,15,丸亀,一般,３１１１２１４１[３],2026-08-03,2026-08-08,17,宮島,一般,５６５４２１１　２６１６,2026-07-19,2026-07-24,22,福岡,ＧⅢ,２３３　５２１　２　[６],5217,藤原 碧生,2026-09-13,2026-09-17,19,下関,一般,３２４３２１転３,2026-09-03,2026-09-06,02,戸田,一般,６４１４４２１３,2026-08-26,2026-08-30,14,鳴門,一般,３５１３３１２２[５],2026-07-19,2026-07-24,22,福岡,ＧⅢ,５　２４４　４５２１６５,2026-07-10,2026-07-14,09,津,一般,２５３　２５５４３２,5163,清水 愛海,2026-08-25,2026-08-30,09,津,一般,６　１１１１１１１１[１],2026-08-15,2026-08-20,18,徳山,一般,１４２３１２５　３３５１,2026-07-31,2026-08-05,01,桐生,ＧⅢ,２２４２１　２３４３２,2026-07-19,2026-07-24,19,下関,ＧⅢ,F３３　２　３３２　２,2026-07-07,2026-07-12,11,びわこ,一般,２３２２２３２１２１[２]
202609252006,2026-09-25,20,06R,4983,前田 篤哉,2026-09-13,2026-09-18,11,びわこ,一般,１４５３４２１　２３１３,2026-09-01,2026-09-04,24,大村,一般,４３２１１１[２],2026-08-23,2026-08-27,18,徳山,一般,４１３１４１５１[６],2026-08-11,2026-08-16,07,蒲郡,一般,４１６５３　５,2026-07-30,2026-08-04,08,常滑,一般,５４２５２１４５４４４１,5281,井上 遥妃,2026-09-13,2026-09-17,19,下関,一般,１　１３４２２４１４,2026-08-06,2026-08-11,18,徳山,ＧⅠ,２　２４４　４　１４６,2026-07-19,2026-07-24,22,福岡,ＧⅢ,１５４　１２３　４　１４,2026-07-07,2026-07-12,11,びわこ,一般,５２１１５１３５２５１２,2026-06-24,2026-06-29,12,住之江,一般,２６４　１１１　２３２１,5196,鰐部 太空海,2026-09-13,2026-09-18,07,蒲郡,一般,６　６６４６６６６４６６,2026-09-04,2026-09-08,07,蒲郡,一般,１　５１２４１５６３,2026-08-26,2026-08-31,11,びわこ,一般,３　４５６６４　５　５４,2026-07-18,2026-07-23,09,津,ＧⅢ,５F２　３３５　５　４,2026-07-05,2026-07-09,05,多摩川,一般,３５３５落欠,5028,原田 才一郎,2026-09-07,2026-09-12,24,大村,ＧⅠ,６２６　１　１４５　２６,2026-08-30,2026-09-03,08,常滑,一般,５４１１４１３２[６],2026-08-21,2026-08-26,03,江戸川,一般,１６１　２１２１５１[４],2026-08-07,2026-08-12,20,若松,一般,１　２３３４６１２２[４],2026-07-28,2026-07-31,24,大村,一般,１４１２１１[１],5136,濱野 斗馬,2026-09-04,2026-09-09,11,びわこ,一般,４２４１２　１４２４１１,2026-08-25,2026-08-30,17,宮島,一般,２４１　１２３３１３５１,2026-08-17,2026-08-21,15,丸亀,一般,２１５２４２２２[５],2026-08-05,2026-08-10,09,津,一般,３１２４６３２　１５１２,2026-07-28,2026-07-31,24,大村,一般,２　３１１６２５,5016,宮田 龍馬,2026-09-07,2026-09-12,24,大村,ＧⅠ,６　３　２３５　１６４２,2026-08-26,2026-08-31,11,びわこ,一般,１５２１３２１　３１[１],2026-08-17,2026-08-21,13,尼崎,一般,１１１３３４１２[３],2026-08-05,2026-08-10,14,鳴門,一般,１　３５２４４２１４３２,2026-07-19,2026-07-24,22,福岡,ＧⅢ,３４１　４４５　４３３
202609252007,2026-09-25,20,07R,5280,廣瀬 凜,2026-09-13,2026-09-18,07,蒲郡,一般,２６５１２３４４２３[４],2026-09-04,2026-09-09,11,びわこ,一般,１１１２２１３　３１[４],2026-08-28,2026-09-02,05,多摩川,ＧⅢ,４１３３１２３　３２[２],2026-08-15,2026-08-20,11,びわこ,一般,３６１　１２１３２６１２,2026-07-30,2026-08-04,08,常滑,一般,１３４１３２２１４２[３],5193,米丸 乃絵,2026-09-06,2026-09-11,14,鳴門,一般,２５１　１５３１６２[６],2026-08-18,2026-08-23,16,児島,一般,２１２　２１３２１２[５],2026-08-06,2026-08-11,18,徳山,ＧⅠ,１５２　２　１４６　１２,2026-07-28,2026-08-02,15,丸亀,一般,１２１１２２３　５１[１],2026-07-19,2026-07-24,22,福岡,ＧⅢ,２１５　４２４　３　５１,5088,高憧 四季,2026-09-07,2026-09-12,24,大村,ＧⅠ,６３３　４　３５３２４,2026-08-24,2026-08-29,10,三国,一般,６３４１１　１４３３５６,2026-08-06,2026-08-11,18,徳山,ＧⅠ,５　４３３４５　３　４１,2026-07-28,2026-08-02,15,丸亀,一般,３３２　１４３２３４F１,2026-07-18,2026-07-23,09,津,ＧⅢ,６　５６６６５　３,5089,前田 翔,2026-09-07,2026-09-11,13,尼崎,一般,１５３１２２１３２２,2026-08-28,2026-09-02,05,多摩川,ＧⅢ,２３２　４１３１１１[１],2026-08-16,2026-08-19,14,鳴門,一般,１５１３５３２１,2026-08-03,2026-08-08,17,宮島,一般,１４４１２１１　３１[３],2026-07-18,2026-07-23,09,津,ＧⅢ,２　３５２　１１２　[３],5234,塚越 海斗,2026-09-13,2026-09-18,07,蒲郡,一般,１２１１２２１５３１[１],2026-09-04,2026-09-09,11,びわこ,一般,２６４　４２６２１６２５,2026-08-23,2026-08-27,18,徳山,一般,３１３１１２４１[１],2026-08-11,2026-08-16,01,桐生,一般,４３３　３４１６３　１４,2026-07-30,2026-08-04,08,常滑,一般,１２５３３４１２５２[２],5166,仲道 大輔,2026-09-13,2026-09-18,07,蒲郡,一般,２　３６３３３６１４１４,2026-08-28,2026-09-02,05,多摩川,ＧⅢ,２　２４５５１２１２[６],2026-08-16,2026-08-19,14,鳴門,一般,１３２６１５１３,2026-08-04,2026-08-09,10,三国,一般,１４４１５　３２１５２６,2026-07-18,2026-07-23,09,津,ＧⅢ,５４４　４　１３６２４
202609252008,2026-09-25,20,08R,5141,大澤 風葵,2026-09-12,2026-09-15,10,三国,一般,２５１３２４１３,2026-09-01,2026-09-05,13,尼崎,一般,６６２１３２１５２１,2026-08-22,2026-08-27,22,福岡,一般,２４１２６　１３２２[６],2026-08-11,2026-08-16,01,桐生,一般,５４２　２１６　１５２,2026-07-31,2026-08-03,20,若松,一般,４２２１２２[６],5255,藤原 仙二,2026-09-13,2026-09-18,07,蒲郡,一般,３１３４２　５２２５１２,2026-09-04,2026-09-09,11,びわこ,一般,２　２３３１４１２１[５],2026-08-26,2026-08-31,11,びわこ,一般,１　４１５２３２４　２３,2026-07-18,2026-07-23,09,津,ＧⅢ,４１３　１２６　５　１６,2026-07-04,2026-07-09,01,桐生,一般,６　３１４３５２４６１２,5029,中 亮太,2026-09-12,2026-09-15,10,三国,一般,２３２６３３３１,2026-09-01,2026-09-05,13,尼崎,一般,２１１２１３２１[５],2026-08-22,2026-08-27,08,常滑,ＧⅢ,２　４５３３４２４６１５,2026-08-10,2026-08-15,21,芦屋,一般,１４１　４１３１５５５６,2026-07-29,2026-08-01,18,徳山,一般,２１２４１１[２],4938,小芦 るり華,2026-09-12,2026-09-17,08,常滑,一般,３４１１２　４４３３３１,2026-08-30,2026-09-04,06,浜名湖,ＧⅢ,５５１　１２２１３３３１,2026-08-18,2026-08-23,16,児島,一般,２６５３４４１,2026-08-06,2026-08-11,18,徳山,ＧⅠ,３５３　３　６３４　３４,2026-07-28,2026-08-02,15,丸亀,一般,２６４１２　１１１２[２],4914,吉田 裕平,2026-09-13,2026-09-18,22,福岡,一般,１１４２１　３１２２[４],2026-09-04,2026-09-08,07,蒲郡,一般,２１２２２１４３１１,2026-07-28,2026-08-02,11,びわこ,ＳＧ,１４５　１　４２６　１５,2026-07-18,2026-07-23,09,津,ＧⅢ,３　２３１１１　１　[２],2026-07-07,2026-07-12,20,若松,ＧⅢ,１５５　４２１１１５４１,5220,青木 蓮,2026-09-11,2026-09-14,02,戸田,一般,２１２　１５[５],2026-09-01,2026-09-04,24,大村,一般,１　３落３１４３,2026-08-22,2026-08-27,08,常滑,ＧⅢ,４６４　１６,2026-08-12,2026-08-17,02,戸田,一般,３１５　１１３　３　３１,2026-07-29,2026-08-01,18,徳山,一般,２　３１２１[４]
202609252009,2026-09-25,20,09R,5018,竹下 大樹,2026-09-13,2026-09-18,22,福岡,一般,１２３２６　３１３３３６,2026-09-04,2026-09-09,11,びわこ,一般,１４１１１　１１１１[１],2026-08-23,2026-08-27,18,徳山,一般,２３１６４２３　３２,2026-08-12,2026-08-17,22,福岡,一般,３２１３２　４１１４１２,2026-07-28,2026-07-31,24,大村,一般,３１４１２５１２,5132,中野 希一,2026-09-13,2026-09-18,11,びわこ,一般,３１４１２３２　１３１F,2026-09-01,2026-09-05,13,尼崎,一般,２１４１２１１１[３],2026-08-21,2026-08-26,03,江戸川,一般,１５１　３５２３１５２４,2026-08-12,2026-08-17,02,戸田,一般,４　３２４　４３１１２６,2026-07-30,2026-08-04,08,常滑,一般,５１４１２２２１３１[４],4985,井本 昌也,2026-09-12,2026-09-17,18,徳山,ＧⅠ,３　４１４　１３５　１６,2026-08-25,2026-08-30,09,津,一般,５　５１６　１３,2026-08-15,2026-08-20,18,徳山,一般,２４１１３　３２３２[４],2026-08-03,2026-08-08,19,下関,一般,２５６１４　１１３５１３,2026-07-19,2026-07-24,22,福岡,ＧⅢ,５３１　５４２　２２４２,5191,飛田 江己,2026-09-07,2026-09-12,24,大村,ＧⅠ,１２５　３　５４３４２５,2026-08-22,2026-08-27,22,福岡,一般,１　２５６１３１３３４１,2026-08-12,2026-08-17,02,戸田,一般,１４２１４　１１１　[４],2026-08-03,2026-08-08,19,下関,一般,１２１F３　４　３　３,2026-07-18,2026-07-23,09,津,ＧⅢ,４３５　２３２　１１１３,5256,中山 翔太,2026-09-13,2026-09-18,07,蒲郡,一般,２５１４２１１２５２１６,2026-09-03,2026-09-08,09,津,ＧⅠ,６６F　４　６４６　６,2026-08-24,2026-08-29,13,尼崎,一般,４５１　４１３２１２[５],2026-07-18,2026-07-23,09,津,ＧⅢ,５　１２１　１１１　[１],2026-07-07,2026-07-12,08,常滑,一般,１２６１１２１３４１[１],5278,田中 駿兵,2026-09-13,2026-09-18,11,びわこ,一般,１６２２３１１　１１[１],2026-08-25,2026-08-30,09,津,一般,１２１　２１３３５３[６],2026-07-19,2026-07-24,22,福岡,ＧⅢ,６　１５３　６１４　６６,2026-07-04,2026-07-09,01,桐生,一般,１４５１３　１６１６３１,2026-06-20,2026-06-25,15,丸亀,一般,１F３１１　３　４　２
202609252010,2026-09-25,20,10R,5224,西岡 顕心,2026-09-07,2026-09-12,24,大村,ＧⅠ,５　１　３４３　５F４,2026-08-25,2026-08-30,01,桐生,ＳＧ,３２３　４　６６２　２,2026-08-17,2026-08-21,15,丸亀,一般,３５３１２５２５１１,2026-08-06,2026-08-09,02,戸田,一般,１５１１３１[４],2026-07-28,2026-08-02,11,びわこ,ＳＧ,２　１６３　２３２　[４],5016,宮田 龍馬,2026-09-07,2026-09-12,24,大村,ＧⅠ,６　３　２３５　１６４２,2026-08-26,2026-08-31,11,びわこ,一般,１５２１３２１　３１[１],2026-08-17,2026-08-21,13,尼崎,一般,１１１３３４１２[３],2026-08-05,2026-08-10,14,鳴門,一般,１　３５２４４２１４３２,2026-07-19,2026-07-24,22,福岡,ＧⅢ,３４１　４４５　４３３,5034,若林 義人,2026-09-12,2026-09-15,10,三国,一般,１転２１１２[５],2026-09-03,2026-09-08,09,津,ＧⅠ,２　６　６３４　３１４３,2026-08-20,2026-08-23,02,戸田,一般,２６３３２１１１,2026-08-11,2026-08-16,06,浜名湖,一般,１５３２３　２３１２[３],2026-07-30,2026-08-04,08,常滑,一般,１６１４５２２１５５１４,4857,加藤 翔馬,2026-09-13,2026-09-17,19,下関,一般,１６３１３１４４１３,2026-09-03,2026-09-08,09,津,ＧⅠ,６５３　４　１５３３２,2026-08-21,2026-08-26,03,江戸川,一般,１３４　３１２　１１２３,2026-08-09,2026-08-14,13,尼崎,一般,６３４１２　２３６　落不,2026-07-29,2026-08-03,23,からつ,一般,２４１　１３１１５１[５],5112,砂長 知輝,2026-09-12,2026-09-17,18,徳山,ＧⅠ,妨３２　２　１５３４２,2026-09-03,2026-09-08,09,津,ＧⅠ,６５５　２　６２５　２,2026-08-24,2026-08-29,13,尼崎,一般,２２３　３１２１４１[２],2026-08-12,2026-08-17,02,戸田,一般,４　１１１　１１４　３５,2026-07-28,2026-08-02,16,児島,一般,５６３２２１１　２６１２,5043,中村 日向,2026-09-11,2026-09-16,12,住之江,一般,２２６　１１１３２３２２,2026-08-29,2026-09-03,16,児島,一般,２６２１４　１２１５１１,2026-08-17,2026-08-21,15,丸亀,一般,３１１１２１４１[３],2026-08-03,2026-08-08,17,宮島,一般,５６５４２１１　２６１６,2026-07-19,2026-07-24,22,福岡,ＧⅢ,２３３　５２１　２　[６]
202609252011,2026-09-25,20,11R,4939,宮之原 輝紀,2026-09-12,2026-09-17,18,徳山,ＧⅠ,３　２１３　５２４　１６,2026-09-03,2026-09-08,09,津,ＧⅠ,２　５１６,2026-08-25,2026-08-30,01,桐生,ＳＧ,１４５　１　３６５　２５,2026-08-15,2026-08-20,05,多摩川,一般,１　１１１１１１５１[１],2026-08-03,2026-08-08,04,平和島,ＧⅢ,１５２１１１１　６２[転],5042,畑田 汰一,2026-09-09,2026-09-13,05,多摩川,一般,６１３１３４２３１３,2026-08-27,2026-09-01,07,蒲郡,一般,１　３３１３F４１　２,2026-07-18,2026-07-23,09,津,ＧⅢ,２２３　５６６　１３２１,2026-07-09,2026-07-13,16,児島,一般,４１４３１２２２[１],2026-06-27,2026-07-01,02,戸田,一般,１３２１３２１６,5145,島川 海輝,2026-09-13,2026-09-18,07,蒲郡,一般,１４６　１６１　１５１１,2026-09-03,2026-09-06,02,戸田,一般,３１２　５３６２,2026-08-23,2026-08-27,18,徳山,一般,２５２　１１６１[４],2026-08-11,2026-08-16,19,下関,一般,４　６１４３１　２６５６,2026-07-30,2026-08-04,08,常滑,一般,６　２２４３１　３４１３,5257,西丸 侑太朗,2026-08-31,2026-09-05,18,徳山,一般,４５１　１６１３４３３１,2026-08-24,2026-08-28,15,丸亀,一般,４１２２２４５２[４],2026-08-17,2026-08-21,15,丸亀,一般,２３４２３４３６５３,2026-08-05,2026-08-10,09,津,一般,１６１１６　１１４１[２],2026-07-28,2026-07-31,24,大村,一般,１４２　２４１４,5087,佐藤 航,2026-09-05,2026-09-11,03,江戸川,一般,３　２転２　４５１　１１,2026-08-22,2026-08-27,08,常滑,ＧⅢ,１５１３２６２　４５２２,2026-08-12,2026-08-17,02,戸田,一般,６　２１３　２１２　[２],2026-08-03,2026-08-08,17,宮島,一般,１２２１１　１６２１[４],2026-07-18,2026-07-23,09,津,ＧⅢ,３F５　２３３　２　３,5330,安河内鈴之介,2026-09-13,2026-09-18,07,蒲郡,一般,３１３６３　２　４１３２,2026-09-03,2026-09-06,02,戸田,一般,１２３１１　[５],2026-08-24,2026-08-29,13,尼崎,一般,１５６　３１２　６１[４],2026-08-10,2026-08-15,21,芦屋,一般,１　５６４１３３１２[２],2026-07-19,2026-07-24,22,福岡,ＧⅢ,３５３　１　３３５　２２
202609252012,2026-09-25,20,12R,5045,平川 香織,2026-09-12,2026-09-15,10,三国,一般,１３１２３４５,2026-08-06,2026-08-11,18,徳山,ＧⅠ,４　３２１　３　３　２３,2026-07-27,2026-07-31,19,下関,一般,３　５３１２１２４,2026-07-18,2026-07-23,09,津,ＧⅢ,４　２１４　転３１４３,2026-07-07,2026-07-12,11,びわこ,一般,１３３３２　１４４３２２,5017,澤田 尚也,2026-09-12,2026-09-17,18,徳山,ＧⅠ,２　F　４４２　４　４,2026-09-03,2026-09-08,09,津,ＧⅠ,５　２　５１２　４１５２,2026-08-24,2026-08-28,15,丸亀,一般,４２３１３３３２[５],2026-08-15,2026-08-20,11,びわこ,一般,１　１５２６３１６６１５,2026-08-08,2026-08-11,05,多摩川,一般,１１１３２３[２],4994,山本 梨菜,2026-09-13,2026-09-17,19,下関,一般,４　３４４６１３４１,2026-08-30,2026-09-04,06,浜名湖,ＧⅢ,３２転４４　１３２　５４,2026-08-18,2026-08-23,16,児島,一般,２１２１３　５４３F２,2026-08-06,2026-08-11,18,徳山,ＧⅠ,５　３１５　エ　６２４,2026-07-28,2026-08-02,15,丸亀,一般,４２５３４５４　１　５,5092,篠原 晟弥,2026-08-12,2026-08-17,22,福岡,一般,５６２　２５４３１　３２,2026-07-30,2026-08-04,08,常滑,一般,２１３５５　３２１３４１,2026-07-19,2026-07-24,22,福岡,ＧⅢ,５２３　６　４４６２２,2026-06-30,2026-07-05,16,児島,ＧⅡ,３　２４５　１　F　５,2026-06-17,2026-06-22,13,尼崎,一般,２１２６１２２　２４６４,5222,津田 陸翔,2026-09-13,2026-09-18,07,蒲郡,一般,３４２１３３１５２３[２],2026-09-04,2026-09-09,11,びわこ,一般,１　１５１３５１２２[３],2026-08-25,2026-08-30,17,宮島,一般,２　２２２５２１５５１５,2026-08-14,2026-08-19,17,宮島,一般,５６１５３１３　２６１２,2026-07-30,2026-08-04,08,常滑,一般,１　５２６１２３１２[６],5066,鈴木 孝明,2026-09-11,2026-09-15,06,浜名湖,一般,１６１１４４１５２５,2026-08-28,2026-09-02,05,多摩川,ＧⅢ,３４４３１　１３１４２１,2026-08-12,2026-08-17,02,戸田,一般,２４１　３４４　６　１３,2026-07-30,2026-08-04,08,常滑,一般,４５３１２２２６３３２３,2026-07-18,2026-07-23,09,津,ＧⅢ,１４１　３　２４３　２１
202609252101,2026-09-25,21,01R,4313,西村 美智子,2026-09-13,2026-09-18,22,福岡,一般,３　５５３３４６３　１５,2026-08-30,2026-09-04,06,浜名湖,ＧⅢ,６５３２F６４　３　２,2026-08-17,2026-08-21,15,丸亀,一般,２　４６１１３４２５,2026-08-06,2026-08-11,18,徳山,ＧⅠ,２　転　４６６　５５２,2026-07-27,2026-07-31,19,下関,一般,５　４６１４６６１,5182,宮崎 安奈,2026-09-12,2026-09-17,08,常滑,一般,５１５４５４４　５４５５,2026-08-12,2026-08-17,02,戸田,一般,６３６　５６６　６１１,2026-07-31,2026-08-05,01,桐生,ＧⅢ,２１６６３　４４１６２４,2026-07-18,2026-07-23,09,津,ＧⅢ,６　５３６　６　２２６３,2026-07-07,2026-07-12,11,びわこ,一般,５　５４２　５２３５４,4924,中北 涼,2026-09-07,2026-09-12,16,児島,一般,５３５　３５４　５４３,2026-08-24,2026-08-29,10,三国,一般,４５４　６　５６３　６,2026-08-12,2026-08-17,24,大村,ＧⅢ,２３３　２３２２４　４,2026-07-28,2026-08-02,15,丸亀,一般,６４５　６６１　５　４６,2026-07-07,2026-07-12,11,びわこ,一般,４３３　５３４　６５２２,5164,森田 梨湖,2026-09-05,2026-09-10,04,平和島,一般,５　３２３６６　１　２５,2026-08-18,2026-08-23,16,児島,一般,５　５５６,2026-07-28,2026-08-02,15,丸亀,一般,５　４５４　６５４　４,2026-07-19,2026-07-24,19,下関,ＧⅢ,４６５　４６６　５　６５,2026-05-24,2026-05-29,24,大村,一般,４　６６３　３４４　５５,5342,原村 百那,2026-09-06,2026-09-11,14,鳴門,一般,６４転　４　５６４　５２,2026-08-24,2026-08-29,10,三国,一般,３５４　６　５５６　４,2026-08-12,2026-08-17,24,大村,ＧⅢ,６４６　５５６　６　６５,2026-07-28,2026-08-02,15,丸亀,一般,５６６　１５４　６　４６,2026-07-19,2026-07-24,19,下関,ＧⅢ,６６２　２４３　２４４,3474,松瀬 弘美,2026-09-12,2026-09-15,10,三国,一般,６　６４６　６６,2026-08-30,2026-09-04,06,浜名湖,ＧⅢ,２６３　１５３　４３２１,2026-08-12,2026-08-17,24,大村,ＧⅢ,２３４　４２５　３３４,2026-07-31,2026-08-05,01,桐生,ＧⅢ,３５３　１２２　２６１２,2026-07-10,2026-07-15,06,浜名湖,一般,５　６５４　６５４　１
202609252102,2026-09-25,21,02R,4964,土屋 南,2026-09-12,2026-09-17,08,常滑,一般,１５２１１　３１２１[１],2026-08-18,2026-08-23,16,児島,一般,２４３　４６２２５１４３,2026-08-06,2026-08-11,18,徳山,ＧⅠ,３　２６２　１　３　２４,2026-07-19,2026-07-24,19,下関,ＧⅢ,５　３３２１４　３５１４,2026-07-07,2026-07-12,11,びわこ,一般,１４３２４１１　３２[３],4990,田中 博子,2026-08-24,2026-08-29,10,三国,一般,３　３５転６４　４　５,2026-07-31,2026-08-05,01,桐生,ＧⅢ,１　５６３　６２４５４,2026-07-13,2026-07-18,13,尼崎,ＧⅢ,５　２３５６１　５６６３,2026-06-18,2026-06-21,20,若松,一般,４５６６２　４,2026-05-24,2026-05-29,24,大村,一般,１　６４５　５５４　４５,5272,松田 真実,2026-09-12,2026-09-17,08,常滑,一般,１６３３２　５２５５１３,2026-08-25,2026-08-30,09,津,一般,４　２４３　４４２４６１,2026-08-12,2026-08-17,24,大村,ＧⅢ,１　１６４　２３１２[６],2026-07-19,2026-07-24,19,下関,ＧⅢ,１　３６３４４　５６４６,2026-07-01,2026-07-06,07,蒲郡,一般,１５２　６４３　６４１,3435,寺田 千恵,2026-09-13,2026-09-18,11,びわこ,一般,１３４　３２２５２２[４],2026-08-18,2026-08-23,16,児島,一般,３２４４２　４１１２[４],2026-08-06,2026-08-11,18,徳山,ＧⅠ,４３６　４　２５２　５,2026-07-23,2026-07-28,21,芦屋,一般,２４４　１４５３４５３,2026-07-13,2026-07-18,13,尼崎,ＧⅢ,３１４　３３２５１５２６,5440,薗頭 心,2026-09-06,2026-09-11,14,鳴門,一般,６　６　５６６　６６６６,2026-08-09,2026-08-14,13,尼崎,一般,６　５　６６６　６６６,2026-07-28,2026-08-02,16,児島,一般,６６６　６　６６６４６,2026-07-13,2026-07-18,13,尼崎,ＧⅢ,６２６　６　５６４　５,2026-06-10,2026-06-13,14,鳴門,一般,４６６　６　４６,4484,稲生 夏季,2026-09-09,2026-09-15,20,若松,一般,６　６４１３２３２３４６４３,2026-08-30,2026-09-04,06,浜名湖,ＧⅢ,４　３３２４２　１５３５,2026-08-11,2026-08-16,04,平和島,一般,２６６　５　４５３　４３,2026-07-19,2026-07-24,19,下関,ＧⅢ,３３２　３４１６２５２６,2026-07-09,2026-07-13,14,鳴門,一般,２６４　３１１３３４
202609252103,2026-09-25,21,03R,5188,武井 莉里佳,2026-09-12,2026-09-17,08,常滑,一般,１２２　４１３２４２[４],2026-08-30,2026-09-04,06,浜名湖,ＧⅢ,１１２４１２３　４１[２],2026-08-18,2026-08-23,16,児島,一般,３５１　１３３４４５１１,2026-08-06,2026-08-11,18,徳山,ＧⅠ,３　３　３５５　２３３,2026-07-19,2026-07-24,22,福岡,ＧⅢ,４　５５６　１６４２５,4246,喜多 那由夏,2026-09-13,2026-09-18,11,びわこ,一般,５４,2026-08-30,2026-09-04,06,浜名湖,ＧⅢ,４６１　２６３　３６６５,2026-08-12,2026-08-17,24,大村,ＧⅢ,４　５４６　１６５５３,2026-07-28,2026-08-02,16,児島,一般,６４６　４３５　５２４５,2026-07-14,2026-07-19,01,桐生,一般,６　６６５　５６４　２,4050,田口 節子,2026-09-06,2026-09-11,14,鳴門,一般,５２１３１１４　２１[４],2026-08-18,2026-08-23,16,児島,一般,３　１１２３２１２１[３],2026-08-06,2026-08-11,18,徳山,ＧⅠ,２　１１５４５　４　５１,2026-07-19,2026-07-24,19,下関,ＧⅢ,１１１　落１１２１２[１],2026-07-07,2026-07-12,11,びわこ,一般,３１４１１２１１２１[１],4965,福岡 泉水,2026-09-06,2026-09-11,14,鳴門,一般,F６４　６　５　６　４,2026-08-18,2026-08-23,16,児島,一般,４　４５４　３５５　４３,2026-08-09,2026-08-14,13,尼崎,一般,２５１　３　４４１３４６,2026-07-31,2026-08-05,01,桐生,ＧⅢ,２　２２６３４５４４２４,2026-07-13,2026-07-18,13,尼崎,ＧⅢ,１　４５５４５　３　６１,4347,魚谷 香織,2026-09-06,2026-09-11,14,鳴門,一般,２　１３４２３２１６１５,2026-08-28,2026-08-31,23,からつ,一般,２６４３１　１６,2026-08-06,2026-08-11,18,徳山,ＧⅠ,６　１５６　５　３４１,2026-07-24,2026-07-27,06,浜名湖,一般,３　２３６３１１,2026-07-13,2026-07-18,13,尼崎,ＧⅢ,１　３３３１５１１２[３],4317,木村 紗友希,2026-09-12,2026-09-15,10,三国,一般,１３２　６３２１,2026-08-30,2026-09-04,06,浜名湖,ＧⅢ,６３２　４６４　１４１４,2026-08-11,2026-08-16,06,浜名湖,一般,６４５　５６１　３　３１,2026-07-22,2026-07-26,08,常滑,一般,４６３　２１２３４４,2026-07-10,2026-07-15,06,浜名湖,一般,５　５４１　３４４４５６
202609252104,2026-09-25,21,04R,4885,大山 千広,2026-09-17,2026-09-20,24,大村,一般,１２３３４１[６],2026-09-06,2026-09-11,14,鳴門,一般,２１１３１　３３４１[１],2026-08-24,2026-08-29,10,三国,一般,２　１４２４１３１１[１],2026-08-10,2026-08-15,21,芦屋,一般,２５３１４　１５３６２,2026-07-31,2026-08-05,01,桐生,ＧⅢ,２　１１３２１１３１[１],5296,永田 楽,2026-09-12,2026-09-17,08,常滑,一般,３４転,2026-08-29,2026-09-03,19,下関,一般,６３６　４６５　６　６５,2026-07-07,2026-07-12,11,びわこ,一般,４３６　３　２５５４５,2026-06-06,2026-06-11,15,丸亀,一般,３　４６２　６４３　１２,2026-05-27,2026-06-01,08,常滑,一般,６６１　６６４　５　３５,4974,安井 瑞紀,2026-09-13,2026-09-18,11,びわこ,一般,２６５　２４３１６４２５,2026-09-06,2026-09-11,14,鳴門,一般,１４４２１１４　３３１１,2026-08-28,2026-08-31,23,からつ,一般,１３４　１６５５,2026-08-18,2026-08-23,16,児島,一般,４１６　１３５１１６６４,2026-08-06,2026-08-11,18,徳山,ＧⅠ,６　６　６１３　１２５,4900,中田 夕貴,2026-09-13,2026-09-17,19,下関,一般,５６３６２　１　５２,2026-09-06,2026-09-11,14,鳴門,一般,４　２５２５１　５３２,2026-08-30,2026-09-04,06,浜名湖,ＧⅢ,３　１２２４１２５６１６,2026-08-12,2026-08-17,02,戸田,一般,６１６　２５６　４６５４,2026-07-31,2026-08-04,13,尼崎,一般,１６３　４４２　３２,5227,川原 愛未,2026-09-13,2026-09-17,19,下関,一般,５　４２２１２　１落,2026-08-24,2026-08-29,10,三国,一般,５　４５２　３　４３２３,2026-07-23,2026-07-28,21,芦屋,一般,６５３　６　５５５　６１,2026-07-05,2026-07-09,24,大村,一般,６４５　６１５　６５,2026-06-18,2026-06-21,20,若松,一般,６６６１６　６,5155,内山 七海,2026-09-12,2026-09-17,08,常滑,一般,４６２２６　２４１２３５,2026-09-02,2026-09-06,17,宮島,一般,２１１６４　４６４４,2026-08-24,2026-08-29,10,三国,一般,１エ１　１２５２１４１６,2026-08-06,2026-08-11,18,徳山,ＧⅠ,６　１　４落３　４３１,2026-07-19,2026-07-24,22,福岡,ＧⅢ,４　３４２　１６
202609252105,2026-09-25,21,05R,4530,小野 生奈,2026-09-06,2026-09-11,14,鳴門,一般,１　３１２２１１３１[２],2026-08-25,2026-08-30,09,津,一般,２１２　１１１１５１[２],2026-08-06,2026-08-11,18,徳山,ＧⅠ,４　５６５５１　６２３,2026-07-25,2026-07-29,20,若松,一般,６　２１２１２２[２],2026-07-13,2026-07-18,13,尼崎,ＧⅢ,３２３１４　３２２２[４],5358,増本 杏珠,2026-09-07,2026-09-12,16,児島,一般,６　３６４　６４５　２３,2026-08-24,2026-08-29,10,三国,一般,４　５　２５４　２５３,2026-08-12,2026-08-17,24,大村,ＧⅢ,５３４５４　２　５４５,2026-08-03,2026-08-08,17,宮島,一般,６４４　６　５６６　６６,2026-07-25,2026-07-29,20,若松,一般,５　６６６４４４２,4510,坂本 奈央,2026-08-30,2026-09-04,06,浜名湖,ＧⅢ,６　４４６　３　５　２５,2026-07-28,2026-08-02,15,丸亀,一般,６　２５５６６,2026-06-12,2026-06-17,22,福岡,ＧⅢ,６　２５４　２２６　６５,2026-05-25,2026-05-30,17,宮島,一般,２　６５６　６５６２６,2026-05-10,2026-05-15,16,児島,一般,４　６６６　５６５　３６,4243,西村 歩,2026-09-17,2026-09-20,24,大村,一般,４　４２６１３６,2026-08-06,2026-08-11,18,徳山,ＧⅠ,２　３　５２６　６６６,2026-07-27,2026-07-31,19,下関,一般,４２３　２１２４３３,2026-07-13,2026-07-18,13,尼崎,ＧⅢ,５１１　５２３　２４２５,2026-06-24,2026-06-29,12,住之江,一般,２　１６３　２６１６４５,4240,今井 裕梨,2026-09-05,2026-09-10,04,平和島,一般,５２５　５５４１４　１１,2026-08-24,2026-08-29,10,三国,一般,４４３１１４２　３３５１,2026-08-11,2026-08-16,01,桐生,一般,２１１　４２４３４　１３,2026-07-31,2026-08-05,01,桐生,ＧⅢ,２６５　１１１３１５３３,2026-07-24,2026-07-27,06,浜名湖,一般,２６１　５６５３,3232,山川 美由紀,2026-09-12,2026-09-17,08,常滑,一般,３４３４５１３　４１１２,2026-08-30,2026-09-04,06,浜名湖,ＧⅢ,４１１　２５３４１６１４,2026-08-06,2026-08-11,18,徳山,ＧⅠ,６　４５６　４　３１２,2026-06-30,2026-07-05,23,からつ,一般,５５３５２　６　５　３,2026-06-21,2026-06-24,19,下関,一般,６３１４３　５１
202609252106,2026-09-25,21,06R,3579,中里 優子,2026-08-30,2026-09-04,06,浜名湖,ＧⅢ,１２３　２３２４２４５４,2026-08-12,2026-08-17,24,大村,ＧⅢ,６　２４５４４　３　２１,2026-07-07,2026-07-12,08,常滑,一般,４　１５６　５転,2026-06-28,2026-07-01,10,三国,一般,５１４　４２６３,2026-06-14,2026-06-18,01,桐生,一般,５４４　２　３３６６,5129,山口 真喜子,2026-09-12,2026-09-17,08,常滑,一般,６　３２３１２３１３２３,2026-08-25,2026-08-30,17,宮島,一般,３５３　３２２４３６２４,2026-08-12,2026-08-17,24,大村,ＧⅢ,１２５６４５１　２３１２,2026-07-31,2026-08-05,01,桐生,ＧⅢ,１　５１２５１２５　１５,2026-07-19,2026-07-24,19,下関,ＧⅢ,５　３４１２６　１２６４,5342,原村 百那,2026-09-06,2026-09-11,14,鳴門,一般,６４転　４　５６４　５２,2026-08-24,2026-08-29,10,三国,一般,３５４　６　５５６　４,2026-08-12,2026-08-17,24,大村,ＧⅢ,６４６　５５６　６　６５,2026-07-28,2026-08-02,15,丸亀,一般,５６６　１５４　６　４６,2026-07-19,2026-07-24,19,下関,ＧⅢ,６６２　２４３　２４４,5230,石原 凪紗,2026-09-12,2026-09-17,08,常滑,一般,１４４４２３３　１４５,2026-08-24,2026-08-29,10,三国,一般,２４５　４　６６５　３,2026-08-11,2026-08-16,07,蒲郡,一般,４５４　５　１５５　２６,2026-07-31,2026-08-05,05,多摩川,一般,６５１　４５４　４４１,2026-07-19,2026-07-24,19,下関,ＧⅢ,６３２　２３２　１４１２,4990,田中 博子,2026-08-24,2026-08-29,10,三国,一般,３　３５転６４　４　５,2026-07-31,2026-08-05,01,桐生,ＧⅢ,１　５６３　６２４５４,2026-07-13,2026-07-18,13,尼崎,ＧⅢ,５　２３５６１　５６６３,2026-06-18,2026-06-21,20,若松,一般,４５６６２　４,2026-05-24,2026-05-29,24,大村,一般,１　６４５　５５４　４５,4433,川野 芽唯,2026-09-12,2026-09-17,08,常滑,一般,３２１　１３１４３４１２,2026-08-30,2026-09-04,06,浜名湖,ＧⅢ,１３４２１　５１３３２１,2026-08-17,2026-08-20,20,若松,一般,３３３１４２[５],2026-08-06,2026-08-11,18,徳山,ＧⅠ,３　１１２２２　１　[１],2026-07-28,2026-08-02,15,丸亀,一般,４１１　３１３１３１[４]
202609252107,2026-09-25,21,07R,4525,真子 奈津実,2026-09-05,2026-09-10,04,平和島,一般,１　４５３４３　５２３,2026-08-18,2026-08-23,16,児島,一般,２１４　５５１　１４１５,2026-07-28,2026-07-31,24,大村,一般,２　２５５５４,2026-07-19,2026-07-24,19,下関,ＧⅢ,３４２　６６３　４３６,2026-06-28,2026-07-03,20,若松,一般,５　２５４　３３４　３１,4897,深見 亜由美,2026-09-12,2026-09-17,08,常滑,一般,４３４　３２６４３　３３,2026-08-24,2026-08-29,10,三国,一般,３　２３４５５　２　５６,2026-08-11,2026-08-16,07,蒲郡,一般,１５５　５６３　３　２４,2026-07-19,2026-07-24,19,下関,ＧⅢ,６２３　１６５　５４３,2026-07-09,2026-07-13,14,鳴門,一般,４　４６５４４　５３,5153,佐藤 ほのか,2026-09-06,2026-09-11,14,鳴門,一般,４　３６６　４６４　４４,2026-08-27,2026-08-31,04,平和島,一般,５　３５２　２３４３,2026-08-11,2026-08-16,01,桐生,一般,５　６５５　３　６４６,2026-07-31,2026-08-05,05,多摩川,一般,３５６　６６６　５　５５,2026-07-24,2026-07-27,06,浜名湖,一般,４５４３５　４４,4924,中北 涼,2026-09-07,2026-09-12,16,児島,一般,５３５　３５４　５４３,2026-08-24,2026-08-29,10,三国,一般,４５４　６　５６３　６,2026-08-12,2026-08-17,24,大村,ＧⅢ,２３３　２３２２４　４,2026-07-28,2026-08-02,15,丸亀,一般,６４５　６６１　５　４６,2026-07-07,2026-07-12,11,びわこ,一般,４３３　５３４　６５２２,4998,中村 かなえ,2026-09-17,2026-09-20,24,大村,一般,２　６１１５６２,2026-09-05,2026-09-10,04,平和島,一般,４　１２５３１　２１[５],2026-08-18,2026-08-23,16,児島,一般,エ　２４３５５　６６２２,2026-08-03,2026-08-08,17,宮島,一般,５２２　５２２４６５１５,2026-07-03,2026-07-08,13,尼崎,一般,２　３３３６４　３５４１,5440,薗頭 心,2026-09-06,2026-09-11,14,鳴門,一般,６　６　５６６　６６６６,2026-08-09,2026-08-14,13,尼崎,一般,６　５　６６６　６６６,2026-07-28,2026-08-02,16,児島,一般,６６６　６　６６６４６,2026-07-13,2026-07-18,13,尼崎,ＧⅢ,６２６　６　５６４　５,2026-06-10,2026-06-13,14,鳴門,一般,４６６　６　４６
202609252108,2026-09-25,21,08R,4965,福岡 泉水,2026-09-06,2026-09-11,14,鳴門,一般,F６４　６　５　６　４,2026-08-18,2026-08-23,16,児島,一般,４　４５４　３５５　４３,2026-08-09,2026-08-14,13,尼崎,一般,２５１　３　４４１３４６,2026-07-31,2026-08-05,01,桐生,ＧⅢ,２　２２６３４５４４２４,2026-07-13,2026-07-18,13,尼崎,ＧⅢ,１　４５５４５　３　６１,4313,西村 美智子,2026-09-13,2026-09-18,22,福岡,一般,３　５５３３４６３　１５,2026-08-30,2026-09-04,06,浜名湖,ＧⅢ,６５３２F６４　３　２,2026-08-17,2026-08-21,15,丸亀,一般,２　４６１１３４２５,2026-08-06,2026-08-11,18,徳山,ＧⅠ,２　転　４６６　５５２,2026-07-27,2026-07-31,19,下関,一般,５　４６１４６６１,5365,石村 日奈那,2026-09-12,2026-09-17,08,常滑,一般,６５４　５６３６４　４６,2026-08-25,2026-08-30,09,津,一般,５　５１４　６５４　３２,2026-08-11,2026-08-16,04,平和島,一般,５６５　１　２６２５２,2026-07-31,2026-08-04,13,尼崎,一般,５　１５４　５６２６,2026-06-24,2026-06-29,12,住之江,一般,５４６　５５２　４　２５,4484,稲生 夏季,2026-09-09,2026-09-15,20,若松,一般,６　６４１３２３２３４６４３,2026-08-30,2026-09-04,06,浜名湖,ＧⅢ,４　３３２４２　１５３５,2026-08-11,2026-08-16,04,平和島,一般,２６６　５　４５３　４３,2026-07-19,2026-07-24,19,下関,ＧⅢ,３３２　３４１６２５２６,2026-07-09,2026-07-13,14,鳴門,一般,２６４　３１１３３４,5296,永田 楽,2026-09-12,2026-09-17,08,常滑,一般,３４転,2026-08-29,2026-09-03,19,下関,一般,６３６　４６５　６　６５,2026-07-07,2026-07-12,11,びわこ,一般,４３６　３　２５５４５,2026-06-06,2026-06-11,15,丸亀,一般,３　４６２　６４３　１２,2026-05-27,2026-06-01,08,常滑,一般,６６１　６６４　５　３５,4208,三浦 永理,2026-09-12,2026-09-17,08,常滑,一般,１１６　４２１１３１[３],2026-08-30,2026-09-04,06,浜名湖,ＧⅢ,２２１１２１４　５１[６],2026-08-18,2026-08-23,16,児島,一般,１　１３３１１３２１[２],2026-08-06,2026-08-11,18,徳山,ＧⅠ,１１６　６　３３１　２５,2026-07-25,2026-07-30,04,平和島,一般,２　３２３１２１２２[２]
202609252109,2026-09-25,21,09R,4900,中田 夕貴,2026-09-13,2026-09-17,19,下関,一般,５６３６２　１　５２,2026-09-06,2026-09-11,14,鳴門,一般,４　２５２５１　５３２,2026-08-30,2026-09-04,06,浜名湖,ＧⅢ,３　１２２４１２５６１６,2026-08-12,2026-08-17,02,戸田,一般,６１６　２５６　４６５４,2026-07-31,2026-08-04,13,尼崎,一般,１６３　４４２　３２,4347,魚谷 香織,2026-09-06,2026-09-11,14,鳴門,一般,２　１３４２３２１６１５,2026-08-28,2026-08-31,23,からつ,一般,２６４３１　１６,2026-08-06,2026-08-11,18,徳山,ＧⅠ,６　１５６　５　３４１,2026-07-24,2026-07-27,06,浜名湖,一般,３　２３６３１１,2026-07-13,2026-07-18,13,尼崎,ＧⅢ,１　３３３１５１１２[３],5164,森田 梨湖,2026-09-05,2026-09-10,04,平和島,一般,５　３２３６６　１　２５,2026-08-18,2026-08-23,16,児島,一般,５　５５６,2026-07-28,2026-08-02,15,丸亀,一般,５　４５４　６５４　４,2026-07-19,2026-07-24,19,下関,ＧⅢ,４６５　４６６　５　６５,2026-05-24,2026-05-29,24,大村,一般,４　６６３　３４４　５５,3470,新田 芳美,2026-09-06,2026-09-11,14,鳴門,一般,２４２　４５１　５４２５,2026-08-17,2026-08-20,20,若松,一般,３４６３３　５,2026-07-31,2026-08-05,01,桐生,ＧⅢ,６４１　４５４　６２４,2026-07-13,2026-07-18,13,尼崎,ＧⅢ,４５４　６落,2026-06-25,2026-06-29,18,徳山,一般,１４２　１３３５１３,5358,増本 杏珠,2026-09-07,2026-09-12,16,児島,一般,６　３６４　６４５　２３,2026-08-24,2026-08-29,10,三国,一般,４　５　２５４　２５３,2026-08-12,2026-08-17,24,大村,ＧⅢ,５３４５４　２　５４５,2026-08-03,2026-08-08,17,宮島,一般,６４４　６　５６６　６６,2026-07-25,2026-07-29,20,若松,一般,５　６６６４４４２,3611,岩崎 芳美,2026-09-15,2026-09-20,14,鳴門,一般,１３３４３３１　２２[３],2026-08-30,2026-09-04,06,浜名湖,ＧⅢ,１５５２１１５　１５２２,2026-08-17,2026-08-20,20,若松,一般,４１２２３５２３,2026-08-06,2026-08-11,18,徳山,ＧⅠ,４　４　３３４　４６５,2026-07-28,2026-08-02,15,丸亀,一般,１４６　２２３２４６２６
202609252110,2026-09-25,21,10R,4240,今井 裕梨,2026-09-05,2026-09-10,04,平和島,一般,５２５　５５４１４　１１,2026-08-24,2026-08-29,10,三国,一般,４４３１１４２　３３５１,2026-08-11,2026-08-16,01,桐生,一般,２１１　４２４３４　１３,2026-07-31,2026-08-05,01,桐生,ＧⅢ,２６５　１１１３１５３３,2026-07-24,2026-07-27,06,浜名湖,一般,２６１　５６５３,5230,石原 凪紗,2026-09-12,2026-09-17,08,常滑,一般,１４４４２３３　１４５,2026-08-24,2026-08-29,10,三国,一般,２４５　４　６６５　３,2026-08-11,2026-08-16,07,蒲郡,一般,４５４　５　１５５　２６,2026-07-31,2026-08-05,05,多摩川,一般,６５１　４５４　４４１,2026-07-19,2026-07-24,19,下関,ＧⅢ,６３２　２３２　１４１２,5227,川原 愛未,2026-09-13,2026-09-17,19,下関,一般,５　４２２１２　１落,2026-08-24,2026-08-29,10,三国,一般,５　４５２　３　４３２３,2026-07-23,2026-07-28,21,芦屋,一般,６５３　６　５５５　６１,2026-07-05,2026-07-09,24,大村,一般,６４５　６１５　６５,2026-06-18,2026-06-21,20,若松,一般,６６６１６　６,5188,武井 莉里佳,2026-09-12,2026-09-17,08,常滑,一般,１２２　４１３２４２[４],2026-08-30,2026-09-04,06,浜名湖,ＧⅢ,１１２４１２３　４１[２],2026-08-18,2026-08-23,16,児島,一般,３５１　１３３４４５１１,2026-08-06,2026-08-11,18,徳山,ＧⅠ,３　３　３５５　２３３,2026-07-19,2026-07-24,22,福岡,ＧⅢ,４　５５６　１６４２５,3604,武藤 綾子,2026-08-26,2026-08-30,14,鳴門,一般,６　３　４４５５５６,2026-08-12,2026-08-17,24,大村,ＧⅢ,４２５　３　５５６　２５,2026-07-31,2026-08-05,01,桐生,ＧⅢ,２　４２３　３４１４[６],2026-07-13,2026-07-18,13,尼崎,ＧⅢ,３　５６１１５　１４１３,2026-06-13,2026-06-16,06,浜名湖,一般,３２５５３　３５,3435,寺田 千恵,2026-09-13,2026-09-18,11,びわこ,一般,１３４　３２２５２２[４],2026-08-18,2026-08-23,16,児島,一般,３２４４２　４１１２[４],2026-08-06,2026-08-11,18,徳山,ＧⅠ,４３６　４　２５２　５,2026-07-23,2026-07-28,21,芦屋,一般,２４４　１４５３４５３,2026-07-13,2026-07-18,13,尼崎,ＧⅢ,３１４　３３２５１５２６
202609252111,2026-09-25,21,11R,4419,原 加央理,2026-08-30,2026-09-04,06,浜名湖,ＧⅢ,２１２３４　２２１２[４],2026-08-12,2026-08-17,02,戸田,一般,４　３２２　６４５３６２,2026-07-25,2026-07-30,04,平和島,一般,２１６　２２３４２２[６],2026-07-13,2026-07-18,13,尼崎,ＧⅢ,２６４４５　３２５１２３,2026-06-29,2026-07-04,08,常滑,一般,３　３１６　１６１４６３,4243,西村 歩,2026-09-17,2026-09-20,24,大村,一般,４　４２６１３６,2026-08-06,2026-08-11,18,徳山,ＧⅠ,２　３　５２６　６６６,2026-07-27,2026-07-31,19,下関,一般,４２３　２１２４３３,2026-07-13,2026-07-18,13,尼崎,ＧⅢ,５１１　５２３　２４２５,2026-06-24,2026-06-29,12,住之江,一般,２　１６３　２６１６４５,4433,川野 芽唯,2026-09-12,2026-09-17,08,常滑,一般,３２１　１３１４３４１２,2026-08-30,2026-09-04,06,浜名湖,ＧⅢ,１３４２１　５１３３２１,2026-08-17,2026-08-20,20,若松,一般,３３３１４２[５],2026-08-06,2026-08-11,18,徳山,ＧⅠ,３　１１２２２　１　[１],2026-07-28,2026-08-02,15,丸亀,一般,４１１　３１３１３１[４],4246,喜多 那由夏,2026-09-13,2026-09-18,11,びわこ,一般,５４,2026-08-30,2026-09-04,06,浜名湖,ＧⅢ,４６１　２６３　３６６５,2026-08-12,2026-08-17,24,大村,ＧⅢ,４　５４６　１６５５３,2026-07-28,2026-08-02,16,児島,一般,６４６　４３５　５２４５,2026-07-14,2026-07-19,01,桐生,一般,６　６６５　５６４　２,5153,佐藤 ほのか,2026-09-06,2026-09-11,14,鳴門,一般,４　３６６　４６４　４４,2026-08-27,2026-08-31,04,平和島,一般,５　３５２　２３４３,2026-08-11,2026-08-16,01,桐生,一般,５　６５５　３　６４６,2026-07-31,2026-08-05,05,多摩川,一般,３５６　６６６　５　５５,2026-07-24,2026-07-27,06,浜名湖,一般,４５４３５　４４,4974,安井 瑞紀,2026-09-13,2026-09-18,11,びわこ,一般,２６５　２４３１６４２５,2026-09-06,2026-09-11,14,鳴門,一般,１４４２１１４　３３１１,2026-08-28,2026-08-31,23,からつ,一般,１３４　１６５５,2026-08-18,2026-08-23,16,児島,一般,４１６　１３５１１６６４,2026-08-06,2026-08-11,18,徳山,ＧⅠ,６　６　６１３　１２５
202609252112,2026-09-25,21,12R,4050,田口 節子,2026-09-06,2026-09-11,14,鳴門,一般,５２１３１１４　２１[４],2026-08-18,2026-08-23,16,児島,一般,３　１１２３２１２１[３],2026-08-06,2026-08-11,18,徳山,ＧⅠ,２　１１５４５　４　５１,2026-07-19,2026-07-24,19,下関,ＧⅢ,１１１　落１１２１２[１],2026-07-07,2026-07-12,11,びわこ,一般,３１４１１２１１２１[１],3232,山川 美由紀,2026-09-12,2026-09-17,08,常滑,一般,３４３４５１３　４１１２,2026-08-30,2026-09-04,06,浜名湖,ＧⅢ,４１１　２５３４１６１４,2026-08-06,2026-08-11,18,徳山,ＧⅠ,６　４５６　４　３１２,2026-06-30,2026-07-05,23,からつ,一般,５５３５２　６　５　３,2026-06-21,2026-06-24,19,下関,一般,６３１４３　５１,3474,松瀬 弘美,2026-09-12,2026-09-15,10,三国,一般,６　６４６　６６,2026-08-30,2026-09-04,06,浜名湖,ＧⅢ,２６３　１５３　４３２１,2026-08-12,2026-08-17,24,大村,ＧⅢ,２３４　４２５　３３４,2026-07-31,2026-08-05,01,桐生,ＧⅢ,３５３　１２２　２６１２,2026-07-10,2026-07-15,06,浜名湖,一般,５　６５４　６５４　１,4208,三浦 永理,2026-09-12,2026-09-17,08,常滑,一般,１１６　４２１１３１[３],2026-08-30,2026-09-04,06,浜名湖,ＧⅢ,２２１１２１４　５１[６],2026-08-18,2026-08-23,16,児島,一般,１　１３３１１３２１[２],2026-08-06,2026-08-11,18,徳山,ＧⅠ,１１６　６　３３１　２５,2026-07-25,2026-07-30,04,平和島,一般,２　３２３１２１２２[２],4964,土屋 南,2026-09-12,2026-09-17,08,常滑,一般,１５２１１　３１２１[１],2026-08-18,2026-08-23,16,児島,一般,２４３　４６２２５１４３,2026-08-06,2026-08-11,18,徳山,ＧⅠ,３　２６２　１　３　２４,2026-07-19,2026-07-24,19,下関,ＧⅢ,５　３３２１４　３５１４,2026-07-07,2026-07-12,11,びわこ,一般,１４３２４１１　３２[３],5129,山口 真喜子,2026-09-12,2026-09-17,08,常滑,一般,６　３２３１２３１３２３,2026-08-25,2026-08-30,17,宮島,一般,３５３　３２２４３６２４,2026-08-12,2026-08-17,24,大村,ＧⅢ,１２５６４５１　２３１２,2026-07-31,2026-08-05,01,桐生,ＧⅢ,１　５１２５１２５　１５,2026-07-19,2026-07-24,19,下関,ＧⅢ,５　３４１２６　１２６４
202609252201,2026-09-25,22,01R,4736,高倉 和士,2026-09-12,2026-09-17,18,徳山,ＧⅠ,妨,2026-09-01,2026-09-06,12,住之江,一般,１２３　１１２１３１[２],2026-08-20,2026-08-23,24,大村,一般,１６３３５２[５],2026-08-10,2026-08-15,21,芦屋,一般,２２１４１　１２３１[４],2026-07-31,2026-08-03,20,若松,一般,１５２３１２[４],4909,薮内 瑞希,2026-09-12,2026-09-17,08,常滑,一般,２４２１３　５３２５１６,2026-08-27,2026-08-31,04,平和島,一般,エ　４６４　５３３,2026-08-08,2026-08-13,16,児島,一般,５４５　２　５５２　５６,2026-07-31,2026-08-04,13,尼崎,一般,５　２６４６５　３,2026-07-21,2026-07-26,23,からつ,一般,４　２６３　５２６　５２,4449,中嶋 達也,2026-09-07,2026-09-12,16,児島,一般,３　５６５　２６５　６５,2026-08-24,2026-08-29,13,尼崎,一般,４　６５５　２５５　５１,2026-08-17,2026-08-20,20,若松,一般,６５６　６　６５,2026-08-08,2026-08-11,05,多摩川,一般,５５４４６　５,2026-07-31,2026-08-04,13,尼崎,一般,４６転,5302,秋末 秦悟,2026-08-13,2026-08-18,12,住之江,一般,５　３４妨　５４４　５４,2026-07-22,2026-07-26,13,尼崎,一般,５F２　５　４　６,2026-07-09,2026-07-14,15,丸亀,一般,４５６　５６２　３４６,2026-06-24,2026-06-29,09,津,一般,６４４　６　３５６　２３,2026-06-12,2026-06-17,19,下関,一般,３　４１５　２５３　２１,4649,和田 操拓,2026-09-11,2026-09-14,02,戸田,一般,６　５４２　１１,2026-08-28,2026-09-02,05,多摩川,ＧⅢ,１４１　１　２５２３転３,2026-08-15,2026-08-20,11,びわこ,一般,３３１　３５３３４５１６,2026-08-05,2026-08-10,09,津,一般,３２１　３５３４２５１３,2026-07-23,2026-07-27,01,桐生,一般,１４４　２５３４１４,4691,水原 慎,2026-05-08,2026-05-13,14,鳴門,一般,２　５１５６６６１　６５,2026-04-23,2026-04-28,23,からつ,一般,３６４　４　３６４　６５,2026-04-03,2026-04-07,21,芦屋,一般,落１５　６６５６４,2026-03-18,2026-03-22,24,大村,一般,５５４　４　２５１,2026-03-06,2026-03-12,01,桐生,一般,３６１　５　６　３欠
202609252202,2026-09-25,22,02R,5253,藤井 太雅,2026-09-14,2026-09-19,04,平和島,一般,　　　　　　２３４　３５,2026-09-05,2026-09-10,04,平和島,一般,３　３３５　１１１２[４],2026-08-21,2026-08-26,03,江戸川,一般,４　３３１　５４６３４６,2026-08-11,2026-08-16,04,平和島,一般,４　５６３　５４５５４４,2026-07-30,2026-08-04,08,常滑,一般,４２３　４１６　２６４,4947,間庭 菜摘,2026-09-13,2026-09-18,11,びわこ,一般,５　３５１３１４４４５４,2026-09-01,2026-09-06,12,住之江,一般,２　４３２　４２３２６５,2026-08-12,2026-08-17,24,大村,ＧⅢ,１　４５３　３４２　２３,2026-07-31,2026-08-05,01,桐生,ＧⅢ,４　２４３４３　３６６,2026-05-01,2026-05-06,23,からつ,一般,６　４１５　４２３　転５,4695,尾崎 雄二,2026-09-12,2026-09-17,09,津,一般,５　３１３　５３４　４４,2026-08-30,2026-09-03,08,常滑,一般,３　６２４３５２３５,2026-08-17,2026-08-21,13,尼崎,一般,１　２５４１３４１６,2026-08-06,2026-08-10,24,大村,一般,３　５３１６３５５２,2026-07-27,2026-08-01,10,三国,一般,５５６５１　３　２６５１,4962,畑 竜生,2026-09-11,2026-09-16,12,住之江,一般,５５２　５５５　１　４,2026-08-28,2026-09-02,05,多摩川,ＧⅢ,２１１５５　４５１　２１,2026-08-15,2026-08-20,09,津,一般,転　５４２　６１３　１３,2026-08-03,2026-08-08,17,宮島,一般,１６４１５　４５２　６１,2026-07-21,2026-07-26,23,からつ,一般,１３５　１５３４２３４１,4269,杉山 裕也,2026-09-11,2026-09-15,06,浜名湖,一般,２　１５２１２１[２],2026-08-22,2026-08-27,08,常滑,ＧⅢ,１３２３２　２２３１[２],2026-08-11,2026-08-16,07,蒲郡,一般,２２２３３　２２１３２１,2026-08-03,2026-08-08,04,平和島,ＧⅢ,３１２　３２５４２３３３,2026-07-23,2026-07-28,03,江戸川,ＧⅢ,１　２４２　２５５１１３,5447,岡本 亜子,2026-09-09,2026-09-14,21,芦屋,一般,６　６６５　６６６　６５,2026-08-08,2026-08-13,16,児島,一般,６　６６５　６６６　６６,2026-07-31,2026-08-04,13,尼崎,一般,６　６６６　６６６,2026-07-09,2026-07-13,16,児島,一般,６　６６６　５６６,2026-06-28,2026-07-01,10,三国,一般,６　６６６　６６
202609252203,2026-09-25,22,03R,5013,山下 夏鈴,2026-09-13,2026-09-17,19,下関,一般,４３６　１４２　１４,2026-08-24,2026-08-29,13,尼崎,一般,２　１４２４３　５５１５,2026-07-18,2026-07-23,09,津,ＧⅢ,５　６４５　２　６４４４,2026-07-07,2026-07-12,11,びわこ,一般,４　１１１６２２１３３１,2026-06-18,2026-06-23,02,戸田,一般,４４６　１４３　６１２,5180,藤本 紗弥香,2026-09-06,2026-09-11,14,鳴門,一般,３５５　４２４　５４３,2026-08-18,2026-08-23,16,児島,一般,１３４　２４４　４４３２,2026-07-31,2026-08-05,01,桐生,ＧⅢ,６５１　４　１５４１１,2026-07-19,2026-07-24,19,下関,ＧⅢ,３　４２２　１２４５１５,2026-06-15,2026-06-20,21,芦屋,一般,６６５　５２２　４　６５,4391,松田 祐季,2026-09-12,2026-09-17,18,徳山,ＧⅠ,２　４　１５５　４２２,2026-09-03,2026-09-08,09,津,ＧⅠ,６　４　３５１　５６４,2026-08-24,2026-08-28,15,丸亀,一般,５１３３１１１２[２],2026-08-14,2026-08-19,10,三国,一般,１２２３２１１　３２[５],2026-08-05,2026-08-10,09,津,一般,５１１　１１１１１１[１],5063,大塚 雅治,2026-09-07,2026-09-12,16,児島,一般,５　２５転,2026-08-21,2026-08-26,03,江戸川,一般,２２１　４２５　１３１３,2026-08-03,2026-08-08,19,下関,一般,５　１３２　４３３６２５,2026-07-22,2026-07-27,14,鳴門,一般,６２６　２　４１２３３５,2026-07-14,2026-07-17,24,大村,一般,５　１５１　６６,4181,花本 夏樹,2026-09-05,2026-09-10,01,桐生,一般,６　２３２　２３５５５６,2026-08-15,2026-08-20,09,津,一般,４　５５２　５３４　５６,2026-08-04,2026-08-09,10,三国,一般,６３４　３４６　４５４２,2026-07-24,2026-07-27,12,住之江,一般,５　３６４　２４,2026-07-15,2026-07-19,08,常滑,一般,５４６　６３,5261,岡 暢祐,2026-09-09,2026-09-14,21,芦屋,一般,３２６　６４６　１　５３,2026-08-21,2026-08-26,03,江戸川,一般,２　６５２　４２１　１５,2026-08-07,2026-08-11,15,丸亀,一般,５　１３４　２３５４,2026-07-22,2026-07-25,24,大村,一般,６　６６６　３４,2026-07-10,2026-07-14,09,津,一般,３　４６４４５　４４
202609252204,2026-09-25,22,04R,4161,黒柳 浩孝,2026-09-05,2026-09-10,01,桐生,一般,１５３　６４２,2026-08-21,2026-08-26,03,江戸川,一般,１　５１５　１３２５３２,2026-08-08,2026-08-11,05,多摩川,一般,２　２５２５２２,2026-07-24,2026-07-29,17,宮島,一般,２４３　５５４　３３６,2026-07-14,2026-07-17,24,大村,一般,２６２　２　１２,3300,川崎 智幸,2026-09-11,2026-09-16,12,住之江,一般,５　４６１　３６６２４,2026-08-29,2026-09-03,16,児島,一般,４　４１３２２４２３１６,2026-08-14,2026-08-19,17,宮島,一般,４　４２４６３５３　５３,2026-07-05,2026-07-09,05,多摩川,一般,３５３　４２１　２１,2026-06-25,2026-06-29,18,徳山,一般,１２３２４４１６１５,2878,富山 弘幸,2026-09-07,2026-09-11,13,尼崎,一般,２５３　２６１　５３,2026-08-28,2026-08-31,23,からつ,一般,４２５　３妨２１,2026-08-15,2026-08-20,09,津,一般,４　４２４　３６２　３４,2026-07-22,2026-07-27,14,鳴門,一般,５　３２４　５６６２１３,2026-07-07,2026-07-12,10,三国,ＧⅢ,４　４４２　２４３１１２,3582,吉川 昭男,2026-09-09,2026-09-13,05,多摩川,一般,２３２２１　１２[４],2026-08-26,2026-08-31,11,びわこ,一般,３　１１１１１２４１[２],2026-08-15,2026-08-20,09,津,一般,４　４５２　４５６　５１,2026-08-03,2026-08-08,19,下関,一般,２　５３３６５２１　１３,2026-07-23,2026-07-28,21,芦屋,一般,４１１４１１３　１５１１,3643,米田 隆弘,2026-09-07,2026-09-11,13,尼崎,一般,３５６　５５６,2026-08-24,2026-08-28,15,丸亀,一般,３３４　１６３５６４,2026-08-14,2026-08-19,17,宮島,一般,３　５２６　５３４　３５,2026-07-31,2026-08-05,05,多摩川,一般,５　４５６　５,2026-07-16,2026-07-21,11,びわこ,一般,５　２３１１２１２１[１],4257,古川 健,2026-09-05,2026-09-11,03,江戸川,一般,４５１　４６３　４２６,2026-08-20,2026-08-25,21,芦屋,一般,１　１３３　６４３５１３,2026-07-29,2026-08-01,18,徳山,一般,６２５　３２５,2026-07-15,2026-07-19,17,宮島,一般,１４２　２６２５２６,2026-06-30,2026-07-05,06,浜名湖,一般,２　５２１　４３２５１５
202609252205,2026-09-25,22,05R,4449,中嶋 達也,2026-09-07,2026-09-12,16,児島,一般,３　５６５　２６５　６５,2026-08-24,2026-08-29,13,尼崎,一般,４　６５５　２５５　５１,2026-08-17,2026-08-20,20,若松,一般,６５６　６　６５,2026-08-08,2026-08-11,05,多摩川,一般,５５４４６　５,2026-07-31,2026-08-04,13,尼崎,一般,４６転,4066,東本 勝利,2026-09-11,2026-09-15,06,浜名湖,一般,３１５２６　２６１３,2026-08-30,2026-09-03,08,常滑,一般,２２４　２３１３２４,2026-08-20,2026-08-23,02,戸田,一般,２１４　１３[１],2026-08-11,2026-08-16,07,蒲郡,一般,２６３　３５４　５４４,2026-07-24,2026-07-29,17,宮島,一般,１　４６２１３４１５１落,5276,大島 隆乃介,2026-09-04,2026-09-09,11,びわこ,一般,２６２　３５４　４３２,2026-08-21,2026-08-26,03,江戸川,一般,４３１　５４１　３６４,2026-08-10,2026-08-15,21,芦屋,一般,４　３５４　５２３　３１,2026-07-21,2026-07-26,23,からつ,一般,１６５　６　２１４　３６,2026-07-01,2026-07-06,07,蒲郡,一般,３　３３１　１２２２[６],5134,大原 祥昌,2026-09-13,2026-09-18,07,蒲郡,一般,３４２　エ２３　１４３３,2026-09-04,2026-09-09,11,びわこ,一般,４　６２１４１４３３１４,2026-08-28,2026-08-31,23,からつ,一般,１１４　４２[３],2026-08-14,2026-08-19,17,宮島,一般,１　５６４３３３１　２３,2026-07-30,2026-08-04,08,常滑,一般,１６２　５１４３１３６２,3303,渡辺 豊,2026-09-05,2026-09-11,03,江戸川,一般,４　２６２　６４４　３６,2026-08-20,2026-08-25,21,芦屋,一般,５４３　４４３　２４２５,2026-08-09,2026-08-15,03,江戸川,一般,４４５　４６１　６５１,2026-07-27,2026-08-01,10,三国,一般,４　５４４　５４３　６,2026-07-14,2026-07-19,01,桐生,一般,６１５　５６２　４　２５,4656,大崎 翔,2026-09-09,2026-09-13,05,多摩川,一般,１２１　３６６６６３,2026-08-24,2026-08-29,13,尼崎,一般,５　２４６２３　５５５６,2026-08-16,2026-08-19,14,鳴門,一般,４６１５３　１１,2026-08-05,2026-08-10,09,津,一般,５　２６４　２４２　３２,2026-07-23,2026-07-28,03,江戸川,ＧⅢ,５　６２３　５６
202609252206,2026-09-25,22,06R,4649,和田 操拓,2026-09-11,2026-09-14,02,戸田,一般,６　５４２　１１,2026-08-28,2026-09-02,05,多摩川,ＧⅢ,１４１　１　２５２３転３,2026-08-15,2026-08-20,11,びわこ,一般,３３１　３５３３４５１６,2026-08-05,2026-08-10,09,津,一般,３２１　３５３４２５１３,2026-07-23,2026-07-27,01,桐生,一般,１４４　２５３４１４,3629,浅見 昌克,2026-09-12,2026-09-17,09,津,一般,４　２４１　１５３３３１,2026-08-31,2026-09-05,20,若松,ＧⅢ,５３６２１　１５３４２６,2026-08-20,2026-08-25,21,芦屋,一般,４２３６６　２６６　５４,2026-05-14,2026-05-18,10,三国,一般,１３５５３　４　３２,2026-05-01,2026-05-06,02,戸田,一般,４　３３１　１２３２３４,4254,川島 圭司,2026-09-13,2026-09-18,11,びわこ,一般,３　３２１１転欠,2026-08-30,2026-09-03,08,常滑,一般,５３６　３６２　２６,2026-08-14,2026-08-19,10,三国,一般,６　１３４１２６１５１２,2026-07-31,2026-08-05,05,多摩川,一般,２　２５４　３４１４１３,2026-07-21,2026-07-26,23,からつ,一般,５　１４３　４４１　４２,3388,今垣 光太郎,2026-09-09,2026-09-15,20,若松,一般,１１３　５３１６３３１４１５,2026-08-29,2026-09-03,16,児島,一般,１２２　２１２６４１[３],2026-06-17,2026-06-22,24,大村,ＧⅡ,３　３　６１２　４　１２,2026-06-05,2026-06-10,01,桐生,一般,１６１　３４３１５３３１,2026-05-26,2026-05-31,06,浜名湖,ＳＧ,４　６３５　４　３４１,5253,藤井 太雅,2026-09-14,2026-09-19,04,平和島,一般,　　　　　　２３４　３５,2026-09-05,2026-09-10,04,平和島,一般,３　３３５　１１１２[４],2026-08-21,2026-08-26,03,江戸川,一般,４　３３１　５４６３４６,2026-08-11,2026-08-16,04,平和島,一般,４　５６３　５４５５４４,2026-07-30,2026-08-04,08,常滑,一般,４２３　４１６　２６４,4764,小池 礼乃,2026-09-12,2026-09-17,08,常滑,一般,２１１　６２１２１２[６],2026-08-28,2026-08-31,23,からつ,一般,４　５２２５１４,2026-08-10,2026-08-15,21,芦屋,一般,３　６２１　５５２　３５,2026-07-18,2026-07-21,20,若松,一般,１５６３５　３２,2026-07-03,2026-07-08,13,尼崎,一般,６　１２２　５３２６３６
202609252207,2026-09-25,22,07R,5085,中村 栄治,2026-09-09,2026-09-15,20,若松,一般,５１２　４５５　４１３６５２,2026-08-26,2026-08-31,11,びわこ,一般,４３２　４４５６３　４１,2026-08-14,2026-08-19,10,三国,一般,４６５６４５１　２　６４,2026-07-30,2026-08-04,08,常滑,一般,４　１６４　５３２　３６,2026-07-19,2026-07-23,05,多摩川,一般,１　３４４３６５４１,4287,今井 貴士,2026-09-11,2026-09-16,12,住之江,一般,１６３　１４１　１５４５,2026-08-29,2026-09-03,16,児島,一般,２　４３１２４３４３５４,2026-08-20,2026-08-23,02,戸田,一般,６３５２３　２１,2026-08-06,2026-08-10,24,大村,一般,１６４３２　３６２２,2026-07-25,2026-07-29,20,若松,一般,１５１　２１３１[４],3664,鈴木 賢一,2026-09-05,2026-09-11,03,江戸川,一般,４　４４１　３１２　６４,2026-08-20,2026-08-23,02,戸田,一般,５　２３５３５１,2026-08-03,2026-08-08,04,平和島,ＧⅢ,５６５　４　４６５　１５,2026-07-23,2026-07-27,01,桐生,一般,５１３　３６２　３２,2026-06-29,2026-07-03,11,びわこ,一般,４　２６転欠,4017,向井 美鈴,2026-09-12,2026-09-17,09,津,一般,３２４　３６６　３１２,2026-08-29,2026-09-03,19,下関,一般,６１５３４　５　３５２,2026-08-15,2026-08-20,18,徳山,一般,５　１１５５３　１３１３,2026-07-10,2026-07-15,06,浜名湖,一般,３１２　４３６　２２[３],2026-06-24,2026-06-28,04,平和島,一般,６３６５３　１２,5447,岡本 亜子,2026-09-09,2026-09-14,21,芦屋,一般,６　６６５　６６６　６５,2026-08-08,2026-08-13,16,児島,一般,６　６６５　６６６　６６,2026-07-31,2026-08-04,13,尼崎,一般,６　６６６　６６６,2026-07-09,2026-07-13,16,児島,一般,６　６６６　５６６,2026-06-28,2026-07-01,10,三国,一般,６　６６６　６６,4623,中北 将史,2026-09-05,2026-09-11,03,江戸川,一般,１２エ　３３１　２３４３,2026-08-23,2026-08-27,18,徳山,一般,１２５４５　６５１,2026-08-15,2026-08-20,09,津,一般,２６５　１４２　２２５,2026-08-05,2026-08-10,09,津,一般,４　２３２　５３３６４６,2026-07-22,2026-07-25,24,大村,一般,２２５　１６４６
202609252208,2026-09-25,22,08R,4962,畑 竜生,2026-09-11,2026-09-16,12,住之江,一般,５５２　５５５　１　４,2026-08-28,2026-09-02,05,多摩川,ＧⅢ,２１１５５　４５１　２１,2026-08-15,2026-08-20,09,津,一般,転　５４２　６１３　１３,2026-08-03,2026-08-08,17,宮島,一般,１６４１５　４５２　６１,2026-07-21,2026-07-26,23,からつ,一般,１３５　１５３４２３４１,4691,水原 慎,2026-05-08,2026-05-13,14,鳴門,一般,２　５１５６６６１　６５,2026-04-23,2026-04-28,23,からつ,一般,３６４　４　３６４　６５,2026-04-03,2026-04-07,21,芦屋,一般,落１５　６６５６４,2026-03-18,2026-03-22,24,大村,一般,５５４　４　２５１,2026-03-06,2026-03-12,01,桐生,一般,３６１　５　６　３欠,5261,岡 暢祐,2026-09-09,2026-09-14,21,芦屋,一般,３２６　６４６　１　５３,2026-08-21,2026-08-26,03,江戸川,一般,２　６５２　４２１　１５,2026-08-07,2026-08-11,15,丸亀,一般,５　１３４　２３５４,2026-07-22,2026-07-25,24,大村,一般,６　６６６　３４,2026-07-10,2026-07-14,09,津,一般,３　４６４４５　４４,2878,富山 弘幸,2026-09-07,2026-09-11,13,尼崎,一般,２５３　２６１　５３,2026-08-28,2026-08-31,23,からつ,一般,４２５　３妨２１,2026-08-15,2026-08-20,09,津,一般,４　４２４　３６２　３４,2026-07-22,2026-07-27,14,鳴門,一般,５　３２４　５６６２１３,2026-07-07,2026-07-12,10,三国,ＧⅢ,４　４４２　２４３１１２,4024,井口 佳典,2026-09-12,2026-09-17,18,徳山,ＧⅠ,３　６　５６４　５６５３,2026-09-03,2026-09-08,09,津,ＧⅠ,３　３４１　４３４　２２,2026-08-25,2026-08-30,01,桐生,ＳＧ,４　６　５４３　２２４,2026-08-15,2026-08-20,09,津,一般,１３１　５４２１１２[５],2026-08-08,2026-08-11,05,多摩川,一般,４４１１１３[４],5459,田中 きら,2026-08-29,2026-09-03,19,下関,一般,６　６６６　６６６　５６,2026-08-15,2026-08-20,18,徳山,一般,６　６　６６６　６６６,2026-07-21,2026-07-26,23,からつ,一般,６６６　６６６　５６６,2026-06-28,2026-07-01,10,三国,一般,６６６　６　６５,2026-06-10,2026-06-13,14,鳴門,一般,６　６６６　６６
202609252209,2026-09-25,22,09R,5134,大原 祥昌,2026-09-13,2026-09-18,07,蒲郡,一般,３４２　エ２３　１４３３,2026-09-04,2026-09-09,11,びわこ,一般,４　６２１４１４３３１４,2026-08-28,2026-08-31,23,からつ,一般,１１４　４２[３],2026-08-14,2026-08-19,17,宮島,一般,１　５６４３３３１　２３,2026-07-30,2026-08-04,08,常滑,一般,１６２　５１４３１３６２,5015,高橋 竜矢,2026-09-12,2026-09-17,18,徳山,ＧⅠ,５　３５３　１１５　１３,2026-09-03,2026-09-08,09,津,ＧⅠ,５　２２４　１　６　１５,2026-08-26,2026-08-30,14,鳴門,一般,２３１４１３３１[４],2026-08-14,2026-08-19,17,宮島,一般,２５３５２１１　１２[２],2026-08-04,2026-08-09,10,三国,一般,３３５５１１２　１５３２,4181,花本 夏樹,2026-09-05,2026-09-10,01,桐生,一般,６　２３２　２３５５５６,2026-08-15,2026-08-20,09,津,一般,４　５５２　５３４　５６,2026-08-04,2026-08-09,10,三国,一般,６３４　３４６　４５４２,2026-07-24,2026-07-27,12,住之江,一般,５　３６４　２４,2026-07-15,2026-07-19,08,常滑,一般,５４６　６３,4909,薮内 瑞希,2026-09-12,2026-09-17,08,常滑,一般,２４２１３　５３２５１６,2026-08-27,2026-08-31,04,平和島,一般,エ　４６４　５３３,2026-08-08,2026-08-13,16,児島,一般,５４５　２　５５２　５６,2026-07-31,2026-08-04,13,尼崎,一般,５　２６４６５　３,2026-07-21,2026-07-26,23,からつ,一般,４　２６３　５２６　５２,3300,川崎 智幸,2026-09-11,2026-09-16,12,住之江,一般,５　４６１　３６６２４,2026-08-29,2026-09-03,16,児島,一般,４　４１３２２４２３１６,2026-08-14,2026-08-19,17,宮島,一般,４　４２４６３５３　５３,2026-07-05,2026-07-09,05,多摩川,一般,３５３　４２１　２１,2026-06-25,2026-06-29,18,徳山,一般,１２３２４４１６１５,4695,尾崎 雄二,2026-09-12,2026-09-17,09,津,一般,５　３１３　５３４　４４,2026-08-30,2026-09-03,08,常滑,一般,３　６２４３５２３５,2026-08-17,2026-08-21,13,尼崎,一般,１　２５４１３４１６,2026-08-06,2026-08-10,24,大村,一般,３　５３１６３５５２,2026-07-27,2026-08-01,10,三国,一般,５５６５１　３　２６５１
202609252210,2026-09-25,22,10R,4063,市橋 卓士,2026-09-11,2026-09-16,12,住之江,一般,１５４１３　２　２４３１,2026-09-01,2026-09-04,24,大村,一般,２４１１４１[１],2026-08-19,2026-08-24,19,下関,一般,３１３　２３１３１２[３],2026-08-05,2026-08-10,14,鳴門,一般,２３４　１１２１４１[４],2026-07-29,2026-08-01,18,徳山,一般,２３３４１５３５,3582,吉川 昭男,2026-09-09,2026-09-13,05,多摩川,一般,２３２２１　１２[４],2026-08-26,2026-08-31,11,びわこ,一般,３　１１１１１２４１[２],2026-08-15,2026-08-20,09,津,一般,４　４５２　４５６　５１,2026-08-03,2026-08-08,19,下関,一般,２　５３３６５２１　１３,2026-07-23,2026-07-28,21,芦屋,一般,４１１４１１３　１５１１,4269,杉山 裕也,2026-09-11,2026-09-15,06,浜名湖,一般,２　１５２１２１[２],2026-08-22,2026-08-27,08,常滑,ＧⅢ,１３２３２　２２３１[２],2026-08-11,2026-08-16,07,蒲郡,一般,２２２３３　２２１３２１,2026-08-03,2026-08-08,04,平和島,ＧⅢ,３１２　３２５４２３３３,2026-07-23,2026-07-28,03,江戸川,ＧⅢ,１　２４２　２５５１１３,4066,東本 勝利,2026-09-11,2026-09-15,06,浜名湖,一般,３１５２６　２６１３,2026-08-30,2026-09-03,08,常滑,一般,２２４　２３１３２４,2026-08-20,2026-08-23,02,戸田,一般,２１４　１３[１],2026-08-11,2026-08-16,07,蒲郡,一般,２６３　３５４　５４４,2026-07-24,2026-07-29,17,宮島,一般,１　４６２１３４１５１落,3388,今垣 光太郎,2026-09-09,2026-09-15,20,若松,一般,１１３　５３１６３３１４１５,2026-08-29,2026-09-03,16,児島,一般,１２２　２１２６４１[３],2026-06-17,2026-06-22,24,大村,ＧⅡ,３　３　６１２　４　１２,2026-06-05,2026-06-10,01,桐生,一般,１６１　３４３１５３３１,2026-05-26,2026-05-31,06,浜名湖,ＳＧ,４　６３５　４　３４１,5063,大塚 雅治,2026-09-07,2026-09-12,16,児島,一般,５　２５転,2026-08-21,2026-08-26,03,江戸川,一般,２２１　４２５　１３１３,2026-08-03,2026-08-08,19,下関,一般,５　１３２　４３３６２５,2026-07-22,2026-07-27,14,鳴門,一般,６２６　２　４１２３３５,2026-07-14,2026-07-17,24,大村,一般,５　１５１　６６
202609252211,2026-09-25,22,11R,4826,井上 一輝,2026-09-12,2026-09-17,18,徳山,ＧⅠ,２４１　３　３３６　１３,2026-09-03,2026-09-08,09,津,ＧⅠ,３１１　２　６５３　１６,2026-08-24,2026-08-28,15,丸亀,一般,２６１２２１４１[３],2026-08-13,2026-08-18,12,住之江,一般,３１４　５５２　１落５,2026-08-04,2026-08-09,10,三国,一般,１４５１５２１　４２[５],4736,高倉 和士,2026-09-12,2026-09-17,18,徳山,ＧⅠ,妨,2026-09-01,2026-09-06,12,住之江,一般,１２３　１１２１３１[２],2026-08-20,2026-08-23,24,大村,一般,１６３３５２[５],2026-08-10,2026-08-15,21,芦屋,一般,２２１４１　１２３１[４],2026-07-31,2026-08-03,20,若松,一般,１５２３１２[４],4607,鶴田 勇雄,2026-09-13,2026-09-18,11,びわこ,一般,２１３　３６４６６　３３,2026-08-29,2026-09-03,16,児島,一般,６２４　６２５１１　４４,2026-08-19,2026-08-24,19,下関,一般,４　４１１６６　４２５３,2026-08-07,2026-08-12,20,若松,一般,３６６５２　４４１２３,2026-07-22,2026-07-26,08,常滑,一般,４　１３１２１５５３,5085,中村 栄治,2026-09-09,2026-09-15,20,若松,一般,５１２　４５５　４１３６５２,2026-08-26,2026-08-31,11,びわこ,一般,４３２　４４５６３　４１,2026-08-14,2026-08-19,10,三国,一般,４６５６４５１　２　６４,2026-07-30,2026-08-04,08,常滑,一般,４　１６４　５３２　３６,2026-07-19,2026-07-23,05,多摩川,一般,１　３４４３６５４１,3629,浅見 昌克,2026-09-12,2026-09-17,09,津,一般,４　２４１　１５３３３１,2026-08-31,2026-09-05,20,若松,ＧⅢ,５３６２１　１５３４２６,2026-08-20,2026-08-25,21,芦屋,一般,４２３６６　２６６　５４,2026-05-14,2026-05-18,10,三国,一般,１３５５３　４　３２,2026-05-01,2026-05-06,02,戸田,一般,４　３３１　１２３２３４,5180,藤本 紗弥香,2026-09-06,2026-09-11,14,鳴門,一般,３５５　４２４　５４３,2026-08-18,2026-08-23,16,児島,一般,１３４　２４４　４４３２,2026-07-31,2026-08-05,01,桐生,ＧⅢ,６５１　４　１５４１１,2026-07-19,2026-07-24,19,下関,ＧⅢ,３　４２２　１２４５１５,2026-06-15,2026-06-20,21,芦屋,一般,６６５　５２２　４　６５
202609252212,2026-09-25,22,12R,4391,松田 祐季,2026-09-12,2026-09-17,18,徳山,ＧⅠ,２　４　１５５　４２２,2026-09-03,2026-09-08,09,津,ＧⅠ,６　４　３５１　５６４,2026-08-24,2026-08-28,15,丸亀,一般,５１３３１１１２[２],2026-08-14,2026-08-19,10,三国,一般,１２２３２１１　３２[５],2026-08-05,2026-08-10,09,津,一般,５１１　１１１１１１[１],4024,井口 佳典,2026-09-12,2026-09-17,18,徳山,ＧⅠ,３　６　５６４　５６５３,2026-09-03,2026-09-08,09,津,ＧⅠ,３　３４１　４３４　２２,2026-08-25,2026-08-30,01,桐生,ＳＧ,４　６　５４３　２２４,2026-08-15,2026-08-20,09,津,一般,１３１　５４２１１２[５],2026-08-08,2026-08-11,05,多摩川,一般,４４１１１３[４],4656,大崎 翔,2026-09-09,2026-09-13,05,多摩川,一般,１２１　３６６６６３,2026-08-24,2026-08-29,13,尼崎,一般,５　２４６２３　５５５６,2026-08-16,2026-08-19,14,鳴門,一般,４６１５３　１１,2026-08-05,2026-08-10,09,津,一般,５　２６４　２４２　３２,2026-07-23,2026-07-28,03,江戸川,ＧⅢ,５　６２３　５６,4287,今井 貴士,2026-09-11,2026-09-16,12,住之江,一般,１６３　１４１　１５４５,2026-08-29,2026-09-03,16,児島,一般,２　４３１２４３４３５４,2026-08-20,2026-08-23,02,戸田,一般,６３５２３　２１,2026-08-06,2026-08-10,24,大村,一般,１６４３２　３６２２,2026-07-25,2026-07-29,20,若松,一般,１５１　２１３１[４],4254,川島 圭司,2026-09-13,2026-09-18,11,びわこ,一般,３　３２１１転欠,2026-08-30,2026-09-03,08,常滑,一般,５３６　３６２　２６,2026-08-14,2026-08-19,10,三国,一般,６　１３４１２６１５１２,2026-07-31,2026-08-05,05,多摩川,一般,２　２５４　３４１４１３,2026-07-21,2026-07-26,23,からつ,一般,５　１４３　４４１　４２,5302,秋末 秦悟,2026-08-13,2026-08-18,12,住之江,一般,５　３４妨　５４４　５４,2026-07-22,2026-07-26,13,尼崎,一般,５F２　５　４　６,2026-07-09,2026-07-14,15,丸亀,一般,４５６　５６２　３４６,2026-06-24,2026-06-29,09,津,一般,６４４　６　３５６　２３,2026-06-12,2026-06-17,19,下関,一般,３　４１５　２５３　２１
