レースコード,レース日,レース場コード,レース回,状態,1枠_枠番pt,1枠_寄与_枠番pt,1枠_選手pt,1枠_寄与_選手pt,1枠_モーターpt,1枠_寄与_モーターpt,1枠_展示pt,1枠_寄与_展示pt,1枠_気象pt,1枠_寄与_気象pt,1枠_強さpt,2枠_枠番pt,2枠_寄与_枠番pt,2枠_選手pt,2枠_寄与_選手pt,2枠_モーターpt,2枠_寄与_モーターpt,2枠_展示pt,2枠_寄与_展示pt,2枠_気象pt,2枠_寄与_気象pt,2枠_強さpt,3枠_枠番pt,3枠_寄与_枠番pt,3枠_選手pt,3枠_寄与_選手pt,3枠_モーターpt,3枠_寄与_モーターpt,3枠_展示pt,3枠_寄与_展示pt,3枠_気象pt,3枠_寄与_気象pt,3枠_強さpt,4枠_枠番pt,4枠_寄与_枠番pt,4枠_選手pt,4枠_寄与_選手pt,4枠_モーターpt,4枠_寄与_モーターpt,4枠_展示pt,4枠_寄与_展示pt,4枠_気象pt,4枠_寄与_気象pt,4枠_強さpt,5枠_枠番pt,5枠_寄与_枠番pt,5枠_選手pt,5枠_寄与_選手pt,5枠_モーターpt,5枠_寄与_モーターpt,5枠_展示pt,5枠_寄与_展示pt,5枠_気象pt,5枠_寄与_気象pt,5枠_強さpt,6枠_枠番pt,6枠_寄与_枠番pt,6枠_選手pt,6枠_寄与_選手pt,6枠_モーターpt,6枠_寄与_モーターpt,6枠_展示pt,6枠_寄与_展示pt,6枠_気象pt,6枠_寄与_気象pt,6枠_強さpt
202607110201,2026-07-11,02,1R,daily,67.6,19.26,69.26,21.27,53.56,6.52,50.0,10.41,50.0,3.9,61.36,53.26,15.17,44.9,13.79,64.0,7.79,50.0,10.41,50.0,3.9,51.07,50.25,14.32,52.21,16.04,46.42,5.65,50.0,10.41,50.0,3.9,50.32,49.61,14.13,57.08,17.53,32.28,3.93,50.0,10.41,50.0,3.9,49.91,44.82,12.77,40.03,12.29,42.08,5.12,50.0,10.41,50.0,3.9,44.5,33.57,9.56,40.03,12.29,30.75,3.74,50.0,10.41,50.0,3.9,39.91
202607110201,2026-07-11,02,1R,realtime,67.6,19.26,69.26,21.27,53.56,6.52,54.68,11.38,55.62,4.34,62.77,53.26,15.17,44.9,13.79,64.0,7.79,48.56,10.11,8.08,0.63,47.5,50.25,14.32,52.21,16.04,46.42,5.65,65.11,13.56,40.09,3.13,52.69,49.61,14.13,57.08,17.53,32.28,3.93,40.72,8.48,83.96,6.55,50.62,44.82,12.77,40.03,12.29,42.08,5.12,53.21,11.08,57.35,4.48,45.74,33.57,9.56,40.03,12.29,30.75,3.74,37.7,7.85,54.75,4.27,37.72
202607110202,2026-07-11,02,2R,daily,67.6,19.26,103.37,31.75,38.98,4.75,50.0,10.41,50.0,3.9,70.06,53.26,15.17,57.08,17.53,38.19,4.65,50.0,10.41,50.0,3.9,51.67,50.25,14.32,49.77,15.29,37.86,4.61,50.0,10.41,50.0,3.9,48.52,49.61,14.13,61.95,19.03,54.96,6.69,50.0,10.41,50.0,3.9,54.17,44.82,12.77,44.9,13.79,35.31,4.3,50.0,10.41,50.0,3.9,45.17,33.57,9.56,49.77,15.29,38.48,4.69,50.0,10.41,50.0,3.9,43.85
202607110202,2026-07-11,02,2R,realtime,67.6,19.26,103.37,31.75,38.98,4.75,68.79,14.32,51.57,4.02,74.1,53.26,15.17,57.08,17.53,38.19,4.65,61.93,12.89,49.61,3.87,54.12,50.25,14.32,49.77,15.29,37.86,4.61,48.95,10.19,50.29,3.93,48.33,49.61,14.13,61.95,19.03,54.96,6.69,38.31,7.98,49.0,3.82,51.65,44.82,12.77,44.9,13.79,35.31,4.3,36.17,7.53,49.68,3.88,42.26,33.57,9.56,49.77,15.29,38.48,4.69,45.87,9.55,49.7,3.88,42.96
202607110203,2026-07-11,02,3R,daily,67.6,19.26,83.88,25.76,44.99,5.48,50.0,10.41,50.0,3.9,64.81,53.26,15.17,54.65,16.78,39.66,4.83,50.0,10.41,50.0,3.9,51.1,50.25,14.32,44.9,13.79,39.59,4.82,50.0,10.41,50.0,3.9,47.24,49.61,14.13,47.34,14.54,36.98,4.5,50.0,10.41,50.0,3.9,47.49,44.82,12.77,47.34,14.54,47.63,5.8,50.0,10.41,50.0,3.9,47.42,33.57,9.56,61.95,19.03,34.93,4.25,50.0,10.41,50.0,3.9,47.16
202607110203,2026-07-11,02,3R,realtime,67.6,19.26,83.88,25.76,44.99,5.48,61.9,12.89,56.41,4.4,67.79,53.26,15.17,54.65,16.78,39.66,4.83,44.67,9.3,7.9,0.62,46.7,50.25,14.32,44.9,13.79,39.59,4.82,39.98,8.32,40.25,3.14,44.39,49.61,14.13,47.34,14.54,36.98,4.5,47.69,9.93,83.48,6.52,49.62,44.82,12.77,47.34,14.54,47.63,5.8,42.49,8.85,57.2,4.46,46.42,33.57,9.56,61.95,19.03,34.93,4.25,63.25,13.17,54.61,4.26,50.27
202607110204,2026-07-11,02,4R,daily,67.6,19.26,103.37,31.75,43.96,5.35,50.0,10.41,50.0,3.9,70.67,53.26,15.17,86.31,26.51,50.17,6.11,50.0,10.41,50.0,3.9,62.1,50.25,14.32,47.34,14.54,40.62,4.95,50.0,10.41,50.0,3.9,48.11,49.61,14.13,42.47,13.04,36.35,4.43,50.0,10.41,50.0,3.9,45.91,44.82,12.77,52.21,16.04,43.02,5.24,50.0,10.41,50.0,3.9,48.35,33.57,9.56,66.83,20.52,50.58,6.16,50.0,10.41,50.0,3.9,50.56
202607110204,2026-07-11,02,4R,realtime,67.6,19.26,103.37,31.75,43.96,5.35,68.37,14.23,56.41,4.4,74.99,53.26,15.17,86.31,26.51,50.17,6.11,52.03,10.83,7.9,0.62,59.24,50.25,14.32,47.34,14.54,40.62,4.95,57.85,12.04,40.25,3.14,48.98,49.61,14.13,42.47,13.04,36.35,4.43,54.05,11.25,83.48,6.52,49.37,44.82,12.77,52.21,16.04,43.02,5.24,40.75,8.48,57.2,4.46,46.99,33.57,9.56,66.83,20.52,50.58,6.16,26.96,5.61,54.61,4.26,46.12
202607110205,2026-07-11,02,5R,daily,67.6,19.26,44.9,13.79,64.0,7.79,50.0,10.41,50.0,3.9,55.15,53.26,15.17,74.13,22.77,55.45,6.75,50.0,10.41,50.0,3.9,59.0,50.25,14.32,52.21,16.04,31.92,3.89,50.0,10.41,50.0,3.9,48.55,49.61,14.13,69.26,21.27,53.56,6.52,50.0,10.41,50.0,3.9,56.24,44.82,12.77,57.08,17.53,30.0,3.65,50.0,10.41,50.0,3.9,48.26,33.57,9.56,93.62,28.75,36.75,4.48,50.0,10.41,50.0,3.9,57.1
202607110205,2026-07-11,02,5R,realtime,67.6,19.26,44.9,13.79,64.0,7.79,55.23,11.5,54.54,4.26,56.59,53.26,15.17,74.13,22.77,55.45,6.75,65.09,13.55,28.85,2.25,60.5,50.25,14.32,52.21,16.04,31.92,3.89,59.31,12.35,45.27,3.53,50.12,49.61,14.13,69.26,21.27,53.56,6.52,36.44,7.59,65.69,5.13,54.64,44.82,12.77,57.08,17.53,30.0,3.65,42.99,8.95,52.73,4.12,47.02,33.57,9.56,93.62,28.75,36.75,4.48,40.94,8.52,52.77,4.12,55.44
202607110206,2026-07-11,02,6R,daily,67.6,19.26,86.31,26.51,48.95,5.96,50.0,10.41,50.0,3.9,66.04,53.26,15.17,44.9,13.79,35.31,4.3,50.0,10.41,50.0,3.9,47.57,50.25,14.32,57.08,17.53,38.19,4.65,50.0,10.41,50.0,3.9,50.81,49.61,14.13,40.03,12.29,42.08,5.12,50.0,10.41,50.0,3.9,45.86,44.82,12.77,40.03,12.29,30.75,3.74,50.0,10.41,50.0,3.9,43.12,33.57,9.56,96.06,29.5,34.94,4.25,50.0,10.41,50.0,3.9,57.63
202607110206,2026-07-11,02,6R,realtime,67.6,19.26,86.31,26.51,48.95,5.96,67.42,14.04,57.21,4.47,70.23,53.26,15.17,44.9,13.79,35.31,4.3,48.18,10.03,7.72,0.6,43.89,50.25,14.32,57.08,17.53,38.19,4.65,47.89,9.97,40.41,3.15,49.62,49.61,14.13,40.03,12.29,42.08,5.12,35.49,7.39,82.99,6.48,45.42,44.82,12.77,40.03,12.29,30.75,3.74,40.64,8.46,57.05,4.45,41.72,33.57,9.56,96.06,29.5,34.94,4.25,60.41,12.58,54.47,4.25,60.15
202607110207,2026-07-11,02,7R,daily,67.6,19.26,57.08,17.53,32.28,3.93,50.0,10.41,50.0,3.9,55.03,53.26,15.17,47.34,14.54,47.63,5.8,50.0,10.41,50.0,3.9,49.82,50.25,14.32,54.65,16.78,39.66,4.83,50.0,10.41,50.0,3.9,50.24,49.61,14.13,103.37,31.75,38.98,4.75,50.0,10.41,50.0,3.9,64.94,44.82,12.77,49.77,15.29,38.48,4.69,50.0,10.41,50.0,3.9,47.05,33.57,9.56,64.39,19.78,36.3,4.42,50.0,10.41,50.0,3.9,48.07
202607110207,2026-07-11,02,7R,realtime,67.6,19.26,57.08,17.53,32.28,3.93,66.61,13.87,57.21,4.47,59.05,53.26,15.17,47.34,14.54,47.63,5.8,44.25,9.21,7.72,0.6,45.33,50.25,14.32,54.65,16.78,39.66,4.83,38.64,8.04,40.41,3.15,47.13,49.61,14.13,103.37,31.75,38.98,4.75,54.54,11.35,82.99,6.48,68.46,44.82,12.77,49.77,15.29,38.48,4.69,49.69,10.35,57.05,4.45,47.54,33.57,9.56,64.39,19.78,36.3,4.42,46.27,9.63,54.47,4.25,47.64
202607110208,2026-07-11,02,8R,daily,67.6,19.26,47.34,14.54,36.98,4.5,50.0,10.41,50.0,3.9,52.61,53.26,15.17,44.9,13.79,39.59,4.82,50.0,10.41,50.0,3.9,48.1,50.25,14.32,105.8,32.5,22.2,2.7,50.0,10.41,50.0,3.9,63.83,49.61,14.13,49.77,15.29,37.86,4.61,50.0,10.41,50.0,3.9,48.34,44.82,12.77,47.34,14.54,40.62,4.95,50.0,10.41,50.0,3.9,46.56,33.57,9.56,88.75,27.26,38.96,4.74,50.0,10.41,50.0,3.9,55.88
202607110208,2026-07-11,02,8R,realtime,67.6,19.26,47.34,14.54,36.98,4.5,45.14,9.4,59.88,4.67,52.37,53.26,15.17,44.9,13.79,39.59,4.82,38.17,7.95,-13.42,-1.05,40.68,50.25,14.32,105.8,32.5,22.2,2.7,67.61,14.08,35.55,2.77,66.37,49.61,14.13,49.77,15.29,37.86,4.61,52.7,10.97,100.29,7.83,52.83,44.82,12.77,47.34,14.54,40.62,4.95,47.38,9.87,61.38,4.79,46.91,33.57,9.56,88.75,27.26,38.96,4.74,49.0,10.2,56.18,4.38,56.15
202607110209,2026-07-11,02,9R,daily,67.6,19.26,42.47,13.04,36.35,4.43,50.0,10.41,50.0,3.9,51.04,53.26,15.17,61.95,19.03,54.96,6.69,50.0,10.41,50.0,3.9,55.2,50.25,14.32,57.08,17.53,30.0,3.65,50.0,10.41,50.0,3.9,49.81,49.61,14.13,86.31,26.51,50.17,6.11,50.0,10.41,50.0,3.9,61.06,44.82,12.77,52.21,16.04,31.92,3.89,50.0,10.41,50.0,3.9,47.0,33.57,9.56,52.21,16.04,46.42,5.65,50.0,10.41,50.0,3.9,45.56
202607110209,2026-07-11,02,9R,realtime,67.6,19.26,42.47,13.04,36.35,4.43,56.44,11.75,59.88,4.67,53.15,53.26,15.17,61.95,19.03,54.96,6.69,39.86,8.3,-13.42,-1.05,48.14,50.25,14.32,57.08,17.53,30.0,3.65,48.55,10.11,35.55,2.77,48.38,49.61,14.13,86.31,26.51,50.17,6.11,46.74,9.73,100.29,7.83,64.31,44.82,12.77,52.21,16.04,31.92,3.89,51.18,10.66,61.38,4.79,48.14,33.57,9.56,52.21,16.04,46.42,5.65,57.23,11.92,56.18,4.38,47.55
202607110210,2026-07-11,02,10R,daily,67.6,19.26,81.44,25.01,53.61,6.53,50.0,10.41,50.0,3.9,65.11,53.26,15.17,88.75,27.26,78.62,9.57,50.0,10.41,50.0,3.9,66.32,50.25,14.32,74.13,22.77,53.85,6.56,50.0,10.41,50.0,3.9,57.95,49.61,14.13,100.93,31.0,39.51,4.81,50.0,10.41,50.0,3.9,64.25,44.82,12.77,61.95,19.03,46.61,5.68,50.0,10.41,50.0,3.9,51.78,33.57,9.56,93.62,28.75,62.4,7.6,50.0,10.41,50.0,3.9,60.23
202607110210,2026-07-11,02,10R,realtime,67.6,19.26,81.44,25.01,53.61,6.53,64.4,13.41,56.41,4.4,68.61,53.26,15.17,88.75,27.26,78.62,9.57,43.14,8.98,7.9,0.62,61.6,50.25,14.32,74.13,22.77,53.85,6.56,40.65,8.46,40.25,3.14,55.25,49.61,14.13,100.93,31.0,39.51,4.81,38.94,8.11,83.48,6.52,64.56,44.82,12.77,61.95,19.03,46.61,5.68,52.0,10.83,57.2,4.46,52.76,33.57,9.56,93.62,28.75,62.4,7.6,60.86,12.67,54.61,4.26,62.85
202607110211,2026-07-11,02,11R,daily,67.6,19.26,79.01,24.27,61.29,7.46,50.0,10.41,50.0,3.9,65.3,53.26,15.17,98.5,30.25,49.33,6.01,50.0,10.41,50.0,3.9,65.74,50.25,14.32,88.75,27.26,63.51,7.73,50.0,10.41,50.0,3.9,63.62,49.61,14.13,88.75,27.26,52.78,6.43,50.0,10.41,50.0,3.9,62.13,44.82,12.77,100.93,31.0,55.43,6.75,50.0,10.41,50.0,3.9,64.83,33.57,9.56,86.31,26.51,30.96,3.77,50.0,10.41,50.0,3.9,54.15
202607110211,2026-07-11,02,11R,realtime,67.6,19.26,79.01,24.27,61.29,7.46,61.8,12.87,58.59,4.57,68.42,53.26,15.17,98.5,30.25,49.33,6.01,60.11,12.51,-12.68,-0.99,62.95,50.25,14.32,88.75,27.26,63.51,7.73,38.75,8.07,35.08,2.74,60.11,44.82,12.77,88.75,27.26,52.78,6.43,40.8,8.49,60.39,4.71,59.66,33.57,9.56,100.93,31.0,55.43,6.75,36.59,7.62,57.81,4.51,59.44,49.61,14.13,86.31,26.51,30.96,3.77,61.98,12.9,100.65,7.86,65.17
202607110212,2026-07-11,02,12R,daily,67.6,19.26,81.44,25.01,52.37,6.38,50.0,10.41,50.0,3.9,64.96,53.26,15.17,86.31,26.51,68.94,8.39,50.0,10.41,50.0,3.9,64.39,50.25,14.32,74.13,22.77,48.96,5.96,50.0,10.41,50.0,3.9,57.36,49.61,14.13,103.37,31.75,47.71,5.81,50.0,10.41,50.0,3.9,66.0,44.82,12.77,100.93,31.0,46.35,5.64,50.0,10.41,50.0,3.9,63.72,33.57,9.56,71.7,22.02,54.87,6.68,50.0,10.41,50.0,3.9,52.58
202607110212,2026-07-11,02,12R,realtime,67.6,19.26,81.44,25.01,52.37,6.38,67.32,14.02,58.29,4.55,69.21,53.26,15.17,86.31,26.51,68.94,8.39,56.3,11.72,-13.05,-1.02,60.78,50.25,14.32,74.13,22.77,48.96,5.96,38.55,8.03,35.23,2.75,53.82,49.61,14.13,103.37,31.75,47.71,5.81,42.22,8.79,101.27,7.9,68.38,44.82,12.77,100.93,31.0,46.35,5.64,42.17,8.78,61.67,4.81,63.0,33.57,9.56,71.7,22.02,54.87,6.68,53.44,11.13,56.45,4.41,53.8
202607110301,2026-07-11,03,1R,daily,67.0,31.26,46.75,10.99,50.0,5.57,50.0,3.4,50.0,5.95,57.17,55.59,25.93,42.07,9.89,50.0,5.57,50.0,3.4,50.0,5.95,50.74,50.17,23.4,44.41,10.44,50.0,5.57,50.0,3.4,50.0,5.95,48.76,48.14,22.46,42.07,9.89,50.0,5.57,50.0,3.4,50.0,5.95,47.27,42.82,19.98,44.41,10.44,50.0,5.57,50.0,3.4,50.0,5.95,45.34,34.71,16.19,37.38,8.78,50.0,5.57,50.0,3.4,50.0,5.95,39.9
202607110301,2026-07-11,03,1R,realtime,67.0,31.26,46.75,10.99,50.0,5.57,50.0,3.4,38.49,4.58,55.8,55.59,25.93,42.07,9.89,50.0,5.57,50.0,3.4,30.07,3.58,48.37,50.17,23.4,44.41,10.44,50.0,5.57,50.0,3.4,39.05,4.65,47.46,48.14,22.46,42.07,9.89,50.0,5.57,50.0,3.4,74.51,8.87,50.18,42.82,19.98,44.41,10.44,50.0,5.57,50.0,3.4,62.1,7.39,46.78,34.71,16.19,37.38,8.78,50.0,5.57,50.0,3.4,55.97,6.66,40.61
202607110302,2026-07-11,03,2R,daily,67.0,31.26,49.1,11.54,50.0,5.57,50.0,3.4,50.0,5.95,57.72,55.59,25.93,56.13,13.19,50.0,5.57,50.0,3.4,50.0,5.95,54.05,50.17,23.4,46.75,10.99,50.0,5.57,50.0,3.4,50.0,5.95,49.32,48.14,22.46,46.75,10.99,50.0,5.57,50.0,3.4,50.0,5.95,48.37,42.82,19.98,32.69,7.68,50.0,5.57,50.0,3.4,50.0,5.95,42.58,34.71,16.19,42.07,9.89,50.0,5.57,50.0,3.4,50.0,5.95,41.0
202607110302,2026-07-11,03,2R,realtime,67.0,31.26,49.1,11.54,50.0,5.57,50.28,3.42,41.1,4.89,56.68,55.59,25.93,56.13,13.19,50.0,5.57,58.8,4.0,24.53,2.92,51.61,50.17,23.4,46.75,10.99,50.0,5.57,46.88,3.19,38.86,4.63,47.78,48.14,22.46,46.75,10.99,50.0,5.57,58.8,4.0,67.45,8.03,51.04,42.82,19.98,32.69,7.68,50.0,5.57,55.39,3.77,69.98,8.33,45.33,34.71,16.19,42.07,9.89,50.0,5.57,29.85,2.03,58.28,6.94,40.62
202607110303,2026-07-11,03,3R,daily,67.0,31.26,46.75,10.99,50.0,5.57,50.0,3.4,50.0,5.95,57.17,55.59,25.93,53.78,12.64,50.0,5.57,50.0,3.4,50.0,5.95,53.5,50.17,23.4,30.35,7.13,50.0,5.57,50.0,3.4,50.0,5.95,45.46,48.14,22.46,32.69,7.68,50.0,5.57,50.0,3.4,50.0,5.95,45.06,42.82,19.98,37.38,8.78,50.0,5.57,50.0,3.4,50.0,5.95,43.68,34.71,16.19,53.78,12.64,50.0,5.57,50.0,3.4,50.0,5.95,43.75
202607110303,2026-07-11,03,3R,realtime,67.0,31.26,46.75,10.99,50.0,5.57,58.59,3.99,37.23,4.43,56.23,55.59,25.93,53.78,12.64,50.0,5.57,58.59,3.99,26.22,3.12,51.25,50.17,23.4,30.35,7.13,50.0,5.57,30.66,2.09,43.19,5.14,43.34,48.14,22.46,32.69,7.68,50.0,5.57,54.3,3.69,74.97,8.92,48.33,42.82,19.98,37.38,8.78,50.0,5.57,54.3,3.69,65.01,7.74,45.76,34.71,16.19,53.78,12.64,50.0,5.57,43.55,2.96,53.61,6.38,43.75
202607110304,2026-07-11,03,4R,daily,67.0,31.26,44.41,10.44,50.0,5.57,50.0,3.4,50.0,5.95,56.62,55.59,25.93,70.19,16.49,50.0,5.57,50.0,3.4,50.0,5.95,57.35,50.17,23.4,39.72,9.33,50.0,5.57,50.0,3.4,50.0,5.95,47.66,48.14,22.46,37.38,8.78,50.0,5.57,50.0,3.4,50.0,5.95,46.17,42.82,19.98,51.44,12.09,50.0,5.57,50.0,3.4,50.0,5.95,46.99,34.71,16.19,44.41,10.44,50.0,5.57,50.0,3.4,50.0,5.95,41.55
202607110304,2026-07-11,03,4R,realtime,67.0,31.26,44.41,10.44,50.0,5.57,68.52,4.66,37.67,4.48,56.41,55.59,25.93,70.19,16.49,50.0,5.57,41.85,2.85,29.29,3.49,54.33,50.17,23.4,39.72,9.33,50.0,5.57,48.52,3.3,44.13,5.25,46.86,48.14,22.46,37.38,8.78,50.0,5.57,41.85,2.85,72.63,8.64,48.3,42.82,19.98,51.44,12.09,50.0,5.57,41.85,2.85,63.83,7.6,48.08,34.71,16.19,44.41,10.44,50.0,5.57,57.41,3.91,52.68,6.27,42.38
202607110305,2026-07-11,03,5R,daily,67.0,31.26,44.41,10.44,50.0,5.57,50.0,3.4,50.0,5.95,56.62,55.59,25.93,44.41,10.44,50.0,5.57,50.0,3.4,50.0,5.95,51.29,50.17,23.4,53.78,12.64,50.0,5.57,50.0,3.4,50.0,5.95,50.97,48.14,22.46,46.75,10.99,50.0,5.57,50.0,3.4,50.0,5.95,48.37,42.82,19.98,79.56,18.7,50.0,5.57,50.0,3.4,50.0,5.95,53.6,34.71,16.19,39.72,9.33,50.0,5.57,50.0,3.4,50.0,5.95,40.45
202607110305,2026-07-11,03,5R,realtime,67.0,31.26,44.41,10.44,50.0,5.57,53.64,3.65,37.67,4.48,55.4,55.59,25.93,44.41,10.44,50.0,5.57,49.27,3.35,29.29,3.49,48.78,50.17,23.4,53.78,12.64,50.0,5.57,35.3,2.4,44.13,5.25,49.27,48.14,22.46,46.75,10.99,50.0,5.57,40.54,2.76,72.63,8.64,50.42,42.82,19.98,79.56,18.7,50.0,5.57,55.38,3.77,63.83,7.6,55.61,34.71,16.19,39.72,9.33,50.0,5.57,65.85,4.48,52.68,6.27,41.85
202607110306,2026-07-11,03,6R,daily,67.0,31.26,42.07,9.89,50.0,5.57,50.0,3.4,50.0,5.95,56.07,55.59,25.93,42.07,9.89,50.0,5.57,50.0,3.4,50.0,5.95,50.74,50.17,23.4,70.19,16.49,50.0,5.57,50.0,3.4,50.0,5.95,54.82,48.14,22.46,49.1,11.54,50.0,5.57,50.0,3.4,50.0,5.95,48.92,42.82,19.98,42.07,9.89,50.0,5.57,50.0,3.4,50.0,5.95,44.79,34.71,16.19,32.69,7.68,50.0,5.57,50.0,3.4,50.0,5.95,38.8
202607110306,2026-07-11,03,6R,realtime,67.0,31.26,42.07,9.89,50.0,5.57,62.12,4.23,36.06,4.29,55.23,55.59,25.93,42.07,9.89,50.0,5.57,51.14,3.48,25.87,3.08,47.95,50.17,23.4,70.19,16.49,50.0,5.57,30.57,2.08,43.73,5.2,52.75,48.14,22.46,49.1,11.54,50.0,5.57,58.0,3.95,75.71,9.01,52.52,42.82,19.98,42.07,9.89,50.0,5.57,51.14,3.48,65.94,7.85,46.76,34.71,16.19,32.69,7.68,50.0,5.57,47.03,3.2,52.92,6.3,38.94
202607110307,2026-07-11,03,7R,daily,67.0,31.26,46.75,10.99,50.0,5.57,50.0,3.4,50.0,5.95,57.17,55.59,25.93,51.44,12.09,50.0,5.57,50.0,3.4,50.0,5.95,52.94,50.17,23.4,39.72,9.33,50.0,5.57,50.0,3.4,50.0,5.95,47.66,48.14,22.46,30.35,7.13,50.0,5.57,50.0,3.4,50.0,5.95,44.51,42.82,19.98,35.04,8.23,50.0,5.57,50.0,3.4,50.0,5.95,43.13,34.71,16.19,65.5,15.39,50.0,5.57,50.0,3.4,50.0,5.95,46.51
202607110307,2026-07-11,03,7R,realtime,67.0,31.26,46.75,10.99,50.0,5.57,55.1,3.75,36.06,4.29,55.85,55.59,25.93,51.44,12.09,50.0,5.57,33.67,2.29,25.87,3.08,48.96,50.17,23.4,39.72,9.33,50.0,5.57,43.88,2.99,43.73,5.2,46.5,48.14,22.46,30.35,7.13,50.0,5.57,65.3,4.44,75.71,9.01,48.61,42.82,19.98,35.04,8.23,50.0,5.57,46.94,3.19,65.94,7.85,44.82,34.71,16.19,65.5,15.39,50.0,5.57,55.1,3.75,52.92,6.3,47.2
202607110308,2026-07-11,03,8R,daily,67.0,31.26,53.78,12.64,50.0,5.57,50.0,3.4,50.0,5.95,58.82,55.59,25.93,44.41,10.44,50.0,5.57,50.0,3.4,50.0,5.95,51.29,50.17,23.4,56.13,13.19,50.0,5.57,50.0,3.4,50.0,5.95,51.52,48.14,22.46,44.41,10.44,50.0,5.57,50.0,3.4,50.0,5.95,47.82,42.82,19.98,46.75,10.99,50.0,5.57,50.0,3.4,50.0,5.95,45.89,34.71,16.19,37.38,8.78,50.0,5.57,50.0,3.4,50.0,5.95,39.9
202607110308,2026-07-11,03,8R,realtime,67.0,31.26,53.78,12.64,50.0,5.57,55.82,3.8,34.44,4.1,57.36,55.59,25.93,44.41,10.44,50.0,5.57,67.16,4.57,22.46,2.67,49.18,50.17,23.4,56.13,13.19,50.0,5.57,43.6,2.97,43.32,5.16,50.29,48.14,22.46,44.41,10.44,50.0,5.57,35.74,2.43,78.79,9.38,50.27,42.82,19.98,46.75,10.99,50.0,5.57,52.33,3.56,68.06,8.1,48.19,34.71,16.19,37.38,8.78,50.0,5.57,45.34,3.08,53.16,6.33,39.96
202607110309,2026-07-11,03,9R,daily,67.0,31.26,53.78,12.64,50.0,5.57,50.0,3.4,50.0,5.95,58.82,55.59,25.93,37.38,8.78,50.0,5.57,50.0,3.4,50.0,5.95,49.64,50.17,23.4,42.07,9.89,50.0,5.57,50.0,3.4,50.0,5.95,48.21,48.14,22.46,53.78,12.64,50.0,5.57,50.0,3.4,50.0,5.95,50.02,42.82,19.98,44.41,10.44,50.0,5.57,50.0,3.4,50.0,5.95,45.34,34.71,16.19,42.07,9.89,50.0,5.57,50.0,3.4,50.0,5.95,41.0
202607110309,2026-07-11,03,9R,realtime,67.0,31.26,53.78,12.64,50.0,5.57,50.0,3.4,36.06,4.29,57.16,55.59,25.93,37.38,8.78,50.0,5.57,50.0,3.4,25.87,3.08,46.77,50.17,23.4,42.07,9.89,50.0,5.57,50.0,3.4,43.73,5.2,47.47,48.14,22.46,53.78,12.64,50.0,5.57,50.0,3.4,75.71,9.01,53.08,42.82,19.98,44.41,10.44,50.0,5.57,50.0,3.4,65.94,7.85,47.23,34.71,16.19,42.07,9.89,50.0,5.57,50.0,3.4,52.92,6.3,41.35
202607110310,2026-07-11,03,10R,daily,67.0,31.26,49.1,11.54,50.0,5.57,50.0,3.4,50.0,5.95,57.72,55.59,25.93,46.75,10.99,50.0,5.57,50.0,3.4,50.0,5.95,51.84,50.17,23.4,49.1,11.54,50.0,5.57,50.0,3.4,50.0,5.95,49.87,48.14,22.46,46.75,10.99,50.0,5.57,50.0,3.4,50.0,5.95,48.37,42.82,19.98,46.75,10.99,50.0,5.57,50.0,3.4,50.0,5.95,45.89,34.71,16.19,51.44,12.09,50.0,5.57,50.0,3.4,50.0,5.95,43.2
202607110310,2026-07-11,03,10R,realtime,67.0,31.26,49.1,11.54,50.0,5.57,42.25,2.87,34.09,4.06,55.3,55.59,25.93,46.75,10.99,50.0,5.57,68.0,4.63,22.89,2.72,49.84,50.17,23.4,49.1,11.54,50.0,5.57,54.19,3.69,38.78,4.62,48.82,48.14,22.46,46.75,10.99,50.0,5.57,50.42,3.43,81.42,9.69,52.14,42.82,19.98,46.75,10.99,50.0,5.57,35.97,2.45,67.27,8.01,46.99,34.71,16.19,51.44,12.09,50.0,5.57,49.16,3.34,55.76,6.64,43.83
202607110311,2026-07-11,03,11R,daily,67.0,31.26,53.78,12.64,50.0,5.57,50.0,3.4,50.0,5.95,58.82,55.59,25.93,44.41,10.44,50.0,5.57,50.0,3.4,50.0,5.95,51.29,50.17,23.4,49.1,11.54,50.0,5.57,50.0,3.4,50.0,5.95,49.87,48.14,22.46,70.19,16.49,50.0,5.57,50.0,3.4,50.0,5.95,53.87,42.82,19.98,51.44,12.09,50.0,5.57,50.0,3.4,50.0,5.95,46.99,34.71,16.19,42.07,9.89,50.0,5.57,50.0,3.4,50.0,5.95,41.0
202607110311,2026-07-11,03,11R,realtime,67.0,31.26,53.78,12.64,50.0,5.57,56.0,3.81,35.27,4.2,57.47,55.59,25.93,44.41,10.44,50.0,5.57,40.35,2.75,23.24,2.77,47.45,50.17,23.4,49.1,11.54,50.0,5.57,43.48,2.96,38.24,4.55,48.02,48.14,22.46,70.19,16.49,50.0,5.57,37.22,2.53,80.67,9.6,56.66,42.82,19.98,51.44,12.09,50.0,5.57,62.26,4.24,66.34,7.9,49.77,34.71,16.19,42.07,9.89,50.0,5.57,60.7,4.13,56.45,6.72,42.5
202607110312,2026-07-11,03,12R,daily,67.0,31.26,79.56,18.7,50.0,5.57,50.0,3.4,50.0,5.95,64.88,55.59,25.93,53.78,12.64,50.0,5.57,50.0,3.4,50.0,5.95,53.5,50.17,23.4,65.5,15.39,50.0,5.57,50.0,3.4,50.0,5.95,53.72,48.14,22.46,70.19,16.49,50.0,5.57,50.0,3.4,50.0,5.95,53.87,42.82,19.98,60.81,14.29,50.0,5.57,50.0,3.4,50.0,5.95,49.19,34.71,16.19,60.81,14.29,50.0,5.57,50.0,3.4,50.0,5.95,45.41
202607110312,2026-07-11,03,12R,realtime,67.0,31.26,79.56,18.7,50.0,5.57,52.77,3.59,35.27,4.2,63.31,55.59,25.93,53.78,12.64,50.0,5.57,61.07,4.15,23.24,2.77,51.06,50.17,23.4,65.5,15.39,50.0,5.57,46.54,3.17,38.24,4.55,52.09,48.14,22.46,70.19,16.49,50.0,5.57,29.94,2.04,80.67,9.6,56.16,42.82,19.98,60.81,14.29,50.0,5.57,52.77,3.59,66.34,7.9,51.32,34.71,16.19,60.81,14.29,50.0,5.57,56.92,3.87,56.45,6.72,46.64
202607110401,2026-07-11,04,1R,daily,67.74,21.57,44.76,13.1,44.93,5.37,50.0,10.44,50.0,3.03,53.51,53.79,17.13,42.31,12.38,34.86,4.17,50.0,10.44,50.0,3.03,47.14,51.51,16.4,52.11,15.25,50.0,5.98,50.0,10.44,50.0,3.03,51.1,50.38,16.04,44.76,13.1,50.0,5.98,50.0,10.44,50.0,3.03,48.59,42.01,13.38,44.76,13.1,44.93,5.37,50.0,10.44,50.0,3.03,45.32,34.13,10.87,52.11,15.25,72.56,8.68,50.0,10.44,50.0,3.03,48.26
202607110401,2026-07-11,04,1R,realtime,67.74,21.57,44.76,13.1,44.93,5.37,42.52,8.87,54.82,3.32,52.24,53.79,17.13,42.31,12.38,34.86,4.17,63.55,13.26,46.98,2.85,49.79,51.51,16.4,52.11,15.25,50.0,5.98,52.96,11.05,50.99,3.09,51.77,50.38,16.04,44.76,13.1,50.0,5.98,48.3,10.08,50.32,3.05,48.25,42.01,13.38,44.76,13.1,44.93,5.37,42.17,8.8,60.36,3.66,44.31,34.13,10.87,52.11,15.25,72.56,8.68,50.52,10.54,36.31,2.2,47.54
202607110402,2026-07-11,04,2R,daily,67.74,21.57,59.46,17.4,50.0,5.98,50.0,10.44,50.0,3.03,58.42,53.79,17.13,44.76,13.1,50.0,5.98,50.0,10.44,50.0,3.03,49.67,51.51,16.4,44.76,13.1,50.0,5.98,50.0,10.44,50.0,3.03,48.95,50.38,16.04,37.41,10.95,35.43,4.24,50.0,10.44,50.0,3.03,44.69,42.01,13.38,44.76,13.1,44.44,5.32,50.0,10.44,50.0,3.03,45.26,34.13,10.87,47.21,13.82,50.0,5.98,50.0,10.44,50.0,3.03,44.13
202607110402,2026-07-11,04,2R,realtime,67.74,21.57,59.46,17.4,50.0,5.98,71.02,14.82,54.82,3.32,63.1,53.79,17.13,44.76,13.1,50.0,5.98,57.61,12.02,46.98,2.85,51.08,51.51,16.4,44.76,13.1,50.0,5.98,35.63,7.44,50.99,3.09,46.01,50.38,16.04,37.41,10.95,35.43,4.24,45.73,9.54,50.32,3.05,43.82,42.01,13.38,44.76,13.1,44.44,5.32,35.16,7.34,60.36,3.66,42.79,34.13,10.87,47.21,13.82,50.0,5.98,54.87,11.45,36.31,2.2,44.32
202607110403,2026-07-11,04,3R,daily,67.74,21.57,47.21,13.82,44.99,5.38,50.0,10.44,50.0,3.03,54.23,53.79,17.13,44.76,13.1,50.0,5.98,50.0,10.44,50.0,3.03,49.67,51.51,16.4,49.66,14.54,35.74,4.27,50.0,10.44,50.0,3.03,48.67,50.38,16.04,37.41,10.95,50.0,5.98,50.0,10.44,50.0,3.03,46.44,42.01,13.38,59.46,17.4,50.0,5.98,50.0,10.44,50.0,3.03,50.22,34.13,10.87,52.11,15.25,50.0,5.98,50.0,10.44,50.0,3.03,45.56
202607110403,2026-07-11,04,3R,realtime,67.74,21.57,47.21,13.82,44.99,5.38,60.04,12.53,54.82,3.32,56.62,53.79,17.13,44.76,13.1,50.0,5.98,39.7,8.29,46.98,2.85,47.34,51.51,16.4,49.66,14.54,35.74,4.27,44.93,9.38,50.99,3.09,47.68,50.38,16.04,37.41,10.95,50.0,5.98,57.71,12.04,50.32,3.05,48.06,42.01,13.38,59.46,17.4,50.0,5.98,41.61,8.68,60.36,3.66,49.1,34.13,10.87,52.11,15.25,50.0,5.98,56.02,11.69,36.31,2.2,45.99
202607110404,2026-07-11,04,4R,daily,67.74,21.57,49.66,14.54,50.0,5.98,50.0,10.44,50.0,3.03,55.55,53.79,17.13,71.71,20.99,50.0,5.98,50.0,10.44,50.0,3.03,57.56,51.51,16.4,47.21,13.82,33.29,3.98,50.0,10.44,50.0,3.03,47.66,50.38,16.04,59.46,17.4,50.0,5.98,50.0,10.44,50.0,3.03,52.89,42.01,13.38,54.56,15.97,65.93,7.89,50.0,10.44,50.0,3.03,50.7,34.13,10.87,37.41,10.95,48.86,5.84,50.0,10.44,50.0,3.03,41.12
202607110404,2026-07-11,04,4R,realtime,53.79,17.13,49.66,14.54,50.0,5.98,45.81,9.56,46.91,2.84,50.04,67.74,21.57,71.71,20.99,50.0,5.98,58.76,12.26,55.79,3.38,64.18,51.51,16.4,47.21,13.82,33.29,3.98,47.17,9.84,51.21,3.1,47.15,50.38,16.04,59.46,17.4,50.0,5.98,48.42,10.11,50.46,3.06,52.59,42.01,13.38,54.56,15.97,65.93,7.89,45.76,9.55,59.36,3.6,50.38,34.13,10.87,37.41,10.95,48.86,5.84,54.11,11.29,36.04,2.18,41.13
202607110405,2026-07-11,04,5R,daily,67.74,21.57,47.21,13.82,38.65,4.62,50.0,10.44,50.0,3.03,53.48,53.79,17.13,47.21,13.82,58.91,7.05,50.0,10.44,50.0,3.03,51.45,51.51,16.4,47.21,13.82,50.0,5.98,50.0,10.44,50.0,3.03,49.66,50.38,16.04,59.46,17.4,50.0,5.98,50.0,10.44,50.0,3.03,52.89,42.01,13.38,30.06,8.8,50.0,5.98,50.0,10.44,50.0,3.03,41.62,34.13,10.87,57.01,16.69,43.06,5.15,50.0,10.44,50.0,3.03,46.17
202607110405,2026-07-11,04,5R,realtime,67.74,21.57,47.21,13.82,38.65,4.62,45.16,9.43,55.79,3.38,52.82,53.79,17.13,47.21,13.82,58.91,7.05,60.21,12.57,46.91,2.84,53.4,51.51,16.4,47.21,13.82,50.0,5.98,58.99,12.31,51.21,3.1,51.61,50.38,16.04,59.46,17.4,50.0,5.98,31.23,6.52,50.46,3.06,49.0,42.01,13.38,30.06,8.8,50.0,5.98,39.57,8.26,59.36,3.6,40.01,34.13,10.87,57.01,16.69,43.06,5.15,64.85,13.53,36.04,2.18,48.42
202607110406,2026-07-11,04,6R,daily,67.74,21.57,47.21,13.82,55.86,6.68,50.0,10.44,50.0,3.03,55.53,53.79,17.13,47.21,13.82,56.12,6.71,50.0,10.44,50.0,3.03,51.12,51.51,16.4,59.46,17.4,53.13,6.36,50.0,10.44,50.0,3.03,53.62,50.38,16.04,42.31,12.38,34.86,4.17,50.0,10.44,50.0,3.03,46.06,42.01,13.38,49.66,14.54,43.88,5.25,50.0,10.44,50.0,3.03,46.62,34.13,10.87,39.86,11.67,50.0,5.98,50.0,10.44,50.0,3.03,41.98
202607110406,2026-07-11,04,6R,realtime,67.74,21.57,47.21,13.82,55.86,6.68,35.56,7.42,54.82,3.32,52.81,53.79,17.13,47.21,13.82,56.12,6.71,57.93,12.09,46.98,2.85,52.59,51.51,16.4,59.46,17.4,53.13,6.36,66.05,13.79,50.99,3.09,57.03,50.38,16.04,42.31,12.38,34.86,4.17,59.77,12.47,50.32,3.05,48.12,42.01,13.38,49.66,14.54,43.88,5.25,48.16,10.05,60.36,3.66,46.87,34.13,10.87,39.86,11.67,50.0,5.98,32.54,6.79,36.31,2.2,37.5
202607110407,2026-07-11,04,7R,daily,67.74,21.57,52.11,15.25,50.0,5.98,50.0,10.44,50.0,3.03,56.27,53.79,17.13,44.76,13.1,44.44,5.32,50.0,10.44,50.0,3.03,49.01,51.51,16.4,47.21,13.82,50.0,5.98,50.0,10.44,50.0,3.03,49.66,50.38,16.04,27.61,8.08,34.74,4.16,50.0,10.44,50.0,3.03,41.74,42.01,13.38,39.86,11.67,56.0,6.7,50.0,10.44,50.0,3.03,45.21,34.13,10.87,54.56,15.97,47.12,5.64,50.0,10.44,50.0,3.03,45.94
202607110407,2026-07-11,04,7R,realtime,67.74,21.57,52.11,15.25,50.0,5.98,65.33,13.64,53.85,3.26,59.7,53.79,17.13,44.76,13.1,44.44,5.32,36.43,7.6,47.05,2.85,46.0,51.51,16.4,47.21,13.82,50.0,5.98,63.02,13.15,50.76,3.08,52.43,50.38,16.04,27.61,8.08,34.74,4.16,48.8,10.18,50.19,3.04,41.5,42.01,13.38,39.86,11.67,56.0,6.7,32.82,6.85,61.36,3.72,42.31,34.13,10.87,54.56,15.97,47.12,5.64,53.62,11.19,36.58,2.22,45.88
202607110408,2026-07-11,04,8R,daily,67.74,21.57,49.66,14.54,35.74,4.27,50.0,10.44,50.0,3.03,53.84,53.79,17.13,47.21,13.82,60.43,7.23,50.0,10.44,50.0,3.03,51.64,51.51,16.4,44.76,13.1,44.93,5.37,50.0,10.44,50.0,3.03,48.34,50.38,16.04,59.46,17.4,43.07,5.15,50.0,10.44,50.0,3.03,52.06,42.01,13.38,42.31,12.38,39.29,4.7,50.0,10.44,50.0,3.03,43.92,34.13,10.87,44.76,13.1,50.0,5.98,50.0,10.44,50.0,3.03,43.41
202607110408,2026-07-11,04,8R,realtime,67.74,21.57,49.66,14.54,35.74,4.27,55.53,11.59,54.82,3.32,55.29,53.79,17.13,47.21,13.82,60.43,7.23,48.67,10.16,46.98,2.85,51.18,51.51,16.4,44.76,13.1,44.93,5.37,54.07,11.29,50.99,3.09,49.25,50.38,16.04,59.46,17.4,43.07,5.15,56.08,11.7,50.32,3.05,53.35,42.01,13.38,42.31,12.38,39.29,4.7,50.52,10.54,60.36,3.66,44.66,34.13,10.87,44.76,13.1,50.0,5.98,35.13,7.33,36.31,2.2,39.48
202607110409,2026-07-11,04,9R,daily,67.74,21.57,59.46,17.4,50.0,5.98,50.0,10.44,50.0,3.03,58.42,53.79,17.13,54.56,15.97,65.93,7.89,50.0,10.44,50.0,3.03,54.45,51.51,16.4,44.76,13.1,50.0,5.98,50.0,10.44,50.0,3.03,48.95,50.38,16.04,52.11,15.25,39.75,4.76,50.0,10.44,50.0,3.03,49.51,42.01,13.38,61.91,18.12,50.0,5.98,50.0,10.44,50.0,3.03,50.94,34.13,10.87,44.76,13.1,44.93,5.37,50.0,10.44,50.0,3.03,42.81
202607110409,2026-07-11,04,9R,realtime,67.74,21.57,59.46,17.4,50.0,5.98,50.9,10.62,54.82,3.32,58.9,53.79,17.13,54.56,15.97,65.93,7.89,36.1,7.53,46.98,2.85,51.36,51.51,16.4,44.76,13.1,50.0,5.98,60.68,12.66,50.99,3.09,51.23,50.38,16.04,52.11,15.25,39.75,4.76,51.24,10.69,50.32,3.05,49.79,42.01,13.38,61.91,18.12,50.0,5.98,55.66,11.62,60.36,3.66,52.75,34.13,10.87,44.76,13.1,44.93,5.37,45.46,9.49,36.31,2.2,41.03
202607110410,2026-07-11,04,10R,daily,67.74,21.57,59.46,17.4,50.0,5.98,50.0,10.44,50.0,3.03,58.42,53.79,17.13,52.11,15.25,72.56,8.68,50.0,10.44,50.0,3.03,54.52,51.51,16.4,49.66,14.54,50.0,5.98,50.0,10.44,50.0,3.03,50.38,50.38,16.04,44.76,13.1,50.0,5.98,50.0,10.44,50.0,3.03,48.59,42.01,13.38,47.21,13.82,55.86,6.68,50.0,10.44,50.0,3.03,47.34,34.13,10.87,47.21,13.82,33.29,3.98,50.0,10.44,50.0,3.03,42.13
202607110410,2026-07-11,04,10R,realtime,67.74,21.57,59.46,17.4,50.0,5.98,39.17,8.17,54.82,3.32,56.45,53.79,17.13,52.11,15.25,72.56,8.68,65.62,13.69,46.98,2.85,57.6,51.51,16.4,49.66,14.54,50.0,5.98,54.15,11.3,50.99,3.09,51.31,50.38,16.04,44.76,13.1,50.0,5.98,52.27,10.91,50.32,3.05,49.08,42.01,13.38,47.21,13.82,55.86,6.68,46.93,9.8,60.36,3.66,47.33,34.13,10.87,47.21,13.82,33.29,3.98,41.86,8.74,36.31,2.2,39.6
202607110411,2026-07-11,04,11R,daily,67.74,21.57,47.21,13.82,58.91,7.05,50.0,10.44,50.0,3.03,55.9,53.79,17.13,54.56,15.97,47.12,5.64,50.0,10.44,50.0,3.03,52.2,51.51,16.4,47.21,13.82,44.99,5.38,50.0,10.44,50.0,3.03,49.06,50.38,16.04,47.21,13.82,50.0,5.98,50.0,10.44,50.0,3.03,49.3,42.01,13.38,59.46,17.4,50.0,5.98,50.0,10.44,50.0,3.03,50.22,34.13,10.87,49.66,14.54,43.88,5.25,50.0,10.44,50.0,3.03,44.11
202607110412,2026-07-11,04,12R,daily,67.74,21.57,59.46,17.4,43.07,5.15,50.0,10.44,50.0,3.03,57.59,53.79,17.13,57.01,16.69,43.06,5.15,50.0,10.44,50.0,3.03,52.43,51.51,16.4,71.71,20.99,50.0,5.98,50.0,10.44,50.0,3.03,56.83,50.38,16.04,59.46,17.4,50.0,5.98,50.0,10.44,50.0,3.03,52.89,42.01,13.38,52.11,15.25,50.0,5.98,50.0,10.44,50.0,3.03,48.07,34.13,10.87,59.46,17.4,53.13,6.36,50.0,10.44,50.0,3.03,48.09
202607110601,2026-07-11,06,1R,daily,65.26,25.09,46.43,9.37,38.59,3.77,50.0,11.86,50.0,3.94,54.03,51.73,19.89,50.44,10.18,50.0,4.89,50.0,11.86,50.0,3.94,50.75,52.9,20.34,50.44,10.18,58.85,5.76,50.0,11.86,50.0,3.94,52.07,49.61,19.08,46.43,9.37,48.17,4.71,50.0,11.86,50.0,3.94,48.95,44.6,17.15,50.44,10.18,51.81,5.07,50.0,11.86,50.0,3.94,48.19,34.84,13.39,46.43,9.37,50.0,4.89,50.0,11.86,50.0,3.94,43.45
202607110601,2026-07-11,06,1R,realtime,65.26,25.09,46.43,9.37,38.59,3.77,46.72,11.08,43.5,3.42,52.74,51.73,19.89,50.44,10.18,50.0,4.89,52.66,12.49,50.91,4.01,51.45,52.9,20.34,50.44,10.18,58.85,5.76,73.04,17.32,47.57,3.75,57.34,49.61,19.08,46.43,9.37,48.17,4.71,48.82,11.58,58.02,4.57,49.3,44.6,17.15,50.44,10.18,51.81,5.07,47.95,11.37,47.17,3.71,47.48,34.84,13.39,46.43,9.37,50.0,4.89,30.97,7.34,52.95,4.17,39.17
202607110602,2026-07-11,06,2R,daily,65.26,25.09,44.42,8.96,50.0,4.89,50.0,11.86,50.0,3.94,54.74,51.73,19.89,58.47,11.8,40.48,3.96,50.0,11.86,50.0,3.94,51.44,52.9,20.34,44.42,8.96,50.0,4.89,50.0,11.86,50.0,3.94,49.99,49.61,19.08,48.43,9.77,62.45,6.11,50.0,11.86,50.0,3.94,50.75,44.6,17.15,42.41,8.56,70.92,6.94,50.0,11.86,50.0,3.94,48.44,34.84,13.39,52.45,10.58,67.15,6.57,50.0,11.86,50.0,3.94,46.34
202607110602,2026-07-11,06,2R,realtime,65.26,25.09,44.42,8.96,50.0,4.89,54.65,12.96,40.24,3.17,55.07,52.9,20.34,58.47,11.8,40.48,3.96,55.35,13.13,46.35,3.65,52.87,49.61,19.08,44.42,8.96,50.0,4.89,34.84,8.26,62.01,4.88,46.07,44.6,17.15,48.43,9.77,62.45,6.11,61.48,14.58,45.75,3.6,51.21,51.73,19.89,42.41,8.56,70.92,6.94,44.87,10.64,51.35,4.04,50.07,34.84,13.39,52.45,10.58,67.15,6.57,48.97,11.61,54.42,4.28,46.44
202607110603,2026-07-11,06,3R,daily,65.26,25.09,44.42,8.96,52.16,5.1,50.0,11.86,50.0,3.94,54.95,51.73,19.89,50.44,10.18,50.0,4.89,50.0,11.86,50.0,3.94,50.75,52.9,20.34,54.45,10.99,54.45,5.33,50.0,11.86,50.0,3.94,52.45,49.61,19.08,48.43,9.77,62.88,6.15,50.0,11.86,50.0,3.94,50.8,44.6,17.15,40.41,8.15,56.87,5.56,50.0,11.86,50.0,3.94,46.66,34.84,13.39,62.48,12.61,30.11,2.95,50.0,11.86,50.0,3.94,44.74
202607110603,2026-07-11,06,3R,realtime,65.26,25.09,44.42,8.96,52.16,5.1,50.75,12.03,40.24,3.17,54.36,51.73,19.89,50.44,10.18,50.0,4.89,68.98,16.36,51.35,4.04,55.36,52.9,20.34,54.45,10.99,54.45,5.33,57.66,13.67,46.35,3.65,53.98,49.61,19.08,48.43,9.77,62.88,6.15,47.31,11.22,62.01,4.88,51.1,44.6,17.15,40.41,8.15,56.87,5.56,39.95,9.48,45.75,3.6,43.94,34.84,13.39,62.48,12.61,30.11,2.95,35.49,8.42,54.42,4.28,41.65
202607110604,2026-07-11,06,4R,daily,65.26,25.09,48.43,9.77,40.33,3.94,50.0,11.86,50.0,3.94,54.6,51.73,19.89,42.41,8.56,50.0,4.89,50.0,11.86,50.0,3.94,49.13,52.9,20.34,48.43,9.77,61.4,6.01,50.0,11.86,50.0,3.94,51.91,49.61,19.08,44.42,8.96,50.0,4.89,50.0,11.86,50.0,3.94,48.72,44.6,17.15,46.43,9.37,50.0,4.89,50.0,11.86,50.0,3.94,47.2,34.84,13.39,54.45,10.99,61.05,5.97,50.0,11.86,50.0,3.94,46.15
202607110604,2026-07-11,06,4R,realtime,65.26,25.09,48.43,9.77,40.33,3.94,62.46,14.81,40.24,3.17,56.79,51.73,19.89,42.41,8.56,50.0,4.89,37.25,8.84,51.35,4.04,46.22,52.9,20.34,48.43,9.77,61.4,6.01,51.64,12.25,46.35,3.65,52.01,49.61,19.08,44.42,8.96,50.0,4.89,56.9,13.49,62.01,4.88,51.31,44.6,17.15,46.43,9.37,50.0,4.89,47.41,11.24,45.75,3.6,46.25,34.84,13.39,54.45,10.99,61.05,5.97,44.49,10.55,54.42,4.28,45.19
202607110605,2026-07-11,06,5R,daily,65.26,25.09,48.43,9.77,68.0,6.65,50.0,11.86,50.0,3.94,57.31,51.73,19.89,46.43,9.37,37.3,3.65,50.0,11.86,50.0,3.94,48.7,52.9,20.34,46.43,9.37,38.59,3.77,50.0,11.86,50.0,3.94,49.28,49.61,19.08,50.44,10.18,47.66,4.66,50.0,11.86,50.0,3.94,49.71,44.6,17.15,50.44,10.18,43.88,4.29,50.0,11.86,50.0,3.94,47.41,34.84,13.39,70.5,14.23,50.0,4.89,50.0,11.86,50.0,3.94,48.31
202607110605,2026-07-11,06,5R,realtime,65.26,25.09,48.43,9.77,68.0,6.65,61.74,14.64,40.24,3.17,59.33,51.73,19.89,46.43,9.37,37.3,3.65,55.44,13.15,51.35,4.04,50.1,52.9,20.34,46.43,9.37,38.59,3.77,47.11,11.17,46.35,3.65,48.3,49.61,19.08,50.44,10.18,47.66,4.66,42.08,9.98,62.01,4.88,48.78,44.6,17.15,50.44,10.18,43.88,4.29,32.5,7.71,45.75,3.6,42.93,34.84,13.39,70.5,14.23,50.0,4.89,61.28,14.53,54.42,4.28,51.33
202607110606,2026-07-11,06,6R,daily,65.26,25.09,42.41,8.56,61.06,5.97,50.0,11.86,50.0,3.94,55.42,51.73,19.89,46.43,9.37,50.0,4.89,50.0,11.86,50.0,3.94,49.94,52.9,20.34,52.45,10.58,58.4,5.71,50.0,11.86,50.0,3.94,52.43,49.61,19.08,44.42,8.96,50.0,4.89,50.0,11.86,50.0,3.94,48.72,44.6,17.15,58.47,11.8,40.48,3.96,50.0,11.86,50.0,3.94,48.7,34.84,13.39,44.42,8.96,65.5,6.41,50.0,11.86,50.0,3.94,44.56
202607110606,2026-07-11,06,6R,realtime,65.26,25.09,42.41,8.56,61.06,5.97,72.89,17.29,40.97,3.23,60.13,51.73,19.89,46.43,9.37,50.0,4.89,46.75,11.09,54.0,4.25,49.49,52.9,20.34,52.45,10.58,58.4,5.71,36.23,8.59,42.34,3.33,48.56,49.61,19.08,44.42,8.96,50.0,4.89,51.06,12.11,61.89,4.87,49.91,44.6,17.15,58.47,11.8,40.48,3.96,41.85,9.92,45.71,3.6,46.43,34.84,13.39,44.42,8.96,65.5,6.41,51.34,12.18,55.21,4.35,45.29
202607110607,2026-07-11,06,7R,daily,65.26,25.09,38.4,7.75,54.3,5.31,50.0,11.86,50.0,3.94,53.95,51.73,19.89,62.48,12.61,30.11,2.95,50.0,11.86,50.0,3.94,51.24,52.9,20.34,48.43,9.77,56.96,5.57,50.0,11.86,50.0,3.94,51.48,49.61,19.08,56.46,11.39,61.81,6.05,50.0,11.86,50.0,3.94,52.31,44.6,17.15,44.42,8.96,50.0,4.89,50.0,11.86,50.0,3.94,46.8,34.84,13.39,44.42,8.96,50.0,4.89,50.0,11.86,50.0,3.94,43.04
202607110607,2026-07-11,06,7R,realtime,65.26,25.09,38.4,7.75,54.3,5.31,49.23,11.68,44.23,3.48,53.31,51.73,19.89,62.48,12.61,30.11,2.95,45.23,10.73,53.55,4.22,50.39,52.9,20.34,48.43,9.77,56.96,5.57,44.15,10.47,43.56,3.43,49.58,49.61,19.08,56.46,11.39,61.81,6.05,64.01,15.18,57.89,4.56,56.25,44.6,17.15,44.42,8.96,50.0,4.89,38.03,9.02,47.13,3.71,43.73,34.84,13.39,44.42,8.96,50.0,4.89,59.48,14.11,53.75,4.23,45.59
202607110608,2026-07-11,06,8R,daily,65.26,25.09,58.47,11.8,50.0,4.89,50.0,11.86,50.0,3.94,57.57,51.73,19.89,64.48,13.01,61.34,6.0,50.0,11.86,50.0,3.94,54.7,52.9,20.34,42.41,8.56,50.0,4.89,50.0,11.86,50.0,3.94,49.58,49.61,19.08,50.44,10.18,45.34,4.43,50.0,11.86,50.0,3.94,49.48,44.6,17.15,44.42,8.96,52.16,5.1,50.0,11.86,50.0,3.94,47.01,34.84,13.39,44.42,8.96,48.74,4.77,50.0,11.86,50.0,3.94,42.92
202607110608,2026-07-11,06,8R,realtime,65.26,25.09,58.47,11.8,50.0,4.89,58.65,13.91,40.39,3.18,58.87,51.73,19.89,64.48,13.01,61.34,6.0,67.89,16.1,50.87,4.0,59.01,52.9,20.34,42.41,8.56,50.0,4.89,54.76,12.99,46.06,3.63,50.4,49.61,19.08,50.44,10.18,45.34,4.43,33.55,7.96,62.9,4.95,46.6,44.6,17.15,44.42,8.96,52.16,5.1,51.96,12.32,45.04,3.55,47.08,34.84,13.39,44.42,8.96,48.74,4.77,33.32,7.9,54.87,4.32,39.35
202607110609,2026-07-11,06,9R,daily,65.26,25.09,50.44,10.18,50.0,4.89,50.0,11.86,50.0,3.94,55.95,51.73,19.89,50.44,10.18,51.81,5.07,50.0,11.86,50.0,3.94,50.93,52.9,20.34,50.44,10.18,47.66,4.66,50.0,11.86,50.0,3.94,50.97,49.61,19.08,70.5,14.23,50.0,4.89,50.0,11.86,50.0,3.94,53.99,44.6,17.15,50.44,10.18,50.0,4.89,50.0,11.86,50.0,3.94,48.01,34.84,13.39,44.42,8.96,50.0,4.89,50.0,11.86,50.0,3.94,43.04
202607110609,2026-07-11,06,9R,realtime,65.26,25.09,50.44,10.18,50.0,4.89,68.86,16.33,40.24,3.17,59.66,51.73,19.89,50.44,10.18,51.81,5.07,38.97,9.24,51.35,4.04,48.42,52.9,20.34,50.44,10.18,47.66,4.66,43.0,10.2,46.35,3.65,49.02,49.61,19.08,70.5,14.23,50.0,4.89,58.04,13.76,62.01,4.88,56.84,44.6,17.15,50.44,10.18,50.0,4.89,55.78,13.23,45.75,3.6,49.05,34.84,13.39,44.42,8.96,50.0,4.89,35.49,8.42,54.42,4.28,39.95
202607110610,2026-07-11,06,10R,daily,65.26,25.09,50.44,10.18,50.0,4.89,50.0,11.86,50.0,3.94,55.95,51.73,19.89,48.43,9.77,61.4,6.01,50.0,11.86,50.0,3.94,51.46,52.9,20.34,40.41,8.15,56.87,5.56,50.0,11.86,50.0,3.94,49.85,49.61,19.08,44.42,8.96,61.24,5.99,50.0,11.86,50.0,3.94,49.82,44.6,17.15,48.43,9.77,40.33,3.94,50.0,11.86,50.0,3.94,46.66,34.84,13.39,48.43,9.77,62.75,6.14,50.0,11.86,50.0,3.94,45.1
202607110610,2026-07-11,06,10R,realtime,65.26,25.09,50.44,10.18,50.0,4.89,66.16,15.69,40.39,3.18,59.03,51.73,19.89,48.43,9.77,61.4,6.01,45.83,10.87,50.87,4.0,50.54,52.9,20.34,40.41,8.15,56.87,5.56,50.3,11.93,46.06,3.63,49.61,49.61,19.08,44.42,8.96,61.24,5.99,52.08,12.35,62.9,4.95,51.33,44.6,17.15,48.43,9.77,40.33,3.94,47.01,11.15,45.04,3.55,45.56,34.84,13.39,48.43,9.77,62.75,6.14,38.75,9.19,54.87,4.32,42.82
202607110611,2026-07-11,06,11R,daily,65.26,25.09,52.45,10.58,58.4,5.71,50.0,11.86,50.0,3.94,57.18,51.73,19.89,42.41,8.56,61.06,5.97,50.0,11.86,50.0,3.94,50.21,52.9,20.34,42.41,8.56,50.0,4.89,50.0,11.86,50.0,3.94,49.58,49.61,19.08,52.45,10.58,67.15,6.57,50.0,11.86,50.0,3.94,52.02,44.6,17.15,50.44,10.18,58.85,5.76,50.0,11.86,50.0,3.94,48.88,34.84,13.39,46.43,9.37,37.3,3.65,50.0,11.86,50.0,3.94,42.21
202607110611,2026-07-11,06,11R,realtime,65.26,25.09,52.45,10.58,58.4,5.71,49.55,11.75,40.24,3.17,56.31,51.73,19.89,42.41,8.56,61.06,5.97,47.46,11.25,51.35,4.04,49.72,52.9,20.34,42.41,8.56,50.0,4.89,39.36,9.33,46.35,3.65,46.77,49.61,19.08,52.45,10.58,67.15,6.57,65.41,15.51,62.01,4.88,56.62,44.6,17.15,50.44,10.18,58.85,5.76,57.99,13.75,45.75,3.6,50.44,34.84,13.39,46.43,9.37,37.3,3.65,40.38,9.58,54.42,4.28,40.27
202607110612,2026-07-11,06,12R,daily,65.26,25.09,50.44,10.18,45.34,4.43,50.0,11.86,50.0,3.94,55.5,51.73,19.89,46.43,9.37,50.0,4.89,50.0,11.86,50.0,3.94,49.94,52.9,20.34,44.42,8.96,50.0,4.89,50.0,11.86,50.0,3.94,49.99,49.61,19.08,54.45,10.99,61.05,5.97,50.0,11.86,50.0,3.94,51.83,44.6,17.15,56.46,11.39,61.81,6.05,50.0,11.86,50.0,3.94,50.38,34.84,13.39,54.45,10.99,54.45,5.33,50.0,11.86,50.0,3.94,45.5
202607110801,2026-07-11,08,1R,daily,68.66,26.14,47.98,9.51,52.43,4.14,50.0,12.3,50.0,4.81,56.9,51.41,19.57,42.27,8.37,39.15,3.1,50.0,12.3,50.0,4.81,48.15,50.19,19.11,44.17,8.75,45.61,3.61,50.0,12.3,50.0,4.81,48.57,48.07,18.3,49.89,9.88,49.2,3.89,50.0,12.3,50.0,4.81,49.18,44.2,16.83,38.45,7.62,35.73,2.82,50.0,12.3,50.0,4.81,44.38,36.98,14.08,34.64,6.86,70.62,5.58,50.0,12.3,50.0,4.81,43.63
202607110801,2026-07-11,08,1R,realtime,68.66,26.14,47.98,9.51,52.43,4.14,75.51,18.57,39.58,3.81,62.17,51.41,19.57,42.27,8.37,39.15,3.1,38.54,9.48,56.9,5.47,45.99,50.19,19.11,44.17,8.75,45.61,3.61,44.36,10.91,48.42,4.66,47.03,48.07,18.3,49.89,9.88,49.2,3.89,62.04,15.26,53.77,5.17,52.5,44.2,16.83,38.45,7.62,35.73,2.82,42.16,10.37,53.84,5.18,42.82,36.98,14.08,34.64,6.86,70.62,5.58,37.48,9.22,47.43,4.56,40.3
202607110802,2026-07-11,08,2R,daily,68.66,26.14,42.27,8.37,49.79,3.94,50.0,12.3,50.0,4.81,55.56,51.41,19.57,40.36,8.0,62.03,4.9,50.0,12.3,50.0,4.81,49.58,50.19,19.11,42.27,8.37,27.01,2.14,50.0,12.3,50.0,4.81,46.72,48.07,18.3,34.64,6.86,56.72,4.48,50.0,12.3,50.0,4.81,46.75,44.2,16.83,44.17,8.75,47.74,3.77,50.0,12.3,50.0,4.81,46.46,36.98,14.08,57.52,11.39,39.25,3.1,50.0,12.3,50.0,4.81,45.68
202607110802,2026-07-11,08,2R,realtime,68.66,26.14,42.27,8.37,49.79,3.94,74.29,18.27,41.85,4.02,60.75,51.41,19.57,40.36,8.0,62.03,4.9,41.54,10.22,53.88,5.18,47.87,50.19,19.11,42.27,8.37,27.01,2.14,32.79,8.07,49.0,4.71,42.4,48.07,18.3,34.64,6.86,56.72,4.48,48.03,11.82,53.76,5.17,46.63,44.2,16.83,44.17,8.75,47.74,3.77,51.23,12.6,52.79,5.08,47.03,36.98,14.08,57.52,11.39,39.25,3.1,52.2,12.84,48.64,4.68,46.09
202607110803,2026-07-11,08,3R,daily,68.66,26.14,46.08,9.13,51.3,4.05,50.0,12.3,50.0,4.81,56.43,51.41,19.57,49.89,9.88,58.96,4.66,50.0,12.3,50.0,4.81,51.22,50.19,19.11,42.27,8.37,59.62,4.71,50.0,12.3,50.0,4.81,49.3,48.07,18.3,38.45,7.62,55.15,4.36,50.0,12.3,50.0,4.81,47.38,44.2,16.83,46.08,9.13,43.73,3.46,50.0,12.3,50.0,4.81,46.52,36.98,14.08,55.61,11.02,52.08,4.12,50.0,12.3,50.0,4.81,46.32
202607110803,2026-07-11,08,3R,realtime,68.66,26.14,46.08,9.13,51.3,4.05,53.86,13.25,41.85,4.02,56.59,51.41,19.57,49.89,9.88,58.96,4.66,47.89,11.78,53.88,5.18,51.08,50.19,19.11,42.27,8.37,59.62,4.71,54.92,13.51,49.0,4.71,50.42,48.07,18.3,38.45,7.62,55.15,4.36,54.79,13.48,53.76,5.17,48.92,44.2,16.83,46.08,9.13,43.73,3.46,41.77,10.28,52.79,5.08,44.76,36.98,14.08,55.61,11.02,52.08,4.12,46.85,11.52,48.64,4.68,45.41
202607110804,2026-07-11,08,4R,daily,68.66,26.14,42.27,8.37,71.04,5.62,50.0,12.3,50.0,4.81,57.23,51.41,19.57,47.98,9.51,40.87,3.23,50.0,12.3,50.0,4.81,49.42,50.19,19.11,42.27,8.37,47.75,3.77,50.0,12.3,50.0,4.81,48.36,48.07,18.3,36.55,7.24,52.14,4.12,50.0,12.3,50.0,4.81,46.77,44.2,16.83,44.17,8.75,62.51,4.94,50.0,12.3,50.0,4.81,47.63,36.98,14.08,53.7,10.64,64.36,5.09,50.0,12.3,50.0,4.81,46.91
202607110804,2026-07-11,08,4R,realtime,68.66,26.14,42.27,8.37,71.04,5.62,48.91,12.03,41.85,4.02,56.18,51.41,19.57,47.98,9.51,40.87,3.23,50.76,12.49,53.88,5.18,49.98,50.19,19.11,42.27,8.37,47.75,3.77,60.68,14.93,49.0,4.71,50.89,48.07,18.3,36.55,7.24,52.14,4.12,45.17,11.11,53.76,5.17,45.94,44.2,16.83,44.17,8.75,62.51,4.94,50.86,12.51,52.79,5.08,48.11,36.98,14.08,53.7,10.64,64.36,5.09,43.71,10.75,48.64,4.68,45.23
202607110805,2026-07-11,08,5R,daily,68.66,26.14,49.89,9.88,50.35,3.98,50.0,12.3,50.0,4.81,57.11,51.41,19.57,49.89,9.88,49.2,3.89,50.0,12.3,50.0,4.81,50.45,50.19,19.11,38.45,7.62,41.75,3.3,50.0,12.3,50.0,4.81,47.13,48.07,18.3,49.89,9.88,47.21,3.73,50.0,12.3,50.0,4.81,49.02,44.2,16.83,44.17,8.75,35.48,2.8,50.0,12.3,50.0,4.81,45.49,36.98,14.08,59.42,11.77,62.47,4.94,50.0,12.3,50.0,4.81,47.9
202607110805,2026-07-11,08,5R,realtime,68.66,26.14,49.89,9.88,50.35,3.98,60.94,14.99,44.11,4.24,59.24,51.41,19.57,49.89,9.88,49.2,3.89,50.28,12.37,50.87,4.89,50.6,50.19,19.11,38.45,7.62,41.75,3.3,33.61,8.27,49.58,4.77,43.06,48.07,18.3,49.89,9.88,47.21,3.73,62.5,15.38,53.76,5.17,52.46,44.2,16.83,44.17,8.75,35.48,2.8,44.32,10.9,51.75,4.98,44.26,36.98,14.08,59.42,11.77,62.47,4.94,48.45,11.92,49.86,4.79,47.5
202607110806,2026-07-11,08,6R,daily,68.66,26.14,49.89,9.88,58.67,4.64,50.0,12.3,50.0,4.81,57.77,51.41,19.57,42.27,8.37,27.01,2.14,50.0,12.3,50.0,4.81,47.19,50.19,19.11,42.27,8.37,39.15,3.1,50.0,12.3,50.0,4.81,47.68,48.07,18.3,49.89,9.88,58.32,4.61,50.0,12.3,50.0,4.81,49.9,44.2,16.83,34.64,6.86,56.72,4.48,50.0,12.3,50.0,4.81,45.28,36.98,14.08,49.89,9.88,56.19,4.44,50.0,12.3,50.0,4.81,45.51
202607110806,2026-07-11,08,6R,realtime,68.66,26.14,49.89,9.88,58.67,4.64,62.69,15.42,39.58,3.81,59.89,50.19,19.11,42.27,8.37,27.01,2.14,46.74,11.5,48.42,4.66,45.77,48.07,18.3,42.27,8.37,39.15,3.1,35.93,8.84,53.77,5.17,43.78,44.2,16.83,49.89,9.88,58.32,4.61,53.17,13.08,53.84,5.18,49.58,36.98,14.08,34.64,6.86,56.72,4.48,33.65,8.28,47.43,4.56,38.26,51.41,19.57,49.89,9.88,56.19,4.44,67.91,16.7,56.9,5.47,56.07
202607110807,2026-07-11,08,7R,daily,68.66,26.14,47.98,9.51,56.75,4.49,50.0,12.3,50.0,4.81,57.24,51.41,19.57,47.98,9.51,47.93,3.79,50.0,12.3,50.0,4.81,49.97,50.19,19.11,46.08,9.13,59.52,4.71,50.0,12.3,50.0,4.81,50.05,48.07,18.3,40.36,8.0,62.03,4.9,50.0,12.3,50.0,4.81,48.3,44.2,16.83,34.64,6.86,70.62,5.58,50.0,12.3,50.0,4.81,46.38,36.98,14.08,55.61,11.02,54.44,4.3,50.0,12.3,50.0,4.81,46.51
202607110807,2026-07-11,08,7R,realtime,68.66,26.14,47.98,9.51,56.75,4.49,55.59,13.67,39.58,3.81,57.61,51.41,19.57,47.98,9.51,47.93,3.79,50.42,12.4,56.9,5.47,50.74,50.19,19.11,46.08,9.13,59.52,4.71,55.84,13.74,48.42,4.66,51.33,48.07,18.3,40.36,8.0,62.03,4.9,50.3,12.37,53.77,5.17,48.74,36.98,14.08,34.64,6.86,70.62,5.58,37.68,9.27,47.43,4.56,40.35,44.2,16.83,55.61,11.02,54.44,4.3,50.26,12.36,53.84,5.18,49.69
202607110808,2026-07-11,08,8R,daily,68.66,26.14,47.98,9.51,64.78,5.12,50.0,12.3,50.0,4.81,57.87,51.41,19.57,38.45,7.62,35.73,2.82,50.0,12.3,50.0,4.81,47.12,50.19,19.11,44.17,8.75,47.74,3.77,50.0,12.3,50.0,4.81,48.74,48.07,18.3,46.08,9.13,43.73,3.46,50.0,12.3,50.0,4.81,47.99,44.2,16.83,36.55,7.24,52.14,4.12,50.0,12.3,50.0,4.81,45.3,36.98,14.08,46.08,9.13,30.1,2.38,50.0,12.3,50.0,4.81,42.69
202607110808,2026-07-11,08,8R,realtime,68.66,26.14,47.98,9.51,64.78,5.12,58.4,14.37,45.26,4.35,59.48,51.41,19.57,38.45,7.62,35.73,2.82,55.14,13.56,69.75,6.71,50.28,50.19,19.11,44.17,8.75,47.74,3.77,45.19,11.12,65.61,6.31,49.06,48.07,18.3,46.08,9.13,43.73,3.46,55.14,13.56,47.54,4.57,49.02,44.2,16.83,36.55,7.24,52.14,4.12,44.21,10.87,39.62,3.81,42.87,36.98,14.08,46.08,9.13,30.1,2.38,42.01,10.33,32.14,3.09,39.01
202607110809,2026-07-11,08,9R,daily,68.66,26.14,49.89,9.88,55.46,4.38,50.0,12.3,50.0,4.81,57.51,51.41,19.57,44.17,8.75,35.48,2.8,50.0,12.3,50.0,4.81,48.23,50.19,19.11,44.17,8.75,62.51,4.94,50.0,12.3,50.0,4.81,49.91,48.07,18.3,44.17,8.75,45.61,3.61,50.0,12.3,50.0,4.81,47.76,44.2,16.83,38.45,7.62,55.15,4.36,50.0,12.3,50.0,4.81,45.91,36.98,14.08,49.89,9.88,49.31,3.9,50.0,12.3,50.0,4.81,44.97
202607110809,2026-07-11,08,9R,realtime,68.66,26.14,49.89,9.88,55.46,4.38,62.86,15.46,45.26,4.35,60.22,51.41,19.57,44.17,8.75,35.48,2.8,54.26,13.35,69.75,6.71,51.18,50.19,19.11,44.17,8.75,62.51,4.94,62.66,15.41,65.61,6.31,54.52,48.07,18.3,44.17,8.75,45.61,3.61,49.53,12.18,47.54,4.57,47.41,44.2,16.83,38.45,7.62,55.15,4.36,37.48,9.22,39.62,3.81,41.83,36.98,14.08,49.89,9.88,49.31,3.9,33.31,8.19,32.14,3.09,39.14
202607110810,2026-07-11,08,10R,daily,68.66,26.14,59.42,11.77,62.47,4.94,50.0,12.3,50.0,4.81,59.96,51.41,19.57,49.89,9.88,56.19,4.44,50.0,12.3,50.0,4.81,51.0,50.19,19.11,55.61,11.02,52.08,4.12,50.0,12.3,50.0,4.81,51.35,48.07,18.3,42.27,8.37,49.79,3.94,50.0,12.3,50.0,4.81,47.72,44.2,16.83,46.08,9.13,51.3,4.05,50.0,12.3,50.0,4.81,47.12,36.98,14.08,47.98,9.51,40.87,3.23,50.0,12.3,50.0,4.81,43.92
202607110810,2026-07-11,08,10R,realtime,68.66,26.14,59.42,11.77,62.47,4.94,58.82,14.47,45.26,4.35,61.67,51.41,19.57,49.89,9.88,56.19,4.44,55.79,13.72,69.75,6.71,54.33,50.19,19.11,55.61,11.02,52.08,4.12,36.06,8.87,65.61,6.31,49.42,48.07,18.3,42.27,8.37,49.79,3.94,55.92,13.75,47.54,4.57,48.93,44.2,16.83,46.08,9.13,51.3,4.05,46.52,11.44,39.62,3.81,45.26,36.98,14.08,47.98,9.51,40.87,3.23,46.99,11.56,32.14,3.09,41.46
202607110811,2026-07-11,08,11R,daily,68.66,26.14,55.61,11.02,54.44,4.3,50.0,12.3,50.0,4.81,58.57,51.41,19.57,57.52,11.39,39.25,3.1,50.0,12.3,50.0,4.81,51.18,50.19,19.11,47.98,9.51,56.75,4.49,50.0,12.3,50.0,4.81,50.21,48.07,18.3,42.27,8.37,71.04,5.62,50.0,12.3,50.0,4.81,49.39,44.2,16.83,47.98,9.51,52.43,4.14,50.0,12.3,50.0,4.81,47.58,36.98,14.08,49.89,9.88,58.67,4.64,50.0,12.3,50.0,4.81,45.71
202607110811,2026-07-11,08,11R,realtime,68.66,26.14,55.61,11.02,54.44,4.3,69.25,17.03,45.26,4.35,62.85,51.41,19.57,57.52,11.39,39.25,3.1,40.23,9.9,69.75,6.71,50.67,50.19,19.11,47.98,9.51,56.75,4.49,48.03,11.82,65.61,6.31,51.22,48.07,18.3,42.27,8.37,71.04,5.62,41.4,10.18,47.54,4.57,47.04,44.2,16.83,47.98,9.51,52.43,4.14,44.38,10.92,39.62,3.81,45.2,36.98,14.08,49.89,9.88,58.67,4.64,56.82,13.98,32.14,3.09,45.67
202607110812,2026-07-11,08,12R,daily,68.66,26.14,53.7,10.64,64.36,5.09,50.0,12.3,50.0,4.81,58.97,51.41,19.57,49.89,9.88,50.35,3.98,50.0,12.3,50.0,4.81,50.54,50.19,19.11,49.89,9.88,47.21,3.73,50.0,12.3,50.0,4.81,49.83,48.07,18.3,42.27,8.37,59.62,4.71,50.0,12.3,50.0,4.81,48.49,44.2,16.83,47.98,9.51,64.78,5.12,50.0,12.3,50.0,4.81,48.56,36.98,14.08,49.89,9.88,58.32,4.61,50.0,12.3,50.0,4.81,45.68
202607110812,2026-07-11,08,12R,realtime,68.66,26.14,53.7,10.64,64.36,5.09,69.45,17.08,45.36,4.36,63.31,50.19,19.11,49.89,9.88,50.35,3.98,35.01,8.61,57.22,5.5,47.09,51.41,19.57,49.89,9.88,47.21,3.73,53.54,13.17,62.88,6.05,52.4,44.2,16.83,42.27,8.37,59.62,4.71,39.57,9.73,45.85,4.41,44.06,48.07,18.3,47.98,9.51,64.78,5.12,52.83,12.99,48.77,4.69,50.61,36.98,14.08,49.89,9.88,58.32,4.61,49.69,12.22,39.85,3.83,44.63
202607110901,2026-07-11,09,1R,daily,65.69,27.49,52.27,11.16,50.0,4.29,50.0,11.09,50.0,3.02,57.05,53.06,22.21,46.56,9.94,35.97,3.09,50.0,11.09,50.0,3.02,49.34,51.23,21.44,44.66,9.53,59.27,5.09,50.0,11.09,50.0,3.02,50.17,48.49,20.3,44.66,9.53,47.19,4.05,50.0,11.09,50.0,3.02,47.99,45.16,18.9,42.76,9.13,48.2,4.14,50.0,11.09,50.0,3.02,46.27,36.13,15.12,35.15,7.5,59.74,5.13,50.0,11.09,50.0,3.02,41.86
202607110901,2026-07-11,09,1R,realtime,65.69,27.49,52.27,11.16,50.0,4.29,51.6,11.45,40.28,2.43,56.82,53.06,22.21,46.56,9.94,35.97,3.09,58.1,12.89,45.81,2.76,50.89,51.23,21.44,44.66,9.53,59.27,5.09,59.61,13.23,56.2,3.39,52.68,48.49,20.3,44.66,9.53,47.19,4.05,45.41,10.07,53.12,3.2,47.16,45.16,18.9,42.76,9.13,48.2,4.14,30.09,6.68,53.03,3.2,42.04,36.13,15.12,35.15,7.5,59.74,5.13,55.19,12.24,51.59,3.11,43.11
202607110902,2026-07-11,09,2R,daily,65.69,27.49,42.76,9.13,51.89,4.45,50.0,11.09,50.0,3.02,55.18,53.06,22.21,44.66,9.53,64.01,5.49,50.0,11.09,50.0,3.02,51.34,51.23,21.44,37.05,7.91,43.95,3.77,50.0,11.09,50.0,3.02,47.23,48.49,20.3,40.86,8.72,52.77,4.53,50.0,11.09,50.0,3.02,47.65,45.16,18.9,48.46,10.34,50.0,4.29,50.0,11.09,50.0,3.02,47.65,36.13,15.12,46.56,9.94,63.13,5.42,50.0,11.09,50.0,3.02,44.59
202607110902,2026-07-11,09,2R,realtime,65.69,27.49,42.76,9.13,51.89,4.45,45.95,10.19,32.15,1.94,53.21,53.06,22.21,44.66,9.53,64.01,5.49,59.25,13.15,69.44,4.19,54.57,51.23,21.44,37.05,7.91,43.95,3.77,46.45,10.31,36.7,2.21,45.64,48.49,20.3,40.86,8.72,52.77,4.53,52.38,11.62,55.17,3.33,48.49,45.16,18.9,48.46,10.34,50.0,4.29,47.25,10.48,65.18,3.93,47.95,36.13,15.12,46.56,9.94,63.13,5.42,48.72,10.81,41.39,2.5,43.78
202607110903,2026-07-11,09,3R,daily,65.69,27.49,42.76,9.13,51.39,4.41,50.0,11.09,50.0,3.02,55.14,53.06,22.21,50.36,10.75,46.86,4.02,50.0,11.09,50.0,3.02,51.09,51.23,21.44,48.46,10.34,56.26,4.83,50.0,11.09,50.0,3.02,50.72,48.49,20.3,44.66,9.53,50.0,4.29,50.0,11.09,50.0,3.02,48.23,45.16,18.9,35.15,7.5,50.0,4.29,50.0,11.09,50.0,3.02,44.81,36.13,15.12,52.27,11.16,50.0,4.29,50.0,11.09,50.0,3.02,44.68
202607110903,2026-07-11,09,3R,realtime,65.69,27.49,42.76,9.13,51.39,4.41,36.73,8.15,32.15,1.94,51.12,53.06,22.21,50.36,10.75,46.86,4.02,53.21,11.8,69.44,4.19,52.97,51.23,21.44,48.46,10.34,56.26,4.83,41.58,9.22,36.7,2.21,48.05,48.49,20.3,44.66,9.53,50.0,4.29,45.23,10.03,55.17,3.33,47.48,36.13,15.12,35.15,7.5,50.0,4.29,53.33,11.83,41.39,2.5,41.24,45.16,18.9,52.27,11.16,50.0,4.29,69.91,15.51,65.18,3.93,53.79
202607110904,2026-07-11,09,4R,daily,65.69,27.49,46.56,9.94,63.9,5.48,50.0,11.09,50.0,3.02,57.02,53.06,22.21,61.77,13.19,50.0,4.29,50.0,11.09,50.0,3.02,53.79,51.23,21.44,44.66,9.53,51.5,4.42,50.0,11.09,50.0,3.02,49.5,48.49,20.3,50.36,10.75,49.03,4.21,50.0,11.09,50.0,3.02,49.36,45.16,18.9,42.76,9.13,48.08,4.13,50.0,11.09,50.0,3.02,46.26,36.13,15.12,48.46,10.34,47.78,4.1,50.0,11.09,50.0,3.02,43.68
202607110904,2026-07-11,09,4R,realtime,65.69,27.49,46.56,9.94,63.9,5.48,45.59,10.11,32.15,1.94,54.97,53.06,22.21,61.77,13.19,50.0,4.29,60.51,13.43,69.44,4.19,57.3,51.23,21.44,44.66,9.53,51.5,4.42,33.35,7.4,36.7,2.21,45.01,48.49,20.3,50.36,10.75,49.03,4.21,46.02,10.21,55.17,3.33,48.79,45.16,18.9,42.76,9.13,48.08,4.13,46.56,10.33,65.18,3.93,46.42,36.13,15.12,48.46,10.34,47.78,4.1,67.98,15.08,41.39,2.5,47.15
202607110905,2026-07-11,09,5R,daily,65.69,27.49,48.46,10.34,45.94,3.94,50.0,11.09,50.0,3.02,55.89,53.06,22.21,44.66,9.53,33.08,2.84,50.0,11.09,50.0,3.02,48.69,51.23,21.44,46.56,9.94,52.75,4.53,50.0,11.09,50.0,3.02,50.02,48.49,20.3,35.15,7.5,50.0,4.29,50.0,11.09,50.0,3.02,46.2,45.16,18.9,50.36,10.75,44.02,3.78,50.0,11.09,50.0,3.02,47.54,36.13,15.12,48.46,10.34,54.48,4.68,50.0,11.09,50.0,3.02,44.25
202607110905,2026-07-11,09,5R,realtime,65.69,27.49,48.46,10.34,45.94,3.94,40.23,8.92,36.43,2.2,52.9,53.06,22.21,44.66,9.53,33.08,2.84,55.38,12.29,55.63,3.35,50.22,51.23,21.44,46.56,9.94,52.75,4.53,33.98,7.54,45.66,2.75,46.2,48.49,20.3,35.15,7.5,50.0,4.29,44.26,9.82,47.12,2.84,44.75,45.16,18.9,50.36,10.75,44.02,3.78,68.15,15.12,64.1,3.87,52.42,36.13,15.12,48.46,10.34,54.48,4.68,58.03,12.87,51.11,3.08,46.1
202607110906,2026-07-11,09,6R,daily,65.69,27.49,44.66,9.53,50.0,4.29,50.0,11.09,50.0,3.02,55.43,53.06,22.21,54.17,11.56,40.47,3.47,50.0,11.09,50.0,3.02,51.35,51.23,21.44,50.36,10.75,50.0,4.29,50.0,11.09,50.0,3.02,50.59,48.49,20.3,48.46,10.34,50.0,4.29,50.0,11.09,50.0,3.02,49.04,45.16,18.9,44.66,9.53,47.19,4.05,50.0,11.09,50.0,3.02,46.59,36.13,15.12,44.66,9.53,64.01,5.49,50.0,11.09,50.0,3.02,44.26
202607110906,2026-07-11,09,6R,realtime,65.69,27.49,44.66,9.53,50.0,4.29,36.18,8.03,36.43,2.2,51.54,53.06,22.21,54.17,11.56,40.47,3.47,66.38,14.73,55.63,3.35,55.32,51.23,21.44,50.36,10.75,50.0,4.29,62.69,13.91,45.66,2.75,53.15,48.49,20.3,48.46,10.34,50.0,4.29,52.22,11.58,47.12,2.84,49.36,45.16,18.9,44.66,9.53,47.19,4.05,37.02,8.21,64.1,3.87,44.56,36.13,15.12,44.66,9.53,64.01,5.49,45.52,10.1,51.11,3.08,43.33
202607110907,2026-07-11,09,7R,daily,65.69,27.49,40.86,8.72,52.77,4.53,50.0,11.09,50.0,3.02,54.85,53.06,22.21,61.77,13.19,50.0,4.29,50.0,11.09,50.0,3.02,53.79,51.23,21.44,37.05,7.91,53.29,4.57,50.0,11.09,50.0,3.02,48.03,48.49,20.3,46.56,9.94,35.97,3.09,50.0,11.09,50.0,3.02,47.43,45.16,18.9,48.46,10.34,50.0,4.29,50.0,11.09,50.0,3.02,47.65,36.13,15.12,50.36,10.75,46.86,4.02,50.0,11.09,50.0,3.02,44.0
202607110907,2026-07-11,09,7R,realtime,65.69,27.49,40.86,8.72,52.77,4.53,59.34,13.17,34.81,2.1,56.01,53.06,22.21,61.77,13.19,50.0,4.29,52.94,11.74,71.39,4.31,55.73,51.23,21.44,37.05,7.91,53.29,4.57,39.04,8.66,32.81,1.98,44.56,48.49,20.3,46.56,9.94,35.97,3.09,50.58,11.22,54.96,3.31,47.86,45.16,18.9,48.46,10.34,50.0,4.29,59.49,13.2,64.18,3.87,50.61,36.13,15.12,50.36,10.75,46.86,4.02,38.62,8.57,41.89,2.53,40.99
202607110908,2026-07-11,09,8R,daily,65.69,27.49,44.66,9.53,48.58,4.17,50.0,11.09,50.0,3.02,55.3,53.06,22.21,46.56,9.94,50.0,4.29,50.0,11.09,50.0,3.02,50.55,51.23,21.44,48.46,10.34,47.78,4.1,50.0,11.09,50.0,3.02,50.0,48.49,20.3,54.17,11.56,50.0,4.29,50.0,11.09,50.0,3.02,50.26,45.16,18.9,42.76,9.13,51.89,4.45,50.0,11.09,50.0,3.02,46.59,36.13,15.12,35.15,7.5,50.0,4.29,50.0,11.09,50.0,3.02,41.02
202607110908,2026-07-11,09,8R,realtime,65.69,27.49,44.66,9.53,48.58,4.17,61.4,13.62,36.92,2.23,57.04,53.06,22.21,46.56,9.94,50.0,4.29,52.32,11.61,63.24,3.81,51.86,51.23,21.44,48.46,10.34,47.78,4.1,64.56,14.32,37.87,2.28,52.5,48.49,20.3,54.17,11.56,50.0,4.29,47.57,10.55,63.44,3.83,50.53,45.16,18.9,42.76,9.13,51.89,4.45,28.42,6.3,53.13,3.2,41.99,36.13,15.12,35.15,7.5,50.0,4.29,45.72,10.14,45.45,2.74,39.8
202607110909,2026-07-11,09,9R,daily,65.69,27.49,42.76,9.13,46.14,3.96,50.0,11.09,50.0,3.02,54.69,53.06,22.21,37.05,7.91,43.95,3.77,50.0,11.09,50.0,3.02,48.0,51.23,21.44,65.58,14.0,48.83,4.19,50.0,11.09,50.0,3.02,53.74,48.49,20.3,42.76,9.13,51.39,4.41,50.0,11.09,50.0,3.02,47.94,45.16,18.9,46.56,9.94,52.75,4.53,50.0,11.09,50.0,3.02,47.48,36.13,15.12,61.77,13.19,50.0,4.29,50.0,11.09,50.0,3.02,46.71
202607110909,2026-07-11,09,9R,realtime,65.69,27.49,42.76,9.13,46.14,3.96,54.14,12.01,38.54,2.32,54.92,53.06,22.21,37.05,7.91,43.95,3.77,49.75,11.04,47.48,2.86,47.79,51.23,21.44,65.58,14.0,48.83,4.19,52.36,11.62,50.72,3.06,54.31,48.49,20.3,42.76,9.13,51.39,4.41,48.83,10.83,55.6,3.35,48.02,45.16,18.9,46.56,9.94,52.75,4.53,36.63,8.13,53.05,3.2,44.69,36.13,15.12,61.77,13.19,50.0,4.29,58.32,12.94,54.67,3.3,48.83
202607110910,2026-07-11,09,10R,daily,65.69,27.49,48.46,10.34,56.26,4.83,50.0,11.09,50.0,3.02,56.77,53.06,22.21,46.56,9.94,63.13,5.42,50.0,11.09,50.0,3.02,51.67,51.23,21.44,42.76,9.13,48.08,4.13,50.0,11.09,50.0,3.02,48.8,48.49,20.3,54.17,11.56,40.47,3.47,50.0,11.09,50.0,3.02,49.44,45.16,18.9,48.46,10.34,45.94,3.94,50.0,11.09,50.0,3.02,47.3,36.13,15.12,44.66,9.53,59.27,5.09,50.0,11.09,50.0,3.02,43.85
202607110910,2026-07-11,09,10R,realtime,65.69,27.49,48.46,10.34,56.26,4.83,54.38,12.06,38.54,2.32,57.05,53.06,22.21,46.56,9.94,63.13,5.42,45.9,10.18,47.48,2.86,50.61,51.23,21.44,42.76,9.13,48.08,4.13,49.93,11.08,50.72,3.06,48.83,48.49,20.3,54.17,11.56,40.47,3.47,64.35,14.28,55.6,3.35,52.96,45.16,18.9,48.46,10.34,45.94,3.94,28.45,6.31,53.05,3.2,42.7,36.13,15.12,44.66,9.53,59.27,5.09,56.99,12.64,54.67,3.3,45.68
202607110911,2026-07-11,09,11R,daily,65.69,27.49,50.36,10.75,50.0,4.29,50.0,11.09,50.0,3.02,56.64,53.06,22.21,52.27,11.16,50.0,4.29,50.0,11.09,50.0,3.02,51.76,51.23,21.44,52.27,11.16,50.0,4.29,50.0,11.09,50.0,3.02,51.0,48.49,20.3,42.76,9.13,49.15,4.22,50.0,11.09,50.0,3.02,47.75,45.16,18.9,44.66,9.53,33.08,2.84,50.0,11.09,50.0,3.02,45.38,36.13,15.12,50.36,10.75,50.0,4.29,50.0,11.09,50.0,3.02,44.27
202607110911,2026-07-11,09,11R,realtime,65.69,27.49,50.36,10.75,50.0,4.29,52.81,11.72,38.54,2.32,56.58,53.06,22.21,52.27,11.16,50.0,4.29,46.6,10.34,47.48,2.86,50.86,51.23,21.44,52.27,11.16,50.0,4.29,60.68,13.46,50.72,3.06,53.41,48.49,20.3,42.76,9.13,49.15,4.22,43.93,9.75,55.6,3.35,46.74,45.16,18.9,44.66,9.53,33.08,2.84,36.97,8.2,53.05,3.2,42.68,36.13,15.12,50.36,10.75,50.0,4.29,59.02,13.09,54.67,3.3,46.55
202607110912,2026-07-11,09,12R,daily,65.69,27.49,54.17,11.56,50.0,4.29,50.0,11.09,50.0,3.02,57.45,53.06,22.21,48.46,10.34,50.0,4.29,50.0,11.09,50.0,3.02,50.95,51.23,21.44,56.07,11.97,30.82,2.65,50.0,11.09,50.0,3.02,50.16,48.49,20.3,42.76,9.13,48.2,4.14,50.0,11.09,50.0,3.02,47.67,45.16,18.9,46.56,9.94,63.9,5.48,50.0,11.09,50.0,3.02,48.43,36.13,15.12,48.46,10.34,50.0,4.29,50.0,11.09,50.0,3.02,43.87
202607110912,2026-07-11,09,12R,realtime,65.69,27.49,54.17,11.56,50.0,4.29,67.7,15.02,45.6,2.75,61.12,53.06,22.21,48.46,10.34,50.0,4.29,52.09,11.56,49.72,3.0,51.4,51.23,21.44,56.07,11.97,30.82,2.65,63.93,14.18,48.41,2.92,53.16,48.49,20.3,42.76,9.13,48.2,4.14,28.22,6.26,52.7,3.18,43.0,45.16,18.9,46.56,9.94,63.9,5.48,43.63,9.68,51.03,3.08,47.08,36.13,15.12,48.46,10.34,50.0,4.29,44.44,9.86,52.59,3.17,42.79
202607111001,2026-07-11,10,1R,daily,67.54,25.95,50.57,14.37,53.24,4.34,50.0,8.49,50.0,4.02,57.16,52.66,20.23,50.57,14.37,57.77,4.71,50.0,8.49,50.0,4.02,51.82,50.78,19.51,47.75,13.57,49.93,4.07,50.0,8.49,50.0,4.02,49.65,47.83,18.38,42.13,11.97,45.9,3.74,50.0,8.49,50.0,4.02,46.59,43.93,16.88,50.57,14.37,49.47,4.03,50.0,8.49,50.0,4.02,47.79,36.87,14.16,44.94,12.77,40.53,3.3,50.0,8.49,50.0,4.02,42.74
202607111001,2026-07-11,10,1R,realtime,67.54,25.95,50.57,14.37,53.24,4.34,57.21,9.71,39.19,3.15,57.52,52.66,20.23,50.57,14.37,57.77,4.71,72.45,12.3,56.59,4.55,56.16,50.78,19.51,47.75,13.57,49.93,4.07,39.53,6.71,53.72,4.32,48.18,47.83,18.38,42.13,11.97,45.9,3.74,53.01,9.0,40.77,3.27,46.36,43.93,16.88,50.57,14.37,49.47,4.03,34.57,5.87,50.76,4.08,45.23,36.87,14.16,44.94,12.77,40.53,3.3,43.28,7.35,59.09,4.75,42.33
202607111002,2026-07-11,10,2R,daily,67.54,25.95,56.19,15.97,29.89,2.44,50.0,8.49,50.0,4.02,56.86,52.66,20.23,44.94,12.77,48.42,3.95,50.0,8.49,50.0,4.02,49.46,50.78,19.51,44.94,12.77,41.31,3.37,50.0,8.49,50.0,4.02,48.15,47.83,18.38,47.75,13.57,35.91,2.93,50.0,8.49,50.0,4.02,47.38,43.93,16.88,42.13,11.97,38.78,3.16,50.0,8.49,50.0,4.02,44.52,36.87,14.16,47.75,13.57,51.06,4.16,50.0,8.49,50.0,4.02,44.4
202607111002,2026-07-11,10,2R,realtime,67.54,25.95,56.19,15.97,29.89,2.44,55.08,9.35,41.86,3.36,57.07,52.66,20.23,44.94,12.77,48.42,3.95,45.05,7.65,48.15,3.87,48.47,50.78,19.51,44.94,12.77,41.31,3.37,58.0,9.84,65.08,5.23,50.72,47.83,18.38,47.75,13.57,35.91,2.93,51.67,8.77,58.07,4.66,48.31,43.93,16.88,42.13,11.97,38.78,3.16,32.36,5.49,45.5,3.65,41.16,36.87,14.16,47.75,13.57,51.06,4.16,57.91,9.83,41.47,3.33,45.06
202607111003,2026-07-11,10,3R,daily,67.54,25.95,44.94,12.77,54.29,4.43,50.0,8.49,50.0,4.02,55.65,52.66,20.23,50.57,14.37,48.65,3.97,50.0,8.49,50.0,4.02,51.07,50.78,19.51,50.57,14.37,50.96,4.16,50.0,8.49,50.0,4.02,50.54,47.83,18.38,42.13,11.97,38.92,3.17,50.0,8.49,50.0,4.02,46.02,43.93,16.88,56.19,15.97,48.4,3.95,50.0,8.49,50.0,4.02,49.3,36.87,14.16,42.13,11.97,48.6,3.96,50.0,8.49,50.0,4.02,42.6
202607111003,2026-07-11,10,3R,realtime,52.66,20.23,44.94,12.77,54.29,4.43,53.67,9.11,53.41,4.29,50.83,67.54,25.95,50.57,14.37,48.65,3.97,41.25,7.0,33.2,2.67,53.95,50.78,19.51,50.57,14.37,50.96,4.16,56.3,9.56,68.04,5.47,53.06,43.93,16.88,42.13,11.97,38.92,3.17,47.69,8.1,46.09,3.7,43.82,47.83,18.38,56.19,15.97,48.4,3.95,55.97,9.5,50.67,4.07,51.86,36.87,14.16,42.13,11.97,48.6,3.96,45.16,7.67,48.73,3.91,41.68
202607111004,2026-07-11,10,4R,daily,67.54,25.95,47.75,13.57,61.13,4.98,50.0,8.49,50.0,4.02,57.01,52.66,20.23,47.75,13.57,38.83,3.17,50.0,8.49,50.0,4.02,49.47,50.78,19.51,44.94,12.77,42.88,3.5,50.0,8.49,50.0,4.02,48.28,47.83,18.38,53.38,15.17,61.71,5.03,50.0,8.49,50.0,4.02,51.08,43.93,16.88,47.75,13.57,48.32,3.94,50.0,8.49,50.0,4.02,46.89,36.87,14.16,59.0,16.77,63.65,5.19,50.0,8.49,50.0,4.02,48.63
202607111004,2026-07-11,10,4R,realtime,67.54,25.95,47.75,13.57,61.13,4.98,64.8,11.0,41.38,3.32,58.83,50.78,19.51,47.75,13.57,38.83,3.17,48.28,8.19,49.02,3.94,48.38,47.83,18.38,44.94,12.77,42.88,3.5,53.47,9.08,46.88,3.77,47.48,43.93,16.88,53.38,15.17,61.71,5.03,60.73,10.31,52.41,4.21,51.6,36.87,14.16,47.75,13.57,48.32,3.94,42.53,7.22,56.26,4.52,43.41,52.66,20.23,59.0,16.77,63.65,5.19,30.24,5.13,54.19,4.35,51.68
202607111005,2026-07-11,10,5R,daily,67.54,25.95,44.94,12.77,57.78,4.71,50.0,8.49,50.0,4.02,55.94,52.66,20.23,44.94,12.77,52.44,4.28,50.0,8.49,50.0,4.02,49.78,50.78,19.51,42.13,11.97,47.86,3.9,50.0,8.49,50.0,4.02,47.89,47.83,18.38,42.13,11.97,41.7,3.4,50.0,8.49,50.0,4.02,46.25,43.93,16.88,50.57,14.37,66.03,5.38,50.0,8.49,50.0,4.02,49.14,36.87,14.16,75.88,21.56,68.12,5.55,50.0,8.49,50.0,4.02,53.79
202607111005,2026-07-11,10,5R,realtime,67.54,25.95,44.94,12.77,57.78,4.71,60.24,10.22,41.38,3.32,56.98,52.66,20.23,44.94,12.77,52.44,4.28,42.86,7.28,54.19,4.35,48.91,50.78,19.51,42.13,11.97,47.86,3.9,37.92,6.44,49.02,3.94,45.76,47.83,18.38,42.13,11.97,41.7,3.4,38.88,6.6,46.88,3.77,44.11,43.93,16.88,50.57,14.37,66.03,5.38,51.44,8.73,52.41,4.21,49.57,36.87,14.16,75.88,21.56,68.12,5.55,68.7,11.66,56.26,4.52,57.46
202607111006,2026-07-11,10,6R,daily,67.54,25.95,44.94,12.77,59.58,4.86,50.0,8.49,50.0,4.02,56.08,52.66,20.23,53.38,15.17,49.26,4.02,50.0,8.49,50.0,4.02,51.92,50.78,19.51,47.75,13.57,30.59,2.49,50.0,8.49,50.0,4.02,48.08,47.83,18.38,53.38,15.17,60.39,4.92,50.0,8.49,50.0,4.02,50.97,43.93,16.88,61.82,17.57,61.81,5.04,50.0,8.49,50.0,4.02,51.99,36.87,14.16,47.75,13.57,49.93,4.07,50.0,8.49,50.0,4.02,44.31
202607111006,2026-07-11,10,6R,realtime,52.66,20.23,44.94,12.77,59.58,4.86,60.44,10.26,50.89,4.09,52.21,50.78,19.51,53.38,15.17,49.26,4.02,62.58,10.62,64.95,5.22,54.54,67.54,25.95,47.75,13.57,30.59,2.49,43.23,7.34,36.46,2.93,52.28,47.83,18.38,53.38,15.17,60.39,4.92,48.25,8.19,55.57,4.46,51.12,43.93,16.88,61.82,17.57,61.81,5.04,50.88,8.64,46.76,3.76,51.88,36.87,14.16,47.75,13.57,49.93,4.07,34.66,5.88,45.5,3.65,41.34
202607111007,2026-07-11,10,7R,daily,67.54,25.95,47.75,13.57,59.57,4.86,50.0,8.49,50.0,4.02,56.88,52.66,20.23,44.94,12.77,53.03,4.32,50.0,8.49,50.0,4.02,49.83,50.78,19.51,53.38,15.17,63.12,5.15,50.0,8.49,50.0,4.02,52.33,47.83,18.38,44.94,12.77,53.58,4.37,50.0,8.49,50.0,4.02,48.02,43.93,16.88,50.57,14.37,48.65,3.97,50.0,8.49,50.0,4.02,47.72,36.87,14.16,59.0,16.77,62.78,5.12,50.0,8.49,50.0,4.02,48.55
202607111007,2026-07-11,10,7R,realtime,67.54,25.95,47.75,13.57,59.57,4.86,50.97,8.65,37.55,3.02,56.04,52.66,20.23,44.94,12.77,53.03,4.32,56.77,9.64,49.69,3.99,50.95,50.78,19.51,53.38,15.17,63.12,5.15,53.34,9.05,62.6,5.03,53.91,47.83,18.38,44.94,12.77,53.58,4.37,37.59,6.38,58.63,4.71,46.6,43.93,16.88,50.57,14.37,48.65,3.97,46.62,7.91,47.59,3.82,46.95,36.87,14.16,59.0,16.77,62.78,5.12,54.8,9.3,44.08,3.54,48.89
202607111008,2026-07-11,10,8R,daily,67.54,25.95,44.94,12.77,40.53,3.3,50.0,8.49,50.0,4.02,54.53,52.66,20.23,47.75,13.57,48.32,3.94,50.0,8.49,50.0,4.02,50.25,50.78,19.51,42.13,11.97,29.83,2.43,50.0,8.49,50.0,4.02,46.42,47.83,18.38,47.75,13.57,57.68,4.7,50.0,8.49,50.0,4.02,49.15,43.93,16.88,44.94,12.77,48.42,3.95,50.0,8.49,50.0,4.02,46.1,36.87,14.16,44.94,12.77,54.29,4.43,50.0,8.49,50.0,4.02,43.87
202607111008,2026-07-11,10,8R,realtime,67.54,25.95,44.94,12.77,40.53,3.3,47.85,8.12,44.64,3.59,53.73,52.66,20.23,47.75,13.57,48.32,3.94,39.68,6.73,51.67,4.15,48.63,50.78,19.51,42.13,11.97,29.83,2.43,43.22,7.34,45.93,3.69,44.94,47.83,18.38,47.75,13.57,57.68,4.7,56.55,9.6,51.78,4.16,50.41,43.93,16.88,44.94,12.77,48.42,3.95,49.41,8.39,53.08,4.26,46.25,36.87,14.16,44.94,12.77,54.29,4.43,63.33,10.75,53.03,4.26,46.37
202607111009,2026-07-11,10,9R,daily,67.54,25.95,44.94,12.77,46.86,3.82,50.0,8.49,50.0,4.02,55.04,52.66,20.23,47.75,13.57,41.45,3.38,50.0,8.49,50.0,4.02,49.69,50.78,19.51,42.13,11.97,48.6,3.96,50.0,8.49,50.0,4.02,47.95,47.83,18.38,47.75,13.57,51.06,4.16,50.0,8.49,50.0,4.02,48.61,43.93,16.88,47.75,13.57,38.83,3.17,50.0,8.49,50.0,4.02,46.12,36.87,14.16,42.13,11.97,45.9,3.74,50.0,8.49,50.0,4.02,42.38
202607111009,2026-07-11,10,9R,realtime,67.54,25.95,44.94,12.77,46.86,3.82,60.48,10.27,50.11,4.03,56.83,52.66,20.23,47.75,13.57,41.45,3.38,63.81,10.83,60.39,4.85,52.87,50.78,19.51,42.13,11.97,48.6,3.96,44.46,7.55,30.98,2.49,45.48,47.83,18.38,47.75,13.57,51.06,4.16,47.52,8.07,46.99,3.77,47.95,43.93,16.88,47.75,13.57,38.83,3.17,43.16,7.33,59.76,4.8,45.74,36.87,14.16,42.13,11.97,45.9,3.74,40.61,6.89,51.89,4.17,40.94
202607111010,2026-07-11,10,10R,daily,67.54,25.95,59.0,16.77,63.65,5.19,50.0,8.49,50.0,4.02,60.41,52.66,20.23,56.19,15.97,48.4,3.95,50.0,8.49,50.0,4.02,52.65,50.78,19.51,53.38,15.17,60.39,4.92,50.0,8.49,50.0,4.02,52.11,47.83,18.38,44.94,12.77,41.31,3.37,50.0,8.49,50.0,4.02,47.02,43.93,16.88,44.94,12.77,52.44,4.28,50.0,8.49,50.0,4.02,46.43,36.87,14.16,50.57,14.37,53.24,4.34,50.0,8.49,50.0,4.02,45.38
202607111010,2026-07-11,10,10R,realtime,67.54,25.95,59.0,16.77,63.65,5.19,51.81,8.79,52.31,4.2,60.9,52.66,20.23,56.19,15.97,48.4,3.95,58.0,9.84,65.35,5.25,55.24,50.78,19.51,53.38,15.17,60.39,4.92,47.91,8.13,24.67,1.98,49.72,47.83,18.38,44.94,12.77,41.31,3.37,44.05,7.48,43.06,3.46,45.45,43.93,16.88,44.94,12.77,52.44,4.28,46.81,7.94,62.68,5.03,46.91,36.87,14.16,50.57,14.37,53.24,4.34,51.49,8.74,52.03,4.18,45.8
202607111011,2026-07-11,10,11R,daily,67.54,25.95,59.0,16.77,62.78,5.12,50.0,8.49,50.0,4.02,60.34,52.66,20.23,50.57,14.37,66.03,5.38,50.0,8.49,50.0,4.02,52.49,50.78,19.51,53.38,15.17,61.71,5.03,50.0,8.49,50.0,4.02,52.21,47.83,18.38,50.57,14.37,50.96,4.16,50.0,8.49,50.0,4.02,49.4,43.93,16.88,53.38,15.17,49.26,4.02,50.0,8.49,50.0,4.02,48.57,36.87,14.16,44.94,12.77,57.78,4.71,50.0,8.49,50.0,4.02,44.15
202607111011,2026-07-11,10,11R,realtime,67.54,25.95,59.0,16.77,62.78,5.12,64.17,10.89,48.99,3.94,62.66,52.66,20.23,50.57,14.37,66.03,5.38,61.58,10.45,55.31,4.44,54.88,50.78,19.51,53.38,15.17,61.71,5.03,48.01,8.15,38.89,3.12,50.98,47.83,18.38,50.57,14.37,50.96,4.16,38.82,6.59,49.71,3.99,47.48,43.93,16.88,53.38,15.17,49.26,4.02,36.19,6.14,55.86,4.49,46.7,36.87,14.16,44.94,12.77,57.78,4.71,51.28,8.7,51.35,4.12,44.48
202607111012,2026-07-11,10,12R,daily,67.54,25.95,75.88,21.56,68.12,5.55,50.0,8.49,50.0,4.02,65.57,52.66,20.23,61.82,17.57,61.81,5.04,50.0,8.49,50.0,4.02,55.34,50.78,19.51,47.75,13.57,57.68,4.7,50.0,8.49,50.0,4.02,50.29,47.83,18.38,53.38,15.17,63.12,5.15,50.0,8.49,50.0,4.02,51.19,43.93,16.88,50.57,14.37,57.77,4.71,50.0,8.49,50.0,4.02,48.46,36.87,14.16,56.19,15.97,29.89,2.44,50.0,8.49,50.0,4.02,45.07
202607111012,2026-07-11,10,12R,realtime,67.54,25.95,75.88,21.56,68.12,5.55,39.69,6.74,51.19,4.11,63.92,52.66,20.23,61.82,17.57,61.81,5.04,54.25,9.21,60.27,4.84,56.89,50.78,19.51,47.75,13.57,57.68,4.7,46.49,7.89,32.59,2.62,48.29,47.83,18.38,53.38,15.17,63.12,5.15,50.04,8.49,45.78,3.68,50.86,43.93,16.88,50.57,14.37,57.77,4.71,62.97,10.69,58.79,4.72,51.37,36.87,14.16,56.19,15.97,29.89,2.44,46.61,7.91,51.49,4.14,44.62
202607111101,2026-07-11,11,1R,daily,68.08,27.61,56.24,13.27,46.8,4.58,50.0,9.1,50.0,3.92,58.49,52.8,21.42,48.97,11.56,40.23,3.94,50.0,9.1,50.0,3.92,49.94,51.23,20.78,44.12,10.41,45.37,4.44,50.0,9.1,50.0,3.92,48.66,49.76,20.18,39.27,9.27,38.21,3.74,50.0,9.1,50.0,3.92,46.22,44.2,17.93,51.39,12.13,60.4,5.91,50.0,9.1,50.0,3.92,48.99,33.3,13.51,34.42,8.12,52.49,5.14,50.0,9.1,50.0,3.92,39.79
202607111101,2026-07-11,11,1R,realtime,68.08,27.61,56.24,13.27,46.8,4.58,73.96,13.47,67.92,5.33,64.26,52.8,21.42,48.97,11.56,40.23,3.94,45.53,8.29,39.3,3.08,48.28,51.23,20.78,44.12,10.41,45.37,4.44,43.48,7.92,54.94,4.31,47.86,49.76,20.18,39.27,9.27,38.21,3.74,59.42,10.82,46.41,3.64,47.65,44.2,17.93,51.39,12.13,60.4,5.91,43.11,7.85,47.53,3.73,47.55,33.3,13.51,34.42,8.12,52.49,5.14,34.47,6.28,43.83,3.44,36.48
202607111102,2026-07-11,11,2R,daily,68.08,27.61,51.39,12.13,44.68,4.37,50.0,9.1,50.0,3.92,57.14,52.8,21.42,39.27,9.27,51.68,5.06,50.0,9.1,50.0,3.92,48.77,51.23,20.78,58.66,13.85,44.41,4.35,50.0,9.1,50.0,3.92,52.0,49.76,20.18,46.54,10.98,70.17,6.87,50.0,9.1,50.0,3.92,51.06,44.2,17.93,48.97,11.56,64.89,6.35,50.0,9.1,50.0,3.92,48.86,33.3,13.51,31.99,7.55,56.8,5.56,50.0,9.1,50.0,3.92,39.64
202607111102,2026-07-11,11,2R,realtime,68.08,27.61,51.39,12.13,44.68,4.37,60.26,10.97,67.92,5.33,60.42,52.8,21.42,39.27,9.27,51.68,5.06,45.82,8.34,39.3,3.08,47.17,51.23,20.78,58.66,13.85,44.41,4.35,58.62,10.67,54.94,4.31,53.96,49.76,20.18,46.54,10.98,70.17,6.87,40.56,7.38,46.41,3.64,49.06,44.2,17.93,48.97,11.56,64.89,6.35,39.13,7.12,47.53,3.73,46.69,33.3,13.51,31.99,7.55,56.8,5.56,55.61,10.13,43.83,3.44,40.18
202607111103,2026-07-11,11,3R,daily,68.08,27.61,41.69,9.84,59.37,5.81,50.0,9.1,50.0,3.92,56.29,52.8,21.42,41.69,9.84,37.91,3.71,50.0,9.1,50.0,3.92,47.99,51.23,20.78,48.97,11.56,65.3,6.39,50.0,9.1,50.0,3.92,51.75,49.76,20.18,44.12,10.41,51.52,5.04,50.0,9.1,50.0,3.92,48.66,44.2,17.93,46.54,10.98,43.75,4.28,50.0,9.1,50.0,3.92,46.22,33.3,13.51,63.51,14.99,51.25,5.02,50.0,9.1,50.0,3.92,46.54
202607111103,2026-07-11,11,3R,realtime,68.08,27.61,41.69,9.84,59.37,5.81,55.71,10.14,67.92,5.33,58.74,52.8,21.42,41.69,9.84,37.91,3.71,57.95,10.55,39.3,3.08,48.6,51.23,20.78,48.97,11.56,65.3,6.39,51.71,9.42,54.94,4.31,52.45,49.76,20.18,44.12,10.41,51.52,5.04,28.07,5.11,46.41,3.64,44.39,44.2,17.93,46.54,10.98,43.75,4.28,42.1,7.67,47.53,3.73,44.59,33.3,13.51,63.51,14.99,51.25,5.02,64.45,11.73,43.83,3.44,48.69
202607111104,2026-07-11,11,4R,daily,68.08,27.61,48.97,11.56,72.2,7.07,50.0,9.1,50.0,3.92,59.26,52.8,21.42,44.12,10.41,35.19,3.44,50.0,9.1,50.0,3.92,48.3,51.23,20.78,46.54,10.98,55.44,5.43,50.0,9.1,50.0,3.92,50.22,49.76,20.18,44.12,10.41,51.52,5.04,50.0,9.1,50.0,3.92,48.66,44.2,17.93,51.39,12.13,57.72,5.65,50.0,9.1,50.0,3.92,48.73,33.3,13.51,61.09,14.42,54.69,5.35,50.0,9.1,50.0,3.92,46.3
202607111104,2026-07-11,11,4R,realtime,68.08,27.61,48.97,11.56,72.2,7.07,55.26,10.06,67.92,5.33,61.63,52.8,21.42,44.12,10.41,35.19,3.44,41.18,7.5,39.3,3.08,45.85,51.23,20.78,46.54,10.98,55.44,5.43,37.06,6.75,54.94,4.31,48.25,49.76,20.18,44.12,10.41,51.52,5.04,41.65,7.58,46.41,3.64,46.86,44.2,17.93,51.39,12.13,57.72,5.65,63.47,11.56,47.53,3.73,50.99,33.3,13.51,61.09,14.42,54.69,5.35,61.37,11.17,43.83,3.44,47.89
202607111105,2026-07-11,11,5R,daily,68.08,27.61,48.97,11.56,31.05,3.04,50.0,9.1,50.0,3.92,55.24,52.8,21.42,44.12,10.41,57.55,5.63,50.0,9.1,50.0,3.92,50.49,51.23,20.78,53.82,12.7,51.8,5.07,50.0,9.1,50.0,3.92,51.58,49.76,20.18,51.39,12.13,51.56,5.05,50.0,9.1,50.0,3.92,50.38,44.2,17.93,48.97,11.56,40.23,3.94,50.0,9.1,50.0,3.92,46.45,33.3,13.51,31.99,7.55,46.05,4.51,50.0,9.1,50.0,3.92,38.59
202607111105,2026-07-11,11,5R,realtime,68.08,27.61,48.97,11.56,31.05,3.04,58.5,10.65,68.4,5.37,58.23,52.8,21.42,44.12,10.41,57.55,5.63,44.1,8.03,40.69,3.19,48.68,51.23,20.78,53.82,12.7,51.8,5.07,50.33,9.16,51.44,4.04,51.75,49.76,20.18,51.39,12.13,51.56,5.05,57.9,10.54,49.24,3.86,51.76,44.2,17.93,48.97,11.56,40.23,3.94,44.34,8.07,47.66,3.74,45.23,33.3,13.51,31.99,7.55,46.05,4.51,44.81,8.16,42.5,3.34,37.06
202607111106,2026-07-11,11,6R,daily,68.08,27.61,46.54,10.98,55.58,5.44,50.0,9.1,50.0,3.92,57.06,52.8,21.42,44.12,10.41,45.37,4.44,50.0,9.1,50.0,3.92,49.3,51.23,20.78,58.66,13.85,46.68,4.57,50.0,9.1,50.0,3.92,52.22,49.76,20.18,31.99,7.55,56.8,5.56,50.0,9.1,50.0,3.92,46.32,44.2,17.93,34.42,8.12,52.59,5.15,50.0,9.1,50.0,3.92,44.22,33.3,13.51,46.54,10.98,46.65,4.57,50.0,9.1,50.0,3.92,42.08
202607111106,2026-07-11,11,6R,realtime,68.08,27.61,46.54,10.98,55.58,5.44,61.19,11.14,68.4,5.37,60.54,52.8,21.42,44.12,10.41,45.37,4.44,51.38,9.35,40.69,3.19,48.82,51.23,20.78,58.66,13.85,46.68,4.57,58.52,10.65,51.44,4.04,53.88,49.76,20.18,31.99,7.55,56.8,5.56,39.45,7.18,49.24,3.86,44.34,44.2,17.93,34.42,8.12,52.59,5.15,48.23,8.78,47.66,3.74,43.72,33.3,13.51,46.54,10.98,46.65,4.57,41.23,7.51,42.5,3.34,39.9
202607111107,2026-07-11,11,7R,daily,68.08,27.61,53.82,12.7,63.17,6.18,50.0,9.1,50.0,3.92,59.52,52.8,21.42,44.12,10.41,43.15,4.22,50.0,9.1,50.0,3.92,49.08,51.23,20.78,39.27,9.27,42.61,4.17,50.0,9.1,50.0,3.92,47.24,49.76,20.18,46.54,10.98,43.75,4.28,50.0,9.1,50.0,3.92,48.47,44.2,17.93,39.27,9.27,51.68,5.06,50.0,9.1,50.0,3.92,45.28,33.3,13.51,56.24,13.27,56.94,5.57,50.0,9.1,50.0,3.92,45.38
202607111107,2026-07-11,11,7R,realtime,68.08,27.61,53.82,12.7,63.17,6.18,61.88,11.27,68.87,5.41,63.17,52.8,21.42,44.12,10.41,43.15,4.22,46.03,8.38,42.08,3.3,47.73,51.23,20.78,39.27,9.27,42.61,4.17,39.77,7.24,47.95,3.76,45.22,49.76,20.18,46.54,10.98,43.75,4.28,49.24,8.97,52.07,4.09,48.5,44.2,17.93,39.27,9.27,51.68,5.06,50.57,9.21,47.8,3.75,45.21,33.3,13.51,56.24,13.27,56.94,5.57,52.52,9.56,41.17,3.23,45.15
202607111108,2026-07-11,11,8R,daily,68.08,27.61,44.12,10.41,51.52,5.04,50.0,9.1,50.0,3.92,56.09,52.8,21.42,51.39,12.13,31.87,3.12,50.0,9.1,50.0,3.92,49.69,51.23,20.78,44.12,10.41,32.22,3.15,50.0,9.1,50.0,3.92,47.37,49.76,20.18,53.82,12.7,51.05,5.0,50.0,9.1,50.0,3.92,50.91,44.2,17.93,46.54,10.98,55.44,5.43,50.0,9.1,50.0,3.92,47.36,33.3,13.51,51.39,12.13,44.68,4.37,50.0,9.1,50.0,3.92,43.04
202607111108,2026-07-11,11,8R,realtime,68.08,27.61,44.12,10.41,51.52,5.04,55.68,10.14,50.56,3.97,57.17,52.8,21.42,51.39,12.13,31.87,3.12,57.51,10.47,57.81,4.54,51.67,51.23,20.78,44.12,10.41,32.22,3.15,69.17,12.59,44.54,3.5,50.43,49.76,20.18,53.82,12.7,51.05,5.0,41.19,7.5,61.14,4.8,50.18,44.2,17.93,46.54,10.98,55.44,5.43,36.44,6.63,47.34,3.71,44.69,33.3,13.51,51.39,12.13,44.68,4.37,40.0,7.28,38.56,3.03,40.32
202607111109,2026-07-11,11,9R,daily,68.08,27.61,58.66,13.85,44.41,4.35,50.0,9.1,50.0,3.92,58.83,52.8,21.42,44.12,10.41,51.52,5.04,50.0,9.1,50.0,3.92,49.9,51.23,20.78,41.69,9.84,37.91,3.71,50.0,9.1,50.0,3.92,47.36,49.76,20.18,44.12,10.41,57.55,5.63,50.0,9.1,50.0,3.92,49.25,44.2,17.93,39.27,9.27,38.21,3.74,50.0,9.1,50.0,3.92,43.96,33.3,13.51,56.24,13.27,38.34,3.75,50.0,9.1,50.0,3.92,43.56
202607111109,2026-07-11,11,9R,realtime,68.08,27.61,58.66,13.85,44.41,4.35,59.47,10.83,67.99,5.34,61.97,52.8,21.42,44.12,10.41,51.52,5.04,44.27,8.06,51.25,4.02,48.95,51.23,20.78,41.69,9.84,37.91,3.71,60.77,11.06,51.27,4.02,49.42,49.76,20.18,44.12,10.41,57.55,5.63,47.63,8.67,60.15,4.72,49.62,44.2,17.93,39.27,9.27,38.21,3.74,50.3,9.16,42.4,3.33,43.42,33.3,13.51,56.24,13.27,38.34,3.75,37.53,6.83,26.87,2.11,39.47
202607111110,2026-07-11,11,10R,daily,68.08,27.61,63.51,14.99,51.25,5.02,50.0,9.1,50.0,3.92,60.65,52.8,21.42,51.39,12.13,57.72,5.65,50.0,9.1,50.0,3.92,52.22,51.23,20.78,46.54,10.98,70.17,6.87,50.0,9.1,50.0,3.92,51.66,49.76,20.18,53.82,12.7,51.8,5.07,50.0,9.1,50.0,3.92,50.98,44.2,17.93,56.24,13.27,46.8,4.58,50.0,9.1,50.0,3.92,48.81,33.3,13.51,46.54,10.98,55.58,5.44,50.0,9.1,50.0,3.92,42.96
202607111110,2026-07-11,11,10R,realtime,68.08,27.61,63.51,14.99,51.25,5.02,67.99,12.38,50.56,3.97,63.97,52.8,21.42,51.39,12.13,57.72,5.65,55.01,10.02,57.81,4.54,53.74,51.23,20.78,46.54,10.98,70.17,6.87,37.18,6.77,44.54,3.5,48.9,49.76,20.18,53.82,12.7,51.8,5.07,40.12,7.3,61.14,4.8,50.05,44.2,17.93,56.24,13.27,46.8,4.58,51.78,9.43,47.34,3.71,48.92,33.3,13.51,46.54,10.98,55.58,5.44,47.92,8.72,38.56,3.03,41.68
202607111111,2026-07-11,11,11R,daily,68.08,27.61,56.24,13.27,56.94,5.57,50.0,9.1,50.0,3.92,59.49,52.8,21.42,48.97,11.56,64.89,6.35,50.0,9.1,50.0,3.92,52.35,51.23,20.78,51.39,12.13,51.56,5.05,50.0,9.1,50.0,3.92,50.98,49.76,20.18,58.66,13.85,46.68,4.57,50.0,9.1,50.0,3.92,51.62,44.2,17.93,48.97,11.56,72.2,7.07,50.0,9.1,50.0,3.92,49.58,33.3,13.51,41.69,9.84,59.37,5.81,50.0,9.1,50.0,3.92,42.18
202607111111,2026-07-11,11,11R,realtime,68.08,27.61,56.24,13.27,56.94,5.57,70.19,12.78,51.19,4.02,63.26,52.8,21.42,48.97,11.56,64.89,6.35,51.91,9.45,54.59,4.28,53.06,51.23,20.78,51.39,12.13,51.56,5.05,43.78,7.97,42.52,3.34,49.26,49.76,20.18,58.66,13.85,46.68,4.57,46.59,8.48,61.42,4.82,51.9,44.2,17.93,48.97,11.56,72.2,7.07,50.08,9.12,49.36,3.87,49.54,33.3,13.51,41.69,9.84,59.37,5.81,37.43,6.82,40.84,3.2,39.18
202607111112,2026-07-11,11,12R,daily,68.08,27.61,61.09,14.42,54.69,5.35,50.0,9.1,50.0,3.92,60.41,52.8,21.42,51.39,12.13,60.4,5.91,50.0,9.1,50.0,3.92,52.48,51.23,20.78,53.82,12.7,51.05,5.0,50.0,9.1,50.0,3.92,51.5,49.76,20.18,48.97,11.56,65.3,6.39,50.0,9.1,50.0,3.92,51.16,44.2,17.93,53.82,12.7,63.17,6.18,50.0,9.1,50.0,3.92,49.84,33.3,13.51,48.97,11.56,31.05,3.04,50.0,9.1,50.0,3.92,41.13
202607111112,2026-07-11,11,12R,realtime,68.08,27.61,61.09,14.42,54.69,5.35,60.62,11.04,50.37,3.95,62.37,52.8,21.42,51.39,12.13,60.4,5.91,55.01,10.02,52.73,4.14,53.61,51.23,20.78,53.82,12.7,51.05,5.0,42.71,7.78,49.27,3.87,50.12,49.76,20.18,48.97,11.56,65.3,6.39,53.95,9.82,58.65,4.6,52.55,44.2,17.93,53.82,12.7,63.17,6.18,32.83,5.98,48.65,3.82,46.61,33.3,13.51,48.97,11.56,31.05,3.04,54.9,10.0,40.25,3.16,41.26
202607111401,2026-07-11,14,1R,daily,66.24,23.5,47.07,8.5,51.04,5.93,50.0,11.71,50.0,5.71,55.35,52.01,18.46,41.76,7.54,49.99,5.8,50.0,11.71,50.0,5.71,49.23,52.12,18.49,39.99,7.22,45.53,5.29,50.0,11.71,50.0,5.71,48.42,49.55,17.58,41.76,7.54,49.64,5.76,50.0,11.71,50.0,5.71,48.31,45.11,16.01,34.69,6.26,51.78,6.01,50.0,11.71,50.0,5.71,45.71,34.54,12.26,47.07,8.5,48.8,5.67,50.0,11.71,50.0,5.71,43.84
202607111401,2026-07-11,14,1R,realtime,66.24,23.5,47.07,8.5,51.04,5.93,57.55,13.48,40.48,4.63,56.03,52.01,18.46,41.76,7.54,49.99,5.8,55.95,13.1,53.92,6.16,51.07,52.12,18.49,39.99,7.22,45.53,5.29,38.15,8.93,53.2,6.08,46.02,49.55,17.58,41.76,7.54,49.64,5.76,48.2,11.29,47.04,5.37,47.55,45.11,16.01,34.69,6.26,51.78,6.01,57.04,13.36,52.85,6.04,47.68,34.54,12.26,47.07,8.5,48.8,5.67,42.95,10.06,52.4,5.99,42.47
202607111402,2026-07-11,14,2R,daily,66.24,23.5,45.3,8.18,42.53,4.94,50.0,11.71,50.0,5.71,54.05,52.01,18.46,47.07,8.5,40.13,4.66,50.0,11.71,50.0,5.71,49.04,52.12,18.49,47.07,8.5,45.63,5.3,50.0,11.71,50.0,5.71,49.71,49.55,17.58,54.14,9.78,42.95,4.99,50.0,11.71,50.0,5.71,49.77,45.11,16.01,52.37,9.46,43.43,5.04,50.0,11.71,50.0,5.71,47.93,34.54,12.26,31.15,5.63,47.57,5.52,50.0,11.71,50.0,5.71,40.83
202607111402,2026-07-11,14,2R,realtime,66.24,23.5,45.3,8.18,42.53,4.94,55.02,12.89,40.48,4.63,54.13,52.01,18.46,47.07,8.5,40.13,4.66,44.1,10.33,53.92,6.16,48.1,52.12,18.49,47.07,8.5,45.63,5.3,58.1,13.61,53.2,6.08,51.98,49.55,17.58,54.14,9.78,42.95,4.99,51.55,12.07,47.04,5.37,49.79,45.11,16.01,52.37,9.46,43.43,5.04,47.11,11.03,52.85,6.04,47.58,34.54,12.26,31.15,5.63,47.57,5.52,43.94,10.29,52.4,5.99,39.68
202607111403,2026-07-11,14,3R,daily,66.24,23.5,52.37,9.46,50.79,5.9,50.0,11.71,50.0,5.71,56.28,52.01,18.46,54.14,9.78,56.92,6.61,50.0,11.71,50.0,5.71,52.26,52.12,18.49,41.76,7.54,50.18,5.83,50.0,11.71,50.0,5.71,49.28,49.55,17.58,41.76,7.54,46.01,5.34,50.0,11.71,50.0,5.71,47.89,45.11,16.01,48.84,8.82,54.5,6.33,50.0,11.71,50.0,5.71,48.58,34.54,12.26,36.46,6.58,54.5,6.33,50.0,11.71,50.0,5.71,42.59
202607111403,2026-07-11,14,3R,realtime,66.24,23.5,52.37,9.46,50.79,5.9,65.53,15.35,40.48,4.63,58.83,52.01,18.46,54.14,9.78,56.92,6.61,52.06,12.19,53.92,6.16,53.2,52.12,18.49,41.76,7.54,50.18,5.83,50.91,11.92,53.2,6.08,49.86,49.55,17.58,41.76,7.54,46.01,5.34,43.12,10.1,47.04,5.37,45.94,45.11,16.01,48.84,8.82,54.5,6.33,30.54,7.15,52.85,6.04,44.35,34.54,12.26,36.46,6.58,54.5,6.33,57.65,13.5,52.4,5.99,44.66
202607111404,2026-07-11,14,4R,daily,66.24,23.5,52.37,9.46,55.18,6.41,50.0,11.71,50.0,5.71,56.79,52.01,18.46,43.53,7.86,48.99,5.69,50.0,11.71,50.0,5.71,49.43,52.12,18.49,41.76,7.54,66.56,7.73,50.0,11.71,50.0,5.71,51.19,49.55,17.58,48.84,8.82,39.11,4.54,50.0,11.71,50.0,5.71,48.36,45.11,16.01,45.3,8.18,48.0,5.57,50.0,11.71,50.0,5.71,47.18,34.54,12.26,34.69,6.26,57.29,6.65,50.0,11.71,50.0,5.71,42.59
202607111404,2026-07-11,14,4R,realtime,66.24,23.5,52.37,9.46,55.18,6.41,69.22,16.21,40.48,4.63,60.2,52.01,18.46,43.53,7.86,48.99,5.69,54.32,12.72,53.92,6.16,50.89,52.12,18.49,41.76,7.54,66.56,7.73,42.18,9.88,53.2,6.08,49.72,49.55,17.58,48.84,8.82,39.11,4.54,34.06,7.98,47.04,5.37,44.29,45.11,16.01,45.3,8.18,48.0,5.57,47.55,11.13,52.85,6.04,46.93,34.54,12.26,34.69,6.26,57.29,6.65,52.51,12.3,52.4,5.99,43.46
202607111405,2026-07-11,14,5R,daily,66.24,23.5,45.3,8.18,57.18,6.64,50.0,11.71,50.0,5.71,55.75,52.01,18.46,38.22,6.9,53.27,6.19,50.0,11.71,50.0,5.71,48.97,52.12,18.49,39.99,7.22,44.22,5.13,50.0,11.71,50.0,5.71,48.27,49.55,17.58,52.37,9.46,50.62,5.88,50.0,11.71,50.0,5.71,50.34,45.11,16.01,48.84,8.82,54.63,6.34,50.0,11.71,50.0,5.71,48.59,34.54,12.26,45.3,8.18,39.3,4.56,50.0,11.71,50.0,5.71,42.42
202607111405,2026-07-11,14,5R,realtime,66.24,23.5,45.3,8.18,57.18,6.64,69.08,16.18,48.23,5.51,60.01,52.01,18.46,38.22,6.9,53.27,6.19,44.94,10.52,51.52,5.89,47.96,52.12,18.49,39.99,7.22,44.22,5.13,53.19,12.46,55.56,6.35,49.65,49.55,17.58,52.37,9.46,50.62,5.88,39.63,9.28,33.29,3.8,46.0,45.11,16.01,48.84,8.82,54.63,6.34,43.42,10.17,61.22,6.99,48.33,34.54,12.26,45.3,8.18,39.3,4.56,49.58,11.61,50.07,5.72,42.33
202607111406,2026-07-11,14,6R,daily,66.24,23.5,41.76,7.54,52.82,6.13,50.0,11.71,50.0,5.71,54.6,52.01,18.46,45.3,8.18,49.0,5.69,50.0,11.71,50.0,5.71,49.75,52.12,18.49,48.84,8.82,45.63,5.3,50.0,11.71,50.0,5.71,50.03,49.55,17.58,59.45,10.74,54.28,6.3,50.0,11.71,50.0,5.71,52.04,45.11,16.01,47.07,8.5,59.01,6.85,50.0,11.71,50.0,5.71,48.78,34.54,12.26,47.07,8.5,40.13,4.66,50.0,11.71,50.0,5.71,42.84
202607111406,2026-07-11,14,6R,realtime,66.24,23.5,41.76,7.54,52.82,6.13,52.9,12.39,40.48,4.63,54.19,52.01,18.46,45.3,8.18,49.0,5.69,58.88,13.79,53.92,6.16,52.28,52.12,18.49,48.84,8.82,45.63,5.3,49.38,11.56,53.2,6.08,50.25,49.55,17.58,59.45,10.74,54.28,6.3,59.42,13.91,47.04,5.37,53.91,45.11,16.01,47.07,8.5,59.01,6.85,34.01,7.97,52.85,6.04,45.36,34.54,12.26,47.07,8.5,40.13,4.66,45.22,10.59,52.4,5.99,41.99
202607111407,2026-07-11,14,7R,daily,66.24,23.5,41.76,7.54,50.18,5.83,50.0,11.71,50.0,5.71,54.3,52.01,18.46,39.99,7.22,57.21,6.64,50.0,11.71,50.0,5.71,49.74,52.12,18.49,47.07,8.5,48.8,5.67,50.0,11.71,50.0,5.71,50.08,49.55,17.58,38.22,6.9,51.54,5.98,50.0,11.71,50.0,5.71,47.89,45.11,16.01,48.84,8.82,57.81,6.71,50.0,11.71,50.0,5.71,48.96,34.54,12.26,47.07,8.5,48.62,5.65,50.0,11.71,50.0,5.71,43.82
202607111407,2026-07-11,14,7R,realtime,66.24,23.5,41.76,7.54,50.18,5.83,58.32,13.66,47.19,5.39,55.92,52.01,18.46,39.99,7.22,57.21,6.64,51.22,11.99,36.87,4.21,48.53,52.12,18.49,47.07,8.5,48.8,5.67,49.9,11.69,55.47,6.34,50.69,49.55,17.58,38.22,6.9,51.54,5.98,51.37,12.03,53.18,6.08,48.58,45.11,16.01,48.84,8.82,57.81,6.71,43.71,10.24,59.58,6.81,48.58,34.54,12.26,47.07,8.5,48.62,5.65,45.31,10.61,47.58,5.44,42.45
202607111408,2026-07-11,14,8R,daily,66.24,23.5,41.76,7.54,46.01,5.34,50.0,11.71,50.0,5.71,53.81,52.01,18.46,48.84,8.82,52.3,6.07,50.0,11.71,50.0,5.71,50.77,52.12,18.49,48.84,8.82,39.11,4.54,50.0,11.71,50.0,5.71,49.28,49.55,17.58,47.07,8.5,44.72,5.19,50.0,11.71,50.0,5.71,48.7,45.11,16.01,45.3,8.18,42.53,4.94,50.0,11.71,50.0,5.71,46.55,34.54,12.26,41.76,7.54,49.99,5.8,50.0,11.71,50.0,5.71,43.02
202607111408,2026-07-11,14,8R,realtime,66.24,23.5,41.76,7.54,46.01,5.34,58.1,13.61,40.8,4.66,54.66,52.01,18.46,48.84,8.82,52.3,6.07,55.73,13.05,53.92,6.16,52.56,52.12,18.49,48.84,8.82,39.11,4.54,38.79,9.08,52.62,6.01,46.95,49.55,17.58,47.07,8.5,44.72,5.19,64.0,14.99,45.86,5.24,51.5,45.11,16.01,45.3,8.18,42.53,4.94,47.48,11.12,53.13,6.07,46.32,34.54,12.26,41.76,7.54,49.99,5.8,35.75,8.37,53.55,6.12,40.09
202607111409,2026-07-11,14,9R,daily,66.24,23.5,45.3,8.18,48.0,5.57,50.0,11.71,50.0,5.71,54.68,52.01,18.46,36.46,6.58,40.04,4.65,50.0,11.71,50.0,5.71,47.11,52.12,18.49,38.22,6.9,53.27,6.19,50.0,11.71,50.0,5.71,49.0,49.55,17.58,47.07,8.5,51.04,5.93,50.0,11.71,50.0,5.71,49.43,45.11,16.01,52.37,9.46,50.79,5.9,50.0,11.71,50.0,5.71,48.78,34.54,12.26,45.3,8.18,45.16,5.24,50.0,11.71,50.0,5.71,43.1
202607111409,2026-07-11,14,9R,realtime,66.24,23.5,45.3,8.18,48.0,5.57,65.23,15.27,40.8,4.66,57.19,52.01,18.46,36.46,6.58,40.04,4.65,63.34,14.83,53.92,6.16,50.68,52.12,18.49,38.22,6.9,53.27,6.19,41.15,9.64,52.62,6.01,47.23,49.55,17.58,47.07,8.5,51.04,5.93,35.88,8.4,45.86,5.24,45.65,45.11,16.01,52.37,9.46,50.79,5.9,49.94,11.69,53.13,6.07,49.13,34.54,12.26,45.3,8.18,45.16,5.24,44.3,10.37,53.55,6.12,42.17
202607111410,2026-07-11,14,10R,daily,66.24,23.5,41.76,7.54,49.99,5.8,50.0,11.71,50.0,5.71,54.27,52.01,18.46,48.84,8.82,54.5,6.33,50.0,11.71,50.0,5.71,51.03,52.12,18.49,41.76,7.54,49.64,5.76,50.0,11.71,50.0,5.71,49.22,49.55,17.58,52.37,9.46,55.18,6.41,50.0,11.71,50.0,5.71,50.87,45.11,16.01,59.45,10.74,54.28,6.3,50.0,11.71,50.0,5.71,50.47,34.54,12.26,47.07,8.5,45.63,5.3,50.0,11.71,50.0,5.71,43.48
202607111410,2026-07-11,14,10R,realtime,66.24,23.5,41.76,7.54,49.99,5.8,48.76,11.42,37.31,4.26,52.53,52.01,18.46,48.84,8.82,54.5,6.33,54.23,12.7,55.24,6.31,52.62,52.12,18.49,41.76,7.54,49.64,5.76,46.13,10.8,54.27,6.2,48.8,49.55,17.58,52.37,9.46,55.18,6.41,53.32,12.49,46.06,5.26,51.2,45.11,16.01,59.45,10.74,54.28,6.3,56.4,13.21,53.81,6.15,52.4,34.54,12.26,47.07,8.5,45.63,5.3,40.96,9.59,53.2,6.08,41.73
202607111411,2026-07-11,14,11R,daily,66.24,23.5,52.37,9.46,43.43,5.04,50.0,11.71,50.0,5.71,55.43,52.01,18.46,48.84,8.82,54.63,6.34,50.0,11.71,50.0,5.71,51.04,52.12,18.49,47.07,8.5,48.62,5.65,50.0,11.71,50.0,5.71,50.06,49.55,17.58,54.14,9.78,56.92,6.61,50.0,11.71,50.0,5.71,51.39,45.11,16.01,45.3,8.18,49.0,5.69,50.0,11.71,50.0,5.71,47.3,34.54,12.26,43.53,7.86,48.99,5.69,50.0,11.71,50.0,5.71,43.23
202607111411,2026-07-11,14,11R,realtime,66.24,23.5,52.37,9.46,43.43,5.04,63.24,14.81,37.31,4.26,57.08,52.01,18.46,48.84,8.82,54.63,6.34,48.07,11.26,55.24,6.31,51.19,52.12,18.49,47.07,8.5,48.62,5.65,45.61,10.68,54.27,6.2,49.52,49.55,17.58,54.14,9.78,56.92,6.61,50.0,11.71,46.06,5.26,50.94,49.55,17.58,45.3,8.18,49.0,5.69,48.44,11.34,46.06,5.26,48.06,45.11,16.01,43.53,7.86,48.99,5.69,44.5,10.42,53.81,6.15,46.13
202607111412,2026-07-11,14,12R,daily,66.24,23.5,52.37,9.46,50.62,5.88,50.0,11.71,50.0,5.71,56.26,52.01,18.46,54.14,9.78,42.95,4.99,50.0,11.71,50.0,5.71,50.64,52.12,18.49,47.07,8.5,59.01,6.85,50.0,11.71,50.0,5.71,51.27,49.55,17.58,41.76,7.54,66.56,7.73,50.0,11.71,50.0,5.71,50.27,45.11,16.01,39.99,7.22,57.21,6.64,50.0,11.71,50.0,5.71,47.29,34.54,12.26,48.84,8.82,52.3,6.07,50.0,11.71,50.0,5.71,44.57
202607111412,2026-07-11,14,12R,realtime,66.24,23.5,52.37,9.46,50.62,5.88,68.17,15.96,37.31,4.26,59.07,52.01,18.46,54.14,9.78,42.95,4.99,43.89,10.28,55.24,6.31,49.81,52.12,18.49,47.07,8.5,59.01,6.85,39.5,9.25,54.27,6.2,49.3,49.55,17.58,41.76,7.54,66.56,7.73,50.53,11.83,46.06,5.26,49.95,45.11,16.01,39.99,7.22,57.21,6.64,47.62,11.15,53.81,6.15,47.17,34.54,12.26,48.84,8.82,52.3,6.07,50.14,11.74,53.2,6.08,44.97
202607111501,2026-07-11,15,1R,daily,68.31,26.02,39.07,9.01,56.75,5.5,50.0,10.4,50.0,4.19,55.11,53.08,20.22,44.03,10.15,44.41,4.31,50.0,10.4,50.0,4.19,49.25,50.92,19.4,41.55,9.58,42.04,4.08,50.0,10.4,50.0,4.19,47.63,47.31,18.02,41.55,9.58,48.68,4.72,50.0,10.4,50.0,4.19,46.9,43.53,16.58,48.98,11.29,45.64,4.42,50.0,10.4,50.0,4.19,46.88,36.36,13.85,46.51,10.72,42.04,4.08,50.0,10.4,50.0,4.19,43.23
202607111501,2026-07-11,15,1R,realtime,68.31,26.02,39.07,9.01,56.75,5.5,64.21,13.35,35.5,2.97,56.85,53.08,20.22,44.03,10.15,44.41,4.31,53.42,11.11,52.98,4.43,50.21,50.92,19.4,41.55,9.58,42.04,4.08,47.92,9.96,56.12,4.7,47.71,47.31,18.02,41.55,9.58,48.68,4.72,53.56,11.14,42.3,3.54,46.99,43.53,16.58,48.98,11.29,45.64,4.42,44.41,9.23,58.77,4.92,46.45,36.36,13.85,46.51,10.72,42.04,4.08,36.51,7.59,54.21,4.54,40.78
202607111502,2026-07-11,15,2R,daily,68.31,26.02,44.03,10.15,53.12,5.15,50.0,10.4,50.0,4.19,55.9,53.08,20.22,41.55,9.58,52.5,5.09,50.0,10.4,50.0,4.19,49.47,50.92,19.4,41.55,9.58,53.64,5.2,50.0,10.4,50.0,4.19,48.76,47.31,18.02,39.07,9.01,54.07,5.24,50.0,10.4,50.0,4.19,46.85,43.53,16.58,39.07,9.01,41.56,4.03,50.0,10.4,50.0,4.19,44.2,36.36,13.85,46.51,10.72,44.69,4.33,50.0,10.4,50.0,4.19,43.48
202607111502,2026-07-11,15,2R,realtime,68.31,26.02,44.03,10.15,53.12,5.15,47.85,9.95,34.57,2.89,54.16,53.08,20.22,41.55,9.58,52.5,5.09,44.83,9.32,53.4,4.47,48.68,50.92,19.4,41.55,9.58,53.64,5.2,59.86,12.45,56.44,4.72,51.35,47.31,18.02,39.07,9.01,54.07,5.24,50.0,10.4,41.36,3.46,46.13,43.53,16.58,39.07,9.01,41.56,4.03,42.77,8.89,59.45,4.98,43.49,36.36,13.85,46.51,10.72,44.69,4.33,54.7,11.37,54.65,4.57,44.85
202607111503,2026-07-11,15,3R,daily,68.31,26.02,39.07,9.01,39.76,3.85,50.0,10.4,50.0,4.19,53.46,53.08,20.22,48.98,11.29,44.23,4.29,50.0,10.4,50.0,4.19,50.38,50.92,19.4,36.59,8.44,50.67,4.91,50.0,10.4,50.0,4.19,47.33,47.31,18.02,34.12,7.86,46.12,4.47,50.0,10.4,50.0,4.19,44.94,43.53,16.58,29.16,6.72,42.14,4.08,50.0,10.4,50.0,4.19,41.97,36.36,13.85,51.46,11.86,44.48,4.31,50.0,10.4,50.0,4.19,44.6
202607111503,2026-07-11,15,3R,realtime,68.31,26.02,39.07,9.01,39.76,3.85,52.61,10.94,39.48,3.3,53.13,53.08,20.22,48.98,11.29,44.23,4.29,38.25,7.95,52.96,4.43,48.18,50.92,19.4,36.59,8.44,50.67,4.91,57.55,11.97,54.18,4.53,49.24,47.31,18.02,34.12,7.86,46.12,4.47,66.87,13.9,42.86,3.59,47.85,43.53,16.58,29.16,6.72,42.14,4.08,41.37,8.6,56.77,4.75,40.74,36.36,13.85,51.46,11.86,44.48,4.31,43.36,9.01,53.64,4.49,43.53
202607111504,2026-07-11,15,4R,daily,68.31,26.02,41.55,9.58,45.56,4.42,50.0,10.4,50.0,4.19,54.6,53.08,20.22,41.55,9.58,41.32,4.01,50.0,10.4,50.0,4.19,48.38,50.92,19.4,51.46,11.86,40.73,3.95,50.0,10.4,50.0,4.19,49.79,47.31,18.02,51.46,11.86,57.8,5.6,50.0,10.4,50.0,4.19,50.07,43.53,16.58,46.51,10.72,48.46,4.7,50.0,10.4,50.0,4.19,46.58,36.36,13.85,31.64,7.29,51.49,4.99,50.0,10.4,50.0,4.19,40.72
202607111505,2026-07-11,15,5R,daily,68.31,26.02,44.03,10.15,64.52,6.26,50.0,10.4,50.0,4.19,57.01,53.08,20.22,44.03,10.15,47.94,4.65,50.0,10.4,50.0,4.19,49.59,50.92,19.4,61.37,14.15,47.43,4.6,50.0,10.4,50.0,4.19,52.72,47.31,18.02,51.46,11.86,54.77,5.31,50.0,10.4,50.0,4.19,49.77,43.53,16.58,31.64,7.29,46.47,4.51,50.0,10.4,50.0,4.19,42.96,36.36,13.85,44.03,10.15,53.64,5.2,50.0,10.4,50.0,4.19,43.78
202607111506,2026-07-11,15,6R,daily,68.31,26.02,48.98,11.29,41.96,4.07,50.0,10.4,50.0,4.19,55.96,53.08,20.22,46.51,10.72,56.43,5.47,50.0,10.4,50.0,4.19,50.99,50.92,19.4,51.46,11.86,46.36,4.49,50.0,10.4,50.0,4.19,50.33,47.31,18.02,39.07,9.01,45.11,4.37,50.0,10.4,50.0,4.19,45.98,43.53,16.58,44.03,10.15,44.41,4.31,50.0,10.4,50.0,4.19,45.62,36.36,13.85,53.94,12.43,55.2,5.35,50.0,10.4,50.0,4.19,46.22
202607111507,2026-07-11,15,7R,daily,68.31,26.02,48.98,11.29,60.33,5.85,50.0,10.4,50.0,4.19,57.74,53.08,20.22,29.16,6.72,42.14,4.08,50.0,10.4,50.0,4.19,45.61,50.92,19.4,51.46,11.86,45.75,4.44,50.0,10.4,50.0,4.19,50.28,47.31,18.02,41.55,9.58,53.64,5.2,50.0,10.4,50.0,4.19,47.38,43.53,16.58,66.33,15.29,56.48,5.48,50.0,10.4,50.0,4.19,51.93,36.36,13.85,46.51,10.72,57.54,5.58,50.0,10.4,50.0,4.19,44.73
202607111508,2026-07-11,15,8R,daily,68.31,26.02,51.46,11.86,48.53,4.7,50.0,10.4,50.0,4.19,57.17,53.08,20.22,48.98,11.29,51.26,4.97,50.0,10.4,50.0,4.19,51.06,50.92,19.4,48.98,11.29,45.64,4.42,50.0,10.4,50.0,4.19,49.69,47.31,18.02,46.51,10.72,44.69,4.33,50.0,10.4,50.0,4.19,47.65,43.53,16.58,39.07,9.01,39.76,3.85,50.0,10.4,50.0,4.19,44.03,36.36,13.85,41.55,9.58,41.32,4.01,50.0,10.4,50.0,4.19,42.01
202607111509,2026-07-11,15,9R,daily,68.31,26.02,48.98,11.29,44.23,4.29,50.0,10.4,50.0,4.19,56.18,53.08,20.22,83.67,19.29,53.83,5.22,50.0,10.4,50.0,4.19,59.3,50.92,19.4,41.55,9.58,48.68,4.72,50.0,10.4,50.0,4.19,48.27,47.31,18.02,51.46,11.86,58.05,5.63,50.0,10.4,50.0,4.19,50.09,43.53,16.58,41.55,9.58,45.56,4.42,50.0,10.4,50.0,4.19,45.16,36.36,13.85,39.07,9.01,41.56,4.03,50.0,10.4,50.0,4.19,41.47
202607111510,2026-07-11,15,10R,daily,68.31,26.02,51.46,11.86,40.73,3.95,50.0,10.4,50.0,4.19,56.41,53.08,20.22,56.42,13.0,46.3,4.49,50.0,10.4,50.0,4.19,52.29,50.92,19.4,44.03,10.15,64.52,6.26,50.0,10.4,50.0,4.19,50.38,47.31,18.02,53.94,12.43,55.2,5.35,50.0,10.4,50.0,4.19,50.39,43.53,16.58,34.12,7.86,46.12,4.47,50.0,10.4,50.0,4.19,43.5,36.36,13.85,39.07,9.01,54.07,5.24,50.0,10.4,50.0,4.19,42.68
202607111511,2026-07-11,15,11R,daily,68.31,26.02,61.37,14.15,47.43,4.6,50.0,10.4,50.0,4.19,59.35,53.08,20.22,51.46,11.86,46.36,4.49,50.0,10.4,50.0,4.19,51.16,50.92,19.4,51.46,11.86,57.8,5.6,50.0,10.4,50.0,4.19,51.44,47.31,18.02,44.03,10.15,53.12,5.15,50.0,10.4,50.0,4.19,47.9,43.53,16.58,51.46,11.86,45.75,4.44,50.0,10.4,50.0,4.19,47.46,36.36,13.85,36.59,8.44,50.67,4.91,50.0,10.4,50.0,4.19,41.78
202607111512,2026-07-11,15,12R,daily,68.31,26.02,66.33,15.29,56.48,5.48,50.0,10.4,50.0,4.19,61.37,53.08,20.22,51.46,11.86,44.48,4.31,50.0,10.4,50.0,4.19,50.97,50.92,19.4,51.46,11.86,48.53,4.7,50.0,10.4,50.0,4.19,50.54,47.31,18.02,48.98,11.29,41.96,4.07,50.0,10.4,50.0,4.19,47.96,43.53,16.58,51.46,11.86,54.77,5.31,50.0,10.4,50.0,4.19,48.34,36.36,13.85,46.51,10.72,48.46,4.7,50.0,10.4,50.0,4.19,43.85
202607111601,2026-07-11,16,1R,daily,69.08,28.68,46.83,10.2,35.64,3.17,50.0,8.86,50.0,5.04,55.95,50.89,21.13,49.07,10.69,38.37,3.41,50.0,8.86,50.0,5.04,49.13,51.29,21.3,40.1,8.73,23.63,2.1,50.0,8.86,50.0,5.04,46.03,48.14,19.99,35.61,7.75,41.76,3.72,50.0,8.86,50.0,5.04,45.36,42.93,17.83,46.83,10.2,53.19,4.73,50.0,8.86,50.0,5.04,46.66,37.19,15.44,42.34,9.22,54.64,4.86,50.0,8.86,50.0,5.04,43.43
202607111601,2026-07-11,16,1R,realtime,69.08,28.68,46.83,10.2,35.64,3.17,72.55,12.86,46.37,4.67,59.58,50.89,21.13,49.07,10.69,38.37,3.41,46.48,8.24,47.95,4.83,48.3,51.29,21.3,40.1,8.73,23.63,2.1,45.99,8.15,46.55,4.69,44.98,48.14,19.99,35.61,7.75,41.76,3.72,43.26,7.67,42.98,4.33,43.46,42.93,17.83,46.83,10.2,53.19,4.73,41.96,7.44,64.66,6.52,46.71,37.19,15.44,42.34,9.22,54.64,4.86,49.81,8.83,51.54,5.19,43.55
202607111602,2026-07-11,16,2R,daily,69.08,28.68,44.59,9.71,47.61,4.24,50.0,8.86,50.0,5.04,56.53,50.89,21.13,40.1,8.73,58.97,5.25,50.0,8.86,50.0,5.04,49.01,51.29,21.3,53.56,11.66,34.23,3.05,50.0,8.86,50.0,5.04,49.91,48.14,19.99,37.86,8.24,39.79,3.54,50.0,8.86,50.0,5.04,45.68,42.93,17.83,37.86,8.24,43.94,3.91,50.0,8.86,50.0,5.04,43.88,37.19,15.44,42.34,9.22,35.1,3.12,50.0,8.86,50.0,5.04,41.69
202607111602,2026-07-11,16,2R,realtime,69.08,28.68,44.59,9.71,47.61,4.24,55.77,9.88,46.37,4.67,57.19,50.89,21.13,40.1,8.73,58.97,5.25,27.45,4.86,47.95,4.83,44.81,51.29,21.3,53.56,11.66,34.23,3.05,50.55,8.96,46.55,4.69,49.66,48.14,19.99,37.86,8.24,39.79,3.54,57.53,10.2,42.98,4.33,46.3,42.93,17.83,37.86,8.24,43.94,3.91,56.09,9.94,64.66,6.52,46.44,37.19,15.44,42.34,9.22,35.1,3.12,52.66,9.33,51.54,5.19,42.31
202607111603,2026-07-11,16,3R,daily,69.08,28.68,44.59,9.71,44.22,3.94,50.0,8.86,50.0,5.04,56.23,50.89,21.13,51.32,11.17,32.01,2.85,50.0,8.86,50.0,5.04,49.05,51.29,21.3,55.8,12.15,45.98,4.09,50.0,8.86,50.0,5.04,51.44,48.14,19.99,44.59,9.71,54.06,4.81,50.0,8.86,50.0,5.04,48.41,42.93,17.83,46.83,10.2,42.31,3.77,50.0,8.86,50.0,5.04,45.69,37.19,15.44,33.37,7.27,46.83,4.17,50.0,8.86,50.0,5.04,40.78
202607111603,2026-07-11,16,3R,realtime,69.08,28.68,44.59,9.71,44.22,3.94,41.94,7.43,47.08,4.74,54.51,50.89,21.13,51.32,11.17,32.01,2.85,43.42,7.69,45.76,4.61,47.46,51.29,21.3,55.8,12.15,45.98,4.09,60.16,10.66,46.69,4.7,52.91,48.14,19.99,44.59,9.71,54.06,4.81,68.55,12.15,44.51,4.48,51.15,42.93,17.83,46.83,10.2,42.31,3.77,50.91,9.02,64.67,6.52,47.33,37.19,15.44,33.37,7.27,46.83,4.17,35.07,6.21,51.34,5.17,38.27
202607111604,2026-07-11,16,4R,daily,69.08,28.68,42.34,9.22,48.64,4.33,50.0,8.86,50.0,5.04,56.13,50.89,21.13,55.8,12.15,39.89,3.55,50.0,8.86,50.0,5.04,50.73,51.29,21.3,42.34,9.22,42.17,3.75,50.0,8.86,50.0,5.04,48.17,48.14,19.99,58.05,12.64,51.23,4.56,50.0,8.86,50.0,5.04,51.09,42.93,17.83,44.59,9.71,43.65,3.89,50.0,8.86,50.0,5.04,45.32,37.19,15.44,51.32,11.17,58.28,5.19,50.0,8.86,50.0,5.04,45.7
202607111604,2026-07-11,16,4R,realtime,69.08,28.68,42.34,9.22,48.64,4.33,39.5,7.0,47.08,4.74,53.98,50.89,21.13,55.8,12.15,39.89,3.55,66.36,11.76,45.76,4.61,53.2,51.29,21.3,42.34,9.22,42.17,3.75,51.09,9.05,46.69,4.7,48.03,48.14,19.99,58.05,12.64,51.23,4.56,43.13,7.64,44.51,4.48,49.32,42.93,17.83,44.59,9.71,43.65,3.89,55.79,9.89,64.67,6.52,47.82,37.19,15.44,51.32,11.17,58.28,5.19,44.19,7.83,51.34,5.17,44.81
202607111605,2026-07-11,16,5R,daily,69.08,28.68,40.1,8.73,23.63,2.1,50.0,8.86,50.0,5.04,53.42,50.89,21.13,44.59,9.71,50.89,4.53,50.0,8.86,50.0,5.04,49.27,51.29,21.3,46.83,10.2,53.64,4.77,50.0,8.86,50.0,5.04,50.17,48.14,19.99,37.86,8.24,32.51,2.89,50.0,8.86,50.0,5.04,45.03,42.93,17.83,55.8,12.15,46.71,4.16,50.0,8.86,50.0,5.04,48.04,37.19,15.44,33.37,7.27,39.55,3.52,50.0,8.86,50.0,5.04,40.13
202607111605,2026-07-11,16,5R,realtime,69.08,28.68,40.1,8.73,23.63,2.1,48.21,8.54,49.08,4.95,53.01,50.89,21.13,44.59,9.71,50.89,4.53,63.69,11.29,48.85,4.92,51.58,51.29,21.3,46.83,10.2,53.64,4.77,41.6,7.37,45.75,4.61,48.25,48.14,19.99,37.86,8.24,32.51,2.89,48.12,8.53,42.49,4.28,43.94,42.93,17.83,55.8,12.15,46.71,4.16,56.74,10.06,63.64,6.41,50.61,37.19,15.44,33.37,7.27,39.55,3.52,41.69,7.39,50.23,5.06,38.68
202607111606,2026-07-11,16,6R,daily,69.08,28.68,42.34,9.22,34.04,3.03,50.0,8.86,50.0,5.04,54.83,50.89,21.13,49.07,10.69,34.32,3.05,50.0,8.86,50.0,5.04,48.77,51.29,21.3,71.51,15.57,58.07,5.17,50.0,8.86,50.0,5.04,55.94,48.14,19.99,44.59,9.71,45.03,4.01,50.0,8.86,50.0,5.04,47.61,42.93,17.83,42.34,9.22,54.64,4.86,50.0,8.86,50.0,5.04,45.81,37.19,15.44,49.07,10.69,47.99,4.27,50.0,8.86,50.0,5.04,44.3
202607111606,2026-07-11,16,6R,realtime,69.08,28.68,42.34,9.22,34.04,3.03,64.74,11.47,49.08,4.95,57.35,50.89,21.13,49.07,10.69,34.32,3.05,61.4,10.88,48.85,4.92,50.68,51.29,21.3,71.51,15.57,58.07,5.17,49.92,8.85,45.75,4.61,55.5,48.14,19.99,44.59,9.71,45.03,4.01,37.84,6.71,42.49,4.28,44.7,42.93,17.83,42.34,9.22,54.64,4.86,38.43,6.81,63.64,6.41,45.14,37.19,15.44,49.07,10.69,47.99,4.27,47.7,8.45,50.23,5.06,43.92
202607111607,2026-07-11,16,7R,daily,69.08,28.68,51.32,11.17,63.44,5.65,50.0,8.86,50.0,5.04,59.4,50.89,21.13,46.83,10.2,38.47,3.42,50.0,8.86,50.0,5.04,48.65,51.29,21.3,44.59,9.71,54.06,4.81,50.0,8.86,50.0,5.04,49.72,48.14,19.99,53.56,11.66,36.29,3.23,50.0,8.86,50.0,5.04,48.78,42.93,17.83,37.86,8.24,39.79,3.54,50.0,8.86,50.0,5.04,43.51,37.19,15.44,46.83,10.2,53.19,4.73,50.0,8.86,50.0,5.04,44.27
202607111607,2026-07-11,16,7R,realtime,69.08,28.68,51.32,11.17,63.44,5.65,59.23,10.5,51.79,5.22,61.22,50.89,21.13,46.83,10.2,38.47,3.42,38.72,6.86,49.75,5.01,46.63,51.29,21.3,44.59,9.71,54.06,4.81,47.2,8.36,44.95,4.53,48.71,48.14,19.99,53.56,11.66,36.29,3.23,50.15,8.89,42.01,4.23,48.01,42.93,17.83,37.86,8.24,39.79,3.54,49.65,8.8,62.62,6.31,44.72,37.19,15.44,46.83,10.2,53.19,4.73,55.1,9.76,48.92,4.93,45.07
202607111608,2026-07-11,16,8R,daily,69.08,28.68,44.59,9.71,52.04,4.63,50.0,8.86,50.0,5.04,56.92,50.89,21.13,49.07,10.69,72.11,6.42,50.0,8.86,50.0,5.04,52.14,51.29,21.3,44.59,9.71,44.22,3.94,50.0,8.86,50.0,5.04,48.84,48.14,19.99,44.59,9.71,37.83,3.37,50.0,8.86,50.0,5.04,46.97,42.93,17.83,42.34,9.22,48.64,4.33,50.0,8.86,50.0,5.04,45.28,37.19,15.44,31.13,6.78,46.83,4.17,50.0,8.86,50.0,5.04,40.29
202607111608,2026-07-11,16,8R,realtime,69.08,28.68,44.59,9.71,52.04,4.63,66.28,11.75,55.9,5.63,60.4,50.89,21.13,49.07,10.69,72.11,6.42,62.65,11.1,46.29,4.66,54.0,51.29,21.3,44.59,9.71,44.22,3.94,33.93,6.01,44.43,4.48,45.43,48.14,19.99,44.59,9.71,37.83,3.37,46.89,8.31,44.58,4.49,45.87,42.93,17.83,42.34,9.22,48.64,4.33,30.03,5.32,61.62,6.21,42.91,37.19,15.44,31.13,6.78,46.83,4.17,60.29,10.68,47.22,4.76,41.83
202607111609,2026-07-11,16,9R,daily,69.08,28.68,49.07,10.69,37.15,3.31,50.0,8.86,50.0,5.04,56.58,50.89,21.13,42.34,9.22,42.17,3.75,50.0,8.86,50.0,5.04,48.0,51.29,21.3,42.34,9.22,42.85,3.81,50.0,8.86,50.0,5.04,48.23,48.14,19.99,53.56,11.66,34.23,3.05,50.0,8.86,50.0,5.04,48.6,42.93,17.83,35.61,7.75,41.76,3.72,50.0,8.86,50.0,5.04,43.2,37.19,15.44,51.32,11.17,32.01,2.85,50.0,8.86,50.0,5.04,43.37
202607111609,2026-07-11,16,9R,realtime,69.08,28.68,49.07,10.69,37.15,3.31,69.9,12.39,55.9,5.63,60.7,50.89,21.13,42.34,9.22,42.17,3.75,40.77,7.23,46.29,4.66,46.0,42.93,17.83,42.34,9.22,42.85,3.81,38.27,6.78,61.62,6.21,43.85,51.29,21.3,53.56,11.66,34.23,3.05,62.23,11.03,44.43,4.48,51.51,48.14,19.99,35.61,7.75,41.76,3.72,52.62,9.32,44.58,4.49,45.28,37.19,15.44,51.32,11.17,32.01,2.85,36.26,6.42,47.22,4.76,40.65
202607111610,2026-07-11,16,10R,daily,69.08,28.68,46.83,10.2,53.64,4.77,50.0,8.86,50.0,5.04,57.55,50.89,21.13,46.83,10.2,42.31,3.77,50.0,8.86,50.0,5.04,48.99,51.29,21.3,49.07,10.69,47.99,4.27,50.0,8.86,50.0,5.04,50.16,48.14,19.99,40.1,8.73,58.97,5.25,50.0,8.86,50.0,5.04,47.87,42.93,17.83,58.05,12.64,51.23,4.56,50.0,8.86,50.0,5.04,48.93,37.19,15.44,49.07,10.69,38.37,3.41,50.0,8.86,50.0,5.04,43.44
202607111610,2026-07-11,16,10R,realtime,69.08,28.68,46.83,10.2,53.64,4.77,53.56,9.49,54.5,5.49,58.64,50.89,21.13,46.83,10.2,42.31,3.77,66.61,11.8,50.65,5.1,52.0,51.29,21.3,49.07,10.69,47.99,4.27,53.48,9.48,44.14,4.45,50.18,48.14,19.99,40.1,8.73,58.97,5.25,30.24,5.36,41.52,4.18,43.52,42.93,17.83,58.05,12.64,51.23,4.56,51.09,9.05,61.61,6.21,50.29,37.19,15.44,49.07,10.69,38.37,3.41,45.08,7.99,47.61,4.8,42.33
202607111611,2026-07-11,16,11R,daily,69.08,28.68,55.8,12.15,45.98,4.09,50.0,8.86,50.0,5.04,58.83,50.89,21.13,44.59,9.71,43.65,3.89,50.0,8.86,50.0,5.04,48.63,51.29,21.3,55.8,12.15,46.71,4.16,50.0,8.86,50.0,5.04,51.51,48.14,19.99,46.83,10.2,35.64,3.17,50.0,8.86,50.0,5.04,47.26,42.93,17.83,51.32,11.17,63.44,5.65,50.0,8.86,50.0,5.04,48.55,37.19,15.44,44.59,9.71,45.03,4.01,50.0,8.86,50.0,5.04,43.06
202607111612,2026-07-11,16,12R,daily,69.08,28.68,53.56,11.66,36.29,3.23,50.0,8.86,50.0,5.04,57.48,50.89,21.13,44.59,9.71,47.61,4.24,50.0,8.86,50.0,5.04,48.98,51.29,21.3,55.8,12.15,39.89,3.55,50.0,8.86,50.0,5.04,50.9,48.14,19.99,71.51,15.57,58.07,5.17,50.0,8.86,50.0,5.04,54.63,42.93,17.83,49.07,10.69,72.11,6.42,50.0,8.86,50.0,5.04,48.83,37.19,15.44,44.59,9.71,50.89,4.53,50.0,8.86,50.0,5.04,43.58
202607111901,2026-07-11,19,1R,daily,68.04,29.15,42.31,9.28,48.66,4.06,50.0,9.42,50.0,4.02,55.93,51.05,21.87,49.13,10.78,31.23,2.6,50.0,9.42,50.0,4.02,48.69,52.69,22.57,42.31,9.28,50.97,4.25,50.0,9.42,50.0,4.02,49.54,47.59,20.39,49.13,10.78,54.16,4.52,50.0,9.42,50.0,4.02,49.12,43.81,18.77,40.04,8.78,33.52,2.8,50.0,9.42,50.0,4.02,43.79,36.42,15.6,49.13,10.78,50.0,4.17,50.0,9.42,50.0,4.02,43.99
202607111902,2026-07-11,19,2R,daily,68.04,29.15,51.4,11.28,54.08,4.51,50.0,9.42,50.0,4.02,58.38,51.05,21.87,51.4,11.28,52.54,4.38,50.0,9.42,50.0,4.02,50.97,52.69,22.57,44.58,9.78,54.58,4.55,50.0,9.42,50.0,4.02,50.34,47.59,20.39,42.31,9.28,45.04,3.76,50.0,9.42,50.0,4.02,46.87,43.81,18.77,53.67,11.77,62.55,5.22,50.0,9.42,50.0,4.02,49.2,36.42,15.6,46.86,10.28,50.0,4.17,50.0,9.42,50.0,4.02,43.49
202607111903,2026-07-11,19,3R,daily,68.04,29.15,53.67,11.77,60.45,5.04,50.0,9.42,50.0,4.02,59.41,51.05,21.87,46.86,10.28,57.61,4.8,50.0,9.42,50.0,4.02,50.39,52.69,22.57,55.94,12.27,67.49,5.63,50.0,9.42,50.0,4.02,53.91,47.59,20.39,33.22,7.29,50.0,4.17,50.0,9.42,50.0,4.02,45.29,43.81,18.77,44.58,9.78,52.6,4.39,50.0,9.42,50.0,4.02,46.38,36.42,15.6,60.49,13.27,50.0,4.17,50.0,9.42,50.0,4.02,46.48
202607111904,2026-07-11,19,4R,daily,68.04,29.15,53.67,11.77,49.1,4.09,50.0,9.42,50.0,4.02,58.46,51.05,21.87,40.04,8.78,50.0,4.17,50.0,9.42,50.0,4.02,48.26,52.69,22.57,46.86,10.28,50.0,4.17,50.0,9.42,50.0,4.02,50.46,47.59,20.39,46.86,10.28,47.61,3.97,50.0,9.42,50.0,4.02,48.08,43.81,18.77,42.31,9.28,46.84,3.91,50.0,9.42,50.0,4.02,45.4,36.42,15.6,60.49,13.27,50.0,4.17,50.0,9.42,50.0,4.02,46.48
202607111905,2026-07-11,19,5R,daily,68.04,29.15,51.4,11.28,50.0,4.17,50.0,9.42,50.0,4.02,58.04,51.05,21.87,49.13,10.78,60.31,5.03,50.0,9.42,50.0,4.02,51.12,52.69,22.57,62.76,13.77,50.0,4.17,50.0,9.42,50.0,4.02,53.95,47.59,20.39,40.04,8.78,50.0,4.17,50.0,9.42,50.0,4.02,46.78,43.81,18.77,30.95,6.79,50.0,4.17,50.0,9.42,50.0,4.02,43.17,36.42,15.6,51.4,11.28,50.0,4.17,50.0,9.42,50.0,4.02,44.49
202607111906,2026-07-11,19,6R,daily,68.04,29.15,51.4,11.28,46.13,3.85,50.0,9.42,50.0,4.02,57.71,51.05,21.87,53.67,11.77,50.0,4.17,50.0,9.42,50.0,4.02,51.25,52.69,22.57,42.31,9.28,58.48,4.88,50.0,9.42,50.0,4.02,50.17,47.59,20.39,44.58,9.78,53.17,4.43,50.0,9.42,50.0,4.02,48.04,43.81,18.77,35.49,7.79,50.0,4.17,50.0,9.42,50.0,4.02,44.17,36.42,15.6,46.86,10.28,55.82,4.65,50.0,9.42,50.0,4.02,43.98
202607111907,2026-07-11,19,7R,daily,68.04,29.15,46.86,10.28,50.0,4.17,50.0,9.42,50.0,4.02,57.04,51.05,21.87,40.04,8.78,33.52,2.8,50.0,9.42,50.0,4.02,46.89,52.69,22.57,51.4,11.28,50.84,4.24,50.0,9.42,50.0,4.02,51.53,47.59,20.39,46.86,10.28,57.61,4.8,50.0,9.42,50.0,4.02,48.91,43.81,18.77,42.31,9.28,45.04,3.76,50.0,9.42,50.0,4.02,45.25,36.42,15.6,53.67,11.77,34.81,2.9,50.0,9.42,50.0,4.02,43.72
202607111908,2026-07-11,19,8R,daily,68.04,29.15,51.4,11.28,50.0,4.17,50.0,9.42,50.0,4.02,58.04,51.05,21.87,42.31,9.28,50.97,4.25,50.0,9.42,50.0,4.02,48.84,52.69,22.57,42.31,9.28,46.84,3.91,50.0,9.42,50.0,4.02,49.2,47.59,20.39,51.4,11.28,54.08,4.51,50.0,9.42,50.0,4.02,49.62,43.81,18.77,51.4,11.28,50.0,4.17,50.0,9.42,50.0,4.02,47.66,36.42,15.6,33.22,7.29,50.0,4.17,50.0,9.42,50.0,4.02,40.5
202607111909,2026-07-11,19,9R,daily,68.04,29.15,46.86,10.28,50.0,4.17,50.0,9.42,50.0,4.02,57.04,51.05,21.87,60.49,13.27,50.0,4.17,50.0,9.42,50.0,4.02,52.75,52.69,22.57,44.58,9.78,62.52,5.21,50.0,9.42,50.0,4.02,51.01,47.59,20.39,30.95,6.79,50.0,4.17,50.0,9.42,50.0,4.02,44.79,43.81,18.77,53.67,11.77,49.1,4.09,50.0,9.42,50.0,4.02,48.08,36.42,15.6,44.58,9.78,50.0,4.17,50.0,9.42,50.0,4.02,42.99
202607111910,2026-07-11,19,10R,daily,68.04,29.15,62.76,13.77,50.0,4.17,50.0,9.42,50.0,4.02,60.53,51.05,21.87,44.58,9.78,54.58,4.55,50.0,9.42,50.0,4.02,49.64,52.69,22.57,46.86,10.28,55.82,4.65,50.0,9.42,50.0,4.02,50.95,47.59,20.39,53.67,11.77,60.45,5.04,50.0,9.42,50.0,4.02,50.65,43.81,18.77,49.13,10.78,31.23,2.6,50.0,9.42,50.0,4.02,45.59,36.42,15.6,46.86,10.28,50.0,4.17,50.0,9.42,50.0,4.02,43.49
202607111911,2026-07-11,19,11R,daily,68.04,29.15,51.4,11.28,50.84,4.24,50.0,9.42,50.0,4.02,58.11,51.05,21.87,53.67,11.77,62.55,5.22,50.0,9.42,50.0,4.02,52.3,52.69,22.57,49.13,10.78,50.0,4.17,50.0,9.42,50.0,4.02,50.96,47.59,20.39,51.4,11.28,50.0,4.17,50.0,9.42,50.0,4.02,49.27,43.81,18.77,46.86,10.28,47.61,3.97,50.0,9.42,50.0,4.02,46.46,36.42,15.6,55.94,12.27,67.49,5.63,50.0,9.42,50.0,4.02,46.95
202607111912,2026-07-11,19,12R,daily,68.04,29.15,53.67,11.77,50.0,4.17,50.0,9.42,50.0,4.02,58.53,51.05,21.87,53.67,11.77,34.81,2.9,50.0,9.42,50.0,4.02,49.99,52.69,22.57,51.4,11.28,50.0,4.17,50.0,9.42,50.0,4.02,51.46,47.59,20.39,51.4,11.28,52.54,4.38,50.0,9.42,50.0,4.02,49.49,43.81,18.77,60.49,13.27,50.0,4.17,50.0,9.42,50.0,4.02,49.65,36.42,15.6,49.13,10.78,54.16,4.52,50.0,9.42,50.0,4.02,44.34
202607112001,2026-07-11,20,1R,daily,68.12,27.18,50.23,11.1,74.89,5.6,50.0,10.85,50.0,4.42,59.14,50.58,20.18,40.4,8.92,58.9,4.4,50.0,10.85,50.0,4.42,48.77,50.67,20.22,46.3,10.23,44.92,3.36,50.0,10.85,50.0,4.42,49.07,46.8,18.67,40.4,8.92,44.09,3.3,50.0,10.85,50.0,4.42,46.16,45.02,17.96,44.33,9.79,54.95,4.11,50.0,10.85,50.0,4.42,47.13,38.0,15.16,50.23,11.1,31.18,2.33,50.0,10.85,50.0,4.42,43.86
202607112001,2026-07-11,20,1R,realtime,68.12,27.18,50.23,11.1,74.89,5.6,46.36,10.06,37.57,3.32,57.25,50.58,20.18,40.4,8.92,58.9,4.4,64.13,13.92,61.87,5.46,52.89,50.67,20.22,46.3,10.23,44.92,3.36,40.6,8.81,49.7,4.39,47.0,46.8,18.67,40.4,8.92,44.09,3.3,59.86,13.0,62.45,5.51,49.4,45.02,17.96,44.33,9.79,54.95,4.11,40.14,8.72,39.24,3.46,44.04,38.0,15.16,50.23,11.1,31.18,2.33,49.02,10.64,49.25,4.35,43.58
202607112002,2026-07-11,20,2R,daily,68.12,27.18,46.3,10.23,60.66,4.53,50.0,10.85,50.0,4.42,57.21,50.58,20.18,50.23,11.1,46.77,3.5,50.0,10.85,50.0,4.42,50.04,50.67,20.22,48.27,10.66,75.09,5.61,50.0,10.85,50.0,4.42,51.76,46.8,18.67,52.2,11.53,21.42,1.6,50.0,10.85,50.0,4.42,47.07,45.02,17.96,71.86,15.87,51.19,3.83,50.0,10.85,50.0,4.42,52.93,38.0,15.16,50.23,11.1,39.78,2.97,50.0,10.85,50.0,4.42,44.5
202607112002,2026-07-11,20,2R,realtime,68.12,27.18,46.3,10.23,60.66,4.53,61.61,13.38,38.65,3.41,58.72,50.67,20.22,50.23,11.1,46.77,3.5,61.35,13.32,49.59,4.38,52.51,46.8,18.67,48.27,10.66,75.09,5.61,48.9,10.62,64.14,5.66,51.23,50.58,20.18,52.2,11.53,21.42,1.6,29.36,6.37,66.0,5.83,45.51,45.02,17.96,71.86,15.87,51.19,3.83,54.19,11.76,31.99,2.82,52.25,38.0,15.16,50.23,11.1,39.78,2.97,44.7,9.7,49.71,4.39,43.32
202607112003,2026-07-11,20,3R,daily,68.12,27.18,58.1,12.83,63.09,4.72,50.0,10.85,50.0,4.42,59.99,50.58,20.18,46.3,10.23,34.32,2.57,50.0,10.85,50.0,4.42,48.24,50.67,20.22,65.96,14.57,77.76,5.81,50.0,10.85,50.0,4.42,55.87,46.8,18.67,62.03,13.7,58.25,4.35,50.0,10.85,50.0,4.42,52.0,45.02,17.96,48.27,10.66,40.72,3.04,50.0,10.85,50.0,4.42,46.94,38.0,15.16,46.3,10.23,45.18,3.38,50.0,10.85,50.0,4.42,44.04
202607112003,2026-07-11,20,3R,realtime,68.12,27.18,58.1,12.83,63.09,4.72,66.82,14.51,38.65,3.41,62.64,50.58,20.18,46.3,10.23,34.32,2.57,54.54,11.84,66.0,5.83,50.64,50.67,20.22,65.96,14.57,77.76,5.81,61.75,13.41,49.59,4.38,58.39,46.8,18.67,62.03,13.7,58.25,4.35,46.73,10.14,64.14,5.66,52.54,45.02,17.96,48.27,10.66,40.72,3.04,34.88,7.57,31.99,2.82,42.06,38.0,15.16,46.3,10.23,45.18,3.38,35.38,7.68,49.71,4.39,40.84
202607112004,2026-07-11,20,4R,daily,68.12,27.18,56.13,12.4,66.39,4.96,50.0,10.85,50.0,4.42,59.81,50.58,20.18,44.33,9.79,47.29,3.53,50.0,10.85,50.0,4.42,48.77,50.67,20.22,44.33,9.79,49.31,3.69,50.0,10.85,50.0,4.42,48.97,46.8,18.67,50.23,11.1,63.15,4.72,50.0,10.85,50.0,4.42,49.76,45.02,17.96,44.33,9.79,58.55,4.38,50.0,10.85,50.0,4.42,47.4,38.0,15.16,73.83,16.31,67.43,5.04,50.0,10.85,50.0,4.42,51.78
202607112005,2026-07-11,20,5R,daily,68.12,27.18,81.7,18.05,46.71,3.49,50.0,10.85,50.0,4.42,63.98,50.58,20.18,58.1,12.83,48.89,3.65,50.0,10.85,50.0,4.42,51.94,50.67,20.22,44.33,9.79,52.08,3.89,50.0,10.85,50.0,4.42,49.17,46.8,18.67,50.23,11.1,44.45,3.32,50.0,10.85,50.0,4.42,48.36,45.02,17.96,42.37,9.36,48.67,3.64,50.0,10.85,50.0,4.42,46.23,38.0,15.16,42.37,9.36,60.16,4.5,50.0,10.85,50.0,4.42,44.29
202607112006,2026-07-11,20,6R,daily,68.12,27.18,50.23,11.1,41.07,3.07,50.0,10.85,50.0,4.42,56.61,50.58,20.18,44.33,9.79,41.05,3.07,50.0,10.85,50.0,4.42,48.31,50.67,20.22,83.66,18.48,47.83,3.58,50.0,10.85,50.0,4.42,57.54,46.8,18.67,56.13,12.4,48.89,3.65,50.0,10.85,50.0,4.42,50.0,45.02,17.96,54.17,11.96,44.99,3.36,50.0,10.85,50.0,4.42,48.56,38.0,15.16,46.3,10.23,34.5,2.58,50.0,10.85,50.0,4.42,43.24
202607112007,2026-07-11,20,7R,daily,68.12,27.18,52.2,11.53,38.67,2.89,50.0,10.85,50.0,4.42,56.87,50.58,20.18,46.3,10.23,45.18,3.38,50.0,10.85,50.0,4.42,49.05,50.67,20.22,42.37,9.36,58.66,4.39,50.0,10.85,50.0,4.42,49.23,46.8,18.67,50.23,11.1,46.94,3.51,50.0,10.85,50.0,4.42,48.55,45.02,17.96,42.37,9.36,23.45,1.75,50.0,10.85,50.0,4.42,44.34,38.0,15.16,73.83,16.31,38.5,2.88,50.0,10.85,50.0,4.42,49.62
202607112008,2026-07-11,20,8R,daily,68.12,27.18,52.2,11.53,21.42,1.6,50.0,10.85,50.0,4.42,55.58,50.58,20.18,50.23,11.1,36.19,2.71,50.0,10.85,50.0,4.42,49.25,50.67,20.22,48.27,10.66,48.02,3.59,50.0,10.85,50.0,4.42,49.74,46.8,18.67,44.33,9.79,49.31,3.69,50.0,10.85,50.0,4.42,47.42,45.02,17.96,48.27,10.66,75.09,5.61,50.0,10.85,50.0,4.42,49.51,38.0,15.16,46.3,10.23,39.15,2.93,50.0,10.85,50.0,4.42,43.59
202607112009,2026-07-11,20,9R,daily,68.12,27.18,71.86,15.87,51.19,3.83,50.0,10.85,50.0,4.42,62.15,50.58,20.18,56.13,12.4,66.39,4.96,50.0,10.85,50.0,4.42,52.81,50.67,20.22,62.03,13.7,58.25,4.35,50.0,10.85,50.0,4.42,53.54,46.8,18.67,50.23,11.1,39.78,2.97,50.0,10.85,50.0,4.42,48.01,45.02,17.96,44.33,9.79,47.29,3.53,50.0,10.85,50.0,4.42,46.56,38.0,15.16,50.23,11.1,44.45,3.32,50.0,10.85,50.0,4.42,44.85
202607112010,2026-07-11,20,10R,daily,68.12,27.18,73.83,16.31,67.43,5.04,50.0,10.85,50.0,4.42,63.79,50.58,20.18,65.96,14.57,77.76,5.81,50.0,10.85,50.0,4.42,55.83,50.67,20.22,50.23,11.1,74.89,5.6,50.0,10.85,50.0,4.42,52.18,46.8,18.67,58.1,12.83,48.89,3.65,50.0,10.85,50.0,4.42,50.43,45.02,17.96,50.23,11.1,41.07,3.07,50.0,10.85,50.0,4.42,47.4,38.0,15.16,46.3,10.23,60.66,4.53,50.0,10.85,50.0,4.42,45.19
202607112011,2026-07-11,20,11R,daily,68.12,27.18,83.66,18.48,47.83,3.58,50.0,10.85,50.0,4.42,64.5,50.58,20.18,58.1,12.83,63.09,4.72,50.0,10.85,50.0,4.42,53.0,50.67,20.22,50.23,11.1,63.15,4.72,50.0,10.85,50.0,4.42,51.3,46.8,18.67,50.23,11.1,46.77,3.5,50.0,10.85,50.0,4.42,48.53,45.02,17.96,81.7,18.05,46.71,3.49,50.0,10.85,50.0,4.42,54.77,38.0,15.16,52.2,11.53,38.67,2.89,50.0,10.85,50.0,4.42,44.85
202607112012,2026-07-11,20,12R,daily,68.12,27.18,56.13,12.4,48.89,3.65,50.0,10.85,50.0,4.42,58.5,50.58,20.18,50.23,11.1,46.94,3.51,50.0,10.85,50.0,4.42,50.05,50.67,20.22,50.23,11.1,36.19,2.71,50.0,10.85,50.0,4.42,49.29,46.8,18.67,42.37,9.36,48.67,3.64,50.0,10.85,50.0,4.42,46.94,45.02,17.96,42.37,9.36,58.66,4.39,50.0,10.85,50.0,4.42,46.97,38.0,15.16,44.33,9.79,54.95,4.11,50.0,10.85,50.0,4.42,44.33
202607112201,2026-07-11,22,1R,daily,65.79,28.84,53.78,10.7,40.47,3.55,50.0,12.16,50.0,1.58,56.84,53.89,23.63,44.35,8.83,50.0,4.39,50.0,12.16,50.0,1.58,50.58,53.67,23.53,46.24,9.2,35.41,3.11,50.0,12.16,50.0,1.58,49.58,47.42,20.79,42.46,8.45,41.4,3.63,50.0,12.16,50.0,1.58,46.61,43.61,19.12,40.58,8.08,50.0,4.39,50.0,12.16,50.0,1.58,45.32,35.17,15.42,46.24,9.2,46.55,4.08,50.0,12.16,50.0,1.58,42.45
202607112201,2026-07-11,22,1R,realtime,65.79,28.84,53.78,10.7,40.47,3.55,69.39,16.88,61.39,1.94,61.91,53.89,23.63,44.35,8.83,50.0,4.39,48.91,11.9,75.89,2.4,51.14,53.67,23.53,46.24,9.2,35.41,3.11,51.22,12.46,64.75,2.05,50.34,47.42,20.79,42.46,8.45,41.4,3.63,55.76,13.56,19.04,0.6,47.03,43.61,19.12,40.58,8.08,50.0,4.39,41.04,9.98,43.0,1.36,42.92,35.17,15.42,46.24,9.2,46.55,4.08,33.77,8.21,36.03,1.14,38.06
202607112202,2026-07-11,22,2R,daily,65.79,28.84,42.46,8.45,50.0,4.39,50.0,12.16,50.0,1.58,55.42,53.89,23.63,46.24,9.2,46.0,4.03,50.0,12.16,50.0,1.58,50.61,53.67,23.53,36.81,7.33,50.0,4.39,50.0,12.16,50.0,1.58,48.99,47.42,20.79,33.04,6.57,42.81,3.76,50.0,12.16,50.0,1.58,44.86,43.61,19.12,38.69,7.7,50.39,4.42,50.0,12.16,50.0,1.58,44.98,35.17,15.42,53.78,10.7,50.0,4.39,50.0,12.16,50.0,1.58,44.25
202607112202,2026-07-11,22,2R,realtime,65.79,28.84,42.46,8.45,50.0,4.39,37.43,9.1,61.39,1.94,52.72,53.89,23.63,46.24,9.2,46.0,4.03,53.13,12.92,75.89,2.4,52.19,53.67,23.53,36.81,7.33,50.0,4.39,69.88,17.0,64.75,2.05,54.29,47.42,20.79,33.04,6.57,42.81,3.76,46.29,11.26,19.04,0.6,42.98,43.61,19.12,38.69,7.7,50.39,4.42,38.72,9.42,43.0,1.36,42.02,35.17,15.42,53.78,10.7,50.0,4.39,54.65,13.29,36.03,1.14,44.94
202607112203,2026-07-11,22,3R,daily,65.79,28.84,44.35,8.83,66.22,5.81,50.0,12.16,50.0,1.58,57.22,53.89,23.63,42.46,8.45,50.0,4.39,50.0,12.16,50.0,1.58,50.21,53.67,23.53,57.55,11.45,50.0,4.39,50.0,12.16,50.0,1.58,53.11,47.42,20.79,46.24,9.2,32.67,2.87,50.0,12.16,50.0,1.58,46.6,43.61,19.12,34.92,6.95,50.0,4.39,50.0,12.16,50.0,1.58,44.2,35.17,15.42,40.58,8.08,50.0,4.39,50.0,12.16,50.0,1.58,41.62
202607112203,2026-07-11,22,3R,realtime,65.79,28.84,44.35,8.83,66.22,5.81,72.25,17.57,51.26,1.62,62.67,53.89,23.63,42.46,8.45,50.0,4.39,46.61,11.34,41.97,1.33,49.13,53.67,23.53,57.55,11.45,50.0,4.39,39.44,9.59,63.59,2.01,50.98,47.42,20.79,46.24,9.2,32.67,2.87,49.41,12.02,50.79,1.61,46.48,43.61,19.12,34.92,6.95,50.0,4.39,49.7,12.09,42.92,1.36,43.9,35.17,15.42,40.58,8.08,50.0,4.39,42.68,10.38,49.59,1.57,39.83
202607112204,2026-07-11,22,4R,daily,65.79,28.84,42.46,8.45,50.0,4.39,50.0,12.16,50.0,1.58,55.42,53.89,23.63,42.46,8.45,45.31,3.97,50.0,12.16,50.0,1.58,49.8,53.67,23.53,38.69,7.7,47.59,4.17,50.0,12.16,50.0,1.58,49.15,47.42,20.79,46.24,9.2,50.0,4.39,50.0,12.16,50.0,1.58,48.12,43.61,19.12,46.24,9.2,29.25,2.57,50.0,12.16,50.0,1.58,44.63,35.17,15.42,48.12,9.58,40.94,3.59,50.0,12.16,50.0,1.58,42.33
202607112204,2026-07-11,22,4R,realtime,65.79,28.84,42.46,8.45,50.0,4.39,54.97,13.37,50.93,1.61,56.66,53.89,23.63,42.46,8.45,45.31,3.97,59.43,14.45,42.68,1.35,51.86,53.67,23.53,38.69,7.7,47.59,4.17,60.63,14.75,62.17,1.97,52.12,47.42,20.79,46.24,9.2,50.0,4.39,36.8,8.95,51.07,1.62,44.94,43.61,19.12,46.24,9.2,29.25,2.57,52.07,12.67,44.27,1.4,44.95,35.17,15.42,48.12,9.58,40.94,3.59,36.18,8.8,49.0,1.55,38.94
202607112205,2026-07-11,22,5R,daily,65.79,28.84,46.24,9.2,50.0,4.39,50.0,12.16,50.0,1.58,56.17,53.89,23.63,48.12,9.58,50.0,4.39,50.0,12.16,50.0,1.58,51.33,53.67,23.53,50.01,9.95,42.96,3.77,50.0,12.16,50.0,1.58,50.99,47.42,20.79,50.01,9.95,54.2,4.75,50.0,12.16,50.0,1.58,49.24,43.61,19.12,46.24,9.2,43.97,3.86,50.0,12.16,50.0,1.58,45.92,35.17,15.42,40.58,8.08,50.0,4.39,50.0,12.16,50.0,1.58,41.62
202607112205,2026-07-11,22,5R,realtime,65.79,28.84,46.24,9.2,50.0,4.39,59.98,14.59,50.93,1.61,58.63,53.89,23.63,48.12,9.58,50.0,4.39,53.58,13.03,42.68,1.35,51.97,53.67,23.53,50.01,9.95,42.96,3.77,30.83,7.5,62.17,1.97,46.72,47.42,20.79,50.01,9.95,54.2,4.75,57.25,13.92,51.07,1.62,51.04,43.61,19.12,46.24,9.2,43.97,3.86,61.18,14.88,44.27,1.4,48.46,35.17,15.42,40.58,8.08,50.0,4.39,37.27,9.06,49.0,1.55,38.49
202607112206,2026-07-11,22,6R,daily,65.79,28.84,46.24,9.2,50.0,4.39,50.0,12.16,50.0,1.58,56.17,53.89,23.63,51.89,10.33,50.0,4.39,50.0,12.16,50.0,1.58,52.08,53.67,23.53,42.46,8.45,44.27,3.88,50.0,12.16,50.0,1.58,49.61,47.42,20.79,44.35,8.83,50.0,4.39,50.0,12.16,50.0,1.58,47.74,43.61,19.12,33.04,6.57,42.81,3.76,50.0,12.16,50.0,1.58,43.19,35.17,15.42,65.09,12.95,43.09,3.78,50.0,12.16,50.0,1.58,45.9
202607112206,2026-07-11,22,6R,realtime,65.79,28.84,46.24,9.2,50.0,4.39,56.32,13.7,50.93,1.61,57.74,53.89,23.63,51.89,10.33,50.0,4.39,51.35,12.49,42.68,1.35,52.18,53.67,23.53,42.46,8.45,44.27,3.88,67.91,16.52,62.17,1.97,54.35,47.42,20.79,44.35,8.83,50.0,4.39,37.28,9.07,51.07,1.62,44.68,43.61,19.12,33.04,6.57,42.81,3.76,49.22,11.97,44.27,1.4,42.82,35.17,15.42,65.09,12.95,43.09,3.78,38.02,9.25,49.0,1.55,42.95
202607112207,2026-07-11,22,7R,daily,65.79,28.84,50.01,9.95,52.05,4.57,50.0,12.16,50.0,1.58,57.1,53.89,23.63,46.24,9.2,35.41,3.11,50.0,12.16,50.0,1.58,49.68,53.67,23.53,38.69,7.7,50.39,4.42,50.0,12.16,50.0,1.58,49.4,47.42,20.79,50.01,9.95,50.0,4.39,50.0,12.16,50.0,1.58,48.87,43.61,19.12,46.24,9.2,32.67,2.87,50.0,12.16,50.0,1.58,44.93,35.17,15.42,42.46,8.45,50.0,4.39,50.0,12.16,50.0,1.58,42.0
202607112207,2026-07-11,22,7R,realtime,65.79,28.84,50.01,9.95,52.05,4.57,55.8,13.57,51.6,1.63,58.56,53.89,23.63,46.24,9.2,35.41,3.11,55.55,13.51,41.26,1.31,50.75,53.67,23.53,38.69,7.7,50.39,4.42,43.95,10.69,65.0,2.06,48.4,47.42,20.79,50.01,9.95,50.0,4.39,61.88,15.05,50.51,1.6,51.77,43.61,19.12,46.24,9.2,32.67,2.87,46.66,11.35,41.56,1.31,43.85,35.17,15.42,42.46,8.45,50.0,4.39,36.24,8.81,50.18,1.59,38.66
202607112208,2026-07-11,22,8R,daily,65.79,28.84,46.24,9.2,65.22,5.72,50.0,12.16,50.0,1.58,57.51,53.89,23.63,38.69,7.7,47.59,4.17,50.0,12.16,50.0,1.58,49.25,53.67,23.53,42.46,8.45,50.0,4.39,50.0,12.16,50.0,1.58,50.11,47.42,20.79,34.92,6.95,50.0,4.39,50.0,12.16,50.0,1.58,45.87,43.61,19.12,42.46,8.45,41.4,3.63,50.0,12.16,50.0,1.58,44.94,35.17,15.42,61.32,12.2,40.35,3.54,50.0,12.16,50.0,1.58,44.9
202607112208,2026-07-11,22,8R,realtime,65.79,28.84,46.24,9.2,65.22,5.72,67.05,16.31,51.6,1.63,61.7,53.89,23.63,38.69,7.7,47.59,4.17,54.1,13.16,41.26,1.31,49.97,53.67,23.53,42.46,8.45,50.0,4.39,42.82,10.42,65.0,2.06,48.84,47.42,20.79,34.92,6.95,50.0,4.39,48.84,11.88,50.51,1.6,45.6,43.61,19.12,42.46,8.45,41.4,3.63,53.32,12.97,41.56,1.31,45.48,35.17,15.42,61.32,12.2,40.35,3.54,33.95,8.26,50.18,1.59,41.01
202607112209,2026-07-11,22,9R,daily,65.79,28.84,50.01,9.95,50.0,4.39,50.0,12.16,50.0,1.58,56.92,53.89,23.63,48.12,9.58,50.0,4.39,50.0,12.16,50.0,1.58,51.33,53.67,23.53,48.12,9.58,44.84,3.93,50.0,12.16,50.0,1.58,50.78,47.42,20.79,53.78,10.7,50.0,4.39,50.0,12.16,50.0,1.58,49.62,43.61,19.12,46.24,9.2,50.0,4.39,50.0,12.16,50.0,1.58,46.45,35.17,15.42,42.46,8.45,50.0,4.39,50.0,12.16,50.0,1.58,42.0
202607112209,2026-07-11,22,9R,realtime,65.79,28.84,50.01,9.95,50.0,4.39,61.79,15.03,51.6,1.63,59.84,53.89,23.63,48.12,9.58,50.0,4.39,44.62,10.85,41.26,1.31,49.75,53.67,23.53,48.12,9.58,44.84,3.93,50.32,12.24,65.0,2.06,51.34,47.42,20.79,53.78,10.7,50.0,4.39,68.88,16.75,50.51,1.6,54.23,43.61,19.12,46.24,9.2,50.0,4.39,37.31,9.07,41.56,1.31,43.09,35.17,15.42,42.46,8.45,50.0,4.39,37.15,9.04,50.18,1.59,38.88
202607112210,2026-07-11,22,10R,daily,65.79,28.84,51.89,10.33,50.0,4.39,50.0,12.16,50.0,1.58,57.3,53.89,23.63,48.12,9.58,50.0,4.39,50.0,12.16,50.0,1.58,51.33,53.67,23.53,48.12,9.58,40.37,3.54,50.0,12.16,50.0,1.58,50.39,47.42,20.79,48.12,9.58,50.0,4.39,50.0,12.16,50.0,1.58,48.49,43.61,19.12,42.46,8.45,45.31,3.97,50.0,12.16,50.0,1.58,45.29,35.17,15.42,46.24,9.2,46.0,4.03,50.0,12.16,50.0,1.58,42.4
202607112210,2026-07-11,22,10R,realtime,65.79,28.84,51.89,10.33,50.0,4.39,49.67,12.08,51.26,1.62,57.26,53.89,23.63,48.12,9.58,50.0,4.39,62.89,15.3,41.97,1.33,54.21,53.67,23.53,48.12,9.58,40.37,3.54,47.42,11.53,63.59,2.01,50.19,47.42,20.79,48.12,9.58,50.0,4.39,51.65,12.56,50.79,1.61,48.92,43.61,19.12,42.46,8.45,45.31,3.97,41.34,10.06,42.92,1.36,42.96,35.17,15.42,46.24,9.2,46.0,4.03,47.11,11.46,49.59,1.57,41.68
202607112211,2026-07-11,22,11R,daily,65.79,28.84,59.43,11.83,22.87,2.01,50.0,12.16,50.0,1.58,56.42,53.89,23.63,46.24,9.2,29.25,2.57,50.0,12.16,50.0,1.58,49.14,53.67,23.53,50.01,9.95,54.2,4.75,50.0,12.16,50.0,1.58,51.98,47.42,20.79,46.24,9.2,46.55,4.08,50.0,12.16,50.0,1.58,47.82,43.61,19.12,51.89,10.33,50.0,4.39,50.0,12.16,50.0,1.58,47.57,35.17,15.42,50.01,9.95,50.0,4.39,50.0,12.16,50.0,1.58,43.5
202607112212,2026-07-11,22,12R,daily,65.79,28.84,57.55,11.45,50.0,4.39,50.0,12.16,50.0,1.58,58.42,53.89,23.63,46.24,9.2,65.22,5.72,50.0,12.16,50.0,1.58,52.29,53.67,23.53,50.01,9.95,52.05,4.57,50.0,12.16,50.0,1.58,51.79,47.42,20.79,65.09,12.95,43.09,3.78,50.0,12.16,50.0,1.58,51.27,43.61,19.12,53.78,10.7,40.47,3.55,50.0,12.16,50.0,1.58,47.11,35.17,15.42,50.01,9.95,42.96,3.77,50.0,12.16,50.0,1.58,42.88
202607112301,2026-07-11,23,1R,daily,66.77,29.87,48.43,10.84,58.32,4.84,50.0,8.85,50.0,3.43,57.84,53.1,23.76,44.38,9.94,39.8,3.31,50.0,8.85,50.0,3.43,49.28,51.08,22.86,46.4,10.39,46.76,3.88,50.0,8.85,50.0,3.43,49.41,49.09,21.96,44.38,9.94,61.55,5.11,50.0,8.85,50.0,3.43,49.29,44.61,19.96,44.38,9.94,53.05,4.41,50.0,8.85,50.0,3.43,46.58,34.64,15.5,46.4,10.39,50.0,4.15,50.0,8.85,50.0,3.43,42.32
202607112301,2026-07-11,23,1R,realtime,66.77,29.87,48.43,10.84,58.32,4.84,70.7,12.51,41.19,2.83,60.9,53.1,23.76,44.38,9.94,39.8,3.31,49.57,8.77,55.54,3.81,49.58,51.08,22.86,46.4,10.39,46.76,3.88,59.55,10.54,53.48,3.67,51.34,49.09,21.96,44.38,9.94,61.55,5.11,34.34,6.08,49.82,3.42,46.51,44.61,19.96,44.38,9.94,53.05,4.41,42.25,7.48,49.28,3.38,45.16,34.64,15.5,46.4,10.39,50.0,4.15,43.62,7.72,50.78,3.49,41.25
202607112302,2026-07-11,23,2R,daily,66.77,29.87,54.52,12.21,50.0,4.15,50.0,8.85,50.0,3.43,58.51,53.1,23.76,34.23,7.66,72.09,5.99,50.0,8.85,50.0,3.43,49.69,51.08,22.86,78.87,17.66,52.54,4.36,50.0,8.85,50.0,3.43,57.16,49.09,21.96,36.26,8.12,40.19,3.34,50.0,8.85,50.0,3.43,45.7,44.61,19.96,38.29,8.57,50.0,4.15,50.0,8.85,50.0,3.43,44.97,34.64,15.5,46.4,10.39,51.86,4.31,50.0,8.85,50.0,3.43,42.48
202607112302,2026-07-11,23,2R,realtime,66.77,29.87,54.52,12.21,50.0,4.15,53.31,9.44,45.76,3.14,58.81,53.1,23.76,34.23,7.66,72.09,5.99,36.9,6.53,50.98,3.5,47.44,51.08,22.86,78.87,17.66,52.54,4.36,49.11,8.69,50.54,3.47,57.04,49.09,21.96,36.26,8.12,40.19,3.34,59.57,10.54,51.09,3.51,47.47,44.61,19.96,38.29,8.57,50.0,4.15,42.91,7.59,49.86,3.42,43.7,34.64,15.5,46.4,10.39,51.86,4.31,58.22,10.3,51.86,3.56,44.06
202607112303,2026-07-11,23,3R,daily,66.77,29.87,54.52,12.21,50.0,4.15,50.0,8.85,50.0,3.43,58.51,53.1,23.76,44.38,9.94,46.68,3.88,50.0,8.85,50.0,3.43,49.85,51.08,22.86,42.35,9.48,60.7,5.04,50.0,8.85,50.0,3.43,49.66,49.09,21.96,46.4,10.39,42.87,3.56,50.0,8.85,50.0,3.43,48.2,44.61,19.96,48.43,10.84,59.4,4.93,50.0,8.85,50.0,3.43,48.02,34.64,15.5,38.29,8.57,37.14,3.09,50.0,8.85,50.0,3.43,39.44
202607112303,2026-07-11,23,3R,realtime,66.77,29.87,54.52,12.21,50.0,4.15,57.07,10.1,44.75,3.07,59.4,53.1,23.76,44.38,9.94,46.68,3.88,66.74,11.81,49.12,3.37,52.75,51.08,22.86,42.35,9.48,60.7,5.04,42.45,7.51,47.75,3.28,48.17,49.09,21.96,46.4,10.39,42.87,3.56,45.07,7.98,52.72,3.62,47.51,44.61,19.96,48.43,10.84,59.4,4.93,35.91,6.35,51.27,3.52,45.61,34.64,15.5,38.29,8.57,37.14,3.09,52.82,9.35,54.49,3.74,40.25
202607112304,2026-07-11,23,4R,daily,66.77,29.87,48.43,10.84,36.99,3.07,50.0,8.85,50.0,3.43,56.07,53.1,23.76,50.46,11.3,46.1,3.83,50.0,8.85,50.0,3.43,51.17,51.08,22.86,44.38,9.94,54.5,4.53,50.0,8.85,50.0,3.43,49.6,49.09,21.96,40.32,9.03,50.0,4.15,50.0,8.85,50.0,3.43,47.43,44.61,19.96,34.23,7.66,50.0,4.15,50.0,8.85,50.0,3.43,44.06,34.64,15.5,50.46,11.3,50.0,4.15,50.0,8.85,50.0,3.43,43.23
202607112304,2026-07-11,23,4R,realtime,66.77,29.87,48.43,10.84,36.99,3.07,61.27,10.84,37.57,2.58,57.21,53.1,23.76,50.46,11.3,46.1,3.83,59.27,10.49,49.32,3.39,52.76,49.09,21.96,44.38,9.94,54.5,4.53,37.96,6.72,55.58,3.82,46.96,51.08,22.86,40.32,9.03,50.0,4.15,49.21,8.71,49.19,3.38,48.12,34.64,15.5,34.23,7.66,50.0,4.15,63.13,11.17,58.48,4.02,42.5,44.61,19.96,50.46,11.3,50.0,4.15,29.19,5.17,49.96,3.43,44.01
202607112305,2026-07-11,23,5R,daily,66.77,29.87,44.38,9.94,50.0,4.15,50.0,8.85,50.0,3.43,56.24,53.1,23.76,48.43,10.84,50.0,4.15,50.0,8.85,50.0,3.43,51.04,51.08,22.86,42.35,9.48,50.0,4.15,50.0,8.85,50.0,3.43,48.77,49.09,21.96,46.4,10.39,50.0,4.15,50.0,8.85,50.0,3.43,48.79,44.61,19.96,56.55,12.66,59.69,4.96,50.0,8.85,50.0,3.43,49.86,34.64,15.5,32.2,7.21,58.63,4.87,50.0,8.85,50.0,3.43,39.86
202607112305,2026-07-11,23,5R,realtime,66.77,29.87,44.38,9.94,50.0,4.15,51.73,9.15,33.47,2.3,55.41,53.1,23.76,48.43,10.84,50.0,4.15,42.33,7.49,48.49,3.33,49.58,51.08,22.86,42.35,9.48,50.0,4.15,52.34,9.26,48.51,3.33,49.08,49.09,21.96,46.4,10.39,50.0,4.15,55.03,9.74,57.83,3.97,50.22,44.61,19.96,56.55,12.66,59.69,4.96,58.88,10.42,50.0,3.43,51.43,34.64,15.5,32.2,7.21,58.63,4.87,39.74,7.03,61.78,4.24,38.85
202607112306,2026-07-11,23,6R,daily,66.77,29.87,46.4,10.39,46.76,3.88,50.0,8.85,50.0,3.43,56.43,53.1,23.76,44.38,9.94,53.59,4.45,50.0,8.85,50.0,3.43,50.43,51.08,22.86,34.23,7.66,72.09,5.99,50.0,8.85,50.0,3.43,48.79,49.09,21.96,58.58,13.12,54.9,4.56,50.0,8.85,50.0,3.43,51.92,44.61,19.96,44.38,9.94,50.0,4.15,50.0,8.85,50.0,3.43,46.33,34.64,15.5,48.43,10.84,58.34,4.85,50.0,8.85,50.0,3.43,43.47
202607112306,2026-07-11,23,6R,realtime,66.77,29.87,46.4,10.39,46.76,3.88,57.7,10.21,37.73,2.59,56.95,53.1,23.76,44.38,9.94,53.59,4.45,51.39,9.09,47.52,3.26,50.5,51.08,22.86,34.23,7.66,72.09,5.99,25.7,4.55,47.98,3.29,44.35,49.09,21.96,58.58,13.12,54.9,4.56,57.13,10.11,56.76,3.9,53.65,44.61,19.96,44.38,9.94,50.0,4.15,44.61,7.89,50.16,3.44,45.39,34.64,15.5,48.43,10.84,58.34,4.85,63.52,11.24,59.94,4.12,46.55
202607112307,2026-07-11,23,7R,daily,66.77,29.87,44.38,9.94,39.8,3.31,50.0,8.85,50.0,3.43,55.39,53.1,23.76,50.46,11.3,50.0,4.15,50.0,8.85,50.0,3.43,51.49,51.08,22.86,50.46,11.3,45.45,3.78,50.0,8.85,50.0,3.43,50.21,49.09,21.96,44.38,9.94,61.92,5.14,50.0,8.85,50.0,3.43,49.32,44.61,19.96,42.35,9.48,60.7,5.04,50.0,8.85,50.0,3.43,46.77,34.64,15.5,36.26,8.12,40.19,3.34,50.0,8.85,50.0,3.43,39.24
202607112307,2026-07-11,23,7R,realtime,53.1,23.76,44.38,9.94,39.8,3.31,58.39,10.33,49.45,3.4,50.73,51.08,22.86,50.46,11.3,50.0,4.15,47.34,8.38,49.03,3.37,50.05,66.77,29.87,50.46,11.3,45.45,3.78,60.36,10.68,29.21,2.01,57.63,49.09,21.96,44.38,9.94,61.92,5.14,42.72,7.56,58.91,4.04,48.65,44.61,19.96,42.35,9.48,60.7,5.04,44.81,7.93,49.84,3.42,45.84,34.64,15.5,36.26,8.12,40.19,3.34,46.4,8.21,63.63,4.37,39.54
202607112308,2026-07-11,23,8R,daily,66.77,29.87,44.38,9.94,61.55,5.11,50.0,8.85,50.0,3.43,57.2,53.1,23.76,38.29,8.57,37.14,3.09,50.0,8.85,50.0,3.43,47.7,51.08,22.86,38.29,8.57,50.0,4.15,50.0,8.85,50.0,3.43,47.86,49.09,21.96,46.4,10.39,50.0,4.15,50.0,8.85,50.0,3.43,48.79,44.61,19.96,62.64,14.02,54.17,4.5,50.0,8.85,50.0,3.43,50.77,34.64,15.5,34.23,7.66,50.0,4.15,50.0,8.85,50.0,3.43,39.6
202607112308,2026-07-11,23,8R,realtime,66.77,29.87,44.38,9.94,61.55,5.11,37.48,6.63,33.47,2.3,53.85,53.1,23.76,38.29,8.57,37.14,3.09,55.59,9.84,48.49,3.33,48.58,44.61,19.96,38.29,8.57,50.0,4.15,49.13,8.69,50.0,3.43,44.81,51.08,22.86,46.4,10.39,50.0,4.15,48.93,8.66,48.51,3.33,49.39,49.09,21.96,62.64,14.02,54.17,4.5,73.94,13.09,57.83,3.97,57.54,34.64,15.5,34.23,7.66,50.0,4.15,34.96,6.19,61.78,4.24,37.75
202607112309,2026-07-11,23,9R,daily,66.77,29.87,44.38,9.94,53.05,4.41,50.0,8.85,50.0,3.43,56.5,53.1,23.76,46.4,10.39,54.3,4.51,50.0,8.85,50.0,3.43,50.94,51.08,22.86,56.55,12.66,59.69,4.96,50.0,8.85,50.0,3.43,52.76,49.09,21.96,50.46,11.3,46.1,3.83,50.0,8.85,50.0,3.43,49.37,44.61,19.96,54.52,12.21,50.0,4.15,50.0,8.85,50.0,3.43,48.6,34.64,15.5,46.4,10.39,58.84,4.89,50.0,8.85,50.0,3.43,43.06
202607112309,2026-07-11,23,9R,realtime,66.77,29.87,44.38,9.94,53.05,4.41,57.31,10.14,23.35,1.6,55.96,53.1,23.76,46.4,10.39,54.3,4.51,31.54,5.58,49.14,3.37,47.61,51.08,22.86,56.55,12.66,59.69,4.96,51.02,9.03,41.1,2.82,52.33,49.09,21.96,50.46,11.3,46.1,3.83,49.05,8.68,61.19,4.2,49.97,44.61,19.96,54.52,12.21,50.0,4.15,54.75,9.69,55.88,3.84,49.85,34.64,15.5,46.4,10.39,58.84,4.89,56.38,9.98,69.45,4.77,45.52
202607112310,2026-07-11,23,10R,daily,66.77,29.87,44.38,9.94,50.0,4.15,50.0,8.85,50.0,3.43,56.24,53.1,23.76,64.67,14.48,50.0,4.15,50.0,8.85,50.0,3.43,54.67,51.08,22.86,46.4,10.39,50.0,4.15,50.0,8.85,50.0,3.43,49.68,49.09,21.96,78.87,17.66,52.54,4.36,50.0,8.85,50.0,3.43,56.27,44.61,19.96,48.43,10.84,36.99,3.07,50.0,8.85,50.0,3.43,46.16,34.64,15.5,56.55,12.66,60.94,5.06,50.0,8.85,50.0,3.43,45.5
202607112310,2026-07-11,23,10R,realtime,66.77,29.87,44.38,9.94,50.0,4.15,57.19,10.12,34.21,2.35,56.43,53.1,23.76,64.67,14.48,50.0,4.15,61.63,10.91,47.33,3.25,56.55,51.08,22.86,46.4,10.39,50.0,4.15,44.54,7.88,43.22,2.97,48.25,49.09,21.96,78.87,17.66,52.54,4.36,53.58,9.48,58.13,3.99,57.46,44.61,19.96,48.43,10.84,36.99,3.07,44.58,7.89,53.78,3.69,45.46,34.64,15.5,56.55,12.66,60.94,5.06,38.52,6.82,63.43,4.36,44.39
202607112311,2026-07-11,23,11R,daily,66.77,29.87,48.43,10.84,59.4,4.93,50.0,8.85,50.0,3.43,57.93,53.1,23.76,64.67,14.48,63.68,5.29,50.0,8.85,50.0,3.43,55.81,51.08,22.86,48.43,10.84,58.32,4.84,50.0,8.85,50.0,3.43,50.83,49.09,21.96,54.52,12.21,50.0,4.15,50.0,8.85,50.0,3.43,50.61,44.61,19.96,50.46,11.3,46.27,3.84,50.0,8.85,50.0,3.43,47.38,34.64,15.5,44.38,9.94,61.92,5.14,50.0,8.85,50.0,3.43,42.86
202607112311,2026-07-11,23,11R,realtime,66.77,29.87,48.43,10.84,59.4,4.93,45.34,8.02,23.35,1.6,55.28,53.1,23.76,64.67,14.48,63.68,5.29,61.24,10.84,49.14,3.37,57.74,51.08,22.86,48.43,10.84,58.32,4.84,56.13,9.93,41.1,2.82,51.3,49.09,21.96,54.52,12.21,50.0,4.15,50.21,8.89,61.19,4.2,51.41,44.61,19.96,50.46,11.3,46.27,3.84,49.96,8.84,55.88,3.84,47.78,34.64,15.5,44.38,9.94,61.92,5.14,37.19,6.58,69.45,4.77,41.93
202607112312,2026-07-11,23,12R,daily,66.77,29.87,62.64,14.02,54.17,4.5,50.0,8.85,50.0,3.43,60.68,53.1,23.76,48.43,10.84,58.34,4.85,50.0,8.85,50.0,3.43,51.73,51.08,22.86,50.46,11.3,50.0,4.15,50.0,8.85,50.0,3.43,50.59,49.09,21.96,44.38,9.94,50.0,4.15,50.0,8.85,50.0,3.43,48.33,44.61,19.96,46.4,10.39,42.87,3.56,50.0,8.85,50.0,3.43,46.19,34.64,15.5,44.38,9.94,54.5,4.53,50.0,8.85,50.0,3.43,42.24
202607112312,2026-07-11,23,12R,realtime,66.77,29.87,62.64,14.02,54.17,4.5,66.45,11.76,28.78,1.98,62.13,53.1,23.76,48.43,10.84,58.34,4.85,57.31,10.14,48.24,3.31,52.9,51.08,22.86,50.46,11.3,50.0,4.15,41.54,7.35,42.16,2.89,48.55,49.09,21.96,44.38,9.94,50.0,4.15,43.53,7.7,59.66,4.1,47.85,34.64,15.5,46.4,10.39,42.87,3.56,51.61,9.13,66.44,4.56,43.14,44.61,19.96,44.38,9.94,54.5,4.53,39.6,7.01,54.83,3.76,45.2
