レースコード,レース日,レース場コード,レース回,艇1_登録番号,艇1_選手名,艇1_前1節_開始日,艇1_前1節_終了日,艇1_前1節_場コード,艇1_前1節_場名,艇1_前1節_グレード,艇1_前1節_着順列,艇1_前2節_開始日,艇1_前2節_終了日,艇1_前2節_場コード,艇1_前2節_場名,艇1_前2節_グレード,艇1_前2節_着順列,艇1_前3節_開始日,艇1_前3節_終了日,艇1_前3節_場コード,艇1_前3節_場名,艇1_前3節_グレード,艇1_前3節_着順列,艇1_前4節_開始日,艇1_前4節_終了日,艇1_前4節_場コード,艇1_前4節_場名,艇1_前4節_グレード,艇1_前4節_着順列,艇1_前5節_開始日,艇1_前5節_終了日,艇1_前5節_場コード,艇1_前5節_場名,艇1_前5節_グレード,艇1_前5節_着順列,艇2_登録番号,艇2_選手名,艇2_前1節_開始日,艇2_前1節_終了日,艇2_前1節_場コード,艇2_前1節_場名,艇2_前1節_グレード,艇2_前1節_着順列,艇2_前2節_開始日,艇2_前2節_終了日,艇2_前2節_場コード,艇2_前2節_場名,艇2_前2節_グレード,艇2_前2節_着順列,艇2_前3節_開始日,艇2_前3節_終了日,艇2_前3節_場コード,艇2_前3節_場名,艇2_前3節_グレード,艇2_前3節_着順列,艇2_前4節_開始日,艇2_前4節_終了日,艇2_前4節_場コード,艇2_前4節_場名,艇2_前4節_グレード,艇2_前4節_着順列,艇2_前5節_開始日,艇2_前5節_終了日,艇2_前5節_場コード,艇2_前5節_場名,艇2_前5節_グレード,艇2_前5節_着順列,艇3_登録番号,艇3_選手名,艇3_前1節_開始日,艇3_前1節_終了日,艇3_前1節_場コード,艇3_前1節_場名,艇3_前1節_グレード,艇3_前1節_着順列,艇3_前2節_開始日,艇3_前2節_終了日,艇3_前2節_場コード,艇3_前2節_場名,艇3_前2節_グレード,艇3_前2節_着順列,艇3_前3節_開始日,艇3_前3節_終了日,艇3_前3節_場コード,艇3_前3節_場名,艇3_前3節_グレード,艇3_前3節_着順列,艇3_前4節_開始日,艇3_前4節_終了日,艇3_前4節_場コード,艇3_前4節_場名,艇3_前4節_グレード,艇3_前4節_着順列,艇3_前5節_開始日,艇3_前5節_終了日,艇3_前5節_場コード,艇3_前5節_場名,艇3_前5節_グレード,艇3_前5節_着順列,艇4_登録番号,艇4_選手名,艇4_前1節_開始日,艇4_前1節_終了日,艇4_前1節_場コード,艇4_前1節_場名,艇4_前1節_グレード,艇4_前1節_着順列,艇4_前2節_開始日,艇4_前2節_終了日,艇4_前2節_場コード,艇4_前2節_場名,艇4_前2節_グレード,艇4_前2節_着順列,艇4_前3節_開始日,艇4_前3節_終了日,艇4_前3節_場コード,艇4_前3節_場名,艇4_前3節_グレード,艇4_前3節_着順列,艇4_前4節_開始日,艇4_前4節_終了日,艇4_前4節_場コード,艇4_前4節_場名,艇4_前4節_グレード,艇4_前4節_着順列,艇4_前5節_開始日,艇4_前5節_終了日,艇4_前5節_場コード,艇4_前5節_場名,艇4_前5節_グレード,艇4_前5節_着順列,艇5_登録番号,艇5_選手名,艇5_前1節_開始日,艇5_前1節_終了日,艇5_前1節_場コード,艇5_前1節_場名,艇5_前1節_グレード,艇5_前1節_着順列,艇5_前2節_開始日,艇5_前2節_終了日,艇5_前2節_場コード,艇5_前2節_場名,艇5_前2節_グレード,艇5_前2節_着順列,艇5_前3節_開始日,艇5_前3節_終了日,艇5_前3節_場コード,艇5_前3節_場名,艇5_前3節_グレード,艇5_前3節_着順列,艇5_前4節_開始日,艇5_前4節_終了日,艇5_前4節_場コード,艇5_前4節_場名,艇5_前4節_グレード,艇5_前4節_着順列,艇5_前5節_開始日,艇5_前5節_終了日,艇5_前5節_場コード,艇5_前5節_場名,艇5_前5節_グレード,艇5_前5節_着順列,艇6_登録番号,艇6_選手名,艇6_前1節_開始日,艇6_前1節_終了日,艇6_前1節_場コード,艇6_前1節_場名,艇6_前1節_グレード,艇6_前1節_着順列,艇6_前2節_開始日,艇6_前2節_終了日,艇6_前2節_場コード,艇6_前2節_場名,艇6_前2節_グレード,艇6_前2節_着順列,艇6_前3節_開始日,艇6_前3節_終了日,艇6_前3節_場コード,艇6_前3節_場名,艇6_前3節_グレード,艇6_前3節_着順列,艇6_前4節_開始日,艇6_前4節_終了日,艇6_前4節_場コード,艇6_前4節_場名,艇6_前4節_グレード,艇6_前4節_着順列,艇6_前5節_開始日,艇6_前5節_終了日,艇6_前5節_場コード,艇6_前5節_場名,艇6_前5節_グレード,艇6_前5節_着順列
202610010301,2026-10-01,03,01R,4540,相原 利章,2026-09-13,2026-09-18,11,びわこ,一般,１３２１３　４３３６１５,2026-09-01,2026-09-04,24,大村,一般,６　１４６２３５,2026-08-20,2026-08-23,02,戸田,一般,１６４４６　４５,2026-08-11,2026-08-16,01,桐生,一般,３４６　３５５　６３４,2026-07-31,2026-08-05,05,多摩川,一般,２　５５５　２６３３５４,3508,久富 政弘,2026-09-15,2026-09-20,14,鳴門,一般,妨　５５４　２４５　６２,2026-08-31,2026-09-05,20,若松,ＧⅢ,４　３５５３６　３３２１,2026-08-20,2026-08-23,02,戸田,一般,３２６　３４１３,2026-08-09,2026-08-14,23,からつ,一般,２　１５５１４３１５６５,2026-07-28,2026-08-02,16,児島,一般,４５４５５　６６５　６,4615,板倉 敦史,2026-09-11,2026-09-14,02,戸田,一般,４４２　５３６５,2026-08-20,2026-08-23,24,大村,一般,４　４２５　５４,2026-08-09,2026-08-15,03,江戸川,一般,５６４　３１３　４３１６,2026-07-25,2026-07-29,20,若松,一般,４　４２１３４５２４,2026-07-14,2026-07-19,21,芦屋,一般,５　５３６　５２２　６４,4231,鈴木 裕隆,2026-09-09,2026-09-13,17,宮島,一般,２２６　１　４４５,2026-08-22,2026-08-27,08,常滑,ＧⅢ,２３１　４２２　５４５４,2026-08-04,2026-08-09,12,住之江,一般,２１２　５４４　４５３２,2026-07-24,2026-07-27,02,戸田,一般,５１５　３６１,2026-07-17,2026-07-22,16,児島,ＧⅢ,５３５　６　１５４１４,3503,堂原 洋史,2026-09-09,2026-09-13,17,宮島,一般,５３３４２　１　６３,2026-08-30,2026-09-02,21,芦屋,一般,２６５６２　２５,2026-08-20,2026-08-23,02,戸田,一般,３５４　４６５５,2026-08-12,2026-08-17,02,戸田,一般,４　５３６６２　２４５２,2026-07-24,2026-07-27,06,浜名湖,一般,４４５　２２転５,3906,飯山 晃三,2026-09-11,2026-09-15,06,浜名湖,一般,５６５　３５２　２５,2026-08-28,2026-08-31,23,からつ,一般,５　２６２２３６,2026-07-22,2026-07-27,14,鳴門,一般,４　２６６　５５４６５,2026-07-07,2026-07-12,10,三国,ＧⅢ,５６１　６６４　１　６２,2026-06-25,2026-06-30,13,尼崎,一般,６　４５転　６６６　６
202610010302,2026-10-01,03,02R,5172,田村 慶,2026-09-12,2026-09-17,09,津,一般,６３２　３５６　３４５,2026-08-27,2026-08-31,04,平和島,一般,１　２６５６６　１１,2026-08-16,2026-08-19,14,鳴門,一般,２　４２５２[５],2026-07-22,2026-07-27,14,鳴門,一般,２３１　５２４２２転,2026-07-15,2026-07-20,18,徳山,一般,４５２　１　４２１４３３,5073,上原 健次郎,2026-09-12,2026-09-17,09,津,一般,１　４３３　３５２５１４,2026-08-30,2026-09-03,08,常滑,一般,４６３１２　４６４３,2026-08-20,2026-08-23,04,平和島,一般,５１２　５６２６,2026-08-10,2026-08-15,21,芦屋,一般,４　４５２　１５６６４４,2026-07-29,2026-08-03,22,福岡,一般,３　２５１５５４１４５２,4259,真庭 明志,2026-09-12,2026-09-17,09,津,一般,４　２３６　６１６　３１,2026-08-30,2026-09-02,21,芦屋,一般,２　３２４５２２,2026-08-17,2026-08-21,13,尼崎,一般,４４４　１３３　５１,2026-08-06,2026-08-10,24,大村,一般,２　１４４４１５１３,2026-07-25,2026-07-29,20,若松,一般,１　２３５３４３１３,4728,山口 亮,2026-09-07,2026-09-12,16,児島,一般,２　１４２　５６４２６１,2026-08-28,2026-08-31,23,からつ,一般,２４２　１２[５],2026-08-11,2026-08-16,04,平和島,一般,５３２　４３６　１５１,2026-07-31,2026-08-05,05,多摩川,一般,２３４　５　４３６６１,2026-06-25,2026-06-29,18,徳山,一般,４３６　５２４　３４,4035,杉江 浩明,2026-09-09,2026-09-13,05,多摩川,一般,６　６　６６３　２５,2026-08-24,2026-08-29,13,尼崎,一般,６　５６２　５５３　５５,2026-08-11,2026-08-16,07,蒲郡,一般,４　６６５５６　６　１６,2026-07-29,2026-08-03,22,福岡,一般,６４４　５３３６３　５６,2026-07-14,2026-07-19,01,桐生,一般,６１６　３２４　２　５２,4685,島村 隆幸,2026-09-13,2026-09-18,22,福岡,一般,１３２　４１２１３１[１],2026-09-03,2026-09-08,10,三国,一般,１１４４２２１　３５２５,2026-08-25,2026-08-30,01,桐生,ＳＧ,３６１　３　５４３　４,2026-07-07,2026-07-12,02,戸田,ＧⅡ,５５３　１２３　３　４２,2026-06-26,2026-07-01,17,宮島,一般,２２３１１１３　５１[１]
202610010303,2026-10-01,03,03R,4610,佐藤 大佑,2026-09-14,2026-09-19,04,平和島,一般,３６１　２２１１２１[１],2026-08-31,2026-09-05,18,徳山,一般,１　４４２４２２６６１６,2026-08-20,2026-08-23,23,からつ,一般,２６１６１３４２,2026-08-09,2026-08-15,03,江戸川,一般,５　１１３　３４６　１２,2026-06-30,2026-07-05,16,児島,ＧⅡ,４　６　１１４　３５４３,4023,柴田 友和,2026-09-09,2026-09-13,17,宮島,一般,３４５　６６４　６６,2026-08-22,2026-08-27,22,福岡,一般,６　５６４　３５６　６６,2026-08-11,2026-08-16,19,下関,一般,１５５　２６４　２　４４,2026-07-27,2026-08-01,09,津,一般,５６２,2026-07-14,2026-07-19,01,桐生,一般,５２４　４２５　４　３４,4440,萩原 知哉,2026-09-05,2026-09-10,01,桐生,一般,５２１　３５６　６１５,2026-08-20,2026-08-25,21,芦屋,一般,６５６　２５,2026-08-09,2026-08-15,03,江戸川,一般,３　６３４　２５４　１６,2026-07-29,2026-08-03,23,からつ,一般,５　４１５　４２５６２６,2026-07-14,2026-07-17,24,大村,一般,５５６　３４２,5212,西川 拓利,2026-09-13,2026-09-17,19,下関,一般,２４２４４　５５３妨,2026-09-04,2026-09-09,11,びわこ,一般,２　１２４６２３１２[２],2026-08-21,2026-08-24,07,蒲郡,一般,２５５１１１２,2026-08-10,2026-08-15,21,芦屋,一般,３４１１１５６　２２[１],2026-07-30,2026-08-04,08,常滑,一般,３１２４３５３　１４２５,4201,佐竹 友樹,2026-09-09,2026-09-13,17,宮島,一般,４３５　１　６３４５,2026-08-27,2026-09-01,07,蒲郡,一般,２３５　３１３　２５５４,2026-08-20,2026-08-23,02,戸田,一般,４　５４２２２５,2026-08-12,2026-08-17,02,戸田,一般,４　３４５　４４５４３６,2026-07-29,2026-08-03,23,からつ,一般,３　３４６３５　２　２５,3907,村越 篤,2026-09-15,2026-09-20,14,鳴門,一般,６　１１１４１６４４１５,2026-08-30,2026-09-02,21,芦屋,一般,５４４　６３４２,2026-08-17,2026-08-21,15,丸亀,一般,４　３６６　３　２４,2026-08-03,2026-08-08,04,平和島,ＧⅢ,６　１４２　１５１５６６,2026-07-20,2026-07-25,15,丸亀,一般,５　１３５　１３１　１３
202610010304,2026-10-01,03,04R,3934,鋤柄 貴俊,2026-09-09,2026-09-13,05,多摩川,一般,４２２５１　１５２２,2026-08-24,2026-08-29,13,尼崎,一般,２　２５４５２　４２４２,2026-08-11,2026-08-16,07,蒲郡,一般,２　１５４３３　３４４４,2026-07-31,2026-08-05,06,浜名湖,ＧⅢ,６　４３５　４４４　３５,2026-07-15,2026-07-19,17,宮島,一般,１４４３１　３３４５,5244,黒田 剛,2026-09-07,2026-09-11,13,尼崎,一般,５　４４４　２６２１,2026-08-20,2026-08-25,21,芦屋,一般,６　２２６４６　５４６,2026-08-04,2026-08-09,12,住之江,一般,３５１　５４６　３　４５,2026-07-20,2026-07-25,15,丸亀,一般,４　２４１　４４６　４６,2026-06-11,2026-06-16,03,江戸川,一般,５６４　４５３５６　１２,4637,中田 友也,2026-09-09,2026-09-13,17,宮島,一般,４５１　４５４　エ欠,2026-08-26,2026-08-30,14,鳴門,一般,２４５５４　１　２４,2026-08-12,2026-08-17,02,戸田,一般,１　６　１１１５５　１１,2026-08-03,2026-08-08,19,下関,一般,６　３３４２５　４１５１,2026-05-24,2026-05-28,21,芦屋,一般,３４１　３３１５５３,4875,大塚 康雅,2026-09-11,2026-09-16,12,住之江,一般,５４１　４５４　２　２２,2026-08-29,2026-09-03,16,児島,一般,２６６　２４１　３４４３,2026-08-15,2026-08-20,05,多摩川,一般,３６４　４　６５４　２,2026-07-29,2026-08-03,22,福岡,一般,１５２　６３２５３　５４,2026-07-18,2026-07-21,04,平和島,一般,１　１５妨３２,4644,山田 亮太,2026-09-12,2026-09-17,09,津,一般,１２５３１２２　１５２４,2026-08-30,2026-09-02,21,芦屋,一般,４６１５４　１１,2026-08-15,2026-08-20,05,多摩川,一般,６１２　４１３３４５１５,2026-08-04,2026-08-09,12,住之江,一般,４　１６３５５　２２３１,2026-07-22,2026-07-26,08,常滑,一般,２２２　３３１転３,4550,石岡 将太,2026-09-15,2026-09-20,14,鳴門,一般,４　５２４２５　３４６,2026-09-01,2026-09-04,24,大村,一般,６４５　５４３,2026-08-22,2026-08-26,20,若松,一般,３　４５５転,2026-08-11,2026-08-16,01,桐生,一般,６３５　４５２　１５１,2026-07-29,2026-08-03,22,福岡,一般,４４３５１　３３１５２４
202610010305,2026-10-01,03,05R,5004,河野 主樹,2026-09-14,2026-09-19,04,平和島,一般,３　１１１５３　５３３１,2026-09-02,2026-09-07,22,福岡,一般,１　５４２４２５１　３４,2026-08-24,2026-08-29,13,尼崎,一般,F　３　２　５　２　６３,2026-08-13,2026-08-18,12,住之江,一般,４　２５５　５５４　２４,2026-07-31,2026-08-05,05,多摩川,一般,５１３　１３４,5328,井上 慧人,2026-09-07,2026-09-11,13,尼崎,一般,３　１３２　１２[５],2026-08-29,2026-09-03,19,下関,一般,　　　　　　　　４６３,2026-08-22,2026-08-26,20,若松,一般,４６３３４　妨　６４,2026-08-10,2026-08-15,21,芦屋,一般,２　５６２　３２５　４６,2026-07-28,2026-08-02,16,児島,一般,２３５３２　２４１４１転,5032,谷口 知優,2026-09-13,2026-09-18,11,びわこ,一般,４　１３１４４１５２[５],2026-09-02,2026-09-06,17,宮島,一般,６６５　２４５　２３,2026-08-17,2026-08-21,15,丸亀,一般,２６２　６６５３６３,2026-08-06,2026-08-09,02,戸田,一般,３　１１４６２４,2026-07-28,2026-08-02,15,丸亀,一般,１　５６１　６５６　６４,4615,板倉 敦史,2026-09-11,2026-09-14,02,戸田,一般,４４２　５３６５,2026-08-20,2026-08-23,24,大村,一般,４　４２５　５４,2026-08-09,2026-08-15,03,江戸川,一般,５６４　３１３　４３１６,2026-07-25,2026-07-29,20,若松,一般,４　４２１３４５２４,2026-07-14,2026-07-19,21,芦屋,一般,５　５３６　５２２　６４,4934,佐々木 翔斗,2026-09-16,2026-09-20,23,からつ,一般,２１６６４５１　２５,2026-09-01,2026-09-06,12,住之江,一般,４１２５２　２２２５３３,2026-08-24,2026-08-28,15,丸亀,一般,１２６　５５５　５３,2026-08-13,2026-08-18,12,住之江,一般,３１４　１６５　５３１,2026-07-31,2026-08-04,13,尼崎,一般,４　１３４２６２[４],5093,浦野 海,2026-09-11,2026-09-16,12,住之江,一般,５　５３６　６４３　４,2026-08-24,2026-08-28,15,丸亀,一般,４４転　４　１６６４,2026-08-10,2026-08-15,21,芦屋,一般,６６４　６５６　６６５,2026-07-25,2026-07-29,20,若松,一般,３３４４５　６　３６,2026-05-19,2026-05-24,08,常滑,一般,５１６　３５１　２６２６
202610010306,2026-10-01,03,06R,4873,蒲原 健太,2026-09-09,2026-09-15,20,若松,一般,２　５２１５２　４４４５１３,2026-08-31,2026-09-05,18,徳山,一般,４　４４２　２６１　１６,2026-08-24,2026-08-28,15,丸亀,一般,６　３１６　５６５３,2026-08-14,2026-08-19,17,宮島,一般,転　２６５　５６３　１４,2026-07-29,2026-08-03,23,からつ,一般,２１４　２１５　３４２６,4231,鈴木 裕隆,2026-09-09,2026-09-13,17,宮島,一般,２２６　１　４４５,2026-08-22,2026-08-27,08,常滑,ＧⅢ,２３１　４２２　５４５４,2026-08-04,2026-08-09,12,住之江,一般,２１２　５４４　４５３２,2026-07-24,2026-07-27,02,戸田,一般,５１５　３６１,2026-07-17,2026-07-22,16,児島,ＧⅢ,５３５　６　１５４１４,5303,土井 歩夢,2026-09-13,2026-09-18,07,蒲郡,一般,２　１２１２３３３４４３,2026-09-04,2026-09-09,11,びわこ,一般,３４６４１　５　２５３,2026-08-23,2026-08-27,18,徳山,一般,１４５　３３４１４３,2026-08-07,2026-08-12,20,若松,一般,２５１２２　１５４　４５,2026-07-28,2026-07-31,24,大村,一般,２３２　１２[５],4957,竹之内 極,2026-09-13,2026-09-18,11,びわこ,一般,２　３４４４２５１　６４,2026-08-27,2026-08-31,04,平和島,一般,５３６　１３５　２６,2026-08-19,2026-08-24,19,下関,一般,３２４　４３５　５５２,2026-08-12,2026-08-17,22,福岡,一般,１３１　５４３落２６５６,2026-07-23,2026-07-28,03,江戸川,ＧⅢ,４３１　１２６５１２２４,4377,濱本 優一,2026-09-14,2026-09-19,04,平和島,一般,５２５　１１３　１５２３,2026-09-02,2026-09-07,22,福岡,一般,１　２６４３１４３４１５,2026-08-22,2026-08-27,08,常滑,ＧⅢ,２４６１６　５５３　１１,2026-08-13,2026-08-18,12,住之江,一般,３　３５２　３１５６３６,2026-07-29,2026-08-03,23,からつ,一般,６６２　３５１６１　４５,5424,熊倉 幹太,2026-09-14,2026-09-19,04,平和島,一般,６　６　６６６５４　５６,2026-08-15,2026-08-20,05,多摩川,一般,６　１６６６６　６　６,2026-08-05,2026-08-10,09,津,一般,６６５　６６６　６　６６,2026-07-27,2026-08-01,09,津,一般,落　６,2026-06-27,2026-07-01,02,戸田,一般,５５５　６　６６６
202610010307,2026-10-01,03,07R,3906,飯山 晃三,2026-09-11,2026-09-15,06,浜名湖,一般,５６５　３５２　２５,2026-08-28,2026-08-31,23,からつ,一般,５　２６２２３６,2026-07-22,2026-07-27,14,鳴門,一般,４　２６６　５５４６５,2026-07-07,2026-07-12,10,三国,ＧⅢ,５６１　６６４　１　６２,2026-06-25,2026-06-30,13,尼崎,一般,６　４５転　６６６　６,3482,金子 猛志,2026-09-12,2026-09-15,10,三国,一般,４　１６２２３２,2026-08-28,2026-09-02,05,多摩川,ＧⅢ,６　３３４　５３３６５３,2026-08-11,2026-08-16,01,桐生,一般,６　１２１　３６５　１４,2026-08-02,2026-08-05,21,芦屋,一般,２１６　５４６６,2026-07-17,2026-07-22,16,児島,ＧⅢ,６４６　６３４　４　６５,4568,廣瀬 真也,2026-08-24,2026-08-29,13,尼崎,一般,３１２　１６２　３４２６,2026-08-11,2026-08-16,01,桐生,一般,１５６　４　３２４１６,2026-07-31,2026-08-05,05,多摩川,一般,１　１５２　４４２６１６,2026-07-17,2026-07-22,16,児島,ＧⅢ,４５４　５４６,2026-06-30,2026-07-05,23,からつ,一般,２　４６１３４６１６３１,4724,吉田 祐貴,2026-09-11,2026-09-16,12,住之江,一般,３　５５５　２３５　３６,2026-08-27,2026-09-01,07,蒲郡,一般,３５４　妨欠,2026-08-11,2026-08-16,19,下関,一般,６　３３４　５５５　４６,2026-07-23,2026-07-27,01,桐生,一般,４　４６３２２　６４,2026-07-10,2026-07-15,23,からつ,一般,４　６３５４６　転　６４,5073,上原 健次郎,2026-09-12,2026-09-17,09,津,一般,１　４３３　３５２５１４,2026-08-30,2026-09-03,08,常滑,一般,４６３１２　４６４３,2026-08-20,2026-08-23,04,平和島,一般,５１２　５６２６,2026-08-10,2026-08-15,21,芦屋,一般,４　４５２　１５６６４４,2026-07-29,2026-08-03,22,福岡,一般,３　２５１５５４１４５２,4610,佐藤 大佑,2026-09-14,2026-09-19,04,平和島,一般,３６１　２２１１２１[１],2026-08-31,2026-09-05,18,徳山,一般,１　４４２４２２６６１６,2026-08-20,2026-08-23,23,からつ,一般,２６１６１３４２,2026-08-09,2026-08-15,03,江戸川,一般,５　１１３　３４６　１２,2026-06-30,2026-07-05,16,児島,ＧⅡ,４　６　１１４　３５４３
202610010308,2026-10-01,03,08R,4952,吉武 真也,2026-09-09,2026-09-13,17,宮島,一般,５　２５５　２５５,2026-08-20,2026-08-23,23,からつ,一般,５　４２３５６転,2026-08-05,2026-08-10,09,津,一般,６５６　５３６　５　６,2026-07-23,2026-07-27,01,桐生,一般,３　５エ５　１６６４,2026-07-10,2026-07-15,22,福岡,一般,４６１　５４６　５転４,4565,西村 豪洋,2026-09-09,2026-09-13,05,多摩川,一般,６　２　１４１５４３,2026-08-24,2026-08-29,13,尼崎,一般,４　１５５６４　３　６４,2026-08-11,2026-08-16,07,蒲郡,一般,３　２６６　２４５５５,2026-07-24,2026-07-29,17,宮島,一般,６５５　３４４　５　２６,2026-07-15,2026-07-19,08,常滑,一般,　　　　　　　　３１,4035,杉江 浩明,2026-09-09,2026-09-13,05,多摩川,一般,６　６　６６３　２５,2026-08-24,2026-08-29,13,尼崎,一般,６　５６２　５５３　５５,2026-08-11,2026-08-16,07,蒲郡,一般,４　６６５５６　６　１６,2026-07-29,2026-08-03,22,福岡,一般,６４４　５３３６３　５６,2026-07-14,2026-07-19,01,桐生,一般,６１６　３２４　２　５２,4540,相原 利章,2026-09-13,2026-09-18,11,びわこ,一般,１３２１３　４３３６１５,2026-09-01,2026-09-04,24,大村,一般,６　１４６２３５,2026-08-20,2026-08-23,02,戸田,一般,１６４４６　４５,2026-08-11,2026-08-16,01,桐生,一般,３４６　３５５　６３４,2026-07-31,2026-08-05,05,多摩川,一般,２　５５５　２６３３５４,4440,萩原 知哉,2026-09-05,2026-09-10,01,桐生,一般,５２１　３５６　６１５,2026-08-20,2026-08-25,21,芦屋,一般,６５６　２５,2026-08-09,2026-08-15,03,江戸川,一般,３　６３４　２５４　１６,2026-07-29,2026-08-03,23,からつ,一般,５　４１５　４２５６２６,2026-07-14,2026-07-17,24,大村,一般,５５６　３４２,4637,中田 友也,2026-09-09,2026-09-13,17,宮島,一般,４５１　４５４　エ欠,2026-08-26,2026-08-30,14,鳴門,一般,２４５５４　１　２４,2026-08-12,2026-08-17,02,戸田,一般,１　６　１１１５５　１１,2026-08-03,2026-08-08,19,下関,一般,６　３３４２５　４１５１,2026-05-24,2026-05-28,21,芦屋,一般,３４１　３３１５５３
202610010309,2026-10-01,03,09R,4550,石岡 将太,2026-09-15,2026-09-20,14,鳴門,一般,４　５２４２５　３４６,2026-09-01,2026-09-04,24,大村,一般,６４５　５４３,2026-08-22,2026-08-26,20,若松,一般,３　４５５転,2026-08-11,2026-08-16,01,桐生,一般,６３５　４５２　１５１,2026-07-29,2026-08-03,22,福岡,一般,４４３５１　３３１５２４,4728,山口 亮,2026-09-07,2026-09-12,16,児島,一般,２　１４２　５６４２６１,2026-08-28,2026-08-31,23,からつ,一般,２４２　１２[５],2026-08-11,2026-08-16,04,平和島,一般,５３２　４３６　１５１,2026-07-31,2026-08-05,05,多摩川,一般,２３４　５　４３６６１,2026-06-25,2026-06-29,18,徳山,一般,４３６　５２４　３４,3503,堂原 洋史,2026-09-09,2026-09-13,17,宮島,一般,５３３４２　１　６３,2026-08-30,2026-09-02,21,芦屋,一般,２６５６２　２５,2026-08-20,2026-08-23,02,戸田,一般,３５４　４６５５,2026-08-12,2026-08-17,02,戸田,一般,４　５３６６２　２４５２,2026-07-24,2026-07-27,06,浜名湖,一般,４４５　２２転５,4023,柴田 友和,2026-09-09,2026-09-13,17,宮島,一般,３４５　６６４　６６,2026-08-22,2026-08-27,22,福岡,一般,６　５６４　３５６　６６,2026-08-11,2026-08-16,19,下関,一般,１５５　２６４　２　４４,2026-07-27,2026-08-01,09,津,一般,５６２,2026-07-14,2026-07-19,01,桐生,一般,５２４　４２５　４　３４,5032,谷口 知優,2026-09-13,2026-09-18,11,びわこ,一般,４　１３１４４１５２[５],2026-09-02,2026-09-06,17,宮島,一般,６６５　２４５　２３,2026-08-17,2026-08-21,15,丸亀,一般,２６２　６６５３６３,2026-08-06,2026-08-09,02,戸田,一般,３　１１４６２４,2026-07-28,2026-08-02,15,丸亀,一般,１　５６１　６５６　６４,5404,内田 壮,2026-09-13,2026-09-18,22,福岡,一般,６６６　４５６　６　５,2026-08-27,2026-09-01,07,蒲郡,一般,６　５６F　５６６　６,2026-08-19,2026-08-24,19,下関,一般,４５５　６５６５５　６,2026-08-11,2026-08-16,19,下関,一般,２　５５４　４３６　６３,2026-07-30,2026-08-04,08,常滑,一般,５４３　５３５　４５５
202610010310,2026-10-01,03,10R,3907,村越 篤,2026-09-15,2026-09-20,14,鳴門,一般,６　１１１４１６４４１５,2026-08-30,2026-09-02,21,芦屋,一般,５４４　６３４２,2026-08-17,2026-08-21,15,丸亀,一般,４　３６６　３　２４,2026-08-03,2026-08-08,04,平和島,ＧⅢ,６　１４２　１５１５６６,2026-07-20,2026-07-25,15,丸亀,一般,５　１３５　１３１　１３,4644,山田 亮太,2026-09-12,2026-09-17,09,津,一般,１２５３１２２　１５２４,2026-08-30,2026-09-02,21,芦屋,一般,４６１５４　１１,2026-08-15,2026-08-20,05,多摩川,一般,６１２　４１３３４５１５,2026-08-04,2026-08-09,12,住之江,一般,４　１６３５５　２２３１,2026-07-22,2026-07-26,08,常滑,一般,２２２　３３１転３,4957,竹之内 極,2026-09-13,2026-09-18,11,びわこ,一般,２　３４４４２５１　６４,2026-08-27,2026-08-31,04,平和島,一般,５３６　１３５　２６,2026-08-19,2026-08-24,19,下関,一般,３２４　４３５　５５２,2026-08-12,2026-08-17,22,福岡,一般,１３１　５４３落２６５６,2026-07-23,2026-07-28,03,江戸川,ＧⅢ,４３１　１２６５１２２４,4259,真庭 明志,2026-09-12,2026-09-17,09,津,一般,４　２３６　６１６　３１,2026-08-30,2026-09-02,21,芦屋,一般,２　３２４５２２,2026-08-17,2026-08-21,13,尼崎,一般,４４４　１３３　５１,2026-08-06,2026-08-10,24,大村,一般,２　１４４４１５１３,2026-07-25,2026-07-29,20,若松,一般,１　２３５３４３１３,3508,久富 政弘,2026-09-15,2026-09-20,14,鳴門,一般,妨　５５４　２４５　６２,2026-08-31,2026-09-05,20,若松,ＧⅢ,４　３５５３６　３３２１,2026-08-20,2026-08-23,02,戸田,一般,３２６　３４１３,2026-08-09,2026-08-14,23,からつ,一般,２　１５５１４３１５６５,2026-07-28,2026-08-02,16,児島,一般,４５４５５　６６５　６,5004,河野 主樹,2026-09-14,2026-09-19,04,平和島,一般,３　１１１５３　５３３１,2026-09-02,2026-09-07,22,福岡,一般,１　５４２４２５１　３４,2026-08-24,2026-08-29,13,尼崎,一般,F　３　２　５　２　６３,2026-08-13,2026-08-18,12,住之江,一般,４　２５５　５５４　２４,2026-07-31,2026-08-05,05,多摩川,一般,５１３　１３４
202610010311,2026-10-01,03,11R,4685,島村 隆幸,2026-09-13,2026-09-18,22,福岡,一般,１３２　４１２１３１[１],2026-09-03,2026-09-08,10,三国,一般,１１４４２２１　３５２５,2026-08-25,2026-08-30,01,桐生,ＳＧ,３６１　３　５４３　４,2026-07-07,2026-07-12,02,戸田,ＧⅡ,５５３　１２３　３　４２,2026-06-26,2026-07-01,17,宮島,一般,２２３１１１３　５１[１],4934,佐々木 翔斗,2026-09-16,2026-09-20,23,からつ,一般,２１６６４５１　２５,2026-09-01,2026-09-06,12,住之江,一般,４１２５２　２２２５３３,2026-08-24,2026-08-28,15,丸亀,一般,１２６　５５５　５３,2026-08-13,2026-08-18,12,住之江,一般,３１４　１６５　５３１,2026-07-31,2026-08-04,13,尼崎,一般,４　１３４２６２[４],5212,西川 拓利,2026-09-13,2026-09-17,19,下関,一般,２４２４４　５５３妨,2026-09-04,2026-09-09,11,びわこ,一般,２　１２４６２３１２[２],2026-08-21,2026-08-24,07,蒲郡,一般,２５５１１１２,2026-08-10,2026-08-15,21,芦屋,一般,３４１１１５６　２２[１],2026-07-30,2026-08-04,08,常滑,一般,３１２４３５３　１４２５,5303,土井 歩夢,2026-09-13,2026-09-18,07,蒲郡,一般,２　１２１２３３３４４３,2026-09-04,2026-09-09,11,びわこ,一般,３４６４１　５　２５３,2026-08-23,2026-08-27,18,徳山,一般,１４５　３３４１４３,2026-08-07,2026-08-12,20,若松,一般,２５１２２　１５４　４５,2026-07-28,2026-07-31,24,大村,一般,２３２　１２[５],3482,金子 猛志,2026-09-12,2026-09-15,10,三国,一般,４　１６２２３２,2026-08-28,2026-09-02,05,多摩川,ＧⅢ,６　３３４　５３３６５３,2026-08-11,2026-08-16,01,桐生,一般,６　１２１　３６５　１４,2026-08-02,2026-08-05,21,芦屋,一般,２１６　５４６６,2026-07-17,2026-07-22,16,児島,ＧⅢ,６４６　６３４　４　６５,3934,鋤柄 貴俊,2026-09-09,2026-09-13,05,多摩川,一般,４２２５１　１５２２,2026-08-24,2026-08-29,13,尼崎,一般,２　２５４５２　４２４２,2026-08-11,2026-08-16,07,蒲郡,一般,２　１５４３３　３４４４,2026-07-31,2026-08-05,06,浜名湖,ＧⅢ,６　４３５　４４４　３５,2026-07-15,2026-07-19,17,宮島,一般,１４４３１　３３４５
202610010312,2026-10-01,03,12R,4748,渡邉 雄朗,2026-09-15,2026-09-20,14,鳴門,一般,２　２６転６２１３　４,2026-08-09,2026-08-15,03,江戸川,一般,４１３　４１２　２　[４],2026-07-28,2026-07-31,24,大村,一般,５１４　６５５６,2026-07-15,2026-07-19,17,宮島,一般,２６３４４６,2026-07-03,2026-07-08,13,尼崎,一般,１２F３２　３　２　３,4364,池永 太,2026-09-16,2026-09-21,05,多摩川,ＧⅠ,２　５５５　４６５　５４,2026-09-07,2026-09-12,16,児島,一般,５２１１４　１４６３２１,2026-08-29,2026-09-03,19,下関,一般,３６５欠,2026-08-20,2026-08-25,21,芦屋,一般,１１１４１４５　１３４１,2026-08-07,2026-08-12,20,若松,一般,２４３　２２２２２４１２,4508,野間 大樹,2026-09-14,2026-09-19,04,平和島,一般,６２４　２３６　３４２,2026-09-01,2026-09-06,12,住之江,一般,不,2026-08-22,2026-08-27,22,福岡,一般,３３４２５　３１１４３３,2026-07-17,2026-07-20,02,戸田,一般,１２３落,2026-07-07,2026-07-12,08,常滑,一般,５　６１５６転,5035,櫻井 優,2026-09-17,2026-09-20,24,大村,一般,４　１５５６２５,2026-09-09,2026-09-13,17,宮島,一般,２３３５６　２　２２,2026-08-29,2026-09-03,19,下関,一般,４６５　３　３１６２４１,2026-08-12,2026-08-17,02,戸田,一般,６　５　２４２４１１３３,2026-07-29,2026-08-03,23,からつ,一般,１１１　３６３　６６４５,3911,鈴木 猛,2026-09-17,2026-09-22,16,児島,一般,６　５４落　４６４　３５,2026-09-03,2026-09-06,02,戸田,一般,５３４　４１１６,2026-08-21,2026-08-26,06,浜名湖,一般,２　４２６　６６５　１２,2026-08-09,2026-08-15,03,江戸川,一般,３　２２６　４５３　５５,2026-07-28,2026-08-02,15,丸亀,一般,２　５６５　５３２　６,5219,森口 和紀,2026-09-09,2026-09-15,20,若松,一般,１２４１２　４５１４２　３,2026-08-29,2026-09-03,19,下関,一般,　　　　　　　　４４２,2026-08-22,2026-08-27,22,福岡,一般,２２３　１１４６５１[５],2026-08-10,2026-08-15,21,芦屋,一般,５３１　６　２３５４２１,2026-07-30,2026-08-04,08,常滑,一般,４　１６４　４４３２１
202610010401,2026-10-01,04,01R,3793,高橋 真吾,2026-09-13,2026-09-18,11,びわこ,一般,５　６３２　１５２３２２,2026-08-27,2026-09-01,07,蒲郡,一般,２　４６２３２　６５３,2026-08-12,2026-08-17,02,戸田,一般,２　５４１　３６２２２２,2026-07-22,2026-07-26,08,常滑,一般,５　５２２６４　５５,2026-07-09,2026-07-14,15,丸亀,一般,４６２　２６６　１６６,4047,吉永 浩則,2026-09-11,2026-09-16,12,住之江,一般,３　６６３　４６３　１,2026-08-25,2026-08-30,09,津,一般,２　３６４　５５５,2026-08-16,2026-08-19,14,鳴門,一般,６３４　６１６,2026-07-31,2026-08-03,20,若松,一般,６５６　４　４６,2026-07-15,2026-07-20,18,徳山,一般,４　４６５　３６５　２５,3686,鳥居塚 孝博,2026-09-18,2026-09-23,03,江戸川,一般,１１５４４　５欠,2026-09-05,2026-09-10,01,桐生,一般,５４２　２４３　３５４１,2026-08-23,2026-08-27,18,徳山,一般,５４２　３５５　４４,2026-07-17,2026-07-22,16,児島,ＧⅢ,３　１４３５１２４３５２,2026-07-07,2026-07-12,10,三国,ＧⅢ,４　３１２４１３４２[４],3256,三角 哲男,2026-09-16,2026-09-20,23,からつ,一般,２３１２２１３１[３],2026-09-05,2026-09-11,03,江戸川,一般,３５１　２１２１１１[２],2026-08-23,2026-08-27,18,徳山,一般,４２３１２３２２[５],2026-08-11,2026-08-16,04,平和島,一般,１１２１１　３３４３３２,2026-07-31,2026-08-05,05,多摩川,一般,２５５３２１３　４５６２,3391,鈴木 茂正,2026-08-31,2026-09-05,20,若松,ＧⅢ,５　５４２４６　６　４６,2026-08-21,2026-08-24,07,蒲郡,一般,５　６６５　６６,2026-08-08,2026-08-11,05,多摩川,一般,５　６　３６６６,2026-07-24,2026-07-27,06,浜名湖,一般,５　５５６４５,2018-06-15,2018-06-21,20,若松,一般,１　３６６３２３５５４１６,3532,柴田 光,2026-09-03,2026-09-06,02,戸田,一般,１３F４６,2026-08-22,2026-08-26,20,若松,一般,６　３４３　４３１１,2026-08-11,2026-08-16,01,桐生,一般,２　４４欠,2026-06-25,2026-06-30,01,桐生,ＧⅢ,２４６　１５２　１５２３,2026-06-12,2026-06-17,19,下関,一般,５２１１１　１１５６２３
202610010402,2026-10-01,04,02R,3741,松尾 基成,2026-09-13,2026-09-17,19,下関,一般,３　５４６６６　６６,2026-08-30,2026-09-02,21,芦屋,一般,１　６５３６６６,2026-08-15,2026-08-20,18,徳山,一般,６　６５２　５２５　５５,2026-07-29,2026-08-03,22,福岡,一般,３６６　５６,2026-07-15,2026-07-21,12,住之江,一般,６　６６４,3505,山田 竜一,2026-09-13,2026-09-18,22,福岡,一般,２６１４４　３５５　２１,2026-08-31,2026-09-05,20,若松,ＧⅢ,６４２４１　４　１５３１,2026-08-15,2026-08-20,05,多摩川,一般,５２１　２６１　３６１４,2026-08-05,2026-08-10,09,津,一般,４４５　２５１　５６２６,2026-07-24,2026-07-27,12,住之江,一般,４６５　５　１６,3929,杢野 誓良,2026-09-16,2026-09-21,13,尼崎,一般,３６５　１５５　２　６２,2026-09-03,2026-09-06,02,戸田,一般,４４２　２１４５,2026-08-20,2026-08-23,23,からつ,一般,４　３３３２６４,2026-08-10,2026-08-15,08,常滑,一般,４　２４４　４３３５２５,2026-07-28,2026-08-02,16,児島,一般,２４１　３６１６２　２６,3516,吉原 聖人,2026-09-11,2026-09-15,06,浜名湖,一般,５２４　３４２F５,2026-08-26,2026-08-31,11,びわこ,一般,２１５　５３５　２１３,2026-08-14,2026-08-19,17,宮島,一般,４　５５２　６４４６６,2026-08-05,2026-08-10,09,津,一般,５１４　３６５　４４１,2026-07-20,2026-07-25,15,丸亀,一般,３５６　３５５　２　２６,4077,品田 直樹,2026-09-17,2026-09-22,16,児島,一般,６１３　５６５　５５２,2026-09-02,2026-09-07,22,福岡,一般,１　２２２　１６４１[２],2026-08-20,2026-08-23,24,大村,一般,２６１　１４２５,2026-08-09,2026-08-15,03,江戸川,一般,２　５２５　４６６６１,2026-07-27,2026-08-01,10,三国,一般,４１４５４４１　３　１３,3616,中村 真,2026-09-13,2026-09-17,19,下関,一般,２　２５４４５　５３,2026-08-05,2026-08-10,14,鳴門,一般,５４６　４６５　４　１３,2026-07-23,2026-07-28,21,芦屋,一般,３３１　２２２３３３４６,2026-07-07,2026-07-12,10,三国,ＧⅢ,３　３６５５６　５　３,2026-06-25,2026-06-30,01,桐生,ＧⅢ,２４５　６５３　４　３１
202610010403,2026-10-01,04,03R,3807,岡部 哲,2026-09-13,2026-09-18,22,福岡,一般,２２３　１５４　２５６５,2026-08-26,2026-08-31,11,びわこ,一般,３　４６１４３　３５５,2026-08-12,2026-08-17,02,戸田,一般,３　２５４　５６２１３５,2026-08-02,2026-08-05,21,芦屋,一般,２　４３２３４２,2026-07-19,2026-07-23,05,多摩川,一般,６５３　３１４５３,3527,中嶋 誠一郎,2026-09-16,2026-09-20,23,からつ,一般,２６４　５２５６５５,2026-08-31,2026-09-05,20,若松,ＧⅢ,２４４　１３４６５４３３,2026-08-19,2026-08-24,19,下関,一般,４５F　３　５　６　６４,2026-08-06,2026-08-10,24,大村,一般,２５１　１２２４１３,2026-07-23,2026-07-28,03,江戸川,ＧⅢ,３　１３４　６３１１６６,3690,河合 三弘,2026-09-16,2026-09-21,13,尼崎,一般,２　５５１　２３５４１４,2026-08-31,2026-09-05,20,若松,ＧⅢ,２　１２３　４５５６４６,2026-08-20,2026-08-23,23,からつ,一般,２　４４６５６３,2026-08-10,2026-08-15,08,常滑,一般,２　３４６　５６４６３,2026-07-31,2026-08-05,06,浜名湖,ＧⅢ,６６４　６５４　６　２,3297,藤丸 光一,2026-09-13,2026-09-18,22,福岡,一般,２６３　２４５　２　２４,2026-08-27,2026-09-01,07,蒲郡,一般,４６４　エ　５４５　４６,2026-08-15,2026-08-20,18,徳山,一般,２６２　１４３　２６３６,2026-07-29,2026-08-03,22,福岡,一般,２５１　４１６３２２[４],2026-07-15,2026-07-21,12,住之江,一般,１　５６５　６２４　２　２４,3997,北村 征嗣,2026-09-17,2026-09-22,16,児島,一般,３５２２２　２５２３４１,2026-09-09,2026-09-13,05,多摩川,一般,２３２１２５３１[３],2026-08-27,2026-09-01,07,蒲郡,一般,２２４１３　２３２３２５,2026-08-13,2026-08-18,12,住之江,一般,１４３　４４５　３５５,2026-07-31,2026-08-05,06,浜名湖,ＧⅢ,３１１４２　２２１２[４],3988,古川 誠之,2026-09-18,2026-09-23,12,住之江,一般,４１１　２６３　１５５６,2026-09-07,2026-09-12,16,児島,一般,１１３　１３３５２４６４,2026-08-24,2026-08-29,13,尼崎,一般,４　４１３３３　２３３３,2026-08-11,2026-08-16,07,蒲郡,一般,４　４３４１１　１６１５,2026-07-31,2026-08-05,06,浜名湖,ＧⅢ,１４４２５　３５１　３３
202610010404,2026-10-01,04,04R,3211,北川 敏弘,2026-09-12,2026-09-17,09,津,一般,５　５６４　５２５　５,2026-09-01,2026-09-05,13,尼崎,一般,２６５　２　２５３３,2026-08-22,2026-08-26,20,若松,一般,４　６５４　５６６５,2026-08-09,2026-08-14,23,からつ,一般,６　４２２２５　２　４１,2026-07-24,2026-07-29,17,宮島,一般,４６４　５６４　５５５３,4076,杉田 篤光,2026-09-09,2026-09-15,20,若松,一般,２６４　３２４　５　１５２１,2026-08-22,2026-08-27,22,福岡,一般,５４３　３４１　４１３５,2026-08-11,2026-08-16,06,浜名湖,一般,２５１　３４３　３１４４,2026-07-31,2026-08-05,05,多摩川,一般,２４３　３２３　２５３６,2026-07-17,2026-07-22,16,児島,ＧⅢ,４４５　４５２　４５６,3998,冨成 謙児,2026-09-09,2026-09-14,21,芦屋,一般,６　４３６　４１４　５２,2026-08-24,2026-08-28,15,丸亀,一般,２６４　６　２６１５,2026-08-09,2026-08-14,23,からつ,一般,３　３６４４６　５　５４,2026-07-31,2026-08-05,06,浜名湖,ＧⅢ,３５１　５６５　５　５５,2026-07-21,2026-07-26,23,からつ,一般,５　５２６　２４６２３,4139,丹下 健,2026-09-12,2026-09-15,10,三国,一般,５６１　４６６６,2026-08-29,2026-09-03,19,下関,一般,１　３２６５５　３　６３,2026-08-11,2026-08-16,07,蒲郡,一般,５２３　６　５２３　５６,2026-08-02,2026-08-05,21,芦屋,一般,５　２１６６１４,2026-07-15,2026-07-20,18,徳山,一般,１　５３３　２２５６６５,3554,仲口 博崇,2026-09-13,2026-09-18,22,福岡,一般,４６１　２５２１３３３２,2026-08-31,2026-09-05,20,若松,ＧⅢ,６４３３２　６１２３２５,2026-08-21,2026-08-24,07,蒲郡,一般,２５１３２１[５],2026-08-10,2026-08-15,08,常滑,一般,３５１１１２１５４２[２],2026-07-27,2026-07-31,19,下関,一般,３５２２２２５２[５],3978,齊藤 仁,2026-09-16,2026-09-20,23,からつ,一般,２４３　１４５３３４,2026-09-03,2026-09-06,02,戸田,一般,２４４２３　３２,2026-07-28,2026-08-02,11,びわこ,ＳＧ,３　６　４６３　４５５,2026-07-13,2026-07-18,07,蒲郡,ＧⅡ,６　３　１３５　３３６５,2026-07-01,2026-07-06,22,福岡,一般,１　３５３５１３３４１４
202610010405,2026-10-01,04,05R,3713,伊藤 誠二,2026-09-18,2026-09-23,12,住之江,一般,６　３６２　４６５１４,2026-09-09,2026-09-13,05,多摩川,一般,６６３３５１５　１,2026-08-27,2026-09-01,07,蒲郡,一般,１　２６４５５５５　２１,2026-08-14,2026-08-19,10,三国,一般,６　３１２４４３２５３３,2026-07-31,2026-08-05,06,浜名湖,ＧⅢ,４　２３６４６４５　１１,4131,原 豊土,2026-09-07,2026-09-12,16,児島,一般,２４１　６５６,2026-08-23,2026-08-27,18,徳山,一般,３３１４２　１４６２,2026-08-11,2026-08-16,06,浜名湖,一般,２　６２２　１１４２[４],2026-07-28,2026-08-02,15,丸亀,一般,５６１　５４３　５　３６,2026-07-07,2026-07-12,20,若松,ＧⅢ,３　３１２１６　６２３,3973,崎 利仁,2026-09-12,2026-09-17,09,津,一般,３　５５６　４４６　６,2026-08-27,2026-09-01,07,蒲郡,一般,５３６　６　４５３　５６,2026-08-11,2026-08-16,01,桐生,一般,６　３３４　２　１４１１,2026-07-31,2026-08-03,20,若松,一般,２　６６５５２,2026-07-15,2026-07-20,18,徳山,一般,２４３　２４４　５　５５,3391,鈴木 茂正,2026-08-31,2026-09-05,20,若松,ＧⅢ,５　５４２４６　６　４６,2026-08-21,2026-08-24,07,蒲郡,一般,５　６６５　６６,2026-08-08,2026-08-11,05,多摩川,一般,５　６　３６６６,2026-07-24,2026-07-27,06,浜名湖,一般,５　５５６４５,2018-06-15,2018-06-21,20,若松,一般,１　３６６３２３５５４１６,3863,海老澤 泰行,2026-09-13,2026-09-18,22,福岡,一般,５３５　４１５　３　５４,2026-08-26,2026-08-30,14,鳴門,一般,４　６３５　５　２４,2026-08-15,2026-08-20,05,多摩川,一般,４　２５２　３４４１４２,2026-08-03,2026-08-08,19,下関,一般,４４５　４５２　２２３２,2026-07-24,2026-07-27,12,住之江,一般,３４６　４５４,3619,長谷川 充,2026-09-12,2026-09-17,09,津,一般,４　４４４　２３６　４２,2026-08-26,2026-08-31,11,びわこ,一般,６　２３３３６　２６３,2026-08-02,2026-08-05,21,芦屋,一般,２　２４１５５３,2026-07-19,2026-07-23,05,多摩川,一般,１６５４３　４　３１,2026-07-07,2026-07-12,10,三国,ＧⅢ,３　２２３３６６３　２５
202610010406,2026-10-01,04,06R,4047,吉永 浩則,2026-09-11,2026-09-16,12,住之江,一般,３　６６３　４６３　１,2026-08-25,2026-08-30,09,津,一般,２　３６４　５５５,2026-08-16,2026-08-19,14,鳴門,一般,６３４　６１６,2026-07-31,2026-08-03,20,若松,一般,６５６　４　４６,2026-07-15,2026-07-20,18,徳山,一般,４　４６５　３６５　２５,3516,吉原 聖人,2026-09-11,2026-09-15,06,浜名湖,一般,５２４　３４２F５,2026-08-26,2026-08-31,11,びわこ,一般,２１５　５３５　２１３,2026-08-14,2026-08-19,17,宮島,一般,４　５５２　６４４６６,2026-08-05,2026-08-10,09,津,一般,５１４　３６５　４４１,2026-07-20,2026-07-25,15,丸亀,一般,３５６　３５５　２　２６,3961,谷村 一哉,2026-09-13,2026-09-18,11,びわこ,一般,１２１　３６４１４５２３,2026-09-02,2026-09-06,17,宮島,一般,２１５３６１１２[２],2026-08-22,2026-08-27,08,常滑,ＧⅢ,４　２３５２４３１５１５,2026-08-11,2026-08-16,19,下関,一般,１６２　１１３４３１[３],2026-07-31,2026-08-04,13,尼崎,一般,６欠,3882,新田 智彰,2026-09-13,2026-09-17,19,下関,一般,１４４２５　１６２６,2026-08-26,2026-08-31,11,びわこ,一般,５６１　３６５　１２３,2026-08-13,2026-08-18,12,住之江,一般,６６５　５３３　３　３,2026-07-31,2026-08-05,06,浜名湖,ＧⅢ,５５４　６１３　４　４６,2026-07-18,2026-07-21,20,若松,一般,３　６３３５５４,4027,松江 秀徳,2026-09-18,2026-09-23,12,住之江,一般,４　６６５　１３４　１３,2026-09-05,2026-09-10,01,桐生,一般,６　２３１　３１５４６,2026-07-23,2026-07-28,21,芦屋,一般,４　２４６３５６４　１４,2026-07-13,2026-07-18,07,蒲郡,ＧⅡ,６　６　５６３　５６６,2026-06-26,2026-07-02,24,大村,一般,３６３　６３１　１４５　４１,3880,浅見 宗孝,2026-09-09,2026-09-15,20,若松,一般,エ　１５４　３２３　３５４３,2026-08-28,2026-09-02,05,多摩川,ＧⅢ,５６５　５　４６２　６５,2026-08-12,2026-08-17,02,戸田,一般,３６３　４６６　３４３,2026-07-23,2026-07-28,03,江戸川,ＧⅢ,２　４４５　６５４５６,2026-07-11,2026-07-14,04,平和島,一般,６６３　１３３
202610010407,2026-10-01,04,07R,3430,角浜 修,2026-09-12,2026-09-17,09,津,一般,２６３　５６３　４　３６,2026-08-26,2026-08-31,11,びわこ,一般,４　５１５５１　２６５,2026-08-14,2026-08-19,17,宮島,一般,４３４　３１６　６６６,2026-08-03,2026-08-08,19,下関,一般,６　５５３　５２６　３４,2026-07-21,2026-07-26,23,からつ,一般,５　６４２　２５１　５１,3256,三角 哲男,2026-09-16,2026-09-20,23,からつ,一般,２３１２２１３１[３],2026-09-05,2026-09-11,03,江戸川,一般,３５１　２１２１１１[２],2026-08-23,2026-08-27,18,徳山,一般,４２３１２３２２[５],2026-08-11,2026-08-16,04,平和島,一般,１１２１１　３３４３３２,2026-07-31,2026-08-05,05,多摩川,一般,２５５３２１３　４５６２,3489,大場 敏,2026-09-18,2026-09-24,02,戸田,一般,１　３F４　２　５　３４,2026-09-09,2026-09-13,05,多摩川,一般,４４５　１２３４２４,2026-08-31,2026-09-05,20,若松,ＧⅢ,１６５２５　２４２　３１,2026-08-22,2026-08-27,08,常滑,ＧⅢ,４　１２５　６３１６１４,2026-08-11,2026-08-16,06,浜名湖,一般,２　２４１５３１４３２２,3929,杢野 誓良,2026-09-16,2026-09-21,13,尼崎,一般,３６５　１５５　２　６２,2026-09-03,2026-09-06,02,戸田,一般,４４２　２１４５,2026-08-20,2026-08-23,23,からつ,一般,４　３３３２６４,2026-08-10,2026-08-15,08,常滑,一般,４　２４４　４３３５２５,2026-07-28,2026-08-02,16,児島,一般,２４１　３６１６２　２６,3527,中嶋 誠一郎,2026-09-16,2026-09-20,23,からつ,一般,２６４　５２５６５５,2026-08-31,2026-09-05,20,若松,ＧⅢ,２４４　１３４６５４３３,2026-08-19,2026-08-24,19,下関,一般,４５F　３　５　６　６４,2026-08-06,2026-08-10,24,大村,一般,２５１　１２２４１３,2026-07-23,2026-07-28,03,江戸川,ＧⅢ,３　１３４　６３１１６６,3718,伊達 正利,2026-09-11,2026-09-16,12,住之江,一般,４　１５５　１５４３５,2026-08-30,2026-09-03,08,常滑,一般,３　３６４６６　５５,2026-08-16,2026-08-19,14,鳴門,一般,５　６１１５３３,2026-07-31,2026-08-05,06,浜名湖,ＧⅢ,４３２　４５５　２６６,2026-07-17,2026-07-20,02,戸田,一般,２６５　１４２４
202610010408,2026-10-01,04,08R,3826,村田 修次,2026-09-17,2026-09-22,16,児島,一般,４６３２４　５３５　２,2026-08-22,2026-08-26,20,若松,一般,２５５１２　４４１２,2026-08-11,2026-08-16,04,平和島,一般,１　４２２２３２２４３１,2026-07-15,2026-07-21,12,住之江,一般,３２３　２２２　３２３５２５,2026-07-05,2026-07-09,24,大村,一般,３２１　２５４４１５,3532,柴田 光,2026-09-03,2026-09-06,02,戸田,一般,１３F４６,2026-08-22,2026-08-26,20,若松,一般,６　３４３　４３１１,2026-08-11,2026-08-16,01,桐生,一般,２　４４欠,2026-06-25,2026-06-30,01,桐生,ＧⅢ,２４６　１５２　１５２３,2026-06-12,2026-06-17,19,下関,一般,５２１１１　１１５６２３,3741,松尾 基成,2026-09-13,2026-09-17,19,下関,一般,３　５４６６６　６６,2026-08-30,2026-09-02,21,芦屋,一般,１　６５３６６６,2026-08-15,2026-08-20,18,徳山,一般,６　６５２　５２５　５５,2026-07-29,2026-08-03,22,福岡,一般,３６６　５６,2026-07-15,2026-07-21,12,住之江,一般,６　６６４,3909,佐々木 康幸,2026-09-07,2026-09-12,24,大村,ＧⅠ,６５１　２　６６,2026-08-28,2026-09-02,05,多摩川,ＧⅢ,２６２１６　１１２１[３],2026-08-11,2026-08-16,06,浜名湖,一般,３２１　３１１２１１[１],2026-07-31,2026-08-05,06,浜名湖,ＧⅢ,３５２　１６５１３１[２],2026-07-18,2026-07-21,20,若松,一般,１２４４１４１３,3690,河合 三弘,2026-09-16,2026-09-21,13,尼崎,一般,２　５５１　２３５４１４,2026-08-31,2026-09-05,20,若松,ＧⅢ,２　１２３　４５５６４６,2026-08-20,2026-08-23,23,からつ,一般,２　４４６５６３,2026-08-10,2026-08-15,08,常滑,一般,２　３４６　５６４６３,2026-07-31,2026-08-05,06,浜名湖,ＧⅢ,６６４　６５４　６　２,3377,塚田 修二,2026-09-11,2026-09-15,06,浜名湖,一般,５,2026-08-29,2026-09-03,16,児島,一般,３６６　６４５　４６４,2026-08-15,2026-08-20,05,多摩川,一般,６　４４３６５　４　５,2026-08-03,2026-08-08,17,宮島,一般,６　５６６,2026-07-24,2026-07-27,02,戸田,一般,３　３２５３２１
202610010409,2026-10-01,04,09R,4077,品田 直樹,2026-09-17,2026-09-22,16,児島,一般,６１３　５６５　５５２,2026-09-02,2026-09-07,22,福岡,一般,１　２２２　１６４１[２],2026-08-20,2026-08-23,24,大村,一般,２６１　１４２５,2026-08-09,2026-08-15,03,江戸川,一般,２　５２５　４６６６１,2026-07-27,2026-08-01,10,三国,一般,４１４５４４１　３　１３,4139,丹下 健,2026-09-12,2026-09-15,10,三国,一般,５６１　４６６６,2026-08-29,2026-09-03,19,下関,一般,１　３２６５５　３　６３,2026-08-11,2026-08-16,07,蒲郡,一般,５２３　６　５２３　５６,2026-08-02,2026-08-05,21,芦屋,一般,５　２１６６１４,2026-07-15,2026-07-20,18,徳山,一般,１　５３３　２２５６６５,3952,中澤 和志,2026-09-16,2026-09-21,05,多摩川,ＧⅠ,１６４　５４５　１５２,2026-09-07,2026-09-12,24,大村,ＧⅠ,５　１４２４４　３３６,2026-08-30,2026-09-03,08,常滑,一般,１６１１２３１４１５,2026-08-21,2026-08-24,07,蒲郡,一般,３３１４４３３１,2026-08-12,2026-08-17,02,戸田,一般,３１１　４３５　１　１,3793,高橋 真吾,2026-09-13,2026-09-18,11,びわこ,一般,５　６３２　１５２３２２,2026-08-27,2026-09-01,07,蒲郡,一般,２　４６２３２　６５３,2026-08-12,2026-08-17,02,戸田,一般,２　５４１　３６２２２２,2026-07-22,2026-07-26,08,常滑,一般,５　５２２６４　５５,2026-07-09,2026-07-14,15,丸亀,一般,４６２　２６６　１６６,3973,崎 利仁,2026-09-12,2026-09-17,09,津,一般,３　５５６　４４６　６,2026-08-27,2026-09-01,07,蒲郡,一般,５３６　６　４５３　５６,2026-08-11,2026-08-16,01,桐生,一般,６　３３４　２　１４１１,2026-07-31,2026-08-03,20,若松,一般,２　６６５５２,2026-07-15,2026-07-20,18,徳山,一般,２４３　２４４　５　５５,3158,島川 光男,2026-09-16,2026-09-20,23,からつ,一般,１３５４２１２２[４],2026-08-31,2026-09-05,18,徳山,一般,２４５３２　１３１６３４,2026-08-20,2026-08-25,21,芦屋,一般,５　１１３１１１３１[１],2026-08-08,2026-08-13,16,児島,一般,２６１４２　４　５６４４,2026-07-27,2026-08-01,10,三国,一般,２　１６３２５２１５１３
202610010410,2026-10-01,04,10R,4027,松江 秀徳,2026-09-18,2026-09-23,12,住之江,一般,４　６６５　１３４　１３,2026-09-05,2026-09-10,01,桐生,一般,６　２３１　３１５４６,2026-07-23,2026-07-28,21,芦屋,一般,４　２４６３５６４　１４,2026-07-13,2026-07-18,07,蒲郡,ＧⅡ,６　６　５６３　５６６,2026-06-26,2026-07-02,24,大村,一般,３６３　６３１　１４５　４１,3944,山口 裕二,2026-09-17,2026-09-20,24,大村,一般,５４３１５２[５],2026-09-05,2026-09-11,03,江戸川,一般,２１５　５２１２５５５５,2026-08-24,2026-08-28,15,丸亀,一般,５５５１１１２３３２,2026-06-17,2026-06-22,24,大村,ＧⅡ,６　２５３２３　４２４,2026-06-07,2026-06-12,09,津,一般,１２３　２２５５２３４１,3554,仲口 博崇,2026-09-13,2026-09-18,22,福岡,一般,４６１　２５２１３３３２,2026-08-31,2026-09-05,20,若松,ＧⅢ,６４３３２　６１２３２５,2026-08-21,2026-08-24,07,蒲郡,一般,２５１３２１[５],2026-08-10,2026-08-15,08,常滑,一般,３５１１１２１５４２[２],2026-07-27,2026-07-31,19,下関,一般,３５２２２２５２[５],3807,岡部 哲,2026-09-13,2026-09-18,22,福岡,一般,２２３　１５４　２５６５,2026-08-26,2026-08-31,11,びわこ,一般,３　４６１４３　３５５,2026-08-12,2026-08-17,02,戸田,一般,３　２５４　５６２１３５,2026-08-02,2026-08-05,21,芦屋,一般,２　４３２３４２,2026-07-19,2026-07-23,05,多摩川,一般,６５３　３１４５３,3878,胡本 悟志,2026-09-17,2026-09-20,24,大村,一般,５３２　６４３,2026-08-31,2026-09-05,20,若松,ＧⅢ,３５５　６３６２４　６,2026-08-21,2026-08-24,07,蒲郡,一般,４　４５５　３,2026-08-03,2026-08-08,17,宮島,一般,４　３６６　５１５６４２,2026-07-24,2026-07-27,06,浜名湖,一般,４３３３５　１６,3868,尾形 栄治,2026-09-09,2026-09-13,17,宮島,一般,６１６　５５４　２１,2026-08-26,2026-08-30,14,鳴門,一般,４５６　６　４３３,2026-08-15,2026-08-20,05,多摩川,一般,４６６　３　２５４　５１,2026-08-04,2026-08-09,10,三国,一般,５　６欠,2026-07-19,2026-07-23,05,多摩川,一般,３　２６５４３　１５
202610010411,2026-10-01,04,11R,3686,鳥居塚 孝博,2026-09-18,2026-09-23,03,江戸川,一般,１１５４４　５欠,2026-09-05,2026-09-10,01,桐生,一般,５４２　２４３　３５４１,2026-08-23,2026-08-27,18,徳山,一般,５４２　３５５　４４,2026-07-17,2026-07-22,16,児島,ＧⅢ,３　１４３５１２４３５２,2026-07-07,2026-07-12,10,三国,ＧⅢ,４　３１２４１３４２[４],3718,伊達 正利,2026-09-11,2026-09-16,12,住之江,一般,４　１５５　１５４３５,2026-08-30,2026-09-03,08,常滑,一般,３　３６４６６　５５,2026-08-16,2026-08-19,14,鳴門,一般,５　６１１５３３,2026-07-31,2026-08-05,06,浜名湖,ＧⅢ,４３２　４５５　２６６,2026-07-17,2026-07-20,02,戸田,一般,２６５　１４２４,3713,伊藤 誠二,2026-09-18,2026-09-23,12,住之江,一般,６　３６２　４６５１４,2026-09-09,2026-09-13,05,多摩川,一般,６６３３５１５　１,2026-08-27,2026-09-01,07,蒲郡,一般,１　２６４５５５５　２１,2026-08-14,2026-08-19,10,三国,一般,６　３１２４４３２５３３,2026-07-31,2026-08-05,06,浜名湖,ＧⅢ,４　２３６４６４５　１１,3997,北村 征嗣,2026-09-17,2026-09-22,16,児島,一般,３５２２２　２５２３４１,2026-09-09,2026-09-13,05,多摩川,一般,２３２１２５３１[３],2026-08-27,2026-09-01,07,蒲郡,一般,２２４１３　２３２３２５,2026-08-13,2026-08-18,12,住之江,一般,１４３　４４５　３５５,2026-07-31,2026-08-05,06,浜名湖,ＧⅢ,３１１４２　２２１２[４],3505,山田 竜一,2026-09-13,2026-09-18,22,福岡,一般,２６１４４　３５５　２１,2026-08-31,2026-09-05,20,若松,ＧⅢ,６４２４１　４　１５３１,2026-08-15,2026-08-20,05,多摩川,一般,５２１　２６１　３６１４,2026-08-05,2026-08-10,09,津,一般,４４５　２５１　５６２６,2026-07-24,2026-07-27,12,住之江,一般,４６５　５　１６,3714,梶原 正,2026-09-11,2026-09-15,06,浜名湖,一般,４３２３５　６６４４,2026-08-27,2026-09-01,07,蒲郡,一般,４６４　５　２５５　２４,2026-08-16,2026-08-19,14,鳴門,一般,２４６　４４６,2026-07-29,2026-08-03,23,からつ,一般,３４４　６　２６６３３,2026-07-18,2026-07-21,04,平和島,一般,１４２６５　２３
202610010412,2026-10-01,04,12R,3961,谷村 一哉,2026-09-13,2026-09-18,11,びわこ,一般,１２１　３６４１４５２３,2026-09-02,2026-09-06,17,宮島,一般,２１５３６１１２[２],2026-08-22,2026-08-27,08,常滑,ＧⅢ,４　２３５２４３１５１５,2026-08-11,2026-08-16,19,下関,一般,１６２　１１３４３１[３],2026-07-31,2026-08-04,13,尼崎,一般,６欠,3422,服部 幸男,2026-09-16,2026-09-21,13,尼崎,一般,５　５４５２４４２　４１,2026-08-31,2026-09-05,20,若松,ＧⅢ,２１５　６２３６２６３３,2026-08-22,2026-08-27,08,常滑,ＧⅢ,１　５６４　４４６１４６,2026-08-11,2026-08-16,06,浜名湖,一般,３２２６３　１５３３３６,2026-07-13,2026-07-18,07,蒲郡,ＧⅡ,５　１３２　４　２６５３,3211,北川 敏弘,2026-09-12,2026-09-17,09,津,一般,５　５６４　５２５　５,2026-09-01,2026-09-05,13,尼崎,一般,２６５　２　２５３３,2026-08-22,2026-08-26,20,若松,一般,４　６５４　５６６５,2026-08-09,2026-08-14,23,からつ,一般,６　４２２２５　２　４１,2026-07-24,2026-07-29,17,宮島,一般,４６４　５６４　５５５３,3377,塚田 修二,2026-09-11,2026-09-15,06,浜名湖,一般,５,2026-08-29,2026-09-03,16,児島,一般,３６６　６４５　４６４,2026-08-15,2026-08-20,05,多摩川,一般,６　４４３６５　４　５,2026-08-03,2026-08-08,17,宮島,一般,６　５６６,2026-07-24,2026-07-27,02,戸田,一般,３　３２５３２１,3489,大場 敏,2026-09-18,2026-09-24,02,戸田,一般,１　３F４　２　５　３４,2026-09-09,2026-09-13,05,多摩川,一般,４４５　１２３４２４,2026-08-31,2026-09-05,20,若松,ＧⅢ,１６５２５　２４２　３１,2026-08-22,2026-08-27,08,常滑,ＧⅢ,４　１２５　６３１６１４,2026-08-11,2026-08-16,06,浜名湖,一般,２　２４１５３１４３２２,3679,飯島 昌弘,2026-09-16,2026-09-20,23,からつ,一般,１４２　４３１６３５,2026-09-04,2026-09-08,07,蒲郡,一般,１　４４３エ２４２４,2026-08-24,2026-08-28,15,丸亀,一般,１４落　４３４５２１,2026-08-12,2026-08-17,02,戸田,一般,２２１　５２２　３３[３],2026-07-29,2026-08-03,22,福岡,一般,１　４３２２２５２３３１
202610010601,2026-10-01,06,01R,5316,村松 将平,2026-09-09,2026-09-15,20,若松,一般,１６２　４４４４５　１　３１,2026-08-22,2026-08-27,22,福岡,一般,３　１１４６４５５　３２,2026-08-11,2026-08-16,07,蒲郡,一般,３６２　５　６６４　２３,2026-07-27,2026-08-01,10,三国,一般,１６１　転２２　４６２４,2026-07-19,2026-07-23,05,多摩川,一般,１４３３６　２４５２,4940,白石 有美,2026-09-18,2026-09-23,17,宮島,ＧⅢ,５　６３１　５４４　２１,2026-08-25,2026-08-30,09,津,一般,３　３４３　４５４２２６,2026-08-11,2026-08-16,01,桐生,一般,２　４　６３３　５３６２,2026-07-22,2026-07-26,08,常滑,一般,２２３　４６６３１,2026-06-24,2026-06-29,12,住之江,一般,１３３　４３２６５５１６,4179,広次 修,2026-09-17,2026-09-22,16,児島,一般,２　１１２５３１３４３２,2026-09-05,2026-09-11,03,江戸川,一般,４４５　６５３　５５４３,2026-08-25,2026-08-30,09,津,一般,３３５　４６３　３　３１,2026-08-11,2026-08-16,19,下関,一般,３　１６４６２　１３４６,2026-07-24,2026-07-29,17,宮島,一般,３２３２３４３　１３３３,5205,刑部 亜里紗,2026-08-16,2026-08-19,14,鳴門,一般,３１２４３６５４,2026-08-06,2026-08-11,18,徳山,ＧⅠ,４　２　１６２　３　４３,2026-07-28,2026-07-31,24,大村,一般,４３５　６１５３,2026-07-18,2026-07-23,09,津,ＧⅢ,３　４２４　２５４F６,2026-07-11,2026-07-14,04,平和島,一般,２３１１４　[４],4491,田中 堅,2026-09-18,2026-09-23,03,江戸川,一般,３　５５６　２４２３,2026-09-09,2026-09-13,05,多摩川,一般,１　４５３　２５４６,2026-08-23,2026-08-27,18,徳山,一般,２　２６５５３４３１,2026-08-11,2026-08-16,01,桐生,一般,１　２５６　２　６　２５,2026-07-27,2026-08-01,09,津,一般,４５３,4081,樋口 範政,2026-09-12,2026-09-15,10,三国,一般,４５２　６１３１,2026-08-29,2026-09-03,16,児島,一般,２４２　２１２３３５１４,2026-08-15,2026-08-20,05,多摩川,一般,１５３　５３２　１４４３,2026-08-04,2026-08-09,12,住之江,一般,３２１　５６３５５　３,2026-07-22,2026-07-27,14,鳴門,一般,１４４２５　５２４　５１
202610010602,2026-10-01,06,02R,4660,宇田川 信一,2026-09-13,2026-09-18,11,びわこ,一般,３５５　５　転６６　５,2026-08-11,2026-08-16,04,平和島,一般,６,2026-07-23,2026-07-28,21,芦屋,一般,４　６５６　３３５１２１,2026-07-12,2026-07-16,05,多摩川,一般,４　４　５６５６１,2026-06-24,2026-06-29,03,江戸川,一般,５　４５６,5347,井澤 聖奈,2026-09-12,2026-09-17,08,常滑,一般,２　５５５４５４６　３４,2026-08-10,2026-08-15,08,常滑,一般,３　４６５　６６６　６６,2026-07-25,2026-07-30,04,平和島,一般,６　６５４　６６５　６６,2026-07-14,2026-07-19,01,桐生,一般,６６６　６　６６５　６,2026-07-01,2026-07-06,07,蒲郡,一般,５　６６５６６　５　４,4058,野末 智一,2026-09-22,2026-09-27,08,常滑,一般,４４２１５５３２３５３３,2026-09-12,2026-09-17,09,津,一般,１　１４５６４　３２５,2026-09-01,2026-09-04,24,大村,一般,２１１３４３３１,2026-08-22,2026-08-26,20,若松,一般,４６５２４,2026-08-11,2026-08-16,06,浜名湖,一般,１６４１２　２転２５５３,4458,抹香 雄三,2026-09-12,2026-09-17,09,津,一般,２１５　２１３　４３３５,2026-08-29,2026-09-03,16,児島,一般,３５３　４３５　２３３１,2026-08-14,2026-08-19,17,宮島,一般,６　３１２　３４３６１３,2026-08-04,2026-08-09,12,住之江,一般,５２３　２４２　２５３３,2026-07-23,2026-07-27,01,桐生,一般,３３１　４６４４３５,4118,宇佐見 淳,2026-09-18,2026-09-23,12,住之江,一般,５６１　４１４　２３１,2026-09-05,2026-09-10,01,桐生,一般,１　３２２５３３１３１２,2026-08-21,2026-08-26,03,江戸川,一般,２　２３３　３５１　１１,2026-08-10,2026-08-15,08,常滑,一般,１３６３５　１３３５２５,2026-07-29,2026-08-03,23,からつ,一般,２　３５１６２４１６５４,4120,柘植 政浩,2026-09-18,2026-09-24,02,戸田,一般,６１５６１　１４２４２４,2026-08-31,2026-09-05,18,徳山,一般,３　１２５５５２２５２５,2026-08-15,2026-08-20,11,びわこ,一般,２３３３４　１６３４２３,2026-08-04,2026-08-09,12,住之江,一般,４２１　３３３　１４１２,2026-07-23,2026-07-28,21,芦屋,一般,４４４１１３５　４６３５
202610010603,2026-10-01,06,03R,3471,赤峰 和也,2026-09-11,2026-09-16,12,住之江,一般,１６１　３６５　３　４３,2026-08-28,2026-08-31,23,からつ,一般,５　３５５　３６,2026-08-16,2026-08-19,14,鳴門,一般,６　３４４５５,2026-07-31,2026-08-04,13,尼崎,一般,３　２６５　３５５,2026-07-18,2026-07-22,10,三国,一般,３５６　６　６４３,3156,金子 良昭,2026-09-12,2026-09-15,10,三国,一般,１　６６５５４,2026-08-26,2026-08-31,11,びわこ,一般,５　F６６　５　５　３,2026-08-11,2026-08-16,06,浜名湖,一般,４　５５６　６４５　５,2026-07-22,2026-07-27,14,鳴門,一般,５６４　５３６　５２４５,2026-07-10,2026-07-15,06,浜名湖,一般,２６５　５４１　２　５６,4289,落合 直子,2026-09-18,2026-09-23,17,宮島,ＧⅢ,２　３５１３５２２４３３,2026-09-05,2026-09-10,04,平和島,一般,６　２３３１６２６　５２,2026-08-17,2026-08-20,20,若松,一般,４１２６２４３２,2026-08-06,2026-08-11,18,徳山,ＧⅠ,３　２　３５２　６　４６,2026-07-21,2026-07-26,23,からつ,一般,１２３　１３４　１４２５,4627,藤原 菜希,2026-09-20,2026-09-25,01,桐生,一般,５　１１１５転１２５２２,2026-09-06,2026-09-11,14,鳴門,一般,３　４４３６５３５　１,2026-08-24,2026-08-29,10,三国,一般,４　１６３転３　５１２３,2026-08-12,2026-08-17,24,大村,ＧⅢ,３４１１１　３２１１[２],2026-08-03,2026-08-08,17,宮島,一般,４３５３１　１１４２[１],5179,藤本 元輝,2026-09-20,2026-09-25,01,桐生,一般,４　６５４　５２６　６６,2026-09-04,2026-09-09,11,びわこ,一般,５２３　５５４　５　６５,2026-08-23,2026-08-27,18,徳山,一般,６　１６４６６２６６,2026-08-09,2026-08-14,13,尼崎,一般,１　３５２　２３６　５５,2026-07-24,2026-07-27,12,住之江,一般,２３１　１６１６,4494,河合 佑樹,2026-09-16,2026-09-21,05,多摩川,ＧⅠ,４４,2026-09-07,2026-09-12,24,大村,ＧⅠ,３　２６６　２１６　２４,2026-08-25,2026-08-30,01,桐生,ＳＧ,５　２６６　１　６４４,2026-08-15,2026-08-20,09,津,一般,１１１２２　１２２１[１],2026-07-07,2026-07-12,02,戸田,ＧⅡ,５５２　５　６３５　２４
202610010604,2026-10-01,06,04R,4790,柳内 敬太,2026-09-17,2026-09-22,16,児島,一般,２　４５６３,2026-09-01,2026-09-04,24,大村,一般,１６１１５１[５],2026-08-21,2026-08-26,03,江戸川,一般,１１２　３４３　３２[２],2026-08-09,2026-08-14,13,尼崎,一般,６　６６３３３　５２６,2026-08-02,2026-08-05,21,芦屋,一般,２３４１４２[３],4951,新田 洋一,2026-09-13,2026-09-18,22,福岡,一般,４３１　２５１　２４１５,2026-08-31,2026-09-05,18,徳山,一般,転５１　２５６　５３６,2026-08-17,2026-08-21,13,尼崎,一般,３５６　５３４　２,2026-08-03,2026-08-08,17,宮島,一般,４３２　５４５　５３２３,2026-06-25,2026-06-29,21,芦屋,一般,３４６　６５３　６６,5383,中村 楓,2026-09-18,2026-09-23,03,江戸川,一般,５４２　５６４４５,2026-09-09,2026-09-14,21,芦屋,一般,５　５６６５６　３　２４,2026-08-30,2026-09-03,08,常滑,一般,５　６５６　５６５６,2026-08-20,2026-08-23,02,戸田,一般,６　６４４１６３,2026-07-31,2026-08-05,05,多摩川,一般,６　６５３　５５３　４６,5323,香川 陽太,2026-09-12,2026-09-15,10,三国,一般,５　３４６　４６,2026-08-15,2026-08-20,11,びわこ,一般,５６６　転　４４５　６５,2026-07-28,2026-08-02,16,児島,一般,５３１　４３４２１２[５],2026-07-18,2026-07-21,20,若松,一般,５５３　３６３３,2026-06-26,2026-07-02,24,大村,一般,３　３５２　４１５　１１[５],5140,吉田 彩乃,2026-07-21,2026-07-26,23,からつ,一般,３　４２２１６　４５５６,2026-07-12,2026-07-16,05,多摩川,一般,６　５６４　３６５,2026-06-17,2026-06-22,13,尼崎,一般,５　５２４　２３１３５４,2026-05-20,2026-05-25,09,津,一般,２　３４１不,2026-04-29,2026-05-04,14,鳴門,ＧⅢ,５５１　４２３　２１６４,3448,高山 秀雄,2026-09-12,2026-09-17,09,津,一般,３４２　４６不　５　５５,2026-08-30,2026-09-03,08,常滑,一般,４　４３４４２　３２,2026-05-19,2026-05-24,08,常滑,一般,６　３５５　３５４　４５,2026-05-01,2026-05-06,01,桐生,一般,６,2026-04-18,2026-04-23,05,多摩川,一般,５　１２３　５５２F５
202610010605,2026-10-01,06,05R,3411,池上 隆行,2026-09-16,2026-09-20,23,からつ,一般,３　F５４,2026-08-08,2026-08-13,16,児島,一般,５５４　６５５,2026-07-28,2026-07-31,24,大村,一般,３４６　６３５,2026-07-17,2026-07-20,02,戸田,一般,３　４４４５３,2026-07-01,2026-07-06,22,福岡,一般,３　４２４　F５４　６,3828,明石 正之,2026-08-22,2026-08-27,08,常滑,ＧⅢ,３　３５５　５４,2026-08-09,2026-08-14,13,尼崎,一般,２６６　２５５　３４５,2026-07-28,2026-08-02,16,児島,一般,３５４　３４４　４４５,2026-07-14,2026-07-19,21,芦屋,一般,５５３　１１３　４３１F,2026-07-03,2026-07-06,09,津,一般,５４５　３１６,4403,木下 大將,2026-09-16,2026-09-21,13,尼崎,一般,４　３１２５２４１５６５,2026-09-03,2026-09-06,02,戸田,一般,４１３４６　F４,2026-08-21,2026-08-26,03,江戸川,一般,２４１　１３３　２２[１],2026-08-07,2026-08-12,20,若松,一般,１　４４３６３１２４２２,2026-07-29,2026-08-03,23,からつ,一般,２２１３３２１　２３３１,4491,田中 堅,2026-09-18,2026-09-23,03,江戸川,一般,３　５５６　２４２３,2026-09-09,2026-09-13,05,多摩川,一般,１　４５３　２５４６,2026-08-23,2026-08-27,18,徳山,一般,２　２６５５３４３１,2026-08-11,2026-08-16,01,桐生,一般,１　２５６　２　６　２５,2026-07-27,2026-08-01,09,津,一般,４５３,3623,深川 真二,2026-08-22,2026-08-27,22,福岡,一般,３３５５３２５　３　１１,2026-08-09,2026-08-14,23,からつ,一般,４１１３１　３４１２[６],2026-07-23,2026-07-28,21,芦屋,一般,１F２　１　２３２２４,2026-07-14,2026-07-17,24,大村,一般,１１２４２１[５],2026-07-04,2026-07-09,01,桐生,一般,１１１２４　４１２１[３],4635,峰重 力也,2026-09-16,2026-09-21,13,尼崎,一般,２　３４３５２　４１４３,2026-09-02,2026-09-06,17,宮島,一般,２　１５５５６欠,2026-08-22,2026-08-27,08,常滑,ＧⅢ,６１３　５４１　６２５,2026-08-08,2026-08-13,16,児島,一般,３　１１６６４５４　３,2026-07-28,2026-07-31,24,大村,一般,１５２　１２[６]
202610010606,2026-10-01,06,06R,4473,藤堂 里香,2026-08-24,2026-08-29,10,三国,一般,１３４　４１２　１４１２,2026-07-19,2026-07-24,19,下関,ＧⅢ,３　３F５　４　５　３４,2026-07-07,2026-07-12,11,びわこ,一般,１３３　３３２６３６２６,2026-06-25,2026-06-29,18,徳山,一般,５　１２６５５３３５,2026-06-12,2026-06-17,22,福岡,ＧⅢ,２６４　１３２２３２[６],5205,刑部 亜里紗,2026-08-16,2026-08-19,14,鳴門,一般,３１２４３６５４,2026-08-06,2026-08-11,18,徳山,ＧⅠ,４　２　１６２　３　４３,2026-07-28,2026-07-31,24,大村,一般,４３５　６１５３,2026-07-18,2026-07-23,09,津,ＧⅢ,３　４２４　２５４F６,2026-07-11,2026-07-14,04,平和島,一般,２３１１４　[４],5270,小玉 啓太,2026-08-22,2026-08-27,22,福岡,一般,１　３６５５５　４３５,2026-08-09,2026-08-14,23,からつ,一般,５６２　４　５３１　３４,2026-07-25,2026-07-29,20,若松,一般,２３６　２６１６４５,2026-07-09,2026-07-13,14,鳴門,一般,５６５　F　５　５,2026-06-25,2026-06-29,21,芦屋,一般,２　６　４４３　３４,4660,宇田川 信一,2026-09-13,2026-09-18,11,びわこ,一般,３５５　５　転６６　５,2026-08-11,2026-08-16,04,平和島,一般,６,2026-07-23,2026-07-28,21,芦屋,一般,４　６５６　３３５１２１,2026-07-12,2026-07-16,05,多摩川,一般,４　４　５６５６１,2026-06-24,2026-06-29,03,江戸川,一般,５　４５６,3562,山下 和彦,2026-09-16,2026-09-21,13,尼崎,一般,２４４　３３１３１３２２,2026-09-02,2026-09-06,17,宮島,一般,４２３　１５４６５２,2026-08-23,2026-08-27,18,徳山,一般,４４１２２　３２[３],2026-08-11,2026-08-16,19,下関,一般,５５２　２３６　２１２１,2026-07-31,2026-08-05,06,浜名湖,ＧⅢ,２５３　２１１　３４１４,3641,一瀬 明,2026-09-20,2026-09-25,10,三国,一般,３　２１３６２５４４３３,2026-09-09,2026-09-13,05,多摩川,一般,５２５１２２２４１２,2026-08-28,2026-08-31,23,からつ,一般,１３３５１３５１,2026-08-15,2026-08-20,05,多摩川,一般,４５３２１　１４６６５６,2026-08-03,2026-08-08,17,宮島,一般,３　４６６５６
202610010607,2026-10-01,06,07R,3975,小野寺 智洋,2026-09-18,2026-09-23,12,住之江,一般,５　２３５　２６１６６,2026-09-07,2026-09-11,13,尼崎,一般,６　３３１３１　６転,2026-08-26,2026-08-30,14,鳴門,一般,６４５　３３４　１４,2026-08-17,2026-08-21,15,丸亀,一般,１　４５４２６３３１,2026-07-29,2026-08-03,23,からつ,一般,５　２４３５１不４　１５,4120,柘植 政浩,2026-09-18,2026-09-24,02,戸田,一般,６１５６１　１４２４２４,2026-08-31,2026-09-05,18,徳山,一般,３　１２５５５２２５２５,2026-08-15,2026-08-20,11,びわこ,一般,２３３３４　１６３４２３,2026-08-04,2026-08-09,12,住之江,一般,４２１　３３３　１４１２,2026-07-23,2026-07-28,21,芦屋,一般,４４４１１３５　４６３５,4081,樋口 範政,2026-09-12,2026-09-15,10,三国,一般,４５２　６１３１,2026-08-29,2026-09-03,16,児島,一般,２４２　２１２３３５１４,2026-08-15,2026-08-20,05,多摩川,一般,１５３　５３２　１４４３,2026-08-04,2026-08-09,12,住之江,一般,３２１　５６３５５　３,2026-07-22,2026-07-27,14,鳴門,一般,１４４２５　５２４　５１,3156,金子 良昭,2026-09-12,2026-09-15,10,三国,一般,１　６６５５４,2026-08-26,2026-08-31,11,びわこ,一般,５　F６６　５　５　３,2026-08-11,2026-08-16,06,浜名湖,一般,４　５５６　６４５　５,2026-07-22,2026-07-27,14,鳴門,一般,５６４　５３６　５２４５,2026-07-10,2026-07-15,06,浜名湖,一般,２６５　５４１　２　５６,3813,佐藤 大介,2026-09-18,2026-09-23,12,住之江,一般,１　２４１　１５２３３１,2026-09-09,2026-09-13,05,多摩川,一般,５５３２４１１５４４,2026-08-27,2026-09-01,07,蒲郡,一般,１１４　３２２　１４３３,2026-08-16,2026-08-19,14,鳴門,一般,３５３４４　１２,2026-07-23,2026-07-28,03,江戸川,ＧⅢ,５　１２４　３２３　[４],5173,谷口 佳蓮,2026-09-15,2026-09-20,14,鳴門,一般,６　６５４５６　２　４６,2026-08-29,2026-09-03,19,下関,一般,４　３５６４２　３　４６,2026-08-17,2026-08-21,15,丸亀,一般,４　２３５　１　５６,2026-07-31,2026-08-04,13,尼崎,一般,４３４　１６２　６１,2026-06-24,2026-06-29,12,住之江,一般,４１３　３６５　４　１１
202610010608,2026-10-01,06,08R,5269,山口 晃朋,2026-09-13,2026-09-18,07,蒲郡,一般,１２１　２６２１３３２１,2026-08-31,2026-09-05,18,徳山,一般,１１２　３１１４１２[３],2026-08-21,2026-08-26,06,浜名湖,一般,２１１落１　１２１２[４],2026-08-11,2026-08-16,06,浜名湖,一般,２１２　１５４２６６１３,2026-07-28,2026-08-02,16,児島,一般,４６６１５５４　４　６４,4892,柴田 直哉,2026-09-20,2026-09-25,01,桐生,一般,１　４２２　５２４５１４,2026-09-01,2026-09-05,13,尼崎,一般,６　５６３３１　４２,2026-08-20,2026-08-23,24,大村,一般,２　２３３６１１,2026-08-07,2026-08-12,20,若松,一般,３　５５６４４５４　５５,2026-07-27,2026-07-31,19,下関,一般,５　１５４２１　３３,5179,藤本 元輝,2026-09-20,2026-09-25,01,桐生,一般,４　６５４　５２６　６６,2026-09-04,2026-09-09,11,びわこ,一般,５２３　５５４　５　６５,2026-08-23,2026-08-27,18,徳山,一般,６　１６４６６２６６,2026-08-09,2026-08-14,13,尼崎,一般,１　３５２　２３６　５５,2026-07-24,2026-07-27,12,住之江,一般,２３１　１６１６,4084,杉山 正樹,2026-09-16,2026-09-21,05,多摩川,ＧⅠ,１３４　２５４　３４３,2026-09-07,2026-09-12,24,大村,ＧⅠ,３　３６２２１　３　転５,2026-08-21,2026-08-24,07,蒲郡,一般,１６１５１４１３,2026-08-10,2026-08-15,08,常滑,一般,５４１１２１３２３４１２,2026-07-31,2026-08-05,05,多摩川,一般,４　４１１２２３５４４１,5316,村松 将平,2026-09-09,2026-09-15,20,若松,一般,１６２　４４４４５　１　３１,2026-08-22,2026-08-27,22,福岡,一般,３　１１４６４５５　３２,2026-08-11,2026-08-16,07,蒲郡,一般,３６２　５　６６４　２３,2026-07-27,2026-08-01,10,三国,一般,１６１　転２２　４６２４,2026-07-19,2026-07-23,05,多摩川,一般,１４３３６　２４５２,5383,中村 楓,2026-09-18,2026-09-23,03,江戸川,一般,５４２　５６４４５,2026-09-09,2026-09-14,21,芦屋,一般,５　５６６５６　３　２４,2026-08-30,2026-09-03,08,常滑,一般,５　６５６　５６５６,2026-08-20,2026-08-23,02,戸田,一般,６　６４４１６３,2026-07-31,2026-08-05,05,多摩川,一般,６　６５３　５５３　４６
202610010609,2026-10-01,06,09R,4069,山本 修一,2026-09-17,2026-09-22,16,児島,一般,４３４　１２２４１５F４,2026-09-01,2026-09-06,12,住之江,一般,４１３　２５２　１４１２,2026-08-24,2026-08-28,15,丸亀,一般,４５５４６６５　５,2026-07-17,2026-07-22,16,児島,ＧⅢ,３１４５５　３４３　５２,2026-07-07,2026-07-12,10,三国,ＧⅢ,２１１３３４１　５２[６],4494,河合 佑樹,2026-09-16,2026-09-21,05,多摩川,ＧⅠ,４４,2026-09-07,2026-09-12,24,大村,ＧⅠ,３　２６６　２１６　２４,2026-08-25,2026-08-30,01,桐生,ＳＧ,５　２６６　１　６４４,2026-08-15,2026-08-20,09,津,一般,１１１２２　１２２１[１],2026-07-07,2026-07-12,02,戸田,ＧⅡ,５５２　５　６３５　２４,5323,香川 陽太,2026-09-12,2026-09-15,10,三国,一般,５　３４６　４６,2026-08-15,2026-08-20,11,びわこ,一般,５６６　転　４４５　６５,2026-07-28,2026-08-02,16,児島,一般,５３１　４３４２１２[５],2026-07-18,2026-07-21,20,若松,一般,５５３　３６３３,2026-06-26,2026-07-02,24,大村,一般,３　３５２　４１５　１１[５],5347,井澤 聖奈,2026-09-12,2026-09-17,08,常滑,一般,２　５５５４５４６　３４,2026-08-10,2026-08-15,08,常滑,一般,３　４６５　６６６　６６,2026-07-25,2026-07-30,04,平和島,一般,６　６５４　６６５　６６,2026-07-14,2026-07-19,01,桐生,一般,６６６　６　６６５　６,2026-07-01,2026-07-06,07,蒲郡,一般,５　６６５６６　５　４,3965,北中 元樹,2026-09-20,2026-09-25,10,三国,一般,４５１　４２１１６１[３],2026-09-09,2026-09-13,05,多摩川,一般,２１６F２２１　３,2026-08-27,2026-08-31,04,平和島,一般,４４４１１１１６３１,2026-08-15,2026-08-20,11,びわこ,一般,１３転１５３５　１１４,2026-08-04,2026-08-09,12,住之江,一般,１　５３１　１３２１[５],4179,広次 修,2026-09-17,2026-09-22,16,児島,一般,２　１１２５３１３４３２,2026-09-05,2026-09-11,03,江戸川,一般,４４５　６５３　５５４３,2026-08-25,2026-08-30,09,津,一般,３３５　４６３　３　３１,2026-08-11,2026-08-16,19,下関,一般,３　１６４６２　１３４６,2026-07-24,2026-07-29,17,宮島,一般,３２３２３４３　１３３３
202610010610,2026-10-01,06,10R,3837,秋山 広一,2026-09-20,2026-09-25,10,三国,一般,１２５　２　２６１６４５,2026-09-09,2026-09-14,21,芦屋,一般,１１６３１　２３３５１４,2026-08-27,2026-08-31,04,平和島,一般,２５１３４　３１１４,2026-08-17,2026-08-21,15,丸亀,一般,２２５３１４２　３２,2026-07-29,2026-08-03,22,福岡,一般,３５３６２　４,3448,高山 秀雄,2026-09-12,2026-09-17,09,津,一般,３４２　４６不　５　５５,2026-08-30,2026-09-03,08,常滑,一般,４　４３４４２　３２,2026-05-19,2026-05-24,08,常滑,一般,６　３５５　３５４　４５,2026-05-01,2026-05-06,01,桐生,一般,６,2026-04-18,2026-04-23,05,多摩川,一般,５　１２３　５５２F５,3623,深川 真二,2026-08-22,2026-08-27,22,福岡,一般,３３５５３２５　３　１１,2026-08-09,2026-08-14,23,からつ,一般,４１１３１　３４１２[６],2026-07-23,2026-07-28,21,芦屋,一般,１F２　１　２３２２４,2026-07-14,2026-07-17,24,大村,一般,１１２４２１[５],2026-07-04,2026-07-09,01,桐生,一般,１１１２４　４１２１[３],5169,堀本 翔太,2026-09-13,2026-09-18,07,蒲郡,一般,１５２　５３４　４２４３,2026-08-20,2026-08-23,24,大村,一般,５４４　５　３４,2026-08-04,2026-08-09,10,三国,一般,６　３　５４５４６　６５,2026-07-24,2026-07-27,12,住之江,一般,６６５　４　５,2026-07-11,2026-07-16,03,江戸川,一般,５１３４２　４４５　５５,4289,落合 直子,2026-09-18,2026-09-23,17,宮島,ＧⅢ,２　３５１３５２２４３３,2026-09-05,2026-09-10,04,平和島,一般,６　２３３１６２６　５２,2026-08-17,2026-08-20,20,若松,一般,４１２６２４３２,2026-08-06,2026-08-11,18,徳山,ＧⅠ,３　２　３５２　６　４６,2026-07-21,2026-07-26,23,からつ,一般,１２３　１３４　１４２５,4058,野末 智一,2026-09-22,2026-09-27,08,常滑,一般,４４２１５５３２３５３３,2026-09-12,2026-09-17,09,津,一般,１　１４５６４　３２５,2026-09-01,2026-09-04,24,大村,一般,２１１３４３３１,2026-08-22,2026-08-26,20,若松,一般,４６５２４,2026-08-11,2026-08-16,06,浜名湖,一般,１６４１２　２転２５５３
202610010611,2026-10-01,06,11R,3562,山下 和彦,2026-09-16,2026-09-21,13,尼崎,一般,２４４　３３１３１３２２,2026-09-02,2026-09-06,17,宮島,一般,４２３　１５４６５２,2026-08-23,2026-08-27,18,徳山,一般,４４１２２　３２[３],2026-08-11,2026-08-16,19,下関,一般,５５２　２３６　２１２１,2026-07-31,2026-08-05,06,浜名湖,ＧⅢ,２５３　２１１　３４１４,3471,赤峰 和也,2026-09-11,2026-09-16,12,住之江,一般,１６１　３６５　３　４３,2026-08-28,2026-08-31,23,からつ,一般,５　３５５　３６,2026-08-16,2026-08-19,14,鳴門,一般,６　３４４５５,2026-07-31,2026-08-04,13,尼崎,一般,３　２６５　３５５,2026-07-18,2026-07-22,10,三国,一般,３５６　６　６４３,3813,佐藤 大介,2026-09-18,2026-09-23,12,住之江,一般,１　２４１　１５２３３１,2026-09-09,2026-09-13,05,多摩川,一般,５５３２４１１５４４,2026-08-27,2026-09-01,07,蒲郡,一般,１１４　３２２　１４３３,2026-08-16,2026-08-19,14,鳴門,一般,３５３４４　１２,2026-07-23,2026-07-28,03,江戸川,ＧⅢ,５　１２４　３２３　[４],4790,柳内 敬太,2026-09-17,2026-09-22,16,児島,一般,２　４５６３,2026-09-01,2026-09-04,24,大村,一般,１６１１５１[５],2026-08-21,2026-08-26,03,江戸川,一般,１１２　３４３　３２[２],2026-08-09,2026-08-14,13,尼崎,一般,６　６６３３３　５２６,2026-08-02,2026-08-05,21,芦屋,一般,２３４１４２[３],3411,池上 隆行,2026-09-16,2026-09-20,23,からつ,一般,３　F５４,2026-08-08,2026-08-13,16,児島,一般,５５４　６５５,2026-07-28,2026-07-31,24,大村,一般,３４６　６３５,2026-07-17,2026-07-20,02,戸田,一般,３　４４４５３,2026-07-01,2026-07-06,22,福岡,一般,３　４２４　F５４　６,4118,宇佐見 淳,2026-09-18,2026-09-23,12,住之江,一般,５６１　４１４　２３１,2026-09-05,2026-09-10,01,桐生,一般,１　３２２５３３１３１２,2026-08-21,2026-08-26,03,江戸川,一般,２　２３３　３５１　１１,2026-08-10,2026-08-15,08,常滑,一般,１３６３５　１３３５２５,2026-07-29,2026-08-03,23,からつ,一般,２　３５１６２４１６５４
202610010612,2026-10-01,06,12R,4084,杉山 正樹,2026-09-16,2026-09-21,05,多摩川,ＧⅠ,１３４　２５４　３４３,2026-09-07,2026-09-12,24,大村,ＧⅠ,３　３６２２１　３　転５,2026-08-21,2026-08-24,07,蒲郡,一般,１６１５１４１３,2026-08-10,2026-08-15,08,常滑,一般,５４１１２１３２３４１２,2026-07-31,2026-08-05,05,多摩川,一般,４　４１１２２３５４４１,3975,小野寺 智洋,2026-09-18,2026-09-23,12,住之江,一般,５　２３５　２６１６６,2026-09-07,2026-09-11,13,尼崎,一般,６　３３１３１　６転,2026-08-26,2026-08-30,14,鳴門,一般,６４５　３３４　１４,2026-08-17,2026-08-21,15,丸亀,一般,１　４５４２６３３１,2026-07-29,2026-08-03,23,からつ,一般,５　２４３５１不４　１５,3641,一瀬 明,2026-09-20,2026-09-25,10,三国,一般,３　２１３６２５４４３３,2026-09-09,2026-09-13,05,多摩川,一般,５２５１２２２４１２,2026-08-28,2026-08-31,23,からつ,一般,１３３５１３５１,2026-08-15,2026-08-20,05,多摩川,一般,４５３２１　１４６６５６,2026-08-03,2026-08-08,17,宮島,一般,３　４６６５６,4403,木下 大將,2026-09-16,2026-09-21,13,尼崎,一般,４　３１２５２４１５６５,2026-09-03,2026-09-06,02,戸田,一般,４１３４６　F４,2026-08-21,2026-08-26,03,江戸川,一般,２４１　１３３　２２[１],2026-08-07,2026-08-12,20,若松,一般,１　４４３６３１２４２２,2026-07-29,2026-08-03,23,からつ,一般,２２１３３２１　２３３１,4458,抹香 雄三,2026-09-12,2026-09-17,09,津,一般,２１５　２１３　４３３５,2026-08-29,2026-09-03,16,児島,一般,３５３　４３５　２３３１,2026-08-14,2026-08-19,17,宮島,一般,６　３１２　３４３６１３,2026-08-04,2026-08-09,12,住之江,一般,５２３　２４２　２５３３,2026-07-23,2026-07-27,01,桐生,一般,３３１　４６４４３５,4627,藤原 菜希,2026-09-20,2026-09-25,01,桐生,一般,５　１１１５転１２５２２,2026-09-06,2026-09-11,14,鳴門,一般,３　４４３６５３５　１,2026-08-24,2026-08-29,10,三国,一般,４　１６３転３　５１２３,2026-08-12,2026-08-17,24,大村,ＧⅢ,３４１１１　３２１１[２],2026-08-03,2026-08-08,17,宮島,一般,４３５３１　１１４２[１]
202610010701,2026-10-01,07,01R,4863,三浦 裕貴,2026-09-14,2026-09-19,04,平和島,一般,３６転,2026-08-31,2026-09-05,18,徳山,一般,２　２６４５５　６　５５,2026-08-15,2026-08-20,05,多摩川,一般,５　５４４５６　５　４３,2026-08-03,2026-08-08,04,平和島,ＧⅢ,６　５３６　５５６　６５,2026-07-23,2026-07-27,01,桐生,一般,５５３　１　５２４５,4593,小坂 宗司,2026-09-19,2026-09-24,06,浜名湖,一般,２５６　６３２　４　６１,2026-09-09,2026-09-13,17,宮島,一般,２　３２３１２２[５],2026-08-27,2026-08-31,04,平和島,一般,４６４　３５６　３２,2026-08-15,2026-08-20,18,徳山,一般,４　１２４３２１３３３１,2026-07-29,2026-08-03,23,からつ,一般,１４２　１２４５３２[４],4626,伊藤 紘章,2026-09-11,2026-09-16,12,住之江,一般,６４６　３４３　６　６,2026-08-30,2026-09-03,08,常滑,一般,３６５　１５５　４４,2026-08-15,2026-08-20,05,多摩川,一般,１　６６３　６２３２２５,2026-07-31,2026-08-03,20,若松,一般,６６６,2026-07-14,2026-07-17,24,大村,一般,２　１６３４６１,3708,岡部 貴司,2026-09-13,2026-09-18,11,びわこ,一般,２２４　５３２３３６１２,2026-08-30,2026-09-03,08,常滑,一般,１４５　３４２６３４,2026-08-23,2026-08-27,18,徳山,一般,５５１　１３１５１６,2026-08-14,2026-08-19,17,宮島,一般,５４６　５３２　４　４２,2026-07-27,2026-08-01,09,津,一般,３　６,4973,栗原 直也,2026-09-11,2026-09-14,02,戸田,一般,２　３６２６２６,2026-08-28,2026-09-02,05,多摩川,ＧⅢ,１２４　２４２３５転,2026-08-19,2026-08-24,19,下関,一般,４６１６３　５　３６２１,2026-06-14,2026-06-18,01,桐生,一般,２　４３３５５２２,2026-05-29,2026-06-03,11,びわこ,一般,１　４１６２３３３エ１３,3327,野長瀬 正孝,2026-09-15,2026-09-20,14,鳴門,一般,３２５４２　３５３　２５,2026-09-02,2026-09-06,17,宮島,一般,３　１５４F２　３,2026-08-22,2026-08-27,22,福岡,一般,６１３　６３３４６,2026-08-07,2026-08-11,15,丸亀,一般,３３２　５１２３１４,2026-07-28,2026-07-31,24,大村,一般,４　３５２　４５
202610010702,2026-10-01,07,02R,3796,長野 道臣,2026-09-11,2026-09-15,06,浜名湖,一般,３　１４３６６３１５,2026-08-24,2026-08-29,13,尼崎,一般,６５４　１　６６４　２４,2026-08-11,2026-08-16,06,浜名湖,一般,４　４５６　６５５　１３,2026-07-23,2026-07-28,03,江戸川,ＧⅢ,６　１２５　６４２４５,2026-07-07,2026-07-12,10,三国,ＧⅢ,３４２　４１４６２６６４,4413,水摩 敦,2026-09-15,2026-09-20,14,鳴門,一般,３　１３４２３３１　４１,2026-09-01,2026-09-05,13,尼崎,一般,落４１　３４３　４３,2026-08-20,2026-08-23,04,平和島,一般,１１３　６２３４,2026-08-07,2026-08-12,20,若松,一般,３　４１４４３３３４３,2026-07-24,2026-07-27,12,住之江,一般,１１２２６２[４],4434,田中 辰彦,2026-09-20,2026-09-25,01,桐生,一般,３２２　１１２４２１[５],2026-09-11,2026-09-15,06,浜名湖,一般,２３４１５　F３６,2026-08-29,2026-09-03,16,児島,一般,３　４６３４４５５　３,2026-08-14,2026-08-19,17,宮島,一般,３３６　１４１５１５１１,2026-07-27,2026-08-01,09,津,一般,３　１,5033,藤原 孝斗,2026-09-09,2026-09-15,20,若松,一般,３４５　３２６　６６転　４,2026-08-22,2026-08-27,08,常滑,ＧⅢ,３　２６１　２６２６２６,2026-08-05,2026-08-10,09,津,一般,２４５　４５１　５４３,2026-07-24,2026-07-27,02,戸田,一般,５１５　４４３,2026-07-14,2026-07-17,24,大村,一般,４４３　４　２５,3912,川原 正明,2026-09-13,2026-09-17,19,下関,一般,１６１３３　１２[６],2026-08-28,2026-09-02,05,多摩川,ＧⅢ,３　３２５４４　６２１３,2026-08-17,2026-08-20,20,若松,一般,１　１３２６６１,2026-08-03,2026-08-08,04,平和島,ＧⅢ,２４１　２５６　１６５,2026-07-22,2026-07-26,13,尼崎,一般,２５１　６４１　１５,4416,三宅 健太,2026-09-11,2026-09-16,12,住之江,一般,５　２１４　６３２　５２,2026-08-24,2026-08-28,15,丸亀,一般,４４１　３４２４２４,2026-08-14,2026-08-19,17,宮島,一般,３５４　５１２　２１５,2026-08-06,2026-08-09,02,戸田,一般,４４４　１３３５,2026-07-23,2026-07-28,21,芦屋,一般,２５４　４５エ５
202610010703,2026-10-01,07,03R,4674,池田 剛規,2026-09-11,2026-09-14,02,戸田,一般,４３１　４５５３,2026-08-25,2026-08-30,09,津,一般,４３２　３５５　４２[３],2026-08-12,2026-08-17,22,福岡,一般,３３６　２３２２１４３５,2026-07-24,2026-07-29,17,宮島,一般,２　１２５　２５３４４４,2026-07-14,2026-07-17,24,大村,一般,５３４　５　１２,4475,末永 祐輝,2026-09-13,2026-09-18,22,福岡,一般,４２２４５３２　４６５４,2026-09-01,2026-09-06,12,住之江,一般,１６３　２２１３１１[５],2026-08-21,2026-08-26,03,江戸川,一般,３５４　５４２　５３F,2026-08-11,2026-08-16,19,下関,一般,２６４３３１３　２３１２,2026-07-29,2026-08-03,23,からつ,一般,６１３３３　４４１４４４,4521,小池 公生,2026-09-09,2026-09-14,21,芦屋,一般,４１４　１６５３４５３４,2026-08-24,2026-08-28,15,丸亀,一般,６５３　３　６３５３,2026-08-07,2026-08-12,20,若松,一般,３２６　１５３３２３３４,2026-07-28,2026-07-31,24,大村,一般,４　５２４　１３,2026-06-21,2026-06-26,16,児島,一般,１　１６３３２３４６６６,4979,中野 夢斗,2026-09-18,2026-09-23,03,江戸川,一般,１　２２４４６　１５,2026-09-01,2026-09-06,12,住之江,一般,６３２　２３２　２６４,2026-08-21,2026-08-26,06,浜名湖,一般,３　６４３　６１２３４６,2026-08-10,2026-08-15,08,常滑,一般,５　落４２５４　５　６３,2026-07-27,2026-08-01,09,津,一般,６４１,3563,堤 昇,2026-09-12,2026-09-15,10,三国,一般,４４１　１５１２,2026-08-26,2026-08-31,11,びわこ,一般,３２３　２３２３５５１２,2026-08-11,2026-08-16,06,浜名湖,一般,３３２　５１４　２１１４,2026-07-31,2026-08-05,06,浜名湖,ＧⅢ,２　５２３５４　２２２,2026-07-22,2026-07-27,14,鳴門,一般,３　２１１３５５６２[４],4643,近江 翔吾,2026-09-16,2026-09-21,13,尼崎,一般,４３５　２２１４２１１２,2026-09-01,2026-09-06,12,住之江,一般,１４３　３３３２１４１４,2026-08-17,2026-08-21,15,丸亀,一般,３３３１５５１６１６,2026-08-05,2026-08-10,09,津,一般,２　１５５１４４１４２２,2026-07-23,2026-07-27,01,桐生,一般,２３５２２１４２[４]
202610010704,2026-10-01,07,04R,3442,宮武 英司,2026-09-12,2026-09-15,10,三国,一般,６１６　２６３,2026-08-31,2026-09-05,20,若松,ＧⅢ,１５１　６４１　１５２１,2026-08-22,2026-08-27,08,常滑,ＧⅢ,２　６５４　５５５　３５,2026-08-11,2026-08-16,19,下関,一般,１１６　６４３　６５３,2026-07-28,2026-08-02,16,児島,一般,５６５　６２６,4423,坂口 貴彦,2026-09-12,2026-09-17,09,津,一般,４２２６３　３　１６５６,2026-08-26,2026-08-30,14,鳴門,一般,５３４　１　６４３４,2026-08-14,2026-08-19,17,宮島,一般,２２２　３３１　５４３６,2026-07-31,2026-08-03,20,若松,一般,４　６５,2026-07-15,2026-07-20,18,徳山,一般,６１４　３５４　４２２,4822,百武 翔,2026-09-16,2026-09-20,23,からつ,一般,１　１６１５３１[５],2026-09-03,2026-09-08,10,三国,一般,１６２　３６２１２６２６,2026-08-19,2026-08-24,19,下関,一般,２　２３１２４　１２[５],2026-08-03,2026-08-08,17,宮島,一般,３１２２３４５　１３３１,2026-07-22,2026-07-26,13,尼崎,一般,２　３１３６１３３１,4811,向井田 佑紀,2026-09-21,2026-09-26,18,徳山,一般,６１４　５　５５６　３１,2026-09-11,2026-09-15,06,浜名湖,一般,６５６　４６１　２２,2026-08-26,2026-08-30,14,鳴門,一般,１６３　３５５　３１,2026-08-14,2026-08-19,17,宮島,一般,２　６３６　６４５　４４,2026-08-06,2026-08-09,02,戸田,一般,１３２３２　５６,4036,金田 諭,2026-09-18,2026-09-24,02,戸田,一般,１５４　５１４１３５３２,2026-09-07,2026-09-11,13,尼崎,一般,４１４６２３３　２,2026-08-23,2026-08-27,18,徳山,一般,エ欠,2026-08-11,2026-08-16,04,平和島,一般,１　１６２５１５２２[６],2026-07-29,2026-08-03,22,福岡,一般,１　２３４３１１６１[３],3441,土屋 太朗,2026-09-13,2026-09-18,11,びわこ,一般,２　４２３５３５２　５６,2026-08-28,2026-09-02,05,多摩川,ＧⅢ,１４５　３　２５３６６,2026-08-11,2026-08-16,01,桐生,一般,１　１６５　１６５　３６,2026-07-24,2026-07-27,06,浜名湖,一般,３５１５４　４４,2026-07-14,2026-07-17,24,大村,一般,４　５５３　５３
202610010705,2026-10-01,07,05R,5000,岡本 翔太郎,2026-09-15,2026-09-20,14,鳴門,一般,３２６　４６４　４転,2026-08-29,2026-09-03,16,児島,一般,１４２　２２１４５２[６],2026-08-23,2026-08-27,18,徳山,一般,　　　　　　　　２５,2026-08-15,2026-08-20,18,徳山,一般,３　３５２１５　１　２４,2026-08-03,2026-08-08,19,下関,一般,１５３　５２４５２　６５,4245,高橋 直哉,2026-09-18,2026-09-23,03,江戸川,一般,５　１２２２３　４１,2026-09-01,2026-09-05,13,尼崎,一般,２　２３５落４　２３,2026-08-21,2026-08-24,07,蒲郡,一般,４２３　１４６６,2026-08-09,2026-08-15,03,江戸川,一般,６６６　１６２　５４４１,2026-07-22,2026-07-25,24,大村,一般,５４５　３４４,4535,北山 康介,2026-09-16,2026-09-20,23,からつ,一般,４　１３３６,2026-09-02,2026-09-07,22,福岡,一般,２２５　２３３　１１[４],2026-08-15,2026-08-20,05,多摩川,一般,１１１　２５２　３１[６],2026-07-10,2026-07-13,19,下関,一般,２３１２１１[３],2026-06-25,2026-06-30,13,尼崎,一般,１２２　２１２４４１[２],5008,羽野 諒,2026-09-16,2026-09-20,23,からつ,一般,　　　　　　６５２２,2026-09-11,2026-09-14,02,戸田,一般,５６１　５３１６,2026-08-26,2026-08-30,14,鳴門,一般,４　３４５　３１１１,2026-08-12,2026-08-17,22,福岡,一般,２　１３５４５５３　４５,2026-08-02,2026-08-05,21,芦屋,一般,６４２　３４６,4060,島田 一生,2026-09-11,2026-09-16,12,住之江,一般,３　４５１　６５５　６２,2026-08-29,2026-09-03,16,児島,一般,５　３５５　２３５３３６,2026-08-16,2026-08-19,14,鳴門,一般,４１６　２１２６,2026-07-29,2026-08-03,23,からつ,一般,３　６１５２６　４　２２,2026-07-18,2026-07-22,10,三国,一般,２　２２６１３１[６],4308,河村 了,2026-09-17,2026-09-21,15,丸亀,一般,３４１４５３１５２２,2026-09-07,2026-09-11,13,尼崎,一般,４２１１３５２３３１,2026-08-25,2026-08-30,17,宮島,一般,４２３４５１１　３２[４],2026-08-11,2026-08-16,07,蒲郡,一般,３４４１４１１２２３３１,2026-07-27,2026-08-01,10,三国,一般,３２１２３１４　３１[６]
202610010706,2026-10-01,07,06R,4692,酒井 俊弘,2026-09-11,2026-09-14,02,戸田,一般,４４５　６４５,2026-08-28,2026-09-02,05,多摩川,ＧⅢ,６　２６３１落,2026-08-15,2026-08-20,11,びわこ,一般,５　６３５　６４６　５６,2026-07-28,2026-08-02,16,児島,一般,５４１３６　４　３２６４,2026-07-18,2026-07-21,04,平和島,一般,４２２　１１２４,5033,藤原 孝斗,2026-09-09,2026-09-15,20,若松,一般,３４５　３２６　６６転　４,2026-08-22,2026-08-27,08,常滑,ＧⅢ,３　２６１　２６２６２６,2026-08-05,2026-08-10,09,津,一般,２４５　４５１　５４３,2026-07-24,2026-07-27,02,戸田,一般,５１５　４４３,2026-07-14,2026-07-17,24,大村,一般,４４３　４　２５,4486,野村 誠,2026-09-13,2026-09-18,11,びわこ,一般,２２１５４　１２４３５１,2026-09-03,2026-09-06,02,戸田,一般,６　４５６４３４,2026-08-22,2026-08-27,22,福岡,一般,３　F２６　３　６　６,2026-08-11,2026-08-16,01,桐生,一般,５　５１３　２４２５２,2026-07-27,2026-08-01,10,三国,一般,５１１　３４１５５５１３,4863,三浦 裕貴,2026-09-14,2026-09-19,04,平和島,一般,３６転,2026-08-31,2026-09-05,18,徳山,一般,２　２６４５５　６　５５,2026-08-15,2026-08-20,05,多摩川,一般,５　５４４５６　５　４３,2026-08-03,2026-08-08,04,平和島,ＧⅢ,６　５３６　５５６　６５,2026-07-23,2026-07-27,01,桐生,一般,５５３　１　５２４５,4273,佐藤 旭,2026-09-09,2026-09-15,20,若松,一般,５５２　２　２６５４２　２４,2026-08-30,2026-09-02,21,芦屋,一般,６４２　５３３２,2026-08-15,2026-08-20,09,津,一般,２　４３３　３４４６５６,2026-07-28,2026-08-02,16,児島,一般,３　３４４６３　４２２３,2026-07-15,2026-07-19,08,常滑,一般,３１１２５　４３３１,4418,茅原 悠紀,2026-09-20,2026-09-25,10,三国,一般,５１１　１２６１１６２５,2026-09-05,2026-09-11,03,江戸川,一般,２６２　１２１　３１[５],2026-08-25,2026-08-30,01,桐生,ＳＧ,４　３５４２１　２　[５],2026-08-08,2026-08-13,16,児島,一般,３３２　３１１１２１[１],2026-07-28,2026-08-02,11,びわこ,ＳＧ,３　５３２３３　５　１３
202610010707,2026-10-01,07,07R,4434,田中 辰彦,2026-09-20,2026-09-25,01,桐生,一般,３２２　１１２４２１[５],2026-09-11,2026-09-15,06,浜名湖,一般,２３４１５　F３６,2026-08-29,2026-09-03,16,児島,一般,３　４６３４４５５　３,2026-08-14,2026-08-19,17,宮島,一般,３３６　１４１５１５１１,2026-07-27,2026-08-01,09,津,一般,３　１,4626,伊藤 紘章,2026-09-11,2026-09-16,12,住之江,一般,６４６　３４３　６　６,2026-08-30,2026-09-03,08,常滑,一般,３６５　１５５　４４,2026-08-15,2026-08-20,05,多摩川,一般,１　６６３　６２３２２５,2026-07-31,2026-08-03,20,若松,一般,６６６,2026-07-14,2026-07-17,24,大村,一般,２　１６３４６１,4771,下寺 秀和,2026-09-18,2026-09-24,02,戸田,一般,２４１１１　３転１６１３,2026-09-09,2026-09-14,21,芦屋,一般,１４２１１５２　１６３５,2026-08-28,2026-08-31,23,からつ,一般,１４３１５１[４],2026-08-14,2026-08-19,17,宮島,一般,１６３２２１３　３１[３],2026-07-28,2026-08-02,15,丸亀,一般,５２１　１２３１４２[３],4933,板橋 侑我,2026-09-12,2026-09-17,09,津,一般,３４３　４１４　４１[１],2026-09-03,2026-09-08,10,三国,一般,４１１２２２１　４１[３],2026-08-21,2026-08-26,03,江戸川,一般,３　５４２　１２１　２４,2026-08-11,2026-08-16,06,浜名湖,一般,２　４５４６１５４　２１,2026-07-28,2026-08-02,11,びわこ,ＳＧ,５　２６６　４　６６４,4652,酒見 峻介,2026-09-09,2026-09-14,21,芦屋,一般,５４５　５　２３２　１３,2026-08-22,2026-08-27,22,福岡,一般,５４５　６４６　２６４,2026-08-09,2026-08-14,23,からつ,一般,４６６　５４６　５３１,2026-07-24,2026-07-29,17,宮島,一般,１　３２２　３３２　４４,2026-07-10,2026-07-13,19,下関,一般,４　１６３６４,5321,一色 颯輝,2026-09-11,2026-09-16,12,住之江,一般,１５４　６３６　６４５,2026-08-30,2026-09-03,08,常滑,一般,　　　　　　　　５３,2026-08-23,2026-08-27,18,徳山,一般,６　２３１４２３５１,2026-08-11,2026-08-16,07,蒲郡,一般,６４６　４　６転転　２２,2026-07-27,2026-08-01,09,津,一般,４　２
202610010708,2026-10-01,07,08R,4850,野中 一平,2026-09-18,2026-09-23,03,江戸川,一般,４１１　１６２　[６],2026-09-09,2026-09-14,21,芦屋,一般,１５２３１５１　２３３１,2026-08-29,2026-09-03,19,下関,一般,１　１１６６２４１２[６],2026-08-10,2026-08-15,08,常滑,一般,１１１　４２３２３１[５],2026-07-25,2026-07-29,20,若松,一般,１２１　４４２５１２,4811,向井田 佑紀,2026-09-21,2026-09-26,18,徳山,一般,６１４　５　５５６　３１,2026-09-11,2026-09-15,06,浜名湖,一般,６５６　４６１　２２,2026-08-26,2026-08-30,14,鳴門,一般,１６３　３５５　３１,2026-08-14,2026-08-19,17,宮島,一般,２　６３６　６４５　４４,2026-08-06,2026-08-09,02,戸田,一般,１３２３２　５６,4835,橋本 明,2026-09-13,2026-09-18,11,びわこ,一般,４　６６３　３６５４５４,2026-08-27,2026-08-31,04,平和島,一般,４　１５２３４　１３,2026-08-14,2026-08-19,17,宮島,一般,４２２　５１２　３５５５,2026-07-31,2026-08-03,20,若松,一般,６４３　２４４５,2026-07-24,2026-07-29,17,宮島,一般,１　４３３３５　４２５２,4877,鈴谷 一平,2026-09-16,2026-09-20,23,からつ,一般,４４３　１４１５１１,2026-09-05,2026-09-10,01,桐生,一般,３　６３不,2026-08-21,2026-08-26,06,浜名湖,一般,１　５３２４１５２　３１,2026-08-09,2026-08-14,13,尼崎,一般,２　３３１５６　３１４１,2026-07-24,2026-07-27,12,住之江,一般,３５２　１３１,4593,小坂 宗司,2026-09-19,2026-09-24,06,浜名湖,一般,２５６　６３２　４　６１,2026-09-09,2026-09-13,17,宮島,一般,２　３２３１２２[５],2026-08-27,2026-08-31,04,平和島,一般,４６４　３５６　３２,2026-08-15,2026-08-20,18,徳山,一般,４　１２４３２１３３３１,2026-07-29,2026-08-03,23,からつ,一般,１４２　１２４５３２[４],4521,小池 公生,2026-09-09,2026-09-14,21,芦屋,一般,４１４　１６５３４５３４,2026-08-24,2026-08-28,15,丸亀,一般,６５３　３　６３５３,2026-08-07,2026-08-12,20,若松,一般,３２６　１５３３２３３４,2026-07-28,2026-07-31,24,大村,一般,４　５２４　１３,2026-06-21,2026-06-26,16,児島,一般,１　１６３３２３４６６６
202610010709,2026-10-01,07,09R,4535,北山 康介,2026-09-16,2026-09-20,23,からつ,一般,４　１３３６,2026-09-02,2026-09-07,22,福岡,一般,２２５　２３３　１１[４],2026-08-15,2026-08-20,05,多摩川,一般,１１１　２５２　３１[６],2026-07-10,2026-07-13,19,下関,一般,２３１２１１[３],2026-06-25,2026-06-30,13,尼崎,一般,１２２　２１２４４１[２],4471,新田 泰章,2026-09-17,2026-09-20,24,大村,一般,１６６３１３３４,2026-09-05,2026-09-11,03,江戸川,一般,５２２　１１１　４２[１],2026-08-25,2026-08-30,09,津,一般,４６２　２１１　１１[２],2026-08-14,2026-08-19,17,宮島,一般,５５１　５４４２２　１２,2026-08-03,2026-08-08,04,平和島,ＧⅢ,３４１　５１１３３１[２],3796,長野 道臣,2026-09-11,2026-09-15,06,浜名湖,一般,３　１４３６６３１５,2026-08-24,2026-08-29,13,尼崎,一般,６５４　１　６６４　２４,2026-08-11,2026-08-16,06,浜名湖,一般,４　４５６　６５５　１３,2026-07-23,2026-07-28,03,江戸川,ＧⅢ,６　１２５　６４２４５,2026-07-07,2026-07-12,10,三国,ＧⅢ,３４２　４１４６２６６４,4674,池田 剛規,2026-09-11,2026-09-14,02,戸田,一般,４３１　４５５３,2026-08-25,2026-08-30,09,津,一般,４３２　３５５　４２[３],2026-08-12,2026-08-17,22,福岡,一般,３３６　２３２２１４３５,2026-07-24,2026-07-29,17,宮島,一般,２　１２５　２５３４４４,2026-07-14,2026-07-17,24,大村,一般,５３４　５　１２,3442,宮武 英司,2026-09-12,2026-09-15,10,三国,一般,６１６　２６３,2026-08-31,2026-09-05,20,若松,ＧⅢ,１５１　６４１　１５２１,2026-08-22,2026-08-27,08,常滑,ＧⅢ,２　６５４　５５５　３５,2026-08-11,2026-08-16,19,下関,一般,１１６　６４３　６５３,2026-07-28,2026-08-02,16,児島,一般,５６５　６２６,3557,太田 和美,2026-09-16,2026-09-21,05,多摩川,ＧⅠ,４　２３１　１６２　[６],2026-09-05,2026-09-11,03,江戸川,一般,５３転,2026-08-27,2026-08-31,04,平和島,一般,２５F６５　３　５,2026-08-15,2026-08-20,11,びわこ,一般,２２２　３３１２５３３２,2026-08-08,2026-08-11,05,多摩川,一般,２５３２１２[６]
202610010710,2026-10-01,07,10R,4512,高野 哲史,2026-09-17,2026-09-20,24,大村,一般,２３１５１２[２],2026-09-03,2026-09-08,09,津,ＧⅠ,２　２５１　４　５　１４,2026-08-22,2026-08-27,22,福岡,一般,２５４　１２２１３６６３,2026-08-16,2026-08-19,14,鳴門,一般,５６１３１２[６],2026-08-09,2026-08-14,13,尼崎,一般,３６１１６　３１６　２６,4463,三苫 晃幸,2026-09-16,2026-09-21,13,尼崎,一般,５１４　３４３１１２[６],2026-09-01,2026-09-04,24,大村,一般,４　３４３　２４,2026-08-22,2026-08-27,22,福岡,一般,３５３３３１２　１５２６,2026-08-10,2026-08-15,21,芦屋,一般,２４４６３　５３,2026-07-24,2026-07-27,12,住之江,一般,６　１１１２[５],3327,野長瀬 正孝,2026-09-15,2026-09-20,14,鳴門,一般,３２５４２　３５３　２５,2026-09-02,2026-09-06,17,宮島,一般,３　１５４F２　３,2026-08-22,2026-08-27,22,福岡,一般,６１３　６３３４６,2026-08-07,2026-08-11,15,丸亀,一般,３３２　５１２３１４,2026-07-28,2026-07-31,24,大村,一般,４　３５２　４５,4423,坂口 貴彦,2026-09-12,2026-09-17,09,津,一般,４２２６３　３　１６５６,2026-08-26,2026-08-30,14,鳴門,一般,５３４　１　６４３４,2026-08-14,2026-08-19,17,宮島,一般,２２２　３３１　５４３６,2026-07-31,2026-08-03,20,若松,一般,４　６５,2026-07-15,2026-07-20,18,徳山,一般,６１４　３５４　４２２,4245,高橋 直哉,2026-09-18,2026-09-23,03,江戸川,一般,５　１２２２３　４１,2026-09-01,2026-09-05,13,尼崎,一般,２　２３５落４　２３,2026-08-21,2026-08-24,07,蒲郡,一般,４２３　１４６６,2026-08-09,2026-08-15,03,江戸川,一般,６６６　１６２　５４４１,2026-07-22,2026-07-25,24,大村,一般,５４５　３４４,4102,益田 啓司,2026-09-15,2026-09-20,14,鳴門,一般,２１１　１３２２６１[２],2026-08-31,2026-09-05,20,若松,ＧⅢ,５５１１１　３２３１[３],2026-08-22,2026-08-27,22,福岡,一般,４４１１５　１２５１[４],2026-08-10,2026-08-15,21,芦屋,一般,２　１３３４６１４３３１,2026-07-31,2026-08-04,13,尼崎,一般,１２１５２　２３２１
202610010711,2026-10-01,07,11R,4475,末永 祐輝,2026-09-13,2026-09-18,22,福岡,一般,４２２４５３２　４６５４,2026-09-01,2026-09-06,12,住之江,一般,１６３　２２１３１１[５],2026-08-21,2026-08-26,03,江戸川,一般,３５４　５４２　５３F,2026-08-11,2026-08-16,19,下関,一般,２６４３３１３　２３１２,2026-07-29,2026-08-03,23,からつ,一般,６１３３３　４４１４４４,4036,金田 諭,2026-09-18,2026-09-24,02,戸田,一般,１５４　５１４１３５３２,2026-09-07,2026-09-11,13,尼崎,一般,４１４６２３３　２,2026-08-23,2026-08-27,18,徳山,一般,エ欠,2026-08-11,2026-08-16,04,平和島,一般,１　１６２５１５２２[６],2026-07-29,2026-08-03,22,福岡,一般,１　２３４３１１６１[３],4933,板橋 侑我,2026-09-12,2026-09-17,09,津,一般,３４３　４１４　４１[１],2026-09-03,2026-09-08,10,三国,一般,４１１２２２１　４１[３],2026-08-21,2026-08-26,03,江戸川,一般,３　５４２　１２１　２４,2026-08-11,2026-08-16,06,浜名湖,一般,２　４５４６１５４　２１,2026-07-28,2026-08-02,11,びわこ,ＳＧ,５　２６６　４　６６４,4416,三宅 健太,2026-09-11,2026-09-16,12,住之江,一般,５　２１４　６３２　５２,2026-08-24,2026-08-28,15,丸亀,一般,４４１　３４２４２４,2026-08-14,2026-08-19,17,宮島,一般,３５４　５１２　２１５,2026-08-06,2026-08-09,02,戸田,一般,４４４　１３３５,2026-07-23,2026-07-28,21,芦屋,一般,２５４　４５エ５,3708,岡部 貴司,2026-09-13,2026-09-18,11,びわこ,一般,２２４　５３２３３６１２,2026-08-30,2026-09-03,08,常滑,一般,１４５　３４２６３４,2026-08-23,2026-08-27,18,徳山,一般,５５１　１３１５１６,2026-08-14,2026-08-19,17,宮島,一般,５４６　５３２　４　４２,2026-07-27,2026-08-01,09,津,一般,３　６,4486,野村 誠,2026-09-13,2026-09-18,11,びわこ,一般,２２１５４　１２４３５１,2026-09-03,2026-09-06,02,戸田,一般,６　４５６４３４,2026-08-22,2026-08-27,22,福岡,一般,３　F２６　３　６　６,2026-08-11,2026-08-16,01,桐生,一般,５　５１３　２４２５２,2026-07-27,2026-08-01,10,三国,一般,５１１　３４１５５５１３
202610010712,2026-10-01,07,12R,4771,下寺 秀和,2026-09-18,2026-09-24,02,戸田,一般,２４１１１　３転１６１３,2026-09-09,2026-09-14,21,芦屋,一般,１４２１１５２　１６３５,2026-08-28,2026-08-31,23,からつ,一般,１４３１５１[４],2026-08-14,2026-08-19,17,宮島,一般,１６３２２１３　３１[３],2026-07-28,2026-08-02,15,丸亀,一般,５２１　１２３１４２[３],4060,島田 一生,2026-09-11,2026-09-16,12,住之江,一般,３　４５１　６５５　６２,2026-08-29,2026-09-03,16,児島,一般,５　３５５　２３５３３６,2026-08-16,2026-08-19,14,鳴門,一般,４１６　２１２６,2026-07-29,2026-08-03,23,からつ,一般,３　６１５２６　４　２２,2026-07-18,2026-07-22,10,三国,一般,２　２２６１３１[６],4418,茅原 悠紀,2026-09-20,2026-09-25,10,三国,一般,５１１　１２６１１６２５,2026-09-05,2026-09-11,03,江戸川,一般,２６２　１２１　３１[５],2026-08-25,2026-08-30,01,桐生,ＳＧ,４　３５４２１　２　[５],2026-08-08,2026-08-13,16,児島,一般,３３２　３１１１２１[１],2026-07-28,2026-08-02,11,びわこ,ＳＧ,３　５３２３３　５　１３,4643,近江 翔吾,2026-09-16,2026-09-21,13,尼崎,一般,４３５　２２１４２１１２,2026-09-01,2026-09-06,12,住之江,一般,１４３　３３３２１４１４,2026-08-17,2026-08-21,15,丸亀,一般,３３３１５５１６１６,2026-08-05,2026-08-10,09,津,一般,２　１５５１４４１４２２,2026-07-23,2026-07-27,01,桐生,一般,２３５２２１４２[４],4413,水摩 敦,2026-09-15,2026-09-20,14,鳴門,一般,３　１３４２３３１　４１,2026-09-01,2026-09-05,13,尼崎,一般,落４１　３４３　４３,2026-08-20,2026-08-23,04,平和島,一般,１１３　６２３４,2026-08-07,2026-08-12,20,若松,一般,３　４１４４３３３４３,2026-07-24,2026-07-27,12,住之江,一般,１１２２６２[４],4877,鈴谷 一平,2026-09-16,2026-09-20,23,からつ,一般,４４３　１４１５１１,2026-09-05,2026-09-10,01,桐生,一般,３　６３不,2026-08-21,2026-08-26,06,浜名湖,一般,１　５３２４１５２　３１,2026-08-09,2026-08-14,13,尼崎,一般,２　３３１５６　３１４１,2026-07-24,2026-07-27,12,住之江,一般,３５２　１３１
202610010901,2026-10-01,09,01R,3931,黒崎 竜也,2026-09-18,2026-09-24,02,戸田,一般,２２４２１５２　２３,2026-09-05,2026-09-11,03,江戸川,一般,４　３３１　F３３　４２,2026-08-27,2026-08-31,04,平和島,一般,１３３　４２６５１２,2026-08-15,2026-08-20,09,津,一般,１　２２３３２４３４１３,2026-07-31,2026-08-05,06,浜名湖,ＧⅢ,５１６　４３３　１３３２,4625,渡邊 裕貴,2026-09-15,2026-09-20,14,鳴門,一般,１　４２４４３　４５１５,2026-08-25,2026-08-30,17,宮島,一般,４１４　２６５２３　５５,2026-08-11,2026-08-16,06,浜名湖,一般,５　１３２　６３６６１,2026-07-31,2026-08-03,20,若松,一般,３　３５６４４,2026-07-17,2026-07-22,16,児島,ＧⅢ,４　５３３４１　３２６４,4200,早川 尚人,2026-09-14,2026-09-19,04,平和島,一般,５　３４３　３１３２３,2026-08-30,2026-09-03,08,常滑,一般,５　５３６４５　６５,2026-08-15,2026-08-20,18,徳山,一般,４　２３５　３４４　５３,2026-07-28,2026-08-02,16,児島,一般,４３５　３３２　６４４２,2026-07-16,2026-07-21,11,びわこ,一般,２４１　２２４４２３４１,5315,浅井 翼,2026-09-05,2026-09-11,03,江戸川,一般,３４６　５６４３６　５３,2026-08-28,2026-09-02,05,多摩川,ＧⅢ,　　　　　　　　　　６５,2026-08-21,2026-08-26,06,浜名湖,一般,５５３　５６６　６　転６,2026-08-08,2026-08-11,05,多摩川,一般,２　２　３５１５,2026-07-11,2026-07-16,03,江戸川,一般,１６５　１６転　６６６２,3445,加藤 高史,2026-09-16,2026-09-20,23,からつ,一般,３２５４１　４４５３,2026-08-31,2026-09-05,20,若松,ＧⅢ,１　３６４５４　２５２２,2026-08-20,2026-08-23,02,戸田,一般,５２４　１６１１,2026-07-31,2026-08-05,06,浜名湖,ＧⅢ,６　１２２　３２４４２６,2026-07-18,2026-07-22,10,三国,一般,２３５　５６４　２,4457,神田 達也,2026-09-17,2026-09-20,24,大村,一般,６１６　４　１６,2026-09-02,2026-09-06,17,宮島,一般,３１６　６１４　３２,2026-08-20,2026-08-23,02,戸田,一般,４５不,2026-08-04,2026-08-09,12,住之江,一般,４４５　６２６　３　５,2026-06-25,2026-06-30,01,桐生,ＧⅢ,６　５６６５４　４　６３
202610010902,2026-10-01,09,02R,3605,中村 守成,2026-09-13,2026-09-18,22,福岡,一般,４　４３４　３３５　３,2026-08-30,2026-09-03,08,常滑,一般,４　４４５５４　３,2026-08-15,2026-08-20,09,津,一般,６　４５５　２５５　６,2026-08-06,2026-08-09,02,戸田,一般,４　３４１３２５,2026-07-22,2026-07-26,13,尼崎,一般,３　５５４　５１６,3891,谷口 健一,2026-09-16,2026-09-21,13,尼崎,一般,５　３４６　６６６　５３,2026-08-29,2026-09-03,16,児島,一般,５１３　４５６　４４２５,2026-08-14,2026-08-19,10,三国,一般,４５３　４６６　５　６２,2026-08-06,2026-08-09,02,戸田,一般,５　２３５　４６,2026-07-24,2026-07-29,17,宮島,一般,６　１６４　２５５４５５,4176,樋口 喜彦,2026-09-07,2026-09-11,13,尼崎,一般,５　４５４　３５６５,2026-08-20,2026-08-23,24,大村,一般,４　５６５　５３,2026-07-22,2026-07-27,14,鳴門,一般,６６２　６　６３５１６３,2026-07-11,2026-07-16,03,江戸川,一般,６　２６１　６６４　２５,2026-06-30,2026-07-04,19,下関,一般,６　６４４５６　６,3306,武田 正紀,2026-09-11,2026-09-15,06,浜名湖,一般,３６４６５　５　５５,2026-08-27,2026-08-31,04,平和島,一般,６４１　１５２　４６,2026-08-12,2026-08-17,02,戸田,一般,４　５２４　２５４３４６,2026-07-31,2026-08-05,05,多摩川,一般,４６２　１６６　４５３,2026-07-16,2026-07-21,11,びわこ,一般,５　２４１４５１２　５４,3454,井川 大作,2026-09-13,2026-09-18,11,びわこ,一般,６２４　６２３　１３３,2026-08-28,2026-09-02,05,多摩川,ＧⅢ,５　４５２４６　６５２,2026-08-14,2026-08-19,17,宮島,一般,５　６５,2026-07-31,2026-08-04,13,尼崎,一般,２３３　１３３５４５,2026-07-17,2026-07-22,16,児島,ＧⅢ,１　４６１　３５２６３６,5266,石田 勇斗,2026-09-13,2026-09-18,07,蒲郡,一般,４　４３４　４５６２１４,2026-08-30,2026-09-03,08,常滑,一般,　　　　　　　　５４,2026-08-22,2026-08-27,08,常滑,ＧⅢ,６　２４６　４６２　２２,2026-08-08,2026-08-11,05,多摩川,一般,５　５４６２４,2026-06-26,2026-07-02,24,大村,一般,１　４６６５３　５３４　３５
202610010903,2026-10-01,09,03R,5103,芝田 京介,2026-09-09,2026-09-13,05,多摩川,一般,５　６　４５６４１,2026-08-21,2026-08-26,03,江戸川,一般,１５４　６１２　２４１６,2026-08-11,2026-08-16,01,桐生,一般,５　５　６５６　２２４２,2026-07-29,2026-08-03,22,福岡,一般,２　１５３４４５６　６３,2026-07-15,2026-07-19,08,常滑,一般,５　４６６　６６３,5011,高木 圭大,2026-09-13,2026-09-18,11,びわこ,一般,５４５　５　２５５６,2026-08-27,2026-09-01,07,蒲郡,一般,４６４　６　３５５　６,2026-08-17,2026-08-21,13,尼崎,一般,５　４３４　５２転６,2026-08-06,2026-08-10,24,大村,一般,１６２６１５１６１６,2026-07-29,2026-08-01,18,徳山,一般,３５２　３　５３,4360,庄司 孝輔,2026-09-20,2026-09-25,10,三国,一般,５４４　６　１５５　１４,2026-09-11,2026-09-15,06,浜名湖,一般,５４５,2026-08-21,2026-08-24,07,蒲郡,一般,３５１５１１[２],2026-08-11,2026-08-16,06,浜名湖,一般,４３１　３２３　５３６１,2026-07-31,2026-08-04,13,尼崎,一般,４１２　４３１５１４,4394,永嶋 裕一,2026-09-18,2026-09-23,12,住之江,一般,１２４　１３２　１６１４,2026-09-03,2026-09-08,10,三国,一般,３　４３１４２３３２[５],2026-08-20,2026-08-23,02,戸田,一般,３６２６５　２４,2026-08-10,2026-08-15,21,芦屋,一般,５１２　２３５　３１４１,2026-07-31,2026-08-03,20,若松,一般,３　３２１６３３,5441,鈴木 雄登,2026-09-16,2026-09-20,23,からつ,一般,５３３５６　６　４転,2026-08-31,2026-09-05,18,徳山,一般,４　６　５４６６３　６６,2026-08-17,2026-08-21,13,尼崎,一般,２　６５３　６３４５,2026-07-09,2026-07-14,15,丸亀,一般,５５２　５５３２４　５３,2026-06-03,2026-06-07,03,江戸川,一般,５６６　４F４６,4096,石橋 道友,2026-09-16,2026-09-21,05,多摩川,ＧⅠ,３　６１１　１４４　２６,2026-09-07,2026-09-12,24,大村,ＧⅠ,２　４　１３５　４　１２,2026-08-30,2026-09-02,21,芦屋,一般,６６,2026-08-19,2026-08-24,19,下関,一般,１４４　４１２２２２[４],2026-08-06,2026-08-10,24,大村,一般,１１１　１１２１[１]
202610010904,2026-10-01,09,04R,3647,伊藤 雄二,2026-09-18,2026-09-24,02,戸田,一般,２　３５２４６４１　４２,2026-09-09,2026-09-13,05,多摩川,一般,３　４　４４４２５２,2026-08-30,2026-09-02,21,芦屋,一般,４　６１６　３４,2026-08-12,2026-08-17,02,戸田,一般,４　４５３　５５６５５,2026-08-03,2026-08-08,19,下関,一般,４４５　１５５　６４３６,3743,林 美憲,2026-09-17,2026-09-22,16,児島,一般,１２２４１１４　２１[５],2026-09-05,2026-09-10,01,桐生,一般,２４２　４３１４１５１３,2026-08-20,2026-08-25,21,芦屋,一般,２４６２１　２３４３１５,2026-08-05,2026-08-10,14,鳴門,一般,２６１　４２１４２６３４,2026-07-24,2026-07-27,02,戸田,一般,１５４４１３１２,4402,乙藤 智史,2026-09-16,2026-09-21,13,尼崎,一般,５　３２２５６　４,2026-09-01,2026-09-06,12,住之江,一般,２　４４５１６　５６１４,2026-08-20,2026-08-23,23,からつ,一般,１１６　２６１４,2026-08-07,2026-08-12,20,若松,一般,５　６４１３２１１５２５,2026-07-29,2026-08-03,22,福岡,一般,１４２転,4022,待鳥 雄紀,2026-09-11,2026-09-15,06,浜名湖,一般,５　２２５３５２３１,2026-08-27,2026-08-31,04,平和島,一般,４　４５４　５５５,2026-08-16,2026-08-19,14,鳴門,一般,２　１４２５４４,2026-07-29,2026-08-03,22,福岡,一般,６　４４１４２　５２５２,2026-07-15,2026-07-19,08,常滑,一般,５２１３４　１５１６,3811,石田 章央,2026-09-20,2026-09-25,10,三国,一般,３３２　６欠,2026-09-11,2026-09-15,06,浜名湖,一般,F４２　１　３　５４,2026-08-30,2026-09-03,08,常滑,一般,２　５３５１２５２６,2026-08-17,2026-08-20,20,若松,一般,３６１３１５１４,2026-08-03,2026-08-08,17,宮島,一般,５　１１３３１５１３５２,3550,都築 正治,2026-09-16,2026-09-20,23,からつ,一般,２６４１６　５４６６,2026-08-31,2026-09-05,18,徳山,一般,５１６　６６２　２６３,2026-08-17,2026-08-21,13,尼崎,一般,５１５　５６５　４３,2026-08-08,2026-08-11,05,多摩川,一般,６３４　３４５１,2026-07-28,2026-08-02,15,丸亀,一般,１　２５５　３５１　２５
202610010905,2026-10-01,09,05R,4073,大橋 純一郎,2026-09-18,2026-09-23,12,住之江,一般,２　１３２　４１３２[５],2026-09-03,2026-09-08,10,三国,一般,１６１４２２２　３３４１,2026-08-11,2026-08-16,06,浜名湖,一般,２３１５１２４　２４２６,2026-08-03,2026-08-08,04,平和島,ＧⅢ,６６２　３３４１１　４２,2026-07-23,2026-07-27,01,桐生,一般,３１３　２２１３２１,4094,中島 真二,2026-09-09,2026-09-15,20,若松,一般,１４６　６　５５６　４　２６,2026-08-24,2026-08-28,15,丸亀,一般,６　６３２　１　２３,2026-08-12,2026-08-17,22,福岡,一般,５　４４４　６２６４３,2026-07-24,2026-07-29,17,宮島,一般,５　３３４　３４６２４４,2026-07-15,2026-07-19,08,常滑,一般,３　３６５２４　１６,4054,福嶋 智之,2026-09-13,2026-09-17,19,下関,一般,５５５　F６４　３,2026-08-21,2026-08-24,07,蒲郡,一般,５６３　２転３５,2026-08-08,2026-08-13,16,児島,一般,４転６　４　１４３　２５,2026-07-24,2026-07-27,02,戸田,一般,６４５　１　３４,2026-07-11,2026-07-16,03,江戸川,一般,４６３　３３１３５　４,4358,松本 庸平,2026-09-18,2026-09-23,03,江戸川,一般,２４６　３４３　３２,2026-09-11,2026-09-15,06,浜名湖,一般,２２２　５６３４１６,2026-08-30,2026-09-02,21,芦屋,一般,２５３　６６５６,2026-08-15,2026-08-20,09,津,一般,３４６　１５２　３５３,2026-08-03,2026-08-08,17,宮島,一般,３　６６５　３４６１５５,5208,屋良 龍紀,2026-09-09,2026-09-14,21,芦屋,一般,３６６　３２５　５６６５,2026-08-22,2026-08-26,20,若松,一般,５３５　６５６　４５,2026-08-11,2026-08-16,19,下関,一般,５　２３５　６１６　２３,2026-07-01,2026-07-06,07,蒲郡,一般,３３３　５　２５３　転２,2026-06-11,2026-06-16,03,江戸川,一般,５５６　３５,5456,今村 天次朗,2026-09-16,2026-09-21,13,尼崎,一般,２　F６５　５　６　６,2026-08-26,2026-08-31,11,びわこ,一般,６　６６６　５６６　２６,2026-08-09,2026-08-14,13,尼崎,一般,６　４５６　６　６３５,2026-07-15,2026-07-19,08,常滑,一般,６６４　３　５５３６,2026-07-03,2026-07-08,13,尼崎,一般,６　５６６　４４５　５
202610010906,2026-10-01,09,06R,4380,鈴木 峻佑,2026-09-13,2026-09-18,11,びわこ,一般,４１６　６５５　３２３３,2026-09-05,2026-09-10,01,桐生,一般,４　３６６　１６１　６６,2026-08-28,2026-08-31,23,からつ,一般,３　３２１６５６,2026-08-11,2026-08-16,07,蒲郡,一般,５３５　２６４　６　４４,2026-07-27,2026-08-01,10,三国,一般,５３５　４　３６１　５２,4509,平見 真彦,2026-09-18,2026-09-23,03,江戸川,一般,５２２　１２２４３F,2026-09-03,2026-09-08,10,三国,一般,６５２　２３１１２４２４,2026-08-23,2026-08-27,18,徳山,一般,１　４３２４１３３１,2026-08-11,2026-08-16,07,蒲郡,一般,５５１　１２２　１３３２,2026-07-27,2026-07-31,19,下関,一般,４３３　５　３３２１,5266,石田 勇斗,2026-09-13,2026-09-18,07,蒲郡,一般,４　４３４　４５６２１４,2026-08-30,2026-09-03,08,常滑,一般,　　　　　　　　５４,2026-08-22,2026-08-27,08,常滑,ＧⅢ,６　２４６　４６２　２２,2026-08-08,2026-08-11,05,多摩川,一般,５　５４６２４,2026-06-26,2026-07-02,24,大村,一般,１　４６６５３　５３４　３５,4578,藤山 雅弘,2026-09-18,2026-09-23,12,住之江,一般,２　１５６　１５２３３３,2026-09-11,2026-09-14,02,戸田,一般,３３５　２３２４,2026-08-31,2026-09-05,18,徳山,一般,２５４６３１１　１６４６,2026-08-20,2026-08-25,21,芦屋,一般,３　５１４２３６２　６１,2026-07-29,2026-08-03,22,福岡,一般,４３６３２　３３１５１５,5315,浅井 翼,2026-09-05,2026-09-11,03,江戸川,一般,３４６　５６４３６　５３,2026-08-28,2026-09-02,05,多摩川,ＧⅢ,　　　　　　　　　　６５,2026-08-21,2026-08-26,06,浜名湖,一般,５５３　５６６　６　転６,2026-08-08,2026-08-11,05,多摩川,一般,２　２　３５１５,2026-07-11,2026-07-16,03,江戸川,一般,１６５　１６転　６６６２,4350,篠崎 元志,2026-09-17,2026-09-20,24,大村,一般,１１３１２１[１],2026-09-07,2026-09-12,16,児島,一般,３１２　３３４１３１[３],2026-08-25,2026-08-30,01,桐生,ＳＧ,６１４　４　２３１４４,2026-08-12,2026-08-17,22,福岡,一般,１２１１１　１２４１[１],2026-08-04,2026-08-09,12,住之江,一般,１１１４２　４１３１[２]
202610010907,2026-10-01,09,07R,4336,松田 竜馬,2026-09-11,2026-09-15,06,浜名湖,一般,１　３４４２２４３４,2026-08-25,2026-08-30,17,宮島,一般,５１４　３３３　５６３２,2026-08-12,2026-08-17,22,福岡,一般,１１２　６６４５２　２２,2026-07-23,2026-07-28,21,芦屋,一般,１　４１５２２４４２[６],2026-07-07,2026-07-12,02,戸田,ＧⅡ,転　６　５２５　３２５,4319,三宅 潤,2026-09-17,2026-09-22,16,児島,一般,３　５１６４１　１６４２,2026-09-04,2026-09-08,07,蒲郡,一般,２５５６３　５　４４,2026-08-28,2026-08-31,23,からつ,一般,３２３４３３３２,2026-08-13,2026-08-18,12,住之江,一般,５５５　３３４　２　１６,2026-08-07,2026-08-11,15,丸亀,一般,５４２３２５６５２５,3605,中村 守成,2026-09-13,2026-09-18,22,福岡,一般,４　４３４　３３５　３,2026-08-30,2026-09-03,08,常滑,一般,４　４４５５４　３,2026-08-15,2026-08-20,09,津,一般,６　４５５　２５５　６,2026-08-06,2026-08-09,02,戸田,一般,４　３４１３２５,2026-07-22,2026-07-26,13,尼崎,一般,３　５５４　５１６,4861,田中 宏樹,2026-09-18,2026-09-23,03,江戸川,一般,欠欠,2026-09-09,2026-09-14,21,芦屋,一般,３６１　３３２４１４２３,2026-08-26,2026-08-30,14,鳴門,一般,２　２４２５１６５,2026-08-07,2026-08-12,20,若松,一般,２　３３６３３４４６６,2026-07-29,2026-08-03,23,からつ,一般,５３２　４５３２１３１３,4002,古結 宏,2026-09-16,2026-09-20,23,からつ,一般,１５４　２２４２[１],2026-09-07,2026-09-11,13,尼崎,一般,１１１４１２２１[１],2026-08-27,2026-09-01,07,蒲郡,一般,５５３　エ１３　３３１３,2026-08-09,2026-08-14,13,尼崎,一般,２３２　１６１　２２５１,2026-07-28,2026-08-02,16,児島,一般,２１４４２　３５５６１３,4200,早川 尚人,2026-09-14,2026-09-19,04,平和島,一般,５　３４３　３１３２３,2026-08-30,2026-09-03,08,常滑,一般,５　５３６４５　６５,2026-08-15,2026-08-20,18,徳山,一般,４　２３５　３４４　５３,2026-07-28,2026-08-02,16,児島,一般,４３５　３３２　６４４２,2026-07-16,2026-07-21,11,びわこ,一般,２４１　２２４４２３４１
202610010908,2026-10-01,09,08R,5011,高木 圭大,2026-09-13,2026-09-18,11,びわこ,一般,５４５　５　２５５６,2026-08-27,2026-09-01,07,蒲郡,一般,４６４　６　３５５　６,2026-08-17,2026-08-21,13,尼崎,一般,５　４３４　５２転６,2026-08-06,2026-08-10,24,大村,一般,１６２６１５１６１６,2026-07-29,2026-08-01,18,徳山,一般,３５２　３　５３,4215,吉島 祥之,2026-09-18,2026-09-23,12,住之江,一般,６　１２３　２４１４１５,2026-09-03,2026-09-08,10,三国,一般,２３５３４３２　１４１１,2026-08-20,2026-08-23,02,戸田,一般,４４２　２転,2026-08-11,2026-08-16,07,蒲郡,一般,６　１２１６３　４４１３,2026-08-03,2026-08-08,04,平和島,ＧⅢ,１　１５６３４２２６３４,4727,安部 慎一,2026-09-11,2026-09-16,12,住之江,一般,１　１３６　２５４６１４,2026-08-27,2026-09-01,07,蒲郡,一般,５　４４１　４５６　６４,2026-08-12,2026-08-17,22,福岡,一般,４６５　１３２　４３２,2026-07-29,2026-08-01,18,徳山,一般,５　２３４　６１,2026-07-14,2026-07-19,21,芦屋,一般,５　３１４　５３３４２,3931,黒崎 竜也,2026-09-18,2026-09-24,02,戸田,一般,２２４２１５２　２３,2026-09-05,2026-09-11,03,江戸川,一般,４　３３１　F３３　４２,2026-08-27,2026-08-31,04,平和島,一般,１３３　４２６５１２,2026-08-15,2026-08-20,09,津,一般,１　２２３３２４３４１３,2026-07-31,2026-08-05,06,浜名湖,ＧⅢ,５１６　４３３　１３３２,4176,樋口 喜彦,2026-09-07,2026-09-11,13,尼崎,一般,５　４５４　３５６５,2026-08-20,2026-08-23,24,大村,一般,４　５６５　５３,2026-07-22,2026-07-27,14,鳴門,一般,６６２　６　６３５１６３,2026-07-11,2026-07-16,03,江戸川,一般,６　２６１　６６４　２５,2026-06-30,2026-07-04,19,下関,一般,６　６４４５６　６,3304,烏野 賢太,2026-09-15,2026-09-20,14,鳴門,一般,１３５１４　１１５５１３,2026-09-01,2026-09-06,12,住之江,一般,１　１２５１３４１２[６],2026-08-19,2026-08-24,19,下関,一般,２２２１４　１４３１[２],2026-08-05,2026-08-10,14,鳴門,一般,３２１３６６１　５　３,2026-07-28,2026-07-31,24,大村,一般,３２３１３４４２
202610010909,2026-10-01,09,09R,4040,廣瀬 将亨,2026-09-18,2026-09-23,12,住之江,一般,４５１　４３４　３３１,2026-09-05,2026-09-10,01,桐生,一般,１２１５４　３４１４１１,2026-08-20,2026-08-23,24,大村,一般,１５６２４　４３,2026-08-09,2026-08-14,13,尼崎,一般,４４５　１１６　２５１４,2026-07-31,2026-08-05,06,浜名湖,ＧⅢ,１　３１３１１６３３５１,4096,石橋 道友,2026-09-16,2026-09-21,05,多摩川,ＧⅠ,３　６１１　１４４　２６,2026-09-07,2026-09-12,24,大村,ＧⅠ,２　４　１３５　４　１２,2026-08-30,2026-09-02,21,芦屋,一般,６６,2026-08-19,2026-08-24,19,下関,一般,１４４　４１２２２２[４],2026-08-06,2026-08-10,24,大村,一般,１１１　１１２１[１],4094,中島 真二,2026-09-09,2026-09-15,20,若松,一般,１４６　６　５５６　４　２６,2026-08-24,2026-08-28,15,丸亀,一般,６　６３２　１　２３,2026-08-12,2026-08-17,22,福岡,一般,５　４４４　６２６４３,2026-07-24,2026-07-29,17,宮島,一般,５　３３４　３４６２４４,2026-07-15,2026-07-19,08,常滑,一般,３　３６５２４　１６,3891,谷口 健一,2026-09-16,2026-09-21,13,尼崎,一般,５　３４６　６６６　５３,2026-08-29,2026-09-03,16,児島,一般,５１３　４５６　４４２５,2026-08-14,2026-08-19,10,三国,一般,４５３　４６６　５　６２,2026-08-06,2026-08-09,02,戸田,一般,５　２３５　４６,2026-07-24,2026-07-29,17,宮島,一般,６　１６４　２５５４５５,3743,林 美憲,2026-09-17,2026-09-22,16,児島,一般,１２２４１１４　２１[５],2026-09-05,2026-09-10,01,桐生,一般,２４２　４３１４１５１３,2026-08-20,2026-08-25,21,芦屋,一般,２４６２１　２３４３１５,2026-08-05,2026-08-10,14,鳴門,一般,２６１　４２１４２６３４,2026-07-24,2026-07-27,02,戸田,一般,１５４４１３１２,3712,淺香 文武,2026-09-13,2026-09-18,22,福岡,一般,３５１　５３６　６　３３,2026-08-29,2026-09-03,19,下関,一般,３４２　１２２５２４１２,2026-07-31,2026-08-05,06,浜名湖,ＧⅢ,２４６　２６２　６６６,2026-07-19,2026-07-23,05,多摩川,一般,４２３５５　４　５３,2026-07-04,2026-07-09,01,桐生,一般,１５２　６５６　６　６
202610010910,2026-10-01,09,10R,4402,乙藤 智史,2026-09-16,2026-09-21,13,尼崎,一般,５　３２２５６　４,2026-09-01,2026-09-06,12,住之江,一般,２　４４５１６　５６１４,2026-08-20,2026-08-23,23,からつ,一般,１１６　２６１４,2026-08-07,2026-08-12,20,若松,一般,５　６４１３２１１５２５,2026-07-29,2026-08-03,22,福岡,一般,１４２転,4903,吉田 凌太朗,2026-09-17,2026-09-22,16,児島,一般,５３３１３　１１２２[２],2026-08-11,2026-08-16,07,蒲郡,一般,３１２　３エ６４３３１,2026-07-28,2026-08-02,15,丸亀,一般,１４１　１３４６３１[２],2026-07-13,2026-07-18,07,蒲郡,ＧⅡ,１２４　２５１　４　２２,2026-07-04,2026-07-09,01,桐生,一般,６　F５５　６６１　３,4380,鈴木 峻佑,2026-09-13,2026-09-18,11,びわこ,一般,４１６　６５５　３２３３,2026-09-05,2026-09-10,01,桐生,一般,４　３６６　１６１　６６,2026-08-28,2026-08-31,23,からつ,一般,３　３２１６５６,2026-08-11,2026-08-16,07,蒲郡,一般,５３５　２６４　６　４４,2026-07-27,2026-08-01,10,三国,一般,５３５　４　３６１　５２,4049,荒川 健太,2026-09-19,2026-09-24,06,浜名湖,一般,３４４　５　６４２　３１,2026-09-07,2026-09-11,13,尼崎,一般,５１５　５５５　３３,2026-08-15,2026-08-20,09,津,一般,５３１５３　１　２５１５,2026-08-04,2026-08-09,10,三国,一般,４２１５５６,2026-07-28,2026-07-31,24,大村,一般,２　５５１　３３,4711,前出 達吉,2026-09-20,2026-09-25,10,三国,一般,２　１３２３３　２３４１,2026-08-26,2026-08-31,11,びわこ,一般,５４５　３４２　２２２,2026-08-14,2026-08-19,10,三国,一般,３３６　２５１１１　２３,2026-08-06,2026-08-09,02,戸田,一般,２６１　４１４３,2026-07-23,2026-07-28,03,江戸川,ＧⅢ,１３１　５２３　６　１３,5441,鈴木 雄登,2026-09-16,2026-09-20,23,からつ,一般,５３３５６　６　４転,2026-08-31,2026-09-05,18,徳山,一般,４　６　５４６６３　６６,2026-08-17,2026-08-21,13,尼崎,一般,２　６５３　６３４５,2026-07-09,2026-07-14,15,丸亀,一般,５５２　５５３２４　５３,2026-06-03,2026-06-07,03,江戸川,一般,５６６　４F４６
202610010911,2026-10-01,09,11R,3811,石田 章央,2026-09-20,2026-09-25,10,三国,一般,３３２　６欠,2026-09-11,2026-09-15,06,浜名湖,一般,F４２　１　３　５４,2026-08-30,2026-09-03,08,常滑,一般,２　５３５１２５２６,2026-08-17,2026-08-20,20,若松,一般,３６１３１５１４,2026-08-03,2026-08-08,17,宮島,一般,５　１１３３１５１３５２,5208,屋良 龍紀,2026-09-09,2026-09-14,21,芦屋,一般,３６６　３２５　５６６５,2026-08-22,2026-08-26,20,若松,一般,５３５　６５６　４５,2026-08-11,2026-08-16,19,下関,一般,５　２３５　６１６　２３,2026-07-01,2026-07-06,07,蒲郡,一般,３３３　５　２５３　転２,2026-06-11,2026-06-16,03,江戸川,一般,５５６　３５,4350,篠崎 元志,2026-09-17,2026-09-20,24,大村,一般,１１３１２１[１],2026-09-07,2026-09-12,16,児島,一般,３１２　３３４１３１[３],2026-08-25,2026-08-30,01,桐生,ＳＧ,６１４　４　２３１４４,2026-08-12,2026-08-17,22,福岡,一般,１２１１１　１２４１[１],2026-08-04,2026-08-09,12,住之江,一般,１１１４２　４１３１[２],4457,神田 達也,2026-09-17,2026-09-20,24,大村,一般,６１６　４　１６,2026-09-02,2026-09-06,17,宮島,一般,３１６　６１４　３２,2026-08-20,2026-08-23,02,戸田,一般,４５不,2026-08-04,2026-08-09,12,住之江,一般,４４５　６２６　３　５,2026-06-25,2026-06-30,01,桐生,ＧⅢ,６　５６６５４　４　６３,4394,永嶋 裕一,2026-09-18,2026-09-23,12,住之江,一般,１２４　１３２　１６１４,2026-09-03,2026-09-08,10,三国,一般,３　４３１４２３３２[５],2026-08-20,2026-08-23,02,戸田,一般,３６２６５　２４,2026-08-10,2026-08-15,21,芦屋,一般,５１２　２３５　３１４１,2026-07-31,2026-08-03,20,若松,一般,３　３２１６３３,4319,三宅 潤,2026-09-17,2026-09-22,16,児島,一般,３　５１６４１　１６４２,2026-09-04,2026-09-08,07,蒲郡,一般,２５５６３　５　４４,2026-08-28,2026-08-31,23,からつ,一般,３２３４３３３２,2026-08-13,2026-08-18,12,住之江,一般,５５５　３３４　２　１６,2026-08-07,2026-08-11,15,丸亀,一般,５４２３２５６５２５
202610010912,2026-10-01,09,12R,4002,古結 宏,2026-09-16,2026-09-20,23,からつ,一般,１５４　２２４２[１],2026-09-07,2026-09-11,13,尼崎,一般,１１１４１２２１[１],2026-08-27,2026-09-01,07,蒲郡,一般,５５３　エ１３　３３１３,2026-08-09,2026-08-14,13,尼崎,一般,２３２　１６１　２２５１,2026-07-28,2026-08-02,16,児島,一般,２１４４２　３５５６１３,4808,松尾 拓,2026-09-18,2026-09-24,02,戸田,一般,１　６２２４４４１２[４],2026-09-09,2026-09-13,17,宮島,一般,３２１　３４５４１６,2026-08-28,2026-09-02,05,多摩川,ＧⅢ,４３１　１４４４２４２４,2026-08-15,2026-08-20,09,津,一般,４　５４３　３１３１３,2026-07-31,2026-08-04,13,尼崎,一般,３　３２３１２６２３,3445,加藤 高史,2026-09-16,2026-09-20,23,からつ,一般,３２５４１　４４５３,2026-08-31,2026-09-05,20,若松,ＧⅢ,１　３６４５４　２５２２,2026-08-20,2026-08-23,02,戸田,一般,５２４　１６１１,2026-07-31,2026-08-05,06,浜名湖,ＧⅢ,６　１２２　３２４４２６,2026-07-18,2026-07-22,10,三国,一般,２３５　５６４　２,4073,大橋 純一郎,2026-09-18,2026-09-23,12,住之江,一般,２　１３２　４１３２[５],2026-09-03,2026-09-08,10,三国,一般,１６１４２２２　３３４１,2026-08-11,2026-08-16,06,浜名湖,一般,２３１５１２４　２４２６,2026-08-03,2026-08-08,04,平和島,ＧⅢ,６６２　３３４１１　４２,2026-07-23,2026-07-27,01,桐生,一般,３１３　２２１３２１,4727,安部 慎一,2026-09-11,2026-09-16,12,住之江,一般,１　１３６　２５４６１４,2026-08-27,2026-09-01,07,蒲郡,一般,５　４４１　４５６　６４,2026-08-12,2026-08-17,22,福岡,一般,４６５　１３２　４３２,2026-07-29,2026-08-01,18,徳山,一般,５　２３４　６１,2026-07-14,2026-07-19,21,芦屋,一般,５　３１４　５３３４２,4360,庄司 孝輔,2026-09-20,2026-09-25,10,三国,一般,５４４　６　１５５　１４,2026-09-11,2026-09-15,06,浜名湖,一般,５４５,2026-08-21,2026-08-24,07,蒲郡,一般,３５１５１１[２],2026-08-11,2026-08-16,06,浜名湖,一般,４３１　３２３　５３６１,2026-07-31,2026-08-04,13,尼崎,一般,４１２　４３１５１４
202610011201,2026-10-01,12,01R,4272,大場 広孝,2026-09-24,2026-09-29,19,下関,一般,　　１３４３２５１　５,2026-09-14,2026-09-19,04,平和島,一般,２６３　５５５　２　１２,2026-09-01,2026-09-04,24,大村,一般,５２６　４６２,2026-08-19,2026-08-24,19,下関,一般,５４５　１５６　５　２４,2026-08-07,2026-08-11,15,丸亀,一般,４２３　４３５　２６,4211,村田 敦,2026-09-16,2026-09-21,13,尼崎,一般,１５６　２　６３３５,2026-09-01,2026-09-04,24,大村,一般,３４５　２６５,2026-08-21,2026-08-24,07,蒲郡,一般,６　６６４　２１,2026-08-11,2026-08-16,04,平和島,一般,５　４４５　５３４　２４,2026-08-04,2026-08-09,10,三国,一般,５　３６２　５６４　３,4411,沢田 昭宏,2026-09-17,2026-09-22,16,児島,一般,３３３　４５３５３　１,2026-09-02,2026-09-07,22,福岡,一般,６６,2026-08-24,2026-08-29,13,尼崎,一般,４　４４落欠,2026-08-14,2026-08-19,17,宮島,一般,１　３３３　２４４６１３,2026-08-04,2026-08-09,12,住之江,一般,４　２３１　５５１５４６,4395,下河 雅史,2026-08-25,2026-08-30,09,津,一般,５　４４５　３５６　５４,2026-08-12,2026-08-17,22,福岡,一般,３５２　５５５　４２４５,2026-07-23,2026-07-28,03,江戸川,ＧⅢ,６　３５２　３４F３５５,2026-07-10,2026-07-15,22,福岡,一般,１４２　１４２５１６１３,2026-06-30,2026-07-04,19,下関,一般,５４１　２３３５３２,4059,入澤 友治,2026-09-13,2026-09-18,22,福岡,一般,５　３５５　４４４　５,2026-06-09,2026-06-13,07,蒲郡,一般,４６４F６　６　５,2026-05-28,2026-06-02,01,桐生,一般,４５６　４３５　２３,2026-05-14,2026-05-19,02,戸田,一般,２３４　１４３３５６２５,2026-05-03,2026-05-08,04,平和島,一般,６　５２３　６３４F２,4651,佐藤 大騎,2026-09-14,2026-09-19,04,平和島,一般,３　４　４４５　４５３,2026-09-02,2026-09-07,22,福岡,一般,４　１４３２３５２　３,2026-08-17,2026-08-20,20,若松,一般,６５転,2026-08-04,2026-08-09,12,住之江,一般,５　５６４　６６１,2026-07-24,2026-07-27,02,戸田,一般,１　５４２６６２
202610011202,2026-10-01,12,02R,4995,田邉 亮蔵,2026-09-16,2026-09-20,23,からつ,一般,５５１　５６６　３４,2026-09-03,2026-09-06,02,戸田,一般,１５１２転　２５,2026-08-15,2026-08-20,05,多摩川,一般,３３５　４４３　６５３,2026-08-02,2026-08-05,21,芦屋,一般,６　２５６　３２,2026-07-19,2026-07-23,05,多摩川,一般,６６,4104,木下 陽介,2026-09-14,2026-09-19,04,平和島,一般,６　欠欠,2026-08-25,2026-08-30,09,津,一般,３６３　１４５　１　３４,2026-08-11,2026-08-16,04,平和島,一般,１　３４１２２　３２[２],2026-07-27,2026-08-01,10,三国,一般,３　５３２１転３２６２４,2026-07-15,2026-07-19,08,常滑,一般,２　２２２５１５２３,5221,竹間 隆晟,2026-09-13,2026-09-18,07,蒲郡,一般,１３３２４３２２６２２１,2026-09-04,2026-09-09,11,びわこ,一般,１３５２４１１　２３４１,2026-08-27,2026-08-31,04,平和島,一般,４２１２２６５４１５,2026-07-18,2026-07-23,09,津,ＧⅢ,４転５　３２３　６３１,2026-07-01,2026-07-06,07,蒲郡,一般,４　１４２１２　２５３５,3564,桑原 啓,2026-09-14,2026-09-19,04,平和島,一般,６　４３６　５５５　２３,2026-08-31,2026-09-05,20,若松,ＧⅢ,１　２３５　５１２６５２,2026-08-17,2026-08-21,13,尼崎,一般,５４６　１６２　６５,2026-07-31,2026-08-05,06,浜名湖,ＧⅢ,６６５　６　５１６　５２,2026-07-18,2026-07-21,20,若松,一般,４４５　３６２,4422,永井 亮次,2026-09-14,2026-09-19,04,平和島,一般,５　１４３　５５６　１４,2026-08-29,2026-09-03,19,下関,一般,４６１　３６６　６　３６,2026-08-13,2026-08-18,12,住之江,一般,３４１　４　５１３５１５,2026-07-24,2026-07-29,17,宮島,一般,４３５　６５１　４３４,2026-07-12,2026-07-16,05,多摩川,一般,４２転　２１２　３６,5409,宮本 琉正,2026-09-13,2026-09-17,19,下関,一般,６　５５１　６６６２,2026-08-12,2026-08-17,22,福岡,一般,６　４６５　６６６４５,2026-08-02,2026-08-05,21,芦屋,一般,５　１３２６２１,2026-07-18,2026-07-21,20,若松,一般,　　　　　　６５,2026-07-10,2026-07-15,22,福岡,一般,５　３６４　６５６　６６
202610011203,2026-10-01,12,03R,3602,奥平 拓也,2026-09-16,2026-09-20,23,からつ,一般,６　２３６１３４１４,2026-09-01,2026-09-05,13,尼崎,一般,３６２　４　４６４,2026-08-20,2026-08-25,21,芦屋,一般,２６６　５５５　５　３３,2026-08-09,2026-08-15,03,江戸川,一般,４　３３３　１４１６６６,2026-07-27,2026-08-01,09,津,一般,１６４,4702,三浦 敬太,2026-09-21,2026-09-26,18,徳山,一般,１３５　１３２１４１[６],2026-09-12,2026-09-17,09,津,一般,１６４　１　１５転３１２,2026-08-28,2026-09-02,05,多摩川,ＧⅢ,４　４１３５欠欠,2026-08-17,2026-08-21,13,尼崎,一般,４２３２２６１５１１,2026-08-03,2026-08-08,19,下関,一般,１２１　１１４１妨３１,4697,國弘 翔平,2026-09-14,2026-09-19,04,平和島,一般,４３４　６６３　５　４３,2026-09-01,2026-09-05,13,尼崎,一般,３　１２６　２４５２,2026-08-20,2026-08-23,24,大村,一般,１　２４２転３３,2026-08-07,2026-08-12,20,若松,一般,２２４　４２６　５３５３,2026-07-29,2026-08-01,18,徳山,一般,３４６　５　２３,3432,宮迫 暢彦,2026-09-14,2026-09-19,04,平和島,一般,１２６　４６３　妨６２,2026-09-02,2026-09-07,22,福岡,一般,３　４３２６５５５　５,2026-08-15,2026-08-20,11,びわこ,一般,４　６３５３４　５　３４,2026-07-04,2026-07-09,01,桐生,一般,６２４　６６３　５　５３,2026-06-25,2026-06-29,18,徳山,一般,３５落　６　４５６２,4122,安東 幸治,2026-09-17,2026-09-22,16,児島,一般,４　４２３　５２１１３３,2026-09-01,2026-09-04,24,大村,一般,５１３　２６１５,2026-08-24,2026-08-28,15,丸亀,一般,２４６４１５１　５５,2026-08-12,2026-08-17,22,福岡,一般,１３３５２４３　３６２３,2026-08-02,2026-08-05,21,芦屋,一般,５　１５１３４２,5450,藤本 遼磨,2026-09-09,2026-09-13,17,宮島,一般,６　６６５　４６４,2026-08-13,2026-08-18,12,住之江,一般,５　６　６６６　６６４,2026-07-31,2026-08-04,13,尼崎,一般,１　５　５６３５３６,2026-07-03,2026-07-08,12,住之江,一般,５　妨　５４５５５　５,2026-06-21,2026-06-26,16,児島,一般,５　６６５　６５４　４６
202610011204,2026-10-01,12,04R,3904,森 貴洋,2026-09-14,2026-09-19,04,平和島,一般,１　３５２　１６６６妨６,2026-09-01,2026-09-06,12,住之江,一般,２２１　３６２　４６３６,2026-08-15,2026-08-20,09,津,一般,３６３　２６６　３　６４,2026-07-29,2026-08-03,22,福岡,一般,２　妨２３２５　３４３４,2026-07-15,2026-07-20,18,徳山,一般,２３２　３５１　５２[６],3951,石川 吉鎬,2026-09-14,2026-09-19,04,平和島,一般,４１２　６６６　６,2026-08-29,2026-09-03,19,下関,一般,６　５６３　３３５　４５,2026-08-15,2026-08-20,11,びわこ,一般,落　４５１　５３４　３１,2026-07-10,2026-07-14,09,津,一般,２　５５３４３転４,2026-06-26,2026-07-02,24,大村,一般,１　２４１３３５２　５５１３,4086,寺本 重宣,2026-09-16,2026-09-20,23,からつ,一般,５　１５４４３２１３,2026-09-01,2026-09-05,13,尼崎,一般,１３５３１　５２[６],2026-08-22,2026-08-27,22,福岡,一般,１　６欠,2026-08-09,2026-08-15,03,江戸川,一般,２　１２６　２４３　１４,2026-07-31,2026-08-05,06,浜名湖,ＧⅢ,４３１４２　１１４６１４,5022,伊藤 尚汰,2026-09-14,2026-09-19,04,平和島,一般,４　３２６　４６転　６６,2026-09-01,2026-09-05,13,尼崎,一般,３　６６４　３　６５,2026-08-15,2026-08-20,18,徳山,一般,６６１　３６５　５２２,2026-07-31,2026-08-03,20,若松,一般,４６１　３４６２,2026-07-23,2026-07-28,21,芦屋,一般,　　　　　　　　　　４２,4815,伏島 祐介,2026-09-17,2026-09-20,24,大村,一般,１　２４５６１４,2026-09-02,2026-09-07,22,福岡,一般,２１５　２　２６５５３６,2026-08-20,2026-08-23,04,平和島,一般,６３４　１３４１,2026-08-09,2026-08-15,03,江戸川,一般,５　５６４　４５５　２３,2026-07-24,2026-07-27,12,住之江,一般,５５４　６　４４,4136,江夏 満,2026-09-21,2026-09-26,18,徳山,一般,２４２１４１３　１３４１,2026-09-12,2026-09-17,09,津,一般,１４６　２４４４２５３３,2026-08-31,2026-09-05,20,若松,ＧⅢ,１３４　１１２３３２[５],2026-08-22,2026-08-27,22,福岡,一般,１６４４３１３　３３２２,2026-05-11,2026-05-15,08,常滑,一般,４２２１２３３４１３
202610011205,2026-10-01,12,05R,4424,松尾 昂明,2026-09-20,2026-09-25,10,三国,一般,５　２　５５３５５　２１,2026-09-09,2026-09-15,20,若松,一般,３３４３４　１２１３４５２４,2026-08-26,2026-08-31,11,びわこ,一般,１６２　１３４４４２[６],2026-08-12,2026-08-17,22,福岡,一般,２４６３３１３　２５４４,2026-07-28,2026-08-02,15,丸亀,一般,３　２２４６４　５１４,4357,田中 和也,2026-09-20,2026-09-25,10,三国,一般,２６３　１１３２３４２１,2026-09-09,2026-09-15,20,若松,一般,１２１１４　１１３１５１[１],2026-08-15,2026-08-20,09,津,一般,１１２３４３５　１３１２,2026-08-08,2026-08-11,05,多摩川,一般,４３１５５１６３,2026-07-31,2026-08-04,13,尼崎,一般,１４４５５２２　４１,4314,青木 幸太郎,2026-09-18,2026-09-24,02,戸田,一般,６４１　３３１３１２[６],2026-09-07,2026-09-12,16,児島,一般,４１２　２４４３１６１５,2026-08-24,2026-08-29,13,尼崎,一般,６　５２３４１　６２４２,2026-08-03,2026-08-08,04,平和島,ＧⅢ,３　３３５２４２５　２３,2026-07-20,2026-07-25,15,丸亀,一般,１　５３１４２　４４１３,4598,加藤 政彦,2026-09-22,2026-09-27,11,びわこ,ＧⅢ,６　３３１　３４３３５,2026-09-05,2026-09-11,03,江戸川,一般,１　５１２　２１１４３２,2026-08-20,2026-08-25,21,芦屋,一般,３４４　２３１２３２[５],2026-08-09,2026-08-15,03,江戸川,一般,１　４４１　２５４　６１,2026-07-29,2026-08-03,23,からつ,一般,５　２１１　３６,4082,濱崎 誠,2026-09-14,2026-09-19,04,平和島,一般,５　６３１　２４１２３１,2026-08-29,2026-09-03,16,児島,一般,２　４１３　６６３４２２,2026-07-23,2026-07-28,03,江戸川,ＧⅢ,１　３６３　１３４　３１,2026-07-07,2026-07-12,10,三国,ＧⅢ,１１３２３　５２２３３３,2026-06-24,2026-06-29,03,江戸川,一般,F６４　３４４　５５４,4059,入澤 友治,2026-09-13,2026-09-18,22,福岡,一般,５　３５５　４４４　５,2026-06-09,2026-06-13,07,蒲郡,一般,４６４F６　６　５,2026-05-28,2026-06-02,01,桐生,一般,４５６　４３５　２３,2026-05-14,2026-05-19,02,戸田,一般,２３４　１４３３５６２５,2026-05-03,2026-05-08,04,平和島,一般,６　５２３　６３４F２
202610011206,2026-10-01,12,06R,4976,金山 立樹,2026-09-14,2026-09-19,04,平和島,一般,３　５５３３２　３　４４,2026-09-01,2026-09-04,24,大村,一般,４３５　６　４５,2026-08-21,2026-08-24,07,蒲郡,一般,１　２６１３５２,2026-08-09,2026-08-15,03,江戸川,一般,６６２　２５３　３４６,2026-07-29,2026-08-03,23,からつ,一般,５５６　３３２　１　２６,4560,庄司 樹良々,2026-09-17,2026-09-21,15,丸亀,一般,４５３５２,2026-08-11,2026-08-16,04,平和島,一般,５　５２５　１３１３１４,2026-07-24,2026-07-27,06,浜名湖,一般,３６３４１　２６,2026-07-14,2026-07-17,24,大村,一般,４　４５１５３,2026-07-03,2026-07-08,13,尼崎,一般,４　５１３３F４４　３,4395,下河 雅史,2026-08-25,2026-08-30,09,津,一般,５　４４５　３５６　５４,2026-08-12,2026-08-17,22,福岡,一般,３５２　５５５　４２４５,2026-07-23,2026-07-28,03,江戸川,ＧⅢ,６　３５２　３４F３５５,2026-07-10,2026-07-15,22,福岡,一般,１４２　１４２５１６１３,2026-06-30,2026-07-04,19,下関,一般,５４１　２３３５３２,4427,秦 英悟,2026-09-16,2026-09-21,05,多摩川,ＧⅠ,６　４６６　６４,2026-09-05,2026-09-11,03,江戸川,一般,３４２　４２２　１４３１,2026-08-26,2026-08-31,11,びわこ,一般,１１４６４５３　４３２２,2026-08-13,2026-08-18,12,住之江,一般,１　１１２　３２１３１１,2026-07-29,2026-08-03,22,福岡,一般,１６１１１　１１２１[１],3722,西村 秀樹,2026-09-15,2026-09-20,14,鳴門,一般,２３３　５　４４５２５,2026-09-01,2026-09-04,24,大村,一般,１　３６５　３４,2026-08-09,2026-08-14,23,からつ,一般,２　５４５６４　５４６,2026-07-27,2026-08-01,10,三国,一般,５　６１１　４４３　５４,2026-07-15,2026-07-19,08,常滑,一般,４６５　３　４１３５,3107,平岡 重典,2026-09-14,2026-09-19,04,平和島,一般,６５５　５　妨４３　５１,2026-09-02,2026-09-07,22,福岡,一般,６　５６２２２３５　４,2026-08-19,2026-08-24,19,下関,一般,３　４１６　１６４５５６,2026-06-07,2026-06-12,09,津,一般,３　４４２　１５４５５４,2026-05-20,2026-05-25,05,多摩川,一般,５６４　５
202610011207,2026-10-01,12,07R,4697,國弘 翔平,2026-09-14,2026-09-19,04,平和島,一般,４３４　６６３　５　４３,2026-09-01,2026-09-05,13,尼崎,一般,３　１２６　２４５２,2026-08-20,2026-08-23,24,大村,一般,１　２４２転３３,2026-08-07,2026-08-12,20,若松,一般,２２４　４２６　５３５３,2026-07-29,2026-08-01,18,徳山,一般,３４６　５　２３,4099,吉永 則雄,2026-09-13,2026-09-17,19,下関,一般,２５２６３　１６２３,2026-08-29,2026-09-03,16,児島,一般,４１３６５　２５１　５５,2026-08-17,2026-08-20,20,若松,一般,１　３５１６１５,2026-08-05,2026-08-10,09,津,一般,２２２３５　３　４２[５],2026-07-22,2026-07-27,14,鳴門,一般,２３３３４　１４２　３２,4651,佐藤 大騎,2026-09-14,2026-09-19,04,平和島,一般,３　４　４４５　４５３,2026-09-02,2026-09-07,22,福岡,一般,４　１４３２３５２　３,2026-08-17,2026-08-20,20,若松,一般,６５転,2026-08-04,2026-08-09,12,住之江,一般,５　５６４　６６１,2026-07-24,2026-07-27,02,戸田,一般,１　５４２６６２,4944,田代 達也,2026-09-21,2026-09-28,09,津,一般,５　４　３５２４４　３　６４,2026-09-02,2026-09-07,22,福岡,一般,２　３３５　３４５５２,2026-08-27,2026-08-31,04,平和島,一般,３６３　３　２６１３,2026-08-20,2026-08-23,04,平和島,一般,４　６６４　１４,2026-08-04,2026-08-09,12,住之江,一般,６　１５落　１５５　３２,5105,富田 恕生,2026-09-14,2026-09-19,04,平和島,一般,６　５４４　６２６　２５,2026-09-01,2026-09-05,13,尼崎,一般,５５４　４２４　４,2026-08-20,2026-08-23,23,からつ,一般,３５４　５４５２,2026-08-10,2026-08-15,21,芦屋,一般,２５３　１１６　４６４２,2026-07-29,2026-08-03,22,福岡,一般,５５２　２４５２５　５６,4759,今泉 友吾,2026-09-22,2026-09-27,11,びわこ,ＧⅢ,２３１１１　２１２１[１],2026-09-12,2026-09-17,18,徳山,ＧⅠ,２　２３１　１２４　１２,2026-09-02,2026-09-07,22,福岡,一般,３３１　３５１３１４２２,2026-08-22,2026-08-27,08,常滑,ＧⅢ,３３３２３１１５４３３１,2026-08-11,2026-08-16,04,平和島,一般,２４３　２２３１４３１５
202610011208,2026-10-01,12,08R,4411,沢田 昭宏,2026-09-17,2026-09-22,16,児島,一般,３３３　４５３５３　１,2026-09-02,2026-09-07,22,福岡,一般,６６,2026-08-24,2026-08-29,13,尼崎,一般,４　４４落欠,2026-08-14,2026-08-19,17,宮島,一般,１　３３３　２４４６１３,2026-08-04,2026-08-09,12,住之江,一般,４　２３１　５５１５４６,4367,山口 修路,2026-09-14,2026-09-19,04,平和島,一般,５５４　５　３６４　４,2026-08-31,2026-09-05,18,徳山,一般,６３１　３５５　２２３５,2026-08-20,2026-08-23,23,からつ,一般,５　３５５　３４,2026-08-05,2026-08-10,14,鳴門,一般,３６３　４２２　２３５,2026-07-22,2026-07-26,13,尼崎,一般,６　３５５　５　４５,5028,原田 才一郎,2026-09-22,2026-09-27,20,若松,ＧⅠ,４２３　２　３２５　２３,2026-09-07,2026-09-12,24,大村,ＧⅠ,６２６　１　１４５　２６,2026-08-30,2026-09-03,08,常滑,一般,５４１１４１３２[６],2026-08-21,2026-08-26,03,江戸川,一般,１６１　２１２１５１[４],2026-08-07,2026-08-12,20,若松,一般,１　２３３４６１２２[４],3904,森 貴洋,2026-09-14,2026-09-19,04,平和島,一般,１　３５２　１６６６妨６,2026-09-01,2026-09-06,12,住之江,一般,２２１　３６２　４６３６,2026-08-15,2026-08-20,09,津,一般,３６３　２６６　３　６４,2026-07-29,2026-08-03,22,福岡,一般,２　妨２３２５　３４３４,2026-07-15,2026-07-20,18,徳山,一般,２３２　３５１　５２[６],3613,角谷 健吾,2026-09-19,2026-09-24,06,浜名湖,一般,１　３５３１３２３２[６],2026-09-12,2026-09-15,10,三国,一般,４　５３３　１３,2026-08-29,2026-09-03,19,下関,一般,５２５　５４２　２１２４,2026-08-15,2026-08-20,05,多摩川,一般,２５３　１３２５２６１５,2026-07-29,2026-08-03,23,からつ,一般,２６１５２　６２２４５５,4104,木下 陽介,2026-09-14,2026-09-19,04,平和島,一般,６　欠欠,2026-08-25,2026-08-30,09,津,一般,３６３　１４５　１　３４,2026-08-11,2026-08-16,04,平和島,一般,１　３４１２２　３２[２],2026-07-27,2026-08-01,10,三国,一般,３　５３２１転３２６２４,2026-07-15,2026-07-19,08,常滑,一般,２　２２２５１５２３
202610011209,2026-10-01,12,09R,4042,丸岡 正典,2026-09-18,2026-09-23,03,江戸川,一般,３　３６２　４３３１,2026-09-07,2026-09-11,13,尼崎,一般,２１１５４　１５４２,2026-08-02,2026-08-05,21,芦屋,一般,４３４６２　１１,2026-07-24,2026-07-27,06,浜名湖,一般,２３２　２４１２,2026-07-13,2026-07-18,07,蒲郡,ＧⅡ,４　１２３　３　３　４１,4138,中井 俊祐,2026-09-15,2026-09-20,14,鳴門,一般,５　４６２　３２６５４,2026-09-03,2026-09-06,02,戸田,一般,６２２　３妨４５,2026-08-25,2026-08-30,17,宮島,一般,５４５　６６５　６欠,2026-08-13,2026-08-18,12,住之江,一般,２３６　６　６６,2026-07-28,2026-07-31,24,大村,一般,５　３５２　５６,4815,伏島 祐介,2026-09-17,2026-09-20,24,大村,一般,１　２４５６１４,2026-09-02,2026-09-07,22,福岡,一般,２１５　２　２６５５３６,2026-08-20,2026-08-23,04,平和島,一般,６３４　１３４１,2026-08-09,2026-08-15,03,江戸川,一般,５　５６４　４５５　２３,2026-07-24,2026-07-27,12,住之江,一般,５５４　６　４４,4330,奈須 啓太,2026-09-20,2026-09-25,01,桐生,一般,２１２３１　３　１１[４],2026-09-09,2026-09-14,21,芦屋,一般,１２１２１　１５２２[６],2026-08-25,2026-08-30,17,宮島,一般,１６３３１　２５１５１４,2026-08-12,2026-08-17,22,福岡,一般,４　１４６５５６２　５４,2026-07-31,2026-08-04,13,尼崎,一般,５５５　１６３　３２,4608,荒井 翔伍,2026-09-18,2026-09-24,02,戸田,一般,１３３４５５２　３２３１,2026-09-07,2026-09-11,13,尼崎,一般,１４２　２５２４１４,2026-08-30,2026-09-03,08,常滑,一般,１３４５５　２１１１,2026-08-21,2026-08-26,06,浜名湖,一般,２　２エ５５３　１２１２,2026-08-09,2026-08-15,03,江戸川,一般,５３５　２４３　２１２２,4314,青木 幸太郎,2026-09-18,2026-09-24,02,戸田,一般,６４１　３３１３１２[６],2026-09-07,2026-09-12,16,児島,一般,４１２　２４４３１６１５,2026-08-24,2026-08-29,13,尼崎,一般,６　５２３４１　６２４２,2026-08-03,2026-08-08,04,平和島,ＧⅢ,３　３３５２４２５　２３,2026-07-20,2026-07-25,15,丸亀,一般,１　５３１４２　４４１３
202610011210,2026-10-01,12,10R,4351,里岡 右貴,2026-09-20,2026-09-25,01,桐生,一般,３４１　３　１４６欠,2026-09-11,2026-09-14,02,戸田,一般,４２１２１３[２],2026-08-31,2026-09-05,18,徳山,一般,１４４　３１１２４１[２],2026-07-24,2026-07-29,17,宮島,一般,４２２３２　１３２２[２],2026-07-10,2026-07-15,22,福岡,一般,１５１　３２２１５１[３],4122,安東 幸治,2026-09-17,2026-09-22,16,児島,一般,４　４２３　５２１１３３,2026-09-01,2026-09-04,24,大村,一般,５１３　２６１５,2026-08-24,2026-08-28,15,丸亀,一般,２４６４１５１　５５,2026-08-12,2026-08-17,22,福岡,一般,１３３５２４３　３６２３,2026-08-02,2026-08-05,21,芦屋,一般,５　１５１３４２,4976,金山 立樹,2026-09-14,2026-09-19,04,平和島,一般,３　５５３３２　３　４４,2026-09-01,2026-09-04,24,大村,一般,４３５　６　４５,2026-08-21,2026-08-24,07,蒲郡,一般,１　２６１３５２,2026-08-09,2026-08-15,03,江戸川,一般,６６２　２５３　３４６,2026-07-29,2026-08-03,23,からつ,一般,５５６　３３２　１　２６,4995,田邉 亮蔵,2026-09-16,2026-09-20,23,からつ,一般,５５１　５６６　３４,2026-09-03,2026-09-06,02,戸田,一般,１５１２転　２５,2026-08-15,2026-08-20,05,多摩川,一般,３３５　４４３　６５３,2026-08-02,2026-08-05,21,芦屋,一般,６　２５６　３２,2026-07-19,2026-07-23,05,多摩川,一般,６６,5289,佃 來紀,2026-09-22,2026-09-27,11,びわこ,ＧⅢ,３　４６４３５　６　２６,2026-09-15,2026-09-20,14,鳴門,一般,１１２４２　２F３　３,2026-09-02,2026-09-07,22,福岡,一般,４３２１３１６　４６１６,2026-08-24,2026-08-28,15,丸亀,一般,１６５妨４,2026-08-13,2026-08-18,12,住之江,一般,５　２２２　２４３４不３,3951,石川 吉鎬,2026-09-14,2026-09-19,04,平和島,一般,４１２　６６６　６,2026-08-29,2026-09-03,19,下関,一般,６　５６３　３３５　４５,2026-08-15,2026-08-20,11,びわこ,一般,落　４５１　５３４　３１,2026-07-10,2026-07-14,09,津,一般,２　５５３４３転４,2026-06-26,2026-07-02,24,大村,一般,１　２４１３３５２　５５１３
202610011211,2026-10-01,12,11R,4366,前沢 丈史,2026-08-25,2026-08-30,01,桐生,ＳＧ,６　３　５６５　５６６,2026-08-09,2026-08-15,03,江戸川,一般,３　６６３　４１５３３,2026-08-02,2026-08-05,21,芦屋,一般,１４３３５２[５],2026-07-25,2026-07-29,20,若松,一般,６１５　４３２５２,2026-07-07,2026-07-12,02,戸田,ＧⅡ,１　３６３　３　３１５,5105,富田 恕生,2026-09-14,2026-09-19,04,平和島,一般,６　５４４　６２６　２５,2026-09-01,2026-09-05,13,尼崎,一般,５５４　４２４　４,2026-08-20,2026-08-23,23,からつ,一般,３５４　５４５２,2026-08-10,2026-08-15,21,芦屋,一般,２５３　１１６　４６４２,2026-07-29,2026-08-03,22,福岡,一般,５５２　２４５２５　５６,4082,濱崎 誠,2026-09-14,2026-09-19,04,平和島,一般,５　６３１　２４１２３１,2026-08-29,2026-09-03,16,児島,一般,２　４１３　６６３４２２,2026-07-23,2026-07-28,03,江戸川,ＧⅢ,１　３６３　１３４　３１,2026-07-07,2026-07-12,10,三国,ＧⅢ,１１３２３　５２２３３３,2026-06-24,2026-06-29,03,江戸川,一般,F６４　３４４　５５４,5221,竹間 隆晟,2026-09-13,2026-09-18,07,蒲郡,一般,１３３２４３２２６２２１,2026-09-04,2026-09-09,11,びわこ,一般,１３５２４１１　２３４１,2026-08-27,2026-08-31,04,平和島,一般,４２１２２６５４１５,2026-07-18,2026-07-23,09,津,ＧⅢ,４転５　３２３　６３１,2026-07-01,2026-07-06,07,蒲郡,一般,４　１４２１２　２５３５,4272,大場 広孝,2026-09-24,2026-09-29,19,下関,一般,　　１３４３２５１　５,2026-09-14,2026-09-19,04,平和島,一般,２６３　５５５　２　１２,2026-09-01,2026-09-04,24,大村,一般,５２６　４６２,2026-08-19,2026-08-24,19,下関,一般,５４５　１５６　５　２４,2026-08-07,2026-08-11,15,丸亀,一般,４２３　４３５　２６,4560,庄司 樹良々,2026-09-17,2026-09-21,15,丸亀,一般,４５３５２,2026-08-11,2026-08-16,04,平和島,一般,５　５２５　１３１３１４,2026-07-24,2026-07-27,06,浜名湖,一般,３６３４１　２６,2026-07-14,2026-07-17,24,大村,一般,４　４５１５３,2026-07-03,2026-07-08,13,尼崎,一般,４　５１３３F４４　３
202610011212,2026-10-01,12,12R,4427,秦 英悟,2026-09-16,2026-09-21,05,多摩川,ＧⅠ,６　４６６　６４,2026-09-05,2026-09-11,03,江戸川,一般,３４２　４２２　１４３１,2026-08-26,2026-08-31,11,びわこ,一般,１１４６４５３　４３２２,2026-08-13,2026-08-18,12,住之江,一般,１　１１２　３２１３１１,2026-07-29,2026-08-03,22,福岡,一般,１６１１１　１１２１[１],4136,江夏 満,2026-09-21,2026-09-26,18,徳山,一般,２４２１４１３　１３４１,2026-09-12,2026-09-17,09,津,一般,１４６　２４４４２５３３,2026-08-31,2026-09-05,20,若松,ＧⅢ,１３４　１１２３３２[５],2026-08-22,2026-08-27,22,福岡,一般,１６４４３１３　３３２２,2026-05-11,2026-05-15,08,常滑,一般,４２２１２３３４１３,4759,今泉 友吾,2026-09-22,2026-09-27,11,びわこ,ＧⅢ,２３１１１　２１２１[１],2026-09-12,2026-09-17,18,徳山,ＧⅠ,２　２３１　１２４　１２,2026-09-02,2026-09-07,22,福岡,一般,３３１　３５１３１４２２,2026-08-22,2026-08-27,08,常滑,ＧⅢ,３３３２３１１５４３３１,2026-08-11,2026-08-16,04,平和島,一般,２４３　２２３１４３１５,4702,三浦 敬太,2026-09-21,2026-09-26,18,徳山,一般,１３５　１３２１４１[６],2026-09-12,2026-09-17,09,津,一般,１６４　１　１５転３１２,2026-08-28,2026-09-02,05,多摩川,ＧⅢ,４　４１３５欠欠,2026-08-17,2026-08-21,13,尼崎,一般,４２３２２６１５１１,2026-08-03,2026-08-08,19,下関,一般,１２１　１１４１妨３１,4357,田中 和也,2026-09-20,2026-09-25,10,三国,一般,２６３　１１３２３４２１,2026-09-09,2026-09-15,20,若松,一般,１２１１４　１１３１５１[１],2026-08-15,2026-08-20,09,津,一般,１１２３４３５　１３１２,2026-08-08,2026-08-11,05,多摩川,一般,４３１５５１６３,2026-07-31,2026-08-04,13,尼崎,一般,１４４５５２２　４１,5028,原田 才一郎,2026-09-22,2026-09-27,20,若松,ＧⅠ,４２３　２　３２５　２３,2026-09-07,2026-09-12,24,大村,ＧⅠ,６２６　１　１４５　２６,2026-08-30,2026-09-03,08,常滑,一般,５４１１４１３２[６],2026-08-21,2026-08-26,03,江戸川,一般,１６１　２１２１５１[４],2026-08-07,2026-08-12,20,若松,一般,１　２３３４６１２２[４]
202610011301,2026-10-01,13,01R,5259,野田 昇吾,2026-09-11,2026-09-14,02,戸田,一般,５　４３４６５,2026-08-21,2026-08-26,03,江戸川,一般,５　５５３　３４２　３不,2026-08-05,2026-08-10,09,津,一般,３　２　３５１　５　４,2026-07-05,2026-07-09,05,多摩川,一般,６　３　５６６３４５,2026-06-21,2026-06-26,16,児島,一般,５　５６６　６３５　５６,4639,雑賀 勇貴,2026-09-11,2026-09-15,06,浜名湖,一般,１６２６６　F　４,2026-08-28,2026-09-02,05,多摩川,ＧⅢ,６５６　２　６６１　５４,2026-08-13,2026-08-18,12,住之江,一般,５４４　４４６　２　４１,2026-08-03,2026-08-08,04,平和島,ＧⅢ,１　３６６３５　６４６,2026-07-17,2026-07-22,16,児島,ＧⅢ,６　５６６　６５,5161,登玉 隼百,2026-09-17,2026-09-20,24,大村,一般,３３２　１４１５,2026-09-03,2026-09-08,10,三国,一般,６　１６４３３４４　１４,2026-08-22,2026-08-27,08,常滑,ＧⅢ,３　５６１　６２６２２１,2026-08-09,2026-08-14,13,尼崎,一般,１　６５４　５３１４３,2026-08-02,2026-08-05,21,芦屋,一般,６６５２５　３,4219,本岡 勝利,2026-09-17,2026-09-20,24,大村,一般,４　５３５　２３,2026-09-04,2026-09-08,07,蒲郡,一般,５５４　５　３６３,2026-08-20,2026-08-25,21,芦屋,一般,４５４　３　４５５　４６,2026-08-04,2026-08-09,10,三国,一般,２　４６３２６　５４３４,2026-06-28,2026-07-03,20,若松,一般,５４３　４６２　４　５４,3606,川北 浩貴,2026-09-13,2026-09-17,19,下関,一般,２１３　２３３５５４,2026-08-28,2026-08-31,23,からつ,一般,５　４３３３４２,2026-08-15,2026-08-20,11,びわこ,一般,４４４　２５２　６２１,2026-08-03,2026-08-08,17,宮島,一般,５　６４２　５４３４４,2026-07-24,2026-07-27,06,浜名湖,一般,３１４　２１[４],4548,篠木 亜衣花,2026-09-13,2026-09-17,19,下関,一般,６　６６６２５　４５,2026-08-25,2026-08-30,09,津,一般,５　４５５　５３６　２３,2026-07-31,2026-08-05,05,多摩川,一般,４３５　６６６　２　２３,2026-06-18,2026-06-23,02,戸田,一般,６　５６５　５６,2026-05-30,2026-06-03,12,住之江,一般,４　５F５　６　６
202610011302,2026-10-01,13,02R,3434,松尾 宣邦,2026-09-16,2026-09-20,23,からつ,一般,２５１　４３１５２５,2026-08-29,2026-09-03,16,児島,一般,１　５３１４４　２６１５,2026-08-17,2026-08-20,20,若松,一般,２６５　６５３,2026-08-03,2026-08-08,04,平和島,ＧⅢ,３　６５２　３６６　２５,2026-07-22,2026-07-26,13,尼崎,一般,３４５　２６２　６２,5218,山田 理央,2026-09-22,2026-09-27,20,若松,ＧⅠ,６　５６６　６　２６６,2026-09-01,2026-09-06,12,住之江,一般,４　６２３６６６３　６４,2026-07-19,2026-07-24,22,福岡,ＧⅢ,４５６　３　５２６　転４,2026-07-07,2026-07-12,11,びわこ,一般,５１２３５５１３１３１６,2026-06-17,2026-06-20,07,蒲郡,一般,３　エ５１３５６,3901,松田 憲幸,2026-09-12,2026-09-17,09,津,一般,５　２６５　２１４　２６,2026-08-26,2026-08-30,14,鳴門,一般,６　４５６　４　５５,2026-08-11,2026-08-16,19,下関,一般,１　２３６　３３１６６５,2026-07-29,2026-08-03,23,からつ,一般,６　３６５　４１５　６１,2026-07-18,2026-07-22,10,三国,一般,６　３６２　６　６２,4654,篠田 優也,2026-09-20,2026-09-25,01,桐生,一般,２２３４１　２５４２[２],2026-09-11,2026-09-15,06,浜名湖,一般,１　３６２２４４３１,2026-08-29,2026-09-03,16,児島,一般,３３,2026-08-09,2026-08-14,13,尼崎,一般,４　１２１６２　４　１４,2026-07-29,2026-08-03,23,からつ,一般,３　５５,4664,東口 晃,2026-09-18,2026-09-23,03,江戸川,一般,３　６５２　６３５妨,2026-09-03,2026-09-08,10,三国,一般,６　６６４　５３６　２１,2026-08-15,2026-08-20,11,びわこ,一般,６４５　５　１３４　３２,2026-07-27,2026-08-01,10,三国,一般,６　２５６　５　５６２,2026-07-03,2026-07-08,13,尼崎,一般,６　４５５４２　５　６５,3974,深山 祐二,2026-09-16,2026-09-20,23,からつ,一般,５　３４５２３５５４,2026-09-01,2026-09-06,12,住之江,一般,３６２　１４３　６１２,2026-08-22,2026-08-26,20,若松,一般,６　４３２６５　２３,2026-08-09,2026-08-14,23,からつ,一般,５　５４１　２４５　１５,2026-07-22,2026-07-25,24,大村,一般,３４４　３６６
202610011303,2026-10-01,13,03R,5031,渡辺 空依,2026-09-14,2026-09-19,04,平和島,一般,４２２　５３２　１５５６,2026-09-01,2026-09-04,24,大村,一般,３　５２１　５２,2026-08-19,2026-08-24,19,下関,一般,５２５　６６１　５１３,2026-08-04,2026-08-09,12,住之江,一般,１１５　３３３２３３５１,2026-07-24,2026-07-27,02,戸田,一般,６２６　３　５１,4531,武富 智亮,2026-09-18,2026-09-24,02,戸田,一般,２　１４１２１１２３１１,2026-09-05,2026-09-10,01,桐生,一般,３２２５５　２２４６２４,2026-08-22,2026-08-27,08,常滑,ＧⅢ,５　５２１　２２１４１２,2026-08-09,2026-08-14,23,からつ,一般,２　１４１４４３３６１３,2026-08-02,2026-08-05,21,芦屋,一般,２１５２２６１４,5264,登 みひ果,2026-09-15,2026-09-20,14,鳴門,一般,３４３　６　６６１　５２,2026-09-05,2026-09-10,04,平和島,一般,３６１　５落６　６　５２,2026-08-25,2026-08-30,17,宮島,一般,３５６　１　１１１２[５],2026-07-13,2026-07-18,13,尼崎,ＧⅢ,１５５　３１４　６４４４,2026-07-03,2026-07-08,13,尼崎,一般,６３３　６４６　６　２,4683,向井田 直弥,2026-09-16,2026-09-20,23,からつ,一般,３落２２５　３　６６,2026-08-24,2026-08-28,15,丸亀,一般,５　１３３　５６４６,2026-08-08,2026-08-13,16,児島,一般,５５５　５６６　６　３４,2026-07-18,2026-07-22,10,三国,一般,３５６　１　２４６４,2026-06-30,2026-07-04,19,下関,一般,３　５６５６１　４,3556,田中 信一郎,2026-09-18,2026-09-24,02,戸田,一般,３１２１３１１　６１[１],2026-09-09,2026-09-13,17,宮島,一般,３１１２１２４１[１],2026-08-28,2026-09-02,05,多摩川,ＧⅢ,３１６６５　２１４６３２,2026-08-14,2026-08-19,10,三国,一般,２１２　４２２３３２[６],2026-07-24,2026-07-27,06,浜名湖,一般,６１２　１５１６,3790,佐口 達也,2026-09-15,2026-09-20,14,鳴門,一般,２　４４３　２６４２３,2026-09-01,2026-09-04,24,大村,一般,５６２　２６４,2026-08-20,2026-08-23,04,平和島,一般,１４４　３４５６,2026-08-04,2026-08-09,12,住之江,一般,１６５　４６５　２　５,2026-07-22,2026-07-26,08,常滑,一般,３　４５５３６　３２
202610011304,2026-10-01,13,04R,4987,島倉 都,2026-09-20,2026-09-25,01,桐生,一般,２３４　２　２５１５１３,2026-09-02,2026-09-06,17,宮島,一般,４４６　４　３５５４,2026-08-11,2026-08-16,01,桐生,一般,３　６６６　６　４６３,2026-07-31,2026-08-05,01,桐生,ＧⅢ,４６５　１４６　１　２４,2026-07-19,2026-07-24,19,下関,ＧⅢ,５３６　４５１　６５２,4518,大須賀 友,2026-09-19,2026-09-24,06,浜名湖,一般,２５１２６２２２５３５１,2026-09-09,2026-09-15,20,若松,一般,２４３１２１６　３１３２[５],2026-07-31,2026-08-05,05,多摩川,一般,５１３５２　２３１２[６],2026-07-22,2026-07-25,24,大村,一般,１５２１６１[１],2026-06-30,2026-07-05,23,からつ,一般,F３２　４　１　５　３,3614,谷 勝幸,2026-09-13,2026-09-18,22,福岡,一般,１　２４４３５　４４４３,2026-08-26,2026-08-31,11,びわこ,一般,５　３３５　４５５　６４,2026-08-14,2026-08-19,17,宮島,一般,１３２　５３４　５６４４,2026-08-03,2026-08-08,19,下関,一般,２　２５３５３　５５６４,2026-07-20,2026-07-25,15,丸亀,一般,２１１　４６３　４６４６,3654,武田 光史,2026-09-20,2026-09-25,01,桐生,一般,１　１４１２５１１F２３,2026-09-11,2026-09-16,12,住之江,一般,３　２１２　６３３２[６],2026-08-28,2026-09-02,05,多摩川,ＧⅢ,６２２　６４３２３　３,2026-08-14,2026-08-19,10,三国,一般,３３５　１２１２３１[２],2026-07-27,2026-08-01,09,津,一般,２　２,4106,坂井 康嗣,2026-09-12,2026-09-17,09,津,一般,５　６６５　２４５　６,2026-08-21,2026-08-26,06,浜名湖,一般,４　４６２　２２６６６６,2026-08-03,2026-08-08,17,宮島,一般,３　４４３　６２３６４,2026-07-23,2026-07-27,01,桐生,一般,４　４２４４３　４５,2026-07-04,2026-07-09,18,徳山,一般,６　５６,3286,坂東 満,2026-09-11,2026-09-15,06,浜名湖,一般,５　６６１６５　２６,2026-08-20,2026-08-23,02,戸田,一般,１５１２５　２５,2026-08-03,2026-08-08,19,下関,一般,５　６５２　６６５２５,2026-07-16,2026-07-21,11,びわこ,一般,６　６５６　６４６　６,2026-06-26,2026-07-01,17,宮島,一般,２５５　６５２３１　３６
202610011305,2026-10-01,13,05R,4700,金子 和之,2026-09-21,2026-09-26,18,徳山,一般,２１１　転５,2026-09-13,2026-09-17,19,下関,一般,４２３２１　１４３２,2026-09-01,2026-09-06,12,住之江,一般,３　４２４　１３２４１３,2026-08-21,2026-08-26,06,浜名湖,一般,１４３　３３３２５４３２,2026-08-08,2026-08-11,05,多摩川,一般,４１１　４４２１,5257,西丸 侑太朗,2026-09-22,2026-09-27,20,若松,ＧⅠ,２　２１２　２　１　[２],2026-08-31,2026-09-05,18,徳山,一般,４５１　１６１３４３３１,2026-08-24,2026-08-28,15,丸亀,一般,４１２２２４５２[４],2026-08-17,2026-08-21,15,丸亀,一般,２３４２３４３６５３,2026-08-05,2026-08-10,09,津,一般,１６１１６　１１４１[２],4429,豊田 泰洋,2026-09-12,2026-09-15,10,三国,一般,５６４　４　４５,2026-08-29,2026-09-03,16,児島,一般,６　４３５　６５２　５６,2026-08-14,2026-08-19,17,宮島,一般,６　４４６　４６６５５,2026-08-05,2026-08-10,09,津,一般,６６５　２　２４３　６４,2026-07-21,2026-07-26,23,からつ,一般,５５６　３５転　５６６,5128,坪井 爽佑,2026-09-13,2026-09-18,07,蒲郡,一般,６４５　２　F４６　６,2026-08-30,2026-09-02,21,芦屋,一般,４　４５６　１６,2026-08-11,2026-08-16,07,蒲郡,一般,５　４４６　５６１　６２,2026-07-28,2026-08-02,16,児島,一般,２２５　６４３４６　５３,2026-07-09,2026-07-14,15,丸亀,一般,６６３　１５３　４５３,3995,重野 哲之,2026-08-25,2026-08-30,17,宮島,一般,２２５２４　２４１４１５,2026-08-11,2026-08-16,06,浜名湖,一般,３　２６１４３　２２４２,2026-07-27,2026-08-01,09,津,一般,５１４,2026-07-13,2026-07-18,07,蒲郡,ＧⅡ,２　４６６　４F３　５,2026-06-25,2026-06-30,13,尼崎,一般,１３２１５　２３１３１１,5340,樋江井 舞,2026-09-12,2026-09-17,08,常滑,一般,４　１１欠欠,2026-08-30,2026-09-04,06,浜名湖,ＧⅢ,１　５６６　５６６　４３,2026-08-11,2026-08-16,07,蒲郡,一般,６　３３６５５　５　３４,2026-07-31,2026-08-05,01,桐生,ＧⅢ,３３３　２４２　３２[２],2026-07-13,2026-07-18,13,尼崎,ＧⅢ,２４４　３　５６１　２
202610011306,2026-10-01,13,06R,4539,金子 賢志,2026-09-21,2026-09-28,09,津,一般,　　４３１２２　２３５６１５,2026-09-11,2026-09-14,02,戸田,一般,５　４５６１５２,2026-08-29,2026-09-03,19,下関,一般,４４３３１　２６３２[５],2026-08-11,2026-08-16,01,桐生,一般,１　５２２　２３２　[６],2026-08-03,2026-08-08,04,平和島,ＧⅢ,４　３２１３５５１　４１,3478,嶋田 貴支,2026-09-16,2026-09-20,23,からつ,一般,５６５　２２２６３１,2026-08-31,2026-09-05,18,徳山,一般,３６２　６４６　３６２,2026-08-17,2026-08-21,15,丸亀,一般,１１６　２６１５３４,2026-08-06,2026-08-09,02,戸田,一般,６６１　４２１６,2026-07-28,2026-08-02,15,丸亀,一般,４　３３２　２３５４１６,4226,村田 浩司,2026-09-13,2026-09-17,19,下関,一般,２１６　４６４５３４,2026-08-30,2026-09-02,21,芦屋,一般,５　５３３１２５,2026-08-15,2026-08-20,18,徳山,一般,６　６１３　６６６　２６,2026-08-04,2026-08-09,10,三国,一般,４１５　４５６　５６４６,2026-07-22,2026-07-27,14,鳴門,一般,５　４６６,4298,宮下 元胤,2026-09-18,2026-09-24,02,戸田,一般,落６,2026-08-26,2026-08-30,14,鳴門,一般,４　３４３２２転,2026-08-15,2026-08-20,05,多摩川,一般,１４２　３５２　２５５３,2026-08-07,2026-08-11,15,丸亀,一般,４４５１１２５６６２,2026-07-29,2026-08-01,18,徳山,一般,１　１２３４１３,4546,浜田 亜理沙,2026-09-06,2026-09-11,14,鳴門,一般,３２５４４　４２１　３１,2026-08-24,2026-08-29,10,三国,一般,２５２　５３３５４　４１,2026-08-06,2026-08-11,18,徳山,ＧⅠ,３　１３５　４３１　６,2026-07-25,2026-07-30,04,平和島,一般,２５４　２３２　１６１２,2026-07-13,2026-07-18,13,尼崎,ＧⅢ,３３４　３１１１３１[２],5308,藤森 拓海,2026-09-13,2026-09-18,07,蒲郡,一般,６３転　６６５　１　４２,2026-08-31,2026-09-05,18,徳山,一般,６　５４５　６５１　２６,2026-08-22,2026-08-27,22,福岡,一般,６６５　２５４　３４５,2026-08-10,2026-08-15,21,芦屋,一般,４　２５２　３５５　６４,2026-07-30,2026-08-04,08,常滑,一般,２３４　３６６　２　転５
202610011307,2026-10-01,13,07R,4219,本岡 勝利,2026-09-17,2026-09-20,24,大村,一般,４　５３５　２３,2026-09-04,2026-09-08,07,蒲郡,一般,５５４　５　３６３,2026-08-20,2026-08-25,21,芦屋,一般,４５４　３　４５５　４６,2026-08-04,2026-08-09,10,三国,一般,２　４６３２６　５４３４,2026-06-28,2026-07-03,20,若松,一般,５４３　４６２　４　５４,5281,井上 遥妃,2026-09-22,2026-09-27,20,若松,ＧⅠ,３　５　２６６　１４３,2026-09-13,2026-09-17,19,下関,一般,１　１３４２２４１４,2026-08-06,2026-08-11,18,徳山,ＧⅠ,２　２４４　４　１４６,2026-07-19,2026-07-24,22,福岡,ＧⅢ,１５４　１２３　４　１４,2026-07-07,2026-07-12,11,びわこ,一般,５２１１５１３５２５１２,5031,渡辺 空依,2026-09-14,2026-09-19,04,平和島,一般,４２２　５３２　１５５６,2026-09-01,2026-09-04,24,大村,一般,３　５２１　５２,2026-08-19,2026-08-24,19,下関,一般,５２５　６６１　５１３,2026-08-04,2026-08-09,12,住之江,一般,１１５　３３３２３３５１,2026-07-24,2026-07-27,02,戸田,一般,６２６　３　５１,4365,盛本 真輔,2026-09-18,2026-09-24,02,戸田,一般,２　５１２１３４３４３４,2026-09-04,2026-09-08,07,蒲郡,一般,６３５　３４３　１２,2026-08-21,2026-08-26,06,浜名湖,一般,３２５２３１４　６３２３,2026-08-09,2026-08-14,13,尼崎,一般,１　６３４　６５１１３５,2026-08-02,2026-08-05,21,芦屋,一般,５　３１２５５６,3901,松田 憲幸,2026-09-12,2026-09-17,09,津,一般,５　２６５　２１４　２６,2026-08-26,2026-08-30,14,鳴門,一般,６　４５６　４　５５,2026-08-11,2026-08-16,19,下関,一般,１　２３６　３３１６６５,2026-07-29,2026-08-03,23,からつ,一般,６　３６５　４１５　６１,2026-07-18,2026-07-22,10,三国,一般,６　３６２　６　６２,4675,井手 良太,2026-09-20,2026-09-25,10,三国,一般,３　１　３４４５３４５３,2026-09-09,2026-09-14,21,芦屋,一般,３　１５２３１４転６,2026-08-26,2026-08-30,14,鳴門,一般,５　５３２６１　１２,2026-08-14,2026-08-19,17,宮島,一般,６欠,2026-07-29,2026-08-03,23,からつ,一般,４　２３２　５４２　１４
202610011308,2026-10-01,13,08R,4443,津田 裕絵,2026-09-20,2026-09-25,01,桐生,一般,１５２　３５４　１　５１,2026-09-09,2026-09-14,21,芦屋,一般,２６４　３４４　２２１６,2026-08-17,2026-08-20,20,若松,一般,１３５　４４４１,2026-08-03,2026-08-08,17,宮島,一般,４２３　２６２　３１１,2026-07-25,2026-07-30,04,平和島,一般,５２４　２６２　１１１５,4150,山田 雄太,2026-09-20,2026-09-25,10,三国,一般,３３５　２　２６３２１１,2026-09-11,2026-09-15,06,浜名湖,一般,３　１３３４５２[５],2026-08-28,2026-09-02,05,多摩川,ＧⅢ,２１１５３　４１２１[４],2026-08-11,2026-08-16,06,浜名湖,一般,１３３２５　１　３　３２,2026-07-28,2026-08-02,15,丸亀,一般,４　３４２　４４１６１４,4683,向井田 直弥,2026-09-16,2026-09-20,23,からつ,一般,３落２２５　３　６６,2026-08-24,2026-08-28,15,丸亀,一般,５　１３３　５６４６,2026-08-08,2026-08-13,16,児島,一般,５５５　５６６　６　３４,2026-07-18,2026-07-22,10,三国,一般,３５６　１　２４６４,2026-06-30,2026-07-04,19,下関,一般,３　５６５６１　４,3854,吉川 元浩,2026-08-25,2026-08-30,01,桐生,ＳＧ,６　３５５　４　６５６,2026-08-09,2026-08-14,13,尼崎,一般,３１３２１　５１１　[１],2026-07-31,2026-08-05,06,浜名湖,ＧⅢ,３２１１１　１２２５３２,2026-07-20,2026-07-25,15,丸亀,一般,５５４　２４２３４５２１,2026-07-07,2026-07-12,02,戸田,ＧⅡ,３３６　１　３４１　４３,3434,松尾 宣邦,2026-09-16,2026-09-20,23,からつ,一般,２５１　４３１５２５,2026-08-29,2026-09-03,16,児島,一般,１　５３１４４　２６１５,2026-08-17,2026-08-20,20,若松,一般,２６５　６５３,2026-08-03,2026-08-08,04,平和島,ＧⅢ,３　６５２　３６６　２５,2026-07-22,2026-07-26,13,尼崎,一般,３４５　２６２　６２,4962,畑 竜生,2026-09-22,2026-09-27,22,福岡,一般,３　１５１６２５５６１６,2026-09-11,2026-09-16,12,住之江,一般,５５２　５５５　１　４,2026-08-28,2026-09-02,05,多摩川,ＧⅢ,２１１５５　４５１　２１,2026-08-15,2026-08-20,09,津,一般,転　５４２　６１３　１３,2026-08-03,2026-08-08,17,宮島,一般,１６４１５　４５２　６１
202610011309,2026-10-01,13,09R,5161,登玉 隼百,2026-09-17,2026-09-20,24,大村,一般,３３２　１４１５,2026-09-03,2026-09-08,10,三国,一般,６　１６４３３４４　１４,2026-08-22,2026-08-27,08,常滑,ＧⅢ,３　５６１　６２６２２１,2026-08-09,2026-08-14,13,尼崎,一般,１　６５４　５３１４３,2026-08-02,2026-08-05,21,芦屋,一般,６６５２５　３,4819,蜂須 瑞生,2026-09-20,2026-09-25,01,桐生,一般,５６４５６,2026-08-06,2026-08-11,18,徳山,ＧⅠ,３　６　５４２　５３４,2026-07-25,2026-07-29,20,若松,一般,４６２　１２１６２６,2026-07-12,2026-07-16,05,多摩川,一般,２１５６４　２　４５,2026-06-29,2026-07-04,08,常滑,一般,１５４　６６１　３　５２,3974,深山 祐二,2026-09-16,2026-09-20,23,からつ,一般,５　３４５２３５５４,2026-09-01,2026-09-06,12,住之江,一般,３６２　１４３　６１２,2026-08-22,2026-08-26,20,若松,一般,６　４３２６５　２３,2026-08-09,2026-08-14,23,からつ,一般,５　５４１　２４５　１５,2026-07-22,2026-07-25,24,大村,一般,３４４　３６６,3514,山一 鉄也,2026-09-19,2026-09-24,06,浜名湖,一般,３４１　６４４　３　４１,2026-09-11,2026-09-14,02,戸田,一般,６６,2026-08-31,2026-09-05,20,若松,ＧⅢ,１　４３４２３２１５１１,2026-08-10,2026-08-15,21,芦屋,一般,１　２３６　４３５５６６,2026-07-31,2026-08-04,13,尼崎,一般,２　５２２３４６１５,3614,谷 勝幸,2026-09-13,2026-09-18,22,福岡,一般,１　２４４３５　４４４３,2026-08-26,2026-08-31,11,びわこ,一般,５　３３５　４５５　６４,2026-08-14,2026-08-19,17,宮島,一般,１３２　５３４　５６４４,2026-08-03,2026-08-08,19,下関,一般,２　２５３５３　５５６４,2026-07-20,2026-07-25,15,丸亀,一般,２１１　４６３　４６４６,4254,川島 圭司,2026-09-22,2026-09-27,22,福岡,一般,３４５６１　２５２　４６,2026-09-13,2026-09-18,11,びわこ,一般,３　３２１１転欠,2026-08-30,2026-09-03,08,常滑,一般,５３６　３６２　２６,2026-08-14,2026-08-19,10,三国,一般,６　１３４１２６１５１２,2026-07-31,2026-08-05,05,多摩川,一般,２　２５４　３４１４１３
202610011310,2026-10-01,13,10R,3995,重野 哲之,2026-08-25,2026-08-30,17,宮島,一般,２２５２４　２４１４１５,2026-08-11,2026-08-16,06,浜名湖,一般,３　２６１４３　２２４２,2026-07-27,2026-08-01,09,津,一般,５１４,2026-07-13,2026-07-18,07,蒲郡,ＧⅡ,２　４６６　４F３　５,2026-06-25,2026-06-30,13,尼崎,一般,１３２１５　２３１３１１,3654,武田 光史,2026-09-20,2026-09-25,01,桐生,一般,１　１４１２５１１F２３,2026-09-11,2026-09-16,12,住之江,一般,３　２１２　６３３２[６],2026-08-28,2026-09-02,05,多摩川,ＧⅢ,６２２　６４３２３　３,2026-08-14,2026-08-19,10,三国,一般,３３５　１２１２３１[２],2026-07-27,2026-08-01,09,津,一般,２　２,3790,佐口 達也,2026-09-15,2026-09-20,14,鳴門,一般,２　４４３　２６４２３,2026-09-01,2026-09-04,24,大村,一般,５６２　２６４,2026-08-20,2026-08-23,04,平和島,一般,１４４　３４５６,2026-08-04,2026-08-09,12,住之江,一般,１６５　４６５　２　５,2026-07-22,2026-07-26,08,常滑,一般,３　４５５３６　３２,4226,村田 浩司,2026-09-13,2026-09-17,19,下関,一般,２１６　４６４５３４,2026-08-30,2026-09-02,21,芦屋,一般,５　５３３１２５,2026-08-15,2026-08-20,18,徳山,一般,６　６１３　６６６　２６,2026-08-04,2026-08-09,10,三国,一般,４１５　４５６　５６４６,2026-07-22,2026-07-27,14,鳴門,一般,５　４６６,5218,山田 理央,2026-09-22,2026-09-27,20,若松,ＧⅠ,６　５６６　６　２６６,2026-09-01,2026-09-06,12,住之江,一般,４　６２３６６６３　６４,2026-07-19,2026-07-24,22,福岡,ＧⅢ,４５６　３　５２６　転４,2026-07-07,2026-07-12,11,びわこ,一般,５１２３５５１３１３１６,2026-06-17,2026-06-20,07,蒲郡,一般,３　エ５１３５６,4639,雑賀 勇貴,2026-09-11,2026-09-15,06,浜名湖,一般,１６２６６　F　４,2026-08-28,2026-09-02,05,多摩川,ＧⅢ,６５６　２　６６１　５４,2026-08-13,2026-08-18,12,住之江,一般,５４４　４４６　２　４１,2026-08-03,2026-08-08,04,平和島,ＧⅢ,１　３６６３５　６４６,2026-07-17,2026-07-22,16,児島,ＧⅢ,６　５６６　６５
202610011311,2026-10-01,13,11R,4654,篠田 優也,2026-09-20,2026-09-25,01,桐生,一般,２２３４１　２５４２[２],2026-09-11,2026-09-15,06,浜名湖,一般,１　３６２２４４３１,2026-08-29,2026-09-03,16,児島,一般,３３,2026-08-09,2026-08-14,13,尼崎,一般,４　１２１６２　４　１４,2026-07-29,2026-08-03,23,からつ,一般,３　５５,3606,川北 浩貴,2026-09-13,2026-09-17,19,下関,一般,２１３　２３３５５４,2026-08-28,2026-08-31,23,からつ,一般,５　４３３３４２,2026-08-15,2026-08-20,11,びわこ,一般,４４４　２５２　６２１,2026-08-03,2026-08-08,17,宮島,一般,５　６４２　５４３４４,2026-07-24,2026-07-27,06,浜名湖,一般,３１４　２１[４],4298,宮下 元胤,2026-09-18,2026-09-24,02,戸田,一般,落６,2026-08-26,2026-08-30,14,鳴門,一般,４　３４３２２転,2026-08-15,2026-08-20,05,多摩川,一般,１４２　３５２　２５５３,2026-08-07,2026-08-11,15,丸亀,一般,４４５１１２５６６２,2026-07-29,2026-08-01,18,徳山,一般,１　１２３４１３,4700,金子 和之,2026-09-21,2026-09-26,18,徳山,一般,２１１　転５,2026-09-13,2026-09-17,19,下関,一般,４２３２１　１４３２,2026-09-01,2026-09-06,12,住之江,一般,３　４２４　１３２４１３,2026-08-21,2026-08-26,06,浜名湖,一般,１４３　３３３２５４３２,2026-08-08,2026-08-11,05,多摩川,一般,４１１　４４２１,4987,島倉 都,2026-09-20,2026-09-25,01,桐生,一般,２３４　２　２５１５１３,2026-09-02,2026-09-06,17,宮島,一般,４４６　４　３５５４,2026-08-11,2026-08-16,01,桐生,一般,３　６６６　６　４６３,2026-07-31,2026-08-05,01,桐生,ＧⅢ,４６５　１４６　１　２４,2026-07-19,2026-07-24,19,下関,ＧⅢ,５３６　４５１　６５２,4531,武富 智亮,2026-09-18,2026-09-24,02,戸田,一般,２　１４１２１１２３１１,2026-09-05,2026-09-10,01,桐生,一般,３２２５５　２２４６２４,2026-08-22,2026-08-27,08,常滑,ＧⅢ,５　５２１　２２１４１２,2026-08-09,2026-08-14,23,からつ,一般,２　１４１４４３３６１３,2026-08-02,2026-08-05,21,芦屋,一般,２１５２２６１４
202610011312,2026-10-01,13,12R,3854,吉川 元浩,2026-08-25,2026-08-30,01,桐生,ＳＧ,６　３５５　４　６５６,2026-08-09,2026-08-14,13,尼崎,一般,３１３２１　５１１　[１],2026-07-31,2026-08-05,06,浜名湖,ＧⅢ,３２１１１　１２２５３２,2026-07-20,2026-07-25,15,丸亀,一般,５５４　２４２３４５２１,2026-07-07,2026-07-12,02,戸田,ＧⅡ,３３６　１　３４１　４３,4539,金子 賢志,2026-09-21,2026-09-28,09,津,一般,　　４３１２２　２３５６１５,2026-09-11,2026-09-14,02,戸田,一般,５　４５６１５２,2026-08-29,2026-09-03,19,下関,一般,４４３３１　２６３２[５],2026-08-11,2026-08-16,01,桐生,一般,１　５２２　２３２　[６],2026-08-03,2026-08-08,04,平和島,ＧⅢ,４　３２１３５５１　４１,3556,田中 信一郎,2026-09-18,2026-09-24,02,戸田,一般,３１２１３１１　６１[１],2026-09-09,2026-09-13,17,宮島,一般,３１１２１２４１[１],2026-08-28,2026-09-02,05,多摩川,ＧⅢ,３１６６５　２１４６３２,2026-08-14,2026-08-19,10,三国,一般,２１２　４２２３３２[６],2026-07-24,2026-07-27,06,浜名湖,一般,６１２　１５１６,5257,西丸 侑太朗,2026-09-22,2026-09-27,20,若松,ＧⅠ,２　２１２　２　１　[２],2026-08-31,2026-09-05,18,徳山,一般,４５１　１６１３４３３１,2026-08-24,2026-08-28,15,丸亀,一般,４１２２２４５２[４],2026-08-17,2026-08-21,15,丸亀,一般,２３４２３４３６５３,2026-08-05,2026-08-10,09,津,一般,１６１１６　１１４１[２],5281,井上 遥妃,2026-09-22,2026-09-27,20,若松,ＧⅠ,３　５　２６６　１４３,2026-09-13,2026-09-17,19,下関,一般,１　１３４２２４１４,2026-08-06,2026-08-11,18,徳山,ＧⅠ,２　２４４　４　１４６,2026-07-19,2026-07-24,22,福岡,ＧⅢ,１５４　１２３　４　１４,2026-07-07,2026-07-12,11,びわこ,一般,５２１１５１３５２５１２,4518,大須賀 友,2026-09-19,2026-09-24,06,浜名湖,一般,２５１２６２２２５３５１,2026-09-09,2026-09-15,20,若松,一般,２４３１２１６　３１３２[５],2026-07-31,2026-08-05,05,多摩川,一般,５１３５２　２３１２[６],2026-07-22,2026-07-25,24,大村,一般,１５２１６１[１],2026-06-30,2026-07-05,23,からつ,一般,F３２　４　１　５　３
202610011401,2026-10-01,14,01R,4596,葛原 大陽,2026-08-19,2026-08-24,19,下関,一般,３４１５３　４　１５２３,2026-08-05,2026-08-10,14,鳴門,一般,４４２４１６１　２５１３,2026-07-28,2026-07-31,24,大村,一般,１　２４５６２３,2026-07-18,2026-07-22,10,三国,一般,３　１３F転４　４,2026-07-07,2026-07-12,08,常滑,一般,１１２３３３４　１６２４,3477,近藤 稔也,2026-09-11,2026-09-16,12,住之江,一般,６　５３５　３２５　２６,2026-08-30,2026-09-02,21,芦屋,一般,１６４　４２６４,2026-08-19,2026-08-24,19,下関,一般,６　２３１３６　３４６５,2026-08-05,2026-08-10,14,鳴門,一般,１　６４４　５６５　４１,2026-07-18,2026-07-21,04,平和島,一般,６　５２５　３４,5356,長谷川 暖,2026-09-12,2026-09-17,09,津,一般,５２４　３５３　４　２４,2026-08-29,2026-09-03,19,下関,一般,２　１４２５４５１３１３,2026-08-15,2026-08-20,18,徳山,一般,４　６４１　４６５　４４,2026-07-29,2026-08-03,23,からつ,一般,４　５６４６４　１５２,2026-06-21,2026-06-24,10,三国,一般,６　３５５　４１,3967,鈴木 茂高,2026-09-12,2026-09-15,10,三国,一般,６　５６５　５１,2026-08-29,2026-09-03,19,下関,一般,２５６　５２４６５　６,2026-07-24,2026-07-27,12,住之江,一般,４３２　４２３,2026-07-14,2026-07-17,24,大村,一般,１６６　６　５２,2026-06-30,2026-07-05,06,浜名湖,一般,４　３４５５２　２６４,5271,杉山 太陽,2026-09-17,2026-09-22,16,児島,一般,１　４３６　３６６　１３,2026-09-04,2026-09-09,11,びわこ,一般,落４６　１　６５,2026-08-20,2026-08-25,21,芦屋,一般,４５５　２６３６５　３,2026-08-12,2026-08-17,22,福岡,一般,２　５１５５５　４５妨６,2026-07-30,2026-08-04,08,常滑,一般,３　１６５　６６５　３２,5451,知念 伶奈,2026-09-13,2026-09-17,19,下関,一般,６　６６５　６６５６,2026-08-09,2026-08-14,23,からつ,一般,６６６　６６６　６６６,2026-07-18,2026-07-21,20,若松,一般,６　５６６　６６,2026-06-03,2026-06-08,21,芦屋,一般,６　６６６　６　６６２,2026-05-01,2026-05-06,23,からつ,一般,６　F６６　６　５　５
202610011402,2026-10-01,14,02R,3900,香川 素子,2026-09-12,2026-09-17,09,津,一般,１６５　３３５　１２３５,2026-08-06,2026-08-11,18,徳山,ＧⅠ,落５３　１　６４４　６,2026-07-28,2026-08-02,15,丸亀,一般,３３４２４　５６６５２４,2026-07-19,2026-07-24,19,下関,ＧⅢ,２１４　４３３１３２[２],2026-07-07,2026-07-12,11,びわこ,一般,２２２４１５３　６６２４,4887,富澤 祐作,2026-09-11,2026-09-14,02,戸田,一般,４２４　５　６５,2026-08-23,2026-08-27,18,徳山,一般,３１３　２６２６エ欠,2026-07-18,2026-07-21,04,平和島,一般,１５３５３　１５,2026-07-03,2026-07-08,12,住之江,一般,２４１　６４６　３５２,2026-06-22,2026-06-27,22,福岡,一般,３　５６F５５　６　６,3933,山地 正樹,2026-09-17,2026-09-22,16,児島,一般,５１１　３１１　１１[３],2026-09-02,2026-09-06,17,宮島,一般,５６４　５５２　２４,2026-08-20,2026-08-23,04,平和島,一般,４４１　１５１２,2026-08-08,2026-08-13,16,児島,一般,１　３３４１４　６３２６,2026-07-28,2026-07-31,24,大村,一般,２３２　５６３１,4693,松下 誉士,2026-09-13,2026-09-18,22,福岡,一般,４　１２２５６　５３６,2026-09-04,2026-09-08,07,蒲郡,一般,１２１６５　４５２３,2026-08-21,2026-08-26,03,江戸川,一般,２　２６２　４２５　４２,2026-08-05,2026-08-10,09,津,一般,５　３６３　６５６　６５,2026-07-15,2026-07-20,18,徳山,一般,４４１　６６５　３　５４,5428,古園井 綾南,2026-09-13,2026-09-18,22,福岡,一般,６　６６６　６　６６６,2026-08-09,2026-08-14,23,からつ,一般,６　６６６　６６６　６,2026-07-09,2026-07-13,14,鳴門,一般,６　６６６　６６６,2026-06-01,2026-06-05,19,下関,一般,６　６６６　６　６６,2026-05-01,2026-05-06,23,からつ,一般,６　６６６　エ６F　６,4506,稗田 聖也,2026-09-17,2026-09-22,16,児島,一般,１４２３２　１１３５３４,2026-08-31,2026-09-05,18,徳山,一般,２２１２４１６　５５１５,2026-08-20,2026-08-23,24,大村,一般,３１４２１３６２,2026-08-10,2026-08-15,21,芦屋,一般,５５４５１２４　２　２３,2026-07-27,2026-08-01,10,三国,一般,１　３２３３１４５２[３]
202610011403,2026-10-01,14,03R,3915,繁野谷 圭介,2026-09-14,2026-09-19,04,平和島,一般,１６１　３１４　５４１１,2026-09-02,2026-09-07,22,福岡,一般,２　４３１１２２５２[５],2026-08-24,2026-08-28,15,丸亀,一般,１１２５２　５５１５,2026-08-15,2026-08-20,18,徳山,一般,１３２　４２２３２３[６],2026-07-31,2026-08-04,13,尼崎,一般,１　１３５４１４１３,5355,萩原 丈太朗,2026-09-13,2026-09-17,19,下関,一般,５　５４６６２　２６,2026-08-24,2026-08-29,13,尼崎,一般,６　５１１５３　６５１６,2026-08-14,2026-08-19,10,三国,一般,５５５　６６５　５　３５,2026-08-02,2026-08-05,21,芦屋,一般,４　６６４　６２,2026-07-18,2026-07-22,10,三国,一般,４５６　６　６６５,4116,川田 正人,2026-09-13,2026-09-18,11,びわこ,一般,４４５　２２５４２　３５,2026-08-22,2026-08-26,20,若松,一般,６３３　２５３　６５,2026-07-15,2026-07-19,08,常滑,一般,５５４　２３４　４２,2026-07-04,2026-07-09,18,徳山,一般,３５１　３６５３６　５３,2026-06-22,2026-06-27,23,からつ,一般,６　５５６６４５１４３,4694,高田 綾,2026-09-12,2026-09-15,10,三国,一般,３　５２５３５４,2026-08-18,2026-08-23,16,児島,一般,６３６　３５３　３５６１,2026-08-07,2026-08-12,20,若松,一般,５　６３４４５３３　２３,2026-07-23,2026-07-28,21,芦屋,一般,１２２　４４４４１５６４,2026-07-07,2026-07-12,11,びわこ,一般,４　２６１３３３１５４３,5462,山浦 槙,2026-09-13,2026-09-18,22,福岡,一般,６　６　６６６　６５６,2026-08-09,2026-08-14,23,からつ,一般,４　６６５　５５５　６,2026-07-09,2026-07-13,14,鳴門,一般,４５６　３　６６６４,2026-06-26,2026-07-01,17,宮島,一般,６　６６６　６５５６５,2026-06-01,2026-06-05,19,下関,一般,５　６６６　６　６６,4538,笠置 博之,2026-09-18,2026-09-24,02,戸田,一般,１　６３２６１５１１２３,2026-09-05,2026-09-10,01,桐生,一般,６４４６２　３　５４６２,2026-06-01,2026-06-04,24,大村,一般,３　　　３６６２,2026-05-17,2026-05-23,15,丸亀,一般,４４２６５　５６３　２　F１,2026-05-03,2026-05-08,12,住之江,一般,６４３　３５５　３　５１
202610011404,2026-10-01,14,04R,4286,平田 さやか,2026-09-18,2026-09-24,02,戸田,一般,１３３３５４４　２５４３,2026-09-07,2026-09-12,16,児島,一般,４２４　３５２３１　５２,2026-08-25,2026-08-30,09,津,一般,２４１　２２２　５２[５],2026-08-12,2026-08-17,24,大村,ＧⅢ,３２２　２３４　４５３１,2026-08-03,2026-08-08,17,宮島,一般,２１１　３３３５１５２４,5307,富永 夏哉人,2026-09-07,2026-09-11,13,尼崎,一般,３５３　３　６６１２,2026-08-21,2026-08-26,03,江戸川,一般,６　１５４　５４６　４５,2026-08-09,2026-08-14,23,からつ,一般,２５５　２　５４転　３６,2026-07-28,2026-07-31,24,大村,一般,５　４３３　２４,2026-07-18,2026-07-21,20,若松,一般,２　２１４６２１,5312,川辺 郭人,2026-08-21,2026-08-26,03,江戸川,一般,５　４６５　５６６　３５,2026-08-09,2026-08-14,23,からつ,一般,３　２４４３５　４　５３,2026-07-23,2026-07-27,01,桐生,一般,４　６４６　５４５６,2026-07-10,2026-07-15,23,からつ,一般,４４F　６　５　５　６,2026-06-30,2026-07-05,23,からつ,一般,　　　　　　　　　　４６,3024,西島 義則,2026-04-21,2026-04-26,17,宮島,ＧⅠ,６５F　２　６２１　２,2026-04-11,2026-04-16,14,鳴門,一般,１　１２１１６１５２[４],2026-03-22,2026-03-25,13,尼崎,一般,２３１１１１[１],2026-03-11,2026-03-16,16,児島,一般,転６１　３３３２２２２５,2026-03-02,2026-03-05,15,丸亀,一般,２４１１６１[１],5117,冨名腰 桃奈,2026-09-18,2026-09-23,17,宮島,ＧⅢ,１３４　３５２　１　２５,2026-08-29,2026-09-03,19,下関,一般,５５６,2026-08-12,2026-08-17,24,大村,ＧⅢ,５　４２１　１転３２２,2026-07-31,2026-08-05,01,桐生,ＧⅢ,２６５　２１５　４３２,2026-06-30,2026-07-05,23,からつ,一般,５　４３,3499,市川 哲也,2026-08-14,2026-08-19,17,宮島,一般,４４５４２　５６４　２３,2026-08-03,2026-08-08,19,下関,一般,２３３　３３２転４３２１,2026-07-23,2026-07-27,01,桐生,一般,１５２６３　１４２２,2026-07-13,2026-07-18,07,蒲郡,ＧⅡ,５５２　５　６６５　５,2026-07-03,2026-07-08,12,住之江,一般,３３２　３　２２６F２
202610011405,2026-10-01,14,05R,4247,齊藤 優,2026-09-07,2026-09-11,13,尼崎,一般,１５２　３４２５２３,2026-08-22,2026-08-27,22,福岡,一般,３５１　２４４５１　２６,2026-08-05,2026-08-10,14,鳴門,一般,４　３６２　１４５３５,2026-07-25,2026-07-29,20,若松,一般,２４１３３　４４２,2026-07-09,2026-07-13,14,鳴門,一般,６４２　２５５　５２,4092,岡部 大輔,2026-09-09,2026-09-14,21,芦屋,一般,３　５２５　４１２４４３,2026-08-22,2026-08-26,20,若松,一般,２５１１６　３６３６,2026-08-06,2026-08-10,24,大村,一般,１３２　６４４４１４,2026-07-21,2026-07-26,23,からつ,一般,２１２　２６４　５４４３,2026-07-11,2026-07-14,04,平和島,一般,４６２　４６２,3548,室田 泰史,2026-09-18,2026-09-23,03,江戸川,一般,４１６　１５１３４３,2026-09-07,2026-09-11,13,尼崎,一般,３２５４４　４　６F,2026-08-28,2026-08-31,23,からつ,一般,５　５１４２１１,2026-08-14,2026-08-19,10,三国,一般,１６５５５　３４３　２３,2026-07-29,2026-08-03,22,福岡,一般,１６２　６６５５５２６,3618,海野 ゆかり,2026-09-18,2026-09-23,17,宮島,ＧⅢ,１２１３３　１１３１[１],2026-08-30,2026-09-04,06,浜名湖,ＧⅢ,２　２１３３６１４２[５],2026-08-18,2026-08-23,16,児島,一般,３４４２４　１２５４２５,2026-08-06,2026-08-11,18,徳山,ＧⅠ,５１４　２　２３６　２６,2026-07-28,2026-07-31,24,大村,一般,２４５６２　５１,4325,新出 浩司,2026-09-11,2026-09-14,02,戸田,一般,２６３　６４４,2026-08-30,2026-09-02,21,芦屋,一般,６５３　５４５３,2026-08-15,2026-08-20,11,びわこ,一般,４　２３３５３　２４４６,2026-07-25,2026-07-29,20,若松,一般,３６３　４５３　４３,2026-07-10,2026-07-14,09,津,一般,３４１　４３１４２６,3874,山本 寛久,2026-09-16,2026-09-21,13,尼崎,一般,４　１不５,2026-09-05,2026-09-10,01,桐生,一般,１１４　１２４　３１[４],2026-08-22,2026-08-27,08,常滑,ＧⅢ,２１３　１３３　１３１３,2026-08-08,2026-08-13,16,児島,一般,１　５６５３３　４４１,2026-07-27,2026-08-01,09,津,一般,２１２
202610011406,2026-10-01,14,06R,5041,荒牧 凪沙,2026-09-09,2026-09-13,17,宮島,一般,２　１６４　６５６２,2026-08-22,2026-08-27,22,福岡,一般,４６６　６　６５１　２５,2026-08-11,2026-08-16,19,下関,一般,５１３　３　２６１４１１,2026-06-30,2026-07-05,06,浜名湖,一般,３１１　３３４２６２[６],2026-06-21,2026-06-25,08,常滑,一般,１４３　２５６６１５,3809,吉田 光,2026-08-20,2026-08-25,21,芦屋,一般,３３１　１　２２１３４１,2026-08-09,2026-08-14,23,からつ,一般,５　３５４　３６４　４,2026-07-28,2026-07-31,24,大村,一般,５３６　６４３,2026-07-18,2026-07-21,04,平和島,一般,４　３４４６F４,2026-07-04,2026-07-09,18,徳山,一般,３５６　３５２４３　４４,4148,枝尾 賢,2026-09-18,2026-09-23,03,江戸川,一般,２１１　２１２　[４],2026-09-02,2026-09-07,22,福岡,一般,３５２　５２１　６５１２,2026-08-20,2026-08-23,23,からつ,一般,２３転６,2026-08-07,2026-08-12,20,若松,一般,１１３　２３２３３１[３],2026-07-29,2026-08-01,18,徳山,一般,５　１３１３２１,4676,後藤 隼之,2026-09-17,2026-09-20,24,大村,一般,５　２２４６５４,2026-08-11,2026-08-16,04,平和島,一般,４　３２２　５３５４４３,2026-07-29,2026-08-03,22,福岡,一般,２　３４不５１転３　３１,2026-07-19,2026-07-23,05,多摩川,一般,５３３２４　６１２３,2026-07-07,2026-07-12,20,若松,ＧⅢ,１５３３３　２　F２６,5036,福田 翔吾,2026-09-09,2026-09-13,17,宮島,一般,５４３　４　２５２４,2026-08-28,2026-09-02,05,多摩川,ＧⅢ,１　６３３２４　１２２６,2026-08-20,2026-08-23,23,からつ,一般,３２３　３５３３,2026-08-13,2026-08-18,12,住之江,一般,６　２３２３１　１５１１,2026-08-06,2026-08-09,02,戸田,一般,２２２　６１３２,5428,古園井 綾南,2026-09-13,2026-09-18,22,福岡,一般,６　６６６　６　６６６,2026-08-09,2026-08-14,23,からつ,一般,６　６６６　６６６　６,2026-07-09,2026-07-13,14,鳴門,一般,６　６６６　６６６,2026-06-01,2026-06-05,19,下関,一般,６　６６６　６　６６,2026-05-01,2026-05-06,23,からつ,一般,６　６６６　エ６F　６
202610011407,2026-10-01,14,07R,3580,水口 由紀,2026-09-12,2026-09-17,09,津,一般,６　６５４　４６６　６,2026-08-30,2026-09-04,06,浜名湖,ＧⅢ,２　４３３　２５３５３６,2026-08-15,2026-08-20,11,びわこ,一般,３　３４４４４　１３６,2026-07-19,2026-07-24,19,下関,ＧⅢ,３　３４４　５２３５３,2026-07-07,2026-07-12,11,びわこ,一般,２　１５６３５　５１４５,4694,高田 綾,2026-09-12,2026-09-15,10,三国,一般,３　５２５３５４,2026-08-18,2026-08-23,16,児島,一般,６３６　３５３　３５６１,2026-08-07,2026-08-12,20,若松,一般,５　６３４４５３３　２３,2026-07-23,2026-07-28,21,芦屋,一般,１２２　４４４４１５６４,2026-07-07,2026-07-12,11,びわこ,一般,４　２６１３３３１５４３,3872,岡田 憲行,2026-09-17,2026-09-22,16,児島,一般,５　１５３４４４４　６,2026-09-04,2026-09-08,07,蒲郡,一般,５５３　４５５　３１,2026-08-20,2026-08-25,21,芦屋,一般,２３４４３５４　５　５,2026-08-07,2026-08-11,15,丸亀,一般,３５５４５６３　２,2026-07-27,2026-07-31,19,下関,一般,１　２４４３５４１２,4887,富澤 祐作,2026-09-11,2026-09-14,02,戸田,一般,４２４　５　６５,2026-08-23,2026-08-27,18,徳山,一般,３１３　２６２６エ欠,2026-07-18,2026-07-21,04,平和島,一般,１５３５３　１５,2026-07-03,2026-07-08,12,住之江,一般,２４１　６４６　３５２,2026-06-22,2026-06-27,22,福岡,一般,３　５６F５５　６　６,3439,大平 誉史明,2026-09-14,2026-09-19,04,平和島,一般,４５５６２　５５４　２,2026-09-02,2026-09-06,17,宮島,一般,３２２３１２４１[３],2026-08-20,2026-08-25,21,芦屋,一般,３　４１４６６１３６５６,2026-08-06,2026-08-09,02,戸田,一般,２１３５５　２６,2026-07-28,2026-08-02,16,児島,一般,２２６　３５１２３５３２,4409,坂元 浩仁,2026-09-16,2026-09-21,13,尼崎,一般,１４５２１　１３４２[４],2026-08-31,2026-09-05,18,徳山,一般,５　３３１３４１１５３２,2026-08-20,2026-08-23,23,からつ,一般,３５１６１４１４,2026-08-10,2026-08-15,08,常滑,一般,１６１５３１１２２４２２,2026-06-30,2026-07-05,16,児島,ＧⅡ,２　６６２　６　４４３
202610011408,2026-10-01,14,08R,4116,川田 正人,2026-09-13,2026-09-18,11,びわこ,一般,４４５　２２５４２　３５,2026-08-22,2026-08-26,20,若松,一般,６３３　２５３　６５,2026-07-15,2026-07-19,08,常滑,一般,５５４　２３４　４２,2026-07-04,2026-07-09,18,徳山,一般,３５１　３６５３６　５３,2026-06-22,2026-06-27,23,からつ,一般,６　５５６６４５１４３,4693,松下 誉士,2026-09-13,2026-09-18,22,福岡,一般,４　１２２５６　５３６,2026-09-04,2026-09-08,07,蒲郡,一般,１２１６５　４５２３,2026-08-21,2026-08-26,03,江戸川,一般,２　２６２　４２５　４２,2026-08-05,2026-08-10,09,津,一般,５　３６３　６５６　６５,2026-07-15,2026-07-20,18,徳山,一般,４４１　６６５　３　５４,4895,門間 雄大,2026-09-17,2026-09-20,24,大村,一般,２６６　５　２４,2026-09-05,2026-09-10,04,平和島,一般,４３３　１３１　３３４２,2026-08-21,2026-08-26,03,江戸川,一般,４　４５F　３５５　２２,2026-08-11,2026-08-16,04,平和島,一般,１６３　３４転３１　６５,2026-07-27,2026-08-01,10,三国,一般,４４４６２６６　２　３４,3412,鈴木 博,2026-09-16,2026-09-21,13,尼崎,一般,４１６３３２４　３６５１,2026-08-31,2026-09-05,20,若松,ＧⅢ,６　２１６３３４１５１４,2026-08-20,2026-08-23,04,平和島,一般,１２６４４２５４,2026-08-04,2026-08-09,12,住之江,一般,４　２４３５４　１４３５,2026-07-27,2026-07-31,19,下関,一般,４１２　４２１６１５,5307,富永 夏哉人,2026-09-07,2026-09-11,13,尼崎,一般,３５３　３　６６１２,2026-08-21,2026-08-26,03,江戸川,一般,６　１５４　５４６　４５,2026-08-09,2026-08-14,23,からつ,一般,２５５　２　５４転　３６,2026-07-28,2026-07-31,24,大村,一般,５　４３３　２４,2026-07-18,2026-07-21,20,若松,一般,２　２１４６２１,5462,山浦 槙,2026-09-13,2026-09-18,22,福岡,一般,６　６　６６６　６５６,2026-08-09,2026-08-14,23,からつ,一般,４　６６５　５５５　６,2026-07-09,2026-07-13,14,鳴門,一般,４５６　３　６６６４,2026-06-26,2026-07-01,17,宮島,一般,６　６６６　６５５６５,2026-06-01,2026-06-05,19,下関,一般,５　６６６　６　６６
202610011409,2026-10-01,14,09R,3587,武田 信一,2026-09-12,2026-09-15,10,三国,一般,３３５　３４５２,2026-08-30,2026-09-03,08,常滑,一般,６６５,2026-08-22,2026-08-26,20,若松,一般,６　２５６６２　６,2026-07-17,2026-07-20,02,戸田,一般,５４５　６　５４,2026-07-03,2026-07-08,12,住之江,一般,３　１４１　２３６３５６,4031,飯島 誠,2026-09-09,2026-09-13,05,多摩川,一般,２　４６４５６　４６,2026-08-23,2026-08-27,18,徳山,一般,６　４１６５４５６,2026-08-12,2026-08-17,02,戸田,一般,６５３　１６４　３４４４,2026-07-27,2026-07-31,19,下関,一般,３２１　６３１５２４,2026-07-16,2026-07-21,11,びわこ,一般,４１６　５２２　４５２６,5117,冨名腰 桃奈,2026-09-18,2026-09-23,17,宮島,ＧⅢ,１３４　３５２　１　２５,2026-08-29,2026-09-03,19,下関,一般,５５６,2026-08-12,2026-08-17,24,大村,ＧⅢ,５　４２１　１転３２２,2026-07-31,2026-08-05,01,桐生,ＧⅢ,２６５　２１５　４３２,2026-06-30,2026-07-05,23,からつ,一般,５　４３,5355,萩原 丈太朗,2026-09-13,2026-09-17,19,下関,一般,５　５４６６２　２６,2026-08-24,2026-08-29,13,尼崎,一般,６　５１１５３　６５１６,2026-08-14,2026-08-19,10,三国,一般,５５５　６６５　５　３５,2026-08-02,2026-08-05,21,芦屋,一般,４　６６４　６２,2026-07-18,2026-07-22,10,三国,一般,４５６　６　６６５,4420,津久井 拓也,2026-09-18,2026-09-23,12,住之江,一般,６　３３６　３６２　２６,2026-09-09,2026-09-13,05,多摩川,一般,３２１　５６２　３４,2026-08-25,2026-08-30,09,津,一般,６　２４２３４　２６３３,2026-08-11,2026-08-16,01,桐生,一般,３　１４１２１４３　２１,2026-07-23,2026-07-28,21,芦屋,一般,２６１２５　１１１４２５,4133,高橋 正男,2026-09-17,2026-09-21,15,丸亀,一般,４転１３２５２　４１,2026-09-01,2026-09-05,13,尼崎,一般,１２５３５　３　２１,2026-08-21,2026-08-26,06,浜名湖,一般,４４３　２４２４転欠,2026-08-09,2026-08-14,13,尼崎,一般,１５３　１２１　１　[２],2026-07-29,2026-08-01,18,徳山,一般,３１２　６４１４
202610011410,2026-10-01,14,10R,4506,稗田 聖也,2026-09-17,2026-09-22,16,児島,一般,１４２３２　１１３５３４,2026-08-31,2026-09-05,18,徳山,一般,２２１２４１６　５５１５,2026-08-20,2026-08-23,24,大村,一般,３１４２１３６２,2026-08-10,2026-08-15,21,芦屋,一般,５５４５１２４　２　２３,2026-07-27,2026-08-01,10,三国,一般,１　３２３３１４５２[３],3024,西島 義則,2026-04-21,2026-04-26,17,宮島,ＧⅠ,６５F　２　６２１　２,2026-04-11,2026-04-16,14,鳴門,一般,１　１２１１６１５２[４],2026-03-22,2026-03-25,13,尼崎,一般,２３１１１１[１],2026-03-11,2026-03-16,16,児島,一般,転６１　３３３２２２２５,2026-03-02,2026-03-05,15,丸亀,一般,２４１１６１[１],4676,後藤 隼之,2026-09-17,2026-09-20,24,大村,一般,５　２２４６５４,2026-08-11,2026-08-16,04,平和島,一般,４　３２２　５３５４４３,2026-07-29,2026-08-03,22,福岡,一般,２　３４不５１転３　３１,2026-07-19,2026-07-23,05,多摩川,一般,５３３２４　６１２３,2026-07-07,2026-07-12,20,若松,ＧⅢ,１５３３３　２　F２６,3548,室田 泰史,2026-09-18,2026-09-23,03,江戸川,一般,４１６　１５１３４３,2026-09-07,2026-09-11,13,尼崎,一般,３２５４４　４　６F,2026-08-28,2026-08-31,23,からつ,一般,５　５１４２１１,2026-08-14,2026-08-19,10,三国,一般,１６５５５　３４３　２３,2026-07-29,2026-08-03,22,福岡,一般,１６２　６６５５５２６,4247,齊藤 優,2026-09-07,2026-09-11,13,尼崎,一般,１５２　３４２５２３,2026-08-22,2026-08-27,22,福岡,一般,３５１　２４４５１　２６,2026-08-05,2026-08-10,14,鳴門,一般,４　３６２　１４５３５,2026-07-25,2026-07-29,20,若松,一般,２４１３３　４４２,2026-07-09,2026-07-13,14,鳴門,一般,６４２　２５５　５２,4596,葛原 大陽,2026-08-19,2026-08-24,19,下関,一般,３４１５３　４　１５２３,2026-08-05,2026-08-10,14,鳴門,一般,４４２４１６１　２５１３,2026-07-28,2026-07-31,24,大村,一般,１　２４５６２３,2026-07-18,2026-07-22,10,三国,一般,３　１３F転４　４,2026-07-07,2026-07-12,08,常滑,一般,１１２３３３４　１６２４
202610011411,2026-10-01,14,11R,3499,市川 哲也,2026-08-14,2026-08-19,17,宮島,一般,４４５４２　５６４　２３,2026-08-03,2026-08-08,19,下関,一般,２３３　３３２転４３２１,2026-07-23,2026-07-27,01,桐生,一般,１５２６３　１４２２,2026-07-13,2026-07-18,07,蒲郡,ＧⅡ,５５２　５　６６５　５,2026-07-03,2026-07-08,12,住之江,一般,３３２　３　２２６F２,3933,山地 正樹,2026-09-17,2026-09-22,16,児島,一般,５１１　３１１　１１[３],2026-09-02,2026-09-06,17,宮島,一般,５６４　５５２　２４,2026-08-20,2026-08-23,04,平和島,一般,４４１　１５１２,2026-08-08,2026-08-13,16,児島,一般,１　３３４１４　６３２６,2026-07-28,2026-07-31,24,大村,一般,２３２　５６３１,3618,海野 ゆかり,2026-09-18,2026-09-23,17,宮島,ＧⅢ,１２１３３　１１３１[１],2026-08-30,2026-09-04,06,浜名湖,ＧⅢ,２　２１３３６１４２[５],2026-08-18,2026-08-23,16,児島,一般,３４４２４　１２５４２５,2026-08-06,2026-08-11,18,徳山,ＧⅠ,５１４　２　２３６　２６,2026-07-28,2026-07-31,24,大村,一般,２４５６２　５１,3872,岡田 憲行,2026-09-17,2026-09-22,16,児島,一般,５　１５３４４４４　６,2026-09-04,2026-09-08,07,蒲郡,一般,５５３　４５５　３１,2026-08-20,2026-08-25,21,芦屋,一般,２３４４３５４　５　５,2026-08-07,2026-08-11,15,丸亀,一般,３５５４５６３　２,2026-07-27,2026-07-31,19,下関,一般,１　２４４３５４１２,5041,荒牧 凪沙,2026-09-09,2026-09-13,17,宮島,一般,２　１６４　６５６２,2026-08-22,2026-08-27,22,福岡,一般,４６６　６　６５１　２５,2026-08-11,2026-08-16,19,下関,一般,５１３　３　２６１４１１,2026-06-30,2026-07-05,06,浜名湖,一般,３１１　３３４２６２[６],2026-06-21,2026-06-25,08,常滑,一般,１４３　２５６６１５,3915,繁野谷 圭介,2026-09-14,2026-09-19,04,平和島,一般,１６１　３１４　５４１１,2026-09-02,2026-09-07,22,福岡,一般,２　４３１１２２５２[５],2026-08-24,2026-08-28,15,丸亀,一般,１１２５２　５５１５,2026-08-15,2026-08-20,18,徳山,一般,１３２　４２２３２３[６],2026-07-31,2026-08-04,13,尼崎,一般,１　１３５４１４１３
202610011412,2026-10-01,14,12R,4538,笠置 博之,2026-09-18,2026-09-24,02,戸田,一般,１　６３２６１５１１２３,2026-09-05,2026-09-10,01,桐生,一般,６４４６２　３　５４６２,2026-06-01,2026-06-04,24,大村,一般,３　　　３６６２,2026-05-17,2026-05-23,15,丸亀,一般,４４２６５　５６３　２　F１,2026-05-03,2026-05-08,12,住之江,一般,６４３　３５５　３　５１,5036,福田 翔吾,2026-09-09,2026-09-13,17,宮島,一般,５４３　４　２５２４,2026-08-28,2026-09-02,05,多摩川,ＧⅢ,１　６３３２４　１２２６,2026-08-20,2026-08-23,23,からつ,一般,３２３　３５３３,2026-08-13,2026-08-18,12,住之江,一般,６　２３２３１　１５１１,2026-08-06,2026-08-09,02,戸田,一般,２２２　６１３２,3439,大平 誉史明,2026-09-14,2026-09-19,04,平和島,一般,４５５６２　５５４　２,2026-09-02,2026-09-06,17,宮島,一般,３２２３１２４１[３],2026-08-20,2026-08-25,21,芦屋,一般,３　４１４６６１３６５６,2026-08-06,2026-08-09,02,戸田,一般,２１３５５　２６,2026-07-28,2026-08-02,16,児島,一般,２２６　３５１２３５３２,4148,枝尾 賢,2026-09-18,2026-09-23,03,江戸川,一般,２１１　２１２　[４],2026-09-02,2026-09-07,22,福岡,一般,３５２　５２１　６５１２,2026-08-20,2026-08-23,23,からつ,一般,２３転６,2026-08-07,2026-08-12,20,若松,一般,１１３　２３２３３１[３],2026-07-29,2026-08-01,18,徳山,一般,５　１３１３２１,4286,平田 さやか,2026-09-18,2026-09-24,02,戸田,一般,１３３３５４４　２５４３,2026-09-07,2026-09-12,16,児島,一般,４２４　３５２３１　５２,2026-08-25,2026-08-30,09,津,一般,２４１　２２２　５２[５],2026-08-12,2026-08-17,24,大村,ＧⅢ,３２２　２３４　４５３１,2026-08-03,2026-08-08,17,宮島,一般,２１１　３３３５１５２４,3900,香川 素子,2026-09-12,2026-09-17,09,津,一般,１６５　３３５　１２３５,2026-08-06,2026-08-11,18,徳山,ＧⅠ,落５３　１　６４４　６,2026-07-28,2026-08-02,15,丸亀,一般,３３４２４　５６６５２４,2026-07-19,2026-07-24,19,下関,ＧⅢ,２１４　４３３１３２[２],2026-07-07,2026-07-12,11,びわこ,一般,２２２４１５３　６６２４
202610011501,2026-10-01,15,01R,5354,渡邊 雄斗,2026-09-12,2026-09-17,09,津,一般,３３３　１２５　３落６,2026-09-04,2026-09-09,11,びわこ,一般,２３２　２５３６３６２３,2026-08-15,2026-08-20,09,津,一般,２５１　５４１　３３１６,2026-08-04,2026-08-09,12,住之江,一般,５　３５６　４６６　５,2026-07-28,2026-07-31,24,大村,一般,６５４　５　６２,5206,梅原 祥平,2026-09-21,2026-09-26,18,徳山,一般,５６５　２６５　３　６２,2026-08-29,2026-09-03,16,児島,一般,　　　　　　　　３２５２,2026-08-28,2026-08-31,23,からつ,一般,４　３４３１３５,2026-08-14,2026-08-19,17,宮島,一般,３４３　４３５　６　５４,2026-07-07,2026-07-12,02,戸田,ＧⅡ,４　６　４２６　６５６,5333,山下 智己,2026-09-16,2026-09-20,23,からつ,一般,６　６３４６２３５１,2026-08-26,2026-08-31,11,びわこ,一般,６　６２６　６１５　２６,2026-08-09,2026-08-14,13,尼崎,一般,４　３４５　４　２４６,2026-07-22,2026-07-25,24,大村,一般,３　４６５　４６,2026-07-10,2026-07-13,19,下関,一般,６　５５６　６３,4511,中岡 健人,2026-09-22,2026-09-27,08,常滑,一般,５　５１６　４４落,2026-09-03,2026-09-08,10,三国,一般,５３５　２３５　４　妨２,2026-08-17,2026-08-21,15,丸亀,一般,４４１　３６６　５,2026-08-06,2026-08-09,02,戸田,一般,３３４　５転１２,2026-07-29,2026-08-01,18,徳山,一般,５４４　５　５２,5346,中村 紋夕梨,2026-09-12,2026-09-17,08,常滑,一般,６　３５３５４５４　１３,2026-08-30,2026-09-04,06,浜名湖,ＧⅢ,４６５　６４１　４　２６,2026-08-12,2026-08-17,24,大村,ＧⅢ,６４２３５　５１４　４,2026-07-31,2026-08-04,13,尼崎,一般,５　６６５　４６６,2026-07-17,2026-07-20,02,戸田,一般,４　６６４　５４,5418,堀内 亜海,2026-09-13,2026-09-18,22,福岡,一般,６　６　６６６　６６６,2026-08-24,2026-08-29,10,三国,一般,６　６　６６６　６　６６,2026-07-27,2026-07-31,19,下関,一般,６　６６６　６　６６,2026-07-03,2026-07-08,13,尼崎,一般,６　６６６　６５６　６,2026-05-19,2026-05-24,08,常滑,一般,５　６６６　６６６６６
202610011502,2026-10-01,15,02R,3305,小野 信樹,2026-09-05,2026-09-10,01,桐生,一般,４　４６５　５６３　４５,2026-08-19,2026-08-24,19,下関,一般,１　１４５２４５３５１６,2026-08-05,2026-08-10,14,鳴門,一般,４　５６６　６６６　４６,2026-07-23,2026-07-28,21,芦屋,一般,３　６４５６５　６６５,2026-07-11,2026-07-14,04,平和島,一般,６６５　５　５,4821,妻鳥 晋也,2026-09-13,2026-09-18,11,びわこ,一般,３２５　沈６１　４２４１,2026-08-31,2026-09-05,18,徳山,一般,３４５　２４２　４　２４,2026-08-17,2026-08-21,15,丸亀,一般,５５６　４３１　４,2026-08-03,2026-08-08,04,平和島,ＧⅢ,４６６　４　３３３　１４,2026-07-22,2026-07-25,24,大村,一般,６３３　３３１,5027,重冨 勇哉,2026-09-21,2026-09-26,18,徳山,一般,４６２　２１６４５１２４,2026-09-03,2026-09-08,10,三国,一般,５２４　６４５　２１１,2026-05-30,2026-06-03,12,住之江,一般,２４４　２４４　６５,2026-05-12,2026-05-16,01,桐生,一般,３　２６１６４６５３,2026-04-29,2026-05-04,19,下関,一般,F　３　３　５４３　４６,5026,安河内 健,2026-09-16,2026-09-21,05,多摩川,ＧⅠ,５　４３３　２　４２５６,2026-09-07,2026-09-12,24,大村,ＧⅠ,３４６　４　５６６５６,2026-08-21,2026-08-26,06,浜名湖,一般,落３３　１４１５５１５１,2026-08-09,2026-08-14,23,からつ,一般,３１２２１　１１５１[１],2026-07-31,2026-08-03,20,若松,一般,１３２３１３１１,4281,大澤 大夢,2026-09-09,2026-09-13,05,多摩川,一般,４６６　３５２　３６,2026-08-24,2026-08-29,13,尼崎,一般,６　３２２４５　２４４４,2026-08-11,2026-08-16,01,桐生,一般,５６１　３　５１３２６,2026-07-27,2026-07-31,19,下関,一般,５３２　５　１５４２,2026-07-15,2026-07-20,18,徳山,一般,４１２　４３１　３３３１,5464,宮田 栞,2026-09-18,2026-09-23,17,宮島,ＧⅢ,６　６５６　５５６　６６,2026-09-07,2026-09-12,16,児島,一般,６　６６６　５６６　５６,2026-08-07,2026-08-12,20,若松,一般,５　６５６６６　６　６６,2026-07-14,2026-07-19,21,芦屋,一般,６　６６５　６６６　５,2026-06-25,2026-06-29,18,徳山,一般,６　６　６６６　５６
202610011503,2026-10-01,15,03R,3161,古場 輝義,2026-09-11,2026-09-14,02,戸田,一般,５４４　３３４４,2026-08-29,2026-09-03,16,児島,一般,３３３　４６３,2026-08-17,2026-08-20,20,若松,一般,２５２６５５３３,2026-08-03,2026-08-08,04,平和島,ＧⅢ,４１６　４４４　４６６,2026-07-15,2026-07-21,12,住之江,一般,５　５４,4580,長谷川 雅和,2026-09-18,2026-09-23,12,住之江,一般,５５５　３４２　４　４３,2026-09-03,2026-09-08,10,三国,一般,２　２２３１３４３５４６,2026-08-21,2026-08-24,07,蒲郡,一般,２３３２２５１５,2026-08-08,2026-08-13,16,児島,一般,４４１　１６２　４３[６],2026-07-24,2026-07-29,17,宮島,一般,３　５１１　３５６　２３,5348,小林 甘寧,2026-09-19,2026-09-24,06,浜名湖,一般,５２６　２１１　２４３４,2026-09-02,2026-09-06,17,宮島,一般,１　２３３６３４２３,2026-08-25,2026-08-30,09,津,一般,５　５２５　２　１４２３,2026-08-17,2026-08-20,20,若松,一般,１　落２４　４３,2026-07-30,2026-08-04,08,常滑,一般,４　４３６１６　３６２,5207,高山 敬悟,2026-09-13,2026-09-18,07,蒲郡,一般,４　２２５４５　４４２５,2026-08-30,2026-09-02,21,芦屋,一般,５３６　５　４３,2026-07-23,2026-07-28,03,江戸川,ＧⅢ,５６４　６５１　４４３５,2026-07-14,2026-07-17,24,大村,一般,４２６　４３２,2026-06-30,2026-07-05,23,からつ,一般,４　１F４　４　６　５,4064,原田 篤志,2026-09-16,2026-09-21,05,多摩川,ＧⅠ,１　２３１　４３１　[２],2026-08-30,2026-09-02,21,芦屋,一般,２１４１５２[３],2026-08-22,2026-08-26,20,若松,一般,１６１３４　５２２５,2026-08-11,2026-08-16,19,下関,一般,６５１５１　１２１３２１,2026-07-31,2026-08-05,06,浜名湖,ＧⅢ,１４３５２２３　１３２１,5471,田中 結,2026-09-15,2026-09-20,14,鳴門,一般,６　６６６６５　５　３,2026-09-01,2026-09-06,12,住之江,一般,６　４　５６６５６　５５,2026-08-15,2026-08-20,11,びわこ,一般,５　５６６　６５６　６６,2026-07-27,2026-07-31,19,下関,一般,６　６６６　６　５５,2026-07-09,2026-07-13,16,児島,一般,６　４６４　６５６
202610011504,2026-10-01,15,04R,4630,岩永 雅人,2026-09-13,2026-09-18,22,福岡,一般,５４５３１５４　２　２５,2026-08-28,2026-09-02,05,多摩川,ＧⅢ,４５５　１２２５５　４６,2026-08-20,2026-08-23,24,大村,一般,５　４６２　４５,2026-08-10,2026-08-15,08,常滑,一般,４　５２エ　６４４　５４,2026-08-02,2026-08-05,21,芦屋,一般,５５４　２３２,3869,井芹 大志,2026-08-23,2026-08-27,18,徳山,一般,５　６３欠,2026-08-12,2026-08-17,22,福岡,一般,４　２４５３１　４５１２,2026-07-27,2026-07-31,19,下関,一般,５　２５４　５　５６,2026-07-17,2026-07-20,02,戸田,一般,４　３５５２５１,2026-06-29,2026-07-04,08,常滑,一般,３　２６４　３５６４６,5359,佐藤 世那,2026-09-12,2026-09-17,09,津,一般,１　１６１　５６２４１１,2026-07-31,2026-08-03,20,若松,一般,５６５　６　５３,2026-07-17,2026-07-20,02,戸田,一般,４２２　１１２５,2026-07-01,2026-07-06,22,福岡,一般,５　６５６　５５２　４３,2026-06-20,2026-06-25,15,丸亀,一般,４　２５２　４５３　F６,3977,山本 兼士,2026-09-17,2026-09-22,16,児島,一般,３　３３４　４２１３５２,2026-09-09,2026-09-13,05,多摩川,一般,５　６　５４３６２,2026-08-26,2026-08-30,14,鳴門,一般,４　３４４　６４４３,2026-08-13,2026-08-18,12,住之江,一般,５３５　５３３　３　３６,2026-07-23,2026-07-27,01,桐生,一般,２３３　５６４　６６,4300,加藤 綾,2026-09-13,2026-09-17,19,下関,一般,４２１　５３１６２５,2026-08-25,2026-08-30,09,津,一般,１２５　５３２　４５１５,2026-08-12,2026-08-17,24,大村,ＧⅢ,２２３　３２３　２４１３,2026-07-31,2026-08-05,01,桐生,ＧⅢ,１５３６５　３　３２５,2026-07-10,2026-07-15,06,浜名湖,一般,１４２　５５６　１６５,3898,平田 忠則,2026-09-13,2026-09-17,19,下関,一般,２１２１１１３１[１],2026-09-01,2026-09-05,13,尼崎,一般,１２２１１２２１[１],2026-08-22,2026-08-26,20,若松,一般,２２１　３１１１[２],2026-08-12,2026-08-17,22,福岡,一般,１３２６１１２　２２[３],2026-08-03,2026-08-08,04,平和島,ＧⅢ,１１１３１　２１４１[１]
202610011505,2026-10-01,15,05R,4754,松尾 充,2026-09-17,2026-09-20,24,大村,一般,３４３　６　１３,2026-09-07,2026-09-12,16,児島,一般,６　２１２２４２１４２３,2026-08-26,2026-08-31,11,びわこ,一般,２５３１１　２４３３２１,2026-08-15,2026-08-20,09,津,一般,３２１　４１３１４２[４],2026-07-31,2026-08-05,05,多摩川,一般,１　２６５１２６１　２２,5231,寺田 空詩,2026-08-15,2026-08-20,18,徳山,一般,４５３　５３２　５５２,2026-07-25,2026-07-30,04,平和島,一般,４　２１３１３４１F６,2026-07-07,2026-07-12,11,びわこ,一般,１３４　３２２１３４１,2026-06-28,2026-07-01,10,三国,一般,４　２２１６１４,2026-06-18,2026-06-23,02,戸田,一般,５　５１３１６３１４３,3775,泉 啓文,2026-09-11,2026-09-16,12,住之江,一般,６６５　４２２　５　６１,2026-08-29,2026-09-03,16,児島,一般,２５５　２２１　６５２２,2026-08-14,2026-08-19,17,宮島,一般,４　５２５　５４５　６４,2026-07-29,2026-08-03,23,からつ,一般,４４４　６　３４３３２,2026-07-16,2026-07-21,11,びわこ,一般,４５５　６　５２４６６,5418,堀内 亜海,2026-09-13,2026-09-18,22,福岡,一般,６　６　６６６　６６６,2026-08-24,2026-08-29,10,三国,一般,６　６　６６６　６　６６,2026-07-27,2026-07-31,19,下関,一般,６　６６６　６　６６,2026-07-03,2026-07-08,13,尼崎,一般,６　６６６　６５６　６,2026-05-19,2026-05-24,08,常滑,一般,５　６６６　６６６６６,4823,中村 桃佳,2026-09-13,2026-09-18,22,福岡,一般,１２２３１　１３５２[６],2026-08-06,2026-08-11,18,徳山,ＧⅠ,５２５　２　５４１　１,2026-07-28,2026-08-02,15,丸亀,一般,５　１４３５１４３５２３,2026-07-14,2026-07-19,21,芦屋,一般,３　１６５４６４４　２５,2026-07-01,2026-07-06,07,蒲郡,一般,２　３２１　F２３　３,4514,上條 嘉嗣,2026-09-17,2026-09-20,24,大村,一般,２５２６２２[４],2026-09-09,2026-09-13,17,宮島,一般,１６３５２６６５,2026-08-27,2026-09-01,07,蒲郡,一般,１３２２２１１１３２[６],2026-08-13,2026-08-18,12,住之江,一般,２　４１５　３５１　２３,2026-08-04,2026-08-09,10,三国,一般,４１１３２　３３４３６
202610011506,2026-10-01,15,06R,4191,赤羽 克也,2026-09-12,2026-09-17,09,津,一般,５　３１２　転欠,2026-08-30,2026-09-02,21,芦屋,一般,２３２３１３１３,2026-08-20,2026-08-23,02,戸田,一般,３２１３１１[２],2026-08-11,2026-08-16,04,平和島,一般,５　５１５５３４２　２１,2026-07-24,2026-07-29,17,宮島,一般,４１２　３４６３エ,4511,中岡 健人,2026-09-22,2026-09-27,08,常滑,一般,５　５１６　４４落,2026-09-03,2026-09-08,10,三国,一般,５３５　２３５　４　妨２,2026-08-17,2026-08-21,15,丸亀,一般,４４１　３６６　５,2026-08-06,2026-08-09,02,戸田,一般,３３４　５転１２,2026-07-29,2026-08-01,18,徳山,一般,５４４　５　５２,4672,守屋 大地,2026-09-07,2026-09-11,13,尼崎,一般,２　２６５　５３４６,2026-08-22,2026-08-27,22,福岡,一般,４５１　５　５６３　５２,2026-08-05,2026-08-10,14,鳴門,一般,３　２３６５２　３２２,2026-07-24,2026-07-29,17,宮島,一般,１１５　６２２　３４３５,2026-07-10,2026-07-14,09,津,一般,４２２６４　３４４２,5177,松井 貫太,2026-09-04,2026-09-09,11,びわこ,一般,５　４４６　２４４　３２,2026-08-21,2026-08-24,07,蒲郡,一般,４　５４６６５４,2026-08-16,2026-08-19,14,鳴門,一般,２　２４４６４６,2026-08-07,2026-08-12,20,若松,一般,４　２２２　６６１５１４,2026-07-20,2026-07-25,15,丸亀,一般,５　４５４　６５４　３４,3484,芝田 浩治,2026-09-16,2026-09-20,23,からつ,一般,１１５３４３２３２１,2026-09-01,2026-09-06,12,住之江,一般,１６５　１２２３２３４２,2026-08-19,2026-08-24,19,下関,一般,２３２２１　２２３１[１],2026-08-08,2026-08-11,05,多摩川,一般,２１２　１３[１],2026-07-31,2026-08-03,20,若松,一般,２２４　５６１５,4095,福来 剛,2026-09-16,2026-09-21,05,多摩川,ＧⅠ,２３２　３４３　３　２２,2026-09-02,2026-09-07,22,福岡,一般,２６１５５１１　３３６３,2026-08-20,2026-08-23,04,平和島,一般,６１５３３５４５,2026-08-09,2026-08-15,03,江戸川,一般,３２１　F１３　６１２,2026-07-31,2026-08-05,05,多摩川,一般,１２３　１１２１２１[１]
202610011507,2026-10-01,15,07R,4053,芦澤 望,2026-09-14,2026-09-19,04,平和島,一般,３４２　３３１４１２[５],2026-08-31,2026-09-05,20,若松,ＧⅢ,６３３　４１４１,2026-08-21,2026-08-24,07,蒲郡,一般,５　１５２４２１,2026-08-11,2026-08-16,04,平和島,一般,５　２３１　５３４５３３,2026-07-31,2026-08-05,05,多摩川,一般,３５３３１　３３１　４５,5262,鈴木 章司,2026-09-09,2026-09-13,05,多摩川,一般,１５５　２　４３６５,2026-07-29,2026-08-03,23,からつ,一般,３　２５４４３　３　５４,2026-07-15,2026-07-21,12,住之江,一般,転６５　４６４　４　４６６２,2026-06-30,2026-07-04,19,下関,一般,５　６３６５１　２,2026-06-20,2026-06-25,15,丸亀,一般,２　４４３　５６６　F３,5346,中村 紋夕梨,2026-09-12,2026-09-17,08,常滑,一般,６　３５３５４５４　１３,2026-08-30,2026-09-04,06,浜名湖,ＧⅢ,４６５　６４１　４　２６,2026-08-12,2026-08-17,24,大村,ＧⅢ,６４２３５　５１４　４,2026-07-31,2026-08-04,13,尼崎,一般,５　６６５　４６６,2026-07-17,2026-07-20,02,戸田,一般,４　６６４　５４,5206,梅原 祥平,2026-09-21,2026-09-26,18,徳山,一般,５６５　２６５　３　６２,2026-08-29,2026-09-03,16,児島,一般,　　　　　　　　３２５２,2026-08-28,2026-08-31,23,からつ,一般,４　３４３１３５,2026-08-14,2026-08-19,17,宮島,一般,３４３　４３５　６　５４,2026-07-07,2026-07-12,02,戸田,ＧⅡ,４　６　４２６　６５６,5010,宇留田 翔平,2026-09-17,2026-09-20,24,大村,一般,３２１　２３２１,2026-09-04,2026-09-09,11,びわこ,一般,５F３　５　５　５　５,2026-08-27,2026-08-31,04,平和島,一般,３２５３６　２４２２,2026-08-15,2026-08-20,09,津,一般,３４２　３６５　４　５２,2026-07-28,2026-08-02,16,児島,一般,３転,4545,岡村 慶太,2026-09-15,2026-09-20,14,鳴門,一般,２４３　１１１３１２[４],2026-08-31,2026-09-05,18,徳山,一般,４５３１３　３３２５２１,2026-08-20,2026-08-23,04,平和島,一般,１６２４１１[６],2026-08-07,2026-08-12,20,若松,一般,１５５２６２１　３５１６,2026-07-27,2026-07-31,19,下関,一般,１３１１２　３１[１]
202610011508,2026-10-01,15,08R,4260,中越 博紀,2026-09-11,2026-09-16,12,住之江,一般,１　５５１　６５１６４,2026-09-01,2026-09-04,24,大村,一般,１１２　６２[４],2026-08-17,2026-08-20,20,若松,一般,２　２２１２[６],2026-08-07,2026-08-11,15,丸亀,一般,２３４　１４１４４６,2026-07-27,2026-07-31,19,下関,一般,６５２　１４２６１５,5333,山下 智己,2026-09-16,2026-09-20,23,からつ,一般,６　６３４６２３５１,2026-08-26,2026-08-31,11,びわこ,一般,６　６２６　６１５　２６,2026-08-09,2026-08-14,13,尼崎,一般,４　３４５　４　２４６,2026-07-22,2026-07-25,24,大村,一般,３　４６５　４６,2026-07-10,2026-07-13,19,下関,一般,６　５５６　６３,5098,大江 純,2026-09-05,2026-09-11,03,江戸川,一般,２　４３６２３　５,2026-08-20,2026-08-23,02,戸田,一般,２５１　５５F３,2026-08-11,2026-08-16,07,蒲郡,一般,４　１２２　３６２５３６,2026-07-24,2026-07-27,12,住之江,一般,６　１２１５１６,2026-07-10,2026-07-13,19,下関,一般,２２３　１６２６,4925,森 悠稀,2026-09-13,2026-09-18,22,福岡,一般,１４１６３１５　２５４２,2026-08-30,2026-09-03,08,常滑,一般,２３１４１　２６１５,2026-08-20,2026-08-23,23,からつ,一般,６　５５,2026-08-09,2026-08-14,13,尼崎,一般,４　５２３１２　５　１３,2026-07-31,2026-08-04,13,尼崎,一般,２３４　１４３３２２,4580,長谷川 雅和,2026-09-18,2026-09-23,12,住之江,一般,５５５　３４２　４　４３,2026-09-03,2026-09-08,10,三国,一般,２　２２３１３４３５４６,2026-08-21,2026-08-24,07,蒲郡,一般,２３３２２５１５,2026-08-08,2026-08-13,16,児島,一般,４４１　１６２　４３[６],2026-07-24,2026-07-29,17,宮島,一般,３　５１１　３５６　２３,4193,郷原 章平,2026-09-16,2026-09-20,23,からつ,一般,６３２　１３１６２６,2026-09-03,2026-09-06,02,戸田,一般,１２３４１　１１,2026-08-22,2026-08-27,22,福岡,一般,４２３１１６２　４２[２],2026-08-10,2026-08-15,21,芦屋,一般,３３１　３２３５１４５５,2026-07-31,2026-08-04,13,尼崎,一般,１　１４２２５５１１
202610011509,2026-10-01,15,09R,4514,上條 嘉嗣,2026-09-17,2026-09-20,24,大村,一般,２５２６２２[４],2026-09-09,2026-09-13,17,宮島,一般,１６３５２６６５,2026-08-27,2026-09-01,07,蒲郡,一般,１３２２２１１１３２[６],2026-08-13,2026-08-18,12,住之江,一般,２　４１５　３５１　２３,2026-08-04,2026-08-09,10,三国,一般,４１１３２　３３４３６,4064,原田 篤志,2026-09-16,2026-09-21,05,多摩川,ＧⅠ,１　２３１　４３１　[２],2026-08-30,2026-09-02,21,芦屋,一般,２１４１５２[３],2026-08-22,2026-08-26,20,若松,一般,１６１３４　５２２５,2026-08-11,2026-08-16,19,下関,一般,６５１５１　１２１３２１,2026-07-31,2026-08-05,06,浜名湖,ＧⅢ,１４３５２２３　１３２１,5026,安河内 健,2026-09-16,2026-09-21,05,多摩川,ＧⅠ,５　４３３　２　４２５６,2026-09-07,2026-09-12,24,大村,ＧⅠ,３４６　４　５６６５６,2026-08-21,2026-08-26,06,浜名湖,一般,落３３　１４１５５１５１,2026-08-09,2026-08-14,23,からつ,一般,３１２２１　１１５１[１],2026-07-31,2026-08-03,20,若松,一般,１３２３１３１１,5359,佐藤 世那,2026-09-12,2026-09-17,09,津,一般,１　１６１　５６２４１１,2026-07-31,2026-08-03,20,若松,一般,５６５　６　５３,2026-07-17,2026-07-20,02,戸田,一般,４２２　１１２５,2026-07-01,2026-07-06,22,福岡,一般,５　６５６　５５２　４３,2026-06-20,2026-06-25,15,丸亀,一般,４　２５２　４５３　F６,4754,松尾 充,2026-09-17,2026-09-20,24,大村,一般,３４３　６　１３,2026-09-07,2026-09-12,16,児島,一般,６　２１２２４２１４２３,2026-08-26,2026-08-31,11,びわこ,一般,２５３１１　２４３３２１,2026-08-15,2026-08-20,09,津,一般,３２１　４１３１４２[４],2026-07-31,2026-08-05,05,多摩川,一般,１　２６５１２６１　２２,5354,渡邊 雄斗,2026-09-12,2026-09-17,09,津,一般,３３３　１２５　３落６,2026-09-04,2026-09-09,11,びわこ,一般,２３２　２５３６３６２３,2026-08-15,2026-08-20,09,津,一般,２５１　５４１　３３１６,2026-08-04,2026-08-09,12,住之江,一般,５　３５６　４６６　５,2026-07-28,2026-07-31,24,大村,一般,６５４　５　６２
202610011510,2026-10-01,15,10R,4095,福来 剛,2026-09-16,2026-09-21,05,多摩川,ＧⅠ,２３２　３４３　３　２２,2026-09-02,2026-09-07,22,福岡,一般,２６１５５１１　３３６３,2026-08-20,2026-08-23,04,平和島,一般,６１５３３５４５,2026-08-09,2026-08-15,03,江戸川,一般,３２１　F１３　６１２,2026-07-31,2026-08-05,05,多摩川,一般,１２３　１１２１２１[１],3898,平田 忠則,2026-09-13,2026-09-17,19,下関,一般,２１２１１１３１[１],2026-09-01,2026-09-05,13,尼崎,一般,１２２１１２２１[１],2026-08-22,2026-08-26,20,若松,一般,２２１　３１１１[２],2026-08-12,2026-08-17,22,福岡,一般,１３２６１１２　２２[３],2026-08-03,2026-08-08,04,平和島,ＧⅢ,１１１３１　２１４１[１],4630,岩永 雅人,2026-09-13,2026-09-18,22,福岡,一般,５４５３１５４　２　２５,2026-08-28,2026-09-02,05,多摩川,ＧⅢ,４５５　１２２５５　４６,2026-08-20,2026-08-23,24,大村,一般,５　４６２　４５,2026-08-10,2026-08-15,08,常滑,一般,４　５２エ　６４４　５４,2026-08-02,2026-08-05,21,芦屋,一般,５５４　２３２,3775,泉 啓文,2026-09-11,2026-09-16,12,住之江,一般,６６５　４２２　５　６１,2026-08-29,2026-09-03,16,児島,一般,２５５　２２１　６５２２,2026-08-14,2026-08-19,17,宮島,一般,４　５２５　５４５　６４,2026-07-29,2026-08-03,23,からつ,一般,４４４　６　３４３３２,2026-07-16,2026-07-21,11,びわこ,一般,４５５　６　５２４６６,4821,妻鳥 晋也,2026-09-13,2026-09-18,11,びわこ,一般,３２５　沈６１　４２４１,2026-08-31,2026-09-05,18,徳山,一般,３４５　２４２　４　２４,2026-08-17,2026-08-21,15,丸亀,一般,５５６　４３１　４,2026-08-03,2026-08-08,04,平和島,ＧⅢ,４６６　４　３３３　１４,2026-07-22,2026-07-25,24,大村,一般,６３３　３３１,4191,赤羽 克也,2026-09-12,2026-09-17,09,津,一般,５　３１２　転欠,2026-08-30,2026-09-02,21,芦屋,一般,２３２３１３１３,2026-08-20,2026-08-23,02,戸田,一般,３２１３１１[２],2026-08-11,2026-08-16,04,平和島,一般,５　５１５５３４２　２１,2026-07-24,2026-07-29,17,宮島,一般,４１２　３４６３エ
202610011511,2026-10-01,15,11R,4545,岡村 慶太,2026-09-15,2026-09-20,14,鳴門,一般,２４３　１１１３１２[４],2026-08-31,2026-09-05,18,徳山,一般,４５３１３　３３２５２１,2026-08-20,2026-08-23,04,平和島,一般,１６２４１１[６],2026-08-07,2026-08-12,20,若松,一般,１５５２６２１　３５１６,2026-07-27,2026-07-31,19,下関,一般,１３１１２　３１[１],4281,大澤 大夢,2026-09-09,2026-09-13,05,多摩川,一般,４６６　３５２　３６,2026-08-24,2026-08-29,13,尼崎,一般,６　３２２４５　２４４４,2026-08-11,2026-08-16,01,桐生,一般,５６１　３　５１３２６,2026-07-27,2026-07-31,19,下関,一般,５３２　５　１５４２,2026-07-15,2026-07-20,18,徳山,一般,４１２　４３１　３３３１,4823,中村 桃佳,2026-09-13,2026-09-18,22,福岡,一般,１２２３１　１３５２[６],2026-08-06,2026-08-11,18,徳山,ＧⅠ,５２５　２　５４１　１,2026-07-28,2026-08-02,15,丸亀,一般,５　１４３５１４３５２３,2026-07-14,2026-07-19,21,芦屋,一般,３　１６５４６４４　２５,2026-07-01,2026-07-06,07,蒲郡,一般,２　３２１　F２３　３,4672,守屋 大地,2026-09-07,2026-09-11,13,尼崎,一般,２　２６５　５３４６,2026-08-22,2026-08-27,22,福岡,一般,４５１　５　５６３　５２,2026-08-05,2026-08-10,14,鳴門,一般,３　２３６５２　３２２,2026-07-24,2026-07-29,17,宮島,一般,１１５　６２２　３４３５,2026-07-10,2026-07-14,09,津,一般,４２２６４　３４４２,4053,芦澤 望,2026-09-14,2026-09-19,04,平和島,一般,３４２　３３１４１２[５],2026-08-31,2026-09-05,20,若松,ＧⅢ,６３３　４１４１,2026-08-21,2026-08-24,07,蒲郡,一般,５　１５２４２１,2026-08-11,2026-08-16,04,平和島,一般,５　２３１　５３４５３３,2026-07-31,2026-08-05,05,多摩川,一般,３５３３１　３３１　４５,3161,古場 輝義,2026-09-11,2026-09-14,02,戸田,一般,５４４　３３４４,2026-08-29,2026-09-03,16,児島,一般,３３３　４６３,2026-08-17,2026-08-20,20,若松,一般,２５２６５５３３,2026-08-03,2026-08-08,04,平和島,ＧⅢ,４１６　４４４　４６６,2026-07-15,2026-07-21,12,住之江,一般,５　５４
202610011512,2026-10-01,15,12R,4925,森 悠稀,2026-09-13,2026-09-18,22,福岡,一般,１４１６３１５　２５４２,2026-08-30,2026-09-03,08,常滑,一般,２３１４１　２６１５,2026-08-20,2026-08-23,23,からつ,一般,６　５５,2026-08-09,2026-08-14,13,尼崎,一般,４　５２３１２　５　１３,2026-07-31,2026-08-04,13,尼崎,一般,２３４　１４３３２２,5010,宇留田 翔平,2026-09-17,2026-09-20,24,大村,一般,３２１　２３２１,2026-09-04,2026-09-09,11,びわこ,一般,５F３　５　５　５　５,2026-08-27,2026-08-31,04,平和島,一般,３２５３６　２４２２,2026-08-15,2026-08-20,09,津,一般,３４２　３６５　４　５２,2026-07-28,2026-08-02,16,児島,一般,３転,3484,芝田 浩治,2026-09-16,2026-09-20,23,からつ,一般,１１５３４３２３２１,2026-09-01,2026-09-06,12,住之江,一般,１６５　１２２３２３４２,2026-08-19,2026-08-24,19,下関,一般,２３２２１　２２３１[１],2026-08-08,2026-08-11,05,多摩川,一般,２１２　１３[１],2026-07-31,2026-08-03,20,若松,一般,２２４　５６１５,5027,重冨 勇哉,2026-09-21,2026-09-26,18,徳山,一般,４６２　２１６４５１２４,2026-09-03,2026-09-08,10,三国,一般,５２４　６４５　２１１,2026-05-30,2026-06-03,12,住之江,一般,２４４　２４４　６５,2026-05-12,2026-05-16,01,桐生,一般,３　２６１６４６５３,2026-04-29,2026-05-04,19,下関,一般,F　３　３　５４３　４６,5348,小林 甘寧,2026-09-19,2026-09-24,06,浜名湖,一般,５２６　２１１　２４３４,2026-09-02,2026-09-06,17,宮島,一般,１　２３３６３４２３,2026-08-25,2026-08-30,09,津,一般,５　５２５　２　１４２３,2026-08-17,2026-08-20,20,若松,一般,１　落２４　４３,2026-07-30,2026-08-04,08,常滑,一般,４　４３６１６　３６２,4715,村上 遼,2026-09-16,2026-09-21,05,多摩川,ＧⅠ,３　３６３　２４６６１,2026-09-07,2026-09-12,24,大村,ＧⅠ,１３６２３　５　２２１１,2026-08-28,2026-08-31,23,からつ,一般,３１１６１４３４,2026-08-17,2026-08-21,13,尼崎,一般,４４１１３３２３６１,2026-08-06,2026-08-10,24,大村,一般,２１２６１１３２[４]
202610011601,2026-10-01,16,01R,3908,重成 一人,2026-09-16,2026-09-21,13,尼崎,一般,１６１　２２４１２３３１,2026-08-31,2026-09-05,20,若松,ＧⅢ,３６２　１３２１３３１２,2026-08-17,2026-08-21,15,丸亀,一般,１３１２５１６４６２,2026-08-03,2026-08-08,19,下関,一般,３６４１６　１４４５１６,2026-07-23,2026-07-27,01,桐生,一般,３エ,4502,遠藤 エミ,2026-09-12,2026-09-17,08,常滑,一般,１　３２１１１２２１[２],2026-09-03,2026-09-08,09,津,ＧⅠ,４２６　１　４１５　１６,2026-08-25,2026-08-30,17,宮島,一般,１３１　２２３１５１[１],2026-08-15,2026-08-20,11,びわこ,一般,１２２６４４２　２３５３,2026-08-06,2026-08-11,18,徳山,ＧⅠ,１　５３３６２　５　１４,4959,井上 忠政,2026-09-11,2026-09-16,12,住之江,一般,１４１　１　３２５１[２],2026-09-03,2026-09-06,02,戸田,一般,１１５１２２[１],2026-08-25,2026-08-30,09,津,一般,３　６４３３１　３１[５],2026-08-13,2026-08-18,12,住之江,一般,３　１１１１４　４１[６],2026-07-28,2026-08-02,11,びわこ,ＳＧ,２　３　４２４　６　５６,4686,丸野 一樹,2026-09-16,2026-09-21,05,多摩川,ＧⅠ,４　２　２３３１１　[１],2026-09-07,2026-09-12,24,大村,ＧⅠ,４　４　５１２３５　１３,2026-08-25,2026-08-30,01,桐生,ＳＧ,２１１　６　６５１２２,2026-08-15,2026-08-20,11,びわこ,一般,３１３２６１３　３１[３],2026-07-28,2026-08-02,11,びわこ,ＳＧ,５１３　２　４１２　[５],4370,山口 達也,2026-09-18,2026-09-23,03,江戸川,一般,１　３５２転１　１４,2026-09-11,2026-09-14,02,戸田,一般,１１１５１１[１],2026-08-19,2026-08-24,19,下関,一般,５１２　１２２１２１[６],2026-08-08,2026-08-13,16,児島,一般,３５３　２１１１２１[２],2026-07-07,2026-07-12,20,若松,ＧⅢ,４２１　１１４１１１[１],4907,小池 修平,2026-09-16,2026-09-21,05,多摩川,ＧⅠ,３２５　５４１　２５５,2026-09-07,2026-09-12,24,大村,ＧⅠ,２　２　５１５　４　２２,2026-08-28,2026-08-31,23,からつ,一般,２２２１５１[２],2026-08-13,2026-08-18,12,住之江,一般,５　３４４１５３４１４,2026-08-06,2026-08-09,02,戸田,一般,１２１２４　[５]
202610011602,2026-10-01,16,02R,4704,河野 大,2026-09-16,2026-09-21,05,多摩川,ＧⅠ,５　１３６　６２２４３,2026-09-07,2026-09-12,24,大村,ＧⅠ,３５４　４　２６２４５,2026-08-30,2026-09-03,08,常滑,一般,４６６２２　１３１３,2026-08-20,2026-08-23,23,からつ,一般,５１１３１２[３],2026-08-05,2026-08-10,14,鳴門,一般,１４１５２　３４１６６５,4503,上野 真之介,2026-09-18,2026-09-24,02,戸田,一般,２３３１４　１１５１[２],2026-09-07,2026-09-12,24,大村,ＧⅠ,６　６　２２１　６　１６,2026-08-27,2026-09-01,07,蒲郡,一般,１１２３１２３２３１[２],2026-08-20,2026-08-23,04,平和島,一般,２３３２１１[５],2026-08-09,2026-08-14,23,からつ,一般,２１１１１　２４２３２１,3960,菊地 孝平,2026-09-12,2026-09-17,18,徳山,ＧⅠ,６　６４４　６３５　６４,2026-09-03,2026-09-08,09,津,ＧⅠ,１３２　１　３１１　[１],2026-08-20,2026-08-23,04,平和島,一般,２２１１２１[４],2026-08-11,2026-08-16,06,浜名湖,一般,３１２　３３３１１１[２],2026-07-28,2026-08-02,11,びわこ,ＳＧ,６　６　６４３　６３３,5051,松本 純平,2026-09-18,2026-09-23,12,住之江,一般,１５３　４１２　１４４３,2026-09-07,2026-09-12,24,大村,ＧⅠ,５　１５６　３　１５３３,2026-08-12,2026-08-17,02,戸田,一般,３２２３２１２　４　６２,2026-08-03,2026-08-08,04,平和島,ＧⅢ,２６５５,2026-07-22,2026-07-26,13,尼崎,一般,３３３２２３３３１１,4659,木下 翔太,2026-09-14,2026-09-19,04,平和島,一般,１２４１１　２１２１[４],2026-09-02,2026-09-07,22,福岡,一般,４４３２,2026-08-24,2026-08-29,13,尼崎,一般,１３２１１　１１３２[３],2026-08-13,2026-08-18,12,住之江,一般,２　５２１３４５３４３５,2026-08-06,2026-08-09,02,戸田,一般,１３１１１２[１],4831,羽野 直也,2026-09-12,2026-09-17,18,徳山,ＧⅠ,５１４　２　３５６５５,2026-09-03,2026-09-08,09,津,ＧⅠ,２３２　落,2026-08-25,2026-08-30,01,桐生,ＳＧ,４　１５２　１　４　５２,2026-08-10,2026-08-15,21,芦屋,一般,２６１３５４２　２６１３,2026-07-31,2026-08-04,13,尼崎,一般,１２４１３１１１[２]
202610011603,2026-10-01,16,03R,4812,西野 雄貴,2026-09-18,2026-09-24,02,戸田,一般,２２２１２２１　２３５１,2026-09-09,2026-09-14,21,芦屋,一般,１２１　２１１３５１[１],2026-08-27,2026-09-01,07,蒲郡,一般,４４１３１６２１１３１１,2026-08-20,2026-08-23,23,からつ,一般,１３２１１１[１],2026-08-05,2026-08-10,14,鳴門,一般,２１３１３３２　２１[３],4713,白神 優,2026-09-12,2026-09-17,18,徳山,ＧⅠ,３　５４５　５２５３６,2026-09-03,2026-09-08,09,津,ＧⅠ,３　４６６　１　２５５４,2026-08-24,2026-08-29,13,尼崎,一般,３１４３３　１４３５１６,2026-08-17,2026-08-20,20,若松,一般,１５３２４３１２,2026-08-08,2026-08-13,16,児島,一般,４　５２１５３３１　１３,4352,下條 雄太郎,2026-09-19,2026-09-24,06,浜名湖,一般,１２１１１３１１２１[１],2026-09-07,2026-09-12,24,大村,ＧⅠ,３　２４３　５　１３３５,2026-08-25,2026-08-30,01,桐生,ＳＧ,３　５　４３３　２３３３,2026-08-17,2026-08-21,13,尼崎,一般,２１３２５　４３１２,2026-08-06,2026-08-10,24,大村,一般,２　４１２２１１[３],4205,山口 剛,2026-09-12,2026-09-17,18,徳山,ＧⅠ,４３５　２２１　６　１２,2026-09-03,2026-09-08,09,津,ＧⅠ,２　４６６４４　５　４,2026-08-25,2026-08-30,01,桐生,ＳＧ,３６６　３２１　４　２５,2026-08-14,2026-08-19,17,宮島,一般,１１１　２２１１２１[１],2026-07-28,2026-08-02,11,びわこ,ＳＧ,転４２　５　１６エ　５,4586,磯部 誠,2026-09-12,2026-09-17,18,徳山,ＧⅠ,２　３５２　５１３　２３,2026-09-03,2026-09-08,09,津,ＧⅠ,３４１　１　３２２　[６],2026-08-25,2026-08-30,01,桐生,ＳＧ,２２１　５　３２２　[６],2026-08-11,2026-08-16,07,蒲郡,一般,１２１１１３１２２１[２],2026-07-28,2026-08-02,11,びわこ,ＳＧ,３　３２１　１　３　３１,4266,長田 頼宗,2026-09-16,2026-09-21,05,多摩川,ＧⅠ,５　２４１　２２２　[３],2026-09-05,2026-09-10,04,平和島,一般,１１１　２１１１３１[１],2026-08-25,2026-08-30,01,桐生,ＳＧ,３　６１５　２　１６５５,2026-08-09,2026-08-15,03,江戸川,一般,４　６１２　１２４　４１,2026-07-28,2026-08-02,11,びわこ,ＳＧ,２　１５３　４６６　６３
202610011604,2026-10-01,16,04R,3984,坂口 周,2026-09-16,2026-09-21,05,多摩川,ＧⅠ,６２４　６４５　４　６５,2026-09-07,2026-09-11,13,尼崎,一般,４６４２３１３５３５,2026-08-26,2026-08-31,11,びわこ,一般,６６１２３　３４１５１５,2026-08-15,2026-08-20,09,津,一般,４　４１３１１３５２[６],2026-07-31,2026-08-05,06,浜名湖,ＧⅢ,２　１６４３４３１３１２,4445,宮地 元輝,2026-09-12,2026-09-17,18,徳山,ＧⅠ,５４６　１　５２３５３,2026-09-03,2026-09-08,09,津,ＧⅠ,１　４　４４３４１５１,2026-08-25,2026-08-30,01,桐生,ＳＧ,６　４１２　１　６　２６,2026-08-09,2026-08-14,23,からつ,一般,１６３１３　１転３４２２,2026-07-31,2026-08-03,20,若松,一般,１４１４２１[１],4851,関 浩哉,2026-09-12,2026-09-17,18,徳山,ＧⅠ,４　３２１６３　２　[５],2026-09-03,2026-09-08,09,津,ＧⅠ,１１６　１２２　１　[４],2026-08-25,2026-08-30,01,桐生,ＳＧ,４１落　１２６　４　２６,2026-08-11,2026-08-16,01,桐生,一般,１６３１３　１１１　[４],2026-07-28,2026-08-02,11,びわこ,ＳＧ,５１４　３４６　２３１,4590,渡邉 優美,2026-09-13,2026-09-18,22,福岡,一般,１２３４２　３３５４１１,2026-08-06,2026-08-11,18,徳山,ＧⅠ,３４２　２５４　６　転４,2026-07-28,2026-08-02,11,びわこ,ＳＧ,６　２　６５５　２５４,2026-07-13,2026-07-18,13,尼崎,ＧⅢ,２３１　２３６２１３４２,2026-07-03,2026-07-08,12,住之江,一般,１４５　２１３１４F３,4361,柳生 泰二,2026-09-12,2026-09-17,18,徳山,ＧⅠ,１５５　２２２　６　６５,2026-09-03,2026-09-08,09,津,ＧⅠ,４１１　４　F６３　３,2026-08-25,2026-08-30,01,桐生,ＳＧ,６１３　６　６５１　５,2026-08-11,2026-08-16,19,下関,一般,１１３１１　２１３１[１],2026-07-31,2026-08-03,20,若松,一般,２６１１１１[２],3744,徳増 秀樹,2026-09-12,2026-09-17,18,徳山,ＧⅠ,１　６　６６４　６６６５,2026-09-01,2026-09-06,12,住之江,一般,５１１２４　１５４３２１,2026-08-22,2026-08-27,08,常滑,ＧⅢ,２２１　３３１５３４１３,2026-08-11,2026-08-16,06,浜名湖,一般,５２２２３　６５,2026-07-31,2026-08-05,06,浜名湖,ＧⅢ,２１６６２　５６２　４４
202610011605,2026-10-01,16,05R,4928,栗城 匠,2026-09-12,2026-09-17,18,徳山,ＧⅠ,６　４１２　３　１５３３,2026-08-27,2026-09-01,07,蒲郡,一般,３６６１２５１２２１[１],2026-08-15,2026-08-20,05,多摩川,一般,２３１１６　５６１２[２],2026-07-29,2026-08-01,18,徳山,一般,１３２３１６１落,2026-07-17,2026-07-20,02,戸田,一般,４４１２２１[１],4482,守屋 美穂,2026-09-18,2026-09-23,17,宮島,ＧⅢ,４１２　３６１４５２[５],2026-09-07,2026-09-12,24,大村,ＧⅠ,４　２４４　５３６２６,2026-08-27,2026-08-31,04,平和島,一般,１４３３１１４１[３],2026-08-18,2026-08-23,16,児島,一般,１２２　１２３１３１[１],2026-08-06,2026-08-11,18,徳山,ＧⅠ,６２１　１　６１２　[４],4444,桐生 順平,2026-09-12,2026-09-17,18,徳山,ＧⅠ,３　３２１１３　２　[３],2026-09-03,2026-09-08,09,津,ＧⅠ,１　３２３　２２１　[５],2026-08-25,2026-08-30,01,桐生,ＳＧ,２３５　６　４１２　１３,2026-08-12,2026-08-17,02,戸田,一般,欠欠,2026-07-31,2026-08-05,05,多摩川,一般,１１２　３３１１４１[３],4980,佐々木 完太,2026-09-12,2026-09-17,18,徳山,ＧⅠ,１５６　１５６　４２６,2026-09-03,2026-09-08,09,津,ＧⅠ,３４３　６　２５６４６,2026-08-21,2026-08-26,06,浜名湖,一般,１２１１３　１１１１[１],2026-08-11,2026-08-16,19,下関,一般,２４１２２２１　４１[２],2026-07-28,2026-08-02,11,びわこ,ＳＧ,１１１　６　１６５　１６,3415,松井 繁,2026-09-07,2026-09-12,24,大村,ＧⅠ,２５３　１　６４３６５６,2026-08-25,2026-08-30,01,桐生,ＳＧ,５　１　５５４　１６３,2026-08-13,2026-08-18,12,住之江,一般,２３１　２５１　２２[５],2026-07-28,2026-08-02,11,びわこ,ＳＧ,６　６２５１４　３６２,2026-07-13,2026-07-18,07,蒲郡,ＧⅡ,３　５１４３２　５　１３,4537,渡邉 和将,2026-09-12,2026-09-17,18,徳山,ＧⅠ,１　５４６　６４６３６,2026-09-03,2026-09-08,09,津,ＧⅠ,４　５３６　５１２５６,2026-08-22,2026-08-27,08,常滑,ＧⅢ,３６３１３１３３１２[３],2026-08-08,2026-08-13,16,児島,一般,２１３１３２３　３１４,2026-07-29,2026-08-03,22,福岡,一般,１３２　３１２６４１[５]
202610011606,2026-10-01,16,06R,4528,黒井 達矢,2026-09-12,2026-09-17,18,徳山,ＧⅠ,５　１１６　６４４　３２,2026-09-03,2026-09-08,09,津,ＧⅠ,３　２５４　５　４４４５,2026-08-24,2026-08-28,15,丸亀,一般,２４１１１２４１[６],2026-08-15,2026-08-20,05,多摩川,一般,６　１１１４１４２２[５],2026-06-08,2026-06-13,13,尼崎,ＧⅠ,５２１　２　１４２　[３],4398,船岡 洋一郎,2026-09-16,2026-09-21,05,多摩川,ＧⅠ,６　５６２　６５５　６２,2026-09-07,2026-09-12,24,大村,ＧⅠ,２５６　５　１６２２４,2026-08-29,2026-09-03,19,下関,一般,３１４３１　２１４６３３,2026-08-14,2026-08-19,17,宮島,一般,１３４　６２５１１２[４],2026-08-05,2026-08-10,09,津,一般,４５１１４　１３２４３,4468,大池 佑来,2026-09-17,2026-09-21,15,丸亀,一般,１５５１３３２F４,2026-09-03,2026-09-08,09,津,ＧⅠ,５　５　３５５　５４６,2026-08-24,2026-08-29,13,尼崎,一般,３３３　４４３４１　５１,2026-08-15,2026-08-20,05,多摩川,一般,２　２２３３２１３２[４],2026-07-07,2026-07-12,02,戸田,ＧⅡ,１２１　６　１４２　[３],4762,藤原 啓史朗,2026-09-18,2026-09-23,12,住之江,一般,１１４　１２２３３１[３],2026-09-11,2026-09-14,02,戸田,一般,１６１１１３[エ],2026-08-29,2026-09-03,19,下関,一般,１５４２２　１３４３４１,2026-08-20,2026-08-23,23,からつ,一般,１１３１４１[転],2026-08-08,2026-08-13,16,児島,一般,３４１１３３１　２３[３],4371,西山 貴浩,2026-09-16,2026-09-21,05,多摩川,ＧⅠ,４　５２４１３　４　１３,2026-09-07,2026-09-12,24,大村,ＧⅠ,２　１　３３３３１　[４],2026-08-25,2026-08-30,01,桐生,ＳＧ,４　３６２　４　４５２,2026-08-12,2026-08-17,22,福岡,一般,２１６,2026-07-28,2026-08-02,11,びわこ,ＳＧ,１　２４６　５２１　６３,3822,平尾 崇典,2026-09-07,2026-09-12,24,大村,ＧⅠ,１４６５６,2026-08-30,2026-09-03,08,常滑,一般,エ５,2026-08-20,2026-08-23,23,からつ,一般,２２１１２４２２,2026-08-08,2026-08-13,16,児島,一般,１１２　２２１６落２[４],2026-07-24,2026-07-27,12,住之江,一般,３３１　３１[２]
202610011607,2026-10-01,16,07R,4959,井上 忠政,2026-09-11,2026-09-16,12,住之江,一般,１４１　１　３２５１[２],2026-09-03,2026-09-06,02,戸田,一般,１１５１２２[１],2026-08-25,2026-08-30,09,津,一般,３　６４３３１　３１[５],2026-08-13,2026-08-18,12,住之江,一般,３　１１１１４　４１[６],2026-07-28,2026-08-02,11,びわこ,ＳＧ,２　３　４２４　６　５６,4787,椎名 豊,2026-09-16,2026-09-21,05,多摩川,ＧⅠ,２５２　５６２　２２５,2026-09-03,2026-09-06,02,戸田,一般,１３１１２５[２],2026-08-25,2026-08-30,01,桐生,ＳＧ,６　３２６　１１４　１３,2026-08-11,2026-08-16,01,桐生,一般,１　２６３１４２４　１１,2026-07-22,2026-07-26,08,常滑,一般,１３１１２２２１[１],4772,石丸 海渡,2026-09-12,2026-09-17,18,徳山,ＧⅠ,エ,2026-09-03,2026-09-08,09,津,ＧⅠ,２　４　４５３　１３６６,2026-08-26,2026-08-30,14,鳴門,一般,６２１３１６１５２,2026-08-17,2026-08-21,15,丸亀,一般,１４１４６３４２[４],2026-08-03,2026-08-08,19,下関,一般,６１４２１　４１１２[３],4831,羽野 直也,2026-09-12,2026-09-17,18,徳山,ＧⅠ,５１４　２　３５６５５,2026-09-03,2026-09-08,09,津,ＧⅠ,２３２　落,2026-08-25,2026-08-30,01,桐生,ＳＧ,４　１５２　１　４　５２,2026-08-10,2026-08-15,21,芦屋,一般,２６１３５４２　２６１３,2026-07-31,2026-08-04,13,尼崎,一般,１２４１３１１１[２],4166,吉田 拡郎,2026-09-16,2026-09-21,05,多摩川,ＧⅠ,５　５　２１２５６　１３,2026-09-03,2026-09-08,10,三国,一般,１５２１４　４１３２[４],2026-08-25,2026-08-30,01,桐生,ＳＧ,５３２　１　５５６　４,2026-08-08,2026-08-13,16,児島,一般,１６３２３　２２３６１３,2026-07-28,2026-08-02,11,びわこ,ＳＧ,２６４　３　５１２　３２,4677,片橋 幸貴,2026-09-21,2026-09-26,18,徳山,一般,転　４６４４３２３　２２,2026-09-11,2026-09-15,06,浜名湖,一般,６５１　３３４３３２,2026-08-30,2026-09-03,08,常滑,一般,１３１５２２３３３１,2026-08-15,2026-08-20,11,びわこ,一般,転　１３４６２４６　２１,2026-08-08,2026-08-11,05,多摩川,一般,４６２１４４４１
202610011608,2026-10-01,16,08R,4659,木下 翔太,2026-09-14,2026-09-19,04,平和島,一般,１２４１１　２１２１[４],2026-09-02,2026-09-07,22,福岡,一般,４４３２,2026-08-24,2026-08-29,13,尼崎,一般,１３２１１　１１３２[３],2026-08-13,2026-08-18,12,住之江,一般,２　５２１３４５３４３５,2026-08-06,2026-08-09,02,戸田,一般,１３１１１２[１],3908,重成 一人,2026-09-16,2026-09-21,13,尼崎,一般,１６１　２２４１２３３１,2026-08-31,2026-09-05,20,若松,ＧⅢ,３６２　１３２１３３１２,2026-08-17,2026-08-21,15,丸亀,一般,１３１２５１６４６２,2026-08-03,2026-08-08,19,下関,一般,３６４１６　１４４５１６,2026-07-23,2026-07-27,01,桐生,一般,３エ,4581,吉村 誠,2026-09-12,2026-09-17,09,津,一般,６５１　２１４５１６１３,2026-08-31,2026-09-05,18,徳山,一般,１６３　１１６４３３１３,2026-08-20,2026-08-23,02,戸田,一般,２　２１２１[３],2026-08-11,2026-08-16,06,浜名湖,一般,２５１４１２５　１４２１,2026-07-31,2026-08-05,05,多摩川,一般,４　１３４３２３１６４３,3941,池田 浩二,2026-09-12,2026-09-17,18,徳山,ＧⅠ,４４１　３３２　３　４１,2026-09-03,2026-09-08,09,津,ＧⅠ,６　４４３２３　３１４,2026-08-25,2026-08-30,01,桐生,ＳＧ,３　４６１１２　１　[３],2026-08-10,2026-08-15,08,常滑,一般,２１４１２３３１１１[１],2026-07-28,2026-08-02,11,びわこ,ＳＧ,２　４４５１３　６　１３,4812,西野 雄貴,2026-09-18,2026-09-24,02,戸田,一般,２２２１２２１　２３５１,2026-09-09,2026-09-14,21,芦屋,一般,１２１　２１１３５１[１],2026-08-27,2026-09-01,07,蒲郡,一般,４４１３１６２１１３１１,2026-08-20,2026-08-23,23,からつ,一般,１３２１１１[１],2026-08-05,2026-08-10,14,鳴門,一般,２１３１３３２　２１[３],4324,海野 康志郎,2026-09-12,2026-09-17,18,徳山,ＧⅠ,５６４,2026-09-03,2026-09-06,02,戸田,一般,２２２６１１[３],2026-08-25,2026-08-30,09,津,一般,５１２　３４６３３６１２,2026-08-15,2026-08-20,18,徳山,一般,２６６　４１３２１６１２,2026-07-28,2026-08-02,16,児島,一般,３１１　３４１３１３２１
202610011609,2026-10-01,16,09R,4205,山口 剛,2026-09-12,2026-09-17,18,徳山,ＧⅠ,４３５　２２１　６　１２,2026-09-03,2026-09-08,09,津,ＧⅠ,２　４６６４４　５　４,2026-08-25,2026-08-30,01,桐生,ＳＧ,３６６　３２１　４　２５,2026-08-14,2026-08-19,17,宮島,一般,１１１　２２１１２１[１],2026-07-28,2026-08-02,11,びわこ,ＳＧ,転４２　５　１６エ　５,4397,西村 拓也,2026-09-12,2026-09-17,18,徳山,ＧⅠ,２　４５４　３１１　２６,2026-09-03,2026-09-08,09,津,ＧⅠ,４　１６２　２　３　１１,2026-08-26,2026-08-30,14,鳴門,一般,５１２２１４１４３２,2026-08-13,2026-08-18,12,住之江,一般,１２３　１　２４２２[４],2026-08-03,2026-08-08,04,平和島,ＧⅢ,１２２３４１２　５３１１,4686,丸野 一樹,2026-09-16,2026-09-21,05,多摩川,ＧⅠ,４　２　２３３１１　[１],2026-09-07,2026-09-12,24,大村,ＧⅠ,４　４　５１２３５　１３,2026-08-25,2026-08-30,01,桐生,ＳＧ,２１１　６　６５１２２,2026-08-15,2026-08-20,11,びわこ,一般,３１３２６１３　３１[３],2026-07-28,2026-08-02,11,びわこ,ＳＧ,５１３　２　４１２　[５],4074,柳沢 一,2026-09-12,2026-09-17,18,徳山,ＧⅠ,２　５　５６５　４３３５,2026-09-01,2026-09-05,13,尼崎,一般,１３４２５１２３３３,2026-08-21,2026-08-26,06,浜名湖,一般,３４１１１１１　４１[２],2026-08-10,2026-08-15,08,常滑,一般,３２３５１５３１１５１３,2026-07-27,2026-08-01,09,津,一般,３４１,4776,竹田 和哉,2026-09-16,2026-09-21,05,多摩川,ＧⅠ,３４２　３２２　６　１６,2026-09-07,2026-09-12,24,大村,ＧⅠ,２,2026-08-30,2026-09-02,21,芦屋,一般,１３３２１２[４],2026-08-16,2026-08-19,14,鳴門,一般,２３３１転１[１],2026-08-07,2026-08-11,15,丸亀,一般,１１１２３４３１[１],4503,上野 真之介,2026-09-18,2026-09-24,02,戸田,一般,２３３１４　１１５１[２],2026-09-07,2026-09-12,24,大村,ＧⅠ,６　６　２２１　６　１６,2026-08-27,2026-09-01,07,蒲郡,一般,１１２３１２３２３１[２],2026-08-20,2026-08-23,04,平和島,一般,２３３２１１[５],2026-08-09,2026-08-14,23,からつ,一般,２１１１１　２４２３２１
202610011610,2026-10-01,16,10R,4586,磯部 誠,2026-09-12,2026-09-17,18,徳山,ＧⅠ,２　３５２　５１３　２３,2026-09-03,2026-09-08,09,津,ＧⅠ,３４１　１　３２２　[６],2026-08-25,2026-08-30,01,桐生,ＳＧ,２２１　５　３２２　[６],2026-08-11,2026-08-16,07,蒲郡,一般,１２１１１３１２２１[２],2026-07-28,2026-08-02,11,びわこ,ＳＧ,３　３２１　１　３　３１,3783,瓜生 正義,2026-09-16,2026-09-21,05,多摩川,ＧⅠ,２　３２３　５２２　[５],2026-09-07,2026-09-12,24,大村,ＧⅠ,１　４　４５５　６１６３,2026-08-25,2026-08-30,01,桐生,ＳＧ,３　３２５　４　１３４６,2026-08-07,2026-08-12,20,若松,一般,１３３１３　１１５２[６],2026-07-28,2026-08-02,11,びわこ,ＳＧ,５４１　２　６６４　２,3984,坂口 周,2026-09-16,2026-09-21,05,多摩川,ＧⅠ,６２４　６４５　４　６５,2026-09-07,2026-09-11,13,尼崎,一般,４６４２３１３５３５,2026-08-26,2026-08-31,11,びわこ,一般,６６１２３　３４１５１５,2026-08-15,2026-08-20,09,津,一般,４　４１３１１３５２[６],2026-07-31,2026-08-05,06,浜名湖,ＧⅢ,２　１６４３４３１３１２,3779,原田 幸哉,2026-09-16,2026-09-21,05,多摩川,ＧⅠ,１　３３６　６２１１６５,2026-09-07,2026-09-12,24,大村,ＧⅠ,３　６５５　３５５１５３,2026-07-28,2026-08-02,11,びわこ,ＳＧ,６２１　４　２６１　２４,2026-07-13,2026-07-18,07,蒲郡,ＧⅡ,３６５　６　５５１　６６,2026-07-04,2026-07-09,18,徳山,一般,１１３３１　４１２１[２],3960,菊地 孝平,2026-09-12,2026-09-17,18,徳山,ＧⅠ,６　６４４　６３５　６４,2026-09-03,2026-09-08,09,津,ＧⅠ,１３２　１　３１１　[１],2026-08-20,2026-08-23,04,平和島,一般,２２１１２１[４],2026-08-11,2026-08-16,06,浜名湖,一般,３１２　３３３１１１[２],2026-07-28,2026-08-02,11,びわこ,ＳＧ,６　６　６４３　６３３,4370,山口 達也,2026-09-18,2026-09-23,03,江戸川,一般,１　３５２転１　１４,2026-09-11,2026-09-14,02,戸田,一般,１１１５１１[１],2026-08-19,2026-08-24,19,下関,一般,５１２　１２２１２１[６],2026-08-08,2026-08-13,16,児島,一般,３５３　２１１１２１[２],2026-07-07,2026-07-12,20,若松,ＧⅢ,４２１　１１４１１１[１]
202610011611,2026-10-01,16,11R,4371,西山 貴浩,2026-09-16,2026-09-21,05,多摩川,ＧⅠ,４　５２４１３　４　１３,2026-09-07,2026-09-12,24,大村,ＧⅠ,２　１　３３３３１　[４],2026-08-25,2026-08-30,01,桐生,ＳＧ,４　３６２　４　４５２,2026-08-12,2026-08-17,22,福岡,一般,２１６,2026-07-28,2026-08-02,11,びわこ,ＳＧ,１　２４６　５２１　６３,4584,村岡 賢人,2026-09-16,2026-09-21,13,尼崎,一般,１３２　１１２１３１[２],2026-08-30,2026-09-02,21,芦屋,一般,１４１１２１[１],2026-08-20,2026-08-23,24,大村,一般,３３１１３１[１],2026-08-08,2026-08-13,16,児島,一般,２　４４１４２４１４３２,2026-07-31,2026-08-04,13,尼崎,一般,４２３２５　１４３４,4980,佐々木 完太,2026-09-12,2026-09-17,18,徳山,ＧⅠ,１５６　１５６　４２６,2026-09-03,2026-09-08,09,津,ＧⅠ,３４３　６　２５６４６,2026-08-21,2026-08-26,06,浜名湖,一般,１２１１３　１１１１[１],2026-08-11,2026-08-16,19,下関,一般,２４１２２２１　４１[２],2026-07-28,2026-08-02,11,びわこ,ＳＧ,１１１　６　１６５　１６,4497,桑原 悠,2026-09-18,2026-09-23,12,住之江,一般,１３２１２　６１３２[４],2026-09-07,2026-09-12,24,大村,ＧⅠ,３F５　５　３３３　４,2026-08-25,2026-08-30,01,桐生,ＳＧ,５　１　６５４　５２３,2026-08-17,2026-08-20,20,若松,一般,１２２１６１[１],2026-08-06,2026-08-10,24,大村,一般,１１２１４　４１[２],4445,宮地 元輝,2026-09-12,2026-09-17,18,徳山,ＧⅠ,５４６　１　５２３５３,2026-09-03,2026-09-08,09,津,ＧⅠ,１　４　４４３４１５１,2026-08-25,2026-08-30,01,桐生,ＳＧ,６　４１２　１　６　２６,2026-08-09,2026-08-14,23,からつ,一般,１６３１３　１転３４２２,2026-07-31,2026-08-03,20,若松,一般,１４１４２１[１],4502,遠藤 エミ,2026-09-12,2026-09-17,08,常滑,一般,１　３２１１１２２１[２],2026-09-03,2026-09-08,09,津,ＧⅠ,４２６　１　４１５　１６,2026-08-25,2026-08-30,17,宮島,一般,１３１　２２３１５１[１],2026-08-15,2026-08-20,11,びわこ,一般,１２２６４４２　２３５３,2026-08-06,2026-08-11,18,徳山,ＧⅠ,１　５３３６２　５　１４
202610011612,2026-10-01,16,12R,4444,桐生 順平,2026-09-12,2026-09-17,18,徳山,ＧⅠ,３　３２１１３　２　[３],2026-09-03,2026-09-08,09,津,ＧⅠ,１　３２３　２２１　[５],2026-08-25,2026-08-30,01,桐生,ＳＧ,２３５　６　４１２　１３,2026-08-12,2026-08-17,02,戸田,一般,欠欠,2026-07-31,2026-08-05,05,多摩川,一般,１１２　３３１１４１[３],4361,柳生 泰二,2026-09-12,2026-09-17,18,徳山,ＧⅠ,１５５　２２２　６　６５,2026-09-03,2026-09-08,09,津,ＧⅠ,４１１　４　F６３　３,2026-08-25,2026-08-30,01,桐生,ＳＧ,６１３　６　６５１　５,2026-08-11,2026-08-16,19,下関,一般,１１３１１　２１３１[１],2026-07-31,2026-08-03,20,若松,一般,２６１１１１[２],4762,藤原 啓史朗,2026-09-18,2026-09-23,12,住之江,一般,１１４　１２２３３１[３],2026-09-11,2026-09-14,02,戸田,一般,１６１１１３[エ],2026-08-29,2026-09-03,19,下関,一般,１５４２２　１３４３４１,2026-08-20,2026-08-23,23,からつ,一般,１１３１４１[転],2026-08-08,2026-08-13,16,児島,一般,３４１１３３１　２３[３],4320,峰 竜太,2026-09-07,2026-09-12,24,大村,ＧⅠ,３　１　６２,2026-08-25,2026-08-30,01,桐生,ＳＧ,２　３１３　１２１　[１],2026-08-09,2026-08-14,23,からつ,一般,１１１２１　１１１１[２],2026-07-28,2026-08-02,11,びわこ,ＳＧ,５　４２２２１　１　[２],2026-07-13,2026-07-18,07,蒲郡,ＧⅡ,２　１１１　１１２　[３],4787,椎名 豊,2026-09-16,2026-09-21,05,多摩川,ＧⅠ,２５２　５６２　２２５,2026-09-03,2026-09-06,02,戸田,一般,１３１１２５[２],2026-08-25,2026-08-30,01,桐生,ＳＧ,６　３２６　１１４　１３,2026-08-11,2026-08-16,01,桐生,一般,１　２６３１４２４　１１,2026-07-22,2026-07-26,08,常滑,一般,１３１１２２２１[１],4960,黒野 元基,2026-09-16,2026-09-21,05,多摩川,ＧⅠ,２１６　４５５　１４１,2026-09-07,2026-09-12,24,大村,ＧⅠ,５１２２５　１　２　[３],2026-08-22,2026-08-27,08,常滑,ＧⅢ,３１４１１６１４４１[４],2026-08-11,2026-08-16,07,蒲郡,一般,２５３２１２１１１１[３],2026-07-29,2026-08-03,22,福岡,一般,２２３４５５１　１４１３
202610011901,2026-10-01,19,01R,4844,村上 奈穂,2026-09-18,2026-09-23,17,宮島,ＧⅢ,２　４３６　２１１６２６,2026-09-05,2026-09-10,04,平和島,一般,５　５３６　４３５　６６,2026-08-18,2026-08-23,16,児島,一般,５５５　１５４　６５３,2026-08-03,2026-08-08,17,宮島,一般,１４１　２４５　２４３６,2026-07-19,2026-07-24,19,下関,ＧⅢ,２６２　５３６５２　２３,5335,森 陽多,2026-09-20,2026-09-25,01,桐生,一般,１　２５６　５２２　３転,2026-09-07,2026-09-12,16,児島,一般,６　６５６　５５２　１６,2026-08-24,2026-08-29,10,三国,一般,６　３６１　３６４　２５,2026-08-12,2026-08-17,24,大村,ＧⅢ,６３６　５２６　６　４５,2026-07-28,2026-08-02,15,丸亀,一般,６　５６３　４６２　５,5342,原村 百那,2026-09-24,2026-09-29,21,芦屋,ＧⅢ,６　１５６６６　６　３６,2026-09-06,2026-09-11,14,鳴門,一般,６４転　４　５６４　５２,2026-08-24,2026-08-29,10,三国,一般,３５４　６　５５６　４,2026-08-12,2026-08-17,24,大村,ＧⅢ,６４６　５５６　６　６５,2026-07-28,2026-08-02,15,丸亀,一般,５６６　１５４　６　４６,5416,龍田 真白,2026-09-18,2026-09-24,02,戸田,一般,３　６６３　１６３１５１,2026-09-01,2026-09-06,12,住之江,一般,４　３５５　６３５　１６,2026-08-15,2026-08-20,09,津,一般,６　６６２　５６６　５,2026-07-31,2026-08-05,01,桐生,ＧⅢ,６　６６４　２３５　５６,2026-07-19,2026-07-24,19,下関,ＧⅢ,５３４　６５５　６　４１,5165,小林 愛実,2026-09-18,2026-09-23,17,宮島,ＧⅢ,３４１　３２１　２６２１,2026-09-05,2026-09-10,04,平和島,一般,落　４６５　５５３　４５,2026-08-25,2026-08-30,09,津,一般,３　３３３　２３１６１２,2026-08-18,2026-08-23,16,児島,一般,　　　　　　　　　　３５,2026-08-08,2026-08-13,16,児島,一般,６２２　４１３　１５６４,4791,黒澤 めぐみ,2026-09-18,2026-09-23,17,宮島,ＧⅢ,２３１　３２５３１２[転],2026-09-05,2026-09-10,04,平和島,一般,４４５　１　１１４４１３,2026-08-24,2026-08-29,10,三国,一般,１　２３６５１　２６３３,2026-08-12,2026-08-17,24,大村,ＧⅢ,２２２　２３５３２３３１,2026-07-14,2026-07-19,01,桐生,一般,２２２　４５４　２１４
202610011902,2026-10-01,19,02R,4720,西澤 日花里,2026-09-20,2026-09-25,01,桐生,一般,６　４６３　６５６　３,2026-09-06,2026-09-11,14,鳴門,一般,４６４　５６４　６　２５,2026-08-18,2026-08-23,16,児島,一般,５　２６５　４６５　４３,2026-08-09,2026-08-14,23,からつ,一般,３６２　６　３４６　２５,2026-07-01,2026-07-06,07,蒲郡,一般,４　２３６　４６３６２,4678,水野 望美,2026-09-18,2026-09-23,17,宮島,ＧⅢ,５　４２５　４１５　３２,2026-09-06,2026-09-11,14,鳴門,一般,４　５５３５３　３５３,2026-08-10,2026-08-15,08,常滑,一般,５　３２２　５４４６４５,2026-07-31,2026-08-04,13,尼崎,一般,４６２　３６５　５５,2026-06-21,2026-06-24,19,下関,一般,４６５１６　２,4014,片岡 恵里,2026-09-09,2026-09-15,20,若松,一般,４　４３３１３４１６６６１６,2026-07-31,2026-08-05,01,桐生,ＧⅢ,１４３　２５４６１３３１,2026-07-19,2026-07-24,19,下関,ＧⅢ,１　１２２２１２４１[５],2026-07-07,2026-07-12,11,びわこ,一般,６　５２１４５１３　１４,2026-06-24,2026-06-29,12,住之江,一般,４　１３４　F５３　５,5287,滝沢 織寧,2026-09-18,2026-09-23,17,宮島,ＧⅢ,６３５　５６３　４　５３,2026-09-01,2026-09-06,12,住之江,一般,６　６４６　４４５　３２,2026-07-25,2026-07-30,04,平和島,一般,３４２　転欠,2026-07-10,2026-07-15,06,浜名湖,一般,６４４　３６１　５　５４,2026-06-18,2026-06-23,02,戸田,一般,F　２　５　６４６　６,5317,長尾 萌加,2026-09-21,2026-09-28,09,津,一般,３　５　３２３　３３３　２３,2026-09-09,2026-09-14,21,芦屋,一般,３　４５４　３２６４５２,2026-08-18,2026-08-23,16,児島,一般,１４１　５５２　１２F３,2026-08-08,2026-08-13,16,児島,一般,３　３６３　３６３　６６,2026-07-25,2026-07-30,04,平和島,一般,４４５　３　１３４３４６,5265,大廣 咲季,2026-09-20,2026-09-25,01,桐生,一般,４　３３１　２６５６１６,2026-09-07,2026-09-12,16,児島,一般,５　３６５　２５３　１５,2026-08-26,2026-08-30,14,鳴門,一般,６　５４６　５　６４,2026-08-17,2026-08-21,15,丸亀,一般,６３６　６　６５３,2026-08-03,2026-08-08,17,宮島,一般,６６６　４５２　５　３２
202610011903,2026-10-01,19,03R,5052,赤井 星璃菜,2026-09-12,2026-09-17,08,常滑,一般,４５５５５５２　１　６６,2026-08-30,2026-09-04,06,浜名湖,ＧⅢ,５６１　３　５６５６４,2026-08-16,2026-08-19,14,鳴門,一般,５　２５４６３,2026-07-07,2026-07-12,11,びわこ,一般,６　５６４　６５,2026-06-24,2026-06-29,12,住之江,一般,３５６　２４１　５　１５,5189,藤原 早菜,2026-09-18,2026-09-23,17,宮島,ＧⅢ,１　３４４１１４１転,2026-09-06,2026-09-11,14,鳴門,一般,５３４１６　４４２　６３,2026-08-18,2026-08-23,16,児島,一般,２　１４４４５４４２４５,2026-08-06,2026-08-11,18,徳山,ＧⅠ,１　４　６６１　６６３,2026-07-28,2026-08-02,15,丸亀,一般,４３３　６３４５２６１５,4775,千葉 真弥,2026-09-18,2026-09-23,17,宮島,ＧⅢ,１３落欠,2026-09-06,2026-09-11,14,鳴門,一般,５３２　３３３１１５５２,2026-08-24,2026-08-29,13,尼崎,一般,５４５６５　４６３　６,2026-08-06,2026-08-11,18,徳山,ＧⅠ,１　１１１　５　１　[２],2026-07-28,2026-08-02,16,児島,一般,３　６３１２２３１４２４,4045,佐々木 裕美,2026-09-12,2026-09-17,08,常滑,一般,２５４　２５４１２６５１,2026-08-25,2026-08-30,09,津,一般,転６５　６　２６,2026-08-15,2026-08-20,18,徳山,一般,４２４　４　６２４５４,2026-07-31,2026-08-05,01,桐生,ＧⅢ,１　２３４６１６４１６,2026-07-19,2026-07-24,19,下関,ＧⅢ,１２３５１　３　１６１５,4400,加藤 奈月,2026-09-18,2026-09-23,17,宮島,ＧⅢ,５　２５４　５４４６６,2026-09-06,2026-09-11,14,鳴門,一般,２　６５４　５４３　５４,2026-08-24,2026-08-29,10,三国,一般,３　４３３　４３４　３４,2026-08-14,2026-08-19,10,三国,一般,５５４　３　５５４　４４,2026-07-28,2026-08-02,15,丸亀,一般,５６６　１５２　２　３３,5360,高木 茉白,2026-09-18,2026-09-23,17,宮島,ＧⅢ,６６５　６６６　４　５５,2026-09-01,2026-09-06,12,住之江,一般,５　６６F　６　５　６,2026-08-12,2026-08-17,24,大村,ＧⅢ,３４２　５４４　６転５,2026-07-31,2026-08-05,05,多摩川,一般,５　６４４　１２６２４,2026-07-22,2026-07-26,08,常滑,一般,４４５　４　６２２５
202610011904,2026-10-01,19,04R,5322,根岸 真優,2026-09-18,2026-09-24,02,戸田,一般,４　３６５２２４３　２３,2026-09-02,2026-09-06,17,宮島,一般,５　５６１　５１３１,2026-08-18,2026-08-23,16,児島,一般,１４５　５５６　２４５２,2026-08-08,2026-08-11,05,多摩川,一般,３　５　４６４１,2026-07-25,2026-07-30,04,平和島,一般,５３５　５　１５４　３３,4373,若狭 奈美子,2026-09-20,2026-09-25,01,桐生,一般,４　３３１４１３２３[３],2026-09-09,2026-09-15,20,若松,一般,３　４１３５１１１５５６６４,2026-08-18,2026-08-23,16,児島,一般,５５３２１　３５５４３１,2026-08-06,2026-08-11,18,徳山,ＧⅠ,４１６　６　３６２　５,2026-07-23,2026-07-28,21,芦屋,一般,２　１３４１１２１２[４],4893,渡邉 真奈美,2026-09-05,2026-09-10,04,平和島,一般,２３３　３４３　３５１４,2026-08-18,2026-08-23,16,児島,一般,１３２　３６２　１６１４,2026-08-06,2026-08-11,18,徳山,ＧⅠ,６　４　２４５　１２６,2026-07-25,2026-07-30,04,平和島,一般,６５４　３　２２５　２２,2026-07-10,2026-07-15,06,浜名湖,一般,２６４　５２６　２　６６,5391,出穂 和鼓,2026-08-29,2026-09-03,19,下関,一般,６６６　６６６　F　６,2026-08-15,2026-08-20,18,徳山,一般,５　５６６６５　６　６６,2026-07-27,2026-07-31,19,下関,一般,６６６　５６６　６,2026-07-19,2026-07-24,19,下関,ＧⅢ,２６４　６２落　６　４６,2026-07-09,2026-07-13,14,鳴門,一般,５　５５５　４６６,4372,原田 佑実,2026-09-18,2026-09-23,17,宮島,ＧⅢ,１５１４２　１５１５１１,2026-09-06,2026-09-11,14,鳴門,一般,１２５６４　１２４　１２,2026-08-12,2026-08-17,24,大村,ＧⅢ,１　１４３１３４１１[３],2026-07-25,2026-07-29,20,若松,一般,３　４２１５５５３４,2026-07-03,2026-07-08,13,尼崎,一般,５　１４１２４３１２[４],5440,薗頭 心,2026-09-24,2026-09-29,21,芦屋,ＧⅢ,６　６６６　６３６　６６,2026-09-06,2026-09-11,14,鳴門,一般,６　６　５６６　６６６６,2026-08-09,2026-08-14,13,尼崎,一般,６　５　６６６　６６６,2026-07-28,2026-08-02,16,児島,一般,６６６　６　６６６４６,2026-07-13,2026-07-18,13,尼崎,ＧⅢ,６２６　６　５６４　５
202610011905,2026-10-01,19,05R,4556,竹井 奈美,2026-09-12,2026-09-17,08,常滑,一般,１１１３３　３６６４１２,2026-08-24,2026-08-29,10,三国,一般,２４２　４１１３５５１１,2026-08-06,2026-08-11,18,徳山,ＧⅠ,１５２　２　１６５　１５,2026-07-19,2026-07-24,19,下関,ＧⅢ,４４１　５３２４３４２３,2026-06-30,2026-07-05,23,からつ,一般,２３１　６２２４１３２１,4997,濱崎 寿里矢,2026-09-18,2026-09-23,17,宮島,ＧⅢ,４　５５３　４５６　２２,2026-08-18,2026-08-23,16,児島,一般,６　３６２　４５５　２６,2026-07-31,2026-08-05,05,多摩川,一般,６６６　４,2026-07-07,2026-07-12,08,常滑,一般,６　４４３　６２４６２３,2026-05-24,2026-05-29,24,大村,一般,６６５　６６,3943,三松 直美,2026-08-12,2026-08-17,24,大村,ＧⅢ,４　６６４　６６５　６６,2026-07-27,2026-08-01,10,三国,一般,６　５　６５６　６６５,2026-06-28,2026-07-03,20,若松,一般,６　５５６　５６３　４,2026-06-13,2026-06-16,06,浜名湖,一般,６　３６６５６,2026-05-18,2026-05-23,18,徳山,ＧⅢ,６　３３６６６　６６２,5195,北村 寧々,2026-09-20,2026-09-25,01,桐生,一般,５３１　１　１２６１[１],2026-09-06,2026-09-11,14,鳴門,一般,１　４４５３２１４５１４,2026-08-25,2026-08-30,17,宮島,一般,２　４６４１６６４　２１,2026-07-19,2026-07-24,22,福岡,ＧⅢ,２　３６６　２３１６４４,2026-07-07,2026-07-12,11,びわこ,一般,４１３６４６１　２４１３,4730,土屋 実沙希,2026-09-18,2026-09-24,02,戸田,一般,５６２　６４６　４４５３,2026-09-05,2026-09-10,04,平和島,一般,２１４　１５４　１６２６,2026-08-16,2026-08-19,14,鳴門,一般,４１２　２３２２,2026-08-07,2026-08-11,15,丸亀,一般,３２６　１１３５１５,2026-07-22,2026-07-26,08,常滑,一般,３６４４３　１　３２,5437,中澤 里桜,2026-09-20,2026-09-25,01,桐生,一般,５　６　５エ６　６　６６,2026-08-25,2026-08-30,17,宮島,一般,６　６６６６６　６　６６,2026-07-13,2026-07-18,13,尼崎,ＧⅢ,５　５６４６３　６　４,2026-06-24,2026-06-29,12,住之江,一般,６６５　６６６　６　６,2026-06-06,2026-06-11,15,丸亀,一般,６６２　５５５　６６F
202610011906,2026-10-01,19,06R,4804,高田 ひかる,2026-09-18,2026-09-23,17,宮島,ＧⅢ,３５２２１１１　３１[３],2026-09-03,2026-09-08,09,津,ＧⅠ,５　１３５　５　３４６６,2026-08-24,2026-08-29,13,尼崎,一般,１１３５エ　１３１F３,2026-08-15,2026-08-20,09,津,一般,１５３１１１３　４１[３],2026-08-06,2026-08-11,18,徳山,ＧⅠ,２５５　３　４６３　４２,4791,黒澤 めぐみ,2026-09-18,2026-09-23,17,宮島,ＧⅢ,２３１　３２５３１２[転],2026-09-05,2026-09-10,04,平和島,一般,４４５　１　１１４４１３,2026-08-24,2026-08-29,10,三国,一般,１　２３６５１　２６３３,2026-08-12,2026-08-17,24,大村,ＧⅢ,２２２　２３５３２３３１,2026-07-14,2026-07-19,01,桐生,一般,２２２　４５４　２１４,5146,野田 彩加,2026-09-12,2026-09-17,08,常滑,一般,３５１５１４３　１５２３,2026-08-30,2026-09-04,06,浜名湖,ＧⅢ,４　３６５１転,2026-08-15,2026-08-20,18,徳山,一般,２３５５３　４４４　６１,2026-07-28,2026-08-02,15,丸亀,一般,５　２５２　２５４３１,2026-07-19,2026-07-24,22,福岡,ＧⅢ,６　５３２　３２５５３,5317,長尾 萌加,2026-09-21,2026-09-28,09,津,一般,３　５　３２３　３３３　２３,2026-09-09,2026-09-14,21,芦屋,一般,３　４５４　３２６４５２,2026-08-18,2026-08-23,16,児島,一般,１４１　５５２　１２F３,2026-08-08,2026-08-13,16,児島,一般,３　３６３　３６３　６６,2026-07-25,2026-07-30,04,平和島,一般,４４５　３　１３４３４６,5250,嶋田 有里,2026-09-20,2026-09-25,01,桐生,一般,３　３落２　２１３３[４],2026-08-24,2026-08-29,10,三国,一般,２　４３６５４　４　５４,2026-08-12,2026-08-17,24,大村,ＧⅢ,５　４２１　５３５１３,2026-07-28,2026-08-02,15,丸亀,一般,１５６　６６６　４　５２,2026-07-13,2026-07-18,13,尼崎,ＧⅢ,１２２　４３４　３４３４,4947,間庭 菜摘,2026-09-22,2026-09-27,22,福岡,一般,６５１　４２１　３転,2026-09-13,2026-09-18,11,びわこ,一般,５　３５１３１４４４５４,2026-09-01,2026-09-06,12,住之江,一般,２　４３２　４２３２６５,2026-08-12,2026-08-17,24,大村,ＧⅢ,１　４５３　３４２　２３,2026-07-31,2026-08-05,01,桐生,ＧⅢ,４　２４３４３　３６６
202610011907,2026-10-01,19,07R,4784,向井田 真紀,2026-09-18,2026-09-23,17,宮島,ＧⅢ,４　３１３　６２３２３３,2026-09-06,2026-09-11,14,鳴門,一般,３６２　３　５３２５５,2026-07-31,2026-08-05,01,桐生,ＧⅢ,４６５　４２６　２　４３,2026-06-18,2026-06-21,20,若松,一般,３５６５６　１,2026-06-06,2026-06-10,24,大村,一般,３　６６６５６　３,5052,赤井 星璃菜,2026-09-12,2026-09-17,08,常滑,一般,４５５５５５２　１　６６,2026-08-30,2026-09-04,06,浜名湖,ＧⅢ,５６１　３　５６５６４,2026-08-16,2026-08-19,14,鳴門,一般,５　２５４６３,2026-07-07,2026-07-12,11,びわこ,一般,６　５６４　６５,2026-06-24,2026-06-29,12,住之江,一般,３５６　２４１　５　１５,4536,喜井 つかさ,2026-09-18,2026-09-23,17,宮島,ＧⅢ,３　１１２２５２１３５５,2026-09-05,2026-09-10,04,平和島,一般,１　４４４２３２４３１５,2026-08-18,2026-08-23,16,児島,一般,２　２１２２１３３F落,2026-08-06,2026-08-11,18,徳山,ＧⅠ,４　５５４　２　５５６,2026-07-28,2026-08-02,15,丸亀,一般,２　３３４４４６１４１２,4720,西澤 日花里,2026-09-20,2026-09-25,01,桐生,一般,６　４６３　６５６　３,2026-09-06,2026-09-11,14,鳴門,一般,４６４　５６４　６　２５,2026-08-18,2026-08-23,16,児島,一般,５　２６５　４６５　４３,2026-08-09,2026-08-14,23,からつ,一般,３６２　６　３４６　２５,2026-07-01,2026-07-06,07,蒲郡,一般,４　２３６　４６３６２,4387,平山 智加,2026-09-18,2026-09-23,17,宮島,ＧⅢ,３４２　１３２１３１[２],2026-09-05,2026-09-10,04,平和島,一般,５２２２３　２１４２[２],2026-08-24,2026-08-29,10,三国,一般,５２１２１４１　３２[２],2026-08-06,2026-08-11,18,徳山,ＧⅠ,２２４　１３１　１　[５],2026-07-27,2026-07-31,19,下関,一般,１　３５１３５５２２,5416,龍田 真白,2026-09-18,2026-09-24,02,戸田,一般,３　６６３　１６３１５１,2026-09-01,2026-09-06,12,住之江,一般,４　３５５　６３５　１６,2026-08-15,2026-08-20,09,津,一般,６　６６２　５６６　５,2026-07-31,2026-08-05,01,桐生,ＧⅢ,６　６６４　２３５　５６,2026-07-19,2026-07-24,19,下関,ＧⅢ,５３４　６５５　６　４１
202610011908,2026-10-01,19,08R,4938,小芦 るり華,2026-09-22,2026-09-27,20,若松,ＧⅠ,３２５　３　３４４５４,2026-09-12,2026-09-17,08,常滑,一般,３４１１２　４４３３３１,2026-08-30,2026-09-04,06,浜名湖,ＧⅢ,５５１　１２２１３３３１,2026-08-18,2026-08-23,16,児島,一般,２６５３４４１,2026-08-06,2026-08-11,18,徳山,ＧⅠ,３５３　３　６３４　３４,4045,佐々木 裕美,2026-09-12,2026-09-17,08,常滑,一般,２５４　２５４１２６５１,2026-08-25,2026-08-30,09,津,一般,転６５　６　２６,2026-08-15,2026-08-20,18,徳山,一般,４２４　４　６２４５４,2026-07-31,2026-08-05,01,桐生,ＧⅢ,１　２３４６１６４１６,2026-07-19,2026-07-24,19,下関,ＧⅢ,１２３５１　３　１６１５,5326,三嶌 さらら,2026-09-18,2026-09-23,17,宮島,ＧⅢ,２１１　５　３３４５１４,2026-09-07,2026-09-12,16,児島,一般,４４５　５６３　６６６,2026-08-26,2026-08-30,14,鳴門,一般,１　３６２６３　５５,2026-08-17,2026-08-21,15,丸亀,一般,５６６　６　６６１,2026-07-25,2026-07-30,04,平和島,一般,４　２６１５４　５２２６,3845,中谷 朋子,2026-09-18,2026-09-23,17,宮島,ＧⅢ,５５３　４１１５２　１２,2026-09-05,2026-09-10,04,平和島,一般,４４４　４１２２１５３５,2026-08-25,2026-08-30,09,津,一般,２　２５２　３６１２[４],2026-07-31,2026-08-05,01,桐生,ＧⅢ,１　２４４　２２３５１５,2026-07-13,2026-07-18,13,尼崎,ＧⅢ,２　１１１２４　３１[１],5335,森 陽多,2026-09-20,2026-09-25,01,桐生,一般,１　２５６　５２２　３転,2026-09-07,2026-09-12,16,児島,一般,６　６５６　５５２　１６,2026-08-24,2026-08-29,10,三国,一般,６　３６１　３６４　２５,2026-08-12,2026-08-17,24,大村,ＧⅢ,６３６　５２６　６　４５,2026-07-28,2026-08-02,15,丸亀,一般,６　５６３　４６２　５,4893,渡邉 真奈美,2026-09-05,2026-09-10,04,平和島,一般,２３３　３４３　３５１４,2026-08-18,2026-08-23,16,児島,一般,１３２　３６２　１６１４,2026-08-06,2026-08-11,18,徳山,ＧⅠ,６　４　２４５　１２６,2026-07-25,2026-07-30,04,平和島,一般,６５４　３　２２５　２２,2026-07-10,2026-07-15,06,浜名湖,一般,２６４　５２６　２　６６
202610011909,2026-10-01,19,09R,4730,土屋 実沙希,2026-09-18,2026-09-24,02,戸田,一般,５６２　６４６　４４５３,2026-09-05,2026-09-10,04,平和島,一般,２１４　１５４　１６２６,2026-08-16,2026-08-19,14,鳴門,一般,４１２　２３２２,2026-08-07,2026-08-11,15,丸亀,一般,３２６　１１３５１５,2026-07-22,2026-07-26,08,常滑,一般,３６４４３　１　３２,3334,角 ひとみ,2026-09-18,2026-09-23,17,宮島,ＧⅢ,２１２１２１６　５２[４],2026-08-25,2026-08-30,09,津,一般,１　６６４　３４１４６３,2026-08-12,2026-08-17,24,大村,ＧⅢ,２　５５４　４３３３５２,2026-07-31,2026-08-05,01,桐生,ＧⅢ,３４３　１１１４２１[４],2026-07-19,2026-07-24,19,下関,ＧⅢ,２　２１２５１　１６１４,4642,松尾 夏海,2026-09-20,2026-09-25,01,桐生,一般,３２５　３１１５１２[５],2026-09-06,2026-09-11,14,鳴門,一般,４４１１５　２５５４６３,2026-08-24,2026-08-29,10,三国,一般,１５２５２１１　３１[３],2026-08-06,2026-08-11,18,徳山,ＧⅠ,３４２　２　３２５　１５,2026-07-28,2026-08-02,15,丸亀,一般,１２３３１　２　１３[５],4927,関野 文,2026-09-05,2026-09-10,04,平和島,一般,５５５１２２２　３４３３,2026-08-24,2026-08-29,10,三国,一般,１３６　２３２５５　４１,2026-08-12,2026-08-17,24,大村,ＧⅢ,１６３　４１３１２４４２,2026-07-31,2026-08-05,01,桐生,ＧⅢ,５　１３１５３２１２[３],2026-07-17,2026-07-20,02,戸田,一般,５　１６６５４,5391,出穂 和鼓,2026-08-29,2026-09-03,19,下関,一般,６６６　６６６　F　６,2026-08-15,2026-08-20,18,徳山,一般,５　５６６６５　６　６６,2026-07-27,2026-07-31,19,下関,一般,６６６　５６６　６,2026-07-19,2026-07-24,19,下関,ＧⅢ,２６４　６２落　６　４６,2026-07-09,2026-07-13,14,鳴門,一般,５　５５５　４６６,4853,前原 哉,2026-09-21,2026-09-28,09,津,一般,　　５５６　３　２５６４１,2026-09-09,2026-09-14,21,芦屋,一般,３３４　２　６５３　５６,2026-08-30,2026-09-04,06,浜名湖,ＧⅢ,４　５５３　４６５　４３,2026-08-18,2026-08-23,16,児島,一般,６　５４５　６５４　１２,2026-08-08,2026-08-13,16,児島,一般,６５６　６　４６４　１５
202610011910,2026-10-01,19,10R,5045,平川 香織,2026-09-22,2026-09-27,20,若松,ＧⅠ,５　５　３３５　４３転,2026-09-12,2026-09-15,10,三国,一般,１３１２３４５,2026-08-06,2026-08-11,18,徳山,ＧⅠ,４　３２１　３　３　２３,2026-07-27,2026-07-31,19,下関,一般,３　５３１２１２４,2026-07-18,2026-07-23,09,津,ＧⅢ,４　２１４　転３１４３,5195,北村 寧々,2026-09-20,2026-09-25,01,桐生,一般,５３１　１　１２６１[１],2026-09-06,2026-09-11,14,鳴門,一般,１　４４５３２１４５１４,2026-08-25,2026-08-30,17,宮島,一般,２　４６４１６６４　２１,2026-07-19,2026-07-24,22,福岡,ＧⅢ,２　３６６　２３１６４４,2026-07-07,2026-07-12,11,びわこ,一般,４１３６４６１　２４１３,5265,大廣 咲季,2026-09-20,2026-09-25,01,桐生,一般,４　３３１　２６５６１６,2026-09-07,2026-09-12,16,児島,一般,５　３６５　２５３　１５,2026-08-26,2026-08-30,14,鳴門,一般,６　５４６　５　６４,2026-08-17,2026-08-21,15,丸亀,一般,６３６　６　６５３,2026-08-03,2026-08-08,17,宮島,一般,６６６　４５２　５　３２,5250,嶋田 有里,2026-09-20,2026-09-25,01,桐生,一般,３　３落２　２１３３[４],2026-08-24,2026-08-29,10,三国,一般,２　４３６５４　４　５４,2026-08-12,2026-08-17,24,大村,ＧⅢ,５　４２１　５３５１３,2026-07-28,2026-08-02,15,丸亀,一般,１５６　６６６　４　５２,2026-07-13,2026-07-18,13,尼崎,ＧⅢ,１２２　４３４　３４３４,5189,藤原 早菜,2026-09-18,2026-09-23,17,宮島,ＧⅢ,１　３４４１１４１転,2026-09-06,2026-09-11,14,鳴門,一般,５３４１６　４４２　６３,2026-08-18,2026-08-23,16,児島,一般,２　１４４４５４４２４５,2026-08-06,2026-08-11,18,徳山,ＧⅠ,１　４　６６１　６６３,2026-07-28,2026-08-02,15,丸亀,一般,４３３　６３４５２６１５,5342,原村 百那,2026-09-24,2026-09-29,21,芦屋,ＧⅢ,６　１５６６６　６　３６,2026-09-06,2026-09-11,14,鳴門,一般,６４転　４　５６４　５２,2026-08-24,2026-08-29,10,三国,一般,３５４　６　５５６　４,2026-08-12,2026-08-17,24,大村,ＧⅢ,６４６　５５６　６　６５,2026-07-28,2026-08-02,15,丸亀,一般,５６６　１５４　６　４６
202610011911,2026-10-01,19,11R,4775,千葉 真弥,2026-09-18,2026-09-23,17,宮島,ＧⅢ,１３落欠,2026-09-06,2026-09-11,14,鳴門,一般,５３２　３３３１１５５２,2026-08-24,2026-08-29,13,尼崎,一般,５４５６５　４６３　６,2026-08-06,2026-08-11,18,徳山,ＧⅠ,１　１１１　５　１　[２],2026-07-28,2026-08-02,16,児島,一般,３　６３１２２３１４２４,5146,野田 彩加,2026-09-12,2026-09-17,08,常滑,一般,３５１５１４３　１５２３,2026-08-30,2026-09-04,06,浜名湖,ＧⅢ,４　３６５１転,2026-08-15,2026-08-20,18,徳山,一般,２３５５３　４４４　６１,2026-07-28,2026-08-02,15,丸亀,一般,５　２５２　２５４３１,2026-07-19,2026-07-24,22,福岡,ＧⅢ,６　５３２　３２５５３,4372,原田 佑実,2026-09-18,2026-09-23,17,宮島,ＧⅢ,１５１４２　１５１５１１,2026-09-06,2026-09-11,14,鳴門,一般,１２５６４　１２４　１２,2026-08-12,2026-08-17,24,大村,ＧⅢ,１　１４３１３４１１[３],2026-07-25,2026-07-29,20,若松,一般,３　４２１５５５３４,2026-07-03,2026-07-08,13,尼崎,一般,５　１４１２４３１２[４],4844,村上 奈穂,2026-09-18,2026-09-23,17,宮島,ＧⅢ,２　４３６　２１１６２６,2026-09-05,2026-09-10,04,平和島,一般,５　５３６　４３５　６６,2026-08-18,2026-08-23,16,児島,一般,５５５　１５４　６５３,2026-08-03,2026-08-08,17,宮島,一般,１４１　２４５　２４３６,2026-07-19,2026-07-24,19,下関,ＧⅢ,２６２　５３６５２　２３,4536,喜井 つかさ,2026-09-18,2026-09-23,17,宮島,ＧⅢ,３　１１２２５２１３５５,2026-09-05,2026-09-10,04,平和島,一般,１　４４４２３２４３１５,2026-08-18,2026-08-23,16,児島,一般,２　２１２２１３３F落,2026-08-06,2026-08-11,18,徳山,ＧⅠ,４　５５４　２　５５６,2026-07-28,2026-08-02,15,丸亀,一般,２　３３４４４６１４１２,5287,滝沢 織寧,2026-09-18,2026-09-23,17,宮島,ＧⅢ,６３５　５６３　４　５３,2026-09-01,2026-09-06,12,住之江,一般,６　６４６　４４５　３２,2026-07-25,2026-07-30,04,平和島,一般,３４２　転欠,2026-07-10,2026-07-15,06,浜名湖,一般,６４４　３６１　５　５４,2026-06-18,2026-06-23,02,戸田,一般,F　２　５　６４６　６
202610011912,2026-10-01,19,12R,4387,平山 智加,2026-09-18,2026-09-23,17,宮島,ＧⅢ,３４２　１３２１３１[２],2026-09-05,2026-09-10,04,平和島,一般,５２２２３　２１４２[２],2026-08-24,2026-08-29,10,三国,一般,５２１２１４１　３２[２],2026-08-06,2026-08-11,18,徳山,ＧⅠ,２２４　１３１　１　[５],2026-07-27,2026-07-31,19,下関,一般,１　３５１３５５２２,4556,竹井 奈美,2026-09-12,2026-09-17,08,常滑,一般,１１１３３　３６６４１２,2026-08-24,2026-08-29,10,三国,一般,２４２　４１１３５５１１,2026-08-06,2026-08-11,18,徳山,ＧⅠ,１５２　２　１６５　１５,2026-07-19,2026-07-24,19,下関,ＧⅢ,４４１　５３２４３４２３,2026-06-30,2026-07-05,23,からつ,一般,２３１　６２２４１３２１,4804,高田 ひかる,2026-09-18,2026-09-23,17,宮島,ＧⅢ,３５２２１１１　３１[３],2026-09-03,2026-09-08,09,津,ＧⅠ,５　１３５　５　３４６６,2026-08-24,2026-08-29,13,尼崎,一般,１１３５エ　１３１F３,2026-08-15,2026-08-20,09,津,一般,１５３１１１３　４１[３],2026-08-06,2026-08-11,18,徳山,ＧⅠ,２５５　３　４６３　４２,4373,若狭 奈美子,2026-09-20,2026-09-25,01,桐生,一般,４　３３１４１３２３[３],2026-09-09,2026-09-15,20,若松,一般,３　４１３５１１１５５６６４,2026-08-18,2026-08-23,16,児島,一般,５５３２１　３５５４３１,2026-08-06,2026-08-11,18,徳山,ＧⅠ,４１６　６　３６２　５,2026-07-23,2026-07-28,21,芦屋,一般,２　１３４１１２１２[４],4938,小芦 るり華,2026-09-22,2026-09-27,20,若松,ＧⅠ,３２５　３　３４４５４,2026-09-12,2026-09-17,08,常滑,一般,３４１１２　４４３３３１,2026-08-30,2026-09-04,06,浜名湖,ＧⅢ,５５１　１２２１３３３１,2026-08-18,2026-08-23,16,児島,一般,２６５３４４１,2026-08-06,2026-08-11,18,徳山,ＧⅠ,３５３　３　６３４　３４,4014,片岡 恵里,2026-09-09,2026-09-15,20,若松,一般,４　４３３１３４１６６６１６,2026-07-31,2026-08-05,01,桐生,ＧⅢ,１４３　２５４６１３３１,2026-07-19,2026-07-24,19,下関,ＧⅢ,１　１２２２１２４１[５],2026-07-07,2026-07-12,11,びわこ,一般,６　５２１４５１３　１４,2026-06-24,2026-06-29,12,住之江,一般,４　１３４　F５３　５
202610012201,2026-10-01,22,01R,4184,渡邊 雄一郎,2026-09-16,2026-09-20,23,からつ,一般,４２４４１１３２[６],2026-09-07,2026-09-11,13,尼崎,一般,１３１２３３１４１３,2026-08-26,2026-08-30,14,鳴門,一般,１２１２４３１４,2026-07-24,2026-07-27,12,住之江,一般,１４３１３６２５,2026-07-15,2026-07-19,17,宮島,一般,１１１５２１３１[４],5337,出畑 孝成,2026-09-22,2026-09-27,08,常滑,一般,５　６６１　５２５　２６,2026-09-13,2026-09-18,07,蒲郡,一般,２３６３転　６　５３２,2026-08-25,2026-08-30,17,宮島,一般,６　２３５５５　３３５,2026-08-12,2026-08-17,22,福岡,一般,４　２５３　４エ５　２３,2026-07-22,2026-07-27,14,鳴門,一般,１　５６４２５　３５４４,3784,中島 友和,2026-09-16,2026-09-20,23,からつ,一般,５　２１２５２４５６,2026-09-01,2026-09-05,13,尼崎,一般,４４１　６２２　２５,2026-08-20,2026-08-25,21,芦屋,一般,４３５　４６６　４５３,2026-08-09,2026-08-14,23,からつ,一般,３　５６４　４２４　２１,2026-07-24,2026-07-27,06,浜名湖,一般,２１１４３　[６],3268,森 竜也,2026-09-12,2026-09-17,09,津,一般,１６５　６６３　１　１１,2026-08-27,2026-09-01,07,蒲郡,一般,３　４２４　１３１６３６,2026-08-15,2026-08-20,09,津,一般,２３５　４２４　１６３,2026-08-03,2026-08-08,04,平和島,ＧⅢ,６　４４２　３３２３４４,2026-07-23,2026-07-28,21,芦屋,一般,５６５　３　５６５　６５,4299,中島 浩哉,2026-09-17,2026-09-20,24,大村,一般,２　５６２６２２,2026-09-01,2026-09-06,12,住之江,一般,２５１　３６５　３　２２,2026-08-06,2026-08-10,24,大村,一般,４６５５３　落欠,2026-07-24,2026-07-29,17,宮島,一般,２　６４３　３６１６４,2026-07-10,2026-07-14,09,津,一般,５４４　３６２　２２,5067,山田 真聖,2026-09-17,2026-09-21,15,丸亀,一般,６　２１３１２F４,2026-08-31,2026-09-05,18,徳山,一般,２４６　６　５６４　６,2026-08-22,2026-08-27,08,常滑,ＧⅢ,６２１　６５３６２　３３,2026-08-11,2026-08-16,19,下関,一般,４３６３５　５　５２２,2026-07-29,2026-08-03,23,からつ,一般,２４４　５　３３６　６６
202610012202,2026-10-01,22,02R,3459,中野 和裕,2026-09-17,2026-09-21,15,丸亀,一般,４　４６６　６　３３,2026-08-31,2026-09-05,20,若松,ＧⅢ,５　４１５４５　５　１６,2026-08-20,2026-08-23,23,からつ,一般,３F３　６　５,2026-07-31,2026-08-05,06,浜名湖,ＧⅢ,５　６６４　５６２　６４,2026-07-18,2026-07-21,04,平和島,一般,６　３４４　２６,4899,占部 一真,2026-09-11,2026-09-15,06,浜名湖,一般,５１５　５４　　１６,2026-08-27,2026-08-31,04,平和島,一般,５５２　６　５４６,2026-08-16,2026-08-19,14,鳴門,一般,６　６１６６５,2026-07-29,2026-08-03,23,からつ,一般,６５５　２５４　５６３,2026-07-17,2026-07-20,02,戸田,一般,６４５　４　１５,5006,久保原 秀人,2026-09-17,2026-09-20,24,大村,一般,３　３５５　５４,2026-09-01,2026-09-06,12,住之江,一般,３　５２５　５６６　４５,2026-08-15,2026-08-20,05,多摩川,一般,５　５５５　６５６　２,2026-08-04,2026-08-09,10,三国,一般,３６６　６　６５５　６５,2026-07-21,2026-07-26,23,からつ,一般,５　６５５６６　４５５,3957,大谷 直弘,2026-09-11,2026-09-16,12,住之江,一般,６２２　４５６　４　２２,2026-09-04,2026-09-08,07,蒲郡,一般,５４１　４４５　４３,2026-08-27,2026-08-31,04,平和島,一般,５４６　３５６　５２,2026-08-14,2026-08-19,10,三国,一般,６５３　３３１　１５１６,2026-08-03,2026-08-08,19,下関,一般,１６５　２６５　５５３,3797,岩井 繁,2026-09-13,2026-09-18,11,びわこ,一般,４　５６５　２６６５６５,2026-08-27,2026-08-31,04,平和島,一般,６　５６６　５２４,2026-08-14,2026-08-19,17,宮島,一般,４　４２２　４５５２転,2026-08-04,2026-08-09,12,住之江,一般,４２１　５５４　５　６２,2026-07-23,2026-07-27,01,桐生,一般,５　４５４　４　２３,4164,岩永 節也,2026-09-01,2026-09-04,24,大村,一般,６２６　６３２２,2026-08-19,2026-08-24,19,下関,一般,４　５４３４２３５　２５,2026-08-06,2026-08-10,24,大村,一般,３４１３５　５６２３,2026-07-20,2026-07-25,15,丸亀,一般,３　４５２　６６３　６,2026-07-11,2026-07-14,04,平和島,一般,５　４３３　２４
202610012203,2026-10-01,22,03R,4406,幸野 史明,2026-09-09,2026-09-13,17,宮島,一般,３　２５４　５５６６,2026-08-23,2026-08-27,18,徳山,一般,３　４４１１４４５４,2026-08-11,2026-08-16,19,下関,一般,４　１４６　１５４５５,2026-07-29,2026-08-03,22,福岡,一般,３　５４１　３６６４６６,2026-07-18,2026-07-21,04,平和島,一般,３　５１５４６４,5020,宮村 勇哉,2026-09-17,2026-09-20,24,大村,一般,４２４　３４３,2026-09-01,2026-09-06,12,住之江,一般,１６４　６４,2026-08-23,2026-08-27,18,徳山,一般,４２１　１４５５１３,2026-08-04,2026-08-09,10,三国,一般,３５５　２　３６４６５４,2026-07-24,2026-07-29,17,宮島,一般,３５１　１５２　１５４４,5121,定松 勇樹,2026-08-25,2026-08-30,01,桐生,ＳＧ,５１４　１４２　２　[４],2026-08-09,2026-08-14,23,からつ,一般,１４３　６３１１２３３４,2026-07-28,2026-08-02,11,びわこ,ＳＧ,１　３３３１３　１　[１],2026-07-19,2026-07-24,22,福岡,ＧⅢ,２　２４５１２　１　[２],2026-06-23,2026-06-28,14,鳴門,ＳＧ,６　１　４２２　５　２５,3699,富永 正人,2026-09-12,2026-09-15,10,三国,一般,１　４２３２[４],2026-08-30,2026-09-03,08,常滑,一般,４　５２３５１６２,2026-08-17,2026-08-20,20,若松,一般,４　４６５５２,2026-08-04,2026-08-09,12,住之江,一般,２　５４３　１３４６１３,2026-07-22,2026-07-26,13,尼崎,一般,６　５６２　４６４,4220,深川 和仁,2026-09-17,2026-09-21,15,丸亀,一般,１　１２１１４F２,2026-08-31,2026-09-05,18,徳山,一般,１３４　１３４　４２[６],2026-08-17,2026-08-21,15,丸亀,一般,１　１５４　５５１３,2026-08-05,2026-08-10,09,津,一般,５　４４３　３１１６５４,2026-07-22,2026-07-27,14,鳴門,一般,３　２５４１３４１５１６,5457,山田 陽翔,2026-09-09,2026-09-14,21,芦屋,一般,６　６６５６６　５　６６,2026-08-19,2026-08-24,19,下関,一般,６　６６６　５６６　６６,2026-08-06,2026-08-10,24,大村,一般,６　６５５６６　６４,2026-07-24,2026-07-29,17,宮島,一般,６　６６６　６６６　６６,2026-06-26,2026-07-02,24,大村,一般,６　５６欠　６６６　６６６６
202610012204,2026-10-01,22,04R,4396,大田 直弥,2026-09-24,2026-09-29,19,下関,一般,１５２　２６４６５６１５,2026-09-09,2026-09-15,20,若松,一般,３４４　不　５４３　５５５,2026-08-30,2026-09-02,21,芦屋,一般,４　５４４４５４,2026-08-15,2026-08-20,18,徳山,一般,５３４　６　６４３　２６,2026-08-03,2026-08-08,17,宮島,一般,６　３５１　６２４４５,3745,橋本 年光,2026-09-16,2026-09-20,23,からつ,一般,３１３４３４４５１３,2026-09-01,2026-09-05,13,尼崎,一般,１１５　２６３６１３,2026-08-20,2026-08-25,21,芦屋,一般,５４２　１２４３４５２４,2026-08-04,2026-08-09,10,三国,一般,５３６　３４３　４３３４,2026-07-24,2026-07-27,02,戸田,一般,１４２１２　[３],5038,金田 智博,2026-09-20,2026-09-25,10,三国,一般,２４３　１４４３１２[５],2026-09-11,2026-09-14,02,戸田,一般,３３１　１５４２,2026-08-28,2026-09-02,05,多摩川,ＧⅢ,３３２　１５５４２　１２,2026-08-14,2026-08-19,10,三国,一般,２５４　１５１４２３２１,2026-08-05,2026-08-10,09,津,一般,１４２４１　１２１２[３],4816,村松 修二,2026-09-21,2026-09-26,18,徳山,一般,２３１２１４３　１６１５,2026-09-09,2026-09-15,20,若松,一般,２２２　６６３２１６４　１６,2026-08-27,2026-08-31,04,平和島,一般,１　２４６４２１１３,2026-08-14,2026-08-19,17,宮島,一般,１１２６１５５　４２３,2026-07-28,2026-08-02,16,児島,一般,５３２２１２１　３３３４,3224,栗山 繁洋,2026-09-15,2026-09-20,14,鳴門,一般,４６１　５　６６１　４６,2026-09-01,2026-09-05,13,尼崎,一般,４　５５５　６１４,2026-08-20,2026-08-25,21,芦屋,一般,６　６エ,2026-08-06,2026-08-10,24,大村,一般,２５３　１５６　６６,2026-07-28,2026-08-02,15,丸亀,一般,１４５　３６５　５　３２,3955,眞田 英二,2026-09-11,2026-09-16,12,住之江,一般,４３４　エ欠,2026-08-17,2026-08-21,13,尼崎,一般,１　２４４　５４３２,2026-07-31,2026-08-03,20,若松,一般,３６４　６５５４,2026-07-14,2026-07-19,21,芦屋,一般,６２４　２５５　６　４６,2026-06-28,2026-07-01,10,三国,一般,２２妨　２　３６
202610012205,2026-10-01,22,05R,3784,中島 友和,2026-09-16,2026-09-20,23,からつ,一般,５　２１２５２４５６,2026-09-01,2026-09-05,13,尼崎,一般,４４１　６２２　２５,2026-08-20,2026-08-25,21,芦屋,一般,４３５　４６６　４５３,2026-08-09,2026-08-14,23,からつ,一般,３　５６４　４２４　２１,2026-07-24,2026-07-27,06,浜名湖,一般,２１１４３　[６],5092,篠原 晟弥,2026-09-22,2026-09-27,20,若松,ＧⅠ,５　４　１６６　４５６,2026-08-12,2026-08-17,22,福岡,一般,５６２　２５４３１　３２,2026-07-30,2026-08-04,08,常滑,一般,２１３５５　３２１３４１,2026-07-19,2026-07-24,22,福岡,ＧⅢ,５２３　６　４４６２２,2026-06-30,2026-07-05,16,児島,ＧⅡ,３　２４５　１　F　５,5369,岡崎 凪汰,2026-09-17,2026-09-21,15,丸亀,一般,　　　　　　　　６６,2026-09-11,2026-09-15,06,浜名湖,一般,４５６　転６１　転４,2026-08-24,2026-08-28,15,丸亀,一般,５　４　６５６　１４,2026-08-17,2026-08-20,20,若松,一般,５５１　２５４６,2026-08-04,2026-08-09,10,三国,一般,５６２　６　４２３６４５,3372,加藤 雅之,2026-09-16,2026-09-21,13,尼崎,一般,２６６　６５５　４　１５,2026-08-23,2026-08-27,18,徳山,一般,５　６　５５,2026-08-03,2026-08-08,17,宮島,一般,４　４５１　２５４５４４,2026-07-09,2026-07-14,15,丸亀,一般,２５４　６６５　６　６,2026-06-26,2026-07-01,17,宮島,一般,５３１　５４４　６　５１,4210,松村 康太,2026-09-20,2026-09-25,10,三国,一般,２３２　２５３　３５転,2026-09-09,2026-09-13,05,多摩川,一般,５　１３３３１４３１,2026-08-26,2026-08-30,14,鳴門,一般,３３５　１５４　１１,2026-08-14,2026-08-19,10,三国,一般,１４１２５４１　５４５４,2026-08-06,2026-08-09,02,戸田,一般,３４４　５４３３,5068,前田 滉,2026-09-13,2026-09-18,07,蒲郡,一般,２１３４１１１１３１[３],2026-09-02,2026-09-06,17,宮島,一般,１３１３１１２１[１],2026-08-24,2026-08-29,13,尼崎,一般,２６５１１　５１１３３１,2026-08-11,2026-08-16,07,蒲郡,一般,１６３１１１２１２２[４],2026-07-29,2026-08-01,18,徳山,一般,１４１２３１[１]
202610012206,2026-10-01,22,06R,3957,大谷 直弘,2026-09-11,2026-09-16,12,住之江,一般,６２２　４５６　４　２２,2026-09-04,2026-09-08,07,蒲郡,一般,５４１　４４５　４３,2026-08-27,2026-08-31,04,平和島,一般,５４６　３５６　５２,2026-08-14,2026-08-19,10,三国,一般,６５３　３３１　１５１６,2026-08-03,2026-08-08,19,下関,一般,１６５　２６５　５５３,4299,中島 浩哉,2026-09-17,2026-09-20,24,大村,一般,２　５６２６２２,2026-09-01,2026-09-06,12,住之江,一般,２５１　３６５　３　２２,2026-08-06,2026-08-10,24,大村,一般,４６５５３　落欠,2026-07-24,2026-07-29,17,宮島,一般,２　６４３　３６１６４,2026-07-10,2026-07-14,09,津,一般,５４４　３６２　２２,5016,宮田 龍馬,2026-09-22,2026-09-27,20,若松,ＧⅠ,３３１　１　３６３　３１,2026-09-07,2026-09-12,24,大村,ＧⅠ,６　３　２３５　１６４２,2026-08-26,2026-08-31,11,びわこ,一般,１５２１３２１　３１[１],2026-08-17,2026-08-21,13,尼崎,一般,１１１３３４１２[３],2026-08-05,2026-08-10,14,鳴門,一般,１　３５２４４２１４３２,4428,有賀 達也,2026-09-19,2026-09-24,06,浜名湖,一般,１４４２４　２　１５２１,2026-09-09,2026-09-13,17,宮島,一般,３　１１４４１３１３,2026-08-27,2026-08-31,04,平和島,一般,１　３３１２３３[４],2026-08-12,2026-08-17,02,戸田,一般,５４２　１２４　２　[５],2026-08-02,2026-08-05,21,芦屋,一般,３４５２４　２６,4459,片岡 雅裕,2026-09-18,2026-09-24,02,戸田,一般,２４３５２　３２２２[５],2026-09-04,2026-09-08,07,蒲郡,一般,２３２１１５２１[２],2026-07-28,2026-08-02,11,びわこ,ＳＧ,１　６５６　２　１２６,2026-07-18,2026-07-22,10,三国,一般,１１４３３　２６１６,2026-06-23,2026-06-28,14,鳴門,ＳＧ,５４３　５　４６５　４,5469,今泉 博人,2026-09-09,2026-09-14,21,芦屋,一般,５　５６６　６６５　４６,2026-08-20,2026-08-23,23,からつ,一般,６　５６５６５,2026-07-28,2026-08-02,15,丸亀,一般,６　６６５６６　４　４３,2026-07-10,2026-07-15,23,からつ,一般,５　５６６　６６６６４,2026-06-22,2026-06-27,22,福岡,一般,６　６５６　落６６　４５
202610012207,2026-10-01,22,07R,4579,中嶋 健一郎,2026-09-21,2026-09-28,09,津,一般,　　２１１３４６１　３３３２,2026-09-11,2026-09-16,12,住之江,一般,２　６３２　４２５　１６,2026-08-26,2026-08-30,14,鳴門,一般,１１４５２　６３２１,2026-08-15,2026-08-20,09,津,一般,１６１　２３１３４３４１,2026-08-08,2026-08-11,05,多摩川,一般,３１２６３　６２,3361,岡部 浩,2026-09-13,2026-09-17,19,下関,一般,５　３４５　５４３４,2026-08-29,2026-09-03,16,児島,一般,４　１５６　３５５６４,2026-08-17,2026-08-20,20,若松,一般,５４２５４　２欠,2026-08-05,2026-08-10,14,鳴門,一般,２１４　５１３　１５５５,2026-07-18,2026-07-21,04,平和島,一般,４　６６５５１,4798,浜先 真範,2026-09-20,2026-09-25,01,桐生,一般,１３３　３１１３３２[１],2026-09-11,2026-09-15,06,浜名湖,一般,１１４２２１４２[４],2026-08-29,2026-09-03,19,下関,一般,５　１３４３１２１　２２,2026-08-16,2026-08-19,14,鳴門,一般,１４１３３１[２],2026-08-03,2026-08-08,17,宮島,一般,３５３　４４３１２５１４,3459,中野 和裕,2026-09-17,2026-09-21,15,丸亀,一般,４　４６６　６　３３,2026-08-31,2026-09-05,20,若松,ＧⅢ,５　４１５４５　５　１６,2026-08-20,2026-08-23,23,からつ,一般,３F３　６　５,2026-07-31,2026-08-05,06,浜名湖,ＧⅢ,５　６６４　５６２　６４,2026-07-18,2026-07-21,04,平和島,一般,６　３４４　２６,4902,山川 雄大,2026-09-20,2026-09-25,10,三国,一般,５６２　４　２６５　６１,2026-09-07,2026-09-11,13,尼崎,一般,１２５　３　５６４６,2026-08-22,2026-08-27,22,福岡,一般,２　２６１６６６２　２６,2026-08-09,2026-08-14,13,尼崎,一般,５６３　２　１２５５２,2026-07-24,2026-07-27,12,住之江,一般,４５４　４　６６,3964,宮地 博士,2026-09-16,2026-09-20,23,からつ,一般,４２３　３３１４１４,2026-08-31,2026-09-05,20,若松,ＧⅢ,４５６　５６６　５　５５,2026-08-17,2026-08-21,13,尼崎,一般,６４３　５２３　転６,2026-08-06,2026-08-10,24,大村,一般,６５５　４６５　４４,2026-07-23,2026-07-28,03,江戸川,ＧⅢ,３６２　５４４　２４５６
202610012208,2026-10-01,22,08R,3473,石川 真二,2026-09-21,2026-09-26,18,徳山,一般,４　１１３３１１４１[１],2026-09-09,2026-09-14,21,芦屋,一般,４F１　１　４　３２１２,2026-08-26,2026-08-31,11,びわこ,一般,３５２６１　２３１２[４],2026-08-17,2026-08-20,20,若松,一般,１１１１１２[４],2026-08-06,2026-08-10,24,大村,一般,２　１１２２１４１２,4164,岩永 節也,2026-09-01,2026-09-04,24,大村,一般,６２６　６３２２,2026-08-19,2026-08-24,19,下関,一般,４　５４３４２３５　２５,2026-08-06,2026-08-10,24,大村,一般,３４１３５　５６２３,2026-07-20,2026-07-25,15,丸亀,一般,３　４５２　６６３　６,2026-07-11,2026-07-14,04,平和島,一般,５　４３３　２４,5067,山田 真聖,2026-09-17,2026-09-21,15,丸亀,一般,６　２１３１２F４,2026-08-31,2026-09-05,18,徳山,一般,２４６　６　５６４　６,2026-08-22,2026-08-27,08,常滑,ＧⅢ,６２１　６５３６２　３３,2026-08-11,2026-08-16,19,下関,一般,４３６３５　５　５２２,2026-07-29,2026-08-03,23,からつ,一般,２４４　５　３３６　６６,5009,大賀 龍之介,2026-09-20,2026-09-25,10,三国,一般,２４１　１３２　５４６２,2026-09-11,2026-09-16,12,住之江,一般,３　６４２６６　４　５,2026-08-27,2026-09-01,07,蒲郡,一般,６４２６３　２　２６３,2026-07-19,2026-07-24,22,福岡,ＧⅢ,６　１　６６４　１４５６,2026-06-30,2026-07-05,23,からつ,一般,１６３　６３４２２４５２,3699,富永 正人,2026-09-12,2026-09-15,10,三国,一般,１　４２３２[４],2026-08-30,2026-09-03,08,常滑,一般,４　５２３５１６２,2026-08-17,2026-08-20,20,若松,一般,４　４６５５２,2026-08-04,2026-08-09,12,住之江,一般,２　５４３　１３４６１３,2026-07-22,2026-07-26,13,尼崎,一般,６　５６２　４６４,5038,金田 智博,2026-09-20,2026-09-25,10,三国,一般,２４３　１４４３１２[５],2026-09-11,2026-09-14,02,戸田,一般,３３１　１５４２,2026-08-28,2026-09-02,05,多摩川,ＧⅢ,３３２　１５５４２　１２,2026-08-14,2026-08-19,10,三国,一般,２５４　１５１４２３２１,2026-08-05,2026-08-10,09,津,一般,１４２４１　１２１２[３]
202610012209,2026-10-01,22,09R,4227,安達 裕樹,2026-09-19,2026-09-24,06,浜名湖,一般,３　４１６５２　２６３,2026-09-09,2026-09-13,05,多摩川,一般,１３３２１　５２[２],2026-08-30,2026-09-02,21,芦屋,一般,１５１２４５４５,2026-07-23,2026-07-28,03,江戸川,ＧⅢ,４３６　４２１　２５２３,2026-07-13,2026-07-18,07,蒲郡,ＧⅡ,６　３４４　２３３　１５,4816,村松 修二,2026-09-21,2026-09-26,18,徳山,一般,２３１２１４３　１６１５,2026-09-09,2026-09-15,20,若松,一般,２２２　６６３２１６４　１６,2026-08-27,2026-08-31,04,平和島,一般,１　２４６４２１１３,2026-08-14,2026-08-19,17,宮島,一般,１１２６１５５　４２３,2026-07-28,2026-08-02,16,児島,一般,５３２２１２１　３３３４,4210,松村 康太,2026-09-20,2026-09-25,10,三国,一般,２３２　２５３　３５転,2026-09-09,2026-09-13,05,多摩川,一般,５　１３３３１４３１,2026-08-26,2026-08-30,14,鳴門,一般,３３５　１５４　１１,2026-08-14,2026-08-19,10,三国,一般,１４１２５４１　５４５４,2026-08-06,2026-08-09,02,戸田,一般,３４４　５４３３,5006,久保原 秀人,2026-09-17,2026-09-20,24,大村,一般,３　３５５　５４,2026-09-01,2026-09-06,12,住之江,一般,３　５２５　５６６　４５,2026-08-15,2026-08-20,05,多摩川,一般,５　５５５　６５６　２,2026-08-04,2026-08-09,10,三国,一般,３６６　６　６５５　６５,2026-07-21,2026-07-26,23,からつ,一般,５　６５５６６　４５５,5337,出畑 孝成,2026-09-22,2026-09-27,08,常滑,一般,５　６６１　５２５　２６,2026-09-13,2026-09-18,07,蒲郡,一般,２３６３転　６　５３２,2026-08-25,2026-08-30,17,宮島,一般,６　２３５５５　３３５,2026-08-12,2026-08-17,22,福岡,一般,４　２５３　４エ５　２３,2026-07-22,2026-07-27,14,鳴門,一般,１　５６４２５　３５４４,4441,末永 由楽,2026-09-20,2026-09-25,10,三国,一般,２　１　３５１２２２[６],2026-09-07,2026-09-12,16,児島,一般,１１２３２　１４５１[１],2026-08-30,2026-09-03,08,常滑,一般,２　１４５３１４４３,2026-08-20,2026-08-23,23,からつ,一般,１６５２２５３５,2026-08-08,2026-08-13,16,児島,一般,３５１　１６５　１２２５
202610012210,2026-10-01,22,10R,3265,今村 暢孝,2026-09-17,2026-09-20,24,大村,一般,４４４　２　４５,2026-09-09,2026-09-13,17,宮島,一般,１　４４４３３２[３],2026-08-30,2026-09-02,21,芦屋,一般,４６５６５　３２,2026-08-17,2026-08-21,15,丸亀,一般,４　４４３１４４４２,2026-07-28,2026-08-02,16,児島,一般,１　２５４２１３２５１妨,3711,江本 真治,2026-09-19,2026-09-24,06,浜名湖,一般,４４１　３６４　４　４,2026-09-11,2026-09-14,02,戸田,一般,２　３４３２１１,2026-08-31,2026-09-05,18,徳山,一般,４３５　４３３２３１５３,2026-08-19,2026-08-24,19,下関,一般,１　３３２６３３１６１６,2026-07-13,2026-07-18,07,蒲郡,ＧⅡ,２　２４５　６　２５３４,3224,栗山 繁洋,2026-09-15,2026-09-20,14,鳴門,一般,４６１　５　６６１　４６,2026-09-01,2026-09-05,13,尼崎,一般,４　５５５　６１４,2026-08-20,2026-08-25,21,芦屋,一般,６　６エ,2026-08-06,2026-08-10,24,大村,一般,２５３　１５６　６６,2026-07-28,2026-08-02,15,丸亀,一般,１４５　３６５　５　３２,4220,深川 和仁,2026-09-17,2026-09-21,15,丸亀,一般,１　１２１１４F２,2026-08-31,2026-09-05,18,徳山,一般,１３４　１３４　４２[６],2026-08-17,2026-08-21,15,丸亀,一般,１　１５４　５５１３,2026-08-05,2026-08-10,09,津,一般,５　４４３　３１１６５４,2026-07-22,2026-07-27,14,鳴門,一般,３　２５４１３４１５１６,4311,岡村 仁,2026-09-20,2026-09-25,01,桐生,一般,１　４５５４１　３６４３,2026-09-11,2026-09-16,12,住之江,一般,６６６　１　１２１４４１,2026-08-26,2026-08-31,11,びわこ,一般,４２４　４２１２１６２５,2026-08-13,2026-08-18,12,住之江,一般,４５２　２４５　４２２,2026-08-06,2026-08-09,02,戸田,一般,４３２　１１[６],4428,有賀 達也,2026-09-19,2026-09-24,06,浜名湖,一般,１４４２４　２　１５２１,2026-09-09,2026-09-13,17,宮島,一般,３　１１４４１３１３,2026-08-27,2026-08-31,04,平和島,一般,１　３３１２３３[４],2026-08-12,2026-08-17,02,戸田,一般,５４２　１２４　２　[５],2026-08-02,2026-08-05,21,芦屋,一般,３４５２４　２６
202610012211,2026-10-01,22,11R,4459,片岡 雅裕,2026-09-18,2026-09-24,02,戸田,一般,２４３５２　３２２２[５],2026-09-04,2026-09-08,07,蒲郡,一般,２３２１１５２１[２],2026-07-28,2026-08-02,11,びわこ,ＳＧ,１　６５６　２　１２６,2026-07-18,2026-07-22,10,三国,一般,１１４３３　２６１６,2026-06-23,2026-06-28,14,鳴門,ＳＧ,５４３　５　４６５　４,4788,小池 哲也,2026-09-17,2026-09-20,24,大村,一般,２　５４３　３１,2026-09-07,2026-09-12,16,児島,一般,５　１３２４１３１６５６,2026-08-27,2026-09-01,07,蒲郡,一般,５　３１２　４４３１５６,2026-08-13,2026-08-18,12,住之江,一般,３　２６５　４３３　３２,2026-08-02,2026-08-05,21,芦屋,一般,５３５２４　４３,4579,中嶋 健一郎,2026-09-21,2026-09-28,09,津,一般,　　２１１３４６１　３３３２,2026-09-11,2026-09-16,12,住之江,一般,２　６３２　４２５　１６,2026-08-26,2026-08-30,14,鳴門,一般,１１４５２　６３２１,2026-08-15,2026-08-20,09,津,一般,１６１　２３１３４３４１,2026-08-08,2026-08-11,05,多摩川,一般,３１２６３　６２,4645,上村 純一,2026-09-18,2026-09-23,12,住之江,一般,１４２　２１１　１１[１],2026-09-09,2026-09-13,05,多摩川,一般,３６３３３１２６１５,2026-08-26,2026-08-30,14,鳴門,一般,３３１１３１２１[３],2026-08-11,2026-08-16,01,桐生,一般,５５２　２５３　３２４,2026-08-02,2026-08-05,21,芦屋,一般,２３１３１１[４],3745,橋本 年光,2026-09-16,2026-09-20,23,からつ,一般,３１３４３４４５１３,2026-09-01,2026-09-05,13,尼崎,一般,１１５　２６３６１３,2026-08-20,2026-08-25,21,芦屋,一般,５４２　１２４３４５２４,2026-08-04,2026-08-09,10,三国,一般,５３６　３４３　４３３４,2026-07-24,2026-07-27,02,戸田,一般,１４２１２　[３],5092,篠原 晟弥,2026-09-22,2026-09-27,20,若松,ＧⅠ,５　４　１６６　４５６,2026-08-12,2026-08-17,22,福岡,一般,５６２　２５４３１　３２,2026-07-30,2026-08-04,08,常滑,一般,２１３５５　３２１３４１,2026-07-19,2026-07-24,22,福岡,ＧⅢ,５２３　６　４４６２２,2026-06-30,2026-07-05,16,児島,ＧⅡ,３　２４５　１　F　５
202610012212,2026-10-01,22,12R,5121,定松 勇樹,2026-08-25,2026-08-30,01,桐生,ＳＧ,５１４　１４２　２　[４],2026-08-09,2026-08-14,23,からつ,一般,１４３　６３１１２３３４,2026-07-28,2026-08-02,11,びわこ,ＳＧ,１　３３３１３　１　[１],2026-07-19,2026-07-24,22,福岡,ＧⅢ,２　２４５１２　１　[２],2026-06-23,2026-06-28,14,鳴門,ＳＧ,６　１　４２２　５　２５,3473,石川 真二,2026-09-21,2026-09-26,18,徳山,一般,４　１１３３１１４１[１],2026-09-09,2026-09-14,21,芦屋,一般,４F１　１　４　３２１２,2026-08-26,2026-08-31,11,びわこ,一般,３５２６１　２３１２[４],2026-08-17,2026-08-20,20,若松,一般,１１１１１２[４],2026-08-06,2026-08-10,24,大村,一般,２　１１２２１４１２,5068,前田 滉,2026-09-13,2026-09-18,07,蒲郡,一般,２１３４１１１１３１[３],2026-09-02,2026-09-06,17,宮島,一般,１３１３１１２１[１],2026-08-24,2026-08-29,13,尼崎,一般,２６５１１　５１１３３１,2026-08-11,2026-08-16,07,蒲郡,一般,１６３１１１２１２２[４],2026-07-29,2026-08-01,18,徳山,一般,１４１２３１[１],4184,渡邊 雄一郎,2026-09-16,2026-09-20,23,からつ,一般,４２４４１１３２[６],2026-09-07,2026-09-11,13,尼崎,一般,１３１２３３１４１３,2026-08-26,2026-08-30,14,鳴門,一般,１２１２４３１４,2026-07-24,2026-07-27,12,住之江,一般,１４３１３６２５,2026-07-15,2026-07-19,17,宮島,一般,１１１５２１３１[４],5016,宮田 龍馬,2026-09-22,2026-09-27,20,若松,ＧⅠ,３３１　１　３６３　３１,2026-09-07,2026-09-12,24,大村,ＧⅠ,６　３　２３５　１６４２,2026-08-26,2026-08-31,11,びわこ,一般,１５２１３２１　３１[１],2026-08-17,2026-08-21,13,尼崎,一般,１１１３３４１２[３],2026-08-05,2026-08-10,14,鳴門,一般,１　３５２４４２１４３２,4798,浜先 真範,2026-09-20,2026-09-25,01,桐生,一般,１３３　３１１３３２[１],2026-09-11,2026-09-15,06,浜名湖,一般,１１４２２１４２[４],2026-08-29,2026-09-03,19,下関,一般,５　１３４３１２１　２２,2026-08-16,2026-08-19,14,鳴門,一般,１４１３３１[２],2026-08-03,2026-08-08,17,宮島,一般,３５３　４４３１２５１４
202610012301,2026-10-01,23,01R,4108,吉村 正明,2026-09-13,2026-09-18,11,びわこ,一般,４　３２６２２２４１[６],2026-08-29,2026-09-03,19,下関,一般,１４３　２２１３２２[４],2026-08-15,2026-08-20,18,徳山,一般,２５４　６６１１３６５５,2026-07-31,2026-08-03,20,若松,一般,６１２４４６１４,2026-07-24,2026-07-27,12,住之江,一般,５　１３６１１,5204,宇恵 有香,2026-09-12,2026-09-17,09,津,一般,２　３５４　２４５２１,2026-08-26,2026-08-30,14,鳴門,一般,６５４　６　２３６５,2026-08-15,2026-08-20,09,津,一般,５３６　２５４　４　４２,2026-08-08,2026-08-11,05,多摩川,一般,４　１６１　１４,2026-07-31,2026-08-05,01,桐生,ＧⅢ,３　６１６　３１５２[５],5248,本田 愛,2026-09-09,2026-09-15,20,若松,一般,６　６４６　４６１　４　３３,2026-08-30,2026-09-04,06,浜名湖,ＧⅢ,３　１１５　１２２２[３],2026-08-11,2026-08-16,06,浜名湖,一般,２　３６２　２２１転６,2026-07-23,2026-07-28,21,芦屋,一般,６　６６４　６２５３３１,2026-07-10,2026-07-15,06,浜名湖,一般,４５３　１４１　１５１２,4119,泥谷 一毅,2026-09-12,2026-09-17,09,津,一般,５　１２１　３６２４６２,2026-08-30,2026-09-02,21,芦屋,一般,２１２　２４１２,2026-08-15,2026-08-20,11,びわこ,一般,６欠,2026-07-31,2026-08-05,05,多摩川,一般,１３２　１　３４３４３５,2026-07-18,2026-07-22,10,三国,一般,４　４１４３６５２５,4638,小林 遼太,2026-09-09,2026-09-14,21,芦屋,一般,２　１４２　５５３３６２,2026-08-22,2026-08-27,08,常滑,ＧⅢ,６　４５２　４５３　６５,2026-08-07,2026-08-12,20,若松,一般,１　２６３５６２１　４５,2026-07-24,2026-07-29,17,宮島,一般,５３４　１３１　１６２６,2026-07-14,2026-07-19,01,桐生,一般,３６１　３４２　１４１３,5429,吉川 颯汰,2026-09-09,2026-09-15,20,若松,一般,６　６５６　６５４　６　６５,2026-08-20,2026-08-23,23,からつ,一般,６６６　６６６,2026-07-28,2026-08-02,15,丸亀,一般,６６５　６　６５６　６,2026-07-02,2026-07-06,21,芦屋,一般,６　６３６　転　転６,2026-06-22,2026-06-27,22,福岡,一般,６　６６６　６６６６６
202610012302,2026-10-01,23,02R,3918,深井 利寿,2026-09-13,2026-09-18,11,びわこ,一般,３５１１１　３２５１[２],2026-08-31,2026-09-05,20,若松,ＧⅢ,１　３１３２３１１２[２],2026-08-15,2026-08-20,09,津,一般,転３２　４３３　２３３,2026-08-04,2026-08-09,10,三国,一般,３　２２１４３３２２[６],2026-07-23,2026-07-28,21,芦屋,一般,５１３２３５１　２４１１,5324,畑田 希咲,2026-09-12,2026-09-17,08,常滑,一般,５　６５６　４１４５４５,2026-08-30,2026-09-04,06,浜名湖,ＧⅢ,６４２　３３５　４４４,2026-08-09,2026-08-14,13,尼崎,一般,６　５６４　３４５　３,2026-07-25,2026-07-30,04,平和島,一般,５　５５４　４３２　５５,2026-07-13,2026-07-18,13,尼崎,ＧⅢ,５　５５５　４６４　６,4112,大久保信一郎,2026-09-20,2026-09-25,10,三国,一般,２５　　２４４転３　１４,2026-08-14,2026-08-19,17,宮島,一般,３１３　１５２６３５２２,2026-07-29,2026-08-03,23,からつ,一般,２　１６２１２２５２[２],2026-07-18,2026-07-21,04,平和島,一般,４　４２３４５３,2026-07-09,2026-07-14,15,丸亀,一般,４　３５２F１５２　４,4154,森安 弘雅,2026-09-17,2026-09-21,15,丸亀,一般,１２２　４２３１[３],2026-08-31,2026-09-05,20,若松,ＧⅢ,１２２　３２５５２４６５,2026-08-17,2026-08-21,15,丸亀,一般,４　５３３　６　６２,2026-08-04,2026-08-09,10,三国,一般,４　４６２　２６３３４３,2026-07-22,2026-07-27,14,鳴門,一般,２６１　６２４１６４１４,4733,赤井 睦,2026-09-06,2026-09-11,14,鳴門,一般,３　２６１１１５３５１６,2026-08-27,2026-08-31,04,平和島,一般,１３５４２　１　５４,2026-07-31,2026-08-05,01,桐生,ＧⅢ,１１５１３　５１６３６１,2026-07-13,2026-07-18,13,尼崎,ＧⅢ,４５３　２４１　３４３６,2026-06-25,2026-06-29,18,徳山,一般,４　２１６１２４４２,5423,高橋 嗣穏,2026-09-07,2026-09-12,16,児島,一般,６６F　５　６　６　４,2026-08-16,2026-08-19,14,鳴門,一般,６　６６６　６６,2026-08-05,2026-08-10,14,鳴門,一般,６　６６６５６　４　６６,2026-07-22,2026-07-26,13,尼崎,一般,５　６　６６６　５６,2026-07-05,2026-07-09,24,大村,一般,６　６６６　５　５６
202610012303,2026-10-01,23,03R,4121,富永 修一,2026-09-17,2026-09-20,24,大村,一般,３　１２２５１２,2026-09-07,2026-09-11,13,尼崎,一般,２６２　２２４３３５,2026-08-25,2026-08-30,17,宮島,一般,２　１４１４５５１５３２,2026-08-12,2026-08-17,22,福岡,一般,４３１４４２４　１５１４,2026-08-02,2026-08-05,21,芦屋,一般,１３４５３１２５,5110,杉山 喜一,2026-09-11,2026-09-16,12,住之江,一般,３　２４６　３３２　６１,2026-08-30,2026-09-03,08,常滑,一般,５４６３１　５６６,2026-07-18,2026-07-23,09,津,ＧⅢ,５　６　６５５　４６３５,2026-07-02,2026-07-07,04,平和島,一般,５４５　１　４５３　２５,2026-06-21,2026-06-24,19,下関,一般,２　３４１４２３,5297,南 彩寧,2026-09-12,2026-09-17,08,常滑,一般,６　５６６１５５５　６５,2026-08-18,2026-08-23,16,児島,一般,５１６　２４４　１３５６,2026-08-09,2026-08-14,13,尼崎,一般,５　４４６　５４５　５,2026-07-25,2026-07-30,04,平和島,一般,６６６　６,2026-07-07,2026-07-12,11,びわこ,一般,５　６１５３４　６６４,4866,橋本 英一,2026-09-11,2026-09-14,02,戸田,一般,５　２３３５３３,2026-08-26,2026-08-31,11,びわこ,一般,３２５　５２５　６５２,2026-08-12,2026-08-17,22,福岡,一般,４　４４６　１５６　３４,2026-07-24,2026-07-29,17,宮島,一般,１５３　６６１　４　５５,2026-07-14,2026-07-17,24,大村,一般,６　３３４　１６,3541,三嶌 誠司,2026-09-18,2026-09-23,03,江戸川,一般,１２１　３１６欠,2026-09-09,2026-09-14,21,芦屋,一般,１　５５１４２３１４２２,2026-08-25,2026-08-30,17,宮島,一般,２３３　２３３２４４１２,2026-08-17,2026-08-20,20,若松,一般,３３４　３２１１,2026-07-31,2026-08-05,06,浜名湖,ＧⅢ,１３６３転　２５５　４１,4747,山戸 信二,2026-09-13,2026-09-18,11,びわこ,一般,転５６　４　５４６５２,2026-08-27,2026-08-31,04,平和島,一般,６　６　６６４６５,2026-08-11,2026-08-16,19,下関,一般,６６５　４３４６５　４,2026-06-06,2026-06-10,06,浜名湖,一般,５６６　５　５３２５,2026-05-22,2026-05-26,23,からつ,一般,３３６　６６４　５６
202610012304,2026-10-01,23,04R,4782,浜崎 準也,2026-09-16,2026-09-21,13,尼崎,一般,６３４　５６１　６　３３,2026-09-01,2026-09-04,24,大村,一般,２２３　１２[６],2026-08-20,2026-08-23,02,戸田,一般,５　６４４５６６,2026-08-08,2026-08-13,16,児島,一般,６４４　１２１　３５３２,2026-07-22,2026-07-26,08,常滑,一般,４　５２６　４５６２,3853,岩崎 正哉,2026-09-18,2026-09-23,12,住之江,一般,２３３　１６２　３３５１,2026-09-07,2026-09-11,13,尼崎,一般,４　４４５１４　１２,2026-08-20,2026-08-25,21,芦屋,一般,３　１２４１５１１４２２,2026-08-05,2026-08-10,14,鳴門,一般,２６５４５　２４２　１,2026-07-28,2026-07-31,24,大村,一般,３３１　３４４６,4472,尾嶋 一広,2026-09-18,2026-09-23,12,住之江,一般,２２１　３２２２４１[２],2026-09-03,2026-09-08,09,津,ＧⅠ,６　４　３２６　６６３,2026-08-20,2026-08-23,02,戸田,一般,４２５　１５２転,2026-08-09,2026-08-14,13,尼崎,一般,３　１２１４５　１　[３],2026-07-23,2026-07-28,03,江戸川,ＧⅢ,４　１１１　５１３　[３],3212,亀本 勇樹,2026-09-13,2026-09-17,19,下関,一般,５　３４３４４　４４,2026-08-26,2026-08-31,11,びわこ,一般,４　F２４　６　３　５,2026-08-14,2026-08-19,17,宮島,一般,５　１５４　４２２４３,2026-08-05,2026-08-10,09,津,一般,４　５４４　４４,2026-07-20,2026-07-25,15,丸亀,一般,６　５６５　４欠,5039,倉田 茂将,2026-09-15,2026-09-20,14,鳴門,一般,３　３２２３４　１２[６],2026-08-24,2026-08-28,15,丸亀,一般,５　５　３３１　６４,2026-07-18,2026-07-23,09,津,ＧⅢ,６　４　６４６　５２４３,2026-07-03,2026-07-08,12,住之江,一般,３５４　１５５　４　２６,2026-06-16,2026-06-21,18,徳山,ＧⅢ,６４１　６６５５６　６２,4575,戸塚 邦好,2026-09-18,2026-09-23,03,江戸川,一般,４　１４１３２　１１,2026-09-03,2026-09-08,10,三国,一般,４２１　１６２３４６１５,2026-08-16,2026-08-19,14,鳴門,一般,５４４３５　３４,2026-07-23,2026-07-28,03,江戸川,ＧⅢ,５　２６２　１２６　２５,2026-07-14,2026-07-17,24,大村,一般,１４１　１５４４
202610012305,2026-10-01,23,05R,4989,石原 翼,2026-08-11,2026-08-16,07,蒲郡,一般,２　２６２４５　６２３,2026-07-31,2026-08-03,20,若松,一般,５６１５３　２４,2026-07-18,2026-07-23,09,津,ＧⅢ,５F４　２　１３３　５,2026-07-09,2026-07-13,14,鳴門,一般,５　２５５１２３１１,2026-06-30,2026-07-05,16,児島,ＧⅡ,５　２　５５１　５１２５,5014,梶山 涼斗,2026-09-09,2026-09-15,20,若松,一般,４６６　２５３　６３３　４５,2026-08-03,2026-08-08,17,宮島,一般,６　２４４　４６５２３,2026-07-22,2026-07-26,13,尼崎,一般,６５６　６６６　２,2026-06-30,2026-07-05,23,からつ,一般,１２５　F６５　５　５,2026-06-17,2026-06-20,07,蒲郡,一般,３５２　１１４４,4359,横川 聖志,2026-09-18,2026-09-24,02,戸田,一般,３　６２１３５５３６６２,2026-09-07,2026-09-12,16,児島,一般,４　４２１落,2026-08-26,2026-08-30,14,鳴門,一般,２　２６３４５３５３,2026-08-15,2026-08-20,18,徳山,一般,４４５　２３２５４　５１,2026-07-07,2026-07-12,08,常滑,一般,３　３２１１１５１２[６],4229,市川 美宏,2026-09-11,2026-09-16,12,住之江,一般,４１６　３３１　３５３５,2026-08-30,2026-09-02,21,芦屋,一般,６　６４６　３３,2026-08-15,2026-08-20,09,津,一般,４４５　６　２６６　２４,2026-07-31,2026-08-04,13,尼崎,一般,６　５４４　１３４４,2026-07-17,2026-07-20,02,戸田,一般,３　３３６５２２,5429,吉川 颯汰,2026-09-09,2026-09-15,20,若松,一般,６　６５６　６５４　６　６５,2026-08-20,2026-08-23,23,からつ,一般,６６６　６６６,2026-07-28,2026-08-02,15,丸亀,一般,６６５　６　６５６　６,2026-07-02,2026-07-06,21,芦屋,一般,６　６３６　転　転６,2026-06-22,2026-06-27,22,福岡,一般,６　６６６　６６６６６,4174,赤坂 俊輔,2026-09-18,2026-09-23,03,江戸川,一般,６　２６３　２１４２,2026-09-07,2026-09-12,24,大村,ＧⅠ,２　３　１３４　３　３１,2026-08-29,2026-09-03,16,児島,一般,１５４転,2026-08-20,2026-08-23,24,大村,一般,４２１５２５２５,2026-08-07,2026-08-11,15,丸亀,一般,２６４３１２２６４
202610012306,2026-10-01,23,06R,5248,本田 愛,2026-09-09,2026-09-15,20,若松,一般,６　６４６　４６１　４　３３,2026-08-30,2026-09-04,06,浜名湖,ＧⅢ,３　１１５　１２２２[３],2026-08-11,2026-08-16,06,浜名湖,一般,２　３６２　２２１転６,2026-07-23,2026-07-28,21,芦屋,一般,６　６６４　６２５３３１,2026-07-10,2026-07-15,06,浜名湖,一般,４５３　１４１　１５１２,4172,森定 晃史,2026-09-18,2026-09-23,03,江戸川,一般,２５１　３２２４２２,2026-09-07,2026-09-11,13,尼崎,一般,４６４１４　４　５１,2026-08-22,2026-08-27,22,福岡,一般,３６２　３４１５２４４４,2026-08-11,2026-08-16,19,下関,一般,３４５　２　３５３　６３,2026-07-24,2026-07-27,02,戸田,一般,２５１３３　３１,4000,松本 博昭,2026-09-18,2026-09-23,12,住之江,一般,４２３　５５１　４６２,2026-09-05,2026-09-11,03,江戸川,一般,２２１　４３２　１６２１,2026-08-25,2026-08-30,17,宮島,一般,３　２３２２１３１３４３,2026-08-05,2026-08-10,14,鳴門,一般,３５５２３２３　５３４３,2026-07-24,2026-07-27,06,浜名湖,一般,２　１６２４２４,4417,服部 剛,2026-08-29,2026-09-03,19,下関,一般,２　４２２６２４２　４,2026-08-16,2026-08-19,14,鳴門,一般,５　５４５　２４,2026-07-31,2026-08-03,20,若松,一般,２５５　６４６,2026-07-15,2026-07-21,12,住之江,一般,４２４　３４３　４４１６３５,2026-06-22,2026-06-27,23,からつ,一般,１１６　２　転欠,3983,須藤 博倫,2026-09-16,2026-09-21,05,多摩川,ＧⅠ,４　５１２　３６６３６,2026-09-07,2026-09-12,24,大村,ＧⅠ,４１５　６６４　４４５,2026-08-26,2026-08-30,14,鳴門,一般,１４２１４１１２[２],2026-08-12,2026-08-17,02,戸田,一般,１３３２３６１　５　１２,2026-07-31,2026-08-05,06,浜名湖,ＧⅢ,３１４３２５４　３６１３,5324,畑田 希咲,2026-09-12,2026-09-17,08,常滑,一般,５　６５６　４１４５４５,2026-08-30,2026-09-04,06,浜名湖,ＧⅢ,６４２　３３５　４４４,2026-08-09,2026-08-14,13,尼崎,一般,６　５６４　３４５　３,2026-07-25,2026-07-30,04,平和島,一般,５　５５４　４３２　５５,2026-07-13,2026-07-18,13,尼崎,ＧⅢ,５　５５５　４６４　６
202610012307,2026-10-01,23,07R,3175,渡辺 千草,2026-09-09,2026-09-15,20,若松,一般,２　２５５５３　３　３３１２,2026-08-27,2026-08-31,04,平和島,一般,２３２　４５６　２５,2026-08-12,2026-08-17,24,大村,ＧⅢ,５　３４３　３４１　４２,2026-07-31,2026-08-05,01,桐生,ＧⅢ,５３２　２４３　３６２６,2026-07-19,2026-07-24,19,下関,ＧⅢ,５　４２５　３６５　２６,4543,重木 輝彦,2026-09-18,2026-09-23,03,江戸川,一般,２　転２,2026-09-07,2026-09-12,24,大村,ＧⅠ,６　１　４５３　４３３６,2026-08-29,2026-09-03,16,児島,一般,４４１２３６１　１３２２,2026-08-20,2026-08-25,21,芦屋,一般,１２３　２２１２３１[４],2026-08-09,2026-08-14,13,尼崎,一般,４３１　４４２　４１２４,4764,小池 礼乃,2026-09-22,2026-09-27,22,福岡,一般,２６２　３４６　４６１５,2026-09-12,2026-09-17,08,常滑,一般,２１１　６２１２１２[６],2026-08-28,2026-08-31,23,からつ,一般,４　５２２５１４,2026-08-10,2026-08-15,21,芦屋,一般,３　６２１　５５２　３５,2026-07-18,2026-07-21,20,若松,一般,１５６３５　３２,4948,木場 悠介,2026-09-13,2026-09-18,22,福岡,一般,６６１　３　１５４１１１,2026-08-22,2026-08-27,08,常滑,ＧⅢ,１　５４２４４　２５６２,2026-08-06,2026-08-10,24,大村,一般,１４５５４　３５４４,2026-07-23,2026-07-27,01,桐生,一般,１４５　１５１２[５],2026-07-11,2026-07-14,04,平和島,一般,４　３５２５３２,5423,高橋 嗣穏,2026-09-07,2026-09-12,16,児島,一般,６６F　５　６　６　４,2026-08-16,2026-08-19,14,鳴門,一般,６　６６６　６６,2026-08-05,2026-08-10,14,鳴門,一般,６　６６６５６　４　６６,2026-07-22,2026-07-26,13,尼崎,一般,５　６　６６６　５６,2026-07-05,2026-07-09,24,大村,一般,６　６６６　５　５６,3319,山崎 義明,2026-09-17,2026-09-22,16,児島,一般,２　５６３　１１３４１３,2026-09-05,2026-09-10,01,桐生,一般,５４１　４６４　２３４１,2026-08-22,2026-08-27,22,福岡,一般,３　３３３２６４１５１４,2026-08-11,2026-08-16,04,平和島,一般,４２４　１２２６４５３５,2026-07-31,2026-08-05,06,浜名湖,ＧⅢ,１　３３３４５２１２[６]
202610012308,2026-10-01,23,08R,4154,森安 弘雅,2026-09-17,2026-09-21,15,丸亀,一般,１２２　４２３１[３],2026-08-31,2026-09-05,20,若松,ＧⅢ,１２２　３２５５２４６５,2026-08-17,2026-08-21,15,丸亀,一般,４　５３３　６　６２,2026-08-04,2026-08-09,10,三国,一般,４　４６２　２６３３４３,2026-07-22,2026-07-27,14,鳴門,一般,２６１　６２４１６４１４,4747,山戸 信二,2026-09-13,2026-09-18,11,びわこ,一般,転５６　４　５４６５２,2026-08-27,2026-08-31,04,平和島,一般,６　６　６６４６５,2026-08-11,2026-08-16,19,下関,一般,６６５　４３４６５　４,2026-06-06,2026-06-10,06,浜名湖,一般,５６６　５　５３２５,2026-05-22,2026-05-26,23,からつ,一般,３３６　６６４　５６,5204,宇恵 有香,2026-09-12,2026-09-17,09,津,一般,２　３５４　２４５２１,2026-08-26,2026-08-30,14,鳴門,一般,６５４　６　２３６５,2026-08-15,2026-08-20,09,津,一般,５３６　２５４　４　４２,2026-08-08,2026-08-11,05,多摩川,一般,４　１６１　１４,2026-07-31,2026-08-05,01,桐生,ＧⅢ,３　６１６　３１５２[５],4483,北野 輝季,2026-09-18,2026-09-23,03,江戸川,一般,２３１　４１１　[３],2026-09-07,2026-09-12,24,大村,ＧⅠ,５４２　６　１２４４５２,2026-08-26,2026-08-31,11,びわこ,一般,５１２　１１１１３１[５],2026-08-17,2026-08-21,13,尼崎,一般,２５１１１１３１[１],2026-08-03,2026-08-08,04,平和島,ＧⅢ,３２１　３６２２４３１２,4253,西川 真人,2026-09-11,2026-09-16,12,住之江,一般,２　２６３　５４６　３５,2026-09-01,2026-09-05,13,尼崎,一般,６６６　４　１６５,2026-08-15,2026-08-20,11,びわこ,一般,１４５　３５４　５３４,2026-08-02,2026-08-05,21,芦屋,一般,５５５　３　３３,2026-07-22,2026-07-26,08,常滑,一般,３３４　２　１４４４,3212,亀本 勇樹,2026-09-13,2026-09-17,19,下関,一般,５　３４３４４　４４,2026-08-26,2026-08-31,11,びわこ,一般,４　F２４　６　３　５,2026-08-14,2026-08-19,17,宮島,一般,５　１５４　４２２４３,2026-08-05,2026-08-10,09,津,一般,４　５４４　４４,2026-07-20,2026-07-25,15,丸亀,一般,６　５６５　４欠
202610012309,2026-10-01,23,09R,5039,倉田 茂将,2026-09-15,2026-09-20,14,鳴門,一般,３　３２２３４　１２[６],2026-08-24,2026-08-28,15,丸亀,一般,５　５　３３１　６４,2026-07-18,2026-07-23,09,津,ＧⅢ,６　４　６４６　５２４３,2026-07-03,2026-07-08,12,住之江,一般,３５４　１５５　４　２６,2026-06-16,2026-06-21,18,徳山,ＧⅢ,６４１　６６５５６　６２,4389,伊藤 喜智,2026-09-18,2026-09-23,12,住之江,一般,１４２　３４５４２５２４,2026-09-09,2026-09-14,21,芦屋,一般,２　１６３３５４１６２５,2026-08-25,2026-08-30,17,宮島,一般,３　３５４４４５,2026-08-13,2026-08-18,12,住之江,一般,４２３　４６３　５　６３,2026-07-31,2026-08-05,05,多摩川,一般,２　５３２　１５１２[５],4072,森永 淳,2026-09-17,2026-09-21,15,丸亀,一般,１３,2026-09-07,2026-09-12,16,児島,一般,３６２５３１２　４５１６,2026-08-09,2026-08-14,23,からつ,一般,１２１　３１１２１２[４],2026-08-02,2026-08-05,21,芦屋,一般,１１３４１１[２],2026-07-21,2026-07-26,23,からつ,一般,１１１　１３２１２５１２,5297,南 彩寧,2026-09-12,2026-09-17,08,常滑,一般,６　５６６１５５５　６５,2026-08-18,2026-08-23,16,児島,一般,５１６　２４４　１３５６,2026-08-09,2026-08-14,13,尼崎,一般,５　４４６　５４５　５,2026-07-25,2026-07-30,04,平和島,一般,６６６　６,2026-07-07,2026-07-12,11,びわこ,一般,５　６１５３４　６６４,5106,山崎 祥,2026-09-18,2026-09-23,12,住之江,一般,３　６６１　１４２５３５,2026-09-04,2026-09-09,11,びわこ,一般,３１１４２　２３４５１６,2026-08-26,2026-08-30,14,鳴門,一般,２５４２４　３　１４,2026-08-11,2026-08-16,19,下関,一般,５　４４２　４４３６１,2026-07-29,2026-08-01,18,徳山,一般,１５５　３４１６,5407,中岡 駿,2026-08-24,2026-08-28,15,丸亀,一般,６３６　４　５６３４,2026-08-16,2026-08-19,14,鳴門,一般,６　４６２　１６,2026-07-30,2026-08-04,08,常滑,一般,５　５５５　５３５　４６,2026-07-15,2026-07-20,18,徳山,一般,６５４　２２６　２　F４,2026-07-01,2026-07-06,22,福岡,一般,１６５　４６５　６　３６
202610012310,2026-10-01,23,10R,4638,小林 遼太,2026-09-09,2026-09-14,21,芦屋,一般,２　１４２　５５３３６２,2026-08-22,2026-08-27,08,常滑,ＧⅢ,６　４５２　４５３　６５,2026-08-07,2026-08-12,20,若松,一般,１　２６３５６２１　４５,2026-07-24,2026-07-29,17,宮島,一般,５３４　１３１　１６２６,2026-07-14,2026-07-19,01,桐生,一般,３６１　３４２　１４１３,3918,深井 利寿,2026-09-13,2026-09-18,11,びわこ,一般,３５１１１　３２５１[２],2026-08-31,2026-09-05,20,若松,ＧⅢ,１　３１３２３１１２[２],2026-08-15,2026-08-20,09,津,一般,転３２　４３３　２３３,2026-08-04,2026-08-09,10,三国,一般,３　２２１４３３２２[６],2026-07-23,2026-07-28,21,芦屋,一般,５１３２３５１　２４１１,4989,石原 翼,2026-08-11,2026-08-16,07,蒲郡,一般,２　２６２４５　６２３,2026-07-31,2026-08-03,20,若松,一般,５６１５３　２４,2026-07-18,2026-07-23,09,津,ＧⅢ,５F４　２　１３３　５,2026-07-09,2026-07-13,14,鳴門,一般,５　２５５１２３１１,2026-06-30,2026-07-05,16,児島,ＧⅡ,５　２　５５１　５１２５,3771,折下 寛法,2026-09-14,2026-09-19,04,平和島,一般,１１１　３４５４４４４２,2026-09-01,2026-09-04,24,大村,一般,５　１３５４３４,2026-08-19,2026-08-24,19,下関,一般,５１４６６　４４３　３６,2026-08-06,2026-08-09,02,戸田,一般,２５６　４５４１,2026-07-23,2026-07-28,03,江戸川,ＧⅢ,３　５６３　４３４４２２,4121,富永 修一,2026-09-17,2026-09-20,24,大村,一般,３　１２２５１２,2026-09-07,2026-09-11,13,尼崎,一般,２６２　２２４３３５,2026-08-25,2026-08-30,17,宮島,一般,２　１４１４５５１５３２,2026-08-12,2026-08-17,22,福岡,一般,４３１４４２４　１５１４,2026-08-02,2026-08-05,21,芦屋,一般,１３４５３１２５,4011,堀之内紀代子,2026-09-18,2026-09-23,17,宮島,ＧⅢ,１２２　２４２４２４１６,2026-08-30,2026-09-04,06,浜名湖,ＧⅢ,１　３１３２３４１F５,2026-08-18,2026-08-23,16,児島,一般,１　１１４６２４２３３２,2026-08-06,2026-08-11,18,徳山,ＧⅠ,６　１２２　１　２　[３],2026-07-22,2026-07-26,08,常滑,一般,１　１４１２３１[３]
202610012311,2026-10-01,23,11R,4112,大久保信一郎,2026-09-20,2026-09-25,10,三国,一般,２５　　２４４転３　１４,2026-08-14,2026-08-19,17,宮島,一般,３１３　１５２６３５２２,2026-07-29,2026-08-03,23,からつ,一般,２　１６２１２２５２[２],2026-07-18,2026-07-21,04,平和島,一般,４　４２３４５３,2026-07-09,2026-07-14,15,丸亀,一般,４　３５２F１５２　４,4764,小池 礼乃,2026-09-22,2026-09-27,22,福岡,一般,２６２　３４６　４６１５,2026-09-12,2026-09-17,08,常滑,一般,２１１　６２１２１２[６],2026-08-28,2026-08-31,23,からつ,一般,４　５２２５１４,2026-08-10,2026-08-15,21,芦屋,一般,３　６２１　５５２　３５,2026-07-18,2026-07-21,20,若松,一般,１５６３５　３２,4172,森定 晃史,2026-09-18,2026-09-23,03,江戸川,一般,２５１　３２２４２２,2026-09-07,2026-09-11,13,尼崎,一般,４６４１４　４　５１,2026-08-22,2026-08-27,22,福岡,一般,３６２　３４１５２４４４,2026-08-11,2026-08-16,19,下関,一般,３４５　２　３５３　６３,2026-07-24,2026-07-27,02,戸田,一般,２５１３３　３１,4174,赤坂 俊輔,2026-09-18,2026-09-23,03,江戸川,一般,６　２６３　２１４２,2026-09-07,2026-09-12,24,大村,ＧⅠ,２　３　１３４　３　３１,2026-08-29,2026-09-03,16,児島,一般,１５４転,2026-08-20,2026-08-23,24,大村,一般,４２１５２５２５,2026-08-07,2026-08-11,15,丸亀,一般,２６４３１２２６４,3853,岩崎 正哉,2026-09-18,2026-09-23,12,住之江,一般,２３３　１６２　３３５１,2026-09-07,2026-09-11,13,尼崎,一般,４　４４５１４　１２,2026-08-20,2026-08-25,21,芦屋,一般,３　１２４１５１１４２２,2026-08-05,2026-08-10,14,鳴門,一般,２６５４５　２４２　１,2026-07-28,2026-07-31,24,大村,一般,３３１　３４４６,4119,泥谷 一毅,2026-09-12,2026-09-17,09,津,一般,５　１２１　３６２４６２,2026-08-30,2026-09-02,21,芦屋,一般,２１２　２４１２,2026-08-15,2026-08-20,11,びわこ,一般,６欠,2026-07-31,2026-08-05,05,多摩川,一般,１３２　１　３４３４３５,2026-07-18,2026-07-22,10,三国,一般,４　４１４３６５２５
202610012312,2026-10-01,23,12R,4483,北野 輝季,2026-09-18,2026-09-23,03,江戸川,一般,２３１　４１１　[３],2026-09-07,2026-09-12,24,大村,ＧⅠ,５４２　６　１２４４５２,2026-08-26,2026-08-31,11,びわこ,一般,５１２　１１１１３１[５],2026-08-17,2026-08-21,13,尼崎,一般,２５１１１１３１[１],2026-08-03,2026-08-08,04,平和島,ＧⅢ,３２１　３６２２４３１２,3319,山崎 義明,2026-09-17,2026-09-22,16,児島,一般,２　５６３　１１３４１３,2026-09-05,2026-09-10,01,桐生,一般,５４１　４６４　２３４１,2026-08-22,2026-08-27,22,福岡,一般,３　３３３２６４１５１４,2026-08-11,2026-08-16,04,平和島,一般,４２４　１２２６４５３５,2026-07-31,2026-08-05,06,浜名湖,ＧⅢ,１　３３３４５２１２[６],4108,吉村 正明,2026-09-13,2026-09-18,11,びわこ,一般,４　３２６２２２４１[６],2026-08-29,2026-09-03,19,下関,一般,１４３　２２１３２２[４],2026-08-15,2026-08-20,18,徳山,一般,２５４　６６１１３６５５,2026-07-31,2026-08-03,20,若松,一般,６１２４４６１４,2026-07-24,2026-07-27,12,住之江,一般,５　１３６１１,4359,横川 聖志,2026-09-18,2026-09-24,02,戸田,一般,３　６２１３５５３６６２,2026-09-07,2026-09-12,16,児島,一般,４　４２１落,2026-08-26,2026-08-30,14,鳴門,一般,２　２６３４５３５３,2026-08-15,2026-08-20,18,徳山,一般,４４５　２３２５４　５１,2026-07-07,2026-07-12,08,常滑,一般,３　３２１１１５１２[６],4472,尾嶋 一広,2026-09-18,2026-09-23,12,住之江,一般,２２１　３２２２４１[２],2026-09-03,2026-09-08,09,津,ＧⅠ,６　４　３２６　６６３,2026-08-20,2026-08-23,02,戸田,一般,４２５　１５２転,2026-08-09,2026-08-14,13,尼崎,一般,３　１２１４５　１　[３],2026-07-23,2026-07-28,03,江戸川,ＧⅢ,４　１１１　５１３　[３],4000,松本 博昭,2026-09-18,2026-09-23,12,住之江,一般,４２３　５５１　４６２,2026-09-05,2026-09-11,03,江戸川,一般,２２１　４３２　１６２１,2026-08-25,2026-08-30,17,宮島,一般,３　２３２２１３１３４３,2026-08-05,2026-08-10,14,鳴門,一般,３５５２３２３　５３４３,2026-07-24,2026-07-27,06,浜名湖,一般,２　１６２４２４
202610012401,2026-10-01,24,01R,4918,川島 拓郎,2026-08-22,2026-08-27,22,福岡,一般,２　５４５　６６４　３２,2026-08-11,2026-08-16,06,浜名湖,一般,６　４５４　６３４　６１,2026-07-22,2026-07-26,08,常滑,一般,５５１５５　２　２４,2026-07-07,2026-07-12,20,若松,ＧⅢ,５３６　１５３　５F５,2026-06-25,2026-06-30,01,桐生,ＧⅢ,６２４　５　１６３　２２,4004,山本 浩輔,2026-09-20,2026-09-25,10,三国,一般,３４３　２１４　４５１６,2026-09-05,2026-09-11,03,江戸川,一般,１１５　４５５　６５４,2026-08-22,2026-08-27,08,常滑,ＧⅢ,５　２６４　２５２５３,2026-08-06,2026-08-10,24,大村,一般,４４３　３４３２４３,2026-07-29,2026-08-01,18,徳山,一般,２５２　１　１５,3842,星野 太郎,2026-09-11,2026-09-15,06,浜名湖,一般,２　３４６５５１５１,2026-08-30,2026-09-03,08,常滑,一般,２５２２１　６３２６,2026-08-15,2026-08-20,09,津,一般,３　１５１　４５５４３２,2026-08-06,2026-08-09,02,戸田,一般,６　５３６　３１,2026-07-23,2026-07-28,21,芦屋,一般,４　６２２２６６６　３２,4666,日笠 勝弘,2026-09-11,2026-09-15,06,浜名湖,一般,２　４４１１５２[６],2026-08-29,2026-09-03,16,児島,一般,５　２３１　１２２４６６,2026-08-14,2026-08-19,10,三国,一般,５　４３６　３６６　６３,2026-07-27,2026-07-31,19,下関,一般,３　５４３　１４３,2026-07-15,2026-07-19,17,宮島,一般,５　４１５４４　１６,5192,中尾 優香,2026-06-18,2026-06-21,20,若松,一般,６　６６６　６５,2026-06-06,2026-06-11,15,丸亀,一般,３３２　３６４６F　６,2026-05-27,2026-05-31,18,徳山,一般,３　１５６３転　１５,2026-05-12,2026-05-17,07,蒲郡,一般,３３３１４　３２２６F６,2026-04-29,2026-05-04,22,福岡,一般,６　６６６　６２６　４５,3509,池 千夏,2026-09-18,2026-09-23,17,宮島,ＧⅢ,６　６２４４４　４３４,2026-09-09,2026-09-14,21,芦屋,一般,４　４５４４５　５　５６,2026-08-28,2026-08-31,23,からつ,一般,４　５５６　５３,2026-08-16,2026-08-19,14,鳴門,一般,６　５３５　４５,2026-07-31,2026-08-05,01,桐生,ＧⅢ,１６２　５６４　６５３
202610012402,2026-10-01,24,02R,5037,田頭 虎親,2026-09-18,2026-09-23,03,江戸川,一般,１１３　２６１３[１],2026-09-03,2026-09-08,10,三国,一般,３　５５１　３５５１エ,2026-08-17,2026-08-21,15,丸亀,一般,５　５５６　１　２３,2026-08-03,2026-08-08,17,宮島,一般,１　２３１　４４４２[６],2026-07-20,2026-07-25,15,丸亀,一般,１３５　２３１　５２[３],4068,幸田 智裕,2026-09-11,2026-09-15,06,浜名湖,一般,１３４３４　３６１４,2026-08-31,2026-09-05,18,徳山,一般,３　５３４　５４５　６２,2026-08-24,2026-08-28,15,丸亀,一般,６６４　６　２３３,2026-08-11,2026-08-16,06,浜名湖,一般,１　５４４　５６４　２４,2026-07-27,2026-08-01,09,津,一般,４　２５,4555,富永 大一,2026-09-11,2026-09-14,02,戸田,一般,５１２５３　２３,2026-08-26,2026-08-31,11,びわこ,一般,２　３３２５４６４　１６,2026-08-12,2026-08-17,22,福岡,一般,２６３　４６３　５３４５,2026-07-24,2026-07-29,17,宮島,一般,５３４　６３４　４　３３,2026-07-14,2026-07-19,21,芦屋,一般,１３２　４２５　５１[２],3930,岸本 隆,2026-09-17,2026-09-21,15,丸亀,一般,３５２　１５２２３６,2026-08-21,2026-08-26,06,浜名湖,一般,１４１６１　F６３　５４,2026-08-11,2026-08-16,19,下関,一般,２　１１３　５４６４１４,2026-07-28,2026-08-02,16,児島,一般,２　１６１４６１３４１３,2026-07-19,2026-07-23,05,多摩川,一般,３　５５３５３　４１,5446,長嶺 真李愛,2026-08-28,2026-08-31,23,からつ,一般,６　６６６６６６,2026-08-07,2026-08-12,20,若松,一般,６　６４６　６６６　６５,2026-07-15,2026-07-19,17,宮島,一般,６　６６６　６６６,2026-06-21,2026-06-24,19,下関,一般,６　６６６　６６,2026-06-03,2026-06-08,21,芦屋,一般,６　６　６６６　６　６５,4171,榎 幸司,2026-09-16,2026-09-21,13,尼崎,一般,２２２３１　１１３１[３],2026-09-01,2026-09-06,12,住之江,一般,２５転４,2026-08-19,2026-08-24,19,下関,一般,４２６２１　４２４３３１,2026-08-06,2026-08-10,24,大村,一般,３６２　２３１２[５],2026-07-29,2026-08-01,18,徳山,一般,３１４２２３３２
202610012403,2026-10-01,24,03R,5236,小宮 涼雅,2026-09-09,2026-09-13,17,宮島,一般,転６４　２３４　４４,2026-08-28,2026-08-31,23,からつ,一般,２３６　４３４１,2026-08-14,2026-08-19,17,宮島,一般,６３６　６５６　２　３６,2026-07-24,2026-07-27,12,住之江,一般,６　３３２　１５,2026-07-17,2026-07-22,16,児島,ＧⅢ,１４４４５　４　２３２,4442,松竹 大輔,2026-08-23,2026-08-27,18,徳山,一般,３１５２２　１４５５,2026-08-11,2026-08-16,07,蒲郡,一般,１　１５２１４３１２[１],2026-07-25,2026-07-29,20,若松,一般,６２１３３　１３４３,2026-07-10,2026-07-14,09,津,一般,２４１　１４２F４,2026-06-28,2026-07-02,05,多摩川,一般,４６１　１１２４５１,4817,渡邉 翼,2026-09-01,2026-09-06,12,住之江,一般,２　１６１２２６１３４１,2026-08-15,2026-08-20,18,徳山,一般,３２１２５　１３３４１２,2026-07-27,2026-07-31,19,下関,一般,６６４２３　４１６,2026-07-10,2026-07-15,23,からつ,一般,４５６６１１２　６　４３,2026-06-25,2026-06-30,13,尼崎,一般,３　１５３３２１２４５２,4408,仁科 さやか,2026-09-09,2026-09-14,21,芦屋,一般,６　２５４　３２４１３６,2026-08-26,2026-08-30,14,鳴門,一般,３　２６６６６　６,2026-08-12,2026-08-17,24,大村,ＧⅢ,６　４３６　１６１　５６,2026-07-31,2026-08-05,01,桐生,ＧⅢ,５　４４５　５６４　６２,2026-07-13,2026-07-18,13,尼崎,ＧⅢ,６　２６１　４６５　３４,3528,笠野 友紀恵,2026-09-18,2026-09-23,17,宮島,ＧⅢ,４６４　２５２　２５４,2026-08-30,2026-09-04,06,浜名湖,ＧⅢ,１４５　５５６　６　２２,2026-08-10,2026-08-15,08,常滑,一般,２　６５４　４５６　１４,2026-07-31,2026-08-05,01,桐生,ＧⅢ,５２６　４２５　２　３３,2026-07-17,2026-07-20,02,戸田,一般,２　４６５６３,5054,佐々木 大河,2026-09-18,2026-09-23,03,江戸川,一般,１　１１４　１１[２],2026-09-02,2026-09-07,22,福岡,一般,４５１　３沈４１３　１２,2026-08-19,2026-08-24,19,下関,一般,１５２１２　転１４５２２,2026-07-03,2026-07-08,12,住之江,一般,１　欠欠,2026-06-18,2026-06-21,20,若松,一般,１　４１５６１４
202610012404,2026-10-01,24,04R,5273,山下 拓巳,2026-09-04,2026-09-09,11,びわこ,一般,６６F　５　５　５　６,2026-08-20,2026-08-23,23,からつ,一般,３　５４６１２６,2026-08-09,2026-08-14,13,尼崎,一般,６　２６６　４５４　５,2026-07-24,2026-07-27,02,戸田,一般,２６６　５　３５,2026-07-11,2026-07-16,03,江戸川,一般,４　１４２　４５２　６６,4302,西野 翔太,2026-09-19,2026-09-24,06,浜名湖,一般,２４３１３３１５５３３２,2026-09-09,2026-09-13,17,宮島,一般,１３２２３１３１[６],2026-08-23,2026-08-27,18,徳山,一般,１３３２転１２６,2026-08-14,2026-08-19,17,宮島,一般,５２１　１６３２妨４２,2026-07-31,2026-08-04,13,尼崎,一般,２５５３１２４２[６],4470,平田 健之佑,2026-09-18,2026-09-23,03,江戸川,一般,２　３２２　１５[５],2026-09-09,2026-09-13,05,多摩川,一般,１５４４２　１　３１,2026-08-25,2026-08-30,09,津,一般,１　１３６　１５２５４４,2026-08-11,2026-08-16,07,蒲郡,一般,１６４４２　４３２　１５,2026-08-03,2026-08-08,17,宮島,一般,２　３１６欠,3701,大西 隆洋,2026-09-15,2026-09-20,14,鳴門,一般,１４５　５６６　４　２４,2026-08-31,2026-09-05,18,徳山,一般,６　２４６６４　４４３,2026-08-17,2026-08-21,15,丸亀,一般,５　６５１　４　４４,2026-07-31,2026-08-03,20,若松,一般,３　５６３　６５,2026-07-15,2026-07-19,17,宮島,一般,４３２　４６６３２,4680,後藤 美翼,2026-09-18,2026-09-23,17,宮島,ＧⅢ,１４２　５５２２１４１２,2026-09-06,2026-09-11,14,鳴門,一般,２落２　２４３２２４２３,2026-08-24,2026-08-29,10,三国,一般,４５５３３　１３６　１３,2026-08-11,2026-08-16,04,平和島,一般,１２４　１６４４１２[３],2026-07-25,2026-07-30,04,平和島,一般,６３１４４　２２３３転３,5420,吉原 快誓,2026-09-16,2026-09-20,23,からつ,一般,４　F６６　６　４６,2026-08-22,2026-08-27,22,福岡,一般,４　６５６６５　６　４５,2026-07-24,2026-07-29,17,宮島,一般,６２６　５６４　６　６６,2026-07-15,2026-07-21,12,住之江,一般,６　６　６３６６６　５　５５,2026-07-02,2026-07-06,21,芦屋,一般,５　６　４４４　５３
202610012405,2026-10-01,24,05R,4384,鶴本 崇文,2026-09-18,2026-09-23,03,江戸川,一般,５　３６３３１　２４,2026-09-09,2026-09-14,21,芦屋,一般,６５１　２５１２６４１４,2026-08-29,2026-09-03,16,児島,一般,４　５４３６６４,2026-08-14,2026-08-19,10,三国,一般,２　５４１３４３３４３２,2026-07-31,2026-08-05,05,多摩川,一般,３２２２６　５４５　５,4452,松尾 祭,2026-09-17,2026-09-21,15,丸亀,一般,６４４５５３６　５２,2026-09-05,2026-09-11,03,江戸川,一般,３　３２３　２２１３[６],2026-08-26,2026-08-30,14,鳴門,一般,５３１　４２４４４３,2026-08-17,2026-08-21,15,丸亀,一般,６５３３２　２１２１,2026-07-31,2026-08-03,20,若松,一般,２４４　２１５３,4204,柴田 大輔,2026-09-16,2026-09-20,23,からつ,一般,　　　　　　６３４２,2026-09-09,2026-09-15,20,若松,一般,２　２５３６５　１　３２１３,2026-08-22,2026-08-27,08,常滑,ＧⅢ,５　５５６,2026-08-07,2026-08-12,20,若松,一般,１　５３４３１１３６３５,2026-07-23,2026-07-28,03,江戸川,ＧⅢ,２　５５６　２４５５３１,5384,八戸 琉楓,2026-09-09,2026-09-13,17,宮島,一般,５６３　５　５６５,2026-08-20,2026-08-25,21,芦屋,一般,５６６　５落４　６　６５,2026-08-06,2026-08-10,24,大村,一般,５　６４５６４　６５,2026-07-22,2026-07-25,24,大村,一般,５　６６５　５６,2026-07-10,2026-07-13,19,下関,一般,６　６６５　５５,4431,石塚 裕介,2026-09-11,2026-09-15,06,浜名湖,一般,１　５２２２５５１１,2026-08-30,2026-09-02,21,芦屋,一般,４　３６２３６６,2026-08-15,2026-08-20,09,津,一般,５　２５５　１２６５１,2026-07-31,2026-08-04,13,尼崎,一般,１５１　３４３　１５,2026-07-07,2026-07-12,20,若松,ＧⅢ,３　１６２　６５６　５４,4793,金子 萌,2026-09-19,2026-09-24,06,浜名湖,一般,１　３２４４２４１２[２],2026-09-09,2026-09-14,21,芦屋,一般,４４３１５２１　４２[５],2026-08-27,2026-09-01,07,蒲郡,一般,１　１５３６２４５５３１,2026-08-11,2026-08-16,06,浜名湖,一般,１　４３３１５２３２[６],2026-07-27,2026-08-01,09,津,一般,５　６３
202610012406,2026-10-01,24,06R,4708,半田 尚也,2026-09-11,2026-09-14,02,戸田,一般,４　４４３６２,2026-08-25,2026-08-30,17,宮島,一般,３　４４１　４２１６２３,2026-08-05,2026-08-10,14,鳴門,一般,３　２１５５４　転４３,2026-07-24,2026-07-29,17,宮島,一般,転３４　２　４５３５３１,2026-07-09,2026-07-13,16,児島,一般,３　１２３５２６１５,4057,松井 賢治,2026-09-16,2026-09-21,13,尼崎,一般,１４２　５３６６５　１４,2026-09-02,2026-09-06,17,宮島,一般,５４３２１　３２[６],2026-08-21,2026-08-26,06,浜名湖,一般,５　３２４　４２２５３５,2026-08-11,2026-08-16,19,下関,一般,２５４　６５１２３　１,2026-07-31,2026-08-04,13,尼崎,一般,３１３　３４３４３２,4264,長尾 章平,2026-09-16,2026-09-21,05,多摩川,ＧⅠ,４１６　２５１　５　１５,2026-09-02,2026-09-06,17,宮島,一般,４６２１３２１５６４,2026-08-21,2026-08-24,07,蒲郡,一般,２４５６６　３,2026-08-11,2026-08-16,19,下関,一般,３３４　２２２３５２[５],2026-07-29,2026-08-01,18,徳山,一般,２２３３６６１５,3827,今泉 徹,2026-09-12,2026-09-17,09,津,一般,６２４　６５３　５　４３,2026-08-27,2026-09-01,07,蒲郡,一般,５　１５５５４　６　４５,2026-08-11,2026-08-16,01,桐生,一般,３　６４３　５　１６４４,2026-07-31,2026-08-03,20,若松,一般,６　４５５　１６,2026-07-17,2026-07-20,02,戸田,一般,５　３３４３４１,4421,森作 広大,2026-09-14,2026-09-19,04,平和島,一般,１　３５６５１４６　６５,2026-08-30,2026-09-02,21,芦屋,一般,３１５　２６５６,2026-08-11,2026-08-16,04,平和島,一般,５　４３４　６２６　５２,2026-07-29,2026-08-03,23,からつ,一般,４　６６６,2026-07-07,2026-07-12,08,常滑,一般,５４４　５３６　５　１６,3685,荒井 輝年,2026-09-16,2026-09-21,13,尼崎,一般,３　１６４４５　６４２６,2026-09-05,2026-09-11,03,江戸川,一般,F　６４５　３５３４５４,2026-08-20,2026-08-23,04,平和島,一般,６　３５５１２３,2026-07-13,2026-07-18,07,蒲郡,ＧⅡ,６　４　６５３　５４６,2026-07-05,2026-07-09,05,多摩川,一般,２６１　３１２３４１
202610012407,2026-10-01,24,07R,4601,森野 正弘,2026-09-18,2026-09-23,12,住之江,一般,３６２　２１２　１２[６],2026-09-09,2026-09-13,17,宮島,一般,２２１３２１３１[４],2026-08-28,2026-08-31,23,からつ,一般,２３１３２４１３,2026-08-15,2026-08-20,18,徳山,一般,１２４　１４３１１１[２],2026-08-03,2026-08-08,19,下関,一般,１３２　３１１３４１[２],5065,伊久間 陽優,2026-08-21,2026-08-26,03,江戸川,一般,４５３　５６１　５４３,2026-08-11,2026-08-16,01,桐生,一般,２　４３４５１５４　３,2026-08-02,2026-08-05,21,芦屋,一般,３６２１１２[６],2026-07-18,2026-07-23,09,津,ＧⅢ,２　１　２５４　４　１２,2026-07-09,2026-07-13,16,児島,一般,１６１　６２４F２,4520,高倉 孝太,2026-09-17,2026-09-21,15,丸亀,一般,２　４６３３３５１３,2026-09-04,2026-09-08,07,蒲郡,一般,４５５３１　５３１,2026-08-26,2026-08-31,11,びわこ,一般,２　F１４　２　４　３,2026-08-14,2026-08-19,10,三国,一般,３　１４５３２４４　１１,2026-07-28,2026-08-02,16,児島,一般,３４１４４３１　１　３６,3509,池 千夏,2026-09-18,2026-09-23,17,宮島,ＧⅢ,６　６２４４４　４３４,2026-09-09,2026-09-14,21,芦屋,一般,４　４５４４５　５　５６,2026-08-28,2026-08-31,23,からつ,一般,４　５５６　５３,2026-08-16,2026-08-19,14,鳴門,一般,６　５３５　４５,2026-07-31,2026-08-05,01,桐生,ＧⅢ,１６２　５６４　６５３,4408,仁科 さやか,2026-09-09,2026-09-14,21,芦屋,一般,６　２５４　３２４１３６,2026-08-26,2026-08-30,14,鳴門,一般,３　２６６６６　６,2026-08-12,2026-08-17,24,大村,ＧⅢ,６　４３６　１６１　５６,2026-07-31,2026-08-05,01,桐生,ＧⅢ,５　４４５　５６４　６２,2026-07-13,2026-07-18,13,尼崎,ＧⅢ,６　２６１　４６５　３４,5446,長嶺 真李愛,2026-08-28,2026-08-31,23,からつ,一般,６　６６６６６６,2026-08-07,2026-08-12,20,若松,一般,６　６４６　６６６　６５,2026-07-15,2026-07-19,17,宮島,一般,６　６６６　６６６,2026-06-21,2026-06-24,19,下関,一般,６　６６６　６６,2026-06-03,2026-06-08,21,芦屋,一般,６　６　６６６　６　６５
202610012408,2026-10-01,24,08R,3930,岸本 隆,2026-09-17,2026-09-21,15,丸亀,一般,３５２　１５２２３６,2026-08-21,2026-08-26,06,浜名湖,一般,１４１６１　F６３　５４,2026-08-11,2026-08-16,19,下関,一般,２　１１３　５４６４１４,2026-07-28,2026-08-02,16,児島,一般,２　１６１４６１３４１３,2026-07-19,2026-07-23,05,多摩川,一般,３　５５３５３　４１,3528,笠野 友紀恵,2026-09-18,2026-09-23,17,宮島,ＧⅢ,４６４　２５２　２５４,2026-08-30,2026-09-04,06,浜名湖,ＧⅢ,１４５　５５６　６　２２,2026-08-10,2026-08-15,08,常滑,一般,２　６５４　４５６　１４,2026-07-31,2026-08-05,01,桐生,ＧⅢ,５２６　４２５　２　３３,2026-07-17,2026-07-20,02,戸田,一般,２　４６５６３,4339,平瀬 城啓,2026-09-13,2026-09-17,19,下関,一般,３５６　４２２　６,2026-08-27,2026-08-31,04,平和島,一般,６６６　３　４２６６,2026-08-14,2026-08-19,10,三国,一般,５５３　３１３　５１５４,2026-08-05,2026-08-10,09,津,一般,１　４４３２５　３６１４,2026-07-22,2026-07-26,13,尼崎,一般,４　４　５４３３４４,4680,後藤 美翼,2026-09-18,2026-09-23,17,宮島,ＧⅢ,１４２　５５２２１４１２,2026-09-06,2026-09-11,14,鳴門,一般,２落２　２４３２２４２３,2026-08-24,2026-08-29,10,三国,一般,４５５３３　１３６　１３,2026-08-11,2026-08-16,04,平和島,一般,１２４　１６４４１２[３],2026-07-25,2026-07-30,04,平和島,一般,６３１４４　２２３３転３,4248,岡本 大,2026-09-13,2026-09-18,22,福岡,一般,４５６　６４１　２　４２,2026-08-30,2026-09-03,08,常滑,一般,３２４　４６３４３,2026-08-17,2026-08-20,20,若松,一般,６２５　２　３５,2026-08-06,2026-08-10,24,大村,一般,６６５４４　２　５６,2026-07-21,2026-07-26,23,からつ,一般,５２５　５４４　５４６,5192,中尾 優香,2026-06-18,2026-06-21,20,若松,一般,６　６６６　６５,2026-06-06,2026-06-11,15,丸亀,一般,３３２　３６４６F　６,2026-05-27,2026-05-31,18,徳山,一般,３　１５６３転　１５,2026-05-12,2026-05-17,07,蒲郡,一般,３３３１４　３２２６F６,2026-04-29,2026-05-04,22,福岡,一般,６　６６６　６２６　４５
202610012409,2026-10-01,24,09R,4793,金子 萌,2026-09-19,2026-09-24,06,浜名湖,一般,１　３２４４２４１２[２],2026-09-09,2026-09-14,21,芦屋,一般,４４３１５２１　４２[５],2026-08-27,2026-09-01,07,蒲郡,一般,１　１５３６２４５５３１,2026-08-11,2026-08-16,06,浜名湖,一般,１　４３３１５２３２[６],2026-07-27,2026-08-01,09,津,一般,５　６３,4470,平田 健之佑,2026-09-18,2026-09-23,03,江戸川,一般,２　３２２　１５[５],2026-09-09,2026-09-13,05,多摩川,一般,１５４４２　１　３１,2026-08-25,2026-08-30,09,津,一般,１　１３６　１５２５４４,2026-08-11,2026-08-16,07,蒲郡,一般,１６４４２　４３２　１５,2026-08-03,2026-08-08,17,宮島,一般,２　３１６欠,4442,松竹 大輔,2026-08-23,2026-08-27,18,徳山,一般,３１５２２　１４５５,2026-08-11,2026-08-16,07,蒲郡,一般,１　１５２１４３１２[１],2026-07-25,2026-07-29,20,若松,一般,６２１３３　１３４３,2026-07-10,2026-07-14,09,津,一般,２４１　１４２F４,2026-06-28,2026-07-02,05,多摩川,一般,４６１　１１２４５１,4555,富永 大一,2026-09-11,2026-09-14,02,戸田,一般,５１２５３　２３,2026-08-26,2026-08-31,11,びわこ,一般,２　３３２５４６４　１６,2026-08-12,2026-08-17,22,福岡,一般,２６３　４６３　５３４５,2026-07-24,2026-07-29,17,宮島,一般,５３４　６３４　４　３３,2026-07-14,2026-07-19,21,芦屋,一般,１３２　４２５　５１[２],4918,川島 拓郎,2026-08-22,2026-08-27,22,福岡,一般,２　５４５　６６４　３２,2026-08-11,2026-08-16,06,浜名湖,一般,６　４５４　６３４　６１,2026-07-22,2026-07-26,08,常滑,一般,５５１５５　２　２４,2026-07-07,2026-07-12,20,若松,ＧⅢ,５３６　１５３　５F５,2026-06-25,2026-06-30,01,桐生,ＧⅢ,６２４　５　１６３　２２,4452,松尾 祭,2026-09-17,2026-09-21,15,丸亀,一般,６４４５５３６　５２,2026-09-05,2026-09-11,03,江戸川,一般,３　３２３　２２１３[６],2026-08-26,2026-08-30,14,鳴門,一般,５３１　４２４４４３,2026-08-17,2026-08-21,15,丸亀,一般,６５３３２　２１２１,2026-07-31,2026-08-03,20,若松,一般,２４４　２１５３
202610012410,2026-10-01,24,10R,4171,榎 幸司,2026-09-16,2026-09-21,13,尼崎,一般,２２２３１　１１３１[３],2026-09-01,2026-09-06,12,住之江,一般,２５転４,2026-08-19,2026-08-24,19,下関,一般,４２６２１　４２４３３１,2026-08-06,2026-08-10,24,大村,一般,３６２　２３１２[５],2026-07-29,2026-08-01,18,徳山,一般,３１４２２３３２,4384,鶴本 崇文,2026-09-18,2026-09-23,03,江戸川,一般,５　３６３３１　２４,2026-09-09,2026-09-14,21,芦屋,一般,６５１　２５１２６４１４,2026-08-29,2026-09-03,16,児島,一般,４　５４３６６４,2026-08-14,2026-08-19,10,三国,一般,２　５４１３４３３４３２,2026-07-31,2026-08-05,05,多摩川,一般,３２２２６　５４５　５,4666,日笠 勝弘,2026-09-11,2026-09-15,06,浜名湖,一般,２　４４１１５２[６],2026-08-29,2026-09-03,16,児島,一般,５　２３１　１２２４６６,2026-08-14,2026-08-19,10,三国,一般,５　４３６　３６６　６３,2026-07-27,2026-07-31,19,下関,一般,３　５４３　１４３,2026-07-15,2026-07-19,17,宮島,一般,５　４１５４４　１６,4817,渡邉 翼,2026-09-01,2026-09-06,12,住之江,一般,２　１６１２２６１３４１,2026-08-15,2026-08-20,18,徳山,一般,３２１２５　１３３４１２,2026-07-27,2026-07-31,19,下関,一般,６６４２３　４１６,2026-07-10,2026-07-15,23,からつ,一般,４５６６１１２　６　４３,2026-06-25,2026-06-30,13,尼崎,一般,３　１５３３２１２４５２,4264,長尾 章平,2026-09-16,2026-09-21,05,多摩川,ＧⅠ,４１６　２５１　５　１５,2026-09-02,2026-09-06,17,宮島,一般,４６２１３２１５６４,2026-08-21,2026-08-24,07,蒲郡,一般,２４５６６　３,2026-08-11,2026-08-16,19,下関,一般,３３４　２２２３５２[５],2026-07-29,2026-08-01,18,徳山,一般,２２３３６６１５,4302,西野 翔太,2026-09-19,2026-09-24,06,浜名湖,一般,２４３１３３１５５３３２,2026-09-09,2026-09-13,17,宮島,一般,１３２２３１３１[６],2026-08-23,2026-08-27,18,徳山,一般,１３３２転１２６,2026-08-14,2026-08-19,17,宮島,一般,５２１　１６３２妨４２,2026-07-31,2026-08-04,13,尼崎,一般,２５５３１２４２[６]
202610012411,2026-10-01,24,11R,5054,佐々木 大河,2026-09-18,2026-09-23,03,江戸川,一般,１　１１４　１１[２],2026-09-02,2026-09-07,22,福岡,一般,４５１　３沈４１３　１２,2026-08-19,2026-08-24,19,下関,一般,１５２１２　転１４５２２,2026-07-03,2026-07-08,12,住之江,一般,１　欠欠,2026-06-18,2026-06-21,20,若松,一般,１　４１５６１４,4601,森野 正弘,2026-09-18,2026-09-23,12,住之江,一般,３６２　２１２　１２[６],2026-09-09,2026-09-13,17,宮島,一般,２２１３２１３１[４],2026-08-28,2026-08-31,23,からつ,一般,２３１３２４１３,2026-08-15,2026-08-20,18,徳山,一般,１２４　１４３１１１[２],2026-08-03,2026-08-08,19,下関,一般,１３２　３１１３４１[２],4068,幸田 智裕,2026-09-11,2026-09-15,06,浜名湖,一般,１３４３４　３６１４,2026-08-31,2026-09-05,18,徳山,一般,３　５３４　５４５　６２,2026-08-24,2026-08-28,15,丸亀,一般,６６４　６　２３３,2026-08-11,2026-08-16,06,浜名湖,一般,１　５４４　５６４　２４,2026-07-27,2026-08-01,09,津,一般,４　２５,4057,松井 賢治,2026-09-16,2026-09-21,13,尼崎,一般,１４２　５３６６５　１４,2026-09-02,2026-09-06,17,宮島,一般,５４３２１　３２[６],2026-08-21,2026-08-26,06,浜名湖,一般,５　３２４　４２２５３５,2026-08-11,2026-08-16,19,下関,一般,２５４　６５１２３　１,2026-07-31,2026-08-04,13,尼崎,一般,３１３　３４３４３２,5273,山下 拓巳,2026-09-04,2026-09-09,11,びわこ,一般,６６F　５　５　５　６,2026-08-20,2026-08-23,23,からつ,一般,３　５４６１２６,2026-08-09,2026-08-14,13,尼崎,一般,６　２６６　４５４　５,2026-07-24,2026-07-27,02,戸田,一般,２６６　５　３５,2026-07-11,2026-07-16,03,江戸川,一般,４　１４２　４５２　６６,4004,山本 浩輔,2026-09-20,2026-09-25,10,三国,一般,３４３　２１４　４５１６,2026-09-05,2026-09-11,03,江戸川,一般,１１５　４５５　６５４,2026-08-22,2026-08-27,08,常滑,ＧⅢ,５　２６４　２５２５３,2026-08-06,2026-08-10,24,大村,一般,４４３　３４３２４３,2026-07-29,2026-08-01,18,徳山,一般,２５２　１　１５
202610012412,2026-10-01,24,12R,4520,高倉 孝太,2026-09-17,2026-09-21,15,丸亀,一般,２　４６３３３５１３,2026-09-04,2026-09-08,07,蒲郡,一般,４５５３１　５３１,2026-08-26,2026-08-31,11,びわこ,一般,２　F１４　２　４　３,2026-08-14,2026-08-19,10,三国,一般,３　１４５３２４４　１１,2026-07-28,2026-08-02,16,児島,一般,３４１４４３１　１　３６,4421,森作 広大,2026-09-14,2026-09-19,04,平和島,一般,１　３５６５１４６　６５,2026-08-30,2026-09-02,21,芦屋,一般,３１５　２６５６,2026-08-11,2026-08-16,04,平和島,一般,５　４３４　６２６　５２,2026-07-29,2026-08-03,23,からつ,一般,４　６６６,2026-07-07,2026-07-12,08,常滑,一般,５４４　５３６　５　１６,5037,田頭 虎親,2026-09-18,2026-09-23,03,江戸川,一般,１１３　２６１３[１],2026-09-03,2026-09-08,10,三国,一般,３　５５１　３５５１エ,2026-08-17,2026-08-21,15,丸亀,一般,５　５５６　１　２３,2026-08-03,2026-08-08,17,宮島,一般,１　２３１　４４４２[６],2026-07-20,2026-07-25,15,丸亀,一般,１３５　２３１　５２[３],5420,吉原 快誓,2026-09-16,2026-09-20,23,からつ,一般,４　F６６　６　４６,2026-08-22,2026-08-27,22,福岡,一般,４　６５６６５　６　４５,2026-07-24,2026-07-29,17,宮島,一般,６２６　５６４　６　６６,2026-07-15,2026-07-21,12,住之江,一般,６　６　６３６６６　５　５５,2026-07-02,2026-07-06,21,芦屋,一般,５　６　４４４　５３,4339,平瀬 城啓,2026-09-13,2026-09-17,19,下関,一般,３５６　４２２　６,2026-08-27,2026-08-31,04,平和島,一般,６６６　３　４２６６,2026-08-14,2026-08-19,10,三国,一般,５５３　３１３　５１５４,2026-08-05,2026-08-10,09,津,一般,１　４４３２５　３６１４,2026-07-22,2026-07-26,13,尼崎,一般,４　４　５４３３４４,5384,八戸 琉楓,2026-09-09,2026-09-13,17,宮島,一般,５６３　５　５６５,2026-08-20,2026-08-25,21,芦屋,一般,５６６　５落４　６　６５,2026-08-06,2026-08-10,24,大村,一般,５　６４５６４　６５,2026-07-22,2026-07-25,24,大村,一般,５　６６５　５６,2026-07-10,2026-07-13,19,下関,一般,６　６６５　５５
