レースコード,レース日,レース場コード,レース回,艇1_登録番号,艇1_選手名,艇1_前1節_開始日,艇1_前1節_終了日,艇1_前1節_場コード,艇1_前1節_場名,艇1_前1節_グレード,艇1_前1節_着順列,艇1_前2節_開始日,艇1_前2節_終了日,艇1_前2節_場コード,艇1_前2節_場名,艇1_前2節_グレード,艇1_前2節_着順列,艇1_前3節_開始日,艇1_前3節_終了日,艇1_前3節_場コード,艇1_前3節_場名,艇1_前3節_グレード,艇1_前3節_着順列,艇1_前4節_開始日,艇1_前4節_終了日,艇1_前4節_場コード,艇1_前4節_場名,艇1_前4節_グレード,艇1_前4節_着順列,艇1_前5節_開始日,艇1_前5節_終了日,艇1_前5節_場コード,艇1_前5節_場名,艇1_前5節_グレード,艇1_前5節_着順列,艇2_登録番号,艇2_選手名,艇2_前1節_開始日,艇2_前1節_終了日,艇2_前1節_場コード,艇2_前1節_場名,艇2_前1節_グレード,艇2_前1節_着順列,艇2_前2節_開始日,艇2_前2節_終了日,艇2_前2節_場コード,艇2_前2節_場名,艇2_前2節_グレード,艇2_前2節_着順列,艇2_前3節_開始日,艇2_前3節_終了日,艇2_前3節_場コード,艇2_前3節_場名,艇2_前3節_グレード,艇2_前3節_着順列,艇2_前4節_開始日,艇2_前4節_終了日,艇2_前4節_場コード,艇2_前4節_場名,艇2_前4節_グレード,艇2_前4節_着順列,艇2_前5節_開始日,艇2_前5節_終了日,艇2_前5節_場コード,艇2_前5節_場名,艇2_前5節_グレード,艇2_前5節_着順列,艇3_登録番号,艇3_選手名,艇3_前1節_開始日,艇3_前1節_終了日,艇3_前1節_場コード,艇3_前1節_場名,艇3_前1節_グレード,艇3_前1節_着順列,艇3_前2節_開始日,艇3_前2節_終了日,艇3_前2節_場コード,艇3_前2節_場名,艇3_前2節_グレード,艇3_前2節_着順列,艇3_前3節_開始日,艇3_前3節_終了日,艇3_前3節_場コード,艇3_前3節_場名,艇3_前3節_グレード,艇3_前3節_着順列,艇3_前4節_開始日,艇3_前4節_終了日,艇3_前4節_場コード,艇3_前4節_場名,艇3_前4節_グレード,艇3_前4節_着順列,艇3_前5節_開始日,艇3_前5節_終了日,艇3_前5節_場コード,艇3_前5節_場名,艇3_前5節_グレード,艇3_前5節_着順列,艇4_登録番号,艇4_選手名,艇4_前1節_開始日,艇4_前1節_終了日,艇4_前1節_場コード,艇4_前1節_場名,艇4_前1節_グレード,艇4_前1節_着順列,艇4_前2節_開始日,艇4_前2節_終了日,艇4_前2節_場コード,艇4_前2節_場名,艇4_前2節_グレード,艇4_前2節_着順列,艇4_前3節_開始日,艇4_前3節_終了日,艇4_前3節_場コード,艇4_前3節_場名,艇4_前3節_グレード,艇4_前3節_着順列,艇4_前4節_開始日,艇4_前4節_終了日,艇4_前4節_場コード,艇4_前4節_場名,艇4_前4節_グレード,艇4_前4節_着順列,艇4_前5節_開始日,艇4_前5節_終了日,艇4_前5節_場コード,艇4_前5節_場名,艇4_前5節_グレード,艇4_前5節_着順列,艇5_登録番号,艇5_選手名,艇5_前1節_開始日,艇5_前1節_終了日,艇5_前1節_場コード,艇5_前1節_場名,艇5_前1節_グレード,艇5_前1節_着順列,艇5_前2節_開始日,艇5_前2節_終了日,艇5_前2節_場コード,艇5_前2節_場名,艇5_前2節_グレード,艇5_前2節_着順列,艇5_前3節_開始日,艇5_前3節_終了日,艇5_前3節_場コード,艇5_前3節_場名,艇5_前3節_グレード,艇5_前3節_着順列,艇5_前4節_開始日,艇5_前4節_終了日,艇5_前4節_場コード,艇5_前4節_場名,艇5_前4節_グレード,艇5_前4節_着順列,艇5_前5節_開始日,艇5_前5節_終了日,艇5_前5節_場コード,艇5_前5節_場名,艇5_前5節_グレード,艇5_前5節_着順列,艇6_登録番号,艇6_選手名,艇6_前1節_開始日,艇6_前1節_終了日,艇6_前1節_場コード,艇6_前1節_場名,艇6_前1節_グレード,艇6_前1節_着順列,艇6_前2節_開始日,艇6_前2節_終了日,艇6_前2節_場コード,艇6_前2節_場名,艇6_前2節_グレード,艇6_前2節_着順列,艇6_前3節_開始日,艇6_前3節_終了日,艇6_前3節_場コード,艇6_前3節_場名,艇6_前3節_グレード,艇6_前3節_着順列,艇6_前4節_開始日,艇6_前4節_終了日,艇6_前4節_場コード,艇6_前4節_場名,艇6_前4節_グレード,艇6_前4節_着順列,艇6_前5節_開始日,艇6_前5節_終了日,艇6_前5節_場コード,艇6_前5節_場名,艇6_前5節_グレード,艇6_前5節_着順列
202610080101,2026-10-08,01,01R,3973,崎 利仁,2026-09-28,2026-10-03,04,平和島,ＧⅢ,４　５６５　４３４　３５,2026-09-12,2026-09-17,09,津,一般,３　５５６　４４６　６,2026-08-27,2026-09-01,07,蒲郡,一般,５３６　６　４５３　５６,2026-08-11,2026-08-16,01,桐生,一般,６　３３４　２　１４１１,2026-07-31,2026-08-03,20,若松,一般,２　６６５５２,3294,野中 義生,2026-09-19,2026-09-24,06,浜名湖,一般,５　４６５　３１３　１２,2026-08-31,2026-09-05,20,若松,ＧⅢ,２　２６５　６５６　６５,2026-08-20,2026-08-23,02,戸田,一般,３４３　３３４４,2026-08-03,2026-08-08,17,宮島,一般,３５６　５３６　２３２３,2026-06-28,2026-07-02,05,多摩川,一般,２４２　６６５　５３,4110,小澤 和也,2026-09-15,2026-09-20,14,鳴門,一般,５５３　５３４　６４６,2026-08-26,2026-08-31,11,びわこ,一般,６２４　５　６６３　１３,2026-08-12,2026-08-17,02,戸田,一般,５　１５３　４４４５６６,2026-07-31,2026-08-04,13,尼崎,一般,３６３　５　６４５３,2026-06-25,2026-06-29,21,芦屋,一般,２　３４６５３　２５,4245,高橋 直哉,2026-09-29,2026-10-04,07,蒲郡,ＧⅢ,３　１１６３４　５４３５,2026-09-18,2026-09-23,03,江戸川,一般,５　１２２２３　４１,2026-09-01,2026-09-05,13,尼崎,一般,２　２３５落４　２３,2026-08-21,2026-08-24,07,蒲郡,一般,４２３　１４６６,2026-08-09,2026-08-15,03,江戸川,一般,６６６　１６２　５４４１,5364,金子 怜央,2026-09-13,2026-09-18,07,蒲郡,一般,６　６６５　６６５　６４,2026-09-03,2026-09-06,02,戸田,一般,６　６F４　転５,2026-08-25,2026-08-30,09,津,一般,４　６６６　６　５　６６,2026-08-11,2026-08-16,01,桐生,一般,６　３　４６６　５６６,2026-07-30,2026-08-04,08,常滑,一般,６　５３５　６６５　６６,3385,渡邉 睦広,2026-09-25,2026-09-30,05,多摩川,一般,１　５転６　４３４　１５,2026-09-14,2026-09-19,04,平和島,一般,３　４３１３４３３６１５,2026-08-21,2026-08-24,07,蒲郡,一般,３３３　３４２５,2026-08-11,2026-08-16,04,平和島,一般,４２１　６５４１１　２４,2026-07-29,2026-08-03,22,福岡,一般,１１５　２４６２１６５６
202610080102,2026-10-08,01,02R,3656,伯母 芳恒,2026-09-16,2026-09-21,13,尼崎,一般,５６４　１４５　３　５５,2026-08-30,2026-09-03,08,常滑,一般,３　２６６３３５４,2026-07-24,2026-07-27,12,住之江,一般,４　５６,2026-07-07,2026-07-12,20,若松,ＧⅢ,１３４　５　５２１４１６,2026-06-27,2026-07-01,02,戸田,一般,４３２　４５４　４F,4803,飯田 庄吾,2026-09-18,2026-09-24,02,戸田,一般,４４５　３３４３２　２４,2026-09-02,2026-09-06,17,宮島,一般,２　３２２６６６２５,2026-08-20,2026-08-23,23,からつ,一般,６５４　２　５２,2026-08-05,2026-08-10,09,津,一般,６　４６５　３３４　４２,2026-07-22,2026-07-25,24,大村,一般,６５２　４５１,5049,松井 友汰,2026-09-25,2026-09-30,05,多摩川,一般,２　３３６１１　２４３４,2026-09-12,2026-09-17,09,津,一般,５　１５１　３２１４４６,2026-08-30,2026-09-03,08,常滑,一般,４５４　２４３　２１,2026-08-17,2026-08-21,13,尼崎,一般,１　３２１２１１[５],2026-07-11,2026-07-16,03,江戸川,一般,２　１３６　３５２２２５,5379,廣部 大明,2026-09-19,2026-09-24,06,浜名湖,一般,６　６５６２６　４６４,2026-09-04,2026-09-09,11,びわこ,一般,５　４６６　４５５　５４,2026-08-15,2026-08-20,11,びわこ,一般,５　４５６　２６６　２５,2026-07-30,2026-08-04,08,常滑,一般,６６４　１　４５６　５５,2026-07-15,2026-07-21,12,住之江,一般,６　１４３　５４落　４　６６,5046,松山 裕基,2026-09-19,2026-09-24,06,浜名湖,一般,６　１５４　５５６　５５,2026-08-13,2026-08-18,12,住之江,一般,４５３　４６４　６　３５,2026-07-29,2026-08-03,23,からつ,一般,４　３６４４６　３４６,2026-07-18,2026-07-21,04,平和島,一般,３６２　４６４３,2026-07-03,2026-07-08,13,尼崎,一般,５　F５２　３　６　３,3800,牧 宏次,2026-09-26,2026-09-30,02,戸田,一般,３　１５５１６１１６,2026-09-14,2026-09-19,04,平和島,一般,４　転６,2026-09-02,2026-09-06,17,宮島,一般,１　６４２２１２[４],2026-08-21,2026-08-26,06,浜名湖,一般,２３１　４４５　５４５,2026-08-08,2026-08-11,05,多摩川,一般,６３３２２　４４
202610080103,2026-10-08,01,03R,3947,寺本 昇平,2026-09-24,2026-09-29,13,尼崎,一般,４　５５１　５３５３４４,2026-09-09,2026-09-13,05,多摩川,一般,５　４３１１４２[５],2026-08-23,2026-08-27,18,徳山,一般,２　６５４５２４５,2026-08-11,2026-08-16,01,桐生,一般,５　５５１　５　２２５３,2026-07-25,2026-07-29,20,若松,一般,１５５３４　２　５６,4151,下河 誉史,2026-09-19,2026-09-24,06,浜名湖,一般,６　５５３　３３２　６５,2026-09-04,2026-09-08,07,蒲郡,一般,５２２　３５１４２２,2026-08-26,2026-08-31,11,びわこ,一般,２５３　４６１　６１５,2026-08-12,2026-08-17,22,福岡,一般,４６１　２３３３３３５２,2026-08-03,2026-08-08,19,下関,一般,３　４２２４５　２３３６,3875,廣中 良一,2026-09-18,2026-09-23,12,住之江,一般,６　３４３　３５５　５４,2026-09-04,2026-09-08,07,蒲郡,一般,５６４４４　１　５,2026-08-22,2026-08-26,20,若松,一般,５６２　５５１　１５,2026-08-03,2026-08-08,19,下関,一般,２　１６５　２２３６２４,2026-07-21,2026-07-26,23,からつ,一般,４　３３３４６　３　３２,4093,吉田 宗弘,2026-09-18,2026-09-23,03,江戸川,一般,５３４　１２１３転,2026-09-01,2026-09-05,13,尼崎,一般,５　５６６　３　６,2026-07-28,2026-07-31,24,大村,一般,４６４５５　１,2026-07-18,2026-07-21,04,平和島,一般,５３４　４３３５,2026-07-04,2026-07-09,01,桐生,一般,２５２　４５６　５　４４,4155,長野 壮志郎,2026-09-24,2026-09-29,13,尼崎,一般,６　１２２６５　４５４,2026-09-12,2026-09-15,10,三国,一般,２４１４１６２６,2026-09-02,2026-09-07,22,福岡,一般,２　３６１　２５１２[６],2026-08-21,2026-08-24,07,蒲郡,一般,２１１６４３３１,2026-08-07,2026-08-12,20,若松,一般,５２４２１　４２１３４１,4528,黒井 達矢,2026-09-28,2026-10-03,16,児島,ＧⅠ,４　４６４　２　３２１３,2026-09-12,2026-09-17,18,徳山,ＧⅠ,５　１１６　６４４　３２,2026-09-03,2026-09-08,09,津,ＧⅠ,３　２５４　５　４４４５,2026-08-24,2026-08-28,15,丸亀,一般,２４１１１２４１[６],2026-08-15,2026-08-20,05,多摩川,一般,６　１１１４１４２２[５]
202610080104,2026-10-08,01,04R,3848,川上 聡介,2026-09-24,2026-09-29,19,下関,一般,１４２　２４５　２５１６,2026-09-09,2026-09-13,05,多摩川,一般,６　４　３６５４４５,2026-08-26,2026-08-30,14,鳴門,一般,３　４５５　６　４２,2026-08-11,2026-08-16,07,蒲郡,一般,２　４５５　４４３　５２,2026-07-22,2026-07-26,08,常滑,一般,２１６　５５５６６,3546,中里 昌志,2026-09-18,2026-09-24,02,戸田,一般,５３１　５６２３４　１２,2026-09-04,2026-09-08,07,蒲郡,一般,２３３　１６４６５６,2026-08-21,2026-08-26,06,浜名湖,一般,３６２　６５５　１　６３,2026-08-06,2026-08-09,02,戸田,一般,５４４　３　４５,2026-07-20,2026-07-25,15,丸亀,一般,２　１４３　１５３５５２,4143,浦田 晃嗣,2026-09-19,2026-09-24,06,浜名湖,一般,２３６　４６１　５５５,2026-09-01,2026-09-06,12,住之江,一般,３４４　５１４　５４２,2026-08-20,2026-08-23,24,大村,一般,２６６　６　５欠,2026-08-09,2026-08-14,23,からつ,一般,５４５　２　３６２　５６,2026-07-27,2026-08-01,10,三国,一般,６　２６１　２４４　６６,5187,小坂 風太,2026-09-11,2026-09-16,12,住之江,一般,５　６　２４５　６５４,2026-08-29,2026-09-03,16,児島,一般,６６５　５３３　５５３,2026-07-16,2026-07-21,11,びわこ,一般,４１６　３転６６６　６６,2026-06-27,2026-07-01,02,戸田,一般,６　５６６　４４３,2026-06-11,2026-06-16,03,江戸川,一般,３３３　３３４３５　F６,4051,清水 敦揮,2026-09-24,2026-09-29,19,下関,一般,２４１１４　１１６１[６],2026-07-18,2026-07-21,20,若松,一般,６１３３３５１２,2026-07-09,2026-07-14,15,丸亀,一般,４１２　３３５４１３１２,2026-06-30,2026-07-04,19,下関,一般,２４４２４１３３５１,2026-06-17,2026-06-20,07,蒲郡,一般,２２３１２２[４],4294,古賀 繁輝,2026-08-20,2026-08-25,21,芦屋,一般,１３２１２１１　２１[６],2026-08-09,2026-08-14,23,からつ,一般,４　２２３２１２１３１１,2026-07-28,2026-08-02,16,児島,一般,１　３２１１５４１３１１,2026-07-15,2026-07-21,12,住之江,一般,４　３２３　３５５３１５３１,2026-06-30,2026-07-05,23,からつ,一般,３１６１６　１２４５１３
202610080105,2026-10-08,01,05R,4871,菊池 宏志,2026-08-25,2026-08-30,09,津,一般,６　３６２　４６６　６５,2026-08-11,2026-08-16,19,下関,一般,４　１６５　１転６　５４,2026-07-31,2026-08-04,13,尼崎,一般,５　４５５　５４５,2026-07-17,2026-07-22,16,児島,ＧⅢ,３６２　６F６　３　６,2026-06-30,2026-07-05,23,からつ,一般,１２５　３６５３２２４４,5234,塚越 海斗,2026-09-22,2026-09-27,20,若松,ＧⅠ,２３５　４　４５６　３４,2026-09-13,2026-09-18,07,蒲郡,一般,１２１１２２１５３１[１],2026-09-04,2026-09-09,11,びわこ,一般,２６４　４２６２１６２５,2026-08-23,2026-08-27,18,徳山,一般,３１３１１２４１[１],2026-08-11,2026-08-16,01,桐生,一般,４３３　３４１６３　１４,3550,都築 正治,2026-09-30,2026-10-05,09,津,一般,２２５　３３３　２４２５,2026-09-16,2026-09-20,23,からつ,一般,２６４１６　５４６６,2026-08-31,2026-09-05,18,徳山,一般,５１６　６６２　２６３,2026-08-17,2026-08-21,13,尼崎,一般,５１５　５６５　４３,2026-08-08,2026-08-11,05,多摩川,一般,６３４　３４５１,4637,中田 友也,2026-09-26,2026-10-01,03,江戸川,一般,２　４５３５１　５　４２,2026-09-09,2026-09-13,17,宮島,一般,４５１　４５４　エ欠,2026-08-26,2026-08-30,14,鳴門,一般,２４５５４　１　２４,2026-08-12,2026-08-17,02,戸田,一般,１　６　１１１５５　１１,2026-08-03,2026-08-08,19,下関,一般,６　３３４２５　４１５１,4303,牧原 崇,2026-09-18,2026-09-23,12,住之江,一般,２５３　４３４　２５１,2026-08-29,2026-09-03,16,児島,一般,３　５１５　４６３５３１,2026-08-16,2026-08-19,14,鳴門,一般,５３６　１　２５,2026-07-29,2026-08-03,23,からつ,一般,１５４　４　３５５　３４,2026-07-15,2026-07-20,18,徳山,一般,２６５　５２１　３　４４,4110,小澤 和也,2026-09-15,2026-09-20,14,鳴門,一般,５５３　５３４　６４６,2026-08-26,2026-08-31,11,びわこ,一般,６２４　５　６６３　１３,2026-08-12,2026-08-17,02,戸田,一般,５　１５３　４４４５６６,2026-07-31,2026-08-04,13,尼崎,一般,３６３　５　６４５３,2026-06-25,2026-06-29,21,芦屋,一般,２　３４６５３　２５
202610080106,2026-10-08,01,06R,4506,稗田 聖也,2026-09-27,2026-10-02,14,鳴門,一般,１１２３５　４１４１[３],2026-09-17,2026-09-22,16,児島,一般,１４２３２　１１３５３４,2026-08-31,2026-09-05,18,徳山,一般,２２１２４１６　５５１５,2026-08-20,2026-08-23,24,大村,一般,３１４２１３６２,2026-08-10,2026-08-15,21,芦屋,一般,５５４５１２４　２　２３,3973,崎 利仁,2026-09-28,2026-10-03,04,平和島,ＧⅢ,４　５６５　４３４　３５,2026-09-12,2026-09-17,09,津,一般,３　５５６　４４６　６,2026-08-27,2026-09-01,07,蒲郡,一般,５３６　６　４５３　５６,2026-08-11,2026-08-16,01,桐生,一般,６　３３４　２　１４１１,2026-07-31,2026-08-03,20,若松,一般,２　６６５５２,3596,河上 年昭,2026-09-17,2026-09-21,15,丸亀,一般,６６６　５　５４２２,2026-08-31,2026-09-05,20,若松,ＧⅢ,３３４　６５２　６　４４,2026-08-17,2026-08-21,13,尼崎,一般,６　５３３　３６３５,2026-08-02,2026-08-05,21,芦屋,一般,４　５４４　３５,2026-07-18,2026-07-22,10,三国,一般,５　３１４４３　３５,3656,伯母 芳恒,2026-09-16,2026-09-21,13,尼崎,一般,５６４　１４５　３　５５,2026-08-30,2026-09-03,08,常滑,一般,３　２６６３３５４,2026-07-24,2026-07-27,12,住之江,一般,４　５６,2026-07-07,2026-07-12,20,若松,ＧⅢ,１３４　５　５２１４１６,2026-06-27,2026-07-01,02,戸田,一般,４３２　４５４　４F,4393,田中 孝明,2026-09-18,2026-09-23,12,住之江,一般,１　５５４　４５５　６４,2026-09-02,2026-09-07,22,福岡,一般,１５６　１５３　６３５,2026-08-17,2026-08-21,15,丸亀,一般,５６４　３　１５６,2026-08-02,2026-08-05,21,芦屋,一般,１　６４５　４５,2026-07-14,2026-07-19,01,桐生,一般,３　５２４　２５６　４,5455,澁澤 周羽,2026-09-22,2026-09-27,08,常滑,一般,６５６　６６６　３　５４,2026-09-11,2026-09-14,02,戸田,一般,６　５６６　６６,2026-08-27,2026-09-01,07,蒲郡,一般,６６６　６　６　６４５６,2026-08-11,2026-08-16,01,桐生,一般,６　４　６６６　６３５,2026-07-24,2026-07-27,06,浜名湖,一般,６　５６６　６６
202610080107,2026-10-08,01,07R,3968,茶谷 信次,2026-09-22,2026-09-27,08,常滑,一般,１３３　３１１　２４１３,2026-09-12,2026-09-15,10,三国,一般,２４１　１２５５,2026-09-01,2026-09-05,13,尼崎,一般,２５２　２４１６３５,2026-08-19,2026-08-24,19,下関,一般,３　２４５５３　２３５,2026-08-07,2026-08-11,15,丸亀,一般,３６１　２３１５２５,4837,酒井 陽祐,2026-09-24,2026-09-29,19,下関,一般,１　４６６５１６５　落,2026-09-16,2026-09-21,13,尼崎,一般,４５２　４１４　妨３６,2026-09-01,2026-09-04,24,大村,一般,４　５２４　６４,2026-08-21,2026-08-24,07,蒲郡,一般,６　１３２３４５,2026-08-10,2026-08-15,08,常滑,一般,１５３　６４２　２１２３,4581,吉村 誠,2026-09-28,2026-10-03,16,児島,ＧⅠ,５　２　４５６　F６５,2026-09-12,2026-09-17,09,津,一般,６５１　２１４５１６１３,2026-08-31,2026-09-05,18,徳山,一般,１６３　１１６４３３１３,2026-08-20,2026-08-23,02,戸田,一般,２　２１２１[３],2026-08-11,2026-08-16,06,浜名湖,一般,２５１４１２５　１４２１,3875,廣中 良一,2026-09-18,2026-09-23,12,住之江,一般,６　３４３　３５５　５４,2026-09-04,2026-09-08,07,蒲郡,一般,５６４４４　１　５,2026-08-22,2026-08-26,20,若松,一般,５６２　５５１　１５,2026-08-03,2026-08-08,19,下関,一般,２　１６５　２２３６２４,2026-07-21,2026-07-26,23,からつ,一般,４　３３３４６　３　３２,4803,飯田 庄吾,2026-09-18,2026-09-24,02,戸田,一般,４４５　３３４３２　２４,2026-09-02,2026-09-06,17,宮島,一般,２　３２２６６６２５,2026-08-20,2026-08-23,23,からつ,一般,６５４　２　５２,2026-08-05,2026-08-10,09,津,一般,６　４６５　３３４　４２,2026-07-22,2026-07-25,24,大村,一般,６５２　４５１,3652,森下 勇,2026-09-20,2026-09-25,10,三国,一般,４５４　６　２４４　６６,2026-09-04,2026-09-08,07,蒲郡,一般,５６４　５　１６５,2026-08-21,2026-08-26,03,江戸川,一般,６３４　４６,2026-08-06,2026-08-09,02,戸田,一般,５　３６５３６５,2026-07-24,2026-07-27,12,住之江,一般,６　４４４　２６
202610080108,2026-10-08,01,08R,4155,長野 壮志郎,2026-09-24,2026-09-29,13,尼崎,一般,６　１２２６５　４５４,2026-09-12,2026-09-15,10,三国,一般,２４１４１６２６,2026-09-02,2026-09-07,22,福岡,一般,２　３６１　２５１２[６],2026-08-21,2026-08-24,07,蒲郡,一般,２１１６４３３１,2026-08-07,2026-08-12,20,若松,一般,５２４２１　４２１３４１,3635,石田 政吾,2026-09-22,2026-09-27,08,常滑,一般,２１５　４６２　４６３５,2026-09-09,2026-09-13,05,多摩川,一般,３　１落,2026-08-14,2026-08-19,10,三国,一般,２１６　２１６２１４５,2026-08-05,2026-08-10,09,津,一般,２　３３１４５６６　２３,2026-07-22,2026-07-26,13,尼崎,一般,１　６５３５２　２３,5046,松山 裕基,2026-09-19,2026-09-24,06,浜名湖,一般,６　１５４　５５６　５５,2026-08-13,2026-08-18,12,住之江,一般,４５３　４６４　６　３５,2026-07-29,2026-08-03,23,からつ,一般,４　３６４４６　３４６,2026-07-18,2026-07-21,04,平和島,一般,３６２　４６４３,2026-07-03,2026-07-08,13,尼崎,一般,５　F５２　３　６　３,5364,金子 怜央,2026-09-13,2026-09-18,07,蒲郡,一般,６　６６５　６６５　６４,2026-09-03,2026-09-06,02,戸田,一般,６　６F４　転５,2026-08-25,2026-08-30,09,津,一般,４　６６６　６　５　６６,2026-08-11,2026-08-16,01,桐生,一般,６　３　４６６　５６６,2026-07-30,2026-08-04,08,常滑,一般,６　５３５　６６５　６６,3612,馬袋 義則,2026-09-24,2026-09-29,13,尼崎,一般,１４２　２１３４３３４１,2026-09-15,2026-09-20,14,鳴門,一般,１５１３１２２　３３５２,2026-08-31,2026-09-05,20,若松,ＧⅢ,１２２６２　１１４１[４],2026-08-20,2026-08-23,24,大村,一般,４５１１１２[６],2026-08-09,2026-08-14,13,尼崎,一般,２２４　３　１４３　４１,4143,浦田 晃嗣,2026-09-19,2026-09-24,06,浜名湖,一般,２３６　４６１　５５５,2026-09-01,2026-09-06,12,住之江,一般,３４４　５１４　５４２,2026-08-20,2026-08-23,24,大村,一般,２６６　６　５欠,2026-08-09,2026-08-14,23,からつ,一般,５４５　２　３６２　５６,2026-07-27,2026-08-01,10,三国,一般,６　２６１　２４４　６６
202610080109,2026-10-08,01,09R,3532,柴田 光,2026-09-28,2026-10-03,04,平和島,ＧⅢ,６　６４５　４３５　１,2026-09-03,2026-09-06,02,戸田,一般,１３F４６,2026-08-22,2026-08-26,20,若松,一般,６　３４３　４３１１,2026-08-11,2026-08-16,01,桐生,一般,２　４４欠,2026-06-25,2026-06-30,01,桐生,ＧⅢ,２４６　１５２　１５２３,4528,黒井 達矢,2026-09-28,2026-10-03,16,児島,ＧⅠ,４　４６４　２　３２１３,2026-09-12,2026-09-17,18,徳山,ＧⅠ,５　１１６　６４４　３２,2026-09-03,2026-09-08,09,津,ＧⅠ,３　２５４　５　４４４５,2026-08-24,2026-08-28,15,丸亀,一般,２４１１１２４１[６],2026-08-15,2026-08-20,05,多摩川,一般,６　１１１４１４２２[５],4886,入海 馨,2026-09-22,2026-09-27,08,常滑,一般,１１１１３２２　４２[１],2026-09-11,2026-09-14,02,戸田,一般,３　６１４２１３,2026-08-29,2026-09-03,16,児島,一般,６３２　１３１３１２[４],2026-08-20,2026-08-23,04,平和島,一般,３２１１４　[２],2026-08-07,2026-08-11,15,丸亀,一般,４１６５１１４２[３],5049,松井 友汰,2026-09-25,2026-09-30,05,多摩川,一般,２　３３６１１　２４３４,2026-09-12,2026-09-17,09,津,一般,５　１５１　３２１４４６,2026-08-30,2026-09-03,08,常滑,一般,４５４　２４３　２１,2026-08-17,2026-08-21,13,尼崎,一般,１　３２１２１１[５],2026-07-11,2026-07-16,03,江戸川,一般,２　１３６　３５２２２５,3294,野中 義生,2026-09-19,2026-09-24,06,浜名湖,一般,５　４６５　３１３　１２,2026-08-31,2026-09-05,20,若松,ＧⅢ,２　２６５　６５６　６５,2026-08-20,2026-08-23,02,戸田,一般,３４３　３３４４,2026-08-03,2026-08-08,17,宮島,一般,３５６　５３６　２３２３,2026-06-28,2026-07-02,05,多摩川,一般,２４２　６６５　５３,3577,向所 浩二,2026-09-21,2026-09-26,18,徳山,一般,４　５２５　４４３２４３,2026-09-07,2026-09-11,13,尼崎,一般,５　５６１　２２６４,2026-08-20,2026-08-23,23,からつ,一般,４　６３４　４１,2026-08-09,2026-08-14,13,尼崎,一般,４３２　５　５６１３５,2026-07-27,2026-08-01,10,三国,一般,２１４　５３４　転３４
202610080110,2026-10-08,01,10R,5311,小林 京平,2026-09-17,2026-09-21,15,丸亀,一般,６２１　５２１３１１,2026-09-09,2026-09-13,17,宮島,一般,３２１　３　１３３６,2026-08-29,2026-09-03,19,下関,一般,３３１１５　３５１５４６,2026-08-23,2026-08-27,18,徳山,一般,　　　　　　　　１２,2026-08-15,2026-08-20,18,徳山,一般,４　５６４３１　４１２,4294,古賀 繁輝,2026-08-20,2026-08-25,21,芦屋,一般,１３２１２１１　２１[６],2026-08-09,2026-08-14,23,からつ,一般,４　２２３２１２１３１１,2026-07-28,2026-08-02,16,児島,一般,１　３２１１５４１３１１,2026-07-15,2026-07-21,12,住之江,一般,４　３２３　３５５３１５３１,2026-06-30,2026-07-05,23,からつ,一般,３１６１６　１２４５１３,4142,平野 和明,2026-09-24,2026-09-29,19,下関,一般,４６２　３５３　３５４１,2026-09-15,2026-09-20,14,鳴門,一般,４エ３　３１３４４　２３,2026-09-05,2026-09-11,03,江戸川,一般,３　３４３　２５２　１５,2026-08-21,2026-08-24,07,蒲郡,一般,１　２３４２[３],2026-08-10,2026-08-15,08,常滑,一般,６２２　２４２３４６２６,3385,渡邉 睦広,2026-09-25,2026-09-30,05,多摩川,一般,１　５転６　４３４　１５,2026-09-14,2026-09-19,04,平和島,一般,３　４３１３４３３６１５,2026-08-21,2026-08-24,07,蒲郡,一般,３３３　３４２５,2026-08-11,2026-08-16,04,平和島,一般,４２１　６５４１１　２４,2026-07-29,2026-08-03,22,福岡,一般,１１５　２４６２１６５６,3947,寺本 昇平,2026-09-24,2026-09-29,13,尼崎,一般,４　５５１　５３５３４４,2026-09-09,2026-09-13,05,多摩川,一般,５　４３１１４２[５],2026-08-23,2026-08-27,18,徳山,一般,２　６５４５２４５,2026-08-11,2026-08-16,01,桐生,一般,５　５５１　５　２２５３,2026-07-25,2026-07-29,20,若松,一般,１５５３４　２　５６,3550,都築 正治,2026-09-30,2026-10-05,09,津,一般,２２５　３３３　２４２５,2026-09-16,2026-09-20,23,からつ,一般,２６４１６　５４６６,2026-08-31,2026-09-05,18,徳山,一般,５１６　６６２　２６３,2026-08-17,2026-08-21,13,尼崎,一般,５１５　５６５　４３,2026-08-08,2026-08-11,05,多摩川,一般,６３４　３４５１
202610080111,2026-10-08,01,11R,4950,高岡 竜也,2026-09-22,2026-09-27,08,常滑,一般,６６２２４１６１３１[４],2026-09-12,2026-09-15,10,三国,一般,２６５３４　３２,2026-08-29,2026-09-03,16,児島,一般,５１４４４３妨　１　５５,2026-08-15,2026-08-20,18,徳山,一般,１　４４２１４１１２[５],2026-08-04,2026-08-09,12,住之江,一般,４　２６３２２３５６６６,4637,中田 友也,2026-09-26,2026-10-01,03,江戸川,一般,２　４５３５１　５　４２,2026-09-09,2026-09-13,17,宮島,一般,４５１　４５４　エ欠,2026-08-26,2026-08-30,14,鳴門,一般,２４５５４　１　２４,2026-08-12,2026-08-17,02,戸田,一般,１　６　１１１５５　１１,2026-08-03,2026-08-08,19,下関,一般,６　３３４２５　４１５１,4506,稗田 聖也,2026-09-27,2026-10-02,14,鳴門,一般,１１２３５　４１４１[３],2026-09-17,2026-09-22,16,児島,一般,１４２３２　１１３５３４,2026-08-31,2026-09-05,18,徳山,一般,２２１２４１６　５５１５,2026-08-20,2026-08-23,24,大村,一般,３１４２１３６２,2026-08-10,2026-08-15,21,芦屋,一般,５５４５１２４　２　２３,4550,石岡 将太,2026-09-26,2026-10-01,03,江戸川,一般,４　３２５　４６４　３２,2026-09-15,2026-09-20,14,鳴門,一般,４　５２４２５　３４６,2026-09-01,2026-09-04,24,大村,一般,６４５　５４３,2026-08-22,2026-08-26,20,若松,一般,３　４５５転,2026-08-11,2026-08-16,01,桐生,一般,６３５　４５２　１５１,4093,吉田 宗弘,2026-09-18,2026-09-23,03,江戸川,一般,５３４　１２１３転,2026-09-01,2026-09-05,13,尼崎,一般,５　５６６　３　６,2026-07-28,2026-07-31,24,大村,一般,４６４５５　１,2026-07-18,2026-07-21,04,平和島,一般,５３４　４３３５,2026-07-04,2026-07-09,01,桐生,一般,２５２　４５６　５　４４,5379,廣部 大明,2026-09-19,2026-09-24,06,浜名湖,一般,６　６５６２６　４６４,2026-09-04,2026-09-09,11,びわこ,一般,５　４６６　４５５　５４,2026-08-15,2026-08-20,11,びわこ,一般,５　４５６　２６６　２５,2026-07-30,2026-08-04,08,常滑,一般,６６４　１　４５６　５５,2026-07-15,2026-07-21,12,住之江,一般,６　１４３　５４落　４　６６
202610080112,2026-10-08,01,12R,5234,塚越 海斗,2026-09-22,2026-09-27,20,若松,ＧⅠ,２３５　４　４５６　３４,2026-09-13,2026-09-18,07,蒲郡,一般,１２１１２２１５３１[１],2026-09-04,2026-09-09,11,びわこ,一般,２６４　４２６２１６２５,2026-08-23,2026-08-27,18,徳山,一般,３１３１１２４１[１],2026-08-11,2026-08-16,01,桐生,一般,４３３　３４１６３　１４,4051,清水 敦揮,2026-09-24,2026-09-29,19,下関,一般,２４１１４　１１６１[６],2026-07-18,2026-07-21,20,若松,一般,６１３３３５１２,2026-07-09,2026-07-14,15,丸亀,一般,４１２　３３５４１３１２,2026-06-30,2026-07-04,19,下関,一般,２４４２４１３３５１,2026-06-17,2026-06-20,07,蒲郡,一般,２２３１２２[４],3800,牧 宏次,2026-09-26,2026-09-30,02,戸田,一般,３　１５５１６１１６,2026-09-14,2026-09-19,04,平和島,一般,４　転６,2026-09-02,2026-09-06,17,宮島,一般,１　６４２２１２[４],2026-08-21,2026-08-26,06,浜名湖,一般,２３１　４４５　５４５,2026-08-08,2026-08-11,05,多摩川,一般,６３３２２　４４,3635,石田 政吾,2026-09-22,2026-09-27,08,常滑,一般,２１５　４６２　４６３５,2026-09-09,2026-09-13,05,多摩川,一般,３　１落,2026-08-14,2026-08-19,10,三国,一般,２１６　２１６２１４５,2026-08-05,2026-08-10,09,津,一般,２　３３１４５６６　２３,2026-07-22,2026-07-26,13,尼崎,一般,１　６５３５２　２３,4581,吉村 誠,2026-09-28,2026-10-03,16,児島,ＧⅠ,５　２　４５６　F６５,2026-09-12,2026-09-17,09,津,一般,６５１　２１４５１６１３,2026-08-31,2026-09-05,18,徳山,一般,１６３　１１６４３３１３,2026-08-20,2026-08-23,02,戸田,一般,２　２１２１[３],2026-08-11,2026-08-16,06,浜名湖,一般,２５１４１２５　１４２１,4151,下河 誉史,2026-09-19,2026-09-24,06,浜名湖,一般,６　５５３　３３２　６５,2026-09-04,2026-09-08,07,蒲郡,一般,５２２　３５１４２２,2026-08-26,2026-08-31,11,びわこ,一般,２５３　４６１　６１５,2026-08-12,2026-08-17,22,福岡,一般,４６１　２３３３３３５２,2026-08-03,2026-08-08,19,下関,一般,３　４２２４５　２３３６
202610080301,2026-10-08,03,01R,4283,石井 裕美,2026-09-18,2026-09-23,17,宮島,ＧⅢ,３　５４３　３３５４６,2026-09-05,2026-09-10,04,平和島,一般,５　３３３　３４２５４,2026-08-25,2026-08-30,09,津,一般,３４３　６　５６４　５４,2026-08-11,2026-08-16,04,平和島,一般,３５４　５　４５４　４５,2026-07-19,2026-07-24,19,下関,ＧⅢ,３５６　１　５４２　６５,5327,西田 和加,2026-09-25,2026-09-30,05,多摩川,一般,６　６４４　５６６　５,2026-09-12,2026-09-17,09,津,一般,６　６６３　５５６　６,2026-08-12,2026-08-17,24,大村,ＧⅢ,５　５５６　３４５　５６,2026-07-22,2026-07-26,08,常滑,一般,５５６　２　４４５６,2026-07-11,2026-07-14,04,平和島,一般,６　６　６５６６,4882,瀧川 千依,2026-09-05,2026-09-10,04,平和島,一般,１２６　２４４　６４６,2026-08-18,2026-08-23,16,児島,一般,３　１５２　１６４３１６,2026-07-23,2026-07-28,21,芦屋,一般,６　５６４　４６４　４６,2026-05-09,2026-05-12,20,若松,一般,５５６２６　４,2026-04-01,2026-04-06,22,福岡,一般,６　６６６　６６６　６４,5365,石村 日奈那,2026-09-24,2026-09-29,21,芦屋,ＧⅢ,２５６　３４４　４３６,2026-09-12,2026-09-17,08,常滑,一般,６５４　５６３６４　４６,2026-08-25,2026-08-30,09,津,一般,５　５１４　６５４　３２,2026-08-11,2026-08-16,04,平和島,一般,５６５　１　２６２５２,2026-07-31,2026-08-04,13,尼崎,一般,５　１５４　５６２６,5213,湯淺 紀香,2026-09-20,2026-09-25,01,桐生,一般,転２１　２２３　４４１１,2026-09-05,2026-09-10,04,平和島,一般,５２５　３　２３５１６,2026-08-24,2026-08-29,10,三国,一般,４　５４５　２　２２２２,2026-08-12,2026-08-17,24,大村,ＧⅢ,１５４　２５１　１５１６,2026-07-18,2026-07-23,09,津,ＧⅢ,６　３５６　６４５　５６,4275,菅野 はやか,2026-09-18,2026-09-23,17,宮島,ＧⅢ,６４４　５２４　３６４１,2026-09-05,2026-09-10,04,平和島,一般,６　２６４　２６１　２６,2026-07-31,2026-08-05,01,桐生,ＧⅢ,４　５４６　４２転　５４,2026-07-13,2026-07-18,13,尼崎,ＧⅢ,６３４　２３６　２　２２,2026-06-26,2026-07-01,17,宮島,一般,　　　　　　　　３５３
202610080302,2026-10-08,03,02R,5361,植竹 玲奈,2026-09-18,2026-09-23,17,宮島,ＧⅢ,２６４　４１４　４　３４,2026-09-05,2026-09-10,04,平和島,一般,３４６　１　５２４５５,2026-08-18,2026-08-23,16,児島,一般,６　６６３　５５４　５５,2026-08-08,2026-08-11,05,多摩川,一般,６　６　６６５６,2026-07-25,2026-07-30,04,平和島,一般,３　６２４　２５５５３５,4897,深見 亜由美,2026-09-24,2026-09-29,21,芦屋,ＧⅢ,６６３　３６３　４　転１,2026-09-12,2026-09-17,08,常滑,一般,４３４　３２６４３　３３,2026-08-24,2026-08-29,10,三国,一般,３　２３４５５　２　５６,2026-08-11,2026-08-16,07,蒲郡,一般,１５５　５６３　３　２４,2026-07-19,2026-07-24,19,下関,ＧⅢ,６２３　１６５　５４３,3932,池田 浩美,2026-09-24,2026-09-29,19,下関,一般,１　３５５３５４５　２,2026-08-30,2026-09-04,06,浜名湖,ＧⅢ,３　６５３　２２１１１５,2026-08-12,2026-08-17,24,大村,ＧⅢ,５　２１１　２３５２[５],2026-07-25,2026-07-29,20,若松,一般,２　１１６３６４１６,2026-07-13,2026-07-18,13,尼崎,ＧⅢ,２６５　６　２６２　１５,5358,増本 杏珠,2026-09-24,2026-09-29,21,芦屋,ＧⅢ,５　４３３　５３２５５,2026-09-07,2026-09-12,16,児島,一般,６　３６４　６４５　２３,2026-08-24,2026-08-29,10,三国,一般,４　５　２５４　２５３,2026-08-12,2026-08-17,24,大村,ＧⅢ,５３４５４　２　５４５,2026-08-03,2026-08-08,17,宮島,一般,６４４　６　５６６　６６,4680,後藤 美翼,2026-09-28,2026-10-02,24,大村,一般,２　２４６５３３５１,2026-09-18,2026-09-23,17,宮島,ＧⅢ,１４２　５５２２１４１２,2026-09-06,2026-09-11,14,鳴門,一般,２落２　２４３２２４２３,2026-08-24,2026-08-29,10,三国,一般,４５５３３　１３６　１３,2026-08-11,2026-08-16,04,平和島,一般,１２４　１６４４１２[３],5390,高橋 涼夏,2026-09-06,2026-09-11,14,鳴門,一般,F６６　３　６　５　５,2026-08-11,2026-08-16,01,桐生,一般,４　５　２４５　５１３５,2026-07-31,2026-08-05,01,桐生,ＧⅢ,４　４５５　２６３　４６,2026-07-07,2026-07-12,08,常滑,一般,３　５６６　６５６６５,2026-06-07,2026-06-11,05,多摩川,一般,２　６　５６４６１
202610080303,2026-10-08,03,03R,4843,深尾 巴恵,2026-09-24,2026-09-29,19,下関,一般,６３５　３１５５６　４,2026-09-06,2026-09-11,14,鳴門,一般,５５３　３　６６６　３６,2026-08-25,2026-08-30,09,津,一般,４６６　５６１　６　１５,2026-08-11,2026-08-16,06,浜名湖,一般,３２４　６２４　５５２,2026-07-27,2026-08-01,10,三国,一般,６６６　４　５４６　４,3355,橋谷田 佳織,2026-09-18,2026-09-23,17,宮島,ＧⅢ,４３４　１５５　６５５,2026-07-31,2026-08-05,01,桐生,ＧⅢ,５　３６１　６４５　３２,2026-05-30,2026-06-04,05,多摩川,ＧⅢ,６６４　６　３６５　５,2026-04-29,2026-05-04,14,鳴門,ＧⅢ,５４５　５６４　５　２５,2026-04-08,2026-04-13,23,からつ,ＧⅢ,６　４　４　４５３３５,5153,佐藤 ほのか,2026-09-24,2026-09-29,21,芦屋,ＧⅢ,４　２５１　４４３６４６,2026-09-06,2026-09-11,14,鳴門,一般,４　３６６　４６４　４４,2026-08-27,2026-08-31,04,平和島,一般,５　３５２　２３４３,2026-08-11,2026-08-16,01,桐生,一般,５　６５５　３　６４６,2026-07-31,2026-08-05,05,多摩川,一般,３５６　６６６　５　５５,3528,笠野 友紀恵,2026-09-28,2026-10-02,24,大村,一般,１　４５５　５６５４,2026-09-18,2026-09-23,17,宮島,ＧⅢ,４６４　２５２　２５４,2026-08-30,2026-09-04,06,浜名湖,ＧⅢ,１４５　５５６　６　２２,2026-08-10,2026-08-15,08,常滑,一般,２　６５４　４５６　１４,2026-07-31,2026-08-05,01,桐生,ＧⅢ,５２６　４２５　２　３３,4050,田口 節子,2026-09-24,2026-09-29,21,芦屋,ＧⅢ,３２３４１１１　１１[５],2026-09-06,2026-09-11,14,鳴門,一般,５２１３１１４　２１[４],2026-08-18,2026-08-23,16,児島,一般,３　１１２３２１２１[３],2026-08-06,2026-08-11,18,徳山,ＧⅠ,２　１１５４５　４　５１,2026-07-19,2026-07-24,19,下関,ＧⅢ,１１１　落１１２１２[１],5447,岡本 亜子,2026-09-22,2026-09-27,22,福岡,一般,６　６　６６６６６　６６,2026-09-09,2026-09-14,21,芦屋,一般,６　６６５　６６６　６５,2026-08-08,2026-08-13,16,児島,一般,６　６６５　６６６　６６,2026-07-31,2026-08-04,13,尼崎,一般,６　６６６　６６６,2026-07-09,2026-07-13,16,児島,一般,６　６６６　５６６
202610080304,2026-10-08,03,04R,4941,孫崎 百世,2026-09-24,2026-09-29,13,尼崎,一般,３落２　５２４　６　２,2026-09-12,2026-09-17,08,常滑,一般,４２２６１５２　１６２５,2026-09-05,2026-09-10,04,平和島,一般,３６２　４　４６２　４５,2026-08-24,2026-08-29,10,三国,一般,５　４４３　６　６３転,2026-08-15,2026-08-20,11,びわこ,一般,６２６　５　２５４　５２,4478,櫻本 あゆみ,2026-09-20,2026-09-25,01,桐生,一般,２１３　５１３４４４２４,2026-09-05,2026-09-10,04,平和島,一般,１６４１２　２４５２[６],2026-08-24,2026-08-29,10,三国,一般,１６１２２　２２２２[４],2026-08-06,2026-08-11,18,徳山,ＧⅠ,３　５５３　１　３４５,2026-07-19,2026-07-24,19,下関,ＧⅢ,１６５１１　２１１３２１,4940,白石 有美,2026-09-30,2026-10-04,06,浜名湖,一般,６５５　６　６５４４,2026-09-18,2026-09-23,17,宮島,ＧⅢ,５　６３１　５４４　２１,2026-08-25,2026-08-30,09,津,一般,３　３４３　４５４２２６,2026-08-11,2026-08-16,01,桐生,一般,２　４　６３３　５３６２,2026-07-22,2026-07-26,08,常滑,一般,２２３　４６６３１,5418,堀内 亜海,2026-09-26,2026-10-02,15,丸亀,一般,６　６６６　６５５　６６６,2026-09-13,2026-09-18,22,福岡,一般,６　６　６６６　６６６,2026-08-24,2026-08-29,10,三国,一般,６　６　６６６　６　６６,2026-07-27,2026-07-31,19,下関,一般,６　６６６　６　６６,2026-07-03,2026-07-08,13,尼崎,一般,６　６６６　６５６　６,4347,魚谷 香織,2026-09-24,2026-09-29,21,芦屋,ＧⅢ,１２４４２　１２１３２１,2026-09-06,2026-09-11,14,鳴門,一般,２　１３４２３２１６１５,2026-08-28,2026-08-31,23,からつ,一般,２６４３１　１６,2026-08-06,2026-08-11,18,徳山,ＧⅠ,６　１５６　５　３４１,2026-07-24,2026-07-27,06,浜名湖,一般,３　２３６３１１,5314,中曽 瑠華,2026-09-17,2026-09-20,24,大村,一般,６　６５６　転３,2026-09-05,2026-09-10,04,平和島,一般,３　５５５　３５１　３３,2026-08-18,2026-08-23,16,児島,一般,６　４５６　４５３　５６,2026-08-08,2026-08-11,05,多摩川,一般,５４６　４　３２,2026-07-25,2026-07-30,04,平和島,一般,５５５　５　６６６　５５
202610080305,2026-10-08,03,05R,5327,西田 和加,2026-09-25,2026-09-30,05,多摩川,一般,６　６４４　５６６　５,2026-09-12,2026-09-17,09,津,一般,６　６６３　５５６　６,2026-08-12,2026-08-17,24,大村,ＧⅢ,５　５５６　３４５　５６,2026-07-22,2026-07-26,08,常滑,一般,５５６　２　４４５６,2026-07-11,2026-07-14,04,平和島,一般,６　６　６５６６,4627,藤原 菜希,2026-09-30,2026-10-04,06,浜名湖,一般,２　４５４１４６２５,2026-09-20,2026-09-25,01,桐生,一般,５　１１１５転１２５２２,2026-09-06,2026-09-11,14,鳴門,一般,３　４４３６５３５　１,2026-08-24,2026-08-29,10,三国,一般,４　１６３転３　５１２３,2026-08-12,2026-08-17,24,大村,ＧⅢ,３４１１１　３２１１[２],4924,中北 涼,2026-09-24,2026-09-29,21,芦屋,ＧⅢ,５　３５６　４４１　４５,2026-09-07,2026-09-12,16,児島,一般,５３５　３５４　５４３,2026-08-24,2026-08-29,10,三国,一般,４５４　６　５６３　６,2026-08-12,2026-08-17,24,大村,ＧⅢ,２３３　２３２２４　４,2026-07-28,2026-08-02,15,丸亀,一般,６４５　６６１　５　４６,3435,寺田 千恵,2026-09-24,2026-09-29,21,芦屋,ＧⅢ,１４３４１　１３１２[４],2026-09-13,2026-09-18,11,びわこ,一般,１３４　３２２５２２[４],2026-08-18,2026-08-23,16,児島,一般,３２４４２　４１１２[４],2026-08-06,2026-08-11,18,徳山,ＧⅠ,４３６　４　２５２　５,2026-07-23,2026-07-28,21,芦屋,一般,２４４　１４５３４５３,4414,大澤 真菜,2026-09-20,2026-09-25,01,桐生,一般,２６２　３　６４３　３,2026-09-05,2026-09-10,04,平和島,一般,４　６２２　６５５　２３,2026-08-08,2026-08-11,05,多摩川,一般,１６６　６５６,2026-07-24,2026-07-27,06,浜名湖,一般,６　４５５６５,2026-07-13,2026-07-18,13,尼崎,ＧⅢ,３　６５４　２３５６３６,5117,冨名腰 桃奈,2026-09-27,2026-10-02,14,鳴門,一般,１５５　３　４２６３３,2026-09-18,2026-09-23,17,宮島,ＧⅢ,１３４　３５２　１　２５,2026-08-29,2026-09-03,19,下関,一般,５５６,2026-08-12,2026-08-17,24,大村,ＧⅢ,５　４２１　１転３２２,2026-07-31,2026-08-05,01,桐生,ＧⅢ,２６５　２１５　４３２
202610080306,2026-10-08,03,06R,5358,増本 杏珠,2026-09-24,2026-09-29,21,芦屋,ＧⅢ,５　４３３　５３２５５,2026-09-07,2026-09-12,16,児島,一般,６　３６４　６４５　２３,2026-08-24,2026-08-29,10,三国,一般,４　５　２５４　２５３,2026-08-12,2026-08-17,24,大村,ＧⅢ,５３４５４　２　５４５,2026-08-03,2026-08-08,17,宮島,一般,６４４　６　５６６　６６,5129,山口 真喜子,2026-09-24,2026-09-29,21,芦屋,ＧⅢ,５３１６３　２６５　１２,2026-09-12,2026-09-17,08,常滑,一般,６　３２３１２３１３２３,2026-08-25,2026-08-30,17,宮島,一般,３５３　３２２４３６２４,2026-08-12,2026-08-17,24,大村,ＧⅢ,１２５６４５１　２３１２,2026-07-31,2026-08-05,01,桐生,ＧⅢ,１　５１２５１２５　１５,5320,岩崎 麗子,2026-09-18,2026-09-23,17,宮島,ＧⅢ,４１６　４６２　１　４２,2026-09-05,2026-09-10,04,平和島,一般,３　１４４５４　エ６５,2026-08-24,2026-08-29,10,三国,一般,転　６６２　１　６５４,2026-08-11,2026-08-16,01,桐生,一般,６　３　５５６　５１４,2026-07-25,2026-07-29,20,若松,一般,３６６　１６５６４,4246,喜多 那由夏,2026-09-24,2026-09-29,21,芦屋,ＧⅢ,４　６４３　１６３　６３,2026-09-13,2026-09-18,11,びわこ,一般,５４,2026-08-30,2026-09-04,06,浜名湖,ＧⅢ,４６１　２６３　３６６５,2026-08-12,2026-08-17,24,大村,ＧⅢ,４　５４６　１６５５３,2026-07-28,2026-08-02,16,児島,一般,６４６　４３５　５２４５,4208,三浦 永理,2026-09-24,2026-09-29,21,芦屋,ＧⅢ,１６３１２２１　３２[３],2026-09-12,2026-09-17,08,常滑,一般,１１６　４２１１３１[３],2026-08-30,2026-09-04,06,浜名湖,ＧⅢ,２２１１２１４　５１[６],2026-08-18,2026-08-23,16,児島,一般,１　１３３１１３２１[２],2026-08-06,2026-08-11,18,徳山,ＧⅠ,１１６　６　３３１　２５,5365,石村 日奈那,2026-09-24,2026-09-29,21,芦屋,ＧⅢ,２５６　３４４　４３６,2026-09-12,2026-09-17,08,常滑,一般,６５４　５６３６４　４６,2026-08-25,2026-08-30,09,津,一般,５　５１４　６５４　３２,2026-08-11,2026-08-16,04,平和島,一般,５６５　１　２６２５２,2026-07-31,2026-08-04,13,尼崎,一般,５　１５４　５６２６
202610080307,2026-10-08,03,07R,3994,小野 桜,2026-09-20,2026-09-25,01,桐生,一般,５４５　４３４　１　４４,2026-09-02,2026-09-06,17,宮島,一般,４　４６４３欠,2026-08-18,2026-08-23,16,児島,一般,４　３３１　１６２５４６,2026-07-31,2026-08-05,05,多摩川,一般,２　６４５　６５２　３１,2026-07-10,2026-07-15,06,浜名湖,一般,２　６４３　５４５　３２,4965,福岡 泉水,2026-09-24,2026-09-29,21,芦屋,ＧⅢ,２　２４５２６２２６３３,2026-09-06,2026-09-11,14,鳴門,一般,F６４　６　５　６　４,2026-08-18,2026-08-23,16,児島,一般,４　４５４　３５５　４３,2026-08-09,2026-08-14,13,尼崎,一般,２５１　３　４４１３４６,2026-07-31,2026-08-05,01,桐生,ＧⅢ,２　２２６３４５４４２４,3528,笠野 友紀恵,2026-09-28,2026-10-02,24,大村,一般,１　４５５　５６５４,2026-09-18,2026-09-23,17,宮島,ＧⅢ,４６４　２５２　２５４,2026-08-30,2026-09-04,06,浜名湖,ＧⅢ,１４５　５５６　６　２２,2026-08-10,2026-08-15,08,常滑,一般,２　６５４　４５６　１４,2026-07-31,2026-08-05,01,桐生,ＧⅢ,５２６　４２５　２　３３,4286,平田 さやか,2026-09-27,2026-10-02,14,鳴門,一般,２　１４２４５３４２[６],2026-09-18,2026-09-24,02,戸田,一般,１３３３５４４　２５４３,2026-09-07,2026-09-12,16,児島,一般,４２４　３５２３１　５２,2026-08-25,2026-08-30,09,津,一般,２４１　２２２　５２[５],2026-08-12,2026-08-17,24,大村,ＧⅢ,３２２　２３４　４５３１,4897,深見 亜由美,2026-09-24,2026-09-29,21,芦屋,ＧⅢ,６６３　３６３　４　転１,2026-09-12,2026-09-17,08,常滑,一般,４３４　３２６４３　３３,2026-08-24,2026-08-29,10,三国,一般,３　２３４５５　２　５６,2026-08-11,2026-08-16,07,蒲郡,一般,１５５　５６３　３　２４,2026-07-19,2026-07-24,19,下関,ＧⅢ,６２３　１６５　５４３,5454,谷島 咲希,2026-09-21,2026-09-28,09,津,一般,６　６　６　６５６　６６６,2026-09-05,2026-09-10,04,平和島,一般,６　６　転６５６６　６,2026-08-12,2026-08-17,02,戸田,一般,５　５６６　５５６５５,2026-07-31,2026-08-05,05,多摩川,一般,６　６６６　６６６　６６,2026-07-07,2026-07-12,08,常滑,一般,２４６　６５６　６６６
202610080308,2026-10-08,03,08R,4974,安井 瑞紀,2026-09-24,2026-09-29,21,芦屋,ＧⅢ,１　２６２５１４２５５６,2026-09-13,2026-09-18,11,びわこ,一般,２６５　２４３１６４２５,2026-09-06,2026-09-11,14,鳴門,一般,１４４２１１４　３３１１,2026-08-28,2026-08-31,23,からつ,一般,１３４　１６５５,2026-08-18,2026-08-23,16,児島,一般,４１６　１３５１１６６４,4941,孫崎 百世,2026-09-24,2026-09-29,13,尼崎,一般,３落２　５２４　６　２,2026-09-12,2026-09-17,08,常滑,一般,４２２６１５２　１６２５,2026-09-05,2026-09-10,04,平和島,一般,３６２　４　４６２　４５,2026-08-24,2026-08-29,10,三国,一般,５　４４３　６　６３転,2026-08-15,2026-08-20,11,びわこ,一般,６２６　５　２５４　５２,4275,菅野 はやか,2026-09-18,2026-09-23,17,宮島,ＧⅢ,６４４　５２４　３６４１,2026-09-05,2026-09-10,04,平和島,一般,６　２６４　２６１　２６,2026-07-31,2026-08-05,01,桐生,ＧⅢ,４　５４６　４２転　５４,2026-07-13,2026-07-18,13,尼崎,ＧⅢ,６３４　２３６　２　２２,2026-06-26,2026-07-01,17,宮島,一般,　　　　　　　　３５３,5390,高橋 涼夏,2026-09-06,2026-09-11,14,鳴門,一般,F６６　３　６　５　５,2026-08-11,2026-08-16,01,桐生,一般,４　５　２４５　５１３５,2026-07-31,2026-08-05,01,桐生,ＧⅢ,４　４５５　２６３　４６,2026-07-07,2026-07-12,08,常滑,一般,３　５６６　６５６６５,2026-06-07,2026-06-11,05,多摩川,一般,２　６　５６４６１,3357,福島 陽子,2026-09-20,2026-09-25,01,桐生,一般,４　２４５６３　３　４５,2026-09-09,2026-09-14,21,芦屋,一般,５４２　６３６　４５３,2026-08-30,2026-09-04,06,浜名湖,ＧⅢ,２５６　６４３　４　５３,2026-08-08,2026-08-13,16,児島,一般,１　５５３　６６５　５３,2026-07-19,2026-07-24,19,下関,ＧⅢ,１　６６３６５　６　３６,4450,平高 奈菜,2026-09-18,2026-09-23,17,宮島,ＧⅢ,２　１５１２３２２３４４,2026-09-06,2026-09-11,14,鳴門,一般,１３３２１　１２１２[３],2026-08-25,2026-08-30,09,津,一般,２３３　４F３　３　３,2026-08-12,2026-08-17,24,大村,ＧⅢ,１３２　１１１２３１[１],2026-07-28,2026-08-02,15,丸亀,一般,３１１４３　３２２２[３]
202610080309,2026-10-08,03,09R,3611,岩崎 芳美,2026-09-24,2026-09-29,21,芦屋,ＧⅢ,１５５　１２２５１４２４,2026-09-15,2026-09-20,14,鳴門,一般,１３３４３３１　２２[３],2026-08-30,2026-09-04,06,浜名湖,ＧⅢ,１５５２１１５　１５２２,2026-08-17,2026-08-20,20,若松,一般,４１２２３５２３,2026-08-06,2026-08-11,18,徳山,ＧⅠ,４　４　３３４　４６５,5117,冨名腰 桃奈,2026-09-27,2026-10-02,14,鳴門,一般,１５５　３　４２６３３,2026-09-18,2026-09-23,17,宮島,ＧⅢ,１３４　３５２　１　２５,2026-08-29,2026-09-03,19,下関,一般,５５６,2026-08-12,2026-08-17,24,大村,ＧⅢ,５　４２１　１転３２２,2026-07-31,2026-08-05,01,桐生,ＧⅢ,２６５　２１５　４３２,4690,高石 梨菜,2026-09-20,2026-09-25,01,桐生,一般,４　１４５　５６５　３,2026-09-05,2026-09-10,04,平和島,一般,１　５１１２５　２４１２,2026-08-17,2026-08-20,20,若松,一般,３４３５３　５１,2026-07-24,2026-07-27,06,浜名湖,一般,５５２　２５２３,2026-07-11,2026-07-14,04,平和島,一般,１３５　６２６,4843,深尾 巴恵,2026-09-24,2026-09-29,19,下関,一般,６３５　３１５５６　４,2026-09-06,2026-09-11,14,鳴門,一般,５５３　３　６６６　３６,2026-08-25,2026-08-30,09,津,一般,４６６　５６１　６　１５,2026-08-11,2026-08-16,06,浜名湖,一般,３２４　６２４　５５２,2026-07-27,2026-08-01,10,三国,一般,６６６　４　５４６　４,4940,白石 有美,2026-09-30,2026-10-04,06,浜名湖,一般,６５５　６　６５４４,2026-09-18,2026-09-23,17,宮島,ＧⅢ,５　６３１　５４４　２１,2026-08-25,2026-08-30,09,津,一般,３　３４３　４５４２２６,2026-08-11,2026-08-16,01,桐生,一般,２　４　６３３　５３６２,2026-07-22,2026-07-26,08,常滑,一般,２２３　４６６３１,3618,海野 ゆかり,2026-09-27,2026-10-02,14,鳴門,一般,４４４２３　２１２４５３,2026-09-18,2026-09-23,17,宮島,ＧⅢ,１２１３３　１１３１[１],2026-08-30,2026-09-04,06,浜名湖,ＧⅢ,２　２１３３６１４２[５],2026-08-18,2026-08-23,16,児島,一般,３４４２４　１２５４２５,2026-08-06,2026-08-11,18,徳山,ＧⅠ,５１４　２　２３６　２６
202610080310,2026-10-08,03,10R,4347,魚谷 香織,2026-09-24,2026-09-29,21,芦屋,ＧⅢ,１２４４２　１２１３２１,2026-09-06,2026-09-11,14,鳴門,一般,２　１３４２３２１６１５,2026-08-28,2026-08-31,23,からつ,一般,２６４３１　１６,2026-08-06,2026-08-11,18,徳山,ＧⅠ,６　１５６　５　３４１,2026-07-24,2026-07-27,06,浜名湖,一般,３　２３６３１１,5361,植竹 玲奈,2026-09-18,2026-09-23,17,宮島,ＧⅢ,２６４　４１４　４　３４,2026-09-05,2026-09-10,04,平和島,一般,３４６　１　５２４５５,2026-08-18,2026-08-23,16,児島,一般,６　６６３　５５４　５５,2026-08-08,2026-08-11,05,多摩川,一般,６　６　６６５６,2026-07-25,2026-07-30,04,平和島,一般,３　６２４　２５５５３５,5213,湯淺 紀香,2026-09-20,2026-09-25,01,桐生,一般,転２１　２２３　４４１１,2026-09-05,2026-09-10,04,平和島,一般,５２５　３　２３５１６,2026-08-24,2026-08-29,10,三国,一般,４　５４５　２　２２２２,2026-08-12,2026-08-17,24,大村,ＧⅢ,１５４　２５１　１５１６,2026-07-18,2026-07-23,09,津,ＧⅢ,６　３５６　６４５　５６,3604,武藤 綾子,2026-09-24,2026-09-29,21,芦屋,ＧⅢ,３１２　４３５　３６３５,2026-08-26,2026-08-30,14,鳴門,一般,６　３　４４５５５６,2026-08-12,2026-08-17,24,大村,ＧⅢ,４２５　３　５５６　２５,2026-07-31,2026-08-05,01,桐生,ＧⅢ,２　４２３　３４１４[６],2026-07-13,2026-07-18,13,尼崎,ＧⅢ,３　５６１１５　１４１３,4246,喜多 那由夏,2026-09-24,2026-09-29,21,芦屋,ＧⅢ,４　６４３　１６３　６３,2026-09-13,2026-09-18,11,びわこ,一般,５４,2026-08-30,2026-09-04,06,浜名湖,ＧⅢ,４６１　２６３　３６６５,2026-08-12,2026-08-17,24,大村,ＧⅢ,４　５４６　１６５５３,2026-07-28,2026-08-02,16,児島,一般,６４６　４３５　５２４５,4050,田口 節子,2026-09-24,2026-09-29,21,芦屋,ＧⅢ,３２３４１１１　１１[５],2026-09-06,2026-09-11,14,鳴門,一般,５２１３１１４　２１[４],2026-08-18,2026-08-23,16,児島,一般,３　１１２３２１２１[３],2026-08-06,2026-08-11,18,徳山,ＧⅠ,２　１１５４５　４　５１,2026-07-19,2026-07-24,19,下関,ＧⅢ,１１１　落１１２１２[１]
202610080311,2026-10-08,03,11R,4478,櫻本 あゆみ,2026-09-20,2026-09-25,01,桐生,一般,２１３　５１３４４４２４,2026-09-05,2026-09-10,04,平和島,一般,１６４１２　２４５２[６],2026-08-24,2026-08-29,10,三国,一般,１６１２２　２２２２[４],2026-08-06,2026-08-11,18,徳山,ＧⅠ,３　５５３　１　３４５,2026-07-19,2026-07-24,19,下関,ＧⅢ,１６５１１　２１１３２１,3994,小野 桜,2026-09-20,2026-09-25,01,桐生,一般,５４５　４３４　１　４４,2026-09-02,2026-09-06,17,宮島,一般,４　４６４３欠,2026-08-18,2026-08-23,16,児島,一般,４　３３１　１６２５４６,2026-07-31,2026-08-05,05,多摩川,一般,２　６４５　６５２　３１,2026-07-10,2026-07-15,06,浜名湖,一般,２　６４３　５４５　３２,5129,山口 真喜子,2026-09-24,2026-09-29,21,芦屋,ＧⅢ,５３１６３　２６５　１２,2026-09-12,2026-09-17,08,常滑,一般,６　３２３１２３１３２３,2026-08-25,2026-08-30,17,宮島,一般,３５３　３２２４３６２４,2026-08-12,2026-08-17,24,大村,ＧⅢ,１２５６４５１　２３１２,2026-07-31,2026-08-05,01,桐生,ＧⅢ,１　５１２５１２５　１５,3355,橋谷田 佳織,2026-09-18,2026-09-23,17,宮島,ＧⅢ,４３４　１５５　６５５,2026-07-31,2026-08-05,01,桐生,ＧⅢ,５　３６１　６４５　３２,2026-05-30,2026-06-04,05,多摩川,ＧⅢ,６６４　６　３６５　５,2026-04-29,2026-05-04,14,鳴門,ＧⅢ,５４５　５６４　５　２５,2026-04-08,2026-04-13,23,からつ,ＧⅢ,６　４　４　４５３３５,4283,石井 裕美,2026-09-18,2026-09-23,17,宮島,ＧⅢ,３　５４３　３３５４６,2026-09-05,2026-09-10,04,平和島,一般,５　３３３　３４２５４,2026-08-25,2026-08-30,09,津,一般,３４３　６　５６４　５４,2026-08-11,2026-08-16,04,平和島,一般,３５４　５　４５４　４５,2026-07-19,2026-07-24,19,下関,ＧⅢ,３５６　１　５４２　６５,3932,池田 浩美,2026-09-24,2026-09-29,19,下関,一般,１　３５５３５４５　２,2026-08-30,2026-09-04,06,浜名湖,ＧⅢ,３　６５３　２２１１１５,2026-08-12,2026-08-17,24,大村,ＧⅢ,５　２１１　２３５２[５],2026-07-25,2026-07-29,20,若松,一般,２　１１６３６４１６,2026-07-13,2026-07-18,13,尼崎,ＧⅢ,２６５　６　２６２　１５
202610080312,2026-10-08,03,12R,4208,三浦 永理,2026-09-24,2026-09-29,21,芦屋,ＧⅢ,１６３１２２１　３２[３],2026-09-12,2026-09-17,08,常滑,一般,１１６　４２１１３１[３],2026-08-30,2026-09-04,06,浜名湖,ＧⅢ,２２１１２１４　５１[６],2026-08-18,2026-08-23,16,児島,一般,１　１３３１１３２１[２],2026-08-06,2026-08-11,18,徳山,ＧⅠ,１１６　６　３３１　２５,4891,寺島 美里,2026-09-24,2026-09-29,19,下関,一般,５５２３４　３３１　４６,2026-09-09,2026-09-15,20,若松,一般,５　１６１３４２２４４５F５,2026-08-26,2026-08-30,14,鳴門,一般,４４６　２　２４２３,2026-08-12,2026-08-17,24,大村,ＧⅢ,３　３１４　２１４６１５,2026-07-25,2026-07-30,04,平和島,一般,５１４　２６３　５３４１,4680,後藤 美翼,2026-09-28,2026-10-02,24,大村,一般,２　２４６５３３５１,2026-09-18,2026-09-23,17,宮島,ＧⅢ,１４２　５５２２１４１２,2026-09-06,2026-09-11,14,鳴門,一般,２落２　２４３２２４２３,2026-08-24,2026-08-29,10,三国,一般,４５５３３　１３６　１３,2026-08-11,2026-08-16,04,平和島,一般,１２４　１６４４１２[３],5151,山下 奈緒,2026-09-26,2026-09-30,02,戸田,一般,５　６６,2026-09-13,2026-09-18,22,福岡,一般,３５３　３６５　１　４２,2026-08-30,2026-09-04,06,浜名湖,ＧⅢ,５　４３２　４５６５５,2026-08-15,2026-08-20,11,びわこ,一般,２５４　５１６　５５５,2026-07-19,2026-07-24,19,下関,ＧⅢ,４４６　５５２４１　４,4974,安井 瑞紀,2026-09-24,2026-09-29,21,芦屋,ＧⅢ,１　２６２５１４２５５６,2026-09-13,2026-09-18,11,びわこ,一般,２６５　２４３１６４２５,2026-09-06,2026-09-11,14,鳴門,一般,１４４２１１４　３３１１,2026-08-28,2026-08-31,23,からつ,一般,１３４　１６５５,2026-08-18,2026-08-23,16,児島,一般,４１６　１３５１１６６４,4924,中北 涼,2026-09-24,2026-09-29,21,芦屋,ＧⅢ,５　３５６　４４１　４５,2026-09-07,2026-09-12,16,児島,一般,５３５　３５４　５４３,2026-08-24,2026-08-29,10,三国,一般,４５４　６　５６３　６,2026-08-12,2026-08-17,24,大村,ＧⅢ,２３３　２３２２４　４,2026-07-28,2026-08-02,15,丸亀,一般,６４５　６６１　５　４６
202610080501,2026-10-08,05,01R,5385,鈴木 柊介,2026-09-13,2026-09-18,07,蒲郡,一般,５　６５３　５５５　５６,2026-08-24,2026-08-28,15,丸亀,一般,２　６　６３３　６６,2026-08-11,2026-08-16,06,浜名湖,一般,６６６　６　３１２　５３,2026-07-24,2026-07-27,02,戸田,一般,５　５６５　３６,2026-07-14,2026-07-17,24,大村,一般,６　５６５５３,5272,松田 真実,2026-09-24,2026-09-29,21,芦屋,ＧⅢ,２６５　１　２２１４６４,2026-09-12,2026-09-17,08,常滑,一般,１６３３２　５２５５１３,2026-08-25,2026-08-30,09,津,一般,４　２４３　４４２４６１,2026-08-12,2026-08-17,24,大村,ＧⅢ,１　１６４　２３１２[６],2026-07-19,2026-07-24,19,下関,ＧⅢ,１　３６３４４　５６４６,3660,長谷川 親王,2026-09-18,2026-09-24,02,戸田,一般,５　４５５　３２５３３６,2026-09-04,2026-09-08,07,蒲郡,一般,６４４　３　５５４,2026-08-17,2026-08-21,15,丸亀,一般,４６６　５　５３５,2026-08-04,2026-08-09,10,三国,一般,６５６　１　４４３２５１,2026-07-22,2026-07-27,14,鳴門,一般,１　４５２５３　３３３３,5387,戸田 海咲音,2026-09-18,2026-09-23,17,宮島,ＧⅢ,５４６　６５６　６　５５,2026-08-18,2026-08-23,16,児島,一般,６６６　４６３　５６６,2026-08-07,2026-08-11,15,丸亀,一般,６　６６６　５６５,2026-04-29,2026-05-04,19,下関,一般,６　６６６５６６５　６,2026-03-28,2026-04-02,02,戸田,一般,５　６６６６６　６　５,5461,板頭 里緒,2026-09-18,2026-09-24,02,戸田,一般,６　６F６　６　６　５,2026-08-15,2026-08-20,09,津,一般,５　６６６　６６６　６,2026-07-27,2026-08-01,10,三国,一般,６　６６６　６　６５６,2026-07-17,2026-07-20,02,戸田,一般,６　６６６　４６,2026-06-23,2026-06-28,07,蒲郡,一般,６５６　６　６　６６６,4318,桑原 将光,2026-09-22,2026-09-27,11,びわこ,ＧⅢ,３５３　１６３６１　４６,2026-09-12,2026-09-17,09,津,一般,４１３　５５２　４３４,2026-08-30,2026-09-02,21,芦屋,一般,２２１３３３２１,2026-07-23,2026-07-27,01,桐生,一般,５５２　エ３５３３,2026-07-15,2026-07-19,08,常滑,一般,４　４４３２６　１４
202610080502,2026-10-08,05,02R,4650,中山 雄太,2026-09-22,2026-09-27,08,常滑,一般,２　６４５　５４２　５４,2026-09-09,2026-09-13,17,宮島,一般,１　６　２２２４２４,2026-09-03,2026-09-06,02,戸田,一般,５　４６６　５,2026-08-22,2026-08-27,22,福岡,一般,５６６　５　１４４６６３,2026-08-14,2026-08-19,10,三国,一般,４　４６２　５５５６４,4889,後藤 盛也,2026-05-29,2026-06-03,11,びわこ,一般,４　２３５３６　１４５１,2026-05-12,2026-05-16,01,桐生,一般,F　４　５５６　６,2026-04-26,2026-05-01,24,大村,一般,３２６　４２１１３３F２,2026-04-17,2026-04-20,23,からつ,一般,２１２　４６１F,2026-03-22,2026-03-27,22,福岡,一般,１４５　２３２　１６４４,4990,田中 博子,2026-09-24,2026-09-29,21,芦屋,ＧⅢ,６　２４５　５６５３２,2026-08-24,2026-08-29,10,三国,一般,３　３５転６４　４　５,2026-07-31,2026-08-05,01,桐生,ＧⅢ,１　５６３　６２４５４,2026-07-13,2026-07-18,13,尼崎,ＧⅢ,５　２３５６１　５６６３,2026-06-18,2026-06-21,20,若松,一般,４５６６２　４,3857,阿波 勝哉,2026-09-26,2026-09-30,02,戸田,一般,１５６　４　２６エ５,2026-09-14,2026-09-19,04,平和島,一般,４　３６１　エ２５４１,2026-09-05,2026-09-11,03,江戸川,一般,５４４　２６１　２３２,2026-08-22,2026-08-27,22,福岡,一般,４　４３４５３　４２１１,2026-08-11,2026-08-16,04,平和島,一般,５６２　３　３４２３３,4163,山崎 裕司,2026-09-21,2026-09-26,18,徳山,一般,３　３３４２１１２３３２,2026-09-11,2026-09-14,02,戸田,一般,２　３１４１[３],2026-08-29,2026-09-03,19,下関,一般,１　４２３３３　２４１３,2026-08-14,2026-08-19,17,宮島,一般,５　４３６４５１２　５１,2026-08-05,2026-08-10,09,津,一般,６　６２１　６５１　４１,4529,嶋 義信,2026-09-21,2026-09-26,18,徳山,一般,１２２２１　２６４１[３],2026-09-09,2026-09-15,20,若松,一般,５１３３１２３　５２１３５１,2026-08-28,2026-08-31,23,からつ,一般,１４１落,2026-08-17,2026-08-21,15,丸亀,一般,６１１６２５４２３,2026-08-04,2026-08-09,10,三国,一般,１２３　１３１１２１[１]
202610080503,2026-10-08,05,03R,4911,片岡 大地,2026-09-21,2026-09-26,18,徳山,一般,２　６６１２５４１　１６,2026-08-15,2026-08-20,05,多摩川,一般,３　５５４　１６２　４２,2026-08-03,2026-08-08,04,平和島,ＧⅢ,５　２５５　２６３６４４,2026-07-24,2026-07-27,02,戸田,一般,５　３１３４２３,2026-07-14,2026-07-19,21,芦屋,一般,６６５　６３４５６　５２,4725,佐竹 太一,2026-09-18,2026-09-23,03,江戸川,一般,１　３３６３３　２６,2026-09-02,2026-09-06,17,宮島,一般,５　５１５２６　４５,2026-08-20,2026-08-23,24,大村,一般,５１４　６２５,2026-08-09,2026-08-14,13,尼崎,一般,１２３　４３４　５３４４,2026-07-27,2026-08-01,10,三国,一般,５　３３５　３６１　３６,3680,森林 太,2026-09-18,2026-09-23,12,住之江,一般,４　４４６　１３４　４２,2026-09-04,2026-09-08,07,蒲郡,一般,３４２　２６４６４５,2026-08-22,2026-08-26,20,若松,一般,６１６３３　６３２,2026-08-11,2026-08-16,19,下関,一般,１５５　５２６５５　１,2026-07-29,2026-08-01,18,徳山,一般,５２６　６　３４,4732,堀本 和也,2026-09-21,2026-09-26,18,徳山,一般,４３１５５　４４３　１２,2026-09-09,2026-09-13,17,宮島,一般,５１１２２　３３２１,2026-08-25,2026-08-30,09,津,一般,３２１　２　１１２２[１],2026-08-17,2026-08-20,20,若松,一般,２４３１２３４６,2026-08-05,2026-08-10,14,鳴門,一般,３２２　４１３５１４２１,4618,乃村 康友,2026-09-18,2026-09-23,12,住之江,一般,２５１　６３１　１４１２,2026-09-01,2026-09-05,13,尼崎,一般,４２転　２２４　３５,2026-08-20,2026-08-23,02,戸田,一般,２１５　５６３２,2026-07-10,2026-07-14,09,津,一般,２４２１２　６６１４,2026-06-29,2026-07-03,11,びわこ,一般,３５３　５２２　４３,4914,吉田 裕平,2026-09-22,2026-09-27,20,若松,ＧⅠ,２　３３２１妨,2026-09-13,2026-09-18,22,福岡,一般,１１４２１　３１２２[４],2026-09-04,2026-09-08,07,蒲郡,一般,２１２２２１４３１１,2026-07-28,2026-08-02,11,びわこ,ＳＧ,１４５　１　４２６　１５,2026-07-18,2026-07-23,09,津,ＧⅢ,３　２３１１１　１　[２]
202610080504,2026-10-08,05,04R,5125,高井 雄基,2026-09-13,2026-09-18,22,福岡,一般,４　３５３４１３１　３２,2026-09-01,2026-09-05,13,尼崎,一般,２６４　１５３　６６,2026-08-20,2026-08-23,04,平和島,一般,３４４５２　５５,2026-08-10,2026-08-15,08,常滑,一般,１　１５３４４６３６５３,2026-07-31,2026-08-03,20,若松,一般,１３１６５２[５],4293,鈴木 智啓,2026-09-17,2026-09-20,24,大村,一般,４５１　５　５２,2026-09-01,2026-09-06,12,住之江,一般,２５５　３４３　１　２３,2026-08-20,2026-08-23,23,からつ,一般,５１４　３１３５,2026-08-10,2026-08-15,08,常滑,一般,４　３３４　３５４５５,2026-07-27,2026-08-01,09,津,一般,５　５３,3105,内山 文典,2026-09-14,2026-09-19,04,平和島,一般,５　２転４　２６３　６３,2026-08-31,2026-09-05,20,若松,ＧⅢ,４５６　２　１３３５１５,2026-08-20,2026-08-23,02,戸田,一般,１　３１６２４４,2026-08-09,2026-08-15,03,江戸川,一般,１　３５５　転欠,2026-07-27,2026-07-31,19,下関,一般,３　３４２５４　２４,4469,土山 卓也,2026-09-17,2026-09-22,16,児島,一般,２３２　２５６６４　４,2026-09-04,2026-09-08,07,蒲郡,一般,４　５１６３３３３,2026-08-28,2026-08-31,23,からつ,一般,２６５妨５　２３,2026-08-04,2026-08-09,10,三国,一般,２５３３３　１４１６２４,2026-07-27,2026-07-31,19,下関,一般,５５２　３　４４１４,3870,寺嶋 雄,2026-09-17,2026-09-22,16,児島,一般,６１６　４６２　５２１,2026-09-07,2026-09-11,13,尼崎,一般,６　６６６　５６４,2026-08-25,2026-08-30,17,宮島,一般,６１５　４６４　４５４３,2026-08-14,2026-08-19,10,三国,一般,２１５　５６４　４２４２,2026-07-31,2026-08-05,06,浜名湖,ＧⅢ,５　５４５　６６５　６,3567,吉岡 誠,2026-09-12,2026-09-17,09,津,一般,６６５　６６１　６　５,2026-08-27,2026-09-01,07,蒲郡,一般,６　６５６　１　６６６,2026-08-16,2026-08-19,14,鳴門,一般,３６,2026-07-29,2026-08-03,22,福岡,一般,６　落欠,2026-07-22,2026-07-25,24,大村,一般,６３６　６　６４
202610080505,2026-10-08,05,05R,4876,梅木 敬太,2026-09-26,2026-09-30,02,戸田,一般,２３２　１６６３[２],2026-09-11,2026-09-15,06,浜名湖,一般,４６５３１　１６２３,2026-08-28,2026-09-02,05,多摩川,ＧⅢ,１　６３３　４２６３２２,2026-08-17,2026-08-20,20,若松,一般,４　６６５６５,2026-08-04,2026-08-09,10,三国,一般,２２５　４５１　６１２５,4988,牟田 奨太,2026-09-18,2026-09-23,12,住之江,一般,３　５２６　５１６　３６,2026-09-01,2026-09-04,24,大村,一般,５　５１５　６１,2026-08-17,2026-08-21,13,尼崎,一般,１３６　６５６　５２,2026-07-29,2026-08-03,22,福岡,一般,６　２１１６４１５６１５,2026-07-18,2026-07-21,20,若松,一般,３　６５６　３４,4824,松井 洪弥,2026-09-22,2026-09-27,11,びわこ,ＧⅢ,２６１１４　４６２４１２,2026-09-12,2026-09-17,09,津,一般,１２２　１４４　１２[６],2026-08-30,2026-09-02,21,芦屋,一般,５２１１１１[６],2026-08-14,2026-08-19,10,三国,一般,２４３５６　１５２　１５,2026-08-03,2026-08-08,17,宮島,一般,５２１５１　１２５４１２,3757,畑 和宏,2026-09-24,2026-09-29,19,下関,一般,４　３４２６３　２３６５,2026-09-11,2026-09-16,12,住之江,一般,４４６　１４１　１５１,2026-08-29,2026-09-03,16,児島,一般,５５５　５１２６２　２３,2026-08-17,2026-08-20,20,若松,一般,１　５４３２２５,2026-08-05,2026-08-10,14,鳴門,一般,５６３　３１４２１　１６,3684,清水 攻二,2026-09-21,2026-09-26,18,徳山,一般,３４３３妨　５４２,2026-09-09,2026-09-13,17,宮島,一般,６　４３１５５　１１,2026-08-24,2026-08-28,15,丸亀,一般,５　妨２４４６　２２,2026-07-24,2026-07-27,06,浜名湖,一般,２　４３３６３３,2026-07-17,2026-07-20,02,戸田,一般,２３,5029,中 亮太,2026-09-22,2026-09-27,20,若松,ＧⅠ,１　３５２　１　２　[３],2026-09-12,2026-09-15,10,三国,一般,２３２６３３３１,2026-09-01,2026-09-05,13,尼崎,一般,２１１２１３２１[５],2026-08-22,2026-08-27,08,常滑,ＧⅢ,２　４５３３４２４６１５,2026-08-10,2026-08-15,21,芦屋,一般,１４１　４１３１５５５６
202610080506,2026-10-08,05,06R,3655,本橋 克洋,2026-09-19,2026-09-24,06,浜名湖,一般,６５５　５３２　４１３,2026-09-05,2026-09-11,03,江戸川,一般,４　５６４　２６３　６３,2026-08-22,2026-08-27,22,福岡,一般,５４３　４３１　６５５１,2026-08-11,2026-08-16,01,桐生,一般,４６６　２　５３２　４３,2026-07-22,2026-07-27,14,鳴門,一般,４３２　３４３６１　２６,4636,赤池 修平,2026-09-15,2026-09-20,14,鳴門,一般,１　５３２　６２２６３３,2026-09-01,2026-09-06,12,住之江,一般,４　５６４　２６６　５５,2026-08-05,2026-08-10,14,鳴門,一般,４３２　１５５　３６５,2026-07-22,2026-07-26,13,尼崎,一般,４６５　６　５　２３,2026-07-09,2026-07-13,16,児島,一般,６　２６３１５　４４,5334,樫葉 新心,2026-09-18,2026-09-23,17,宮島,ＧⅢ,５４５　６４３　３　３４,2026-09-06,2026-09-11,14,鳴門,一般,４５５　６５２　４　５３,2026-08-24,2026-08-29,13,尼崎,一般,６５６　６　４６５　６,2026-07-14,2026-07-19,21,芦屋,一般,６　６１５　６４３　３,2026-06-24,2026-06-29,12,住之江,一般,５５４　４５３　５　４５,5439,志賀 美優,2026-09-21,2026-09-28,09,津,一般,５　６　６６６　６　６　６４,2026-09-12,2026-09-17,08,常滑,一般,６　６６６　６５６３６６,2026-08-30,2026-09-04,06,浜名湖,ＧⅢ,６　６５５　６６６　５６,2026-08-11,2026-08-16,07,蒲郡,一般,６６６　６６５　５　６６,2026-07-14,2026-07-19,01,桐生,一般,６　３６６　５６６　６,5406,小畑 楓夏,2026-08-28,2026-08-31,23,からつ,一般,５　６６６　６６,2026-08-15,2026-08-20,18,徳山,一般,６６５　６　６６６　５６,2026-07-28,2026-07-31,24,大村,一般,F５４　６　５,2026-07-19,2026-07-24,19,下関,ＧⅢ,６　５５６　５５６　５２,2026-06-24,2026-06-29,12,住之江,一般,５　３転５　６６６　６,3876,中辻 崇人,2026-09-24,2026-09-29,19,下関,一般,１２５２１　１３１２[２],2026-09-14,2026-09-19,04,平和島,一般,２１２２２　１３４１[２],2026-09-04,2026-09-08,07,蒲郡,一般,１６２３２妨１１４５,2026-08-21,2026-08-26,06,浜名湖,一般,６５１　３１５５４６２１,2026-08-10,2026-08-15,21,芦屋,一般,１１１　３４３１１１[６]
202610080507,2026-10-08,05,07R,4274,長畑 友輔,2026-09-09,2026-09-15,20,若松,一般,３　３４落欠,2026-08-30,2026-09-02,21,芦屋,一般,５５４　３　５６,2026-08-15,2026-08-20,05,多摩川,一般,５３２　４　１３５５２６,2026-08-06,2026-08-09,02,戸田,一般,１５２４６　１４,2026-07-15,2026-07-20,18,徳山,一般,１　２５６１４　２６５６,3976,内田 圭,2026-09-17,2026-09-20,24,大村,一般,６６６　６,2026-08-31,2026-09-05,18,徳山,一般,３　６１２　５４５５１,2026-08-21,2026-08-26,06,浜名湖,一般,４　３６５　１５３２４,2026-08-04,2026-08-09,12,住之江,一般,２　４２妨　２　５６５,2026-07-24,2026-07-29,17,宮島,一般,４　５５１　５２２５２５,5272,松田 真実,2026-09-24,2026-09-29,21,芦屋,ＧⅢ,２６５　１　２２１４６４,2026-09-12,2026-09-17,08,常滑,一般,１６３３２　５２５５１３,2026-08-25,2026-08-30,09,津,一般,４　２４３　４４２４６１,2026-08-12,2026-08-17,24,大村,ＧⅢ,１　１６４　２３１２[６],2026-07-19,2026-07-24,19,下関,ＧⅢ,１　３６３４４　５６４６,4703,森永 隆,2026-09-24,2026-09-29,13,尼崎,一般,３３５２２　２２１４１２,2026-09-12,2026-09-17,09,津,一般,３６６　２４１　５　２３,2026-08-28,2026-08-31,23,からつ,一般,３２１３転４２２,2026-08-15,2026-08-20,18,徳山,一般,１　２５４２４４２４４５,2026-08-07,2026-08-11,15,丸亀,一般,１５２３３４１２[２],3660,長谷川 親王,2026-09-18,2026-09-24,02,戸田,一般,５　４５５　３２５３３６,2026-09-04,2026-09-08,07,蒲郡,一般,６４４　３　５５４,2026-08-17,2026-08-21,15,丸亀,一般,４６６　５　５３５,2026-08-04,2026-08-09,10,三国,一般,６５６　１　４４３２５１,2026-07-22,2026-07-27,14,鳴門,一般,１　４５２５３　３３３３,5034,若林 義人,2026-09-22,2026-09-27,20,若松,ＧⅠ,６　１４６　５２２　３３,2026-09-12,2026-09-15,10,三国,一般,１転２１１２[５],2026-09-03,2026-09-08,09,津,ＧⅠ,２　６　６３４　３１４３,2026-08-20,2026-08-23,02,戸田,一般,２６３３２１１１,2026-08-11,2026-08-16,06,浜名湖,一般,１５３２３　２３１２[３]
202610080508,2026-10-08,05,08R,3857,阿波 勝哉,2026-09-26,2026-09-30,02,戸田,一般,１５６　４　２６エ５,2026-09-14,2026-09-19,04,平和島,一般,４　３６１　エ２５４１,2026-09-05,2026-09-11,03,江戸川,一般,５４４　２６１　２３２,2026-08-22,2026-08-27,22,福岡,一般,４　４３４５３　４２１１,2026-08-11,2026-08-16,04,平和島,一般,５６２　３　３４２３３,3567,吉岡 誠,2026-09-12,2026-09-17,09,津,一般,６６５　６６１　６　５,2026-08-27,2026-09-01,07,蒲郡,一般,６　６５６　１　６６６,2026-08-16,2026-08-19,14,鳴門,一般,３６,2026-07-29,2026-08-03,22,福岡,一般,６　落欠,2026-07-22,2026-07-25,24,大村,一般,６３６　６　６４,4318,桑原 将光,2026-09-22,2026-09-27,11,びわこ,ＧⅢ,３５３　１６３６１　４６,2026-09-12,2026-09-17,09,津,一般,４１３　５５２　４３４,2026-08-30,2026-09-02,21,芦屋,一般,２２１３３３２１,2026-07-23,2026-07-27,01,桐生,一般,５５２　エ３５３３,2026-07-15,2026-07-19,08,常滑,一般,４　４４３２６　１４,5385,鈴木 柊介,2026-09-13,2026-09-18,07,蒲郡,一般,５　６５３　５５５　５６,2026-08-24,2026-08-28,15,丸亀,一般,２　６　６３３　６６,2026-08-11,2026-08-16,06,浜名湖,一般,６６６　６　３１２　５３,2026-07-24,2026-07-27,02,戸田,一般,５　５６５　３６,2026-07-14,2026-07-17,24,大村,一般,６　５６５５３,3680,森林 太,2026-09-18,2026-09-23,12,住之江,一般,４　４４６　１３４　４２,2026-09-04,2026-09-08,07,蒲郡,一般,３４２　２６４６４５,2026-08-22,2026-08-26,20,若松,一般,６１６３３　６３２,2026-08-11,2026-08-16,19,下関,一般,１５５　５２６５５　１,2026-07-29,2026-08-01,18,徳山,一般,５２６　６　３４,4794,和田 拓也,2026-09-22,2026-09-27,08,常滑,一般,５３４１３３３１１２[５],2026-09-11,2026-09-16,12,住之江,一般,１　１４１２１１４１[１],2026-08-31,2026-09-05,18,徳山,一般,４１１６４２１　４３４１,2026-08-19,2026-08-24,19,下関,一般,１３５　２１２２４４１２,2026-08-05,2026-08-10,09,津,一般,１　６２１４２２２４１１
202610080509,2026-10-08,05,09R,4233,亀山 雅幸,2026-09-12,2026-09-15,10,三国,一般,５３５２４　３３,2026-09-02,2026-09-06,17,宮島,一般,６３１　３３１５１５,2026-08-17,2026-08-21,13,尼崎,一般,５５１　５３１　２４,2026-08-04,2026-08-09,12,住之江,一般,２６６　１１２　１４１５,2026-07-27,2026-07-31,19,下関,一般,３２１　４６４６１６,4618,乃村 康友,2026-09-18,2026-09-23,12,住之江,一般,２５１　６３１　１４１２,2026-09-01,2026-09-05,13,尼崎,一般,４２転　２２４　３５,2026-08-20,2026-08-23,02,戸田,一般,２１５　５６３２,2026-07-10,2026-07-14,09,津,一般,２４２１２　６６１４,2026-06-29,2026-07-03,11,びわこ,一般,３５３　５２２　４３,3777,樋口 亮,2026-09-21,2026-09-28,09,津,一般,２　４　２１６６６　４　１２,2026-09-11,2026-09-15,06,浜名湖,一般,４５５　２３３　５３,2026-08-27,2026-09-01,07,蒲郡,一般,２３５　１６F４５　５,2026-08-17,2026-08-20,20,若松,一般,３　３５３３５,2026-08-06,2026-08-10,24,大村,一般,４　４３３１２２[６],4876,梅木 敬太,2026-09-26,2026-09-30,02,戸田,一般,２３２　１６６３[２],2026-09-11,2026-09-15,06,浜名湖,一般,４６５３１　１６２３,2026-08-28,2026-09-02,05,多摩川,ＧⅢ,１　６３３　４２６３２２,2026-08-17,2026-08-20,20,若松,一般,４　６６５６５,2026-08-04,2026-08-09,10,三国,一般,２２５　４５１　６１２５,4293,鈴木 智啓,2026-09-17,2026-09-20,24,大村,一般,４５１　５　５２,2026-09-01,2026-09-06,12,住之江,一般,２５５　３４３　１　２３,2026-08-20,2026-08-23,23,からつ,一般,５１４　３１３５,2026-08-10,2026-08-15,08,常滑,一般,４　３３４　３５４５５,2026-07-27,2026-08-01,09,津,一般,５　５３,5410,今泉 澪,2026-09-26,2026-09-30,02,戸田,一般,６　６６６　５４５,2026-09-13,2026-09-18,11,びわこ,一般,６６６　６４５　３　５５,2026-08-24,2026-08-29,10,三国,一般,６６５　６　６６６　６,2026-08-10,2026-08-15,08,常滑,一般,５６５　６６６　６　５６,2026-04-01,2026-04-06,22,福岡,一般,６　６　５６５　４　４４
202610080510,2026-10-08,05,10R,5029,中 亮太,2026-09-22,2026-09-27,20,若松,ＧⅠ,１　３５２　１　２　[３],2026-09-12,2026-09-15,10,三国,一般,２３２６３３３１,2026-09-01,2026-09-05,13,尼崎,一般,２１１２１３２１[５],2026-08-22,2026-08-27,08,常滑,ＧⅢ,２　４５３３４２４６１５,2026-08-10,2026-08-15,21,芦屋,一般,１４１　４１３１５５５６,3684,清水 攻二,2026-09-21,2026-09-26,18,徳山,一般,３４３３妨　５４２,2026-09-09,2026-09-13,17,宮島,一般,６　４３１５５　１１,2026-08-24,2026-08-28,15,丸亀,一般,５　妨２４４６　２２,2026-07-24,2026-07-27,06,浜名湖,一般,２　４３３６３３,2026-07-17,2026-07-20,02,戸田,一般,２３,3876,中辻 崇人,2026-09-24,2026-09-29,19,下関,一般,１２５２１　１３１２[２],2026-09-14,2026-09-19,04,平和島,一般,２１２２２　１３４１[２],2026-09-04,2026-09-08,07,蒲郡,一般,１６２３２妨１１４５,2026-08-21,2026-08-26,06,浜名湖,一般,６５１　３１５５４６２１,2026-08-10,2026-08-15,21,芦屋,一般,１１１　３４３１１１[６],3105,内山 文典,2026-09-14,2026-09-19,04,平和島,一般,５　２転４　２６３　６３,2026-08-31,2026-09-05,20,若松,ＧⅢ,４５６　２　１３３５１５,2026-08-20,2026-08-23,02,戸田,一般,１　３１６２４４,2026-08-09,2026-08-15,03,江戸川,一般,１　３５５　転欠,2026-07-27,2026-07-31,19,下関,一般,３　３４２５４　２４,4889,後藤 盛也,2026-05-29,2026-06-03,11,びわこ,一般,４　２３５３６　１４５１,2026-05-12,2026-05-16,01,桐生,一般,F　４　５５６　６,2026-04-26,2026-05-01,24,大村,一般,３２６　４２１１３３F２,2026-04-17,2026-04-20,23,からつ,一般,２１２　４６１F,2026-03-22,2026-03-27,22,福岡,一般,１４５　２３２　１６４４,3655,本橋 克洋,2026-09-19,2026-09-24,06,浜名湖,一般,６５５　５３２　４１３,2026-09-05,2026-09-11,03,江戸川,一般,４　５６４　２６３　６３,2026-08-22,2026-08-27,22,福岡,一般,５４３　４３１　６５５１,2026-08-11,2026-08-16,01,桐生,一般,４６６　２　５３２　４３,2026-07-22,2026-07-27,14,鳴門,一般,４３２　３４３６１　２６
202610080511,2026-10-08,05,11R,4914,吉田 裕平,2026-09-22,2026-09-27,20,若松,ＧⅠ,２　３３２１妨,2026-09-13,2026-09-18,22,福岡,一般,１１４２１　３１２２[４],2026-09-04,2026-09-08,07,蒲郡,一般,２１２２２１４３１１,2026-07-28,2026-08-02,11,びわこ,ＳＧ,１４５　１　４２６　１５,2026-07-18,2026-07-23,09,津,ＧⅢ,３　２３１１１　１　[２],4163,山崎 裕司,2026-09-21,2026-09-26,18,徳山,一般,３　３３４２１１２３３２,2026-09-11,2026-09-14,02,戸田,一般,２　３１４１[３],2026-08-29,2026-09-03,19,下関,一般,１　４２３３３　２４１３,2026-08-14,2026-08-19,17,宮島,一般,５　４３６４５１２　５１,2026-08-05,2026-08-10,09,津,一般,６　６２１　６５１　４１,4469,土山 卓也,2026-09-17,2026-09-22,16,児島,一般,２３２　２５６６４　４,2026-09-04,2026-09-08,07,蒲郡,一般,４　５１６３３３３,2026-08-28,2026-08-31,23,からつ,一般,２６５妨５　２３,2026-08-04,2026-08-09,10,三国,一般,２５３３３　１４１６２４,2026-07-27,2026-07-31,19,下関,一般,５５２　３　４４１４,4824,松井 洪弥,2026-09-22,2026-09-27,11,びわこ,ＧⅢ,２６１１４　４６２４１２,2026-09-12,2026-09-17,09,津,一般,１２２　１４４　１２[６],2026-08-30,2026-09-02,21,芦屋,一般,５２１１１１[６],2026-08-14,2026-08-19,10,三国,一般,２４３５６　１５２　１５,2026-08-03,2026-08-08,17,宮島,一般,５２１５１　１２５４１２,4725,佐竹 太一,2026-09-18,2026-09-23,03,江戸川,一般,１　３３６３３　２６,2026-09-02,2026-09-06,17,宮島,一般,５　５１５２６　４５,2026-08-20,2026-08-23,24,大村,一般,５１４　６２５,2026-08-09,2026-08-14,13,尼崎,一般,１２３　４３４　５３４４,2026-07-27,2026-08-01,10,三国,一般,５　３３５　３６１　３６,4274,長畑 友輔,2026-09-09,2026-09-15,20,若松,一般,３　３４落欠,2026-08-30,2026-09-02,21,芦屋,一般,５５４　３　５６,2026-08-15,2026-08-20,05,多摩川,一般,５３２　４　１３５５２６,2026-08-06,2026-08-09,02,戸田,一般,１５２４６　１４,2026-07-15,2026-07-20,18,徳山,一般,１　２５６１４　２６５６
202610080512,2026-10-08,05,12R,5034,若林 義人,2026-09-22,2026-09-27,20,若松,ＧⅠ,６　１４６　５２２　３３,2026-09-12,2026-09-15,10,三国,一般,１転２１１２[５],2026-09-03,2026-09-08,09,津,ＧⅠ,２　６　６３４　３１４３,2026-08-20,2026-08-23,02,戸田,一般,２６３３２１１１,2026-08-11,2026-08-16,06,浜名湖,一般,１５３２３　２３１２[３],4529,嶋 義信,2026-09-21,2026-09-26,18,徳山,一般,１２２２１　２６４１[３],2026-09-09,2026-09-15,20,若松,一般,５１３３１２３　５２１３５１,2026-08-28,2026-08-31,23,からつ,一般,１４１落,2026-08-17,2026-08-21,15,丸亀,一般,６１１６２５４２３,2026-08-04,2026-08-09,10,三国,一般,１２３　１３１１２１[１],4732,堀本 和也,2026-09-21,2026-09-26,18,徳山,一般,４３１５５　４４３　１２,2026-09-09,2026-09-13,17,宮島,一般,５１１２２　３３２１,2026-08-25,2026-08-30,09,津,一般,３２１　２　１１２２[１],2026-08-17,2026-08-20,20,若松,一般,２４３１２３４６,2026-08-05,2026-08-10,14,鳴門,一般,３２２　４１３５１４２１,4794,和田 拓也,2026-09-22,2026-09-27,08,常滑,一般,５３４１３３３１１２[５],2026-09-11,2026-09-16,12,住之江,一般,１　１４１２１１４１[１],2026-08-31,2026-09-05,18,徳山,一般,４１１６４２１　４３４１,2026-08-19,2026-08-24,19,下関,一般,１３５　２１２２４４１２,2026-08-05,2026-08-10,09,津,一般,１　６２１４２２２４１１,3757,畑 和宏,2026-09-24,2026-09-29,19,下関,一般,４　３４２６３　２３６５,2026-09-11,2026-09-16,12,住之江,一般,４４６　１４１　１５１,2026-08-29,2026-09-03,16,児島,一般,５５５　５１２６２　２３,2026-08-17,2026-08-20,20,若松,一般,１　５４３２２５,2026-08-05,2026-08-10,14,鳴門,一般,５６３　３１４２１　１６,4703,森永 隆,2026-09-24,2026-09-29,13,尼崎,一般,３３５２２　２２１４１２,2026-09-12,2026-09-17,09,津,一般,３６６　２４１　５　２３,2026-08-28,2026-08-31,23,からつ,一般,３２１３転４２２,2026-08-15,2026-08-20,18,徳山,一般,１　２５４２４４２４４５,2026-08-07,2026-08-11,15,丸亀,一般,１５２３３４１２[２]
202610080701,2026-10-08,07,01R,3643,米田 隆弘,2026-09-22,2026-09-27,22,福岡,一般,２４１　５４４　６３４,2026-09-07,2026-09-11,13,尼崎,一般,３５６　５５６,2026-08-24,2026-08-28,15,丸亀,一般,３３４　１６３５６４,2026-08-14,2026-08-19,17,宮島,一般,３　５２６　５３４　３５,2026-07-31,2026-08-05,05,多摩川,一般,５　４５６　５,3867,松浦 勝,2026-09-22,2026-09-27,08,常滑,一般,５４５　４６５　５　３５,2026-09-05,2026-09-10,01,桐生,一般,５　４６４　６６６　６,2026-08-21,2026-08-26,06,浜名湖,一般,６６５　６６５　６　５,2026-08-08,2026-08-11,05,多摩川,一般,５　６４５　４５,2026-07-29,2026-08-03,22,福岡,一般,６　４３３　３３３２４５,4710,福田 宗平,2026-09-22,2026-09-27,11,びわこ,ＧⅢ,３１３　２２２６２２[６],2026-09-11,2026-09-16,12,住之江,一般,１　１４２　２３１３２３,2026-08-29,2026-09-03,19,下関,一般,２　３６２５３５１６１５,2026-08-16,2026-08-19,14,鳴門,一般,１３２２４２[４],2026-08-03,2026-08-08,04,平和島,ＧⅢ,２３３　３２３４５４１３,3523,寳田 亮治,2026-09-19,2026-09-24,06,浜名湖,一般,３６５　５　１３２　３,2026-09-02,2026-09-07,22,福岡,一般,１　６６４　４３２　２６,2026-08-20,2026-08-23,23,からつ,一般,４５４　１　４３,2026-08-05,2026-08-10,14,鳴門,一般,３４５　５　２２３　６２,2026-07-20,2026-07-25,15,丸亀,一般,４６５　６５２　４３３,3653,品川 賢次,2026-09-25,2026-09-30,05,多摩川,一般,５　５３３　６４６　６６,2026-09-05,2026-09-10,01,桐生,一般,４３５　４５４　４　２４,2026-08-23,2026-08-27,18,徳山,一般,６４５　５　５５３６,2026-08-04,2026-08-09,12,住之江,一般,５　４４４　３５６　６,2026-06-29,2026-07-03,11,びわこ,一般,４３３　５３２　５４,3935,岩津 徹郎,2026-09-18,2026-09-23,12,住之江,一般,３３６　４４２　４　４５,2026-09-03,2026-09-06,02,戸田,一般,５４２　１４１４,2026-08-21,2026-08-26,03,江戸川,一般,４４２　２１２　１６５４,2026-08-08,2026-08-13,16,児島,一般,５３１　１５３　５６１６,2026-07-19,2026-07-23,05,多摩川,一般,３　転３１４３　２２
202610080702,2026-10-08,07,02R,3662,大庭 元明,2026-09-25,2026-09-30,05,多摩川,一般,２　３５３　３４１６６１,2026-09-09,2026-09-13,17,宮島,一般,２４２　１６２６１３,2026-08-23,2026-08-27,18,徳山,一般,３１１３２　４６５４,2026-08-12,2026-08-17,22,福岡,一般,６　３４１　２３６６１６,2026-07-31,2026-08-03,20,若松,一般,３６５　２２１３,4263,武重 雄介,2026-09-19,2026-09-24,06,浜名湖,一般,３２５　４５１　１６２,2026-09-02,2026-09-06,17,宮島,一般,１１２　３５５１[５],2026-08-15,2026-08-20,18,徳山,一般,３１４　３４５　４６２,2026-08-03,2026-08-08,19,下関,一般,４　３６４３３２３　１４,2026-07-22,2026-07-26,13,尼崎,一般,３　２６４　２４３５,3467,森 弘行,2026-09-18,2026-09-24,02,戸田,一般,２　２　５５４６６１６,2026-09-02,2026-09-07,22,福岡,一般,３　２２５　６　３４４５,2026-08-15,2026-08-20,05,多摩川,一般,２６２　４　５６１　３６,2026-08-03,2026-08-08,19,下関,一般,６　３２１　２２２５２６,2026-07-24,2026-07-27,12,住之江,一般,５　３５３　１４,5467,野村 羽玖,2026-09-17,2026-09-22,16,児島,一般,２２１　１４４　６４４６,2026-08-30,2026-09-03,08,常滑,一般,１５４　６５３　６４,2026-08-13,2026-08-18,12,住之江,一般,４　６６転　６６５　６,2026-07-22,2026-07-26,13,尼崎,一般,６　３　５６６　６６,2026-07-03,2026-07-06,09,津,一般,４４４　６　４５,3568,木村 光宏,2026-09-18,2026-09-23,12,住之江,一般,５　６５２　３４５　６２,2026-08-31,2026-09-05,20,若松,ＧⅢ,４３２　３６２　５６３３,2026-08-17,2026-08-21,15,丸亀,一般,３４２　２４４　４５,2026-08-05,2026-08-10,09,津,一般,５３１　３４６　２６５２,2026-07-22,2026-07-26,13,尼崎,一般,５　１４５　６６３,4199,北川 潤二,2026-09-22,2026-09-27,08,常滑,一般,２５６１２６１１３４４１,2026-09-12,2026-09-15,10,三国,一般,３２４１２１[２],2026-09-02,2026-09-06,17,宮島,一般,３５１１５１１４２６,2026-08-21,2026-08-26,06,浜名湖,一般,６６２３３　５１４エ２,2026-08-11,2026-08-16,07,蒲郡,一般,１　３４４５４３４１１
202610080703,2026-10-08,07,03R,3517,高橋 勲,2026-09-19,2026-09-24,06,浜名湖,一般,５３転　２２３　４　４１,2026-08-31,2026-09-05,18,徳山,一般,５　６２２４５　１　４２,2026-08-20,2026-08-23,02,戸田,一般,１５１　２２[５],2026-08-09,2026-08-15,03,江戸川,一般,エ５４　５１５　６６６,2026-07-31,2026-08-03,20,若松,一般,２　２２１３４１,4258,関根 彰人,2026-09-22,2026-09-27,11,びわこ,ＧⅢ,６６５　６　１５２　２３,2026-09-05,2026-09-11,03,江戸川,一般,５５６　１４５　４４１,2026-08-21,2026-08-26,06,浜名湖,一般,３５４　３　２６２４６６,2026-08-05,2026-08-10,09,津,一般,２　５６１　２５４５２６,2026-07-24,2026-07-27,02,戸田,一般,１３６５２　２２,3779,原田 幸哉,2026-09-28,2026-10-03,16,児島,ＧⅠ,５　５　４１４　１５２６,2026-09-16,2026-09-21,05,多摩川,ＧⅠ,１　３３６　６２１１６５,2026-09-07,2026-09-12,24,大村,ＧⅠ,３　６５５　３５５１５３,2026-07-28,2026-08-02,11,びわこ,ＳＧ,６２１　４　２６１　２４,2026-07-13,2026-07-18,07,蒲郡,ＧⅡ,３６５　６　５５１　６６,3277,齋藤 勇,2026-09-26,2026-09-30,02,戸田,一般,２５１　５４５　３６,2026-09-05,2026-09-10,01,桐生,一般,３２２　１６６６６５２６,2026-08-20,2026-08-23,04,平和島,一般,４　６４３　６２,2026-08-09,2026-08-15,03,江戸川,一般,４　１４４　３５２　３１,2026-07-24,2026-07-27,06,浜名湖,一般,５４４　３４４,4630,岩永 雅人,2026-09-26,2026-10-02,15,丸亀,一般,４　１３３　１４２２１６２３,2026-09-13,2026-09-18,22,福岡,一般,５４５３１５４　２　２５,2026-08-28,2026-09-02,05,多摩川,ＧⅢ,４５５　１２２５５　４６,2026-08-20,2026-08-23,24,大村,一般,５　４６２　４５,2026-08-10,2026-08-15,08,常滑,一般,４　５２エ　６４４　５４,5425,西山 育,2026-09-18,2026-09-23,12,住之江,一般,６　２　５６４　６６６,2026-08-30,2026-09-03,08,常滑,一般,６　６６５　６４６６,2026-08-04,2026-08-09,10,三国,一般,６　６　６５６５６　６６,2026-07-19,2026-07-23,05,多摩川,一般,６　６　６６６５６６,2026-07-10,2026-07-14,09,津,一般,　　　　　　　　６６
202610080704,2026-10-08,07,04R,3804,中渡 修作,2026-09-21,2026-09-26,18,徳山,一般,５　３１３　４３２４４６,2026-09-03,2026-09-08,10,三国,一般,５　４１１　５５１３５１,2026-08-20,2026-08-25,21,芦屋,一般,４　３５１　２５１６２３,2026-08-12,2026-08-17,22,福岡,一般,５６５　６２１　５３２６,2026-08-03,2026-08-08,19,下関,一般,２　２５１　４５１４４５,4074,柳沢 一,2026-09-28,2026-10-03,16,児島,ＧⅠ,３　５　６２６　６５３６,2026-09-12,2026-09-17,18,徳山,ＧⅠ,２　５　５６５　４３３５,2026-09-01,2026-09-05,13,尼崎,一般,１３４２５１２３３３,2026-08-21,2026-08-26,06,浜名湖,一般,３４１１１１１　４１[２],2026-08-10,2026-08-15,08,常滑,一般,３２３５１５３１１５１３,3769,佐竹 恒彦,2026-09-24,2026-09-29,13,尼崎,一般,１　６４４４５　６　５,2026-09-13,2026-09-18,22,福岡,一般,２３２２４　５３２６４６,2026-08-31,2026-09-05,20,若松,ＧⅢ,３６５３５　２５２　２３,2026-08-15,2026-08-20,11,びわこ,一般,４　３４１４５　１４５,2026-08-08,2026-08-11,05,多摩川,一般,２　４３４４３６,5206,梅原 祥平,2026-09-26,2026-10-02,15,丸亀,一般,　　　　　　　　　　２２３１,2026-09-21,2026-09-26,18,徳山,一般,５６５　２６５　３　６２,2026-08-29,2026-09-03,16,児島,一般,　　　　　　　　３２５２,2026-08-28,2026-08-31,23,からつ,一般,４　３４３１３５,2026-08-14,2026-08-19,17,宮島,一般,３４３　４３５　６　５４,3352,小川 晃司,2026-09-20,2026-09-25,01,桐生,一般,５　３６４　４４４　３２,2026-09-03,2026-09-06,02,戸田,一般,２２２　４２３３,2026-08-22,2026-08-26,20,若松,一般,４　６６５２１３４,2026-08-10,2026-08-15,21,芦屋,一般,４　３２５３４　４　２２,2026-07-31,2026-08-05,06,浜名湖,ＧⅢ,５４３　５４３　３　５５,2878,富山 弘幸,2026-09-22,2026-09-27,22,福岡,一般,３　３３３　３４３５３２,2026-09-07,2026-09-11,13,尼崎,一般,２５３　２６１　５３,2026-08-28,2026-08-31,23,からつ,一般,４２５　３妨２１,2026-08-15,2026-08-20,09,津,一般,４　４２４　３６２　３４,2026-07-22,2026-07-27,14,鳴門,一般,５　３２４　５６６２１３
202610080705,2026-10-08,07,05R,3475,橋本 久和,2026-09-19,2026-09-24,06,浜名湖,一般,１　２５２４１　４１[４],2026-09-05,2026-09-10,01,桐生,一般,５　５１３　４５４　３４,2026-08-22,2026-08-27,22,福岡,一般,１２１　４５１４１転４,2026-08-11,2026-08-16,01,桐生,一般,５２４　５　４５１　５５,2026-07-27,2026-08-01,09,津,一般,２３６,3523,寳田 亮治,2026-09-19,2026-09-24,06,浜名湖,一般,３６５　５　１３２　３,2026-09-02,2026-09-07,22,福岡,一般,１　６６４　４３２　２６,2026-08-20,2026-08-23,23,からつ,一般,４５４　１　４３,2026-08-05,2026-08-10,14,鳴門,一般,３４５　５　２２３　６２,2026-07-20,2026-07-25,15,丸亀,一般,４６５　６５２　４３３,3941,池田 浩二,2026-09-28,2026-10-03,16,児島,ＧⅠ,２　３F１１２　４　５,2026-09-12,2026-09-17,18,徳山,ＧⅠ,４４１　３３２　３　４１,2026-09-03,2026-09-08,09,津,ＧⅠ,６　４４３２３　３１４,2026-08-25,2026-08-30,01,桐生,ＳＧ,３　４６１１２　１　[３],2026-08-10,2026-08-15,08,常滑,一般,２１４１２３３１１１[１],4180,上野 秀和,2026-09-24,2026-09-29,19,下関,一般,４３４３６　４　４１３３,2026-09-14,2026-09-19,04,平和島,一般,１　２３２　４５１５転４,2026-09-01,2026-09-05,13,尼崎,一般,１　５５１５５　５１,2026-08-20,2026-08-25,21,芦屋,一般,３６２１２　３３１４５４,2026-08-07,2026-08-11,15,丸亀,一般,１３２５６１１４５４,3664,鈴木 賢一,2026-09-22,2026-09-27,22,福岡,一般,５４１　５４２　６３１,2026-09-05,2026-09-11,03,江戸川,一般,４　４４１　３１２　６４,2026-08-20,2026-08-23,02,戸田,一般,５　２３５３５１,2026-08-03,2026-08-08,04,平和島,ＧⅢ,５６５　４　４６５　１５,2026-07-23,2026-07-27,01,桐生,一般,５１３　３６２　３２,3843,上之 晃弘,2026-09-21,2026-09-28,09,津,一般,　　４６２　５６５５４　３６,2026-09-09,2026-09-14,21,芦屋,一般,５　３３５４３　１　４４,2026-08-22,2026-08-27,08,常滑,ＧⅢ,２６６　３５１　６３６５,2026-08-06,2026-08-10,24,大村,一般,６５６　６３５　４５,2026-07-16,2026-07-21,11,びわこ,一般,３　５６５４５　転４
202610080706,2026-10-08,07,06R,4134,杉山 貴博,2026-09-21,2026-09-28,09,津,一般,　　４１２３１３２　２４１４,2026-09-09,2026-09-13,17,宮島,一般,１６６６４　２　１６,2026-08-24,2026-08-28,15,丸亀,一般,５　３４５２２　５２,2026-08-15,2026-08-20,05,多摩川,一般,２　５４６２２　４１６１,2026-08-04,2026-08-09,10,三国,一般,３２１２５　１５１　２,3808,秋田 健太郎,2026-09-21,2026-09-26,18,徳山,一般,５　５６５　５６６　６,2026-08-20,2026-08-25,21,芦屋,一般,６２４　２５６　６３６,2026-08-06,2026-08-09,02,戸田,一般,２　３５２５２１,2026-07-18,2026-07-22,10,三国,一般,５５１　６　４５４,2026-07-05,2026-07-09,05,多摩川,一般,６　５　４５３６６,4370,山口 達也,2026-09-28,2026-10-03,16,児島,ＧⅠ,１４１　３　６３６　３６,2026-09-18,2026-09-23,03,江戸川,一般,１　３５２転１　１４,2026-09-11,2026-09-14,02,戸田,一般,１１１５１１[１],2026-08-19,2026-08-24,19,下関,一般,５１２　１２２１２１[６],2026-08-08,2026-08-13,16,児島,一般,３５３　２１１１２１[２],3867,松浦 勝,2026-09-22,2026-09-27,08,常滑,一般,５４５　４６５　５　３５,2026-09-05,2026-09-10,01,桐生,一般,５　４６４　６６６　６,2026-08-21,2026-08-26,06,浜名湖,一般,６６５　６６５　６　５,2026-08-08,2026-08-11,05,多摩川,一般,５　６４５　４５,2026-07-29,2026-08-03,22,福岡,一般,６　４３３　３３３２４５,3852,澤 大介,2026-09-24,2026-09-29,19,下関,一般,２　１１４２５２１２[４],2026-09-05,2026-09-10,01,桐生,一般,１５４　落３５　６　３４,2026-08-24,2026-08-29,13,尼崎,一般,２４１　４４２　４５１４,2026-08-15,2026-08-20,09,津,一般,５５２　４　４４５　４４,2026-08-07,2026-08-11,15,丸亀,一般,３　１６６５４　３６,4232,笠 雅雄,2026-09-22,2026-09-27,11,びわこ,ＧⅢ,１４１　３５１　５３３１,2026-09-05,2026-09-10,01,桐生,一般,２６１　２１２５２３５２,2026-08-20,2026-08-23,23,からつ,一般,６　２４２３２６,2026-08-10,2026-08-15,21,芦屋,一般,１６３　４　４６２　５５,2026-07-31,2026-08-03,20,若松,一般,　　　　　　２４
202610080707,2026-10-08,07,07R,4704,河野 大,2026-09-28,2026-10-03,16,児島,ＧⅠ,４　４　５５６　３６４,2026-09-16,2026-09-21,05,多摩川,ＧⅠ,５　１３６　６２２４３,2026-09-07,2026-09-12,24,大村,ＧⅠ,３５４　４　２６２４５,2026-08-30,2026-09-03,08,常滑,一般,４６６２２　１３１３,2026-08-20,2026-08-23,23,からつ,一般,５１１３１２[３],3568,木村 光宏,2026-09-18,2026-09-23,12,住之江,一般,５　６５２　３４５　６２,2026-08-31,2026-09-05,20,若松,ＧⅢ,４３２　３６２　５６３３,2026-08-17,2026-08-21,15,丸亀,一般,３４２　２４４　４５,2026-08-05,2026-08-10,09,津,一般,５３１　３４６　２６５２,2026-07-22,2026-07-26,13,尼崎,一般,５　１４５　６６３,5032,谷口 知優,2026-09-26,2026-10-01,03,江戸川,一般,３４３　２２６６１　２４,2026-09-13,2026-09-18,11,びわこ,一般,４　１３１４４１５２[５],2026-09-02,2026-09-06,17,宮島,一般,６６５　２４５　２３,2026-08-17,2026-08-21,15,丸亀,一般,２６２　６６５３６３,2026-08-06,2026-08-09,02,戸田,一般,３　１１４６２４,3935,岩津 徹郎,2026-09-18,2026-09-23,12,住之江,一般,３３６　４４２　４　４５,2026-09-03,2026-09-06,02,戸田,一般,５４２　１４１４,2026-08-21,2026-08-26,03,江戸川,一般,４４２　２１２　１６５４,2026-08-08,2026-08-13,16,児島,一般,５３１　１５３　５６１６,2026-07-19,2026-07-23,05,多摩川,一般,３　転３１４３　２２,4325,新出 浩司,2026-09-27,2026-10-02,14,鳴門,一般,３５３　２　６５６　２１,2026-09-11,2026-09-14,02,戸田,一般,２６３　６４４,2026-08-30,2026-09-02,21,芦屋,一般,６５３　５４５３,2026-08-15,2026-08-20,11,びわこ,一般,４　２３３５３　２４４６,2026-07-25,2026-07-29,20,若松,一般,３６３　４５３　４３,5425,西山 育,2026-09-18,2026-09-23,12,住之江,一般,６　２　５６４　６６６,2026-08-30,2026-09-03,08,常滑,一般,６　６６５　６４６６,2026-08-04,2026-08-09,10,三国,一般,６　６　６５６５６　６６,2026-07-19,2026-07-23,05,多摩川,一般,６　６　６６６５６６,2026-07-10,2026-07-14,09,津,一般,　　　　　　　　６６
202610080708,2026-10-08,07,08R,4361,柳生 泰二,2026-09-28,2026-10-03,16,児島,ＧⅠ,１６１　５　３５２６３,2026-09-12,2026-09-17,18,徳山,ＧⅠ,１５５　２２２　６　６５,2026-09-03,2026-09-08,09,津,ＧⅠ,４１１　４　F６３　３,2026-08-25,2026-08-30,01,桐生,ＳＧ,６１３　６　６５１　５,2026-08-11,2026-08-16,19,下関,一般,１１３１１　２１３１[１],5206,梅原 祥平,2026-09-26,2026-10-02,15,丸亀,一般,　　　　　　　　　　２２３１,2026-09-21,2026-09-26,18,徳山,一般,５６５　２６５　３　６２,2026-08-29,2026-09-03,16,児島,一般,　　　　　　　　３２５２,2026-08-28,2026-08-31,23,からつ,一般,４　３４３１３５,2026-08-14,2026-08-19,17,宮島,一般,３４３　４３５　６　５４,4383,竹田 吉行,2026-09-25,2026-09-30,05,多摩川,一般,６５２　１４４５１　２３,2026-09-13,2026-09-17,19,下関,一般,６３６　５５５,2026-08-30,2026-09-02,21,芦屋,一般,３　４６３２１４,2026-08-17,2026-08-21,13,尼崎,一般,３６６　３５４　２,2026-08-05,2026-08-10,14,鳴門,一般,５　４２３３４１５４３,3653,品川 賢次,2026-09-25,2026-09-30,05,多摩川,一般,５　５３３　６４６　６６,2026-09-05,2026-09-10,01,桐生,一般,４３５　４５４　４　２４,2026-08-23,2026-08-27,18,徳山,一般,６４５　５　５５３６,2026-08-04,2026-08-09,12,住之江,一般,５　４４４　３５６　６,2026-06-29,2026-07-03,11,びわこ,一般,４３３　５３２　５４,5263,花田 凱成,2026-09-09,2026-09-15,20,若松,一般,３　３６６　６５６　６４５,2026-08-21,2026-08-26,06,浜名湖,一般,３　４４６５１　３妨,2026-08-09,2026-08-14,23,からつ,一般,５　４４３５２　３５５,2026-07-23,2026-07-28,21,芦屋,一般,４　４６６　４１６６４５,2026-07-10,2026-07-15,22,福岡,一般,６４６　５３３　２４５,4470,平田 健之佑,2026-09-28,2026-10-02,24,大村,一般,５１１　２４２２[５],2026-09-18,2026-09-23,03,江戸川,一般,２　３２２　１５[５],2026-09-09,2026-09-13,05,多摩川,一般,１５４４２　１　３１,2026-08-25,2026-08-30,09,津,一般,１　１３６　１５２５４４,2026-08-11,2026-08-16,07,蒲郡,一般,１６４４２　４３２　１５
202610080709,2026-10-08,07,09R,4710,福田 宗平,2026-09-22,2026-09-27,11,びわこ,ＧⅢ,３１３　２２２６２２[６],2026-09-11,2026-09-16,12,住之江,一般,１　１４２　２３１３２３,2026-08-29,2026-09-03,19,下関,一般,２　３６２５３５１６１５,2026-08-16,2026-08-19,14,鳴門,一般,１３２２４２[４],2026-08-03,2026-08-08,04,平和島,ＧⅢ,２３３　３２３４５４１３,4199,北川 潤二,2026-09-22,2026-09-27,08,常滑,一般,２５６１２６１１３４４１,2026-09-12,2026-09-15,10,三国,一般,３２４１２１[２],2026-09-02,2026-09-06,17,宮島,一般,３５１１５１１４２６,2026-08-21,2026-08-26,06,浜名湖,一般,６６２３３　５１４エ２,2026-08-11,2026-08-16,07,蒲郡,一般,１　３４４５４３４１１,3517,高橋 勲,2026-09-19,2026-09-24,06,浜名湖,一般,５３転　２２３　４　４１,2026-08-31,2026-09-05,18,徳山,一般,５　６２２４５　１　４２,2026-08-20,2026-08-23,02,戸田,一般,１５１　２２[５],2026-08-09,2026-08-15,03,江戸川,一般,エ５４　５１５　６６６,2026-07-31,2026-08-03,20,若松,一般,２　２２１３４１,3664,鈴木 賢一,2026-09-22,2026-09-27,22,福岡,一般,５４１　５４２　６３１,2026-09-05,2026-09-11,03,江戸川,一般,４　４４１　３１２　６４,2026-08-20,2026-08-23,02,戸田,一般,５　２３５３５１,2026-08-03,2026-08-08,04,平和島,ＧⅢ,５６５　４　４６５　１５,2026-07-23,2026-07-27,01,桐生,一般,５１３　３６２　３２,4906,鈴木 雅希,2026-09-26,2026-09-30,02,戸田,一般,２３１　５２１１１３,2026-09-15,2026-09-20,14,鳴門,一般,４４１４２　２３２４１６,2026-08-30,2026-09-03,08,常滑,一般,１１４　１５１２[３],2026-08-15,2026-08-20,05,多摩川,一般,２　３３５６４　１５１,2026-08-04,2026-08-09,10,三国,一般,１５３４３３５　１　２３,3352,小川 晃司,2026-09-20,2026-09-25,01,桐生,一般,５　３６４　４４４　３２,2026-09-03,2026-09-06,02,戸田,一般,２２２　４２３３,2026-08-22,2026-08-26,20,若松,一般,４　６６５２１３４,2026-08-10,2026-08-15,21,芦屋,一般,４　３２５３４　４　２２,2026-07-31,2026-08-05,06,浜名湖,ＧⅢ,５４３　５４３　３　５５
202610080710,2026-10-08,07,10R,4370,山口 達也,2026-09-28,2026-10-03,16,児島,ＧⅠ,１４１　３　６３６　３６,2026-09-18,2026-09-23,03,江戸川,一般,１　３５２転１　１４,2026-09-11,2026-09-14,02,戸田,一般,１１１５１１[１],2026-08-19,2026-08-24,19,下関,一般,５１２　１２２１２１[６],2026-08-08,2026-08-13,16,児島,一般,３５３　２１１１２１[２],5229,吉川 晴人,2026-08-28,2026-08-31,23,からつ,一般,６　４３３５４３,2026-08-15,2026-08-20,11,びわこ,一般,１５２　４３２１１５４４,2026-07-31,2026-08-03,20,若松,一般,５２４３１　５２,2026-07-18,2026-07-23,09,津,ＧⅢ,５　１３３　４２F　５,2026-07-10,2026-07-13,19,下関,一般,４４４　２５６１,3475,橋本 久和,2026-09-19,2026-09-24,06,浜名湖,一般,１　２５２４１　４１[４],2026-09-05,2026-09-10,01,桐生,一般,５　５１３　４５４　３４,2026-08-22,2026-08-27,22,福岡,一般,１２１　４５１４１転４,2026-08-11,2026-08-16,01,桐生,一般,５２４　５　４５１　５５,2026-07-27,2026-08-01,09,津,一般,２３６,3467,森 弘行,2026-09-18,2026-09-24,02,戸田,一般,２　２　５５４６６１６,2026-09-02,2026-09-07,22,福岡,一般,３　２２５　６　３４４５,2026-08-15,2026-08-20,05,多摩川,一般,２６２　４　５６１　３６,2026-08-03,2026-08-08,19,下関,一般,６　３２１　２２２５２６,2026-07-24,2026-07-27,12,住之江,一般,５　３５３　１４,3277,齋藤 勇,2026-09-26,2026-09-30,02,戸田,一般,２５１　５４５　３６,2026-09-05,2026-09-10,01,桐生,一般,３２２　１６６６６５２６,2026-08-20,2026-08-23,04,平和島,一般,４　６４３　６２,2026-08-09,2026-08-15,03,江戸川,一般,４　１４４　３５２　３１,2026-07-24,2026-07-27,06,浜名湖,一般,５４４　３４４,3769,佐竹 恒彦,2026-09-24,2026-09-29,13,尼崎,一般,１　６４４４５　６　５,2026-09-13,2026-09-18,22,福岡,一般,２３２２４　５３２６４６,2026-08-31,2026-09-05,20,若松,ＧⅢ,３６５３５　２５２　２３,2026-08-15,2026-08-20,11,びわこ,一般,４　３４１４５　１４５,2026-08-08,2026-08-11,05,多摩川,一般,２　４３４４３６
202610080711,2026-10-08,07,11R,3941,池田 浩二,2026-09-28,2026-10-03,16,児島,ＧⅠ,２　３F１１２　４　５,2026-09-12,2026-09-17,18,徳山,ＧⅠ,４４１　３３２　３　４１,2026-09-03,2026-09-08,09,津,ＧⅠ,６　４４３２３　３１４,2026-08-25,2026-08-30,01,桐生,ＳＧ,３　４６１１２　１　[３],2026-08-10,2026-08-15,08,常滑,一般,２１４１２３３１１１[１],4630,岩永 雅人,2026-09-26,2026-10-02,15,丸亀,一般,４　１３３　１４２２１６２３,2026-09-13,2026-09-18,22,福岡,一般,５４５３１５４　２　２５,2026-08-28,2026-09-02,05,多摩川,ＧⅢ,４５５　１２２５５　４６,2026-08-20,2026-08-23,24,大村,一般,５　４６２　４５,2026-08-10,2026-08-15,08,常滑,一般,４　５２エ　６４４　５４,3804,中渡 修作,2026-09-21,2026-09-26,18,徳山,一般,５　３１３　４３２４４６,2026-09-03,2026-09-08,10,三国,一般,５　４１１　５５１３５１,2026-08-20,2026-08-25,21,芦屋,一般,４　３５１　２５１６２３,2026-08-12,2026-08-17,22,福岡,一般,５６５　６２１　５３２６,2026-08-03,2026-08-08,19,下関,一般,２　２５１　４５１４４５,4704,河野 大,2026-09-28,2026-10-03,16,児島,ＧⅠ,４　４　５５６　３６４,2026-09-16,2026-09-21,05,多摩川,ＧⅠ,５　１３６　６２２４３,2026-09-07,2026-09-12,24,大村,ＧⅠ,３５４　４　２６２４５,2026-08-30,2026-09-03,08,常滑,一般,４６６２２　１３１３,2026-08-20,2026-08-23,23,からつ,一般,５１１３１２[３],4134,杉山 貴博,2026-09-21,2026-09-28,09,津,一般,　　４１２３１３２　２４１４,2026-09-09,2026-09-13,17,宮島,一般,１６６６４　２　１６,2026-08-24,2026-08-28,15,丸亀,一般,５　３４５２２　５２,2026-08-15,2026-08-20,05,多摩川,一般,２　５４６２２　４１６１,2026-08-04,2026-08-09,10,三国,一般,３２１２５　１５１　２,4263,武重 雄介,2026-09-19,2026-09-24,06,浜名湖,一般,３２５　４５１　１６２,2026-09-02,2026-09-06,17,宮島,一般,１１２　３５５１[５],2026-08-15,2026-08-20,18,徳山,一般,３１４　３４５　４６２,2026-08-03,2026-08-08,19,下関,一般,４　３６４３３２３　１４,2026-07-22,2026-07-26,13,尼崎,一般,３　２６４　２４３５
202610080712,2026-10-08,07,12R,3779,原田 幸哉,2026-09-28,2026-10-03,16,児島,ＧⅠ,５　５　４１４　１５２６,2026-09-16,2026-09-21,05,多摩川,ＧⅠ,１　３３６　６２１１６５,2026-09-07,2026-09-12,24,大村,ＧⅠ,３　６５５　３５５１５３,2026-07-28,2026-08-02,11,びわこ,ＳＧ,６２１　４　２６１　２４,2026-07-13,2026-07-18,07,蒲郡,ＧⅡ,３６５　６　５５１　６６,4361,柳生 泰二,2026-09-28,2026-10-03,16,児島,ＧⅠ,１６１　５　３５２６３,2026-09-12,2026-09-17,18,徳山,ＧⅠ,１５５　２２２　６　６５,2026-09-03,2026-09-08,09,津,ＧⅠ,４１１　４　F６３　３,2026-08-25,2026-08-30,01,桐生,ＳＧ,６１３　６　６５１　５,2026-08-11,2026-08-16,19,下関,一般,１１３１１　２１３１[１],3843,上之 晃弘,2026-09-21,2026-09-28,09,津,一般,　　４６２　５６５５４　３６,2026-09-09,2026-09-14,21,芦屋,一般,５　３３５４３　１　４４,2026-08-22,2026-08-27,08,常滑,ＧⅢ,２６６　３５１　６３６５,2026-08-06,2026-08-10,24,大村,一般,６５６　６３５　４５,2026-07-16,2026-07-21,11,びわこ,一般,３　５６５４５　転４,4074,柳沢 一,2026-09-28,2026-10-03,16,児島,ＧⅠ,３　５　６２６　６５３６,2026-09-12,2026-09-17,18,徳山,ＧⅠ,２　５　５６５　４３３５,2026-09-01,2026-09-05,13,尼崎,一般,１３４２５１２３３３,2026-08-21,2026-08-26,06,浜名湖,一般,３４１１１１１　４１[２],2026-08-10,2026-08-15,08,常滑,一般,３２３５１５３１１５１３,4232,笠 雅雄,2026-09-22,2026-09-27,11,びわこ,ＧⅢ,１４１　３５１　５３３１,2026-09-05,2026-09-10,01,桐生,一般,２６１　２１２５２３５２,2026-08-20,2026-08-23,23,からつ,一般,６　２４２３２６,2026-08-10,2026-08-15,21,芦屋,一般,１６３　４　４６２　５５,2026-07-31,2026-08-03,20,若松,一般,　　　　　　２４,5032,谷口 知優,2026-09-26,2026-10-01,03,江戸川,一般,３４３　２２６６１　２４,2026-09-13,2026-09-18,11,びわこ,一般,４　１３１４４１５２[５],2026-09-02,2026-09-06,17,宮島,一般,６６５　２４５　２３,2026-08-17,2026-08-21,15,丸亀,一般,２６２　６６５３６３,2026-08-06,2026-08-09,02,戸田,一般,３　１１４６２４
202610080801,2026-10-08,08,01R,3436,柏野 幸二,2026-09-13,2026-09-18,22,福岡,一般,３　４３３６５４１　２６,2026-09-01,2026-09-06,12,住之江,一般,４　３転３　２５３５１,2026-08-15,2026-08-20,18,徳山,一般,６２４３６２４　５　１２,2026-07-31,2026-08-05,05,多摩川,一般,１６２　２４２　２３５３,2026-06-19,2026-06-24,11,びわこ,一般,１３４　１４３３２５３２,4552,杉山 勝匡,2026-09-18,2026-09-23,12,住之江,一般,２１５　２５６　６４２,2026-09-03,2026-09-08,10,三国,一般,５転３　１　６４６５６,2026-08-21,2026-08-24,07,蒲郡,一般,６　３５５　５２,2026-08-09,2026-08-14,23,からつ,一般,５　２６２　６６４　６,2026-07-31,2026-08-03,20,若松,一般,５４３６２　６１,4785,木幡 純也,2026-09-17,2026-09-22,16,児島,一般,５　３３４　２５３　６３,2026-09-03,2026-09-06,02,戸田,一般,５６５　１６４,2026-08-21,2026-08-26,06,浜名湖,一般,４　５４４　２４５　２４,2026-08-10,2026-08-15,08,常滑,一般,６　４６,2026-07-25,2026-07-29,20,若松,一般,２６３４２　２４５４,5436,市川 瑚幸,2026-09-20,2026-09-25,01,桐生,一般,６　６６６　４　６　６４,2026-09-12,2026-09-17,08,常滑,一般,５　６６６　６６６５６６,2026-08-30,2026-09-04,06,浜名湖,ＧⅢ,６６４　６６６　６　６６,2026-08-11,2026-08-16,04,平和島,一般,転６６　６　３５５６６,2026-07-25,2026-07-30,04,平和島,一般,６　３６６　５５６　５６,3544,豊田 訓靖,2026-09-18,2026-09-24,02,戸田,一般,４　５５１　６５５３６,2026-08-31,2026-09-05,20,若松,ＧⅢ,６５５　５　１５４　５４,2026-08-20,2026-08-23,04,平和島,一般,５　３５６　１１,2026-08-03,2026-08-08,19,下関,一般,５２２　３５３　１４３３,2026-07-24,2026-07-27,12,住之江,一般,１４５　１６４,4103,山崎 善庸,2026-09-18,2026-09-23,12,住之江,一般,４　３５５　６５５　５,2026-09-03,2026-09-06,02,戸田,一般,４　５４３転６,2026-08-17,2026-08-21,13,尼崎,一般,３　３６４　５６３４,2026-08-03,2026-08-08,17,宮島,一般,５４５　３２３３５　４４,2026-07-20,2026-07-25,15,丸亀,一般,６６６　３３５　６　３４
202610080802,2026-10-08,08,02R,3458,東 健介,2026-09-17,2026-09-22,16,児島,一般,２　F４５　５　４　４,2026-09-01,2026-09-06,12,住之江,一般,２　２４５　４５４　６６,2026-08-20,2026-08-23,24,大村,一般,５５５　３６５,2026-08-05,2026-08-10,14,鳴門,一般,６１５　６　４５４　５４,2026-07-19,2026-07-23,05,多摩川,一般,６５４　２６６　６,4792,杉村 賢也,2026-09-18,2026-09-24,02,戸田,一般,３３２　１３３３６６１６,2026-09-02,2026-09-07,22,福岡,一般,３６４　４６３　４３６３,2026-05-28,2026-06-02,01,桐生,一般,４２４妨４５１　５,2026-05-10,2026-05-15,16,児島,一般,４６４３１　３５４２６２,2026-04-27,2026-05-02,05,多摩川,一般,１F５　５　６　５　５,3659,藤生 雄人,2026-09-20,2026-09-25,01,桐生,一般,３　４１６　３２２F５５,2026-09-12,2026-09-15,10,三国,一般,５５３２４　６,2026-09-03,2026-09-06,02,戸田,一般,６５３,2026-08-21,2026-08-24,07,蒲郡,一般,２１２　２４４３,2026-08-11,2026-08-16,01,桐生,一般,転　２３２　２４３３４,4306,畔柳 俊吾,2026-09-18,2026-09-23,12,住之江,一般,３落５　６５４　２　３５,2026-09-03,2026-09-06,02,戸田,一般,４１２　４５１４,2026-08-20,2026-08-23,04,平和島,一般,３　５４４６４,2026-08-11,2026-08-16,07,蒲郡,一般,１　６４３　４３４４６,2026-07-31,2026-08-05,05,多摩川,一般,６　６４５　５４５　２１,5341,山道 諄也,2026-09-15,2026-09-20,14,鳴門,一般,６　４６６５１　３　６１,2026-08-29,2026-09-03,19,下関,一般,２５２　４　５５１　５４,2026-07-24,2026-07-27,06,浜名湖,一般,３４５６３　６３,2026-07-10,2026-07-14,09,津,一般,６　１５落５５　６５,2026-06-27,2026-07-01,02,戸田,一般,６　３F５　４　５,4295,小坂 尚哉,2026-09-20,2026-09-25,10,三国,一般,１２２３５　１３４１[２],2026-09-11,2026-09-14,02,戸田,一般,１３１２２５[４],2026-08-29,2026-09-03,19,下関,一般,２２２１１　１１２１[１],2026-08-20,2026-08-23,04,平和島,一般,５５２３２１３１,2026-08-09,2026-08-14,13,尼崎,一般,１２２　２４２２３　３１
202610080803,2026-10-08,08,03R,3474,松瀬 弘美,2026-09-24,2026-09-29,21,芦屋,ＧⅢ,３　４５３３５　５２２３,2026-09-12,2026-09-15,10,三国,一般,６　６４６　６６,2026-08-30,2026-09-04,06,浜名湖,ＧⅢ,２６３　１５３　４３２１,2026-08-12,2026-08-17,24,大村,ＧⅢ,２３４　４２５　３３４,2026-07-31,2026-08-05,01,桐生,ＧⅢ,３５３　１２２　２６１２,4439,近藤 友宝,2026-09-17,2026-09-22,16,児島,一般,３１４　４６５　４４５,2026-09-01,2026-09-05,13,尼崎,一般,３　３４２　５６１４,2026-08-20,2026-08-23,02,戸田,一般,５　５６１４４３,2026-07-10,2026-07-15,23,からつ,一般,６　３５３　２６４　４３,2026-06-28,2026-07-03,20,若松,一般,６６４　４　３６６　５,3933,山地 正樹,2026-09-27,2026-10-02,14,鳴門,一般,２３２　４２１　１３[４],2026-09-17,2026-09-22,16,児島,一般,５１１　３１１　１１[３],2026-09-02,2026-09-06,17,宮島,一般,５６４　５５２　２４,2026-08-20,2026-08-23,04,平和島,一般,４４１　１５１２,2026-08-08,2026-08-13,16,児島,一般,１　３３４１４　６３２６,3841,佐々木 和伸,2026-09-24,2026-09-29,13,尼崎,一般,５４４　１４２　５４６１,2026-09-13,2026-09-18,22,福岡,一般,１　４６２１３６３４１３,2026-09-01,2026-09-04,24,大村,一般,４２１６２５１３,2026-08-20,2026-08-25,21,芦屋,一般,１　５６３２４４１　５２,2026-08-05,2026-08-10,14,鳴門,一般,１１３４３　５２１３４１,4624,高田 明,2026-09-21,2026-09-26,18,徳山,一般,１６４F４　６　５　５,2026-09-11,2026-09-16,12,住之江,一般,１　４２２　３４２４６６,2026-08-29,2026-09-03,16,児島,一般,４　１５１２エ３１４６３,2026-08-20,2026-08-23,23,からつ,一般,１４１１３１[２],2026-08-06,2026-08-10,24,大村,一般,５５２２３１２４２４,5331,佐藤 永梧,2026-09-16,2026-09-21,05,多摩川,ＧⅠ,　　　　　　　　４３５３,2026-09-13,2026-09-18,07,蒲郡,一般,３　１５６５１　６６６３,2026-08-24,2026-08-28,15,丸亀,一般,５１１　３　１６４６,2026-08-15,2026-08-20,05,多摩川,一般,４４６　２５３　６　３４,2026-08-08,2026-08-11,05,多摩川,一般,１　１４３２[３]
202610080804,2026-10-08,08,04R,4369,丹下 将,2026-09-24,2026-09-29,13,尼崎,一般,３　２４３５１　３５３２,2026-09-11,2026-09-15,06,浜名湖,一般,３６１１３５F３４,2026-08-29,2026-09-03,16,児島,一般,１　１３６５４５２　４４,2026-08-14,2026-08-19,10,三国,一般,６２１２５　２６２５３６,2026-08-03,2026-08-08,19,下関,一般,３４１２２　２４２２[５],4105,松下 直也,2026-09-17,2026-09-22,16,児島,一般,２１１　５４３　６６２６,2026-08-31,2026-09-05,20,若松,ＧⅢ,４　６５１４５　６６５,2026-08-20,2026-08-23,04,平和島,一般,５３１　２３３５,2026-08-09,2026-08-14,13,尼崎,一般,３４４　５３１　２５３３,2026-07-22,2026-07-27,14,鳴門,一般,４　３５６　２４２４４４,5355,萩原 丈太朗,2026-09-27,2026-10-02,14,鳴門,一般,２５５　１６６　５６５,2026-09-13,2026-09-17,19,下関,一般,５　５４６６２　２６,2026-08-24,2026-08-29,13,尼崎,一般,６　５１１５３　６５１６,2026-08-14,2026-08-19,10,三国,一般,５５５　６６５　５　３５,2026-08-02,2026-08-05,21,芦屋,一般,４　６６４　６２,4236,松村 敏,2026-09-01,2026-09-04,24,大村,一般,３２３２１３３１,2026-08-22,2026-08-26,20,若松,一般,２１１　２１１１[１],2026-08-12,2026-08-17,22,福岡,一般,３２１２１２２　３１[２],2026-08-03,2026-08-08,17,宮島,一般,２１１２３　１２３１[２],2026-07-23,2026-07-28,21,芦屋,一般,１F２　３,5415,阿部 未侑,2026-09-20,2026-09-25,01,桐生,一般,４　６５６　５　３５５,2026-08-24,2026-08-29,10,三国,一般,５　６　５５３　６５６,2026-08-11,2026-08-16,04,平和島,一般,４　６５４６６　６　６６,2026-04-27,2026-05-02,05,多摩川,一般,６５６　６　６６６　６６,2026-04-15,2026-04-20,09,津,一般,６　５６６　F６６　６,3761,山本 光雄,2026-09-18,2026-09-24,02,戸田,一般,１６４２２　２２５５４２,2026-09-02,2026-09-06,17,宮島,一般,４５６６３　１　６５,2026-08-15,2026-08-20,11,びわこ,一般,５　１５３２３　４４２１,2026-07-29,2026-08-03,22,福岡,一般,５６,2026-07-16,2026-07-21,11,びわこ,一般,３　１３５２２５１６３５
202610080805,2026-10-08,08,05R,4137,君島 秀三,2026-09-21,2026-09-28,09,津,一般,　　１１４１６１５３３４１５,2026-09-09,2026-09-14,21,芦屋,一般,１３３２３　３１１２[４],2026-08-24,2026-08-29,13,尼崎,一般,５２１４５　２３,2026-08-15,2026-08-20,11,びわこ,一般,１４１　３２３５１５１６,2026-08-04,2026-08-09,12,住之江,一般,３５３１１　１２２２[６],4207,松下 一也,2026-08-27,2026-08-31,04,平和島,一般,転１６　２２３１３４,2026-08-15,2026-08-20,09,津,一般,６　２４１５５　５５２,2026-07-28,2026-08-02,16,児島,一般,１　５１２４３２１２[４],2026-07-16,2026-07-21,11,びわこ,一般,１２５１５３F　６　４,2026-07-05,2026-07-09,05,多摩川,一般,３６２１６６３　１,3929,杢野 誓良,2026-09-28,2026-10-03,04,平和島,ＧⅢ,５　６５４　４４５　２,2026-09-16,2026-09-21,13,尼崎,一般,３６５　１５５　２　６２,2026-09-03,2026-09-06,02,戸田,一般,４４２　２１４５,2026-08-20,2026-08-23,23,からつ,一般,４　３３３２６４,2026-08-10,2026-08-15,08,常滑,一般,４　２４４　４３３５２５,5013,山下 夏鈴,2026-09-22,2026-09-27,22,福岡,一般,３６５　５６１　２　５２,2026-09-13,2026-09-17,19,下関,一般,４３６　１４２　１４,2026-08-24,2026-08-29,13,尼崎,一般,２　１４２４３　５５１５,2026-07-18,2026-07-23,09,津,ＧⅢ,５　６４５　２　６４４４,2026-07-07,2026-07-12,11,びわこ,一般,４　１１１６２２１３３１,3502,渡邉 英児,2026-09-22,2026-09-27,11,びわこ,ＧⅢ,５　６５２３４　１　４４,2026-09-11,2026-09-16,12,住之江,一般,２２５　１１１　３２[３],2026-09-01,2026-09-05,13,尼崎,一般,６１４　２３４４１２,2026-08-22,2026-08-26,20,若松,一般,５５６　３６２５２１,2026-08-11,2026-08-16,06,浜名湖,一般,１　１３６２２４３５４２,5436,市川 瑚幸,2026-09-20,2026-09-25,01,桐生,一般,６　６６６　４　６　６４,2026-09-12,2026-09-17,08,常滑,一般,５　６６６　６６６５６６,2026-08-30,2026-09-04,06,浜名湖,ＧⅢ,６６４　６６６　６　６６,2026-08-11,2026-08-16,04,平和島,一般,転６６　６　３５５６６,2026-07-25,2026-07-30,04,平和島,一般,６　３６６　５５６　５６
202610080806,2026-10-08,08,06R,4460,後藤 翔之,2026-09-19,2026-09-24,06,浜名湖,一般,１２２３１　４５１３１３,2026-09-07,2026-09-12,16,児島,一般,１６４　２２２１２２[５],2026-08-25,2026-08-30,17,宮島,一般,４　転４５５４２２　３４,2026-08-11,2026-08-16,04,平和島,一般,２２１１２３１　２１[１],2026-07-31,2026-08-04,13,尼崎,一般,２４２４３　１６３６,4288,永田 啓二,2026-09-25,2026-09-30,05,多摩川,一般,５　１３１１１３６１[３],2026-09-14,2026-09-19,04,平和島,一般,１　１５２１４　２４４２,2026-09-01,2026-09-04,24,大村,一般,３１４２１５２,2026-08-21,2026-08-24,07,蒲郡,一般,１２１１２２[６],2026-08-10,2026-08-15,21,芦屋,一般,１２２　１６２４６５１１,3814,金子 貴志,2026-09-22,2026-09-27,11,びわこ,ＧⅢ,６　４６６　５２４　６,2026-09-11,2026-09-14,02,戸田,一般,６３４　１６３２,2026-08-25,2026-08-30,17,宮島,一般,５　３５４　３５２４５５,2026-08-14,2026-08-19,10,三国,一般,１　２１２５３３３６５５,2026-08-05,2026-08-10,09,津,一般,３６３　４２５　２５２４,4103,山崎 善庸,2026-09-18,2026-09-23,12,住之江,一般,４　３５５　６５５　５,2026-09-03,2026-09-06,02,戸田,一般,４　５４３転６,2026-08-17,2026-08-21,13,尼崎,一般,３　３６４　５６３４,2026-08-03,2026-08-08,17,宮島,一般,５４５　３２３３５　４４,2026-07-20,2026-07-25,15,丸亀,一般,６６６　３３５　６　３４,5190,大月 遊雅,2026-09-20,2026-09-25,10,三国,一般,３６３　１　４４３４３,2026-09-02,2026-09-07,22,福岡,一般,３　F２５　６　２　５,2026-08-20,2026-08-23,24,大村,一般,６　５４１　１３,2026-08-06,2026-08-09,02,戸田,一般,６３５　３　６４,2026-07-24,2026-07-27,12,住之江,一般,６　５５６　４５,4296,岡崎 恭裕,2026-09-09,2026-09-15,20,若松,一般,１５２１１　１３４１２１[２],2026-08-24,2026-08-28,15,丸亀,一般,３３２２５２１５１３,2026-08-12,2026-08-17,22,福岡,一般,３４１　４１６１２４１３,2026-08-03,2026-08-08,17,宮島,一般,４３２　１５２１２３２３,2026-07-22,2026-07-26,13,尼崎,一般,１３４３１　２４１３
202610080807,2026-10-08,08,07R,4202,浮田 圭浩,2026-09-16,2026-09-21,13,尼崎,一般,５　１３３　１５５５１６,2026-09-01,2026-09-04,24,大村,一般,４　４３１　４６,2026-08-20,2026-08-23,04,平和島,一般,１５３　４５４４,2026-08-08,2026-08-13,16,児島,一般,４　１４３５３　５５４,2026-07-31,2026-08-03,20,若松,一般,３　３６３６３６,3642,大塚 浩二,2026-09-17,2026-09-22,16,児島,一般,４　４６５　１２１　５５,2026-09-01,2026-09-06,12,住之江,一般,５　１５２　４３５６５,2026-08-21,2026-08-26,06,浜名湖,一般,３　５１１　３４４５３４,2026-08-06,2026-08-09,02,戸田,一般,５　６１５転,2026-07-23,2026-07-27,01,桐生,一般,５　６３３　４５３６,4447,深川 麻奈美,2026-09-25,2026-09-30,05,多摩川,一般,３３１　２２２　４３２２,2026-09-15,2026-09-20,14,鳴門,一般,４１２　３１１　５４１４,2026-09-02,2026-09-06,17,宮島,一般,１５３２６　１　１１,2026-08-24,2026-08-29,13,尼崎,一般,１２３　２６４　４４４２,2026-08-10,2026-08-15,21,芦屋,一般,１２３　２５４　１３２４,4063,市橋 卓士,2026-09-22,2026-09-27,22,福岡,一般,１１５４５２１　３５１５,2026-09-11,2026-09-16,12,住之江,一般,１５４１３　２　２４３１,2026-09-01,2026-09-04,24,大村,一般,２４１１４１[１],2026-08-19,2026-08-24,19,下関,一般,３１３　２３１３１２[３],2026-08-05,2026-08-10,14,鳴門,一般,２３４　１１２１４１[４],4430,永田 秀二,2026-09-22,2026-09-27,11,びわこ,ＧⅢ,１　３２４４２５３６２３,2026-09-09,2026-09-13,05,多摩川,一般,５１４　３３１　１２,2026-08-27,2026-08-31,04,平和島,一般,１５１　２１４４６５,2026-08-20,2026-08-23,23,からつ,一般,２５２５１６１６,2026-08-09,2026-08-15,03,江戸川,一般,１　３１２　１３２　[５],3544,豊田 訓靖,2026-09-18,2026-09-24,02,戸田,一般,４　５５１　６５５３６,2026-08-31,2026-09-05,20,若松,ＧⅢ,６５５　５　１５４　５４,2026-08-20,2026-08-23,04,平和島,一般,５　３５６　１１,2026-08-03,2026-08-08,19,下関,一般,５２２　３５３　１４３３,2026-07-24,2026-07-27,12,住之江,一般,１４５　１６４
202610080808,2026-10-08,08,08R,5239,上野 俊樹,2026-09-13,2026-09-18,07,蒲郡,一般,２　２３２　２F６　３,2026-08-25,2026-08-30,17,宮島,一般,６　２１３　３５３２４,2026-08-12,2026-08-17,22,福岡,一般,５１４　３２１２３２[６],2026-07-23,2026-07-28,21,芦屋,一般,６５２　１３３３１４１２,2026-07-10,2026-07-15,22,福岡,一般,３２１　５３１　２４５２,4589,塩崎 桐加,2026-09-24,2026-09-29,13,尼崎,一般,２６６　３３４　１１１３,2026-09-12,2026-09-15,10,三国,一般,１　３３３３２２,2026-08-25,2026-08-30,09,津,一般,１１２　５３２　２３[３],2026-08-12,2026-08-17,24,大村,ＧⅢ,２１１　４１５　５５６４,2026-07-31,2026-08-05,01,桐生,ＧⅢ,５３３　５２２　３４１３,4117,廣中 智紗衣,2026-08-30,2026-09-04,06,浜名湖,ＧⅢ,２２３　５１５５２４１２,2026-08-06,2026-08-11,18,徳山,ＧⅠ,１　３５４　４　２３３,2026-07-25,2026-07-30,04,平和島,一般,１　３３３２３１１F３,2026-07-13,2026-07-18,13,尼崎,ＧⅢ,５２３３１　２４５５１２,2026-07-01,2026-07-06,07,蒲郡,一般,２２２　２６５　６　４１,4295,小坂 尚哉,2026-09-20,2026-09-25,10,三国,一般,１２２３５　１３４１[２],2026-09-11,2026-09-14,02,戸田,一般,１３１２２５[４],2026-08-29,2026-09-03,19,下関,一般,２２２１１　１１２１[１],2026-08-20,2026-08-23,04,平和島,一般,５５２３２１３１,2026-08-09,2026-08-14,13,尼崎,一般,１２２　２４２２３　３１,4439,近藤 友宝,2026-09-17,2026-09-22,16,児島,一般,３１４　４６５　４４５,2026-09-01,2026-09-05,13,尼崎,一般,３　３４２　５６１４,2026-08-20,2026-08-23,02,戸田,一般,５　５６１４４３,2026-07-10,2026-07-15,23,からつ,一般,６　３５３　２６４　４３,2026-06-28,2026-07-03,20,若松,一般,６６４　４　３６６　５,5465,直江 健成,2026-09-20,2026-09-25,10,三国,一般,６６５　６　５　６６５６,2026-08-29,2026-09-03,16,児島,一般,６　６６６　６６５　６６,2026-08-14,2026-08-19,10,三国,一般,６　６６６　５６６　６６,2026-06-29,2026-07-03,11,びわこ,一般,６　６６６　６　６５,2026-05-27,2026-05-31,18,徳山,一般,６　６６６　F６６
202610080809,2026-10-08,08,09R,5321,一色 颯輝,2026-09-29,2026-10-04,07,蒲郡,ＧⅢ,４２２　３　４２１５４２,2026-09-11,2026-09-16,12,住之江,一般,１５４　６３６　６４５,2026-08-30,2026-09-03,08,常滑,一般,　　　　　　　　５３,2026-08-23,2026-08-27,18,徳山,一般,６　２３１４２３５１,2026-08-11,2026-08-16,07,蒲郡,一般,６４６　４　６転転　２２,3436,柏野 幸二,2026-09-13,2026-09-18,22,福岡,一般,３　４３３６５４１　２６,2026-09-01,2026-09-06,12,住之江,一般,４　３転３　２５３５１,2026-08-15,2026-08-20,18,徳山,一般,６２４３６２４　５　１２,2026-07-31,2026-08-05,05,多摩川,一般,１６２　２４２　２３５３,2026-06-19,2026-06-24,11,びわこ,一般,１３４　１４３３２５３２,3474,松瀬 弘美,2026-09-24,2026-09-29,21,芦屋,ＧⅢ,３　４５３３５　５２２３,2026-09-12,2026-09-15,10,三国,一般,６　６４６　６６,2026-08-30,2026-09-04,06,浜名湖,ＧⅢ,２６３　１５３　４３２１,2026-08-12,2026-08-17,24,大村,ＧⅢ,２３４　４２５　３３４,2026-07-31,2026-08-05,01,桐生,ＧⅢ,３５３　１２２　２６１２,4792,杉村 賢也,2026-09-18,2026-09-24,02,戸田,一般,３３２　１３３３６６１６,2026-09-02,2026-09-07,22,福岡,一般,３６４　４６３　４３６３,2026-05-28,2026-06-02,01,桐生,一般,４２４妨４５１　５,2026-05-10,2026-05-15,16,児島,一般,４６４３１　３５４２６２,2026-04-27,2026-05-02,05,多摩川,一般,１F５　５　６　５　５,4236,松村 敏,2026-09-01,2026-09-04,24,大村,一般,３２３２１３３１,2026-08-22,2026-08-26,20,若松,一般,２１１　２１１１[１],2026-08-12,2026-08-17,22,福岡,一般,３２１２１２２　３１[２],2026-08-03,2026-08-08,17,宮島,一般,２１１２３　１２３１[２],2026-07-23,2026-07-28,21,芦屋,一般,１F２　３,4706,三浦 洋次朗,2026-09-21,2026-09-28,09,津,一般,２　５　４１１３６　１４３２,2026-09-11,2026-09-14,02,戸田,一般,５３６　４２２１,2026-08-31,2026-09-05,18,徳山,一般,１　３５２２３３２４１３,2026-07-24,2026-07-29,17,宮島,一般,４　６６４６２６２　１２,2026-07-14,2026-07-19,01,桐生,一般,２５２　２６５　６６４
202610080810,2026-10-08,08,10R,3841,佐々木 和伸,2026-09-24,2026-09-29,13,尼崎,一般,５４４　１４２　５４６１,2026-09-13,2026-09-18,22,福岡,一般,１　４６２１３６３４１３,2026-09-01,2026-09-04,24,大村,一般,４２１６２５１３,2026-08-20,2026-08-25,21,芦屋,一般,１　５６３２４４１　５２,2026-08-05,2026-08-10,14,鳴門,一般,１１３４３　５２１３４１,5355,萩原 丈太朗,2026-09-27,2026-10-02,14,鳴門,一般,２５５　１６６　５６５,2026-09-13,2026-09-17,19,下関,一般,５　５４６６２　２６,2026-08-24,2026-08-29,13,尼崎,一般,６　５１１５３　６５１６,2026-08-14,2026-08-19,10,三国,一般,５５５　６６５　５　３５,2026-08-02,2026-08-05,21,芦屋,一般,４　６６４　６２,4288,永田 啓二,2026-09-25,2026-09-30,05,多摩川,一般,５　１３１１１３６１[３],2026-09-14,2026-09-19,04,平和島,一般,１　１５２１４　２４４２,2026-09-01,2026-09-04,24,大村,一般,３１４２１５２,2026-08-21,2026-08-24,07,蒲郡,一般,１２１１２２[６],2026-08-10,2026-08-15,21,芦屋,一般,１２２　１６２４６５１１,3458,東 健介,2026-09-17,2026-09-22,16,児島,一般,２　F４５　５　４　４,2026-09-01,2026-09-06,12,住之江,一般,２　２４５　４５４　６６,2026-08-20,2026-08-23,24,大村,一般,５５５　３６５,2026-08-05,2026-08-10,14,鳴門,一般,６１５　６　４５４　５４,2026-07-19,2026-07-23,05,多摩川,一般,６５４　２６６　６,4137,君島 秀三,2026-09-21,2026-09-28,09,津,一般,　　１１４１６１５３３４１５,2026-09-09,2026-09-14,21,芦屋,一般,１３３２３　３１１２[４],2026-08-24,2026-08-29,13,尼崎,一般,５２１４５　２３,2026-08-15,2026-08-20,11,びわこ,一般,１４１　３２３５１５１６,2026-08-04,2026-08-09,12,住之江,一般,３５３１１　１２２２[６],4785,木幡 純也,2026-09-17,2026-09-22,16,児島,一般,５　３３４　２５３　６３,2026-09-03,2026-09-06,02,戸田,一般,５６５　１６４,2026-08-21,2026-08-26,06,浜名湖,一般,４　５４４　２４５　２４,2026-08-10,2026-08-15,08,常滑,一般,６　４６,2026-07-25,2026-07-29,20,若松,一般,２６３４２　２４５４
202610080811,2026-10-08,08,11R,4624,高田 明,2026-09-21,2026-09-26,18,徳山,一般,１６４F４　６　５　５,2026-09-11,2026-09-16,12,住之江,一般,１　４２２　３４２４６６,2026-08-29,2026-09-03,16,児島,一般,４　１５１２エ３１４６３,2026-08-20,2026-08-23,23,からつ,一般,１４１１３１[２],2026-08-06,2026-08-10,24,大村,一般,５５２２３１２４２４,4447,深川 麻奈美,2026-09-25,2026-09-30,05,多摩川,一般,３３１　２２２　４３２２,2026-09-15,2026-09-20,14,鳴門,一般,４１２　３１１　５４１４,2026-09-02,2026-09-06,17,宮島,一般,１５３２６　１　１１,2026-08-24,2026-08-29,13,尼崎,一般,１２３　２６４　４４４２,2026-08-10,2026-08-15,21,芦屋,一般,１２３　２５４　１３２４,4296,岡崎 恭裕,2026-09-09,2026-09-15,20,若松,一般,１５２１１　１３４１２１[２],2026-08-24,2026-08-28,15,丸亀,一般,３３２２５２１５１３,2026-08-12,2026-08-17,22,福岡,一般,３４１　４１６１２４１３,2026-08-03,2026-08-08,17,宮島,一般,４３２　１５２１２３２３,2026-07-22,2026-07-26,13,尼崎,一般,１３４３１　２４１３,3659,藤生 雄人,2026-09-20,2026-09-25,01,桐生,一般,３　４１６　３２２F５５,2026-09-12,2026-09-15,10,三国,一般,５５３２４　６,2026-09-03,2026-09-06,02,戸田,一般,６５３,2026-08-21,2026-08-24,07,蒲郡,一般,２１２　２４４３,2026-08-11,2026-08-16,01,桐生,一般,転　２３２　２４３３４,4105,松下 直也,2026-09-17,2026-09-22,16,児島,一般,２１１　５４３　６６２６,2026-08-31,2026-09-05,20,若松,ＧⅢ,４　６５１４５　６６５,2026-08-20,2026-08-23,04,平和島,一般,５３１　２３３５,2026-08-09,2026-08-14,13,尼崎,一般,３４４　５３１　２５３３,2026-07-22,2026-07-27,14,鳴門,一般,４　３５６　２４２４４４,4207,松下 一也,2026-08-27,2026-08-31,04,平和島,一般,転１６　２２３１３４,2026-08-15,2026-08-20,09,津,一般,６　２４１５５　５５２,2026-07-28,2026-08-02,16,児島,一般,１　５１２４３２１２[４],2026-07-16,2026-07-21,11,びわこ,一般,１２５１５３F　６　４,2026-07-05,2026-07-09,05,多摩川,一般,３６２１６６３　１
202610080812,2026-10-08,08,12R,4063,市橋 卓士,2026-09-22,2026-09-27,22,福岡,一般,１１５４５２１　３５１５,2026-09-11,2026-09-16,12,住之江,一般,１５４１３　２　２４３１,2026-09-01,2026-09-04,24,大村,一般,２４１１４１[１],2026-08-19,2026-08-24,19,下関,一般,３１３　２３１３１２[３],2026-08-05,2026-08-10,14,鳴門,一般,２３４　１１２１４１[４],3933,山地 正樹,2026-09-27,2026-10-02,14,鳴門,一般,２３２　４２１　１３[４],2026-09-17,2026-09-22,16,児島,一般,５１１　３１１　１１[３],2026-09-02,2026-09-06,17,宮島,一般,５６４　５５２　２４,2026-08-20,2026-08-23,04,平和島,一般,４４１　１５１２,2026-08-08,2026-08-13,16,児島,一般,１　３３４１４　６３２６,4460,後藤 翔之,2026-09-19,2026-09-24,06,浜名湖,一般,１２２３１　４５１３１３,2026-09-07,2026-09-12,16,児島,一般,１６４　２２２１２２[５],2026-08-25,2026-08-30,17,宮島,一般,４　転４５５４２２　３４,2026-08-11,2026-08-16,04,平和島,一般,２２１１２３１　２１[１],2026-07-31,2026-08-04,13,尼崎,一般,２４２４３　１６３６,4369,丹下 将,2026-09-24,2026-09-29,13,尼崎,一般,３　２４３５１　３５３２,2026-09-11,2026-09-15,06,浜名湖,一般,３６１１３５F３４,2026-08-29,2026-09-03,16,児島,一般,１　１３６５４５２　４４,2026-08-14,2026-08-19,10,三国,一般,６２１２５　２６２５３６,2026-08-03,2026-08-08,19,下関,一般,３４１２２　２４２２[５],4117,廣中 智紗衣,2026-08-30,2026-09-04,06,浜名湖,ＧⅢ,２２３　５１５５２４１２,2026-08-06,2026-08-11,18,徳山,ＧⅠ,１　３５４　４　２３３,2026-07-25,2026-07-30,04,平和島,一般,１　３３３２３１１F３,2026-07-13,2026-07-18,13,尼崎,ＧⅢ,５２３３１　２４５５１２,2026-07-01,2026-07-06,07,蒲郡,一般,２２２　２６５　６　４１,5013,山下 夏鈴,2026-09-22,2026-09-27,22,福岡,一般,３６５　５６１　２　５２,2026-09-13,2026-09-17,19,下関,一般,４３６　１４２　１４,2026-08-24,2026-08-29,13,尼崎,一般,２　１４２４３　５５１５,2026-07-18,2026-07-23,09,津,ＧⅢ,５　６４５　２　６４４４,2026-07-07,2026-07-12,11,びわこ,一般,４　１１１６２２１３３１
202610081001,2026-10-08,10,01R,4262,馬場 貴也,2026-09-24,2026-09-29,13,尼崎,一般,２１１５１　１１２１[１],2026-09-16,2026-09-21,05,多摩川,ＧⅠ,６５６　１２１　６　１５,2026-09-07,2026-09-12,24,大村,ＧⅠ,落　２　２１２１１　[１],2026-08-25,2026-08-30,01,桐生,ＳＧ,２４２　５２１　３　３１,2026-08-15,2026-08-20,11,びわこ,一般,２１３２２　２１３１[４],4415,下出 卓矢,2026-09-24,2026-09-29,19,下関,一般,４６１　３５４１３４３１,2026-09-12,2026-09-17,18,徳山,ＧⅠ,６　６　６５６　２６５,2026-09-03,2026-09-08,09,津,ＧⅠ,６　１　５６１　１６３３,2026-08-24,2026-08-29,13,尼崎,一般,５３４　２２３６５１２３,2026-08-14,2026-08-19,10,三国,一般,１４F５４　５　６　２,4028,田村 隆信,2026-09-17,2026-09-22,16,児島,一般,５６３　３１１６２６１５,2026-09-05,2026-09-10,01,桐生,一般,２５４２１　２３３１[５],2026-08-21,2026-08-26,03,江戸川,一般,１　４３３　３１３３[５],2026-08-05,2026-08-10,14,鳴門,一般,２２３５２　１３３２[６],2026-07-29,2026-08-01,18,徳山,一般,４５４４４　５１,4030,森高 一真,2026-09-16,2026-09-21,05,多摩川,ＧⅠ,１　３５２　２６４１３６,2026-09-07,2026-09-12,16,児島,一般,３４１１３　６１３２[４],2026-08-25,2026-08-30,01,桐生,ＳＧ,４　５　２４５　３３５,2026-08-17,2026-08-21,15,丸亀,一般,３２３４３１５３４２,2026-08-06,2026-08-09,02,戸田,一般,３４２６２２２４,4910,中村 泰平,2026-09-18,2026-09-23,03,江戸川,一般,４　４４,2026-09-07,2026-09-12,24,大村,ＧⅠ,２　６５５　１４１５６,2026-08-28,2026-09-02,05,多摩川,ＧⅢ,４５２１３　５５１　４４,2026-08-20,2026-08-23,23,からつ,一般,１６１２４２[４],2026-08-10,2026-08-15,08,常滑,一般,３１６４５　２１２３６１,4932,新開 航,2026-09-25,2026-09-30,05,多摩川,一般,２１４　１４３１２１[２],2026-09-14,2026-09-19,04,平和島,一般,２４２　４２４１,2026-09-02,2026-09-07,22,福岡,一般,１１４　１１４１４１[１],2026-08-20,2026-08-23,24,大村,一般,１１３１３１[４],2026-08-07,2026-08-12,20,若松,一般,１２１１１１３　５１[１]
202610081002,2026-10-08,10,02R,4587,木田 峰由季,2026-09-26,2026-09-30,02,戸田,一般,６６３１１６１　２３,2026-09-17,2026-09-21,15,丸亀,一般,１１６４５２１１４５,2026-09-09,2026-09-13,05,多摩川,一般,１１３６１５３１[６],2026-08-26,2026-08-31,11,びわこ,一般,４４５４１　３２５　４１,2026-08-14,2026-08-19,10,三国,一般,６６１２６２転　２　F４,4524,深谷 知博,2026-09-26,2026-09-30,02,戸田,一般,１１３２エ２１４３１,2026-09-16,2026-09-21,05,多摩川,ＧⅠ,４４３　６１１　３４２２,2026-09-07,2026-09-12,24,大村,ＧⅠ,４６３５１　２　５６４,2026-08-29,2026-09-03,19,下関,一般,３１５　２１１２４１[３],2026-06-23,2026-06-28,14,鳴門,ＳＧ,３　１５５　５　３５５,4688,永井 彪也,2026-09-16,2026-09-21,05,多摩川,ＧⅠ,３　２２１　３３１　[４],2026-09-07,2026-09-12,24,大村,ＧⅠ,１４４３５　３　５５４４,2026-08-27,2026-08-31,04,平和島,一般,１１１２５４１２[１],2026-08-15,2026-08-20,05,多摩川,一般,３３４６１　５１１４２２,2026-08-04,2026-08-09,10,三国,一般,３２３１２５２　３４１２,4757,山田 祐也,2026-09-21,2026-09-26,18,徳山,一般,１１２　２６６１４３２１,2026-09-12,2026-09-17,09,津,一般,３３１１２４１　５１[５],2026-08-29,2026-09-03,16,児島,一般,１１６　２１４２３１[２],2026-08-16,2026-08-19,14,鳴門,一般,４２５３２　１２,2026-08-07,2026-08-11,15,丸亀,一般,４４１１３４１１[５],4237,大峯 豊,2026-09-21,2026-09-28,09,津,一般,１　４２１　２２３１２１[３],2026-09-12,2026-09-17,18,徳山,ＧⅠ,４３３　２１４　４　２４,2026-09-04,2026-09-08,07,蒲郡,一般,１２１１３２２１[１],2026-08-25,2026-08-30,01,桐生,ＳＧ,４５３　３　６３３　５,2026-08-15,2026-08-20,18,徳山,一般,３１２１２１１　１２６,4573,佐藤 翼,2026-09-16,2026-09-21,05,多摩川,ＧⅠ,１　４　４６４１５　３４,2026-09-03,2026-09-06,02,戸田,一般,１５１６２１[４],2026-07-28,2026-08-02,11,びわこ,ＳＧ,５　６６３　２　２４５,2026-07-18,2026-07-21,04,平和島,一般,６１１１２１[４],2026-07-07,2026-07-12,02,戸田,ＧⅡ,５　１１４　１１１　[２]
202610081003,2026-10-08,10,03R,4544,松田 大志郎,2026-09-16,2026-09-21,05,多摩川,ＧⅠ,４１５　５５４　５１４,2026-09-07,2026-09-12,24,大村,ＧⅠ,４２４　１　２２２　[６],2026-08-30,2026-09-03,08,常滑,一般,１１４２１２５１[１],2026-08-21,2026-08-24,07,蒲郡,一般,２１２４３１[１],2026-08-10,2026-08-15,21,芦屋,一般,１３４２２１５　１１[３],4856,豊田 健士郎,2026-09-24,2026-09-29,13,尼崎,一般,１　１２１２２２１１[２],2026-09-13,2026-09-18,22,福岡,一般,４４１１２　１２１２[５],2026-09-03,2026-09-08,09,津,ＧⅠ,２　２３２　３６２３２,2026-08-26,2026-08-30,14,鳴門,一般,１６２１２３２６２２,2026-08-15,2026-08-20,09,津,一般,１２３　１１１２１１[２],4061,萩原 秀人,2026-09-25,2026-09-30,05,多摩川,一般,２６２　４４３１２５１２,2026-09-16,2026-09-21,13,尼崎,一般,３２１２１　２２２１[１],2026-09-03,2026-09-08,10,三国,一般,２２１５３　１４１６４２,2026-08-25,2026-08-30,01,桐生,ＳＧ,３　５４１　２５５１２,2026-08-14,2026-08-19,10,三国,一般,３３１１１４１　１３１１,4857,加藤 翔馬,2026-09-22,2026-09-27,20,若松,ＧⅠ,３１２　４２４　５　１L,2026-09-13,2026-09-17,19,下関,一般,１６３１３１４４１３,2026-09-03,2026-09-08,09,津,ＧⅠ,６５３　４　１５３３２,2026-08-21,2026-08-26,03,江戸川,一般,１３４　３１２　１１２３,2026-08-09,2026-08-14,13,尼崎,一般,６３４１２　２３６　落不,4448,青木 玄太,2026-09-22,2026-09-27,11,びわこ,ＧⅢ,５６６１３　５２,2026-09-12,2026-09-17,18,徳山,ＧⅠ,２　３５４　４２４　３４,2026-09-03,2026-09-08,09,津,ＧⅠ,４　３１３　３　６　１３,2026-08-26,2026-08-30,14,鳴門,一般,２２１３６１３５３,2026-08-15,2026-08-20,11,びわこ,一般,５　１４２１４２２　５３,3590,濱野谷 憲吾,2026-09-16,2026-09-21,05,多摩川,ＧⅠ,６２１　１５４　２２４,2026-09-07,2026-09-12,24,大村,ＧⅠ,６１５　６　６６,2026-08-25,2026-08-30,01,桐生,ＳＧ,２　２６６　６　２４６,2026-08-15,2026-08-20,05,多摩川,一般,２２３　１２１１４１[３],2026-08-03,2026-08-08,04,平和島,ＧⅢ,４４５　１１２５４２[３]
202610081004,2026-10-08,10,04R,4504,前田 将太,2026-09-16,2026-09-21,05,多摩川,ＧⅠ,６　３２４　３５５３２,2026-09-07,2026-09-12,24,大村,ＧⅠ,妨,2026-08-21,2026-08-26,03,江戸川,一般,２　１２３１１　４１[３],2026-08-12,2026-08-17,22,福岡,一般,１２２　１２２３１１[４],2026-08-03,2026-08-08,04,平和島,ＧⅢ,６３４１２３４　３４２２,4847,佐藤 隆太郎,2026-09-16,2026-09-21,05,多摩川,ＧⅠ,３　１５４　１４４　１２,2026-09-05,2026-09-10,04,平和島,一般,１３１１１　２１２１[３],2026-08-25,2026-08-30,01,桐生,ＳＧ,５　６　４６６　５６６,2026-08-09,2026-08-15,03,江戸川,一般,３６１　２１３　１　[１],2026-07-28,2026-08-02,11,びわこ,ＳＧ,５　６　２２６　１３５,3737,上平 真二,2026-09-26,2026-09-30,02,戸田,一般,４２２４２３１３[１],2026-09-09,2026-09-15,20,若松,一般,１３５　２１２５５１２１[３],2026-08-25,2026-08-30,17,宮島,一般,６５,2026-08-03,2026-08-08,19,下関,一般,２４１１３　１妨,2026-07-23,2026-07-27,01,桐生,一般,２１１２３４３１[３],5142,常住 蓮,2026-09-22,2026-09-27,20,若松,ＧⅠ,１　２４１４４　４　１５,2026-09-12,2026-09-17,18,徳山,ＧⅠ,３６４　４６２　２２４,2026-08-28,2026-08-31,23,からつ,一般,１１２１２１[１],2026-08-20,2026-08-23,02,戸田,一般,２３３１１２１２,2026-08-09,2026-08-14,23,からつ,一般,１５２１F　２　２　２,4044,湯川 浩司,2026-09-19,2026-09-24,06,浜名湖,一般,３１３２３１４１３４４２,2026-09-05,2026-09-10,01,桐生,一般,４２４　３１１６３３４１,2026-08-24,2026-08-29,13,尼崎,一般,２４３　３１１１３２[６],2026-08-13,2026-08-18,12,住之江,一般,３３５　３　４４,2026-08-06,2026-08-09,02,戸田,一般,１１２５４４３２,3388,今垣 光太郎,2026-09-22,2026-09-27,22,福岡,一般,１３６　３１５６,2026-09-09,2026-09-15,20,若松,一般,１１３　５３１６３３１４１５,2026-08-29,2026-09-03,16,児島,一般,１２２　２１２６４１[３],2026-06-17,2026-06-22,24,大村,ＧⅡ,３　３　６１２　４　１２,2026-06-05,2026-06-10,01,桐生,一般,１６１　３４３１５３３１
202610081005,2026-10-08,10,05R,4932,新開 航,2026-09-25,2026-09-30,05,多摩川,一般,２１４　１４３１２１[２],2026-09-14,2026-09-19,04,平和島,一般,２４２　４２４１,2026-09-02,2026-09-07,22,福岡,一般,１１４　１１４１４１[１],2026-08-20,2026-08-23,24,大村,一般,１１３１３１[４],2026-08-07,2026-08-12,20,若松,一般,１２１１１１３　５１[１],5043,中村 日向,2026-09-22,2026-09-27,20,若松,ＧⅠ,１１３　２　５３６　２３,2026-09-11,2026-09-16,12,住之江,一般,２２６　１１１３２３２２,2026-08-29,2026-09-03,16,児島,一般,２６２１４　１２１５１１,2026-08-17,2026-08-21,15,丸亀,一般,３１１１２１４１[３],2026-08-03,2026-08-08,17,宮島,一般,５６５４２１１　２６１６,4826,井上 一輝,2026-09-22,2026-09-27,22,福岡,一般,１４４５４３１　２４１３,2026-09-12,2026-09-17,18,徳山,ＧⅠ,２４１　３　３３６　１３,2026-09-03,2026-09-08,09,津,ＧⅠ,３１１　２　６５３　１６,2026-08-24,2026-08-28,15,丸亀,一般,２６１２２１４１[３],2026-08-13,2026-08-18,12,住之江,一般,３１４　５５２　１落５,4604,岩瀬 裕亮,2026-09-16,2026-09-21,05,多摩川,ＧⅠ,３２１　４５２　３３６,2026-09-05,2026-09-11,03,江戸川,一般,１　１１４　３２１２[３],2026-08-25,2026-08-30,01,桐生,ＳＧ,５５１　４　３６３　２,2026-08-10,2026-08-15,08,常滑,一般,２３１５１２３２２１[３],2026-07-28,2026-08-02,11,びわこ,ＳＧ,４　２　４４５　５５６,4415,下出 卓矢,2026-09-24,2026-09-29,19,下関,一般,４６１　３５４１３４３１,2026-09-12,2026-09-17,18,徳山,ＧⅠ,６　６　６５６　２６５,2026-09-03,2026-09-08,09,津,ＧⅠ,６　１　５６１　１６３３,2026-08-24,2026-08-29,13,尼崎,一般,５３４　２２３６５１２３,2026-08-14,2026-08-19,10,三国,一般,１４F５４　５　６　２,4024,井口 佳典,2026-09-22,2026-09-27,22,福岡,一般,１１２３１　３１６１[１],2026-09-12,2026-09-17,18,徳山,ＧⅠ,３　６　５６４　５６５３,2026-09-03,2026-09-08,09,津,ＧⅠ,３　３４１　４３４　２２,2026-08-25,2026-08-30,01,桐生,ＳＧ,４　６　５４３　２２４,2026-08-15,2026-08-20,09,津,一般,１３１　５４２１１２[５]
202610081006,2026-10-08,10,06R,4573,佐藤 翼,2026-09-16,2026-09-21,05,多摩川,ＧⅠ,１　４　４６４１５　３４,2026-09-03,2026-09-06,02,戸田,一般,１５１６２１[４],2026-07-28,2026-08-02,11,びわこ,ＳＧ,５　６６３　２　２４５,2026-07-18,2026-07-21,04,平和島,一般,６１１１２１[４],2026-07-07,2026-07-12,02,戸田,ＧⅡ,５　１１４　１１１　[２],4910,中村 泰平,2026-09-18,2026-09-23,03,江戸川,一般,４　４４,2026-09-07,2026-09-12,24,大村,ＧⅠ,２　６５５　１４１５６,2026-08-28,2026-09-02,05,多摩川,ＧⅢ,４５２１３　５５１　４４,2026-08-20,2026-08-23,23,からつ,一般,１６１２４２[４],2026-08-10,2026-08-15,08,常滑,一般,３１６４５　２１２３６１,4682,大上 卓人,2026-09-24,2026-09-29,13,尼崎,一般,３２２１３　１１４１[３],2026-09-12,2026-09-17,18,徳山,ＧⅠ,２６３　５　２６２５１,2026-09-04,2026-09-08,07,蒲郡,一般,１５１１２転３１[６],2026-08-25,2026-08-30,01,桐生,ＳＧ,１　２５３　５　４　１５,2026-08-14,2026-08-19,17,宮島,一般,２４１１２　１３１４１５,4446,和田 兼輔,2026-09-25,2026-09-30,05,多摩川,一般,４２４１３　２４１２[５],2026-09-16,2026-09-21,13,尼崎,一般,３１３　１３３１４４１２,2026-09-07,2026-09-12,16,児島,一般,４３４　３１１５１５１２,2026-08-25,2026-08-30,01,桐生,ＳＧ,１　５４５　５　５２１,2026-08-09,2026-08-14,13,尼崎,一般,２５１　５２４２４　２２,4524,深谷 知博,2026-09-26,2026-09-30,02,戸田,一般,１１３２エ２１４３１,2026-09-16,2026-09-21,05,多摩川,ＧⅠ,４４３　６１１　３４２２,2026-09-07,2026-09-12,24,大村,ＧⅠ,４６３５１　２　５６４,2026-08-29,2026-09-03,19,下関,一般,３１５　２１１２４１[３],2026-06-23,2026-06-28,14,鳴門,ＳＧ,３　１５５　５　３５５,4262,馬場 貴也,2026-09-24,2026-09-29,13,尼崎,一般,２１１５１　１１２１[１],2026-09-16,2026-09-21,05,多摩川,ＧⅠ,６５６　１２１　６　１５,2026-09-07,2026-09-12,24,大村,ＧⅠ,落　２　２１２１１　[１],2026-08-25,2026-08-30,01,桐生,ＳＧ,２４２　５２１　３　３１,2026-08-15,2026-08-20,11,びわこ,一般,２１３２２　２１３１[４]
202610081007,2026-10-08,10,07R,3590,濱野谷 憲吾,2026-09-16,2026-09-21,05,多摩川,ＧⅠ,６２１　１５４　２２４,2026-09-07,2026-09-12,24,大村,ＧⅠ,６１５　６　６６,2026-08-25,2026-08-30,01,桐生,ＳＧ,２　２６６　６　２４６,2026-08-15,2026-08-20,05,多摩川,一般,２２３　１２１１４１[３],2026-08-03,2026-08-08,04,平和島,ＧⅢ,４４５　１１２５４２[３],4237,大峯 豊,2026-09-21,2026-09-28,09,津,一般,１　４２１　２２３１２１[３],2026-09-12,2026-09-17,18,徳山,ＧⅠ,４３３　２１４　４　２４,2026-09-04,2026-09-08,07,蒲郡,一般,１２１１３２２１[１],2026-08-25,2026-08-30,01,桐生,ＳＧ,４５３　３　６３３　５,2026-08-15,2026-08-20,18,徳山,一般,３１２１２１１　１２６,4337,平本 真之,2026-09-03,2026-09-08,09,津,ＧⅠ,２５５　５５１　２２３,2026-08-25,2026-08-30,01,桐生,ＳＧ,５２５　３　４２３　６,2026-08-11,2026-08-16,07,蒲郡,一般,２１３３１３３５３２[５],2026-07-28,2026-08-02,11,びわこ,ＳＧ,２３５　３　５２３　２１,2026-07-20,2026-07-25,15,丸亀,一般,４２１　１１２１妨１２,4028,田村 隆信,2026-09-17,2026-09-22,16,児島,一般,５６３　３１１６２６１５,2026-09-05,2026-09-10,01,桐生,一般,２５４２１　２３３１[５],2026-08-21,2026-08-26,03,江戸川,一般,１　４３３　３１３３[５],2026-08-05,2026-08-10,14,鳴門,一般,２２３５２　１３３２[６],2026-07-29,2026-08-01,18,徳山,一般,４５４４４　５１,4857,加藤 翔馬,2026-09-22,2026-09-27,20,若松,ＧⅠ,３１２　４２４　５　１L,2026-09-13,2026-09-17,19,下関,一般,１６３１３１４４１３,2026-09-03,2026-09-08,09,津,ＧⅠ,６５３　４　１５３３２,2026-08-21,2026-08-26,03,江戸川,一般,１３４　３１２　１１２３,2026-08-09,2026-08-14,13,尼崎,一般,６３４１２　２３６　落不,4587,木田 峰由季,2026-09-26,2026-09-30,02,戸田,一般,６６３１１６１　２３,2026-09-17,2026-09-21,15,丸亀,一般,１１６４５２１１４５,2026-09-09,2026-09-13,05,多摩川,一般,１１３６１５３１[６],2026-08-26,2026-08-31,11,びわこ,一般,４４５４１　３２５　４１,2026-08-14,2026-08-19,10,三国,一般,６６１２６２転　２　F４
202610081008,2026-10-08,10,08R,3388,今垣 光太郎,2026-09-22,2026-09-27,22,福岡,一般,１３６　３１５６,2026-09-09,2026-09-15,20,若松,一般,１１３　５３１６３３１４１５,2026-08-29,2026-09-03,16,児島,一般,１２２　２１２６４１[３],2026-06-17,2026-06-22,24,大村,ＧⅡ,３　３　６１２　４　１２,2026-06-05,2026-06-10,01,桐生,一般,１６１　３４３１５３３１,4448,青木 玄太,2026-09-22,2026-09-27,11,びわこ,ＧⅢ,５６６１３　５２,2026-09-12,2026-09-17,18,徳山,ＧⅠ,２　３５４　４２４　３４,2026-09-03,2026-09-08,09,津,ＧⅠ,４　３１３　３　６　１３,2026-08-26,2026-08-30,14,鳴門,一般,２２１３６１３５３,2026-08-15,2026-08-20,11,びわこ,一般,５　１４２１４２２　５３,4030,森高 一真,2026-09-16,2026-09-21,05,多摩川,ＧⅠ,１　３５２　２６４１３６,2026-09-07,2026-09-12,16,児島,一般,３４１１３　６１３２[４],2026-08-25,2026-08-30,01,桐生,ＳＧ,４　５　２４５　３３５,2026-08-17,2026-08-21,15,丸亀,一般,３２３４３１５３４２,2026-08-06,2026-08-09,02,戸田,一般,３４２６２２２４,4688,永井 彪也,2026-09-16,2026-09-21,05,多摩川,ＧⅠ,３　２２１　３３１　[４],2026-09-07,2026-09-12,24,大村,ＧⅠ,１４４３５　３　５５４４,2026-08-27,2026-08-31,04,平和島,一般,１１１２５４１２[１],2026-08-15,2026-08-20,05,多摩川,一般,３３４６１　５１１４２２,2026-08-04,2026-08-09,10,三国,一般,３２３１２５２　３４１２,4847,佐藤 隆太郎,2026-09-16,2026-09-21,05,多摩川,ＧⅠ,３　１５４　１４４　１２,2026-09-05,2026-09-10,04,平和島,一般,１３１１１　２１２１[３],2026-08-25,2026-08-30,01,桐生,ＳＧ,５　６　４６６　５６６,2026-08-09,2026-08-15,03,江戸川,一般,３６１　２１３　１　[１],2026-07-28,2026-08-02,11,びわこ,ＳＧ,５　６　２２６　１３５,4544,松田 大志郎,2026-09-16,2026-09-21,05,多摩川,ＧⅠ,４１５　５５４　５１４,2026-09-07,2026-09-12,24,大村,ＧⅠ,４２４　１　２２２　[６],2026-08-30,2026-09-03,08,常滑,一般,１１４２１２５１[１],2026-08-21,2026-08-24,07,蒲郡,一般,２１２４３１[１],2026-08-10,2026-08-15,21,芦屋,一般,１３４２２１５　１１[３]
202610081009,2026-10-08,10,09R,4024,井口 佳典,2026-09-22,2026-09-27,22,福岡,一般,１１２３１　３１６１[１],2026-09-12,2026-09-17,18,徳山,ＧⅠ,３　６　５６４　５６５３,2026-09-03,2026-09-08,09,津,ＧⅠ,３　３４１　４３４　２２,2026-08-25,2026-08-30,01,桐生,ＳＧ,４　６　５４３　２２４,2026-08-15,2026-08-20,09,津,一般,１３１　５４２１１２[５],4044,湯川 浩司,2026-09-19,2026-09-24,06,浜名湖,一般,３１３２３１４１３４４２,2026-09-05,2026-09-10,01,桐生,一般,４２４　３１１６３３４１,2026-08-24,2026-08-29,13,尼崎,一般,２４３　３１１１３２[６],2026-08-13,2026-08-18,12,住之江,一般,３３５　３　４４,2026-08-06,2026-08-09,02,戸田,一般,１１２５４４３２,4757,山田 祐也,2026-09-21,2026-09-26,18,徳山,一般,１１２　２６６１４３２１,2026-09-12,2026-09-17,09,津,一般,３３１１２４１　５１[５],2026-08-29,2026-09-03,16,児島,一般,１１６　２１４２３１[２],2026-08-16,2026-08-19,14,鳴門,一般,４２５３２　１２,2026-08-07,2026-08-11,15,丸亀,一般,４４１１３４１１[５],4061,萩原 秀人,2026-09-25,2026-09-30,05,多摩川,一般,２６２　４４３１２５１２,2026-09-16,2026-09-21,13,尼崎,一般,３２１２１　２２２１[１],2026-09-03,2026-09-08,10,三国,一般,２２１５３　１４１６４２,2026-08-25,2026-08-30,01,桐生,ＳＧ,３　５４１　２５５１２,2026-08-14,2026-08-19,10,三国,一般,３３１１１４１　１３１１,5043,中村 日向,2026-09-22,2026-09-27,20,若松,ＧⅠ,１１３　２　５３６　２３,2026-09-11,2026-09-16,12,住之江,一般,２２６　１１１３２３２２,2026-08-29,2026-09-03,16,児島,一般,２６２１４　１２１５１１,2026-08-17,2026-08-21,15,丸亀,一般,３１１１２１４１[３],2026-08-03,2026-08-08,17,宮島,一般,５６５４２１１　２６１６,4504,前田 将太,2026-09-16,2026-09-21,05,多摩川,ＧⅠ,６　３２４　３５５３２,2026-09-07,2026-09-12,24,大村,ＧⅠ,妨,2026-08-21,2026-08-26,03,江戸川,一般,２　１２３１１　４１[３],2026-08-12,2026-08-17,22,福岡,一般,１２２　１２２３１１[４],2026-08-03,2026-08-08,04,平和島,ＧⅢ,６３４１２３４　３４２２
202610081010,2026-10-08,10,10R,5084,末永 和也,2026-09-24,2026-09-29,13,尼崎,一般,１６５　２４２１２３３１,2026-09-12,2026-09-17,18,徳山,ＧⅠ,転３２　１４３　２１落,2026-09-03,2026-09-08,09,津,ＧⅠ,４　５４１　２３２　[３],2026-08-25,2026-08-30,17,宮島,一般,１４１２１３２　５１[３],2026-05-15,2026-05-20,21,芦屋,ＧⅠ,２６６　５　５３１３２,4013,中島 孝平,2026-09-22,2026-09-27,11,びわこ,ＧⅢ,４２４２２１１　３２[５],2026-09-12,2026-09-17,18,徳山,ＧⅠ,３１４　３　４６３１５,2026-09-03,2026-09-08,09,津,ＧⅠ,５　６　４３４３５１４,2026-08-25,2026-08-30,01,桐生,ＳＧ,２４４　３　１５５　３６,2026-08-14,2026-08-19,10,三国,一般,４１２４１　２１３１[１],4075,中野 次郎,2026-09-16,2026-09-21,05,多摩川,ＧⅠ,５　１５５　１３６６５,2026-09-07,2026-09-12,24,大村,ＧⅠ,３　１３６３４　４６６３,2026-08-30,2026-09-02,21,芦屋,一般,１５４２１３５１,2026-08-20,2026-08-23,04,平和島,一般,４１１１２３[１],2026-08-09,2026-08-15,03,江戸川,一般,３５１　５１２　３　[２],4566,塩田 北斗,2026-09-24,2026-09-29,19,下関,一般,４１１　１１４１６４２５,2026-09-12,2026-09-17,18,徳山,ＧⅠ,４　１　４４３　５１５２,2026-09-03,2026-09-08,09,津,ＧⅠ,３　１　３６２　６　５３,2026-08-24,2026-08-29,13,尼崎,一般,４２２　４３４２２１３１,2026-08-12,2026-08-17,22,福岡,一般,５５エ欠,4848,仲谷 颯仁,2026-09-21,2026-09-28,09,津,一般,　　２２１４２２２１２２[２],2026-09-09,2026-09-14,21,芦屋,一般,２１２２１２１　３１[２],2026-08-25,2026-08-30,01,桐生,ＳＧ,１３６　２　４６６　３,2026-08-17,2026-08-21,13,尼崎,一般,２６２２２１１３１４,2026-08-07,2026-08-12,20,若松,一般,３１３１３１２　３１[２],4188,久田 敏之,2026-09-16,2026-09-21,05,多摩川,ＧⅠ,５３１１３　３　３　３１,2026-09-07,2026-09-12,24,大村,ＧⅠ,３１４　３２１　３　２１,2026-08-25,2026-08-30,01,桐生,ＳＧ,６　４１４　１２６　１４,2026-08-11,2026-08-16,01,桐生,一般,１２１１１　２２１　[２],2026-08-03,2026-08-08,04,平和島,ＧⅢ,３１１　４１１１３１[５]
202610081011,2026-10-08,10,11R,4547,中田 竜太,2026-09-12,2026-09-17,18,徳山,ＧⅠ,２　１５３　６　１１２５,2026-09-03,2026-09-08,09,津,ＧⅠ,１　６２６　４　１２５５,2026-08-25,2026-08-30,01,桐生,ＳＧ,５　６　１１４　１３６１,2026-08-12,2026-08-17,02,戸田,一般,１転４　２２３１３　２４,2026-07-28,2026-08-02,11,びわこ,ＳＧ,６　５　６５４　５欠,4019,笠原 亮,2026-09-17,2026-09-22,16,児島,一般,４１２　１３２４５２[１],2026-09-05,2026-09-10,01,桐生,一般,３　１１４２１１４２[３],2026-08-24,2026-08-28,15,丸亀,一般,４２２４２１４３４１,2026-07-29,2026-08-03,22,福岡,一般,２４３２６２２　３４２２,2026-07-15,2026-07-20,18,徳山,一般,２１２　５３２１不１[３],4719,上條 暢嵩,2026-09-16,2026-09-21,05,多摩川,ＧⅠ,２１３　６　４５１３４４,2026-09-07,2026-09-12,24,大村,ＧⅠ,６　３２１　４４４　１５,2026-08-25,2026-08-30,01,桐生,ＳＧ,５　４２１　２３５　１３,2026-08-13,2026-08-18,12,住之江,一般,１　４１２３１２１１[２],2026-07-28,2026-08-02,11,びわこ,ＳＧ,１５３　５　４１６１４,3897,白井 英治,2026-09-12,2026-09-17,18,徳山,ＧⅠ,１　１２３１４　１　[１],2026-09-03,2026-09-08,09,津,ＧⅠ,４２３　５　２１３　５１,2026-08-25,2026-08-30,01,桐生,ＳＧ,４２４　３　転３,2026-08-15,2026-08-20,18,徳山,一般,１１２４１　２１１１[１],2026-07-28,2026-08-02,11,びわこ,ＳＧ,４　５１２３３　３　２１,4532,秋元 哲,2026-09-22,2026-09-27,08,常滑,一般,１１３２１４４２４３２１,2026-09-12,2026-09-17,09,津,一般,４１４２２　２１６２[３],2026-08-28,2026-09-02,05,多摩川,ＧⅢ,２２２　２１２２４３３１,2026-08-12,2026-08-17,02,戸田,一般,３１１　妨２３４２２１,2026-08-03,2026-08-08,04,平和島,ＧⅢ,４　５２４６４６２　２１,4391,松田 祐季,2026-09-22,2026-09-27,22,福岡,一般,４２１　３５２２４１[２],2026-09-12,2026-09-17,18,徳山,ＧⅠ,２　４　１５５　４２２,2026-09-03,2026-09-08,09,津,ＧⅠ,６　４　３５１　５６４,2026-08-24,2026-08-28,15,丸亀,一般,５１３３１１１２[２],2026-08-14,2026-08-19,10,三国,一般,１２２３２１１　３２[５]
202610081012,2026-10-08,10,12R,4238,毒島 誠,2026-09-16,2026-09-21,05,多摩川,ＧⅠ,１　６４３２５　３２４３,2026-09-07,2026-09-12,24,大村,ＧⅠ,１　３２４　４２１　[２],2026-08-25,2026-08-30,01,桐生,ＳＧ,１　３２２２２　１　[２],2026-08-11,2026-08-16,01,桐生,一般,１５２　２２１１１　[１],2026-07-27,2026-07-31,19,下関,一般,４１１２３１１３３１,4477,篠崎 仁志,2026-09-24,2026-09-29,19,下関,一般,５１３　１１２５,2026-09-16,2026-09-20,23,からつ,一般,４欠,2026-09-03,2026-09-08,09,津,ＧⅠ,１６４　４　３５１４６,2026-08-25,2026-08-30,01,桐生,ＳＧ,１　４４２　３　３　５２,2026-08-10,2026-08-15,21,芦屋,一般,５２２１６　１１３２[５],4500,山田 康二,2026-09-26,2026-09-30,02,戸田,一般,２３１１３１１１[F],2026-09-16,2026-09-21,05,多摩川,ＧⅠ,４６１　２３１　３　３１,2026-09-07,2026-09-12,24,大村,ＧⅠ,５　５１１４２　２　[５],2026-08-09,2026-08-14,23,からつ,一般,１２２　１２１２１１[３],2026-07-27,2026-08-01,09,津,一般,１１３１,3716,石渡 鉄兵,2026-09-16,2026-09-21,05,多摩川,ＧⅠ,５２５　１　５３６５５,2026-09-07,2026-09-12,24,大村,ＧⅠ,４　１３２　６２５　１３,2026-08-25,2026-08-30,01,桐生,ＳＧ,３　２　３５４　１５４３,2026-08-09,2026-08-15,03,江戸川,一般,１　１６２　３１５　４４,2026-07-28,2026-08-02,11,びわこ,ＳＧ,３３４　３　６５４　６,4832,権藤 俊光,2026-09-26,2026-09-30,02,戸田,一般,１４１３３５２　１１,2026-09-17,2026-09-21,15,丸亀,一般,３２３３３１１２[４],2026-09-09,2026-09-13,17,宮島,一般,２５３１１１１６３２,2026-08-28,2026-09-02,05,多摩川,ＧⅢ,５　３３１３１４１２[５],2026-08-13,2026-08-18,12,住之江,一般,６　１３２　２２１２[３],4290,稲田 浩二,2026-09-24,2026-09-29,19,下関,一般,５３１１１　１２３１[１],2026-09-15,2026-09-20,14,鳴門,一般,１６１１２１３　３１[１],2026-08-22,2026-08-26,20,若松,一般,３３３　１１４５１５,2026-08-09,2026-08-14,13,尼崎,一般,１４５　３３３２４　４４,2026-07-28,2026-08-02,11,びわこ,ＳＧ,４　２６４　５　４２５
202610081101,2026-10-08,11,01R,4588,田中 京介,2026-09-22,2026-09-27,08,常滑,一般,４　３６２　４３２１１５,2026-09-11,2026-09-15,06,浜名湖,一般,２　２６２３３２１６,2026-08-29,2026-09-03,19,下関,一般,３４２　３５１　６６１４,2026-08-17,2026-08-21,13,尼崎,一般,３　６１２４３６１５,2026-08-06,2026-08-10,24,大村,一般,２１３６５　２４１４,4090,中村 尊,2026-09-21,2026-09-26,18,徳山,一般,５　６１４　２４２　５２,2026-09-05,2026-09-10,04,平和島,一般,１３１　２４３　４６２４,2026-08-27,2026-09-01,07,蒲郡,一般,３２１　１３３５４２[４],2026-08-16,2026-08-19,14,鳴門,一般,３１２２３６４６,2026-07-18,2026-07-21,04,平和島,一般,２２,4489,岩川 仁士,2026-09-22,2026-09-27,11,びわこ,ＧⅢ,４　４３６　６３５　３２,2026-09-03,2026-09-08,10,三国,一般,２　２５３６３　５３３,2026-08-24,2026-08-28,15,丸亀,一般,４　６５４　３４３,2026-08-13,2026-08-18,12,住之江,一般,６６２４３　５　４　４４,2026-07-27,2026-08-01,09,津,一般,６　５１,4146,柳橋 宏紀,2026-09-22,2026-09-27,08,常滑,一般,４６１６５　１５４　２,2026-09-09,2026-09-13,05,多摩川,一般,４　５１３５６　３４,2026-08-28,2026-08-31,23,からつ,一般,６２１４転欠,2026-08-15,2026-08-20,11,びわこ,一般,５　４６２４５５５　４２,2026-08-05,2026-08-10,09,津,一般,１　４５２６６　６５１,4564,山本 景士郎,2026-09-18,2026-09-24,02,戸田,一般,５５６　４　２３２４４５,2026-09-12,2026-09-15,10,三国,一般,４５５　６　６１,2026-09-02,2026-09-06,17,宮島,一般,４　２４６２５３１４,2026-08-20,2026-08-23,23,からつ,一般,１　３５２６１６,2026-08-05,2026-08-10,14,鳴門,一般,２３４４２　３３２６３４,5403,藤山 湧太,2026-09-15,2026-09-20,14,鳴門,一般,４転６　５５５　３５２,2026-08-07,2026-08-11,15,丸亀,一般,６５２　６　４５６１,2026-07-22,2026-07-27,14,鳴門,一般,　　　　　　　　　　６４,2026-07-09,2026-07-13,14,鳴門,一般,３　５５４　５４４３,2026-06-20,2026-06-25,15,丸亀,一般,６５２　４４６　６　３３
202610081102,2026-10-08,11,02R,4066,東本 勝利,2026-09-22,2026-09-27,22,福岡,一般,２４１　２４２３１４２１,2026-09-11,2026-09-15,06,浜名湖,一般,３１５２６　２６１３,2026-08-30,2026-09-03,08,常滑,一般,２２４　２３１３２４,2026-08-20,2026-08-23,02,戸田,一般,２１４　１３[１],2026-08-11,2026-08-16,07,蒲郡,一般,２６３　３５４　５４４,3370,坪内 実,2026-09-18,2026-09-23,03,江戸川,一般,３　２３３　３６１２,2026-08-17,2026-08-21,13,尼崎,一般,５　２６６　６６２,2026-08-03,2026-08-08,17,宮島,一般,２４６　６５５　６４５６,2026-07-21,2026-07-26,23,からつ,一般,３６５　２４３　２　３４,2026-07-09,2026-07-13,14,鳴門,一般,６　３６４　３５２６,3315,広瀬 聖仁,2026-09-17,2026-09-21,15,丸亀,一般,６６３　６　６欠,2026-08-31,2026-09-05,20,若松,ＧⅢ,６３５　２６３　４　５４,2026-08-20,2026-08-23,24,大村,一般,３１６　２６落欠,2026-08-10,2026-08-15,08,常滑,一般,３　２４１　５６３５５１,2026-07-31,2026-08-05,06,浜名湖,ＧⅢ,６６５　６４,4905,土井 祥伍,2026-09-18,2026-09-23,12,住之江,一般,１　６４３　２３４　２５,2026-09-02,2026-09-07,22,福岡,一般,５６１　３３５４１　５,2026-08-20,2026-08-23,23,からつ,一般,５　６５５,2026-08-13,2026-08-18,12,住之江,一般,５６５　３５１　２　２２,2026-08-04,2026-08-09,10,三国,一般,１　５６４１３　５２５１,3850,小川 知行,2026-09-22,2026-09-27,08,常滑,一般,６　１４３　５６３　１１,2026-09-05,2026-09-11,03,江戸川,一般,４１３　３４１３６　２３,2026-08-22,2026-08-27,22,福岡,一般,１　４６４４５　５３３,2026-08-11,2026-08-16,01,桐生,一般,３４４　５　１５３２５,2026-07-31,2026-08-05,05,多摩川,一般,５６４　５６１　６　２３,5382,山下 心一,2026-09-17,2026-09-21,15,丸亀,一般,　　　　　　　　６６,2026-09-09,2026-09-15,20,若松,一般,５５４　４　６４６　５　３５,2026-08-23,2026-08-27,18,徳山,一般,５　６６６６５　５５,2026-08-10,2026-08-15,21,芦屋,一般,６　４６６　６６５　６６,2026-07-29,2026-08-03,22,福岡,一般,　　　　　　　　　　４５
202610081103,2026-10-08,11,03R,4033,伊藤 将吉,2026-09-22,2026-09-27,08,常滑,一般,３　１２１３１６１２[３],2026-09-05,2026-09-10,01,桐生,一般,１　５５３　１６１３２３,2026-08-22,2026-08-27,22,福岡,一般,３　２５２３４１１４１２,2026-08-11,2026-08-16,06,浜名湖,一般,３６１　４４６　６１４４,2026-08-03,2026-08-08,04,平和島,ＧⅢ,２５,4603,谷川 将太,2026-09-18,2026-09-23,12,住之江,一般,２４２　１２５３３６２２,2026-09-04,2026-09-08,07,蒲郡,一般,１　６５３２３　１６,2026-08-20,2026-08-23,24,大村,一般,１６１　１５１４,2026-08-07,2026-08-11,15,丸亀,一般,１　５２２６２　１２,2026-07-28,2026-07-31,24,大村,一般,６　１１５３１１,3889,須藤 隆雄,2026-09-18,2026-09-24,02,戸田,一般,５　４５５　５,2026-09-01,2026-09-06,12,住之江,一般,２　５３４　３５４　５２,2026-08-15,2026-08-20,05,多摩川,一般,１　６５３転４　５　５,2026-08-04,2026-08-09,10,三国,一般,２　６５５６５　５　６４,2026-07-23,2026-07-27,01,桐生,一般,２　２６４２５６４５,3627,井上 恵一,2026-09-21,2026-09-28,09,津,一般,　　３６６　５４６　５２２,2026-09-11,2026-09-15,06,浜名湖,一般,４２２　３６２６４５,2026-08-27,2026-09-01,07,蒲郡,一般,５　６５５　４１４２５,2026-08-12,2026-08-17,22,福岡,一般,３５５５４　４６５　６１,2026-08-02,2026-08-05,21,芦屋,一般,２　６６６　１４,4382,高山 智至,2026-09-21,2026-09-28,09,津,一般,３　１　５６４　５５４　２４,2026-09-07,2026-09-12,16,児島,一般,４　２３６　３１５４４４,2026-08-24,2026-08-29,13,尼崎,一般,４３２　１５３　１４２５,2026-08-15,2026-08-20,11,びわこ,一般,４　５４６　４５３　３６,2026-07-29,2026-08-03,22,福岡,一般,４５３　４６５　２５４３,5430,鳥本 智史,2026-09-05,2026-09-10,01,桐生,一般,６　６５６　６５６　６６,2026-08-20,2026-08-23,02,戸田,一般,６　６６３５４,2026-08-05,2026-08-10,09,津,一般,６　６６６　４６６　６４,2026-05-29,2026-06-03,11,びわこ,一般,転　F６６　６　６　６,2026-04-30,2026-05-06,09,津,一般,６　６　６６６　６　６６
202610081104,2026-10-08,11,04R,4189,川上 剛,2026-09-19,2026-09-24,06,浜名湖,一般,２３４４２１５５１６３５,2026-09-05,2026-09-11,03,江戸川,一般,１　１４３５不　３５３,2026-08-27,2026-08-31,04,平和島,一般,３６５１４３２　３１,2026-08-20,2026-08-23,02,戸田,一般,１４１２３１[４],2026-08-10,2026-08-15,21,芦屋,一般,４　３２２５１４１４１４,3629,浅見 昌克,2026-09-22,2026-09-27,22,福岡,一般,１２５　２５３５１５４４,2026-09-12,2026-09-17,09,津,一般,４　２４１　１５３３３１,2026-08-31,2026-09-05,20,若松,ＧⅢ,５３６２１　１５３４２６,2026-08-20,2026-08-25,21,芦屋,一般,４２３６６　２６６　５４,2026-05-14,2026-05-18,10,三国,一般,１３５５３　４　３２,4740,齋藤 達希,2026-08-28,2026-09-02,05,多摩川,ＧⅢ,５５６　１　５６４　４２,2026-08-11,2026-08-16,06,浜名湖,一般,６５５　１５３　４　６６,2026-07-24,2026-07-27,02,戸田,一般,４１２　５２３４,2026-07-11,2026-07-16,03,江戸川,一般,４３５　５５４　６３３,2026-07-02,2026-07-07,04,平和島,一般,３６６　５　２５６　５１,5400,高村 諒,2026-09-19,2026-09-24,06,浜名湖,一般,６　４３４　１５５　５エ,2026-08-31,2026-09-05,18,徳山,一般,５６５　３　４４４　４５,2026-08-15,2026-08-20,11,びわこ,一般,６　３５６　４６４　４５,2026-07-24,2026-07-27,12,住之江,一般,３　６４５　４６,2026-07-16,2026-07-21,11,びわこ,一般,　　　　　　５５５　４２,4079,出畑 孝典,2026-09-21,2026-09-26,18,徳山,一般,１５４　３２１３２６１６,2026-09-07,2026-09-11,13,尼崎,一般,２　１６１６６６３６,2026-08-24,2026-08-28,15,丸亀,一般,１　５２４３４４１２,2026-08-12,2026-08-17,22,福岡,一般,５５３５１１４　１６２６,2026-08-03,2026-08-08,19,下関,一般,１　４４２２１　１３４１,4340,土性 雅也,2026-09-26,2026-09-30,02,戸田,一般,６　６３４　１３３２,2026-09-03,2026-09-08,10,三国,一般,６６２　５　３６３　４５,2026-08-17,2026-08-21,13,尼崎,一般,６　６　４６４６６,2026-07-31,2026-08-05,05,多摩川,一般,６　５２６５５　６　６２,2026-07-27,2026-08-01,09,津,一般,３　３５
202610081105,2026-10-08,11,05R,3966,作間 章,2026-09-24,2026-09-29,13,尼崎,一般,２３２２５　３３２３１２,2026-09-02,2026-09-07,22,福岡,一般,１　４５２１５３３５１４,2026-08-22,2026-08-27,08,常滑,ＧⅢ,４５１　２５２１６６３４,2026-08-11,2026-08-16,04,平和島,一般,３５２　５４５１２　２２,2026-07-28,2026-08-02,15,丸亀,一般,３　４３３２４　３４５１,3233,小畑 実成,2026-09-17,2026-09-21,15,丸亀,一般,１　５５２４４　３５,2026-09-01,2026-09-05,13,尼崎,一般,２４１　５５４　４４,2026-08-21,2026-08-26,06,浜名湖,一般,４　２６３２５　６６１３,2026-07-15,2026-07-20,18,徳山,一般,１　１４２　５４４１[４],2026-07-02,2026-07-07,04,平和島,一般,６　４４４　３４６　２３,3922,菅沼 佳昭,2026-09-17,2026-09-21,15,丸亀,一般,５　５５６　２６１５,2026-08-27,2026-09-01,07,蒲郡,一般,４５３　３４６　５　４２,2026-08-15,2026-08-20,05,多摩川,一般,６５６　６４６　６　１,2026-08-02,2026-08-05,21,芦屋,一般,４６４　５　５４,2026-07-18,2026-07-22,10,三国,一般,６２６　２　５１４３,4375,照屋 厚仁,2026-09-21,2026-09-26,18,徳山,一般,３１３　２５６１１５６４,2026-09-11,2026-09-16,12,住之江,一般,６３５　６６１　２　３,2026-08-30,2026-09-03,08,常滑,一般,１　１２１３５１[２],2026-08-20,2026-08-23,23,からつ,一般,２４３４６　１２,2026-08-09,2026-08-14,13,尼崎,一般,４　４１１　６４１４２３,3805,高橋 英之,2026-09-12,2026-09-15,10,三国,一般,４２２　４５４３,2026-08-28,2026-09-02,05,多摩川,ＧⅢ,３２５　３３３　４エ４６,2026-08-11,2026-08-16,01,桐生,一般,３１２　２　４５４　３３,2026-07-29,2026-08-03,23,からつ,一般,３　４２２４５　２５４１,2026-07-14,2026-07-19,21,芦屋,一般,２３５　４２１　４６２５,5463,出口 飛龍,2026-09-11,2026-09-15,06,浜名湖,一般,４　６６６４６　６６,2026-08-24,2026-08-29,13,尼崎,一般,５　６６６　５６６　６,2026-08-13,2026-08-18,12,住之江,一般,６　４６６　６　６　５５,2026-07-15,2026-07-20,18,徳山,一般,６　６　６５６６６６６,2026-06-28,2026-07-01,10,三国,一般,６　６６６６６
202610081106,2026-10-08,11,06R,5126,山下 大輝,2026-09-11,2026-09-14,02,戸田,一般,５５１６１２５１,2026-08-29,2026-09-03,16,児島,一般,４６,2026-08-20,2026-08-23,24,大村,一般,１４２５２２[３],2026-08-09,2026-08-14,13,尼崎,一般,１　１４３２１　５　１３,2026-07-23,2026-07-27,01,桐生,一般,２３２３１　５１[６],3850,小川 知行,2026-09-22,2026-09-27,08,常滑,一般,６　１４３　５６３　１１,2026-09-05,2026-09-11,03,江戸川,一般,４１３　３４１３６　２３,2026-08-22,2026-08-27,22,福岡,一般,１　４６４４５　５３３,2026-08-11,2026-08-16,01,桐生,一般,３４４　５　１５３２５,2026-07-31,2026-08-05,05,多摩川,一般,５６４　５６１　６　２３,3719,辻 栄蔵,2026-09-07,2026-09-12,24,大村,ＧⅠ,６　１　４６F　２　４,2026-08-29,2026-09-03,19,下関,一般,２３４１４　１３２３３１,2026-08-14,2026-08-19,17,宮島,一般,１２１１６　１３３１[５],2026-07-28,2026-08-02,11,びわこ,ＳＧ,１　４５４　４　５６５,2026-07-13,2026-07-18,07,蒲郡,ＧⅡ,４５３　４１４　４３１,5403,藤山 湧太,2026-09-15,2026-09-20,14,鳴門,一般,４転６　５５５　３５２,2026-08-07,2026-08-11,15,丸亀,一般,６５２　６　４５６１,2026-07-22,2026-07-27,14,鳴門,一般,　　　　　　　　　　６４,2026-07-09,2026-07-13,14,鳴門,一般,３　５５４　５４４３,2026-06-20,2026-06-25,15,丸亀,一般,６５２　４４６　６　３３,4489,岩川 仁士,2026-09-22,2026-09-27,11,びわこ,ＧⅢ,４　４３６　６３５　３２,2026-09-03,2026-09-08,10,三国,一般,２　２５３６３　５３３,2026-08-24,2026-08-28,15,丸亀,一般,４　６５４　３４３,2026-08-13,2026-08-18,12,住之江,一般,６６２４３　５　４　４４,2026-07-27,2026-08-01,09,津,一般,６　５１,5147,田中 勇輔,2026-09-17,2026-09-20,24,大村,一般,５４６５４　１,2026-09-01,2026-09-06,12,住之江,一般,５６３　２１５　６３３,2026-08-17,2026-08-21,13,尼崎,一般,欠欠,2026-08-02,2026-08-05,21,芦屋,一般,６　４６５　４４,2026-06-20,2026-06-25,15,丸亀,一般,５５２　４３２　３４５
202610081107,2026-10-08,11,07R,4241,大串 重幸,2026-09-20,2026-09-25,10,三国,一般,２５３　１６３　５１２２,2026-09-09,2026-09-13,17,宮島,一般,５４５４１　５　４２,2026-08-27,2026-08-31,04,平和島,一般,２３１３２　３２[６],2026-08-17,2026-08-20,20,若松,一般,５３２　２５３１,2026-08-06,2026-08-10,24,大村,一般,４５２　４６４１２１,4564,山本 景士郎,2026-09-18,2026-09-24,02,戸田,一般,５５６　４　２３２４４５,2026-09-12,2026-09-15,10,三国,一般,４５５　６　６１,2026-09-02,2026-09-06,17,宮島,一般,４　２４６２５３１４,2026-08-20,2026-08-23,23,からつ,一般,１　３５２６１６,2026-08-05,2026-08-10,14,鳴門,一般,２３４４２　３３２６３４,4090,中村 尊,2026-09-21,2026-09-26,18,徳山,一般,５　６１４　２４２　５２,2026-09-05,2026-09-10,04,平和島,一般,１３１　２４３　４６２４,2026-08-27,2026-09-01,07,蒲郡,一般,３２１　１３３５４２[４],2026-08-16,2026-08-19,14,鳴門,一般,３１２２３６４６,2026-07-18,2026-07-21,04,平和島,一般,２２,3315,広瀬 聖仁,2026-09-17,2026-09-21,15,丸亀,一般,６６３　６　６欠,2026-08-31,2026-09-05,20,若松,ＧⅢ,６３５　２６３　４　５４,2026-08-20,2026-08-23,24,大村,一般,３１６　２６落欠,2026-08-10,2026-08-15,08,常滑,一般,３　２４１　５６３５５１,2026-07-31,2026-08-05,06,浜名湖,ＧⅢ,６６５　６４,3889,須藤 隆雄,2026-09-18,2026-09-24,02,戸田,一般,５　４５５　５,2026-09-01,2026-09-06,12,住之江,一般,２　５３４　３５４　５２,2026-08-15,2026-08-20,05,多摩川,一般,１　６５３転４　５　５,2026-08-04,2026-08-09,10,三国,一般,２　６５５６５　５　６４,2026-07-23,2026-07-27,01,桐生,一般,２　２６４２５６４５,5127,沼田 大都,2026-09-16,2026-09-20,23,からつ,一般,３５４１６　４２１４,2026-08-31,2026-09-05,18,徳山,一般,転５５　４５３　５６４,2026-08-19,2026-08-24,19,下関,一般,２２４　６　３６６６３,2026-07-30,2026-08-04,08,常滑,一般,３５５　６４３　２　５３,2026-07-22,2026-07-26,13,尼崎,一般,５　５４２　５３５２
202610081108,2026-10-08,11,08R,5400,高村 諒,2026-09-19,2026-09-24,06,浜名湖,一般,６　４３４　１５５　５エ,2026-08-31,2026-09-05,18,徳山,一般,５６５　３　４４４　４５,2026-08-15,2026-08-20,11,びわこ,一般,６　３５６　４６４　４５,2026-07-24,2026-07-27,12,住之江,一般,３　６４５　４６,2026-07-16,2026-07-21,11,びわこ,一般,　　　　　　５５５　４２,4740,齋藤 達希,2026-08-28,2026-09-02,05,多摩川,ＧⅢ,５５６　１　５６４　４２,2026-08-11,2026-08-16,06,浜名湖,一般,６５５　１５３　４　６６,2026-07-24,2026-07-27,02,戸田,一般,４１２　５２３４,2026-07-11,2026-07-16,03,江戸川,一般,４３５　５５４　６３３,2026-07-02,2026-07-07,04,平和島,一般,３６６　５　２５６　５１,5382,山下 心一,2026-09-17,2026-09-21,15,丸亀,一般,　　　　　　　　６６,2026-09-09,2026-09-15,20,若松,一般,５５４　４　６４６　５　３５,2026-08-23,2026-08-27,18,徳山,一般,５　６６６６５　５５,2026-08-10,2026-08-15,21,芦屋,一般,６　４６６　６６５　６６,2026-07-29,2026-08-03,22,福岡,一般,　　　　　　　　　　４５,3339,泉 具巳,2026-09-17,2026-09-21,15,丸亀,一般,２４６　１６１　２３,2026-09-01,2026-09-04,24,大村,一般,１３６　１４４２,2026-08-20,2026-08-23,04,平和島,一般,６　６１５　６６,2026-07-31,2026-08-05,05,多摩川,一般,５４４　４　６６１　３２,2026-07-18,2026-07-22,10,三国,一般,５４２　５　４６４,3627,井上 恵一,2026-09-21,2026-09-28,09,津,一般,　　３６６　５４６　５２２,2026-09-11,2026-09-15,06,浜名湖,一般,４２２　３６２６４５,2026-08-27,2026-09-01,07,蒲郡,一般,５　６５５　４１４２５,2026-08-12,2026-08-17,22,福岡,一般,３５５５４　４６５　６１,2026-08-02,2026-08-05,21,芦屋,一般,２　６６６　１４,4641,磯村 匠,2026-09-16,2026-09-21,13,尼崎,一般,４２３　４２５　４４４２,2026-06-11,2026-06-16,10,三国,一般,６　４４５　５５６　３,2026-05-25,2026-05-30,17,宮島,一般,５　３転F　５　５　４,2026-05-09,2026-05-12,20,若松,一般,５４６　F　５,2026-04-26,2026-05-01,03,江戸川,一般,４　４５５　２２２３２
202610081109,2026-10-08,11,09R,4146,柳橋 宏紀,2026-09-22,2026-09-27,08,常滑,一般,４６１６５　１５４　２,2026-09-09,2026-09-13,05,多摩川,一般,４　５１３５６　３４,2026-08-28,2026-08-31,23,からつ,一般,６２１４転欠,2026-08-15,2026-08-20,11,びわこ,一般,５　４６２４５５５　４２,2026-08-05,2026-08-10,09,津,一般,１　４５２６６　６５１,3922,菅沼 佳昭,2026-09-17,2026-09-21,15,丸亀,一般,５　５５６　２６１５,2026-08-27,2026-09-01,07,蒲郡,一般,４５３　３４６　５　４２,2026-08-15,2026-08-20,05,多摩川,一般,６５６　６４６　６　１,2026-08-02,2026-08-05,21,芦屋,一般,４６４　５　５４,2026-07-18,2026-07-22,10,三国,一般,６２６　２　５１４３,3370,坪内 実,2026-09-18,2026-09-23,03,江戸川,一般,３　２３３　３６１２,2026-08-17,2026-08-21,13,尼崎,一般,５　２６６　６６２,2026-08-03,2026-08-08,17,宮島,一般,２４６　６５５　６４５６,2026-07-21,2026-07-26,23,からつ,一般,３６５　２４３　２　３４,2026-07-09,2026-07-13,14,鳴門,一般,６　３６４　３５２６,4079,出畑 孝典,2026-09-21,2026-09-26,18,徳山,一般,１５４　３２１３２６１６,2026-09-07,2026-09-11,13,尼崎,一般,２　１６１６６６３６,2026-08-24,2026-08-28,15,丸亀,一般,１　５２４３４４１２,2026-08-12,2026-08-17,22,福岡,一般,５５３５１１４　１６２６,2026-08-03,2026-08-08,19,下関,一般,１　４４２２１　１３４１,3233,小畑 実成,2026-09-17,2026-09-21,15,丸亀,一般,１　５５２４４　３５,2026-09-01,2026-09-05,13,尼崎,一般,２４１　５５４　４４,2026-08-21,2026-08-26,06,浜名湖,一般,４　２６３２５　６６１３,2026-07-15,2026-07-20,18,徳山,一般,１　１４２　５４４１[４],2026-07-02,2026-07-07,04,平和島,一般,６　４４４　３４６　２３,5430,鳥本 智史,2026-09-05,2026-09-10,01,桐生,一般,６　６５６　６５６　６６,2026-08-20,2026-08-23,02,戸田,一般,６　６６３５４,2026-08-05,2026-08-10,09,津,一般,６　６６６　４６６　６４,2026-05-29,2026-06-03,11,びわこ,一般,転　F６６　６　６　６,2026-04-30,2026-05-06,09,津,一般,６　６　６６６　６　６６
202610081110,2026-10-08,11,10R,4375,照屋 厚仁,2026-09-21,2026-09-26,18,徳山,一般,３１３　２５６１１５６４,2026-09-11,2026-09-16,12,住之江,一般,６３５　６６１　２　３,2026-08-30,2026-09-03,08,常滑,一般,１　１２１３５１[２],2026-08-20,2026-08-23,23,からつ,一般,２４３４６　１２,2026-08-09,2026-08-14,13,尼崎,一般,４　４１１　６４１４２３,5126,山下 大輝,2026-09-11,2026-09-14,02,戸田,一般,５５１６１２５１,2026-08-29,2026-09-03,16,児島,一般,４６,2026-08-20,2026-08-23,24,大村,一般,１４２５２２[３],2026-08-09,2026-08-14,13,尼崎,一般,１　１４３２１　５　１３,2026-07-23,2026-07-27,01,桐生,一般,２３２３１　５１[６],4189,川上 剛,2026-09-19,2026-09-24,06,浜名湖,一般,２３４４２１５５１６３５,2026-09-05,2026-09-11,03,江戸川,一般,１　１４３５不　３５３,2026-08-27,2026-08-31,04,平和島,一般,３６５１４３２　３１,2026-08-20,2026-08-23,02,戸田,一般,１４１２３１[４],2026-08-10,2026-08-15,21,芦屋,一般,４　３２２５１４１４１４,4588,田中 京介,2026-09-22,2026-09-27,08,常滑,一般,４　３６２　４３２１１５,2026-09-11,2026-09-15,06,浜名湖,一般,２　２６２３３２１６,2026-08-29,2026-09-03,19,下関,一般,３４２　３５１　６６１４,2026-08-17,2026-08-21,13,尼崎,一般,３　６１２４３６１５,2026-08-06,2026-08-10,24,大村,一般,２１３６５　２４１４,4905,土井 祥伍,2026-09-18,2026-09-23,12,住之江,一般,１　６４３　２３４　２５,2026-09-02,2026-09-07,22,福岡,一般,５６１　３３５４１　５,2026-08-20,2026-08-23,23,からつ,一般,５　６５５,2026-08-13,2026-08-18,12,住之江,一般,５６５　３５１　２　２２,2026-08-04,2026-08-09,10,三国,一般,１　５６４１３　５２５１,4033,伊藤 将吉,2026-09-22,2026-09-27,08,常滑,一般,３　１２１３１６１２[３],2026-09-05,2026-09-10,01,桐生,一般,１　５５３　１６１３２３,2026-08-22,2026-08-27,22,福岡,一般,３　２５２３４１１４１２,2026-08-11,2026-08-16,06,浜名湖,一般,３６１　４４６　６１４４,2026-08-03,2026-08-08,04,平和島,ＧⅢ,２５
202610081111,2026-10-08,11,11R,3719,辻 栄蔵,2026-09-07,2026-09-12,24,大村,ＧⅠ,６　１　４６F　２　４,2026-08-29,2026-09-03,19,下関,一般,２３４１４　１３２３３１,2026-08-14,2026-08-19,17,宮島,一般,１２１１６　１３３１[５],2026-07-28,2026-08-02,11,びわこ,ＳＧ,１　４５４　４　５６５,2026-07-13,2026-07-18,07,蒲郡,ＧⅡ,４５３　４１４　４３１,3966,作間 章,2026-09-24,2026-09-29,13,尼崎,一般,２３２２５　３３２３１２,2026-09-02,2026-09-07,22,福岡,一般,１　４５２１５３３５１４,2026-08-22,2026-08-27,08,常滑,ＧⅢ,４５１　２５２１６６３４,2026-08-11,2026-08-16,04,平和島,一般,３５２　５４５１２　２２,2026-07-28,2026-08-02,15,丸亀,一般,３　４３３２４　３４５１,4241,大串 重幸,2026-09-20,2026-09-25,10,三国,一般,２５３　１６３　５１２２,2026-09-09,2026-09-13,17,宮島,一般,５４５４１　５　４２,2026-08-27,2026-08-31,04,平和島,一般,２３１３２　３２[６],2026-08-17,2026-08-20,20,若松,一般,５３２　２５３１,2026-08-06,2026-08-10,24,大村,一般,４５２　４６４１２１,4603,谷川 将太,2026-09-18,2026-09-23,12,住之江,一般,２４２　１２５３３６２２,2026-09-04,2026-09-08,07,蒲郡,一般,１　６５３２３　１６,2026-08-20,2026-08-23,24,大村,一般,１６１　１５１４,2026-08-07,2026-08-11,15,丸亀,一般,１　５２２６２　１２,2026-07-28,2026-07-31,24,大村,一般,６　１１５３１１,4066,東本 勝利,2026-09-22,2026-09-27,22,福岡,一般,２４１　２４２３１４２１,2026-09-11,2026-09-15,06,浜名湖,一般,３１５２６　２６１３,2026-08-30,2026-09-03,08,常滑,一般,２２４　２３１３２４,2026-08-20,2026-08-23,02,戸田,一般,２１４　１３[１],2026-08-11,2026-08-16,07,蒲郡,一般,２６３　３５４　５４４,3629,浅見 昌克,2026-09-22,2026-09-27,22,福岡,一般,１２５　２５３５１５４４,2026-09-12,2026-09-17,09,津,一般,４　２４１　１５３３３１,2026-08-31,2026-09-05,20,若松,ＧⅢ,５３６２１　１５３４２６,2026-08-20,2026-08-25,21,芦屋,一般,４２３６６　２６６　５４,2026-05-14,2026-05-18,10,三国,一般,１３５５３　４　３２
202610081112,2026-10-08,11,12R,4743,木村 仁紀,2026-09-17,2026-09-20,24,大村,一般,２１４１１５４６,2026-09-03,2026-09-08,09,津,ＧⅠ,５　３　１３５　４２５３,2026-08-24,2026-08-28,15,丸亀,一般,２２３５１３４３５１,2026-08-15,2026-08-20,11,びわこ,一般,５５２５１２１　２３１４,2026-08-03,2026-08-08,17,宮島,一般,５４２５４２３　１　４３,4305,金子 拓矢,2026-09-12,2026-09-17,18,徳山,ＧⅠ,４６５　５６３　５４４,2026-09-03,2026-09-08,09,津,ＧⅠ,１５２　１３４　４　２２,2026-08-26,2026-08-30,14,鳴門,一般,１４１２１２２１[１],2026-08-15,2026-08-20,05,多摩川,一般,１４５５１１２　２３１１,2026-08-04,2026-08-09,12,住之江,一般,２２２　２１３１４２[３],3300,川崎 智幸,2026-09-22,2026-09-27,22,福岡,一般,１３１　１４２５４５２２,2026-09-11,2026-09-16,12,住之江,一般,５　４６１　３６６２４,2026-08-29,2026-09-03,16,児島,一般,４　４１３２２４２３１６,2026-08-14,2026-08-19,17,宮島,一般,４　４２４６３５３　５３,2026-07-05,2026-07-09,05,多摩川,一般,３５３　４２１　２１,4649,和田 操拓,2026-09-22,2026-09-27,22,福岡,一般,４６４　４　４１４１３３,2026-09-11,2026-09-14,02,戸田,一般,６　５４２　１１,2026-08-28,2026-09-02,05,多摩川,ＧⅢ,１４１　１　２５２３転３,2026-08-15,2026-08-20,11,びわこ,一般,３３１　３５３３４５１６,2026-08-05,2026-08-10,09,津,一般,３２１　３５３４２５１３,4437,中田 元泰,2026-09-22,2026-09-27,08,常滑,一般,１１１　４１２転１６１５,2026-09-09,2026-09-14,21,芦屋,一般,５２１　２５４３３３２１,2026-08-27,2026-08-31,04,平和島,一般,２５１　３３４３[５],2026-08-17,2026-08-21,15,丸亀,一般,１４３４３２１３１４,2026-08-03,2026-08-08,19,下関,一般,３３２　１５１　１４２２,5242,高山 弘斗,2026-09-15,2026-09-20,14,鳴門,一般,５６５　６　４４６　２５,2026-09-01,2026-09-04,24,大村,一般,２　転５５　２３,2026-08-15,2026-08-20,05,多摩川,一般,５２３　５　３５３　３,2026-07-10,2026-07-13,19,下関,一般,４６４　６　３６,2026-06-27,2026-07-01,02,戸田,一般,５６６　１　５３６１
202610081401,2026-10-08,14,01R,4607,鶴田 勇雄,2026-09-22,2026-09-27,22,福岡,一般,４６２２１３３　６３２３,2026-09-13,2026-09-18,11,びわこ,一般,２１３　３６４６６　３３,2026-08-29,2026-09-03,16,児島,一般,６２４　６２５１１　４４,2026-08-19,2026-08-24,19,下関,一般,４　４１１６６　４２５３,2026-08-07,2026-08-12,20,若松,一般,３６６５２　４４１２３,3519,冨田 秀幸,2026-09-21,2026-09-26,18,徳山,一般,４　４３１　３５４　４５,2026-09-09,2026-09-13,05,多摩川,一般,４　６４５　４３２２,2026-08-25,2026-08-30,17,宮島,一般,６　５４５　６４２２５４,2026-08-11,2026-08-16,07,蒲郡,一般,４　２６３４５　５４３,2026-07-25,2026-07-29,20,若松,一般,１５３５６　５　２１,3992,関口 智久,2026-09-16,2026-09-21,13,尼崎,一般,４１３　４５３　３３３５,2026-09-03,2026-09-06,02,戸田,一般,２３１５３　１２,2026-08-22,2026-08-26,20,若松,一般,５　６６１６６　６４,2026-08-11,2026-08-16,04,平和島,一般,５３５　３　５６５　４５,2026-07-18,2026-07-22,10,三国,一般,１２４　２２１１[５],3690,河合 三弘,2026-09-28,2026-10-03,04,平和島,ＧⅢ,６　６４３　２６６　２,2026-09-16,2026-09-21,13,尼崎,一般,２　５５１　２３５４１４,2026-08-31,2026-09-05,20,若松,ＧⅢ,２　１２３　４５５６４６,2026-08-20,2026-08-23,23,からつ,一般,２　４４６５６３,2026-08-10,2026-08-15,08,常滑,一般,２　３４６　５６４６３,4390,松本 弓雄,2026-09-22,2026-09-27,08,常滑,一般,３３２　５４３　２５,2026-09-12,2026-09-17,09,津,一般,４　３　２６６３３　４６,2026-08-26,2026-08-30,14,鳴門,一般,３６５　転　３５６５,2026-08-15,2026-08-20,18,徳山,一般,５２３　２２５　４５１６,2026-08-04,2026-08-09,12,住之江,一般,６　４６６,4563,齋藤 真之,2026-09-17,2026-09-22,16,児島,一般,５　２６５　３２２　３４,2026-09-01,2026-09-06,12,住之江,一般,５２５　３６５　３　４４,2026-08-14,2026-08-19,17,宮島,一般,６５６　１５６　６　５６,2026-07-28,2026-08-02,16,児島,一般,１　５６２５２４２　３１,2026-07-11,2026-07-16,03,江戸川,一般,５　６６３　１５３５４
202610081402,2026-10-08,14,02R,4875,大塚 康雅,2026-09-26,2026-10-01,03,江戸川,一般,１２４　５５６　４５５,2026-09-11,2026-09-16,12,住之江,一般,５４１　４５４　２　２２,2026-08-29,2026-09-03,16,児島,一般,２６６　２４１　３４４３,2026-08-15,2026-08-20,05,多摩川,一般,３６４　４　６５４　２,2026-07-29,2026-08-03,22,福岡,一般,１５２　６３２５３　５４,4600,井内 将太郎,2026-09-22,2026-09-27,11,びわこ,ＧⅢ,２　２５４１４２３４１６,2026-09-09,2026-09-15,20,若松,一般,１６２　１３５１６２３４エ欠,2026-08-30,2026-09-02,21,芦屋,一般,５６２６１　２４,2026-07-24,2026-07-29,17,宮島,一般,３１１　２６１１３１[４],2026-06-17,2026-06-22,24,大村,ＧⅡ,１４６　２　F４６　５,3981,今坂 晃広,2026-09-21,2026-09-28,09,津,一般,　　１５２　１４４６６　５５,2026-09-04,2026-09-08,07,蒲郡,一般,２　６３６２６　６５,2026-08-21,2026-08-26,06,浜名湖,一般,１１１　２５４４４３１４,2026-08-08,2026-08-11,05,多摩川,一般,３３４　５６２,2026-07-28,2026-07-31,24,大村,一般,４　６５４　６５,5044,渡邉 健,2026-09-17,2026-09-21,15,丸亀,一般,３　２６４　４３６６,2026-09-01,2026-09-04,24,大村,一般,５　６４２　６５,2026-08-19,2026-08-24,19,下関,一般,３　６５４４５６６　５,2026-08-06,2026-08-09,02,戸田,一般,４５４　６６,2026-07-24,2026-07-27,12,住之江,一般,５５５　５　５４,3963,原田 秀弥,2026-09-24,2026-09-29,19,下関,一般,２２５　３２３４４３２２,2026-09-14,2026-09-19,04,平和島,一般,６　２４１　２２３２[６],2026-08-31,2026-09-05,18,徳山,一般,２４１２３　３２２２[４],2026-08-13,2026-08-18,12,住之江,一般,１６３　４１２　１３６６,2026-08-04,2026-08-09,10,三国,一般,１１４　２４３４２３３３,4173,岡谷 健吾,2026-09-21,2026-09-26,18,徳山,一般,５１３　４１５３２４５２,2026-09-05,2026-09-11,03,江戸川,一般,６６６　５５１　２４３１,2026-08-21,2026-08-24,07,蒲郡,一般,１５３３３５４６,2026-08-08,2026-08-13,16,児島,一般,３２３　４２２　２４３３,2026-07-28,2026-07-31,24,大村,一般,６５６４４　１
202610081403,2026-10-08,14,03R,4934,佐々木 翔斗,2026-09-26,2026-10-01,03,江戸川,一般,３１３　２２３　１５３２,2026-09-16,2026-09-20,23,からつ,一般,２１６６４５１　２５,2026-09-01,2026-09-06,12,住之江,一般,４１２５２　２２２５３３,2026-08-24,2026-08-28,15,丸亀,一般,１２６　５５５　５３,2026-08-13,2026-08-18,12,住之江,一般,３１４　１６５　５３１,4100,松田 隆司,2026-09-18,2026-09-24,02,戸田,一般,６４２　６６２　５６６５,2026-09-02,2026-09-07,22,福岡,一般,２６１　１３３　１４３４,2026-08-20,2026-08-23,24,大村,一般,６　１６６　６６,2026-08-09,2026-08-14,23,からつ,一般,４２３　６６１　１６２４,2026-07-29,2026-08-01,18,徳山,一般,５　４４６　４２,5219,森口 和紀,2026-09-26,2026-10-01,03,江戸川,一般,４４１　１１３　３３[F],2026-09-09,2026-09-15,20,若松,一般,１２４１２　４５１４２　３,2026-08-29,2026-09-03,19,下関,一般,　　　　　　　　４４２,2026-08-22,2026-08-27,22,福岡,一般,２２３　１１４６５１[５],2026-08-10,2026-08-15,21,芦屋,一般,５３１　６　２３５４２１,3911,鈴木 猛,2026-09-26,2026-10-01,03,江戸川,一般,１　１１２　４５２３[１],2026-09-17,2026-09-22,16,児島,一般,６　５４落　４６４　３５,2026-09-03,2026-09-06,02,戸田,一般,５３４　４１１６,2026-08-21,2026-08-26,06,浜名湖,一般,２　４２６　６６５　１２,2026-08-09,2026-08-15,03,江戸川,一般,３　２２６　４５３　５５,4381,田路 朋史,2026-09-21,2026-09-28,09,津,一般,　　５５１　２４１４１５２３,2026-09-11,2026-09-15,06,浜名湖,一般,３１３３１　１１３２,2026-08-29,2026-09-03,19,下関,一般,５　１２１４５　３５１６,2026-08-20,2026-08-23,24,大村,一般,３　４３２　４６,2026-08-09,2026-08-14,13,尼崎,一般,２　２４５　２５４２４２,5133,堀越 雄貴,2026-09-20,2026-09-25,10,三国,一般,失６５,2026-09-02,2026-09-07,22,福岡,一般,５４６　４　１４２　２３,2026-08-17,2026-08-21,13,尼崎,一般,４３１　２６２　４３,2026-07-11,2026-07-16,03,江戸川,一般,５　４２１　４６２　３２,2026-06-25,2026-06-30,01,桐生,ＧⅢ,４６２　１６２　３３１
202610081404,2026-10-08,14,04R,4761,山田 晃大,2026-09-24,2026-09-29,13,尼崎,一般,２　１３１３１　２２[６],2026-09-13,2026-09-17,19,下関,一般,４６３　２　２６６４,2026-08-27,2026-09-01,07,蒲郡,一般,６４３　３　３１１４１５,2026-08-15,2026-08-20,11,びわこ,一般,５１２５２　５６１　６３,2026-08-04,2026-08-09,12,住之江,一般,１　３１１　１３６２[１],4691,水原 慎,2026-09-22,2026-09-27,22,福岡,一般,５　３３５　６１１　３６,2026-05-08,2026-05-13,14,鳴門,一般,２　５１５６６６１　６５,2026-04-23,2026-04-28,23,からつ,一般,３６４　４　３６４　６５,2026-04-03,2026-04-07,21,芦屋,一般,落１５　６６５６４,2026-03-18,2026-03-22,24,大村,一般,５５４　４　２５１,4953,尾上 雅也,2026-09-22,2026-09-27,11,びわこ,ＧⅢ,１　１２６６１３６３４１,2026-09-12,2026-09-15,10,三国,一般,２３２１５１[１],2026-09-03,2026-09-08,09,津,ＧⅠ,３　６６５　６６５　３,2026-08-23,2026-08-27,18,徳山,一般,５６５４３１１　２２,2026-08-12,2026-08-17,02,戸田,一般,２２４　１１５　エ　１３,4323,山田 佑樹,2026-09-21,2026-09-26,18,徳山,一般,３２１　１４５５２４２３,2026-09-04,2026-09-08,07,蒲郡,一般,３２６　１４２３１４,2026-08-21,2026-08-26,06,浜名湖,一般,２１６　１２２２３２[５],2026-08-08,2026-08-13,16,児島,一般,３１５　５１３　沈,2026-07-22,2026-07-26,08,常滑,一般,６　２１３１２３４２,4020,川上 清人,2026-09-20,2026-09-25,10,三国,一般,６５６　３　６３６　６,2026-09-09,2026-09-14,21,芦屋,一般,３５４　５６５　６　６,2026-08-17,2026-08-20,20,若松,一般,４４５　６　６４,2026-08-07,2026-08-11,15,丸亀,一般,４６４　６５６　３,2026-07-27,2026-07-31,19,下関,一般,２６１４６　２６３,5468,山口 隼人,2026-09-09,2026-09-15,20,若松,一般,６５６　６　６６６　６６６,2026-08-12,2026-08-17,22,福岡,一般,６　６　６６６６６　転６,2026-08-02,2026-08-05,21,芦屋,一般,６　６６６　６６,2026-07-04,2026-07-09,18,徳山,一般,６　４５５　６６６６６,2026-06-22,2026-06-27,22,福岡,一般,６　６６６　６６４　６６
202610081405,2026-10-08,14,05R,4301,関 裕也,2026-09-18,2026-09-23,12,住之江,一般,６　２３５　１６５　２１,2026-09-02,2026-09-07,22,福岡,一般,３　１５６　１２１６４１,2026-08-17,2026-08-21,13,尼崎,一般,３２４　２２４６１６,2026-08-03,2026-08-08,19,下関,一般,２６６　６　６５,2026-07-22,2026-07-25,24,大村,一般,５　１６４　５６,3831,安藤 裕貴,2026-09-17,2026-09-22,16,児島,一般,２　５５３　４３３　４５,2026-09-01,2026-09-06,12,住之江,一般,５５１　１５４　４１５１,2026-08-20,2026-08-23,23,からつ,一般,５２５　４３３５,2026-08-10,2026-08-15,08,常滑,一般,３５２　６５５　１　４３,2026-07-28,2026-07-31,24,大村,一般,４　５６４　４５,4793,金子 萌,2026-09-28,2026-10-02,24,大村,一般,１　１１３３５１[２],2026-09-19,2026-09-24,06,浜名湖,一般,１　３２４４２４１２[２],2026-09-09,2026-09-14,21,芦屋,一般,４４３１５２１　４２[５],2026-08-27,2026-09-01,07,蒲郡,一般,１　１５３６２４５５３１,2026-08-11,2026-08-16,06,浜名湖,一般,１　４３３１５２３２[６],5348,小林 甘寧,2026-09-26,2026-10-02,15,丸亀,一般,　　　　　　　　　　４１２４,2026-09-19,2026-09-24,06,浜名湖,一般,５２６　２１１　２４３４,2026-09-02,2026-09-06,17,宮島,一般,１　２３３６３４２３,2026-08-25,2026-08-30,09,津,一般,５　５２５　２　１４２３,2026-08-17,2026-08-20,20,若松,一般,１　落２４　４３,4089,妹尾 忠幸,2026-09-26,2026-10-02,15,丸亀,一般,２３３　３欠,2026-09-13,2026-09-18,22,福岡,一般,３５２　１２２５１３４１,2026-09-01,2026-09-04,24,大村,一般,３　２１４２[３],2026-08-20,2026-08-23,02,戸田,一般,３３３５４　４,2026-08-08,2026-08-13,16,児島,一般,１２４３３　２４２４５１,4614,石倉 洋行,2026-09-22,2026-09-27,11,びわこ,ＧⅢ,３１２　３１３２１１[２],2026-09-13,2026-09-18,22,福岡,一般,１　１５１２４２５１[３],2026-08-29,2026-09-03,16,児島,一般,１３１２３１２　５１[１],2026-07-23,2026-07-28,03,江戸川,ＧⅢ,２２１　４３１　２　[１],2026-07-14,2026-07-19,01,桐生,一般,４　１５１２３　１３３２
202610081406,2026-10-08,14,06R,5044,渡邉 健,2026-09-17,2026-09-21,15,丸亀,一般,３　２６４　４３６６,2026-09-01,2026-09-04,24,大村,一般,５　６４２　６５,2026-08-19,2026-08-24,19,下関,一般,３　６５４４５６６　５,2026-08-06,2026-08-09,02,戸田,一般,４５４　６６,2026-07-24,2026-07-27,12,住之江,一般,５５５　５　５４,3838,伊藤 啓三,2026-09-20,2026-09-25,10,三国,一般,４　６２５　６４４　５５,2026-09-07,2026-09-11,13,尼崎,一般,２３５　４６１　４４,2026-08-22,2026-08-27,08,常滑,ＧⅢ,３６２　４１３　１５６６,2026-08-08,2026-08-11,05,多摩川,一般,２２３６２　２５,2026-07-27,2026-07-31,19,下関,一般,６　１３５４５　２,4769,馬場 剛,2026-09-24,2026-09-29,19,下関,一般,３５４３４３２　２５３３,2026-09-14,2026-09-19,04,平和島,一般,３３１１５３１　２６３５,2026-08-28,2026-09-02,05,多摩川,ＧⅢ,４１６５６欠,2026-08-09,2026-08-15,03,江戸川,一般,２２５　４５１　１１２３,2026-07-27,2026-08-01,10,三国,一般,１４５　１２４３６３２１,3982,福田 理,2026-09-17,2026-09-22,16,児島,一般,４５１　２６４　１４２,2026-08-31,2026-09-05,18,徳山,一般,３　４２６　３３５　５４,2026-08-20,2026-08-23,04,平和島,一般,５３３　６　１６,2026-08-08,2026-08-13,16,児島,一般,２　４５４　２３５１４,2026-07-22,2026-07-26,08,常滑,一般,１　３５５　１３１５,4513,河野 真也,2026-09-25,2026-09-30,05,多摩川,一般,２４１　１５２２１３３１,2026-09-17,2026-09-21,15,丸亀,一般,３　３２２２２４４１,2026-09-05,2026-09-10,01,桐生,一般,３３２　４２１　３６１４,2026-08-25,2026-08-30,09,津,一般,２４５　５２４　５　２５,2026-08-10,2026-08-15,21,芦屋,一般,１　３３３６１　妨３２,5452,上馬場 風依,2026-09-09,2026-09-13,17,宮島,一般,６　５６６　５６妨,2026-07-29,2026-08-03,22,福岡,一般,６　６６６　６６６６６４,2026-07-20,2026-07-25,15,丸亀,一般,６　６６６　６６６　６６,2026-06-26,2026-07-01,17,宮島,一般,６　４５F６６　６　６,2026-06-05,2026-06-10,18,徳山,一般,６　６　６６６　６　６５
202610081407,2026-10-08,14,07R,4917,岩橋 裕馬,2026-09-18,2026-09-24,02,戸田,一般,４３１　２３１５４１[３],2026-09-04,2026-09-08,07,蒲郡,一般,２　１６５６４　２２,2026-08-20,2026-08-23,04,平和島,一般,２１４　３２２３,2026-08-03,2026-08-08,19,下関,一般,３５２　４４６　４　５５,2026-07-22,2026-07-26,13,尼崎,一般,１　１４５　４転,3981,今坂 晃広,2026-09-21,2026-09-28,09,津,一般,　　１５２　１４４６６　５５,2026-09-04,2026-09-08,07,蒲郡,一般,２　６３６２６　６５,2026-08-21,2026-08-26,06,浜名湖,一般,１１１　２５４４４３１４,2026-08-08,2026-08-11,05,多摩川,一般,３３４　５６２,2026-07-28,2026-07-31,24,大村,一般,４　６５４　６５,4607,鶴田 勇雄,2026-09-22,2026-09-27,22,福岡,一般,４６２２１３３　６３２３,2026-09-13,2026-09-18,11,びわこ,一般,２１３　３６４６６　３３,2026-08-29,2026-09-03,16,児島,一般,６２４　６２５１１　４４,2026-08-19,2026-08-24,19,下関,一般,４　４１１６６　４２５３,2026-08-07,2026-08-12,20,若松,一般,３６６５２　４４１２３,5278,田中 駿兵,2026-09-22,2026-09-27,20,若松,ＧⅠ,４　３１１　３４４　２２,2026-09-13,2026-09-18,11,びわこ,一般,１６２２３１１　１１[１],2026-08-25,2026-08-30,09,津,一般,１２１　２１３３５３[６],2026-07-19,2026-07-24,22,福岡,ＧⅢ,６　１５３　６１４　６６,2026-07-04,2026-07-09,01,桐生,一般,１４５１３　１６１６３１,3519,冨田 秀幸,2026-09-21,2026-09-26,18,徳山,一般,４　４３１　３５４　４５,2026-09-09,2026-09-13,05,多摩川,一般,４　６４５　４３２２,2026-08-25,2026-08-30,17,宮島,一般,６　５４５　６４２２５４,2026-08-11,2026-08-16,07,蒲郡,一般,４　２６３４５　５４３,2026-07-25,2026-07-29,20,若松,一般,１５３５６　５　２１,5219,森口 和紀,2026-09-26,2026-10-01,03,江戸川,一般,４４１　１１３　３３[F],2026-09-09,2026-09-15,20,若松,一般,１２４１２　４５１４２　３,2026-08-29,2026-09-03,19,下関,一般,　　　　　　　　４４２,2026-08-22,2026-08-27,22,福岡,一般,２２３　１１４６５１[５],2026-08-10,2026-08-15,21,芦屋,一般,５３１　６　２３５４２１
202610081408,2026-10-08,14,08R,4390,松本 弓雄,2026-09-22,2026-09-27,08,常滑,一般,３３２　５４３　２５,2026-09-12,2026-09-17,09,津,一般,４　３　２６６３３　４６,2026-08-26,2026-08-30,14,鳴門,一般,３６５　転　３５６５,2026-08-15,2026-08-20,18,徳山,一般,５２３　２２５　４５１６,2026-08-04,2026-08-09,12,住之江,一般,６　４６６,4016,西川 新太郎,2026-09-20,2026-09-25,10,三国,一般,１　６　４４５３５１４,2026-09-04,2026-09-08,07,蒲郡,一般,１　５２４１１５３６,2026-08-19,2026-08-24,19,下関,一般,１　３３４５３　４４１４,2026-08-10,2026-08-15,08,常滑,一般,６４４　５２１　３４３１,2026-08-02,2026-08-05,21,芦屋,一般,４４１　３６５６,4691,水原 慎,2026-09-22,2026-09-27,22,福岡,一般,５　３３５　６１１　３６,2026-05-08,2026-05-13,14,鳴門,一般,２　５１５６６６１　６５,2026-04-23,2026-04-28,23,からつ,一般,３６４　４　３６４　６５,2026-04-03,2026-04-07,21,芦屋,一般,落１５　６６５６４,2026-03-18,2026-03-22,24,大村,一般,５５４　４　２５１,5133,堀越 雄貴,2026-09-20,2026-09-25,10,三国,一般,失６５,2026-09-02,2026-09-07,22,福岡,一般,５４６　４　１４２　２３,2026-08-17,2026-08-21,13,尼崎,一般,４３１　２６２　４３,2026-07-11,2026-07-16,03,江戸川,一般,５　４２１　４６２　３２,2026-06-25,2026-06-30,01,桐生,ＧⅢ,４６２　１６２　３３１,4269,杉山 裕也,2026-09-22,2026-09-27,22,福岡,一般,１５３４１　４２３３３２,2026-09-11,2026-09-15,06,浜名湖,一般,２　１５２１２１[２],2026-08-22,2026-08-27,08,常滑,ＧⅢ,１３２３２　２２３１[２],2026-08-11,2026-08-16,07,蒲郡,一般,２２２３３　２２１３２１,2026-08-03,2026-08-08,04,平和島,ＧⅢ,３１２　３２５４２３３３,3992,関口 智久,2026-09-16,2026-09-21,13,尼崎,一般,４１３　４５３　３３３５,2026-09-03,2026-09-06,02,戸田,一般,２３１５３　１２,2026-08-22,2026-08-26,20,若松,一般,５　６６１６６　６４,2026-08-11,2026-08-16,04,平和島,一般,５３５　３　５６５　４５,2026-07-18,2026-07-22,10,三国,一般,１２４　２２１１[５]
202610081409,2026-10-08,14,09R,4111,奥田 誠,2026-09-24,2026-09-29,13,尼崎,一般,５　３１３４１　３５５４,2026-09-13,2026-09-18,11,びわこ,一般,２６２２６　５６１　４２,2026-08-29,2026-09-03,19,下関,一般,１　４４１　６４１３２５,2026-08-14,2026-08-19,17,宮島,一般,６　１６１４２５４　６１,2026-08-06,2026-08-09,02,戸田,一般,４２６３２　４１,3772,一柳 和孝,2026-09-21,2026-09-26,18,徳山,一般,３４４　６３５　４６５,2026-09-09,2026-09-13,05,多摩川,一般,４５３　４２４　５１,2026-08-22,2026-08-27,08,常滑,ＧⅢ,１６２　６４３　３３２３,2026-08-06,2026-08-09,02,戸田,一般,２　１６４３２３,2026-07-20,2026-07-25,15,丸亀,一般,１４３　６１４　２２１４,5348,小林 甘寧,2026-09-26,2026-10-02,15,丸亀,一般,　　　　　　　　　　４１２４,2026-09-19,2026-09-24,06,浜名湖,一般,５２６　２１１　２４３４,2026-09-02,2026-09-06,17,宮島,一般,１　２３３６３４２３,2026-08-25,2026-08-30,09,津,一般,５　５２５　２　１４２３,2026-08-17,2026-08-20,20,若松,一般,１　落２４　４３,4020,川上 清人,2026-09-20,2026-09-25,10,三国,一般,６５６　３　６３６　６,2026-09-09,2026-09-14,21,芦屋,一般,３５４　５６５　６　６,2026-08-17,2026-08-20,20,若松,一般,４４５　６　６４,2026-08-07,2026-08-11,15,丸亀,一般,４６４　６５６　３,2026-07-27,2026-07-31,19,下関,一般,２６１４６　２６３,3911,鈴木 猛,2026-09-26,2026-10-01,03,江戸川,一般,１　１１２　４５２３[１],2026-09-17,2026-09-22,16,児島,一般,６　５４落　４６４　３５,2026-09-03,2026-09-06,02,戸田,一般,５３４　４１１６,2026-08-21,2026-08-26,06,浜名湖,一般,２　４２６　６６５　１２,2026-08-09,2026-08-15,03,江戸川,一般,３　２２６　４５３　５５,5460,早川 理稀,2026-09-21,2026-09-26,18,徳山,一般,６　５　６４６　６F５,2026-09-13,2026-09-18,11,びわこ,一般,　　　　　　　　　　６６,2026-09-04,2026-09-09,11,びわこ,一般,１６６　６６６　６　５２,2026-08-15,2026-08-20,11,びわこ,一般,６６６　６６５　６４転,2026-08-03,2026-08-08,19,下関,一般,５　６６６　５６６　６６
202610081410,2026-10-08,14,10R,3963,原田 秀弥,2026-09-24,2026-09-29,19,下関,一般,２２５　３２３４４３２２,2026-09-14,2026-09-19,04,平和島,一般,６　２４１　２２３２[６],2026-08-31,2026-09-05,18,徳山,一般,２４１２３　３２２２[４],2026-08-13,2026-08-18,12,住之江,一般,１６３　４１２　１３６６,2026-08-04,2026-08-09,10,三国,一般,１１４　２４３４２３３３,4323,山田 佑樹,2026-09-21,2026-09-26,18,徳山,一般,３２１　１４５５２４２３,2026-09-04,2026-09-08,07,蒲郡,一般,３２６　１４２３１４,2026-08-21,2026-08-26,06,浜名湖,一般,２１６　１２２２３２[５],2026-08-08,2026-08-13,16,児島,一般,３１５　５１３　沈,2026-07-22,2026-07-26,08,常滑,一般,６　２１３１２３４２,4614,石倉 洋行,2026-09-22,2026-09-27,11,びわこ,ＧⅢ,３１２　３１３２１１[２],2026-09-13,2026-09-18,22,福岡,一般,１　１５１２４２５１[３],2026-08-29,2026-09-03,16,児島,一般,１３１２３１２　５１[１],2026-07-23,2026-07-28,03,江戸川,ＧⅢ,２２１　４３１　２　[１],2026-07-14,2026-07-19,01,桐生,一般,４　１５１２３　１３３２,3838,伊藤 啓三,2026-09-20,2026-09-25,10,三国,一般,４　６２５　６４４　５５,2026-09-07,2026-09-11,13,尼崎,一般,２３５　４６１　４４,2026-08-22,2026-08-27,08,常滑,ＧⅢ,３６２　４１３　１５６６,2026-08-08,2026-08-11,05,多摩川,一般,２２３６２　２５,2026-07-27,2026-07-31,19,下関,一般,６　１３５４５　２,4769,馬場 剛,2026-09-24,2026-09-29,19,下関,一般,３５４３４３２　２５３３,2026-09-14,2026-09-19,04,平和島,一般,３３１１５３１　２６３５,2026-08-28,2026-09-02,05,多摩川,ＧⅢ,４１６５６欠,2026-08-09,2026-08-15,03,江戸川,一般,２２５　４５１　１１２３,2026-07-27,2026-08-01,10,三国,一般,１４５　１２４３６３２１,4793,金子 萌,2026-09-28,2026-10-02,24,大村,一般,１　１１３３５１[２],2026-09-19,2026-09-24,06,浜名湖,一般,１　３２４４２４１２[２],2026-09-09,2026-09-14,21,芦屋,一般,４４３１５２１　４２[５],2026-08-27,2026-09-01,07,蒲郡,一般,１　１５３６２４５５３１,2026-08-11,2026-08-16,06,浜名湖,一般,１　４３３１５２３２[６]
202610081411,2026-10-08,14,11R,4173,岡谷 健吾,2026-09-21,2026-09-26,18,徳山,一般,５１３　４１５３２４５２,2026-09-05,2026-09-11,03,江戸川,一般,６６６　５５１　２４３１,2026-08-21,2026-08-24,07,蒲郡,一般,１５３３３５４６,2026-08-08,2026-08-13,16,児島,一般,３２３　４２２　２４３３,2026-07-28,2026-07-31,24,大村,一般,６５６４４　１,4381,田路 朋史,2026-09-21,2026-09-28,09,津,一般,　　５５１　２４１４１５２３,2026-09-11,2026-09-15,06,浜名湖,一般,３１３３１　１１３２,2026-08-29,2026-09-03,19,下関,一般,５　１２１４５　３５１６,2026-08-20,2026-08-23,24,大村,一般,３　４３２　４６,2026-08-09,2026-08-14,13,尼崎,一般,２　２４５　２５４２４２,4089,妹尾 忠幸,2026-09-26,2026-10-02,15,丸亀,一般,２３３　３欠,2026-09-13,2026-09-18,22,福岡,一般,３５２　１２２５１３４１,2026-09-01,2026-09-04,24,大村,一般,３　２１４２[３],2026-08-20,2026-08-23,02,戸田,一般,３３３５４　４,2026-08-08,2026-08-13,16,児島,一般,１２４３３　２４２４５１,4875,大塚 康雅,2026-09-26,2026-10-01,03,江戸川,一般,１２４　５５６　４５５,2026-09-11,2026-09-16,12,住之江,一般,５４１　４５４　２　２２,2026-08-29,2026-09-03,16,児島,一般,２６６　２４１　３４４３,2026-08-15,2026-08-20,05,多摩川,一般,３６４　４　６５４　２,2026-07-29,2026-08-03,22,福岡,一般,１５２　６３２５３　５４,3831,安藤 裕貴,2026-09-17,2026-09-22,16,児島,一般,２　５５３　４３３　４５,2026-09-01,2026-09-06,12,住之江,一般,５５１　１５４　４１５１,2026-08-20,2026-08-23,23,からつ,一般,５２５　４３３５,2026-08-10,2026-08-15,08,常滑,一般,３５２　６５５　１　４３,2026-07-28,2026-07-31,24,大村,一般,４　５６４　４５,4100,松田 隆司,2026-09-18,2026-09-24,02,戸田,一般,６４２　６６２　５６６５,2026-09-02,2026-09-07,22,福岡,一般,２６１　１３３　１４３４,2026-08-20,2026-08-23,24,大村,一般,６　１６６　６６,2026-08-09,2026-08-14,23,からつ,一般,４２３　６６１　１６２４,2026-07-29,2026-08-01,18,徳山,一般,５　４４６　４２
202610081412,2026-10-08,14,12R,5278,田中 駿兵,2026-09-22,2026-09-27,20,若松,ＧⅠ,４　３１１　３４４　２２,2026-09-13,2026-09-18,11,びわこ,一般,１６２２３１１　１１[１],2026-08-25,2026-08-30,09,津,一般,１２１　２１３３５３[６],2026-07-19,2026-07-24,22,福岡,ＧⅢ,６　１５３　６１４　６６,2026-07-04,2026-07-09,01,桐生,一般,１４５１３　１６１６３１,4953,尾上 雅也,2026-09-22,2026-09-27,11,びわこ,ＧⅢ,１　１２６６１３６３４１,2026-09-12,2026-09-15,10,三国,一般,２３２１５１[１],2026-09-03,2026-09-08,09,津,ＧⅠ,３　６６５　６６５　３,2026-08-23,2026-08-27,18,徳山,一般,５６５４３１１　２２,2026-08-12,2026-08-17,02,戸田,一般,２２４　１１５　エ　１３,4513,河野 真也,2026-09-25,2026-09-30,05,多摩川,一般,２４１　１５２２１３３１,2026-09-17,2026-09-21,15,丸亀,一般,３　３２２２２４４１,2026-09-05,2026-09-10,01,桐生,一般,３３２　４２１　３６１４,2026-08-25,2026-08-30,09,津,一般,２４５　５２４　５　２５,2026-08-10,2026-08-15,21,芦屋,一般,１　３３３６１　妨３２,4600,井内 将太郎,2026-09-22,2026-09-27,11,びわこ,ＧⅢ,２　２５４１４２３４１６,2026-09-09,2026-09-15,20,若松,一般,１６２　１３５１６２３４エ欠,2026-08-30,2026-09-02,21,芦屋,一般,５６２６１　２４,2026-07-24,2026-07-29,17,宮島,一般,３１１　２６１１３１[４],2026-06-17,2026-06-22,24,大村,ＧⅡ,１４６　２　F４６　５,4917,岩橋 裕馬,2026-09-18,2026-09-24,02,戸田,一般,４３１　２３１５４１[３],2026-09-04,2026-09-08,07,蒲郡,一般,２　１６５６４　２２,2026-08-20,2026-08-23,04,平和島,一般,２１４　３２２３,2026-08-03,2026-08-08,19,下関,一般,３５２　４４６　４　５５,2026-07-22,2026-07-26,13,尼崎,一般,１　１４５　４転,4301,関 裕也,2026-09-18,2026-09-23,12,住之江,一般,６　２３５　１６５　２１,2026-09-02,2026-09-07,22,福岡,一般,３　１５６　１２１６４１,2026-08-17,2026-08-21,13,尼崎,一般,３２４　２２４６１６,2026-08-03,2026-08-08,19,下関,一般,２６６　６　６５,2026-07-22,2026-07-25,24,大村,一般,５　１６４　５６
202610081601,2026-10-08,16,01R,5081,篠原 飛翔,2026-09-24,2026-09-29,19,下関,一般,１　４６４４４２２　１４,2026-09-14,2026-09-19,04,平和島,一般,２３１　１６１　５３５３,2026-09-02,2026-09-07,22,福岡,一般,４　４３４　５１２２２１,2026-08-22,2026-08-26,20,若松,一般,４２４　３６５６３６,2026-06-26,2026-07-01,17,宮島,一般,４３６５３　４６１　４２,3839,川合 理司,2026-09-21,2026-09-28,09,津,一般,６　５　５　６６６　６６４,2026-09-05,2026-09-11,03,江戸川,一般,F　６５６６５　６　４６,2026-08-17,2026-08-21,13,尼崎,一般,５　５５６　４　５４,2026-07-31,2026-08-03,20,若松,一般,５　１５６６６,2026-07-16,2026-07-21,11,びわこ,一般,２　６　６６２　６　６,3812,山崎 聖司,2026-09-21,2026-09-28,09,津,一般,６　３　２３３　６４２　１６,2026-09-03,2026-09-08,10,三国,一般,６　４４６　３６５　３６,2026-08-21,2026-08-26,03,江戸川,一般,２　３３４　１４５２６,2026-08-03,2026-08-08,17,宮島,一般,２５３　２３６３５　３６,2026-07-24,2026-07-27,02,戸田,一般,３４５　５４５,3748,小黒 竜吾,2026-09-26,2026-09-30,02,戸田,一般,４　１４３５４　５６,2026-09-09,2026-09-13,17,宮島,一般,４４５　５２３　３３,2026-08-27,2026-09-01,07,蒲郡,一般,２　１５４５６　４４４,2026-07-19,2026-07-23,05,多摩川,一般,６６６４４　４　３,2026-07-04,2026-07-09,01,桐生,一般,１４４　５６２　６５３,4485,楠原 正剛,2026-09-20,2026-09-25,01,桐生,一般,１５６　２４５　３４６１,2026-08-12,2026-08-17,22,福岡,一般,６１１　２５１３４３３１,2026-08-03,2026-08-08,19,下関,一般,６　５３４　６３落,2026-07-15,2026-07-20,18,徳山,一般,４　５１３　５３２３３,2026-07-03,2026-07-06,09,津,一般,６F３　５　６,4580,長谷川 雅和,2026-09-26,2026-10-02,15,丸亀,一般,　　　　　　　　　　１５４６,2026-09-18,2026-09-23,12,住之江,一般,５５５　３４２　４　４３,2026-09-03,2026-09-08,10,三国,一般,２　２２３１３４３５４６,2026-08-21,2026-08-24,07,蒲郡,一般,２３３２２５１５,2026-08-08,2026-08-13,16,児島,一般,４４１　１６２　４３[６]
202610081602,2026-10-08,16,02R,4277,金田 大輔,2026-09-17,2026-09-21,15,丸亀,一般,２３１　５６３５１２,2026-08-31,2026-09-05,18,徳山,一般,６２６　３１６５６　３５,2026-08-20,2026-08-23,02,戸田,一般,６６,2026-08-08,2026-08-13,16,児島,一般,１　２６５５６　５　１１,2026-07-29,2026-08-03,22,福岡,一般,５　１６６５３　４６４２,3953,志道 吉和,2026-09-17,2026-09-21,15,丸亀,一般,２　５４４　６５５５,2026-08-31,2026-09-05,20,若松,ＧⅢ,３　３６４　５６４　２４,2026-08-16,2026-08-19,14,鳴門,一般,２　６５１４６３,2026-07-31,2026-08-05,06,浜名湖,ＧⅢ,５　３６１　６４４　６４,2026-07-10,2026-07-15,23,からつ,一般,５　５４２　１５４　６５,4572,渡部 悟,2026-09-22,2026-09-27,11,びわこ,ＧⅢ,４３４　２５２　５５５,2026-09-11,2026-09-14,02,戸田,一般,２６６　６６３,2026-08-28,2026-09-02,05,多摩川,ＧⅢ,４　１５４５６　５３４６,2026-08-13,2026-08-18,12,住之江,一般,２　２２３　５３５５２４,2026-08-03,2026-08-08,17,宮島,一般,３　３３２　１４１４２３,2538,高橋 二朗,2026-09-26,2026-09-30,02,戸田,一般,５　３５５　５５４６,2026-09-09,2026-09-13,05,多摩川,一般,６　５５４　転　６５,2026-08-28,2026-08-31,23,からつ,一般,４６４　６　４２,2026-08-15,2026-08-20,05,多摩川,一般,４　４４５　５５３　６,2026-07-28,2026-08-02,16,児島,一般,４　４６５　５５４　４４,4872,山下 流心,2026-09-20,2026-09-25,01,桐生,一般,４　４５６　１６６　１６,2026-09-04,2026-09-08,07,蒲郡,一般,１　２４６５３　３４,2026-07-24,2026-07-27,12,住之江,一般,３６４　５　５５,2026-07-14,2026-07-17,24,大村,一般,２　５６５　４３,2026-06-30,2026-07-05,06,浜名湖,一般,５５F　２　５　５　６,3906,飯山 晃三,2026-09-26,2026-10-01,03,江戸川,一般,５　３６４　６４５　６５,2026-09-11,2026-09-15,06,浜名湖,一般,５６５　３５２　２５,2026-08-28,2026-08-31,23,からつ,一般,５　２６２２３６,2026-07-22,2026-07-27,14,鳴門,一般,４　２６６　５５４６５,2026-07-07,2026-07-12,10,三国,ＧⅢ,５６１　６６４　１　６２
202610081603,2026-10-08,16,03R,4879,山崎 鉄平,2026-09-24,2026-09-29,13,尼崎,一般,６１５　６　２６４　３２,2026-09-16,2026-09-20,23,からつ,一般,６１,2026-09-03,2026-09-08,10,三国,一般,２　６６４　４３４　２転,2026-08-20,2026-08-23,24,大村,一般,３３３　４４１３,2026-08-09,2026-08-14,23,からつ,一般,５３３　３　３５４　１４,3542,清水 紀克,2026-09-18,2026-09-24,02,戸田,一般,５５３　４６４　３４１３,2026-09-02,2026-09-06,17,宮島,一般,２　５５６F５　６,2026-08-20,2026-08-23,24,大村,一般,２　６６３　５５,2026-08-10,2026-08-15,08,常滑,一般,１　３５５６５　６　３２,2026-07-19,2026-07-23,05,多摩川,一般,２　２４１　４６１６,3746,岡瀬 正人,2026-09-24,2026-09-29,19,下関,一般,２２６　３３６　２４４５,2026-09-12,2026-09-15,10,三国,一般,２２３５１６１５,2026-09-03,2026-09-06,02,戸田,一般,４４３１６　３１,2026-08-22,2026-08-26,20,若松,一般,１３４３２　２１[３],2026-08-08,2026-08-13,16,児島,一般,２　６５５４２　３４１,5095,小原 聡将,2026-09-02,2026-09-06,17,宮島,一般,２３６４４　４　２５,2026-08-22,2026-08-27,08,常滑,ＧⅢ,１５６　４３３　１４５４,2026-08-09,2026-08-15,03,江戸川,一般,３１２　２４転　３５２２,2026-07-23,2026-07-28,03,江戸川,ＧⅢ,５２３　１４３　３１２２,2026-06-30,2026-07-05,23,からつ,一般,１４１１５４落,5426,甲斐 貴大,2026-09-17,2026-09-21,15,丸亀,一般,５　５　６５５３３６,2026-09-02,2026-09-07,22,福岡,一般,６　F　妨６６　６　６,2026-08-07,2026-08-12,20,若松,一般,６　３５６３６　６　５４,2026-07-29,2026-08-03,22,福岡,一般,　　　　　　　　　　３３,2026-07-23,2026-07-28,21,芦屋,一般,　　　　　　　　　　５６,4003,表 憲一,2026-09-25,2026-09-30,05,多摩川,一般,５４２　２４６　４５４,2026-09-12,2026-09-15,10,三国,一般,３１４　２５４５,2026-08-27,2026-08-31,04,平和島,一般,２　３４５２５　２２,2026-08-14,2026-08-19,10,三国,一般,３４２　３５５　２４３３,2026-07-31,2026-08-04,13,尼崎,一般,５　４３３５２　１２
202610081604,2026-10-08,16,04R,5223,森清 友翔,2026-09-21,2026-09-28,09,津,一般,　　３４４　４５１２１１２,2026-09-02,2026-09-06,17,宮島,一般,３　４４４　３６３６,2026-08-21,2026-08-24,07,蒲郡,一般,４４４　１２１３,2026-08-16,2026-08-19,14,鳴門,一般,５２２　１３５５,2026-08-07,2026-08-12,20,若松,一般,４　５５４５４　４６２２,4128,川口 貴久,2026-09-19,2026-09-24,06,浜名湖,一般,６　２３３　５４３５２,2026-09-03,2026-09-08,10,三国,一般,４４２　４５１　２５６,2026-08-19,2026-08-24,19,下関,一般,６　２５３２５４３　５４,2026-08-03,2026-08-08,04,平和島,ＧⅢ,３５３　１６６　５１４,2026-07-25,2026-07-29,20,若松,一般,６５５　１４１　５２,3934,鋤柄 貴俊,2026-09-26,2026-10-01,03,江戸川,一般,１　２６５　３３２　２５,2026-09-09,2026-09-13,05,多摩川,一般,４２２５１　１５２２,2026-08-24,2026-08-29,13,尼崎,一般,２　２５４５２　４２４２,2026-08-11,2026-08-16,07,蒲郡,一般,２　１５４３３　３４４４,2026-07-31,2026-08-05,06,浜名湖,ＧⅢ,６　４３５　４４４　３５,4302,西野 翔太,2026-09-28,2026-10-02,24,大村,一般,１６３　６２１１[３],2026-09-19,2026-09-24,06,浜名湖,一般,２４３１３３１５５３３２,2026-09-09,2026-09-13,17,宮島,一般,１３２２３１３１[６],2026-08-23,2026-08-27,18,徳山,一般,１３３２転１２６,2026-08-14,2026-08-19,17,宮島,一般,５２１　１６３２妨４２,4348,宮崎 奨,2026-09-25,2026-09-30,05,多摩川,一般,５　５６,2026-09-15,2026-09-20,14,鳴門,一般,２４２　２４３４１３２１,2026-09-01,2026-09-04,24,大村,一般,落６１　３２１,2026-08-17,2026-08-21,15,丸亀,一般,３３３２３　２６１５,2026-08-04,2026-08-09,12,住之江,一般,３　４５５　２１３　２４,3893,汐崎 正則,2026-09-18,2026-09-23,12,住之江,一般,２３１　６４５　４２１,2026-09-03,2026-09-06,02,戸田,一般,３６６　３５２２,2026-08-21,2026-08-26,06,浜名湖,一般,４２２　４６３２１４３１,2026-08-11,2026-08-16,07,蒲郡,一般,６４５　２　１５４２５,2026-07-22,2026-07-26,08,常滑,一般,５　５５
202610081605,2026-10-08,16,05R,3075,中村 裕将,2026-09-25,2026-09-30,05,多摩川,一般,１６５　６　５４５　１２,2026-09-11,2026-09-14,02,戸田,一般,１４２２４　５５,2026-08-12,2026-08-17,02,戸田,一般,２　２転４　２３３５２５,2026-08-02,2026-08-05,21,芦屋,一般,３４４　６６２,2026-07-19,2026-07-23,05,多摩川,一般,２　５５５　２５５４,3945,橋口 真樹,2026-09-22,2026-09-27,08,常滑,一般,３　４５５　６４５　２,2026-09-04,2026-09-08,07,蒲郡,一般,６　３２３　６４１２,2026-08-19,2026-08-24,19,下関,一般,４１１　４３３　２４転４,2026-08-06,2026-08-09,02,戸田,一般,６５６,2026-07-22,2026-07-25,24,大村,一般,６　３５４　２３,4538,笠置 博之,2026-09-27,2026-10-02,14,鳴門,一般,１　１１１１１５１６６２,2026-09-18,2026-09-24,02,戸田,一般,１　６３２６１５１１２３,2026-09-05,2026-09-10,01,桐生,一般,６４４６２　３　５４６２,2026-06-01,2026-06-04,24,大村,一般,３　　　３６６２,2026-05-17,2026-05-23,15,丸亀,一般,４４２６５　５６３　２　F１,4006,小野 勇作,2026-09-15,2026-09-20,14,鳴門,一般,５　３５４３５　６　３５,2026-08-31,2026-09-05,20,若松,ＧⅢ,２２４　１４２２１２[６],2026-08-21,2026-08-24,07,蒲郡,一般,１６５１３　３２,2026-08-09,2026-08-14,23,からつ,一般,４５１　１６４　２５４６,2026-07-31,2026-08-05,06,浜名湖,ＧⅢ,２　５２３　６６２６４,5070,中島 航,2026-09-22,2026-09-27,08,常滑,一般,４　２５４　１３６　６５,2026-09-05,2026-09-10,01,桐生,一般,３　落６１　３２６２３,2026-08-20,2026-08-23,02,戸田,一般,６　３５６４３２,2026-08-09,2026-08-15,03,江戸川,一般,１　２２３　５２１　[６],2026-07-25,2026-07-29,20,若松,一般,６４４　３３５　３４,4958,溝口 海義也,2026-09-24,2026-09-29,13,尼崎,一般,１２１３４　２５１２[４],2026-09-17,2026-09-20,24,大村,一般,１１２３３１[３],2026-09-02,2026-09-07,22,福岡,一般,３　４４２　４２４３１１,2026-08-20,2026-08-25,21,芦屋,一般,３６５　３３４３１３１２,2026-08-07,2026-08-12,20,若松,一般,２３２２２５２　１５２３
202610081606,2026-10-08,16,06R,5235,岩田 凌,2026-09-26,2026-10-01,03,江戸川,一般,５　６転４　３２,2026-09-02,2026-09-07,22,福岡,一般,５１５５４　４６５　５,2026-08-15,2026-08-20,11,びわこ,一般,４　６３４　転６５　４３,2026-08-04,2026-08-09,12,住之江,一般,５　６３１　４６５　２６,2026-07-18,2026-07-21,04,平和島,一般,６　６５６　３１,5096,上原 崚,2026-09-26,2026-09-30,02,戸田,一般,５　３１２３２４２１,2026-09-16,2026-09-21,13,尼崎,一般,４２５　３３２　１５５５,2026-08-28,2026-09-02,05,多摩川,ＧⅢ,３１５　６２２３４５４４,2026-08-20,2026-08-23,24,大村,一般,３　４５４１１,2026-08-09,2026-08-15,03,江戸川,一般,２１転　２５３　３６１３,3839,川合 理司,2026-09-21,2026-09-28,09,津,一般,６　５　５　６６６　６６４,2026-09-05,2026-09-11,03,江戸川,一般,F　６５６６５　６　４６,2026-08-17,2026-08-21,13,尼崎,一般,５　５５６　４　５４,2026-07-31,2026-08-03,20,若松,一般,５　１５６６６,2026-07-16,2026-07-21,11,びわこ,一般,２　６　６６２　６　６,4277,金田 大輔,2026-09-17,2026-09-21,15,丸亀,一般,２３１　５６３５１２,2026-08-31,2026-09-05,18,徳山,一般,６２６　３１６５６　３５,2026-08-20,2026-08-23,02,戸田,一般,６６,2026-08-08,2026-08-13,16,児島,一般,１　２６５５６　５　１１,2026-07-29,2026-08-03,22,福岡,一般,５　１６６５３　４６４２,4583,古田 祐貴,2026-09-21,2026-09-26,18,徳山,一般,２６３　３３２　５４３３,2026-09-05,2026-09-11,03,江戸川,一般,３F３　３５２　３２４,2026-08-30,2026-09-02,21,芦屋,一般,５４６　５５４,2026-08-17,2026-08-21,15,丸亀,一般,３５２　１６５２[６],2026-08-03,2026-08-08,04,平和島,ＧⅢ,５２４　１６３　２３６３,4644,山田 亮太,2026-09-26,2026-10-01,03,江戸川,一般,３　４１２　３１４５１２,2026-09-12,2026-09-17,09,津,一般,１２５３１２２　１５２４,2026-08-30,2026-09-02,21,芦屋,一般,４６１５４　１１,2026-08-15,2026-08-20,05,多摩川,一般,６１２　４１３３４５１５,2026-08-04,2026-08-09,12,住之江,一般,４　１６３５５　２２３１
202610081607,2026-10-08,16,07R,3589,西村 勝,2026-09-25,2026-09-30,05,多摩川,一般,５　３３５　２５６　２３,2026-09-11,2026-09-14,02,戸田,一般,２　５６２１１５,2026-08-27,2026-08-31,04,平和島,一般,４　６５４　１４６６,2026-08-16,2026-08-19,14,鳴門,一般,５３５　３２５２,2026-07-07,2026-07-12,08,常滑,一般,１　６６２４４　４６６６,3860,松本 浩貴,2026-09-25,2026-09-30,05,多摩川,一般,３１５　１４５　３６３６,2026-09-07,2026-09-11,13,尼崎,一般,６３６　６　４１６,2026-08-23,2026-08-27,18,徳山,一般,６　３４３　３６４３,2026-08-11,2026-08-16,01,桐生,一般,６　５４５　３　４５６２,2026-07-28,2026-08-02,16,児島,一般,４　２６２４５　４６５５,4058,野末 智一,2026-09-30,2026-10-04,06,浜名湖,一般,２　２４４２１３５１,2026-09-22,2026-09-27,08,常滑,一般,４４２１５５３２３５３３,2026-09-12,2026-09-17,09,津,一般,１　１４５６４　３２５,2026-09-01,2026-09-04,24,大村,一般,２１１３４３３１,2026-08-22,2026-08-26,20,若松,一般,４６５２４,4572,渡部 悟,2026-09-22,2026-09-27,11,びわこ,ＧⅢ,４３４　２５２　５５５,2026-09-11,2026-09-14,02,戸田,一般,２６６　６６３,2026-08-28,2026-09-02,05,多摩川,ＧⅢ,４　１５４５６　５３４６,2026-08-13,2026-08-18,12,住之江,一般,２　２２３　５３５５２４,2026-08-03,2026-08-08,17,宮島,一般,３　３３２　１４１４２３,3812,山崎 聖司,2026-09-21,2026-09-28,09,津,一般,６　３　２３３　６４２　１６,2026-09-03,2026-09-08,10,三国,一般,６　４４６　３６５　３６,2026-08-21,2026-08-26,03,江戸川,一般,２　３３４　１４５２６,2026-08-03,2026-08-08,17,宮島,一般,２５３　２３６３５　３６,2026-07-24,2026-07-27,02,戸田,一般,３４５　５４５,4930,佐藤 悠,2026-09-21,2026-09-28,09,津,一般,　　３２２　F３４　５　２,2026-09-12,2026-09-15,10,三国,一般,１２６５１　落４,2026-08-28,2026-09-02,05,多摩川,ＧⅢ,３　４３４３５１１５１５,2026-08-14,2026-08-19,10,三国,一般,３　１３３２２５４２[４],2026-08-03,2026-08-08,04,平和島,ＧⅢ,５　３２２　２４１５３１
202610081608,2026-10-08,16,08R,4485,楠原 正剛,2026-09-20,2026-09-25,01,桐生,一般,１５６　２４５　３４６１,2026-08-12,2026-08-17,22,福岡,一般,６１１　２５１３４３３１,2026-08-03,2026-08-08,19,下関,一般,６　５３４　６３落,2026-07-15,2026-07-20,18,徳山,一般,４　５１３　５３２３３,2026-07-03,2026-07-06,09,津,一般,６F３　５　６,4879,山崎 鉄平,2026-09-24,2026-09-29,13,尼崎,一般,６１５　６　２６４　３２,2026-09-16,2026-09-20,23,からつ,一般,６１,2026-09-03,2026-09-08,10,三国,一般,２　６６４　４３４　２転,2026-08-20,2026-08-23,24,大村,一般,３３３　４４１３,2026-08-09,2026-08-14,23,からつ,一般,５３３　３　３５４　１４,2538,高橋 二朗,2026-09-26,2026-09-30,02,戸田,一般,５　３５５　５５４６,2026-09-09,2026-09-13,05,多摩川,一般,６　５５４　転　６５,2026-08-28,2026-08-31,23,からつ,一般,４６４　６　４２,2026-08-15,2026-08-20,05,多摩川,一般,４　４４５　５５３　６,2026-07-28,2026-08-02,16,児島,一般,４　４６５　５５４　４４,3893,汐崎 正則,2026-09-18,2026-09-23,12,住之江,一般,２３１　６４５　４２１,2026-09-03,2026-09-06,02,戸田,一般,３６６　３５２２,2026-08-21,2026-08-26,06,浜名湖,一般,４２２　４６３２１４３１,2026-08-11,2026-08-16,07,蒲郡,一般,６４５　２　１５４２５,2026-07-22,2026-07-26,08,常滑,一般,５　５５,4553,坪口 竜也,2026-09-26,2026-10-02,15,丸亀,一般,３３５　６欠,2026-09-13,2026-09-18,22,福岡,一般,６５２３１２２　３６５４,2026-09-01,2026-09-04,24,大村,一般,２５４欠,2026-08-21,2026-08-26,06,浜名湖,一般,３４１３３　１１１２[６],2026-08-06,2026-08-10,24,大村,一般,３３２　２５２３２１,3257,田頭 実,2026-08-31,2026-09-05,20,若松,ＧⅢ,２１１　１１６４３１[１],2026-08-19,2026-08-24,19,下関,一般,５３３　１１１１６３１４,2026-08-07,2026-08-12,20,若松,一般,６欠,2026-07-22,2026-07-27,14,鳴門,一般,１　１６１４１F４　１,2026-07-07,2026-07-12,10,三国,ＧⅢ,５２１１１２２　２１[５]
202610081609,2026-10-08,16,09R,4259,真庭 明志,2026-09-26,2026-10-01,03,江戸川,一般,１　４５１　２３１　３６,2026-09-12,2026-09-17,09,津,一般,４　２３６　６１６　３１,2026-08-30,2026-09-02,21,芦屋,一般,２　３２４５２２,2026-08-17,2026-08-21,13,尼崎,一般,４４４　１３３　５１,2026-08-06,2026-08-10,24,大村,一般,２　１４４４１５１３,5070,中島 航,2026-09-22,2026-09-27,08,常滑,一般,４　２５４　１３６　６５,2026-09-05,2026-09-10,01,桐生,一般,３　落６１　３２６２３,2026-08-20,2026-08-23,02,戸田,一般,６　３５６４３２,2026-08-09,2026-08-15,03,江戸川,一般,１　２２３　５２１　[６],2026-07-25,2026-07-29,20,若松,一般,６４４　３３５　３４,3953,志道 吉和,2026-09-17,2026-09-21,15,丸亀,一般,２　５４４　６５５５,2026-08-31,2026-09-05,20,若松,ＧⅢ,３　３６４　５６４　２４,2026-08-16,2026-08-19,14,鳴門,一般,２　６５１４６３,2026-07-31,2026-08-05,06,浜名湖,ＧⅢ,５　３６１　６４４　６４,2026-07-10,2026-07-15,23,からつ,一般,５　５４２　１５４　６５,3934,鋤柄 貴俊,2026-09-26,2026-10-01,03,江戸川,一般,１　２６５　３３２　２５,2026-09-09,2026-09-13,05,多摩川,一般,４２２５１　１５２２,2026-08-24,2026-08-29,13,尼崎,一般,２　２５４５２　４２４２,2026-08-11,2026-08-16,07,蒲郡,一般,２　１５４３３　３４４４,2026-07-31,2026-08-05,06,浜名湖,ＧⅢ,６　４３５　４４４　３５,4276,鈴木 勝博,2026-09-13,2026-09-17,19,下関,一般,１　１１３　３１[２],2026-08-22,2026-08-27,22,福岡,一般,１２２１１２２　４１[１],2026-08-10,2026-08-15,08,常滑,一般,５６６,2026-07-24,2026-07-29,17,宮島,一般,１４３６１　４１４６１１,2026-07-13,2026-07-18,07,蒲郡,ＧⅡ,４　５　５６４５１　２,5426,甲斐 貴大,2026-09-17,2026-09-21,15,丸亀,一般,５　５　６５５３３６,2026-09-02,2026-09-07,22,福岡,一般,６　F　妨６６　６　６,2026-08-07,2026-08-12,20,若松,一般,６　３５６３６　６　５４,2026-07-29,2026-08-03,22,福岡,一般,　　　　　　　　　　３３,2026-07-23,2026-07-28,21,芦屋,一般,　　　　　　　　　　５６
202610081610,2026-10-08,16,10R,4583,古田 祐貴,2026-09-21,2026-09-26,18,徳山,一般,２６３　３３２　５４３３,2026-09-05,2026-09-11,03,江戸川,一般,３F３　３５２　３２４,2026-08-30,2026-09-02,21,芦屋,一般,５４６　５５４,2026-08-17,2026-08-21,15,丸亀,一般,３５２　１６５２[６],2026-08-03,2026-08-08,04,平和島,ＧⅢ,５２４　１６３　２３６３,4538,笠置 博之,2026-09-27,2026-10-02,14,鳴門,一般,１　１１１１１５１６６２,2026-09-18,2026-09-24,02,戸田,一般,１　６３２６１５１１２３,2026-09-05,2026-09-10,01,桐生,一般,６４４６２　３　５４６２,2026-06-01,2026-06-04,24,大村,一般,３　　　３６６２,2026-05-17,2026-05-23,15,丸亀,一般,４４２６５　５６３　２　F１,3542,清水 紀克,2026-09-18,2026-09-24,02,戸田,一般,５５３　４６４　３４１３,2026-09-02,2026-09-06,17,宮島,一般,２　５５６F５　６,2026-08-20,2026-08-23,24,大村,一般,２　６６３　５５,2026-08-10,2026-08-15,08,常滑,一般,１　３５５６５　６　３２,2026-07-19,2026-07-23,05,多摩川,一般,２　２４１　４６１６,5081,篠原 飛翔,2026-09-24,2026-09-29,19,下関,一般,１　４６４４４２２　１４,2026-09-14,2026-09-19,04,平和島,一般,２３１　１６１　５３５３,2026-09-02,2026-09-07,22,福岡,一般,４　４３４　５１２２２１,2026-08-22,2026-08-26,20,若松,一般,４２４　３６５６３６,2026-06-26,2026-07-01,17,宮島,一般,４３６５３　４６１　４２,4095,福来 剛,2026-09-26,2026-10-02,15,丸亀,一般,１６３　１１１２４１２１[３],2026-09-16,2026-09-21,05,多摩川,ＧⅠ,２３２　３４３　３　２２,2026-09-02,2026-09-07,22,福岡,一般,２６１５５１１　３３６３,2026-08-20,2026-08-23,04,平和島,一般,６１５３３５４５,2026-08-09,2026-08-15,03,江戸川,一般,３２１　F１３　６１２,4128,川口 貴久,2026-09-19,2026-09-24,06,浜名湖,一般,６　２３３　５４３５２,2026-09-03,2026-09-08,10,三国,一般,４４２　４５１　２５６,2026-08-19,2026-08-24,19,下関,一般,６　２５３２５４３　５４,2026-08-03,2026-08-08,04,平和島,ＧⅢ,３５３　１６６　５１４,2026-07-25,2026-07-29,20,若松,一般,６５５　１４１　５２
202610081611,2026-10-08,16,11R,4058,野末 智一,2026-09-30,2026-10-04,06,浜名湖,一般,２　２４４２１３５１,2026-09-22,2026-09-27,08,常滑,一般,４４２１５５３２３５３３,2026-09-12,2026-09-17,09,津,一般,１　１４５６４　３２５,2026-09-01,2026-09-04,24,大村,一般,２１１３４３３１,2026-08-22,2026-08-26,20,若松,一般,４６５２４,4958,溝口 海義也,2026-09-24,2026-09-29,13,尼崎,一般,１２１３４　２５１２[４],2026-09-17,2026-09-20,24,大村,一般,１１２３３１[３],2026-09-02,2026-09-07,22,福岡,一般,３　４４２　４２４３１１,2026-08-20,2026-08-25,21,芦屋,一般,３６５　３３４３１３１２,2026-08-07,2026-08-12,20,若松,一般,２３２２２５２　１５２３,5096,上原 崚,2026-09-26,2026-09-30,02,戸田,一般,５　３１２３２４２１,2026-09-16,2026-09-21,13,尼崎,一般,４２５　３３２　１５５５,2026-08-28,2026-09-02,05,多摩川,ＧⅢ,３１５　６２２３４５４４,2026-08-20,2026-08-23,24,大村,一般,３　４５４１１,2026-08-09,2026-08-15,03,江戸川,一般,２１転　２５３　３６１３,4348,宮崎 奨,2026-09-25,2026-09-30,05,多摩川,一般,５　５６,2026-09-15,2026-09-20,14,鳴門,一般,２４２　２４３４１３２１,2026-09-01,2026-09-04,24,大村,一般,落６１　３２１,2026-08-17,2026-08-21,15,丸亀,一般,３３３２３　２６１５,2026-08-04,2026-08-09,12,住之江,一般,３　４５５　２１３　２４,4003,表 憲一,2026-09-25,2026-09-30,05,多摩川,一般,５４２　２４６　４５４,2026-09-12,2026-09-15,10,三国,一般,３１４　２５４５,2026-08-27,2026-08-31,04,平和島,一般,２　３４５２５　２２,2026-08-14,2026-08-19,10,三国,一般,３４２　３５５　２４３３,2026-07-31,2026-08-04,13,尼崎,一般,５　４３３５２　１２,3873,別府 昌樹,2026-09-26,2026-09-30,02,戸田,一般,１２１５１　２５３２,2026-09-09,2026-09-14,21,芦屋,一般,２１３　２　２２４５,2026-08-24,2026-08-28,15,丸亀,一般,３　２３２　２欠,2026-08-16,2026-08-19,14,鳴門,一般,６　３１３３３４,2026-07-31,2026-08-04,13,尼崎,一般,２　５６２　４５２４
202610081612,2026-10-08,16,12R,4302,西野 翔太,2026-09-28,2026-10-02,24,大村,一般,１６３　６２１１[３],2026-09-19,2026-09-24,06,浜名湖,一般,２４３１３３１５５３３２,2026-09-09,2026-09-13,17,宮島,一般,１３２２３１３１[６],2026-08-23,2026-08-27,18,徳山,一般,１３３２転１２６,2026-08-14,2026-08-19,17,宮島,一般,５２１　１６３２妨４２,3746,岡瀬 正人,2026-09-24,2026-09-29,19,下関,一般,２２６　３３６　２４４５,2026-09-12,2026-09-15,10,三国,一般,２２３５１６１５,2026-09-03,2026-09-06,02,戸田,一般,４４３１６　３１,2026-08-22,2026-08-26,20,若松,一般,１３４３２　２１[３],2026-08-08,2026-08-13,16,児島,一般,２　６５５４２　３４１,4644,山田 亮太,2026-09-26,2026-10-01,03,江戸川,一般,３　４１２　３１４５１２,2026-09-12,2026-09-17,09,津,一般,１２５３１２２　１５２４,2026-08-30,2026-09-02,21,芦屋,一般,４６１５４　１１,2026-08-15,2026-08-20,05,多摩川,一般,６１２　４１３３４５１５,2026-08-04,2026-08-09,12,住之江,一般,４　１６３５５　２２３１,4930,佐藤 悠,2026-09-21,2026-09-28,09,津,一般,　　３２２　F３４　５　２,2026-09-12,2026-09-15,10,三国,一般,１２６５１　落４,2026-08-28,2026-09-02,05,多摩川,ＧⅢ,３　４３４３５１１５１５,2026-08-14,2026-08-19,10,三国,一般,３　１３３２２５４２[４],2026-08-03,2026-08-08,04,平和島,ＧⅢ,５　３２２　２４１５３１,3075,中村 裕将,2026-09-25,2026-09-30,05,多摩川,一般,１６５　６　５４５　１２,2026-09-11,2026-09-14,02,戸田,一般,１４２２４　５５,2026-08-12,2026-08-17,02,戸田,一般,２　２転４　２３３５２５,2026-08-02,2026-08-05,21,芦屋,一般,３４４　６６２,2026-07-19,2026-07-23,05,多摩川,一般,２　５５５　２５５４,4553,坪口 竜也,2026-09-26,2026-10-02,15,丸亀,一般,３３５　６欠,2026-09-13,2026-09-18,22,福岡,一般,６５２３１２２　３６５４,2026-09-01,2026-09-04,24,大村,一般,２５４欠,2026-08-21,2026-08-26,06,浜名湖,一般,３４１３３　１１１２[６],2026-08-06,2026-08-10,24,大村,一般,３３２　２５２３２１
202610082001,2026-10-08,20,01R,4197,渥美 卓郎,2026-09-20,2026-09-25,10,三国,一般,５　４４３　６３５　４５,2026-09-04,2026-09-08,07,蒲郡,一般,３５５　６　６６４,2026-08-21,2026-08-26,06,浜名湖,一般,５　１６１　６３２５２６,2026-08-06,2026-08-09,02,戸田,一般,５　５２６５１６,2026-07-23,2026-07-28,21,芦屋,一般,５５３　５３４　６　６３,5301,岩下 巧斗,2026-09-13,2026-09-18,07,蒲郡,一般,５２１　１４５４２４１２,2026-08-28,2026-09-02,05,多摩川,ＧⅢ,５４４　６　２１５４３１,2026-08-20,2026-08-23,04,平和島,一般,５　４６１５１,2026-08-11,2026-08-16,01,桐生,一般,５　３４６　１　３４２４,2026-08-04,2026-08-09,12,住之江,一般,３４２　２６３６２　１６,5131,江藤 敦宏,2026-09-16,2026-09-20,23,からつ,一般,５　４５１３５５６２,2026-09-02,2026-09-06,17,宮島,一般,６　５　２６４５１５,2026-08-20,2026-08-23,02,戸田,一般,４　６５５４６３,2026-08-04,2026-08-09,12,住之江,一般,３　６６４　６６４　６,2026-07-24,2026-07-27,06,浜名湖,一般,６３５　４６２,3892,草場 康幸,2026-09-17,2026-09-21,15,丸亀,一般,５５２　４４１　１５,2026-09-01,2026-09-06,12,住之江,一般,６３２　４３４　２　４,2026-08-20,2026-08-25,21,芦屋,一般,２　４２４　６２６２４５,2026-08-06,2026-08-10,24,大村,一般,５６１　５６５　３２,2026-07-22,2026-07-26,13,尼崎,一般,４　１６６　６５５,4496,内堀 学,2026-08-29,2026-09-03,19,下関,一般,２　４５２４２１３５２４,2026-08-20,2026-08-23,02,戸田,一般,２５５１２２３３,2026-08-11,2026-08-16,04,平和島,一般,２３１３４４２　１５１４,2026-07-28,2026-08-02,16,児島,一般,１４４１１　２１３１[F],2026-07-10,2026-07-15,23,からつ,一般,１５２　２３１４３２[６],5276,大島 隆乃介,2026-09-22,2026-09-27,22,福岡,一般,１　５６３３１　１３３５,2026-09-04,2026-09-09,11,びわこ,一般,２６２　３５４　４３２,2026-08-21,2026-08-26,03,江戸川,一般,４３１　５４１　３６４,2026-08-10,2026-08-15,21,芦屋,一般,４　３５４　５２３　３１,2026-07-21,2026-07-26,23,からつ,一般,１６５　６　２１４　３６
202610082002,2026-10-08,20,02R,3949,今出 晋二,2026-09-16,2026-09-21,13,尼崎,一般,５６４　６　５３転,2026-09-01,2026-09-04,24,大村,一般,６　４５４　５４,2026-08-19,2026-08-24,19,下関,一般,３６５　５５４　２　５３,2026-08-08,2026-08-13,16,児島,一般,６　３４６　２５４　３５,2026-07-02,2026-07-07,04,平和島,一般,６　３４２　２５２５５,3419,栗原 謙治,2026-09-17,2026-09-20,24,大村,一般,６５６６６　６,2026-08-20,2026-08-23,04,平和島,一般,５　４５６　５,2026-07-24,2026-07-27,02,戸田,一般,６　５６６　６,2026-07-03,2026-07-06,09,津,一般,６　６３５　６,2026-06-18,2026-06-21,04,平和島,一般,６　３６６　４,5367,赤松 咲香,2026-09-01,2026-09-06,12,住之江,一般,５　６　４６６　３４６６,2026-07-28,2026-07-31,24,大村,一般,６　６６６４６,2026-07-09,2026-07-13,16,児島,一般,６６５　６　４F６,2026-06-24,2026-06-29,12,住之江,一般,６６５　６６６　４　６,2026-06-09,2026-06-14,11,びわこ,一般,６６６　６　６６６６６,4158,木場 雄二郎,2026-09-21,2026-09-26,18,徳山,一般,３　２１６　２３３６１５,2026-09-09,2026-09-13,17,宮島,一般,５　４１３５２　２３,2026-08-30,2026-09-02,21,芦屋,一般,１　３４１６１４,2026-08-15,2026-08-20,18,徳山,一般,２３３　３６５　５５４,2026-08-04,2026-08-09,12,住之江,一般,１３２　３６５　４３１４,4748,渡邉 雄朗,2026-09-26,2026-10-01,03,江戸川,一般,２　１１３　２１転１[３],2026-09-15,2026-09-20,14,鳴門,一般,２　２６転６２１３　４,2026-08-09,2026-08-15,03,江戸川,一般,４１３　４１２　２　[４],2026-07-28,2026-07-31,24,大村,一般,５１４　６５５６,2026-07-15,2026-07-19,17,宮島,一般,２６３４４６,4736,高倉 和士,2026-09-22,2026-09-27,22,福岡,一般,２６４１５　１２２２[３],2026-09-12,2026-09-17,18,徳山,ＧⅠ,妨,2026-09-01,2026-09-06,12,住之江,一般,１２３　１１２１３１[２],2026-08-20,2026-08-23,24,大村,一般,１６３３５２[５],2026-08-10,2026-08-15,21,芦屋,一般,２２１４１　１２３１[４]
202610082003,2026-10-08,20,03R,4376,藤田 靖弘,2026-09-24,2026-09-29,19,下関,一般,２　２４５６１　４３５２,2026-09-09,2026-09-13,05,多摩川,一般,３３１　６２２６１１,2026-08-27,2026-08-31,04,平和島,一般,３　４４６３１５４６,2026-08-17,2026-08-21,13,尼崎,一般,４２１　４４１５２３,2026-08-03,2026-08-08,17,宮島,一般,６　１３１５２３１６２５,4900,中田 夕貴,2026-09-24,2026-09-29,21,芦屋,ＧⅢ,４５３２５３３　４１３,2026-09-13,2026-09-17,19,下関,一般,５６３６２　１　５２,2026-09-06,2026-09-11,14,鳴門,一般,４　２５２５１　５３２,2026-08-30,2026-09-04,06,浜名湖,ＧⅢ,３　１２２４１２５６１６,2026-08-12,2026-08-17,02,戸田,一般,６１６　２５６　４６５４,5027,重冨 勇哉,2026-09-26,2026-10-02,15,丸亀,一般,　　　　　　　　　　２３１３,2026-09-21,2026-09-26,18,徳山,一般,４６２　２１６４５１２４,2026-09-03,2026-09-08,10,三国,一般,５２４　６４５　２１１,2026-05-30,2026-06-03,12,住之江,一般,２４４　２４４　６５,2026-05-12,2026-05-16,01,桐生,一般,３　２６１６４６５３,4648,木村 亮太,2026-09-01,2026-09-05,13,尼崎,一般,２３３　３　３５４６,2026-08-20,2026-08-23,02,戸田,一般,５　３２,2026-08-09,2026-08-14,13,尼崎,一般,４５２　２　１３５　１５,2026-07-21,2026-07-26,23,からつ,一般,６　３１４６２　４　３１,2026-07-11,2026-07-14,04,平和島,一般,４　２４６　２１,4388,是澤 孝宏,2026-09-21,2026-09-26,18,徳山,一般,３２４５１６１　１５４４,2026-09-11,2026-09-14,02,戸田,一般,３１５３６　１１,2026-08-29,2026-09-03,16,児島,一般,２４２１５　４１４４１５,2026-08-15,2026-08-20,11,びわこ,一般,２１２２４　１２２２[１],2026-08-03,2026-08-08,17,宮島,一般,１　４２３２３３４２[５],3574,大神 康司,2026-09-16,2026-09-20,23,からつ,一般,１２５　５２１５３２,2026-09-07,2026-09-11,13,尼崎,一般,１３３４４１５２[２],2026-08-24,2026-08-28,15,丸亀,一般,３２３６４５１１２,2026-08-17,2026-08-20,20,若松,一般,２５４　３１２４,2026-08-06,2026-08-10,24,大村,一般,４　４４３３３１２３
202610082004,2026-10-08,20,04R,4123,細川 裕子,2026-08-24,2026-08-29,10,三国,一般,２　３２４４２３１転３４,2026-08-16,2026-08-19,14,鳴門,一般,１１５１４５６３,2026-08-06,2026-08-11,18,徳山,ＧⅠ,４４５　１　３２１　３３,2026-07-25,2026-07-30,04,平和島,一般,１１２４１１１　２F３,2026-07-13,2026-07-18,13,尼崎,ＧⅢ,２４１　２２１５転欠,5240,高橋 龍治,2026-09-22,2026-09-27,08,常滑,一般,４　４６６　４６５　２５,2026-09-13,2026-09-18,07,蒲郡,一般,５６４　４　４４３　５５,2026-08-26,2026-08-31,11,びわこ,一般,６　２６６　６６２　６５,2026-08-12,2026-08-17,22,福岡,一般,４　６３３　４１１４落５,2026-07-23,2026-07-28,03,江戸川,ＧⅢ,６６６　５４６,5037,田頭 虎親,2026-09-28,2026-10-02,24,大村,一般,１　４５４　１１４３,2026-09-18,2026-09-23,03,江戸川,一般,１１３　２６１３[１],2026-09-03,2026-09-08,10,三国,一般,３　５５１　３５５１エ,2026-08-17,2026-08-21,15,丸亀,一般,５　５５６　１　２３,2026-08-03,2026-08-08,17,宮島,一般,１　２３１　４４４２[６],4992,廣瀬 篤哉,2026-09-19,2026-09-24,06,浜名湖,一般,５２２　２　３６３６１６,2026-09-05,2026-09-10,01,桐生,一般,２６４　５４４　２　１３,2026-08-19,2026-08-24,19,下関,一般,６６４　２２５　５１６,2026-07-31,2026-08-04,13,尼崎,一般,４４４　６６,2026-07-18,2026-07-21,20,若松,一般,６１１６１４６４,4261,岡 祐臣,2026-09-21,2026-09-28,09,津,一般,　　１３６２１　２２３２[５],2026-09-09,2026-09-14,21,芦屋,一般,２１３３１　４６１１[３],2026-08-26,2026-08-31,11,びわこ,一般,１５４３６　４４１　４４,2026-08-15,2026-08-20,09,津,一般,１２３　６５３２１４２４,2026-08-08,2026-08-11,05,多摩川,一般,１１２　５４４６,4677,片橋 幸貴,2026-09-28,2026-10-03,16,児島,ＧⅠ,５　２４４　４　６６４,2026-09-21,2026-09-26,18,徳山,一般,転　４６４４３２３　２２,2026-09-11,2026-09-15,06,浜名湖,一般,６５１　３３４３３２,2026-08-30,2026-09-03,08,常滑,一般,１３１５２２３３３１,2026-08-15,2026-08-20,11,びわこ,一般,転　１３４６２４６　２１
202610082005,2026-10-08,20,05R,4025,山本 隆幸,2026-09-25,2026-09-30,05,多摩川,一般,１４５　２１２２１６１５,2026-09-16,2026-09-21,13,尼崎,一般,１５５１４　１２１３３１,2026-09-05,2026-09-10,01,桐生,一般,６　２２２２４２２１[１],2026-08-20,2026-08-25,21,芦屋,一般,４１６５３４１２３４１５,2026-08-09,2026-08-14,13,尼崎,一般,３１１　２４３　２　[４],3905,天野 友和,2026-09-22,2026-09-27,08,常滑,一般,２２３３３１３　２４４４,2026-09-13,2026-09-18,11,びわこ,一般,３　３３２３３４１５１１,2026-09-01,2026-09-05,13,尼崎,一般,４　２４４３２　３１,2026-08-19,2026-08-24,19,下関,一般,５４１　２５３３１３３３,2026-08-08,2026-08-11,05,多摩川,一般,４３３４１　５４,5395,日高 龍之介,2026-09-13,2026-09-18,22,福岡,一般,２　４５５　６２５　６４,2026-08-21,2026-08-24,07,蒲郡,一般,４５４　５２１２,2026-08-06,2026-08-10,24,大村,一般,２　６１４３４　３１,2026-07-21,2026-07-26,23,からつ,一般,６　５６４６４　６５５,2026-07-09,2026-07-14,15,丸亀,一般,５　３５６　４６６　６３,4842,山下 昂大,2026-09-22,2026-09-27,11,びわこ,ＧⅢ,１４５　５５４　１　４５,2026-09-12,2026-09-15,10,三国,一般,４　転６,2026-08-29,2026-09-03,16,児島,一般,２５５６１３１　１６１３,2026-08-20,2026-08-23,23,からつ,一般,４３１３４３５１,2026-08-11,2026-08-16,19,下関,一般,２　２４１５１　４２[４],4778,堤 啓輔,2026-08-29,2026-09-03,16,児島,一般,５　２２１　３５４６２１,2026-07-24,2026-07-27,06,浜名湖,一般,３４F６３　２,2026-07-14,2026-07-19,01,桐生,一般,１　５６６　１２６　６,2026-07-03,2026-07-08,13,尼崎,一般,４４３　２３５　３４３６,2026-06-22,2026-06-27,23,からつ,一般,　　　　　　　　　　１６,4919,吉田 翔悟,2026-09-19,2026-09-24,06,浜名湖,一般,１　１２５５３　１４２６,2026-09-05,2026-09-10,01,桐生,一般,６　５４１　５５４　３６,2026-07-18,2026-07-22,10,三国,一般,５　１３２６１　６４,2026-07-02,2026-07-06,21,芦屋,一般,２　３２３６１４４５,2026-05-27,2026-05-31,18,徳山,一般,５５４　４　５４６
202610082006,2026-10-08,20,06R,4451,松崎 祐太郎,2026-09-21,2026-09-28,09,津,一般,４　４　４５,2026-09-11,2026-09-14,02,戸田,一般,１５２４１　４２,2026-08-27,2026-09-01,07,蒲郡,一般,１４２　２３２２１１[３],2026-08-12,2026-08-17,22,福岡,一般,３　妨６,2026-08-03,2026-08-08,19,下関,一般,４　３２５２２３２４１２,5209,小野 京平,2026-09-14,2026-09-19,04,平和島,一般,４　５５５　６　１５４,2026-09-01,2026-09-06,12,住之江,一般,３　５６３　５６５　２３,2026-08-20,2026-08-25,21,芦屋,一般,６　３２５　３２６　３４,2026-08-05,2026-08-10,09,津,一般,６　３６２　６６５　４３,2026-07-24,2026-07-27,02,戸田,一般,１　２２６６５６,3892,草場 康幸,2026-09-17,2026-09-21,15,丸亀,一般,５５２　４４１　１５,2026-09-01,2026-09-06,12,住之江,一般,６３２　４３４　２　４,2026-08-20,2026-08-25,21,芦屋,一般,２　４２４　６２６２４５,2026-08-06,2026-08-10,24,大村,一般,５６１　５６５　３２,2026-07-22,2026-07-26,13,尼崎,一般,４　１６６　６５５,3579,中里 優子,2026-09-24,2026-09-29,21,芦屋,ＧⅢ,４４６　６６２　５５３,2026-08-30,2026-09-04,06,浜名湖,ＧⅢ,１２３　２３２４２４５４,2026-08-12,2026-08-17,24,大村,ＧⅢ,６　２４５４４　３　２１,2026-07-07,2026-07-12,08,常滑,一般,４　１５６　５転,2026-06-28,2026-07-01,10,三国,一般,５１４　４２６３,4287,今井 貴士,2026-09-22,2026-09-27,22,福岡,一般,１　６５４３１３１４１１,2026-09-11,2026-09-16,12,住之江,一般,１６３　１４１　１５４５,2026-08-29,2026-09-03,16,児島,一般,２　４３１２４３４３５４,2026-08-20,2026-08-23,02,戸田,一般,６３５２３　２１,2026-08-06,2026-08-10,24,大村,一般,１６４３２　３６２２,3721,守田 俊介,2026-09-22,2026-09-27,11,びわこ,ＧⅢ,３４４４１２２　１５１４,2026-09-11,2026-09-15,06,浜名湖,一般,４３４５１２１１[１],2026-08-29,2026-09-03,19,下関,一般,１２１　２１４２６１[２],2026-08-15,2026-08-20,11,びわこ,一般,２３４１１　１１１２[２],2026-08-04,2026-08-09,10,三国,一般,１１３４６　１１２４１５
202610082007,2026-10-08,20,07R,4181,花本 夏樹,2026-09-22,2026-09-27,22,福岡,一般,２　５６６　６３２　５５,2026-09-05,2026-09-10,01,桐生,一般,６　２３２　２３５５５６,2026-08-15,2026-08-20,09,津,一般,４　５５２　５３４　５６,2026-08-04,2026-08-09,10,三国,一般,６３４　３４６　４５４２,2026-07-24,2026-07-27,12,住之江,一般,５　３６４　２４,5131,江藤 敦宏,2026-09-16,2026-09-20,23,からつ,一般,５　４５１３５５６２,2026-09-02,2026-09-06,17,宮島,一般,６　５　２６４５１５,2026-08-20,2026-08-23,02,戸田,一般,４　６５５４６３,2026-08-04,2026-08-09,12,住之江,一般,３　６６４　６６４　６,2026-07-24,2026-07-27,06,浜名湖,一般,６３５　４６２,3578,塩田 雄一,2026-09-24,2026-09-29,13,尼崎,一般,５　４４１　６５６　５３,2026-09-15,2026-09-20,14,鳴門,一般,６　４５３　５４５　４６,2026-05-27,2026-06-01,08,常滑,一般,３４４　５落,2026-05-10,2026-05-14,23,からつ,一般,１４５　２４２　５６,2026-04-25,2026-04-30,15,丸亀,一般,５６５　５６１　６１６,5380,野田 亜湖,2026-09-18,2026-09-23,17,宮島,ＧⅢ,６　４５６　６６６　６４,2026-09-06,2026-09-11,14,鳴門,一般,５　６６６　５　６６６６,2026-08-24,2026-08-29,13,尼崎,一般,６　５６６　６６６　５,2026-08-12,2026-08-17,24,大村,ＧⅢ,６　６６６６６　５　５,2026-07-25,2026-07-30,04,平和島,一般,６　６６６　６６６　６６,4964,土屋 南,2026-09-24,2026-09-29,21,芦屋,ＧⅢ,１　１２５５１３３３３２,2026-09-12,2026-09-17,08,常滑,一般,１５２１１　３１２１[１],2026-08-18,2026-08-23,16,児島,一般,２４３　４６２２５１４３,2026-08-06,2026-08-11,18,徳山,ＧⅠ,３　２６２　１　３　２４,2026-07-19,2026-07-24,19,下関,ＧⅢ,５　３３２１４　３５１４,3776,横井 健太,2026-09-17,2026-09-20,24,大村,一般,３　５６４　６５,2026-09-03,2026-09-08,10,三国,一般,５　６４６　６５５　６,2026-08-17,2026-08-21,13,尼崎,一般,５　６４３　４５６,2026-08-03,2026-08-08,19,下関,一般,５５６　５６３　１　６,2026-07-24,2026-07-29,17,宮島,一般,４　５４５　５６妨欠
202610082008,2026-10-08,20,08R,4695,尾崎 雄二,2026-09-22,2026-09-27,22,福岡,一般,２　２６３５５６５　１,2026-09-12,2026-09-17,09,津,一般,５　３１３　５３４　４４,2026-08-30,2026-09-03,08,常滑,一般,３　６２４３５２３５,2026-08-17,2026-08-21,13,尼崎,一般,１　２５４１３４１６,2026-08-06,2026-08-10,24,大村,一般,３　５３１６３５５２,4496,内堀 学,2026-08-29,2026-09-03,19,下関,一般,２　４５２４２１３５２４,2026-08-20,2026-08-23,02,戸田,一般,２５５１２２３３,2026-08-11,2026-08-16,04,平和島,一般,２３１３４４２　１５１４,2026-07-28,2026-08-02,16,児島,一般,１４４１１　２１３１[F],2026-07-10,2026-07-15,23,からつ,一般,１５２　２３１４３２[６],5148,松本 怜,2026-08-29,2026-09-03,19,下関,一般,２　６４１３４　５４６,2026-08-16,2026-08-19,14,鳴門,一般,４４４　５６１,2026-07-28,2026-07-31,24,大村,一般,３　６４５２３,2026-07-13,2026-07-18,13,尼崎,ＧⅢ,３４１　２４５　４５F５,2026-06-24,2026-06-29,12,住之江,一般,４６３　３２５　２　３４,3340,池田 雷太,2026-09-18,2026-09-23,03,江戸川,一般,４５５　５３３５２,2026-08-31,2026-09-05,18,徳山,一般,３　４６６　４３１　２４,2026-08-20,2026-08-23,24,大村,一般,５　１６４　６３,2026-08-09,2026-08-15,03,江戸川,一般,２　１４１　３２５　５４,2026-07-28,2026-08-02,16,児島,一般,６　３５６　４６５６２,3566,川添 英正,2026-09-16,2026-09-21,13,尼崎,一般,５６２　１６５　５　５,2026-09-03,2026-09-06,02,戸田,一般,３３３　５４４１,2026-08-20,2026-08-25,21,芦屋,一般,２　２５１　５６２４６,2026-08-09,2026-08-14,23,からつ,一般,４　３３３　４４４　５３,2026-07-27,2026-07-31,19,下関,一般,４４４３５　４　４,3910,松下 知幸,2026-09-19,2026-09-24,06,浜名湖,一般,３４４　２　５３５１２,2026-09-01,2026-09-06,12,住之江,一般,６　３５６　５４４　３５,2026-08-17,2026-08-21,15,丸亀,一般,５　１４４　２６４,2026-07-28,2026-08-02,16,児島,一般,４　６２２　５１５５５３,2026-07-15,2026-07-19,17,宮島,一般,３　３５６４４　５４
202610082009,2026-10-08,20,09R,5276,大島 隆乃介,2026-09-22,2026-09-27,22,福岡,一般,１　５６３３１　１３３５,2026-09-04,2026-09-09,11,びわこ,一般,２６２　３５４　４３２,2026-08-21,2026-08-26,03,江戸川,一般,４３１　５４１　３６４,2026-08-10,2026-08-15,21,芦屋,一般,４　３５４　５２３　３１,2026-07-21,2026-07-26,23,からつ,一般,１６５　６　２１４　３６,5037,田頭 虎親,2026-09-28,2026-10-02,24,大村,一般,１　４５４　１１４３,2026-09-18,2026-09-23,03,江戸川,一般,１１３　２６１３[１],2026-09-03,2026-09-08,10,三国,一般,３　５５１　３５５１エ,2026-08-17,2026-08-21,15,丸亀,一般,５　５５６　１　２３,2026-08-03,2026-08-08,17,宮島,一般,１　２３１　４４４２[６],4748,渡邉 雄朗,2026-09-26,2026-10-01,03,江戸川,一般,２　１１３　２１転１[３],2026-09-15,2026-09-20,14,鳴門,一般,２　２６転６２１３　４,2026-08-09,2026-08-15,03,江戸川,一般,４１３　４１２　２　[４],2026-07-28,2026-07-31,24,大村,一般,５１４　６５５６,2026-07-15,2026-07-19,17,宮島,一般,２６３４４６,3574,大神 康司,2026-09-16,2026-09-20,23,からつ,一般,１２５　５２１５３２,2026-09-07,2026-09-11,13,尼崎,一般,１３３４４１５２[２],2026-08-24,2026-08-28,15,丸亀,一般,３２３６４５１１２,2026-08-17,2026-08-20,20,若松,一般,２５４　３１２４,2026-08-06,2026-08-10,24,大村,一般,４　４４３３３１２３,5301,岩下 巧斗,2026-09-13,2026-09-18,07,蒲郡,一般,５２１　１４５４２４１２,2026-08-28,2026-09-02,05,多摩川,ＧⅢ,５４４　６　２１５４３１,2026-08-20,2026-08-23,04,平和島,一般,５　４６１５１,2026-08-11,2026-08-16,01,桐生,一般,５　３４６　１　３４２４,2026-08-04,2026-08-09,12,住之江,一般,３４２　２６３６２　１６,5240,高橋 龍治,2026-09-22,2026-09-27,08,常滑,一般,４　４６６　４６５　２５,2026-09-13,2026-09-18,07,蒲郡,一般,５６４　４　４４３　５５,2026-08-26,2026-08-31,11,びわこ,一般,６　２６６　６６２　６５,2026-08-12,2026-08-17,22,福岡,一般,４　６３３　４１１４落５,2026-07-23,2026-07-28,03,江戸川,ＧⅢ,６６６　５４６
202610082010,2026-10-08,20,10R,4736,高倉 和士,2026-09-22,2026-09-27,22,福岡,一般,２６４１５　１２２２[３],2026-09-12,2026-09-17,18,徳山,ＧⅠ,妨,2026-09-01,2026-09-06,12,住之江,一般,１２３　１１２１３１[２],2026-08-20,2026-08-23,24,大村,一般,１６３３５２[５],2026-08-10,2026-08-15,21,芦屋,一般,２２１４１　１２３１[４],4677,片橋 幸貴,2026-09-28,2026-10-03,16,児島,ＧⅠ,５　２４４　４　６６４,2026-09-21,2026-09-26,18,徳山,一般,転　４６４４３２３　２２,2026-09-11,2026-09-15,06,浜名湖,一般,６５１　３３４３３２,2026-08-30,2026-09-03,08,常滑,一般,１３１５２２３３３１,2026-08-15,2026-08-20,11,びわこ,一般,転　１３４６２４６　２１,4025,山本 隆幸,2026-09-25,2026-09-30,05,多摩川,一般,１４５　２１２２１６１５,2026-09-16,2026-09-21,13,尼崎,一般,１５５１４　１２１３３１,2026-09-05,2026-09-10,01,桐生,一般,６　２２２２４２２１[１],2026-08-20,2026-08-25,21,芦屋,一般,４１６５３４１２３４１５,2026-08-09,2026-08-14,13,尼崎,一般,３１１　２４３　２　[４],4900,中田 夕貴,2026-09-24,2026-09-29,21,芦屋,ＧⅢ,４５３２５３３　４１３,2026-09-13,2026-09-17,19,下関,一般,５６３６２　１　５２,2026-09-06,2026-09-11,14,鳴門,一般,４　２５２５１　５３２,2026-08-30,2026-09-04,06,浜名湖,ＧⅢ,３　１２２４１２５６１６,2026-08-12,2026-08-17,02,戸田,一般,６１６　２５６　４６５４,4123,細川 裕子,2026-08-24,2026-08-29,10,三国,一般,２　３２４４２３１転３４,2026-08-16,2026-08-19,14,鳴門,一般,１１５１４５６３,2026-08-06,2026-08-11,18,徳山,ＧⅠ,４４５　１　３２１　３３,2026-07-25,2026-07-30,04,平和島,一般,１１２４１１１　２F３,2026-07-13,2026-07-18,13,尼崎,ＧⅢ,２４１　２２１５転欠,5027,重冨 勇哉,2026-09-26,2026-10-02,15,丸亀,一般,　　　　　　　　　　２３１３,2026-09-21,2026-09-26,18,徳山,一般,４６２　２１６４５１２４,2026-09-03,2026-09-08,10,三国,一般,５２４　６４５　２１１,2026-05-30,2026-06-03,12,住之江,一般,２４４　２４４　６５,2026-05-12,2026-05-16,01,桐生,一般,３　２６１６４６５３
202610082011,2026-10-08,20,11R,3721,守田 俊介,2026-09-22,2026-09-27,11,びわこ,ＧⅢ,３４４４１２２　１５１４,2026-09-11,2026-09-15,06,浜名湖,一般,４３４５１２１１[１],2026-08-29,2026-09-03,19,下関,一般,１２１　２１４２６１[２],2026-08-15,2026-08-20,11,びわこ,一般,２３４１１　１１１２[２],2026-08-04,2026-08-09,10,三国,一般,１１３４６　１１２４１５,4261,岡 祐臣,2026-09-21,2026-09-28,09,津,一般,　　１３６２１　２２３２[５],2026-09-09,2026-09-14,21,芦屋,一般,２１３３１　４６１１[３],2026-08-26,2026-08-31,11,びわこ,一般,１５４３６　４４１　４４,2026-08-15,2026-08-20,09,津,一般,１２３　６５３２１４２４,2026-08-08,2026-08-11,05,多摩川,一般,１１２　５４４６,4451,松崎 祐太郎,2026-09-21,2026-09-28,09,津,一般,４　４　４５,2026-09-11,2026-09-14,02,戸田,一般,１５２４１　４２,2026-08-27,2026-09-01,07,蒲郡,一般,１４２　２３２２１１[３],2026-08-12,2026-08-17,22,福岡,一般,３　妨６,2026-08-03,2026-08-08,19,下関,一般,４　３２５２２３２４１２,4388,是澤 孝宏,2026-09-21,2026-09-26,18,徳山,一般,３２４５１６１　１５４４,2026-09-11,2026-09-14,02,戸田,一般,３１５３６　１１,2026-08-29,2026-09-03,16,児島,一般,２４２１５　４１４４１５,2026-08-15,2026-08-20,11,びわこ,一般,２１２２４　１２２２[１],2026-08-03,2026-08-08,17,宮島,一般,１　４２３２３３４２[５],3905,天野 友和,2026-09-22,2026-09-27,08,常滑,一般,２２３３３１３　２４４４,2026-09-13,2026-09-18,11,びわこ,一般,３　３３２３３４１５１１,2026-09-01,2026-09-05,13,尼崎,一般,４　２４４３２　３１,2026-08-19,2026-08-24,19,下関,一般,５４１　２５３３１３３３,2026-08-08,2026-08-11,05,多摩川,一般,４３３４１　５４,4376,藤田 靖弘,2026-09-24,2026-09-29,19,下関,一般,２　２４５６１　４３５２,2026-09-09,2026-09-13,05,多摩川,一般,３３１　６２２６１１,2026-08-27,2026-08-31,04,平和島,一般,３　４４６３１５４６,2026-08-17,2026-08-21,13,尼崎,一般,４２１　４４１５２３,2026-08-03,2026-08-08,17,宮島,一般,６　１３１５２３１６２５
202610082012,2026-10-08,20,12R,4287,今井 貴士,2026-09-22,2026-09-27,22,福岡,一般,１　６５４３１３１４１１,2026-09-11,2026-09-16,12,住之江,一般,１６３　１４１　１５４５,2026-08-29,2026-09-03,16,児島,一般,２　４３１２４３４３５４,2026-08-20,2026-08-23,02,戸田,一般,６３５２３　２１,2026-08-06,2026-08-10,24,大村,一般,１６４３２　３６２２,4919,吉田 翔悟,2026-09-19,2026-09-24,06,浜名湖,一般,１　１２５５３　１４２６,2026-09-05,2026-09-10,01,桐生,一般,６　５４１　５５４　３６,2026-07-18,2026-07-22,10,三国,一般,５　１３２６１　６４,2026-07-02,2026-07-06,21,芦屋,一般,２　３２３６１４４５,2026-05-27,2026-05-31,18,徳山,一般,５５４　４　５４６,4648,木村 亮太,2026-09-01,2026-09-05,13,尼崎,一般,２３３　３　３５４６,2026-08-20,2026-08-23,02,戸田,一般,５　３２,2026-08-09,2026-08-14,13,尼崎,一般,４５２　２　１３５　１５,2026-07-21,2026-07-26,23,からつ,一般,６　３１４６２　４　３１,2026-07-11,2026-07-14,04,平和島,一般,４　２４６　２１,3949,今出 晋二,2026-09-16,2026-09-21,13,尼崎,一般,５６４　６　５３転,2026-09-01,2026-09-04,24,大村,一般,６　４５４　５４,2026-08-19,2026-08-24,19,下関,一般,３６５　５５４　２　５３,2026-08-08,2026-08-13,16,児島,一般,６　３４６　２５４　３５,2026-07-02,2026-07-07,04,平和島,一般,６　３４２　２５２５５,4992,廣瀬 篤哉,2026-09-19,2026-09-24,06,浜名湖,一般,５２２　２　３６３６１６,2026-09-05,2026-09-10,01,桐生,一般,２６４　５４４　２　１３,2026-08-19,2026-08-24,19,下関,一般,６６４　２２５　５１６,2026-07-31,2026-08-04,13,尼崎,一般,４４４　６６,2026-07-18,2026-07-21,20,若松,一般,６１１６１４６４,5209,小野 京平,2026-09-14,2026-09-19,04,平和島,一般,４　５５５　６　１５４,2026-09-01,2026-09-06,12,住之江,一般,３　５６３　５６５　２３,2026-08-20,2026-08-25,21,芦屋,一般,６　３２５　３２６　３４,2026-08-05,2026-08-10,09,津,一般,６　３６２　６６５　４３,2026-07-24,2026-07-27,02,戸田,一般,１　２２６６５６
202610082301,2026-10-08,23,01R,4053,芦澤 望,2026-09-26,2026-10-02,15,丸亀,一般,１４２　１５２５５４５３５１,2026-09-14,2026-09-19,04,平和島,一般,３４２　３３１４１２[５],2026-08-31,2026-09-05,20,若松,ＧⅢ,６３３　４１４１,2026-08-21,2026-08-24,07,蒲郡,一般,５　１５２４２１,2026-08-11,2026-08-16,04,平和島,一般,５　２３１　５３４５３３,5071,野見山 拓己,2026-09-22,2026-09-27,11,びわこ,ＧⅢ,４１４　３４４　２４５,2026-09-05,2026-09-11,03,江戸川,一般,５６１　３３４　６２５,2026-08-21,2026-08-26,06,浜名湖,一般,２　２４１２４３２３５３,2026-07-15,2026-07-19,17,宮島,一般,３６４　４　３６４４,2026-07-02,2026-07-07,04,平和島,一般,５６２　５　４５５　３４,5347,井澤 聖奈,2026-09-30,2026-10-04,06,浜名湖,一般,６　６６６　６６４６,2026-09-12,2026-09-17,08,常滑,一般,２　５５５４５４６　３４,2026-08-10,2026-08-15,08,常滑,一般,３　４６５　６６６　６６,2026-07-25,2026-07-30,04,平和島,一般,６　６５４　６６５　６６,2026-07-14,2026-07-19,01,桐生,一般,６６６　６　６６５　６,3809,吉田 光,2026-09-27,2026-10-02,14,鳴門,一般,５　３３６６２　３　３４,2026-08-20,2026-08-25,21,芦屋,一般,３３１　１　２２１３４１,2026-08-09,2026-08-14,23,からつ,一般,５　３５４　３６４　４,2026-07-28,2026-07-31,24,大村,一般,５３６　６４３,2026-07-18,2026-07-21,04,平和島,一般,４　３４４６F４,5428,古園井 綾南,2026-09-27,2026-10-02,14,鳴門,一般,６６６　６　６　６６５,2026-09-13,2026-09-18,22,福岡,一般,６　６６６　６　６６６,2026-08-09,2026-08-14,23,からつ,一般,６　６６６　６６６　６,2026-07-09,2026-07-13,14,鳴門,一般,６　６６６　６６６,2026-06-01,2026-06-05,19,下関,一般,６　６６６　６　６６,4438,森作 雄大,2026-09-22,2026-09-27,08,常滑,一般,６１４　５３３　６４４,2026-09-05,2026-09-11,03,江戸川,一般,３　４１１　１４３６１４,2026-08-22,2026-08-26,20,若松,一般,２４２１３　１５１３,2026-08-09,2026-08-15,03,江戸川,一般,１４３　６１６　１２６５,2026-07-29,2026-08-03,22,福岡,一般,２１１１４５４　１５１４
202610082302,2026-10-08,23,02R,4584,村岡 賢人,2026-09-28,2026-10-03,16,児島,ＧⅠ,２　１３２　３　２　[６],2026-09-16,2026-09-21,13,尼崎,一般,１３２　１１２１３１[２],2026-08-30,2026-09-02,21,芦屋,一般,１４１１２１[１],2026-08-20,2026-08-23,24,大村,一般,３３１１３１[１],2026-08-08,2026-08-13,16,児島,一般,２　４４１４２４１４３２,4045,佐々木 裕美,2026-10-01,2026-10-06,19,下関,一般,３４１１６　６　４３５１,2026-09-12,2026-09-17,08,常滑,一般,２５４　２５４１２６５１,2026-08-25,2026-08-30,09,津,一般,転６５　６　２６,2026-08-15,2026-08-20,18,徳山,一般,４２４　４　６２４５４,2026-07-31,2026-08-05,01,桐生,ＧⅢ,１　２３４６１６４１６,4676,後藤 隼之,2026-09-27,2026-10-02,14,鳴門,一般,２４１６４２１　４５１５,2026-09-17,2026-09-20,24,大村,一般,５　２２４６５４,2026-08-11,2026-08-16,04,平和島,一般,４　３２２　５３５４４３,2026-07-29,2026-08-03,22,福岡,一般,２　３４不５１転３　３１,2026-07-19,2026-07-23,05,多摩川,一般,５３３２４　６１２３,3617,竹田 広樹,2026-09-20,2026-09-25,10,三国,一般,６　６　６４３６６　２３,2026-09-01,2026-09-05,13,尼崎,一般,５　６５６　６　６５,2026-08-20,2026-08-25,21,芦屋,一般,１６１　１　１４６６２６,2026-08-09,2026-08-14,23,からつ,一般,６　５４５５５　６５３,2026-07-29,2026-08-01,18,徳山,一般,６６５　６１６,4440,萩原 知哉,2026-09-26,2026-10-01,03,江戸川,一般,４４５　３２２５３　３３,2026-09-05,2026-09-10,01,桐生,一般,５２１　３５６　６１５,2026-08-20,2026-08-25,21,芦屋,一般,６５６　２５,2026-08-09,2026-08-15,03,江戸川,一般,３　６３４　２５４　１６,2026-07-29,2026-08-03,23,からつ,一般,５　４１５　４２５６２６,4527,高野 心吾,2026-09-24,2026-09-29,19,下関,一般,１　６３５３２　４１３６,2026-09-04,2026-09-08,07,蒲郡,一般,４　６６２　５２１４,2026-08-20,2026-08-23,24,大村,一般,２　５４６３２,2026-08-10,2026-08-15,08,常滑,一般,６３４　３６６　２　５２,2026-07-29,2026-08-01,18,徳山,一般,２３５１２６５６
202610082303,2026-10-08,23,03R,4356,長岡 良也,2026-09-26,2026-09-30,02,戸田,一般,１１２３４　３２[３],2026-09-15,2026-09-20,14,鳴門,一般,５６２　１５３２１６２２,2026-08-31,2026-09-05,18,徳山,一般,４２３２１２２　３１[５],2026-08-21,2026-08-24,07,蒲郡,一般,３１２６６２[４],2026-08-11,2026-08-16,19,下関,一般,３　４４１２３　４５１３,5107,松本 真広,2026-09-17,2026-09-22,16,児島,一般,４　６２３　６６６　６６,2026-09-05,2026-09-10,01,桐生,一般,１　１６３落４　５４２,2026-07-23,2026-07-28,03,江戸川,ＧⅢ,６　４６１　４４４３３４,2026-07-07,2026-07-12,20,若松,ＧⅢ,６６４　４　５３５　６３,2026-06-25,2026-06-29,18,徳山,一般,２　３５５３３３３,3967,鈴木 茂高,2026-09-27,2026-10-02,14,鳴門,一般,３　５４３４４　３　３３,2026-09-12,2026-09-15,10,三国,一般,６　５６５　５１,2026-08-29,2026-09-03,19,下関,一般,２５６　５２４６５　６,2026-07-24,2026-07-27,12,住之江,一般,４３２　４２３,2026-07-14,2026-07-17,24,大村,一般,１６６　６　５２,5053,山口 広樹,2026-09-22,2026-09-27,08,常滑,一般,３６３　１４３　４５１３,2026-09-05,2026-09-11,03,江戸川,一般,５　５５２　転６５　５５,2026-08-21,2026-08-26,06,浜名湖,一般,１５２　２６４３３５１６,2026-08-10,2026-08-15,21,芦屋,一般,４５５　５５４　３１３,2026-07-23,2026-07-27,01,桐生,一般,６　６５５　６５２,4464,山下 友貴,2026-08-30,2026-09-04,06,浜名湖,ＧⅢ,３　５４４５２３２　１２,2026-08-12,2026-08-17,24,大村,ＧⅢ,４１５１４　４１３４１３,2026-07-25,2026-07-30,04,平和島,一般,２５１２４　５６F６４,2026-07-10,2026-07-15,06,浜名湖,一般,２１３２１　２２３１[１],2026-07-01,2026-07-06,07,蒲郡,一般,２１２　５６１　３２[２],5048,眞鳥 康太,2026-09-25,2026-09-30,05,多摩川,一般,４　５６６　１４６　４,2026-09-05,2026-09-10,01,桐生,一般,４４４　１４５　３６６,2026-08-21,2026-08-26,03,江戸川,一般,３３３　転２２　６６１,2026-08-06,2026-08-10,24,大村,一般,１　３２５５１４２５,2026-07-27,2026-08-01,10,三国,一般,３　２３２２５６１４４６
202610082304,2026-10-08,23,04R,4257,古川 健,2026-09-22,2026-09-27,22,福岡,一般,２３５　５６６　３　２２,2026-09-05,2026-09-11,03,江戸川,一般,４５１　４６３　４２６,2026-08-20,2026-08-25,21,芦屋,一般,１　１３３　６４３５１３,2026-07-29,2026-08-01,18,徳山,一般,６２５　３２５,2026-07-15,2026-07-19,17,宮島,一般,１４２　２６２５２６,4949,横田 貴満,2026-09-24,2026-09-29,19,下関,一般,２３１４１　１１１１[５],2026-09-12,2026-09-17,09,津,一般,２５５　５２１　２３１,2026-08-29,2026-09-03,16,児島,一般,３　２５５５３４,2026-08-20,2026-08-23,23,からつ,一般,４２４２４３４１,2026-08-06,2026-08-10,24,大村,一般,４１３３３　５３５３,3900,香川 素子,2026-09-27,2026-10-02,14,鳴門,一般,３５４２２４２　２４４４,2026-09-12,2026-09-17,09,津,一般,１６５　３３５　１２３５,2026-08-06,2026-08-11,18,徳山,ＧⅠ,落５３　１　６４４　６,2026-07-28,2026-08-02,15,丸亀,一般,３３４２４　５６６５２４,2026-07-19,2026-07-24,19,下関,ＧⅢ,２１４　４３３１３２[２],3463,乙津 康志,2026-09-26,2026-09-30,02,戸田,一般,５４３　３５５　１３,2026-09-09,2026-09-13,05,多摩川,一般,６３６　６６６　３,2026-08-23,2026-08-27,18,徳山,一般,５２５　６６１３３６,2026-08-11,2026-08-16,04,平和島,一般,２　３３１２２　６６１６,2026-07-29,2026-08-03,22,福岡,一般,４　５５３　１２４３３１,4264,長尾 章平,2026-09-28,2026-10-02,24,大村,一般,４　１２３４３２[６],2026-09-16,2026-09-21,05,多摩川,ＧⅠ,４１６　２５１　５　１５,2026-09-02,2026-09-06,17,宮島,一般,４６２１３２１５６４,2026-08-21,2026-08-24,07,蒲郡,一般,２４５６６　３,2026-08-11,2026-08-16,19,下関,一般,３３４　２２２３５２[５],5462,山浦 槙,2026-09-27,2026-10-02,14,鳴門,一般,６　４６６　６　６６５,2026-09-13,2026-09-18,22,福岡,一般,６　６　６６６　６５６,2026-08-09,2026-08-14,23,からつ,一般,４　６６５　５５５　６,2026-07-09,2026-07-13,14,鳴門,一般,４５６　３　６６６４,2026-06-26,2026-07-01,17,宮島,一般,６　６６６　６５５６５
202610082305,2026-10-08,23,05R,3576,白水 勝也,2026-09-01,2026-09-06,12,住之江,一般,３４４　６２１１２５３６,2026-08-19,2026-08-24,19,下関,一般,６６３２４　１４３　４１,2026-08-06,2026-08-10,24,大村,一般,３２３　３５３５１５,2026-07-27,2026-08-01,10,三国,一般,３５２１F２５　４　３,2026-07-15,2026-07-19,08,常滑,一般,１２２１４４２１[３],3614,谷 勝幸,2026-10-01,2026-10-06,13,尼崎,一般,４３１　１２６　４３４１,2026-09-13,2026-09-18,22,福岡,一般,１　２４４３５　４４４３,2026-08-26,2026-08-31,11,びわこ,一般,５　３３５　４５５　６４,2026-08-14,2026-08-19,17,宮島,一般,１３２　５３４　５６４４,2026-08-03,2026-08-08,19,下関,一般,２　２５３５３　５５６４,4092,岡部 大輔,2026-09-27,2026-10-02,14,鳴門,一般,４　３４５　２６１　１３,2026-09-09,2026-09-14,21,芦屋,一般,３　５２５　４１２４４３,2026-08-22,2026-08-26,20,若松,一般,２５１１６　３６３６,2026-08-06,2026-08-10,24,大村,一般,１３２　６４４４１４,2026-07-21,2026-07-26,23,からつ,一般,２１２　２６４　５４４３,3539,金子 順一,2026-09-26,2026-09-30,02,戸田,一般,２６４　５４６　４,2026-09-09,2026-09-15,20,若松,一般,６３５　５４２　５　５６６,2026-08-23,2026-08-27,18,徳山,一般,６６５　不　２　４５,2026-08-11,2026-08-16,19,下関,一般,４３５　３６５　３　３３,2026-07-28,2026-08-02,16,児島,一般,１　４４１４１５６５３６,5230,石原 凪紗,2026-09-24,2026-09-29,21,芦屋,ＧⅢ,６　３３３５５１５　１６,2026-09-12,2026-09-17,08,常滑,一般,１４４４２３３　１４５,2026-08-24,2026-08-29,10,三国,一般,２４５　４　６６５　３,2026-08-11,2026-08-16,07,蒲郡,一般,４５４　５　１５５　２６,2026-07-31,2026-08-05,05,多摩川,一般,６５１　４５４　４４１,4035,杉江 浩明,2026-09-26,2026-10-01,03,江戸川,一般,１　３６４　２５６　５５,2026-09-09,2026-09-13,05,多摩川,一般,６　６　６６３　２５,2026-08-24,2026-08-29,13,尼崎,一般,６　５６２　５５３　５５,2026-08-11,2026-08-16,07,蒲郡,一般,４　６６５５６　６　１６,2026-07-29,2026-08-03,22,福岡,一般,６４４　５３３６３　５６
202610082306,2026-10-08,23,06R,4943,八木 治樹,2026-09-21,2026-09-26,18,徳山,一般,４６２　６３１　２４６５,2026-09-05,2026-09-10,01,桐生,一般,３３６　５６４　１　２４,2026-08-21,2026-08-26,03,江戸川,一般,１４６　４５３　３２５２,2026-08-08,2026-08-11,05,多摩川,一般,５４３　１６５４,2026-07-24,2026-07-29,17,宮島,一般,２　２５１　５５６　１６,4434,田中 辰彦,2026-09-29,2026-10-04,07,蒲郡,ＧⅢ,２５４　４１５　２５４,2026-09-20,2026-09-25,01,桐生,一般,３２２　１１２４２１[５],2026-09-11,2026-09-15,06,浜名湖,一般,２３４１５　F３６,2026-08-29,2026-09-03,16,児島,一般,３　４６３４４５５　３,2026-08-14,2026-08-19,17,宮島,一般,３３６　１４１５１５１１,3944,山口 裕二,2026-09-28,2026-10-03,04,平和島,ＧⅢ,２４１　５１４　１６２６,2026-09-17,2026-09-20,24,大村,一般,５４３１５２[５],2026-09-05,2026-09-11,03,江戸川,一般,２１５　５２１２５５５５,2026-08-24,2026-08-28,15,丸亀,一般,５５５１１１２３３２,2026-06-17,2026-06-22,24,大村,ＧⅡ,６　２５３２３　４２４,4565,西村 豪洋,2026-09-26,2026-10-01,03,江戸川,一般,６５２　４３５　５５６,2026-09-09,2026-09-13,05,多摩川,一般,６　２　１４１５４３,2026-08-24,2026-08-29,13,尼崎,一般,４　１５５６４　３　６４,2026-08-11,2026-08-16,07,蒲郡,一般,３　２６６　２４５５５,2026-07-24,2026-07-29,17,宮島,一般,６５５　３４４　５　２６,3617,竹田 広樹,2026-09-20,2026-09-25,10,三国,一般,６　６　６４３６６　２３,2026-09-01,2026-09-05,13,尼崎,一般,５　６５６　６　６５,2026-08-20,2026-08-25,21,芦屋,一般,１６１　１　１４６６２６,2026-08-09,2026-08-14,23,からつ,一般,６　５４５５５　６５３,2026-07-29,2026-08-01,18,徳山,一般,６６５　６１６,5428,古園井 綾南,2026-09-27,2026-10-02,14,鳴門,一般,６６６　６　６　６６５,2026-09-13,2026-09-18,22,福岡,一般,６　６６６　６　６６６,2026-08-09,2026-08-14,23,からつ,一般,６　６６６　６６６　６,2026-07-09,2026-07-13,14,鳴門,一般,６　６６６　６６６,2026-06-01,2026-06-05,19,下関,一般,６　６６６　６　６６
202610082307,2026-10-08,23,07R,3967,鈴木 茂高,2026-09-27,2026-10-02,14,鳴門,一般,３　５４３４４　３　３３,2026-09-12,2026-09-15,10,三国,一般,６　５６５　５１,2026-08-29,2026-09-03,19,下関,一般,２５６　５２４６５　６,2026-07-24,2026-07-27,12,住之江,一般,４３２　４２３,2026-07-14,2026-07-17,24,大村,一般,１６６　６　５２,4015,前野 竜一,2026-09-25,2026-09-30,05,多摩川,一般,２２２４１３３　４４２４,2026-09-13,2026-09-17,19,下関,一般,３３５　５３２３３５,2026-08-30,2026-09-02,21,芦屋,一般,３１２２F４４,2026-08-15,2026-08-20,18,徳山,一般,１２３５３　３４２５１４,2026-08-07,2026-08-11,15,丸亀,一般,５５４５２５４　３２,3499,市川 哲也,2026-09-27,2026-10-02,14,鳴門,一般,２２２　４１１４３２５,2026-08-14,2026-08-19,17,宮島,一般,４４５４２　５６４　２３,2026-08-03,2026-08-08,19,下関,一般,２３３　３３２転４３２１,2026-07-23,2026-07-27,01,桐生,一般,１５２６３　１４２２,2026-07-13,2026-07-18,07,蒲郡,ＧⅡ,５５２　５　６６５　５,5389,恵良 琴美,2026-09-26,2026-09-30,02,戸田,一般,６　５２６６６　６４,2026-09-15,2026-09-20,14,鳴門,一般,３５落　５５３　５　６５,2026-08-30,2026-09-04,06,浜名湖,ＧⅢ,４　６６５　４６２５６,2026-08-18,2026-08-23,16,児島,一般,６　４３６　３３６　１４,2026-08-07,2026-08-12,20,若松,一般,３６６　５　５６６　６２,5071,野見山 拓己,2026-09-22,2026-09-27,11,びわこ,ＧⅢ,４１４　３４４　２４５,2026-09-05,2026-09-11,03,江戸川,一般,５６１　３３４　６２５,2026-08-21,2026-08-26,06,浜名湖,一般,２　２４１２４３２３５３,2026-07-15,2026-07-19,17,宮島,一般,３６４　４　３６４４,2026-07-02,2026-07-07,04,平和島,一般,５６２　５　４５５　３４,4045,佐々木 裕美,2026-10-01,2026-10-06,19,下関,一般,３４１１６　６　４３５１,2026-09-12,2026-09-17,08,常滑,一般,２５４　２５４１２６５１,2026-08-25,2026-08-30,09,津,一般,転６５　６　２６,2026-08-15,2026-08-20,18,徳山,一般,４２４　４　６２４５４,2026-07-31,2026-08-05,01,桐生,ＧⅢ,１　２３４６１６４１６
202610082308,2026-10-08,23,08R,5124,上瀧 絢也,2026-09-21,2026-09-26,18,徳山,一般,６６６　５６６　５　５４,2026-09-07,2026-09-12,16,児島,一般,５５６　３６２　３４３,2026-08-20,2026-08-23,24,大村,一般,６２２　４５５,2026-08-09,2026-08-14,23,からつ,一般,３４４　３４６　６　５４,2026-07-27,2026-08-01,10,三国,一般,４２６　５６２　４　５５,4438,森作 雄大,2026-09-22,2026-09-27,08,常滑,一般,６１４　５３３　６４４,2026-09-05,2026-09-11,03,江戸川,一般,３　４１１　１４３６１４,2026-08-22,2026-08-26,20,若松,一般,２４２１３　１５１３,2026-08-09,2026-08-15,03,江戸川,一般,１４３　６１６　１２６５,2026-07-29,2026-08-03,22,福岡,一般,２１１１４５４　１５１４,4527,高野 心吾,2026-09-24,2026-09-29,19,下関,一般,１　６３５３２　４１３６,2026-09-04,2026-09-08,07,蒲郡,一般,４　６６２　５２１４,2026-08-20,2026-08-23,24,大村,一般,２　５４６３２,2026-08-10,2026-08-15,08,常滑,一般,６３４　３６６　２　５２,2026-07-29,2026-08-01,18,徳山,一般,２３５１２６５６,4449,中嶋 達也,2026-09-22,2026-09-27,22,福岡,一般,５　６転５　５３４　５３,2026-09-07,2026-09-12,16,児島,一般,３　５６５　２６５　６５,2026-08-24,2026-08-29,13,尼崎,一般,４　６５５　２５５　５１,2026-08-17,2026-08-20,20,若松,一般,６５６　６　６５,2026-08-08,2026-08-11,05,多摩川,一般,５５４４６　５,3554,仲口 博崇,2026-09-28,2026-10-03,04,平和島,ＧⅢ,４１６１２　２２５３１２,2026-09-13,2026-09-18,22,福岡,一般,４６１　２５２１３３３２,2026-08-31,2026-09-05,20,若松,ＧⅢ,６４３３２　６１２３２５,2026-08-21,2026-08-24,07,蒲郡,一般,２５１３２１[５],2026-08-10,2026-08-15,08,常滑,一般,３５１１１２１５４２[２],5053,山口 広樹,2026-09-22,2026-09-27,08,常滑,一般,３６３　１４３　４５１３,2026-09-05,2026-09-11,03,江戸川,一般,５　５５２　転６５　５５,2026-08-21,2026-08-26,06,浜名湖,一般,１５２　２６４３３５１６,2026-08-10,2026-08-15,21,芦屋,一般,４５５　５５４　３１３,2026-07-23,2026-07-27,01,桐生,一般,６　６５５　６５２
202610082309,2026-10-08,23,09R,4440,萩原 知哉,2026-09-26,2026-10-01,03,江戸川,一般,４４５　３２２５３　３３,2026-09-05,2026-09-10,01,桐生,一般,５２１　３５６　６１５,2026-08-20,2026-08-25,21,芦屋,一般,６５６　２５,2026-08-09,2026-08-15,03,江戸川,一般,３　６３４　２５４　１６,2026-07-29,2026-08-03,23,からつ,一般,５　４１５　４２５６２６,4342,谷野 錬志,2026-09-26,2026-09-30,02,戸田,一般,３２,2026-09-17,2026-09-22,16,児島,一般,２２２６４２２　１３３１,2026-09-05,2026-09-10,01,桐生,一般,１１２１３　１　５２[２],2026-08-22,2026-08-27,08,常滑,ＧⅢ,１５１　２３２１４１[１],2026-08-11,2026-08-16,06,浜名湖,一般,５４３　１３３２２４２４,5107,松本 真広,2026-09-17,2026-09-22,16,児島,一般,４　６２３　６６６　６６,2026-09-05,2026-09-10,01,桐生,一般,１　１６３落４　５４２,2026-07-23,2026-07-28,03,江戸川,ＧⅢ,６　４６１　４４４３３４,2026-07-07,2026-07-12,20,若松,ＧⅢ,６６４　４　５３５　６３,2026-06-25,2026-06-29,18,徳山,一般,２　３５５３３３３,3747,國崎 良春,2026-09-26,2026-09-30,02,戸田,一般,４６６４６　２３１４,2026-09-14,2026-09-19,04,平和島,一般,２５３　２１２　２３２４,2026-08-31,2026-09-05,20,若松,ＧⅢ,５２４６３,2026-08-20,2026-08-23,24,大村,一般,１２２１３１[２],2026-08-05,2026-08-10,09,津,一般,３４３　５６１　３２３５,4257,古川 健,2026-09-22,2026-09-27,22,福岡,一般,２３５　５６６　３　２２,2026-09-05,2026-09-11,03,江戸川,一般,４５１　４６３　４２６,2026-08-20,2026-08-25,21,芦屋,一般,１　１３３　６４３５１３,2026-07-29,2026-08-01,18,徳山,一般,６２５　３２５,2026-07-15,2026-07-19,17,宮島,一般,１４２　２６２５２６,3614,谷 勝幸,2026-10-01,2026-10-06,13,尼崎,一般,４３１　１２６　４３４１,2026-09-13,2026-09-18,22,福岡,一般,１　２４４３５　４４４３,2026-08-26,2026-08-31,11,びわこ,一般,５　３３５　４５５　６４,2026-08-14,2026-08-19,17,宮島,一般,１３２　５３４　５６４４,2026-08-03,2026-08-08,19,下関,一般,２　２５３５３　５５６４
202610082310,2026-10-08,23,10R,3463,乙津 康志,2026-09-26,2026-09-30,02,戸田,一般,５４３　３５５　１３,2026-09-09,2026-09-13,05,多摩川,一般,６３６　６６６　３,2026-08-23,2026-08-27,18,徳山,一般,５２５　６６１３３６,2026-08-11,2026-08-16,04,平和島,一般,２　３３１２２　６６１６,2026-07-29,2026-08-03,22,福岡,一般,４　５５３　１２４３３１,3717,立間 充宏,2026-09-24,2026-09-29,13,尼崎,一般,３５６　６２３,2026-09-13,2026-09-17,19,下関,一般,６１５　６　４１３１,2026-08-20,2026-08-23,04,平和島,一般,６２４　４４５,2026-08-08,2026-08-13,16,児島,一般,２３１　２４２５２２[５],2026-07-23,2026-07-27,01,桐生,一般,２　３３１１３６３６,3539,金子 順一,2026-09-26,2026-09-30,02,戸田,一般,２６４　５４６　４,2026-09-09,2026-09-15,20,若松,一般,６３５　５４２　５　５６６,2026-08-23,2026-08-27,18,徳山,一般,６６５　不　２　４５,2026-08-11,2026-08-16,19,下関,一般,４３５　３６５　３　３３,2026-07-28,2026-08-02,16,児島,一般,１　４４１４１５６５３６,4356,長岡 良也,2026-09-26,2026-09-30,02,戸田,一般,１１２３４　３２[３],2026-09-15,2026-09-20,14,鳴門,一般,５６２　１５３２１６２２,2026-08-31,2026-09-05,18,徳山,一般,４２３２１２２　３１[５],2026-08-21,2026-08-24,07,蒲郡,一般,３１２６６２[４],2026-08-11,2026-08-16,19,下関,一般,３　４４１２３　４５１３,4943,八木 治樹,2026-09-21,2026-09-26,18,徳山,一般,４６２　６３１　２４６５,2026-09-05,2026-09-10,01,桐生,一般,３３６　５６４　１　２４,2026-08-21,2026-08-26,03,江戸川,一般,１４６　４５３　３２５２,2026-08-08,2026-08-11,05,多摩川,一般,５４３　１６５４,2026-07-24,2026-07-29,17,宮島,一般,２　２５１　５５６　１６,4676,後藤 隼之,2026-09-27,2026-10-02,14,鳴門,一般,２４１６４２１　４５１５,2026-09-17,2026-09-20,24,大村,一般,５　２２４６５４,2026-08-11,2026-08-16,04,平和島,一般,４　３２２　５３５４４３,2026-07-29,2026-08-03,22,福岡,一般,２　３４不５１転３　３１,2026-07-19,2026-07-23,05,多摩川,一般,５３３２４　６１２３
202610082311,2026-10-08,23,11R,4949,横田 貴満,2026-09-24,2026-09-29,19,下関,一般,２３１４１　１１１１[５],2026-09-12,2026-09-17,09,津,一般,２５５　５２１　２３１,2026-08-29,2026-09-03,16,児島,一般,３　２５５５３４,2026-08-20,2026-08-23,23,からつ,一般,４２４２４３４１,2026-08-06,2026-08-10,24,大村,一般,４１３３３　５３５３,4464,山下 友貴,2026-08-30,2026-09-04,06,浜名湖,ＧⅢ,３　５４４５２３２　１２,2026-08-12,2026-08-17,24,大村,ＧⅢ,４１５１４　４１３４１３,2026-07-25,2026-07-30,04,平和島,一般,２５１２４　５６F６４,2026-07-10,2026-07-15,06,浜名湖,一般,２１３２１　２２３１[１],2026-07-01,2026-07-06,07,蒲郡,一般,２１２　５６１　３２[２],4053,芦澤 望,2026-09-26,2026-10-02,15,丸亀,一般,１４２　１５２５５４５３５１,2026-09-14,2026-09-19,04,平和島,一般,３４２　３３１４１２[５],2026-08-31,2026-09-05,20,若松,ＧⅢ,６３３　４１４１,2026-08-21,2026-08-24,07,蒲郡,一般,５　１５２４２１,2026-08-11,2026-08-16,04,平和島,一般,５　２３１　５３４５３３,4669,井上 茂,2026-09-22,2026-09-27,08,常滑,一般,２６３　４　５１３３３４,2026-09-03,2026-09-08,10,三国,一般,２４５　４２６　１　６３,2026-08-17,2026-08-21,15,丸亀,一般,６　５　４３５　６５,2026-08-03,2026-08-08,04,平和島,ＧⅢ,４　４１５　４３２５５６,2026-07-15,2026-07-21,12,住之江,一般,３４３　２６５　２　転３３６,4434,田中 辰彦,2026-09-29,2026-10-04,07,蒲郡,ＧⅢ,２５４　４１５　２５４,2026-09-20,2026-09-25,01,桐生,一般,３２２　１１２４２１[５],2026-09-11,2026-09-15,06,浜名湖,一般,２３４１５　F３６,2026-08-29,2026-09-03,16,児島,一般,３　４６３４４５５　３,2026-08-14,2026-08-19,17,宮島,一般,３３６　１４１５１５１１,4092,岡部 大輔,2026-09-27,2026-10-02,14,鳴門,一般,４　３４５　２６１　１３,2026-09-09,2026-09-14,21,芦屋,一般,３　５２５　４１２４４３,2026-08-22,2026-08-26,20,若松,一般,２５１１６　３６３６,2026-08-06,2026-08-10,24,大村,一般,１３２　６４４４１４,2026-07-21,2026-07-26,23,からつ,一般,２１２　２６４　５４４３
202610082312,2026-10-08,23,12R,3554,仲口 博崇,2026-09-28,2026-10-03,04,平和島,ＧⅢ,４１６１２　２２５３１２,2026-09-13,2026-09-18,22,福岡,一般,４６１　２５２１３３３２,2026-08-31,2026-09-05,20,若松,ＧⅢ,６４３３２　６１２３２５,2026-08-21,2026-08-24,07,蒲郡,一般,２５１３２１[５],2026-08-10,2026-08-15,08,常滑,一般,３５１１１２１５４２[２],3499,市川 哲也,2026-09-27,2026-10-02,14,鳴門,一般,２２２　４１１４３２５,2026-08-14,2026-08-19,17,宮島,一般,４４５４２　５６４　２３,2026-08-03,2026-08-08,19,下関,一般,２３３　３３２転４３２１,2026-07-23,2026-07-27,01,桐生,一般,１５２６３　１４２２,2026-07-13,2026-07-18,07,蒲郡,ＧⅡ,５５２　５　６６５　５,4264,長尾 章平,2026-09-28,2026-10-02,24,大村,一般,４　１２３４３２[６],2026-09-16,2026-09-21,05,多摩川,ＧⅠ,４１６　２５１　５　１５,2026-09-02,2026-09-06,17,宮島,一般,４６２１３２１５６４,2026-08-21,2026-08-24,07,蒲郡,一般,２４５６６　３,2026-08-11,2026-08-16,19,下関,一般,３３４　２２２３５２[５],3576,白水 勝也,2026-09-01,2026-09-06,12,住之江,一般,３４４　６２１１２５３６,2026-08-19,2026-08-24,19,下関,一般,６６３２４　１４３　４１,2026-08-06,2026-08-10,24,大村,一般,３２３　３５３５１５,2026-07-27,2026-08-01,10,三国,一般,３５２１F２５　４　３,2026-07-15,2026-07-19,08,常滑,一般,１２２１４４２１[３],4584,村岡 賢人,2026-09-28,2026-10-03,16,児島,ＧⅠ,２　１３２　３　２　[６],2026-09-16,2026-09-21,13,尼崎,一般,１３２　１１２１３１[２],2026-08-30,2026-09-02,21,芦屋,一般,１４１１２１[１],2026-08-20,2026-08-23,24,大村,一般,３３１１３１[１],2026-08-08,2026-08-13,16,児島,一般,２　４４１４２４１４３２,3944,山口 裕二,2026-09-28,2026-10-03,04,平和島,ＧⅢ,２４１　５１４　１６２６,2026-09-17,2026-09-20,24,大村,一般,５４３１５２[５],2026-09-05,2026-09-11,03,江戸川,一般,２１５　５２１２５５５５,2026-08-24,2026-08-28,15,丸亀,一般,５５５１１１２３３２,2026-06-17,2026-06-22,24,大村,ＧⅡ,６　２５３２３　４２４
202610082401,2026-10-08,24,01R,3730,塩崎 優司,2026-09-17,2026-09-22,16,児島,一般,３　３４２　５１４５２３,2026-09-03,2026-09-08,10,三国,一般,５５３　５　６４６５２,2026-08-22,2026-08-26,20,若松,一般,１２５　４４５４５,2026-08-11,2026-08-16,07,蒲郡,一般,５５５　４２６　６　４５,2026-07-31,2026-08-05,06,浜名湖,ＧⅢ,４６５　３５５　５　４６,4004,山本 浩輔,2026-09-28,2026-10-02,24,大村,一般,２３６　１４２６１３,2026-09-20,2026-09-25,10,三国,一般,３４３　２１４　４５１６,2026-09-05,2026-09-11,03,江戸川,一般,１１５　４５５　６５４,2026-08-22,2026-08-27,08,常滑,ＧⅢ,５　２６４　２５２５３,2026-08-06,2026-08-10,24,大村,一般,４４３　３４３２４３,3692,竹腰 正樹,2026-09-24,2026-09-29,19,下関,一般,３３２　３２１　３５１４,2026-09-11,2026-09-14,02,戸田,一般,１４６２４　４３,2026-09-03,2026-09-08,10,三国,一般,６　５１１　５２２２[６],2026-08-25,2026-08-30,17,宮島,一般,３６１　６３１　３１４３,2026-08-14,2026-08-19,10,三国,一般,４　３４２　４４５５２,4693,松下 誉士,2026-09-27,2026-10-02,14,鳴門,一般,５　２２３１６　３３２６,2026-09-13,2026-09-18,22,福岡,一般,４　１２２５６　５３６,2026-09-04,2026-09-08,07,蒲郡,一般,１２１６５　４５２３,2026-08-21,2026-08-26,03,江戸川,一般,２　２６２　４２５　４２,2026-08-05,2026-08-10,09,津,一般,５　３６３　６５６　６５,3535,渡 修平,2026-09-16,2026-09-21,13,尼崎,一般,６　４５転　３５６　２３,2026-08-31,2026-09-05,20,若松,ＧⅢ,５　６４４,2026-08-21,2026-08-24,07,蒲郡,一般,４６４　３　６,2026-08-03,2026-08-08,19,下関,一般,３３６　６６４　６　２５,2026-07-22,2026-07-27,14,鳴門,一般,４　５４,5261,岡 暢祐,2026-09-22,2026-09-27,22,福岡,一般,５　４３２　３２５　４４,2026-09-09,2026-09-14,21,芦屋,一般,３２６　６４６　１　５３,2026-08-21,2026-08-26,03,江戸川,一般,２　６５２　４２１　１５,2026-08-07,2026-08-11,15,丸亀,一般,５　１３４　２３５４,2026-07-22,2026-07-25,24,大村,一般,６　６６６　３４
202610082402,2026-10-08,24,02R,5177,松井 貫太,2026-09-26,2026-10-02,15,丸亀,一般,４　２４５　３４３３３　転欠,2026-09-04,2026-09-09,11,びわこ,一般,５　４４６　２４４　３２,2026-08-21,2026-08-24,07,蒲郡,一般,４　５４６６５４,2026-08-16,2026-08-19,14,鳴門,一般,２　２４４６４６,2026-08-07,2026-08-12,20,若松,一般,４　２２２　６６１５１４,3871,池田 紫乃,2026-08-17,2026-08-20,20,若松,一般,５６５４４　１３,2026-07-07,2026-07-12,11,びわこ,一般,３３６　５　４６６　６５,2026-06-23,2026-06-28,07,蒲郡,一般,F２６　４　５　６　４,2026-06-03,2026-06-08,21,芦屋,一般,５　５４５　２６５　２エ,2026-05-24,2026-05-29,24,大村,一般,６５２　２６２　３４５６,5344,谷口 丞,2026-09-20,2026-09-25,10,三国,一般,４　１　２１４５１６４４,2026-09-05,2026-09-10,01,桐生,一般,６　３３１　３F５　５,2026-08-15,2026-08-20,09,津,一般,２　３６１３５　１６１３,2026-07-28,2026-08-02,16,児島,一般,６　１１３１３４２２[１],2026-07-14,2026-07-19,21,芦屋,一般,１２４　２４３　６３４,4894,原村 拓也,2026-09-20,2026-09-25,10,三国,一般,１　６　４６２１２２３４,2026-09-13,2026-09-18,11,びわこ,一般,３　２４５５３　３１４１,2026-09-02,2026-09-06,17,宮島,一般,６　３１４４３　１３,2026-08-17,2026-08-21,15,丸亀,一般,２６５　６３１　２,2026-07-31,2026-08-03,20,若松,一般,４３６　６５３,3303,渡辺 豊,2026-09-22,2026-09-27,22,福岡,一般,４４２　２２４　２２[５],2026-09-05,2026-09-11,03,江戸川,一般,４　２６２　６４４　３６,2026-08-20,2026-08-25,21,芦屋,一般,５４３　４４３　２４２５,2026-08-09,2026-08-15,03,江戸川,一般,４４５　４６１　６５１,2026-07-27,2026-08-01,10,三国,一般,４　５４４　５４３　６,4007,榮田 将彦,2026-09-17,2026-09-22,16,児島,一般,１５１　６１４　３１[４],2026-08-31,2026-09-05,20,若松,ＧⅢ,６　２５３５６　４６６,2026-08-19,2026-08-24,19,下関,一般,１５５６１　３２１６１５,2026-07-31,2026-08-05,06,浜名湖,ＧⅢ,２３１　５２６　６５２５,2026-07-14,2026-07-19,21,芦屋,一般,４　１３２　２６１６６３
202610082403,2026-10-08,24,03R,3950,石川 哲秀,2026-09-18,2026-09-24,02,戸田,一般,３　２２５６,2026-09-02,2026-09-06,17,宮島,一般,５２５　３５２　５２,2026-08-05,2026-08-10,14,鳴門,一般,５　４３６　６５４　６５,2026-07-24,2026-07-27,12,住之江,一般,５　２２４６３,2026-07-09,2026-07-13,16,児島,一般,４５５　２４６　５６,3302,谷川 里江,2026-09-25,2026-09-30,05,多摩川,一般,６　４３５　３３３　３２,2026-08-30,2026-09-04,06,浜名湖,ＧⅢ,３５３　４１６　６５１,2026-08-10,2026-08-15,08,常滑,一般,４６１　１５２　２６３５,2026-07-31,2026-08-05,01,桐生,ＧⅢ,３　２１２６１　６４１２,2026-07-07,2026-07-12,11,びわこ,一般,１　１６２１５　２６１５,3282,池本 輝明,2026-09-18,2026-09-23,12,住之江,一般,５　１５５　３６５　６５,2026-09-04,2026-09-08,07,蒲郡,一般,４４４　２３４　６２,2026-08-20,2026-08-23,23,からつ,一般,４３２　２４２３,2026-08-05,2026-08-10,14,鳴門,一般,２　４５３　５６５　３１,2026-07-23,2026-07-28,21,芦屋,一般,３２５　４４４　４３５６,4874,池田 奈津美,2026-09-24,2026-09-29,13,尼崎,一般,４　５３５　５６６　３,2026-09-05,2026-09-10,04,平和島,一般,５　５F６　３　３　３,2026-08-18,2026-08-23,16,児島,一般,妨６,2026-08-07,2026-08-12,20,若松,一般,４３２２４　５２１　６１,2026-07-24,2026-07-27,06,浜名湖,一般,６６５　６５,4156,浜野 孝志,2026-09-24,2026-09-29,13,尼崎,一般,３　２４F３５　４　５,2026-09-12,2026-09-17,09,津,一般,３　１２２　１１３２[２],2026-08-29,2026-09-03,19,下関,一般,４１５　４５６　３５２１,2026-08-15,2026-08-20,09,津,一般,３　４２４　１３３５５１,2026-08-03,2026-08-08,04,平和島,ＧⅢ,１３５　１５６２１６３５,4760,山崎 郡,2026-09-22,2026-09-27,11,びわこ,ＧⅢ,１１５１５３１　失２[４],2026-09-12,2026-09-17,18,徳山,ＧⅠ,１１５　２５１　３　３１,2026-09-03,2026-09-08,09,津,ＧⅠ,４４５　２５６　２　４２,2026-08-24,2026-08-29,13,尼崎,一般,４１１２３　１１４１[１],2026-08-13,2026-08-18,12,住之江,一般,１２２　１１１　３１[１]
202610082404,2026-10-08,24,04R,4043,桐本 康臣,2026-09-24,2026-09-29,19,下関,一般,１　６２２４２　３２[３],2026-09-09,2026-09-15,20,若松,一般,３５落６１　３　２５３　６１,2026-08-25,2026-08-30,17,宮島,一般,４　１４２６３５４　２６,2026-08-17,2026-08-21,13,尼崎,一般,２　２３１１４２[６],2026-08-07,2026-08-11,15,丸亀,一般,３１３４２３２３３１,5285,若林 麗,2026-09-11,2026-09-16,12,住之江,一般,５　３２４　４４４　５５,2026-08-29,2026-09-03,16,児島,一般,６　３６５　４２６６５,2026-08-15,2026-08-20,05,多摩川,一般,５　１６５　３５５　４４,2026-07-28,2026-08-02,15,丸亀,一般,４５４,2026-07-14,2026-07-19,01,桐生,一般,４６６　６５３　６　６６,4064,原田 篤志,2026-09-26,2026-10-02,15,丸亀,一般,２５２４１２１　３１３２[４],2026-09-16,2026-09-21,05,多摩川,ＧⅠ,１　２３１　４３１　[２],2026-08-30,2026-09-02,21,芦屋,一般,２１４１５２[３],2026-08-22,2026-08-26,20,若松,一般,１６１３４　５２２５,2026-08-11,2026-08-16,19,下関,一般,６５１５１　１２１３２１,5338,香月 大輝,2026-09-21,2026-09-26,18,徳山,一般,５　１３１　６６５４３,2026-09-07,2026-09-12,16,児島,一般,６　４３４　１１３５２転,2026-08-22,2026-08-26,20,若松,一般,３３２　５５４　３２,2026-08-10,2026-08-15,21,芦屋,一般,３３５　６５６　４４１,2026-07-15,2026-07-21,12,住之江,一般,４　１５３　４１２４４１１転,4737,竹井 貴史,2026-09-25,2026-09-30,05,多摩川,一般,４３１３１１１　２２[４],2026-09-15,2026-09-20,14,鳴門,一般,３２１１３　１１３１[５],2026-09-02,2026-09-07,22,福岡,一般,２２２３４６２　３２[３],2026-08-21,2026-08-26,03,江戸川,一般,４　６１２　３１２３[６],2026-08-12,2026-08-17,22,福岡,一般,４　５５６４２１２５１,5343,小林 礼央,2026-09-21,2026-09-28,09,津,一般,　　４５３　３５１４６　５６,2026-09-04,2026-09-09,11,びわこ,一般,５　３４２　３５４　４４,2026-08-20,2026-08-25,21,芦屋,一般,２４５　６　４４３　３３,2026-08-05,2026-08-10,14,鳴門,一般,４　６１４　４６落　３１,2026-07-29,2026-08-01,18,徳山,一般,３　５６４　６５
202610082405,2026-10-08,24,05R,4409,坂元 浩仁,2026-09-27,2026-10-02,14,鳴門,一般,４６１　５３３２４　１６,2026-09-16,2026-09-21,13,尼崎,一般,１４５２１　１３４２[４],2026-08-31,2026-09-05,18,徳山,一般,５　３３１３４１１５３２,2026-08-20,2026-08-23,23,からつ,一般,３５１６１４１４,2026-08-10,2026-08-15,08,常滑,一般,１６１５３１１２２４２２,4012,中村 有裕,2026-09-26,2026-09-30,02,戸田,一般,３　３１２２６２[４],2026-09-13,2026-09-18,11,びわこ,一般,４１４５１　３４１５１４,2026-08-29,2026-09-03,19,下関,一般,４３１　１２３６４４１２,2026-08-15,2026-08-20,11,びわこ,一般,１２２　２３３２２２[６],2026-08-08,2026-08-11,05,多摩川,一般,６　５１２２４６,3637,齋藤 和政,2026-09-21,2026-09-26,18,徳山,一般,２５６　５　２４４　２６,2026-09-09,2026-09-13,17,宮島,一般,６　４４５６３　５３,2026-08-11,2026-08-16,07,蒲郡,一般,４５４　５　２４５　５５,2026-07-27,2026-08-01,09,津,一般,５　６５,2026-07-15,2026-07-19,08,常滑,一般,１　６４５６４　６２,5144,中尾 彩香,2026-09-24,2026-09-29,13,尼崎,一般,４６５　３１５　５　１４,2026-09-15,2026-09-20,14,鳴門,一般,５２２　２　６２２６３６,2026-08-25,2026-08-30,09,津,一般,３　２４１４６　６転４６,2026-08-10,2026-08-15,21,芦屋,一般,６　６４３１５　３２６,2026-07-27,2026-08-01,10,三国,一般,１５３　４４６　２　３６,5193,米丸 乃絵,2026-09-22,2026-09-27,20,若松,ＧⅠ,５２１　６　６３３１４,2026-09-06,2026-09-11,14,鳴門,一般,２５１　１５３１６２[６],2026-08-18,2026-08-23,16,児島,一般,２１２　２１３２１２[５],2026-08-06,2026-08-11,18,徳山,ＧⅠ,１５２　２　１４６　１２,2026-07-28,2026-08-02,15,丸亀,一般,１２１１２２３　５１[１],5397,寺田 夢生,2026-09-24,2026-09-29,13,尼崎,一般,６６３　６　６６６　６,2026-08-29,2026-09-03,19,下関,一般,６６５　５　６６５　６５,2026-08-12,2026-08-17,24,大村,ＧⅢ,６　６６６６６　６　４,2026-07-21,2026-07-26,23,からつ,一般,６　６５３　転５６　６６,2026-06-10,2026-06-13,14,鳴門,一般,６　５５６　６６
202610082406,2026-10-08,24,06R,4739,中村 晃朋,2026-09-22,2026-09-27,11,びわこ,ＧⅢ,１４３　２１１１３１[３],2026-09-12,2026-09-17,18,徳山,ＧⅠ,１　６３３　２５１　５４,2026-09-03,2026-09-08,09,津,ＧⅠ,５　４F２　５　３　５,2026-08-25,2026-08-30,17,宮島,一般,４６５１５　５３６　３３,2026-08-17,2026-08-21,15,丸亀,一般,１６２１２５３１[１],3535,渡 修平,2026-09-16,2026-09-21,13,尼崎,一般,６　４５転　３５６　２３,2026-08-31,2026-09-05,20,若松,ＧⅢ,５　６４４,2026-08-21,2026-08-24,07,蒲郡,一般,４６４　３　６,2026-08-03,2026-08-08,19,下関,一般,３３６　６６４　６　２５,2026-07-22,2026-07-27,14,鳴門,一般,４　５４,4640,山ノ内 雅人,2026-09-26,2026-09-30,02,戸田,一般,３１４　２５３２２５,2026-09-16,2026-09-20,23,からつ,一般,４５３落,2026-09-05,2026-09-11,03,江戸川,一般,６　２５１　４５４　１２,2026-08-24,2026-08-29,13,尼崎,一般,１　４５３３２５２F４,2026-08-10,2026-08-15,21,芦屋,一般,２３４　４２４４３　１５,4145,小澤 学,2026-09-26,2026-09-30,02,戸田,一般,３　２４４２４２２,2026-09-17,2026-09-22,16,児島,一般,６６４　５５５　５　４１,2026-09-03,2026-09-06,02,戸田,一般,３　５６３５２２,2026-08-20,2026-08-25,21,芦屋,一般,４　５５５　５５４　４３,2026-08-09,2026-08-15,03,江戸川,一般,３５５　５４１　３２,4324,海野 康志郎,2026-09-28,2026-10-03,16,児島,ＧⅠ,３３２　６３５　５１３,2026-09-12,2026-09-17,18,徳山,ＧⅠ,５６４,2026-09-03,2026-09-06,02,戸田,一般,２２２６１１[３],2026-08-25,2026-08-30,09,津,一般,５１２　３４６３３６１２,2026-08-15,2026-08-20,18,徳山,一般,２６６　４１３２１６１２,4632,長尾 京志郎,2026-09-18,2026-09-23,03,江戸川,一般,３６６　５５５　５１,2026-09-02,2026-09-07,22,福岡,一般,５　２３３　５２６　４２,2026-08-20,2026-08-23,04,平和島,一般,１３２　６６３３,2026-08-04,2026-08-09,10,三国,一般,４４２　３２４　１６３,2026-07-23,2026-07-27,01,桐生,一般,６５４　５　３４５２
202610082407,2026-10-08,24,07R,4159,向後 龍一,2026-09-21,2026-09-26,18,徳山,一般,２　２４５４１１６２[４],2026-09-13,2026-09-17,19,下関,一般,６２１　４４３２２３,2026-09-02,2026-09-06,17,宮島,一般,２　１４１６２４１３,2026-08-22,2026-08-26,20,若松,一般,２１２　２３３２[５],2026-08-12,2026-08-17,02,戸田,一般,３　３３３　３２２　[１],3303,渡辺 豊,2026-09-22,2026-09-27,22,福岡,一般,４４２　２２４　２２[５],2026-09-05,2026-09-11,03,江戸川,一般,４　２６２　６４４　３６,2026-08-20,2026-08-25,21,芦屋,一般,５４３　４４３　２４２５,2026-08-09,2026-08-15,03,江戸川,一般,４４５　４６１　６５１,2026-07-27,2026-08-01,10,三国,一般,４　５４４　５４３　６,4574,東 潤樹,2026-09-21,2026-09-28,09,津,一般,　　５３５　５４１３４　３１,2026-09-09,2026-09-13,17,宮島,一般,１１３　１４１２[２],2026-08-28,2026-08-31,23,からつ,一般,５　５５６,2026-08-21,2026-08-24,07,蒲郡,一般,２　３４１５４４,2026-08-14,2026-08-19,17,宮島,一般,２　２４４４４６３　４２,4888,金児 隆太,2026-09-20,2026-09-25,10,三国,一般,３　４　５４５１４２４,2026-09-05,2026-09-11,03,江戸川,一般,１　２４２　１６１５６２,2026-08-22,2026-08-26,20,若松,一般,４１２　１２１２[６],2026-08-11,2026-08-16,01,桐生,一般,２２１　３３４４６　２２,2026-07-24,2026-07-27,06,浜名湖,一般,１　３２６２１５,3692,竹腰 正樹,2026-09-24,2026-09-29,19,下関,一般,３３２　３２１　３５１４,2026-09-11,2026-09-14,02,戸田,一般,１４６２４　４３,2026-09-03,2026-09-08,10,三国,一般,６　５１１　５２２２[６],2026-08-25,2026-08-30,17,宮島,一般,３６１　６３１　３１４３,2026-08-14,2026-08-19,10,三国,一般,４　３４２　４４５５２,5459,田中 きら,2026-09-22,2026-09-27,22,福岡,一般,６　６６６６６　６　６６,2026-08-29,2026-09-03,19,下関,一般,６　６６６　６６６　５６,2026-08-15,2026-08-20,18,徳山,一般,６　６　６６６　６６６,2026-07-21,2026-07-26,23,からつ,一般,６６６　６６６　５６６,2026-06-28,2026-07-01,10,三国,一般,６６６　６　６５
202610082408,2026-10-08,24,08R,3928,林 恵祐,2026-09-18,2026-09-24,02,戸田,一般,４　５F６　３　５　６,2026-09-02,2026-09-07,22,福岡,一般,６　１６落　５　２６６４,2026-08-17,2026-08-21,13,尼崎,一般,６　４５４　５６３,2026-07-31,2026-08-05,06,浜名湖,ＧⅢ,４　６６６　３２６　５３,2026-07-15,2026-07-20,18,徳山,一般,４　３６６　５１５　３６,5246,楠 将太郎,2026-09-26,2026-09-30,02,戸田,一般,１１４５２　４１[５],2026-09-13,2026-09-18,07,蒲郡,一般,１　４４２　１３３２[５],2026-09-04,2026-09-09,11,びわこ,一般,５　１５転６６　６　４６,2026-08-12,2026-08-17,02,戸田,一般,２　４５２　３２５　４５,2026-08-06,2026-08-09,02,戸田,一般,２６３６５　５５,5175,島崎 丈一朗,2026-09-13,2026-09-18,07,蒲郡,一般,２３５　４５２　４５２５,2026-08-24,2026-08-29,13,尼崎,一般,５　４５５　３４６　５,2026-08-11,2026-08-16,04,平和島,一般,３４４　６６６　４　３６,2026-07-30,2026-08-04,08,常滑,一般,３５６,2026-07-20,2026-07-25,15,丸亀,一般,５　３３３　５５６　２４,4656,大崎 翔,2026-09-22,2026-09-27,22,福岡,一般,５５４２１　６４３　１３,2026-09-09,2026-09-13,05,多摩川,一般,１２１　３６６６６３,2026-08-24,2026-08-29,13,尼崎,一般,５　２４６２３　５５５６,2026-08-16,2026-08-19,14,鳴門,一般,４６１５３　１１,2026-08-05,2026-08-10,09,津,一般,５　２６４　２４２　３２,5458,田中 大輝,2026-09-17,2026-09-22,16,児島,一般,１　６１６　６５６　４６,2026-08-30,2026-09-02,21,芦屋,一般,６　３６６５５,2026-08-12,2026-08-17,22,福岡,一般,６　６６６　６６６　６６,2026-07-29,2026-08-01,18,徳山,一般,６　６６５５６,2026-07-01,2026-07-06,22,福岡,一般,６６６　６５６　転　６６,3661,柳瀬 興志,2026-09-26,2026-09-30,02,戸田,一般,３４５　４３５４３,2026-09-17,2026-09-21,15,丸亀,一般,５６２６６　２４６４,2026-09-04,2026-09-08,07,蒲郡,一般,６３３５１　２　２,2026-08-23,2026-08-27,18,徳山,一般,２６２１６　２５１５,2026-08-11,2026-08-16,19,下関,一般,４１３　４６４　２１５５
202610082409,2026-10-08,24,09R,5193,米丸 乃絵,2026-09-22,2026-09-27,20,若松,ＧⅠ,５２１　６　６３３１４,2026-09-06,2026-09-11,14,鳴門,一般,２５１　１５３１６２[６],2026-08-18,2026-08-23,16,児島,一般,２１２　２１３２１２[５],2026-08-06,2026-08-11,18,徳山,ＧⅠ,１５２　２　１４６　１２,2026-07-28,2026-08-02,15,丸亀,一般,１２１１２２３　５１[１],4043,桐本 康臣,2026-09-24,2026-09-29,19,下関,一般,１　６２２４２　３２[３],2026-09-09,2026-09-15,20,若松,一般,３５落６１　３　２５３　６１,2026-08-25,2026-08-30,17,宮島,一般,４　１４２６３５４　２６,2026-08-17,2026-08-21,13,尼崎,一般,２　２３１１４２[６],2026-08-07,2026-08-11,15,丸亀,一般,３１３４２３２３３１,3730,塩崎 優司,2026-09-17,2026-09-22,16,児島,一般,３　３４２　５１４５２３,2026-09-03,2026-09-08,10,三国,一般,５５３　５　６４６５２,2026-08-22,2026-08-26,20,若松,一般,１２５　４４５４５,2026-08-11,2026-08-16,07,蒲郡,一般,５５５　４２６　６　４５,2026-07-31,2026-08-05,06,浜名湖,ＧⅢ,４６５　３５５　５　４６,5343,小林 礼央,2026-09-21,2026-09-28,09,津,一般,　　４５３　３５１４６　５６,2026-09-04,2026-09-09,11,びわこ,一般,５　３４２　３５４　４４,2026-08-20,2026-08-25,21,芦屋,一般,２４５　６　４４３　３３,2026-08-05,2026-08-10,14,鳴門,一般,４　６１４　４６落　３１,2026-07-29,2026-08-01,18,徳山,一般,３　５６４　６５,5177,松井 貫太,2026-09-26,2026-10-02,15,丸亀,一般,４　２４５　３４３３３　転欠,2026-09-04,2026-09-09,11,びわこ,一般,５　４４６　２４４　３２,2026-08-21,2026-08-24,07,蒲郡,一般,４　５４６６５４,2026-08-16,2026-08-19,14,鳴門,一般,２　２４４６４６,2026-08-07,2026-08-12,20,若松,一般,４　２２２　６６１５１４,3302,谷川 里江,2026-09-25,2026-09-30,05,多摩川,一般,６　４３５　３３３　３２,2026-08-30,2026-09-04,06,浜名湖,ＧⅢ,３５３　４１６　６５１,2026-08-10,2026-08-15,08,常滑,一般,４６１　１５２　２６３５,2026-07-31,2026-08-05,01,桐生,ＧⅢ,３　２１２６１　６４１２,2026-07-07,2026-07-12,11,びわこ,一般,１　１６２１５　２６１５
202610082410,2026-10-08,24,10R,4156,浜野 孝志,2026-09-24,2026-09-29,13,尼崎,一般,３　２４F３５　４　５,2026-09-12,2026-09-17,09,津,一般,３　１２２　１１３２[２],2026-08-29,2026-09-03,19,下関,一般,４１５　４５６　３５２１,2026-08-15,2026-08-20,09,津,一般,３　４２４　１３３５５１,2026-08-03,2026-08-08,04,平和島,ＧⅢ,１３５　１５６２１６３５,4739,中村 晃朋,2026-09-22,2026-09-27,11,びわこ,ＧⅢ,１４３　２１１１３１[３],2026-09-12,2026-09-17,18,徳山,ＧⅠ,１　６３３　２５１　５４,2026-09-03,2026-09-08,09,津,ＧⅠ,５　４F２　５　３　５,2026-08-25,2026-08-30,17,宮島,一般,４６５１５　５３６　３３,2026-08-17,2026-08-21,15,丸亀,一般,１６２１２５３１[１],4737,竹井 貴史,2026-09-25,2026-09-30,05,多摩川,一般,４３１３１１１　２２[４],2026-09-15,2026-09-20,14,鳴門,一般,３２１１３　１１３１[５],2026-09-02,2026-09-07,22,福岡,一般,２２２３４６２　３２[３],2026-08-21,2026-08-26,03,江戸川,一般,４　６１２　３１２３[６],2026-08-12,2026-08-17,22,福岡,一般,４　５５６４２１２５１,4409,坂元 浩仁,2026-09-27,2026-10-02,14,鳴門,一般,４６１　５３３２４　１６,2026-09-16,2026-09-21,13,尼崎,一般,１４５２１　１３４２[４],2026-08-31,2026-09-05,18,徳山,一般,５　３３１３４１１５３２,2026-08-20,2026-08-23,23,からつ,一般,３５１６１４１４,2026-08-10,2026-08-15,08,常滑,一般,１６１５３１１２２４２２,4004,山本 浩輔,2026-09-28,2026-10-02,24,大村,一般,２３６　１４２６１３,2026-09-20,2026-09-25,10,三国,一般,３４３　２１４　４５１６,2026-09-05,2026-09-11,03,江戸川,一般,１１５　４５５　６５４,2026-08-22,2026-08-27,08,常滑,ＧⅢ,５　２６４　２５２５３,2026-08-06,2026-08-10,24,大村,一般,４４３　３４３２４３,5344,谷口 丞,2026-09-20,2026-09-25,10,三国,一般,４　１　２１４５１６４４,2026-09-05,2026-09-10,01,桐生,一般,６　３３１　３F５　５,2026-08-15,2026-08-20,09,津,一般,２　３６１３５　１６１３,2026-07-28,2026-08-02,16,児島,一般,６　１１３１３４２２[１],2026-07-14,2026-07-19,21,芦屋,一般,１２４　２４３　６３４
202610082411,2026-10-08,24,11R,4324,海野 康志郎,2026-09-28,2026-10-03,16,児島,ＧⅠ,３３２　６３５　５１３,2026-09-12,2026-09-17,18,徳山,ＧⅠ,５６４,2026-09-03,2026-09-06,02,戸田,一般,２２２６１１[３],2026-08-25,2026-08-30,09,津,一般,５１２　３４６３３６１２,2026-08-15,2026-08-20,18,徳山,一般,２６６　４１３２１６１２,4159,向後 龍一,2026-09-21,2026-09-26,18,徳山,一般,２　２４５４１１６２[４],2026-09-13,2026-09-17,19,下関,一般,６２１　４４３２２３,2026-09-02,2026-09-06,17,宮島,一般,２　１４１６２４１３,2026-08-22,2026-08-26,20,若松,一般,２１２　２３３２[５],2026-08-12,2026-08-17,02,戸田,一般,３　３３３　３２２　[１],4760,山崎 郡,2026-09-22,2026-09-27,11,びわこ,ＧⅢ,１１５１５３１　失２[４],2026-09-12,2026-09-17,18,徳山,ＧⅠ,１１５　２５１　３　３１,2026-09-03,2026-09-08,09,津,ＧⅠ,４４５　２５６　２　４２,2026-08-24,2026-08-29,13,尼崎,一般,４１１２３　１１４１[１],2026-08-13,2026-08-18,12,住之江,一般,１２２　１１１　３１[１],4640,山ノ内 雅人,2026-09-26,2026-09-30,02,戸田,一般,３１４　２５３２２５,2026-09-16,2026-09-20,23,からつ,一般,４５３落,2026-09-05,2026-09-11,03,江戸川,一般,６　２５１　４５４　１２,2026-08-24,2026-08-29,13,尼崎,一般,１　４５３３２５２F４,2026-08-10,2026-08-15,21,芦屋,一般,２３４　４２４４３　１５,4064,原田 篤志,2026-09-26,2026-10-02,15,丸亀,一般,２５２４１２１　３１３２[４],2026-09-16,2026-09-21,05,多摩川,ＧⅠ,１　２３１　４３１　[２],2026-08-30,2026-09-02,21,芦屋,一般,２１４１５２[３],2026-08-22,2026-08-26,20,若松,一般,１６１３４　５２２５,2026-08-11,2026-08-16,19,下関,一般,６５１５１　１２１３２１,4012,中村 有裕,2026-09-26,2026-09-30,02,戸田,一般,３　３１２２６２[４],2026-09-13,2026-09-18,11,びわこ,一般,４１４５１　３４１５１４,2026-08-29,2026-09-03,19,下関,一般,４３１　１２３６４４１２,2026-08-15,2026-08-20,11,びわこ,一般,１２２　２３３２２２[６],2026-08-08,2026-08-11,05,多摩川,一般,６　５１２２４６
202610082412,2026-10-08,24,12R,4656,大崎 翔,2026-09-22,2026-09-27,22,福岡,一般,５５４２１　６４３　１３,2026-09-09,2026-09-13,05,多摩川,一般,１２１　３６６６６３,2026-08-24,2026-08-29,13,尼崎,一般,５　２４６２３　５５５６,2026-08-16,2026-08-19,14,鳴門,一般,４６１５３　１１,2026-08-05,2026-08-10,09,津,一般,５　２６４　２４２　３２,4894,原村 拓也,2026-09-20,2026-09-25,10,三国,一般,１　６　４６２１２２３４,2026-09-13,2026-09-18,11,びわこ,一般,３　２４５５３　３１４１,2026-09-02,2026-09-06,17,宮島,一般,６　３１４４３　１３,2026-08-17,2026-08-21,15,丸亀,一般,２６５　６３１　２,2026-07-31,2026-08-03,20,若松,一般,４３６　６５３,4874,池田 奈津美,2026-09-24,2026-09-29,13,尼崎,一般,４　５３５　５６６　３,2026-09-05,2026-09-10,04,平和島,一般,５　５F６　３　３　３,2026-08-18,2026-08-23,16,児島,一般,妨６,2026-08-07,2026-08-12,20,若松,一般,４３２２４　５２１　６１,2026-07-24,2026-07-27,06,浜名湖,一般,６６５　６５,5285,若林 麗,2026-09-11,2026-09-16,12,住之江,一般,５　３２４　４４４　５５,2026-08-29,2026-09-03,16,児島,一般,６　３６５　４２６６５,2026-08-15,2026-08-20,05,多摩川,一般,５　１６５　３５５　４４,2026-07-28,2026-08-02,15,丸亀,一般,４５４,2026-07-14,2026-07-19,01,桐生,一般,４６６　６５３　６　６６,4888,金児 隆太,2026-09-20,2026-09-25,10,三国,一般,３　４　５４５１４２４,2026-09-05,2026-09-11,03,江戸川,一般,１　２４２　１６１５６２,2026-08-22,2026-08-26,20,若松,一般,４１２　１２１２[６],2026-08-11,2026-08-16,01,桐生,一般,２２１　３３４４６　２２,2026-07-24,2026-07-27,06,浜名湖,一般,１　３２６２１５,4145,小澤 学,2026-09-26,2026-09-30,02,戸田,一般,３　２４４２４２２,2026-09-17,2026-09-22,16,児島,一般,６６４　５５５　５　４１,2026-09-03,2026-09-06,02,戸田,一般,３　５６３５２２,2026-08-20,2026-08-25,21,芦屋,一般,４　５５５　５５４　４３,2026-08-09,2026-08-15,03,江戸川,一般,３５５　５４１　３２
