レースコード,レース日,レース場コード,レース回,艇1_登録番号,艇1_選手名,艇1_前1節_開始日,艇1_前1節_終了日,艇1_前1節_場コード,艇1_前1節_場名,艇1_前1節_グレード,艇1_前1節_着順列,艇1_前2節_開始日,艇1_前2節_終了日,艇1_前2節_場コード,艇1_前2節_場名,艇1_前2節_グレード,艇1_前2節_着順列,艇1_前3節_開始日,艇1_前3節_終了日,艇1_前3節_場コード,艇1_前3節_場名,艇1_前3節_グレード,艇1_前3節_着順列,艇1_前4節_開始日,艇1_前4節_終了日,艇1_前4節_場コード,艇1_前4節_場名,艇1_前4節_グレード,艇1_前4節_着順列,艇1_前5節_開始日,艇1_前5節_終了日,艇1_前5節_場コード,艇1_前5節_場名,艇1_前5節_グレード,艇1_前5節_着順列,艇2_登録番号,艇2_選手名,艇2_前1節_開始日,艇2_前1節_終了日,艇2_前1節_場コード,艇2_前1節_場名,艇2_前1節_グレード,艇2_前1節_着順列,艇2_前2節_開始日,艇2_前2節_終了日,艇2_前2節_場コード,艇2_前2節_場名,艇2_前2節_グレード,艇2_前2節_着順列,艇2_前3節_開始日,艇2_前3節_終了日,艇2_前3節_場コード,艇2_前3節_場名,艇2_前3節_グレード,艇2_前3節_着順列,艇2_前4節_開始日,艇2_前4節_終了日,艇2_前4節_場コード,艇2_前4節_場名,艇2_前4節_グレード,艇2_前4節_着順列,艇2_前5節_開始日,艇2_前5節_終了日,艇2_前5節_場コード,艇2_前5節_場名,艇2_前5節_グレード,艇2_前5節_着順列,艇3_登録番号,艇3_選手名,艇3_前1節_開始日,艇3_前1節_終了日,艇3_前1節_場コード,艇3_前1節_場名,艇3_前1節_グレード,艇3_前1節_着順列,艇3_前2節_開始日,艇3_前2節_終了日,艇3_前2節_場コード,艇3_前2節_場名,艇3_前2節_グレード,艇3_前2節_着順列,艇3_前3節_開始日,艇3_前3節_終了日,艇3_前3節_場コード,艇3_前3節_場名,艇3_前3節_グレード,艇3_前3節_着順列,艇3_前4節_開始日,艇3_前4節_終了日,艇3_前4節_場コード,艇3_前4節_場名,艇3_前4節_グレード,艇3_前4節_着順列,艇3_前5節_開始日,艇3_前5節_終了日,艇3_前5節_場コード,艇3_前5節_場名,艇3_前5節_グレード,艇3_前5節_着順列,艇4_登録番号,艇4_選手名,艇4_前1節_開始日,艇4_前1節_終了日,艇4_前1節_場コード,艇4_前1節_場名,艇4_前1節_グレード,艇4_前1節_着順列,艇4_前2節_開始日,艇4_前2節_終了日,艇4_前2節_場コード,艇4_前2節_場名,艇4_前2節_グレード,艇4_前2節_着順列,艇4_前3節_開始日,艇4_前3節_終了日,艇4_前3節_場コード,艇4_前3節_場名,艇4_前3節_グレード,艇4_前3節_着順列,艇4_前4節_開始日,艇4_前4節_終了日,艇4_前4節_場コード,艇4_前4節_場名,艇4_前4節_グレード,艇4_前4節_着順列,艇4_前5節_開始日,艇4_前5節_終了日,艇4_前5節_場コード,艇4_前5節_場名,艇4_前5節_グレード,艇4_前5節_着順列,艇5_登録番号,艇5_選手名,艇5_前1節_開始日,艇5_前1節_終了日,艇5_前1節_場コード,艇5_前1節_場名,艇5_前1節_グレード,艇5_前1節_着順列,艇5_前2節_開始日,艇5_前2節_終了日,艇5_前2節_場コード,艇5_前2節_場名,艇5_前2節_グレード,艇5_前2節_着順列,艇5_前3節_開始日,艇5_前3節_終了日,艇5_前3節_場コード,艇5_前3節_場名,艇5_前3節_グレード,艇5_前3節_着順列,艇5_前4節_開始日,艇5_前4節_終了日,艇5_前4節_場コード,艇5_前4節_場名,艇5_前4節_グレード,艇5_前4節_着順列,艇5_前5節_開始日,艇5_前5節_終了日,艇5_前5節_場コード,艇5_前5節_場名,艇5_前5節_グレード,艇5_前5節_着順列,艇6_登録番号,艇6_選手名,艇6_前1節_開始日,艇6_前1節_終了日,艇6_前1節_場コード,艇6_前1節_場名,艇6_前1節_グレード,艇6_前1節_着順列,艇6_前2節_開始日,艇6_前2節_終了日,艇6_前2節_場コード,艇6_前2節_場名,艇6_前2節_グレード,艇6_前2節_着順列,艇6_前3節_開始日,艇6_前3節_終了日,艇6_前3節_場コード,艇6_前3節_場名,艇6_前3節_グレード,艇6_前3節_着順列,艇6_前4節_開始日,艇6_前4節_終了日,艇6_前4節_場コード,艇6_前4節_場名,艇6_前4節_グレード,艇6_前4節_着順列,艇6_前5節_開始日,艇6_前5節_終了日,艇6_前5節_場コード,艇6_前5節_場名,艇6_前5節_グレード,艇6_前5節_着順列
202607030401,2026-07-03,04,01R,4697,國弘 翔平,2024-09-08,2024-09-11,04,平和島,一般,３３５１４　３３,2024-06-13,2024-06-16,04,平和島,一般,５１６　５４６,2023-02-18,2023-02-23,04,平和島,一般,１　６F６　５　４　５,2020-03-07,2020-03-12,04,平和島,一般,５６６　６４５　５　４４,2019-10-17,2019-10-21,04,平和島,一般,６　５　４６６　５３,4740,齋藤 達希,2026-02-04,2026-02-07,04,平和島,一般,２５５３５　２５,2025-06-09,2025-06-12,04,平和島,一般,４　３３６５４,2021-11-20,2021-11-24,04,平和島,一般,４　４５６　２２３,2021-07-13,2021-07-18,04,平和島,ＧⅢ,６　２６５　４６４　１５,2021-04-17,2021-04-21,04,平和島,一般,５６６　６　５５２,3949,今出 晋二,2025-08-07,2025-08-12,04,平和島,一般,５　２３４６５　６　５,2024-12-26,2024-12-31,04,平和島,一般,２　４２１３１５４５５４,2017-06-09,2017-06-12,04,平和島,一般,２４４　１１[５],2016-06-18,2016-06-21,04,平和島,一般,５２４　２３３４,2015-11-22,2015-11-27,04,平和島,一般,４　２５２　１４６F３,5258,仲本 舜,2025-03-06,2025-03-10,04,平和島,一般,６　５５３　６４２１,2024-02-14,2024-02-19,04,平和島,一般,６　３５５　３５４　３４,,,,,,,,,,,,,,,,,,,4985,井本 昌也,2025-02-27,2025-03-02,04,平和島,一般,３　５２３４４１,2024-11-16,2024-11-21,04,平和島,一般,３４１３３１３　２２[５],2024-03-23,2024-03-28,04,平和島,一般,１１１　１４２１３１[３],2024-01-19,2024-01-24,04,平和島,一般,６　３２５５５５２　２１,2022-12-05,2022-12-10,04,平和島,一般,４　３５２２２３３５１６,5411,木下 虎之輔,2026-03-25,2026-03-30,04,平和島,一般,５６６　５　５６４　F６,2026-03-09,2026-03-14,04,平和島,一般,　　　　　　　　６４５５,2025-12-26,2025-12-31,04,平和島,一般,６４６　６６６　６４６,2025-09-22,2025-09-27,04,平和島,一般,６　６　６５６６６　５６,2025-07-11,2025-07-16,04,平和島,一般,６　６　６６６６６　５６
202607030402,2026-07-03,04,02R,4083,福島 勇樹,2026-01-14,2026-01-18,04,平和島,一般,１４２　１４１３[３],2025-07-21,2025-07-26,04,平和島,一般,１４１　３３６　６２[５],2025-01-04,2025-01-09,04,平和島,一般,２　F１３　３　６　６,2024-11-06,2024-11-11,04,平和島,一般,３６１　４２１４２２[２],2024-05-14,2024-05-19,04,平和島,ＧⅡ,１　３　５２３　６　４６,4041,小林 基樹,2025-04-27,2025-04-30,04,平和島,一般,２　２６２３２４,2024-12-14,2024-12-19,04,平和島,一般,５４１　５５３　６　３５,2024-06-22,2024-06-25,04,平和島,一般,６６６　５　６,2020-04-01,2020-04-05,04,平和島,一般,４５６　２　５４３,2020-01-11,2020-01-16,04,平和島,一般,３６５　４　１６２５２,4491,田中 堅,2026-06-18,2026-06-21,04,平和島,一般,６４５　２５２５,2026-04-03,2026-04-08,04,平和島,一般,４６５　３　２４４　２３,2025-07-02,2025-07-07,04,平和島,ＧⅢ,１５６　３６４　１　５４,2024-07-14,2024-07-19,04,平和島,一般,１　１２１４３２６５２５,2023-08-04,2023-08-09,04,平和島,一般,１　１５１６５５５６１６,3233,小畑 実成,2025-05-11,2025-05-16,04,平和島,一般,４６３　２　２１４６２５,2022-09-06,2022-09-11,04,平和島,ＧⅢ,１　４３２１５５３４４２,2019-10-17,2019-10-21,04,平和島,一般,１　４４４４４　４４,2019-07-03,2019-07-08,04,平和島,ＧⅢ,４５５　２３２３４　５３,2019-01-20,2019-01-24,04,平和島,一般,２　３３４２２２２２,5425,,,,,,,,,,,,,,,,,,,,,,,,,,,,,,,,3928,林 恵祐,2025-07-29,2025-08-03,04,平和島,一般,４　２５６３４　５１,2022-08-20,2022-08-24,04,平和島,一般,５　６４１　２６６４,2018-11-08,2018-11-11,04,平和島,一般,３　１３５２５６,2017-09-06,2017-09-11,04,平和島,一般,６　６６４　６６３６５１,2017-02-15,2017-02-19,04,平和島,一般,１４１　５１３１６５
202607030403,2026-07-03,04,03R,3787,天野 誠,2024-12-04,2024-12-09,04,平和島,一般,５　６６２　１４５６５３,2018-09-06,2018-09-11,04,平和島,一般,５４F,2017-04-05,2017-04-09,04,平和島,一般,６　１３５　４４１５,2016-07-23,2016-07-27,04,平和島,一般,４３５　１５４　５２,2015-04-01,2015-04-06,04,平和島,一般,１５４２６　２５５　４６,3935,岩津 徹郎,2025-08-07,2025-08-12,04,平和島,一般,４５２　４４３　２６６,2025-04-27,2025-04-30,04,平和島,一般,３２５３５　２４,2023-12-04,2023-12-09,04,平和島,一般,３５５　５６,2019-03-26,2019-03-31,04,平和島,一般,４６５　４６３　４　２２,2018-10-21,2018-10-26,04,平和島,一般,１１４１２　３５１３２３,4572,渡部 悟,2026-03-18,2026-03-21,04,平和島,一般,２　５１５３６３,2025-10-01,2025-10-05,04,平和島,一般,１　１２２２４４５２,2024-11-06,2024-11-11,04,平和島,一般,４　２転６１３　４６５５,2024-09-08,2024-09-11,04,平和島,一般,５６５２１　５３,2024-07-04,2024-07-09,04,平和島,ＧⅢ,２５１４３　２４６６１３,5378,鈴木 結平太,2026-01-29,2026-02-01,04,平和島,一般,６　４３６　６６,,,,,,,,,,,,,,,,,,,,,,,,,3956,横澤 剛治,2026-03-18,2026-03-21,04,平和島,一般,５４３２４２３１,2025-06-17,2025-06-20,04,平和島,一般,２６４１４３５６,2022-11-12,2022-11-16,04,平和島,一般,４　４４２１５５３５,2021-04-07,2021-04-12,04,平和島,一般,２６２１３　１２２１[３],2020-08-23,2020-08-26,04,平和島,一般,１２３　２１[１],3783,瓜生 正義,2025-06-17,2025-06-20,04,平和島,一般,２６１４１１[５],2023-05-14,2023-05-19,04,平和島,ＧⅠ,２　２２４　６１４　１６,2022-10-11,2022-10-16,04,平和島,ＧⅠ,２　６１６１３　２　[５],2021-10-26,2021-10-31,04,平和島,ＳＧ,３３３　５　３３２１４,2021-05-15,2021-05-20,04,平和島,ＧⅠ,１　５１１１５　４　１４
202607030404,2026-07-03,04,04R,5071,野見山 拓己,2026-02-04,2026-02-07,04,平和島,一般,４４６３１　１３,2025-04-02,2025-04-07,04,平和島,一般,１１３　４６５　１６１５,2024-03-01,2024-03-04,04,平和島,一般,１　１１５４６F,2022-11-12,2022-11-16,04,平和島,一般,５　３６５　転欠,,,,,,,3882,新田 智彰,2026-04-11,2026-04-14,04,平和島,一般,３　３６１１６４,2024-11-06,2024-11-11,04,平和島,一般,１　１２６　５６４５１１,2024-04-25,2024-04-29,04,平和島,一般,３　４６１　４５５３,2023-06-20,2023-06-23,04,平和島,一般,３１２４２　[４],2022-12-26,2022-12-31,04,平和島,一般,６６２　５２５　５２４２,4155,長野 壮志郎,2026-01-14,2026-01-18,04,平和島,一般,４　１５５欠,2025-10-01,2025-10-05,04,平和島,一般,１　３５２１１１[２],2025-06-23,2025-06-28,04,平和島,一般,６３２２１　２２２１[４],2025-01-29,2025-02-03,04,平和島,一般,６１４６３　１３２１１１,2024-08-07,2024-08-10,04,平和島,一般,６５１５１３１３,5394,福西 広太郎,2025-09-22,2025-09-27,04,平和島,一般,６３６　５　６３３６６,2025-06-17,2025-06-20,04,平和島,一般,６　６　６６３６,,,,,,,,,,,,,,,,,,,4615,板倉 敦史,2026-03-09,2026-03-14,04,平和島,一般,４４６　４　３１６２５,2025-02-27,2025-03-02,04,平和島,一般,３２３　２６２５,2025-01-04,2025-01-09,04,平和島,一般,４５６　５４３　４６５２,2024-08-16,2024-08-22,04,平和島,一般,２　１５３５４２２３４４,2024-02-23,2024-02-26,04,平和島,一般,４転５　５３２,4739,中村 晃朋,2025-09-04,2025-09-10,04,平和島,ＧⅠ,５　５　６４４　４５６,2025-05-20,2025-05-25,04,平和島,ＧⅡ,１１５　６　５１１　３４,2025-03-15,2025-03-20,04,平和島,ＧⅠ,１　３　２６２　４　３２,2024-12-14,2024-12-19,04,平和島,一般,２２４４３１１　４１[５],2024-08-07,2024-08-10,04,平和島,一般,１４２３エ４３５
202607030405,2026-07-03,04,05R,3904,森 貴洋,2025-07-11,2025-07-16,04,平和島,一般,落１５　６５３　２　２３,2024-01-12,2024-01-15,04,平和島,一般,２　５３２２４１,2023-11-09,2023-11-14,04,平和島,一般,３１２　１３４　３６１５,2023-07-05,2023-07-10,04,平和島,一般,６２３　６１３３１　１３,2023-02-01,2023-02-04,04,平和島,一般,４１２４５　２６,5120,山本 稔太朗,2024-11-16,2024-11-21,04,平和島,一般,２　１６５３F　４　５４,2021-09-21,2021-09-26,04,平和島,一般,５６５　５　３４,2020-01-21,2020-01-26,04,平和島,一般,５　６４６　５３６　４５,,,,,,,,,,,,,4967,中村 魁生,2025-07-21,2025-07-26,04,平和島,一般,２５５　４５２　２６１,2024-09-23,2024-09-28,04,平和島,一般,３２５　１４３２３６２F,2024-02-14,2024-02-19,04,平和島,一般,６　２３１６１２１６３５,2022-11-20,2022-11-25,04,平和島,一般,５　５２４３３１１２[５],2021-03-25,2021-03-30,04,平和島,一般,３２１１２　４４１１[F],4509,平見 真彦,2025-04-21,2025-04-24,04,平和島,一般,３５１５,2023-01-21,2023-01-25,04,平和島,一般,１　３２３４２１４２,2022-09-06,2022-09-11,04,平和島,ＧⅢ,３２２　６３６　５１３,2022-05-21,2022-05-26,04,平和島,一般,４４２６１　２５１４４４,2021-04-24,2021-04-29,04,平和島,一般,３４４５２　３３１５３１,5037,田頭 虎親,2024-03-23,2024-03-28,04,平和島,一般,１３２２２　１５３４４６,2022-06-21,2022-06-24,04,平和島,一般,６　４２５４３４,2021-03-25,2021-03-30,04,平和島,一般,３　１２５４６　２６２４,,,,,,,,,,,,,5008,羽野 諒,2025-06-23,2025-06-28,04,平和島,一般,３　２２５　４５４　４１,2023-02-18,2023-02-23,04,平和島,一般,６４５　４　３１３２１６,2022-12-05,2022-12-10,04,平和島,一般,２１４　１２転　１６４５,2021-03-25,2021-03-30,04,平和島,一般,３４４　４１３　３１４１,2019-08-23,2019-08-28,04,平和島,一般,５　６６６　４５６　５４
202607030406,2026-07-03,04,06R,3406,中里 英夫,2025-07-29,2025-08-03,04,平和島,一般,２２５２４　１１４４,2025-04-27,2025-04-30,04,平和島,一般,３　５３４２１１,2024-12-14,2024-12-19,04,平和島,一般,５１４４３３４　６１３,2024-09-23,2024-09-28,04,平和島,一般,４１３３６６５　５６３,2024-05-03,2024-05-08,04,平和島,一般,転　５５３　４４４　２５,3949,今出 晋二,2025-08-07,2025-08-12,04,平和島,一般,５　２３４６５　６　５,2024-12-26,2024-12-31,04,平和島,一般,２　４２１３１５４５５４,2017-06-09,2017-06-12,04,平和島,一般,２４４　１１[５],2016-06-18,2016-06-21,04,平和島,一般,５２４　２３３４,2015-11-22,2015-11-27,04,平和島,一般,４　２５２　１４６F３,3983,須藤 博倫,2025-03-26,2025-03-30,04,平和島,一般,１１１１４　３１[４],2024-04-02,2024-04-07,04,平和島,一般,２３４　５１５１１４２１,2024-02-03,2024-02-08,04,平和島,ＧⅠ,３　４６１　１３１　６２,2023-07-05,2023-07-10,04,平和島,一般,１４６１２　３６４５３４,2023-05-14,2023-05-19,04,平和島,ＧⅠ,１　３　１２６　６　５６,5425,,,,,,,,,,,,,,,,,,,,,,,,,,,,,,,,4824,松井 洪弥,2025-04-21,2025-04-24,04,平和島,一般,４６４４４４１１,2022-07-19,2022-07-22,04,平和島,一般,２２１３１３[６],2022-06-30,2022-07-05,04,平和島,一般,１１４３１３２　４１[６],2021-08-21,2021-08-26,04,平和島,一般,２２１　４２２２６１[４],2021-07-13,2021-07-18,04,平和島,ＧⅢ,１６６　１３１４５３２３,5223,森清 友翔,2026-03-25,2026-03-30,04,平和島,一般,４　落２３　４６４　１６,2025-10-01,2025-10-05,04,平和島,一般,５　６５６　２６３４,2024-11-06,2024-11-11,04,平和島,一般,１５２　３５６　４１２５,2024-03-23,2024-03-28,04,平和島,一般,５　５６４　６３６　６,,,,,,
202607030407,2026-07-03,04,07R,5368,宮崎 心之介,2026-02-04,2026-02-07,04,平和島,一般,５５１　２５６F,2025-04-27,2025-04-30,04,平和島,一般,４　５６５３６,2024-11-16,2024-11-21,04,平和島,一般,６　６４２　６４５　４１,,,,,,,,,,,,,3505,山田 竜一,2026-05-03,2026-05-08,04,平和島,一般,５５１　４５３　エ　４６,2026-03-09,2026-03-14,04,平和島,一般,３　３３４３３３１４３３,2026-01-04,2026-01-09,04,平和島,一般,５６４　３　２４５　４４,2025-08-16,2025-08-21,04,平和島,一般,２６４　５２５　３６５,2025-07-02,2025-07-07,04,平和島,ＧⅢ,６　２５４６２　３１２６,3928,林 恵祐,2025-07-29,2025-08-03,04,平和島,一般,４　２５６３４　５１,2022-08-20,2022-08-24,04,平和島,一般,５　６４１　２６６４,2018-11-08,2018-11-11,04,平和島,一般,３　１３５２５６,2017-09-06,2017-09-11,04,平和島,一般,６　６６４　６６３６５１,2017-02-15,2017-02-19,04,平和島,一般,１４１　５１３１６５,5411,木下 虎之輔,2026-03-25,2026-03-30,04,平和島,一般,５６６　５　５６４　F６,2026-03-09,2026-03-14,04,平和島,一般,　　　　　　　　６４５５,2025-12-26,2025-12-31,04,平和島,一般,６４６　６６６　６４６,2025-09-22,2025-09-27,04,平和島,一般,６　６　６５６６６　５６,2025-07-11,2025-07-16,04,平和島,一般,６　６　６６６６６　５６,4418,茅原 悠紀,2025-09-04,2025-09-10,04,平和島,ＧⅠ,３　４１１　２１１　[１],2025-06-17,2025-06-20,04,平和島,一般,４４２１１２[３],2025-03-15,2025-03-20,04,平和島,ＧⅠ,３２４　１３１　１　[２],2023-03-16,2023-03-21,04,平和島,ＳＧ,４１６　２　１２２　[３],2021-10-26,2021-10-31,04,平和島,ＳＧ,１３５　６　６４１３４,5110,杉山 喜一,2026-03-09,2026-03-14,04,平和島,一般,５６３　３落,2025-07-29,2025-08-03,04,平和島,一般,１１５　１１６２[２],2025-01-29,2025-02-03,04,平和島,一般,４　５４１　３５１２４３,2024-02-14,2024-02-19,04,平和島,一般,３３５　２６６　３４４２,2023-04-24,2023-04-29,04,平和島,一般,６３１　３２２５１５５３
202607030408,2026-07-03,04,08R,5060,数原 魁,2024-01-19,2024-01-24,04,平和島,一般,１２４　２２６５２１[１],2022-06-21,2022-06-24,04,平和島,一般,５　５３６３５,,,,,,,,,,,,,,,,,,,5258,仲本 舜,2025-03-06,2025-03-10,04,平和島,一般,６　５５３　６４２１,2024-02-14,2024-02-19,04,平和島,一般,６　３５５　３５４　３４,,,,,,,,,,,,,,,,,,,3233,小畑 実成,2025-05-11,2025-05-16,04,平和島,一般,４６３　２　２１４６２５,2022-09-06,2022-09-11,04,平和島,ＧⅢ,１　４３２１５５３４４２,2019-10-17,2019-10-21,04,平和島,一般,１　４４４４４　４４,2019-07-03,2019-07-08,04,平和島,ＧⅢ,４５５　２３２３４　５３,2019-01-20,2019-01-24,04,平和島,一般,２　３３４２２２２２,4847,佐藤 隆太郎,2026-04-11,2026-04-14,04,平和島,一般,２１３２６３１１,2026-01-04,2026-01-09,04,平和島,一般,４２１２１　１３４３１１,2025-09-04,2025-09-10,04,平和島,ＧⅠ,２１１　５１５　３　３１,2025-05-20,2025-05-25,04,平和島,ＧⅡ,５５５　１６１　２　６１,2025-03-15,2025-03-20,04,平和島,ＧⅠ,４４３　２　３落４　１２,5378,鈴木 結平太,2026-01-29,2026-02-01,04,平和島,一般,６　４３６　６６,,,,,,,,,,,,,,,,,,,,,,,,,3591,後藤 孝義,2025-04-02,2025-04-07,04,平和島,一般,３　４４３　１６４３６４,2024-03-01,2024-03-04,04,平和島,一般,６　４５５４３５,2024-01-12,2024-01-15,04,平和島,一般,３　４５３５１６,2023-06-27,2023-06-30,04,平和島,一般,５　６６２５６,2023-01-21,2023-01-25,04,平和島,一般,２　４６２５５　２３
202607030409,2026-07-03,04,09R,4356,長岡 良也,2025-07-29,2025-08-03,04,平和島,一般,４５５　２２１３１４,2024-10-11,2024-10-16,04,平和島,一般,３　５４４１１４３　１３,2023-12-26,2023-12-31,04,平和島,一般,２４５３２　２１２１[５],2022-07-26,2022-07-29,04,平和島,一般,３５１　２１[５],2021-10-04,2021-10-09,04,平和島,一般,６６２３５　６１,5234,塚越 海斗,2025-06-17,2025-06-20,04,平和島,一般,４３１　１４２５,2024-09-15,2024-09-19,04,平和島,一般,１１３１妨　６　５３,2023-08-04,2023-08-09,04,平和島,一般,６　６１５　１５４２３３,2022-08-20,2022-08-24,04,平和島,一般,６　４６５　６６５,,,,,,,4083,福島 勇樹,2026-01-14,2026-01-18,04,平和島,一般,１４２　１４１３[３],2025-07-21,2025-07-26,04,平和島,一般,１４１　３３６　６２[５],2025-01-04,2025-01-09,04,平和島,一般,２　F１３　３　６　６,2024-11-06,2024-11-11,04,平和島,一般,３６１　４２１４２２[２],2024-05-14,2024-05-19,04,平和島,ＧⅡ,１　３　５２３　６　４６,4615,板倉 敦史,2026-03-09,2026-03-14,04,平和島,一般,４４６　４　３１６２５,2025-02-27,2025-03-02,04,平和島,一般,３２３　２６２５,2025-01-04,2025-01-09,04,平和島,一般,４５６　５４３　４６５２,2024-08-16,2024-08-22,04,平和島,一般,２　１５３５４２２３４４,2024-02-23,2024-02-26,04,平和島,一般,４転５　５３２,3787,天野 誠,2024-12-04,2024-12-09,04,平和島,一般,５　６６２　１４５６５３,2018-09-06,2018-09-11,04,平和島,一般,５４F,2017-04-05,2017-04-09,04,平和島,一般,６　１３５　４４１５,2016-07-23,2016-07-27,04,平和島,一般,４３５　１５４　５２,2015-04-01,2015-04-06,04,平和島,一般,１５４２６　２５５　４６,4043,桐本 康臣,2026-02-21,2026-02-26,04,平和島,一般,４２５　５２４５３１５２,2025-08-25,2025-08-30,04,平和島,一般,２４１１４１４　２５３５,2025-03-06,2025-03-10,04,平和島,一般,３　２６１１１１[２],2024-01-12,2024-01-15,04,平和島,一般,６１１２３　[５],2023-10-07,2023-10-12,04,平和島,一般,３２２２３１１　５１[１]
202607030410,2026-07-03,04,10R,4142,平野 和明,2025-06-23,2025-06-28,04,平和島,一般,２１５　３５５６１　２１,2022-09-27,2022-10-02,04,平和島,一般,４６３６１　３１２４１６,2022-06-14,2022-06-17,04,平和島,一般,２　５３２２２４,2022-04-07,2022-04-11,04,平和島,一般,３５３３５　６５２,2020-10-15,2020-10-18,04,平和島,一般,６４１４２　２２,4739,中村 晃朋,2025-09-04,2025-09-10,04,平和島,ＧⅠ,５　５　６４４　４５６,2025-05-20,2025-05-25,04,平和島,ＧⅡ,１１５　６　５１１　３４,2025-03-15,2025-03-20,04,平和島,ＧⅠ,１　３　２６２　４　３２,2024-12-14,2024-12-19,04,平和島,一般,２２４４３１１　４１[５],2024-08-07,2024-08-10,04,平和島,一般,１４２３エ４３５,3956,横澤 剛治,2026-03-18,2026-03-21,04,平和島,一般,５４３２４２３１,2025-06-17,2025-06-20,04,平和島,一般,２６４１４３５６,2022-11-12,2022-11-16,04,平和島,一般,４　４４２１５５３５,2021-04-07,2021-04-12,04,平和島,一般,２６２１３　１２２１[３],2020-08-23,2020-08-26,04,平和島,一般,１２３　２１[１],3406,中里 英夫,2025-07-29,2025-08-03,04,平和島,一般,２２５２４　１１４４,2025-04-27,2025-04-30,04,平和島,一般,３　５３４２１１,2024-12-14,2024-12-19,04,平和島,一般,５１４４３３４　６１３,2024-09-23,2024-09-28,04,平和島,一般,４１３３６６５　５６３,2024-05-03,2024-05-08,04,平和島,一般,転　５５３　４４４　２５,4697,國弘 翔平,2024-09-08,2024-09-11,04,平和島,一般,３３５１４　３３,2024-06-13,2024-06-16,04,平和島,一般,５１６　５４６,2023-02-18,2023-02-23,04,平和島,一般,１　６F６　５　４　５,2020-03-07,2020-03-12,04,平和島,一般,５６６　６４５　５　４４,2019-10-17,2019-10-21,04,平和島,一般,６　５　４６６　５３,4509,平見 真彦,2025-04-21,2025-04-24,04,平和島,一般,３５１５,2023-01-21,2023-01-25,04,平和島,一般,１　３２３４２１４２,2022-09-06,2022-09-11,04,平和島,ＧⅢ,３２２　６３６　５１３,2022-05-21,2022-05-26,04,平和島,一般,４４２６１　２５１４４４,2021-04-24,2021-04-29,04,平和島,一般,３４４５２　３３１５３１
202607030411,2026-07-03,04,11R,4985,井本 昌也,2025-02-27,2025-03-02,04,平和島,一般,３　５２３４４１,2024-11-16,2024-11-21,04,平和島,一般,３４１３３１３　２２[５],2024-03-23,2024-03-28,04,平和島,一般,１１１　１４２１３１[３],2024-01-19,2024-01-24,04,平和島,一般,６　３２５５５５２　２１,2022-12-05,2022-12-10,04,平和島,一般,４　３５２２２３３５１６,3783,瓜生 正義,2025-06-17,2025-06-20,04,平和島,一般,２６１４１１[５],2023-05-14,2023-05-19,04,平和島,ＧⅠ,２　２２４　６１４　１６,2022-10-11,2022-10-16,04,平和島,ＧⅠ,２　６１６１３　２　[５],2021-10-26,2021-10-31,04,平和島,ＳＧ,３３３　５　３３２１４,2021-05-15,2021-05-20,04,平和島,ＧⅠ,１　５１１１５　４　１４,5008,羽野 諒,2025-06-23,2025-06-28,04,平和島,一般,３　２２５　４５４　４１,2023-02-18,2023-02-23,04,平和島,一般,６４５　４　３１３２１６,2022-12-05,2022-12-10,04,平和島,一般,２１４　１２転　１６４５,2021-03-25,2021-03-30,04,平和島,一般,３４４　４１３　３１４１,2019-08-23,2019-08-28,04,平和島,一般,５　６６６　４５６　５４,4824,松井 洪弥,2025-04-21,2025-04-24,04,平和島,一般,４６４４４４１１,2022-07-19,2022-07-22,04,平和島,一般,２２１３１３[６],2022-06-30,2022-07-05,04,平和島,一般,１１４３１３２　４１[６],2021-08-21,2021-08-26,04,平和島,一般,２２１　４２２２６１[４],2021-07-13,2021-07-18,04,平和島,ＧⅢ,１６６　１３１４５３２３,4172,森定 晃史,2026-02-04,2026-02-07,04,平和島,一般,３２２１１　[５],2025-07-02,2025-07-07,04,平和島,ＧⅢ,４４４３１５４　２５４５,2019-05-26,2019-05-29,04,平和島,一般,２６３　１３２２,2018-08-28,2018-09-02,04,平和島,一般,２１３３２　３３３３３２,2017-07-30,2017-08-04,04,平和島,ＧⅢ,３３３１４　４３２５４５,3882,新田 智彰,2026-04-11,2026-04-14,04,平和島,一般,３　３６１１６４,2024-11-06,2024-11-11,04,平和島,一般,１　１２６　５６４５１１,2024-04-25,2024-04-29,04,平和島,一般,３　４６１　４５５３,2023-06-20,2023-06-23,04,平和島,一般,３１２４２　[４],2022-12-26,2022-12-31,04,平和島,一般,６６２　５２５　５２４２
202607030412,2026-07-03,04,12R,4847,佐藤 隆太郎,2026-04-11,2026-04-14,04,平和島,一般,２１３２６３１１,2026-01-04,2026-01-09,04,平和島,一般,４２１２１　１３４３１１,2025-09-04,2025-09-10,04,平和島,ＧⅠ,２１１　５１５　３　３１,2025-05-20,2025-05-25,04,平和島,ＧⅡ,５５５　１６１　２　６１,2025-03-15,2025-03-20,04,平和島,ＧⅠ,４４３　２　３落４　１２,4155,長野 壮志郎,2026-01-14,2026-01-18,04,平和島,一般,４　１５５欠,2025-10-01,2025-10-05,04,平和島,一般,１　３５２１１１[２],2025-06-23,2025-06-28,04,平和島,一般,６３２２１　２２２１[４],2025-01-29,2025-02-03,04,平和島,一般,６１４６３　１３２１１１,2024-08-07,2024-08-10,04,平和島,一般,６５１５１３１３,3505,山田 竜一,2026-05-03,2026-05-08,04,平和島,一般,５５１　４５３　エ　４６,2026-03-09,2026-03-14,04,平和島,一般,３　３３４３３３１４３３,2026-01-04,2026-01-09,04,平和島,一般,５６４　３　２４５　４４,2025-08-16,2025-08-21,04,平和島,一般,２６４　５２５　３６５,2025-07-02,2025-07-07,04,平和島,ＧⅢ,６　２５４６２　３１２６,4967,中村 魁生,2025-07-21,2025-07-26,04,平和島,一般,２５５　４５２　２６１,2024-09-23,2024-09-28,04,平和島,一般,３２５　１４３２３６２F,2024-02-14,2024-02-19,04,平和島,一般,６　２３１６１２１６３５,2022-11-20,2022-11-25,04,平和島,一般,５　５２４３３１１２[５],2021-03-25,2021-03-30,04,平和島,一般,３２１１２　４４１１[F],4041,小林 基樹,2025-04-27,2025-04-30,04,平和島,一般,２　２６２３２４,2024-12-14,2024-12-19,04,平和島,一般,５４１　５５３　６　３５,2024-06-22,2024-06-25,04,平和島,一般,６６６　５　６,2020-04-01,2020-04-05,04,平和島,一般,４５６　２　５４３,2020-01-11,2020-01-16,04,平和島,一般,３６５　４　１６２５２,3935,岩津 徹郎,2025-08-07,2025-08-12,04,平和島,一般,４５２　４４３　２６６,2025-04-27,2025-04-30,04,平和島,一般,３２５３５　２４,2023-12-04,2023-12-09,04,平和島,一般,３５５　５６,2019-03-26,2019-03-31,04,平和島,一般,４６５　４６３　４　２２,2018-10-21,2018-10-26,04,平和島,一般,１１４１２　３５１３２３
202607030601,2026-07-03,06,01R,3637,齋藤 和政,2026-03-29,2026-04-03,06,浜名湖,一般,６６２　５　１５４　３,2025-07-10,2025-07-13,06,浜名湖,一般,５　４３２６４,2025-03-04,2025-03-09,06,浜名湖,一般,４　４３２６５４４　２５,2024-08-30,2024-09-04,06,浜名湖,一般,６６１　３３２　５５５,2024-06-29,2024-07-04,06,浜名湖,一般,６６４　５　１５２　５２,3718,伊達 正利,2026-02-19,2026-02-24,06,浜名湖,一般,１４３　５３１３１６３６,2025-07-17,2025-07-22,06,浜名湖,一般,１２４　４５５　３３３３,2025-05-15,2025-05-20,06,浜名湖,一般,６　１４６　６６６　４,2025-03-04,2025-03-09,06,浜名湖,一般,２３３５４　４１１６２５,2024-12-14,2024-12-17,06,浜名湖,一般,３　１２３２[６],3790,佐口 達也,2026-03-12,2026-03-17,06,浜名湖,一般,５　２２４２６３３　２５,2025-10-25,2025-10-30,06,浜名湖,一般,２６６　３３５　５５５,2025-06-05,2025-06-09,06,浜名湖,一般,１６６　５６４　２６,2024-11-16,2024-11-20,06,浜名湖,一般,４４４　４４２　３４,2024-05-15,2024-05-20,06,浜名湖,一般,３　３３５　５５６６６２,4567,上村 慎太郎,2025-06-05,2025-06-09,06,浜名湖,一般,５５３　５　４４４５,2022-09-03,2022-09-08,06,浜名湖,一般,１　１４５１３３６３４１,2019-07-05,2019-07-09,06,浜名湖,一般,２　４５２６２　３３,2017-11-23,2017-11-27,06,浜名湖,一般,６６２　２６４　５３,2016-07-16,2016-07-21,06,浜名湖,一般,３　２５３６５　５　２４,4743,木村 仁紀,2025-12-10,2025-12-15,06,浜名湖,一般,１６２２２１３１３２[２],2025-01-16,2025-01-21,06,浜名湖,一般,２３５１１２１１２１[１],2024-05-03,2024-05-07,06,浜名湖,一般,１６２１１２４１[３],2023-09-21,2023-09-26,06,浜名湖,一般,２　４３５５３４１　６５,2022-10-02,2022-10-05,06,浜名湖,一般,２　５２２３３１,4393,田中 孝明,2025-10-25,2025-10-30,06,浜名湖,一般,５３５　４３１　１６５,2025-06-05,2025-06-09,06,浜名湖,一般,６２４　５６３　５１,2022-11-17,2022-11-20,06,浜名湖,一般,３　３１２２[４],2019-07-13,2019-07-18,06,浜名湖,一般,３２３３６　４２４３２１,2018-04-06,2018-04-09,06,浜名湖,一般,３　１３３２[４]
202607030602,2026-07-03,06,02R,3643,米田 隆弘,2025-10-08,2025-10-13,06,浜名湖,一般,３　４３２　４３４５１５,2025-07-17,2025-07-22,06,浜名湖,一般,２４３　４５３　４６２,2025-03-13,2025-03-16,06,浜名湖,一般,３４４５３　４５,2023-02-23,2023-02-27,06,浜名湖,一般,２　５４５,2021-09-18,2021-09-23,06,浜名湖,一般,３５５　３　転２２,4945,上村 宏太,2024-07-26,2024-07-29,06,浜名湖,一般,２　６５４２１４,2022-07-30,2022-08-03,06,浜名湖,一般,３２１　３２５４２５,2020-02-23,2020-02-28,06,浜名湖,一般,５３６　３６１　３４１５,2018-06-15,2018-06-18,06,浜名湖,一般,６６５　６６６５,2017-04-07,2017-04-10,06,浜名湖,一般,６　６６６　４４,4727,安部 慎一,2026-03-20,2026-03-25,06,浜名湖,ＧⅢ,５２６　４３６　１３５,2025-06-28,2025-07-03,06,浜名湖,一般,４２４　４　４６１２３３,2025-01-16,2025-01-21,06,浜名湖,一般,２６３　６１１　４６１４,2024-10-23,2024-10-27,06,浜名湖,一般,４５４　５６２　４６,2023-05-18,2023-05-22,06,浜名湖,一般,４　４３５２３２３,5082,一色 凌雅,2025-04-15,2025-04-20,06,浜名湖,一般,４　６４１　１５２４２２,2024-06-29,2024-07-04,06,浜名湖,一般,３　６２５　４６５　２１,2024-05-28,2024-06-03,06,浜名湖,一般,　　　　　　　　　　６５４１,2023-06-13,2023-06-16,06,浜名湖,一般,３４５　４５４５,2023-02-01,2023-02-06,06,浜名湖,一般,５２２　１１２１転F４,3539,金子 順一,2023-12-14,2023-12-17,06,浜名湖,一般,３５６　６４１５,2023-03-02,2023-03-07,06,浜名湖,一般,１２２１２　３６５４６３,2022-08-06,2022-08-10,06,浜名湖,一般,６３１　３　５２２６,2022-02-27,2022-03-04,06,浜名湖,一般,５６５５３　３　５　１５,2017-09-29,2017-10-03,06,浜名湖,一般,４　３２２４１６４６,4295,小坂 尚哉,2025-03-29,2025-04-03,06,浜名湖,一般,３３１,2024-10-23,2024-10-27,06,浜名湖,一般,２２４３６２１２[３],2024-01-25,2024-01-30,06,浜名湖,ＧⅠ,４　３５４　２３５１４,2022-03-17,2022-03-23,06,浜名湖,一般,１　１３２５３５２１２２[４],2020-09-19,2020-09-23,06,浜名湖,一般,２　２５２３４５２４
202607030603,2026-07-03,06,03R,5068,前田 滉,2025-07-17,2025-07-22,06,浜名湖,一般,１２３３３１６４１１[２],2024-12-20,2024-12-25,06,浜名湖,一般,１４３１１１３３６１[１],2024-02-07,2024-02-12,06,浜名湖,一般,２１１１１　１１２１[１],2023-02-11,2023-02-16,06,浜名湖,ＧⅠ,４　３　５１１　５３６３,2022-09-03,2022-09-08,06,浜名湖,一般,２１５　２５１４１２[１],5063,大塚 雅治,2024-09-18,2024-09-23,06,浜名湖,ＧⅢ,３　５４４　３２３２３１,2024-03-12,2024-03-17,06,浜名湖,一般,１　５１２６６　３２[４],2020-07-11,2020-07-15,06,浜名湖,一般,５　５６１　５４１１,2019-12-21,2019-12-26,06,浜名湖,一般,６　６５５　６６６６６６,2019-09-13,2019-09-17,06,浜名湖,一般,６　６４２　４６４６,3662,大庭 元明,2025-05-28,2025-06-02,06,浜名湖,一般,３２５５２　５,2024-08-01,2024-08-06,06,浜名湖,ＧⅢ,３２３３１２１　５１[６],2022-07-30,2022-08-03,06,浜名湖,一般,２１６　４４６　５４,2019-08-24,2019-08-28,06,浜名湖,一般,１　２６１５１５１４,2019-05-16,2019-05-20,06,浜名湖,一般,６　４２６５５１４,4880,澤崎 雄哉,2026-03-29,2026-04-03,06,浜名湖,一般,５２２　２　３２１３１１,2024-04-06,2024-04-11,06,浜名湖,一般,４５１　５４４　１２２２,2023-01-25,2023-01-29,06,浜名湖,一般,３１５　６４２　５３,2022-01-18,2022-01-23,06,浜名湖,一般,１２２　３落,2021-11-23,2021-11-26,06,浜名湖,一般,４５２　１６４３,4558,宮野 仁,2025-10-08,2025-10-13,06,浜名湖,一般,５　４３１　６５６４６,2024-12-14,2024-12-17,06,浜名湖,一般,４４４３２　１４,2023-06-22,2023-06-26,06,浜名湖,一般,３　３１２６５４２３,2016-04-15,2016-04-18,06,浜名湖,一般,６３４　４５６５,2015-07-18,2015-07-23,06,浜名湖,一般,５４３　４６３　６４３４,5349,宮崎 奏磨,2026-04-09,2026-04-14,06,浜名湖,一般,６６６　６６５　６　４６,2026-02-19,2026-02-24,06,浜名湖,一般,　　　　　　　　６６５６,2025-12-29,2026-01-03,06,浜名湖,一般,３６６　６　６６１６６,2025-08-15,2025-08-20,06,浜名湖,一般,６　４６４　６６５５６,2025-05-02,2025-05-07,06,浜名湖,一般,６　６６６　６６５　６６
202607030604,2026-07-03,06,04R,4137,君島 秀三,2026-02-19,2026-02-24,06,浜名湖,一般,４２３３２１２４１４１２,2025-09-28,2025-10-03,06,浜名湖,一般,３１５　２５６２１　３３,2024-05-03,2024-05-07,06,浜名湖,一般,１　１４４１５２[６],2024-01-25,2024-01-30,06,浜名湖,ＧⅠ,１　５４４　６１４２６,2023-10-07,2023-10-11,06,浜名湖,一般,１　２３１３２６,4954,内山 峻輔,2025-12-19,2025-12-24,06,浜名湖,一般,６　１２２　５４２４６４,2023-09-30,2023-10-03,06,浜名湖,一般,３５２２２　４２,2020-08-06,2020-08-10,06,浜名湖,一般,４５６　２２５４５,2020-04-25,2020-04-29,06,浜名湖,一般,３６１　１４４５３３,2019-11-20,2019-11-25,06,浜名湖,一般,１３F,4626,伊藤 紘章,2026-02-10,2026-02-15,06,浜名湖,一般,５１５　４　５３１　４３,2025-09-20,2025-09-25,06,浜名湖,一般,２２３４４　６５２　２６,2024-02-24,2024-02-29,06,浜名湖,一般,４４４４６　１　１　５４,2023-08-19,2023-08-24,06,浜名湖,一般,６６,2020-06-20,2020-06-23,06,浜名湖,一般,４６４　３３４６,4866,橋本 英一,2022-06-15,2022-06-20,06,浜名湖,一般,３３５　２４２　２６１５,2019-12-21,2019-12-26,06,浜名湖,一般,４　４４４　落５,2018-05-25,2018-05-28,06,浜名湖,一般,４６転　６　６５,2017-11-15,2017-11-20,06,浜名湖,一般,２　３３４６６　４　４２,,,,,,,4035,杉江 浩明,2026-03-01,2026-03-06,06,浜名湖,一般,２３５　６４６１４　２３,2025-08-30,2025-09-03,06,浜名湖,一般,６５４　６　３６４５,2024-07-26,2024-07-29,06,浜名湖,一般,１２４　F６６,2023-03-11,2023-03-14,06,浜名湖,一般,５　３４２２６５,2023-03-02,2023-03-07,06,浜名湖,一般,　　　　　　　　３２６３,4257,古川 健,2026-03-12,2026-03-17,06,浜名湖,一般,５６１　５４２　５６３４,2023-11-23,2023-11-28,06,浜名湖,一般,２４３５３１２　１４２２,2023-08-19,2023-08-24,06,浜名湖,一般,１　６４３２５２６４３５,2023-01-07,2023-01-11,06,浜名湖,一般,５２２２６１１６１５,2020-01-17,2020-01-21,06,浜名湖,一般,５１５６３　２３３
202607030605,2026-07-03,06,05R,5047,國分 将太郎,2026-03-20,2026-03-25,06,浜名湖,ＧⅢ,６１６　４６５　６５５,2025-10-25,2025-10-30,06,浜名湖,一般,５　６４３　３３２　３２,2024-08-30,2024-09-04,06,浜名湖,一般,６４５　２　３２５　１３,2023-09-30,2023-10-03,06,浜名湖,一般,５５３　６６５１,2022-09-03,2022-09-08,06,浜名湖,一般,落３５　４　１４２　２５,4100,松田 隆司,2025-10-17,2025-10-21,06,浜名湖,一般,６　６５１　２４３,2025-03-29,2025-04-03,06,浜名湖,一般,５５５　２　３３３　４１,2024-08-30,2024-09-04,06,浜名湖,一般,１５４　１１６　５３６３,2023-12-06,2023-12-11,06,浜名湖,一般,３４１F６　６　５　４,2023-08-19,2023-08-24,06,浜名湖,一般,４４４　３５１　２５１１,3718,伊達 正利,2026-02-19,2026-02-24,06,浜名湖,一般,１４３　５３１３１６３６,2025-07-17,2025-07-22,06,浜名湖,一般,１２４　４５５　３３３３,2025-05-15,2025-05-20,06,浜名湖,一般,６　１４６　６６６　４,2025-03-04,2025-03-09,06,浜名湖,一般,２３３５４　４１１６２５,2024-12-14,2024-12-17,06,浜名湖,一般,３　１２３２[６],3708,岡部 貴司,2025-07-17,2025-07-22,06,浜名湖,一般,３　４２５　３５２２５２,2024-02-16,2024-02-20,06,浜名湖,一般,６５２　１４４３６,2023-07-08,2023-07-11,06,浜名湖,一般,３２５６３　３５,2023-04-06,2023-04-11,06,浜名湖,一般,３５３　５３１　６５２４,2021-01-16,2021-01-21,06,浜名湖,ＧⅢ,２６３　１５３５５４２６,4787,椎名 豊,2024-02-24,2024-02-29,06,浜名湖,一般,４４１３１　４　５２[３],2022-08-23,2022-08-28,06,浜名湖,ＳＧ,１　２３６　４６１　２３,2022-05-15,2022-05-18,06,浜名湖,一般,１１３１１１[１],2021-11-10,2021-11-15,06,浜名湖,ＧⅠ,２　転欠,2021-09-26,2021-09-29,06,浜名湖,一般,３４１６１５１５,4423,坂口 貴彦,2025-09-28,2025-10-03,06,浜名湖,一般,３　１４２４５６５　２,2024-04-16,2024-04-20,06,浜名湖,一般,２３３１４　５３４２,2018-12-12,2018-12-17,06,浜名湖,一般,４２３　２４１６２４２４,2017-06-30,2017-07-03,06,浜名湖,一般,１　２４６５５５,2014-11-07,2014-11-11,06,浜名湖,一般,６　５５４　２　５４
202607030606,2026-07-03,06,06R,3458,東 健介,2026-03-01,2026-03-06,06,浜名湖,一般,４　４３６５４　４４４５,2024-03-29,2024-04-03,06,浜名湖,一般,１　４３１　５　１１[５],2023-12-14,2023-12-17,06,浜名湖,一般,２６１６１　３３,2023-06-22,2023-06-26,06,浜名湖,一般,２５４４４　２４３,2019-07-05,2019-07-09,06,浜名湖,一般,５１２２３　１３３４,5339,石井 伸長,2026-04-09,2026-04-14,06,浜名湖,一般,２　４６３３３　３４２,2025-05-15,2025-05-20,06,浜名湖,一般,６　３６５　３　１３６６,,,,,,,,,,,,,,,,,,,3442,宮武 英司,2026-03-29,2026-04-03,06,浜名湖,一般,４　４５３　４２５　２,2025-11-26,2025-12-01,06,浜名湖,一般,６,2025-03-20,2025-03-25,06,浜名湖,一般,４５６　２２４　５２３,2024-04-06,2024-04-11,06,浜名湖,一般,２５転,2023-12-14,2023-12-17,06,浜名湖,一般,４　２１３２[６],4393,田中 孝明,2025-10-25,2025-10-30,06,浜名湖,一般,５３５　４３１　１６５,2025-06-05,2025-06-09,06,浜名湖,一般,６２４　５６３　５１,2022-11-17,2022-11-20,06,浜名湖,一般,３　３１２２[４],2019-07-13,2019-07-18,06,浜名湖,一般,３２３３６　４２４３２１,2018-04-06,2018-04-09,06,浜名湖,一般,３　１３３２[４],5034,若林 義人,2026-05-03,2026-05-08,06,浜名湖,一般,５３６１５　５１４　３１,2025-12-29,2026-01-03,06,浜名湖,一般,２３１６６　１２５３２４,2025-11-03,2025-11-08,06,浜名湖,ＧⅠ,５　１　６２６　５５５,2025-08-15,2025-08-20,06,浜名湖,一般,２５２　４４４２１３２６,2025-05-02,2025-05-07,06,浜名湖,一般,５３４　３５２　４３１,4663,籾山 佳岳,2024-05-15,2024-05-20,06,浜名湖,一般,２４５　５１１１４２[５],2023-08-19,2023-08-24,06,浜名湖,一般,４　４６４　１２１２１４,2023-05-18,2023-05-22,06,浜名湖,一般,３５６　２４４　４５,2023-04-15,2023-04-20,06,浜名湖,一般,６　１６F　４　６　４５,2022-07-13,2022-07-18,06,浜名湖,一般,２６２　３３３　１５５６
202607030607,2026-07-03,06,07R,4567,上村 慎太郎,2025-06-05,2025-06-09,06,浜名湖,一般,５５３　５　４４４５,2022-09-03,2022-09-08,06,浜名湖,一般,１　１４５１３３６３４１,2019-07-05,2019-07-09,06,浜名湖,一般,２　４５２６２　３３,2017-11-23,2017-11-27,06,浜名湖,一般,６６２　２６４　５３,2016-07-16,2016-07-21,06,浜名湖,一般,３　２５３６５　５　２４,4295,小坂 尚哉,2025-03-29,2025-04-03,06,浜名湖,一般,３３１,2024-10-23,2024-10-27,06,浜名湖,一般,２２４３６２１２[３],2024-01-25,2024-01-30,06,浜名湖,ＧⅠ,４　３５４　２３５１４,2022-03-17,2022-03-23,06,浜名湖,一般,１　１３２５３５２１２２[４],2020-09-19,2020-09-23,06,浜名湖,一般,２　２５２３４５２４,4638,小林 遼太,2026-03-20,2026-03-25,06,浜名湖,ＧⅢ,４　４１４２２　２５１６,2024-07-17,2024-07-22,06,浜名湖,一般,４　５５３　２３２２２６,2023-05-18,2023-05-22,06,浜名湖,一般,２２４４４　３６６６,2023-01-25,2023-01-29,06,浜名湖,一般,５５４　４５６　５６,2022-11-17,2022-11-20,06,浜名湖,一般,１３４２４　４６,5041,荒牧 凪沙,2026-04-19,2026-04-22,06,浜名湖,一般,５　１５５２４６,2025-01-30,2025-02-04,06,浜名湖,一般,５４６　６３１　３４３,2023-05-05,2023-05-10,06,浜名湖,一般,５　１２３　６５２　６１,,,,,,,,,,,,,5063,大塚 雅治,2024-09-18,2024-09-23,06,浜名湖,ＧⅢ,３　５４４　３２３２３１,2024-03-12,2024-03-17,06,浜名湖,一般,１　５１２６６　３２[４],2020-07-11,2020-07-15,06,浜名湖,一般,５　５６１　５４１１,2019-12-21,2019-12-26,06,浜名湖,一般,６　６５５　６６６６６６,2019-09-13,2019-09-17,06,浜名湖,一般,６　６４２　４６４６,4872,山下 流心,2025-02-09,2025-02-14,06,浜名湖,一般,６　３４４　１６６６５,2024-07-17,2024-07-22,06,浜名湖,一般,　　　　　　　　４４５,2023-12-22,2023-12-25,06,浜名湖,一般,５２１６１　３４,2023-03-11,2023-03-14,06,浜名湖,一般,３　転４,2022-08-06,2022-08-10,06,浜名湖,一般,２　６４３３３　２６
202607030608,2026-07-03,06,08R,4626,伊藤 紘章,2026-02-10,2026-02-15,06,浜名湖,一般,５１５　４　５３１　４３,2025-09-20,2025-09-25,06,浜名湖,一般,２２３４４　６５２　２６,2024-02-24,2024-02-29,06,浜名湖,一般,４４４４６　１　１　５４,2023-08-19,2023-08-24,06,浜名湖,一般,６６,2020-06-20,2020-06-23,06,浜名湖,一般,４６４　３３４６,3790,佐口 達也,2026-03-12,2026-03-17,06,浜名湖,一般,５　２２４２６３３　２５,2025-10-25,2025-10-30,06,浜名湖,一般,２６６　３３５　５５５,2025-06-05,2025-06-09,06,浜名湖,一般,１６６　５６４　２６,2024-11-16,2024-11-20,06,浜名湖,一般,４４４　４４２　３４,2024-05-15,2024-05-20,06,浜名湖,一般,３　３３５　５５６６６２,3967,鈴木 茂高,2025-07-26,2025-08-01,06,浜名湖,一般,３　６２２　１３３５３３,2024-10-31,2024-11-04,06,浜名湖,一般,５５４　２　２４５１,2024-05-03,2024-05-07,06,浜名湖,一般,３　１２２６６２[５],2023-01-07,2023-01-11,06,浜名湖,一般,転４６　４　２６３４,2022-12-07,2022-12-12,06,浜名湖,ＧⅢ,５　２４４４６　１　３３,4297,山田 哲也,2025-07-17,2025-07-22,06,浜名湖,一般,１４１４２１２３３２[１],2024-10-03,2024-10-08,06,浜名湖,ＧⅠ,５　４４１　５　４５６,2024-07-26,2024-07-29,06,浜名湖,一般,５１２１４１[６],2022-08-23,2022-08-28,06,浜名湖,ＳＧ,５　１５３　３　２３５,2021-11-10,2021-11-15,06,浜名湖,ＧⅠ,４　１３１　２４５　４６,4811,向井田 佑紀,2025-09-11,2025-09-16,06,浜名湖,一般,１　４３３５４　３６３３,2025-06-28,2025-07-03,06,浜名湖,一般,４　１５２６３５４　４１,2024-12-14,2024-12-17,06,浜名湖,一般,６４２　３６３,2024-04-16,2024-04-20,06,浜名湖,一般,３１４６４　５１６２,2022-03-29,2022-04-03,06,浜名湖,一般,１５２　１５２３３６１５,3990,芹澤 克彦,2026-05-03,2026-05-08,06,浜名湖,一般,４６５　６２２　４　３３,2025-12-29,2026-01-03,06,浜名湖,一般,３　５４４　４４４　１４,2025-03-13,2025-03-16,06,浜名湖,一般,１３２４５　４４,2025-02-09,2025-02-14,06,浜名湖,一般,５２２　１４４２１　３１,2024-12-29,2025-01-03,06,浜名湖,一般,２　４１１２３４４４３４
202607030609,2026-07-03,06,09R,3776,横井 健太,2026-03-12,2026-03-17,06,浜名湖,一般,４　２６６　４６１　４,2024-06-07,2024-06-12,06,浜名湖,一般,３３４　３４５　４４３,2024-03-20,2024-03-25,06,浜名湖,一般,　　　　　　　　４５６,2023-03-02,2023-03-07,06,浜名湖,一般,１　４５３３６２３　５３,2023-01-07,2023-01-11,06,浜名湖,一般,５　２６１３４　２３,4512,高野 哲史,2026-01-15,2026-01-20,06,浜名湖,一般,６５３１１５１６２５２５,2025-10-17,2025-10-21,06,浜名湖,一般,２３３１３　６１[２],2023-07-25,2023-07-30,06,浜名湖,ＧⅡ,３３５　２６５　１４５,2021-11-10,2021-11-15,06,浜名湖,ＧⅠ,１　３４４　３６５２３,2021-05-28,2021-06-02,06,浜名湖,一般,５６１１４　１１２３２１,4625,渡邊 裕貴,2026-05-16,2026-05-19,06,浜名湖,一般,１５３　１１[４],2026-04-19,2026-04-22,06,浜名湖,一般,１６１３５　３４,2025-12-29,2026-01-03,06,浜名湖,一般,６５２　２４４　５　３５,2025-11-26,2025-12-01,06,浜名湖,一般,６　２３６　４６１　４６,2024-12-29,2025-01-03,06,浜名湖,一般,２　４１３　５６２　１４,4558,宮野 仁,2025-10-08,2025-10-13,06,浜名湖,一般,５　４３１　６５６４６,2024-12-14,2024-12-17,06,浜名湖,一般,４４４３２　１４,2023-06-22,2023-06-26,06,浜名湖,一般,３　３１２６５４２３,2016-04-15,2016-04-18,06,浜名湖,一般,６３４　４５６５,2015-07-18,2015-07-23,06,浜名湖,一般,５４３　４６３　６４３４,4954,内山 峻輔,2025-12-19,2025-12-24,06,浜名湖,一般,６　１２２　５４２４６４,2023-09-30,2023-10-03,06,浜名湖,一般,３５２２２　４２,2020-08-06,2020-08-10,06,浜名湖,一般,４５６　２２５４５,2020-04-25,2020-04-29,06,浜名湖,一般,３６１　１４４５３３,2019-11-20,2019-11-25,06,浜名湖,一般,１３F,5082,一色 凌雅,2025-04-15,2025-04-20,06,浜名湖,一般,４　６４１　１５２４２２,2024-06-29,2024-07-04,06,浜名湖,一般,３　６２５　４６５　２１,2024-05-28,2024-06-03,06,浜名湖,一般,　　　　　　　　　　６５４１,2023-06-13,2023-06-16,06,浜名湖,一般,３４５　４５４５,2023-02-01,2023-02-06,06,浜名湖,一般,５２２　１１２１転F４
202607030610,2026-07-03,06,10R,4743,木村 仁紀,2025-12-10,2025-12-15,06,浜名湖,一般,１６２２２１３１３２[２],2025-01-16,2025-01-21,06,浜名湖,一般,２３５１１２１１２１[１],2024-05-03,2024-05-07,06,浜名湖,一般,１６２１１２４１[３],2023-09-21,2023-09-26,06,浜名湖,一般,２　４３５５３４１　６５,2022-10-02,2022-10-05,06,浜名湖,一般,２　５２２３３１,3708,岡部 貴司,2025-07-17,2025-07-22,06,浜名湖,一般,３　４２５　３５２２５２,2024-02-16,2024-02-20,06,浜名湖,一般,６５２　１４４３６,2023-07-08,2023-07-11,06,浜名湖,一般,３２５６３　３５,2023-04-06,2023-04-11,06,浜名湖,一般,３５３　５３１　６５２４,2021-01-16,2021-01-21,06,浜名湖,ＧⅢ,２６３　１５３５５４２６,5339,石井 伸長,2026-04-09,2026-04-14,06,浜名湖,一般,２　４６３３３　３４２,2025-05-15,2025-05-20,06,浜名湖,一般,６　３６５　３　１３６６,,,,,,,,,,,,,,,,,,,4727,安部 慎一,2026-03-20,2026-03-25,06,浜名湖,ＧⅢ,５２６　４３６　１３５,2025-06-28,2025-07-03,06,浜名湖,一般,４２４　４　４６１２３３,2025-01-16,2025-01-21,06,浜名湖,一般,２６３　６１１　４６１４,2024-10-23,2024-10-27,06,浜名湖,一般,４５４　５６２　４６,2023-05-18,2023-05-22,06,浜名湖,一般,４　４３５２３２３,4251,川崎 誠志,2025-12-10,2025-12-15,06,浜名湖,一般,１　５６３　５２２５３,2024-06-07,2024-06-12,06,浜名湖,一般,転　４６１　４６６　２４,2023-03-29,2023-04-03,06,浜名湖,一般,２６６　６２６　６５６,2022-08-06,2022-08-10,06,浜名湖,一般,２５１６２　３２[６],2019-06-15,2019-06-18,06,浜名湖,一般,６　３６６５６５,4113,木村 浩士,2026-03-29,2026-04-03,06,浜名湖,一般,２４５　２　２　１５４５,2025-09-28,2025-10-03,06,浜名湖,一般,５１５　１４６　４５１,2025-01-16,2025-01-21,06,浜名湖,一般,１　６５５　１５５５２,2024-04-06,2024-04-11,06,浜名湖,一般,２２５　２５２３４５４５,2023-07-25,2023-07-30,06,浜名湖,ＧⅡ,　　　　５６２　６２６
202607030611,2026-07-03,06,11R,5034,若林 義人,2026-05-03,2026-05-08,06,浜名湖,一般,５３６１５　５１４　３１,2025-12-29,2026-01-03,06,浜名湖,一般,２３１６６　１２５３２４,2025-11-03,2025-11-08,06,浜名湖,ＧⅠ,５　１　６２６　５５５,2025-08-15,2025-08-20,06,浜名湖,一般,２５２　４４４２１３２６,2025-05-02,2025-05-07,06,浜名湖,一般,５３４　３５２　４３１,4638,小林 遼太,2026-03-20,2026-03-25,06,浜名湖,ＧⅢ,４　４１４２２　２５１６,2024-07-17,2024-07-22,06,浜名湖,一般,４　５５３　２３２２２６,2023-05-18,2023-05-22,06,浜名湖,一般,２２４４４　３６６６,2023-01-25,2023-01-29,06,浜名湖,一般,５５４　４５６　５６,2022-11-17,2022-11-20,06,浜名湖,一般,１３４２４　４６,4866,橋本 英一,2022-06-15,2022-06-20,06,浜名湖,一般,３３５　２４２　２６１５,2019-12-21,2019-12-26,06,浜名湖,一般,４　４４４　落５,2018-05-25,2018-05-28,06,浜名湖,一般,４６転　６　６５,2017-11-15,2017-11-20,06,浜名湖,一般,２　３３４６６　４　４２,,,,,,,3539,金子 順一,2023-12-14,2023-12-17,06,浜名湖,一般,３５６　６４１５,2023-03-02,2023-03-07,06,浜名湖,一般,１２２１２　３６５４６３,2022-08-06,2022-08-10,06,浜名湖,一般,６３１　３　５２２６,2022-02-27,2022-03-04,06,浜名湖,一般,５６５５３　３　５　１５,2017-09-29,2017-10-03,06,浜名湖,一般,４　３２２４１６４６,4423,坂口 貴彦,2025-09-28,2025-10-03,06,浜名湖,一般,３　１４２４５６５　２,2024-04-16,2024-04-20,06,浜名湖,一般,２３３１４　５３４２,2018-12-12,2018-12-17,06,浜名湖,一般,４２３　２４１６２４２４,2017-06-30,2017-07-03,06,浜名湖,一般,１　２４６５５５,2014-11-07,2014-11-11,06,浜名湖,一般,６　５５４　２　５４,3662,大庭 元明,2025-05-28,2025-06-02,06,浜名湖,一般,３２５５２　５,2024-08-01,2024-08-06,06,浜名湖,ＧⅢ,３２３３１２１　５１[６],2022-07-30,2022-08-03,06,浜名湖,一般,２１６　４４６　５４,2019-08-24,2019-08-28,06,浜名湖,一般,１　２６１５１５１４,2019-05-16,2019-05-20,06,浜名湖,一般,６　４２６５５１４
202607030612,2026-07-03,06,12R,4297,山田 哲也,2025-07-17,2025-07-22,06,浜名湖,一般,１４１４２１２３３２[１],2024-10-03,2024-10-08,06,浜名湖,ＧⅠ,５　４４１　５　４５６,2024-07-26,2024-07-29,06,浜名湖,一般,５１２１４１[６],2022-08-23,2022-08-28,06,浜名湖,ＳＧ,５　１５３　３　２３５,2021-11-10,2021-11-15,06,浜名湖,ＧⅠ,４　１３１　２４５　４６,4257,古川 健,2026-03-12,2026-03-17,06,浜名湖,一般,５６１　５４２　５６３４,2023-11-23,2023-11-28,06,浜名湖,一般,２４３５３１２　１４２２,2023-08-19,2023-08-24,06,浜名湖,一般,１　６４３２５２６４３５,2023-01-07,2023-01-11,06,浜名湖,一般,５２２２６１１６１５,2020-01-17,2020-01-21,06,浜名湖,一般,５１５６３　２３３,5041,荒牧 凪沙,2026-04-19,2026-04-22,06,浜名湖,一般,５　１５５２４６,2025-01-30,2025-02-04,06,浜名湖,一般,５４６　６３１　３４３,2023-05-05,2023-05-10,06,浜名湖,一般,５　１２３　６５２　６１,,,,,,,,,,,,,3442,宮武 英司,2026-03-29,2026-04-03,06,浜名湖,一般,４　４５３　４２５　２,2025-11-26,2025-12-01,06,浜名湖,一般,６,2025-03-20,2025-03-25,06,浜名湖,一般,４５６　２２４　５２３,2024-04-06,2024-04-11,06,浜名湖,一般,２５転,2023-12-14,2023-12-17,06,浜名湖,一般,４　２１３２[６],3643,米田 隆弘,2025-10-08,2025-10-13,06,浜名湖,一般,３　４３２　４３４５１５,2025-07-17,2025-07-22,06,浜名湖,一般,２４３　４５３　４６２,2025-03-13,2025-03-16,06,浜名湖,一般,３４４５３　４５,2023-02-23,2023-02-27,06,浜名湖,一般,２　５４５,2021-09-18,2021-09-23,06,浜名湖,一般,３５５　３　転２２,4880,澤崎 雄哉,2026-03-29,2026-04-03,06,浜名湖,一般,５２２　２　３２１３１１,2024-04-06,2024-04-11,06,浜名湖,一般,４５１　５４４　１２２２,2023-01-25,2023-01-29,06,浜名湖,一般,３１５　６４２　５３,2022-01-18,2022-01-23,06,浜名湖,一般,１２２　３落,2021-11-23,2021-11-26,06,浜名湖,一般,４５２　１６４３
202607030701,2026-07-03,07,01R,4689,豊田 結,2026-05-12,2026-05-17,07,蒲郡,一般,１　１２１３２２２３２１,2025-12-01,2025-12-06,07,蒲郡,ＧⅢ,２　２４２４エ５２４５,2025-05-08,2025-05-11,07,蒲郡,一般,２３１６５２[４],2025-03-05,2025-03-10,07,蒲郡,ＧⅢ,３１１　４３１１２２[４],2024-10-20,2024-10-25,07,蒲郡,一般,４　４２１　４１４３１１,5078,山川 波乙,2025-03-05,2025-03-10,07,蒲郡,ＧⅢ,３　３３４６４　６　５４,2023-04-22,2023-04-27,07,蒲郡,一般,６　１転５　５６２　６３,2023-02-21,2023-02-26,07,蒲郡,ＧⅡ,３　２　６６３　１６５２,2022-09-25,2022-09-30,07,蒲郡,一般,４６６　４３５　６６５,2021-06-25,2021-06-30,07,蒲郡,一般,６　５６５　６　５６１５,5272,松田 真実,2026-05-12,2026-05-17,07,蒲郡,一般,３　４２６　４４５　３１,2025-12-01,2025-12-06,07,蒲郡,ＧⅢ,１　１６１５４２６２[６],2025-03-05,2025-03-10,07,蒲郡,ＧⅢ,１　１６６６５３６　５,2024-07-16,2024-07-21,07,蒲郡,一般,　　　　　　　　　　５５,2024-05-25,2024-05-30,07,蒲郡,一般,６　６６６　６　６　５６,4208,三浦 永理,2025-07-31,2025-08-05,07,蒲郡,一般,１５６１３１２５２５３２,2025-03-05,2025-03-10,07,蒲郡,ＧⅢ,１４１２２１２２４２[３],2024-12-26,2024-12-31,07,蒲郡,ＧⅠ,　　　　１　５　４　[３],2024-02-05,2024-02-10,07,蒲郡,ＧⅠ,３６３　２５３　４　４２,2024-01-07,2024-01-10,07,蒲郡,一般,１４２１３２[６],5347,井澤 聖奈,2026-05-12,2026-05-17,07,蒲郡,一般,５６６　６６６　６　５６,2025-12-30,2026-01-04,07,蒲郡,一般,５　転６６　４　６６６,2025-12-01,2025-12-06,07,蒲郡,ＧⅢ,５　５６５　６　３５欠,2025-03-05,2025-03-10,07,蒲郡,ＧⅢ,６　６６３　５　６　６６,2024-10-20,2024-10-25,07,蒲郡,一般,６　５６落　６　６　６６,4117,廣中 智紗衣,2026-05-12,2026-05-17,07,蒲郡,一般,６２３３２５１６６２２２,2026-01-23,2026-01-28,07,蒲郡,一般,４１２　３３３１４５２５,2025-03-05,2025-03-10,07,蒲郡,ＧⅢ,３１５５３　１５５３４２,2024-12-26,2024-12-31,07,蒲郡,ＧⅠ,５１３２４　４４６　６３,2023-10-08,2023-10-12,07,蒲郡,一般,１　２３３５１２[３]
202607030702,2026-07-03,07,02R,5328,井上 慧人,2025-07-19,2025-07-24,07,蒲郡,一般,５　６４６　F　６　６,,,,,,,,,,,,,,,,,,,,,,,,,5221,竹間 隆晟,2025-05-31,2025-06-06,07,蒲郡,一般,欠欠,2025-02-07,2025-02-10,07,蒲郡,一般,３２２３１２[４],2024-08-31,2024-09-07,07,蒲郡,一般,２４２３４　１　４６１５,2022-03-09,2022-03-15,07,蒲郡,一般,６　４５６　５６５　６　５４,,,,,,,5386,,,,,,,,,,,,,,,,,,,,,,,,,,,,,,,,5402,塚越 陸斗,2026-04-24,2026-04-28,07,蒲郡,一般,６　６６６　６　５５,2026-01-07,2026-01-11,07,蒲郡,一般,６６６　６　６６６,,,,,,,,,,,,,,,,,,,5381,有山 望,2026-02-21,2026-02-25,07,蒲郡,一般,６　５６６　４５３,2025-07-09,2025-07-14,07,蒲郡,一般,６　６６６　６　６６５,,,,,,,,,,,,,,,,,,,5219,森口 和紀,2025-01-31,2025-02-04,07,蒲郡,一般,４　２５４６６　６,,,,,,,,,,,,,,,,,,,,,,,,
202607030703,2026-07-03,07,03R,5273,山下 拓巳,2023-03-05,2023-03-09,07,蒲郡,一般,６６６　６　６　６６,,,,,,,,,,,,,,,,,,,,,,,,,5330,安河内鈴之介,2025-07-01,2025-07-06,07,蒲郡,一般,５４６　４　４２６　１１,,,,,,,,,,,,,,,,,,,,,,,,,5319,近藤 颯斗,2026-05-01,2026-05-06,07,蒲郡,一般,５　６F２　５　４　２,2026-03-12,2026-03-17,07,蒲郡,一般,４　転１３　２４２２１５,2025-11-03,2025-11-08,07,蒲郡,一般,５　１５２２４　３６２４,2025-07-19,2025-07-24,07,蒲郡,一般,１　１６２３６　２４３１,2025-04-29,2025-05-04,07,蒲郡,一般,４　３５６　５６６　２４,5309,,,,,,,,,,,,,,,,,,,,,,,,,,,,,,,,5364,金子 怜央,2025-07-19,2025-07-24,07,蒲郡,一般,５６落　６　６　６６６,2025-02-07,2025-02-10,07,蒲郡,一般,６６５　６　６６,,,,,,,,,,,,,,,,,,,5160,藤森 陸斗,2025-05-14,2025-05-18,07,蒲郡,一般,６　４１４　１４１１,2024-12-06,2024-12-11,07,蒲郡,一般,１　３２１　２４４１[１],,,,,,,,,,,,,,,,,,
202607030704,2026-07-03,07,04R,4499,滝川 真由子,2024-12-26,2024-12-31,07,蒲郡,ＧⅠ,４４１　４２６　６　１６,2023-05-23,2023-05-28,07,蒲郡,一般,１１５落５３,2022-09-25,2022-09-30,07,蒲郡,一般,２３１１４　１２５２[６],2019-02-28,2019-03-05,07,蒲郡,一般,５５４　２４２　１２３２,2014-05-29,2014-06-03,07,蒲郡,一般,４　３１３　２４３２[６],4501,樋口 由加里,2024-12-26,2024-12-31,07,蒲郡,ＧⅠ,３３１４２　５　３　１６,2024-04-25,2024-04-28,07,蒲郡,一般,４　６５６２６,2023-07-23,2023-07-28,07,蒲郡,ＧⅢ,１３３　３２６３１４６２,2023-05-23,2023-05-28,07,蒲郡,一般,２　２２１２３４４１[２],2021-01-13,2021-01-18,07,蒲郡,一般,５４６　４１１　３６１１,4885,大山 千広,2023-05-23,2023-05-28,07,蒲郡,一般,３F１３１　３　４２３１,2023-03-20,2023-03-25,07,蒲郡,ＧⅢ,１３１５１５３１２５２１,2023-02-21,2023-02-26,07,蒲郡,ＧⅡ,４　４４２３１　２　[６],2019-08-07,2019-08-12,07,蒲郡,ＧⅠ,１１１　１１３　１　[１],2018-08-06,2018-08-11,07,蒲郡,一般,３　３１１６２　１５１３,4433,川野 芽唯,2025-10-22,2025-10-27,07,蒲郡,一般,３４２１３６１１２３３１,2024-12-26,2024-12-31,07,蒲郡,ＧⅠ,　　　　４　５　４　２,2024-10-20,2024-10-25,07,蒲郡,一般,１５５３３１１２１５２２,2023-02-21,2023-02-26,07,蒲郡,ＧⅡ,４　２　１４１　５　３４,2022-09-25,2022-09-30,07,蒲郡,一般,３　２１１５１２２６２３,5230,石原 凪紗,2026-05-12,2026-05-17,07,蒲郡,一般,３２５　１５４５２　１,2026-04-05,2026-04-11,07,蒲郡,一般,１５２　５６４　１６６　３２,2025-05-22,2025-05-26,07,蒲郡,一般,３６６　６　３２３,2024-10-20,2024-10-25,07,蒲郡,一般,５３２　２４３　６５６２,2024-03-10,2024-03-15,07,蒲郡,一般,６６５　６５６　４　６,4464,山下 友貴,2025-12-01,2025-12-06,07,蒲郡,ＧⅢ,２２２　２１２２２１[３],2024-11-21,2024-11-26,07,蒲郡,一般,５６３　１５６　３６５,2024-05-08,2024-05-12,07,蒲郡,一般,１１６　３４５５２６,2023-08-22,2023-08-27,07,蒲郡,一般,４３２　４４２３１４１２,2023-04-22,2023-04-27,07,蒲郡,一般,５　５１１１５６５２[４]
202607030705,2026-07-03,07,05R,4642,松尾 夏海,2025-10-22,2025-10-27,07,蒲郡,一般,１　３５２６２　５３１２,2025-01-23,2025-01-28,07,蒲郡,一般,２１２２６　２３１２[３],2024-03-28,2024-04-03,07,蒲郡,一般,１　５３３　１３１２２２[３],2023-11-24,2023-11-29,07,蒲郡,一般,２３３　２１３５５６１１,2023-07-23,2023-07-28,07,蒲郡,ＧⅢ,２３１１３　３６１２[１],5174,川井 萌,2024-12-26,2024-12-31,07,蒲郡,ＧⅠ,１３３　１６２　５　４２,2023-07-23,2023-07-28,07,蒲郡,ＧⅢ,３４３　２６２　６５５３,2023-05-23,2023-05-28,07,蒲郡,一般,４５４３３　１５１５２４,2023-04-22,2023-04-27,07,蒲郡,一般,６　２３５６５　３　４１,2023-02-21,2023-02-26,07,蒲郡,ＧⅡ,６　５５６　１２１４２,5347,井澤 聖奈,2026-05-12,2026-05-17,07,蒲郡,一般,５６６　６６６　６　５６,2025-12-30,2026-01-04,07,蒲郡,一般,５　転６６　４　６６６,2025-12-01,2025-12-06,07,蒲郡,ＧⅢ,５　５６５　６　３５欠,2025-03-05,2025-03-10,07,蒲郡,ＧⅢ,６　６６３　５　６　６６,2024-10-20,2024-10-25,07,蒲郡,一般,６　５６落　６　６　６６,5318,河内 一馬,2026-05-01,2026-05-06,07,蒲郡,一般,４　６６２　２４６　５６,2026-04-24,2026-04-28,07,蒲郡,一般,　　　　　　　　５５,2025-11-22,2025-11-27,07,蒲郡,一般,６　６６１　６　６４６６,2025-07-19,2025-07-24,07,蒲郡,一般,６　４４転　６　５５５,2025-05-31,2025-06-06,07,蒲郡,一般,　　　　　　　　　　　　５４,5422,真田 聖也,2026-04-05,2026-04-11,07,蒲郡,一般,６　６６６　F　転　６　６,,,,,,,,,,,,,,,,,,,,,,,,,5325,澁川 夏,2024-01-25,2024-01-29,07,蒲郡,一般,６６６　６　５６６４,,,,,,,,,,,,,,,,,,,,,,,,
202607030706,2026-07-03,07,06R,5381,有山 望,2026-02-21,2026-02-25,07,蒲郡,一般,６　５６６　４５３,2025-07-09,2025-07-14,07,蒲郡,一般,６　６６６　６　６６５,,,,,,,,,,,,,,,,,,,5300,横田 海人,2025-04-29,2025-05-04,07,蒲郡,一般,６５６　４　６６６　５６,2025-01-04,2025-01-09,07,蒲郡,一般,５　６６４　６６６　５６,2024-12-06,2024-12-11,07,蒲郡,一般,　　　　　　　　　　６６,2024-08-23,2024-08-28,07,蒲郡,一般,６６６　６　５　６５６,2024-04-13,2024-04-18,07,蒲郡,一般,６　５５６　６　６６６６,5276,大島 隆乃介,2026-02-10,2026-02-16,07,蒲郡,一般,４　４３４３２　４３４４１３,,,,,,,,,,,,,,,,,,,,,,,,,5272,松田 真実,2026-05-12,2026-05-17,07,蒲郡,一般,３　４２６　４４５　３１,2025-12-01,2025-12-06,07,蒲郡,ＧⅢ,１　１６１５４２６２[６],2025-03-05,2025-03-10,07,蒲郡,ＧⅢ,１　１６６６５３６　５,2024-07-16,2024-07-21,07,蒲郡,一般,　　　　　　　　　　５５,2024-05-25,2024-05-30,07,蒲郡,一般,６　６６６　６　６　５６,5118,野田 なづき,2023-07-23,2023-07-28,07,蒲郡,ＧⅢ,３５２４３　２６６５１６,2023-02-21,2023-02-26,07,蒲郡,ＧⅡ,４２６　５５５　５６６,2022-09-25,2022-09-30,07,蒲郡,一般,５５２　４４５６４　４３,,,,,,,,,,,,,5389,,,,,,,,,,,,,,,,,,,,,,,,,,,,,,,
202607030707,2026-07-03,07,07R,5386,,,,,,,,,,,,,,,,,,,,,,,,,,,,,,,,5160,藤森 陸斗,2025-05-14,2025-05-18,07,蒲郡,一般,６　４１４　１４１１,2024-12-06,2024-12-11,07,蒲郡,一般,１　３２１　２４４１[１],,,,,,,,,,,,,,,,,,,5166,仲道 大輔,2025-07-01,2025-07-06,07,蒲郡,一般,２　５５３２３　１６２５,2025-01-04,2025-01-09,07,蒲郡,一般,５　４４１１２６１６２３,2024-11-29,2024-12-02,07,蒲郡,一般,３６６１１６１４,2024-08-31,2024-09-07,07,蒲郡,一般,１３４　３５１５２３５１,2024-08-10,2024-08-15,07,蒲郡,一般,３４３２２　１６３４１３,4720,西澤 日花里,2025-10-22,2025-10-27,07,蒲郡,一般,１４３　６６３　５５転,2023-05-23,2023-05-28,07,蒲郡,一般,F４２　５,2021-06-25,2021-06-30,07,蒲郡,一般,３６４　５６６　５　６２,2019-09-02,2019-09-08,07,蒲郡,一般,５　４５１　６４１　６５６２,2016-09-08,2016-09-13,07,蒲郡,一般,４６３,5254,羽田 妃希,2025-10-14,2025-10-19,07,蒲郡,一般,６４５　４　F６６　６,2025-07-31,2025-08-05,07,蒲郡,一般,４　５３５　６３６　６６,2024-10-20,2024-10-25,07,蒲郡,一般,４　妨６６,2023-12-25,2023-12-28,07,蒲郡,一般,５６６　４４６５,2023-08-22,2023-08-27,07,蒲郡,一般,６　５　６５６　２　５５,4190,長嶋 万記,2025-10-22,2025-10-27,07,蒲郡,一般,２５２１１１２４２１[２],2025-06-20,2025-06-23,07,蒲郡,一般,３５４６２５１１,2025-03-05,2025-03-10,07,蒲郡,ＧⅢ,２６２５２１１５３２[６],2024-12-26,2024-12-31,07,蒲郡,ＧⅠ,１３３３４　４２２　[６],2024-02-05,2024-02-10,07,蒲郡,ＧⅠ,F５４　６　５４５　５
202607030708,2026-07-03,07,08R,5155,内山 七海,2022-02-02,2022-02-05,07,蒲郡,一般,５６６６６　５,2021-06-25,2021-06-30,07,蒲郡,一般,６６６　６　５　６６６５,,,,,,,,,,,,,,,,,,,4941,孫崎 百世,2026-02-21,2026-02-25,07,蒲郡,一般,４５５　５　４２６５,2024-08-23,2024-08-28,07,蒲郡,一般,６６３　６６５　３　５４,2021-06-25,2021-06-30,07,蒲郡,一般,２６５　１４４　３６３,2020-09-21,2020-09-26,07,蒲郡,ＧⅢ,３　５６３　６５５　６６,2020-07-11,2020-07-15,07,蒲郡,一般,４　３２４　６３５６,4464,山下 友貴,2025-12-01,2025-12-06,07,蒲郡,ＧⅢ,２２２　２１２２２１[３],2024-11-21,2024-11-26,07,蒲郡,一般,５６３　１５６　３６５,2024-05-08,2024-05-12,07,蒲郡,一般,１１６　３４５５２６,2023-08-22,2023-08-27,07,蒲郡,一般,４３２　４４２３１４１２,2023-04-22,2023-04-27,07,蒲郡,一般,５　５１１１５６５２[４],5364,金子 怜央,2025-07-19,2025-07-24,07,蒲郡,一般,５６落　６　６　６６６,2025-02-07,2025-02-10,07,蒲郡,一般,６６５　６　６６,,,,,,,,,,,,,,,,,,,5235,,,,,,,,,,,,,,,,,,,,,,,,,,,,,,,,5304,井田 涼介,2024-06-21,2024-06-25,07,蒲郡,一般,６欠,,,,,,,,,,,,,,,,,,,,,,,,
202607030709,2026-07-03,07,09R,5150,坂本 雄紀,2026-01-31,2026-02-05,07,蒲郡,一般,１　２３２２２５１１[５],2025-07-19,2025-07-24,07,蒲郡,一般,３６１　１６３４２３１４,2025-04-11,2025-04-15,07,蒲郡,一般,４４３１１　１欠,2022-02-02,2022-02-05,07,蒲郡,一般,５２４　２５６５,,,,,,,5219,森口 和紀,2025-01-31,2025-02-04,07,蒲郡,一般,４　２５４６６　６,,,,,,,,,,,,,,,,,,,,,,,,,5330,安河内鈴之介,2025-07-01,2025-07-06,07,蒲郡,一般,５４６　４　４２６　１１,,,,,,,,,,,,,,,,,,,,,,,,,5230,石原 凪紗,2026-05-12,2026-05-17,07,蒲郡,一般,３２５　１５４５２　１,2026-04-05,2026-04-11,07,蒲郡,一般,１５２　５６４　１６６　３２,2025-05-22,2025-05-26,07,蒲郡,一般,３６６　６　３２３,2024-10-20,2024-10-25,07,蒲郡,一般,５３２　２４３　６５６２,2024-03-10,2024-03-15,07,蒲郡,一般,６６５　６５６　４　６,4501,樋口 由加里,2024-12-26,2024-12-31,07,蒲郡,ＧⅠ,３３１４２　５　３　１６,2024-04-25,2024-04-28,07,蒲郡,一般,４　６５６２６,2023-07-23,2023-07-28,07,蒲郡,ＧⅢ,１３３　３２６３１４６２,2023-05-23,2023-05-28,07,蒲郡,一般,２　２２１２３４４１[２],2021-01-13,2021-01-18,07,蒲郡,一般,５４６　４１１　３６１１,4208,三浦 永理,2025-07-31,2025-08-05,07,蒲郡,一般,１５６１３１２５２５３２,2025-03-05,2025-03-10,07,蒲郡,ＧⅢ,１４１２２１２２４２[３],2024-12-26,2024-12-31,07,蒲郡,ＧⅠ,　　　　１　５　４　[３],2024-02-05,2024-02-10,07,蒲郡,ＧⅠ,３６３　２５３　４　４２,2024-01-07,2024-01-10,07,蒲郡,一般,１４２１３２[６]
202607030710,2026-07-03,07,10R,4450,平高 奈菜,2026-03-24,2026-03-29,07,蒲郡,ＳＧ,３　２３５　６　６５４,2025-07-31,2025-08-05,07,蒲郡,一般,３２１F５２５　２　５,2025-03-05,2025-03-10,07,蒲郡,ＧⅢ,１５１２１１１１３１[１],2024-12-26,2024-12-31,07,蒲郡,ＧⅠ,　　　　５　３　５　５,2024-10-20,2024-10-25,07,蒲郡,一般,１２３１１２５５３５２２,4885,大山 千広,2023-05-23,2023-05-28,07,蒲郡,一般,３F１３１　３　４２３１,2023-03-20,2023-03-25,07,蒲郡,ＧⅢ,１３１５１５３１２５２１,2023-02-21,2023-02-26,07,蒲郡,ＧⅡ,４　４４２３１　２　[６],2019-08-07,2019-08-12,07,蒲郡,ＧⅠ,１１１　１１３　１　[１],2018-08-06,2018-08-11,07,蒲郡,一般,３　３１１６２　１５１３,5078,山川 波乙,2025-03-05,2025-03-10,07,蒲郡,ＧⅢ,３　３３４６４　６　５４,2023-04-22,2023-04-27,07,蒲郡,一般,６　１転５　５６２　６３,2023-02-21,2023-02-26,07,蒲郡,ＧⅡ,３　２　６６３　１６５２,2022-09-25,2022-09-30,07,蒲郡,一般,４６６　４３５　６６５,2021-06-25,2021-06-30,07,蒲郡,一般,６　５６５　６　５６１５,5273,山下 拓巳,2023-03-05,2023-03-09,07,蒲郡,一般,６６６　６　６　６６,,,,,,,,,,,,,,,,,,,,,,,,,5402,塚越 陸斗,2026-04-24,2026-04-28,07,蒲郡,一般,６　６６６　６　５５,2026-01-07,2026-01-11,07,蒲郡,一般,６６６　６　６６６,,,,,,,,,,,,,,,,,,,5191,飛田 江己,2024-03-02,2024-03-07,07,蒲郡,一般,２２１　３６３４５４２３,2023-08-29,2023-09-02,07,蒲郡,一般,４　２５６４３６４,2022-12-05,2022-12-11,07,蒲郡,一般,４　６４１　５　５４６　４,2021-10-02,2021-10-07,07,蒲郡,一般,６　転５５　５　６５６,,,,,,
202607030711,2026-07-03,07,11R,5221,竹間 隆晟,2025-05-31,2025-06-06,07,蒲郡,一般,欠欠,2025-02-07,2025-02-10,07,蒲郡,一般,３２２３１２[４],2024-08-31,2024-09-07,07,蒲郡,一般,２４２３４　１　４６１５,2022-03-09,2022-03-15,07,蒲郡,一般,６　４５６　５６５　６　５４,,,,,,,5319,近藤 颯斗,2026-05-01,2026-05-06,07,蒲郡,一般,５　６F２　５　４　２,2026-03-12,2026-03-17,07,蒲郡,一般,４　転１３　２４２２１５,2025-11-03,2025-11-08,07,蒲郡,一般,５　１５２２４　３６２４,2025-07-19,2025-07-24,07,蒲郡,一般,１　１６２３６　２４３１,2025-04-29,2025-05-04,07,蒲郡,一般,４　３５６　５６６　２４,5208,屋良 龍紀,2025-12-22,2025-12-28,07,蒲郡,一般,３　５５１　５５３５５　２４,2024-07-16,2024-07-21,07,蒲郡,一般,５　６６５　４４５　４５,2023-03-12,2023-03-17,07,蒲郡,一般,５５５　６６６　５　５６,,,,,,,,,,,,,4117,廣中 智紗衣,2026-05-12,2026-05-17,07,蒲郡,一般,６２３３２５１６６２２２,2026-01-23,2026-01-28,07,蒲郡,一般,４１２　３３３１４５２５,2025-03-05,2025-03-10,07,蒲郡,ＧⅢ,３１５５３　１５５３４２,2024-12-26,2024-12-31,07,蒲郡,ＧⅠ,５１３２４　４４６　６３,2023-10-08,2023-10-12,07,蒲郡,一般,１　２３３５１２[３],4499,滝川 真由子,2024-12-26,2024-12-31,07,蒲郡,ＧⅠ,４４１　４２６　６　１６,2023-05-23,2023-05-28,07,蒲郡,一般,１１５落５３,2022-09-25,2022-09-30,07,蒲郡,一般,２３１１４　１２５２[６],2019-02-28,2019-03-05,07,蒲郡,一般,５５４　２４２　１２３２,2014-05-29,2014-06-03,07,蒲郡,一般,４　３１３　２４３２[６],4804,高田 ひかる,2025-03-23,2025-03-28,07,蒲郡,一般,２２５３６１３３４３２１,2024-12-26,2024-12-31,07,蒲郡,ＧⅠ,６３１６６　６　５５３,2024-10-20,2024-10-25,07,蒲郡,一般,１３１２５３１６２６１２,2024-02-05,2024-02-10,07,蒲郡,ＧⅠ,４　３　２２５１４　１５,2024-01-07,2024-01-10,07,蒲郡,一般,４４５３４６２５
202607030712,2026-07-03,07,12R,4823,中村 桃佳,2025-10-14,2025-10-19,07,蒲郡,一般,１３１　３４２　１２[４],2023-02-21,2023-02-26,07,蒲郡,ＧⅡ,５３１　２５２　４　１５,2022-07-24,2022-07-28,07,蒲郡,一般,１１５　２５４３１２,2021-06-25,2021-06-30,07,蒲郡,一般,１　３４欠欠,2020-09-21,2020-09-26,07,蒲郡,ＧⅢ,５２１　３３３１１５１２,4433,川野 芽唯,2025-10-22,2025-10-27,07,蒲郡,一般,３４２１３６１１２３３１,2024-12-26,2024-12-31,07,蒲郡,ＧⅠ,　　　　４　５　４　２,2024-10-20,2024-10-25,07,蒲郡,一般,１５５３３１１２１５２２,2023-02-21,2023-02-26,07,蒲郡,ＧⅡ,４　２　１４１　５　３４,2022-09-25,2022-09-30,07,蒲郡,一般,３　２１１５１２２６２３,4689,豊田 結,2026-05-12,2026-05-17,07,蒲郡,一般,１　１２１３２２２３２１,2025-12-01,2025-12-06,07,蒲郡,ＧⅢ,２　２４２４エ５２４５,2025-05-08,2025-05-11,07,蒲郡,一般,２３１６５２[４],2025-03-05,2025-03-10,07,蒲郡,ＧⅢ,３１１　４３１１２２[４],2024-10-20,2024-10-25,07,蒲郡,一般,４　４２１　４１４３１１,5328,井上 慧人,2025-07-19,2025-07-24,07,蒲郡,一般,５　６４６　F　６　６,,,,,,,,,,,,,,,,,,,,,,,,,5161,登玉 隼百,2025-02-07,2025-02-10,07,蒲郡,一般,６　２１３２[２],2024-08-31,2024-09-07,07,蒲郡,一般,１１１１２　１４５２[２],2022-04-04,2022-04-07,07,蒲郡,一般,３４４　４３４１,2022-02-16,2022-02-20,07,蒲郡,一般,４　５５６　４２５６,2021-12-20,2021-12-25,07,蒲郡,一般,４　４５６　３　５３２,5309,,,,,,,,,,,,,,,,,,,,,,,,,,,,,,,
202607030801,2026-07-03,08,01R,4163,山崎 裕司,2025-11-11,2025-11-16,08,常滑,一般,１転２２３　２３１５３３,2025-05-22,2025-05-26,08,常滑,一般,３３２　１３１２[２],2024-09-21,2024-09-24,08,常滑,一般,４４５１２　４３,2024-06-02,2024-06-05,08,常滑,一般,１３５４４５５１,2024-01-19,2024-01-23,08,常滑,一般,４５１　２５２　６５,3869,井芹 大志,2026-01-18,2026-01-22,08,常滑,一般,２　６４１５３６４,2025-05-30,2025-06-03,08,常滑,一般,２４４　５３６　４２,2023-02-03,2023-02-07,08,常滑,一般,４４２４４　５　４６,2017-04-02,2017-04-05,08,常滑,一般,３　４５４６４,2016-03-18,2016-03-21,08,常滑,一般,５１６　３３３６,4405,南野 利騰,2026-02-26,2026-03-02,08,常滑,一般,４６３　３４４　５４,2025-05-30,2025-06-03,08,常滑,一般,５６３　２　２４２６,2024-10-26,2024-10-29,08,常滑,一般,５６６　５　６３,2023-06-25,2023-06-28,08,常滑,一般,６　５３６　エ欠,2022-09-03,2022-09-06,08,常滑,一般,３　５２３３５６,5291,三嶌 こころ,2025-01-08,2025-01-11,08,常滑,一般,６６３　６　６６,2024-08-31,2024-09-05,08,常滑,一般,５　２５５　３４２５６３,2024-04-07,2024-04-12,08,常滑,ＧⅢ,６　６６６　４５６６６,2023-11-30,2023-12-05,08,常滑,ＧⅢ,６　６４６４６　６６６６,,,,,,,4498,宮本 夏樹,2025-03-18,2025-03-22,08,常滑,一般,６５４　３４６１,2024-02-16,2024-02-19,08,常滑,一般,３　１５１３４４,2023-08-24,2023-08-27,08,常滑,一般,６１５４１　３５,2020-04-04,2020-04-08,08,常滑,一般,４１４　３５３３２４,2020-02-29,2020-03-03,08,常滑,一般,４　３２１１[３],5436,市川 瑚幸,2026-03-08,2026-03-13,08,常滑,一般,６６６　６　６　６６６,,,,,,,,,,,,,,,,,,,,,,,,
202607030802,2026-07-03,08,02R,4837,酒井 陽祐,2026-01-18,2026-01-22,08,常滑,一般,４　５３２４３　６２,2025-09-18,2025-09-22,08,常滑,一般,４　２６２４４　５６,2025-05-30,2025-06-03,08,常滑,一般,５　６２６４６　６４,2025-01-16,2025-01-19,08,常滑,一般,３６４　６１６,2024-10-12,2024-10-15,08,常滑,一般,３２３　１３５１,3908,重成 一人,2024-12-12,2024-12-15,08,常滑,一般,５３３２４１[２],2024-07-21,2024-07-24,08,常滑,一般,１３２１１１[５],2024-03-26,2024-03-29,08,常滑,一般,２５５１１２[３],2019-07-10,2019-07-15,08,常滑,ＳＧ,３５１　１　３３５　４１,2019-01-31,2019-02-05,08,常滑,ＧⅠ,６　３２３　５　２３１２,5022,伊藤 尚汰,2026-03-28,2026-04-03,08,常滑,一般,４　６３３　４６４　２４,2025-04-18,2025-04-22,08,常滑,一般,６　３５妨,2024-06-08,2024-06-11,08,常滑,一般,６　４３６５１,,,,,,,,,,,,,4034,西原 明生,2025-11-19,2025-11-23,08,常滑,一般,５　４５２４４　２６,2025-04-18,2025-04-22,08,常滑,一般,５　４６６　３５５２,2024-09-21,2024-09-24,08,常滑,一般,５　４４６　６１,2024-06-23,2024-06-26,08,常滑,一般,５　３２３４５４,2023-11-03,2023-11-06,08,常滑,一般,６４６　６３４,5172,田村 慶,2023-03-03,2023-03-06,08,常滑,一般,３６６　３６３,2022-12-23,2022-12-26,08,常滑,一般,６３６　６　４３,,,,,,,,,,,,,,,,,,,4819,蜂須 瑞生,2024-10-26,2024-10-29,08,常滑,一般,１　３４３１４２,2024-08-31,2024-09-05,08,常滑,一般,２２１　４４６３１６３４,2024-06-08,2024-06-11,08,常滑,一般,３６６１２　３４,2023-01-10,2023-01-15,08,常滑,一般,１６２　１３５　３４１F,2020-12-12,2020-12-15,08,常滑,一般,３３１２２６３４
202607030803,2026-07-03,08,03R,4419,原 加央理,2026-02-26,2026-03-02,08,常滑,一般,２　１３２４４３３５,2023-11-30,2023-12-05,08,常滑,ＧⅢ,４３５４３　５２３　２１,2022-05-19,2022-05-22,08,常滑,一般,２６２　６３４６,2022-03-11,2022-03-15,08,常滑,一般,３　６落,2021-09-23,2021-09-26,08,常滑,一般,６　６６５　３３,5229,吉川 晴人,2025-03-01,2025-03-04,08,常滑,一般,４１３４１　３６,2024-09-15,2024-09-18,08,常滑,一般,２５３　５　４６,2024-06-02,2024-06-05,08,常滑,一般,５５６　４　２５,2023-02-25,2023-02-28,08,常滑,一般,６　６６４　F６,2022-06-18,2022-06-21,08,常滑,一般,６６６　６５６,4731,間野 兼礼,2026-02-14,2026-02-18,08,常滑,一般,２１４６２　３５２５,2025-10-24,2025-10-28,08,常滑,一般,１　２４２３２転１,2025-04-25,2025-05-01,08,常滑,一般,４４２　３３２　１　３６２４,2024-08-10,2024-08-15,08,常滑,一般,４３６　５４３　３　６２,2024-06-08,2024-06-11,08,常滑,一般,３４２　５４１４,4215,吉島 祥之,2026-05-03,2026-05-08,08,常滑,一般,１３４１４１５　５３２５,2026-02-14,2026-02-18,08,常滑,一般,６６１５４　１４３,2025-11-11,2025-11-16,08,常滑,一般,２１３４２　４４１２[６],2025-08-10,2025-08-15,08,常滑,一般,６　１２転６４　３　３３,2025-05-30,2025-06-03,08,常滑,一般,４　１２３５４５１６,4487,三原 司,2025-11-26,2025-11-30,08,常滑,一般,５　６５６,2025-04-18,2025-04-22,08,常滑,一般,５　５４５　１６２５,2023-07-27,2023-07-30,08,常滑,一般,６　６６６　２３,2023-03-25,2023-03-28,08,常滑,一般,４　５４２１２５,2022-09-30,2022-10-03,08,常滑,一般,５５３　３４４１,4102,益田 啓司,2025-06-18,2025-06-23,08,常滑,ＧⅢ,５　６１３２１３１５１４,2024-09-15,2024-09-18,08,常滑,一般,１１１２２１[１],2024-05-17,2024-05-20,08,常滑,一般,２４４２１２[６],2023-11-21,2023-11-24,08,常滑,一般,５３２６６　１,2018-12-15,2018-12-18,08,常滑,一般,３６５４４　２
202607030804,2026-07-03,08,04R,4876,梅木 敬太,2025-11-11,2025-11-16,08,常滑,一般,６４２　２３６　６５２６,2025-07-06,2025-07-11,08,常滑,一般,２　２５３６１　１６６４,2025-02-08,2025-02-11,08,常滑,一般,４　４３２５４３,2024-11-19,2024-11-24,08,常滑,ＧⅢ,５　２４６　１５６５５５,2024-05-24,2024-05-27,08,常滑,一般,３２４　６１２６,3701,大西 隆洋,2025-06-18,2025-06-23,08,常滑,ＧⅢ,５６５　５５６,2024-12-12,2024-12-15,08,常滑,一般,４　４５４　転６,2020-01-31,2020-02-03,08,常滑,一般,４　６６４　１４,2019-03-28,2019-03-31,08,常滑,一般,１　６６６５４４,2018-06-15,2018-06-18,08,常滑,一般,５３６　４　２５,3965,北中 元樹,2024-07-14,2024-07-17,08,常滑,一般,３６３　４　３３,2024-02-25,2024-02-29,08,常滑,一般,２５１６５　６２２,2023-10-01,2023-10-04,08,常滑,一般,２１４４３３２３,2023-07-02,2023-07-06,08,常滑,一般,４転,2023-03-10,2023-03-13,08,常滑,一般,４　１４２６２４,3175,渡辺 千草,2025-12-13,2025-12-18,08,常滑,一般,４　２５４３４　４　４,2022-09-12,2022-09-17,08,常滑,一般,１４F　３　１　４　３,2021-02-20,2021-02-23,08,常滑,一般,５５４　２　２６,2020-03-14,2020-03-17,08,常滑,一般,２４４３１３３１,2020-01-22,2020-01-27,08,常滑,ＧⅢ,１２３４１４４　４４５３,3680,森林 太,2024-06-23,2024-06-26,08,常滑,一般,５３５　５６３,2020-09-12,2020-09-16,08,常滑,一般,５　５３２６６　１４,2020-03-07,2020-03-10,08,常滑,一般,３６４　１６４３,2019-09-20,2019-09-23,08,常滑,一般,６　２６６４２３,2019-05-24,2019-05-29,08,常滑,ＧⅢ,４２３　６６６５６　１６,3959,坪井 康晴,2026-02-05,2026-02-10,08,常滑,ＧⅠ,２　４２２　３４３　４１,2025-01-23,2025-01-26,08,常滑,ＧⅠ,５　５１１４３４,2022-05-19,2022-05-22,08,常滑,一般,１１４１２３１１,2022-02-11,2022-02-16,08,常滑,ＧⅠ,F５４５３　４　２５５,2022-01-08,2022-01-10,08,常滑,一般,２　２１[５]
202607030805,2026-07-03,08,05R,5303,土井 歩夢,2024-06-02,2024-06-05,08,常滑,一般,２５４　５６６６,,,,,,,,,,,,,,,,,,,,,,,,,3873,別府 昌樹,2024-05-24,2024-05-27,08,常滑,一般,５２２２４６１,2020-03-07,2020-03-10,08,常滑,一般,２４３３１５２３,2019-12-13,2019-12-17,08,常滑,一般,１６４４１　１２[６],2019-01-18,2019-01-21,08,常滑,一般,１５３４１　４４,2017-08-04,2017-08-07,08,常滑,一般,５１４４４　３５,5055,眞鳥 章太,2025-11-11,2025-11-16,08,常滑,一般,３　１２２６４５４　５４,2024-02-09,2024-02-12,08,常滑,一般,１　４６２　４３,2022-08-27,2022-08-30,08,常滑,一般,２　６４１３５３,,,,,,,,,,,,,5340,樋江井 舞,2025-12-13,2025-12-18,08,常滑,一般,３　４落,2025-08-19,2025-08-24,08,常滑,一般,５　５５６　２４２　６５,2025-04-07,2025-04-12,08,常滑,ＧⅢ,６５５　６６４　５６３,2024-12-30,2025-01-04,08,常滑,一般,６４６　５６６　６５４,2024-08-10,2024-08-15,08,常滑,一般,６６６　６６５　６　５６,5436,市川 瑚幸,2026-03-08,2026-03-13,08,常滑,一般,６６６　６　６　６６６,,,,,,,,,,,,,,,,,,,,,,,,,4391,松田 祐季,2025-10-16,2025-10-20,08,常滑,一般,４６４６４４,2025-06-28,2025-07-02,08,常滑,一般,２３１１２４６３２１,2024-09-27,2024-09-30,08,常滑,一般,１５３１１３３１,2024-02-02,2024-02-05,08,常滑,一般,１１２２１１[F],2023-11-12,2023-11-17,08,常滑,ＧⅠ,４　５　２６３　６６５
202607030806,2026-07-03,08,06R,4261,岡 祐臣,2025-09-18,2025-09-22,08,常滑,一般,３２１２６　２３５１,2024-09-27,2024-09-30,08,常滑,一般,２１３３３４１２,2024-04-19,2024-04-22,08,常滑,一般,１　２５２５２３,2023-11-21,2023-11-24,08,常滑,一般,２　１２１２[３],2021-12-02,2021-12-06,08,常滑,一般,２１５６１２５１[２],4405,南野 利騰,2026-02-26,2026-03-02,08,常滑,一般,４６３　３４４　５４,2025-05-30,2025-06-03,08,常滑,一般,５６３　２　２４２６,2024-10-26,2024-10-29,08,常滑,一般,５６６　５　６３,2023-06-25,2023-06-28,08,常滑,一般,６　５３６　エ欠,2022-09-03,2022-09-06,08,常滑,一般,３　５２３３５６,3869,井芹 大志,2026-01-18,2026-01-22,08,常滑,一般,２　６４１５３６４,2025-05-30,2025-06-03,08,常滑,一般,２４４　５３６　４２,2023-02-03,2023-02-07,08,常滑,一般,４４２４４　５　４６,2017-04-02,2017-04-05,08,常滑,一般,３　４５４６４,2016-03-18,2016-03-21,08,常滑,一般,５１６　３３３６,3224,栗山 繁洋,2026-03-28,2026-04-03,08,常滑,一般,３５５　３　５４４　３４,2019-02-22,2019-02-25,08,常滑,一般,５３５不１　５１,2018-07-07,2018-07-10,08,常滑,一般,５　２１２３５２,2016-11-10,2016-11-13,08,常滑,一般,１５２　６６４４,2016-02-26,2016-02-29,08,常滑,一般,３２６　４１１５,5322,根岸 真優,2026-05-27,2026-06-01,08,常滑,一般,６５３　６６５　６　６６,,,,,,,,,,,,,,,,,,,,,,,,,4732,堀本 和也,2025-12-21,2025-12-26,08,常滑,一般,１３６４１１２３３１[１],2025-10-24,2025-10-28,08,常滑,一般,２３１１４２１５３２,2025-04-25,2025-05-01,08,常滑,一般,４６３１１２１１６　１１[２],2024-11-27,2024-11-30,08,常滑,一般,３３１４５３１１,2023-01-28,2023-01-31,08,常滑,一般,１６１３４２[６]
202607030807,2026-07-03,08,07R,5216,長谷川 晴哉,2025-07-28,2025-08-02,08,常滑,一般,５２１　１４３１５４１４,2024-06-02,2024-06-05,08,常滑,一般,６５４　３　３４,,,,,,,,,,,,,,,,,,,5345,牧村 俊輝,2026-02-14,2026-02-18,08,常滑,一般,　　　　　　　　５５,2025-12-29,2026-01-03,08,常滑,一般,４　６６６　６６６５４,2025-08-10,2025-08-15,08,常滑,一般,６５６　６５６　６５４,2025-03-01,2025-03-04,08,常滑,一般,６５６６６　６,2024-10-12,2024-10-15,08,常滑,一般,　　　　　　５６,4498,宮本 夏樹,2025-03-18,2025-03-22,08,常滑,一般,６５４　３４６１,2024-02-16,2024-02-19,08,常滑,一般,３　１５１３４４,2023-08-24,2023-08-27,08,常滑,一般,６１５４１　３５,2020-04-04,2020-04-08,08,常滑,一般,４１４　３５３３２４,2020-02-29,2020-03-03,08,常滑,一般,４　３２１１[３],5294,豊田 祥生,2025-07-28,2025-08-02,08,常滑,一般,５６５　１　２５２５５１,2024-08-25,2024-08-28,08,常滑,一般,６６６　６　６６,2024-06-23,2024-06-26,08,常滑,一般,５　６６５　１４,2024-05-17,2024-05-20,08,常滑,一般,６　５６２　６６,2024-03-16,2024-03-22,08,常滑,ＧⅢ,　　　　　　　　　　５６,4752,西尾 亮輔,2026-05-03,2026-05-08,08,常滑,一般,６　４６６　４３３　４５,2025-08-10,2025-08-15,08,常滑,一般,４３５　５５３　５　４３,2024-12-03,2024-12-06,08,常滑,一般,　　　　　　４６,2024-05-03,2024-05-08,08,常滑,一般,５２４　４　４２２５６６,2024-01-26,2024-01-29,08,常滑,一般,２５４　３４５１,4546,浜田 亜理沙,2026-03-08,2026-03-13,08,常滑,一般,５５６４２　３６５１５３,2025-08-19,2025-08-24,08,常滑,一般,１３２１２２５１２２[４],2025-05-13,2025-05-18,08,常滑,ＧⅡ,１　２２２６２　１　[１],2025-01-23,2025-01-26,08,常滑,ＧⅠ,２　５６１４４５,2024-04-07,2024-04-12,08,常滑,ＧⅢ,３１２１３１１　１１[２]
202607030808,2026-07-03,08,08R,5026,安河内 健,2026-01-18,2026-01-22,08,常滑,一般,４１４　１４１４５２,2025-10-31,2025-11-04,08,常滑,一般,１　１２１２２２[５],2025-03-25,2025-03-30,08,常滑,一般,５３１４２１３３１３１１,2024-06-02,2024-06-05,08,常滑,一般,４１２１２１[２],2023-12-13,2023-12-18,08,常滑,一般,２１５４３　１５４３３３,4122,安東 幸治,2025-05-22,2025-05-26,08,常滑,一般,３　１２２４３６２６,2024-06-29,2024-07-02,08,常滑,一般,１４２２３３３１,2024-02-09,2024-02-12,08,常滑,一般,１３２２１５５２,2023-09-10,2023-09-13,08,常滑,一般,３４５２３エ２,2019-08-24,2019-08-27,08,常滑,一般,２　３５５５５,5172,田村 慶,2023-03-03,2023-03-06,08,常滑,一般,３６６　３６３,2022-12-23,2022-12-26,08,常滑,一般,６３６　６　４３,,,,,,,,,,,,,,,,,,,4693,松下 誉士,2024-12-03,2024-12-06,08,常滑,一般,６６６,2024-09-27,2024-09-30,08,常滑,一般,６３４　２３１１,2023-10-01,2023-10-04,08,常滑,一般,６４３　４４６４,2023-07-27,2023-07-30,08,常滑,一般,４４４　５６６６,2023-03-10,2023-03-13,08,常滑,一般,６　６３２５４１,4034,西原 明生,2025-11-19,2025-11-23,08,常滑,一般,５　４５２４４　２６,2025-04-18,2025-04-22,08,常滑,一般,５　４６６　３５５２,2024-09-21,2024-09-24,08,常滑,一般,５　４４６　６１,2024-06-23,2024-06-26,08,常滑,一般,５　３２３４５４,2023-11-03,2023-11-06,08,常滑,一般,６４６　６３４,4215,吉島 祥之,2026-05-03,2026-05-08,08,常滑,一般,１３４１４１５　５３２５,2026-02-14,2026-02-18,08,常滑,一般,６６１５４　１４３,2025-11-11,2025-11-16,08,常滑,一般,２１３４２　４４１２[６],2025-08-10,2025-08-15,08,常滑,一般,６　１２転６４　３　３３,2025-05-30,2025-06-03,08,常滑,一般,４　１２３５４５１６
202607030809,2026-07-03,08,09R,5055,眞鳥 章太,2025-11-11,2025-11-16,08,常滑,一般,３　１２２６４５４　５４,2024-02-09,2024-02-12,08,常滑,一般,１　４６２　４３,2022-08-27,2022-08-30,08,常滑,一般,２　６４１３５３,,,,,,,,,,,,,5377,鳥居塚 嶺王,2025-10-16,2025-10-20,08,常滑,一般,６　４６５　１５２６,,,,,,,,,,,,,,,,,,,,,,,,,4487,三原 司,2025-11-26,2025-11-30,08,常滑,一般,５　６５６,2025-04-18,2025-04-22,08,常滑,一般,５　５４５　１６２５,2023-07-27,2023-07-30,08,常滑,一般,６　６６６　２３,2023-03-25,2023-03-28,08,常滑,一般,４　５４２１２５,2022-09-30,2022-10-03,08,常滑,一般,５５３　３４４１,5380,野田 亜湖,2025-07-06,2025-07-11,08,常滑,一般,６　６６６　６６６　６６,2025-01-16,2025-01-19,08,常滑,一般,６　６６６　６６,,,,,,,,,,,,,,,,,,,5291,三嶌 こころ,2025-01-08,2025-01-11,08,常滑,一般,６６３　６　６６,2024-08-31,2024-09-05,08,常滑,一般,５　２５５　３４２５６３,2024-04-07,2024-04-12,08,常滑,ＧⅢ,６　６６６　４５６６６,2023-11-30,2023-12-05,08,常滑,ＧⅢ,６　６４６４６　６６６６,,,,,,,3965,北中 元樹,2024-07-14,2024-07-17,08,常滑,一般,３６３　４　３３,2024-02-25,2024-02-29,08,常滑,一般,２５１６５　６２２,2023-10-01,2023-10-04,08,常滑,一般,２１４４３３２３,2023-07-02,2023-07-06,08,常滑,一般,４転,2023-03-10,2023-03-13,08,常滑,一般,４　１４２６２４
202607030810,2026-07-03,08,10R,3959,坪井 康晴,2026-02-05,2026-02-10,08,常滑,ＧⅠ,２　４２２　３４３　４１,2025-01-23,2025-01-26,08,常滑,ＧⅠ,５　５１１４３４,2022-05-19,2022-05-22,08,常滑,一般,１１４１２３１１,2022-02-11,2022-02-16,08,常滑,ＧⅠ,F５４５３　４　２５５,2022-01-08,2022-01-10,08,常滑,一般,２　２１[５],4102,益田 啓司,2025-06-18,2025-06-23,08,常滑,ＧⅢ,５　６１３２１３１５１４,2024-09-15,2024-09-18,08,常滑,一般,１１１２２１[１],2024-05-17,2024-05-20,08,常滑,一般,２４４２１２[６],2023-11-21,2023-11-24,08,常滑,一般,５３２６６　１,2018-12-15,2018-12-18,08,常滑,一般,３６５４４　２,5303,土井 歩夢,2024-06-02,2024-06-05,08,常滑,一般,２５４　５６６６,,,,,,,,,,,,,,,,,,,,,,,,,4837,酒井 陽祐,2026-01-18,2026-01-22,08,常滑,一般,４　５３２４３　６２,2025-09-18,2025-09-22,08,常滑,一般,４　２６２４４　５６,2025-05-30,2025-06-03,08,常滑,一般,５　６２６４６　６４,2025-01-16,2025-01-19,08,常滑,一般,３６４　６１６,2024-10-12,2024-10-15,08,常滑,一般,３２３　１３５１,3873,別府 昌樹,2024-05-24,2024-05-27,08,常滑,一般,５２２２４６１,2020-03-07,2020-03-10,08,常滑,一般,２４３３１５２３,2019-12-13,2019-12-17,08,常滑,一般,１６４４１　１２[６],2019-01-18,2019-01-21,08,常滑,一般,１５３４１　４４,2017-08-04,2017-08-07,08,常滑,一般,５１４４４　３５,3908,重成 一人,2024-12-12,2024-12-15,08,常滑,一般,５３３２４１[２],2024-07-21,2024-07-24,08,常滑,一般,１３２１１１[５],2024-03-26,2024-03-29,08,常滑,一般,２５５１１２[３],2019-07-10,2019-07-15,08,常滑,ＳＧ,３５１　１　３３５　４１,2019-01-31,2019-02-05,08,常滑,ＧⅠ,６　３２３　５　２３１２
202607030811,2026-07-03,08,11R,4546,浜田 亜理沙,2026-03-08,2026-03-13,08,常滑,一般,５５６４２　３６５１５３,2025-08-19,2025-08-24,08,常滑,一般,１３２１２２５１２２[４],2025-05-13,2025-05-18,08,常滑,ＧⅡ,１　２２２６２　１　[１],2025-01-23,2025-01-26,08,常滑,ＧⅠ,２　５６１４４５,2024-04-07,2024-04-12,08,常滑,ＧⅢ,３１２１３１１　１１[２],5216,長谷川 晴哉,2025-07-28,2025-08-02,08,常滑,一般,５２１　１４３１５４１４,2024-06-02,2024-06-05,08,常滑,一般,６５４　３　３４,,,,,,,,,,,,,,,,,,,4261,岡 祐臣,2025-09-18,2025-09-22,08,常滑,一般,３２１２６　２３５１,2024-09-27,2024-09-30,08,常滑,一般,２１３３３４１２,2024-04-19,2024-04-22,08,常滑,一般,１　２５２５２３,2023-11-21,2023-11-24,08,常滑,一般,２　１２１２[３],2021-12-02,2021-12-06,08,常滑,一般,２１５６１２５１[２],4163,山崎 裕司,2025-11-11,2025-11-16,08,常滑,一般,１転２２３　２３１５３３,2025-05-22,2025-05-26,08,常滑,一般,３３２　１３１２[２],2024-09-21,2024-09-24,08,常滑,一般,４４５１２　４３,2024-06-02,2024-06-05,08,常滑,一般,１３５４４５５１,2024-01-19,2024-01-23,08,常滑,一般,４５１　２５２　６５,5229,吉川 晴人,2025-03-01,2025-03-04,08,常滑,一般,４１３４１　３６,2024-09-15,2024-09-18,08,常滑,一般,２５３　５　４６,2024-06-02,2024-06-05,08,常滑,一般,５５６　４　２５,2023-02-25,2023-02-28,08,常滑,一般,６　６６４　F６,2022-06-18,2022-06-21,08,常滑,一般,６６６　６５６,4419,原 加央理,2026-02-26,2026-03-02,08,常滑,一般,２　１３２４４３３５,2023-11-30,2023-12-05,08,常滑,ＧⅢ,４３５４３　５２３　２１,2022-05-19,2022-05-22,08,常滑,一般,２６２　６３４６,2022-03-11,2022-03-15,08,常滑,一般,３　６落,2021-09-23,2021-09-26,08,常滑,一般,６　６６５　３３
202607030812,2026-07-03,08,12R,4732,堀本 和也,2025-12-21,2025-12-26,08,常滑,一般,１３６４１１２３３１[１],2025-10-24,2025-10-28,08,常滑,一般,２３１１４２１５３２,2025-04-25,2025-05-01,08,常滑,一般,４６３１１２１１６　１１[２],2024-11-27,2024-11-30,08,常滑,一般,３３１４５３１１,2023-01-28,2023-01-31,08,常滑,一般,１６１３４２[６],5026,安河内 健,2026-01-18,2026-01-22,08,常滑,一般,４１４　１４１４５２,2025-10-31,2025-11-04,08,常滑,一般,１　１２１２２２[５],2025-03-25,2025-03-30,08,常滑,一般,５３１４２１３３１３１１,2024-06-02,2024-06-05,08,常滑,一般,４１２１２１[２],2023-12-13,2023-12-18,08,常滑,一般,２１５４３　１５４３３３,4391,松田 祐季,2025-10-16,2025-10-20,08,常滑,一般,４６４６４４,2025-06-28,2025-07-02,08,常滑,一般,２３１１２４６３２１,2024-09-27,2024-09-30,08,常滑,一般,１５３１１３３１,2024-02-02,2024-02-05,08,常滑,一般,１１２２１１[F],2023-11-12,2023-11-17,08,常滑,ＧⅠ,４　５　２６３　６６５,4731,間野 兼礼,2026-02-14,2026-02-18,08,常滑,一般,２１４６２　３５２５,2025-10-24,2025-10-28,08,常滑,一般,１　２４２３２転１,2025-04-25,2025-05-01,08,常滑,一般,４４２　３３２　１　３６２４,2024-08-10,2024-08-15,08,常滑,一般,４３６　５４３　３　６２,2024-06-08,2024-06-11,08,常滑,一般,３４２　５４１４,4122,安東 幸治,2025-05-22,2025-05-26,08,常滑,一般,３　１２２４３６２６,2024-06-29,2024-07-02,08,常滑,一般,１４２２３３３１,2024-02-09,2024-02-12,08,常滑,一般,１３２２１５５２,2023-09-10,2023-09-13,08,常滑,一般,３４５２３エ２,2019-08-24,2019-08-27,08,常滑,一般,２　３５５５５,4876,梅木 敬太,2025-11-11,2025-11-16,08,常滑,一般,６４２　２３６　６５２６,2025-07-06,2025-07-11,08,常滑,一般,２　２５３６１　１６６４,2025-02-08,2025-02-11,08,常滑,一般,４　４３２５４３,2024-11-19,2024-11-24,08,常滑,ＧⅢ,５　２４６　１５６５５５,2024-05-24,2024-05-27,08,常滑,一般,３２４　６１２６
202607030901,2026-07-03,09,01R,4057,松井 賢治,2025-10-11,2025-10-16,09,津,一般,３４１　６　３５４３２,2024-10-17,2024-10-22,09,津,一般,４２３　１　４５５　１５,2024-01-24,2024-01-31,09,津,一般,３　３１３４４　１２５５１３,2023-06-28,2023-07-04,09,津,一般,３４３　３４３１４５２５１４,2022-11-28,2022-12-03,09,津,一般,２４１　４２２２２１[６],3696,白井 友晴,2025-08-04,2025-08-09,09,津,一般,２４４　６　４５３　２３,2024-10-25,2024-10-30,09,津,一般,２　４１２３４４２３３３,2021-12-21,2021-12-25,09,津,一般,３３１　１６４２[６],2021-10-29,2021-11-03,09,津,ＧⅢ,４　４１４　５４３　２３,2021-03-17,2021-03-22,09,津,一般,５　３４４２５　２３３３,3742,宮地 秀祈,2025-12-22,2025-12-26,09,津,一般,失,2025-04-13,2025-04-16,09,津,一般,２６５　３妨,2022-05-01,2022-05-05,09,津,一般,１　３４４４４３４４,2020-09-26,2020-09-29,09,津,一般,４３４４１　１５,2019-10-04,2019-10-09,09,津,一般,３５１　３４１　４４２２,3828,明石 正之,2025-03-24,2025-03-30,09,津,一般,５３３　４　１６妨５,2024-10-17,2024-10-22,09,津,一般,１４６,2024-06-27,2024-07-01,09,津,一般,２１５　４３１４３２,2022-01-30,2022-02-04,09,津,一般,２５１５２３３３６３４１,2021-10-04,2021-10-08,09,津,一般,３４３　３３３５４３,3350,藤本 佳史,2026-01-15,2026-01-20,09,津,一般,３３３１３　５２３５,2025-08-22,2025-08-27,09,津,一般,６　２６３　１２３２５４,2025-06-25,2025-06-30,09,津,一般,２　４１４６１５３６１５,2024-02-03,2024-02-08,09,津,一般,５　２１５　１３２５６３,2022-03-11,2022-03-17,09,津,一般,１　５６４４３,5467,,,,,,,,,,,,,,,,,,,,,,,,,,,,,,,
202607030902,2026-07-03,09,02R,3842,星野 太郎,2026-04-30,2026-05-06,09,津,一般,３　１１２　１６３５１４,2025-12-22,2025-12-26,09,津,一般,不,2025-08-13,2025-08-18,09,津,一般,５６５　１１５　３４３,2025-06-25,2025-06-30,09,津,一般,２３４２５　２　４６２６,2025-05-01,2025-05-06,09,津,一般,３１４４１　１２３３L１,3550,都築 正治,2026-03-24,2026-03-29,09,津,一般,３２６　４５５　１６１１,2025-10-04,2025-10-08,09,津,一般,４　１３３２２５６４,2025-01-09,2025-01-14,09,津,一般,６　１３４２５　５１,2024-01-07,2024-01-12,09,津,一般,１６４４２　１　１３３５,2022-11-19,2022-11-23,09,津,一般,５　４６４６４　６３,4565,西村 豪洋,2026-05-09,2026-05-14,09,津,ＧⅢ,１　６４４５６　４　２６,2025-12-06,2025-12-11,09,津,一般,５５２　４４５　５　５４,2025-07-03,2025-07-07,09,津,一般,３　５３２６４１２２,2025-04-13,2025-04-16,09,津,一般,５　妨２３　３６,2024-08-24,2024-08-29,09,津,一般,１４１　３５５６３　３,4905,土井 祥伍,2024-02-12,2024-02-18,09,津,一般,３　５２４　２６３６４　３３,2023-03-11,2023-03-17,09,津,一般,４　６３４　４１３　４F６,2023-01-07,2023-01-11,09,津,一般,２　４４３１２６３６,2022-06-12,2022-06-17,09,津,ＧⅢ,５　６　５６３　２５６４,2021-04-03,2021-04-09,09,津,一般,　　　　　　１３４５３,3482,金子 猛志,2025-09-07,2025-09-12,09,津,一般,２２３　２転３　２３４,2023-06-11,2023-06-17,09,津,一般,２３４　２５１３３　２３６４,2023-01-16,2023-01-21,09,津,一般,１　１１３６２３２４３４,2022-11-28,2022-12-03,09,津,一般,３５６　１３４　６４４,2022-02-08,2022-02-13,09,津,一般,３３３２１　１５２２[６],3838,伊藤 啓三,2024-07-19,2024-07-22,09,津,一般,１４３３２　[４],2024-02-12,2024-02-18,09,津,一般,１　２６１３３　２１２５１２,2023-07-07,2023-07-12,09,津,一般,１５４５４　１　５５３５,2022-12-19,2022-12-27,09,津,一般,　　１４１　６　５２２６１６,2022-01-30,2022-02-04,09,津,一般,６４５　１　３３４５１３
202607030903,2026-07-03,09,03R,4458,抹香 雄三,2025-08-22,2025-08-27,09,津,一般,５　２５４５１　６５３５,2024-06-10,2024-06-15,09,津,一般,４　３３３　３６５　３６,2022-07-16,2022-07-21,09,津,一般,５　５４５　３６５　６４,2019-07-30,2019-08-04,09,津,一般,６　４１５　６４４　３２,2018-12-19,2018-12-24,09,津,一般,４５４　３６５　４　４４,4002,古結 宏,2025-07-18,2025-07-21,09,津,一般,２２２５３１３１,2024-10-09,2024-10-14,09,津,一般,４５４　４１１F３　３,2024-06-18,2024-06-23,09,津,ＧⅢ,４　５２１１３１２５１２,2024-03-16,2024-03-23,09,津,一般,２６３　１２６　１転,2024-02-21,2024-02-26,09,津,ＧⅢ,２　１４１４２３１２[],3717,立間 充宏,2025-10-11,2025-10-16,09,津,一般,F３５　４　６　４　５,2025-05-26,2025-05-29,09,津,一般,２６１１６　１５,2023-07-23,2023-07-29,09,津,一般,３２２　１３１４２５３２[４],2020-04-21,2020-04-26,09,津,ＧⅠ,２　１　４６３　６　２３,2018-11-07,2018-11-10,09,津,一般,５３５３１３１１,3896,上田 洋平,2026-01-08,2026-01-13,09,津,一般,３　２３１２２４,2025-10-04,2025-10-08,09,津,一般,３６２４１　４６４６,2025-07-12,2025-07-15,09,津,一般,２５６２５　５４,2024-08-24,2024-08-29,09,津,一般,４３３４３　２１１５１,2023-12-22,2023-12-28,09,津,一般,４４２　４５F　４　４,4485,楠原 正剛,2025-06-18,2025-06-22,09,津,一般,５２２５４　４　３３,2022-09-18,2022-09-26,09,津,一般,２５１　４５１　１２６３３１,2021-01-08,2021-01-15,09,津,一般,　　４　１６５１４５１５５３,2019-06-25,2019-06-28,09,津,一般,４５３３５　５４,2018-05-13,2018-05-18,09,津,一般,３　４４４　５１４６３４,3422,服部 幸男,2025-11-27,2025-12-02,09,津,一般,２１６　１２６１２３５１,2025-06-18,2025-06-22,09,津,一般,１４２　３１３４３５,2025-04-04,2025-04-09,09,津,ＧⅠ,２　４４６　６６６　５,2025-02-03,2025-02-10,09,津,ＧⅠ,５４欠,2023-07-07,2023-07-12,09,津,一般,３５２１２　１１２１[１]
202607030904,2026-07-03,09,04R,4904,松本 一毅,2025-12-06,2025-12-11,09,津,一般,２６４　２２３　３２３,2025-07-29,2025-08-01,09,津,一般,１３４　２２[４],2023-06-02,2023-06-09,09,津,一般,２４６　５１３　５５５　３１,2022-09-28,2022-10-03,09,津,一般,３２２２２５６３２４１６,2021-04-03,2021-04-09,09,津,一般,２　６５２　５６４　２４,4890,石川 諒,2025-08-22,2025-08-27,09,津,一般,４２１　５５５６１　２６,2025-06-25,2025-06-30,09,津,一般,５　３３５　１３６　１６,2023-03-11,2023-03-17,09,津,一般,２　４４１　２４４４３　２５,2020-04-06,2020-04-11,09,津,一般,４６２　３エ,2018-12-19,2018-12-24,09,津,一般,５　４　５６１５５　６６,4665,加藤 啓太,2023-05-06,2023-05-13,09,津,一般,４４１　１２４　３５３３３２,2021-11-07,2021-11-13,09,津,一般,３　３２４　２６２４６３３５,2020-04-30,2020-05-05,09,津,一般,６　３５６　４５２　４２,2019-12-29,2020-01-03,09,津,一般,５　４５落　３５４　４６,2019-06-15,2019-06-20,09,津,一般,５　５４３　５２６　５３,5354,渡邊 雄斗,2026-04-30,2026-05-06,09,津,一般,３　６　３４５　６　２５,2026-03-24,2026-03-29,09,津,一般,５　３４６　５１６　５６,2026-01-08,2026-01-13,09,津,一般,　　　　　　２２,2025-12-30,2026-01-04,09,津,一般,５　６６１　４６４　６５,2025-12-22,2025-12-26,09,津,一般,　　　　４　５４２５,4000,松本 博昭,2026-01-15,2026-01-20,09,津,一般,１　３６２５３５１４２,2025-09-07,2025-09-12,09,津,一般,３４１　５４３　１５２５,2025-01-26,2025-01-31,09,津,一般,６５２　３１,2024-07-19,2024-07-22,09,津,一般,２　４５１５３４,2020-09-04,2020-09-09,09,津,一般,５　５４３　４２２　２４,3721,守田 俊介,2025-10-21,2025-10-26,09,津,ＳＧ,２４１　３３６　４　４３,2024-05-09,2024-05-14,09,津,一般,１４F　３　２　５　３,2020-05-09,2020-05-14,09,津,一般,１２１３１　１１１１[１],2019-10-04,2019-10-09,09,津,一般,１１２２転２１１１１[１],2017-08-11,2017-08-16,09,津,一般,２１１５２３２　１６１１
202607030905,2026-07-03,09,05R,4506,稗田 聖也,2024-04-12,2024-04-17,09,津,一般,２　３５５１１６１５３２,2023-03-22,2023-03-26,09,津,一般,５５２　３２２２２,2020-03-24,2020-03-29,09,津,一般,４　２６６　３６２　６６,2018-11-20,2018-11-25,09,津,ＧⅢ,３　４６１　４２２５５３,2017-10-29,2017-11-03,09,津,一般,４３２　２１２２[６],4097,貫地谷 直人,2026-01-08,2026-01-13,09,津,一般,３６６　６　５,2025-08-22,2025-08-27,09,津,一般,５　１４３６６　４　２５,2025-04-13,2025-04-16,09,津,一般,２５３６５　４３,2024-07-19,2024-07-22,09,津,一般,４　５５６,2018-02-14,2018-02-19,09,津,一般,３４３　５５２　６５４,4527,高野 心吾,2025-09-16,2025-09-21,09,津,一般,４６６　５６４　６　２,2025-06-25,2025-06-30,09,津,一般,４４６　１６３　６４４,2024-12-31,2025-01-05,09,津,一般,５６５　５　４５６　５３,2023-12-16,2023-12-20,09,津,一般,４　６４４５４６,2023-08-17,2023-08-20,09,津,一般,４６３５３　２６,5376,吉田 一心,2025-08-22,2025-08-27,09,津,一般,２　４２１　１４４３３１,2024-12-23,2024-12-27,09,津,一般,６　６６６　３４６５,,,,,,,,,,,,,,,,,,,4076,杉田 篤光,2025-11-05,2025-11-10,09,津,一般,６　６１４　６不,2024-01-07,2024-01-12,09,津,一般,１　３２６５３３１５２１,2023-05-06,2023-05-13,09,津,一般,１　１６１２２　２６１５２３,2022-12-29,2023-01-03,09,津,一般,１　６２４４４６４　５４,2022-01-21,2022-01-27,09,津,一般,１５５　４６１　３４５３,5232,樅山 拓馬,2025-07-12,2025-07-15,09,津,一般,３　５３３４２１,2024-10-09,2024-10-14,09,津,一般,５　６４５　３５３　４３,2024-05-09,2024-05-14,09,津,一般,　　　　　　　　　　５３,2023-06-20,2023-06-25,09,津,一般,６　６３６　５５４　６５,2023-01-07,2023-01-11,09,津,一般,　　　　５６６　６６
202607030906,2026-07-03,09,06R,3797,岩井 繁,2025-10-04,2025-10-08,09,津,一般,２　６６６４２　３６,2023-07-07,2023-07-12,09,津,一般,５　２４２　２５５３３,2019-12-18,2019-12-23,09,津,一般,５５４　４２５　２５４５,2018-09-07,2018-09-12,09,津,一般,５４５　５３５　４５３,2016-12-13,2016-12-17,09,津,一般,６　２５５　５４５５,3746,岡瀬 正人,2025-10-11,2025-10-16,09,津,一般,５　５６３　２１３　５２,2024-11-03,2024-11-08,09,津,一般,２　２２４３６　６６１６,2022-01-14,2022-01-19,09,津,一般,３　２２５１２３,2020-04-21,2020-04-26,09,津,ＧⅠ,１　５　３４４　６６３,2020-01-11,2020-01-16,09,津,一般,１４１４１４１２１２[４],3813,佐藤 大介,2025-12-15,2025-12-18,09,津,一般,１６４　５４５２,2025-02-03,2025-02-10,09,津,ＧⅠ,６　６　３　４６４,2024-06-18,2024-06-23,09,津,ＧⅢ,２６１３３３２４１２[５],2023-06-28,2023-07-04,09,津,一般,３５１２２　１１５３３３３１,2022-08-05,2022-08-08,09,津,一般,１　１１２１[４],3742,宮地 秀祈,2025-12-22,2025-12-26,09,津,一般,失,2025-04-13,2025-04-16,09,津,一般,２６５　３妨,2022-05-01,2022-05-05,09,津,一般,１　３４４４４３４４,2020-09-26,2020-09-29,09,津,一般,４３４４１　１５,2019-10-04,2019-10-09,09,津,一般,３５１　３４１　４４２２,4754,松尾 充,2026-05-09,2026-05-14,09,津,ＧⅢ,１３３　２４３３３３５１,2026-04-30,2026-05-06,09,津,一般,２２２　２　２１１５１５,2025-09-07,2025-09-12,09,津,一般,２　１１２１３１４１[４],2025-08-13,2025-08-18,09,津,一般,３　１２１３１３５１[５],2025-06-01,2025-06-04,09,津,一般,２１１３２　[３],5243,三馬 崇史,2025-07-03,2025-07-07,09,津,一般,２　２２４３２３３４,,,,,,,,,,,,,,,,,,,,,,,,
202607030907,2026-07-03,09,07R,4485,楠原 正剛,2025-06-18,2025-06-22,09,津,一般,５２２５４　４　３３,2022-09-18,2022-09-26,09,津,一般,２５１　４５１　１２６３３１,2021-01-08,2021-01-15,09,津,一般,　　４　１６５１４５１５５３,2019-06-25,2019-06-28,09,津,一般,４５３３５　５４,2018-05-13,2018-05-18,09,津,一般,３　４４４　５１４６３４,4677,片橋 幸貴,2024-05-27,2024-05-30,09,津,一般,６　１１３４１５,2023-05-24,2023-05-30,09,津,一般,３　転５,2022-05-27,2022-06-01,09,津,一般,転５３　４１６１５　３６,2022-01-14,2022-01-19,09,津,一般,４　１２３２１１,2019-07-30,2019-08-04,09,津,一般,５５２　４４１４１　１２,3482,金子 猛志,2025-09-07,2025-09-12,09,津,一般,２２３　２転３　２３４,2023-06-11,2023-06-17,09,津,一般,２３４　２５１３３　２３６４,2023-01-16,2023-01-21,09,津,一般,１　１１３６２３２４３４,2022-11-28,2022-12-03,09,津,一般,３５６　１３４　６４４,2022-02-08,2022-02-13,09,津,一般,３３３２１　１５２２[６],4252,松下 哲也,2024-04-12,2024-04-17,09,津,一般,６３６　６２５　２　５１,2021-05-21,2021-05-27,09,津,一般,４　３３４　４２３１４５３１,2020-10-26,2020-10-29,09,津,一般,４　３２３１４５,2019-12-01,2019-12-06,09,津,一般,３６６　３１５　６　３,2018-11-29,2018-12-04,09,津,一般,４５１　６２４　４３５,5467,,,,,,,,,,,,,,,,,,,,,,,,,,,,,,,,3946,赤岩 善生,2025-10-21,2025-10-26,09,津,ＳＧ,１　４２５　３　２　[５],2025-02-03,2025-02-10,09,津,ＧⅠ,３２１　　　４　２４,2020-11-15,2020-11-20,09,津,ＧⅠ,４３３　２４２　６　３６,2017-02-18,2017-02-23,09,津,ＧⅠ,３　２１２　４２１　[３],2015-12-02,2015-12-08,09,津,一般,１１２１６３１１２１
202607030908,2026-07-03,09,08R,3350,藤本 佳史,2026-01-15,2026-01-20,09,津,一般,３３３１３　５２３５,2025-08-22,2025-08-27,09,津,一般,６　２６３　１２３２５４,2025-06-25,2025-06-30,09,津,一般,２　４１４６１５３６１５,2024-02-03,2024-02-08,09,津,一般,５　２１５　１３２５６３,2022-03-11,2022-03-17,09,津,一般,１　５６４４３,3419,栗原 謙治,2025-11-27,2025-12-02,09,津,一般,６　２６３　６６６　６,2025-03-16,2025-03-21,09,津,一般,６　２６５　３４,2023-01-16,2023-01-21,09,津,一般,４６４　２２２　１６５６,2022-10-22,2022-10-27,09,津,一般,５　４５６　６５６　６,2022-07-16,2022-07-21,09,津,一般,３　４５６　３１１　４,4168,石野 貴之,2025-05-17,2025-05-22,09,津,ＧⅢ,６２２１２１１　２１[１],2023-02-17,2023-02-20,09,津,一般,１２３１１６,2021-10-20,2021-10-25,09,津,ＧⅡ,２　６６６　６４,2021-04-22,2021-04-26,09,津,一般,２２４１１１１１[６],2019-02-26,2019-03-03,09,津,ＧⅠ,２１５　３６４　４３３３,3842,星野 太郎,2026-04-30,2026-05-06,09,津,一般,３　１１２　１６３５１４,2025-12-22,2025-12-26,09,津,一般,不,2025-08-13,2025-08-18,09,津,一般,５６５　１１５　３４３,2025-06-25,2025-06-30,09,津,一般,２３４２５　２　４６２６,2025-05-01,2025-05-06,09,津,一般,３１４４１　１２３３L１,4228,吉田 慎二郎,2025-09-16,2025-09-21,09,津,一般,２　３４５　６６３　４１,2024-06-10,2024-06-15,09,津,一般,２６６　３４５　２　３,2023-07-15,2023-07-20,09,津,一般,１４３３６４１３５F５,2023-03-11,2023-03-17,09,津,一般,１　２５２　２５２３４３４３,2022-11-10,2022-11-13,09,津,一般,２５４２１　２４,3717,立間 充宏,2025-10-11,2025-10-16,09,津,一般,F３５　４　６　４　５,2025-05-26,2025-05-29,09,津,一般,２６１１６　１５,2023-07-23,2023-07-29,09,津,一般,３２２　１３１４２５３２[４],2020-04-21,2020-04-26,09,津,ＧⅠ,２　１　４６３　６　２３,2018-11-07,2018-11-10,09,津,一般,５３５３１３１１
202607030909,2026-07-03,09,09R,4709,岡村 将也,2025-11-27,2025-12-02,09,津,一般,１　２２４４３　４５３２,2024-05-18,2024-05-23,09,津,ＧⅢ,２　２５１５１２４６１４,2023-07-07,2023-07-12,09,津,一般,１　３４３６５２３６３６,2019-11-22,2019-11-27,09,津,ＧⅢ,６　５６１　６４４　４６,2018-06-19,2018-06-24,09,津,一般,落欠,3828,明石 正之,2025-03-24,2025-03-30,09,津,一般,５３３　４　１６妨５,2024-10-17,2024-10-22,09,津,一般,１４６,2024-06-27,2024-07-01,09,津,一般,２１５　４３１４３２,2022-01-30,2022-02-04,09,津,一般,２５１５２３３３６３４１,2021-10-04,2021-10-08,09,津,一般,３４３　３３３５４３,3422,服部 幸男,2025-11-27,2025-12-02,09,津,一般,２１６　１２６１２３５１,2025-06-18,2025-06-22,09,津,一般,１４２　３１３４３５,2025-04-04,2025-04-09,09,津,ＧⅠ,２　４４６　６６６　５,2025-02-03,2025-02-10,09,津,ＧⅠ,５４欠,2023-07-07,2023-07-12,09,津,一般,３５２１２　１１２１[１],4904,松本 一毅,2025-12-06,2025-12-11,09,津,一般,２６４　２２３　３２３,2025-07-29,2025-08-01,09,津,一般,１３４　２２[４],2023-06-02,2023-06-09,09,津,一般,２４６　５１３　５５５　３１,2022-09-28,2022-10-03,09,津,一般,３２２２２５６３２４１６,2021-04-03,2021-04-09,09,津,一般,２　６５２　５６４　２４,5134,大原 祥昌,2025-11-18,2025-11-23,09,津,一般,２転５　２６２　４　３１,2023-05-06,2023-05-13,09,津,一般,４　６３２　１５３６２　５５,2022-08-31,2022-09-05,09,津,一般,３　５４２　２４６６１５,,,,,,,,,,,,,4022,待鳥 雄紀,2023-03-22,2023-03-26,09,津,一般,１　４２３４５２[４],2022-12-09,2022-12-13,09,津,一般,３　３５１２３４１４,2021-12-07,2021-12-11,09,津,一般,１６５１１２３２,2021-09-12,2021-09-17,09,津,一般,２５１　１４１５１４１３,2019-10-04,2019-10-09,09,津,一般,１　５５１４６３１　６２
202607030910,2026-07-03,09,10R,4000,松本 博昭,2026-01-15,2026-01-20,09,津,一般,１　３６２５３５１４２,2025-09-07,2025-09-12,09,津,一般,３４１　５４３　１５２５,2025-01-26,2025-01-31,09,津,一般,６５２　３１,2024-07-19,2024-07-22,09,津,一般,２　４５１５３４,2020-09-04,2020-09-09,09,津,一般,５　５４３　４２２　２４,3896,上田 洋平,2026-01-08,2026-01-13,09,津,一般,３　２３１２２４,2025-10-04,2025-10-08,09,津,一般,３６２４１　４６４６,2025-07-12,2025-07-15,09,津,一般,２５６２５　５４,2024-08-24,2024-08-29,09,津,一般,４３３４３　２１１５１,2023-12-22,2023-12-28,09,津,一般,４４２　４５F　４　４,4057,松井 賢治,2025-10-11,2025-10-16,09,津,一般,３４１　６　３５４３２,2024-10-17,2024-10-22,09,津,一般,４２３　１　４５５　１５,2024-01-24,2024-01-31,09,津,一般,３　３１３４４　１２５５１３,2023-06-28,2023-07-04,09,津,一般,３４３　３４３１４５２５１４,2022-11-28,2022-12-03,09,津,一般,２４１　４２２２２１[６],4565,西村 豪洋,2026-05-09,2026-05-14,09,津,ＧⅢ,１　６４４５６　４　２６,2025-12-06,2025-12-11,09,津,一般,５５２　４４５　５　５４,2025-07-03,2025-07-07,09,津,一般,３　５３２６４１２２,2025-04-13,2025-04-16,09,津,一般,５　妨２３　３６,2024-08-24,2024-08-29,09,津,一般,１４１　３５５６３　３,3746,岡瀬 正人,2025-10-11,2025-10-16,09,津,一般,５　５６３　２１３　５２,2024-11-03,2024-11-08,09,津,一般,２　２２４３６　６６１６,2022-01-14,2022-01-19,09,津,一般,３　２２５１２３,2020-04-21,2020-04-26,09,津,ＧⅠ,１　５　３４４　６６３,2020-01-11,2020-01-16,09,津,一般,１４１４１４１２１２[４],4527,高野 心吾,2025-09-16,2025-09-21,09,津,一般,４６６　５６４　６　２,2025-06-25,2025-06-30,09,津,一般,４４６　１６３　６４４,2024-12-31,2025-01-05,09,津,一般,５６５　５　４５６　５３,2023-12-16,2023-12-20,09,津,一般,４　６４４５４６,2023-08-17,2023-08-20,09,津,一般,４６３５３　２６
202607030911,2026-07-03,09,11R,4754,松尾 充,2026-05-09,2026-05-14,09,津,ＧⅢ,１３３　２４３３３３５１,2026-04-30,2026-05-06,09,津,一般,２２２　２　２１１５１５,2025-09-07,2025-09-12,09,津,一般,２　１１２１３１４１[４],2025-08-13,2025-08-18,09,津,一般,３　１２１３１３５１[５],2025-06-01,2025-06-04,09,津,一般,２１１３２　[３],4076,杉田 篤光,2025-11-05,2025-11-10,09,津,一般,６　６１４　６不,2024-01-07,2024-01-12,09,津,一般,１　３２６５３３１５２１,2023-05-06,2023-05-13,09,津,一般,１　１６１２２　２６１５２３,2022-12-29,2023-01-03,09,津,一般,１　６２４４４６４　５４,2022-01-21,2022-01-27,09,津,一般,１５５　４６１　３４５３,4677,片橋 幸貴,2024-05-27,2024-05-30,09,津,一般,６　１１３４１５,2023-05-24,2023-05-30,09,津,一般,３　転５,2022-05-27,2022-06-01,09,津,一般,転５３　４１６１５　３６,2022-01-14,2022-01-19,09,津,一般,４　１２３２１１,2019-07-30,2019-08-04,09,津,一般,５５２　４４１４１　１２,3696,白井 友晴,2025-08-04,2025-08-09,09,津,一般,２４４　６　４５３　２３,2024-10-25,2024-10-30,09,津,一般,２　４１２３４４２３３３,2021-12-21,2021-12-25,09,津,一般,３３１　１６４２[６],2021-10-29,2021-11-03,09,津,ＧⅢ,４　４１４　５４３　２３,2021-03-17,2021-03-22,09,津,一般,５　３４４２５　２３３３,4458,抹香 雄三,2025-08-22,2025-08-27,09,津,一般,５　２５４５１　６５３５,2024-06-10,2024-06-15,09,津,一般,４　３３３　３６５　３６,2022-07-16,2022-07-21,09,津,一般,５　５４５　３６５　６４,2019-07-30,2019-08-04,09,津,一般,６　４１５　６４４　３２,2018-12-19,2018-12-24,09,津,一般,４５４　３６５　４　４４,4890,石川 諒,2025-08-22,2025-08-27,09,津,一般,４２１　５５５６１　２６,2025-06-25,2025-06-30,09,津,一般,５　３３５　１３６　１６,2023-03-11,2023-03-17,09,津,一般,２　４４１　２４４４３　２５,2020-04-06,2020-04-11,09,津,一般,４６２　３エ,2018-12-19,2018-12-24,09,津,一般,５　４　５６１５５　６６
202607030912,2026-07-03,09,12R,4168,石野 貴之,2025-05-17,2025-05-22,09,津,ＧⅢ,６２２１２１１　２１[１],2023-02-17,2023-02-20,09,津,一般,１２３１１６,2021-10-20,2021-10-25,09,津,ＧⅡ,２　６６６　６４,2021-04-22,2021-04-26,09,津,一般,２２４１１１１１[６],2019-02-26,2019-03-03,09,津,ＧⅠ,２１５　３６４　４３３３,3946,赤岩 善生,2025-10-21,2025-10-26,09,津,ＳＧ,１　４２５　３　２　[５],2025-02-03,2025-02-10,09,津,ＧⅠ,３２１　　　４　２４,2020-11-15,2020-11-20,09,津,ＧⅠ,４３３　２４２　６　３６,2017-02-18,2017-02-23,09,津,ＧⅠ,３　２１２　４２１　[３],2015-12-02,2015-12-08,09,津,一般,１１２１６３１１２１,3721,守田 俊介,2025-10-21,2025-10-26,09,津,ＳＧ,２４１　３３６　４　４３,2024-05-09,2024-05-14,09,津,一般,１４F　３　２　５　３,2020-05-09,2020-05-14,09,津,一般,１２１３１　１１１１[１],2019-10-04,2019-10-09,09,津,一般,１１２２転２１１１１[１],2017-08-11,2017-08-16,09,津,一般,２１１５２３２　１６１１,4002,古結 宏,2025-07-18,2025-07-21,09,津,一般,２２２５３１３１,2024-10-09,2024-10-14,09,津,一般,４５４　４１１F３　３,2024-06-18,2024-06-23,09,津,ＧⅢ,４　５２１１３１２５１２,2024-03-16,2024-03-23,09,津,一般,２６３　１２６　１転,2024-02-21,2024-02-26,09,津,ＧⅢ,２　１４１４２３１２[],4506,稗田 聖也,2024-04-12,2024-04-17,09,津,一般,２　３５５１１６１５３２,2023-03-22,2023-03-26,09,津,一般,５５２　３２２２２,2020-03-24,2020-03-29,09,津,一般,４　２６６　３６２　６６,2018-11-20,2018-11-25,09,津,ＧⅢ,３　４６１　４２２５５３,2017-10-29,2017-11-03,09,津,一般,４３２　２１２２[６],3813,佐藤 大介,2025-12-15,2025-12-18,09,津,一般,１６４　５４５２,2025-02-03,2025-02-10,09,津,ＧⅠ,６　６　３　４６４,2024-06-18,2024-06-23,09,津,ＧⅢ,２６１３３３２４１２[５],2023-06-28,2023-07-04,09,津,一般,３５１２２　１１５３３３３１,2022-08-05,2022-08-08,09,津,一般,１　１１２１[４]
202607031101,2026-07-03,11,01R,5126,山下 大輝,2025-07-30,2025-08-04,11,びわこ,一般,１３１６４　２６１４２２,2025-02-09,2025-02-12,11,びわこ,一般,５６４　２　５１,2024-12-11,2024-12-16,11,びわこ,一般,４３２　１６２３４４２２,2023-10-10,2023-10-13,11,びわこ,一般,１３２４４１[３],2023-09-03,2023-09-08,11,びわこ,一般,５６１　２３２３１４１５,5183,中野 孝二,2025-10-02,2025-10-07,11,びわこ,一般,４５６　５　６２２２４２,2023-10-10,2023-10-13,11,びわこ,一般,２２３５５６２１,2023-08-01,2023-08-06,11,びわこ,一般,４　２４４　１転６　６３,2021-12-18,2021-12-23,11,びわこ,一般,５６５　落,2021-08-10,2021-08-15,11,びわこ,一般,　　　　　　　　　　４６,5031,渡辺 空依,2025-08-19,2025-08-22,11,びわこ,一般,５　５６６　６５,2022-10-29,2022-11-03,11,びわこ,一般,６　３６５　５４６　４３,2021-10-21,2021-10-26,11,びわこ,一般,５　転　５４４　５　６５,,,,,,,,,,,,,4253,西川 真人,2026-06-09,2026-06-14,11,びわこ,一般,　　　　　　　　　　３４,2026-05-09,2026-05-14,11,びわこ,一般,１３６　５３４　６１６,2026-04-30,2026-05-06,11,びわこ,一般,５６６　５　４４５　６２,2026-04-20,2026-04-23,11,びわこ,一般,　　　　　　６５,2026-01-25,2026-01-30,11,びわこ,一般,５３３　６　５３１３２５,3653,品川 賢次,2025-09-10,2025-09-13,11,びわこ,一般,１　６６５落,2025-06-20,2025-06-25,11,びわこ,一般,４　２２５５３２１　４２,2023-03-20,2023-03-25,11,びわこ,一般,６４３　４　１４５２２,2021-09-21,2021-09-26,11,びわこ,ＧⅢ,４２１　４５５４２　５,2021-07-31,2021-08-05,11,びわこ,一般,２６６　２４２　１５３４,5396,近藤 来希,2026-02-22,2026-02-27,11,びわこ,一般,６　５F６　６　５　６,2025-08-19,2025-08-22,11,びわこ,一般,６　６５６　５５,2025-06-11,2025-06-16,11,びわこ,一般,６　６　６６６　６　６５,,,,,,,,,,,,
202607031102,2026-07-03,11,02R,4864,小川 日紀太,2024-11-16,2024-11-21,11,びわこ,一般,３３２　６６５　４　４４,2023-06-18,2023-06-24,11,びわこ,一般,６　２５５　２１２　５　４５,2022-10-11,2022-10-14,11,びわこ,一般,４　２４６４２５,2018-06-21,2018-06-26,11,びわこ,一般,１　５５２　転５６　５４,2017-07-07,2017-07-12,11,びわこ,一般,６　４　５６５５６　５４,3548,室田 泰史,2026-03-12,2026-03-16,11,びわこ,一般,４５４　５５６　５１,2025-10-31,2025-11-03,11,びわこ,一般,４　４２１３１１,2025-01-13,2025-01-18,11,びわこ,一般,２１６４２５１　４３２１,2024-07-17,2024-07-20,11,びわこ,一般,２４４６４　２４,2024-04-23,2024-04-28,11,びわこ,一般,３３２　５６２　２,4182,吉田 和仁,2026-06-19,2026-06-24,11,びわこ,一般,４　１４５２３　２５４５,2026-05-09,2026-05-14,11,びわこ,一般,６　５６２　１６３　５３,2026-04-08,2026-04-12,11,びわこ,一般,４　４２６４３　３１,2026-02-13,2026-02-18,11,びわこ,一般,５　１１５３４６４　４１,2025-12-14,2025-12-19,11,びわこ,一般,３　５４４２６　３４１６,4672,守屋 大地,2025-09-26,2025-09-29,11,びわこ,一般,５５４　４　６３,2025-05-18,2025-05-23,11,びわこ,一般,１　４６５６１　２３６３,2024-05-30,2024-06-04,11,びわこ,一般,２　６５３　６４４　３４,2023-09-22,2023-09-27,11,びわこ,一般,６　６４６　６６４　６２,2023-07-25,2023-07-28,11,びわこ,一般,６３６　６　３５,5131,江藤 敦宏,2024-01-16,2024-01-21,11,びわこ,一般,６　６３２　５　６欠,2022-10-29,2022-11-03,11,びわこ,一般,５５１　３６３　６６５,,,,,,,,,,,,,,,,,,,5006,久保原 秀人,2025-05-18,2025-05-23,11,びわこ,一般,２　５３３６６　５３３６,2020-07-10,2020-07-15,11,びわこ,一般,６　５５６　６６６　５５,2019-12-15,2019-12-20,11,びわこ,一般,５　３５１　６６６　４４,,,,,,,,,,,,
202607031103,2026-07-03,11,03R,4522,古澤 光紀,2026-02-13,2026-02-18,11,びわこ,一般,３６４１２３１５２２[５],2025-06-11,2025-06-16,11,びわこ,一般,２３２３１３２　５２[５],2021-11-23,2021-11-28,11,びわこ,一般,１１５２１１１４３１[１],2020-09-03,2020-09-08,11,びわこ,一般,２１１１２２１１１１[２],2013-12-13,2013-12-17,11,びわこ,一般,４２３　４１１５５４,4580,長谷川 雅和,2025-08-26,2025-08-31,11,びわこ,一般,３　６１４４２５２５２４,2024-07-24,2024-07-28,11,びわこ,一般,２　３３１６３４１４,2021-04-04,2021-04-09,11,びわこ,一般,５１１５４　３F４　５,2020-07-30,2020-08-04,11,びわこ,ＧⅠ,５　６４２　５４５４５,2020-03-19,2020-03-24,11,びわこ,一般,２４１４６　６欠,3582,吉川 昭男,2026-04-30,2026-05-06,11,びわこ,一般,６　４　３２３１２２[３],2026-01-03,2026-01-08,11,びわこ,一般,１　６１１４５５３６１４,2024-12-02,2024-12-07,11,びわこ,一般,３２１３５６１　２４,2024-10-06,2024-10-11,11,びわこ,一般,２１２１２　５１３６１２,2024-09-05,2024-09-08,11,びわこ,一般,５２１　１５２３,5143,常盤 海心,2025-10-31,2025-11-03,11,びわこ,一般,６５５　６　５５,2023-06-18,2023-06-24,11,びわこ,一般,５２４　３６落,2022-10-11,2022-10-14,11,びわこ,一般,５　３６３３３,2022-08-19,2022-08-24,11,びわこ,一般,４６５　６　６５６　６３,2021-03-20,2021-03-25,11,びわこ,一般,６　４５６　４６６　６６,3313,本吉 正樹,2025-06-04,2025-06-08,11,びわこ,一般,５　２５４４４　４４,2024-07-04,2024-07-09,11,びわこ,一般,３２４　２３４４１　６６,2022-02-21,2022-02-25,11,びわこ,一般,５５３　３４３４４５,2019-10-14,2019-10-17,11,びわこ,一般,５　４４３　４３,2019-04-07,2019-04-13,11,びわこ,一般,５　６４５　２　４５２５,5465,,,,,,,,,,,,,,,,,,,,,,,,,,,,,,,
202607031104,2026-07-03,11,04R,4352,下條 雄太郎,2024-08-20,2024-08-23,11,びわこ,一般,１２３２２１[３],2024-03-23,2024-03-28,11,びわこ,一般,２２１２３３１２６３２１,2021-07-22,2021-07-27,11,びわこ,一般,２４３２１４１１３２[５],2020-11-21,2020-11-26,11,びわこ,ＧⅢ,２６４１２　４１６４１３,2019-03-22,2019-03-27,11,びわこ,ＧⅡ,３　１３６　２４１５２５,4618,乃村 康友,2026-02-13,2026-02-18,11,びわこ,一般,１　１３３５３２６２[４],2025-06-11,2025-06-16,11,びわこ,一般,１　２６５１５３２　３４,2024-08-01,2024-08-06,11,びわこ,一般,５３２　２１２　２６１５,2023-10-24,2023-10-29,11,びわこ,ＧⅢ,４４３　６３３,2023-05-08,2023-05-14,11,びわこ,一般,　　４３２５１３２　５６５３,4089,妹尾 忠幸,2026-01-16,2026-01-21,11,びわこ,ＧⅡ,６　４２２　１　６　２４,2024-10-06,2024-10-11,11,びわこ,一般,３３３３２２２１３２[３],2023-03-20,2023-03-25,11,びわこ,一般,４６３１３１３　３２[５],2021-01-04,2021-01-09,11,びわこ,一般,１　４６２６１４４２[３],2020-12-17,2020-12-22,11,びわこ,一般,５３３　転２１　１　１４,5190,大月 遊雅,2025-10-02,2025-10-07,11,びわこ,一般,３２６　２６４６５　１２,2024-12-11,2024-12-16,11,びわこ,一般,６４３　３５１　６３２４,2024-02-13,2024-02-16,11,びわこ,一般,３　２６２３２１,,,,,,,,,,,,,4204,柴田 大輔,2025-08-19,2025-08-22,11,びわこ,一般,３　２５４６６不,2025-06-29,2025-07-04,11,びわこ,一般,２４１　３２６２３４６４,2024-08-27,2024-09-01,11,びわこ,一般,３４５　６　５,2024-03-01,2024-03-06,11,びわこ,一般,２　６５１　５５４　３１,2022-04-04,2022-04-09,11,びわこ,一般,２１１　３６５４２４３２,5185,加藤 優弥,2026-01-25,2026-01-30,11,びわこ,一般,　　　　　　　　　　１３,2025-10-02,2025-10-07,11,びわこ,一般,　　　　　　　　４６３４,2024-12-02,2024-12-07,11,びわこ,一般,５４４　４４１　４２２２,2024-01-16,2024-01-21,11,びわこ,一般,４４５　４４３　２３６３,2022-07-05,2022-07-08,11,びわこ,一般,５６６　５　５４
202607031105,2026-07-03,11,05R,3686,鳥居塚 孝博,2026-01-25,2026-01-30,11,びわこ,一般,４３４１４　５２２　４２,2023-02-12,2023-02-17,11,びわこ,一般,２１２　２４２５４５１６,2020-07-30,2020-08-04,11,びわこ,ＧⅠ,５　４６１　３４２５３２,2017-06-28,2017-07-03,11,びわこ,一般,２５１　２３２２１４１３,2016-10-01,2016-10-06,11,びわこ,ＧⅢ,４４３　１４１３３３１１,3564,桑原 啓,2025-12-04,2025-12-09,11,びわこ,ＧⅢ,　　　　　　６６４　６６,2022-09-17,2022-09-22,11,びわこ,ＧⅢ,４４６　６　２６５６２,2020-09-03,2020-09-08,11,びわこ,一般,３　６４４　１３６４２４,2020-04-09,2020-04-14,11,びわこ,一般,２　６４５５３　４６１４,2020-01-14,2020-01-19,11,びわこ,ＧⅢ,３　６４１　６１５６２６,5157,市川 健太,2026-02-13,2026-02-18,11,びわこ,一般,４　５６１　３４４５３６,2026-01-03,2026-01-08,11,びわこ,一般,４６４　３３F　４　５,2025-10-31,2025-11-03,11,びわこ,一般,４３１　５３６１,2025-10-02,2025-10-07,11,びわこ,一般,３　１３５５３　１１５６,2025-08-26,2025-08-31,11,びわこ,一般,１２２　４３１５５４１３,5031,渡辺 空依,2025-08-19,2025-08-22,11,びわこ,一般,５　５６６　６５,2022-10-29,2022-11-03,11,びわこ,一般,６　３６５　５４６　４３,2021-10-21,2021-10-26,11,びわこ,一般,５　転　５４４　５　６５,,,,,,,,,,,,,5256,中山 翔太,2025-10-02,2025-10-07,11,びわこ,一般,１１２４３３４１２３１１,2025-06-04,2025-06-08,11,びわこ,一般,４６４　３６３　３１,2024-08-01,2024-08-06,11,びわこ,一般,５　１２１　２５３３１２,2023-10-17,2023-10-20,11,びわこ,一般,４　６転１　６３,,,,,,,4103,山崎 善庸,2026-02-22,2026-02-27,11,びわこ,一般,５　２５６　５４６　５,2025-09-03,2025-09-07,11,びわこ,一般,４　３５６　３５４４,2024-06-25,2024-06-30,11,びわこ,一般,２３２　２５６　５１６２,2023-09-22,2023-09-27,11,びわこ,一般,２３４　１６２６１６２５,2022-04-04,2022-04-09,11,びわこ,一般,３６２　３３４　４１６３
202607031106,2026-07-03,11,06R,4330,奈須 啓太,2026-01-16,2026-01-21,11,びわこ,ＧⅡ,６　２３６　１　６６３,2025-09-10,2025-09-13,11,びわこ,一般,３５４　２　３６,2023-10-24,2023-10-29,11,びわこ,ＧⅢ,５５２　１６５５６　１６,2022-12-17,2022-12-22,11,びわこ,一般,３４２１２　２４２２[２],2021-08-23,2021-08-28,11,びわこ,一般,３６２　３５１３１６１４,5131,江藤 敦宏,2024-01-16,2024-01-21,11,びわこ,一般,６　６３２　５　６欠,2022-10-29,2022-11-03,11,びわこ,一般,５５１　３６３　６６５,,,,,,,,,,,,,,,,,,,5006,久保原 秀人,2025-05-18,2025-05-23,11,びわこ,一般,２　５３３６６　５３３６,2020-07-10,2020-07-15,11,びわこ,一般,６　５５６　６６６　５５,2019-12-15,2019-12-20,11,びわこ,一般,５　３５１　６６６　４４,,,,,,,,,,,,,3554,仲口 博崇,2024-10-15,2024-10-20,11,びわこ,ＧⅡ,６　３３６　６３６　４１,2023-09-13,2023-09-18,11,びわこ,ＧⅢ,３６５３１　３３１５４６,2021-10-03,2021-10-08,11,びわこ,ＧⅠ,２　２１６　６４３６６,2020-10-04,2020-10-09,11,びわこ,一般,１１２３１２４１３１[４],2020-03-19,2020-03-24,11,びわこ,一般,３４２２３４１１１２[４],5183,中野 孝二,2025-10-02,2025-10-07,11,びわこ,一般,４５６　５　６２２２４２,2023-10-10,2023-10-13,11,びわこ,一般,２２３５５６２１,2023-08-01,2023-08-06,11,びわこ,一般,４　２４４　１転６　６３,2021-12-18,2021-12-23,11,びわこ,一般,５６５　落,2021-08-10,2021-08-15,11,びわこ,一般,　　　　　　　　　　４６,3507,藤井 徹,2026-04-08,2026-04-12,11,びわこ,一般,５　５２２　２２６,2025-10-31,2025-11-03,11,びわこ,一般,５５５　４　６,2025-02-16,2025-02-21,11,びわこ,一般,３　３６２　６転,2024-11-16,2024-11-21,11,びわこ,一般,４　２５６　３５６　４,2024-01-03,2024-01-08,11,びわこ,一般,３　６５５　３６６　２
202607031107,2026-07-03,11,07R,5018,竹下 大樹,2024-08-01,2024-08-06,11,びわこ,一般,４　１１５６２４１　３３,,,,,,,,,,,,,,,,,,,,,,,,,3313,本吉 正樹,2025-06-04,2025-06-08,11,びわこ,一般,５　２５４４４　４４,2024-07-04,2024-07-09,11,びわこ,一般,３２４　２３４４１　６６,2022-02-21,2022-02-25,11,びわこ,一般,５５３　３４３４４５,2019-10-14,2019-10-17,11,びわこ,一般,５　４４３　４３,2019-04-07,2019-04-13,11,びわこ,一般,５　６４５　２　４５２５,3305,小野 信樹,2025-12-14,2025-12-19,11,びわこ,一般,６　１６５　２　６５６,2025-06-20,2025-06-25,11,びわこ,一般,６　１５６２５　３４２,2024-09-21,2024-09-25,11,びわこ,一般,３　５６６　２２１５,2024-03-14,2024-03-19,11,びわこ,一般,２　４６４　６６５　５,2022-04-13,2022-04-18,11,びわこ,一般,３２４　５６３　３２４３,4340,土性 雅也,2024-01-25,2024-01-30,11,びわこ,一般,５　５３４　３５３　２２,2023-10-24,2023-10-29,11,びわこ,ＧⅢ,１　５６５５１　６５５,2022-09-08,2022-09-13,11,びわこ,一般,２４４　３３４３１４４１,2021-07-31,2021-08-05,11,びわこ,一般,１５３　１５３３５５２落,2021-05-18,2021-05-23,11,びわこ,一般,１　３５１３４６１３１６,5396,近藤 来希,2026-02-22,2026-02-27,11,びわこ,一般,６　５F６　６　５　６,2025-08-19,2025-08-22,11,びわこ,一般,６　６５６　５５,2025-06-11,2025-06-16,11,びわこ,一般,６　６　６６６　６　６５,,,,,,,,,,,,,5369,,,,,,,,,,,,,,,,,,,,,,,,,,,,,,,
202607031108,2026-07-03,11,08R,4253,西川 真人,2026-06-09,2026-06-14,11,びわこ,一般,　　　　　　　　　　３４,2026-05-09,2026-05-14,11,びわこ,一般,１３６　５３４　６１６,2026-04-30,2026-05-06,11,びわこ,一般,５６６　５　４４５　６２,2026-04-20,2026-04-23,11,びわこ,一般,　　　　　　６５,2026-01-25,2026-01-30,11,びわこ,一般,５３３　６　５３１３２５,4672,守屋 大地,2025-09-26,2025-09-29,11,びわこ,一般,５５４　４　６３,2025-05-18,2025-05-23,11,びわこ,一般,１　４６５６１　２３６３,2024-05-30,2024-06-04,11,びわこ,一般,２　６５３　６４４　３４,2023-09-22,2023-09-27,11,びわこ,一般,６　６４６　６６４　６２,2023-07-25,2023-07-28,11,びわこ,一般,６３６　６　３５,4277,金田 大輔,2026-02-13,2026-02-18,11,びわこ,一般,５　６１４１２　１６３４,2025-08-26,2025-08-31,11,びわこ,一般,６２４　６６１　５１６４,2024-02-13,2024-02-16,11,びわこ,一般,６落１　４　２５,2023-07-25,2023-07-28,11,びわこ,一般,６　６５１　６欠,2019-10-30,2019-11-03,11,びわこ,一般,３４１　３３３５１３,3548,室田 泰史,2026-03-12,2026-03-16,11,びわこ,一般,４５４　５５６　５１,2025-10-31,2025-11-03,11,びわこ,一般,４　４２１３１１,2025-01-13,2025-01-18,11,びわこ,一般,２１６４２５１　４３２１,2024-07-17,2024-07-20,11,びわこ,一般,２４４６４　２４,2024-04-23,2024-04-28,11,びわこ,一般,３３２　５６２　２,4618,乃村 康友,2026-02-13,2026-02-18,11,びわこ,一般,１　１３３５３２６２[４],2025-06-11,2025-06-16,11,びわこ,一般,１　２６５１５３２　３４,2024-08-01,2024-08-06,11,びわこ,一般,５３２　２１２　２６１５,2023-10-24,2023-10-29,11,びわこ,ＧⅢ,４４３　６３３,2023-05-08,2023-05-14,11,びわこ,一般,　　４３２５１３２　５６５３,5465,,,,,,,,,,,,,,,,,,,,,,,,,,,,,,,
202607031109,2026-07-03,11,09R,3582,吉川 昭男,2026-04-30,2026-05-06,11,びわこ,一般,６　４　３２３１２２[３],2026-01-03,2026-01-08,11,びわこ,一般,１　６１１４５５３６１４,2024-12-02,2024-12-07,11,びわこ,一般,３２１３５６１　２４,2024-10-06,2024-10-11,11,びわこ,一般,２１２１２　５１３６１２,2024-09-05,2024-09-08,11,びわこ,一般,５２１　１５２３,5256,中山 翔太,2025-10-02,2025-10-07,11,びわこ,一般,１１２４３３４１２３１１,2025-06-04,2025-06-08,11,びわこ,一般,４６４　３６３　３１,2024-08-01,2024-08-06,11,びわこ,一般,５　１２１　２５３３１２,2023-10-17,2023-10-20,11,びわこ,一般,４　６転１　６３,,,,,,,3653,品川 賢次,2025-09-10,2025-09-13,11,びわこ,一般,１　６６５落,2025-06-20,2025-06-25,11,びわこ,一般,４　２２５５３２１　４２,2023-03-20,2023-03-25,11,びわこ,一般,６４３　４　１４５２２,2021-09-21,2021-09-26,11,びわこ,ＧⅢ,４２１　４５５４２　５,2021-07-31,2021-08-05,11,びわこ,一般,２６６　２４２　１５３４,4089,妹尾 忠幸,2026-01-16,2026-01-21,11,びわこ,ＧⅡ,６　４２２　１　６　２４,2024-10-06,2024-10-11,11,びわこ,一般,３３３３２２２１３２[３],2023-03-20,2023-03-25,11,びわこ,一般,４６３１３１３　３２[５],2021-01-04,2021-01-09,11,びわこ,一般,１　４６２６１４４２[３],2020-12-17,2020-12-22,11,びわこ,一般,５３３　転２１　１　１４,3564,桑原 啓,2025-12-04,2025-12-09,11,びわこ,ＧⅢ,　　　　　　６６４　６６,2022-09-17,2022-09-22,11,びわこ,ＧⅢ,４４６　６　２６５６２,2020-09-03,2020-09-08,11,びわこ,一般,３　６４４　１３６４２４,2020-04-09,2020-04-14,11,びわこ,一般,２　６４５５３　４６１４,2020-01-14,2020-01-19,11,びわこ,ＧⅢ,３　６４１　６１５６２６,5190,大月 遊雅,2025-10-02,2025-10-07,11,びわこ,一般,３２６　２６４６５　１２,2024-12-11,2024-12-16,11,びわこ,一般,６４３　３５１　６３２４,2024-02-13,2024-02-16,11,びわこ,一般,３　２６２３２１,,,,,,,,,,,,
202607031110,2026-07-03,11,10R,4204,柴田 大輔,2025-08-19,2025-08-22,11,びわこ,一般,３　２５４６６不,2025-06-29,2025-07-04,11,びわこ,一般,２４１　３２６２３４６４,2024-08-27,2024-09-01,11,びわこ,一般,３４５　６　５,2024-03-01,2024-03-06,11,びわこ,一般,２　６５１　５５４　３１,2022-04-04,2022-04-09,11,びわこ,一般,２１１　３６５４２４３２,5126,山下 大輝,2025-07-30,2025-08-04,11,びわこ,一般,１３１６４　２６１４２２,2025-02-09,2025-02-12,11,びわこ,一般,５６４　２　５１,2024-12-11,2024-12-16,11,びわこ,一般,４３２　１６２３４４２２,2023-10-10,2023-10-13,11,びわこ,一般,１３２４４１[３],2023-09-03,2023-09-08,11,びわこ,一般,５６１　２３２３１４１５,3686,鳥居塚 孝博,2026-01-25,2026-01-30,11,びわこ,一般,４３４１４　５２２　４２,2023-02-12,2023-02-17,11,びわこ,一般,２１２　２４２５４５１６,2020-07-30,2020-08-04,11,びわこ,ＧⅠ,５　４６１　３４２５３２,2017-06-28,2017-07-03,11,びわこ,一般,２５１　２３２２１４１３,2016-10-01,2016-10-06,11,びわこ,ＧⅢ,４４３　１４１３３３１１,4330,奈須 啓太,2026-01-16,2026-01-21,11,びわこ,ＧⅡ,６　２３６　１　６６３,2025-09-10,2025-09-13,11,びわこ,一般,３５４　２　３６,2023-10-24,2023-10-29,11,びわこ,ＧⅢ,５５２　１６５５６　１６,2022-12-17,2022-12-22,11,びわこ,一般,３４２１２　２４２２[２],2021-08-23,2021-08-28,11,びわこ,一般,３６２　３５１３１６１４,4182,吉田 和仁,2026-06-19,2026-06-24,11,びわこ,一般,４　１４５２３　２５４５,2026-05-09,2026-05-14,11,びわこ,一般,６　５６２　１６３　５３,2026-04-08,2026-04-12,11,びわこ,一般,４　４２６４３　３１,2026-02-13,2026-02-18,11,びわこ,一般,５　１１５３４６４　４１,2025-12-14,2025-12-19,11,びわこ,一般,３　５４４２６　３４１６,4580,長谷川 雅和,2025-08-26,2025-08-31,11,びわこ,一般,３　６１４４２５２５２４,2024-07-24,2024-07-28,11,びわこ,一般,２　３３１６３４１４,2021-04-04,2021-04-09,11,びわこ,一般,５１１５４　３F４　５,2020-07-30,2020-08-04,11,びわこ,ＧⅠ,５　６４２　５４５４５,2020-03-19,2020-03-24,11,びわこ,一般,２４１４６　６欠
202607031111,2026-07-03,11,11R,3554,仲口 博崇,2024-10-15,2024-10-20,11,びわこ,ＧⅡ,６　３３６　６３６　４１,2023-09-13,2023-09-18,11,びわこ,ＧⅢ,３６５３１　３３１５４６,2021-10-03,2021-10-08,11,びわこ,ＧⅠ,２　２１６　６４３６６,2020-10-04,2020-10-09,11,びわこ,一般,１１２３１２４１３１[４],2020-03-19,2020-03-24,11,びわこ,一般,３４２２３４１１１２[４],5018,竹下 大樹,2024-08-01,2024-08-06,11,びわこ,一般,４　１１５６２４１　３３,,,,,,,,,,,,,,,,,,,,,,,,,4352,下條 雄太郎,2024-08-20,2024-08-23,11,びわこ,一般,１２３２２１[３],2024-03-23,2024-03-28,11,びわこ,一般,２２１２３３１２６３２１,2021-07-22,2021-07-27,11,びわこ,一般,２４３２１４１１３２[５],2020-11-21,2020-11-26,11,びわこ,ＧⅢ,２６４１２　４１６４１３,2019-03-22,2019-03-27,11,びわこ,ＧⅡ,３　１３６　２４１５２５,4864,小川 日紀太,2024-11-16,2024-11-21,11,びわこ,一般,３３２　６６５　４　４４,2023-06-18,2023-06-24,11,びわこ,一般,６　２５５　２１２　５　４５,2022-10-11,2022-10-14,11,びわこ,一般,４　２４６４２５,2018-06-21,2018-06-26,11,びわこ,一般,１　５５２　転５６　５４,2017-07-07,2017-07-12,11,びわこ,一般,６　４　５６５５６　５４,4522,古澤 光紀,2026-02-13,2026-02-18,11,びわこ,一般,３６４１２３１５２２[５],2025-06-11,2025-06-16,11,びわこ,一般,２３２３１３２　５２[５],2021-11-23,2021-11-28,11,びわこ,一般,１１５２１１１４３１[１],2020-09-03,2020-09-08,11,びわこ,一般,２１１１２２１１１１[２],2013-12-13,2013-12-17,11,びわこ,一般,４２３　４１１５５４,5157,市川 健太,2026-02-13,2026-02-18,11,びわこ,一般,４　５６１　３４４５３６,2026-01-03,2026-01-08,11,びわこ,一般,４６４　３３F　４　５,2025-10-31,2025-11-03,11,びわこ,一般,４３１　５３６１,2025-10-02,2025-10-07,11,びわこ,一般,３　１３５５３　１１５６,2025-08-26,2025-08-31,11,びわこ,一般,１２２　４３１５５４１３
202607031112,2026-07-03,11,12R,3654,武田 光史,2025-10-31,2025-11-03,11,びわこ,一般,２１２３１６５５,2025-05-18,2025-05-23,11,びわこ,一般,１１４　２２１３２１[３],2024-07-17,2024-07-20,11,びわこ,一般,３３１１３４１２,2024-03-23,2024-03-28,11,びわこ,一般,４１２１３２４F３,2023-09-03,2023-09-08,11,びわこ,一般,４３３　３２３３５１[３],4460,後藤 翔之,2026-01-16,2026-01-21,11,びわこ,ＧⅡ,４　１２２　６　欠,2025-09-26,2025-09-29,11,びわこ,一般,１２１１５１[２],2025-03-10,2025-03-16,11,びわこ,一般,１４１　１１４１４３１５１２,2024-12-02,2024-12-07,11,びわこ,一般,４　３５１１４１１４１１,2023-09-03,2023-09-08,11,びわこ,一般,２５２２１　５４５３１１,3988,古川 誠之,2025-07-18,2025-07-23,11,びわこ,一般,１　２５１２４３５２[６],2025-01-31,2025-02-05,11,びわこ,一般,２３５　１５１２２６５５,2024-02-03,2024-02-08,11,びわこ,一般,３１３６１２２　４１[４],2023-08-01,2023-08-06,11,びわこ,一般,４４３　３１２　４４２４,2023-05-29,2023-06-02,11,びわこ,一般,４　１４３３４２[６],3333,丸尾 義孝,2025-08-19,2025-08-22,11,びわこ,一般,２６６４３　２４,2023-11-05,2023-11-10,11,びわこ,一般,１　２５２６１２４３１２,2023-09-13,2023-09-18,11,びわこ,ＧⅢ,２　５２２１１４１２[５],2022-08-19,2022-08-24,11,びわこ,一般,１２１２３５２３５４１４,2021-11-02,2021-11-07,11,びわこ,ＧⅢ,５１５４２２３　１４４４,4379,桑島 和宏,2025-12-14,2025-12-19,11,びわこ,一般,４３１５２３３５４　４１,2025-09-10,2025-09-13,11,びわこ,一般,４５２４３　３１,2025-06-11,2025-06-16,11,びわこ,一般,３５１　１１２１４１[３],2025-01-13,2025-01-18,11,びわこ,一般,３エ１　２５４１３　４２,2024-02-13,2024-02-16,11,びわこ,一般,２２３３４２[２],4039,村上 功祐,2026-04-30,2026-05-06,11,びわこ,一般,１５　　２３４４３２２３,2026-01-03,2026-01-08,11,びわこ,一般,３３３　５５５４３　１５,2025-08-10,2025-08-16,11,びわこ,一般,１　４６２　６６２３２４４５,2023-08-01,2023-08-06,11,びわこ,一般,２　６５３　５５６　５,2022-08-10,2022-08-15,11,びわこ,一般,４４４　３５３　２６３
202607031201,2026-07-03,12,01R,5004,河野 主樹,2026-05-03,2026-05-08,12,住之江,一般,２５５　１５５　６３２,2026-01-02,2026-01-07,12,住之江,一般,２　５４５５４　４　４４,2025-08-14,2025-08-19,12,住之江,一般,１　４１３　１５５１[６],2025-01-02,2025-01-07,12,住之江,一般,３６２　４２４　４２３３,2024-10-10,2024-10-15,12,住之江,一般,１４２　５１３　１１[２],3075,中村 裕将,2025-02-27,2025-03-02,12,住之江,一般,６　４３６　２６,2024-12-26,2024-12-29,12,住之江,一般,６　２５５５６,2024-07-19,2024-07-24,12,住之江,一般,４３５　１　４４５　５３,2024-04-01,2024-04-06,12,住之江,一般,３６４　２　２２４　５２,2023-03-19,2023-03-22,12,住之江,一般,５　２５１５６,4888,金児 隆太,2026-03-04,2026-03-09,12,住之江,一般,３　５２４　４１４　５２,2025-01-10,2025-01-14,12,住之江,一般,１２３　２５４３２１,2023-12-08,2023-12-11,12,住之江,一般,３　２１５３４転,2022-09-05,2022-09-11,12,住之江,一般,１２４　４３４５１　５４１６,2022-02-19,2022-02-23,12,住之江,一般,１　３５４４５４６５,3602,奥平 拓也,2025-07-11,2025-07-16,12,住之江,一般,１３４　２３６　４２[４],2022-06-30,2022-07-05,12,住之江,ＧⅢ,３５３　２　２５２４２３,2021-02-14,2021-02-17,12,住之江,一般,４５３　２１２３,2018-06-22,2018-06-27,12,住之江,ＧⅢ,３　３３３　１４６４１５,2016-04-12,2016-04-17,12,住之江,一般,６６,5154,村松 栄太,2025-09-01,2025-09-05,12,住之江,一般,１　４４５　６２２,2025-03-15,2025-03-20,12,住之江,一般,２　４２５　２４１５６６,,,,,,,,,,,,,,,,,,,5450,藤本 遼磨,2026-05-03,2026-05-08,12,住之江,一般,５　５６６　６６６　６,,,,,,,,,,,,,,,,,,,,,,,,
202607031202,2026-07-03,12,02R,4639,雑賀 勇貴,2026-05-03,2026-05-08,12,住之江,一般,５　１６５　５２６　１４,2025-07-11,2025-07-16,12,住之江,一般,２　４４１　５４４２６,2025-05-02,2025-05-07,12,住之江,一般,５６２　２６６　３　３６,2024-12-26,2024-12-29,12,住之江,一般,１３２　４４５４,2024-10-18,2024-10-23,12,住之江,一般,４　欠５２１６　４５４２,3801,五反田 忍,2025-11-01,2025-11-06,12,住之江,一般,４６５　４６６１６　４,2025-02-27,2025-03-02,12,住之江,一般,１５６２６　２,2024-12-26,2024-12-29,12,住之江,一般,６２１６１５６３,2024-05-16,2024-05-21,12,住之江,一般,２１２　６　５２６　１５,2023-07-17,2023-07-22,12,住之江,一般,２欠,5366,塩嶋 泰空,2025-09-25,2025-09-28,12,住之江,一般,５　６６落　５６,,,,,,,,,,,,,,,,,,,,,,,,,3352,小川 晃司,2020-11-04,2020-11-08,12,住之江,一般,４３３　４　６３４,2019-06-30,2019-07-05,12,住之江,一般,５６２　５　５３４　４３,2018-09-12,2018-09-17,12,住之江,一般,５２４　５　２３２４４６,2018-03-19,2018-03-24,12,住之江,一般,５　５５４４３　５　４,2014-10-11,2014-10-16,12,住之江,一般,３４５　３３６４５,4211,村田 敦,2026-03-04,2026-03-09,12,住之江,一般,４　２　６６６　２５５,2025-09-25,2025-09-28,12,住之江,一般,３　５３５５３,2025-06-02,2025-06-06,12,住之江,一般,３　３４１　１５２４,2024-10-18,2024-10-23,12,住之江,一般,１　５６２　３６６３４,2023-10-30,2023-11-04,12,住之江,一般,４６５　４３５　４６１,5039,倉田 茂将,2022-04-12,2022-04-17,12,住之江,一般,６６４　２　１４５６５１,2021-11-02,2021-11-07,12,住之江,一般,６　２５転　４　５４６,2020-11-04,2020-11-08,12,住之江,一般,６　２　６２１６F６,2019-10-18,2019-10-23,12,住之江,一般,６６６　６　６　６６６,,,,,,
202607031203,2026-07-03,12,03R,5355,萩原 丈太朗,2025-09-25,2025-09-28,12,住之江,一般,６５６　６　６５,2025-03-15,2025-03-20,12,住之江,一般,６　５５転　５６４　５６,2024-10-25,2024-10-29,12,住之江,一般,５６６　６　３　６６,,,,,,,,,,,,,4590,渡邉 優美,2025-07-29,2025-08-01,12,住之江,一般,１２２エ２１[１],2024-07-01,2024-07-05,12,住之江,一般,５　１１２１２１[２],2022-12-26,2022-12-31,12,住之江,ＧⅠ,２　１４２４２１１　[３],2022-10-11,2022-10-16,12,住之江,一般,２　３２２１２１３１[２],2021-02-06,2021-02-11,12,住之江,一般,F１３　１　３６１　２,3441,土屋 太朗,2025-07-29,2025-08-01,12,住之江,一般,３２３　５３３４,2022-10-02,2022-10-07,12,住之江,一般,３５３　２２５　４２５４,2022-02-11,2022-02-16,12,住之江,一般,５　２４２４５　２３２３,2021-03-19,2021-03-24,12,住之江,一般,４６６　４６３　５　４,2019-05-14,2019-05-19,12,住之江,一般,２　３１１　２２３１[２],4887,富澤 祐作,2025-10-01,2025-10-06,12,住之江,一般,５　３５３　３１３２３,2019-10-30,2019-11-04,12,住之江,一般,４６６　６２６　３　５,2019-05-14,2019-05-19,12,住之江,一般,５　６　１転６　６　６５,,,,,,,,,,,,,4836,大谷 健太,2025-11-01,2025-11-06,12,住之江,一般,１　２４６　１６６４５,2024-07-19,2024-07-24,12,住之江,一般,２　１６６　４２１５５３,2024-04-11,2024-04-16,12,住之江,一般,２６転　４　４６６　４６,2022-09-14,2022-09-20,12,住之江,一般,４６５　６,2021-02-06,2021-02-11,12,住之江,一般,４　５３１４５　２　１５,3905,天野 友和,2025-11-01,2025-11-06,12,住之江,一般,３２２　３２５　１５５５,2024-12-26,2024-12-29,12,住之江,一般,２５１　３３３２,2024-07-29,2024-08-04,12,住之江,一般,４　２５３６３　１３２　５６,2024-02-21,2024-02-26,12,住之江,一般,３４４　６３１　６１３,2023-12-08,2023-12-11,12,住之江,一般,１６３４３２３
202607031204,2026-07-03,12,04R,3825,宮嵜 隆太郎,2025-12-25,2025-12-30,12,住之江,一般,１　６６４　５　４５６,2025-02-14,2025-02-17,12,住之江,一般,３６６　２　２１,2024-12-07,2024-12-12,12,住之江,ＧⅢ,５　５３６２４　３　２２,2024-11-29,2024-12-03,12,住之江,一般,１２４　６　２５３,2024-06-10,2024-06-16,12,住之江,一般,３５２　５６２６５　４２５,3805,高橋 英之,2026-01-27,2026-02-01,12,住之江,一般,３　３４３　５１１５６４,2024-07-01,2024-07-05,12,住之江,一般,２５２　１１６３４２,2023-09-29,2023-10-03,12,住之江,一般,４４５２１　４　３１,2023-06-21,2023-06-26,12,住之江,一般,３　３６５　４２４　５,2021-08-22,2021-08-27,12,住之江,一般,６６１,4983,前田 篤哉,2026-02-22,2026-02-28,12,住之江,一般,３４１４１　１３１　２３１１,2021-05-17,2021-05-22,12,住之江,一般,２２３　４４２１１２[５],2020-09-26,2020-10-01,12,住之江,一般,４　１４３５２３１　２１,2019-10-18,2019-10-23,12,住之江,一般,３６３　１１５４６　１６,2018-12-09,2018-12-13,12,住之江,一般,４２３　２２１３５３,5362,中嶋 世奈,2025-09-01,2025-09-05,12,住之江,一般,３　６６６　４　５６,2025-05-24,2025-05-28,12,住之江,一般,６　４６５　６　６６,2024-08-21,2024-08-26,12,住之江,一般,６　６６６　６６６　６６,,,,,,,,,,,,,3910,松下 知幸,2026-03-23,2026-03-27,12,住之江,一般,３５５　６　３　６６,2025-09-17,2025-09-21,12,住之江,一般,５　５５５　１　４,2025-01-21,2025-01-26,12,住之江,一般,５　６６３　５３２　５６,2023-11-27,2023-12-02,12,住之江,一般,５１５　５　３６３　２３,2023-08-01,2023-08-06,12,住之江,一般,１３２　５　１３４２[２],3837,秋山 広一,2026-03-23,2026-03-27,12,住之江,一般,４　１１１４１１[２],2023-06-21,2023-06-26,12,住之江,一般,２　３１６４１１１３５１,2022-09-22,2022-09-25,12,住之江,一般,６５１　４１５,2022-01-29,2022-02-01,12,住之江,一般,５６６３３　４,2021-11-20,2021-11-25,12,住之江,一般,１５５　５４１　１６１４
202607031205,2026-07-03,12,05R,3833,中辻 博訓,2023-12-28,2023-12-31,12,住之江,一般,４　４３２　２１,2023-02-06,2023-02-11,12,住之江,ＧⅠ,６２３　４５４　２６４,2022-08-27,2022-08-31,12,住之江,一般,４５１　１１２３２１,2022-06-30,2022-07-05,12,住之江,ＧⅢ,２５３３３　１１４６１１,2020-06-30,2020-07-05,12,住之江,ＧⅢ,５　２　３４１１６エ,4899,占部 一真,2025-10-01,2025-10-06,12,住之江,一般,２５４　３３６　４　６６,2025-05-24,2025-05-28,12,住之江,一般,２３５　６６５　２２,2025-02-06,2025-02-11,12,住之江,一般,１１２　３　２５６２[２],2024-05-16,2024-05-21,12,住之江,一般,５　２１２　６５６　１６,2023-02-15,2023-02-20,12,住之江,一般,５　６６１２６　３　４,4557,松尾 光広,2025-07-21,2025-07-26,12,住之江,ＧⅢ,５　２５２　５６５　４６,2025-02-06,2025-02-11,12,住之江,一般,３　３１１４３　４２[４],2024-11-16,2024-11-22,12,住之江,一般,１　４３２　４２５　１５３５,2022-08-19,2022-08-23,12,住之江,一般,５５６６,2021-07-07,2021-07-13,12,住之江,一般,４５１　６　３５５６５　６,4098,赤澤 文香,2025-10-16,2025-10-21,12,住之江,ＧⅢ,５１３　３２５　５３５,2024-06-19,2024-06-24,12,住之江,ＧⅢ,５　３４４１５　３３４,2021-06-12,2021-06-17,12,住之江,ＧⅢ,４２５　４　５４４　４,2021-01-28,2021-02-01,12,住之江,一般,４３４　４４５　２,2018-01-16,2018-01-21,12,住之江,ＧⅢ,４　３４１　６２２１３６,3602,奥平 拓也,2025-07-11,2025-07-16,12,住之江,一般,１３４　２３６　４２[４],2022-06-30,2022-07-05,12,住之江,ＧⅢ,３５３　２　２５２４２３,2021-02-14,2021-02-17,12,住之江,一般,４５３　２１２３,2018-06-22,2018-06-27,12,住之江,ＧⅢ,３　３３３　１４６４１５,2016-04-12,2016-04-17,12,住之江,一般,６６,3499,市川 哲也,2024-03-24,2024-03-29,12,住之江,ＧⅠ,２　５　５F５　６　６,2023-09-03,2023-09-08,12,住之江,ＧⅠ,６　５　６２４　２４３,2023-04-09,2023-04-14,12,住之江,一般,５４４　１２１４１６３２,2023-03-09,2023-03-13,12,住之江,一般,５６３３１　５１３３,2022-10-02,2022-10-07,12,住之江,一般,３２４　２２２３２　２２
202607031206,2026-07-03,12,06R,5154,村松 栄太,2025-09-01,2025-09-05,12,住之江,一般,１　４４５　６２２,2025-03-15,2025-03-20,12,住之江,一般,２　４２５　２４１５６６,,,,,,,,,,,,,,,,,,,4084,杉山 正樹,2025-02-20,2025-02-24,12,住之江,一般,３４３　４３１６１２,2024-06-10,2024-06-16,12,住之江,一般,１４３１２　２　５１４１[５],2024-03-15,2024-03-20,12,住之江,一般,５４１　２３１３２３３１,2023-09-13,2023-09-16,12,住之江,一般,１４３　５５４１,2023-06-13,2023-06-18,12,住之江,一般,３　１３３１４　１２[３],5181,森 智哉,2025-11-28,2025-12-03,12,住之江,一般,２４５　５６３　５　４,2023-06-21,2023-06-26,12,住之江,一般,４　６３転欠,2022-03-05,2022-03-10,12,住之江,一般,転　５６４　５４６　６,2021-06-24,2021-06-27,12,住之江,一般,５　５５５　６６,,,,,,,5194,大久保 佑香,2025-09-01,2025-09-05,12,住之江,一般,６３５　４５１　５,2025-05-24,2025-05-28,12,住之江,一般,４６５　４５６　５４,2024-04-19,2024-04-24,12,住之江,一般,５１６　５４５　５　５２,2023-09-21,2023-09-26,12,住之江,一般,３　５　６５６３６３３,,,,,,,3841,佐々木 和伸,2024-10-10,2024-10-15,12,住之江,一般,２　３１１４２　４３３２,2024-02-15,2024-02-18,12,住之江,一般,５　６４１　５,2023-04-16,2023-04-19,12,住之江,一般,５　６１,2023-01-10,2023-01-14,12,住之江,一般,１６３　４１２６５３,2020-01-10,2020-01-15,12,住之江,一般,３１３２４　３２４３４６,3999,大瀧 明日香,2024-08-21,2024-08-26,12,住之江,一般,２　６２３４３　１６１４,2024-03-15,2024-03-20,12,住之江,一般,４　２１２６１４５４１２,2023-09-13,2023-09-16,12,住之江,一般,５１６１６　５,2023-05-28,2023-06-02,12,住之江,一般,１　５２３４転　５　１３,2023-04-01,2023-04-06,12,住之江,ＧⅢ,４　１６３１２１２２[５]
202607031207,2026-07-03,12,07R,4730,土屋 実沙希,2025-06-25,2025-06-30,12,住之江,一般,４　５２１　５４２４２１,2024-04-19,2024-04-24,12,住之江,一般,２３１４２　４４２３１１,2023-03-19,2023-03-22,12,住之江,一般,６　１４５４６,2022-12-26,2022-12-31,12,住之江,ＧⅠ,４　６１５　１３５　２２,2022-10-11,2022-10-16,12,住之江,一般,２６４６１　２　１２２５,3542,清水 紀克,2024-11-29,2024-12-03,12,住之江,一般,６　２６５　２　３５,2023-11-27,2023-12-02,12,住之江,一般,２４５　１　１４１１[６],2022-05-12,2022-05-17,12,住之江,ＧⅢ,５５４　１６５　５　６,2022-02-04,2022-02-09,12,住之江,一般,５　５１５　５２６２１４,2021-03-19,2021-03-24,12,住之江,一般,５２２　６　５３４　３６,5355,萩原 丈太朗,2025-09-25,2025-09-28,12,住之江,一般,６５６　６　６５,2025-03-15,2025-03-20,12,住之江,一般,６　５５転　５６４　５６,2024-10-25,2024-10-29,12,住之江,一般,５６６　６　３　６６,,,,,,,,,,,,,3715,倉尾 大介,2026-01-27,2026-02-01,12,住之江,一般,４４４　２４４　２６１,2024-04-11,2024-04-16,12,住之江,一般,３５６　１６４,2024-02-03,2024-02-08,12,住之江,一般,２　５５１６３　４　２５,2023-06-29,2023-07-04,12,住之江,ＧⅢ,６２３３６　３　１６６,2023-02-27,2023-03-04,12,住之江,一般,４４５　６３１　２　４１,4030,森高 一真,2026-04-03,2026-04-08,12,住之江,ＧⅠ,３　１　２２２２４　１２,2025-12-16,2025-12-21,12,住之江,ＳＧ,２３２　６　５　３１１,2025-02-14,2025-02-17,12,住之江,一般,F４４　１　２,2024-12-17,2024-12-22,12,住之江,ＳＧ,２　６２２１６　４　３３,2024-07-10,2024-07-15,12,住之江,ＧⅢ,３６１　１１３４２２[３],3352,小川 晃司,2020-11-04,2020-11-08,12,住之江,一般,４３３　４　６３４,2019-06-30,2019-07-05,12,住之江,一般,５６２　５　５３４　４３,2018-09-12,2018-09-17,12,住之江,一般,５２４　５　２３２４４６,2018-03-19,2018-03-24,12,住之江,一般,５　５５４４３　５　４,2014-10-11,2014-10-16,12,住之江,一般,３４５　３３６４５
202607031208,2026-07-03,12,08R,3731,高濱 芳久,2025-11-21,2025-11-24,12,住之江,一般,３　３不,2025-08-22,2025-08-27,12,住之江,一般,２　１２６,2025-05-24,2025-05-28,12,住之江,一般,２　１５５１６５１４,2024-11-29,2024-12-03,12,住之江,一般,６５６　４　５　２,2024-08-21,2024-08-26,12,住之江,一般,６　４５２３３　５　６２,3587,武田 信一,2026-03-23,2026-03-27,12,住之江,一般,５６４　２　６　３３,2025-05-13,2025-05-18,12,住之江,一般,５　２６６　４６５　５,2024-12-07,2024-12-12,12,住之江,ＧⅢ,６　２３５　２５５２４,2024-04-27,2024-04-30,12,住之江,一般,２６５　２　６,2022-06-30,2022-07-05,12,住之江,ＧⅢ,２　４　１４６５３３４１,4639,雑賀 勇貴,2026-05-03,2026-05-08,12,住之江,一般,５　１６５　５２６　１４,2025-07-11,2025-07-16,12,住之江,一般,２　４４１　５４４２６,2025-05-02,2025-05-07,12,住之江,一般,５６２　２６６　３　３６,2024-12-26,2024-12-29,12,住之江,一般,１３２　４４５４,2024-10-18,2024-10-23,12,住之江,一般,４　欠５２１６　４５４２,4028,田村 隆信,2025-03-31,2025-04-05,12,住之江,一般,２１１　１　４４４３３１,2024-11-01,2024-11-06,12,住之江,ＧⅠ,１　４６３　５　５１４１,2024-05-31,2024-06-05,12,住之江,ＧⅠ,５　６　転欠,2023-09-03,2023-09-08,12,住之江,ＧⅠ,５　４６６　３　６４５,2023-04-09,2023-04-14,12,住之江,一般,５３２２４　１２３２[３],4911,片岡 大地,2025-10-24,2025-10-29,12,住之江,一般,５５５　３６４　１　５,2025-02-06,2025-02-11,12,住之江,一般,２２４　３　１３５４５５,2024-02-21,2024-02-26,12,住之江,一般,３２１　１３４　２６１１,2023-08-19,2023-08-22,12,住之江,一般,３５１４２３５５,2018-03-02,2018-03-07,12,住之江,一般,６　６６５　５　３　４６,4887,富澤 祐作,2025-10-01,2025-10-06,12,住之江,一般,５　３５３　３１３２３,2019-10-30,2019-11-04,12,住之江,一般,４６６　６２６　３　５,2019-05-14,2019-05-19,12,住之江,一般,５　６　１転６　６　６５,,,,,,,,,,,,
202607031209,2026-07-03,12,09R,4836,大谷 健太,2025-11-01,2025-11-06,12,住之江,一般,１　２４６　１６６４５,2024-07-19,2024-07-24,12,住之江,一般,２　１６６　４２１５５３,2024-04-11,2024-04-16,12,住之江,一般,２６転　４　４６６　４６,2022-09-14,2022-09-20,12,住之江,一般,４６５　６,2021-02-06,2021-02-11,12,住之江,一般,４　５３１４５　２　１５,3910,松下 知幸,2026-03-23,2026-03-27,12,住之江,一般,３５５　６　３　６６,2025-09-17,2025-09-21,12,住之江,一般,５　５５５　１　４,2025-01-21,2025-01-26,12,住之江,一般,５　６６３　５３２　５６,2023-11-27,2023-12-02,12,住之江,一般,５１５　５　３６３　２３,2023-08-01,2023-08-06,12,住之江,一般,１３２　５　１３４２[２],3435,寺田 千恵,2023-03-19,2023-03-22,12,住之江,一般,６　５１２　２１,2022-12-26,2022-12-31,12,住之江,ＧⅠ,　　　　５　５　６　４,2022-06-17,2022-06-22,12,住之江,ＧⅢ,３　４３３１１３２２[５],2021-09-17,2021-09-22,12,住之江,一般,４４３１５　２４２４６４,2020-12-09,2020-12-14,12,住之江,ＧⅢ,４４１　１２３２１２[４],5004,河野 主樹,2026-05-03,2026-05-08,12,住之江,一般,２５５　１５５　６３２,2026-01-02,2026-01-07,12,住之江,一般,２　５４５５４　４　４４,2025-08-14,2025-08-19,12,住之江,一般,１　４１３　１５５１[６],2025-01-02,2025-01-07,12,住之江,一般,３６２　４２４　４２３３,2024-10-10,2024-10-15,12,住之江,一般,１４２　５１３　１１[２],4488,小山 勉,2025-10-01,2025-10-06,12,住之江,一般,５　４６１　６６６,2025-02-20,2025-02-24,12,住之江,一般,２　３１２６１４２５,2022-11-03,2022-11-08,12,住之江,ＧⅠ,５　２　５５１　１２５２,2022-01-29,2022-02-01,12,住之江,一般,１３１６２４４３,2021-09-17,2021-09-22,12,住之江,一般,２　３３４１３　１２[４],4557,松尾 光広,2025-07-21,2025-07-26,12,住之江,ＧⅢ,５　２５２　５６５　４６,2025-02-06,2025-02-11,12,住之江,一般,３　３１１４３　４２[４],2024-11-16,2024-11-22,12,住之江,一般,１　４３２　４２５　１５３５,2022-08-19,2022-08-23,12,住之江,一般,５５６６,2021-07-07,2021-07-13,12,住之江,一般,４５１　６　３５５６５　６
202607031210,2026-07-03,12,10R,3740,大澤 普司,2025-07-29,2025-08-01,12,住之江,一般,３５５　３１２,2022-11-03,2022-11-08,12,住之江,ＧⅠ,４　３　２５６　２３５,2021-08-22,2021-08-27,12,住之江,一般,５５２　１１３１１６４４,2021-03-19,2021-03-24,12,住之江,一般,３１４　３２６　２６１５,2020-10-17,2020-10-21,12,住之江,一般,１　２４３５６２３,3999,大瀧 明日香,2024-08-21,2024-08-26,12,住之江,一般,２　６２３４３　１６１４,2024-03-15,2024-03-20,12,住之江,一般,４　２１２６１４５４１２,2023-09-13,2023-09-16,12,住之江,一般,５１６１６　５,2023-05-28,2023-06-02,12,住之江,一般,１　５２３４転　５　１３,2023-04-01,2023-04-06,12,住之江,ＧⅢ,４　１６３１２１２２[５],3805,高橋 英之,2026-01-27,2026-02-01,12,住之江,一般,３　３４３　５１１５６４,2024-07-01,2024-07-05,12,住之江,一般,２５２　１１６３４２,2023-09-29,2023-10-03,12,住之江,一般,４４５２１　４　３１,2023-06-21,2023-06-26,12,住之江,一般,３　３６５　４２４　５,2021-08-22,2021-08-27,12,住之江,一般,６６１,3833,中辻 博訓,2023-12-28,2023-12-31,12,住之江,一般,４　４３２　２１,2023-02-06,2023-02-11,12,住之江,ＧⅠ,６２３　４５４　２６４,2022-08-27,2022-08-31,12,住之江,一般,４５１　１１２３２１,2022-06-30,2022-07-05,12,住之江,ＧⅢ,２５３３３　１１４６１１,2020-06-30,2020-07-05,12,住之江,ＧⅢ,５　２　３４１１６エ,3075,中村 裕将,2025-02-27,2025-03-02,12,住之江,一般,６　４３６　２６,2024-12-26,2024-12-29,12,住之江,一般,６　２５５５６,2024-07-19,2024-07-24,12,住之江,一般,４３５　１　４４５　５３,2024-04-01,2024-04-06,12,住之江,一般,３６４　２　２２４　５２,2023-03-19,2023-03-22,12,住之江,一般,５　２５１５６,3441,土屋 太朗,2025-07-29,2025-08-01,12,住之江,一般,３２３　５３３４,2022-10-02,2022-10-07,12,住之江,一般,３５３　２２５　４２５４,2022-02-11,2022-02-16,12,住之江,一般,５　２４２４５　２３２３,2021-03-19,2021-03-24,12,住之江,一般,４６６　４６３　５　４,2019-05-14,2019-05-19,12,住之江,一般,２　３１１　２２３１[２]
202607031211,2026-07-03,12,11R,5054,佐々木 大河,2026-05-03,2026-05-08,12,住之江,一般,４　１２６　３３２６１６,2026-01-02,2026-01-07,12,住之江,一般,落２１　３２４　３６２２,2025-10-24,2025-10-29,12,住之江,一般,１３２　６３１　４　１１,2025-08-14,2025-08-19,12,住之江,一般,２５５　５１２　２１６,2025-05-02,2025-05-07,12,住之江,一般,２　５６３１３　６６４,4012,中村 有裕,2025-12-25,2025-12-30,12,住之江,一般,５　１２３　２４２４１４,2025-07-21,2025-07-26,12,住之江,ＧⅢ,２　１１３　２１４１[３],2025-03-09,2025-03-12,12,住之江,一般,５　３４５　５１,2024-07-10,2024-07-15,12,住之江,ＧⅢ,３　１６２　１５６３５４,2024-02-03,2024-02-08,12,住之江,一般,２５３　３２６２１　４１,3837,秋山 広一,2026-03-23,2026-03-27,12,住之江,一般,４　１１１４１１[２],2023-06-21,2023-06-26,12,住之江,一般,２　３１６４１１１３５１,2022-09-22,2022-09-25,12,住之江,一般,６５１　４１５,2022-01-29,2022-02-01,12,住之江,一般,５６６３３　４,2021-11-20,2021-11-25,12,住之江,一般,１５５　５４１　１６１４,5039,倉田 茂将,2022-04-12,2022-04-17,12,住之江,一般,６６４　２　１４５６５１,2021-11-02,2021-11-07,12,住之江,一般,６　２５転　４　５４６,2020-11-04,2020-11-08,12,住之江,一般,６　２　６２１６F６,2019-10-18,2019-10-23,12,住之江,一般,６６６　６　６　６６６,,,,,,,4888,金児 隆太,2026-03-04,2026-03-09,12,住之江,一般,３　５２４　４１４　５２,2025-01-10,2025-01-14,12,住之江,一般,１２３　２５４３２１,2023-12-08,2023-12-11,12,住之江,一般,３　２１５３４転,2022-09-05,2022-09-11,12,住之江,一般,１２４　４３４５１　５４１６,2022-02-19,2022-02-23,12,住之江,一般,１　３５４４５４６５,3918,深井 利寿,2025-10-24,2025-10-29,12,住之江,一般,２　２５２　１５２６２４,2025-06-14,2025-06-19,12,住之江,一般,３　４３２　２３４５３３,2024-07-10,2024-07-15,12,住之江,ＧⅢ,１　２４２４１　４４１３,2024-05-09,2024-05-13,12,住之江,一般,１　２４１１５５１６,2024-01-15,2024-01-18,12,住之江,一般,６　１１３　１１
202607031212,2026-07-03,12,12R,4030,森高 一真,2026-04-03,2026-04-08,12,住之江,ＧⅠ,３　１　２２２２４　１２,2025-12-16,2025-12-21,12,住之江,ＳＧ,２３２　６　５　３１１,2025-02-14,2025-02-17,12,住之江,一般,F４４　１　２,2024-12-17,2024-12-22,12,住之江,ＳＧ,２　６２２１６　４　３３,2024-07-10,2024-07-15,12,住之江,ＧⅢ,３６１　１１３４２２[３],4028,田村 隆信,2025-03-31,2025-04-05,12,住之江,一般,２１１　１　４４４３３１,2024-11-01,2024-11-06,12,住之江,ＧⅠ,１　４６３　５　５１４１,2024-05-31,2024-06-05,12,住之江,ＧⅠ,５　６　転欠,2023-09-03,2023-09-08,12,住之江,ＧⅠ,５　４６６　３　６４５,2023-04-09,2023-04-14,12,住之江,一般,５３２２４　１２３２[３],3499,市川 哲也,2024-03-24,2024-03-29,12,住之江,ＧⅠ,２　５　５F５　６　６,2023-09-03,2023-09-08,12,住之江,ＧⅠ,６　５　６２４　２４３,2023-04-09,2023-04-14,12,住之江,一般,５４４　１２１４１６３２,2023-03-09,2023-03-13,12,住之江,一般,５６３３１　５１３３,2022-10-02,2022-10-07,12,住之江,一般,３２４　２２２３２　２２,4084,杉山 正樹,2025-02-20,2025-02-24,12,住之江,一般,３４３　４３１６１２,2024-06-10,2024-06-16,12,住之江,一般,１４３１２　２　５１４１[５],2024-03-15,2024-03-20,12,住之江,一般,５４１　２３１３２３３１,2023-09-13,2023-09-16,12,住之江,一般,１４３　５５４１,2023-06-13,2023-06-18,12,住之江,一般,３　１３３１４　１２[３],4590,渡邉 優美,2025-07-29,2025-08-01,12,住之江,一般,１２２エ２１[１],2024-07-01,2024-07-05,12,住之江,一般,５　１１２１２１[２],2022-12-26,2022-12-31,12,住之江,ＧⅠ,２　１４２４２１１　[３],2022-10-11,2022-10-16,12,住之江,一般,２　３２２１２１３１[２],2021-02-06,2021-02-11,12,住之江,一般,F１３　１　３６１　２,4983,前田 篤哉,2026-02-22,2026-02-28,12,住之江,一般,３４１４１　１３１　２３１１,2021-05-17,2021-05-22,12,住之江,一般,２２３　４４２１１２[５],2020-09-26,2020-10-01,12,住之江,一般,４　１４３５２３１　２１,2019-10-18,2019-10-23,12,住之江,一般,３６３　１１５４６　１６,2018-12-09,2018-12-13,12,住之江,一般,４２３　２２１３５３
202607031301,2026-07-03,13,01R,4835,橋本 明,2026-03-22,2026-03-25,13,尼崎,一般,４６６　１３２,2022-10-28,2022-11-02,13,尼崎,ＧⅢ,４　６３３　２６４６４,2022-08-17,2022-08-21,13,尼崎,一般,２　１２３３４３２１,2022-06-18,2022-06-22,13,尼崎,一般,５　２２４　３５５２,2020-04-25,2020-04-30,13,尼崎,一般,６　２４３２６５４　５４,3998,冨成 謙児,2026-03-08,2026-03-11,13,尼崎,一般,４５３　４２２４,2024-12-11,2024-12-16,13,尼崎,一般,４４６　３４２　５４２,2024-02-25,2024-02-29,13,尼崎,一般,４５１　２１１３１６,2019-06-21,2019-06-26,13,尼崎,ＧⅢ,１　６　３２６　５４６６,2018-10-19,2018-10-24,13,尼崎,一般,６　４１４　４３４４４５,4748,渡邉 雄朗,2024-05-16,2024-05-21,13,尼崎,一般,４　６３１　２１２３１２,2022-08-17,2022-08-21,13,尼崎,一般,３５５欠,2022-06-18,2022-06-22,13,尼崎,一般,６４３　６　５３２,2020-11-18,2020-11-23,13,尼崎,一般,１１１２６４１　１１[６],2020-10-31,2020-11-04,13,尼崎,一般,３１２　２１６１[４],4894,原村 拓也,2025-04-25,2025-04-30,13,尼崎,一般,３　１５６　６２２４４,2024-07-05,2024-07-10,13,尼崎,一般,５５６　５　１　２４４５,2023-01-21,2023-01-25,13,尼崎,一般,６　５５６　１６４,2022-05-20,2022-05-25,13,尼崎,一般,５６３　６　６　６　４,2022-02-19,2022-02-23,13,尼崎,一般,６１６　５３３　５２,5264,登 みひ果,2026-05-31,2026-06-05,13,尼崎,一般,３　４１２　４３５１[５],2026-04-25,2026-04-30,13,尼崎,一般,２　３６５　４２４５５１,2026-02-10,2026-02-15,13,尼崎,一般,５　４３１　５３３２３３,2026-01-04,2026-01-09,13,尼崎,一般,３６３　４　３４２５２,2025-12-07,2025-12-12,13,尼崎,一般,５　３２２　１３３３３４,4007,榮田 将彦,2025-05-18,2025-05-22,13,尼崎,一般,１１４　６２転３,2024-11-26,2024-12-01,13,尼崎,ＧⅢ,６　２６４　６２２　４３,2019-01-11,2019-01-15,13,尼崎,一般,５３４　６３５　３５,2018-01-27,2018-02-01,13,尼崎,一般,２　５４１　５２６３１３,2016-11-03,2016-11-06,13,尼崎,一般,３　２２３５２４
202607031302,2026-07-03,13,02R,3730,塩崎 優司,2026-02-25,2026-02-28,13,尼崎,一般,１　６１３３５２,2025-04-02,2025-04-06,13,尼崎,一般,４６２　１　１４１６,2024-11-19,2024-11-24,13,尼崎,一般,３３５　４４６　４　４,2024-08-24,2024-08-28,13,尼崎,一般,２　４４４４１　２５,2024-02-18,2024-02-22,13,尼崎,一般,５　５１３２２,3158,島川 光男,2025-07-09,2025-07-14,13,尼崎,ＧⅢ,１　３５４５４　６２１４,2025-04-08,2025-04-11,13,尼崎,一般,２５５６１５２,2025-01-06,2025-01-10,13,尼崎,一般,５６２１５６３２１４,2024-07-29,2024-08-02,13,尼崎,一般,１１２１５５２１[１],2023-11-10,2023-11-15,13,尼崎,一般,２２３２６　１４１３１４,4902,山川 雄大,2026-01-29,2026-02-03,13,尼崎,一般,１１５　６４４　４３６１,2026-01-04,2026-01-09,13,尼崎,一般,６６３　１３２　３１３２,2025-07-24,2025-07-29,13,尼崎,一般,５　５６３　６６６,2025-06-11,2025-06-15,13,尼崎,一般,１５５　５４１　３３,2025-03-12,2025-03-16,13,尼崎,一般,６２２　６６３　５５,4438,森作 雄大,2025-02-23,2025-02-27,13,尼崎,一般,３２４　４４５　４４,2018-04-13,2018-04-18,13,尼崎,一般,５　１３６２４　１６１４,2017-11-03,2017-11-06,13,尼崎,一般,５　２６２６３,2016-10-23,2016-10-28,13,尼崎,一般,２５１　４４２　２４６４,2014-09-23,2014-09-28,13,尼崎,一般,２　６４３　１４４　４２,4015,前野 竜一,2024-11-26,2024-12-01,13,尼崎,ＧⅢ,４１４５１　２４６５１４,2024-03-20,2024-03-23,13,尼崎,一般,５３５　４４５４,2022-11-12,2022-11-16,13,尼崎,一般,４４１４２５３３５５,2018-05-16,2018-05-19,13,尼崎,一般,１６４３４２[５],2017-05-28,2017-06-02,13,尼崎,一般,６４２１転５３４１　２２,5418,堀内 亜海,2025-08-16,2025-08-19,13,尼崎,一般,６　落６６６６,2025-06-17,2025-06-22,13,尼崎,一般,６　６　６６６６６　６,,,,,,,,,,,,,,,,,,
202607031303,2026-07-03,13,03R,4569,中澤 宏奈,2026-05-15,2026-05-18,13,尼崎,一般,５,2024-09-10,2024-09-14,13,尼崎,一般,４６１　３５６,2024-01-13,2024-01-17,13,尼崎,一般,２　２３１４５４２５,2023-12-13,2023-12-18,13,尼崎,一般,２２１　６５２４５５２６,2022-12-07,2022-12-12,13,尼崎,一般,５　５２１　６２５　３６,4545,岡村 慶太,2024-11-10,2024-11-15,13,尼崎,ＧⅠ,１６２　３　５６４５６,2024-03-04,2024-03-09,13,尼崎,ＧⅠ,５　２６６　４６６　６,2023-06-08,2023-06-12,13,尼崎,一般,２６５４２１１４２４,2022-12-15,2022-12-18,13,尼崎,一般,４３２５１４６欠,2020-08-01,2020-08-05,13,尼崎,一般,２２６３３１１３１１,4778,堤 啓輔,2026-02-25,2026-02-28,13,尼崎,一般,１２１　３６１１,2024-12-04,2024-12-07,13,尼崎,一般,２　３１２３[４],2023-02-16,2023-02-21,13,尼崎,一般,３２４　５３１　４６４２,2022-03-20,2022-03-23,13,尼崎,一般,２４３　６３６６,2019-10-29,2019-11-03,13,尼崎,一般,１　１５３　３２４２[４],3401,上田 隆章,2025-01-20,2025-01-25,13,尼崎,一般,６６５　２６３　５６落,2023-05-27,2023-06-01,13,尼崎,一般,６６６　６５６,2023-01-21,2023-01-25,13,尼崎,一般,２　５５５５３　５３,2022-05-20,2022-05-25,13,尼崎,一般,２　２５１６３３３２[４],2021-11-27,2021-12-02,13,尼崎,ＧⅢ,４３２　３４１　１４４４,4055,吉田 俊彦,2026-05-04,2026-05-09,13,尼崎,一般,４２１　３２３　２　[４],2026-03-14,2026-03-19,13,尼崎,ＧⅠ,５　３４４　１４４６５,2026-01-04,2026-01-09,13,尼崎,一般,４１４３６　１　３　２４,2025-08-09,2025-08-14,13,尼崎,一般,３２１　２　２３４　１２,2025-06-17,2025-06-22,13,尼崎,一般,１１２３５３２　４４３４,4664,東口 晃,2020-12-25,2020-12-30,13,尼崎,一般,４　４４５　５６５４４,2019-12-25,2019-12-30,13,尼崎,一般,３　３３５　１６２　２５,2017-07-26,2017-07-31,13,尼崎,一般,４　４３１　５３６６３５,2017-03-04,2017-03-07,13,尼崎,一般,６　６３６　５６,2013-05-17,2013-05-22,13,尼崎,一般,４　５５３　４５４　４５
202607031304,2026-07-03,13,04R,3831,安藤 裕貴,2025-06-11,2025-06-15,13,尼崎,一般,５　６５４　２６３２,2025-04-08,2025-04-11,13,尼崎,一般,１３４　１　[６],2021-07-15,2021-07-18,13,尼崎,一般,５２５　２５５１,2020-08-01,2020-08-05,13,尼崎,一般,３２２　２５４６１６,2020-02-29,2020-03-06,13,尼崎,一般,１５６　２５５　６５５　１３,3576,白水 勝也,2022-11-12,2022-11-16,13,尼崎,一般,３３２６５１１３[３],2022-09-19,2022-09-24,13,尼崎,一般,１２３１３４１５４２,2022-08-27,2022-08-31,13,尼崎,一般,１６５２２３４１４３,2022-03-20,2022-03-23,13,尼崎,一般,２１３６１５１２,2021-07-15,2021-07-18,13,尼崎,一般,１２３２２２[３],5046,松山 裕基,2026-03-22,2026-03-25,13,尼崎,一般,６　４４５　５２,2025-07-02,2025-07-06,13,尼崎,一般,２　４６２　５４５５,2025-01-13,2025-01-16,13,尼崎,一般,６　１３２４２４,2024-04-23,2024-04-28,13,尼崎,一般,４５３　３６５　４２５４,2023-09-28,2023-10-03,13,尼崎,一般,２　５３３　３３３３転５,4759,今泉 友吾,2025-05-24,2025-05-29,13,尼崎,一般,３２２２１　４２１２[３],2024-11-26,2024-12-01,13,尼崎,ＧⅢ,２６６　１１５２１５１５,2019-10-29,2019-11-03,13,尼崎,一般,２３２１５２１３５５１３,2017-12-14,2017-12-18,13,尼崎,一般,３１２４２４１３３４,2017-07-26,2017-07-31,13,尼崎,一般,２６２エ,3870,寺嶋 雄,2025-12-02,2025-12-05,13,尼崎,一般,４２５　４１４６,2024-04-23,2024-04-28,13,尼崎,一般,６５３　３３４　５５２,2024-02-25,2024-02-29,13,尼崎,一般,４３４　１４４６６４,2023-12-25,2023-12-30,13,尼崎,一般,４　４３４　６５３２５３,2022-02-25,2022-03-02,13,尼崎,一般,３６５　４５３　６３４,5456,今村 天次朗,2026-05-04,2026-05-09,13,尼崎,一般,６　４　転６４　６４欠,,,,,,,,,,,,,,,,,,,,,,,,
202607031305,2026-07-03,13,05R,4068,幸田 智裕,2025-07-02,2025-07-06,13,尼崎,一般,１３２　４５２４４４,2024-12-11,2024-12-16,13,尼崎,一般,３３５　２５６３３　１５,2023-03-07,2023-03-11,13,尼崎,一般,３３５　２１４４５５,2021-04-17,2021-04-21,13,尼崎,一般,２　５４３　５４４,2020-12-13,2020-12-18,13,尼崎,一般,３１４　１３１５２４２２,4834,浜本 裕己,2025-06-17,2025-06-22,13,尼崎,一般,３２３　１５３　１２[４],2025-04-08,2025-04-11,13,尼崎,一般,５　１６４　１５,2024-07-05,2024-07-10,13,尼崎,一般,２　１６４５５５５　５６,2023-06-08,2023-06-12,13,尼崎,一般,１２５　３５２　３６,2023-03-07,2023-03-11,13,尼崎,一般,４　２１４　３６１４,5326,三嶌 さらら,2025-12-07,2025-12-12,13,尼崎,一般,６　４４２　６６６　４６,2024-12-11,2024-12-16,13,尼崎,一般,５　３６２　３５５　６６,2024-01-29,2024-02-02,13,尼崎,一般,６　５６６　６　５６,,,,,,,,,,,,,5105,富田 恕生,2025-04-02,2025-04-06,13,尼崎,一般,６　１５６　２５４,2021-10-30,2021-11-04,13,尼崎,一般,５　６４６　５２５　転６,,,,,,,,,,,,,,,,,,,4324,海野 康志郎,2026-03-14,2026-03-19,13,尼崎,ＧⅠ,４４６　４１１　３５３６,2024-08-24,2024-08-28,13,尼崎,一般,３５３１２２２４１２,2022-01-11,2022-01-16,13,尼崎,ＧⅠ,１　６　５４６　６３２,2019-04-19,2019-04-24,13,尼崎,一般,５５２１３２１５３３１１,2018-07-24,2018-07-29,13,尼崎,ＧⅠ,１　３１６　５６５３１,4906,鈴木 雅希,2025-05-10,2025-05-15,13,尼崎,一般,６　３２４　２２４３３１,2021-10-30,2021-11-04,13,尼崎,一般,５６１　２６,2021-03-17,2021-03-22,13,尼崎,ＧⅢ,３　１４５２４５２５１４,2019-10-29,2019-11-03,13,尼崎,一般,６５６　５　６　２５５,,,,,,
202607031306,2026-07-03,13,06R,4184,渡邊 雄一郎,2026-01-29,2026-02-03,13,尼崎,一般,１２２１１　３１３５２４,2025-07-24,2025-07-29,13,尼崎,一般,２５３　３１３２３５５３,2025-04-18,2025-04-23,13,尼崎,ＧⅢ,１６６　１１２３６３２３,2024-06-06,2024-06-10,13,尼崎,一般,３１３４１１１２[３],2024-02-09,2024-02-14,13,尼崎,ＧⅠ,１　６６６　４４３３５,3577,向所 浩二,2026-05-04,2026-05-09,13,尼崎,一般,２５５　１　４５１４３３,2026-02-25,2026-02-28,13,尼崎,一般,６５１　４６１５,2024-01-21,2024-01-26,13,尼崎,ＧⅢ,１　６１３　６４１４１３,2023-12-25,2023-12-30,13,尼崎,一般,５１６　２４４２３５１２,2023-08-09,2023-08-14,13,尼崎,一般,６　１２２５３４３５４３,4892,柴田 直哉,2026-03-02,2026-03-05,13,尼崎,一般,６２４　５６４５,2024-11-26,2024-12-01,13,尼崎,ＧⅢ,１２６　３６６　１１２３,2024-08-24,2024-08-28,13,尼崎,一般,１２３　４４３５４６,2023-06-16,2023-06-20,13,尼崎,一般,２４２２４　１５１３,2021-01-21,2021-01-26,13,尼崎,一般,４５３　５６５　４５６,3966,作間 章,2025-05-24,2025-05-29,13,尼崎,一般,４　４４５２３６２　２３,2025-01-29,2025-02-02,13,尼崎,一般,１３３６２１４１[１],2023-07-13,2023-07-18,13,尼崎,一般,３　３５２５３４１５２３,2023-04-23,2023-04-28,13,尼崎,一般,２３６３４　２４１５２３,2023-03-07,2023-03-11,13,尼崎,一般,２１４２１３２３１２,4835,橋本 明,2026-03-22,2026-03-25,13,尼崎,一般,４６６　１３２,2022-10-28,2022-11-02,13,尼崎,ＧⅢ,４　６３３　２６４６４,2022-08-17,2022-08-21,13,尼崎,一般,２　１２３３４３２１,2022-06-18,2022-06-22,13,尼崎,一般,５　２２４　３５５２,2020-04-25,2020-04-30,13,尼崎,一般,６　２４３２６５４　５４,3710,吉永 泰弘,2024-09-04,2024-09-08,13,尼崎,一般,３５４　１４３４４３,2023-07-22,2023-07-26,13,尼崎,一般,１４６４６　２６２３,2022-06-18,2022-06-22,13,尼崎,一般,５２２　３　３５３４,2021-10-23,2021-10-28,13,尼崎,一般,３　６２３４１　４４２５,2021-04-10,2021-04-14,13,尼崎,一般,５　３１５３６　５２
202607031307,2026-07-03,13,07R,4060,島田 一生,2019-07-27,2019-08-02,13,尼崎,一般,１１３　５４４２１３６３[３],2018-06-15,2018-06-21,13,尼崎,ＧⅢ,４　４６６４,2016-10-23,2016-10-28,13,尼崎,一般,６５２　６６２　３２３,2015-08-18,2015-08-23,13,尼崎,一般,１　３６６　５１１　５６,2013-09-18,2013-09-23,13,尼崎,一般,３５６　３５１　６　２５,4298,宮下 元胤,2023-07-13,2023-07-18,13,尼崎,一般,３　１エ,2020-06-16,2020-06-21,13,尼崎,一般,３４６　２１６　３３３,2018-04-13,2018-04-18,13,尼崎,一般,４転,2018-01-27,2018-02-01,13,尼崎,一般,２２４　５５５　１６４,2016-08-03,2016-08-07,13,尼崎,一般,３２２　１５４　５５,4007,榮田 将彦,2025-05-18,2025-05-22,13,尼崎,一般,１１４　６２転３,2024-11-26,2024-12-01,13,尼崎,ＧⅢ,６　２６４　６２２　４３,2019-01-11,2019-01-15,13,尼崎,一般,５３４　６３５　３５,2018-01-27,2018-02-01,13,尼崎,一般,２　５４１　５２６３１３,2016-11-03,2016-11-06,13,尼崎,一般,３　２２３５２４,3415,松井 繁,2026-03-14,2026-03-19,13,尼崎,ＧⅠ,５２２　１　３６５　１４,2025-03-03,2025-03-08,13,尼崎,ＧⅠ,３３２　６２４　５　２３,2024-11-10,2024-11-15,13,尼崎,ＧⅠ,４５６　３２,2024-06-25,2024-06-30,13,尼崎,ＳＧ,３　４５１　１　４　６６,2024-03-04,2024-03-09,13,尼崎,ＧⅠ,５　４５３　３１３１３４,4902,山川 雄大,2026-01-29,2026-02-03,13,尼崎,一般,１１５　６４４　４３６１,2026-01-04,2026-01-09,13,尼崎,一般,６６３　１３２　３１３２,2025-07-24,2025-07-29,13,尼崎,一般,５　５６３　６６６,2025-06-11,2025-06-15,13,尼崎,一般,１５５　５４１　３３,2025-03-12,2025-03-16,13,尼崎,一般,６２２　６６３　５５,4560,庄司 樹良々,2025-12-24,2025-12-30,13,尼崎,一般,１４１　２２２１６１２２[３],2025-07-24,2025-07-29,13,尼崎,一般,６　３３２F４　５　４,2024-07-14,2024-07-18,13,尼崎,一般,１５５　３　３４１,2021-07-15,2021-07-18,13,尼崎,一般,５３１　３６１３,2019-01-18,2019-01-23,13,尼崎,一般,２４３　４６５　１４４１
202607031308,2026-07-03,13,08R,5264,登 みひ果,2026-05-31,2026-06-05,13,尼崎,一般,３　４１２　４３５１[５],2026-04-25,2026-04-30,13,尼崎,一般,２　３６５　４２４５５１,2026-02-10,2026-02-15,13,尼崎,一般,５　４３１　５３３２３３,2026-01-04,2026-01-09,13,尼崎,一般,３６３　４　３４２５２,2025-12-07,2025-12-12,13,尼崎,一般,５　３２２　１３３３３４,4387,平山 智加,2026-03-08,2026-03-11,13,尼崎,一般,２５３３１５１５,2024-10-26,2024-10-31,13,尼崎,一般,４４２１２２１２１１[２],2022-12-07,2022-12-12,13,尼崎,一般,１１４３１３１１３２[５],2022-07-19,2022-07-24,13,尼崎,ＳＧ,２　２　５２１　４　２５,2020-07-14,2020-07-19,13,尼崎,ＧⅡ,６　６１６　３６４３２４,4372,原田 佑実,2025-03-18,2025-03-23,13,尼崎,ＧⅢ,４　６４３２６５３　２３,2022-11-24,2022-11-29,13,尼崎,一般,２４１　６５３５５６２６,2022-09-09,2022-09-14,13,尼崎,一般,５１１４２４１　５転,2021-07-07,2021-07-12,13,尼崎,一般,１２４２４５１　３５１３,2020-11-28,2020-12-03,13,尼崎,一般,３６２　２５４５５５１１,4998,中村 かなえ,2026-03-27,2026-03-31,13,尼崎,一般,２　６　６３１５３４,2022-04-10,2022-04-15,13,尼崎,一般,１６２　１２２２２１[５],2022-03-06,2022-03-11,13,尼崎,ＧⅢ,５４１　１３６３３１４,2021-04-24,2021-04-29,13,尼崎,一般,６　５５６　１６２　５３,2020-04-17,2020-04-22,13,尼崎,一般,４　１　６５１　３６６５,4927,関野 文,2026-02-25,2026-02-28,13,尼崎,一般,３　３２６２４５,2026-02-10,2026-02-15,13,尼崎,一般,４４５４５３５　３　１６,2025-05-03,2025-05-08,13,尼崎,一般,６４５　１５２　１５３４,2024-01-04,2024-01-09,13,尼崎,ＧⅢ,１２２３１２２　１２[２],2022-12-07,2022-12-12,13,尼崎,一般,６４３　２６６　６　２４,4764,小池 礼乃,2022-01-29,2022-02-03,13,尼崎,一般,１　１３５　２３１６５５,2021-07-07,2021-07-12,13,尼崎,一般,４３４４５　２４５２１,2018-08-17,2018-08-22,13,尼崎,ＧⅢ,４５１　１３１３４３３１,2018-07-07,2018-07-13,13,尼崎,一般,　　２３６　１４２３２４,2018-02-04,2018-02-09,13,尼崎,一般,５　５６３　４　２　１４
202607031309,2026-07-03,13,09R,3489,大場 敏,2025-07-09,2025-07-14,13,尼崎,ＧⅢ,２６１　５３６　３３５３,2022-09-26,2022-10-01,13,尼崎,ＧⅠ,４　４　６６６　６３６４,2022-01-20,2022-01-26,13,尼崎,一般,１２５２３３２１３５１４,2021-11-27,2021-12-02,13,尼崎,ＧⅢ,４２２１３　３１６１[４],2020-08-29,2020-09-02,13,尼崎,一般,３６２１４４２６５５,3870,寺嶋 雄,2025-12-02,2025-12-05,13,尼崎,一般,４２５　４１４６,2024-04-23,2024-04-28,13,尼崎,一般,６５３　３３４　５５２,2024-02-25,2024-02-29,13,尼崎,一般,４３４　１４４６６４,2023-12-25,2023-12-30,13,尼崎,一般,４　４３４　６５３２５３,2022-02-25,2022-03-02,13,尼崎,一般,３６５　４５３　６３４,3401,上田 隆章,2025-01-20,2025-01-25,13,尼崎,一般,６６５　２６３　５６落,2023-05-27,2023-06-01,13,尼崎,一般,６６６　６５６,2023-01-21,2023-01-25,13,尼崎,一般,２　５５５５３　５３,2022-05-20,2022-05-25,13,尼崎,一般,２　２５１６３３３２[４],2021-11-27,2021-12-02,13,尼崎,ＧⅢ,４３２　３４１　１４４４,4748,渡邉 雄朗,2024-05-16,2024-05-21,13,尼崎,一般,４　６３１　２１２３１２,2022-08-17,2022-08-21,13,尼崎,一般,３５５欠,2022-06-18,2022-06-22,13,尼崎,一般,６４３　６　５３２,2020-11-18,2020-11-23,13,尼崎,一般,１１１２６４１　１１[６],2020-10-31,2020-11-04,13,尼崎,一般,３１２　２１６１[４],3158,島川 光男,2025-07-09,2025-07-14,13,尼崎,ＧⅢ,１　３５４５４　６２１４,2025-04-08,2025-04-11,13,尼崎,一般,２５５６１５２,2025-01-06,2025-01-10,13,尼崎,一般,５６２１５６３２１４,2024-07-29,2024-08-02,13,尼崎,一般,１１２１５５２１[１],2023-11-10,2023-11-15,13,尼崎,一般,２２３２６　１４１３１４,4016,西川 新太郎,2026-01-29,2026-02-03,13,尼崎,一般,５４１　６欠,2025-04-18,2025-04-23,13,尼崎,ＧⅢ,６　１落,2024-09-27,2024-10-02,13,尼崎,一般,２　５４１　１５６３[４],2023-07-30,2023-08-04,13,尼崎,一般,５１５　５５不　２　４２,2022-06-11,2022-06-15,13,尼崎,一般,４　１５４５３　２
202607031310,2026-07-03,13,10R,3966,作間 章,2025-05-24,2025-05-29,13,尼崎,一般,４　４４５２３６２　２３,2025-01-29,2025-02-02,13,尼崎,一般,１３３６２１４１[１],2023-07-13,2023-07-18,13,尼崎,一般,３　３５２５３４１５２３,2023-04-23,2023-04-28,13,尼崎,一般,２３６３４　２４１５２３,2023-03-07,2023-03-11,13,尼崎,一般,２１４２１３２３１２,4894,原村 拓也,2025-04-25,2025-04-30,13,尼崎,一般,３　１５６　６２２４４,2024-07-05,2024-07-10,13,尼崎,一般,５５６　５　１　２４４５,2023-01-21,2023-01-25,13,尼崎,一般,６　５５６　１６４,2022-05-20,2022-05-25,13,尼崎,一般,５６３　６　６　６　４,2022-02-19,2022-02-23,13,尼崎,一般,６１６　５３３　５２,4015,前野 竜一,2024-11-26,2024-12-01,13,尼崎,ＧⅢ,４１４５１　２４６５１４,2024-03-20,2024-03-23,13,尼崎,一般,５３５　４４５４,2022-11-12,2022-11-16,13,尼崎,一般,４４１４２５３３５５,2018-05-16,2018-05-19,13,尼崎,一般,１６４３４２[５],2017-05-28,2017-06-02,13,尼崎,一般,６４２１転５３４１　２２,4834,浜本 裕己,2025-06-17,2025-06-22,13,尼崎,一般,３２３　１５３　１２[４],2025-04-08,2025-04-11,13,尼崎,一般,５　１６４　１５,2024-07-05,2024-07-10,13,尼崎,一般,２　１６４５５５５　５６,2023-06-08,2023-06-12,13,尼崎,一般,１２５　３５２　３６,2023-03-07,2023-03-11,13,尼崎,一般,４　２１４　３６１４,3831,安藤 裕貴,2025-06-11,2025-06-15,13,尼崎,一般,５　６５４　２６３２,2025-04-08,2025-04-11,13,尼崎,一般,１３４　１　[６],2021-07-15,2021-07-18,13,尼崎,一般,５２５　２５５１,2020-08-01,2020-08-05,13,尼崎,一般,３２２　２５４６１６,2020-02-29,2020-03-06,13,尼崎,一般,１５６　２５５　６５５　１３,4778,堤 啓輔,2026-02-25,2026-02-28,13,尼崎,一般,１２１　３６１１,2024-12-04,2024-12-07,13,尼崎,一般,２　３１２３[４],2023-02-16,2023-02-21,13,尼崎,一般,３２４　５３１　４６４２,2022-03-20,2022-03-23,13,尼崎,一般,２４３　６３６６,2019-10-29,2019-11-03,13,尼崎,一般,１　１５３　３２４２[４]
202607031311,2026-07-03,13,11R,4055,吉田 俊彦,2026-05-04,2026-05-09,13,尼崎,一般,４２１　３２３　２　[４],2026-03-14,2026-03-19,13,尼崎,ＧⅠ,５　３４４　１４４６５,2026-01-04,2026-01-09,13,尼崎,一般,４１４３６　１　３　２４,2025-08-09,2025-08-14,13,尼崎,一般,３２１　２　２３４　１２,2025-06-17,2025-06-22,13,尼崎,一般,１１２３５３２　４４３４,4906,鈴木 雅希,2025-05-10,2025-05-15,13,尼崎,一般,６　３２４　２２４３３１,2021-10-30,2021-11-04,13,尼崎,一般,５６１　２６,2021-03-17,2021-03-22,13,尼崎,ＧⅢ,３　１４５２４５２５１４,2019-10-29,2019-11-03,13,尼崎,一般,６５６　５　６　２５５,,,,,,,3710,吉永 泰弘,2024-09-04,2024-09-08,13,尼崎,一般,３５４　１４３４４３,2023-07-22,2023-07-26,13,尼崎,一般,１４６４６　２６２３,2022-06-18,2022-06-22,13,尼崎,一般,５２２　３　３５３４,2021-10-23,2021-10-28,13,尼崎,一般,３　６２３４１　４４２５,2021-04-10,2021-04-14,13,尼崎,一般,５　３１５３６　５２,3576,白水 勝也,2022-11-12,2022-11-16,13,尼崎,一般,３３２６５１１３[３],2022-09-19,2022-09-24,13,尼崎,一般,１２３１３４１５４２,2022-08-27,2022-08-31,13,尼崎,一般,１６５２２３４１４３,2022-03-20,2022-03-23,13,尼崎,一般,２１３６１５１２,2021-07-15,2021-07-18,13,尼崎,一般,１２３２２２[３],4298,宮下 元胤,2023-07-13,2023-07-18,13,尼崎,一般,３　１エ,2020-06-16,2020-06-21,13,尼崎,一般,３４６　２１６　３３３,2018-04-13,2018-04-18,13,尼崎,一般,４転,2018-01-27,2018-02-01,13,尼崎,一般,２２４　５５５　１６４,2016-08-03,2016-08-07,13,尼崎,一般,３２２　１５４　５５,3998,冨成 謙児,2026-03-08,2026-03-11,13,尼崎,一般,４５３　４２２４,2024-12-11,2024-12-16,13,尼崎,一般,４４６　３４２　５４２,2024-02-25,2024-02-29,13,尼崎,一般,４５１　２１１３１６,2019-06-21,2019-06-26,13,尼崎,ＧⅢ,１　６　３２６　５４６６,2018-10-19,2018-10-24,13,尼崎,一般,６　４１４　４３４４４５
202607031312,2026-07-03,13,12R,3415,松井 繁,2026-03-14,2026-03-19,13,尼崎,ＧⅠ,５２２　１　３６５　１４,2025-03-03,2025-03-08,13,尼崎,ＧⅠ,３３２　６２４　５　２３,2024-11-10,2024-11-15,13,尼崎,ＧⅠ,４５６　３２,2024-06-25,2024-06-30,13,尼崎,ＳＧ,３　４５１　１　４　６６,2024-03-04,2024-03-09,13,尼崎,ＧⅠ,５　４５３　３１３１３４,4324,海野 康志郎,2026-03-14,2026-03-19,13,尼崎,ＧⅠ,４４６　４１１　３５３６,2024-08-24,2024-08-28,13,尼崎,一般,３５３１２２２４１２,2022-01-11,2022-01-16,13,尼崎,ＧⅠ,１　６　５４６　６３２,2019-04-19,2019-04-24,13,尼崎,一般,５５２１３２１５３３１１,2018-07-24,2018-07-29,13,尼崎,ＧⅠ,１　３１６　５６５３１,4759,今泉 友吾,2025-05-24,2025-05-29,13,尼崎,一般,３２２２１　４２１２[３],2024-11-26,2024-12-01,13,尼崎,ＧⅢ,２６６　１１５２１５１５,2019-10-29,2019-11-03,13,尼崎,一般,２３２１５２１３５５１３,2017-12-14,2017-12-18,13,尼崎,一般,３１２４２４１３３４,2017-07-26,2017-07-31,13,尼崎,一般,２６２エ,4387,平山 智加,2026-03-08,2026-03-11,13,尼崎,一般,２５３３１５１５,2024-10-26,2024-10-31,13,尼崎,一般,４４２１２２１２１１[２],2022-12-07,2022-12-12,13,尼崎,一般,１１４３１３１１３２[５],2022-07-19,2022-07-24,13,尼崎,ＳＧ,２　２　５２１　４　２５,2020-07-14,2020-07-19,13,尼崎,ＧⅡ,６　６１６　３６４３２４,4184,渡邊 雄一郎,2026-01-29,2026-02-03,13,尼崎,一般,１２２１１　３１３５２４,2025-07-24,2025-07-29,13,尼崎,一般,２５３　３１３２３５５３,2025-04-18,2025-04-23,13,尼崎,ＧⅢ,１６６　１１２３６３２３,2024-06-06,2024-06-10,13,尼崎,一般,３１３４１１１２[３],2024-02-09,2024-02-14,13,尼崎,ＧⅠ,１　６６６　４４３３５,4545,岡村 慶太,2024-11-10,2024-11-15,13,尼崎,ＧⅠ,１６２　３　５６４５６,2024-03-04,2024-03-09,13,尼崎,ＧⅠ,５　２６６　４６６　６,2023-06-08,2023-06-12,13,尼崎,一般,２６５４２１１４２４,2022-12-15,2022-12-18,13,尼崎,一般,４３２５１４６欠,2020-08-01,2020-08-05,13,尼崎,一般,２２６３３１１３１１
202607031601,2026-07-03,16,01R,3874,山本 寛久,2026-05-02,2026-05-07,16,児島,一般,１　２２３４２２４５１３,2025-12-28,2026-01-02,16,児島,一般,３　２転６６５欠,2025-08-16,2025-08-21,16,児島,一般,１　１１３１３３１１[５],2025-07-01,2025-07-06,16,児島,ＧⅡ,６４１　６　３３２３６,2025-05-02,2025-05-07,16,児島,一般,４　２１６５５２１　３,5096,上原 崚,2026-03-19,2026-03-24,16,児島,一般,３１４３４　３３３３２２,2025-07-18,2025-07-22,16,児島,一般,４　３２４１１４１５,2024-02-20,2024-02-25,16,児島,一般,３　１F４３４　４　６,,,,,,,,,,,,,4989,石原 翼,2025-08-08,2025-08-13,16,児島,一般,３１４２６３２　１６６４,2025-02-10,2025-02-15,16,児島,一般,１１３４１　１５２２[２],2024-03-02,2024-03-07,16,児島,一般,１６４４３３１　２３１２,2023-07-05,2023-07-10,16,児島,ＧⅢ,３　１２２４２１２５２１,2022-01-20,2022-01-25,16,児島,一般,３　５６４３２３１４５１,5058,前原 大道,2026-05-10,2026-05-15,16,児島,一般,４１３　１１１１５１[１],2025-12-28,2026-01-02,16,児島,一般,６３１１３１１　１２[１],2025-08-16,2025-08-21,16,児島,一般,４５６１３　２３５　２１,2025-07-01,2025-07-06,16,児島,ＧⅡ,１５５　２２１　２　[２],2025-05-02,2025-05-07,16,児島,一般,２２１　１３２６４４２１,4539,金子 賢志,2022-08-22,2022-08-26,16,児島,一般,２　１２３１４１[６],2018-02-24,2018-02-28,16,児島,一般,５１２　１６１３１３,2016-11-22,2016-11-27,16,児島,一般,５１６　４６１　６　６３,2016-03-01,2016-03-06,16,児島,一般,３　２６４６３３３　１３,2014-07-05,2014-07-08,16,児島,一般,２６２５４　４１,4227,安達 裕樹,2025-07-01,2025-07-06,16,児島,ＧⅡ,５２１　５５４　３２２,2024-04-04,2024-04-09,16,児島,ＧⅠ,４　３５３　２３１３６６,2023-08-23,2023-08-28,16,児島,一般,３３４１１　１５２１[４],2023-07-05,2023-07-10,16,児島,ＧⅢ,１５２１３　５１１F２,2018-03-04,2018-03-08,16,児島,一般,５２１１３１２１[２]
202607031602,2026-07-03,16,02R,4962,畑 竜生,2022-05-05,2022-05-10,16,児島,一般,４１３　６６２　２２５,2018-12-01,2018-12-06,16,児島,一般,６　６６４　６６６６６６,2018-08-28,2018-09-02,16,児島,一般,妨　４４５　３６２　４５,,,,,,,,,,,,,5075,中島 秀治,2025-05-25,2025-05-29,16,児島,一般,２６４１２４１４５５,2024-04-13,2024-04-18,16,児島,一般,４２２　１５３４４２１２,2024-02-20,2024-02-25,16,児島,一般,２４３４１６５　４５４２,2022-12-13,2022-12-18,16,児島,一般,３４３６６　５６２１４６,2020-03-16,2020-03-21,16,児島,一般,５　３６４　６６６　５６,4420,津久井 拓也,2024-04-13,2024-04-18,16,児島,一般,４５５　１５５５５３２４,2023-01-27,2023-01-31,16,児島,一般,２３５３４　６４４１,2022-12-03,2022-12-08,16,児島,一般,１６５　２４転４１　１３,2020-09-17,2020-09-22,16,児島,ＧⅢ,５３６　６５６　６　３５,2019-12-03,2019-12-08,16,児島,一般,６　６６２　２２１２５６,4715,村上 遼,2023-12-10,2023-12-15,16,児島,一般,５３５５３２３　２４４１,2022-12-13,2022-12-18,16,児島,一般,４４５欠,2022-04-17,2022-04-21,16,児島,一般,１５５２６１１１[６],2020-12-15,2020-12-20,16,児島,一般,４１１５３　１５３６１落,2018-09-15,2018-09-20,16,児島,一般,５　３５１２３１１６２３,4370,山口 達也,2026-05-02,2026-05-07,16,児島,一般,６２２１３　１１６１[３],2026-03-02,2026-03-07,16,児島,ＧⅠ,６６６　６　１６１　２６,2025-12-28,2026-01-02,16,児島,一般,３２２１４　１３３６２２,2025-08-16,2025-08-21,16,児島,一般,４１２２５　１２１３４１,2025-07-01,2025-07-06,16,児島,ＧⅡ,４１５　１　４６５４５,3822,平尾 崇典,2026-05-02,2026-05-07,16,児島,一般,２５３３２　１４２６１５,2026-04-12,2026-04-17,16,児島,一般,２２２２３,2025-12-28,2026-01-02,16,児島,一般,２５１２３　２１３１[２],2025-08-16,2025-08-21,16,児島,一般,１１１　６２２２５２[２],2025-05-02,2025-05-07,16,児島,一般,３５３３３　１１３２[３]
202607031603,2026-07-03,16,03R,4415,下出 卓矢,2023-05-09,2023-05-14,16,児島,ＧⅠ,３　６　４６１　F６５,2021-01-02,2021-01-05,16,児島,一般,４１１５３６３１,2019-06-20,2019-06-25,16,児島,一般,４　１２１２２３１３３１,2016-02-11,2016-02-16,16,児島,一般,２６１３５　３１４６１５,2015-01-10,2015-01-14,16,児島,一般,５１１４３３５３１２,4856,豊田 健士郎,2026-03-02,2026-03-07,16,児島,ＧⅠ,１　２６３　５　１３２６,2023-05-09,2023-05-14,16,児島,ＧⅠ,３　５６６　２　４６１,2021-05-08,2021-05-11,16,児島,一般,１３６２３３３１,2018-08-28,2018-09-02,16,児島,一般,３６１２４　２転１６２５,2017-09-28,2017-10-03,16,児島,一般,６　４４６　２６６　２５,4643,近江 翔吾,2026-03-27,2026-03-31,16,児島,一般,１３１２２３２１[１],2025-08-08,2025-08-13,16,児島,一般,３４２１３　１６３２[４],2024-11-01,2024-11-05,16,児島,一般,２２４２２１２５３１,2024-04-04,2024-04-09,16,児島,ＧⅠ,４　５３３　F１５　５,2024-03-02,2024-03-07,16,児島,一般,１２５１１　１５１１[３],5217,藤原 碧生,2026-05-02,2026-05-07,16,児島,一般,３４２　４３３３１１[２],2026-03-02,2026-03-07,16,児島,ＧⅠ,１　３５３　１　１　[６],2025-07-10,2025-07-15,16,児島,一般,F１２　３　３　４　３,2025-06-07,2025-06-11,16,児島,一般,１４３４３６１５３３,2025-05-02,2025-05-07,16,児島,一般,６１４　３６２３２　１１,4850,野中 一平,2025-06-23,2025-06-28,16,児島,一般,１４１２１１２　２３２２,2023-06-20,2023-06-25,16,児島,一般,５４１　２１２５５２[４],2022-08-22,2022-08-26,16,児島,一般,４４１３４１２３１３,2022-06-22,2022-06-27,16,児島,一般,２２１　６２３４２２[４],2022-01-20,2022-01-25,16,児島,一般,４３２３２　１６２１[３],4148,枝尾 賢,2024-07-02,2024-07-07,16,児島,ＧⅡ,４１４　３４３　３１１,2023-05-09,2023-05-14,16,児島,ＧⅠ,６５４　４　５５５　４３,2022-11-15,2022-11-19,16,児島,一般,３６２３６３４　２１,2022-09-16,2022-09-22,16,児島,一般,４１６２３　２　１１[３],2021-08-04,2021-08-09,16,児島,一般,６２３１２　１２２２[３]
202607031604,2026-07-03,16,04R,5038,金田 智博,2026-04-23,2026-04-28,16,児島,一般,１１１３５　１２３６２４,2025-07-01,2025-07-06,16,児島,ＧⅡ,２　６　４１５　６１５６,2025-03-08,2025-03-13,16,児島,一般,４３３　１４３５１６２４,2024-06-06,2024-06-11,16,児島,一般,３５２１６５４　３　１２,2022-01-20,2022-01-25,16,児島,一般,６２３６２　６　６６１５,4963,實森 美祐,2026-04-12,2026-04-17,16,児島,一般,１２２３２　２５２３３１,2025-06-07,2025-06-11,16,児島,一般,２１１１１３５４１２,2025-01-17,2025-01-22,16,児島,一般,１　２３２２３１５１[１],2023-03-05,2023-03-09,16,児島,一般,６６４　１５３　６５,2023-01-27,2023-01-31,16,児島,一般,２２６　１１２２[３],4482,守屋 美穂,2026-04-04,2026-04-09,16,児島,一般,２３２３２　４４１１[２],2026-02-06,2026-02-11,16,児島,一般,２２２２３２１１１１[１],2026-01-06,2026-01-11,16,児島,一般,１２１　４１４１３１[３],2025-09-08,2025-09-13,16,児島,ＧⅢ,１１４　１５４１５３５１,2025-08-16,2025-08-21,16,児島,一般,４３２１５　１５４６１２,4908,上田 龍星,2025-05-25,2025-05-29,16,児島,一般,１２２３２３１６５４,2023-05-09,2023-05-14,16,児島,ＧⅠ,２　１　４５１　F　６,2022-08-30,2022-09-04,16,児島,ＧⅡ,４　４１５１４　５４２,2022-01-20,2022-01-25,16,児島,一般,２１１１３　１１１１[１],2021-01-25,2021-01-30,16,児島,一般,３５３１２１１２４５１３,4706,三浦 洋次朗,2026-01-29,2026-02-03,16,児島,一般,１　１１５２２５１４６４,2025-05-18,2025-05-23,16,児島,一般,１１２５３　３４４５３３,2023-12-01,2023-12-06,16,児島,一般,１２１６４５４　１５５２,2023-08-03,2023-08-08,16,児島,一般,４　３３４２４２３３１３,2020-08-26,2020-08-31,16,児島,一般,６　３２６３２　５２３５,5092,篠原 晟弥,2024-07-30,2024-08-04,16,児島,一般,６　２６１６５３１　５１,2024-04-13,2024-04-18,16,児島,一般,５　３６５　６３４　５６,2023-09-21,2023-09-24,16,児島,一般,５４１　５２５４,2022-10-07,2022-10-12,16,児島,一般,６　４５４６５　６４２,2022-08-30,2022-09-04,16,児島,ＧⅡ,６　６F５　１２４　４
202607031605,2026-07-03,16,05R,4939,宮之原 輝紀,2026-03-02,2026-03-07,16,児島,ＧⅠ,４１３　４　６４６５４,2025-06-01,2025-06-05,16,児島,一般,２１１３１１３１[１],2023-10-02,2023-10-07,16,児島,一般,２２１１２　１１１２[３],2022-06-22,2022-06-27,16,児島,一般,３１２１２　１１１２[２],2021-01-25,2021-01-30,16,児島,一般,３３２２１１２２３１[３],4933,板橋 侑我,2024-07-02,2024-07-07,16,児島,ＧⅡ,６５６　３６,2024-04-04,2024-04-09,16,児島,ＧⅠ,６６２　５　１６６３６,2023-04-12,2023-04-17,16,児島,一般,３２６　３１３５１５４４,2022-08-30,2022-09-04,16,児島,ＧⅡ,５　１２１　６３５　４５,2019-06-09,2019-06-14,16,児島,一般,１　４３４２４１１６１６,4761,山田 晃大,2026-03-27,2026-03-31,16,児島,一般,５１３　１５３４１３,2024-10-04,2024-10-09,16,児島,一般,２３１　１５３１２３４１,2021-10-27,2021-11-01,16,児島,一般,３　４２２１３６６５２３,2017-01-14,2017-01-19,16,児島,一般,２４６　１転３　３　４６,2016-08-02,2016-08-07,16,児島,一般,６　５２落　２１６６６,4530,小野 生奈,2026-01-14,2026-01-19,16,児島,一般,２５１１２　１４２６１２,2024-01-17,2024-01-22,16,児島,一般,１１１　５５２３３５３３,2019-10-22,2019-10-27,16,児島,ＳＧ,６６６　５　６２３　６,2019-05-11,2019-05-16,16,児島,一般,１５１２３３１１２６１２,2019-03-05,2019-03-10,16,児島,ＧⅡ,２　５３２　１１３　４１,4109,谷津 幸宏,2024-06-06,2024-06-11,16,児島,一般,１６２５６　３２５１[４],2023-11-02,2023-11-07,16,児島,一般,１１４　３２１６１４１６,2023-02-14,2023-02-19,16,児島,一般,１　２１３１３３５４５２,2019-05-30,2019-06-04,16,児島,ＧⅠ,５　２　６６４　３３２,2019-02-05,2019-02-10,16,児島,一般,６６１　１１１５３４３１,4441,末永 由楽,2026-05-02,2026-05-07,16,児島,一般,４１５　３５３　３１３,2026-03-27,2026-03-31,16,児島,一般,１　４６１４１５１４,2026-01-06,2026-01-11,16,児島,一般,２１３３１１１　２３３１,2025-08-16,2025-08-21,16,児島,一般,６　４１１３４２１６２６,2025-07-01,2025-07-06,16,児島,ＧⅡ,３５５　２　F３６　６
202607031606,2026-07-03,16,06R,4809,外崎 悟,2023-10-02,2023-10-07,16,児島,一般,１１２　４１３４３６２５,2022-02-10,2022-02-14,16,児島,一般,１１３２４３２１[１],2019-10-08,2019-10-13,16,児島,一般,４　１５２３４３１６３４,,,,,,,,,,,,,4980,佐々木 完太,2026-03-02,2026-03-07,16,児島,ＧⅠ,２６１　６　２５４２２,2025-06-01,2025-06-05,16,児島,一般,２４３１３２１３３１,2025-01-26,2025-01-31,16,児島,一般,１６５３２　１１１４１３,2024-12-18,2024-12-23,16,児島,一般,　　　　　　　　　　１２,2024-07-02,2024-07-07,16,児島,ＧⅡ,１４１　２４３　４　２F,4446,和田 兼輔,2024-06-06,2024-06-11,16,児島,一般,２　３４４１１４３３２１,2022-11-24,2022-11-28,16,児島,一般,２　１５３４１３１２,2022-08-30,2022-09-04,16,児島,ＧⅡ,１３４２１　２　４　２３,2019-05-30,2019-06-04,16,児島,ＧⅠ,４　４４５　６　２５３,2016-10-08,2016-10-13,16,児島,一般,３　１４３２１５１２[６],4659,木下 翔太,2024-04-13,2024-04-18,16,児島,一般,３２４　１６１１３２[５],2023-10-23,2023-10-28,16,児島,一般,３２２　２２１１３１[６],2022-08-30,2022-09-04,16,児島,ＧⅡ,１３１　５２２　５　２５,2021-12-19,2021-12-24,16,児島,一般,２２２　３３１４２２[４],2019-10-22,2019-10-27,16,児島,ＳＧ,５　２５１　１３２　[４],3888,山本 英志,2026-03-27,2026-03-31,16,児島,一般,３６１４４　３２５１,2025-08-30,2025-09-04,16,児島,ＧⅢ,４２２　１３５　４５５５,2025-02-10,2025-02-15,16,児島,一般,６４４　１３２　２５５３,2024-01-25,2024-01-29,16,児島,一般,４５１　６４１１６４,2023-06-01,2023-06-06,16,児島,一般,４　１５４６４４３　３４,4042,丸岡 正典,2026-04-12,2026-04-17,16,児島,一般,１４３　１４６５１６１５,2025-08-30,2025-09-04,16,児島,ＧⅢ,６４２３２　１５４２[３],2025-02-19,2025-02-24,16,児島,ＧⅢ,５４２６１　３５４２５１,2024-07-02,2024-07-07,16,児島,ＧⅡ,１　１落,2023-10-11,2023-10-16,16,児島,一般,２２１１４　１２４１[２]
202607031607,2026-07-03,16,07R,5064,品川 二千翔,2026-05-10,2026-05-15,16,児島,一般,２３１　６３１５１３５１,2026-01-29,2026-02-03,16,児島,一般,６　２５５２４　３５３１,2025-08-24,2025-08-27,16,児島,一般,３５６　３４４２,2025-02-19,2025-02-24,16,児島,ＧⅢ,３　３５１１２３３５３４,2024-10-23,2024-10-28,16,児島,一般,３　２３１６５３１３１４,3822,平尾 崇典,2026-05-02,2026-05-07,16,児島,一般,２５３３２　１４２６１５,2026-04-12,2026-04-17,16,児島,一般,２２２２３,2025-12-28,2026-01-02,16,児島,一般,２５１２３　２１３１[２],2025-08-16,2025-08-21,16,児島,一般,１１１　６２２２５２[２],2025-05-02,2025-05-07,16,児島,一般,３５３３３　１１３２[３],4241,大串 重幸,2026-01-21,2026-01-26,16,児島,一般,５　６６２４２２１　３,2025-07-01,2025-07-06,16,児島,ＧⅡ,６　６　３５４　３２５４,2025-02-10,2025-02-15,16,児島,一般,３　１４転５,2024-12-07,2024-12-12,16,児島,一般,２２２　３３４２３４２４,2024-05-20,2024-05-25,16,児島,一般,２１２　４６３５２　６２,4477,篠崎 仁志,2025-05-18,2025-05-23,16,児島,一般,４６３　１１１１６１[３],2023-07-18,2023-07-23,16,児島,ＳＧ,２３１　２　４３６　１３,2023-05-09,2023-05-14,16,児島,ＧⅠ,６　３１３１４　２　[３],2022-10-16,2022-10-21,16,児島,ＧⅠ,６　２１３　２３６　３６,2021-10-09,2021-10-14,16,児島,ＧⅠ,６６３　４５６,4227,安達 裕樹,2025-07-01,2025-07-06,16,児島,ＧⅡ,５２１　５５４　３２２,2024-04-04,2024-04-09,16,児島,ＧⅠ,４　３５３　２３１３６６,2023-08-23,2023-08-28,16,児島,一般,３３４１１　１５２１[４],2023-07-05,2023-07-10,16,児島,ＧⅢ,１５２１３　５１１F２,2018-03-04,2018-03-08,16,児島,一般,５２１１３１２１[２],4886,入海 馨,2026-03-02,2026-03-07,16,児島,ＧⅠ,５２２　３２５　３　１６,2025-08-24,2025-08-27,16,児島,一般,２４２１１５１２,2025-07-01,2025-07-06,16,児島,ＧⅡ,３３６　３　１４５１３,2025-05-10,2025-05-15,16,児島,一般,４１２　２２２１３１[１],2024-10-04,2024-10-09,16,児島,一般,１２１１３　４６２F３
202607031608,2026-07-03,16,08R,4539,金子 賢志,2022-08-22,2022-08-26,16,児島,一般,２　１２３１４１[６],2018-02-24,2018-02-28,16,児島,一般,５１２　１６１３１３,2016-11-22,2016-11-27,16,児島,一般,５１６　４６１　６　６３,2016-03-01,2016-03-06,16,児島,一般,３　２６４６３３３　１３,2014-07-05,2014-07-08,16,児島,一般,２６２５４　４１,4370,山口 達也,2026-05-02,2026-05-07,16,児島,一般,６２２１３　１１６１[３],2026-03-02,2026-03-07,16,児島,ＧⅠ,６６６　６　１６１　２６,2025-12-28,2026-01-02,16,児島,一般,３２２１４　１３３６２２,2025-08-16,2025-08-21,16,児島,一般,４１２２５　１２１３４１,2025-07-01,2025-07-06,16,児島,ＧⅡ,４１５　１　４６５４５,4704,河野 大,2026-04-23,2026-04-28,16,児島,一般,４４２　２１５５６６２２,2026-02-15,2026-02-20,16,児島,一般,５３４　１２２２３５１２,2024-10-23,2024-10-28,16,児島,一般,４　４２５４４３４２６４,2024-05-29,2024-06-03,16,児島,一般,１２４３２３２　１４１６,2024-01-25,2024-01-29,16,児島,一般,２１１　５４２３２１,4959,井上 忠政,2026-03-02,2026-03-07,16,児島,ＧⅠ,３４３　１　６５２６３,2025-06-23,2025-06-28,16,児島,一般,２３２１１　１１２１[１],2024-06-06,2024-06-11,16,児島,一般,２２６１２　３１２２[５],2024-02-20,2024-02-25,16,児島,一般,１１４２２　１１１１[１],2023-09-01,2023-09-06,16,児島,一般,２３５２１２２　３落,4409,坂元 浩仁,2026-01-29,2026-02-03,16,児島,一般,３２２　２１１３４１[１],2025-06-01,2025-06-05,16,児島,一般,１３４５３　５１２１,2024-10-23,2024-10-28,16,児島,一般,５２５６３　４２２３５２,2023-08-23,2023-08-28,16,児島,一般,１３４４６３１　２１１３,2020-09-04,2020-09-10,16,児島,一般,２１２２１５４　３２[６],5217,藤原 碧生,2026-05-02,2026-05-07,16,児島,一般,３４２　４３３３１１[２],2026-03-02,2026-03-07,16,児島,ＧⅠ,１　３５３　１　１　[６],2025-07-10,2025-07-15,16,児島,一般,F１２　３　３　４　３,2025-06-07,2025-06-11,16,児島,一般,１４３４３６１５３３,2025-05-02,2025-05-07,16,児島,一般,６１４　３６２３２　１１
202607031609,2026-07-03,16,09R,4715,村上 遼,2023-12-10,2023-12-15,16,児島,一般,５３５５３２３　２４４１,2022-12-13,2022-12-18,16,児島,一般,４４５欠,2022-04-17,2022-04-21,16,児島,一般,１５５２６１１１[６],2020-12-15,2020-12-20,16,児島,一般,４１１５３　１５３６１落,2018-09-15,2018-09-20,16,児島,一般,５　３５１２３１１６２３,4793,金子 萌,2025-12-22,2025-12-25,16,児島,一般,４６１　３１１２,2025-07-18,2025-07-22,16,児島,一般,１３１４５　４５１６,2025-02-28,2025-03-05,16,児島,一般,６１５４２　２３１５２２,2024-07-02,2024-07-07,16,児島,ＧⅡ,４　３　５５２６４　１６,2024-04-13,2024-04-18,16,児島,一般,１３５３１　１４２２[６],4610,佐藤 大佑,2025-02-03,2025-02-07,16,児島,一般,３４２５５　１３１３,2024-10-13,2024-10-18,16,児島,一般,１　１１１４３４１２[１],2024-07-02,2024-07-07,16,児島,ＧⅡ,６　１３６　１２５　F５,2024-03-10,2024-03-15,16,児島,一般,１４１２１２２　３１[３],2023-09-21,2023-09-24,16,児島,一般,３４１１２転４６,4963,實森 美祐,2026-04-12,2026-04-17,16,児島,一般,１２２３２　２５２３３１,2025-06-07,2025-06-11,16,児島,一般,２１１１１３５４１２,2025-01-17,2025-01-22,16,児島,一般,１　２３２２３１５１[１],2023-03-05,2023-03-09,16,児島,一般,６６４　１５３　６５,2023-01-27,2023-01-31,16,児島,一般,２２６　１１２２[３],5058,前原 大道,2026-05-10,2026-05-15,16,児島,一般,４１３　１１１１５１[１],2025-12-28,2026-01-02,16,児島,一般,６３１１３１１　１２[１],2025-08-16,2025-08-21,16,児島,一般,４５６１３　２３５　２１,2025-07-01,2025-07-06,16,児島,ＧⅡ,１５５　２２１　２　[２],2025-05-02,2025-05-07,16,児島,一般,２２１　１３２６４４２１,4643,近江 翔吾,2026-03-27,2026-03-31,16,児島,一般,１３１２２３２１[１],2025-08-08,2025-08-13,16,児島,一般,３４２１３　１６３２[４],2024-11-01,2024-11-05,16,児島,一般,２２４２２１２５３１,2024-04-04,2024-04-09,16,児島,ＧⅠ,４　５３３　F１５　５,2024-03-02,2024-03-07,16,児島,一般,１２５１１　１５１１[３]
202607031610,2026-07-03,16,10R,4109,谷津 幸宏,2024-06-06,2024-06-11,16,児島,一般,１６２５６　３２５１[４],2023-11-02,2023-11-07,16,児島,一般,１１４　３２１６１４１６,2023-02-14,2023-02-19,16,児島,一般,１　２１３１３３５４５２,2019-05-30,2019-06-04,16,児島,ＧⅠ,５　２　６６４　３３２,2019-02-05,2019-02-10,16,児島,一般,６６１　１１１５３４３１,3874,山本 寛久,2026-05-02,2026-05-07,16,児島,一般,１　２２３４２２４５１３,2025-12-28,2026-01-02,16,児島,一般,３　２転６６５欠,2025-08-16,2025-08-21,16,児島,一般,１　１１３１３３１１[５],2025-07-01,2025-07-06,16,児島,ＧⅡ,６４１　６　３３２３６,2025-05-02,2025-05-07,16,児島,一般,４　２１６５５２１　３,4856,豊田 健士郎,2026-03-02,2026-03-07,16,児島,ＧⅠ,１　２６３　５　１３２６,2023-05-09,2023-05-14,16,児島,ＧⅠ,３　５６６　２　４６１,2021-05-08,2021-05-11,16,児島,一般,１３６２３３３１,2018-08-28,2018-09-02,16,児島,一般,３６１２４　２転１６２５,2017-09-28,2017-10-03,16,児島,一般,６　４４６　２６６　２５,4452,松尾 祭,2026-04-12,2026-04-17,16,児島,一般,４６４　４６２,2025-06-23,2025-06-28,16,児島,一般,１　１３３４２２５４１４,2025-01-26,2025-01-31,16,児島,一般,１４６４３　３２１２[４],2024-05-29,2024-06-03,16,児島,一般,３１２６４３１　２６１５,2023-10-02,2023-10-07,16,児島,一般,１　４１２６２５２５３３,4762,藤原 啓史朗,2026-05-02,2026-05-07,16,児島,一般,１３１４５１１　３２[５],2026-03-02,2026-03-07,16,児島,ＧⅠ,２３６　２３５　１２４,2025-12-28,2026-01-02,16,児島,一般,６４２３２１２　１３３１,2025-08-16,2025-08-21,16,児島,一般,４１１３２１１　２１[３],2025-07-18,2025-07-22,16,児島,一般,４１２４１４２５１,4531,武富 智亮,2025-12-17,2025-12-20,16,児島,一般,４６４２３４１１,2025-05-25,2025-05-29,16,児島,一般,３３３　１３５５F２,2025-02-10,2025-02-15,16,児島,一般,４　２６１４３２５３１１,2024-01-25,2024-01-29,16,児島,一般,２５２　１２４６１３,2023-11-02,2023-11-07,16,児島,一般,３　１４２６３２２２[１]
202607031611,2026-07-03,16,11R,4446,和田 兼輔,2024-06-06,2024-06-11,16,児島,一般,２　３４４１１４３３２１,2022-11-24,2022-11-28,16,児島,一般,２　１５３４１３１２,2022-08-30,2022-09-04,16,児島,ＧⅡ,１３４２１　２　４　２３,2019-05-30,2019-06-04,16,児島,ＧⅠ,４　４４５　６　２５３,2016-10-08,2016-10-13,16,児島,一般,３　１４３２１５１２[６],4052,興津 藍,2024-07-02,2024-07-07,16,児島,ＧⅡ,４　４２３　４６４　３３,2023-12-19,2023-12-24,16,児島,一般,２２１５１　１２２１[４],2023-04-23,2023-04-27,16,児島,一般,４　１６６５３６１３,2023-01-27,2023-01-31,16,児島,一般,３１１５３　１３２４,2022-08-30,2022-09-04,16,児島,ＧⅡ,２５１　３３５　６　２６,5142,常住 蓮,2025-12-17,2025-12-20,16,児島,一般,２４２１１１[２],2025-07-10,2025-07-15,16,児島,一般,２３２１２　１２２５３２,2025-01-07,2025-01-12,16,児島,一般,４　３１１２４４１１[３],2024-07-30,2024-08-04,16,児島,一般,２５２１２１４　３４１２,2024-02-20,2024-02-25,16,児島,一般,１　２４１５３２１３２１,4933,板橋 侑我,2024-07-02,2024-07-07,16,児島,ＧⅡ,６５６　３６,2024-04-04,2024-04-09,16,児島,ＧⅠ,６６２　５　１６６３６,2023-04-12,2023-04-17,16,児島,一般,３２６　３１３５１５４４,2022-08-30,2022-09-04,16,児島,ＧⅡ,５　１２１　６３５　４５,2019-06-09,2019-06-14,16,児島,一般,１　４３４２４１１６１６,4544,松田 大志郎,2023-03-05,2023-03-09,16,児島,一般,４３２１４３１５４２,2022-12-03,2022-12-08,16,児島,一般,３２１　３１１３１１[１],2022-07-13,2022-07-17,16,児島,一般,６６１５,2021-12-19,2021-12-24,16,児島,一般,３５３１４　１２３２[３],2021-11-18,2021-11-23,16,児島,一般,２１４　４２２F,4925,森 悠稀,2026-04-04,2026-04-09,16,児島,一般,２４３５５　１２４　３３,2025-07-01,2025-07-06,16,児島,ＧⅡ,５　４　３３３　６４４４,2023-09-21,2023-09-24,16,児島,一般,１　３６３５２６,2022-12-13,2022-12-18,16,児島,一般,１１２４１　３５１６４５,2022-06-22,2022-06-27,16,児島,一般,１４３　５５５　欠欠
202607031612,2026-07-03,16,12R,4477,篠崎 仁志,2025-05-18,2025-05-23,16,児島,一般,４６３　１１１１６１[３],2023-07-18,2023-07-23,16,児島,ＳＧ,２３１　２　４３６　１３,2023-05-09,2023-05-14,16,児島,ＧⅠ,６　３１３１４　２　[３],2022-10-16,2022-10-21,16,児島,ＧⅠ,６　２１３　２３６　３６,2021-10-09,2021-10-14,16,児島,ＧⅠ,６６３　４５６,4850,野中 一平,2025-06-23,2025-06-28,16,児島,一般,１４１２１１２　２３２２,2023-06-20,2023-06-25,16,児島,一般,５４１　２１２５５２[４],2022-08-22,2022-08-26,16,児島,一般,４４１３４１２３１３,2022-06-22,2022-06-27,16,児島,一般,２２１　６２３４２２[４],2022-01-20,2022-01-25,16,児島,一般,４３２３２　１６２１[３],5075,中島 秀治,2025-05-25,2025-05-29,16,児島,一般,２６４１２４１４５５,2024-04-13,2024-04-18,16,児島,一般,４２２　１５３４４２１２,2024-02-20,2024-02-25,16,児島,一般,２４３４１６５　４５４２,2022-12-13,2022-12-18,16,児島,一般,３４３６６　５６２１４６,2020-03-16,2020-03-21,16,児島,一般,５　３６４　６６６　５６,4939,宮之原 輝紀,2026-03-02,2026-03-07,16,児島,ＧⅠ,４１３　４　６４６５４,2025-06-01,2025-06-05,16,児島,一般,２１１３１１３１[１],2023-10-02,2023-10-07,16,児島,一般,２２１１２　１１１２[３],2022-06-22,2022-06-27,16,児島,一般,３１２１２　１１１２[２],2021-01-25,2021-01-30,16,児島,一般,３３２２１１２２３１[３],4908,上田 龍星,2025-05-25,2025-05-29,16,児島,一般,１２２３２３１６５４,2023-05-09,2023-05-14,16,児島,ＧⅠ,２　１　４５１　F　６,2022-08-30,2022-09-04,16,児島,ＧⅡ,４　４１５１４　５４２,2022-01-20,2022-01-25,16,児島,一般,２１１１３　１１１１[１],2021-01-25,2021-01-30,16,児島,一般,３５３１２１１２４５１３,4980,佐々木 完太,2026-03-02,2026-03-07,16,児島,ＧⅠ,２６１　６　２５４２２,2025-06-01,2025-06-05,16,児島,一般,２４３１３２１３３１,2025-01-26,2025-01-31,16,児島,一般,１６５３２　１１１４１３,2024-12-18,2024-12-23,16,児島,一般,　　　　　　　　　　１２,2024-07-02,2024-07-07,16,児島,ＧⅡ,１４１　２４３　４　２F
202607031901,2026-07-03,19,01R,4054,福嶋 智之,2025-08-30,2025-09-02,19,下関,一般,２　６２３１５４,2024-09-20,2024-09-25,19,下関,一般,２　２６１５２　３６１６,2024-07-03,2024-07-07,19,下関,一般,６５２　４２５　５５,2024-02-26,2024-03-01,19,下関,一般,６５３５２　５４４,2023-07-07,2023-07-13,19,下関,一般,２　２６３４４　６６２　４２,4158,木場 雄二郎,2026-06-12,2026-06-17,19,下関,一般,１６３　６５５　５２１,2026-04-29,2026-05-04,19,下関,一般,５５３　１６６　４　５４,2026-02-17,2026-02-22,19,下関,一般,４　１４３６４　２　３５,2025-12-28,2026-01-02,19,下関,一般,１３３３１　４６１５２２,2025-08-10,2025-08-15,19,下関,一般,２４５　１６２　２４２１,5102,原田 雄次,2026-02-10,2026-02-14,19,下関,一般,６６６　４６６　４,2025-07-01,2025-07-06,19,下関,一般,３４４　転１６　６３６,2025-02-21,2025-02-25,19,下関,一般,２４２３３　２３１３,2025-01-31,2025-02-03,19,下関,一般,４　３５５６１,2024-05-31,2024-06-03,19,下関,一般,３　６４２　６６,5337,出畑 孝成,2025-04-05,2025-04-10,19,下関,一般,６　５５５　４６６　５５,,,,,,,,,,,,,,,,,,,,,,,,,3891,谷口 健一,2026-03-14,2026-03-17,19,下関,一般,４　４６４　６１,2024-05-31,2024-06-03,19,下関,一般,５　５６３　２５,2024-01-29,2024-02-04,19,下関,一般,５　５５２　２６５　６３１,2022-05-29,2022-06-04,19,下関,一般,６　６５４　６６,2021-04-07,2021-04-10,19,下関,一般,４６６　６　４３,4563,齋藤 真之,2026-01-23,2026-01-26,19,下関,一般,５３４　１２１６,2025-10-11,2025-10-14,19,下関,一般,５５５　５　５２,2025-02-21,2025-02-25,19,下関,一般,５　３６４　１２５６,2024-12-02,2024-12-05,19,下関,一般,６　４６５　５４,2024-05-01,2024-05-04,19,下関,一般,６４２　５６１
202607031902,2026-07-03,19,02R,4562,阪本 勇介,2025-05-21,2025-05-25,19,下関,一般,５　５４２　６５２５,2024-05-31,2024-06-03,19,下関,一般,４４５５１　５１,2023-07-07,2023-07-13,19,下関,一般,４４１　４６３６６　１３１６,2022-02-06,2022-02-09,19,下関,一般,３２１４４４６２,2021-03-15,2021-03-21,19,下関,一般,２４１　５　４４５６２　５３,3860,松本 浩貴,2025-08-30,2025-09-02,19,下関,一般,１６２　１４３６,2019-11-25,2019-11-28,19,下関,一般,４４１　２６１３,2018-10-07,2018-10-12,19,下関,一般,１５４４４　４５４　２４,2014-02-20,2014-02-23,19,下関,一般,１６３不６１３,2012-06-02,2012-06-07,19,下関,一般,５３５　２３１５２　４,5186,遠藤 圭吾,2024-02-11,2024-02-14,19,下関,一般,３　６６４６５６,,,,,,,,,,,,,,,,,,,,,,,,,5179,藤本 元輝,2023-12-04,2023-12-09,19,下関,一般,６６３　６３１　２４３２,2021-11-28,2021-12-03,19,下関,一般,６　６６５　６　６６６６,2021-09-08,2021-09-12,19,下関,一般,６　６６６　６６５,2021-07-12,2021-07-18,19,下関,一般,６　６　５６６６６　６５６,,,,,,,4176,樋口 喜彦,2025-03-29,2025-04-01,19,下関,一般,６　５６６　６３,2023-08-31,2023-09-06,19,下関,一般,５　６５５　３３６　２　６１,2023-04-10,2023-04-15,19,下関,一般,６　５６６６６,2022-05-29,2022-06-04,19,下関,一般,６　４６６　２２６　５６６,2020-01-27,2020-01-30,19,下関,一般,５３２６６　２６,4296,岡崎 恭裕,2025-10-28,2025-11-02,19,下関,ＧⅡ,６２１　４４６　５６３,2025-07-27,2025-07-31,19,下関,一般,１３２３３１３１[１],2025-03-02,2025-03-05,19,下関,一般,　　１６２４[２],2021-12-06,2021-12-10,19,下関,一般,２２１１転欠,2020-10-26,2020-11-01,19,下関,一般,１２１　３１２２２２４１[１]
202607031903,2026-07-03,19,03R,4656,大崎 翔,2024-12-28,2025-01-03,19,下関,一般,６　１３２６４　１６２　３５,2023-01-06,2023-01-09,19,下関,一般,３６２　４４１４,2022-01-17,2022-01-23,19,下関,一般,３５４　２３６６５　６　１,2020-09-21,2020-09-25,19,下関,一般,４２３　２４１５１５,2019-11-16,2019-11-22,19,下関,一般,３５落　５５２　１　２６４４,5158,宮脇 遼太,2026-01-09,2026-01-14,19,下関,一般,１６１５４　４　４５,2025-10-28,2025-11-02,19,下関,ＧⅡ,６　６５５　４　３３転,2025-04-05,2025-04-10,19,下関,一般,１　１４５４１　１２[３],2024-08-05,2024-08-09,19,下関,一般,２６２　４　４３２１,2024-05-26,2024-05-29,19,下関,一般,３４２　２４２５,4846,佐藤 駿介,2026-04-29,2026-05-04,19,下関,一般,６２２　１４６６５　５,2026-02-10,2026-02-14,19,下関,一般,５　５２５　４３２６,2025-12-18,2025-12-24,19,下関,一般,２５５　６６５　４　４６５,2025-04-26,2025-04-30,19,下関,一般,３２４　３６２３２,2025-01-21,2025-01-26,19,下関,ＧⅢ,５６６　２６６　６２５,4674,池田 剛規,2025-07-17,2025-07-20,19,下関,一般,２　３６３１１,2025-03-07,2025-03-11,19,下関,一般,６４３　５　５５１３,2024-10-21,2024-10-26,19,下関,一般,２　６４１　２１２５２３,2023-02-18,2023-02-22,19,下関,一般,２３２　５２２６４４,2022-12-19,2022-12-25,19,下関,ＧⅢ,３　３６２　２３２４５４,4587,木田 峰由季,2026-02-25,2026-03-02,19,下関,ＧⅢ,４１４　４５６５５１４２,2023-07-07,2023-07-13,19,下関,一般,５６４　１３３６５　２６１４,2022-10-01,2022-10-06,19,下関,一般,５　５３１６５　１,2018-04-24,2018-04-28,19,下関,一般,６６４　６４１　３２,2015-01-10,2015-01-15,19,下関,一般,５　２１,5237,永松 良教,2023-08-04,2023-08-09,19,下関,一般,６　６６５　５６６　６６,,,,,,,,,,,,,,,,,,,,,,,,
202607031904,2026-07-03,19,04R,5262,鈴木 章司,2024-04-04,2024-04-08,19,下関,一般,６５５６６　３　５６,,,,,,,,,,,,,,,,,,,,,,,,,5308,藤森 拓海,2025-06-23,2025-06-27,19,下関,一般,６　６５５　２５１６,2024-08-20,2024-08-26,19,下関,一般,６　６６４　５６３４５　６４,,,,,,,,,,,,,,,,,,,4926,吉川 貴仁,2026-01-04,2026-01-07,19,下関,一般,１１２１１１[１],2021-11-28,2021-12-03,19,下関,一般,３１１　２２２１５１[６],2020-12-18,2020-12-23,19,下関,一般,２６５　３２５２１５４５,2020-09-05,2020-09-11,19,下関,一般,６６６　２　１２４　６３,2019-07-29,2019-08-02,19,下関,一般,２４５１２　３転３２,4797,中山 将,2026-03-19,2026-03-23,19,下関,一般,３６４１１３３２[６],2025-10-28,2025-11-02,19,下関,ＧⅡ,６　２　５２４４１　３,2025-03-07,2025-03-11,19,下関,一般,４２４　４　２２３１,2024-03-30,2024-04-02,19,下関,一般,４転,2024-01-29,2024-02-04,19,下関,一般,４４１１４４１　６６２６３６,5311,小林 京平,2026-05-21,2026-05-24,19,下関,一般,５４４　１５１２,2026-02-10,2026-02-14,19,下関,一般,２４１　３３１４３２,2025-09-04,2025-09-07,19,下関,一般,１５１転６　１,2025-06-13,2025-06-16,19,下関,一般,３３５　４２３,2025-01-21,2025-01-26,19,下関,ＧⅢ,　　　　　　　　　　６６,3952,中澤 和志,2025-07-17,2025-07-20,19,下関,一般,１２１１２３２１,2024-03-30,2024-04-02,19,下関,一般,１３３３２１[２],2020-08-25,2020-08-30,19,下関,ＳＧ,５　２４２　２　５　１５,2019-06-06,2019-06-12,19,下関,一般,４４２４３２１　３４６４２３,2018-10-26,2018-10-31,19,下関,ＧⅢ,１１１妨１　１３５　１２
202607031905,2026-07-03,19,05R,4033,伊藤 将吉,2024-10-16,2024-10-19,19,下関,一般,４６２２１３４２,2023-04-10,2023-04-15,19,下関,一般,３２１　１５３１４１[５],2022-03-26,2022-03-31,19,下関,ＧⅠ,５　１４５　４５５４２,2018-06-21,2018-06-24,19,下関,一般,１６３５５５１２,2017-05-08,2017-05-14,19,下関,一般,１４１１１　１６１１１１[２],4395,下河 雅史,2025-08-30,2025-09-02,19,下関,一般,３６１４３６５５,2025-01-31,2025-02-03,19,下関,一般,１　３３５３１３,2024-06-14,2024-06-18,19,下関,一般,４４４３３　１２２,2024-03-30,2024-04-02,19,下関,一般,６２５４２　４６,2022-11-09,2022-11-15,19,下関,一般,妨,4336,松田 竜馬,2026-04-29,2026-05-04,19,下関,一般,３　５４６６３　３　３２,2025-10-11,2025-10-14,19,下関,一般,１　４３２４１２,2023-05-09,2023-05-15,19,下関,一般,３　２４１６５　５６４６５６,2021-06-14,2021-06-18,19,下関,一般,３３４５１　１４１３,2020-07-26,2020-07-31,19,下関,一般,３２６２１　３６２５５６,3792,田中 豪,2025-09-20,2025-09-24,19,下関,一般,６１４５４　４　４,2017-06-26,2017-07-01,19,下関,一般,２４２１１２１１１２[２],2016-06-04,2016-06-09,19,下関,一般,２６１１５５１２２５１転,2015-12-23,2015-12-27,19,下関,一般,２４６１４２１４２４,2015-05-23,2015-05-28,19,下関,一般,１３２２１　１１２１[１],4327,加藤 翔,2020-05-11,2020-05-17,19,下関,一般,４　４４１　３５６６３　５６,2015-03-14,2015-03-19,19,下関,一般,３１６２２　６５１　４４,2014-05-24,2014-05-28,19,下関,一般,５６５　３４６　１５,2012-07-15,2012-07-20,19,下関,一般,５　３１６４１１２４２６,2009-07-18,2009-07-22,19,下関,一般,６　５４F３４　４２,4090,中村 尊,2024-10-30,2024-11-02,19,下関,一般,６１３２３６１３,2024-06-20,2024-06-25,19,下関,一般,２５１　１１１２４１[４],2024-02-11,2024-02-14,19,下関,一般,４３１　転６１４,2018-09-18,2018-09-22,19,下関,一般,６　１５５４５２５２,2018-05-25,2018-05-30,19,下関,一般,５　３　５１６　５３５２
202607031906,2026-07-03,19,06R,5049,松井 友汰,2024-09-09,2024-09-14,19,下関,一般,２　４４５３３２６２２,2021-10-20,2021-10-25,19,下関,一般,４６不,,,,,,,,,,,,,,,,,,,4380,鈴木 峻佑,2023-12-12,2023-12-18,19,下関,一般,１６５　６５５　５　５５,2023-04-10,2023-04-15,19,下関,一般,２４５　３３１　１５３５,2020-05-06,2020-05-09,19,下関,一般,３４F６６　６,2017-06-17,2017-06-22,19,下関,一般,４　３３３　３３４６２６,2015-11-07,2015-11-11,19,下関,一般,６６５　３　２５１,4138,中井 俊祐,2024-09-03,2024-09-06,19,下関,一般,４５４　１５１３,2023-06-29,2023-07-02,19,下関,一般,３　３２５６４４,2020-02-04,2020-02-07,19,下関,一般,３　２６６,2019-05-10,2019-05-15,19,下関,一般,３４転　３６４　１５４４,2018-04-24,2018-04-28,19,下関,一般,２２４　３６４４３５,4302,西野 翔太,2025-11-09,2025-11-14,19,下関,一般,６２１　２２２２１１[５],2025-07-17,2025-07-20,19,下関,一般,６１２１５４５３,2024-11-27,2024-11-30,19,下関,一般,２２３３１２[２],2024-05-31,2024-06-03,19,下関,一般,６１３２２６２３,2022-12-28,2023-01-03,19,下関,一般,１３２２２　３１５１２１[６],4796,春園 功太,2023-08-31,2023-09-06,19,下関,一般,２１１　２４３６４６,2019-06-06,2019-06-12,19,下関,一般,５１６　６２５　２１２　４３,2018-06-21,2018-06-24,19,下関,一般,４２２３１１[４],2017-04-01,2017-04-07,19,下関,一般,５３２　５６２　１４３　１２,,,,,,,5337,出畑 孝成,2025-04-05,2025-04-10,19,下関,一般,６　５５５　４６６　５５,,,,,,,,,,,,,,,,,,,,,,,,
202607031907,2026-07-03,19,07R,5315,,,,,,,,,,,,,,,,,,,,,,,,,,,,,,,,4173,岡谷 健吾,2025-12-18,2025-12-24,19,下関,一般,５５１　２６２　６５５　５,2025-03-07,2025-03-11,19,下関,一般,４３６　１６５　６２,2024-09-20,2024-09-25,19,下関,一般,６　２４６３１４３３４５,2024-06-14,2024-06-18,19,下関,一般,４６２　３２４２[６],2024-05-31,2024-06-03,19,下関,一般,１　５２F５２,4051,清水 敦揮,2026-01-29,2026-02-03,19,下関,ＧⅠ,１６３　４　３３４３２,2025-08-21,2025-08-24,19,下関,一般,１３４３３６１４,2025-05-21,2025-05-25,19,下関,一般,４６１３６　３１３３,2024-10-30,2024-11-02,19,下関,一般,１４２３４１[４],2024-09-03,2024-09-06,19,下関,一般,５２２３４４３２,4683,向井田 直弥,2026-02-10,2026-02-14,19,下関,一般,６　５　４５１３転６,2024-10-03,2024-10-07,19,下関,一般,６　３２F６６　６,2024-02-11,2024-02-14,19,下関,一般,２２３３１４転２,2022-11-09,2022-11-15,19,下関,一般,１５５　２５４　５３３　２５,2022-08-15,2022-08-19,19,下関,一般,４６６　５　１４６５,4533,峰重 侑治,2026-01-18,2026-01-21,19,下関,一般,３４４　４１３,2025-06-13,2025-06-16,19,下関,一般,４４２　６５５,2025-03-29,2025-04-01,19,下関,一般,２　３４１４３２,2024-11-27,2024-11-30,19,下関,一般,３６２　３２１５,2024-06-14,2024-06-18,19,下関,一般,６　１３５６３５４２,3961,谷村 一哉,2026-04-29,2026-05-04,19,下関,一般,１３２　３１２４３２[３],2026-03-19,2026-03-23,19,下関,一般,　　　　３５３４２１,2026-01-18,2026-01-21,19,下関,一般,１　３５１６１２,2025-05-29,2025-06-03,19,下関,一般,１　１２２５５４１４３１,2025-02-21,2025-02-25,19,下関,一般,１４４３６　５欠
202607031908,2026-07-03,19,08R,4306,畔柳 俊吾,2025-09-04,2025-09-07,19,下関,一般,２　５２１６２５,2024-12-02,2024-12-05,19,下関,一般,５５４　６　６,2024-06-20,2024-06-25,19,下関,一般,２３３　５４６　４４４,2024-04-04,2024-04-08,19,下関,一般,６６４２３　５６４,2024-02-11,2024-02-14,19,下関,一般,５１５５４４３,3297,藤丸 光一,2023-12-12,2023-12-18,19,下関,一般,１３４　１４３　６５２４,2023-10-21,2023-10-25,19,下関,一般,１　１３３　２４３２,2023-07-24,2023-07-27,19,下関,一般,２　２６４２４３,2023-04-10,2023-04-15,19,下関,一般,６４３　２４４　４４２５,2022-06-25,2022-06-30,19,下関,一般,４６３　２３５　５４１,4121,富永 修一,2025-07-17,2025-07-20,19,下関,一般,４４１　１５１２,2023-06-03,2023-06-09,19,下関,一般,６３４　２６１４３　１６３５,2023-04-10,2023-04-15,19,下関,一般,４２１　４４４２４６２３,2020-11-10,2020-11-13,19,下関,一般,６２５　４　５３,2020-04-13,2020-04-17,19,下関,一般,１５１５６　４　３１,4563,齋藤 真之,2026-01-23,2026-01-26,19,下関,一般,５３４　１２１６,2025-10-11,2025-10-14,19,下関,一般,５５５　５　５２,2025-02-21,2025-02-25,19,下関,一般,５　３６４　１２５６,2024-12-02,2024-12-05,19,下関,一般,６　４６５　５４,2024-05-01,2024-05-04,19,下関,一般,６４２　５６１,4158,木場 雄二郎,2026-06-12,2026-06-17,19,下関,一般,１６３　６５５　５２１,2026-04-29,2026-05-04,19,下関,一般,５５３　１６６　４　５４,2026-02-17,2026-02-22,19,下関,一般,４　１４３６４　２　３５,2025-12-28,2026-01-02,19,下関,一般,１３３３１　４６１５２２,2025-08-10,2025-08-15,19,下関,一般,２４５　１６２　２４２１,5179,藤本 元輝,2023-12-04,2023-12-09,19,下関,一般,６６３　６３１　２４３２,2021-11-28,2021-12-03,19,下関,一般,６　６６５　６　６６６６,2021-09-08,2021-09-12,19,下関,一般,６　６６６　６６５,2021-07-12,2021-07-18,19,下関,一般,６　６　５６６６６　６５６,,,,,,
202607031909,2026-07-03,19,09R,3952,中澤 和志,2025-07-17,2025-07-20,19,下関,一般,１２１１２３２１,2024-03-30,2024-04-02,19,下関,一般,１３３３２１[２],2020-08-25,2020-08-30,19,下関,ＳＧ,５　２４２　２　５　１５,2019-06-06,2019-06-12,19,下関,一般,４４２４３２１　３４６４２３,2018-10-26,2018-10-31,19,下関,ＧⅢ,１１１妨１　１３５　１２,4296,岡崎 恭裕,2025-10-28,2025-11-02,19,下関,ＧⅡ,６２１　４４６　５６３,2025-07-27,2025-07-31,19,下関,一般,１３２３３１３１[１],2025-03-02,2025-03-05,19,下関,一般,　　１６２４[２],2021-12-06,2021-12-10,19,下関,一般,２２１１転欠,2020-10-26,2020-11-01,19,下関,一般,１２１　３１２２２２４１[１],4674,池田 剛規,2025-07-17,2025-07-20,19,下関,一般,２　３６３１１,2025-03-07,2025-03-11,19,下関,一般,６４３　５　５５１３,2024-10-21,2024-10-26,19,下関,一般,２　６４１　２１２５２３,2023-02-18,2023-02-22,19,下関,一般,２３２　５２２６４４,2022-12-19,2022-12-25,19,下関,ＧⅢ,３　３６２　２３２４５４,4926,吉川 貴仁,2026-01-04,2026-01-07,19,下関,一般,１１２１１１[１],2021-11-28,2021-12-03,19,下関,一般,３１１　２２２１５１[６],2020-12-18,2020-12-23,19,下関,一般,２６５　３２５２１５４５,2020-09-05,2020-09-11,19,下関,一般,６６６　２　１２４　６３,2019-07-29,2019-08-02,19,下関,一般,２４５１２　３転３２,5158,宮脇 遼太,2026-01-09,2026-01-14,19,下関,一般,１６１５４　４　４５,2025-10-28,2025-11-02,19,下関,ＧⅡ,６　６５５　４　３３転,2025-04-05,2025-04-10,19,下関,一般,１　１４５４１　１２[３],2024-08-05,2024-08-09,19,下関,一般,２６２　４　４３２１,2024-05-26,2024-05-29,19,下関,一般,３４２　２４２５,4033,伊藤 将吉,2024-10-16,2024-10-19,19,下関,一般,４６２２１３４２,2023-04-10,2023-04-15,19,下関,一般,３２１　１５３１４１[５],2022-03-26,2022-03-31,19,下関,ＧⅠ,５　１４５　４５５４２,2018-06-21,2018-06-24,19,下関,一般,１６３５５５１２,2017-05-08,2017-05-14,19,下関,一般,１４１１１　１６１１１１[２]
202607031910,2026-07-03,19,10R,4090,中村 尊,2024-10-30,2024-11-02,19,下関,一般,６１３２３６１３,2024-06-20,2024-06-25,19,下関,一般,２５１　１１１２４１[４],2024-02-11,2024-02-14,19,下関,一般,４３１　転６１４,2018-09-18,2018-09-22,19,下関,一般,６　１５５４５２５２,2018-05-25,2018-05-30,19,下関,一般,５　３　５１６　５３５２,4796,春園 功太,2023-08-31,2023-09-06,19,下関,一般,２１１　２４３６４６,2019-06-06,2019-06-12,19,下関,一般,５１６　６２５　２１２　４３,2018-06-21,2018-06-24,19,下関,一般,４２２３１１[４],2017-04-01,2017-04-07,19,下関,一般,５３２　５６２　１４３　１２,,,,,,,3792,田中 豪,2025-09-20,2025-09-24,19,下関,一般,６１４５４　４　４,2017-06-26,2017-07-01,19,下関,一般,２４２１１２１１１２[２],2016-06-04,2016-06-09,19,下関,一般,２６１１５５１２２５１転,2015-12-23,2015-12-27,19,下関,一般,２４６１４２１４２４,2015-05-23,2015-05-28,19,下関,一般,１３２２１　１１２１[１],5102,原田 雄次,2026-02-10,2026-02-14,19,下関,一般,６６６　４６６　４,2025-07-01,2025-07-06,19,下関,一般,３４４　転１６　６３６,2025-02-21,2025-02-25,19,下関,一般,２４２３３　２３１３,2025-01-31,2025-02-03,19,下関,一般,４　３５５６１,2024-05-31,2024-06-03,19,下関,一般,３　６４２　６６,5308,藤森 拓海,2025-06-23,2025-06-27,19,下関,一般,６　６５５　２５１６,2024-08-20,2024-08-26,19,下関,一般,６　６６４　５６３４５　６４,,,,,,,,,,,,,,,,,,,5049,松井 友汰,2024-09-09,2024-09-14,19,下関,一般,２　４４５３３２６２２,2021-10-20,2021-10-25,19,下関,一般,４６不,,,,,,,,,,,,,,,,,,
202607031911,2026-07-03,19,11R,3961,谷村 一哉,2026-04-29,2026-05-04,19,下関,一般,１３２　３１２４３２[３],2026-03-19,2026-03-23,19,下関,一般,　　　　３５３４２１,2026-01-18,2026-01-21,19,下関,一般,１　３５１６１２,2025-05-29,2025-06-03,19,下関,一般,１　１２２５５４１４３１,2025-02-21,2025-02-25,19,下関,一般,１４４３６　５欠,4797,中山 将,2026-03-19,2026-03-23,19,下関,一般,３６４１１３３２[６],2025-10-28,2025-11-02,19,下関,ＧⅡ,６　２　５２４４１　３,2025-03-07,2025-03-11,19,下関,一般,４２４　４　２２３１,2024-03-30,2024-04-02,19,下関,一般,４転,2024-01-29,2024-02-04,19,下関,一般,４４１１４４１　６６２６３６,4302,西野 翔太,2025-11-09,2025-11-14,19,下関,一般,６２１　２２２２１１[５],2025-07-17,2025-07-20,19,下関,一般,６１２１５４５３,2024-11-27,2024-11-30,19,下関,一般,２２３３１２[２],2024-05-31,2024-06-03,19,下関,一般,６１３２２６２３,2022-12-28,2023-01-03,19,下関,一般,１３２２２　３１５１２１[６],4051,清水 敦揮,2026-01-29,2026-02-03,19,下関,ＧⅠ,１６３　４　３３４３２,2025-08-21,2025-08-24,19,下関,一般,１３４３３６１４,2025-05-21,2025-05-25,19,下関,一般,４６１３６　３１３３,2024-10-30,2024-11-02,19,下関,一般,１４２３４１[４],2024-09-03,2024-09-06,19,下関,一般,５２２３４４３２,4395,下河 雅史,2025-08-30,2025-09-02,19,下関,一般,３６１４３６５５,2025-01-31,2025-02-03,19,下関,一般,１　３３５３１３,2024-06-14,2024-06-18,19,下関,一般,４４４３３　１２２,2024-03-30,2024-04-02,19,下関,一般,６２５４２　４６,2022-11-09,2022-11-15,19,下関,一般,妨,4054,福嶋 智之,2025-08-30,2025-09-02,19,下関,一般,２　６２３１５４,2024-09-20,2024-09-25,19,下関,一般,２　２６１５２　３６１６,2024-07-03,2024-07-07,19,下関,一般,６５２　４２５　５５,2024-02-26,2024-03-01,19,下関,一般,６５３５２　５４４,2023-07-07,2023-07-13,19,下関,一般,２　２６３４４　６６２　４２
202607031912,2026-07-03,19,12R,4121,富永 修一,2025-07-17,2025-07-20,19,下関,一般,４４１　１５１２,2023-06-03,2023-06-09,19,下関,一般,６３４　２６１４３　１６３５,2023-04-10,2023-04-15,19,下関,一般,４２１　４４４２４６２３,2020-11-10,2020-11-13,19,下関,一般,６２５　４　５３,2020-04-13,2020-04-17,19,下関,一般,１５１５６　４　３１,4336,松田 竜馬,2026-04-29,2026-05-04,19,下関,一般,３　５４６６３　３　３２,2025-10-11,2025-10-14,19,下関,一般,１　４３２４１２,2023-05-09,2023-05-15,19,下関,一般,３　２４１６５　５６４６５６,2021-06-14,2021-06-18,19,下関,一般,３３４５１　１４１３,2020-07-26,2020-07-31,19,下関,一般,３２６２１　３６２５５６,4587,木田 峰由季,2026-02-25,2026-03-02,19,下関,ＧⅢ,４１４　４５６５５１４２,2023-07-07,2023-07-13,19,下関,一般,５６４　１３３６５　２６１４,2022-10-01,2022-10-06,19,下関,一般,５　５３１６５　１,2018-04-24,2018-04-28,19,下関,一般,６６４　６４１　３２,2015-01-10,2015-01-15,19,下関,一般,５　２１,5315,,,,,,,,,,,,,,,,,,,,,,,,,,,,,,,,4306,畔柳 俊吾,2025-09-04,2025-09-07,19,下関,一般,２　５２１６２５,2024-12-02,2024-12-05,19,下関,一般,５５４　６　６,2024-06-20,2024-06-25,19,下関,一般,２３３　５４６　４４４,2024-04-04,2024-04-08,19,下関,一般,６６４２３　５６４,2024-02-11,2024-02-14,19,下関,一般,５１５５４４３,5186,遠藤 圭吾,2024-02-11,2024-02-14,19,下関,一般,３　６６４６５６,,,,,,,,,,,,,,,,,,,,,,,,
202607032001,2026-07-03,20,01R,5209,小野 京平,2025-08-01,2025-08-04,20,若松,一般,５５６　６　５４,2023-08-08,2023-08-15,20,若松,一般,６　５５４５４　転　４５,2023-07-11,2023-07-16,20,若松,一般,２　６３３　２６４６４,2023-04-27,2023-05-02,20,若松,一般,４６６　６　４６５　４６,2022-09-16,2022-09-23,20,若松,一般,６５６　５５６,4226,村田 浩司,2025-08-06,2025-08-12,20,若松,一般,３４３　５３２　２５４３,2024-09-10,2024-09-14,20,若松,一般,６　１４３　４６３,2021-10-14,2021-10-20,20,若松,一般,３　６６１６６６１　２　６２,2020-03-28,2020-04-03,20,若松,一般,２　６５４　４５５４６　３５,2019-12-19,2019-12-25,20,若松,一般,３　４６５　２６４　４　３３,4564,山本 景士郎,2026-04-14,2026-04-19,20,若松,一般,１３４　２４２５６３２３,2025-11-14,2025-11-18,20,若松,一般,６５６　６　３６５,2024-05-07,2024-05-13,20,若松,一般,６　４６１２４４４４１５１６,2024-02-08,2024-02-13,20,若松,一般,６１４　３５５６３２４,2023-12-03,2023-12-09,20,若松,一般,４　３６２　５３３６４　４５,3212,亀本 勇樹,2026-02-08,2026-02-11,20,若松,一般,５　５５１　３６,2025-06-13,2025-06-17,20,若松,一般,４　４３６　６　２,2025-03-12,2025-03-15,20,若松,一般,５　５６２５２６,2024-07-06,2024-07-09,20,若松,一般,５　５６１　３,2023-09-09,2023-09-12,20,若松,一般,５　４１３　４４,5448,,,,,,,,,,,,,,,,,,,,,,,,,,,,,,,,5109,川崎 智稔,2026-02-08,2026-02-11,20,若松,一般,３３４　２５５１,2025-08-06,2025-08-12,20,若松,一般,６　４６６　４４２　３１,2025-05-17,2025-05-20,20,若松,一般,２１２　５２[４],2024-09-10,2024-09-14,20,若松,一般,２　３３２２４１[４],2024-04-01,2024-04-06,20,若松,一般,５　５２４　１２４　４２
202607032002,2026-07-03,20,02R,5350,,,,,,,,,,,,,,,,,,,,,,,,,,,,,,,,4219,本岡 勝利,2026-01-25,2026-01-28,20,若松,一般,５　４４４　５５,2025-09-22,2025-09-25,20,若松,一般,６　３５３５５,2025-04-08,2025-04-12,20,若松,一般,４　１６２５６６,2024-09-10,2024-09-14,20,若松,一般,３４３　３　１５４,2023-12-16,2023-12-22,20,若松,一般,６　３３４５４　５５５６,3282,池本 輝明,2025-05-12,2025-05-15,20,若松,一般,５　４４２　２６,2023-12-03,2023-12-09,20,若松,一般,４　４３６　４４１　６　２３,2023-06-07,2023-06-13,20,若松,一般,５　１６転　５４４５１　６１,2023-03-24,2023-03-27,20,若松,一般,５４３　３６３４,2022-12-12,2022-12-16,20,若松,一般,３４３５３　３１１５,5398,鐘ヶ江 真司,2026-05-01,2026-05-06,20,若松,一般,４４６　６　４３１　５３,2026-01-01,2026-01-06,20,若松,一般,６　４５６　５３落６６,2025-12-05,2025-12-10,20,若松,一般,３　３６３６２　６６４,2025-08-15,2025-08-20,20,若松,一般,５　５６６３６　４　３５,2025-05-23,2025-05-26,20,若松,一般,６６６　５　４６,3784,中島 友和,2025-02-09,2025-02-12,20,若松,一般,４３２　６３６４,2023-09-26,2023-10-01,20,若松,ＧⅢ,４　２３６２２　１６５５,2021-10-14,2021-10-20,20,若松,一般,３３２　３２６２５　２１５２,2021-02-11,2021-02-14,20,若松,一般,１１５３３２[５],2020-07-23,2020-07-27,20,若松,一般,２　１転２２２　２１,4588,田中 京介,2026-01-01,2026-01-06,20,若松,一般,４３１４５　３３２　２２,2025-02-01,2025-02-07,20,若松,一般,転４１　２５３２　　４４,2024-11-25,2024-11-28,20,若松,一般,５　　　５１４２,2024-08-15,2024-08-20,20,若松,一般,６　５２３４５６６１３,2024-01-08,2024-01-12,20,若松,一般,４４１　２４１５１４
202607032003,2026-07-03,20,03R,5169,堀本 翔太,2024-01-30,2024-02-02,20,若松,一般,４　６３６　１２,2023-08-22,2023-08-27,20,若松,一般,２エ５　２　５６３５５,,,,,,,,,,,,,,,,,,,4232,笠 雅雄,2026-05-15,2026-05-20,20,若松,一般,４４５　３　１３２４４,2024-12-31,2025-01-06,20,若松,一般,６　４５６６５　４　２５２２,2024-03-01,2024-03-07,20,若松,一般,２３４　３　３５６　６　３４,2023-08-08,2023-08-15,20,若松,一般,４　２６２　４４３５１６,2023-04-01,2023-04-05,20,若松,一般,５５５５６　５　４,3546,中里 昌志,2019-07-20,2019-07-24,20,若松,一般,５５５　２４３１２,2017-03-15,2017-03-20,20,若松,ＧⅢ,２５４３１　６６１　２１,2016-08-26,2016-08-31,20,若松,一般,４　４２３　３６,2016-06-27,2016-07-02,20,若松,一般,４　６６２　１２４２１２,2015-12-17,2015-12-22,20,若松,一般,妨２４　２４３　２１３,4414,大澤 真菜,2025-06-19,2025-06-24,20,若松,ＧⅢ,６　５３６　５６６　５,2020-01-08,2020-01-13,20,若松,一般,５　５１５４４１３,2013-11-19,2013-11-24,20,若松,一般,５　５６５　５６４　１,2010-09-07,2010-09-13,20,若松,一般,４４６　６５５　５　５６,2010-01-15,2010-01-19,20,若松,一般,５　５５６　６　３４,3455,谷本 幸司,2025-09-04,2025-09-09,20,若松,一般,３　２５３　５２１３２,2022-04-09,2022-04-13,20,若松,一般,４６５　５４５２４,2018-11-26,2018-12-01,20,若松,ＧⅢ,４６３　３６３４２　５３,2018-06-30,2018-07-07,20,若松,一般,１５２　５２不５３　５４,2018-03-21,2018-03-27,20,若松,一般,１４１　６　６６４６２　３５,4791,黒澤 めぐみ,2025-01-26,2025-01-30,20,若松,一般,３２　　１２,2023-06-27,2023-06-30,20,若松,一般,４４５　５　２４,2022-07-24,2022-07-29,20,若松,ＧⅢ,２　２３２２１２４４１３,2022-05-23,2022-05-29,20,若松,一般,２４３　２５４　３２２１,2021-05-15,2021-05-20,20,若松,一般,５４２　１５３　４６２４
202607032004,2026-07-03,20,04R,4231,鈴木 裕隆,2023-05-06,2023-05-09,20,若松,一般,１６転５１　５５,2020-09-09,2020-09-12,20,若松,一般,５　３３４　１６,2017-04-25,2017-04-30,20,若松,一般,４　１３４　１６２２[４],2016-05-09,2016-05-13,20,若松,一般,６　５６,2015-12-17,2015-12-22,20,若松,一般,５５転　５　６２６　３,4349,犬童 千秋,2026-04-22,2026-04-27,20,若松,ＧⅢ,１４５　２３６４５４３,2025-09-14,2025-09-19,20,若松,一般,２　３４１５３　１１２,2025-06-19,2025-06-24,20,若松,ＧⅢ,２　５６４５５　５　４６,2024-08-26,2024-08-30,20,若松,一般,４５３,2024-05-19,2024-05-24,20,若松,ＧⅢ,２５３　１４４　４２３６,4879,山崎 鉄平,2025-01-26,2025-01-30,20,若松,一般,６４　　４,2024-03-21,2024-03-25,20,若松,一般,５６２,2023-09-15,2023-09-20,20,若松,一般,６　３５４２１　１３３６,2023-02-01,2023-02-05,20,若松,一般,５３落　５５６　６,2022-06-28,2022-07-01,20,若松,一般,６４５　６６５２,5195,北村 寧々,2025-06-19,2025-06-24,20,若松,ＧⅢ,４２５　３３６　４　３２,2024-12-12,2024-12-15,20,若松,一般,５　２４６転５,2024-01-30,2024-02-02,20,若松,一般,５３５　５　６２,2023-07-28,2023-08-03,20,若松,一般,４１５　４　５３６　６４１５,2023-06-17,2023-06-22,20,若松,ＧⅢ,４４６　６　４４５　３５,3660,長谷川 親王,2025-12-20,2025-12-25,20,若松,一般,６４５　５６５　１　６５,2025-02-09,2025-02-12,20,若松,一般,３　６５５　３５,2023-09-09,2023-09-12,20,若松,一般,５６４　５　３５,2023-06-27,2023-06-30,20,若松,一般,４　６５５　４６,2023-04-08,2023-04-11,20,若松,一般,４　３６２３４３,4684,楠原 翔太,2026-01-01,2026-01-06,20,若松,一般,３４６６２６４　６　５５,2024-11-25,2024-11-28,20,若松,一般,３６　　１　２１,2024-04-09,2024-04-14,20,若松,一般,４　２５１６４５１　３２,2023-12-16,2023-12-22,20,若松,一般,１　２６３６４２６２１３,2023-08-08,2023-08-15,20,若松,一般,２５４　２６F１３　５
202607032005,2026-07-03,20,05R,4069,山本 修一,2025-05-04,2025-05-09,20,若松,一般,４２２１３３２　４２[],2024-11-05,2024-11-10,20,若松,一般,３６１５４　２１２２[２],2024-09-10,2024-09-14,20,若松,一般,２４１４３　３２[１],2024-06-02,2024-06-07,20,若松,一般,２５２２１１２　２３２１,2023-12-16,2023-12-22,20,若松,一般,５６３　３３１４３４３６,5136,濱野 斗馬,2023-08-22,2023-08-27,20,若松,一般,１　２５４６３１１１４１,2023-06-27,2023-06-30,20,若松,一般,５３４　３２５,2023-03-08,2023-03-13,20,若松,一般,４　５３１　１２１１４６,2022-09-26,2022-10-01,20,若松,一般,４　１３１４１２６３転３,2021-01-10,2021-01-15,20,若松,一般,４　５６４　５６６　４６,5074,大澤 誠也,2026-03-18,2026-03-23,20,若松,一般,２４３　４４４　４　５５,2022-11-01,2022-11-04,20,若松,一般,５　４３６３４３,,,,,,,,,,,,,,,,,,,4769,馬場 剛,2025-09-04,2025-09-09,20,若松,一般,３　３６２２３２４５３,2023-08-30,2023-09-04,20,若松,一般,１４１　３４２６２３３１,2019-05-08,2019-05-12,20,若松,一般,２　１２５２４２[５],2018-04-06,2018-04-10,20,若松,一般,６６３　２　４５,2016-05-18,2016-05-23,20,若松,一般,５２１　１２１１３３５２,4525,真子 奈津実,2025-11-07,2025-11-10,20,若松,一般,６　６６４２６１,2025-06-19,2025-06-24,20,若松,ＧⅢ,１　４６５３１　２５６,2025-02-26,2025-03-03,20,若松,一般,３３１　４６３　４２４５,2023-06-17,2023-06-22,20,若松,ＧⅢ,５　５５５　４５１　６６,2023-05-11,2023-05-16,20,若松,一般,５６５　３１６　３　１４,5382,山下 心一,2025-10-31,2025-11-05,20,若松,一般,５６６　５６６　欠,2025-04-24,2025-04-29,20,若松,一般,６　３５３　５５６６２３,2025-03-12,2025-03-15,20,若松,一般,６　６６６　６６,,,,,,,,,,,,
202607032006,2026-07-03,20,06R,4437,中田 元泰,2025-11-07,2025-11-10,20,若松,一般,３２５,2024-10-28,2024-10-31,20,若松,一般,１３３３２３４１,2024-08-06,2024-08-12,20,若松,一般,１１２２１１４２３１２１[１],2024-02-23,2024-02-27,20,若松,一般,３１２　２２１２[４],2023-03-24,2023-03-27,20,若松,一般,４１４２４２[１],4220,深川 和仁,2026-03-10,2026-03-15,20,若松,ＧⅢ,５６５　５４５　６　５２,2025-07-14,2025-07-17,20,若松,一般,２２１　３３５１,2024-08-06,2024-08-12,20,若松,一般,１１１　５３３６４５６５４５,2024-03-21,2024-03-25,20,若松,一般,５３３,2023-09-15,2023-09-20,20,若松,一般,６　２２F１３　４　６,4439,近藤 友宝,2025-05-04,2025-05-09,20,若松,一般,５　５６６,2024-12-03,2024-12-08,20,若松,ＧⅢ,５　４３１４５　３５５６,2024-05-07,2024-05-13,20,若松,一般,２３１　４４５５２４２６４５,2020-04-06,2020-04-12,20,若松,一般,５　３５２　６６６　６６,2019-10-01,2019-10-06,20,若松,一般,５６１　転,3282,池本 輝明,2025-05-12,2025-05-15,20,若松,一般,５　４４２　２６,2023-12-03,2023-12-09,20,若松,一般,４　４３６　４４１　６　２３,2023-06-07,2023-06-13,20,若松,一般,５　１６転　５４４５１　６１,2023-03-24,2023-03-27,20,若松,一般,５４３　３６３４,2022-12-12,2022-12-16,20,若松,一般,３４３５３　３１１５,4219,本岡 勝利,2026-01-25,2026-01-28,20,若松,一般,５　４４４　５５,2025-09-22,2025-09-25,20,若松,一般,６　３５３５５,2025-04-08,2025-04-12,20,若松,一般,４　１６２５６６,2024-09-10,2024-09-14,20,若松,一般,３４３　３　１５４,2023-12-16,2023-12-22,20,若松,一般,６　３３４５４　５５５６,5170,佐藤 太亮,2026-02-08,2026-02-11,20,若松,一般,６　３５２　４５,2025-08-01,2025-08-04,20,若松,一般,６　１３５５１,2021-06-23,2021-06-28,20,若松,一般,５　６　４６４６６６２,,,,,,,,,,,,
202607032007,2026-07-03,20,07R,4430,永田 秀二,2025-06-13,2025-06-17,20,若松,一般,３１５　３４４５１４,2024-03-21,2024-03-25,20,若松,一般,３　１２,2023-12-16,2023-12-22,20,若松,一般,１５１５２３３　４３４１,2022-11-01,2022-11-04,20,若松,一般,４２２４１４１６,2021-06-11,2021-06-16,20,若松,一般,２６F　５　３　２６３２,3784,中島 友和,2025-02-09,2025-02-12,20,若松,一般,４３２　６３６４,2023-09-26,2023-10-01,20,若松,ＧⅢ,４　２３６２２　１６５５,2021-10-14,2021-10-20,20,若松,一般,３３２　３２６２５　２１５２,2021-02-11,2021-02-14,20,若松,一般,１１５３３２[５],2020-07-23,2020-07-27,20,若松,一般,２　１転２２２　２１,5169,堀本 翔太,2024-01-30,2024-02-02,20,若松,一般,４　６３６　１２,2023-08-22,2023-08-27,20,若松,一般,２エ５　２　５６３５５,,,,,,,,,,,,,,,,,,,5375,,,,,,,,,,,,,,,,,,,,,,,,,,,,,,,,3546,中里 昌志,2019-07-20,2019-07-24,20,若松,一般,５５５　２４３１２,2017-03-15,2017-03-20,20,若松,ＧⅢ,２５４３１　６６１　２１,2016-08-26,2016-08-31,20,若松,一般,４　４２３　３６,2016-06-27,2016-07-02,20,若松,一般,４　６６２　１２４２１２,2015-12-17,2015-12-22,20,若松,一般,妨２４　２４３　２１３,5448,,,,,,,,,,,,,,,,,,,,,,,,,,,,,,,
202607032008,2026-07-03,20,08R,4579,中嶋 健一郎,2025-12-20,2025-12-25,20,若松,一般,３３１　３４１１４５６４,2025-01-26,2025-01-30,20,若松,一般,５　　　２５,2023-07-18,2023-07-24,20,若松,一般,３４１２３　１１３１２２[１],2017-02-27,2017-03-04,20,若松,一般,１２３　２欠,2014-06-26,2014-07-01,20,若松,一般,４３２　３６１４５３３３,5135,仲 航太,2025-11-07,2025-11-10,20,若松,一般,３５１６１６２５,2024-01-30,2024-02-02,20,若松,一般,５４２　５１４,2023-03-08,2023-03-13,20,若松,一般,６５１　３４２　２５２３,2022-10-24,2022-10-29,20,若松,一般,５４１１３　５　６６２５,2022-04-09,2022-04-13,20,若松,一般,１　３４３４転４４５,4588,田中 京介,2026-01-01,2026-01-06,20,若松,一般,４３１４５　３３２　２２,2025-02-01,2025-02-07,20,若松,一般,転４１　２５３２　　４４,2024-11-25,2024-11-28,20,若松,一般,５　　　５１４２,2024-08-15,2024-08-20,20,若松,一般,６　５２３４５６６１３,2024-01-08,2024-01-12,20,若松,一般,４４１　２４１５１４,4879,山崎 鉄平,2025-01-26,2025-01-30,20,若松,一般,６４　　４,2024-03-21,2024-03-25,20,若松,一般,５６２,2023-09-15,2023-09-20,20,若松,一般,６　３５４２１　１３３６,2023-02-01,2023-02-05,20,若松,一般,５３落　５５６　６,2022-06-28,2022-07-01,20,若松,一般,６４５　６６５２,4226,村田 浩司,2025-08-06,2025-08-12,20,若松,一般,３４３　５３２　２５４３,2024-09-10,2024-09-14,20,若松,一般,６　１４３　４６３,2021-10-14,2021-10-20,20,若松,一般,３　６６１６６６１　２　６２,2020-03-28,2020-04-03,20,若松,一般,２　６５４　４５５４６　３５,2019-12-19,2019-12-25,20,若松,一般,３　４６５　２６４　４　３３,5392,安武 一也,2026-01-01,2026-01-06,20,若松,一般,　　　　　　　　　　５６,2025-12-05,2025-12-10,20,若松,一般,６　転６５　６６５　６６,2025-08-01,2025-08-04,20,若松,一般,６　６６６　６６,,,,,,,,,,,,
202607032009,2026-07-03,20,09R,4525,真子 奈津実,2025-11-07,2025-11-10,20,若松,一般,６　６６４２６１,2025-06-19,2025-06-24,20,若松,ＧⅢ,１　４６５３１　２５６,2025-02-26,2025-03-03,20,若松,一般,３３１　４６３　４２４５,2023-06-17,2023-06-22,20,若松,ＧⅢ,５　５５５　４５１　６６,2023-05-11,2023-05-16,20,若松,一般,５６５　３１６　３　１４,5195,北村 寧々,2025-06-19,2025-06-24,20,若松,ＧⅢ,４２５　３３６　４　３２,2024-12-12,2024-12-15,20,若松,一般,５　２４６転５,2024-01-30,2024-02-02,20,若松,一般,５３５　５　６２,2023-07-28,2023-08-03,20,若松,一般,４１５　４　５３６　６４１５,2023-06-17,2023-06-22,20,若松,ＧⅢ,４４６　６　４４５　３５,4246,喜多 那由夏,2025-06-03,2025-06-08,20,若松,一般,２　３４５　３３４２３６,2024-04-16,2024-04-21,20,若松,一般,　　　　　　６５１　６２,2021-09-19,2021-09-24,20,若松,ＧⅢ,３　４４４５２　３６３２,2019-03-07,2019-03-11,20,若松,一般,４　３５６５２３２,2015-12-04,2015-12-09,20,若松,一般,２５４　４１４　５　４２,3943,三松 直美,2024-04-16,2024-04-21,20,若松,一般,５６６,2021-11-05,2021-11-10,20,若松,一般,５２６　４５,2020-03-18,2020-03-23,20,若松,ＧⅢ,５　３　５４４　４　１５,2017-09-13,2017-09-19,20,若松,ＧⅢ,２　２４５５２　２４４５,2017-07-27,2017-07-30,20,若松,一般,６５４　１４６３,4414,大澤 真菜,2025-06-19,2025-06-24,20,若松,ＧⅢ,６　５３６　５６６　５,2020-01-08,2020-01-13,20,若松,一般,５　５１５４４１３,2013-11-19,2013-11-24,20,若松,一般,５　５６５　５６４　１,2010-09-07,2010-09-13,20,若松,一般,４４６　６５５　５　５６,2010-01-15,2010-01-19,20,若松,一般,５　５５６　６　３４,5398,鐘ヶ江 真司,2026-05-01,2026-05-06,20,若松,一般,４４６　６　４３１　５３,2026-01-01,2026-01-06,20,若松,一般,６　４５６　５３落６６,2025-12-05,2025-12-10,20,若松,一般,３　３６３６２　６６４,2025-08-15,2025-08-20,20,若松,一般,５　５６６３６　４　３５,2025-05-23,2025-05-26,20,若松,一般,６６６　５　４６
202607032010,2026-07-03,20,10R,4791,黒澤 めぐみ,2025-01-26,2025-01-30,20,若松,一般,３２　　１２,2023-06-27,2023-06-30,20,若松,一般,４４５　５　２４,2022-07-24,2022-07-29,20,若松,ＧⅢ,２　２３２２１２４４１３,2022-05-23,2022-05-29,20,若松,一般,２４３　２５４　３２２１,2021-05-15,2021-05-20,20,若松,一般,５４２　１５３　４６２４,4231,鈴木 裕隆,2023-05-06,2023-05-09,20,若松,一般,１６転５１　５５,2020-09-09,2020-09-12,20,若松,一般,５　３３４　１６,2017-04-25,2017-04-30,20,若松,一般,４　１３４　１６２２[４],2016-05-09,2016-05-13,20,若松,一般,６　５６,2015-12-17,2015-12-22,20,若松,一般,５５転　５　６２６　３,4437,中田 元泰,2025-11-07,2025-11-10,20,若松,一般,３２５,2024-10-28,2024-10-31,20,若松,一般,１３３３２３４１,2024-08-06,2024-08-12,20,若松,一般,１１２２１１４２３１２１[１],2024-02-23,2024-02-27,20,若松,一般,３１２　２２１２[４],2023-03-24,2023-03-27,20,若松,一般,４１４２４２[１],4069,山本 修一,2025-05-04,2025-05-09,20,若松,一般,４２２１３３２　４２[],2024-11-05,2024-11-10,20,若松,一般,３６１５４　２１２２[２],2024-09-10,2024-09-14,20,若松,一般,２４１４３　３２[１],2024-06-02,2024-06-07,20,若松,一般,２５２２１１２　２３２１,2023-12-16,2023-12-22,20,若松,一般,５６３　３３１４３４３６,4349,犬童 千秋,2026-04-22,2026-04-27,20,若松,ＧⅢ,１４５　２３６４５４３,2025-09-14,2025-09-19,20,若松,一般,２　３４１５３　１１２,2025-06-19,2025-06-24,20,若松,ＧⅢ,２　５６４５５　５　４６,2024-08-26,2024-08-30,20,若松,一般,４５３,2024-05-19,2024-05-24,20,若松,ＧⅢ,２５３　１４４　４２３６,5136,濱野 斗馬,2023-08-22,2023-08-27,20,若松,一般,１　２５４６３１１１４１,2023-06-27,2023-06-30,20,若松,一般,５３４　３２５,2023-03-08,2023-03-13,20,若松,一般,４　５３１　１２１１４６,2022-09-26,2022-10-01,20,若松,一般,４　１３１４１２６３転３,2021-01-10,2021-01-15,20,若松,一般,４　５６４　５６６　４６
202607032011,2026-07-03,20,11R,4239,竹田 辰也,2026-04-14,2026-04-19,20,若松,一般,２１２　４　２２４１[２],2025-09-04,2025-09-09,20,若松,一般,１１１　４４１４５１[２],2025-06-13,2025-06-17,20,若松,一般,５１１　２５２３１１,2025-03-12,2025-03-15,20,若松,一般,１３４,2024-07-06,2024-07-09,20,若松,一般,１３３４１１[６],4236,松村 敏,2025-12-05,2025-12-10,20,若松,一般,２２４２２２１１３３３１,2025-09-22,2025-09-25,20,若松,一般,２１６５２３３３,2025-03-17,2025-03-22,20,若松,一般,２１６２１　２４,2024-06-02,2024-06-07,20,若松,一般,１２１１１　４１４１[６],2024-02-08,2024-02-13,20,若松,一般,２１３１１１２　３１[１],5205,刑部 亜里紗,2025-09-14,2025-09-19,20,若松,一般,２３３２１　３１４４１３,2024-05-19,2024-05-24,20,若松,ＧⅢ,２６２３３　５１１５５５,2023-02-01,2023-02-05,20,若松,一般,１　３５１３３５１３,,,,,,,,,,,,,3854,吉川 元浩,2025-08-26,2025-08-31,20,若松,ＳＧ,４　４２２　２　４　４２,2025-03-25,2025-03-30,20,若松,ＳＧ,１　５　３４１　６　２２,2023-04-18,2023-04-23,20,若松,ＧⅠ,５２４　１１２　４　１２,2023-03-16,2023-03-19,20,若松,一般,２１１１１１[１],2023-01-20,2023-01-26,20,若松,ＧⅠ,１２２　５６５　１　３４,5275,松田 淳平,2025-05-12,2025-05-15,20,若松,一般,４　５６５　６４,,,,,,,,,,,,,,,,,,,,,,,,,4451,松崎 祐太郎,2025-12-05,2025-12-10,20,若松,一般,２３５　４１４４３５１３,2025-09-22,2025-09-25,20,若松,一般,２５５１２６３５,2025-07-14,2025-07-17,20,若松,一般,４１２１１６１４,2025-06-03,2025-06-08,20,若松,一般,２６３　１３５２２４１６,2025-04-24,2025-04-29,20,若松,一般,６５４５２　３１５欠
202607032012,2026-07-03,20,12R,5170,佐藤 太亮,2026-02-08,2026-02-11,20,若松,一般,６　３５２　４５,2025-08-01,2025-08-04,20,若松,一般,６　１３５５１,2021-06-23,2021-06-28,20,若松,一般,５　６　４６４６６６２,,,,,,,,,,,,,4579,中嶋 健一郎,2025-12-20,2025-12-25,20,若松,一般,３３１　３４１１４５６４,2025-01-26,2025-01-30,20,若松,一般,５　　　２５,2023-07-18,2023-07-24,20,若松,一般,３４１２３　１１３１２２[１],2017-02-27,2017-03-04,20,若松,一般,１２３　２欠,2014-06-26,2014-07-01,20,若松,一般,４３２　３６１４５３３３,4769,馬場 剛,2025-09-04,2025-09-09,20,若松,一般,３　３６２２３２４５３,2023-08-30,2023-09-04,20,若松,一般,１４１　３４２６２３３１,2019-05-08,2019-05-12,20,若松,一般,２　１２５２４２[５],2018-04-06,2018-04-10,20,若松,一般,６６３　２　４５,2016-05-18,2016-05-23,20,若松,一般,５２１　１２１１３３５２,4220,深川 和仁,2026-03-10,2026-03-15,20,若松,ＧⅢ,５６５　５４５　６　５２,2025-07-14,2025-07-17,20,若松,一般,２２１　３３５１,2024-08-06,2024-08-12,20,若松,一般,１１１　５３３６４５６５４５,2024-03-21,2024-03-25,20,若松,一般,５３３,2023-09-15,2023-09-20,20,若松,一般,６　２２F１３　４　６,4430,永田 秀二,2025-06-13,2025-06-17,20,若松,一般,３１５　３４４５１４,2024-03-21,2024-03-25,20,若松,一般,３　１２,2023-12-16,2023-12-22,20,若松,一般,１５１５２３３　４３４１,2022-11-01,2022-11-04,20,若松,一般,４２２４１４１６,2021-06-11,2021-06-16,20,若松,一般,２６F　５　３　２６３２,5135,仲 航太,2025-11-07,2025-11-10,20,若松,一般,３５１６１６２５,2024-01-30,2024-02-02,20,若松,一般,５４２　５１４,2023-03-08,2023-03-13,20,若松,一般,６５１　３４２　２５２３,2022-10-24,2022-10-29,20,若松,一般,５４１１３　５　６６２５,2022-04-09,2022-04-13,20,若松,一般,１　３４３４転４４５
202607032101,2026-07-03,21,01R,4066,東本 勝利,2025-04-23,2025-04-27,21,芦屋,一般,３６１　３１２３３１,2023-04-18,2023-04-21,21,芦屋,一般,妨１３　６転,2022-10-29,2022-11-03,21,芦屋,一般,６６５２１１２２４６１２,2022-08-20,2022-08-26,21,芦屋,一般,３２２２２２１１４１５１[１],2022-02-22,2022-02-27,21,芦屋,ＧⅢ,１１１３５１４　４３３３,4919,吉田 翔悟,2025-02-22,2025-02-27,21,芦屋,一般,F３６　５　４　５６２,2024-07-14,2024-07-19,21,芦屋,一般,４５４　３６６　５４１６,2024-04-11,2024-04-16,21,芦屋,一般,２５２　４２１　１３２３,2023-12-16,2023-12-21,21,芦屋,一般,F　３　２　５３２　５,2023-10-09,2023-10-14,21,芦屋,一般,３　２１２　４２２３４１,4129,宇野 博之,2025-02-14,2025-02-17,21,芦屋,一般,６　４６５　１４,2023-10-31,2023-11-05,21,芦屋,一般,４６５６５　６,2023-03-20,2023-03-25,21,芦屋,ＧⅢ,３４６　４５４　５５４３,2020-03-14,2020-03-19,21,芦屋,ＧⅢ,１　２６５　１５１６５５,2019-12-06,2019-12-10,21,芦屋,一般,５　６６６４４　４２,4181,花本 夏樹,2025-09-19,2025-09-22,21,芦屋,一般,３３５　４５６,2025-03-03,2025-03-08,21,芦屋,一般,２　２６３　３４２５３２,2023-07-26,2023-07-31,21,芦屋,一般,５６１　３２５　２２３４,2022-02-22,2022-02-27,21,芦屋,ＧⅢ,５　３５２　５４２　５,2020-03-24,2020-03-27,21,芦屋,一般,４　４１４５５６,5348,小林 甘寧,2025-11-18,2025-11-24,21,芦屋,一般,４　６５６　６６６　３　６６,,,,,,,,,,,,,,,,,,,,,,,,,5429,吉川 颯汰,2026-04-03,2026-04-07,21,芦屋,一般,F　６　５６６　６,2025-11-01,2025-11-05,21,芦屋,一般,５　６６６５６　６５,,,,,,,,,,,,,,,,,,
202607032102,2026-07-03,21,02R,4171,榎 幸司,2025-03-03,2025-03-08,21,芦屋,一般,３１５５２２３　３５４４,2024-02-22,2024-02-26,21,芦屋,一般,１６４６４３２　３,2023-07-26,2023-07-31,21,芦屋,一般,１　４４１３３転,2023-01-19,2023-01-24,21,芦屋,一般,２２３６３５３５６,2022-07-09,2022-07-14,21,芦屋,一般,１　２３１１４２１１[３],3981,今坂 晃広,2026-03-01,2026-03-06,21,芦屋,一般,６　６４６５１　４　４４,2024-03-23,2024-03-27,21,芦屋,一般,４　６４４　４２６３,2023-08-17,2023-08-20,21,芦屋,一般,４４６　２　２２,2021-11-16,2021-11-22,21,芦屋,一般,２　５２６　２１２３４３２６,2019-03-10,2019-03-15,21,芦屋,ＧⅢ,１　２６６４４２１　１６,3211,北川 敏弘,2025-03-31,2025-04-03,21,芦屋,一般,１　３４６６３５,2024-08-24,2024-08-29,21,芦屋,一般,２４４　４６５　２欠,2023-11-18,2023-11-21,21,芦屋,一般,３３４　４　３５,2022-10-29,2022-11-03,21,芦屋,一般,２１４　３５４　３５２５,2022-08-20,2022-08-26,21,芦屋,一般,３１３　５４３　６５４　６,4278,藤岡 俊介,2025-02-22,2025-02-27,21,芦屋,一般,１２４　１３４６６５F３,2024-05-09,2024-05-12,21,芦屋,一般,１４２４１６１５,2023-10-21,2023-10-25,21,芦屋,一般,１２５３１　４３１１,2021-07-20,2021-07-25,21,芦屋,ＳＧ,２　５４６　２３１　５４,2020-05-10,2020-05-15,21,芦屋,ＧⅠ,２　６３６　１５２　５５,3867,松浦 勝,2020-12-21,2020-12-26,21,芦屋,一般,４４３　１５３　５６３２,2020-04-10,2020-04-14,21,芦屋,一般,３２４　６６３　４６,2019-06-10,2019-06-15,21,芦屋,一般,３６２　３５１　４４４,2016-01-31,2016-02-05,21,芦屋,一般,１　４６５　５３２　３５,2015-05-22,2015-05-27,21,芦屋,一般,６５４　６,4976,金山 立樹,2025-10-23,2025-10-28,21,芦屋,一般,４　４６３　２５３　６５,2024-12-14,2024-12-19,21,芦屋,ＧⅢ,３５４　転３１５４　５６,2024-09-27,2024-09-30,21,芦屋,一般,３　１５１５６４,2024-07-25,2024-07-28,21,芦屋,一般,６　１６３１２６,2023-11-25,2023-11-30,21,芦屋,一般,１３５　５２５　６　３４
202607032103,2026-07-03,21,03R,3963,原田 秀弥,2023-05-12,2023-05-16,21,芦屋,一般,１　２６２３１４１４,2021-09-28,2021-10-03,21,芦屋,一般,１　２３２５２４５６３６,2020-07-02,2020-07-07,21,芦屋,一般,３６２６２６１２１６２５,2020-01-11,2020-01-16,21,芦屋,一般,１６４４５２１２１６５５,2019-03-20,2019-03-25,21,芦屋,一般,５２５５３５１　２１２４,4368,山口 隆史,2026-03-01,2026-03-06,21,芦屋,一般,３２３　４６５　５１４５,2025-11-18,2025-11-24,21,芦屋,一般,５６５　５１４　５６６　６,2025-02-04,2025-02-09,21,芦屋,一般,５４４　５３４　６　４２,2024-04-19,2024-04-24,21,芦屋,一般,６５３　２２１　１６６６,2024-01-20,2024-01-24,21,芦屋,一般,４　４５６３５　３４,4472,尾嶋 一広,2026-03-26,2026-03-31,21,芦屋,ＧⅢ,２４１　２４３２２６１６,2025-09-25,2025-09-30,21,芦屋,一般,３　１２２４３１３４１６,2024-05-09,2024-05-12,21,芦屋,一般,５３１４１　２３,2023-02-19,2023-02-24,21,芦屋,一般,１４２２２４１２３１[１],2022-10-20,2022-10-25,21,芦屋,一般,１１５　１１３５１５１３,4705,吉川 勇作,2026-06-15,2026-06-20,21,芦屋,一般,４　４３４　６６５１５５,2025-11-01,2025-11-05,21,芦屋,一般,１　２６３５３　２５,2023-08-07,2023-08-13,21,芦屋,一般,５　５６３　５５３６,2023-06-25,2023-06-30,21,芦屋,一般,５　４６２　５２５　６４,2022-07-09,2022-07-14,21,芦屋,一般,２　６６４　４２６　２１,5210,藤井 公人,2025-12-18,2025-12-23,21,芦屋,一般,４２２　２２３３４５２３,2024-12-14,2024-12-19,21,芦屋,ＧⅢ,　　　　　　　　　　２３,2024-08-24,2024-08-29,21,芦屋,一般,５５３　２転６４１,2024-06-21,2024-06-26,21,芦屋,一般,２２３　３５１２１３転５,2023-10-21,2023-10-25,21,芦屋,一般,２４５　６　５３５２,5404,内田 壮,2026-01-27,2026-02-01,21,芦屋,一般,６５５　６　４６５　３６,2025-07-29,2025-08-03,21,芦屋,一般,６F６　６　６６６　５６,,,,,,,,,,,,,,,,,,
202607032104,2026-07-03,21,04R,4427,秦 英悟,2025-02-14,2025-02-17,21,芦屋,一般,５１１３１３３１,2023-12-06,2023-12-11,21,芦屋,ＧⅠ,６２２　３６３　４６２,2022-12-25,2022-12-28,21,芦屋,一般,２５２５３２[４],2021-07-20,2021-07-25,21,芦屋,ＳＧ,６　３　４２１　６　１２,2020-05-10,2020-05-15,21,芦屋,ＧⅠ,２　５４１　１６４　１６,5106,山崎 祥,2025-03-03,2025-03-08,21,芦屋,一般,４２５　２１３　６６３６,2024-05-09,2024-05-12,21,芦屋,一般,６　５４６　２３,2022-03-21,2022-03-25,21,芦屋,一般,５　５４２　４５６,2022-01-06,2022-01-12,21,芦屋,一般,５　５４３　３５３　２　６６,2021-09-09,2021-09-14,21,芦屋,一般,５４４　４５５　４３転４,4006,小野 勇作,2026-03-12,2026-03-17,21,芦屋,一般,５転５　５５５１２　５６,2026-02-11,2026-02-16,21,芦屋,一般,４　６５６６２１４６５,2024-10-25,2024-10-30,21,芦屋,一般,２　５４５　４１５２２２,2024-07-25,2024-07-28,21,芦屋,一般,６２５　６１４１,2024-04-19,2024-04-24,21,芦屋,一般,４６４　４１５　３３５５,4614,石倉 洋行,2025-09-25,2025-09-30,21,芦屋,一般,３６３１１　４４１５１２,2025-03-31,2025-04-03,21,芦屋,一般,１F２　３　４,2024-05-19,2024-05-23,21,芦屋,一般,３２２１２　１１[３],2024-03-11,2024-03-17,21,芦屋,一般,転,2023-06-16,2023-06-21,21,芦屋,一般,１１１　１３４２３３１１,3630,黒田 誠司,2025-01-23,2025-01-28,21,芦屋,一般,６３４　６５６　６,2024-07-14,2024-07-19,21,芦屋,一般,６　３３４３５　５６４３,2020-01-20,2020-01-25,21,芦屋,一般,２　３４２　５４５４２４,2019-05-16,2019-05-20,21,芦屋,一般,６２３　５５４５４,2017-01-29,2017-02-03,21,芦屋,一般,４２２　６６３　３２６１,5426,甲斐 貴大,2026-03-12,2026-03-17,21,芦屋,一般,　　　　　　６５６６６６,2025-11-01,2025-11-05,21,芦屋,一般,６　６　６６６６６６,,,,,,,,,,,,,,,,,,
202607032105,2026-07-03,21,05R,4514,上條 嘉嗣,2024-12-14,2024-12-19,21,芦屋,ＧⅢ,３　１３２５５１２４１２,2024-10-25,2024-10-30,21,芦屋,一般,１２２１１５１　３１[２],2023-09-19,2023-09-24,21,芦屋,一般,３１５　１１４５２３３２,2022-07-09,2022-07-14,21,芦屋,一般,１２３２５　２６６４１２,2021-03-07,2021-03-12,21,芦屋,一般,３３１５２　５５２　２３,4144,石塚 久也,2026-04-03,2026-04-07,21,芦屋,一般,５エ５,2025-04-23,2025-04-27,21,芦屋,一般,５５１　１１１３１１,2024-04-11,2024-04-16,21,芦屋,一般,２　２４１　２５１２[５],2023-10-21,2023-10-25,21,芦屋,一般,１　６１２５２６１４,2018-09-06,2018-09-09,21,芦屋,一般,３５１４１２[２],3752,宇土 泰就,2024-08-10,2024-08-15,21,芦屋,一般,３１６　４５５　６４５,2024-04-19,2024-04-24,21,芦屋,一般,３　４６４１６　５転５,2024-02-15,2024-02-18,21,芦屋,一般,５　３３６５５４,2023-09-07,2023-09-11,21,芦屋,一般,　　　　　　５３３落,2023-01-01,2023-01-06,21,芦屋,一般,６４５４３　１３６４４３,3471,赤峰 和也,2026-02-21,2026-02-26,21,芦屋,一般,２　４５６　５４２　４３,2025-08-24,2025-08-27,21,芦屋,一般,６　２２５１６６,2024-07-25,2024-07-28,21,芦屋,一般,２６６　５　３４,2023-09-19,2023-09-24,21,芦屋,一般,６６６　５６,2023-05-05,2023-05-09,21,芦屋,一般,２　５１５　３２６３,5420,吉原 快誓,2025-12-09,2025-12-13,21,芦屋,一般,６　５　６６６５５６,,,,,,,,,,,,,,,,,,,,,,,,,4504,前田 将太,2026-05-15,2026-05-20,21,芦屋,ＧⅠ,３　４　５２１　２　[６],2026-01-12,2026-01-17,21,芦屋,ＧⅠ,４　４　５６３,2025-04-08,2025-04-13,21,芦屋,一般,３１３４１１３　１１[４],2024-09-05,2024-09-10,21,芦屋,一般,１２６４３１１　１６１４,2024-08-01,2024-08-06,21,芦屋,ＧⅠ,６４２　１　６５１４５
202607032106,2026-07-03,21,06R,3054,北川 幸典,2026-03-12,2026-03-17,21,芦屋,一般,１　５６５　４４３１,2025-03-22,2025-03-27,21,芦屋,一般,３　５３５　６３６　２１,2022-12-10,2022-12-14,21,芦屋,一般,３３４　２１４４１１,2022-03-04,2022-03-09,21,芦屋,一般,２　６転１１２６５　３４,2021-11-07,2021-11-12,21,芦屋,一般,３　１３２２３　１４４４,4196,田中 太一郎,2026-04-16,2026-04-21,21,芦屋,一般,６５３　２６５　５２５,2025-11-09,2025-11-14,21,芦屋,一般,５６３　６１５５５　５,2023-06-16,2023-06-21,21,芦屋,一般,６　３５５　６１５　５３,2023-02-09,2023-02-13,21,芦屋,一般,２２４　５６５　３６,2022-11-19,2022-11-24,21,芦屋,一般,５４１　４　４４２　２３,4958,溝口 海義也,2026-02-21,2026-02-26,21,芦屋,一般,３５１６３４６,2025-08-07,2025-08-11,21,芦屋,一般,１　４３１３３,2025-07-29,2025-08-03,21,芦屋,一般,　　　　　　　　　　３２,2024-01-09,2024-01-14,21,芦屋,ＧⅢ,１３２６３１５　１３３２,2023-12-16,2023-12-21,21,芦屋,一般,４４１３３　５１２５１６,4919,吉田 翔悟,2025-02-22,2025-02-27,21,芦屋,一般,F３６　５　４　５６２,2024-07-14,2024-07-19,21,芦屋,一般,４５４　３６６　５４１６,2024-04-11,2024-04-16,21,芦屋,一般,２５２　４２１　１３２３,2023-12-16,2023-12-21,21,芦屋,一般,F　３　２　５３２　５,2023-10-09,2023-10-14,21,芦屋,一般,３　２１２　４２２３４１,5385,,,,,,,,,,,,,,,,,,,,,,,,,,,,,,,,3265,今村 暢孝,2026-05-06,2026-05-10,21,芦屋,一般,２１１３３２１６F３,2026-02-11,2026-02-16,21,芦屋,一般,１６４２５１５　５６１４,2025-11-29,2025-12-04,21,芦屋,一般,１５２１１２３　２１[２],2025-09-19,2025-09-22,21,芦屋,一般,１６１１１１[３],2025-07-18,2025-07-23,21,芦屋,一般,２１５３１　２３２４１４
202607032107,2026-07-03,21,07R,4094,中島 真二,2025-09-19,2025-09-22,21,芦屋,一般,３　６３３　５４,2025-08-16,2025-08-21,21,芦屋,一般,３２４　４２５　４６１２,2025-02-14,2025-02-17,21,芦屋,一般,１　５３３５３３,2024-10-25,2024-10-30,21,芦屋,一般,６６６　４１６　３１６４,2024-09-05,2024-09-10,21,芦屋,一般,６　４１４　４６５６３３,4104,木下 陽介,2025-08-07,2025-08-11,21,芦屋,一般,６６４５３　２,2025-03-03,2025-03-08,21,芦屋,一般,４５４　３２６　６３１,2024-06-21,2024-06-26,21,芦屋,一般,４２４　１６５　３３４,2022-12-25,2022-12-28,21,芦屋,一般,６　２５４２２２,2019-12-06,2019-12-10,21,芦屋,一般,１３５２２　１１[１],3867,松浦 勝,2020-12-21,2020-12-26,21,芦屋,一般,４４３　１５３　５６３２,2020-04-10,2020-04-14,21,芦屋,一般,３２４　６６３　４６,2019-06-10,2019-06-15,21,芦屋,一般,３６２　３５１　４４４,2016-01-31,2016-02-05,21,芦屋,一般,１　４６５　５３２　３５,2015-05-22,2015-05-27,21,芦屋,一般,６５４　６,5292,佐藤 右京,2024-11-23,2024-11-28,21,芦屋,一般,３　６エ６　６６２　４５,,,,,,,,,,,,,,,,,,,,,,,,,5429,吉川 颯汰,2026-04-03,2026-04-07,21,芦屋,一般,F　６　５６６　６,2025-11-01,2025-11-05,21,芦屋,一般,５　６６６５６　６５,,,,,,,,,,,,,,,,,,,4368,山口 隆史,2026-03-01,2026-03-06,21,芦屋,一般,３２３　４６５　５１４５,2025-11-18,2025-11-24,21,芦屋,一般,５６５　５１４　５６６　６,2025-02-04,2025-02-09,21,芦屋,一般,５４４　５３４　６　４２,2024-04-19,2024-04-24,21,芦屋,一般,６５３　２２１　１６６６,2024-01-20,2024-01-24,21,芦屋,一般,４　４５６３５　３４
202607032108,2026-07-03,21,08R,4004,山本 浩輔,2025-11-29,2025-12-04,21,芦屋,一般,３　４５５　３３６　３,2025-03-03,2025-03-08,21,芦屋,一般,２　３４６　６１５　６５,2024-10-19,2024-10-22,21,芦屋,一般,５　６４３　４２,2023-06-25,2023-06-30,21,芦屋,一般,４　４２４　６２５　１５,2023-03-20,2023-03-25,21,芦屋,ＧⅢ,１４２４４　５５６　２６,4181,花本 夏樹,2025-09-19,2025-09-22,21,芦屋,一般,３３５　４５６,2025-03-03,2025-03-08,21,芦屋,一般,２　２６３　３４２５３２,2023-07-26,2023-07-31,21,芦屋,一般,５６１　３２５　２２３４,2022-02-22,2022-02-27,21,芦屋,ＧⅢ,５　３５２　５４２　５,2020-03-24,2020-03-27,21,芦屋,一般,４　４１４５５６,3385,渡邉 睦広,2024-10-19,2024-10-22,21,芦屋,一般,１３３６４５１３,2024-06-21,2024-06-26,21,芦屋,一般,１　４２３１１２３１[１],2019-09-21,2019-09-25,21,芦屋,一般,２　５６１５３　１１,2019-05-16,2019-05-20,21,芦屋,一般,３６５１３６２５５,2016-06-08,2016-06-13,21,芦屋,ＧⅢ,１６２　１３５５４４４,4427,秦 英悟,2025-02-14,2025-02-17,21,芦屋,一般,５１１３１３３１,2023-12-06,2023-12-11,21,芦屋,ＧⅠ,６２２　３６３　４６２,2022-12-25,2022-12-28,21,芦屋,一般,２５２５３２[４],2021-07-20,2021-07-25,21,芦屋,ＳＧ,６　３　４２１　６　１２,2020-05-10,2020-05-15,21,芦屋,ＧⅠ,２　５４１　１６４　１６,4705,吉川 勇作,2026-06-15,2026-06-20,21,芦屋,一般,４　４３４　６６５１５５,2025-11-01,2025-11-05,21,芦屋,一般,１　２６３５３　２５,2023-08-07,2023-08-13,21,芦屋,一般,５　５６３　５５３６,2023-06-25,2023-06-30,21,芦屋,一般,５　４６２　５２５　６４,2022-07-09,2022-07-14,21,芦屋,一般,２　６６４　４２６　２１,4031,飯島 誠,2026-02-21,2026-02-26,21,芦屋,一般,１　２３２　４６４６２５,2025-01-23,2025-01-28,21,芦屋,一般,４　５２５　３６１　６６,2018-11-07,2018-11-12,21,芦屋,一般,４　５３３　５６４　６５,2017-11-29,2017-12-02,21,芦屋,一般,５　１４転５５５,2017-02-24,2017-03-01,21,芦屋,一般,６　３２５　４６３３２２
202607032109,2026-07-03,21,09R,5106,山崎 祥,2025-03-03,2025-03-08,21,芦屋,一般,４２５　２１３　６６３６,2024-05-09,2024-05-12,21,芦屋,一般,６　５４６　２３,2022-03-21,2022-03-25,21,芦屋,一般,５　５４２　４５６,2022-01-06,2022-01-12,21,芦屋,一般,５　５４３　３５３　２　６６,2021-09-09,2021-09-14,21,芦屋,一般,５４４　４５５　４３転４,4171,榎 幸司,2025-03-03,2025-03-08,21,芦屋,一般,３１５５２２３　３５４４,2024-02-22,2024-02-26,21,芦屋,一般,１６４６４３２　３,2023-07-26,2023-07-31,21,芦屋,一般,１　４４１３３転,2023-01-19,2023-01-24,21,芦屋,一般,２２３６３５３５６,2022-07-09,2022-07-14,21,芦屋,一般,１　２３１１４２１１[３],5348,小林 甘寧,2025-11-18,2025-11-24,21,芦屋,一般,４　６５６　６６６　３　６６,,,,,,,,,,,,,,,,,,,,,,,,,5404,内田 壮,2026-01-27,2026-02-01,21,芦屋,一般,６５５　６　４６５　３６,2025-07-29,2025-08-03,21,芦屋,一般,６F６　６　６６６　５６,,,,,,,,,,,,,,,,,,,3752,宇土 泰就,2024-08-10,2024-08-15,21,芦屋,一般,３１６　４５５　６４５,2024-04-19,2024-04-24,21,芦屋,一般,３　４６４１６　５転５,2024-02-15,2024-02-18,21,芦屋,一般,５　３３６５５４,2023-09-07,2023-09-11,21,芦屋,一般,　　　　　　５３３落,2023-01-01,2023-01-06,21,芦屋,一般,６４５４３　１３６４４３,5257,西丸 侑太朗,2025-06-15,2025-06-20,21,芦屋,ＧⅢ,３３２　５４６　１２１,2024-10-12,2024-10-16,21,芦屋,一般,５５５　５　５３３,2024-05-26,2024-05-31,21,芦屋,一般,１２５　４６５２５４３,,,,,,,,,,,,
202607032110,2026-07-03,21,10R,5210,藤井 公人,2025-12-18,2025-12-23,21,芦屋,一般,４２２　２２３３４５２３,2024-12-14,2024-12-19,21,芦屋,ＧⅢ,　　　　　　　　　　２３,2024-08-24,2024-08-29,21,芦屋,一般,５５３　２転６４１,2024-06-21,2024-06-26,21,芦屋,一般,２２３　３５１２１３転５,2023-10-21,2023-10-25,21,芦屋,一般,２４５　６　５３５２,4504,前田 将太,2026-05-15,2026-05-20,21,芦屋,ＧⅠ,３　４　５２１　２　[６],2026-01-12,2026-01-17,21,芦屋,ＧⅠ,４　４　５６３,2025-04-08,2025-04-13,21,芦屋,一般,３１３４１１３　１１[４],2024-09-05,2024-09-10,21,芦屋,一般,１２６４３１１　１６１４,2024-08-01,2024-08-06,21,芦屋,ＧⅠ,６４２　１　６５１４５,3478,嶋田 貴支,2026-02-11,2026-02-16,21,芦屋,一般,２　６１５５４４３　４３,2024-10-25,2024-10-30,21,芦屋,一般,３６欠,2024-06-04,2024-06-09,21,芦屋,ＧⅢ,６　２６４　６３５　３６,2024-01-09,2024-01-14,21,芦屋,ＧⅢ,６２３　５５５　６２４,2023-07-07,2023-07-12,21,芦屋,一般,２　２３６　５６５　２２,4129,宇野 博之,2025-02-14,2025-02-17,21,芦屋,一般,６　４６５　１４,2023-10-31,2023-11-05,21,芦屋,一般,４６５６５　６,2023-03-20,2023-03-25,21,芦屋,ＧⅢ,３４６　４５４　５５４３,2020-03-14,2020-03-19,21,芦屋,ＧⅢ,１　２６５　１５１６５５,2019-12-06,2019-12-10,21,芦屋,一般,５　６６６４４　４２,4006,小野 勇作,2026-03-12,2026-03-17,21,芦屋,一般,５転５　５５５１２　５６,2026-02-11,2026-02-16,21,芦屋,一般,４　６５６６２１４６５,2024-10-25,2024-10-30,21,芦屋,一般,２　５４５　４１５２２２,2024-07-25,2024-07-28,21,芦屋,一般,６２５　６１４１,2024-04-19,2024-04-24,21,芦屋,一般,４６４　４１５　３３５５,4287,今井 貴士,2024-12-29,2025-01-03,21,芦屋,一般,１　６２１４１６３３２１,2024-11-05,2024-11-10,21,芦屋,一般,４２１３５４３　１４１４,2024-06-21,2024-06-26,21,芦屋,一般,６３５１１２３１２４１１,2024-02-04,2024-02-09,21,芦屋,ＧⅠ,５６３　４５１　６５６,2022-05-07,2022-05-12,21,芦屋,一般,１２２４５５１２１２[６]
202607032111,2026-07-03,21,11R,4958,溝口 海義也,2026-02-21,2026-02-26,21,芦屋,一般,３５１６３４６,2025-08-07,2025-08-11,21,芦屋,一般,１　４３１３３,2025-07-29,2025-08-03,21,芦屋,一般,　　　　　　　　　　３２,2024-01-09,2024-01-14,21,芦屋,ＧⅢ,１３２６３１５　１３３２,2023-12-16,2023-12-21,21,芦屋,一般,４４１３３　５１２５１６,3630,黒田 誠司,2025-01-23,2025-01-28,21,芦屋,一般,６３４　６５６　６,2024-07-14,2024-07-19,21,芦屋,一般,６　３３４３５　５６４３,2020-01-20,2020-01-25,21,芦屋,一般,２　３４２　５４５４２４,2019-05-16,2019-05-20,21,芦屋,一般,６２３　５５４５４,2017-01-29,2017-02-03,21,芦屋,一般,４２２　６６３　３２６１,4144,石塚 久也,2026-04-03,2026-04-07,21,芦屋,一般,５エ５,2025-04-23,2025-04-27,21,芦屋,一般,５５１　１１１３１１,2024-04-11,2024-04-16,21,芦屋,一般,２　２４１　２５１２[５],2023-10-21,2023-10-25,21,芦屋,一般,１　６１２５２６１４,2018-09-06,2018-09-09,21,芦屋,一般,３５１４１２[２],3211,北川 敏弘,2025-03-31,2025-04-03,21,芦屋,一般,１　３４６６３５,2024-08-24,2024-08-29,21,芦屋,一般,２４４　４６５　２欠,2023-11-18,2023-11-21,21,芦屋,一般,３３４　４　３５,2022-10-29,2022-11-03,21,芦屋,一般,２１４　３５４　３５２５,2022-08-20,2022-08-26,21,芦屋,一般,３１３　５４３　６５４　６,5292,佐藤 右京,2024-11-23,2024-11-28,21,芦屋,一般,３　６エ６　６６２　４５,,,,,,,,,,,,,,,,,,,,,,,,,4472,尾嶋 一広,2026-03-26,2026-03-31,21,芦屋,ＧⅢ,２４１　２４３２２６１６,2025-09-25,2025-09-30,21,芦屋,一般,３　１２２４３１３４１６,2024-05-09,2024-05-12,21,芦屋,一般,５３１４１　２３,2023-02-19,2023-02-24,21,芦屋,一般,１４２２２４１２３１[１],2022-10-20,2022-10-25,21,芦屋,一般,１１５　１１３５１５１３
202607032112,2026-07-03,21,12R,4278,藤岡 俊介,2025-02-22,2025-02-27,21,芦屋,一般,１２４　１３４６６５F３,2024-05-09,2024-05-12,21,芦屋,一般,１４２４１６１５,2023-10-21,2023-10-25,21,芦屋,一般,１２５３１　４３１１,2021-07-20,2021-07-25,21,芦屋,ＳＧ,２　５４６　２３１　５４,2020-05-10,2020-05-15,21,芦屋,ＧⅠ,２　６３６　１５２　５５,4004,山本 浩輔,2025-11-29,2025-12-04,21,芦屋,一般,３　４５５　３３６　３,2025-03-03,2025-03-08,21,芦屋,一般,２　３４６　６１５　６５,2024-10-19,2024-10-22,21,芦屋,一般,５　６４３　４２,2023-06-25,2023-06-30,21,芦屋,一般,４　４２４　６２５　１５,2023-03-20,2023-03-25,21,芦屋,ＧⅢ,１４２４４　５５６　２６,3963,原田 秀弥,2023-05-12,2023-05-16,21,芦屋,一般,１　２６２３１４１４,2021-09-28,2021-10-03,21,芦屋,一般,１　２３２５２４５６３６,2020-07-02,2020-07-07,21,芦屋,一般,３６２６２６１２１６２５,2020-01-11,2020-01-16,21,芦屋,一般,１６４４５２１２１６５５,2019-03-20,2019-03-25,21,芦屋,一般,５２５５３５１　２１２４,4514,上條 嘉嗣,2024-12-14,2024-12-19,21,芦屋,ＧⅢ,３　１３２５５１２４１２,2024-10-25,2024-10-30,21,芦屋,一般,１２２１１５１　３１[２],2023-09-19,2023-09-24,21,芦屋,一般,３１５　１１４５２３３２,2022-07-09,2022-07-14,21,芦屋,一般,１２３２５　２６６４１２,2021-03-07,2021-03-12,21,芦屋,一般,３３１５２　５５２　２３,3054,北川 幸典,2026-03-12,2026-03-17,21,芦屋,一般,１　５６５　４４３１,2025-03-22,2025-03-27,21,芦屋,一般,３　５３５　６３６　２１,2022-12-10,2022-12-14,21,芦屋,一般,３３４　２１４４１１,2022-03-04,2022-03-09,21,芦屋,一般,２　６転１１２６５　３４,2021-11-07,2021-11-12,21,芦屋,一般,３　１３２２３　１４４４,4614,石倉 洋行,2025-09-25,2025-09-30,21,芦屋,一般,３６３１１　４４１５１２,2025-03-31,2025-04-03,21,芦屋,一般,１F２　３　４,2024-05-19,2024-05-23,21,芦屋,一般,３２２１２　１１[３],2024-03-11,2024-03-17,21,芦屋,一般,転,2023-06-16,2023-06-21,21,芦屋,一般,１１１　１３４２３３１１
202607032201,2026-07-03,22,01R,3811,石田 章央,2025-04-23,2025-04-28,22,福岡,一般,３５２　１３２　５２[３],2024-07-13,2024-07-18,22,福岡,一般,１１４４６　４２１６２２,2020-05-12,2020-05-17,22,福岡,一般,１　４３１　１２３３４２,2016-11-22,2016-11-27,22,福岡,一般,１１５２３５５　２５２２,2015-08-22,2015-08-28,22,福岡,一般,３１３３２　２１２５３２,4293,鈴木 智啓,2026-04-20,2026-04-25,22,福岡,一般,５４２４１　３６１６１６,2025-09-01,2025-09-06,22,福岡,一般,５５３５３　５　３３１,2025-03-13,2025-03-18,22,福岡,一般,４　５１２５５２２１６２,2024-05-14,2024-05-19,22,福岡,一般,３２５　３２１５５５２５,2024-03-01,2024-03-05,22,福岡,一般,２　５４２５２　４３,4139,丹下 健,2026-02-28,2026-03-05,22,福岡,一般,６　３６４　５F６　５,2024-11-28,2024-12-03,22,福岡,一般,６２６　４６１　５２５,2023-12-01,2023-12-06,22,福岡,ＧⅢ,６６２　欠欠,2022-04-16,2022-04-21,22,福岡,一般,２　４４４　２１４６３６,2017-08-19,2017-08-24,22,福岡,一般,４２１３３５２　５２[２],3411,池上 隆行,2023-06-14,2023-06-19,22,福岡,一般,２　２５４　５６４　５５,2023-05-12,2023-05-17,22,福岡,一般,５２４　４２２　６２５３,2022-11-03,2022-11-08,22,福岡,一般,６　５３４　３５２３５６,2021-05-25,2021-05-30,22,福岡,一般,４　６４５　５３５　妨６,2021-01-21,2021-01-26,22,福岡,一般,４４１　６６１　５５４,5379,,,,,,,,,,,,,,,,,,,,,,,,,,,,,,,,5458,田中 大輝,2026-05-08,2026-05-13,22,福岡,一般,６　６４６　６４６　６６,,,,,,,,,,,,,,,,,,,,,,,,
202607032202,2026-07-03,22,02R,5338,香月 大輝,2026-04-29,2026-05-04,22,福岡,一般,４　３２６　５３６　２４,2025-12-05,2025-12-10,22,福岡,一般,４４４　６　６６５　６６,2025-07-02,2025-07-07,22,福岡,一般,３エ５　４１３　６３４３,2025-05-03,2025-05-08,22,福岡,一般,５５５　落　５６５　５,2025-03-03,2025-03-08,22,福岡,一般,　　　　　　　　６５６６,3544,豊田 訓靖,2016-10-05,2016-10-11,22,福岡,ＧⅢ,６　５４６　６６６　５,2014-05-10,2014-05-13,22,福岡,一般,２５５　６２４２,2011-09-01,2011-09-07,22,福岡,一般,３５２　４１６４５３５３,2011-04-09,2011-04-12,22,福岡,一般,６　１３３３２５,2009-11-03,2009-11-08,22,福岡,一般,１６４　１　６６５　１４,4180,上野 秀和,2025-04-04,2025-04-09,22,福岡,一般,２　６４２　２５２　６６,2023-08-11,2023-08-16,22,福岡,一般,３　２３５　６１２６３３,2023-01-14,2023-01-20,22,福岡,一般,１　５２３４５６５６４　３６,2022-08-27,2022-09-01,22,福岡,一般,３６５　４５６,2022-07-09,2022-07-13,22,福岡,一般,５　５４３　１５２５,4303,牧原 崇,2024-03-26,2024-03-31,22,福岡,一般,４５１　２６５　３５,2022-10-15,2022-10-20,22,福岡,一般,１　２４１　４２５１[２],2020-02-26,2020-03-01,22,福岡,一般,４　４１４６４　６５,2019-01-12,2019-01-17,22,福岡,一般,３　５３４１２２５３５５,2018-09-06,2018-09-10,22,福岡,一般,３６４２２　５　２５,5407,中岡 駿,2025-10-19,2025-10-24,22,福岡,一般,６　６５６　６５６　６５,,,,,,,,,,,,,,,,,,,,,,,,,4335,若林 将,2025-11-15,2025-11-20,22,福岡,一般,１４５　２３３４３４５６,2012-01-12,2012-01-17,22,福岡,ＧⅢ,６　沈４,2007-10-19,2007-10-23,22,福岡,一般,４　３６６　２１１６,,,,,,,,,,,,
202607032203,2026-07-03,22,03R,5352,西岡 蒼志,2026-01-26,2026-01-31,22,福岡,一般,２５１　５２２　４５１５,2025-10-19,2025-10-24,22,福岡,一般,４　F４５　５　５　５,2025-04-04,2025-04-09,22,福岡,一般,３５６　５４５　５　４４,,,,,,,,,,,,,5177,松井 貫太,2025-07-02,2025-07-07,22,福岡,一般,２６４　４１５　５２４６,2025-05-03,2025-05-08,22,福岡,一般,６５６　４　５５２　５,2024-11-05,2024-11-10,22,福岡,一般,５　５４５　６６５　３２,2024-08-17,2024-08-22,22,福岡,一般,２６５　３５４　２　３４,2024-07-24,2024-07-29,22,福岡,一般,　　　　　　　　　　６３,4832,権藤 俊光,2025-12-25,2025-12-30,22,福岡,一般,１　３４３４５１１４１２,2025-06-19,2025-06-24,22,福岡,一般,１４１１４４１　６１[５],2024-09-06,2024-09-11,22,福岡,ＧⅢ,１３２１２　４３１２[２],2022-11-13,2022-11-18,22,福岡,ＧⅠ,３６４　４２６　２２６,2022-05-26,2022-05-29,22,福岡,一般,１５２１２５１１,3663,木山 和幸,2025-09-21,2025-09-26,22,福岡,ＧⅢ,６　２６３　１３５３４１,2025-04-04,2025-04-09,22,福岡,一般,４６２　６３２　４５３,2025-01-14,2025-01-19,22,福岡,一般,６　４５２６１４３１６１,2024-05-23,2024-05-28,22,福岡,一般,１　３２４５４５６　４２,2022-10-25,2022-10-30,22,福岡,一般,４　１５５　５５３４５４,5383,,,,,,,,,,,,,,,,,,,,,,,,,,,,,,,,5434,,,,,,,,,,,,,,,,,,,,,,,,,,,,,,,
202607032204,2026-07-03,22,04R,4942,柴田 朋哉,2025-09-11,2025-09-16,22,福岡,一般,２２３　２５３　１３３１,2024-09-24,2024-09-29,22,福岡,一般,２　５４１２３２３３１６,2024-07-02,2024-07-07,22,福岡,一般,３１４　３３３２６４１３,2024-01-03,2024-01-08,22,福岡,一般,１　２５５　５６３　３４,2023-09-19,2023-09-24,22,福岡,一般,２２５　４５６　５６５,4074,柳沢 一,2025-07-23,2025-07-28,22,福岡,一般,１２１２２４６　２２[転],2024-12-08,2024-12-13,22,福岡,ＧⅠ,５５５　１　６２５３４,2023-08-22,2023-08-27,22,福岡,ＳＧ,６　３３１　６　６５４,2023-05-21,2023-05-26,22,福岡,一般,５６３１５１３１３６１６,2022-11-13,2022-11-18,22,福岡,ＧⅠ,１３４　５　６６６５４,5282,,,,,,,,,,,,,,,,,,,,,,,,,,,,,,,,3502,渡邉 英児,2024-10-26,2024-10-31,22,福岡,ＧⅢ,６５６　６１５５５　３５,2024-07-24,2024-07-29,22,福岡,一般,２６５　１１３　転６１５,2023-02-04,2023-02-09,22,福岡,一般,１１１　５１１４６１[４],2019-11-09,2019-11-14,22,福岡,ＧⅠ,１　６６３　６　２３１,2019-09-05,2019-09-09,22,福岡,一般,３２１４１１５１[２],5432,,,,,,,,,,,,,,,,,,,,,,,,,,,,,,,,5033,藤原 孝斗,2026-03-10,2026-03-15,22,福岡,一般,２５６　６６５　６５６,2025-10-19,2025-10-24,22,福岡,一般,５　４４５５４　５５５３,2025-07-23,2025-07-28,22,福岡,一般,５６５　４５５　４４５,2024-01-13,2024-01-18,22,福岡,一般,１　４２２　６６４６１４,,,,,,
202607032205,2026-07-03,22,05R,4293,鈴木 智啓,2026-04-20,2026-04-25,22,福岡,一般,５４２４１　３６１６１６,2025-09-01,2025-09-06,22,福岡,一般,５５３５３　５　３３１,2025-03-13,2025-03-18,22,福岡,一般,４　５１２５５２２１６２,2024-05-14,2024-05-19,22,福岡,一般,３２５　３２１５５５２５,2024-03-01,2024-03-05,22,福岡,一般,２　５４２５２　４３,4669,井上 茂,2026-01-03,2026-01-08,22,福岡,一般,４　３４２　３６５４落２,2025-07-23,2025-07-28,22,福岡,一般,　　　　　　　　　　３６,2024-04-25,2024-04-30,22,福岡,一般,３　５４転　５５４　２２,2024-01-03,2024-01-08,22,福岡,一般,４　５３６　２５４　６,2022-08-08,2022-08-13,22,福岡,一般,２　５４４４２３４　５６,3911,鈴木 猛,2026-01-14,2026-01-19,22,福岡,一般,１６２５転６３　６　４１,2024-10-26,2024-10-31,22,福岡,ＧⅢ,５　３３転　２６１３４６,2024-10-03,2024-10-08,22,福岡,一般,４５５　５６３　６５２,2024-03-26,2024-03-31,22,福岡,一般,１４３　５４４　４６,2022-04-16,2022-04-21,22,福岡,一般,４　５４４４４４３　４４,4133,高橋 正男,2025-09-21,2025-09-26,22,福岡,ＧⅢ,４５３　３５１５３　１１,2025-04-23,2025-04-28,22,福岡,一般,３６１　４３４　４４３,2023-09-19,2023-09-24,22,福岡,一般,１１４　５５５３１　６１,2022-10-15,2022-10-20,22,福岡,一般,２５２１２３５２３２[４],2021-12-17,2021-12-21,22,福岡,一般,１　２２１２４２[３],5453,,,,,,,,,,,,,,,,,,,,,,,,,,,,,,,,3978,齊藤 仁,2025-04-13,2025-04-18,22,福岡,ＧⅠ,３３４　２　６６５２５,2025-02-19,2025-02-24,22,福岡,一般,２３３　３１１２５５３３,2024-10-12,2024-10-17,22,福岡,一般,１３２２２１３　５２[３],2024-07-13,2024-07-18,22,福岡,一般,１３１２３　５１２１[２],2024-03-26,2024-03-31,22,福岡,一般,３４３６２３１６２６
202607032206,2026-07-03,22,06R,4200,早川 尚人,2025-09-11,2025-09-16,22,福岡,一般,３５１　２４４　６４４,2024-12-25,2024-12-30,22,福岡,一般,５５４　３２６　６３１１,2024-10-03,2024-10-08,22,福岡,一般,２４４　３　２６４　６３,2024-03-09,2024-03-13,22,福岡,一般,５　３２１　５２[６],2023-12-01,2023-12-06,22,福岡,ＧⅢ,３　６５２　５４５４２３,4139,丹下 健,2026-02-28,2026-03-05,22,福岡,一般,６　３６４　５F６　５,2024-11-28,2024-12-03,22,福岡,一般,６２６　４６１　５２５,2023-12-01,2023-12-06,22,福岡,ＧⅢ,６６２　欠欠,2022-04-16,2022-04-21,22,福岡,一般,２　４４４　２１４６３６,2017-08-19,2017-08-24,22,福岡,一般,４２１３３５２　５２[２],4495,森 晋太郎,2025-12-25,2025-12-30,22,福岡,一般,１２５１５　F４５　５,2025-10-28,2025-11-02,22,福岡,一般,１３４　２３３　４４１４,2025-01-03,2025-01-09,22,福岡,一般,３６５　４５２　６　４５２,2024-07-13,2024-07-18,22,福岡,一般,４５３６５　２　６２４,2024-01-03,2024-01-08,22,福岡,一般,６１６　４４５　６　２４,3306,武田 正紀,2025-04-04,2025-04-09,22,福岡,一般,６３６　４１３　３１６,2024-11-28,2024-12-03,22,福岡,一般,５２１　５３３　６３４５,2024-06-11,2024-06-16,22,福岡,一般,６　３１２　１３２４３４,2022-07-26,2022-07-31,22,福岡,一般,１　４６４　５４３２５６,2012-06-26,2012-07-01,22,福岡,一般,４４５　４３６　４４２,5023,久永 祥平,2025-09-11,2025-09-16,22,福岡,一般,４３２　２１５　１５５４,2024-11-05,2024-11-10,22,福岡,一般,３１３　６４５６２　４４,2024-09-06,2024-09-11,22,福岡,ＧⅢ,５５４５３　４２６　５,2023-07-19,2023-07-23,22,福岡,一般,５　１６５５２　４５,,,,,,,5017,澤田 尚也,2023-01-14,2023-01-20,22,福岡,一般,１４２　５２２１２４２２[４],2022-09-07,2022-09-12,22,福岡,ＧⅠ,６　５　４３５　エ２３２,2021-11-21,2021-11-26,22,福岡,一般,３４３５３２６　４４１２,2021-08-31,2021-09-05,22,福岡,一般,２１４５１　１４１１[３],2019-04-04,2019-04-09,22,福岡,一般,４　５６２　２３３　F５
202607032207,2026-07-03,22,07R,4470,平田 健之佑,2023-07-19,2023-07-23,22,福岡,一般,１３２　４６１３３２,2023-05-21,2023-05-26,22,福岡,一般,３６３２４１４　１４５１,2022-12-01,2022-12-06,22,福岡,ＧⅢ,３４２４３４４　５３６,2022-05-26,2022-05-29,22,福岡,一般,１２３４５３４２,2019-08-20,2019-08-25,22,福岡,一般,６　１エ５６４６落　３２,4303,牧原 崇,2024-03-26,2024-03-31,22,福岡,一般,４５１　２６５　３５,2022-10-15,2022-10-20,22,福岡,一般,１　２４１　４２５１[２],2020-02-26,2020-03-01,22,福岡,一般,４　４１４６４　６５,2019-01-12,2019-01-17,22,福岡,一般,３　５３４１２２５３５５,2018-09-06,2018-09-10,22,福岡,一般,３６４２２　５　２５,4348,宮崎 奨,2026-01-14,2026-01-19,22,福岡,一般,２　３２,2024-02-20,2024-02-25,22,福岡,一般,４４２２１３６　１４４４,2023-06-14,2023-06-19,22,福岡,一般,６３,2022-05-19,2022-05-22,22,福岡,一般,５２１４１４４２,2022-02-15,2022-02-20,22,福岡,一般,１５３１３６３３３５２２,5434,,,,,,,,,,,,,,,,,,,,,,,,,,,,,,,,4877,鈴谷 一平,2025-10-10,2025-10-15,22,福岡,一般,５６３２１　２２４２[４],2024-03-18,2024-03-22,22,福岡,一般,１４１３４　２３３４,2022-06-11,2022-06-16,22,福岡,ＧⅢ,１５１　６４２　５　４６,2021-08-31,2021-09-05,22,福岡,一般,４　３６２　３６３４３２,2017-09-16,2017-09-20,22,福岡,一般,６６６　４　１２,5405,,,,,,,,,,,,,,,,,,,,,,,,,,,,,,,
202607032208,2026-07-03,22,08R,4930,佐藤 悠,2025-04-23,2025-04-28,22,福岡,一般,１　４４２　２２５１[落],2023-04-25,2023-04-29,22,福岡,一般,３４６　２３５　５６,2022-11-22,2022-11-27,22,福岡,一般,１１１　２２３６４２[６],2021-08-31,2021-09-05,22,福岡,一般,エ,2018-09-06,2018-09-10,22,福岡,一般,５　６５６　６４６,4832,権藤 俊光,2025-12-25,2025-12-30,22,福岡,一般,１　３４３４５１１４１２,2025-06-19,2025-06-24,22,福岡,一般,１４１１４４１　６１[５],2024-09-06,2024-09-11,22,福岡,ＧⅢ,１３２１２　４３１２[２],2022-11-13,2022-11-18,22,福岡,ＧⅠ,３６４　４２６　２２６,2022-05-26,2022-05-29,22,福岡,一般,１５２１２５１１,5359,,,,,,,,,,,,,,,,,,,,,,,,,,,,,,,,5338,香月 大輝,2026-04-29,2026-05-04,22,福岡,一般,４　３２６　５３６　２４,2025-12-05,2025-12-10,22,福岡,一般,４４４　６　６６５　６６,2025-07-02,2025-07-07,22,福岡,一般,３エ５　４１３　６３４３,2025-05-03,2025-05-08,22,福岡,一般,５５５　落　５６５　５,2025-03-03,2025-03-08,22,福岡,一般,　　　　　　　　６５６６,5458,田中 大輝,2026-05-08,2026-05-13,22,福岡,一般,６　６４６　６４６　６６,,,,,,,,,,,,,,,,,,,,,,,,,4574,東 潤樹,2025-12-05,2025-12-10,22,福岡,一般,２４３　４５２　４１２４,2025-08-21,2025-08-26,22,福岡,一般,４６３　６３５　５　４４,2025-04-23,2025-04-28,22,福岡,一般,５　６５６１１　４　５３,2024-11-28,2024-12-03,22,福岡,一般,３６４　３３２　４４６５,2023-09-09,2023-09-14,22,福岡,一般,１５３　４２１６５６２３
202607032209,2026-07-03,22,09R,4711,前出 達吉,2026-01-26,2026-01-31,22,福岡,一般,３５２１１　１４１５６２,2024-09-15,2024-09-20,22,福岡,一般,６４３　１３４５３　４４,2024-03-18,2024-03-22,22,福岡,一般,４２５　２３２４６２,2022-02-24,2022-03-01,22,福岡,一般,４　６５４４４５６４２,2021-01-30,2021-02-04,22,福岡,一般,２４２　３３３　１５２５,3911,鈴木 猛,2026-01-14,2026-01-19,22,福岡,一般,１６２５転６３　６　４１,2024-10-26,2024-10-31,22,福岡,ＧⅢ,５　３３転　２６１３４６,2024-10-03,2024-10-08,22,福岡,一般,４５５　５６３　６５２,2024-03-26,2024-03-31,22,福岡,一般,１４３　５４４　４６,2022-04-16,2022-04-21,22,福岡,一般,４　５４４４４４３　４４,3502,渡邉 英児,2024-10-26,2024-10-31,22,福岡,ＧⅢ,６５６　６１５５５　３５,2024-07-24,2024-07-29,22,福岡,一般,２６５　１１３　転６１５,2023-02-04,2023-02-09,22,福岡,一般,１１１　５１１４６１[４],2019-11-09,2019-11-14,22,福岡,ＧⅠ,１　６６３　６　２３１,2019-09-05,2019-09-09,22,福岡,一般,３２１４１１５１[２],4335,若林 将,2025-11-15,2025-11-20,22,福岡,一般,１４５　２３３４３４５６,2012-01-12,2012-01-17,22,福岡,ＧⅢ,６　沈４,2007-10-19,2007-10-23,22,福岡,一般,４　３６６　２１１６,,,,,,,,,,,,,5352,西岡 蒼志,2026-01-26,2026-01-31,22,福岡,一般,２５１　５２２　４５１５,2025-10-19,2025-10-24,22,福岡,一般,４　F４５　５　５　５,2025-04-04,2025-04-09,22,福岡,一般,３５６　５４５　５　４４,,,,,,,,,,,,,4666,日笠 勝弘,2025-03-03,2025-03-08,22,福岡,一般,３６３　４６５１４　３１,2024-10-03,2024-10-08,22,福岡,一般,３　１１４６４　１６５６,2024-03-01,2024-03-05,22,福岡,一般,１　３４１５２４２１,2017-07-05,2017-07-09,22,福岡,一般,４５６　１　１３３３,,,,,,
202607032210,2026-07-03,22,10R,3556,田中 信一郎,2026-01-26,2026-01-31,22,福岡,一般,１３５３１　６２１３３３,2024-02-20,2024-02-25,22,福岡,一般,４６１　２２３３３５６２,2023-02-25,2023-03-02,22,福岡,一般,２　２３１１２１３１[３],2021-05-25,2021-05-30,22,福岡,一般,５１４２１４１１５１[３],2020-11-18,2020-11-22,22,福岡,一般,４２１　４３１１[３],3663,木山 和幸,2025-09-21,2025-09-26,22,福岡,ＧⅢ,６　２６３　１３５３４１,2025-04-04,2025-04-09,22,福岡,一般,４６２　６３２　４５３,2025-01-14,2025-01-19,22,福岡,一般,６　４５２６１４３１６１,2024-05-23,2024-05-28,22,福岡,一般,１　３２４５４５６　４２,2022-10-25,2022-10-30,22,福岡,一般,４　１５５　５５３４５４,5023,久永 祥平,2025-09-11,2025-09-16,22,福岡,一般,４３２　２１５　１５５４,2024-11-05,2024-11-10,22,福岡,一般,３１３　６４５６２　４４,2024-09-06,2024-09-11,22,福岡,ＧⅢ,５５４５３　４２６　５,2023-07-19,2023-07-23,22,福岡,一般,５　１６５５２　４５,,,,,,,5407,中岡 駿,2025-10-19,2025-10-24,22,福岡,一般,６　６５６　６５６　６５,,,,,,,,,,,,,,,,,,,,,,,,,4942,柴田 朋哉,2025-09-11,2025-09-16,22,福岡,一般,２２３　２５３　１３３１,2024-09-24,2024-09-29,22,福岡,一般,２　５４１２３２３３１６,2024-07-02,2024-07-07,22,福岡,一般,３１４　３３３２６４１３,2024-01-03,2024-01-08,22,福岡,一般,１　２５５　５６３　３４,2023-09-19,2023-09-24,22,福岡,一般,２２５　４５６　５６５,4133,高橋 正男,2025-09-21,2025-09-26,22,福岡,ＧⅢ,４５３　３５１５３　１１,2025-04-23,2025-04-28,22,福岡,一般,３６１　４３４　４４３,2023-09-19,2023-09-24,22,福岡,一般,１１４　５５５３１　６１,2022-10-15,2022-10-20,22,福岡,一般,２５２１２３５２３２[４],2021-12-17,2021-12-21,22,福岡,一般,１　２２１２４２[３]
202607032211,2026-07-03,22,11R,4191,赤羽 克也,2025-10-28,2025-11-02,22,福岡,一般,３　２２１,2025-02-19,2025-02-24,22,福岡,一般,１　３６３４３５１４５５,2023-06-03,2023-06-08,22,福岡,一般,２２１１３２６,2023-05-12,2023-05-17,22,福岡,一般,１２１１１　３４１１[４],2023-01-14,2023-01-20,22,福岡,一般,４４３６３１６２１　１４１１,3811,石田 章央,2025-04-23,2025-04-28,22,福岡,一般,３５２　１３２　５２[３],2024-07-13,2024-07-18,22,福岡,一般,１１４４６　４２１６２２,2020-05-12,2020-05-17,22,福岡,一般,１　４３１　１２３３４２,2016-11-22,2016-11-27,22,福岡,一般,１１５２３５５　２５２２,2015-08-22,2015-08-28,22,福岡,一般,３１３３２　２１２５３２,5017,澤田 尚也,2023-01-14,2023-01-20,22,福岡,一般,１４２　５２２１２４２２[４],2022-09-07,2022-09-12,22,福岡,ＧⅠ,６　５　４３５　エ２３２,2021-11-21,2021-11-26,22,福岡,一般,３４３５３２６　４４１２,2021-08-31,2021-09-05,22,福岡,一般,２１４５１　１４１１[３],2019-04-04,2019-04-09,22,福岡,一般,４　５６２　２３３　F５,4348,宮崎 奨,2026-01-14,2026-01-19,22,福岡,一般,２　３２,2024-02-20,2024-02-25,22,福岡,一般,４４２２１３６　１４４４,2023-06-14,2023-06-19,22,福岡,一般,６３,2022-05-19,2022-05-22,22,福岡,一般,５２１４１４４２,2022-02-15,2022-02-20,22,福岡,一般,１５３１３６３３３５２２,5282,,,,,,,,,,,,,,,,,,,,,,,,,,,,,,,,5177,松井 貫太,2025-07-02,2025-07-07,22,福岡,一般,２６４　４１５　５２４６,2025-05-03,2025-05-08,22,福岡,一般,６５６　４　５５２　５,2024-11-05,2024-11-10,22,福岡,一般,５　５４５　６６５　３２,2024-08-17,2024-08-22,22,福岡,一般,２６５　３５４　２　３４,2024-07-24,2024-07-29,22,福岡,一般,　　　　　　　　　　６３
202607032212,2026-07-03,22,12R,4074,柳沢 一,2025-07-23,2025-07-28,22,福岡,一般,１２１２２４６　２２[転],2024-12-08,2024-12-13,22,福岡,ＧⅠ,５５５　１　６２５３４,2023-08-22,2023-08-27,22,福岡,ＳＧ,６　３３１　６　６５４,2023-05-21,2023-05-26,22,福岡,一般,５６３１５１３１３６１６,2022-11-13,2022-11-18,22,福岡,ＧⅠ,１３４　５　６６６５４,3978,齊藤 仁,2025-04-13,2025-04-18,22,福岡,ＧⅠ,３３４　２　６６５２５,2025-02-19,2025-02-24,22,福岡,一般,２３３　３１１２５５３３,2024-10-12,2024-10-17,22,福岡,一般,１３２２２１３　５２[３],2024-07-13,2024-07-18,22,福岡,一般,１３１２３　５１２１[２],2024-03-26,2024-03-31,22,福岡,一般,３４３６２３１６２６,4877,鈴谷 一平,2025-10-10,2025-10-15,22,福岡,一般,５６３２１　２２４２[４],2024-03-18,2024-03-22,22,福岡,一般,１４１３４　２３３４,2022-06-11,2022-06-16,22,福岡,ＧⅢ,１５１　６４２　５　４６,2021-08-31,2021-09-05,22,福岡,一般,４　３６２　３６３４３２,2017-09-16,2017-09-20,22,福岡,一般,６６６　４　１２,4180,上野 秀和,2025-04-04,2025-04-09,22,福岡,一般,２　６４２　２５２　６６,2023-08-11,2023-08-16,22,福岡,一般,３　２３５　６１２６３３,2023-01-14,2023-01-20,22,福岡,一般,１　５２３４５６５６４　３６,2022-08-27,2022-09-01,22,福岡,一般,３６５　４５６,2022-07-09,2022-07-13,22,福岡,一般,５　５４３　１５２５,4930,佐藤 悠,2025-04-23,2025-04-28,22,福岡,一般,１　４４２　２２５１[落],2023-04-25,2023-04-29,22,福岡,一般,３４６　２３５　５６,2022-11-22,2022-11-27,22,福岡,一般,１１１　２２３６４２[６],2021-08-31,2021-09-05,22,福岡,一般,エ,2018-09-06,2018-09-10,22,福岡,一般,５　６５６　６４６,4495,森 晋太郎,2025-12-25,2025-12-30,22,福岡,一般,１２５１５　F４５　５,2025-10-28,2025-11-02,22,福岡,一般,１３４　２３３　４４１４,2025-01-03,2025-01-09,22,福岡,一般,３６５　４５２　６　４５２,2024-07-13,2024-07-18,22,福岡,一般,４５３６５　２　６２４,2024-01-03,2024-01-08,22,福岡,一般,６１６　４４５　６　２４
202607032301,2026-07-03,23,01R,4786,佐藤 博亮,2025-06-05,2025-06-10,23,からつ,ＧⅠ,５　３６５　３　４３３,2023-07-11,2023-07-16,23,からつ,ＧⅡ,１５２　転,2023-06-11,2023-06-14,23,からつ,一般,１１３１２２[１],2023-04-12,2023-04-16,23,からつ,一般,２　１６１１１２[３],2018-07-07,2018-07-12,23,からつ,一般,１４３　２４６４１４,5211,高井 駿弥,2026-02-23,2026-02-28,23,からつ,一般,５６４　５　３２２　４２,,,,,,,,,,,,,,,,,,,,,,,,,4425,大井 清貴,2025-08-19,2025-08-24,23,からつ,一般,６　３１４　４４１　２３,2025-05-19,2025-05-24,23,からつ,一般,４３５　２　２５４２２３,2024-03-17,2024-03-22,23,からつ,一般,６　５６６４３　２２５４,2023-12-12,2023-12-17,23,からつ,ＧⅢ,６　３２５５５　６５４,2023-05-31,2023-06-04,23,からつ,一般,１　１２４１１１[１],4271,川崎 公靖,2026-03-06,2026-03-09,23,からつ,一般,５６４　２３１,2025-09-21,2025-09-26,23,からつ,一般,３３２　１６６　４　２４,2025-04-10,2025-04-15,23,からつ,一般,４　４６４４４　６　２２,2024-11-14,2024-11-17,23,からつ,一般,５　３５３　３１,2024-04-17,2024-04-21,23,からつ,一般,３３２６５　２　２３,5285,,,,,,,,,,,,,,,,,,,,,,,,,,,,,,,,3568,木村 光宏,2026-01-22,2026-01-26,23,からつ,一般,５　６６１３５６４５,2024-11-20,2024-11-25,23,からつ,一般,５２５,2024-04-04,2024-04-07,23,からつ,一般,２２３　６２[３],2022-05-25,2022-05-29,23,からつ,一般,２　５２４２５４２３,2022-03-22,2022-03-27,23,からつ,一般,６１２　５４１　５４４２
202607032302,2026-07-03,23,02R,4991,宗行 治哉,2025-03-06,2025-03-09,23,からつ,一般,４５５５１　２,2024-06-15,2024-06-20,23,からつ,ＧⅢ,１３４　２２５　３　３４,2022-10-19,2022-10-24,23,からつ,ＧⅢ,３６５　５２５　２４３５,2021-07-20,2021-07-25,23,からつ,一般,２５６　３５１　５１４１,2021-04-01,2021-04-04,23,からつ,一般,３　６２４３４転,4434,田中 辰彦,2026-02-15,2026-02-19,23,からつ,一般,２４３２１　５４４２,2023-02-25,2023-02-28,23,からつ,一般,１２F１５　４,2021-07-05,2021-07-10,23,からつ,一般,４４３　２転,2020-11-16,2020-11-20,23,からつ,一般,１２６２３　１１[６],2020-08-20,2020-08-24,23,からつ,一般,２１２３３　３３２１,5009,大賀 龍之介,2025-12-14,2025-12-17,23,からつ,一般,２　２転４　２１,2024-09-23,2024-09-26,23,からつ,一般,５２１　１３[６],2023-08-10,2023-08-16,23,からつ,一般,３６５　５２３　１５F,2022-11-25,2022-11-30,23,からつ,一般,６　３５３６４４４　１,2022-09-15,2022-09-22,23,からつ,一般,５　１５１５６　３３１５,4840,鈴木 秀茉,2022-05-25,2022-05-29,23,からつ,一般,５６４４３　５６４,2022-01-12,2022-01-17,23,からつ,一般,３４４　４６３　６　３３,,,,,,,,,,,,,,,,,,,5391,出穂 和鼓,2025-12-20,2025-12-23,23,からつ,一般,５４４　６　４４,2025-07-07,2025-07-12,23,からつ,一般,　　　　　　５　５６６,2025-03-25,2025-03-30,23,からつ,一般,６　５６６６６　６　６６,,,,,,,,,,,,,4071,古賀 千晶,2026-03-06,2026-03-09,23,からつ,一般,４５５　３１４４,2025-07-07,2025-07-12,23,からつ,一般,２２１３４　３２２５１３,2025-02-10,2025-02-13,23,からつ,一般,２６３６１　３１,2024-02-14,2024-02-19,23,からつ,一般,１　１転３３２１４４１５,2023-02-15,2023-02-20,23,からつ,一般,２１３　４５４１１５落３
202607032303,2026-07-03,23,03R,5028,原田 才一郎,2025-12-20,2025-12-23,23,からつ,一般,２３２１３１[６],2024-06-15,2024-06-20,23,からつ,ＧⅢ,６６５　４６１　２４５４,2023-12-24,2023-12-29,23,からつ,一般,１６１１１　３１５２[３],2023-01-07,2023-01-11,23,からつ,一般,２４２　１４６欠,2021-07-14,2021-07-17,23,からつ,一般,３　４５４　２１,4871,菊池 宏志,2025-07-16,2025-07-20,23,からつ,一般,４１２５６　３３２６,2024-02-27,2024-03-04,23,からつ,一般,６６１　６　５６４５４４４３,2022-06-30,2022-07-03,23,からつ,一般,２　６５４　F３,2022-03-22,2022-03-27,23,からつ,一般,２５２　３　５３５５３４,2021-05-15,2021-05-20,23,からつ,一般,６　転３６５５　５３３３,5299,西丸 敦基,2024-06-01,2024-06-06,23,からつ,一般,３　６６３　４３２６５,2023-09-12,2023-09-17,23,からつ,一般,６　５　６６６６６　２６,,,,,,,,,,,,,,,,,,,3232,山川 美由紀,2026-01-04,2026-01-09,23,からつ,ＧⅢ,３３１　３５３３２６６３,2025-07-07,2025-07-12,23,からつ,一般,１３２２４　１３５５１５,2023-02-15,2023-02-20,23,からつ,一般,３３１　３４４１１２[６],2018-07-19,2018-07-23,23,からつ,一般,１　６５３４１５１４,2017-07-02,2017-07-07,23,からつ,一般,４　５１１３３４１４４４,4854,大橋 由珠,2022-02-10,2022-02-15,23,からつ,ＧⅢ,１　４４５２５２１　２１,2021-02-11,2021-02-16,23,からつ,一般,１５５　４２６　１３３２,2019-07-29,2019-08-03,23,からつ,一般,４　２１４２４　６５３４,2017-08-19,2017-08-24,23,からつ,一般,５５５　６　５４転５６６,2017-04-07,2017-04-12,23,からつ,一般,４６３６１　３　５６３６,4680,後藤 美翼,2025-07-07,2025-07-12,23,からつ,一般,４５５１４　１４３　３３,2025-03-25,2025-03-30,23,からつ,一般,２　６２４２４　２　妨３,2024-02-14,2024-02-19,23,からつ,一般,３３１４１　４４２５１２,2023-04-29,2023-05-04,23,からつ,ＧⅢ,３４１２２　１６３３２２,,,,,,
202607032304,2026-07-03,23,04R,4382,高山 智至,2025-08-02,2025-08-06,23,からつ,一般,２４６　４１３３２１,2025-05-19,2025-05-24,23,からつ,一般,５６５　５　４４３６５,2024-09-01,2024-09-06,23,からつ,一般,２４６　３１５　４６１６,2023-12-24,2023-12-29,23,からつ,一般,５　５５６,2023-03-05,2023-03-08,23,からつ,一般,５　６６６　４３,4977,馬野 耀,2025-09-30,2025-10-05,23,からつ,ＧⅢ,６　２５１２２３１４４６,2024-11-20,2024-11-25,23,からつ,一般,４　５４F１３　６　１,2023-05-31,2023-06-04,23,からつ,一般,４４４２５　６　２２,2021-09-24,2021-09-29,23,からつ,一般,３４３　２　２６１４４４,2020-09-09,2020-09-14,23,からつ,一般,５２２　２２４　２２３,4023,柴田 友和,2026-02-15,2026-02-19,23,からつ,一般,６　３１５３６　２５,2025-03-06,2025-03-09,23,からつ,一般,３　３３６２４３,2024-11-20,2024-11-25,23,からつ,一般,２　４４６２５　５２３５,2023-03-26,2023-03-31,23,からつ,一般,３２４　２６５　４５５１,2023-01-07,2023-01-11,23,からつ,一般,３　５６５６６３５４,4294,古賀 繁輝,2026-06-22,2026-06-27,23,からつ,一般,　　　　　　　　　　１５,2026-05-01,2026-05-06,23,からつ,一般,３４３３２　１１２４１２,2026-03-17,2026-03-22,23,からつ,ＧⅡ,２４１　４１１　１　[１],2026-01-30,2026-02-04,23,からつ,ＧⅠ,４２１　２　４５６　１６,2025-12-27,2026-01-01,23,からつ,一般,３　１５３１２　３４１４,5201,村上 宗太郎,2025-08-19,2025-08-24,23,からつ,一般,６６６　６６６６４　６４,2022-12-21,2022-12-26,23,からつ,一般,３　４２３５６３５　２３,,,,,,,,,,,,,,,,,,,4428,有賀 達也,2026-01-14,2026-01-19,23,からつ,一般,１２２５２　４転,2025-06-14,2025-06-17,23,からつ,一般,１３１４３　[６],2024-09-30,2024-10-05,23,からつ,一般,１１２　６３４２５４５４,2023-04-05,2023-04-09,23,からつ,一般,１１１　５２３２[４],2022-12-04,2022-12-09,23,からつ,ＧⅠ,６　５５６
202607032305,2026-07-03,23,05R,5224,西岡 顕心,2026-03-17,2026-03-22,23,からつ,ＧⅡ,１３１　転３２　４　１２,2024-10-28,2024-10-31,23,からつ,一般,１２２５３６１転,2023-10-04,2023-10-08,23,からつ,一般,２４４　３６１　４５,2022-11-25,2022-11-30,23,からつ,一般,４　６　５５６　５４６５,2022-09-29,2022-10-04,23,からつ,一般,６　５５エ　３　４転６４,4568,廣瀬 真也,2024-07-20,2024-07-24,23,からつ,一般,３　１６６４３　６２,2023-04-05,2023-04-09,23,からつ,一般,４６３６２　１　２３,2022-12-21,2022-12-26,23,からつ,一般,３１３５４　４　４３[６],2018-10-26,2018-10-31,23,からつ,一般,１２５１６　１３２６２４,2018-07-07,2018-07-12,23,からつ,一般,６２１　３６２３３３,4358,松本 庸平,2025-06-14,2025-06-17,23,からつ,一般,３　６６５　６６,2019-12-21,2019-12-24,23,からつ,一般,６４４　２４５４,2018-10-26,2018-10-31,23,からつ,一般,６３５１３　４　２６３,2018-06-09,2018-06-13,23,からつ,一般,２２４６１　５６２４,2016-07-08,2016-07-13,23,からつ,一般,５３５　１６２６６　５４,5211,高井 駿弥,2026-02-23,2026-02-28,23,からつ,一般,５６４　５　３２２　４２,,,,,,,,,,,,,,,,,,,,,,,,,4424,松尾 昂明,2025-12-14,2025-12-17,23,からつ,一般,１２２３３４４５,2025-06-14,2025-06-17,23,からつ,一般,２２４２１　１１,2025-02-18,2025-02-21,23,からつ,一般,１４２１３１[６],2024-12-20,2024-12-25,23,からつ,ＧⅢ,２１１　１１１４２１[１],2023-04-12,2023-04-16,23,からつ,一般,５　６４３２５４１３,5431,得山 大輝,2026-01-14,2026-01-19,23,からつ,一般,５　６転６　６５６　５５,,,,,,,,,,,,,,,,,,,,,,,,
202607032306,2026-07-03,23,06R,5285,,,,,,,,,,,,,,,,,,,,,,,,,,,,,,,,5139,大場 恒季,2026-03-17,2026-03-22,23,からつ,ＧⅡ,４　５３４　３６５４４,2023-07-22,2023-07-27,23,からつ,一般,２６２　２６１５３５１４,,,,,,,,,,,,,,,,,,,4840,鈴木 秀茉,2022-05-25,2022-05-29,23,からつ,一般,５６４４３　５６４,2022-01-12,2022-01-17,23,からつ,一般,３４４　４６３　６　３３,,,,,,,,,,,,,,,,,,,4556,竹井 奈美,2026-01-30,2026-02-04,23,からつ,ＧⅠ,４３５　４　１３１　２５,2025-04-19,2025-04-24,23,からつ,一般,２　３１１　２３４２[６],2020-07-14,2020-07-19,23,からつ,一般,１　６４３５１２４　１,2020-02-13,2020-02-18,23,からつ,ＧⅠ,３３６　４　１５３５１,2019-07-29,2019-08-03,23,からつ,一般,３妨４５３　３１３　１,4788,小池 哲也,2025-06-05,2025-06-10,23,からつ,ＧⅠ,６　６　４６６　４４５,2024-09-23,2024-09-26,23,からつ,一般,１６２５２４３３,2024-07-13,2024-07-16,23,からつ,一般,１６５３１４２３,2023-12-24,2023-12-29,23,からつ,一般,２３２５５　５　１２[５],2023-07-01,2023-07-06,23,からつ,一般,２　２３４６２６２３２３,5207,高山 敬悟,2024-09-23,2024-09-26,23,からつ,一般,６　６４４６３,2024-06-25,2024-06-30,23,からつ,一般,６６３　６　６５６　３５,2023-06-22,2023-06-27,23,からつ,一般,５　２６３　２６３　３６,2023-01-22,2023-01-27,23,からつ,一般,６６６　６　２５６　５２,2022-06-02,2022-06-06,23,からつ,一般,５　F６６　６　６
202607032307,2026-07-03,23,07R,5271,杉山 太陽,2025-02-10,2025-02-13,23,からつ,一般,　　　　３　４６,2025-01-07,2025-01-10,23,からつ,一般,　　　　転３５,2024-04-17,2024-04-21,23,からつ,一般,６６６　F　４　６,2023-03-17,2023-03-21,23,からつ,一般,６　６５５不６F６,2022-12-21,2022-12-26,23,からつ,一般,５６６　５６６５６６６,4466,南 佑典,2025-04-19,2025-04-24,23,からつ,一般,４２２４２２５　３６４６,2023-05-09,2023-05-14,23,からつ,一般,４４５　１３４　１　５４,2021-08-21,2021-08-24,23,からつ,一般,４２４４３　１２,2020-05-13,2020-05-18,23,からつ,一般,１２５４２　２　１２[３],2020-03-12,2020-03-16,23,からつ,一般,２１１　３１２１[４],4871,菊池 宏志,2025-07-16,2025-07-20,23,からつ,一般,４１２５６　３３２６,2024-02-27,2024-03-04,23,からつ,一般,６６１　６　５６４５４４４３,2022-06-30,2022-07-03,23,からつ,一般,２　６５４　F３,2022-03-22,2022-03-27,23,からつ,一般,２５２　３　５３５５３４,2021-05-15,2021-05-20,23,からつ,一般,６　転３６５５　５３３３,4071,古賀 千晶,2026-03-06,2026-03-09,23,からつ,一般,４５５　３１４４,2025-07-07,2025-07-12,23,からつ,一般,２２１３４　３２２５１３,2025-02-10,2025-02-13,23,からつ,一般,２６３６１　３１,2024-02-14,2024-02-19,23,からつ,一般,１　１転３３２１４４１５,2023-02-15,2023-02-20,23,からつ,一般,２１３　４５４１１５落３,4734,安河内 将,2026-05-01,2026-05-06,23,からつ,一般,１１３　１３２３２５１４,2026-02-23,2026-02-28,23,からつ,一般,２３２　１１１２２１[１],2026-01-30,2026-02-04,23,からつ,ＧⅠ,２３３　６　３２５　１５,2025-08-10,2025-08-15,23,からつ,一般,３　２５１４２１１２[５],2025-06-29,2025-07-03,23,からつ,一般,１３３　１１２３２１,4271,川崎 公靖,2026-03-06,2026-03-09,23,からつ,一般,５６４　２３１,2025-09-21,2025-09-26,23,からつ,一般,３３２　１６６　４　２４,2025-04-10,2025-04-15,23,からつ,一般,４　４６４４４　６　２２,2024-11-14,2024-11-17,23,からつ,一般,５　３５３　３１,2024-04-17,2024-04-21,23,からつ,一般,３３２６５　２　２３
202607032308,2026-07-03,23,08R,5299,西丸 敦基,2024-06-01,2024-06-06,23,からつ,一般,３　６６３　４３２６５,2023-09-12,2023-09-17,23,からつ,一般,６　５　６６６６６　２６,,,,,,,,,,,,,,,,,,,4786,佐藤 博亮,2025-06-05,2025-06-10,23,からつ,ＧⅠ,５　３６５　３　４３３,2023-07-11,2023-07-16,23,からつ,ＧⅡ,１５２　転,2023-06-11,2023-06-14,23,からつ,一般,１１３１２２[１],2023-04-12,2023-04-16,23,からつ,一般,２　１６１１１２[３],2018-07-07,2018-07-12,23,からつ,一般,１４３　２４６４１４,3303,渡辺 豊,2026-02-08,2026-02-11,23,からつ,一般,５２３　１６２４,2025-05-19,2025-05-24,23,からつ,一般,２　４３４４１４F　６,2024-06-25,2024-06-30,23,からつ,一般,４１１４３　４２４４３３,2023-09-01,2023-09-06,23,からつ,一般,３４５５２　１３４　３４,2021-09-15,2021-09-21,23,からつ,一般,２３４３４　６　３１１４,4023,柴田 友和,2026-02-15,2026-02-19,23,からつ,一般,６　３１５３６　２５,2025-03-06,2025-03-09,23,からつ,一般,３　３３６２４３,2024-11-20,2024-11-25,23,からつ,一般,２　４４６２５　５２３５,2023-03-26,2023-03-31,23,からつ,一般,３２４　２６５　４５５１,2023-01-07,2023-01-11,23,からつ,一般,３　５６５６６３５４,5343,小林 礼央,2026-01-14,2026-01-19,23,からつ,一般,５　３５６　４４４６５３,2025-01-19,2025-01-24,23,からつ,一般,６　５６６６６　５６３,2024-10-19,2024-10-24,23,からつ,一般,６　６６６　４６５　６６,,,,,,,,,,,,,5014,梶山 涼斗,2026-05-01,2026-05-06,23,からつ,一般,４４,2026-03-28,2026-04-02,23,からつ,一般,３６２　４３５　４５１２,2025-12-14,2025-12-17,23,からつ,一般,５３１　３５１４,2025-06-29,2025-07-03,23,からつ,一般,６１５５１　２　３６,2025-04-29,2025-05-04,23,からつ,一般,４２６　４６３　２　３４
202607032309,2026-07-03,23,09R,4854,大橋 由珠,2022-02-10,2022-02-15,23,からつ,ＧⅢ,１　４４５２５２１　２１,2021-02-11,2021-02-16,23,からつ,一般,１５５　４２６　１３３２,2019-07-29,2019-08-03,23,からつ,一般,４　２１４２４　６５３４,2017-08-19,2017-08-24,23,からつ,一般,５５５　６　５４転５６６,2017-04-07,2017-04-12,23,からつ,一般,４６３６１　３　５６３６,5095,小原 聡将,2024-12-20,2024-12-25,23,からつ,ＧⅢ,１　３３４　２４６２３２,,,,,,,,,,,,,,,,,,,,,,,,,4382,高山 智至,2025-08-02,2025-08-06,23,からつ,一般,２４６　４１３３２１,2025-05-19,2025-05-24,23,からつ,一般,５６５　５　４４３６５,2024-09-01,2024-09-06,23,からつ,一般,２４６　３１５　４６１６,2023-12-24,2023-12-29,23,からつ,一般,５　５５６,2023-03-05,2023-03-08,23,からつ,一般,５　６６６　４３,4124,池田 雄一,2026-04-17,2026-04-20,23,からつ,一般,２５２１４４３５,2025-09-30,2025-10-05,23,からつ,ＧⅢ,３４１６落　２１４　１４,2023-05-23,2023-05-28,23,からつ,一般,１２１２４　２２４３５１,2021-10-06,2021-10-11,23,からつ,一般,４４３　２２４　４３５２,2021-04-22,2021-04-25,23,からつ,一般,３５２２２６２２,5431,得山 大輝,2026-01-14,2026-01-19,23,からつ,一般,５　６転６　６５６　５５,,,,,,,,,,,,,,,,,,,,,,,,,4518,大須賀 友,2025-09-30,2025-10-05,23,からつ,ＧⅢ,１　６３２１６３３５１４,2024-11-20,2024-11-25,23,からつ,一般,１６５　１２１２３３２２,2024-09-01,2024-09-06,23,からつ,一般,２　２３２２３５２５１５,2024-02-27,2024-03-04,23,からつ,一般,３４６１１　４１１５２３２１,2019-04-22,2019-04-26,23,からつ,一般,４４２３５　１　６４
202607032310,2026-07-03,23,10R,4788,小池 哲也,2025-06-05,2025-06-10,23,からつ,ＧⅠ,６　６　４６６　４４５,2024-09-23,2024-09-26,23,からつ,一般,１６２５２４３３,2024-07-13,2024-07-16,23,からつ,一般,１６５３１４２３,2023-12-24,2023-12-29,23,からつ,一般,２３２５５　５　１２[５],2023-07-01,2023-07-06,23,からつ,一般,２　２３４６２６２３２３,5028,原田 才一郎,2025-12-20,2025-12-23,23,からつ,一般,２３２１３１[６],2024-06-15,2024-06-20,23,からつ,ＧⅢ,６６５　４６１　２４５４,2023-12-24,2023-12-29,23,からつ,一般,１６１１１　３１５２[３],2023-01-07,2023-01-11,23,からつ,一般,２４２　１４６欠,2021-07-14,2021-07-17,23,からつ,一般,３　４５４　２１,4424,松尾 昂明,2025-12-14,2025-12-17,23,からつ,一般,１２２３３４４５,2025-06-14,2025-06-17,23,からつ,一般,２２４２１　１１,2025-02-18,2025-02-21,23,からつ,一般,１４２１３１[６],2024-12-20,2024-12-25,23,からつ,ＧⅢ,２１１　１１１４２１[１],2023-04-12,2023-04-16,23,からつ,一般,５　６４３２５４１３,5009,大賀 龍之介,2025-12-14,2025-12-17,23,からつ,一般,２　２転４　２１,2024-09-23,2024-09-26,23,からつ,一般,５２１　１３[６],2023-08-10,2023-08-16,23,からつ,一般,３６５　５２３　１５F,2022-11-25,2022-11-30,23,からつ,一般,６　３５３６４４４　１,2022-09-15,2022-09-22,23,からつ,一般,５　１５１５６　３３１５,4977,馬野 耀,2025-09-30,2025-10-05,23,からつ,ＧⅢ,６　２５１２２３１４４６,2024-11-20,2024-11-25,23,からつ,一般,４　５４F１３　６　１,2023-05-31,2023-06-04,23,からつ,一般,４４４２５　６　２２,2021-09-24,2021-09-29,23,からつ,一般,３４３　２　２６１４４４,2020-09-09,2020-09-14,23,からつ,一般,５２２　２２４　２２３,5344,,,,,,,,,,,,,,,,,,,,,,,,,,,,,,,
202607032311,2026-07-03,23,11R,4294,古賀 繁輝,2026-06-22,2026-06-27,23,からつ,一般,　　　　　　　　　　１５,2026-05-01,2026-05-06,23,からつ,一般,３４３３２　１１２４１２,2026-03-17,2026-03-22,23,からつ,ＧⅡ,２４１　４１１　１　[１],2026-01-30,2026-02-04,23,からつ,ＧⅠ,４２１　２　４５６　１６,2025-12-27,2026-01-01,23,からつ,一般,３　１５３１２　３４１４,5271,杉山 太陽,2025-02-10,2025-02-13,23,からつ,一般,　　　　３　４６,2025-01-07,2025-01-10,23,からつ,一般,　　　　転３５,2024-04-17,2024-04-21,23,からつ,一般,６６６　F　４　６,2023-03-17,2023-03-21,23,からつ,一般,６　６５５不６F６,2022-12-21,2022-12-26,23,からつ,一般,５６６　５６６５６６６,3568,木村 光宏,2026-01-22,2026-01-26,23,からつ,一般,５　６６１３５６４５,2024-11-20,2024-11-25,23,からつ,一般,５２５,2024-04-04,2024-04-07,23,からつ,一般,２２３　６２[３],2022-05-25,2022-05-29,23,からつ,一般,２　５２４２５４２３,2022-03-22,2022-03-27,23,からつ,一般,６１２　５４１　５４４２,4991,宗行 治哉,2025-03-06,2025-03-09,23,からつ,一般,４５５５１　２,2024-06-15,2024-06-20,23,からつ,ＧⅢ,１３４　２２５　３　３４,2022-10-19,2022-10-24,23,からつ,ＧⅢ,３６５　５２５　２４３５,2021-07-20,2021-07-25,23,からつ,一般,２５６　３５１　５１４１,2021-04-01,2021-04-04,23,からつ,一般,３　６２４３４転,5224,西岡 顕心,2026-03-17,2026-03-22,23,からつ,ＧⅡ,１３１　転３２　４　１２,2024-10-28,2024-10-31,23,からつ,一般,１２２５３６１転,2023-10-04,2023-10-08,23,からつ,一般,２４４　３６１　４５,2022-11-25,2022-11-30,23,からつ,一般,４　６　５５６　５４６５,2022-09-29,2022-10-04,23,からつ,一般,６　５５エ　３　４転６４,5139,大場 恒季,2026-03-17,2026-03-22,23,からつ,ＧⅡ,４　５３４　３６５４４,2023-07-22,2023-07-27,23,からつ,一般,２６２　２６１５３５１４,,,,,,,,,,,,,,,,,,
202607032312,2026-07-03,23,12R,4734,安河内 将,2026-05-01,2026-05-06,23,からつ,一般,１１３　１３２３２５１４,2026-02-23,2026-02-28,23,からつ,一般,２３２　１１１２２１[１],2026-01-30,2026-02-04,23,からつ,ＧⅠ,２３３　６　３２５　１５,2025-08-10,2025-08-15,23,からつ,一般,３　２５１４２１１２[５],2025-06-29,2025-07-03,23,からつ,一般,１３３　１１２３２１,4428,有賀 達也,2026-01-14,2026-01-19,23,からつ,一般,１２２５２　４転,2025-06-14,2025-06-17,23,からつ,一般,１３１４３　[６],2024-09-30,2024-10-05,23,からつ,一般,１１２　６３４２５４５４,2023-04-05,2023-04-09,23,からつ,一般,１１１　５２３２[４],2022-12-04,2022-12-09,23,からつ,ＧⅠ,６　５５６,4680,後藤 美翼,2025-07-07,2025-07-12,23,からつ,一般,４５５１４　１４３　３３,2025-03-25,2025-03-30,23,からつ,一般,２　６２４２４　２　妨３,2024-02-14,2024-02-19,23,からつ,一般,３３１４１　４４２５１２,2023-04-29,2023-05-04,23,からつ,ＧⅢ,３４１２２　１６３３２２,,,,,,,4568,廣瀬 真也,2024-07-20,2024-07-24,23,からつ,一般,３　１６６４３　６２,2023-04-05,2023-04-09,23,からつ,一般,４６３６２　１　２３,2022-12-21,2022-12-26,23,からつ,一般,３１３５４　４　４３[６],2018-10-26,2018-10-31,23,からつ,一般,１２５１６　１３２６２４,2018-07-07,2018-07-12,23,からつ,一般,６２１　３６２３３３,4556,竹井 奈美,2026-01-30,2026-02-04,23,からつ,ＧⅠ,４３５　４　１３１　２５,2025-04-19,2025-04-24,23,からつ,一般,２　３１１　２３４２[６],2020-07-14,2020-07-19,23,からつ,一般,１　６４３５１２４　１,2020-02-13,2020-02-18,23,からつ,ＧⅠ,３３６　４　１５３５１,2019-07-29,2019-08-03,23,からつ,一般,３妨４５３　３１３　１,4434,田中 辰彦,2026-02-15,2026-02-19,23,からつ,一般,２４３２１　５４４２,2023-02-25,2023-02-28,23,からつ,一般,１２F１５　４,2021-07-05,2021-07-10,23,からつ,一般,４４３　２転,2020-11-16,2020-11-20,23,からつ,一般,１２６２３　１１[６],2020-08-20,2020-08-24,23,からつ,一般,２１２３３　３３２１
