レースコード,レース日,レース場コード,レース回,艇1_登録番号,艇1_選手名,艇1_前1節_開始日,艇1_前1節_終了日,艇1_前1節_場コード,艇1_前1節_場名,艇1_前1節_グレード,艇1_前1節_着順列,艇1_前2節_開始日,艇1_前2節_終了日,艇1_前2節_場コード,艇1_前2節_場名,艇1_前2節_グレード,艇1_前2節_着順列,艇1_前3節_開始日,艇1_前3節_終了日,艇1_前3節_場コード,艇1_前3節_場名,艇1_前3節_グレード,艇1_前3節_着順列,艇1_前4節_開始日,艇1_前4節_終了日,艇1_前4節_場コード,艇1_前4節_場名,艇1_前4節_グレード,艇1_前4節_着順列,艇1_前5節_開始日,艇1_前5節_終了日,艇1_前5節_場コード,艇1_前5節_場名,艇1_前5節_グレード,艇1_前5節_着順列,艇2_登録番号,艇2_選手名,艇2_前1節_開始日,艇2_前1節_終了日,艇2_前1節_場コード,艇2_前1節_場名,艇2_前1節_グレード,艇2_前1節_着順列,艇2_前2節_開始日,艇2_前2節_終了日,艇2_前2節_場コード,艇2_前2節_場名,艇2_前2節_グレード,艇2_前2節_着順列,艇2_前3節_開始日,艇2_前3節_終了日,艇2_前3節_場コード,艇2_前3節_場名,艇2_前3節_グレード,艇2_前3節_着順列,艇2_前4節_開始日,艇2_前4節_終了日,艇2_前4節_場コード,艇2_前4節_場名,艇2_前4節_グレード,艇2_前4節_着順列,艇2_前5節_開始日,艇2_前5節_終了日,艇2_前5節_場コード,艇2_前5節_場名,艇2_前5節_グレード,艇2_前5節_着順列,艇3_登録番号,艇3_選手名,艇3_前1節_開始日,艇3_前1節_終了日,艇3_前1節_場コード,艇3_前1節_場名,艇3_前1節_グレード,艇3_前1節_着順列,艇3_前2節_開始日,艇3_前2節_終了日,艇3_前2節_場コード,艇3_前2節_場名,艇3_前2節_グレード,艇3_前2節_着順列,艇3_前3節_開始日,艇3_前3節_終了日,艇3_前3節_場コード,艇3_前3節_場名,艇3_前3節_グレード,艇3_前3節_着順列,艇3_前4節_開始日,艇3_前4節_終了日,艇3_前4節_場コード,艇3_前4節_場名,艇3_前4節_グレード,艇3_前4節_着順列,艇3_前5節_開始日,艇3_前5節_終了日,艇3_前5節_場コード,艇3_前5節_場名,艇3_前5節_グレード,艇3_前5節_着順列,艇4_登録番号,艇4_選手名,艇4_前1節_開始日,艇4_前1節_終了日,艇4_前1節_場コード,艇4_前1節_場名,艇4_前1節_グレード,艇4_前1節_着順列,艇4_前2節_開始日,艇4_前2節_終了日,艇4_前2節_場コード,艇4_前2節_場名,艇4_前2節_グレード,艇4_前2節_着順列,艇4_前3節_開始日,艇4_前3節_終了日,艇4_前3節_場コード,艇4_前3節_場名,艇4_前3節_グレード,艇4_前3節_着順列,艇4_前4節_開始日,艇4_前4節_終了日,艇4_前4節_場コード,艇4_前4節_場名,艇4_前4節_グレード,艇4_前4節_着順列,艇4_前5節_開始日,艇4_前5節_終了日,艇4_前5節_場コード,艇4_前5節_場名,艇4_前5節_グレード,艇4_前5節_着順列,艇5_登録番号,艇5_選手名,艇5_前1節_開始日,艇5_前1節_終了日,艇5_前1節_場コード,艇5_前1節_場名,艇5_前1節_グレード,艇5_前1節_着順列,艇5_前2節_開始日,艇5_前2節_終了日,艇5_前2節_場コード,艇5_前2節_場名,艇5_前2節_グレード,艇5_前2節_着順列,艇5_前3節_開始日,艇5_前3節_終了日,艇5_前3節_場コード,艇5_前3節_場名,艇5_前3節_グレード,艇5_前3節_着順列,艇5_前4節_開始日,艇5_前4節_終了日,艇5_前4節_場コード,艇5_前4節_場名,艇5_前4節_グレード,艇5_前4節_着順列,艇5_前5節_開始日,艇5_前5節_終了日,艇5_前5節_場コード,艇5_前5節_場名,艇5_前5節_グレード,艇5_前5節_着順列,艇6_登録番号,艇6_選手名,艇6_前1節_開始日,艇6_前1節_終了日,艇6_前1節_場コード,艇6_前1節_場名,艇6_前1節_グレード,艇6_前1節_着順列,艇6_前2節_開始日,艇6_前2節_終了日,艇6_前2節_場コード,艇6_前2節_場名,艇6_前2節_グレード,艇6_前2節_着順列,艇6_前3節_開始日,艇6_前3節_終了日,艇6_前3節_場コード,艇6_前3節_場名,艇6_前3節_グレード,艇6_前3節_着順列,艇6_前4節_開始日,艇6_前4節_終了日,艇6_前4節_場コード,艇6_前4節_場名,艇6_前4節_グレード,艇6_前4節_着順列,艇6_前5節_開始日,艇6_前5節_終了日,艇6_前5節_場コード,艇6_前5節_場名,艇6_前5節_グレード,艇6_前5節_着順列
202607080101,2026-07-08,01,01R,3538,菊池 峰晴,2026-04-21,2026-04-25,01,桐生,一般,３　６５３　３　２４,2025-08-11,2025-08-16,01,桐生,一般,３１５　２４１　２　[６],2025-07-15,2025-07-20,01,桐生,一般,４５４　３　４４５　２,2024-12-31,2025-01-05,01,桐生,一般,３１４　４４３　１３５４,2024-11-16,2024-11-20,01,桐生,一般,３２２５１３１２[３],4067,永井 源,2025-11-21,2025-11-25,01,桐生,一般,４２落３５　５１４５,2025-06-26,2025-06-30,01,桐生,一般,３１４２６２２　５３,2025-03-21,2025-03-27,01,桐生,一般,１　２２　　３１１６１１[４],2024-10-15,2024-10-20,01,桐生,一般,１１３２３　２２１１[６],2023-06-05,2023-06-10,01,桐生,一般,２１１６３　２４１２[２],3827,今泉 徹,2026-05-19,2026-05-24,01,桐生,一般,２３５　４６３　４　３５,2026-05-01,2026-05-06,01,桐生,一般,５　５４３　６　２４３,2026-01-02,2026-01-07,01,桐生,一般,５　１４４３１６３４２,2025-11-11,2025-11-16,01,桐生,一般,４　５３５５５　３　２５,2025-08-11,2025-08-16,01,桐生,一般,３４３　５５５　５４４,3508,久富 政弘,2024-07-05,2024-07-10,01,桐生,一般,４　４３６４２　１　１４,2019-12-03,2019-12-08,01,桐生,一般,２２２　６４２　１６３５,2019-08-21,2019-08-26,01,桐生,一般,５６３　３　５３６２４３,2017-02-01,2017-02-06,01,桐生,一般,４２１　１５１４４５１４,2016-11-27,2016-11-30,01,桐生,一般,２１４　１５５４,4093,吉田 宗弘,2026-02-05,2026-02-10,01,桐生,一般,２５１　４６６　５６６,2025-08-02,2025-08-07,01,桐生,一般,４　６２３　４４４５５,2023-04-16,2023-04-21,01,桐生,一般,２　２　３５５３４　６欠,2023-03-25,2023-03-29,01,桐生,一般,５５５　２　４３,2023-03-04,2023-03-07,01,桐生,一般,６　３６４　５６,5433,米本 圭佑,2026-02-24,2026-03-01,01,桐生,一般,６　５６F　５　　　６,2025-12-27,2025-12-31,01,桐生,一般,４　６６５　４３６６,,,,,,,,,,,,,,,,,,
202607080102,2026-07-08,01,02R,4607,鶴田 勇雄,2025-02-13,2025-02-19,01,桐生,一般,２　１４３６４　２　４１,2018-09-16,2018-09-20,01,桐生,一般,５５４　２４５　１２,2018-04-19,2018-04-23,01,桐生,一般,５　１２２４４４３４,2015-09-03,2015-09-08,01,桐生,一般,４１２　６５１　５４５３,2014-04-03,2014-04-07,01,桐生,一般,２　４５１　１　[６],4161,黒柳 浩孝,2026-04-01,2026-04-06,01,桐生,一般,３　３６４４５　２３３２,2025-12-13,2025-12-17,01,桐生,一般,４４,2025-03-21,2025-03-27,01,桐生,一般,４４５,2024-05-11,2024-05-16,01,桐生,一般,３　１３１５１４３３２１,2023-10-18,2023-10-23,01,桐生,一般,３１４　１１２２１３２２,4406,幸野 史明,2026-01-21,2026-01-25,01,桐生,一般,３５１　６　３２６４,2024-07-05,2024-07-10,01,桐生,一般,５　３５６５６　４　３５,2023-12-21,2023-12-25,01,桐生,一般,３６６　６６２　５,2023-06-14,2023-06-19,01,桐生,一般,６　１５４６２　４５３,2023-02-02,2023-02-07,01,桐生,一般,６　５５６　６６５　６,5010,宇留田 翔平,2025-11-21,2025-11-25,01,桐生,一般,２４５　６３３　１２,2025-05-10,2025-05-13,01,桐生,一般,３２５　３６２１,2025-02-22,2025-02-27,01,桐生,一般,６５５２２　４４５　５１,2024-11-16,2024-11-20,01,桐生,一般,３　１　１５１２[５],2024-03-17,2024-03-23,01,桐生,一般,４２４　６２５　６６５,4645,上村 純一,2026-05-01,2026-05-06,01,桐生,一般,１４３４３　　　６　１６,2026-04-12,2026-04-17,01,桐生,ＧⅠ,３　５５２　６４４　３６,2025-08-11,2025-08-16,01,桐生,一般,４２５　４３５４１１２,2025-06-07,2025-06-12,01,桐生,ＧⅠ,６　２　２６５　２１３１,2025-05-01,2025-05-06,01,桐生,一般,２３２２１　３２２　[５],4903,吉田 凌太朗,2025-11-11,2025-11-16,01,桐生,一般,１　２１１１１１１１[１],2025-07-24,2025-07-29,01,桐生,一般,３　３４３４３　１４２１,2025-03-13,2025-03-17,01,桐生,一般,２４　　３５落１,2024-10-24,2024-10-29,01,桐生,ＧⅢ,１１６　３１４６２１[４],2024-04-05,2024-04-10,01,桐生,一般,４３１　１３４　２妨
202607080103,2026-07-08,01,03R,4009,小林 一樹,2026-01-21,2026-01-25,01,桐生,一般,１４２　６５３４,2025-09-06,2025-09-11,01,桐生,一般,４　転２４　２３１１５４,2025-02-13,2025-02-19,01,桐生,一般,５３１３５　２,2024-09-07,2024-09-12,01,桐生,一般,６２１３２　４３２６６６,2024-04-14,2024-04-18,01,桐生,一般,４２２　１１５６１５,4179,広次 修,2024-10-24,2024-10-29,01,桐生,ＧⅢ,３　５４４　６３６６６,2024-05-23,2024-05-28,01,桐生,一般,４６２　６３５　１　５４,2023-03-25,2023-03-29,01,桐生,一般,６３３　５　２１３,2019-02-14,2019-02-19,01,桐生,一般,１４４　２１５５３６３３,2018-05-29,2018-06-03,01,桐生,一般,３６２４４　４　２４１,3748,小黒 竜吾,2025-10-07,2025-10-13,01,桐生,一般,６　５４３　３６３　２　１５,2023-07-29,2023-08-03,01,桐生,ＧⅢ,３２２６２　１４６４３６,2023-03-25,2023-03-29,01,桐生,一般,２５４　４３５　４３,2023-02-23,2023-02-28,01,桐生,一般,６６４　４　４２５６,2022-04-16,2022-04-21,01,桐生,一般,４　５５４　３４６　５４,5278,田中 駿兵,2026-03-16,2026-03-21,01,桐生,一般,１３４　１２４１１６４２,,,,,,,,,,,,,,,,,,,,,,,,,3934,鋤柄 貴俊,2025-11-11,2025-11-16,01,桐生,一般,３５２　２３３　３４４４,2025-06-26,2025-06-30,01,桐生,一般,５４２２５　４　６４,2025-02-22,2025-02-27,01,桐生,一般,４５５　２４５　２　３３,2022-10-19,2022-10-24,01,桐生,一般,５　４１３　転６２３５,2022-08-23,2022-08-28,01,桐生,一般,５２１　４６２５５１４,4852,川原 祐明,2025-08-02,2025-08-07,01,桐生,一般,３　４３２２１　６５１４,2024-12-23,2024-12-26,01,桐生,一般,１２４２１３３１,2024-09-18,2024-09-23,01,桐生,ＧⅠ,２　３２１　４　１　[２],2020-10-05,2020-10-10,01,桐生,一般,３３４　２１３　３３F３,2019-07-15,2019-07-20,01,桐生,一般,３１１５５　２３２５２４
202607080104,2026-07-08,01,04R,4292,麻生 慎介,2024-08-29,2024-09-03,01,桐生,一般,６３３１エ,2023-11-01,2023-11-06,01,桐生,一般,２　２３３２３４３　３１,2020-01-22,2020-01-27,01,桐生,一般,３　５１２４２　６４１３,2019-05-31,2019-06-05,01,桐生,ＧⅠ,５　４　４３３　１F５,2019-04-17,2019-04-21,01,桐生,一般,６６１１４４６　４,4010,越智 照浩,2025-11-21,2025-11-25,01,桐生,一般,５　５　６３１　５４,2024-09-07,2024-09-12,01,桐生,一般,３　３６６５エ,2019-12-13,2019-12-16,01,桐生,一般,６　４５５　１４,2018-05-29,2018-06-03,01,桐生,一般,６３３　３　３４３　４２,2016-11-06,2016-11-11,01,桐生,一般,４　３２４５４４２　４,4367,山口 修路,2025-10-07,2025-10-13,01,桐生,一般,２２６　４　１４４５３４４６,2025-07-24,2025-07-29,01,桐生,一般,２１５５４　６５４　３２,2025-03-03,2025-03-08,01,桐生,一般,２　２　３４１　５１[６],2024-08-22,2024-08-25,01,桐生,一般,５５６　３　１６,2023-11-01,2023-11-06,01,桐生,一般,４　３３４　６４４２４,3747,國崎 良春,2026-02-24,2026-03-01,01,桐生,一般,１６１　２２２　６　[２],2025-07-04,2025-07-09,01,桐生,一般,１　３６６５３　２４１,2025-03-03,2025-03-08,01,桐生,一般,３３　　転欠,2024-10-15,2024-10-20,01,桐生,一般,３　２４３２２６２６３５,2020-01-22,2020-01-27,01,桐生,一般,６　２４３　３１３１５,5111,三村 岳人,2024-12-02,2024-12-07,01,桐生,一般,６　２５２４１４３３４１,,,,,,,,,,,,,,,,,,,,,,,,,3623,深川 真二,2024-04-05,2024-04-10,01,桐生,一般,４４２１５,2021-11-23,2021-11-28,01,桐生,ＧⅢ,２２１２５　２１１２[４],2020-02-22,2020-02-26,01,桐生,一般,１１２２２１転１[２],2019-05-10,2019-05-15,01,桐生,一般,５２１６４　２１３　[３],2018-07-04,2018-07-09,01,桐生,ＧⅢ,３　３３２５１６３２[３]
202607080105,2026-07-08,01,05R,5255,藤原 仙二,2024-08-03,2024-08-07,01,桐生,一般,５６５　２　４４３４,,,,,,,,,,,,,,,,,,,,,,,,,4214,林 祐介,2025-11-29,2025-12-04,01,桐生,一般,５　５５３　１１４６１３,2024-06-15,2024-06-20,01,桐生,一般,２３１　５３２　２６１３,2022-07-30,2022-08-03,01,桐生,一般,５６,2020-02-06,2020-02-11,01,桐生,一般,１２１５１　４５６６１６,2019-12-13,2019-12-16,01,桐生,一般,３４５　３１５,3957,大谷 直弘,2026-01-12,2026-01-17,01,桐生,一般,６　１２６６３　４　４６,2025-06-17,2025-06-22,01,桐生,一般,２　１４１２２　５２[６],2024-12-14,2024-12-18,01,桐生,一般,４　５５４２５　４３,2024-09-07,2024-09-12,01,桐生,一般,３４５　３１４３５　３１,2024-01-18,2024-01-22,01,桐生,一般,４５４　２　３４５５,5417,,,,,,,,,,,,,,,,,,,,,,,,,,,,,,,,4910,中村 泰平,2024-10-24,2024-10-29,01,桐生,ＧⅢ,１　６２２３４４５６２６,2024-04-05,2024-04-10,01,桐生,一般,２１５５２　２２４２１５,2021-09-11,2021-09-16,01,桐生,ＧⅠ,５　１６３　３２３２６５,2021-07-23,2021-07-28,01,桐生,一般,２５１２１　１１３１[４],2020-06-14,2020-06-19,01,桐生,ＧⅢ,３５３　１６４　２２１,4776,竹田 和哉,2025-06-07,2025-06-12,01,桐生,ＧⅠ,３　５６２　２　６４２３,2024-12-23,2024-12-26,01,桐生,一般,４２１１１３４１,2023-05-17,2023-05-22,01,桐生,ＧⅡ,４６６　１　２５５４３,2021-07-14,2021-07-19,01,桐生,一般,１６４　１１２３４３１３,2019-07-15,2019-07-20,01,桐生,一般,２３１　４４３　１５２４
202607080106,2026-07-08,01,06R,4928,栗城 匠,2025-06-07,2025-06-12,01,桐生,ＧⅠ,２　４　１３２　６　１４,2024-08-22,2024-08-25,01,桐生,一般,４４５１３６１,2023-05-17,2023-05-22,01,桐生,ＧⅡ,２３５　１　４１３　３４,2022-05-28,2022-06-01,01,桐生,一般,４５６６１　転２２５,2022-02-07,2022-02-12,01,桐生,ＧⅠ,５４５　転１５　６　６,3459,中野 和裕,2018-07-14,2018-07-19,01,桐生,一般,４５２　６５２　６５５,2015-11-28,2015-12-01,01,桐生,一般,２　６５６　１５,2015-08-01,2015-08-06,01,桐生,一般,４　５６５６６　２　６３,2011-02-02,2011-02-07,01,桐生,一般,４　３２１　４４４６３３,2008-07-09,2008-07-13,01,桐生,一般,２３５　４　１６１５,3432,宮迫 暢彦,2025-11-11,2025-11-16,01,桐生,一般,５３３　３６６　４　３３,2025-01-17,2025-01-22,01,桐生,ＧⅢ,２３６　６５３　４　１５,2023-07-29,2023-08-03,01,桐生,ＧⅢ,５　６６３　５６２　５５,2018-10-04,2018-10-09,01,桐生,ＧⅢ,２３３　２６４　５４４６,2018-03-18,2018-03-22,01,桐生,一般,２４６　５６２　４,4202,浮田 圭浩,2025-02-22,2025-02-27,01,桐生,一般,４　４６３５５　１　２５,2020-11-18,2020-11-23,01,桐生,ＧⅢ,１　５５３　３３３３５４,2018-05-29,2018-06-03,01,桐生,一般,１３２　１６２　６６６２,2017-12-19,2017-12-24,01,桐生,一般,６　３１２　４２５５６２,2017-05-23,2017-05-28,01,桐生,ＧⅢ,５３４４３　１２５　３６,4332,村上 彰一,2026-02-14,2026-02-18,01,桐生,一般,４　２６２２２４４６,2024-08-29,2024-09-03,01,桐生,一般,４　６６３　３２３　５４,2022-11-22,2022-11-27,01,桐生,ＧⅢ,６６６,2022-01-30,2022-02-03,01,桐生,一般,４３５５５６２　２,2021-11-23,2021-11-28,01,桐生,ＧⅢ,６　４４１３,3827,今泉 徹,2026-05-19,2026-05-24,01,桐生,一般,２３５　４６３　４　３５,2026-05-01,2026-05-06,01,桐生,一般,５　５４３　６　２４３,2026-01-02,2026-01-07,01,桐生,一般,５　１４４３１６３４２,2025-11-11,2025-11-16,01,桐生,一般,４　５３５５５　３　２５,2025-08-11,2025-08-16,01,桐生,一般,３４３　５５５　５４４
202607080107,2026-07-08,01,07R,3412,鈴木 博,2026-01-12,2026-01-17,01,桐生,一般,５　３５１　２３３１２２,2025-07-15,2025-07-20,01,桐生,一般,１　１３１　２３３３２６,2025-04-22,2025-04-27,01,桐生,ＧⅠ,６　６　６３６　２４１,2025-01-17,2025-01-22,01,桐生,ＧⅢ,４１６　２２４６１１[２],2024-04-23,2024-04-27,01,桐生,一般,３２６２３６１５１６,3741,松尾 基成,2025-12-13,2025-12-17,01,桐生,一般,５　２６６　４５５３,2025-07-24,2025-07-29,01,桐生,一般,１　６２５６３　２６６４,2024-06-15,2024-06-20,01,桐生,一般,１６６　１３５　５５５,2023-06-14,2023-06-19,01,桐生,一般,５　３４５３５　３　３４,2020-03-15,2020-03-22,01,桐生,一般,３　３６３　４５２　６２２５,3508,久富 政弘,2024-07-05,2024-07-10,01,桐生,一般,４　４３６４２　１　１４,2019-12-03,2019-12-08,01,桐生,一般,２２２　６４２　１６３５,2019-08-21,2019-08-26,01,桐生,一般,５６３　３　５３６２４３,2017-02-01,2017-02-06,01,桐生,一般,４２１　１５１４４５１４,2016-11-27,2016-11-30,01,桐生,一般,２１４　１５５４,4343,村岡 賢,2025-07-15,2025-07-20,01,桐生,一般,５　５４３　４３３　４４,2024-10-24,2024-10-29,01,桐生,ＧⅢ,６　６５６　４６６　２５,2023-10-18,2023-10-23,01,桐生,一般,４　４５５　３４５　４４,2020-01-11,2020-01-16,01,桐生,一般,１６６　６不４　６　２５,2018-11-12,2018-11-17,01,桐生,一般,６　５５６　５５６　４,5268,山本 幸也,2025-07-24,2025-07-29,01,桐生,一般,３　６６転　１４４　３６,,,,,,,,,,,,,,,,,,,,,,,,,4865,立具 敬司,2025-11-11,2025-11-16,01,桐生,一般,４５４　６４２　３　６欠,2024-02-23,2024-02-27,01,桐生,一般,５　５３不,,,,,,,,,,,,,,,,,,
202607080108,2026-07-08,01,08R,3872,岡田 憲行,2026-01-21,2026-01-25,01,桐生,一般,３４３　３　１４１,2025-10-30,2025-11-04,01,桐生,一般,２　２２３　２１５５１３,2025-03-03,2025-03-08,01,桐生,一般,１２３　４　１２１１[３],2024-02-07,2024-02-12,01,桐生,一般,２エ１６２　１３１３４１,2023-10-09,2023-10-14,01,桐生,一般,３３５３５　３６１　１１,4367,山口 修路,2025-10-07,2025-10-13,01,桐生,一般,２２６　４　１４４５３４４６,2025-07-24,2025-07-29,01,桐生,一般,２１５５４　６５４　３２,2025-03-03,2025-03-08,01,桐生,一般,２　２　３４１　５１[６],2024-08-22,2024-08-25,01,桐生,一般,５５６　３　１６,2023-11-01,2023-11-06,01,桐生,一般,４　３３４　６４４２４,3712,淺香 文武,2026-02-24,2026-03-01,01,桐生,一般,５３２　６４４　２　５３,2025-07-04,2025-07-09,01,桐生,一般,２５２　５１３　５４３３,2024-10-24,2024-10-29,01,桐生,ＧⅢ,２４６　４２３　６２４,2024-04-05,2024-04-10,01,桐生,一般,４　６１１　６４３６４,2024-02-16,2024-02-19,01,桐生,一般,１５６　５　４６,3748,小黒 竜吾,2025-10-07,2025-10-13,01,桐生,一般,６　５４３　３６３　２　１５,2023-07-29,2023-08-03,01,桐生,ＧⅢ,３２２６２　１４６４３６,2023-03-25,2023-03-29,01,桐生,一般,２５４　４３５　４３,2023-02-23,2023-02-28,01,桐生,一般,６６４　４　４２５６,2022-04-16,2022-04-21,01,桐生,一般,４　５５４　３４６　５４,4067,永井 源,2025-11-21,2025-11-25,01,桐生,一般,４２落３５　５１４５,2025-06-26,2025-06-30,01,桐生,一般,３１４２６２２　５３,2025-03-21,2025-03-27,01,桐生,一般,１　２２　　３１１６１１[４],2024-10-15,2024-10-20,01,桐生,一般,１１３２３　２２１１[６],2023-06-05,2023-06-10,01,桐生,一般,２１１６３　２４１２[２],5090,生方 靖亜,2026-05-12,2026-05-16,01,桐生,一般,１６１　１５５３６４,2025-12-27,2025-12-31,01,桐生,一般,１妨４　６５２　２,2025-05-01,2025-05-06,01,桐生,一般,２６５　６　２６６３５,2024-12-31,2025-01-05,01,桐生,一般,３４２　３２４　５　５５,2024-12-23,2024-12-26,01,桐生,一般,６２３　６３２
202607080109,2026-07-08,01,09R,3623,深川 真二,2024-04-05,2024-04-10,01,桐生,一般,４４２１５,2021-11-23,2021-11-28,01,桐生,ＧⅢ,２２１２５　２１１２[４],2020-02-22,2020-02-26,01,桐生,一般,１１２２２１転１[２],2019-05-10,2019-05-15,01,桐生,一般,５２１６４　２１３　[３],2018-07-04,2018-07-09,01,桐生,ＧⅢ,３　３３２５１６３２[３],5111,三村 岳人,2024-12-02,2024-12-07,01,桐生,一般,６　２５２４１４３３４１,,,,,,,,,,,,,,,,,,,,,,,,,5278,田中 駿兵,2026-03-16,2026-03-21,01,桐生,一般,１３４　１２４１１６４２,,,,,,,,,,,,,,,,,,,,,,,,,4910,中村 泰平,2024-10-24,2024-10-29,01,桐生,ＧⅢ,１　６２２３４４５６２６,2024-04-05,2024-04-10,01,桐生,一般,２１５５２　２２４２１５,2021-09-11,2021-09-16,01,桐生,ＧⅠ,５　１６３　３２３２６５,2021-07-23,2021-07-28,01,桐生,一般,２５１２１　１１３１[４],2020-06-14,2020-06-19,01,桐生,ＧⅢ,３５３　１６４　２２１,4406,幸野 史明,2026-01-21,2026-01-25,01,桐生,一般,３５１　６　３２６４,2024-07-05,2024-07-10,01,桐生,一般,５　３５６５６　４　３５,2023-12-21,2023-12-25,01,桐生,一般,３６６　６６２　５,2023-06-14,2023-06-19,01,桐生,一般,６　１５４６２　４５３,2023-02-02,2023-02-07,01,桐生,一般,６　５５６　６６５　６,4607,鶴田 勇雄,2025-02-13,2025-02-19,01,桐生,一般,２　１４３６４　２　４１,2018-09-16,2018-09-20,01,桐生,一般,５５４　２４５　１２,2018-04-19,2018-04-23,01,桐生,一般,５　１２２４４４３４,2015-09-03,2015-09-08,01,桐生,一般,４１２　６５１　５４５３,2014-04-03,2014-04-07,01,桐生,一般,２　４５１　１　[６]
202607080110,2026-07-08,01,10R,4776,竹田 和哉,2025-06-07,2025-06-12,01,桐生,ＧⅠ,３　５６２　２　６４２３,2024-12-23,2024-12-26,01,桐生,一般,４２１１１３４１,2023-05-17,2023-05-22,01,桐生,ＧⅡ,４６６　１　２５５４３,2021-07-14,2021-07-19,01,桐生,一般,１６４　１１２３４３１３,2019-07-15,2019-07-20,01,桐生,一般,２３１　４４３　１５２４,4645,上村 純一,2026-05-01,2026-05-06,01,桐生,一般,１４３４３　　　６　１６,2026-04-12,2026-04-17,01,桐生,ＧⅠ,３　５５２　６４４　３６,2025-08-11,2025-08-16,01,桐生,一般,４２５　４３５４１１２,2025-06-07,2025-06-12,01,桐生,ＧⅠ,６　２　２６５　２１３１,2025-05-01,2025-05-06,01,桐生,一般,２３２２１　３２２　[５],4928,栗城 匠,2025-06-07,2025-06-12,01,桐生,ＧⅠ,２　４　１３２　６　１４,2024-08-22,2024-08-25,01,桐生,一般,４４５１３６１,2023-05-17,2023-05-22,01,桐生,ＧⅡ,２３５　１　４１３　３４,2022-05-28,2022-06-01,01,桐生,一般,４５６６１　転２２５,2022-02-07,2022-02-12,01,桐生,ＧⅠ,５４５　転１５　６　６,4214,林 祐介,2025-11-29,2025-12-04,01,桐生,一般,５　５５３　１１４６１３,2024-06-15,2024-06-20,01,桐生,一般,２３１　５３２　２６１３,2022-07-30,2022-08-03,01,桐生,一般,５６,2020-02-06,2020-02-11,01,桐生,一般,１２１５１　４５６６１６,2019-12-13,2019-12-16,01,桐生,一般,３４５　３１５,4010,越智 照浩,2025-11-21,2025-11-25,01,桐生,一般,５　５　６３１　５４,2024-09-07,2024-09-12,01,桐生,一般,３　３６６５エ,2019-12-13,2019-12-16,01,桐生,一般,６　４５５　１４,2018-05-29,2018-06-03,01,桐生,一般,６３３　３　３４３　４２,2016-11-06,2016-11-11,01,桐生,一般,４　３２４５４４２　４,4009,小林 一樹,2026-01-21,2026-01-25,01,桐生,一般,１４２　６５３４,2025-09-06,2025-09-11,01,桐生,一般,４　転２４　２３１１５４,2025-02-13,2025-02-19,01,桐生,一般,５３１３５　２,2024-09-07,2024-09-12,01,桐生,一般,６２１３２　４３２６６６,2024-04-14,2024-04-18,01,桐生,一般,４２２　１１５６１５
202607080111,2026-07-08,01,11R,4852,川原 祐明,2025-08-02,2025-08-07,01,桐生,一般,３　４３２２１　６５１４,2024-12-23,2024-12-26,01,桐生,一般,１２４２１３３１,2024-09-18,2024-09-23,01,桐生,ＧⅠ,２　３２１　４　１　[２],2020-10-05,2020-10-10,01,桐生,一般,３３４　２１３　３３F３,2019-07-15,2019-07-20,01,桐生,一般,３１１５５　２３２５２４,3412,鈴木 博,2026-01-12,2026-01-17,01,桐生,一般,５　３５１　２３３１２２,2025-07-15,2025-07-20,01,桐生,一般,１　１３１　２３３３２６,2025-04-22,2025-04-27,01,桐生,ＧⅠ,６　６　６３６　２４１,2025-01-17,2025-01-22,01,桐生,ＧⅢ,４１６　２２４６１１[２],2024-04-23,2024-04-27,01,桐生,一般,３２６２３６１５１６,4292,麻生 慎介,2024-08-29,2024-09-03,01,桐生,一般,６３３１エ,2023-11-01,2023-11-06,01,桐生,一般,２　２３３２３４３　３１,2020-01-22,2020-01-27,01,桐生,一般,３　５１２４２　６４１３,2019-05-31,2019-06-05,01,桐生,ＧⅠ,５　４　４３３　１F５,2019-04-17,2019-04-21,01,桐生,一般,６６１１４４６　４,4179,広次 修,2024-10-24,2024-10-29,01,桐生,ＧⅢ,３　５４４　６３６６６,2024-05-23,2024-05-28,01,桐生,一般,４６２　６３５　１　５４,2023-03-25,2023-03-29,01,桐生,一般,６３３　５　２１３,2019-02-14,2019-02-19,01,桐生,一般,１４４　２１５５３６３３,2018-05-29,2018-06-03,01,桐生,一般,３６２４４　４　２４１,4161,黒柳 浩孝,2026-04-01,2026-04-06,01,桐生,一般,３　３６４４５　２３３２,2025-12-13,2025-12-17,01,桐生,一般,４４,2025-03-21,2025-03-27,01,桐生,一般,４４５,2024-05-11,2024-05-16,01,桐生,一般,３　１３１５１４３３２１,2023-10-18,2023-10-23,01,桐生,一般,３１４　１１２２１３２２,5255,藤原 仙二,2024-08-03,2024-08-07,01,桐生,一般,５６５　２　４４３４,,,,,,,,,,,,,,,,,,,,,,,,
202607080112,2026-07-08,01,12R,3747,國崎 良春,2026-02-24,2026-03-01,01,桐生,一般,１６１　２２２　６　[２],2025-07-04,2025-07-09,01,桐生,一般,１　３６６５３　２４１,2025-03-03,2025-03-08,01,桐生,一般,３３　　転欠,2024-10-15,2024-10-20,01,桐生,一般,３　２４３２２６２６３５,2020-01-22,2020-01-27,01,桐生,一般,６　２４３　３１３１５,5010,宇留田 翔平,2025-11-21,2025-11-25,01,桐生,一般,２４５　６３３　１２,2025-05-10,2025-05-13,01,桐生,一般,３２５　３６２１,2025-02-22,2025-02-27,01,桐生,一般,６５５２２　４４５　５１,2024-11-16,2024-11-20,01,桐生,一般,３　１　１５１２[５],2024-03-17,2024-03-23,01,桐生,一般,４２４　６２５　６６５,3934,鋤柄 貴俊,2025-11-11,2025-11-16,01,桐生,一般,３５２　２３３　３４４４,2025-06-26,2025-06-30,01,桐生,一般,５４２２５　４　６４,2025-02-22,2025-02-27,01,桐生,一般,４５５　２４５　２　３３,2022-10-19,2022-10-24,01,桐生,一般,５　４１３　転６２３５,2022-08-23,2022-08-28,01,桐生,一般,５２１　４６２５５１４,3957,大谷 直弘,2026-01-12,2026-01-17,01,桐生,一般,６　１２６６３　４　４６,2025-06-17,2025-06-22,01,桐生,一般,２　１４１２２　５２[６],2024-12-14,2024-12-18,01,桐生,一般,４　５５４２５　４３,2024-09-07,2024-09-12,01,桐生,一般,３４５　３１４３５　３１,2024-01-18,2024-01-22,01,桐生,一般,４５４　２　３４５５,3872,岡田 憲行,2026-01-21,2026-01-25,01,桐生,一般,３４３　３　１４１,2025-10-30,2025-11-04,01,桐生,一般,２　２２３　２１５５１３,2025-03-03,2025-03-08,01,桐生,一般,１２３　４　１２１１[３],2024-02-07,2024-02-12,01,桐生,一般,２エ１６２　１３１３４１,2023-10-09,2023-10-14,01,桐生,一般,３３５３５　３６１　１１,3741,松尾 基成,2025-12-13,2025-12-17,01,桐生,一般,５　２６６　４５５３,2025-07-24,2025-07-29,01,桐生,一般,１　６２５６３　２６６４,2024-06-15,2024-06-20,01,桐生,一般,１６６　１３５　５５５,2023-06-14,2023-06-19,01,桐生,一般,５　３４５３５　３　３４,2020-03-15,2020-03-22,01,桐生,一般,３　３６３　４５２　６２２５
202607080201,2026-07-08,02,01R,3960,菊地 孝平,2025-11-12,2025-11-17,02,戸田,ＧⅠ,４５２　４１５　５１５,2025-05-15,2025-05-20,02,戸田,ＧⅢ,１１２４１　４１１３３１,2024-10-22,2024-10-27,02,戸田,ＳＧ,３１４　１　２５６　１６,2024-03-15,2024-03-20,02,戸田,ＳＧ,５５４　２　１　６５３,2022-04-13,2022-04-18,02,戸田,ＧⅠ,３４１　４１４１５　１５,4500,山田 康二,2025-06-24,2025-06-29,02,戸田,ＳＧ,６　４４１　１　１１１,2024-10-22,2024-10-27,02,戸田,ＳＧ,３２２　３　１４５　４５,2023-07-06,2023-07-09,02,戸田,一般,６５２１５５１４,2022-07-12,2022-07-17,02,戸田,ＧⅡ,２２５　４３１　２　[４],2022-01-20,2022-01-23,02,戸田,一般,２５１５１１[２],4366,前沢 丈史,2025-12-27,2025-12-31,02,戸田,一般,４３３１２３２４３３,2025-08-06,2025-08-11,02,戸田,一般,１６２５２５４　１　１５,2025-01-11,2025-01-14,02,戸田,一般,１１２３１１[４],2024-04-07,2024-04-12,02,戸田,一般,１５３１１　５１５２[５],2022-09-16,2022-09-19,02,戸田,一般,５３４２１５１３,4201,佐竹 友樹,2026-01-30,2026-02-02,02,戸田,一般,１　１２４４３６,2025-08-14,2025-08-19,02,戸田,一般,２６６　１　５５６　５４,2025-07-12,2025-07-15,02,戸田,一般,６　１３１３２５,2025-05-01,2025-05-06,02,戸田,一般,６４５　１１４　５４２,2025-03-07,2025-03-10,02,戸田,一般,４６１　２２６６,4063,市橋 卓士,2025-11-04,2025-11-08,02,戸田,一般,３５３２２１１６４１,2024-08-22,2024-08-26,02,戸田,一般,５６３２１４１　５１,2024-06-14,2024-06-17,02,戸田,一般,２１２１１４[１],2024-03-08,2024-03-11,02,戸田,一般,３４５１２F１,2023-06-04,2023-06-10,02,戸田,ＧⅠ,４　１５５　４４４２２４,4467,渡邉 俊介,2025-08-06,2025-08-11,02,戸田,一般,６　２４６　４３２５３,2024-12-07,2024-12-10,02,戸田,一般,３６２　２２４１,2023-09-14,2023-09-18,02,戸田,一般,１　５６４６３　４２,2022-01-20,2022-01-23,02,戸田,一般,１１２　４４[４],2021-10-09,2021-10-12,02,戸田,一般,４６１　５５１２
202607080202,2026-07-08,02,02R,4401,小林 泰,2026-01-17,2026-01-22,02,戸田,一般,１　１５５１４３２４６６,2025-06-13,2025-06-16,02,戸田,一般,１３２３５２２２,2025-02-09,2025-02-15,02,戸田,ＧⅠ,１　５　５２６　３３４３,2023-08-29,2023-09-03,02,戸田,一般,２６６４３　１４５　１６,2022-10-14,2022-10-17,02,戸田,一般,３６１５２　１１,4102,益田 啓司,2026-01-11,2026-01-14,02,戸田,一般,１６１５１１[６],2025-01-26,2025-01-31,02,戸田,一般,１　２３３１１１６１[４],2023-09-29,2023-10-02,02,戸田,一般,５３６１５１３５,2021-11-17,2021-11-22,02,戸田,ＧⅢ,３３６４６　１１３４５２,2019-11-27,2019-11-30,02,戸田,一般,６６３２３　３４,4344,新田 雄史,2025-06-24,2025-06-29,02,戸田,ＳＧ,５　５　３６１　４６５,2024-10-22,2024-10-27,02,戸田,ＳＧ,２４２　３　６６５３６,2024-05-30,2024-06-04,02,戸田,ＧⅠ,６１４　６　６３４４４,2024-03-15,2024-03-20,02,戸田,ＳＧ,５　３　１２　　５　２５,2023-11-26,2023-11-29,02,戸田,一般,２２１１１３３,4245,高橋 直哉,2022-12-02,2022-12-06,02,戸田,一般,２　５６６４４　５３,2021-11-17,2021-11-22,02,戸田,ＧⅢ,１４３　２４２　５３３４,2020-07-17,2020-07-20,02,戸田,一般,２　２４４４６１,2020-06-13,2020-06-16,02,戸田,一般,３６４３２　６４,2020-04-15,2020-04-19,02,戸田,一般,３３５　落欠,4700,金子 和之,2026-05-01,2026-05-06,02,戸田,一般,２３１　１　１１４　５１,2026-04-14,2026-04-19,02,戸田,ＧⅢ,５　１４４　４５１１２４,2025-12-19,2025-12-24,02,戸田,一般,１２２　１２３１６４２２,2025-09-10,2025-09-15,02,戸田,一般,２３３,2025-08-14,2025-08-19,02,戸田,一般,６　１４１４６　１１１,4497,桑原 悠,2025-11-12,2025-11-17,02,戸田,ＧⅠ,２　３２６　３４３４４,2022-01-27,2022-02-01,02,戸田,ＧⅠ,２　６３４　F６４　６,2019-03-16,2019-03-21,02,戸田,ＳＧ,２１６　３　１１２　[３],2019-01-19,2019-01-22,02,戸田,一般,４５２４５　３,2018-10-07,2018-10-12,02,戸田,ＧⅠ,３　４　６６６　２３３５
202607080203,2026-07-08,02,03R,4407,鹿島 敏弘,2025-11-22,2025-11-25,02,戸田,一般,４　５６６　５５,2024-08-03,2024-08-08,02,戸田,一般,１６５　３４５　３５５５,2024-04-19,2024-04-24,02,戸田,ＧⅢ,３　１３６　６６４　５４,2024-03-29,2024-04-03,02,戸田,一般,２　３３４４２４１５２６,2023-12-10,2023-12-13,02,戸田,一般,６　２２４３１５,4391,松田 祐季,2026-04-14,2026-04-19,02,戸田,ＧⅢ,１５３,2025-04-19,2025-04-24,02,戸田,一般,２４２２２１１　１１[１],2024-05-30,2024-06-04,02,戸田,ＧⅠ,２　４　３３２　３２６,2024-01-11,2024-01-14,02,戸田,一般,１６３１転６３４,2023-06-04,2023-06-10,02,戸田,ＧⅠ,６３４　３６２　２６４,4337,平本 真之,2025-09-26,2025-09-29,02,戸田,一般,１２４３１１[２],2025-06-24,2025-06-29,02,戸田,ＳＧ,２６１　４　４６４６６,2024-10-22,2024-10-27,02,戸田,ＳＧ,３　５　２１３　３　４２,2024-05-30,2024-06-04,02,戸田,ＧⅠ,５　２５１　３１６　５４,2024-03-15,2024-03-20,02,戸田,ＳＧ,２　４１２　　　２　[２],4024,井口 佳典,2025-11-12,2025-11-17,02,戸田,ＧⅠ,６　３１５　３１５　２６,2025-06-24,2025-06-29,02,戸田,ＳＧ,１　３　２５４　６　１３,2024-05-30,2024-06-04,02,戸田,ＧⅠ,２　転５５　４１,2024-03-15,2024-03-20,02,戸田,ＳＧ,４３１　１　４　６　１４,2023-06-04,2023-06-10,02,戸田,ＧⅠ,６　２１５２４　２　[５],4573,佐藤 翼,2026-05-01,2026-05-06,02,戸田,一般,３６２５５　２F４　５,2026-01-03,2026-01-08,02,戸田,一般,３３３４３１１　２　[１],2025-11-12,2025-11-17,02,戸田,ＧⅠ,３３４　１３２　４　２１,2025-08-14,2025-08-19,02,戸田,一般,３５２　１１２３６　１４,2025-06-24,2025-06-29,02,戸田,ＳＧ,３３１　２５２　２　[４],4895,門間 雄大,2025-07-12,2025-07-15,02,戸田,一般,４４２　５６３４,2022-10-14,2022-10-17,02,戸田,一般,５６４　５　３３,2021-05-21,2021-05-24,02,戸田,一般,４５５　２　３６,2020-12-26,2020-12-31,02,戸田,一般,３　転４６　６５１　４２,2020-04-15,2020-04-19,02,戸田,一般,２６６　６転４　２４
202607080204,2026-07-08,02,04R,4205,山口 剛,2025-11-12,2025-11-17,02,戸田,ＧⅠ,１　３２２　３３１　[２],2025-06-24,2025-06-29,02,戸田,ＳＧ,２１６　５３３　２１３,2024-10-22,2024-10-27,02,戸田,ＳＧ,６　１６５６１　３３４,2022-07-29,2022-08-01,02,戸田,一般,２４１１２５[２],2022-04-13,2022-04-18,02,戸田,ＧⅠ,２２４　３１１４３　５１,3940,飯山 泰,2025-12-27,2025-12-31,02,戸田,一般,１５６２４１５６１２,2025-10-15,2025-10-19,02,戸田,一般,１３５１２４１６１２,2024-12-01,2024-12-04,02,戸田,一般,３４２６２３２４,2023-12-28,2023-12-31,02,戸田,一般,２６１１１２[１],2023-11-07,2023-11-12,02,戸田,一般,１４１１２４１　３１[４],4238,毒島 誠,2025-06-24,2025-06-29,02,戸田,ＳＧ,３　６５４　２３１５５,2025-02-09,2025-02-15,02,戸田,ＧⅠ,３４１　６１３　６　２１,2024-10-22,2024-10-27,02,戸田,ＳＧ,４　１１２　２２１　[３],2024-03-15,2024-03-20,02,戸田,ＳＧ,３１１　２２　　１　[１],2023-06-04,2023-06-10,02,戸田,ＧⅠ,４３１　５５２　３　５１,4685,島村 隆幸,2024-03-15,2024-03-20,02,戸田,ＳＧ,２５４　１４５　１　３,2023-07-06,2023-07-09,02,戸田,一般,４１５１４１５２,2022-10-25,2022-10-30,02,戸田,一般,３５３１３　１２３１[２],2022-04-13,2022-04-18,02,戸田,ＧⅠ,５６３　４４６４,2022-01-27,2022-02-01,02,戸田,ＧⅠ,６５,5295,,,,,,,,,,,,,,,,,,,,,,,,,,,,,,,,4547,中田 竜太,2026-05-01,2026-05-06,02,戸田,一般,２５１２３５２　３　２２,2026-01-03,2026-01-08,02,戸田,一般,３　２５２１１３１　[６],2025-11-12,2025-11-17,02,戸田,ＧⅠ,６４２　５４５　４４６,2025-08-14,2025-08-19,02,戸田,一般,５６３　５１４３１　２３,2025-06-24,2025-06-29,02,戸田,ＳＧ,１　２　１１４　１　[２]
202607080205,2026-07-08,02,05R,4502,遠藤 エミ,2025-06-24,2025-06-29,02,戸田,ＳＧ,４　５５２　１　１４６,2024-11-07,2024-11-12,02,戸田,ＧⅢ,１１５　１４１３１２[５],2024-05-30,2024-06-04,02,戸田,ＧⅠ,３　３　４３３　４　６６,2024-03-15,2024-03-20,02,戸田,ＳＧ,６　６１１　２　３　２１,2022-11-10,2022-11-13,02,戸田,一般,２１５５５６１,4611,今井 美亜,2022-12-28,2022-12-31,02,戸田,一般,３５６５３　１５,2022-12-02,2022-12-06,02,戸田,一般,１　４５１２１６４１,2022-05-26,2022-05-30,02,戸田,一般,４　１４F５６　３,2021-12-17,2021-12-22,02,戸田,一般,３４５　４　４１１３[６],2019-10-31,2019-11-05,02,戸田,一般,３５１　１５５１１エ２,5193,米丸 乃絵,2025-02-03,2025-02-06,02,戸田,一般,２　２４３　１２,2024-02-08,2024-02-13,02,戸田,一般,２３２　１１１６３２[２],2022-10-01,2022-10-04,02,戸田,一般,３　５６６　６６,,,,,,,,,,,,,4478,櫻本 あゆみ,2026-01-11,2026-01-14,02,戸田,一般,２１１３２　[３],2025-10-04,2025-10-09,02,戸田,ＧⅢ,５　４２３　５４６１５３,2025-08-22,2025-08-25,02,戸田,一般,２６５　５５３１,2024-01-11,2024-01-14,02,戸田,一般,４１３４３４５６,2023-09-29,2023-10-02,02,戸田,一般,１２５　５１６１,4961,西橋 奈未,2025-10-04,2025-10-09,02,戸田,ＧⅢ,２２３１２　２１２１[３],2022-11-16,2022-11-21,02,戸田,一般,３１１　１１３１３１[１],2021-06-12,2021-06-17,02,戸田,ＧⅢ,４２１　５２５　４　５５,2020-11-18,2020-11-23,02,戸田,一般,１　２４１６５１２３３１,2019-12-03,2019-12-08,02,戸田,一般,２５１３２　６　２３１２,4844,村上 奈穂,2024-07-20,2024-07-25,02,戸田,一般,５　４４６　４　１１２５,2021-02-06,2021-02-11,02,戸田,一般,３６６　６　２６４　４５,2020-05-15,2020-05-18,02,戸田,一般,２６５　４３５,2019-12-03,2019-12-08,02,戸田,一般,６５２　６５５　５　３,2016-12-07,2016-12-12,02,戸田,ＧⅢ,３　５　６６４　６４４４
202607080206,2026-07-08,02,06R,3716,石渡 鉄兵,2026-05-28,2026-05-31,02,戸田,一般,６２５１１１２３,2025-11-12,2025-11-17,02,戸田,ＧⅠ,６　４５１　５　４２４３,2025-06-24,2025-06-29,02,戸田,ＳＧ,２　６　エ６５　３５２,2025-02-09,2025-02-15,02,戸田,ＧⅠ,３　４６４　３３２４４３,2024-05-30,2024-06-04,02,戸田,ＧⅠ,２　５６３　６６４　１３,4467,渡邉 俊介,2025-08-06,2025-08-11,02,戸田,一般,６　２４６　４３２５３,2024-12-07,2024-12-10,02,戸田,一般,３６２　２２４１,2023-09-14,2023-09-18,02,戸田,一般,１　５６４６３　４２,2022-01-20,2022-01-23,02,戸田,一般,１１２　４４[４],2021-10-09,2021-10-12,02,戸田,一般,４６１　５５１２,4851,関 浩哉,2025-12-27,2025-12-31,02,戸田,一般,２１３２１２２２[６],2025-06-24,2025-06-29,02,戸田,ＳＧ,６　２２５　６５３３６,2025-02-09,2025-02-15,02,戸田,ＧⅠ,２　３１４　４１１　[エ],2024-10-22,2024-10-27,02,戸田,ＳＧ,３　３　３１１　２　[５],2024-05-30,2024-06-04,02,戸田,ＧⅠ,５３４　２１６　２　[３],4336,松田 竜馬,2024-07-14,2024-07-17,02,戸田,一般,４５４　１６３１,2023-11-26,2023-11-29,02,戸田,一般,４５１３４　１５,2023-02-08,2023-02-12,02,戸田,一般,２４２　３４４４３４,2022-10-07,2022-10-10,02,戸田,一般,３１１　１６[２],2022-03-24,2022-03-27,02,戸田,一般,３４１　２５２１,4686,丸野 一樹,2025-11-12,2025-11-17,02,戸田,ＧⅠ,４１５　２１６　２　[３],2025-06-24,2025-06-29,02,戸田,ＳＧ,４　２５１　２　３４５,2024-10-22,2024-10-27,02,戸田,ＳＧ,２　５　３６６　２３２,2024-01-18,2024-01-21,02,戸田,一般,５３１２２１[２],2023-05-11,2023-05-16,02,戸田,一般,２１４　３３１１３１[４],3897,白井 英治,2025-06-24,2025-06-29,02,戸田,ＳＧ,６　３３５　５　２４２,2024-10-22,2024-10-27,02,戸田,ＳＧ,３　２１５　６２５　１５,2024-03-15,2024-03-20,02,戸田,ＳＧ,転　３６４　１　５　５,2019-11-13,2019-11-18,02,戸田,ＧⅢ,１１１１１　１１１１[１],2019-03-16,2019-03-21,02,戸田,ＳＧ,１　２２２１４　２　[４]
202607080207,2026-07-08,02,07R,4063,市橋 卓士,2025-11-04,2025-11-08,02,戸田,一般,３５３２２１１６４１,2024-08-22,2024-08-26,02,戸田,一般,５６３２１４１　５１,2024-06-14,2024-06-17,02,戸田,一般,２１２１１４[１],2024-03-08,2024-03-11,02,戸田,一般,３４５１２F１,2023-06-04,2023-06-10,02,戸田,ＧⅠ,４　１５５　４４４２２４,4932,新開 航,2026-05-28,2026-05-31,02,戸田,一般,１２２１１１[４],2025-11-12,2025-11-17,02,戸田,ＧⅠ,３　１４３　４２３　[５],2024-08-22,2024-08-26,02,戸田,一般,１３３１１１３F４,2024-05-30,2024-06-04,02,戸田,ＧⅠ,転３３　５　１６３　５２,2024-03-15,2024-03-20,02,戸田,ＳＧ,１１４　６　転,3590,濱野谷 憲吾,2025-11-12,2025-11-17,02,戸田,ＧⅠ,２　５６４　４２２　３３,2024-10-22,2024-10-27,02,戸田,ＳＧ,４３６　１　３１４　１６,2024-03-15,2024-03-20,02,戸田,ＳＧ,６３４　４３１　F　４,2023-08-05,2023-08-08,02,戸田,一般,５５４１１２[５],2021-07-02,2021-07-07,02,戸田,一般,１６２　１４４１１４１２,4237,大峯 豊,2025-05-09,2025-05-12,02,戸田,一般,１２２３１４[２],2024-10-22,2024-10-27,02,戸田,ＳＧ,１　５３４　５６２　６２,2023-06-04,2023-06-10,02,戸田,ＧⅠ,１２６　３　２１F　５,2022-01-27,2022-02-01,02,戸田,ＧⅠ,１　５４２　６３６エ,2019-03-16,2019-03-21,02,戸田,ＳＧ,３　６　１F４　５　６,5043,中村 日向,2024-08-29,2024-09-01,02,戸田,一般,２４２５１３３４,2023-11-16,2023-11-21,02,戸田,一般,２６３４２　１欠,2023-01-18,2023-01-23,02,戸田,一般,４４１１１　１３２１[６],,,,,,,,,,,,,4344,新田 雄史,2025-06-24,2025-06-29,02,戸田,ＳＧ,５　５　３６１　４６５,2024-10-22,2024-10-27,02,戸田,ＳＧ,２４２　３　６６５３６,2024-05-30,2024-06-04,02,戸田,ＧⅠ,６１４　６　６３４４４,2024-03-15,2024-03-20,02,戸田,ＳＧ,５　３　１２　　５　２５,2023-11-26,2023-11-29,02,戸田,一般,２２１１１３３
202607080208,2026-07-08,02,08R,4700,金子 和之,2026-05-01,2026-05-06,02,戸田,一般,２３１　１　１１４　５１,2026-04-14,2026-04-19,02,戸田,ＧⅢ,５　１４４　４５１１２４,2025-12-19,2025-12-24,02,戸田,一般,１２２　１２３１６４２２,2025-09-10,2025-09-15,02,戸田,一般,２３３,2025-08-14,2025-08-19,02,戸田,一般,６　１４１４６　１１１,3557,太田 和美,2025-11-12,2025-11-17,02,戸田,ＧⅠ,５　４６２　３　５３５４,2025-03-20,2025-03-25,02,戸田,一般,６４３１３　１２３３４１,2024-12-20,2024-12-25,02,戸田,一般,４４４１４３１　３４４２,2024-08-03,2024-08-08,02,戸田,一般,２２４１２　２１１１[３],2023-07-27,2023-07-31,02,戸田,一般,３３１１１　２２[５],4364,池永 太,2024-10-22,2024-10-27,02,戸田,ＳＧ,１　４　４２４　３１１,2024-05-09,2024-05-14,02,戸田,一般,２３１　１１３１２４１３,2019-03-16,2019-03-21,02,戸田,ＳＧ,５　３　３５１　１１５２,2018-02-27,2018-03-04,02,戸田,ＧⅠ,４転,2017-01-25,2017-01-30,02,戸田,ＧⅠ,５５１　３５１　３２６,4169,多田 有佑,2024-12-20,2024-12-25,02,戸田,一般,４１５　５６５　５　３１,2024-08-22,2024-08-26,02,戸田,一般,６４２　４転,2024-04-19,2024-04-24,02,戸田,ＧⅢ,５５１　６４３　６　４,2023-09-29,2023-10-02,02,戸田,一般,２６１　６　４１,2023-04-21,2023-04-26,02,戸田,一般,６　３６２　３１４２５３,4391,松田 祐季,2026-04-14,2026-04-19,02,戸田,ＧⅢ,１５３,2025-04-19,2025-04-24,02,戸田,一般,２４２２２１１　１１[１],2024-05-30,2024-06-04,02,戸田,ＧⅠ,２　４　３３２　３２６,2024-01-11,2024-01-14,02,戸田,一般,１６３１転６３４,2023-06-04,2023-06-10,02,戸田,ＧⅠ,６３４　３６２　２６４,4500,山田 康二,2025-06-24,2025-06-29,02,戸田,ＳＧ,６　４４１　１　１１１,2024-10-22,2024-10-27,02,戸田,ＳＧ,３２２　３　１４５　４５,2023-07-06,2023-07-09,02,戸田,一般,６５２１５５１４,2022-07-12,2022-07-17,02,戸田,ＧⅡ,２２５　４３１　２　[４],2022-01-20,2022-01-23,02,戸田,一般,２５１５１１[２]
202607080209,2026-07-08,02,09R,4468,大池 佑来,2025-11-12,2025-11-17,02,戸田,ＧⅠ,３　５１４　５　５３３６,2025-06-13,2025-06-16,02,戸田,一般,１２４２１３[２],2025-02-09,2025-02-15,02,戸田,ＧⅠ,３３４　３　６１１３５,2024-10-22,2024-10-27,02,戸田,ＳＧ,５　４　３５３　４３６,2024-03-15,2024-03-20,02,戸田,ＳＧ,３　５　３３　　５４４５,5073,上原 健次郎,2025-12-13,2025-12-16,02,戸田,一般,２　４４２３１５,2025-04-19,2025-04-24,02,戸田,一般,３　５５３　４５３　２,2024-12-01,2024-12-04,02,戸田,一般,５５２　４６４３,2023-12-10,2023-12-13,02,戸田,一般,２４５　１４３３,2023-08-19,2023-08-22,02,戸田,一般,５　４５６５５,5206,梅原 祥平,2025-08-06,2025-08-11,02,戸田,一般,６３６　５　５２６　４５,2024-10-08,2024-10-13,02,戸田,一般,２　５　５４１　３６４１,2024-01-31,2024-02-04,02,戸田,一般,４　６６５　１転５６,,,,,,,,,,,,,4238,毒島 誠,2025-06-24,2025-06-29,02,戸田,ＳＧ,３　６５４　２３１５５,2025-02-09,2025-02-15,02,戸田,ＧⅠ,３４１　６１３　６　２１,2024-10-22,2024-10-27,02,戸田,ＳＧ,４　１１２　２２１　[３],2024-03-15,2024-03-20,02,戸田,ＳＧ,３１１　２２　　１　[１],2023-06-04,2023-06-10,02,戸田,ＧⅠ,４３１　５５２　３　５１,4497,桑原 悠,2025-11-12,2025-11-17,02,戸田,ＧⅠ,２　３２６　３４３４４,2022-01-27,2022-02-01,02,戸田,ＧⅠ,２　６３４　F６４　６,2019-03-16,2019-03-21,02,戸田,ＳＧ,２１６　３　１１２　[３],2019-01-19,2019-01-22,02,戸田,一般,４５２４５　３,2018-10-07,2018-10-12,02,戸田,ＧⅠ,３　４　６６６　２３３５,4024,井口 佳典,2025-11-12,2025-11-17,02,戸田,ＧⅠ,６　３１５　３１５　２６,2025-06-24,2025-06-29,02,戸田,ＳＧ,１　３　２５４　６　１３,2024-05-30,2024-06-04,02,戸田,ＧⅠ,２　転５５　４１,2024-03-15,2024-03-20,02,戸田,ＳＧ,４３１　１　４　６　１４,2023-06-04,2023-06-10,02,戸田,ＧⅠ,６　２１５２４　２　[５]
202607080210,2026-07-08,02,10R,4719,上條 暢嵩,2025-06-24,2025-06-29,02,戸田,ＳＧ,２５１　１　３４４　４５,2024-10-22,2024-10-27,02,戸田,ＳＧ,２３６　５２１　１５６,2024-03-15,2024-03-20,02,戸田,ＳＧ,５５３　３　５　４２１,2023-09-29,2023-10-02,02,戸田,一般,１１２２１３[１],2022-07-12,2022-07-17,02,戸田,ＧⅡ,５１１　４６５,4547,中田 竜太,2026-05-01,2026-05-06,02,戸田,一般,２５１２３５２　３　２２,2026-01-03,2026-01-08,02,戸田,一般,３　２５２１１３１　[６],2025-11-12,2025-11-17,02,戸田,ＧⅠ,６４２　５４５　４４６,2025-08-14,2025-08-19,02,戸田,一般,５６３　５１４３１　２３,2025-06-24,2025-06-29,02,戸田,ＳＧ,１　２　１１４　１　[２],4586,磯部 誠,2025-06-24,2025-06-29,02,戸田,ＳＧ,５１１　５　５５２　１２,2025-05-09,2025-05-12,02,戸田,一般,２１２６１１[５],2024-10-22,2024-10-27,02,戸田,ＳＧ,６　５　５５,2024-05-30,2024-06-04,02,戸田,ＧⅠ,２５４　３　４５６　１４,2024-03-15,2024-03-20,02,戸田,ＳＧ,５　６５１　２　２１２,4502,遠藤 エミ,2025-06-24,2025-06-29,02,戸田,ＳＧ,４　５５２　１　１４６,2024-11-07,2024-11-12,02,戸田,ＧⅢ,１１５　１４１３１２[５],2024-05-30,2024-06-04,02,戸田,ＧⅠ,３　３　４３３　４　６６,2024-03-15,2024-03-20,02,戸田,ＳＧ,６　６１１　２　３　２１,2022-11-10,2022-11-13,02,戸田,一般,２１５５５６１,4102,益田 啓司,2026-01-11,2026-01-14,02,戸田,一般,１６１５１１[６],2025-01-26,2025-01-31,02,戸田,一般,１　２３３１１１６１[４],2023-09-29,2023-10-02,02,戸田,一般,５３６１５１３５,2021-11-17,2021-11-22,02,戸田,ＧⅢ,３３６４６　１１３４５２,2019-11-27,2019-11-30,02,戸田,一般,６６３２３　３４,4366,前沢 丈史,2025-12-27,2025-12-31,02,戸田,一般,４３３１２３２４３３,2025-08-06,2025-08-11,02,戸田,一般,１６２５２５４　１　１５,2025-01-11,2025-01-14,02,戸田,一般,１１２３１１[４],2024-04-07,2024-04-12,02,戸田,一般,１５３１１　５１５２[５],2022-09-16,2022-09-19,02,戸田,一般,５３４２１５１３
202607080211,2026-07-08,02,11R,4262,馬場 貴也,2025-09-26,2025-09-29,02,戸田,一般,３１４２１１[１],2025-06-24,2025-06-29,02,戸田,ＳＧ,５　６５６５６　６３１,2024-10-22,2024-10-27,02,戸田,ＳＧ,１１４　４５２　２　[６],2024-03-15,2024-03-20,02,戸田,ＳＧ,４　４６５　２　３１２,2023-06-04,2023-06-10,02,戸田,ＧⅠ,４１５　４６２　５　５６,4848,仲谷 颯仁,2024-11-15,2024-11-18,02,戸田,一般,２２２１２３[１],2023-07-27,2023-07-31,02,戸田,一般,１４２　２１１５２３,2023-05-24,2023-05-29,02,戸田,一般,２３６　３３５１２４３３,2022-07-12,2022-07-17,02,戸田,ＧⅡ,５　３３２　４３４１５２,2022-01-11,2022-01-16,02,戸田,一般,３６３１１１２　２２[６],3897,白井 英治,2025-06-24,2025-06-29,02,戸田,ＳＧ,６　３３５　５　２４２,2024-10-22,2024-10-27,02,戸田,ＳＧ,３　２１５　６２５　１５,2024-03-15,2024-03-20,02,戸田,ＳＧ,転　３６４　１　５　５,2019-11-13,2019-11-18,02,戸田,ＧⅢ,１１１１１　１１１１[１],2019-03-16,2019-03-21,02,戸田,ＳＧ,１　２２２１４　２　[４],4166,吉田 拡郎,2025-08-28,2025-08-31,02,戸田,一般,１１３１２３[３],2025-06-24,2025-06-29,02,戸田,ＳＧ,１　３　３４４　３　６２,2024-08-03,2024-08-08,02,戸田,一般,２１２　１３１１２１[１],2024-03-15,2024-03-20,02,戸田,ＳＧ,６５１　６　５　１　６５,2023-04-21,2023-04-26,02,戸田,一般,１６４２３　１１１５５５,4611,今井 美亜,2022-12-28,2022-12-31,02,戸田,一般,３５６５３　１５,2022-12-02,2022-12-06,02,戸田,一般,１　４５１２１６４１,2022-05-26,2022-05-30,02,戸田,一般,４　１４F５６　３,2021-12-17,2021-12-22,02,戸田,一般,３４５　４　４１１３[６],2019-10-31,2019-11-05,02,戸田,一般,３５１　１５５１１エ２,3940,飯山 泰,2025-12-27,2025-12-31,02,戸田,一般,１５６２４１５６１２,2025-10-15,2025-10-19,02,戸田,一般,１３５１２４１６１２,2024-12-01,2024-12-04,02,戸田,一般,３４２６２３２４,2023-12-28,2023-12-31,02,戸田,一般,２６１１１２[１],2023-11-07,2023-11-12,02,戸田,一般,１４１１２４１　３１[４]
202607080212,2026-07-08,02,12R,4573,佐藤 翼,2026-05-01,2026-05-06,02,戸田,一般,３６２５５　２F４　５,2026-01-03,2026-01-08,02,戸田,一般,３３３４３１１　２　[１],2025-11-12,2025-11-17,02,戸田,ＧⅠ,３３４　１３２　４　２１,2025-08-14,2025-08-19,02,戸田,一般,３５２　１１２３６　１４,2025-06-24,2025-06-29,02,戸田,ＳＧ,３３１　２５２　２　[４],3716,石渡 鉄兵,2026-05-28,2026-05-31,02,戸田,一般,６２５１１１２３,2025-11-12,2025-11-17,02,戸田,ＧⅠ,６　４５１　５　４２４３,2025-06-24,2025-06-29,02,戸田,ＳＧ,２　６　エ６５　３５２,2025-02-09,2025-02-15,02,戸田,ＧⅠ,３　４６４　３３２４４３,2024-05-30,2024-06-04,02,戸田,ＧⅠ,２　５６３　６６４　１３,5043,中村 日向,2024-08-29,2024-09-01,02,戸田,一般,２４２５１３３４,2023-11-16,2023-11-21,02,戸田,一般,２６３４２　１欠,2023-01-18,2023-01-23,02,戸田,一般,４４１１１　１３２１[６],,,,,,,,,,,,,4494,河合 佑樹,2025-06-24,2025-06-29,02,戸田,ＳＧ,１６６　２　５４６　５２,2024-05-30,2024-06-04,02,戸田,ＧⅠ,６　１４２　６　２３６,2023-12-10,2023-12-13,02,戸田,一般,落１３２２１４２,2023-07-06,2023-07-09,02,戸田,一般,２２エ欠,2023-06-04,2023-06-10,02,戸田,ＧⅠ,５１３　４４６　３１４４,5193,米丸 乃絵,2025-02-03,2025-02-06,02,戸田,一般,２　２４３　１２,2024-02-08,2024-02-13,02,戸田,一般,２３２　１１１６３２[２],2022-10-01,2022-10-04,02,戸田,一般,３　５６６　６６,,,,,,,,,,,,,3854,吉川 元浩,2025-09-26,2025-09-29,02,戸田,一般,２３２１２５[６],2025-06-24,2025-06-29,02,戸田,ＳＧ,５　６５３　２　４４５,2024-10-22,2024-10-27,02,戸田,ＳＧ,４５２　３　３５５　５３,2024-05-30,2024-06-04,02,戸田,ＧⅠ,３２５　１３１　３２５,2024-03-15,2024-03-20,02,戸田,ＳＧ,２　３　１１　　１　[転]
202607080501,2026-07-08,05,01R,3929,杢野 誓良,2025-12-17,2025-12-21,05,多摩川,一般,６４６　５３４　６,2025-07-16,2025-07-20,05,多摩川,一般,１３５　５４３３１６,2023-01-03,2023-01-07,05,多摩川,一般,３３４　４３２３２４,2021-08-26,2021-08-31,05,多摩川,一般,６　１３６　４３３５５６,2021-07-26,2021-07-30,05,多摩川,一般,３２３　３２３３３２,4735,角山 雄哉,2025-05-17,2025-05-21,05,多摩川,一般,６５４　６５４　５,2024-11-22,2024-11-27,05,多摩川,一般,３６５　１６４　２　４５,2023-03-23,2023-03-27,05,多摩川,一般,６　３１４　２３４３,2021-10-31,2021-11-04,05,多摩川,一般,３　３４６　３４２５,,,,,,,3885,久田 武,2025-12-17,2025-12-21,05,多摩川,一般,１２５　４３１４２５,2025-09-09,2025-09-13,05,多摩川,一般,３　３１２２６４１６,2025-05-06,2025-05-10,05,多摩川,一般,２４４　４５５　５２,2024-04-20,2024-04-24,05,多摩川,一般,３２６３３　２２４１,2023-06-24,2023-06-28,05,多摩川,一般,１６５　４４５　４１,3839,川合 理司,2025-09-20,2025-09-25,05,多摩川,一般,５　３６５　１３４３５５,2023-09-20,2023-09-24,05,多摩川,一般,６　４２２５６２４５,2023-05-28,2023-06-02,05,多摩川,一般,３５６　転６４　５　５,2021-01-19,2021-01-24,05,多摩川,一般,４　４３４２６　６２２,2020-06-28,2020-07-02,05,多摩川,一般,６　１３４６２　６６,4917,岩橋 裕馬,2025-11-29,2025-12-03,05,多摩川,一般,３　５５２　４５６５,2025-03-08,2025-03-12,05,多摩川,一般,４　４５転,2022-10-31,2022-11-05,05,多摩川,一般,４　６２４　６６,2021-08-08,2021-08-12,05,多摩川,一般,２　４４５６１　３３,,,,,,,5466,,,,,,,,,,,,,,,,,,,,,,,,,,,,,,,
202607080502,2026-07-08,05,02R,3340,池田 雷太,2024-09-28,2024-10-01,05,多摩川,一般,４　４５３　１４,2024-05-05,2024-05-09,05,多摩川,一般,６　１６２　２６３落,2023-08-08,2023-08-13,05,多摩川,一般,４　２４５　６２３　２６,2023-06-05,2023-06-10,05,多摩川,ＧⅢ,６　５４４　４３４　１１,2023-04-23,2023-04-26,05,多摩川,一般,２４３６４　５４,4461,安田 吉宏,2026-03-20,2026-03-25,05,多摩川,一般,２１１　４２５　５３３３,2025-10-10,2025-10-15,05,多摩川,一般,１　３４２　５６４６５６,2025-05-25,2025-05-29,05,多摩川,一般,３　１３５　２６１６,2022-03-19,2022-03-24,05,多摩川,一般,４６３　４　２　１　１４,2021-12-02,2021-12-07,05,多摩川,一般,４　４５５　５３５　５,3808,秋田 健太郎,2025-12-10,2025-12-14,05,多摩川,一般,５,2023-10-02,2023-10-05,05,多摩川,一般,４　４４５５４,2023-06-24,2023-06-28,05,多摩川,一般,６　５４６　２　３５,2022-11-08,2022-11-11,05,多摩川,一般,１　６　２４２６,2022-09-11,2022-09-15,05,多摩川,一般,６　５　４５２　５,3690,河合 三弘,2026-03-11,2026-03-16,05,多摩川,一般,５６４　５　２４５　１６,2025-11-19,2025-11-24,05,多摩川,ＧⅢ,４５４　５６６　５　６,2025-05-25,2025-05-29,05,多摩川,一般,４４３　６５６　４,2024-12-26,2024-12-31,05,多摩川,一般,２３２　２６２　５６４６,2023-12-06,2023-12-10,05,多摩川,一般,３３６４１　３　６４,4086,寺本 重宣,2026-04-27,2026-05-02,05,多摩川,一般,４６１　４２３４１　５５,2025-09-09,2025-09-13,05,多摩川,一般,６５２　３４６,2025-07-08,2025-07-13,05,多摩川,一般,２２１１４　３３３４３２,2025-05-06,2025-05-10,05,多摩川,一般,２１３２４６１４３２,2025-01-03,2025-01-07,05,多摩川,一般,１１１５２　３５４１,4462,夏山 亮平,2025-09-20,2025-09-25,05,多摩川,一般,１４４　２５１　２３１３,2025-03-08,2025-03-12,05,多摩川,一般,３５２　１５,2024-09-02,2024-09-08,05,多摩川,一般,１２６　４４４　３６２４,2023-07-10,2023-07-15,05,多摩川,一般,５６４　３　５４６　４,2023-05-20,2023-05-24,05,多摩川,一般,１４３　２１３５２４
202607080503,2026-07-08,05,03R,4593,小坂 宗司,2025-11-29,2025-12-03,05,多摩川,一般,５４２　４３３　１３,2025-04-09,2025-04-13,05,多摩川,一般,１３６３４　６３４２,2024-12-26,2024-12-31,05,多摩川,一般,３　２２F２３　５　２,2024-06-29,2024-07-03,05,多摩川,一般,３　５４３　３３１３,2023-05-20,2023-05-24,05,多摩川,一般,４　５３１５４　１５,3467,森 弘行,2026-04-18,2026-04-23,05,多摩川,一般,４６５　２　２６６　３６,2026-02-22,2026-02-27,05,多摩川,一般,５　３３６　４５５２５,2025-09-20,2025-09-25,05,多摩川,一般,５　５６５,2025-06-28,2025-07-03,05,多摩川,一般,５　６５６,2025-02-15,2025-02-19,05,多摩川,一般,６　５６,3939,渡辺 真至,2025-07-25,2025-07-29,05,多摩川,一般,４妨,2024-09-11,2024-09-15,05,多摩川,一般,３２１２１　４２[６],2024-04-20,2024-04-24,05,多摩川,一般,４４１　２５１５４５,2023-09-20,2023-09-24,05,多摩川,一般,３４F２５　５　１,2022-11-08,2022-11-11,05,多摩川,一般,５３４４,3362,間嶋 仁志,2025-10-19,2025-10-23,05,多摩川,一般,４１２　４２１１[６],2024-10-09,2024-10-14,05,多摩川,一般,５５１　６１５　４　２４,2024-04-14,2024-04-17,05,多摩川,一般,５　５１２５２５,2023-12-06,2023-12-10,05,多摩川,一般,６６４５６　３　４１,2023-08-26,2023-08-30,05,多摩川,一般,１２１　４２１１[１],3775,泉 啓文,2025-07-08,2025-07-13,05,多摩川,一般,４２５　６　５５５　５６,2025-03-20,2025-03-24,05,多摩川,一般,５　６５２　３　６６,2024-09-18,2024-09-23,05,多摩川,一般,５４５　４２１　１１２４,2023-11-24,2023-11-29,05,多摩川,一般,６　１２１５５　１６５４,2017-05-14,2017-05-18,05,多摩川,一般,６　５４２　５６２,4760,山崎 郡,2026-03-28,2026-03-31,05,多摩川,一般,１１２１２２[３],2025-09-29,2025-10-04,05,多摩川,ＧⅠ,１６６　１５６　３３１,2024-05-21,2024-05-26,05,多摩川,ＳＧ,６　３　６４６　６２１,2023-11-24,2023-11-29,05,多摩川,一般,５　３１４１２１１５１４,2023-03-06,2023-03-11,05,多摩川,ＧⅠ,１２５　１５６　３　２２
202607080504,2026-07-08,05,04R,5005,石田 貴洋,2025-10-19,2025-10-23,05,多摩川,一般,５３４　２４１　３３,2025-06-14,2025-06-19,05,多摩川,ＧⅢ,１　２６F　３４４３２,2025-03-27,2025-03-31,05,多摩川,一般,２　３４５１４３５３,2022-12-13,2022-12-17,05,多摩川,一般,転３６　６３３　２,2022-04-09,2022-04-14,05,多摩川,一般,４　１４６,4077,品田 直樹,2025-08-10,2025-08-15,05,多摩川,一般,５　２３２　２５３２５５,2025-06-28,2025-07-03,05,多摩川,一般,５２５　４　６４２４３５,2025-04-26,2025-05-01,05,多摩川,一般,３５４　１　５６４３３,2024-06-12,2024-06-15,05,多摩川,一般,５２１５４　２４,2024-05-12,2024-05-16,05,多摩川,一般,４４４　３２５　６６,4274,長畑 友輔,2025-11-29,2025-12-03,05,多摩川,一般,３６６　５　３４６,2025-08-10,2025-08-15,05,多摩川,一般,１４６　３５２　１５２４,2025-05-25,2025-05-29,05,多摩川,一般,５２３　５６６　１,2024-12-26,2024-12-31,05,多摩川,一般,１５２　６６５　６２３,2024-04-27,2024-05-02,05,多摩川,一般,３　２４５　６３４５２,4365,盛本 真輔,2025-09-09,2025-09-13,05,多摩川,一般,２６４　２　３３３１,2025-05-17,2025-05-21,05,多摩川,一般,１２６６４　２２５３,2024-06-29,2024-07-03,05,多摩川,一般,６　２５６２２　２３,2023-05-28,2023-06-02,05,多摩川,一般,１２３　２　１３５５３６,2022-11-28,2022-12-03,05,多摩川,一般,１６４　２２１５５１[６],4047,吉永 浩則,2025-06-28,2025-07-03,05,多摩川,一般,３６４　４６４５４　１５,2025-03-20,2025-03-24,05,多摩川,一般,６　６６２　４　４４,2024-12-10,2024-12-14,05,多摩川,一般,４　１５３　５２１５,2024-03-19,2024-03-24,05,多摩川,一般,２　３６１　３４１２[５],2021-03-28,2021-03-31,05,多摩川,一般,５　３４３　５１,5259,野田 昇吾,2025-01-10,2025-01-15,05,多摩川,一般,４３６　５４５５５　４,2024-08-21,2024-08-26,05,多摩川,一般,６　６６６　F６６　６,2024-02-15,2024-02-19,05,多摩川,一般,６６６　６　６６６,2023-11-07,2023-11-12,05,多摩川,一般,６　５６６　６６４　５,2023-08-17,2023-08-20,05,多摩川,一般,　　　　　　不３
202607080505,2026-07-08,05,05R,4934,佐々木 翔斗,2026-03-28,2026-03-31,05,多摩川,一般,４４５４１　１３,2025-12-10,2025-12-14,05,多摩川,一般,３５５６４５３　２４,2025-06-14,2025-06-19,05,多摩川,ＧⅢ,３２２　３４１　４　３５,2023-10-02,2023-10-05,05,多摩川,一般,５　６６３１２,2023-01-09,2023-01-13,05,多摩川,一般,５１２　３４１５１４,3161,古場 輝義,2024-03-05,2024-03-10,05,多摩川,一般,２２５４６　２４５　６４,2023-07-10,2023-07-15,05,多摩川,一般,４　１５３４４　５４３４,2023-01-23,2023-01-28,05,多摩川,ＧⅢ,４２６３３１５　２３５２,2021-09-19,2021-09-23,05,多摩川,一般,６　１３５１１６２６,2020-10-10,2020-10-13,05,多摩川,一般,３６２２４　１２,3933,山地 正樹,2026-01-25,2026-01-29,05,多摩川,一般,４６６　２２１　２２,2025-04-18,2025-04-23,05,多摩川,一般,５　１６６　２２３２４２,2022-09-29,2022-10-03,05,多摩川,一般,４２５４３１１５３２,2021-09-11,2021-09-15,05,多摩川,一般,３４４６２４３　３,2020-08-25,2020-08-30,05,多摩川,一般,２　２１１１３１４１[１],4735,角山 雄哉,2025-05-17,2025-05-21,05,多摩川,一般,６５４　６５４　５,2024-11-22,2024-11-27,05,多摩川,一般,３６５　１６４　２　４５,2023-03-23,2023-03-27,05,多摩川,一般,６　３１４　２３４３,2021-10-31,2021-11-04,05,多摩川,一般,３　３４６　３４２５,,,,,,,3929,杢野 誓良,2025-12-17,2025-12-21,05,多摩川,一般,６４６　５３４　６,2025-07-16,2025-07-20,05,多摩川,一般,１３５　５４３３１６,2023-01-03,2023-01-07,05,多摩川,一般,３３４　４３２３２４,2021-08-26,2021-08-31,05,多摩川,一般,６　１３６　４３３５５６,2021-07-26,2021-07-30,05,多摩川,一般,３２３　３２３３３２,3641,一瀬 明,2025-12-10,2025-12-14,05,多摩川,一般,１３２１４　１２[４],2025-08-10,2025-08-15,05,多摩川,一般,２　４５４３２２１５２５,2025-06-28,2025-07-03,05,多摩川,一般,１２１３２１１　４１[１],2025-03-27,2025-03-31,05,多摩川,一般,１　３３３１３４１４,2024-10-09,2024-10-14,05,多摩川,一般,３２３４３４６
202607080506,2026-07-08,05,06R,4207,松下 一也,2026-01-25,2026-01-29,05,多摩川,一般,３２３　５６１　２５,2025-11-09,2025-11-14,05,多摩川,一般,２３１５１４１　１２[５],2025-07-08,2025-07-13,05,多摩川,一般,２２５１F　６　５　３,2025-03-27,2025-03-31,05,多摩川,一般,４２２　２２２１[３],2024-08-21,2024-08-26,05,多摩川,一般,６５１　４６６３５　２,4489,岩川 仁士,2026-03-11,2026-03-16,05,多摩川,一般,４　３２５２１　１６１６,2025-11-19,2025-11-24,05,多摩川,ＧⅢ,１　４２１５３　３４５５,2025-03-08,2025-03-12,05,多摩川,一般,４１２　２５３６１４,2024-06-29,2024-07-03,05,多摩川,一般,６１４３４　１１５４,2023-04-23,2023-04-26,05,多摩川,一般,１　３５６２１５,3445,加藤 高史,2026-02-22,2026-02-27,05,多摩川,一般,２６２　６５６５５　５５,2026-01-03,2026-01-07,05,多摩川,一般,４５１　４５４　２５,2025-06-28,2025-07-03,05,多摩川,一般,４６２　１４３３２５１２,2025-03-27,2025-03-31,05,多摩川,一般,１５５　５６４　１２,2024-09-28,2024-10-01,05,多摩川,一般,２６６　２転３,3852,澤 大介,2025-07-25,2025-07-29,05,多摩川,一般,２４５　１５４４６３,2024-09-11,2024-09-15,05,多摩川,一般,５４２　３４３　２６,2023-09-20,2023-09-24,05,多摩川,一般,４２３　３３２６３５,2023-06-05,2023-06-10,05,多摩川,ＧⅢ,３５２　１２５　６６２６,2022-07-23,2022-07-28,05,多摩川,一般,４　３１４２F２５　３,4598,加藤 政彦,2026-05-06,2026-05-11,05,多摩川,一般,４１６転３転,2026-02-06,2026-02-11,05,多摩川,ＧⅠ,６　６５５　５６６　３６,2025-11-19,2025-11-24,05,多摩川,ＧⅢ,３　３６４１３６１　４２,2025-05-25,2025-05-29,05,多摩川,一般,５１２６４　４　５５,2024-09-18,2024-09-23,05,多摩川,一般,４　２２４３３２３１[２],4604,岩瀬 裕亮,2024-09-02,2024-09-08,05,多摩川,一般,３　１３２１４１５５２３,2024-05-12,2024-05-16,05,多摩川,一般,４３２２１３１４１３,2021-06-27,2021-07-02,05,多摩川,一般,４　２２５２４１２５１２,2020-10-10,2020-10-13,05,多摩川,一般,２１４１１４[６],2020-06-07,2020-06-12,05,多摩川,一般,４１１３３３１　２４２４
202607080507,2026-07-08,05,07R,4917,岩橋 裕馬,2025-11-29,2025-12-03,05,多摩川,一般,３　５５２　４５６５,2025-03-08,2025-03-12,05,多摩川,一般,４　４５転,2022-10-31,2022-11-05,05,多摩川,一般,４　６２４　６６,2021-08-08,2021-08-12,05,多摩川,一般,２　４４５６１　３３,,,,,,,3690,河合 三弘,2026-03-11,2026-03-16,05,多摩川,一般,５６４　５　２４５　１６,2025-11-19,2025-11-24,05,多摩川,ＧⅢ,４５４　５６６　５　６,2025-05-25,2025-05-29,05,多摩川,一般,４４３　６５６　４,2024-12-26,2024-12-31,05,多摩川,一般,２３２　２６２　５６４６,2023-12-06,2023-12-10,05,多摩川,一般,３３６４１　３　６４,4281,大澤 大夢,2026-03-11,2026-03-16,05,多摩川,一般,６５５　４　５６６　５,2025-08-10,2025-08-15,05,多摩川,一般,１３５　４　３３１３１５,2025-01-03,2025-01-07,05,多摩川,一般,５　２６４６３　３３,2024-09-02,2024-09-08,05,多摩川,一般,５４６　２６４　２　２５,2024-01-30,2024-02-03,05,多摩川,一般,１２３　２２３３５５,3685,荒井 輝年,2024-12-17,2024-12-21,05,多摩川,一般,４２１１３　６１[４],2019-11-04,2019-11-08,05,多摩川,一般,１３４４２３１　３１,2018-05-28,2018-06-01,05,多摩川,一般,１５５２２　３５１１,2015-06-02,2015-06-07,05,多摩川,一般,１１１　２１１４５１[２],2014-12-13,2014-12-17,05,多摩川,一般,F６３　４　３　４,4318,桑原 将光,2026-03-28,2026-03-31,05,多摩川,一般,１５３６２　２３,2025-05-06,2025-05-10,05,多摩川,一般,１３１５４　２４６２,2025-02-15,2025-02-19,05,多摩川,一般,４１４５２　５４３１,2024-05-05,2024-05-09,05,多摩川,一般,３２４　３３３６３２,2024-03-19,2024-03-24,05,多摩川,一般,３３５　５２３５１　４６,3839,川合 理司,2025-09-20,2025-09-25,05,多摩川,一般,５　３６５　１３４３５５,2023-09-20,2023-09-24,05,多摩川,一般,６　４２２５６２４５,2023-05-28,2023-06-02,05,多摩川,一般,３５６　転６４　５　５,2021-01-19,2021-01-24,05,多摩川,一般,４　４３４２６　６２２,2020-06-28,2020-07-02,05,多摩川,一般,６　１３４６２　６６
202607080508,2026-07-08,05,08R,4047,吉永 浩則,2025-06-28,2025-07-03,05,多摩川,一般,３６４　４６４５４　１５,2025-03-20,2025-03-24,05,多摩川,一般,６　６６２　４　４４,2024-12-10,2024-12-14,05,多摩川,一般,４　１５３　５２１５,2024-03-19,2024-03-24,05,多摩川,一般,２　３６１　３４１２[５],2021-03-28,2021-03-31,05,多摩川,一般,５　３４３　５１,3300,川崎 智幸,2025-11-09,2025-11-14,05,多摩川,一般,１４５　４６４５４　２６,2023-06-05,2023-06-10,05,多摩川,ＧⅢ,６６１２５４５　１　４,2023-04-23,2023-04-26,05,多摩川,一般,６２４１３　２３,2021-02-01,2021-02-05,05,多摩川,一般,３１４２３３２５４５,2019-10-01,2019-10-05,05,多摩川,一般,３４６４３１１　１３,3866,木山 誠一,2026-03-28,2026-03-31,05,多摩川,一般,６　１４３　３１,2017-09-18,2017-09-23,05,多摩川,一般,２　６３２　５６５　６,2016-12-10,2016-12-14,05,多摩川,一般,２４６　４１４　３２,2016-09-18,2016-09-22,05,多摩川,一般,５５４　４５５　６,2016-04-19,2016-04-24,05,多摩川,一般,５６３　３　６５６　５,5259,野田 昇吾,2025-01-10,2025-01-15,05,多摩川,一般,４３６　５４５５５　４,2024-08-21,2024-08-26,05,多摩川,一般,６　６６６　F６６　６,2024-02-15,2024-02-19,05,多摩川,一般,６６６　６　６６６,2023-11-07,2023-11-12,05,多摩川,一般,６　５６６　６６４　５,2023-08-17,2023-08-20,05,多摩川,一般,　　　　　　不３,3467,森 弘行,2026-04-18,2026-04-23,05,多摩川,一般,４６５　２　２６６　３６,2026-02-22,2026-02-27,05,多摩川,一般,５　３３６　４５５２５,2025-09-20,2025-09-25,05,多摩川,一般,５　５６５,2025-06-28,2025-07-03,05,多摩川,一般,５　６５６,2025-02-15,2025-02-19,05,多摩川,一般,６　５６,5466,,,,,,,,,,,,,,,,,,,,,,,,,,,,,,,
202607080509,2026-07-08,05,09R,4274,長畑 友輔,2025-11-29,2025-12-03,05,多摩川,一般,３６６　５　３４６,2025-08-10,2025-08-15,05,多摩川,一般,１４６　３５２　１５２４,2025-05-25,2025-05-29,05,多摩川,一般,５２３　５６６　１,2024-12-26,2024-12-31,05,多摩川,一般,１５２　６６５　６２３,2024-04-27,2024-05-02,05,多摩川,一般,３　２４５　６３４５２,4979,中野 夢斗,2021-12-22,2021-12-25,05,多摩川,一般,　　　　　　３５,2021-09-11,2021-09-15,05,多摩川,一般,２　６６２　３５６４,2021-04-05,2021-04-10,05,多摩川,一般,６６１　６３３　５３３２,2020-10-16,2020-10-21,05,多摩川,一般,４１５　２３５　６６５４,2019-08-17,2019-08-22,05,多摩川,一般,F６６　５　４　４　３,4273,佐藤 旭,2025-09-20,2025-09-25,05,多摩川,一般,４６４　１５５　６　６,2025-01-19,2025-01-23,05,多摩川,一般,２５５　４５５　２,2024-02-15,2024-02-19,05,多摩川,一般,１３３　２３３５転２,2022-11-28,2022-12-03,05,多摩川,一般,３　３２３　５欠,2022-07-23,2022-07-28,05,多摩川,一般,４１２６２　４　６６１５,4118,宇佐見 淳,2026-03-20,2026-03-25,05,多摩川,一般,４　２３３４３５４３２４,2025-03-08,2025-03-12,05,多摩川,一般,１　１４６１３２[２],2024-07-26,2024-07-31,05,多摩川,一般,３　１４３１４３４３３１,2024-03-19,2024-03-24,05,多摩川,一般,３　３５１３１１３３１１,2022-09-11,2022-09-15,05,多摩川,一般,２４１２６　１４５４,4077,品田 直樹,2025-08-10,2025-08-15,05,多摩川,一般,５　２３２　２５３２５５,2025-06-28,2025-07-03,05,多摩川,一般,５２５　４　６４２４３５,2025-04-26,2025-05-01,05,多摩川,一般,３５４　１　５６４３３,2024-06-12,2024-06-15,05,多摩川,一般,５２１５４　２４,2024-05-12,2024-05-16,05,多摩川,一般,４４４　３２５　６６,3808,秋田 健太郎,2025-12-10,2025-12-14,05,多摩川,一般,５,2023-10-02,2023-10-05,05,多摩川,一般,４　４４５５４,2023-06-24,2023-06-28,05,多摩川,一般,６　５４６　２　３５,2022-11-08,2022-11-11,05,多摩川,一般,１　６　２４２６,2022-09-11,2022-09-15,05,多摩川,一般,６　５　４５２　５
202607080510,2026-07-08,05,10R,4462,夏山 亮平,2025-09-20,2025-09-25,05,多摩川,一般,１４４　２５１　２３１３,2025-03-08,2025-03-12,05,多摩川,一般,３５２　１５,2024-09-02,2024-09-08,05,多摩川,一般,１２６　４４４　３６２４,2023-07-10,2023-07-15,05,多摩川,一般,５６４　３　５４６　４,2023-05-20,2023-05-24,05,多摩川,一般,１４３　２１３５２４,3775,泉 啓文,2025-07-08,2025-07-13,05,多摩川,一般,４２５　６　５５５　５６,2025-03-20,2025-03-24,05,多摩川,一般,５　６５２　３　６６,2024-09-18,2024-09-23,05,多摩川,一般,５４５　４２１　１１２４,2023-11-24,2023-11-29,05,多摩川,一般,６　１２１５５　１６５４,2017-05-14,2017-05-18,05,多摩川,一般,６　５４２　５６２,3852,澤 大介,2025-07-25,2025-07-29,05,多摩川,一般,２４５　１５４４６３,2024-09-11,2024-09-15,05,多摩川,一般,５４２　３４３　２６,2023-09-20,2023-09-24,05,多摩川,一般,４２３　３３２６３５,2023-06-05,2023-06-10,05,多摩川,ＧⅢ,３５２　１２５　６６２６,2022-07-23,2022-07-28,05,多摩川,一般,４　３１４２F２５　３,3885,久田 武,2025-12-17,2025-12-21,05,多摩川,一般,１２５　４３１４２５,2025-09-09,2025-09-13,05,多摩川,一般,３　３１２２６４１６,2025-05-06,2025-05-10,05,多摩川,一般,２４４　４５５　５２,2024-04-20,2024-04-24,05,多摩川,一般,３２６３３　２２４１,2023-06-24,2023-06-28,05,多摩川,一般,１６５　４４５　４１,3161,古場 輝義,2024-03-05,2024-03-10,05,多摩川,一般,２２５４６　２４５　６４,2023-07-10,2023-07-15,05,多摩川,一般,４　１５３４４　５４３４,2023-01-23,2023-01-28,05,多摩川,ＧⅢ,４２６３３１５　２３５２,2021-09-19,2021-09-23,05,多摩川,一般,６　１３５１１６２６,2020-10-10,2020-10-13,05,多摩川,一般,３６２２４　１２,4934,佐々木 翔斗,2026-03-28,2026-03-31,05,多摩川,一般,４４５４１　１３,2025-12-10,2025-12-14,05,多摩川,一般,３５５６４５３　２４,2025-06-14,2025-06-19,05,多摩川,ＧⅢ,３２２　３４１　４　３５,2023-10-02,2023-10-05,05,多摩川,一般,５　６６３１２,2023-01-09,2023-01-13,05,多摩川,一般,５１２　３４１５１４
202607080511,2026-07-08,05,11R,3641,一瀬 明,2025-12-10,2025-12-14,05,多摩川,一般,１３２１４　１２[４],2025-08-10,2025-08-15,05,多摩川,一般,２　４５４３２２１５２５,2025-06-28,2025-07-03,05,多摩川,一般,１２１３２１１　４１[１],2025-03-27,2025-03-31,05,多摩川,一般,１　３３３１３４１４,2024-10-09,2024-10-14,05,多摩川,一般,３２３４３４６,4086,寺本 重宣,2026-04-27,2026-05-02,05,多摩川,一般,４６１　４２３４１　５５,2025-09-09,2025-09-13,05,多摩川,一般,６５２　３４６,2025-07-08,2025-07-13,05,多摩川,一般,２２１１４　３３３４３２,2025-05-06,2025-05-10,05,多摩川,一般,２１３２４６１４３２,2025-01-03,2025-01-07,05,多摩川,一般,１１１５２　３５４１,4365,盛本 真輔,2025-09-09,2025-09-13,05,多摩川,一般,２６４　２　３３３１,2025-05-17,2025-05-21,05,多摩川,一般,１２６６４　２２５３,2024-06-29,2024-07-03,05,多摩川,一般,６　２５６２２　２３,2023-05-28,2023-06-02,05,多摩川,一般,１２３　２　１３５５３６,2022-11-28,2022-12-03,05,多摩川,一般,１６４　２２１５５１[６],4604,岩瀬 裕亮,2024-09-02,2024-09-08,05,多摩川,一般,３　１３２１４１５５２３,2024-05-12,2024-05-16,05,多摩川,一般,４３２２１３１４１３,2021-06-27,2021-07-02,05,多摩川,一般,４　２２５２４１２５１２,2020-10-10,2020-10-13,05,多摩川,一般,２１４１１４[６],2020-06-07,2020-06-12,05,多摩川,一般,４１１３３３１　２４２４,4461,安田 吉宏,2026-03-20,2026-03-25,05,多摩川,一般,２１１　４２５　５３３３,2025-10-10,2025-10-15,05,多摩川,一般,１　３４２　５６４６５６,2025-05-25,2025-05-29,05,多摩川,一般,３　１３５　２６１６,2022-03-19,2022-03-24,05,多摩川,一般,４６３　４　２　１　１４,2021-12-02,2021-12-07,05,多摩川,一般,４　４５５　５３５　５,4593,小坂 宗司,2025-11-29,2025-12-03,05,多摩川,一般,５４２　４３３　１３,2025-04-09,2025-04-13,05,多摩川,一般,１３６３４　６３４２,2024-12-26,2024-12-31,05,多摩川,一般,３　２２F２３　５　２,2024-06-29,2024-07-03,05,多摩川,一般,３　５４３　３３１３,2023-05-20,2023-05-24,05,多摩川,一般,４　５３１５４　１５
202607080512,2026-07-08,05,12R,4760,山崎 郡,2026-03-28,2026-03-31,05,多摩川,一般,１１２１２２[３],2025-09-29,2025-10-04,05,多摩川,ＧⅠ,１６６　１５６　３３１,2024-05-21,2024-05-26,05,多摩川,ＳＧ,６　３　６４６　６２１,2023-11-24,2023-11-29,05,多摩川,一般,５　３１４１２１１５１４,2023-03-06,2023-03-11,05,多摩川,ＧⅠ,１２５　１５６　３　２２,4598,加藤 政彦,2026-05-06,2026-05-11,05,多摩川,一般,４１６転３転,2026-02-06,2026-02-11,05,多摩川,ＧⅠ,６　６５５　５６６　３６,2025-11-19,2025-11-24,05,多摩川,ＧⅢ,３　３６４１３６１　４２,2025-05-25,2025-05-29,05,多摩川,一般,５１２６４　４　５５,2024-09-18,2024-09-23,05,多摩川,一般,４　２２４３３２３１[２],3685,荒井 輝年,2024-12-17,2024-12-21,05,多摩川,一般,４２１１３　６１[４],2019-11-04,2019-11-08,05,多摩川,一般,１３４４２３１　３１,2018-05-28,2018-06-01,05,多摩川,一般,１５５２２　３５１１,2015-06-02,2015-06-07,05,多摩川,一般,１１１　２１１４５１[２],2014-12-13,2014-12-17,05,多摩川,一般,F６３　４　３　４,3939,渡辺 真至,2025-07-25,2025-07-29,05,多摩川,一般,４妨,2024-09-11,2024-09-15,05,多摩川,一般,３２１２１　４２[６],2024-04-20,2024-04-24,05,多摩川,一般,４４１　２５１５４５,2023-09-20,2023-09-24,05,多摩川,一般,３４F２５　５　１,2022-11-08,2022-11-11,05,多摩川,一般,５３４４,4489,岩川 仁士,2026-03-11,2026-03-16,05,多摩川,一般,４　３２５２１　１６１６,2025-11-19,2025-11-24,05,多摩川,ＧⅢ,１　４２１５３　３４５５,2025-03-08,2025-03-12,05,多摩川,一般,４１２　２５３６１４,2024-06-29,2024-07-03,05,多摩川,一般,６１４３４　１１５４,2023-04-23,2023-04-26,05,多摩川,一般,１　３５６２１５,5005,石田 貴洋,2025-10-19,2025-10-23,05,多摩川,一般,５３４　２４１　３３,2025-06-14,2025-06-19,05,多摩川,ＧⅢ,１　２６F　３４４３２,2025-03-27,2025-03-31,05,多摩川,一般,２　３４５１４３５３,2022-12-13,2022-12-17,05,多摩川,一般,転３６　６３３　２,2022-04-09,2022-04-14,05,多摩川,一般,４　１４６
202607080801,2026-07-08,08,01R,5018,竹下 大樹,2025-10-07,2025-10-12,08,常滑,一般,２　２２１１４４３３１１,2025-07-28,2025-08-02,08,常滑,一般,１５２２５１３２２２[６],2024-09-21,2024-09-24,08,常滑,一般,５４F２６　５,2019-04-17,2019-04-22,08,常滑,一般,６　４６４　４　５　５６,,,,,,,3569,増田 進,2024-11-27,2024-11-30,08,常滑,一般,４　４５３　４５,2024-07-27,2024-07-30,08,常滑,一般,６　５３３　１５,2024-04-19,2024-04-22,08,常滑,一般,５　５　５　２４,2023-07-11,2023-07-14,08,常滑,一般,４　４３３　４,2023-04-21,2023-04-25,08,常滑,一般,５５４５４５５　５４,3392,小森 信雄,2026-02-14,2026-02-18,08,常滑,一般,２３３５２　５６３４,2025-05-03,2025-05-08,08,常滑,一般,４２６　４　５４６　２５,2025-01-31,2025-02-03,08,常滑,一般,５　６３５５２３,2023-07-21,2023-07-24,08,常滑,一般,３　４６３１４６,2021-08-19,2021-08-23,08,常滑,一般,１５５　５６６,4421,森作 広大,2024-12-03,2024-12-06,08,常滑,一般,５　６５４　６６,2024-07-27,2024-07-30,08,常滑,一般,３６２　４６２,2022-06-11,2022-06-14,08,常滑,一般,５　３５３６５２,2021-12-30,2022-01-04,08,常滑,一般,４　５４３　３４５　３５,2021-05-28,2021-06-01,08,常滑,一般,６５５６４　４　５４,5390,,,,,,,,,,,,,,,,,,,,,,,,,,,,,,,,3922,菅沼 佳昭,2025-12-21,2025-12-26,08,常滑,一般,６　１６６　６５２４３２,2024-12-03,2024-12-06,08,常滑,一般,５　６６５　転２,2024-08-18,2024-08-21,08,常滑,一般,５４５　５　３３,2024-06-02,2024-06-05,08,常滑,一般,３　５２１４４５,2024-04-01,2024-04-04,08,常滑,一般,４　６３１６４５
202607080802,2026-07-08,08,02R,4997,濱崎 寿里矢,2025-08-19,2025-08-24,08,常滑,一般,落４２　５２１　３　１６,2025-01-16,2025-01-19,08,常滑,一般,６　６５６　６５,2024-08-31,2024-09-05,08,常滑,一般,５　５５６６４　４３６４,2020-03-14,2020-03-17,08,常滑,一般,４　５６６６５６,,,,,,,3304,烏野 賢太,2025-10-24,2025-10-28,08,常滑,一般,１２４　２６５３４３,2025-01-08,2025-01-11,08,常滑,一般,１　４５１５２２,2024-06-08,2024-06-11,08,常滑,一般,２５,2024-01-10,2024-01-14,08,常滑,一般,２　３４１３２４１３,2022-08-19,2022-08-23,08,常滑,一般,４５１２２　４２[６],3589,西村 勝,2026-04-24,2026-04-29,08,常滑,一般,３６４　６１６　２　３６,2024-12-03,2024-12-06,08,常滑,一般,４２４　１５２６,2024-08-25,2024-08-28,08,常滑,一般,４　６５５　４１,2023-01-28,2023-01-31,08,常滑,一般,１６５　２２３１,2022-08-27,2022-08-30,08,常滑,一般,４２２　２５２５,4416,三宅 健太,2025-12-21,2025-12-26,08,常滑,一般,３　４４５　２１４５２３,2024-10-26,2024-10-29,08,常滑,一般,４　４４３４３１,2024-07-21,2024-07-24,08,常滑,一般,３　５３２１１５,2022-05-13,2022-05-16,08,常滑,一般,６２１　６５４４,2022-03-04,2022-03-08,08,常滑,一般,２２２５妨　５　５５,4596,葛原 大陽,2025-09-25,2025-09-30,08,常滑,一般,３４１　３５１４４３１２,2024-09-27,2024-09-30,08,常滑,一般,３２２１２４２２,2023-12-22,2023-12-25,08,常滑,一般,２　３３６５３１,2023-06-25,2023-06-28,08,常滑,一般,５　２１３６２３,2022-01-08,2022-01-10,08,常滑,一般,５　４５４,5247,大森 翼,2024-02-16,2024-02-19,08,常滑,一般,４　５５４　６３,2023-10-27,2023-10-30,08,常滑,一般,６６６　６　６６,2022-09-30,2022-10-03,08,常滑,一般,６６４　５６６,,,,,,,,,,,,
202607080803,2026-07-08,08,03R,3606,川北 浩貴,2026-04-06,2026-04-10,08,常滑,一般,２１５２６　３５２１,2023-08-09,2023-08-14,08,常滑,一般,１１４４３　６６１　４６,2023-03-18,2023-03-22,08,常滑,一般,１　２５３２１４１２,2021-12-18,2021-12-21,08,常滑,一般,１３５３２３６１,2018-06-30,2018-07-03,08,常滑,一般,２２１１４１[５],5002,上田 健太,2025-12-29,2026-01-03,08,常滑,一般,３　１４６５４５３　１,2025-08-10,2025-08-15,08,常滑,一般,２１６　６２４２１５６２,2025-04-18,2025-04-22,08,常滑,一般,３　１６５６１　５,2025-02-08,2025-02-11,08,常滑,一般,１３２５３１２１,2024-12-30,2025-01-04,08,常滑,一般,３５２２２　３３２４３６,4359,横川 聖志,2025-07-15,2025-07-20,08,常滑,ＧⅢ,５　５３２　１４１３４３,2024-10-20,2024-10-23,08,常滑,一般,６　４２６３３６,2024-07-05,2024-07-08,08,常滑,一般,３　６１４１３６,2022-12-23,2022-12-26,08,常滑,一般,４２２　２３４４,2022-09-03,2022-09-06,08,常滑,一般,４　２落,3339,泉 具巳,2026-02-14,2026-02-18,08,常滑,一般,６５６　６６,2024-11-27,2024-11-30,08,常滑,一般,３　４１４転６６,2024-06-08,2024-06-11,08,常滑,一般,４５５　３　３５,2024-01-19,2024-01-23,08,常滑,一般,３６１　５１４６６２,2023-11-21,2023-11-24,08,常滑,一般,４５３　４　３６,4357,田中 和也,2025-12-21,2025-12-26,08,常滑,一般,４４１２５３,2025-04-18,2025-04-22,08,常滑,一般,２５２１２１１２[３],2025-01-31,2025-02-03,08,常滑,一般,２６１１１３２１,2023-11-21,2023-11-24,08,常滑,一般,１１１３２１[２],2022-03-25,2022-03-30,08,常滑,ＧⅠ,４２３　１１２　１　[４],3567,吉岡 誠,2025-10-16,2025-10-20,08,常滑,一般,５　３６３４１　４,2025-06-18,2025-06-23,08,常滑,ＧⅢ,６５４　５２４　５４５４,2025-01-08,2025-01-11,08,常滑,一般,３　６６,2024-09-27,2024-09-30,08,常滑,一般,４２６　３１４６,2024-07-05,2024-07-08,08,常滑,一般,２
202607080804,2026-07-08,08,04R,3541,三嶌 誠司,2025-11-19,2025-11-23,08,常滑,一般,３３３３２３２３１４,2025-02-22,2025-02-25,08,常滑,一般,２２２１３　[２],2024-11-06,2024-11-09,08,常滑,一般,５４５５２３１４,2024-09-15,2024-09-18,08,常滑,一般,２５４１４３１３,2023-09-16,2023-09-19,08,常滑,一般,５欠,4260,中越 博紀,2026-04-06,2026-04-10,08,常滑,一般,４５４　６４４　５,2024-09-09,2024-09-12,08,常滑,一般,３２１１２６１２,2023-10-27,2023-10-30,08,常滑,一般,４　５４１３５４,2023-07-11,2023-07-14,08,常滑,一般,３４３　２１２４,2023-05-26,2023-05-29,08,常滑,一般,３１２　転欠,4266,長田 頼宗,2025-11-26,2025-11-30,08,常滑,一般,６５５３１３１５３１,2025-04-18,2025-04-22,08,常滑,一般,５１６３１３４４１１,2022-04-02,2022-04-05,08,常滑,一般,１３２２１１[４],2020-08-08,2020-08-11,08,常滑,一般,３４１１１３４１,2019-10-25,2019-10-30,08,常滑,ＧⅢ,２３２１２１４１３６２２,3582,吉川 昭男,2026-04-16,2026-04-21,08,常滑,一般,４　１１１F５　４　１,2025-06-18,2025-06-23,08,常滑,ＧⅢ,６１１１４３２　３２[４],2023-10-13,2023-10-18,08,常滑,ＧⅢ,６４３２２４５２１４２５,2023-02-17,2023-02-21,08,常滑,一般,２６２２４１１４１６,2020-02-15,2020-02-18,08,常滑,一般,２４５２２６１３,5006,久保原 秀人,2026-04-24,2026-04-29,08,常滑,一般,２６５　３６６　５　４５,2024-12-03,2024-12-06,08,常滑,一般,６３６　５欠,2024-05-24,2024-05-27,08,常滑,一般,５５４　４５５５,2023-03-18,2023-03-22,08,常滑,一般,４１３,2021-08-28,2021-09-01,08,常滑,一般,５１６　６　４６５５,4608,荒井 翔伍,2026-03-08,2026-03-13,08,常滑,一般,３３２１エ,2025-02-22,2025-02-25,08,常滑,一般,３２１　４　１２,2024-12-03,2024-12-06,08,常滑,一般,５１４５４　１１,2024-08-25,2024-08-28,08,常滑,一般,１４４５５　５２,2024-03-26,2024-03-29,08,常滑,一般,３妨
202607080805,2026-07-08,08,05R,3579,中里 優子,2025-04-07,2025-04-12,08,常滑,ＧⅢ,４　３１５F３　３　５,2024-10-26,2024-10-29,08,常滑,一般,１　６３４５３５,2021-04-22,2021-04-27,08,常滑,ＧⅢ,１３３６４　４２１６１４,2020-06-11,2020-06-16,08,常滑,ＧⅢ,３　３４２５４４３５４５,2019-06-01,2019-06-04,08,常滑,一般,１１５４２３２１,3334,角 ひとみ,2025-04-07,2025-04-12,08,常滑,ＧⅢ,４　５６６　６１３　３５,2022-02-20,2022-02-23,08,常滑,一般,５６６６１　６３,2021-04-22,2021-04-27,08,常滑,ＧⅢ,６３１４３４４　１　４１,2020-01-22,2020-01-27,08,常滑,ＧⅢ,１３１　１１２４１６１３,2019-02-16,2019-02-19,08,常滑,一般,１１４５６４１６,4738,清埜 翔子,2026-02-14,2026-02-18,08,常滑,一般,２　６５１５４３１２,2024-09-15,2024-09-18,08,常滑,一般,２４２５１　５５,2022-01-14,2022-01-18,08,常滑,一般,６６３４１　３　２３,2021-09-23,2021-09-26,08,常滑,一般,２　６３４４３３,2019-08-02,2019-08-05,08,常滑,一般,６５４　６　４１,5277,井上 未都,2025-01-31,2025-02-03,08,常滑,一般,５６２　１４１３,2024-12-21,2024-12-24,08,常滑,一般,６　６２６６３,2024-08-31,2024-09-05,08,常滑,一般,５５４　１６５　６４６４,2024-04-07,2024-04-12,08,常滑,ＧⅢ,落　３４　　３落,2024-03-05,2024-03-10,08,常滑,一般,５　２４６　５６５６３,5184,飯塚 響,2025-01-31,2025-02-03,08,常滑,一般,４６５　４　６６,2024-11-06,2024-11-09,08,常滑,一般,２５６　４６５４,2024-04-07,2024-04-12,08,常滑,ＧⅢ,６　５６　　６６６６４４,2021-09-07,2021-09-12,08,常滑,一般,５　６６６６５６６　５６,2021-07-02,2021-07-05,08,常滑,一般,６　６５６　６５,5089,前田 翔,2026-02-05,2026-02-10,08,常滑,ＧⅠ,６２１　５　６３２　３５,2025-12-29,2026-01-03,08,常滑,一般,３１４　２１５２２２[６],2025-07-28,2025-08-02,08,常滑,一般,２１３４４２１２１２[２],2025-03-18,2025-03-22,08,常滑,一般,２　５３２５２F,2024-07-05,2024-07-08,08,常滑,一般,１５３１３２[４]
202607080806,2026-07-08,08,06R,4471,新田 泰章,2023-11-03,2023-11-06,08,常滑,一般,１２４５２６２４,2023-07-27,2023-07-30,08,常滑,一般,６６１４３６５２,2022-12-23,2022-12-26,08,常滑,一般,３４２５２　２６,2022-09-30,2022-10-03,08,常滑,一般,１５１３６３４１,2019-04-06,2019-04-11,08,常滑,ＧⅠ,２　５　３５２　６５６,4513,河野 真也,2025-05-22,2025-05-26,08,常滑,一般,２３１４２　４３２３,2024-12-03,2024-12-06,08,常滑,一般,４６２２４　３３,2024-04-19,2024-04-22,08,常滑,一般,１　５２３６４２,2022-07-15,2022-07-20,08,常滑,ＧⅢ,２　３６５　１２２４３６,2020-09-01,2020-09-06,08,常滑,ＧⅡ,４　４６１　２４２４３５,4085,荻野 裕介,2024-06-15,2024-06-18,08,常滑,一般,４２２４１４１３,2023-07-27,2023-07-30,08,常滑,一般,２１３１５１[３],2023-04-12,2023-04-15,08,常滑,一般,１２４４２３２１,2022-12-23,2022-12-26,08,常滑,一般,４３５１３　１５,2022-07-09,2022-07-12,08,常滑,一般,５欠,4508,野間 大樹,2024-05-17,2024-05-20,08,常滑,一般,４２F　５　４,2023-02-10,2023-02-13,08,常滑,一般,６　４１３５２１,2022-01-14,2022-01-18,08,常滑,一般,５　６４２３４　６６,2020-04-04,2020-04-08,08,常滑,一般,５　６６,2017-08-19,2017-08-22,08,常滑,一般,４　５５４　６５,3377,塚田 修二,2026-04-16,2026-04-21,08,常滑,一般,１３２　４６４　３６１４,2025-06-10,2025-06-14,08,常滑,一般,２　３４２３２４４２,2023-07-11,2023-07-14,08,常滑,一般,３６２　１３２６,2023-05-11,2023-05-15,08,常滑,一般,２５６２５　２　６５,2023-03-18,2023-03-22,08,常滑,一般,２５５　６５４　５１,3304,烏野 賢太,2025-10-24,2025-10-28,08,常滑,一般,１２４　２６５３４３,2025-01-08,2025-01-11,08,常滑,一般,１　４５１５２２,2024-06-08,2024-06-11,08,常滑,一般,２５,2024-01-10,2024-01-14,08,常滑,一般,２　３４１３２４１３,2022-08-19,2022-08-23,08,常滑,一般,４５１２２　４２[６]
202607080807,2026-07-08,08,07R,3878,胡本 悟志,2025-05-22,2025-05-26,08,常滑,一般,３５２５４　４　６,2024-09-09,2024-09-12,08,常滑,一般,４　４４２　３４,2023-08-24,2023-08-27,08,常滑,一般,３　４５４５４５,2019-11-16,2019-11-19,08,常滑,一般,５６５　３　６,2018-01-19,2018-01-22,08,常滑,一般,２　４６４５１４,3922,菅沼 佳昭,2025-12-21,2025-12-26,08,常滑,一般,６　１６６　６５２４３２,2024-12-03,2024-12-06,08,常滑,一般,５　６６５　転２,2024-08-18,2024-08-21,08,常滑,一般,５４５　５　３３,2024-06-02,2024-06-05,08,常滑,一般,３　５２１４４５,2024-04-01,2024-04-04,08,常滑,一般,４　６３１６４５,5002,上田 健太,2025-12-29,2026-01-03,08,常滑,一般,３　１４６５４５３　１,2025-08-10,2025-08-15,08,常滑,一般,２１６　６２４２１５６２,2025-04-18,2025-04-22,08,常滑,一般,３　１６５６１　５,2025-02-08,2025-02-11,08,常滑,一般,１３２５３１２１,2024-12-30,2025-01-04,08,常滑,一般,３５２２２　３３２４３６,4997,濱崎 寿里矢,2025-08-19,2025-08-24,08,常滑,一般,落４２　５２１　３　１６,2025-01-16,2025-01-19,08,常滑,一般,６　６５６　６５,2024-08-31,2024-09-05,08,常滑,一般,５　５５６６４　４３６４,2020-03-14,2020-03-17,08,常滑,一般,４　５６６６５６,,,,,,,5256,中山 翔太,2026-02-05,2026-02-10,08,常滑,ＧⅠ,５　３　１４２　４　１３,2025-10-16,2025-10-20,08,常滑,一般,１２１２５　１２[２],2025-03-25,2025-03-30,08,常滑,一般,欠,2024-09-27,2024-09-30,08,常滑,一般,６　５３４　１１,2024-06-02,2024-06-05,08,常滑,一般,６３５　２　４６,4177,萬 正嗣,2026-01-18,2026-01-22,08,常滑,一般,６　５５５　２３３５,2025-06-10,2025-06-14,08,常滑,一般,３　５６５６４　４６,2024-11-06,2024-11-09,08,常滑,一般,５４４　６２５４,2024-06-08,2024-06-11,08,常滑,一般,２　３３１２[２],2023-02-03,2023-02-07,08,常滑,一般,４１６　５６２　４２
202607080808,2026-07-08,08,08R,4416,三宅 健太,2025-12-21,2025-12-26,08,常滑,一般,３　４４５　２１４５２３,2024-10-26,2024-10-29,08,常滑,一般,４　４４３４３１,2024-07-21,2024-07-24,08,常滑,一般,３　５３２１１５,2022-05-13,2022-05-16,08,常滑,一般,６２１　６５４４,2022-03-04,2022-03-08,08,常滑,一般,２２２５妨　５　５５,4608,荒井 翔伍,2026-03-08,2026-03-13,08,常滑,一般,３３２１エ,2025-02-22,2025-02-25,08,常滑,一般,３２１　４　１２,2024-12-03,2024-12-06,08,常滑,一般,５１４５４　１１,2024-08-25,2024-08-28,08,常滑,一般,１４４５５　５２,2024-03-26,2024-03-29,08,常滑,一般,３妨,3606,川北 浩貴,2026-04-06,2026-04-10,08,常滑,一般,２１５２６　３５２１,2023-08-09,2023-08-14,08,常滑,一般,１１４４３　６６１　４６,2023-03-18,2023-03-22,08,常滑,一般,１　２５３２１４１２,2021-12-18,2021-12-21,08,常滑,一般,１３５３２３６１,2018-06-30,2018-07-03,08,常滑,一般,２２１１４１[５],5167,小川 竜太朗,2024-02-25,2024-02-29,08,常滑,一般,６５１　５　４６４５,2022-12-01,2022-12-04,08,常滑,一般,６６４　５　６５,2022-08-27,2022-08-30,08,常滑,一般,６２６　６４５６,2022-07-03,2022-07-06,08,常滑,一般,２　３４３４３４,2022-03-11,2022-03-15,08,常滑,一般,５　５６６６１　２６,4199,北川 潤二,2026-05-03,2026-05-08,08,常滑,一般,１　４５２３３２１２[４],2025-12-29,2026-01-03,08,常滑,一般,２４４３１４１　２４２３,2025-10-31,2025-11-04,08,常滑,一般,１４２３３４５１[４],2025-05-03,2025-05-08,08,常滑,一般,１　２５６５４５２　３２,2024-11-06,2024-11-09,08,常滑,一般,２６３５６　３,5390,,,,,,,,,,,,,,,,,,,,,,,,,,,,,,,
202607080809,2026-07-08,08,09R,3582,吉川 昭男,2026-04-16,2026-04-21,08,常滑,一般,４　１１１F５　４　１,2025-06-18,2025-06-23,08,常滑,ＧⅢ,６１１１４３２　３２[４],2023-10-13,2023-10-18,08,常滑,ＧⅢ,６４３２２４５２１４２５,2023-02-17,2023-02-21,08,常滑,一般,２６２２４１１４１６,2020-02-15,2020-02-18,08,常滑,一般,２４５２２６１３,4357,田中 和也,2025-12-21,2025-12-26,08,常滑,一般,４４１２５３,2025-04-18,2025-04-22,08,常滑,一般,２５２１２１１２[３],2025-01-31,2025-02-03,08,常滑,一般,２６１１１３２１,2023-11-21,2023-11-24,08,常滑,一般,１１１３２１[２],2022-03-25,2022-03-30,08,常滑,ＧⅠ,４２３　１１２　１　[４],3579,中里 優子,2025-04-07,2025-04-12,08,常滑,ＧⅢ,４　３１５F３　３　５,2024-10-26,2024-10-29,08,常滑,一般,１　６３４５３５,2021-04-22,2021-04-27,08,常滑,ＧⅢ,１３３６４　４２１６１４,2020-06-11,2020-06-16,08,常滑,ＧⅢ,３　３４２５４４３５４５,2019-06-01,2019-06-04,08,常滑,一般,１１５４２３２１,5236,小宮 涼雅,2025-07-28,2025-08-02,08,常滑,一般,６６６　３５５　５２３４,2025-01-08,2025-01-11,08,常滑,一般,６　６２６　６１,2024-10-26,2024-10-29,08,常滑,一般,６５５　６６６,,,,,,,,,,,,,3684,清水 攻二,2025-11-19,2025-11-23,08,常滑,一般,５２４４２　３　３,2025-01-08,2025-01-11,08,常滑,一般,２　４５３１３３,2023-11-21,2023-11-24,08,常滑,一般,４　２３３４２２,2023-09-25,2023-09-28,08,常滑,一般,５　１４３４３,2022-09-23,2022-09-26,08,常滑,一般,１３１５３４５２,5454,,,,,,,,,,,,,,,,,,,,,,,,,,,,,,,
202607080810,2026-07-08,08,10R,4508,野間 大樹,2024-05-17,2024-05-20,08,常滑,一般,４２F　５　４,2023-02-10,2023-02-13,08,常滑,一般,６　４１３５２１,2022-01-14,2022-01-18,08,常滑,一般,５　６４２３４　６６,2020-04-04,2020-04-08,08,常滑,一般,５　６６,2017-08-19,2017-08-22,08,常滑,一般,４　５５４　６５,4596,葛原 大陽,2025-09-25,2025-09-30,08,常滑,一般,３４１　３５１４４３１２,2024-09-27,2024-09-30,08,常滑,一般,３２２１２４２２,2023-12-22,2023-12-25,08,常滑,一般,２　３３６５３１,2023-06-25,2023-06-28,08,常滑,一般,５　２１３６２３,2022-01-08,2022-01-10,08,常滑,一般,５　４５４,3567,吉岡 誠,2025-10-16,2025-10-20,08,常滑,一般,５　３６３４１　４,2025-06-18,2025-06-23,08,常滑,ＧⅢ,６５４　５２４　５４５４,2025-01-08,2025-01-11,08,常滑,一般,３　６６,2024-09-27,2024-09-30,08,常滑,一般,４２６　３１４６,2024-07-05,2024-07-08,08,常滑,一般,２,3569,増田 進,2024-11-27,2024-11-30,08,常滑,一般,４　４５３　４５,2024-07-27,2024-07-30,08,常滑,一般,６　５３３　１５,2024-04-19,2024-04-22,08,常滑,一般,５　５　５　２４,2023-07-11,2023-07-14,08,常滑,一般,４　４３３　４,2023-04-21,2023-04-25,08,常滑,一般,５５４５４５５　５４,4266,長田 頼宗,2025-11-26,2025-11-30,08,常滑,一般,６５５３１３１５３１,2025-04-18,2025-04-22,08,常滑,一般,５１６３１３４４１１,2022-04-02,2022-04-05,08,常滑,一般,１３２２１１[４],2020-08-08,2020-08-11,08,常滑,一般,３４１１１３４１,2019-10-25,2019-10-30,08,常滑,ＧⅢ,２３２１２１４１３６２２,4738,清埜 翔子,2026-02-14,2026-02-18,08,常滑,一般,２　６５１５４３１２,2024-09-15,2024-09-18,08,常滑,一般,２４２５１　５５,2022-01-14,2022-01-18,08,常滑,一般,６６３４１　３　２３,2021-09-23,2021-09-26,08,常滑,一般,２　６３４４３３,2019-08-02,2019-08-05,08,常滑,一般,６５４　６　４１
202607080811,2026-07-08,08,11R,5256,中山 翔太,2026-02-05,2026-02-10,08,常滑,ＧⅠ,５　３　１４２　４　１３,2025-10-16,2025-10-20,08,常滑,一般,１２１２５　１２[２],2025-03-25,2025-03-30,08,常滑,一般,欠,2024-09-27,2024-09-30,08,常滑,一般,６　５３４　１１,2024-06-02,2024-06-05,08,常滑,一般,６３５　２　４６,3589,西村 勝,2026-04-24,2026-04-29,08,常滑,一般,３６４　６１６　２　３６,2024-12-03,2024-12-06,08,常滑,一般,４２４　１５２６,2024-08-25,2024-08-28,08,常滑,一般,４　６５５　４１,2023-01-28,2023-01-31,08,常滑,一般,１６５　２２３１,2022-08-27,2022-08-30,08,常滑,一般,４２２　２５２５,5089,前田 翔,2026-02-05,2026-02-10,08,常滑,ＧⅠ,６２１　５　６３２　３５,2025-12-29,2026-01-03,08,常滑,一般,３１４　２１５２２２[６],2025-07-28,2025-08-02,08,常滑,一般,２１３４４２１２１２[２],2025-03-18,2025-03-22,08,常滑,一般,２　５３２５２F,2024-07-05,2024-07-08,08,常滑,一般,１５３１３２[４],3377,塚田 修二,2026-04-16,2026-04-21,08,常滑,一般,１３２　４６４　３６１４,2025-06-10,2025-06-14,08,常滑,一般,２　３４２３２４４２,2023-07-11,2023-07-14,08,常滑,一般,３６２　１３２６,2023-05-11,2023-05-15,08,常滑,一般,２５６２５　２　６５,2023-03-18,2023-03-22,08,常滑,一般,２５５　６５４　５１,5018,竹下 大樹,2025-10-07,2025-10-12,08,常滑,一般,２　２２１１４４３３１１,2025-07-28,2025-08-02,08,常滑,一般,１５２２５１３２２２[６],2024-09-21,2024-09-24,08,常滑,一般,５４F２６　５,2019-04-17,2019-04-22,08,常滑,一般,６　４６４　４　５　５６,,,,,,,4359,横川 聖志,2025-07-15,2025-07-20,08,常滑,ＧⅢ,５　５３２　１４１３４３,2024-10-20,2024-10-23,08,常滑,一般,６　４２６３３６,2024-07-05,2024-07-08,08,常滑,一般,３　６１４１３６,2022-12-23,2022-12-26,08,常滑,一般,４２２　２３４４,2022-09-03,2022-09-06,08,常滑,一般,４　２落
202607080812,2026-07-08,08,12R,4199,北川 潤二,2026-05-03,2026-05-08,08,常滑,一般,１　４５２３３２１２[４],2025-12-29,2026-01-03,08,常滑,一般,２４４３１４１　２４２３,2025-10-31,2025-11-04,08,常滑,一般,１４２３３４５１[４],2025-05-03,2025-05-08,08,常滑,一般,１　２５６５４５２　３２,2024-11-06,2024-11-09,08,常滑,一般,２６３５６　３,4177,萬 正嗣,2026-01-18,2026-01-22,08,常滑,一般,６　５５５　２３３５,2025-06-10,2025-06-14,08,常滑,一般,３　５６５６４　４６,2024-11-06,2024-11-09,08,常滑,一般,５４４　６２５４,2024-06-08,2024-06-11,08,常滑,一般,２　３３１２[２],2023-02-03,2023-02-07,08,常滑,一般,４１６　５６２　４２,3334,角 ひとみ,2025-04-07,2025-04-12,08,常滑,ＧⅢ,４　５６６　６１３　３５,2022-02-20,2022-02-23,08,常滑,一般,５６６６１　６３,2021-04-22,2021-04-27,08,常滑,ＧⅢ,６３１４３４４　１　４１,2020-01-22,2020-01-27,08,常滑,ＧⅢ,１３１　１１２４１６１３,2019-02-16,2019-02-19,08,常滑,一般,１１４５６４１６,4471,新田 泰章,2023-11-03,2023-11-06,08,常滑,一般,１２４５２６２４,2023-07-27,2023-07-30,08,常滑,一般,６６１４３６５２,2022-12-23,2022-12-26,08,常滑,一般,３４２５２　２６,2022-09-30,2022-10-03,08,常滑,一般,１５１３６３４１,2019-04-06,2019-04-11,08,常滑,ＧⅠ,２　５　３５２　６５６,3541,三嶌 誠司,2025-11-19,2025-11-23,08,常滑,一般,３３３３２３２３１４,2025-02-22,2025-02-25,08,常滑,一般,２２２１３　[２],2024-11-06,2024-11-09,08,常滑,一般,５４５５２３１４,2024-09-15,2024-09-18,08,常滑,一般,２５４１４３１３,2023-09-16,2023-09-19,08,常滑,一般,５欠,3339,泉 具巳,2026-02-14,2026-02-18,08,常滑,一般,６５６　６６,2024-11-27,2024-11-30,08,常滑,一般,３　４１４転６６,2024-06-08,2024-06-11,08,常滑,一般,４５５　３　３５,2024-01-19,2024-01-23,08,常滑,一般,３６１　５１４６６２,2023-11-21,2023-11-24,08,常滑,一般,４５３　４　３６
202607081001,2026-07-08,10,01R,3915,繁野谷 圭介,2025-08-14,2025-08-19,10,三国,一般,５　４６４５４　５　５３,2024-12-23,2024-12-28,10,三国,一般,１４１２６　２１４１[６],2024-09-21,2024-09-25,10,三国,一般,３４４３１　１４１３,2024-05-01,2024-05-07,10,三国,一般,１５２５４４４　５１転欠,2023-07-03,2023-07-08,10,三国,一般,３３５　１２１４１４４１,3807,岡部 哲,2026-04-05,2026-04-10,10,三国,一般,５　３２４５５　３４１,2023-08-03,2023-08-07,10,三国,一般,３１５　５２３６４５,2023-05-25,2023-05-29,10,三国,一般,３４５　２４１　４５,2023-03-07,2023-03-12,10,三国,一般,６２５　３　２４６　２４,2022-12-24,2022-12-28,10,三国,一般,３　５５３５４　３１,3303,渡辺 豊,2025-01-25,2025-01-29,10,三国,一般,１３２４転,2024-04-22,2024-04-27,10,三国,一般,１６２１５５２妨３　１３,2022-05-22,2022-05-26,10,三国,一般,５　５５５６６　４４,2021-12-25,2021-12-28,10,三国,一般,３３１　１２[６],2019-12-25,2019-12-29,10,三国,一般,１４３４　　欠,3796,長野 道臣,2025-12-05,2025-12-08,10,三国,一般,３４１　２４６４,2025-06-24,2025-06-29,10,三国,一般,２　２２４６４６２　５,2024-10-01,2024-10-06,10,三国,ＧⅢ,５　４５１３１４２４１５,2022-07-27,2022-08-01,10,三国,一般,６２F　５　５　５　４５,2022-07-02,2022-07-05,10,三国,一般,２　１５４４２４,3226,浦田 信義,2024-09-21,2024-09-25,10,三国,一般,６５５　６　４３５５,2024-03-05,2024-03-10,10,三国,一般,６４４　５　４４６２２２,2023-10-07,2023-10-12,10,三国,一般,６　２２２　６６４１３３,2022-05-22,2022-05-26,10,三国,一般,６４５　１２２　３３,2020-10-15,2020-10-18,10,三国,一般,２　５１１３１３,3907,村越 篤,2025-12-12,2025-12-17,10,三国,一般,４２３　６４１　４６１６,2024-10-13,2024-10-18,10,三国,一般,４６５２２４３　１　１５,2024-07-09,2024-07-13,10,三国,一般,２５５　１４１　２３,2021-05-09,2021-05-14,10,三国,一般,２４１３５２２　２４２３,2017-06-23,2017-06-28,10,三国,ＧⅢ,１３２１４３１３２F１
202607081002,2026-07-08,10,02R,3257,田頭 実,2026-04-14,2026-04-19,10,三国,一般,３　２２１２１　３１[５],2024-03-05,2024-03-10,10,三国,一般,２６２５６,2022-04-19,2022-04-24,10,三国,ＧⅠ,３２６　欠欠,2021-12-15,2021-12-20,10,三国,一般,６１,2018-10-03,2018-10-08,10,三国,ＧⅢ,２６１４,3964,宮地 博士,2026-03-07,2026-03-11,10,三国,一般,３６５　６　２３５５,2024-12-23,2024-12-28,10,三国,一般,３４５　４５４　３５５３,2023-11-12,2023-11-15,10,三国,一般,２　３２５５２５,2020-12-25,2020-12-28,10,三国,一般,１５５　５３３４,2019-03-10,2019-03-14,10,三国,一般,４　３６５４３　５２,3584,佐々木 英樹,2025-07-13,2025-07-18,10,三国,一般,１３３６１　４　２５２３,2025-01-25,2025-01-29,10,三国,一般,５３５　４２４　３６,2024-10-01,2024-10-06,10,三国,ＧⅢ,２６１　２４５１２６２４,2022-06-11,2022-06-16,10,三国,ＧⅢ,４５３　１２５６６　４５,2021-05-09,2021-05-14,10,三国,一般,４６３　１　４５１　３６,3619,長谷川 充,2025-06-10,2025-06-14,10,三国,一般,５１１　４５２４６５,2023-04-05,2023-04-09,10,三国,一般,３１６　５６４６,2022-04-12,2022-04-15,10,三国,一般,３２４　３５４５,2021-12-25,2021-12-28,10,三国,一般,２５２　１５２３,2020-12-25,2020-12-28,10,三国,一般,３４４　４５３,3548,室田 泰史,2026-05-02,2026-05-07,10,三国,一般,５　５６２４３　５４４４,2026-04-05,2026-04-10,10,三国,一般,５２２２２　F３４　５,2025-12-30,2026-01-04,10,三国,一般,１１３２１　１３４１[３],2025-11-21,2025-11-26,10,三国,一般,２１３　２３２２４４１６,2025-09-16,2025-09-20,10,三国,一般,１　４２２５２６２５,4081,樋口 範政,2024-10-01,2024-10-06,10,三国,ＧⅢ,３　６６６　４６５　４６,2024-05-24,2024-05-29,10,三国,ＧⅢ,６　５３５　５　４４６３,2024-02-09,2024-02-13,10,三国,一般,６３６　４２４　転５,2023-10-25,2023-10-30,10,三国,一般,１　４５６　６１４３４１,2023-04-25,2023-04-28,10,三国,一般,２　２６２５４１
202607081003,2026-07-08,10,03R,3699,富永 正人,2026-02-06,2026-02-11,10,三国,一般,２　６６,2025-06-18,2025-06-21,10,三国,一般,５５２　５　４２,2024-07-29,2024-08-02,10,三国,一般,２転４　２１４　３１,2023-12-23,2023-12-28,10,三国,一般,５　３２３３２３１５３６,2023-08-03,2023-08-07,10,三国,一般,３３１　６４６６F６,4069,山本 修一,2025-04-14,2025-04-18,10,三国,一般,１６２４２２２２[５],2024-09-21,2024-09-25,10,三国,一般,６４１３２４１３５１,2024-05-10,2024-05-16,10,三国,一般,妨１５　６６,2023-09-18,2023-09-23,10,三国,ＧⅢ,２２１１４３２　１３１１,2022-10-14,2022-10-19,10,三国,一般,２１２２２１５　３１[２],2878,富山 弘幸,2026-04-14,2026-04-19,10,三国,一般,３１４　４　２３５３６１,2025-12-05,2025-12-08,10,三国,一般,１４５　３４２４,2025-06-10,2025-06-14,10,三国,一般,４　３４３４３　３５,2025-03-10,2025-03-15,10,三国,一般,２　５３５１２５４　２４,2024-08-16,2024-08-21,10,三国,一般,２４５　２３１５１６２４,3875,廣中 良一,2024-05-10,2024-05-16,10,三国,一般,３　５５５　６５４　５６４６,2023-05-25,2023-05-29,10,三国,一般,５　４６６　３１６６,2022-09-12,2022-09-17,10,三国,ＧⅢ,５１４　３３６５３　６４,2022-01-17,2022-01-23,10,三国,一般,２５１　６４６　６　６１３５,2020-07-18,2020-07-21,10,三国,一般,５６５　６　１４,3686,鳥居塚 孝博,2025-12-24,2025-12-27,10,三国,一般,３３３２２　４４,2025-09-04,2025-09-09,10,三国,一般,２２２　２５６１１５２５,2024-03-28,2024-04-02,10,三国,一般,２　６３３　３３４　５１,2023-07-13,2023-07-18,10,三国,一般,４２２２１２４　１２[６],2021-12-25,2021-12-28,10,三国,一般,６３１４６　２２,3620,信濃 由行,2026-05-02,2026-05-07,10,三国,一般,４　４１２　３６３２２６,2025-12-24,2025-12-27,10,三国,一般,６３３　５　３６,2025-10-17,2025-10-22,10,三国,一般,４　４４２５５　３６４,2025-08-14,2025-08-19,10,三国,一般,４　６２４　欠欠,2025-06-10,2025-06-14,10,三国,一般,６２４　４　６５１
202607081004,2026-07-08,10,04R,3251,平石 和男,2026-04-14,2026-04-19,10,三国,一般,２６１５２　６　４６３５,2025-11-21,2025-11-26,10,三国,一般,１４１３３２１　４６２４,2025-08-26,2025-08-29,10,三国,一般,６　２３３３５,2025-06-01,2025-06-06,10,三国,一般,５４２４２　５５１　２６,2024-10-01,2024-10-06,10,三国,ＧⅢ,２２５　３２６５６　１２,3517,高橋 勲,2023-07-24,2023-07-29,10,三国,一般,４４５　１２２　２５転５,2021-10-23,2021-10-28,10,三国,一般,１６２２１１４　２F２,2021-07-11,2021-07-15,10,三国,一般,３２１４４　２３２２,2020-06-16,2020-06-20,10,三国,一般,１２４６５　１３１１,2018-11-14,2018-11-19,10,三国,一般,１３３　１５４２１４１２,3909,佐々木 康幸,2025-10-11,2025-10-13,10,三国,一般,１５６　５,2025-05-13,2025-05-18,10,三国,一般,１６１４２　２１１５１３,2024-11-28,2024-12-03,10,三国,ＧⅠ,２　３６２　６６４６５,2024-02-28,2024-03-02,10,三国,一般,１２１２３１[１],2022-09-12,2022-09-17,10,三国,ＧⅢ,１５３６１１６１５５１４,3692,竹腰 正樹,2026-05-02,2026-05-07,10,三国,一般,４１４６６６６,2026-02-17,2026-02-21,10,三国,一般,３６３　４６５　３６,2025-12-12,2025-12-17,10,三国,一般,２６２　３６４　６５５,2025-08-14,2025-08-19,10,三国,一般,１３５　５５５　４　４F,2025-06-01,2025-06-06,10,三国,一般,２　４３３１３５４４１６,3977,山本 兼士,2026-04-14,2026-04-19,10,三国,一般,５　６３５１６　６　４,2024-09-21,2024-09-25,10,三国,一般,５５２　４　５６４４,2023-08-12,2023-08-18,10,三国,一般,３　４４１５６５４　６５,2022-02-24,2022-03-01,10,三国,一般,４５５　４転,2021-09-09,2021-09-14,10,三国,一般,２２３　５１６　２２[５],3564,桑原 啓,2026-06-21,2026-06-24,10,三国,一般,６５２　４２２,2025-11-21,2025-11-26,10,三国,一般,５１５　２５６５６　１,2025-06-24,2025-06-29,10,三国,一般,５　６６４　６　６　３２,2025-02-13,2025-02-16,10,三国,一般,３　４３６４４４,2022-11-22,2022-11-27,10,三国,一般,５　３２３　４５５４１
202607081005,2026-07-08,10,05R,4082,濱崎 誠,2025-03-31,2025-04-05,10,三国,一般,４　５　２４５２２　２６,2025-01-25,2025-01-29,10,三国,一般,４　５３５　４１５２,2024-10-23,2024-10-26,10,三国,一般,５５３　６　２３,2022-09-21,2022-09-26,10,三国,一般,１　２１１６１４４２[５],2022-08-14,2022-08-19,10,三国,一般,３６５　４６５５６　１２,4061,萩原 秀人,2026-05-02,2026-05-07,10,三国,一般,１３１　１３２１３１[転],2026-03-07,2026-03-11,10,三国,一般,１１２３１２１２[２],2025-12-30,2026-01-04,10,三国,一般,１３２　１３２１１１[２],2025-08-14,2025-08-19,10,三国,一般,１４５　４１２１１２[妨],2025-07-31,2025-08-05,10,三国,ＧⅠ,１５３　１６４　３　２２,3784,中島 友和,2025-03-10,2025-03-15,10,三国,一般,６６６　２３３　５１３,2024-10-01,2024-10-06,10,三国,ＧⅢ,６２２　６２３１２５４４,2024-01-26,2024-01-30,10,三国,一般,３４４　２６３　４２,2020-02-16,2020-02-21,10,三国,一般,１３４５４４３　３６１４,2019-07-08,2019-07-13,10,三国,一般,３　４５１４１２４６２１,3661,柳瀬 興志,2026-04-14,2026-04-19,10,三国,一般,５３２　６　５３１　５,2025-09-16,2025-09-20,10,三国,一般,５６２３１　２　３２,2025-05-22,2025-05-26,10,三国,一般,５６２　４６４　５５,2025-01-25,2025-01-29,10,三国,一般,３２３４１　３２[５],2022-12-01,2022-12-06,10,三国,一般,２　３５３３４５４１６,3772,一柳 和孝,2026-01-07,2026-01-10,10,三国,一般,２５４　３２３,2024-08-25,2024-08-30,10,三国,一般,５　１６４不１２３　４４,2024-05-24,2024-05-29,10,三国,ＧⅢ,４　６４５５,2023-11-12,2023-11-15,10,三国,一般,４４２　３６３５,2023-05-16,2023-05-21,10,三国,一般,３３５６６　２欠,3072,西田 靖,2025-06-10,2025-06-14,10,三国,一般,４　２５２　５５２３,2025-03-19,2025-03-25,10,三国,一般,３　１６５　６１３２２１,2022-05-22,2022-05-26,10,三国,一般,４１５　６５２　５４,2021-07-11,2021-07-15,10,三国,一般,２２３　５６２２２２,2020-04-19,2020-04-22,10,三国,一般,１６２２６６１３
202607081006,2026-07-08,10,06R,3680,森林 太,2026-03-07,2026-03-11,10,三国,一般,２　５４５　６２４３,2025-07-13,2025-07-18,10,三国,一般,４　４６４　２３５４６５,2021-01-23,2021-01-28,10,三国,一般,４　１６１　５５１２６６,2020-12-25,2020-12-28,10,三国,一般,５　４６６　１５,2020-02-27,2020-03-02,10,三国,一般,１２６２２　２２[４],3282,池本 輝明,2025-12-12,2025-12-17,10,三国,一般,５２２　４５３　６６２,2025-02-28,2025-03-06,10,三国,一般,５１５　４３５　３２６１,2021-07-11,2021-07-15,10,三国,一般,６　４３５４４　２３,2020-12-17,2020-12-22,10,三国,一般,３転４　３４３　２６２５,2019-11-22,2019-11-26,10,三国,一般,４１２４５　２２６２,3514,山一 鉄也,2024-11-11,2024-11-15,10,三国,一般,５　１３３４２３４６,2023-08-03,2023-08-07,10,三国,一般,２２２　２４５５１３,2022-04-04,2022-04-08,10,三国,一般,４５１１３６３　２,2020-09-15,2020-09-20,10,三国,ＧⅢ,６６１２１５３６２５３２,2019-01-12,2019-01-16,10,三国,一般,４２３５１　２５１３,3614,谷 勝幸,2025-09-16,2025-09-20,10,三国,一般,５３６　５　５４５,2025-03-10,2025-03-15,10,三国,一般,６　４２２　３６５３２,2024-10-01,2024-10-06,10,三国,ＧⅢ,転　３６３６４　５　４３,2021-01-10,2021-01-16,10,三国,一般,４６２　４４４,2020-03-07,2020-03-10,10,三国,一般,４６４　３６５１,3807,岡部 哲,2026-04-05,2026-04-10,10,三国,一般,５　３２４５５　３４１,2023-08-03,2023-08-07,10,三国,一般,３１５　５２３６４５,2023-05-25,2023-05-29,10,三国,一般,３４５　２４１　４５,2023-03-07,2023-03-12,10,三国,一般,６２５　３　２４６　２４,2022-12-24,2022-12-28,10,三国,一般,３　５５３５４　３１,3554,仲口 博崇,2025-10-17,2025-10-22,10,三国,一般,２６１１３１　　２２[５],2025-02-13,2025-02-16,10,三国,一般,４５１４１４１２,2024-09-02,2024-09-07,10,三国,ＧⅡ,６　４６３　５　４２５１,2024-03-20,2024-03-25,10,三国,一般,３　６６５４２　３　２４,2022-09-12,2022-09-17,10,三国,ＧⅢ,３３３１不２２３３１[４]
202607081007,2026-07-08,10,07R,3906,飯山 晃三,2025-11-21,2025-11-26,10,三国,一般,３　３６６６１　６３５６,2023-10-07,2023-10-12,10,三国,一般,６１５　５６６　２　４２,2020-08-25,2020-08-30,10,三国,ＧⅢ,６２６　６６２　３６５３,2020-03-17,2020-03-22,10,三国,一般,４１３６２３３　１３２６,2019-10-03,2019-10-07,10,三国,一般,　　３１２６６６２３,3303,渡辺 豊,2025-01-25,2025-01-29,10,三国,一般,１３２４転,2024-04-22,2024-04-27,10,三国,一般,１６２１５５２妨３　１３,2022-05-22,2022-05-26,10,三国,一般,５　５５５６６　４４,2021-12-25,2021-12-28,10,三国,一般,３３１　１２[６],2019-12-25,2019-12-29,10,三国,一般,１４３４　　欠,3619,長谷川 充,2025-06-10,2025-06-14,10,三国,一般,５１１　４５２４６５,2023-04-05,2023-04-09,10,三国,一般,３１６　５６４６,2022-04-12,2022-04-15,10,三国,一般,３２４　３５４５,2021-12-25,2021-12-28,10,三国,一般,２５２　１５２３,2020-12-25,2020-12-28,10,三国,一般,３４４　４５３,3616,中村 真,2026-01-31,2026-02-03,10,三国,一般,３６１　２５２２,2025-07-13,2025-07-18,10,三国,一般,１　３６５３６　６欠,2024-05-24,2024-05-29,10,三国,ＧⅢ,３４１　２４６　１６２３,2023-07-13,2023-07-18,10,三国,一般,５　４３５６６５２　２３,2021-12-25,2021-12-28,10,三国,一般,６４転,3654,武田 光史,2026-05-23,2026-05-28,10,三国,一般,３４５　１２１１３１[６],2026-05-02,2026-05-07,10,三国,一般,１２３　１４１１３１[３],2026-02-06,2026-02-11,10,三国,一般,２１５６２１１２[１],2025-12-30,2026-01-04,10,三国,一般,４４３４２,2025-08-14,2025-08-19,10,三国,一般,２５３１２　３５６１[２],3527,中嶋 誠一郎,2023-10-25,2023-10-30,10,三国,一般,４５６　３５５６３　２５,2023-05-16,2023-05-21,10,三国,一般,２４２５６　１５４　４２,2020-08-19,2020-08-22,10,三国,一般,６　２２１４３２,2019-09-06,2019-09-11,10,三国,一般,３　４４４４３３３　１１,2019-02-02,2019-02-07,10,三国,一般,２５２２３　３４２５３２
202607081008,2026-07-08,10,08R,3773,津留 浩一郎,2025-10-04,2025-10-07,10,三国,一般,２　６６５　６,2021-06-20,2021-06-23,10,三国,一般,６　３３６３５１,2018-07-13,2018-07-18,10,三国,一般,５１３５６　４１２５５６,2018-01-11,2018-01-17,10,三国,一般,２４,2016-10-28,2016-10-31,10,三国,一般,４３５５５　２３,3256,三角 哲男,2025-07-13,2025-07-18,10,三国,一般,２２２　１１１１２３２１,2025-03-31,2025-04-05,10,三国,一般,３５２４１　５３２５２４,2024-07-17,2024-07-22,10,三国,一般,３２３４１５１１３２[１],2024-04-06,2024-04-10,10,三国,一般,１３５３２２[６],2021-10-23,2021-10-28,10,三国,一般,２２１２５１２　２１[１],3516,吉原 聖人,2025-08-26,2025-08-29,10,三国,一般,６　５２６６１,2023-03-07,2023-03-12,10,三国,一般,６５４　４４２　４　４F,2021-08-22,2021-08-26,10,三国,一般,６３６　４　２６４１,2021-04-01,2021-04-06,10,三国,一般,３　５６４　４２６　３１,2020-10-15,2020-10-18,10,三国,一般,１　１４３４５２,3543,福田 雅一,2026-01-31,2026-02-03,10,三国,一般,５１３　３５２３,2024-09-21,2024-09-25,10,三国,一般,５２２　１４４６１６,2024-03-28,2024-04-02,10,三国,一般,３　４２６　１５３　１５,2023-08-21,2023-08-25,10,三国,一般,１　５４３４４２２,2022-11-14,2022-11-18,10,三国,一般,１３３３３　２６５５,3251,平石 和男,2026-04-14,2026-04-19,10,三国,一般,２６１５２　６　４６３５,2025-11-21,2025-11-26,10,三国,一般,１４１３３２１　４６２４,2025-08-26,2025-08-29,10,三国,一般,６　２３３３５,2025-06-01,2025-06-06,10,三国,一般,５４２４２　５５１　２６,2024-10-01,2024-10-06,10,三国,ＧⅢ,２２５　３２６５６　１２,2878,富山 弘幸,2026-04-14,2026-04-19,10,三国,一般,３１４　４　２３５３６１,2025-12-05,2025-12-08,10,三国,一般,１４５　３４２４,2025-06-10,2025-06-14,10,三国,一般,４　３４３４３　３５,2025-03-10,2025-03-15,10,三国,一般,２　５３５１２５４　２４,2024-08-16,2024-08-21,10,三国,一般,２４５　２３１５１６２４
202607081009,2026-07-08,10,09R,3875,廣中 良一,2024-05-10,2024-05-16,10,三国,一般,３　５５５　６５４　５６４６,2023-05-25,2023-05-29,10,三国,一般,５　４６６　３１６６,2022-09-12,2022-09-17,10,三国,ＧⅢ,５１４　３３６５３　６４,2022-01-17,2022-01-23,10,三国,一般,２５１　６４６　６　６１３５,2020-07-18,2020-07-21,10,三国,一般,５６５　６　１４,3564,桑原 啓,2026-06-21,2026-06-24,10,三国,一般,６５２　４２２,2025-11-21,2025-11-26,10,三国,一般,５１５　２５６５６　１,2025-06-24,2025-06-29,10,三国,一般,５　６６４　６　６　３２,2025-02-13,2025-02-16,10,三国,一般,３　４３６４４４,2022-11-22,2022-11-27,10,三国,一般,５　３２３　４５５４１,3907,村越 篤,2025-12-12,2025-12-17,10,三国,一般,４２３　６４１　４６１６,2024-10-13,2024-10-18,10,三国,一般,４６５２２４３　１　１５,2024-07-09,2024-07-13,10,三国,一般,２５５　１４１　２３,2021-05-09,2021-05-14,10,三国,一般,２４１３５２２　２４２３,2017-06-23,2017-06-28,10,三国,ＧⅢ,１３２１４３１３２F１,3503,堂原 洋史,2026-03-07,2026-03-11,10,三国,一般,４２６　５　２４４２,2025-07-13,2025-07-18,10,三国,一般,４３１　３４５３３５１５,2023-11-12,2023-11-15,10,三国,一般,６　妨４６　２,2022-09-12,2022-09-17,10,三国,ＧⅢ,４　６３５２４４６　３,2021-12-25,2021-12-28,10,三国,一般,５２６　５　４４,3964,宮地 博士,2026-03-07,2026-03-11,10,三国,一般,３６５　６　２３５５,2024-12-23,2024-12-28,10,三国,一般,３４５　４５４　３５５３,2023-11-12,2023-11-15,10,三国,一般,２　３２５５２５,2020-12-25,2020-12-28,10,三国,一般,１５５　５３３４,2019-03-10,2019-03-14,10,三国,一般,４　３６５４３　５２,4061,萩原 秀人,2026-05-02,2026-05-07,10,三国,一般,１３１　１３２１３１[転],2026-03-07,2026-03-11,10,三国,一般,１１２３１２１２[２],2025-12-30,2026-01-04,10,三国,一般,１３２　１３２１１１[２],2025-08-14,2025-08-19,10,三国,一般,１４５　４１２１１２[妨],2025-07-31,2025-08-05,10,三国,ＧⅠ,１５３　１６４　３　２２
202607081010,2026-07-08,10,10R,3226,浦田 信義,2024-09-21,2024-09-25,10,三国,一般,６５５　６　４３５５,2024-03-05,2024-03-10,10,三国,一般,６４４　５　４４６２２２,2023-10-07,2023-10-12,10,三国,一般,６　２２２　６６４１３３,2022-05-22,2022-05-26,10,三国,一般,６４５　１２２　３３,2020-10-15,2020-10-18,10,三国,一般,２　５１１３１３,3945,橋口 真樹,2026-02-06,2026-02-11,10,三国,一般,５２４　５　２１２２,2025-06-10,2025-06-14,10,三国,一般,４６３　６　５４２,2024-06-26,2024-07-01,10,三国,一般,５　３２１　４６１２４,2023-08-12,2023-08-18,10,三国,一般,１　４５６　６６６　３６,2022-10-05,2022-10-10,10,三国,一般,２　３４５３４　４３３,3257,田頭 実,2026-04-14,2026-04-19,10,三国,一般,３　２２１２１　３１[５],2024-03-05,2024-03-10,10,三国,一般,２６２５６,2022-04-19,2022-04-24,10,三国,ＧⅠ,３２６　欠欠,2021-12-15,2021-12-20,10,三国,一般,６１,2018-10-03,2018-10-08,10,三国,ＧⅢ,２６１４,3699,富永 正人,2026-02-06,2026-02-11,10,三国,一般,２　６６,2025-06-18,2025-06-21,10,三国,一般,５５２　５　４２,2024-07-29,2024-08-02,10,三国,一般,２転４　２１４　３１,2023-12-23,2023-12-28,10,三国,一般,５　３２３３２３１５３６,2023-08-03,2023-08-07,10,三国,一般,３３１　６４６６F６,3517,高橋 勲,2023-07-24,2023-07-29,10,三国,一般,４４５　１２２　２５転５,2021-10-23,2021-10-28,10,三国,一般,１６２２１１４　２F２,2021-07-11,2021-07-15,10,三国,一般,３２１４４　２３２２,2020-06-16,2020-06-20,10,三国,一般,１２４６５　１３１１,2018-11-14,2018-11-19,10,三国,一般,１３３　１５４２１４１２,3514,山一 鉄也,2024-11-11,2024-11-15,10,三国,一般,５　１３３４２３４６,2023-08-03,2023-08-07,10,三国,一般,２２２　２４５５１３,2022-04-04,2022-04-08,10,三国,一般,４５１１３６３　２,2020-09-15,2020-09-20,10,三国,ＧⅢ,６６１２１５３６２５３２,2019-01-12,2019-01-16,10,三国,一般,４２３５１　２５１３
202607081011,2026-07-08,10,11R,3616,中村 真,2026-01-31,2026-02-03,10,三国,一般,３６１　２５２２,2025-07-13,2025-07-18,10,三国,一般,１　３６５３６　６欠,2024-05-24,2024-05-29,10,三国,ＧⅢ,３４１　２４６　１６２３,2023-07-13,2023-07-18,10,三国,一般,５　４３５６６５２　２３,2021-12-25,2021-12-28,10,三国,一般,６４転,3686,鳥居塚 孝博,2025-12-24,2025-12-27,10,三国,一般,３３３２２　４４,2025-09-04,2025-09-09,10,三国,一般,２２２　２５６１１５２５,2024-03-28,2024-04-02,10,三国,一般,２　６３３　３３４　５１,2023-07-13,2023-07-18,10,三国,一般,４２２２１２４　１２[６],2021-12-25,2021-12-28,10,三国,一般,６３１４６　２２,3680,森林 太,2026-03-07,2026-03-11,10,三国,一般,２　５４５　６２４３,2025-07-13,2025-07-18,10,三国,一般,４　４６４　２３５４６５,2021-01-23,2021-01-28,10,三国,一般,４　１６１　５５１２６６,2020-12-25,2020-12-28,10,三国,一般,５　４６６　１５,2020-02-27,2020-03-02,10,三国,一般,１２６２２　２２[４],3548,室田 泰史,2026-05-02,2026-05-07,10,三国,一般,５　５６２４３　５４４４,2026-04-05,2026-04-10,10,三国,一般,５２２２２　F３４　５,2025-12-30,2026-01-04,10,三国,一般,１１３２１　１３４１[３],2025-11-21,2025-11-26,10,三国,一般,２１３　２３２２４４１６,2025-09-16,2025-09-20,10,三国,一般,１　４２２５２６２５,4082,濱崎 誠,2025-03-31,2025-04-05,10,三国,一般,４　５　２４５２２　２６,2025-01-25,2025-01-29,10,三国,一般,４　５３５　４１５２,2024-10-23,2024-10-26,10,三国,一般,５５３　６　２３,2022-09-21,2022-09-26,10,三国,一般,１　２１１６１４４２[５],2022-08-14,2022-08-19,10,三国,一般,３６５　４６５５６　１２,3909,佐々木 康幸,2025-10-11,2025-10-13,10,三国,一般,１５６　５,2025-05-13,2025-05-18,10,三国,一般,１６１４２　２１１５１３,2024-11-28,2024-12-03,10,三国,ＧⅠ,２　３６２　６６４６５,2024-02-28,2024-03-02,10,三国,一般,１２１２３１[１],2022-09-12,2022-09-17,10,三国,ＧⅢ,１５３６１１６１５５１４
202607081012,2026-07-08,10,12R,3256,三角 哲男,2025-07-13,2025-07-18,10,三国,一般,２２２　１１１１２３２１,2025-03-31,2025-04-05,10,三国,一般,３５２４１　５３２５２４,2024-07-17,2024-07-22,10,三国,一般,３２３４１５１１３２[１],2024-04-06,2024-04-10,10,三国,一般,１３５３２２[６],2021-10-23,2021-10-28,10,三国,一般,２２１２５１２　２１[１],4081,樋口 範政,2024-10-01,2024-10-06,10,三国,ＧⅢ,３　６６６　４６５　４６,2024-05-24,2024-05-29,10,三国,ＧⅢ,６　５３５　５　４４６３,2024-02-09,2024-02-13,10,三国,一般,６３６　４２４　転５,2023-10-25,2023-10-30,10,三国,一般,１　４５６　６１４３４１,2023-04-25,2023-04-28,10,三国,一般,２　２６２５４１,3915,繁野谷 圭介,2025-08-14,2025-08-19,10,三国,一般,５　４６４５４　５　５３,2024-12-23,2024-12-28,10,三国,一般,１４１２６　２１４１[６],2024-09-21,2024-09-25,10,三国,一般,３４４３１　１４１３,2024-05-01,2024-05-07,10,三国,一般,１５２５４４４　５１転欠,2023-07-03,2023-07-08,10,三国,一般,３３５　１２１４１４４１,4069,山本 修一,2025-04-14,2025-04-18,10,三国,一般,１６２４２２２２[５],2024-09-21,2024-09-25,10,三国,一般,６４１３２４１３５１,2024-05-10,2024-05-16,10,三国,一般,妨１５　６６,2023-09-18,2023-09-23,10,三国,ＧⅢ,２２１１４３２　１３１１,2022-10-14,2022-10-19,10,三国,一般,２１２２２１５　３１[２],3282,池本 輝明,2025-12-12,2025-12-17,10,三国,一般,５２２　４５３　６６２,2025-02-28,2025-03-06,10,三国,一般,５１５　４３５　３２６１,2021-07-11,2021-07-15,10,三国,一般,６　４３５４４　２３,2020-12-17,2020-12-22,10,三国,一般,３転４　３４３　２６２５,2019-11-22,2019-11-26,10,三国,一般,４１２４５　２２６２,3692,竹腰 正樹,2026-05-02,2026-05-07,10,三国,一般,４１４６６６６,2026-02-17,2026-02-21,10,三国,一般,３６３　４６５　３６,2025-12-12,2025-12-17,10,三国,一般,２６２　３６４　６５５,2025-08-14,2025-08-19,10,三国,一般,１３５　５５５　４　４F,2025-06-01,2025-06-06,10,三国,一般,２　４３３１３５４４１６
202607081101,2026-07-08,11,01R,3580,水口 由紀,2026-03-03,2026-03-08,11,びわこ,一般,４　２５３　２２２５５６,2026-01-03,2026-01-08,11,びわこ,一般,６　５６４　４転６　５５,2025-05-01,2025-05-06,11,びわこ,ＧⅢ,４３３　２２４　２転４,2025-01-04,2025-01-09,11,びわこ,ＧⅢ,５　３５１　１４３　５３,2024-08-11,2024-08-16,11,びわこ,一般,４４３　４４６　６　５３,4694,高田 綾,2021-01-04,2021-01-09,11,びわこ,一般,２　６５１　６６５　４３,2020-02-22,2020-02-27,11,びわこ,一般,２　４転６６６　４　３６,2014-08-20,2014-08-25,11,びわこ,一般,４　６３５　３５３　４６,,,,,,,,,,,,,5052,赤井 星璃菜,2020-08-18,2020-08-22,11,びわこ,一般,５　５　６６６　６６,2020-01-03,2020-01-08,11,びわこ,一般,６　６５６　６　５６４,2019-02-24,2019-02-27,11,びわこ,一般,６　６６６　６６,,,,,,,,,,,,,3704,本部 めぐみ,2024-05-01,2024-05-06,11,びわこ,一般,３　２３５１５６２　６１,2022-10-17,2022-10-22,11,びわこ,ＧⅢ,５６４　２　６６５　５５,2020-07-01,2020-07-06,11,びわこ,ＧⅢ,４　５５２　５１２転５２,2019-07-23,2019-07-28,11,びわこ,一般,４　５４６　４,2018-07-17,2018-07-20,11,びわこ,一般,６４４　５６２５,5213,湯淺 紀香,2025-09-10,2025-09-13,11,びわこ,一般,６　６３４　４１,2025-02-09,2025-02-12,11,びわこ,一般,６１２　５６５５,2024-05-01,2024-05-06,11,びわこ,一般,６　６２３　６３４４２３,,,,,,,,,,,,,5444,林 風音,2026-03-03,2026-03-08,11,びわこ,一般,６　５２６　５６６　５６,,,,,,,,,,,,,,,,,,,,,,,,
202607081102,2026-07-08,11,02R,3871,池田 紫乃,2026-03-03,2026-03-08,11,びわこ,一般,５５１　１２２３５５１５,2025-02-09,2025-02-12,11,びわこ,一般,４　１６６６２,2023-11-15,2023-11-20,11,びわこ,一般,１１２４２１１２１２[２],2022-10-17,2022-10-22,11,びわこ,ＧⅢ,１５３　５６５　６　２６,2020-02-22,2020-02-27,11,びわこ,一般,５５３　５　２５６　４１,4050,田口 節子,2025-07-18,2025-07-23,11,びわこ,一般,４４１１２１１　２２[４],2024-05-30,2024-06-04,11,びわこ,一般,３１１１５１２１５１[４],2024-02-20,2024-02-25,11,びわこ,ＧⅡ,５５２　２６２　４２６,2023-01-12,2023-01-15,11,びわこ,ＧⅠ,６５５　５４３,2021-01-27,2021-02-01,11,びわこ,一般,５１１５３２２１２２[２],4714,喜多須 杏奈,2025-01-04,2025-01-09,11,びわこ,ＧⅢ,２６２　５３５　６　３４,2023-10-17,2023-10-20,11,びわこ,一般,４　４６６４４,2023-09-03,2023-09-08,11,びわこ,一般,５５６　６６２　４　２５,2021-11-11,2021-11-16,11,びわこ,ＧⅢ,４３５　６２２　５５１３,2020-09-17,2020-09-22,11,びわこ,ＧⅠ,４　３　６５１　４６６,5013,山下 夏鈴,2026-03-03,2026-03-08,11,びわこ,一般,１６２２１　４５４　３１,2025-06-04,2025-06-08,11,びわこ,一般,２５１１３　５３５３,2025-01-04,2025-01-09,11,びわこ,ＧⅢ,１３６　３２４１１　１３,2024-05-01,2024-05-06,11,びわこ,一般,１３１　２６５２１２[１],2023-08-10,2023-08-16,11,びわこ,ＧⅢ,４１１　１２１３５F１１,4014,片岡 恵里,2023-07-25,2023-07-28,11,びわこ,一般,４４３　４５２５,2023-02-03,2023-02-08,11,びわこ,一般,２３３　３５１５１５１３,2022-12-17,2022-12-22,11,びわこ,一般,４　６５３　６５５　４,2022-10-17,2022-10-22,11,びわこ,ＧⅢ,３１３　２４５５４　４４,2021-11-11,2021-11-16,11,びわこ,ＧⅢ,４２１　１５４１３２[５],5045,平川 香織,2025-09-26,2025-09-29,11,びわこ,一般,３　４３１２３６,2024-06-16,2024-06-21,11,びわこ,ＧⅢ,２４５　５　２４１４３,2021-01-27,2021-02-01,11,びわこ,一般,４４４　１１４２１５２４,2020-09-26,2020-09-30,11,びわこ,一般,３　３１５２３　２５,2019-04-28,2019-05-03,11,びわこ,ＧⅢ,３　４５沈６３　５５４
202607081103,2026-07-08,11,03R,5322,根岸 真優,2025-10-23,2025-10-28,11,びわこ,一般,６　６５６　６６５　３６,2025-09-10,2025-09-13,11,びわこ,一般,６　５３６　５４,2025-01-04,2025-01-09,11,びわこ,ＧⅢ,６６６　６６６　　　６６,2024-09-05,2024-09-08,11,びわこ,一般,６　６６６　６６,,,,,,,4773,中川 りな,2026-03-03,2026-03-08,11,びわこ,一般,２６５１３　１６５５２３,2025-09-26,2025-09-29,11,びわこ,一般,６１１　２３４５,2021-12-11,2021-12-14,11,びわこ,一般,１２６１１１[５],2021-09-11,2021-09-16,11,びわこ,一般,２４３　５４１　１５４４,2021-01-27,2021-02-01,11,びわこ,一般,１２４５３３４　４２[４],5283,植木 美帆,2026-02-04,2026-02-09,11,びわこ,一般,５　５６５　６　６６１,2023-12-22,2023-12-27,11,びわこ,一般,６　６　４６４　５３５,,,,,,,,,,,,,,,,,,,4984,森下 愛梨,2023-05-08,2023-05-14,11,びわこ,一般,２　５３３　転５５　４　６６,2022-04-22,2022-04-25,11,びわこ,一般,３　１２１転３５,2021-03-02,2021-03-06,11,びわこ,一般,１６５　２６４６５６,2019-10-21,2019-10-26,11,びわこ,一般,５　６６６　６　６４５,,,,,,,4385,鈴木 祐美子,2023-12-22,2023-12-27,11,びわこ,一般,３　２４４　１５５５２５,2023-10-10,2023-10-13,11,びわこ,一般,６　３５６６４,2023-02-03,2023-02-08,11,びわこ,一般,３５１　１６３１３４２２,2022-10-17,2022-10-22,11,びわこ,ＧⅢ,４　４６４　４６１　６３,2022-08-28,2022-09-02,11,びわこ,一般,６２４　４６３　５３４３,4938,小芦 るり華,2026-02-13,2026-02-18,11,びわこ,一般,１４２３５１３１２１[１],2025-05-01,2025-05-06,11,びわこ,ＧⅢ,４４２　１３４　５３１,2025-01-04,2025-01-09,11,びわこ,ＧⅢ,３４１　３２３３１　１６,2024-10-24,2024-10-29,11,びわこ,一般,３５５　２２２　１５４４,2024-03-14,2024-03-19,11,びわこ,一般,３２１　４５４５５　５転
202607081104,2026-07-08,11,04R,5182,宮崎 安奈,2025-02-25,2025-03-02,11,びわこ,一般,６　５５３　３１６６３,2022-04-29,2022-05-04,11,びわこ,一般,６　６６６　６６４　６６,,,,,,,,,,,,,,,,,,,5088,高憧 四季,2025-01-04,2025-01-09,11,びわこ,ＧⅢ,４５２　２１５　２　５２,2023-12-22,2023-12-27,11,びわこ,一般,５５２３５　エ,2023-11-15,2023-11-20,11,びわこ,一般,３１１２２２１１２１[５],2023-02-03,2023-02-08,11,びわこ,一般,１１１５４１５４１４１４,2021-04-29,2021-05-04,11,びわこ,一般,３　４３２４３　３５２６,4473,藤堂 里香,2025-10-31,2025-11-03,11,びわこ,一般,６　２２４６６３,2024-08-11,2024-08-16,11,びわこ,一般,４２５　３５２　３５１,2024-02-20,2024-02-25,11,びわこ,ＧⅡ,６　６　６２２　３２２,2023-08-10,2023-08-16,11,びわこ,ＧⅢ,２２２２１　１５３１[６],2018-03-06,2018-03-11,11,びわこ,ＧⅡ,４　２５５　２３２　３５,5416,龍田 真白,2025-06-04,2025-06-08,11,びわこ,一般,６　６　６６５　６６,,,,,,,,,,,,,,,,,,,,,,,,,3900,香川 素子,2026-01-03,2026-01-08,11,びわこ,一般,１１４　１６２１２５１２,2025-07-18,2025-07-23,11,びわこ,一般,４１２　２２３２１３１１,2025-01-04,2025-01-09,11,びわこ,ＧⅢ,１３２４４４２　　　３４,2024-08-11,2024-08-16,11,びわこ,一般,４１５４４３２　２５３５,2024-04-23,2024-04-28,11,びわこ,一般,２６３６２　２５１　４４,5003,来田 衣織,2026-03-03,2026-03-08,11,びわこ,一般,５１２　１６１５１３６６,2025-01-31,2025-02-05,11,びわこ,一般,４２１　６２６６２　５４,2024-01-25,2024-01-30,11,びわこ,一般,３１４　６４４　２６５５,2023-11-15,2023-11-20,11,びわこ,一般,６　４３５　６５４　３６,2021-10-21,2021-10-26,11,びわこ,一般,５　６２２　１２６６２５
202607081105,2026-07-08,11,05R,3618,海野 ゆかり,2024-09-05,2024-09-08,11,びわこ,一般,５１３２４　１４,2024-02-20,2024-02-25,11,びわこ,ＧⅡ,２　３　１２１　２　[４],2023-08-10,2023-08-16,11,びわこ,ＧⅢ,１１３１１１３５１１[５],2022-10-17,2022-10-22,11,びわこ,ＧⅢ,５５２２３５２３２　１５,2021-11-11,2021-11-16,11,びわこ,ＧⅢ,２１２１２６１３６２[３],4045,佐々木 裕美,2024-07-04,2024-07-09,11,びわこ,一般,３６３５１　１１５２[６],2024-02-20,2024-02-25,11,びわこ,ＧⅡ,１　５　３２４　１３３,2023-11-15,2023-11-20,11,びわこ,一般,３２３５３２１１１４１１,2022-10-17,2022-10-22,11,びわこ,ＧⅢ,１６２　１４４３１３１１,2020-08-18,2020-08-22,11,びわこ,一般,１５３　５３２５１４,4878,西岡 育未,2025-01-04,2025-01-09,11,びわこ,ＧⅢ,６　４４６　４３　　４１,2024-02-20,2024-02-25,11,びわこ,ＧⅡ,４５５　６　１５３　６５,2022-08-28,2022-09-02,11,びわこ,一般,３　１５１５６６６　４４,2018-06-09,2018-06-14,11,びわこ,一般,５　４５３　３３５　４,2017-08-11,2017-08-16,11,びわこ,ＧⅢ,１６６　F,4964,土屋 南,2024-02-20,2024-02-25,11,びわこ,ＧⅡ,２３６　４　４６６　５４,2023-06-27,2023-07-02,11,びわこ,ＧⅡ,２　４　１６６　６２５４,2023-05-17,2023-05-22,11,びわこ,一般,３６２２６　６１１５５５,2023-03-10,2023-03-15,11,びわこ,ＧⅡ,６　F　４６,2022-10-17,2022-10-22,11,びわこ,ＧⅢ,１３３２４３３１２２[転],5297,南 彩寧,2025-10-31,2025-11-03,11,びわこ,一般,６６３　５　４６,2024-11-16,2024-11-21,11,びわこ,一般,６　６６転　６６６　６５,2024-07-04,2024-07-09,11,びわこ,一般,６６６　６４６　５５２,2024-04-23,2024-04-28,11,びわこ,一般,６　６６６　６５６　６６,2023-11-15,2023-11-20,11,びわこ,一般,６　５６６　４５６　５５,4825,倉持 莉々,2023-01-19,2023-01-24,11,びわこ,一般,２２５１３１１１２１[５],2021-01-27,2021-02-01,11,びわこ,一般,３６１４３５３　３２１５,2021-01-04,2021-01-09,11,びわこ,一般,３５５　３２２　３　５４,2020-09-17,2020-09-22,11,びわこ,ＧⅠ,４　４　２６５　４４５,2018-04-28,2018-05-03,11,びわこ,ＧⅢ,２３２　１４２２２４１２
202607081106,2026-07-08,11,06R,4924,中北 涼,2024-07-17,2024-07-20,11,びわこ,一般,２３６　６４５,2024-05-01,2024-05-06,11,びわこ,一般,１２６　１５３５１４３６,2021-10-21,2021-10-26,11,びわこ,一般,５４４　５５３　４１４,2021-07-06,2021-07-09,11,びわこ,一般,３４５　６　４４,2019-04-28,2019-05-03,11,びわこ,ＧⅢ,４　６５１　４６５４５,3302,谷川 里江,2025-01-04,2025-01-09,11,びわこ,ＧⅢ,１３６６２　５　２　１４,2024-05-01,2024-05-06,11,びわこ,一般,５　１５４５４６４１２２,2021-01-27,2021-02-01,11,びわこ,一般,２４３３５　１５５　１４,2020-07-01,2020-07-06,11,びわこ,ＧⅢ,３５１　６１４　６４３,2019-04-28,2019-05-03,11,びわこ,ＧⅢ,５１４　落２１　４３２,5218,山田 理央,2023-12-22,2023-12-27,11,びわこ,一般,　　　　　　　　　　３３,,,,,,,,,,,,,,,,,,,,,,,,,5052,赤井 星璃菜,2020-08-18,2020-08-22,11,びわこ,一般,５　５　６６６　６６,2020-01-03,2020-01-08,11,びわこ,一般,６　６５６　６　５６４,2019-02-24,2019-02-27,11,びわこ,一般,６　６６６　６６,,,,,,,,,,,,,4011,堀之内紀代子,2025-01-04,2025-01-09,11,びわこ,ＧⅢ,３３２２２　１３２　[５],2024-02-20,2024-02-25,11,びわこ,ＧⅡ,６３３　３　４６４　３２,2023-06-27,2023-07-02,11,びわこ,ＧⅡ,２２２　４６４　６２５,2023-05-17,2023-05-22,11,びわこ,一般,１６５１１１１１２１[２],2022-10-17,2022-10-22,11,びわこ,ＧⅢ,１１１１４１３１１１[１],5079,大石 真央,2025-07-18,2025-07-23,11,びわこ,一般,５３３　１５５４１　２４,2025-01-31,2025-02-05,11,びわこ,一般,４３５　４２４　５５４,2022-03-19,2022-03-24,11,びわこ,一般,５３３　５６５　３４４３,2021-03-02,2021-03-06,11,びわこ,一般,５　２５２４６１３２,2019-08-19,2019-08-24,11,びわこ,一般,６　６　６６６　５　６４
202607081107,2026-07-08,11,07R,5283,植木 美帆,2026-02-04,2026-02-09,11,びわこ,一般,５　５６５　６　６６１,2023-12-22,2023-12-27,11,びわこ,一般,６　６　４６４　５３５,,,,,,,,,,,,,,,,,,,5195,北村 寧々,2026-02-04,2026-02-09,11,びわこ,一般,４３１　２６６　５１２４,2024-02-20,2024-02-25,11,びわこ,ＧⅡ,３６６　４　６６６　２,2023-08-10,2023-08-16,11,びわこ,ＧⅢ,３　２６１２１２３５１２,2022-04-04,2022-04-09,11,びわこ,一般,５　６６６６５　５６５,,,,,,,5165,小林 愛実,2026-04-08,2026-04-12,11,びわこ,一般,５４６　４　６３３,2025-05-01,2025-05-06,11,びわこ,ＧⅢ,６　２３５２２　２１３４,2024-05-30,2024-06-04,11,びわこ,一般,２６３　３５２　３５６３,2023-11-15,2023-11-20,11,びわこ,一般,２落６　４１１　２３２２,2023-07-25,2023-07-28,11,びわこ,一般,４　４６２５６,5281,井上 遥妃,2026-02-13,2026-02-18,11,びわこ,一般,５３１３１６６１１４４６,2025-01-04,2025-01-09,11,びわこ,ＧⅢ,１２３５４　１４３　１４,2024-02-20,2024-02-25,11,びわこ,ＧⅡ,２　６　５６３　５４６,2023-12-22,2023-12-27,11,びわこ,一般,４６４　６６妨　６　５３,2023-09-03,2023-09-08,11,びわこ,一般,　　　　　　　　６６６４,5444,林 風音,2026-03-03,2026-03-08,11,びわこ,一般,６　５２６　５６６　５６,,,,,,,,,,,,,,,,,,,,,,,,,5231,寺田 空詩,2026-05-09,2026-05-14,11,びわこ,一般,４４５　１３１３１３２３,2023-11-15,2023-11-20,11,びわこ,一般,４６２　４５５　４６４,2023-07-10,2023-07-14,11,びわこ,一般,４　６６５　６５３,2022-10-17,2022-10-22,11,びわこ,ＧⅢ,６　５６４　６　６エ３,,,,,,
202607081108,2026-07-08,11,08R,4984,森下 愛梨,2023-05-08,2023-05-14,11,びわこ,一般,２　５３３　転５５　４　６６,2022-04-22,2022-04-25,11,びわこ,一般,３　１２１転３５,2021-03-02,2021-03-06,11,びわこ,一般,１６５　２６４６５６,2019-10-21,2019-10-26,11,びわこ,一般,５　６６６　６　６４５,,,,,,,5045,平川 香織,2025-09-26,2025-09-29,11,びわこ,一般,３　４３１２３６,2024-06-16,2024-06-21,11,びわこ,ＧⅢ,２４５　５　２４１４３,2021-01-27,2021-02-01,11,びわこ,一般,４４４　１１４２１５２４,2020-09-26,2020-09-30,11,びわこ,一般,３　３１５２３　２５,2019-04-28,2019-05-03,11,びわこ,ＧⅢ,３　４５沈６３　５５４,3704,本部 めぐみ,2024-05-01,2024-05-06,11,びわこ,一般,３　２３５１５６２　６１,2022-10-17,2022-10-22,11,びわこ,ＧⅢ,５６４　２　６６５　５５,2020-07-01,2020-07-06,11,びわこ,ＧⅢ,４　５５２　５１２転５２,2019-07-23,2019-07-28,11,びわこ,一般,４　５４６　４,2018-07-17,2018-07-20,11,びわこ,一般,６４４　５６２５,5314,中曽 瑠華,2026-04-08,2026-04-12,11,びわこ,一般,４４６　５　４６５,,,,,,,,,,,,,,,,,,,,,,,,,5163,清水 愛海,2024-05-01,2024-05-06,11,びわこ,一般,２２３　２１１２２３４１,2021-11-11,2021-11-16,11,びわこ,ＧⅢ,５２３　１４転６５　６３,2021-09-02,2021-09-07,11,びわこ,一般,６５６　６４４　４６６,2021-04-29,2021-05-04,11,びわこ,一般,６６４　６　６　４６５,,,,,,,5416,龍田 真白,2025-06-04,2025-06-08,11,びわこ,一般,６　６　６６５　６６,,,,,,,,,,,,,,,,,,,,,,,,
202607081109,2026-07-08,11,09R,4964,土屋 南,2024-02-20,2024-02-25,11,びわこ,ＧⅡ,２３６　４　４６６　５４,2023-06-27,2023-07-02,11,びわこ,ＧⅡ,２　４　１６６　６２５４,2023-05-17,2023-05-22,11,びわこ,一般,３６２２６　６１１５５５,2023-03-10,2023-03-15,11,びわこ,ＧⅡ,６　F　４６,2022-10-17,2022-10-22,11,びわこ,ＧⅢ,１３３２４３３１２２[転],5013,山下 夏鈴,2026-03-03,2026-03-08,11,びわこ,一般,１６２２１　４５４　３１,2025-06-04,2025-06-08,11,びわこ,一般,２５１１３　５３５３,2025-01-04,2025-01-09,11,びわこ,ＧⅢ,１３６　３２４１１　１３,2024-05-01,2024-05-06,11,びわこ,一般,１３１　２６５２１２[１],2023-08-10,2023-08-16,11,びわこ,ＧⅢ,４１１　１２１３５F１１,4938,小芦 るり華,2026-02-13,2026-02-18,11,びわこ,一般,１４２３５１３１２１[１],2025-05-01,2025-05-06,11,びわこ,ＧⅢ,４４２　１３４　５３１,2025-01-04,2025-01-09,11,びわこ,ＧⅢ,３４１　３２３３１　１６,2024-10-24,2024-10-29,11,びわこ,一般,３５５　２２２　１５４４,2024-03-14,2024-03-19,11,びわこ,一般,３２１　４５４５５　５転,5182,宮崎 安奈,2025-02-25,2025-03-02,11,びわこ,一般,６　５５３　３１６６３,2022-04-29,2022-05-04,11,びわこ,一般,６　６６６　６６４　６６,,,,,,,,,,,,,,,,,,,3580,水口 由紀,2026-03-03,2026-03-08,11,びわこ,一般,４　２５３　２２２５５６,2026-01-03,2026-01-08,11,びわこ,一般,６　５６４　４転６　５５,2025-05-01,2025-05-06,11,びわこ,ＧⅢ,４３３　２２４　２転４,2025-01-04,2025-01-09,11,びわこ,ＧⅢ,５　３５１　１４３　５３,2024-08-11,2024-08-16,11,びわこ,一般,４４３　４４６　６　５３,5296,永田 楽,2025-10-23,2025-10-28,11,びわこ,一般,３　５１６４５　４　１４,2024-11-16,2024-11-21,11,びわこ,一般,５６６　５２４　妨５２,2023-10-17,2023-10-20,11,びわこ,一般,６５５　６　６６,2023-08-10,2023-08-16,11,びわこ,ＧⅢ,６　６６６　６６６６６６,,,,,,
202607081110,2026-07-08,11,10R,4011,堀之内紀代子,2025-01-04,2025-01-09,11,びわこ,ＧⅢ,３３２２２　１３２　[５],2024-02-20,2024-02-25,11,びわこ,ＧⅡ,６３３　３　４６４　３２,2023-06-27,2023-07-02,11,びわこ,ＧⅡ,２２２　４６４　６２５,2023-05-17,2023-05-22,11,びわこ,一般,１６５１１１１１２１[２],2022-10-17,2022-10-22,11,びわこ,ＧⅢ,１１１１４１３１１１[１],4385,鈴木 祐美子,2023-12-22,2023-12-27,11,びわこ,一般,３　２４４　１５５５２５,2023-10-10,2023-10-13,11,びわこ,一般,６　３５６６４,2023-02-03,2023-02-08,11,びわこ,一般,３５１　１６３１３４２２,2022-10-17,2022-10-22,11,びわこ,ＧⅢ,４　４６４　４６１　６３,2022-08-28,2022-09-02,11,びわこ,一般,６２４　４６３　５３４３,5297,南 彩寧,2025-10-31,2025-11-03,11,びわこ,一般,６６３　５　４６,2024-11-16,2024-11-21,11,びわこ,一般,６　６６転　６６６　６５,2024-07-04,2024-07-09,11,びわこ,一般,６６６　６４６　５５２,2024-04-23,2024-04-28,11,びわこ,一般,６　６６６　６５６　６６,2023-11-15,2023-11-20,11,びわこ,一般,６　５６６　４５６　５５,5129,山口 真喜子,2025-01-13,2025-01-18,11,びわこ,一般,５２４　６１１２１３１１,2024-04-23,2024-04-28,11,びわこ,一般,５　４６６　６３５　２５,2023-12-22,2023-12-27,11,びわこ,一般,６２１　３６２　１４４,2022-03-19,2022-03-24,11,びわこ,一般,４５４　６　６６３　４３,2021-12-11,2021-12-14,11,びわこ,一般,６　４６５　３６,4694,高田 綾,2021-01-04,2021-01-09,11,びわこ,一般,２　６５１　６６５　４３,2020-02-22,2020-02-27,11,びわこ,一般,２　４転６６６　４　３６,2014-08-20,2014-08-25,11,びわこ,一般,４　６３５　３５３　４６,,,,,,,,,,,,,5088,高憧 四季,2025-01-04,2025-01-09,11,びわこ,ＧⅢ,４５２　２１５　２　５２,2023-12-22,2023-12-27,11,びわこ,一般,５５２３５　エ,2023-11-15,2023-11-20,11,びわこ,一般,３１１２２２１１２１[５],2023-02-03,2023-02-08,11,びわこ,一般,１１１５４１５４１４１４,2021-04-29,2021-05-04,11,びわこ,一般,３　４３２４３　３５２６
202607081111,2026-07-08,11,11R,5281,井上 遥妃,2026-02-13,2026-02-18,11,びわこ,一般,５３１３１６６１１４４６,2025-01-04,2025-01-09,11,びわこ,ＧⅢ,１２３５４　１４３　１４,2024-02-20,2024-02-25,11,びわこ,ＧⅡ,２　６　５６３　５４６,2023-12-22,2023-12-27,11,びわこ,一般,４６４　６６妨　６　５３,2023-09-03,2023-09-08,11,びわこ,一般,　　　　　　　　６６６４,4014,片岡 恵里,2023-07-25,2023-07-28,11,びわこ,一般,４４３　４５２５,2023-02-03,2023-02-08,11,びわこ,一般,２３３　３５１５１５１３,2022-12-17,2022-12-22,11,びわこ,一般,４　６５３　６５５　４,2022-10-17,2022-10-22,11,びわこ,ＧⅢ,３１３　２４５５４　４４,2021-11-11,2021-11-16,11,びわこ,ＧⅢ,４２１　１５４１３２[５],5213,湯淺 紀香,2025-09-10,2025-09-13,11,びわこ,一般,６　６３４　４１,2025-02-09,2025-02-12,11,びわこ,一般,６１２　５６５５,2024-05-01,2024-05-06,11,びわこ,一般,６　６２３　６３４４２３,,,,,,,,,,,,,3618,海野 ゆかり,2024-09-05,2024-09-08,11,びわこ,一般,５１３２４　１４,2024-02-20,2024-02-25,11,びわこ,ＧⅡ,２　３　１２１　２　[４],2023-08-10,2023-08-16,11,びわこ,ＧⅢ,１１３１１１３５１１[５],2022-10-17,2022-10-22,11,びわこ,ＧⅢ,５５２２３５２３２　１５,2021-11-11,2021-11-16,11,びわこ,ＧⅢ,２１２１２６１３６２[３],3302,谷川 里江,2025-01-04,2025-01-09,11,びわこ,ＧⅢ,１３６６２　５　２　１４,2024-05-01,2024-05-06,11,びわこ,一般,５　１５４５４６４１２２,2021-01-27,2021-02-01,11,びわこ,一般,２４３３５　１５５　１４,2020-07-01,2020-07-06,11,びわこ,ＧⅢ,３５１　６１４　６４３,2019-04-28,2019-05-03,11,びわこ,ＧⅢ,５１４　落２１　４３２,4773,中川 りな,2026-03-03,2026-03-08,11,びわこ,一般,２６５１３　１６５５２３,2025-09-26,2025-09-29,11,びわこ,一般,６１１　２３４５,2021-12-11,2021-12-14,11,びわこ,一般,１２６１１１[５],2021-09-11,2021-09-16,11,びわこ,一般,２４３　５４１　１５４４,2021-01-27,2021-02-01,11,びわこ,一般,１２４５３３４　４２[４]
202607081112,2026-07-08,11,12R,5163,清水 愛海,2024-05-01,2024-05-06,11,びわこ,一般,２２３　２１１２２３４１,2021-11-11,2021-11-16,11,びわこ,ＧⅢ,５２３　１４転６５　６３,2021-09-02,2021-09-07,11,びわこ,一般,６５６　６４４　４６６,2021-04-29,2021-05-04,11,びわこ,一般,６６４　６　６　４６５,,,,,,,4825,倉持 莉々,2023-01-19,2023-01-24,11,びわこ,一般,２２５１３１１１２１[５],2021-01-27,2021-02-01,11,びわこ,一般,３６１４３５３　３２１５,2021-01-04,2021-01-09,11,びわこ,一般,３５５　３２２　３　５４,2020-09-17,2020-09-22,11,びわこ,ＧⅠ,４　４　２６５　４４５,2018-04-28,2018-05-03,11,びわこ,ＧⅢ,２３２　１４２２２４１２,3900,香川 素子,2026-01-03,2026-01-08,11,びわこ,一般,１１４　１６２１２５１２,2025-07-18,2025-07-23,11,びわこ,一般,４１２　２２３２１３１１,2025-01-04,2025-01-09,11,びわこ,ＧⅢ,１３２４４４２　　　３４,2024-08-11,2024-08-16,11,びわこ,一般,４１５４４３２　２５３５,2024-04-23,2024-04-28,11,びわこ,一般,２６３６２　２５１　４４,5218,山田 理央,2023-12-22,2023-12-27,11,びわこ,一般,　　　　　　　　　　３３,,,,,,,,,,,,,,,,,,,,,,,,,4050,田口 節子,2025-07-18,2025-07-23,11,びわこ,一般,４４１１２１１　２２[４],2024-05-30,2024-06-04,11,びわこ,一般,３１１１５１２１５１[４],2024-02-20,2024-02-25,11,びわこ,ＧⅡ,５５２　２６２　４２６,2023-01-12,2023-01-15,11,びわこ,ＧⅠ,６５５　５４３,2021-01-27,2021-02-01,11,びわこ,一般,５１１５３２２１２２[２],5195,北村 寧々,2026-02-04,2026-02-09,11,びわこ,一般,４３１　２６６　５１２４,2024-02-20,2024-02-25,11,びわこ,ＧⅡ,３６６　４　６６６　２,2023-08-10,2023-08-16,11,びわこ,ＧⅢ,３　２６１２１２３５１２,2022-04-04,2022-04-09,11,びわこ,一般,５　６６６６５　５６５,,,,,,
202607081201,2026-07-08,12,01R,4899,占部 一真,2025-10-01,2025-10-06,12,住之江,一般,２５４　３３６　４　６６,2025-05-24,2025-05-28,12,住之江,一般,２３５　６６５　２２,2025-02-06,2025-02-11,12,住之江,一般,１１２　３　２５６２[２],2024-05-16,2024-05-21,12,住之江,一般,５　２１２　６５６　１６,2023-02-15,2023-02-20,12,住之江,一般,５　６６１２６　３　４,3910,松下 知幸,2026-03-23,2026-03-27,12,住之江,一般,３５５　６　３　６６,2025-09-17,2025-09-21,12,住之江,一般,５　５５５　１　４,2025-01-21,2025-01-26,12,住之江,一般,５　６６３　５３２　５６,2023-11-27,2023-12-02,12,住之江,一般,５１５　５　３６３　２３,2023-08-01,2023-08-06,12,住之江,一般,１３２　５　１３４２[２],5194,大久保 佑香,2025-09-01,2025-09-05,12,住之江,一般,６３５　４５１　５,2025-05-24,2025-05-28,12,住之江,一般,４６５　４５６　５４,2024-04-19,2024-04-24,12,住之江,一般,５１６　５４５　５　５２,2023-09-21,2023-09-26,12,住之江,一般,３　５　６５６３６３３,,,,,,,5366,塩嶋 泰空,2025-09-25,2025-09-28,12,住之江,一般,５　６６落　５６,,,,,,,,,,,,,,,,,,,,,,,,,5039,倉田 茂将,2022-04-12,2022-04-17,12,住之江,一般,６６４　２　１４５６５１,2021-11-02,2021-11-07,12,住之江,一般,６　２５転　４　５４６,2020-11-04,2020-11-08,12,住之江,一般,６　２　６２１６F６,2019-10-18,2019-10-23,12,住之江,一般,６６６　６　６　６６６,,,,,,,5450,藤本 遼磨,2026-05-03,2026-05-08,12,住之江,一般,５　５６６　６６６　６,,,,,,,,,,,,,,,,,,,,,,,,
202607081202,2026-07-08,12,02R,3801,五反田 忍,2025-11-01,2025-11-06,12,住之江,一般,４６５　４６６１６　４,2025-02-27,2025-03-02,12,住之江,一般,１５６２６　２,2024-12-26,2024-12-29,12,住之江,一般,６２１６１５６３,2024-05-16,2024-05-21,12,住之江,一般,２１２　６　５２６　１５,2023-07-17,2023-07-22,12,住之江,一般,２欠,4887,富澤 祐作,2025-10-01,2025-10-06,12,住之江,一般,５　３５３　３１３２３,2019-10-30,2019-11-04,12,住之江,一般,４６６　６２６　３　５,2019-05-14,2019-05-19,12,住之江,一般,５　６　１転６　６　６５,,,,,,,,,,,,,5362,中嶋 世奈,2025-09-01,2025-09-05,12,住之江,一般,３　６６６　４　５６,2025-05-24,2025-05-28,12,住之江,一般,６　４６５　６　６６,2024-08-21,2024-08-26,12,住之江,一般,６　６６６　６６６　６６,,,,,,,,,,,,,3602,奥平 拓也,2025-07-11,2025-07-16,12,住之江,一般,１３４　２３６　４２[４],2022-06-30,2022-07-05,12,住之江,ＧⅢ,３５３　２　２５２４２３,2021-02-14,2021-02-17,12,住之江,一般,４５３　２１２３,2018-06-22,2018-06-27,12,住之江,ＧⅢ,３　３３３　１４６４１５,2016-04-12,2016-04-17,12,住之江,一般,６６,4836,大谷 健太,2025-11-01,2025-11-06,12,住之江,一般,１　２４６　１６６４５,2024-07-19,2024-07-24,12,住之江,一般,２　１６６　４２１５５３,2024-04-11,2024-04-16,12,住之江,一般,２６転　４　４６６　４６,2022-09-14,2022-09-20,12,住之江,一般,４６５　６,2021-02-06,2021-02-11,12,住之江,一般,４　５３１４５　２　１５,4911,片岡 大地,2025-10-24,2025-10-29,12,住之江,一般,５５５　３６４　１　５,2025-02-06,2025-02-11,12,住之江,一般,２２４　３　１３５４５５,2024-02-21,2024-02-26,12,住之江,一般,３２１　１３４　２６１１,2023-08-19,2023-08-22,12,住之江,一般,３５１４２３５５,2018-03-02,2018-03-07,12,住之江,一般,６　６６５　５　３　４６
202607081203,2026-07-08,12,03R,4211,村田 敦,2026-03-04,2026-03-09,12,住之江,一般,４　２　６６６　２５５,2025-09-25,2025-09-28,12,住之江,一般,３　５３５５３,2025-06-02,2025-06-06,12,住之江,一般,３　３４１　１５２４,2024-10-18,2024-10-23,12,住之江,一般,１　５６２　３６６３４,2023-10-30,2023-11-04,12,住之江,一般,４６５　４３５　４６１,3441,土屋 太朗,2025-07-29,2025-08-01,12,住之江,一般,３２３　５３３４,2022-10-02,2022-10-07,12,住之江,一般,３５３　２２５　４２５４,2022-02-11,2022-02-16,12,住之江,一般,５　２４２４５　２３２３,2021-03-19,2021-03-24,12,住之江,一般,４６６　４６３　５　４,2019-05-14,2019-05-19,12,住之江,一般,２　３１１　２２３１[２],3542,清水 紀克,2024-11-29,2024-12-03,12,住之江,一般,６　２６５　２　３５,2023-11-27,2023-12-02,12,住之江,一般,２４５　１　１４１１[６],2022-05-12,2022-05-17,12,住之江,ＧⅢ,５５４　１６５　５　６,2022-02-04,2022-02-09,12,住之江,一般,５　５１５　５２６２１４,2021-03-19,2021-03-24,12,住之江,一般,５２２　６　５３４　３６,4098,赤澤 文香,2025-10-16,2025-10-21,12,住之江,ＧⅢ,５１３　３２５　５３５,2024-06-19,2024-06-24,12,住之江,ＧⅢ,５　３４４１５　３３４,2021-06-12,2021-06-17,12,住之江,ＧⅢ,４２５　４　５４４　４,2021-01-28,2021-02-01,12,住之江,一般,４３４　４４５　２,2018-01-16,2018-01-21,12,住之江,ＧⅢ,４　３４１　６２２１３６,4012,中村 有裕,2025-12-25,2025-12-30,12,住之江,一般,５　１２３　２４２４１４,2025-07-21,2025-07-26,12,住之江,ＧⅢ,２　１１３　２１４１[３],2025-03-09,2025-03-12,12,住之江,一般,５　３４５　５１,2024-07-10,2024-07-15,12,住之江,ＧⅢ,３　１６２　１５６３５４,2024-02-03,2024-02-08,12,住之江,一般,２５３　３２６２１　４１,3587,武田 信一,2026-03-23,2026-03-27,12,住之江,一般,５６４　２　６　３３,2025-05-13,2025-05-18,12,住之江,一般,５　２６６　４６５　５,2024-12-07,2024-12-12,12,住之江,ＧⅢ,６　２３５　２５５２４,2024-04-27,2024-04-30,12,住之江,一般,２６５　２　６,2022-06-30,2022-07-05,12,住之江,ＧⅢ,２　４　１４６５３３４１
202607081204,2026-07-08,12,04R,3825,宮嵜 隆太郎,2025-12-25,2025-12-30,12,住之江,一般,１　６６４　５　４５６,2025-02-14,2025-02-17,12,住之江,一般,３６６　２　２１,2024-12-07,2024-12-12,12,住之江,ＧⅢ,５　５３６２４　３　２２,2024-11-29,2024-12-03,12,住之江,一般,１２４　６　２５３,2024-06-10,2024-06-16,12,住之江,一般,３５２　５６２６５　４２５,3805,高橋 英之,2026-01-27,2026-02-01,12,住之江,一般,３　３４３　５１１５６４,2024-07-01,2024-07-05,12,住之江,一般,２５２　１１６３４２,2023-09-29,2023-10-03,12,住之江,一般,４４５２１　４　３１,2023-06-21,2023-06-26,12,住之江,一般,３　３６５　４２４　５,2021-08-22,2021-08-27,12,住之江,一般,６６１,4084,杉山 正樹,2025-02-20,2025-02-24,12,住之江,一般,３４３　４３１６１２,2024-06-10,2024-06-16,12,住之江,一般,１４３１２　２　５１４１[５],2024-03-15,2024-03-20,12,住之江,一般,５４１　２３１３２３３１,2023-09-13,2023-09-16,12,住之江,一般,１４３　５５４１,2023-06-13,2023-06-18,12,住之江,一般,３　１３３１４　１２[３],4888,金児 隆太,2026-03-04,2026-03-09,12,住之江,一般,３　５２４　４１４　５２,2025-01-10,2025-01-14,12,住之江,一般,１２３　２５４３２１,2023-12-08,2023-12-11,12,住之江,一般,３　２１５３４転,2022-09-05,2022-09-11,12,住之江,一般,１２４　４３４５１　５４１６,2022-02-19,2022-02-23,12,住之江,一般,１　３５４４５４６５,5154,村松 栄太,2025-09-01,2025-09-05,12,住之江,一般,１　４４５　６２２,2025-03-15,2025-03-20,12,住之江,一般,２　４２５　２４１５６６,,,,,,,,,,,,,,,,,,,4590,渡邉 優美,2025-07-29,2025-08-01,12,住之江,一般,１２２エ２１[１],2024-07-01,2024-07-05,12,住之江,一般,５　１１２１２１[２],2022-12-26,2022-12-31,12,住之江,ＧⅠ,２　１４２４２１１　[３],2022-10-11,2022-10-16,12,住之江,一般,２　３２２１２１３１[２],2021-02-06,2021-02-11,12,住之江,一般,F１３　１　３６１　２
202607081205,2026-07-08,12,05R,3435,寺田 千恵,2023-03-19,2023-03-22,12,住之江,一般,６　５１２　２１,2022-12-26,2022-12-31,12,住之江,ＧⅠ,　　　　５　５　６　４,2022-06-17,2022-06-22,12,住之江,ＧⅢ,３　４３３１１３２２[５],2021-09-17,2021-09-22,12,住之江,一般,４４３１５　２４２４６４,2020-12-09,2020-12-14,12,住之江,ＧⅢ,４４１　１２３２１２[４],3731,高濱 芳久,2025-11-21,2025-11-24,12,住之江,一般,３　３不,2025-08-22,2025-08-27,12,住之江,一般,２　１２６,2025-05-24,2025-05-28,12,住之江,一般,２　１５５１６５１４,2024-11-29,2024-12-03,12,住之江,一般,６５６　４　５　２,2024-08-21,2024-08-26,12,住之江,一般,６　４５２３３　５　６２,4730,土屋 実沙希,2025-06-25,2025-06-30,12,住之江,一般,４　５２１　５４２４２１,2024-04-19,2024-04-24,12,住之江,一般,２３１４２　４４２３１１,2023-03-19,2023-03-22,12,住之江,一般,６　１４５４６,2022-12-26,2022-12-31,12,住之江,ＧⅠ,４　６１５　１３５　２２,2022-10-11,2022-10-16,12,住之江,一般,２６４６１　２　１２２５,4557,松尾 光広,2025-07-21,2025-07-26,12,住之江,ＧⅢ,５　２５２　５６５　４６,2025-02-06,2025-02-11,12,住之江,一般,３　３１１４３　４２[４],2024-11-16,2024-11-22,12,住之江,一般,１　４３２　４２５　１５３５,2022-08-19,2022-08-23,12,住之江,一般,５５６６,2021-07-07,2021-07-13,12,住之江,一般,４５１　６　３５５６５　６,5355,萩原 丈太朗,2025-09-25,2025-09-28,12,住之江,一般,６５６　６　６５,2025-03-15,2025-03-20,12,住之江,一般,６　５５転　５６４　５６,2024-10-25,2024-10-29,12,住之江,一般,５６６　６　３　６６,,,,,,,,,,,,,4983,前田 篤哉,2026-02-22,2026-02-28,12,住之江,一般,３４１４１　１３１　２３１１,2021-05-17,2021-05-22,12,住之江,一般,２２３　４４２１１２[５],2020-09-26,2020-10-01,12,住之江,一般,４　１４３５２３１　２１,2019-10-18,2019-10-23,12,住之江,一般,３６３　１１５４６　１６,2018-12-09,2018-12-13,12,住之江,一般,４２３　２２１３５３
202607081206,2026-07-08,12,06R,3841,佐々木 和伸,2024-10-10,2024-10-15,12,住之江,一般,２　３１１４２　４３３２,2024-02-15,2024-02-18,12,住之江,一般,５　６４１　５,2023-04-16,2023-04-19,12,住之江,一般,５　６１,2023-01-10,2023-01-14,12,住之江,一般,１６３　４１２６５３,2020-01-10,2020-01-15,12,住之江,一般,３１３２４　３２４３４６,3905,天野 友和,2025-11-01,2025-11-06,12,住之江,一般,３２２　３２５　１５５５,2024-12-26,2024-12-29,12,住之江,一般,２５１　３３３２,2024-07-29,2024-08-04,12,住之江,一般,４　２５３６３　１３２　５６,2024-02-21,2024-02-26,12,住之江,一般,３４４　６３１　６１３,2023-12-08,2023-12-11,12,住之江,一般,１６３４３２３,5181,森 智哉,2025-11-28,2025-12-03,12,住之江,一般,２４５　５６３　５　４,2023-06-21,2023-06-26,12,住之江,一般,４　６３転欠,2022-03-05,2022-03-10,12,住之江,一般,転　５６４　５４６　６,2021-06-24,2021-06-27,12,住之江,一般,５　５５５　６６,,,,,,,3075,中村 裕将,2025-02-27,2025-03-02,12,住之江,一般,６　４３６　２６,2024-12-26,2024-12-29,12,住之江,一般,６　２５５５６,2024-07-19,2024-07-24,12,住之江,一般,４３５　１　４４５　５３,2024-04-01,2024-04-06,12,住之江,一般,３６４　２　２２４　５２,2023-03-19,2023-03-22,12,住之江,一般,５　２５１５６,3602,奥平 拓也,2025-07-11,2025-07-16,12,住之江,一般,１３４　２３６　４２[４],2022-06-30,2022-07-05,12,住之江,ＧⅢ,３５３　２　２５２４２３,2021-02-14,2021-02-17,12,住之江,一般,４５３　２１２３,2018-06-22,2018-06-27,12,住之江,ＧⅢ,３　３３３　１４６４１５,2016-04-12,2016-04-17,12,住之江,一般,６６,3352,小川 晃司,2020-11-04,2020-11-08,12,住之江,一般,４３３　４　６３４,2019-06-30,2019-07-05,12,住之江,一般,５６２　５　５３４　４３,2018-09-12,2018-09-17,12,住之江,一般,５２４　５　２３２４４６,2018-03-19,2018-03-24,12,住之江,一般,５　５５４４３　５　４,2014-10-11,2014-10-16,12,住之江,一般,３４５　３３６４５
202607081207,2026-07-08,12,07R,3999,大瀧 明日香,2024-08-21,2024-08-26,12,住之江,一般,２　６２３４３　１６１４,2024-03-15,2024-03-20,12,住之江,一般,４　２１２６１４５４１２,2023-09-13,2023-09-16,12,住之江,一般,５１６１６　５,2023-05-28,2023-06-02,12,住之江,一般,１　５２３４転　５　１３,2023-04-01,2023-04-06,12,住之江,ＧⅢ,４　１６３１２１２２[５],4098,赤澤 文香,2025-10-16,2025-10-21,12,住之江,ＧⅢ,５１３　３２５　５３５,2024-06-19,2024-06-24,12,住之江,ＧⅢ,５　３４４１５　３３４,2021-06-12,2021-06-17,12,住之江,ＧⅢ,４２５　４　５４４　４,2021-01-28,2021-02-01,12,住之江,一般,４３４　４４５　２,2018-01-16,2018-01-21,12,住之江,ＧⅢ,４　３４１　６２２１３６,3740,大澤 普司,2025-07-29,2025-08-01,12,住之江,一般,３５５　３１２,2022-11-03,2022-11-08,12,住之江,ＧⅠ,４　３　２５６　２３５,2021-08-22,2021-08-27,12,住之江,一般,５５２　１１３１１６４４,2021-03-19,2021-03-24,12,住之江,一般,３１４　３２６　２６１５,2020-10-17,2020-10-21,12,住之江,一般,１　２４３５６２３,5039,倉田 茂将,2022-04-12,2022-04-17,12,住之江,一般,６６４　２　１４５６５１,2021-11-02,2021-11-07,12,住之江,一般,６　２５転　４　５４６,2020-11-04,2020-11-08,12,住之江,一般,６　２　６２１６F６,2019-10-18,2019-10-23,12,住之江,一般,６６６　６　６　６６６,,,,,,,3441,土屋 太朗,2025-07-29,2025-08-01,12,住之江,一般,３２３　５３３４,2022-10-02,2022-10-07,12,住之江,一般,３５３　２２５　４２５４,2022-02-11,2022-02-16,12,住之江,一般,５　２４２４５　２３２３,2021-03-19,2021-03-24,12,住之江,一般,４６６　４６３　５　４,2019-05-14,2019-05-19,12,住之江,一般,２　３１１　２２３１[２],3499,市川 哲也,2024-03-24,2024-03-29,12,住之江,ＧⅠ,２　５　５F５　６　６,2023-09-03,2023-09-08,12,住之江,ＧⅠ,６　５　６２４　２４３,2023-04-09,2023-04-14,12,住之江,一般,５４４　１２１４１６３２,2023-03-09,2023-03-13,12,住之江,一般,５６３３１　５１３３,2022-10-02,2022-10-07,12,住之江,一般,３２４　２２２３２　２２
202607081208,2026-07-08,12,08R,3715,倉尾 大介,2026-01-27,2026-02-01,12,住之江,一般,４４４　２４４　２６１,2024-04-11,2024-04-16,12,住之江,一般,３５６　１６４,2024-02-03,2024-02-08,12,住之江,一般,２　５５１６３　４　２５,2023-06-29,2023-07-04,12,住之江,ＧⅢ,６２３３６　３　１６６,2023-02-27,2023-03-04,12,住之江,一般,４４５　６３１　２　４１,4836,大谷 健太,2025-11-01,2025-11-06,12,住之江,一般,１　２４６　１６６４５,2024-07-19,2024-07-24,12,住之江,一般,２　１６６　４２１５５３,2024-04-11,2024-04-16,12,住之江,一般,２６転　４　４６６　４６,2022-09-14,2022-09-20,12,住之江,一般,４６５　６,2021-02-06,2021-02-11,12,住之江,一般,４　５３１４５　２　１５,3805,高橋 英之,2026-01-27,2026-02-01,12,住之江,一般,３　３４３　５１１５６４,2024-07-01,2024-07-05,12,住之江,一般,２５２　１１６３４２,2023-09-29,2023-10-03,12,住之江,一般,４４５２１　４　３１,2023-06-21,2023-06-26,12,住之江,一般,３　３６５　４２４　５,2021-08-22,2021-08-27,12,住之江,一般,６６１,3542,清水 紀克,2024-11-29,2024-12-03,12,住之江,一般,６　２６５　２　３５,2023-11-27,2023-12-02,12,住之江,一般,２４５　１　１４１１[６],2022-05-12,2022-05-17,12,住之江,ＧⅢ,５５４　１６５　５　６,2022-02-04,2022-02-09,12,住之江,一般,５　５１５　５２６２１４,2021-03-19,2021-03-24,12,住之江,一般,５２２　６　５３４　３６,3801,五反田 忍,2025-11-01,2025-11-06,12,住之江,一般,４６５　４６６１６　４,2025-02-27,2025-03-02,12,住之江,一般,１５６２６　２,2024-12-26,2024-12-29,12,住之江,一般,６２１６１５６３,2024-05-16,2024-05-21,12,住之江,一般,２１２　６　５２６　１５,2023-07-17,2023-07-22,12,住之江,一般,２欠,4899,占部 一真,2025-10-01,2025-10-06,12,住之江,一般,２５４　３３６　４　６６,2025-05-24,2025-05-28,12,住之江,一般,２３５　６６５　２２,2025-02-06,2025-02-11,12,住之江,一般,１１２　３　２５６２[２],2024-05-16,2024-05-21,12,住之江,一般,５　２１２　６５６　１６,2023-02-15,2023-02-20,12,住之江,一般,５　６６１２６　３　４
202607081209,2026-07-08,12,09R,4012,中村 有裕,2025-12-25,2025-12-30,12,住之江,一般,５　１２３　２４２４１４,2025-07-21,2025-07-26,12,住之江,ＧⅢ,２　１１３　２１４１[３],2025-03-09,2025-03-12,12,住之江,一般,５　３４５　５１,2024-07-10,2024-07-15,12,住之江,ＧⅢ,３　１６２　１５６３５４,2024-02-03,2024-02-08,12,住之江,一般,２５３　３２６２１　４１,5154,村松 栄太,2025-09-01,2025-09-05,12,住之江,一般,１　４４５　６２２,2025-03-15,2025-03-20,12,住之江,一般,２　４２５　２４１５６６,,,,,,,,,,,,,,,,,,,4557,松尾 光広,2025-07-21,2025-07-26,12,住之江,ＧⅢ,５　２５２　５６５　４６,2025-02-06,2025-02-11,12,住之江,一般,３　３１１４３　４２[４],2024-11-16,2024-11-22,12,住之江,一般,１　４３２　４２５　１５３５,2022-08-19,2022-08-23,12,住之江,一般,５５６６,2021-07-07,2021-07-13,12,住之江,一般,４５１　６　３５５６５　６,4028,田村 隆信,2025-03-31,2025-04-05,12,住之江,一般,２１１　１　４４４３３１,2024-11-01,2024-11-06,12,住之江,ＧⅠ,１　４６３　５　５１４１,2024-05-31,2024-06-05,12,住之江,ＧⅠ,５　６　転欠,2023-09-03,2023-09-08,12,住之江,ＧⅠ,５　４６６　３　６４５,2023-04-09,2023-04-14,12,住之江,一般,５３２２４　１２３２[３],5194,大久保 佑香,2025-09-01,2025-09-05,12,住之江,一般,６３５　４５１　５,2025-05-24,2025-05-28,12,住之江,一般,４６５　４５６　５４,2024-04-19,2024-04-24,12,住之江,一般,５１６　５４５　５　５２,2023-09-21,2023-09-26,12,住之江,一般,３　５　６５６３６３３,,,,,,,4639,雑賀 勇貴,2026-05-03,2026-05-08,12,住之江,一般,５　１６５　５２６　１４,2025-07-11,2025-07-16,12,住之江,一般,２　４４１　５４４２６,2025-05-02,2025-05-07,12,住之江,一般,５６２　２６６　３　３６,2024-12-26,2024-12-29,12,住之江,一般,１３２　４４５４,2024-10-18,2024-10-23,12,住之江,一般,４　欠５２１６　４５４２
202607081210,2026-07-08,12,10R,3587,武田 信一,2026-03-23,2026-03-27,12,住之江,一般,５６４　２　６　３３,2025-05-13,2025-05-18,12,住之江,一般,５　２６６　４６５　５,2024-12-07,2024-12-12,12,住之江,ＧⅢ,６　２３５　２５５２４,2024-04-27,2024-04-30,12,住之江,一般,２６５　２　６,2022-06-30,2022-07-05,12,住之江,ＧⅢ,２　４　１４６５３３４１,3841,佐々木 和伸,2024-10-10,2024-10-15,12,住之江,一般,２　３１１４２　４３３２,2024-02-15,2024-02-18,12,住之江,一般,５　６４１　５,2023-04-16,2023-04-19,12,住之江,一般,５　６１,2023-01-10,2023-01-14,12,住之江,一般,１６３　４１２６５３,2020-01-10,2020-01-15,12,住之江,一般,３１３２４　３２４３４６,3435,寺田 千恵,2023-03-19,2023-03-22,12,住之江,一般,６　５１２　２１,2022-12-26,2022-12-31,12,住之江,ＧⅠ,　　　　５　５　６　４,2022-06-17,2022-06-22,12,住之江,ＧⅢ,３　４３３１１３２２[５],2021-09-17,2021-09-22,12,住之江,一般,４４３１５　２４２４６４,2020-12-09,2020-12-14,12,住之江,ＧⅢ,４４１　１２３２１２[４],4084,杉山 正樹,2025-02-20,2025-02-24,12,住之江,一般,３４３　４３１６１２,2024-06-10,2024-06-16,12,住之江,一般,１４３１２　２　５１４１[５],2024-03-15,2024-03-20,12,住之江,一般,５４１　２３１３２３３１,2023-09-13,2023-09-16,12,住之江,一般,１４３　５５４１,2023-06-13,2023-06-18,12,住之江,一般,３　１３３１４　１２[３],3825,宮嵜 隆太郎,2025-12-25,2025-12-30,12,住之江,一般,１　６６４　５　４５６,2025-02-14,2025-02-17,12,住之江,一般,３６６　２　２１,2024-12-07,2024-12-12,12,住之江,ＧⅢ,５　５３６２４　３　２２,2024-11-29,2024-12-03,12,住之江,一般,１２４　６　２５３,2024-06-10,2024-06-16,12,住之江,一般,３５２　５６２６５　４２５,3905,天野 友和,2025-11-01,2025-11-06,12,住之江,一般,３２２　３２５　１５５５,2024-12-26,2024-12-29,12,住之江,一般,２５１　３３３２,2024-07-29,2024-08-04,12,住之江,一般,４　２５３６３　１３２　５６,2024-02-21,2024-02-26,12,住之江,一般,３４４　６３１　６１３,2023-12-08,2023-12-11,12,住之江,一般,１６３４３２３
202607081211,2026-07-08,12,11R,4983,前田 篤哉,2026-02-22,2026-02-28,12,住之江,一般,３４１４１　１３１　２３１１,2021-05-17,2021-05-22,12,住之江,一般,２２３　４４２１１２[５],2020-09-26,2020-10-01,12,住之江,一般,４　１４３５２３１　２１,2019-10-18,2019-10-23,12,住之江,一般,３６３　１１５４６　１６,2018-12-09,2018-12-13,12,住之江,一般,４２３　２２１３５３,3999,大瀧 明日香,2024-08-21,2024-08-26,12,住之江,一般,２　６２３４３　１６１４,2024-03-15,2024-03-20,12,住之江,一般,４　２１２６１４５４１２,2023-09-13,2023-09-16,12,住之江,一般,５１６１６　５,2023-05-28,2023-06-02,12,住之江,一般,１　５２３４転　５　１３,2023-04-01,2023-04-06,12,住之江,ＧⅢ,４　１６３１２１２２[５],4211,村田 敦,2026-03-04,2026-03-09,12,住之江,一般,４　２　６６６　２５５,2025-09-25,2025-09-28,12,住之江,一般,３　５３５５３,2025-06-02,2025-06-06,12,住之江,一般,３　３４１　１５２４,2024-10-18,2024-10-23,12,住之江,一般,１　５６２　３６６３４,2023-10-30,2023-11-04,12,住之江,一般,４６５　４３５　４６１,5181,森 智哉,2025-11-28,2025-12-03,12,住之江,一般,２４５　５６３　５　４,2023-06-21,2023-06-26,12,住之江,一般,４　６３転欠,2022-03-05,2022-03-10,12,住之江,一般,転　５６４　５４６　６,2021-06-24,2021-06-27,12,住之江,一般,５　５５５　６６,,,,,,,4730,土屋 実沙希,2025-06-25,2025-06-30,12,住之江,一般,４　５２１　５４２４２１,2024-04-19,2024-04-24,12,住之江,一般,２３１４２　４４２３１１,2023-03-19,2023-03-22,12,住之江,一般,６　１４５４６,2022-12-26,2022-12-31,12,住之江,ＧⅠ,４　６１５　１３５　２２,2022-10-11,2022-10-16,12,住之江,一般,２６４６１　２　１２２５,3740,大澤 普司,2025-07-29,2025-08-01,12,住之江,一般,３５５　３１２,2022-11-03,2022-11-08,12,住之江,ＧⅠ,４　３　２５６　２３５,2021-08-22,2021-08-27,12,住之江,一般,５５２　１１３１１６４４,2021-03-19,2021-03-24,12,住之江,一般,３１４　３２６　２６１５,2020-10-17,2020-10-21,12,住之江,一般,１　２４３５６２３
202607081212,2026-07-08,12,12R,3833,中辻 博訓,2023-12-28,2023-12-31,12,住之江,一般,４　４３２　２１,2023-02-06,2023-02-11,12,住之江,ＧⅠ,６２３　４５４　２６４,2022-08-27,2022-08-31,12,住之江,一般,４５１　１１２３２１,2022-06-30,2022-07-05,12,住之江,ＧⅢ,２５３３３　１１４６１１,2020-06-30,2020-07-05,12,住之江,ＧⅢ,５　２　３４１１６エ,3837,秋山 広一,2026-03-23,2026-03-27,12,住之江,一般,４　１１１４１１[２],2023-06-21,2023-06-26,12,住之江,一般,２　３１６４１１１３５１,2022-09-22,2022-09-25,12,住之江,一般,６５１　４１５,2022-01-29,2022-02-01,12,住之江,一般,５６６３３　４,2021-11-20,2021-11-25,12,住之江,一般,１５５　５４１　１６１４,4030,森高 一真,2026-04-03,2026-04-08,12,住之江,ＧⅠ,３　１　２２２２４　１２,2025-12-16,2025-12-21,12,住之江,ＳＧ,２３２　６　５　３１１,2025-02-14,2025-02-17,12,住之江,一般,F４４　１　２,2024-12-17,2024-12-22,12,住之江,ＳＧ,２　６２２１６　４　３３,2024-07-10,2024-07-15,12,住之江,ＧⅢ,３６１　１１３４２２[３],5004,河野 主樹,2026-05-03,2026-05-08,12,住之江,一般,２５５　１５５　６３２,2026-01-02,2026-01-07,12,住之江,一般,２　５４５５４　４　４４,2025-08-14,2025-08-19,12,住之江,一般,１　４１３　１５５１[６],2025-01-02,2025-01-07,12,住之江,一般,３６２　４２４　４２３３,2024-10-10,2024-10-15,12,住之江,一般,１４２　５１３　１１[２],4488,小山 勉,2025-10-01,2025-10-06,12,住之江,一般,５　４６１　６６６,2025-02-20,2025-02-24,12,住之江,一般,２　３１２６１４２５,2022-11-03,2022-11-08,12,住之江,ＧⅠ,５　２　５５１　１２５２,2022-01-29,2022-02-01,12,住之江,一般,１３１６２４４３,2021-09-17,2021-09-22,12,住之江,一般,２　３３４１３　１２[４],3918,深井 利寿,2025-10-24,2025-10-29,12,住之江,一般,２　２５２　１５２６２４,2025-06-14,2025-06-19,12,住之江,一般,３　４３２　２３４５３３,2024-07-10,2024-07-15,12,住之江,ＧⅢ,１　２４２４１　４４１３,2024-05-09,2024-05-13,12,住之江,一般,１　２４１１５５１６,2024-01-15,2024-01-18,12,住之江,一般,６　１１３　１１
202607081301,2026-07-08,13,01R,4438,森作 雄大,2025-02-23,2025-02-27,13,尼崎,一般,３２４　４４５　４４,2018-04-13,2018-04-18,13,尼崎,一般,５　１３６２４　１６１４,2017-11-03,2017-11-06,13,尼崎,一般,５　２６２６３,2016-10-23,2016-10-28,13,尼崎,一般,２５１　４４２　２４６４,2014-09-23,2014-09-28,13,尼崎,一般,２　６４３　１４４　４２,5326,三嶌 さらら,2025-12-07,2025-12-12,13,尼崎,一般,６　４４２　６６６　４６,2024-12-11,2024-12-16,13,尼崎,一般,５　３６２　３５５　６６,2024-01-29,2024-02-02,13,尼崎,一般,６　５６６　６　５６,,,,,,,,,,,,,3489,大場 敏,2025-07-09,2025-07-14,13,尼崎,ＧⅢ,２６１　５３６　３３５３,2022-09-26,2022-10-01,13,尼崎,ＧⅠ,４　４　６６６　６３６４,2022-01-20,2022-01-26,13,尼崎,一般,１２５２３３２１３５１４,2021-11-27,2021-12-02,13,尼崎,ＧⅢ,４２２１３　３１６１[４],2020-08-29,2020-09-02,13,尼崎,一般,３６２１４４２６５５,4016,西川 新太郎,2026-01-29,2026-02-03,13,尼崎,一般,５４１　６欠,2025-04-18,2025-04-23,13,尼崎,ＧⅢ,６　１落,2024-09-27,2024-10-02,13,尼崎,一般,２　５４１　１５６３[４],2023-07-30,2023-08-04,13,尼崎,一般,５１５　５５不　２　４２,2022-06-11,2022-06-15,13,尼崎,一般,４　１５４５３　２,3730,塩崎 優司,2026-02-25,2026-02-28,13,尼崎,一般,１　６１３３５２,2025-04-02,2025-04-06,13,尼崎,一般,４６２　１　１４１６,2024-11-19,2024-11-24,13,尼崎,一般,３３５　４４６　４　４,2024-08-24,2024-08-28,13,尼崎,一般,２　４４４４１　２５,2024-02-18,2024-02-22,13,尼崎,一般,５　５１３２２,4902,山川 雄大,2026-01-29,2026-02-03,13,尼崎,一般,１１５　６４４　４３６１,2026-01-04,2026-01-09,13,尼崎,一般,６６３　１３２　３１３２,2025-07-24,2025-07-29,13,尼崎,一般,５　５６３　６６６,2025-06-11,2025-06-15,13,尼崎,一般,１５５　５４１　３３,2025-03-12,2025-03-16,13,尼崎,一般,６２２　６６３　５５
202607081302,2026-07-08,13,02R,4892,柴田 直哉,2026-03-02,2026-03-05,13,尼崎,一般,６２４　５６４５,2024-11-26,2024-12-01,13,尼崎,ＧⅢ,１２６　３６６　１１２３,2024-08-24,2024-08-28,13,尼崎,一般,１２３　４４３５４６,2023-06-16,2023-06-20,13,尼崎,一般,２４２２４　１５１３,2021-01-21,2021-01-26,13,尼崎,一般,４５３　５６５　４５６,3870,寺嶋 雄,2025-12-02,2025-12-05,13,尼崎,一般,４２５　４１４６,2024-04-23,2024-04-28,13,尼崎,一般,６５３　３３４　５５２,2024-02-25,2024-02-29,13,尼崎,一般,４３４　１４４６６４,2023-12-25,2023-12-30,13,尼崎,一般,４　４３４　６５３２５３,2022-02-25,2022-03-02,13,尼崎,一般,３６５　４５３　６３４,4778,堤 啓輔,2026-02-25,2026-02-28,13,尼崎,一般,１２１　３６１１,2024-12-04,2024-12-07,13,尼崎,一般,２　３１２３[４],2023-02-16,2023-02-21,13,尼崎,一般,３２４　５３１　４６４２,2022-03-20,2022-03-23,13,尼崎,一般,２４３　６３６６,2019-10-29,2019-11-03,13,尼崎,一般,１　１５３　３２４２[４],4835,橋本 明,2026-03-22,2026-03-25,13,尼崎,一般,４６６　１３２,2022-10-28,2022-11-02,13,尼崎,ＧⅢ,４　６３３　２６４６４,2022-08-17,2022-08-21,13,尼崎,一般,２　１２３３４３２１,2022-06-18,2022-06-22,13,尼崎,一般,５　２２４　３５５２,2020-04-25,2020-04-30,13,尼崎,一般,６　２４３２６５４　５４,4664,東口 晃,2020-12-25,2020-12-30,13,尼崎,一般,４　４４５　５６５４４,2019-12-25,2019-12-30,13,尼崎,一般,３　３３５　１６２　２５,2017-07-26,2017-07-31,13,尼崎,一般,４　４３１　５３６６３５,2017-03-04,2017-03-07,13,尼崎,一般,６　６３６　５６,2013-05-17,2013-05-22,13,尼崎,一般,４　５５３　４５４　４５,5456,今村 天次朗,2026-05-04,2026-05-09,13,尼崎,一般,６　４　転６４　６４欠,,,,,,,,,,,,,,,,,,,,,,,,
202607081303,2026-07-08,13,03R,4007,榮田 将彦,2025-05-18,2025-05-22,13,尼崎,一般,１１４　６２転３,2024-11-26,2024-12-01,13,尼崎,ＧⅢ,６　２６４　６２２　４３,2019-01-11,2019-01-15,13,尼崎,一般,５３４　６３５　３５,2018-01-27,2018-02-01,13,尼崎,一般,２　５４１　５２６３１３,2016-11-03,2016-11-06,13,尼崎,一般,３　２２３５２４,4998,中村 かなえ,2026-03-27,2026-03-31,13,尼崎,一般,２　６　６３１５３４,2022-04-10,2022-04-15,13,尼崎,一般,１６２　１２２２２１[５],2022-03-06,2022-03-11,13,尼崎,ＧⅢ,５４１　１３６３３１４,2021-04-24,2021-04-29,13,尼崎,一般,６　５５６　１６２　５３,2020-04-17,2020-04-22,13,尼崎,一般,４　１　６５１　３６６５,4894,原村 拓也,2025-04-25,2025-04-30,13,尼崎,一般,３　１５６　６２２４４,2024-07-05,2024-07-10,13,尼崎,一般,５５６　５　１　２４４５,2023-01-21,2023-01-25,13,尼崎,一般,６　５５６　１６４,2022-05-20,2022-05-25,13,尼崎,一般,５６３　６　６　６　４,2022-02-19,2022-02-23,13,尼崎,一般,６１６　５３３　５２,4055,吉田 俊彦,2026-05-04,2026-05-09,13,尼崎,一般,４２１　３２３　２　[４],2026-03-14,2026-03-19,13,尼崎,ＧⅠ,５　３４４　１４４６５,2026-01-04,2026-01-09,13,尼崎,一般,４１４３６　１　３　２４,2025-08-09,2025-08-14,13,尼崎,一般,３２１　２　２３４　１２,2025-06-17,2025-06-22,13,尼崎,一般,１１２３５３２　４４３４,3831,安藤 裕貴,2025-06-11,2025-06-15,13,尼崎,一般,５　６５４　２６３２,2025-04-08,2025-04-11,13,尼崎,一般,１３４　１　[６],2021-07-15,2021-07-18,13,尼崎,一般,５２５　２５５１,2020-08-01,2020-08-05,13,尼崎,一般,３２２　２５４６１６,2020-02-29,2020-03-06,13,尼崎,一般,１５６　２５５　６５５　１３,4906,鈴木 雅希,2025-05-10,2025-05-15,13,尼崎,一般,６　３２４　２２４３３１,2021-10-30,2021-11-04,13,尼崎,一般,５６１　２６,2021-03-17,2021-03-22,13,尼崎,ＧⅢ,３　１４５２４５２５１４,2019-10-29,2019-11-03,13,尼崎,一般,６５６　５　６　２５５,,,,,,
202607081304,2026-07-08,13,04R,4298,宮下 元胤,2023-07-13,2023-07-18,13,尼崎,一般,３　１エ,2020-06-16,2020-06-21,13,尼崎,一般,３４６　２１６　３３３,2018-04-13,2018-04-18,13,尼崎,一般,４転,2018-01-27,2018-02-01,13,尼崎,一般,２２４　５５５　１６４,2016-08-03,2016-08-07,13,尼崎,一般,３２２　１５４　５５,5105,富田 恕生,2025-04-02,2025-04-06,13,尼崎,一般,６　１５６　２５４,2021-10-30,2021-11-04,13,尼崎,一般,５　６４６　５２５　転６,,,,,,,,,,,,,,,,,,,3577,向所 浩二,2026-05-04,2026-05-09,13,尼崎,一般,２５５　１　４５１４３３,2026-02-25,2026-02-28,13,尼崎,一般,６５１　４６１５,2024-01-21,2024-01-26,13,尼崎,ＧⅢ,１　６１３　６４１４１３,2023-12-25,2023-12-30,13,尼崎,一般,５１６　２４４２３５１２,2023-08-09,2023-08-14,13,尼崎,一般,６　１２２５３４３５４３,4759,今泉 友吾,2025-05-24,2025-05-29,13,尼崎,一般,３２２２１　４２１２[３],2024-11-26,2024-12-01,13,尼崎,ＧⅢ,２６６　１１５２１５１５,2019-10-29,2019-11-03,13,尼崎,一般,２３２１５２１３５５１３,2017-12-14,2017-12-18,13,尼崎,一般,３１２４２４１３３４,2017-07-26,2017-07-31,13,尼崎,一般,２６２エ,4068,幸田 智裕,2025-07-02,2025-07-06,13,尼崎,一般,１３２　４５２４４４,2024-12-11,2024-12-16,13,尼崎,一般,３３５　２５６３３　１５,2023-03-07,2023-03-11,13,尼崎,一般,３３５　２１４４５５,2021-04-17,2021-04-21,13,尼崎,一般,２　５４３　５４４,2020-12-13,2020-12-18,13,尼崎,一般,３１４　１３１５２４２２,3401,上田 隆章,2025-01-20,2025-01-25,13,尼崎,一般,６６５　２６３　５６落,2023-05-27,2023-06-01,13,尼崎,一般,６６６　６５６,2023-01-21,2023-01-25,13,尼崎,一般,２　５５５５３　５３,2022-05-20,2022-05-25,13,尼崎,一般,２　２５１６３３３２[４],2021-11-27,2021-12-02,13,尼崎,ＧⅢ,４３２　３４１　１４４４
202607081305,2026-07-08,13,05R,4387,平山 智加,2026-03-08,2026-03-11,13,尼崎,一般,２５３３１５１５,2024-10-26,2024-10-31,13,尼崎,一般,４４２１２２１２１１[２],2022-12-07,2022-12-12,13,尼崎,一般,１１４３１３１１３２[５],2022-07-19,2022-07-24,13,尼崎,ＳＧ,２　２　５２１　４　２５,2020-07-14,2020-07-19,13,尼崎,ＧⅡ,６　６１６　３６４３２４,4764,小池 礼乃,2022-01-29,2022-02-03,13,尼崎,一般,１　１３５　２３１６５５,2021-07-07,2021-07-12,13,尼崎,一般,４３４４５　２４５２１,2018-08-17,2018-08-22,13,尼崎,ＧⅢ,４５１　１３１３４３３１,2018-07-07,2018-07-13,13,尼崎,一般,　　２３６　１４２３２４,2018-02-04,2018-02-09,13,尼崎,一般,５　５６３　４　２　１４,5264,登 みひ果,2026-05-31,2026-06-05,13,尼崎,一般,３　４１２　４３５１[５],2026-04-25,2026-04-30,13,尼崎,一般,２　３６５　４２４５５１,2026-02-10,2026-02-15,13,尼崎,一般,５　４３１　５３３２３３,2026-01-04,2026-01-09,13,尼崎,一般,３６３　４　３４２５２,2025-12-07,2025-12-12,13,尼崎,一般,５　３２２　１３３３３４,4569,中澤 宏奈,2026-05-15,2026-05-18,13,尼崎,一般,５,2024-09-10,2024-09-14,13,尼崎,一般,４６１　３５６,2024-01-13,2024-01-17,13,尼崎,一般,２　２３１４５４２５,2023-12-13,2023-12-18,13,尼崎,一般,２２１　６５２４５５２６,2022-12-07,2022-12-12,13,尼崎,一般,５　５２１　６２５　３６,5326,三嶌 さらら,2025-12-07,2025-12-12,13,尼崎,一般,６　４４２　６６６　４６,2024-12-11,2024-12-16,13,尼崎,一般,５　３６２　３５５　６６,2024-01-29,2024-02-02,13,尼崎,一般,６　５６６　６　５６,,,,,,,,,,,,,5418,堀内 亜海,2025-08-16,2025-08-19,13,尼崎,一般,６　落６６６６,2025-06-17,2025-06-22,13,尼崎,一般,６　６　６６６６６　６,,,,,,,,,,,,,,,,,,
202607081306,2026-07-08,13,06R,3158,島川 光男,2025-07-09,2025-07-14,13,尼崎,ＧⅢ,１　３５４５４　６２１４,2025-04-08,2025-04-11,13,尼崎,一般,２５５６１５２,2025-01-06,2025-01-10,13,尼崎,一般,５６２１５６３２１４,2024-07-29,2024-08-02,13,尼崎,一般,１１２１５５２１[１],2023-11-10,2023-11-15,13,尼崎,一般,２２３２６　１４１３１４,3730,塩崎 優司,2026-02-25,2026-02-28,13,尼崎,一般,１　６１３３５２,2025-04-02,2025-04-06,13,尼崎,一般,４６２　１　１４１６,2024-11-19,2024-11-24,13,尼崎,一般,３３５　４４６　４　４,2024-08-24,2024-08-28,13,尼崎,一般,２　４４４４１　２５,2024-02-18,2024-02-22,13,尼崎,一般,５　５１３２２,3998,冨成 謙児,2026-03-08,2026-03-11,13,尼崎,一般,４５３　４２２４,2024-12-11,2024-12-16,13,尼崎,一般,４４６　３４２　５４２,2024-02-25,2024-02-29,13,尼崎,一般,４５１　２１１３１６,2019-06-21,2019-06-26,13,尼崎,ＧⅢ,１　６　３２６　５４６６,2018-10-19,2018-10-24,13,尼崎,一般,６　４１４　４３４４４５,4927,関野 文,2026-02-25,2026-02-28,13,尼崎,一般,３　３２６２４５,2026-02-10,2026-02-15,13,尼崎,一般,４４５４５３５　３　１６,2025-05-03,2025-05-08,13,尼崎,一般,６４５　１５２　１５３４,2024-01-04,2024-01-09,13,尼崎,ＧⅢ,１２２３１２２　１２[２],2022-12-07,2022-12-12,13,尼崎,一般,６４３　２６６　６　２４,3870,寺嶋 雄,2025-12-02,2025-12-05,13,尼崎,一般,４２５　４１４６,2024-04-23,2024-04-28,13,尼崎,一般,６５３　３３４　５５２,2024-02-25,2024-02-29,13,尼崎,一般,４３４　１４４６６４,2023-12-25,2023-12-30,13,尼崎,一般,４　４３４　６５３２５３,2022-02-25,2022-03-02,13,尼崎,一般,３６５　４５３　６３４,5046,松山 裕基,2026-03-22,2026-03-25,13,尼崎,一般,６　４４５　５２,2025-07-02,2025-07-06,13,尼崎,一般,２　４６２　５４５５,2025-01-13,2025-01-16,13,尼崎,一般,６　１３２４２４,2024-04-23,2024-04-28,13,尼崎,一般,４５３　３６５　４２５４,2023-09-28,2023-10-03,13,尼崎,一般,２　５３３　３３３３転５
202607081307,2026-07-08,13,07R,4834,浜本 裕己,2025-06-17,2025-06-22,13,尼崎,一般,３２３　１５３　１２[４],2025-04-08,2025-04-11,13,尼崎,一般,５　１６４　１５,2024-07-05,2024-07-10,13,尼崎,一般,２　１６４５５５５　５６,2023-06-08,2023-06-12,13,尼崎,一般,１２５　３５２　３６,2023-03-07,2023-03-11,13,尼崎,一般,４　２１４　３６１４,3710,吉永 泰弘,2024-09-04,2024-09-08,13,尼崎,一般,３５４　１４３４４３,2023-07-22,2023-07-26,13,尼崎,一般,１４６４６　２６２３,2022-06-18,2022-06-22,13,尼崎,一般,５２２　３　３５３４,2021-10-23,2021-10-28,13,尼崎,一般,３　６２３４１　４４２５,2021-04-10,2021-04-14,13,尼崎,一般,５　３１５３６　５２,4016,西川 新太郎,2026-01-29,2026-02-03,13,尼崎,一般,５４１　６欠,2025-04-18,2025-04-23,13,尼崎,ＧⅢ,６　１落,2024-09-27,2024-10-02,13,尼崎,一般,２　５４１　１５６３[４],2023-07-30,2023-08-04,13,尼崎,一般,５１５　５５不　２　４２,2022-06-11,2022-06-15,13,尼崎,一般,４　１５４５３　２,4778,堤 啓輔,2026-02-25,2026-02-28,13,尼崎,一般,１２１　３６１１,2024-12-04,2024-12-07,13,尼崎,一般,２　３１２３[４],2023-02-16,2023-02-21,13,尼崎,一般,３２４　５３１　４６４２,2022-03-20,2022-03-23,13,尼崎,一般,２４３　６３６６,2019-10-29,2019-11-03,13,尼崎,一般,１　１５３　３２４２[４],4998,中村 かなえ,2026-03-27,2026-03-31,13,尼崎,一般,２　６　６３１５３４,2022-04-10,2022-04-15,13,尼崎,一般,１６２　１２２２２１[５],2022-03-06,2022-03-11,13,尼崎,ＧⅢ,５４１　１３６３３１４,2021-04-24,2021-04-29,13,尼崎,一般,６　５５６　１６２　５３,2020-04-17,2020-04-22,13,尼崎,一般,４　１　６５１　３６６５,4560,庄司 樹良々,2025-12-24,2025-12-30,13,尼崎,一般,１４１　２２２１６１２２[３],2025-07-24,2025-07-29,13,尼崎,一般,６　３３２F４　５　４,2024-07-14,2024-07-18,13,尼崎,一般,１５５　３　３４１,2021-07-15,2021-07-18,13,尼崎,一般,５３１　３６１３,2019-01-18,2019-01-23,13,尼崎,一般,２４３　４６５　１４４１
202607081308,2026-07-08,13,08R,4902,山川 雄大,2026-01-29,2026-02-03,13,尼崎,一般,１１５　６４４　４３６１,2026-01-04,2026-01-09,13,尼崎,一般,６６３　１３２　３１３２,2025-07-24,2025-07-29,13,尼崎,一般,５　５６３　６６６,2025-06-11,2025-06-15,13,尼崎,一般,１５５　５４１　３３,2025-03-12,2025-03-16,13,尼崎,一般,６２２　６６３　５５,4664,東口 晃,2020-12-25,2020-12-30,13,尼崎,一般,４　４４５　５６５４４,2019-12-25,2019-12-30,13,尼崎,一般,３　３３５　１６２　２５,2017-07-26,2017-07-31,13,尼崎,一般,４　４３１　５３６６３５,2017-03-04,2017-03-07,13,尼崎,一般,６　６３６　５６,2013-05-17,2013-05-22,13,尼崎,一般,４　５５３　４５４　４５,3401,上田 隆章,2025-01-20,2025-01-25,13,尼崎,一般,６６５　２６３　５６落,2023-05-27,2023-06-01,13,尼崎,一般,６６６　６５６,2023-01-21,2023-01-25,13,尼崎,一般,２　５５５５３　５３,2022-05-20,2022-05-25,13,尼崎,一般,２　２５１６３３３２[４],2021-11-27,2021-12-02,13,尼崎,ＧⅢ,４３２　３４１　１４４４,4184,渡邊 雄一郎,2026-01-29,2026-02-03,13,尼崎,一般,１２２１１　３１３５２４,2025-07-24,2025-07-29,13,尼崎,一般,２５３　３１３２３５５３,2025-04-18,2025-04-23,13,尼崎,ＧⅢ,１６６　１１２３６３２３,2024-06-06,2024-06-10,13,尼崎,一般,３１３４１１１２[３],2024-02-09,2024-02-14,13,尼崎,ＧⅠ,１　６６６　４４３３５,4060,島田 一生,2019-07-27,2019-08-02,13,尼崎,一般,１１３　５４４２１３６３[３],2018-06-15,2018-06-21,13,尼崎,ＧⅢ,４　４６６４,2016-10-23,2016-10-28,13,尼崎,一般,６５２　６６２　３２３,2015-08-18,2015-08-23,13,尼崎,一般,１　３６６　５１１　５６,2013-09-18,2013-09-23,13,尼崎,一般,３５６　３５１　６　２５,4748,渡邉 雄朗,2024-05-16,2024-05-21,13,尼崎,一般,４　６３１　２１２３１２,2022-08-17,2022-08-21,13,尼崎,一般,３５５欠,2022-06-18,2022-06-22,13,尼崎,一般,６４３　６　５３２,2020-11-18,2020-11-23,13,尼崎,一般,１１１２６４１　１１[６],2020-10-31,2020-11-04,13,尼崎,一般,３１２　２１６１[４]
202607081309,2026-07-08,13,09R,4906,鈴木 雅希,2025-05-10,2025-05-15,13,尼崎,一般,６　３２４　２２４３３１,2021-10-30,2021-11-04,13,尼崎,一般,５６１　２６,2021-03-17,2021-03-22,13,尼崎,ＧⅢ,３　１４５２４５２５１４,2019-10-29,2019-11-03,13,尼崎,一般,６５６　５　６　２５５,,,,,,,4835,橋本 明,2026-03-22,2026-03-25,13,尼崎,一般,４６６　１３２,2022-10-28,2022-11-02,13,尼崎,ＧⅢ,４　６３３　２６４６４,2022-08-17,2022-08-21,13,尼崎,一般,２　１２３３４３２１,2022-06-18,2022-06-22,13,尼崎,一般,５　２２４　３５５２,2020-04-25,2020-04-30,13,尼崎,一般,６　２４３２６５４　５４,4569,中澤 宏奈,2026-05-15,2026-05-18,13,尼崎,一般,５,2024-09-10,2024-09-14,13,尼崎,一般,４６１　３５６,2024-01-13,2024-01-17,13,尼崎,一般,２　２３１４５４２５,2023-12-13,2023-12-18,13,尼崎,一般,２２１　６５２４５５２６,2022-12-07,2022-12-12,13,尼崎,一般,５　５２１　６２５　３６,4894,原村 拓也,2025-04-25,2025-04-30,13,尼崎,一般,３　１５６　６２２４４,2024-07-05,2024-07-10,13,尼崎,一般,５５６　５　１　２４４５,2023-01-21,2023-01-25,13,尼崎,一般,６　５５６　１６４,2022-05-20,2022-05-25,13,尼崎,一般,５６３　６　６　６　４,2022-02-19,2022-02-23,13,尼崎,一般,６１６　５３３　５２,3577,向所 浩二,2026-05-04,2026-05-09,13,尼崎,一般,２５５　１　４５１４３３,2026-02-25,2026-02-28,13,尼崎,一般,６５１　４６１５,2024-01-21,2024-01-26,13,尼崎,ＧⅢ,１　６１３　６４１４１３,2023-12-25,2023-12-30,13,尼崎,一般,５１６　２４４２３５１２,2023-08-09,2023-08-14,13,尼崎,一般,６　１２２５３４３５４３,5105,富田 恕生,2025-04-02,2025-04-06,13,尼崎,一般,６　１５６　２５４,2021-10-30,2021-11-04,13,尼崎,一般,５　６４６　５２５　転６,,,,,,,,,,,,,,,,,,
202607081310,2026-07-08,13,10R,4068,幸田 智裕,2025-07-02,2025-07-06,13,尼崎,一般,１３２　４５２４４４,2024-12-11,2024-12-16,13,尼崎,一般,３３５　２５６３３　１５,2023-03-07,2023-03-11,13,尼崎,一般,３３５　２１４４５５,2021-04-17,2021-04-21,13,尼崎,一般,２　５４３　５４４,2020-12-13,2020-12-18,13,尼崎,一般,３１４　１３１５２４２２,4759,今泉 友吾,2025-05-24,2025-05-29,13,尼崎,一般,３２２２１　４２１２[３],2024-11-26,2024-12-01,13,尼崎,ＧⅢ,２６６　１１５２１５１５,2019-10-29,2019-11-03,13,尼崎,一般,２３２１５２１３５５１３,2017-12-14,2017-12-18,13,尼崎,一般,３１２４２４１３３４,2017-07-26,2017-07-31,13,尼崎,一般,２６２エ,4055,吉田 俊彦,2026-05-04,2026-05-09,13,尼崎,一般,４２１　３２３　２　[４],2026-03-14,2026-03-19,13,尼崎,ＧⅠ,５　３４４　１４４６５,2026-01-04,2026-01-09,13,尼崎,一般,４１４３６　１　３　２４,2025-08-09,2025-08-14,13,尼崎,一般,３２１　２　２３４　１２,2025-06-17,2025-06-22,13,尼崎,一般,１１２３５３２　４４３４,3158,島川 光男,2025-07-09,2025-07-14,13,尼崎,ＧⅢ,１　３５４５４　６２１４,2025-04-08,2025-04-11,13,尼崎,一般,２５５６１５２,2025-01-06,2025-01-10,13,尼崎,一般,５６２１５６３２１４,2024-07-29,2024-08-02,13,尼崎,一般,１１２１５５２１[１],2023-11-10,2023-11-15,13,尼崎,一般,２２３２６　１４１３１４,4387,平山 智加,2026-03-08,2026-03-11,13,尼崎,一般,２５３３１５１５,2024-10-26,2024-10-31,13,尼崎,一般,４４２１２２１２１１[２],2022-12-07,2022-12-12,13,尼崎,一般,１１４３１３１１３２[５],2022-07-19,2022-07-24,13,尼崎,ＳＧ,２　２　５２１　４　２５,2020-07-14,2020-07-19,13,尼崎,ＧⅡ,６　６１６　３６４３２４,4764,小池 礼乃,2022-01-29,2022-02-03,13,尼崎,一般,１　１３５　２３１６５５,2021-07-07,2021-07-12,13,尼崎,一般,４３４４５　２４５２１,2018-08-17,2018-08-22,13,尼崎,ＧⅢ,４５１　１３１３４３３１,2018-07-07,2018-07-13,13,尼崎,一般,　　２３６　１４２３２４,2018-02-04,2018-02-09,13,尼崎,一般,５　５６３　４　２　１４
202607081311,2026-07-08,13,11R,4927,関野 文,2026-02-25,2026-02-28,13,尼崎,一般,３　３２６２４５,2026-02-10,2026-02-15,13,尼崎,一般,４４５４５３５　３　１６,2025-05-03,2025-05-08,13,尼崎,一般,６４５　１５２　１５３４,2024-01-04,2024-01-09,13,尼崎,ＧⅢ,１２２３１２２　１２[２],2022-12-07,2022-12-12,13,尼崎,一般,６４３　２６６　６　２４,4298,宮下 元胤,2023-07-13,2023-07-18,13,尼崎,一般,３　１エ,2020-06-16,2020-06-21,13,尼崎,一般,３４６　２１６　３３３,2018-04-13,2018-04-18,13,尼崎,一般,４転,2018-01-27,2018-02-01,13,尼崎,一般,２２４　５５５　１６４,2016-08-03,2016-08-07,13,尼崎,一般,３２２　１５４　５５,4834,浜本 裕己,2025-06-17,2025-06-22,13,尼崎,一般,３２３　１５３　１２[４],2025-04-08,2025-04-11,13,尼崎,一般,５　１６４　１５,2024-07-05,2024-07-10,13,尼崎,一般,２　１６４５５５５　５６,2023-06-08,2023-06-12,13,尼崎,一般,１２５　３５２　３６,2023-03-07,2023-03-11,13,尼崎,一般,４　２１４　３６１４,3489,大場 敏,2025-07-09,2025-07-14,13,尼崎,ＧⅢ,２６１　５３６　３３５３,2022-09-26,2022-10-01,13,尼崎,ＧⅠ,４　４　６６６　６３６４,2022-01-20,2022-01-26,13,尼崎,一般,１２５２３３２１３５１４,2021-11-27,2021-12-02,13,尼崎,ＧⅢ,４２２１３　３１６１[４],2020-08-29,2020-09-02,13,尼崎,一般,３６２１４４２６５５,4892,柴田 直哉,2026-03-02,2026-03-05,13,尼崎,一般,６２４　５６４５,2024-11-26,2024-12-01,13,尼崎,ＧⅢ,１２６　３６６　１１２３,2024-08-24,2024-08-28,13,尼崎,一般,１２３　４４３５４６,2023-06-16,2023-06-20,13,尼崎,一般,２４２２４　１５１３,2021-01-21,2021-01-26,13,尼崎,一般,４５３　５６５　４５６,4007,榮田 将彦,2025-05-18,2025-05-22,13,尼崎,一般,１１４　６２転３,2024-11-26,2024-12-01,13,尼崎,ＧⅢ,６　２６４　６２２　４３,2019-01-11,2019-01-15,13,尼崎,一般,５３４　６３５　３５,2018-01-27,2018-02-01,13,尼崎,一般,２　５４１　５２６３１３,2016-11-03,2016-11-06,13,尼崎,一般,３　２２３５２４
202607081312,2026-07-08,13,12R,3415,松井 繁,2026-03-14,2026-03-19,13,尼崎,ＧⅠ,５２２　１　３６５　１４,2025-03-03,2025-03-08,13,尼崎,ＧⅠ,３３２　６２４　５　２３,2024-11-10,2024-11-15,13,尼崎,ＧⅠ,４５６　３２,2024-06-25,2024-06-30,13,尼崎,ＳＧ,３　４５１　１　４　６６,2024-03-04,2024-03-09,13,尼崎,ＧⅠ,５　４５３　３１３１３４,4545,岡村 慶太,2024-11-10,2024-11-15,13,尼崎,ＧⅠ,１６２　３　５６４５６,2024-03-04,2024-03-09,13,尼崎,ＧⅠ,５　２６６　４６６　６,2023-06-08,2023-06-12,13,尼崎,一般,２６５４２１１４２４,2022-12-15,2022-12-18,13,尼崎,一般,４３２５１４６欠,2020-08-01,2020-08-05,13,尼崎,一般,２２６３３１１３１１,3576,白水 勝也,2022-11-12,2022-11-16,13,尼崎,一般,３３２６５１１３[３],2022-09-19,2022-09-24,13,尼崎,一般,１２３１３４１５４２,2022-08-27,2022-08-31,13,尼崎,一般,１６５２２３４１４３,2022-03-20,2022-03-23,13,尼崎,一般,２１３６１５１２,2021-07-15,2021-07-18,13,尼崎,一般,１２３２２２[３],4324,海野 康志郎,2026-03-14,2026-03-19,13,尼崎,ＧⅠ,４４６　４１１　３５３６,2024-08-24,2024-08-28,13,尼崎,一般,３５３１２２２４１２,2022-01-11,2022-01-16,13,尼崎,ＧⅠ,１　６　５４６　６３２,2019-04-19,2019-04-24,13,尼崎,一般,５５２１３２１５３３１１,2018-07-24,2018-07-29,13,尼崎,ＧⅠ,１　３１６　５６５３１,4372,原田 佑実,2025-03-18,2025-03-23,13,尼崎,ＧⅢ,４　６４３２６５３　２３,2022-11-24,2022-11-29,13,尼崎,一般,２４１　６５３５５６２６,2022-09-09,2022-09-14,13,尼崎,一般,５１１４２４１　５転,2021-07-07,2021-07-12,13,尼崎,一般,１２４２４５１　３５１３,2020-11-28,2020-12-03,13,尼崎,一般,３６２　２５４５５５１１,4015,前野 竜一,2024-11-26,2024-12-01,13,尼崎,ＧⅢ,４１４５１　２４６５１４,2024-03-20,2024-03-23,13,尼崎,一般,５３５　４４５４,2022-11-12,2022-11-16,13,尼崎,一般,４４１４２５３３５５,2018-05-16,2018-05-19,13,尼崎,一般,１６４３４２[５],2017-05-28,2017-06-02,13,尼崎,一般,６４２１転５３４１　２２
202607081801,2026-07-08,18,01R,4644,山田 亮太,2026-02-04,2026-02-09,18,徳山,一般,３４２６１　２２１２[５],2024-07-06,2024-07-12,18,徳山,一般,３　３２３５４　４４３５２２,2023-08-29,2023-09-03,18,徳山,一般,１４１　２５３１４５２６,2023-06-29,2023-07-05,18,徳山,一般,１３１４４４１　５１３１[５],2022-01-14,2022-01-19,18,徳山,一般,３　１３３５３　４２[５],2538,高橋 二朗,2026-01-17,2026-01-21,18,徳山,一般,４　６３５　転６,2025-06-30,2025-07-05,18,徳山,一般,６　６５６　４５４　５６,2019-03-26,2019-03-31,18,徳山,一般,５３５　４　５４５　３,2017-03-25,2017-03-31,18,徳山,一般,３　５転１　３５２　３２５,2016-05-12,2016-05-15,18,徳山,一般,３５４　２４４５,3714,梶原 正,2025-12-24,2025-12-29,18,徳山,一般,５　６１４　６５６４３,2025-05-31,2025-06-04,18,徳山,一般,３　５４１　５　２４,2024-08-22,2024-08-27,18,徳山,一般,５６６　２１５　６２５４,2024-06-10,2024-06-14,18,徳山,一般,２　５２６１５６１６,2023-03-14,2023-03-19,18,徳山,一般,２６２　４６５６５　２３,5307,富永 夏哉人,2025-01-28,2025-02-02,18,徳山,一般,５５５　１　５６４　４４,2024-02-01,2024-02-07,18,徳山,一般,５　５５６６６　６　５６１,,,,,,,,,,,,,,,,,,,5468,,,,,,,,,,,,,,,,,,,,,,,,,,,,,,,,3745,橋本 年光,2025-11-04,2025-11-09,18,徳山,一般,２４３　３４１５１４３１,2025-03-09,2025-03-15,18,徳山,一般,１　２４３１５２２２４３[６],2024-11-13,2024-11-18,18,徳山,一般,２４１５３２５　４５１３,2024-06-10,2024-06-14,18,徳山,一般,１　３５１５５２[３],2024-02-01,2024-02-07,18,徳山,一般,６　２６４５２５４　２３１３
202607081802,2026-07-08,18,02R,4058,野末 智一,2025-06-09,2025-06-13,18,徳山,一般,３　２１３３２５４４,2024-06-10,2024-06-14,18,徳山,一般,４４２　６３３　４２,2023-09-07,2023-09-11,18,徳山,一般,６４２　転１５　２１,2022-11-15,2022-11-20,18,徳山,一般,５　２６４１３５４　３２,2020-01-23,2020-01-28,18,徳山,一般,２１１５４３４　２３２１,5114,小林 孝彰,2025-08-01,2025-08-06,18,徳山,一般,２１６４３　６３１３４２,2025-02-25,2025-03-03,18,徳山,一般,４６２　３４３６３　４,2024-11-06,2024-11-10,18,徳山,一般,５４２　３３４　５３,2023-10-09,2023-10-14,18,徳山,一般,１３４　６４５　２２４,2023-07-30,2023-08-05,18,徳山,一般,４　２６６１６　３　５２２,3477,近藤 稔也,2023-03-26,2023-03-31,18,徳山,一般,５　６３４　６６５５５,2023-01-31,2023-02-05,18,徳山,一般,１４５　４３３　２２２６,2021-04-16,2021-04-20,18,徳山,一般,５６６,2020-12-27,2021-01-01,18,徳山,一般,４３６　２２６　６３５,2020-03-20,2020-03-23,18,徳山,一般,６３４　５６５,4413,水摩 敦,2026-01-25,2026-01-30,18,徳山,一般,１５３３６　４３１２４４,2023-03-26,2023-03-31,18,徳山,一般,１３２　５１１２２１[５],2022-12-07,2022-12-12,18,徳山,一般,１　５２３４１１３１[３],2022-10-03,2022-10-08,18,徳山,一般,１３３３１　５３４４１２,2022-08-17,2022-08-21,18,徳山,一般,３３５３２２１４１４,4619,伏田 裕隆,2023-06-03,2023-06-08,18,徳山,一般,５５６　５　６６６２６,2023-04-07,2023-04-11,18,徳山,一般,４　５５４６４４３,2022-01-14,2022-01-19,18,徳山,一般,１　１２転欠,2020-10-23,2020-10-28,18,徳山,ＧⅢ,６５６　６５４　３　６３,2018-04-07,2018-04-11,18,徳山,一般,５６６　２　４３２４,4361,柳生 泰二,2026-01-10,2026-01-13,18,徳山,一般,４５１３１２[４],2025-11-16,2025-11-21,18,徳山,ＧⅠ,１　６６６　４　２６３,2025-06-30,2025-07-05,18,徳山,一般,１３２４１　２４４１[１],2025-05-07,2025-05-12,18,徳山,一般,５２２１５　１３５４１４,2025-02-08,2025-02-13,18,徳山,ＧⅠ,２２５　３６４　１２４
202607081803,2026-07-08,18,03R,3744,徳増 秀樹,2025-05-31,2025-06-04,18,徳山,一般,５１１１３１３１[１],2024-09-24,2024-09-29,18,徳山,ＧⅠ,６　５　１６５　４２６,2024-07-23,2024-07-28,18,徳山,ＧⅢ,３２２１３３２　２５６４,2023-11-12,2023-11-17,18,徳山,一般,３３１　１４１２３１[６],2023-06-20,2023-06-25,18,徳山,ＳＧ,５　２１６　１　６　２５,4957,竹之内 極,2026-01-02,2026-01-07,18,徳山,一般,２　１６５３２　４２４,2025-04-15,2025-04-20,18,徳山,一般,５４５　２１５　５５３２,2024-10-26,2024-10-31,18,徳山,一般,５　６６５　４６５　６６,2022-09-04,2022-09-10,18,徳山,一般,２６４　４１１　１転４１,2022-01-23,2022-01-29,18,徳山,一般,４　６１６　転欠,3809,吉田 光,2025-12-13,2025-12-18,18,徳山,ＧⅢ,５　３２２F６４６　６,2024-07-23,2024-07-28,18,徳山,ＧⅢ,６２２　６３３６５　３６,2023-11-12,2023-11-17,18,徳山,一般,２５妨欠,2022-12-07,2022-12-12,18,徳山,一般,５６２　６６３　２　３２,2022-11-28,2022-12-03,18,徳山,一般,４　２４３１２３１２[３],4259,真庭 明志,2026-01-25,2026-01-30,18,徳山,一般,１５２５６１６　５５５,2025-03-28,2025-04-02,18,徳山,一般,１１４４４１４　２６１４,2024-09-07,2024-09-11,18,徳山,一般,２６３　１６１６１２,2023-12-01,2023-12-06,18,徳山,一般,１４２３１２１　２１[４],2023-06-29,2023-07-05,18,徳山,一般,２　２３１１５３１３２４１３,5286,坂井 滉哉,2025-02-25,2025-03-03,18,徳山,一般,５　４３４２５　２６４３,2024-06-19,2024-06-24,18,徳山,一般,５　６２５　３５５　３５,2024-02-01,2024-02-07,18,徳山,一般,　　　　　　４５６　６　６５,,,,,,,,,,,,,4695,尾崎 雄二,2025-12-13,2025-12-18,18,徳山,ＧⅢ,３２６　３５１４４　１４,2025-05-07,2025-05-12,18,徳山,一般,２６４３５　１２２５１３,2025-01-10,2025-01-13,18,徳山,一般,１　６５２５６４,2022-05-05,2022-05-10,18,徳山,一般,３　５４１　３６２　５２,2022-04-09,2022-04-12,18,徳山,一般,６　３３４３６
202607081804,2026-07-08,18,04R,3711,江本 真治,2026-04-27,2026-05-02,18,徳山,一般,２２２２２　３４２５１５,2025-12-13,2025-12-18,18,徳山,ＧⅢ,４　３４１１５４５６３６,2025-08-10,2025-08-15,18,徳山,一般,５２２２４　５２５　２２,2025-08-01,2025-08-06,18,徳山,一般,　　　　　　　　　　１１,2025-05-19,2025-05-24,18,徳山,一般,３２３　１４５２２３５３,4549,小林 文彦,2023-10-01,2023-10-06,18,徳山,一般,５３２　５４５３２　３４,2022-10-23,2022-10-28,18,徳山,一般,１４３３１　１２３４１３,2022-04-16,2022-04-21,18,徳山,一般,３５落　６６,2021-11-28,2021-12-04,18,徳山,一般,３１４　５　４４４　６５３,2021-03-04,2021-03-09,18,徳山,一般,３２５　３３２　６４１４,4603,谷川 将太,2026-03-20,2026-03-25,18,徳山,一般,３４３　２２２６２６１６,2025-09-09,2025-09-13,18,徳山,一般,５　５６１３５１３,2025-04-15,2025-04-20,18,徳山,一般,４　２３２４３４１　２４,2023-01-25,2023-01-28,18,徳山,一般,１F４　３　６,2022-12-07,2022-12-12,18,徳山,一般,１　５３６１２６６　５,4995,田邉 亮蔵,2025-06-30,2025-07-05,18,徳山,一般,６４５　１　４３５４２,2025-01-17,2025-01-22,18,徳山,一般,３３１　３５２５１６１６,2024-11-13,2024-11-18,18,徳山,一般,６　４５６　５４６　５５,,,,,,,,,,,,,4003,表 憲一,2025-06-21,2025-06-25,18,徳山,一般,１４３１５　４５３,2023-04-14,2023-04-17,18,徳山,一般,４４３　５　２４,2022-12-16,2022-12-21,18,徳山,一般,４２２　１３２６３６２５,2022-06-07,2022-06-10,18,徳山,一般,５　１１２３[６],2018-10-20,2018-10-25,18,徳山,一般,３６５　１３落４１　５４,3843,上之 晃弘,2026-02-12,2026-02-16,18,徳山,一般,３６６　３　５３２,2022-06-18,2022-06-23,18,徳山,ＧⅢ,２１６　３６５　３５５５,2022-02-01,2022-02-06,18,徳山,一般,３　６５５１６　５３１,2022-01-04,2022-01-09,18,徳山,一般,６　３３５　１２４４２２,2021-09-02,2021-09-07,18,徳山,一般,６　３F
202607081805,2026-07-08,18,05R,5228,若林 樹蘭,2025-03-19,2025-03-24,18,徳山,ＧⅡ,４　５３２　４６５　５２,2023-07-09,2023-07-14,18,徳山,一般,３　４１１３６　１６２３,,,,,,,,,,,,,,,,,,,4988,牟田 奨太,2024-07-16,2024-07-20,18,徳山,一般,６　６２５,2023-10-09,2023-10-14,18,徳山,一般,６　６５５　６３３　６２,,,,,,,,,,,,,,,,,,,4463,三苫 晃幸,2025-06-09,2025-06-13,18,徳山,一般,３４６　２４１　２６,2024-07-23,2024-07-28,18,徳山,ＧⅢ,６５３　１１６　２３４１,2023-12-10,2023-12-15,18,徳山,一般,５５３６５,2023-08-29,2023-09-03,18,徳山,一般,５４３　１３６２４　４１,2023-07-18,2023-07-23,18,徳山,一般,５３２　２４１３２６１２,4315,山崎 昂介,2025-06-09,2025-06-13,18,徳山,一般,４６４４１　６　２１,2025-03-09,2025-03-15,18,徳山,一般,１２４　４５４５１　１５５１,2024-09-17,2024-09-20,18,徳山,一般,２４６　６　５,2023-08-19,2023-08-24,18,徳山,ＧⅢ,４５２　２　１５１６２６,2023-05-07,2023-05-11,18,徳山,一般,４３１６２　６６１６,4272,大場 広孝,2026-01-02,2026-01-07,18,徳山,一般,５３４　２１４４４　５２,2025-03-28,2025-04-02,18,徳山,一般,３　１５５１５　３１４５,2025-03-09,2025-03-15,18,徳山,一般,１　６３３２１　４４３５６６,2024-02-01,2024-02-07,18,徳山,一般,２５３　６６６　４　２５５,2023-08-29,2023-09-03,18,徳山,一般,２　２６６　５２４　３５,3743,林 美憲,2024-09-17,2024-09-20,18,徳山,一般,３４２６３　２,2020-06-18,2020-06-23,18,徳山,ＧⅢ,２４１　４１１１６１[５],2019-07-23,2019-07-27,18,徳山,一般,１２２４１３１２[３],2018-05-08,2018-05-12,18,徳山,一般,２４２２３　１２[５],2017-12-21,2017-12-26,18,徳山,一般,２３２１５　１６５３２１
202607081806,2026-07-08,18,06R,4167,片岡 秀樹,2026-01-17,2026-01-21,18,徳山,一般,３　５６４　５６２,2024-12-27,2025-01-01,18,徳山,一般,２５５５２　２３３１３４,2024-06-19,2024-06-24,18,徳山,一般,５５４　５　４５５　６４,2023-11-12,2023-11-17,18,徳山,一般,１　３３５２６　６５４４,2022-12-07,2022-12-12,18,徳山,一般,５　４３５　３４５　２５,4515,藤田 浩人,2026-02-27,2026-03-05,18,徳山,一般,３５１　４２１５４３２４１５,2025-05-19,2025-05-24,18,徳山,一般,４４３３１３２　３４１１,2023-11-22,2023-11-28,18,徳山,一般,１４４５３　２２１２５２[６],2023-09-24,2023-09-28,18,徳山,一般,５４５　３３１　２２,2023-06-29,2023-07-05,18,徳山,一般,１５４２１２２　３１２１[２],4116,川田 正人,2025-12-24,2025-12-29,18,徳山,一般,３　２５５転６６１４１５,2025-10-12,2025-10-16,18,徳山,一般,１５１１４２３２[５],2025-05-07,2025-05-12,18,徳山,一般,２３３　５　転,2024-11-21,2024-11-24,18,徳山,一般,６　３６２　１２,2023-12-01,2023-12-06,18,徳山,一般,４　４２２３２４２４５２,3349,吉田 一郎,2026-02-27,2026-03-05,18,徳山,一般,１１５２２　１２１１３４１２,2025-07-13,2025-07-17,18,徳山,一般,５１４　４４１　１５,2025-04-15,2025-04-20,18,徳山,一般,２　１２４５１３３４１３,2025-01-17,2025-01-22,18,徳山,一般,５４２　３１４５４６４,2024-08-30,2024-09-04,18,徳山,一般,２５５３２５１１２,5114,小林 孝彰,2025-08-01,2025-08-06,18,徳山,一般,２１６４３　６３１３４２,2025-02-25,2025-03-03,18,徳山,一般,４６２　３４３６３　４,2024-11-06,2024-11-10,18,徳山,一般,５４２　３３４　５３,2023-10-09,2023-10-14,18,徳山,一般,１３４　６４５　２２４,2023-07-30,2023-08-05,18,徳山,一般,４　２６６１６　３　５２２,3612,馬袋 義則,2025-12-13,2025-12-18,18,徳山,ＧⅢ,５４２　２４３１１４６３,2025-06-30,2025-07-05,18,徳山,一般,４２１　１３４３１４４３,2025-01-04,2025-01-07,18,徳山,一般,２４１５１４４３,2024-06-28,2024-07-03,18,徳山,一般,１２５　３　５３F６１,2024-01-06,2024-01-11,18,徳山,一般,６２１２２４１　３４１３
202607081807,2026-07-08,18,07R,3901,松田 憲幸,2026-05-12,2026-05-15,18,徳山,一般,２４２　１５２４,2026-04-20,2026-04-24,18,徳山,一般,３２４　５３５　３２,2025-04-15,2025-04-20,18,徳山,一般,３　４２６５３５５　６３,2024-08-22,2024-08-27,18,徳山,一般,５６５　４　６６１１６,2024-06-10,2024-06-14,18,徳山,一般,１　２１６３２３５１,3361,岡部 浩,2026-01-17,2026-01-21,18,徳山,一般,５２５　６１２　３１,2024-06-28,2024-07-03,18,徳山,一般,２６４　６　５　５２５,2024-02-01,2024-02-07,18,徳山,一般,４　３５５　６６６　３４５,2023-12-01,2023-12-06,18,徳山,一般,６６６　４　６２４　５,2023-07-09,2023-07-14,18,徳山,一般,２F６　４　４　落,3293,宮内 由紀英,2024-11-29,2024-12-04,18,徳山,一般,３６６　４３２　６５６,2018-12-13,2018-12-18,18,徳山,ＧⅢ,４２４　２１６３６４６３,2018-07-03,2018-07-09,18,徳山,一般,３　４６３４５　５　３１４２,2015-05-13,2015-05-18,18,徳山,一般,３　３１６６４　４５４３,2013-12-12,2013-12-17,18,徳山,一般,３　５５４　４エ２　４６,3477,近藤 稔也,2023-03-26,2023-03-31,18,徳山,一般,５　６３４　６６５５５,2023-01-31,2023-02-05,18,徳山,一般,１４５　４３３　２２２６,2021-04-16,2021-04-20,18,徳山,一般,５６６,2020-12-27,2021-01-01,18,徳山,一般,４３６　２２６　６３５,2020-03-20,2020-03-23,18,徳山,一般,６３４　５６５,3868,尾形 栄治,2024-01-15,2024-01-19,18,徳山,一般,４　３４５２２　４６,2018-07-03,2018-07-09,18,徳山,一般,４　３１５　２６５６４　２２,2017-10-26,2017-10-31,18,徳山,一般,４５４　３５６　６　５５,2015-07-07,2015-07-12,18,徳山,一般,４　２１２５２３４５４５,2014-08-29,2014-09-03,18,徳山,一般,５３１　２　５２２５２３,5468,,,,,,,,,,,,,,,,,,,,,,,,,,,,,,,
202607081808,2026-07-08,18,08R,4210,松村 康太,2024-09-07,2024-09-11,18,徳山,一般,３２１４５　１５１２,2021-05-09,2021-05-14,18,徳山,ＧⅠ,３　３４２　５５３　３３,2020-02-07,2020-02-12,18,徳山,一般,２５３２２　３３１３２１,2019-12-17,2019-12-22,18,徳山,一般,４４３２３　２３２５１６,2019-09-18,2019-09-23,18,徳山,一般,３　３４３２４３１３２１,4003,表 憲一,2025-06-21,2025-06-25,18,徳山,一般,１４３１５　４５３,2023-04-14,2023-04-17,18,徳山,一般,４４３　５　２４,2022-12-16,2022-12-21,18,徳山,一般,４２２　１３２６３６２５,2022-06-07,2022-06-10,18,徳山,一般,５　１１２３[６],2018-10-20,2018-10-25,18,徳山,一般,３６５　１３落４１　５４,5286,坂井 滉哉,2025-02-25,2025-03-03,18,徳山,一般,５　４３４２５　２６４３,2024-06-19,2024-06-24,18,徳山,一般,５　６２５　３５５　３５,2024-02-01,2024-02-07,18,徳山,一般,　　　　　　４５６　６　６５,,,,,,,,,,,,,4619,伏田 裕隆,2023-06-03,2023-06-08,18,徳山,一般,５５６　５　６６６２６,2023-04-07,2023-04-11,18,徳山,一般,４　５５４６４４３,2022-01-14,2022-01-19,18,徳山,一般,１　１２転欠,2020-10-23,2020-10-28,18,徳山,ＧⅢ,６５６　６５４　３　６３,2018-04-07,2018-04-11,18,徳山,一般,５６６　２　４３２４,4259,真庭 明志,2026-01-25,2026-01-30,18,徳山,一般,１５２５６１６　５５５,2025-03-28,2025-04-02,18,徳山,一般,１１４４４１４　２６１４,2024-09-07,2024-09-11,18,徳山,一般,２６３　１６１６１２,2023-12-01,2023-12-06,18,徳山,一般,１４２３１２１　２１[４],2023-06-29,2023-07-05,18,徳山,一般,２　２３１１５３１３２４１３,3779,原田 幸哉,2026-01-10,2026-01-13,18,徳山,一般,１６１１２１[２],2025-01-10,2025-01-13,18,徳山,一般,１１１３４１[１],2023-11-02,2023-11-07,18,徳山,ＧⅠ,４　３６２　２１５　４１,2023-07-09,2023-07-14,18,徳山,一般,１１２２１　１６５１[６],2023-06-20,2023-06-25,18,徳山,ＳＧ,５４１　６　１４５５５
202607081809,2026-07-08,18,09R,4695,尾崎 雄二,2025-12-13,2025-12-18,18,徳山,ＧⅢ,３２６　３５１４４　１４,2025-05-07,2025-05-12,18,徳山,一般,２６４３５　１２２５１３,2025-01-10,2025-01-13,18,徳山,一般,１　６５２５６４,2022-05-05,2022-05-10,18,徳山,一般,３　５４１　３６２　５２,2022-04-09,2022-04-12,18,徳山,一般,６　３３４３６,4995,田邉 亮蔵,2025-06-30,2025-07-05,18,徳山,一般,６４５　１　４３５４２,2025-01-17,2025-01-22,18,徳山,一般,３３１　３５２５１６１６,2024-11-13,2024-11-18,18,徳山,一般,６　４５６　５４６　５５,,,,,,,,,,,,,4272,大場 広孝,2026-01-02,2026-01-07,18,徳山,一般,５３４　２１４４４　５２,2025-03-28,2025-04-02,18,徳山,一般,３　１５５１５　３１４５,2025-03-09,2025-03-15,18,徳山,一般,１　６３３２１　４４３５６６,2024-02-01,2024-02-07,18,徳山,一般,２５３　６６６　４　２５５,2023-08-29,2023-09-03,18,徳山,一般,２　２６６　５２４　３５,3843,上之 晃弘,2026-02-12,2026-02-16,18,徳山,一般,３６６　３　５３２,2022-06-18,2022-06-23,18,徳山,ＧⅢ,２１６　３６５　３５５５,2022-02-01,2022-02-06,18,徳山,一般,３　６５５１６　５３１,2022-01-04,2022-01-09,18,徳山,一般,６　３３５　１２４４２２,2021-09-02,2021-09-07,18,徳山,一般,６　３F,2538,高橋 二朗,2026-01-17,2026-01-21,18,徳山,一般,４　６３５　転６,2025-06-30,2025-07-05,18,徳山,一般,６　６５６　４５４　５６,2019-03-26,2019-03-31,18,徳山,一般,５３５　４　５４５　３,2017-03-25,2017-03-31,18,徳山,一般,３　５転１　３５２　３２５,2016-05-12,2016-05-15,18,徳山,一般,３５４　２４４５,4463,三苫 晃幸,2025-06-09,2025-06-13,18,徳山,一般,３４６　２４１　２６,2024-07-23,2024-07-28,18,徳山,ＧⅢ,６５３　１１６　２３４１,2023-12-10,2023-12-15,18,徳山,一般,５５３６５,2023-08-29,2023-09-03,18,徳山,一般,５４３　１３６２４　４１,2023-07-18,2023-07-23,18,徳山,一般,５３２　２４１３２６１２
202607081810,2026-07-08,18,10R,3612,馬袋 義則,2025-12-13,2025-12-18,18,徳山,ＧⅢ,５４２　２４３１１４６３,2025-06-30,2025-07-05,18,徳山,一般,４２１　１３４３１４４３,2025-01-04,2025-01-07,18,徳山,一般,２４１５１４４３,2024-06-28,2024-07-03,18,徳山,一般,１２５　３　５３F６１,2024-01-06,2024-01-11,18,徳山,一般,６２１２２４１　３４１３,3743,林 美憲,2024-09-17,2024-09-20,18,徳山,一般,３４２６３　２,2020-06-18,2020-06-23,18,徳山,ＧⅢ,２４１　４１１１６１[５],2019-07-23,2019-07-27,18,徳山,一般,１２２４１３１２[３],2018-05-08,2018-05-12,18,徳山,一般,２４２２３　１２[５],2017-12-21,2017-12-26,18,徳山,一般,２３２１５　１６５３２１,4413,水摩 敦,2026-01-25,2026-01-30,18,徳山,一般,１５３３６　４３１２４４,2023-03-26,2023-03-31,18,徳山,一般,１３２　５１１２２１[５],2022-12-07,2022-12-12,18,徳山,一般,１　５２３４１１３１[３],2022-10-03,2022-10-08,18,徳山,一般,１３３３１　５３４４１２,2022-08-17,2022-08-21,18,徳山,一般,３３５３２２１４１４,4603,谷川 将太,2026-03-20,2026-03-25,18,徳山,一般,３４３　２２２６２６１６,2025-09-09,2025-09-13,18,徳山,一般,５　５６１３５１３,2025-04-15,2025-04-20,18,徳山,一般,４　２３２４３４１　２４,2023-01-25,2023-01-28,18,徳山,一般,１F４　３　６,2022-12-07,2022-12-12,18,徳山,一般,１　５３６１２６６　５,3711,江本 真治,2026-04-27,2026-05-02,18,徳山,一般,２２２２２　３４２５１５,2025-12-13,2025-12-18,18,徳山,ＧⅢ,４　３４１１５４５６３６,2025-08-10,2025-08-15,18,徳山,一般,５２２２４　５２５　２２,2025-08-01,2025-08-06,18,徳山,一般,　　　　　　　　　　１１,2025-05-19,2025-05-24,18,徳山,一般,３２３　１４５２２３５３,5228,若林 樹蘭,2025-03-19,2025-03-24,18,徳山,ＧⅡ,４　５３２　４６５　５２,2023-07-09,2023-07-14,18,徳山,一般,３　４１１３６　１６２３,,,,,,,,,,,,,,,,,,
202607081811,2026-07-08,18,11R,4361,柳生 泰二,2026-01-10,2026-01-13,18,徳山,一般,４５１３１２[４],2025-11-16,2025-11-21,18,徳山,ＧⅠ,１　６６６　４　２６３,2025-06-30,2025-07-05,18,徳山,一般,１３２４１　２４４１[１],2025-05-07,2025-05-12,18,徳山,一般,５２２１５　１３５４１４,2025-02-08,2025-02-13,18,徳山,ＧⅠ,２２５　３６４　１２４,3349,吉田 一郎,2026-02-27,2026-03-05,18,徳山,一般,１１５２２　１２１１３４１２,2025-07-13,2025-07-17,18,徳山,一般,５１４　４４１　１５,2025-04-15,2025-04-20,18,徳山,一般,２　１２４５１３３４１３,2025-01-17,2025-01-22,18,徳山,一般,５４２　３１４５４６４,2024-08-30,2024-09-04,18,徳山,一般,２５５３２５１１２,4549,小林 文彦,2023-10-01,2023-10-06,18,徳山,一般,５３２　５４５３２　３４,2022-10-23,2022-10-28,18,徳山,一般,１４３３１　１２３４１３,2022-04-16,2022-04-21,18,徳山,一般,３５落　６６,2021-11-28,2021-12-04,18,徳山,一般,３１４　５　４４４　６５３,2021-03-04,2021-03-09,18,徳山,一般,３２５　３３２　６４１４,3744,徳増 秀樹,2025-05-31,2025-06-04,18,徳山,一般,５１１１３１３１[１],2024-09-24,2024-09-29,18,徳山,ＧⅠ,６　５　１６５　４２６,2024-07-23,2024-07-28,18,徳山,ＧⅢ,３２２１３３２　２５６４,2023-11-12,2023-11-17,18,徳山,一般,３３１　１４１２３１[６],2023-06-20,2023-06-25,18,徳山,ＳＧ,５　２１６　１　６　２５,4957,竹之内 極,2026-01-02,2026-01-07,18,徳山,一般,２　１６５３２　４２４,2025-04-15,2025-04-20,18,徳山,一般,５４５　２１５　５５３２,2024-10-26,2024-10-31,18,徳山,一般,５　６６５　４６５　６６,2022-09-04,2022-09-10,18,徳山,一般,２６４　４１１　１転４１,2022-01-23,2022-01-29,18,徳山,一般,４　６１６　転欠,4167,片岡 秀樹,2026-01-17,2026-01-21,18,徳山,一般,３　５６４　５６２,2024-12-27,2025-01-01,18,徳山,一般,２５５５２　２３３１３４,2024-06-19,2024-06-24,18,徳山,一般,５５４　５　４５５　６４,2023-11-12,2023-11-17,18,徳山,一般,１　３３５２６　６５４４,2022-12-07,2022-12-12,18,徳山,一般,５　４３５　３４５　２５
202607081812,2026-07-08,18,12R,3779,原田 幸哉,2026-01-10,2026-01-13,18,徳山,一般,１６１１２１[２],2025-01-10,2025-01-13,18,徳山,一般,１１１３４１[１],2023-11-02,2023-11-07,18,徳山,ＧⅠ,４　３６２　２１５　４１,2023-07-09,2023-07-14,18,徳山,一般,１１２２１　１６５１[６],2023-06-20,2023-06-25,18,徳山,ＳＧ,５４１　６　１４５５５,4644,山田 亮太,2026-02-04,2026-02-09,18,徳山,一般,３４２６１　２２１２[５],2024-07-06,2024-07-12,18,徳山,一般,３　３２３５４　４４３５２２,2023-08-29,2023-09-03,18,徳山,一般,１４１　２５３１４５２６,2023-06-29,2023-07-05,18,徳山,一般,１３１４４４１　５１３１[５],2022-01-14,2022-01-19,18,徳山,一般,３　１３３５３　４２[５],4515,藤田 浩人,2026-02-27,2026-03-05,18,徳山,一般,３５１　４２１５４３２４１５,2025-05-19,2025-05-24,18,徳山,一般,４４３３１３２　３４１１,2023-11-22,2023-11-28,18,徳山,一般,１４４５３　２２１２５２[６],2023-09-24,2023-09-28,18,徳山,一般,５４５　３３１　２２,2023-06-29,2023-07-05,18,徳山,一般,１５４２１２２　３１２１[２],4058,野末 智一,2025-06-09,2025-06-13,18,徳山,一般,３　２１３３２５４４,2024-06-10,2024-06-14,18,徳山,一般,４４２　６３３　４２,2023-09-07,2023-09-11,18,徳山,一般,６４２　転１５　２１,2022-11-15,2022-11-20,18,徳山,一般,５　２６４１３５４　３２,2020-01-23,2020-01-28,18,徳山,一般,２１１５４３４　２３２１,3901,松田 憲幸,2026-05-12,2026-05-15,18,徳山,一般,２４２　１５２４,2026-04-20,2026-04-24,18,徳山,一般,３２４　５３５　３２,2025-04-15,2025-04-20,18,徳山,一般,３　４２６５３５５　６３,2024-08-22,2024-08-27,18,徳山,一般,５６５　４　６６１１６,2024-06-10,2024-06-14,18,徳山,一般,１　２１６３２３５１,4210,松村 康太,2024-09-07,2024-09-11,18,徳山,一般,３２１４５　１５１２,2021-05-09,2021-05-14,18,徳山,ＧⅠ,３　３４２　５５３　３３,2020-02-07,2020-02-12,18,徳山,一般,２５３２２　３３１３２１,2019-12-17,2019-12-22,18,徳山,一般,４４３２３　２３２５１６,2019-09-18,2019-09-23,18,徳山,一般,３　３４３２４３１３２１
202607082001,2026-07-08,20,01R,3475,橋本 久和,2022-06-28,2022-07-01,20,若松,一般,２２１４３４３１,2022-02-28,2022-03-03,20,若松,一般,４１１２３３３１,2019-11-29,2019-12-04,20,若松,一般,３　３１４３１４３２[４],2019-09-18,2019-09-24,20,若松,一般,２１６３３　５３,2018-11-26,2018-12-01,20,若松,ＧⅢ,２４２１５　３１１３３５,4978,山田 和佐,2025-07-07,2025-07-11,20,若松,一般,５　３４２５５６６,2024-06-25,2024-07-01,20,若松,一般,２４４　１　２６５６６　１４,2023-08-22,2023-08-27,20,若松,一般,６５３　２５６　３　４５,2022-07-05,2022-07-09,20,若松,一般,３６４　４６５　２４,2022-05-14,2022-05-18,20,若松,一般,５　３３６５３　４４,3687,花田 和明,2025-02-09,2025-02-12,20,若松,一般,３２５　３４１１,2024-07-20,2024-07-26,20,若松,一般,２　５５４　６４６,2023-06-27,2023-06-30,20,若松,一般,１　６２２６１４,2019-01-11,2019-01-17,20,若松,一般,４　１６３１２５４４６２４４,2018-05-15,2018-05-18,20,若松,一般,２　５５３３５５,5036,福田 翔吾,2025-10-31,2025-11-05,20,若松,一般,３　１５４６６　６　５４,2025-01-13,2025-01-19,20,若松,一般,５３６　１２２　３６２６２６,2023-08-22,2023-08-27,20,若松,一般,１４３　４４２転,2022-09-16,2022-09-23,20,若松,一般,３　２６２　５６３５３５,2022-07-11,2022-07-15,20,若松,一般,３　５６３２５　１６,4131,原 豊土,2022-09-26,2022-10-01,20,若松,一般,F６３　４　３　５２３２,2020-10-01,2020-10-06,20,若松,ＧⅢ,４２５３１６２　２４F３,2020-05-09,2020-05-15,20,若松,一般,４１１２２１３　３１[５],2018-06-02,2018-06-08,20,若松,一般,２６２　１２１３６１３１[３],2016-01-24,2016-01-29,20,若松,一般,１　３３６１４４２２,3563,堤 昇,2024-02-08,2024-02-13,20,若松,一般,３　２６２２１５５５３３,2022-01-25,2022-01-28,20,若松,一般,１　２３６４６５,2019-07-09,2019-07-14,20,若松,一般,２６４５３　３３３１１,2019-01-11,2019-01-17,20,若松,一般,２　２２２５２４２４４５１６,2017-04-11,2017-04-16,20,若松,ＧⅢ,２　１６５２２１１１[３]
202607082002,2026-07-08,20,02R,5083,柳瀬 幹太,2025-03-12,2025-03-15,20,若松,一般,３　１５３４４４,2024-07-11,2024-07-16,20,若松,一般,４３３　５６１　３５３２,2023-03-08,2023-03-13,20,若松,一般,５６５　５３１　５６６４,2021-06-11,2021-06-16,20,若松,一般,５　４５４　２６３４２６,2021-01-10,2021-01-15,20,若松,一般,３　６６６　６５３　６６,4258,関根 彰人,2025-10-31,2025-11-05,20,若松,一般,３　５４２４１　４３４,2024-09-10,2024-09-14,20,若松,一般,５２３　４３３　１,2024-03-21,2024-03-25,20,若松,一般,４　３６,2020-04-06,2020-04-12,20,若松,一般,２　２６１　３５４４F５６,2019-04-22,2019-04-26,20,若松,一般,４５４　３３６　２,4483,北野 輝季,2024-04-16,2024-04-21,20,若松,一般,１６５　６６２　２　５１,2023-11-03,2023-11-08,20,若松,ＧⅠ,１　６２３　３１５　５１,2022-11-01,2022-11-04,20,若松,一般,２４１２３２[３],2019-01-11,2019-01-17,20,若松,一般,３　１１３２１１２２２５１２,2018-01-22,2018-01-27,20,若松,一般,３２６　１２１　３転５５,3327,野長瀬 正孝,2025-06-03,2025-06-08,20,若松,一般,３　６２２２２　５４４６,2024-03-11,2024-03-14,20,若松,一般,２３１　５６３４,2023-11-17,2023-11-23,20,若松,ＧⅢ,６２２　５２３３３３１３,2023-06-07,2023-06-13,20,若松,一般,３　１１１２４　３１３３１１,2022-09-16,2022-09-23,20,若松,一般,２４３　５４３　３　１３,3562,山下 和彦,2025-09-04,2025-09-09,20,若松,一般,３５１４４　１３６５２５,2024-10-28,2024-10-31,20,若松,一般,２３２　４４４４,2023-08-17,2023-08-20,20,若松,一般,３４５１３３１１,2023-05-06,2023-05-09,20,若松,一般,６４１２１３３１,2022-12-19,2022-12-24,20,若松,一般,１１１　１２４　[３],4079,出畑 孝典,2026-03-18,2026-03-23,20,若松,一般,５６３　２３３２４２４,2025-07-07,2025-07-11,20,若松,一般,２４３　２１１２[２],2025-04-03,2025-04-06,20,若松,一般,１３２６４２[２],2024-11-13,2024-11-18,20,若松,一般,１３２　３１５２６３６１,2024-04-01,2024-04-06,20,若松,一般,５６１　２２４１３２[６]
202607082003,2026-07-08,20,03R,4725,佐竹 太一,2025-02-16,2025-02-20,20,若松,一般,１４６３３６３５６４,2024-06-14,2024-06-20,20,若松,一般,２２１　４２１６４５１６５６,2024-01-08,2024-01-12,20,若松,一般,３５４５１３２５３１,2022-01-06,2022-01-09,20,若松,一般,３４１　４４３４,2017-11-10,2017-11-13,20,若松,一般,４　６５２　４６,5246,楠 将太郎,2024-07-11,2024-07-16,20,若松,一般,４　４４６　２６３４４,,,,,,,,,,,,,,,,,,,,,,,,,4346,前田 健太郎,2026-05-01,2026-05-06,20,若松,一般,６６４　１６６　４　６４,2026-03-01,2026-03-07,20,若松,一般,１　５　６６５　４　６　６３,2025-12-20,2025-12-25,20,若松,一般,３　６４１　２５６３５３,2025-09-04,2025-09-09,20,若松,一般,２　６５６　４５５　６６,2025-04-24,2025-04-29,20,若松,一般,３６５　５　６２２２４６,4907,小池 修平,2024-09-10,2024-09-14,20,若松,一般,１６２　１３２５４２,2021-06-23,2021-06-28,20,若松,一般,１３１２３１５３１２[１],,,,,,,,,,,,,,,,,,,4410,井上 大輔,2025-01-13,2025-01-19,20,若松,一般,４　３４４　３４F４４　６,2024-08-06,2024-08-12,20,若松,一般,２６１４１　１４６１４１[６],2023-09-15,2023-09-20,20,若松,一般,５３５　６　２５６６５６,2022-12-19,2022-12-24,20,若松,一般,５　３６３１３　４４,2022-05-06,2022-05-10,20,若松,一般,３４４２２　２６１６,4174,赤坂 俊輔,2026-02-15,2026-02-20,20,若松,ＧⅠ,２　２　１６３３転,2025-05-04,2025-05-09,20,若松,一般,４５１　５２６１１１[],2024-09-27,2024-10-02,20,若松,ＧⅠ,５４６　５　１３５５４,2024-04-16,2024-04-21,20,若松,一般,５２３１６　２１４５１２,2023-04-27,2023-05-02,20,若松,一般,４　３２４１２２４６１４
202607082004,2026-07-08,20,04R,5107,松本 真広,2026-03-01,2026-03-07,20,若松,一般,５４５　３　５３２　３　１６,2024-03-11,2024-03-14,20,若松,一般,６　５３５　１５,2023-12-16,2023-12-22,20,若松,一般,２４６　３　５５４２３６,2023-05-31,2023-06-04,20,若松,一般,３　４６５エ６　２５,2023-04-27,2023-05-02,20,若松,一般,３４３　６６転　５　３３,4431,石塚 裕介,2024-11-05,2024-11-10,20,若松,一般,３４３　３５２６４　１２,2023-07-18,2023-07-24,20,若松,一般,２３４　１４F４４　５　３,2023-03-16,2023-03-19,20,若松,一般,２２４２２４１２,2019-09-18,2019-09-24,20,若松,一般,３　１２５６１３２３５１,2018-01-22,2018-01-27,20,若松,一般,６５２　２３３　５５３,4362,土屋 智則,2025-08-26,2025-08-31,20,若松,ＳＧ,５１４　６　６２４　６４,2025-03-25,2025-03-30,20,若松,ＳＧ,６１４　４４２　２４５,2024-09-27,2024-10-02,20,若松,ＧⅠ,転３６　３４３,2021-07-05,2021-07-09,20,若松,一般,２４３４１　１３４２,2021-03-01,2021-03-07,20,若松,一般,２５２１３　３１５３１５３３,4966,田川 大貴,2026-01-25,2026-01-28,20,若松,一般,１　２６２４１４,2025-09-04,2025-09-09,20,若松,一般,６５２１４　６５２６１,2025-01-26,2025-01-30,20,若松,一般,F　　　４,2024-11-05,2024-11-10,20,若松,一般,２６３　１６１５３５４３,2021-06-23,2021-06-28,20,若松,一般,４　２６５６６,3574,大神 康司,2026-04-14,2026-04-19,20,若松,一般,１３１　２　２２２４２,2026-02-08,2026-02-11,20,若松,一般,１　４５３１２３,2025-11-26,2025-11-30,20,若松,一般,３１３　２３５６１４,2025-09-04,2025-09-09,20,若松,一般,１１３２４２１　１１[４],2025-04-18,2025-04-21,20,若松,一般,１４１　２２[２],4526,池田 雄祐,2025-08-01,2025-08-04,20,若松,一般,２１５４３３３２,2025-05-17,2025-05-20,20,若松,一般,１３１３２１[２],2023-10-23,2023-10-27,20,若松,一般,３　３４６３４１１,2022-08-29,2022-09-04,20,若松,一般,３　４４２３２　１４３　１１,2019-09-07,2019-09-13,20,若松,一般,６１２５１　３３４５１５１１
202607082005,2026-07-08,20,05R,4601,森野 正弘,2025-11-26,2025-11-30,20,若松,一般,４　２２１２３２[３],2025-05-04,2025-05-09,20,若松,一般,２６１　１３３３２６,2024-04-16,2024-04-21,20,若松,一般,３２２　１４１　１１[１],2023-12-16,2023-12-22,20,若松,一般,１１５１１１２４２５２１,2021-07-23,2021-07-27,20,若松,一般,１５１　２１２３５１,4363,大野 芳顕,2026-05-09,2026-05-12,20,若松,一般,３　２５５２３２,2025-12-20,2025-12-25,20,若松,一般,４　２３４２２３３６１５,2025-08-15,2025-08-20,20,若松,一般,３１１３５４３　１６５４,2025-07-07,2025-07-11,20,若松,一般,３　２１３２１５３５,2025-04-08,2025-04-12,20,若松,一般,２５４　６４２２,3572,安田 政彦,2023-02-01,2023-02-05,20,若松,一般,２１６　３４４３２４,2022-11-27,2022-12-02,20,若松,一般,２４３５２　２１２５３４,2019-05-16,2019-05-23,20,若松,一般,１６４４４１２２１４２３,2018-11-26,2018-12-01,20,若松,ＧⅢ,２３３　３２６３２６２４,2017-11-27,2017-12-03,20,若松,一般,１２２１２１１５１２１１[１],5015,高橋 竜矢,2025-06-28,2025-07-03,20,若松,一般,１２１　４１３３４１[３],2024-12-12,2024-12-15,20,若松,一般,５　２１１５２３,2024-07-11,2024-07-16,20,若松,一般,１４１１３　転２,2023-08-22,2023-08-27,20,若松,一般,４５１２１１４　５２[６],2023-03-08,2023-03-13,20,若松,一般,１３３３２１２３３１[３],3857,阿波 勝哉,2025-05-12,2025-05-15,20,若松,一般,５５１　６１６,2024-09-02,2024-09-08,20,若松,一般,４４４　４３３　４３５　３４,2024-04-01,2024-04-06,20,若松,一般,３　３３３　５５４３４,2023-12-03,2023-12-09,20,若松,一般,２１４　４５４　２　３２２３,2023-07-18,2023-07-24,20,若松,一般,２４４　３３４　２４４６５５,4766,石井 孝之,2020-03-28,2020-04-03,20,若松,一般,３６２　４４３　１６１　４３,2017-11-10,2017-11-13,20,若松,一般,２６５　４　６１,,,,,,,,,,,,,,,,,,
202607082006,2026-07-08,20,06R,3863,海老澤 泰行,2026-01-18,2026-01-22,20,若松,一般,６２１　３６２５３５,2024-06-02,2024-06-07,20,若松,一般,６　１５５５５　２　５６,2023-09-09,2023-09-12,20,若松,一般,４　１３２６３６,2018-10-19,2018-10-22,20,若松,一般,１５５５２,2018-02-03,2018-02-08,20,若松,一般,２５３３３　３５４３５５,3563,堤 昇,2024-02-08,2024-02-13,20,若松,一般,３　２６２２１５５５３３,2022-01-25,2022-01-28,20,若松,一般,１　２３６４６５,2019-07-09,2019-07-14,20,若松,一般,２６４５３　３３３１１,2019-01-11,2019-01-17,20,若松,一般,２　２２２５２４２４４５１６,2017-04-11,2017-04-16,20,若松,ＧⅢ,２　１６５２２１１１[３],3853,岩崎 正哉,2026-05-01,2026-05-06,20,若松,一般,１　４２１　３４４６１３,2025-12-05,2025-12-10,20,若松,一般,４３４２２　３４１６１５,2025-04-24,2025-04-29,20,若松,一般,２２１６４５１　２３３２,2025-02-09,2025-02-12,20,若松,一般,１４１　１２[５],2024-11-25,2024-11-28,20,若松,一般,２１　　５４６２,5083,柳瀬 幹太,2025-03-12,2025-03-15,20,若松,一般,３　１５３４４４,2024-07-11,2024-07-16,20,若松,一般,４３３　５６１　３５３２,2023-03-08,2023-03-13,20,若松,一般,５６５　５３１　５６６４,2021-06-11,2021-06-16,20,若松,一般,５　４５４　２６３４２６,2021-01-10,2021-01-15,20,若松,一般,３　６６６　６５３　６６,4350,篠崎 元志,2026-05-01,2026-05-06,20,若松,一般,４１２１４　１１３２[５],2026-02-15,2026-02-20,20,若松,ＧⅠ,２４５　１　６２５　１５,2025-08-26,2025-08-31,20,若松,ＳＧ,３１２　６　１３５　２５,2025-04-24,2025-04-29,20,若松,一般,４６３１１３１　３２[５],2024-09-27,2024-10-02,20,若松,ＧⅠ,２　５１３３３　２１５,3984,坂口 周,2026-01-08,2026-01-13,20,若松,一般,２　３１４４１３４１,2025-04-03,2025-04-06,20,若松,一般,２４３３１１[５],2024-11-05,2024-11-10,20,若松,一般,２３３３５２３　１４２６,2024-07-30,2024-08-04,20,若松,一般,１　４２２５４　４３１１,2023-04-18,2023-04-23,20,若松,ＧⅠ,４　２　３５６　５５１
202607082007,2026-07-08,20,07R,5222,津田 陸翔,2025-01-26,2025-01-30,20,若松,一般,５４　　５,2024-07-11,2024-07-16,20,若松,一般,１３４３１１３　２１[３],2024-04-01,2024-04-06,20,若松,一般,６　４１１３２　４２[４],2023-10-03,2023-10-06,20,若松,一般,５　落３５　４４,2022-07-19,2022-07-22,20,若松,一般,　　　　　　５５,4676,後藤 隼之,2025-08-06,2025-08-12,20,若松,一般,２４６　３　２６５６６,2024-03-21,2024-03-25,20,若松,一般,６６１４,2022-02-10,2022-02-15,20,若松,一般,４３４　２F６　６　６６,2017-10-08,2017-10-13,20,若松,一般,２５２５２　２２６４４５,2017-04-11,2017-04-16,20,若松,ＧⅢ,２６５　１３２　４５３５,4370,山口 達也,2026-01-18,2026-01-22,20,若松,一般,F２１　５,2025-07-22,2025-07-28,20,若松,一般,２４１４１１２　２　[６],2025-04-03,2025-04-06,20,若松,一般,１１４１６４６４,2024-09-27,2024-10-02,20,若松,ＧⅠ,６６６　１　３６６３４,2024-08-06,2024-08-12,20,若松,一般,６３２４１１２３３２３２[４],3687,花田 和明,2025-02-09,2025-02-12,20,若松,一般,３２５　３４１１,2024-07-20,2024-07-26,20,若松,一般,２　５５４　６４６,2023-06-27,2023-06-30,20,若松,一般,１　６２２６１４,2019-01-11,2019-01-17,20,若松,一般,４　１６３１２５４４６２４４,2018-05-15,2018-05-18,20,若松,一般,２　５５３３５５,4918,川島 拓郎,2024-04-09,2024-04-14,20,若松,一般,２６３　３　４３１５１６,2021-01-10,2021-01-15,20,若松,一般,４６６　５　１３１　４３,,,,,,,,,,,,,,,,,,,4371,西山 貴浩,2026-02-15,2026-02-20,20,若松,ＧⅠ,１　２１５　４３２　[３],2025-08-26,2025-08-31,20,若松,ＳＧ,６３４　１　６３６　１４,2025-08-15,2025-08-20,20,若松,一般,３１４エ１５１　３４１６,2025-03-25,2025-03-30,20,若松,ＳＧ,３１３　１　１４１　[３],2024-12-31,2025-01-06,20,若松,一般,転１３　２１４４４４１エ１３
202607082008,2026-07-08,20,08R,4360,庄司 孝輔,2025-12-20,2025-12-25,20,若松,一般,２　３４１　１３６２[５],2024-04-16,2024-04-21,20,若松,一般,３１４　５　３４５４５１,2022-01-12,2022-01-16,20,若松,一般,３５１３４　４５１５,2020-11-08,2020-11-11,20,若松,一般,５　４６６　１２,2018-09-12,2018-09-17,20,若松,ＧⅢ,１　６６５　１５１　５６,3574,大神 康司,2026-04-14,2026-04-19,20,若松,一般,１３１　２　２２２４２,2026-02-08,2026-02-11,20,若松,一般,１　４５３１２３,2025-11-26,2025-11-30,20,若松,一般,３１３　２３５６１４,2025-09-04,2025-09-09,20,若松,一般,１１３２４２１　１１[４],2025-04-18,2025-04-21,20,若松,一般,１４１　２２[２],4907,小池 修平,2024-09-10,2024-09-14,20,若松,一般,１６２　１３２５４２,2021-06-23,2021-06-28,20,若松,一般,１３１２３１５３１２[１],,,,,,,,,,,,,,,,,,,3656,伯母 芳恒,2025-08-06,2025-08-12,20,若松,一般,５５４　１５１　６３２,2023-09-26,2023-10-01,20,若松,ＧⅢ,３２６２３５５　５４５５,2019-12-19,2019-12-25,20,若松,一般,３２４４１　３３１５２３１６,2019-06-28,2019-07-03,20,若松,一般,２６１５３５５　３３４,2019-02-25,2019-03-03,20,若松,一般,２３６２３４１　５２１４１２,4978,山田 和佐,2025-07-07,2025-07-11,20,若松,一般,５　３４２５５６６,2024-06-25,2024-07-01,20,若松,一般,２４４　１　２６５６６　１４,2023-08-22,2023-08-27,20,若松,一般,６５３　２５６　３　４５,2022-07-05,2022-07-09,20,若松,一般,３６４　４６５　２４,2022-05-14,2022-05-18,20,若松,一般,５　３３６５３　４４,3558,山本 浩次,2026-03-10,2026-03-15,20,若松,ＧⅢ,５　５５５　１６６　６,2025-02-09,2025-02-12,20,若松,一般,５６６　５　６,2020-10-01,2020-10-06,20,若松,ＧⅢ,１　１６６５５５,2020-07-11,2020-07-16,20,若松,一般,１３２　２４２落１１[３],2020-03-28,2020-04-03,20,若松,一般,４４５５１　５欠
202607082009,2026-07-08,20,09R,4131,原 豊土,2022-09-26,2022-10-01,20,若松,一般,F６３　４　３　５２３２,2020-10-01,2020-10-06,20,若松,ＧⅢ,４２５３１６２　２４F３,2020-05-09,2020-05-15,20,若松,一般,４１１２２１３　３１[５],2018-06-02,2018-06-08,20,若松,一般,２６２　１２１３６１３１[３],2016-01-24,2016-01-29,20,若松,一般,１　３３６１４４２２,3572,安田 政彦,2023-02-01,2023-02-05,20,若松,一般,２１６　３４４３２４,2022-11-27,2022-12-02,20,若松,一般,２４３５２　２１２５３４,2019-05-16,2019-05-23,20,若松,一般,１６４４４１２２１４２３,2018-11-26,2018-12-01,20,若松,ＧⅢ,２３３　３２６３２６２４,2017-11-27,2017-12-03,20,若松,一般,１２２１２１１５１２１１[１],4369,丹下 将,2026-02-08,2026-02-11,20,若松,一般,２４２　２４２５,2025-04-08,2025-04-12,20,若松,一般,１４６２２６１,2024-07-30,2024-08-04,20,若松,一般,３３１　１２２　５１[５],2023-10-23,2023-10-27,20,若松,一般,２５２６２　１２[５],2022-01-12,2022-01-16,20,若松,一般,４　１１２５２１[２],3679,飯島 昌弘,2023-04-18,2023-04-23,20,若松,ＧⅠ,１　６　４５３　不欠,2023-01-20,2023-01-26,20,若松,ＧⅠ,５　２６３　３　３２２,2017-12-20,2017-12-25,20,若松,一般,２２３　１１４４１２[６],2016-11-03,2016-11-08,20,若松,ＧⅠ,１　３３３　３　５　４１,2016-07-19,2016-07-25,20,若松,一般,落４１　２１６３４１３２３１,4725,佐竹 太一,2025-02-16,2025-02-20,20,若松,一般,１４６３３６３５６４,2024-06-14,2024-06-20,20,若松,一般,２２１　４２１６４５１６５６,2024-01-08,2024-01-12,20,若松,一般,３５４５１３２５３１,2022-01-06,2022-01-09,20,若松,一般,３４１　４４３４,2017-11-10,2017-11-13,20,若松,一般,４　６５２　４６,4914,吉田 裕平,2026-02-15,2026-02-20,20,若松,ＧⅠ,６６５　４２１２５　３２,2025-08-26,2025-08-31,20,若松,ＳＧ,１５２　２４２　２　[６],2025-03-25,2025-03-30,20,若松,ＳＧ,２４１　２　５５２　４１,2023-02-01,2023-02-05,20,若松,一般,１５１　３１２１[３],2022-07-19,2022-07-22,20,若松,一般,４４３３　　２２
202607082010,2026-07-08,20,10R,4363,大野 芳顕,2026-05-09,2026-05-12,20,若松,一般,３　２５５２３２,2025-12-20,2025-12-25,20,若松,一般,４　２３４２２３３６１５,2025-08-15,2025-08-20,20,若松,一般,３１１３５４３　１６５４,2025-07-07,2025-07-11,20,若松,一般,３　２１３２１５３５,2025-04-08,2025-04-12,20,若松,一般,２５４　６４２２,4174,赤坂 俊輔,2026-02-15,2026-02-20,20,若松,ＧⅠ,２　２　１６３３転,2025-05-04,2025-05-09,20,若松,一般,４５１　５２６１１１[],2024-09-27,2024-10-02,20,若松,ＧⅠ,５４６　５　１３５５４,2024-04-16,2024-04-21,20,若松,一般,５２３１６　２１４５１２,2023-04-27,2023-05-02,20,若松,一般,４　３２４１２２４６１４,3327,野長瀬 正孝,2025-06-03,2025-06-08,20,若松,一般,３　６２２２２　５４４６,2024-03-11,2024-03-14,20,若松,一般,２３１　５６３４,2023-11-17,2023-11-23,20,若松,ＧⅢ,６２２　５２３３３３１３,2023-06-07,2023-06-13,20,若松,一般,３　１１１２４　３１３３１１,2022-09-16,2022-09-23,20,若松,一般,２４３　５４３　３　１３,4362,土屋 智則,2025-08-26,2025-08-31,20,若松,ＳＧ,５１４　６　６２４　６４,2025-03-25,2025-03-30,20,若松,ＳＧ,６１４　４４２　２４５,2024-09-27,2024-10-02,20,若松,ＧⅠ,転３６　３４３,2021-07-05,2021-07-09,20,若松,一般,２４３４１　１３４２,2021-03-01,2021-03-07,20,若松,一般,２５２１３　３１５３１５３３,3863,海老澤 泰行,2026-01-18,2026-01-22,20,若松,一般,６２１　３６２５３５,2024-06-02,2024-06-07,20,若松,一般,６　１５５５５　２　５６,2023-09-09,2023-09-12,20,若松,一般,４　１３２６３６,2018-10-19,2018-10-22,20,若松,一般,１５５５２,2018-02-03,2018-02-08,20,若松,一般,２５３３３　３５４３５５,5036,福田 翔吾,2025-10-31,2025-11-05,20,若松,一般,３　１５４６６　６　５４,2025-01-13,2025-01-19,20,若松,一般,５３６　１２２　３６２６２６,2023-08-22,2023-08-27,20,若松,一般,１４３　４４２転,2022-09-16,2022-09-23,20,若松,一般,３　２６２　５６３５３５,2022-07-11,2022-07-15,20,若松,一般,３　５６３２５　１６
202607082011,2026-07-08,20,11R,5015,高橋 竜矢,2025-06-28,2025-07-03,20,若松,一般,１２１　４１３３４１[３],2024-12-12,2024-12-15,20,若松,一般,５　２１１５２３,2024-07-11,2024-07-16,20,若松,一般,１４１１３　転２,2023-08-22,2023-08-27,20,若松,一般,４５１２１１４　５２[６],2023-03-08,2023-03-13,20,若松,一般,１３３３２１２３３１[３],4483,北野 輝季,2024-04-16,2024-04-21,20,若松,一般,１６５　６６２　２　５１,2023-11-03,2023-11-08,20,若松,ＧⅠ,１　６２３　３１５　５１,2022-11-01,2022-11-04,20,若松,一般,２４１２３２[３],2019-01-11,2019-01-17,20,若松,一般,３　１１３２１１２２２５１２,2018-01-22,2018-01-27,20,若松,一般,３２６　１２１　３転５５,4410,井上 大輔,2025-01-13,2025-01-19,20,若松,一般,４　３４４　３４F４４　６,2024-08-06,2024-08-12,20,若松,一般,２６１４１　１４６１４１[６],2023-09-15,2023-09-20,20,若松,一般,５３５　６　２５６６５６,2022-12-19,2022-12-24,20,若松,一般,５　３６３１３　４４,2022-05-06,2022-05-10,20,若松,一般,３４４２２　２６１６,4676,後藤 隼之,2025-08-06,2025-08-12,20,若松,一般,２４６　３　２６５６６,2024-03-21,2024-03-25,20,若松,一般,６６１４,2022-02-10,2022-02-15,20,若松,一般,４３４　２F６　６　６６,2017-10-08,2017-10-13,20,若松,一般,２５２５２　２２６４４５,2017-04-11,2017-04-16,20,若松,ＧⅢ,２６５　１３２　４５３５,3853,岩崎 正哉,2026-05-01,2026-05-06,20,若松,一般,１　４２１　３４４６１３,2025-12-05,2025-12-10,20,若松,一般,４３４２２　３４１６１５,2025-04-24,2025-04-29,20,若松,一般,２２１６４５１　２３３２,2025-02-09,2025-02-12,20,若松,一般,１４１　１２[５],2024-11-25,2024-11-28,20,若松,一般,２１　　５４６２,4431,石塚 裕介,2024-11-05,2024-11-10,20,若松,一般,３４３　３５２６４　１２,2023-07-18,2023-07-24,20,若松,一般,２３４　１４F４４　５　３,2023-03-16,2023-03-19,20,若松,一般,２２４２２４１２,2019-09-18,2019-09-24,20,若松,一般,３　１２５６１３２３５１,2018-01-22,2018-01-27,20,若松,一般,６５２　２３３　５５３
202607082012,2026-07-08,20,12R,4350,篠崎 元志,2026-05-01,2026-05-06,20,若松,一般,４１２１４　１１３２[５],2026-02-15,2026-02-20,20,若松,ＧⅠ,２４５　１　６２５　１５,2025-08-26,2025-08-31,20,若松,ＳＧ,３１２　６　１３５　２５,2025-04-24,2025-04-29,20,若松,一般,４６３１１３１　３２[５],2024-09-27,2024-10-02,20,若松,ＧⅠ,２　５１３３３　２１５,4360,庄司 孝輔,2025-12-20,2025-12-25,20,若松,一般,２　３４１　１３６２[５],2024-04-16,2024-04-21,20,若松,一般,３１４　５　３４５４５１,2022-01-12,2022-01-16,20,若松,一般,３５１３４　４５１５,2020-11-08,2020-11-11,20,若松,一般,５　４６６　１２,2018-09-12,2018-09-17,20,若松,ＧⅢ,１　６６５　１５１　５６,5222,津田 陸翔,2025-01-26,2025-01-30,20,若松,一般,５４　　５,2024-07-11,2024-07-16,20,若松,一般,１３４３１１３　２１[３],2024-04-01,2024-04-06,20,若松,一般,６　４１１３２　４２[４],2023-10-03,2023-10-06,20,若松,一般,５　落３５　４４,2022-07-19,2022-07-22,20,若松,一般,　　　　　　５５,3562,山下 和彦,2025-09-04,2025-09-09,20,若松,一般,３５１４４　１３６５２５,2024-10-28,2024-10-31,20,若松,一般,２３２　４４４４,2023-08-17,2023-08-20,20,若松,一般,３４５１３３１１,2023-05-06,2023-05-09,20,若松,一般,６４１２１３３１,2022-12-19,2022-12-24,20,若松,一般,１１１　１２４　[３],4601,森野 正弘,2025-11-26,2025-11-30,20,若松,一般,４　２２１２３２[３],2025-05-04,2025-05-09,20,若松,一般,２６１　１３３３２６,2024-04-16,2024-04-21,20,若松,一般,３２２　１４１　１１[１],2023-12-16,2023-12-22,20,若松,一般,１１５１１１２４２５２１,2021-07-23,2021-07-27,20,若松,一般,１５１　２１２３５１,5246,楠 将太郎,2024-07-11,2024-07-16,20,若松,一般,４　４４６　２６３４４,,,,,,,,,,,,,,,,,,,,,,,,
202607082401,2026-07-08,24,01R,4875,大塚 康雅,2026-01-22,2026-01-28,24,大村,一般,６　４５３　５３６５４　２,2025-05-10,2025-05-14,24,大村,一般,５　４４２　４　５４,2024-11-03,2024-11-08,24,大村,一般,３　２４５　２２１　３３,2024-01-21,2024-01-27,24,大村,一般,５　１６３　１　６４４　１５,2023-10-03,2023-10-08,24,大村,一般,１４３　２　３６３４１４,4594,谷川 祐一,2026-04-26,2026-05-01,24,大村,一般,１　４４落不３３１　５１,2024-11-03,2024-11-08,24,大村,一般,１４２　４　５１６６１１,2024-03-17,2024-03-23,24,大村,一般,３　１２１　２３５１３１[２],2023-08-14,2023-08-20,24,大村,一般,６　１５３　６欠,2022-09-14,2022-09-17,24,大村,一般,３２１１５２[２],3207,田村 美和,2025-10-20,2025-10-24,24,大村,一般,４　６３６４６　６,2021-07-20,2021-07-23,24,大村,一般,３５転６６　５２,2021-03-20,2021-03-25,24,大村,ＧⅢ,２　２２３２４６２６６５,2017-07-27,2017-07-31,24,大村,一般,５　６６２　２３４,2014-02-15,2014-02-19,24,大村,一般,４６４　３４３３２４,3973,崎 利仁,2026-02-19,2026-02-23,24,大村,一般,６　３４５　６３４,2021-09-06,2021-09-10,24,大村,一般,６　４３２　４４３３,2019-09-27,2019-10-02,24,大村,一般,５　１４５　２２４３１１,2017-02-06,2017-02-11,24,大村,一般,２２４　４５２４３３２３,2015-08-02,2015-08-06,24,大村,一般,６　４５３４３　６４,3353,前田 光昭,2020-02-03,2020-02-06,24,大村,一般,１５６　５２３,2019-04-10,2019-04-14,24,大村,一般,４　１２４　２４５５,2019-01-21,2019-01-27,24,大村,一般,５６６　５３６　２４５　５,2018-07-09,2018-07-12,24,大村,一般,１３３　６６１６,2017-06-27,2017-07-01,24,大村,一般,３　３３６４４１４４,5011,高木 圭大,2026-03-18,2026-03-22,24,大村,一般,６　３２５　５　４５,2026-01-03,2026-01-08,24,大村,一般,６４３　５６４　２　５２,2025-12-03,2025-12-06,24,大村,一般,２　６４５４５４,2025-08-20,2025-08-25,24,大村,一般,４３３　２５３６１　６,2025-05-10,2025-05-14,24,大村,一般,５　５１６　５　４６
202607082402,2026-07-08,24,02R,4729,佐藤 謙史朗,2024-02-28,2024-03-05,24,大村,一般,４　１５６　６３３　５　４４,2023-08-28,2023-09-02,24,大村,ＧⅢ,　　　　　　　　　　３６,2020-01-25,2020-01-30,24,大村,一般,３　転６　　５６５　５５,2019-06-21,2019-06-25,24,大村,一般,２　４５３　３３４３,2016-11-05,2016-11-08,24,大村,一般,５　６３３６３２,3975,小野寺 智洋,2025-11-19,2025-11-22,24,大村,一般,３　３２４４１２,2025-03-27,2025-04-01,24,大村,一般,１　１４４　１３２２[４],2024-12-07,2024-12-11,24,大村,一般,６５３２６　３１４,2024-04-20,2024-04-25,24,大村,一般,２４３　３４３　４４１３,2023-11-29,2023-12-04,24,大村,ＧⅢ,４　６２５　５３４　６２,3611,岩崎 芳美,2025-12-26,2025-12-31,24,大村,ＧⅠ,４４２６６　５６５　５,2025-09-27,2025-10-02,24,大村,ＧⅢ,２　２３２　２転,2023-12-16,2023-12-20,24,大村,一般,欠,2021-03-20,2021-03-25,24,大村,ＧⅢ,４５４１６４１１１４１６,2020-08-17,2020-08-22,24,大村,一般,１２２２３６２１３１[６],3761,山本 光雄,2026-04-07,2026-04-13,24,大村,一般,４　５２１　５４６　４　２５,2025-01-07,2025-01-10,24,大村,一般,３２２　２４４４,2024-01-21,2024-01-27,24,大村,一般,３　６４６　１４４　２　６,2023-08-28,2023-09-02,24,大村,ＧⅢ,２　２６５　５５２　３２,2023-01-04,2023-01-07,24,大村,一般,４３３　１３３５,4447,深川 麻奈美,2025-12-26,2025-12-31,24,大村,ＧⅠ,５２３３２４２　６　２４,2025-08-28,2025-09-03,24,大村,一般,４３１　２２,2023-10-10,2023-10-15,24,大村,一般,２　１２２３３５２２[５],2021-02-08,2021-02-13,24,大村,ＧⅠ,５　３１２　２６５４３,2019-09-17,2019-09-23,24,大村,ＧⅢ,１４２１３１１６２１[３],5280,廣瀬 凜,2024-09-14,2024-09-19,24,大村,一般,４　４５５　３２４　６,,,,,,,,,,,,,,,,,,,,,,,,
202607082403,2026-07-08,24,03R,4486,野村 誠,2024-06-26,2024-07-01,24,大村,ＧⅢ,４　２５４６５２５５F５,2021-05-19,2021-05-24,24,大村,ＧⅡ,転,2020-02-27,2020-03-04,24,大村,一般,４　１５５　２６２４１５１６,2017-06-07,2017-06-12,24,大村,一般,１４２落４　４２１６１２,2017-01-16,2017-01-22,24,大村,ＧⅡ,６５５　落　２３５　３,3581,加木 郁,2026-04-07,2026-04-13,24,大村,一般,２２５　３４５　６　１　４３,2025-04-14,2025-04-18,24,大村,一般,３２１　５６２５２３,2025-03-20,2025-03-23,24,大村,一般,２　３４４４４２,2024-07-03,2024-07-06,24,大村,一般,５　３３４　２４,2024-03-08,2024-03-11,24,大村,一般,１４４　２５２２,3703,鳥飼 眞,2026-04-26,2026-05-01,24,大村,一般,３　１５４２３３２３３１,2025-10-26,2025-10-31,24,大村,ＧⅢ,５１４　４６６　４　６,2025-06-02,2025-06-05,24,大村,一般,５１２　２３２１,2025-01-19,2025-01-24,24,大村,一般,１　４４５　２４１５２５,2023-11-29,2023-12-04,24,大村,ＧⅢ,２５４　６１１　１４４４,3850,小川 知行,2025-10-20,2025-10-24,24,大村,一般,１　６５５５３　４,2025-04-14,2025-04-18,24,大村,一般,５６３　４１６　３５,2020-01-14,2020-01-19,24,大村,一般,２１５　５５３　５　３５,2019-08-03,2019-08-08,24,大村,一般,２　５４１　５　５２４２,2018-09-23,2018-09-27,24,大村,一般,２３１４４　２３１４,5298,水谷 理人,2024-11-15,2024-11-18,24,大村,一般,６５４　５　２１,2024-04-27,2024-04-30,24,大村,一般,３　１３４２[４],2023-12-25,2023-12-30,24,大村,一般,５　４６４　３　４６５,2023-08-14,2023-08-20,24,大村,一般,６　６２６　６４６　６　２４,,,,,,,4873,蒲原 健太,2026-03-28,2026-04-02,24,大村,一般,１５５　１２３　４２[３],2025-08-20,2025-08-25,24,大村,一般,２　３１５　３２１３４２,2025-06-02,2025-06-05,24,大村,一般,１４４　５３１６,2024-09-14,2024-09-19,24,大村,一般,６３４　３３６３３　３４,2024-06-19,2024-06-23,24,大村,一般,５２４　２　１　３２
202607082404,2026-07-08,24,04R,4019,笠原 亮,2025-11-19,2025-11-22,24,大村,一般,１１１３５１[１],2023-08-14,2023-08-20,24,大村,一般,５１１２１１４　１１６１[１],2020-07-28,2020-08-02,24,大村,ＧⅡ,６　５６１　２　１６４,2019-12-07,2019-12-12,24,大村,ＧⅠ,２１２　６６３　１３５６,2019-10-27,2019-10-30,24,大村,一般,２１２１５１[３],4592,小林 孝弘,2025-12-13,2025-12-19,24,大村,一般,４５３　５６５６５　２　２,2024-11-25,2024-11-30,24,大村,一般,５４３　３６３　５６３６,2024-02-14,2024-02-20,24,大村,一般,４５１　４６５　３６６　４２,2023-02-06,2023-02-09,24,大村,一般,５　６３６　５３,2022-09-27,2022-09-30,24,大村,一般,２　６４６　３６,3826,村田 修次,2025-04-07,2025-04-11,24,大村,一般,４　３１３４２５２３,2023-12-25,2023-12-30,24,大村,一般,５１５２６３１　３２２,2020-06-04,2020-06-09,24,大村,ＧⅠ,２　４２３　１５３　４１,2020-02-18,2020-02-24,24,大村,一般,２５４１３１３１４２１２[４],2019-10-22,2019-10-25,24,大村,一般,１５１４１３４１,3566,川添 英正,2025-08-20,2025-08-25,24,大村,一般,５　２３４　３３２　２,2025-02-28,2025-03-03,24,大村,一般,３　５４６　３３,2023-11-29,2023-12-04,24,大村,ＧⅢ,１３６　５５３　２　４６,2023-07-19,2023-07-23,24,大村,一般,４　３４３４３　１,2022-12-29,2023-01-01,24,大村,一般,５　２２４４１４,4757,山田 祐也,2026-03-08,2026-03-13,24,大村,ＧⅠ,５２４　２１６　６　４３,2025-07-04,2025-07-09,24,大村,一般,１３４１２３１　１１[２],2023-08-28,2023-09-02,24,大村,ＧⅢ,４１５　１５３落,2022-10-06,2022-10-11,24,大村,一般,３６１５２　F６２　６,2022-03-16,2022-03-21,24,大村,ＳＧ,３６１　５５３　２１５,5310,土屋 蘭,2026-03-28,2026-04-02,24,大村,一般,６２３３４　２４３　４,2025-11-19,2025-11-22,24,大村,一般,５３６　５６５,2025-04-22,2025-04-25,24,大村,一般,５　６６５　６,,,,,,,,,,,,
202607082405,2026-07-08,24,05R,4096,石橋 道友,2026-05-07,2026-05-11,24,大村,一般,１３４　２１１２[２],2026-03-18,2026-03-22,24,大村,一般,１２３　１３３１[１],2026-01-03,2026-01-08,24,大村,一般,２　２１４４２１２１[６],2025-10-20,2025-10-24,24,大村,一般,６１１　６６,2025-08-15,2025-08-18,24,大村,一般,１１３１１１[１],4020,川上 清人,2025-10-14,2025-10-18,24,大村,一般,６　６５５５４　６,2025-01-07,2025-01-10,24,大村,一般,５５６　５５３,2024-04-27,2024-04-30,24,大村,一般,１４６　３３５,2021-06-09,2021-06-12,24,大村,一般,４４２　４６６６,2020-06-26,2020-06-30,24,大村,一般,５　３６３　１５１６,4552,杉山 勝匡,2026-03-18,2026-03-22,24,大村,一般,２　３５１４６６３５,2025-11-19,2025-11-22,24,大村,一般,３　１６３　６１,2025-09-14,2025-09-17,24,大村,一般,１　６５４３２４,2025-06-07,2025-06-10,24,大村,一般,２３４　２５３２,2024-12-13,2024-12-16,24,大村,一般,３　４１１６１６,4402,乙藤 智史,2026-01-15,2026-01-20,24,大村,一般,６３３　２１２５２５１６,2025-08-28,2025-09-03,24,大村,一般,２　転４,2025-03-27,2025-04-01,24,大村,一般,３６３　４５１　２４１,2024-01-21,2024-01-27,24,大村,一般,１５６　２４５　３５１　３,2022-06-01,2022-06-06,24,大村,一般,１　４４２１５５６６４６,4931,木谷 賢太,2025-11-03,2025-11-06,24,大村,一般,１６２２１５１５,2025-07-15,2025-07-20,24,大村,ＧⅡ,４１１　６３５　４３５２,2024-11-15,2024-11-18,24,大村,一般,１３２１３５２５,2024-03-26,2024-04-01,24,大村,一般,２５５　４４４　３　２３４,2023-01-26,2023-01-31,24,大村,ＧⅢ,５３１　１５２　３４１２,4750,井上 尚悟,2023-08-14,2023-08-20,24,大村,一般,６　３５５　２３５　６　３３,2022-10-25,2022-10-30,24,大村,一般,５　５　５３１　３　３４,2021-11-20,2021-11-24,24,大村,一般,６　１２３３１６１６,2021-02-27,2021-03-03,24,大村,一般,　　　　　　５４４５,2020-12-28,2021-01-01,24,大村,一般,３６３　６５４３
202607082406,2026-07-08,24,06R,4123,細川 裕子,2025-12-26,2025-12-31,24,大村,ＧⅠ,３４５１５５１　４　１５,2023-07-11,2023-07-16,24,大村,ＧⅢ,４３１１２２１　４２[２],2023-01-04,2023-01-07,24,大村,一般,５１４３１３１３,2022-08-24,2022-08-29,24,大村,ＧⅢ,２２３　２１２３１２[６],2022-07-18,2022-07-23,24,大村,一般,３２２１１３３１４１[１],4150,山田 雄太,2024-11-25,2024-11-30,24,大村,一般,６４３６１２２　１５５５,2024-08-19,2024-08-25,24,大村,一般,６　２５４　３４２１４　１３,2024-03-17,2024-03-23,24,大村,一般,４６２　４１４　４３１３４２,2021-10-04,2021-10-08,24,大村,一般,６　２４５６６　１２,2021-07-01,2021-07-06,24,大村,ＧⅢ,５４欠,3353,前田 光昭,2020-02-03,2020-02-06,24,大村,一般,１５６　５２３,2019-04-10,2019-04-14,24,大村,一般,４　１２４　２４５５,2019-01-21,2019-01-27,24,大村,一般,５６６　５３６　２４５　５,2018-07-09,2018-07-12,24,大村,一般,１３３　６６１６,2017-06-27,2017-07-01,24,大村,一般,３　３３６４４１４４,4182,吉田 和仁,2023-08-14,2023-08-20,24,大村,一般,６３２　４５５　４３６　２,2023-01-26,2023-01-31,24,大村,ＧⅢ,４　４５４　３　５６６,2022-06-01,2022-06-06,24,大村,一般,５１６　５２５　１６５４,2021-10-04,2021-10-08,24,大村,一般,５　５４２　４５５３,2020-01-25,2020-01-30,24,大村,一般,４５１　　　５４５３３３,4960,黒野 元基,2025-12-03,2025-12-06,24,大村,一般,２　２２２１[４],2020-09-07,2020-09-13,24,大村,一般,６１３２３２１４２４１３,2018-03-14,2018-03-17,24,大村,一般,３　５２３　２３,,,,,,,,,,,,,5227,川原 愛未,2025-01-01,2025-01-05,24,大村,一般,６６６　６３４　６,2024-01-01,2024-01-07,24,大村,一般,６　６５６　６６６　６４６,2023-07-11,2023-07-16,24,大村,ＧⅢ,６　２　２６６３６　６５,,,,,,,,,,,,
202607082407,2026-07-08,24,07R,3997,北村 征嗣,2025-10-26,2025-10-31,24,大村,ＧⅢ,５　２１２　１５１３４１,2025-03-11,2025-03-14,24,大村,一般,３２３３３F３,2024-12-07,2024-12-11,24,大村,一般,３２１　２１２１[６],2024-05-14,2024-05-19,24,大村,一般,５５４２２　３３４２[２],2022-02-01,2022-02-04,24,大村,一般,３２２２６２[４],3357,福島 陽子,2025-09-27,2025-10-02,24,大村,ＧⅢ,４　４５４　２５５　２６,2025-06-29,2025-07-02,24,大村,一般,６２６　５４６,2024-09-06,2024-09-11,24,大村,ＧⅢ,４　５２３３３　２５３,2023-11-19,2023-11-25,24,大村,一般,５　１３６　４５６　５５５,2022-08-24,2022-08-29,24,大村,ＧⅢ,１３４　３　３４５　３,4213,重富 伸也,2026-05-07,2026-05-11,24,大村,一般,２６２　５６５４１２,2026-02-19,2026-02-23,24,大村,一般,６４５　３６６　５,2025-07-29,2025-08-03,24,大村,一般,５６５　１４６　４　１６,2025-06-29,2025-07-02,24,大村,一般,２５２　６４１,2025-06-07,2025-06-10,24,大村,一般,３４３　１２６,4119,泥谷 一毅,2025-12-03,2025-12-06,24,大村,一般,３F５　４　４,2025-08-15,2025-08-18,24,大村,一般,５　１５４　２５,2024-01-21,2024-01-27,24,大村,一般,４　１４５　６６４　４　２２,2021-01-14,2021-01-17,24,大村,一般,５６３　３２３２,2020-01-25,2020-01-30,24,大村,一般,３５３１　　４２１６１６,3583,齋藤 智裕,2024-12-23,2024-12-29,24,大村,一般,２　６２６　４４４　５３４,2024-03-26,2024-04-01,24,大村,一般,４　６３６　２　５５６　５,2020-03-08,2020-03-14,24,大村,一般,６　１６４　４５２　５６３３,2018-12-16,2018-12-21,24,大村,一般,６　６１５　６２４　４５,2018-06-25,2018-06-29,24,大村,一般,４６２　１４５　３２,5423,,,,,,,,,,,,,,,,,,,,,,,,,,,,,,,
202607082408,2026-07-08,24,08R,5289,,,,,,,,,,,,,,,,,,,,,,,,,,,,,,,,3973,崎 利仁,2026-02-19,2026-02-23,24,大村,一般,６　３４５　６３４,2021-09-06,2021-09-10,24,大村,一般,６　４３２　４４３３,2019-09-27,2019-10-02,24,大村,一般,５　１４５　２２４３１１,2017-02-06,2017-02-11,24,大村,一般,２２４　４５２４３３２３,2015-08-02,2015-08-06,24,大村,一般,６　４５３４３　６４,3617,竹田 広樹,2025-12-03,2025-12-06,24,大村,一般,６　４２３　６５,2025-07-29,2025-08-03,24,大村,一般,６　６６５６１　５　５,2022-11-07,2022-11-11,24,大村,一般,６　２６１　６５１６,2020-05-07,2020-05-10,24,大村,一般,６　１５４６３,2018-08-05,2018-08-09,24,大村,一般,４　６３５　４４４,3581,加木 郁,2026-04-07,2026-04-13,24,大村,一般,２２５　３４５　６　１　４３,2025-04-14,2025-04-18,24,大村,一般,３２１　５６２５２３,2025-03-20,2025-03-23,24,大村,一般,２　３４４４４２,2024-07-03,2024-07-06,24,大村,一般,５　３３４　２４,2024-03-08,2024-03-11,24,大村,一般,１４４　２５２２,3845,中谷 朋子,2025-05-19,2025-05-24,24,大村,一般,３３１　４２３　４４２５,2023-10-10,2023-10-15,24,大村,一般,１１２　４１２３１３５６,2023-07-11,2023-07-16,24,大村,ＧⅢ,１１３　３１３２１４３２,2022-08-24,2022-08-29,24,大村,ＧⅢ,５　１４１６３４２６４６,2022-06-17,2022-06-22,24,大村,一般,３２１　１３５２１６３１,5438,星田 夢結,2026-03-28,2026-04-02,24,大村,一般,５　５６６　３６６　６４,,,,,,,,,,,,,,,,,,,,,,,,
202607082409,2026-07-08,24,09R,5298,水谷 理人,2024-11-15,2024-11-18,24,大村,一般,６５４　５　２１,2024-04-27,2024-04-30,24,大村,一般,３　１３４２[４],2023-12-25,2023-12-30,24,大村,一般,５　４６４　３　４６５,2023-08-14,2023-08-20,24,大村,一般,６　６２６　６４６　６　２４,,,,,,,4019,笠原 亮,2025-11-19,2025-11-22,24,大村,一般,１１１３５１[１],2023-08-14,2023-08-20,24,大村,一般,５１１２１１４　１１６１[１],2020-07-28,2020-08-02,24,大村,ＧⅡ,６　５６１　２　１６４,2019-12-07,2019-12-12,24,大村,ＧⅠ,２１２　６６３　１３５６,2019-10-27,2019-10-30,24,大村,一般,２１２１５１[３],4402,乙藤 智史,2026-01-15,2026-01-20,24,大村,一般,６３３　２１２５２５１６,2025-08-28,2025-09-03,24,大村,一般,２　転４,2025-03-27,2025-04-01,24,大村,一般,３６３　４５１　２４１,2024-01-21,2024-01-27,24,大村,一般,１５６　２４５　３５１　３,2022-06-01,2022-06-06,24,大村,一般,１　４４２１５５６６４６,3826,村田 修次,2025-04-07,2025-04-11,24,大村,一般,４　３１３４２５２３,2023-12-25,2023-12-30,24,大村,一般,５１５２６３１　３２２,2020-06-04,2020-06-09,24,大村,ＧⅠ,２　４２３　１５３　４１,2020-02-18,2020-02-24,24,大村,一般,２５４１３１３１４２１２[４],2019-10-22,2019-10-25,24,大村,一般,１５１４１３４１,3975,小野寺 智洋,2025-11-19,2025-11-22,24,大村,一般,３　３２４４１２,2025-03-27,2025-04-01,24,大村,一般,１　１４４　１３２２[４],2024-12-07,2024-12-11,24,大村,一般,６５３２６　３１４,2024-04-20,2024-04-25,24,大村,一般,２４３　３４３　４４１３,2023-11-29,2023-12-04,24,大村,ＧⅢ,４　６２５　５３４　６２,4486,野村 誠,2024-06-26,2024-07-01,24,大村,ＧⅢ,４　２５４６５２５５F５,2021-05-19,2021-05-24,24,大村,ＧⅡ,転,2020-02-27,2020-03-04,24,大村,一般,４　１５５　２６２４１５１６,2017-06-07,2017-06-12,24,大村,一般,１４２落４　４２１６１２,2017-01-16,2017-01-22,24,大村,ＧⅡ,６５５　落　２３５　３
202607082410,2026-07-08,24,10R,4960,黒野 元基,2025-12-03,2025-12-06,24,大村,一般,２　２２２１[４],2020-09-07,2020-09-13,24,大村,一般,６１３２３２１４２４１３,2018-03-14,2018-03-17,24,大村,一般,３　５２３　２３,,,,,,,,,,,,,4447,深川 麻奈美,2025-12-26,2025-12-31,24,大村,ＧⅠ,５２３３２４２　６　２４,2025-08-28,2025-09-03,24,大村,一般,４３１　２２,2023-10-10,2023-10-15,24,大村,一般,２　１２２３３５２２[５],2021-02-08,2021-02-13,24,大村,ＧⅠ,５　３１２　２６５４３,2019-09-17,2019-09-23,24,大村,ＧⅢ,１４２１３１１６２１[３],4875,大塚 康雅,2026-01-22,2026-01-28,24,大村,一般,６　４５３　５３６５４　２,2025-05-10,2025-05-14,24,大村,一般,５　４４２　４　５４,2024-11-03,2024-11-08,24,大村,一般,３　２４５　２２１　３３,2024-01-21,2024-01-27,24,大村,一般,５　１６３　１　６４４　１５,2023-10-03,2023-10-08,24,大村,一般,１４３　２　３６３４１４,3703,鳥飼 眞,2026-04-26,2026-05-01,24,大村,一般,３　１５４２３３２３３１,2025-10-26,2025-10-31,24,大村,ＧⅢ,５１４　４６６　４　６,2025-06-02,2025-06-05,24,大村,一般,５１２　２３２１,2025-01-19,2025-01-24,24,大村,一般,１　４４５　２４１５２５,2023-11-29,2023-12-04,24,大村,ＧⅢ,２５４　６１１　１４４４,4096,石橋 道友,2026-05-07,2026-05-11,24,大村,一般,１３４　２１１２[２],2026-03-18,2026-03-22,24,大村,一般,１２３　１３３１[１],2026-01-03,2026-01-08,24,大村,一般,２　２１４４２１２１[６],2025-10-20,2025-10-24,24,大村,一般,６１１　６６,2025-08-15,2025-08-18,24,大村,一般,１１３１１１[１],4150,山田 雄太,2024-11-25,2024-11-30,24,大村,一般,６４３６１２２　１５５５,2024-08-19,2024-08-25,24,大村,一般,６　２５４　３４２１４　１３,2024-03-17,2024-03-23,24,大村,一般,４６２　４１４　４３１３４２,2021-10-04,2021-10-08,24,大村,一般,６　２４５６６　１２,2021-07-01,2021-07-06,24,大村,ＧⅢ,５４欠
202607082411,2026-07-08,24,11R,4757,山田 祐也,2026-03-08,2026-03-13,24,大村,ＧⅠ,５２４　２１６　６　４３,2025-07-04,2025-07-09,24,大村,一般,１３４１２３１　１１[２],2023-08-28,2023-09-02,24,大村,ＧⅢ,４１５　１５３落,2022-10-06,2022-10-11,24,大村,一般,３６１５２　F６２　６,2022-03-16,2022-03-21,24,大村,ＳＧ,３６１　５５３　２１５,4123,細川 裕子,2025-12-26,2025-12-31,24,大村,ＧⅠ,３４５１５５１　４　１５,2023-07-11,2023-07-16,24,大村,ＧⅢ,４３１１２２１　４２[２],2023-01-04,2023-01-07,24,大村,一般,５１４３１３１３,2022-08-24,2022-08-29,24,大村,ＧⅢ,２２３　２１２３１２[６],2022-07-18,2022-07-23,24,大村,一般,３２２１１３３１４１[１],4931,木谷 賢太,2025-11-03,2025-11-06,24,大村,一般,１６２２１５１５,2025-07-15,2025-07-20,24,大村,ＧⅡ,４１１　６３５　４３５２,2024-11-15,2024-11-18,24,大村,一般,１３２１３５２５,2024-03-26,2024-04-01,24,大村,一般,２５５　４４４　３　２３４,2023-01-26,2023-01-31,24,大村,ＧⅢ,５３１　１５２　３４１２,3611,岩崎 芳美,2025-12-26,2025-12-31,24,大村,ＧⅠ,４４２６６　５６５　５,2025-09-27,2025-10-02,24,大村,ＧⅢ,２　２３２　２転,2023-12-16,2023-12-20,24,大村,一般,欠,2021-03-20,2021-03-25,24,大村,ＧⅢ,４５４１６４１１１４１６,2020-08-17,2020-08-22,24,大村,一般,１２２２３６２１３１[６],4594,谷川 祐一,2026-04-26,2026-05-01,24,大村,一般,１　４４落不３３１　５１,2024-11-03,2024-11-08,24,大村,一般,１４２　４　５１６６１１,2024-03-17,2024-03-23,24,大村,一般,３　１２１　２３５１３１[２],2023-08-14,2023-08-20,24,大村,一般,６　１５３　６欠,2022-09-14,2022-09-17,24,大村,一般,３２１１５２[２],3997,北村 征嗣,2025-10-26,2025-10-31,24,大村,ＧⅢ,５　２１２　１５１３４１,2025-03-11,2025-03-14,24,大村,一般,３２３３３F３,2024-12-07,2024-12-11,24,大村,一般,３２１　２１２１[６],2024-05-14,2024-05-19,24,大村,一般,５５４２２　３３４２[２],2022-02-01,2022-02-04,24,大村,一般,３２２２６２[４]
202607082412,2026-07-08,24,12R,5280,廣瀬 凜,2024-09-14,2024-09-19,24,大村,一般,４　４５５　３２４　６,,,,,,,,,,,,,,,,,,,,,,,,,3850,小川 知行,2025-10-20,2025-10-24,24,大村,一般,１　６５５５３　４,2025-04-14,2025-04-18,24,大村,一般,５６３　４１６　３５,2020-01-14,2020-01-19,24,大村,一般,２１５　５５３　５　３５,2019-08-03,2019-08-08,24,大村,一般,２　５４１　５　５２４２,2018-09-23,2018-09-27,24,大村,一般,２３１４４　２３１４,4182,吉田 和仁,2023-08-14,2023-08-20,24,大村,一般,６３２　４５５　４３６　２,2023-01-26,2023-01-31,24,大村,ＧⅢ,４　４５４　３　５６６,2022-06-01,2022-06-06,24,大村,一般,５１６　５２５　１６５４,2021-10-04,2021-10-08,24,大村,一般,５　５４２　４５５３,2020-01-25,2020-01-30,24,大村,一般,４５１　　　５４５３３３,3583,齋藤 智裕,2024-12-23,2024-12-29,24,大村,一般,２　６２６　４４４　５３４,2024-03-26,2024-04-01,24,大村,一般,４　６３６　２　５５６　５,2020-03-08,2020-03-14,24,大村,一般,６　１６４　４５２　５６３３,2018-12-16,2018-12-21,24,大村,一般,６　６１５　６２４　４５,2018-06-25,2018-06-29,24,大村,一般,４６２　１４５　３２,4020,川上 清人,2025-10-14,2025-10-18,24,大村,一般,６　６５５５４　６,2025-01-07,2025-01-10,24,大村,一般,５５６　５５３,2024-04-27,2024-04-30,24,大村,一般,１４６　３３５,2021-06-09,2021-06-12,24,大村,一般,４４２　４６６６,2020-06-26,2020-06-30,24,大村,一般,５　３６３　１５１６,5289,,,,,,,,,,,,,,,,,,,,,,,,,,,,,,,
