レースコード,レース日,レース場コード,レース回,艇1_登録番号,艇1_選手名,艇1_前1節_開始日,艇1_前1節_終了日,艇1_前1節_場コード,艇1_前1節_場名,艇1_前1節_グレード,艇1_前1節_着順列,艇1_前2節_開始日,艇1_前2節_終了日,艇1_前2節_場コード,艇1_前2節_場名,艇1_前2節_グレード,艇1_前2節_着順列,艇1_前3節_開始日,艇1_前3節_終了日,艇1_前3節_場コード,艇1_前3節_場名,艇1_前3節_グレード,艇1_前3節_着順列,艇1_前4節_開始日,艇1_前4節_終了日,艇1_前4節_場コード,艇1_前4節_場名,艇1_前4節_グレード,艇1_前4節_着順列,艇1_前5節_開始日,艇1_前5節_終了日,艇1_前5節_場コード,艇1_前5節_場名,艇1_前5節_グレード,艇1_前5節_着順列,艇2_登録番号,艇2_選手名,艇2_前1節_開始日,艇2_前1節_終了日,艇2_前1節_場コード,艇2_前1節_場名,艇2_前1節_グレード,艇2_前1節_着順列,艇2_前2節_開始日,艇2_前2節_終了日,艇2_前2節_場コード,艇2_前2節_場名,艇2_前2節_グレード,艇2_前2節_着順列,艇2_前3節_開始日,艇2_前3節_終了日,艇2_前3節_場コード,艇2_前3節_場名,艇2_前3節_グレード,艇2_前3節_着順列,艇2_前4節_開始日,艇2_前4節_終了日,艇2_前4節_場コード,艇2_前4節_場名,艇2_前4節_グレード,艇2_前4節_着順列,艇2_前5節_開始日,艇2_前5節_終了日,艇2_前5節_場コード,艇2_前5節_場名,艇2_前5節_グレード,艇2_前5節_着順列,艇3_登録番号,艇3_選手名,艇3_前1節_開始日,艇3_前1節_終了日,艇3_前1節_場コード,艇3_前1節_場名,艇3_前1節_グレード,艇3_前1節_着順列,艇3_前2節_開始日,艇3_前2節_終了日,艇3_前2節_場コード,艇3_前2節_場名,艇3_前2節_グレード,艇3_前2節_着順列,艇3_前3節_開始日,艇3_前3節_終了日,艇3_前3節_場コード,艇3_前3節_場名,艇3_前3節_グレード,艇3_前3節_着順列,艇3_前4節_開始日,艇3_前4節_終了日,艇3_前4節_場コード,艇3_前4節_場名,艇3_前4節_グレード,艇3_前4節_着順列,艇3_前5節_開始日,艇3_前5節_終了日,艇3_前5節_場コード,艇3_前5節_場名,艇3_前5節_グレード,艇3_前5節_着順列,艇4_登録番号,艇4_選手名,艇4_前1節_開始日,艇4_前1節_終了日,艇4_前1節_場コード,艇4_前1節_場名,艇4_前1節_グレード,艇4_前1節_着順列,艇4_前2節_開始日,艇4_前2節_終了日,艇4_前2節_場コード,艇4_前2節_場名,艇4_前2節_グレード,艇4_前2節_着順列,艇4_前3節_開始日,艇4_前3節_終了日,艇4_前3節_場コード,艇4_前3節_場名,艇4_前3節_グレード,艇4_前3節_着順列,艇4_前4節_開始日,艇4_前4節_終了日,艇4_前4節_場コード,艇4_前4節_場名,艇4_前4節_グレード,艇4_前4節_着順列,艇4_前5節_開始日,艇4_前5節_終了日,艇4_前5節_場コード,艇4_前5節_場名,艇4_前5節_グレード,艇4_前5節_着順列,艇5_登録番号,艇5_選手名,艇5_前1節_開始日,艇5_前1節_終了日,艇5_前1節_場コード,艇5_前1節_場名,艇5_前1節_グレード,艇5_前1節_着順列,艇5_前2節_開始日,艇5_前2節_終了日,艇5_前2節_場コード,艇5_前2節_場名,艇5_前2節_グレード,艇5_前2節_着順列,艇5_前3節_開始日,艇5_前3節_終了日,艇5_前3節_場コード,艇5_前3節_場名,艇5_前3節_グレード,艇5_前3節_着順列,艇5_前4節_開始日,艇5_前4節_終了日,艇5_前4節_場コード,艇5_前4節_場名,艇5_前4節_グレード,艇5_前4節_着順列,艇5_前5節_開始日,艇5_前5節_終了日,艇5_前5節_場コード,艇5_前5節_場名,艇5_前5節_グレード,艇5_前5節_着順列,艇6_登録番号,艇6_選手名,艇6_前1節_開始日,艇6_前1節_終了日,艇6_前1節_場コード,艇6_前1節_場名,艇6_前1節_グレード,艇6_前1節_着順列,艇6_前2節_開始日,艇6_前2節_終了日,艇6_前2節_場コード,艇6_前2節_場名,艇6_前2節_グレード,艇6_前2節_着順列,艇6_前3節_開始日,艇6_前3節_終了日,艇6_前3節_場コード,艇6_前3節_場名,艇6_前3節_グレード,艇6_前3節_着順列,艇6_前4節_開始日,艇6_前4節_終了日,艇6_前4節_場コード,艇6_前4節_場名,艇6_前4節_グレード,艇6_前4節_着順列,艇6_前5節_開始日,艇6_前5節_終了日,艇6_前5節_場コード,艇6_前5節_場名,艇6_前5節_グレード,艇6_前5節_着順列
202607300401,2026-07-30,04,01R,5265,大廣 咲季,2025-04-13,2025-04-18,04,平和島,一般,１　５５４　６４５　１２,2024-08-25,2024-08-30,04,平和島,ＧⅢ,２　６６６６６４落　５５,2023-04-15,2023-04-20,04,平和島,一般,６　６４１　２６６２５,,,,,,,,,,,,,5317,長尾 萌加,2024-11-25,2024-11-30,04,平和島,一般,転　４３６２３４３３３４,,,,,,,,,,,,,,,,,,,,,,,,,5203,神里 琴音,2026-02-21,2026-02-26,04,平和島,一般,１６３５５　２６４　３５,2024-11-25,2024-11-30,04,平和島,一般,４４４　５４３６４６５６,2023-04-15,2023-04-20,04,平和島,一般,５　６６５　５４６　６５,,,,,,,,,,,,,5436,市川 瑚幸,2026-06-24,2026-06-28,04,平和島,一般,６６６　４６,2026-05-12,2026-05-16,04,平和島,一般,６　５　６６６５６５,2026-02-12,2026-02-17,04,平和島,ＧⅢ,６　６６６　６６６　６６,,,,,,,,,,,,,4225,土屋 千明,2026-01-14,2026-01-18,04,平和島,一般,５　２２４２１６２転,2025-07-29,2025-08-03,04,平和島,一般,３２１　３４１４２１,2024-11-25,2024-11-30,04,平和島,一般,２　２３２４２２２４３３,2023-11-27,2023-11-30,04,平和島,一般,４３２　１２４１,2023-04-15,2023-04-20,04,平和島,一般,１６２　３３４３１４１２,5380,野田 亜湖,2026-03-02,2026-03-06,04,平和島,一般,６　６　６　５６６,,,,,,,,,,,,,,,,,,,,,,,,
202607300402,2026-07-30,04,02R,5314,中曽 瑠華,2026-06-24,2026-06-28,04,平和島,一般,　　　　　　４１,2025-10-01,2025-10-05,04,平和島,一般,６　５　５５６６６,2025-09-13,2025-09-18,04,平和島,一般,　　　　　　　　　　５転,2025-05-11,2025-05-16,04,平和島,一般,６　３F５　６　６　６,2024-08-25,2024-08-30,04,平和島,ＧⅢ,６転５　５６６　５６５,4286,平田 さやか,2026-02-12,2026-02-17,04,平和島,ＧⅢ,２１６　５２４２４６３２,2025-08-16,2025-08-21,04,平和島,一般,４　１４３２４　１５２５,2025-04-13,2025-04-18,04,平和島,一般,４６１　３３３　３４４,2023-12-04,2023-12-09,04,平和島,一般,転４５　４５２２１４４１,2023-04-15,2023-04-20,04,平和島,一般,２５２３１３４　４２[５],5165,小林 愛実,2025-04-13,2025-04-18,04,平和島,一般,４２３　６２５　１６６,2024-08-25,2024-08-30,04,平和島,ＧⅢ,３４５　４１３３３３２３,2022-08-02,2022-08-07,04,平和島,一般,６　３６２４F３５　６,,,,,,,,,,,,,5347,井澤 聖奈,2026-04-03,2026-04-08,04,平和島,一般,４　５　４６６５６　６F,2024-11-25,2024-11-30,04,平和島,一般,　　　　　　　　　　６６,2024-10-11,2024-10-16,04,平和島,一般,６　４　６６６６６　６,2024-08-25,2024-08-30,04,平和島,ＧⅢ,６　６５５　６５６６６,,,,,,,5322,根岸 真優,2025-03-06,2025-03-10,04,平和島,一般,５　６６６　６３６４,2023-12-04,2023-12-09,04,平和島,一般,４　６６６　５６５F６,,,,,,,,,,,,,,,,,,,5389,,,,,,,,,,,,,,,,,,,,,,,,,,,,,,,
202607300403,2026-07-30,04,03R,5361,植竹 玲奈,2026-06-24,2026-06-28,04,平和島,一般,６　５６２４５４,2026-02-21,2026-02-26,04,平和島,一般,４４６　６６５　５６３,2025-04-13,2025-04-18,04,平和島,一般,６６６　６　６６６　６４,2025-03-06,2025-03-10,04,平和島,一般,６　６４６　５６６,2024-12-26,2024-12-31,04,平和島,一般,５６５　４５４６６　６６,4546,浜田 亜理沙,2025-03-15,2025-03-20,04,平和島,ＧⅠ,６５４　３２１　６２４,2024-08-25,2024-08-30,04,平和島,ＧⅢ,１２５　２F２　４　３,2024-02-03,2024-02-08,04,平和島,ＧⅠ,３４１　２　４１６　２２,2023-04-15,2023-04-20,04,平和島,一般,２　３１２５２１２２[１],2022-04-15,2022-04-20,04,平和島,一般,２４４２２　１１１４５６,4893,渡邉 真奈美,2026-05-03,2026-05-08,04,平和島,一般,２２６　１６５　１２１６,2026-03-09,2026-03-14,04,平和島,一般,４　６１５２１４３　４１,2025-01-20,2025-01-25,04,平和島,一般,６　３６６　４欠,2024-10-11,2024-10-16,04,平和島,一般,１４５　３４４　１３３４,2023-10-16,2023-10-21,04,平和島,ＧⅢ,４６６　転　３６６　３１,4746,大豆生田 蒼,2026-02-12,2026-02-17,04,平和島,ＧⅢ,３１６　５６３１２１５,2024-11-25,2024-11-30,04,平和島,一般,１３３５２１２　１２[妨],2024-08-25,2024-08-30,04,平和島,ＧⅢ,６　１２４１４３２５３１,2022-10-22,2022-10-26,04,平和島,一般,２２F６５　６　６,2022-06-21,2022-06-24,04,平和島,一般,１　３６３３６６,5362,中嶋 世奈,2026-04-03,2026-04-08,04,平和島,一般,６　６５６　４５４　転５,2025-04-21,2025-04-24,04,平和島,一般,失　６５６　６６,,,,,,,,,,,,,,,,,,,5231,寺田 空詩,2024-04-13,2024-04-18,04,平和島,一般,２４２　４４５　５３１落,2023-11-27,2023-11-30,04,平和島,一般,５　３６６５４,,,,,,,,,,,,,,,,,,
202607300404,2026-07-30,04,04R,4765,野田部 宏子,2026-04-24,2026-04-29,04,平和島,一般,１　４４３６４　５４６,2025-03-26,2025-03-30,04,平和島,一般,１５３　６転３　５１,2024-09-15,2024-09-19,04,平和島,一般,F１３　６　５　４,2023-02-09,2023-02-14,04,平和島,ＧⅢ,５４１　４１６４４　６６,2022-08-02,2022-08-07,04,平和島,一般,２６６　２F５　４　６,5324,,,,,,,,,,,,,,,,,,,,,,,,,,,,,,,,5326,三嶌 さらら,2025-03-26,2025-03-30,04,平和島,一般,５　６　６６６５６,,,,,,,,,,,,,,,,,,,,,,,,,4891,寺島 美里,2025-08-16,2025-08-21,04,平和島,一般,５　６６エ　４６２　４,2025-04-13,2025-04-18,04,平和島,一般,３５６　６１５　１４１３,2024-11-25,2024-11-30,04,平和島,一般,６４１　１５５６４４４３,2023-10-16,2023-10-21,04,平和島,ＧⅢ,４３５　６２３　５　５１,2023-04-15,2023-04-20,04,平和島,一般,２２６　２３３３１６２４,4714,喜多須 杏奈,2024-08-25,2024-08-30,04,平和島,ＧⅢ,３４５４６２４　１２５２,2024-04-13,2024-04-18,04,平和島,一般,２２５　１５２３２６２６,2022-01-25,2022-01-30,04,平和島,一般,５３２　６５１４４　４２,2020-05-18,2020-05-23,04,平和島,ＧⅢ,４６５　４４３　１２２１,2019-09-27,2019-09-30,04,平和島,一般,３５３　１５２６,4117,廣中 智紗衣,2026-02-12,2026-02-17,04,平和島,ＧⅢ,２１３２５　４６５６３１,2025-09-13,2025-09-18,04,平和島,一般,６　３２３　４１２３４４,2025-04-13,2025-04-18,04,平和島,一般,３　３６２２１４３１[４],2024-08-25,2024-08-30,04,平和島,ＧⅢ,２４１６１　１２４１[３],2024-02-03,2024-02-08,04,平和島,ＧⅠ,３　６　５２５　５２５
202607300405,2026-07-30,04,05R,4853,前原 哉,2026-04-11,2026-04-14,04,平和島,一般,６　４５３　５２,2025-04-13,2025-04-18,04,平和島,一般,４　５２１　１４３４４６,2017-05-11,2017-05-16,04,平和島,一般,２６４　４４６　６２２１,2017-03-03,2017-03-07,04,平和島,一般,２　６６,,,,,,,4244,鈴木 成美,2025-05-11,2025-05-16,04,平和島,一般,５　２６５４１　１６１,2024-12-26,2024-12-31,04,平和島,一般,５２５６５　３２４　２５,2024-06-22,2024-06-25,04,平和島,一般,４２３　５２３５,2023-10-16,2023-10-21,04,平和島,ＧⅢ,３　４４４　１５３１１４,2023-04-15,2023-04-20,04,平和島,一般,１５６　２６１４３　２５,5194,大久保 佑香,2025-04-13,2025-04-18,04,平和島,一般,５　４４５　F４５　６,2024-12-26,2024-12-31,04,平和島,一般,３　６６５１４５６　３１,2023-12-04,2023-12-09,04,平和島,一般,５６５　６　４６４３６６,2023-10-16,2023-10-21,04,平和島,ＧⅢ,２６３　２６６　１　２４,2022-02-04,2022-02-09,04,平和島,一般,６４５　６５３　４　４３,5203,神里 琴音,2026-02-21,2026-02-26,04,平和島,一般,１６３５５　２６４　３５,2024-11-25,2024-11-30,04,平和島,一般,４４４　５４３６４６５６,2023-04-15,2023-04-20,04,平和島,一般,５　６６５　５４６　６５,,,,,,,,,,,,,5380,野田 亜湖,2026-03-02,2026-03-06,04,平和島,一般,６　６　６　５６６,,,,,,,,,,,,,,,,,,,,,,,,,4464,山下 友貴,2026-02-12,2026-02-17,04,平和島,ＧⅢ,１　４５１１２　４５１１,2024-12-26,2024-12-31,04,平和島,一般,４１５５３　６６５　４２,2023-12-13,2023-12-18,04,平和島,一般,１２６　５５４　５　５６,2022-04-15,2022-04-20,04,平和島,一般,１３２　４３２５４６１２,2021-07-01,2021-07-06,04,平和島,ＧⅢ,６　２２１　２６１４１６
202607300406,2026-07-30,04,06R,4190,長嶋 万記,2025-10-01,2025-10-05,04,平和島,一般,１１５３４　５５３３,2025-04-13,2025-04-18,04,平和島,一般,４６６１３　F１３　２,2021-07-01,2021-07-06,04,平和島,ＧⅢ,６４３　３１３１３３３３,2020-11-12,2020-11-17,04,平和島,一般,１３１　６４６４２５３転,2019-11-28,2019-12-01,04,平和島,ＧⅠ,６６４　４　１６,5241,門田 栞,2026-03-09,2026-03-14,04,平和島,一般,１２２　１４１６５６３５,2025-04-13,2025-04-18,04,平和島,一般,６５１　４５３　３　２２,2024-08-25,2024-08-30,04,平和島,ＧⅢ,３３転４５,,,,,,,,,,,,,5251,沼田 七華,2025-04-13,2025-04-18,04,平和島,一般,５　３４５　F６６　５,2025-01-29,2025-02-03,04,平和島,一般,転６６　５　３６６　４,2024-04-02,2024-04-07,04,平和島,一般,６６６　６６４　５　６５,2023-10-16,2023-10-21,04,平和島,ＧⅢ,６　４転６　６６６　５６,,,,,,,5314,中曽 瑠華,2026-06-24,2026-06-28,04,平和島,一般,　　　　　　４１,2025-10-01,2025-10-05,04,平和島,一般,６　５　５５６６６,2025-09-13,2025-09-18,04,平和島,一般,　　　　　　　　　　５転,2025-05-11,2025-05-16,04,平和島,一般,６　３F５　６　６　６,2024-08-25,2024-08-30,04,平和島,ＧⅢ,６転５　５６６　５６５,5347,井澤 聖奈,2026-04-03,2026-04-08,04,平和島,一般,４　５　４６６５６　６F,2024-11-25,2024-11-30,04,平和島,一般,　　　　　　　　　　６６,2024-10-11,2024-10-16,04,平和島,一般,６　４　６６６６６　６,2024-08-25,2024-08-30,04,平和島,ＧⅢ,６　６５５　６５６６６,,,,,,,4123,細川 裕子,2026-01-14,2026-01-18,04,平和島,一般,５１４５２　２４３１,2025-10-01,2025-10-05,04,平和島,一般,３２１５３　２２[４],2023-12-13,2023-12-18,04,平和島,一般,２５６１３６４　１５２６,2023-04-15,2023-04-20,04,平和島,一般,１３１２４　２１２１[３],2019-04-20,2019-04-25,04,平和島,ＧⅢ,１４３　３２２３１４２６
202607300407,2026-07-30,04,07R,5362,中嶋 世奈,2026-04-03,2026-04-08,04,平和島,一般,６　６５６　４５４　転５,2025-04-21,2025-04-24,04,平和島,一般,失　６５６　６６,,,,,,,,,,,,,,,,,,,4443,津田 裕絵,2026-04-11,2026-04-14,04,平和島,一般,３２２３６　５５,2022-06-21,2022-06-24,04,平和島,一般,５５２　５６４,2022-02-04,2022-02-09,04,平和島,一般,１　２２３２１４６３２２,2021-07-01,2021-07-06,04,平和島,ＧⅢ,３　３２４４５３３　２１,2017-12-06,2017-12-10,04,平和島,一般,４３１６６　３４１,5265,大廣 咲季,2025-04-13,2025-04-18,04,平和島,一般,１　５５４　６４５　１２,2024-08-25,2024-08-30,04,平和島,ＧⅢ,２　６６６６６４落　５５,2023-04-15,2023-04-20,04,平和島,一般,６　６４１　２６６２５,,,,,,,,,,,,,4680,後藤 美翼,2026-02-12,2026-02-17,04,平和島,ＧⅢ,１４５　４２２　１４４４,2025-04-13,2025-04-18,04,平和島,一般,３　不６２　６２３　５４,2025-01-20,2025-01-25,04,平和島,一般,５２２　２１５４５５６６,2024-11-25,2024-11-30,04,平和島,一般,２３２２１　１４４５４１,2023-11-27,2023-11-30,04,平和島,一般,１４５１４　１５,5389,,,,,,,,,,,,,,,,,,,,,,,,,,,,,,,,4569,中澤 宏奈,2026-06-24,2026-06-28,04,平和島,一般,４３２６４　４１,2026-05-03,2026-05-08,04,平和島,一般,４　２４２　４４２５２,2026-02-12,2026-02-17,04,平和島,ＧⅢ,６　１５６　６３５　１１,2024-11-25,2024-11-30,04,平和島,一般,３　１２３４転２４　３６,2023-11-27,2023-11-30,04,平和島,一般,５６５　１６１
202607300408,2026-07-30,04,08R,4714,喜多須 杏奈,2024-08-25,2024-08-30,04,平和島,ＧⅢ,３４５４６２４　１２５２,2024-04-13,2024-04-18,04,平和島,一般,２２５　１５２３２６２６,2022-01-25,2022-01-30,04,平和島,一般,５３２　６５１４４　４２,2020-05-18,2020-05-23,04,平和島,ＧⅢ,４６５　４４３　１２２１,2019-09-27,2019-09-30,04,平和島,一般,３５３　１５２６,4893,渡邉 真奈美,2026-05-03,2026-05-08,04,平和島,一般,２２６　１６５　１２１６,2026-03-09,2026-03-14,04,平和島,一般,４　６１５２１４３　４１,2025-01-20,2025-01-25,04,平和島,一般,６　３６６　４欠,2024-10-11,2024-10-16,04,平和島,一般,１４５　３４４　１３３４,2023-10-16,2023-10-21,04,平和島,ＧⅢ,４６６　転　３６６　３１,5322,根岸 真優,2025-03-06,2025-03-10,04,平和島,一般,５　６６６　６３６４,2023-12-04,2023-12-09,04,平和島,一般,４　６６６　５６５F６,,,,,,,,,,,,,,,,,,,5324,,,,,,,,,,,,,,,,,,,,,,,,,,,,,,,,5436,市川 瑚幸,2026-06-24,2026-06-28,04,平和島,一般,６６６　４６,2026-05-12,2026-05-16,04,平和島,一般,６　５　６６６５６５,2026-02-12,2026-02-17,04,平和島,ＧⅢ,６　６６６　６６６　６６,,,,,,,,,,,,,4845,前田 紗希,2025-04-13,2025-04-18,04,平和島,一般,４　１２落欠,2023-10-16,2023-10-21,04,平和島,ＧⅢ,５　２１５２２６２２[５],2022-08-02,2022-08-07,04,平和島,一般,２３４２１　２欠,2021-04-24,2021-04-29,04,平和島,一般,４４１　４F４　４　４,2020-05-18,2020-05-23,04,平和島,ＧⅢ,２３６　６５３　２６５５
202607300409,2026-07-30,04,09R,5326,三嶌 さらら,2025-03-26,2025-03-30,04,平和島,一般,５　６　６６６５６,,,,,,,,,,,,,,,,,,,,,,,,,4689,豊田 結,2026-02-21,2026-02-26,04,平和島,一般,３２５５１５５　３５３４,2025-04-13,2025-04-18,04,平和島,一般,２４６　３３１　１６１３,2024-11-25,2024-11-30,04,平和島,一般,５　１１１　２５２１[落],2019-04-20,2019-04-25,04,平和島,ＧⅢ,６６転,2018-03-22,2018-03-25,04,平和島,一般,２１３６６１１６,4891,寺島 美里,2025-08-16,2025-08-21,04,平和島,一般,５　６６エ　４６２　４,2025-04-13,2025-04-18,04,平和島,一般,３５６　６１５　１４１３,2024-11-25,2024-11-30,04,平和島,一般,６４１　１５５６４４４３,2023-10-16,2023-10-21,04,平和島,ＧⅢ,４３５　６２３　５　５１,2023-04-15,2023-04-20,04,平和島,一般,２２６　２３３３１６２４,4225,土屋 千明,2026-01-14,2026-01-18,04,平和島,一般,５　２２４２１６２転,2025-07-29,2025-08-03,04,平和島,一般,３２１　３４１４２１,2024-11-25,2024-11-30,04,平和島,一般,２　２３２４２２２４３３,2023-11-27,2023-11-30,04,平和島,一般,４３２　１２４１,2023-04-15,2023-04-20,04,平和島,一般,１６２　３３４３１４１２,4853,前原 哉,2026-04-11,2026-04-14,04,平和島,一般,６　４５３　５２,2025-04-13,2025-04-18,04,平和島,一般,４　５２１　１４３４４６,2017-05-11,2017-05-16,04,平和島,一般,２６４　４４６　６２２１,2017-03-03,2017-03-07,04,平和島,一般,２　６６,,,,,,,5361,植竹 玲奈,2026-06-24,2026-06-28,04,平和島,一般,６　５６２４５４,2026-02-21,2026-02-26,04,平和島,一般,４４６　６６５　５６３,2025-04-13,2025-04-18,04,平和島,一般,６６６　６　６６６　６４,2025-03-06,2025-03-10,04,平和島,一般,６　６４６　５６６,2024-12-26,2024-12-31,04,平和島,一般,５６５　４５４６６　６６
202607300410,2026-07-30,04,10R,4746,大豆生田 蒼,2026-02-12,2026-02-17,04,平和島,ＧⅢ,３１６　５６３１２１５,2024-11-25,2024-11-30,04,平和島,一般,１３３５２１２　１２[妨],2024-08-25,2024-08-30,04,平和島,ＧⅢ,６　１２４１４３２５３１,2022-10-22,2022-10-26,04,平和島,一般,２２F６５　６　６,2022-06-21,2022-06-24,04,平和島,一般,１　３６３３６６,5165,小林 愛実,2025-04-13,2025-04-18,04,平和島,一般,４２３　６２５　１６６,2024-08-25,2024-08-30,04,平和島,ＧⅢ,３４５　４１３３３３２３,2022-08-02,2022-08-07,04,平和島,一般,６　３６２４F３５　６,,,,,,,,,,,,,4765,野田部 宏子,2026-04-24,2026-04-29,04,平和島,一般,１　４４３６４　５４６,2025-03-26,2025-03-30,04,平和島,一般,１５３　６転３　５１,2024-09-15,2024-09-19,04,平和島,一般,F１３　６　５　４,2023-02-09,2023-02-14,04,平和島,ＧⅢ,５４１　４１６４４　６６,2022-08-02,2022-08-07,04,平和島,一般,２６６　２F５　４　６,4546,浜田 亜理沙,2025-03-15,2025-03-20,04,平和島,ＧⅠ,６５４　３２１　６２４,2024-08-25,2024-08-30,04,平和島,ＧⅢ,１２５　２F２　４　３,2024-02-03,2024-02-08,04,平和島,ＧⅠ,３４１　２　４１６　２２,2023-04-15,2023-04-20,04,平和島,一般,２　３１２５２１２２[１],2022-04-15,2022-04-20,04,平和島,一般,２４４２２　１１１４５６,4244,鈴木 成美,2025-05-11,2025-05-16,04,平和島,一般,５　２６５４１　１６１,2024-12-26,2024-12-31,04,平和島,一般,５２５６５　３２４　２５,2024-06-22,2024-06-25,04,平和島,一般,４２３　５２３５,2023-10-16,2023-10-21,04,平和島,ＧⅢ,３　４４４　１５３１１４,2023-04-15,2023-04-20,04,平和島,一般,１５６　２６１４３　２５,4286,平田 さやか,2026-02-12,2026-02-17,04,平和島,ＧⅢ,２１６　５２４２４６３２,2025-08-16,2025-08-21,04,平和島,一般,４　１４３２４　１５２５,2025-04-13,2025-04-18,04,平和島,一般,４６１　３３３　３４４,2023-12-04,2023-12-09,04,平和島,一般,転４５　４５２２１４４１,2023-04-15,2023-04-20,04,平和島,一般,２５２３１３４　４２[５]
202607300411,2026-07-30,04,11R,4680,後藤 美翼,2026-02-12,2026-02-17,04,平和島,ＧⅢ,１４５　４２２　１４４４,2025-04-13,2025-04-18,04,平和島,一般,３　不６２　６２３　５４,2025-01-20,2025-01-25,04,平和島,一般,５２２　２１５４５５６６,2024-11-25,2024-11-30,04,平和島,一般,２３２２１　１４４５４１,2023-11-27,2023-11-30,04,平和島,一般,１４５１４　１５,5194,大久保 佑香,2025-04-13,2025-04-18,04,平和島,一般,５　４４５　F４５　６,2024-12-26,2024-12-31,04,平和島,一般,３　６６５１４５６　３１,2023-12-04,2023-12-09,04,平和島,一般,５６５　６　４６４３６６,2023-10-16,2023-10-21,04,平和島,ＧⅢ,２６３　２６６　１　２４,2022-02-04,2022-02-09,04,平和島,一般,６４５　６５３　４　４３,4190,長嶋 万記,2025-10-01,2025-10-05,04,平和島,一般,１１５３４　５５３３,2025-04-13,2025-04-18,04,平和島,一般,４６６１３　F１３　２,2021-07-01,2021-07-06,04,平和島,ＧⅢ,６４３　３１３１３３３３,2020-11-12,2020-11-17,04,平和島,一般,１３１　６４６４２５３転,2019-11-28,2019-12-01,04,平和島,ＧⅠ,６６４　４　１６,5241,門田 栞,2026-03-09,2026-03-14,04,平和島,一般,１２２　１４１６５６３５,2025-04-13,2025-04-18,04,平和島,一般,６５１　４５３　３　２２,2024-08-25,2024-08-30,04,平和島,ＧⅢ,３３転４５,,,,,,,,,,,,,4443,津田 裕絵,2026-04-11,2026-04-14,04,平和島,一般,３２２３６　５５,2022-06-21,2022-06-24,04,平和島,一般,５５２　５６４,2022-02-04,2022-02-09,04,平和島,一般,１　２２３２１４６３２２,2021-07-01,2021-07-06,04,平和島,ＧⅢ,３　３２４４５３３　２１,2017-12-06,2017-12-10,04,平和島,一般,４３１６６　３４１,5317,長尾 萌加,2024-11-25,2024-11-30,04,平和島,一般,転　４３６２３４３３３４,,,,,,,,,,,,,,,,,,,,,,,,
202607300412,2026-07-30,04,12R,4961,西橋 奈未,2021-03-01,2021-03-06,04,平和島,一般,２３１１２　３２６１[３],2021-01-15,2021-01-18,04,平和島,一般,３３２１３　５１,2019-09-04,2019-09-09,04,平和島,一般,５１２　１５４５１　５２,2017-05-11,2017-05-16,04,平和島,一般,５　４６１　５転６　５２,,,,,,,4825,倉持 莉々,2026-03-09,2026-03-14,04,平和島,一般,３１４　５３１３２５２２,2025-08-16,2025-08-21,04,平和島,一般,３　５２１４１　３５１５,2025-05-11,2025-05-16,04,平和島,一般,２６４　４３２　２４５,2025-01-20,2025-01-25,04,平和島,一般,２４２５２　１F６　６,2024-10-11,2024-10-16,04,平和島,一般,６　１１１　３２２４１５,5174,川井 萌,2024-11-25,2024-11-30,04,平和島,一般,３　６２３５１２１１[３],2023-08-22,2023-08-25,04,平和島,一般,１２４６４　２３,2022-08-02,2022-08-07,04,平和島,一般,４４転　５６２　１２４１,2022-04-15,2022-04-20,04,平和島,一般,　　　　　　　　　　５３,2022-03-04,2022-03-09,04,平和島,一般,６　５５５　６２４　６６,4208,三浦 永理,2026-03-09,2026-03-14,04,平和島,一般,６５３１３１１　２１[２],2023-10-16,2023-10-21,04,平和島,ＧⅢ,１２５　１４３１１１[３],2021-03-01,2021-03-06,04,平和島,一般,４　４１４６２６３１４３,2016-12-26,2016-12-31,04,平和島,ＧⅠ,６３１４３　１２６　３３,2016-11-28,2016-12-03,04,平和島,一般,２５１１３　６１４２[６],4627,藤原 菜希,2026-02-12,2026-02-17,04,平和島,ＧⅢ,４　４１２　６１６２[２],2025-03-15,2025-03-20,04,平和島,ＧⅠ,６５６　３　１６３　２６,2024-02-03,2024-02-08,04,平和島,ＧⅠ,５６２　１　４１５　４２,2023-10-16,2023-10-21,04,平和島,ＧⅢ,１６４　２１１２４２[６],2023-08-22,2023-08-25,04,平和島,一般,２１１４３１[２],4419,原 加央理,2024-10-11,2024-10-16,04,平和島,一般,１２１　３２２　５３６１,2023-11-18,2023-11-23,04,平和島,一般,５６６　５　５２３　４１,2023-02-09,2023-02-14,04,平和島,ＧⅢ,４６４　１４エ,2022-10-22,2022-10-26,04,平和島,一般,２３１　５６６　１２,2021-07-01,2021-07-06,04,平和島,ＧⅢ,４５３　１２３　３５１６
202607300801,2026-07-30,08,01R,5137,川原 涼,2024-12-03,2024-12-06,08,常滑,一般,２　１４１３３,2024-02-25,2024-02-29,08,常滑,一般,５　３４４５６　５２,2024-01-10,2024-01-14,08,常滑,一般,１４４１１　２１[５],2023-12-13,2023-12-18,08,常滑,一般,４３３　４　５１３６４２,2023-08-02,2023-08-05,08,常滑,一般,５５２　６１６５,5288,尾道 佳諭,2025-05-22,2025-05-26,08,常滑,一般,６６５　６　２６５４,2024-07-21,2024-07-24,08,常滑,一般,６６６　６　６６,2024-02-25,2024-02-29,08,常滑,一般,５６６　６　４６６５,2023-10-27,2023-10-30,08,常滑,一般,３　転４６６６,2023-08-02,2023-08-05,08,常滑,一般,６　６６６６６,5282,中本 大樹,2025-07-28,2025-08-02,08,常滑,一般,４　６３２　６６６１５５,2024-03-26,2024-03-29,08,常滑,一般,６　６４６６３,2024-02-16,2024-02-19,08,常滑,一般,６　６６３５F,2022-12-23,2022-12-26,08,常滑,一般,６５６　６　６６,,,,,,,5253,藤井 太雅,2025-02-08,2025-02-11,08,常滑,一般,６　３４２３５１,2024-04-19,2024-04-22,08,常滑,一般,６６６　６６６６,2023-08-18,2023-08-21,08,常滑,一般,６５６　転６６６,2023-07-11,2023-07-14,08,常滑,一般,６　１６６　５６,,,,,,,5404,,,,,,,,,,,,,,,,,,,,,,,,,,,,,,,,5175,島崎 丈一朗,2025-04-25,2025-05-01,08,常滑,一般,６６４５６　６　６　６　５４,2024-12-03,2024-12-06,08,常滑,一般,４５５　５　３６,2024-07-14,2024-07-17,08,常滑,一般,５２６　６４１５,2024-02-25,2024-02-29,08,常滑,一般,３　４３４　５３１１,2023-12-13,2023-12-18,08,常滑,一般,６２３　５４６　５２４
202607300802,2026-07-30,08,02R,5127,沼田 大都,2025-12-29,2026-01-03,08,常滑,一般,４　５６５　６２３　３５,2025-07-28,2025-08-02,08,常滑,一般,１　４１４５６１４転３３,2025-03-25,2025-03-30,08,常滑,一般,１３５　２４４６４６１,2024-12-30,2025-01-04,08,常滑,一般,４６３　転　３４３　２２,2024-11-06,2024-11-09,08,常滑,一般,　　　　　　５４,5352,西岡 蒼志,2025-07-28,2025-08-02,08,常滑,一般,３　５２２　４４４５３５,,,,,,,,,,,,,,,,,,,,,,,,,5222,津田 陸翔,2025-07-28,2025-08-02,08,常滑,一般,３　１３落欠,2023-12-13,2023-12-18,08,常滑,一般,２　５５３４２　３４２２,2023-02-10,2023-02-13,08,常滑,一般,６　５６５　４４,,,,,,,,,,,,,5197,中野 仁照,2026-05-03,2026-05-08,08,常滑,一般,１　１２F４３　５　４,2025-08-10,2025-08-15,08,常滑,一般,４５２４４　１４３　５,2025-07-28,2025-08-02,08,常滑,一般,３５３４１F５　２　４,2025-05-03,2025-05-08,08,常滑,一般,２４１　２４１３４６１４,2025-03-09,2025-03-14,08,常滑,ＧⅠ,２　６３１　６５５６６,5145,島川 海輝,2025-09-25,2025-09-30,08,常滑,一般,１１３２５２５　４３４１,2024-07-05,2024-07-08,08,常滑,一般,２　５５６１１１,2022-08-19,2022-08-23,08,常滑,一般,１　２欠６６６　３５,,,,,,,,,,,,,5368,宮崎 心之介,2026-05-11,2026-05-15,08,常滑,一般,２５５　３　１１３５,2025-07-28,2025-08-02,08,常滑,一般,３３４　６　６６５４４２,,,,,,,,,,,,,,,,,,
202607300803,2026-07-30,08,03R,5308,藤森 拓海,2025-02-22,2025-02-25,08,常滑,一般,６６３６転　５４,,,,,,,,,,,,,,,,,,,,,,,,,5252,荒木 颯斗,2026-06-04,2026-06-08,08,常滑,一般,１　１６１１３２[２],2026-05-03,2026-05-08,08,常滑,一般,２　５５３１５６６　１,2025-12-29,2026-01-03,08,常滑,一般,６　５１３　１３４６５５,2025-07-28,2025-08-02,08,常滑,一般,１　３２３　２５１４２５,2024-12-30,2025-01-04,08,常滑,一般,６　２３５３６　４　４１,5379,廣部 大明,2025-10-31,2025-11-04,08,常滑,一般,６　６４５　５転５,2025-04-25,2025-05-01,08,常滑,一般,４５６　５６４　６　６　４６,2025-03-01,2025-03-04,08,常滑,一般,６　６６４６６６,,,,,,,,,,,,,5150,坂本 雄紀,2025-07-28,2025-08-02,08,常滑,一般,５F２　４　４　５　１,2024-09-21,2024-09-24,08,常滑,一般,１　３４１５４５,2024-05-17,2024-05-20,08,常滑,一般,５６１　４１１３,2022-12-09,2022-12-13,08,常滑,一般,６　１４３　５６１６,2022-10-11,2022-10-16,08,常滑,一般,５　１６６　６６５４６,5394,福西 広太郎,2025-11-11,2025-11-16,08,常滑,一般,５５６　６６５　４　４６,,,,,,,,,,,,,,,,,,,,,,,,,5034,若林 義人,2026-02-05,2026-02-10,08,常滑,ＧⅠ,４　１６５　１３１　１６,2025-03-09,2025-03-14,08,常滑,ＧⅠ,４　１　６５６　３６４,2023-12-13,2023-12-18,08,常滑,一般,５　４２２１６２６３３２,2022-07-09,2022-07-12,08,常滑,一般,３５５４４　４３,2022-03-04,2022-03-08,08,常滑,一般,２５５　１５６４２４
202607300804,2026-07-30,08,04R,5271,,,,,,,,,,,,,,,,,,,,,,,,,,,,,,,,5300,横田 海人,2026-05-03,2026-05-08,08,常滑,一般,６　６５６　６６６　６５,2025-03-25,2025-03-30,08,常滑,一般,F　６　６　６　６　６５,2024-12-03,2024-12-06,08,常滑,一般,　　　　　　５５,2024-10-12,2024-10-15,08,常滑,一般,６　２６６６３６,2024-06-23,2024-06-26,08,常滑,一般,６６４　６６６,5134,大原 祥昌,2024-12-21,2024-12-24,08,常滑,一般,１４４　２４３２,2023-12-13,2023-12-18,08,常滑,一般,５　３１６　６３３３３５,,,,,,,,,,,,,,,,,,,5092,篠原 晟弥,2025-01-31,2025-02-03,08,常滑,一般,６　２３５４６４,2023-07-11,2023-07-14,08,常滑,一般,５２５１１６２４,,,,,,,,,,,,,,,,,,,5135,仲 航太,2026-06-04,2026-06-08,08,常滑,一般,５４４６４　２　１１,2024-07-21,2024-07-24,08,常滑,一般,４２６　５３３２,2024-02-25,2024-02-29,08,常滑,一般,６　６４３２５　２３,2022-11-04,2022-11-07,08,常滑,一般,６転５　６　６４,2021-12-09,2021-12-14,08,常滑,一般,２４４　５５４　４　３５,5066,鈴木 孝明,2025-11-11,2025-11-16,08,常滑,一般,３　３６１　１２２５３６,2025-01-16,2025-01-19,08,常滑,一般,１１３　５F６,2023-06-11,2023-06-16,08,常滑,ＧⅢ,５　３１６　２３２２６,2022-12-01,2022-12-04,08,常滑,一般,１　６６２４４３,2022-06-25,2022-06-28,08,常滑,一般,２　５６４２４５
202607300805,2026-07-30,08,05R,5289,佃 來紀,2024-12-12,2024-12-15,08,常滑,一般,４６３　６３３３,2024-05-17,2024-05-20,08,常滑,一般,３５６　６２５,2023-11-21,2023-11-24,08,常滑,一般,６１３　５６６転,,,,,,,,,,,,,5348,,,,,,,,,,,,,,,,,,,,,,,,,,,,,,,,5407,,,,,,,,,,,,,,,,,,,,,,,,,,,,,,,,5280,廣瀬 凜,2025-03-25,2025-03-30,08,常滑,一般,５　２２６１２３２３４３,2024-02-16,2024-02-19,08,常滑,一般,３４４　６４６,2023-07-11,2023-07-14,08,常滑,一般,４３６　６４４６,2023-07-02,2023-07-06,08,常滑,一般,　　　　　　５４F,2023-02-10,2023-02-13,08,常滑,一般,４　６６１６６４,5212,西川 拓利,2025-07-28,2025-08-02,08,常滑,一般,２３３　２３１２２２[５],2025-03-25,2025-03-30,08,常滑,一般,３　５６５５６５１　２２,2025-02-08,2025-02-11,08,常滑,一般,４３５５４　３,2024-11-27,2024-11-30,08,常滑,一般,２　５５３６５３,2024-08-18,2024-08-21,08,常滑,一般,３３２　１６３５,5364,金子 怜央,2026-04-24,2026-04-29,08,常滑,一般,６５５　５５６　６６５,2025-04-18,2025-04-22,08,常滑,一般,６６６　６　６６６６,,,,,,,,,,,,,,,,,,
202607300806,2026-07-30,08,06R,5234,塚越 海斗,2024-10-26,2024-10-29,08,常滑,一般,１６３　２６２３,2024-05-24,2024-05-27,08,常滑,一般,２４３　１５２６,2024-02-02,2024-02-05,08,常滑,一般,２　５２４６３１,2023-10-01,2023-10-04,08,常滑,一般,２　５２６２５３,2023-07-02,2023-07-06,08,常滑,一般,６　５４５６５　２４,5219,森口 和紀,2025-03-25,2025-03-30,08,常滑,一般,５２４４５　２５４　４F,2024-06-15,2024-06-18,08,常滑,一般,２４６　５４４２,,,,,,,,,,,,,,,,,,,5243,三馬 崇史,2025-05-30,2025-06-03,08,常滑,一般,５１４　２６１３４,,,,,,,,,,,,,,,,,,,,,,,,,5282,中本 大樹,2025-07-28,2025-08-02,08,常滑,一般,４　６３２　６６６１５５,2024-03-26,2024-03-29,08,常滑,一般,６　６４６６３,2024-02-16,2024-02-19,08,常滑,一般,６　６６３５F,2022-12-23,2022-12-26,08,常滑,一般,６５６　６　６６,,,,,,,5228,若林 樹蘭,2025-11-11,2025-11-16,08,常滑,一般,２４２３１２３　１４２４,2025-02-08,2025-02-11,08,常滑,一般,４６４２２４１３,2023-08-18,2023-08-21,08,常滑,一般,６　１２３５３５,2023-05-26,2023-05-29,08,常滑,一般,４４４　６５６,2022-08-27,2022-08-30,08,常滑,一般,５６４　４　６４,5345,牧村 俊輝,2026-06-29,2026-07-04,08,常滑,一般,３３５　４３６　５　２６,2026-02-14,2026-02-18,08,常滑,一般,　　　　　　　　５５,2025-12-29,2026-01-03,08,常滑,一般,４　６６６　６６６５４,2025-08-10,2025-08-15,08,常滑,一般,６５６　６５６　６５４,2025-03-01,2025-03-04,08,常滑,一般,６５６６６　６
202607300807,2026-07-30,08,07R,5352,西岡 蒼志,2025-07-28,2025-08-02,08,常滑,一般,３　５２２　４４４５３５,,,,,,,,,,,,,,,,,,,,,,,,,5226,藤田 俊祐,2025-03-25,2025-03-30,08,常滑,一般,３１１５１６１　１２[３],2023-09-25,2023-09-28,08,常滑,一般,４　３３４１３６,2022-12-01,2022-12-04,08,常滑,一般,４５５　２　２５,2022-10-11,2022-10-16,08,常滑,一般,５２２　５　５６５５５３,2022-04-15,2022-04-19,08,常滑,一般,６３５６４　５　４６,5085,中村 栄治,2025-07-06,2025-07-11,08,常滑,一般,６３５　６　２６５　４１,2025-02-22,2025-02-25,08,常滑,一般,２４６　４　６２,2022-09-03,2022-09-06,08,常滑,一般,６３４　６　１５,,,,,,,,,,,,,5432,,,,,,,,,,,,,,,,,,,,,,,,,,,,,,,,4983,前田 篤哉,2026-05-19,2026-05-24,08,常滑,一般,１６２２１２１１１１[２],2026-02-05,2026-02-10,08,常滑,ＧⅠ,３　６４６　１　２６６,2025-11-19,2025-11-23,08,常滑,一般,１４１３３　１６１２,2025-08-10,2025-08-15,08,常滑,一般,２５１妨１　４　６　３２,2025-05-03,2025-05-08,08,常滑,一般,１６３３６２２　３５１３,5288,尾道 佳諭,2025-05-22,2025-05-26,08,常滑,一般,６６５　６　２６５４,2024-07-21,2024-07-24,08,常滑,一般,６６６　６　６６,2024-02-25,2024-02-29,08,常滑,一般,５６６　６　４６６５,2023-10-27,2023-10-30,08,常滑,一般,３　転４６６６,2023-08-02,2023-08-05,08,常滑,一般,６　６６６６６
202607300808,2026-07-30,08,08R,5279,石渡 翔一郎,2025-09-18,2025-09-22,08,常滑,一般,５５１　５３１　３１,2024-05-24,2024-05-27,08,常滑,一般,１　５６５３４３,2023-09-25,2023-09-28,08,常滑,一般,５６６　６　４６,,,,,,,,,,,,,5299,,,,,,,,,,,,,,,,,,,,,,,,,,,,,,,,5404,,,,,,,,,,,,,,,,,,,,,,,,,,,,,,,,5368,宮崎 心之介,2026-05-11,2026-05-15,08,常滑,一般,２５５　３　１１３５,2025-07-28,2025-08-02,08,常滑,一般,３３４　６　６６５４４２,,,,,,,,,,,,,,,,,,,5379,廣部 大明,2025-10-31,2025-11-04,08,常滑,一般,６　６４５　５転５,2025-04-25,2025-05-01,08,常滑,一般,４５６　５６４　６　６　４６,2025-03-01,2025-03-04,08,常滑,一般,６　６６４６６６,,,,,,,,,,,,,5132,中野 希一,2024-12-12,2024-12-15,08,常滑,一般,３１２　３１[３],2024-09-21,2024-09-24,08,常滑,一般,６３５　３　２４,2024-07-05,2024-07-08,08,常滑,一般,５６４　３　１３,2021-07-29,2021-08-02,08,常滑,一般,６　５４５　６５５５,2021-02-26,2021-03-01,08,常滑,一般,F５４　６　６
202607300809,2026-07-30,08,09R,5092,篠原 晟弥,2025-01-31,2025-02-03,08,常滑,一般,６　２３５４６４,2023-07-11,2023-07-14,08,常滑,一般,５２５１１６２４,,,,,,,,,,,,,,,,,,,5253,藤井 太雅,2025-02-08,2025-02-11,08,常滑,一般,６　３４２３５１,2024-04-19,2024-04-22,08,常滑,一般,６６６　６６６６,2023-08-18,2023-08-21,08,常滑,一般,６５６　転６６６,2023-07-11,2023-07-14,08,常滑,一般,６　１６６　５６,,,,,,,5127,沼田 大都,2025-12-29,2026-01-03,08,常滑,一般,４　５６５　６２３　３５,2025-07-28,2025-08-02,08,常滑,一般,１　４１４５６１４転３３,2025-03-25,2025-03-30,08,常滑,一般,１３５　２４４６４６１,2024-12-30,2025-01-04,08,常滑,一般,４６３　転　３４３　２２,2024-11-06,2024-11-09,08,常滑,一般,　　　　　　５４,5394,福西 広太郎,2025-11-11,2025-11-16,08,常滑,一般,５５６　６６５　４　４６,,,,,,,,,,,,,,,,,,,,,,,,,5289,佃 來紀,2024-12-12,2024-12-15,08,常滑,一般,４６３　６３３３,2024-05-17,2024-05-20,08,常滑,一般,３５６　６２５,2023-11-21,2023-11-24,08,常滑,一般,６１３　５６６転,,,,,,,,,,,,,5286,坂井 滉哉,2026-05-11,2026-05-15,08,常滑,一般,２４４　１３３６４５,2025-04-25,2025-05-01,08,常滑,一般,２　２６５６１　４　４　１１,2025-01-16,2025-01-19,08,常滑,一般,６６４　４　５４,,,,,,,,,,,,
202607300810,2026-07-30,08,10R,5212,西川 拓利,2025-07-28,2025-08-02,08,常滑,一般,２３３　２３１２２２[５],2025-03-25,2025-03-30,08,常滑,一般,３　５６５５６５１　２２,2025-02-08,2025-02-11,08,常滑,一般,４３５５４　３,2024-11-27,2024-11-30,08,常滑,一般,２　５５３６５３,2024-08-18,2024-08-21,08,常滑,一般,３３２　１６３５,5175,島崎 丈一朗,2025-04-25,2025-05-01,08,常滑,一般,６６４５６　６　６　６　５４,2024-12-03,2024-12-06,08,常滑,一般,４５５　５　３６,2024-07-14,2024-07-17,08,常滑,一般,５２６　６４１５,2024-02-25,2024-02-29,08,常滑,一般,３　４３４　５３１１,2023-12-13,2023-12-18,08,常滑,一般,６２３　５４６　５２４,5197,中野 仁照,2026-05-03,2026-05-08,08,常滑,一般,１　１２F４３　５　４,2025-08-10,2025-08-15,08,常滑,一般,４５２４４　１４３　５,2025-07-28,2025-08-02,08,常滑,一般,３５３４１F５　２　４,2025-05-03,2025-05-08,08,常滑,一般,２４１　２４１３４６１４,2025-03-09,2025-03-14,08,常滑,ＧⅠ,２　６３１　６５５６６,5228,若林 樹蘭,2025-11-11,2025-11-16,08,常滑,一般,２４２３１２３　１４２４,2025-02-08,2025-02-11,08,常滑,一般,４６４２２４１３,2023-08-18,2023-08-21,08,常滑,一般,６　１２３５３５,2023-05-26,2023-05-29,08,常滑,一般,４４４　６５６,2022-08-27,2022-08-30,08,常滑,一般,５６４　４　６４,5308,藤森 拓海,2025-02-22,2025-02-25,08,常滑,一般,６６３６転　５４,,,,,,,,,,,,,,,,,,,,,,,,,5300,横田 海人,2026-05-03,2026-05-08,08,常滑,一般,６　６５６　６６６　６５,2025-03-25,2025-03-30,08,常滑,一般,F　６　６　６　６　６５,2024-12-03,2024-12-06,08,常滑,一般,　　　　　　５５,2024-10-12,2024-10-15,08,常滑,一般,６　２６６６３６,2024-06-23,2024-06-26,08,常滑,一般,６６４　６６６
202607300811,2026-07-30,08,11R,5150,坂本 雄紀,2025-07-28,2025-08-02,08,常滑,一般,５F２　４　４　５　１,2024-09-21,2024-09-24,08,常滑,一般,１　３４１５４５,2024-05-17,2024-05-20,08,常滑,一般,５６１　４１１３,2022-12-09,2022-12-13,08,常滑,一般,６　１４３　５６１６,2022-10-11,2022-10-16,08,常滑,一般,５　１６６　６６５４６,5201,村上 宗太郎,2025-03-25,2025-03-30,08,常滑,一般,１３４　１５５２２６１５,2021-12-09,2021-12-14,08,常滑,一般,６　５６３　６５５　５５,2021-09-16,2021-09-19,08,常滑,一般,６　６５４　３５,2021-07-23,2021-07-26,08,常滑,一般,６６６　６　６６,,,,,,,5376,吉田 一心,2025-03-01,2025-03-04,08,常滑,一般,２６５５５　３５,2024-11-27,2024-11-30,08,常滑,一般,６　６６６　５６,,,,,,,,,,,,,,,,,,,5134,大原 祥昌,2024-12-21,2024-12-24,08,常滑,一般,１４４　２４３２,2023-12-13,2023-12-18,08,常滑,一般,５　３１６　６３３３３５,,,,,,,,,,,,,,,,,,,5137,川原 涼,2024-12-03,2024-12-06,08,常滑,一般,２　１４１３３,2024-02-25,2024-02-29,08,常滑,一般,５　３４４５６　５２,2024-01-10,2024-01-14,08,常滑,一般,１４４１１　２１[５],2023-12-13,2023-12-18,08,常滑,一般,４３３　４　５１３６４２,2023-08-02,2023-08-05,08,常滑,一般,５５２　６１６５,5226,藤田 俊祐,2025-03-25,2025-03-30,08,常滑,一般,３１１５１６１　１２[３],2023-09-25,2023-09-28,08,常滑,一般,４　３３４１３６,2022-12-01,2022-12-04,08,常滑,一般,４５５　２　２５,2022-10-11,2022-10-16,08,常滑,一般,５２２　５　５６５５５３,2022-04-15,2022-04-19,08,常滑,一般,６３５６４　５　４６
202607300812,2026-07-30,08,12R,4983,前田 篤哉,2026-05-19,2026-05-24,08,常滑,一般,１６２２１２１１１１[２],2026-02-05,2026-02-10,08,常滑,ＧⅠ,３　６４６　１　２６６,2025-11-19,2025-11-23,08,常滑,一般,１４１３３　１６１２,2025-08-10,2025-08-15,08,常滑,一般,２５１妨１　４　６　３２,2025-05-03,2025-05-08,08,常滑,一般,１６３３６２２　３５１３,5034,若林 義人,2026-02-05,2026-02-10,08,常滑,ＧⅠ,４　１６５　１３１　１６,2025-03-09,2025-03-14,08,常滑,ＧⅠ,４　１　６５６　３６４,2023-12-13,2023-12-18,08,常滑,一般,５　４２２１６２６３３２,2022-07-09,2022-07-12,08,常滑,一般,３５５４４　４３,2022-03-04,2022-03-08,08,常滑,一般,２５５　１５６４２４,5066,鈴木 孝明,2025-11-11,2025-11-16,08,常滑,一般,３　３６１　１２２５３６,2025-01-16,2025-01-19,08,常滑,一般,１１３　５F６,2023-06-11,2023-06-16,08,常滑,ＧⅢ,５　３１６　２３２２６,2022-12-01,2022-12-04,08,常滑,一般,１　６６２４４３,2022-06-25,2022-06-28,08,常滑,一般,２　５６４２４５,5132,中野 希一,2024-12-12,2024-12-15,08,常滑,一般,３１２　３１[３],2024-09-21,2024-09-24,08,常滑,一般,６３５　３　２４,2024-07-05,2024-07-08,08,常滑,一般,５６４　３　１３,2021-07-29,2021-08-02,08,常滑,一般,６　５４５　６５５５,2021-02-26,2021-03-01,08,常滑,一般,F５４　６　６,5234,塚越 海斗,2024-10-26,2024-10-29,08,常滑,一般,１６３　２６２３,2024-05-24,2024-05-27,08,常滑,一般,２４３　１５２６,2024-02-02,2024-02-05,08,常滑,一般,２　５２４６３１,2023-10-01,2023-10-04,08,常滑,一般,２　５２６２５３,2023-07-02,2023-07-06,08,常滑,一般,６　５４５６５　２４,5280,廣瀬 凜,2025-03-25,2025-03-30,08,常滑,一般,５　２２６１２３２３４３,2024-02-16,2024-02-19,08,常滑,一般,３４４　６４６,2023-07-11,2023-07-14,08,常滑,一般,４３６　６４４６,2023-07-02,2023-07-06,08,常滑,一般,　　　　　　５４F,2023-02-10,2023-02-13,08,常滑,一般,４　６６１６６４
202607301001,2026-07-30,10,01R,4505,島田 賢人,2025-09-04,2025-09-09,10,三国,一般,５　２５５６３２５　５２,2025-05-13,2025-05-18,10,三国,一般,２　５１５３３３２２[６],2023-07-24,2023-07-29,10,三国,一般,１４５４１４５３３６１５,2023-04-25,2023-04-28,10,三国,一般,２２１６３２[６],2023-03-07,2023-03-12,10,三国,一般,１２１　４６４４１５１１,4843,深尾 巴恵,2024-12-07,2024-12-12,10,三国,一般,６３３　５６６　２　５５,2024-03-20,2024-03-25,10,三国,一般,５５３　３　２５２６妨２,2022-07-12,2022-07-17,10,三国,ＧⅢ,６　４３２　２　５６６４,2021-08-31,2021-09-05,10,三国,ＧⅢ,６５３　３　４６６　２,,,,,,,3722,西村 秀樹,2023-11-12,2023-11-15,10,三国,一般,５　１６５２５,2020-06-24,2020-06-28,10,三国,一般,４　６２４　５４６,2020-01-10,2020-01-13,10,三国,一般,３　５６,2019-01-22,2019-01-27,10,三国,一般,３　４５２　１４６　５４,2015-05-23,2015-05-28,10,三国,一般,５　５５２　４４２　２５,4143,浦田 晃嗣,2025-06-18,2025-06-21,10,三国,一般,６　２６５　５６,2024-07-17,2024-07-22,10,三国,一般,５　２３１　５５１　４５,2023-11-12,2023-11-15,10,三国,一般,４３４　４４５４,2022-02-24,2022-03-01,10,三国,一般,６　４１６　欠欠,2021-02-22,2021-02-28,10,三国,一般,４１１　５５１４３２３４２３,5144,中尾 彩香,2026-03-24,2026-03-29,10,三国,ＧⅢ,２　６１４　２４２５５３,2025-11-12,2025-11-17,10,三国,一般,４４１　１２２６５６１２,2025-05-13,2025-05-18,10,三国,一般,４６６　３　５１３５２２,2023-08-03,2023-08-07,10,三国,一般,５　５転,2022-11-04,2022-11-09,10,三国,一般,６　５６６　４転５　５６,3350,藤本 佳史,2025-12-24,2025-12-27,10,三国,一般,４１５　３　５１,2025-07-04,2025-07-09,10,三国,一般,３　５５２１６４４　５２,2024-10-01,2024-10-06,10,三国,ＧⅢ,３３２　４１３５２６１６,2022-09-01,2022-09-05,10,三国,一般,４１３２４　欠欠,2021-05-21,2021-05-26,10,三国,一般,１３４５１２欠
202607301002,2026-07-30,10,02R,4486,野村 誠,2026-05-23,2026-05-28,10,三国,一般,１　３６４１３　２４２３,2025-07-22,2025-07-27,10,三国,一般,１３２１１　２４６５１５,2024-11-11,2024-11-15,10,三国,一般,２１４　３１４１[６],2020-04-12,2020-04-15,10,三国,一般,３４１　２５３２,2019-12-25,2019-12-29,10,三国,一般,５２３　　　１４２２,4926,吉川 貴仁,2026-02-17,2026-02-21,10,三国,一般,１４４１２F５　１,2025-09-16,2025-09-20,10,三国,一般,１６１２２２３５１１,2025-06-10,2025-06-14,10,三国,一般,５３１６３１２６１１,2025-01-25,2025-01-29,10,三国,一般,３２２３３１３１[２],2024-08-16,2024-08-21,10,三国,一般,４２１２１　２２５２[４],4380,鈴木 峻佑,2025-09-04,2025-09-09,10,三国,一般,３５３　６５３　３　６１,2025-05-02,2025-05-07,10,三国,一般,１　４３４　５６１　４１,2025-01-02,2025-01-07,10,三国,一般,４　６６５　２　３５２５,2024-09-21,2024-09-25,10,三国,一般,２　４５６３５　４１,2024-02-19,2024-02-24,10,三国,一般,６２４　５２６５５　４５,4766,石井 孝之,2026-04-05,2026-04-10,10,三国,一般,F３５　５　６　４　６,2025-04-21,2025-04-25,10,三国,一般,４１３　５３４６１１,2025-02-13,2025-02-16,10,三国,一般,４３６　４３５２,2024-04-22,2024-04-27,10,三国,一般,５　４４６　６３２　５２,2024-01-26,2024-01-30,10,三国,一般,４５６　６３５　欠欠,3303,渡辺 豊,2026-07-07,2026-07-12,10,三国,ＧⅢ,２　４４２　５６１６４,2025-01-25,2025-01-29,10,三国,一般,１３２４転,2024-04-22,2024-04-27,10,三国,一般,１６２１５５２妨３　１３,2022-05-22,2022-05-26,10,三国,一般,５　５５５６６　４４,2021-12-25,2021-12-28,10,三国,一般,３３１　１２[６],5461,,,,,,,,,,,,,,,,,,,,,,,,,,,,,,,
202607301003,2026-07-30,10,03R,4415,下出 卓矢,2026-05-02,2026-05-07,10,三国,一般,４　４２５１１１２６２６,2025-12-30,2026-01-04,10,三国,一般,２６２　２F３１１　１,2025-10-11,2025-10-13,10,三国,一般,４　６２６,2025-08-14,2025-08-19,10,三国,一般,１６１３４　２１６３４１,2025-07-31,2025-08-05,10,三国,ＧⅠ,５　２　３６４　６６６５,4725,佐竹 太一,2023-04-25,2023-04-28,10,三国,一般,４　１５２５４３,2021-04-30,2021-05-06,10,三国,一般,６　２４６　３１５１４６,2019-04-16,2019-04-21,10,三国,一般,２５５　４５５　５６６,2018-07-26,2018-07-30,10,三国,一般,５２４　F３５　４,2018-04-12,2018-04-15,10,三国,一般,２６６　６　６５,4159,向後 龍一,2025-10-17,2025-10-22,10,三国,一般,２３３　２４２　３３４２,2024-08-25,2024-08-30,10,三国,一般,４５３　２２４２１４１４,2022-10-26,2022-10-31,10,三国,一般,４３１２４２１　４３５２,2022-03-05,2022-03-08,10,三国,一般,４　４５１４３２,2021-12-25,2021-12-28,10,三国,一般,１２５　３３５３,4461,安田 吉宏,2026-01-07,2026-01-10,10,三国,一般,４　５３５６５,2024-08-16,2024-08-21,10,三国,一般,６　６　６２５２４　４５,2023-06-23,2023-06-28,10,三国,一般,６　６５５　６６,2022-11-22,2022-11-27,10,三国,一般,４２３　５５６　４４３,2022-04-30,2022-05-05,10,三国,一般,４５１　４４４　３　３４,5373,諏訪 玲奈,2025-09-26,2025-09-29,10,三国,一般,６　６４６　６５,,,,,,,,,,,,,,,,,,,,,,,,,3577,向所 浩二,2026-05-14,2026-05-18,10,三国,一般,２　１４３３３４３５,2025-12-30,2026-01-04,10,三国,一般,５４５　６６５　６　２,2025-08-14,2025-08-19,10,三国,一般,５１３　１５３　２４１３,2025-05-22,2025-05-26,10,三国,一般,６　３２２２４６１６,2024-11-11,2024-11-15,10,三国,一般,３５３　１５１３２
202607301004,2026-07-30,10,04R,4608,荒井 翔伍,2025-10-04,2025-10-07,10,三国,一般,２４２　３４４転,2024-09-02,2024-09-07,10,三国,ＧⅡ,２　６５３　２５５　２４,2021-12-25,2021-12-28,10,三国,一般,４３３　転３５２,2021-10-12,2021-10-17,10,三国,ＧⅢ,３　４６４３２２１６２６,2021-06-29,2021-07-04,10,三国,ＧⅡ,４　２５６,4752,西尾 亮輔,2025-05-13,2025-05-18,10,三国,一般,６　２５１６２　６３３３,2021-09-19,2021-09-23,10,三国,一般,６　３１３４４　６６,2019-03-10,2019-03-14,10,三国,一般,４　４４３　３１３３,2018-12-22,2018-12-27,10,三国,一般,６　３２５　５３４４２６,2017-07-14,2017-07-19,10,三国,一般,４３５　５２５　５４６２,5154,村松 栄太,2025-02-13,2025-02-16,10,三国,一般,３　３４６１３１,2024-04-13,2024-04-18,10,三国,一般,６　６３２　３５４１２５,2021-12-03,2021-12-07,10,三国,一般,６　転欠,2021-07-23,2021-07-28,10,三国,一般,６　転４４　５６２　６６,2021-05-09,2021-05-14,10,三国,一般,６　６　６６４　６６６,4895,門間 雄大,2025-06-10,2025-06-14,10,三国,一般,５　６６５　２　３５,2024-10-13,2024-10-18,10,三国,一般,２　６３４　４４６２６３,2024-04-06,2024-04-10,10,三国,一般,４　３５５１５５,2023-12-23,2023-12-28,10,三国,一般,５２５　６５５　４５４３,2022-03-05,2022-03-08,10,三国,一般,３１４２３６６６,3581,加木 郁,2026-03-16,2026-03-19,10,三国,一般,４　４３３３５３,2022-09-12,2022-09-17,10,三国,ＧⅢ,４３４６４　３６４　３５,2019-08-09,2019-08-12,10,三国,一般,４　３１５６３２,2018-07-13,2018-07-18,10,三国,一般,４３２　３５４　４２４５,2017-02-25,2017-03-01,10,三国,一般,４　４４３１２３３２,4804,高田 ひかる,2024-11-01,2024-11-06,10,三国,ＧⅢ,１１２５５　３４１３２６,2024-07-17,2024-07-22,10,三国,一般,１５１　５２５５３　転３,2023-09-09,2023-09-14,10,三国,ＧⅠ,６２F　６　６５６　５,2022-11-04,2022-11-09,10,三国,一般,１６２２２２１１１３４１,2022-06-03,2022-06-07,10,三国,一般,３１１１１４４３１１
202607301005,2026-07-30,10,05R,4695,尾崎 雄二,2026-02-17,2026-02-21,10,三国,一般,１１５　３４２５３１,2024-12-23,2024-12-28,10,三国,一般,５１１　５４４欠,2019-08-29,2019-09-03,10,三国,一般,５　３５１　５５５６５６,2019-03-19,2019-03-25,10,三国,一般,６６６　６　５４６,,,,,,,4664,東口 晃,2026-06-11,2026-06-16,10,三国,一般,５１４　６６４　４　５２,2026-05-02,2026-05-07,10,三国,一般,３　２３４６４　１４２３,2026-04-14,2026-04-19,10,三国,一般,６　１５４１３　２４２６,2026-02-06,2026-02-11,10,三国,一般,５６６　１　５６５,2025-08-14,2025-08-19,10,三国,一般,６　２４４　２６５３６,4744,伊藤 玲奈,2026-03-24,2026-03-29,10,三国,ＧⅢ,１　３６６４５　６,2025-11-12,2025-11-17,10,三国,一般,３２４　５５５　４３１,2025-07-13,2025-07-18,10,三国,一般,２５６　２６５　６６１４,2025-03-10,2025-03-15,10,三国,一般,１４２　３３３　２５５３,2024-06-07,2024-06-12,10,三国,一般,３６６　３４４　３　４６,4661,中島 昂章,2026-01-31,2026-02-03,10,三国,一般,２４３　４　３１,2025-07-13,2025-07-18,10,三国,一般,２　４２３３４４２６５４,2023-11-30,2023-12-03,10,三国,一般,４１１１２転３,2016-07-02,2016-07-06,10,三国,一般,５　２転５２５　４,2015-10-07,2015-10-12,10,三国,一般,２２３　５４妨　５　６２,4104,木下 陽介,2026-05-23,2026-05-28,10,三国,一般,６６４　２　６１４６５,2025-09-04,2025-09-09,10,三国,一般,３　２２１２６１２６４４,2024-08-06,2024-08-09,10,三国,一般,１　６５F４６,2023-05-16,2023-05-21,10,三国,一般,３　１２６４５　４２５４,2022-03-16,2022-03-21,10,三国,一般,３１２　６１１　５６１４,4308,河村 了,2026-01-07,2026-01-10,10,三国,一般,１６５４２　１,2025-09-04,2025-09-09,10,三国,一般,５３１５２　２１３４１１,2025-05-13,2025-05-18,10,三国,一般,１５３　５欠,2024-05-24,2024-05-29,10,三国,ＧⅢ,５２３１２２１１６１[４],2024-02-28,2024-03-02,10,三国,一般,５２２１１３４２
202607301006,2026-07-30,10,06R,4380,鈴木 峻佑,2025-09-04,2025-09-09,10,三国,一般,３５３　６５３　３　６１,2025-05-02,2025-05-07,10,三国,一般,１　４３４　５６１　４１,2025-01-02,2025-01-07,10,三国,一般,４　６６５　２　３５２５,2024-09-21,2024-09-25,10,三国,一般,２　４５６３５　４１,2024-02-19,2024-02-24,10,三国,一般,６２４　５２６５５　４５,4144,石塚 久也,2026-04-14,2026-04-19,10,三国,一般,２４３６　　１４１　６欠,2026-02-06,2026-02-11,10,三国,一般,１３５２２　１４２２,2025-10-04,2025-10-07,10,三国,一般,６５２２５３２４,2025-03-31,2025-04-05,10,三国,一般,３２１４３１２３１１[３],2024-10-23,2024-10-26,10,三国,一般,２６１２２３２１,5048,眞鳥 康太,2024-12-07,2024-12-12,10,三国,一般,２５６　２２４　２１３,2023-04-14,2023-04-19,10,三国,一般,１２３　５３４２３２[５],2020-12-25,2020-12-28,10,三国,一般,３　５５２　４４,,,,,,,,,,,,,4974,安井 瑞紀,2026-03-24,2026-03-29,10,三国,ＧⅢ,１１２　３５１４１２[１],2025-02-28,2025-03-06,10,三国,一般,５６６　６６６　３　５６,2024-06-07,2024-06-12,10,三国,一般,４　２３５　１１１２[３],2023-12-07,2023-12-12,10,三国,ＧⅢ,４２F　５　４　６　２,2023-11-03,2023-11-09,10,三国,一般,６１５　５５６　４　５３,4506,稗田 聖也,2024-07-17,2024-07-22,10,三国,一般,４６６　４６１４３　１６,2024-03-13,2024-03-17,10,三国,一般,６３１　４６５　６２,2022-10-05,2022-10-10,10,三国,一般,４１５　３１３３１５２５,2022-07-02,2022-07-05,10,三国,一般,２４５　５５１１,2019-05-13,2019-05-18,10,三国,一般,６４４　３２４　５４５,4143,浦田 晃嗣,2025-06-18,2025-06-21,10,三国,一般,６　２６５　５６,2024-07-17,2024-07-22,10,三国,一般,５　２３１　５５１　４５,2023-11-12,2023-11-15,10,三国,一般,４３４　４４５４,2022-02-24,2022-03-01,10,三国,一般,６　４１６　欠欠,2021-02-22,2021-02-28,10,三国,一般,４１１　５５１４３２３４２３
202607301007,2026-07-30,10,07R,4942,柴田 朋哉,2026-05-14,2026-05-18,10,三国,一般,６２２転２　３　４５,2024-06-16,2024-06-19,10,三国,一般,４２３　４２３,2023-12-23,2023-12-28,10,三国,一般,２　４４４４３６３　１５,2023-10-07,2023-10-12,10,三国,一般,２４３　５４５　２５３１,2019-10-03,2019-10-07,10,三国,一般,４　５　転,4210,松村 康太,2026-06-11,2026-06-16,10,三国,一般,２　５３３５３３３　１４,2026-05-02,2026-05-07,10,三国,一般,２６４５６エ,2026-03-16,2026-03-19,10,三国,一般,１５５３２　１３,2026-01-31,2026-02-03,10,三国,一般,２５５４３　３２,2025-12-30,2026-01-04,10,三国,一般,２４３１４　５４３　４２,3943,三松 直美,2022-07-12,2022-07-17,10,三国,ＧⅢ,２３３　４　５３５　F５,2022-03-26,2022-04-01,10,三国,一般,２　６１６　５６５２５２,2021-08-31,2021-09-05,10,三国,ＧⅢ,２　５２３　６５３２４,2020-03-07,2020-03-10,10,三国,一般,４　３５５２５,2019-05-01,2019-05-06,10,三国,一般,５　３４５　５１５　２３,4350,篠崎 元志,2025-07-31,2025-08-05,10,三国,ＧⅠ,６６３　４　４３２２１,2024-11-28,2024-12-03,10,三国,ＧⅠ,３３４　５　１５４２５２,2023-11-21,2023-11-26,10,三国,ＳＧ,１６５　６　４５６３３,2023-09-09,2023-09-14,10,三国,ＧⅠ,５　３５３　４１１１４,2021-11-04,2021-11-09,10,三国,ＧⅠ,４　２２５　１４６　２４,4843,深尾 巴恵,2024-12-07,2024-12-12,10,三国,一般,６３３　５６６　２　５５,2024-03-20,2024-03-25,10,三国,一般,５５３　３　２５２６妨２,2022-07-12,2022-07-17,10,三国,ＧⅢ,６　４３２　２　５６６４,2021-08-31,2021-09-05,10,三国,ＧⅢ,６５３　３　４６６　２,,,,,,,3158,島川 光男,2026-04-14,2026-04-19,10,三国,一般,１２４３５　１　３３３２,2025-12-12,2025-12-17,10,三国,一般,３　３２１２６２１４１４,2025-09-26,2025-09-29,10,三国,一般,２　２５２２[５],2025-06-18,2025-06-21,10,三国,一般,２３３１４３２１,2024-11-11,2024-11-15,10,三国,一般,６２１５５　３　５３
202607301008,2026-07-30,10,08R,5316,村松 将平,2025-12-12,2025-12-17,10,三国,一般,５　３４５　４５２　２１,2024-04-22,2024-04-27,10,三国,一般,６　６５６　４F５　６,2024-01-26,2024-01-30,10,三国,一般,４　６４６　転６５,,,,,,,,,,,,,4769,馬場 剛,2026-04-05,2026-04-10,10,三国,一般,６　１３１４１１６３２１,2025-08-26,2025-08-29,10,三国,一般,１　３５３３３１,2025-02-13,2025-02-16,10,三国,一般,１４２３３２[６],2022-06-03,2022-06-07,10,三国,一般,５５１１２３３不,2021-09-09,2021-09-14,10,三国,一般,３　２２３５２３２６１６,5373,諏訪 玲奈,2025-09-26,2025-09-29,10,三国,一般,６　６４６　６５,,,,,,,,,,,,,,,,,,,,,,,,,4077,品田 直樹,2025-11-21,2025-11-26,10,三国,一般,３　５４４５４　３６１,2025-01-14,2025-01-18,10,三国,一般,５５５　５３５　４,2022-06-03,2022-06-07,10,三国,一般,３　３２５２１５３４,2022-04-04,2022-04-08,10,三国,一般,２　６３３　４２６３,2020-07-26,2020-07-29,10,三国,一般,６　３５４　３６,5154,村松 栄太,2025-02-13,2025-02-16,10,三国,一般,３　３４６１３１,2024-04-13,2024-04-18,10,三国,一般,６　６３２　３５４１２５,2021-12-03,2021-12-07,10,三国,一般,６　転欠,2021-07-23,2021-07-28,10,三国,一般,６　転４４　５６２　６６,2021-05-09,2021-05-14,10,三国,一般,６　６　６６４　６６６,3576,白水 勝也,2025-12-12,2025-12-17,10,三国,一般,２３２２３　１１５１[５],2025-07-13,2025-07-18,10,三国,一般,１　エ４５F２　１　３,2024-09-21,2024-09-25,10,三国,一般,２５４１２３３１[３],2024-02-09,2024-02-13,10,三国,一般,１１１２１１４１[５],2023-07-24,2023-07-29,10,三国,一般,１５２３４２転２F１３
202607301009,2026-07-30,10,09R,4744,伊藤 玲奈,2026-03-24,2026-03-29,10,三国,ＧⅢ,１　３６６４５　６,2025-11-12,2025-11-17,10,三国,一般,３２４　５５５　４３１,2025-07-13,2025-07-18,10,三国,一般,２５６　２６５　６６１４,2025-03-10,2025-03-15,10,三国,一般,１４２　３３３　２５５３,2024-06-07,2024-06-12,10,三国,一般,３６６　３４４　３　４６,4505,島田 賢人,2025-09-04,2025-09-09,10,三国,一般,５　２５５６３２５　５２,2025-05-13,2025-05-18,10,三国,一般,２　５１５３３３２２[６],2023-07-24,2023-07-29,10,三国,一般,１４５４１４５３３６１５,2023-04-25,2023-04-28,10,三国,一般,２２１６３２[６],2023-03-07,2023-03-12,10,三国,一般,１２１　４６４４１５１１,4640,山ノ内 雅人,2025-12-12,2025-12-17,10,三国,一般,３４２２４　２６２　２３,2025-04-14,2025-04-18,10,三国,一般,２４１６６　１　５１,2024-02-09,2024-02-13,10,三国,一般,３２３　１４５６２５,2021-09-30,2021-10-05,10,三国,一般,１　５４１３１５１４１３,2020-05-14,2020-05-19,10,三国,一般,６５２　５　４２６１４３,4926,吉川 貴仁,2026-02-17,2026-02-21,10,三国,一般,１４４１２F５　１,2025-09-16,2025-09-20,10,三国,一般,１６１２２２３５１１,2025-06-10,2025-06-14,10,三国,一般,５３１６３１２６１１,2025-01-25,2025-01-29,10,三国,一般,３２２３３１３１[２],2024-08-16,2024-08-21,10,三国,一般,４２１２１　２２５２[４],4752,西尾 亮輔,2025-05-13,2025-05-18,10,三国,一般,６　２５１６２　６３３３,2021-09-19,2021-09-23,10,三国,一般,６　３１３４４　６６,2019-03-10,2019-03-14,10,三国,一般,４　４４３　３１３３,2018-12-22,2018-12-27,10,三国,一般,６　３２５　５３４４２６,2017-07-14,2017-07-19,10,三国,一般,４３５　５２５　５４６２,4725,佐竹 太一,2023-04-25,2023-04-28,10,三国,一般,４　１５２５４３,2021-04-30,2021-05-06,10,三国,一般,６　２４６　３１５１４６,2019-04-16,2019-04-21,10,三国,一般,２５５　４５５　５６６,2018-07-26,2018-07-30,10,三国,一般,５２４　F３５　４,2018-04-12,2018-04-15,10,三国,一般,２６６　６　６５
202607301010,2026-07-30,10,10R,5124,上瀧 絢也,2024-04-06,2024-04-10,10,三国,一般,６　５５３　２,,,,,,,,,,,,,,,,,,,,,,,,,3303,渡辺 豊,2026-07-07,2026-07-12,10,三国,ＧⅢ,２　４４２　５６１６４,2025-01-25,2025-01-29,10,三国,一般,１３２４転,2024-04-22,2024-04-27,10,三国,一般,１６２１５５２妨３　１３,2022-05-22,2022-05-26,10,三国,一般,５　５５５６６　４４,2021-12-25,2021-12-28,10,三国,一般,３３１　１２[６],4144,石塚 久也,2026-04-14,2026-04-19,10,三国,一般,２４３６　　１４１　６欠,2026-02-06,2026-02-11,10,三国,一般,１３５２２　１４２２,2025-10-04,2025-10-07,10,三国,一般,６５２２５３２４,2025-03-31,2025-04-05,10,三国,一般,３２１４３１２３１１[３],2024-10-23,2024-10-26,10,三国,一般,２６１２２３２１,3581,加木 郁,2026-03-16,2026-03-19,10,三国,一般,４　４３３３５３,2022-09-12,2022-09-17,10,三国,ＧⅢ,４３４６４　３６４　３５,2019-08-09,2019-08-12,10,三国,一般,４　３１５６３２,2018-07-13,2018-07-18,10,三国,一般,４３２　３５４　４２４５,2017-02-25,2017-03-01,10,三国,一般,４　４４３１２３３２,4415,下出 卓矢,2026-05-02,2026-05-07,10,三国,一般,４　４２５１１１２６２６,2025-12-30,2026-01-04,10,三国,一般,２６２　２F３１１　１,2025-10-11,2025-10-13,10,三国,一般,４　６２６,2025-08-14,2025-08-19,10,三国,一般,１６１３４　２１６３４１,2025-07-31,2025-08-05,10,三国,ＧⅠ,５　２　３６４　６６６５,4661,中島 昂章,2026-01-31,2026-02-03,10,三国,一般,２４３　４　３１,2025-07-13,2025-07-18,10,三国,一般,２　４２３３４４２６５４,2023-11-30,2023-12-03,10,三国,一般,４１１１２転３,2016-07-02,2016-07-06,10,三国,一般,５　２転５２５　４,2015-10-07,2015-10-12,10,三国,一般,２２３　５４妨　５　６２
202607301011,2026-07-30,10,11R,4766,石井 孝之,2026-04-05,2026-04-10,10,三国,一般,F３５　５　６　４　６,2025-04-21,2025-04-25,10,三国,一般,４１３　５３４６１１,2025-02-13,2025-02-16,10,三国,一般,４３６　４３５２,2024-04-22,2024-04-27,10,三国,一般,５　４４６　６３２　５２,2024-01-26,2024-01-30,10,三国,一般,４５６　６３５　欠欠,4506,稗田 聖也,2024-07-17,2024-07-22,10,三国,一般,４６６　４６１４３　１６,2024-03-13,2024-03-17,10,三国,一般,６３１　４６５　６２,2022-10-05,2022-10-10,10,三国,一般,４１５　３１３３１５２５,2022-07-02,2022-07-05,10,三国,一般,２４５　５５１１,2019-05-13,2019-05-18,10,三国,一般,６４４　３２４　５４５,3158,島川 光男,2026-04-14,2026-04-19,10,三国,一般,１２４３５　１　３３３２,2025-12-12,2025-12-17,10,三国,一般,３　３２１２６２１４１４,2025-09-26,2025-09-29,10,三国,一般,２　２５２２[５],2025-06-18,2025-06-21,10,三国,一般,２３３１４３２１,2024-11-11,2024-11-15,10,三国,一般,６２１５５　３　５３,4104,木下 陽介,2026-05-23,2026-05-28,10,三国,一般,６６４　２　６１４６５,2025-09-04,2025-09-09,10,三国,一般,３　２２１２６１２６４４,2024-08-06,2024-08-09,10,三国,一般,１　６５F４６,2023-05-16,2023-05-21,10,三国,一般,３　１２６４５　４２５４,2022-03-16,2022-03-21,10,三国,一般,３１２　６１１　５６１４,4159,向後 龍一,2025-10-17,2025-10-22,10,三国,一般,２３３　２４２　３３４２,2024-08-25,2024-08-30,10,三国,一般,４５３　２２４２１４１４,2022-10-26,2022-10-31,10,三国,一般,４３１２４２１　４３５２,2022-03-05,2022-03-08,10,三国,一般,４　４５１４３２,2021-12-25,2021-12-28,10,三国,一般,１２５　３３５３,4608,荒井 翔伍,2025-10-04,2025-10-07,10,三国,一般,２４２　３４４転,2024-09-02,2024-09-07,10,三国,ＧⅡ,２　６５３　２５５　２４,2021-12-25,2021-12-28,10,三国,一般,４３３　転３５２,2021-10-12,2021-10-17,10,三国,ＧⅢ,３　４６４３２２１６２６,2021-06-29,2021-07-04,10,三国,ＧⅡ,４　２５６
202607301012,2026-07-30,10,12R,4350,篠崎 元志,2025-07-31,2025-08-05,10,三国,ＧⅠ,６６３　４　４３２２１,2024-11-28,2024-12-03,10,三国,ＧⅠ,３３４　５　１５４２５２,2023-11-21,2023-11-26,10,三国,ＳＧ,１６５　６　４５６３３,2023-09-09,2023-09-14,10,三国,ＧⅠ,５　３５３　４１１１４,2021-11-04,2021-11-09,10,三国,ＧⅠ,４　２２５　１４６　２４,4804,高田 ひかる,2024-11-01,2024-11-06,10,三国,ＧⅢ,１１２５５　３４１３２６,2024-07-17,2024-07-22,10,三国,一般,１５１　５２５５３　転３,2023-09-09,2023-09-14,10,三国,ＧⅠ,６２F　６　６５６　５,2022-11-04,2022-11-09,10,三国,一般,１６２２２２１１１３４１,2022-06-03,2022-06-07,10,三国,一般,３１１１１４４３１１,4769,馬場 剛,2026-04-05,2026-04-10,10,三国,一般,６　１３１４１１６３２１,2025-08-26,2025-08-29,10,三国,一般,１　３５３３３１,2025-02-13,2025-02-16,10,三国,一般,１４２３３２[６],2022-06-03,2022-06-07,10,三国,一般,５５１１２３３不,2021-09-09,2021-09-14,10,三国,一般,３　２２３５２３２６１６,4486,野村 誠,2026-05-23,2026-05-28,10,三国,一般,１　３６４１３　２４２３,2025-07-22,2025-07-27,10,三国,一般,１３２１１　２４６５１５,2024-11-11,2024-11-15,10,三国,一般,２１４　３１４１[６],2020-04-12,2020-04-15,10,三国,一般,３４１　２５３２,2019-12-25,2019-12-29,10,三国,一般,５２３　　　１４２２,5048,眞鳥 康太,2024-12-07,2024-12-12,10,三国,一般,２５６　２２４　２１３,2023-04-14,2023-04-19,10,三国,一般,１２３　５３４２３２[５],2020-12-25,2020-12-28,10,三国,一般,３　５５２　４４,,,,,,,,,,,,,3722,西村 秀樹,2023-11-12,2023-11-15,10,三国,一般,５　１６５２５,2020-06-24,2020-06-28,10,三国,一般,４　６２４　５４６,2020-01-10,2020-01-13,10,三国,一般,３　５６,2019-01-22,2019-01-27,10,三国,一般,３　４５２　１４６　５４,2015-05-23,2015-05-28,10,三国,一般,５　５５２　４４２　２５
202607301101,2026-07-30,11,01R,4502,遠藤 エミ,2025-09-17,2025-09-22,11,びわこ,ＧⅠ,２１２　２　２５５　１３,2025-07-08,2025-07-13,11,びわこ,ＧⅡ,５３２　４　５４２　３２,2025-05-01,2025-05-06,11,びわこ,ＧⅢ,３５３１１１１１３１[２],2025-01-04,2025-01-09,11,びわこ,ＧⅢ,２１３１５１１１　　[１],2024-10-15,2024-10-20,11,びわこ,ＧⅡ,１　５２５６３２２　３１,3978,齊藤 仁,2025-12-04,2025-12-09,11,びわこ,ＧⅢ,１２２１４４４４２２[６],2025-05-29,2025-06-01,11,びわこ,一般,４１５１３５１２,2025-01-31,2025-02-05,11,びわこ,一般,２５３２３３１　２３３３,2023-10-01,2023-10-06,11,びわこ,ＧⅠ,１４６　３３２　５　１６,2023-06-27,2023-07-02,11,びわこ,ＧⅡ,３５５　４６４　６　４４,3959,坪井 康晴,2026-05-20,2026-05-25,11,びわこ,ＧⅡ,３　５５３４１　５４５,2026-01-16,2026-01-21,11,びわこ,ＧⅡ,１１４　２　３２２　[２],2025-09-17,2025-09-22,11,びわこ,ＧⅠ,６３１　４　４３１５３,2025-07-08,2025-07-13,11,びわこ,ＧⅡ,１３１　４　３４２　[６],2023-09-03,2023-09-08,11,びわこ,一般,１２２１２１２４１１[５],4932,新開 航,2025-01-31,2025-02-05,11,びわこ,一般,２２２１２１１１２１[１],2023-06-27,2023-07-02,11,びわこ,ＧⅡ,妨欠,2021-12-18,2021-12-23,11,びわこ,一般,１１４２１３６１３４１３,2020-10-26,2020-10-31,11,びわこ,一般,１１１２１１３２４１[１],2020-09-17,2020-09-22,11,びわこ,ＧⅠ,６２６　５　転４６　２,4459,片岡 雅裕,2026-05-20,2026-05-25,11,びわこ,ＧⅡ,５３１　５　F５５　４,2025-09-17,2025-09-22,11,びわこ,ＧⅠ,５　４２５　２１６　２６,2025-07-08,2025-07-13,11,びわこ,ＧⅡ,２　２５４　３１３　３５,2024-10-15,2024-10-20,11,びわこ,ＧⅡ,３５１　４５４　２１４,2024-09-12,2024-09-17,11,びわこ,ＧⅠ,３　２１２　６　４　１３,4851,関 浩哉,2025-09-17,2025-09-22,11,びわこ,ＧⅠ,５１４　５１５　１２２４,2025-07-08,2025-07-13,11,びわこ,ＧⅡ,５１１　１３１　２　[３],2025-01-31,2025-02-05,11,びわこ,一般,１１２３３５３１１１[３],2024-06-16,2024-06-21,11,びわこ,ＧⅢ,２　２２３　３１２　[２],2024-02-13,2024-02-16,11,びわこ,一般,１３３２１４１１
202607301102,2026-07-30,11,02R,4030,森高 一真,2025-07-08,2025-07-13,11,びわこ,ＧⅡ,２　４６５　２２５エ４,2024-09-12,2024-09-17,11,びわこ,ＧⅠ,５６３　２３１　６　３５,2023-06-27,2023-07-02,11,びわこ,ＧⅡ,１２６　４　１４６　１２,2023-03-10,2023-03-15,11,びわこ,ＧⅡ,４４４　３　２１５　１１,2021-07-13,2021-07-18,11,びわこ,ＧⅡ,３５５　５６３　４３５,4590,渡邉 優美,2026-05-20,2026-05-25,11,びわこ,ＧⅡ,３１４　１　２４６　４６,2024-02-20,2024-02-25,11,びわこ,ＧⅡ,４　６２１１１　１　[１],2023-08-10,2023-08-16,11,びわこ,ＧⅢ,１２２５３転,2021-09-11,2021-09-16,11,びわこ,一般,１３３１５２１　２１[１],2021-01-27,2021-02-01,11,びわこ,一般,２１２２１　１３１３２１,4573,佐藤 翼,2025-09-17,2025-09-22,11,びわこ,ＧⅠ,３　３１妨３６　３４２,2025-07-08,2025-07-13,11,びわこ,ＧⅡ,３　３５１　２３４　１３,2024-09-12,2024-09-17,11,びわこ,ＧⅠ,４５４　５　２１２　１６,2024-05-12,2024-05-17,11,びわこ,ＧⅢ,５　３２２３２３１４１３,2019-10-30,2019-11-03,11,びわこ,一般,１２１１２１１１[４],4044,湯川 浩司,2026-05-20,2026-05-25,11,びわこ,ＧⅡ,６　４５落欠,2025-09-17,2025-09-22,11,びわこ,ＧⅠ,２２２　５　１５５　１６,2024-10-15,2024-10-20,11,びわこ,ＧⅡ,４　１２４１３６５　２６,2023-06-27,2023-07-02,11,びわこ,ＧⅡ,５４２　３　２４５１４,2023-03-10,2023-03-15,11,びわこ,ＧⅡ,４　３２５　３１２　[５],4262,馬場 貴也,2026-04-30,2026-05-06,11,びわこ,一般,１１１　３２１１３３１１,2026-04-20,2026-04-23,11,びわこ,一般,１１１１１１[１],2026-01-03,2026-01-08,11,びわこ,一般,３１３１２３１３３１[２],2025-09-17,2025-09-22,11,びわこ,ＧⅠ,１　２５５４２　３　１２,2025-08-10,2025-08-16,11,びわこ,一般,２　１２６１３２５１３３２１,3941,池田 浩二,2025-07-08,2025-07-13,11,びわこ,ＧⅡ,２　１３４５４　５　１２,2024-05-12,2024-05-17,11,びわこ,ＧⅢ,３３２　４１１１３１[２],2023-01-12,2023-01-15,11,びわこ,ＧⅠ,１　５１１　[３],2022-08-01,2022-08-06,11,びわこ,一般,４２１２１１４２３２[落],2022-02-21,2022-02-25,11,びわこ,一般,３５２２２４１２[４]
202607301103,2026-07-30,11,03R,4757,山田 祐也,2026-05-20,2026-05-25,11,びわこ,ＧⅡ,６５２　６　４５１　４５,2025-05-29,2025-06-01,11,びわこ,一般,３５１　１２[３],2023-03-20,2023-03-25,11,びわこ,一般,３１１２２２２１２６２３,2020-07-30,2020-08-04,11,びわこ,ＧⅠ,６３６　５６５　２６３,2020-03-19,2020-03-24,11,びわこ,一般,１１１３４５１１１１[６],4760,山崎 郡,2025-09-17,2025-09-22,11,びわこ,ＧⅠ,５５１　１２３　２　[６],2025-01-22,2025-01-28,11,びわこ,一般,２２１　２２１２１１１１[２],2024-09-12,2024-09-17,11,びわこ,ＧⅠ,２　２６５　６４２　５４,2024-07-24,2024-07-28,11,びわこ,一般,４４１１３１２２[２],2023-10-17,2023-10-20,11,びわこ,一般,２１４５２３５５,4166,吉田 拡郎,2026-05-20,2026-05-25,11,びわこ,ＧⅡ,１　３１４２６　５　１５,2025-07-08,2025-07-13,11,びわこ,ＧⅡ,３５１　３３１　６　１１,2024-10-15,2024-10-20,11,びわこ,ＧⅡ,２　４２３３１　２　[１],2024-09-12,2024-09-17,11,びわこ,ＧⅠ,４　５５１　２　６２１,2023-06-27,2023-07-02,11,びわこ,ＧⅡ,３　１４６４３　１１３４,4503,上野 真之介,2025-07-08,2025-07-13,11,びわこ,ＧⅡ,２５４　３５１　１６４,2022-10-02,2022-10-07,11,びわこ,ＧⅠ,２２６　２４１　２　[６],2022-03-10,2022-03-15,11,びわこ,ＧⅡ,F　２３３２２　５　４,2021-07-13,2021-07-18,11,びわこ,ＧⅡ,１１４　２落２　３　２３,2019-10-06,2019-10-10,11,びわこ,一般,１２１１１５３１[５],4847,佐藤 隆太郎,2024-03-14,2024-03-19,11,びわこ,一般,５　２５１１５１１　２１,2023-06-27,2023-07-02,11,びわこ,ＧⅡ,３　１５２　３　２　[３],2023-03-10,2023-03-15,11,びわこ,ＧⅡ,６　６４３　５３３４５,2023-02-12,2023-02-17,11,びわこ,一般,３４４１１　１２３１[２],2023-01-12,2023-01-15,11,びわこ,ＧⅠ,２４５　２　２５,3415,松井 繁,2025-09-17,2025-09-22,11,びわこ,ＧⅠ,４　４１４　６６４４１,2024-05-12,2024-05-17,11,びわこ,ＧⅢ,１１１　３２２１５１[３],2023-10-24,2023-10-29,11,びわこ,ＧⅢ,２１４　１１３１３２[４],2023-01-12,2023-01-15,11,びわこ,ＧⅠ,１２２　２　[１],2022-10-02,2022-10-07,11,びわこ,ＧⅠ,２　６２５６２　５１４６
202607301104,2026-07-30,11,04R,4832,権藤 俊光,2026-05-20,2026-05-25,11,びわこ,ＧⅡ,１５１　４　６１４　５３,2024-09-12,2024-09-17,11,びわこ,ＧⅠ,　　　　　　　　４４３,2023-10-24,2023-10-29,11,びわこ,ＧⅢ,２　１３４３２４２３２１,2023-03-10,2023-03-15,11,びわこ,ＧⅡ,２２３　２３１　６　２３,2022-12-26,2022-12-29,11,びわこ,一般,１５１１１３１１,4933,板橋 侑我,2025-02-16,2025-02-21,11,びわこ,一般,５１１４２２２　１１[４],2024-06-16,2024-06-21,11,びわこ,ＧⅢ,２１４　３６５　３１３１,2021-12-18,2021-12-23,11,びわこ,一般,４３５２６１１　２５１６,2021-07-06,2021-07-09,11,びわこ,一般,３３４１転２[６],2021-04-18,2021-04-23,11,びわこ,一般,４３１　２５１４２２[５],3897,白井 英治,2025-09-17,2025-09-22,11,びわこ,ＧⅠ,３３３　３４F　６　４,2024-09-12,2024-09-17,11,びわこ,ＧⅠ,５　４４１　３２２　[４],2023-06-27,2023-07-02,11,びわこ,ＧⅡ,４　３４４　３２５　１３,2019-08-01,2019-08-06,11,びわこ,ＧⅠ,４　４４１　２２４　１５,2018-09-12,2018-09-17,11,びわこ,ＧⅠ,６５３　２４５　４５２,3716,石渡 鉄兵,2026-01-16,2026-01-21,11,びわこ,ＧⅡ,２３３　１　２２５　１５,2025-10-23,2025-10-28,11,びわこ,一般,１３３３３１２　１１[２],2025-06-04,2025-06-08,11,びわこ,一般,５３２２２１１５１６,2024-09-12,2024-09-17,11,びわこ,ＧⅠ,４　５４４　５４６　４５,2024-05-12,2024-05-17,11,びわこ,ＧⅢ,１　５１４１１５１２[５],4959,井上 忠政,2025-10-31,2025-11-03,11,びわこ,一般,２６４３１　１４,2024-11-25,2024-11-28,11,びわこ,一般,２１３１４１[１],2024-06-16,2024-06-21,11,びわこ,ＧⅢ,６　３１１　２２４　１３,2023-03-20,2023-03-25,11,びわこ,一般,５６４２５　２５２　３２,2022-10-29,2022-11-03,11,びわこ,一般,１１５２３３１３１４１F,4477,篠崎 仁志,2025-09-17,2025-09-22,11,びわこ,ＧⅠ,３　３　２１５　１　[２],2023-07-10,2023-07-14,11,びわこ,一般,２F５２３　３　３,2023-03-10,2023-03-15,11,びわこ,ＧⅡ,１　３１４３２　２　[６],2019-03-22,2019-03-27,11,びわこ,ＧⅡ,４　２１４　１１F　５,2015-10-29,2015-11-03,11,びわこ,ＧⅠ,５２２　５　１３６　３２
202607301105,2026-07-30,11,05R,4886,入海 馨,2025-09-03,2025-09-07,11,びわこ,一般,４２１３１１４１[４],2023-06-18,2023-06-24,11,びわこ,一般,１５１２１３１３　　４３１３,2022-10-29,2022-11-03,11,びわこ,一般,２１３４１４２　２３１１,2022-07-22,2022-07-27,11,びわこ,一般,１５１２４　３４１４１２,2022-03-10,2022-03-15,11,びわこ,ＧⅡ,３５３　４６４　６２３４,4604,岩瀬 裕亮,2026-05-20,2026-05-25,11,びわこ,ＧⅡ,２　２１１３２　１　[２],2026-01-16,2026-01-21,11,びわこ,ＧⅡ,５２１　３３２　２　[１],2025-09-17,2025-09-22,11,びわこ,ＧⅠ,１６４　２　１３４３４,2024-10-06,2024-10-11,11,びわこ,一般,３２２１２１２１２１[２],2023-12-22,2023-12-27,11,びわこ,一般,２５１　２１３２５２[２],4344,新田 雄史,2019-03-22,2019-03-27,11,びわこ,ＧⅡ,３　４５６１３　４４２３,2018-09-12,2018-09-17,11,びわこ,ＧⅠ,２３５　１４１　３　１２,2014-03-04,2014-03-09,11,びわこ,ＧⅠ,６　６３４　１２５２２,2012-04-18,2012-04-23,11,びわこ,ＧⅡ,６２６　４６,2011-02-22,2011-02-27,11,びわこ,ＧⅠ,３　２５３　５５２３１,3960,菊地 孝平,2023-10-01,2023-10-06,11,びわこ,ＧⅠ,２　３４１　３１２　[６],2023-01-12,2023-01-15,11,びわこ,ＧⅠ,５　６２６４１,2022-10-02,2022-10-07,11,びわこ,ＧⅠ,２１５　２　３１１　[４],2022-02-21,2022-02-25,11,びわこ,一般,５４１２１２１６１４,2020-07-30,2020-08-04,11,びわこ,ＧⅠ,４　３１１４６５５　１５,5121,定松 勇樹,2024-08-20,2024-08-23,11,びわこ,一般,２１３３５２[５],2024-05-12,2024-05-17,11,びわこ,ＧⅢ,１１６　４１１４４１[１],2023-10-01,2023-10-06,11,びわこ,ＧⅠ,６６３　４　３４５　１２,2023-08-19,2023-08-24,11,びわこ,一般,１５３２１５４転,2022-10-29,2022-11-03,11,びわこ,一般,１１１３２２５１３１[２],4682,大上 卓人,2025-09-17,2025-09-22,11,びわこ,ＧⅠ,４２１　６　３６３４１,2024-10-15,2024-10-20,11,びわこ,ＧⅡ,１１３　２４２　１　[２],2024-09-12,2024-09-17,11,びわこ,ＧⅠ,２　６４１　５５３５３,2024-05-21,2024-05-26,11,びわこ,一般,３２１２１４１２３１[２],2023-10-01,2023-10-06,11,びわこ,ＧⅠ,１４４　５　１２３　３３
202607301106,2026-07-30,11,06R,3719,辻 栄蔵,2025-10-31,2025-11-03,11,びわこ,一般,３３４３５５１４,2023-01-12,2023-01-15,11,びわこ,ＧⅠ,５　３１２２２２,2014-01-15,2014-01-20,11,びわこ,一般,５１１１１２１３１１[２],2003-11-25,2003-11-30,11,びわこ,ＳＧ,３　５４２　２６４　６６,2000-06-13,2000-06-19,11,びわこ,ＧⅢ,５４１　５３　５３２１６,4547,中田 竜太,2026-05-20,2026-05-25,11,びわこ,ＧⅡ,２５５　３　１２２１６,2026-01-25,2026-01-30,11,びわこ,一般,１２５２２２３１４２[４],2025-09-17,2025-09-22,11,びわこ,ＧⅠ,５３F　６３６　６　５,2024-10-15,2024-10-20,11,びわこ,ＧⅡ,４５１　５２２　４１６,2022-10-02,2022-10-07,11,びわこ,ＧⅠ,２２５　２５３　３３６２,4848,仲谷 颯仁,2025-09-17,2025-09-22,11,びわこ,ＧⅠ,５１５　４５６,2024-09-12,2024-09-17,11,びわこ,ＧⅠ,３　１５１　４２３　２１,2024-05-21,2024-05-26,11,びわこ,一般,１６１２５３１　２２[５],2024-02-13,2024-02-16,11,びわこ,一般,２６１４４３４２,2022-07-22,2022-07-27,11,びわこ,一般,２１２２１１２２４１[３],4719,上條 暢嵩,2025-09-17,2025-09-22,11,びわこ,ＧⅠ,２１５　３　２３１　[１],2025-07-08,2025-07-13,11,びわこ,ＧⅡ,１３１　２６２　３　６４,2023-01-12,2023-01-15,11,びわこ,ＧⅠ,４２２　３　[６],2022-10-02,2022-10-07,11,びわこ,ＧⅠ,５１４　６６２　２４２,2022-08-01,2022-08-06,11,びわこ,一般,２５４１２４５１２３２１,4502,遠藤 エミ,2025-09-17,2025-09-22,11,びわこ,ＧⅠ,２１２　２　２５５　１３,2025-07-08,2025-07-13,11,びわこ,ＧⅡ,５３２　４　５４２　３２,2025-05-01,2025-05-06,11,びわこ,ＧⅢ,３５３１１１１１３１[２],2025-01-04,2025-01-09,11,びわこ,ＧⅢ,２１３１５１１１　　[１],2024-10-15,2024-10-20,11,びわこ,ＧⅡ,１　５２５６３２２　３１,4320,峰 竜太,2025-09-17,2025-09-22,11,びわこ,ＧⅠ,２４６　１２１　２　[５],2025-07-08,2025-07-13,11,びわこ,ＧⅡ,４　３３１３４　２　[５],2024-09-12,2024-09-17,11,びわこ,ＧⅠ,３　１２５２１　３　２２,2023-08-19,2023-08-24,11,びわこ,一般,２１１１１２１１１１[１],2023-06-27,2023-07-02,11,びわこ,ＧⅡ,２１１　１５５　２　[４]
202607301107,2026-07-30,11,07R,4586,磯部 誠,2023-01-12,2023-01-15,11,びわこ,ＧⅠ,５　１３１６４,2022-10-02,2022-10-07,11,びわこ,ＧⅠ,４　２１４　５２５　２１,2022-04-22,2022-04-25,11,びわこ,一般,２１１２３１[１],2020-09-17,2020-09-22,11,びわこ,ＧⅠ,１　３３２２１　１　[１],2019-06-27,2019-07-02,11,びわこ,ＧⅢ,３　４３４　４２３　１５,4659,木下 翔太,2026-05-20,2026-05-25,11,びわこ,ＧⅡ,３２４　３　２１３　４１,2024-09-12,2024-09-17,11,びわこ,ＧⅠ,６　４３３　２６５　３４,2024-07-17,2024-07-20,11,びわこ,一般,１５２１１２[３],2023-12-22,2023-12-27,11,びわこ,一般,２１３３４　２１２１[１],2023-10-01,2023-10-06,11,びわこ,ＧⅠ,３１５　３　６５６６５,4290,稲田 浩二,2025-09-17,2025-09-22,11,びわこ,ＧⅠ,６　４６３　１３２５４,2025-07-08,2025-07-13,11,びわこ,ＧⅡ,３６２　２　１３３　３２,2024-05-21,2024-05-26,11,びわこ,一般,３１２４１２１１２１[３],2022-09-17,2022-09-22,11,びわこ,ＧⅢ,２１１２２２２１２２[１],2022-03-10,2022-03-15,11,びわこ,ＧⅡ,１４２　５４３１２　[２],4418,茅原 悠紀,2024-05-12,2024-05-17,11,びわこ,ＧⅢ,４　３１２１転５２５１２,2023-10-01,2023-10-06,11,びわこ,ＧⅠ,３　６６２１５　転２４,2023-01-12,2023-01-15,11,びわこ,ＧⅠ,１　４２６　２１,2020-07-30,2020-08-04,11,びわこ,ＧⅠ,３１３　３５１５３　１２,2020-03-10,2020-03-15,11,びわこ,ＧⅡ,６　４２６　４１２５５２,3978,齊藤 仁,2025-12-04,2025-12-09,11,びわこ,ＧⅢ,１２２１４４４４２２[６],2025-05-29,2025-06-01,11,びわこ,一般,４１５１３５１２,2025-01-31,2025-02-05,11,びわこ,一般,２５３２３３１　２３３３,2023-10-01,2023-10-06,11,びわこ,ＧⅠ,１４６　３３２　５　１６,2023-06-27,2023-07-02,11,びわこ,ＧⅡ,３５５　４６４　６　４４,4590,渡邉 優美,2026-05-20,2026-05-25,11,びわこ,ＧⅡ,３１４　１　２４６　４６,2024-02-20,2024-02-25,11,びわこ,ＧⅡ,４　６２１１１　１　[１],2023-08-10,2023-08-16,11,びわこ,ＧⅢ,１２２５３転,2021-09-11,2021-09-16,11,びわこ,一般,１３３１５２１　２１[１],2021-01-27,2021-02-01,11,びわこ,一般,２１２２１　１３１３２１
202607301108,2026-07-30,11,08R,4337,平本 真之,2025-09-17,2025-09-22,11,びわこ,ＧⅠ,６　４５１　５４３２３,2025-07-08,2025-07-13,11,びわこ,ＧⅡ,２２２　１　３６５　１６,2024-09-12,2024-09-17,11,びわこ,ＧⅠ,６　１３１　３４６　３２,2024-07-04,2024-07-09,11,びわこ,一般,３２２　２３１１２２[２],2023-10-01,2023-10-06,11,びわこ,ＧⅠ,５　３２６　３１１　[３],3415,松井 繁,2025-09-17,2025-09-22,11,びわこ,ＧⅠ,４　４１４　６６４４１,2024-05-12,2024-05-17,11,びわこ,ＧⅢ,１１１　３２２１５１[３],2023-10-24,2023-10-29,11,びわこ,ＧⅢ,２１４　１１３１３２[４],2023-01-12,2023-01-15,11,びわこ,ＧⅠ,１２２　２　[１],2022-10-02,2022-10-07,11,びわこ,ＧⅠ,２　６２５６２　５１４６,4686,丸野 一樹,2026-04-30,2026-05-06,11,びわこ,一般,４２２　１１１３１２[２],2026-01-03,2026-01-08,11,びわこ,一般,１４２１４１３１３１[１],2025-09-17,2025-09-22,11,びわこ,ＧⅠ,４５１　４　５２１２３１,2025-08-10,2025-08-16,11,びわこ,一般,４　３１２２１２１３２６２３,2025-07-08,2025-07-13,11,びわこ,ＧⅡ,１１４　４１５　１　[４],4075,中野 次郎,2026-01-25,2026-01-30,11,びわこ,一般,１５３４２６４４,2022-09-17,2022-09-22,11,びわこ,ＧⅢ,３３１３１２１３３２[５],2021-04-04,2021-04-09,11,びわこ,一般,４３４１３５１１２２[４],2018-09-12,2018-09-17,11,びわこ,ＧⅠ,４２１　４　４６１２２,2017-05-16,2017-05-21,11,びわこ,ＧⅡ,２　３４３１４　３　１２,4030,森高 一真,2025-07-08,2025-07-13,11,びわこ,ＧⅡ,２　４６５　２２５エ４,2024-09-12,2024-09-17,11,びわこ,ＧⅠ,５６３　２３１　６　３５,2023-06-27,2023-07-02,11,びわこ,ＧⅡ,１２６　４　１４６　１２,2023-03-10,2023-03-15,11,びわこ,ＧⅡ,４４４　３　２１５　１１,2021-07-13,2021-07-18,11,びわこ,ＧⅡ,３５５　５６３　４３５,4371,西山 貴浩,2024-09-12,2024-09-17,11,びわこ,ＧⅠ,３３５　不２２　５　１１,2023-03-10,2023-03-15,11,びわこ,ＧⅡ,２５３　３５２　６　１４,2023-01-12,2023-01-15,11,びわこ,ＧⅠ,６　６４４５３,2022-09-17,2022-09-22,11,びわこ,ＧⅢ,２５２１３４３１２４５２,2021-10-03,2021-10-08,11,びわこ,ＧⅠ,４４２　転
202607301109,2026-07-30,11,09R,4914,吉田 裕平,2025-08-19,2025-08-22,11,びわこ,一般,１１１１１１[１],2025-01-13,2025-01-18,11,びわこ,一般,１１３１１２１１１１[１],2024-06-16,2024-06-21,11,びわこ,ＧⅢ,５２１　２６２　６　２３,2024-03-23,2024-03-28,11,びわこ,一般,２３２３１３２１２１[２],2022-10-02,2022-10-07,11,びわこ,ＧⅠ,４　６１３　２４１１５５,4847,佐藤 隆太郎,2024-03-14,2024-03-19,11,びわこ,一般,５　２５１１５１１　２１,2023-06-27,2023-07-02,11,びわこ,ＧⅡ,３　１５２　３　２　[３],2023-03-10,2023-03-15,11,びわこ,ＧⅡ,６　６４３　５３３４５,2023-02-12,2023-02-17,11,びわこ,一般,３４４１１　１２３１[２],2023-01-12,2023-01-15,11,びわこ,ＧⅠ,２４５　２　２５,4456,鎌倉 涼,2025-01-13,2025-01-18,11,びわこ,一般,２１６４１６転１,2023-01-12,2023-01-15,11,びわこ,ＧⅠ,６　６５５　２６,2021-11-11,2021-11-16,11,びわこ,ＧⅢ,２３１転,2020-07-01,2020-07-06,11,びわこ,ＧⅢ,２３F３,2019-02-24,2019-02-27,11,びわこ,一般,２５３　５２４６,3779,原田 幸哉,2023-10-01,2023-10-06,11,びわこ,ＧⅠ,６１１　５　６５１５５,2023-01-12,2023-01-15,11,びわこ,ＧⅠ,２　４４１　３６,2022-10-02,2022-10-07,11,びわこ,ＧⅠ,３　６４１　５１４　１４,2017-03-08,2017-03-13,11,びわこ,ＧⅡ,４３２　２２６　１１１４,2015-10-29,2015-11-03,11,びわこ,ＧⅠ,１５２　４５５　１２５６,3897,白井 英治,2025-09-17,2025-09-22,11,びわこ,ＧⅠ,３３３　３４F　６　４,2024-09-12,2024-09-17,11,びわこ,ＧⅠ,５　４４１　３２２　[４],2023-06-27,2023-07-02,11,びわこ,ＧⅡ,４　３４４　３２５　１３,2019-08-01,2019-08-06,11,びわこ,ＧⅠ,４　４４１　２２４　１５,2018-09-12,2018-09-17,11,びわこ,ＧⅠ,６５３　２４５　４５２,4205,山口 剛,2025-09-17,2025-09-22,11,びわこ,ＧⅠ,３３１　５１３　４　２３,2025-07-08,2025-07-13,11,びわこ,ＧⅡ,６　３１F　３６２　４,2023-06-27,2023-07-02,11,びわこ,ＧⅡ,３１４　６２２　３　１６,2023-01-12,2023-01-15,11,びわこ,ＧⅠ,３３６　４１１３,2022-10-02,2022-10-07,11,びわこ,ＧⅠ,６　３１３３４　６　４５
202607301110,2026-07-30,11,10R,3960,菊地 孝平,2023-10-01,2023-10-06,11,びわこ,ＧⅠ,２　３４１　３１２　[６],2023-01-12,2023-01-15,11,びわこ,ＧⅠ,５　６２６４１,2022-10-02,2022-10-07,11,びわこ,ＧⅠ,２１５　２　３１１　[４],2022-02-21,2022-02-25,11,びわこ,一般,５４１２１２１６１４,2020-07-30,2020-08-04,11,びわこ,ＧⅠ,４　３１１４６５５　１５,3941,池田 浩二,2025-07-08,2025-07-13,11,びわこ,ＧⅡ,２　１３４５４　５　１２,2024-05-12,2024-05-17,11,びわこ,ＧⅢ,３３２　４１１１３１[２],2023-01-12,2023-01-15,11,びわこ,ＧⅠ,１　５１１　[３],2022-08-01,2022-08-06,11,びわこ,一般,４２１２１１４２３２[落],2022-02-21,2022-02-25,11,びわこ,一般,３５２２２４１２[４],5224,西岡 顕心,2022-12-26,2022-12-29,11,びわこ,一般,３　２４１４２５,2022-10-29,2022-11-03,11,びわこ,一般,６　４６５　４６６　３６,2022-07-22,2022-07-27,11,びわこ,一般,６６５　３　３５４６６,2022-05-09,2022-05-14,11,びわこ,一般,６　５５６　５　５　４５,,,,,,,3783,瓜生 正義,2024-09-12,2024-09-17,11,びわこ,ＧⅠ,２　４１３６５　３１６,2024-03-14,2024-03-19,11,びわこ,一般,１１２３５１１１　　[１],2023-10-24,2023-10-29,11,びわこ,ＧⅢ,１３３１１１４１１４２２,2023-03-10,2023-03-15,11,びわこ,ＧⅡ,２　F２５５３　４　３,2023-01-12,2023-01-15,11,びわこ,ＧⅠ,３　１５５３５５,4832,権藤 俊光,2026-05-20,2026-05-25,11,びわこ,ＧⅡ,１５１　４　６１４　５３,2024-09-12,2024-09-17,11,びわこ,ＧⅠ,　　　　　　　　４４３,2023-10-24,2023-10-29,11,びわこ,ＧⅢ,２　１３４３２４２３２１,2023-03-10,2023-03-15,11,びわこ,ＧⅡ,２２３　２３１　６　２３,2022-12-26,2022-12-29,11,びわこ,一般,１５１１１３１１,4024,井口 佳典,2025-10-23,2025-10-28,11,びわこ,一般,３４２１２　３１５３４１,2025-07-08,2025-07-13,11,びわこ,ＧⅡ,２１４　６　４４２　６１,2025-02-16,2025-02-21,11,びわこ,一般,２４１１２１４１２１[２],2024-10-15,2024-10-20,11,びわこ,ＧⅡ,２３５　１３３５３　[５],2023-10-01,2023-10-06,11,びわこ,ＧⅠ,４　６２５
202607301111,2026-07-30,11,11R,5121,定松 勇樹,2024-08-20,2024-08-23,11,びわこ,一般,２１３３５２[５],2024-05-12,2024-05-17,11,びわこ,ＧⅢ,１１６　４１１４４１[１],2023-10-01,2023-10-06,11,びわこ,ＧⅠ,６６３　４　３４５　１２,2023-08-19,2023-08-24,11,びわこ,一般,１５３２１５４転,2022-10-29,2022-11-03,11,びわこ,一般,１１１３２２５１３１[２],4959,井上 忠政,2025-10-31,2025-11-03,11,びわこ,一般,２６４３１　１４,2024-11-25,2024-11-28,11,びわこ,一般,２１３１４１[１],2024-06-16,2024-06-21,11,びわこ,ＧⅢ,６　３１１　２２４　１３,2023-03-20,2023-03-25,11,びわこ,一般,５６４２５　２５２　３２,2022-10-29,2022-11-03,11,びわこ,一般,１１５２３３１３１４１F,4851,関 浩哉,2025-09-17,2025-09-22,11,びわこ,ＧⅠ,５１４　５１５　１２２４,2025-07-08,2025-07-13,11,びわこ,ＧⅡ,５１１　１３１　２　[３],2025-01-31,2025-02-05,11,びわこ,一般,１１２３３５３１１１[３],2024-06-16,2024-06-21,11,びわこ,ＧⅢ,２　２２３　３１２　[２],2024-02-13,2024-02-16,11,びわこ,一般,１３３２１４１１,4266,長田 頼宗,2026-05-20,2026-05-25,11,びわこ,ＧⅡ,１３６　２５１　５　１３,2025-07-08,2025-07-13,11,びわこ,ＧⅡ,４　５２１　４５３１４,2024-10-15,2024-10-20,11,びわこ,ＧⅡ,６　６３３４１　６１５,2024-09-12,2024-09-17,11,びわこ,ＧⅠ,４　６３６　５４４　６,2022-10-02,2022-10-07,11,びわこ,ＧⅠ,２４４　１１３　３　１２,4757,山田 祐也,2026-05-20,2026-05-25,11,びわこ,ＧⅡ,６５２　６　４５１　４５,2025-05-29,2025-06-01,11,びわこ,一般,３５１　１２[３],2023-03-20,2023-03-25,11,びわこ,一般,３１１２２２２１２６２３,2020-07-30,2020-08-04,11,びわこ,ＧⅠ,６３６　５６５　２６３,2020-03-19,2020-03-24,11,びわこ,一般,１１１３４５１１１１[６],4547,中田 竜太,2026-05-20,2026-05-25,11,びわこ,ＧⅡ,２５５　３　１２２１６,2026-01-25,2026-01-30,11,びわこ,一般,１２５２２２３１４２[４],2025-09-17,2025-09-22,11,びわこ,ＧⅠ,５３F　６３６　６　５,2024-10-15,2024-10-20,11,びわこ,ＧⅡ,４５１　５２２　４１６,2022-10-02,2022-10-07,11,びわこ,ＧⅠ,２２５　２５３　３３６２
202607301112,2026-07-30,11,12R,4418,茅原 悠紀,2024-05-12,2024-05-17,11,びわこ,ＧⅢ,４　３１２１転５２５１２,2023-10-01,2023-10-06,11,びわこ,ＧⅠ,３　６６２１５　転２４,2023-01-12,2023-01-15,11,びわこ,ＧⅠ,１　４２６　２１,2020-07-30,2020-08-04,11,びわこ,ＧⅠ,３１３　３５１５３　１２,2020-03-10,2020-03-15,11,びわこ,ＧⅡ,６　４２６　４１２５５２,4477,篠崎 仁志,2025-09-17,2025-09-22,11,びわこ,ＧⅠ,３　３　２１５　１　[２],2023-07-10,2023-07-14,11,びわこ,一般,２F５２３　３　３,2023-03-10,2023-03-15,11,びわこ,ＧⅡ,１　３１４３２　２　[６],2019-03-22,2019-03-27,11,びわこ,ＧⅡ,４　２１４　１１F　５,2015-10-29,2015-11-03,11,びわこ,ＧⅠ,５２２　５　１３６　３２,4320,峰 竜太,2025-09-17,2025-09-22,11,びわこ,ＧⅠ,２４６　１２１　２　[５],2025-07-08,2025-07-13,11,びわこ,ＧⅡ,４　３３１３４　２　[５],2024-09-12,2024-09-17,11,びわこ,ＧⅠ,３　１２５２１　３　２２,2023-08-19,2023-08-24,11,びわこ,一般,２１１１１２１１１１[１],2023-06-27,2023-07-02,11,びわこ,ＧⅡ,２１１　１５５　２　[４],4980,佐々木 完太,2025-08-19,2025-08-22,11,びわこ,一般,２２２１３３２１,2024-10-24,2024-10-29,11,びわこ,一般,４４,2023-07-18,2023-07-21,11,びわこ,一般,３１１１１１[１],,,,,,,,,,,,,4760,山崎 郡,2025-09-17,2025-09-22,11,びわこ,ＧⅠ,５５１　１２３　２　[６],2025-01-22,2025-01-28,11,びわこ,一般,２２１　２２１２１１１１[２],2024-09-12,2024-09-17,11,びわこ,ＧⅠ,２　２６５　６４２　５４,2024-07-24,2024-07-28,11,びわこ,一般,４４１１３１２２[２],2023-10-17,2023-10-20,11,びわこ,一般,２１４５２３５５,4604,岩瀬 裕亮,2026-05-20,2026-05-25,11,びわこ,ＧⅡ,２　２１１３２　１　[２],2026-01-16,2026-01-21,11,びわこ,ＧⅡ,５２１　３３２　２　[１],2025-09-17,2025-09-22,11,びわこ,ＧⅠ,１６４　２　１３４３４,2024-10-06,2024-10-11,11,びわこ,一般,３２２１２１２１２１[２],2023-12-22,2023-12-27,11,びわこ,一般,２５１　２１３２５２[２]
202607301501,2026-07-30,15,01R,3825,宮嵜 隆太郎,2026-02-10,2026-02-14,15,丸亀,一般,６　６　５６６　３,2025-09-25,2025-09-30,15,丸亀,ＧⅢ,６６３　４４１　３６６,2022-10-31,2022-11-06,15,丸亀,一般,６　４５５　４４４　２６１,2022-05-24,2022-05-29,15,丸亀,一般,１　４６６　４３６　５２,2020-09-30,2020-10-04,15,丸亀,一般,５　１５５　F　６,3224,栗山 繁洋,2026-05-17,2026-05-23,15,丸亀,一般,２６１　６４２　５　５２１,2024-01-15,2024-01-20,15,丸亀,一般,１６５　４５４　３　２５,2023-11-05,2023-11-10,15,丸亀,一般,５３５　３３２　２　３４,2023-05-03,2023-05-07,15,丸亀,一般,２　２６１　１４４４,2022-10-08,2022-10-14,15,丸亀,一般,４６６４２　６　２５２　２３,4435,服部 達哉,2025-07-18,2025-07-22,15,丸亀,一般,４４５　５　２４５,2024-09-12,2024-09-17,15,丸亀,一般,１　２１２４３４６１[３],2024-06-12,2024-06-18,15,丸亀,一般,４　４６５　５１４５３５３３,2020-03-11,2020-03-15,15,丸亀,一般,１５４３１４５１[１],2019-06-02,2019-06-08,15,丸亀,一般,６　６３２１６４２　５　１３,4771,下寺 秀和,2023-10-11,2023-10-16,15,丸亀,一般,３３５６４　１３２６６４,2023-02-28,2023-03-05,15,丸亀,ＧⅢ,４６５６１３２　３６３１,2022-12-21,2022-12-27,15,丸亀,一般,５１１　１６２１４２[４],2022-09-12,2022-09-15,15,丸亀,一般,２３１６１６２５,2021-04-15,2021-04-18,15,丸亀,一般,３３１５２５５３,5469,,,,,,,,,,,,,,,,,,,,,,,,,,,,,,,,3478,嶋田 貴支,2026-04-25,2026-04-30,15,丸亀,一般,３　１４４　３４５　３５,2026-03-02,2026-03-05,15,丸亀,一般,５６１　３３２,2026-01-08,2026-01-14,15,丸亀,一般,３　１３４　５５５３５,2025-08-17,2025-08-22,15,丸亀,一般,６　２５１　５６５　１３,2025-06-09,2025-06-15,15,丸亀,一般,１３３　４４２　５６２　３６
202607301502,2026-07-30,15,02R,4400,加藤 奈月,2026-02-10,2026-02-14,15,丸亀,一般,３３１　５３２５２５,2025-07-25,2025-07-30,15,丸亀,一般,４　３５４　３４２　２４,2020-07-08,2020-07-13,15,丸亀,一般,１５４　６４５５１　６,2020-06-10,2020-06-15,15,丸亀,一般,６３６　６５６　４　４５,2019-02-24,2019-02-27,15,丸亀,一般,４　５６３６４,5250,,,,,,,,,,,,,,,,,,,,,,,,,,,,,,,,3611,岩崎 芳美,2026-05-05,2026-05-10,15,丸亀,ＧⅡ,１　１３６　４　６　１３,2026-01-17,2026-01-23,15,丸亀,ＧⅢ,１　５５２２３２３　１２,2025-04-16,2025-04-21,15,丸亀,一般,１　５F３３２　４　２２,2025-02-04,2025-02-10,15,丸亀,ＧⅠ,１　６５６　６　１１３,2024-12-02,2024-12-07,15,丸亀,ＧⅢ,４１１６６　１５２４２２,3551,藤田 美代,2025-12-11,2025-12-15,15,丸亀,一般,６６６　３６５　４５,2024-12-02,2024-12-07,15,丸亀,ＧⅢ,３４４　４４４　４６４４,2022-05-16,2022-05-19,15,丸亀,一般,６５６　３５５,2021-06-21,2021-06-25,15,丸亀,一般,２２４　３４４５４６,2020-03-30,2020-04-03,15,丸亀,一般,５　３　２５６１１,5164,森田 梨湖,2021-12-08,2021-12-13,15,丸亀,ＧⅢ,６　５５６　６６４　６,,,,,,,,,,,,,,,,,,,,,,,,,4963,實森 美祐,2026-05-05,2026-05-10,15,丸亀,ＧⅡ,４　２　６５６６３　１５,2025-05-27,2025-06-01,15,丸亀,ＳＧ,２３４　１　６４６　６４,2024-07-09,2024-07-14,15,丸亀,一般,１　２１１３２４３１[４],2023-11-21,2023-11-26,15,丸亀,一般,１　４１２　３　５１[１],2023-06-23,2023-06-28,15,丸亀,一般,１５５　１３３５２１[４]
202607301503,2026-07-30,15,03R,3731,高濱 芳久,2026-04-18,2026-04-22,15,丸亀,一般,３２４２６　３　６２,2025-10-30,2025-11-02,15,丸亀,一般,３５４５２　２,2025-07-18,2025-07-22,15,丸亀,一般,４１３１６６２６３２,2024-09-05,2024-09-09,15,丸亀,一般,２２３　２５１５２６,2024-03-05,2024-03-10,15,丸亀,ＧⅢ,２　５２４５１　６６１５,5142,常住 蓮,2025-03-06,2025-03-11,15,丸亀,一般,欠欠,2022-07-11,2022-07-16,15,丸亀,一般,５　４６１３３４１１４３,2021-09-30,2021-10-05,15,丸亀,一般,４２転　６４３　５３４５,,,,,,,,,,,,,5329,金子 龍斗,2025-10-11,2025-10-16,15,丸亀,一般,４　１５２　３５３６１６,2024-11-23,2024-11-29,15,丸亀,一般,４６５　６　６６６　５　３６,,,,,,,,,,,,,,,,,,,4131,原 豊土,2025-10-30,2025-11-02,15,丸亀,一般,４５３２２１４４,2025-04-16,2025-04-21,15,丸亀,一般,４６１　６６２３２　１５,2024-05-20,2024-05-26,15,丸亀,一般,１５４　５２３　２６３４２６,2021-01-25,2021-01-31,15,丸亀,一般,２３２２２　３４４４１６１１,2019-03-20,2019-03-25,15,丸亀,ＧⅢ,１３２　３　３３６４５３,4852,川原 祐明,2026-04-25,2026-04-30,15,丸亀,一般,１　２２３４３５４４１５,2025-12-31,2026-01-05,15,丸亀,一般,２３３　３４５２１３２４,2025-10-30,2025-11-02,15,丸亀,一般,１１１４４１[１],2025-08-17,2025-08-22,15,丸亀,一般,４３３１５　３５１３１４,2025-07-12,2025-07-15,15,丸亀,一般,１５１１２妨４３,5429,吉川 颯汰,2026-02-21,2026-02-26,15,丸亀,一般,６転６　６６５　６５６,,,,,,,,,,,,,,,,,,,,,,,,
202607301504,2026-07-30,15,04R,5342,,,,,,,,,,,,,,,,,,,,,,,,,,,,,,,,4450,平高 奈菜,2026-06-06,2026-06-11,15,丸亀,一般,５２４　４２３２１１１３,2026-05-05,2026-05-10,15,丸亀,ＧⅡ,１４３　１６６　４２６,2026-01-08,2026-01-14,15,丸亀,一般,１　６２F５３　２　不,2025-10-30,2025-11-02,15,丸亀,一般,２６２２３６６６,2025-08-17,2025-08-22,15,丸亀,一般,２　２２５４妨２３３３,4510,坂本 奈央,2017-01-20,2017-01-25,15,丸亀,一般,６　３４６　３６２　４３,2014-08-03,2014-08-07,15,丸亀,一般,３　４４４５４　４４,2011-04-12,2011-04-17,15,丸亀,一般,５４６　６　６落６６６６,2009-12-12,2009-12-17,15,丸亀,一般,６　６３６　５６６　３,2008-06-05,2008-06-10,15,丸亀,一般,６　６　６６５　６６５,4536,喜井 つかさ,2025-03-14,2025-03-17,15,丸亀,一般,３６２２５F５,2023-11-21,2023-11-26,15,丸亀,一般,５５４　２２　　４６１５,2022-08-02,2022-08-07,15,丸亀,ＧⅠ,３　６３４　１　１２４５,2022-04-22,2022-04-25,15,丸亀,一般,５２６２５　５５,2019-02-24,2019-02-27,15,丸亀,一般,４１３６１６６６,5189,藤原 早菜,2024-05-12,2024-05-15,15,丸亀,一般,２６３　３４４,2023-06-23,2023-06-28,15,丸亀,一般,１　１６４　１２１６１５,2022-11-22,2022-11-27,15,丸亀,一般,６　５６４　６６５　５５,2022-04-30,2022-05-04,15,丸亀,一般,４６６　６　４６６,2021-11-27,2021-12-02,15,丸亀,一般,　　　　　　　　４４,5193,米丸 乃絵,2026-05-05,2026-05-10,15,丸亀,ＧⅡ,５５２　３１２　３　１３,2026-01-17,2026-01-23,15,丸亀,ＧⅢ,２４１　２３２５６　[３],2022-10-23,2022-10-28,15,丸亀,一般,５　２４４　３５４５３,2022-06-11,2022-06-16,15,丸亀,ＧⅢ,５５６　１５６　５６４,2022-04-30,2022-05-04,15,丸亀,一般,６　６５６　エ　５６
202607301505,2026-07-30,15,05R,5102,原田 雄次,2026-03-19,2026-03-25,15,丸亀,一般,１　１５３　４６６６６　妨１,2025-10-11,2025-10-16,15,丸亀,一般,３４２　１２６４１６５６,2025-03-06,2025-03-11,15,丸亀,一般,３　１２３２４３１６２３,2024-06-26,2024-07-02,15,丸亀,一般,１６２　３３２　３６３　１４,2022-08-30,2022-09-02,15,丸亀,一般,１６３４２　６,3550,都築 正治,2026-05-17,2026-05-23,15,丸亀,一般,１６５　６５２　３１５　６５,2025-02-13,2025-02-19,15,丸亀,一般,４　５５１　３４２　１　４５,2024-10-12,2024-10-17,15,丸亀,ＧⅢ,６６４　４６２　５５６,2024-05-20,2024-05-26,15,丸亀,一般,５　１４６４６　５３４２５,2023-05-03,2023-05-07,15,丸亀,一般,１４５　２４１４１３,4150,山田 雄太,2026-01-08,2026-01-14,15,丸亀,一般,３４１　３６１６６　１２,2025-04-07,2025-04-13,15,丸亀,一般,F６３　３　３　４　１　５,2022-10-17,2022-10-20,15,丸亀,一般,２１３５３５２３,2021-03-06,2021-03-11,15,丸亀,一般,１２２　４２５５１５２２,2019-06-02,2019-06-08,15,丸亀,一般,３２３６３　１１３２１３２１,3966,作間 章,2025-09-25,2025-09-30,15,丸亀,ＧⅢ,２５１４１４３　５２[６],2025-03-31,2025-04-03,15,丸亀,一般,５５１３３５２５,2024-10-05,2024-10-09,15,丸亀,一般,５１６５４３２　４４,2024-03-05,2024-03-10,15,丸亀,ＧⅢ,５５６６１　３　２１６６,2023-12-05,2023-12-08,15,丸亀,一般,５３４１４３３２,4424,松尾 昂明,2024-01-31,2024-02-06,15,丸亀,一般,１３２１１　３２４１５１[１],2020-12-14,2020-12-17,15,丸亀,一般,４１３５２５２３,2020-04-16,2020-04-22,15,丸亀,一般,３６１６６　３１２６５３５,2019-11-01,2019-11-06,15,丸亀,ＧⅠ,６４１　５　４６２　３６,2018-12-12,2018-12-17,15,丸亀,一般,２１３２１２１　１１[１],3224,栗山 繁洋,2026-05-17,2026-05-23,15,丸亀,一般,２６１　６４２　５　５２１,2024-01-15,2024-01-20,15,丸亀,一般,１６５　４５４　３　２５,2023-11-05,2023-11-10,15,丸亀,一般,５３５　３３２　２　３４,2023-05-03,2023-05-07,15,丸亀,一般,２　２６１　１４４４,2022-10-08,2022-10-14,15,丸亀,一般,４６６４２　６　２５２　２３
202607301506,2026-07-30,15,06R,5146,野田 彩加,2026-05-05,2026-05-10,15,丸亀,ＧⅡ,転６３　５　５４６　５,2025-12-11,2025-12-15,15,丸亀,一般,５６４　４３１　５６,2022-04-14,2022-04-20,15,丸亀,一般,６　６６６　６６５　４３４５,2021-02-23,2021-02-28,15,丸亀,一般,６６６　５４６　６転F,,,,,,,4994,山本 梨菜,2026-06-06,2026-06-11,15,丸亀,一般,２５３４２　２２１２[６],2026-01-17,2026-01-23,15,丸亀,ＧⅢ,２　５６１１４４１　１落,2022-10-23,2022-10-28,15,丸亀,一般,２　２３転６,2022-04-22,2022-04-25,15,丸亀,一般,６６６　６６６６,2019-03-14,2019-03-17,15,丸亀,一般,６　６６６　６５,4963,實森 美祐,2026-05-05,2026-05-10,15,丸亀,ＧⅡ,４　２　６５６６３　１５,2025-05-27,2025-06-01,15,丸亀,ＳＧ,２３４　１　６４６　６４,2024-07-09,2024-07-14,15,丸亀,一般,１　２１１３２４３１[４],2023-11-21,2023-11-26,15,丸亀,一般,１　４１２　３　５１[１],2023-06-23,2023-06-28,15,丸亀,一般,１５５　１３３５２１[４],4400,加藤 奈月,2026-02-10,2026-02-14,15,丸亀,一般,３３１　５３２５２５,2025-07-25,2025-07-30,15,丸亀,一般,４　３５４　３４２　２４,2020-07-08,2020-07-13,15,丸亀,一般,１５４　６４５５１　６,2020-06-10,2020-06-15,15,丸亀,一般,６３６　６５６　４　４５,2019-02-24,2019-02-27,15,丸亀,一般,４　５６３６４,4823,中村 桃佳,2026-06-06,2026-06-11,15,丸亀,一般,１　１１１１１３４１[１],2026-05-05,2026-05-10,15,丸亀,ＧⅡ,２１２　１　３１６　２６,2026-04-25,2026-04-30,15,丸亀,一般,２５３３１　１１２６１２,2025-12-31,2026-01-05,15,丸亀,一般,２　１５６１１５４２[６],2025-08-17,2025-08-22,15,丸亀,一般,１　３６４　３４１１４,4924,中北 涼,2026-06-06,2026-06-11,15,丸亀,一般,２　２５４　３５３　５４,2026-01-17,2026-01-23,15,丸亀,ＧⅢ,３４４　４６４　１　２６,2021-12-08,2021-12-13,15,丸亀,ＧⅢ,３５４　１５２　５　２５,2020-07-08,2020-07-13,15,丸亀,一般,４２２　F４４　５　４,2019-02-24,2019-02-27,15,丸亀,一般,４　４４４　６６
202607301507,2026-07-30,15,07R,3800,牧 宏次,2024-08-09,2024-08-12,15,丸亀,一般,１　３５３６１３,2022-10-31,2022-11-06,15,丸亀,一般,２１１　３３５６５４５６１４,2021-10-17,2021-10-22,15,丸亀,ＧⅢ,２　６４６　６２２　４,2020-04-16,2020-04-22,15,丸亀,一般,２　２５４　１６３１５５１１,2018-12-12,2018-12-17,15,丸亀,一般,５４３　１４２２１２[６],5060,数原 魁,2025-10-19,2025-10-25,15,丸亀,一般,２　３６２５３４３６５２４２,2020-04-28,2020-05-03,15,丸亀,一般,５　５５３　６６５３５,2019-01-15,2019-01-20,15,丸亀,一般,６　４５６　４６５６６,,,,,,,,,,,,,4903,吉田 凌太朗,2025-08-04,2025-08-08,15,丸亀,一般,３５１２２３５３３４,2022-06-02,2022-06-08,15,丸亀,一般,２５４　５４３５１５５４３５,2020-12-07,2020-12-12,15,丸亀,一般,３　１３４　６１１５３５,2020-08-31,2020-09-04,15,丸亀,一般,１４１　５１１５４５,2017-01-31,2017-02-05,15,丸亀,一般,２　６６６６３　６　４２,5142,常住 蓮,2025-03-06,2025-03-11,15,丸亀,一般,欠欠,2022-07-11,2022-07-16,15,丸亀,一般,５　４６１３３４１１４３,2021-09-30,2021-10-05,15,丸亀,一般,４２転　６４３　５３４５,,,,,,,,,,,,,3911,鈴木 猛,2025-09-25,2025-09-30,15,丸亀,ＧⅢ,５　１２６　３６５　２２,2023-04-20,2023-04-26,15,丸亀,一般,２４２　６６５　４３２　２４,2023-03-08,2023-03-11,15,丸亀,一般,１　４３５６２５,2020-03-18,2020-03-23,15,丸亀,一般,３５６４１　４６３　４３,2018-12-21,2018-12-26,15,丸亀,一般,４　４４１４４４１２３３,5469,,,,,,,,,,,,,,,,,,,,,,,,,,,,,,,
202607301508,2026-07-30,15,08R,3900,香川 素子,2025-12-22,2025-12-27,15,丸亀,一般,２３３　５４６　１５１２,2024-10-21,2024-10-27,15,丸亀,一般,１４２　２１４３６４３５１５,2022-08-02,2022-08-07,15,丸亀,ＧⅠ,３　１２３　３１１　[１],2022-06-11,2022-06-16,15,丸亀,ＧⅢ,５１３２２２４　２４１６,2022-04-22,2022-04-25,15,丸亀,一般,３６２１３６２６,3611,岩崎 芳美,2026-05-05,2026-05-10,15,丸亀,ＧⅡ,１　１３６　４　６　１３,2026-01-17,2026-01-23,15,丸亀,ＧⅢ,１　５５２２３２３　１２,2025-04-16,2025-04-21,15,丸亀,一般,１　５F３３２　４　２２,2025-02-04,2025-02-10,15,丸亀,ＧⅠ,１　６５６　６　１１３,2024-12-02,2024-12-07,15,丸亀,ＧⅢ,４１１６６　１５２４２２,5088,高憧 四季,2026-05-05,2026-05-10,15,丸亀,ＧⅡ,２　３４３３６　２１４,2025-07-25,2025-07-30,15,丸亀,一般,１　２６１２２３１１[３],2024-12-02,2024-12-07,15,丸亀,ＧⅢ,５３３　５欠,2022-10-23,2022-10-28,15,丸亀,一般,４　１５５２１５２３２１,,,,,,,5342,,,,,,,,,,,,,,,,,,,,,,,,,,,,,,,,4433,川野 芽唯,2026-05-05,2026-05-10,15,丸亀,ＧⅡ,４　１３１　２　４　１４,2025-12-11,2025-12-15,15,丸亀,一般,３３２１２２４４２４,2025-07-25,2025-07-30,15,丸亀,一般,１５２　３３１１３５１３,2024-12-02,2024-12-07,15,丸亀,ＧⅢ,３３２１３　１４３３５４,2024-01-23,2024-01-29,15,丸亀,一般,３６１１４１１６４１５,4510,坂本 奈央,2017-01-20,2017-01-25,15,丸亀,一般,６　３４６　３６２　４３,2014-08-03,2014-08-07,15,丸亀,一般,３　４４４５４　４４,2011-04-12,2011-04-17,15,丸亀,一般,５４６　６　６落６６６６,2009-12-12,2009-12-17,15,丸亀,一般,６　６３６　５６６　３,2008-06-05,2008-06-10,15,丸亀,一般,６　６　６６５　６６５
202607301509,2026-07-30,15,09R,4771,下寺 秀和,2023-10-11,2023-10-16,15,丸亀,一般,３３５６４　１３２６６４,2023-02-28,2023-03-05,15,丸亀,ＧⅢ,４６５６１３２　３６３１,2022-12-21,2022-12-27,15,丸亀,一般,５１１　１６２１４２[４],2022-09-12,2022-09-15,15,丸亀,一般,２３１６１６２５,2021-04-15,2021-04-18,15,丸亀,一般,３３１５２５５３,4467,渡邉 俊介,2025-03-31,2025-04-03,15,丸亀,一般,４４２　１６１６,2024-03-05,2024-03-10,15,丸亀,ＧⅢ,２５４　４５６　３　３６,2023-01-12,2023-01-17,15,丸亀,一般,４１５５２３４　１３３３,2022-02-19,2022-02-25,15,丸亀,一般,３１２２４　１５４６１４,2021-06-09,2021-06-13,15,丸亀,一般,２　６１３　２２[３],5032,谷口 知優,2026-05-17,2026-05-23,15,丸亀,一般,３　４６１１３４４４２４２５,2026-04-25,2026-04-30,15,丸亀,一般,３３４　１６２　１　２,2026-03-19,2026-03-25,15,丸亀,一般,１　２６６　１６１４２６３５,2026-03-02,2026-03-05,15,丸亀,一般,　　　　　　１４,2025-12-22,2025-12-27,15,丸亀,一般,１　５３１３３　２５４５,5102,原田 雄次,2026-03-19,2026-03-25,15,丸亀,一般,１　１５３　４６６６６　妨１,2025-10-11,2025-10-16,15,丸亀,一般,３４２　１２６４１６５６,2025-03-06,2025-03-11,15,丸亀,一般,３　１２３２４３１６２３,2024-06-26,2024-07-02,15,丸亀,一般,１６２　３３２　３６３　１４,2022-08-30,2022-09-02,15,丸亀,一般,１６３４２　６,4131,原 豊土,2025-10-30,2025-11-02,15,丸亀,一般,４５３２２１４４,2025-04-16,2025-04-21,15,丸亀,一般,４６１　６６２３２　１５,2024-05-20,2024-05-26,15,丸亀,一般,１５４　５２３　２６３４２６,2021-01-25,2021-01-31,15,丸亀,一般,２３２２２　３４４４１６１１,2019-03-20,2019-03-25,15,丸亀,ＧⅢ,１３２　３　３３６４５３,5329,金子 龍斗,2025-10-11,2025-10-16,15,丸亀,一般,４　１５２　３５３６１６,2024-11-23,2024-11-29,15,丸亀,一般,４６５　６　６６６　５　３６,,,,,,,,,,,,,,,,,,
202607301510,2026-07-30,15,10R,4938,小芦 るり華,2026-06-06,2026-06-11,15,丸亀,一般,４５３２５　１１５３２４,2026-05-05,2026-05-10,15,丸亀,ＧⅡ,４２２　転　６４５　３４,2026-01-17,2026-01-23,15,丸亀,ＧⅢ,３５２２４１２　　　[５],2024-12-02,2024-12-07,15,丸亀,ＧⅢ,１　１５３　１４３２[２],2024-09-26,2024-09-30,15,丸亀,一般,１３４　２　１４５６,4536,喜井 つかさ,2025-03-14,2025-03-17,15,丸亀,一般,３６２２５F５,2023-11-21,2023-11-26,15,丸亀,一般,５５４　２２　　４６１５,2022-08-02,2022-08-07,15,丸亀,ＧⅠ,３　６３４　１　１２４５,2022-04-22,2022-04-25,15,丸亀,一般,５２６２５　５５,2019-02-24,2019-02-27,15,丸亀,一般,４１３６１６６６,5335,森 陽多,2026-06-06,2026-06-11,15,丸亀,一般,４２２　６６５　５６４,2025-12-11,2025-12-15,15,丸亀,一般,６　５６６　６　６５,2025-07-25,2025-07-30,15,丸亀,一般,６６６　６４６５２　５６,2024-12-02,2024-12-07,15,丸亀,ＧⅢ,３　落４２　５３６　３６,,,,,,,4823,中村 桃佳,2026-06-06,2026-06-11,15,丸亀,一般,１　１１１１１３４１[１],2026-05-05,2026-05-10,15,丸亀,ＧⅡ,２１２　１　３１６　２６,2026-04-25,2026-04-30,15,丸亀,一般,２５３３１　１１２６１２,2025-12-31,2026-01-05,15,丸亀,一般,２　１５６１１５４２[６],2025-08-17,2025-08-22,15,丸亀,一般,１　３６４　３４１１４,4924,中北 涼,2026-06-06,2026-06-11,15,丸亀,一般,２　２５４　３５３　５４,2026-01-17,2026-01-23,15,丸亀,ＧⅢ,３４４　４６４　１　２６,2021-12-08,2021-12-13,15,丸亀,ＧⅢ,３５４　１５２　５　２５,2020-07-08,2020-07-13,15,丸亀,一般,４２２　F４４　５　４,2019-02-24,2019-02-27,15,丸亀,一般,４　４４４　６６,4642,松尾 夏海,2026-06-06,2026-06-11,15,丸亀,一般,２１３５１４１　１１[３],2026-05-05,2026-05-10,15,丸亀,ＧⅡ,４　４１１　２３５　２６,2026-04-25,2026-04-30,15,丸亀,一般,１６３１３３２　２２[３],2026-01-17,2026-01-23,15,丸亀,ＧⅢ,５２１　６１４１３　５１,2025-11-16,2025-11-20,15,丸亀,一般,４４６６２　５６２
202607301511,2026-07-30,15,11R,3966,作間 章,2025-09-25,2025-09-30,15,丸亀,ＧⅢ,２５１４１４３　５２[６],2025-03-31,2025-04-03,15,丸亀,一般,５５１３３５２５,2024-10-05,2024-10-09,15,丸亀,一般,５１６５４３２　４４,2024-03-05,2024-03-10,15,丸亀,ＧⅢ,５５６６１　３　２１６６,2023-12-05,2023-12-08,15,丸亀,一般,５３４１４３３２,4903,吉田 凌太朗,2025-08-04,2025-08-08,15,丸亀,一般,３５１２２３５３３４,2022-06-02,2022-06-08,15,丸亀,一般,２５４　５４３５１５５４３５,2020-12-07,2020-12-12,15,丸亀,一般,３　１３４　６１１５３５,2020-08-31,2020-09-04,15,丸亀,一般,１４１　５１１５４５,2017-01-31,2017-02-05,15,丸亀,一般,２　６６６６３　６　４２,4852,川原 祐明,2026-04-25,2026-04-30,15,丸亀,一般,１　２２３４３５４４１５,2025-12-31,2026-01-05,15,丸亀,一般,２３３　３４５２１３２４,2025-10-30,2025-11-02,15,丸亀,一般,１１１４４１[１],2025-08-17,2025-08-22,15,丸亀,一般,４３３１５　３５１３１４,2025-07-12,2025-07-15,15,丸亀,一般,１５１１２妨４３,5060,数原 魁,2025-10-19,2025-10-25,15,丸亀,一般,２　３６２５３４３６５２４２,2020-04-28,2020-05-03,15,丸亀,一般,５　５５３　６６５３５,2019-01-15,2019-01-20,15,丸亀,一般,６　４５６　４６５６６,,,,,,,,,,,,,4435,服部 達哉,2025-07-18,2025-07-22,15,丸亀,一般,４４５　５　２４５,2024-09-12,2024-09-17,15,丸亀,一般,１　２１２４３４６１[３],2024-06-12,2024-06-18,15,丸亀,一般,４　４６５　５１４５３５３３,2020-03-11,2020-03-15,15,丸亀,一般,１５４３１４５１[１],2019-06-02,2019-06-08,15,丸亀,一般,６　６３２１６４２　５　１３,4424,松尾 昂明,2024-01-31,2024-02-06,15,丸亀,一般,１３２１１　３２４１５１[１],2020-12-14,2020-12-17,15,丸亀,一般,４１３５２５２３,2020-04-16,2020-04-22,15,丸亀,一般,３６１６６　３１２６５３５,2019-11-01,2019-11-06,15,丸亀,ＧⅠ,６４１　５　４６２　３６,2018-12-12,2018-12-17,15,丸亀,一般,２１３２１２１　１１[１]
202607301512,2026-07-30,15,12R,4433,川野 芽唯,2026-05-05,2026-05-10,15,丸亀,ＧⅡ,４　１３１　２　４　１４,2025-12-11,2025-12-15,15,丸亀,一般,３３２１２２４４２４,2025-07-25,2025-07-30,15,丸亀,一般,１５２　３３１１３５１３,2024-12-02,2024-12-07,15,丸亀,ＧⅢ,３３２１３　１４３３５４,2024-01-23,2024-01-29,15,丸亀,一般,３６１１４１１６４１５,5088,高憧 四季,2026-05-05,2026-05-10,15,丸亀,ＧⅡ,２　３４３３６　２１４,2025-07-25,2025-07-30,15,丸亀,一般,１　２６１２２３１１[３],2024-12-02,2024-12-07,15,丸亀,ＧⅢ,５３３　５欠,2022-10-23,2022-10-28,15,丸亀,一般,４　１５５２１５２３２１,,,,,,,5193,米丸 乃絵,2026-05-05,2026-05-10,15,丸亀,ＧⅡ,５５２　３１２　３　１３,2026-01-17,2026-01-23,15,丸亀,ＧⅢ,２４１　２３２５６　[３],2022-10-23,2022-10-28,15,丸亀,一般,５　２４４　３５４５３,2022-06-11,2022-06-16,15,丸亀,ＧⅢ,５５６　１５６　５６４,2022-04-30,2022-05-04,15,丸亀,一般,６　６５６　エ　５６,5189,藤原 早菜,2024-05-12,2024-05-15,15,丸亀,一般,２６３　３４４,2023-06-23,2023-06-28,15,丸亀,一般,１　１６４　１２１６１５,2022-11-22,2022-11-27,15,丸亀,一般,６　５６４　６６５　５５,2022-04-30,2022-05-04,15,丸亀,一般,４６６　６　４６６,2021-11-27,2021-12-02,15,丸亀,一般,　　　　　　　　４４,5250,,,,,,,,,,,,,,,,,,,,,,,,,,,,,,,,4994,山本 梨菜,2026-06-06,2026-06-11,15,丸亀,一般,２５３４２　２２１２[６],2026-01-17,2026-01-23,15,丸亀,ＧⅢ,２　５６１１４４１　１落,2022-10-23,2022-10-28,15,丸亀,一般,２　２３転６,2022-04-22,2022-04-25,15,丸亀,一般,６６６　６６６６,2019-03-14,2019-03-17,15,丸亀,一般,６　６６６　６５
202607301601,2026-07-30,16,01R,4111,奥田 誠,2025-06-07,2025-06-11,16,児島,一般,３６５　２２２　１５,2024-05-01,2024-05-06,16,児島,一般,４６１　６５３　６５３,2023-03-13,2023-03-18,16,児島,一般,３５１　３５２４４　５２,2022-10-07,2022-10-12,16,児島,一般,３　２６１　２３４２[５],2022-04-09,2022-04-13,16,児島,一般,２２４５５　３　４４,4273,佐藤 旭,2025-12-22,2025-12-25,16,児島,一般,２５３　５３４３,2025-05-10,2025-05-15,16,児島,一般,５　３４５１６　２１５３,2018-12-16,2018-12-21,16,児島,一般,２　５４１６５３５　２２,2013-10-04,2013-10-08,16,児島,一般,４５４　５３２　６５,2012-08-01,2012-08-05,16,児島,一般,６　３３４２２　４５,3539,金子 順一,2026-04-12,2026-04-17,16,児島,一般,５　４３６　５３５　２６,2025-01-07,2025-01-12,16,児島,一般,４　５５６　２３４　４３,2023-09-01,2023-09-06,16,児島,一般,３１３４１３４　５４４４,2022-07-13,2022-07-17,16,児島,一般,４６２　５５４６６,2022-03-09,2022-03-13,16,児島,一般,５　１３５５６　２３,3860,松本 浩貴,2026-05-19,2026-05-23,16,児島,一般,１５５　４６,2026-02-15,2026-02-20,16,児島,一般,３　３４２　２４６５２４,2025-06-23,2025-06-28,16,児島,一般,３　５６２３４,2021-04-19,2021-04-24,16,児島,ＧⅢ,６４３　２６５３５　４２,2018-04-18,2018-04-23,16,児島,ＧⅢ,３５３　２２５　２６５,3442,宮武 英司,2026-02-15,2026-02-20,16,児島,一般,１４４　３３５　３１６２,2025-08-30,2025-09-04,16,児島,ＧⅢ,６２４　４３４　４２５,2024-10-04,2024-10-09,16,児島,一般,４４４　４３６３,2023-12-01,2023-12-06,16,児島,一般,５　６２３５１６３　５３,2023-08-23,2023-08-28,16,児島,一般,４２６３３　２６５６２１,4200,早川 尚人,2026-05-10,2026-05-15,16,児島,一般,６　６６６　４５５　３,2025-07-18,2025-07-22,16,児島,一般,６３１　３６４　４３,2024-02-12,2024-02-17,16,児島,一般,５　２４５５５　３６３,2023-11-02,2023-11-07,16,児島,一般,４　４５５　６４３　３４,2023-05-18,2023-05-23,16,児島,一般,４６３　４５４　３５２３
202607301602,2026-07-30,16,02R,3507,藤井 徹,2026-01-06,2026-01-11,16,児島,一般,６　１６６,2023-06-10,2023-06-15,16,児島,一般,２６４　１６２,2022-11-24,2022-11-28,16,児島,一般,F６５　４　６　５,2022-07-20,2022-07-25,16,児島,一般,５５４　３　３１２　２,2022-02-24,2022-02-27,16,児島,一般,３５１５３　５４,5269,山口 晃朋,2025-07-10,2025-07-15,16,児島,一般,１４１　４３３４２３３１,2024-02-20,2024-02-25,16,児島,一般,６５４　６　３６６　２５,2024-01-25,2024-01-29,16,児島,一般,１　５３６２６　６２,,,,,,,,,,,,,3930,岸本 隆,2026-07-09,2026-07-13,16,児島,一般,４１４２１　４５２４,2026-01-06,2026-01-11,16,児島,一般,３５１　３２２１３３４２,2025-05-10,2025-05-15,16,児島,一般,４１１　５３２２２１[４],2024-12-18,2024-12-23,16,児島,一般,２５１３３　２４１１[３],2024-07-21,2024-07-26,16,児島,一般,４６２　５５,5112,砂長 知輝,2025-07-10,2025-07-15,16,児島,一般,１４３５３１１　４２[３],2023-09-21,2023-09-24,16,児島,一般,１６１２５２４５,2023-04-12,2023-04-17,16,児島,一般,３　６５１１４１３２[３],,,,,,,,,,,,,3558,山本 浩次,2023-04-30,2023-05-05,16,児島,一般,５２６　４６,2023-04-04,2023-04-09,16,児島,一般,４５５２４　３２４　３４,2023-02-14,2023-02-19,16,児島,一般,４５２　４５４６５　４６,2022-11-15,2022-11-19,16,児島,一般,３４１　３４１５１４,2022-08-13,2022-08-18,16,児島,一般,２４１　１２３　６２[５],5323,香川 陽太,2026-02-15,2026-02-20,16,児島,一般,３４５　６６６　３　６５,2025-05-25,2025-05-29,16,児島,一般,５　３６６　５５１,2023-12-10,2023-12-15,16,児島,一般,２　５６４転４　６４５,,,,,,,,,,,,
202607301603,2026-07-30,16,03R,2538,高橋 二朗,2018-05-26,2018-05-31,16,児島,ＧⅢ,５６４　５４６　３５６,2017-02-11,2017-02-16,16,児島,一般,５３３　４５３　２　５５,2016-05-25,2016-05-30,16,児島,一般,５　２４３　３３５　４２,2013-11-22,2013-11-27,16,児島,一般,６　５３３３４　３４３,2012-08-24,2012-08-29,16,児島,一般,５４５　４　３５３　４,4207,松下 一也,2026-02-15,2026-02-20,16,児島,一般,２５F１６　３　２　４,2023-05-18,2023-05-23,16,児島,一般,３　１５２４２３１１[６],2023-02-22,2023-02-26,16,児島,一般,１　２３１４２１[２],2019-05-30,2019-06-04,16,児島,ＧⅠ,５　２２３　５３１　５３,2019-01-11,2019-01-16,16,児島,一般,３５２１１　１３１１[２],3929,杢野 誓良,2025-08-30,2025-09-04,16,児島,ＧⅢ,３２３　３６４　４６６,2025-06-14,2025-06-19,16,児島,ＧⅢ,５　６５６　６　６　６,2024-12-07,2024-12-12,16,児島,一般,３２４　４２６　２５４,2023-02-22,2023-02-26,16,児島,一般,２４５　２６３３２,2019-06-20,2019-06-25,16,児島,一般,１２５　３２３４６６３６,4496,内堀 学,2024-03-02,2024-03-07,16,児島,一般,１５３５５　１５３　１１,2021-10-27,2021-11-01,16,児島,一般,３２６１５３１　３１[３],2020-05-17,2020-05-22,16,児島,一般,２　１１４３３４５１[２],2019-11-23,2019-11-28,16,児島,一般,４６６　１２４,2018-07-11,2018-07-16,16,児島,一般,１４２１２　５１３３１６,4246,喜多 那由夏,2026-02-15,2026-02-20,16,児島,一般,４５３　６５５　２２１,2025-01-07,2025-01-12,16,児島,一般,４６６　４５５　５５２,2024-09-24,2024-09-29,16,児島,ＧⅢ,５２４　４４２　１２４４,2023-02-22,2023-02-26,16,児島,一般,６６６　４４２　５５,2021-07-13,2021-07-18,16,児島,ＧⅢ,６　３４,5128,坪井 爽佑,2023-10-11,2023-10-16,16,児島,一般,６　５６６　５６,,,,,,,,,,,,,,,,,,,,,,,,
202607301604,2026-07-30,16,04R,3828,明石 正之,2026-05-10,2026-05-15,16,児島,一般,２５４　５３２　３３３,2025-12-17,2025-12-20,16,児島,一般,２２４　２４３２,2024-02-12,2024-02-17,16,児島,一般,４　１３２２３４１３４１,2023-09-21,2023-09-24,16,児島,一般,６２６５１　４２,2023-01-12,2023-01-16,16,児島,一般,１２２４１３１３３１,4611,今井 美亜,2026-01-06,2026-01-11,16,児島,一般,４２４　２３６欠,2025-09-08,2025-09-13,16,児島,ＧⅢ,１４２５６３２　２６１１,2024-09-24,2024-09-29,16,児島,ＧⅢ,３　２６２５１４２４１４,2021-09-29,2021-10-04,16,児島,一般,３４５　５５２３落３３２,2021-03-14,2021-03-19,16,児島,一般,４　２６１４２２６４２３,4294,古賀 繁輝,2025-07-01,2025-07-06,16,児島,ＧⅡ,１　２　５３５　４１１２,2024-04-23,2024-04-28,16,児島,一般,２４２　５１１１３４１５,2023-06-20,2023-06-25,16,児島,一般,３４５３１５妨,2022-11-15,2022-11-19,16,児島,一般,３５３１３１１１[２],2022-03-25,2022-03-30,16,児島,一般,１５５１１２１　２２[１],3265,今村 暢孝,2026-04-12,2026-04-17,16,児島,一般,２　１２３３３４３４１５,2026-01-14,2026-01-19,16,児島,一般,４　４２３６６４４５３,2025-08-24,2025-08-27,16,児島,一般,４３２２２６２６,2025-05-10,2025-05-15,16,児島,一般,１２３６１　３５３２[３],2025-02-19,2025-02-24,16,児島,ＧⅢ,３２４２２　４４１３２１,4563,齋藤 真之,2026-03-27,2026-03-31,16,児島,一般,１６５　F６６　４,2025-12-28,2026-01-02,16,児島,一般,５　５６５　１５３　２６,2025-05-02,2025-05-07,16,児島,一般,６　６１６　６５４　１５,2024-12-28,2025-01-02,16,児島,一般,６　６６５,2024-08-17,2024-08-22,16,児島,一般,６５５　３４３　２　５５,5442,池田 美優,2026-04-12,2026-04-17,16,児島,一般,６　６５転６６　６　６６,2026-02-06,2026-02-11,16,児島,一般,６　６　５６５４５　６６,,,,,,,,,,,,,,,,,,
202607301605,2026-07-30,16,05R,5328,井上 慧人,2024-12-07,2024-12-12,16,児島,一般,５　６６４　５５２　５６,,,,,,,,,,,,,,,,,,,,,,,,,3885,久田 武,2026-03-19,2026-03-24,16,児島,一般,４１１　１３６４４４１５,2025-06-23,2025-06-28,16,児島,一般,６　２５３５６５１　３,2025-02-10,2025-02-15,16,児島,一般,５６３　３１２５６　４１,2024-12-18,2024-12-23,16,児島,一般,１　５１１２２２１２[２],2022-03-16,2022-03-21,16,児島,一般,６　１３５５３３４１２欠,4775,千葉 真弥,2026-02-06,2026-02-11,16,児島,一般,４４１　６５３３３１２４,2024-09-24,2024-09-29,16,児島,ＧⅢ,４　２５５４６　５１３,2020-11-12,2020-11-17,16,児島,ＧⅢ,１３５　１５３　２２[５],2020-05-17,2020-05-22,16,児島,一般,４　５４４３１　２３５６,2019-05-11,2019-05-16,16,児島,一般,４４３　５３６　５４３６,4520,高倉 孝太,2026-03-11,2026-03-16,16,児島,一般,２　４１２　４１４２[２],2024-07-21,2024-07-26,16,児島,一般,１１３　２１３３２１[１],2023-08-03,2023-08-08,16,児島,一般,１３４２１　１６４F３,2022-11-15,2022-11-19,16,児島,一般,６　３２３６３　５４,2021-06-01,2021-06-06,16,児島,一般,２１３　２２４３５３３６,5344,谷口 丞,2026-03-11,2026-03-16,16,児島,一般,４　１４５　１１４４４５,,,,,,,,,,,,,,,,,,,,,,,,,4692,酒井 俊弘,2025-08-24,2025-08-27,16,児島,一般,５５３　４５２,2024-06-06,2024-06-11,16,児島,一般,F　５６６　６　４　６,2023-12-19,2023-12-24,16,児島,一般,４　２６５　３１３３１４,2023-11-02,2023-11-07,16,児島,一般,２　２３５１２４４２[６],2022-12-13,2022-12-18,16,児島,一般,５　２５６３３５３　１６
202607301606,2026-07-30,16,06R,3439,大平 誉史明,2026-03-27,2026-03-31,16,児島,一般,３　１４５２１２[４],2025-05-10,2025-05-15,16,児島,一般,４１４　２５４６４　５１,2025-02-19,2025-02-24,16,児島,ＧⅢ,３２５６６　６６６,2024-12-07,2024-12-12,16,児島,一般,５６４　１６３２６　６６,2024-08-08,2024-08-13,16,児島,一般,４２２４３６３　５４３６,3539,金子 順一,2026-04-12,2026-04-17,16,児島,一般,５　４３６　５３５　２６,2025-01-07,2025-01-12,16,児島,一般,４　５５６　２３４　４３,2023-09-01,2023-09-06,16,児島,一般,３１３４１３４　５４４４,2022-07-13,2022-07-17,16,児島,一般,４６２　５５４６６,2022-03-09,2022-03-13,16,児島,一般,５　１３５５６　２３,3910,松下 知幸,2026-02-23,2026-02-27,16,児島,一般,４６４　４３６　１４,2025-06-01,2025-06-05,16,児島,一般,６　６４４４１　５,2025-01-07,2025-01-12,16,児島,一般,１　２２１１転１４５４２,2024-11-01,2024-11-05,16,児島,一般,３　５５４５３　２５,2024-03-10,2024-03-15,16,児島,一般,４４６　２２４　４５６,3508,久富 政弘,2026-03-19,2026-03-24,16,児島,一般,３６４　１１５２２４１３,2025-08-01,2025-08-06,16,児島,一般,１１２　２５４　３５１６,2023-03-13,2023-03-18,16,児島,一般,３２３　４４４　４４３６,2021-09-04,2021-09-09,16,児島,一般,６６４　６５４　１２５５,2019-07-19,2019-07-24,16,児島,一般,６　３５２５３　５６１,4739,中村 晃朋,2025-12-22,2025-12-25,16,児島,一般,５４２１４３１１,2025-08-01,2025-08-06,16,児島,一般,４２２１１　２３１３[２],2024-07-02,2024-07-07,16,児島,ＧⅡ,２３１　２６５　１６６,2022-10-16,2022-10-21,16,児島,ＧⅠ,５４６　４６４　３５６,2022-08-22,2022-08-26,16,児島,一般,１５４３２４２４２２,5440,薗頭 心,2026-02-06,2026-02-11,16,児島,一般,６　４６６　６６６　６,,,,,,,,,,,,,,,,,,,,,,,,
202607301607,2026-07-30,16,07R,4816,村松 修二,2025-07-01,2025-07-06,16,児島,ＧⅡ,２　６６１　５５３３転,2024-11-01,2024-11-05,16,児島,一般,２４２１６４３転,2023-04-12,2023-04-17,16,児島,一般,６６２　６１５２２１５１,2023-02-05,2023-02-10,16,児島,ＧⅠ,６５６　４　６欠,2022-08-30,2022-09-04,16,児島,ＧⅡ,３１１　５２３　３　２３,4324,海野 康志郎,2026-03-02,2026-03-07,16,児島,ＧⅠ,５６６　５１１　２　６２,2025-08-01,2025-08-06,16,児島,一般,１６２２２　１６２２[３],2025-05-25,2025-05-29,16,児島,一般,１１２２３３２１[６],2024-10-04,2024-10-09,16,児島,一般,２１３２３２２　３１[２],2024-03-10,2024-03-15,16,児島,一般,２３２１１　１１２１[１],3558,山本 浩次,2023-04-30,2023-05-05,16,児島,一般,５２６　４６,2023-04-04,2023-04-09,16,児島,一般,４５５２４　３２４　３４,2023-02-14,2023-02-19,16,児島,一般,４５２　４５４６５　４６,2022-11-15,2022-11-19,16,児島,一般,３４１　３４１５１４,2022-08-13,2022-08-18,16,児島,一般,２４１　１２３　６２[５],3340,池田 雷太,2026-05-19,2026-05-23,16,児島,一般,４　４６６　４５５,2025-08-30,2025-09-04,16,児島,ＧⅢ,６　５５５　４６６　５６,2020-01-19,2020-01-24,16,児島,一般,３　６３３　３５５　３１,2019-09-29,2019-10-04,16,児島,一般,３５１　５５２３５３６,2019-03-23,2019-03-28,16,児島,一般,６　４４３２４５１　６４,3860,松本 浩貴,2026-05-19,2026-05-23,16,児島,一般,１５５　４６,2026-02-15,2026-02-20,16,児島,一般,３　３４２　２４６５２４,2025-06-23,2025-06-28,16,児島,一般,３　５６２３４,2021-04-19,2021-04-24,16,児島,ＧⅢ,６４３　２６５３５　４２,2018-04-18,2018-04-23,16,児島,ＧⅢ,３５３　２２５　２６５,4002,古結 宏,2024-11-01,2024-11-05,16,児島,一般,３５２１３２１２[２],2024-05-11,2024-05-16,16,児島,一般,２２４１１　５１４３５６,2023-12-19,2023-12-24,16,児島,一般,３４３　１１２２２２[３],2023-02-22,2023-02-26,16,児島,一般,６４３３２１１３１４,2021-01-02,2021-01-05,16,児島,一般,１４１３１３２２
202607301608,2026-07-30,16,08R,3401,上田 隆章,2026-02-23,2026-02-27,16,児島,一般,５２３　６６６　５２,2025-08-01,2025-08-06,16,児島,一般,５６２　３５４　３５２,2025-01-07,2025-01-12,16,児島,一般,３６６　３６２　２　１５,2024-05-20,2024-05-25,16,児島,一般,３５２　５４４　６５４,2023-11-02,2023-11-07,16,児島,一般,２　３６４　４４３　２４,3442,宮武 英司,2026-02-15,2026-02-20,16,児島,一般,１４４　３３５　３１６２,2025-08-30,2025-09-04,16,児島,ＧⅢ,６２４　４３４　４２５,2024-10-04,2024-10-09,16,児島,一般,４４４　４３６３,2023-12-01,2023-12-06,16,児島,一般,５　６２３５１６３　５３,2023-08-23,2023-08-28,16,児島,一般,４２６３３　２６５６２１,4246,喜多 那由夏,2026-02-15,2026-02-20,16,児島,一般,４５３　６５５　２２１,2025-01-07,2025-01-12,16,児島,一般,４６６　４５５　５５２,2024-09-24,2024-09-29,16,児島,ＧⅢ,５２４　４４２　１２４４,2023-02-22,2023-02-26,16,児島,一般,６６６　４４２　５５,2021-07-13,2021-07-18,16,児島,ＧⅢ,６　３４,4563,齋藤 真之,2026-03-27,2026-03-31,16,児島,一般,１６５　F６６　４,2025-12-28,2026-01-02,16,児島,一般,５　５６５　１５３　２６,2025-05-02,2025-05-07,16,児島,一般,６　６１６　６５４　１５,2024-12-28,2025-01-02,16,児島,一般,６　６６５,2024-08-17,2024-08-22,16,児島,一般,６５５　３４３　２　５５,3930,岸本 隆,2026-07-09,2026-07-13,16,児島,一般,４１４２１　４５２４,2026-01-06,2026-01-11,16,児島,一般,３５１　３２２１３３４２,2025-05-10,2025-05-15,16,児島,一般,４１１　５３２２２１[４],2024-12-18,2024-12-23,16,児島,一般,２５１３３　２４１１[３],2024-07-21,2024-07-26,16,児島,一般,４６２　５５,5444,,,,,,,,,,,,,,,,,,,,,,,,,,,,,,,
202607301609,2026-07-30,16,09R,4738,清埜 翔子,2025-01-17,2025-01-22,16,児島,一般,６１１５１　４２１２[５],2024-07-11,2024-07-16,16,児島,一般,１４２　１２２６２３３２,2017-09-07,2017-09-12,16,児島,一般,３３２４４　３４１５４３,2017-02-02,2017-02-07,16,児島,一般,５５６　４４３　４　６,2016-02-02,2016-02-07,16,児島,ＧⅢ,５　５６１　５２６　３６,3265,今村 暢孝,2026-04-12,2026-04-17,16,児島,一般,２　１２３３３４３４１５,2026-01-14,2026-01-19,16,児島,一般,４　４２３６６４４５３,2025-08-24,2025-08-27,16,児島,一般,４３２２２６２６,2025-05-10,2025-05-15,16,児島,一般,１２３６１　３５３２[３],2025-02-19,2025-02-24,16,児島,ＧⅢ,３２４２２　４４１３２１,3507,藤井 徹,2026-01-06,2026-01-11,16,児島,一般,６　１６６,2023-06-10,2023-06-15,16,児島,一般,２６４　１６２,2022-11-24,2022-11-28,16,児島,一般,F６５　４　６　５,2022-07-20,2022-07-25,16,児島,一般,５５４　３　３１２　２,2022-02-24,2022-02-27,16,児島,一般,３５１５３　５４,5344,谷口 丞,2026-03-11,2026-03-16,16,児島,一般,４　１４５　１１４４４５,,,,,,,,,,,,,,,,,,,,,,,,,4207,松下 一也,2026-02-15,2026-02-20,16,児島,一般,２５F１６　３　２　４,2023-05-18,2023-05-23,16,児島,一般,３　１５２４２３１１[６],2023-02-22,2023-02-26,16,児島,一般,１　２３１４２１[２],2019-05-30,2019-06-04,16,児島,ＧⅠ,５　２２３　５３１　５３,2019-01-11,2019-01-16,16,児島,一般,３５２１１　１３１１[２],4273,佐藤 旭,2025-12-22,2025-12-25,16,児島,一般,２５３　５３４３,2025-05-10,2025-05-15,16,児島,一般,５　３４５１６　２１５３,2018-12-16,2018-12-21,16,児島,一般,２　５４１６５３５　２２,2013-10-04,2013-10-08,16,児島,一般,４５４　５３２　６５,2012-08-01,2012-08-05,16,児島,一般,６　３３４２２　４５
202607301610,2026-07-30,16,10R,4775,千葉 真弥,2026-02-06,2026-02-11,16,児島,一般,４４１　６５３３３１２４,2024-09-24,2024-09-29,16,児島,ＧⅢ,４　２５５４６　５１３,2020-11-12,2020-11-17,16,児島,ＧⅢ,１３５　１５３　２２[５],2020-05-17,2020-05-22,16,児島,一般,４　５４４３１　２３５６,2019-05-11,2019-05-16,16,児島,一般,４４３　５３６　５４３６,4200,早川 尚人,2026-05-10,2026-05-15,16,児島,一般,６　６６６　４５５　３,2025-07-18,2025-07-22,16,児島,一般,６３１　３６４　４３,2024-02-12,2024-02-17,16,児島,一般,５　２４５５５　３６３,2023-11-02,2023-11-07,16,児島,一般,４　４５５　６４３　３４,2023-05-18,2023-05-23,16,児島,一般,４６３　４５４　３５２３,3828,明石 正之,2026-05-10,2026-05-15,16,児島,一般,２５４　５３２　３３３,2025-12-17,2025-12-20,16,児島,一般,２２４　２４３２,2024-02-12,2024-02-17,16,児島,一般,４　１３２２３４１３４１,2023-09-21,2023-09-24,16,児島,一般,６２６５１　４２,2023-01-12,2023-01-16,16,児島,一般,１２２４１３１３３１,3929,杢野 誓良,2025-08-30,2025-09-04,16,児島,ＧⅢ,３２３　３６４　４６６,2025-06-14,2025-06-19,16,児島,ＧⅢ,５　６５６　６　６　６,2024-12-07,2024-12-12,16,児島,一般,３２４　４２６　２５４,2023-02-22,2023-02-26,16,児島,一般,２４５　２６３３２,2019-06-20,2019-06-25,16,児島,一般,１２５　３２３４６６３６,4677,片橋 幸貴,2025-08-01,2025-08-06,16,児島,一般,F４５　４　５　６　３,2024-06-14,2024-06-19,16,児島,一般,４３４５３　１６２２４３,2024-03-02,2024-03-07,16,児島,一般,２６１　１１４２３２[２],2023-04-12,2023-04-17,16,児島,一般,１１１　１５１１１４２３,2022-11-24,2022-11-28,16,児島,一般,１　２１転５６２[４],5269,山口 晃朋,2025-07-10,2025-07-15,16,児島,一般,１４１　４３３４２３３１,2024-02-20,2024-02-25,16,児島,一般,６５４　６　３６６　２５,2024-01-25,2024-01-29,16,児島,一般,１　５３６２６　６２,,,,,,,,,,,,
202607301611,2026-07-30,16,11R,5112,砂長 知輝,2025-07-10,2025-07-15,16,児島,一般,１４３５３１１　４２[３],2023-09-21,2023-09-24,16,児島,一般,１６１２５２４５,2023-04-12,2023-04-17,16,児島,一般,３　６５１１４１３２[３],,,,,,,,,,,,,5128,坪井 爽佑,2023-10-11,2023-10-16,16,児島,一般,６　５６６　５６,,,,,,,,,,,,,,,,,,,,,,,,,4520,高倉 孝太,2026-03-11,2026-03-16,16,児島,一般,２　４１２　４１４２[２],2024-07-21,2024-07-26,16,児島,一般,１１３　２１３３２１[１],2023-08-03,2023-08-08,16,児島,一般,１３４２１　１６４F３,2022-11-15,2022-11-19,16,児島,一般,６　３２３６３　５４,2021-06-01,2021-06-06,16,児島,一般,２１３　２２４３５３３６,3439,大平 誉史明,2026-03-27,2026-03-31,16,児島,一般,３　１４５２１２[４],2025-05-10,2025-05-15,16,児島,一般,４１４　２５４６４　５１,2025-02-19,2025-02-24,16,児島,ＧⅢ,３２５６６　６６６,2024-12-07,2024-12-12,16,児島,一般,５６４　１６３２６　６６,2024-08-08,2024-08-13,16,児島,一般,４２２４３６３　５４３６,4816,村松 修二,2025-07-01,2025-07-06,16,児島,ＧⅡ,２　６６１　５５３３転,2024-11-01,2024-11-05,16,児島,一般,２４２１６４３転,2023-04-12,2023-04-17,16,児島,一般,６６２　６１５２２１５１,2023-02-05,2023-02-10,16,児島,ＧⅠ,６５６　４　６欠,2022-08-30,2022-09-04,16,児島,ＧⅡ,３１１　５２３　３　２３,4611,今井 美亜,2026-01-06,2026-01-11,16,児島,一般,４２４　２３６欠,2025-09-08,2025-09-13,16,児島,ＧⅢ,１４２５６３２　２６１１,2024-09-24,2024-09-29,16,児島,ＧⅢ,３　２６２５１４２４１４,2021-09-29,2021-10-04,16,児島,一般,３４５　５５２３落３３２,2021-03-14,2021-03-19,16,児島,一般,４　２６１４２２６４２３
202607301612,2026-07-30,16,12R,4739,中村 晃朋,2025-12-22,2025-12-25,16,児島,一般,５４２１４３１１,2025-08-01,2025-08-06,16,児島,一般,４２２１１　２３１３[２],2024-07-02,2024-07-07,16,児島,ＧⅡ,２３１　２６５　１６６,2022-10-16,2022-10-21,16,児島,ＧⅠ,５４６　４６４　３５６,2022-08-22,2022-08-26,16,児島,一般,１５４３２４２４２２,4111,奥田 誠,2025-06-07,2025-06-11,16,児島,一般,３６５　２２２　１５,2024-05-01,2024-05-06,16,児島,一般,４６１　６５３　６５３,2023-03-13,2023-03-18,16,児島,一般,３５１　３５２４４　５２,2022-10-07,2022-10-12,16,児島,一般,３　２６１　２３４２[５],2022-04-09,2022-04-13,16,児島,一般,２２４５５　３　４４,4324,海野 康志郎,2026-03-02,2026-03-07,16,児島,ＧⅠ,５６６　５１１　２　６２,2025-08-01,2025-08-06,16,児島,一般,１６２２２　１６２２[３],2025-05-25,2025-05-29,16,児島,一般,１１２２３３２１[６],2024-10-04,2024-10-09,16,児島,一般,２１３２３２２　３１[２],2024-03-10,2024-03-15,16,児島,一般,２３２１１　１１２１[１],4294,古賀 繁輝,2025-07-01,2025-07-06,16,児島,ＧⅡ,１　２　５３５　４１１２,2024-04-23,2024-04-28,16,児島,一般,２４２　５１１１３４１５,2023-06-20,2023-06-25,16,児島,一般,３４５３１５妨,2022-11-15,2022-11-19,16,児島,一般,３５３１３１１１[２],2022-03-25,2022-03-30,16,児島,一般,１５５１１２１　２２[１],5323,香川 陽太,2026-02-15,2026-02-20,16,児島,一般,３４５　６６６　３　６５,2025-05-25,2025-05-29,16,児島,一般,５　３６６　５５１,2023-12-10,2023-12-15,16,児島,一般,２　５６４転４　６４５,,,,,,,,,,,,,3885,久田 武,2026-03-19,2026-03-24,16,児島,一般,４１１　１３６４４４１５,2025-06-23,2025-06-28,16,児島,一般,６　２５３５６５１　３,2025-02-10,2025-02-15,16,児島,一般,５６３　３１２５６　４１,2024-12-18,2024-12-23,16,児島,一般,１　５１１２２２１２[２],2022-03-16,2022-03-21,16,児島,一般,６　１３５５３３４１２欠
202607301801,2026-07-30,18,01R,4209,藤田 竜弘,2026-01-25,2026-01-30,18,徳山,一般,５　欠欠,2025-08-01,2025-08-06,18,徳山,一般,５　４１２妨５２３　２６,2025-01-10,2025-01-13,18,徳山,一般,２　３３３６３６,2022-06-27,2022-07-01,18,徳山,一般,４　落欠,2022-02-01,2022-02-06,18,徳山,一般,２　２２１２５６４５３６,4727,安部 慎一,2025-11-04,2025-11-09,18,徳山,一般,４　６１５　２６６６４,2025-06-09,2025-06-13,18,徳山,一般,３　５３１　５４４５,2024-08-22,2024-08-27,18,徳山,一般,６　５３３　５１４　３４,2024-02-01,2024-02-07,18,徳山,一般,５　１４１　５６１５６　２４,2021-04-23,2021-04-28,18,徳山,一般,４１６　転　４５６　４,3989,熊本 英一,2024-12-17,2024-12-22,18,徳山,一般,６　６　５２６,2023-06-11,2023-06-15,18,徳山,一般,６　６　６１２　２５,2022-10-03,2022-10-08,18,徳山,一般,５　転６５,2022-06-27,2022-07-01,18,徳山,一般,５　４６５　４　４,2020-12-15,2020-12-20,18,徳山,一般,６５６　６　４４４　５,4252,松下 哲也,2025-12-04,2025-12-09,18,徳山,一般,３　６６３　５６５４４,2024-12-08,2024-12-14,18,徳山,一般,１　転３５４２　３　６２２２,2023-09-07,2023-09-11,18,徳山,一般,５５２　５　２１３５,2023-04-20,2023-04-23,18,徳山,一般,６２６　３３４１,2021-03-26,2021-03-31,18,徳山,一般,３　４１１１４５４４２６,4511,中岡 健人,2024-06-01,2024-06-06,18,徳山,一般,４２５　１５６　５　２３,2024-01-15,2024-01-19,18,徳山,一般,１４５　３４５　２３,2023-07-30,2023-08-05,18,徳山,一般,５５２　２１２　３６４　５１,2023-01-31,2023-02-05,18,徳山,一般,５　３３４４５　３　５３,2021-08-05,2021-08-10,18,徳山,一般,４５２　３４４　２６５５,5470,,,,,,,,,,,,,,,,,,,,,,,,,,,,,,,
202607301802,2026-07-30,18,02R,5068,前田 滉,2025-11-16,2025-11-21,18,徳山,ＧⅠ,４　６５４　２　３２２,2025-02-25,2025-03-03,18,徳山,一般,２５２２３４４　５,2023-12-18,2023-12-23,18,徳山,一般,２　４５,2022-07-22,2022-07-27,18,徳山,一般,３２３　４２３６１５１４,2021-09-21,2021-09-26,18,徳山,ＧⅠ,６　４　６５２　４６３,5011,高木 圭大,2024-06-28,2024-07-03,18,徳山,一般,６　５　６　２５５６６,2023-09-24,2023-09-28,18,徳山,一般,６　６５１　６２４５,2021-02-02,2021-02-08,18,徳山,一般,５６６　６　５４６　６　６,2020-06-29,2020-07-05,18,徳山,一般,６　５４２５５　６　５５５,2020-04-15,2020-04-18,18,徳山,一般,５４５　６３２,5292,佐藤 右京,2025-02-25,2025-03-03,18,徳山,一般,６４６　３６４　４４６,,,,,,,,,,,,,,,,,,,,,,,,,5075,中島 秀治,2026-02-04,2026-02-09,18,徳山,一般,６　３２２３１４３１[１],2025-10-20,2025-10-25,18,徳山,一般,３４４　３３２１１４１４,2022-07-22,2022-07-27,18,徳山,一般,４　３２１２１３１３２１,,,,,,,,,,,,,5106,山崎 祥,2026-07-04,2026-07-09,18,徳山,一般,　　　　　　　　　　３３,2026-05-12,2026-05-15,18,徳山,一般,３５２　２５２６,2026-03-20,2026-03-25,18,徳山,一般,１３３３５　４２３５４１,2026-01-02,2026-01-07,18,徳山,一般,３３４３２　１３３５３６,2025-07-13,2025-07-17,18,徳山,一般,３　３５３　３　５３,4028,田村 隆信,2024-09-24,2024-09-29,18,徳山,ＧⅠ,２　１　１５６　５　２６,2023-11-02,2023-11-07,18,徳山,ＧⅠ,６６４　５,2023-06-20,2023-06-25,18,徳山,ＳＧ,６１６　６　欠欠,2023-01-16,2023-01-21,18,徳山,ＧⅡ,１　１３３１３　１　[１],2021-06-14,2021-06-19,18,徳山,一般,１１２３１３３　４１[３]
202607301803,2026-07-30,18,03R,4256,渡辺 浩司,2025-11-16,2025-11-21,18,徳山,ＧⅠ,１　６３６　５　６２３４,2025-05-07,2025-05-12,18,徳山,一般,２　１２３　３１３１[３],2023-11-02,2023-11-07,18,徳山,ＧⅠ,４３３　２４５　４１３,2023-04-14,2023-04-17,18,徳山,一般,１４３５１１[６],2022-12-07,2022-12-12,18,徳山,一般,２１２　１２５３３１[２],5309,森 雄利,2025-03-28,2025-04-02,18,徳山,一般,６　５５転　６６５　６,2025-02-25,2025-03-03,18,徳山,一般,　　３　転６５　５　６５,2025-01-17,2025-01-22,18,徳山,一般,５　５６６　５５６　６６,2023-12-01,2023-12-06,18,徳山,一般,４　５　４６５５６　６６,2023-06-29,2023-07-05,18,徳山,一般,６　６６６　６４４　５６５６,5029,中 亮太,2025-03-28,2025-04-02,18,徳山,一般,２４２６１６６　１　３１,2024-10-26,2024-10-31,18,徳山,一般,１５２　F１１　６　２,2023-10-01,2023-10-06,18,徳山,一般,１３４１２１４　３１[２],2023-06-11,2023-06-15,18,徳山,一般,１１１６４６１５６２,2021-11-28,2021-12-04,18,徳山,一般,１５１３５　５２２６１　６６,5220,青木 蓮,2025-10-20,2025-10-25,18,徳山,一般,２２６３３４２　１５１５,2025-02-25,2025-03-03,18,徳山,一般,１１２３４４１２１２４１,2023-07-09,2023-07-14,18,徳山,一般,５　２２４６２　６　３５,,,,,,,,,,,,,4527,高野 心吾,2026-04-20,2026-04-24,18,徳山,一般,４６３　１　６５１,2025-03-09,2025-03-15,18,徳山,一般,４１６　５　５６４　５６２５,2024-12-08,2024-12-14,18,徳山,一般,６６３３５　１　４６５　５６,2024-06-10,2024-06-14,18,徳山,一般,１　６　２６４４４６,2024-01-15,2024-01-19,18,徳山,一般,５　５６１　５６４,3680,森林 太,2026-05-05,2026-05-09,18,徳山,一般,２４４　５１２６２６,2025-05-07,2025-05-12,18,徳山,一般,３１５　２３６　３５３,2025-02-17,2025-02-22,18,徳山,一般,４　４４５６１　４　１４,2024-11-21,2024-11-24,18,徳山,一般,２４４　３４４４,2024-01-06,2024-01-11,18,徳山,一般,５　１４３３５　４　２２
202607301804,2026-07-30,18,04R,4512,高野 哲史,2025-06-21,2025-06-25,18,徳山,一般,３６２４４１１５１２,2024-10-26,2024-10-31,18,徳山,一般,２　１１４１１４３１[１],2023-06-29,2023-07-05,18,徳山,一般,４４１　２３１２３３１３３２,2020-01-14,2020-01-19,18,徳山,ＧⅠ,６１５　３３４　３３６,2016-06-05,2016-06-09,18,徳山,一般,１２２３転３１６１５,4146,柳橋 宏紀,2025-11-04,2025-11-09,18,徳山,一般,５５２　２４１　１５３５,2023-07-30,2023-08-05,18,徳山,一般,６　４５５　４５６　２　４５,2020-07-08,2020-07-13,18,徳山,一般,５２４　３　F２４　５,2019-05-19,2019-05-24,18,徳山,一般,３４３３５　４５３　６５,2017-02-18,2017-02-22,18,徳山,一般,１　３４６３２４３３,4954,内山 峻輔,2026-05-12,2026-05-15,18,徳山,一般,４　４４６５２,2023-12-10,2023-12-15,18,徳山,一般,４３２４１３４　１２[５],2023-07-18,2023-07-23,18,徳山,一般,５　５５１５５　３　５５,2019-10-09,2019-10-14,18,徳山,一般,４　５３５　４６５　５１,,,,,,,5343,小林 礼央,2026-02-12,2026-02-16,18,徳山,一般,６　４６５　４　４５,2025-05-31,2025-06-04,18,徳山,一般,６６６　６　６５６,2025-02-17,2025-02-22,18,徳山,一般,６４１　６２５２３２５,2024-06-19,2024-06-24,18,徳山,一般,６　６　６６６　４６６,,,,,,,4100,松田 隆司,2026-01-02,2026-01-07,18,徳山,一般,４　３５４６１　５４２,2025-03-09,2025-03-15,18,徳山,一般,６１５　３６５　６　５５４４,2024-08-04,2024-08-09,18,徳山,一般,３６２　２２３　４６１５,2023-07-18,2023-07-23,18,徳山,一般,３２６　４４３　２６６,2022-12-16,2022-12-21,18,徳山,一般,４２３１４　２１２２[４],5458,,,,,,,,,,,,,,,,,,,,,,,,,,,,,,,
202607301805,2026-07-30,18,05R,4148,枝尾 賢,2025-12-24,2025-12-29,18,徳山,一般,２１５５４　４２１５３２,2025-05-19,2025-05-24,18,徳山,一般,３１４　４１１６３２[４],2024-09-24,2024-09-29,18,徳山,ＧⅠ,F５２　４　３２３　４,2023-11-02,2023-11-07,18,徳山,ＧⅠ,３　６１６　１４１　２３,2023-04-14,2023-04-17,18,徳山,一般,２６１３２４１２,4292,麻生 慎介,2025-02-08,2025-02-13,18,徳山,ＧⅠ,２　４４４　１　３４３,2023-12-18,2023-12-23,18,徳山,一般,１３６２３　３１５３３１,2023-03-14,2023-03-19,18,徳山,一般,１１５３３　１１６２[３],2022-12-16,2022-12-21,18,徳山,一般,１２４６１６４　１３３２,2022-05-30,2022-06-03,18,徳山,一般,１１２１３１６１[３],5396,近藤 来希,2026-02-12,2026-02-16,18,徳山,一般,６６５　６　６６４,2025-06-21,2025-06-25,18,徳山,一般,６　６６６　５５６６,,,,,,,,,,,,,,,,,,,4034,西原 明生,2024-11-13,2024-11-18,18,徳山,一般,３　３４２　３３４　４４,2024-06-10,2024-06-14,18,徳山,一般,５６３　４　３４５,2023-01-31,2023-02-05,18,徳山,一般,６　６２６５３　４　５５,2022-11-15,2022-11-20,18,徳山,一般,６４２　５６６　５６２３,2022-08-27,2022-08-31,18,徳山,一般,１　３５５　３２３４,4252,松下 哲也,2025-12-04,2025-12-09,18,徳山,一般,３　６６３　５６５４４,2024-12-08,2024-12-14,18,徳山,一般,１　転３５４２　３　６２２２,2023-09-07,2023-09-11,18,徳山,一般,５５２　５　２１３５,2023-04-20,2023-04-23,18,徳山,一般,６２６　３３４１,2021-03-26,2021-03-31,18,徳山,一般,３　４１１１４５４４２６,4928,栗城 匠,2023-10-01,2023-10-06,18,徳山,一般,４２３６３２３　４　３２,2021-09-21,2021-09-26,18,徳山,ＧⅠ,１１３　３　４２不　１４,2021-07-02,2021-07-07,18,徳山,一般,１１５３１３４　１６２３,2018-10-10,2018-10-15,18,徳山,一般,６　６　６　６　６　６,2018-06-05,2018-06-08,18,徳山,一般,４５２　３３４
202607301806,2026-07-30,18,06R,5246,楠 将太郎,2025-06-30,2025-07-05,18,徳山,一般,１　３３３５５１６　４３,,,,,,,,,,,,,,,,,,,,,,,,,4567,上村 慎太郎,2026-03-30,2026-04-05,18,徳山,一般,５５４　２３６　１　３２,2026-01-25,2026-01-30,18,徳山,一般,５３５　４　３６５４５,2025-01-10,2025-01-13,18,徳山,一般,転　２１４　２５,2024-08-22,2024-08-27,18,徳山,一般,３　３２３　６６３　２３,2024-06-10,2024-06-14,18,徳山,一般,６　５５２　６　４２,4213,重富 伸也,2026-01-10,2026-01-13,18,徳山,一般,２　６６２６６,2022-06-07,2022-06-10,18,徳山,一般,６５６　２６５,2022-05-05,2022-05-10,18,徳山,一般,１４５　２５３　４　４４,2021-04-09,2021-04-13,18,徳山,一般,５　２４６３６　５２,2020-07-20,2020-07-25,18,徳山,一般,６５４　６５５　２５５,5068,前田 滉,2025-11-16,2025-11-21,18,徳山,ＧⅠ,４　６５４　２　３２２,2025-02-25,2025-03-03,18,徳山,一般,２５２２３４４　５,2023-12-18,2023-12-23,18,徳山,一般,２　４５,2022-07-22,2022-07-27,18,徳山,一般,３２３　４２３６１５１４,2021-09-21,2021-09-26,18,徳山,ＧⅠ,６　４　６５２　４６３,3989,熊本 英一,2024-12-17,2024-12-22,18,徳山,一般,６　６　５２６,2023-06-11,2023-06-15,18,徳山,一般,６　６　６１２　２５,2022-10-03,2022-10-08,18,徳山,一般,５　転６５,2022-06-27,2022-07-01,18,徳山,一般,５　４６５　４　４,2020-12-15,2020-12-20,18,徳山,一般,６５６　６　４４４　５,4063,市橋 卓士,2025-12-24,2025-12-29,18,徳山,一般,１１５　３２１３４３３１,2025-10-04,2025-10-09,18,徳山,一般,１３６１５　１２５５１５,2023-04-07,2023-04-11,18,徳山,一般,２２３１１　１１[４],2021-10-06,2021-10-11,18,徳山,一般,２　１６５２５１３２[６],2020-09-23,2020-09-28,18,徳山,ＧⅠ,６５１　２２３　４６４
202607301807,2026-07-30,18,07R,3896,上田 洋平,2023-09-24,2023-09-28,18,徳山,一般,３２２３５　２６１６,2023-07-30,2023-08-05,18,徳山,一般,１６１３３　５４１４４５４５,2022-10-23,2022-10-28,18,徳山,一般,２　３１３４６２２４１４,2022-08-01,2022-08-05,18,徳山,一般,３　５５４２１　２２,2022-03-10,2022-03-15,18,徳山,一般,１４１４落３４　３４１３,4209,藤田 竜弘,2026-01-25,2026-01-30,18,徳山,一般,５　欠欠,2025-08-01,2025-08-06,18,徳山,一般,５　４１２妨５２３　２６,2025-01-10,2025-01-13,18,徳山,一般,２　３３３６３６,2022-06-27,2022-07-01,18,徳山,一般,４　落欠,2022-02-01,2022-02-06,18,徳山,一般,２　２２１２５６４５３６,4257,古川 健,2026-01-17,2026-01-21,18,徳山,一般,６４１　５３２　２１,2025-06-30,2025-07-05,18,徳山,一般,６１２　５３３４６　１１,2023-09-15,2023-09-20,18,徳山,一般,１４３５１４２　３３３５,2023-03-26,2023-03-31,18,徳山,一般,２２１１５　１４１２[６],2022-11-15,2022-11-20,18,徳山,一般,５　５２１　２４２６１３,4264,長尾 章平,2026-01-02,2026-01-07,18,徳山,一般,２１３１１　２２４１[１],2025-11-16,2025-11-21,18,徳山,ＧⅠ,６　４２５　６４５　６３,2025-08-10,2025-08-15,18,徳山,一般,２３１３６３１　３５２３,2025-06-30,2025-07-05,18,徳山,一般,１４２　４３６１６３２１,2025-04-26,2025-05-01,18,徳山,一般,３３１２３３１　２６１４,5309,森 雄利,2025-03-28,2025-04-02,18,徳山,一般,６　５５転　６６５　６,2025-02-25,2025-03-03,18,徳山,一般,　　３　転６５　５　６５,2025-01-17,2025-01-22,18,徳山,一般,５　５６６　５５６　６６,2023-12-01,2023-12-06,18,徳山,一般,４　５　４６５５６　６６,2023-06-29,2023-07-05,18,徳山,一般,６　６６６　６４４　５６５６,4171,榎 幸司,2026-02-04,2026-02-09,18,徳山,一般,１５４５３４４　３１３,2025-11-04,2025-11-09,18,徳山,一般,３２３２１３１　２１[５],2024-10-26,2024-10-31,18,徳山,一般,４　２４２５５１１３１６,2023-10-01,2023-10-06,18,徳山,一般,４２１３５　４２３４１２,2023-04-14,2023-04-17,18,徳山,一般,２６１５１５４３
202607301808,2026-07-30,18,08R,4009,小林 一樹,2025-11-26,2025-12-01,18,徳山,一般,３６１３４　１５３４４１,2025-06-21,2025-06-25,18,徳山,一般,１１１１３　４１[５],2025-05-07,2025-05-12,18,徳山,一般,１５４　１　６５４３４２,2024-12-17,2024-12-22,18,徳山,一般,３　５５１１３　２２[５],2024-11-13,2024-11-18,18,徳山,一般,５　５５１４４２１,4100,松田 隆司,2026-01-02,2026-01-07,18,徳山,一般,４　３５４６１　５４２,2025-03-09,2025-03-15,18,徳山,一般,６１５　３６５　６　５５４４,2024-08-04,2024-08-09,18,徳山,一般,３６２　２２３　４６１５,2023-07-18,2023-07-23,18,徳山,一般,３２６　４４３　２６６,2022-12-16,2022-12-21,18,徳山,一般,４２３１４　２１２２[４],4256,渡辺 浩司,2025-11-16,2025-11-21,18,徳山,ＧⅠ,１　６３６　５　６２３４,2025-05-07,2025-05-12,18,徳山,一般,２　１２３　３１３１[３],2023-11-02,2023-11-07,18,徳山,ＧⅠ,４３３　２４５　４１３,2023-04-14,2023-04-17,18,徳山,一般,１４３５１１[６],2022-12-07,2022-12-12,18,徳山,一般,２１２　１２５３３１[２],5292,佐藤 右京,2025-02-25,2025-03-03,18,徳山,一般,６４６　３６４　４４６,,,,,,,,,,,,,,,,,,,,,,,,,5470,,,,,,,,,,,,,,,,,,,,,,,,,,,,,,,,4298,宮下 元胤,2025-11-04,2025-11-09,18,徳山,一般,２３４５３　２４２　３５,2024-12-17,2024-12-22,18,徳山,一般,２１５４３　３２４３１３,2022-08-27,2022-08-31,18,徳山,一般,６２１４３３２６１６,2022-07-07,2022-07-12,18,徳山,一般,３５１５５　５　１５４,2021-10-06,2021-10-11,18,徳山,一般,１４２３３　２４４４５１
202607301809,2026-07-30,18,09R,5220,青木 蓮,2025-10-20,2025-10-25,18,徳山,一般,２２６３３４２　１５１５,2025-02-25,2025-03-03,18,徳山,一般,１１２３４４１２１２４１,2023-07-09,2023-07-14,18,徳山,一般,５　２２４６２　６　３５,,,,,,,,,,,,,4028,田村 隆信,2024-09-24,2024-09-29,18,徳山,ＧⅠ,２　１　１５６　５　２６,2023-11-02,2023-11-07,18,徳山,ＧⅠ,６６４　５,2023-06-20,2023-06-25,18,徳山,ＳＧ,６１６　６　欠欠,2023-01-16,2023-01-21,18,徳山,ＧⅡ,１　１３３１３　１　[１],2021-06-14,2021-06-19,18,徳山,一般,１１２３１３３　４１[３],4727,安部 慎一,2025-11-04,2025-11-09,18,徳山,一般,４　６１５　２６６６４,2025-06-09,2025-06-13,18,徳山,一般,３　５３１　５４４５,2024-08-22,2024-08-27,18,徳山,一般,６　５３３　５１４　３４,2024-02-01,2024-02-07,18,徳山,一般,５　１４１　５６１５６　２４,2021-04-23,2021-04-28,18,徳山,一般,４１６　転　４５６　４,4133,高橋 正男,2026-02-12,2026-02-16,18,徳山,一般,４２３５１２１２[３],2024-06-10,2024-06-14,18,徳山,一般,５３１６３２１３１４,2023-08-29,2023-09-03,18,徳山,一般,２３２３３　２２２２[５],2023-07-09,2023-07-14,18,徳山,一般,４　１３３３４１１２[４],2023-01-25,2023-01-28,18,徳山,一般,１２４３６１[２],5458,,,,,,,,,,,,,,,,,,,,,,,,,,,,,,,,4292,麻生 慎介,2025-02-08,2025-02-13,18,徳山,ＧⅠ,２　４４４　１　３４３,2023-12-18,2023-12-23,18,徳山,一般,１３６２３　３１５３３１,2023-03-14,2023-03-19,18,徳山,一般,１１５３３　１１６２[３],2022-12-16,2022-12-21,18,徳山,一般,１２４６１６４　１３３２,2022-05-30,2022-06-03,18,徳山,一般,１１２１３１６１[３]
202607301810,2026-07-30,18,10R,4004,山本 浩輔,2025-12-13,2025-12-18,18,徳山,ＧⅢ,３６３　４　４１６２２,2025-10-12,2025-10-16,18,徳山,一般,５５４　４　５５１,2025-01-10,2025-01-13,18,徳山,一般,３　２６６　４３,2024-06-10,2024-06-14,18,徳山,一般,４２６　１　３６２４,2023-09-24,2023-09-28,18,徳山,一般,６６５　４１５　６５,3617,竹田 広樹,2026-02-19,2026-02-23,18,徳山,一般,１　６２５６４　２４,2025-05-31,2025-06-04,18,徳山,一般,６　６５６　１　６２,2025-02-17,2025-02-22,18,徳山,一般,４６４　３６４　４　６４,2024-08-22,2024-08-27,18,徳山,一般,６　２６６　３６６　３５,2023-01-31,2023-02-05,18,徳山,一般,６　２６１　４６１　３２,4148,枝尾 賢,2025-12-24,2025-12-29,18,徳山,一般,２１５５４　４２１５３２,2025-05-19,2025-05-24,18,徳山,一般,３１４　４１１６３２[４],2024-09-24,2024-09-29,18,徳山,ＧⅠ,F５２　４　３２３　４,2023-11-02,2023-11-07,18,徳山,ＧⅠ,３　６１６　１４１　２３,2023-04-14,2023-04-17,18,徳山,一般,２６１３２４１２,4512,高野 哲史,2025-06-21,2025-06-25,18,徳山,一般,３６２４４１１５１２,2024-10-26,2024-10-31,18,徳山,一般,２　１１４１１４３１[１],2023-06-29,2023-07-05,18,徳山,一般,４４１　２３１２３３１３３２,2020-01-14,2020-01-19,18,徳山,ＧⅠ,６１５　３３４　３３６,2016-06-05,2016-06-09,18,徳山,一般,１２２３転３１６１５,4213,重富 伸也,2026-01-10,2026-01-13,18,徳山,一般,２　６６２６６,2022-06-07,2022-06-10,18,徳山,一般,６５６　２６５,2022-05-05,2022-05-10,18,徳山,一般,１４５　２５３　４　４４,2021-04-09,2021-04-13,18,徳山,一般,５　２４６３６　５２,2020-07-20,2020-07-25,18,徳山,一般,６５４　６５５　２５５,4383,竹田 吉行,2025-12-04,2025-12-09,18,徳山,一般,５２３　１５４３６　３３,2025-01-17,2025-01-22,18,徳山,一般,４１２４５　１４２３１１,2024-11-21,2024-11-24,18,徳山,一般,４　２６６４６２,2024-06-01,2024-06-06,18,徳山,一般,１２５　５　１３６５１６,2022-09-04,2022-09-10,18,徳山,一般,４１２　５６２　５６４
202607301811,2026-07-30,18,11R,5075,中島 秀治,2026-02-04,2026-02-09,18,徳山,一般,６　３２２３１４３１[１],2025-10-20,2025-10-25,18,徳山,一般,３４４　３３２１１４１４,2022-07-22,2022-07-27,18,徳山,一般,４　３２１２１３１３２１,,,,,,,,,,,,,4928,栗城 匠,2023-10-01,2023-10-06,18,徳山,一般,４２３６３２３　４　３２,2021-09-21,2021-09-26,18,徳山,ＧⅠ,１１３　３　４２不　１４,2021-07-02,2021-07-07,18,徳山,一般,１１５３１３４　１６２３,2018-10-10,2018-10-15,18,徳山,一般,６　６　６　６　６　６,2018-06-05,2018-06-08,18,徳山,一般,４５２　３３４,5343,小林 礼央,2026-02-12,2026-02-16,18,徳山,一般,６　４６５　４　４５,2025-05-31,2025-06-04,18,徳山,一般,６６６　６　６５６,2025-02-17,2025-02-22,18,徳山,一般,６４１　６２５２３２５,2024-06-19,2024-06-24,18,徳山,一般,６　６　６６６　４６６,,,,,,,4171,榎 幸司,2026-02-04,2026-02-09,18,徳山,一般,１５４５３４４　３１３,2025-11-04,2025-11-09,18,徳山,一般,３２３２１３１　２１[５],2024-10-26,2024-10-31,18,徳山,一般,４　２４２５５１１３１６,2023-10-01,2023-10-06,18,徳山,一般,４２１３５　４２３４１２,2023-04-14,2023-04-17,18,徳山,一般,２６１５１５４３,4567,上村 慎太郎,2026-03-30,2026-04-05,18,徳山,一般,５５４　２３６　１　３２,2026-01-25,2026-01-30,18,徳山,一般,５３５　４　３６５４５,2025-01-10,2025-01-13,18,徳山,一般,転　２１４　２５,2024-08-22,2024-08-27,18,徳山,一般,３　３２３　６６３　２３,2024-06-10,2024-06-14,18,徳山,一般,６　５５２　６　４２,5029,中 亮太,2025-03-28,2025-04-02,18,徳山,一般,２４２６１６６　１　３１,2024-10-26,2024-10-31,18,徳山,一般,１５２　F１１　６　２,2023-10-01,2023-10-06,18,徳山,一般,１３４１２１４　３１[２],2023-06-11,2023-06-15,18,徳山,一般,１１１６４６１５６２,2021-11-28,2021-12-04,18,徳山,一般,１５１３５　５２２６１　６６
202607301812,2026-07-30,18,12R,4264,長尾 章平,2026-01-02,2026-01-07,18,徳山,一般,２１３１１　２２４１[１],2025-11-16,2025-11-21,18,徳山,ＧⅠ,６　４２５　６４５　６３,2025-08-10,2025-08-15,18,徳山,一般,２３１３６３１　３５２３,2025-06-30,2025-07-05,18,徳山,一般,１４２　４３６１６３２１,2025-04-26,2025-05-01,18,徳山,一般,３３１２３３１　２６１４,4527,高野 心吾,2026-04-20,2026-04-24,18,徳山,一般,４６３　１　６５１,2025-03-09,2025-03-15,18,徳山,一般,４１６　５　５６４　５６２５,2024-12-08,2024-12-14,18,徳山,一般,６６３３５　１　４６５　５６,2024-06-10,2024-06-14,18,徳山,一般,１　６　２６４４４６,2024-01-15,2024-01-19,18,徳山,一般,５　５６１　５６４,4063,市橋 卓士,2025-12-24,2025-12-29,18,徳山,一般,１１５　３２１３４３３１,2025-10-04,2025-10-09,18,徳山,一般,１３６１５　１２５５１５,2023-04-07,2023-04-11,18,徳山,一般,２２３１１　１１[４],2021-10-06,2021-10-11,18,徳山,一般,２　１６５２５１３２[６],2020-09-23,2020-09-28,18,徳山,ＧⅠ,６５１　２２３　４６４,4298,宮下 元胤,2025-11-04,2025-11-09,18,徳山,一般,２３４５３　２４２　３５,2024-12-17,2024-12-22,18,徳山,一般,２１５４３　３２４３１３,2022-08-27,2022-08-31,18,徳山,一般,６２１４３３２６１６,2022-07-07,2022-07-12,18,徳山,一般,３５１５５　５　１５４,2021-10-06,2021-10-11,18,徳山,一般,１４２３３　２４４４５１,4697,國弘 翔平,2026-04-20,2026-04-24,18,徳山,一般,５　５３３　４　４５,2025-10-04,2025-10-09,18,徳山,一般,２　４１４４３３１６４６,2023-12-28,2024-01-02,18,徳山,一般,５２６　転　５６６　３２,2023-05-07,2023-05-11,18,徳山,一般,４２２　３４２　妨６,2023-02-10,2023-02-14,18,徳山,一般,５　５２６６４　４３,4146,柳橋 宏紀,2025-11-04,2025-11-09,18,徳山,一般,５５２　２４１　１５３５,2023-07-30,2023-08-05,18,徳山,一般,６　４５５　４５６　２　４５,2020-07-08,2020-07-13,18,徳山,一般,５２４　３　F２４　５,2019-05-19,2019-05-24,18,徳山,一般,３４３３５　４５３　６５,2017-02-18,2017-02-22,18,徳山,一般,１　３４６３２４３３
202607301901,2026-07-30,19,01R,4666,日笠 勝弘,2022-05-29,2022-06-04,19,下関,一般,５４６　１２５　２５４　３５,2021-12-12,2021-12-17,19,下関,一般,５６３　６４１　５　５６,2018-10-26,2018-10-31,19,下関,ＧⅢ,６５６　３　６６５　６５,2017-07-20,2017-07-25,19,下関,一般,６６４　３５６　１　６６,2016-09-29,2016-10-04,19,下関,一般,４　１５６　４５１　２４,4896,花本 剛,2026-03-26,2026-03-31,19,下関,一般,５　６３５６５４１　６,2026-02-10,2026-02-14,19,下関,一般,４６４　４６,2025-09-10,2025-09-16,19,下関,一般,　　　　　　　　５５６　１６,2025-08-10,2025-08-15,19,下関,一般,１５６　２４６　４６６,2025-02-21,2025-02-25,19,下関,一般,３転４　１６５　３３,3869,井芹 大志,2024-08-13,2024-08-17,19,下関,一般,５　１２３　２５４１,2024-06-14,2024-06-18,19,下関,一般,４　２５６５５　６４,2022-08-04,2022-08-10,19,下関,一般,５　５５４３３　３３５　４,2022-06-25,2022-06-30,19,下関,一般,６４６　１５６,2021-05-27,2021-06-02,19,下関,一般,５２５　４５４　２２５　５,3566,川添 英正,2022-10-16,2022-10-21,19,下関,ＧⅢ,１　３４１５２６１５１４,2021-09-27,2021-10-01,19,下関,一般,４４２２２　３６２６,2021-06-07,2021-06-11,19,下関,一般,５２４２１　６２[４],2021-02-25,2021-03-02,19,下関,一般,５５２　２　４５５５２,2018-12-28,2019-01-03,19,下関,一般,２　１２１２５１２４１４４６,5391,出穂 和鼓,2026-07-19,2026-07-24,19,下関,ＧⅢ,２６４　６２落　６　４６,2026-04-29,2026-05-04,19,下関,一般,６　６６６　５５６　６５,2026-03-19,2026-03-23,19,下関,一般,５　６５６　６５６,2026-02-17,2026-02-22,19,下関,一般,５５３　５　４６４　５,2025-12-28,2026-01-02,19,下関,一般,４　５６４　４５６　落６,4509,平見 真彦,2024-02-26,2024-03-01,19,下関,一般,２２転４３　１５３２,2019-12-09,2019-12-15,19,下関,一般,１　１４４３２２１２１５２５,2018-10-07,2018-10-12,19,下関,一般,４４５　４４２　５４３４,2017-04-23,2017-04-26,19,下関,一般,４３６４６　２２,2013-04-13,2013-04-18,19,下関,一般,６　４４２　３４３　４３
202607301902,2026-07-30,19,02R,4281,大澤 大夢,2025-03-07,2025-03-11,19,下関,一般,１５１５６　３３３,2024-11-27,2024-11-30,19,下関,一般,５５３４５　６２,2024-05-31,2024-06-03,19,下関,一般,３　４２１２２５,2024-02-26,2024-03-01,19,下関,一般,４４４３１２２５１２,2022-02-06,2022-02-09,19,下関,一般,１６４５３　１４,4020,川上 清人,2026-02-10,2026-02-14,19,下関,一般,２　１６６３３　３３,2025-07-27,2025-07-31,19,下関,一般,１６４　６５４　６４,2024-12-19,2024-12-25,19,下関,一般,４５１　３５３　５　３６１３,2024-08-20,2024-08-26,19,下関,一般,５２４　１５２　４　１４５３,2024-03-30,2024-04-02,19,下関,一般,２６６　６６３,3105,内山 文典,2024-05-14,2024-05-20,19,下関,ＧⅢ,３　６４５５１　６２３２,2023-06-29,2023-07-02,19,下関,一般,３　２２２５２３,2021-09-27,2021-10-01,19,下関,一般,５４６　１２６５６,2020-09-05,2020-09-11,19,下関,一般,４４２　６６５３６　４,2012-04-24,2012-04-29,19,下関,ＧⅠ,５　４　４４４　５５１,4883,岡部 大輝,2024-03-23,2024-03-27,19,下関,一般,４　３５１　２４４６,2023-09-19,2023-09-24,19,下関,ＧⅠ,６　５　２２６　６５５,2023-01-22,2023-01-29,19,下関,一般,３　１６　　１４１３１２１２[６],2021-11-28,2021-12-03,19,下関,一般,２２２　６４１　３６１５,,,,,,,3583,齋藤 智裕,2024-11-27,2024-11-30,19,下関,一般,６　５６４　３５,2023-10-21,2023-10-25,19,下関,一般,２６５　６５５　５,2023-04-10,2023-04-15,19,下関,一般,５２５　５５６　４６６,2022-10-16,2022-10-21,19,下関,ＧⅢ,２５５　１６２５５　６,2019-03-18,2019-03-22,19,下関,一般,６　５６３　４３５,5471,,,,,,,,,,,,,,,,,,,,,,,,,,,,,,,
202607301903,2026-07-30,19,03R,4031,飯島 誠,2026-01-18,2026-01-21,19,下関,一般,３６４６１　４５,2024-07-27,2024-08-02,19,下関,一般,４　３２６　３５５　６　４,2019-01-17,2019-01-22,19,下関,一般,５　５３２３５　６　３６,2017-10-20,2017-10-24,19,下関,一般,４４３　４５１　２２,2015-06-03,2015-06-08,19,下関,一般,４４２　１３２３１４４６,3726,桂林 寛,2026-02-17,2026-02-22,19,下関,一般,２　４　１５５３２　４２,2024-10-21,2024-10-26,19,下関,一般,５　１６６　１４５５６２,2022-07-28,2022-08-01,19,下関,一般,３２３　２５２４４６,2021-07-12,2021-07-18,19,下関,一般,３２６　３６５　２２６　４４,2020-04-13,2020-04-17,19,下関,一般,３３２６１　４４１３,3872,岡田 憲行,2025-12-18,2025-12-24,19,下関,一般,３　１５３４１　１３５３２１,2025-05-15,2025-05-19,19,下関,一般,５２３３４　５１２,2023-12-12,2023-12-18,19,下関,一般,３２１　１４１１２１[４],2021-11-08,2021-11-13,19,下関,一般,１２６　２１２４２１[２],2021-08-06,2021-08-12,19,下関,一般,３１６　４６５５１１５　２,4233,亀山 雅幸,2025-06-23,2025-06-27,19,下関,一般,２　２５３３３６２４,2023-10-13,2023-10-18,19,下関,一般,２　６４１　４３１６３６,2023-04-10,2023-04-15,19,下関,一般,５３２　落欠,2021-09-08,2021-09-12,19,下関,一般,２５２　３６２６１６,2019-11-16,2019-11-22,19,下関,一般,１２２　３５１３１６３６１４,3362,間嶋 仁志,2024-07-27,2024-08-02,19,下関,一般,４４３　２４４　４２６　３６,2024-05-14,2024-05-20,19,下関,ＧⅢ,６１５１４　１３１５１４,2022-11-20,2022-11-24,19,下関,一般,４６１　５４４３３３,2016-05-10,2016-05-15,19,下関,一般,２　２５２４２　２６１３,2012-05-16,2012-05-21,19,下関,一般,１５３　１２１１１４１１,4083,福島 勇樹,2025-10-28,2025-11-02,19,下関,ＧⅡ,６　６　２１１２６　１６,2024-10-21,2024-10-26,19,下関,一般,４６１１５　３１５５１５,2024-07-27,2024-08-02,19,下関,一般,１５１１３　６５３１２３４１,2023-10-21,2023-10-25,19,下関,一般,１１３２２１３１[１],2023-02-25,2023-03-01,19,下関,一般,５２３　３４２４１３
202607301904,2026-07-30,19,04R,4260,中越 博紀,2026-06-01,2026-06-05,19,下関,一般,２　１２４２５６１５,2026-02-25,2026-03-02,19,下関,ＧⅢ,１　６６５２５５３２２５,2025-08-30,2025-09-02,19,下関,一般,１　５３４２[６],2025-05-15,2025-05-19,19,下関,一般,３２２６４　１６３５,2024-10-03,2024-10-07,19,下関,一般,１３３　１２１５５２,4175,川尻 泰輔,2022-03-26,2022-03-31,19,下関,ＧⅠ,３　５６３　５４３　３６,2021-09-08,2021-09-12,19,下関,一般,４　５５１１２　４３,2020-01-27,2020-01-30,19,下関,一般,３３２　１６５６,2019-05-10,2019-05-15,19,下関,一般,２１３３４　３１５５３４,2018-11-07,2018-11-12,19,下関,一般,１２４１５　１２２２[４],4553,坪口 竜也,2026-02-25,2026-03-02,19,下関,ＧⅢ,４２２６３　２４１４５３,2025-07-27,2025-07-31,19,下関,一般,５５,2025-03-07,2025-03-11,19,下関,一般,２５５　５１２　２１,2023-10-13,2023-10-18,19,下関,一般,１２５　２４２　４２[６],2022-07-17,2022-07-20,19,下関,一般,３４１５１２[６],3838,伊藤 啓三,2025-03-02,2025-03-05,19,下関,一般,　　２１５４１６,2024-05-31,2024-06-03,19,下関,一般,４１４　１１２２,2024-03-30,2024-04-02,19,下関,一般,２１１　６１[５],2023-05-17,2023-05-23,19,下関,一般,２　３６４２６４１　１６３３,2022-05-08,2022-05-13,19,下関,一般,２１３３１　１３３１[１],5418,堀内 亜海,2025-09-20,2025-09-24,19,下関,一般,６　６６６　５　６６,,,,,,,,,,,,,,,,,,,,,,,,,4238,毒島 誠,2025-01-11,2025-01-16,19,下関,ＧⅠ,２１２　３１６　６　１６,2024-11-19,2024-11-24,19,下関,ＳＧ,４　妨１６　３３１３６,2022-07-05,2022-07-10,19,下関,ＧⅡ,１　２３２　６５５　１６,2022-03-26,2022-03-31,19,下関,ＧⅠ,４２２　４　２１２　[３],2020-08-25,2020-08-30,19,下関,ＳＧ,２　３６５　４６２１５
202607301905,2026-07-30,19,05R,3412,鈴木 博,2024-09-03,2024-09-06,19,下関,一般,２１２　４２[５],2024-02-11,2024-02-14,19,下関,一般,１１２３２１[１],2022-05-29,2022-06-04,19,下関,一般,３１２２２　１３２３５２[２],2020-05-11,2020-05-17,19,下関,一般,１１２　３５３１１１２１[５],2019-10-26,2019-10-31,19,下関,ＧⅢ,６　２２１転,4041,小林 基樹,2026-04-29,2026-05-04,19,下関,一般,２　２５２　４３１６４,2026-02-10,2026-02-14,19,下関,一般,５　５　６４５５６,2025-08-21,2025-08-24,19,下関,一般,３４１４６４２３,2024-08-13,2024-08-17,19,下関,一般,３２４　１２６６１２,2024-07-03,2024-07-07,19,下関,一般,４６５　転　５３２５,4243,西村 歩,2025-11-19,2025-11-24,19,下関,ＧⅢ,３　３５３４３１３６３,2010-03-02,2010-03-07,19,下関,ＧⅠ,５　３１４　４　１３５,2007-10-25,2007-10-30,19,下関,ＧⅢ,２６６６６　６６６　６,2005-09-27,2005-10-02,19,下関,ＧⅢ,６　４６１　４６３　５６,,,,,,,3554,仲口 博崇,2026-02-17,2026-02-22,19,下関,一般,６６６１４　２　１　４１,2025-07-17,2025-07-20,19,下関,一般,３６１５３４３５,2024-10-03,2024-10-07,19,下関,一般,５５１　４３２２６,2023-05-25,2023-05-31,19,下関,一般,６３５１１　２　１６２２[６],2021-04-20,2021-04-25,19,下関,ＧⅠ,５３４　３　１５３　５６,4469,土山 卓也,2026-02-17,2026-02-22,19,下関,一般,５５２　６　６４３　２４,2021-07-12,2021-07-18,19,下関,一般,５５４６１３２　２　１４３３,2021-06-07,2021-06-11,19,下関,一般,２６６　２３１　５２,2019-12-01,2019-12-06,19,下関,一般,１６４　１３４　６　４１,2016-10-15,2016-10-19,19,下関,一般,４５２２２　２５１３,5258,仲本 舜,2025-04-05,2025-04-10,19,下関,一般,１４５　４６５　３　２転,2024-07-27,2024-08-02,19,下関,一般,６６６　４６５　６　５　５６,2022-06-25,2022-06-30,19,下関,一般,６６５　F６６　６　３６,,,,,,,,,,,,
202607301906,2026-07-30,19,06R,4892,柴田 直哉,2025-12-18,2025-12-24,19,下関,一般,５５４　３５１　３１２　４,2025-03-07,2025-03-11,19,下関,一般,１　４５３２１３５１,2023-12-12,2023-12-18,19,下関,一般,４　２２１１３３１４３３,2022-11-09,2022-11-15,19,下関,一般,４　１３５１４４１２３５１４,2020-06-16,2020-06-19,19,下関,一般,６２２５３　１１,4134,杉山 貴博,2025-08-21,2025-08-24,19,下関,一般,２４３４２５１４,2024-10-30,2024-11-02,19,下関,一般,２４６　３１２,2019-01-17,2019-01-22,19,下関,一般,２２１１２　１１１F５,2017-01-19,2017-01-24,19,下関,ＧⅠ,３５５　５　１６６　４５,2015-12-12,2015-12-17,19,下関,ＧⅢ,１３５３２　４５４５１５,4579,中嶋 健一郎,2026-01-09,2026-01-14,19,下関,一般,２１２２４　１１[５],2024-09-20,2024-09-25,19,下関,一般,３４２　６１２１５２[２],2022-05-29,2022-06-04,19,下関,一般,４４１　３４５　２　１２[５],2016-01-07,2016-01-11,19,下関,一般,５　１５１２２５１４,2015-07-11,2015-07-15,19,下関,一般,２１転　３４１６１３,4387,平山 智加,2025-06-23,2025-06-27,19,下関,一般,１　４４２１１２[５],2024-11-19,2024-11-24,19,下関,ＳＧ,５　６１１　２　４　[６],2024-10-03,2024-10-07,19,下関,一般,４４４２１　１４３５,2023-01-31,2023-02-05,19,下関,一般,５　３３５６１　１３[５],2022-07-05,2022-07-10,19,下関,ＧⅡ,３　２５３　４５６　５５,4020,川上 清人,2026-02-10,2026-02-14,19,下関,一般,２　１６６３３　３３,2025-07-27,2025-07-31,19,下関,一般,１６４　６５４　６４,2024-12-19,2024-12-25,19,下関,一般,４５１　３５３　５　３６１３,2024-08-20,2024-08-26,19,下関,一般,５２４　１５２　４　１４５３,2024-03-30,2024-04-02,19,下関,一般,２６６　６６３,4856,豊田 健士郎,2025-12-07,2025-12-12,19,下関,ＧⅠ,２４１　３　１５５　２２,2025-01-11,2025-01-16,19,下関,ＧⅠ,５６１　２　３３２　２６,2023-09-19,2023-09-24,19,下関,ＧⅠ,４３２　４５３　６　２１,2020-12-18,2020-12-23,19,下関,一般,１１１５２　３１３１[２],2020-01-11,2020-01-16,19,下関,一般,３４１１３　４２１３２１
202607301907,2026-07-30,19,07R,4876,梅木 敬太,2026-03-19,2026-03-23,19,下関,一般,６６４　３５５　１３,2025-03-07,2025-03-11,19,下関,一般,５　４２４　４４３５,2024-07-15,2024-07-19,19,下関,一般,５６１　４４６　５４,2023-07-07,2023-07-13,19,下関,一般,２４F　６　３　３６６　４６,2022-10-01,2022-10-06,19,下関,一般,４　１２６６５　４５,5055,眞鳥 章太,2024-01-11,2024-01-16,19,下関,一般,４１１　４２２４５３１５,2023-10-21,2023-10-25,19,下関,一般,６　４５１　６　１５,2021-10-20,2021-10-25,19,下関,一般,６６５　５　転６６６６６,2021-05-07,2021-05-10,19,下関,一般,１　１５２５４５,2021-02-01,2021-02-05,19,下関,一般,２　３５３５３　２４,4666,日笠 勝弘,2022-05-29,2022-06-04,19,下関,一般,５４６　１２５　２５４　３５,2021-12-12,2021-12-17,19,下関,一般,５６３　６４１　５　５６,2018-10-26,2018-10-31,19,下関,ＧⅢ,６５６　３　６６５　６５,2017-07-20,2017-07-25,19,下関,一般,６６４　３５６　１　６６,2016-09-29,2016-10-04,19,下関,一般,４　１５６　４５１　２４,4313,西村 美智子,2026-05-21,2026-05-24,19,下関,一般,２　２１３４１２,2025-11-19,2025-11-24,19,下関,ＧⅢ,３５１　６２４　１２３６,2023-05-25,2023-05-31,19,下関,一般,６３４　１　２２４３３６２５,2023-03-13,2023-03-18,19,下関,一般,５　１１１２２　２３１１,2022-11-20,2022-11-24,19,下関,一般,１　２６２３５２[３],4129,宇野 博之,2026-03-19,2026-03-23,19,下関,一般,４　４５１３２　３３,2025-09-10,2025-09-16,19,下関,一般,５　３４５２２５６　６２２,2024-07-15,2024-07-19,19,下関,一般,２２４　５２４６２３,2022-08-21,2022-08-25,19,下関,一般,２３２　５５２６３４,2019-01-17,2019-01-22,19,下関,一般,２　１６４　２３５２[５],4545,岡村 慶太,2026-03-19,2026-03-23,19,下関,一般,４１２４１　１１[１],2025-01-21,2025-01-26,19,下関,ＧⅢ,６１２２６　３４４５２３,2022-04-08,2022-04-11,19,下関,一般,３３１４１２[４],2020-05-11,2020-05-17,19,下関,一般,４　２２３３３２１４５６,2020-02-25,2020-03-01,19,下関,ＧⅠ,３　５　４６４　２４６５
202607301908,2026-07-30,19,08R,5045,平川 香織,2025-12-18,2025-12-24,19,下関,一般,２　３３４　４４２１４　２,2024-12-08,2024-12-13,19,下関,ＧⅢ,３２１６５６３　２２５,2024-03-12,2024-03-17,19,下関,一般,４　４３１３４４１５１２,2023-03-13,2023-03-18,19,下関,一般,５６２　４　１２２　４３,2020-02-04,2020-02-07,19,下関,一般,６　６４４３６３,4224,大橋 栄里佳,2025-11-19,2025-11-24,19,下関,ＧⅢ,６　６１４５６　２　２３,2024-12-19,2024-12-25,19,下関,一般,４１５　２４４３６　１３１,2023-01-31,2023-02-05,19,下関,一般,３３３　１２６　３３[４],2020-06-24,2020-06-29,19,下関,一般,１　５５１　４６３３３２,2019-11-10,2019-11-13,19,下関,一般,５６２　５２１５,3349,吉田 一郎,2025-09-10,2025-09-16,19,下関,一般,１　３４２　１１４１２６２４,2024-02-26,2024-03-01,19,下関,一般,５１１２２　２３４１,2024-01-11,2024-01-16,19,下関,一般,１　１２５２４２１２[６],2022-07-28,2022-08-01,19,下関,一般,５　１２３３６２[２],2021-01-08,2021-01-12,19,下関,一般,１　２３３１４３１１,4817,渡邉 翼,2025-12-28,2026-01-02,19,下関,一般,６２１　３２１２１４１１,2025-08-30,2025-09-02,19,下関,一般,３６１　１２[２],2025-08-10,2025-08-15,19,下関,一般,５３６　４６６　２１１５,2025-06-13,2025-06-16,19,下関,一般,３５１　４２[６],2025-04-26,2025-04-30,19,下関,一般,４６２　１２３３１２,4281,大澤 大夢,2025-03-07,2025-03-11,19,下関,一般,１５１５６　３３３,2024-11-27,2024-11-30,19,下関,一般,５５３４５　６２,2024-05-31,2024-06-03,19,下関,一般,３　４２１２２５,2024-02-26,2024-03-01,19,下関,一般,４４４３１２２５１２,2022-02-06,2022-02-09,19,下関,一般,１６４５３　１４,5438,星田 夢結,2026-01-04,2026-01-07,19,下関,一般,６　６６６　６６,,,,,,,,,,,,,,,,,,,,,,,,
202607301909,2026-07-30,19,09R,4083,福島 勇樹,2025-10-28,2025-11-02,19,下関,ＧⅡ,６　６　２１１２６　１６,2024-10-21,2024-10-26,19,下関,一般,４６１１５　３１５５１５,2024-07-27,2024-08-02,19,下関,一般,１５１１３　６５３１２３４１,2023-10-21,2023-10-25,19,下関,一般,１１３２２１３１[１],2023-02-25,2023-03-01,19,下関,一般,５２３　３４２４１３,4238,毒島 誠,2025-01-11,2025-01-16,19,下関,ＧⅠ,２１２　３１６　６　１６,2024-11-19,2024-11-24,19,下関,ＳＧ,４　妨１６　３３１３６,2022-07-05,2022-07-10,19,下関,ＧⅡ,１　２３２　６５５　１６,2022-03-26,2022-03-31,19,下関,ＧⅠ,４２２　４　２１２　[３],2020-08-25,2020-08-30,19,下関,ＳＧ,２　３６５　４６２１５,4883,岡部 大輝,2024-03-23,2024-03-27,19,下関,一般,４　３５１　２４４６,2023-09-19,2023-09-24,19,下関,ＧⅠ,６　５　２２６　６５５,2023-01-22,2023-01-29,19,下関,一般,３　１６　　１４１３１２１２[６],2021-11-28,2021-12-03,19,下関,一般,２２２　６４１　３６１５,,,,,,,3412,鈴木 博,2024-09-03,2024-09-06,19,下関,一般,２１２　４２[５],2024-02-11,2024-02-14,19,下関,一般,１１２３２１[１],2022-05-29,2022-06-04,19,下関,一般,３１２２２　１３２３５２[２],2020-05-11,2020-05-17,19,下関,一般,１１２　３５３１１１２１[５],2019-10-26,2019-10-31,19,下関,ＧⅢ,６　２２１転,4175,川尻 泰輔,2022-03-26,2022-03-31,19,下関,ＧⅠ,３　５６３　５４３　３６,2021-09-08,2021-09-12,19,下関,一般,４　５５１１２　４３,2020-01-27,2020-01-30,19,下関,一般,３３２　１６５６,2019-05-10,2019-05-15,19,下関,一般,２１３３４　３１５５３４,2018-11-07,2018-11-12,19,下関,一般,１２４１５　１２２２[４],4031,飯島 誠,2026-01-18,2026-01-21,19,下関,一般,３６４６１　４５,2024-07-27,2024-08-02,19,下関,一般,４　３２６　３５５　６　４,2019-01-17,2019-01-22,19,下関,一般,５　５３２３５　６　３６,2017-10-20,2017-10-24,19,下関,一般,４４３　４５１　２２,2015-06-03,2015-06-08,19,下関,一般,４４２　１３２３１４４６
202607301910,2026-07-30,19,10R,4856,豊田 健士郎,2025-12-07,2025-12-12,19,下関,ＧⅠ,２４１　３　１５５　２２,2025-01-11,2025-01-16,19,下関,ＧⅠ,５６１　２　３３２　２６,2023-09-19,2023-09-24,19,下関,ＧⅠ,４３２　４５３　６　２１,2020-12-18,2020-12-23,19,下関,一般,１１１５２　３１３１[２],2020-01-11,2020-01-16,19,下関,一般,３４１１３　４２１３２１,4553,坪口 竜也,2026-02-25,2026-03-02,19,下関,ＧⅢ,４２２６３　２４１４５３,2025-07-27,2025-07-31,19,下関,一般,５５,2025-03-07,2025-03-11,19,下関,一般,２５５　５１２　２１,2023-10-13,2023-10-18,19,下関,一般,１２５　２４２　４２[６],2022-07-17,2022-07-20,19,下関,一般,３４１５１２[６],4233,亀山 雅幸,2025-06-23,2025-06-27,19,下関,一般,２　２５３３３６２４,2023-10-13,2023-10-18,19,下関,一般,２　６４１　４３１６３６,2023-04-10,2023-04-15,19,下関,一般,５３２　落欠,2021-09-08,2021-09-12,19,下関,一般,２５２　３６２６１６,2019-11-16,2019-11-22,19,下関,一般,１２２　３５１３１６３６１４,4579,中嶋 健一郎,2026-01-09,2026-01-14,19,下関,一般,２１２２４　１１[５],2024-09-20,2024-09-25,19,下関,一般,３４２　６１２１５２[２],2022-05-29,2022-06-04,19,下関,一般,４４１　３４５　２　１２[５],2016-01-07,2016-01-11,19,下関,一般,５　１５１２２５１４,2015-07-11,2015-07-15,19,下関,一般,２１転　３４１６１３,4243,西村 歩,2025-11-19,2025-11-24,19,下関,ＧⅢ,３　３５３４３１３６３,2010-03-02,2010-03-07,19,下関,ＧⅠ,５　３１４　４　１３５,2007-10-25,2007-10-30,19,下関,ＧⅢ,２６６６６　６６６　６,2005-09-27,2005-10-02,19,下関,ＧⅢ,６　４６１　４６３　５６,,,,,,,4041,小林 基樹,2026-04-29,2026-05-04,19,下関,一般,２　２５２　４３１６４,2026-02-10,2026-02-14,19,下関,一般,５　５　６４５５６,2025-08-21,2025-08-24,19,下関,一般,３４１４６４２３,2024-08-13,2024-08-17,19,下関,一般,３２４　１２６６１２,2024-07-03,2024-07-07,19,下関,一般,４６５　転　５３２５
202607301911,2026-07-30,19,11R,4545,岡村 慶太,2026-03-19,2026-03-23,19,下関,一般,４１２４１　１１[１],2025-01-21,2025-01-26,19,下関,ＧⅢ,６１２２６　３４４５２３,2022-04-08,2022-04-11,19,下関,一般,３３１４１２[４],2020-05-11,2020-05-17,19,下関,一般,４　２２３３３２１４５６,2020-02-25,2020-03-01,19,下関,ＧⅠ,３　５　４６４　２４６５,4387,平山 智加,2025-06-23,2025-06-27,19,下関,一般,１　４４２１１２[５],2024-11-19,2024-11-24,19,下関,ＳＧ,５　６１１　２　４　[６],2024-10-03,2024-10-07,19,下関,一般,４４４２１　１４３５,2023-01-31,2023-02-05,19,下関,一般,５　３３５６１　１３[５],2022-07-05,2022-07-10,19,下関,ＧⅡ,３　２５３　４５６　５５,3554,仲口 博崇,2026-02-17,2026-02-22,19,下関,一般,６６６１４　２　１　４１,2025-07-17,2025-07-20,19,下関,一般,３６１５３４３５,2024-10-03,2024-10-07,19,下関,一般,５５１　４３２２６,2023-05-25,2023-05-31,19,下関,一般,６３５１１　２　１６２２[６],2021-04-20,2021-04-25,19,下関,ＧⅠ,５３４　３　１５３　５６,3872,岡田 憲行,2025-12-18,2025-12-24,19,下関,一般,３　１５３４１　１３５３２１,2025-05-15,2025-05-19,19,下関,一般,５２３３４　５１２,2023-12-12,2023-12-18,19,下関,一般,３２１　１４１１２１[４],2021-11-08,2021-11-13,19,下関,一般,１２６　２１２４２１[２],2021-08-06,2021-08-12,19,下関,一般,３１６　４６５５１１５　２,4134,杉山 貴博,2025-08-21,2025-08-24,19,下関,一般,２４３４２５１４,2024-10-30,2024-11-02,19,下関,一般,２４６　３１２,2019-01-17,2019-01-22,19,下関,一般,２２１１２　１１１F５,2017-01-19,2017-01-24,19,下関,ＧⅠ,３５５　５　１６６　４５,2015-12-12,2015-12-17,19,下関,ＧⅢ,１３５３２　４５４５１５,4260,中越 博紀,2026-06-01,2026-06-05,19,下関,一般,２　１２４２５６１５,2026-02-25,2026-03-02,19,下関,ＧⅢ,１　６６５２５５３２２５,2025-08-30,2025-09-02,19,下関,一般,１　５３４２[６],2025-05-15,2025-05-19,19,下関,一般,３２２６４　１６３５,2024-10-03,2024-10-07,19,下関,一般,１３３　１２１５５２
202607301912,2026-07-30,19,12R,4817,渡邉 翼,2025-12-28,2026-01-02,19,下関,一般,６２１　３２１２１４１１,2025-08-30,2025-09-02,19,下関,一般,３６１　１２[２],2025-08-10,2025-08-15,19,下関,一般,５３６　４６６　２１１５,2025-06-13,2025-06-16,19,下関,一般,３５１　４２[６],2025-04-26,2025-04-30,19,下関,一般,４６２　１２３３１２,4469,土山 卓也,2026-02-17,2026-02-22,19,下関,一般,５５２　６　６４３　２４,2021-07-12,2021-07-18,19,下関,一般,５５４６１３２　２　１４３３,2021-06-07,2021-06-11,19,下関,一般,２６６　２３１　５２,2019-12-01,2019-12-06,19,下関,一般,１６４　１３４　６　４１,2016-10-15,2016-10-19,19,下関,一般,４５２２２　２５１３,5045,平川 香織,2025-12-18,2025-12-24,19,下関,一般,２　３３４　４４２１４　２,2024-12-08,2024-12-13,19,下関,ＧⅢ,３２１６５６３　２２５,2024-03-12,2024-03-17,19,下関,一般,４　４３１３４４１５１２,2023-03-13,2023-03-18,19,下関,一般,５６２　４　１２２　４３,2020-02-04,2020-02-07,19,下関,一般,６　６４４３６３,4509,平見 真彦,2024-02-26,2024-03-01,19,下関,一般,２２転４３　１５３２,2019-12-09,2019-12-15,19,下関,一般,１　１４４３２２１２１５２５,2018-10-07,2018-10-12,19,下関,一般,４４５　４４２　５４３４,2017-04-23,2017-04-26,19,下関,一般,４３６４６　２２,2013-04-13,2013-04-18,19,下関,一般,６　４４２　３４３　４３,5055,眞鳥 章太,2024-01-11,2024-01-16,19,下関,一般,４１１　４２２４５３１５,2023-10-21,2023-10-25,19,下関,一般,６　４５１　６　１５,2021-10-20,2021-10-25,19,下関,一般,６６５　５　転６６６６６,2021-05-07,2021-05-10,19,下関,一般,１　１５２５４５,2021-02-01,2021-02-05,19,下関,一般,２　３５３５３　２４,4313,西村 美智子,2026-05-21,2026-05-24,19,下関,一般,２　２１３４１２,2025-11-19,2025-11-24,19,下関,ＧⅢ,３５１　６２４　１２３６,2023-05-25,2023-05-31,19,下関,一般,６３４　１　２２４３３６２５,2023-03-13,2023-03-18,19,下関,一般,５　１１１２２　２３１１,2022-11-20,2022-11-24,19,下関,一般,１　２６２３５２[３]
202607302201,2026-07-30,22,01R,4199,北川 潤二,2025-12-05,2025-12-10,22,福岡,一般,１１１２１　２４３１[２],2025-09-01,2025-09-06,22,福岡,一般,３　３３６１４３１３３５,2025-04-23,2025-04-28,22,福岡,一般,１　２２２　１４１１[１],2019-08-29,2019-09-01,22,福岡,一般,４　１L５５５１,2019-03-26,2019-03-31,22,福岡,一般,３　１２５　４５６４５５,4022,待鳥 雄紀,2026-01-26,2026-01-31,22,福岡,一般,５４４　５５６　２６１,2025-10-01,2025-10-06,22,福岡,一般,１　６６１　４６４３４６,2025-06-19,2025-06-24,22,福岡,一般,３５３　４４４　３　３４,2025-05-03,2025-05-08,22,福岡,一般,１３１４１２４　１２[５],2025-01-03,2025-01-09,22,福岡,一般,２５５　２２６　３３３　５５,4988,牟田 奨太,2025-08-01,2025-08-06,22,福岡,一般,６　２１６　６６６　５６,2025-06-08,2025-06-13,22,福岡,一般,６　２５１　６２５　３３,2022-06-02,2022-06-07,22,福岡,一般,２　５３４３１３２４２２,2020-11-26,2020-12-01,22,福岡,一般,６　６３４　１５５　６５,2019-04-04,2019-04-09,22,福岡,一般,６４６　６６４　６　２３,4382,高山 智至,2023-01-14,2023-01-20,22,福岡,一般,５３２５４　１６１　２４４６,2021-01-13,2021-01-17,22,福岡,一般,６６６,2020-10-29,2020-11-03,22,福岡,一般,６　３５３２２３６５１３,2019-11-19,2019-11-24,22,福岡,一般,４１３　３３３２１６１５,2018-11-23,2018-11-28,22,福岡,一般,３１１　６３２　１２[６],4406,幸野 史明,2024-10-12,2024-10-17,22,福岡,一般,１　３５３　５３６　６１,2024-09-15,2024-09-20,22,福岡,一般,　　　　　　　　　　３２,2024-05-14,2024-05-19,22,福岡,一般,４　６３５３５　２４５２,2023-08-11,2023-08-16,22,福岡,一般,５　６４３１１５４　４４,2023-05-03,2023-05-08,22,福岡,一般,１　６６４　１３１６４５,5452,,,,,,,,,,,,,,,,,,,,,,,,,,,,,,,
202607302202,2026-07-30,22,02R,4272,大場 広孝,2025-08-11,2025-08-16,22,福岡,一般,６２６　６３１　４３４,2025-01-03,2025-01-09,22,福岡,一般,４４４　１３４　６６３　４４,2024-08-28,2024-09-03,22,福岡,一般,２　３５４３３　１３,2024-03-26,2024-03-31,22,福岡,一般,５　２３４４１　１１,2024-03-01,2024-03-05,22,福岡,一般,転　４３５３４　３３,3463,乙津 康志,2025-10-10,2025-10-15,22,福岡,一般,１　５６５　５６４　２６,2024-10-03,2024-10-08,22,福岡,一般,４　４５６　６５６,2022-12-10,2022-12-15,22,福岡,一般,２　３１６　２４１５５５,2018-09-14,2018-09-18,22,福岡,一般,５２６　１４５　３,2016-06-25,2016-06-30,22,福岡,一般,１４４６１２５　２４４２,4277,金田 大輔,2022-11-03,2022-11-08,22,福岡,一般,５,2021-01-13,2021-01-17,22,福岡,一般,４１１　１２５５１６,2019-09-13,2019-09-16,22,福岡,一般,６　４６４　４６,2019-01-03,2019-01-08,22,福岡,一般,５　６４４４２６６,2014-11-23,2014-11-28,22,福岡,一般,５５４　２　４３５　２６,3867,松浦 勝,2026-05-08,2026-05-13,22,福岡,一般,２　４６３６５　２３４,2025-10-28,2025-11-02,22,福岡,一般,５　１２３３１欠３　３,2025-04-23,2025-04-28,22,福岡,一般,６　２４５　４６６　２,2019-09-20,2019-09-25,22,福岡,一般,３　５３３　５５２２,2017-07-05,2017-07-09,22,福岡,一般,３４５　１１１６２４,3968,茶谷 信次,2025-10-28,2025-11-02,22,福岡,一般,１　２３１３１３４３３１,2025-04-23,2025-04-28,22,福岡,一般,１２１　１　３５１５３５,2023-09-09,2023-09-14,22,福岡,一般,４２４３５５１　５１４４,2022-12-26,2022-12-30,22,福岡,一般,１２２　１３３２[６],2022-07-17,2022-07-22,22,福岡,一般,２１２６３　２２１４４２,4587,木田 峰由季,2022-04-16,2022-04-21,22,福岡,一般,３１３３３　２５１４１３,2015-09-12,2015-09-17,22,福岡,一般,６　２３４２３５１４２６,2012-11-03,2012-11-08,22,福岡,ＧⅢ,６５４　６　２２５３２,,,,,,,,,,,,
202607302203,2026-07-30,22,03R,4438,森作 雄大,2026-01-14,2026-01-19,22,福岡,一般,５　６２２３５５１　１３,2025-10-19,2025-10-24,22,福岡,一般,不６２　５妨４　１　３１,2025-03-03,2025-03-08,22,福岡,一般,６５３　２３１１５５１６,2023-12-26,2023-12-30,22,福岡,一般,３５６　４５３　６１,2021-12-09,2021-12-13,22,福岡,一般,１　６６６　４１５,5105,富田 恕生,2026-01-03,2026-01-08,22,福岡,一般,３４５　１１６３２３４２,2025-07-02,2025-07-07,22,福岡,一般,２　１２２３２５,2023-03-17,2023-03-22,22,福岡,一般,２　落４２　欠欠,2021-10-15,2021-10-20,22,福岡,一般,３　４６６　５５５　６４,2021-09-23,2021-09-26,22,福岡,一般,２２２４２５４６,4019,笠原 亮,2022-12-10,2022-12-15,22,福岡,一般,３２２１２１３１１１[１],2022-11-13,2022-11-18,22,福岡,ＧⅠ,３４３　４２１　２　[５],2018-06-02,2018-06-07,22,福岡,ＧⅠ,５１４　２　２２５　３２,2018-01-12,2018-01-14,22,福岡,一般,１１５　４２,2017-05-23,2017-05-28,22,福岡,ＳＧ,１　５　２４３　１１２,4035,杉江 浩明,2026-03-22,2026-03-27,22,福岡,一般,６　３６５　６４１　５,2024-06-11,2024-06-16,22,福岡,一般,６　３６４　３３５５３４,2023-06-03,2023-06-08,22,福岡,一般,６　６３４　３６６　５６,2021-04-24,2021-04-29,22,福岡,一般,２４５２１　６３１６４４,2019-09-05,2019-09-09,22,福岡,一般,６６４　４　１６２６,3904,森 貴洋,2025-02-19,2025-02-24,22,福岡,一般,２４４５１　３４１６５６,2023-11-22,2023-11-27,22,福岡,一般,１５F　４　３　４　６,2022-07-26,2022-07-31,22,福岡,一般,６４１５５３２１３４１６,2021-01-13,2021-01-17,22,福岡,一般,２　１６１２２２[５],2020-09-30,2020-10-05,22,福岡,一般,３５２　１５３　４３１１,3567,吉岡 誠,2026-02-28,2026-03-05,22,福岡,一般,１５１　４４５５５４４６,2025-07-23,2025-07-28,22,福岡,一般,６　４４３　３６６５２,2024-08-28,2024-09-03,22,福岡,一般,６５６,2023-12-10,2023-12-15,22,福岡,一般,２　４１４　５６１　６４,2023-08-04,2023-08-07,22,福岡,一般,２５４　４２５３
202607302204,2026-07-30,22,04R,3293,宮内 由紀英,2025-12-15,2025-12-20,22,福岡,一般,６２３　２６３　３６４,2025-07-23,2025-07-28,22,福岡,一般,６　２２３４６５４　１４,2024-09-24,2024-09-29,22,福岡,一般,３　３５６　３３１４５４,2023-04-25,2023-04-29,22,福岡,一般,４４５　２４６　３４,2019-07-09,2019-07-14,22,福岡,ＧⅢ,６２４　２４４　６５３,4550,石岡 将太,2026-01-14,2026-01-19,22,福岡,一般,５３５　４４２　１５２,2023-12-26,2023-12-30,22,福岡,一般,２　１５４３２　２５,2022-12-19,2022-12-22,22,福岡,一般,１　６６４　５３,2018-05-12,2018-05-17,22,福岡,一般,３　３６２　４４５５２５,2015-06-19,2015-06-23,22,福岡,一般,２　１２４５４５３６,5103,,,,,,,,,,,,,,,,,,,,,,,,,,,,,,,,4402,乙藤 智史,2026-05-08,2026-05-13,22,福岡,一般,２６２４１３３　３３１４,2026-01-03,2026-01-08,22,福岡,一般,４　５５転欠,2025-07-02,2025-07-07,22,福岡,一般,３５４５４　２６,2025-05-03,2025-05-08,22,福岡,一般,３５３１５６１　５　３２,2025-03-13,2025-03-18,22,福岡,一般,１　３１３４４１３２[４],3557,太田 和美,2026-01-26,2026-01-31,22,福岡,一般,２２１　１１２３３１[２],2024-06-21,2024-06-26,22,福岡,一般,１５５４１１４　２１[３],2023-11-22,2023-11-27,22,福岡,一般,３２１　３１３１５１[４],2023-08-04,2023-08-07,22,福岡,一般,１６３１１３３４,2022-12-01,2022-12-06,22,福岡,ＧⅢ,４２３　１３４２２４４１,5223,森清 友翔,2026-01-03,2026-01-08,22,福岡,一般,４　２６６　２５６６５,2025-10-28,2025-11-02,22,福岡,一般,５１４　２　１５４６２５,2025-10-19,2025-10-24,22,福岡,一般,４４６　２２３３３　２転,2025-07-02,2025-07-07,22,福岡,一般,４４３　１４５　４５１４,2024-08-17,2024-08-22,22,福岡,一般,５５３　５６５　５　２１
202607302205,2026-07-30,22,05R,3297,藤丸 光一,2026-04-20,2026-04-25,22,福岡,一般,１　２３４３４　６５３６,2025-08-11,2025-08-16,22,福岡,一般,５４４　３５２　４６１,2025-03-13,2025-03-18,22,福岡,一般,１４４　３１２５２１[１],2025-01-03,2025-01-09,22,福岡,一般,３６４　５５６　６　２２１,2024-10-26,2024-10-31,22,福岡,ＧⅢ,２　６１１５１２４５２２,4676,後藤 隼之,2026-01-26,2026-01-31,22,福岡,一般,１１３　３３転４３　４４,2025-09-21,2025-09-26,22,福岡,ＧⅢ,４６５　２　２６３６２,2023-02-25,2023-03-02,22,福岡,一般,１６５５沈５３　２６５,2022-10-15,2022-10-20,22,福岡,一般,３　１５５　１５３５１５,2019-10-31,2019-11-05,22,福岡,一般,３　６２４２６　４４６４,4406,幸野 史明,2024-10-12,2024-10-17,22,福岡,一般,１　３５３　５３６　６１,2024-09-15,2024-09-20,22,福岡,一般,　　　　　　　　　　３２,2024-05-14,2024-05-19,22,福岡,一般,４　６３５３５　２４５２,2023-08-11,2023-08-16,22,福岡,一般,５　６４３１１５４　４４,2023-05-03,2023-05-08,22,福岡,一般,１　６６４　１３１６４５,5372,上岡 巧汰,2025-11-06,2025-11-11,22,福岡,一般,５　４６５　５６６　６６,,,,,,,,,,,,,,,,,,,,,,,,,4036,金田 諭,2025-09-01,2025-09-06,22,福岡,一般,１　１４１４１２６１[３],2024-03-09,2024-03-13,22,福岡,一般,２２１３３３３３,2023-10-31,2023-11-05,22,福岡,一般,１落,2021-05-25,2021-05-30,22,福岡,一般,５３１５１２１３１１[４],2020-03-14,2020-03-19,22,福岡,一般,１　３１２１３５１５１５,4578,藤山 雅弘,2025-09-21,2025-09-26,22,福岡,ＧⅢ,５４１６１　５１２５２５,2024-09-06,2024-09-11,22,福岡,ＧⅢ,５３６　１５３　５６６２,2022-11-13,2022-11-18,22,福岡,ＧⅠ,３　６　５５２　３３６２,2021-06-06,2021-06-11,22,福岡,ＧⅠ,１　３６３　４１４　２６,2019-10-31,2019-11-05,22,福岡,一般,１４１　１３１３２２[４]
202607302206,2026-07-30,22,06R,4875,大塚 康雅,2025-10-19,2025-10-24,22,福岡,一般,３　不２３　２５４３１３,2025-06-08,2025-06-13,22,福岡,一般,２１２　４５６　２２２４,2024-10-03,2024-10-08,22,福岡,一般,５３１　２５４　５　２２,2024-03-26,2024-03-31,22,福岡,一般,６４６５４　２３４,2022-01-12,2022-01-17,22,福岡,一般,５１５　５２５　４２５,3867,松浦 勝,2026-05-08,2026-05-13,22,福岡,一般,２　４６３６５　２３４,2025-10-28,2025-11-02,22,福岡,一般,５　１２３３１欠３　３,2025-04-23,2025-04-28,22,福岡,一般,６　２４５　４６６　２,2019-09-20,2019-09-25,22,福岡,一般,３　５３３　５５２２,2017-07-05,2017-07-09,22,福岡,一般,３４５　１１１６２４,3679,飯島 昌弘,2024-10-26,2024-10-31,22,福岡,ＧⅢ,２妨,2020-03-05,2020-03-10,22,福岡,一般,３１２３３　２２１１[６],2019-11-09,2019-11-14,22,福岡,ＧⅠ,３　１４３　４　１４２,2019-07-09,2019-07-14,22,福岡,ＧⅢ,１３４２２３１１３２[４],2018-07-08,2018-07-11,22,福岡,一般,１６１２[４],4427,秦 英悟,2024-02-20,2024-02-25,22,福岡,一般,３２１３３１４　２２[４],2023-10-10,2023-10-15,22,福岡,ＧⅠ,４５５　５５４　５２５５,2021-08-24,2021-08-27,22,福岡,一般,１５１２１１[１],2020-08-01,2020-08-06,22,福岡,一般,２２１１１３２１４１[６],2019-11-09,2019-11-14,22,福岡,ＧⅠ,４　３４２　６５３３１,5452,,,,,,,,,,,,,,,,,,,,,,,,,,,,,,,,4842,山下 昂大,2024-06-11,2024-06-16,22,福岡,一般,４１２３３　１５１３４２,2024-04-04,2024-04-09,22,福岡,一般,５１４３３３４６６４１,2023-12-19,2023-12-22,22,福岡,一般,１３４F４　４,2021-09-23,2021-09-26,22,福岡,一般,２２３１３３３１,2020-09-11,2020-09-16,22,福岡,一般,５　２１４　５４３２１６
202607302207,2026-07-30,22,07R,3661,柳瀬 興志,2025-08-21,2025-08-26,22,福岡,一般,４３１　４５３　６５,2024-04-04,2024-04-09,22,福岡,一般,４　１５６　６４６　６,2023-10-22,2023-10-27,22,福岡,一般,５３２　２５２　４１３１,2023-04-17,2023-04-21,22,福岡,一般,３５５　５４４,2022-12-19,2022-12-22,22,福岡,一般,５２３　４３４３,4988,牟田 奨太,2025-08-01,2025-08-06,22,福岡,一般,６　２１６　６６６　５６,2025-06-08,2025-06-13,22,福岡,一般,６　２５１　６２５　３３,2022-06-02,2022-06-07,22,福岡,一般,２　５３４３１３２４２２,2020-11-26,2020-12-01,22,福岡,一般,６　６３４　１５５　６５,2019-04-04,2019-04-09,22,福岡,一般,６４６　６６４　６　２３,5073,上原 健次郎,2026-02-28,2026-03-05,22,福岡,一般,２３４５１　４３４６１５,2024-07-02,2024-07-07,22,福岡,一般,４６２２４２４　４４３２,2024-03-09,2024-03-13,22,福岡,一般,３　２３１５３６４５,2023-06-25,2023-06-30,22,福岡,一般,３　４４６　２２２４３３,2023-04-17,2023-04-21,22,福岡,一般,３　６６６　２　３４,4271,川崎 公靖,2026-04-20,2026-04-25,22,福岡,一般,２１５　４３５　５４５,2025-10-28,2025-11-02,22,福岡,一般,４３２　４２５　３２３,2023-09-19,2023-09-24,22,福岡,一般,２４６　２６３　５５４４,2023-03-26,2023-03-31,22,福岡,一般,３５５　４３４　６４３１,2022-10-15,2022-10-20,22,福岡,一般,５４６　６４４　１　４１,4960,黒野 元基,2026-04-11,2026-04-16,22,福岡,ＧⅠ,３　２　１６３　６　１４,2025-08-01,2025-08-06,22,福岡,一般,１３１１１　２６４１[５],2023-10-10,2023-10-15,22,福岡,ＧⅠ,２　６４１　４５６３６３,2023-05-21,2023-05-26,22,福岡,一般,４２１２３３３２２１[６],2023-03-17,2023-03-22,22,福岡,一般,３３１２３１２２２４２,3741,松尾 基成,2024-03-18,2024-03-22,22,福岡,一般,５　５４３　６　２４,2023-07-19,2023-07-23,22,福岡,一般,２　５５６　５欠,2022-10-15,2022-10-20,22,福岡,一般,３　４４６　３６５３６,2022-10-05,2022-10-10,22,福岡,一般,５　６４４　２６４　５２,2022-04-16,2022-04-21,22,福岡,一般,５４３　３５６　３５２１
202607302208,2026-07-30,22,08R,3968,茶谷 信次,2025-10-28,2025-11-02,22,福岡,一般,１　２３１３１３４３３１,2025-04-23,2025-04-28,22,福岡,一般,１２１　１　３５１５３５,2023-09-09,2023-09-14,22,福岡,一般,４２４３５５１　５１４４,2022-12-26,2022-12-30,22,福岡,一般,１２２　１３３２[６],2022-07-17,2022-07-22,22,福岡,一般,２１２６３　２２１４４２,3837,秋山 広一,2024-10-26,2024-10-31,22,福岡,ＧⅢ,５３２　２２２５４３４６,2023-01-14,2023-01-20,22,福岡,一般,４４２　５４５５１５１　３１,2022-12-19,2022-12-22,22,福岡,一般,１　３４５４２４,2022-10-25,2022-10-30,22,福岡,一般,１　４３２６４４１　４６,2022-02-24,2022-03-01,22,福岡,一般,２６５１４２６１３３４２,3567,吉岡 誠,2026-02-28,2026-03-05,22,福岡,一般,１５１　４４５５５４４６,2025-07-23,2025-07-28,22,福岡,一般,６　４４３　３６６５２,2024-08-28,2024-09-03,22,福岡,一般,６５６,2023-12-10,2023-12-15,22,福岡,一般,２　４１４　５６１　６４,2023-08-04,2023-08-07,22,福岡,一般,２５４　４２５３,4022,待鳥 雄紀,2026-01-26,2026-01-31,22,福岡,一般,５４４　５５６　２６１,2025-10-01,2025-10-06,22,福岡,一般,１　６６１　４６４３４６,2025-06-19,2025-06-24,22,福岡,一般,３５３　４４４　３　３４,2025-05-03,2025-05-08,22,福岡,一般,１３１４１２４　１２[５],2025-01-03,2025-01-09,22,福岡,一般,２５５　２２６　３３３　５５,5103,,,,,,,,,,,,,,,,,,,,,,,,,,,,,,,,4537,渡邉 和将,2025-09-21,2025-09-26,22,福岡,ＧⅢ,１４２　４６１３１３５１,2024-12-08,2024-12-13,22,福岡,ＧⅠ,３　１２３　２３２　[４],2022-11-13,2022-11-18,22,福岡,ＧⅠ,５４３　６６５　４６５４,2021-11-12,2021-11-17,22,福岡,一般,１１５１２１２１１１[１],2020-12-18,2020-12-22,22,福岡,一般,３６１　１３２２[６]
202607302209,2026-07-30,22,09R,4402,乙藤 智史,2026-05-08,2026-05-13,22,福岡,一般,２６２４１３３　３３１４,2026-01-03,2026-01-08,22,福岡,一般,４　５５転欠,2025-07-02,2025-07-07,22,福岡,一般,３５４５４　２６,2025-05-03,2025-05-08,22,福岡,一般,３５３１５６１　５　３２,2025-03-13,2025-03-18,22,福岡,一般,１　３１３４４１３２[４],4578,藤山 雅弘,2025-09-21,2025-09-26,22,福岡,ＧⅢ,５４１６１　５１２５２５,2024-09-06,2024-09-11,22,福岡,ＧⅢ,５３６　１５３　５６６２,2022-11-13,2022-11-18,22,福岡,ＧⅠ,３　６　５５２　３３６２,2021-06-06,2021-06-11,22,福岡,ＧⅠ,１　３６３　４１４　２６,2019-10-31,2019-11-05,22,福岡,一般,１４１　１３１３２２[４],3548,室田 泰史,2024-09-06,2024-09-11,22,福岡,ＧⅢ,６６２　４６３４４　１２,2022-05-26,2022-05-29,22,福岡,一般,１　６２４４５４,2021-12-09,2021-12-13,22,福岡,一般,３１３　３５２５１２,2021-10-15,2021-10-20,22,福岡,一般,４２１４３３６　１６１２,2020-12-26,2020-12-30,22,福岡,一般,３４１　４３１５４２,4438,森作 雄大,2026-01-14,2026-01-19,22,福岡,一般,５　６２２３５５１　１３,2025-10-19,2025-10-24,22,福岡,一般,不６２　５妨４　１　３１,2025-03-03,2025-03-08,22,福岡,一般,６５３　２３１１５５１６,2023-12-26,2023-12-30,22,福岡,一般,３５６　４５３　６１,2021-12-09,2021-12-13,22,福岡,一般,１　６６６　４１５,4199,北川 潤二,2025-12-05,2025-12-10,22,福岡,一般,１１１２１　２４３１[２],2025-09-01,2025-09-06,22,福岡,一般,３　３３６１４３１３３５,2025-04-23,2025-04-28,22,福岡,一般,１　２２２　１４１１[１],2019-08-29,2019-09-01,22,福岡,一般,４　１L５５５１,2019-03-26,2019-03-31,22,福岡,一般,３　１２５　４５６４５５,3463,乙津 康志,2025-10-10,2025-10-15,22,福岡,一般,１　５６５　５６４　２６,2024-10-03,2024-10-08,22,福岡,一般,４　４５６　６５６,2022-12-10,2022-12-15,22,福岡,一般,２　３１６　２４１５５５,2018-09-14,2018-09-18,22,福岡,一般,５２６　１４５　３,2016-06-25,2016-06-30,22,福岡,一般,１４４６１２５　２４４２
202607302210,2026-07-30,22,10R,4776,竹田 和哉,2023-04-17,2023-04-21,22,福岡,一般,２６５２２３３３３１,2022-12-26,2022-12-30,22,福岡,一般,１２４１１１４１[１],2022-06-11,2022-06-16,22,福岡,ＧⅢ,２４２　３５５　２１５,2018-03-22,2018-03-27,22,福岡,一般,４２５５２　３　１３４５,2016-12-17,2016-12-22,22,福岡,一般,２　６６５１,3385,渡邉 睦広,2025-09-01,2025-09-06,22,福岡,一般,２　２５１　４６５６３,2025-06-19,2025-06-24,22,福岡,一般,１　４３２　４２４４２３,2024-09-06,2024-09-11,22,福岡,ＧⅢ,３２６３３　２６６　６,2023-12-26,2023-12-30,22,福岡,一般,１２３３３　３３２１,2022-09-23,2022-09-28,22,福岡,ＧⅢ,１２４　３４４５１５２４,3904,森 貴洋,2025-02-19,2025-02-24,22,福岡,一般,２４４５１　３４１６５６,2023-11-22,2023-11-27,22,福岡,一般,１５F　４　３　４　６,2022-07-26,2022-07-31,22,福岡,一般,６４１５５３２１３４１６,2021-01-13,2021-01-17,22,福岡,一般,２　１６１２２２[５],2020-09-30,2020-10-05,22,福岡,一般,３５２　１５３　４３１１,3679,飯島 昌弘,2024-10-26,2024-10-31,22,福岡,ＧⅢ,２妨,2020-03-05,2020-03-10,22,福岡,一般,３１２３３　２２１１[６],2019-11-09,2019-11-14,22,福岡,ＧⅠ,３　１４３　４　１４２,2019-07-09,2019-07-14,22,福岡,ＧⅢ,１３４２２３１１３２[４],2018-07-08,2018-07-11,22,福岡,一般,１６１２[４],4277,金田 大輔,2022-11-03,2022-11-08,22,福岡,一般,５,2021-01-13,2021-01-17,22,福岡,一般,４１１　１２５５１６,2019-09-13,2019-09-16,22,福岡,一般,６　４６４　４６,2019-01-03,2019-01-08,22,福岡,一般,５　６４４４２６６,2014-11-23,2014-11-28,22,福岡,一般,５５４　２　４３５　２６,3557,太田 和美,2026-01-26,2026-01-31,22,福岡,一般,２２１　１１２３３１[２],2024-06-21,2024-06-26,22,福岡,一般,１５５４１１４　２１[３],2023-11-22,2023-11-27,22,福岡,一般,３２１　３１３１５１[４],2023-08-04,2023-08-07,22,福岡,一般,１６３１１３３４,2022-12-01,2022-12-06,22,福岡,ＧⅢ,４２３　１３４２２４４１
202607302211,2026-07-30,22,11R,4427,秦 英悟,2024-02-20,2024-02-25,22,福岡,一般,３２１３３１４　２２[４],2023-10-10,2023-10-15,22,福岡,ＧⅠ,４５５　５５４　５２５５,2021-08-24,2021-08-27,22,福岡,一般,１５１２１１[１],2020-08-01,2020-08-06,22,福岡,一般,２２１１１３２１４１[６],2019-11-09,2019-11-14,22,福岡,ＧⅠ,４　３４２　６５３３１,5377,,,,,,,,,,,,,,,,,,,,,,,,,,,,,,,,4587,木田 峰由季,2022-04-16,2022-04-21,22,福岡,一般,３１３３３　２５１４１３,2015-09-12,2015-09-17,22,福岡,一般,６　２３４２３５１４２６,2012-11-03,2012-11-08,22,福岡,ＧⅢ,６５４　６　２２５３２,,,,,,,,,,,,,5223,森清 友翔,2026-01-03,2026-01-08,22,福岡,一般,４　２６６　２５６６５,2025-10-28,2025-11-02,22,福岡,一般,５１４　２　１５４６２５,2025-10-19,2025-10-24,22,福岡,一般,４４６　２２３３３　２転,2025-07-02,2025-07-07,22,福岡,一般,４４３　１４５　４５１４,2024-08-17,2024-08-22,22,福岡,一般,５５３　５６５　５　２１,4676,後藤 隼之,2026-01-26,2026-01-31,22,福岡,一般,１１３　３３転４３　４４,2025-09-21,2025-09-26,22,福岡,ＧⅢ,４６５　２　２６３６２,2023-02-25,2023-03-02,22,福岡,一般,１６５５沈５３　２６５,2022-10-15,2022-10-20,22,福岡,一般,３　１５５　１５３５１５,2019-10-31,2019-11-05,22,福岡,一般,３　６２４２６　４４６４,5073,上原 健次郎,2026-02-28,2026-03-05,22,福岡,一般,２３４５１　４３４６１５,2024-07-02,2024-07-07,22,福岡,一般,４６２２４２４　４４３２,2024-03-09,2024-03-13,22,福岡,一般,３　２３１５３６４５,2023-06-25,2023-06-30,22,福岡,一般,３　４４６　２２２４３３,2023-04-17,2023-04-21,22,福岡,一般,３　６６６　２　３４
202607302212,2026-07-30,22,12R,4019,笠原 亮,2022-12-10,2022-12-15,22,福岡,一般,３２２１２１３１１１[１],2022-11-13,2022-11-18,22,福岡,ＧⅠ,３４３　４２１　２　[５],2018-06-02,2018-06-07,22,福岡,ＧⅠ,５１４　２　２２５　３２,2018-01-12,2018-01-14,22,福岡,一般,１１５　４２,2017-05-23,2017-05-28,22,福岡,ＳＧ,１　５　２４３　１１２,4036,金田 諭,2025-09-01,2025-09-06,22,福岡,一般,１　１４１４１２６１[３],2024-03-09,2024-03-13,22,福岡,一般,２２１３３３３３,2023-10-31,2023-11-05,22,福岡,一般,１落,2021-05-25,2021-05-30,22,福岡,一般,５３１５１２１３１１[４],2020-03-14,2020-03-19,22,福岡,一般,１　３１２１３５１５１５,4842,山下 昂大,2024-06-11,2024-06-16,22,福岡,一般,４１２３３　１５１３４２,2024-04-04,2024-04-09,22,福岡,一般,５１４３３３４６６４１,2023-12-19,2023-12-22,22,福岡,一般,１３４F４　４,2021-09-23,2021-09-26,22,福岡,一般,２２３１３３３１,2020-09-11,2020-09-16,22,福岡,一般,５　２１４　５４３２１６,4550,石岡 将太,2026-01-14,2026-01-19,22,福岡,一般,５３５　４４２　１５２,2023-12-26,2023-12-30,22,福岡,一般,２　１５４３２　２５,2022-12-19,2022-12-22,22,福岡,一般,１　６６４　５３,2018-05-12,2018-05-17,22,福岡,一般,３　３６２　４４５５２５,2015-06-19,2015-06-23,22,福岡,一般,２　１２４５４５３６,3837,秋山 広一,2024-10-26,2024-10-31,22,福岡,ＧⅢ,５３２　２２２５４３４６,2023-01-14,2023-01-20,22,福岡,一般,４４２　５４５５１５１　３１,2022-12-19,2022-12-22,22,福岡,一般,１　３４５４２４,2022-10-25,2022-10-30,22,福岡,一般,１　４３２６４４１　４６,2022-02-24,2022-03-01,22,福岡,一般,２６５１４２６１３３４２,4960,黒野 元基,2026-04-11,2026-04-16,22,福岡,ＧⅠ,３　２　１６３　６　１４,2025-08-01,2025-08-06,22,福岡,一般,１３１１１　２６４１[５],2023-10-10,2023-10-15,22,福岡,ＧⅠ,２　６４１　４５６３６３,2023-05-21,2023-05-26,22,福岡,一般,４２１２３３３２２１[６],2023-03-17,2023-03-22,22,福岡,一般,３３１２３１２２２４２
202607302301,2026-07-30,23,01R,3613,角谷 健吾,2026-02-23,2026-02-28,23,からつ,一般,４５６３２　２３１　５６,2024-07-13,2024-07-16,23,からつ,一般,２１５５１３１２,2024-04-04,2024-04-07,23,からつ,一般,２２１１５１２,2023-12-24,2023-12-29,23,からつ,一般,３２１４４　５　２５１１,2023-09-01,2023-09-06,23,からつ,一般,５　１５１３６　１６４６,5262,鈴木 章司,2025-09-05,2025-09-10,23,からつ,一般,４　３２４５５　４　３５,,,,,,,,,,,,,,,,,,,,,,,,,5046,松山 裕基,2021-03-23,2021-03-26,23,からつ,一般,３５３　４　４５,,,,,,,,,,,,,,,,,,,,,,,,,5356,長谷川 暖,2026-02-08,2026-02-11,23,からつ,一般,６３４６５　１,2024-09-01,2024-09-06,23,からつ,一般,６　６　５５３６５３６,,,,,,,,,,,,,,,,,,,4060,島田 一生,2026-01-14,2026-01-19,23,からつ,一般,３６２　F２６　５　５,2024-12-20,2024-12-25,23,からつ,ＧⅢ,６　５１３５６　６　１１,2024-01-02,2024-01-07,23,からつ,一般,２２６　１　１６４　１３,2022-06-10,2022-06-14,23,からつ,一般,４６２３４　６　１４,2022-04-03,2022-04-07,23,からつ,一般,１６５　３６４　６６,3805,高橋 英之,2025-12-14,2025-12-17,23,からつ,一般,３４３　５　３４,2025-06-14,2025-06-17,23,からつ,一般,３５５２　　２６,2025-02-18,2025-02-21,23,からつ,一般,２５落欠,2024-11-14,2024-11-17,23,からつ,一般,３６４２不,2023-08-01,2023-08-06,23,からつ,一般,３１３６１　６２５５２５
202607302302,2026-07-30,23,02R,5005,石田 貴洋,2025-09-14,2025-09-18,23,からつ,一般,３４４　４６６　４４,2023-07-22,2023-07-27,23,からつ,一般,２３１４２　３２２３２２,2019-04-13,2019-04-18,23,からつ,一般,６４４　５,,,,,,,,,,,,,4513,河野 真也,2026-02-15,2026-02-19,23,からつ,一般,１４１１４　３１[１],2025-04-19,2025-04-24,23,からつ,一般,F　４　６　４３３　３,2024-12-10,2024-12-15,23,からつ,一般,２　３５１２３２２２[５],2024-10-19,2024-10-24,23,からつ,一般,２　３６２２,2023-04-12,2023-04-16,23,からつ,一般,５６３４６　５　５１,4440,萩原 知哉,2020-02-04,2020-02-09,23,からつ,一般,５５２　２６２　４６４,2019-09-15,2019-09-20,23,からつ,一般,４　６２４　５２４　５６,2017-03-05,2017-03-10,23,からつ,一般,１　６５５１４　５５１５,2015-11-15,2015-11-20,23,からつ,一般,５５４　６　５１５５５落,2013-05-14,2013-05-19,23,からつ,ＧⅢ,４　１１転　４４６３６６,4598,加藤 政彦,2026-03-28,2026-04-02,23,からつ,一般,２２５　１４２３１５５３,2023-05-09,2023-05-14,23,からつ,一般,２　４４５２６　２　３５,2019-10-04,2019-10-09,23,からつ,一般,３　１２１３３５２５１４,2019-04-22,2019-04-26,23,からつ,一般,３　３４６５３　１１,2018-11-05,2018-11-10,23,からつ,一般,６　２１３３２　２F２,5392,安武 一也,2026-02-08,2026-02-11,23,からつ,一般,６　６６６６５,2025-12-20,2025-12-23,23,からつ,一般,　　　　　　５６,2025-05-19,2025-05-24,23,からつ,一般,６　６６５　６６４　６６,,,,,,,,,,,,,4619,伏田 裕隆,2025-12-20,2025-12-23,23,からつ,一般,４　５５転６６,2025-06-29,2025-07-03,23,からつ,一般,２２４　１６３１[６],2016-04-22,2016-04-27,23,からつ,一般,５５１３３　６　６３１６,2014-12-21,2014-12-26,23,からつ,一般,５６６　２６６欠,2014-09-25,2014-09-29,23,からつ,一般,６　３５４　４１５
202607302303,2026-07-30,23,03R,4675,井手 良太,2025-02-10,2025-02-13,23,からつ,一般,３妨,2024-01-31,2024-02-04,23,からつ,一般,３４２　３１５４１１,2023-05-23,2023-05-28,23,からつ,一般,５　４６３１３４６　５５,2022-05-10,2022-05-15,23,からつ,一般,３６２５４　２３１　６F,2019-11-02,2019-11-06,23,からつ,一般,４４２５６　６　３４,4201,佐竹 友樹,2026-04-23,2026-04-28,23,からつ,一般,６　６６２６６　４４５,2024-09-01,2024-09-06,23,からつ,一般,２５５,2017-09-09,2017-09-14,23,からつ,一般,２５２５１　５　６５１６,2014-09-17,2014-09-22,23,からつ,一般,５１４５２　５２１６３６,2013-07-23,2013-07-28,23,からつ,一般,１５５４３　４２３　３３,3714,梶原 正,2026-02-15,2026-02-19,23,からつ,一般,４２５　６４３　５６,2025-06-21,2025-06-25,23,からつ,一般,６４６　５６６４４,2024-12-29,2025-01-03,23,からつ,一般,５４３　６５５　６　５３,2023-12-04,2023-12-09,23,からつ,一般,４　４２４３６　６４３,2023-09-01,2023-09-06,23,からつ,一般,２　３３３　３４５６３６,4857,加藤 翔馬,2025-05-19,2025-05-24,23,からつ,一般,２　３５２５２２１５２５,2024-06-15,2024-06-20,23,からつ,ＧⅢ,４４６　４　１１３４２,2024-02-07,2024-02-10,23,からつ,一般,１１１２４F５,2023-12-12,2023-12-17,23,からつ,ＧⅢ,３１４　４５２１６４４３,2023-05-09,2023-05-14,23,からつ,一般,１３１　１１３６２４１３,5214,田中 宏典,2026-05-01,2026-05-06,23,からつ,一般,４６１　５６５４４３５,2026-04-23,2026-04-28,23,からつ,一般,２２１　３１４４５４１２,2026-01-22,2026-01-26,23,からつ,一般,　　　　　　　　６２,2026-01-14,2026-01-19,23,からつ,一般,４２４　５３５５４３１１,2025-12-27,2026-01-01,23,からつ,一般,４２５　５　５１１　３６,4421,森作 広大,2025-09-14,2025-09-18,23,からつ,一般,５３６　６２５５６,2017-11-28,2017-12-03,23,からつ,ＧⅢ,２　６４６　３６４３２,2016-12-19,2016-12-24,23,からつ,一般,３４４４２　４　１６２４,2015-06-03,2015-06-07,23,からつ,一般,４　６６６６２　３６,2013-09-12,2013-09-17,23,からつ,一般,４　３５２　２５６３６６
202607302304,2026-07-30,23,04R,4592,小林 孝弘,2026-05-22,2026-05-26,23,からつ,一般,５　３２１３１４５２,2023-12-04,2023-12-09,23,からつ,一般,３　３４４６５１２　３４,2021-09-15,2021-09-21,23,からつ,一般,２６３　１２５　３３３２,2021-07-05,2021-07-10,23,からつ,一般,３２３　２　５５４５５１,2021-04-07,2021-04-12,23,からつ,一般,２４４　２５５　４　６３,4118,宇佐見 淳,2023-12-12,2023-12-17,23,からつ,ＧⅢ,５　１５１３３３１３６１,2023-10-04,2023-10-08,23,からつ,一般,３　３５１２２３２１,2023-05-23,2023-05-28,23,からつ,一般,２　１５２５５５１５４５,2022-05-25,2022-05-29,23,からつ,一般,４５２３２　１　１５,2020-03-12,2020-03-16,23,からつ,一般,４２４５５　４　６１,4403,木下 大將,2026-04-23,2026-04-28,23,からつ,一般,１　２２３３５４２４３４,2025-04-29,2025-05-04,23,からつ,一般,５　１４３　３５３落２４,2024-11-20,2024-11-25,23,からつ,一般,５　１４２４４　２５５５,2023-11-28,2023-12-01,23,からつ,一般,４６２３２２[４],2023-02-03,2023-02-08,23,からつ,一般,１　４４３３１５１５５４,3775,泉 啓文,2026-01-14,2026-01-19,23,からつ,一般,５６３　５　３１４２４１,2025-07-25,2025-07-30,23,からつ,ＧⅢ,４　４５３３４２１　２４,2022-07-06,2022-07-11,23,からつ,一般,６２２　３５１　３４２１,2022-01-20,2022-01-25,23,からつ,一般,６　５６２５１４１　２,2021-12-09,2021-12-14,23,からつ,ＧⅢ,２　２５６　４６１　６２,4558,宮野 仁,2026-03-06,2026-03-09,23,からつ,一般,２　２３２６２６,2023-09-12,2023-09-17,23,からつ,一般,１３３１４　５　４６２５,2021-09-15,2021-09-21,23,からつ,一般,２６１　２６４　１５４１,2021-05-15,2021-05-20,23,からつ,一般,１４F５６　４　４　４６,2021-02-20,2021-02-26,23,からつ,一般,５　２４４６３３３　３５１６,4861,田中 宏樹,2026-02-23,2026-02-28,23,からつ,一般,３１３　４２２　２６２６,2025-09-30,2025-10-05,23,からつ,ＧⅢ,５　６５３　５２６　６２,2025-03-06,2025-03-09,23,からつ,一般,４　５５３　１２,2024-01-13,2024-01-17,23,からつ,一般,２４６　１１６５３２,2023-09-01,2023-09-06,23,からつ,一般,５　５１４１２　４２[６]
202607302305,2026-07-30,23,05R,4331,三好 勇人,2024-03-17,2024-03-22,23,からつ,一般,５５２５５　５１,2023-11-28,2023-12-01,23,からつ,一般,２６４　３２４５,2023-10-04,2023-10-08,23,からつ,一般,３　２３１２２２[４],2021-12-09,2021-12-14,23,からつ,ＧⅢ,６　３４４２５２６　５３,2020-07-06,2020-07-11,23,からつ,一般,３　１４４１６　３６６６,4475,末永 祐輝,2026-05-10,2026-05-14,23,からつ,一般,４２２５３　２４３３,2026-02-15,2026-02-19,23,からつ,一般,２２１　２５１６４５,2025-12-20,2025-12-23,23,からつ,一般,２５１３２４３５,2025-07-16,2025-07-20,23,からつ,一般,３　４６１２５３４５,2023-09-12,2023-09-17,23,からつ,一般,５　３１１２１３３２[４],5111,三村 岳人,2026-02-08,2026-02-11,23,からつ,一般,２　１３２３６３,2025-01-19,2025-01-24,23,からつ,一般,４　５３１　２４１５２５,2024-06-15,2024-06-20,23,からつ,ＧⅢ,３　６３５　３３５６６,2023-09-12,2023-09-17,23,からつ,一般,５３落　５２２３２　６１,2023-07-22,2023-07-27,23,からつ,一般,２４５　１２３　１２[６],4303,牧原 崇,2026-04-17,2026-04-20,23,からつ,一般,５４２　２　２４,2025-12-14,2025-12-17,23,からつ,一般,２　４５４１４５,2025-08-19,2025-08-24,23,からつ,一般,４４４　１１５　４５２４,2025-02-10,2025-02-13,23,からつ,一般,５落,2024-07-04,2024-07-09,23,からつ,一般,４５３５６,5405,,,,,,,,,,,,,,,,,,,,,,,,,,,,,,,,4295,小坂 尚哉,2026-01-22,2026-01-26,23,からつ,一般,５４１２２　２３１１,2024-09-23,2024-09-26,23,からつ,一般,３４３２５５１２,2024-01-13,2024-01-17,23,からつ,一般,１３４　２２２３２１,2023-09-25,2023-09-30,23,からつ,ＧⅠ,５５３　３　２１３１１,2022-11-25,2022-11-30,23,からつ,一般,４４１５２　５３３３２１
202607302306,2026-07-30,23,06R,4060,島田 一生,2026-01-14,2026-01-19,23,からつ,一般,３６２　F２６　５　５,2024-12-20,2024-12-25,23,からつ,ＧⅢ,６　５１３５６　６　１１,2024-01-02,2024-01-07,23,からつ,一般,２２６　１　１６４　１３,2022-06-10,2022-06-14,23,からつ,一般,４６２３４　６　１４,2022-04-03,2022-04-07,23,からつ,一般,１６５　３６４　６６,3901,松田 憲幸,2024-04-17,2024-04-21,23,からつ,一般,４４６　４１３６３,2023-12-04,2023-12-09,23,からつ,一般,６　２６３３５　５１１２,2023-01-22,2023-01-27,23,からつ,一般,２　４６５３４５４　１,2021-12-09,2021-12-14,23,からつ,ＧⅢ,２１３　５３５　２６１６,2021-05-15,2021-05-20,23,からつ,一般,３６１３２　３　２４１２,4189,川上 剛,2026-02-15,2026-02-19,23,からつ,一般,１　４５１１２１[４],2025-09-30,2025-10-05,23,からつ,ＧⅢ,３　１４１５４５３４４３,2025-05-27,2025-05-31,23,からつ,一般,１２３　２５４３４１,2025-01-07,2025-01-10,23,からつ,一般,３６１２１２[６],2024-07-20,2024-07-24,23,からつ,一般,６５４　１３３　２１,4976,金山 立樹,2025-06-14,2025-06-17,23,からつ,一般,３４３　F　３,2024-09-11,2024-09-16,23,からつ,一般,１６２　３４５　１６２２,2023-12-24,2023-12-29,23,からつ,一般,３６５　１５３３１　３６,2023-04-12,2023-04-16,23,からつ,一般,５１６５転　３５５４,2021-10-21,2021-10-26,23,からつ,一般,４　１６４１転　４　３２,4593,小坂 宗司,2025-09-14,2025-09-18,23,からつ,一般,４　１５３５６２１５,2025-06-14,2025-06-17,23,からつ,一般,４１４６２４３３,2025-03-16,2025-03-21,23,からつ,一般,５４２３２　４　２４１４,2022-10-08,2022-10-13,23,からつ,一般,２４２　２３３６３２[６],2022-01-29,2022-02-03,23,からつ,一般,１５４　５１２３１６３５,4654,篠田 優也,2025-05-27,2025-05-31,23,からつ,一般,１６５１４　F５６,2020-07-30,2020-08-04,23,からつ,一般,４　３６１４３　３６５６,2016-10-10,2016-10-15,23,からつ,一般,５　５５２１３２２　４１,2016-06-14,2016-06-19,23,からつ,一般,４３４　４　１２３　２６,2015-05-19,2015-05-24,23,からつ,一般,１転４　１５２　２１[２]
202607302307,2026-07-30,23,07R,5046,松山 裕基,2021-03-23,2021-03-26,23,からつ,一般,３５３　４　４５,,,,,,,,,,,,,,,,,,,,,,,,,3975,小野寺 智洋,2026-03-06,2026-03-09,23,からつ,一般,３５３　２　３３,2025-07-16,2025-07-20,23,からつ,一般,３３２　６６４４６３,2024-10-12,2024-10-14,23,からつ,一般,４１６　２３,2024-01-31,2024-02-04,23,からつ,一般,４　２３２４５３転２,2022-09-06,2022-09-12,23,からつ,一般,２　３４１３４３１６１６,4112,大久保信一郎,2026-04-23,2026-04-28,23,からつ,一般,１　１６１２２３２２[３],2026-02-23,2026-02-28,23,からつ,一般,５　１２３１１　２２[３],2025-12-20,2025-12-23,23,からつ,一般,３３１　５２[５],2025-09-21,2025-09-26,23,からつ,一般,２３２　３　３４１６１４,2025-08-02,2025-08-06,23,からつ,一般,３　４３２５６　２２,4899,占部 一真,2025-02-18,2025-02-21,23,からつ,一般,３６５　５　５１,2024-06-25,2024-06-30,23,からつ,一般,２　６５５F３　５　６,2024-03-17,2024-03-22,23,からつ,一般,４１２　２６１５２６２６,2023-11-21,2023-11-24,23,からつ,一般,４５４　５　６６,2022-11-25,2022-11-30,23,からつ,一般,６２４　５　３１３１１３,4675,井手 良太,2025-02-10,2025-02-13,23,からつ,一般,３妨,2024-01-31,2024-02-04,23,からつ,一般,３４２　３１５４１１,2023-05-23,2023-05-28,23,からつ,一般,５　４６３１３４６　５５,2022-05-10,2022-05-15,23,からつ,一般,３６２５４　２３１　６F,2019-11-02,2019-11-06,23,からつ,一般,４４２５６　６　３４,4873,蒲原 健太,2026-05-29,2026-06-02,23,からつ,一般,２４３　３６３６２３,2026-04-23,2026-04-28,23,からつ,一般,６６３５６　５１６６１,2026-03-17,2026-03-22,23,からつ,ＧⅡ,６　２３５　６５４５１,2026-01-22,2026-01-26,23,からつ,一般,４６５　５５５　４４,2025-12-20,2025-12-23,23,からつ,一般,１３３３２３５２
202607302308,2026-07-30,23,08R,4598,加藤 政彦,2026-03-28,2026-04-02,23,からつ,一般,２２５　１４２３１５５３,2023-05-09,2023-05-14,23,からつ,一般,２　４４５２６　２　３５,2019-10-04,2019-10-09,23,からつ,一般,３　１２１３３５２５１４,2019-04-22,2019-04-26,23,からつ,一般,３　３４６５３　１１,2018-11-05,2018-11-10,23,からつ,一般,６　２１３３２　２F２,4558,宮野 仁,2026-03-06,2026-03-09,23,からつ,一般,２　２３２６２６,2023-09-12,2023-09-17,23,からつ,一般,１３３１４　５　４６２５,2021-09-15,2021-09-21,23,からつ,一般,２６１　２６４　１５４１,2021-05-15,2021-05-20,23,からつ,一般,１４F５６　４　４　４６,2021-02-20,2021-02-26,23,からつ,一般,５　２４４６３３３　３５１６,5067,山田 真聖,2025-06-21,2025-06-25,23,からつ,一般,４５６４４　３　４６,2023-10-15,2023-10-20,23,からつ,一般,６　５５５６６５５　６,2023-07-22,2023-07-27,23,からつ,一般,２　１４６６６　１　１２,2022-09-29,2022-10-04,23,からつ,一般,５　６４５　３３４　６１,2022-08-28,2022-09-03,23,からつ,一般,４　５５３　４２６１３６４,4421,森作 広大,2025-09-14,2025-09-18,23,からつ,一般,５３６　６２５５６,2017-11-28,2017-12-03,23,からつ,ＧⅢ,２　６４６　３６４３２,2016-12-19,2016-12-24,23,からつ,一般,３４４４２　４　１６２４,2015-06-03,2015-06-07,23,からつ,一般,４　６６６６２　３６,2013-09-12,2013-09-17,23,からつ,一般,４　３５２　２５６３６６,4737,竹井 貴史,2025-12-14,2025-12-17,23,からつ,一般,３３１１３１[１],2023-02-03,2023-02-08,23,からつ,一般,４５２２３　１２F２２,2022-12-13,2022-12-16,23,からつ,一般,３３１　４５４２,2020-05-03,2020-05-08,23,からつ,一般,１　１４２２３２４３４１,2020-02-13,2020-02-18,23,からつ,ＧⅠ,５　２４５　３１６　転５,5262,鈴木 章司,2025-09-05,2025-09-10,23,からつ,一般,４　３２４５５　４　３５,,,,,,,,,,,,,,,,,,,,,,,,
202607302309,2026-07-30,23,09R,4201,佐竹 友樹,2026-04-23,2026-04-28,23,からつ,一般,６　６６２６６　４４５,2024-09-01,2024-09-06,23,からつ,一般,２５５,2017-09-09,2017-09-14,23,からつ,一般,２５２５１　５　６５１６,2014-09-17,2014-09-22,23,からつ,一般,５１４５２　５２１６３６,2013-07-23,2013-07-28,23,からつ,一般,１５５４３　４２３　３３,4295,小坂 尚哉,2026-01-22,2026-01-26,23,からつ,一般,５４１２２　２３１１,2024-09-23,2024-09-26,23,からつ,一般,３４３２５５１２,2024-01-13,2024-01-17,23,からつ,一般,１３４　２２２３２１,2023-09-25,2023-09-30,23,からつ,ＧⅠ,５５３　３　２１３１１,2022-11-25,2022-11-30,23,からつ,一般,４４１５２　５３３３２１,5284,嘉手苅 徹哉,2025-05-19,2025-05-24,23,からつ,一般,３　５２１　４５１F４,2025-02-10,2025-02-13,23,からつ,一般,　　　　６　６６,2025-01-07,2025-01-10,23,からつ,一般,６　５６６６５,2024-12-29,2025-01-03,23,からつ,一般,４６６　５５落　５６５,2024-07-13,2024-07-16,23,からつ,一般,６　５５６６５,5035,櫻井 優,2025-08-02,2025-08-06,23,からつ,一般,２５１１６　５３[５],2024-02-07,2024-02-10,23,からつ,一般,６６,2019-11-22,2019-11-27,23,からつ,一般,６　転６５　５　３６落３,,,,,,,,,,,,,4403,木下 大將,2026-04-23,2026-04-28,23,からつ,一般,１　２２３３５４２４３４,2025-04-29,2025-05-04,23,からつ,一般,５　１４３　３５３落２４,2024-11-20,2024-11-25,23,からつ,一般,５　１４２４４　２５５５,2023-11-28,2023-12-01,23,からつ,一般,４６２３２２[４],2023-02-03,2023-02-08,23,からつ,一般,１　４４３３１５１５５４,5392,安武 一也,2026-02-08,2026-02-11,23,からつ,一般,６　６６６６５,2025-12-20,2025-12-23,23,からつ,一般,　　　　　　５６,2025-05-19,2025-05-24,23,からつ,一般,６　６６５　６６４　６６,,,,,,,,,,,,
202607302310,2026-07-30,23,10R,4440,萩原 知哉,2020-02-04,2020-02-09,23,からつ,一般,５５２　２６２　４６４,2019-09-15,2019-09-20,23,からつ,一般,４　６２４　５２４　５６,2017-03-05,2017-03-10,23,からつ,一般,１　６５５１４　５５１５,2015-11-15,2015-11-20,23,からつ,一般,５５４　６　５１５５５落,2013-05-14,2013-05-19,23,からつ,ＧⅢ,４　１１転　４４６３６６,4931,木谷 賢太,2025-02-25,2025-03-02,23,からつ,ＧⅠ,３　４　１５６　６３４５,2024-12-20,2024-12-25,23,からつ,ＧⅢ,５　４４２４３４２　４３,2024-06-15,2024-06-20,23,からつ,ＧⅢ,１３５　３４２　４　２３,2024-01-31,2024-02-04,23,からつ,一般,２３２６４　１５３５,2022-12-13,2022-12-16,23,からつ,一般,１６４４１　１５,5356,長谷川 暖,2026-02-08,2026-02-11,23,からつ,一般,６３４６５　１,2024-09-01,2024-09-06,23,からつ,一般,６　６　５５３６５３６,,,,,,,,,,,,,,,,,,,4189,川上 剛,2026-02-15,2026-02-19,23,からつ,一般,１　４５１１２１[４],2025-09-30,2025-10-05,23,からつ,ＧⅢ,３　１４１５４５３４４３,2025-05-27,2025-05-31,23,からつ,一般,１２３　２５４３４１,2025-01-07,2025-01-10,23,からつ,一般,３６１２１２[６],2024-07-20,2024-07-24,23,からつ,一般,６５４　１３３　２１,4331,三好 勇人,2024-03-17,2024-03-22,23,からつ,一般,５５２５５　５１,2023-11-28,2023-12-01,23,からつ,一般,２６４　３２４５,2023-10-04,2023-10-08,23,からつ,一般,３　２３１２２２[４],2021-12-09,2021-12-14,23,からつ,ＧⅢ,６　３４４２５２６　５３,2020-07-06,2020-07-11,23,からつ,一般,３　１４４１６　３６６６,4118,宇佐見 淳,2023-12-12,2023-12-17,23,からつ,ＧⅢ,５　１５１３３３１３６１,2023-10-04,2023-10-08,23,からつ,一般,３　３５１２２３２１,2023-05-23,2023-05-28,23,からつ,一般,２　１５２５５５１５４５,2022-05-25,2022-05-29,23,からつ,一般,４５２３２　１　１５,2020-03-12,2020-03-16,23,からつ,一般,４２４５５　４　６１
202607302311,2026-07-30,23,11R,3876,中辻 崇人,2025-05-27,2025-05-31,23,からつ,一般,４１６１２　１３１１,2024-09-23,2024-09-26,23,からつ,一般,１２１１５１[３],2023-08-24,2023-08-29,23,からつ,一般,２５２１１　４１３１[２],2022-08-28,2022-09-03,23,からつ,一般,３１２１４　１２３１２２[５],2022-04-14,2022-04-19,23,からつ,一般,１６２１５　１２１２[４],4377,濱本 優一,2026-02-23,2026-02-28,23,からつ,一般,１６２　３１２３３２[６],2025-09-14,2025-09-18,23,からつ,一般,３４３４１　２３２２,2024-12-10,2024-12-15,23,からつ,一般,１　４６５６１６２　２４,2024-03-17,2024-03-22,23,からつ,一般,４　１３５２２３１３３５,2024-01-13,2024-01-17,23,からつ,一般,２　２３３２１２[４],4592,小林 孝弘,2026-05-22,2026-05-26,23,からつ,一般,５　３２１３１４５２,2023-12-04,2023-12-09,23,からつ,一般,３　３４４６５１２　３４,2021-09-15,2021-09-21,23,からつ,一般,２６３　１２５　３３３２,2021-07-05,2021-07-10,23,からつ,一般,３２３　２　５５４５５１,2021-04-07,2021-04-12,23,からつ,一般,２４４　２５５　４　６３,3613,角谷 健吾,2026-02-23,2026-02-28,23,からつ,一般,４５６３２　２３１　５６,2024-07-13,2024-07-16,23,からつ,一般,２１５５１３１２,2024-04-04,2024-04-07,23,からつ,一般,２２１１５１２,2023-12-24,2023-12-29,23,からつ,一般,３２１４４　５　２５１１,2023-09-01,2023-09-06,23,からつ,一般,５　１５１３６　１６４６,3975,小野寺 智洋,2026-03-06,2026-03-09,23,からつ,一般,３５３　２　３３,2025-07-16,2025-07-20,23,からつ,一般,３３２　６６４４６３,2024-10-12,2024-10-14,23,からつ,一般,４１６　２３,2024-01-31,2024-02-04,23,からつ,一般,４　２３２４５３転２,2022-09-06,2022-09-12,23,からつ,一般,２　３４１３４３１６１６,3901,松田 憲幸,2024-04-17,2024-04-21,23,からつ,一般,４４６　４１３６３,2023-12-04,2023-12-09,23,からつ,一般,６　２６３３５　５１１２,2023-01-22,2023-01-27,23,からつ,一般,２　４６５３４５４　１,2021-12-09,2021-12-14,23,からつ,ＧⅢ,２１３　５３５　２６１６,2021-05-15,2021-05-20,23,からつ,一般,３６１３２　３　２４１２
202607302312,2026-07-30,23,12R,4737,竹井 貴史,2025-12-14,2025-12-17,23,からつ,一般,３３１１３１[１],2023-02-03,2023-02-08,23,からつ,一般,４５２２３　１２F２２,2022-12-13,2022-12-16,23,からつ,一般,３３１　４５４２,2020-05-03,2020-05-08,23,からつ,一般,１　１４２２３２４３４１,2020-02-13,2020-02-18,23,からつ,ＧⅠ,５　２４５　３１６　転５,3805,高橋 英之,2025-12-14,2025-12-17,23,からつ,一般,３４３　５　３４,2025-06-14,2025-06-17,23,からつ,一般,３５５２　　２６,2025-02-18,2025-02-21,23,からつ,一般,２５落欠,2024-11-14,2024-11-17,23,からつ,一般,３６４２不,2023-08-01,2023-08-06,23,からつ,一般,３１３６１　６２５５２５,4654,篠田 優也,2025-05-27,2025-05-31,23,からつ,一般,１６５１４　F５６,2020-07-30,2020-08-04,23,からつ,一般,４　３６１４３　３６５６,2016-10-10,2016-10-15,23,からつ,一般,５　５５２１３２２　４１,2016-06-14,2016-06-19,23,からつ,一般,４３４　４　１２３　２６,2015-05-19,2015-05-24,23,からつ,一般,１転４　１５２　２１[２],4112,大久保信一郎,2026-04-23,2026-04-28,23,からつ,一般,１　１６１２２３２２[３],2026-02-23,2026-02-28,23,からつ,一般,５　１２３１１　２２[３],2025-12-20,2025-12-23,23,からつ,一般,３３１　５２[５],2025-09-21,2025-09-26,23,からつ,一般,２３２　３　３４１６１４,2025-08-02,2025-08-06,23,からつ,一般,３　４３２５６　２２,4475,末永 祐輝,2026-05-10,2026-05-14,23,からつ,一般,４２２５３　２４３３,2026-02-15,2026-02-19,23,からつ,一般,２２１　２５１６４５,2025-12-20,2025-12-23,23,からつ,一般,２５１３２４３５,2025-07-16,2025-07-20,23,からつ,一般,３　４６１２５３４５,2023-09-12,2023-09-17,23,からつ,一般,５　３１１２１３３２[４],4513,河野 真也,2026-02-15,2026-02-19,23,からつ,一般,１４１１４　３１[１],2025-04-19,2025-04-24,23,からつ,一般,F　４　６　４３３　３,2024-12-10,2024-12-15,23,からつ,一般,２　３５１２３２２２[５],2024-10-19,2024-10-24,23,からつ,一般,２　３６２２,2023-04-12,2023-04-16,23,からつ,一般,５６３４６　５　５１
202607302401,2026-07-30,24,01R,4447,深川 麻奈美,2026-07-05,2026-07-09,24,大村,一般,３　１２１２２２[４],2025-12-26,2025-12-31,24,大村,ＧⅠ,５２３３２４２　６　２４,2025-08-28,2025-09-03,24,大村,一般,４３１　２２,2023-10-10,2023-10-15,24,大村,一般,２　１２２３３５２２[５],2021-02-08,2021-02-13,24,大村,ＧⅠ,５　３１２　２６５４３,4603,谷川 将太,2026-06-01,2026-06-04,24,大村,一般,６３３　６　３,2026-01-15,2026-01-20,24,大村,一般,４　３１３　６５４１４,2025-11-03,2025-11-06,24,大村,一般,２３６　２２３,2025-09-19,2025-09-24,24,大村,一般,２２５　３３１　１３５２,2025-08-05,2025-08-09,24,大村,一般,６　１２３５２５２５,3411,池上 隆行,2025-08-15,2025-08-18,24,大村,一般,２４４　３４２,2025-06-02,2025-06-05,24,大村,一般,６５２　３　５５,2025-02-28,2025-03-03,24,大村,一般,２　４６５　６５,2024-09-14,2024-09-19,24,大村,一般,１　５　３６２　４　４６,2023-12-06,2023-12-09,24,大村,一般,６　１４５　４５,4138,中井 俊祐,2025-08-15,2025-08-18,24,大村,一般,５　１３６６５５,2024-11-25,2024-11-30,24,大村,一般,５　３６３　２６４　２４,2024-04-20,2024-04-25,24,大村,一般,３４１　６　４６２　１,2024-02-01,2024-02-05,24,大村,一般,６５６　６,2022-09-27,2022-09-30,24,大村,一般,５３４　４５３６,4315,山崎 昂介,2026-06-06,2026-06-10,24,大村,一般,４　６２４　２６３６,2026-05-07,2026-05-11,24,大村,一般,３４４２１　２１[４],2026-01-03,2026-01-08,24,大村,一般,５　４１５　４５６４２５,2025-08-05,2025-08-09,24,大村,一般,１　４４２１４３３３,2025-04-28,2025-05-03,24,大村,一般,１　５３３６２３１６６６,4173,岡谷 健吾,2026-05-07,2026-05-11,24,大村,一般,６４４　２３４３３３,2025-11-19,2025-11-22,24,大村,一般,２　２４３５転４,2024-07-03,2024-07-06,24,大村,一般,２　２４２３１６,2022-10-06,2022-10-11,24,大村,一般,５５３　４４２６４３１,2021-11-20,2021-11-24,24,大村,一般,２６３２４　２　６１
202607302402,2026-07-30,24,02R,3981,今坂 晃広,2026-03-18,2026-03-22,24,大村,一般,２　４１４６６　１６,2025-11-03,2025-11-06,24,大村,一般,４　５５５　５１,2025-03-11,2025-03-14,24,大村,一般,５３５　５　１２,2024-09-22,2024-09-26,24,大村,一般,２３２　６６,2024-02-28,2024-03-05,24,大村,一般,５４６　３３３　１　３　３６,3933,山地 正樹,2026-03-28,2026-04-02,24,大村,一般,４１３　１２４　３３３２,2025-10-26,2025-10-31,24,大村,ＧⅢ,２　３３５　１４２３５２,2025-06-22,2025-06-25,24,大村,一般,５６１　６　１６,2024-09-22,2024-09-26,24,大村,一般,４　１　５４４３３,2024-06-04,2024-06-09,24,大村,一般,１６３　４４２　２　２,4142,平野 和明,2025-07-29,2025-08-03,24,大村,一般,５　４５５４３　３　２４,2024-05-14,2024-05-19,24,大村,一般,２　２６２　３４３４１５,2023-09-25,2023-10-01,24,大村,一般,１　３　３２１３３　３２[３],2020-01-25,2020-01-30,24,大村,一般,３　５５,2018-03-02,2018-03-05,24,大村,一般,１　２６５５２転,5136,濱野 斗馬,2026-02-26,2026-03-03,24,大村,一般,３　１３２　４２１５３１,2025-11-25,2025-11-30,24,大村,ＧⅢ,１　２６１　５４３２[２],2025-06-07,2025-06-10,24,大村,一般,５２４　５５１,2024-10-26,2024-10-31,24,大村,一般,４６１　４３４２２４６４,2021-07-20,2021-07-23,24,大村,一般,妨　６６６　６２,3809,吉田 光,2025-12-03,2025-12-06,24,大村,一般,５３３　５３３６,2025-10-26,2025-10-31,24,大村,ＧⅢ,２３６　６４４　５　４３,2025-06-02,2025-06-05,24,大村,一般,６　４６２４３,2024-11-03,2024-11-08,24,大村,一般,３　２３３　３４５２[４],2024-04-27,2024-04-30,24,大村,一般,２６３　２６３,4812,西野 雄貴,2026-02-19,2026-02-23,24,大村,一般,３６３１３　１４４１,2025-08-28,2025-09-03,24,大村,一般,１４２　２４１　２４４５１５,2024-11-15,2024-11-18,24,大村,一般,４６１４３　４,2024-06-19,2024-06-23,24,大村,一般,３５１１３３１２[２],2022-06-17,2022-06-22,24,大村,一般,１４１３４　５１１２[３]
202607302403,2026-07-30,24,03R,5303,土井 歩夢,2026-04-07,2026-04-13,24,大村,一般,３　４　３２４　１３４２[３],2024-10-26,2024-10-31,24,大村,一般,３　５４１　３４１３４,2023-10-28,2023-11-02,24,大村,一般,　　　　　　　　　　６４,2023-07-19,2023-07-23,24,大村,一般,４　６　６５５　５,,,,,,,5257,西丸 侑太朗,2026-03-08,2026-03-13,24,大村,ＧⅠ,４　６　６６４　３３４,2025-10-14,2025-10-18,24,大村,一般,２　１１４１１１[３],2024-07-03,2024-07-06,24,大村,一般,４　１２６２[６],2023-09-17,2023-09-22,24,大村,一般,３５６　３６３　２　５６,,,,,,,4137,君島 秀三,2025-04-07,2025-04-11,24,大村,一般,２６２　２３２２[５],2023-08-14,2023-08-20,24,大村,一般,４５３　５２３　５１６　４,2023-02-17,2023-02-20,24,大村,一般,２１３４２３５１,2021-06-14,2021-06-20,24,大村,一般,１６２４２５５２４　２３１３,2021-03-29,2021-04-04,24,大村,一般,３４２２２２３　１２１２[１],5148,松本 怜,2024-11-25,2024-11-30,24,大村,一般,３　１５４３６３４　４２,2024-05-25,2024-05-30,24,大村,一般,１　３　１６５欠,2023-10-10,2023-10-15,24,大村,一般,３　２　５４６５６　５５,2023-07-27,2023-07-31,24,大村,一般,６６３　５４６４１,2023-07-11,2023-07-16,24,大村,ＧⅢ,５　２　６６５　４　５２,3831,安藤 裕貴,2024-12-23,2024-12-29,24,大村,一般,２４６　４５１　２５５　５４,2018-02-21,2018-02-25,24,大村,一般,６　１５３６５　６５,2017-07-19,2017-07-24,24,大村,一般,１　２２６４３３３１[６],2015-10-08,2015-10-11,24,大村,一般,６　４５５　１６,2015-06-28,2015-07-03,24,大村,一般,４　２５３　４３４　１４,4748,渡邉 雄朗,2025-03-27,2025-04-01,24,大村,一般,２４２　４　２１５５１４,2023-06-26,2023-06-29,24,大村,一般,２６２６４２１,2022-02-16,2022-02-21,24,大村,一般,２１１　４４４５１４３２,2018-07-01,2018-07-07,24,大村,一般,３　６４３６５　５２１１,2017-11-08,2017-11-11,24,大村,一般,３　転１６　１２
202607302404,2026-07-30,24,04R,4906,鈴木 雅希,2020-02-03,2020-02-06,24,大村,一般,４　４３４　２６,2017-09-06,2017-09-11,24,大村,一般,４３４４５　３５５　不欠,2017-01-29,2017-02-02,24,大村,一般,６　５エ５　６５６４,,,,,,,,,,,,,3853,岩崎 正哉,2025-11-25,2025-11-30,24,大村,ＧⅢ,２　５６４　４５５　５３,2025-07-04,2025-07-09,24,大村,一般,４　１２１　１４４４１６,2025-01-19,2025-01-24,24,大村,一般,５３５　３６１　２　４１,2024-10-08,2024-10-14,24,大村,一般,１　３３４３４４５　１５４２,2024-02-28,2024-03-05,24,大村,一般,５６３　４２５　２１２　２１,4049,荒川 健太,2022-09-03,2022-09-08,24,大村,一般,２　５２３２６３１２,2022-01-15,2022-01-20,24,大村,ＧⅠ,６　４６２　４　２４６４,2021-04-10,2021-04-15,24,大村,ＧⅠ,１　１５６　転　５４５６,2020-03-24,2020-03-29,24,大村,ＧⅡ,２　１５５　４５３５４,2019-11-05,2019-11-09,24,大村,一般,３４１　６５３３５３,5247,大森 翼,2026-04-18,2026-04-23,24,大村,一般,４　３４６　１３５３５,2023-07-01,2023-07-06,24,大村,一般,６　５５６　F　落　５,,,,,,,,,,,,,,,,,,,4525,真子 奈津実,2025-10-20,2025-10-24,24,大村,一般,２５２　４３２　２５,2025-04-22,2025-04-25,24,大村,一般,６２５　４　５６,2024-09-06,2024-09-11,24,大村,ＧⅢ,２３１　３６２　２５６６,2024-05-25,2024-05-30,24,大村,一般,５４１　F　４　５　３,2023-07-27,2023-07-31,24,大村,一般,５５３　６６２５５,4174,赤坂 俊輔,2026-06-06,2026-06-10,24,大村,一般,５３４　３１１１[３],2026-04-26,2026-05-01,24,大村,一般,１５２　３５２１１３３２,2026-03-08,2026-03-13,24,大村,ＧⅠ,２５４　５６６　４　５,2026-01-03,2026-01-08,24,大村,一般,３１４　３３３３１４２４,2025-11-19,2025-11-22,24,大村,一般,３３１２１３４１
202607302405,2026-07-30,24,05R,5023,久永 祥平,2024-10-26,2024-10-31,24,大村,一般,１　２４３５３３１２[５],2023-12-25,2023-12-30,24,大村,一般,３３５　２１４　５　４６,2021-11-08,2021-11-13,24,大村,一般,１５４,,,,,,,,,,,,,4315,山崎 昂介,2026-06-06,2026-06-10,24,大村,一般,４　６２４　２６３６,2026-05-07,2026-05-11,24,大村,一般,３４４２１　２１[４],2026-01-03,2026-01-08,24,大村,一般,５　４１５　４５６４２５,2025-08-05,2025-08-09,24,大村,一般,１　４４２１４３３３,2025-04-28,2025-05-03,24,大村,一般,１　５３３６２３１６６６,5018,竹下 大樹,2025-04-14,2025-04-18,24,大村,一般,１３１３４１３２[３],2025-01-19,2025-01-24,24,大村,一般,２３３　６６５　５　５４,2023-07-01,2023-07-06,24,大村,一般,５　１F５　３　４　３,2023-04-24,2023-04-30,24,大村,一般,２　３１２３２１２２１４２３,2022-11-25,2022-11-30,24,大村,一般,３　３２２４２　２１２３,5354,,,,,,,,,,,,,,,,,,,,,,,,,,,,,,,,3304,烏野 賢太,2025-06-02,2025-06-05,24,大村,一般,６　１３３５４,2025-02-28,2025-03-03,24,大村,一般,１２５　２４１５,2024-12-13,2024-12-16,24,大村,一般,４１６５２　２１,2024-08-19,2024-08-25,24,大村,一般,４　１２１　２３５２２４４３,2024-04-27,2024-04-30,24,大村,一般,１　１５２３４１,5413,,,,,,,,,,,,,,,,,,,,,,,,,,,,,,,
202607302406,2026-07-30,24,06R,4278,藤岡 俊介,2026-01-15,2026-01-20,24,大村,一般,２３４　１１１１２１[３],2025-07-15,2025-07-20,24,大村,ＧⅡ,４１４　４　３３５１４,2024-08-19,2024-08-25,24,大村,一般,転４４　２１２１３　５４１１,2023-09-25,2023-10-01,24,大村,一般,２４１　２　２１４１２１[４],2023-02-17,2023-02-20,24,大村,一般,１２２３３１[４],5307,富永 夏哉人,2026-04-18,2026-04-23,24,大村,一般,５６１　６５６　５　５４,2026-01-15,2026-01-20,24,大村,一般,１６２　５３５２５　３,2025-07-04,2025-07-09,24,大村,一般,５５６２５　４　２３２,2023-12-25,2023-12-30,24,大村,一般,６　６６６　６　３５６,,,,,,,3618,海野 ゆかり,2025-12-26,2025-12-31,24,大村,ＧⅠ,転１２４３２４　２　[５],2025-09-27,2025-10-02,24,大村,ＧⅢ,２　２３３　４２５６１４,2024-05-25,2024-05-30,24,大村,一般,２２３１１１４２２１[１],2023-10-19,2023-10-22,24,大村,一般,３４３３１　３１,2022-08-24,2022-08-29,24,大村,ＧⅢ,１　１４２１１３４２[５],4521,小池 公生,2026-04-07,2026-04-13,24,大村,一般,６　４５５　４１４１４　３３,2025-11-25,2025-11-30,24,大村,ＧⅢ,６６６　６１,2024-02-14,2024-02-20,24,大村,一般,６　５６,2023-07-27,2023-07-31,24,大村,一般,５２１　４３１５４１,2023-01-15,2023-01-19,24,大村,一般,２６２　２１４５３５,4596,葛原 大陽,2026-01-15,2026-01-20,24,大村,一般,１　２４３　３３３６１４,2025-08-20,2025-08-25,24,大村,一般,６　３４３２２３３　３１,2023-10-28,2023-11-02,24,大村,一般,１１１　３１２６３１[３],2023-08-28,2023-09-02,24,大村,ＧⅢ,４　６２２　３２１５５５,2023-01-09,2023-01-13,24,大村,一般,２　３４４３３６２５,5028,原田 才一郎,2026-06-01,2026-06-04,24,大村,一般,２２　　３１２１,2026-03-08,2026-03-13,24,大村,ＧⅠ,１　５５２　１　２　[６],2025-02-10,2025-02-15,24,大村,ＧⅠ,２６１　６　３４１３６,2024-06-04,2024-06-09,24,大村,一般,３　３３１　４３１２[５],2020-09-07,2020-09-13,24,大村,一般,４３１　１２４５４転１５
202607302407,2026-07-30,24,07R,4635,峰重 力也,2025-11-03,2025-11-06,24,大村,一般,１６４　２４５,2024-02-28,2024-03-05,24,大村,一般,２　３４２　３１６　５６転,2023-12-06,2023-12-09,24,大村,一般,３　５１３５２４,2023-08-28,2023-09-02,24,大村,ＧⅢ,６５６　６１１　５１６,2022-11-07,2022-11-11,24,大村,一般,１２１　６６４５１６,3411,池上 隆行,2025-08-15,2025-08-18,24,大村,一般,２４４　３４２,2025-06-02,2025-06-05,24,大村,一般,６５２　３　５５,2025-02-28,2025-03-03,24,大村,一般,２　４６５　６５,2024-09-14,2024-09-19,24,大村,一般,１　５　３６２　４　４６,2023-12-06,2023-12-09,24,大村,一般,６　１４５　４５,4748,渡邉 雄朗,2025-03-27,2025-04-01,24,大村,一般,２４２　４　２１５５１４,2023-06-26,2023-06-29,24,大村,一般,２６２６４２１,2022-02-16,2022-02-21,24,大村,一般,２１１　４４４５１４３２,2018-07-01,2018-07-07,24,大村,一般,３　６４３６５　５２１１,2017-11-08,2017-11-11,24,大村,一般,３　転１６　１２,4846,佐藤 駿介,2025-10-14,2025-10-18,24,大村,一般,１　６　６６５　６５,2025-01-07,2025-01-10,24,大村,一般,５　６３２　５５,2024-03-08,2024-03-11,24,大村,一般,１　６２３４１３,2021-07-20,2021-07-23,24,大村,一般,６　１１３６２５,2020-12-28,2021-01-01,24,大村,一般,６　２５４　６６,4142,平野 和明,2025-07-29,2025-08-03,24,大村,一般,５　４５５４３　３　２４,2024-05-14,2024-05-19,24,大村,一般,２　２６２　３４３４１５,2023-09-25,2023-10-01,24,大村,一般,１　３　３２１３３　３２[３],2020-01-25,2020-01-30,24,大村,一般,３　５５,2018-03-02,2018-03-05,24,大村,一般,１　２６５５２転,5367,赤松 咲香,2025-05-19,2025-05-24,24,大村,一般,６６６　６６６　６　４,2025-01-07,2025-01-10,24,大村,一般,６６６　６　６６,,,,,,,,,,,,,,,,,,
202607302408,2026-07-30,24,08R,4761,山田 晃大,2026-02-19,2026-02-23,24,大村,一般,４　４５３１５　２１,2023-04-04,2023-04-08,24,大村,一般,４　２５３６６　１２,2023-01-15,2023-01-19,24,大村,一般,５　５４２５４　３３,2022-11-18,2022-11-21,24,大村,一般,２６５　４６５,2022-07-08,2022-07-11,24,大村,一般,５３４　５６５,3327,野長瀬 正孝,2023-11-29,2023-12-04,24,大村,ＧⅢ,４３３　２５２　４６１３,2021-07-10,2021-07-15,24,大村,一般,４３１５２　３　３５１３,2020-03-24,2020-03-29,24,大村,ＧⅡ,３３６,2018-11-21,2018-11-25,24,大村,一般,１　３６３３１２[５],2018-10-29,2018-11-02,24,大村,一般,３１２１１１３１[２],3809,吉田 光,2025-12-03,2025-12-06,24,大村,一般,５３３　５３３６,2025-10-26,2025-10-31,24,大村,ＧⅢ,２３６　６４４　５　４３,2025-06-02,2025-06-05,24,大村,一般,６　４６２４３,2024-11-03,2024-11-08,24,大村,一般,３　２３３　３４５２[４],2024-04-27,2024-04-30,24,大村,一般,２６３　２６３,5205,刑部 亜里紗,2025-12-26,2025-12-31,24,大村,ＧⅠ,４３５１１　６　５　２４,2025-09-27,2025-10-02,24,大村,ＧⅢ,３　３３１　４５３　１５,2025-02-28,2025-03-03,24,大村,一般,２２２２２３２１,2024-12-13,2024-12-16,24,大村,一般,５４５３２２１,2022-12-29,2023-01-01,24,大村,一般,５１５４６　４５,4967,中村 魁生,2024-07-03,2024-07-06,24,大村,一般,５４２５３１１,2024-02-28,2024-03-05,24,大村,一般,３　２３３　１３１　２１[３],2018-10-29,2018-11-02,24,大村,一般,３５転　４５５　５４,2018-03-14,2018-03-17,24,大村,一般,６　２５２　６４,,,,,,,4093,吉田 宗弘,2025-06-22,2025-06-25,24,大村,一般,４１４　４５６,2017-06-27,2017-07-01,24,大村,一般,３２１　５６１６４４,2016-07-13,2016-07-18,24,大村,一般,５４エ　３４４　２　６３,2016-04-16,2016-04-19,24,大村,一般,２６２　１４,2016-02-25,2016-02-28,24,大村,一般,４　５３６　４１
202607302409,2026-07-30,24,09R,4174,赤坂 俊輔,2026-06-06,2026-06-10,24,大村,一般,５３４　３１１１[３],2026-04-26,2026-05-01,24,大村,一般,１５２　３５２１１３３２,2026-03-08,2026-03-13,24,大村,ＧⅠ,２５４　５６６　４　５,2026-01-03,2026-01-08,24,大村,一般,３１４　３３３３１４２４,2025-11-19,2025-11-22,24,大村,一般,３３１２１３４１,5018,竹下 大樹,2025-04-14,2025-04-18,24,大村,一般,１３１３４１３２[３],2025-01-19,2025-01-24,24,大村,一般,２３３　６６５　５　５４,2023-07-01,2023-07-06,24,大村,一般,５　１F５　３　４　３,2023-04-24,2023-04-30,24,大村,一般,２　３１２３２１２２１４２３,2022-11-25,2022-11-30,24,大村,一般,３　３２２４２　２１２３,3304,烏野 賢太,2025-06-02,2025-06-05,24,大村,一般,６　１３３５４,2025-02-28,2025-03-03,24,大村,一般,１２５　２４１５,2024-12-13,2024-12-16,24,大村,一般,４１６５２　２１,2024-08-19,2024-08-25,24,大村,一般,４　１２１　２３５２２４４３,2024-04-27,2024-04-30,24,大村,一般,１　１５２３４１,5303,土井 歩夢,2026-04-07,2026-04-13,24,大村,一般,３　４　３２４　１３４２[３],2024-10-26,2024-10-31,24,大村,一般,３　５４１　３４１３４,2023-10-28,2023-11-02,24,大村,一般,　　　　　　　　　　６４,2023-07-19,2023-07-23,24,大村,一般,４　６　６５５　５,,,,,,,3933,山地 正樹,2026-03-28,2026-04-02,24,大村,一般,４１３　１２４　３３３２,2025-10-26,2025-10-31,24,大村,ＧⅢ,２　３３５　１４２３５２,2025-06-22,2025-06-25,24,大村,一般,５６１　６　１６,2024-09-22,2024-09-26,24,大村,一般,４　１　５４４３３,2024-06-04,2024-06-09,24,大村,一般,１６３　４４２　２　２,4603,谷川 将太,2026-06-01,2026-06-04,24,大村,一般,６３３　６　３,2026-01-15,2026-01-20,24,大村,一般,４　３１３　６５４１４,2025-11-03,2025-11-06,24,大村,一般,２３６　２２３,2025-09-19,2025-09-24,24,大村,一般,２２５　３３１　１３５２,2025-08-05,2025-08-09,24,大村,一般,６　１２３５２５２５
202607302410,2026-07-30,24,10R,4812,西野 雄貴,2026-02-19,2026-02-23,24,大村,一般,３６３１３　１４４１,2025-08-28,2025-09-03,24,大村,一般,１４２　２４１　２４４５１５,2024-11-15,2024-11-18,24,大村,一般,４６１４３　４,2024-06-19,2024-06-23,24,大村,一般,３５１１３３１２[２],2022-06-17,2022-06-22,24,大村,一般,１４１３４　５１１２[３],4137,君島 秀三,2025-04-07,2025-04-11,24,大村,一般,２６２　２３２２[５],2023-08-14,2023-08-20,24,大村,一般,４５３　５２３　５１６　４,2023-02-17,2023-02-20,24,大村,一般,２１３４２３５１,2021-06-14,2021-06-20,24,大村,一般,１６２４２５５２４　２３１３,2021-03-29,2021-04-04,24,大村,一般,３４２２２２３　１２１２[１],4596,葛原 大陽,2026-01-15,2026-01-20,24,大村,一般,１　２４３　３３３６１４,2025-08-20,2025-08-25,24,大村,一般,６　３４３２２３３　３１,2023-10-28,2023-11-02,24,大村,一般,１１１　３１２６３１[３],2023-08-28,2023-09-02,24,大村,ＧⅢ,４　６２２　３２１５５５,2023-01-09,2023-01-13,24,大村,一般,２　３４４３３６２５,5023,久永 祥平,2024-10-26,2024-10-31,24,大村,一般,１　２４３５３３１２[５],2023-12-25,2023-12-30,24,大村,一般,３３５　２１４　５　４６,2021-11-08,2021-11-13,24,大村,一般,１５４,,,,,,,,,,,,,3853,岩崎 正哉,2025-11-25,2025-11-30,24,大村,ＧⅢ,２　５６４　４５５　５３,2025-07-04,2025-07-09,24,大村,一般,４　１２１　１４４４１６,2025-01-19,2025-01-24,24,大村,一般,５３５　３６１　２　４１,2024-10-08,2024-10-14,24,大村,一般,１　３３４３４４５　１５４２,2024-02-28,2024-03-05,24,大村,一般,５６３　４２５　２１２　２１,4278,藤岡 俊介,2026-01-15,2026-01-20,24,大村,一般,２３４　１１１１２１[３],2025-07-15,2025-07-20,24,大村,ＧⅡ,４１４　４　３３５１４,2024-08-19,2024-08-25,24,大村,一般,転４４　２１２１３　５４１１,2023-09-25,2023-10-01,24,大村,一般,２４１　２　２１４１２１[４],2023-02-17,2023-02-20,24,大村,一般,１２２３３１[４]
202607302411,2026-07-30,24,11R,5028,原田 才一郎,2026-06-01,2026-06-04,24,大村,一般,２２　　３１２１,2026-03-08,2026-03-13,24,大村,ＧⅠ,１　５５２　１　２　[６],2025-02-10,2025-02-15,24,大村,ＧⅠ,２６１　６　３４１３６,2024-06-04,2024-06-09,24,大村,一般,３　３３１　４３１２[５],2020-09-07,2020-09-13,24,大村,一般,４３１　１２４５４転１５,5136,濱野 斗馬,2026-02-26,2026-03-03,24,大村,一般,３　１３２　４２１５３１,2025-11-25,2025-11-30,24,大村,ＧⅢ,１　２６１　５４３２[２],2025-06-07,2025-06-10,24,大村,一般,５２４　５５１,2024-10-26,2024-10-31,24,大村,一般,４６１　４３４２２４６４,2021-07-20,2021-07-23,24,大村,一般,妨　６６６　６２,5257,西丸 侑太朗,2026-03-08,2026-03-13,24,大村,ＧⅠ,４　６　６６４　３３４,2025-10-14,2025-10-18,24,大村,一般,２　１１４１１１[３],2024-07-03,2024-07-06,24,大村,一般,４　１２６２[６],2023-09-17,2023-09-22,24,大村,一般,３５６　３６３　２　５６,,,,,,,4635,峰重 力也,2025-11-03,2025-11-06,24,大村,一般,１６４　２４５,2024-02-28,2024-03-05,24,大村,一般,２　３４２　３１６　５６転,2023-12-06,2023-12-09,24,大村,一般,３　５１３５２４,2023-08-28,2023-09-02,24,大村,ＧⅢ,６５６　６１１　５１６,2022-11-07,2022-11-11,24,大村,一般,１２１　６６４５１６,4447,深川 麻奈美,2026-07-05,2026-07-09,24,大村,一般,３　１２１２２２[４],2025-12-26,2025-12-31,24,大村,ＧⅠ,５２３３２４２　６　２４,2025-08-28,2025-09-03,24,大村,一般,４３１　２２,2023-10-10,2023-10-15,24,大村,一般,２　１２２３３５２２[５],2021-02-08,2021-02-13,24,大村,ＧⅠ,５　３１２　２６５４３,4906,鈴木 雅希,2020-02-03,2020-02-06,24,大村,一般,４　４３４　２６,2017-09-06,2017-09-11,24,大村,一般,４３４４５　３５５　不欠,2017-01-29,2017-02-02,24,大村,一般,６　５エ５　６５６４,,,,,,,,,,,,
202607302412,2026-07-30,24,12R,5205,刑部 亜里紗,2025-12-26,2025-12-31,24,大村,ＧⅠ,４３５１１　６　５　２４,2025-09-27,2025-10-02,24,大村,ＧⅢ,３　３３１　４５３　１５,2025-02-28,2025-03-03,24,大村,一般,２２２２２３２１,2024-12-13,2024-12-16,24,大村,一般,５４５３２２１,2022-12-29,2023-01-01,24,大村,一般,５１５４６　４５,5148,松本 怜,2024-11-25,2024-11-30,24,大村,一般,３　１５４３６３４　４２,2024-05-25,2024-05-30,24,大村,一般,１　３　１６５欠,2023-10-10,2023-10-15,24,大村,一般,３　２　５４６５６　５５,2023-07-27,2023-07-31,24,大村,一般,６６３　５４６４１,2023-07-11,2023-07-16,24,大村,ＧⅢ,５　２　６６５　４　５２,5367,赤松 咲香,2025-05-19,2025-05-24,24,大村,一般,６６６　６６６　６　４,2025-01-07,2025-01-10,24,大村,一般,６６６　６　６６,,,,,,,,,,,,,,,,,,,4525,真子 奈津実,2025-10-20,2025-10-24,24,大村,一般,２５２　４３２　２５,2025-04-22,2025-04-25,24,大村,一般,６２５　４　５６,2024-09-06,2024-09-11,24,大村,ＧⅢ,２３１　３６２　２５６６,2024-05-25,2024-05-30,24,大村,一般,５４１　F　４　５　３,2023-07-27,2023-07-31,24,大村,一般,５５３　６６２５５,5413,,,,,,,,,,,,,,,,,,,,,,,,,,,,,,,,5406,小畑 楓夏,2025-11-19,2025-11-22,24,大村,一般,６　６６６　６６,2025-06-29,2025-07-02,24,大村,一般,６６６　６６５,,,,,,,,,,,,,,,,,,
