レースコード,レース日,レース場コード,レース回,艇1_登録番号,艇1_選手名,艇1_期別,艇1_支部,艇1_出身地,艇1_年齢,艇1_級別,艇1_賞除,艇1_F本数,艇1_L本数,艇1_全国平均ST,艇1_全国勝率,艇1_全国2連対率,艇1_全国3連対率,艇1_当地勝率,艇1_当地2連対率,艇1_当地3連対率,艇1_モーターフラグ,艇1_モーター番号,艇1_モーター2連対率,艇1_モーター3連対率,艇1_ボートフラグ,艇1_ボート番号,艇1_ボート2連対率,艇1_ボート3連対率,艇1_早見,艇1_節D1走1_R番号,艇1_節D1走1_進入,艇1_節D1走1_枠,艇1_節D1走1_ST,艇1_節D1走1_着順,艇1_節D1走2_R番号,艇1_節D1走2_進入,艇1_節D1走2_枠,艇1_節D1走2_ST,艇1_節D1走2_着順,艇1_節D2走1_R番号,艇1_節D2走1_進入,艇1_節D2走1_枠,艇1_節D2走1_ST,艇1_節D2走1_着順,艇1_節D2走2_R番号,艇1_節D2走2_進入,艇1_節D2走2_枠,艇1_節D2走2_ST,艇1_節D2走2_着順,艇1_節D3走1_R番号,艇1_節D3走1_進入,艇1_節D3走1_枠,艇1_節D3走1_ST,艇1_節D3走1_着順,艇1_節D3走2_R番号,艇1_節D3走2_進入,艇1_節D3走2_枠,艇1_節D3走2_ST,艇1_節D3走2_着順,艇1_節D4走1_R番号,艇1_節D4走1_進入,艇1_節D4走1_枠,艇1_節D4走1_ST,艇1_節D4走1_着順,艇1_節D4走2_R番号,艇1_節D4走2_進入,艇1_節D4走2_枠,艇1_節D4走2_ST,艇1_節D4走2_着順,艇1_節D5走1_R番号,艇1_節D5走1_進入,艇1_節D5走1_枠,艇1_節D5走1_ST,艇1_節D5走1_着順,艇1_節D5走2_R番号,艇1_節D5走2_進入,艇1_節D5走2_枠,艇1_節D5走2_ST,艇1_節D5走2_着順,艇1_節D6走1_R番号,艇1_節D6走1_進入,艇1_節D6走1_枠,艇1_節D6走1_ST,艇1_節D6走1_着順,艇1_節D6走2_R番号,艇1_節D6走2_進入,艇1_節D6走2_枠,艇1_節D6走2_ST,艇1_節D6走2_着順,艇1_節D7走1_R番号,艇1_節D7走1_進入,艇1_節D7走1_枠,艇1_節D7走1_ST,艇1_節D7走1_着順,艇1_節D7走2_R番号,艇1_節D7走2_進入,艇1_節D7走2_枠,艇1_節D7走2_ST,艇1_節D7走2_着順,艇2_登録番号,艇2_選手名,艇2_期別,艇2_支部,艇2_出身地,艇2_年齢,艇2_級別,艇2_賞除,艇2_F本数,艇2_L本数,艇2_全国平均ST,艇2_全国勝率,艇2_全国2連対率,艇2_全国3連対率,艇2_当地勝率,艇2_当地2連対率,艇2_当地3連対率,艇2_モーターフラグ,艇2_モーター番号,艇2_モーター2連対率,艇2_モーター3連対率,艇2_ボートフラグ,艇2_ボート番号,艇2_ボート2連対率,艇2_ボート3連対率,艇2_早見,艇2_節D1走1_R番号,艇2_節D1走1_進入,艇2_節D1走1_枠,艇2_節D1走1_ST,艇2_節D1走1_着順,艇2_節D1走2_R番号,艇2_節D1走2_進入,艇2_節D1走2_枠,艇2_節D1走2_ST,艇2_節D1走2_着順,艇2_節D2走1_R番号,艇2_節D2走1_進入,艇2_節D2走1_枠,艇2_節D2走1_ST,艇2_節D2走1_着順,艇2_節D2走2_R番号,艇2_節D2走2_進入,艇2_節D2走2_枠,艇2_節D2走2_ST,艇2_節D2走2_着順,艇2_節D3走1_R番号,艇2_節D3走1_進入,艇2_節D3走1_枠,艇2_節D3走1_ST,艇2_節D3走1_着順,艇2_節D3走2_R番号,艇2_節D3走2_進入,艇2_節D3走2_枠,艇2_節D3走2_ST,艇2_節D3走2_着順,艇2_節D4走1_R番号,艇2_節D4走1_進入,艇2_節D4走1_枠,艇2_節D4走1_ST,艇2_節D4走1_着順,艇2_節D4走2_R番号,艇2_節D4走2_進入,艇2_節D4走2_枠,艇2_節D4走2_ST,艇2_節D4走2_着順,艇2_節D5走1_R番号,艇2_節D5走1_進入,艇2_節D5走1_枠,艇2_節D5走1_ST,艇2_節D5走1_着順,艇2_節D5走2_R番号,艇2_節D5走2_進入,艇2_節D5走2_枠,艇2_節D5走2_ST,艇2_節D5走2_着順,艇2_節D6走1_R番号,艇2_節D6走1_進入,艇2_節D6走1_枠,艇2_節D6走1_ST,艇2_節D6走1_着順,艇2_節D6走2_R番号,艇2_節D6走2_進入,艇2_節D6走2_枠,艇2_節D6走2_ST,艇2_節D6走2_着順,艇2_節D7走1_R番号,艇2_節D7走1_進入,艇2_節D7走1_枠,艇2_節D7走1_ST,艇2_節D7走1_着順,艇2_節D7走2_R番号,艇2_節D7走2_進入,艇2_節D7走2_枠,艇2_節D7走2_ST,艇2_節D7走2_着順,艇3_登録番号,艇3_選手名,艇3_期別,艇3_支部,艇3_出身地,艇3_年齢,艇3_級別,艇3_賞除,艇3_F本数,艇3_L本数,艇3_全国平均ST,艇3_全国勝率,艇3_全国2連対率,艇3_全国3連対率,艇3_当地勝率,艇3_当地2連対率,艇3_当地3連対率,艇3_モーターフラグ,艇3_モーター番号,艇3_モーター2連対率,艇3_モーター3連対率,艇3_ボートフラグ,艇3_ボート番号,艇3_ボート2連対率,艇3_ボート3連対率,艇3_早見,艇3_節D1走1_R番号,艇3_節D1走1_進入,艇3_節D1走1_枠,艇3_節D1走1_ST,艇3_節D1走1_着順,艇3_節D1走2_R番号,艇3_節D1走2_進入,艇3_節D1走2_枠,艇3_節D1走2_ST,艇3_節D1走2_着順,艇3_節D2走1_R番号,艇3_節D2走1_進入,艇3_節D2走1_枠,艇3_節D2走1_ST,艇3_節D2走1_着順,艇3_節D2走2_R番号,艇3_節D2走2_進入,艇3_節D2走2_枠,艇3_節D2走2_ST,艇3_節D2走2_着順,艇3_節D3走1_R番号,艇3_節D3走1_進入,艇3_節D3走1_枠,艇3_節D3走1_ST,艇3_節D3走1_着順,艇3_節D3走2_R番号,艇3_節D3走2_進入,艇3_節D3走2_枠,艇3_節D3走2_ST,艇3_節D3走2_着順,艇3_節D4走1_R番号,艇3_節D4走1_進入,艇3_節D4走1_枠,艇3_節D4走1_ST,艇3_節D4走1_着順,艇3_節D4走2_R番号,艇3_節D4走2_進入,艇3_節D4走2_枠,艇3_節D4走2_ST,艇3_節D4走2_着順,艇3_節D5走1_R番号,艇3_節D5走1_進入,艇3_節D5走1_枠,艇3_節D5走1_ST,艇3_節D5走1_着順,艇3_節D5走2_R番号,艇3_節D5走2_進入,艇3_節D5走2_枠,艇3_節D5走2_ST,艇3_節D5走2_着順,艇3_節D6走1_R番号,艇3_節D6走1_進入,艇3_節D6走1_枠,艇3_節D6走1_ST,艇3_節D6走1_着順,艇3_節D6走2_R番号,艇3_節D6走2_進入,艇3_節D6走2_枠,艇3_節D6走2_ST,艇3_節D6走2_着順,艇3_節D7走1_R番号,艇3_節D7走1_進入,艇3_節D7走1_枠,艇3_節D7走1_ST,艇3_節D7走1_着順,艇3_節D7走2_R番号,艇3_節D7走2_進入,艇3_節D7走2_枠,艇3_節D7走2_ST,艇3_節D7走2_着順,艇4_登録番号,艇4_選手名,艇4_期別,艇4_支部,艇4_出身地,艇4_年齢,艇4_級別,艇4_賞除,艇4_F本数,艇4_L本数,艇4_全国平均ST,艇4_全国勝率,艇4_全国2連対率,艇4_全国3連対率,艇4_当地勝率,艇4_当地2連対率,艇4_当地3連対率,艇4_モーターフラグ,艇4_モーター番号,艇4_モーター2連対率,艇4_モーター3連対率,艇4_ボートフラグ,艇4_ボート番号,艇4_ボート2連対率,艇4_ボート3連対率,艇4_早見,艇4_節D1走1_R番号,艇4_節D1走1_進入,艇4_節D1走1_枠,艇4_節D1走1_ST,艇4_節D1走1_着順,艇4_節D1走2_R番号,艇4_節D1走2_進入,艇4_節D1走2_枠,艇4_節D1走2_ST,艇4_節D1走2_着順,艇4_節D2走1_R番号,艇4_節D2走1_進入,艇4_節D2走1_枠,艇4_節D2走1_ST,艇4_節D2走1_着順,艇4_節D2走2_R番号,艇4_節D2走2_進入,艇4_節D2走2_枠,艇4_節D2走2_ST,艇4_節D2走2_着順,艇4_節D3走1_R番号,艇4_節D3走1_進入,艇4_節D3走1_枠,艇4_節D3走1_ST,艇4_節D3走1_着順,艇4_節D3走2_R番号,艇4_節D3走2_進入,艇4_節D3走2_枠,艇4_節D3走2_ST,艇4_節D3走2_着順,艇4_節D4走1_R番号,艇4_節D4走1_進入,艇4_節D4走1_枠,艇4_節D4走1_ST,艇4_節D4走1_着順,艇4_節D4走2_R番号,艇4_節D4走2_進入,艇4_節D4走2_枠,艇4_節D4走2_ST,艇4_節D4走2_着順,艇4_節D5走1_R番号,艇4_節D5走1_進入,艇4_節D5走1_枠,艇4_節D5走1_ST,艇4_節D5走1_着順,艇4_節D5走2_R番号,艇4_節D5走2_進入,艇4_節D5走2_枠,艇4_節D5走2_ST,艇4_節D5走2_着順,艇4_節D6走1_R番号,艇4_節D6走1_進入,艇4_節D6走1_枠,艇4_節D6走1_ST,艇4_節D6走1_着順,艇4_節D6走2_R番号,艇4_節D6走2_進入,艇4_節D6走2_枠,艇4_節D6走2_ST,艇4_節D6走2_着順,艇4_節D7走1_R番号,艇4_節D7走1_進入,艇4_節D7走1_枠,艇4_節D7走1_ST,艇4_節D7走1_着順,艇4_節D7走2_R番号,艇4_節D7走2_進入,艇4_節D7走2_枠,艇4_節D7走2_ST,艇4_節D7走2_着順,艇5_登録番号,艇5_選手名,艇5_期別,艇5_支部,艇5_出身地,艇5_年齢,艇5_級別,艇5_賞除,艇5_F本数,艇5_L本数,艇5_全国平均ST,艇5_全国勝率,艇5_全国2連対率,艇5_全国3連対率,艇5_当地勝率,艇5_当地2連対率,艇5_当地3連対率,艇5_モーターフラグ,艇5_モーター番号,艇5_モーター2連対率,艇5_モーター3連対率,艇5_ボートフラグ,艇5_ボート番号,艇5_ボート2連対率,艇5_ボート3連対率,艇5_早見,艇5_節D1走1_R番号,艇5_節D1走1_進入,艇5_節D1走1_枠,艇5_節D1走1_ST,艇5_節D1走1_着順,艇5_節D1走2_R番号,艇5_節D1走2_進入,艇5_節D1走2_枠,艇5_節D1走2_ST,艇5_節D1走2_着順,艇5_節D2走1_R番号,艇5_節D2走1_進入,艇5_節D2走1_枠,艇5_節D2走1_ST,艇5_節D2走1_着順,艇5_節D2走2_R番号,艇5_節D2走2_進入,艇5_節D2走2_枠,艇5_節D2走2_ST,艇5_節D2走2_着順,艇5_節D3走1_R番号,艇5_節D3走1_進入,艇5_節D3走1_枠,艇5_節D3走1_ST,艇5_節D3走1_着順,艇5_節D3走2_R番号,艇5_節D3走2_進入,艇5_節D3走2_枠,艇5_節D3走2_ST,艇5_節D3走2_着順,艇5_節D4走1_R番号,艇5_節D4走1_進入,艇5_節D4走1_枠,艇5_節D4走1_ST,艇5_節D4走1_着順,艇5_節D4走2_R番号,艇5_節D4走2_進入,艇5_節D4走2_枠,艇5_節D4走2_ST,艇5_節D4走2_着順,艇5_節D5走1_R番号,艇5_節D5走1_進入,艇5_節D5走1_枠,艇5_節D5走1_ST,艇5_節D5走1_着順,艇5_節D5走2_R番号,艇5_節D5走2_進入,艇5_節D5走2_枠,艇5_節D5走2_ST,艇5_節D5走2_着順,艇5_節D6走1_R番号,艇5_節D6走1_進入,艇5_節D6走1_枠,艇5_節D6走1_ST,艇5_節D6走1_着順,艇5_節D6走2_R番号,艇5_節D6走2_進入,艇5_節D6走2_枠,艇5_節D6走2_ST,艇5_節D6走2_着順,艇5_節D7走1_R番号,艇5_節D7走1_進入,艇5_節D7走1_枠,艇5_節D7走1_ST,艇5_節D7走1_着順,艇5_節D7走2_R番号,艇5_節D7走2_進入,艇5_節D7走2_枠,艇5_節D7走2_ST,艇5_節D7走2_着順,艇6_登録番号,艇6_選手名,艇6_期別,艇6_支部,艇6_出身地,艇6_年齢,艇6_級別,艇6_賞除,艇6_F本数,艇6_L本数,艇6_全国平均ST,艇6_全国勝率,艇6_全国2連対率,艇6_全国3連対率,艇6_当地勝率,艇6_当地2連対率,艇6_当地3連対率,艇6_モーターフラグ,艇6_モーター番号,艇6_モーター2連対率,艇6_モーター3連対率,艇6_ボートフラグ,艇6_ボート番号,艇6_ボート2連対率,艇6_ボート3連対率,艇6_早見,艇6_節D1走1_R番号,艇6_節D1走1_進入,艇6_節D1走1_枠,艇6_節D1走1_ST,艇6_節D1走1_着順,艇6_節D1走2_R番号,艇6_節D1走2_進入,艇6_節D1走2_枠,艇6_節D1走2_ST,艇6_節D1走2_着順,艇6_節D2走1_R番号,艇6_節D2走1_進入,艇6_節D2走1_枠,艇6_節D2走1_ST,艇6_節D2走1_着順,艇6_節D2走2_R番号,艇6_節D2走2_進入,艇6_節D2走2_枠,艇6_節D2走2_ST,艇6_節D2走2_着順,艇6_節D3走1_R番号,艇6_節D3走1_進入,艇6_節D3走1_枠,艇6_節D3走1_ST,艇6_節D3走1_着順,艇6_節D3走2_R番号,艇6_節D3走2_進入,艇6_節D3走2_枠,艇6_節D3走2_ST,艇6_節D3走2_着順,艇6_節D4走1_R番号,艇6_節D4走1_進入,艇6_節D4走1_枠,艇6_節D4走1_ST,艇6_節D4走1_着順,艇6_節D4走2_R番号,艇6_節D4走2_進入,艇6_節D4走2_枠,艇6_節D4走2_ST,艇6_節D4走2_着順,艇6_節D5走1_R番号,艇6_節D5走1_進入,艇6_節D5走1_枠,艇6_節D5走1_ST,艇6_節D5走1_着順,艇6_節D5走2_R番号,艇6_節D5走2_進入,艇6_節D5走2_枠,艇6_節D5走2_ST,艇6_節D5走2_着順,艇6_節D6走1_R番号,艇6_節D6走1_進入,艇6_節D6走1_枠,艇6_節D6走1_ST,艇6_節D6走1_着順,艇6_節D6走2_R番号,艇6_節D6走2_進入,艇6_節D6走2_枠,艇6_節D6走2_ST,艇6_節D6走2_着順,艇6_節D7走1_R番号,艇6_節D7走1_進入,艇6_節D7走1_枠,艇6_節D7走1_ST,艇6_節D7走1_着順,艇6_節D7走2_R番号,艇6_節D7走2_進入,艇6_節D7走2_枠,艇6_節D7走2_ST,艇6_節D7走2_着順
202608040101,2026-08-04,01,01R,4987,島倉 都,120期,群馬,新潟,29,B1,,0,0,0.18,3.49,13.9,22.5,4.25,28.1,35.9,0,64,32.7,52.4,0,69,33.5,47.6,,1,1,1,0.12,4,10,5,5,0.21,6,,,,,,7,4,4,0.13,5,1,3,3,0.16,1,6,2,2,0.18,4,,,,,,8,6,6,0.13,6,,,,,,,,,,,,,,,,,,,,,,,,,,,,,,,3778,安達 美帆,76期,埼玉,埼玉,50,B1,,0,0,0.22,2.87,11.4,16.3,4.7,30.0,40.0,0,70,34.3,47.5,0,13,26.2,40.6,,1,2,2,0.32,5,6,4,4,0.1,3,,,,,,11,6,6,0.31,6,3,5,5,0.13,5,9,4,3,0.28,6,1,1,1,0.31,3,,,,,,,,,,,,,,,,,,,,,,,,,,,,,,,,,,,,4990,田中 博子,120期,福岡,福岡,29,B2,,0,0,0.21,3.46,14.6,21.9,0.0,0.0,0.0,0,74,38.7,61.8,0,62,33.7,48.4,6,6,6,6,0.09,1,,,,,,5,3,3,0.19,5,10,5,5,0.12,6,,,,,,8,2,2,0.21,3,2,4,4,0.16,6,9,1,1,0.27,2,,,,,,,,,,,,,,,,,,,,,,,,,,,,,,,4275,菅野 はやか,94期,広島,広島,43,B1,,0,0,0.22,3.29,12.0,25.3,0.0,0.0,0.0,0,44,28.6,47.5,0,70,29.7,46.8,,6,5,5,0.12,4,,,,,,1,2,2,0.18,5,8,3,3,0.19,4,2,6,6,0.22,6,,,,,,2,1,1,0.22,4,8,4,4,0.14,2,,,,,,,,,,,,,,,,,,,,,,,,,,,,,,,3355,橋谷田 佳織,62期,東京,千葉,57,B2,,0,0,0.26,3.07,6.9,20.9,4.44,0.0,44.4,0,43,26.5,47.7,0,14,38.8,51.5,,6,2,2,0.26,5,,,,,,3,4,4,0.23,3,7,6,6,0.18,6,4,1,1,0.27,1,,,,,,1,3,3,0.42,6,9,5,5,0.35,4,,,,,,,,,,,,,,,,,,,,,,,,,,,,,,,5390,高橋 涼夏,135期,群馬,群馬,18,B2,,0,0,0.17,2.27,7.1,10.7,1.57,0.0,1.6,0,68,22.4,41.1,0,60,38.6,52.1,,5,6,6,0.2,4,,,,,,3,5,5,0.11,4,8,4,4,0.21,5,5,6,6,0.09,5,,,,,,3,4,4,0.08,2,10,5,5,0.22,6,,,,,,,,,,,,,,,,,,,,,,,,,,,,,,
202608040102,2026-08-04,01,02R,3175,渡辺 千草,55期,東京,神奈川,62,B1,,0,0,0.17,4.42,20.2,44.0,5.0,40.0,45.0,0,63,23.1,37.1,0,54,38.1,55.0,10,5,2,2,0.27,5,10,6,6,0.19,3,6,3,4,0.24,2,,,,,,2,1,1,0.22,2,11,5,5,0.23,4,4,3,3,0.15,3,,,,,,,,,,,,,,,,,,,,,,,,,,,,,,,,,,,,4071,古賀 千晶,86期,兵庫,佐賀,45,B1,,0,0,0.17,4.64,27.9,37.2,4.54,17.8,50.0,0,52,28.0,40.1,0,56,42.1,54.0,,2,1,1,0.18,1,9,5,5,0.23,4,,,,,,10,4,4,0.13,4,4,3,3,0.19,6,9,2,2,0.31,5,3,6,6,0.03,5,,,,,,,,,,,,,,,,,,,,,,,,,,,,,,,,,,,,3470,新田 芳美,66期,徳島,徳島,56,B1,,0,0,0.17,5.19,27.7,46.6,6.0,36.3,54.5,0,29,27.9,48.8,0,55,29.3,44.6,6,3,3,3,0.32,6,11,4,4,0.18,4,3,1,1,0.08,1,,,,,,3,2,2,0.13,4,11,6,6,0.21,5,1,5,5,0.33,4,,,,,,,,,,,,,,,,,,,,,,,,,,,,,,,,,,,,3474,松瀬 弘美,66期,静岡,静岡,56,B1,,0,0,0.19,4.3,23.9,37.6,2.89,0.0,22.2,0,17,32.9,51.4,0,71,36.8,50.3,9,2,2,2,0.16,3,10,4,4,0.15,5,2,3,3,0.23,3,,,,,,3,1,1,0.2,1,12,5,5,0.16,2,6,5,6,0.19,2,,,,,,,,,,,,,,,,,,,,,,,,,,,,,,,,,,,,4240,今井 裕梨,92期,群馬,群馬,42,A2,,0,0,0.15,5.39,35.2,55.6,6.08,44.0,58.0,0,33,40.5,55.7,0,28,31.1,48.7,10,6,1,1,0.17,2,12,3,3,0.17,6,,,,,,9,6,6,0.09,5,2,2,2,0.16,1,8,1,1,0.15,1,6,4,5,0.17,1,12,4,4,0.2,3,,,,,,,,,,,,,,,,,,,,,,,,,,,,,,,5180,藤本 紗弥香,128期,山口,山口,28,B2,,0,0,0.21,3.85,20.3,35.1,0.0,0.0,0.0,0,25,25.8,37.5,0,48,38.0,53.5,12,5,5,5,0.21,6,9,4,4,0.22,5,5,1,1,0.19,1,,,,,,,,,,,10,3,3,0.13,4,1,6,6,0.31,1,7,2,2,0.22,5,,,,,,,,,,,,,,,,,,,,,,,,,,,,,,
202608040103,2026-08-04,01,03R,3604,武藤 綾子,71期,福岡,福岡,55,B1,,0,0,0.19,4.38,17.5,40.6,0.0,0.0,0.0,0,69,38.0,57.0,0,41,33.7,50.9,9,5,3,3,0.24,2,,,,,,2,6,6,0.18,4,8,2,2,0.2,2,,,,,,9,1,1,0.27,3,2,5,5,0.14,3,7,4,4,0.2,4,,,,,,,,,,,,,,,,,,,,,,,,,,,,,,,4965,福岡 泉水,119期,兵庫,兵庫,28,B1,,0,0,0.19,4.53,21.8,41.6,7.56,77.7,77.7,0,35,45.2,60.2,0,37,35.4,52.9,10,,,,,,10,1,1,0.15,2,1,6,6,0.02,2,5,2,2,0.14,2,5,5,5,0.15,6,12,3,3,0.2,3,4,4,4,0.12,4,12,3,3,0.22,5,,,,,,,,,,,,,,,,,,,,,,,,,,,,,,,5340,樋江井 舞,134期,愛知,愛知,25,B1,,0,0,0.16,4.15,20.7,38.6,3.38,0.0,25.0,0,12,40.3,61.9,0,43,27.9,42.8,11,1,5,5,0.06,3,11,3,3,0.12,3,,,,,,8,6,6,0.26,3,4,2,2,0.17,2,12,4,4,0.15,4,5,1,1,0.08,2,,,,,,,,,,,,,,,,,,,,,,,,,,,,,,,,,,,,4733,赤井 睦,111期,徳島,岡山,37,B1,,0,0,0.15,5.08,31.6,48.1,5.17,33.3,50.0,0,37,32.9,49.6,0,53,28.7,44.3,10,4,4,4,0.15,1,9,2,2,0.15,1,2,5,5,0.16,5,11,1,1,0.21,1,,,,,,11,3,3,0.19,3,2,6,6,0.13,5,11,4,4,0.13,1,,,,,,,,,,,,,,,,,,,,,,,,,,,,,,,3518,倉田 郁美,68期,静岡,愛知,58,B1,,0,0,0.19,4.49,25.2,42.5,2.67,0.0,5.5,0,42,26.7,38.7,0,11,30.1,52.8,8,3,1,1,0.3,2,7,5,5,0.11,3,,,,,,10,6,6,0.16,5,1,4,4,0.26,4,11,2,2,0.24,6,,,,,,8,3,3,0.12,3,,,,,,,,,,,,,,,,,,,,,,,,,,,,,,,5129,山口 真喜子,126期,長崎,長崎,29,A2,,0,0,0.17,5.89,37.7,55.2,0.0,0.0,0.0,0,51,29.4,40.4,0,66,33.5,47.1,,,,,,,12,4,4,0.07,1,4,2,2,0.11,5,8,1,1,0.12,1,3,6,6,0.11,2,7,3,3,0.22,5,3,5,5,0.07,1,11,1,1,0.14,2,,,,,,,,,,,,,,,,,,,,,,,,,,,,,,
202608040104,2026-08-04,01,04R,5069,山崎 小葉音,123期,群馬,徳島,25,B1,,0,0,0.17,4.67,25.5,46.8,6.0,46.6,56.6,0,56,41.7,54.3,0,42,31.8,48.1,11,,,,,,9,3,3,0.16,2,4,4,4,0.1,1,12,5,5,0.27,5,5,1,2,0.24,2,11,1,1,0.21,1,4,6,6,0.16,5,11,3,3,0.12,5,,,,,,,,,,,,,,,,,,,,,,,,,,,,,,,4045,佐々木 裕美,85期,山口,山口,46,B1,,0,0,0.17,4.72,29.4,43.1,6.15,40.0,65.0,0,47,28.4,43.2,0,59,37.9,56.3,9,,,,,,10,2,2,0.18,1,4,5,5,0.05,2,10,1,1,0.22,3,4,4,4,0.14,4,8,6,6,0.13,6,5,3,3,0.12,1,12,5,5,0.2,6,,,,,,,,,,,,,,,,,,,,,,,,,,,,,,,3334,角 ひとみ,61期,広島,広島,57,A2,,0,0,0.2,5.2,33.3,51.0,6.19,33.3,71.4,0,14,45.2,64.2,0,21,30.3,51.9,10,5,4,4,0.22,3,12,6,6,0.12,4,,,,,,11,3,3,0.22,3,6,1,1,0.21,1,10,5,5,0.15,1,2,2,2,0.21,1,12,6,6,0.24,4,,,,,,,,,,,,,,,,,,,,,,,,,,,,,,,3302,谷川 里江,60期,愛知,愛知,59,B1,,0,0,0.18,4.85,32.3,46.1,0.0,0.0,0.0,0,28,38.5,56.0,0,18,29.0,42.5,11,3,5,5,0.23,3,,,,,,2,1,1,0.2,2,9,4,4,0.12,1,7,2,2,0.24,2,12,6,6,0.24,6,,,,,,7,3,3,0.15,1,,,,,,,,,,,,,,,,,,,,,,,,,,,,,,,3845,中谷 朋子,78期,兵庫,兵庫,49,A2,,0,0,0.21,5.65,37.3,57.8,4.08,23.0,30.7,0,30,46.4,60.6,0,26,28.4,44.9,9,,,,,,7,1,1,0.13,1,3,2,2,0.19,2,12,4,4,0.31,4,,,,,,9,3,6,0.27,4,4,5,5,0.13,2,10,2,2,0.25,2,,,,,,,,,,,,,,,,,,,,,,,,,,,,,,,5291,三嶌 こころ,132期,香川,香川,25,B1,,0,0,0.23,4.17,20.9,37.2,0.0,0.0,0.0,0,72,31.6,50.0,0,67,29.5,47.8,,,,,,,7,6,6,0.14,5,1,5,5,0.07,3,9,3,3,0.19,4,5,2,1,0.25,3,,,,,,3,2,2,0.25,4,9,4,4,0.29,3,,,,,,,,,,,,,,,,,,,,,,,,,,,,,,
202608040105,2026-08-04,01,05R,5182,宮崎 安奈,128期,埼玉,埼玉,28,B1,,0,0,0.14,4.45,24.4,38.3,3.33,22.2,27.7,0,13,29.1,48.6,0,34,35.9,49.3,11,2,3,3,0.17,2,11,1,1,0.17,1,5,4,4,0.21,6,12,6,6,0.28,6,2,5,5,0.21,3,,,,,,5,2,2,0.15,4,11,5,5,0.18,4,,,,,,,,,,,,,,,,,,,,,,,,,,,,,,,5204,宇恵 有香,129期,三重,三重,29,B2,,0,0,0.18,4.05,14.2,37.6,0.0,0.0,0.0,0,32,43.7,54.4,0,19,36.7,49.3,9,4,5,5,0.11,3,,,,,,3,6,6,0.13,6,10,2,2,0.2,1,6,3,3,0.19,6,,,,,,6,6,4,0.18,3,10,1,1,0.21,1,,,,,,,,,,,,,,,,,,,,,,,,,,,,,,,4784,向井田 真紀,113期,広島,広島,38,B1,,1,0,0.21,3.58,16.0,30.0,0.0,0.0,0.0,0,41,31.8,46.1,0,25,30.5,42.2,,2,5,5,0.29,4,7,2,2,0.33,6,6,6,6,0.16,5,,,,,,2,3,3,0.2,4,6,4,4,0.27,2,,,,,,7,1,1,0.16,6,,,,,,,,,,,,,,,,,,,,,,,,,,,,,,,4947,間庭 菜摘,119期,福岡,福岡,33,B1,,0,0,0.17,4.26,21.0,34.2,5.9,30.0,80.0,0,22,26.3,35.9,0,39,32.3,46.5,12,3,6,6,0.27,4,,,,,,7,2,2,0.26,2,11,4,4,0.28,4,1,5,5,0.22,3,8,3,3,0.2,4,3,1,1,0.13,3,,,,,,,,,,,,,,,,,,,,,,,,,,,,,,,,,,,,5003,来田 衣織,121期,兵庫,兵庫,30,B1,,0,0,0.16,5.15,38.6,48.7,0.0,0.0,0.0,0,59,42.3,62.0,0,58,29.3,44.5,,4,2,2,0.23,5,8,6,6,0.13,1,5,5,5,0.27,3,,,,,,3,4,4,0.15,転,10,1,1,0.21,3,3,3,3,0.24,6,,,,,,,,,,,,,,,,,,,,,,,,,,,,,,,,,,,,5163,清水 愛海,127期,山口,山口,26,A1,,1,0,0.16,6.29,45.0,63.0,7.71,67.8,78.5,0,38,40.3,59.6,0,68,29.1,44.3,9,7,3,3,0.15,2,12,1,1,0.18,2,5,6,6,0.24,4,11,2,2,0.24,2,,,,,,12,1,1,0.2,1,7,5,5,0.15,2,11,2,2,0.17,3,,,,,,,,,,,,,,,,,,,,,,,,,,,,,,
202608040106,2026-08-04,01,06R,4927,関野 文,118期,大阪,大阪,32,A2,,0,0,0.16,5.8,38.9,59.3,6.18,45.4,63.6,0,50,32.3,50.0,0,36,34.3,53.1,10,,,,,,12,5,5,0.11,5,2,4,4,0.16,1,7,1,1,0.17,3,5,3,3,0.19,1,10,2,2,0.19,5,7,6,6,0.13,3,12,2,2,0.25,2,,,,,,,,,,,,,,,,,,,,,,,,,,,,,,,3470,新田 芳美,66期,徳島,徳島,56,B1,,0,0,0.17,5.19,27.7,46.6,6.0,36.3,54.5,0,29,27.9,48.8,0,55,29.3,44.6,2,3,3,3,0.32,6,11,4,4,0.18,4,3,1,1,0.08,1,,,,,,3,2,2,0.13,4,11,6,6,0.21,5,1,5,5,0.33,4,,,,,,,,,,,,,,,,,,,,,,,,,,,,,,,,,,,,4300,加藤 綾,95期,三重,三重,43,B1,,0,0,0.18,5.11,30.4,51.4,4.0,12.5,50.0,0,26,32.5,50.3,0,75,30.6,50.6,12,5,1,1,0.22,1,11,5,5,0.16,5,4,3,3,0.14,3,9,2,2,0.19,6,1,6,6,0.2,5,,,,,,,,,,,10,4,4,0.2,3,,,,,,,,,,,,,,,,,,,,,,,,,,,,,,,4408,仁科 さやか,99期,長崎,長崎,40,B1,,0,0,0.19,3.41,18.0,24.1,0.0,0.0,0.0,0,36,30.0,45.0,0,40,33.7,50.3,,,,,,,8,4,4,0.25,5,1,3,3,0.1,4,7,5,5,0.17,4,6,6,6,0.27,5,,,,,,1,2,2,0.35,5,6,1,1,0.33,6,,,,,,,,,,,,,,,,,,,,,,,,,,,,,,,4990,田中 博子,120期,福岡,福岡,29,B2,,0,0,0.21,3.46,14.6,21.9,0.0,0.0,0.0,0,74,38.7,61.8,0,62,33.7,48.4,1,6,6,6,0.09,1,,,,,,5,3,3,0.19,5,10,5,5,0.12,6,,,,,,8,2,2,0.21,3,2,4,4,0.16,6,9,1,1,0.27,2,,,,,,,,,,,,,,,,,,,,,,,,,,,,,,,5108,柴田 愛梨,125期,群馬,群馬,27,B2,,0,0,0.25,2.96,7.4,16.6,1.96,3.8,11.5,0,27,51.4,67.1,0,46,30.5,50.0,,2,4,4,0.24,6,6,3,3,0.2,6,1,1,1,0.19,1,,,,,,6,5,5,0.24,3,,,,,,4,2,2,0.24,6,9,6,6,0.33,6,,,,,,,,,,,,,,,,,,,,,,,,,,,,,,
202608040107,2026-08-04,01,07R,4014,片岡 恵里,84期,山口,岡山,46,A2,,1,0,0.17,5.54,38.9,53.3,7.3,50.0,80.0,0,53,34.2,51.3,0,35,36.1,54.8,11,3,4,4,0.27,1,8,1,1,0.22,4,,,,,,12,3,3,0.27,3,8,5,5,0.24,2,12,2,2,0.27,5,6,3,3,0.28,4,11,6,6,0.19,6,,,,,,,,,,,,,,,,,,,,,,,,,,,,,,,3528,笠野 友紀恵,68期,愛知,愛知,55,B1,,0,0,0.2,3.65,9.3,25.5,2.86,0.0,14.2,0,67,32.3,56.3,0,63,21.0,36.7,,2,6,6,0.22,5,8,3,3,0.21,2,4,1,1,0.16,6,,,,,,5,4,4,0.15,4,9,6,5,0.14,2,6,2,2,0.34,5,,,,,,,,,,,,,,,,,,,,,,,,,,,,,,,,,,,,4885,大山 千広,116期,福岡,福岡,30,A2,,0,0,0.15,6.98,56.2,71.2,0.0,0.0,0.0,0,71,28.9,42.0,0,12,27.5,43.1,11,,,,,,11,2,2,0.15,2,7,3,3,0.08,1,12,1,1,0.17,1,4,6,6,0.11,3,11,4,4,0.16,2,8,2,2,0.15,1,12,1,1,0.21,1,,,,,,,,,,,,,,,,,,,,,,,,,,,,,,,3509,池 千夏,67期,香川,愛媛,54,B1,,0,0,0.15,3.39,10.0,26.2,3.81,18.7,31.2,0,49,36.6,50.3,0,65,21.1,36.5,12,1,3,3,0.08,1,8,2,2,0.23,6,,,,,,9,5,5,0.09,2,2,4,4,0.17,5,10,6,6,0.18,6,,,,,,8,1,1,0.17,4,,,,,,,,,,,,,,,,,,,,,,,,,,,,,,,5117,冨名腰 桃奈,125期,福岡,沖縄,26,B1,,0,0,0.19,4.82,27.7,47.2,5.25,37.5,50.0,0,62,41.7,60.1,0,22,31.2,54.1,12,1,4,4,0.13,2,9,1,1,0.29,6,3,3,3,0.2,5,,,,,,1,2,2,0.17,2,7,5,5,0.13,1,,,,,,10,6,6,0.16,5,,,,,,,,,,,,,,,,,,,,,,,,,,,,,,,5416,龍田 真白,136期,三重,三重,20,B1,,0,0,0.15,2.97,10.3,18.1,2.89,22.2,22.2,0,57,32.4,50.0,0,50,35.9,50.6,,1,6,6,0.08,6,,,,,,1,4,4,0.06,6,6,5,5,0.14,6,,,,,,7,6,6,0.15,4,1,4,4,0.32,2,5,5,5,0.09,3,,,,,,,,,,,,,,,,,,,,,,,,,,,,,,
202608040108,2026-08-04,01,08R,4773,中川 りな,112期,福岡,福岡,33,A2,,0,0,0.17,6.21,46.4,67.1,0.0,0.0,0.0,0,40,33.5,51.1,0,33,32.2,53.5,,4,6,6,0.21,4,10,3,3,0.14,4,8,5,5,0.24,6,12,2,2,0.3,2,,,,,,7,1,1,0.21,6,5,4,4,0.13,5,10,3,3,0.22,4,,,,,,,,,,,,,,,,,,,,,,,,,,,,,,,3518,倉田 郁美,68期,静岡,愛知,58,B1,,0,0,0.19,4.49,25.2,42.5,2.67,0.0,5.5,0,42,26.7,38.7,0,11,30.1,52.8,3,3,1,1,0.3,2,7,5,5,0.11,3,,,,,,10,6,6,0.16,5,1,4,4,0.26,4,11,2,2,0.24,6,,,,,,8,3,3,0.12,3,,,,,,,,,,,,,,,,,,,,,,,,,,,,,,,4589,塩崎 桐加,105期,三重,三重,34,B1,,0,0,0.17,5.26,28.8,50.9,5.95,40.0,55.0,0,75,29.6,43.4,0,49,26.9,44.8,12,3,2,2,0.33,5,9,6,6,0.21,3,,,,,,9,1,1,0.18,3,4,5,5,0.15,5,10,4,4,0.1,2,2,3,3,0.18,2,,,,,,,,,,,,,,,,,,,,,,,,,,,,,,,,,,,,4901,出口 舞有子,117期,愛知,愛知,33,B1,,0,0,0.17,5.46,30.2,56.5,4.5,25.0,37.5,0,24,36.2,62.6,0,47,32.0,46.5,,4,1,1,0.22,2,,,,,,4,6,6,0.02,4,11,5,5,0.22,5,3,3,3,0.12,3,8,4,4,0.23,5,,,,,,9,2,2,0.18,1,,,,,,,,,,,,,,,,,,,,,,,,,,,,,,,4936,戸敷 晃美,118期,福岡,宮崎,29,A2,,2,0,0.16,6.23,44.3,64.7,0.0,0.0,0.0,0,11,32.5,55.0,0,30,32.7,50.0,,8,5,5,0.23,3,12,2,2,0.23,3,6,1,1,0.26,1,10,3,3,0.22,2,,,,,,9,5,4,0.2,1,5,6,6,0.13,6,9,3,3,0.28,5,,,,,,,,,,,,,,,,,,,,,,,,,,,,,,,5123,福山 恵里奈,126期,山口,山口,30,B1,,1,0,0.17,4.21,22.8,39.4,4.33,22.2,44.4,0,20,42.2,62.9,0,64,28.7,41.2,,4,3,3,0.33,6,11,6,6,0.14,6,6,2,2,0.25,3,,,,,,,,,,,7,4,4,0.14,3,4,1,1,0.14,1,8,5,5,0.13,5,,,,,,,,,,,,,,,,,,,,,,,,,,,,,,
202608040109,2026-08-04,01,09R,5163,清水 愛海,127期,山口,山口,26,A1,,1,0,0.16,6.29,45.0,63.0,7.71,67.8,78.5,0,38,40.3,59.6,0,68,29.1,44.3,5,7,3,3,0.15,2,12,1,1,0.18,2,5,6,6,0.24,4,11,2,2,0.24,2,,,,,,12,1,1,0.2,1,7,5,5,0.15,2,11,2,2,0.17,3,,,,,,,,,,,,,,,,,,,,,,,,,,,,,,,3845,中谷 朋子,78期,兵庫,兵庫,49,A2,,0,0,0.21,5.65,37.3,57.8,4.08,23.0,30.7,0,30,46.4,60.6,0,26,28.4,44.9,4,,,,,,7,1,1,0.13,1,3,2,2,0.19,2,12,4,4,0.31,4,,,,,,9,3,6,0.27,4,4,5,5,0.13,2,10,2,2,0.25,2,,,,,,,,,,,,,,,,,,,,,,,,,,,,,,,3474,松瀬 弘美,66期,静岡,静岡,56,B1,,0,0,0.19,4.3,23.9,37.6,2.89,0.0,22.2,0,17,32.9,51.4,0,71,36.8,50.3,2,2,2,2,0.16,3,10,4,4,0.15,5,2,3,3,0.23,3,,,,,,3,1,1,0.2,1,12,5,5,0.16,2,6,5,6,0.19,2,,,,,,,,,,,,,,,,,,,,,,,,,,,,,,,,,,,,4045,佐々木 裕美,85期,山口,山口,46,B1,,0,0,0.17,4.72,29.4,43.1,6.15,40.0,65.0,0,47,28.4,43.2,0,59,37.9,56.3,4,,,,,,10,2,2,0.18,1,4,5,5,0.05,2,10,1,1,0.22,3,4,4,4,0.14,4,8,6,6,0.13,6,5,3,3,0.12,1,12,5,5,0.2,6,,,,,,,,,,,,,,,,,,,,,,,,,,,,,,,5204,宇恵 有香,129期,三重,三重,29,B2,,0,0,0.18,4.05,14.2,37.6,0.0,0.0,0.0,0,32,43.7,54.4,0,19,36.7,49.3,5,4,5,5,0.11,3,,,,,,3,6,6,0.13,6,10,2,2,0.2,1,6,3,3,0.19,6,,,,,,6,6,4,0.18,3,10,1,1,0.21,1,,,,,,,,,,,,,,,,,,,,,,,,,,,,,,,3604,武藤 綾子,71期,福岡,福岡,55,B1,,0,0,0.19,4.38,17.5,40.6,0.0,0.0,0.0,0,69,38.0,57.0,0,41,33.7,50.9,3,5,3,3,0.24,2,,,,,,2,6,6,0.18,4,8,2,2,0.2,2,,,,,,9,1,1,0.27,3,2,5,5,0.14,3,7,4,4,0.2,4,,,,,,,,,,,,,,,,,,,,,,,,,,,,,,
202608040110,2026-08-04,01,10R,3334,角 ひとみ,61期,広島,広島,57,A2,,0,0,0.2,5.2,33.3,51.0,6.19,33.3,71.4,0,14,45.2,64.2,0,21,30.3,51.9,4,5,4,4,0.22,3,12,6,6,0.12,4,,,,,,11,3,3,0.22,3,6,1,1,0.21,1,10,5,5,0.15,1,2,2,2,0.21,1,12,6,6,0.24,4,,,,,,,,,,,,,,,,,,,,,,,,,,,,,,,4240,今井 裕梨,92期,群馬,群馬,42,A2,,0,0,0.15,5.39,35.2,55.6,6.08,44.0,58.0,0,33,40.5,55.7,0,28,31.1,48.7,2,6,1,1,0.17,2,12,3,3,0.17,6,,,,,,9,6,6,0.09,5,2,2,2,0.16,1,8,1,1,0.15,1,6,4,5,0.17,1,12,4,4,0.2,3,,,,,,,,,,,,,,,,,,,,,,,,,,,,,,,4733,赤井 睦,111期,徳島,岡山,37,B1,,0,0,0.15,5.08,31.6,48.1,5.17,33.3,50.0,0,37,32.9,49.6,0,53,28.7,44.3,3,4,4,4,0.15,1,9,2,2,0.15,1,2,5,5,0.16,5,11,1,1,0.21,1,,,,,,11,3,3,0.19,3,2,6,6,0.13,5,11,4,4,0.13,1,,,,,,,,,,,,,,,,,,,,,,,,,,,,,,,4927,関野 文,118期,大阪,大阪,32,A2,,0,0,0.16,5.8,38.9,59.3,6.18,45.4,63.6,0,50,32.3,50.0,0,36,34.3,53.1,6,,,,,,12,5,5,0.11,5,2,4,4,0.16,1,7,1,1,0.17,3,5,3,3,0.19,1,10,2,2,0.19,5,7,6,6,0.13,3,12,2,2,0.25,2,,,,,,,,,,,,,,,,,,,,,,,,,,,,,,,4965,福岡 泉水,119期,兵庫,兵庫,28,B1,,0,0,0.19,4.53,21.8,41.6,7.56,77.7,77.7,0,35,45.2,60.2,0,37,35.4,52.9,3,,,,,,10,1,1,0.15,2,1,6,6,0.02,2,5,2,2,0.14,2,5,5,5,0.15,6,12,3,3,0.2,3,4,4,4,0.12,4,12,3,3,0.22,5,,,,,,,,,,,,,,,,,,,,,,,,,,,,,,,3175,渡辺 千草,55期,東京,神奈川,62,B1,,0,0,0.17,4.42,20.2,44.0,5.0,40.0,45.0,0,63,23.1,37.1,0,54,38.1,55.0,2,5,2,2,0.27,5,10,6,6,0.19,3,6,3,4,0.24,2,,,,,,2,1,1,0.22,2,11,5,5,0.23,4,4,3,3,0.15,3,,,,,,,,,,,,,,,,,,,,,,,,,,,,,,,,,,,
202608040111,2026-08-04,01,11R,4885,大山 千広,116期,福岡,福岡,30,A2,,0,0,0.15,6.98,56.2,71.2,0.0,0.0,0.0,0,71,28.9,42.0,0,12,27.5,43.1,7,,,,,,11,2,2,0.15,2,7,3,3,0.08,1,12,1,1,0.17,1,4,6,6,0.11,3,11,4,4,0.16,2,8,2,2,0.15,1,12,1,1,0.21,1,,,,,,,,,,,,,,,,,,,,,,,,,,,,,,,5069,山崎 小葉音,123期,群馬,徳島,25,B1,,0,0,0.17,4.67,25.5,46.8,6.0,46.6,56.6,0,56,41.7,54.3,0,42,31.8,48.1,4,,,,,,9,3,3,0.16,2,4,4,4,0.1,1,12,5,5,0.27,5,5,1,2,0.24,2,11,1,1,0.21,1,4,6,6,0.16,5,11,3,3,0.12,5,,,,,,,,,,,,,,,,,,,,,,,,,,,,,,,3302,谷川 里江,60期,愛知,愛知,59,B1,,0,0,0.18,4.85,32.3,46.1,0.0,0.0,0.0,0,28,38.5,56.0,0,18,29.0,42.5,4,3,5,5,0.23,3,,,,,,2,1,1,0.2,2,9,4,4,0.12,1,7,2,2,0.24,2,12,6,6,0.24,6,,,,,,7,3,3,0.15,1,,,,,,,,,,,,,,,,,,,,,,,,,,,,,,,5340,樋江井 舞,134期,愛知,愛知,25,B1,,0,0,0.16,4.15,20.7,38.6,3.38,0.0,25.0,0,12,40.3,61.9,0,43,27.9,42.8,3,1,5,5,0.06,3,11,3,3,0.12,3,,,,,,8,6,6,0.26,3,4,2,2,0.17,2,12,4,4,0.15,4,5,1,1,0.08,2,,,,,,,,,,,,,,,,,,,,,,,,,,,,,,,,,,,,4014,片岡 恵里,84期,山口,岡山,46,A2,,1,0,0.17,5.54,38.9,53.3,7.3,50.0,80.0,0,53,34.2,51.3,0,35,36.1,54.8,7,3,4,4,0.27,1,8,1,1,0.22,4,,,,,,12,3,3,0.27,3,8,5,5,0.24,2,12,2,2,0.27,5,6,3,3,0.28,4,11,6,6,0.19,6,,,,,,,,,,,,,,,,,,,,,,,,,,,,,,,5182,宮崎 安奈,128期,埼玉,埼玉,28,B1,,0,0,0.14,4.45,24.4,38.3,3.33,22.2,27.7,0,13,29.1,48.6,0,34,35.9,49.3,5,2,3,3,0.17,2,11,1,1,0.17,1,5,4,4,0.21,6,12,6,6,0.28,6,2,5,5,0.21,3,,,,,,5,2,2,0.15,4,11,5,5,0.18,4,,,,,,,,,,,,,,,,,,,,,,,,,,,,,,
202608040112,2026-08-04,01,12R,4300,加藤 綾,95期,三重,三重,43,B1,,0,0,0.18,5.11,30.4,51.4,4.0,12.5,50.0,0,26,32.5,50.3,0,75,30.6,50.6,6,5,1,1,0.22,1,11,5,5,0.16,5,4,3,3,0.14,3,9,2,2,0.19,6,1,6,6,0.2,5,,,,,,,,,,,10,4,4,0.2,3,,,,,,,,,,,,,,,,,,,,,,,,,,,,,,,3509,池 千夏,67期,香川,愛媛,54,B1,,0,0,0.15,3.39,10.0,26.2,3.81,18.7,31.2,0,49,36.6,50.3,0,65,21.1,36.5,7,1,3,3,0.08,1,8,2,2,0.23,6,,,,,,9,5,5,0.09,2,2,4,4,0.17,5,10,6,6,0.18,6,,,,,,8,1,1,0.17,4,,,,,,,,,,,,,,,,,,,,,,,,,,,,,,,5117,冨名腰 桃奈,125期,福岡,沖縄,26,B1,,0,0,0.19,4.82,27.7,47.2,5.25,37.5,50.0,0,62,41.7,60.1,0,22,31.2,54.1,7,1,4,4,0.13,2,9,1,1,0.29,6,3,3,3,0.2,5,,,,,,1,2,2,0.17,2,7,5,5,0.13,1,,,,,,10,6,6,0.16,5,,,,,,,,,,,,,,,,,,,,,,,,,,,,,,,5180,藤本 紗弥香,128期,山口,山口,28,B2,,0,0,0.21,3.85,20.3,35.1,0.0,0.0,0.0,0,25,25.8,37.5,0,48,38.0,53.5,2,5,5,5,0.21,6,9,4,4,0.22,5,5,1,1,0.19,1,,,,,,,,,,,10,3,3,0.13,4,1,6,6,0.31,1,7,2,2,0.22,5,,,,,,,,,,,,,,,,,,,,,,,,,,,,,,,4947,間庭 菜摘,119期,福岡,福岡,33,B1,,0,0,0.17,4.26,21.0,34.2,5.9,30.0,80.0,0,22,26.3,35.9,0,39,32.3,46.5,5,3,6,6,0.27,4,,,,,,7,2,2,0.26,2,11,4,4,0.28,4,1,5,5,0.22,3,8,3,3,0.2,4,3,1,1,0.13,3,,,,,,,,,,,,,,,,,,,,,,,,,,,,,,,,,,,,4589,塩崎 桐加,105期,三重,三重,34,B1,,0,0,0.17,5.26,28.8,50.9,5.95,40.0,55.0,0,75,29.6,43.4,0,49,26.9,44.8,8,3,2,2,0.33,5,9,6,6,0.21,3,,,,,,9,1,1,0.18,3,4,5,5,0.15,5,10,4,4,0.1,2,2,3,3,0.18,2,,,,,,,,,,,,,,,,,,,,,,,,,,,,,,,,,,,
202608040401,2026-08-04,04,01R,4863,三浦 裕貴,116期,東京,北海道,37,B1,,1,0,0.16,4.7,22.9,44.2,4.44,23.2,39.5,0,64,40.9,59.0,0,55,45.7,71.4,9,1,5,5,0.25,6,,,,,,,,,,,,,,,,,,,,,,,,,,,,,,,,,,,,,,,,,,,,,,,,,,,,,,,,,,,,,,,,,,3434,松尾 宣邦,65期,福岡,福岡,57,B1,,0,0,0.18,4.25,21.9,37.3,4.79,28.5,28.5,0,52,33.3,40.0,0,26,26.9,42.3,6,,,,,,10,6,6,0.16,3,,,,,,,,,,,,,,,,,,,,,,,,,,,,,,,,,,,,,,,,,,,,,,,,,,,,,,,,,,,,,4216,星 栄爾,91期,静岡,福島,41,B1,,0,0,0.15,4.67,23.8,50.0,5.83,41.6,63.8,0,60,56.2,68.7,0,36,28.5,47.6,10,3,6,6,0.16,4,,,,,,,,,,,,,,,,,,,,,,,,,,,,,,,,,,,,,,,,,,,,,,,,,,,,,,,,,,,,,,,,,,4911,片岡 大地,117期,東京,千葉,30,A2,,1,0,0.14,4.92,25.3,54.4,4.39,23.7,37.2,0,47,38.7,54.8,0,37,33.3,42.4,11,,,,,,8,1,1,0.12,5,,,,,,,,,,,,,,,,,,,,,,,,,,,,,,,,,,,,,,,,,,,,,,,,,,,,,,,,,,,,,4177,萬 正嗣,90期,群馬,宮城,43,B1,,0,0,0.17,4.37,26.5,37.9,5.24,30.3,51.5,0,67,25.0,46.8,0,25,65.3,69.2,8,2,4,4,0.1,6,,,,,,,,,,,,,,,,,,,,,,,,,,,,,,,,,,,,,,,,,,,,,,,,,,,,,,,,,,,,,,,,,,4549,小林 文彦,104期,福岡,福岡,37,A2,,0,0,0.19,6.45,48.1,67.4,5.58,41.6,50.0,0,30,48.7,68.2,0,49,15.6,31.2,7,,,,,,9,1,1,0.14,2,,,,,,,,,,,,,,,,,,,,,,,,,,,,,,,,,,,,,,,,,,,,,,,,,,,,,,,,,,,,
202608040402,2026-08-04,04,02R,5051,松本 純平,123期,埼玉,兵庫,31,A1,,0,0,0.16,6.75,48.0,69.6,6.59,54.5,61.3,0,54,25.0,37.5,0,65,32.2,51.6,9,3,4,4,0.14,2,12,5,5,0.04,6,,,,,,,,,,,,,,,,,,,,,,,,,,,,,,,,,,,,,,,,,,,,,,,,,,,,,,,,,,,,,4114,深澤 達徳,88期,東京,山梨,45,B1,,0,0,0.19,4.8,25.3,45.7,5.65,35.1,59.2,0,14,39.3,57.5,0,23,44.4,59.2,7,4,3,3,0.12,5,,,,,,,,,,,,,,,,,,,,,,,,,,,,,,,,,,,,,,,,,,,,,,,,,,,,,,,,,,,,,,,,,,4639,雑賀 勇貴,107期,大阪,大阪,35,B1,,0,0,0.16,4.37,23.8,39.2,5.35,35.0,55.0,0,19,41.6,58.3,0,61,35.2,55.8,11,5,1,1,0.14,1,,,,,,,,,,,,,,,,,,,,,,,,,,,,,,,,,,,,,,,,,,,,,,,,,,,,,,,,,,,,,,,,,,3907,村越 篤,80期,香川,愛媛,48,B1,,0,0,0.16,5.25,34.3,52.5,0.0,0.0,0.0,0,16,29.6,40.7,0,24,42.3,57.6,12,,,,,,9,6,6,0.12,6,,,,,,,,,,,,,,,,,,,,,,,,,,,,,,,,,,,,,,,,,,,,,,,,,,,,,,,,,,,,,3268,森 竜也,59期,三重,三重,61,B1,,0,0,0.17,4.46,28.1,36.4,4.6,20.0,30.0,0,41,44.0,52.0,0,32,35.4,48.3,8,,,,,,8,2,6,0.15,6,,,,,,,,,,,,,,,,,,,,,,,,,,,,,,,,,,,,,,,,,,,,,,,,,,,,,,,,,,,,,4898,菊地 敬介,117期,埼玉,埼玉,34,B1,,0,0,0.16,4.8,29.5,45.9,5.18,35.7,46.4,0,11,41.0,58.9,0,58,18.1,33.3,10,,,,,,7,6,4,0.01,6,,,,,,,,,,,,,,,,,,,,,,,,,,,,,,,,,,,,,,,,,,,,,,,,,,,,,,,,,,,,
202608040403,2026-08-04,04,03R,4128,川口 貴久,89期,東京,東京,46,B1,,1,0,0.14,5.34,33.8,48.5,3.38,19.2,26.9,0,15,28.1,43.7,0,44,37.5,50.0,,2,5,5,0.14,3,9,4,4,0.08,5,,,,,,,,,,,,,,,,,,,,,,,,,,,,,,,,,,,,,,,,,,,,,,,,,,,,,,,,,,,,,5076,石原 光,124期,静岡,静岡,30,B1,,0,0,0.17,4.97,33.3,46.6,4.77,27.2,40.9,0,29,51.4,57.1,0,31,7.1,17.8,8,5,4,4,0.06,4,,,,,,,,,,,,,,,,,,,,,,,,,,,,,,,,,,,,,,,,,,,,,,,,,,,,,,,,,,,,,,,,,,4215,吉島 祥之,91期,愛知,愛知,41,A2,,0,0,0.16,5.3,32.9,50.5,5.56,33.3,55.5,0,23,45.4,75.7,0,21,16.0,44.0,12,,,,,,10,2,2,0.05,1,,,,,,,,,,,,,,,,,,,,,,,,,,,,,,,,,,,,,,,,,,,,,,,,,,,,,,,,,,,,,4329,小松 卓司,96期,福岡,福岡,43,B1,,0,0,0.18,4.84,24.7,48.3,5.03,28.5,51.4,0,51,30.0,43.3,0,68,39.3,57.5,11,4,1,1,0.12,2,,,,,,,,,,,,,,,,,,,,,,,,,,,,,,,,,,,,,,,,,,,,,,,,,,,,,,,,,,,,,,,,,,4067,永井 源,86期,愛知,福岡,46,A2,,0,0,0.17,6.41,47.9,68.2,6.76,47.6,71.4,0,12,64.2,80.9,0,38,52.9,58.8,10,6,4,4,0.13,5,,,,,,,,,,,,,,,,,,,,,,,,,,,,,,,,,,,,,,,,,,,,,,,,,,,,,,,,,,,,,,,,,,4532,秋元 哲,103期,埼玉,栃木,37,A1,,1,0,0.13,7.05,53.3,69.3,6.45,36.3,72.7,0,38,43.7,56.2,0,33,37.9,55.1,9,,,,,,8,5,4,0.14,4,,,,,,,,,,,,,,,,,,,,,,,,,,,,,,,,,,,,,,,,,,,,,,,,,,,,,,,,,,,,
202608040404,2026-08-04,04,04R,4821,妻鳥 晋也,114期,香川,愛媛,34,B1,,0,0,0.19,5.25,34.4,54.0,4.82,27.2,36.3,0,31,34.3,46.8,0,27,23.0,38.4,,4,4,4,0.13,4,11,2,2,0.22,6,,,,,,,,,,,,,,,,,,,,,,,,,,,,,,,,,,,,,,,,,,,,,,,,,,,,,,,,,,,,,4471,新田 泰章,101期,広島,広島,39,A1,,0,0,0.15,6.18,43.5,59.6,6.14,42.8,66.6,0,21,38.2,67.6,0,52,51.5,63.6,,1,6,6,0.26,3,10,3,3,0.06,4,,,,,,,,,,,,,,,,,,,,,,,,,,,,,,,,,,,,,,,,,,,,,,,,,,,,,,,,,,,,,4669,井上 茂,109期,福岡,福岡,41,B1,,0,0,0.16,4.73,23.9,45.6,5.29,28.5,42.8,0,71,25.0,40.6,0,35,50.0,59.3,9,6,6,6,0.17,4,,,,,,,,,,,,,,,,,,,,,,,,,,,,,,,,,,,,,,,,,,,,,,,,,,,,,,,,,,,,,,,,,,4939,宮之原 輝紀,118期,東京,東京,28,A1,,0,0,0.14,7.36,56.6,66.6,7.05,56.5,72.3,0,43,40.0,57.1,0,40,13.3,33.3,11,6,2,2,0.13,1,12,6,6,0.01,5,,,,,,,,,,,,,,,,,,,,,,,,,,,,,,,,,,,,,,,,,,,,,,,,,,,,,,,,,,,,,4930,佐藤 悠,118期,福井,石川,30,A2,,0,0,0.16,6.05,40.2,61.9,4.44,22.2,55.5,0,18,40.6,62.5,0,67,31.2,46.8,12,,,,,,7,5,6,0.06,5,,,,,,,,,,,,,,,,,,,,,,,,,,,,,,,,,,,,,,,,,,,,,,,,,,,,,,,,,,,,,4684,楠原 翔太,109期,福岡,福岡,35,B1,,0,0,0.17,5.16,28.7,50.0,4.33,19.0,28.5,0,65,28.5,48.5,0,22,25.9,48.1,,2,2,2,0.09,4,8,6,5,0.09,2,,,,,,,,,,,,,,,,,,,,,,,,,,,,,,,,,,,,,,,,,,,,,,,,,,,,,,,,,,,,
202608040405,2026-08-04,04,05R,4085,荻野 裕介,87期,東京,東京,46,B1,,0,0,0.2,5.35,36.7,53.1,4.87,25.6,51.2,0,72,28.5,42.8,0,46,35.4,45.1,,5,3,3,0.12,2,,,,,,,,,,,,,,,,,,,,,,,,,,,,,,,,,,,,,,,,,,,,,,,,,,,,,,,,,,,,,,,,,,4397,西村 拓也,98期,大阪,大阪,39,A1,,0,0,0.13,7.39,59.6,78.9,6.3,46.6,63.3,0,68,34.2,60.5,0,57,50.0,62.5,10,2,1,1,0.08,1,12,3,3,0.01,2,,,,,,,,,,,,,,,,,,,,,,,,,,,,,,,,,,,,,,,,,,,,,,,,,,,,,,,,,,,,,4314,青木 幸太郎,95期,福岡,福岡,42,A2,,0,0,0.16,5.84,40.2,59.7,5.17,33.3,41.6,0,46,50.0,55.0,0,45,46.8,50.0,11,,,,,,7,1,1,0.11,3,,,,,,,,,,,,,,,,,,,,,,,,,,,,,,,,,,,,,,,,,,,,,,,,,,,,,,,,,,,,,3664,鈴木 賢一,73期,埼玉,埼玉,56,B1,,0,0,0.17,4.77,32.8,48.5,4.36,28.0,40.0,0,27,41.6,50.0,0,59,28.1,31.2,,1,1,1,0.17,5,6,5,5,0.16,6,,,,,,,,,,,,,,,,,,,,,,,,,,,,,,,,,,,,,,,,,,,,,,,,,,,,,,,,,,,,,4631,新井 英孝,107期,大阪,大阪,39,B1,,0,0,0.16,5.21,36.1,52.7,4.88,25.0,50.0,0,55,34.2,51.4,0,56,23.0,34.6,,3,1,1,0.09,5,8,3,3,0.15,3,,,,,,,,,,,,,,,,,,,,,,,,,,,,,,,,,,,,,,,,,,,,,,,,,,,,,,,,,,,,,3898,平田 忠則,80期,福岡,福岡,49,A1,,0,0,0.17,7.15,56.2,75.8,6.61,50.0,67.8,0,25,29.4,61.7,0,41,23.0,46.1,12,3,5,5,0.18,1,11,1,1,0.12,1,,,,,,,,,,,,,,,,,,,,,,,,,,,,,,,,,,,,,,,,,,,,,,,,,,,,,,,,,,,,
202608040406,2026-08-04,04,06R,3912,川原 正明,81期,福井,石川,52,B1,,0,0,0.15,5.94,43.2,56.7,5.9,40.0,50.0,0,37,29.4,50.0,0,51,41.6,52.7,,2,3,3,0.09,2,11,5,5,0.06,4,,,,,,,,,,,,,,,,,,,,,,,,,,,,,,,,,,,,,,,,,,,,,,,,,,,,,,,,,,,,,4269,杉山 裕也,93期,愛知,愛知,40,A2,,0,0,0.15,6.91,55.2,67.7,7.67,66.6,80.0,0,49,26.9,38.4,0,28,35.7,57.1,,3,3,3,0.13,3,9,5,5,0.07,1,,,,,,,,,,,,,,,,,,,,,,,,,,,,,,,,,,,,,,,,,,,,,,,,,,,,,,,,,,,,,4504,前田 将太,102期,福岡,福岡,38,A1,,0,0,0.15,6.77,48.1,66.9,7.32,54.0,64.8,0,13,24.1,44.8,0,63,36.3,42.4,12,5,5,5,0.06,6,12,4,4,0.02,3,,,,,,,,,,,,,,,,,,,,,,,,,,,,,,,,,,,,,,,,,,,,,,,,,,,,,,,,,,,,,3434,松尾 宣邦,65期,福岡,福岡,57,B1,,0,0,0.18,4.25,21.9,37.3,4.79,28.5,28.5,0,52,33.3,40.0,0,26,26.9,42.3,1,,,,,,10,6,6,0.16,3,,,,,,,,,,,,,,,,,,,,,,,,,,,,,,,,,,,,,,,,,,,,,,,,,,,,,,,,,,,,,4539,金子 賢志,103期,群馬,群馬,35,A1,,0,0,0.13,6.55,44.4,60.1,6.33,33.3,50.0,0,74,33.3,50.0,0,53,46.8,62.5,11,,,,,,9,2,2,0.18,4,,,,,,,,,,,,,,,,,,,,,,,,,,,,,,,,,,,,,,,,,,,,,,,,,,,,,,,,,,,,,3161,古場 輝義,55期,大阪,長崎,66,B1,,0,0,0.19,5.03,30.9,50.7,4.65,29.4,47.0,0,17,38.2,47.0,0,39,41.1,64.7,,1,2,2,0.17,4,7,4,5,0.08,1,,,,,,,,,,,,,,,,,,,,,,,,,,,,,,,,,,,,,,,,,,,,,,,,,,,,,,,,,,,,
202608040407,2026-08-04,04,07R,4114,深澤 達徳,88期,東京,山梨,45,B1,,0,0,0.19,4.8,25.3,45.7,5.65,35.1,59.2,0,14,39.3,57.5,0,23,44.4,59.2,2,4,3,3,0.12,5,,,,,,,,,,,,,,,,,,,,,,,,,,,,,,,,,,,,,,,,,,,,,,,,,,,,,,,,,,,,,,,,,,4978,山田 和佐,120期,広島,島根,32,B1,,0,0,0.17,4.79,27.4,39.5,2.88,12.5,12.5,0,28,23.0,38.4,0,34,24.0,40.0,12,6,1,1,0.13,3,,,,,,,,,,,,,,,,,,,,,,,,,,,,,,,,,,,,,,,,,,,,,,,,,,,,,,,,,,,,,,,,,,4073,大橋 純一郎,86期,静岡,静岡,45,A1,,0,0,0.15,6.56,53.2,66.3,5.86,44.1,65.1,0,48,24.2,36.3,0,43,38.2,67.6,,4,5,5,0.12,6,10,1,1,0.04,6,,,,,,,,,,,,,,,,,,,,,,,,,,,,,,,,,,,,,,,,,,,,,,,,,,,,,,,,,,,,,4549,小林 文彦,104期,福岡,福岡,37,A2,,0,0,0.19,6.45,48.1,67.4,5.58,41.6,50.0,0,30,48.7,68.2,0,49,15.6,31.2,1,,,,,,9,1,1,0.14,2,,,,,,,,,,,,,,,,,,,,,,,,,,,,,,,,,,,,,,,,,,,,,,,,,,,,,,,,,,,,,4113,木村 浩士,88期,群馬,群馬,46,B1,,0,0,0.18,4.57,24.6,41.9,4.95,34.2,39.4,0,58,45.7,65.7,0,66,12.9,25.8,,1,3,3,0.18,1,8,4,2,0.12,1,,,,,,,,,,,,,,,,,,,,,,,,,,,,,,,,,,,,,,,,,,,,,,,,,,,,,,,,,,,,,3590,濱野谷 憲吾,70期,東京,東京,52,A1,,0,0,0.14,7.03,46.8,64.5,7.0,53.0,67.3,0,33,43.3,66.6,0,62,25.0,58.3,,7,3,3,0.1,4,12,1,1,0.11,4,,,,,,,,,,,,,,,,,,,,,,,,,,,,,,,,,,,,,,,,,,,,,,,,,,,,,,,,,,,,
202608040408,2026-08-04,04,08R,4710,福田 宗平,110期,大阪,大阪,36,A2,,0,0,0.14,5.57,35.8,55.6,6.15,34.6,65.3,0,40,55.8,67.6,0,50,21.8,40.6,,6,3,3,0.14,2,11,4,4,0.09,3,,,,,,,,,,,,,,,,,,,,,,,,,,,,,,,,,,,,,,,,,,,,,,,,,,,,,,,,,,,,,4177,萬 正嗣,90期,群馬,宮城,43,B1,,0,0,0.17,4.37,26.5,37.9,5.24,30.3,51.5,0,67,25.0,46.8,0,25,65.3,69.2,1,2,4,4,0.1,6,,,,,,,,,,,,,,,,,,,,,,,,,,,,,,,,,,,,,,,,,,,,,,,,,,,,,,,,,,,,,,,,,,3268,森 竜也,59期,三重,三重,61,B1,,0,0,0.17,4.46,28.1,36.4,4.6,20.0,30.0,0,41,44.0,52.0,0,32,35.4,48.3,2,,,,,,8,2,6,0.15,6,,,,,,,,,,,,,,,,,,,,,,,,,,,,,,,,,,,,,,,,,,,,,,,,,,,,,,,,,,,,,4188,久田 敏之,91期,群馬,群馬,45,A1,,0,0,0.12,7.88,64.8,78.7,7.08,60.0,76.0,0,50,57.5,78.7,0,60,45.4,57.5,,4,6,6,0.09,3,12,2,2,0.07,1,,,,,,,,,,,,,,,,,,,,,,,,,,,,,,,,,,,,,,,,,,,,,,,,,,,,,,,,,,,,,5076,石原 光,124期,静岡,静岡,30,B1,,0,0,0.17,4.97,33.3,46.6,4.77,27.2,40.9,0,29,51.4,57.1,0,31,7.1,17.8,3,5,4,4,0.06,4,,,,,,,,,,,,,,,,,,,,,,,,,,,,,,,,,,,,,,,,,,,,,,,,,,,,,,,,,,,,,,,,,,3226,浦田 信義,57期,東京,東京,60,B1,,0,0,0.19,4.31,17.5,39.1,4.9,28.2,48.7,0,73,39.3,51.5,0,30,37.0,59.2,,3,2,2,0.17,6,10,4,4,0.09,2,,,,,,,,,,,,,,,,,,,,,,,,,,,,,,,,,,,,,,,,,,,,,,,,,,,,,,,,,,,,
202608040409,2026-08-04,04,09R,4669,井上 茂,109期,福岡,福岡,41,B1,,0,0,0.16,4.73,23.9,45.6,5.29,28.5,42.8,0,71,25.0,40.6,0,35,50.0,59.3,4,6,6,6,0.17,4,,,,,,,,,,,,,,,,,,,,,,,,,,,,,,,,,,,,,,,,,,,,,,,,,,,,,,,,,,,,,,,,,,4532,秋元 哲,103期,埼玉,栃木,37,A1,,1,0,0.13,7.05,53.3,69.3,6.45,36.3,72.7,0,38,43.7,56.2,0,33,37.9,55.1,3,,,,,,8,5,4,0.14,4,,,,,,,,,,,,,,,,,,,,,,,,,,,,,,,,,,,,,,,,,,,,,,,,,,,,,,,,,,,,,5051,松本 純平,123期,埼玉,兵庫,31,A1,,0,0,0.16,6.75,48.0,69.6,6.59,54.5,61.3,0,54,25.0,37.5,0,65,32.2,51.6,2,3,4,4,0.14,2,12,5,5,0.04,6,,,,,,,,,,,,,,,,,,,,,,,,,,,,,,,,,,,,,,,,,,,,,,,,,,,,,,,,,,,,,4863,三浦 裕貴,116期,東京,北海道,37,B1,,1,0,0.16,4.7,22.9,44.2,4.44,23.2,39.5,0,64,40.9,59.0,0,55,45.7,71.4,1,1,5,5,0.25,6,,,,,,,,,,,,,,,,,,,,,,,,,,,,,,,,,,,,,,,,,,,,,,,,,,,,,,,,,,,,,,,,,,4583,古田 祐貴,105期,香川,香川,36,B1,,0,0,0.15,5.46,35.1,53.1,5.0,40.0,60.0,0,62,47.6,61.9,0,64,20.0,30.0,,2,6,6,0.19,5,7,2,2,0.12,2,,,,,,,,,,,,,,,,,,,,,,,,,,,,,,,,,,,,,,,,,,,,,,,,,,,,,,,,,,,,,3833,中辻 博訓,78期,福井,福井,51,A2,,0,0,0.13,6.41,49.5,63.6,6.93,53.5,78.5,0,10,40.7,55.5,0,69,47.0,55.8,,5,2,2,0.1,5,10,5,5,0.11,5,,,,,,,,,,,,,,,,,,,,,,,,,,,,,,,,,,,,,,,,,,,,,,,,,,,,,,,,,,,,
202608040410,2026-08-04,04,10R,4483,北野 輝季,101期,愛知,愛知,37,A1,,0,0,0.15,6.68,52.3,65.4,6.8,53.3,73.3,0,36,42.8,64.2,0,54,25.0,40.6,,5,6,6,0.1,3,11,3,3,0.16,2,,,,,,,,,,,,,,,,,,,,,,,,,,,,,,,,,,,,,,,,,,,,,,,,,,,,,,,,,,,,,4898,菊地 敬介,117期,埼玉,埼玉,34,B1,,0,0,0.16,4.8,29.5,45.9,5.18,35.7,46.4,0,11,41.0,58.9,0,58,18.1,33.3,2,,,,,,7,6,4,0.01,6,,,,,,,,,,,,,,,,,,,,,,,,,,,,,,,,,,,,,,,,,,,,,,,,,,,,,,,,,,,,,4067,永井 源,86期,愛知,福岡,46,A2,,0,0,0.17,6.41,47.9,68.2,6.76,47.6,71.4,0,12,64.2,80.9,0,38,52.9,58.8,3,6,4,4,0.13,5,,,,,,,,,,,,,,,,,,,,,,,,,,,,,,,,,,,,,,,,,,,,,,,,,,,,,,,,,,,,,,,,,,4216,星 栄爾,91期,静岡,福島,41,B1,,0,0,0.15,4.67,23.8,50.0,5.83,41.6,63.8,0,60,56.2,68.7,0,36,28.5,47.6,1,3,6,6,0.16,4,,,,,,,,,,,,,,,,,,,,,,,,,,,,,,,,,,,,,,,,,,,,,,,,,,,,,,,,,,,,,,,,,,4397,西村 拓也,98期,大阪,大阪,39,A1,,0,0,0.13,7.39,59.6,78.9,6.3,46.6,63.3,0,68,34.2,60.5,0,57,50.0,62.5,5,2,1,1,0.08,1,12,3,3,0.01,2,,,,,,,,,,,,,,,,,,,,,,,,,,,,,,,,,,,,,,,,,,,,,,,,,,,,,,,,,,,,,4156,浜野 孝志,90期,三重,三重,45,A2,,0,0,0.17,5.35,29.2,51.6,5.38,37.5,50.0,0,26,34.4,55.1,0,20,39.2,60.7,,4,2,2,0.1,1,9,3,3,0.14,3,,,,,,,,,,,,,,,,,,,,,,,,,,,,,,,,,,,,,,,,,,,,,,,,,,,,,,,,,,,,
202608040411,2026-08-04,04,11R,4939,宮之原 輝紀,118期,東京,東京,28,A1,,0,0,0.14,7.36,56.6,66.6,7.05,56.5,72.3,0,43,40.0,57.1,0,40,13.3,33.3,4,6,2,2,0.13,1,12,6,6,0.01,5,,,,,,,,,,,,,,,,,,,,,,,,,,,,,,,,,,,,,,,,,,,,,,,,,,,,,,,,,,,,,4314,青木 幸太郎,95期,福岡,福岡,42,A2,,0,0,0.16,5.84,40.2,59.7,5.17,33.3,41.6,0,46,50.0,55.0,0,45,46.8,50.0,5,,,,,,7,1,1,0.11,3,,,,,,,,,,,,,,,,,,,,,,,,,,,,,,,,,,,,,,,,,,,,,,,,,,,,,,,,,,,,,4329,小松 卓司,96期,福岡,福岡,43,B1,,0,0,0.18,4.84,24.7,48.3,5.03,28.5,51.4,0,51,30.0,43.3,0,68,39.3,57.5,3,4,1,1,0.12,2,,,,,,,,,,,,,,,,,,,,,,,,,,,,,,,,,,,,,,,,,,,,,,,,,,,,,,,,,,,,,,,,,,4539,金子 賢志,103期,群馬,群馬,35,A1,,0,0,0.13,6.55,44.4,60.1,6.33,33.3,50.0,0,74,33.3,50.0,0,53,46.8,62.5,6,,,,,,9,2,2,0.18,4,,,,,,,,,,,,,,,,,,,,,,,,,,,,,,,,,,,,,,,,,,,,,,,,,,,,,,,,,,,,,4911,片岡 大地,117期,東京,千葉,30,A2,,1,0,0.14,4.92,25.3,54.4,4.39,23.7,37.2,0,47,38.7,54.8,0,37,33.3,42.4,1,,,,,,8,1,1,0.12,5,,,,,,,,,,,,,,,,,,,,,,,,,,,,,,,,,,,,,,,,,,,,,,,,,,,,,,,,,,,,,4639,雑賀 勇貴,107期,大阪,大阪,35,B1,,0,0,0.16,4.37,23.8,39.2,5.35,35.0,55.0,0,19,41.6,58.3,0,61,35.2,55.8,2,5,1,1,0.14,1,,,,,,,,,,,,,,,,,,,,,,,,,,,,,,,,,,,,,,,,,,,,,,,,,,,,,,,,,,,,,,,,,
202608040412,2026-08-04,04,12R,4504,前田 将太,102期,福岡,福岡,38,A1,,0,0,0.15,6.77,48.1,66.9,7.32,54.0,64.8,0,13,24.1,44.8,0,63,36.3,42.4,6,5,5,5,0.06,6,12,4,4,0.02,3,,,,,,,,,,,,,,,,,,,,,,,,,,,,,,,,,,,,,,,,,,,,,,,,,,,,,,,,,,,,,4930,佐藤 悠,118期,福井,石川,30,A2,,0,0,0.16,6.05,40.2,61.9,4.44,22.2,55.5,0,18,40.6,62.5,0,67,31.2,46.8,4,,,,,,7,5,6,0.06,5,,,,,,,,,,,,,,,,,,,,,,,,,,,,,,,,,,,,,,,,,,,,,,,,,,,,,,,,,,,,,3907,村越 篤,80期,香川,愛媛,48,B1,,0,0,0.16,5.25,34.3,52.5,0.0,0.0,0.0,0,16,29.6,40.7,0,24,42.3,57.6,2,,,,,,9,6,6,0.12,6,,,,,,,,,,,,,,,,,,,,,,,,,,,,,,,,,,,,,,,,,,,,,,,,,,,,,,,,,,,,,3898,平田 忠則,80期,福岡,福岡,49,A1,,0,0,0.17,7.15,56.2,75.8,6.61,50.0,67.8,0,25,29.4,61.7,0,41,23.0,46.1,5,3,5,5,0.18,1,11,1,1,0.12,1,,,,,,,,,,,,,,,,,,,,,,,,,,,,,,,,,,,,,,,,,,,,,,,,,,,,,,,,,,,,,4215,吉島 祥之,91期,愛知,愛知,41,A2,,0,0,0.16,5.3,32.9,50.5,5.56,33.3,55.5,0,23,45.4,75.7,0,21,16.0,44.0,3,,,,,,10,2,2,0.05,1,,,,,,,,,,,,,,,,,,,,,,,,,,,,,,,,,,,,,,,,,,,,,,,,,,,,,,,,,,,,,4978,山田 和佐,120期,広島,島根,32,B1,,0,0,0.17,4.79,27.4,39.5,2.88,12.5,12.5,0,28,23.0,38.4,0,34,24.0,40.0,7,6,1,1,0.13,3,,,,,,,,,,,,,,,,,,,,,,,,,,,,,,,,,,,,,,,,,,,,,,,,,,,,,,,,,,,,,,,,,
202608040501,2026-08-04,05,01R,4182,吉田 和仁,90期,滋賀,京都,42,B1,,0,0,0.19,4.86,28.5,42.8,3.13,6.2,18.7,0,54,44.4,55.5,0,32,36.7,52.9,7,5,2,2,0.15,2,10,5,5,0.23,2,,,,,,10,4,4,0.2,6,1,3,3,0.39,3,6,1,1,0.11,2,,,,,,8,6,6,0.22,6,,,,,,,,,,,,,,,,,,,,,,,,,,,,,,,5153,佐藤 ほのか,127期,東京,東京,30,B1,,1,0,0.16,3.95,17.8,32.6,4.17,16.6,33.3,0,15,16.6,36.6,0,29,50.0,68.9,,3,2,2,0.18,3,10,3,3,0.25,5,,,,,,8,5,5,0.16,6,1,1,1,0.38,6,7,4,4,0.11,6,5,5,5,0.05,6,,,,,,,,,,,,,,,,,,,,,,,,,,,,,,,,,,,,4340,土性 雅也,96期,三重,三重,41,B2,,0,0,0.0,3.85,18.5,29.6,0.0,0.0,0.0,0,18,36.5,53.9,0,28,27.7,44.4,,6,2,2,0.25,6,,,,,,1,4,4,0.26,5,8,3,3,0.23,2,3,6,6,0.21,6,9,6,5,0.25,5,4,1,1,0.19,5,,,,,,,,,,,,,,,,,,,,,,,,,,,,,,,,,,,,3339,泉 具巳,62期,兵庫,大阪,61,B1,,0,0,0.17,4.48,32.9,41.2,3.79,20.6,31.0,0,35,18.9,36.2,0,84,20.2,39.1,,2,1,1,0.17,5,7,4,4,0.16,4,,,,,,8,6,6,0.12,4,,,,,,8,3,3,0.17,4,1,2,2,0.09,6,6,5,5,0.06,6,,,,,,,,,,,,,,,,,,,,,,,,,,,,,,,5230,石原 凪紗,129期,愛知,岐阜,22,B1,,0,0,0.2,4.92,33.8,47.2,3.86,10.8,32.4,0,66,36.2,51.7,0,31,31.8,50.7,8,1,4,4,0.22,6,7,2,2,0.29,5,5,3,3,0.22,1,,,,,,4,1,1,0.22,4,11,6,5,0.24,5,6,6,6,0.09,4,,,,,,,,,,,,,,,,,,,,,,,,,,,,,,,,,,,,4540,相原 利章,104期,東京,東京,38,A2,,1,0,0.12,5.46,34.2,53.3,5.46,36.7,50.6,0,25,31.4,47.1,0,80,36.2,46.5,9,,,,,,8,3,3,0.07,2,5,1,1,0.33,5,12,2,2,0.11,5,4,4,4,0.16,5,,,,,,1,3,3,0.17,2,11,5,5,0.03,6,,,,,,,,,,,,,,,,,,,,,,,,,,,,,,
202608040502,2026-08-04,05,02R,5232,樅山 拓馬,130期,愛知,愛知,28,B1,,0,0,0.16,5.18,28.0,48.3,4.14,24.1,31.0,0,61,32.8,50.0,0,59,31.8,44.9,9,6,1,1,0.19,1,,,,,,4,5,4,0.08,4,12,3,3,0.12,1,5,2,2,0.16,3,10,6,6,0.16,5,,,,,,8,5,5,0.19,4,,,,,,,,,,,,,,,,,,,,,,,,,,,,,,,4834,浜本 裕己,115期,大阪,大阪,38,A2,,0,0,0.15,5.63,38.5,54.7,5.53,35.2,52.9,0,74,35.2,47.8,0,74,30.5,52.7,10,1,6,6,0.23,3,11,4,4,0.07,1,,,,,,9,1,1,0.19,1,5,3,3,0.13,4,12,6,5,0.06,4,,,,,,9,2,2,0.09,5,,,,,,,,,,,,,,,,,,,,,,,,,,,,,,,3256,三角 哲男,58期,東京,千葉,59,A1,,0,0,0.15,6.25,47.5,60.6,6.62,52.5,68.0,0,37,40.9,56.0,0,79,42.0,55.0,11,6,3,3,0.19,2,12,5,5,0.17,5,2,6,6,0.19,5,8,2,2,0.22,3,2,4,4,0.14,2,11,1,1,0.11,1,6,1,1,0.12,3,,,,,,,,,,,,,,,,,,,,,,,,,,,,,,,,,,,,5434,藤田 康生,137期,静岡,静岡,21,B1,,0,0,0.16,3.31,10.6,24.0,0.0,0.0,0.0,0,60,29.2,47.6,0,83,40.0,55.3,7,2,5,5,0.15,2,6,6,6,0.17,4,5,4,4,0.15,3,,,,,,6,6,6,0.1,1,11,5,4,0.16,転,,,,,,7,5,5,0.06,5,,,,,,,,,,,,,,,,,,,,,,,,,,,,,,,4306,畔柳 俊吾,95期,愛知,愛知,42,B1,,0,0,0.21,4.94,28.4,47.3,5.42,27.1,57.6,0,62,26.0,46.3,0,58,21.0,38.6,,4,1,1,0.23,6,,,,,,3,5,5,0.21,6,11,2,2,0.04,4,,,,,,7,3,3,0.23,5,2,5,6,0.14,5,7,4,4,0.12,4,,,,,,,,,,,,,,,,,,,,,,,,,,,,,,,4759,今泉 友吾,112期,東京,東京,36,A1,,0,0,0.16,7.01,46.3,70.0,7.32,57.9,76.8,0,49,32.3,52.1,0,38,28.5,53.0,10,2,4,4,0.16,4,12,6,6,0.13,6,4,2,2,0.12,3,11,1,1,0.06,1,,,,,,8,1,1,0.14,1,4,3,3,0.11,1,10,5,5,0.07,2,,,,,,,,,,,,,,,,,,,,,,,,,,,,,,
202608040503,2026-08-04,05,03R,4389,伊藤 喜智,98期,大阪,大阪,40,A2,,0,0,0.18,5.61,31.3,61.7,5.0,18.1,54.5,0,24,17.9,31.3,0,64,39.1,50.7,12,,,,,,7,1,1,0.19,2,3,6,6,0.25,5,9,5,5,0.21,3,,,,,,9,5,4,0.22,2,6,3,3,0.1,1,12,2,2,0.16,5,,,,,,,,,,,,,,,,,,,,,,,,,,,,,,,5360,高木 茉白,134期,埼玉,埼玉,19,B1,,1,0,0.17,3.33,10.4,23.8,1.53,0.0,0.0,0,19,37.1,50.0,0,76,46.3,62.3,9,3,6,6,0.19,5,,,,,,5,2,2,0.25,6,9,6,3,0.21,4,2,5,5,0.15,4,,,,,,1,1,1,0.07,1,9,4,4,0.11,2,,,,,,,,,,,,,,,,,,,,,,,,,,,,,,,3436,柏野 幸二,65期,岡山,岡山,57,A2,,1,0,0.13,6.02,37.9,64.3,4.8,20.0,30.0,0,48,18.3,40.0,0,43,22.2,52.7,12,1,3,3,0.17,1,10,2,2,0.29,6,2,5,5,0.11,2,,,,,,5,4,4,0.13,2,11,4,6,0.13,4,,,,,,7,1,1,0.11,2,,,,,,,,,,,,,,,,,,,,,,,,,,,,,,,5057,上田 紗奈,123期,大阪,大阪,30,B1,,0,0,0.16,5.86,44.7,56.1,5.8,40.0,60.0,0,13,28.5,47.1,0,54,29.8,47.7,7,3,1,1,0.15,1,9,5,5,0.15,4,3,2,2,0.16,2,,,,,,2,3,3,0.19,3,12,4,4,0.08,6,,,,,,12,5,5,0.12,6,,,,,,,,,,,,,,,,,,,,,,,,,,,,,,,5082,一色 凌雅,124期,愛知,愛知,27,B1,,0,0,0.18,5.21,32.5,54.1,5.06,36.1,47.2,0,38,24.2,34.8,0,37,34.7,51.3,8,,,,,,8,6,6,0.28,5,4,1,1,0.16,1,9,4,4,0.28,6,1,2,2,0.41,5,9,3,3,0.18,4,1,5,5,0.08,4,,,,,,,,,,,,,,,,,,,,,,,,,,,,,,,,,,,,4362,土屋 智則,97期,群馬,群馬,41,A1,,0,0,0.15,6.67,46.3,64.2,6.4,40.0,70.0,0,29,20.0,34.2,0,49,26.4,44.1,11,,,,,,12,3,3,0.16,3,3,4,4,0.23,3,12,1,1,0.16,2,4,2,2,0.21,2,9,4,6,0.19,3,4,5,5,0.17,4,9,1,1,0.07,1,,,,,,,,,,,,,,,,,,,,,,,,,,,,,,
202608040504,2026-08-04,05,04R,4254,川島 圭司,93期,滋賀,滋賀,43,A2,,0,0,0.15,5.54,32.2,55.9,4.85,30.0,35.0,0,68,24.5,42.6,0,21,31.3,43.2,9,,,,,,9,1,1,0.14,2,5,6,6,0.15,2,11,5,5,0.09,5,,,,,,10,3,3,0.12,4,2,2,2,0.14,3,12,4,4,0.12,4,,,,,,,,,,,,,,,,,,,,,,,,,,,,,,,4568,廣瀬 真也,105期,東京,神奈川,38,B1,,0,0,0.15,5.34,29.9,51.4,5.37,27.6,52.3,0,47,29.5,49.1,0,55,27.9,42.6,12,,,,,,7,3,3,0.11,1,3,1,1,0.11,1,10,2,2,0.19,5,3,5,5,0.17,2,,,,,,2,3,3,0.13,4,10,4,4,0.07,4,,,,,,,,,,,,,,,,,,,,,,,,,,,,,,,4526,池田 雄祐,103期,愛知,愛知,38,A2,,0,0,0.15,5.49,38.5,51.4,4.0,25.0,25.0,0,14,51.4,69.1,0,45,37.3,56.7,,5,5,5,0.05,4,,,,,,3,3,3,0.14,4,8,1,1,0.23,1,8,2,2,0.19,5,12,5,6,0.07,5,5,4,4,0.12,5,11,3,3,0.09,5,,,,,,,,,,,,,,,,,,,,,,,,,,,,,,,3659,藤生 雄人,72期,群馬,群馬,51,A2,,0,0,0.17,5.73,35.8,61.7,4.82,23.5,50.0,0,69,36.3,45.4,0,46,34.8,48.4,10,,,,,,7,5,5,0.16,3,6,1,1,0.08,1,11,3,3,0.06,2,6,4,4,0.12,4,,,,,,3,2,2,0.17,3,9,6,6,0.21,3,,,,,,,,,,,,,,,,,,,,,,,,,,,,,,,3306,武田 正紀,60期,埼玉,東京,58,B1,,0,0,0.16,4.07,18.9,36.8,4.64,19.4,36.1,0,17,44.0,61.3,0,34,22.0,41.1,8,4,6,6,0.21,4,9,2,2,0.17,6,1,1,1,0.17,2,,,,,,1,4,4,0.34,1,10,5,5,0.14,6,,,,,,9,3,3,0.08,6,,,,,,,,,,,,,,,,,,,,,,,,,,,,,,,4228,吉田 慎二郎,92期,愛知,岐阜,43,A2,,1,0,0.17,6.2,47.1,65.0,5.74,44.4,51.8,0,55,40.5,62.1,0,30,37.1,58.0,10,2,6,6,0.14,3,11,5,5,0.08,3,1,3,3,0.16,1,,,,,,3,4,4,0.14,3,10,2,2,0.15,2,8,1,1,0.17,1,12,3,3,0.09,2,,,,,,,,,,,,,,,,,,,,,,,,,,,,,,
202608040505,2026-08-04,05,05R,4518,大須賀 友,103期,愛知,愛知,39,A1,,1,0,0.16,6.8,53.9,69.6,5.43,42.8,52.3,0,70,32.3,46.1,0,39,20.3,57.8,11,6,4,4,0.17,5,10,1,1,0.28,1,1,5,5,0.26,3,9,3,2,0.35,5,,,,,,7,2,2,0.23,2,5,3,3,0.13,2,12,6,6,0.15,3,,,,,,,,,,,,,,,,,,,,,,,,,,,,,,,4728,山口 亮,111期,東京,神奈川,38,B1,,1,0,0.18,4.01,21.1,35.2,4.63,25.0,43.7,0,46,40.0,55.7,0,70,26.8,47.7,9,1,1,1,0.15,2,9,4,4,0.21,3,,,,,,7,2,2,0.29,4,6,3,3,0.31,5,,,,,,3,5,5,0.16,4,8,4,4,0.22,3,,,,,,,,,,,,,,,,,,,,,,,,,,,,,,,4836,大谷 健太,115期,埼玉,埼玉,37,B1,,0,0,0.17,5.31,31.1,53.7,5.02,29.6,44.4,0,43,30.3,46.9,0,44,25.7,48.5,10,1,2,2,0.15,4,,,,,,2,3,3,0.06,1,11,6,6,0.03,6,,,,,,8,5,5,0.16,3,3,1,1,0.15,1,11,4,4,0.04,2,,,,,,,,,,,,,,,,,,,,,,,,,,,,,,,4356,長岡 良也,97期,兵庫,兵庫,42,A2,,0,0,0.18,5.42,36.8,56.5,6.6,42.8,82.8,0,65,35.4,54.8,0,72,34.9,55.5,12,4,4,4,0.14,3,10,6,6,0.25,4,4,3,3,0.09,5,,,,,,1,5,5,0.33,2,11,2,2,0.16,2,5,1,1,0.12,1,10,3,3,0.12,1,,,,,,,,,,,,,,,,,,,,,,,,,,,,,,,5383,中村 楓,135期,三重,三重,21,B1,,0,0,0.17,2.19,0.0,4.0,2.0,0.0,0.0,0,26,35.0,50.8,0,36,41.7,61.1,,5,6,6,0.06,6,,,,,,4,6,5,0.09,6,8,4,4,0.19,5,,,,,,7,6,6,0.03,3,1,4,4,0.08,5,10,6,6,0.05,5,,,,,,,,,,,,,,,,,,,,,,,,,,,,,,,4095,福来 剛,87期,東京,東京,45,A1,,1,0,0.13,7.01,57.5,68.3,7.0,52.1,73.9,0,63,28.5,32.8,0,47,37.1,46.7,11,4,3,3,0.11,1,12,2,2,0.11,2,6,5,6,0.15,3,,,,,,7,5,5,0.03,1,12,1,1,0.06,1,2,4,4,0.14,2,11,1,1,0.09,1,,,,,,,,,,,,,,,,,,,,,,,,,,,,,,
202608040506,2026-08-04,05,06R,4076,杉田 篤光,87期,静岡,静岡,47,B1,,0,0,0.21,4.96,29.0,47.5,5.0,22.2,51.1,0,33,20.8,33.3,0,27,35.2,51.4,10,4,2,2,0.14,2,11,6,6,0.13,4,2,1,1,0.13,3,,,,,,4,5,5,0.22,3,12,3,3,0.09,2,4,4,4,0.22,3,,,,,,,,,,,,,,,,,,,,,,,,,,,,,,,,,,,,4581,吉村 誠,105期,静岡,静岡,37,A1,,1,0,0.14,6.39,49.2,64.0,6.33,47.2,69.4,0,53,30.1,46.0,0,68,28.9,49.2,11,,,,,,8,5,5,0.13,4,7,1,1,0.21,1,11,4,4,0.07,3,3,2,2,0.25,4,11,3,3,0.14,3,4,2,2,0.11,2,11,6,6,0.06,3,,,,,,,,,,,,,,,,,,,,,,,,,,,,,,,3850,小川 知行,79期,群馬,群馬,54,B1,,0,0,0.14,4.41,25.4,39.6,5.02,32.6,45.6,0,32,59.7,79.2,0,81,26.8,37.3,,1,5,5,0.23,5,8,4,4,0.08,6,6,3,3,0.11,4,,,,,,2,6,6,0.13,5,9,2,2,0.15,6,2,1,1,0.09,1,,,,,,,,,,,,,,,,,,,,,,,,,,,,,,,,,,,,4119,泥谷 一毅,88期,大阪,大阪,45,B1,,0,0,0.19,5.88,36.2,60.1,5.8,35.0,62.5,0,23,37.5,51.7,0,25,34.5,54.5,11,2,2,2,0.23,1,10,4,4,0.27,3,,,,,,7,3,3,0.25,2,5,1,1,0.19,1,,,,,,5,6,6,0.07,3,9,5,5,0.05,4,,,,,,,,,,,,,,,,,,,,,,,,,,,,,,,5216,長谷川 晴哉,129期,群馬,群馬,26,A1,,0,0,0.17,6.15,39.8,66.2,5.03,31.0,44.8,0,45,40.2,61.1,0,41,23.8,34.3,,2,3,3,0.21,6,9,6,6,0.19,5,2,4,4,0.12,4,10,5,5,0.14,4,2,2,2,0.14,1,7,1,1,0.17,4,,,,,,8,2,2,0.17,2,,,,,,,,,,,,,,,,,,,,,,,,,,,,,,,4444,桐生 順平,100期,埼玉,福島,39,A1,,0,0,0.13,7.02,37.5,58.3,7.64,36.0,76.0,0,16,23.6,33.3,0,66,50.0,64.5,12,5,4,4,0.07,1,12,1,1,0.08,1,,,,,,9,2,6,0.26,2,6,5,5,0.09,3,12,2,2,0.08,3,7,3,3,0.12,1,12,1,1,0.12,1,,,,,,,,,,,,,,,,,,,,,,,,,,,,,,
202608040507,2026-08-04,05,07R,4754,松尾 充,112期,三重,三重,37,A2,,0,0,0.15,6.31,42.1,59.2,7.11,57.8,78.9,0,67,34.5,43.6,0,26,45.0,57.7,,,,,,,9,3,3,0.17,1,6,4,4,0.11,2,12,6,6,0.21,6,5,5,5,0.24,5,9,1,1,0.12,1,3,3,3,0.17,2,10,2,2,0.12,6,,,,,,,,,,,,,,,,,,,,,,,,,,,,,,,3994,小野 桜,83期,滋賀,東京,47,B1,,0,0,0.18,4.89,26.0,46.8,4.44,16.0,40.0,0,39,38.1,53.9,0,23,32.3,47.0,,3,5,5,0.17,2,,,,,,2,2,2,0.15,6,12,4,4,0.23,4,3,1,1,0.19,5,,,,,,2,6,5,0.05,6,8,3,3,0.21,5,,,,,,,,,,,,,,,,,,,,,,,,,,,,,,,5057,上田 紗奈,123期,大阪,大阪,30,B1,,0,0,0.16,5.86,44.7,56.1,5.8,40.0,60.0,0,13,28.5,47.1,0,54,29.8,47.7,3,3,1,1,0.15,1,9,5,5,0.15,4,3,2,2,0.16,2,,,,,,2,3,3,0.19,3,12,4,4,0.08,6,,,,,,12,5,5,0.12,6,,,,,,,,,,,,,,,,,,,,,,,,,,,,,,,4182,吉田 和仁,90期,滋賀,京都,42,B1,,0,0,0.19,4.86,28.5,42.8,3.13,6.2,18.7,0,54,44.4,55.5,0,32,36.7,52.9,1,5,2,2,0.15,2,10,5,5,0.23,2,,,,,,10,4,4,0.2,6,1,3,3,0.39,3,6,1,1,0.11,2,,,,,,8,6,6,0.22,6,,,,,,,,,,,,,,,,,,,,,,,,,,,,,,,5434,藤田 康生,137期,静岡,静岡,21,B1,,0,0,0.16,3.31,10.6,24.0,0.0,0.0,0.0,0,60,29.2,47.6,0,83,40.0,55.3,2,2,5,5,0.15,2,6,6,6,0.17,4,5,4,4,0.15,3,,,,,,6,6,6,0.1,1,11,5,4,0.16,転,,,,,,7,5,5,0.06,5,,,,,,,,,,,,,,,,,,,,,,,,,,,,,,,4084,杉山 正樹,87期,愛知,愛知,46,A1,,0,0,0.16,6.31,40.7,60.7,7.22,44.4,83.3,0,73,13.5,30.5,0,40,27.1,42.8,12,,,,,,12,4,4,0.18,4,5,5,5,0.16,4,10,1,1,0.19,1,3,3,3,0.13,1,8,6,6,0.13,2,6,2,2,0.05,2,10,1,1,0.14,3,,,,,,,,,,,,,,,,,,,,,,,,,,,,,,
202608040508,2026-08-04,05,08R,4053,芦澤 望,86期,東京,千葉,48,A2,,1,0,0.16,5.44,37.2,56.3,5.47,34.8,44.1,0,72,32.3,60.2,0,62,37.3,60.0,,5,3,3,0.13,3,11,2,2,0.13,5,7,4,4,0.29,3,12,5,5,0.23,3,,,,,,10,1,1,0.07,1,1,6,6,0.05,3,7,2,2,0.13,3,,,,,,,,,,,,,,,,,,,,,,,,,,,,,,,3306,武田 正紀,60期,埼玉,東京,58,B1,,0,0,0.16,4.07,18.9,36.8,4.64,19.4,36.1,0,17,44.0,61.3,0,34,22.0,41.1,4,4,6,6,0.21,4,9,2,2,0.17,6,1,1,1,0.17,2,,,,,,1,4,4,0.34,1,10,5,5,0.14,6,,,,,,9,3,3,0.08,6,,,,,,,,,,,,,,,,,,,,,,,,,,,,,,,5082,一色 凌雅,124期,愛知,愛知,27,B1,,0,0,0.18,5.21,32.5,54.1,5.06,36.1,47.2,0,38,24.2,34.8,0,37,34.7,51.3,3,,,,,,8,6,6,0.28,5,4,1,1,0.16,1,9,4,4,0.28,6,1,2,2,0.41,5,9,3,3,0.18,4,1,5,5,0.08,4,,,,,,,,,,,,,,,,,,,,,,,,,,,,,,,,,,,,5230,石原 凪紗,129期,愛知,岐阜,22,B1,,0,0,0.2,4.92,33.8,47.2,3.86,10.8,32.4,0,66,36.2,51.7,0,31,31.8,50.7,1,1,4,4,0.22,6,7,2,2,0.29,5,5,3,3,0.22,1,,,,,,4,1,1,0.22,4,11,6,5,0.24,5,6,6,6,0.09,4,,,,,,,,,,,,,,,,,,,,,,,,,,,,,,,,,,,,4548,篠木 亜衣花,104期,三重,三重,38,B1,,1,0,0.24,2.31,2.8,5.7,2.44,0.0,11.1,0,71,38.5,57.1,0,61,36.7,50.0,,3,3,3,0.22,4,8,2,2,0.13,3,,,,,,7,5,5,0.31,5,2,1,1,0.28,6,8,4,4,0.29,6,4,6,6,0.24,6,,,,,,,,,,,,,,,,,,,,,,,,,,,,,,,,,,,,5454,谷島 咲希,138期,埼玉,埼玉,20,B2,,0,0,0.0,1.7,3.0,3.0,0.0,0.0,0.0,0,11,38.1,55.5,0,71,27.7,44.4,,,,,,,7,6,6,0.19,6,1,6,6,0.31,6,7,6,6,0.29,6,4,6,6,0.26,6,,,,,,3,6,6,0.14,6,7,6,6,0.14,6,,,,,,,,,,,,,,,,,,,,,,,,,,,,,,
202608040509,2026-08-04,05,09R,4384,鶴本 崇文,98期,大阪,大阪,41,A1,,0,0,0.16,5.9,39.8,61.1,5.77,35.9,69.2,0,27,40.2,55.5,0,82,30.3,40.9,,6,5,5,0.17,3,11,1,1,0.12,2,4,4,6,0.09,2,10,3,3,0.19,2,6,2,2,0.19,6,,,,,,6,4,4,0.03,5,11,2,2,0.08,4,,,,,,,,,,,,,,,,,,,,,,,,,,,,,,,4540,相原 利章,104期,東京,東京,38,A2,,1,0,0.12,5.46,34.2,53.3,5.46,36.7,50.6,0,25,31.4,47.1,0,80,36.2,46.5,1,,,,,,8,3,3,0.07,2,5,1,1,0.33,5,12,2,2,0.11,5,4,4,4,0.16,5,,,,,,1,3,3,0.17,2,11,5,5,0.03,6,,,,,,,,,,,,,,,,,,,,,,,,,,,,,,,5232,樅山 拓馬,130期,愛知,愛知,28,B1,,0,0,0.16,5.18,28.0,48.3,4.14,24.1,31.0,0,61,32.8,50.0,0,59,31.8,44.9,2,6,1,1,0.19,1,,,,,,4,5,4,0.08,4,12,3,3,0.12,1,5,2,2,0.16,3,10,6,6,0.16,5,,,,,,8,5,5,0.19,4,,,,,,,,,,,,,,,,,,,,,,,,,,,,,,,4254,川島 圭司,93期,滋賀,滋賀,43,A2,,0,0,0.15,5.54,32.2,55.9,4.85,30.0,35.0,0,68,24.5,42.6,0,21,31.3,43.2,4,,,,,,9,1,1,0.14,2,5,6,6,0.15,2,11,5,5,0.09,5,,,,,,10,3,3,0.12,4,2,2,2,0.14,3,12,4,4,0.12,4,,,,,,,,,,,,,,,,,,,,,,,,,,,,,,,5360,高木 茉白,134期,埼玉,埼玉,19,B1,,1,0,0.17,3.33,10.4,23.8,1.53,0.0,0.0,0,19,37.1,50.0,0,76,46.3,62.3,3,3,6,6,0.19,5,,,,,,5,2,2,0.25,6,9,6,3,0.21,4,2,5,5,0.15,4,,,,,,1,1,1,0.07,1,9,4,4,0.11,2,,,,,,,,,,,,,,,,,,,,,,,,,,,,,,,4728,山口 亮,111期,東京,神奈川,38,B1,,1,0,0.18,4.01,21.1,35.2,4.63,25.0,43.7,0,46,40.0,55.7,0,70,26.8,47.7,5,1,1,1,0.15,2,9,4,4,0.21,3,,,,,,7,2,2,0.29,4,6,3,3,0.31,5,,,,,,3,5,5,0.16,4,8,4,4,0.22,3,,,,,,,,,,,,,,,,,,,,,,,,,,,,,,
202608040510,2026-08-04,05,10R,4228,吉田 慎二郎,92期,愛知,岐阜,43,A2,,1,0,0.17,6.2,47.1,65.0,5.74,44.4,51.8,0,55,40.5,62.1,0,30,37.1,58.0,4,2,6,6,0.14,3,11,5,5,0.08,3,1,3,3,0.16,1,,,,,,3,4,4,0.14,3,10,2,2,0.15,2,8,1,1,0.17,1,12,3,3,0.09,2,,,,,,,,,,,,,,,,,,,,,,,,,,,,,,,4759,今泉 友吾,112期,東京,東京,36,A1,,0,0,0.16,7.01,46.3,70.0,7.32,57.9,76.8,0,49,32.3,52.1,0,38,28.5,53.0,2,2,4,4,0.16,4,12,6,6,0.13,6,4,2,2,0.12,3,11,1,1,0.06,1,,,,,,8,1,1,0.14,1,4,3,3,0.11,1,10,5,5,0.07,2,,,,,,,,,,,,,,,,,,,,,,,,,,,,,,,3659,藤生 雄人,72期,群馬,群馬,51,A2,,0,0,0.17,5.73,35.8,61.7,4.82,23.5,50.0,0,69,36.3,45.4,0,46,34.8,48.4,4,,,,,,7,5,5,0.16,3,6,1,1,0.08,1,11,3,3,0.06,2,6,4,4,0.12,4,,,,,,3,2,2,0.17,3,9,6,6,0.21,3,,,,,,,,,,,,,,,,,,,,,,,,,,,,,,,4836,大谷 健太,115期,埼玉,埼玉,37,B1,,0,0,0.17,5.31,31.1,53.7,5.02,29.6,44.4,0,43,30.3,46.9,0,44,25.7,48.5,5,1,2,2,0.15,4,,,,,,2,3,3,0.06,1,11,6,6,0.03,6,,,,,,8,5,5,0.16,3,3,1,1,0.15,1,11,4,4,0.04,2,,,,,,,,,,,,,,,,,,,,,,,,,,,,,,,4834,浜本 裕己,115期,大阪,大阪,38,A2,,0,0,0.15,5.63,38.5,54.7,5.53,35.2,52.9,0,74,35.2,47.8,0,74,30.5,52.7,2,1,6,6,0.23,3,11,4,4,0.07,1,,,,,,9,1,1,0.19,1,5,3,3,0.13,4,12,6,5,0.06,4,,,,,,9,2,2,0.09,5,,,,,,,,,,,,,,,,,,,,,,,,,,,,,,,4076,杉田 篤光,87期,静岡,静岡,47,B1,,0,0,0.21,4.96,29.0,47.5,5.0,22.2,51.1,0,33,20.8,33.3,0,27,35.2,51.4,6,4,2,2,0.14,2,11,6,6,0.13,4,2,1,1,0.13,3,,,,,,4,5,5,0.22,3,12,3,3,0.09,2,4,4,4,0.22,3,,,,,,,,,,,,,,,,,,,,,,,,,,,,,,,,,,,
202608040511,2026-08-04,05,11R,4095,福来 剛,87期,東京,東京,45,A1,,1,0,0.13,7.01,57.5,68.3,7.0,52.1,73.9,0,63,28.5,32.8,0,47,37.1,46.7,5,4,3,3,0.11,1,12,2,2,0.11,2,6,5,6,0.15,3,,,,,,7,5,5,0.03,1,12,1,1,0.06,1,2,4,4,0.14,2,11,1,1,0.09,1,,,,,,,,,,,,,,,,,,,,,,,,,,,,,,,4362,土屋 智則,97期,群馬,群馬,41,A1,,0,0,0.15,6.67,46.3,64.2,6.4,40.0,70.0,0,29,20.0,34.2,0,49,26.4,44.1,3,,,,,,12,3,3,0.16,3,3,4,4,0.23,3,12,1,1,0.16,2,4,2,2,0.21,2,9,4,6,0.19,3,4,5,5,0.17,4,9,1,1,0.07,1,,,,,,,,,,,,,,,,,,,,,,,,,,,,,,,4119,泥谷 一毅,88期,大阪,大阪,45,B1,,0,0,0.19,5.88,36.2,60.1,5.8,35.0,62.5,0,23,37.5,51.7,0,25,34.5,54.5,6,2,2,2,0.23,1,10,4,4,0.27,3,,,,,,7,3,3,0.25,2,5,1,1,0.19,1,,,,,,5,6,6,0.07,3,9,5,5,0.05,4,,,,,,,,,,,,,,,,,,,,,,,,,,,,,,,3256,三角 哲男,58期,東京,千葉,59,A1,,0,0,0.15,6.25,47.5,60.6,6.62,52.5,68.0,0,37,40.9,56.0,0,79,42.0,55.0,2,6,3,3,0.19,2,12,5,5,0.17,5,2,6,6,0.19,5,8,2,2,0.22,3,2,4,4,0.14,2,11,1,1,0.11,1,6,1,1,0.12,3,,,,,,,,,,,,,,,,,,,,,,,,,,,,,,,,,,,,4581,吉村 誠,105期,静岡,静岡,37,A1,,1,0,0.14,6.39,49.2,64.0,6.33,47.2,69.4,0,53,30.1,46.0,0,68,28.9,49.2,6,,,,,,8,5,5,0.13,4,7,1,1,0.21,1,11,4,4,0.07,3,3,2,2,0.25,4,11,3,3,0.14,3,4,2,2,0.11,2,11,6,6,0.06,3,,,,,,,,,,,,,,,,,,,,,,,,,,,,,,,4518,大須賀 友,103期,愛知,愛知,39,A1,,1,0,0.16,6.8,53.9,69.6,5.43,42.8,52.3,0,70,32.3,46.1,0,39,20.3,57.8,5,6,4,4,0.17,5,10,1,1,0.28,1,1,5,5,0.26,3,9,3,2,0.35,5,,,,,,7,2,2,0.23,2,5,3,3,0.13,2,12,6,6,0.15,3,,,,,,,,,,,,,,,,,,,,,,,,,,,,,,
202608040512,2026-08-04,05,12R,4444,桐生 順平,100期,埼玉,福島,39,A1,,0,0,0.13,7.02,37.5,58.3,7.64,36.0,76.0,0,16,23.6,33.3,0,66,50.0,64.5,6,5,4,4,0.07,1,12,1,1,0.08,1,,,,,,9,2,6,0.26,2,6,5,5,0.09,3,12,2,2,0.08,3,7,3,3,0.12,1,12,1,1,0.12,1,,,,,,,,,,,,,,,,,,,,,,,,,,,,,,,4084,杉山 正樹,87期,愛知,愛知,46,A1,,0,0,0.16,6.31,40.7,60.7,7.22,44.4,83.3,0,73,13.5,30.5,0,40,27.1,42.8,7,,,,,,12,4,4,0.18,4,5,5,5,0.16,4,10,1,1,0.19,1,3,3,3,0.13,1,8,6,6,0.13,2,6,2,2,0.05,2,10,1,1,0.14,3,,,,,,,,,,,,,,,,,,,,,,,,,,,,,,,4356,長岡 良也,97期,兵庫,兵庫,42,A2,,0,0,0.18,5.42,36.8,56.5,6.6,42.8,82.8,0,65,35.4,54.8,0,72,34.9,55.5,5,4,4,4,0.14,3,10,6,6,0.25,4,4,3,3,0.09,5,,,,,,1,5,5,0.33,2,11,2,2,0.16,2,5,1,1,0.12,1,10,3,3,0.12,1,,,,,,,,,,,,,,,,,,,,,,,,,,,,,,,3436,柏野 幸二,65期,岡山,岡山,57,A2,,1,0,0.13,6.02,37.9,64.3,4.8,20.0,30.0,0,48,18.3,40.0,0,43,22.2,52.7,3,1,3,3,0.17,1,10,2,2,0.29,6,2,5,5,0.11,2,,,,,,5,4,4,0.13,2,11,4,6,0.13,4,,,,,,7,1,1,0.11,2,,,,,,,,,,,,,,,,,,,,,,,,,,,,,,,4568,廣瀬 真也,105期,東京,神奈川,38,B1,,0,0,0.15,5.34,29.9,51.4,5.37,27.6,52.3,0,47,29.5,49.1,0,55,27.9,42.6,4,,,,,,7,3,3,0.11,1,3,1,1,0.11,1,10,2,2,0.19,5,3,5,5,0.17,2,,,,,,2,3,3,0.13,4,10,4,4,0.07,4,,,,,,,,,,,,,,,,,,,,,,,,,,,,,,,4389,伊藤 喜智,98期,大阪,大阪,40,A2,,0,0,0.18,5.61,31.3,61.7,5.0,18.1,54.5,0,24,17.9,31.3,0,64,39.1,50.7,3,,,,,,7,1,1,0.19,2,3,6,6,0.25,5,9,5,5,0.21,3,,,,,,9,5,4,0.22,2,6,3,3,0.1,1,12,2,2,0.16,5,,,,,,,,,,,,,,,,,,,,,,,,,,,,,,
202608040601,2026-08-04,06,01R,3718,伊達 正利,74期,静岡,静岡,51,B1,,0,0,0.17,4.66,26.0,39.5,4.93,28.9,48.6,0,24,32.8,46.2,0,41,31.4,53.0,7,1,1,1,0.02,4,8,5,5,0.15,3,4,4,4,0.12,2,,,,,,1,6,6,0.18,4,11,3,3,0.17,5,4,2,2,0.14,5,,,,,,,,,,,,,,,,,,,,,,,,,,,,,,,,,,,,3054,北川 幸典,50期,広島,広島,63,B1,,1,0,0.19,5.64,35.3,59.6,0.0,0.0,0.0,0,20,45.9,66.2,0,19,34.2,51.0,6,6,4,4,0.14,6,,,,,,2,5,5,0.22,6,10,2,2,0.22,5,6,6,6,0.16,4,,,,,,3,1,1,0.11,1,8,3,3,0.15,2,,,,,,,,,,,,,,,,,,,,,,,,,,,,,,,3612,馬袋 義則,71期,兵庫,兵庫,53,A1,,0,0,0.14,7.04,58.9,75.5,6.62,52.3,76.1,0,66,31.2,53.1,0,12,38.5,53.8,10,,,,,,10,1,1,0.19,2,6,5,5,0.12,4,12,6,6,0.18,4,3,3,3,0.12,4,7,2,2,0.2,2,1,2,2,0.11,1,11,4,4,0.11,6,,,,,,,,,,,,,,,,,,,,,,,,,,,,,,,4010,越智 照浩,84期,香川,愛媛,46,B1,,0,0,0.17,4.52,21.3,38.2,0.0,0.0,0.0,0,26,48.1,61.4,0,76,37.1,50.5,8,4,3,3,0.23,4,8,6,6,0.21,4,6,1,1,0.16,3,,,,,,2,5,5,0.19,5,12,2,2,0.19,3,4,4,4,0.06,4,,,,,,,,,,,,,,,,,,,,,,,,,,,,,,,,,,,,3564,桑原 啓,70期,福岡,熊本,56,B1,,0,0,0.16,4.35,26.7,39.6,4.73,30.3,42.4,0,51,31.6,54.4,0,27,30.3,47.8,,3,5,5,0.28,6,8,2,2,0.16,6,1,6,6,0.07,5,,,,,,5,1,1,0.26,6,,,,,,1,4,4,0.06,5,9,4,3,0.11,1,,,,,,,,,,,,,,,,,,,,,,,,,,,,,,,3541,三嶌 誠司,69期,香川,香川,58,A2,,0,0,0.17,6.32,46.1,65.8,6.03,40.0,53.3,0,48,39.4,53.9,0,57,35.8,48.3,,1,2,2,0.1,1,7,5,5,0.07,3,3,4,3,0.19,6,12,4,4,0.22,3,,,,,,9,1,1,0.11,転,3,3,3,0.13,2,10,6,6,0.21,5,,,,,,,,,,,,,,,,,,,,,,,,,,,,,,
202608040602,2026-08-04,06,02R,3563,堤 昇,70期,静岡,静岡,56,B1,,0,0,0.15,5.54,34.1,56.9,5.36,35.1,51.0,0,9,27.7,36.1,0,23,33.1,49.7,8,4,2,2,0.24,2,,,,,,3,3,5,0.13,5,11,4,4,0.15,2,1,1,1,0.21,3,6,3,3,0.16,5,2,5,6,0.11,4,,,,,,,,,,,,,,,,,,,,,,,,,,,,,,,,,,,,3984,坂口 周,83期,三重,三重,48,A1,,0,0,0.17,6.28,41.6,64.9,7.36,63.6,72.7,0,23,33.8,45.5,0,48,37.4,51.3,11,,,,,,9,2,2,0.17,2,4,1,1,0.1,1,12,3,3,0.2,6,2,6,6,0.22,4,9,5,5,0.23,3,8,4,4,0.12,4,12,3,3,0.1,3,,,,,,,,,,,,,,,,,,,,,,,,,,,,,,,3712,淺香 文武,74期,三重,三重,51,B1,,0,0,0.17,4.89,34.0,46.0,5.48,42.8,52.3,0,18,30.0,41.4,0,62,36.5,52.1,8,5,1,1,0.09,2,10,5,5,0.27,4,,,,,,8,2,2,0.12,6,4,4,4,0.08,2,10,6,6,0.18,6,,,,,,7,3,3,0.12,2,,,,,,,,,,,,,,,,,,,,,,,,,,,,,,,4152,深水 慎一郎,90期,東京,神奈川,46,A2,,0,0,0.18,5.25,38.1,44.3,4.78,30.4,39.1,0,53,30.7,41.5,0,17,38.3,57.4,9,7,3,3,0.04,4,11,5,5,0.11,5,5,2,2,0.22,4,,,,,,2,4,4,0.21,2,7,6,6,0.3,6,,,,,,9,1,1,0.19,4,,,,,,,,,,,,,,,,,,,,,,,,,,,,,,,3710,吉永 泰弘,74期,香川,香川,52,B1,,0,0,0.18,4.65,23.5,40.5,4.95,27.9,51.1,0,59,29.2,44.6,0,69,33.3,50.2,7,3,1,1,0.35,2,,,,,,7,2,2,0.24,5,12,5,5,0.23,5,,,,,,7,4,4,0.27,3,4,3,3,0.05,2,8,6,6,0.19,5,,,,,,,,,,,,,,,,,,,,,,,,,,,,,,,3909,佐々木 康幸,81期,静岡,静岡,52,A1,,0,0,0.12,6.6,48.7,66.6,7.1,57.6,75.2,0,6,28.1,48.4,0,21,43.8,58.2,12,6,5,6,0.09,3,12,2,2,0.12,5,,,,,,7,3,3,0.15,2,4,1,1,0.01,1,12,4,4,0.06,6,5,5,5,0.12,5,11,1,1,0.08,1,,,,,,,,,,,,,,,,,,,,,,,,,,,,,,
202608040603,2026-08-04,06,03R,3931,黒崎 竜也,81期,三重,三重,50,A2,,0,0,0.15,5.9,39.6,55.4,7.57,71.4,71.4,0,14,33.8,55.8,0,58,37.3,51.8,8,2,6,5,0.08,5,8,1,1,0.16,1,,,,,,9,4,4,0.23,6,5,3,3,0.15,4,11,2,2,0.16,3,3,6,6,0.11,3,,,,,,,,,,,,,,,,,,,,,,,,,,,,,,,,,,,,3998,冨成 謙児,83期,佐賀,佐賀,47,B1,,0,0,0.17,4.5,28.3,37.7,0.0,0.0,0.0,0,5,47.2,72.2,0,35,37.4,51.3,,2,3,3,0.16,3,7,6,6,0.18,5,5,1,1,0.23,1,,,,,,4,2,2,0.09,5,11,4,4,0.21,6,,,,,,12,5,5,0.16,5,,,,,,,,,,,,,,,,,,,,,,,,,,,,,,,3928,林 恵祐,81期,福岡,福岡,50,B1,,0,0,0.18,3.8,16.0,32.0,4.19,21.8,43.7,0,11,47.3,60.5,0,24,37.6,50.0,,5,4,4,0.12,4,,,,,,4,5,5,0.09,6,11,2,2,0.25,6,,,,,,8,6,6,0.21,6,1,5,5,0.04,3,6,1,1,0.1,2,,,,,,,,,,,,,,,,,,,,,,,,,,,,,,,4006,小野 勇作,84期,佐賀,佐賀,48,B1,,0,0,0.17,5.05,29.6,48.1,0.0,0.0,0.0,0,1,43.2,64.2,0,37,33.5,51.8,9,6,1,1,0.11,2,,,,,,5,6,4,0.28,5,12,2,2,0.19,2,2,3,3,0.26,3,,,,,,3,5,5,0.17,6,7,6,6,0.25,6,,,,,,,,,,,,,,,,,,,,,,,,,,,,,,,3956,横澤 剛治,82期,静岡,静岡,49,A2,,0,0,0.17,6.15,40.7,58.2,6.53,45.8,63.5,0,32,39.2,53.1,0,25,36.9,54.0,10,,,,,,9,1,1,0.19,1,6,2,2,0.16,1,11,5,5,0.14,1,5,5,6,0.18,3,10,4,4,0.18,4,7,2,2,0.13,1,11,3,3,0.11,3,,,,,,,,,,,,,,,,,,,,,,,,,,,,,,,4025,山本 隆幸,85期,兵庫,兵庫,48,A1,,0,0,0.18,7.07,53.5,71.4,6.76,52.6,68.4,0,55,45.8,65.2,0,18,37.7,56.6,11,2,5,6,0.1,1,11,3,3,0.19,2,,,,,,10,5,5,0.08,2,2,2,2,0.25,1,10,1,1,0.13,1,5,4,4,0.17,4,10,3,3,0.34,1,,,,,,,,,,,,,,,,,,,,,,,,,,,,,,
202608040604,2026-08-04,06,04R,4064,原田 篤志,86期,山口,山口,46,A1,,0,0,0.17,6.36,45.3,65.3,5.89,44.4,55.5,0,61,41.5,63.6,0,59,31.5,46.3,10,4,1,1,0.19,1,12,5,5,0.12,4,2,6,6,0.2,3,11,3,3,0.29,5,3,4,4,0.15,2,9,2,2,0.13,2,,,,,,10,4,4,0.26,3,,,,,,,,,,,,,,,,,,,,,,,,,,,,,,,3742,宮地 秀祈,75期,福岡,福岡,52,B1,,0,0,0.18,5.07,32.5,42.7,3.88,15.3,38.4,0,19,37.3,50.6,0,29,37.1,52.4,10,4,5,6,0.37,5,11,2,2,0.21,3,5,4,5,0.27,2,,,,,,3,1,1,0.12,1,10,3,3,0.14,3,5,3,3,0.16,2,9,5,4,0.13,3,,,,,,,,,,,,,,,,,,,,,,,,,,,,,,,3990,芹澤 克彦,83期,静岡,静岡,47,B1,,0,0,0.14,4.85,25.9,42.5,5.28,28.2,46.7,0,28,25.4,34.9,0,70,31.1,51.6,9,4,4,4,0.27,3,,,,,,2,3,3,0.12,5,7,6,6,0.31,4,,,,,,8,5,5,0.14,3,1,1,1,0.08,2,8,2,2,0.12,3,,,,,,,,,,,,,,,,,,,,,,,,,,,,,,,3445,加藤 高史,65期,埼玉,東京,56,B1,,0,0,0.18,4.64,20.2,43.4,4.67,18.1,45.4,0,37,42.2,57.7,0,44,40.8,53.2,11,2,1,1,0.31,6,,,,,,3,2,2,0.09,1,8,4,3,0.27,2,5,4,4,0.17,2,,,,,,4,5,5,0.04,3,11,6,6,0.16,2,,,,,,,,,,,,,,,,,,,,,,,,,,,,,,,3690,河合 三弘,74期,愛知,愛知,55,B1,,0,0,0.19,4.9,30.3,46.0,5.33,36.6,51.6,0,10,41.3,58.6,0,53,34.2,52.7,,4,6,5,0.37,6,10,2,2,0.23,6,3,1,1,0.07,4,,,,,,3,6,6,0.11,6,8,3,3,0.14,5,3,4,4,0.17,4,,,,,,,,,,,,,,,,,,,,,,,,,,,,,,,,,,,,3352,小川 晃司,62期,福岡,福岡,58,B1,,0,0,0.17,4.19,8.9,39.6,4.72,13.7,44.8,0,29,37.1,52.8,0,68,37.3,56.8,,1,6,6,0.13,5,6,6,5,0.31,4,4,6,6,0.12,3,,,,,,5,6,5,0.29,5,9,6,6,0.19,4,5,6,6,0.14,3,,,,,,,,,,,,,,,,,,,,,,,,,,,,,,,,,,,
202608040605,2026-08-04,06,05R,3940,飯山 泰,81期,東京,長野,48,A1,,0,0,0.14,6.32,47.4,60.5,6.91,54.5,77.2,0,45,39.7,56.1,0,45,40.9,52.1,11,5,2,2,0.11,6,12,6,6,0.11,6,6,3,3,0.11,2,,,,,,1,4,4,0.16,1,8,1,1,0.11,1,7,4,5,0.15,3,12,4,4,0.09,4,,,,,,,,,,,,,,,,,,,,,,,,,,,,,,,3870,寺嶋 雄,79期,福井,福井,50,B1,,0,0,0.18,4.5,22.7,37.6,4.33,22.2,33.3,0,54,32.3,53.5,0,31,30.6,51.3,,5,6,6,0.17,5,,,,,,4,3,3,0.08,5,9,5,5,0.17,4,1,2,2,0.23,5,,,,,,2,1,1,0.18,6,8,5,5,0.1,6,,,,,,,,,,,,,,,,,,,,,,,,,,,,,,,3630,黒田 誠司,72期,静岡,静岡,56,B1,,0,0,0.17,3.85,17.3,28.0,4.76,26.8,43.9,0,3,47.0,60.2,0,32,36.5,58.6,,,,,,,7,4,4,0.01,2,1,1,1,0.11,2,8,5,5,0.06,5,4,3,3,0.12,6,,,,,,4,6,6,0.05,6,9,2,2,0.19,5,,,,,,,,,,,,,,,,,,,,,,,,,,,,,,,3953,志道 吉和,82期,福岡,福岡,49,B2,,0,0,0.2,3.61,21.9,26.8,3.56,16.6,27.7,0,38,38.9,57.1,0,71,38.2,57.9,,6,3,3,0.13,5,,,,,,1,5,5,0.17,3,6,4,4,0.18,6,6,1,1,0.16,1,,,,,,6,6,6,0.29,6,11,2,2,0.17,4,,,,,,,,,,,,,,,,,,,,,,,,,,,,,,,4040,廣瀬 将亨,85期,兵庫,兵庫,47,A2,,0,0,0.15,5.89,40.9,55.1,5.58,35.0,60.0,0,62,49.3,56.3,0,50,34.5,53.1,12,5,3,3,0.09,1,,,,,,3,5,4,0.13,3,10,1,1,0.21,1,3,2,2,0.2,3,11,5,5,0.19,1,2,3,3,0.06,1,12,6,6,0.21,6,,,,,,,,,,,,,,,,,,,,,,,,,,,,,,,4061,萩原 秀人,86期,福井,福井,47,A1,,0,0,0.14,7.23,54.6,69.5,6.78,38.8,66.6,0,52,33.3,55.1,0,34,35.4,53.9,10,7,2,2,0.07,1,12,4,4,0.12,3,3,6,6,0.14,2,9,3,3,0.09,1,7,5,5,0.23,4,12,1,1,0.17,1,4,1,1,0.04,1,,,,,,,,,,,,,,,,,,,,,,,,,,,,,,,,,,,
202608040606,2026-08-04,06,06R,4007,榮田 将彦,84期,山口,山口,47,B1,,0,0,0.14,4.62,24.7,45.5,0.0,0.0,0.0,0,17,46.5,58.9,0,46,33.1,47.5,11,1,4,4,0.07,2,9,3,3,0.14,3,2,1,1,0.13,1,,,,,,3,5,5,0.09,5,12,5,6,0.04,2,5,2,2,0.14,6,,,,,,,,,,,,,,,,,,,,,,,,,,,,,,,,,,,,3983,須藤 博倫,83期,埼玉,埼玉,48,A1,,0,0,0.15,6.89,50.3,72.8,7.42,63.1,78.9,0,22,41.1,64.7,0,73,31.8,43.7,10,5,5,5,0.11,3,11,1,1,0.16,1,1,3,3,0.09,4,9,6,6,0.25,3,8,4,4,0.12,2,12,3,3,0.17,5,6,2,2,0.13,4,,,,,,,,,,,,,,,,,,,,,,,,,,,,,,,,,,,,3459,中野 和裕,66期,佐賀,佐賀,59,B1,,0,0,0.17,3.38,11.5,23.1,5.0,25.0,25.0,0,46,47.8,63.7,0,66,38.9,58.9,,,,,,,8,3,3,0.16,5,1,4,4,0.09,6,7,1,1,0.35,6,4,6,6,0.12,4,,,,,,2,6,5,0.22,5,10,2,2,0.3,6,,,,,,,,,,,,,,,,,,,,,,,,,,,,,,,3054,北川 幸典,50期,広島,広島,63,B1,,1,0,0.19,5.64,35.3,59.6,0.0,0.0,0.0,0,20,45.9,66.2,0,19,34.2,51.0,1,6,4,4,0.14,6,,,,,,2,5,5,0.22,6,10,2,2,0.22,5,6,6,6,0.16,4,,,,,,3,1,1,0.11,1,8,3,3,0.15,2,,,,,,,,,,,,,,,,,,,,,,,,,,,,,,,4086,寺本 重宣,87期,東京,神奈川,46,A2,,0,0,0.15,6.1,41.1,59.6,5.29,35.7,35.7,0,40,34.6,47.4,0,72,32.7,51.9,12,3,3,3,0.32,4,10,4,4,0.23,3,1,2,2,0.1,1,10,6,6,0.01,4,6,5,5,0.16,2,,,,,,5,1,1,0.13,1,12,2,2,0.1,1,,,,,,,,,,,,,,,,,,,,,,,,,,,,,,,3713,伊藤 誠二,74期,愛知,愛知,51,A1,,1,0,0.15,5.7,44.2,56.7,6.64,45.4,81.8,0,63,46.5,67.1,0,30,38.1,53.2,,,,,,,9,5,5,0.18,4,2,2,2,0.17,2,8,1,1,0.16,3,6,4,4,0.24,6,11,6,6,0.22,4,1,3,3,0.13,6,7,5,4,0.18,4,,,,,,,,,,,,,,,,,,,,,,,,,,,,,,
202608040607,2026-08-04,06,07R,3997,北村 征嗣,83期,大阪,大阪,47,A1,,0,0,0.16,6.13,39.4,61.2,6.79,54.5,69.7,0,2,36.9,53.8,0,47,33.3,45.3,11,1,5,5,0.16,3,10,3,3,0.23,1,7,4,4,0.17,1,11,1,1,0.25,4,,,,,,10,2,2,0.11,2,2,4,4,0.06,2,9,6,6,0.18,2,,,,,,,,,,,,,,,,,,,,,,,,,,,,,,,3710,吉永 泰弘,74期,香川,香川,52,B1,,0,0,0.18,4.65,23.5,40.5,4.95,27.9,51.1,0,59,29.2,44.6,0,69,33.3,50.2,2,3,1,1,0.35,2,,,,,,7,2,2,0.24,5,12,5,5,0.23,5,,,,,,7,4,4,0.27,3,4,3,3,0.05,2,8,6,6,0.19,5,,,,,,,,,,,,,,,,,,,,,,,,,,,,,,,3562,山下 和彦,70期,広島,広島,57,A2,,0,0,0.18,6.01,44.3,62.4,7.45,63.6,90.9,0,13,37.6,62.3,0,63,34.4,54.3,12,2,2,2,0.18,2,10,6,6,0.27,5,,,,,,7,5,5,0.18,3,1,3,3,0.21,2,9,4,4,0.07,1,,,,,,8,1,1,0.17,1,,,,,,,,,,,,,,,,,,,,,,,,,,,,,,,3718,伊達 正利,74期,静岡,静岡,51,B1,,0,0,0.17,4.66,26.0,39.5,4.93,28.9,48.6,0,24,32.8,46.2,0,41,31.4,53.0,1,1,1,1,0.02,4,8,5,5,0.15,3,4,4,4,0.12,2,,,,,,1,6,6,0.18,4,11,3,3,0.17,5,4,2,2,0.14,5,,,,,,,,,,,,,,,,,,,,,,,,,,,,,,,,,,,,3730,塩崎 優司,75期,愛知,愛知,54,B1,,0,0,0.17,4.66,29.0,44.0,4.75,33.3,36.1,0,49,36.9,54.7,0,51,30.1,43.3,,2,4,4,0.14,4,9,6,6,0.18,6,,,,,,9,2,2,0.09,5,4,5,5,0.15,3,9,3,3,0.15,5,,,,,,7,1,1,0.21,5,,,,,,,,,,,,,,,,,,,,,,,,,,,,,,,3854,吉川 元浩,79期,兵庫,兵庫,53,A1,,1,0,0.14,6.89,43.1,64.7,6.13,37.5,54.1,0,44,30.8,45.5,0,15,36.4,52.7,12,3,6,6,0.34,3,12,3,3,0.15,2,8,3,4,0.1,1,12,1,1,0.16,1,5,2,2,0.13,1,,,,,,6,4,5,0.23,1,12,1,1,0.06,2,,,,,,,,,,,,,,,,,,,,,,,,,,,,,,
202608040608,2026-08-04,06,08R,3319,山崎 義明,61期,埼玉,埼玉,59,A2,,0,0,0.16,5.59,37.8,60.5,6.47,52.9,70.5,0,8,27.4,39.7,0,60,30.9,44.5,12,3,4,4,0.22,1,,,,,,5,3,3,0.19,3,11,6,6,0.12,3,6,2,2,0.21,3,12,6,5,0.12,4,6,5,4,0.28,5,10,1,1,0.25,2,,,,,,,,,,,,,,,,,,,,,,,,,,,,,,,4010,越智 照浩,84期,香川,愛媛,46,B1,,0,0,0.17,4.52,21.3,38.2,0.0,0.0,0.0,0,26,48.1,61.4,0,76,37.1,50.5,1,4,3,3,0.23,4,8,6,6,0.21,4,6,1,1,0.16,3,,,,,,2,5,5,0.19,5,12,2,2,0.19,3,4,4,4,0.06,4,,,,,,,,,,,,,,,,,,,,,,,,,,,,,,,,,,,,3563,堤 昇,70期,静岡,静岡,56,B1,,0,0,0.15,5.54,34.1,56.9,5.36,35.1,51.0,0,9,27.7,36.1,0,23,33.1,49.7,2,4,2,2,0.24,2,,,,,,3,3,5,0.13,5,11,4,4,0.15,2,1,1,1,0.21,3,6,3,3,0.16,5,2,5,6,0.11,4,,,,,,,,,,,,,,,,,,,,,,,,,,,,,,,,,,,,3931,黒崎 竜也,81期,三重,三重,50,A2,,0,0,0.15,5.9,39.6,55.4,7.57,71.4,71.4,0,14,33.8,55.8,0,58,37.3,51.8,3,2,6,5,0.08,5,8,1,1,0.16,1,,,,,,9,4,4,0.23,6,5,3,3,0.15,4,11,2,2,0.16,3,3,6,6,0.11,3,,,,,,,,,,,,,,,,,,,,,,,,,,,,,,,,,,,,3712,淺香 文武,74期,三重,三重,51,B1,,0,0,0.17,4.89,34.0,46.0,5.48,42.8,52.3,0,18,30.0,41.4,0,62,36.5,52.1,2,5,1,1,0.09,2,10,5,5,0.27,4,,,,,,8,2,2,0.12,6,4,4,4,0.08,2,10,6,6,0.18,6,,,,,,7,3,3,0.12,2,,,,,,,,,,,,,,,,,,,,,,,,,,,,,,,3934,鋤柄 貴俊,81期,愛知,愛知,49,B1,,0,0,0.17,5.05,25.3,50.0,4.33,16.6,44.4,0,4,34.8,50.0,0,13,31.3,48.3,,,,,,,7,1,1,0.12,6,4,2,2,0.18,4,10,4,4,0.11,3,,,,,,7,3,3,0.19,5,1,6,6,0.13,4,10,5,5,0.25,4,,,,,,,,,,,,,,,,,,,,,,,,,,,,,,
202608040609,2026-08-04,06,09R,3988,古川 誠之,83期,愛知,愛知,48,A2,,0,0,0.15,6.11,42.5,64.5,5.17,33.3,66.6,0,34,39.3,66.6,0,33,32.9,54.7,,6,2,2,0.09,1,11,6,6,0.12,4,2,4,4,0.16,4,9,1,1,0.07,2,,,,,,10,5,5,0.18,5,2,2,2,0.05,3,11,5,5,0.14,5,,,,,,,,,,,,,,,,,,,,,,,,,,,,,,,4006,小野 勇作,84期,佐賀,佐賀,48,B1,,0,0,0.17,5.05,29.6,48.1,0.0,0.0,0.0,0,1,43.2,64.2,0,37,33.5,51.8,3,6,1,1,0.11,2,,,,,,5,6,4,0.28,5,12,2,2,0.19,2,2,3,3,0.26,3,,,,,,3,5,5,0.17,6,7,6,6,0.25,6,,,,,,,,,,,,,,,,,,,,,,,,,,,,,,,3744,徳増 秀樹,75期,静岡,静岡,51,A1,,0,0,0.14,6.41,45.7,60.7,6.62,53.3,65.4,0,7,37.6,49.2,0,67,38.8,53.7,,8,4,4,0.13,2,12,1,1,0.15,1,5,5,6,0.28,6,10,3,3,0.18,6,,,,,,11,1,1,0.13,2,3,2,2,0.15,5,9,3,5,0.22,6,,,,,,,,,,,,,,,,,,,,,,,,,,,,,,,3990,芹澤 克彦,83期,静岡,静岡,47,B1,,0,0,0.14,4.85,25.9,42.5,5.28,28.2,46.7,0,28,25.4,34.9,0,70,31.1,51.6,4,4,4,4,0.27,3,,,,,,2,3,3,0.12,5,7,6,6,0.31,4,,,,,,8,5,5,0.14,3,1,1,1,0.08,2,8,2,2,0.12,3,,,,,,,,,,,,,,,,,,,,,,,,,,,,,,,3882,新田 智彰,80期,大阪,大阪,53,B1,,0,0,0.17,4.52,18.0,49.0,5.3,34.7,50.0,0,57,30.8,41.1,0,65,35.4,55.3,,3,2,2,0.33,5,9,4,4,0.25,5,,,,,,8,6,6,0.17,4,1,5,5,0.19,6,7,1,1,0.18,1,6,3,3,0.18,3,,,,,,,,,,,,,,,,,,,,,,,,,,,,,,,,,,,,4152,深水 慎一郎,90期,東京,神奈川,46,A2,,0,0,0.18,5.25,38.1,44.3,4.78,30.4,39.1,0,53,30.7,41.5,0,17,38.3,57.4,2,7,3,3,0.04,4,11,5,5,0.11,5,5,2,2,0.22,4,,,,,,2,4,4,0.21,2,7,6,6,0.3,6,,,,,,9,1,1,0.19,4,,,,,,,,,,,,,,,,,,,,,,,,,,,,,,
202608040610,2026-08-04,06,10R,4061,萩原 秀人,86期,福井,福井,47,A1,,0,0,0.14,7.23,54.6,69.5,6.78,38.8,66.6,0,52,33.3,55.1,0,34,35.4,53.9,5,7,2,2,0.07,1,12,4,4,0.12,3,3,6,6,0.14,2,9,3,3,0.09,1,7,5,5,0.23,4,12,1,1,0.17,1,4,1,1,0.04,1,,,,,,,,,,,,,,,,,,,,,,,,,,,,,,,,,,,,3956,横澤 剛治,82期,静岡,静岡,49,A2,,0,0,0.17,6.15,40.7,58.2,6.53,45.8,63.5,0,32,39.2,53.1,0,25,36.9,54.0,3,,,,,,9,1,1,0.19,1,6,2,2,0.16,1,11,5,5,0.14,1,5,5,6,0.18,3,10,4,4,0.18,4,7,2,2,0.13,1,11,3,3,0.11,3,,,,,,,,,,,,,,,,,,,,,,,,,,,,,,,4064,原田 篤志,86期,山口,山口,46,A1,,0,0,0.17,6.36,45.3,65.3,5.89,44.4,55.5,0,61,41.5,63.6,0,59,31.5,46.3,4,4,1,1,0.19,1,12,5,5,0.12,4,2,6,6,0.2,3,11,3,3,0.29,5,3,4,4,0.15,2,9,2,2,0.13,2,,,,,,10,4,4,0.26,3,,,,,,,,,,,,,,,,,,,,,,,,,,,,,,,3742,宮地 秀祈,75期,福岡,福岡,52,B1,,0,0,0.18,5.07,32.5,42.7,3.88,15.3,38.4,0,19,37.3,50.6,0,29,37.1,52.4,4,4,5,6,0.37,5,11,2,2,0.21,3,5,4,5,0.27,2,,,,,,3,1,1,0.12,1,10,3,3,0.14,3,5,3,3,0.16,2,9,5,4,0.13,3,,,,,,,,,,,,,,,,,,,,,,,,,,,,,,,3612,馬袋 義則,71期,兵庫,兵庫,53,A1,,0,0,0.14,7.04,58.9,75.5,6.62,52.3,76.1,0,66,31.2,53.1,0,12,38.5,53.8,1,,,,,,10,1,1,0.19,2,6,5,5,0.12,4,12,6,6,0.18,4,3,3,3,0.12,4,7,2,2,0.2,2,1,2,2,0.11,1,11,4,4,0.11,6,,,,,,,,,,,,,,,,,,,,,,,,,,,,,,,3983,須藤 博倫,83期,埼玉,埼玉,48,A1,,0,0,0.15,6.89,50.3,72.8,7.42,63.1,78.9,0,22,41.1,64.7,0,73,31.8,43.7,6,5,5,5,0.11,3,11,1,1,0.16,1,1,3,3,0.09,4,9,6,6,0.25,3,8,4,4,0.12,2,12,3,3,0.17,5,6,2,2,0.13,4,,,,,,,,,,,,,,,,,,,,,,,,,,,,,,,,,,,
202608040611,2026-08-04,06,11R,4025,山本 隆幸,85期,兵庫,兵庫,48,A1,,0,0,0.18,7.07,53.5,71.4,6.76,52.6,68.4,0,55,45.8,65.2,0,18,37.7,56.6,3,2,5,6,0.1,1,11,3,3,0.19,2,,,,,,10,5,5,0.08,2,2,2,2,0.25,1,10,1,1,0.13,1,5,4,4,0.17,4,10,3,3,0.34,1,,,,,,,,,,,,,,,,,,,,,,,,,,,,,,,3997,北村 征嗣,83期,大阪,大阪,47,A1,,0,0,0.16,6.13,39.4,61.2,6.79,54.5,69.7,0,2,36.9,53.8,0,47,33.3,45.3,7,1,5,5,0.16,3,10,3,3,0.23,1,7,4,4,0.17,1,11,1,1,0.25,4,,,,,,10,2,2,0.11,2,2,4,4,0.06,2,9,6,6,0.18,2,,,,,,,,,,,,,,,,,,,,,,,,,,,,,,,3445,加藤 高史,65期,埼玉,東京,56,B1,,0,0,0.18,4.64,20.2,43.4,4.67,18.1,45.4,0,37,42.2,57.7,0,44,40.8,53.2,4,2,1,1,0.31,6,,,,,,3,2,2,0.09,1,8,4,3,0.27,2,5,4,4,0.17,2,,,,,,4,5,5,0.04,3,11,6,6,0.16,2,,,,,,,,,,,,,,,,,,,,,,,,,,,,,,,3940,飯山 泰,81期,東京,長野,48,A1,,0,0,0.14,6.32,47.4,60.5,6.91,54.5,77.2,0,45,39.7,56.1,0,45,40.9,52.1,5,5,2,2,0.11,6,12,6,6,0.11,6,6,3,3,0.11,2,,,,,,1,4,4,0.16,1,8,1,1,0.11,1,7,4,5,0.15,3,12,4,4,0.09,4,,,,,,,,,,,,,,,,,,,,,,,,,,,,,,,4007,榮田 将彦,84期,山口,山口,47,B1,,0,0,0.14,4.62,24.7,45.5,0.0,0.0,0.0,0,17,46.5,58.9,0,46,33.1,47.5,6,1,4,4,0.07,2,9,3,3,0.14,3,2,1,1,0.13,1,,,,,,3,5,5,0.09,5,12,5,6,0.04,2,5,2,2,0.14,6,,,,,,,,,,,,,,,,,,,,,,,,,,,,,,,,,,,,3984,坂口 周,83期,三重,三重,48,A1,,0,0,0.17,6.28,41.6,64.9,7.36,63.6,72.7,0,23,33.8,45.5,0,48,37.4,51.3,2,,,,,,9,2,2,0.17,2,4,1,1,0.1,1,12,3,3,0.2,6,2,6,6,0.22,4,9,5,5,0.23,3,8,4,4,0.12,4,12,3,3,0.1,3,,,,,,,,,,,,,,,,,,,,,,,,,,,,,,
202608040612,2026-08-04,06,12R,3854,吉川 元浩,79期,兵庫,兵庫,53,A1,,1,0,0.14,6.89,43.1,64.7,6.13,37.5,54.1,0,44,30.8,45.5,0,15,36.4,52.7,7,3,6,6,0.34,3,12,3,3,0.15,2,8,3,4,0.1,1,12,1,1,0.16,1,5,2,2,0.13,1,,,,,,6,4,5,0.23,1,12,1,1,0.06,2,,,,,,,,,,,,,,,,,,,,,,,,,,,,,,,4040,廣瀬 将亨,85期,兵庫,兵庫,47,A2,,0,0,0.15,5.89,40.9,55.1,5.58,35.0,60.0,0,62,49.3,56.3,0,50,34.5,53.1,5,5,3,3,0.09,1,,,,,,3,5,4,0.13,3,10,1,1,0.21,1,3,2,2,0.2,3,11,5,5,0.19,1,2,3,3,0.06,1,12,6,6,0.21,6,,,,,,,,,,,,,,,,,,,,,,,,,,,,,,,4086,寺本 重宣,87期,東京,神奈川,46,A2,,0,0,0.15,6.1,41.1,59.6,5.29,35.7,35.7,0,40,34.6,47.4,0,72,32.7,51.9,6,3,3,3,0.32,4,10,4,4,0.23,3,1,2,2,0.1,1,10,6,6,0.01,4,6,5,5,0.16,2,,,,,,5,1,1,0.13,1,12,2,2,0.1,1,,,,,,,,,,,,,,,,,,,,,,,,,,,,,,,3909,佐々木 康幸,81期,静岡,静岡,52,A1,,0,0,0.12,6.6,48.7,66.6,7.1,57.6,75.2,0,6,28.1,48.4,0,21,43.8,58.2,2,6,5,6,0.09,3,12,2,2,0.12,5,,,,,,7,3,3,0.15,2,4,1,1,0.01,1,12,4,4,0.06,6,5,5,5,0.12,5,11,1,1,0.08,1,,,,,,,,,,,,,,,,,,,,,,,,,,,,,,,3319,山崎 義明,61期,埼玉,埼玉,59,A2,,0,0,0.16,5.59,37.8,60.5,6.47,52.9,70.5,0,8,27.4,39.7,0,60,30.9,44.5,8,3,4,4,0.22,1,,,,,,5,3,3,0.19,3,11,6,6,0.12,3,6,2,2,0.21,3,12,6,5,0.12,4,6,5,4,0.28,5,10,1,1,0.25,2,,,,,,,,,,,,,,,,,,,,,,,,,,,,,,,3562,山下 和彦,70期,広島,広島,57,A2,,0,0,0.18,6.01,44.3,62.4,7.45,63.6,90.9,0,13,37.6,62.3,0,63,34.4,54.3,7,2,2,2,0.18,2,10,6,6,0.27,5,,,,,,7,5,5,0.18,3,1,3,3,0.21,2,9,4,4,0.07,1,,,,,,8,1,1,0.17,1,,,,,,,,,,,,,,,,,,,,,,,,,,,,,,
202608040801,2026-08-04,08,01R,5085,中村 栄治,124期,福井,福井,27,A2,,0,0,0.22,5.51,38.0,52.1,4.07,26.6,33.3,0,11,25.5,43.3,0,39,65.0,70.0,9,,,,,,7,3,3,0.16,4,1,1,1,0.18,1,11,2,2,0.23,6,4,6,6,0.22,4,,,,,,4,5,5,0.16,5,8,4,4,0.19,3,,,,,,7,3,3,0.23,2,,,,,,,,,,,,,,,,,,,,,5288,尾道 佳諭,132期,埼玉,長崎,26,B1,,0,0,0.17,4.21,16.6,33.3,1.77,4.5,4.5,0,22,31.6,45.0,0,70,12.0,56.0,8,1,2,2,0.07,6,7,6,6,0.17,6,4,5,5,0.2,転,,,,,,2,3,3,0.09,4,8,4,4,0.15,6,,,,,,7,1,1,0.14,4,6,4,4,0.13,6,,,,,,,,,,,,,,,,,,,,,,,,,,5286,坂井 滉哉,132期,福岡,福岡,27,B1,,0,0,0.16,4.71,25.4,43.4,4.76,28.0,36.0,0,18,28.8,44.1,0,43,37.5,50.0,8,,,,,,9,6,6,0.14,6,1,3,3,0.19,4,10,5,5,0.13,6,,,,,,10,2,2,0.07,4,3,1,1,0.09,3,9,4,4,0.19,2,,,,,,8,2,2,0.13,6,,,,,,,,,,,,,,,,,,,,,5407,中岡 駿,136期,香川,香川,21,B1,,1,0,0.19,2.47,7.2,13.5,0.0,0.0,0.0,0,7,34.9,53.1,0,12,15.7,47.3,6,5,3,3,0.45,5,,,,,,1,2,2,0.16,5,8,6,6,0.16,5,,,,,,10,4,4,0.13,5,2,1,1,0.17,5,6,5,5,0.23,3,,,,,,7,5,5,0.28,5,,,,,,,,,,,,,,,,,,,,,5308,藤森 拓海,132期,福岡,福岡,22,B1,,0,0,0.17,4.6,24.7,40.2,2.14,0.0,14.2,0,37,32.9,48.9,0,29,23.5,41.1,9,3,1,1,0.21,2,10,5,5,0.15,3,5,3,3,0.09,4,,,,,,5,2,2,0.09,3,12,4,4,0.06,6,4,6,6,0.13,6,,,,,,5,3,3,0.16,2,,,,,,,,,,,,,,,,,,,,,,,,,,5127,沼田 大都,126期,愛知,広島,29,B1,,0,0,0.22,4.63,21.3,46.0,4.79,22.8,45.6,0,51,36.2,52.3,0,62,35.7,53.5,5,2,1,1,0.16,3,9,3,3,0.15,5,6,4,4,0.25,5,,,,,,6,6,6,0.19,6,11,2,2,0.3,4,4,4,4,0.11,3,,,,,,,,,,,9,1,1,0.19,2,,,,,,,,,,,,,,,,,,,,
202608040802,2026-08-04,08,02R,5282,中本 大樹,131期,福井,石川,23,B1,,0,0,0.17,5.51,36.5,57.3,2.77,9.0,22.7,0,20,32.8,48.4,0,19,35.2,41.1,10,1,3,3,0.08,2,6,4,4,0.13,5,5,6,6,0.17,3,,,,,,3,1,1,0.11,1,7,2,2,0.1,2,,,,,,11,5,5,0.09,5,5,2,2,0.18,6,12,5,5,0.06,6,,,,,,,,,,,,,,,,,,,,,5212,西川 拓利,129期,福岡,福岡,27,A2,,0,0,0.13,6.28,45.6,67.2,5.1,30.0,57.5,0,47,33.3,51.5,0,59,22.2,33.3,11,5,5,5,0.14,3,10,1,1,0.06,1,3,3,3,0.1,2,10,2,2,0.15,4,3,4,4,0.1,3,12,6,6,0.11,5,,,,,,7,3,3,0.15,3,3,1,1,0.05,1,10,6,6,0.11,4,,,,,,,,,,,,,,,,,,,,,5376,吉田 一心,135期,大阪,大阪,22,B1,,0,0,0.17,5.1,32.3,49.0,2.31,7.6,15.3,0,43,34.0,45.2,0,72,42.8,57.1,10,,,,,,11,3,3,0.14,5,2,5,5,0.22,6,10,4,4,0.18,2,2,1,1,0.09,1,,,,,,3,6,6,0.38,4,12,2,2,0.22,2,4,1,1,0.02,1,11,6,6,0.32,6,,,,,,,,,,,,,,,,,,,,,5345,牧村 俊輝,134期,愛知,岐阜,23,B1,,0,0,0.2,3.23,9.5,19.1,1.92,2.0,8.0,0,40,33.5,50.7,0,51,19.2,30.7,7,6,6,6,0.13,6,,,,,,2,1,1,0.09,1,9,4,4,0.47,6,4,3,3,0.26,6,9,2,2,0.13,5,,,,,,10,3,3,0.07,5,,,,,,8,5,5,0.13,4,,,,,,,,,,,,,,,,,,,,,5279,石渡 翔一郎,131期,東京,千葉,23,B1,,0,0,0.16,5.31,35.4,54.1,5.27,26.6,53.3,0,60,33.3,51.9,0,75,29.4,52.9,6,,,,,,8,1,1,0.11,1,6,2,2,0.1,1,11,5,5,0.16,4,1,2,2,0.12,1,7,6,6,0.15,4,2,3,3,0.08,落,12,4,4,0.16,5,3,3,3,0.15,2,,,,,,,,,,,,,,,,,,,,,,,,,,5379,廣部 大明,135期,滋賀,滋賀,22,B1,,0,0,0.2,3.33,7.5,22.7,1.79,0.0,0.0,0,4,33.5,48.9,0,52,35.0,50.0,7,3,3,3,0.21,6,8,5,5,0.19,6,4,4,4,0.17,4,,,,,,,,,,,7,1,1,0.03,1,2,6,6,0.12,4,8,2,2,0.1,5,1,3,3,0.1,6,,,,,,,,,,,,,,,,,,,,,,,,,
202608040803,2026-08-04,08,03R,5137,川原 涼,126期,愛知,愛知,26,A2,,0,0,0.17,5.2,36.0,52.2,6.05,40.9,54.5,0,21,34.5,53.9,0,34,39.1,43.4,,1,1,1,0.11,1,11,5,5,0.22,2,,,,,,7,2,2,0.09,4,2,6,6,0.18,6,7,4,4,0.24,6,3,3,3,0.09,1,,,,,,2,6,6,0.18,5,8,3,3,0.14,2,,,,,,,,,,,,,,,,,,,,,5352,西岡 蒼志,134期,香川,香川,21,B1,,0,0,0.16,5.27,35.9,46.4,4.6,20.0,40.0,0,49,26.2,39.4,0,60,69.5,73.9,9,2,2,2,0.17,5,7,1,1,0.11,1,,,,,,9,3,3,0.31,4,1,6,6,0.18,6,6,4,4,0.16,4,5,5,5,0.2,5,,,,,,2,4,4,0.19,4,,,,,,,,,,,,,,,,,,,,,,,,,,5150,坂本 雄紀,127期,群馬,群馬,31,A1,,1,0,0.14,6.42,51.3,66.3,5.29,33.3,42.8,0,16,37.0,54.3,0,56,16.6,38.8,11,3,4,4,0.21,4,11,1,1,0.11,1,,,,,,10,6,6,0.13,5,6,2,2,0.11,2,12,5,5,0.12,3,6,1,1,0.13,1,10,4,4,0.17,3,3,5,5,0.11,4,12,3,3,0.11,5,,,,,,,,,,,,,,,,,,,,,5364,金子 怜央,135期,群馬,群馬,26,B1,,0,0,0.17,2.5,4.0,12.2,1.29,0.0,0.0,0,15,29.2,49.7,0,50,55.5,61.1,8,5,6,6,0.24,6,,,,,,4,1,1,0.12,5,10,3,3,0.15,3,4,4,4,0.3,5,,,,,,3,2,2,0.12,6,8,3,3,0.16,6,1,6,6,0.08,5,,,,,,,,,,,,,,,,,,,,,,,,,,5197,中野 仁照,128期,愛知,愛知,24,B2,,1,0,0.14,5.94,43.0,63.0,5.54,33.3,50.0,0,53,39.7,51.3,0,74,50.0,72.2,7,2,4,4,0.15,4,10,3,3,0.09,4,,,,,,9,1,1,0.27,1,3,6,6,0.13,5,10,5,5,0.14,6,6,2,2,0.18,4,,,,,,6,3,3,0.18,3,,,,,,,,,,,,,,,,,,,,,,,,,,5432,安藤 瑠希,137期,静岡,静岡,21,B1,,0,0,0.17,2.89,7.1,17.8,0.0,0.0,0.0,0,32,30.7,46.1,0,35,35.0,55.0,7,,,,,,7,4,4,0.15,2,1,5,5,0.2,6,6,6,6,0.15,6,,,,,,7,5,5,0.09,5,3,4,4,0.12,5,7,6,6,0.2,5,5,4,4,0.14,4,,,,,,,,,,,,,,,,,,,,,,,,,
202608040804,2026-08-04,08,04R,5034,若林 義人,122期,静岡,静岡,28,A1,,0,0,0.12,6.59,50.3,65.5,5.88,29.4,41.1,0,41,31.9,48.2,0,67,25.0,50.0,10,3,6,6,0.09,1,12,2,2,0.05,6,5,1,1,0.08,1,12,4,4,0.19,4,6,5,5,0.19,5,10,3,3,0.07,2,3,5,5,0.16,2,11,1,1,0.1,1,3,6,6,0.12,5,10,2,2,0.01,5,,,,,,,,,,,,,,,,,,,,,5226,藤田 俊祐,129期,東京,東京,24,B1,,0,0,0.16,5.11,31.1,51.1,7.4,60.0,80.0,0,38,31.1,47.0,0,47,32.0,52.0,9,7,2,2,0.16,3,11,6,6,0.28,4,6,3,3,0.13,3,,,,,,2,5,5,0.18,3,9,1,1,0.09,1,2,4,4,0.13,3,,,,,,2,3,3,0.21,2,9,2,2,0.22,1,,,,,,,,,,,,,,,,,,,,,5243,三馬 崇史,130期,広島,広島,25,B1,,0,0,0.17,5.47,37.0,52.7,5.63,37.5,50.0,0,29,34.3,57.0,0,68,22.7,22.7,,6,3,3,0.13,2,,,,,,1,4,4,0.25,2,12,2,2,0.07,3,,,,,,9,6,6,0.14,4,4,1,1,0.11,2,10,5,5,0.16,6,2,5,5,0.17,6,7,2,2,0.2,3,,,,,,,,,,,,,,,,,,,,,5394,福西 広太郎,136期,埼玉,静岡,24,B1,,0,0,0.18,2.94,5.9,20.7,2.0,0.0,0.0,0,48,22.9,35.4,0,61,21.4,46.4,8,3,5,5,0.16,5,9,4,4,0.17,4,,,,,,9,6,6,0.37,5,1,4,4,0.22,3,8,5,5,0.19,4,,,,,,8,6,6,0.24,4,4,4,4,0.23,6,,,,,,,,,,,,,,,,,,,,,,,,,,5271,杉山 太陽,131期,福岡,福岡,25,B1,,0,0,0.19,4.06,17.5,35.0,0.0,0.0,0.0,0,46,28.0,47.5,0,27,30.7,42.3,9,4,1,1,0.12,3,,,,,,3,2,2,0.13,1,8,4,4,0.1,6,5,6,6,0.13,5,,,,,,1,5,5,0.2,6,6,3,3,0.29,6,4,3,3,0.08,5,,,,,,,,,,,,,,,,,,,,,,,,,,5092,篠原 晟弥,124期,福岡,福岡,25,A2,,1,0,0.13,6.12,46.3,57.2,3.71,14.2,28.5,0,10,41.0,55.5,0,55,42.1,63.1,10,4,4,4,0.21,2,9,1,1,0.11,1,2,2,2,0.1,3,12,6,6,0.11,5,,,,,,11,5,5,0.27,5,5,3,3,0.13,3,10,2,2,0.13,2,8,1,1,0.07,1,12,4,4,0.09,3,,,,,,,,,,,,,,,,,,,,
202608040805,2026-08-04,08,05R,5219,森口 和紀,129期,福岡,福岡,25,B1,,0,0,0.2,5.06,37.5,47.7,4.06,23.5,23.5,0,45,30.5,47.7,0,40,37.9,62.0,,6,2,2,0.13,4,,,,,,7,1,1,0.09,1,12,5,5,0.09,6,3,3,3,0.1,4,,,,,,1,4,4,0.18,4,10,6,6,0.37,4,1,5,5,0.02,3,6,2,2,0.17,2,,,,,,,,,,,,,,,,,,,,,5135,仲 航太,126期,東京,神奈川,26,B1,,0,0,0.19,4.6,30.5,41.6,4.96,30.4,47.8,0,56,26.6,47.7,0,58,37.9,55.1,11,4,5,5,0.41,5,,,,,,2,3,3,0.13,2,7,6,6,0.12,5,4,1,1,0.16,2,,,,,,1,3,3,0.17,1,7,2,2,0.15,2,7,1,1,0.08,1,11,4,4,0.3,5,,,,,,,,,,,,,,,,,,,,,5127,沼田 大都,126期,愛知,広島,29,B1,,0,0,0.22,4.63,21.3,46.0,4.79,22.8,45.6,0,51,36.2,52.3,0,62,35.7,53.5,1,2,1,1,0.16,3,9,3,3,0.15,5,6,4,4,0.25,5,,,,,,6,6,6,0.19,6,11,2,2,0.3,4,4,4,4,0.11,3,,,,,,,,,,,9,1,1,0.19,2,,,,,,,,,,,,,,,,,,,,,5289,佃 來紀,132期,大阪,奈良,25,A2,,0,0,0.16,5.93,42.0,61.6,3.85,7.6,46.1,0,50,34.0,48.6,0,25,26.0,26.0,10,5,1,1,0.16,2,9,5,5,0.17,3,,,,,,7,3,3,0.15,2,,,,,,8,2,2,0.05,3,6,4,4,0.35,5,12,6,6,0.07,3,1,1,1,0.02,1,12,6,6,0.14,4,,,,,,,,,,,,,,,,,,,,,4983,前田 篤哉,120期,愛知,愛知,29,A1,,1,0,0.15,6.95,55.5,72.2,6.7,54.9,69.6,0,58,32.8,47.4,0,45,13.6,27.2,9,7,5,5,0.18,5,12,1,1,0.1,4,4,6,6,0.16,2,11,4,4,0.17,5,5,3,3,0.13,2,10,1,1,0.09,1,4,2,2,0.1,4,9,5,5,0.17,5,4,2,2,0.09,4,9,6,6,0.22,4,,,,,,,,,,,,,,,,,,,,,5134,大原 祥昌,126期,広島,広島,26,A2,,0,0,0.15,5.59,42.4,56.5,6.29,42.8,57.1,0,25,28.0,47.4,0,13,15.3,38.4,11,4,3,3,0.14,1,11,4,4,0.16,6,6,1,1,0.09,2,,,,,,8,6,6,0.16,5,12,2,2,0.08,1,5,4,4,0.14,4,9,2,2,0.17,3,6,1,1,0.19,1,10,5,5,0.14,3,,,,,,,,,,,,,,,,,,,,
202608040806,2026-08-04,08,06R,5145,島川 海輝,126期,山口,山口,23,A2,,0,0,0.16,5.95,46.6,58.5,6.28,50.0,61.1,0,9,43.0,57.5,0,48,41.6,66.6,10,2,5,5,0.13,6,,,,,,5,2,2,0.1,2,11,6,6,0.23,2,5,4,4,0.12,4,9,3,3,0.12,3,,,,,,8,1,1,0.07,1,2,2,2,0.15,3,11,5,5,0.29,4,,,,,,,,,,,,,,,,,,,,,5407,中岡 駿,136期,香川,香川,21,B1,,1,0,0.19,2.47,7.2,13.5,0.0,0.0,0.0,0,7,34.9,53.1,0,12,15.7,47.3,1,5,3,3,0.45,5,,,,,,1,2,2,0.16,5,8,6,6,0.16,5,,,,,,10,4,4,0.13,5,2,1,1,0.17,5,6,5,5,0.23,3,,,,,,7,5,5,0.28,5,,,,,,,,,,,,,,,,,,,,,5201,村上 宗太郎,128期,東京,北海道,23,B2,,0,0,0.21,5.24,33.3,50.7,5.73,45.4,54.5,0,24,33.6,47.4,0,18,47.3,68.4,11,,,,,,11,2,2,0.13,3,1,6,6,0.31,3,7,4,4,0.13,6,6,3,3,0.12,3,,,,,,1,2,2,0.19,3,9,1,1,0.17,1,2,1,1,0.17,1,8,4,4,0.17,5,,,,,,,,,,,,,,,,,,,,,5279,石渡 翔一郎,131期,東京,千葉,23,B1,,0,0,0.16,5.31,35.4,54.1,5.27,26.6,53.3,0,60,33.3,51.9,0,75,29.4,52.9,2,,,,,,8,1,1,0.11,1,6,2,2,0.1,1,11,5,5,0.16,4,1,2,2,0.12,1,7,6,6,0.15,4,2,3,3,0.08,落,12,4,4,0.16,5,3,3,3,0.15,2,,,,,,,,,,,,,,,,,,,,,,,,,,5066,鈴木 孝明,123期,埼玉,埼玉,27,A1,,0,0,0.17,6.73,53.2,70.9,5.44,37.5,62.5,0,26,34.0,51.0,0,71,27.7,50.0,11,4,6,6,0.19,4,12,3,3,0.07,5,7,5,5,0.12,3,11,1,1,0.15,1,3,2,2,0.13,2,9,4,4,0.11,2,5,1,1,0.24,2,12,5,5,0.11,6,5,6,6,0.29,3,11,3,3,0.19,3,,,,,,,,,,,,,,,,,,,,,5404,内田 壮,136期,山口,山口,22,B1,,0,0,0.2,2.02,3.1,10.9,0.0,0.0,0.0,0,6,33.1,47.2,0,16,29.6,48.1,,1,5,5,0.25,5,8,3,3,0.05,4,3,4,4,0.13,3,,,,,,2,4,4,0.12,5,10,6,6,0.12,3,1,6,6,0.25,5,,,,,,1,4,4,0.09,4,9,5,5,0.23,5,,,,,,,,,,,,,,,,,,,,
202608040807,2026-08-04,08,07R,5197,中野 仁照,128期,愛知,愛知,24,B2,,1,0,0.14,5.94,43.0,63.0,5.54,33.3,50.0,0,53,39.7,51.3,0,74,50.0,72.2,3,2,4,4,0.15,4,10,3,3,0.09,4,,,,,,9,1,1,0.27,1,3,6,6,0.13,5,10,5,5,0.14,6,6,2,2,0.18,4,,,,,,6,3,3,0.18,3,,,,,,,,,,,,,,,,,,,,,,,,,,5379,廣部 大明,135期,滋賀,滋賀,22,B1,,0,0,0.2,3.33,7.5,22.7,1.79,0.0,0.0,0,4,33.5,48.9,0,52,35.0,50.0,2,3,3,3,0.21,6,8,5,5,0.19,6,4,4,4,0.17,4,,,,,,,,,,,7,1,1,0.03,1,2,6,6,0.12,4,8,2,2,0.1,5,1,3,3,0.1,6,,,,,,,,,,,,,,,,,,,,,,,,,,5348,小林 甘寧,134期,広島,広島,22,B1,,0,0,0.16,5.19,34.0,52.2,0.0,0.0,0.0,0,34,26.1,41.6,0,42,21.0,42.1,,5,2,2,0.3,4,,,,,,2,6,6,0.14,4,11,3,3,0.23,3,3,5,5,0.16,6,8,1,1,0.1,1,,,,,,9,3,3,0.22,6,3,2,2,0.15,3,9,4,4,0.18,6,,,,,,,,,,,,,,,,,,,,,5432,安藤 瑠希,137期,静岡,静岡,21,B1,,0,0,0.17,2.89,7.1,17.8,0.0,0.0,0.0,0,32,30.7,46.1,0,35,35.0,55.0,3,,,,,,7,4,4,0.15,2,1,5,5,0.2,6,6,6,6,0.15,6,,,,,,7,5,5,0.09,5,3,4,4,0.12,5,7,6,6,0.2,5,5,4,4,0.14,4,,,,,,,,,,,,,,,,,,,,,,,,,,5345,牧村 俊輝,134期,愛知,岐阜,23,B1,,0,0,0.2,3.23,9.5,19.1,1.92,2.0,8.0,0,40,33.5,50.7,0,51,19.2,30.7,2,6,6,6,0.13,6,,,,,,2,1,1,0.09,1,9,4,4,0.47,6,4,3,3,0.26,6,9,2,2,0.13,5,,,,,,10,3,3,0.07,5,,,,,,8,5,5,0.13,4,,,,,,,,,,,,,,,,,,,,,5228,若林 樹蘭,129期,東京,山梨,23,A2,賞除,1,0,0.17,5.4,31.7,51.2,6.37,47.3,63.1,0,13,30.9,46.7,0,21,36.0,44.0,,6,5,5,0.18,3,10,4,4,0.15,2,4,2,2,0.15,1,8,3,3,0.14,3,6,1,1,0.08,1,,,,,,4,3,3,0.09,1,11,6,6,0.13,6,6,5,5,0.14,4,10,1,1,0.02,F,,,,,,,,,,,,,,,,,,,,
202608040808,2026-08-04,08,08R,5299,西丸 敦基,132期,香川,香川,23,A2,,0,0,0.15,6.0,42.9,57.9,0.0,0.0,0.0,0,54,28.9,44.2,0,69,26.3,42.1,,,,,,,8,2,2,0.02,2,5,4,4,0.17,5,9,5,5,0.25,2,,,,,,11,6,6,0.28,6,1,1,1,0.1,2,12,3,3,0.15,4,4,6,6,0.08,3,9,3,3,0.18,3,,,,,,,,,,,,,,,,,,,,,5364,金子 怜央,135期,群馬,群馬,26,B1,,0,0,0.17,2.5,4.0,12.2,1.29,0.0,0.0,0,15,29.2,49.7,0,50,55.5,61.1,3,5,6,6,0.24,6,,,,,,4,1,1,0.12,5,10,3,3,0.15,3,4,4,4,0.3,5,,,,,,3,2,2,0.12,6,8,3,3,0.16,6,1,6,6,0.08,5,,,,,,,,,,,,,,,,,,,,,,,,,,5288,尾道 佳諭,132期,埼玉,長崎,26,B1,,0,0,0.17,4.21,16.6,33.3,1.77,4.5,4.5,0,22,31.6,45.0,0,70,12.0,56.0,1,1,2,2,0.07,6,7,6,6,0.17,6,4,5,5,0.2,転,,,,,,2,3,3,0.09,4,8,4,4,0.15,6,,,,,,7,1,1,0.14,4,6,4,4,0.13,6,,,,,,,,,,,,,,,,,,,,,,,,,,5286,坂井 滉哉,132期,福岡,福岡,27,B1,,0,0,0.16,4.71,25.4,43.4,4.76,28.0,36.0,0,18,28.8,44.1,0,43,37.5,50.0,1,,,,,,9,6,6,0.14,6,1,3,3,0.19,4,10,5,5,0.13,6,,,,,,10,2,2,0.07,4,3,1,1,0.09,3,9,4,4,0.19,2,,,,,,8,2,2,0.13,6,,,,,,,,,,,,,,,,,,,,,5253,藤井 太雅,130期,東京,東京,23,B2,,1,0,0.27,2.55,0.0,10.3,3.14,14.2,28.5,0,33,27.3,40.4,0,22,47.8,65.2,,1,4,4,0.22,4,9,2,2,0.14,2,4,3,3,0.28,3,,,,,,1,5,5,0.21,4,5,1,1,0.12,1,5,6,6,0.28,6,,,,,,1,2,2,0.15,2,7,4,4,0.3,6,,,,,,,,,,,,,,,,,,,,,5394,福西 広太郎,136期,埼玉,静岡,24,B1,,0,0,0.18,2.94,5.9,20.7,2.0,0.0,0.0,0,48,22.9,35.4,0,61,21.4,46.4,4,3,5,5,0.16,5,9,4,4,0.17,4,,,,,,9,6,6,0.37,5,1,4,4,0.22,3,8,5,5,0.19,4,,,,,,8,6,6,0.24,4,4,4,4,0.23,6,,,,,,,,,,,,,,,,,,,,,,,,,
202608040809,2026-08-04,08,09R,4983,前田 篤哉,120期,愛知,愛知,29,A1,,1,0,0.15,6.95,55.5,72.2,6.7,54.9,69.6,0,58,32.8,47.4,0,45,13.6,27.2,5,7,5,5,0.18,5,12,1,1,0.1,4,4,6,6,0.16,2,11,4,4,0.17,5,5,3,3,0.13,2,10,1,1,0.09,1,4,2,2,0.1,4,9,5,5,0.17,5,4,2,2,0.09,4,9,6,6,0.22,4,,,,,,,,,,,,,,,,,,,,,5271,杉山 太陽,131期,福岡,福岡,25,B1,,0,0,0.19,4.06,17.5,35.0,0.0,0.0,0.0,0,46,28.0,47.5,0,27,30.7,42.3,4,4,1,1,0.12,3,,,,,,3,2,2,0.13,1,8,4,4,0.1,6,5,6,6,0.13,5,,,,,,1,5,5,0.2,6,6,3,3,0.29,6,4,3,3,0.08,5,,,,,,,,,,,,,,,,,,,,,,,,,,5352,西岡 蒼志,134期,香川,香川,21,B1,,0,0,0.16,5.27,35.9,46.4,4.6,20.0,40.0,0,49,26.2,39.4,0,60,69.5,73.9,3,2,2,2,0.17,5,7,1,1,0.11,1,,,,,,9,3,3,0.31,4,1,6,6,0.18,6,6,4,4,0.16,4,5,5,5,0.2,5,,,,,,2,4,4,0.19,4,,,,,,,,,,,,,,,,,,,,,,,,,,5308,藤森 拓海,132期,福岡,福岡,22,B1,,0,0,0.17,4.6,24.7,40.2,2.14,0.0,14.2,0,37,32.9,48.9,0,29,23.5,41.1,1,3,1,1,0.21,2,10,5,5,0.15,3,5,3,3,0.09,4,,,,,,5,2,2,0.09,3,12,4,4,0.06,6,4,6,6,0.13,6,,,,,,5,3,3,0.16,2,,,,,,,,,,,,,,,,,,,,,,,,,,5085,中村 栄治,124期,福井,福井,27,A2,,0,0,0.22,5.51,38.0,52.1,4.07,26.6,33.3,0,11,25.5,43.3,0,39,65.0,70.0,1,,,,,,7,3,3,0.16,4,1,1,1,0.18,1,11,2,2,0.23,6,4,6,6,0.22,4,,,,,,4,5,5,0.16,5,8,4,4,0.19,3,,,,,,7,3,3,0.23,2,,,,,,,,,,,,,,,,,,,,,5226,藤田 俊祐,129期,東京,東京,24,B1,,0,0,0.16,5.11,31.1,51.1,7.4,60.0,80.0,0,38,31.1,47.0,0,47,32.0,52.0,4,7,2,2,0.16,3,11,6,6,0.28,4,6,3,3,0.13,3,,,,,,2,5,5,0.18,3,9,1,1,0.09,1,2,4,4,0.13,3,,,,,,2,3,3,0.21,2,9,2,2,0.22,1,,,,,,,,,,,,,,,,,,,,
202608040810,2026-08-04,08,10R,5092,篠原 晟弥,124期,福岡,福岡,25,A2,,1,0,0.13,6.12,46.3,57.2,3.71,14.2,28.5,0,10,41.0,55.5,0,55,42.1,63.1,4,4,4,4,0.21,2,9,1,1,0.11,1,2,2,2,0.1,3,12,6,6,0.11,5,,,,,,11,5,5,0.27,5,5,3,3,0.13,3,10,2,2,0.13,2,8,1,1,0.07,1,12,4,4,0.09,3,,,,,,,,,,,,,,,,,,,,,5145,島川 海輝,126期,山口,山口,23,A2,,0,0,0.16,5.95,46.6,58.5,6.28,50.0,61.1,0,9,43.0,57.5,0,48,41.6,66.6,6,2,5,5,0.13,6,,,,,,5,2,2,0.1,2,11,6,6,0.23,2,5,4,4,0.12,4,9,3,3,0.12,3,,,,,,8,1,1,0.07,1,2,2,2,0.15,3,11,5,5,0.29,4,,,,,,,,,,,,,,,,,,,,,5289,佃 來紀,132期,大阪,奈良,25,A2,,0,0,0.16,5.93,42.0,61.6,3.85,7.6,46.1,0,50,34.0,48.6,0,25,26.0,26.0,5,5,1,1,0.16,2,9,5,5,0.17,3,,,,,,7,3,3,0.15,2,,,,,,8,2,2,0.05,3,6,4,4,0.35,5,12,6,6,0.07,3,1,1,1,0.02,1,12,6,6,0.14,4,,,,,,,,,,,,,,,,,,,,,5034,若林 義人,122期,静岡,静岡,28,A1,,0,0,0.12,6.59,50.3,65.5,5.88,29.4,41.1,0,41,31.9,48.2,0,67,25.0,50.0,4,3,6,6,0.09,1,12,2,2,0.05,6,5,1,1,0.08,1,12,4,4,0.19,4,6,5,5,0.19,5,10,3,3,0.07,2,3,5,5,0.16,2,11,1,1,0.1,1,3,6,6,0.12,5,10,2,2,0.01,5,,,,,,,,,,,,,,,,,,,,,5282,中本 大樹,131期,福井,石川,23,B1,,0,0,0.17,5.51,36.5,57.3,2.77,9.0,22.7,0,20,32.8,48.4,0,19,35.2,41.1,2,1,3,3,0.08,2,6,4,4,0.13,5,5,6,6,0.17,3,,,,,,3,1,1,0.11,1,7,2,2,0.1,2,,,,,,11,5,5,0.09,5,5,2,2,0.18,6,12,5,5,0.06,6,,,,,,,,,,,,,,,,,,,,,5376,吉田 一心,135期,大阪,大阪,22,B1,,0,0,0.17,5.1,32.3,49.0,2.31,7.6,15.3,0,43,34.0,45.2,0,72,42.8,57.1,2,,,,,,11,3,3,0.14,5,2,5,5,0.22,6,10,4,4,0.18,2,2,1,1,0.09,1,,,,,,3,6,6,0.38,4,12,2,2,0.22,2,4,1,1,0.02,1,11,6,6,0.32,6,,,,,,,,,,,,,,,,,,,,
202608040811,2026-08-04,08,11R,5066,鈴木 孝明,123期,埼玉,埼玉,27,A1,,0,0,0.17,6.73,53.2,70.9,5.44,37.5,62.5,0,26,34.0,51.0,0,71,27.7,50.0,6,4,6,6,0.19,4,12,3,3,0.07,5,7,5,5,0.12,3,11,1,1,0.15,1,3,2,2,0.13,2,9,4,4,0.11,2,5,1,1,0.24,2,12,5,5,0.11,6,5,6,6,0.29,3,11,3,3,0.19,3,,,,,,,,,,,,,,,,,,,,,5134,大原 祥昌,126期,広島,広島,26,A2,,0,0,0.15,5.59,42.4,56.5,6.29,42.8,57.1,0,25,28.0,47.4,0,13,15.3,38.4,5,4,3,3,0.14,1,11,4,4,0.16,6,6,1,1,0.09,2,,,,,,8,6,6,0.16,5,12,2,2,0.08,1,5,4,4,0.14,4,9,2,2,0.17,3,6,1,1,0.19,1,10,5,5,0.14,3,,,,,,,,,,,,,,,,,,,,,5212,西川 拓利,129期,福岡,福岡,27,A2,,0,0,0.13,6.28,45.6,67.2,5.1,30.0,57.5,0,47,33.3,51.5,0,59,22.2,33.3,2,5,5,5,0.14,3,10,1,1,0.06,1,3,3,3,0.1,2,10,2,2,0.15,4,3,4,4,0.1,3,12,6,6,0.11,5,,,,,,7,3,3,0.15,3,3,1,1,0.05,1,10,6,6,0.11,4,,,,,,,,,,,,,,,,,,,,,5150,坂本 雄紀,127期,群馬,群馬,31,A1,,1,0,0.14,6.42,51.3,66.3,5.29,33.3,42.8,0,16,37.0,54.3,0,56,16.6,38.8,3,3,4,4,0.21,4,11,1,1,0.11,1,,,,,,10,6,6,0.13,5,6,2,2,0.11,2,12,5,5,0.12,3,6,1,1,0.13,1,10,4,4,0.17,3,3,5,5,0.11,4,12,3,3,0.11,5,,,,,,,,,,,,,,,,,,,,,5135,仲 航太,126期,東京,神奈川,26,B1,,0,0,0.19,4.6,30.5,41.6,4.96,30.4,47.8,0,56,26.6,47.7,0,58,37.9,55.1,5,4,5,5,0.41,5,,,,,,2,3,3,0.13,2,7,6,6,0.12,5,4,1,1,0.16,2,,,,,,1,3,3,0.17,1,7,2,2,0.15,2,7,1,1,0.08,1,11,4,4,0.3,5,,,,,,,,,,,,,,,,,,,,,5201,村上 宗太郎,128期,東京,北海道,23,B2,,0,0,0.21,5.24,33.3,50.7,5.73,45.4,54.5,0,24,33.6,47.4,0,18,47.3,68.4,6,,,,,,11,2,2,0.13,3,1,6,6,0.31,3,7,4,4,0.13,6,6,3,3,0.12,3,,,,,,1,2,2,0.19,3,9,1,1,0.17,1,2,1,1,0.17,1,8,4,4,0.17,5,,,,,,,,,,,,,,,,,,,,
202608040812,2026-08-04,08,12R,5368,宮崎 心之介,135期,埼玉,埼玉,24,B1,,0,0,0.17,6.0,43.2,61.7,4.61,22.2,44.4,0,36,28.6,51.0,0,77,19.2,34.6,,2,6,6,0.09,2,8,4,4,0.26,3,,,,,,8,1,1,0.15,1,4,5,5,0.11,1,12,3,3,0.14,2,5,2,2,0.07,1,11,3,3,0.1,4,4,5,5,0.1,2,11,1,1,0.14,1,,,,,,,,,,,,,,,,,,,,,5132,中野 希一,126期,埼玉,埼玉,27,A1,,1,0,0.13,6.74,55.5,69.6,5.72,27.7,66.6,0,28,27.7,48.6,0,36,32.0,40.0,,8,6,6,0.19,5,12,4,4,0.16,1,6,5,5,0.17,4,10,1,1,0.13,1,2,2,2,0.13,2,11,3,3,0.23,2,8,5,5,0.17,2,12,1,1,0.18,1,8,6,6,0.11,3,12,1,1,0.13,1,,,,,,,,,,,,,,,,,,,,,5252,荒木 颯斗,130期,愛知,愛知,23,A2,,0,0,0.14,5.87,41.5,61.5,5.09,33.3,50.0,0,8,34.6,51.0,0,17,15.0,35.0,,3,2,2,0.16,3,,,,,,3,5,5,0.1,4,12,3,3,0.07,2,1,1,1,0.12,2,11,4,4,0.17,3,2,2,2,0.08,1,9,6,6,0.17,4,5,5,5,0.11,5,10,3,3,0.09,1,,,,,,,,,,,,,,,,,,,,,5234,塚越 海斗,130期,群馬,群馬,27,A1,,0,0,0.15,6.66,52.9,69.8,5.62,42.8,61.9,0,1,34.0,51.8,0,23,35.0,60.0,,6,1,1,0.15,1,12,5,5,0.18,2,3,6,6,0.14,5,9,2,2,0.25,3,7,3,3,0.18,3,12,1,1,0.05,4,7,5,5,0.07,1,11,4,4,0.09,2,6,6,6,0.18,5,12,2,2,0.13,2,,,,,,,,,,,,,,,,,,,,,5280,廣瀬 凜,131期,滋賀,京都,23,A1,,0,0,0.16,7.07,53.7,76.8,5.12,29.4,52.9,0,5,35.1,55.4,0,30,50.0,60.0,,5,4,4,0.21,1,12,6,6,0.15,3,8,5,5,0.12,4,12,1,1,0.08,1,4,2,2,0.2,3,8,3,3,0.16,2,2,5,5,0.15,2,10,1,1,0.09,1,7,6,6,0.29,4,11,2,2,0.2,2,,,,,,,,,,,,,,,,,,,,,5222,津田 陸翔,129期,広島,広島,25,A1,,1,0,0.17,6.09,42.2,64.2,7.33,33.3,100.0,0,52,33.3,51.8,0,78,48.2,55.1,,2,3,3,0.16,1,,,,,,2,4,4,0.19,5,8,2,2,0.16,2,5,5,5,0.14,6,11,1,1,0.28,1,6,6,6,0.32,2,11,2,2,0.1,3,5,1,1,0.2,1,10,4,4,0.15,2,,,,,,,,,,,,,,,,,,,,
202608041001,2026-08-04,10,01R,4826,井上 一輝,114期,大阪,大阪,32,A1,,0,0,0.13,7.06,52.9,72.5,7.37,55.5,74.0,0,58,34.6,51.4,0,67,27.0,43.5,12,,,,,,,,,,,,,,,,,,,,,,,,,,,,,,,,,,,,,,,,,,,,,,,,,,,,,,,,,,,,,,,,,,,,,,,4876,梅木 敬太,116期,福井,福井,31,B1,,0,0,0.17,4.93,28.5,46.9,4.8,30.8,44.7,0,60,36.0,51.0,0,26,40.6,57.1,7,,,,,,,,,,,,,,,,,,,,,,,,,,,,,,,,,,,,,,,,,,,,,,,,,,,,,,,,,,,,,,,,,,,,,,,3834,細川 明人,78期,岡山,岡山,51,B1,,0,0,0.19,4.3,28.5,35.7,4.83,41.6,41.6,0,51,42.3,61.9,0,46,38.9,53.6,6,,,,,,,,,,,,,,,,,,,,,,,,,,,,,,,,,,,,,,,,,,,,,,,,,,,,,,,,,,,,,,,,,,,,,,,5020,宮村 勇哉,122期,三重,三重,34,B1,,0,0,0.18,4.92,30.1,48.3,4.07,13.3,40.0,0,28,33.6,58.9,0,49,24.7,45.1,8,,,,,,,,,,,,,,,,,,,,,,,,,,,,,,,,,,,,,,,,,,,,,,,,,,,,,,,,,,,,,,,,,,,,,,,4226,村田 浩司,92期,山口,山口,43,B1,,0,0,0.15,4.4,22.4,44.9,4.16,16.0,40.0,0,67,24.2,37.8,0,59,30.5,47.3,10,,,,,,,,,,,,,,,,,,,,,,,,,,,,,,,,,,,,,,,,,,,,,,,,,,,,,,,,,,,,,,,,,,,,,,,3660,長谷川 親王,73期,香川,香川,57,B1,,0,0,0.19,3.54,11.3,26.5,4.67,33.3,44.4,0,52,40.4,53.9,0,36,26.8,37.6,9,,,,,,,,,,,,,,,,,,,,,,,,,,,,,,,,,,,,,,,,,,,,,,,,,,,,,,,,,,,,,,,,,,,,,,
202608041002,2026-08-04,10,02R,3963,原田 秀弥,82期,大阪,奈良,47,A2,,0,0,0.17,5.73,36.6,60.4,6.0,31.8,75.0,0,42,49.4,66.3,0,72,31.6,50.0,8,,,,,,,,,,,,,,,,,,,,,,,,,,,,,,,,,,,,,,,,,,,,,,,,,,,,,,,,,,,,,,,,,,,,,,,4991,宗行 治哉,120期,広島,広島,29,A1,,0,0,0.18,6.98,47.1,71.2,5.17,27.7,50.0,0,70,32.2,47.3,0,34,36.0,51.5,12,,,,,,,,,,,,,,,,,,,,,,,,,,,,,,,,,,,,,,,,,,,,,,,,,,,,,,,,,,,,,,,,,,,,,,,5091,為本 智也,124期,福井,石川,25,B1,,0,0,0.17,6.3,47.3,66.6,6.08,43.4,61.7,0,41,21.2,41.4,0,37,34.4,47.1,,,,,,,,,,,,,,,,,,,,,,,,,,,,,,,,,,,,,,,,,,,,,,,,,,,,,,,,,,,,,,,,,,,,,,,,5369,岡崎 凪汰,135期,長崎,大分,24,B1,,0,0,0.17,3.09,12.6,18.9,3.63,25.0,25.0,0,36,32.6,56.4,0,39,27.8,42.2,10,,,,,,,,,,,,,,,,,,,,,,,,,,,,,,,,,,,,,,,,,,,,,,,,,,,,,,,,,,,,,,,,,,,,,,,4632,長尾 京志郎,107期,福岡,福岡,37,B1,,0,0,0.2,4.65,26.6,46.6,3.83,0.0,16.6,0,31,34.0,47.8,0,25,32.9,50.5,11,,,,,,,,,,,,,,,,,,,,,,,,,,,,,,,,,,,,,,,,,,,,,,,,,,,,,,,,,,,,,,,,,,,,,,,4181,花本 夏樹,90期,三重,三重,43,B1,,0,0,0.21,3.42,8.1,25.5,5.22,33.3,55.5,0,47,19.5,37.1,0,13,32.6,48.9,7,,,,,,,,,,,,,,,,,,,,,,,,,,,,,,,,,,,,,,,,,,,,,,,,,,,,,,,,,,,,,,,,,,,,,,
202608041003,2026-08-04,10,03R,4469,土山 卓也,101期,福井,福井,39,A2,,0,0,0.17,6.02,41.4,57.5,5.76,33.5,55.4,0,38,25.0,37.0,0,65,27.6,46.8,10,,,,,,,,,,,,,,,,,,,,,,,,,,,,,,,,,,,,,,,,,,,,,,,,,,,,,,,,,,,,,,,,,,,,,,,5006,久保原 秀人,121期,群馬,群馬,29,B1,,0,0,0.2,3.05,10.4,22.0,4.11,24.3,29.7,0,29,28.7,43.5,0,41,18.8,27.5,9,,,,,,,,,,,,,,,,,,,,,,,,,,,,,,,,,,,,,,,,,,,,,,,,,,,,,,,,,,,,,,,,,,,,,,,5267,石本 裕武,131期,大阪,大阪,25,A1,,0,0,0.15,6.48,48.9,59.5,6.16,46.5,60.4,0,30,45.6,64.1,0,58,36.5,52.6,12,,,,,,,,,,,,,,,,,,,,,,,,,,,,,,,,,,,,,,,,,,,,,,,,,,,,,,,,,,,,,,,,,,,,,,,4896,花本 剛,117期,山口,山口,34,B1,,1,0,0.18,3.76,17.5,32.4,3.4,5.0,30.0,0,21,29.7,46.5,0,50,33.6,48.9,,,,,,,,,,,,,,,,,,,,,,,,,,,,,,,,,,,,,,,,,,,,,,,,,,,,,,,,,,,,,,,,,,,,,,,,3745,橋本 年光,75期,兵庫,兵庫,51,B1,,0,0,0.19,5.37,33.3,54.7,6.0,44.2,61.5,0,56,27.4,42.1,0,29,26.3,42.8,11,,,,,,,,,,,,,,,,,,,,,,,,,,,,,,,,,,,,,,,,,,,,,,,,,,,,,,,,,,,,,,,,,,,,,,,5178,成貞 琳平,128期,愛知,岡山,30,B1,,0,0,0.19,4.08,17.1,36.3,4.5,30.0,40.0,0,26,18.4,35.8,0,16,38.7,54.0,8,,,,,,,,,,,,,,,,,,,,,,,,,,,,,,,,,,,,,,,,,,,,,,,,,,,,,,,,,,,,,,,,,,,,,,
202608041004,2026-08-04,10,04R,4529,嶋 義信,103期,香川,香川,37,A1,,0,0,0.14,5.33,33.3,49.3,6.0,33.3,58.9,0,34,28.8,43.3,0,40,34.0,52.1,11,,,,,,,,,,,,,,,,,,,,,,,,,,,,,,,,,,,,,,,,,,,,,,,,,,,,,,,,,,,,,,,,,,,,,,,4219,本岡 勝利,92期,広島,広島,44,B1,,1,0,0.19,3.96,11.6,25.9,4.67,16.6,16.6,0,32,22.9,45.8,0,62,32.3,45.4,,,,,,,,,,,,,,,,,,,,,,,,,,,,,,,,,,,,,,,,,,,,,,,,,,,,,,,,,,,,,,,,,,,,,,,,4557,松尾 光広,104期,岡山,岡山,36,B1,,0,0,0.21,4.14,17.6,37.6,6.8,60.0,60.0,0,20,43.6,62.7,0,35,38.3,57.5,,,,,,,,,,,,,,,,,,,,,,,,,,,,,,,,,,,,,,,,,,,,,,,,,,,,,,,,,,,,,,,,,,,,,,,,4134,杉山 貴博,89期,東京,千葉,46,A2,,0,0,0.16,5.44,34.3,55.2,6.5,45.0,65.0,0,63,35.1,47.8,0,22,26.3,46.3,9,,,,,,,,,,,,,,,,,,,,,,,,,,,,,,,,,,,,,,,,,,,,,,,,,,,,,,,,,,,,,,,,,,,,,,,4049,荒川 健太,85期,三重,三重,45,A2,,0,0,0.17,6.42,44.7,68.2,6.11,40.0,48.5,0,69,29.5,45.9,0,51,32.3,53.5,10,,,,,,,,,,,,,,,,,,,,,,,,,,,,,,,,,,,,,,,,,,,,,,,,,,,,,,,,,,,,,,,,,,,,,,,5169,堀本 翔太,127期,愛知,愛知,25,B2,,0,0,0.19,3.66,12.2,24.3,0.0,0.0,0.0,0,22,26.0,35.8,0,27,31.1,52.6,,,,,,,,,,,,,,,,,,,,,,,,,,,,,,,,,,,,,,,,,,,,,,,,,,,,,,,,,,,,,,,,,,,,,,,
202608041005,2026-08-04,10,05R,5015,高橋 竜矢,121期,広島,広島,28,A1,,0,0,0.14,6.89,55.4,75.0,0.0,0.0,0.0,0,17,35.7,56.8,0,56,29.0,44.0,10,,,,,,,,,,,,,,,,,,,,,,,,,,,,,,,,,,,,,,,,,,,,,,,,,,,,,,,,,,,,,,,,,,,,,,,5166,仲道 大輔,127期,愛知,愛知,26,A2,,0,0,0.16,6.17,40.9,64.7,8.67,83.3,100.0,0,50,32.6,52.4,0,32,36.1,51.8,9,,,,,,,,,,,,,,,,,,,,,,,,,,,,,,,,,,,,,,,,,,,,,,,,,,,,,,,,,,,,,,,,,,,,,,,3868,尾形 栄治,79期,東京,東京,51,B1,,0,0,0.21,4.96,27.3,48.8,2.8,6.6,6.6,0,68,12.2,27.7,0,42,31.6,53.0,,,,,,,,,,,,,,,,,,,,,,,,,,,,,,,,,,,,,,,,,,,,,,,,,,,,,,,,,,,,,,,,,,,,,,,,5350,網代 良芽,134期,兵庫,兵庫,22,B1,,1,0,0.15,5.15,26.8,48.3,2.35,3.8,23.0,0,57,40.8,61.2,0,24,38.3,62.6,,,,,,,,,,,,,,,,,,,,,,,,,,,,,,,,,,,,,,,,,,,,,,,,,,,,,,,,,,,,,,,,,,,,,,,,4514,上條 嘉嗣,102期,大阪,大阪,36,A1,,0,0,0.19,6.71,56.9,70.7,6.33,50.0,63.4,0,27,35.7,50.5,0,38,35.0,46.3,11,,,,,,,,,,,,,,,,,,,,,,,,,,,,,,,,,,,,,,,,,,,,,,,,,,,,,,,,,,,,,,,,,,,,,,,5425,西山 育,137期,三重,三重,24,B2,,0,0,0.27,1.39,0.0,1.7,0.0,0.0,0.0,0,46,41.6,64.5,0,43,29.7,45.5,,,,,,,,,,,,,,,,,,,,,,,,,,,,,,,,,,,,,,,,,,,,,,,,,,,,,,,,,,,,,,,,,,,,,,,
202608041006,2026-08-04,10,06R,4154,森安 弘雅,90期,香川,香川,46,B1,,0,0,0.2,5.23,38.0,52.1,4.44,22.2,44.4,0,59,26.5,46.9,0,48,36.3,57.5,,,,,,,,,,,,,,,,,,,,,,,,,,,,,,,,,,,,,,,,,,,,,,,,,,,,,,,,,,,,,,,,,,,,,,,,4906,鈴木 雅希,117期,東京,神奈川,31,A2,,0,0,0.18,5.41,35.4,53.1,4.91,25.0,50.0,0,53,31.9,46.8,0,70,31.6,46.9,11,,,,,,,,,,,,,,,,,,,,,,,,,,,,,,,,,,,,,,,,,,,,,,,,,,,,,,,,,,,,,,,,,,,,,,,4495,森 晋太郎,102期,福岡,福岡,39,B2,,0,0,0.14,5.81,39.6,60.3,5.71,42.8,57.1,0,40,34.0,55.3,0,12,45.6,60.4,,,,,,,,,,,,,,,,,,,,,,,,,,,,,,,,,,,,,,,,,,,,,,,,,,,,,,,,,,,,,,,,,,,,,,,,4561,藤山 翔大,104期,大阪,大阪,35,A2,,1,0,0.18,5.84,42.2,56.7,4.88,36.0,44.0,0,39,31.9,58.7,0,52,34.8,53.9,,,,,,,,,,,,,,,,,,,,,,,,,,,,,,,,,,,,,,,,,,,,,,,,,,,,,,,,,,,,,,,,,,,,,,,,4239,竹田 辰也,92期,山口,山口,42,A1,,0,0,0.15,6.5,54.4,67.7,6.1,41.9,64.5,0,45,39.1,57.7,0,21,39.3,50.5,12,,,,,,,,,,,,,,,,,,,,,,,,,,,,,,,,,,,,,,,,,,,,,,,,,,,,,,,,,,,,,,,,,,,,,,,3834,細川 明人,78期,岡山,岡山,51,B1,,0,0,0.19,4.3,28.5,35.7,4.83,41.6,41.6,0,51,42.3,61.9,0,46,38.9,53.6,1,,,,,,,,,,,,,,,,,,,,,,,,,,,,,,,,,,,,,,,,,,,,,,,,,,,,,,,,,,,,,,,,,,,,,,
202608041007,2026-08-04,10,07R,4211,村田 敦,91期,東京,神奈川,43,B1,,0,0,0.15,4.68,29.7,46.4,3.8,30.0,40.0,0,55,37.5,52.2,0,23,43.4,64.6,,,,,,,,,,,,,,,,,,,,,,,,,,,,,,,,,,,,,,,,,,,,,,,,,,,,,,,,,,,,,,,,,,,,,,,,4574,東 潤樹,105期,広島,愛媛,37,A2,,0,0,0.17,5.38,35.7,54.7,4.58,12.5,50.0,0,25,34.6,45.9,0,31,42.8,56.0,11,,,,,,,,,,,,,,,,,,,,,,,,,,,,,,,,,,,,,,,,,,,,,,,,,,,,,,,,,,,,,,,,,,,,,,,4181,花本 夏樹,90期,三重,三重,43,B1,,0,0,0.21,3.42,8.1,25.5,5.22,33.3,55.5,0,47,19.5,37.1,0,13,32.6,48.9,2,,,,,,,,,,,,,,,,,,,,,,,,,,,,,,,,,,,,,,,,,,,,,,,,,,,,,,,,,,,,,,,,,,,,,,,3721,守田 俊介,74期,滋賀,京都,50,A1,,0,0,0.13,6.64,42.9,57.8,7.88,60.6,81.8,0,15,31.3,47.0,0,20,25.7,43.5,12,,,,,,,,,,,,,,,,,,,,,,,,,,,,,,,,,,,,,,,,,,,,,,,,,,,,,,,,,,,,,,,,,,,,,,,4876,梅木 敬太,116期,福井,福井,31,B1,,0,0,0.17,4.93,28.5,46.9,4.8,30.8,44.7,0,60,36.0,51.0,0,26,40.6,57.1,1,,,,,,,,,,,,,,,,,,,,,,,,,,,,,,,,,,,,,,,,,,,,,,,,,,,,,,,,,,,,,,,,,,,,,,,4967,中村 魁生,119期,大阪,大阪,28,A1,,1,0,0.15,6.71,46.8,72.0,6.04,45.8,66.6,0,16,20.4,36.5,0,30,36.1,47.8,,,,,,,,,,,,,,,,,,,,,,,,,,,,,,,,,,,,,,,,,,,,,,,,,,,,,,,,,,,,,,,,,,,,,,,
202608041008,2026-08-04,10,08R,3889,須藤 隆雄,80期,群馬,栃木,51,B1,,0,0,0.18,3.75,20.2,27.5,4.18,28.5,32.1,0,37,32.6,49.4,0,19,43.6,58.6,,,,,,,,,,,,,,,,,,,,,,,,,,,,,,,,,,,,,,,,,,,,,,,,,,,,,,,,,,,,,,,,,,,,,,,,5178,成貞 琳平,128期,愛知,岡山,30,B1,,0,0,0.19,4.08,17.1,36.3,4.5,30.0,40.0,0,26,18.4,35.8,0,16,38.7,54.0,3,,,,,,,,,,,,,,,,,,,,,,,,,,,,,,,,,,,,,,,,,,,,,,,,,,,,,,,,,,,,,,,,,,,,,,,3963,原田 秀弥,82期,大阪,奈良,47,A2,,0,0,0.17,5.73,36.6,60.4,6.0,31.8,75.0,0,42,49.4,66.3,0,72,31.6,50.0,2,,,,,,,,,,,,,,,,,,,,,,,,,,,,,,,,,,,,,,,,,,,,,,,,,,,,,,,,,,,,,,,,,,,,,,,4523,中村 辰也,103期,長崎,長崎,38,A2,,0,0,0.15,5.67,37.0,62.0,5.42,42.4,51.5,0,61,34.3,43.7,0,28,51.0,66.3,,,,,,,,,,,,,,,,,,,,,,,,,,,,,,,,,,,,,,,,,,,,,,,,,,,,,,,,,,,,,,,,,,,,,,,,5020,宮村 勇哉,122期,三重,三重,34,B1,,0,0,0.18,4.92,30.1,48.3,4.07,13.3,40.0,0,28,33.6,58.9,0,49,24.7,45.1,1,,,,,,,,,,,,,,,,,,,,,,,,,,,,,,,,,,,,,,,,,,,,,,,,,,,,,,,,,,,,,,,,,,,,,,,4688,永井 彪也,109期,東京,東京,33,A1,,0,0,0.13,7.0,57.4,70.3,6.75,46.8,65.6,0,13,36.7,54.0,0,45,18.0,39.3,12,,,,,,,,,,,,,,,,,,,,,,,,,,,,,,,,,,,,,,,,,,,,,,,,,,,,,,,,,,,,,,,,,,,,,,
202608041009,2026-08-04,10,09R,4905,土井 祥伍,117期,大阪,大阪,31,B1,,0,0,0.21,4.52,20.9,39.5,4.89,33.3,44.4,0,43,44.2,62.1,0,11,29.1,55.2,,,,,,,,,,,,,,,,,,,,,,,,,,,,,,,,,,,,,,,,,,,,,,,,,,,,,,,,,,,,,,,,,,,,,,,,3660,長谷川 親王,73期,香川,香川,57,B1,,0,0,0.19,3.54,11.3,26.5,4.67,33.3,44.4,0,52,40.4,53.9,0,36,26.8,37.6,1,,,,,,,,,,,,,,,,,,,,,,,,,,,,,,,,,,,,,,,,,,,,,,,,,,,,,,,,,,,,,,,,,,,,,,,5166,仲道 大輔,127期,愛知,愛知,26,A2,,0,0,0.16,6.17,40.9,64.7,8.67,83.3,100.0,0,50,32.6,52.4,0,32,36.1,51.8,5,,,,,,,,,,,,,,,,,,,,,,,,,,,,,,,,,,,,,,,,,,,,,,,,,,,,,,,,,,,,,,,,,,,,,,,3918,深井 利寿,81期,滋賀,滋賀,51,A1,,0,0,0.18,6.67,45.5,71.4,5.08,23.0,38.4,0,11,20.2,34.8,0,66,33.3,53.7,,,,,,,,,,,,,,,,,,,,,,,,,,,,,,,,,,,,,,,,,,,,,,,,,,,,,,,,,,,,,,,,,,,,,,,,5006,久保原 秀人,121期,群馬,群馬,29,B1,,0,0,0.2,3.05,10.4,22.0,4.11,24.3,29.7,0,29,28.7,43.5,0,41,18.8,27.5,3,,,,,,,,,,,,,,,,,,,,,,,,,,,,,,,,,,,,,,,,,,,,,,,,,,,,,,,,,,,,,,,,,,,,,,,4134,杉山 貴博,89期,東京,千葉,46,A2,,0,0,0.16,5.44,34.3,55.2,6.5,45.0,65.0,0,63,35.1,47.8,0,22,26.3,46.3,4,,,,,,,,,,,,,,,,,,,,,,,,,,,,,,,,,,,,,,,,,,,,,,,,,,,,,,,,,,,,,,,,,,,,,,
202608041010,2026-08-04,10,10R,4226,村田 浩司,92期,山口,山口,43,B1,,0,0,0.15,4.4,22.4,44.9,4.16,16.0,40.0,0,67,24.2,37.8,0,59,30.5,47.3,1,,,,,,,,,,,,,,,,,,,,,,,,,,,,,,,,,,,,,,,,,,,,,,,,,,,,,,,,,,,,,,,,,,,,,,,4049,荒川 健太,85期,三重,三重,45,A2,,0,0,0.17,6.42,44.7,68.2,6.11,40.0,48.5,0,69,29.5,45.9,0,51,32.3,53.5,4,,,,,,,,,,,,,,,,,,,,,,,,,,,,,,,,,,,,,,,,,,,,,,,,,,,,,,,,,,,,,,,,,,,,,,,4469,土山 卓也,101期,福井,福井,39,A2,,0,0,0.17,6.02,41.4,57.5,5.76,33.5,55.4,0,38,25.0,37.0,0,65,27.6,46.8,3,,,,,,,,,,,,,,,,,,,,,,,,,,,,,,,,,,,,,,,,,,,,,,,,,,,,,,,,,,,,,,,,,,,,,,,5015,高橋 竜矢,121期,広島,広島,28,A1,,0,0,0.14,6.89,55.4,75.0,0.0,0.0,0.0,0,17,35.7,56.8,0,56,29.0,44.0,5,,,,,,,,,,,,,,,,,,,,,,,,,,,,,,,,,,,,,,,,,,,,,,,,,,,,,,,,,,,,,,,,,,,,,,,5369,岡崎 凪汰,135期,長崎,大分,24,B1,,0,0,0.17,3.09,12.6,18.9,3.63,25.0,25.0,0,36,32.6,56.4,0,39,27.8,42.2,2,,,,,,,,,,,,,,,,,,,,,,,,,,,,,,,,,,,,,,,,,,,,,,,,,,,,,,,,,,,,,,,,,,,,,,,4977,馬野 耀,120期,大阪,大阪,32,A2,,0,0,0.16,6.16,41.1,64.4,6.4,45.0,60.0,0,12,34.0,48.3,0,54,29.2,42.4,,,,,,,,,,,,,,,,,,,,,,,,,,,,,,,,,,,,,,,,,,,,,,,,,,,,,,,,,,,,,,,,,,,,,,,
202608041011,2026-08-04,10,11R,3745,橋本 年光,75期,兵庫,兵庫,51,B1,,0,0,0.19,5.37,33.3,54.7,6.0,44.2,61.5,0,56,27.4,42.1,0,29,26.3,42.8,3,,,,,,,,,,,,,,,,,,,,,,,,,,,,,,,,,,,,,,,,,,,,,,,,,,,,,,,,,,,,,,,,,,,,,,,4514,上條 嘉嗣,102期,大阪,大阪,36,A1,,0,0,0.19,6.71,56.9,70.7,6.33,50.0,63.4,0,27,35.7,50.5,0,38,35.0,46.3,5,,,,,,,,,,,,,,,,,,,,,,,,,,,,,,,,,,,,,,,,,,,,,,,,,,,,,,,,,,,,,,,,,,,,,,,4529,嶋 義信,103期,香川,香川,37,A1,,0,0,0.14,5.33,33.3,49.3,6.0,33.3,58.9,0,34,28.8,43.3,0,40,34.0,52.1,4,,,,,,,,,,,,,,,,,,,,,,,,,,,,,,,,,,,,,,,,,,,,,,,,,,,,,,,,,,,,,,,,,,,,,,,4632,長尾 京志郎,107期,福岡,福岡,37,B1,,0,0,0.2,4.65,26.6,46.6,3.83,0.0,16.6,0,31,34.0,47.8,0,25,32.9,50.5,2,,,,,,,,,,,,,,,,,,,,,,,,,,,,,,,,,,,,,,,,,,,,,,,,,,,,,,,,,,,,,,,,,,,,,,,4574,東 潤樹,105期,広島,愛媛,37,A2,,0,0,0.17,5.38,35.7,54.7,4.58,12.5,50.0,0,25,34.6,45.9,0,31,42.8,56.0,7,,,,,,,,,,,,,,,,,,,,,,,,,,,,,,,,,,,,,,,,,,,,,,,,,,,,,,,,,,,,,,,,,,,,,,,4906,鈴木 雅希,117期,東京,神奈川,31,A2,,0,0,0.18,5.41,35.4,53.1,4.91,25.0,50.0,0,53,31.9,46.8,0,70,31.6,46.9,6,,,,,,,,,,,,,,,,,,,,,,,,,,,,,,,,,,,,,,,,,,,,,,,,,,,,,,,,,,,,,,,,,,,,,,
202608041012,2026-08-04,10,12R,3721,守田 俊介,74期,滋賀,京都,50,A1,,0,0,0.13,6.64,42.9,57.8,7.88,60.6,81.8,0,15,31.3,47.0,0,20,25.7,43.5,7,,,,,,,,,,,,,,,,,,,,,,,,,,,,,,,,,,,,,,,,,,,,,,,,,,,,,,,,,,,,,,,,,,,,,,,4239,竹田 辰也,92期,山口,山口,42,A1,,0,0,0.15,6.5,54.4,67.7,6.1,41.9,64.5,0,45,39.1,57.7,0,21,39.3,50.5,6,,,,,,,,,,,,,,,,,,,,,,,,,,,,,,,,,,,,,,,,,,,,,,,,,,,,,,,,,,,,,,,,,,,,,,,4826,井上 一輝,114期,大阪,大阪,32,A1,,0,0,0.13,7.06,52.9,72.5,7.37,55.5,74.0,0,58,34.6,51.4,0,67,27.0,43.5,1,,,,,,,,,,,,,,,,,,,,,,,,,,,,,,,,,,,,,,,,,,,,,,,,,,,,,,,,,,,,,,,,,,,,,,,4688,永井 彪也,109期,東京,東京,33,A1,,0,0,0.13,7.0,57.4,70.3,6.75,46.8,65.6,0,13,36.7,54.0,0,45,18.0,39.3,8,,,,,,,,,,,,,,,,,,,,,,,,,,,,,,,,,,,,,,,,,,,,,,,,,,,,,,,,,,,,,,,,,,,,,,,4991,宗行 治哉,120期,広島,広島,29,A1,,0,0,0.18,6.98,47.1,71.2,5.17,27.7,50.0,0,70,32.2,47.3,0,34,36.0,51.5,2,,,,,,,,,,,,,,,,,,,,,,,,,,,,,,,,,,,,,,,,,,,,,,,,,,,,,,,,,,,,,,,,,,,,,,,5267,石本 裕武,131期,大阪,大阪,25,A1,,0,0,0.15,6.48,48.9,59.5,6.16,46.5,60.4,0,30,45.6,64.1,0,58,36.5,52.6,3,,,,,,,,,,,,,,,,,,,,,,,,,,,,,,,,,,,,,,,,,,,,,,,,,,,,,,,,,,,,,,,,,,,,,,
202608041201,2026-08-04,12,01R,3790,佐口 達也,77期,群馬,群馬,54,B1,,0,0,0.2,4.73,25.2,43.4,5.31,38.4,46.1,0,13,27.2,40.2,0,83,34.7,50.0,6,,,,,,,,,,,,,,,,,,,,,,,,,,,,,,,,,,,,,,,,,,,,,,,,,,,,,,,,,,,,,,,,,,,,,,,3797,岩井 繁,77期,広島,広島,53,B1,,0,0,0.2,3.64,11.8,27.7,2.67,0.0,11.1,0,15,27.6,43.4,0,88,37.8,63.6,5,,,,,,,,,,,,,,,,,,,,,,,,,,,,,,,,,,,,,,,,,,,,,,,,,,,,,,,,,,,,,,,,,,,,,,,5235,岩田 凌,130期,大阪,和歌山,27,B2,,0,0,0.17,4.08,12.5,32.5,2.37,5.1,9.2,0,32,33.7,48.0,0,53,33.8,45.5,,,,,,,,,,,,,,,,,,,,,,,,,,,,,,,,,,,,,,,,,,,,,,,,,,,,,,,,,,,,,,,,,,,,,,,,3392,小森 信雄,64期,三重,三重,60,B1,,0,0,0.21,4.4,16.4,40.0,3.75,12.5,31.2,0,76,17.5,37.8,0,39,29.3,56.0,7,,,,,,,,,,,,,,,,,,,,,,,,,,,,,,,,,,,,,,,,,,,,,,,,,,,,,,,,,,,,,,,,,,,,,,,4081,樋口 範政,87期,愛知,愛知,47,B1,,0,0,0.19,5.24,32.0,48.0,4.95,36.8,47.3,0,67,32.8,46.0,0,35,32.3,49.3,8,,,,,,,,,,,,,,,,,,,,,,,,,,,,,,,,,,,,,,,,,,,,,,,,,,,,,,,,,,,,,,,,,,,,,,,4231,鈴木 裕隆,92期,愛知,愛知,43,B1,,0,0,0.17,5.41,32.7,54.3,4.67,25.9,48.1,0,16,32.9,45.5,0,60,28.7,45.2,9,,,,,,,,,,,,,,,,,,,,,,,,,,,,,,,,,,,,,,,,,,,,,,,,,,,,,,,,,,,,,,,,,,,,,,
202608041202,2026-08-04,12,02R,5031,渡辺 空依,122期,福岡,福岡,28,B1,,0,0,0.18,4.78,27.7,45.7,4.73,27.2,54.5,0,84,32.9,56.9,0,72,31.5,43.8,6,,,,,,,,,,,,,,,,,,,,,,,,,,,,,,,,,,,,,,,,,,,,,,,,,,,,,,,,,,,,,,,,,,,,,,,4457,神田 達也,101期,愛知,愛知,40,B1,,1,0,0.16,4.55,27.2,40.9,5.44,43.7,56.2,0,34,31.1,51.9,0,85,34.7,56.5,7,,,,,,,,,,,,,,,,,,,,,,,,,,,,,,,,,,,,,,,,,,,,,,,,,,,,,,,,,,,,,,,,,,,,,,,5131,江藤 敦宏,126期,福岡,福岡,27,B1,,0,0,0.18,4.36,20.6,34.4,2.88,12.5,25.0,0,31,24.0,39.2,0,31,41.8,59.4,,,,,,,,,,,,,,,,,,,,,,,,,,,,,,,,,,,,,,,,,,,,,,,,,,,,,,,,,,,,,,,,,,,,,,,,4233,亀山 雅幸,92期,群馬,群馬,43,A2,,0,0,0.17,5.96,45.1,61.9,6.27,46.6,63.3,0,58,32.8,47.3,0,55,36.4,54.0,11,,,,,,,,,,,,,,,,,,,,,,,,,,,,,,,,,,,,,,,,,,,,,,,,,,,,,,,,,,,,,,,,,,,,,,,4651,佐藤 大騎,108期,大阪,大阪,41,B1,,0,0,0.18,3.56,9.5,23.2,3.27,9.0,18.1,0,21,20.0,36.2,0,15,31.0,51.3,,,,,,,,,,,,,,,,,,,,,,,,,,,,,,,,,,,,,,,,,,,,,,,,,,,,,,,,,,,,,,,,,,,,,,,,4203,小倉 康典,91期,群馬,群馬,43,B1,,0,0,0.14,4.14,23.0,34.6,3.13,4.3,17.3,0,36,12.8,30.7,0,87,38.3,52.0,8,,,,,,,,,,,,,,,,,,,,,,,,,,,,,,,,,,,,,,,,,,,,,,,,,,,,,,,,,,,,,,,,,,,,,,
202608041203,2026-08-04,12,03R,4458,抹香 雄三,101期,広島,広島,40,B1,,0,0,0.15,5.3,29.3,51.0,2.88,12.5,25.0,0,30,18.1,36.3,0,80,36.2,42.0,7,,,,,,,,,,,,,,,,,,,,,,,,,,,,,,,,,,,,,,,,,,,,,,,,,,,,,,,,,,,,,,,,,,,,,,,4195,前川 守嗣,91期,福岡,沖縄,44,B1,,0,0,0.16,5.46,38.4,53.8,5.67,44.4,55.5,0,72,31.2,42.5,0,75,40.6,53.1,8,,,,,,,,,,,,,,,,,,,,,,,,,,,,,,,,,,,,,,,,,,,,,,,,,,,,,,,,,,,,,,,,,,,,,,,4083,福島 勇樹,87期,東京,東京,46,A1,,1,0,0.14,7.43,62.5,77.6,4.73,27.2,36.3,0,62,27.5,38.7,0,27,24.0,37.3,12,,,,,,,,,,,,,,,,,,,,,,,,,,,,,,,,,,,,,,,,,,,,,,,,,,,,,,,,,,,,,,,,,,,,,,,4890,石川 諒,117期,山口,山口,37,A2,,0,0,0.14,6.04,38.9,65.2,5.44,22.2,66.6,0,69,34.2,50.6,0,64,27.1,38.2,9,,,,,,,,,,,,,,,,,,,,,,,,,,,,,,,,,,,,,,,,,,,,,,,,,,,,,,,,,,,,,,,,,,,,,,,3699,富永 正人,74期,埼玉,埼玉,53,B1,,0,0,0.19,4.09,19.7,31.8,5.09,31.8,40.9,0,78,10.1,24.6,0,28,34.7,49.2,,,,,,,,,,,,,,,,,,,,,,,,,,,,,,,,,,,,,,,,,,,,,,,,,,,,,,,,,,,,,,,,,,,,,,,,5244,黒田 剛,130期,福岡,福岡,25,B1,,1,0,0.16,4.11,20.2,32.4,0.0,0.0,0.0,0,59,27.8,45.5,0,19,19.7,39.4,10,,,,,,,,,,,,,,,,,,,,,,,,,,,,,,,,,,,,,,,,,,,,,,,,,,,,,,,,,,,,,,,,,,,,,,
202608041204,2026-08-04,12,04R,4234,野相 弘司,92期,福岡,福岡,42,B1,,0,0,0.17,4.79,29.1,41.6,5.22,40.7,44.4,0,79,37.1,62.8,0,90,31.0,52.7,9,,,,,,,,,,,,,,,,,,,,,,,,,,,,,,,,,,,,,,,,,,,,,,,,,,,,,,,,,,,,,,,,,,,,,,,4305,金子 拓矢,95期,群馬,栃木,42,A1,,0,0,0.15,6.46,44.4,64.2,6.91,55.8,67.6,0,28,23.1,46.3,0,22,38.8,59.7,12,,,,,,,,,,,,,,,,,,,,,,,,,,,,,,,,,,,,,,,,,,,,,,,,,,,,,,,,,,,,,,,,,,,,,,,5354,渡邊 雄斗,134期,三重,宮崎,21,B1,,0,0,0.19,3.94,20.2,34.1,1.71,0.0,0.0,0,65,23.4,40.7,0,18,29.6,46.8,,,,,,,,,,,,,,,,,,,,,,,,,,,,,,,,,,,,,,,,,,,,,,,,,,,,,,,,,,,,,,,,,,,,,,,,5301,岩下 巧斗,132期,群馬,群馬,23,B1,,0,0,0.15,5.31,32.1,47.6,3.53,10.5,26.3,0,60,43.0,54.4,0,69,39.0,60.9,8,,,,,,,,,,,,,,,,,,,,,,,,,,,,,,,,,,,,,,,,,,,,,,,,,,,,,,,,,,,,,,,,,,,,,,,5138,村本 大成,126期,福岡,福岡,26,B1,,0,0,0.19,3.81,14.0,35.9,0.0,0.0,0.0,0,54,41.5,53.2,0,76,36.9,53.4,,,,,,,,,,,,,,,,,,,,,,,,,,,,,,,,,,,,,,,,,,,,,,,,,,,,,,,,,,,,,,,,,,,,,,,,4120,柘植 政浩,88期,滋賀,滋賀,45,A2,,0,0,0.16,6.0,43.5,61.5,6.16,44.7,63.1,0,82,36.7,62.0,0,29,35.1,51.3,10,,,,,,,,,,,,,,,,,,,,,,,,,,,,,,,,,,,,,,,,,,,,,,,,,,,,,,,,,,,,,,,,,,,,,,
202608041205,2026-08-04,12,05R,4411,沢田 昭宏,99期,大阪,大阪,40,A2,,0,0,0.19,5.73,38.8,56.3,5.07,30.1,53.0,0,39,38.9,53.2,0,70,21.6,35.1,,,,,,,,,,,,,,,,,,,,,,,,,,,,,,,,,,,,,,,,,,,,,,,,,,,,,,,,,,,,,,,,,,,,,,,,5143,常盤 海心,126期,徳島,徳島,25,B1,,0,0,0.19,4.06,21.3,38.8,2.05,0.0,9.0,0,61,39.1,56.7,0,62,31.8,48.4,,,,,,,,,,,,,,,,,,,,,,,,,,,,,,,,,,,,,,,,,,,,,,,,,,,,,,,,,,,,,,,,,,,,,,,,3653,品川 賢次,72期,群馬,群馬,52,B2,,1,0,0.2,4.51,20.9,41.7,4.57,14.2,42.8,0,83,26.6,45.3,0,78,34.7,47.8,,,,,,,,,,,,,,,,,,,,,,,,,,,,,,,,,,,,,,,,,,,,,,,,,,,,,,,,,,,,,,,,,,,,,,,,4158,木場 雄二郎,90期,山口,山口,45,B1,,0,0,0.16,4.09,20.9,35.8,5.0,37.5,37.5,0,24,48.6,62.1,0,26,35.7,54.2,10,,,,,,,,,,,,,,,,,,,,,,,,,,,,,,,,,,,,,,,,,,,,,,,,,,,,,,,,,,,,,,,,,,,,,,,3797,岩井 繁,77期,広島,広島,53,B1,,0,0,0.2,3.64,11.8,27.7,2.67,0.0,11.1,0,15,27.6,43.4,0,88,37.8,63.6,1,,,,,,,,,,,,,,,,,,,,,,,,,,,,,,,,,,,,,,,,,,,,,,,,,,,,,,,,,,,,,,,,,,,,,,,4137,君島 秀三,89期,滋賀,滋賀,45,A1,,0,0,0.14,6.51,45.9,68.8,5.88,34.1,58.5,0,19,36.8,61.8,0,73,34.2,50.0,12,,,,,,,,,,,,,,,,,,,,,,,,,,,,,,,,,,,,,,,,,,,,,,,,,,,,,,,,,,,,,,,,,,,,,,
202608041206,2026-08-04,12,06R,3538,菊池 峰晴,69期,群馬,栃木,58,B2,,0,0,0.21,4.05,14.5,35.4,5.67,33.3,50.0,0,63,26.0,41.1,0,36,36.6,65.0,,,,,,,,,,,,,,,,,,,,,,,,,,,,,,,,,,,,,,,,,,,,,,,,,,,,,,,,,,,,,,,,,,,,,,,,4335,若林 将,96期,東京,千葉,42,A1,,1,0,0.12,7.04,54.2,75.5,7.11,55.5,66.6,0,71,37.5,52.7,0,65,34.7,52.7,12,,,,,,,,,,,,,,,,,,,,,,,,,,,,,,,,,,,,,,,,,,,,,,,,,,,,,,,,,,,,,,,,,,,,,,,3790,佐口 達也,77期,群馬,群馬,54,B1,,0,0,0.2,4.73,25.2,43.4,5.31,38.4,46.1,0,13,27.2,40.2,0,83,34.7,50.0,1,,,,,,,,,,,,,,,,,,,,,,,,,,,,,,,,,,,,,,,,,,,,,,,,,,,,,,,,,,,,,,,,,,,,,,,3976,内田 圭,83期,山口,山口,49,B1,,0,0,0.17,3.35,15.6,22.8,4.0,23.5,35.2,0,11,44.0,58.6,0,34,28.1,45.0,,,,,,,,,,,,,,,,,,,,,,,,,,,,,,,,,,,,,,,,,,,,,,,,,,,,,,,,,,,,,,,,,,,,,,,,5031,渡辺 空依,122期,福岡,福岡,28,B1,,0,0,0.18,4.78,27.7,45.7,4.73,27.2,54.5,0,84,32.9,56.9,0,72,31.5,43.8,2,,,,,,,,,,,,,,,,,,,,,,,,,,,,,,,,,,,,,,,,,,,,,,,,,,,,,,,,,,,,,,,,,,,,,,,4883,岡部 大輝,116期,東京,東京,30,A2,,0,0,0.16,6.2,44.6,63.8,6.25,46.4,64.2,0,66,26.6,44.0,0,63,32.6,51.9,11,,,,,,,,,,,,,,,,,,,,,,,,,,,,,,,,,,,,,,,,,,,,,,,,,,,,,,,,,,,,,,,,,,,,,,
202608041207,2026-08-04,12,07R,4761,山田 晃大,112期,滋賀,滋賀,36,A2,,0,0,0.14,5.71,33.3,53.1,5.82,27.2,54.5,0,27,40.2,63.6,0,51,35.0,52.5,,,,,,,,,,,,,,,,,,,,,,,,,,,,,,,,,,,,,,,,,,,,,,,,,,,,,,,,,,,,,,,,,,,,,,,,4944,田代 達也,119期,東京,東京,35,B1,,0,0,0.17,3.8,14.6,29.3,0.0,0.0,0.0,0,81,21.7,39.1,0,57,33.7,55.4,,,,,,,,,,,,,,,,,,,,,,,,,,,,,,,,,,,,,,,,,,,,,,,,,,,,,,,,,,,,,,,,,,,,,,,,5298,水谷 理人,132期,香川,香川,24,A1,,0,0,0.16,7.4,58.4,73.0,5.18,28.5,46.4,0,85,35.2,52.9,0,21,34.2,50.0,12,,,,,,,,,,,,,,,,,,,,,,,,,,,,,,,,,,,,,,,,,,,,,,,,,,,,,,,,,,,,,,,,,,,,,,,4458,抹香 雄三,101期,広島,広島,40,B1,,0,0,0.15,5.3,29.3,51.0,2.88,12.5,25.0,0,30,18.1,36.3,0,80,36.2,42.0,3,,,,,,,,,,,,,,,,,,,,,,,,,,,,,,,,,,,,,,,,,,,,,,,,,,,,,,,,,,,,,,,,,,,,,,,4457,神田 達也,101期,愛知,愛知,40,B1,,1,0,0.16,4.55,27.2,40.9,5.44,43.7,56.2,0,34,31.1,51.9,0,85,34.7,56.5,2,,,,,,,,,,,,,,,,,,,,,,,,,,,,,,,,,,,,,,,,,,,,,,,,,,,,,,,,,,,,,,,,,,,,,,,3392,小森 信雄,64期,三重,三重,60,B1,,0,0,0.21,4.4,16.4,40.0,3.75,12.5,31.2,0,76,17.5,37.8,0,39,29.3,56.0,1,,,,,,,,,,,,,,,,,,,,,,,,,,,,,,,,,,,,,,,,,,,,,,,,,,,,,,,,,,,,,,,,,,,,,,
202608041208,2026-08-04,12,08R,4081,樋口 範政,87期,愛知,愛知,47,B1,,0,0,0.19,5.24,32.0,48.0,4.95,36.8,47.3,0,67,32.8,46.0,0,35,32.3,49.3,1,,,,,,,,,,,,,,,,,,,,,,,,,,,,,,,,,,,,,,,,,,,,,,,,,,,,,,,,,,,,,,,,,,,,,,,4390,松本 弓雄,98期,徳島,高知,40,B1,,0,0,0.2,4.19,18.4,36.8,2.53,5.8,11.7,0,75,28.7,45.2,0,54,29.7,51.3,,,,,,,,,,,,,,,,,,,,,,,,,,,,,,,,,,,,,,,,,,,,,,,,,,,,,,,,,,,,,,,,,,,,,,,,4203,小倉 康典,91期,群馬,群馬,43,B1,,0,0,0.14,4.14,23.0,34.6,3.13,4.3,17.3,0,36,12.8,30.7,0,87,38.3,52.0,2,,,,,,,,,,,,,,,,,,,,,,,,,,,,,,,,,,,,,,,,,,,,,,,,,,,,,,,,,,,,,,,,,,,,,,,4350,篠崎 元志,96期,福岡,福岡,40,A1,,0,0,0.13,7.91,64.5,78.1,6.72,38.8,51.8,0,64,53.4,65.7,0,11,26.6,49.3,12,,,,,,,,,,,,,,,,,,,,,,,,,,,,,,,,,,,,,,,,,,,,,,,,,,,,,,,,,,,,,,,,,,,,,,,4195,前川 守嗣,91期,福岡,沖縄,44,B1,,0,0,0.16,5.46,38.4,53.8,5.67,44.4,55.5,0,72,31.2,42.5,0,75,40.6,53.1,3,,,,,,,,,,,,,,,,,,,,,,,,,,,,,,,,,,,,,,,,,,,,,,,,,,,,,,,,,,,,,,,,,,,,,,,5301,岩下 巧斗,132期,群馬,群馬,23,B1,,0,0,0.15,5.31,32.1,47.6,3.53,10.5,26.3,0,60,43.0,54.4,0,69,39.0,60.9,4,,,,,,,,,,,,,,,,,,,,,,,,,,,,,,,,,,,,,,,,,,,,,,,,,,,,,,,,,,,,,,,,,,,,,,
202608041209,2026-08-04,12,09R,4890,石川 諒,117期,山口,山口,37,A2,,0,0,0.14,6.04,38.9,65.2,5.44,22.2,66.6,0,69,34.2,50.6,0,64,27.1,38.2,3,,,,,,,,,,,,,,,,,,,,,,,,,,,,,,,,,,,,,,,,,,,,,,,,,,,,,,,,,,,,,,,,,,,,,,,4644,山田 亮太,108期,東京,東京,47,A1,,0,0,0.14,6.63,47.5,72.5,6.6,40.0,75.0,0,50,22.3,39.4,0,77,30.7,53.8,,,,,,,,,,,,,,,,,,,,,,,,,,,,,,,,,,,,,,,,,,,,,,,,,,,,,,,,,,,,,,,,,,,,,,,,4231,鈴木 裕隆,92期,愛知,愛知,43,B1,,0,0,0.17,5.41,32.7,54.3,4.67,25.9,48.1,0,16,32.9,45.5,0,60,28.7,45.2,1,,,,,,,,,,,,,,,,,,,,,,,,,,,,,,,,,,,,,,,,,,,,,,,,,,,,,,,,,,,,,,,,,,,,,,,4234,野相 弘司,92期,福岡,福岡,42,B1,,0,0,0.17,4.79,29.1,41.6,5.22,40.7,44.4,0,79,37.1,62.8,0,90,31.0,52.7,4,,,,,,,,,,,,,,,,,,,,,,,,,,,,,,,,,,,,,,,,,,,,,,,,,,,,,,,,,,,,,,,,,,,,,,,4175,川尻 泰輔,90期,埼玉,埼玉,43,A2,,0,0,0.14,5.8,45.1,57.3,2.38,12.5,12.5,0,23,25.6,40.5,0,74,21.7,39.7,,,,,,,,,,,,,,,,,,,,,,,,,,,,,,,,,,,,,,,,,,,,,,,,,,,,,,,,,,,,,,,,,,,,,,,,5186,遠藤 圭吾,128期,東京,神奈川,26,B1,,0,0,0.19,4.67,28.7,42.5,3.59,18.5,29.6,0,68,29.1,40.2,0,50,37.1,58.9,,,,,,,,,,,,,,,,,,,,,,,,,,,,,,,,,,,,,,,,,,,,,,,,,,,,,,,,,,,,,,,,,,,,,,,
202608041210,2026-08-04,12,10R,3412,鈴木 博,64期,埼玉,埼玉,56,A1,,0,0,0.16,6.73,54.4,73.2,6.11,44.4,66.6,0,37,32.4,43.2,0,68,31.0,55.4,,,,,,,,,,,,,,,,,,,,,,,,,,,,,,,,,,,,,,,,,,,,,,,,,,,,,,,,,,,,,,,,,,,,,,,,4120,柘植 政浩,88期,滋賀,滋賀,45,A2,,0,0,0.16,6.0,43.5,61.5,6.16,44.7,63.1,0,82,36.7,62.0,0,29,35.1,51.3,4,,,,,,,,,,,,,,,,,,,,,,,,,,,,,,,,,,,,,,,,,,,,,,,,,,,,,,,,,,,,,,,,,,,,,,,5244,黒田 剛,130期,福岡,福岡,25,B1,,1,0,0.16,4.11,20.2,32.4,0.0,0.0,0.0,0,59,27.8,45.5,0,19,19.7,39.4,3,,,,,,,,,,,,,,,,,,,,,,,,,,,,,,,,,,,,,,,,,,,,,,,,,,,,,,,,,,,,,,,,,,,,,,,3965,北中 元樹,82期,滋賀,滋賀,47,A1,,0,0,0.17,5.73,41.0,56.2,6.7,50.0,70.0,0,74,31.0,47.3,0,16,27.2,45.4,,,,,,,,,,,,,,,,,,,,,,,,,,,,,,,,,,,,,,,,,,,,,,,,,,,,,,,,,,,,,,,,,,,,,,,,4052,興津 藍,85期,徳島,兵庫,45,A2,,0,0,0.16,5.57,38.6,52.6,5.32,36.8,42.1,0,38,48.0,67.5,0,79,33.8,51.4,,,,,,,,,,,,,,,,,,,,,,,,,,,,,,,,,,,,,,,,,,,,,,,,,,,,,,,,,,,,,,,,,,,,,,,,4158,木場 雄二郎,90期,山口,山口,45,B1,,0,0,0.16,4.09,20.9,35.8,5.0,37.5,37.5,0,24,48.6,62.1,0,26,35.7,54.2,5,,,,,,,,,,,,,,,,,,,,,,,,,,,,,,,,,,,,,,,,,,,,,,,,,,,,,,,,,,,,,,,,,,,,,,
202608041211,2026-08-04,12,11R,4950,高岡 竜也,119期,山口,山口,33,A1,,0,0,0.16,6.55,49.5,64.8,7.29,64.2,75.0,0,77,38.4,53.8,0,14,32.8,44.7,,,,,,,,,,,,,,,,,,,,,,,,,,,,,,,,,,,,,,,,,,,,,,,,,,,,,,,,,,,,,,,,,,,,,,,,4828,松山 将吾,114期,滋賀,京都,31,A1,,1,0,0.15,7.02,53.7,72.0,6.16,44.0,56.0,0,14,26.5,54.4,0,23,29.8,44.7,,,,,,,,,,,,,,,,,,,,,,,,,,,,,,,,,,,,,,,,,,,,,,,,,,,,,,,,,,,,,,,,,,,,,,,,4883,岡部 大輝,116期,東京,東京,30,A2,,0,0,0.16,6.2,44.6,63.8,6.25,46.4,64.2,0,66,26.6,44.0,0,63,32.6,51.9,6,,,,,,,,,,,,,,,,,,,,,,,,,,,,,,,,,,,,,,,,,,,,,,,,,,,,,,,,,,,,,,,,,,,,,,,4796,春園 功太,113期,三重,三重,34,A1,,0,0,0.15,6.31,48.0,65.6,6.88,58.8,64.7,0,18,25.6,39.7,0,38,25.6,37.1,,,,,,,,,,,,,,,,,,,,,,,,,,,,,,,,,,,,,,,,,,,,,,,,,,,,,,,,,,,,,,,,,,,,,,,,4348,宮崎 奨,96期,香川,香川,40,A2,,0,0,0.17,5.97,44.6,60.7,5.42,33.3,58.3,0,12,26.3,36.8,0,52,27.4,43.8,,,,,,,,,,,,,,,,,,,,,,,,,,,,,,,,,,,,,,,,,,,,,,,,,,,,,,,,,,,,,,,,,,,,,,,,4233,亀山 雅幸,92期,群馬,群馬,43,A2,,0,0,0.17,5.96,45.1,61.9,6.27,46.6,63.3,0,58,32.8,47.3,0,55,36.4,54.0,2,,,,,,,,,,,,,,,,,,,,,,,,,,,,,,,,,,,,,,,,,,,,,,,,,,,,,,,,,,,,,,,,,,,,,,
202608041212,2026-08-04,12,12R,4350,篠崎 元志,96期,福岡,福岡,40,A1,,0,0,0.13,7.91,64.5,78.1,6.72,38.8,51.8,0,64,53.4,65.7,0,11,26.6,49.3,8,,,,,,,,,,,,,,,,,,,,,,,,,,,,,,,,,,,,,,,,,,,,,,,,,,,,,,,,,,,,,,,,,,,,,,,4137,君島 秀三,89期,滋賀,滋賀,45,A1,,0,0,0.14,6.51,45.9,68.8,5.88,34.1,58.5,0,19,36.8,61.8,0,73,34.2,50.0,5,,,,,,,,,,,,,,,,,,,,,,,,,,,,,,,,,,,,,,,,,,,,,,,,,,,,,,,,,,,,,,,,,,,,,,,4305,金子 拓矢,95期,群馬,栃木,42,A1,,0,0,0.15,6.46,44.4,64.2,6.91,55.8,67.6,0,28,23.1,46.3,0,22,38.8,59.7,4,,,,,,,,,,,,,,,,,,,,,,,,,,,,,,,,,,,,,,,,,,,,,,,,,,,,,,,,,,,,,,,,,,,,,,,4335,若林 将,96期,東京,千葉,42,A1,,1,0,0.12,7.04,54.2,75.5,7.11,55.5,66.6,0,71,37.5,52.7,0,65,34.7,52.7,6,,,,,,,,,,,,,,,,,,,,,,,,,,,,,,,,,,,,,,,,,,,,,,,,,,,,,,,,,,,,,,,,,,,,,,,5298,水谷 理人,132期,香川,香川,24,A1,,0,0,0.16,7.4,58.4,73.0,5.18,28.5,46.4,0,85,35.2,52.9,0,21,34.2,50.0,7,,,,,,,,,,,,,,,,,,,,,,,,,,,,,,,,,,,,,,,,,,,,,,,,,,,,,,,,,,,,,,,,,,,,,,,4083,福島 勇樹,87期,東京,東京,46,A1,,1,0,0.14,7.43,62.5,77.6,4.73,27.2,36.3,0,62,27.5,38.7,0,27,24.0,37.3,3,,,,,,,,,,,,,,,,,,,,,,,,,,,,,,,,,,,,,,,,,,,,,,,,,,,,,,,,,,,,,,,,,,,,,,
202608041301,2026-08-04,13,01R,5365,石村 日奈那,135期,東京,東京,25,B1,,1,0,0.19,2.25,3.9,9.0,0.0,0.0,0.0,0,20,27.4,42.4,0,25,31.5,47.9,9,,,,,,7,4,4,0.15,5,1,2,2,0.18,1,9,5,5,0.19,5,,,,,,8,3,3,0.21,4,1,2,2,0.22,5,7,6,6,0.21,6,,,,,,,,,,,,,,,,,,,,,,,,,,,,,,,4003,表 憲一,84期,福井,石川,48,B1,,0,0,0.18,5.59,35.1,58.2,5.55,36.3,45.4,0,29,30.5,44.4,0,20,27.4,43.8,7,4,1,1,0.13,5,,,,,,1,5,6,0.22,4,6,2,2,0.09,3,5,5,5,0.17,3,10,3,3,0.11,5,1,4,4,0.12,2,,,,,,,,,,,,,,,,,,,,,,,,,,,,,,,,,,,,5017,澤田 尚也,121期,滋賀,京都,27,A1,,0,0,0.13,6.62,49.5,60.9,7.79,67.8,75.0,0,46,25.3,47.8,0,63,27.0,40.5,10,5,5,5,0.13,3,11,1,1,0.13,1,,,,,,7,5,6,0.17,2,2,3,3,0.31,5,12,2,2,0.14,4,5,1,1,0.07,1,10,6,6,0.11,3,,,,,,,,,,,,,,,,,,,,,,,,,,,,,,,4110,小澤 和也,88期,埼玉,埼玉,46,B1,,1,0,0.18,4.14,22.2,36.6,5.89,33.3,66.6,0,27,25.0,44.1,0,61,30.6,40.0,6,3,3,3,0.23,3,8,6,6,0.22,6,1,1,1,0.25,3,,,,,,6,2,2,0.15,5,,,,,,2,4,4,0.14,6,9,5,5,0.19,4,,,,,,,,,,,,,,,,,,,,,,,,,,,,,,,5450,藤本 遼磨,138期,大阪,大阪,23,B2,,0,0,0.0,1.78,0.0,0.0,0.0,0.0,0.0,0,6,22.2,45.8,0,70,29.1,55.5,7,3,6,5,0.12,1,,,,,,5,6,4,0.32,5,,,,,,1,6,6,0.15,5,8,6,5,0.22,6,4,6,6,0.24,3,8,6,4,0.01,5,,,,,,,,,,,,,,,,,,,,,,,,,,,,,,,5386,米玉利 大悟,135期,兵庫,兵庫,20,B1,,0,0,0.19,3.25,11.4,22.9,2.2,1.6,10.0,0,24,34.6,50.6,0,54,35.6,46.5,5,1,4,4,0.15,6,,,,,,2,2,2,0.21,3,6,5,5,0.14,6,5,3,3,0.13,1,,,,,,4,1,1,0.22,4,9,3,3,0.22,落,,,,,,,,,,,,,,,,,,,,,,,,,,,,,,
202608041302,2026-08-04,13,02R,4808,松尾 拓,114期,三重,三重,37,A2,,0,0,0.16,6.03,41.1,57.0,5.1,20.0,40.0,0,31,32.8,46.5,0,45,41.4,57.1,10,,,,,,7,5,6,0.06,3,5,1,1,0.31,3,11,3,3,0.03,2,6,4,4,0.16,3,10,2,2,0.16,1,3,5,5,0.14,2,12,3,3,0.13,6,,,,,,,,,,,,,,,,,,,,,,,,,,,,,,,4330,奈須 啓太,96期,福岡,福岡,42,A2,,0,0,0.12,6.13,43.8,63.8,0.0,0.0,0.0,0,22,17.5,32.4,0,11,25.7,47.1,8,3,4,4,0.19,5,10,1,2,0.15,5,4,6,6,0.12,5,,,,,,7,1,1,0.11,1,12,3,3,0.18,6,,,,,,7,5,5,0.16,3,,,,,,,,,,,,,,,,,,,,,,,,,,,,,,,5211,高井 駿弥,129期,愛知,愛知,27,B1,,0,0,0.17,3.98,11.9,33.7,4.2,20.0,25.0,0,50,21.6,43.3,0,51,26.3,40.2,6,1,5,5,0.13,2,7,3,3,0.06,4,6,6,6,0.1,5,,,,,,1,1,1,0.29,2,,,,,,3,4,4,0.16,6,9,2,2,0.25,5,,,,,,,,,,,,,,,,,,,,,,,,,,,,,,,3993,永井 聖美,83期,東京,愛知,47,B1,,0,0,0.16,5.47,32.6,57.1,0.0,0.0,0.0,0,10,31.0,47.3,0,65,35.1,56.7,9,,,,,,8,4,4,0.15,5,5,4,5,0.18,2,9,1,1,0.2,1,4,2,2,0.17,5,12,6,6,0.31,5,,,,,,8,3,3,0.08,4,,,,,,,,,,,,,,,,,,,,,,,,,,,,,,,4431,石塚 裕介,100期,三重,三重,40,B1,,0,0,0.18,4.78,30.3,43.0,5.43,24.3,59.4,0,56,49.3,65.3,0,32,35.2,59.1,8,4,4,4,0.04,1,11,3,3,0.19,5,2,1,1,0.19,1,,,,,,2,2,2,0.21,3,6,5,6,0.17,4,,,,,,8,4,5,0.11,3,,,,,,,,,,,,,,,,,,,,,,,,,,,,,,,4357,田中 和也,97期,大阪,大阪,42,A1,,0,0,0.18,6.85,57.6,73.0,7.03,54.2,71.4,0,32,37.8,54.0,0,40,22.9,45.9,7,6,1,1,0.17,1,12,5,5,0.17,4,5,5,6,0.3,4,12,3,3,0.19,5,5,2,2,0.19,5,9,4,4,0.27,2,,,,,,9,1,1,0.21,2,,,,,,,,,,,,,,,,,,,,,,,,,,,,,,
202608041303,2026-08-04,13,03R,3514,山一 鉄也,68期,福岡,福岡,59,A2,,0,0,0.17,5.89,40.8,57.6,5.71,41.1,58.8,0,7,29.1,47.2,0,59,35.1,54.0,10,,,,,,9,3,3,0.18,2,8,1,1,0.32,5,12,4,4,0.25,2,3,2,2,0.07,2,8,5,6,0.21,3,1,3,3,0.16,4,10,5,5,0.12,6,,,,,,,,,,,,,,,,,,,,,,,,,,,,,,,4460,後藤 翔之,101期,東京,東京,40,A2,,0,0,0.14,5.95,40.1,63.3,5.24,38.1,47.6,0,60,28.9,53.6,0,16,18.9,33.7,11,3,2,2,0.37,2,11,6,6,0.23,4,6,1,1,0.05,2,10,5,5,0.11,4,,,,,,9,3,3,0.21,3,6,1,1,0.1,1,11,6,6,0.07,6,,,,,,,,,,,,,,,,,,,,,,,,,,,,,,,4678,水野 望美,109期,愛知,愛知,37,B1,,1,0,0.17,5.11,30.1,48.1,5.69,43.7,50.0,0,58,23.0,30.7,0,58,30.5,45.8,9,3,1,1,0.31,4,9,5,5,0.14,6,,,,,,9,3,3,0.08,2,1,4,4,0.14,3,5,6,6,0.18,6,4,2,2,0.25,5,,,,,,,,,,,,,,,,,,,,,,,,,,,,,,,,,,,,4229,市川 美宏,92期,静岡,静岡,43,B1,,0,0,0.19,4.14,16.8,43.3,3.56,12.5,18.7,0,45,39.4,53.9,0,71,41.6,54.1,7,6,3,3,0.21,6,,,,,,2,4,4,0.17,5,8,2,2,0.28,4,2,5,5,0.19,4,,,,,,1,1,1,0.14,1,9,6,6,0.17,3,,,,,,,,,,,,,,,,,,,,,,,,,,,,,,,5472,中川 海虹,138期,愛知,愛知,16,B2,,1,0,0.0,1.0,0.0,0.0,0.0,0.0,0.0,0,14,32.8,46.0,0,42,37.8,58.1,8,4,6,5,0.13,6,,,,,,3,6,4,0.29,6,,,,,,3,6,6,0.21,6,7,6,4,0.37,6,5,6,6,0.28,6,,,,,,,,,,,,,,,,,,,,,,,,,,,,,,,,,,,,4543,重木 輝彦,104期,兵庫,兵庫,38,A1,,1,0,0.17,6.68,45.6,66.6,6.61,48.9,67.3,0,11,31.1,46.7,0,13,33.7,49.3,8,3,5,6,0.31,6,12,3,3,0.16,3,4,5,5,0.15,3,11,1,1,0.04,1,2,4,4,0.23,6,8,2,2,0.11,1,,,,,,8,2,2,0.05,2,,,,,,,,,,,,,,,,,,,,,,,,,,,,,,
202608041304,2026-08-04,13,04R,3915,繁野谷 圭介,81期,大阪,大阪,52,A2,,0,0,0.19,5.88,39.8,59.3,5.77,42.3,61.5,0,47,24.2,45.7,0,47,15.0,31.5,11,,,,,,7,1,1,0.12,1,4,2,2,0.2,1,12,5,5,0.24,3,3,3,3,0.11,5,9,6,6,0.25,4,3,3,3,0.15,1,10,4,4,0.14,4,,,,,,,,,,,,,,,,,,,,,,,,,,,,,,,3873,別府 昌樹,79期,広島,広島,50,B1,,0,0,0.21,4.54,22.2,38.1,5.03,30.7,48.7,0,40,39.4,55.2,0,23,27.1,38.5,8,5,4,4,0.13,2,,,,,,3,4,5,0.16,5,12,2,2,0.22,6,6,3,3,0.14,2,,,,,,2,6,6,0.17,4,7,2,1,0.28,5,,,,,,,,,,,,,,,,,,,,,,,,,,,,,,,3471,赤峰 和也,66期,佐賀,佐賀,56,B1,,0,0,0.17,3.98,20.4,32.2,3.65,5.8,29.4,0,41,18.4,36.9,0,57,46.5,61.6,,6,2,2,0.19,3,,,,,,1,4,5,0.14,2,5,3,3,0.32,6,,,,,,8,4,4,0.22,5,2,1,1,0.11,3,6,5,6,0.13,5,,,,,,,,,,,,,,,,,,,,,,,,,,,,,,,4718,北川 太一,110期,佐賀,佐賀,33,A2,,1,0,0.14,6.55,50.5,73.5,5.79,26.3,63.1,0,8,33.7,55.8,0,62,26.6,41.3,8,2,2,3,0.29,3,9,6,6,0.14,5,,,,,,11,2,2,0.05,6,4,5,5,0.14,2,9,1,1,0.23,1,,,,,,9,4,4,0.17,1,,,,,,,,,,,,,,,,,,,,,,,,,,,,,,,4584,村岡 賢人,105期,岡山,鳥取,36,A1,,1,0,0.12,6.16,39.3,57.5,6.63,47.3,57.8,0,2,36.7,56.9,0,15,35.5,56.5,10,4,2,2,0.09,4,10,4,5,0.13,2,3,3,3,0.17,3,10,1,1,0.09,2,,,,,,11,6,6,0.12,5,8,1,1,0.06,1,12,6,6,0.08,4,,,,,,,,,,,,,,,,,,,,,,,,,,,,,,,5173,谷口 佳蓮,127期,香川,愛媛,24,B1,,1,0,0.15,5.27,35.7,48.9,4.88,37.5,37.5,0,44,36.2,52.5,0,67,29.1,49.3,9,6,5,5,0.15,4,10,2,3,0.16,3,,,,,,9,6,6,0.14,4,2,1,1,0.21,1,11,4,4,0.13,6,6,2,2,0.14,2,,,,,,,,,,,,,,,,,,,,,,,,,,,,,,,,,,,
202608041305,2026-08-04,13,05R,4193,郷原 章平,91期,福岡,福岡,44,A2,,0,0,0.15,5.84,38.6,55.3,5.68,36.0,60.0,0,30,26.3,43.0,0,73,43.2,54.0,10,,,,,,8,1,1,0.09,1,7,2,2,0.09,1,11,4,4,0.0,4,2,6,6,0.15,2,7,3,3,0.09,2,2,5,5,0.13,5,10,2,2,0.12,5,,,,,,,,,,,,,,,,,,,,,,,,,,,,,,,3454,井川 大作,65期,岡山,岡山,55,B1,,0,0,0.17,5.53,40.0,55.7,4.71,28.5,50.0,0,55,43.2,56.7,0,52,30.2,50.0,11,2,6,6,0.15,2,8,3,3,0.08,3,,,,,,10,4,4,0.05,3,3,1,1,0.08,1,11,5,5,0.09,3,6,3,3,0.12,3,12,2,2,0.17,5,,,,,,,,,,,,,,,,,,,,,,,,,,,,,,,4900,中田 夕貴,117期,埼玉,埼玉,33,B1,,0,1,0.19,5.03,25.3,45.3,6.0,42.1,57.8,0,28,23.6,37.5,0,27,12.6,25.3,9,2,1,1,0.32,1,11,5,5,0.26,6,,,,,,9,2,2,0.11,3,3,4,4,0.15,4,10,4,6,0.11,4,2,3,3,0.11,2,,,,,,,,,,,,,,,,,,,,,,,,,,,,,,,,,,,,5386,米玉利 大悟,135期,兵庫,兵庫,20,B1,,0,0,0.19,3.25,11.4,22.9,2.2,1.6,10.0,0,24,34.6,50.6,0,54,35.6,46.5,1,1,4,4,0.15,6,,,,,,2,2,2,0.21,3,6,5,5,0.14,6,5,3,3,0.13,1,,,,,,4,1,1,0.22,4,9,3,3,0.22,落,,,,,,,,,,,,,,,,,,,,,,,,,,,,,,,4102,益田 啓司,88期,福岡,大分,47,A1,,0,0,0.15,6.44,50.0,65.4,6.54,51.2,65.8,0,61,38.3,49.3,0,53,31.1,42.8,11,1,3,3,0.14,1,11,4,4,0.19,2,5,2,2,0.27,1,10,6,6,0.14,5,,,,,,10,1,1,0.24,2,4,5,5,0.14,2,11,2,2,0.07,3,,,,,,,,,,,,,,,,,,,,,,,,,,,,,,,5447,岡本 亜子,138期,岡山,岡山,24,B2,,0,0,0.0,1.07,0.0,0.0,0.0,0.0,0.0,0,42,18.6,34.6,0,14,31.1,48.0,,5,6,6,0.38,6,,,,,,2,6,5,0.27,6,7,6,4,0.19,6,6,6,5,0.13,6,,,,,,1,6,6,0.22,6,6,6,5,0.32,6,,,,,,,,,,,,,,,,,,,,,,,,,,,,,,
202608041306,2026-08-04,13,06R,4360,庄司 孝輔,97期,静岡,静岡,41,A2,,0,0,0.18,5.53,31.6,55.5,8.17,83.3,83.3,0,21,18.5,41.9,0,66,24.6,38.9,11,5,3,3,0.15,4,10,3,4,0.14,1,,,,,,8,6,6,0.12,2,5,1,1,0.14,4,12,5,5,0.24,3,7,1,2,0.19,1,11,4,4,0.05,5,,,,,,,,,,,,,,,,,,,,,,,,,,,,,,,4110,小澤 和也,88期,埼玉,埼玉,46,B1,,1,0,0.18,4.14,22.2,36.6,5.89,33.3,66.6,0,27,25.0,44.1,0,61,30.6,40.0,1,3,3,3,0.23,3,8,6,6,0.22,6,1,1,1,0.25,3,,,,,,6,2,2,0.15,5,,,,,,2,4,4,0.14,6,9,5,5,0.19,4,,,,,,,,,,,,,,,,,,,,,,,,,,,,,,,5130,上野 拓馬,126期,三重,三重,28,B1,,0,0,0.18,4.9,20.5,46.1,3.65,4.3,26.0,0,19,25.8,35.4,0,60,32.3,49.3,,6,6,6,0.29,5,,,,,,4,3,3,0.24,4,10,2,2,0.12,6,4,1,1,0.24,6,,,,,,1,5,5,0.15,3,5,5,4,0.18,4,,,,,,,,,,,,,,,,,,,,,,,,,,,,,,,4925,森 悠稀,118期,兵庫,兵庫,33,A2,,0,0,0.16,5.75,33.3,58.8,5.89,32.2,64.4,0,57,32.0,52.0,0,19,33.3,53.8,10,6,4,4,0.11,2,11,2,2,0.18,3,,,,,,7,1,1,0.21,4,1,3,3,0.16,1,7,5,6,0.16,4,5,2,2,0.11,3,12,5,5,0.03,3,,,,,,,,,,,,,,,,,,,,,,,,,,,,,,,5211,高井 駿弥,129期,愛知,愛知,27,B1,,0,0,0.17,3.98,11.9,33.7,4.2,20.0,25.0,0,50,21.6,43.3,0,51,26.3,40.2,2,1,5,5,0.13,2,7,3,3,0.06,4,6,6,6,0.1,5,,,,,,1,1,1,0.29,2,,,,,,3,4,4,0.16,6,9,2,2,0.25,5,,,,,,,,,,,,,,,,,,,,,,,,,,,,,,,5346,中村 紋夕梨,134期,愛知,愛知,23,B1,,0,0,0.22,2.67,1.3,13.8,1.47,0.0,0.0,0,49,34.2,46.0,0,48,41.6,59.7,,2,5,5,0.23,5,,,,,,4,4,4,0.22,6,8,3,3,0.23,6,,,,,,7,2,2,0.23,5,3,1,1,0.06,4,8,5,6,0.06,6,,,,,,,,,,,,,,,,,,,,,,,,,,,,,,
202608041307,2026-08-04,13,07R,4057,松井 賢治,86期,兵庫,兵庫,47,A2,,0,0,0.15,5.91,43.7,60.0,6.25,47.6,67.6,0,51,21.7,39.7,0,38,42.4,65.7,11,4,3,3,0.14,3,9,1,1,0.21,1,,,,,,8,5,5,0.14,3,4,6,6,0.13,3,11,2,2,0.14,4,3,2,2,0.11,3,11,5,5,0.09,4,,,,,,,,,,,,,,,,,,,,,,,,,,,,,,,4229,市川 美宏,92期,静岡,静岡,43,B1,,0,0,0.19,4.14,16.8,43.3,3.56,12.5,18.7,0,45,39.4,53.9,0,71,41.6,54.1,3,6,3,3,0.21,6,,,,,,2,4,4,0.17,5,8,2,2,0.28,4,2,5,5,0.19,4,,,,,,1,1,1,0.14,1,9,6,6,0.17,3,,,,,,,,,,,,,,,,,,,,,,,,,,,,,,,4357,田中 和也,97期,大阪,大阪,42,A1,,0,0,0.18,6.85,57.6,73.0,7.03,54.2,71.4,0,32,37.8,54.0,0,40,22.9,45.9,2,6,1,1,0.17,1,12,5,5,0.17,4,5,5,6,0.3,4,12,3,3,0.19,5,5,2,2,0.19,5,9,4,4,0.27,2,,,,,,9,1,1,0.21,2,,,,,,,,,,,,,,,,,,,,,,,,,,,,,,,4871,菊池 宏志,116期,山口,山口,34,B1,,1,0,0.17,4.58,26.8,43.0,5.67,33.3,66.6,0,48,34.5,53.0,0,24,34.2,47.9,,5,1,1,0.26,5,,,,,,6,3,3,0.21,4,11,5,5,0.2,5,,,,,,9,2,2,0.25,5,3,6,6,0.16,5,7,4,4,0.21,4,,,,,,,,,,,,,,,,,,,,,,,,,,,,,,,4003,表 憲一,84期,福井,石川,48,B1,,0,0,0.18,5.59,35.1,58.2,5.55,36.3,45.4,0,29,30.5,44.4,0,20,27.4,43.8,1,4,1,1,0.13,5,,,,,,1,5,6,0.22,4,6,2,2,0.09,3,5,5,5,0.17,3,10,3,3,0.11,5,1,4,4,0.12,2,,,,,,,,,,,,,,,,,,,,,,,,,,,,,,,,,,,,5450,藤本 遼磨,138期,大阪,大阪,23,B2,,0,0,0.0,1.78,0.0,0.0,0.0,0.0,0.0,0,6,22.2,45.8,0,70,29.1,55.5,1,3,6,5,0.12,1,,,,,,5,6,4,0.32,5,,,,,,1,6,6,0.15,5,8,6,5,0.22,6,4,6,6,0.24,3,8,6,4,0.01,5,,,,,,,,,,,,,,,,,,,,,,,,,,,,,,
202608041308,2026-08-04,13,08R,4543,重木 輝彦,104期,兵庫,兵庫,38,A1,,1,0,0.17,6.68,45.6,66.6,6.61,48.9,67.3,0,11,31.1,46.7,0,13,33.7,49.3,3,3,5,6,0.31,6,12,3,3,0.16,3,4,5,5,0.15,3,11,1,1,0.04,1,2,4,4,0.23,6,8,2,2,0.11,1,,,,,,8,2,2,0.05,2,,,,,,,,,,,,,,,,,,,,,,,,,,,,,,,4718,北川 太一,110期,佐賀,佐賀,33,A2,,1,0,0.14,6.55,50.5,73.5,5.79,26.3,63.1,0,8,33.7,55.8,0,62,26.6,41.3,4,2,2,3,0.29,3,9,6,6,0.14,5,,,,,,11,2,2,0.05,6,4,5,5,0.14,2,9,1,1,0.23,1,,,,,,9,4,4,0.17,1,,,,,,,,,,,,,,,,,,,,,,,,,,,,,,,4431,石塚 裕介,100期,三重,三重,40,B1,,0,0,0.18,4.78,30.3,43.0,5.43,24.3,59.4,0,56,49.3,65.3,0,32,35.2,59.1,2,4,4,4,0.04,1,11,3,3,0.19,5,2,1,1,0.19,1,,,,,,2,2,2,0.21,3,6,5,6,0.17,4,,,,,,8,4,5,0.11,3,,,,,,,,,,,,,,,,,,,,,,,,,,,,,,,4330,奈須 啓太,96期,福岡,福岡,42,A2,,0,0,0.12,6.13,43.8,63.8,0.0,0.0,0.0,0,22,17.5,32.4,0,11,25.7,47.1,2,3,4,4,0.19,5,10,1,2,0.15,5,4,6,6,0.12,5,,,,,,7,1,1,0.11,1,12,3,3,0.18,6,,,,,,7,5,5,0.16,3,,,,,,,,,,,,,,,,,,,,,,,,,,,,,,,3873,別府 昌樹,79期,広島,広島,50,B1,,0,0,0.21,4.54,22.2,38.1,5.03,30.7,48.7,0,40,39.4,55.2,0,23,27.1,38.5,4,5,4,4,0.13,2,,,,,,3,4,5,0.16,5,12,2,2,0.22,6,6,3,3,0.14,2,,,,,,2,6,6,0.17,4,7,2,1,0.28,5,,,,,,,,,,,,,,,,,,,,,,,,,,,,,,,5472,中川 海虹,138期,愛知,愛知,16,B2,,1,0,0.0,1.0,0.0,0.0,0.0,0.0,0.0,0,14,32.8,46.0,0,42,37.8,58.1,3,4,6,5,0.13,6,,,,,,3,6,4,0.29,6,,,,,,3,6,6,0.21,6,7,6,4,0.37,6,5,6,6,0.28,6,,,,,,,,,,,,,,,,,,,,,,,,,,,,,,,,,,,
202608041309,2026-08-04,13,09R,5173,谷口 佳蓮,127期,香川,愛媛,24,B1,,1,0,0.15,5.27,35.7,48.9,4.88,37.5,37.5,0,44,36.2,52.5,0,67,29.1,49.3,4,6,5,5,0.15,4,10,2,3,0.16,3,,,,,,9,6,6,0.14,4,2,1,1,0.21,1,11,4,4,0.13,6,6,2,2,0.14,2,,,,,,,,,,,,,,,,,,,,,,,,,,,,,,,,,,,,3993,永井 聖美,83期,東京,愛知,47,B1,,0,0,0.16,5.47,32.6,57.1,0.0,0.0,0.0,0,10,31.0,47.3,0,65,35.1,56.7,2,,,,,,8,4,4,0.15,5,5,4,5,0.18,2,9,1,1,0.2,1,4,2,2,0.17,5,12,6,6,0.31,5,,,,,,8,3,3,0.08,4,,,,,,,,,,,,,,,,,,,,,,,,,,,,,,,4909,薮内 瑞希,117期,岡山,岡山,30,B1,,1,0,0.16,5.02,35.7,46.3,7.0,58.8,64.7,0,36,35.6,53.4,0,39,34.7,50.0,,1,6,6,0.12,5,,,,,,4,1,1,0.21,2,9,4,4,0.15,6,1,2,2,0.2,4,9,5,5,0.22,6,5,3,3,0.1,5,,,,,,,,,,,,,,,,,,,,,,,,,,,,,,,,,,,,4678,水野 望美,109期,愛知,愛知,37,B1,,1,0,0.17,5.11,30.1,48.1,5.69,43.7,50.0,0,58,23.0,30.7,0,58,30.5,45.8,3,3,1,1,0.31,4,9,5,5,0.14,6,,,,,,9,3,3,0.08,2,1,4,4,0.14,3,5,6,6,0.18,6,4,2,2,0.25,5,,,,,,,,,,,,,,,,,,,,,,,,,,,,,,,,,,,,4900,中田 夕貴,117期,埼玉,埼玉,33,B1,,0,1,0.19,5.03,25.3,45.3,6.0,42.1,57.8,0,28,23.6,37.5,0,27,12.6,25.3,5,2,1,1,0.32,1,11,5,5,0.26,6,,,,,,9,2,2,0.11,3,3,4,4,0.15,4,10,4,6,0.11,4,2,3,3,0.11,2,,,,,,,,,,,,,,,,,,,,,,,,,,,,,,,,,,,,5365,石村 日奈那,135期,東京,東京,25,B1,,1,0,0.19,2.25,3.9,9.0,0.0,0.0,0.0,0,20,27.4,42.4,0,25,31.5,47.9,1,,,,,,7,4,4,0.15,5,1,2,2,0.18,1,9,5,5,0.19,5,,,,,,8,3,3,0.21,4,1,2,2,0.22,5,7,6,6,0.21,6,,,,,,,,,,,,,,,,,,,,,,,,,,,,,,
202608041310,2026-08-04,13,10R,4925,森 悠稀,118期,兵庫,兵庫,33,A2,,0,0,0.16,5.75,33.3,58.8,5.89,32.2,64.4,0,57,32.0,52.0,0,19,33.3,53.8,6,6,4,4,0.11,2,11,2,2,0.18,3,,,,,,7,1,1,0.21,4,1,3,3,0.16,1,7,5,6,0.16,4,5,2,2,0.11,3,12,5,5,0.03,3,,,,,,,,,,,,,,,,,,,,,,,,,,,,,,,5017,澤田 尚也,121期,滋賀,京都,27,A1,,0,0,0.13,6.62,49.5,60.9,7.79,67.8,75.0,0,46,25.3,47.8,0,63,27.0,40.5,1,5,5,5,0.13,3,11,1,1,0.13,1,,,,,,7,5,6,0.17,2,2,3,3,0.31,5,12,2,2,0.14,4,5,1,1,0.07,1,10,6,6,0.11,3,,,,,,,,,,,,,,,,,,,,,,,,,,,,,,,4584,村岡 賢人,105期,岡山,鳥取,36,A1,,1,0,0.12,6.16,39.3,57.5,6.63,47.3,57.8,0,2,36.7,56.9,0,15,35.5,56.5,4,4,2,2,0.09,4,10,4,5,0.13,2,3,3,3,0.17,3,10,1,1,0.09,2,,,,,,11,6,6,0.12,5,8,1,1,0.06,1,12,6,6,0.08,4,,,,,,,,,,,,,,,,,,,,,,,,,,,,,,,4193,郷原 章平,91期,福岡,福岡,44,A2,,0,0,0.15,5.84,38.6,55.3,5.68,36.0,60.0,0,30,26.3,43.0,0,73,43.2,54.0,5,,,,,,8,1,1,0.09,1,7,2,2,0.09,1,11,4,4,0.0,4,2,6,6,0.15,2,7,3,3,0.09,2,2,5,5,0.13,5,10,2,2,0.12,5,,,,,,,,,,,,,,,,,,,,,,,,,,,,,,,4808,松尾 拓,114期,三重,三重,37,A2,,0,0,0.16,6.03,41.1,57.0,5.1,20.0,40.0,0,31,32.8,46.5,0,45,41.4,57.1,2,,,,,,7,5,6,0.06,3,5,1,1,0.31,3,11,3,3,0.03,2,6,4,4,0.16,3,10,2,2,0.16,1,3,5,5,0.14,2,12,3,3,0.13,6,,,,,,,,,,,,,,,,,,,,,,,,,,,,,,,3514,山一 鉄也,68期,福岡,福岡,59,A2,,0,0,0.17,5.89,40.8,57.6,5.71,41.1,58.8,0,7,29.1,47.2,0,59,35.1,54.0,3,,,,,,9,3,3,0.18,2,8,1,1,0.32,5,12,4,4,0.25,2,3,2,2,0.07,2,8,5,6,0.21,3,1,3,3,0.16,4,10,5,5,0.12,6,,,,,,,,,,,,,,,,,,,,,,,,,,,,,,
202608041311,2026-08-04,13,11R,4102,益田 啓司,88期,福岡,大分,47,A1,,0,0,0.15,6.44,50.0,65.4,6.54,51.2,65.8,0,61,38.3,49.3,0,53,31.1,42.8,5,1,3,3,0.14,1,11,4,4,0.19,2,5,2,2,0.27,1,10,6,6,0.14,5,,,,,,10,1,1,0.24,2,4,5,5,0.14,2,11,2,2,0.07,3,,,,,,,,,,,,,,,,,,,,,,,,,,,,,,,3915,繁野谷 圭介,81期,大阪,大阪,52,A2,,0,0,0.19,5.88,39.8,59.3,5.77,42.3,61.5,0,47,24.2,45.7,0,47,15.0,31.5,4,,,,,,7,1,1,0.12,1,4,2,2,0.2,1,12,5,5,0.24,3,3,3,3,0.11,5,9,6,6,0.25,4,3,3,3,0.15,1,10,4,4,0.14,4,,,,,,,,,,,,,,,,,,,,,,,,,,,,,,,4057,松井 賢治,86期,兵庫,兵庫,47,A2,,0,0,0.15,5.91,43.7,60.0,6.25,47.6,67.6,0,51,21.7,39.7,0,38,42.4,65.7,7,4,3,3,0.14,3,9,1,1,0.21,1,,,,,,8,5,5,0.14,3,4,6,6,0.13,3,11,2,2,0.14,4,3,2,2,0.11,3,11,5,5,0.09,4,,,,,,,,,,,,,,,,,,,,,,,,,,,,,,,3454,井川 大作,65期,岡山,岡山,55,B1,,0,0,0.17,5.53,40.0,55.7,4.71,28.5,50.0,0,55,43.2,56.7,0,52,30.2,50.0,5,2,6,6,0.15,2,8,3,3,0.08,3,,,,,,10,4,4,0.05,3,3,1,1,0.08,1,11,5,5,0.09,3,6,3,3,0.12,3,12,2,2,0.17,5,,,,,,,,,,,,,,,,,,,,,,,,,,,,,,,4360,庄司 孝輔,97期,静岡,静岡,41,A2,,0,0,0.18,5.53,31.6,55.5,8.17,83.3,83.3,0,21,18.5,41.9,0,66,24.6,38.9,6,5,3,3,0.15,4,10,3,4,0.14,1,,,,,,8,6,6,0.12,2,5,1,1,0.14,4,12,5,5,0.24,3,7,1,2,0.19,1,11,4,4,0.05,5,,,,,,,,,,,,,,,,,,,,,,,,,,,,,,,4460,後藤 翔之,101期,東京,東京,40,A2,,0,0,0.14,5.95,40.1,63.3,5.24,38.1,47.6,0,60,28.9,53.6,0,16,18.9,33.7,3,3,2,2,0.37,2,11,6,6,0.23,4,6,1,1,0.05,2,10,5,5,0.11,4,,,,,,9,3,3,0.21,3,6,1,1,0.1,1,11,6,6,0.07,6,,,,,,,,,,,,,,,,,,,,,,,,,,,,,,
202608041312,2026-08-04,13,12R,4013,中島 孝平,84期,福井,福井,46,A1,,0,0,0.14,7.01,47.5,64.0,6.86,34.2,60.0,0,39,42.8,59.7,0,50,23.3,48.0,,8,2,2,0.09,2,12,1,1,0.08,1,3,5,6,0.22,2,8,4,4,0.13,1,7,4,5,0.11,3,11,3,3,0.12,1,7,3,3,0.19,2,12,1,1,0.11,1,,,,,,,,,,,,,,,,,,,,,,,,,,,,,,,4831,羽野 直也,114期,福岡,福岡,31,A1,,0,0,0.15,7.29,53.6,68.4,5.89,27.7,27.7,0,37,34.2,53.4,0,30,36.4,51.3,,5,2,2,0.15,1,12,4,4,0.16,2,2,5,6,0.13,4,10,3,3,0.08,1,3,5,5,0.18,3,12,1,1,0.22,1,2,2,2,0.14,1,11,1,1,0.17,1,,,,,,,,,,,,,,,,,,,,,,,,,,,,,,,5058,前原 大道,123期,岡山,岡山,29,A1,,1,0,0.17,6.54,43.9,64.2,7.7,65.0,70.0,0,3,37.8,59.4,0,33,29.8,46.7,,7,2,2,0.11,2,12,6,6,0.19,6,6,4,4,0.06,1,12,1,1,0.23,1,4,3,3,0.13,1,10,6,5,0.06,3,4,4,4,0.12,1,10,1,1,0.16,1,,,,,,,,,,,,,,,,,,,,,,,,,,,,,,,4809,外崎 悟,114期,埼玉,埼玉,37,A1,,0,0,0.16,5.73,32.5,53.9,5.87,26.6,66.6,0,63,38.9,58.4,0,55,29.1,58.3,,,,,,,9,2,2,0.23,3,2,3,3,0.23,2,12,6,6,0.24,4,5,4,4,0.16,2,11,1,1,0.13,2,5,4,5,0.12,2,11,3,3,0.1,2,,,,,,,,,,,,,,,,,,,,,,,,,,,,,,,4302,西野 翔太,95期,広島,広島,43,A1,,0,0,0.15,6.73,52.4,67.7,6.54,50.0,73.0,0,5,33.3,51.3,0,69,25.6,43.5,,4,5,6,0.03,2,12,2,2,0.17,5,1,3,3,0.11,5,7,3,5,0.19,3,6,1,1,0.13,1,12,4,4,0.21,2,6,4,4,0.15,4,10,3,3,0.11,2,,,,,,,,,,,,,,,,,,,,,,,,,,,,,,,4934,佐々木 翔斗,118期,大阪,大阪,30,A2,,0,0,0.17,5.33,34.0,50.0,5.22,28.1,56.2,0,16,43.2,68.9,0,44,30.8,48.5,,,,,,,8,5,5,0.19,4,3,2,2,0.24,1,11,6,6,0.06,3,4,4,4,0.15,4,8,1,1,0.16,2,4,3,3,0.2,6,12,4,4,0.09,2,,,,,,,,,,,,,,,,,,,,,,,,,,,,,,
202608041701,2026-08-04,17,01R,4230,濱崎 直矢,92期,埼玉,埼玉,43,A2,,0,0,0.16,6.73,50.6,68.8,7.82,77.2,81.8,0,16,34.0,50.5,0,24,30.3,48.4,11,,,,,,7,5,5,0.14,1,,,,,,,,,,,,,,,,,,,,,,,,,,,,,,,,,,,,,,,,,,,,,,,,,,,,,,,,,,,,,3878,胡本 悟志,79期,山口,山口,49,B1,,0,0,0.17,4.47,21.0,35.5,3.71,14.2,28.5,0,34,37.0,53.4,0,76,35.8,55.5,6,6,3,3,0.24,4,,,,,,,,,,,,,,,,,,,,,,,,,,,,,,,,,,,,,,,,,,,,,,,,,,,,,,,,,,,,,,,,,,5245,倉富 大誠,130期,愛知,愛知,24,B1,,0,0,0.18,5.37,35.9,52.5,0.0,0.0,0.0,0,80,29.8,41.6,0,58,36.4,53.7,10,4,6,6,0.23,6,,,,,,,,,,,,,,,,,,,,,,,,,,,,,,,,,,,,,,,,,,,,,,,,,,,,,,,,,,,,,,,,,,5037,田頭 虎親,122期,香川,兵庫,28,B1,,0,0,0.18,5.73,46.8,59.4,5.09,40.6,43.7,0,38,49.0,67.7,0,32,34.7,51.4,9,5,5,5,0.22,1,,,,,,,,,,,,,,,,,,,,,,,,,,,,,,,,,,,,,,,,,,,,,,,,,,,,,,,,,,,,,,,,,,5435,中西 月輝,137期,広島,山口,21,B2,,1,0,0.22,1.35,0.0,0.0,1.37,0.0,0.0,0,55,36.8,57.4,0,65,30.9,48.5,7,,,,,,10,6,6,0.41,5,,,,,,,,,,,,,,,,,,,,,,,,,,,,,,,,,,,,,,,,,,,,,,,,,,,,,,,,,,,,,3372,加藤 雅之,63期,広島,広島,59,B2,,0,0,0.21,3.07,9.0,15.9,4.59,26.2,39.3,0,21,40.4,58.5,0,80,30.5,50.2,8,2,3,3,0.16,4,,,,,,,,,,,,,,,,,,,,,,,,,,,,,,,,,,,,,,,,,,,,,,,,,,,,,,,,,,,,,,,,,
202608041702,2026-08-04,17,02R,4396,大田 直弥,98期,山口,山口,40,B1,,0,0,0.2,5.11,29.3,47.8,3.89,13.8,33.3,0,63,33.3,48.4,0,69,29.7,50.5,9,,,,,,8,4,4,0.25,6,,,,,,,,,,,,,,,,,,,,,,,,,,,,,,,,,,,,,,,,,,,,,,,,,,,,,,,,,,,,,4376,藤田 靖弘,98期,静岡,静岡,42,A2,,0,0,0.15,5.74,42.2,56.0,5.36,45.4,54.5,0,39,32.6,51.4,0,71,33.4,46.1,11,6,5,5,0.18,6,,,,,,,,,,,,,,,,,,,,,,,,,,,,,,,,,,,,,,,,,,,,,,,,,,,,,,,,,,,,,,,,,,5014,梶山 涼斗,121期,佐賀,佐賀,28,B1,,1,0,0.14,4.55,27.6,43.0,4.88,23.5,47.0,0,17,41.9,59.0,0,11,27.4,45.9,10,5,2,2,0.22,6,,,,,,,,,,,,,,,,,,,,,,,,,,,,,,,,,,,,,,,,,,,,,,,,,,,,,,,,,,,,,,,,,,3606,川北 浩貴,71期,滋賀,滋賀,54,B1,,0,0,0.16,5.74,43.6,55.3,4.15,20.0,35.0,0,18,35.0,53.0,0,16,39.4,55.7,8,5,3,3,0.24,5,,,,,,,,,,,,,,,,,,,,,,,,,,,,,,,,,,,,,,,,,,,,,,,,,,,,,,,,,,,,,,,,,,4962,畑 竜生,119期,三重,三重,30,A2,,0,0,0.17,5.3,31.5,51.7,6.0,45.0,60.0,0,37,41.7,56.7,0,61,35.3,53.7,7,1,1,1,0.08,1,11,4,4,0.22,6,,,,,,,,,,,,,,,,,,,,,,,,,,,,,,,,,,,,,,,,,,,,,,,,,,,,,,,,,,,,,5043,中村 日向,122期,香川,香川,27,A1,,0,0,0.13,7.28,56.6,70.7,6.88,50.0,62.5,0,57,38.7,57.3,0,34,28.1,45.0,12,7,2,2,0.1,5,12,4,4,0.2,6,,,,,,,,,,,,,,,,,,,,,,,,,,,,,,,,,,,,,,,,,,,,,,,,,,,,,,,,,,,,
202608041703,2026-08-04,17,03R,4951,新田 洋一,119期,広島,広島,32,B1,,1,0,0.14,5.23,28.4,51.8,6.13,45.4,66.2,0,23,33.3,52.0,0,53,32.4,48.4,,1,2,2,0.12,4,9,5,5,0.13,3,,,,,,,,,,,,,,,,,,,,,,,,,,,,,,,,,,,,,,,,,,,,,,,,,,,,,,,,,,,,,4106,坂井 康嗣,88期,佐賀,佐賀,46,B1,,0,0,0.19,4.15,22.5,35.2,4.14,20.6,37.9,0,67,34.9,54.5,0,14,28.7,44.7,11,,,,,,7,6,6,0.19,3,,,,,,,,,,,,,,,,,,,,,,,,,,,,,,,,,,,,,,,,,,,,,,,,,,,,,,,,,,,,,4844,村上 奈穂,115期,広島,島根,33,B1,,0,0,0.18,4.13,20.8,34.0,4.5,24.2,41.4,0,36,33.4,48.8,0,26,26.7,51.5,,2,1,1,0.16,1,10,4,4,0.31,4,,,,,,,,,,,,,,,,,,,,,,,,,,,,,,,,,,,,,,,,,,,,,,,,,,,,,,,,,,,,,4358,松本 庸平,97期,三重,三重,41,B1,,0,0,0.22,4.14,27.8,36.7,3.63,21.0,31.5,0,70,34.9,48.6,0,31,28.3,45.1,10,6,1,1,0.24,3,,,,,,,,,,,,,,,,,,,,,,,,,,,,,,,,,,,,,,,,,,,,,,,,,,,,,,,,,,,,,,,,,,3377,塚田 修二,63期,東京,東京,58,B1,,0,0,0.21,4.71,24.4,46.5,3.9,20.0,30.0,0,11,39.6,54.4,0,78,40.2,58.7,9,3,1,1,0.22,6,,,,,,,,,,,,,,,,,,,,,,,,,,,,,,,,,,,,,,,,,,,,,,,,,,,,,,,,,,,,,,,,,,4572,渡部 悟,105期,大阪,大阪,37,B1,,0,0,0.16,5.48,35.9,52.4,4.64,25.0,39.2,0,29,33.1,52.4,0,30,27.6,47.0,8,4,4,4,0.19,3,,,,,,,,,,,,,,,,,,,,,,,,,,,,,,,,,,,,,,,,,,,,,,,,,,,,,,,,,,,,,,,,,
202608041704,2026-08-04,17,04R,3811,石田 章央,77期,静岡,静岡,50,A1,,0,0,0.16,6.33,50.4,63.4,6.19,41.9,61.2,0,79,34.9,53.9,0,18,36.6,53.3,10,,,,,,9,6,6,0.13,5,,,,,,,,,,,,,,,,,,,,,,,,,,,,,,,,,,,,,,,,,,,,,,,,,,,,,,,,,,,,,4998,中村 かなえ,121期,東京,東京,32,B2,,0,0,0.14,4.4,25.0,38.3,2.89,11.1,22.2,0,58,42.6,57.3,0,35,37.5,54.6,,1,4,4,0.09,5,6,6,6,0.14,2,,,,,,,,,,,,,,,,,,,,,,,,,,,,,,,,,,,,,,,,,,,,,,,,,,,,,,,,,,,,,4627,藤原 菜希,107期,東京,大阪,40,A2,,0,0,0.15,6.43,46.8,65.9,6.52,48.1,62.9,0,54,34.9,58.2,0,72,40.7,53.0,12,4,2,2,0.12,4,10,5,5,0.31,3,,,,,,,,,,,,,,,,,,,,,,,,,,,,,,,,,,,,,,,,,,,,,,,,,,,,,,,,,,,,,3294,野中 義生,60期,静岡,静岡,60,B1,,1,0,0.17,4.24,19.4,38.8,4.86,14.2,57.1,0,32,44.0,57.9,0,74,32.6,42.3,,2,5,5,0.16,3,8,1,1,0.35,5,,,,,,,,,,,,,,,,,,,,,,,,,,,,,,,,,,,,,,,,,,,,,,,,,,,,,,,,,,,,,4470,平田 健之佑,101期,三重,三重,39,A2,,0,0,0.15,6.61,50.5,70.5,5.2,50.0,50.0,0,78,29.1,45.2,0,63,37.4,55.6,9,,,,,,7,4,4,0.12,2,,,,,,,,,,,,,,,,,,,,,,,,,,,,,,,,,,,,,,,,,,,,,,,,,,,,,,,,,,,,,5089,前田 翔,124期,愛知,愛知,26,A1,,0,0,0.16,7.06,58.4,77.9,6.53,52.6,63.1,0,13,26.9,45.6,0,37,37.3,54.5,11,8,2,2,0.1,1,12,5,5,0.17,4,,,,,,,,,,,,,,,,,,,,,,,,,,,,,,,,,,,,,,,,,,,,,,,,,,,,,,,,,,,,
202608041705,2026-08-04,17,05R,3370,坪内 実,63期,大阪,大阪,59,B1,,1,0,0.18,3.74,17.7,33.8,3.06,12.9,19.3,0,62,30.8,47.5,0,20,30.5,49.4,,1,3,3,0.18,2,8,6,6,0.13,4,,,,,,,,,,,,,,,,,,,,,,,,,,,,,,,,,,,,,,,,,,,,,,,,,,,,,,,,,,,,,4236,松村 敏,92期,福岡,熊本,42,A1,,1,0,0.11,7.26,60.7,77.4,0.0,0.0,0.0,0,65,39.6,51.4,0,12,36.4,48.9,11,4,5,5,0.2,2,12,1,1,0.15,1,,,,,,,,,,,,,,,,,,,,,,,,,,,,,,,,,,,,,,,,,,,,,,,,,,,,,,,,,,,,,4443,津田 裕絵,100期,山口,山口,39,B1,,0,0,0.19,5.59,39.6,56.0,5.89,36.9,60.8,0,51,37.4,54.1,0,70,27.2,36.3,,3,5,5,0.09,4,10,2,2,0.19,2,,,,,,,,,,,,,,,,,,,,,,,,,,,,,,,,,,,,,,,,,,,,,,,,,,,,,,,,,,,,,4822,百武 翔,114期,佐賀,佐賀,33,A2,,0,0,0.17,6.13,46.6,64.7,5.86,28.5,71.4,0,19,31.1,54.1,0,56,32.3,47.8,10,3,6,6,0.07,3,11,3,3,0.22,1,,,,,,,,,,,,,,,,,,,,,,,,,,,,,,,,,,,,,,,,,,,,,,,,,,,,,,,,,,,,,4388,是澤 孝宏,98期,滋賀,京都,41,A2,,0,0,0.17,5.87,41.2,55.2,6.4,46.6,66.6,0,15,34.4,51.2,0,51,36.7,54.1,12,,,,,,9,1,1,0.18,1,,,,,,,,,,,,,,,,,,,,,,,,,,,,,,,,,,,,,,,,,,,,,,,,,,,,,,,,,,,,,4103,山崎 善庸,88期,埼玉,東京,47,B1,,0,0,0.23,3.33,5.8,26.0,3.17,13.0,21.7,0,66,42.4,56.4,0,75,30.2,50.2,,2,4,4,0.18,5,9,2,2,0.28,4,,,,,,,,,,,,,,,,,,,,,,,,,,,,,,,,,,,,,,,,,,,,,,,,,,,,,,,,,,,,
202608041706,2026-08-04,17,06R,3641,一瀬 明,72期,東京,神奈川,55,A1,,0,0,0.17,6.21,44.5,62.3,7.0,60.0,65.0,0,25,38.9,57.7,0,23,33.7,57.0,12,,,,,,8,3,3,0.25,3,,,,,,,,,,,,,,,,,,,,,,,,,,,,,,,,,,,,,,,,,,,,,,,,,,,,,,,,,,,,,3455,谷本 幸司,65期,愛知,愛知,55,B1,,0,0,0.17,4.87,31.7,46.1,5.42,31.5,52.6,0,81,32.0,47.8,0,68,36.2,48.7,,1,5,5,0.09,3,7,1,1,0.19,6,,,,,,,,,,,,,,,,,,,,,,,,,,,,,,,,,,,,,,,,,,,,,,,,,,,,,,,,,,,,,4286,平田 さやか,94期,東京,東京,42,A2,,0,0,0.15,6.06,43.2,62.7,5.97,44.8,58.6,0,52,34.1,54.6,0,22,32.8,48.6,,5,4,4,0.16,2,10,1,1,0.16,1,,,,,,,,,,,,,,,,,,,,,,,,,,,,,,,,,,,,,,,,,,,,,,,,,,,,,,,,,,,,,4743,木村 仁紀,111期,滋賀,京都,33,A1,,0,0,0.14,6.24,38.9,60.3,5.27,26.9,53.8,0,73,29.1,47.8,0,67,34.5,55.4,11,4,3,3,0.17,5,11,6,6,0.18,4,,,,,,,,,,,,,,,,,,,,,,,,,,,,,,,,,,,,,,,,,,,,,,,,,,,,,,,,,,,,,4196,田中 太一郎,91期,佐賀,佐賀,44,B1,,0,0,0.17,3.84,21.0,30.5,0.0,0.0,0.0,0,20,30.1,51.0,0,21,32.8,49.0,,4,1,1,0.12,1,9,4,4,0.2,6,,,,,,,,,,,,,,,,,,,,,,,,,,,,,,,,,,,,,,,,,,,,,,,,,,,,,,,,,,,,,3878,胡本 悟志,79期,山口,山口,49,B1,,0,0,0.17,4.47,21.0,35.5,3.71,14.2,28.5,0,34,37.0,53.4,0,76,35.8,55.5,1,6,3,3,0.24,4,,,,,,,,,,,,,,,,,,,,,,,,,,,,,,,,,,,,,,,,,,,,,,,,,,,,,,,,,,,,,,,,,
202608041707,2026-08-04,17,07R,5358,増本 杏珠,134期,福岡,福岡,20,B2,,0,0,0.21,2.53,5.0,10.0,2.14,0.0,0.0,0,61,36.3,50.2,0,50,30.7,50.3,,2,6,6,0.18,6,7,3,3,0.16,4,,,,,,,,,,,,,,,,,,,,,,,,,,,,,,,,,,,,,,,,,,,,,,,,,,,,,,,,,,,,,4962,畑 竜生,119期,三重,三重,30,A2,,0,0,0.17,5.3,31.5,51.7,6.0,45.0,60.0,0,37,41.7,56.7,0,61,35.3,53.7,2,1,1,1,0.08,1,11,4,4,0.22,6,,,,,,,,,,,,,,,,,,,,,,,,,,,,,,,,,,,,,,,,,,,,,,,,,,,,,,,,,,,,,3812,山崎 聖司,77期,東京,千葉,50,B1,,0,0,0.18,4.02,14.0,35.9,4.33,16.6,44.4,0,71,34.4,51.9,0,39,35.3,47.2,,2,2,2,0.14,2,11,5,5,0.25,5,,,,,,,,,,,,,,,,,,,,,,,,,,,,,,,,,,,,,,,,,,,,,,,,,,,,,,,,,,,,,5160,藤森 陸斗,127期,福岡,福岡,27,A2,,0,0,0.15,6.1,42.8,65.1,3.69,17.2,31.0,0,30,40.7,59.2,0,79,31.1,44.8,,3,2,2,0.08,2,9,3,3,0.22,2,,,,,,,,,,,,,,,,,,,,,,,,,,,,,,,,,,,,,,,,,,,,,,,,,,,,,,,,,,,,,5087,佐藤 航,124期,埼玉,埼玉,26,A1,,1,0,0.15,6.21,49.0,63.2,7.1,50.0,75.0,0,72,45.2,62.6,0,19,37.7,50.8,12,6,2,2,0.17,1,12,6,6,0.11,2,,,,,,,,,,,,,,,,,,,,,,,,,,,,,,,,,,,,,,,,,,,,,,,,,,,,,,,,,,,,,5435,中西 月輝,137期,広島,山口,21,B2,,1,0,0.22,1.35,0.0,0.0,1.37,0.0,0.0,0,55,36.8,57.4,0,65,30.9,48.5,1,,,,,,10,6,6,0.41,5,,,,,,,,,,,,,,,,,,,,,,,,,,,,,,,,,,,,,,,,,,,,,,,,,,,,,,,,,,,,
202608041708,2026-08-04,17,08R,5265,大廣 咲季,131期,香川,香川,26,B1,,0,0,0.15,3.78,16.0,33.3,0.0,0.0,0.0,0,60,35.5,53.2,0,29,46.1,59.8,,1,6,6,0.06,6,10,3,3,0.19,6,,,,,,,,,,,,,,,,,,,,,,,,,,,,,,,,,,,,,,,,,,,,,,,,,,,,,,,,,,,,,4824,松井 洪弥,114期,三重,三重,33,A2,,0,0,0.12,5.84,40.5,53.7,6.77,53.8,64.1,0,56,32.4,48.7,0,13,35.5,53.5,12,3,4,4,0.04,5,8,5,5,0.09,2,,,,,,,,,,,,,,,,,,,,,,,,,,,,,,,,,,,,,,,,,,,,,,,,,,,,,,,,,,,,,4572,渡部 悟,105期,大阪,大阪,37,B1,,0,0,0.16,5.48,35.9,52.4,4.64,25.0,39.2,0,29,33.1,52.4,0,30,27.6,47.0,3,4,4,4,0.19,3,,,,,,,,,,,,,,,,,,,,,,,,,,,,,,,,,,,,,,,,,,,,,,,,,,,,,,,,,,,,,,,,,,4296,岡崎 恭裕,94期,福岡,福岡,39,A2,,0,0,0.14,5.96,37.0,59.2,6.0,40.0,40.0,0,82,31.7,47.6,0,64,29.6,49.5,,5,6,6,0.2,4,11,2,2,0.21,3,,,,,,,,,,,,,,,,,,,,,,,,,,,,,,,,,,,,,,,,,,,,,,,,,,,,,,,,,,,,,3372,加藤 雅之,63期,広島,広島,59,B2,,0,0,0.21,3.07,9.0,15.9,4.59,26.2,39.3,0,21,40.4,58.5,0,80,30.5,50.2,1,2,3,3,0.16,4,,,,,,,,,,,,,,,,,,,,,,,,,,,,,,,,,,,,,,,,,,,,,,,,,,,,,,,,,,,,,,,,,,3606,川北 浩貴,71期,滋賀,滋賀,54,B1,,0,0,0.16,5.74,43.6,55.3,4.15,20.0,35.0,0,18,35.0,53.0,0,16,39.4,55.7,2,5,3,3,0.24,5,,,,,,,,,,,,,,,,,,,,,,,,,,,,,,,,,,,,,,,,,,,,,,,,,,,,,,,,,,,,,,,,,
202608041709,2026-08-04,17,09R,4470,平田 健之佑,101期,三重,三重,39,A2,,0,0,0.15,6.61,50.5,70.5,5.2,50.0,50.0,0,78,29.1,45.2,0,63,37.4,55.6,4,,,,,,7,4,4,0.12,2,,,,,,,,,,,,,,,,,,,,,,,,,,,,,,,,,,,,,,,,,,,,,,,,,,,,,,,,,,,,,5037,田頭 虎親,122期,香川,兵庫,28,B1,,0,0,0.18,5.73,46.8,59.4,5.09,40.6,43.7,0,38,49.0,67.7,0,32,34.7,51.4,1,5,5,5,0.22,1,,,,,,,,,,,,,,,,,,,,,,,,,,,,,,,,,,,,,,,,,,,,,,,,,,,,,,,,,,,,,,,,,,4436,渋谷 明憲,100期,大阪,大阪,40,A1,,1,0,0.15,6.54,48.7,71.2,7.05,70.0,75.0,0,33,34.3,50.2,0,57,35.2,52.8,,6,4,4,0.26,5,11,1,1,0.19,2,,,,,,,,,,,,,,,,,,,,,,,,,,,,,,,,,,,,,,,,,,,,,,,,,,,,,,,,,,,,,3377,塚田 修二,63期,東京,東京,58,B1,,0,0,0.21,4.71,24.4,46.5,3.9,20.0,30.0,0,11,39.6,54.4,0,78,40.2,58.7,3,3,1,1,0.22,6,,,,,,,,,,,,,,,,,,,,,,,,,,,,,,,,,,,,,,,,,,,,,,,,,,,,,,,,,,,,,,,,,,4396,大田 直弥,98期,山口,山口,40,B1,,0,0,0.2,5.11,29.3,47.8,3.89,13.8,33.3,0,63,33.3,48.4,0,69,29.7,50.5,2,,,,,,8,4,4,0.25,6,,,,,,,,,,,,,,,,,,,,,,,,,,,,,,,,,,,,,,,,,,,,,,,,,,,,,,,,,,,,,4218,吉川 喜継,92期,滋賀,滋賀,44,A1,,0,0,0.15,6.39,49.4,69.4,5.87,40.0,63.3,0,24,34.7,50.8,0,66,33.1,51.0,,3,3,3,0.04,1,12,2,2,0.2,3,,,,,,,,,,,,,,,,,,,,,,,,,,,,,,,,,,,,,,,,,,,,,,,,,,,,,,,,,,,,
202608041710,2026-08-04,17,10R,4822,百武 翔,114期,佐賀,佐賀,33,A2,,0,0,0.17,6.13,46.6,64.7,5.86,28.5,71.4,0,19,31.1,54.1,0,56,32.3,47.8,5,3,6,6,0.07,3,11,3,3,0.22,1,,,,,,,,,,,,,,,,,,,,,,,,,,,,,,,,,,,,,,,,,,,,,,,,,,,,,,,,,,,,,5245,倉富 大誠,130期,愛知,愛知,24,B1,,0,0,0.18,5.37,35.9,52.5,0.0,0.0,0.0,0,80,29.8,41.6,0,58,36.4,53.7,1,4,6,6,0.23,6,,,,,,,,,,,,,,,,,,,,,,,,,,,,,,,,,,,,,,,,,,,,,,,,,,,,,,,,,,,,,,,,,,3811,石田 章央,77期,静岡,静岡,50,A1,,0,0,0.16,6.33,50.4,63.4,6.19,41.9,61.2,0,79,34.9,53.9,0,18,36.6,53.3,4,,,,,,9,6,6,0.13,5,,,,,,,,,,,,,,,,,,,,,,,,,,,,,,,,,,,,,,,,,,,,,,,,,,,,,,,,,,,,,5014,梶山 涼斗,121期,佐賀,佐賀,28,B1,,1,0,0.14,4.55,27.6,43.0,4.88,23.5,47.0,0,17,41.9,59.0,0,11,27.4,45.9,2,5,2,2,0.22,6,,,,,,,,,,,,,,,,,,,,,,,,,,,,,,,,,,,,,,,,,,,,,,,,,,,,,,,,,,,,,,,,,,4798,浜先 真範,113期,広島,広島,33,A1,,0,0,0.13,6.53,45.4,62.7,6.79,48.4,65.8,0,27,30.9,46.9,0,27,38.2,50.5,,5,1,1,0.19,3,12,3,3,0.2,5,,,,,,,,,,,,,,,,,,,,,,,,,,,,,,,,,,,,,,,,,,,,,,,,,,,,,,,,,,,,,4358,松本 庸平,97期,三重,三重,41,B1,,0,0,0.22,4.14,27.8,36.7,3.63,21.0,31.5,0,70,34.9,48.6,0,31,28.3,45.1,3,6,1,1,0.24,3,,,,,,,,,,,,,,,,,,,,,,,,,,,,,,,,,,,,,,,,,,,,,,,,,,,,,,,,,,,,,,,,,
202608041711,2026-08-04,17,11R,4743,木村 仁紀,111期,滋賀,京都,33,A1,,0,0,0.14,6.24,38.9,60.3,5.27,26.9,53.8,0,73,29.1,47.8,0,67,34.5,55.4,6,4,3,3,0.17,5,11,6,6,0.18,4,,,,,,,,,,,,,,,,,,,,,,,,,,,,,,,,,,,,,,,,,,,,,,,,,,,,,,,,,,,,,4230,濱崎 直矢,92期,埼玉,埼玉,43,A2,,0,0,0.16,6.73,50.6,68.8,7.82,77.2,81.8,0,16,34.0,50.5,0,24,30.3,48.4,1,,,,,,7,5,5,0.14,1,,,,,,,,,,,,,,,,,,,,,,,,,,,,,,,,,,,,,,,,,,,,,,,,,,,,,,,,,,,,,5089,前田 翔,124期,愛知,愛知,26,A1,,0,0,0.16,7.06,58.4,77.9,6.53,52.6,63.1,0,13,26.9,45.6,0,37,37.3,54.5,4,8,2,2,0.1,1,12,5,5,0.17,4,,,,,,,,,,,,,,,,,,,,,,,,,,,,,,,,,,,,,,,,,,,,,,,,,,,,,,,,,,,,,4236,松村 敏,92期,福岡,熊本,42,A1,,1,0,0.11,7.26,60.7,77.4,0.0,0.0,0.0,0,65,39.6,51.4,0,12,36.4,48.9,5,4,5,5,0.2,2,12,1,1,0.15,1,,,,,,,,,,,,,,,,,,,,,,,,,,,,,,,,,,,,,,,,,,,,,,,,,,,,,,,,,,,,,4106,坂井 康嗣,88期,佐賀,佐賀,46,B1,,0,0,0.19,4.15,22.5,35.2,4.14,20.6,37.9,0,67,34.9,54.5,0,14,28.7,44.7,3,,,,,,7,6,6,0.19,3,,,,,,,,,,,,,,,,,,,,,,,,,,,,,,,,,,,,,,,,,,,,,,,,,,,,,,,,,,,,,4376,藤田 靖弘,98期,静岡,静岡,42,A2,,0,0,0.15,5.74,42.2,56.0,5.36,45.4,54.5,0,39,32.6,51.4,0,71,33.4,46.1,2,6,5,5,0.18,6,,,,,,,,,,,,,,,,,,,,,,,,,,,,,,,,,,,,,,,,,,,,,,,,,,,,,,,,,,,,,,,,,
202608041712,2026-08-04,17,12R,5087,佐藤 航,124期,埼玉,埼玉,26,A1,,1,0,0.15,6.21,49.0,63.2,7.1,50.0,75.0,0,72,45.2,62.6,0,19,37.7,50.8,7,6,2,2,0.17,1,12,6,6,0.11,2,,,,,,,,,,,,,,,,,,,,,,,,,,,,,,,,,,,,,,,,,,,,,,,,,,,,,,,,,,,,,4388,是澤 孝宏,98期,滋賀,京都,41,A2,,0,0,0.17,5.87,41.2,55.2,6.4,46.6,66.6,0,15,34.4,51.2,0,51,36.7,54.1,5,,,,,,9,1,1,0.18,1,,,,,,,,,,,,,,,,,,,,,,,,,,,,,,,,,,,,,,,,,,,,,,,,,,,,,,,,,,,,,5043,中村 日向,122期,香川,香川,27,A1,,0,0,0.13,7.28,56.6,70.7,6.88,50.0,62.5,0,57,38.7,57.3,0,34,28.1,45.0,2,7,2,2,0.1,5,12,4,4,0.2,6,,,,,,,,,,,,,,,,,,,,,,,,,,,,,,,,,,,,,,,,,,,,,,,,,,,,,,,,,,,,,4627,藤原 菜希,107期,東京,大阪,40,A2,,0,0,0.15,6.43,46.8,65.9,6.52,48.1,62.9,0,54,34.9,58.2,0,72,40.7,53.0,4,4,2,2,0.12,4,10,5,5,0.31,3,,,,,,,,,,,,,,,,,,,,,,,,,,,,,,,,,,,,,,,,,,,,,,,,,,,,,,,,,,,,,3641,一瀬 明,72期,東京,神奈川,55,A1,,0,0,0.17,6.21,44.5,62.3,7.0,60.0,65.0,0,25,38.9,57.7,0,23,33.7,57.0,6,,,,,,8,3,3,0.25,3,,,,,,,,,,,,,,,,,,,,,,,,,,,,,,,,,,,,,,,,,,,,,,,,,,,,,,,,,,,,,4824,松井 洪弥,114期,三重,三重,33,A2,,0,0,0.12,5.84,40.5,53.7,6.77,53.8,64.1,0,56,32.4,48.7,0,13,35.5,53.5,8,3,4,4,0.04,5,8,5,5,0.09,2,,,,,,,,,,,,,,,,,,,,,,,,,,,,,,,,,,,,,,,,,,,,,,,,,,,,,,,,,,,,
202608041901,2026-08-04,19,01R,3875,廣中 良一,79期,山口,山口,49,B1,,0,0,0.18,4.5,24.5,44.1,4.06,22.9,33.3,0,55,33.9,53.5,0,15,24.5,49.1,10,,,,,,8,2,2,0.24,2,,,,,,,,,,,,,,,,,,,,,,,,,,,,,,,,,,,,,,,,,,,,,,,,,,,,,,,,,,,,,3804,中渡 修作,77期,福岡,鹿児島,52,B1,,0,0,0.16,4.97,29.2,50.0,5.86,42.8,71.4,0,25,23.3,38.3,0,64,37.5,58.9,11,5,4,4,0.09,2,,,,,,,,,,,,,,,,,,,,,,,,,,,,,,,,,,,,,,,,,,,,,,,,,,,,,,,,,,,,,,,,,,3467,森 弘行,66期,東京,東京,57,B1,,0,0,0.2,3.96,13.0,37.6,3.36,12.0,20.0,0,14,32.2,54.2,0,59,37.5,50.0,6,3,6,6,0.2,6,,,,,,,,,,,,,,,,,,,,,,,,,,,,,,,,,,,,,,,,,,,,,,,,,,,,,,,,,,,,,,,,,,5375,庄島 潤成,135期,山口,山口,22,B1,,0,0,0.19,2.63,2.4,14.6,1.75,0.0,5.0,0,54,27.9,44.1,0,66,28.5,41.0,,4,5,5,0.13,4,10,6,6,0.11,6,,,,,,,,,,,,,,,,,,,,,,,,,,,,,,,,,,,,,,,,,,,,,,,,,,,,,,,,,,,,,3286,坂東 満,59期,静岡,静岡,57,B2,,0,0,0.17,3.36,14.5,27.2,5.38,37.5,62.5,0,20,30.6,53.2,0,73,36.6,55.0,8,4,3,3,0.12,5,,,,,,,,,,,,,,,,,,,,,,,,,,,,,,,,,,,,,,,,,,,,,,,,,,,,,,,,,,,,,,,,,,3430,角浜 修,65期,広島,広島,58,B1,,0,0,0.17,4.34,25.6,36.5,3.91,21.7,34.7,0,26,21.4,41.0,0,20,30.5,59.3,7,5,5,5,0.17,6,,,,,,,,,,,,,,,,,,,,,,,,,,,,,,,,,,,,,,,,,,,,,,,,,,,,,,,,,,,,,,,,,
202608041902,2026-08-04,19,02R,4263,武重 雄介,93期,山口,山口,42,B1,,0,0,0.18,4.45,26.1,39.7,5.56,37.1,53.3,0,64,22.4,41.3,0,72,28.8,44.2,11,,,,,,9,2,2,0.16,4,,,,,,,,,,,,,,,,,,,,,,,,,,,,,,,,,,,,,,,,,,,,,,,,,,,,,,,,,,,,,4346,前田 健太郎,96期,福岡,福岡,41,B1,,0,0,0.17,4.23,27.0,37.0,1.71,0.0,14.2,0,41,25.9,35.1,0,70,28.5,48.2,12,3,3,3,0.14,1,,,,,,,,,,,,,,,,,,,,,,,,,,,,,,,,,,,,,,,,,,,,,,,,,,,,,,,,,,,,,,,,,,5063,大塚 雅治,123期,東京,神奈川,28,B1,,0,0,0.21,4.51,20.5,42.3,3.59,17.6,29.4,0,11,48.0,59.6,0,33,37.5,51.7,8,5,2,2,0.17,5,,,,,,,,,,,,,,,,,,,,,,,,,,,,,,,,,,,,,,,,,,,,,,,,,,,,,,,,,,,,,,,,,,3461,渡邊 哲也,66期,静岡,静岡,59,B1,,0,0,0.19,2.98,9.6,15.3,2.67,0.0,33.3,0,61,31.0,53.4,0,16,17.6,21.5,9,,,,,,7,3,2,0.29,6,,,,,,,,,,,,,,,,,,,,,,,,,,,,,,,,,,,,,,,,,,,,,,,,,,,,,,,,,,,,,4485,楠原 正剛,102期,福岡,福岡,40,B1,,1,0,0.16,5.01,27.8,48.4,2.57,0.0,14.2,0,45,22.8,45.6,0,26,19.2,46.1,10,6,1,1,0.09,6,,,,,,,,,,,,,,,,,,,,,,,,,,,,,,,,,,,,,,,,,,,,,,,,,,,,,,,,,,,,,,,,,,4601,森野 正弘,106期,山口,山口,41,A1,,0,0,0.13,6.62,54.5,66.3,6.63,47.7,61.3,0,69,35.0,56.1,0,34,33.3,55.0,,5,1,1,0.15,1,12,3,3,0.01,3,,,,,,,,,,,,,,,,,,,,,,,,,,,,,,,,,,,,,,,,,,,,,,,,,,,,,,,,,,,,
202608041903,2026-08-04,19,03R,3614,谷 勝幸,71期,広島,広島,53,B1,,0,0,0.17,4.26,21.9,34.2,3.35,8.7,21.7,0,73,29.8,40.3,0,49,41.6,56.6,10,1,4,4,0.2,2,,,,,,,,,,,,,,,,,,,,,,,,,,,,,,,,,,,,,,,,,,,,,,,,,,,,,,,,,,,,,,,,,,5191,飛田 江己,128期,埼玉,東京,25,A1,,0,0,0.13,7.12,55.5,73.8,6.35,40.0,65.0,0,35,30.3,53.5,0,62,25.4,43.1,12,7,4,3,0.12,1,11,6,6,0.1,2,,,,,,,,,,,,,,,,,,,,,,,,,,,,,,,,,,,,,,,,,,,,,,,,,,,,,,,,,,,,,5000,岡本 翔太郎,121期,山口,山口,31,B1,,1,0,0.12,4.83,30.3,46.9,4.52,25.0,39.5,0,23,19.6,29.4,0,32,25.4,34.5,,1,1,1,0.2,1,11,4,4,0.15,5,,,,,,,,,,,,,,,,,,,,,,,,,,,,,,,,,,,,,,,,,,,,,,,,,,,,,,,,,,,,,3908,重成 一人,80期,香川,香川,47,A1,,0,0,0.15,5.92,39.6,58.4,6.7,47.7,63.6,0,15,28.5,35.7,0,39,21.0,38.6,11,2,5,5,0.14,3,12,2,2,0.05,6,,,,,,,,,,,,,,,,,,,,,,,,,,,,,,,,,,,,,,,,,,,,,,,,,,,,,,,,,,,,,3647,伊藤 雄二,72期,埼玉,埼玉,53,B1,,0,0,0.18,3.16,10.2,23.8,3.72,22.2,33.3,0,50,28.8,36.5,0,27,32.1,48.2,,2,2,2,0.23,4,6,6,6,0.07,4,,,,,,,,,,,,,,,,,,,,,,,,,,,,,,,,,,,,,,,,,,,,,,,,,,,,,,,,,,,,,5460,早川 理稀,138期,滋賀,京都,19,B2,,0,0,0.0,1.67,0.0,6.2,0.0,0.0,0.0,0,51,31.1,39.3,0,52,24.0,37.0,7,,,,,,7,6,6,0.27,5,,,,,,,,,,,,,,,,,,,,,,,,,,,,,,,,,,,,,,,,,,,,,,,,,,,,,,,,,,,,
202608041904,2026-08-04,19,04R,3615,横田 茂,71期,広島,広島,53,B1,,0,0,0.16,4.43,29.2,36.5,3.0,0.0,16.6,0,39,33.8,48.3,0,21,41.3,55.1,,2,4,4,0.17,1,9,6,6,0.16,5,,,,,,,,,,,,,,,,,,,,,,,,,,,,,,,,,,,,,,,,,,,,,,,,,,,,,,,,,,,,,5120,山本 稔太朗,125期,愛知,愛知,25,B1,,0,0,0.16,4.98,31.6,46.6,5.67,41.6,50.0,0,13,27.6,44.6,0,46,30.5,44.0,12,6,3,3,0.03,1,,,,,,,,,,,,,,,,,,,,,,,,,,,,,,,,,,,,,,,,,,,,,,,,,,,,,,,,,,,,,,,,,,4151,下河 誉史,89期,福岡,福岡,44,B1,,0,0,0.19,4.59,21.7,43.5,5.29,29.2,53.6,0,68,25.4,33.9,0,11,33.9,42.8,8,,,,,,7,5,5,0.23,3,,,,,,,,,,,,,,,,,,,,,,,,,,,,,,,,,,,,,,,,,,,,,,,,,,,,,,,,,,,,,3863,海老澤 泰行,79期,東京,東京,52,B1,,0,0,0.17,4.3,18.9,35.4,4.44,25.0,31.2,0,28,30.9,52.7,0,43,41.3,60.3,,1,5,5,0.19,4,7,1,1,0.12,4,,,,,,,,,,,,,,,,,,,,,,,,,,,,,,,,,,,,,,,,,,,,,,,,,,,,,,,,,,,,,4985,井本 昌也,120期,山口,山口,29,A1,,0,0,0.15,6.69,51.3,64.3,6.91,52.1,68.7,0,47,31.5,45.6,0,13,22.6,33.9,10,6,2,2,0.03,2,12,6,6,0.05,5,,,,,,,,,,,,,,,,,,,,,,,,,,,,,,,,,,,,,,,,,,,,,,,,,,,,,,,,,,,,,4451,松崎 祐太郎,100期,福岡,宮崎,38,A2,,0,0,0.16,6.36,47.6,66.6,6.17,50.0,54.1,0,65,33.3,50.8,0,25,45.7,55.9,11,,,,,,10,4,4,0.09,4,,,,,,,,,,,,,,,,,,,,,,,,,,,,,,,,,,,,,,,,,,,,,,,,,,,,,,,,,,,,
202608041905,2026-08-04,19,05R,4369,丹下 将,97期,愛知,愛知,40,A2,,0,0,0.16,5.7,35.7,57.1,6.67,37.5,79.1,0,31,38.9,59.3,0,19,27.8,54.1,10,5,6,6,0.13,3,11,2,2,0.12,4,,,,,,,,,,,,,,,,,,,,,,,,,,,,,,,,,,,,,,,,,,,,,,,,,,,,,,,,,,,,,3535,渡 修平,68期,兵庫,兵庫,53,B1,,0,0,0.2,4.44,27.9,40.7,4.33,33.3,46.6,0,37,36.3,56.0,0,68,41.0,51.7,,4,4,4,0.23,3,8,1,1,0.18,3,,,,,,,,,,,,,,,,,,,,,,,,,,,,,,,,,,,,,,,,,,,,,,,,,,,,,,,,,,,,,3696,白井 友晴,74期,埼玉,埼玉,54,B1,,0,0,0.17,4.79,24.3,41.4,4.13,12.5,25.0,0,32,22.4,39.6,0,67,44.6,55.3,,3,1,1,0.18,4,9,5,5,0.2,3,,,,,,,,,,,,,,,,,,,,,,,,,,,,,,,,,,,,,,,,,,,,,,,,,,,,,,,,,,,,,3544,豊田 訓靖,69期,静岡,静岡,57,B1,,0,0,0.2,3.85,14.2,30.9,5.25,25.0,50.0,0,63,41.3,60.3,0,63,39.6,46.5,,2,6,6,0.16,5,10,3,3,0.14,2,,,,,,,,,,,,,,,,,,,,,,,,,,,,,,,,,,,,,,,,,,,,,,,,,,,,,,,,,,,,,5152,丸山 祐也,127期,福岡,福岡,30,B1,,0,0,0.23,3.42,8.1,21.6,4.18,17.6,32.3,0,29,36.6,51.6,0,38,39.6,62.0,9,2,3,3,0.26,6,,,,,,,,,,,,,,,,,,,,,,,,,,,,,,,,,,,,,,,,,,,,,,,,,,,,,,,,,,,,,,,,,,3582,吉川 昭男,70期,滋賀,滋賀,53,A2,,0,0,0.17,6.4,50.0,60.0,7.57,71.4,85.7,0,44,18.9,36.2,0,40,35.0,51.6,12,,,,,,9,1,1,0.09,2,,,,,,,,,,,,,,,,,,,,,,,,,,,,,,,,,,,,,,,,,,,,,,,,,,,,,,,,,,,,
202608041906,2026-08-04,19,06R,3467,森 弘行,66期,東京,東京,57,B1,,0,0,0.2,3.96,13.0,37.6,3.36,12.0,20.0,0,14,32.2,54.2,0,59,37.5,50.0,1,3,6,6,0.2,6,,,,,,,,,,,,,,,,,,,,,,,,,,,,,,,,,,,,,,,,,,,,,,,,,,,,,,,,,,,,,,,,,,3957,大谷 直弘,82期,愛知,愛知,49,B1,,0,0,0.19,5.22,31.4,53.9,5.45,36.3,45.4,0,58,25.5,31.9,0,61,29.5,45.9,,4,1,1,0.13,1,9,3,3,0.19,6,,,,,,,,,,,,,,,,,,,,,,,,,,,,,,,,,,,,,,,,,,,,,,,,,,,,,,,,,,,,,4079,出畑 孝典,87期,福岡,福岡,47,A2,,0,0,0.19,5.85,36.5,61.7,6.57,50.0,67.8,0,49,25.8,36.2,0,54,25.9,42.5,10,,,,,,9,4,4,0.11,1,,,,,,,,,,,,,,,,,,,,,,,,,,,,,,,,,,,,,,,,,,,,,,,,,,,,,,,,,,,,,5115,香川 颯太,125期,滋賀,京都,26,B1,,0,0,0.16,5.65,41.0,56.4,6.14,42.8,57.1,0,66,22.4,41.3,0,14,31.6,45.0,11,5,3,3,0.14,4,,,,,,,,,,,,,,,,,,,,,,,,,,,,,,,,,,,,,,,,,,,,,,,,,,,,,,,,,,,,,,,,,,3737,上平 真二,75期,広島,広島,52,A1,,0,0,0.17,7.11,51.5,76.2,7.39,54.5,75.7,0,42,31.7,47.6,0,30,18.1,36.3,12,4,2,2,0.17,2,12,4,4,0.08,4,,,,,,,,,,,,,,,,,,,,,,,,,,,,,,,,,,,,,,,,,,,,,,,,,,,,,,,,,,,,,3776,横井 健太,76期,愛知,愛知,51,B1,,0,0,0.2,3.45,12.9,24.7,4.06,16.6,38.8,0,24,45.1,61.2,0,35,26.7,42.8,,3,2,2,0.16,5,8,5,5,0.33,5,,,,,,,,,,,,,,,,,,,,,,,,,,,,,,,,,,,,,,,,,,,,,,,,,,,,,,,,,,,,
202608041907,2026-08-04,19,07R,4917,岩橋 裕馬,118期,兵庫,大阪,38,B1,,0,0,0.17,4.52,24.6,32.1,4.19,11.1,38.8,0,56,36.3,52.7,0,44,33.9,52.5,,1,3,3,0.23,3,10,5,5,0.08,5,,,,,,,,,,,,,,,,,,,,,,,,,,,,,,,,,,,,,,,,,,,,,,,,,,,,,,,,,,,,,4637,中田 友也,107期,埼玉,埼玉,36,A2,,0,0,0.18,5.41,37.9,53.4,5.17,37.5,58.3,0,22,30.1,47.1,0,18,21.4,48.2,11,,,,,,8,3,3,0.28,6,,,,,,,,,,,,,,,,,,,,,,,,,,,,,,,,,,,,,,,,,,,,,,,,,,,,,,,,,,,,,3430,角浜 修,65期,広島,広島,58,B1,,0,0,0.17,4.34,25.6,36.5,3.91,21.7,34.7,0,26,21.4,41.0,0,20,30.5,59.3,1,5,5,5,0.17,6,,,,,,,,,,,,,,,,,,,,,,,,,,,,,,,,,,,,,,,,,,,,,,,,,,,,,,,,,,,,,,,,,,4368,山口 隆史,97期,福岡,福岡,40,B1,,0,0,0.2,4.41,25.0,36.7,4.71,28.5,50.0,0,72,25.0,35.0,0,31,45.6,63.0,,1,2,2,0.24,6,8,6,6,0.35,4,,,,,,,,,,,,,,,,,,,,,,,,,,,,,,,,,,,,,,,,,,,,,,,,,,,,,,,,,,,,,5460,早川 理稀,138期,滋賀,京都,19,B2,,0,0,0.0,1.67,0.0,6.2,0.0,0.0,0.0,0,51,31.1,39.3,0,52,24.0,37.0,3,,,,,,7,6,6,0.27,5,,,,,,,,,,,,,,,,,,,,,,,,,,,,,,,,,,,,,,,,,,,,,,,,,,,,,,,,,,,,,3946,赤岩 善生,82期,愛知,愛知,50,A1,,0,0,0.15,6.95,50.0,67.6,5.78,33.3,38.8,0,38,33.9,44.0,0,58,45.0,58.3,,7,2,4,0.14,2,12,1,1,0.02,1,,,,,,,,,,,,,,,,,,,,,,,,,,,,,,,,,,,,,,,,,,,,,,,,,,,,,,,,,,,,
202608041908,2026-08-04,19,08R,3286,坂東 満,59期,静岡,静岡,57,B2,,0,0,0.17,3.36,14.5,27.2,5.38,37.5,62.5,0,20,30.6,53.2,0,73,36.6,55.0,1,4,3,3,0.12,5,,,,,,,,,,,,,,,,,,,,,,,,,,,,,,,,,,,,,,,,,,,,,,,,,,,,,,,,,,,,,,,,,,4151,下河 誉史,89期,福岡,福岡,44,B1,,0,0,0.19,4.59,21.7,43.5,5.29,29.2,53.6,0,68,25.4,33.9,0,11,33.9,42.8,4,,,,,,7,5,5,0.23,3,,,,,,,,,,,,,,,,,,,,,,,,,,,,,,,,,,,,,,,,,,,,,,,,,,,,,,,,,,,,,5050,木下 雄介,123期,滋賀,京都,31,A2,,0,0,0.17,5.85,41.7,58.2,7.05,47.6,90.4,0,60,24.0,46.0,0,71,19.6,41.1,,6,5,5,0.06,5,10,1,1,0.13,1,,,,,,,,,,,,,,,,,,,,,,,,,,,,,,,,,,,,,,,,,,,,,,,,,,,,,,,,,,,,,4772,石丸 海渡,112期,香川,愛媛,33,A1,,0,0,0.11,7.05,55.7,73.6,6.4,60.0,70.0,0,70,30.3,42.8,0,12,24.5,44.2,12,4,6,6,0.16,6,11,3,3,0.09,1,,,,,,,,,,,,,,,,,,,,,,,,,,,,,,,,,,,,,,,,,,,,,,,,,,,,,,,,,,,,,5063,大塚 雅治,123期,東京,神奈川,28,B1,,0,0,0.21,4.51,20.5,42.3,3.59,17.6,29.4,0,11,48.0,59.6,0,33,37.5,51.7,2,5,2,2,0.17,5,,,,,,,,,,,,,,,,,,,,,,,,,,,,,,,,,,,,,,,,,,,,,,,,,,,,,,,,,,,,,,,,,,4301,関 裕也,95期,福岡,福岡,43,B1,,0,0,0.2,4.6,23.8,43.2,4.68,35.2,41.1,0,43,38.3,46.6,0,48,10.7,19.6,,2,1,1,0.23,2,11,5,5,0.24,6,,,,,,,,,,,,,,,,,,,,,,,,,,,,,,,,,,,,,,,,,,,,,,,,,,,,,,,,,,,,
202608041909,2026-08-04,19,09R,4702,三浦 敬太,110期,東京,北海道,39,A1,,0,0,0.14,5.7,41.8,56.7,6.1,42.8,61.9,0,27,38.6,57.8,0,69,38.6,54.3,,8,4,4,0.24,1,12,5,5,0.05,2,,,,,,,,,,,,,,,,,,,,,,,,,,,,,,,,,,,,,,,,,,,,,,,,,,,,,,,,,,,,,4186,小川 時光,91期,埼玉,埼玉,45,B1,,0,0,0.17,3.68,16.2,29.7,0.0,0.0,0.0,0,34,25.8,48.3,0,55,45.6,56.1,,1,6,6,0.22,5,6,4,4,0.04,3,,,,,,,,,,,,,,,,,,,,,,,,,,,,,,,,,,,,,,,,,,,,,,,,,,,,,,,,,,,,,3499,市川 哲也,67期,広島,広島,57,A1,,1,0,0.15,5.46,34.4,52.6,6.0,43.5,58.9,0,33,33.3,50.0,0,45,29.8,49.1,,3,5,5,0.21,2,11,1,1,0.08,3,,,,,,,,,,,,,,,,,,,,,,,,,,,,,,,,,,,,,,,,,,,,,,,,,,,,,,,,,,,,,5152,丸山 祐也,127期,福岡,福岡,30,B1,,0,0,0.23,3.42,8.1,21.6,4.18,17.6,32.3,0,29,36.6,51.6,0,38,39.6,62.0,5,2,3,3,0.26,6,,,,,,,,,,,,,,,,,,,,,,,,,,,,,,,,,,,,,,,,,,,,,,,,,,,,,,,,,,,,,,,,,,4437,中田 元泰,100期,香川,香川,40,A2,,0,0,0.16,5.94,45.6,58.2,6.65,53.8,73.0,0,16,25.0,51.7,0,42,24.5,33.3,,3,4,4,0.21,3,10,2,2,0.16,3,,,,,,,,,,,,,,,,,,,,,,,,,,,,,,,,,,,,,,,,,,,,,,,,,,,,,,,,,,,,,3461,渡邊 哲也,66期,静岡,静岡,59,B1,,0,0,0.19,2.98,9.6,15.3,2.67,0.0,33.3,0,61,31.0,53.4,0,16,17.6,21.5,2,,,,,,7,3,2,0.29,6,,,,,,,,,,,,,,,,,,,,,,,,,,,,,,,,,,,,,,,,,,,,,,,,,,,,,,,,,,,,
202608041910,2026-08-04,19,10R,4985,井本 昌也,120期,山口,山口,29,A1,,0,0,0.15,6.69,51.3,64.3,6.91,52.1,68.7,0,47,31.5,45.6,0,13,22.6,33.9,4,6,2,2,0.03,2,12,6,6,0.05,5,,,,,,,,,,,,,,,,,,,,,,,,,,,,,,,,,,,,,,,,,,,,,,,,,,,,,,,,,,,,,4485,楠原 正剛,102期,福岡,福岡,40,B1,,1,0,0.16,5.01,27.8,48.4,2.57,0.0,14.2,0,45,22.8,45.6,0,26,19.2,46.1,2,6,1,1,0.09,6,,,,,,,,,,,,,,,,,,,,,,,,,,,,,,,,,,,,,,,,,,,,,,,,,,,,,,,,,,,,,,,,,,3614,谷 勝幸,71期,広島,広島,53,B1,,0,0,0.17,4.26,21.9,34.2,3.35,8.7,21.7,0,73,29.8,40.3,0,49,41.6,56.6,3,1,4,4,0.2,2,,,,,,,,,,,,,,,,,,,,,,,,,,,,,,,,,,,,,,,,,,,,,,,,,,,,,,,,,,,,,,,,,,4369,丹下 将,97期,愛知,愛知,40,A2,,0,0,0.16,5.7,35.7,57.1,6.67,37.5,79.1,0,31,38.9,59.3,0,19,27.8,54.1,5,5,6,6,0.13,3,11,2,2,0.12,4,,,,,,,,,,,,,,,,,,,,,,,,,,,,,,,,,,,,,,,,,,,,,,,,,,,,,,,,,,,,,3875,廣中 良一,79期,山口,山口,49,B1,,0,0,0.18,4.5,24.5,44.1,4.06,22.9,33.3,0,55,33.9,53.5,0,15,24.5,49.1,1,,,,,,8,2,2,0.24,2,,,,,,,,,,,,,,,,,,,,,,,,,,,,,,,,,,,,,,,,,,,,,,,,,,,,,,,,,,,,,4079,出畑 孝典,87期,福岡,福岡,47,A2,,0,0,0.19,5.85,36.5,61.7,6.57,50.0,67.8,0,49,25.8,36.2,0,54,25.9,42.5,6,,,,,,9,4,4,0.11,1,,,,,,,,,,,,,,,,,,,,,,,,,,,,,,,,,,,,,,,,,,,,,,,,,,,,,,,,,,,,
202608041911,2026-08-04,19,11R,3908,重成 一人,80期,香川,香川,47,A1,,0,0,0.15,5.92,39.6,58.4,6.7,47.7,63.6,0,15,28.5,35.7,0,39,21.0,38.6,3,2,5,5,0.14,3,12,2,2,0.05,6,,,,,,,,,,,,,,,,,,,,,,,,,,,,,,,,,,,,,,,,,,,,,,,,,,,,,,,,,,,,,4451,松崎 祐太郎,100期,福岡,宮崎,38,A2,,0,0,0.16,6.36,47.6,66.6,6.17,50.0,54.1,0,65,33.3,50.8,0,25,45.7,55.9,4,,,,,,10,4,4,0.09,4,,,,,,,,,,,,,,,,,,,,,,,,,,,,,,,,,,,,,,,,,,,,,,,,,,,,,,,,,,,,,4263,武重 雄介,93期,山口,山口,42,B1,,0,0,0.18,4.45,26.1,39.7,5.56,37.1,53.3,0,64,22.4,41.3,0,72,28.8,44.2,2,,,,,,9,2,2,0.16,4,,,,,,,,,,,,,,,,,,,,,,,,,,,,,,,,,,,,,,,,,,,,,,,,,,,,,,,,,,,,,4637,中田 友也,107期,埼玉,埼玉,36,A2,,0,0,0.18,5.41,37.9,53.4,5.17,37.5,58.3,0,22,30.1,47.1,0,18,21.4,48.2,7,,,,,,8,3,3,0.28,6,,,,,,,,,,,,,,,,,,,,,,,,,,,,,,,,,,,,,,,,,,,,,,,,,,,,,,,,,,,,,5115,香川 颯太,125期,滋賀,京都,26,B1,,0,0,0.16,5.65,41.0,56.4,6.14,42.8,57.1,0,66,22.4,41.3,0,14,31.6,45.0,6,5,3,3,0.14,4,,,,,,,,,,,,,,,,,,,,,,,,,,,,,,,,,,,,,,,,,,,,,,,,,,,,,,,,,,,,,,,,,,3804,中渡 修作,77期,福岡,鹿児島,52,B1,,0,0,0.16,4.97,29.2,50.0,5.86,42.8,71.4,0,25,23.3,38.3,0,64,37.5,58.9,1,5,4,4,0.09,2,,,,,,,,,,,,,,,,,,,,,,,,,,,,,,,,,,,,,,,,,,,,,,,,,,,,,,,,,,,,,,,,,
202608041912,2026-08-04,19,12R,3737,上平 真二,75期,広島,広島,52,A1,,0,0,0.17,7.11,51.5,76.2,7.39,54.5,75.7,0,42,31.7,47.6,0,30,18.1,36.3,6,4,2,2,0.17,2,12,4,4,0.08,4,,,,,,,,,,,,,,,,,,,,,,,,,,,,,,,,,,,,,,,,,,,,,,,,,,,,,,,,,,,,,4772,石丸 海渡,112期,香川,愛媛,33,A1,,0,0,0.11,7.05,55.7,73.6,6.4,60.0,70.0,0,70,30.3,42.8,0,12,24.5,44.2,8,4,6,6,0.16,6,11,3,3,0.09,1,,,,,,,,,,,,,,,,,,,,,,,,,,,,,,,,,,,,,,,,,,,,,,,,,,,,,,,,,,,,,3582,吉川 昭男,70期,滋賀,滋賀,53,A2,,0,0,0.17,6.4,50.0,60.0,7.57,71.4,85.7,0,44,18.9,36.2,0,40,35.0,51.6,5,,,,,,9,1,1,0.09,2,,,,,,,,,,,,,,,,,,,,,,,,,,,,,,,,,,,,,,,,,,,,,,,,,,,,,,,,,,,,,5120,山本 稔太朗,125期,愛知,愛知,25,B1,,0,0,0.16,4.98,31.6,46.6,5.67,41.6,50.0,0,13,27.6,44.6,0,46,30.5,44.0,4,6,3,3,0.03,1,,,,,,,,,,,,,,,,,,,,,,,,,,,,,,,,,,,,,,,,,,,,,,,,,,,,,,,,,,,,,,,,,,5191,飛田 江己,128期,埼玉,東京,25,A1,,0,0,0.13,7.12,55.5,73.8,6.35,40.0,65.0,0,35,30.3,53.5,0,62,25.4,43.1,3,7,4,3,0.12,1,11,6,6,0.1,2,,,,,,,,,,,,,,,,,,,,,,,,,,,,,,,,,,,,,,,,,,,,,,,,,,,,,,,,,,,,,4346,前田 健太郎,96期,福岡,福岡,41,B1,,0,0,0.17,4.23,27.0,37.0,1.71,0.0,14.2,0,41,25.9,35.1,0,70,28.5,48.2,2,3,3,3,0.14,1,,,,,,,,,,,,,,,,,,,,,,,,,,,,,,,,,,,,,,,,,,,,,,,,,,,,,,,,,,,,,,,,,
202608042101,2026-08-04,21,01R,5065,伊久間 陽優,123期,群馬,群馬,28,A2,,1,0,0.12,5.24,38.0,46.4,0.0,0.0,0.0,0,51,33.7,52.7,0,122,35.1,56.7,11,6,2,2,0.06,3,11,5,5,0.09,6,4,3,3,0.1,2,8,4,4,0.11,1,,,,,,,,,,,,,,,,,,,,,,,,,,,,,,,,,,,,,,,,,,,,,,,,,,,3353,前田 光昭,62期,埼玉,埼玉,58,B1,,0,0,0.17,2.95,7.8,17.1,5.0,40.0,50.0,0,12,38.5,50.0,0,153,41.0,55.1,7,3,6,6,0.25,6,9,4,4,0.08,5,6,1,1,0.22,5,,,,,,,,,,,,,,,,,,,,,,,,,,,,,,,,,,,,,,,,,,,,,,,,,,,,,,,,3075,中村 裕将,51期,埼玉,埼玉,63,B1,,0,0,0.13,4.81,30.5,42.3,3.46,15.3,26.9,0,44,34.1,41.4,0,154,36.8,55.2,9,2,6,6,0.03,3,7,4,4,0.1,4,,,,,,8,1,1,0.16,4,,,,,,,,,,,,,,,,,,,,,,,,,,,,,,,,,,,,,,,,,,,,,,,,,,,5008,羽野 諒,121期,福岡,福岡,29,B1,,0,0,0.15,4.74,22.5,43.5,4.07,19.4,30.5,0,40,25.0,46.2,0,111,21.6,35.1,7,2,2,2,0.16,6,10,5,5,0.02,4,1,3,3,0.1,2,,,,,,,,,,,,,,,,,,,,,,,,,,,,,,,,,,,,,,,,,,,,,,,,,,,,,,,,3072,西田 靖,51期,東京,神奈川,64,B1,,0,0,0.17,4.09,21.5,31.6,3.73,13.3,26.6,0,20,19.4,41.5,0,140,31.1,45.4,8,1,2,4,0.25,6,6,1,1,0.13,6,2,2,6,0.15,6,,,,,,,,,,,,,,,,,,,,,,,,,,,,,,,,,,,,,,,,,,,,,,,,,,,,,,,,3596,河上 年昭,71期,埼玉,岡山,57,B1,,1,0,0.17,4.41,18.9,34.4,4.44,14.7,47.0,0,57,36.1,45.8,0,145,37.8,59.4,,,,,,,8,3,3,0.13,4,1,5,5,0.27,5,7,2,2,0.23,4,,,,,,,,,,,,,,,,,,,,,,,,,,,,,,,,,,,,,,,,,,,,,,,,,,
202608042102,2026-08-04,21,02R,5161,登玉 隼百,127期,兵庫,兵庫,27,A2,,0,0,0.15,5.91,46.9,59.2,4.89,33.3,44.4,0,60,44.7,58.2,0,116,32.0,49.3,,4,5,5,0.08,6,10,4,4,0.09,6,8,3,3,0.22,5,12,2,2,0.15,2,,,,,,,,,,,,,,,,,,,,,,,,,,,,,,,,,,,,,,,,,,,,,,,,,,,4016,西川 新太郎,84期,愛知,愛知,46,B1,,0,0,0.16,5.61,35.1,56.3,5.15,32.5,52.5,0,50,31.8,46.3,0,161,38.5,52.8,11,5,3,3,0.09,4,11,6,6,0.09,4,,,,,,7,1,1,0.13,1,,,,,,,,,,,,,,,,,,,,,,,,,,,,,,,,,,,,,,,,,,,,,,,,,,,5237,永松 良教,130期,福岡,福岡,26,B2,,0,0,0.16,4.8,27.2,43.1,3.52,18.5,33.3,0,39,37.3,57.3,0,127,40.2,55.8,7,1,6,6,0.18,3,10,2,2,0.12,2,,,,,,9,5,5,0.09,5,,,,,,,,,,,,,,,,,,,,,,,,,,,,,,,,,,,,,,,,,,,,,,,,,,,4645,上村 純一,108期,群馬,千葉,46,A1,,0,0,0.14,6.43,45.2,63.4,7.6,65.0,85.0,0,53,29.1,38.8,0,162,31.9,50.0,10,8,2,2,0.12,2,12,6,6,0.28,3,5,1,1,0.1,1,12,4,4,0.22,3,,,,,,,,,,,,,,,,,,,,,,,,,,,,,,,,,,,,,,,,,,,,,,,,,,,3406,中里 英夫,64期,群馬,栃木,57,B1,,0,0,0.19,5.43,35.1,52.7,5.14,36.3,54.5,0,49,22.8,32.8,0,129,25.8,45.1,12,3,4,4,0.27,3,8,1,1,0.15,1,,,,,,8,5,6,0.1,2,,,,,,,,,,,,,,,,,,,,,,,,,,,,,,,,,,,,,,,,,,,,,,,,,,,5409,宮本 琉正,136期,福岡,沖縄,21,B2,,0,0,0.16,2.17,1.8,7.4,1.8,0.0,0.0,0,41,43.2,58.1,0,156,36.0,58.6,7,6,4,4,0.06,5,,,,,,2,6,5,0.04,1,7,6,6,0.05,3,,,,,,,,,,,,,,,,,,,,,,,,,,,,,,,,,,,,,,,,,,,,,,,,,,
202608042103,2026-08-04,21,03R,4122,安東 幸治,88期,福岡,福岡,44,A2,,0,0,0.17,5.54,35.4,54.5,6.19,42.3,66.6,0,10,34.7,50.0,0,158,31.8,47.8,8,,,,,,8,6,6,0.14,5,3,1,1,0.22,1,10,4,4,0.14,5,,,,,,,,,,,,,,,,,,,,,,,,,,,,,,,,,,,,,,,,,,,,,,,,,,,4665,加藤 啓太,109期,愛知,愛知,42,B1,,0,0,0.17,4.06,17.7,32.9,4.33,13.3,33.3,0,29,42.8,55.7,0,155,42.1,62.6,12,4,3,3,0.04,4,,,,,,1,2,2,0.15,1,5,5,5,0.24,3,,,,,,,,,,,,,,,,,,,,,,,,,,,,,,,,,,,,,,,,,,,,,,,,,,,4448,青木 玄太,100期,滋賀,滋賀,39,A1,,0,0,0.16,7.34,59.8,75.7,8.7,80.0,90.0,0,35,49.3,72.0,0,141,27.0,48.6,10,3,3,3,0.25,2,12,1,1,0.15,6,2,5,4,0.08,3,9,2,2,0.18,3,,,,,,,,,,,,,,,,,,,,,,,,,,,,,,,,,,,,,,,,,,,,,,,,,,,4253,西川 真人,93期,滋賀,滋賀,43,B1,,0,0,0.18,4.26,19.1,38.3,5.14,42.8,57.1,0,13,48.6,62.1,0,139,32.9,48.1,,1,5,5,0.17,5,7,3,3,0.14,5,4,2,2,0.14,5,,,,,,,,,,,,,,,,,,,,,,,,,,,,,,,,,,,,,,,,,,,,,,,,,,,,,,,,3627,井上 恵一,72期,福岡,福岡,56,A2,,1,0,0.18,4.89,32.8,47.3,4.93,27.5,51.7,0,1,23.8,43.2,0,132,32.3,50.7,,,,,,,9,1,1,0.12,2,6,3,6,0.23,6,12,3,3,0.18,6,,,,,,,,,,,,,,,,,,,,,,,,,,,,,,,,,,,,,,,,,,,,,,,,,,,5147,田中 勇輔,127期,埼玉,埼玉,32,B1,,1,0,0.14,4.5,27.0,41.6,4.78,44.4,44.4,0,54,32.8,54.7,0,133,34.2,51.3,,5,2,2,0.11,6,,,,,,2,4,3,0.04,4,7,5,5,0.18,6,,,,,,,,,,,,,,,,,,,,,,,,,,,,,,,,,,,,,,,,,,,,,,,,,,
202608042104,2026-08-04,21,04R,4072,森永 淳,86期,佐賀,佐賀,45,A1,,0,0,0.13,7.12,55.8,68.6,7.61,63.8,66.6,0,56,45.7,58.5,0,167,31.9,51.3,11,5,1,1,0.07,1,12,4,4,0.15,1,4,5,5,0.16,3,10,2,2,0.19,4,,,,,,,,,,,,,,,,,,,,,,,,,,,,,,,,,,,,,,,,,,,,,,,,,,,3888,山本 英志,80期,東京,広島,51,A2,,0,0,0.14,6.22,45.6,61.6,5.35,41.1,58.8,0,34,26.3,52.7,0,121,30.9,49.3,9,3,1,1,0.2,1,11,4,4,0.11,5,5,6,6,0.2,6,,,,,,,,,,,,,,,,,,,,,,,,,,,,,,,,,,,,,,,,,,,,,,,,,,,,,,,,4365,盛本 真輔,97期,兵庫,兵庫,40,A2,,0,0,0.18,5.94,42.6,57.3,5.33,37.0,59.2,0,32,48.6,55.5,0,146,29.6,42.1,8,5,6,6,0.25,5,,,,,,1,1,1,0.15,3,9,4,4,0.05,1,,,,,,,,,,,,,,,,,,,,,,,,,,,,,,,,,,,,,,,,,,,,,,,,,,,4393,田中 孝明,98期,福岡,福岡,40,B1,,0,0,0.2,4.24,20.0,32.0,4.59,20.6,43.1,0,19,25.0,39.0,0,112,47.6,53.8,,,,,,,7,1,1,0.05,1,3,6,6,0.28,6,11,3,3,0.22,4,,,,,,,,,,,,,,,,,,,,,,,,,,,,,,,,,,,,,,,,,,,,,,,,,,,4790,柳内 敬太,113期,兵庫,兵庫,36,A1,,1,0,0.15,6.35,41.5,73.0,6.73,46.6,73.3,0,8,40.0,57.1,0,168,29.5,45.0,10,5,4,4,0.21,2,10,6,6,0.06,3,5,3,3,0.23,4,11,1,1,0.14,1,,,,,,,,,,,,,,,,,,,,,,,,,,,,,,,,,,,,,,,,,,,,,,,,,,,5468,山口 隼人,138期,福岡,熊本,19,B2,,0,0,0.0,1.45,0.0,0.0,1.86,0.0,0.0,0,59,30.0,41.4,0,135,34.2,56.5,,,,,,,7,6,6,0.21,6,1,6,6,0.26,6,8,6,5,0.12,6,,,,,,,,,,,,,,,,,,,,,,,,,,,,,,,,,,,,,,,,,,,,,,,,,,
202608042105,2026-08-04,21,05R,4570,前田 聖文,105期,愛知,愛知,38,A1,,0,0,0.16,5.95,36.2,60.0,6.6,53.3,73.3,0,27,26.0,36.9,0,164,35.7,47.1,10,6,3,3,0.06,1,11,1,1,0.12,2,6,5,4,0.14,2,10,6,6,0.15,3,,,,,,,,,,,,,,,,,,,,,,,,,,,,,,,,,,,,,,,,,,,,,,,,,,,4630,岩永 雅人,107期,愛知,愛知,39,A2,,0,0,0.19,6.13,39.3,67.2,6.6,60.0,65.0,0,5,32.3,49.2,0,160,32.3,47.6,9,3,5,5,0.23,5,10,1,1,0.25,5,,,,,,9,6,6,0.12,4,,,,,,,,,,,,,,,,,,,,,,,,,,,,,,,,,,,,,,,,,,,,,,,,,,,4995,田邉 亮蔵,121期,東京,千葉,35,B1,,0,0,0.19,4.27,23.9,33.8,3.5,3.5,21.4,0,46,25.6,47.3,0,165,32.4,44.5,,,,,,,9,5,5,0.11,6,3,2,2,0.24,2,7,4,4,0.1,5,,,,,,,,,,,,,,,,,,,,,,,,,,,,,,,,,,,,,,,,,,,,,,,,,,,5355,萩原 丈太朗,134期,福井,福井,21,B1,,0,0,0.17,2.1,3.2,8.0,0.0,0.0,0.0,0,25,14.2,30.1,0,166,36.2,46.3,,3,2,2,0.27,4,,,,,,4,6,6,0.23,6,10,3,3,0.29,6,,,,,,,,,,,,,,,,,,,,,,,,,,,,,,,,,,,,,,,,,,,,,,,,,,,4366,前沢 丈史,97期,東京,茨城,40,A1,,1,0,0.14,6.6,48.3,71.7,4.7,30.0,40.0,0,58,19.1,36.7,0,120,30.4,43.4,12,4,1,1,0.1,1,12,5,5,0.2,4,3,3,3,0.22,3,8,2,2,0.19,3,,,,,,,,,,,,,,,,,,,,,,,,,,,,,,,,,,,,,,,,,,,,,,,,,,,4121,富永 修一,88期,福岡,福岡,44,A2,,0,0,0.14,5.99,46.0,55.2,6.43,42.8,71.4,0,22,42.8,57.1,0,170,32.4,50.0,9,1,1,1,0.08,1,9,3,3,0.1,3,4,4,4,0.15,4,12,6,6,0.16,5,,,,,,,,,,,,,,,,,,,,,,,,,,,,,,,,,,,,,,,,,,,,,,,,,,
202608042106,2026-08-04,21,06R,3482,金子 猛志,66期,群馬,群馬,55,B1,,0,0,0.15,5.0,29.2,47.7,4.42,15.3,42.3,0,2,30.5,41.6,0,124,27.2,45.4,10,2,5,5,0.11,2,9,2,2,0.13,1,,,,,,9,3,3,0.15,6,,,,,,,,,,,,,,,,,,,,,,,,,,,,,,,,,,,,,,,,,,,,,,,,,,,4531,武富 智亮,103期,佐賀,佐賀,37,A2,,0,0,0.16,6.32,39.6,68.4,5.85,32.3,58.8,0,31,41.6,58.3,0,117,37.8,52.7,10,6,6,6,0.05,2,10,3,3,0.06,1,5,4,4,0.17,5,10,1,1,0.19,2,,,,,,,,,,,,,,,,,,,,,,,,,,,,,,,,,,,,,,,,,,,,,,,,,,,4139,丹下 健,89期,愛知,愛知,45,B1,,0,0,0.19,4.22,24.3,39.7,4.53,23.5,47.0,0,48,41.8,56.7,0,136,39.5,54.3,12,2,3,3,0.19,5,,,,,,2,3,2,0.09,2,10,5,5,0.1,1,,,,,,,,,,,,,,,,,,,,,,,,,,,,,,,,,,,,,,,,,,,,,,,,,,,5114,小林 孝彰,125期,福井,石川,26,B1,,0,0,0.16,5.83,44.4,59.8,4.79,31.5,42.1,0,37,32.1,50.0,0,128,10.0,28.7,11,1,4,3,0.16,2,5,5,5,0.28,3,5,2,2,0.21,2,,,,,,,,,,,,,,,,,,,,,,,,,,,,,,,,,,,,,,,,,,,,,,,,,,,,,,,,4428,有賀 達也,100期,埼玉,埼玉,40,A2,,0,0,0.14,6.03,41.8,58.1,6.48,56.0,60.0,0,45,29.0,50.0,0,149,44.4,58.0,,4,4,4,0.05,3,9,6,6,0.08,4,2,1,1,0.14,5,11,2,2,0.14,2,,,,,,,,,,,,,,,,,,,,,,,,,,,,,,,,,,,,,,,,,,,,,,,,,,,3740,大澤 普司,75期,群馬,群馬,52,A1,,0,0,0.18,6.14,42.8,60.1,4.33,16.6,33.3,0,52,38.0,57.7,0,137,36.3,61.0,,6,5,5,0.15,4,12,2,2,0.15,5,4,1,1,0.11,1,11,4,4,0.24,5,,,,,,,,,,,,,,,,,,,,,,,,,,,,,,,,,,,,,,,,,,,,,,,,,,
202608042107,2026-08-04,21,07R,3619,長谷川 充,71期,群馬,群馬,52,B1,,0,0,0.19,5.13,29.7,51.0,4.9,25.0,50.0,0,11,41.8,68.9,0,148,21.5,37.5,11,4,2,2,0.07,2,,,,,,7,3,3,0.14,2,12,5,5,0.24,4,,,,,,,,,,,,,,,,,,,,,,,,,,,,,,,,,,,,,,,,,,,,,,,,,,,5008,羽野 諒,121期,福岡,福岡,29,B1,,0,0,0.15,4.74,22.5,43.5,4.07,19.4,30.5,0,40,25.0,46.2,0,111,21.6,35.1,1,2,2,2,0.16,6,10,5,5,0.02,4,1,3,3,0.1,2,,,,,,,,,,,,,,,,,,,,,,,,,,,,,,,,,,,,,,,,,,,,,,,,,,,,,,,,3353,前田 光昭,62期,埼玉,埼玉,58,B1,,0,0,0.17,2.95,7.8,17.1,5.0,40.0,50.0,0,12,38.5,50.0,0,153,41.0,55.1,1,3,6,6,0.25,6,9,4,4,0.08,5,6,1,1,0.22,5,,,,,,,,,,,,,,,,,,,,,,,,,,,,,,,,,,,,,,,,,,,,,,,,,,,,,,,,5237,永松 良教,130期,福岡,福岡,26,B2,,0,0,0.16,4.8,27.2,43.1,3.52,18.5,33.3,0,39,37.3,57.3,0,127,40.2,55.8,2,1,6,6,0.18,3,10,2,2,0.12,2,,,,,,9,5,5,0.09,5,,,,,,,,,,,,,,,,,,,,,,,,,,,,,,,,,,,,,,,,,,,,,,,,,,,5409,宮本 琉正,136期,福岡,沖縄,21,B2,,0,0,0.16,2.17,1.8,7.4,1.8,0.0,0.0,0,41,43.2,58.1,0,156,36.0,58.6,2,6,4,4,0.06,5,,,,,,2,6,5,0.04,1,7,6,6,0.05,3,,,,,,,,,,,,,,,,,,,,,,,,,,,,,,,,,,,,,,,,,,,,,,,,,,,5090,生方 靖亜,124期,群馬,群馬,25,B1,,1,0,0.15,5.03,31.6,48.3,5.4,40.0,50.0,0,33,38.3,61.6,0,119,18.5,40.0,11,7,5,5,0.21,3,11,2,2,0.15,1,6,4,3,0.16,1,,,,,,,,,,,,,,,,,,,,,,,,,,,,,,,,,,,,,,,,,,,,,,,,,,,,,,,
202608042108,2026-08-04,21,08R,3807,岡部 哲,77期,埼玉,埼玉,51,B1,,0,0,0.17,4.86,26.0,46.0,4.0,25.0,35.0,0,3,45.8,62.5,0,126,38.8,51.3,12,,,,,,7,2,2,0.09,2,1,4,4,0.2,4,11,5,5,0.21,3,,,,,,,,,,,,,,,,,,,,,,,,,,,,,,,,,,,,,,,,,,,,,,,,,,,3072,西田 靖,51期,東京,神奈川,64,B1,,0,0,0.17,4.09,21.5,31.6,3.73,13.3,26.6,0,20,19.4,41.5,0,140,31.1,45.4,1,1,2,4,0.25,6,6,1,1,0.13,6,2,2,6,0.15,6,,,,,,,,,,,,,,,,,,,,,,,,,,,,,,,,,,,,,,,,,,,,,,,,,,,,,,,,4297,山田 哲也,95期,東京,千葉,43,A1,,1,0,0.11,6.16,44.7,61.9,8.59,85.1,92.5,0,4,35.2,57.3,0,118,31.1,48.0,12,2,4,4,0.08,1,12,3,3,0.11,2,6,6,5,0.1,3,12,1,1,0.13,1,,,,,,,,,,,,,,,,,,,,,,,,,,,,,,,,,,,,,,,,,,,,,,,,,,,4788,小池 哲也,113期,大阪,大阪,37,A2,,0,0,0.16,5.37,33.0,52.4,6.83,55.5,77.7,0,7,36.8,67.1,0,134,36.1,54.1,,4,6,6,0.1,5,11,3,3,0.17,3,3,5,5,0.21,5,9,1,1,0.18,2,,,,,,,,,,,,,,,,,,,,,,,,,,,,,,,,,,,,,,,,,,,,,,,,,,,4365,盛本 真輔,97期,兵庫,兵庫,40,A2,,0,0,0.18,5.94,42.6,57.3,5.33,37.0,59.2,0,32,48.6,55.5,0,146,29.6,42.1,4,5,6,6,0.25,5,,,,,,1,1,1,0.15,3,9,4,4,0.05,1,,,,,,,,,,,,,,,,,,,,,,,,,,,,,,,,,,,,,,,,,,,,,,,,,,,4122,安東 幸治,88期,福岡,福岡,44,A2,,0,0,0.17,5.54,35.4,54.5,6.19,42.3,66.6,0,10,34.7,50.0,0,158,31.8,47.8,3,,,,,,8,6,6,0.14,5,3,1,1,0.22,1,10,4,4,0.14,5,,,,,,,,,,,,,,,,,,,,,,,,,,,,,,,,,,,,,,,,,,,,,,,,,,
202608042109,2026-08-04,21,09R,4121,富永 修一,88期,福岡,福岡,44,A2,,0,0,0.14,5.99,46.0,55.2,6.43,42.8,71.4,0,22,42.8,57.1,0,170,32.4,50.0,5,1,1,1,0.08,1,9,3,3,0.1,3,4,4,4,0.15,4,12,6,6,0.16,5,,,,,,,,,,,,,,,,,,,,,,,,,,,,,,,,,,,,,,,,,,,,,,,,,,,4042,丸岡 正典,85期,大阪,大阪,46,A2,,1,0,0.17,6.66,44.9,67.8,7.61,61.3,81.8,0,47,37.1,57.1,0,147,18.1,28.7,,2,1,1,0.24,4,8,4,4,0.22,3,6,2,2,0.31,4,11,6,6,0.26,6,,,,,,,,,,,,,,,,,,,,,,,,,,,,,,,,,,,,,,,,,,,,,,,,,,,3922,菅沼 佳昭,81期,愛知,愛知,51,B1,,0,0,0.19,3.78,16.6,28.8,4.38,20.5,38.2,0,6,29.8,51.9,0,130,26.0,43.4,,1,3,2,0.16,4,8,5,5,0.21,6,3,4,4,0.2,4,,,,,,,,,,,,,,,,,,,,,,,,,,,,,,,,,,,,,,,,,,,,,,,,,,,,,,,,4630,岩永 雅人,107期,愛知,愛知,39,A2,,0,0,0.19,6.13,39.3,67.2,6.6,60.0,65.0,0,5,32.3,49.2,0,160,32.3,47.6,5,3,5,5,0.23,5,10,1,1,0.25,5,,,,,,9,6,6,0.12,4,,,,,,,,,,,,,,,,,,,,,,,,,,,,,,,,,,,,,,,,,,,,,,,,,,,3075,中村 裕将,51期,埼玉,埼玉,63,B1,,0,0,0.13,4.81,30.5,42.3,3.46,15.3,26.9,0,44,34.1,41.4,0,154,36.8,55.2,1,2,6,6,0.03,3,7,4,4,0.1,4,,,,,,8,1,1,0.16,4,,,,,,,,,,,,,,,,,,,,,,,,,,,,,,,,,,,,,,,,,,,,,,,,,,,3888,山本 英志,80期,東京,広島,51,A2,,0,0,0.14,6.22,45.6,61.6,5.35,41.1,58.8,0,34,26.3,52.7,0,121,30.9,49.3,4,3,1,1,0.2,1,11,4,4,0.11,5,5,6,6,0.2,6,,,,,,,,,,,,,,,,,,,,,,,,,,,,,,,,,,,,,,,,,,,,,,,,,,,,,,,
202608042110,2026-08-04,21,10R,4645,上村 純一,108期,群馬,千葉,46,A1,,0,0,0.14,6.43,45.2,63.4,7.6,65.0,85.0,0,53,29.1,38.8,0,162,31.9,50.0,2,8,2,2,0.12,2,12,6,6,0.28,3,5,1,1,0.1,1,12,4,4,0.22,3,,,,,,,,,,,,,,,,,,,,,,,,,,,,,,,,,,,,,,,,,,,,,,,,,,,4570,前田 聖文,105期,愛知,愛知,38,A1,,0,0,0.16,5.95,36.2,60.0,6.6,53.3,73.3,0,27,26.0,36.9,0,164,35.7,47.1,5,6,3,3,0.06,1,11,1,1,0.12,2,6,5,4,0.14,2,10,6,6,0.15,3,,,,,,,,,,,,,,,,,,,,,,,,,,,,,,,,,,,,,,,,,,,,,,,,,,,4790,柳内 敬太,113期,兵庫,兵庫,36,A1,,1,0,0.15,6.35,41.5,73.0,6.73,46.6,73.3,0,8,40.0,57.1,0,168,29.5,45.0,4,5,4,4,0.21,2,10,6,6,0.06,3,5,3,3,0.23,4,11,1,1,0.14,1,,,,,,,,,,,,,,,,,,,,,,,,,,,,,,,,,,,,,,,,,,,,,,,,,,,4531,武富 智亮,103期,佐賀,佐賀,37,A2,,0,0,0.16,6.32,39.6,68.4,5.85,32.3,58.8,0,31,41.6,58.3,0,117,37.8,52.7,6,6,6,6,0.05,2,10,3,3,0.06,1,5,4,4,0.17,5,10,1,1,0.19,2,,,,,,,,,,,,,,,,,,,,,,,,,,,,,,,,,,,,,,,,,,,,,,,,,,,4448,青木 玄太,100期,滋賀,滋賀,39,A1,,0,0,0.16,7.34,59.8,75.7,8.7,80.0,90.0,0,35,49.3,72.0,0,141,27.0,48.6,3,3,3,3,0.25,2,12,1,1,0.15,6,2,5,4,0.08,3,9,2,2,0.18,3,,,,,,,,,,,,,,,,,,,,,,,,,,,,,,,,,,,,,,,,,,,,,,,,,,,3482,金子 猛志,66期,群馬,群馬,55,B1,,0,0,0.15,5.0,29.2,47.7,4.42,15.3,42.3,0,2,30.5,41.6,0,124,27.2,45.4,6,2,5,5,0.11,2,9,2,2,0.13,1,,,,,,9,3,3,0.15,6,,,,,,,,,,,,,,,,,,,,,,,,,,,,,,,,,,,,,,,,,,,,,,,,,,
202608042111,2026-08-04,21,11R,5090,生方 靖亜,124期,群馬,群馬,25,B1,,1,0,0.15,5.03,31.6,48.3,5.4,40.0,50.0,0,33,38.3,61.6,0,119,18.5,40.0,7,7,5,5,0.21,3,11,2,2,0.15,1,6,4,3,0.16,1,,,,,,,,,,,,,,,,,,,,,,,,,,,,,,,,,,,,,,,,,,,,,,,,,,,,,,,,4072,森永 淳,86期,佐賀,佐賀,45,A1,,0,0,0.13,7.12,55.8,68.6,7.61,63.8,66.6,0,56,45.7,58.5,0,167,31.9,51.3,4,5,1,1,0.07,1,12,4,4,0.15,1,4,5,5,0.16,3,10,2,2,0.19,4,,,,,,,,,,,,,,,,,,,,,,,,,,,,,,,,,,,,,,,,,,,,,,,,,,,5114,小林 孝彰,125期,福井,石川,26,B1,,0,0,0.16,5.83,44.4,59.8,4.79,31.5,42.1,0,37,32.1,50.0,0,128,10.0,28.7,6,1,4,3,0.16,2,5,5,5,0.28,3,5,2,2,0.21,2,,,,,,,,,,,,,,,,,,,,,,,,,,,,,,,,,,,,,,,,,,,,,,,,,,,,,,,,3619,長谷川 充,71期,群馬,群馬,52,B1,,0,0,0.19,5.13,29.7,51.0,4.9,25.0,50.0,0,11,41.8,68.9,0,148,21.5,37.5,7,4,2,2,0.07,2,,,,,,7,3,3,0.14,2,12,5,5,0.24,4,,,,,,,,,,,,,,,,,,,,,,,,,,,,,,,,,,,,,,,,,,,,,,,,,,,5065,伊久間 陽優,123期,群馬,群馬,28,A2,,1,0,0.12,5.24,38.0,46.4,0.0,0.0,0.0,0,51,33.7,52.7,0,122,35.1,56.7,1,6,2,2,0.06,3,11,5,5,0.09,6,4,3,3,0.1,2,8,4,4,0.11,1,,,,,,,,,,,,,,,,,,,,,,,,,,,,,,,,,,,,,,,,,,,,,,,,,,,4016,西川 新太郎,84期,愛知,愛知,46,B1,,0,0,0.16,5.61,35.1,56.3,5.15,32.5,52.5,0,50,31.8,46.3,0,161,38.5,52.8,2,5,3,3,0.09,4,11,6,6,0.09,4,,,,,,7,1,1,0.13,1,,,,,,,,,,,,,,,,,,,,,,,,,,,,,,,,,,,,,,,,,,,,,,,,,,
202608042112,2026-08-04,21,12R,4297,山田 哲也,95期,東京,千葉,43,A1,,1,0,0.11,6.16,44.7,61.9,8.59,85.1,92.5,0,4,35.2,57.3,0,118,31.1,48.0,8,2,4,4,0.08,1,12,3,3,0.11,2,6,6,5,0.1,3,12,1,1,0.13,1,,,,,,,,,,,,,,,,,,,,,,,,,,,,,,,,,,,,,,,,,,,,,,,,,,,3406,中里 英夫,64期,群馬,栃木,57,B1,,0,0,0.19,5.43,35.1,52.7,5.14,36.3,54.5,0,49,22.8,32.8,0,129,25.8,45.1,2,3,4,4,0.27,3,8,1,1,0.15,1,,,,,,8,5,6,0.1,2,,,,,,,,,,,,,,,,,,,,,,,,,,,,,,,,,,,,,,,,,,,,,,,,,,,4366,前沢 丈史,97期,東京,茨城,40,A1,,1,0,0.14,6.6,48.3,71.7,4.7,30.0,40.0,0,58,19.1,36.7,0,120,30.4,43.4,5,4,1,1,0.1,1,12,5,5,0.2,4,3,3,3,0.22,3,8,2,2,0.19,3,,,,,,,,,,,,,,,,,,,,,,,,,,,,,,,,,,,,,,,,,,,,,,,,,,,4139,丹下 健,89期,愛知,愛知,45,B1,,0,0,0.19,4.22,24.3,39.7,4.53,23.5,47.0,0,48,41.8,56.7,0,136,39.5,54.3,6,2,3,3,0.19,5,,,,,,2,3,2,0.09,2,10,5,5,0.1,1,,,,,,,,,,,,,,,,,,,,,,,,,,,,,,,,,,,,,,,,,,,,,,,,,,,4665,加藤 啓太,109期,愛知,愛知,42,B1,,0,0,0.17,4.06,17.7,32.9,4.33,13.3,33.3,0,29,42.8,55.7,0,155,42.1,62.6,3,4,3,3,0.04,4,,,,,,1,2,2,0.15,1,5,5,5,0.24,3,,,,,,,,,,,,,,,,,,,,,,,,,,,,,,,,,,,,,,,,,,,,,,,,,,,3807,岡部 哲,77期,埼玉,埼玉,51,B1,,0,0,0.17,4.86,26.0,46.0,4.0,25.0,35.0,0,3,45.8,62.5,0,126,38.8,51.3,8,,,,,,7,2,2,0.09,2,1,4,4,0.2,4,11,5,5,0.21,3,,,,,,,,,,,,,,,,,,,,,,,,,,,,,,,,,,,,,,,,,,,,,,,,,,
