レースコード,レース日,レース場コード,レース回,艇1_登録番号,艇1_選手名,艇1_期別,艇1_支部,艇1_出身地,艇1_年齢,艇1_級別,艇1_賞除,艇1_F本数,艇1_L本数,艇1_全国平均ST,艇1_全国勝率,艇1_全国2連対率,艇1_全国3連対率,艇1_当地勝率,艇1_当地2連対率,艇1_当地3連対率,艇1_モーターフラグ,艇1_モーター番号,艇1_モーター2連対率,艇1_モーター3連対率,艇1_ボートフラグ,艇1_ボート番号,艇1_ボート2連対率,艇1_ボート3連対率,艇1_早見,艇1_節D1走1_R番号,艇1_節D1走1_進入,艇1_節D1走1_枠,艇1_節D1走1_ST,艇1_節D1走1_着順,艇1_節D1走2_R番号,艇1_節D1走2_進入,艇1_節D1走2_枠,艇1_節D1走2_ST,艇1_節D1走2_着順,艇1_節D2走1_R番号,艇1_節D2走1_進入,艇1_節D2走1_枠,艇1_節D2走1_ST,艇1_節D2走1_着順,艇1_節D2走2_R番号,艇1_節D2走2_進入,艇1_節D2走2_枠,艇1_節D2走2_ST,艇1_節D2走2_着順,艇1_節D3走1_R番号,艇1_節D3走1_進入,艇1_節D3走1_枠,艇1_節D3走1_ST,艇1_節D3走1_着順,艇1_節D3走2_R番号,艇1_節D3走2_進入,艇1_節D3走2_枠,艇1_節D3走2_ST,艇1_節D3走2_着順,艇1_節D4走1_R番号,艇1_節D4走1_進入,艇1_節D4走1_枠,艇1_節D4走1_ST,艇1_節D4走1_着順,艇1_節D4走2_R番号,艇1_節D4走2_進入,艇1_節D4走2_枠,艇1_節D4走2_ST,艇1_節D4走2_着順,艇1_節D5走1_R番号,艇1_節D5走1_進入,艇1_節D5走1_枠,艇1_節D5走1_ST,艇1_節D5走1_着順,艇1_節D5走2_R番号,艇1_節D5走2_進入,艇1_節D5走2_枠,艇1_節D5走2_ST,艇1_節D5走2_着順,艇1_節D6走1_R番号,艇1_節D6走1_進入,艇1_節D6走1_枠,艇1_節D6走1_ST,艇1_節D6走1_着順,艇1_節D6走2_R番号,艇1_節D6走2_進入,艇1_節D6走2_枠,艇1_節D6走2_ST,艇1_節D6走2_着順,艇1_節D7走1_R番号,艇1_節D7走1_進入,艇1_節D7走1_枠,艇1_節D7走1_ST,艇1_節D7走1_着順,艇1_節D7走2_R番号,艇1_節D7走2_進入,艇1_節D7走2_枠,艇1_節D7走2_ST,艇1_節D7走2_着順,艇2_登録番号,艇2_選手名,艇2_期別,艇2_支部,艇2_出身地,艇2_年齢,艇2_級別,艇2_賞除,艇2_F本数,艇2_L本数,艇2_全国平均ST,艇2_全国勝率,艇2_全国2連対率,艇2_全国3連対率,艇2_当地勝率,艇2_当地2連対率,艇2_当地3連対率,艇2_モーターフラグ,艇2_モーター番号,艇2_モーター2連対率,艇2_モーター3連対率,艇2_ボートフラグ,艇2_ボート番号,艇2_ボート2連対率,艇2_ボート3連対率,艇2_早見,艇2_節D1走1_R番号,艇2_節D1走1_進入,艇2_節D1走1_枠,艇2_節D1走1_ST,艇2_節D1走1_着順,艇2_節D1走2_R番号,艇2_節D1走2_進入,艇2_節D1走2_枠,艇2_節D1走2_ST,艇2_節D1走2_着順,艇2_節D2走1_R番号,艇2_節D2走1_進入,艇2_節D2走1_枠,艇2_節D2走1_ST,艇2_節D2走1_着順,艇2_節D2走2_R番号,艇2_節D2走2_進入,艇2_節D2走2_枠,艇2_節D2走2_ST,艇2_節D2走2_着順,艇2_節D3走1_R番号,艇2_節D3走1_進入,艇2_節D3走1_枠,艇2_節D3走1_ST,艇2_節D3走1_着順,艇2_節D3走2_R番号,艇2_節D3走2_進入,艇2_節D3走2_枠,艇2_節D3走2_ST,艇2_節D3走2_着順,艇2_節D4走1_R番号,艇2_節D4走1_進入,艇2_節D4走1_枠,艇2_節D4走1_ST,艇2_節D4走1_着順,艇2_節D4走2_R番号,艇2_節D4走2_進入,艇2_節D4走2_枠,艇2_節D4走2_ST,艇2_節D4走2_着順,艇2_節D5走1_R番号,艇2_節D5走1_進入,艇2_節D5走1_枠,艇2_節D5走1_ST,艇2_節D5走1_着順,艇2_節D5走2_R番号,艇2_節D5走2_進入,艇2_節D5走2_枠,艇2_節D5走2_ST,艇2_節D5走2_着順,艇2_節D6走1_R番号,艇2_節D6走1_進入,艇2_節D6走1_枠,艇2_節D6走1_ST,艇2_節D6走1_着順,艇2_節D6走2_R番号,艇2_節D6走2_進入,艇2_節D6走2_枠,艇2_節D6走2_ST,艇2_節D6走2_着順,艇2_節D7走1_R番号,艇2_節D7走1_進入,艇2_節D7走1_枠,艇2_節D7走1_ST,艇2_節D7走1_着順,艇2_節D7走2_R番号,艇2_節D7走2_進入,艇2_節D7走2_枠,艇2_節D7走2_ST,艇2_節D7走2_着順,艇3_登録番号,艇3_選手名,艇3_期別,艇3_支部,艇3_出身地,艇3_年齢,艇3_級別,艇3_賞除,艇3_F本数,艇3_L本数,艇3_全国平均ST,艇3_全国勝率,艇3_全国2連対率,艇3_全国3連対率,艇3_当地勝率,艇3_当地2連対率,艇3_当地3連対率,艇3_モーターフラグ,艇3_モーター番号,艇3_モーター2連対率,艇3_モーター3連対率,艇3_ボートフラグ,艇3_ボート番号,艇3_ボート2連対率,艇3_ボート3連対率,艇3_早見,艇3_節D1走1_R番号,艇3_節D1走1_進入,艇3_節D1走1_枠,艇3_節D1走1_ST,艇3_節D1走1_着順,艇3_節D1走2_R番号,艇3_節D1走2_進入,艇3_節D1走2_枠,艇3_節D1走2_ST,艇3_節D1走2_着順,艇3_節D2走1_R番号,艇3_節D2走1_進入,艇3_節D2走1_枠,艇3_節D2走1_ST,艇3_節D2走1_着順,艇3_節D2走2_R番号,艇3_節D2走2_進入,艇3_節D2走2_枠,艇3_節D2走2_ST,艇3_節D2走2_着順,艇3_節D3走1_R番号,艇3_節D3走1_進入,艇3_節D3走1_枠,艇3_節D3走1_ST,艇3_節D3走1_着順,艇3_節D3走2_R番号,艇3_節D3走2_進入,艇3_節D3走2_枠,艇3_節D3走2_ST,艇3_節D3走2_着順,艇3_節D4走1_R番号,艇3_節D4走1_進入,艇3_節D4走1_枠,艇3_節D4走1_ST,艇3_節D4走1_着順,艇3_節D4走2_R番号,艇3_節D4走2_進入,艇3_節D4走2_枠,艇3_節D4走2_ST,艇3_節D4走2_着順,艇3_節D5走1_R番号,艇3_節D5走1_進入,艇3_節D5走1_枠,艇3_節D5走1_ST,艇3_節D5走1_着順,艇3_節D5走2_R番号,艇3_節D5走2_進入,艇3_節D5走2_枠,艇3_節D5走2_ST,艇3_節D5走2_着順,艇3_節D6走1_R番号,艇3_節D6走1_進入,艇3_節D6走1_枠,艇3_節D6走1_ST,艇3_節D6走1_着順,艇3_節D6走2_R番号,艇3_節D6走2_進入,艇3_節D6走2_枠,艇3_節D6走2_ST,艇3_節D6走2_着順,艇3_節D7走1_R番号,艇3_節D7走1_進入,艇3_節D7走1_枠,艇3_節D7走1_ST,艇3_節D7走1_着順,艇3_節D7走2_R番号,艇3_節D7走2_進入,艇3_節D7走2_枠,艇3_節D7走2_ST,艇3_節D7走2_着順,艇4_登録番号,艇4_選手名,艇4_期別,艇4_支部,艇4_出身地,艇4_年齢,艇4_級別,艇4_賞除,艇4_F本数,艇4_L本数,艇4_全国平均ST,艇4_全国勝率,艇4_全国2連対率,艇4_全国3連対率,艇4_当地勝率,艇4_当地2連対率,艇4_当地3連対率,艇4_モーターフラグ,艇4_モーター番号,艇4_モーター2連対率,艇4_モーター3連対率,艇4_ボートフラグ,艇4_ボート番号,艇4_ボート2連対率,艇4_ボート3連対率,艇4_早見,艇4_節D1走1_R番号,艇4_節D1走1_進入,艇4_節D1走1_枠,艇4_節D1走1_ST,艇4_節D1走1_着順,艇4_節D1走2_R番号,艇4_節D1走2_進入,艇4_節D1走2_枠,艇4_節D1走2_ST,艇4_節D1走2_着順,艇4_節D2走1_R番号,艇4_節D2走1_進入,艇4_節D2走1_枠,艇4_節D2走1_ST,艇4_節D2走1_着順,艇4_節D2走2_R番号,艇4_節D2走2_進入,艇4_節D2走2_枠,艇4_節D2走2_ST,艇4_節D2走2_着順,艇4_節D3走1_R番号,艇4_節D3走1_進入,艇4_節D3走1_枠,艇4_節D3走1_ST,艇4_節D3走1_着順,艇4_節D3走2_R番号,艇4_節D3走2_進入,艇4_節D3走2_枠,艇4_節D3走2_ST,艇4_節D3走2_着順,艇4_節D4走1_R番号,艇4_節D4走1_進入,艇4_節D4走1_枠,艇4_節D4走1_ST,艇4_節D4走1_着順,艇4_節D4走2_R番号,艇4_節D4走2_進入,艇4_節D4走2_枠,艇4_節D4走2_ST,艇4_節D4走2_着順,艇4_節D5走1_R番号,艇4_節D5走1_進入,艇4_節D5走1_枠,艇4_節D5走1_ST,艇4_節D5走1_着順,艇4_節D5走2_R番号,艇4_節D5走2_進入,艇4_節D5走2_枠,艇4_節D5走2_ST,艇4_節D5走2_着順,艇4_節D6走1_R番号,艇4_節D6走1_進入,艇4_節D6走1_枠,艇4_節D6走1_ST,艇4_節D6走1_着順,艇4_節D6走2_R番号,艇4_節D6走2_進入,艇4_節D6走2_枠,艇4_節D6走2_ST,艇4_節D6走2_着順,艇4_節D7走1_R番号,艇4_節D7走1_進入,艇4_節D7走1_枠,艇4_節D7走1_ST,艇4_節D7走1_着順,艇4_節D7走2_R番号,艇4_節D7走2_進入,艇4_節D7走2_枠,艇4_節D7走2_ST,艇4_節D7走2_着順,艇5_登録番号,艇5_選手名,艇5_期別,艇5_支部,艇5_出身地,艇5_年齢,艇5_級別,艇5_賞除,艇5_F本数,艇5_L本数,艇5_全国平均ST,艇5_全国勝率,艇5_全国2連対率,艇5_全国3連対率,艇5_当地勝率,艇5_当地2連対率,艇5_当地3連対率,艇5_モーターフラグ,艇5_モーター番号,艇5_モーター2連対率,艇5_モーター3連対率,艇5_ボートフラグ,艇5_ボート番号,艇5_ボート2連対率,艇5_ボート3連対率,艇5_早見,艇5_節D1走1_R番号,艇5_節D1走1_進入,艇5_節D1走1_枠,艇5_節D1走1_ST,艇5_節D1走1_着順,艇5_節D1走2_R番号,艇5_節D1走2_進入,艇5_節D1走2_枠,艇5_節D1走2_ST,艇5_節D1走2_着順,艇5_節D2走1_R番号,艇5_節D2走1_進入,艇5_節D2走1_枠,艇5_節D2走1_ST,艇5_節D2走1_着順,艇5_節D2走2_R番号,艇5_節D2走2_進入,艇5_節D2走2_枠,艇5_節D2走2_ST,艇5_節D2走2_着順,艇5_節D3走1_R番号,艇5_節D3走1_進入,艇5_節D3走1_枠,艇5_節D3走1_ST,艇5_節D3走1_着順,艇5_節D3走2_R番号,艇5_節D3走2_進入,艇5_節D3走2_枠,艇5_節D3走2_ST,艇5_節D3走2_着順,艇5_節D4走1_R番号,艇5_節D4走1_進入,艇5_節D4走1_枠,艇5_節D4走1_ST,艇5_節D4走1_着順,艇5_節D4走2_R番号,艇5_節D4走2_進入,艇5_節D4走2_枠,艇5_節D4走2_ST,艇5_節D4走2_着順,艇5_節D5走1_R番号,艇5_節D5走1_進入,艇5_節D5走1_枠,艇5_節D5走1_ST,艇5_節D5走1_着順,艇5_節D5走2_R番号,艇5_節D5走2_進入,艇5_節D5走2_枠,艇5_節D5走2_ST,艇5_節D5走2_着順,艇5_節D6走1_R番号,艇5_節D6走1_進入,艇5_節D6走1_枠,艇5_節D6走1_ST,艇5_節D6走1_着順,艇5_節D6走2_R番号,艇5_節D6走2_進入,艇5_節D6走2_枠,艇5_節D6走2_ST,艇5_節D6走2_着順,艇5_節D7走1_R番号,艇5_節D7走1_進入,艇5_節D7走1_枠,艇5_節D7走1_ST,艇5_節D7走1_着順,艇5_節D7走2_R番号,艇5_節D7走2_進入,艇5_節D7走2_枠,艇5_節D7走2_ST,艇5_節D7走2_着順,艇6_登録番号,艇6_選手名,艇6_期別,艇6_支部,艇6_出身地,艇6_年齢,艇6_級別,艇6_賞除,艇6_F本数,艇6_L本数,艇6_全国平均ST,艇6_全国勝率,艇6_全国2連対率,艇6_全国3連対率,艇6_当地勝率,艇6_当地2連対率,艇6_当地3連対率,艇6_モーターフラグ,艇6_モーター番号,艇6_モーター2連対率,艇6_モーター3連対率,艇6_ボートフラグ,艇6_ボート番号,艇6_ボート2連対率,艇6_ボート3連対率,艇6_早見,艇6_節D1走1_R番号,艇6_節D1走1_進入,艇6_節D1走1_枠,艇6_節D1走1_ST,艇6_節D1走1_着順,艇6_節D1走2_R番号,艇6_節D1走2_進入,艇6_節D1走2_枠,艇6_節D1走2_ST,艇6_節D1走2_着順,艇6_節D2走1_R番号,艇6_節D2走1_進入,艇6_節D2走1_枠,艇6_節D2走1_ST,艇6_節D2走1_着順,艇6_節D2走2_R番号,艇6_節D2走2_進入,艇6_節D2走2_枠,艇6_節D2走2_ST,艇6_節D2走2_着順,艇6_節D3走1_R番号,艇6_節D3走1_進入,艇6_節D3走1_枠,艇6_節D3走1_ST,艇6_節D3走1_着順,艇6_節D3走2_R番号,艇6_節D3走2_進入,艇6_節D3走2_枠,艇6_節D3走2_ST,艇6_節D3走2_着順,艇6_節D4走1_R番号,艇6_節D4走1_進入,艇6_節D4走1_枠,艇6_節D4走1_ST,艇6_節D4走1_着順,艇6_節D4走2_R番号,艇6_節D4走2_進入,艇6_節D4走2_枠,艇6_節D4走2_ST,艇6_節D4走2_着順,艇6_節D5走1_R番号,艇6_節D5走1_進入,艇6_節D5走1_枠,艇6_節D5走1_ST,艇6_節D5走1_着順,艇6_節D5走2_R番号,艇6_節D5走2_進入,艇6_節D5走2_枠,艇6_節D5走2_ST,艇6_節D5走2_着順,艇6_節D6走1_R番号,艇6_節D6走1_進入,艇6_節D6走1_枠,艇6_節D6走1_ST,艇6_節D6走1_着順,艇6_節D6走2_R番号,艇6_節D6走2_進入,艇6_節D6走2_枠,艇6_節D6走2_ST,艇6_節D6走2_着順,艇6_節D7走1_R番号,艇6_節D7走1_進入,艇6_節D7走1_枠,艇6_節D7走1_ST,艇6_節D7走1_着順,艇6_節D7走2_R番号,艇6_節D7走2_進入,艇6_節D7走2_枠,艇6_節D7走2_ST,艇6_節D7走2_着順
202608060201,2026-08-06,02,01R,5167,小川 竜太朗,127期,埼玉,埼玉,26,B1,,0,0,0.16,5.35,33.3,51.2,4.73,21.4,40.4,0,17,,,0,48,,,11,,,,,,,,,,,,,,,,,,,,,,,,,,,,,,,,,,,,,,,,,,,,,,,,,,,,,,,,,,,,,,,,,,,,,,,4416,三宅 健太,99期,広島,広島,39,B1,,0,0,0.17,5.46,38.8,49.4,5.57,42.8,57.1,0,20,,,0,36,,,9,,,,,,,,,,,,,,,,,,,,,,,,,,,,,,,,,,,,,,,,,,,,,,,,,,,,,,,,,,,,,,,,,,,,,,,5077,滝沢 崚,124期,埼玉,埼玉,29,B1,,0,0,0.18,3.72,14.7,26.2,3.88,16.4,34.3,0,42,,,0,54,,,7,,,,,,,,,,,,,,,,,,,,,,,,,,,,,,,,,,,,,,,,,,,,,,,,,,,,,,,,,,,,,,,,,,,,,,,3945,橋口 真樹,82期,愛知,愛知,50,B1,,0,0,0.21,4.59,21.4,41.4,3.21,7.1,14.2,0,2,,,0,13,,,6,,,,,,,,,,,,,,,,,,,,,,,,,,,,,,,,,,,,,,,,,,,,,,,,,,,,,,,,,,,,,,,,,,,,,,,4274,長畑 友輔,94期,東京,東京,43,B1,,0,0,0.16,4.43,25.0,39.5,3.87,26.6,33.3,0,4,,,0,28,,,8,,,,,,,,,,,,,,,,,,,,,,,,,,,,,,,,,,,,,,,,,,,,,,,,,,,,,,,,,,,,,,,,,,,,,,,5036,福田 翔吾,122期,大阪,大阪,28,B1,,0,0,0.18,5.0,28.5,50.0,6.0,45.4,63.6,0,15,,,0,43,,,10,,,,,,,,,,,,,,,,,,,,,,,,,,,,,,,,,,,,,,,,,,,,,,,,,,,,,,,,,,,,,,,,,,,,,,
202608060202,2026-08-06,02,02R,4511,中岡 健人,102期,香川,高知,37,B1,,0,0,0.18,4.62,20.6,43.6,6.0,28.5,57.1,0,31,,,0,30,,,7,,,,,,,,,,,,,,,,,,,,,,,,,,,,,,,,,,,,,,,,,,,,,,,,,,,,,,,,,,,,,,,,,,,,,,,4311,岡村 仁,95期,大阪,大阪,42,A1,,1,0,0.15,6.6,51.0,66.6,6.23,41.9,61.2,0,6,,,0,45,,,10,,,,,,,,,,,,,,,,,,,,,,,,,,,,,,,,,,,,,,,,,,,,,,,,,,,,,,,,,,,,,,,,,,,,,,,5246,楠 将太郎,130期,埼玉,埼玉,24,A2,,0,0,0.17,5.54,41.7,53.1,5.44,40.0,52.2,0,28,,,0,29,,,9,,,,,,,,,,,,,,,,,,,,,,,,,,,,,,,,,,,,,,,,,,,,,,,,,,,,,,,,,,,,,,,,,,,,,,,4811,向井田 佑紀,114期,広島,広島,37,B1,,0,0,0.16,4.92,28.4,47.0,3.85,15.3,23.0,0,36,,,0,19,,,11,,,,,,,,,,,,,,,,,,,,,,,,,,,,,,,,,,,,,,,,,,,,,,,,,,,,,,,,,,,,,,,,,,,,,,,3546,中里 昌志,69期,埼玉,埼玉,57,B1,,0,0,0.19,4.48,19.5,42.3,5.24,33.7,48.6,0,23,,,0,51,,,8,,,,,,,,,,,,,,,,,,,,,,,,,,,,,,,,,,,,,,,,,,,,,,,,,,,,,,,,,,,,,,,,,,,,,,,3842,星野 太郎,78期,三重,三重,50,B1,,0,0,0.19,4.76,29.1,44.4,0.0,0.0,0.0,0,24,,,0,17,,,,,,,,,,,,,,,,,,,,,,,,,,,,,,,,,,,,,,,,,,,,,,,,,,,,,,,,,,,,,,,,,,,,,,,,,
202608060203,2026-08-06,02,03R,4405,南野 利騰,99期,福井,石川,41,B1,,0,0,0.16,4.54,21.3,39.3,4.29,14.2,42.8,0,27,,,0,35,,,8,,,,,,,,,,,,,,,,,,,,,,,,,,,,,,,,,,,,,,,,,,,,,,,,,,,,,,,,,,,,,,,,,,,,,,,3891,谷口 健一,80期,福井,福井,50,B1,,0,0,0.18,3.56,15.1,24.2,2.75,0.0,0.0,0,10,,,0,16,,,,,,,,,,,,,,,,,,,,,,,,,,,,,,,,,,,,,,,,,,,,,,,,,,,,,,,,,,,,,,,,,,,,,,,,,,4109,谷津 幸宏,88期,埼玉,埼玉,46,A2,,1,0,0.13,5.48,34.2,54.3,5.81,45.3,54.6,0,44,,,0,14,,,10,,,,,,,,,,,,,,,,,,,,,,,,,,,,,,,,,,,,,,,,,,,,,,,,,,,,,,,,,,,,,,,,,,,,,,,3439,大平 誉史明,65期,大阪,大阪,57,A1,,0,0,0.16,6.01,44.2,61.0,5.25,40.6,46.8,0,16,,,0,40,,,11,,,,,,,,,,,,,,,,,,,,,,,,,,,,,,,,,,,,,,,,,,,,,,,,,,,,,,,,,,,,,,,,,,,,,,,5190,大月 遊雅,128期,東京,茨城,25,B1,,0,0,0.18,3.93,16.0,34.5,4.78,24.4,44.9,0,19,,,0,27,,,9,,,,,,,,,,,,,,,,,,,,,,,,,,,,,,,,,,,,,,,,,,,,,,,,,,,,,,,,,,,,,,,,,,,,,,,4030,森高 一真,85期,香川,香川,48,A1,,0,0,0.14,6.99,39.0,57.2,6.07,14.2,42.8,0,40,,,0,21,,,12,,,,,,,,,,,,,,,,,,,,,,,,,,,,,,,,,,,,,,,,,,,,,,,,,,,,,,,,,,,,,,,,,,,,,,
202608060204,2026-08-06,02,04R,3771,折下 寛法,76期,東京,東京,52,B1,,0,0,0.15,5.57,32.9,56.7,5.52,37.9,44.8,0,9,,,0,46,,,10,,,,,,,,,,,,,,,,,,,,,,,,,,,,,,,,,,,,,,,,,,,,,,,,,,,,,,,,,,,,,,,,,,,,,,,4659,木下 翔太,108期,大阪,大阪,35,A1,,0,0,0.15,7.52,52.6,72.8,7.13,50.0,62.5,0,29,,,0,44,,,12,,,,,,,,,,,,,,,,,,,,,,,,,,,,,,,,,,,,,,,,,,,,,,,,,,,,,,,,,,,,,,,,,,,,,,,3642,大塚 浩二,72期,静岡,静岡,55,B1,,0,0,0.2,4.07,12.1,33.7,4.3,18.5,37.0,0,5,,,0,12,,,,,,,,,,,,,,,,,,,,,,,,,,,,,,,,,,,,,,,,,,,,,,,,,,,,,,,,,,,,,,,,,,,,,,,,,,5044,渡邉 健,122期,東京,東京,27,B1,,0,0,0.14,3.82,17.6,33.8,5.76,37.9,58.6,0,38,,,0,31,,,9,,,,,,,,,,,,,,,,,,,,,,,,,,,,,,,,,,,,,,,,,,,,,,,,,,,,,,,,,,,,,,,,,,,,,,,5100,栗原 一馬,125期,群馬,群馬,29,B1,,1,0,0.17,4.85,29.5,47.8,4.1,28.5,33.3,0,1,,,0,24,,,,,,,,,,,,,,,,,,,,,,,,,,,,,,,,,,,,,,,,,,,,,,,,,,,,,,,,,,,,,,,,,,,,,,,,,,4210,松村 康太,91期,福井,福井,43,A2,,0,0,0.17,5.26,28.3,52.8,5.95,42.1,68.4,0,41,,,0,39,,,11,,,,,,,,,,,,,,,,,,,,,,,,,,,,,,,,,,,,,,,,,,,,,,,,,,,,,,,,,,,,,,,,,,,,,,
202608060205,2026-08-06,02,05R,4111,奥田 誠,88期,広島,広島,46,A2,,0,0,0.16,5.71,40.6,62.5,4.08,15.3,38.4,0,21,,,0,52,,,9,,,,,,,,,,,,,,,,,,,,,,,,,,,,,,,,,,,,,,,,,,,,,,,,,,,,,,,,,,,,,,,,,,,,,,,3478,嶋田 貴支,66期,香川,香川,55,B1,,0,0,0.17,5.28,30.5,53.6,7.0,62.5,75.0,0,30,,,0,22,,,11,,,,,,,,,,,,,,,,,,,,,,,,,,,,,,,,,,,,,,,,,,,,,,,,,,,,,,,,,,,,,,,,,,,,,,,4197,渥美 卓郎,91期,静岡,静岡,44,B1,,0,0,0.19,3.78,16.0,27.5,3.54,8.3,29.1,0,14,,,0,15,,,,,,,,,,,,,,,,,,,,,,,,,,,,,,,,,,,,,,,,,,,,,,,,,,,,,,,,,,,,,,,,,,,,,,,,,,4044,湯川 浩司,85期,大阪,大阪,46,A1,,0,0,0.14,6.8,42.1,60.5,7.59,47.0,58.8,0,33,,,0,49,,,12,,,,,,,,,,,,,,,,,,,,,,,,,,,,,,,,,,,,,,,,,,,,,,,,,,,,,,,,,,,,,,,,,,,,,,,3772,一柳 和孝,76期,埼玉,埼玉,52,B1,,0,0,0.16,4.66,20.0,43.7,5.21,28.0,48.3,0,12,,,0,11,,,,,,,,,,,,,,,,,,,,,,,,,,,,,,,,,,,,,,,,,,,,,,,,,,,,,,,,,,,,,,,,,,,,,,,,,,5185,加藤 優弥,128期,福井,福井,26,B1,,1,0,0.13,4.92,31.5,44.7,5.93,40.0,66.6,0,22,,,0,20,,,,,,,,,,,,,,,,,,,,,,,,,,,,,,,,,,,,,,,,,,,,,,,,,,,,,,,,,,,,,,,,,,,,,,,,,
202608060206,2026-08-06,02,06R,3945,橋口 真樹,82期,愛知,愛知,50,B1,,0,0,0.21,4.59,21.4,41.4,3.21,7.1,14.2,0,2,,,0,13,,,1,,,,,,,,,,,,,,,,,,,,,,,,,,,,,,,,,,,,,,,,,,,,,,,,,,,,,,,,,,,,,,,,,,,,,,,4711,前出 達吉,110期,福井,石川,36,A2,,0,0,0.16,6.12,43.8,67.3,5.0,44.4,44.4,0,13,,,0,32,,,10,,,,,,,,,,,,,,,,,,,,,,,,,,,,,,,,,,,,,,,,,,,,,,,,,,,,,,,,,,,,,,,,,,,,,,,3939,渡辺 真至,81期,愛知,愛知,48,B2,,0,0,0.14,5.65,39.2,56.8,6.39,48.4,66.6,0,34,,,0,50,,,,,,,,,,,,,,,,,,,,,,,,,,,,,,,,,,,,,,,,,,,,,,,,,,,,,,,,,,,,,,,,,,,,,,,,,,4907,小池 修平,117期,大阪,大阪,31,A1,,0,0,0.15,7.39,56.4,72.2,7.15,60.0,80.0,0,43,,,0,53,,,11,,,,,,,,,,,,,,,,,,,,,,,,,,,,,,,,,,,,,,,,,,,,,,,,,,,,,,,,,,,,,,,,,,,,,,,4415,下出 卓矢,99期,福井,石川,39,A1,,0,0,0.14,6.17,49.4,58.5,5.7,30.0,60.0,0,11,,,0,23,,,12,,,,,,,,,,,,,,,,,,,,,,,,,,,,,,,,,,,,,,,,,,,,,,,,,,,,,,,,,,,,,,,,,,,,,,,5466,成田 華音,138期,埼玉,埼玉,19,B2,,0,0,0.0,1.82,3.0,3.0,1.13,0.0,0.0,0,39,,,0,38,,,,,,,,,,,,,,,,,,,,,,,,,,,,,,,,,,,,,,,,,,,,,,,,,,,,,,,,,,,,,,,,,,,,,,,,,
202608060207,2026-08-06,02,07R,4292,麻生 慎介,94期,広島,広島,41,A1,,0,0,0.14,6.43,41.7,66.0,5.9,40.0,55.0,0,3,,,0,47,,,12,,,,,,,,,,,,,,,,,,,,,,,,,,,,,,,,,,,,,,,,,,,,,,,,,,,,,,,,,,,,,,,,,,,,,,,3808,秋田 健太郎,77期,埼玉,埼玉,51,B1,,0,0,0.17,4.16,21.0,31.5,4.53,33.3,36.6,0,18,,,0,18,,,,,,,,,,,,,,,,,,,,,,,,,,,,,,,,,,,,,,,,,,,,,,,,,,,,,,,,,,,,,,,,,,,,,,,,,,4511,中岡 健人,102期,香川,高知,37,B1,,0,0,0.18,4.62,20.6,43.6,6.0,28.5,57.1,0,31,,,0,30,,,2,,,,,,,,,,,,,,,,,,,,,,,,,,,,,,,,,,,,,,,,,,,,,,,,,,,,,,,,,,,,,,,,,,,,,,,3652,森下 勇,72期,群馬,群馬,52,B1,,0,0,0.19,3.83,16.2,28.7,4.19,22.2,36.1,0,7,,,0,25,,,,,,,,,,,,,,,,,,,,,,,,,,,,,,,,,,,,,,,,,,,,,,,,,,,,,,,,,,,,,,,,,,,,,,,,,,5304,井田 涼介,132期,群馬,群馬,23,B2,,1,0,0.21,2.34,5.0,13.5,1.62,7.6,7.6,0,25,,,0,42,,,,,,,,,,,,,,,,,,,,,,,,,,,,,,,,,,,,,,,,,,,,,,,,,,,,,,,,,,,,,,,,,,,,,,,,,,5077,滝沢 崚,124期,埼玉,埼玉,29,B1,,0,0,0.18,3.72,14.7,26.2,3.88,16.4,34.3,0,42,,,0,54,,,1,,,,,,,,,,,,,,,,,,,,,,,,,,,,,,,,,,,,,,,,,,,,,,,,,,,,,,,,,,,,,,,,,,,,,,
202608060208,2026-08-06,02,08R,4274,長畑 友輔,94期,東京,東京,43,B1,,0,0,0.16,4.43,25.0,39.5,3.87,26.6,33.3,0,4,,,0,28,,,1,,,,,,,,,,,,,,,,,,,,,,,,,,,,,,,,,,,,,,,,,,,,,,,,,,,,,,,,,,,,,,,,,,,,,,,3546,中里 昌志,69期,埼玉,埼玉,57,B1,,0,0,0.19,4.48,19.5,42.3,5.24,33.7,48.6,0,23,,,0,51,,,2,,,,,,,,,,,,,,,,,,,,,,,,,,,,,,,,,,,,,,,,,,,,,,,,,,,,,,,,,,,,,,,,,,,,,,,4405,南野 利騰,99期,福井,石川,41,B1,,0,0,0.16,4.54,21.3,39.3,4.29,14.2,42.8,0,27,,,0,35,,,3,,,,,,,,,,,,,,,,,,,,,,,,,,,,,,,,,,,,,,,,,,,,,,,,,,,,,,,,,,,,,,,,,,,,,,,5224,西岡 顕心,129期,香川,香川,25,A1,,0,0,0.15,7.32,50.9,68.6,0.0,0.0,0.0,0,35,,,0,34,,,12,,,,,,,,,,,,,,,,,,,,,,,,,,,,,,,,,,,,,,,,,,,,,,,,,,,,,,,,,,,,,,,,,,,,,,,5419,櫻井 隼,136期,埼玉,埼玉,20,B1,,0,0,0.24,2.06,0.0,7.6,1.72,0.0,0.0,0,37,,,0,33,,,,,,,,,,,,,,,,,,,,,,,,,,,,,,,,,,,,,,,,,,,,,,,,,,,,,,,,,,,,,,,,,,,,,,,,,,5032,谷口 知優,122期,香川,愛媛,28,A2,,0,0,0.16,5.07,32.4,47.3,0.0,0.0,0.0,0,32,,,0,26,,,,,,,,,,,,,,,,,,,,,,,,,,,,,,,,,,,,,,,,,,,,,,,,,,,,,,,,,,,,,,,,,,,,,,,,,
202608060209,2026-08-06,02,09R,5044,渡邉 健,122期,東京,東京,27,B1,,0,0,0.14,3.82,17.6,33.8,5.76,37.9,58.6,0,38,,,0,31,,,4,,,,,,,,,,,,,,,,,,,,,,,,,,,,,,,,,,,,,,,,,,,,,,,,,,,,,,,,,,,,,,,,,,,,,,,5246,楠 将太郎,130期,埼玉,埼玉,24,A2,,0,0,0.17,5.54,41.7,53.1,5.44,40.0,52.2,0,28,,,0,29,,,2,,,,,,,,,,,,,,,,,,,,,,,,,,,,,,,,,,,,,,,,,,,,,,,,,,,,,,,,,,,,,,,,,,,,,,,4111,奥田 誠,88期,広島,広島,46,A2,,0,0,0.16,5.71,40.6,62.5,4.08,15.3,38.4,0,21,,,0,52,,,5,,,,,,,,,,,,,,,,,,,,,,,,,,,,,,,,,,,,,,,,,,,,,,,,,,,,,,,,,,,,,,,,,,,,,,,5190,大月 遊雅,128期,東京,茨城,25,B1,,0,0,0.18,3.93,16.0,34.5,4.78,24.4,44.9,0,19,,,0,27,,,3,,,,,,,,,,,,,,,,,,,,,,,,,,,,,,,,,,,,,,,,,,,,,,,,,,,,,,,,,,,,,,,,,,,,,,,4739,中村 晃朋,111期,香川,香川,34,A1,,0,0,0.15,6.71,56.3,69.9,5.0,12.5,37.5,0,8,,,0,37,,,,,,,,,,,,,,,,,,,,,,,,,,,,,,,,,,,,,,,,,,,,,,,,,,,,,,,,,,,,,,,,,,,,,,,,,,4416,三宅 健太,99期,広島,広島,39,B1,,0,0,0.17,5.46,38.8,49.4,5.57,42.8,57.1,0,20,,,0,36,,,1,,,,,,,,,,,,,,,,,,,,,,,,,,,,,,,,,,,,,,,,,,,,,,,,,,,,,,,,,,,,,,,,,,,,,,
202608060210,2026-08-06,02,10R,4109,谷津 幸宏,88期,埼玉,埼玉,46,A2,,1,0,0.13,5.48,34.2,54.3,5.81,45.3,54.6,0,44,,,0,14,,,3,,,,,,,,,,,,,,,,,,,,,,,,,,,,,,,,,,,,,,,,,,,,,,,,,,,,,,,,,,,,,,,,,,,,,,,5036,福田 翔吾,122期,大阪,大阪,28,B1,,0,0,0.18,5.0,28.5,50.0,6.0,45.4,63.6,0,15,,,0,43,,,1,,,,,,,,,,,,,,,,,,,,,,,,,,,,,,,,,,,,,,,,,,,,,,,,,,,,,,,,,,,,,,,,,,,,,,,3771,折下 寛法,76期,東京,東京,52,B1,,0,0,0.15,5.57,32.9,56.7,5.52,37.9,44.8,0,9,,,0,46,,,4,,,,,,,,,,,,,,,,,,,,,,,,,,,,,,,,,,,,,,,,,,,,,,,,,,,,,,,,,,,,,,,,,,,,,,,3605,中村 守成,71期,三重,三重,54,B1,,0,0,0.19,4.15,18.7,32.5,4.31,7.6,46.1,0,26,,,0,41,,,,,,,,,,,,,,,,,,,,,,,,,,,,,,,,,,,,,,,,,,,,,,,,,,,,,,,,,,,,,,,,,,,,,,,,,,4311,岡村 仁,95期,大阪,大阪,42,A1,,1,0,0.15,6.6,51.0,66.6,6.23,41.9,61.2,0,6,,,0,45,,,2,,,,,,,,,,,,,,,,,,,,,,,,,,,,,,,,,,,,,,,,,,,,,,,,,,,,,,,,,,,,,,,,,,,,,,,4711,前出 達吉,110期,福井,石川,36,A2,,0,0,0.16,6.12,43.8,67.3,5.0,44.4,44.4,0,13,,,0,32,,,6,,,,,,,,,,,,,,,,,,,,,,,,,,,,,,,,,,,,,,,,,,,,,,,,,,,,,,,,,,,,,,,,,,,,,,
202608060211,2026-08-06,02,11R,3439,大平 誉史明,65期,大阪,大阪,57,A1,,0,0,0.16,6.01,44.2,61.0,5.25,40.6,46.8,0,16,,,0,40,,,3,,,,,,,,,,,,,,,,,,,,,,,,,,,,,,,,,,,,,,,,,,,,,,,,,,,,,,,,,,,,,,,,,,,,,,,4210,松村 康太,91期,福井,福井,43,A2,,0,0,0.17,5.26,28.3,52.8,5.95,42.1,68.4,0,41,,,0,39,,,4,,,,,,,,,,,,,,,,,,,,,,,,,,,,,,,,,,,,,,,,,,,,,,,,,,,,,,,,,,,,,,,,,,,,,,,3478,嶋田 貴支,66期,香川,香川,55,B1,,0,0,0.17,5.28,30.5,53.6,7.0,62.5,75.0,0,30,,,0,22,,,5,,,,,,,,,,,,,,,,,,,,,,,,,,,,,,,,,,,,,,,,,,,,,,,,,,,,,,,,,,,,,,,,,,,,,,,5167,小川 竜太朗,127期,埼玉,埼玉,26,B1,,0,0,0.16,5.35,33.3,51.2,4.73,21.4,40.4,0,17,,,0,48,,,1,,,,,,,,,,,,,,,,,,,,,,,,,,,,,,,,,,,,,,,,,,,,,,,,,,,,,,,,,,,,,,,,,,,,,,,4907,小池 修平,117期,大阪,大阪,31,A1,,0,0,0.15,7.39,56.4,72.2,7.15,60.0,80.0,0,43,,,0,53,,,6,,,,,,,,,,,,,,,,,,,,,,,,,,,,,,,,,,,,,,,,,,,,,,,,,,,,,,,,,,,,,,,,,,,,,,,4811,向井田 佑紀,114期,広島,広島,37,B1,,0,0,0.16,4.92,28.4,47.0,3.85,15.3,23.0,0,36,,,0,19,,,2,,,,,,,,,,,,,,,,,,,,,,,,,,,,,,,,,,,,,,,,,,,,,,,,,,,,,,,,,,,,,,,,,,,,,,
202608060212,2026-08-06,02,12R,4044,湯川 浩司,85期,大阪,大阪,46,A1,,0,0,0.14,6.8,42.1,60.5,7.59,47.0,58.8,0,33,,,0,49,,,5,,,,,,,,,,,,,,,,,,,,,,,,,,,,,,,,,,,,,,,,,,,,,,,,,,,,,,,,,,,,,,,,,,,,,,,4415,下出 卓矢,99期,福井,石川,39,A1,,0,0,0.14,6.17,49.4,58.5,5.7,30.0,60.0,0,11,,,0,23,,,6,,,,,,,,,,,,,,,,,,,,,,,,,,,,,,,,,,,,,,,,,,,,,,,,,,,,,,,,,,,,,,,,,,,,,,,4030,森高 一真,85期,香川,香川,48,A1,,0,0,0.14,6.99,39.0,57.2,6.07,14.2,42.8,0,40,,,0,21,,,3,,,,,,,,,,,,,,,,,,,,,,,,,,,,,,,,,,,,,,,,,,,,,,,,,,,,,,,,,,,,,,,,,,,,,,,4292,麻生 慎介,94期,広島,広島,41,A1,,0,0,0.14,6.43,41.7,66.0,5.9,40.0,55.0,0,3,,,0,47,,,7,,,,,,,,,,,,,,,,,,,,,,,,,,,,,,,,,,,,,,,,,,,,,,,,,,,,,,,,,,,,,,,,,,,,,,,4659,木下 翔太,108期,大阪,大阪,35,A1,,0,0,0.15,7.52,52.6,72.8,7.13,50.0,62.5,0,29,,,0,44,,,4,,,,,,,,,,,,,,,,,,,,,,,,,,,,,,,,,,,,,,,,,,,,,,,,,,,,,,,,,,,,,,,,,,,,,,,5224,西岡 顕心,129期,香川,香川,25,A1,,0,0,0.15,7.32,50.9,68.6,0.0,0.0,0.0,0,35,,,0,34,,,8,,,,,,,,,,,,,,,,,,,,,,,,,,,,,,,,,,,,,,,,,,,,,,,,,,,,,,,,,,,,,,,,,,,,,,
202608060401,2026-08-06,04,01R,3907,村越 篤,80期,香川,愛媛,48,B1,,0,0,0.16,5.25,34.3,52.5,0.0,0.0,0.0,0,16,29.6,40.7,0,24,42.3,57.6,9,,,,,,9,6,6,0.12,6,2,5,4,0.02,1,12,3,3,0.23,4,4,2,2,0.15,2,,,,,,,,,,,,,,,,,,,,,,,,,,,,,,,,,,,,,,,,,,,,,,4631,新井 英孝,107期,大阪,大阪,39,B1,,0,0,0.16,5.21,36.1,52.7,4.88,25.0,50.0,0,55,34.2,51.4,0,56,23.0,34.6,7,3,1,1,0.09,5,8,3,3,0.15,3,5,5,5,0.2,6,,,,,,3,4,4,0.23,6,,,,,,,,,,,,,,,,,,,,,,,,,,,,,,,,,,,,,,,,,,,,,,4911,片岡 大地,117期,東京,千葉,30,A2,,1,0,0.14,4.92,25.3,54.4,4.39,23.7,37.2,0,47,38.7,54.8,0,37,33.3,42.4,6,,,,,,8,1,1,0.12,5,1,4,4,0.17,2,11,5,5,0.21,5,,,,,,9,2,2,0.05,5,,,,,,,,,,,,,,,,,,,,,,,,,,,,,,,,,,,,,,,,,4669,井上 茂,109期,福岡,福岡,41,B1,,0,0,0.16,4.73,23.9,45.6,5.29,28.5,42.8,0,71,25.0,40.6,0,35,50.0,59.3,11,6,6,6,0.17,4,,,,,,4,3,3,0.18,4,9,1,1,0.02,1,6,2,2,0.12,5,,,,,,,,,,,,,,,,,,,,,,,,,,,,,,,,,,,,,,,,,,,,,,4978,山田 和佐,120期,広島,島根,32,B1,,0,0,0.17,4.79,27.4,39.5,2.88,12.5,12.5,0,28,23.0,38.4,0,34,24.0,40.0,12,6,1,1,0.13,3,,,,,,7,2,2,0.2,3,12,6,6,0.21,6,,,,,,7,3,3,0.18,3,,,,,,,,,,,,,,,,,,,,,,,,,,,,,,,,,,,,,,,,,4863,三浦 裕貴,116期,東京,北海道,37,B1,,1,0,0.16,4.7,22.9,44.2,4.44,23.2,39.5,0,64,40.9,59.0,0,55,45.7,71.4,8,1,5,5,0.25,6,,,,,,1,1,1,0.21,5,9,4,4,0.13,3,,,,,,8,3,3,0.36,6,,,,,,,,,,,,,,,,,,,,,,,,,,,,,,,,,,,,,,,,
202608060402,2026-08-06,04,02R,3590,濱野谷 憲吾,70期,東京,東京,52,A1,,0,0,0.14,7.03,46.8,64.5,7.0,53.0,67.3,0,33,43.3,66.6,0,62,25.0,58.3,11,7,3,3,0.1,4,12,1,1,0.11,4,,,,,,7,6,6,0.15,5,1,5,5,0.04,1,10,2,2,0.23,1,,,,,,,,,,,,,,,,,,,,,,,,,,,,,,,,,,,,,,,,,3664,鈴木 賢一,73期,埼玉,埼玉,56,B1,,0,0,0.17,4.77,32.8,48.5,4.36,28.0,40.0,0,27,41.6,50.0,0,59,28.1,31.2,9,1,1,1,0.17,5,6,5,5,0.16,6,5,4,4,0.24,5,,,,,,6,3,3,0.11,4,,,,,,,,,,,,,,,,,,,,,,,,,,,,,,,,,,,,,,,,,,,,,,4684,楠原 翔太,109期,福岡,福岡,35,B1,,0,0,0.17,5.16,28.7,50.0,4.33,19.0,28.5,0,65,28.5,48.5,0,22,25.9,48.1,,2,2,2,0.09,4,8,6,5,0.09,2,4,6,6,0.2,5,,,,,,5,1,1,0.05,2,12,4,4,0.09,4,,,,,,,,,,,,,,,,,,,,,,,,,,,,,,,,,,,,,,,,,3268,森 竜也,59期,三重,三重,61,B1,,0,0,0.17,4.46,28.1,36.4,4.6,20.0,30.0,0,41,44.0,52.0,0,32,35.4,48.3,7,,,,,,8,2,6,0.15,6,2,4,5,0.11,4,8,3,3,0.22,4,,,,,,7,1,1,0.13,2,,,,,,,,,,,,,,,,,,,,,,,,,,,,,,,,,,,,,,,,,4114,深澤 達徳,88期,東京,山梨,45,B1,,0,0,0.19,4.8,25.3,45.7,5.65,35.1,59.2,0,14,39.3,57.5,0,23,44.4,59.2,10,4,3,3,0.12,5,,,,,,2,2,2,0.11,2,7,1,1,0.19,1,2,6,6,0.12,3,,,,,,,,,,,,,,,,,,,,,,,,,,,,,,,,,,,,,,,,,,,,,,4329,小松 卓司,96期,福岡,福岡,43,B1,,0,0,0.18,4.84,24.7,48.3,5.03,28.5,51.4,0,51,30.0,43.3,0,68,39.3,57.5,,4,1,1,0.12,2,,,,,,3,4,4,0.05,2,11,3,3,0.12,4,1,2,2,0.18,6,8,5,5,0.22,4,,,,,,,,,,,,,,,,,,,,,,,,,,,,,,,,,,,,,,,,
202608060403,2026-08-06,04,03R,4177,萬 正嗣,90期,群馬,宮城,43,B1,,0,0,0.17,4.37,26.5,37.9,5.24,30.3,51.5,0,67,25.0,46.8,0,25,65.3,69.2,12,2,4,4,0.1,6,,,,,,1,5,5,0.1,3,8,2,2,0.12,5,,,,,,8,6,6,0.32,5,,,,,,,,,,,,,,,,,,,,,,,,,,,,,,,,,,,,,,,,,4128,川口 貴久,89期,東京,東京,46,B1,,1,0,0.14,5.34,33.8,48.5,3.38,19.2,26.9,0,15,28.1,43.7,0,44,37.5,50.0,,2,5,5,0.14,3,9,4,4,0.08,5,3,1,1,0.08,3,,,,,,4,3,3,0.04,1,12,6,6,0.11,6,,,,,,,,,,,,,,,,,,,,,,,,,,,,,,,,,,,,,,,,,4215,吉島 祥之,91期,愛知,愛知,41,A2,,0,0,0.16,5.3,32.9,50.5,5.56,33.3,55.5,0,23,45.4,75.7,0,21,16.0,44.0,8,,,,,,10,2,2,0.05,1,3,3,3,0.07,1,12,5,5,0.14,5,6,4,4,0.1,6,10,6,6,0.17,3,,,,,,,,,,,,,,,,,,,,,,,,,,,,,,,,,,,,,,,,,4930,佐藤 悠,118期,福井,石川,30,A2,,0,0,0.16,6.05,40.2,61.9,4.44,22.2,55.5,0,18,40.6,62.5,0,67,31.2,46.8,9,,,,,,7,5,6,0.06,5,4,5,5,0.29,3,12,2,2,0.2,2,,,,,,11,3,3,0.18,2,,,,,,,,,,,,,,,,,,,,,,,,,,,,,,,,,,,,,,,,,4821,妻鳥 晋也,114期,香川,愛媛,34,B1,,0,0,0.19,5.25,34.4,54.0,4.82,27.2,36.3,0,31,34.3,46.8,0,27,23.0,38.4,10,4,4,4,0.13,4,11,2,2,0.22,6,4,1,1,0.24,6,,,,,,1,3,3,0.18,4,,,,,,,,,,,,,,,,,,,,,,,,,,,,,,,,,,,,,,,,,,,,,,4085,荻野 裕介,87期,東京,東京,46,B1,,0,0,0.2,5.35,36.7,53.1,4.87,25.6,51.2,0,72,28.5,42.8,0,46,35.4,45.1,11,5,3,3,0.12,2,,,,,,5,1,1,0.24,4,,,,,,2,4,4,0.16,5,10,5,5,0.19,5,,,,,,,,,,,,,,,,,,,,,,,,,,,,,,,,,,,,,,,,
202608060404,2026-08-06,04,04R,3434,松尾 宣邦,65期,福岡,福岡,57,B1,,0,0,0.18,4.25,21.9,37.3,4.79,28.5,28.5,0,52,33.3,40.0,0,26,26.9,42.3,8,,,,,,10,6,6,0.16,3,1,2,2,0.22,6,6,5,4,0.1,5,3,3,3,0.09,2,,,,,,,,,,,,,,,,,,,,,,,,,,,,,,,,,,,,,,,,,,,,,,3912,川原 正明,81期,福井,石川,52,B1,,0,0,0.15,5.94,43.2,56.7,5.9,40.0,50.0,0,37,29.4,50.0,0,51,41.6,52.7,,2,3,3,0.09,2,11,5,5,0.06,4,6,1,1,0.01,1,,,,,,1,4,4,0.07,2,7,6,6,0.14,5,,,,,,,,,,,,,,,,,,,,,,,,,,,,,,,,,,,,,,,,,4073,大橋 純一郎,86期,静岡,静岡,45,A1,,0,0,0.15,6.56,53.2,66.3,5.86,44.1,65.1,0,48,24.2,36.3,0,43,38.2,67.6,9,4,5,5,0.12,6,10,1,1,0.04,6,,,,,,7,3,3,0.15,2,4,4,4,0.14,3,9,6,6,0.17,3,,,,,,,,,,,,,,,,,,,,,,,,,,,,,,,,,,,,,,,,,4188,久田 敏之,91期,群馬,群馬,45,A1,,0,0,0.12,7.88,64.8,78.7,7.08,60.0,76.0,0,50,57.5,78.7,0,60,45.4,57.5,12,4,6,6,0.09,3,12,2,2,0.07,1,,,,,,8,4,4,0.07,1,5,5,5,0.11,4,9,3,3,0.04,1,,,,,,,,,,,,,,,,,,,,,,,,,,,,,,,,,,,,,,,,,3898,平田 忠則,80期,福岡,福岡,49,A1,,0,0,0.17,7.15,56.2,75.8,6.61,50.0,67.8,0,25,29.4,61.7,0,41,23.0,46.1,11,3,5,5,0.18,1,11,1,1,0.12,1,5,6,6,0.21,1,12,4,4,0.18,3,5,2,2,0.07,1,,,,,,,,,,,,,,,,,,,,,,,,,,,,,,,,,,,,,,,,,,,,,,4539,金子 賢志,103期,群馬,群馬,35,A1,,0,0,0.13,6.55,44.4,60.1,6.33,33.3,50.0,0,74,33.3,50.0,0,53,46.8,62.5,10,,,,,,9,2,2,0.18,4,6,6,5,0.07,3,11,4,4,0.14,2,2,1,1,0.11,1,12,3,3,0.05,3,,,,,,,,,,,,,,,,,,,,,,,,,,,,,,,,,,,,,,,,
202608060405,2026-08-06,04,05R,5076,石原 光,124期,静岡,静岡,30,B1,,0,0,0.17,4.97,33.3,46.6,4.77,27.2,40.9,0,29,51.4,57.1,0,31,7.1,17.8,,5,4,4,0.06,4,,,,,,3,2,2,0.1,6,8,5,5,0.14,2,5,3,3,0.04,5,11,6,6,0.23,5,,,,,,,,,,,,,,,,,,,,,,,,,,,,,,,,,,,,,,,,,4471,新田 泰章,101期,広島,広島,39,A1,,0,0,0.15,6.18,43.5,59.6,6.14,42.8,66.6,0,21,38.2,67.6,0,52,51.5,63.6,12,1,6,6,0.26,3,10,3,3,0.06,4,4,2,2,0.15,1,,,,,,4,5,5,0.18,5,11,1,1,0.19,1,,,,,,,,,,,,,,,,,,,,,,,,,,,,,,,,,,,,,,,,,4710,福田 宗平,110期,大阪,大阪,36,A2,,0,0,0.14,5.57,35.8,55.6,6.15,34.6,65.3,0,40,55.8,67.6,0,50,21.8,40.6,10,6,3,3,0.14,2,11,4,4,0.09,3,,,,,,8,1,1,0.13,3,1,6,6,0.06,3,12,2,2,0.03,2,,,,,,,,,,,,,,,,,,,,,,,,,,,,,,,,,,,,,,,,,4156,浜野 孝志,90期,三重,三重,45,A2,,0,0,0.17,5.35,29.2,51.6,5.38,37.5,50.0,0,26,34.4,55.1,0,20,39.2,60.7,11,4,2,2,0.1,1,9,3,3,0.14,3,,,,,,10,6,6,0.17,5,6,1,1,0.08,1,12,5,5,0.07,5,,,,,,,,,,,,,,,,,,,,,,,,,,,,,,,,,,,,,,,,,4314,青木 幸太郎,95期,福岡,福岡,42,A2,,0,0,0.16,5.84,40.2,59.7,5.17,33.3,41.6,0,46,50.0,55.0,0,45,46.8,50.0,9,,,,,,7,1,1,0.11,3,5,3,3,0.22,3,11,2,2,0.12,3,3,6,6,0.07,5,9,4,4,0.05,2,,,,,,,,,,,,,,,,,,,,,,,,,,,,,,,,,,,,,,,,,4898,菊地 敬介,117期,埼玉,埼玉,34,B1,賞除,1,0,0.16,4.8,29.5,45.9,5.18,35.7,46.4,0,11,41.0,58.9,0,58,18.1,33.3,,,,,,,7,6,4,0.01,6,2,6,6,0.07,F,10,2,2,0.13,4,5,6,6,0.18,6,,,,,,,,,,,,,,,,,,,,,,,,,,,,,,,,,,,,,,,,,,,,,
202608060406,2026-08-06,04,06R,4216,星 栄爾,91期,静岡,福島,41,B1,,0,0,0.15,4.67,23.8,50.0,5.83,41.6,63.8,0,60,56.2,68.7,0,36,28.5,47.6,,3,6,6,0.16,4,,,,,,1,3,3,0.12,1,10,4,4,0.12,2,2,2,2,0.14,2,6,5,5,0.13,3,,,,,,,,,,,,,,,,,,,,,,,,,,,,,,,,,,,,,,,,,4067,永井 源,86期,愛知,福岡,46,A2,,0,0,0.17,6.41,47.9,68.2,6.76,47.6,71.4,0,12,64.2,80.9,0,38,52.9,58.8,11,6,4,4,0.13,5,,,,,,3,5,5,0.07,4,10,3,3,0.16,6,,,,,,8,1,1,0.25,2,,,,,,,,,,,,,,,,,,,,,,,,,,,,,,,,,,,,,,,,,4532,秋元 哲,103期,埼玉,栃木,37,A1,,1,0,0.13,7.05,53.3,69.3,6.45,36.3,72.7,0,38,43.7,56.2,0,33,37.9,55.1,10,,,,,,8,5,4,0.14,4,3,6,6,0.11,5,9,2,2,0.08,2,3,5,5,0.13,4,10,3,3,0.12,6,,,,,,,,,,,,,,,,,,,,,,,,,,,,,,,,,,,,,,,,,4639,雑賀 勇貴,107期,大阪,大阪,35,B1,,0,0,0.16,4.37,23.8,39.2,5.35,35.0,55.0,0,19,41.6,58.3,0,61,35.2,55.8,,5,1,1,0.14,1,,,,,,2,3,3,0.14,3,11,6,6,0.27,6,2,5,5,0.11,6,8,2,2,0.32,3,,,,,,,,,,,,,,,,,,,,,,,,,,,,,,,,,,,,,,,,,4483,北野 輝季,101期,愛知,愛知,37,A1,,0,0,0.15,6.68,52.3,65.4,6.8,53.3,73.3,0,36,42.8,64.2,0,54,25.0,40.6,12,5,6,6,0.1,3,11,3,3,0.16,2,,,,,,10,1,1,0.15,1,3,2,2,0.07,3,7,4,4,0.13,6,,,,,,,,,,,,,,,,,,,,,,,,,,,,,,,,,,,,,,,,,4911,片岡 大地,117期,東京,千葉,30,A2,,1,0,0.14,4.92,25.3,54.4,4.39,23.7,37.2,0,47,38.7,54.8,0,37,33.3,42.4,1,,,,,,8,1,1,0.12,5,1,4,4,0.17,2,11,5,5,0.21,5,,,,,,9,2,2,0.05,5,,,,,,,,,,,,,,,,,,,,,,,,,,,,,,,,,,,,,,,,
202608060407,2026-08-06,04,07R,3226,浦田 信義,57期,東京,東京,60,B1,,0,0,0.19,4.31,17.5,39.1,4.9,28.2,48.7,0,73,39.3,51.5,0,30,37.0,59.2,,3,2,2,0.17,6,10,4,4,0.09,2,,,,,,8,6,6,0.15,6,1,1,1,0.27,5,9,5,5,0.12,6,,,,,,,,,,,,,,,,,,,,,,,,,,,,,,,,,,,,,,,,,3268,森 竜也,59期,三重,三重,61,B1,,0,0,0.17,4.46,28.1,36.4,4.6,20.0,30.0,0,41,44.0,52.0,0,32,35.4,48.3,2,,,,,,8,2,6,0.15,6,2,4,5,0.11,4,8,3,3,0.22,4,,,,,,7,1,1,0.13,2,,,,,,,,,,,,,,,,,,,,,,,,,,,,,,,,,,,,,,,,,4269,杉山 裕也,93期,愛知,愛知,40,A2,,0,0,0.15,6.91,55.2,67.7,7.67,66.6,80.0,0,49,26.9,38.4,0,28,35.7,57.1,12,3,3,3,0.13,3,9,5,5,0.07,1,6,2,2,0.06,2,,,,,,5,4,4,0.15,3,10,1,1,0.16,2,,,,,,,,,,,,,,,,,,,,,,,,,,,,,,,,,,,,,,,,,3161,古場 輝義,55期,大阪,長崎,66,B1,,0,0,0.19,5.03,30.9,50.7,4.65,29.4,47.0,0,17,38.2,47.0,0,39,41.1,64.7,,1,2,2,0.17,4,7,4,5,0.08,1,6,3,6,0.09,6,,,,,,2,3,3,0.15,4,9,1,1,0.08,4,,,,,,,,,,,,,,,,,,,,,,,,,,,,,,,,,,,,,,,,,4939,宮之原 輝紀,118期,東京,東京,28,A1,,0,0,0.14,7.36,56.6,66.6,7.05,56.5,72.3,0,43,40.0,57.1,0,40,13.3,33.3,,6,2,2,0.13,1,12,6,6,0.01,5,4,4,4,0.31,2,11,1,1,0.11,1,7,5,5,0.17,1,12,1,1,0.04,1,,,,,,,,,,,,,,,,,,,,,,,,,,,,,,,,,,,,,,,,,4631,新井 英孝,107期,大阪,大阪,39,B1,,0,0,0.16,5.21,36.1,52.7,4.88,25.0,50.0,0,55,34.2,51.4,0,56,23.0,34.6,1,3,1,1,0.09,5,8,3,3,0.15,3,5,5,5,0.2,6,,,,,,3,4,4,0.23,6,,,,,,,,,,,,,,,,,,,,,,,,,,,,,,,,,,,,,,,,,,,,,
202608060408,2026-08-06,04,08R,4215,吉島 祥之,91期,愛知,愛知,41,A2,,0,0,0.16,5.3,32.9,50.5,5.56,33.3,55.5,0,23,45.4,75.7,0,21,16.0,44.0,3,,,,,,10,2,2,0.05,1,3,3,3,0.07,1,12,5,5,0.14,5,6,4,4,0.1,6,10,6,6,0.17,3,,,,,,,,,,,,,,,,,,,,,,,,,,,,,,,,,,,,,,,,,4863,三浦 裕貴,116期,東京,北海道,37,B1,,1,0,0.16,4.7,22.9,44.2,4.44,23.2,39.5,0,64,40.9,59.0,0,55,45.7,71.4,1,1,5,5,0.25,6,,,,,,1,1,1,0.21,5,9,4,4,0.13,3,,,,,,8,3,3,0.36,6,,,,,,,,,,,,,,,,,,,,,,,,,,,,,,,,,,,,,,,,,4583,古田 祐貴,105期,香川,香川,36,B1,,0,0,0.15,5.46,35.1,53.1,5.0,40.0,60.0,0,62,47.6,61.9,0,64,20.0,30.0,,2,6,6,0.19,5,7,2,2,0.12,2,,,,,,9,5,5,0.19,4,3,1,1,0.04,1,11,4,4,0.2,6,,,,,,,,,,,,,,,,,,,,,,,,,,,,,,,,,,,,,,,,,4504,前田 将太,102期,福岡,福岡,38,A1,,0,0,0.15,6.77,48.1,66.9,7.32,54.0,64.8,0,13,24.1,44.8,0,63,36.3,42.4,,5,5,5,0.06,6,12,4,4,0.02,3,6,4,3,0.09,4,12,1,1,0.15,1,6,6,6,0.13,2,11,2,2,0.19,3,,,,,,,,,,,,,,,,,,,,,,,,,,,,,,,,,,,,,,,,,3434,松尾 宣邦,65期,福岡,福岡,57,B1,,0,0,0.18,4.25,21.9,37.3,4.79,28.5,28.5,0,52,33.3,40.0,0,26,26.9,42.3,4,,,,,,10,6,6,0.16,3,1,2,2,0.22,6,6,5,4,0.1,5,3,3,3,0.09,2,,,,,,,,,,,,,,,,,,,,,,,,,,,,,,,,,,,,,,,,,,,,,,4113,木村 浩士,88期,群馬,群馬,46,B1,,0,0,0.18,4.57,24.6,41.9,4.95,34.2,39.4,0,58,45.7,65.7,0,66,12.9,25.8,,1,3,3,0.18,1,8,4,2,0.12,1,,,,,,7,5,5,0.19,4,4,1,1,0.09,6,10,4,4,0.15,4,,,,,,,,,,,,,,,,,,,,,,,,,,,,,,,,,,,,,,,,
202608060409,2026-08-06,04,09R,4930,佐藤 悠,118期,福井,石川,30,A2,,0,0,0.16,6.05,40.2,61.9,4.44,22.2,55.5,0,18,40.6,62.5,0,67,31.2,46.8,3,,,,,,7,5,6,0.06,5,4,5,5,0.29,3,12,2,2,0.2,2,,,,,,11,3,3,0.18,2,,,,,,,,,,,,,,,,,,,,,,,,,,,,,,,,,,,,,,,,,4073,大橋 純一郎,86期,静岡,静岡,45,A1,,0,0,0.15,6.56,53.2,66.3,5.86,44.1,65.1,0,48,24.2,36.3,0,43,38.2,67.6,4,4,5,5,0.12,6,10,1,1,0.04,6,,,,,,7,3,3,0.15,2,4,4,4,0.14,3,9,6,6,0.17,3,,,,,,,,,,,,,,,,,,,,,,,,,,,,,,,,,,,,,,,,,4549,小林 文彦,104期,福岡,福岡,37,A2,,0,0,0.19,6.45,48.1,67.4,5.58,41.6,50.0,0,30,48.7,68.2,0,49,15.6,31.2,,,,,,,9,1,1,0.14,2,1,6,6,0.16,4,7,4,4,0.2,6,7,2,2,0.15,4,11,5,5,0.18,4,,,,,,,,,,,,,,,,,,,,,,,,,,,,,,,,,,,,,,,,,4314,青木 幸太郎,95期,福岡,福岡,42,A2,,0,0,0.16,5.84,40.2,59.7,5.17,33.3,41.6,0,46,50.0,55.0,0,45,46.8,50.0,5,,,,,,7,1,1,0.11,3,5,3,3,0.22,3,11,2,2,0.12,3,3,6,6,0.07,5,9,4,4,0.05,2,,,,,,,,,,,,,,,,,,,,,,,,,,,,,,,,,,,,,,,,,3907,村越 篤,80期,香川,愛媛,48,B1,,0,0,0.16,5.25,34.3,52.5,0.0,0.0,0.0,0,16,29.6,40.7,0,24,42.3,57.6,1,,,,,,9,6,6,0.12,6,2,5,4,0.02,1,12,3,3,0.23,4,4,2,2,0.15,2,,,,,,,,,,,,,,,,,,,,,,,,,,,,,,,,,,,,,,,,,,,,,,3664,鈴木 賢一,73期,埼玉,埼玉,56,B1,,0,0,0.17,4.77,32.8,48.5,4.36,28.0,40.0,0,27,41.6,50.0,0,59,28.1,31.2,2,1,1,1,0.17,5,6,5,5,0.16,6,5,4,4,0.24,5,,,,,,6,3,3,0.11,4,,,,,,,,,,,,,,,,,,,,,,,,,,,,,,,,,,,,,,,,,,,,,
202608060410,2026-08-06,04,10R,4532,秋元 哲,103期,埼玉,栃木,37,A1,,1,0,0.13,7.05,53.3,69.3,6.45,36.3,72.7,0,38,43.7,56.2,0,33,37.9,55.1,6,,,,,,8,5,4,0.14,4,3,6,6,0.11,5,9,2,2,0.08,2,3,5,5,0.13,4,10,3,3,0.12,6,,,,,,,,,,,,,,,,,,,,,,,,,,,,,,,,,,,,,,,,,4397,西村 拓也,98期,大阪,大阪,39,A1,,0,0,0.13,7.39,59.6,78.9,6.3,46.6,63.3,0,68,34.2,60.5,0,57,50.0,62.5,,2,1,1,0.08,1,12,3,3,0.01,2,5,2,2,0.23,2,10,5,5,0.17,3,4,6,6,0.17,4,8,4,4,0.21,1,,,,,,,,,,,,,,,,,,,,,,,,,,,,,,,,,,,,,,,,,4539,金子 賢志,103期,群馬,群馬,35,A1,,0,0,0.13,6.55,44.4,60.1,6.33,33.3,50.0,0,74,33.3,50.0,0,53,46.8,62.5,4,,,,,,9,2,2,0.18,4,6,6,5,0.07,3,11,4,4,0.14,2,2,1,1,0.11,1,12,3,3,0.05,3,,,,,,,,,,,,,,,,,,,,,,,,,,,,,,,,,,,,,,,,,4114,深澤 達徳,88期,東京,山梨,45,B1,,0,0,0.19,4.8,25.3,45.7,5.65,35.1,59.2,0,14,39.3,57.5,0,23,44.4,59.2,2,4,3,3,0.12,5,,,,,,2,2,2,0.11,2,7,1,1,0.19,1,2,6,6,0.12,3,,,,,,,,,,,,,,,,,,,,,,,,,,,,,,,,,,,,,,,,,,,,,,4710,福田 宗平,110期,大阪,大阪,36,A2,,0,0,0.14,5.57,35.8,55.6,6.15,34.6,65.3,0,40,55.8,67.6,0,50,21.8,40.6,5,6,3,3,0.14,2,11,4,4,0.09,3,,,,,,8,1,1,0.13,3,1,6,6,0.06,3,12,2,2,0.03,2,,,,,,,,,,,,,,,,,,,,,,,,,,,,,,,,,,,,,,,,,4821,妻鳥 晋也,114期,香川,愛媛,34,B1,,0,0,0.19,5.25,34.4,54.0,4.82,27.2,36.3,0,31,34.3,46.8,0,27,23.0,38.4,3,4,4,4,0.13,4,11,2,2,0.22,6,4,1,1,0.24,6,,,,,,1,3,3,0.18,4,,,,,,,,,,,,,,,,,,,,,,,,,,,,,,,,,,,,,,,,,,,,,
202608060411,2026-08-06,04,11R,3898,平田 忠則,80期,福岡,福岡,49,A1,,0,0,0.17,7.15,56.2,75.8,6.61,50.0,67.8,0,25,29.4,61.7,0,41,23.0,46.1,4,3,5,5,0.18,1,11,1,1,0.12,1,5,6,6,0.21,1,12,4,4,0.18,3,5,2,2,0.07,1,,,,,,,,,,,,,,,,,,,,,,,,,,,,,,,,,,,,,,,,,,,,,,4085,荻野 裕介,87期,東京,東京,46,B1,,0,0,0.2,5.35,36.7,53.1,4.87,25.6,51.2,0,72,28.5,42.8,0,46,35.4,45.1,3,5,3,3,0.12,2,,,,,,5,1,1,0.24,4,,,,,,2,4,4,0.16,5,10,5,5,0.19,5,,,,,,,,,,,,,,,,,,,,,,,,,,,,,,,,,,,,,,,,,4156,浜野 孝志,90期,三重,三重,45,A2,,0,0,0.17,5.35,29.2,51.6,5.38,37.5,50.0,0,26,34.4,55.1,0,20,39.2,60.7,5,4,2,2,0.1,1,9,3,3,0.14,3,,,,,,10,6,6,0.17,5,6,1,1,0.08,1,12,5,5,0.07,5,,,,,,,,,,,,,,,,,,,,,,,,,,,,,,,,,,,,,,,,,3590,濱野谷 憲吾,70期,東京,東京,52,A1,,0,0,0.14,7.03,46.8,64.5,7.0,53.0,67.3,0,33,43.3,66.6,0,62,25.0,58.3,2,7,3,3,0.1,4,12,1,1,0.11,4,,,,,,7,6,6,0.15,5,1,5,5,0.04,1,10,2,2,0.23,1,,,,,,,,,,,,,,,,,,,,,,,,,,,,,,,,,,,,,,,,,4669,井上 茂,109期,福岡,福岡,41,B1,,0,0,0.16,4.73,23.9,45.6,5.29,28.5,42.8,0,71,25.0,40.6,0,35,50.0,59.3,1,6,6,6,0.17,4,,,,,,4,3,3,0.18,4,9,1,1,0.02,1,6,2,2,0.12,5,,,,,,,,,,,,,,,,,,,,,,,,,,,,,,,,,,,,,,,,,,,,,,4067,永井 源,86期,愛知,福岡,46,A2,,0,0,0.17,6.41,47.9,68.2,6.76,47.6,71.4,0,12,64.2,80.9,0,38,52.9,58.8,6,6,4,4,0.13,5,,,,,,3,5,5,0.07,4,10,3,3,0.16,6,,,,,,8,1,1,0.25,2,,,,,,,,,,,,,,,,,,,,,,,,,,,,,,,,,,,,,,,,
202608060412,2026-08-06,04,12R,4188,久田 敏之,91期,群馬,群馬,45,A1,,0,0,0.12,7.88,64.8,78.7,7.08,60.0,76.0,0,50,57.5,78.7,0,60,45.4,57.5,4,4,6,6,0.09,3,12,2,2,0.07,1,,,,,,8,4,4,0.07,1,5,5,5,0.11,4,9,3,3,0.04,1,,,,,,,,,,,,,,,,,,,,,,,,,,,,,,,,,,,,,,,,,4483,北野 輝季,101期,愛知,愛知,37,A1,,0,0,0.15,6.68,52.3,65.4,6.8,53.3,73.3,0,36,42.8,64.2,0,54,25.0,40.6,6,5,6,6,0.1,3,11,3,3,0.16,2,,,,,,10,1,1,0.15,1,3,2,2,0.07,3,7,4,4,0.13,6,,,,,,,,,,,,,,,,,,,,,,,,,,,,,,,,,,,,,,,,,4177,萬 正嗣,90期,群馬,宮城,43,B1,,0,0,0.17,4.37,26.5,37.9,5.24,30.3,51.5,0,67,25.0,46.8,0,25,65.3,69.2,3,2,4,4,0.1,6,,,,,,1,5,5,0.1,3,8,2,2,0.12,5,,,,,,8,6,6,0.32,5,,,,,,,,,,,,,,,,,,,,,,,,,,,,,,,,,,,,,,,,,4978,山田 和佐,120期,広島,島根,32,B1,,0,0,0.17,4.79,27.4,39.5,2.88,12.5,12.5,0,28,23.0,38.4,0,34,24.0,40.0,1,6,1,1,0.13,3,,,,,,7,2,2,0.2,3,12,6,6,0.21,6,,,,,,7,3,3,0.18,3,,,,,,,,,,,,,,,,,,,,,,,,,,,,,,,,,,,,,,,,,4471,新田 泰章,101期,広島,広島,39,A1,,0,0,0.15,6.18,43.5,59.6,6.14,42.8,66.6,0,21,38.2,67.6,0,52,51.5,63.6,5,1,6,6,0.26,3,10,3,3,0.06,4,4,2,2,0.15,1,,,,,,4,5,5,0.18,5,11,1,1,0.19,1,,,,,,,,,,,,,,,,,,,,,,,,,,,,,,,,,,,,,,,,,4269,杉山 裕也,93期,愛知,愛知,40,A2,,0,0,0.15,6.91,55.2,67.7,7.67,66.6,80.0,0,49,26.9,38.4,0,28,35.7,57.1,7,3,3,3,0.13,3,9,5,5,0.07,1,6,2,2,0.06,2,,,,,,5,4,4,0.15,3,10,1,1,0.16,2,,,,,,,,,,,,,,,,,,,,,,,,,,,,,,,,,,,,,,,,
202608060901,2026-08-06,09,01R,4953,尾上 雅也,119期,埼玉,埼玉,31,A1,,0,0,0.16,6.68,51.7,68.4,7.5,64.2,82.1,0,14,26.4,41.3,0,23,31.0,42.7,12,,,,,,10,3,3,0.19,1,,,,,,,,,,,,,,,,,,,,,,,,,,,,,,,,,,,,,,,,,,,,,,,,,,,,,,,,,,,,,4220,深川 和仁,92期,香川,香川,44,B1,,0,0,0.18,4.89,32.9,40.6,5.94,41.1,64.7,0,38,38.2,57.3,0,69,33.8,50.8,6,4,6,6,0.21,5,,,,,,,,,,,,,,,,,,,,,,,,,,,,,,,,,,,,,,,,,,,,,,,,,,,,,,,,,,,,,,,,,,5209,小野 京平,129期,福岡,大分,28,B1,,0,0,0.21,3.65,12.9,27.4,3.82,9.0,27.2,0,60,31.9,55.1,0,20,32.0,51.9,5,3,1,1,0.26,6,,,,,,,,,,,,,,,,,,,,,,,,,,,,,,,,,,,,,,,,,,,,,,,,,,,,,,,,,,,,,,,,,,5101,表 健太,125期,福岡,福岡,29,B1,,0,0,0.19,3.14,5.0,18.6,0.0,0.0,0.0,0,57,23.6,39.3,0,24,34.2,45.0,,3,4,3,0.16,3,8,2,2,0.12,3,,,,,,,,,,,,,,,,,,,,,,,,,,,,,,,,,,,,,,,,,,,,,,,,,,,,,,,,,,,,,3692,竹腰 正樹,74期,福井,石川,55,B1,,0,0,0.18,4.92,26.8,49.4,5.13,40.0,55.5,0,26,27.8,49.0,0,50,28.9,44.8,10,2,2,2,0.1,2,,,,,,,,,,,,,,,,,,,,,,,,,,,,,,,,,,,,,,,,,,,,,,,,,,,,,,,,,,,,,,,,,,5430,鳥本 智史,137期,三重,三重,22,B2,,1,0,0.18,1.29,2.3,2.3,1.91,6.0,9.0,0,11,28.5,46.4,0,66,33.0,54.4,9,,,,,,7,6,6,0.21,6,,,,,,,,,,,,,,,,,,,,,,,,,,,,,,,,,,,,,,,,,,,,,,,,,,,,,,,,,,,,
202608060902,2026-08-06,09,02R,4623,中北 将史,107期,三重,三重,41,B1,,0,0,0.16,4.75,30.0,41.0,4.92,27.4,43.8,0,13,34.5,50.0,0,71,23.1,43.9,8,1,5,5,0.11,4,,,,,,,,,,,,,,,,,,,,,,,,,,,,,,,,,,,,,,,,,,,,,,,,,,,,,,,,,,,,,,,,,,3212,亀本 勇樹,57期,広島,広島,64,B1,,0,0,0.18,4.54,23.4,37.0,5.78,38.8,61.1,0,27,34.8,51.1,0,70,34.3,48.1,7,6,4,4,0.16,4,,,,,,,,,,,,,,,,,,,,,,,,,,,,,,,,,,,,,,,,,,,,,,,,,,,,,,,,,,,,,,,,,,3568,木村 光宏,70期,香川,香川,55,B1,,0,0,0.17,3.95,20.6,34.4,4.17,33.3,33.3,0,69,19.7,33.7,0,29,37.8,62.2,,3,2,6,0.34,5,11,2,2,0.18,3,,,,,,,,,,,,,,,,,,,,,,,,,,,,,,,,,,,,,,,,,,,,,,,,,,,,,,,,,,,,,4952,吉武 真也,119期,福岡,福岡,32,B1,,0,0,0.19,4.47,22.3,36.4,0.0,0.0,0.0,0,65,26.1,43.9,0,35,22.9,36.4,,2,6,6,0.29,6,7,3,3,0.26,5,,,,,,,,,,,,,,,,,,,,,,,,,,,,,,,,,,,,,,,,,,,,,,,,,,,,,,,,,,,,,3948,大町 利克,82期,大阪,長崎,50,B1,,0,0,0.18,3.72,13.8,33.3,3.81,18.7,31.2,0,30,29.7,41.9,0,62,32.3,53.9,9,5,4,4,0.28,4,,,,,,,,,,,,,,,,,,,,,,,,,,,,,,,,,,,,,,,,,,,,,,,,,,,,,,,,,,,,,,,,,,4803,飯田 庄吾,113期,福岡,福岡,32,B1,,0,0,0.19,3.86,20.6,28.5,2.75,0.0,0.0,0,62,30.7,43.8,0,53,26.0,41.0,10,6,5,5,0.21,6,,,,,,,,,,,,,,,,,,,,,,,,,,,,,,,,,,,,,,,,,,,,,,,,,,,,,,,,,,,,,,,,,
202608060903,2026-08-06,09,03R,4649,和田 操拓,108期,滋賀,京都,42,B1,,0,0,0.13,5.63,43.5,55.5,5.11,31.4,42.8,0,21,40.3,57.1,0,38,34.3,53.9,,1,6,6,0.11,3,9,2,2,0.09,2,,,,,,,,,,,,,,,,,,,,,,,,,,,,,,,,,,,,,,,,,,,,,,,,,,,,,,,,,,,,,4163,山崎 裕司,90期,広島,広島,44,A2,,0,0,0.16,5.61,38.3,56.0,5.15,27.5,50.0,0,29,29.0,46.3,0,37,32.0,50.3,8,,,,,,11,4,4,0.23,6,,,,,,,,,,,,,,,,,,,,,,,,,,,,,,,,,,,,,,,,,,,,,,,,,,,,,,,,,,,,,4797,中山 将,113期,三重,三重,34,A1,,1,0,0.13,6.63,51.1,72.0,5.73,40.7,55.3,0,73,36.2,54.3,0,41,19.8,34.9,7,5,1,1,0.08,1,12,4,4,0.11,3,,,,,,,,,,,,,,,,,,,,,,,,,,,,,,,,,,,,,,,,,,,,,,,,,,,,,,,,,,,,,4258,関根 彰人,93期,埼玉,埼玉,42,B1,,0,0,0.18,4.89,33.7,48.1,4.65,20.0,40.0,0,71,28.0,46.4,0,18,40.0,54.2,11,4,1,1,0.13,2,,,,,,,,,,,,,,,,,,,,,,,,,,,,,,,,,,,,,,,,,,,,,,,,,,,,,,,,,,,,,,,,,,5136,濱野 斗馬,126期,香川,香川,26,A1,,0,0,0.14,6.09,43.4,60.0,6.33,55.5,66.6,0,63,29.7,48.2,0,74,35.5,45.4,9,6,3,3,0.13,3,11,1,1,0.13,1,,,,,,,,,,,,,,,,,,,,,,,,,,,,,,,,,,,,,,,,,,,,,,,,,,,,,,,,,,,,,3516,吉原 聖人,68期,広島,広島,58,B1,,0,0,0.19,4.74,36.3,43.9,2.63,7.4,18.5,0,24,38.7,63.0,0,36,31.3,47.4,,2,5,5,0.25,5,8,1,1,0.1,1,,,,,,,,,,,,,,,,,,,,,,,,,,,,,,,,,,,,,,,,,,,,,,,,,,,,,,,,,,,,
202608060904,2026-08-06,09,04R,3620,信濃 由行,71期,福井,石川,52,B1,,0,0,0.18,3.41,12.8,25.7,4.19,30.7,34.6,0,59,32.1,49.6,0,58,25.2,43.2,,2,4,4,0.12,4,10,2,2,0.21,5,,,,,,,,,,,,,,,,,,,,,,,,,,,,,,,,,,,,,,,,,,,,,,,,,,,,,,,,,,,,,4693,松下 誉士,110期,福岡,福岡,42,B1,,0,0,0.19,4.07,20.8,32.2,4.67,5.5,55.5,0,19,19.1,44.1,0,40,35.1,54.0,8,5,5,5,0.23,5,,,,,,,,,,,,,,,,,,,,,,,,,,,,,,,,,,,,,,,,,,,,,,,,,,,,,,,,,,,,,,,,,,4643,近江 翔吾,107期,香川,大阪,33,A2,,0,0,0.13,6.87,53.0,67.4,0.0,0.0,0.0,0,17,23.3,38.3,0,27,25.2,40.7,11,,,,,,7,4,4,0.11,2,,,,,,,,,,,,,,,,,,,,,,,,,,,,,,,,,,,,,,,,,,,,,,,,,,,,,,,,,,,,,4099,吉永 則雄,88期,大阪,大阪,47,A2,,0,0,0.17,5.64,37.3,57.5,6.4,50.0,65.0,0,36,41.8,58.1,0,63,33.3,48.3,12,3,6,5,0.06,2,10,1,1,0.17,2,,,,,,,,,,,,,,,,,,,,,,,,,,,,,,,,,,,,,,,,,,,,,,,,,,,,,,,,,,,,,5424,熊倉 幹太,137期,東京,東京,24,B2,,0,0,0.22,1.38,0.0,0.0,0.5,0.0,0.0,0,66,27.9,37.2,0,28,38.9,53.3,,1,4,4,0.07,6,8,6,6,0.28,6,,,,,,,,,,,,,,,,,,,,,,,,,,,,,,,,,,,,,,,,,,,,,,,,,,,,,,,,,,,,,4926,吉川 貴仁,118期,三重,三重,33,A1,,0,0,0.16,7.29,58.2,79.1,7.28,62.9,76.4,0,48,32.8,52.6,0,26,37.2,51.6,9,8,4,4,0.12,2,12,1,1,0.06,2,,,,,,,,,,,,,,,,,,,,,,,,,,,,,,,,,,,,,,,,,,,,,,,,,,,,,,,,,,,,
202608060905,2026-08-06,09,05R,5257,西丸 侑太朗,130期,香川,香川,22,A1,,0,0,0.16,6.38,43.8,60.7,6.63,48.1,70.3,0,12,20.0,32.1,0,16,40.7,57.6,10,4,3,3,0.14,1,12,5,5,0.14,6,,,,,,,,,,,,,,,,,,,,,,,,,,,,,,,,,,,,,,,,,,,,,,,,,,,,,,,,,,,,,4339,平瀬 城啓,96期,福井,富山,42,B1,,0,0,0.19,3.54,10.5,25.0,4.04,15.3,38.4,0,44,47.2,65.7,0,46,45.4,62.8,12,6,1,1,0.04,1,,,,,,,,,,,,,,,,,,,,,,,,,,,,,,,,,,,,,,,,,,,,,,,,,,,,,,,,,,,,,,,,,,4429,豊田 泰洋,100期,広島,広島,40,B1,,0,0,0.19,3.4,12.0,25.3,3.88,12.5,37.5,0,32,38.8,59.2,0,67,34.9,52.0,,4,4,4,0.14,6,9,6,6,0.21,6,,,,,,,,,,,,,,,,,,,,,,,,,,,,,,,,,,,,,,,,,,,,,,,,,,,,,,,,,,,,,5259,野田 昇吾,131期,埼玉,福岡,33,B2,,0,0,0.18,3.07,8.8,20.5,2.86,0.0,14.2,0,54,27.2,45.4,0,68,26.0,39.5,,2,3,3,0.1,3,,,,,,,,,,,,,,,,,,,,,,,,,,,,,,,,,,,,,,,,,,,,,,,,,,,,,,,,,,,,,,,,,,5209,小野 京平,129期,福岡,大分,28,B1,,0,0,0.21,3.65,12.9,27.4,3.82,9.0,27.2,0,60,31.9,55.1,0,20,32.0,51.9,1,3,1,1,0.26,6,,,,,,,,,,,,,,,,,,,,,,,,,,,,,,,,,,,,,,,,,,,,,,,,,,,,,,,,,,,,,,,,,,3635,石田 政吾,72期,福井,石川,55,B1,,0,0,0.17,4.48,25.6,46.3,5.53,29.4,61.7,0,50,34.5,49.2,0,73,32.5,50.7,11,5,2,2,0.08,2,,,,,,,,,,,,,,,,,,,,,,,,,,,,,,,,,,,,,,,,,,,,,,,,,,,,,,,,,,,,,,,,,
202608060906,2026-08-06,09,06R,3814,金子 貴志,77期,福井,福井,50,B1,,0,0,0.2,5.12,28.4,49.4,4.25,21.8,40.6,0,35,36.5,60.1,0,55,26.7,48.2,,5,6,6,0.24,3,10,4,4,0.3,6,,,,,,,,,,,,,,,,,,,,,,,,,,,,,,,,,,,,,,,,,,,,,,,,,,,,,,,,,,,,,5183,中野 孝二,128期,三重,三重,27,B1,,0,0,0.17,4.9,30.3,48.1,5.2,30.8,50.4,0,23,31.6,47.8,0,54,22.9,42.2,,2,1,1,0.1,1,9,5,5,0.21,5,,,,,,,,,,,,,,,,,,,,,,,,,,,,,,,,,,,,,,,,,,,,,,,,,,,,,,,,,,,,,5038,金田 智博,122期,福井,石川,28,A2,,0,0,0.16,6.36,49.1,61.2,0.0,0.0,0.0,0,40,43.9,59.3,0,64,25.4,45.2,10,1,1,1,0.15,1,11,5,5,0.3,4,,,,,,,,,,,,,,,,,,,,,,,,,,,,,,,,,,,,,,,,,,,,,,,,,,,,,,,,,,,,,4398,船岡 洋一郎,98期,広島,広島,39,A1,,0,0,0.14,6.61,51.4,62.3,7.4,52.0,80.0,0,61,29.9,44.8,0,11,36.9,53.8,12,7,5,5,0.16,4,12,2,2,0.14,5,,,,,,,,,,,,,,,,,,,,,,,,,,,,,,,,,,,,,,,,,,,,,,,,,,,,,,,,,,,,,4220,深川 和仁,92期,香川,香川,44,B1,,0,0,0.18,4.89,32.9,40.6,5.94,41.1,64.7,0,38,38.2,57.3,0,69,33.8,50.8,1,4,6,6,0.21,5,,,,,,,,,,,,,,,,,,,,,,,,,,,,,,,,,,,,,,,,,,,,,,,,,,,,,,,,,,,,,,,,,,4794,和田 拓也,113期,兵庫,兵庫,36,A1,,0,0,0.13,6.65,51.3,70.2,7.21,64.2,71.4,0,68,35.2,47.8,0,25,33.5,50.3,11,,,,,,9,4,4,0.18,1,,,,,,,,,,,,,,,,,,,,,,,,,,,,,,,,,,,,,,,,,,,,,,,,,,,,,,,,,,,,
202608060907,2026-08-06,09,07R,4864,小川 日紀太,116期,福岡,宮崎,36,B1,,1,0,0.17,4.65,24.3,41.4,0.0,0.0,0.0,0,37,39.8,56.3,0,57,38.5,56.4,,5,3,3,0.36,6,11,6,6,0.33,5,,,,,,,,,,,,,,,,,,,,,,,,,,,,,,,,,,,,,,,,,,,,,,,,,,,,,,,,,,,,,4656,大崎 翔,108期,兵庫,兵庫,39,A2,,0,0,0.16,4.78,28.5,45.4,6.35,53.8,61.5,0,46,33.5,43.8,0,51,27.4,46.0,12,,,,,,8,3,3,0.08,5,,,,,,,,,,,,,,,,,,,,,,,,,,,,,,,,,,,,,,,,,,,,,,,,,,,,,,,,,,,,,3715,倉尾 大介,74期,福岡,福岡,51,A2,,0,0,0.17,5.63,35.9,61.5,6.44,44.4,66.6,0,34,28.4,48.7,0,30,36.8,49.6,11,,,,,,9,1,1,0.09,3,,,,,,,,,,,,,,,,,,,,,,,,,,,,,,,,,,,,,,,,,,,,,,,,,,,,,,,,,,,,,3543,福田 雅一,69期,香川,香川,57,B1,,0,0,0.16,5.02,35.4,43.7,4.5,16.6,50.0,0,49,44.3,55.6,0,56,42.1,59.5,,1,2,2,0.15,5,7,1,1,0.19,3,,,,,,,,,,,,,,,,,,,,,,,,,,,,,,,,,,,,,,,,,,,,,,,,,,,,,,,,,,,,,3212,亀本 勇樹,57期,広島,広島,64,B1,,0,0,0.18,4.54,23.4,37.0,5.78,38.8,61.1,0,27,34.8,51.1,0,70,34.3,48.1,2,6,4,4,0.16,4,,,,,,,,,,,,,,,,,,,,,,,,,,,,,,,,,,,,,,,,,,,,,,,,,,,,,,,,,,,,,,,,,,4797,中山 将,113期,三重,三重,34,A1,,1,0,0.13,6.63,51.1,72.0,5.73,40.7,55.3,0,73,36.2,54.3,0,41,19.8,34.9,3,5,1,1,0.08,1,12,4,4,0.11,3,,,,,,,,,,,,,,,,,,,,,,,,,,,,,,,,,,,,,,,,,,,,,,,,,,,,,,,,,,,,
202608060908,2026-08-06,09,08R,4693,松下 誉士,110期,福岡,福岡,42,B1,,0,0,0.19,4.07,20.8,32.2,4.67,5.5,55.5,0,19,19.1,44.1,0,40,35.1,54.0,4,5,5,5,0.23,5,,,,,,,,,,,,,,,,,,,,,,,,,,,,,,,,,,,,,,,,,,,,,,,,,,,,,,,,,,,,,,,,,,4391,松田 祐季,98期,福井,福井,40,A1,,0,0,0.15,6.71,50.0,64.4,7.0,50.0,70.0,0,58,37.3,50.0,0,34,39.8,61.0,,6,6,6,0.19,5,12,3,3,0.14,1,,,,,,,,,,,,,,,,,,,,,,,,,,,,,,,,,,,,,,,,,,,,,,,,,,,,,,,,,,,,,4163,山崎 裕司,90期,広島,広島,44,A2,,0,0,0.16,5.61,38.3,56.0,5.15,27.5,50.0,0,29,29.0,46.3,0,37,32.0,50.3,3,,,,,,11,4,4,0.23,6,,,,,,,,,,,,,,,,,,,,,,,,,,,,,,,,,,,,,,,,,,,,,,,,,,,,,,,,,,,,,4623,中北 将史,107期,三重,三重,41,B1,,0,0,0.16,4.75,30.0,41.0,4.92,27.4,43.8,0,13,34.5,50.0,0,71,23.1,43.9,2,1,5,5,0.11,4,,,,,,,,,,,,,,,,,,,,,,,,,,,,,,,,,,,,,,,,,,,,,,,,,,,,,,,,,,,,,,,,,,5033,藤原 孝斗,122期,愛知,愛知,28,B1,,0,0,0.18,4.27,25.6,33.7,3.74,18.5,29.6,0,39,43.6,57.1,0,13,32.5,54.1,,1,3,3,0.22,2,10,6,6,0.38,4,,,,,,,,,,,,,,,,,,,,,,,,,,,,,,,,,,,,,,,,,,,,,,,,,,,,,,,,,,,,,4146,柳橋 宏紀,89期,滋賀,京都,44,A2,,0,0,0.14,5.24,28.0,50.5,4.25,18.8,33.9,0,20,31.5,44.1,0,17,34.1,48.4,12,,,,,,7,2,2,0.15,1,,,,,,,,,,,,,,,,,,,,,,,,,,,,,,,,,,,,,,,,,,,,,,,,,,,,,,,,,,,,
202608060909,2026-08-06,09,09R,3747,國崎 良春,75期,福岡,福岡,51,A2,,0,0,0.16,5.54,36.4,57.6,4.9,25.0,50.0,0,41,43.3,61.4,0,21,33.5,48.4,,4,2,2,0.18,3,8,5,5,0.13,4,,,,,,,,,,,,,,,,,,,,,,,,,,,,,,,,,,,,,,,,,,,,,,,,,,,,,,,,,,,,,3948,大町 利克,82期,大阪,長崎,50,B1,,0,0,0.18,3.72,13.8,33.3,3.81,18.7,31.2,0,30,29.7,41.9,0,62,32.3,53.9,2,5,4,4,0.28,4,,,,,,,,,,,,,,,,,,,,,,,,,,,,,,,,,,,,,,,,,,,,,,,,,,,,,,,,,,,,,,,,,,4926,吉川 貴仁,118期,三重,三重,33,A1,,0,0,0.16,7.29,58.2,79.1,7.28,62.9,76.4,0,48,32.8,52.6,0,26,37.2,51.6,4,8,4,4,0.12,2,12,1,1,0.06,2,,,,,,,,,,,,,,,,,,,,,,,,,,,,,,,,,,,,,,,,,,,,,,,,,,,,,,,,,,,,,5136,濱野 斗馬,126期,香川,香川,26,A1,,0,0,0.14,6.09,43.4,60.0,6.33,55.5,66.6,0,63,29.7,48.2,0,74,35.5,45.4,3,6,3,3,0.13,3,11,1,1,0.13,1,,,,,,,,,,,,,,,,,,,,,,,,,,,,,,,,,,,,,,,,,,,,,,,,,,,,,,,,,,,,,5430,鳥本 智史,137期,三重,三重,22,B2,,1,0,0.18,1.29,2.3,2.3,1.91,6.0,9.0,0,11,28.5,46.4,0,66,33.0,54.4,1,,,,,,7,6,6,0.21,6,,,,,,,,,,,,,,,,,,,,,,,,,,,,,,,,,,,,,,,,,,,,,,,,,,,,,,,,,,,,,4401,小林 泰,99期,東京,山梨,41,A2,,0,0,0.15,5.49,40.0,52.2,4.69,18.7,31.2,0,31,39.5,58.0,0,14,23.4,41.4,,6,2,2,0.07,2,10,5,5,0.19,3,,,,,,,,,,,,,,,,,,,,,,,,,,,,,,,,,,,,,,,,,,,,,,,,,,,,,,,,,,,,
202608060910,2026-08-06,09,10R,4466,南 佑典,101期,三重,三重,39,A2,,0,0,0.19,5.63,37.7,55.5,5.61,35.4,55.7,0,15,36.6,53.5,0,48,27.0,43.2,,4,5,5,0.2,4,11,3,3,0.18,2,,,,,,,,,,,,,,,,,,,,,,,,,,,,,,,,,,,,,,,,,,,,,,,,,,,,,,,,,,,,,5257,西丸 侑太朗,130期,香川,香川,22,A1,,0,0,0.16,6.38,43.8,60.7,6.63,48.1,70.3,0,12,20.0,32.1,0,16,40.7,57.6,5,4,3,3,0.14,1,12,5,5,0.14,6,,,,,,,,,,,,,,,,,,,,,,,,,,,,,,,,,,,,,,,,,,,,,,,,,,,,,,,,,,,,,4803,飯田 庄吾,113期,福岡,福岡,32,B1,,0,0,0.19,3.86,20.6,28.5,2.75,0.0,0.0,0,62,30.7,43.8,0,53,26.0,41.0,2,6,5,5,0.21,6,,,,,,,,,,,,,,,,,,,,,,,,,,,,,,,,,,,,,,,,,,,,,,,,,,,,,,,,,,,,,,,,,,3692,竹腰 正樹,74期,福井,石川,55,B1,,0,0,0.18,4.92,26.8,49.4,5.13,40.0,55.5,0,26,27.8,49.0,0,50,28.9,44.8,1,2,2,2,0.1,2,,,,,,,,,,,,,,,,,,,,,,,,,,,,,,,,,,,,,,,,,,,,,,,,,,,,,,,,,,,,,,,,,,3505,山田 竜一,67期,東京,東京,55,A2,,0,0,0.14,5.27,31.4,51.6,5.07,33.3,51.8,0,51,42.6,59.8,0,12,29.8,40.3,,3,5,4,0.1,4,9,3,3,0.12,4,,,,,,,,,,,,,,,,,,,,,,,,,,,,,,,,,,,,,,,,,,,,,,,,,,,,,,,,,,,,,5038,金田 智博,122期,福井,石川,28,A2,,0,0,0.16,6.36,49.1,61.2,0.0,0.0,0.0,0,40,43.9,59.3,0,64,25.4,45.2,6,1,1,1,0.15,1,11,5,5,0.3,4,,,,,,,,,,,,,,,,,,,,,,,,,,,,,,,,,,,,,,,,,,,,,,,,,,,,,,,,,,,,
202608060911,2026-08-06,09,11R,4505,島田 賢人,102期,埼玉,埼玉,38,A1,,0,0,0.16,6.64,48.2,67.8,5.62,23.5,50.0,0,70,31.1,47.8,0,31,39.0,60.0,,3,3,2,0.14,1,12,6,6,0.22,4,,,,,,,,,,,,,,,,,,,,,,,,,,,,,,,,,,,,,,,,,,,,,,,,,,,,,,,,,,,,,4643,近江 翔吾,107期,香川,大阪,33,A2,,0,0,0.13,6.87,53.0,67.4,0.0,0.0,0.0,0,17,23.3,38.3,0,27,25.2,40.7,4,,,,,,7,4,4,0.11,2,,,,,,,,,,,,,,,,,,,,,,,,,,,,,,,,,,,,,,,,,,,,,,,,,,,,,,,,,,,,,4794,和田 拓也,113期,兵庫,兵庫,36,A1,,0,0,0.13,6.65,51.3,70.2,7.21,64.2,71.4,0,68,35.2,47.8,0,25,33.5,50.3,6,,,,,,9,4,4,0.18,1,,,,,,,,,,,,,,,,,,,,,,,,,,,,,,,,,,,,,,,,,,,,,,,,,,,,,,,,,,,,,3635,石田 政吾,72期,福井,石川,55,B1,,0,0,0.17,4.48,25.6,46.3,5.53,29.4,61.7,0,50,34.5,49.2,0,73,32.5,50.7,5,5,2,2,0.08,2,,,,,,,,,,,,,,,,,,,,,,,,,,,,,,,,,,,,,,,,,,,,,,,,,,,,,,,,,,,,,,,,,,4258,関根 彰人,93期,埼玉,埼玉,42,B1,,0,0,0.18,4.89,33.7,48.1,4.65,20.0,40.0,0,71,28.0,46.4,0,18,40.0,54.2,3,4,1,1,0.13,2,,,,,,,,,,,,,,,,,,,,,,,,,,,,,,,,,,,,,,,,,,,,,,,,,,,,,,,,,,,,,,,,,,3715,倉尾 大介,74期,福岡,福岡,51,A2,,0,0,0.17,5.63,35.9,61.5,6.44,44.4,66.6,0,34,28.4,48.7,0,30,36.8,49.6,7,,,,,,9,1,1,0.09,3,,,,,,,,,,,,,,,,,,,,,,,,,,,,,,,,,,,,,,,,,,,,,,,,,,,,,,,,,,,,
202608060912,2026-08-06,09,12R,4398,船岡 洋一郎,98期,広島,広島,39,A1,,0,0,0.14,6.61,51.4,62.3,7.4,52.0,80.0,0,61,29.9,44.8,0,11,36.9,53.8,6,7,5,5,0.16,4,12,2,2,0.14,5,,,,,,,,,,,,,,,,,,,,,,,,,,,,,,,,,,,,,,,,,,,,,,,,,,,,,,,,,,,,,4099,吉永 則雄,88期,大阪,大阪,47,A2,,0,0,0.17,5.64,37.3,57.5,6.4,50.0,65.0,0,36,41.8,58.1,0,63,33.3,48.3,4,3,6,5,0.06,2,10,1,1,0.17,2,,,,,,,,,,,,,,,,,,,,,,,,,,,,,,,,,,,,,,,,,,,,,,,,,,,,,,,,,,,,,4146,柳橋 宏紀,89期,滋賀,京都,44,A2,,0,0,0.14,5.24,28.0,50.5,4.25,18.8,33.9,0,20,31.5,44.1,0,17,34.1,48.4,8,,,,,,7,2,2,0.15,1,,,,,,,,,,,,,,,,,,,,,,,,,,,,,,,,,,,,,,,,,,,,,,,,,,,,,,,,,,,,,4953,尾上 雅也,119期,埼玉,埼玉,31,A1,,0,0,0.16,6.68,51.7,68.4,7.5,64.2,82.1,0,14,26.4,41.3,0,23,31.0,42.7,1,,,,,,10,3,3,0.19,1,,,,,,,,,,,,,,,,,,,,,,,,,,,,,,,,,,,,,,,,,,,,,,,,,,,,,,,,,,,,,4339,平瀬 城啓,96期,福井,富山,42,B1,,0,0,0.19,3.54,10.5,25.0,4.04,15.3,38.4,0,44,47.2,65.7,0,46,45.4,62.8,5,6,1,1,0.04,1,,,,,,,,,,,,,,,,,,,,,,,,,,,,,,,,,,,,,,,,,,,,,,,,,,,,,,,,,,,,,,,,,,4656,大崎 翔,108期,兵庫,兵庫,39,A2,,0,0,0.16,4.78,28.5,45.4,6.35,53.8,61.5,0,46,33.5,43.8,0,51,27.4,46.0,7,,,,,,8,3,3,0.08,5,,,,,,,,,,,,,,,,,,,,,,,,,,,,,,,,,,,,,,,,,,,,,,,,,,,,,,,,,,,,
202608061001,2026-08-06,10,01R,4239,竹田 辰也,92期,山口,山口,42,A1,,0,0,0.15,6.5,54.4,67.7,6.1,41.9,64.5,0,45,39.1,57.7,0,21,39.3,50.5,8,6,5,5,0.25,5,12,2,2,0.04,3,,,,,,9,6,6,0.29,1,,,,,,,,,,,,,,,,,,,,,,,,,,,,,,,,,,,,,,,,,,,,,,,,,,,5169,堀本 翔太,127期,愛知,愛知,25,B2,,0,0,0.19,3.66,12.2,24.3,0.0,0.0,0.0,0,22,26.0,35.8,0,57,35.7,50.5,5,4,6,6,0.25,6,,,,,,3,4,4,0.07,3,,,,,,,,,,,,,,,,,,,,,,,,,,,,,,,,,,,,,,,,,,,,,,,,,,,,,,,,4154,森安 弘雅,90期,香川,香川,46,B1,,0,0,0.2,5.23,38.0,52.1,4.44,22.2,44.4,0,59,26.5,46.9,0,48,36.3,57.5,,6,1,1,0.18,4,,,,,,1,2,2,0.14,4,7,5,5,0.13,6,,,,,,,,,,,,,,,,,,,,,,,,,,,,,,,,,,,,,,,,,,,,,,,,,,,4876,梅木 敬太,116期,福井,福井,31,B1,,0,0,0.17,4.93,28.5,46.9,4.8,30.8,44.7,0,60,36.0,51.0,0,26,40.6,57.1,11,1,2,2,0.18,2,7,5,5,0.15,2,6,6,6,0.11,5,,,,,,,,,,,,,,,,,,,,,,,,,,,,,,,,,,,,,,,,,,,,,,,,,,,,,,,,4219,本岡 勝利,92期,広島,広島,44,B1,,1,0,0.19,3.96,11.6,25.9,4.67,16.6,16.6,0,32,22.9,45.8,0,62,32.3,45.4,7,4,2,2,0.23,2,,,,,,2,4,4,0.28,4,11,3,3,0.09,6,,,,,,,,,,,,,,,,,,,,,,,,,,,,,,,,,,,,,,,,,,,,,,,,,,,5425,西山 育,137期,三重,三重,24,B2,,0,0,0.27,1.39,0.0,1.7,0.0,0.0,0.0,0,46,41.6,64.5,0,43,29.7,45.5,6,5,6,6,0.31,6,,,,,,6,5,5,0.1,6,,,,,,,,,,,,,,,,,,,,,,,,,,,,,,,,,,,,,,,,,,,,,,,,,,,,,,,
202608061002,2026-08-06,10,02R,4574,東 潤樹,105期,広島,愛媛,37,A2,,0,0,0.17,5.38,35.7,54.7,4.58,12.5,50.0,0,25,34.6,45.9,0,31,42.8,56.0,10,7,2,2,0.17,4,11,5,5,0.11,6,,,,,,7,4,4,0.04,4,,,,,,,,,,,,,,,,,,,,,,,,,,,,,,,,,,,,,,,,,,,,,,,,,,,5267,石本 裕武,131期,大阪,大阪,25,A1,,0,0,0.15,6.48,48.9,59.5,6.16,46.5,60.4,0,30,45.6,64.1,0,58,36.5,52.6,12,3,3,3,0.19,1,12,6,6,0.09,6,6,4,4,0.05,4,,,,,,,,,,,,,,,,,,,,,,,,,,,,,,,,,,,,,,,,,,,,,,,,,,,,,,,,3745,橋本 年光,75期,兵庫,兵庫,51,B1,,0,0,0.19,5.37,33.3,54.7,6.0,44.2,61.5,0,56,27.4,42.1,0,29,26.3,42.8,7,3,5,5,0.19,5,11,1,1,0.12,3,4,6,6,0.17,6,,,,,,,,,,,,,,,,,,,,,,,,,,,,,,,,,,,,,,,,,,,,,,,,,,,,,,,,5091,為本 智也,124期,福井,石川,25,B1,,0,0,0.17,6.3,47.3,66.6,6.08,43.4,61.7,0,41,21.2,41.4,0,37,34.4,47.1,11,2,3,3,0.12,2,,,,,,3,5,5,0.08,1,7,1,1,0.04,1,,,,,,,,,,,,,,,,,,,,,,,,,,,,,,,,,,,,,,,,,,,,,,,,,,,4905,土井 祥伍,117期,大阪,大阪,31,B1,,0,0,0.21,4.52,20.9,39.5,4.89,33.3,44.4,0,43,44.2,62.1,0,11,29.1,55.2,9,,,,,,9,1,1,0.19,1,1,6,6,0.19,5,12,3,3,0.21,6,,,,,,,,,,,,,,,,,,,,,,,,,,,,,,,,,,,,,,,,,,,,,,,,,,,5369,岡崎 凪汰,135期,長崎,大分,24,B1,,0,0,0.17,3.09,12.6,18.9,3.63,25.0,25.0,0,36,32.6,56.4,0,39,27.8,42.2,,2,6,4,0.18,5,10,5,5,0.07,6,4,2,2,0.16,2,,,,,,,,,,,,,,,,,,,,,,,,,,,,,,,,,,,,,,,,,,,,,,,,,,,,,,,
202608061003,2026-08-06,10,03R,4906,鈴木 雅希,117期,東京,神奈川,31,A2,,0,0,0.18,5.41,35.4,53.1,4.91,25.0,50.0,0,53,31.9,46.8,0,70,31.6,46.9,8,6,2,2,0.19,1,11,6,6,0.15,5,6,3,3,0.07,3,10,4,5,0.15,4,,,,,,,,,,,,,,,,,,,,,,,,,,,,,,,,,,,,,,,,,,,,,,,,,,,4226,村田 浩司,92期,山口,山口,43,B1,,0,0,0.15,4.4,22.4,44.9,4.16,16.0,40.0,0,67,24.2,37.8,0,59,30.5,47.3,12,1,5,5,0.14,4,10,1,1,0.15,1,4,4,4,0.17,5,,,,,,,,,,,,,,,,,,,,,,,,,,,,,,,,,,,,,,,,,,,,,,,,,,,,,,,,5015,高橋 竜矢,121期,広島,広島,28,A1,,0,0,0.14,6.89,55.4,75.0,0.0,0.0,0.0,0,17,35.7,56.8,0,56,29.0,44.0,11,5,1,1,0.21,3,10,4,4,0.09,3,7,2,2,0.12,5,12,6,6,0.18,5,,,,,,,,,,,,,,,,,,,,,,,,,,,,,,,,,,,,,,,,,,,,,,,,,,,3889,須藤 隆雄,80期,群馬,栃木,51,B1,,0,0,0.18,3.75,20.2,27.5,4.18,28.5,32.1,0,37,32.6,49.4,0,19,43.6,58.6,7,,,,,,8,1,1,0.04,2,3,6,6,0.11,6,10,1,2,0.17,5,,,,,,,,,,,,,,,,,,,,,,,,,,,,,,,,,,,,,,,,,,,,,,,,,,,4495,森 晋太郎,102期,福岡,福岡,39,B2,,0,0,0.14,5.81,39.6,60.3,5.71,42.8,57.1,0,40,34.0,55.3,0,12,45.6,60.4,9,6,3,3,0.18,2,,,,,,6,1,1,0.04,1,12,5,4,0.15,2,,,,,,,,,,,,,,,,,,,,,,,,,,,,,,,,,,,,,,,,,,,,,,,,,,,4557,松尾 光広,104期,岡山,岡山,36,B1,,0,0,0.21,4.14,17.6,37.6,6.8,60.0,60.0,0,20,43.6,62.7,0,35,38.3,57.5,,4,3,3,0.18,5,,,,,,5,4,4,0.11,4,9,3,2,0.33,5,,,,,,,,,,,,,,,,,,,,,,,,,,,,,,,,,,,,,,,,,,,,,,,,,,
202608061004,2026-08-06,10,04R,4688,永井 彪也,109期,東京,東京,33,A1,,0,0,0.13,7.0,57.4,70.3,6.75,46.8,65.6,0,13,36.7,54.0,0,45,18.0,39.3,10,8,6,6,0.09,3,12,4,4,0.05,2,4,3,3,0.17,3,12,1,1,0.21,1,,,,,,,,,,,,,,,,,,,,,,,,,,,,,,,,,,,,,,,,,,,,,,,,,,,5350,網代 良芽,134期,兵庫,兵庫,22,B1,,1,0,0.15,5.15,26.8,48.3,2.35,3.8,23.0,0,57,40.8,61.2,0,24,38.3,62.6,8,5,4,4,0.19,2,,,,,,1,3,3,0.12,1,11,6,6,0.06,3,,,,,,,,,,,,,,,,,,,,,,,,,,,,,,,,,,,,,,,,,,,,,,,,,,,4967,中村 魁生,119期,大阪,大阪,28,A1,,1,0,0.15,6.71,46.8,72.0,6.04,45.8,66.6,0,16,20.4,36.5,0,30,36.1,47.8,9,,,,,,7,6,6,0.12,6,6,2,2,0.07,2,11,5,5,0.06,2,,,,,,,,,,,,,,,,,,,,,,,,,,,,,,,,,,,,,,,,,,,,,,,,,,,5178,成貞 琳平,128期,愛知,岡山,30,B1,,0,0,0.19,4.08,17.1,36.3,4.5,30.0,40.0,0,26,18.4,35.8,0,16,38.7,54.0,,3,6,6,0.22,6,8,2,2,0.05,6,1,5,5,0.16,3,,,,,,,,,,,,,,,,,,,,,,,,,,,,,,,,,,,,,,,,,,,,,,,,,,,,,,,,3834,細川 明人,78期,岡山,岡山,51,B1,,0,0,0.19,4.3,28.5,35.7,4.83,41.6,41.6,0,51,42.3,61.9,0,46,38.9,53.6,,1,3,3,0.28,5,6,6,6,0.37,6,,,,,,8,1,1,0.14,3,,,,,,,,,,,,,,,,,,,,,,,,,,,,,,,,,,,,,,,,,,,,,,,,,,,4523,中村 辰也,103期,長崎,長崎,38,A2,,0,0,0.15,5.67,37.0,62.0,5.42,42.4,51.5,0,61,34.3,43.7,0,28,51.0,66.3,11,,,,,,8,4,4,0.07,4,8,2,2,0.11,1,12,4,5,0.17,4,,,,,,,,,,,,,,,,,,,,,,,,,,,,,,,,,,,,,,,,,,,,,,,,,,
202608061005,2026-08-06,10,05R,4561,藤山 翔大,104期,大阪,大阪,35,A2,,1,0,0.18,5.84,42.2,56.7,4.88,36.0,44.0,0,39,31.9,58.7,0,47,32.6,50.5,12,6,4,4,0.29,3,,,,,,3,3,3,0.11,4,9,2,5,0.47,6,,,,,,,,,,,,,,,,,,,,,,,,,,,,,,,,,,,,,,,,,,,,,,,,,,,4211,村田 敦,91期,東京,神奈川,43,B1,,0,0,0.15,4.68,29.7,46.4,3.8,30.0,40.0,0,55,37.5,52.2,0,23,43.4,64.6,,,,,,,7,1,1,0.14,5,2,3,3,0.13,3,8,6,6,0.11,6,,,,,,,,,,,,,,,,,,,,,,,,,,,,,,,,,,,,,,,,,,,,,,,,,,,5169,堀本 翔太,127期,愛知,愛知,25,B2,,0,0,0.19,3.66,12.2,24.3,0.0,0.0,0.0,0,22,26.0,35.8,0,57,35.7,50.5,1,4,6,6,0.25,6,,,,,,3,4,4,0.07,3,,,,,,,,,,,,,,,,,,,,,,,,,,,,,,,,,,,,,,,,,,,,,,,,,,,,,,,,4181,花本 夏樹,90期,三重,三重,43,B1,,0,0,0.21,3.42,8.1,25.5,5.22,33.3,55.5,0,47,19.5,37.1,0,13,32.6,48.9,10,2,4,6,0.21,6,7,3,3,0.21,3,,,,,,9,1,1,0.35,4,,,,,,,,,,,,,,,,,,,,,,,,,,,,,,,,,,,,,,,,,,,,,,,,,,,3721,守田 俊介,74期,滋賀,京都,50,A1,,0,0,0.13,6.64,42.9,57.8,7.88,60.6,81.8,0,15,31.3,47.0,0,20,25.7,43.5,,7,4,4,0.08,1,12,1,1,0.04,1,7,6,6,0.12,3,11,2,2,0.09,4,,,,,,,,,,,,,,,,,,,,,,,,,,,,,,,,,,,,,,,,,,,,,,,,,,,4049,荒川 健太,85期,三重,三重,45,A2,,0,0,0.17,6.42,44.7,68.2,6.11,40.0,48.5,0,69,29.5,45.9,0,51,32.3,53.5,9,4,5,5,0.22,4,10,2,2,0.08,2,5,1,1,0.04,1,11,4,4,0.06,5,,,,,,,,,,,,,,,,,,,,,,,,,,,,,,,,,,,,,,,,,,,,,,,,,,
202608061006,2026-08-06,10,06R,4632,長尾 京志郎,107期,福岡,福岡,37,B1,,0,0,0.2,4.65,26.6,46.6,3.83,0.0,16.6,0,31,34.0,47.8,0,25,32.9,50.5,12,2,5,5,0.15,4,11,4,4,0.1,4,5,2,2,0.07,2,,,,,,,,,,,,,,,,,,,,,,,,,,,,,,,,,,,,,,,,,,,,,,,,,,,,,,,,3963,原田 秀弥,82期,大阪,奈良,47,A2,,0,0,0.17,5.73,36.6,60.4,6.0,31.8,75.0,0,42,49.4,66.3,0,72,31.6,50.0,11,2,1,1,0.09,1,8,3,3,0.09,1,,,,,,8,5,5,0.13,4,,,,,,,,,,,,,,,,,,,,,,,,,,,,,,,,,,,,,,,,,,,,,,,,,,,5006,久保原 秀人,121期,群馬,群馬,29,B1,,0,0,0.2,3.05,10.4,22.0,4.11,24.3,29.7,0,29,28.7,43.5,0,41,18.8,27.5,,3,2,2,0.18,3,9,5,5,0.17,6,2,6,6,0.25,6,,,,,,,,,,,,,,,,,,,,,,,,,,,,,,,,,,,,,,,,,,,,,,,,,,,,,,,,5425,西山 育,137期,三重,三重,24,B2,,0,0,0.27,1.39,0.0,1.7,0.0,0.0,0.0,0,46,41.6,64.5,0,43,29.7,45.5,1,5,6,6,0.31,6,,,,,,6,5,5,0.1,6,,,,,,,,,,,,,,,,,,,,,,,,,,,,,,,,,,,,,,,,,,,,,,,,,,,,,,,,4977,馬野 耀,120期,大阪,大阪,32,A2,,0,0,0.16,6.16,41.1,64.4,6.4,45.0,60.0,0,12,34.0,48.3,0,54,29.2,42.4,10,,,,,,10,6,6,0.07,4,2,2,2,0.12,2,10,2,3,0.09,2,,,,,,,,,,,,,,,,,,,,,,,,,,,,,,,,,,,,,,,,,,,,,,,,,,,4991,宗行 治哉,120期,広島,広島,29,A1,,0,0,0.18,6.98,47.1,71.2,5.17,27.7,50.0,0,70,32.2,47.3,0,34,36.0,51.5,,2,2,2,0.16,3,12,5,5,0.09,5,3,1,1,0.17,2,8,4,4,0.13,5,,,,,,,,,,,,,,,,,,,,,,,,,,,,,,,,,,,,,,,,,,,,,,,,,,
202608061007,2026-08-06,10,07R,4219,本岡 勝利,92期,広島,広島,44,B1,,1,0,0.19,3.96,11.6,25.9,4.67,16.6,16.6,0,32,22.9,45.8,0,62,32.3,45.4,1,4,2,2,0.23,2,,,,,,2,4,4,0.28,4,11,3,3,0.09,6,,,,,,,,,,,,,,,,,,,,,,,,,,,,,,,,,,,,,,,,,,,,,,,,,,,3918,深井 利寿,81期,滋賀,滋賀,51,A1,,0,0,0.18,6.67,45.5,71.4,5.08,23.0,38.4,0,11,20.2,34.8,0,66,33.3,53.7,12,,,,,,9,4,4,0.24,3,1,1,1,0.09,2,8,3,3,0.1,2,,,,,,,,,,,,,,,,,,,,,,,,,,,,,,,,,,,,,,,,,,,,,,,,,,,3889,須藤 隆雄,80期,群馬,栃木,51,B1,,0,0,0.18,3.75,20.2,27.5,4.18,28.5,32.1,0,37,32.6,49.4,0,19,43.6,58.6,3,,,,,,8,1,1,0.04,2,3,6,6,0.11,6,10,1,2,0.17,5,,,,,,,,,,,,,,,,,,,,,,,,,,,,,,,,,,,,,,,,,,,,,,,,,,,3745,橋本 年光,75期,兵庫,兵庫,51,B1,,0,0,0.19,5.37,33.3,54.7,6.0,44.2,61.5,0,56,27.4,42.1,0,29,26.3,42.8,2,3,5,5,0.19,5,11,1,1,0.12,3,4,6,6,0.17,6,,,,,,,,,,,,,,,,,,,,,,,,,,,,,,,,,,,,,,,,,,,,,,,,,,,,,,,,4469,土山 卓也,101期,福井,福井,39,A2,,0,0,0.17,6.02,41.4,57.5,5.76,33.5,55.4,0,38,25.0,37.0,0,65,27.6,46.8,,3,1,1,0.23,2,10,3,3,0.07,5,5,6,6,0.11,3,12,2,2,0.19,3,,,,,,,,,,,,,,,,,,,,,,,,,,,,,,,,,,,,,,,,,,,,,,,,,,,4826,井上 一輝,114期,大阪,大阪,32,A1,,0,0,0.13,7.06,52.9,72.5,7.37,55.5,74.0,0,58,34.6,51.4,0,67,27.0,43.5,11,1,1,1,0.2,1,12,3,3,0.06,4,5,5,5,0.11,5,10,3,4,0.12,1,,,,,,,,,,,,,,,,,,,,,,,,,,,,,,,,,,,,,,,,,,,,,,,,,,
202608061008,2026-08-06,10,08R,5020,宮村 勇哉,122期,三重,三重,34,B1,,0,0,0.18,4.92,30.1,48.3,4.07,13.3,40.0,0,28,33.6,58.9,0,49,24.7,45.1,,1,4,4,0.14,3,8,5,5,0.05,5,3,2,2,0.12,5,,,,,,,,,,,,,,,,,,,,,,,,,,,,,,,,,,,,,,,,,,,,,,,,,,,,,,,,4529,嶋 義信,103期,香川,香川,37,A1,,0,0,0.14,5.33,33.3,49.3,6.0,33.3,58.9,0,34,28.8,43.3,0,40,34.0,52.1,12,4,1,1,0.22,1,11,3,3,0.09,2,,,,,,10,5,6,0.19,3,,,,,,,,,,,,,,,,,,,,,,,,,,,,,,,,,,,,,,,,,,,,,,,,,,,4239,竹田 辰也,92期,山口,山口,42,A1,,0,0,0.15,6.5,54.4,67.7,6.1,41.9,64.5,0,45,39.1,57.7,0,21,39.3,50.5,1,6,5,5,0.25,5,12,2,2,0.04,3,,,,,,9,6,6,0.29,1,,,,,,,,,,,,,,,,,,,,,,,,,,,,,,,,,,,,,,,,,,,,,,,,,,,4906,鈴木 雅希,117期,東京,神奈川,31,A2,,0,0,0.18,5.41,35.4,53.1,4.91,25.0,50.0,0,53,31.9,46.8,0,70,31.6,46.9,3,6,2,2,0.19,1,11,6,6,0.15,5,6,3,3,0.07,3,10,4,5,0.15,4,,,,,,,,,,,,,,,,,,,,,,,,,,,,,,,,,,,,,,,,,,,,,,,,,,,5350,網代 良芽,134期,兵庫,兵庫,22,B1,,1,0,0.15,5.15,26.8,48.3,2.35,3.8,23.0,0,57,40.8,61.2,0,24,38.3,62.6,4,5,4,4,0.19,2,,,,,,1,3,3,0.12,1,11,6,6,0.06,3,,,,,,,,,,,,,,,,,,,,,,,,,,,,,,,,,,,,,,,,,,,,,,,,,,,5166,仲道 大輔,127期,愛知,愛知,26,A2,,0,0,0.16,6.17,40.9,64.7,8.67,83.3,100.0,0,50,32.6,52.4,0,32,36.1,51.8,,5,2,2,0.19,1,9,3,3,0.17,4,4,5,5,0.13,4,11,1,1,0.07,1,,,,,,,,,,,,,,,,,,,,,,,,,,,,,,,,,,,,,,,,,,,,,,,,,,
202608061009,2026-08-06,10,09R,4896,花本 剛,117期,山口,山口,34,B1,,1,0,0.18,3.76,17.5,32.4,3.4,5.0,30.0,0,21,29.7,46.5,0,50,33.6,48.9,,3,4,4,0.21,4,,,,,,2,5,5,0.28,5,7,3,3,0.07,2,,,,,,,,,,,,,,,,,,,,,,,,,,,,,,,,,,,,,,,,,,,,,,,,,,,4905,土井 祥伍,117期,大阪,大阪,31,B1,,0,0,0.21,4.52,20.9,39.5,4.89,33.3,44.4,0,43,44.2,62.1,0,11,29.1,55.2,2,,,,,,9,1,1,0.19,1,1,6,6,0.19,5,12,3,3,0.21,6,,,,,,,,,,,,,,,,,,,,,,,,,,,,,,,,,,,,,,,,,,,,,,,,,,,4049,荒川 健太,85期,三重,三重,45,A2,,0,0,0.17,6.42,44.7,68.2,6.11,40.0,48.5,0,69,29.5,45.9,0,51,32.3,53.5,5,4,5,5,0.22,4,10,2,2,0.08,2,5,1,1,0.04,1,11,4,4,0.06,5,,,,,,,,,,,,,,,,,,,,,,,,,,,,,,,,,,,,,,,,,,,,,,,,,,,4967,中村 魁生,119期,大阪,大阪,28,A1,,1,0,0.15,6.71,46.8,72.0,6.04,45.8,66.6,0,16,20.4,36.5,0,30,36.1,47.8,4,,,,,,7,6,6,0.12,6,6,2,2,0.07,2,11,5,5,0.06,2,,,,,,,,,,,,,,,,,,,,,,,,,,,,,,,,,,,,,,,,,,,,,,,,,,,4134,杉山 貴博,89期,東京,千葉,46,A2,,0,0,0.16,5.44,34.3,55.2,6.5,45.0,65.0,0,63,35.1,47.8,0,22,26.3,46.3,,4,4,4,0.19,3,9,6,6,0.19,2,4,1,1,0.13,1,9,4,3,0.26,2,,,,,,,,,,,,,,,,,,,,,,,,,,,,,,,,,,,,,,,,,,,,,,,,,,,4495,森 晋太郎,102期,福岡,福岡,39,B2,,0,0,0.14,5.81,39.6,60.3,5.71,42.8,57.1,0,40,34.0,55.3,0,12,45.6,60.4,3,6,3,3,0.18,2,,,,,,6,1,1,0.04,1,12,5,4,0.15,2,,,,,,,,,,,,,,,,,,,,,,,,,,,,,,,,,,,,,,,,,,,,,,,,,,
202608061010,2026-08-06,10,10R,3660,長谷川 親王,73期,香川,香川,57,B1,,0,0,0.19,3.54,11.3,26.5,4.67,33.3,44.4,0,52,40.4,53.9,0,36,26.8,37.6,,1,6,6,0.23,6,9,2,2,0.23,5,5,3,3,0.06,6,,,,,,,,,,,,,,,,,,,,,,,,,,,,,,,,,,,,,,,,,,,,,,,,,,,,,,,,4181,花本 夏樹,90期,三重,三重,43,B1,,0,0,0.21,3.42,8.1,25.5,5.22,33.3,55.5,0,47,19.5,37.1,0,13,32.6,48.9,5,2,4,6,0.21,6,7,3,3,0.21,3,,,,,,9,1,1,0.35,4,,,,,,,,,,,,,,,,,,,,,,,,,,,,,,,,,,,,,,,,,,,,,,,,,,,4574,東 潤樹,105期,広島,愛媛,37,A2,,0,0,0.17,5.38,35.7,54.7,4.58,12.5,50.0,0,25,34.6,45.9,0,31,42.8,56.0,2,7,2,2,0.17,4,11,5,5,0.11,6,,,,,,7,4,4,0.04,4,,,,,,,,,,,,,,,,,,,,,,,,,,,,,,,,,,,,,,,,,,,,,,,,,,,4977,馬野 耀,120期,大阪,大阪,32,A2,,0,0,0.16,6.16,41.1,64.4,6.4,45.0,60.0,0,12,34.0,48.3,0,54,29.2,42.4,6,,,,,,10,6,6,0.07,4,2,2,2,0.12,2,10,2,3,0.09,2,,,,,,,,,,,,,,,,,,,,,,,,,,,,,,,,,,,,,,,,,,,,,,,,,,,4688,永井 彪也,109期,東京,東京,33,A1,,0,0,0.13,7.0,57.4,70.3,6.75,46.8,65.6,0,13,36.7,54.0,0,45,18.0,39.3,4,8,6,6,0.09,3,12,4,4,0.05,2,4,3,3,0.17,3,12,1,1,0.21,1,,,,,,,,,,,,,,,,,,,,,,,,,,,,,,,,,,,,,,,,,,,,,,,,,,,4514,上條 嘉嗣,102期,大阪,大阪,36,A1,,0,0,0.19,6.71,56.9,70.7,6.33,50.0,63.4,0,27,35.7,50.5,0,38,35.0,46.3,,5,5,5,0.29,4,11,2,2,0.11,1,2,1,1,0.17,1,9,5,4,0.31,3,,,,,,,,,,,,,,,,,,,,,,,,,,,,,,,,,,,,,,,,,,,,,,,,,,
202608061011,2026-08-06,10,11R,4876,梅木 敬太,116期,福井,福井,31,B1,,0,0,0.17,4.93,28.5,46.9,4.8,30.8,44.7,0,60,36.0,51.0,0,26,40.6,57.1,1,1,2,2,0.18,2,7,5,5,0.15,2,6,6,6,0.11,5,,,,,,,,,,,,,,,,,,,,,,,,,,,,,,,,,,,,,,,,,,,,,,,,,,,,,,,,4826,井上 一輝,114期,大阪,大阪,32,A1,,0,0,0.13,7.06,52.9,72.5,7.37,55.5,74.0,0,58,34.6,51.4,0,67,27.0,43.5,7,1,1,1,0.2,1,12,3,3,0.06,4,5,5,5,0.11,5,10,3,4,0.12,1,,,,,,,,,,,,,,,,,,,,,,,,,,,,,,,,,,,,,,,,,,,,,,,,,,,4523,中村 辰也,103期,長崎,長崎,38,A2,,0,0,0.15,5.67,37.0,62.0,5.42,42.4,51.5,0,61,34.3,43.7,0,28,51.0,66.3,4,,,,,,8,4,4,0.07,4,8,2,2,0.11,1,12,4,5,0.17,4,,,,,,,,,,,,,,,,,,,,,,,,,,,,,,,,,,,,,,,,,,,,,,,,,,,3963,原田 秀弥,82期,大阪,奈良,47,A2,,0,0,0.17,5.73,36.6,60.4,6.0,31.8,75.0,0,42,49.4,66.3,0,72,31.6,50.0,6,2,1,1,0.09,1,8,3,3,0.09,1,,,,,,8,5,5,0.13,4,,,,,,,,,,,,,,,,,,,,,,,,,,,,,,,,,,,,,,,,,,,,,,,,,,,5015,高橋 竜矢,121期,広島,広島,28,A1,,0,0,0.14,6.89,55.4,75.0,0.0,0.0,0.0,0,17,35.7,56.8,0,56,29.0,44.0,3,5,1,1,0.21,3,10,4,4,0.09,3,7,2,2,0.12,5,12,6,6,0.18,5,,,,,,,,,,,,,,,,,,,,,,,,,,,,,,,,,,,,,,,,,,,,,,,,,,,5091,為本 智也,124期,福井,石川,25,B1,,0,0,0.17,6.3,47.3,66.6,6.08,43.4,61.7,0,41,21.2,41.4,0,37,34.4,47.1,2,2,3,3,0.12,2,,,,,,3,5,5,0.08,1,7,1,1,0.04,1,,,,,,,,,,,,,,,,,,,,,,,,,,,,,,,,,,,,,,,,,,,,,,,,,,
202608061012,2026-08-06,10,12R,5267,石本 裕武,131期,大阪,大阪,25,A1,,0,0,0.15,6.48,48.9,59.5,6.16,46.5,60.4,0,30,45.6,64.1,0,58,36.5,52.6,2,3,3,3,0.19,1,12,6,6,0.09,6,6,4,4,0.05,4,,,,,,,,,,,,,,,,,,,,,,,,,,,,,,,,,,,,,,,,,,,,,,,,,,,,,,,,4561,藤山 翔大,104期,大阪,大阪,35,A2,,1,0,0.18,5.84,42.2,56.7,4.88,36.0,44.0,0,39,31.9,58.7,0,47,32.6,50.5,5,6,4,4,0.29,3,,,,,,3,3,3,0.11,4,9,2,5,0.47,6,,,,,,,,,,,,,,,,,,,,,,,,,,,,,,,,,,,,,,,,,,,,,,,,,,,4632,長尾 京志郎,107期,福岡,福岡,37,B1,,0,0,0.2,4.65,26.6,46.6,3.83,0.0,16.6,0,31,34.0,47.8,0,25,32.9,50.5,6,2,5,5,0.15,4,11,4,4,0.1,4,5,2,2,0.07,2,,,,,,,,,,,,,,,,,,,,,,,,,,,,,,,,,,,,,,,,,,,,,,,,,,,,,,,,4529,嶋 義信,103期,香川,香川,37,A1,,0,0,0.14,5.33,33.3,49.3,6.0,33.3,58.9,0,34,28.8,43.3,0,40,34.0,52.1,8,4,1,1,0.22,1,11,3,3,0.09,2,,,,,,10,5,6,0.19,3,,,,,,,,,,,,,,,,,,,,,,,,,,,,,,,,,,,,,,,,,,,,,,,,,,,3918,深井 利寿,81期,滋賀,滋賀,51,A1,,0,0,0.18,6.67,45.5,71.4,5.08,23.0,38.4,0,11,20.2,34.8,0,66,33.3,53.7,7,,,,,,9,4,4,0.24,3,1,1,1,0.09,2,8,3,3,0.1,2,,,,,,,,,,,,,,,,,,,,,,,,,,,,,,,,,,,,,,,,,,,,,,,,,,,4226,村田 浩司,92期,山口,山口,43,B1,,0,0,0.15,4.4,22.4,44.9,4.16,16.0,40.0,0,67,24.2,37.8,0,59,30.5,47.3,3,1,5,5,0.14,4,10,1,1,0.15,1,4,4,4,0.17,5,,,,,,,,,,,,,,,,,,,,,,,,,,,,,,,,,,,,,,,,,,,,,,,,,,,,,,,
202608061201,2026-08-06,12,01R,5186,遠藤 圭吾,128期,東京,神奈川,26,B1,,0,0,0.19,4.67,28.7,42.5,3.59,18.5,29.6,0,68,29.1,40.2,0,50,37.1,58.9,,,,,,,9,6,6,0.11,6,2,3,3,0.21,6,7,5,5,0.09,4,,,,,,,,,,,,,,,,,,,,,,,,,,,,,,,,,,,,,,,,,,,,,,,,,,,4950,高岡 竜也,119期,山口,山口,33,A1,,0,0,0.16,6.55,49.5,64.8,7.29,64.2,75.0,0,77,38.4,53.8,0,14,32.8,44.7,8,,,,,,11,1,1,0.22,4,3,5,5,0.16,2,11,3,3,0.09,6,,,,,,,,,,,,,,,,,,,,,,,,,,,,,,,,,,,,,,,,,,,,,,,,,,,4234,野相 弘司,92期,福岡,福岡,42,B1,,0,0,0.17,4.79,29.1,41.6,5.22,40.7,44.4,0,79,37.1,62.8,0,90,31.0,52.7,7,4,1,1,0.09,1,9,4,4,0.11,3,5,5,5,0.13,6,,,,,,,,,,,,,,,,,,,,,,,,,,,,,,,,,,,,,,,,,,,,,,,,,,,,,,,,3797,岩井 繁,77期,広島,広島,53,B1,,0,0,0.2,3.64,11.8,27.7,2.67,0.0,11.1,0,15,27.6,43.4,0,88,37.8,63.6,10,1,2,2,0.17,4,5,5,5,0.13,2,,,,,,7,1,1,0.11,1,,,,,,,,,,,,,,,,,,,,,,,,,,,,,,,,,,,,,,,,,,,,,,,,,,,4203,小倉 康典,91期,群馬,群馬,43,B1,,0,0,0.14,4.14,23.0,34.6,3.13,4.3,17.3,0,36,12.8,30.7,0,87,38.3,52.0,9,2,6,6,0.22,6,8,3,3,0.11,3,1,2,2,0.18,2,,,,,,,,,,,,,,,,,,,,,,,,,,,,,,,,,,,,,,,,,,,,,,,,,,,,,,,,4195,前川 守嗣,91期,福岡,沖縄,44,B1,,0,0,0.16,5.46,38.4,53.8,5.67,44.4,55.5,0,72,31.2,42.5,0,75,40.6,53.1,5,3,2,2,0.12,4,8,5,5,0.21,5,4,1,1,0.16,1,,,,,,,,,,,,,,,,,,,,,,,,,,,,,,,,,,,,,,,,,,,,,,,,,,,,,,,
202608061202,2026-08-06,12,02R,5235,岩田 凌,130期,大阪,和歌山,27,B2,,0,0,0.17,4.08,12.5,32.5,2.37,5.1,9.2,0,32,33.7,48.0,0,53,33.8,45.5,,1,3,3,0.14,5,,,,,,1,5,5,0.09,6,5,4,4,0.15,3,,,,,,,,,,,,,,,,,,,,,,,,,,,,,,,,,,,,,,,,,,,,,,,,,,,3790,佐口 達也,77期,群馬,群馬,54,B1,,0,0,0.2,4.73,25.2,43.4,5.31,38.4,46.1,0,13,27.2,40.2,0,83,34.7,50.0,10,1,1,1,0.1,1,6,3,3,0.2,6,,,,,,10,5,5,0.24,5,,,,,,,,,,,,,,,,,,,,,,,,,,,,,,,,,,,,,,,,,,,,,,,,,,,4644,山田 亮太,108期,東京,東京,47,A1,,0,0,0.14,6.63,47.5,72.5,6.6,40.0,75.0,0,50,22.3,39.4,0,77,30.7,53.8,11,,,,,,9,2,2,0.14,4,5,1,1,0.17,1,12,4,4,0.16,6,,,,,,,,,,,,,,,,,,,,,,,,,,,,,,,,,,,,,,,,,,,,,,,,,,,4457,神田 達也,101期,愛知,愛知,40,B1,,1,0,0.16,4.55,27.2,40.9,5.44,43.7,56.2,0,34,31.1,51.9,0,85,34.7,56.5,7,2,2,2,0.08,4,7,6,5,0.25,4,4,3,3,0.26,5,,,,,,,,,,,,,,,,,,,,,,,,,,,,,,,,,,,,,,,,,,,,,,,,,,,,,,,,4883,岡部 大輝,116期,東京,東京,30,A2,,0,0,0.16,6.2,44.6,63.8,6.25,46.4,64.2,0,66,26.6,44.0,0,32,33.3,44.4,12,6,6,6,0.13,4,11,3,3,0.09,1,,,,,,8,1,1,0.05,1,,,,,,,,,,,,,,,,,,,,,,,,,,,,,,,,,,,,,,,,,,,,,,,,,,,4081,樋口 範政,87期,愛知,愛知,47,B1,,0,0,0.19,5.24,32.0,48.0,4.95,36.8,47.3,0,67,32.8,46.0,0,35,32.3,49.3,6,1,5,5,0.1,3,8,1,1,0.09,2,,,,,,10,4,4,0.19,1,,,,,,,,,,,,,,,,,,,,,,,,,,,,,,,,,,,,,,,,,,,,,,,,,,
202608061203,2026-08-06,12,03R,3392,小森 信雄,64期,三重,三重,60,B1,,0,0,0.21,4.4,16.4,40.0,3.75,12.5,31.2,0,76,17.5,37.8,0,39,29.3,56.0,7,1,4,4,0.15,6,7,5,6,0.27,5,5,2,2,0.19,5,,,,,,,,,,,,,,,,,,,,,,,,,,,,,,,,,,,,,,,,,,,,,,,,,,,,,,,,4890,石川 諒,117期,山口,山口,37,A2,,0,0,0.14,6.04,38.9,65.2,5.44,22.2,66.6,0,69,34.2,50.6,0,64,27.1,38.2,10,3,4,4,0.02,1,9,1,1,0.16,2,,,,,,11,6,6,0.05,3,,,,,,,,,,,,,,,,,,,,,,,,,,,,,,,,,,,,,,,,,,,,,,,,,,,5031,渡辺 空依,122期,福岡,福岡,28,B1,,0,0,0.18,4.78,27.7,45.7,4.73,27.2,54.5,0,84,32.9,56.9,0,72,31.5,43.8,11,2,1,1,0.05,1,6,5,5,0.11,1,,,,,,11,2,2,0.16,5,,,,,,,,,,,,,,,,,,,,,,,,,,,,,,,,,,,,,,,,,,,,,,,,,,,5298,水谷 理人,132期,香川,香川,24,A1,,0,0,0.16,7.4,58.4,73.0,5.18,28.5,46.4,0,85,35.2,52.9,0,21,34.2,50.0,12,7,3,3,0.21,3,12,5,5,0.14,6,5,6,6,0.12,4,,,,,,,,,,,,,,,,,,,,,,,,,,,,,,,,,,,,,,,,,,,,,,,,,,,,,,,,5244,黒田 剛,130期,福岡,福岡,25,B1,,1,0,0.16,4.11,20.2,32.4,0.0,0.0,0.0,0,59,27.8,45.5,0,19,19.7,39.4,8,3,6,6,0.12,3,10,3,3,0.15,5,2,1,1,0.26,1,,,,,,,,,,,,,,,,,,,,,,,,,,,,,,,,,,,,,,,,,,,,,,,,,,,,,,,,4390,松本 弓雄,98期,徳島,高知,40,B1,,0,0,0.2,4.19,18.4,36.8,2.53,5.8,11.7,0,75,28.7,45.2,0,54,29.7,51.3,,,,,,,8,2,2,0.25,6,2,5,5,0.19,4,10,3,3,0.22,6,,,,,,,,,,,,,,,,,,,,,,,,,,,,,,,,,,,,,,,,,,,,,,,,,,
202608061204,2026-08-06,12,04R,5301,岩下 巧斗,132期,群馬,群馬,23,B1,,0,0,0.15,5.31,32.1,47.6,3.53,10.5,26.3,0,60,43.0,54.4,0,69,39.0,60.9,11,4,4,4,0.15,3,8,6,6,0.08,4,5,3,3,0.16,2,,,,,,,,,,,,,,,,,,,,,,,,,,,,,,,,,,,,,,,,,,,,,,,,,,,,,,,,3976,内田 圭,83期,山口,山口,49,B1,,0,0,0.17,3.35,15.6,22.8,4.0,23.5,35.2,0,11,44.0,58.6,0,56,30.1,36.9,,6,4,4,0.07,2,,,,,,3,3,3,0.23,4,8,6,6,0.15,2,,,,,,,,,,,,,,,,,,,,,,,,,,,,,,,,,,,,,,,,,,,,,,,,,,,4120,柘植 政浩,88期,滋賀,滋賀,45,A2,,0,0,0.16,6.0,43.5,61.5,6.16,44.7,63.1,0,82,36.7,62.0,0,29,35.1,51.3,12,4,6,6,0.14,4,10,2,2,0.14,2,,,,,,9,1,1,0.25,1,,,,,,,,,,,,,,,,,,,,,,,,,,,,,,,,,,,,,,,,,,,,,,,,,,,4944,田代 達也,119期,東京,東京,35,B1,,0,0,0.17,3.8,14.6,29.3,0.0,0.0,0.0,0,81,21.7,39.1,0,57,33.7,55.4,,,,,,,7,2,2,0.32,6,1,3,3,0.1,1,9,6,6,0.24,5,,,,,,,,,,,,,,,,,,,,,,,,,,,,,,,,,,,,,,,,,,,,,,,,,,,4083,福島 勇樹,87期,東京,東京,46,A1,,1,0,0.14,7.43,62.5,77.6,4.73,27.2,36.3,0,62,27.5,38.7,0,27,24.0,37.3,10,3,3,3,0.1,6,12,6,6,0.18,3,,,,,,10,2,2,0.19,4,,,,,,,,,,,,,,,,,,,,,,,,,,,,,,,,,,,,,,,,,,,,,,,,,,,5131,江藤 敦宏,126期,福岡,福岡,27,B1,,0,0,0.18,4.36,20.6,34.4,2.88,12.5,25.0,0,31,24.0,39.2,0,31,41.8,59.4,,2,3,3,0.09,3,,,,,,4,5,5,0.24,6,8,2,2,0.1,6,,,,,,,,,,,,,,,,,,,,,,,,,,,,,,,,,,,,,,,,,,,,,,,,,,
202608061205,2026-08-06,12,05R,4233,亀山 雅幸,92期,群馬,群馬,43,A2,,0,0,0.17,5.96,45.1,61.9,6.27,46.6,63.3,0,58,32.8,47.3,0,55,36.4,54.0,9,2,4,4,0.1,2,11,6,6,0.28,6,,,,,,9,3,3,0.22,6,,,,,,,,,,,,,,,,,,,,,,,,,,,,,,,,,,,,,,,,,,,,,,,,,,,4651,佐藤 大騎,108期,大阪,大阪,41,B1,,0,0,0.18,3.56,9.5,23.2,3.27,9.0,18.1,0,21,20.0,36.2,0,15,31.0,51.3,,2,5,5,0.12,5,,,,,,1,1,1,0.13,5,7,3,3,0.04,6,,,,,,,,,,,,,,,,,,,,,,,,,,,,,,,,,,,,,,,,,,,,,,,,,,,5138,村本 大成,126期,福岡,福岡,26,B1,,0,0,0.19,3.81,14.0,35.9,0.0,0.0,0.0,0,54,41.5,53.2,0,76,36.9,53.4,,4,5,5,0.16,6,,,,,,3,1,1,0.25,6,9,4,4,0.23,3,,,,,,,,,,,,,,,,,,,,,,,,,,,,,,,,,,,,,,,,,,,,,,,,,,,4195,前川 守嗣,91期,福岡,沖縄,44,B1,,0,0,0.16,5.46,38.4,53.8,5.67,44.4,55.5,0,72,31.2,42.5,0,75,40.6,53.1,1,3,2,2,0.12,4,8,5,5,0.21,5,4,1,1,0.16,1,,,,,,,,,,,,,,,,,,,,,,,,,,,,,,,,,,,,,,,,,,,,,,,,,,,,,,,,4231,鈴木 裕隆,92期,愛知,愛知,43,B1,,0,0,0.17,5.41,32.7,54.3,4.67,25.9,48.1,0,16,32.9,45.5,0,60,28.7,45.2,12,1,6,6,0.14,2,9,3,3,0.1,1,6,1,1,0.06,2,,,,,,,,,,,,,,,,,,,,,,,,,,,,,,,,,,,,,,,,,,,,,,,,,,,,,,,,4305,金子 拓矢,95期,群馬,栃木,42,A1,,0,0,0.15,6.46,44.4,64.2,6.91,55.8,67.6,0,28,23.1,46.3,0,22,38.8,59.7,10,4,2,2,0.12,2,12,3,3,0.13,2,,,,,,11,1,1,0.16,2,,,,,,,,,,,,,,,,,,,,,,,,,,,,,,,,,,,,,,,,,,,,,,,,,,
202608061206,2026-08-06,12,06R,3653,品川 賢次,72期,群馬,群馬,52,B2,,1,0,0.2,4.51,20.9,41.7,4.57,14.2,42.8,0,83,26.6,45.3,0,78,34.7,47.8,,5,3,3,0.32,5,,,,,,1,4,4,0.1,4,8,5,5,0.22,4,,,,,,,,,,,,,,,,,,,,,,,,,,,,,,,,,,,,,,,,,,,,,,,,,,,4761,山田 晃大,112期,滋賀,滋賀,36,A2,,0,0,0.14,5.71,33.3,53.1,5.82,27.2,54.5,0,27,40.2,63.6,0,51,35.0,52.5,,,,,,,7,1,1,0.24,1,6,5,5,0.12,3,11,4,4,0.1,1,,,,,,,,,,,,,,,,,,,,,,,,,,,,,,,,,,,,,,,,,,,,,,,,,,,4081,樋口 範政,87期,愛知,愛知,47,B1,,0,0,0.19,5.24,32.0,48.0,4.95,36.8,47.3,0,67,32.8,46.0,0,35,32.3,49.3,2,1,5,5,0.1,3,8,1,1,0.09,2,,,,,,10,4,4,0.19,1,,,,,,,,,,,,,,,,,,,,,,,,,,,,,,,,,,,,,,,,,,,,,,,,,,,3412,鈴木 博,64期,埼玉,埼玉,56,A1,,0,0,0.16,6.73,54.4,73.2,6.11,44.4,66.6,0,37,32.4,43.2,0,68,31.0,55.4,12,,,,,,10,1,1,0.12,4,7,2,2,0.12,2,11,5,5,0.1,4,,,,,,,,,,,,,,,,,,,,,,,,,,,,,,,,,,,,,,,,,,,,,,,,,,,4458,抹香 雄三,101期,広島,広島,40,B1,,0,0,0.15,5.3,29.3,51.0,2.88,12.5,25.0,0,30,18.1,36.3,0,82,51.5,62.1,10,3,1,1,0.09,5,7,4,4,0.18,2,3,6,6,0.15,3,,,,,,,,,,,,,,,,,,,,,,,,,,,,,,,,,,,,,,,,,,,,,,,,,,,,,,,,4175,川尻 泰輔,90期,埼玉,埼玉,43,A2,,0,0,0.14,5.8,45.1,57.3,2.38,12.5,12.5,0,23,25.6,40.5,0,74,21.7,39.7,,,,,,,9,5,5,0.09,5,3,4,4,0.09,1,12,2,2,0.18,2,,,,,,,,,,,,,,,,,,,,,,,,,,,,,,,,,,,,,,,,,,,,,,,,,,
202608061207,2026-08-06,12,07R,4457,神田 達也,101期,愛知,愛知,40,B1,,1,0,0.16,4.55,27.2,40.9,5.44,43.7,56.2,0,34,31.1,51.9,0,85,34.7,56.5,2,2,2,2,0.08,4,7,6,5,0.25,4,4,3,3,0.26,5,,,,,,,,,,,,,,,,,,,,,,,,,,,,,,,,,,,,,,,,,,,,,,,,,,,,,,,,3965,北中 元樹,82期,滋賀,滋賀,47,A1,,0,0,0.17,5.73,41.0,56.2,6.7,50.0,70.0,0,74,31.0,47.3,0,16,27.2,45.4,,,,,,,10,4,4,0.12,1,8,3,3,0.06,5,12,6,6,0.2,3,,,,,,,,,,,,,,,,,,,,,,,,,,,,,,,,,,,,,,,,,,,,,,,,,,,4335,若林 将,96期,東京,千葉,42,A1,,1,0,0.12,7.04,54.2,75.5,7.11,55.5,66.6,0,71,37.5,52.7,0,65,34.7,52.7,11,6,2,2,0.16,3,12,4,4,0.14,4,,,,,,9,5,5,0.17,2,,,,,,,,,,,,,,,,,,,,,,,,,,,,,,,,,,,,,,,,,,,,,,,,,,,3538,菊池 峰晴,69期,群馬,栃木,58,B2,,0,0,0.21,4.05,14.5,35.4,5.67,33.3,50.0,0,63,26.0,41.1,0,36,36.6,65.0,,6,1,1,0.24,5,,,,,,3,2,2,0.2,5,7,6,6,0.11,5,,,,,,,,,,,,,,,,,,,,,,,,,,,,,,,,,,,,,,,,,,,,,,,,,,,3392,小森 信雄,64期,三重,三重,60,B1,,0,0,0.21,4.4,16.4,40.0,3.75,12.5,31.2,0,76,17.5,37.8,0,39,29.3,56.0,3,1,4,4,0.15,6,7,5,6,0.27,5,5,2,2,0.19,5,,,,,,,,,,,,,,,,,,,,,,,,,,,,,,,,,,,,,,,,,,,,,,,,,,,,,,,,4234,野相 弘司,92期,福岡,福岡,42,B1,,0,0,0.17,4.79,29.1,41.6,5.22,40.7,44.4,0,79,37.1,62.8,0,90,31.0,52.7,1,4,1,1,0.09,1,9,4,4,0.11,3,5,5,5,0.13,6,,,,,,,,,,,,,,,,,,,,,,,,,,,,,,,,,,,,,,,,,,,,,,,,,,,,,,,
202608061208,2026-08-06,12,08R,4158,木場 雄二郎,90期,山口,山口,45,B1,,0,0,0.16,4.09,20.9,35.8,5.0,37.5,37.5,0,24,48.6,62.1,0,26,35.7,54.2,12,5,4,4,0.13,1,10,5,6,0.12,3,4,2,2,0.26,2,,,,,,,,,,,,,,,,,,,,,,,,,,,,,,,,,,,,,,,,,,,,,,,,,,,,,,,,4348,宮崎 奨,96期,香川,香川,40,A2,,0,0,0.17,5.97,44.6,60.7,5.42,33.3,58.3,0,12,26.3,36.8,0,52,27.4,43.8,,,,,,,11,5,5,0.17,3,4,6,6,0.21,4,12,3,3,0.2,5,,,,,,,,,,,,,,,,,,,,,,,,,,,,,,,,,,,,,,,,,,,,,,,,,,,5143,常盤 海心,126期,徳島,徳島,25,B1,,0,0,0.19,4.06,21.3,38.8,2.05,0.0,9.0,0,61,39.1,56.7,0,62,31.8,48.4,,5,2,2,0.32,6,,,,,,1,6,6,0.13,3,6,4,4,0.18,4,,,,,,,,,,,,,,,,,,,,,,,,,,,,,,,,,,,,,,,,,,,,,,,,,,,5244,黒田 剛,130期,福岡,福岡,25,B1,,1,0,0.16,4.11,20.2,32.4,0.0,0.0,0.0,0,59,27.8,45.5,0,19,19.7,39.4,3,3,6,6,0.12,3,10,3,3,0.15,5,2,1,1,0.26,1,,,,,,,,,,,,,,,,,,,,,,,,,,,,,,,,,,,,,,,,,,,,,,,,,,,,,,,,4137,君島 秀三,89期,滋賀,滋賀,45,A1,,0,0,0.14,6.51,45.9,68.8,5.88,34.1,58.5,0,19,36.8,61.8,0,73,34.2,50.0,,5,6,6,0.08,3,12,2,2,0.13,5,7,4,4,0.03,3,12,1,1,0.22,1,,,,,,,,,,,,,,,,,,,,,,,,,,,,,,,,,,,,,,,,,,,,,,,,,,,4950,高岡 竜也,119期,山口,山口,33,A1,,0,0,0.16,6.55,49.5,64.8,7.29,64.2,75.0,0,77,38.4,53.8,0,14,32.8,44.7,1,,,,,,11,1,1,0.22,4,3,5,5,0.16,2,11,3,3,0.09,6,,,,,,,,,,,,,,,,,,,,,,,,,,,,,,,,,,,,,,,,,,,,,,,,,,
202608061209,2026-08-06,12,09R,4203,小倉 康典,91期,群馬,群馬,43,B1,,0,0,0.14,4.14,23.0,34.6,3.13,4.3,17.3,0,36,12.8,30.7,0,87,38.3,52.0,1,2,6,6,0.22,6,8,3,3,0.11,3,1,2,2,0.18,2,,,,,,,,,,,,,,,,,,,,,,,,,,,,,,,,,,,,,,,,,,,,,,,,,,,,,,,,5354,渡邊 雄斗,134期,三重,宮崎,21,B1,,0,0,0.19,3.94,20.2,34.1,1.71,0.0,0.0,0,65,23.4,40.7,0,18,29.6,46.8,,4,3,3,0.21,5,,,,,,2,4,4,0.17,3,6,6,6,0.16,5,,,,,,,,,,,,,,,,,,,,,,,,,,,,,,,,,,,,,,,,,,,,,,,,,,,4350,篠崎 元志,96期,福岡,福岡,40,A1,,0,0,0.13,7.91,64.5,78.1,6.72,38.8,51.8,0,64,53.4,65.7,0,11,26.6,49.3,,8,4,4,0.15,1,12,1,1,0.11,1,6,2,2,0.08,1,12,5,5,0.19,4,,,,,,,,,,,,,,,,,,,,,,,,,,,,,,,,,,,,,,,,,,,,,,,,,,,3699,富永 正人,74期,埼玉,埼玉,53,B1,,0,0,0.19,4.09,19.7,31.8,5.09,31.8,40.9,0,78,10.1,24.6,0,28,34.7,49.2,,3,5,5,0.06,2,,,,,,2,6,6,0.25,5,9,2,2,0.24,4,,,,,,,,,,,,,,,,,,,,,,,,,,,,,,,,,,,,,,,,,,,,,,,,,,,4233,亀山 雅幸,92期,群馬,群馬,43,A2,,0,0,0.17,5.96,45.1,61.9,6.27,46.6,63.3,0,58,32.8,47.3,0,55,36.4,54.0,5,2,4,4,0.1,2,11,6,6,0.28,6,,,,,,9,3,3,0.22,6,,,,,,,,,,,,,,,,,,,,,,,,,,,,,,,,,,,,,,,,,,,,,,,,,,,4828,松山 将吾,114期,滋賀,京都,31,A1,,1,0,0.15,7.02,53.7,72.0,6.16,44.0,56.0,0,14,26.5,54.4,0,23,29.8,44.7,,,,,,,11,2,2,0.17,5,4,4,4,0.25,3,10,1,1,0.2,2,,,,,,,,,,,,,,,,,,,,,,,,,,,,,,,,,,,,,,,,,,,,,,,,,,
202608061210,2026-08-06,12,10R,4083,福島 勇樹,87期,東京,東京,46,A1,,1,0,0.14,7.43,62.5,77.6,4.73,27.2,36.3,0,62,27.5,38.7,0,27,24.0,37.3,4,3,3,3,0.1,6,12,6,6,0.18,3,,,,,,10,2,2,0.19,4,,,,,,,,,,,,,,,,,,,,,,,,,,,,,,,,,,,,,,,,,,,,,,,,,,,4458,抹香 雄三,101期,広島,広島,40,B1,,0,0,0.15,5.3,29.3,51.0,2.88,12.5,25.0,0,30,18.1,36.3,0,82,51.5,62.1,6,3,1,1,0.09,5,7,4,4,0.18,2,3,6,6,0.15,3,,,,,,,,,,,,,,,,,,,,,,,,,,,,,,,,,,,,,,,,,,,,,,,,,,,,,,,,3797,岩井 繁,77期,広島,広島,53,B1,,0,0,0.2,3.64,11.8,27.7,2.67,0.0,11.1,0,15,27.6,43.4,0,88,37.8,63.6,1,1,2,2,0.17,4,5,5,5,0.13,2,,,,,,7,1,1,0.11,1,,,,,,,,,,,,,,,,,,,,,,,,,,,,,,,,,,,,,,,,,,,,,,,,,,,4305,金子 拓矢,95期,群馬,栃木,42,A1,,0,0,0.15,6.46,44.4,64.2,6.91,55.8,67.6,0,28,23.1,46.3,0,22,38.8,59.7,5,4,2,2,0.12,2,12,3,3,0.13,2,,,,,,11,1,1,0.16,2,,,,,,,,,,,,,,,,,,,,,,,,,,,,,,,,,,,,,,,,,,,,,,,,,,,4890,石川 諒,117期,山口,山口,37,A2,,0,0,0.14,6.04,38.9,65.2,5.44,22.2,66.6,0,69,34.2,50.6,0,64,27.1,38.2,3,3,4,4,0.02,1,9,1,1,0.16,2,,,,,,11,6,6,0.05,3,,,,,,,,,,,,,,,,,,,,,,,,,,,,,,,,,,,,,,,,,,,,,,,,,,,3790,佐口 達也,77期,群馬,群馬,54,B1,,0,0,0.2,4.73,25.2,43.4,5.31,38.4,46.1,0,13,27.2,40.2,0,83,34.7,50.0,2,1,1,1,0.1,1,6,3,3,0.2,6,,,,,,10,5,5,0.24,5,,,,,,,,,,,,,,,,,,,,,,,,,,,,,,,,,,,,,,,,,,,,,,,,,,
202608061211,2026-08-06,12,11R,4335,若林 将,96期,東京,千葉,42,A1,,1,0,0.12,7.04,54.2,75.5,7.11,55.5,66.6,0,71,37.5,52.7,0,65,34.7,52.7,7,6,2,2,0.16,3,12,4,4,0.14,4,,,,,,9,5,5,0.17,2,,,,,,,,,,,,,,,,,,,,,,,,,,,,,,,,,,,,,,,,,,,,,,,,,,,4796,春園 功太,113期,三重,三重,34,A1,,0,0,0.15,6.31,48.0,65.6,6.88,58.8,64.7,0,18,25.6,39.7,0,38,25.6,37.1,,,,,,,11,4,4,0.08,2,6,3,3,0.12,6,10,6,6,0.19,3,,,,,,,,,,,,,,,,,,,,,,,,,,,,,,,,,,,,,,,,,,,,,,,,,,,4411,沢田 昭宏,99期,大阪,大阪,40,A2,,0,0,0.19,5.73,38.8,56.3,5.07,30.1,53.0,0,39,38.9,53.2,0,70,21.6,35.1,,5,1,1,0.26,4,,,,,,2,2,2,0.26,2,8,4,4,0.08,3,,,,,,,,,,,,,,,,,,,,,,,,,,,,,,,,,,,,,,,,,,,,,,,,,,,5031,渡辺 空依,122期,福岡,福岡,28,B1,,0,0,0.18,4.78,27.7,45.7,4.73,27.2,54.5,0,84,32.9,56.9,0,72,31.5,43.8,3,2,1,1,0.05,1,6,5,5,0.11,1,,,,,,11,2,2,0.16,5,,,,,,,,,,,,,,,,,,,,,,,,,,,,,,,,,,,,,,,,,,,,,,,,,,,5301,岩下 巧斗,132期,群馬,群馬,23,B1,,0,0,0.15,5.31,32.1,47.6,3.53,10.5,26.3,0,60,43.0,54.4,0,69,39.0,60.9,4,4,4,4,0.15,3,8,6,6,0.08,4,5,3,3,0.16,2,,,,,,,,,,,,,,,,,,,,,,,,,,,,,,,,,,,,,,,,,,,,,,,,,,,,,,,,4644,山田 亮太,108期,東京,東京,47,A1,,0,0,0.14,6.63,47.5,72.5,6.6,40.0,75.0,0,50,22.3,39.4,0,77,30.7,53.8,2,,,,,,9,2,2,0.14,4,5,1,1,0.17,1,12,4,4,0.16,6,,,,,,,,,,,,,,,,,,,,,,,,,,,,,,,,,,,,,,,,,,,,,,,,,,
202608061212,2026-08-06,12,12R,5298,水谷 理人,132期,香川,香川,24,A1,,0,0,0.16,7.4,58.4,73.0,5.18,28.5,46.4,0,85,35.2,52.9,0,21,34.2,50.0,3,7,3,3,0.21,3,12,5,5,0.14,6,5,6,6,0.12,4,,,,,,,,,,,,,,,,,,,,,,,,,,,,,,,,,,,,,,,,,,,,,,,,,,,,,,,,4231,鈴木 裕隆,92期,愛知,愛知,43,B1,,0,0,0.17,5.41,32.7,54.3,4.67,25.9,48.1,0,16,32.9,45.5,0,60,28.7,45.2,5,1,6,6,0.14,2,9,3,3,0.1,1,6,1,1,0.06,2,,,,,,,,,,,,,,,,,,,,,,,,,,,,,,,,,,,,,,,,,,,,,,,,,,,,,,,,4158,木場 雄二郎,90期,山口,山口,45,B1,,0,0,0.16,4.09,20.9,35.8,5.0,37.5,37.5,0,24,48.6,62.1,0,26,35.7,54.2,8,5,4,4,0.13,1,10,5,6,0.12,3,4,2,2,0.26,2,,,,,,,,,,,,,,,,,,,,,,,,,,,,,,,,,,,,,,,,,,,,,,,,,,,,,,,,4883,岡部 大輝,116期,東京,東京,30,A2,,0,0,0.16,6.2,44.6,63.8,6.25,46.4,64.2,0,66,26.6,44.0,0,32,33.3,44.4,2,6,6,6,0.13,4,11,3,3,0.09,1,,,,,,8,1,1,0.05,1,,,,,,,,,,,,,,,,,,,,,,,,,,,,,,,,,,,,,,,,,,,,,,,,,,,4120,柘植 政浩,88期,滋賀,滋賀,45,A2,,0,0,0.16,6.0,43.5,61.5,6.16,44.7,63.1,0,82,36.7,62.0,0,29,35.1,51.3,4,4,6,6,0.14,4,10,2,2,0.14,2,,,,,,9,1,1,0.25,1,,,,,,,,,,,,,,,,,,,,,,,,,,,,,,,,,,,,,,,,,,,,,,,,,,,3412,鈴木 博,64期,埼玉,埼玉,56,A1,,0,0,0.16,6.73,54.4,73.2,6.11,44.4,66.6,0,37,32.4,43.2,0,68,31.0,55.4,6,,,,,,10,1,1,0.12,4,7,2,2,0.12,2,11,5,5,0.1,4,,,,,,,,,,,,,,,,,,,,,,,,,,,,,,,,,,,,,,,,,,,,,,,,,,
202608061401,2026-08-06,14,01R,3304,烏野 賢太,60期,徳島,徳島,58,A1,,0,0,0.18,5.56,32.5,57.1,5.96,38.1,58.5,0,69,32.7,47.5,0,33,61.0,69.4,9,6,2,2,0.17,3,11,6,6,0.17,2,,,,,,,,,,,,,,,,,,,,,,,,,,,,,,,,,,,,,,,,,,,,,,,,,,,,,,,,,,,,,4167,片岡 秀樹,90期,徳島,徳島,44,B1,,0,0,0.16,4.13,17.3,32.0,4.83,26.5,47.0,0,74,31.6,55.0,0,17,38.3,56.6,,5,3,3,0.08,4,9,4,4,0.13,3,,,,,,,,,,,,,,,,,,,,,,,,,,,,,,,,,,,,,,,,,,,,,,,,,,,,,,,,,,,,,4865,立具 敬司,116期,大阪,和歌山,36,B2,,1,0,0.17,3.47,13.3,26.6,3.95,20.0,30.0,0,54,37.5,53.5,0,16,48.1,68.5,,3,4,4,0.33,6,7,2,2,0.28,6,,,,,,,,,,,,,,,,,,,,,,,,,,,,,,,,,,,,,,,,,,,,,,,,,,,,,,,,,,,,,3305,小野 信樹,60期,岡山,岡山,58,B1,,0,0,0.17,3.78,16.2,29.7,4.65,25.8,41.9,0,83,28.5,41.0,0,50,44.6,62.5,7,,,,,,10,1,1,0.22,4,,,,,,,,,,,,,,,,,,,,,,,,,,,,,,,,,,,,,,,,,,,,,,,,,,,,,,,,,,,,,3950,石川 哲秀,82期,大阪,大阪,50,B1,,0,0,0.15,3.79,21.7,30.7,4.56,33.3,40.7,0,55,42.3,55.9,0,69,31.6,53.3,10,5,2,2,0.19,5,,,,,,,,,,,,,,,,,,,,,,,,,,,,,,,,,,,,,,,,,,,,,,,,,,,,,,,,,,,,,,,,,,5423,高橋 嗣穏,137期,徳島,高知,24,B2,,1,0,0.22,1.22,0.0,0.0,1.09,0.0,0.0,0,17,32.3,56.9,0,77,56.2,72.9,5,2,6,6,0.35,6,,,,,,,,,,,,,,,,,,,,,,,,,,,,,,,,,,,,,,,,,,,,,,,,,,,,,,,,,,,,,,,,,
202608061402,2026-08-06,14,02R,4383,竹田 吉行,98期,徳島,徳島,41,A2,,1,0,0.17,5.59,38.9,54.7,5.75,38.2,55.2,0,25,32.3,50.0,0,76,35.0,54.3,11,6,3,3,0.15,5,,,,,,,,,,,,,,,,,,,,,,,,,,,,,,,,,,,,,,,,,,,,,,,,,,,,,,,,,,,,,,,,,,4000,松本 博昭,84期,広島,広島,49,A2,,0,0,0.17,6.07,43.9,59.8,5.54,33.3,53.8,0,77,35.4,54.8,0,19,31.0,48.2,10,7,6,6,0.08,3,11,3,3,0.15,5,,,,,,,,,,,,,,,,,,,,,,,,,,,,,,,,,,,,,,,,,,,,,,,,,,,,,,,,,,,,,4028,田村 隆信,85期,徳島,徳島,48,A1,,0,0,0.15,5.71,39.8,48.9,6.48,46.5,59.6,0,52,38.6,54.3,0,21,37.5,48.4,8,5,4,4,0.04,2,12,1,1,0.19,2,,,,,,,,,,,,,,,,,,,,,,,,,,,,,,,,,,,,,,,,,,,,,,,,,,,,,,,,,,,,,5154,村松 栄太,127期,広島,広島,30,B1,,0,0,0.18,4.84,27.6,44.6,3.67,16.6,33.3,0,71,41.8,63.6,0,55,29.5,36.0,9,,,,,,8,2,2,0.21,5,,,,,,,,,,,,,,,,,,,,,,,,,,,,,,,,,,,,,,,,,,,,,,,,,,,,,,,,,,,,,4708,半田 尚也,110期,広島,広島,37,B1,,1,0,0.18,4.03,17.7,32.2,3.77,14.2,31.4,0,33,41.8,61.8,0,60,32.2,57.6,6,3,3,3,0.26,3,,,,,,,,,,,,,,,,,,,,,,,,,,,,,,,,,,,,,,,,,,,,,,,,,,,,,,,,,,,,,,,,,,3477,近藤 稔也,66期,徳島,徳島,55,B1,,0,0,0.19,3.52,9.5,26.0,4.73,27.2,46.2,0,63,34.3,64.1,0,52,37.1,54.8,7,6,1,1,0.19,1,,,,,,,,,,,,,,,,,,,,,,,,,,,,,,,,,,,,,,,,,,,,,,,,,,,,,,,,,,,,,,,,,
202608061403,2026-08-06,14,03R,4839,四宮 与寛,115期,徳島,徳島,36,A2,,0,0,0.15,6.01,43.2,59.3,6.11,46.9,63.8,0,66,35.8,56.6,0,10,43.5,62.9,12,,,,,,9,3,3,0.08,1,,,,,,,,,,,,,,,,,,,,,,,,,,,,,,,,,,,,,,,,,,,,,,,,,,,,,,,,,,,,,4247,齊藤 優,93期,徳島,徳島,44,B1,,0,0,0.17,5.37,31.7,53.6,5.62,33.3,59.6,0,30,42.3,52.5,0,32,34.0,62.0,10,,,,,,8,5,4,0.13,4,,,,,,,,,,,,,,,,,,,,,,,,,,,,,,,,,,,,,,,,,,,,,,,,,,,,,,,,,,,,,3572,安田 政彦,70期,兵庫,大阪,54,B1,,0,0,0.2,5.27,31.0,51.4,0.0,0.0,0.0,0,24,31.0,44.8,0,18,35.5,45.7,,4,5,4,0.01,6,8,6,6,0.35,6,,,,,,,,,,,,,,,,,,,,,,,,,,,,,,,,,,,,,,,,,,,,,,,,,,,,,,,,,,,,,4672,守屋 大地,109期,岡山,岡山,40,B1,,0,0,0.18,4.21,23.9,34.3,4.65,23.9,39.1,0,15,57.8,68.4,0,81,31.3,50.7,7,5,6,6,0.01,3,,,,,,,,,,,,,,,,,,,,,,,,,,,,,,,,,,,,,,,,,,,,,,,,,,,,,,,,,,,,,,,,,,3333,丸尾 義孝,61期,徳島,徳島,58,A1,,0,0,0.15,6.38,47.3,66.0,6.62,46.6,70.3,0,19,34.9,53.9,0,74,41.1,56.8,11,1,1,1,0.26,1,,,,,,,,,,,,,,,,,,,,,,,,,,,,,,,,,,,,,,,,,,,,,,,,,,,,,,,,,,,,,,,,,,4374,永田 義紘,98期,広島,広島,42,B1,賞除,1,0,0.15,4.58,28.2,35.8,6.35,47.0,64.7,0,67,46.0,52.0,0,11,42.2,59.1,,5,5,5,0.01,F,,,,,,,,,,,,,,,,,,,,,,,,,,,,,,,,,,,,,,,,,,,,,,,,,,,,,,,,,,,,,,,,,
202608061404,2026-08-06,14,04R,3743,林 美憲,75期,徳島,徳島,51,A1,,0,0,0.15,5.29,39.4,50.8,6.41,47.7,64.4,0,37,46.3,57.4,0,56,39.2,53.5,,8,4,5,0.13,2,12,3,2,0.25,6,,,,,,,,,,,,,,,,,,,,,,,,,,,,,,,,,,,,,,,,,,,,,,,,,,,,,,,,,,,,,5343,小林 礼央,134期,広島,広島,23,B1,,0,0,0.16,3.9,18.9,34.1,2.82,9.0,18.1,0,32,30.5,57.6,0,37,39.6,56.6,9,4,6,6,0.05,4,,,,,,,,,,,,,,,,,,,,,,,,,,,,,,,,,,,,,,,,,,,,,,,,,,,,,,,,,,,,,,,,,,5249,三木 晴斗,130期,徳島,徳島,24,B1,,0,0,0.16,5.17,29.3,52.0,5.39,34.7,56.7,0,16,35.3,47.6,0,65,35.4,51.6,12,,,,,,7,4,4,0.15,5,,,,,,,,,,,,,,,,,,,,,,,,,,,,,,,,,,,,,,,,,,,,,,,,,,,,,,,,,,,,,4564,山本 景士郎,105期,広島,広島,38,B1,,0,0,0.19,4.58,22.7,42.5,4.92,30.7,46.1,0,82,70.5,84.3,0,67,39.6,50.0,8,2,1,1,0.17,2,8,3,3,0.14,3,,,,,,,,,,,,,,,,,,,,,,,,,,,,,,,,,,,,,,,,,,,,,,,,,,,,,,,,,,,,,4367,山口 修路,97期,福岡,福岡,40,B1,,0,0,0.23,4.26,16.6,40.2,4.48,21.7,43.4,0,22,29.1,50.0,0,24,33.9,54.2,,1,6,6,0.29,3,9,2,2,0.14,6,,,,,,,,,,,,,,,,,,,,,,,,,,,,,,,,,,,,,,,,,,,,,,,,,,,,,,,,,,,,,3853,岩崎 正哉,79期,福岡,福岡,53,A2,,0,0,0.2,5.83,34.5,55.1,5.38,34.3,50.0,0,62,37.1,48.3,0,72,34.7,52.1,10,3,1,1,0.22,2,11,4,4,0.13,6,,,,,,,,,,,,,,,,,,,,,,,,,,,,,,,,,,,,,,,,,,,,,,,,,,,,,,,,,,,,
202608061405,2026-08-06,14,05R,4343,村岡 賢,96期,広島,広島,41,B1,,0,0,0.17,4.83,22.1,44.2,4.36,16.6,41.6,0,61,30.5,54.2,0,64,36.2,59.4,,1,4,4,0.26,5,6,6,6,0.14,6,,,,,,,,,,,,,,,,,,,,,,,,,,,,,,,,,,,,,,,,,,,,,,,,,,,,,,,,,,,,,4571,菅 章哉,105期,徳島,徳島,38,A1,,1,0,0.14,5.72,35.1,41.8,7.33,60.3,68.4,0,58,32.6,50.0,0,53,48.4,59.3,10,2,5,4,0.25,1,12,6,6,0.26,5,,,,,,,,,,,,,,,,,,,,,,,,,,,,,,,,,,,,,,,,,,,,,,,,,,,,,,,,,,,,,4055,吉田 俊彦,86期,兵庫,兵庫,48,A2,,0,0,0.15,6.66,50.0,67.4,6.41,54.0,62.1,0,18,28.7,46.9,0,13,32.0,52.8,12,,,,,,11,1,1,0.19,1,,,,,,,,,,,,,,,,,,,,,,,,,,,,,,,,,,,,,,,,,,,,,,,,,,,,,,,,,,,,,3841,佐々木 和伸,78期,徳島,徳島,50,A2,,0,0,0.16,6.48,49.5,71.0,5.82,39.7,57.7,0,51,35.1,55.5,0,59,39.0,51.5,11,5,1,1,0.13,1,10,3,3,0.09,1,,,,,,,,,,,,,,,,,,,,,,,,,,,,,,,,,,,,,,,,,,,,,,,,,,,,,,,,,,,,,5423,高橋 嗣穏,137期,徳島,高知,24,B2,,1,0,0.22,1.22,0.0,0.0,1.09,0.0,0.0,0,17,32.3,56.9,0,77,56.2,72.9,1,2,6,6,0.35,6,,,,,,,,,,,,,,,,,,,,,,,,,,,,,,,,,,,,,,,,,,,,,,,,,,,,,,,,,,,,,,,,,,3361,岡部 浩,62期,徳島,徳島,57,B1,,0,0,0.19,3.97,20.5,32.8,4.34,22.8,35.2,0,34,30.3,42.4,0,38,27.5,46.5,,1,5,5,0.21,2,7,1,1,0.1,1,,,,,,,,,,,,,,,,,,,,,,,,,,,,,,,,,,,,,,,,,,,,,,,,,,,,,,,,,,,,
202608061406,2026-08-06,14,06R,4708,半田 尚也,110期,広島,広島,37,B1,,1,0,0.18,4.03,17.7,32.2,3.77,14.2,31.4,0,33,41.8,61.8,0,60,32.2,57.6,2,3,3,3,0.26,3,,,,,,,,,,,,,,,,,,,,,,,,,,,,,,,,,,,,,,,,,,,,,,,,,,,,,,,,,,,,,,,,,,4732,堀本 和也,111期,徳島,徳島,37,A2,,0,0,0.12,6.91,51.3,70.6,6.16,42.5,61.9,0,76,28.0,43.8,0,29,39.6,54.7,,4,3,3,0.05,3,10,5,5,0.08,2,,,,,,,,,,,,,,,,,,,,,,,,,,,,,,,,,,,,,,,,,,,,,,,,,,,,,,,,,,,,,3584,佐々木 英樹,70期,広島,広島,53,B1,,0,0,0.17,5.17,36.1,53.1,4.52,24.1,41.3,0,70,41.6,58.3,0,31,29.5,50.8,11,6,5,5,0.16,4,,,,,,,,,,,,,,,,,,,,,,,,,,,,,,,,,,,,,,,,,,,,,,,,,,,,,,,,,,,,,,,,,,4812,西野 雄貴,114期,徳島,徳島,36,A1,,0,0,0.14,7.43,59.7,79.1,7.14,57.4,67.3,0,50,36.8,52.6,0,75,39.3,60.6,12,7,3,3,0.16,2,12,5,5,0.15,1,,,,,,,,,,,,,,,,,,,,,,,,,,,,,,,,,,,,,,,,,,,,,,,,,,,,,,,,,,,,,3282,池本 輝明,59期,広島,広島,59,B1,,0,0,0.19,4.52,21.8,38.5,3.19,12.5,18.7,0,57,45.0,56.6,0,70,38.8,51.8,10,,,,,,9,1,1,0.13,2,,,,,,,,,,,,,,,,,,,,,,,,,,,,,,,,,,,,,,,,,,,,,,,,,,,,,,,,,,,,,3458,東 健介,66期,岡山,熊本,59,B1,,0,0,0.16,3.82,14.2,25.9,3.94,13.8,30.5,0,80,27.5,44.9,0,26,37.1,56.4,,1,3,3,0.27,6,8,1,1,0.1,1,,,,,,,,,,,,,,,,,,,,,,,,,,,,,,,,,,,,,,,,,,,,,,,,,,,,,,,,,,,,
202608061407,2026-08-06,14,07R,4672,守屋 大地,109期,岡山,岡山,40,B1,,0,0,0.18,4.21,23.9,34.3,4.65,23.9,39.1,0,15,57.8,68.4,0,81,31.3,50.7,3,5,6,6,0.01,3,,,,,,,,,,,,,,,,,,,,,,,,,,,,,,,,,,,,,,,,,,,,,,,,,,,,,,,,,,,,,,,,,,3523,寳田 亮治,68期,福岡,福岡,57,B1,,0,0,0.2,4.33,19.4,44.7,4.0,14.2,42.8,0,78,36.0,49.1,0,14,34.6,44.9,,2,3,3,0.18,3,7,5,5,0.07,4,,,,,,,,,,,,,,,,,,,,,,,,,,,,,,,,,,,,,,,,,,,,,,,,,,,,,,,,,,,,,4704,河野 大,110期,徳島,徳島,38,A1,,0,0,0.14,6.6,49.2,65.0,6.53,48.5,66.4,0,31,39.3,62.3,0,12,33.8,47.6,11,3,2,2,0.21,1,12,4,4,0.18,4,,,,,,,,,,,,,,,,,,,,,,,,,,,,,,,,,,,,,,,,,,,,,,,,,,,,,,,,,,,,,3477,近藤 稔也,66期,徳島,徳島,55,B1,,0,0,0.19,3.52,9.5,26.0,4.73,27.2,46.2,0,63,34.3,64.1,0,52,37.1,54.8,2,6,1,1,0.19,1,,,,,,,,,,,,,,,,,,,,,,,,,,,,,,,,,,,,,,,,,,,,,,,,,,,,,,,,,,,,,,,,,,3305,小野 信樹,60期,岡山,岡山,58,B1,,0,0,0.17,3.78,16.2,29.7,4.65,25.8,41.9,0,83,28.5,41.0,0,50,44.6,62.5,1,,,,,,10,1,1,0.22,4,,,,,,,,,,,,,,,,,,,,,,,,,,,,,,,,,,,,,,,,,,,,,,,,,,,,,,,,,,,,,4596,葛原 大陽,106期,徳島,徳島,43,A2,,1,0,0.15,5.87,36.7,61.5,6.28,46.1,64.2,0,79,52.8,66.0,0,78,30.7,40.0,12,2,4,5,0.2,4,11,2,2,0.21,4,,,,,,,,,,,,,,,,,,,,,,,,,,,,,,,,,,,,,,,,,,,,,,,,,,,,,,,,,,,,
202608061408,2026-08-06,14,08R,5199,垂水 悠,128期,徳島,徳島,24,B1,,0,0,0.11,4.65,27.3,42.8,5.03,29.2,48.0,0,14,42.1,57.8,0,54,40.0,60.0,,4,2,2,0.04,5,11,5,5,0.08,3,,,,,,,,,,,,,,,,,,,,,,,,,,,,,,,,,,,,,,,,,,,,,,,,,,,,,,,,,,,,,5016,宮田 龍馬,121期,兵庫,兵庫,28,A1,,0,0,0.14,6.62,38.2,70.7,6.5,45.0,75.0,0,29,50.0,60.0,0,51,30.7,52.3,12,4,1,1,0.01,1,,,,,,,,,,,,,,,,,,,,,,,,,,,,,,,,,,,,,,,,,,,,,,,,,,,,,,,,,,,,,,,,,,4636,赤池 修平,107期,徳島,徳島,36,B1,,0,0,0.18,3.59,18.8,30.4,4.4,26.9,39.3,0,27,36.5,47.6,0,82,30.3,46.4,,1,2,2,0.36,4,10,4,4,0.08,3,,,,,,,,,,,,,,,,,,,,,,,,,,,,,,,,,,,,,,,,,,,,,,,,,,,,,,,,,,,,,3616,中村 真,71期,福岡,福岡,53,B1,,0,0,0.16,4.95,27.0,55.4,0.0,0.0,0.0,0,38,36.6,58.3,0,23,34.9,52.3,,2,2,2,0.21,5,9,5,6,0.17,4,,,,,,,,,,,,,,,,,,,,,,,,,,,,,,,,,,,,,,,,,,,,,,,,,,,,,,,,,,,,,4028,田村 隆信,85期,徳島,徳島,48,A1,,0,0,0.15,5.71,39.8,48.9,6.48,46.5,59.6,0,52,38.6,54.3,0,21,37.5,48.4,2,5,4,4,0.04,2,12,1,1,0.19,2,,,,,,,,,,,,,,,,,,,,,,,,,,,,,,,,,,,,,,,,,,,,,,,,,,,,,,,,,,,,,4564,山本 景士郎,105期,広島,広島,38,B1,,0,0,0.19,4.58,22.7,42.5,4.92,30.7,46.1,0,82,70.5,84.3,0,67,39.6,50.0,4,2,1,1,0.17,2,8,3,3,0.14,3,,,,,,,,,,,,,,,,,,,,,,,,,,,,,,,,,,,,,,,,,,,,,,,,,,,,,,,,,,,,
202608061409,2026-08-06,14,09R,4039,村上 功祐,85期,大阪,大阪,47,B1,,0,0,0.15,5.55,41.9,55.2,4.76,28.0,44.0,0,59,38.8,51.8,0,27,35.4,43.7,,6,4,4,0.12,2,10,6,6,0.11,5,,,,,,,,,,,,,,,,,,,,,,,,,,,,,,,,,,,,,,,,,,,,,,,,,,,,,,,,,,,,,4063,市橋 卓士,86期,徳島,徳島,46,A1,,0,0,0.14,5.68,35.1,55.8,6.31,42.2,64.2,0,20,32.7,50.8,0,66,43.6,69.0,,4,4,5,0.01,2,12,2,3,0.19,3,,,,,,,,,,,,,,,,,,,,,,,,,,,,,,,,,,,,,,,,,,,,,,,,,,,,,,,,,,,,,5343,小林 礼央,134期,広島,広島,23,B1,,0,0,0.16,3.9,18.9,34.1,2.82,9.0,18.1,0,32,30.5,57.6,0,37,39.6,56.6,4,4,6,6,0.05,4,,,,,,,,,,,,,,,,,,,,,,,,,,,,,,,,,,,,,,,,,,,,,,,,,,,,,,,,,,,,,,,,,,3304,烏野 賢太,60期,徳島,徳島,58,A1,,0,0,0.18,5.56,32.5,57.1,5.96,38.1,58.5,0,69,32.7,47.5,0,33,61.0,69.4,1,6,2,2,0.17,3,11,6,6,0.17,2,,,,,,,,,,,,,,,,,,,,,,,,,,,,,,,,,,,,,,,,,,,,,,,,,,,,,,,,,,,,,5154,村松 栄太,127期,広島,広島,30,B1,,0,0,0.18,4.84,27.6,44.6,3.67,16.6,33.3,0,71,41.8,63.6,0,55,29.5,36.0,2,,,,,,8,2,2,0.21,5,,,,,,,,,,,,,,,,,,,,,,,,,,,,,,,,,,,,,,,,,,,,,,,,,,,,,,,,,,,,,5388,佐野 優都,135期,徳島,高知,19,B1,,2,0,0.14,3.92,17.6,35.2,4.25,20.9,43.2,0,65,42.1,59.6,0,28,48.2,64.2,,3,6,6,0.42,4,9,6,5,0.21,5,,,,,,,,,,,,,,,,,,,,,,,,,,,,,,,,,,,,,,,,,,,,,,,,,,,,,,,,,,,,
202608061410,2026-08-06,14,10R,3950,石川 哲秀,82期,大阪,大阪,50,B1,,0,0,0.15,3.79,21.7,30.7,4.56,33.3,40.7,0,55,42.3,55.9,0,69,31.6,53.3,1,5,2,2,0.19,5,,,,,,,,,,,,,,,,,,,,,,,,,,,,,,,,,,,,,,,,,,,,,,,,,,,,,,,,,,,,,,,,,,3853,岩崎 正哉,79期,福岡,福岡,53,A2,,0,0,0.2,5.83,34.5,55.1,5.38,34.3,50.0,0,62,37.1,48.3,0,72,34.7,52.1,4,3,1,1,0.22,2,11,4,4,0.13,6,,,,,,,,,,,,,,,,,,,,,,,,,,,,,,,,,,,,,,,,,,,,,,,,,,,,,,,,,,,,,3282,池本 輝明,59期,広島,広島,59,B1,,0,0,0.19,4.52,21.8,38.5,3.19,12.5,18.7,0,57,45.0,56.6,0,70,38.8,51.8,6,,,,,,9,1,1,0.13,2,,,,,,,,,,,,,,,,,,,,,,,,,,,,,,,,,,,,,,,,,,,,,,,,,,,,,,,,,,,,,4000,松本 博昭,84期,広島,広島,49,A2,,0,0,0.17,6.07,43.9,59.8,5.54,33.3,53.8,0,77,35.4,54.8,0,19,31.0,48.2,2,7,6,6,0.08,3,11,3,3,0.15,5,,,,,,,,,,,,,,,,,,,,,,,,,,,,,,,,,,,,,,,,,,,,,,,,,,,,,,,,,,,,,4571,菅 章哉,105期,徳島,徳島,38,A1,,1,0,0.14,5.72,35.1,41.8,7.33,60.3,68.4,0,58,32.6,50.0,0,53,48.4,59.3,5,2,5,4,0.25,1,12,6,6,0.26,5,,,,,,,,,,,,,,,,,,,,,,,,,,,,,,,,,,,,,,,,,,,,,,,,,,,,,,,,,,,,,4247,齊藤 優,93期,徳島,徳島,44,B1,,0,0,0.17,5.37,31.7,53.6,5.62,33.3,59.6,0,30,42.3,52.5,0,32,34.0,62.0,3,,,,,,8,5,4,0.13,4,,,,,,,,,,,,,,,,,,,,,,,,,,,,,,,,,,,,,,,,,,,,,,,,,,,,,,,,,,,,
202608061411,2026-08-06,14,11R,3757,畑 和宏,76期,広島,広島,54,A2,,0,0,0.16,5.53,37.8,56.7,5.08,23.0,50.0,0,12,32.2,45.1,0,83,40.0,48.3,,3,5,5,0.34,5,10,2,2,0.28,6,,,,,,,,,,,,,,,,,,,,,,,,,,,,,,,,,,,,,,,,,,,,,,,,,,,,,,,,,,,,,3584,佐々木 英樹,70期,広島,広島,53,B1,,0,0,0.17,5.17,36.1,53.1,4.52,24.1,41.3,0,70,41.6,58.3,0,31,29.5,50.8,6,6,5,5,0.16,4,,,,,,,,,,,,,,,,,,,,,,,,,,,,,,,,,,,,,,,,,,,,,,,,,,,,,,,,,,,,,,,,,,3333,丸尾 義孝,61期,徳島,徳島,58,A1,,0,0,0.15,6.38,47.3,66.0,6.62,46.6,70.3,0,19,34.9,53.9,0,74,41.1,56.8,3,1,1,1,0.26,1,,,,,,,,,,,,,,,,,,,,,,,,,,,,,,,,,,,,,,,,,,,,,,,,,,,,,,,,,,,,,,,,,,4383,竹田 吉行,98期,徳島,徳島,41,A2,,1,0,0.17,5.59,38.9,54.7,5.75,38.2,55.2,0,25,32.3,50.0,0,76,35.0,54.3,2,6,3,3,0.15,5,,,,,,,,,,,,,,,,,,,,,,,,,,,,,,,,,,,,,,,,,,,,,,,,,,,,,,,,,,,,,,,,,,4704,河野 大,110期,徳島,徳島,38,A1,,0,0,0.14,6.6,49.2,65.0,6.53,48.5,66.4,0,31,39.3,62.3,0,12,33.8,47.6,7,3,2,2,0.21,1,12,4,4,0.18,4,,,,,,,,,,,,,,,,,,,,,,,,,,,,,,,,,,,,,,,,,,,,,,,,,,,,,,,,,,,,,3841,佐々木 和伸,78期,徳島,徳島,50,A2,,0,0,0.16,6.48,49.5,71.0,5.82,39.7,57.7,0,51,35.1,55.5,0,59,39.0,51.5,5,5,1,1,0.13,1,10,3,3,0.09,1,,,,,,,,,,,,,,,,,,,,,,,,,,,,,,,,,,,,,,,,,,,,,,,,,,,,,,,,,,,,
202608061412,2026-08-06,14,12R,4812,西野 雄貴,114期,徳島,徳島,36,A1,,0,0,0.14,7.43,59.7,79.1,7.14,57.4,67.3,0,50,36.8,52.6,0,75,39.3,60.6,6,7,3,3,0.16,2,12,5,5,0.15,1,,,,,,,,,,,,,,,,,,,,,,,,,,,,,,,,,,,,,,,,,,,,,,,,,,,,,,,,,,,,,5249,三木 晴斗,130期,徳島,徳島,24,B1,,0,0,0.16,5.17,29.3,52.0,5.39,34.7,56.7,0,16,35.3,47.6,0,65,35.4,51.6,4,,,,,,7,4,4,0.15,5,,,,,,,,,,,,,,,,,,,,,,,,,,,,,,,,,,,,,,,,,,,,,,,,,,,,,,,,,,,,,4596,葛原 大陽,106期,徳島,徳島,43,A2,,1,0,0.15,5.87,36.7,61.5,6.28,46.1,64.2,0,79,52.8,66.0,0,78,30.7,40.0,7,2,4,5,0.2,4,11,2,2,0.21,4,,,,,,,,,,,,,,,,,,,,,,,,,,,,,,,,,,,,,,,,,,,,,,,,,,,,,,,,,,,,,4839,四宮 与寛,115期,徳島,徳島,36,A2,,0,0,0.15,6.01,43.2,59.3,6.11,46.9,63.8,0,66,35.8,56.6,0,10,43.5,62.9,3,,,,,,9,3,3,0.08,1,,,,,,,,,,,,,,,,,,,,,,,,,,,,,,,,,,,,,,,,,,,,,,,,,,,,,,,,,,,,,4055,吉田 俊彦,86期,兵庫,兵庫,48,A2,,0,0,0.15,6.66,50.0,67.4,6.41,54.0,62.1,0,18,28.7,46.9,0,13,32.0,52.8,5,,,,,,11,1,1,0.19,1,,,,,,,,,,,,,,,,,,,,,,,,,,,,,,,,,,,,,,,,,,,,,,,,,,,,,,,,,,,,,5016,宮田 龍馬,121期,兵庫,兵庫,28,A1,,0,0,0.14,6.62,38.2,70.7,6.5,45.0,75.0,0,29,50.0,60.0,0,51,30.7,52.3,8,4,1,1,0.01,1,,,,,,,,,,,,,,,,,,,,,,,,,,,,,,,,,,,,,,,,,,,,,,,,,,,,,,,,,,,,,,,,,
202608061701,2026-08-06,17,01R,4824,松井 洪弥,114期,三重,三重,33,A2,,0,0,0.12,5.84,40.5,53.7,6.77,53.8,64.1,0,56,32.4,48.7,0,13,35.5,53.5,11,3,4,4,0.04,5,8,5,5,0.09,2,8,2,2,0.19,1,12,6,6,0.19,5,,,,,,7,3,3,0.18,1,,,,,,,,,,,,,,,,,,,,,,,,,,,,,,,,,,,,,,,,,3372,加藤 雅之,63期,広島,広島,59,B2,,0,0,0.21,3.07,9.0,15.9,4.59,26.2,39.3,0,21,40.4,58.5,0,80,30.5,50.2,8,2,3,3,0.16,4,,,,,,1,5,6,0.28,4,8,5,5,0.16,5,2,1,1,0.19,1,,,,,,,,,,,,,,,,,,,,,,,,,,,,,,,,,,,,,,,,,,,,,,4358,松本 庸平,97期,三重,三重,41,B1,,0,0,0.22,4.14,27.8,36.7,3.63,21.0,31.5,0,70,34.9,48.6,0,31,28.3,45.1,6,6,1,1,0.24,3,,,,,,3,4,4,0.31,6,10,6,6,0.15,6,4,5,5,0.27,5,,,,,,,,,,,,,,,,,,,,,,,,,,,,,,,,,,,,,,,,,,,,,,3878,胡本 悟志,79期,山口,山口,49,B1,,0,0,0.17,4.47,21.0,35.5,3.71,14.2,28.5,0,34,37.0,53.4,0,76,35.8,55.5,7,6,3,3,0.24,4,,,,,,1,2,2,0.02,3,6,6,6,0.15,6,6,5,5,0.22,6,,,,,,,,,,,,,,,,,,,,,,,,,,,,,,,,,,,,,,,,,,,,,,5014,梶山 涼斗,121期,佐賀,佐賀,28,B1,,1,0,0.14,4.55,27.6,43.0,4.88,23.5,47.0,0,17,41.9,59.0,0,11,27.4,45.9,10,5,2,2,0.22,6,,,,,,2,3,3,0.11,2,10,4,4,0.06,4,3,6,6,0.15,4,,,,,,,,,,,,,,,,,,,,,,,,,,,,,,,,,,,,,,,,,,,,,,4396,大田 直弥,98期,山口,山口,40,B1,,0,0,0.2,5.11,29.3,47.8,3.89,13.8,33.3,0,63,33.3,48.4,0,69,29.7,50.5,9,,,,,,8,4,4,0.25,6,2,1,1,0.29,3,9,6,5,0.4,5,,,,,,10,3,3,0.1,1,,,,,,,,,,,,,,,,,,,,,,,,,,,,,,,,,,,,,,,,
202608061702,2026-08-06,17,02R,4572,渡部 悟,105期,大阪,大阪,37,B1,,0,0,0.16,5.48,35.9,52.4,4.64,25.0,39.2,0,29,33.1,52.4,0,30,27.6,47.0,12,4,4,4,0.19,3,,,,,,3,6,6,0.27,3,8,3,3,0.2,3,6,2,2,0.24,2,,,,,,,,,,,,,,,,,,,,,,,,,,,,,,,,,,,,,,,,,,,,,,4798,浜先 真範,113期,広島,広島,33,A1,,0,0,0.13,6.53,45.4,62.7,6.79,48.4,65.8,0,27,30.9,46.9,0,27,38.2,50.5,11,5,1,1,0.19,3,12,3,3,0.2,5,,,,,,10,5,5,0.06,3,7,5,6,0.1,4,12,4,4,0.08,4,,,,,,,,,,,,,,,,,,,,,,,,,,,,,,,,,,,,,,,,,4296,岡崎 恭裕,94期,福岡,福岡,39,A2,,0,0,0.14,5.96,37.0,59.2,6.0,40.0,40.0,0,82,31.7,47.6,0,64,29.6,49.5,9,5,6,6,0.2,4,11,2,2,0.21,3,,,,,,8,4,4,0.15,2,3,3,3,0.13,1,12,5,5,0.09,5,,,,,,,,,,,,,,,,,,,,,,,,,,,,,,,,,,,,,,,,,5245,倉富 大誠,130期,愛知,愛知,24,B1,,0,0,0.18,5.37,35.9,52.5,0.0,0.0,0.0,0,80,29.8,41.6,0,58,36.4,53.7,8,4,6,6,0.23,6,,,,,,1,3,3,0.04,1,10,2,2,0.09,5,5,5,5,0.2,6,,,,,,,,,,,,,,,,,,,,,,,,,,,,,,,,,,,,,,,,,,,,,,3606,川北 浩貴,71期,滋賀,滋賀,54,B1,,0,0,0.16,5.74,43.6,55.3,4.15,20.0,35.0,0,18,35.0,53.0,0,16,39.4,55.7,7,5,3,3,0.24,5,,,,,,2,4,4,0.22,6,8,6,6,0.17,4,,,,,,7,1,1,0.15,2,,,,,,,,,,,,,,,,,,,,,,,,,,,,,,,,,,,,,,,,,3812,山崎 聖司,77期,東京,千葉,50,B1,,0,0,0.18,4.02,14.0,35.9,4.33,16.6,44.4,0,71,34.4,51.9,0,39,35.3,47.2,10,2,2,2,0.14,2,11,5,5,0.25,5,,,,,,7,3,3,0.09,3,2,4,4,0.18,2,10,1,1,0.05,3,,,,,,,,,,,,,,,,,,,,,,,,,,,,,,,,,,,,,,,,
202608061703,2026-08-06,17,03R,4106,坂井 康嗣,88期,佐賀,佐賀,46,B1,,0,0,0.19,4.15,22.5,35.2,4.14,20.6,37.9,0,67,34.9,54.5,0,14,28.7,44.7,10,,,,,,7,6,6,0.19,3,3,2,2,0.14,4,11,5,5,0.16,4,,,,,,7,4,4,0.13,3,,,,,,,,,,,,,,,,,,,,,,,,,,,,,,,,,,,,,,,,,5358,増本 杏珠,134期,福岡,福岡,20,B2,,0,0,0.21,2.53,5.0,10.0,2.14,0.0,0.0,0,61,36.3,50.2,0,60,30.7,42.4,8,2,6,6,0.18,6,7,3,3,0.16,4,,,,,,7,1,1,0.13,4,,,,,,8,4,4,0.28,6,,,,,,,,,,,,,,,,,,,,,,,,,,,,,,,,,,,,,,,,,5087,佐藤 航,124期,埼玉,埼玉,26,A1,,1,0,0.15,6.21,49.0,63.2,7.1,50.0,75.0,0,72,45.2,62.6,0,19,37.7,50.8,11,6,2,2,0.17,1,12,6,6,0.11,2,7,4,5,0.06,2,12,1,1,0.14,1,,,,,,9,3,3,0.04,1,,,,,,,,,,,,,,,,,,,,,,,,,,,,,,,,,,,,,,,,,4103,山崎 善庸,88期,埼玉,東京,47,B1,,0,0,0.23,3.33,5.8,26.0,3.17,13.0,21.7,0,66,42.4,56.4,0,75,30.2,50.2,7,2,4,4,0.18,5,9,2,2,0.28,4,5,6,6,0.35,5,,,,,,1,3,3,0.15,3,9,1,1,0.1,2,,,,,,,,,,,,,,,,,,,,,,,,,,,,,,,,,,,,,,,,,4998,中村 かなえ,121期,東京,東京,32,B2,,0,0,0.14,4.4,25.0,38.3,2.89,11.1,22.2,0,58,42.6,57.3,0,35,37.5,54.6,9,1,4,4,0.09,5,6,6,6,0.14,2,4,2,2,0.09,2,,,,,,3,1,1,0.17,5,8,3,3,0.12,2,,,,,,,,,,,,,,,,,,,,,,,,,,,,,,,,,,,,,,,,,5160,藤森 陸斗,127期,福岡,福岡,27,A2,,0,0,0.15,6.1,42.8,65.1,3.69,17.2,31.0,0,30,40.7,59.2,0,79,31.1,44.8,12,3,2,2,0.08,2,9,3,3,0.22,2,,,,,,7,5,4,0.1,5,1,1,1,0.18,1,11,5,5,0.22,5,,,,,,,,,,,,,,,,,,,,,,,,,,,,,,,,,,,,,,,,
202608061704,2026-08-06,17,04R,5043,中村 日向,122期,香川,香川,27,A1,,0,0,0.13,7.28,56.6,70.7,6.88,50.0,62.5,0,57,38.7,57.3,0,34,28.1,45.0,,7,2,2,0.1,5,12,4,4,0.2,6,2,6,6,0.26,5,12,3,3,0.13,4,3,5,5,0.13,2,11,1,1,0.19,1,,,,,,,,,,,,,,,,,,,,,,,,,,,,,,,,,,,,,,,,,4376,藤田 靖弘,98期,静岡,静岡,42,A2,,0,0,0.15,5.74,42.2,56.0,5.36,45.4,54.5,0,39,32.6,51.4,0,71,33.4,46.1,11,6,5,5,0.18,6,,,,,,2,2,2,0.1,1,11,6,6,0.2,3,4,1,1,0.23,1,9,6,4,0.11,5,,,,,,,,,,,,,,,,,,,,,,,,,,,,,,,,,,,,,,,,,4286,平田 さやか,94期,東京,東京,42,A2,,0,0,0.15,6.06,43.2,62.7,5.97,44.8,58.6,0,52,34.1,54.6,0,22,32.8,48.6,10,5,4,4,0.16,2,10,1,1,0.16,1,6,3,3,0.16,1,,,,,,8,5,5,0.2,3,12,2,2,0.07,3,,,,,,,,,,,,,,,,,,,,,,,,,,,,,,,,,,,,,,,,,4196,田中 太一郎,91期,佐賀,佐賀,44,B1,,0,0,0.17,3.84,21.0,30.5,0.0,0.0,0.0,0,20,30.1,51.0,0,21,32.8,49.0,8,4,1,1,0.12,1,9,4,4,0.2,6,6,5,5,0.14,3,,,,,,2,2,2,0.25,3,11,3,3,0.16,4,,,,,,,,,,,,,,,,,,,,,,,,,,,,,,,,,,,,,,,,,4962,畑 竜生,119期,三重,三重,30,A2,,0,0,0.17,5.3,31.5,51.7,6.0,45.0,60.0,0,37,41.7,56.7,0,61,35.3,53.7,12,1,1,1,0.08,1,11,4,4,0.22,6,2,5,5,0.19,4,7,2,2,0.08,1,5,6,6,0.19,5,,,,,,,,,,,,,,,,,,,,,,,,,,,,,,,,,,,,,,,,,,,,,,3455,谷本 幸司,65期,愛知,愛知,55,B1,,0,0,0.17,4.87,31.7,46.1,5.42,31.5,52.6,0,81,32.0,47.8,0,68,36.2,48.7,,1,5,5,0.09,3,7,1,1,0.19,6,6,2,2,0.22,5,,,,,,1,4,4,0.12,4,6,3,3,0.12,5,,,,,,,,,,,,,,,,,,,,,,,,,,,,,,,,,,,,,,,,
202608061705,2026-08-06,17,05R,4236,松村 敏,92期,福岡,熊本,42,A1,,1,0,0.11,7.26,60.7,77.4,0.0,0.0,0.0,0,65,39.6,51.4,0,12,36.4,48.9,12,4,5,5,0.2,2,12,1,1,0.15,1,5,2,2,0.26,1,11,4,4,0.1,2,4,6,6,0.21,3,,,,,,,,,,,,,,,,,,,,,,,,,,,,,,,,,,,,,,,,,,,,,,4436,渋谷 明憲,100期,大阪,大阪,40,A1,,1,0,0.15,6.54,48.7,71.2,7.05,70.0,75.0,0,33,34.3,50.2,0,57,35.2,52.8,10,6,4,4,0.26,5,11,1,1,0.19,2,,,,,,9,3,3,0.12,2,4,2,2,0.15,4,12,6,6,0.16,6,,,,,,,,,,,,,,,,,,,,,,,,,,,,,,,,,,,,,,,,,5037,田頭 虎親,122期,香川,兵庫,28,B1,,0,0,0.18,5.73,46.8,59.4,5.09,40.6,43.7,0,38,49.0,67.7,0,32,34.7,51.4,11,5,5,5,0.22,1,,,,,,1,4,4,0.2,2,9,2,2,0.14,3,5,1,1,0.13,1,,,,,,,,,,,,,,,,,,,,,,,,,,,,,,,,,,,,,,,,,,,,,,4388,是澤 孝宏,98期,滋賀,京都,41,A2,,0,0,0.17,5.87,41.2,55.2,6.4,46.6,66.6,0,15,34.4,51.2,0,51,36.7,54.1,9,,,,,,9,1,1,0.18,1,5,5,5,0.17,4,12,2,2,0.1,2,6,4,4,0.14,3,12,3,3,0.04,2,,,,,,,,,,,,,,,,,,,,,,,,,,,,,,,,,,,,,,,,,4844,村上 奈穂,115期,広島,島根,33,B1,,0,0,0.18,4.13,20.8,34.0,4.5,24.2,41.4,0,36,33.4,48.8,0,26,26.7,51.5,,2,1,1,0.16,1,10,4,4,0.31,4,3,3,3,0.18,1,,,,,,1,2,2,0.16,2,8,6,6,0.32,4,,,,,,,,,,,,,,,,,,,,,,,,,,,,,,,,,,,,,,,,,4230,濱崎 直矢,92期,埼玉,埼玉,43,A2,賞除,1,0,0.16,6.73,50.6,68.8,7.82,77.2,81.8,0,16,34.0,50.5,0,15,29.5,46.0,,,,,,,7,5,5,0.14,1,1,1,1,0.03,F,11,2,2,0.18,6,6,6,6,0.22,4,,,,,,,,,,,,,,,,,,,,,,,,,,,,,,,,,,,,,,,,,,,,,
202608061706,2026-08-06,17,06R,4443,津田 裕絵,100期,山口,山口,39,B1,,0,0,0.19,5.59,39.6,56.0,5.89,36.9,60.8,0,51,37.4,54.1,0,70,27.2,36.3,,3,5,5,0.09,4,10,2,2,0.19,2,5,3,3,0.31,3,,,,,,4,4,4,0.24,2,10,6,6,0.17,6,,,,,,,,,,,,,,,,,,,,,,,,,,,,,,,,,,,,,,,,,4358,松本 庸平,97期,三重,三重,41,B1,,0,0,0.22,4.14,27.8,36.7,3.63,21.0,31.5,0,70,34.9,48.6,0,31,28.3,45.1,1,6,1,1,0.24,3,,,,,,3,4,4,0.31,6,10,6,6,0.15,6,4,5,5,0.27,5,,,,,,,,,,,,,,,,,,,,,,,,,,,,,,,,,,,,,,,,,,,,,,3811,石田 章央,77期,静岡,静岡,50,A1,,0,0,0.16,6.33,50.4,63.4,6.19,41.9,61.2,0,79,34.9,53.9,0,18,36.6,53.3,11,,,,,,9,6,6,0.13,5,4,1,1,0.08,1,10,3,3,0.07,1,5,4,4,0.18,3,11,2,2,0.16,3,,,,,,,,,,,,,,,,,,,,,,,,,,,,,,,,,,,,,,,,,3370,坪内 実,63期,大阪,大阪,59,B1,,1,0,0.18,3.74,17.7,33.8,3.06,12.9,19.3,0,62,30.8,47.5,0,20,30.5,49.4,,1,3,3,0.18,2,8,6,6,0.13,4,5,1,1,0.36,6,,,,,,1,5,5,0.12,6,7,2,2,0.28,5,,,,,,,,,,,,,,,,,,,,,,,,,,,,,,,,,,,,,,,,,4218,吉川 喜継,92期,滋賀,滋賀,44,A1,,0,0,0.15,6.39,49.4,69.4,5.87,40.0,63.3,0,24,34.7,50.8,0,66,33.1,51.0,12,3,3,3,0.04,1,12,2,2,0.2,3,,,,,,9,4,6,0.15,4,6,1,1,0.13,1,11,4,4,0.21,2,,,,,,,,,,,,,,,,,,,,,,,,,,,,,,,,,,,,,,,,,3641,一瀬 明,72期,東京,神奈川,55,A1,,0,0,0.17,6.21,44.5,62.3,7.0,60.0,65.0,0,25,38.9,57.7,0,23,33.7,57.0,,,,,,,8,3,3,0.25,3,6,1,1,0.35,4,12,5,5,0.34,6,3,4,4,0.17,6,10,2,2,0.15,5,,,,,,,,,,,,,,,,,,,,,,,,,,,,,,,,,,,,,,,,
202608061707,2026-08-06,17,07R,3878,胡本 悟志,79期,山口,山口,49,B1,,0,0,0.17,4.47,21.0,35.5,3.71,14.2,28.5,0,34,37.0,53.4,0,76,35.8,55.5,1,6,3,3,0.24,4,,,,,,1,2,2,0.02,3,6,6,6,0.15,6,6,5,5,0.22,6,,,,,,,,,,,,,,,,,,,,,,,,,,,,,,,,,,,,,,,,,,,,,,3606,川北 浩貴,71期,滋賀,滋賀,54,B1,,0,0,0.16,5.74,43.6,55.3,4.15,20.0,35.0,0,18,35.0,53.0,0,16,39.4,55.7,2,5,3,3,0.24,5,,,,,,2,4,4,0.22,6,8,6,6,0.17,4,,,,,,7,1,1,0.15,2,,,,,,,,,,,,,,,,,,,,,,,,,,,,,,,,,,,,,,,,,4951,新田 洋一,119期,広島,広島,32,B1,,1,0,0.14,5.23,28.4,51.8,6.13,45.4,66.2,0,23,33.3,52.0,0,53,32.4,48.4,,1,2,2,0.12,4,9,5,5,0.13,3,3,1,1,0.15,2,,,,,,1,6,6,0.1,5,10,4,4,0.08,4,,,,,,,,,,,,,,,,,,,,,,,,,,,,,,,,,,,,,,,,,5265,大廣 咲季,131期,香川,香川,26,B1,,0,0,0.15,3.78,16.0,33.3,0.0,0.0,0.0,0,60,35.5,53.2,0,29,46.1,59.8,,1,6,6,0.06,6,10,3,3,0.19,6,,,,,,8,1,1,0.16,6,2,5,5,0.13,4,8,2,2,0.28,5,,,,,,,,,,,,,,,,,,,,,,,,,,,,,,,,,,,,,,,,,4103,山崎 善庸,88期,埼玉,東京,47,B1,,0,0,0.23,3.33,5.8,26.0,3.17,13.0,21.7,0,66,42.4,56.4,0,75,30.2,50.2,3,2,4,4,0.18,5,9,2,2,0.28,4,5,6,6,0.35,5,,,,,,1,3,3,0.15,3,9,1,1,0.1,2,,,,,,,,,,,,,,,,,,,,,,,,,,,,,,,,,,,,,,,,,5435,中西 月輝,137期,広島,山口,21,B2,,1,0,0.22,1.35,0.0,0.0,1.37,0.0,0.0,0,55,36.8,57.4,0,65,30.9,48.5,,,,,,,10,6,6,0.41,5,1,6,5,0.32,5,7,6,6,0.18,転,2,6,6,0.24,6,7,6,5,0.19,6,,,,,,,,,,,,,,,,,,,,,,,,,,,,,,,,,,,,,,,,
202608061708,2026-08-06,17,08R,5245,倉富 大誠,130期,愛知,愛知,24,B1,,0,0,0.18,5.37,35.9,52.5,0.0,0.0,0.0,0,80,29.8,41.6,0,58,36.4,53.7,2,4,6,6,0.23,6,,,,,,1,3,3,0.04,1,10,2,2,0.09,5,5,5,5,0.2,6,,,,,,,,,,,,,,,,,,,,,,,,,,,,,,,,,,,,,,,,,,,,,,4743,木村 仁紀,111期,滋賀,京都,33,A1,,0,0,0.14,6.24,38.9,60.3,5.27,26.9,53.8,0,73,29.1,47.8,0,67,34.5,55.4,,4,3,3,0.17,5,11,6,6,0.18,4,6,4,4,0.13,2,11,1,1,0.14,5,5,2,2,0.12,4,10,5,5,0.12,2,,,,,,,,,,,,,,,,,,,,,,,,,,,,,,,,,,,,,,,,,4627,藤原 菜希,107期,東京,大阪,40,A2,,0,0,0.15,6.43,46.8,65.9,6.52,48.1,62.9,0,54,34.9,58.2,0,72,40.7,53.0,12,4,2,2,0.12,4,10,5,5,0.31,3,4,3,3,0.07,5,12,4,4,0.17,3,,,,,,8,1,1,0.13,1,,,,,,,,,,,,,,,,,,,,,,,,,,,,,,,,,,,,,,,,,3372,加藤 雅之,63期,広島,広島,59,B2,,0,0,0.21,3.07,9.0,15.9,4.59,26.2,39.3,0,21,40.4,58.5,0,80,30.5,50.2,1,2,3,3,0.16,4,,,,,,1,5,6,0.28,4,8,5,5,0.16,5,2,1,1,0.19,1,,,,,,,,,,,,,,,,,,,,,,,,,,,,,,,,,,,,,,,,,,,,,,5358,増本 杏珠,134期,福岡,福岡,20,B2,,0,0,0.21,2.53,5.0,10.0,2.14,0.0,0.0,0,61,36.3,50.2,0,60,30.7,42.4,3,2,6,6,0.18,6,7,3,3,0.16,4,,,,,,7,1,1,0.13,4,,,,,,8,4,4,0.28,6,,,,,,,,,,,,,,,,,,,,,,,,,,,,,,,,,,,,,,,,,4196,田中 太一郎,91期,佐賀,佐賀,44,B1,,0,0,0.17,3.84,21.0,30.5,0.0,0.0,0.0,0,20,30.1,51.0,0,21,32.8,49.0,4,4,1,1,0.12,1,9,4,4,0.2,6,6,5,5,0.14,3,,,,,,2,2,2,0.25,3,11,3,3,0.16,4,,,,,,,,,,,,,,,,,,,,,,,,,,,,,,,,,,,,,,,,
202608061709,2026-08-06,17,09R,4296,岡崎 恭裕,94期,福岡,福岡,39,A2,,0,0,0.14,5.96,37.0,59.2,6.0,40.0,40.0,0,82,31.7,47.6,0,64,29.6,49.5,2,5,6,6,0.2,4,11,2,2,0.21,3,,,,,,8,4,4,0.15,2,3,3,3,0.13,1,12,5,5,0.09,5,,,,,,,,,,,,,,,,,,,,,,,,,,,,,,,,,,,,,,,,,4396,大田 直弥,98期,山口,山口,40,B1,,0,0,0.2,5.11,29.3,47.8,3.89,13.8,33.3,0,63,33.3,48.4,0,69,29.7,50.5,1,,,,,,8,4,4,0.25,6,2,1,1,0.29,3,9,6,5,0.4,5,,,,,,10,3,3,0.1,1,,,,,,,,,,,,,,,,,,,,,,,,,,,,,,,,,,,,,,,,,4822,百武 翔,114期,佐賀,佐賀,33,A2,,0,0,0.17,6.13,46.6,64.7,5.86,28.5,71.4,0,19,31.1,54.1,0,56,32.3,47.8,,3,6,6,0.07,3,11,3,3,0.22,1,5,4,4,0.21,2,10,1,1,0.1,2,3,2,2,0.17,3,9,4,5,0.06,4,,,,,,,,,,,,,,,,,,,,,,,,,,,,,,,,,,,,,,,,,4998,中村 かなえ,121期,東京,東京,32,B2,,0,0,0.14,4.4,25.0,38.3,2.89,11.1,22.2,0,58,42.6,57.3,0,35,37.5,54.6,3,1,4,4,0.09,5,6,6,6,0.14,2,4,2,2,0.09,2,,,,,,3,1,1,0.17,5,8,3,3,0.12,2,,,,,,,,,,,,,,,,,,,,,,,,,,,,,,,,,,,,,,,,,4388,是澤 孝宏,98期,滋賀,京都,41,A2,,0,0,0.17,5.87,41.2,55.2,6.4,46.6,66.6,0,15,34.4,51.2,0,51,36.7,54.1,5,,,,,,9,1,1,0.18,1,5,5,5,0.17,4,12,2,2,0.1,2,6,4,4,0.14,3,12,3,3,0.04,2,,,,,,,,,,,,,,,,,,,,,,,,,,,,,,,,,,,,,,,,,3294,野中 義生,60期,静岡,静岡,60,B1,,1,0,0.17,4.24,19.4,38.8,4.86,14.2,57.1,0,32,44.0,57.9,0,74,32.6,42.3,,2,5,5,0.16,3,8,1,1,0.35,5,4,4,4,0.11,6,,,,,,2,3,3,0.18,5,9,2,2,0.22,3,,,,,,,,,,,,,,,,,,,,,,,,,,,,,,,,,,,,,,,,
202608061710,2026-08-06,17,10R,5014,梶山 涼斗,121期,佐賀,佐賀,28,B1,,1,0,0.14,4.55,27.6,43.0,4.88,23.5,47.0,0,17,41.9,59.0,0,11,27.4,45.9,1,5,2,2,0.22,6,,,,,,2,3,3,0.11,2,10,4,4,0.06,4,3,6,6,0.15,4,,,,,,,,,,,,,,,,,,,,,,,,,,,,,,,,,,,,,,,,,,,,,,5089,前田 翔,124期,愛知,愛知,26,A1,,0,0,0.16,7.06,58.4,77.9,6.53,52.6,63.1,0,13,26.9,45.6,0,37,37.3,54.5,,8,2,2,0.1,1,12,5,5,0.17,4,4,6,6,0.14,4,11,3,3,0.1,1,5,3,3,0.16,2,12,1,1,0.14,1,,,,,,,,,,,,,,,,,,,,,,,,,,,,,,,,,,,,,,,,,4106,坂井 康嗣,88期,佐賀,佐賀,46,B1,,0,0,0.19,4.15,22.5,35.2,4.14,20.6,37.9,0,67,34.9,54.5,0,14,28.7,44.7,3,,,,,,7,6,6,0.19,3,3,2,2,0.14,4,11,5,5,0.16,4,,,,,,7,4,4,0.13,3,,,,,,,,,,,,,,,,,,,,,,,,,,,,,,,,,,,,,,,,,3812,山崎 聖司,77期,東京,千葉,50,B1,,0,0,0.18,4.02,14.0,35.9,4.33,16.6,44.4,0,71,34.4,51.9,0,39,35.3,47.2,2,2,2,2,0.14,2,11,5,5,0.25,5,,,,,,7,3,3,0.09,3,2,4,4,0.18,2,10,1,1,0.05,3,,,,,,,,,,,,,,,,,,,,,,,,,,,,,,,,,,,,,,,,,4436,渋谷 明憲,100期,大阪,大阪,40,A1,,1,0,0.15,6.54,48.7,71.2,7.05,70.0,75.0,0,33,34.3,50.2,0,57,35.2,52.8,5,6,4,4,0.26,5,11,1,1,0.19,2,,,,,,9,3,3,0.12,2,4,2,2,0.15,4,12,6,6,0.16,6,,,,,,,,,,,,,,,,,,,,,,,,,,,,,,,,,,,,,,,,,4286,平田 さやか,94期,東京,東京,42,A2,,0,0,0.15,6.06,43.2,62.7,5.97,44.8,58.6,0,52,34.1,54.6,0,22,32.8,48.6,4,5,4,4,0.16,2,10,1,1,0.16,1,6,3,3,0.16,1,,,,,,8,5,5,0.2,3,12,2,2,0.07,3,,,,,,,,,,,,,,,,,,,,,,,,,,,,,,,,,,,,,,,,
202608061711,2026-08-06,17,11R,4798,浜先 真範,113期,広島,広島,33,A1,,0,0,0.13,6.53,45.4,62.7,6.79,48.4,65.8,0,27,30.9,46.9,0,27,38.2,50.5,2,5,1,1,0.19,3,12,3,3,0.2,5,,,,,,10,5,5,0.06,3,7,5,6,0.1,4,12,4,4,0.08,4,,,,,,,,,,,,,,,,,,,,,,,,,,,,,,,,,,,,,,,,,5087,佐藤 航,124期,埼玉,埼玉,26,A1,,1,0,0.15,6.21,49.0,63.2,7.1,50.0,75.0,0,72,45.2,62.6,0,19,37.7,50.8,3,6,2,2,0.17,1,12,6,6,0.11,2,7,4,5,0.06,2,12,1,1,0.14,1,,,,,,9,3,3,0.04,1,,,,,,,,,,,,,,,,,,,,,,,,,,,,,,,,,,,,,,,,,4824,松井 洪弥,114期,三重,三重,33,A2,,0,0,0.12,5.84,40.5,53.7,6.77,53.8,64.1,0,56,32.4,48.7,0,13,35.5,53.5,1,3,4,4,0.04,5,8,5,5,0.09,2,8,2,2,0.19,1,12,6,6,0.19,5,,,,,,7,3,3,0.18,1,,,,,,,,,,,,,,,,,,,,,,,,,,,,,,,,,,,,,,,,,4376,藤田 靖弘,98期,静岡,静岡,42,A2,,0,0,0.15,5.74,42.2,56.0,5.36,45.4,54.5,0,39,32.6,51.4,0,71,33.4,46.1,4,6,5,5,0.18,6,,,,,,2,2,2,0.1,1,11,6,6,0.2,3,4,1,1,0.23,1,9,6,4,0.11,5,,,,,,,,,,,,,,,,,,,,,,,,,,,,,,,,,,,,,,,,,3811,石田 章央,77期,静岡,静岡,50,A1,,0,0,0.16,6.33,50.4,63.4,6.19,41.9,61.2,0,79,34.9,53.9,0,18,36.6,53.3,6,,,,,,9,6,6,0.13,5,4,1,1,0.08,1,10,3,3,0.07,1,5,4,4,0.18,3,11,2,2,0.16,3,,,,,,,,,,,,,,,,,,,,,,,,,,,,,,,,,,,,,,,,,5037,田頭 虎親,122期,香川,兵庫,28,B1,,0,0,0.18,5.73,46.8,59.4,5.09,40.6,43.7,0,38,49.0,67.7,0,32,34.7,51.4,5,5,5,5,0.22,1,,,,,,1,4,4,0.2,2,9,2,2,0.14,3,5,1,1,0.13,1,,,,,,,,,,,,,,,,,,,,,,,,,,,,,,,,,,,,,,,,,,,,,
202608061712,2026-08-06,17,12R,4218,吉川 喜継,92期,滋賀,滋賀,44,A1,,0,0,0.15,6.39,49.4,69.4,5.87,40.0,63.3,0,24,34.7,50.8,0,66,33.1,51.0,6,3,3,3,0.04,1,12,2,2,0.2,3,,,,,,9,4,6,0.15,4,6,1,1,0.13,1,11,4,4,0.21,2,,,,,,,,,,,,,,,,,,,,,,,,,,,,,,,,,,,,,,,,,4962,畑 竜生,119期,三重,三重,30,A2,,0,0,0.17,5.3,31.5,51.7,6.0,45.0,60.0,0,37,41.7,56.7,0,61,35.3,53.7,4,1,1,1,0.08,1,11,4,4,0.22,6,2,5,5,0.19,4,7,2,2,0.08,1,5,6,6,0.19,5,,,,,,,,,,,,,,,,,,,,,,,,,,,,,,,,,,,,,,,,,,,,,,4236,松村 敏,92期,福岡,熊本,42,A1,,1,0,0.11,7.26,60.7,77.4,0.0,0.0,0.0,0,65,39.6,51.4,0,12,36.4,48.9,5,4,5,5,0.2,2,12,1,1,0.15,1,5,2,2,0.26,1,11,4,4,0.1,2,4,6,6,0.21,3,,,,,,,,,,,,,,,,,,,,,,,,,,,,,,,,,,,,,,,,,,,,,,5160,藤森 陸斗,127期,福岡,福岡,27,A2,,0,0,0.15,6.1,42.8,65.1,3.69,17.2,31.0,0,30,40.7,59.2,0,79,31.1,44.8,3,3,2,2,0.08,2,9,3,3,0.22,2,,,,,,7,5,4,0.1,5,1,1,1,0.18,1,11,5,5,0.22,5,,,,,,,,,,,,,,,,,,,,,,,,,,,,,,,,,,,,,,,,,4572,渡部 悟,105期,大阪,大阪,37,B1,,0,0,0.16,5.48,35.9,52.4,4.64,25.0,39.2,0,29,33.1,52.4,0,30,27.6,47.0,2,4,4,4,0.19,3,,,,,,3,6,6,0.27,3,8,3,3,0.2,3,6,2,2,0.24,2,,,,,,,,,,,,,,,,,,,,,,,,,,,,,,,,,,,,,,,,,,,,,,4627,藤原 菜希,107期,東京,大阪,40,A2,,0,0,0.15,6.43,46.8,65.9,6.52,48.1,62.9,0,54,34.9,58.2,0,72,40.7,53.0,8,4,2,2,0.12,4,10,5,5,0.31,3,4,3,3,0.07,5,12,4,4,0.17,3,,,,,,8,1,1,0.13,1,,,,,,,,,,,,,,,,,,,,,,,,,,,,,,,,,,,,,,,,
202608061801,2026-08-06,18,01R,5193,米丸 乃絵,128期,福岡,熊本,25,A1,,0,0,0.16,6.61,47.5,62.1,6.57,52.3,66.6,0,13,38.3,55.0,0,19,36.1,48.5,7,,,,,,,,,,,,,,,,,,,,,,,,,,,,,,,,,,,,,,,,,,,,,,,,,,,,,,,,,,,,,,,,,,,,,,,3900,香川 素子,80期,滋賀,大阪,49,A2,,1,0,0.18,6.27,47.1,67.3,4.54,23.0,46.1,0,49,28.1,39.4,0,63,30.1,50.5,9,,,,,,,,,,,,,,,,,,,,,,,,,,,,,,,,,,,,,,,,,,,,,,,,,,,,,,,,,,,,,,,,,,,,,,,4938,小芦 るり華,118期,佐賀,佐賀,28,A1,,0,0,0.14,6.6,50.8,64.5,6.0,42.8,61.9,0,71,31.4,44.2,0,40,41.5,52.2,6,,,,,,,,,,,,,,,,,,,,,,,,,,,,,,,,,,,,,,,,,,,,,,,,,,,,,,,,,,,,,,,,,,,,,,,4243,西村 歩,92期,大阪,大阪,40,B1,,1,0,0.18,5.67,40.0,59.1,0.0,0.0,0.0,0,14,40.9,54.1,0,53,33.1,46.4,,,,,,,,,,,,,,,,,,,,,,,,,,,,,,,,,,,,,,,,,,,,,,,,,,,,,,,,,,,,,,,,,,,,,,,,4373,若狭 奈美子,97期,岡山,岡山,38,A1,,1,0,0.17,6.51,46.1,70.1,5.37,31.5,57.8,0,69,38.4,55.3,0,42,29.6,45.8,8,,,,,,,,,,,,,,,,,,,,,,,,,,,,,,,,,,,,,,,,,,,,,,,,,,,,,,,,,,,,,,,,,,,,,,,4823,中村 桃佳,114期,香川,香川,33,A2,,1,0,0.13,6.87,51.7,70.5,3.25,0.0,25.0,0,27,44.8,60.3,0,27,31.6,47.7,11,,,,,,,,,,,,,,,,,,,,,,,,,,,,,,,,,,,,,,,,,,,,,,,,,,,,,,,,,,,,,,,,,,,,,,
202608061802,2026-08-06,18,02R,4190,長嶋 万記,91期,静岡,静岡,45,B2,,0,0,0.16,7.07,51.7,72.4,0.0,0.0,0.0,0,26,40.8,49.3,0,31,32.4,49.7,11,,,,,,,,,,,,,,,,,,,,,,,,,,,,,,,,,,,,,,,,,,,,,,,,,,,,,,,,,,,,,,,,,,,,,,,4963,實森 美祐,119期,広島,広島,29,A1,,0,0,0.15,6.21,44.1,58.8,7.89,63.1,89.4,0,48,36.2,53.7,0,72,33.7,51.3,7,,,,,,,,,,,,,,,,,,,,,,,,,,,,,,,,,,,,,,,,,,,,,,,,,,,,,,,,,,,,,,,,,,,,,,,4556,竹井 奈美,104期,福岡,福岡,37,A1,,0,0,0.16,6.55,49.4,66.6,6.42,50.0,62.5,0,75,27.2,53.0,0,14,33.7,50.8,8,,,,,,,,,,,,,,,,,,,,,,,,,,,,,,,,,,,,,,,,,,,,,,,,,,,,,,,,,,,,,,,,,,,,,,,4974,安井 瑞紀,120期,岡山,岡山,33,A2,,1,0,0.18,5.58,40.5,54.4,6.58,50.0,62.5,0,41,35.3,56.1,0,29,30.9,49.7,,,,,,,,,,,,,,,,,,,,,,,,,,,,,,,,,,,,,,,,,,,,,,,,,,,,,,,,,,,,,,,,,,,,,,,,4123,細川 裕子,88期,愛知,愛知,44,A1,,1,0,0.19,6.6,50.0,71.6,6.9,50.0,70.0,0,30,40.5,55.7,0,54,37.4,56.9,9,,,,,,,,,,,,,,,,,,,,,,,,,,,,,,,,,,,,,,,,,,,,,,,,,,,,,,,,,,,,,,,,,,,,,,,4642,松尾 夏海,107期,香川,愛媛,34,A2,,0,0,0.16,7.09,56.6,75.8,0.0,0.0,0.0,0,38,28.9,38.1,0,64,35.3,49.4,10,,,,,,,,,,,,,,,,,,,,,,,,,,,,,,,,,,,,,,,,,,,,,,,,,,,,,,,,,,,,,,,,,,,,,,
202608061803,2026-08-06,18,03R,3435,寺田 千恵,65期,岡山,福岡,57,A2,,0,0,0.15,6.56,45.3,65.8,7.26,61.5,66.6,0,73,42.3,55.9,0,25,30.2,42.3,11,,,,,,,,,,,,,,,,,,,,,,,,,,,,,,,,,,,,,,,,,,,,,,,,,,,,,,,,,,,,,,,,,,,,,,,4893,渡邉 真奈美,117期,東京,千葉,35,B1,,0,0,0.16,5.09,32.9,45.1,5.89,38.8,66.6,0,12,37.1,55.7,0,46,30.8,46.8,,,,,,,,,,,,,,,,,,,,,,,,,,,,,,,,,,,,,,,,,,,,,,,,,,,,,,,,,,,,,,,,,,,,,,,,4387,平山 智加,98期,香川,香川,41,A1,,0,0,0.15,6.43,43.4,66.0,7.33,61.1,77.7,0,50,38.0,54.9,0,57,36.5,51.4,9,,,,,,,,,,,,,,,,,,,,,,,,,,,,,,,,,,,,,,,,,,,,,,,,,,,,,,,,,,,,,,,,,,,,,,,4208,三浦 永理,91期,静岡,静岡,43,A1,,0,0,0.15,7.23,60.8,80.0,7.23,40.0,76.6,0,67,32.3,49.3,0,34,31.4,48.0,10,,,,,,,,,,,,,,,,,,,,,,,,,,,,,,,,,,,,,,,,,,,,,,,,,,,,,,,,,,,,,,,,,,,,,,,4994,山本 梨菜,120期,佐賀,佐賀,28,A2,,0,0,0.16,6.5,50.4,68.3,5.74,36.8,63.1,0,42,34.2,49.3,0,39,32.7,48.8,,,,,,,,,,,,,,,,,,,,,,,,,,,,,,,,,,,,,,,,,,,,,,,,,,,,,,,,,,,,,,,,,,,,,,,,4961,西橋 奈未,119期,福井,石川,30,A1,,1,0,0.15,6.72,46.5,61.2,7.68,68.4,78.9,0,20,39.3,50.8,0,22,37.7,57.9,8,,,,,,,,,,,,,,,,,,,,,,,,,,,,,,,,,,,,,,,,,,,,,,,,,,,,,,,,,,,,,,,,,,,,,,
202608061804,2026-08-06,18,04R,4225,土屋 千明,92期,群馬,群馬,44,A2,,0,0,0.15,6.07,40.7,60.5,5.7,40.0,50.0,0,74,42.8,53.5,0,66,34.2,51.9,,,,,,,,,,,,,,,,,,,,,,,,,,,,,,,,,,,,,,,,,,,,,,,,,,,,,,,,,,,,,,,,,,,,,,,,4825,倉持 莉々,114期,東京,茨城,32,A1,,0,0,0.14,7.04,54.3,74.1,0.0,0.0,0.0,0,60,30.9,52.1,0,18,37.6,48.3,10,,,,,,,,,,,,,,,,,,,,,,,,,,,,,,,,,,,,,,,,,,,,,,,,,,,,,,,,,,,,,,,,,,,,,,,4011,堀之内紀代子,84期,岡山,岡山,46,A2,,0,0,0.16,6.3,45.5,62.2,6.79,50.0,82.1,0,44,34.6,53.8,0,41,35.2,54.1,,,,,,,,,,,,,,,,,,,,,,,,,,,,,,,,,,,,,,,,,,,,,,,,,,,,,,,,,,,,,,,,,,,,,,,,4590,渡邉 優美,105期,福岡,福岡,33,A1,,1,0,0.14,6.34,39.8,56.9,0.0,0.0,0.0,0,24,28.0,46.6,0,13,41.0,59.5,11,,,,,,,,,,,,,,,,,,,,,,,,,,,,,,,,,,,,,,,,,,,,,,,,,,,,,,,,,,,,,,,,,,,,,,,5205,刑部 亜里紗,129期,静岡,静岡,29,A2,,1,0,0.18,6.02,37.2,60.9,5.59,37.0,55.5,0,33,53.3,73.3,0,35,30.5,45.5,,,,,,,,,,,,,,,,,,,,,,,,,,,,,,,,,,,,,,,,,,,,,,,,,,,,,,,,,,,,,,,,,,,,,,,,4456,鎌倉 涼,100期,大阪,大阪,37,A1,,1,0,0.16,6.17,33.3,54.0,6.8,50.0,65.0,0,59,37.2,52.5,0,33,32.7,45.0,9,,,,,,,,,,,,,,,,,,,,,,,,,,,,,,,,,,,,,,,,,,,,,,,,,,,,,,,,,,,,,,,,,,,,,,
202608061805,2026-08-06,18,05R,4117,廣中 智紗衣,88期,東京,愛知,45,A2,,1,0,0.22,6.35,50.4,71.5,6.64,59.0,72.7,0,56,38.5,58.5,0,44,37.6,58.4,,,,,,,,,,,,,,,,,,,,,,,,,,,,,,,,,,,,,,,,,,,,,,,,,,,,,,,,,,,,,,,,,,,,,,,,4224,大橋 栄里佳,92期,福岡,福岡,44,B1,,1,0,0.2,5.25,31.2,52.6,5.57,40.0,53.3,0,58,30.8,48.5,0,32,32.9,52.2,,,,,,,,,,,,,,,,,,,,,,,,,,,,,,,,,,,,,,,,,,,,,,,,,,,,,,,,,,,,,,,,,,,,,,,,5281,井上 遥妃,131期,徳島,徳島,23,A1,,1,0,0.14,5.65,41.8,46.9,5.9,40.0,60.0,0,23,36.7,48.1,0,38,39.8,51.6,,,,,,,,,,,,,,,,,,,,,,,,,,,,,,,,,,,,,,,,,,,,,,,,,,,,,,,,,,,,,,,,,,,,,,,,3618,海野 ゆかり,71期,広島,広島,52,A1,,0,0,0.19,6.43,50.4,63.4,6.6,46.6,63.3,0,19,50.0,64.2,0,20,33.1,49.1,11,,,,,,,,,,,,,,,,,,,,,,,,,,,,,,,,,,,,,,,,,,,,,,,,,,,,,,,,,,,,,,,,,,,,,,,5188,武井 莉里佳,128期,兵庫,兵庫,25,A2,,0,0,0.17,5.96,42.1,56.8,4.45,30.0,35.0,0,39,34.2,43.4,0,48,30.7,44.6,,,,,,,,,,,,,,,,,,,,,,,,,,,,,,,,,,,,,,,,,,,,,,,,,,,,,,,,,,,,,,,,,,,,,,,,4482,守屋 美穂,101期,岡山,岡山,37,A1,,1,0,0.17,5.75,35.6,53.4,7.45,55.0,85.0,0,15,40.9,50.8,0,73,38.2,54.4,10,,,,,,,,,,,,,,,,,,,,,,,,,,,,,,,,,,,,,,,,,,,,,,,,,,,,,,,,,,,,,,,,,,,,,,
202608061806,2026-08-06,18,06R,4819,蜂須 瑞生,114期,群馬,群馬,35,A2,,1,0,0.17,5.02,31.1,44.4,6.13,46.8,62.5,0,46,39.4,50.0,0,59,41.1,59.4,,,,,,,,,,,,,,,,,,,,,,,,,,,,,,,,,,,,,,,,,,,,,,,,,,,,,,,,,,,,,,,,,,,,,,,,4804,高田 ひかる,113期,三重,三重,32,A1,,0,0,0.19,6.22,45.7,59.0,6.82,45.4,81.8,0,68,55.0,68.3,0,70,29.6,50.8,11,,,,,,,,,,,,,,,,,,,,,,,,,,,,,,,,,,,,,,,,,,,,,,,,,,,,,,,,,,,,,,,,,,,,,,,3611,岩崎 芳美,71期,徳島,熊本,53,A2,,0,0,0.14,6.11,43.4,63.6,5.7,33.3,60.0,0,70,26.5,42.1,0,17,30.2,45.0,,,,,,,,,,,,,,,,,,,,,,,,,,,,,,,,,,,,,,,,,,,,,,,,,,,,,,,,,,,,,,,,,,,,,,,,4611,今井 美亜,106期,福井,富山,35,A1,,0,0,0.15,6.06,41.3,59.4,5.82,45.4,63.6,0,72,34.2,61.4,0,24,35.3,48.8,,,,,,,,,,,,,,,,,,,,,,,,,,,,,,,,,,,,,,,,,,,,,,,,,,,,,,,,,,,,,,,,,,,,,,,,5189,藤原 早菜,128期,岡山,岡山,25,A2,,0,0,0.2,4.97,25.6,48.7,4.4,30.0,40.0,0,53,40.7,56.5,0,26,29.2,44.2,,,,,,,,,,,,,,,,,,,,,,,,,,,,,,,,,,,,,,,,,,,,,,,,,,,,,,,,,,,,,,,,,,,,,,,,4938,小芦 るり華,118期,佐賀,佐賀,28,A1,,0,0,0.14,6.6,50.8,64.5,6.0,42.8,61.9,0,71,31.4,44.2,0,40,41.5,52.2,1,,,,,,,,,,,,,,,,,,,,,,,,,,,,,,,,,,,,,,,,,,,,,,,,,,,,,,,,,,,,,,,,,,,,,,
202608061807,2026-08-06,18,07R,4313,西村 美智子,95期,香川,香川,42,A2,,0,0,0.15,5.37,34.4,50.5,5.5,40.0,40.0,0,64,40.0,60.0,0,62,38.6,54.7,,,,,,,,,,,,,,,,,,,,,,,,,,,,,,,,,,,,,,,,,,,,,,,,,,,,,,,,,,,,,,,,,,,,,,,,4536,喜井 つかさ,103期,岡山,岡山,36,A2,,0,0,0.16,5.77,37.6,58.9,6.06,38.8,55.5,0,36,32.1,55.9,0,45,34.2,55.4,,,,,,,,,,,,,,,,,,,,,,,,,,,,,,,,,,,,,,,,,,,,,,,,,,,,,,,,,,,,,,,,,,,,,,,,4478,櫻本 あゆみ,101期,群馬,栃木,38,A1,,0,0,0.16,5.88,40.7,54.6,6.0,62.5,62.5,0,31,30.1,54.7,0,15,39.4,58.3,,,,,,,,,,,,,,,,,,,,,,,,,,,,,,,,,,,,,,,,,,,,,,,,,,,,,,,,,,,,,,,,,,,,,,,,5193,米丸 乃絵,128期,福岡,熊本,25,A1,,0,0,0.16,6.61,47.5,62.1,6.57,52.3,66.6,0,13,38.3,55.0,0,19,36.1,48.5,1,,,,,,,,,,,,,,,,,,,,,,,,,,,,,,,,,,,,,,,,,,,,,,,,,,,,,,,,,,,,,,,,,,,,,,,4775,千葉 真弥,112期,静岡,静岡,32,A2,,0,0,0.15,6.39,45.7,64.4,0.0,0.0,0.0,0,17,46.0,66.6,0,12,36.0,49.7,,,,,,,,,,,,,,,,,,,,,,,,,,,,,,,,,,,,,,,,,,,,,,,,,,,,,,,,,,,,,,,,,,,,,,,,4963,實森 美祐,119期,広島,広島,29,A1,,0,0,0.15,6.21,44.1,58.8,7.89,63.1,89.4,0,48,36.2,53.7,0,72,33.7,51.3,2,,,,,,,,,,,,,,,,,,,,,,,,,,,,,,,,,,,,,,,,,,,,,,,,,,,,,,,,,,,,,,,,,,,,,,
202608061808,2026-08-06,18,08R,4373,若狭 奈美子,97期,岡山,岡山,38,A1,,1,0,0.17,6.51,46.1,70.1,5.37,31.5,57.8,0,69,38.4,55.3,0,42,29.6,45.8,1,,,,,,,,,,,,,,,,,,,,,,,,,,,,,,,,,,,,,,,,,,,,,,,,,,,,,,,,,,,,,,,,,,,,,,,3232,山川 美由紀,57期,香川,香川,59,A2,,0,0,0.16,5.87,38.1,55.5,4.56,22.2,44.4,0,40,29.8,44.1,0,68,42.3,56.0,,,,,,,,,,,,,,,,,,,,,,,,,,,,,,,,,,,,,,,,,,,,,,,,,,,,,,,,,,,,,,,,,,,,,,,,4961,西橋 奈未,119期,福井,石川,30,A1,,1,0,0.15,6.72,46.5,61.2,7.68,68.4,78.9,0,20,39.3,50.8,0,22,37.7,57.9,3,,,,,,,,,,,,,,,,,,,,,,,,,,,,,,,,,,,,,,,,,,,,,,,,,,,,,,,,,,,,,,,,,,,,,,,5045,平川 香織,122期,埼玉,東京,26,A2,,1,0,0.19,6.96,53.5,76.3,5.79,31.5,63.1,0,54,32.9,53.1,0,30,36.1,51.4,,,,,,,,,,,,,,,,,,,,,,,,,,,,,,,,,,,,,,,,,,,,,,,,,,,,,,,,,,,,,,,,,,,,,,,,4289,落合 直子,94期,大阪,大阪,41,A2,,1,0,0.13,5.75,38.5,56.2,0.0,0.0,0.0,0,28,25.9,40.2,0,47,33.8,56.6,,,,,,,,,,,,,,,,,,,,,,,,,,,,,,,,,,,,,,,,,,,,,,,,,,,,,,,,,,,,,,,,,,,,,,,,4556,竹井 奈美,104期,福岡,福岡,37,A1,,0,0,0.16,6.55,49.4,66.6,6.42,50.0,62.5,0,75,27.2,53.0,0,14,33.7,50.8,2,,,,,,,,,,,,,,,,,,,,,,,,,,,,,,,,,,,,,,,,,,,,,,,,,,,,,,,,,,,,,,,,,,,,,,
202608061809,2026-08-06,18,09R,4123,細川 裕子,88期,愛知,愛知,44,A1,,1,0,0.19,6.6,50.0,71.6,6.9,50.0,70.0,0,30,40.5,55.7,0,54,37.4,56.9,2,,,,,,,,,,,,,,,,,,,,,,,,,,,,,,,,,,,,,,,,,,,,,,,,,,,,,,,,,,,,,,,,,,,,,,,4964,土屋 南,119期,岡山,岡山,29,A2,,0,0,0.15,6.1,40.7,60.1,6.63,52.6,68.4,0,47,39.7,52.5,0,74,35.0,54.4,,,,,,,,,,,,,,,,,,,,,,,,,,,,,,,,,,,,,,,,,,,,,,,,,,,,,,,,,,,,,,,,,,,,,,,,4456,鎌倉 涼,100期,大阪,大阪,37,A1,,1,0,0.16,6.17,33.3,54.0,6.8,50.0,65.0,0,59,37.2,52.5,0,33,32.7,45.0,4,,,,,,,,,,,,,,,,,,,,,,,,,,,,,,,,,,,,,,,,,,,,,,,,,,,,,,,,,,,,,,,,,,,,,,,4387,平山 智加,98期,香川,香川,41,A1,,0,0,0.15,6.43,43.4,66.0,7.33,61.1,77.7,0,50,38.0,54.9,0,57,36.5,51.4,3,,,,,,,,,,,,,,,,,,,,,,,,,,,,,,,,,,,,,,,,,,,,,,,,,,,,,,,,,,,,,,,,,,,,,,,5155,内山 七海,127期,福岡,福岡,29,A2,,0,0,0.15,6.18,45.1,66.3,5.93,42.8,57.1,0,55,40.2,52.7,0,50,38.8,61.6,,,,,,,,,,,,,,,,,,,,,,,,,,,,,,,,,,,,,,,,,,,,,,,,,,,,,,,,,,,,,,,,,,,,,,,,3900,香川 素子,80期,滋賀,大阪,49,A2,,1,0,0.18,6.27,47.1,67.3,4.54,23.0,46.1,0,49,28.1,39.4,0,63,30.1,50.5,1,,,,,,,,,,,,,,,,,,,,,,,,,,,,,,,,,,,,,,,,,,,,,,,,,,,,,,,,,,,,,,,,,,,,,,
202608061810,2026-08-06,18,10R,4208,三浦 永理,91期,静岡,静岡,43,A1,,0,0,0.15,7.23,60.8,80.0,7.23,40.0,76.6,0,67,32.3,49.3,0,34,31.4,48.0,3,,,,,,,,,,,,,,,,,,,,,,,,,,,,,,,,,,,,,,,,,,,,,,,,,,,,,,,,,,,,,,,,,,,,,,,4642,松尾 夏海,107期,香川,愛媛,34,A2,,0,0,0.16,7.09,56.6,75.8,0.0,0.0,0.0,0,38,28.9,38.1,0,64,35.3,49.4,2,,,,,,,,,,,,,,,,,,,,,,,,,,,,,,,,,,,,,,,,,,,,,,,,,,,,,,,,,,,,,,,,,,,,,,,4482,守屋 美穂,101期,岡山,岡山,37,A1,,1,0,0.17,5.75,35.6,53.4,7.45,55.0,85.0,0,15,40.9,50.8,0,73,38.2,54.4,5,,,,,,,,,,,,,,,,,,,,,,,,,,,,,,,,,,,,,,,,,,,,,,,,,,,,,,,,,,,,,,,,,,,,,,,4546,浜田 亜理沙,104期,埼玉,広島,38,B1,,0,0,0.17,7.04,57.6,78.8,7.64,63.6,100.0,0,35,37.3,49.3,0,23,33.1,58.1,,,,,,,,,,,,,,,,,,,,,,,,,,,,,,,,,,,,,,,,,,,,,,,,,,,,,,,,,,,,,,,,,,,,,,,,4347,魚谷 香織,96期,福岡,山口,41,A2,,0,0,0.18,5.96,40.4,61.7,6.82,53.5,75.0,0,66,33.3,44.9,0,67,41.6,60.0,,,,,,,,,,,,,,,,,,,,,,,,,,,,,,,,,,,,,,,,,,,,,,,,,,,,,,,,,,,,,,,,,,,,,,,,4825,倉持 莉々,114期,東京,茨城,32,A1,,0,0,0.14,7.04,54.3,74.1,0.0,0.0,0.0,0,60,30.9,52.1,0,18,37.6,48.3,4,,,,,,,,,,,,,,,,,,,,,,,,,,,,,,,,,,,,,,,,,,,,,,,,,,,,,,,,,,,,,,,,,,,,,,
202608061811,2026-08-06,18,11R,3618,海野 ゆかり,71期,広島,広島,52,A1,,0,0,0.19,6.43,50.4,63.4,6.6,46.6,63.3,0,19,50.0,64.2,0,20,33.1,49.1,5,,,,,,,,,,,,,,,,,,,,,,,,,,,,,,,,,,,,,,,,,,,,,,,,,,,,,,,,,,,,,,,,,,,,,,,4823,中村 桃佳,114期,香川,香川,33,A2,,1,0,0.13,6.87,51.7,70.5,3.25,0.0,25.0,0,27,44.8,60.3,0,27,31.6,47.7,1,,,,,,,,,,,,,,,,,,,,,,,,,,,,,,,,,,,,,,,,,,,,,,,,,,,,,,,,,,,,,,,,,,,,,,,3435,寺田 千恵,65期,岡山,福岡,57,A2,,0,0,0.15,6.56,45.3,65.8,7.26,61.5,66.6,0,73,42.3,55.9,0,25,30.2,42.3,3,,,,,,,,,,,,,,,,,,,,,,,,,,,,,,,,,,,,,,,,,,,,,,,,,,,,,,,,,,,,,,,,,,,,,,,4804,高田 ひかる,113期,三重,三重,32,A1,,0,0,0.19,6.22,45.7,59.0,6.82,45.4,81.8,0,68,55.0,68.3,0,70,29.6,50.8,6,,,,,,,,,,,,,,,,,,,,,,,,,,,,,,,,,,,,,,,,,,,,,,,,,,,,,,,,,,,,,,,,,,,,,,,4190,長嶋 万記,91期,静岡,静岡,45,B2,,0,0,0.16,7.07,51.7,72.4,0.0,0.0,0.0,0,26,40.8,49.3,0,31,32.4,49.7,2,,,,,,,,,,,,,,,,,,,,,,,,,,,,,,,,,,,,,,,,,,,,,,,,,,,,,,,,,,,,,,,,,,,,,,,4590,渡邉 優美,105期,福岡,福岡,33,A1,,1,0,0.14,6.34,39.8,56.9,0.0,0.0,0.0,0,24,28.0,46.6,0,13,41.0,59.5,4,,,,,,,,,,,,,,,,,,,,,,,,,,,,,,,,,,,,,,,,,,,,,,,,,,,,,,,,,,,,,,,,,,,,,,
202608061812,2026-08-06,18,12R,4502,遠藤 エミ,102期,滋賀,滋賀,38,A1,,0,0,0.14,7.51,51.0,70.6,8.22,33.3,66.6,0,16,31.8,56.5,0,37,34.8,51.6,,,,,,,,,,,,,,,,,,,,,,,,,,,,,,,,,,,,,,,,,,,,,,,,,,,,,,,,,,,,,,,,,,,,,,,,4530,小野 生奈,103期,福岡,福岡,37,A1,,0,0,0.15,7.2,58.3,71.8,8.7,81.4,92.5,0,18,28.7,48.4,0,58,34.2,55.0,,,,,,,,,,,,,,,,,,,,,,,,,,,,,,,,,,,,,,,,,,,,,,,,,,,,,,,,,,,,,,,,,,,,,,,,5088,高憧 四季,124期,大阪,大阪,26,A1,,1,0,0.15,6.82,51.1,66.6,5.76,41.3,55.1,0,29,32.1,51.8,0,16,41.6,55.5,,,,,,,,,,,,,,,,,,,,,,,,,,,,,,,,,,,,,,,,,,,,,,,,,,,,,,,,,,,,,,,,,,,,,,,,4050,田口 節子,85期,岡山,岡山,45,A1,,0,0,0.15,7.52,59.0,79.0,7.58,65.0,77.5,0,63,28.3,44.5,0,36,34.6,55.1,,,,,,,,,,,,,,,,,,,,,,,,,,,,,,,,,,,,,,,,,,,,,,,,,,,,,,,,,,,,,,,,,,,,,,,,4845,前田 紗希,115期,埼玉,埼玉,33,A1,,2,0,0.13,6.98,58.5,70.7,6.94,56.0,74.0,0,11,36.1,59.7,0,55,38.4,56.5,,,,,,,,,,,,,,,,,,,,,,,,,,,,,,,,,,,,,,,,,,,,,,,,,,,,,,,,,,,,,,,,,,,,,,,,4433,川野 芽唯,100期,福岡,福岡,40,A1,,0,0,0.17,7.12,55.4,73.4,7.23,54.8,80.6,0,34,32.1,57.4,0,51,32.9,48.6,,,,,,,,,,,,,,,,,,,,,,,,,,,,,,,,,,,,,,,,,,,,,,,,,,,,,,,,,,,,,,,,,,,,,,,
202608061901,2026-08-06,19,01R,3461,渡邊 哲也,66期,静岡,静岡,59,B1,,0,0,0.19,2.98,9.6,15.3,2.67,0.0,33.3,0,61,31.0,53.4,0,16,17.6,21.5,10,,,,,,7,3,2,0.29,6,2,6,4,0.18,6,9,6,6,0.23,5,1,5,5,0.19,6,,,,,,,,,,,,,,,,,,,,,,,,,,,,,,,,,,,,,,,,,,,,,,3430,角浜 修,65期,広島,広島,58,B1,,0,0,0.17,4.34,25.6,36.5,3.91,21.7,34.7,0,26,21.4,41.0,0,20,30.5,59.3,9,5,5,5,0.17,6,,,,,,1,6,6,0.19,5,7,4,3,0.06,5,,,,,,8,1,1,0.09,3,,,,,,,,,,,,,,,,,,,,,,,,,,,,,,,,,,,,,,,,,4263,武重 雄介,93期,山口,山口,42,B1,,0,0,0.18,4.45,26.1,39.7,5.56,37.1,53.3,0,64,22.4,41.3,0,72,28.8,44.2,11,,,,,,9,2,2,0.16,4,2,1,1,0.25,3,11,3,3,0.24,6,5,6,6,0.25,4,9,4,4,0.07,3,,,,,,,,,,,,,,,,,,,,,,,,,,,,,,,,,,,,,,,,,3875,廣中 良一,79期,山口,山口,49,B1,,0,0,0.18,4.5,24.5,44.1,4.06,22.9,33.3,0,55,33.9,53.5,0,15,24.5,49.1,7,,,,,,8,2,2,0.24,2,1,1,1,0.11,1,10,3,5,0.26,6,6,4,6,0.15,5,,,,,,,,,,,,,,,,,,,,,,,,,,,,,,,,,,,,,,,,,,,,,,3804,中渡 修作,77期,福岡,鹿児島,52,B1,,0,0,0.16,4.97,29.2,50.0,5.86,42.8,71.4,0,25,23.3,38.3,0,64,37.5,58.9,6,5,4,4,0.09,2,,,,,,1,2,2,0.12,2,11,6,6,0.24,5,4,1,1,0.13,1,,,,,,,,,,,,,,,,,,,,,,,,,,,,,,,,,,,,,,,,,,,,,,4346,前田 健太郎,96期,福岡,福岡,41,B1,賞除,1,0,0.17,4.23,27.0,37.0,1.71,0.0,14.2,0,41,25.9,35.1,0,70,28.5,48.2,,3,3,3,0.14,1,,,,,,2,2,2,0.16,4,12,6,6,0.03,F,3,4,4,0.13,5,7,1,1,0.07,1,,,,,,,,,,,,,,,,,,,,,,,,,,,,,,,,,,,,,,,,
202608061902,2026-08-06,19,02R,4186,小川 時光,91期,埼玉,埼玉,45,B1,,0,0,0.17,3.68,16.2,29.7,0.0,0.0,0.0,0,34,25.8,48.3,0,55,45.6,56.1,,1,6,6,0.22,5,6,4,4,0.04,3,,,,,,9,2,2,0.18,6,4,3,3,0.16,6,9,5,5,0.07,6,,,,,,,,,,,,,,,,,,,,,,,,,,,,,,,,,,,,,,,,,3615,横田 茂,71期,広島,広島,53,B1,,0,0,0.16,4.43,29.2,36.5,3.0,0.0,16.6,0,39,33.8,48.3,0,21,41.3,55.1,,2,4,4,0.17,1,9,6,6,0.16,5,4,1,1,0.16,2,,,,,,3,3,3,0.15,1,12,5,5,0.12,4,,,,,,,,,,,,,,,,,,,,,,,,,,,,,,,,,,,,,,,,,4985,井本 昌也,120期,山口,山口,29,A1,,0,0,0.15,6.69,51.3,64.3,6.91,52.1,68.7,0,47,31.5,45.6,0,13,22.6,33.9,10,6,2,2,0.03,2,12,6,6,0.05,5,4,5,5,0.17,6,10,1,1,0.21,1,,,,,,8,4,4,0.13,4,,,,,,,,,,,,,,,,,,,,,,,,,,,,,,,,,,,,,,,,,5375,庄島 潤成,135期,山口,山口,22,B1,,0,0,0.19,2.63,2.4,14.6,1.75,0.0,5.0,0,54,27.9,44.1,0,66,28.5,41.0,8,4,5,5,0.13,4,10,6,6,0.11,6,1,4,4,0.18,4,,,,,,4,6,4,0.1,4,,,,,,,,,,,,,,,,,,,,,,,,,,,,,,,,,,,,,,,,,,,,,,3286,坂東 満,59期,静岡,静岡,57,B2,,0,0,0.17,3.36,14.5,27.2,5.38,37.5,62.5,0,20,30.6,53.2,0,73,36.6,55.0,7,4,3,3,0.12,5,,,,,,1,5,5,0.25,6,8,1,1,0.06,5,5,2,2,0.25,2,,,,,,,,,,,,,,,,,,,,,,,,,,,,,,,,,,,,,,,,,,,,,,5460,早川 理稀,138期,滋賀,京都,19,B2,,0,0,0.0,1.67,0.0,6.2,0.0,0.0,0.0,0,51,31.1,39.3,0,52,24.0,37.0,6,,,,,,7,6,6,0.27,5,3,6,6,0.14,6,7,6,5,0.08,6,,,,,,8,6,6,0.13,6,,,,,,,,,,,,,,,,,,,,,,,,,,,,,,,,,,,,,,,,
202608061903,2026-08-06,19,03R,5063,大塚 雅治,123期,東京,神奈川,28,B1,,0,0,0.21,4.51,20.5,42.3,3.59,17.6,29.4,0,11,48.0,59.6,0,33,37.5,51.7,10,5,2,2,0.17,5,,,,,,2,3,3,0.15,1,8,5,5,0.12,3,6,6,4,0.14,2,,,,,,,,,,,,,,,,,,,,,,,,,,,,,,,,,,,,,,,,,,,,,,4601,森野 正弘,106期,山口,山口,41,A1,,0,0,0.13,6.62,54.5,66.3,6.63,47.7,61.3,0,69,35.0,56.1,0,34,33.3,55.0,12,5,1,1,0.15,1,12,3,3,0.01,3,2,5,6,0.15,2,,,,,,5,4,4,0.19,3,11,1,1,0.15,1,,,,,,,,,,,,,,,,,,,,,,,,,,,,,,,,,,,,,,,,,4485,楠原 正剛,102期,福岡,福岡,40,B1,,1,0,0.16,5.01,27.8,48.4,2.57,0.0,14.2,0,45,22.8,45.6,0,26,19.2,46.1,8,6,1,1,0.09,6,,,,,,2,4,5,0.2,5,10,2,2,0.21,3,,,,,,7,5,4,0.12,4,,,,,,,,,,,,,,,,,,,,,,,,,,,,,,,,,,,,,,,,,3499,市川 哲也,67期,広島,広島,57,A1,,1,0,0.15,5.46,34.4,52.6,6.0,43.5,58.9,0,33,33.3,50.0,0,45,29.8,49.1,11,3,5,5,0.21,2,11,1,1,0.08,3,,,,,,9,3,3,0.14,3,4,4,6,0.3,3,12,2,2,0.11,3,,,,,,,,,,,,,,,,,,,,,,,,,,,,,,,,,,,,,,,,,4368,山口 隆史,97期,福岡,福岡,40,B1,,0,0,0.2,4.41,25.0,36.7,4.71,28.5,50.0,0,72,25.0,35.0,0,31,45.6,63.0,,1,2,2,0.24,6,8,6,6,0.35,4,,,,,,7,5,4,0.07,4,2,1,1,0.13,1,10,3,3,0.14,4,,,,,,,,,,,,,,,,,,,,,,,,,,,,,,,,,,,,,,,,,3696,白井 友晴,74期,埼玉,埼玉,54,B1,,0,0,0.17,4.79,24.3,41.4,4.13,12.5,25.0,0,32,22.4,39.6,0,67,44.6,55.3,,3,1,1,0.18,4,9,5,5,0.2,3,5,4,3,0.16,4,,,,,,2,2,2,0.17,2,12,4,4,0.16,6,,,,,,,,,,,,,,,,,,,,,,,,,,,,,,,,,,,,,,,,
202608061904,2026-08-06,19,04R,3544,豊田 訓靖,69期,静岡,静岡,57,B1,,0,0,0.2,3.85,14.2,30.9,5.25,25.0,50.0,0,63,41.3,60.3,0,63,39.6,46.5,,2,6,6,0.16,5,10,3,3,0.14,2,5,5,4,0.17,2,,,,,,3,2,2,0.19,3,8,5,5,0.15,5,,,,,,,,,,,,,,,,,,,,,,,,,,,,,,,,,,,,,,,,,5115,香川 颯太,125期,滋賀,京都,26,B1,,0,0,0.16,5.65,41.0,56.4,6.14,42.8,57.1,0,66,22.4,41.3,0,14,31.6,45.0,12,5,3,3,0.14,4,,,,,,6,4,4,0.11,3,11,5,5,0.15,4,6,5,3,0.09,4,,,,,,,,,,,,,,,,,,,,,,,,,,,,,,,,,,,,,,,,,,,,,,4702,三浦 敬太,110期,東京,北海道,39,A1,,0,0,0.14,5.7,41.8,56.7,6.1,42.8,61.9,0,27,38.6,57.8,0,69,38.6,54.3,8,8,4,4,0.24,1,12,5,5,0.05,2,,,,,,9,1,1,0.1,1,6,3,2,0.13,1,10,6,6,0.17,1,,,,,,,,,,,,,,,,,,,,,,,,,,,,,,,,,,,,,,,,,4301,関 裕也,95期,福岡,福岡,43,B1,,0,0,0.2,4.6,23.8,43.2,4.68,35.2,41.1,0,43,38.3,46.6,0,48,10.7,19.6,9,2,1,1,0.23,2,11,5,5,0.24,6,,,,,,8,6,6,0.16,6,5,3,3,0.26,6,,,,,,,,,,,,,,,,,,,,,,,,,,,,,,,,,,,,,,,,,,,,,,4451,松崎 祐太郎,100期,福岡,宮崎,38,A2,,0,0,0.16,6.36,47.6,66.6,6.17,50.0,54.1,0,65,33.3,50.8,0,25,45.7,55.9,11,,,,,,10,4,4,0.09,4,4,6,6,0.29,3,11,2,2,0.11,2,5,1,1,0.18,5,12,3,3,0.11,2,,,,,,,,,,,,,,,,,,,,,,,,,,,,,,,,,,,,,,,,,3957,大谷 直弘,82期,愛知,愛知,49,B1,,0,0,0.19,5.22,31.4,53.9,5.45,36.3,45.4,0,58,25.5,31.9,0,61,29.5,45.9,,4,1,1,0.13,1,9,3,3,0.19,6,6,2,2,0.19,5,,,,,,1,4,4,0.21,2,10,5,5,0.25,6,,,,,,,,,,,,,,,,,,,,,,,,,,,,,,,,,,,,,,,,
202608061905,2026-08-06,19,05R,3908,重成 一人,80期,香川,香川,47,A1,,0,0,0.15,5.92,39.6,58.4,6.7,47.7,63.6,0,15,28.5,35.7,0,39,21.0,38.6,12,2,5,5,0.14,3,12,2,2,0.05,6,3,4,4,0.14,4,11,1,1,0.12,1,3,6,6,0.24,6,,,,,,,,,,,,,,,,,,,,,,,,,,,,,,,,,,,,,,,,,,,,,,5152,丸山 祐也,127期,福岡,福岡,30,B1,,0,0,0.23,3.42,8.1,21.6,4.18,17.6,32.3,0,29,36.6,51.6,0,38,39.6,62.0,11,2,3,3,0.26,6,,,,,,5,6,5,0.22,3,9,4,4,0.21,4,,,,,,10,2,2,0.15,5,,,,,,,,,,,,,,,,,,,,,,,,,,,,,,,,,,,,,,,,,4369,丹下 将,97期,愛知,愛知,40,A2,,0,0,0.16,5.7,35.7,57.1,6.67,37.5,79.1,0,31,38.9,59.3,0,19,27.8,54.1,10,5,6,6,0.13,3,11,2,2,0.12,4,5,1,1,0.17,1,10,5,4,0.23,2,,,,,,9,3,3,0.05,2,,,,,,,,,,,,,,,,,,,,,,,,,,,,,,,,,,,,,,,,,3535,渡 修平,68期,兵庫,兵庫,53,B1,,0,0,0.2,4.44,27.9,40.7,4.33,33.3,46.6,0,37,36.3,56.0,0,68,41.0,51.7,,4,4,4,0.23,3,8,1,1,0.18,3,5,3,2,0.21,6,,,,,,2,3,3,0.16,6,7,6,6,0.15,6,,,,,,,,,,,,,,,,,,,,,,,,,,,,,,,,,,,,,,,,,4151,下河 誉史,89期,福岡,福岡,44,B1,,0,0,0.19,4.59,21.7,43.5,5.29,29.2,53.6,0,68,25.4,33.9,0,11,33.9,42.8,,,,,,,7,5,5,0.23,3,4,3,3,0.18,4,8,2,2,0.13,2,3,1,1,0.22,2,11,4,4,0.26,4,,,,,,,,,,,,,,,,,,,,,,,,,,,,,,,,,,,,,,,,,5120,山本 稔太朗,125期,愛知,愛知,25,B1,賞除,1,0,0.16,4.98,31.6,46.6,5.67,41.6,50.0,0,13,27.6,44.6,0,46,30.5,44.0,,6,3,3,0.03,1,,,,,,4,2,2,0.17,1,12,4,4,0.01,F,4,5,5,0.17,5,,,,,,,,,,,,,,,,,,,,,,,,,,,,,,,,,,,,,,,,,,,,,
202608061906,2026-08-06,19,06R,4437,中田 元泰,100期,香川,香川,40,A2,,0,0,0.16,5.94,45.6,58.2,6.65,53.8,73.0,0,16,25.0,51.7,0,42,24.5,33.3,,3,4,4,0.21,3,10,2,2,0.16,3,,,,,,9,5,5,0.19,2,8,3,3,0.14,1,12,6,6,0.13,5,,,,,,,,,,,,,,,,,,,,,,,,,,,,,,,,,,,,,,,,,3946,赤岩 善生,82期,愛知,愛知,50,A1,,0,0,0.15,6.95,50.0,67.6,5.78,33.3,38.8,0,38,33.9,44.0,0,58,45.0,58.3,11,7,2,4,0.14,2,12,1,1,0.02,1,,,,,,7,2,6,0.1,1,7,2,5,0.16,2,12,1,1,0.07,1,,,,,,,,,,,,,,,,,,,,,,,,,,,,,,,,,,,,,,,,,3804,中渡 修作,77期,福岡,鹿児島,52,B1,,0,0,0.16,4.97,29.2,50.0,5.86,42.8,71.4,0,25,23.3,38.3,0,64,37.5,58.9,1,5,4,4,0.09,2,,,,,,1,2,2,0.12,2,11,6,6,0.24,5,4,1,1,0.13,1,,,,,,,,,,,,,,,,,,,,,,,,,,,,,,,,,,,,,,,,,,,,,,3467,森 弘行,66期,東京,東京,57,B1,,0,0,0.2,3.96,13.0,37.6,3.36,12.0,20.0,0,14,32.2,54.2,0,59,37.5,50.0,10,3,6,6,0.2,6,,,,,,1,3,3,0.12,3,6,1,1,0.18,2,5,5,5,0.21,1,,,,,,,,,,,,,,,,,,,,,,,,,,,,,,,,,,,,,,,,,,,,,,5460,早川 理稀,138期,滋賀,京都,19,B2,,0,0,0.0,1.67,0.0,6.2,0.0,0.0,0.0,0,51,31.1,39.3,0,52,24.0,37.0,2,,,,,,7,6,6,0.27,5,3,6,6,0.14,6,7,6,5,0.08,6,,,,,,8,6,6,0.13,6,,,,,,,,,,,,,,,,,,,,,,,,,,,,,,,,,,,,,,,,,5000,岡本 翔太郎,121期,山口,山口,31,B1,,1,0,0.12,4.83,30.3,46.9,4.52,25.0,39.5,0,23,19.6,29.4,0,32,25.4,34.5,12,1,1,1,0.2,1,11,4,4,0.15,5,3,3,3,0.13,3,,,,,,2,5,5,0.08,5,8,2,2,0.13,2,,,,,,,,,,,,,,,,,,,,,,,,,,,,,,,,,,,,,,,,
202608061907,2026-08-06,19,07R,3737,上平 真二,75期,広島,広島,52,A1,,0,0,0.17,7.11,51.5,76.2,7.39,54.5,75.7,0,42,31.7,47.6,0,30,18.1,36.3,11,4,2,2,0.17,2,12,4,4,0.08,4,6,5,5,0.08,1,12,1,1,0.1,1,2,6,6,0.13,3,,,,,,,,,,,,,,,,,,,,,,,,,,,,,,,,,,,,,,,,,,,,,,3875,廣中 良一,79期,山口,山口,49,B1,,0,0,0.18,4.5,24.5,44.1,4.06,22.9,33.3,0,55,33.9,53.5,0,15,24.5,49.1,1,,,,,,8,2,2,0.24,2,1,1,1,0.11,1,10,3,5,0.26,6,6,4,6,0.15,5,,,,,,,,,,,,,,,,,,,,,,,,,,,,,,,,,,,,,,,,,,,,,,3286,坂東 満,59期,静岡,静岡,57,B2,,0,0,0.17,3.36,14.5,27.2,5.38,37.5,62.5,0,20,30.6,53.2,0,73,36.6,55.0,2,4,3,3,0.12,5,,,,,,1,5,5,0.25,6,8,1,1,0.06,5,5,2,2,0.25,2,,,,,,,,,,,,,,,,,,,,,,,,,,,,,,,,,,,,,,,,,,,,,,3776,横井 健太,76期,愛知,愛知,51,B1,,0,0,0.2,3.45,12.9,24.7,4.06,16.6,38.8,0,24,45.1,61.2,0,35,26.7,42.8,,3,2,2,0.16,5,8,5,5,0.33,5,6,6,6,0.1,6,,,,,,1,3,3,0.19,5,6,1,1,0.11,6,,,,,,,,,,,,,,,,,,,,,,,,,,,,,,,,,,,,,,,,,4772,石丸 海渡,112期,香川,愛媛,33,A1,,0,0,0.11,7.05,55.7,73.6,6.4,60.0,70.0,0,70,30.3,42.8,0,12,24.5,44.2,12,4,6,6,0.16,6,11,3,3,0.09,1,8,4,4,0.11,4,12,2,2,0.04,2,,,,,,9,1,1,0.02,1,,,,,,,,,,,,,,,,,,,,,,,,,,,,,,,,,,,,,,,,,4637,中田 友也,107期,埼玉,埼玉,36,A2,,0,0,0.18,5.41,37.9,53.4,5.17,37.5,58.3,0,22,30.1,47.1,0,18,21.4,48.2,,,,,,,8,3,3,0.28,6,7,3,2,0.07,3,11,4,4,0.18,3,3,5,5,0.2,4,10,1,1,0.15,2,,,,,,,,,,,,,,,,,,,,,,,,,,,,,,,,,,,,,,,,
202608061908,2026-08-06,19,08R,4702,三浦 敬太,110期,東京,北海道,39,A1,,0,0,0.14,5.7,41.8,56.7,6.1,42.8,61.9,0,27,38.6,57.8,0,69,38.6,54.3,4,8,4,4,0.24,1,12,5,5,0.05,2,,,,,,9,1,1,0.1,1,6,3,2,0.13,1,10,6,6,0.17,1,,,,,,,,,,,,,,,,,,,,,,,,,,,,,,,,,,,,,,,,,3863,海老澤 泰行,79期,東京,東京,52,B1,,0,0,0.17,4.3,18.9,35.4,4.44,25.0,31.2,0,28,30.9,52.7,0,43,41.3,60.3,,1,5,5,0.19,4,7,1,1,0.12,4,4,4,4,0.19,5,,,,,,1,6,6,0.25,4,11,3,3,0.19,5,,,,,,,,,,,,,,,,,,,,,,,,,,,,,,,,,,,,,,,,,3582,吉川 昭男,70期,滋賀,滋賀,53,A2,,0,0,0.17,6.4,50.0,60.0,7.57,71.4,85.7,0,44,18.9,36.2,0,40,35.0,51.6,12,,,,,,9,1,1,0.09,2,5,2,6,0.18,5,12,3,3,0.04,3,6,2,5,0.11,3,11,2,2,0.16,6,,,,,,,,,,,,,,,,,,,,,,,,,,,,,,,,,,,,,,,,,4485,楠原 正剛,102期,福岡,福岡,40,B1,,1,0,0.16,5.01,27.8,48.4,2.57,0.0,14.2,0,45,22.8,45.6,0,26,19.2,46.1,3,6,1,1,0.09,6,,,,,,2,4,5,0.2,5,10,2,2,0.21,3,,,,,,7,5,4,0.12,4,,,,,,,,,,,,,,,,,,,,,,,,,,,,,,,,,,,,,,,,,5375,庄島 潤成,135期,山口,山口,22,B1,,0,0,0.19,2.63,2.4,14.6,1.75,0.0,5.0,0,54,27.9,44.1,0,66,28.5,41.0,2,4,5,5,0.13,4,10,6,6,0.11,6,1,4,4,0.18,4,,,,,,4,6,4,0.1,4,,,,,,,,,,,,,,,,,,,,,,,,,,,,,,,,,,,,,,,,,,,,,,4917,岩橋 裕馬,118期,兵庫,大阪,38,B1,,0,0,0.17,4.52,24.6,32.1,4.19,11.1,38.8,0,56,36.3,52.7,0,44,33.9,52.5,,1,3,3,0.23,3,10,5,5,0.08,5,,,,,,7,1,1,0.11,2,2,4,4,0.07,4,9,2,2,0.07,4,,,,,,,,,,,,,,,,,,,,,,,,,,,,,,,,,,,,,,,,
202608061909,2026-08-06,19,09R,4079,出畑 孝典,87期,福岡,福岡,47,A2,,0,0,0.19,5.85,36.5,61.7,6.57,50.0,67.8,0,49,25.8,36.2,0,54,25.9,42.5,,,,,,,9,4,4,0.11,1,6,3,3,0.14,4,10,6,6,0.21,4,4,2,2,0.21,2,11,5,5,0.12,2,,,,,,,,,,,,,,,,,,,,,,,,,,,,,,,,,,,,,,,,,4301,関 裕也,95期,福岡,福岡,43,B1,,0,0,0.2,4.6,23.8,43.2,4.68,35.2,41.1,0,43,38.3,46.6,0,48,10.7,19.6,4,2,1,1,0.23,2,11,5,5,0.24,6,,,,,,8,6,6,0.16,6,5,3,3,0.26,6,,,,,,,,,,,,,,,,,,,,,,,,,,,,,,,,,,,,,,,,,,,,,,3430,角浜 修,65期,広島,広島,58,B1,,0,0,0.17,4.34,25.6,36.5,3.91,21.7,34.7,0,26,21.4,41.0,0,20,30.5,59.3,1,5,5,5,0.17,6,,,,,,1,6,6,0.19,5,7,4,3,0.06,5,,,,,,8,1,1,0.09,3,,,,,,,,,,,,,,,,,,,,,,,,,,,,,,,,,,,,,,,,,5050,木下 雄介,123期,滋賀,京都,31,A2,,0,0,0.17,5.85,41.7,58.2,7.05,47.6,90.4,0,60,24.0,46.0,0,71,19.6,41.1,,6,5,5,0.06,5,10,1,1,0.13,1,,,,,,8,3,3,0.1,1,7,3,2,0.12,3,11,6,6,0.17,3,,,,,,,,,,,,,,,,,,,,,,,,,,,,,,,,,,,,,,,,,3614,谷 勝幸,71期,広島,広島,53,B1,,0,0,0.17,4.26,21.9,34.2,3.35,8.7,21.7,0,73,29.8,40.3,0,49,41.6,56.6,,1,4,4,0.2,2,,,,,,3,1,1,0.15,2,10,4,3,0.24,5,1,2,2,0.17,3,9,6,6,0.07,5,,,,,,,,,,,,,,,,,,,,,,,,,,,,,,,,,,,,,,,,,5191,飛田 江己,128期,埼玉,東京,25,A1,賞除,1,0,0.13,7.12,55.5,73.8,6.35,40.0,65.0,0,35,30.3,53.5,0,62,25.4,43.1,,7,4,3,0.12,1,11,6,6,0.1,2,3,2,2,0.11,1,12,5,5,0.01,F,,,,,,10,4,4,0.14,3,,,,,,,,,,,,,,,,,,,,,,,,,,,,,,,,,,,,,,,,
202608061910,2026-08-06,19,10R,4985,井本 昌也,120期,山口,山口,29,A1,,0,0,0.15,6.69,51.3,64.3,6.91,52.1,68.7,0,47,31.5,45.6,0,13,22.6,33.9,2,6,2,2,0.03,2,12,6,6,0.05,5,4,5,5,0.17,6,10,1,1,0.21,1,,,,,,8,4,4,0.13,4,,,,,,,,,,,,,,,,,,,,,,,,,,,,,,,,,,,,,,,,,3467,森 弘行,66期,東京,東京,57,B1,,0,0,0.2,3.96,13.0,37.6,3.36,12.0,20.0,0,14,32.2,54.2,0,59,37.5,50.0,6,3,6,6,0.2,6,,,,,,1,3,3,0.12,3,6,1,1,0.18,2,5,5,5,0.21,1,,,,,,,,,,,,,,,,,,,,,,,,,,,,,,,,,,,,,,,,,,,,,,3461,渡邊 哲也,66期,静岡,静岡,59,B1,,0,0,0.19,2.98,9.6,15.3,2.67,0.0,33.3,0,61,31.0,53.4,0,16,17.6,21.5,1,,,,,,7,3,2,0.29,6,2,6,4,0.18,6,9,6,6,0.23,5,1,5,5,0.19,6,,,,,,,,,,,,,,,,,,,,,,,,,,,,,,,,,,,,,,,,,,,,,,3647,伊藤 雄二,72期,埼玉,埼玉,53,B1,,0,0,0.18,3.16,10.2,23.8,3.72,22.2,33.3,0,50,28.8,36.5,0,27,32.1,48.2,,2,2,2,0.23,4,6,6,6,0.07,4,3,5,5,0.12,5,,,,,,1,1,1,0.19,1,7,4,3,0.17,5,,,,,,,,,,,,,,,,,,,,,,,,,,,,,,,,,,,,,,,,,4369,丹下 将,97期,愛知,愛知,40,A2,,0,0,0.16,5.7,35.7,57.1,6.67,37.5,79.1,0,31,38.9,59.3,0,19,27.8,54.1,5,5,6,6,0.13,3,11,2,2,0.12,4,5,1,1,0.17,1,10,5,4,0.23,2,,,,,,9,3,3,0.05,2,,,,,,,,,,,,,,,,,,,,,,,,,,,,,,,,,,,,,,,,,5063,大塚 雅治,123期,東京,神奈川,28,B1,,0,0,0.21,4.51,20.5,42.3,3.59,17.6,29.4,0,11,48.0,59.6,0,33,37.5,51.7,3,5,2,2,0.17,5,,,,,,2,3,3,0.15,1,8,5,5,0.12,3,6,6,4,0.14,2,,,,,,,,,,,,,,,,,,,,,,,,,,,,,,,,,,,,,,,,,,,,,
202608061911,2026-08-06,19,11R,3499,市川 哲也,67期,広島,広島,57,A1,,1,0,0.15,5.46,34.4,52.6,6.0,43.5,58.9,0,33,33.3,50.0,0,45,29.8,49.1,3,3,5,5,0.21,2,11,1,1,0.08,3,,,,,,9,3,3,0.14,3,4,4,6,0.3,3,12,2,2,0.11,3,,,,,,,,,,,,,,,,,,,,,,,,,,,,,,,,,,,,,,,,,3737,上平 真二,75期,広島,広島,52,A1,,0,0,0.17,7.11,51.5,76.2,7.39,54.5,75.7,0,42,31.7,47.6,0,30,18.1,36.3,7,4,2,2,0.17,2,12,4,4,0.08,4,6,5,5,0.08,1,12,1,1,0.1,1,2,6,6,0.13,3,,,,,,,,,,,,,,,,,,,,,,,,,,,,,,,,,,,,,,,,,,,,,,3946,赤岩 善生,82期,愛知,愛知,50,A1,,0,0,0.15,6.95,50.0,67.6,5.78,33.3,38.8,0,38,33.9,44.0,0,58,45.0,58.3,6,7,2,4,0.14,2,12,1,1,0.02,1,,,,,,7,2,6,0.1,1,7,2,5,0.16,2,12,1,1,0.07,1,,,,,,,,,,,,,,,,,,,,,,,,,,,,,,,,,,,,,,,,,4451,松崎 祐太郎,100期,福岡,宮崎,38,A2,,0,0,0.16,6.36,47.6,66.6,6.17,50.0,54.1,0,65,33.3,50.8,0,25,45.7,55.9,4,,,,,,10,4,4,0.09,4,4,6,6,0.29,3,11,2,2,0.11,2,5,1,1,0.18,5,12,3,3,0.11,2,,,,,,,,,,,,,,,,,,,,,,,,,,,,,,,,,,,,,,,,,4263,武重 雄介,93期,山口,山口,42,B1,,0,0,0.18,4.45,26.1,39.7,5.56,37.1,53.3,0,64,22.4,41.3,0,72,28.8,44.2,1,,,,,,9,2,2,0.16,4,2,1,1,0.25,3,11,3,3,0.24,6,5,6,6,0.25,4,9,4,4,0.07,3,,,,,,,,,,,,,,,,,,,,,,,,,,,,,,,,,,,,,,,,,5152,丸山 祐也,127期,福岡,福岡,30,B1,,0,0,0.23,3.42,8.1,21.6,4.18,17.6,32.3,0,29,36.6,51.6,0,38,39.6,62.0,5,2,3,3,0.26,6,,,,,,5,6,5,0.22,3,9,4,4,0.21,4,,,,,,10,2,2,0.15,5,,,,,,,,,,,,,,,,,,,,,,,,,,,,,,,,,,,,,,,,
202608061912,2026-08-06,19,12R,4772,石丸 海渡,112期,香川,愛媛,33,A1,,0,0,0.11,7.05,55.7,73.6,6.4,60.0,70.0,0,70,30.3,42.8,0,12,24.5,44.2,7,4,6,6,0.16,6,11,3,3,0.09,1,8,4,4,0.11,4,12,2,2,0.04,2,,,,,,9,1,1,0.02,1,,,,,,,,,,,,,,,,,,,,,,,,,,,,,,,,,,,,,,,,,3582,吉川 昭男,70期,滋賀,滋賀,53,A2,,0,0,0.17,6.4,50.0,60.0,7.57,71.4,85.7,0,44,18.9,36.2,0,40,35.0,51.6,8,,,,,,9,1,1,0.09,2,5,2,6,0.18,5,12,3,3,0.04,3,6,2,5,0.11,3,11,2,2,0.16,6,,,,,,,,,,,,,,,,,,,,,,,,,,,,,,,,,,,,,,,,,3908,重成 一人,80期,香川,香川,47,A1,,0,0,0.15,5.92,39.6,58.4,6.7,47.7,63.6,0,15,28.5,35.7,0,39,21.0,38.6,5,2,5,5,0.14,3,12,2,2,0.05,6,3,4,4,0.14,4,11,1,1,0.12,1,3,6,6,0.24,6,,,,,,,,,,,,,,,,,,,,,,,,,,,,,,,,,,,,,,,,,,,,,,5000,岡本 翔太郎,121期,山口,山口,31,B1,,1,0,0.12,4.83,30.3,46.9,4.52,25.0,39.5,0,23,19.6,29.4,0,32,25.4,34.5,6,1,1,1,0.2,1,11,4,4,0.15,5,3,3,3,0.13,3,,,,,,2,5,5,0.08,5,8,2,2,0.13,2,,,,,,,,,,,,,,,,,,,,,,,,,,,,,,,,,,,,,,,,,4601,森野 正弘,106期,山口,山口,41,A1,,0,0,0.13,6.62,54.5,66.3,6.63,47.7,61.3,0,69,35.0,56.1,0,34,33.3,55.0,3,5,1,1,0.15,1,12,3,3,0.01,3,2,5,6,0.15,2,,,,,,5,4,4,0.19,3,11,1,1,0.15,1,,,,,,,,,,,,,,,,,,,,,,,,,,,,,,,,,,,,,,,,,5115,香川 颯太,125期,滋賀,京都,26,B1,,0,0,0.16,5.65,41.0,56.4,6.14,42.8,57.1,0,66,22.4,41.3,0,14,31.6,45.0,4,5,3,3,0.14,4,,,,,,6,4,4,0.11,3,11,5,5,0.15,4,6,5,3,0.09,4,,,,,,,,,,,,,,,,,,,,,,,,,,,,,,,,,,,,,,,,,,,,,
202608062401,2026-08-06,24,01R,4299,中島 浩哉,95期,長崎,長崎,43,B1,,0,0,0.15,4.23,17.5,39.1,5.03,30.3,52.5,0,15,17.0,27.6,0,12,43.1,54.5,10,,,,,,,,,,,,,,,,,,,,,,,,,,,,,,,,,,,,,,,,,,,,,,,,,,,,,,,,,,,,,,,,,,,,,,,5011,高木 圭大,121期,長崎,長崎,29,B1,,0,0,0.15,3.93,17.2,30.8,4.21,22.8,33.7,0,68,23.2,32.5,0,60,36.3,59.0,6,,,,,,,,,,,,,,,,,,,,,,,,,,,,,,,,,,,,,,,,,,,,,,,,,,,,,,,,,,,,,,,,,,,,,,,3964,宮地 博士,82期,長崎,長崎,47,B1,,0,0,0.2,4.01,15.6,33.7,4.76,21.5,42.2,0,30,22.2,35.5,0,39,33.3,43.5,6,,,,,,,,,,,,,,,,,,,,,,,,,,,,,,,,,,,,,,,,,,,,,,,,,,,,,,,,,,,,,,,,,,,,,,,4705,吉川 勇作,110期,長崎,長崎,38,B1,,0,0,0.15,3.11,11.8,20.4,3.88,22.1,33.6,0,76,32.6,50.0,0,37,43.1,63.6,8,,,,,,,,,,,,,,,,,,,,,,,,,,,,,,,,,,,,,,,,,,,,,,,,,,,,,,,,,,,,,,,,,,,,,,,3527,中嶋 誠一郎,68期,長崎,長崎,55,B1,,0,0,0.17,5.29,32.6,55.4,5.45,33.3,56.4,0,65,42.5,53.1,0,82,33.3,51.1,7,,,,,,,,,,,,,,,,,,,,,,,,,,,,,,,,,,,,,,,,,,,,,,,,,,,,,,,,,,,,,,,,,,,,,,,4164,岩永 節也,90期,長崎,長崎,44,B1,,0,0,0.19,3.68,11.7,29.4,4.27,19.3,35.9,0,29,44.4,51.1,0,71,34.8,51.1,9,,,,,,,,,,,,,,,,,,,,,,,,,,,,,,,,,,,,,,,,,,,,,,,,,,,,,,,,,,,,,,,,,,,,,,
202608062402,2026-08-06,24,02R,4092,岡部 大輔,87期,佐賀,佐賀,45,B1,,0,0,0.16,4.86,26.9,43.5,5.28,34.3,53.1,0,75,28.8,44.4,0,31,36.9,50.0,7,,,,,,,,,,,,,,,,,,,,,,,,,,,,,,,,,,,,,,,,,,,,,,,,,,,,,,,,,,,,,,,,,,,,,,,4588,田中 京介,105期,福岡,福岡,35,A2,,0,0,0.15,5.43,39.8,56.3,5.97,39.3,63.6,0,39,32.5,55.8,0,69,41.8,65.1,8,,,,,,,,,,,,,,,,,,,,,,,,,,,,,,,,,,,,,,,,,,,,,,,,,,,,,,,,,,,,,,,,,,,,,,,3892,草場 康幸,80期,佐賀,佐賀,50,B1,,0,0,0.17,5.1,29.1,51.0,5.23,23.2,48.2,0,69,39.2,60.7,0,79,33.3,52.3,9,,,,,,,,,,,,,,,,,,,,,,,,,,,,,,,,,,,,,,,,,,,,,,,,,,,,,,,,,,,,,,,,,,,,,,,4248,岡本 大,93期,長崎,長崎,44,B1,,0,0,0.17,4.72,25.5,45.3,4.36,22.2,37.3,0,66,25.5,48.9,0,54,34.0,45.4,7,,,,,,,,,,,,,,,,,,,,,,,,,,,,,,,,,,,,,,,,,,,,,,,,,,,,,,,,,,,,,,,,,,,,,,,3576,白水 勝也,70期,福岡,福岡,53,A1,,1,0,0.17,6.63,48.5,76.2,6.74,51.1,69.7,0,14,34.8,53.4,0,38,34.8,46.5,11,,,,,,,,,,,,,,,,,,,,,,,,,,,,,,,,,,,,,,,,,,,,,,,,,,,,,,,,,,,,,,,,,,,,,,,4241,大串 重幸,92期,長崎,長崎,41,A2,,0,0,0.17,5.74,34.3,58.8,5.99,42.5,60.4,0,73,18.1,31.8,0,51,34.8,55.8,12,,,,,,,,,,,,,,,,,,,,,,,,,,,,,,,,,,,,,,,,,,,,,,,,,,,,,,,,,,,,,,,,,,,,,,
202608062403,2026-08-06,24,03R,3284,渡邊 伸太郎,59期,佐賀,佐賀,58,B1,,1,0,0.18,5.2,28.5,47.6,5.63,32.2,54.2,0,44,57.1,73.8,0,64,42.2,53.3,8,,,,,,,,,,,,,,,,,,,,,,,,,,,,,,,,,,,,,,,,,,,,,,,,,,,,,,,,,,,,,,,,,,,,,,,4096,石橋 道友,87期,長崎,長崎,44,A1,,0,0,0.15,6.25,44.7,60.0,7.33,59.8,75.4,0,36,27.9,51.1,0,62,34.8,46.5,9,,,,,,,,,,,,,,,,,,,,,,,,,,,,,,,,,,,,,,,,,,,,,,,,,,,,,,,,,,,,,,,,,,,,,,,3843,上之 晃弘,78期,長崎,長崎,50,B1,,0,0,0.16,5.13,33.3,43.7,5.11,29.2,48.4,0,21,24.4,46.6,0,17,44.4,66.6,11,,,,,,,,,,,,,,,,,,,,,,,,,,,,,,,,,,,,,,,,,,,,,,,,,,,,,,,,,,,,,,,,,,,,,,,4553,坪口 竜也,104期,長崎,長崎,37,A2,,0,0,0.16,5.7,35.0,55.0,6.3,43.2,64.5,0,22,20.0,42.2,0,11,33.3,54.7,12,,,,,,,,,,,,,,,,,,,,,,,,,,,,,,,,,,,,,,,,,,,,,,,,,,,,,,,,,,,,,,,,,,,,,,,4949,横田 貴満,119期,佐賀,熊本,33,A2,,0,0,0.16,5.91,39.5,54.6,5.58,37.2,55.8,0,51,20.4,27.2,0,55,44.7,57.8,10,,,,,,,,,,,,,,,,,,,,,,,,,,,,,,,,,,,,,,,,,,,,,,,,,,,,,,,,,,,,,,,,,,,,,,,5384,八戸 琉楓,135期,長崎,佐賀,21,B2,,0,0,0.22,1.84,2.4,6.0,1.41,0.0,1.8,0,64,26.1,45.2,0,32,51.1,60.0,,,,,,,,,,,,,,,,,,,,,,,,,,,,,,,,,,,,,,,,,,,,,,,,,,,,,,,,,,,,,,,,,,,,,,,
202608062404,2026-08-06,24,04R,3224,栗山 繁洋,57期,佐賀,佐賀,61,B1,,0,0,0.21,3.87,18.3,28.7,4.4,30.2,39.5,0,74,34.8,46.5,0,66,34.8,53.4,9,,,,,,,,,,,,,,,,,,,,,,,,,,,,,,,,,,,,,,,,,,,,,,,,,,,,,,,,,,,,,,,,,,,,,,,4966,田川 大貴,119期,長崎,長崎,28,B1,,0,0,0.16,5.01,33.7,44.9,5.62,41.7,51.4,0,72,13.9,30.2,0,36,40.4,64.2,11,,,,,,,,,,,,,,,,,,,,,,,,,,,,,,,,,,,,,,,,,,,,,,,,,,,,,,,,,,,,,,,,,,,,,,,4969,町田 洸希,120期,長崎,長崎,35,B1,,0,0,0.18,4.44,20.9,45.3,4.92,31.5,47.3,0,27,32.5,37.2,0,77,41.8,55.8,,,,,,,,,,,,,,,,,,,,,,,,,,,,,,,,,,,,,,,,,,,,,,,,,,,,,,,,,,,,,,,,,,,,,,,,4497,桑原 悠,102期,長崎,長崎,39,A1,,0,0,0.14,7.42,55.5,70.9,7.66,59.6,80.1,0,20,42.5,55.0,0,81,41.0,66.6,12,,,,,,,,,,,,,,,,,,,,,,,,,,,,,,,,,,,,,,,,,,,,,,,,,,,,,,,,,,,,,,,,,,,,,,,5443,西村 仁吾,137期,長崎,佐賀,18,B2,,0,0,0.24,1.65,4.0,4.0,1.53,0.0,0.0,0,48,37.2,53.4,0,75,36.3,50.0,,,,,,,,,,,,,,,,,,,,,,,,,,,,,,,,,,,,,,,,,,,,,,,,,,,,,,,,,,,,,,,,,,,,,,,,4624,高田 明,107期,佐賀,佐賀,41,A1,,1,0,0.17,6.25,44.8,59.7,5.38,40.5,51.3,0,12,17.3,34.7,0,50,47.6,64.2,10,,,,,,,,,,,,,,,,,,,,,,,,,,,,,,,,,,,,,,,,,,,,,,,,,,,,,,,,,,,,,,,,,,,,,,
202608062405,2026-08-06,24,05R,4213,重富 伸也,91期,長崎,長崎,42,B1,,0,0,0.16,3.85,23.1,30.4,4.47,27.9,36.4,0,26,38.6,56.8,0,85,44.1,55.8,10,,,,,,,,,,,,,,,,,,,,,,,,,,,,,,,,,,,,,,,,,,,,,,,,,,,,,,,,,,,,,,,,,,,,,,,4352,下條 雄太郎,96期,長崎,長崎,40,A1,,0,0,0.15,7.26,58.0,74.0,7.61,62.8,75.0,0,78,22.2,37.7,0,24,38.6,61.3,,,,,,,,,,,,,,,,,,,,,,,,,,,,,,,,,,,,,,,,,,,,,,,,,,,,,,,,,,,,,,,,,,,,,,,,4171,榎 幸司,90期,長崎,長崎,43,A2,,0,0,0.19,6.19,44.0,62.7,6.37,45.5,65.6,0,23,39.5,58.3,0,57,33.3,46.6,12,,,,,,,,,,,,,,,,,,,,,,,,,,,,,,,,,,,,,,,,,,,,,,,,,,,,,,,,,,,,,,,,,,,,,,,4287,今井 貴士,94期,福岡,福岡,42,A2,,0,0,0.17,6.59,48.9,69.1,6.13,43.7,56.2,0,18,20.4,34.0,0,70,38.1,66.6,11,,,,,,,,,,,,,,,,,,,,,,,,,,,,,,,,,,,,,,,,,,,,,,,,,,,,,,,,,,,,,,,,,,,,,,,5457,山田 陽翔,138期,長崎,長崎,20,B2,,0,0,0.0,1.05,0.0,0.0,1.05,0.0,0.0,0,77,33.3,42.2,0,67,40.9,56.8,,,,,,,,,,,,,,,,,,,,,,,,,,,,,,,,,,,,,,,,,,,,,,,,,,,,,,,,,,,,,,,,,,,,,,,,4004,山本 浩輔,84期,長崎,長崎,48,B1,,0,0,0.18,4.89,30.2,44.7,4.81,25.2,45.0,0,11,11.3,18.1,0,73,46.3,63.4,10,,,,,,,,,,,,,,,,,,,,,,,,,,,,,,,,,,,,,,,,,,,,,,,,,,,,,,,,,,,,,,,,,,,,,,
202608062406,2026-08-06,24,06R,3964,宮地 博士,82期,長崎,長崎,47,B1,,0,0,0.2,4.01,15.6,33.7,4.76,21.5,42.2,0,30,22.2,35.5,0,39,33.3,43.5,1,,,,,,,,,,,,,,,,,,,,,,,,,,,,,,,,,,,,,,,,,,,,,,,,,,,,,,,,,,,,,,,,,,,,,,,5086,本村 大,124期,長崎,長崎,27,B1,,0,0,0.2,3.79,16.9,30.1,5.11,33.5,48.6,0,67,21.7,45.6,0,45,33.3,50.0,,,,,,,,,,,,,,,,,,,,,,,,,,,,,,,,,,,,,,,,,,,,,,,,,,,,,,,,,,,,,,,,,,,,,,,,4715,村上 遼,110期,長崎,長崎,34,A1,,0,0,0.15,6.7,44.2,63.9,6.89,52.5,67.4,0,43,34.7,52.1,0,56,35.5,53.3,11,,,,,,,,,,,,,,,,,,,,,,,,,,,,,,,,,,,,,,,,,,,,,,,,,,,,,,,,,,,,,,,,,,,,,,,4948,木場 悠介,119期,長崎,鹿児島,33,B1,,0,0,0.15,5.67,40.6,56.2,5.68,40.8,55.8,0,60,25.5,44.1,0,46,45.2,59.5,12,,,,,,,,,,,,,,,,,,,,,,,,,,,,,,,,,,,,,,,,,,,,,,,,,,,,,,,,,,,,,,,,,,,,,,,5011,高木 圭大,121期,長崎,長崎,29,B1,,0,0,0.15,3.93,17.2,30.8,4.21,22.8,33.7,0,68,23.2,32.5,0,60,36.3,59.0,1,,,,,,,,,,,,,,,,,,,,,,,,,,,,,,,,,,,,,,,,,,,,,,,,,,,,,,,,,,,,,,,,,,,,,,,5055,眞鳥 章太,123期,長崎,長崎,30,A2,,0,0,0.16,5.71,36.0,54.6,5.73,38.1,54.6,0,80,21.7,41.3,0,76,33.3,44.4,11,,,,,,,,,,,,,,,,,,,,,,,,,,,,,,,,,,,,,,,,,,,,,,,,,,,,,,,,,,,,,,,,,,,,,,
202608062407,2026-08-06,24,07R,3349,吉田 一郎,62期,長崎,長崎,58,A1,,0,0,0.17,6.2,43.3,68.6,5.44,30.7,53.8,0,81,39.1,60.8,0,34,32.5,46.5,12,,,,,,,,,,,,,,,,,,,,,,,,,,,,,,,,,,,,,,,,,,,,,,,,,,,,,,,,,,,,,,,,,,,,,,,4248,岡本 大,93期,長崎,長崎,44,B1,,0,0,0.17,4.72,25.5,45.3,4.36,22.2,37.3,0,66,25.5,48.9,0,54,34.0,45.4,2,,,,,,,,,,,,,,,,,,,,,,,,,,,,,,,,,,,,,,,,,,,,,,,,,,,,,,,,,,,,,,,,,,,,,,,3527,中嶋 誠一郎,68期,長崎,長崎,55,B1,,0,0,0.17,5.29,32.6,55.4,5.45,33.3,56.4,0,65,42.5,53.1,0,82,33.3,51.1,1,,,,,,,,,,,,,,,,,,,,,,,,,,,,,,,,,,,,,,,,,,,,,,,,,,,,,,,,,,,,,,,,,,,,,,,4092,岡部 大輔,87期,佐賀,佐賀,45,B1,,0,0,0.16,4.86,26.9,43.5,5.28,34.3,53.1,0,75,28.8,44.4,0,31,36.9,50.0,2,,,,,,,,,,,,,,,,,,,,,,,,,,,,,,,,,,,,,,,,,,,,,,,,,,,,,,,,,,,,,,,,,,,,,,,5048,眞鳥 康太,123期,長崎,長崎,32,B1,,0,0,0.21,4.38,23.5,41.1,4.58,27.1,43.2,0,16,39.0,60.9,0,25,43.1,50.0,,,,,,,,,,,,,,,,,,,,,,,,,,,,,,,,,,,,,,,,,,,,,,,,,,,,,,,,,,,,,,,,,,,,,,,,3777,樋口 亮,76期,長崎,長崎,51,A2,,1,0,0.17,5.37,35.7,47.9,6.25,45.1,62.2,0,34,42.5,59.5,0,14,48.7,66.6,,,,,,,,,,,,,,,,,,,,,,,,,,,,,,,,,,,,,,,,,,,,,,,,,,,,,,,,,,,,,,,,,,,,,,,
202608062408,2026-08-06,24,08R,4588,田中 京介,105期,福岡,福岡,35,A2,,0,0,0.15,5.43,39.8,56.3,5.97,39.3,63.6,0,39,32.5,55.8,0,69,41.8,65.1,2,,,,,,,,,,,,,,,,,,,,,,,,,,,,,,,,,,,,,,,,,,,,,,,,,,,,,,,,,,,,,,,,,,,,,,,5395,日高 龍之介,136期,佐賀,宮崎,24,B1,,0,0,0.19,2.32,4.8,11.2,1.9,3.2,9.6,0,19,35.4,58.3,0,59,33.3,50.0,,,,,,,,,,,,,,,,,,,,,,,,,,,,,,,,,,,,,,,,,,,,,,,,,,,,,,,,,,,,,,,,,,,,,,,,4498,宮本 夏樹,102期,長崎,長崎,39,B2,,0,0,0.17,5.09,34.1,48.1,5.95,43.2,58.4,0,35,20.4,45.4,0,48,39.5,60.4,,,,,,,,,,,,,,,,,,,,,,,,,,,,,,,,,,,,,,,,,,,,,,,,,,,,,,,,,,,,,,,,,,,,,,,,3284,渡邊 伸太郎,59期,佐賀,佐賀,58,B1,,1,0,0.18,5.2,28.5,47.6,5.63,32.2,54.2,0,44,57.1,73.8,0,64,42.2,53.3,3,,,,,,,,,,,,,,,,,,,,,,,,,,,,,,,,,,,,,,,,,,,,,,,,,,,,,,,,,,,,,,,,,,,,,,,4705,吉川 勇作,110期,長崎,長崎,38,B1,,0,0,0.15,3.11,11.8,20.4,3.88,22.1,33.6,0,76,32.6,50.0,0,37,43.1,63.6,1,,,,,,,,,,,,,,,,,,,,,,,,,,,,,,,,,,,,,,,,,,,,,,,,,,,,,,,,,,,,,,,,,,,,,,,3574,大神 康司,70期,福岡,福岡,54,A1,,0,0,0.16,6.07,49.4,63.1,6.08,46.2,61.2,0,49,40.4,54.7,0,47,48.8,60.4,,,,,,,,,,,,,,,,,,,,,,,,,,,,,,,,,,,,,,,,,,,,,,,,,,,,,,,,,,,,,,,,,,,,,,,
202608062409,2026-08-06,24,09R,4259,真庭 明志,93期,長崎,長崎,42,A2,,0,0,0.15,5.67,34.8,59.6,5.98,42.6,62.2,0,62,35.5,53.3,0,43,34.8,53.4,,,,,,,,,,,,,,,,,,,,,,,,,,,,,,,,,,,,,,,,,,,,,,,,,,,,,,,,,,,,,,,,,,,,,,,,4164,岩永 節也,90期,長崎,長崎,44,B1,,0,0,0.19,3.68,11.7,29.4,4.27,19.3,35.9,0,29,44.4,51.1,0,71,34.8,51.1,1,,,,,,,,,,,,,,,,,,,,,,,,,,,,,,,,,,,,,,,,,,,,,,,,,,,,,,,,,,,,,,,,,,,,,,,3224,栗山 繁洋,57期,佐賀,佐賀,61,B1,,0,0,0.21,3.87,18.3,28.7,4.4,30.2,39.5,0,74,34.8,46.5,0,66,34.8,53.4,4,,,,,,,,,,,,,,,,,,,,,,,,,,,,,,,,,,,,,,,,,,,,,,,,,,,,,,,,,,,,,,,,,,,,,,,3892,草場 康幸,80期,佐賀,佐賀,50,B1,,0,0,0.17,5.1,29.1,51.0,5.23,23.2,48.2,0,69,39.2,60.7,0,79,33.3,52.3,2,,,,,,,,,,,,,,,,,,,,,,,,,,,,,,,,,,,,,,,,,,,,,,,,,,,,,,,,,,,,,,,,,,,,,,,4096,石橋 道友,87期,長崎,長崎,44,A1,,0,0,0.15,6.25,44.7,60.0,7.33,59.8,75.4,0,36,27.9,51.1,0,62,34.8,46.5,3,,,,,,,,,,,,,,,,,,,,,,,,,,,,,,,,,,,,,,,,,,,,,,,,,,,,,,,,,,,,,,,,,,,,,,,4695,尾崎 雄二,110期,長崎,長崎,40,A2,,0,0,0.15,5.4,41.8,51.1,5.76,38.4,59.4,0,71,17.7,33.3,0,20,48.7,58.9,,,,,,,,,,,,,,,,,,,,,,,,,,,,,,,,,,,,,,,,,,,,,,,,,,,,,,,,,,,,,,,,,,,,,,,
202608062410,2026-08-06,24,10R,4949,横田 貴満,119期,佐賀,熊本,33,A2,,0,0,0.16,5.91,39.5,54.6,5.58,37.2,55.8,0,51,20.4,27.2,0,55,44.7,57.8,3,,,,,,,,,,,,,,,,,,,,,,,,,,,,,,,,,,,,,,,,,,,,,,,,,,,,,,,,,,,,,,,,,,,,,,,4004,山本 浩輔,84期,長崎,長崎,48,B1,,0,0,0.18,4.89,30.2,44.7,4.81,25.2,45.0,0,11,11.3,18.1,0,73,46.3,63.4,5,,,,,,,,,,,,,,,,,,,,,,,,,,,,,,,,,,,,,,,,,,,,,,,,,,,,,,,,,,,,,,,,,,,,,,,4624,高田 明,107期,佐賀,佐賀,41,A1,,1,0,0.17,6.25,44.8,59.7,5.38,40.5,51.3,0,12,17.3,34.7,0,50,47.6,64.2,4,,,,,,,,,,,,,,,,,,,,,,,,,,,,,,,,,,,,,,,,,,,,,,,,,,,,,,,,,,,,,,,,,,,,,,,4299,中島 浩哉,95期,長崎,長崎,43,B1,,0,0,0.15,4.23,17.5,39.1,5.03,30.3,52.5,0,15,17.0,27.6,0,12,43.1,54.5,1,,,,,,,,,,,,,,,,,,,,,,,,,,,,,,,,,,,,,,,,,,,,,,,,,,,,,,,,,,,,,,,,,,,,,,,4213,重富 伸也,91期,長崎,長崎,42,B1,,0,0,0.16,3.85,23.1,30.4,4.47,27.9,36.4,0,26,38.6,56.8,0,85,44.1,55.8,5,,,,,,,,,,,,,,,,,,,,,,,,,,,,,,,,,,,,,,,,,,,,,,,,,,,,,,,,,,,,,,,,,,,,,,,3473,石川 真二,66期,福岡,福岡,56,A1,,0,0,0.14,6.53,51.9,67.7,7.04,50.0,78.5,0,50,7.3,17.0,0,49,38.1,59.5,,,,,,,,,,,,,,,,,,,,,,,,,,,,,,,,,,,,,,,,,,,,,,,,,,,,,,,,,,,,,,,,,,,,,,,
202608062411,2026-08-06,24,11R,3576,白水 勝也,70期,福岡,福岡,53,A1,,1,0,0.17,6.63,48.5,76.2,6.74,51.1,69.7,0,14,34.8,53.4,0,38,34.8,46.5,2,,,,,,,,,,,,,,,,,,,,,,,,,,,,,,,,,,,,,,,,,,,,,,,,,,,,,,,,,,,,,,,,,,,,,,,3843,上之 晃弘,78期,長崎,長崎,50,B1,,0,0,0.16,5.13,33.3,43.7,5.11,29.2,48.4,0,21,24.4,46.6,0,17,44.4,66.6,3,,,,,,,,,,,,,,,,,,,,,,,,,,,,,,,,,,,,,,,,,,,,,,,,,,,,,,,,,,,,,,,,,,,,,,,5055,眞鳥 章太,123期,長崎,長崎,30,A2,,0,0,0.16,5.71,36.0,54.6,5.73,38.1,54.6,0,80,21.7,41.3,0,76,33.3,44.4,6,,,,,,,,,,,,,,,,,,,,,,,,,,,,,,,,,,,,,,,,,,,,,,,,,,,,,,,,,,,,,,,,,,,,,,,4715,村上 遼,110期,長崎,長崎,34,A1,,0,0,0.15,6.7,44.2,63.9,6.89,52.5,67.4,0,43,34.7,52.1,0,56,35.5,53.3,6,,,,,,,,,,,,,,,,,,,,,,,,,,,,,,,,,,,,,,,,,,,,,,,,,,,,,,,,,,,,,,,,,,,,,,,4287,今井 貴士,94期,福岡,福岡,42,A2,,0,0,0.17,6.59,48.9,69.1,6.13,43.7,56.2,0,18,20.4,34.0,0,70,38.1,66.6,5,,,,,,,,,,,,,,,,,,,,,,,,,,,,,,,,,,,,,,,,,,,,,,,,,,,,,,,,,,,,,,,,,,,,,,,4966,田川 大貴,119期,長崎,長崎,28,B1,,0,0,0.16,5.01,33.7,44.9,5.62,41.7,51.4,0,72,13.9,30.2,0,36,40.4,64.2,4,,,,,,,,,,,,,,,,,,,,,,,,,,,,,,,,,,,,,,,,,,,,,,,,,,,,,,,,,,,,,,,,,,,,,,
202608062412,2026-08-06,24,12R,4497,桑原 悠,102期,長崎,長崎,39,A1,,0,0,0.14,7.42,55.5,70.9,7.66,59.6,80.1,0,20,42.5,55.0,0,81,41.0,66.6,4,,,,,,,,,,,,,,,,,,,,,,,,,,,,,,,,,,,,,,,,,,,,,,,,,,,,,,,,,,,,,,,,,,,,,,,4553,坪口 竜也,104期,長崎,長崎,37,A2,,0,0,0.16,5.7,35.0,55.0,6.3,43.2,64.5,0,22,20.0,42.2,0,11,33.3,54.7,3,,,,,,,,,,,,,,,,,,,,,,,,,,,,,,,,,,,,,,,,,,,,,,,,,,,,,,,,,,,,,,,,,,,,,,,3349,吉田 一郎,62期,長崎,長崎,58,A1,,0,0,0.17,6.2,43.3,68.6,5.44,30.7,53.8,0,81,39.1,60.8,0,34,32.5,46.5,7,,,,,,,,,,,,,,,,,,,,,,,,,,,,,,,,,,,,,,,,,,,,,,,,,,,,,,,,,,,,,,,,,,,,,,,4241,大串 重幸,92期,長崎,長崎,41,A2,,0,0,0.17,5.74,34.3,58.8,5.99,42.5,60.4,0,73,18.1,31.8,0,51,34.8,55.8,2,,,,,,,,,,,,,,,,,,,,,,,,,,,,,,,,,,,,,,,,,,,,,,,,,,,,,,,,,,,,,,,,,,,,,,,4948,木場 悠介,119期,長崎,鹿児島,33,B1,,0,0,0.15,5.67,40.6,56.2,5.68,40.8,55.8,0,60,25.5,44.1,0,46,45.2,59.5,6,,,,,,,,,,,,,,,,,,,,,,,,,,,,,,,,,,,,,,,,,,,,,,,,,,,,,,,,,,,,,,,,,,,,,,,4171,榎 幸司,90期,長崎,長崎,43,A2,,0,0,0.19,6.19,44.0,62.7,6.37,45.5,65.6,0,23,39.5,58.3,0,57,33.3,46.6,5,,,,,,,,,,,,,,,,,,,,,,,,,,,,,,,,,,,,,,,,,,,,,,,,,,,,,,,,,,,,,,,,,,,,,,
