レースコード,レース日,レース場コード,レース回,艇1_登録番号,艇1_選手名,艇1_期別,艇1_支部,艇1_出身地,艇1_年齢,艇1_級別,艇1_賞除,艇1_F本数,艇1_L本数,艇1_全国平均ST,艇1_全国勝率,艇1_全国2連対率,艇1_全国3連対率,艇1_当地勝率,艇1_当地2連対率,艇1_当地3連対率,艇1_モーターフラグ,艇1_モーター番号,艇1_モーター2連対率,艇1_モーター3連対率,艇1_ボートフラグ,艇1_ボート番号,艇1_ボート2連対率,艇1_ボート3連対率,艇1_早見,艇1_節D1走1_R番号,艇1_節D1走1_進入,艇1_節D1走1_枠,艇1_節D1走1_ST,艇1_節D1走1_着順,艇1_節D1走2_R番号,艇1_節D1走2_進入,艇1_節D1走2_枠,艇1_節D1走2_ST,艇1_節D1走2_着順,艇1_節D2走1_R番号,艇1_節D2走1_進入,艇1_節D2走1_枠,艇1_節D2走1_ST,艇1_節D2走1_着順,艇1_節D2走2_R番号,艇1_節D2走2_進入,艇1_節D2走2_枠,艇1_節D2走2_ST,艇1_節D2走2_着順,艇1_節D3走1_R番号,艇1_節D3走1_進入,艇1_節D3走1_枠,艇1_節D3走1_ST,艇1_節D3走1_着順,艇1_節D3走2_R番号,艇1_節D3走2_進入,艇1_節D3走2_枠,艇1_節D3走2_ST,艇1_節D3走2_着順,艇1_節D4走1_R番号,艇1_節D4走1_進入,艇1_節D4走1_枠,艇1_節D4走1_ST,艇1_節D4走1_着順,艇1_節D4走2_R番号,艇1_節D4走2_進入,艇1_節D4走2_枠,艇1_節D4走2_ST,艇1_節D4走2_着順,艇1_節D5走1_R番号,艇1_節D5走1_進入,艇1_節D5走1_枠,艇1_節D5走1_ST,艇1_節D5走1_着順,艇1_節D5走2_R番号,艇1_節D5走2_進入,艇1_節D5走2_枠,艇1_節D5走2_ST,艇1_節D5走2_着順,艇1_節D6走1_R番号,艇1_節D6走1_進入,艇1_節D6走1_枠,艇1_節D6走1_ST,艇1_節D6走1_着順,艇1_節D6走2_R番号,艇1_節D6走2_進入,艇1_節D6走2_枠,艇1_節D6走2_ST,艇1_節D6走2_着順,艇1_節D7走1_R番号,艇1_節D7走1_進入,艇1_節D7走1_枠,艇1_節D7走1_ST,艇1_節D7走1_着順,艇1_節D7走2_R番号,艇1_節D7走2_進入,艇1_節D7走2_枠,艇1_節D7走2_ST,艇1_節D7走2_着順,艇2_登録番号,艇2_選手名,艇2_期別,艇2_支部,艇2_出身地,艇2_年齢,艇2_級別,艇2_賞除,艇2_F本数,艇2_L本数,艇2_全国平均ST,艇2_全国勝率,艇2_全国2連対率,艇2_全国3連対率,艇2_当地勝率,艇2_当地2連対率,艇2_当地3連対率,艇2_モーターフラグ,艇2_モーター番号,艇2_モーター2連対率,艇2_モーター3連対率,艇2_ボートフラグ,艇2_ボート番号,艇2_ボート2連対率,艇2_ボート3連対率,艇2_早見,艇2_節D1走1_R番号,艇2_節D1走1_進入,艇2_節D1走1_枠,艇2_節D1走1_ST,艇2_節D1走1_着順,艇2_節D1走2_R番号,艇2_節D1走2_進入,艇2_節D1走2_枠,艇2_節D1走2_ST,艇2_節D1走2_着順,艇2_節D2走1_R番号,艇2_節D2走1_進入,艇2_節D2走1_枠,艇2_節D2走1_ST,艇2_節D2走1_着順,艇2_節D2走2_R番号,艇2_節D2走2_進入,艇2_節D2走2_枠,艇2_節D2走2_ST,艇2_節D2走2_着順,艇2_節D3走1_R番号,艇2_節D3走1_進入,艇2_節D3走1_枠,艇2_節D3走1_ST,艇2_節D3走1_着順,艇2_節D3走2_R番号,艇2_節D3走2_進入,艇2_節D3走2_枠,艇2_節D3走2_ST,艇2_節D3走2_着順,艇2_節D4走1_R番号,艇2_節D4走1_進入,艇2_節D4走1_枠,艇2_節D4走1_ST,艇2_節D4走1_着順,艇2_節D4走2_R番号,艇2_節D4走2_進入,艇2_節D4走2_枠,艇2_節D4走2_ST,艇2_節D4走2_着順,艇2_節D5走1_R番号,艇2_節D5走1_進入,艇2_節D5走1_枠,艇2_節D5走1_ST,艇2_節D5走1_着順,艇2_節D5走2_R番号,艇2_節D5走2_進入,艇2_節D5走2_枠,艇2_節D5走2_ST,艇2_節D5走2_着順,艇2_節D6走1_R番号,艇2_節D6走1_進入,艇2_節D6走1_枠,艇2_節D6走1_ST,艇2_節D6走1_着順,艇2_節D6走2_R番号,艇2_節D6走2_進入,艇2_節D6走2_枠,艇2_節D6走2_ST,艇2_節D6走2_着順,艇2_節D7走1_R番号,艇2_節D7走1_進入,艇2_節D7走1_枠,艇2_節D7走1_ST,艇2_節D7走1_着順,艇2_節D7走2_R番号,艇2_節D7走2_進入,艇2_節D7走2_枠,艇2_節D7走2_ST,艇2_節D7走2_着順,艇3_登録番号,艇3_選手名,艇3_期別,艇3_支部,艇3_出身地,艇3_年齢,艇3_級別,艇3_賞除,艇3_F本数,艇3_L本数,艇3_全国平均ST,艇3_全国勝率,艇3_全国2連対率,艇3_全国3連対率,艇3_当地勝率,艇3_当地2連対率,艇3_当地3連対率,艇3_モーターフラグ,艇3_モーター番号,艇3_モーター2連対率,艇3_モーター3連対率,艇3_ボートフラグ,艇3_ボート番号,艇3_ボート2連対率,艇3_ボート3連対率,艇3_早見,艇3_節D1走1_R番号,艇3_節D1走1_進入,艇3_節D1走1_枠,艇3_節D1走1_ST,艇3_節D1走1_着順,艇3_節D1走2_R番号,艇3_節D1走2_進入,艇3_節D1走2_枠,艇3_節D1走2_ST,艇3_節D1走2_着順,艇3_節D2走1_R番号,艇3_節D2走1_進入,艇3_節D2走1_枠,艇3_節D2走1_ST,艇3_節D2走1_着順,艇3_節D2走2_R番号,艇3_節D2走2_進入,艇3_節D2走2_枠,艇3_節D2走2_ST,艇3_節D2走2_着順,艇3_節D3走1_R番号,艇3_節D3走1_進入,艇3_節D3走1_枠,艇3_節D3走1_ST,艇3_節D3走1_着順,艇3_節D3走2_R番号,艇3_節D3走2_進入,艇3_節D3走2_枠,艇3_節D3走2_ST,艇3_節D3走2_着順,艇3_節D4走1_R番号,艇3_節D4走1_進入,艇3_節D4走1_枠,艇3_節D4走1_ST,艇3_節D4走1_着順,艇3_節D4走2_R番号,艇3_節D4走2_進入,艇3_節D4走2_枠,艇3_節D4走2_ST,艇3_節D4走2_着順,艇3_節D5走1_R番号,艇3_節D5走1_進入,艇3_節D5走1_枠,艇3_節D5走1_ST,艇3_節D5走1_着順,艇3_節D5走2_R番号,艇3_節D5走2_進入,艇3_節D5走2_枠,艇3_節D5走2_ST,艇3_節D5走2_着順,艇3_節D6走1_R番号,艇3_節D6走1_進入,艇3_節D6走1_枠,艇3_節D6走1_ST,艇3_節D6走1_着順,艇3_節D6走2_R番号,艇3_節D6走2_進入,艇3_節D6走2_枠,艇3_節D6走2_ST,艇3_節D6走2_着順,艇3_節D7走1_R番号,艇3_節D7走1_進入,艇3_節D7走1_枠,艇3_節D7走1_ST,艇3_節D7走1_着順,艇3_節D7走2_R番号,艇3_節D7走2_進入,艇3_節D7走2_枠,艇3_節D7走2_ST,艇3_節D7走2_着順,艇4_登録番号,艇4_選手名,艇4_期別,艇4_支部,艇4_出身地,艇4_年齢,艇4_級別,艇4_賞除,艇4_F本数,艇4_L本数,艇4_全国平均ST,艇4_全国勝率,艇4_全国2連対率,艇4_全国3連対率,艇4_当地勝率,艇4_当地2連対率,艇4_当地3連対率,艇4_モーターフラグ,艇4_モーター番号,艇4_モーター2連対率,艇4_モーター3連対率,艇4_ボートフラグ,艇4_ボート番号,艇4_ボート2連対率,艇4_ボート3連対率,艇4_早見,艇4_節D1走1_R番号,艇4_節D1走1_進入,艇4_節D1走1_枠,艇4_節D1走1_ST,艇4_節D1走1_着順,艇4_節D1走2_R番号,艇4_節D1走2_進入,艇4_節D1走2_枠,艇4_節D1走2_ST,艇4_節D1走2_着順,艇4_節D2走1_R番号,艇4_節D2走1_進入,艇4_節D2走1_枠,艇4_節D2走1_ST,艇4_節D2走1_着順,艇4_節D2走2_R番号,艇4_節D2走2_進入,艇4_節D2走2_枠,艇4_節D2走2_ST,艇4_節D2走2_着順,艇4_節D3走1_R番号,艇4_節D3走1_進入,艇4_節D3走1_枠,艇4_節D3走1_ST,艇4_節D3走1_着順,艇4_節D3走2_R番号,艇4_節D3走2_進入,艇4_節D3走2_枠,艇4_節D3走2_ST,艇4_節D3走2_着順,艇4_節D4走1_R番号,艇4_節D4走1_進入,艇4_節D4走1_枠,艇4_節D4走1_ST,艇4_節D4走1_着順,艇4_節D4走2_R番号,艇4_節D4走2_進入,艇4_節D4走2_枠,艇4_節D4走2_ST,艇4_節D4走2_着順,艇4_節D5走1_R番号,艇4_節D5走1_進入,艇4_節D5走1_枠,艇4_節D5走1_ST,艇4_節D5走1_着順,艇4_節D5走2_R番号,艇4_節D5走2_進入,艇4_節D5走2_枠,艇4_節D5走2_ST,艇4_節D5走2_着順,艇4_節D6走1_R番号,艇4_節D6走1_進入,艇4_節D6走1_枠,艇4_節D6走1_ST,艇4_節D6走1_着順,艇4_節D6走2_R番号,艇4_節D6走2_進入,艇4_節D6走2_枠,艇4_節D6走2_ST,艇4_節D6走2_着順,艇4_節D7走1_R番号,艇4_節D7走1_進入,艇4_節D7走1_枠,艇4_節D7走1_ST,艇4_節D7走1_着順,艇4_節D7走2_R番号,艇4_節D7走2_進入,艇4_節D7走2_枠,艇4_節D7走2_ST,艇4_節D7走2_着順,艇5_登録番号,艇5_選手名,艇5_期別,艇5_支部,艇5_出身地,艇5_年齢,艇5_級別,艇5_賞除,艇5_F本数,艇5_L本数,艇5_全国平均ST,艇5_全国勝率,艇5_全国2連対率,艇5_全国3連対率,艇5_当地勝率,艇5_当地2連対率,艇5_当地3連対率,艇5_モーターフラグ,艇5_モーター番号,艇5_モーター2連対率,艇5_モーター3連対率,艇5_ボートフラグ,艇5_ボート番号,艇5_ボート2連対率,艇5_ボート3連対率,艇5_早見,艇5_節D1走1_R番号,艇5_節D1走1_進入,艇5_節D1走1_枠,艇5_節D1走1_ST,艇5_節D1走1_着順,艇5_節D1走2_R番号,艇5_節D1走2_進入,艇5_節D1走2_枠,艇5_節D1走2_ST,艇5_節D1走2_着順,艇5_節D2走1_R番号,艇5_節D2走1_進入,艇5_節D2走1_枠,艇5_節D2走1_ST,艇5_節D2走1_着順,艇5_節D2走2_R番号,艇5_節D2走2_進入,艇5_節D2走2_枠,艇5_節D2走2_ST,艇5_節D2走2_着順,艇5_節D3走1_R番号,艇5_節D3走1_進入,艇5_節D3走1_枠,艇5_節D3走1_ST,艇5_節D3走1_着順,艇5_節D3走2_R番号,艇5_節D3走2_進入,艇5_節D3走2_枠,艇5_節D3走2_ST,艇5_節D3走2_着順,艇5_節D4走1_R番号,艇5_節D4走1_進入,艇5_節D4走1_枠,艇5_節D4走1_ST,艇5_節D4走1_着順,艇5_節D4走2_R番号,艇5_節D4走2_進入,艇5_節D4走2_枠,艇5_節D4走2_ST,艇5_節D4走2_着順,艇5_節D5走1_R番号,艇5_節D5走1_進入,艇5_節D5走1_枠,艇5_節D5走1_ST,艇5_節D5走1_着順,艇5_節D5走2_R番号,艇5_節D5走2_進入,艇5_節D5走2_枠,艇5_節D5走2_ST,艇5_節D5走2_着順,艇5_節D6走1_R番号,艇5_節D6走1_進入,艇5_節D6走1_枠,艇5_節D6走1_ST,艇5_節D6走1_着順,艇5_節D6走2_R番号,艇5_節D6走2_進入,艇5_節D6走2_枠,艇5_節D6走2_ST,艇5_節D6走2_着順,艇5_節D7走1_R番号,艇5_節D7走1_進入,艇5_節D7走1_枠,艇5_節D7走1_ST,艇5_節D7走1_着順,艇5_節D7走2_R番号,艇5_節D7走2_進入,艇5_節D7走2_枠,艇5_節D7走2_ST,艇5_節D7走2_着順,艇6_登録番号,艇6_選手名,艇6_期別,艇6_支部,艇6_出身地,艇6_年齢,艇6_級別,艇6_賞除,艇6_F本数,艇6_L本数,艇6_全国平均ST,艇6_全国勝率,艇6_全国2連対率,艇6_全国3連対率,艇6_当地勝率,艇6_当地2連対率,艇6_当地3連対率,艇6_モーターフラグ,艇6_モーター番号,艇6_モーター2連対率,艇6_モーター3連対率,艇6_ボートフラグ,艇6_ボート番号,艇6_ボート2連対率,艇6_ボート3連対率,艇6_早見,艇6_節D1走1_R番号,艇6_節D1走1_進入,艇6_節D1走1_枠,艇6_節D1走1_ST,艇6_節D1走1_着順,艇6_節D1走2_R番号,艇6_節D1走2_進入,艇6_節D1走2_枠,艇6_節D1走2_ST,艇6_節D1走2_着順,艇6_節D2走1_R番号,艇6_節D2走1_進入,艇6_節D2走1_枠,艇6_節D2走1_ST,艇6_節D2走1_着順,艇6_節D2走2_R番号,艇6_節D2走2_進入,艇6_節D2走2_枠,艇6_節D2走2_ST,艇6_節D2走2_着順,艇6_節D3走1_R番号,艇6_節D3走1_進入,艇6_節D3走1_枠,艇6_節D3走1_ST,艇6_節D3走1_着順,艇6_節D3走2_R番号,艇6_節D3走2_進入,艇6_節D3走2_枠,艇6_節D3走2_ST,艇6_節D3走2_着順,艇6_節D4走1_R番号,艇6_節D4走1_進入,艇6_節D4走1_枠,艇6_節D4走1_ST,艇6_節D4走1_着順,艇6_節D4走2_R番号,艇6_節D4走2_進入,艇6_節D4走2_枠,艇6_節D4走2_ST,艇6_節D4走2_着順,艇6_節D5走1_R番号,艇6_節D5走1_進入,艇6_節D5走1_枠,艇6_節D5走1_ST,艇6_節D5走1_着順,艇6_節D5走2_R番号,艇6_節D5走2_進入,艇6_節D5走2_枠,艇6_節D5走2_ST,艇6_節D5走2_着順,艇6_節D6走1_R番号,艇6_節D6走1_進入,艇6_節D6走1_枠,艇6_節D6走1_ST,艇6_節D6走1_着順,艇6_節D6走2_R番号,艇6_節D6走2_進入,艇6_節D6走2_枠,艇6_節D6走2_ST,艇6_節D6走2_着順,艇6_節D7走1_R番号,艇6_節D7走1_進入,艇6_節D7走1_枠,艇6_節D7走1_ST,艇6_節D7走1_着順,艇6_節D7走2_R番号,艇6_節D7走2_進入,艇6_節D7走2_枠,艇6_節D7走2_ST,艇6_節D7走2_着順
202608140101,2026-08-14,01,01R,5364,金子 怜央,135期,群馬,群馬,26,B1,,0,0,0.17,2.37,4.2,10.6,2.55,4.5,11.3,0,38,41.7,61.1,0,40,32.5,48.1,,3,5,5,0.23,6,,,,,,3,4,4,0.34,3,,,,,,3,3,3,0.06,4,8,6,6,0.1,6,,,,,,,,,,,,,,,,,,,,,,,,,,,,,,,,,,,,,,,,,4113,木村 浩士,88期,群馬,群馬,46,B1,,0,0,0.18,4.69,26.3,41.7,5.13,25.5,51.1,0,69,37.7,56.9,0,37,35.5,52.4,8,2,1,1,0.17,4,7,5,5,0.23,4,6,5,6,0.09,4,,,,,,6,3,3,0.22,3,,,,,,,,,,,,,,,,,,,,,,,,,,,,,,,,,,,,,,,,,,,,,,4568,廣瀬 真也,105期,東京,神奈川,38,B1,,0,0,0.15,5.32,32.0,50.0,5.3,31.4,55.5,0,12,40.5,63.6,0,26,29.7,45.8,7,5,1,1,0.11,1,10,5,5,0.15,5,,,,,,8,6,6,0.1,6,,,,,,10,4,4,0.1,4,,,,,,,,,,,,,,,,,,,,,,,,,,,,,,,,,,,,,,,,,4420,津久井 拓也,99期,群馬,栃木,38,A2,,0,0,0.16,5.74,37.1,55.3,5.96,45.1,63.9,0,50,33.3,51.7,0,69,33.5,46.8,11,3,3,3,0.18,3,,,,,,7,1,1,0.16,1,12,4,4,0.08,4,5,5,5,0.23,1,10,2,2,0.19,2,,,,,,,,,,,,,,,,,,,,,,,,,,,,,,,,,,,,,,,,,3659,藤生 雄人,72期,群馬,群馬,51,A2,,0,0,0.17,5.59,32.5,59.0,5.8,40.6,57.3,0,65,36.8,52.0,0,44,40.8,58.4,10,,,,,,10,2,2,0.16,転,1,5,5,0.16,2,9,3,3,0.13,3,,,,,,7,1,1,0.22,2,,,,,,,,,,,,,,,,,,,,,,,,,,,,,,,,,,,,,,,,,3805,高橋 英之,77期,東京,東京,52,B1,,0,0,0.14,5.47,37.3,53.8,5.68,39.2,57.1,0,47,29.0,43.6,0,68,30.9,46.4,9,2,3,3,0.14,3,11,5,5,0.07,1,5,1,1,0.07,2,,,,,,4,4,4,0.11,2,,,,,,,,,,,,,,,,,,,,,,,,,,,,,,,,,,,,,,,,,,,,,
202608140102,2026-08-14,01,02R,5153,佐藤 ほのか,127期,東京,東京,30,B1,,1,0,0.16,3.72,15.0,30.1,2.85,6.0,18.1,0,31,37.2,50.9,0,28,32.1,50.3,,,,,,,9,2,2,0.22,5,1,4,4,0.27,6,5,3,3,0.03,5,3,6,6,0.11,5,,,,,,,,,,,,,,,,,,,,,,,,,,,,,,,,,,,,,,,,,,,,,,4987,島倉 都,120期,群馬,新潟,29,B1,,0,0,0.18,3.73,16.8,25.8,4.33,28.7,35.6,0,49,35.9,49.4,0,22,31.9,54.2,,,,,,,9,1,1,0.18,3,2,3,3,0.13,6,7,4,4,0.16,6,,,,,,9,5,5,0.23,6,,,,,,,,,,,,,,,,,,,,,,,,,,,,,,,,,,,,,,,,,3850,小川 知行,79期,群馬,群馬,54,B1,,0,0,0.14,4.29,25.2,37.3,4.48,26.6,40.0,0,45,39.4,61.3,0,11,29.7,52.3,8,1,1,1,0.05,3,6,5,5,0.15,4,4,4,4,0.09,4,,,,,,5,2,2,0.14,5,,,,,,,,,,,,,,,,,,,,,,,,,,,,,,,,,,,,,,,,,,,,,,4539,金子 賢志,103期,群馬,群馬,35,A1,,0,0,0.13,6.52,44.0,60.1,6.78,55.2,67.9,0,20,40.8,61.6,0,42,32.7,47.9,10,,,,,,10,1,1,0.15,1,4,6,6,0.11,5,12,3,3,0.11,2,,,,,,9,3,2,0.15,2,,,,,,,,,,,,,,,,,,,,,,,,,,,,,,,,,,,,,,,,,4240,今井 裕梨,92期,群馬,群馬,42,A2,,0,0,0.15,5.18,31.3,54.2,6.15,44.2,60.6,0,62,41.8,59.8,0,48,38.4,53.0,11,1,4,4,0.07,2,9,3,3,0.1,1,,,,,,8,1,1,0.1,1,4,2,2,0.07,4,11,4,5,0.13,2,,,,,,,,,,,,,,,,,,,,,,,,,,,,,,,,,,,,,,,,,3655,本橋 克洋,72期,群馬,群馬,52,B1,,1,0,0.17,5.05,26.8,49.4,5.82,36.7,59.3,0,13,29.6,48.3,0,50,34.5,49.0,7,3,4,4,0.3,4,8,2,2,0.26,6,6,3,3,0.17,6,,,,,,3,1,1,0.21,2,,,,,,,,,,,,,,,,,,,,,,,,,,,,,,,,,,,,,,,,,,,,,
202608140103,2026-08-14,01,03R,5103,芝田 京介,125期,埼玉,埼玉,28,B2,,0,0,0.2,3.18,13.1,23.6,4.65,26.9,34.6,0,11,32.5,55.6,0,75,30.1,50.8,,,,,,,8,6,6,0.19,5,,,,,,8,3,3,0.15,5,2,6,5,0.14,6,7,4,4,0.3,5,,,,,,,,,,,,,,,,,,,,,,,,,,,,,,,,,,,,,,,,,4540,相原 利章,104期,東京,東京,38,A2,,1,0,0.12,5.44,33.3,53.7,4.88,33.3,50.0,0,36,28.8,42.9,0,38,37.9,61.3,,7,1,1,0.15,3,11,4,4,0.12,4,,,,,,11,5,5,0.14,6,2,4,3,0.26,3,12,6,6,0.09,5,,,,,,,,,,,,,,,,,,,,,,,,,,,,,,,,,,,,,,,,,3441,土屋 太朗,65期,群馬,群馬,57,B1,,0,0,0.18,4.6,22.0,39.0,5.12,28.8,49.4,0,17,34.3,52.9,0,29,31.7,47.5,10,3,2,2,0.19,1,,,,,,4,1,1,0.09,1,10,5,4,0.13,6,4,5,5,0.1,5,,,,,,,,,,,,,,,,,,,,,,,,,,,,,,,,,,,,,,,,,,,,,,4188,久田 敏之,91期,群馬,群馬,45,A1,,0,0,0.12,7.89,64.4,78.8,7.46,59.8,80.3,0,14,45.5,64.7,0,71,38.1,52.0,12,6,1,1,0.13,1,12,2,2,0.22,2,3,6,6,0.13,1,11,3,3,0.14,1,,,,,,8,5,5,0.04,1,,,,,,,,,,,,,,,,,,,,,,,,,,,,,,,,,,,,,,,,,3482,金子 猛志,66期,群馬,群馬,55,B1,,0,0,0.15,4.93,29.1,46.6,5.55,34.3,50.7,0,46,37.2,51.4,0,45,44.1,60.8,7,4,5,5,0.15,6,,,,,,1,3,3,0.1,1,6,2,2,0.12,2,,,,,,10,1,1,0.15,1,,,,,,,,,,,,,,,,,,,,,,,,,,,,,,,,,,,,,,,,,3406,中里 英夫,64期,群馬,栃木,58,B1,,0,0,0.19,5.45,34.6,53.0,5.42,40.6,57.2,0,60,45.3,58.6,0,61,40.3,60.9,11,3,1,1,0.16,2,7,4,4,0.24,2,5,5,5,0.02,1,,,,,,7,2,2,0.24,4,12,3,3,0.13,3,,,,,,,,,,,,,,,,,,,,,,,,,,,,,,,,,,,,,,,,
202608140104,2026-08-14,01,04R,4880,澤崎 雄哉,116期,東京,東京,31,B1,,0,0,0.17,5.43,33.7,59.3,3.22,8.7,21.7,0,42,26.4,39.0,0,23,42.2,55.8,,4,4,4,0.16,4,8,3,3,0.16,2,,,,,,9,6,6,0.14,5,8,2,2,0.18,4,12,5,5,0.11,6,,,,,,,,,,,,,,,,,,,,,,,,,,,,,,,,,,,,,,,,,4851,関 浩哉,115期,群馬,群馬,31,A1,,0,0,0.13,7.41,43.1,62.1,7.81,62.5,81.2,0,32,42.9,54.5,0,70,28.7,44.9,11,8,5,5,0.14,1,12,3,3,0.21,6,5,2,2,0.06,3,12,1,1,0.12,1,,,,,,10,6,6,0.08,3,,,,,,,,,,,,,,,,,,,,,,,,,,,,,,,,,,,,,,,,,4281,大澤 大夢,94期,埼玉,埼玉,42,B1,,0,0,0.17,5.12,29.3,50.0,4.77,15.3,53.8,0,44,27.6,45.3,0,52,41.8,61.8,10,1,5,5,0.19,5,7,2,2,0.21,6,2,4,4,0.08,1,,,,,,,,,,,7,5,6,0.26,3,,,,,,,,,,,,,,,,,,,,,,,,,,,,,,,,,,,,,,,,,4486,野村 誠,102期,群馬,群馬,40,A2,,0,0,0.18,6.06,43.2,59.6,5.53,40.7,50.9,0,33,40.8,56.8,0,55,28.9,43.4,9,5,5,5,0.19,5,,,,,,1,6,6,0.17,5,10,2,2,0.08,1,,,,,,8,1,1,0.14,3,,,,,,,,,,,,,,,,,,,,,,,,,,,,,,,,,,,,,,,,,4888,金児 隆太,117期,群馬,長野,38,B1,,0,0,0.19,5.39,36.8,50.0,5.4,33.3,51.1,0,56,42.0,53.6,0,31,37.3,59.4,12,2,2,2,0.17,2,6,4,6,0.14,2,,,,,,9,1,1,0.12,1,5,3,3,0.15,3,11,3,4,0.17,3,,,,,,,,,,,,,,,,,,,,,,,,,,,,,,,,,,,,,,,,,5090,生方 靖亜,124期,群馬,群馬,25,B1,,1,0,0.15,5.31,32.8,53.7,5.03,31.1,49.6,0,15,41.0,56.2,0,21,31.5,52.9,,5,4,4,0.17,3,11,3,3,0.17,2,4,5,5,0.1,エ,,,,,,1,2,2,0.16,1,5,1,1,0.14,4,,,,,,,,,,,,,,,,,,,,,,,,,,,,,,,,,,,,,,,,
202608140105,2026-08-14,01,05R,4766,石井 孝之,112期,群馬,群馬,35,B1,,0,0,0.14,4.3,19.4,38.9,4.88,32.9,42.6,0,28,39.8,56.9,0,15,42.3,60.2,11,2,5,5,0.04,1,,,,,,2,2,2,0.16,3,12,6,6,0.05,6,,,,,,8,4,4,0.03,2,,,,,,,,,,,,,,,,,,,,,,,,,,,,,,,,,,,,,,,,,4238,毒島 誠,92期,群馬,群馬,42,A1,,0,0,0.15,7.62,59.5,76.4,9.04,82.9,95.1,0,67,32.4,56.2,0,27,41.6,59.6,12,7,3,3,0.19,1,12,1,1,0.2,5,,,,,,10,3,6,0.09,2,5,4,4,0.11,2,12,2,2,0.17,2,,,,,,,,,,,,,,,,,,,,,,,,,,,,,,,,,,,,,,,,,4550,石岡 将太,104期,群馬,群馬,37,A2,,0,0,0.16,5.37,30.7,55.7,4.97,32.6,48.4,0,70,33.1,46.7,0,33,31.7,51.8,,2,4,4,0.1,6,8,1,1,0.13,3,,,,,,10,6,5,0.15,5,2,3,2,0.22,4,11,5,6,0.19,5,,,,,,,,,,,,,,,,,,,,,,,,,,,,,,,,,,,,,,,,,3860,松本 浩貴,79期,埼玉,埼玉,53,B1,,0,0,0.2,3.81,18.7,27.5,4.96,32.0,44.0,0,59,42.0,62.0,0,67,27.9,47.0,,5,6,6,0.25,6,,,,,,3,1,1,0.29,5,7,2,2,0.18,4,6,5,5,0.2,5,,,,,,,,,,,,,,,,,,,,,,,,,,,,,,,,,,,,,,,,,,,,,,3827,今泉 徹,78期,群馬,群馬,53,B1,,0,0,0.17,4.06,13.6,32.9,4.42,17.6,41.5,0,64,32.7,51.4,0,46,29.6,48.7,,6,2,2,0.18,3,,,,,,3,3,3,0.35,6,8,4,4,0.1,4,1,1,1,0.12,3,,,,,,,,,,,,,,,,,,,,,,,,,,,,,,,,,,,,,,,,,,,,,,5455,澁澤 周羽,138期,群馬,群馬,20,B2,,0,0,0.0,1.38,0.0,2.3,1.25,0.0,0.0,0,75,29.6,45.1,0,72,32.4,49.0,,1,6,6,0.16,6,,,,,,5,6,6,0.08,4,,,,,,1,6,6,0.25,6,7,6,5,0.23,6,,,,,,,,,,,,,,,,,,,,,,,,,,,,,,,,,,,,,,,,
202608140106,2026-08-14,01,06R,5234,塚越 海斗,130期,群馬,群馬,28,A1,,0,0,0.15,6.69,53.9,70.6,6.76,52.8,73.9,0,40,32.9,49.7,0,47,32.7,47.6,12,5,2,2,0.09,4,12,6,6,0.2,3,,,,,,8,5,5,0.09,3,3,4,4,0.11,3,11,2,3,0.21,4,,,,,,,,,,,,,,,,,,,,,,,,,,,,,,,,,,,,,,,,,5320,岩崎 麗子,133期,群馬,群馬,25,B1,,0,0,0.18,3.57,15.7,25.0,2.6,7.5,11.3,0,57,31.2,48.4,0,19,36.5,49.7,,,,,,,9,4,4,0.09,6,6,6,5,0.1,3,,,,,,2,2,1,0.24,5,8,3,3,0.2,5,,,,,,,,,,,,,,,,,,,,,,,,,,,,,,,,,,,,,,,,,4491,田中 堅,102期,群馬,群馬,39,B1,,0,0,0.2,4.21,22.4,37.0,4.96,32.1,43.7,0,24,36.6,62.8,0,73,37.5,53.7,,4,1,1,0.21,1,,,,,,8,2,2,0.16,2,12,5,5,0.07,5,4,6,6,0.17,6,,,,,,,,,,,,,,,,,,,,,,,,,,,,,,,,,,,,,,,,,,,,,,4940,白石 有美,118期,東京,東京,28,B2,,0,0,0.18,4.05,18.9,40.5,0.0,0.0,0.0,0,37,33.7,50.5,0,24,35.2,54.4,,,,,,,9,6,6,0.1,2,3,2,2,0.29,4,,,,,,3,5,5,0.07,6,9,2,1,0.12,3,,,,,,,,,,,,,,,,,,,,,,,,,,,,,,,,,,,,,,,,,5390,高橋 涼夏,135期,群馬,群馬,18,B2,,0,0,0.17,2.43,7.1,12.5,1.83,1.4,4.2,0,52,26.7,37.9,0,51,35.6,56.8,,,,,,,9,5,5,0.09,4,,,,,,7,6,6,0.19,5,2,5,4,0.12,2,6,6,6,0.18,4,,,,,,,,,,,,,,,,,,,,,,,,,,,,,,,,,,,,,,,,,3475,橋本 久和,66期,群馬,群馬,56,B1,,0,0,0.19,5.22,33.7,45.4,6.06,43.1,62.3,0,41,31.2,45.4,0,56,40.4,51.7,10,4,2,2,0.2,5,10,3,3,0.18,2,,,,,,10,1,1,0.11,4,1,4,4,0.21,5,,,,,,,,,,,,,,,,,,,,,,,,,,,,,,,,,,,,,,,,,,,,,
202608140107,2026-08-14,01,07R,5065,伊久間 陽優,123期,群馬,群馬,28,A2,,1,0,0.12,5.36,39.7,48.7,4.49,26.2,44.2,0,34,38.3,58.3,0,54,37.6,55.2,12,4,6,6,0.12,2,,,,,,2,6,5,0.08,4,11,2,2,0.2,3,1,5,3,0.12,4,9,4,4,0.13,5,,,,,,,,,,,,,,,,,,,,,,,,,,,,,,,,,,,,,,,,,4568,廣瀬 真也,105期,東京,神奈川,38,B1,,0,0,0.15,5.32,32.0,50.0,5.3,31.4,55.5,0,12,40.5,63.6,0,26,29.7,45.8,1,5,1,1,0.11,1,10,5,5,0.15,5,,,,,,8,6,6,0.1,6,,,,,,10,4,4,0.1,4,,,,,,,,,,,,,,,,,,,,,,,,,,,,,,,,,,,,,,,,,4787,椎名 豊,113期,群馬,群馬,37,A1,,0,0,0.14,7.77,70.6,83.6,7.44,61.2,76.6,0,73,46.9,68.4,0,14,37.9,51.2,11,,,,,,12,4,4,0.14,1,2,5,6,0.02,2,9,2,2,0.18,6,4,3,3,0.12,3,12,1,1,0.15,1,,,,,,,,,,,,,,,,,,,,,,,,,,,,,,,,,,,,,,,,,3482,金子 猛志,66期,群馬,群馬,55,B1,,0,0,0.15,4.93,29.1,46.6,5.55,34.3,50.7,0,46,37.2,51.4,0,45,44.1,60.8,3,4,5,5,0.15,6,,,,,,1,3,3,0.1,1,6,2,2,0.12,2,,,,,,10,1,1,0.15,1,,,,,,,,,,,,,,,,,,,,,,,,,,,,,,,,,,,,,,,,,3655,本橋 克洋,72期,群馬,群馬,52,B1,,1,0,0.17,5.05,26.8,49.4,5.82,36.7,59.3,0,13,29.6,48.3,0,50,34.5,49.0,2,3,4,4,0.3,4,8,2,2,0.26,6,6,3,3,0.17,6,,,,,,3,1,1,0.21,2,,,,,,,,,,,,,,,,,,,,,,,,,,,,,,,,,,,,,,,,,,,,,,3947,寺本 昇平,82期,群馬,神奈川,50,B1,,0,0,0.19,4.33,15.9,36.3,5.17,29.3,51.0,0,71,32.4,45.9,0,59,38.1,55.9,,6,3,3,0.13,5,,,,,,2,1,1,0.18,5,6,4,4,0.1,5,6,2,2,0.19,1,,,,,,,,,,,,,,,,,,,,,,,,,,,,,,,,,,,,,,,,,,,,,
202608140108,2026-08-14,01,08R,5141,大澤 風葵,126期,群馬,群馬,25,A1,,1,0,0.14,6.31,51.2,65.0,6.53,54.2,66.4,0,53,34.3,52.1,0,35,36.1,55.4,,2,6,6,0.11,5,10,4,4,0.08,4,,,,,,7,3,3,0.17,2,1,3,5,0.14,2,11,1,2,0.12,1,,,,,,,,,,,,,,,,,,,,,,,,,,,,,,,,,,,,,,,,,3973,崎 利仁,83期,群馬,栃木,49,B1,,0,0,0.21,4.44,25.7,39.6,4.88,28.5,42.8,0,30,46.7,60.5,0,17,35.4,56.1,,6,6,4,0.22,6,,,,,,1,1,1,0.24,3,7,5,5,0.19,3,,,,,,9,6,6,0.23,4,,,,,,,,,,,,,,,,,,,,,,,,,,,,,,,,,,,,,,,,,4407,鹿島 敏弘,99期,群馬,青森,40,B1,,0,0,0.18,5.06,29.1,50.0,5.0,29.6,48.4,0,74,37.9,60.3,0,30,32.7,50.8,12,1,2,2,0.13,1,8,4,4,0.15,4,,,,,,11,6,6,0.22,5,4,1,1,0.13,1,10,5,5,0.14,6,,,,,,,,,,,,,,,,,,,,,,,,,,,,,,,,,,,,,,,,,4113,木村 浩士,88期,群馬,群馬,46,B1,,0,0,0.18,4.69,26.3,41.7,5.13,25.5,51.1,0,69,37.7,56.9,0,37,35.5,52.4,1,2,1,1,0.17,4,7,5,5,0.23,4,6,5,6,0.09,4,,,,,,6,3,3,0.22,3,,,,,,,,,,,,,,,,,,,,,,,,,,,,,,,,,,,,,,,,,,,,,,5216,長谷川 晴哉,129期,群馬,群馬,26,A1,,0,0,0.17,5.99,38.6,63.5,6.24,44.8,63.7,0,51,31.5,41.7,0,60,37.2,50.5,,,,,,,10,6,6,0.24,3,6,1,1,0.14,1,10,4,3,0.14,3,3,2,2,0.05,1,12,4,4,0.1,4,,,,,,,,,,,,,,,,,,,,,,,,,,,,,,,,,,,,,,,,,3850,小川 知行,79期,群馬,群馬,54,B1,,0,0,0.14,4.29,25.2,37.3,4.48,26.6,40.0,0,45,39.4,61.3,0,11,29.7,52.3,2,1,1,1,0.05,3,6,5,5,0.15,4,4,4,4,0.09,4,,,,,,5,2,2,0.14,5,,,,,,,,,,,,,,,,,,,,,,,,,,,,,,,,,,,,,,,,,,,,,
202608140109,2026-08-14,01,09R,5301,岩下 巧斗,132期,群馬,群馬,23,B1,,0,0,0.15,5.31,32.9,48.9,3.52,11.8,23.7,0,48,33.1,54.0,0,36,35.2,54.7,,,,,,,7,6,6,0.2,5,4,3,3,0.12,3,9,5,5,0.13,4,6,4,4,0.16,6,,,,,,,,,,,,,,,,,,,,,,,,,,,,,,,,,,,,,,,,,,,,,,3805,高橋 英之,77期,東京,東京,52,B1,,0,0,0.14,5.47,37.3,53.8,5.68,39.2,57.1,0,47,29.0,43.6,0,68,30.9,46.4,1,2,3,3,0.14,3,11,5,5,0.07,1,5,1,1,0.07,2,,,,,,4,4,4,0.11,2,,,,,,,,,,,,,,,,,,,,,,,,,,,,,,,,,,,,,,,,,,,,,,4486,野村 誠,102期,群馬,群馬,40,A2,,0,0,0.18,6.06,43.2,59.6,5.53,40.7,50.9,0,33,40.8,56.8,0,55,28.9,43.4,4,5,5,5,0.19,5,,,,,,1,6,6,0.17,5,10,2,2,0.08,1,,,,,,8,1,1,0.14,3,,,,,,,,,,,,,,,,,,,,,,,,,,,,,,,,,,,,,,,,,4645,上村 純一,108期,群馬,千葉,46,A1,,0,0,0.14,6.52,45.9,64.7,6.1,40.5,63.9,0,25,27.2,38.0,0,74,34.8,56.3,,3,6,6,0.2,5,11,2,2,0.2,5,,,,,,9,4,4,0.17,2,6,1,1,0.15,2,10,3,3,0.14,5,,,,,,,,,,,,,,,,,,,,,,,,,,,,,,,,,,,,,,,,,3740,大澤 普司,75期,群馬,群馬,52,A1,,0,0,0.18,6.11,42.1,59.2,6.34,45.6,63.1,0,27,48.9,64.3,0,39,31.1,46.4,,4,3,3,0.14,3,11,1,1,0.26,3,3,5,5,0.3,2,12,2,2,0.13,3,,,,,,7,3,3,0.21,1,,,,,,,,,,,,,,,,,,,,,,,,,,,,,,,,,,,,,,,,,5150,坂本 雄紀,127期,群馬,群馬,31,A1,賞除,2,0,0.14,6.27,46.2,64.1,6.15,49.3,64.0,0,35,44.5,59.2,0,34,35.9,49.1,,1,3,3,0.25,4,11,6,6,0.08,6,5,4,4,0.03,F,,,,,,5,6,6,0.25,6,,,,,,,,,,,,,,,,,,,,,,,,,,,,,,,,,,,,,,,,,,,,,
202608140110,2026-08-14,01,10R,4281,大澤 大夢,94期,埼玉,埼玉,42,B1,,0,0,0.17,5.12,29.3,50.0,4.77,15.3,53.8,0,44,27.6,45.3,0,52,41.8,61.8,4,1,5,5,0.19,5,7,2,2,0.21,6,2,4,4,0.08,1,,,,,,,,,,,7,5,6,0.26,3,,,,,,,,,,,,,,,,,,,,,,,,,,,,,,,,,,,,,,,,,4362,土屋 智則,97期,群馬,群馬,41,A1,,0,0,0.15,6.91,48.3,68.8,7.56,59.0,76.1,0,21,31.5,48.2,0,57,39.7,53.2,,,,,,,12,5,5,0.17,4,4,2,2,0.08,2,11,1,1,0.13,2,2,1,6,0.19,1,9,1,3,0.09,1,,,,,,,,,,,,,,,,,,,,,,,,,,,,,,,,,,,,,,,,,4539,金子 賢志,103期,群馬,群馬,35,A1,,0,0,0.13,6.52,44.0,60.1,6.78,55.2,67.9,0,20,40.8,61.6,0,42,32.7,47.9,2,,,,,,10,1,1,0.15,1,4,6,6,0.11,5,12,3,3,0.11,2,,,,,,9,3,2,0.15,2,,,,,,,,,,,,,,,,,,,,,,,,,,,,,,,,,,,,,,,,,3659,藤生 雄人,72期,群馬,群馬,51,A2,,0,0,0.17,5.59,32.5,59.0,5.8,40.6,57.3,0,65,36.8,52.0,0,44,40.8,58.4,1,,,,,,10,2,2,0.16,転,1,5,5,0.16,2,9,3,3,0.13,3,,,,,,7,1,1,0.22,2,,,,,,,,,,,,,,,,,,,,,,,,,,,,,,,,,,,,,,,,,3475,橋本 久和,66期,群馬,群馬,56,B1,,0,0,0.19,5.22,33.7,45.4,6.06,43.1,62.3,0,41,31.2,45.4,0,56,40.4,51.7,6,4,2,2,0.2,5,10,3,3,0.18,2,,,,,,10,1,1,0.11,4,1,4,4,0.21,5,,,,,,,,,,,,,,,,,,,,,,,,,,,,,,,,,,,,,,,,,,,,,,3441,土屋 太朗,65期,群馬,群馬,57,B1,,0,0,0.18,4.6,22.0,39.0,5.12,28.8,49.4,0,17,34.3,52.9,0,29,31.7,47.5,3,3,2,2,0.19,1,,,,,,4,1,1,0.09,1,10,5,4,0.13,6,4,5,5,0.1,5,,,,,,,,,,,,,,,,,,,,,,,,,,,,,,,,,,,,,,,,,,,,,
202608140111,2026-08-14,01,11R,4851,関 浩哉,115期,群馬,群馬,31,A1,,0,0,0.13,7.41,43.1,62.1,7.81,62.5,81.2,0,32,42.9,54.5,0,70,28.7,44.9,4,8,5,5,0.14,1,12,3,3,0.21,6,5,2,2,0.06,3,12,1,1,0.12,1,,,,,,10,6,6,0.08,3,,,,,,,,,,,,,,,,,,,,,,,,,,,,,,,,,,,,,,,,,4787,椎名 豊,113期,群馬,群馬,37,A1,,0,0,0.14,7.77,70.6,83.6,7.44,61.2,76.6,0,73,46.9,68.4,0,14,37.9,51.2,7,,,,,,12,4,4,0.14,1,2,5,6,0.02,2,9,2,2,0.18,6,4,3,3,0.12,3,12,1,1,0.15,1,,,,,,,,,,,,,,,,,,,,,,,,,,,,,,,,,,,,,,,,,4766,石井 孝之,112期,群馬,群馬,35,B1,,0,0,0.14,4.3,19.4,38.9,4.88,32.9,42.6,0,28,39.8,56.9,0,15,42.3,60.2,5,2,5,5,0.04,1,,,,,,2,2,2,0.16,3,12,6,6,0.05,6,,,,,,8,4,4,0.03,2,,,,,,,,,,,,,,,,,,,,,,,,,,,,,,,,,,,,,,,,,4240,今井 裕梨,92期,群馬,群馬,42,A2,,0,0,0.15,5.18,31.3,54.2,6.15,44.2,60.6,0,62,41.8,59.8,0,48,38.4,53.0,2,1,4,4,0.07,2,9,3,3,0.1,1,,,,,,8,1,1,0.1,1,4,2,2,0.07,4,11,4,5,0.13,2,,,,,,,,,,,,,,,,,,,,,,,,,,,,,,,,,,,,,,,,,3406,中里 英夫,64期,群馬,栃木,58,B1,,0,0,0.19,5.45,34.6,53.0,5.42,40.6,57.2,0,60,45.3,58.6,0,61,40.3,60.9,3,3,1,1,0.16,2,7,4,4,0.24,2,5,5,5,0.02,1,,,,,,7,2,2,0.24,4,12,3,3,0.13,3,,,,,,,,,,,,,,,,,,,,,,,,,,,,,,,,,,,,,,,,,4420,津久井 拓也,99期,群馬,栃木,38,A2,,0,0,0.16,5.74,37.1,55.3,5.96,45.1,63.9,0,50,33.3,51.7,0,69,33.5,46.8,1,3,3,3,0.18,3,,,,,,7,1,1,0.16,1,12,4,4,0.08,4,5,5,5,0.23,1,10,2,2,0.19,2,,,,,,,,,,,,,,,,,,,,,,,,,,,,,,,,,,,,,,,,
202608140112,2026-08-14,01,12R,4238,毒島 誠,92期,群馬,群馬,42,A1,,0,0,0.15,7.62,59.5,76.4,9.04,82.9,95.1,0,67,32.4,56.2,0,27,41.6,59.6,5,7,3,3,0.19,1,12,1,1,0.2,5,,,,,,10,3,6,0.09,2,5,4,4,0.11,2,12,2,2,0.17,2,,,,,,,,,,,,,,,,,,,,,,,,,,,,,,,,,,,,,,,,,4188,久田 敏之,91期,群馬,群馬,45,A1,,0,0,0.12,7.89,64.4,78.8,7.46,59.8,80.3,0,14,45.5,64.7,0,71,38.1,52.0,3,6,1,1,0.13,1,12,2,2,0.22,2,3,6,6,0.13,1,11,3,3,0.14,1,,,,,,8,5,5,0.04,1,,,,,,,,,,,,,,,,,,,,,,,,,,,,,,,,,,,,,,,,,5234,塚越 海斗,130期,群馬,群馬,28,A1,,0,0,0.15,6.69,53.9,70.6,6.76,52.8,73.9,0,40,32.9,49.7,0,47,32.7,47.6,6,5,2,2,0.09,4,12,6,6,0.2,3,,,,,,8,5,5,0.09,3,3,4,4,0.11,3,11,2,3,0.21,4,,,,,,,,,,,,,,,,,,,,,,,,,,,,,,,,,,,,,,,,,4407,鹿島 敏弘,99期,群馬,青森,40,B1,,0,0,0.18,5.06,29.1,50.0,5.0,29.6,48.4,0,74,37.9,60.3,0,30,32.7,50.8,8,1,2,2,0.13,1,8,4,4,0.15,4,,,,,,11,6,6,0.22,5,4,1,1,0.13,1,10,5,5,0.14,6,,,,,,,,,,,,,,,,,,,,,,,,,,,,,,,,,,,,,,,,,5065,伊久間 陽優,123期,群馬,群馬,28,A2,,1,0,0.12,5.36,39.7,48.7,4.49,26.2,44.2,0,34,38.3,58.3,0,54,37.6,55.2,7,4,6,6,0.12,2,,,,,,2,6,5,0.08,4,11,2,2,0.2,3,1,5,3,0.12,4,9,4,4,0.13,5,,,,,,,,,,,,,,,,,,,,,,,,,,,,,,,,,,,,,,,,,4888,金児 隆太,117期,群馬,長野,38,B1,,0,0,0.19,5.39,36.8,50.0,5.4,33.3,51.1,0,56,42.0,53.6,0,31,37.3,59.4,4,2,2,2,0.17,2,6,4,6,0.14,2,,,,,,9,1,1,0.12,1,5,3,3,0.15,3,11,3,4,0.17,3,,,,,,,,,,,,,,,,,,,,,,,,,,,,,,,,,,,,,,,,
202608140201,2026-08-14,02,01R,5394,福西 広太郎,136期,埼玉,静岡,24,B1,,0,0,0.18,2.98,5.4,20.6,2.62,2.7,16.2,0,61,0.0,0.0,0,16,16.6,33.3,,1,2,2,0.14,5,,,,,,2,6,6,0.2,5,10,3,3,0.15,4,,,,,,,,,,,,,,,,,,,,,,,,,,,,,,,,,,,,,,,,,,,,,,,,,,,4428,有賀 達也,100期,埼玉,埼玉,40,A2,,0,0,0.14,5.94,40.9,57.1,5.88,40.8,58.3,0,4,42.8,42.8,0,38,0.0,0.0,12,2,3,3,0.04,5,10,5,5,0.14,4,,,,,,9,4,4,0.09,2,,,,,,,,,,,,,,,,,,,,,,,,,,,,,,,,,,,,,,,,,,,,,,,,,,,4432,黄金井 力良,100期,埼玉,埼玉,40,B1,,0,0,0.16,5.13,27.5,52.8,5.13,21.8,60.0,0,26,28.5,57.1,0,24,14.2,28.5,7,3,1,1,0.11,1,7,5,5,0.17,3,,,,,,8,6,6,0.12,5,,,,,,,,,,,,,,,,,,,,,,,,,,,,,,,,,,,,,,,,,,,,,,,,,,,3497,後藤 浩,67期,埼玉,埼玉,58,B1,,0,0,0.17,4.33,28.4,35.8,5.6,38.4,55.1,0,65,0.0,0.0,0,73,0.0,0.0,5,5,2,2,0.05,6,11,5,5,0.16,6,1,1,1,0.13,4,,,,,,,,,,,,,,,,,,,,,,,,,,,,,,,,,,,,,,,,,,,,,,,,,,,,,,,,3880,浅見 宗孝,80期,埼玉,埼玉,53,B1,,1,0,0.19,4.27,17.3,37.3,3.91,20.0,33.3,0,51,0.0,0.0,0,17,16.6,50.0,6,2,4,4,0.09,3,7,6,6,0.23,6,5,2,2,0.06,3,,,,,,,,,,,,,,,,,,,,,,,,,,,,,,,,,,,,,,,,,,,,,,,,,,,,,,,,4809,外崎 悟,114期,埼玉,埼玉,37,A1,,0,0,0.16,5.74,33.7,55.0,5.13,32.5,48.3,0,24,16.6,50.0,0,26,42.8,57.1,,,,,,,10,1,1,0.11,1,4,2,2,0.09,1,11,5,5,0.12,3,,,,,,,,,,,,,,,,,,,,,,,,,,,,,,,,,,,,,,,,,,,,,,,,,,
202608140202,2026-08-14,02,02R,5357,田中 瀬里奈,134期,埼玉,北海道,21,B2,,0,0,0.19,1.49,0.0,1.4,1.58,0.0,1.2,0,55,0.0,0.0,0,70,0.0,0.0,,,,,,,8,3,3,0.07,6,2,2,2,0.05,4,8,5,5,0.1,6,,,,,,,,,,,,,,,,,,,,,,,,,,,,,,,,,,,,,,,,,,,,,,,,,,,4031,飯島 誠,85期,埼玉,埼玉,47,B1,,0,0,0.17,5.08,33.7,50.0,4.96,30.6,46.6,0,2,0.0,0.0,0,71,0.0,0.0,7,1,5,5,0.3,6,6,3,3,0.15,5,,,,,,7,4,4,0.08,3,,,,,,,,,,,,,,,,,,,,,,,,,,,,,,,,,,,,,,,,,,,,,,,,,,,4900,中田 夕貴,117期,埼玉,埼玉,33,B1,,0,1,0.19,5.06,27.6,44.6,5.28,35.3,49.1,0,9,28.5,28.5,0,57,0.0,0.0,6,4,4,4,0.19,6,8,2,2,0.09,1,3,1,1,0.16,6,,,,,,,,,,,,,,,,,,,,,,,,,,,,,,,,,,,,,,,,,,,,,,,,,,,,,,,,3647,伊藤 雄二,72期,埼玉,埼玉,53,B1,,0,0,0.18,3.2,10.2,23.4,4.29,16.6,34.6,0,12,42.8,71.4,0,75,0.0,0.0,,4,1,1,0.12,4,,,,,,4,3,3,0.11,4,9,5,5,0.27,5,,,,,,,,,,,,,,,,,,,,,,,,,,,,,,,,,,,,,,,,,,,,,,,,,,,4144,石塚 久也,89期,埼玉,埼玉,44,A2,,0,0,0.18,6.45,47.1,69.2,6.89,53.7,69.7,0,46,0.0,0.0,0,61,0.0,0.0,11,3,4,4,0.22,4,11,2,2,0.16,5,,,,,,11,3,3,0.17,6,,,,,,,,,,,,,,,,,,,,,,,,,,,,,,,,,,,,,,,,,,,,,,,,,,,4532,秋元 哲,103期,埼玉,栃木,37,A1,,1,0,0.13,6.81,51.7,65.8,7.04,54.9,73.2,0,54,0.0,0.0,0,77,0.0,0.0,10,5,4,4,0.14,3,12,1,1,0.02,1,6,3,3,0.16,1,,,,,,,,,,,,,,,,,,,,,,,,,,,,,,,,,,,,,,,,,,,,,,,,,,,,,,,
202608140203,2026-08-14,02,03R,3807,岡部 哲,77期,埼玉,埼玉,51,B1,,0,0,0.17,4.95,27.1,47.6,4.76,22.9,41.8,0,18,57.1,71.4,0,21,50.0,62.5,,,,,,,9,4,4,0.3,3,7,3,3,0.09,2,11,2,2,0.16,5,,,,,,,,,,,,,,,,,,,,,,,,,,,,,,,,,,,,,,,,,,,,,,,,,,,3381,滝沢 芳行,63期,埼玉,埼玉,57,B1,,0,0,0.15,4.79,27.9,40.7,5.81,39.8,57.6,0,56,0.0,0.0,0,58,0.0,0.0,8,2,5,5,0.06,2,11,3,3,0.09,3,6,5,6,0.12,6,,,,,,,,,,,,,,,,,,,,,,,,,,,,,,,,,,,,,,,,,,,,,,,,,,,,,,,,5051,松本 純平,123期,埼玉,兵庫,31,A1,,0,0,0.16,6.61,47.1,67.9,6.62,48.7,69.2,0,21,42.8,57.1,0,32,42.8,57.1,7,3,5,5,0.15,3,12,2,2,0.06,2,4,4,4,0.14,2,10,6,6,0.19,3,,,,,,,,,,,,,,,,,,,,,,,,,,,,,,,,,,,,,,,,,,,,,,,,,,,4637,中田 友也,107期,埼玉,埼玉,36,A2,,0,0,0.18,5.4,36.7,52.9,6.11,40.4,59.5,0,8,100.0,100.0,0,15,28.5,28.5,9,6,2,2,0.15,1,,,,,,2,5,5,0.2,6,,,,,,,,,,,,,,,,,,,,,,,,,,,,,,,,,,,,,,,,,,,,,,,,,,,,,,,,3679,飯島 昌弘,73期,埼玉,埼玉,53,A2,,0,0,0.17,6.84,51.5,75.7,6.68,50.0,70.7,0,14,28.5,28.5,0,11,42.8,71.4,11,5,1,1,0.02,2,10,3,3,0.12,2,,,,,,8,4,4,0.13,1,,,,,,,,,,,,,,,,,,,,,,,,,,,,,,,,,,,,,,,,,,,,,,,,,,,3503,堂原 洋史,67期,埼玉,千葉,56,B1,,0,0,0.16,3.62,15.2,21.1,3.78,17.3,28.2,0,5,25.0,25.0,0,76,0.0,0.0,10,6,1,1,0.12,4,,,,,,3,5,5,0.11,5,9,2,2,0.11,3,,,,,,,,,,,,,,,,,,,,,,,,,,,,,,,,,,,,,,,,,,,,,,,,,,
202608140204,2026-08-14,02,04R,4110,小澤 和也,88期,埼玉,埼玉,46,B1,,1,0,0.18,3.74,17.1,31.5,5.02,33.3,46.6,0,49,0.0,0.0,0,35,50.0,50.0,,,,,,,7,4,4,0.18,5,1,2,2,0.14,1,7,6,6,0.22,5,,,,,,,,,,,,,,,,,,,,,,,,,,,,,,,,,,,,,,,,,,,,,,,,,,,4547,中田 竜太,104期,埼玉,福島,38,A1,,0,0,0.16,6.82,40.7,64.0,6.95,49.1,66.1,0,57,0.0,0.0,0,63,0.0,0.0,8,7,1,1,0.12,1,12,3,4,0.11,転,,,,,,9,6,6,0.3,4,,,,,,,,,,,,,,,,,,,,,,,,,,,,,,,,,,,,,,,,,,,,,,,,,,,4230,濱崎 直矢,92期,埼玉,埼玉,43,A2,,1,0,0.16,6.44,47.6,65.4,5.92,41.6,58.3,0,48,0.0,0.0,0,28,42.8,42.8,,,,,,,11,6,6,0.1,2,5,1,1,0.03,1,10,5,5,0.17,6,,,,,,,,,,,,,,,,,,,,,,,,,,,,,,,,,,,,,,,,,,,,,,,,,,,4953,尾上 雅也,119期,埼玉,埼玉,31,A1,,0,0,0.16,6.84,54.0,70.1,6.74,52.9,69.1,0,52,0.0,0.0,0,69,0.0,0.0,11,3,3,3,0.18,2,9,5,5,0.26,2,3,2,2,0.13,4,,,,,,,,,,,,,,,,,,,,,,,,,,,,,,,,,,,,,,,,,,,,,,,,,,,,,,,,4836,大谷 健太,115期,埼玉,埼玉,37,B1,,0,0,0.17,5.1,29.5,51.1,4.81,29.1,41.6,0,6,50.0,66.6,0,62,0.0,0.0,12,5,6,6,0.07,1,9,2,3,0.15,5,2,1,1,0.09,2,,,,,,,,,,,,,,,,,,,,,,,,,,,,,,,,,,,,,,,,,,,,,,,,,,,,,,,,4201,佐竹 友樹,91期,埼玉,宮城,44,B1,,0,0,0.18,4.1,19.0,33.3,5.56,36.3,51.9,0,22,50.0,100.0,0,25,0.0,28.5,,5,5,5,0.16,4,,,,,,4,1,1,0.08,3,12,3,3,0.21,4,,,,,,,,,,,,,,,,,,,,,,,,,,,,,,,,,,,,,,,,,,,,,,,,,,
202608140205,2026-08-14,02,05R,5246,楠 将太郎,130期,埼玉,埼玉,24,A2,,0,0,0.17,5.35,39.5,51.1,5.28,38.1,50.5,0,17,28.5,42.8,0,20,50.0,100.0,,1,3,3,0.15,2,,,,,,6,4,4,0.15,4,12,6,6,0.18,5,,,,,,,,,,,,,,,,,,,,,,,,,,,,,,,,,,,,,,,,,,,,,,,,,,,3793,高橋 真吾,77期,埼玉,東京,53,B1,,0,0,0.16,3.9,20.2,34.8,3.53,14.7,35.2,0,53,0.0,0.0,0,68,0.0,0.0,,6,5,5,0.27,2,,,,,,5,3,3,0.03,5,11,6,6,0.13,4,,,,,,,,,,,,,,,,,,,,,,,,,,,,,,,,,,,,,,,,,,,,,,,,,,,5194,大久保 佑香,128期,埼玉,埼玉,24,B1,,1,0,0.18,4.39,27.7,36.1,4.25,23.1,39.1,0,62,0.0,0.0,0,67,0.0,0.0,10,2,1,1,0.13,6,8,5,5,0.12,2,,,,,,7,2,2,0.1,4,,,,,,,,,,,,,,,,,,,,,,,,,,,,,,,,,,,,,,,,,,,,,,,,,,,3983,須藤 博倫,83期,埼玉,埼玉,48,A1,,0,0,0.15,6.87,50.8,73.2,6.66,51.8,69.1,0,47,0.0,0.0,0,13,0.0,0.0,12,2,2,2,0.06,1,12,4,5,0.14,3,3,6,6,0.15,3,8,3,3,0.17,2,,,,,,,,,,,,,,,,,,,,,,,,,,,,,,,,,,,,,,,,,,,,,,,,,,,5182,宮崎 安奈,128期,埼玉,埼玉,28,B1,,0,0,0.14,4.58,26.9,39.7,4.64,22.9,47.5,0,60,0.0,0.0,0,74,0.0,0.0,9,3,2,2,0.13,6,8,4,4,0.06,3,,,,,,9,1,1,0.09,6,,,,,,,,,,,,,,,,,,,,,,,,,,,,,,,,,,,,,,,,,,,,,,,,,,,3497,後藤 浩,67期,埼玉,埼玉,58,B1,,0,0,0.17,4.33,28.4,35.8,5.6,38.4,55.1,0,65,0.0,0.0,0,73,0.0,0.0,1,5,2,2,0.05,6,11,5,5,0.16,6,1,1,1,0.13,4,,,,,,,,,,,,,,,,,,,,,,,,,,,,,,,,,,,,,,,,,,,,,,,,,,,,,,,
202608140206,2026-08-14,02,06R,3880,浅見 宗孝,80期,埼玉,埼玉,53,B1,,1,0,0.19,4.27,17.3,37.3,3.91,20.0,33.3,0,51,0.0,0.0,0,17,16.6,50.0,1,2,4,4,0.09,3,7,6,6,0.23,6,5,2,2,0.06,3,,,,,,,,,,,,,,,,,,,,,,,,,,,,,,,,,,,,,,,,,,,,,,,,,,,,,,,,3952,中澤 和志,82期,埼玉,岩手,50,A1,,0,0,0.14,6.67,50.0,66.1,7.2,52.2,70.4,0,11,37.5,62.5,0,59,0.0,0.0,11,1,4,4,0.11,3,11,1,1,0.1,1,,,,,,9,3,3,0.06,1,,,,,,,,,,,,,,,,,,,,,,,,,,,,,,,,,,,,,,,,,,,,,,,,,,,5066,鈴木 孝明,123期,埼玉,埼玉,27,A1,,0,0,0.17,6.81,55.4,72.2,5.88,42.5,65.0,0,50,0.0,0.0,0,18,57.1,71.4,12,4,2,2,0.18,2,11,4,4,0.24,4,,,,,,7,1,1,0.11,1,,,,,,,,,,,,,,,,,,,,,,,,,,,,,,,,,,,,,,,,,,,,,,,,,,,4186,小川 時光,91期,埼玉,埼玉,45,B1,,0,0,0.17,3.59,15.8,29.2,4.74,27.4,41.7,0,13,42.8,57.1,0,64,0.0,0.0,,3,6,6,0.15,5,,,,,,1,3,3,0.12,6,6,1,1,0.17,2,,,,,,,,,,,,,,,,,,,,,,,,,,,,,,,,,,,,,,,,,,,,,,,,,,,5035,櫻井 優,122期,埼玉,埼玉,28,A2,,0,0,0.17,5.36,33.3,52.7,5.81,40.0,53.7,0,58,0.0,0.0,0,72,0.0,0.0,10,,,,,,9,3,2,0.25,6,4,6,6,0.23,5,,,,,,,,,,,,,,,,,,,,,,,,,,,,,,,,,,,,,,,,,,,,,,,,,,,,,,,,4900,中田 夕貴,117期,埼玉,埼玉,33,B1,,0,1,0.19,5.06,27.6,44.6,5.28,35.3,49.1,0,9,28.5,28.5,0,57,0.0,0.0,2,4,4,4,0.19,6,8,2,2,0.09,1,3,1,1,0.16,6,,,,,,,,,,,,,,,,,,,,,,,,,,,,,,,,,,,,,,,,,,,,,,,,,,,,,,,
202608140207,2026-08-14,02,07R,5051,松本 純平,123期,埼玉,兵庫,31,A1,,0,0,0.16,6.61,47.1,67.9,6.62,48.7,69.2,0,21,42.8,57.1,0,32,42.8,57.1,3,3,5,5,0.15,3,12,2,2,0.06,2,4,4,4,0.14,2,10,6,6,0.19,3,,,,,,,,,,,,,,,,,,,,,,,,,,,,,,,,,,,,,,,,,,,,,,,,,,,4432,黄金井 力良,100期,埼玉,埼玉,40,B1,,0,0,0.16,5.13,27.5,52.8,5.13,21.8,60.0,0,26,28.5,57.1,0,24,14.2,28.5,1,3,1,1,0.11,1,7,5,5,0.17,3,,,,,,8,6,6,0.12,5,,,,,,,,,,,,,,,,,,,,,,,,,,,,,,,,,,,,,,,,,,,,,,,,,,,5368,宮崎 心之介,135期,埼玉,埼玉,24,B1,,0,0,0.17,6.64,50.0,69.2,3.92,28.5,38.7,0,3,42.8,71.4,0,12,25.0,25.0,12,1,1,1,0.06,1,10,4,4,0.12,3,5,5,5,0.12,4,,,,,,,,,,,,,,,,,,,,,,,,,,,,,,,,,,,,,,,,,,,,,,,,,,,,,,,,3075,中村 裕将,51期,埼玉,埼玉,63,B1,,0,0,0.13,4.76,29.6,41.7,5.11,32.1,48.1,0,59,0.0,0.0,0,22,42.8,42.8,,,,,,,7,2,2,0.16,2,3,3,3,0.09,2,12,5,5,0.14,転,,,,,,,,,,,,,,,,,,,,,,,,,,,,,,,,,,,,,,,,,,,,,,,,,,,3696,白井 友晴,74期,埼玉,埼玉,54,B1,,0,0,0.17,4.96,26.0,44.5,5.44,33.8,53.2,0,10,16.6,33.3,0,29,14.2,28.5,11,4,6,6,0.2,5,10,2,2,0.16,5,2,4,4,0.14,3,,,,,,,,,,,,,,,,,,,,,,,,,,,,,,,,,,,,,,,,,,,,,,,,,,,,,,,,4031,飯島 誠,85期,埼玉,埼玉,47,B1,,0,0,0.17,5.08,33.7,50.0,4.96,30.6,46.6,0,2,0.0,0.0,0,71,0.0,0.0,2,1,5,5,0.3,6,6,3,3,0.15,5,,,,,,7,4,4,0.08,3,,,,,,,,,,,,,,,,,,,,,,,,,,,,,,,,,,,,,,,,,,,,,,,,,,
202608140208,2026-08-14,02,08R,5288,尾道 佳諭,132期,埼玉,長崎,26,B1,,0,0,0.17,4.04,16.4,31.3,3.77,18.1,27.2,0,20,14.2,42.8,0,27,0.0,33.3,,5,3,3,0.01,5,,,,,,3,4,4,0.09,1,7,5,5,0.07,6,,,,,,,,,,,,,,,,,,,,,,,,,,,,,,,,,,,,,,,,,,,,,,,,,,,5220,青木 蓮,129期,埼玉,埼玉,25,A2,,0,0,0.12,6.91,55.5,75.2,6.43,48.5,63.9,0,15,71.4,85.7,0,34,57.1,71.4,12,4,5,5,0.12,3,9,1,1,0.14,1,,,,,,10,4,4,0.09,5,,,,,,,,,,,,,,,,,,,,,,,,,,,,,,,,,,,,,,,,,,,,,,,,,,,4547,中田 竜太,104期,埼玉,福島,38,A1,,0,0,0.16,6.82,40.7,64.0,6.95,49.1,66.1,0,57,0.0,0.0,0,63,0.0,0.0,4,7,1,1,0.12,1,12,3,4,0.11,転,,,,,,9,6,6,0.3,4,,,,,,,,,,,,,,,,,,,,,,,,,,,,,,,,,,,,,,,,,,,,,,,,,,,3381,滝沢 芳行,63期,埼玉,埼玉,57,B1,,0,0,0.15,4.79,27.9,40.7,5.81,39.8,57.6,0,56,0.0,0.0,0,58,0.0,0.0,3,2,5,5,0.06,2,11,3,3,0.09,3,6,5,6,0.12,6,,,,,,,,,,,,,,,,,,,,,,,,,,,,,,,,,,,,,,,,,,,,,,,,,,,,,,,,5132,中野 希一,126期,埼玉,埼玉,27,A1,,1,0,0.13,7.0,58.6,72.9,6.84,54.8,72.5,0,64,0.0,0.0,0,65,0.0,0.0,,,,,,,9,6,6,0.18,4,8,2,2,0.29,3,12,4,4,0.15,2,,,,,,,,,,,,,,,,,,,,,,,,,,,,,,,,,,,,,,,,,,,,,,,,,,,5454,谷島 咲希,138期,埼玉,埼玉,20,B2,,0,0,0.0,1.55,2.3,2.3,1.25,0.0,0.0,0,16,42.8,57.1,0,54,0.0,16.6,,,,,,,8,6,6,0.12,5,1,6,5,0.24,5,5,6,6,0.21,6,,,,,,,,,,,,,,,,,,,,,,,,,,,,,,,,,,,,,,,,,,,,,,,,,,
202608140209,2026-08-14,02,09R,4637,中田 友也,107期,埼玉,埼玉,36,A2,,0,0,0.18,5.4,36.7,52.9,6.11,40.4,59.5,0,8,100.0,100.0,0,15,28.5,28.5,3,6,2,2,0.15,1,,,,,,2,5,5,0.2,6,,,,,,,,,,,,,,,,,,,,,,,,,,,,,,,,,,,,,,,,,,,,,,,,,,,,,,,,5191,飛田 江己,128期,埼玉,東京,25,A1,,1,0,0.13,7.07,54.4,73.8,6.54,49.7,64.0,0,45,0.0,0.0,0,40,42.8,57.1,,4,3,3,0.14,1,12,5,6,0.25,4,5,4,4,0.07,2,12,1,1,0.1,1,,,,,,,,,,,,,,,,,,,,,,,,,,,,,,,,,,,,,,,,,,,,,,,,,,,4419,原 加央理,99期,埼玉,埼玉,39,A2,,0,0,0.16,5.66,37.7,58.8,5.62,31.9,57.4,0,19,0.0,33.3,0,31,0.0,0.0,,,,,,,8,1,1,0.07,4,6,2,2,0.15,3,11,4,4,0.15,2,,,,,,,,,,,,,,,,,,,,,,,,,,,,,,,,,,,,,,,,,,,,,,,,,,,4898,菊地 敬介,117期,埼玉,埼玉,34,B1,,1,0,0.16,4.57,27.9,42.6,4.79,20.8,41.6,0,1,14.2,28.5,0,19,42.8,71.4,,1,6,6,0.3,4,,,,,,4,5,5,0.16,6,8,1,1,0.33,4,,,,,,,,,,,,,,,,,,,,,,,,,,,,,,,,,,,,,,,,,,,,,,,,,,,5087,佐藤 航,124期,埼玉,埼玉,26,A1,,1,0,0.15,6.37,51.7,64.6,6.09,44.7,64.4,0,27,50.0,50.0,0,14,57.1,71.4,,,,,,,10,6,6,0.17,6,1,4,4,0.13,2,10,1,1,0.1,1,,,,,,,,,,,,,,,,,,,,,,,,,,,,,,,,,,,,,,,,,,,,,,,,,,,5182,宮崎 安奈,128期,埼玉,埼玉,28,B1,,0,0,0.14,4.58,26.9,39.7,4.64,22.9,47.5,0,60,0.0,0.0,0,74,0.0,0.0,5,3,2,2,0.13,6,8,4,4,0.06,3,,,,,,9,1,1,0.09,6,,,,,,,,,,,,,,,,,,,,,,,,,,,,,,,,,,,,,,,,,,,,,,,,,,
202608140210,2026-08-14,02,10R,4159,向後 龍一,90期,埼玉,茨城,45,A2,,0,0,0.17,6.31,47.1,61.9,6.06,47.9,59.5,0,23,0.0,16.6,0,30,28.5,57.1,,6,4,4,0.19,3,,,,,,1,5,6,0.11,3,12,2,2,0.11,3,,,,,,,,,,,,,,,,,,,,,,,,,,,,,,,,,,,,,,,,,,,,,,,,,,,4532,秋元 哲,103期,埼玉,栃木,37,A1,,1,0,0.13,6.81,51.7,65.8,7.04,54.9,73.2,0,54,0.0,0.0,0,77,0.0,0.0,2,5,4,4,0.14,3,12,1,1,0.02,1,6,3,3,0.16,1,,,,,,,,,,,,,,,,,,,,,,,,,,,,,,,,,,,,,,,,,,,,,,,,,,,,,,,,5035,櫻井 優,122期,埼玉,埼玉,28,A2,,0,0,0.17,5.36,33.3,52.7,5.81,40.0,53.7,0,58,0.0,0.0,0,72,0.0,0.0,6,,,,,,9,3,2,0.25,6,4,6,6,0.23,5,,,,,,,,,,,,,,,,,,,,,,,,,,,,,,,,,,,,,,,,,,,,,,,,,,,,,,,,3503,堂原 洋史,67期,埼玉,千葉,56,B1,,0,0,0.16,3.62,15.2,21.1,3.78,17.3,28.2,0,5,25.0,25.0,0,76,0.0,0.0,3,6,1,1,0.12,4,,,,,,3,5,5,0.11,5,9,2,2,0.11,3,,,,,,,,,,,,,,,,,,,,,,,,,,,,,,,,,,,,,,,,,,,,,,,,,,,5112,砂長 知輝,125期,埼玉,埼玉,26,A1,,1,0,0.16,6.95,52.7,73.6,7.05,56.3,68.0,0,7,0.0,28.5,0,60,0.0,0.0,,2,6,6,0.1,4,,,,,,2,3,3,0.11,1,11,1,1,0.11,1,,,,,,,,,,,,,,,,,,,,,,,,,,,,,,,,,,,,,,,,,,,,,,,,,,,5194,大久保 佑香,128期,埼玉,埼玉,24,B1,,1,0,0.18,4.39,27.7,36.1,4.25,23.1,39.1,0,62,0.0,0.0,0,67,0.0,0.0,5,2,1,1,0.13,6,8,5,5,0.12,2,,,,,,7,2,2,0.1,4,,,,,,,,,,,,,,,,,,,,,,,,,,,,,,,,,,,,,,,,,,,,,,,,,,
202608140211,2026-08-14,02,11R,4953,尾上 雅也,119期,埼玉,埼玉,31,A1,,0,0,0.16,6.84,54.0,70.1,6.74,52.9,69.1,0,52,0.0,0.0,0,69,0.0,0.0,4,3,3,3,0.18,2,9,5,5,0.26,2,3,2,2,0.13,4,,,,,,,,,,,,,,,,,,,,,,,,,,,,,,,,,,,,,,,,,,,,,,,,,,,,,,,,3679,飯島 昌弘,73期,埼玉,埼玉,53,A2,,0,0,0.17,6.84,51.5,75.7,6.68,50.0,70.7,0,14,28.5,28.5,0,11,42.8,71.4,3,5,1,1,0.02,2,10,3,3,0.12,2,,,,,,8,4,4,0.13,1,,,,,,,,,,,,,,,,,,,,,,,,,,,,,,,,,,,,,,,,,,,,,,,,,,,3696,白井 友晴,74期,埼玉,埼玉,54,B1,,0,0,0.17,4.96,26.0,44.5,5.44,33.8,53.2,0,10,16.6,33.3,0,29,14.2,28.5,7,4,6,6,0.2,5,10,2,2,0.16,5,2,4,4,0.14,3,,,,,,,,,,,,,,,,,,,,,,,,,,,,,,,,,,,,,,,,,,,,,,,,,,,,,,,,3306,武田 正紀,60期,埼玉,東京,58,B1,,0,0,0.16,4.14,21.0,37.8,4.81,22.6,46.3,0,29,85.7,100.0,0,56,0.0,0.0,,,,,,,7,3,3,0.12,4,6,6,5,0.16,5,10,2,2,0.13,2,,,,,,,,,,,,,,,,,,,,,,,,,,,,,,,,,,,,,,,,,,,,,,,,,,,3952,中澤 和志,82期,埼玉,岩手,50,A1,,0,0,0.14,6.67,50.0,66.1,7.2,52.2,70.4,0,11,37.5,62.5,0,59,0.0,0.0,6,1,4,4,0.11,3,11,1,1,0.1,1,,,,,,9,3,3,0.06,1,,,,,,,,,,,,,,,,,,,,,,,,,,,,,,,,,,,,,,,,,,,,,,,,,,,4144,石塚 久也,89期,埼玉,埼玉,44,A2,,0,0,0.18,6.45,47.1,69.2,6.89,53.7,69.7,0,46,0.0,0.0,0,61,0.0,0.0,2,3,4,4,0.22,4,11,2,2,0.16,5,,,,,,11,3,3,0.17,6,,,,,,,,,,,,,,,,,,,,,,,,,,,,,,,,,,,,,,,,,,,,,,,,,,
202608140212,2026-08-14,02,12R,3983,須藤 博倫,83期,埼玉,埼玉,48,A1,,0,0,0.15,6.87,50.8,73.2,6.66,51.8,69.1,0,47,0.0,0.0,0,13,0.0,0.0,5,2,2,2,0.06,1,12,4,5,0.14,3,3,6,6,0.15,3,8,3,3,0.17,2,,,,,,,,,,,,,,,,,,,,,,,,,,,,,,,,,,,,,,,,,,,,,,,,,,,5368,宮崎 心之介,135期,埼玉,埼玉,24,B1,,0,0,0.17,6.64,50.0,69.2,3.92,28.5,38.7,0,3,42.8,71.4,0,12,25.0,25.0,7,1,1,1,0.06,1,10,4,4,0.12,3,5,5,5,0.12,4,,,,,,,,,,,,,,,,,,,,,,,,,,,,,,,,,,,,,,,,,,,,,,,,,,,,,,,,5220,青木 蓮,129期,埼玉,埼玉,25,A2,,0,0,0.12,6.91,55.5,75.2,6.43,48.5,63.9,0,15,71.4,85.7,0,34,57.1,71.4,8,4,5,5,0.12,3,9,1,1,0.14,1,,,,,,10,4,4,0.09,5,,,,,,,,,,,,,,,,,,,,,,,,,,,,,,,,,,,,,,,,,,,,,,,,,,,4836,大谷 健太,115期,埼玉,埼玉,37,B1,,0,0,0.17,5.1,29.5,51.1,4.81,29.1,41.6,0,6,50.0,66.6,0,62,0.0,0.0,4,5,6,6,0.07,1,9,2,3,0.15,5,2,1,1,0.09,2,,,,,,,,,,,,,,,,,,,,,,,,,,,,,,,,,,,,,,,,,,,,,,,,,,,,,,,,5066,鈴木 孝明,123期,埼玉,埼玉,27,A1,,0,0,0.17,6.81,55.4,72.2,5.88,42.5,65.0,0,50,0.0,0.0,0,18,57.1,71.4,6,4,2,2,0.18,2,11,4,4,0.24,4,,,,,,7,1,1,0.11,1,,,,,,,,,,,,,,,,,,,,,,,,,,,,,,,,,,,,,,,,,,,,,,,,,,,4428,有賀 達也,100期,埼玉,埼玉,40,A2,,0,0,0.14,5.94,40.9,57.1,5.88,40.8,58.3,0,4,42.8,42.8,0,38,0.0,0.0,1,2,3,3,0.04,5,10,5,5,0.14,4,,,,,,9,4,4,0.09,2,,,,,,,,,,,,,,,,,,,,,,,,,,,,,,,,,,,,,,,,,,,,,,,,,,
202608140301,2026-08-14,03,01R,4438,森作 雄大,100期,東京,茨城,40,B1,,0,0,0.13,4.82,32.4,40.5,5.35,35.7,49.0,0,38,26.0,39.1,0,25,30.9,47.6,10,1,3,3,0.15,1,6,5,5,0.09,4,,,,,,11,2,2,0.05,3,3,4,4,0.01,6,8,1,1,0.22,1,,,,,,9,6,6,0.05,6,,,,,,,,,,,,,,,,,,,,,,,,,,,,,,,3313,本吉 正樹,61期,東京,東京,61,B1,,0,0,0.18,4.31,22.3,35.2,4.97,28.1,49.0,0,35,37.7,55.5,0,16,55.3,70.2,7,4,1,1,0.15,1,11,5,5,0.28,5,5,6,6,0.08,5,,,,,,4,3,3,0.05,3,11,2,2,0.23,3,3,4,4,0.08,5,,,,,,,,,,,,,,,,,,,,,,,,,,,,,,,,,,,,4945,上村 宏太,119期,東京,東京,34,B1,,0,0,0.18,4.0,14.1,31.5,5.04,29.2,49.4,0,16,40.9,61.3,0,38,26.1,38.1,8,6,4,4,0.18,6,,,,,,1,3,3,0.19,1,6,6,6,0.26,5,3,5,5,0.15,1,,,,,,2,1,1,0.27,4,7,2,2,0.09,4,,,,,,,,,,,,,,,,,,,,,,,,,,,,,,,3303,渡辺 豊,60期,東京,神奈川,58,B1,,0,0,0.2,4.16,16.5,34.9,6.26,43.5,67.9,0,22,34.0,44.0,0,28,36.9,58.7,5,3,2,2,0.04,4,11,6,6,0.26,4,,,,,,10,4,4,0.12,5,2,3,3,0.15,4,11,5,5,0.21,6,4,1,1,0.15,1,,,,,,,,,,,,,,,,,,,,,,,,,,,,,,,,,,,,4723,寺島 吉彦,111期,東京,福島,40,B1,,0,0,0.17,4.48,29.5,37.7,5.86,42.5,56.4,0,34,50.0,69.0,0,55,45.4,63.6,6,1,5,5,0.12,4,10,3,3,0.05,4,6,1,1,0.12,4,,,,,,5,6,6,0.01,2,10,2,2,0.13,3,2,4,4,0.24,6,,,,,,,,,,,,,,,,,,,,,,,,,,,,,,,,,,,,4815,伏島 祐介,114期,東京,栃木,36,B1,,0,0,0.2,3.29,12.2,21.9,4.76,22.5,45.0,0,66,29.5,50.0,0,40,44.4,62.2,,5,6,6,0.17,5,,,,,,1,5,5,0.24,5,8,2,2,0.3,6,,,,,,7,3,3,0.17,4,1,1,1,0.12,4,7,4,4,0.12,5,,,,,,,,,,,,,,,,,,,,,,,,,,,,,,
202608140302,2026-08-14,03,02R,3602,奥平 拓也,71期,東京,千葉,56,B1,,0,0,0.21,3.91,16.4,32.9,5.37,33.3,51.7,0,11,23.2,34.8,0,71,37.2,62.7,7,,,,,,7,2,2,0.08,4,1,6,6,0.28,3,9,4,4,0.11,3,3,1,1,0.04,3,,,,,,5,2,3,0.11,1,11,5,5,0.17,4,,,,,,,,,,,,,,,,,,,,,,,,,,,,,,,4615,板倉 敦史,107期,東京,千葉,46,B1,,0,0,0.19,4.57,25.6,39.0,4.36,20.0,42.2,0,50,14.5,31.2,0,32,48.8,60.0,10,4,3,3,0.13,5,10,6,6,0.31,6,1,2,2,0.15,4,,,,,,2,1,1,0.13,3,6,4,4,0.09,1,1,5,5,0.15,3,,,,,,,,,,,,,,,,,,,,,,,,,,,,,,,,,,,,5096,上原 崚,125期,東京,沖縄,31,A2,,0,0,0.16,6.29,38.4,62.5,6.81,51.8,66.6,0,53,33.3,46.6,0,26,39.1,56.5,8,5,2,2,0.14,2,11,4,4,0.18,1,,,,,,12,3,3,0.15,転,2,5,5,0.15,2,9,6,6,0.2,5,,,,,,9,1,1,0.15,3,,,,,,,,,,,,,,,,,,,,,,,,,,,,,,,3517,高橋 勲,68期,東京,神奈川,58,B1,,0,0,0.16,6.01,44.7,61.3,5.72,35.8,62.6,0,23,39.5,55.8,0,11,18.0,42.0,6,5,5,5,0.14,エ,10,2,2,0.07,5,3,6,6,0.09,4,,,,,,1,3,3,0.12,5,7,1,1,0.16,1,4,4,4,0.23,5,,,,,,,,,,,,,,,,,,,,,,,,,,,,,,,,,,,,5411,木下 虎之輔,136期,東京,神奈川,20,B2,,0,0,0.19,1.97,1.4,7.3,1.55,0.0,0.0,0,41,31.8,45.4,0,54,26.0,50.0,9,2,5,5,0.19,2,7,6,6,0.21,6,4,4,4,0.18,4,,,,,,4,6,6,0.05,6,8,4,4,0.3,5,,,,,,8,5,5,0.19,6,,,,,,,,,,,,,,,,,,,,,,,,,,,,,,,4345,西舘 健,96期,東京,神奈川,41,A2,賞除,1,0,0.15,5.73,42.8,55.1,5.51,36.9,53.1,0,60,31.8,59.0,0,17,45.4,56.8,,,,,,,9,1,1,0.24,6,4,6,6,0.16,6,11,3,3,0.07,6,5,4,4,0.04,F,,,,,,4,5,5,0.24,6,8,6,6,0.25,2,,,,,,,,,,,,,,,,,,,,,,,,,,,,,,
202608140303,2026-08-14,03,03R,5007,近藤 雄一郎,121期,東京,福島,29,B1,,1,0,0.18,4.59,22.0,37.2,5.53,36.0,57.3,0,62,50.0,72.0,0,60,39.2,45.1,,6,6,6,0.15,5,,,,,,2,5,5,0.07,3,7,1,1,0.51,4,6,3,3,0.03,2,,,,,,1,2,2,0.15,5,9,4,4,0.09,1,,,,,,,,,,,,,,,,,,,,,,,,,,,,,,,4976,金山 立樹,120期,東京,神奈川,32,B1,,0,0,0.2,5.09,28.7,54.2,5.09,32.7,51.4,0,25,51.0,59.5,0,59,28.8,48.0,9,2,2,2,0.25,6,11,3,3,0.17,6,1,1,1,0.19,2,,,,,,1,4,4,0.15,2,6,5,5,0.08,5,4,6,6,0.25,3,,,,,,,,,,,,,,,,,,,,,,,,,,,,,,,,,,,,4608,荒井 翔伍,106期,東京,千葉,36,A2,,0,0,0.17,5.8,37.7,58.2,6.5,38.2,66.1,0,43,33.3,54.1,0,36,31.9,48.9,8,2,3,3,0.27,5,10,4,4,0.29,3,,,,,,11,6,6,0.21,5,7,2,2,0.19,2,12,5,5,0.21,4,,,,,,8,1,1,0.25,3,,,,,,,,,,,,,,,,,,,,,,,,,,,,,,,5433,米本 圭佑,137期,東京,東京,21,B2,,0,0,0.24,2.02,1.5,6.1,2.58,5.2,15.7,0,37,46.9,69.3,0,67,42.5,61.7,7,4,6,6,0.15,6,8,5,5,0.16,2,3,4,4,0.11,転,,,,,,2,4,4,0.18,6,7,6,6,0.32,6,6,5,5,0.18,5,,,,,,,,,,,,,,,,,,,,,,,,,,,,,,,,,,,,4095,福来 剛,87期,東京,東京,45,A1,賞除,2,0,0.13,7.1,61.6,71.4,7.02,52.0,65.3,0,27,35.5,53.3,0,22,23.4,36.1,7,5,4,4,0.14,3,12,3,3,0.09,2,,,,,,7,2,2,0.27,1,5,5,5,0.03,F,11,1,1,0.19,1,2,6,6,0.23,3,,,,,,,,,,,,,,,,,,,,,,,,,,,,,,,,,,,,4245,高橋 直哉,93期,東京,秋田,44,B1,,0,0,0.19,4.32,19.4,36.1,5.22,32.8,50.0,0,47,21.7,34.7,0,31,21.7,45.6,8,1,6,6,0.08,6,8,3,3,0.13,6,5,5,5,0.04,6,,,,,,1,2,2,0.15,1,9,4,4,0.19,6,5,1,1,0.09,2,,,,,,,,,,,,,,,,,,,,,,,,,,,,,,,,,,,
202608140304,2026-08-14,03,04R,3202,三品 隆浩,56期,東京,東京,61,B1,,0,0,0.2,4.24,24.4,33.7,5.54,38.6,54.7,0,32,39.5,58.1,0,18,25.0,35.4,8,2,1,1,0.31,4,9,3,3,0.19,3,2,2,2,0.16,4,,,,,,1,6,6,0.2,3,8,5,5,0.36,6,1,4,4,0.16,1,,,,,,,,,,,,,,,,,,,,,,,,,,,,,,,,,,,,4077,品田 直樹,87期,東京,神奈川,47,A2,,0,0,0.17,5.48,29.8,53.8,5.57,36.0,55.7,0,17,36.3,56.8,0,21,31.1,53.3,9,4,4,4,0.14,2,,,,,,4,1,1,0.16,5,12,2,2,0.15,2,,,,,,7,5,5,0.28,5,3,3,3,0.13,4,12,5,5,0.28,6,,,,,,,,,,,,,,,,,,,,,,,,,,,,,,,4465,大西 賢,101期,東京,茨城,39,B1,,0,0,0.2,4.34,20.9,33.8,4.92,30.2,44.1,0,68,38.4,50.0,0,13,40.0,53.3,,,,,,,7,1,1,0.01,1,7,4,4,0.55,6,12,5,5,0.15,4,,,,,,9,2,2,0.17,3,1,6,6,0.17,2,8,3,3,0.24,4,,,,,,,,,,,,,,,,,,,,,,,,,,,,,,,3569,増田 進,70期,東京,東京,55,B1,,0,0,0.18,3.98,17.0,31.8,5.44,34.2,50.7,0,33,26.6,40.0,0,70,20.0,31.1,8,1,2,2,0.21,5,9,6,6,0.17,4,,,,,,9,3,3,0.1,2,1,1,1,0.13,6,10,5,5,0.22,5,6,4,4,0.17,6,,,,,,,,,,,,,,,,,,,,,,,,,,,,,,,,,,,,5095,小原 聡将,125期,東京,千葉,32,A2,,0,0,0.15,6.55,43.7,67.5,6.58,50.5,65.9,0,40,9.0,25.0,0,39,48.8,60.4,10,2,6,6,0.16,3,8,2,2,0.11,1,,,,,,8,1,1,0.21,2,4,4,4,0.07,2,10,3,3,0.12,4,,,,,,10,5,5,0.13,転,,,,,,,,,,,,,,,,,,,,,,,,,,,,,,,4366,前沢 丈史,97期,東京,茨城,40,A1,,1,0,0.14,6.55,47.3,70.9,6.85,49.4,70.7,0,15,34.0,40.9,0,51,25.0,41.6,9,,,,,,12,5,5,0.09,3,2,3,3,0.1,6,9,2,2,0.15,6,,,,,,7,4,4,0.26,3,4,3,3,0.19,4,11,1,1,0.17,1,,,,,,,,,,,,,,,,,,,,,,,,,,,,,,
202608140305,2026-08-14,03,05R,4379,桑島 和宏,98期,東京,千葉,42,A2,,0,0,0.16,6.19,41.3,64.4,6.24,43.2,61.0,0,39,25.5,40.4,0,15,26.5,38.7,10,3,4,4,0.05,3,8,1,1,0.09,4,4,3,3,0.08,3,,,,,,5,2,2,0.05,3,12,6,6,0.14,5,,,,,,11,3,3,0.17,3,,,,,,,,,,,,,,,,,,,,,,,,,,,,,,,5023,久永 祥平,122期,東京,神奈川,31,A2,,0,0,0.16,5.96,38.2,60.4,6.0,45.1,62.7,0,71,43.1,61.3,0,45,34.0,44.6,,,,,,,11,2,2,0.13,3,3,3,3,0.11,5,11,5,5,0.17,2,,,,,,9,1,1,0.17,2,3,6,6,0.22,6,11,4,4,0.17,6,,,,,,,,,,,,,,,,,,,,,,,,,,,,,,,4954,内山 峻輔,119期,東京,東京,31,B1,,1,0,0.19,4.34,22.5,36.2,5.39,38.8,50.0,0,14,15.5,37.7,0,33,34.7,56.5,9,3,1,1,0.05,1,,,,,,2,6,6,0.11,5,8,5,5,0.2,4,,,,,,12,3,3,0.08,2,5,3,4,0.07,5,10,2,2,0.13,5,,,,,,,,,,,,,,,,,,,,,,,,,,,,,,,4145,小澤 学,89期,東京,千葉,44,B1,,0,0,0.26,3.97,16.6,32.2,4.44,23.4,43.2,0,24,30.4,47.8,0,41,44.0,60.0,9,1,4,4,0.14,3,7,5,5,0.22,5,,,,,,8,3,3,0.22,5,2,6,6,0.22,5,8,2,2,0.35,4,,,,,,7,1,1,0.19,1,,,,,,,,,,,,,,,,,,,,,,,,,,,,,,,5371,早川 颯太,135期,東京,長野,24,B2,賞除,1,0,0.22,1.99,2.7,5.4,1.65,2.9,4.3,0,48,27.0,39.5,0,58,21.7,39.1,10,3,6,6,0.01,6,9,4,4,0.17,5,6,3,3,0.16,3,,,,,,1,5,5,0.16,4,5,3,3,0.01,F,,,,,,7,6,6,0.26,6,,,,,,,,,,,,,,,,,,,,,,,,,,,,,,,3303,渡辺 豊,60期,東京,神奈川,58,B1,,0,0,0.2,4.16,16.5,34.9,6.26,43.5,67.9,0,22,34.0,44.0,0,28,36.9,58.7,1,3,2,2,0.04,4,11,6,6,0.26,4,,,,,,10,4,4,0.12,5,2,3,3,0.15,4,11,5,5,0.21,6,4,1,1,0.15,1,,,,,,,,,,,,,,,,,,,,,,,,,,,,,,,,,,,
202608140306,2026-08-14,03,06R,3911,鈴木 猛,81期,東京,東京,52,B1,,0,0,0.17,5.25,33.0,47.7,5.35,31.9,48.9,0,58,22.0,44.0,0,24,33.3,46.6,,4,5,5,0.14,3,,,,,,2,1,1,0.16,2,6,4,4,0.21,2,,,,,,12,2,2,0.18,6,6,3,3,0.13,4,11,6,6,0.16,5,,,,,,,,,,,,,,,,,,,,,,,,,,,,,,,4723,寺島 吉彦,111期,東京,福島,40,B1,,0,0,0.17,4.48,29.5,37.7,5.86,42.5,56.4,0,34,50.0,69.0,0,55,45.4,63.6,1,1,5,5,0.12,4,10,3,3,0.05,4,6,1,1,0.12,4,,,,,,5,6,6,0.01,2,10,2,2,0.13,3,2,4,4,0.24,6,,,,,,,,,,,,,,,,,,,,,,,,,,,,,,,,,,,,4440,萩原 知哉,100期,東京,茨城,39,B1,,0,0,0.17,4.88,29.5,40.9,5.14,28.0,50.4,0,70,18.3,36.7,0,20,24.0,38.0,,,,,,,8,6,6,0.17,3,1,4,4,0.23,6,7,5,5,0.36,3,4,1,1,0.18,4,,,,,,2,2,2,0.22,2,9,3,3,0.35,5,,,,,,,,,,,,,,,,,,,,,,,,,,,,,,,4769,馬場 剛,112期,東京,東京,34,A1,,0,0,0.12,6.77,48.2,69.3,6.75,51.8,65.0,0,28,34.0,63.8,0,23,10.6,38.3,10,6,2,2,0.08,2,11,1,1,0.08,2,,,,,,9,5,5,0.08,5,6,6,6,0.06,4,11,3,3,0.18,5,,,,,,8,2,2,0.19,1,,,,,,,,,,,,,,,,,,,,,,,,,,,,,,,3517,高橋 勲,68期,東京,神奈川,58,B1,,0,0,0.16,6.01,44.7,61.3,5.72,35.8,62.6,0,23,39.5,55.8,0,11,18.0,42.0,2,5,5,5,0.14,エ,10,2,2,0.07,5,3,6,6,0.09,4,,,,,,1,3,3,0.12,5,7,1,1,0.16,1,4,4,4,0.23,5,,,,,,,,,,,,,,,,,,,,,,,,,,,,,,,,,,,,3888,山本 英志,80期,東京,広島,51,A2,賞除,1,0,0.14,6.15,44.2,61.0,5.84,34.2,55.2,0,55,29.7,44.6,0,12,35.7,54.7,,,,,,,9,2,2,0.17,2,5,3,3,0.07,2,12,6,6,0.11,3,6,1,1,0.01,F,,,,,,5,5,6,0.18,4,9,5,5,0.08,4,,,,,,,,,,,,,,,,,,,,,,,,,,,,,,
202608140307,2026-08-14,03,07R,4086,寺本 重宣,87期,東京,神奈川,46,A2,,0,0,0.15,6.01,39.5,56.4,5.89,36.1,59.0,0,10,31.8,47.7,0,47,40.3,55.7,,,,,,,7,3,3,0.06,2,2,4,4,0.1,1,10,2,2,0.11,2,,,,,,10,6,6,0.19,6,6,1,1,0.11,2,10,3,3,0.19,4,,,,,,,,,,,,,,,,,,,,,,,,,,,,,,,3277,齋藤 勇,59期,東京,東京,59,B1,,0,0,0.18,4.32,20.9,33.3,4.8,27.7,42.0,0,61,31.1,53.3,0,62,30.9,40.4,,5,1,1,0.11,4,,,,,,4,2,2,0.07,1,9,6,6,0.11,4,,,,,,9,3,3,0.13,4,3,5,5,0.11,3,8,4,4,0.24,5,,,,,,,,,,,,,,,,,,,,,,,,,,,,,,,3602,奥平 拓也,71期,東京,千葉,56,B1,,0,0,0.21,3.91,16.4,32.9,5.37,33.3,51.7,0,11,23.2,34.8,0,71,37.2,62.7,2,,,,,,7,2,2,0.08,4,1,6,6,0.28,3,9,4,4,0.11,3,3,1,1,0.04,3,,,,,,5,2,3,0.11,1,11,5,5,0.17,4,,,,,,,,,,,,,,,,,,,,,,,,,,,,,,,3313,本吉 正樹,61期,東京,東京,61,B1,,0,0,0.18,4.31,22.3,35.2,4.97,28.1,49.0,0,35,37.7,55.5,0,16,55.3,70.2,1,4,1,1,0.15,1,11,5,5,0.28,5,5,6,6,0.08,5,,,,,,4,3,3,0.05,3,11,2,2,0.23,3,3,4,4,0.08,5,,,,,,,,,,,,,,,,,,,,,,,,,,,,,,,,,,,,5433,米本 圭佑,137期,東京,東京,21,B2,,0,0,0.24,2.02,1.5,6.1,2.58,5.2,15.7,0,37,46.9,69.3,0,67,42.5,61.7,3,4,6,6,0.15,6,8,5,5,0.16,2,3,4,4,0.11,転,,,,,,2,4,4,0.18,6,7,6,6,0.32,6,6,5,5,0.18,5,,,,,,,,,,,,,,,,,,,,,,,,,,,,,,,,,,,,4095,福来 剛,87期,東京,東京,45,A1,賞除,2,0,0.13,7.1,61.6,71.4,7.02,52.0,65.3,0,27,35.5,53.3,0,22,23.4,36.1,3,5,4,4,0.14,3,12,3,3,0.09,2,,,,,,7,2,2,0.27,1,5,5,5,0.03,F,11,1,1,0.19,1,2,6,6,0.23,3,,,,,,,,,,,,,,,,,,,,,,,,,,,,,,,,,,,
202608140308,2026-08-14,03,08R,4945,上村 宏太,119期,東京,東京,34,B1,,0,0,0.18,4.0,14.1,31.5,5.04,29.2,49.4,0,16,40.9,61.3,0,38,26.1,38.1,1,6,4,4,0.18,6,,,,,,1,3,3,0.19,1,6,6,6,0.26,5,3,5,5,0.15,1,,,,,,2,1,1,0.27,4,7,2,2,0.09,4,,,,,,,,,,,,,,,,,,,,,,,,,,,,,,,4608,荒井 翔伍,106期,東京,千葉,36,A2,,0,0,0.17,5.8,37.7,58.2,6.5,38.2,66.1,0,43,33.3,54.1,0,36,31.9,48.9,3,2,3,3,0.27,5,10,4,4,0.29,3,,,,,,11,6,6,0.21,5,7,2,2,0.19,2,12,5,5,0.21,4,,,,,,8,1,1,0.25,3,,,,,,,,,,,,,,,,,,,,,,,,,,,,,,,3202,三品 隆浩,56期,東京,東京,61,B1,,0,0,0.2,4.24,24.4,33.7,5.54,38.6,54.7,0,32,39.5,58.1,0,18,25.0,35.4,4,2,1,1,0.31,4,9,3,3,0.19,3,2,2,2,0.16,4,,,,,,1,6,6,0.2,3,8,5,5,0.36,6,1,4,4,0.16,1,,,,,,,,,,,,,,,,,,,,,,,,,,,,,,,,,,,,4245,高橋 直哉,93期,東京,秋田,44,B1,,0,0,0.19,4.32,19.4,36.1,5.22,32.8,50.0,0,47,21.7,34.7,0,31,21.7,45.6,3,1,6,6,0.08,6,8,3,3,0.13,6,5,5,5,0.04,6,,,,,,1,2,2,0.15,1,9,4,4,0.19,6,5,1,1,0.09,2,,,,,,,,,,,,,,,,,,,,,,,,,,,,,,,,,,,,5096,上原 崚,125期,東京,沖縄,31,A2,,0,0,0.16,6.29,38.4,62.5,6.81,51.8,66.6,0,53,33.3,46.6,0,26,39.1,56.5,2,5,2,2,0.14,2,11,4,4,0.18,1,,,,,,12,3,3,0.15,転,2,5,5,0.15,2,9,6,6,0.2,5,,,,,,9,1,1,0.15,3,,,,,,,,,,,,,,,,,,,,,,,,,,,,,,,3569,増田 進,70期,東京,東京,55,B1,,0,0,0.18,3.98,17.0,31.8,5.44,34.2,50.7,0,33,26.6,40.0,0,70,20.0,31.1,4,1,2,2,0.21,5,9,6,6,0.17,4,,,,,,9,3,3,0.1,2,1,1,1,0.13,6,10,5,5,0.22,5,6,4,4,0.17,6,,,,,,,,,,,,,,,,,,,,,,,,,,,,,,,,,,,
202608140309,2026-08-14,03,09R,4366,前沢 丈史,97期,東京,茨城,40,A1,,1,0,0.14,6.55,47.3,70.9,6.85,49.4,70.7,0,15,34.0,40.9,0,51,25.0,41.6,4,,,,,,12,5,5,0.09,3,2,3,3,0.1,6,9,2,2,0.15,6,,,,,,7,4,4,0.26,3,4,3,3,0.19,4,11,1,1,0.17,1,,,,,,,,,,,,,,,,,,,,,,,,,,,,,,,4954,内山 峻輔,119期,東京,東京,31,B1,,1,0,0.19,4.34,22.5,36.2,5.39,38.8,50.0,0,14,15.5,37.7,0,33,34.7,56.5,5,3,1,1,0.05,1,,,,,,2,6,6,0.11,5,8,5,5,0.2,4,,,,,,12,3,3,0.08,2,5,3,4,0.07,5,10,2,2,0.13,5,,,,,,,,,,,,,,,,,,,,,,,,,,,,,,,4145,小澤 学,89期,東京,千葉,44,B1,,0,0,0.26,3.97,16.6,32.2,4.44,23.4,43.2,0,24,30.4,47.8,0,41,44.0,60.0,5,1,4,4,0.14,3,7,5,5,0.22,5,,,,,,8,3,3,0.22,5,2,6,6,0.22,5,8,2,2,0.35,4,,,,,,7,1,1,0.19,1,,,,,,,,,,,,,,,,,,,,,,,,,,,,,,,5411,木下 虎之輔,136期,東京,神奈川,20,B2,,0,0,0.19,1.97,1.4,7.3,1.55,0.0,0.0,0,41,31.8,45.4,0,54,26.0,50.0,2,2,5,5,0.19,2,7,6,6,0.21,6,4,4,4,0.18,4,,,,,,4,6,6,0.05,6,8,4,4,0.3,5,,,,,,8,5,5,0.19,6,,,,,,,,,,,,,,,,,,,,,,,,,,,,,,,4976,金山 立樹,120期,東京,神奈川,32,B1,,0,0,0.2,5.09,28.7,54.2,5.09,32.7,51.4,0,25,51.0,59.5,0,59,28.8,48.0,3,2,2,2,0.25,6,11,3,3,0.17,6,1,1,1,0.19,2,,,,,,1,4,4,0.15,2,6,5,5,0.08,5,4,6,6,0.25,3,,,,,,,,,,,,,,,,,,,,,,,,,,,,,,,,,,,,4077,品田 直樹,87期,東京,神奈川,47,A2,,0,0,0.17,5.48,29.8,53.8,5.57,36.0,55.7,0,17,36.3,56.8,0,21,31.1,53.3,4,4,4,4,0.14,2,,,,,,4,1,1,0.16,5,12,2,2,0.15,2,,,,,,7,5,5,0.28,5,3,3,3,0.13,4,12,5,5,0.28,6,,,,,,,,,,,,,,,,,,,,,,,,,,,,,,
202608140310,2026-08-14,03,10R,4769,馬場 剛,112期,東京,東京,34,A1,,0,0,0.12,6.77,48.2,69.3,6.75,51.8,65.0,0,28,34.0,63.8,0,23,10.6,38.3,6,6,2,2,0.08,2,11,1,1,0.08,2,,,,,,9,5,5,0.08,5,6,6,6,0.06,4,11,3,3,0.18,5,,,,,,8,2,2,0.19,1,,,,,,,,,,,,,,,,,,,,,,,,,,,,,,,5095,小原 聡将,125期,東京,千葉,32,A2,,0,0,0.15,6.55,43.7,67.5,6.58,50.5,65.9,0,40,9.0,25.0,0,39,48.8,60.4,4,2,6,6,0.16,3,8,2,2,0.11,1,,,,,,8,1,1,0.21,2,4,4,4,0.07,2,10,3,3,0.12,4,,,,,,10,5,5,0.13,転,,,,,,,,,,,,,,,,,,,,,,,,,,,,,,,4438,森作 雄大,100期,東京,茨城,40,B1,,0,0,0.13,4.82,32.4,40.5,5.35,35.7,49.0,0,38,26.0,39.1,0,25,30.9,47.6,1,1,3,3,0.15,1,6,5,5,0.09,4,,,,,,11,2,2,0.05,3,3,4,4,0.01,6,8,1,1,0.22,1,,,,,,9,6,6,0.05,6,,,,,,,,,,,,,,,,,,,,,,,,,,,,,,,4615,板倉 敦史,107期,東京,千葉,46,B1,,0,0,0.19,4.57,25.6,39.0,4.36,20.0,42.2,0,50,14.5,31.2,0,32,48.8,60.0,2,4,3,3,0.13,5,10,6,6,0.31,6,1,2,2,0.15,4,,,,,,2,1,1,0.13,3,6,4,4,0.09,1,1,5,5,0.15,3,,,,,,,,,,,,,,,,,,,,,,,,,,,,,,,,,,,,4379,桑島 和宏,98期,東京,千葉,42,A2,,0,0,0.16,6.19,41.3,64.4,6.24,43.2,61.0,0,39,25.5,40.4,0,15,26.5,38.7,5,3,4,4,0.05,3,8,1,1,0.09,4,4,3,3,0.08,3,,,,,,5,2,2,0.05,3,12,6,6,0.14,5,,,,,,11,3,3,0.17,3,,,,,,,,,,,,,,,,,,,,,,,,,,,,,,,5371,早川 颯太,135期,東京,長野,24,B2,賞除,1,0,0.22,1.99,2.7,5.4,1.65,2.9,4.3,0,48,27.0,39.5,0,58,21.7,39.1,5,3,6,6,0.01,6,9,4,4,0.17,5,6,3,3,0.16,3,,,,,,1,5,5,0.16,4,5,3,3,0.01,F,,,,,,7,6,6,0.26,6,,,,,,,,,,,,,,,,,,,,,,,,,,,,,,
202608140311,2026-08-14,03,11R,3716,石渡 鉄兵,74期,東京,千葉,51,A1,,0,0,0.12,6.91,44.0,63.0,7.81,61.9,80.0,0,18,27.6,48.9,0,69,17.7,51.1,,,,,,,12,1,1,0.12,1,3,2,2,0.15,1,10,6,6,0.11,6,,,,,,10,4,4,0.11,2,5,4,5,0.11,3,12,1,1,0.16,1,,,,,,,,,,,,,,,,,,,,,,,,,,,,,,,4847,佐藤 隆太郎,115期,東京,東京,32,A1,,0,0,0.16,7.1,50.9,70.7,7.38,57.6,69.2,0,51,17.0,25.5,0,30,27.0,47.9,,7,4,4,0.16,3,12,6,6,0.07,6,,,,,,11,1,1,0.08,1,3,2,2,0.07,2,9,5,5,0.19,1,,,,,,10,1,1,0.19,3,,,,,,,,,,,,,,,,,,,,,,,,,,,,,,,4748,渡邉 雄朗,112期,東京,千葉,40,A1,,1,0,0.16,6.25,45.9,67.8,6.63,46.3,67.6,0,36,48.9,71.4,0,49,38.7,51.0,,4,2,2,0.18,4,9,5,5,0.16,1,,,,,,8,6,6,0.19,3,3,3,3,0.02,4,10,1,1,0.11,1,,,,,,11,2,2,0.13,2,,,,,,,,,,,,,,,,,,,,,,,,,,,,,,,4075,中野 次郎,86期,東京,東京,45,A1,,0,0,0.13,6.48,40.4,55.5,6.62,48.6,67.5,0,26,26.0,40.0,0,61,40.7,64.8,,6,3,3,0.15,3,12,2,2,0.08,5,,,,,,8,4,4,0.21,1,4,5,5,0.05,5,12,1,1,0.17,1,,,,,,7,3,3,0.07,2,,,,,,,,,,,,,,,,,,,,,,,,,,,,,,,4598,加藤 政彦,106期,東京,東京,42,B1,,0,0,0.16,6.12,49.4,61.0,6.42,48.2,65.4,0,57,47.9,60.4,0,65,20.8,35.4,,5,3,3,0.09,1,,,,,,5,4,4,0.06,4,10,5,5,0.09,4,5,1,1,0.13,1,,,,,,4,2,2,0.14,2,12,6,6,0.21,5,,,,,,,,,,,,,,,,,,,,,,,,,,,,,,,4610,佐藤 大佑,106期,東京,千葉,36,A1,,1,0,0.15,6.0,41.6,53.1,6.03,42.1,57.0,0,65,43.1,50.9,0,14,25.6,33.3,,,,,,,8,4,4,0.14,5,6,2,2,0.16,1,10,1,1,0.14,1,,,,,,8,3,3,0.27,3,7,5,5,0.14,3,12,4,4,0.29,4,,,,,,,,,,,,,,,,,,,,,,,,,,,,,,
202608140312,2026-08-14,03,12R,4430,永田 秀二,100期,東京,東京,40,A2,,0,0,0.17,5.65,33.0,58.9,6.07,40.1,58.1,0,13,40.9,59.0,0,27,56.8,68.1,,,,,,,10,5,5,0.24,1,5,2,2,0.07,3,9,1,1,0.06,1,,,,,,11,4,4,0.19,2,2,3,3,0.19,1,12,2,2,0.19,3,,,,,,,,,,,,,,,,,,,,,,,,,,,,,,,5279,石渡 翔一郎,131期,東京,千葉,23,B1,,0,0,0.16,5.6,37.7,57.1,5.56,39.0,56.5,0,19,21.2,38.3,0,64,45.1,62.7,,1,1,1,0.13,2,,,,,,4,5,5,0.05,2,10,3,3,0.07,3,,,,,,11,6,6,0.14,4,3,2,2,0.1,2,10,4,4,0.09,1,,,,,,,,,,,,,,,,,,,,,,,,,,,,,,,4266,長田 頼宗,93期,東京,神奈川,41,A1,,0,0,0.15,6.96,48.6,65.1,7.14,52.6,63.1,0,12,32.5,51.1,0,53,44.6,61.7,,,,,,,12,4,4,0.07,4,6,5,5,0.25,6,12,1,1,0.13,1,,,,,,8,6,6,0.31,2,3,1,1,0.05,1,9,2,2,0.13,2,,,,,,,,,,,,,,,,,,,,,,,,,,,,,,,5070,中島 航,124期,東京,千葉,32,B1,,0,0,0.22,3.84,16.4,31.5,4.62,25.3,40.3,0,67,18.1,38.6,0,63,31.3,47.0,,2,4,4,0.18,1,,,,,,3,1,1,0.17,2,7,3,3,0.31,2,6,2,2,0.03,3,,,,,,2,5,5,0.17,5,10,6,6,0.19,2,,,,,,,,,,,,,,,,,,,,,,,,,,,,,,,3940,飯山 泰,81期,東京,長野,48,A1,,0,0,0.14,6.39,49.2,63.4,6.25,40.3,56.7,0,31,39.5,54.1,0,34,30.4,47.8,,3,3,3,0.06,5,10,1,1,0.22,2,,,,,,7,6,6,0.33,5,2,2,2,0.15,1,12,4,4,0.12,3,6,2,2,0.12,1,,,,,,,,,,,,,,,,,,,,,,,,,,,,,,,,,,,,3340,池田 雷太,62期,東京,東京,61,B1,,0,0,0.18,3.94,20.2,31.4,5.28,36.0,51.5,0,20,39.5,54.1,0,46,32.6,38.7,,3,5,5,0.02,2,,,,,,5,1,1,0.11,1,11,4,4,0.1,4,4,2,2,0.08,1,,,,,,6,6,6,0.24,3,12,3,3,0.22,2,,,,,,,,,,,,,,,,,,,,,,,,,,,,,,
202608140401,2026-08-14,04,01R,5253,藤井 太雅,130期,東京,東京,23,B2,,1,0,0.27,3.16,7.8,18.4,3.81,20.2,29.7,0,18,42.8,64.2,0,33,38.4,51.2,7,,,,,,8,5,6,0.14,4,2,2,2,0.18,5,9,3,3,0.32,6,3,1,1,0.2,3,,,,,,,,,,,,,,,,,,,,,,,,,,,,,,,,,,,,,,,,,,,,,,4895,門間 雄大,117期,東京,北海道,35,A2,,0,0,0.15,5.13,25.0,48.8,5.36,24.5,54.1,0,17,32.5,39.5,0,49,19.0,35.7,5,6,2,2,0.16,1,11,4,4,0.07,6,,,,,,7,5,5,0.04,3,1,3,3,0.01,3,9,1,1,0.24,4,,,,,,,,,,,,,,,,,,,,,,,,,,,,,,,,,,,,,,,,,4152,深水 慎一郎,90期,東京,神奈川,46,A2,,0,0,0.18,5.32,39.7,46.5,5.76,39.3,54.5,0,62,41.9,61.2,0,32,31.7,48.7,6,4,3,3,0.12,2,10,5,6,0.11,4,,,,,,8,1,1,0.09,1,7,2,2,0.1,3,11,4,4,0.19,6,,,,,,,,,,,,,,,,,,,,,,,,,,,,,,,,,,,,,,,,,4484,稲生 夏季,101期,東京,東京,36,B1,,0,0,0.21,4.76,21.6,43.2,3.7,11.1,25.9,0,59,21.7,39.1,0,73,35.7,60.7,9,1,3,3,0.31,2,9,5,6,0.08,6,,,,,,7,1,1,0.14,6,,,,,,8,2,2,0.96,5,,,,,,,,,,,,,,,,,,,,,,,,,,,,,,,,,,,,,,,,,4560,庄司 樹良々,104期,東京,東京,35,A2,,1,0,0.15,5.6,30.1,59.1,5.87,38.2,60.2,0,57,9.0,27.2,0,75,31.2,46.8,10,,,,,,9,3,3,0.11,5,4,2,2,0.19,5,10,1,1,0.12,2,3,4,4,0.09,5,,,,,,,,,,,,,,,,,,,,,,,,,,,,,,,,,,,,,,,,,,,,,,5436,市川 瑚幸,137期,東京,神奈川,21,B2,,0,0,0.22,1.39,0.0,1.4,1.45,0.0,3.2,0,22,20.6,34.4,0,43,38.6,65.9,8,1,5,4,0.25,転,7,5,5,0.17,6,5,6,6,0.14,6,,,,,,5,6,4,0.46,6,,,,,,,,,,,,,,,,,,,,,,,,,,,,,,,,,,,,,,,,,,,,,
202608140402,2026-08-14,04,02R,3256,三角 哲男,58期,東京,千葉,59,A1,,0,0,0.15,6.22,47.8,62.6,6.64,44.4,70.8,0,46,43.3,60.0,0,26,25.7,42.8,8,7,6,6,0.11,1,12,2,2,0.25,1,6,3,3,0.05,2,12,1,1,0.07,1,,,,,,9,4,3,0.13,1,,,,,,,,,,,,,,,,,,,,,,,,,,,,,,,,,,,,,,,,,4421,森作 広大,99期,東京,茨城,38,B1,,0,0,0.19,3.05,3.3,20.0,4.14,18.0,36.0,0,73,35.7,50.0,0,20,38.4,58.9,11,4,1,1,0.09,5,,,,,,3,5,6,0.3,4,8,3,3,0.11,3,4,4,4,0.09,4,,,,,,,,,,,,,,,,,,,,,,,,,,,,,,,,,,,,,,,,,,,,,,4211,村田 敦,91期,東京,神奈川,43,B1,,0,0,0.15,4.6,28.2,45.6,4.39,22.2,41.6,0,56,17.8,25.0,0,27,20.0,40.0,9,,,,,,7,3,3,0.15,5,1,5,5,0.19,4,8,2,2,0.15,4,5,1,1,0.15,5,,,,,,,,,,,,,,,,,,,,,,,,,,,,,,,,,,,,,,,,,,,,,,5226,藤田 俊祐,129期,東京,東京,24,B1,,0,0,0.16,5.24,28.5,52.3,5.45,41.9,48.3,0,58,44.4,60.0,0,71,38.8,52.7,7,2,2,2,0.14,1,8,6,5,0.19,3,5,1,1,0.12,1,,,,,,2,3,3,0.09,1,12,6,6,0.28,3,,,,,,,,,,,,,,,,,,,,,,,,,,,,,,,,,,,,,,,,,5365,石村 日奈那,135期,東京,東京,25,B1,,1,0,0.19,2.32,6.7,9.4,2.09,0.0,8.5,0,38,42.8,52.3,0,44,34.1,48.7,12,1,2,2,0.41,5,8,3,3,0.15,6,,,,,,8,5,6,0.19,5,,,,,,7,1,1,0.16,1,,,,,,,,,,,,,,,,,,,,,,,,,,,,,,,,,,,,,,,,,5427,港 理樹,137期,東京,東京,24,B1,,0,0,0.22,2.91,2.5,15.3,3.24,5.8,23.5,0,75,21.2,36.3,0,23,44.4,61.1,,6,6,5,0.29,2,,,,,,2,4,4,0.21,3,12,6,5,0.17,5,3,6,5,0.08,4,10,5,4,0.14,6,,,,,,,,,,,,,,,,,,,,,,,,,,,,,,,,,,,,,,,,
202608140403,2026-08-14,04,03R,3857,阿波 勝哉,79期,東京,東京,53,B1,,0,0,0.21,4.68,29.6,41.9,4.84,28.3,47.7,0,45,20.0,24.0,0,62,28.2,56.5,8,5,2,2,0.16,5,10,6,5,0.14,6,,,,,,9,6,6,0.33,2,4,2,1,0.06,3,,,,,,,,,,,,,,,,,,,,,,,,,,,,,,,,,,,,,,,,,,,,,,4036,金田 諭,85期,埼玉,埼玉,47,A1,,0,0,0.16,6.56,45.1,72.5,6.93,60.0,75.5,0,16,32.4,40.5,0,72,31.0,65.5,12,,,,,,8,4,4,0.07,1,4,3,3,0.17,1,12,5,6,0.11,6,4,5,5,0.15,2,11,1,1,0.2,5,,,,,,,,,,,,,,,,,,,,,,,,,,,,,,,,,,,,,,,,,4297,山田 哲也,95期,東京,千葉,43,A1,,1,0,0.11,6.36,47.3,64.2,5.92,39.3,53.0,0,12,61.5,75.0,0,51,42.2,51.1,10,4,2,2,0.08,1,12,4,4,0.19,6,2,1,1,0.13,1,7,3,3,0.14,1,,,,,,10,4,6,0.09,1,,,,,,,,,,,,,,,,,,,,,,,,,,,,,,,,,,,,,,,,,4053,芦澤 望,86期,東京,千葉,48,A2,,1,0,0.16,5.3,34.8,55.8,5.57,43.2,54.0,0,26,35.0,55.0,0,50,23.2,48.8,11,,,,,,11,3,3,0.07,5,3,4,5,0.27,2,12,2,2,0.08,3,,,,,,8,1,1,0.21,1,,,,,,,,,,,,,,,,,,,,,,,,,,,,,,,,,,,,,,,,,3385,渡邉 睦広,63期,東京,神奈川,57,A2,,0,0,0.16,5.52,40.3,54.1,5.97,46.5,60.4,0,21,40.9,70.4,0,10,29.2,41.4,9,3,4,4,0.18,4,8,1,1,0.16,2,6,2,2,0.05,1,,,,,,3,5,6,0.07,6,12,3,3,0.18,5,,,,,,,,,,,,,,,,,,,,,,,,,,,,,,,,,,,,,,,,,5449,堀井 涼平,138期,東京,長野,23,B2,賞除,1,0,0.0,1.58,6.4,6.4,0.0,0.0,0.0,0,44,16.0,40.0,0,21,19.3,45.1,,4,6,6,0.08,6,,,,,,1,6,6,0.09,6,6,6,5,0.01,F,6,6,6,0.23,6,,,,,,,,,,,,,,,,,,,,,,,,,,,,,,,,,,,,,,,,,,,,,
202608140404,2026-08-14,04,04R,5175,島崎 丈一朗,127期,東京,東京,22,B1,,0,0,0.18,5.16,26.0,56.1,4.91,28.3,47.1,0,52,30.7,41.0,0,52,51.1,67.4,,2,4,4,0.15,3,11,6,6,0.06,4,4,6,5,0.26,4,,,,,,4,3,3,0.06,6,12,2,2,0.24,6,,,,,,,,,,,,,,,,,,,,,,,,,,,,,,,,,,,,,,,,,4283,石井 裕美,94期,東京,千葉,42,B1,,0,0,0.17,3.89,9.8,36.6,3.33,0.0,22.2,0,33,42.5,62.5,0,45,42.8,54.7,11,1,1,1,0.31,3,6,4,4,0.34,5,2,3,3,0.14,4,,,,,,,,,,,9,5,5,0.27,5,,,,,,,,,,,,,,,,,,,,,,,,,,,,,,,,,,,,,,,,,5228,若林 樹蘭,129期,東京,山梨,23,A2,,1,0,0.17,5.55,33.3,52.5,6.18,50.0,63.6,0,19,35.5,53.3,0,18,33.3,48.1,9,,,,,,9,1,1,0.13,3,1,3,3,0.13,3,11,4,4,0.04,4,6,5,5,0.13,4,10,2,2,0.07,4,,,,,,,,,,,,,,,,,,,,,,,,,,,,,,,,,,,,,,,,,4496,内堀 学,102期,東京,東京,39,A1,,1,0,0.16,6.63,52.1,69.5,6.94,57.9,72.4,0,27,35.5,42.2,0,54,32.5,51.1,,2,1,1,0.21,2,12,5,5,0.24,3,3,2,3,0.22,1,9,2,2,0.26,3,5,2,2,0.15,4,11,3,3,0.18,4,,,,,,,,,,,,,,,,,,,,,,,,,,,,,,,,,,,,,,,,,3826,村田 修次,78期,東京,東京,53,A2,,0,0,0.15,6.3,45.5,69.9,5.91,36.3,47.7,0,61,43.9,60.9,0,24,41.6,52.7,12,,,,,,10,2,2,0.1,1,7,4,4,0.09,4,12,3,3,0.08,2,5,4,5,0.2,2,10,1,1,0.08,2,,,,,,,,,,,,,,,,,,,,,,,,,,,,,,,,,,,,,,,,,3353,前田 光昭,62期,埼玉,埼玉,58,B1,,0,0,0.17,2.93,8.5,17.1,4.83,50.0,50.0,0,36,46.1,69.2,0,37,30.2,39.5,8,6,1,1,0.25,4,,,,,,6,4,4,0.06,4,11,6,5,0.08,6,,,,,,8,3,3,0.13,3,,,,,,,,,,,,,,,,,,,,,,,,,,,,,,,,,,,,,,,,
202608140405,2026-08-14,04,05R,3463,乙津 康志,66期,東京,東京,59,B1,,0,0,0.19,4.56,20.8,46.1,5.11,27.6,53.1,0,50,58.1,79.0,0,34,20.0,46.6,,,,,,,7,2,2,0.16,2,3,1,1,0.21,3,10,4,4,0.12,3,6,3,3,0.06,1,11,5,6,0.19,2,,,,,,,,,,,,,,,,,,,,,,,,,,,,,,,,,,,,,,,,,4680,後藤 美翼,109期,東京,東京,36,A2,,0,0,0.21,5.35,32.3,53.3,5.5,38.0,52.0,0,66,21.2,42.4,0,70,51.5,75.7,10,1,4,5,0.24,1,10,1,1,0.12,2,,,,,,10,3,3,0.15,4,4,1,2,0.07,1,9,2,4,0.32,6,,,,,,,,,,,,,,,,,,,,,,,,,,,,,,,,,,,,,,,,,3966,作間 章,82期,東京,千葉,47,A1,,0,0,0.17,6.53,44.8,67.2,7.28,57.6,78.8,0,37,32.5,48.8,0,31,13.5,21.6,11,6,5,6,0.17,3,12,3,3,0.47,5,,,,,,8,4,4,0.19,2,6,2,2,0.05,5,12,1,1,0.23,4,,,,,,,,,,,,,,,,,,,,,,,,,,,,,,,,,,,,,,,,,5415,阿部 未侑,136期,東京,山形,20,B2,,0,0,0.24,1.04,0.0,0.0,1.0,0.0,0.0,0,47,34.1,48.7,0,19,33.3,52.7,,1,6,6,0.35,4,,,,,,4,5,4,0.46,6,9,5,5,0.34,5,1,6,5,0.04,4,7,6,6,0.19,6,,,,,,,,,,,,,,,,,,,,,,,,,,,,,,,,,,,,,,,,,4619,伏田 裕隆,107期,東京,千葉,43,B1,,0,0,0.17,5.59,41.1,53.2,5.71,38.2,61.7,0,64,29.0,45.1,0,41,38.8,58.3,12,3,6,6,0.32,6,9,6,5,0.03,1,3,3,4,0.42,5,,,,,,,,,,,7,5,5,0.12,5,,,,,,,,,,,,,,,,,,,,,,,,,,,,,,,,,,,,,,,,,4895,門間 雄大,117期,東京,北海道,35,A2,,0,0,0.15,5.13,25.0,48.8,5.36,24.5,54.1,0,17,32.5,39.5,0,49,19.0,35.7,1,6,2,2,0.16,1,11,4,4,0.07,6,,,,,,7,5,5,0.04,3,1,3,3,0.01,3,9,1,1,0.24,4,,,,,,,,,,,,,,,,,,,,,,,,,,,,,,,,,,,,,,,,
202608140406,2026-08-14,04,06R,4152,深水 慎一郎,90期,東京,神奈川,46,A2,,0,0,0.18,5.32,39.7,46.5,5.76,39.3,54.5,0,62,41.9,61.2,0,32,31.7,48.7,1,4,3,3,0.12,2,10,5,6,0.11,4,,,,,,8,1,1,0.09,1,7,2,2,0.1,3,11,4,4,0.19,6,,,,,,,,,,,,,,,,,,,,,,,,,,,,,,,,,,,,,,,,,3319,山崎 義明,61期,埼玉,埼玉,59,A2,,0,0,0.16,5.7,40.3,62.2,5.36,38.1,52.3,0,69,16.0,40.0,0,12,25.5,48.8,11,4,4,4,0.18,4,9,2,2,0.12,2,,,,,,9,1,1,0.27,4,5,3,3,0.16,1,12,5,5,0.19,2,,,,,,,,,,,,,,,,,,,,,,,,,,,,,,,,,,,,,,,,,4759,今泉 友吾,112期,東京,東京,36,A1,,0,0,0.16,7.05,49.1,71.4,6.99,52.9,71.5,0,34,13.7,44.8,0,30,33.3,55.5,12,5,3,3,0.08,2,12,1,1,0.18,4,,,,,,11,5,6,0.09,3,3,2,2,0.13,2,8,4,4,0.22,2,,,,,,,,,,,,,,,,,,,,,,,,,,,,,,,,,,,,,,,,,4728,山口 亮,111期,東京,神奈川,38,B1,,1,0,0.18,4.0,19.4,33.7,5.54,42.0,60.0,0,35,16.6,26.6,0,17,29.4,44.1,,3,5,5,0.23,5,10,3,3,0.14,3,4,1,1,0.19,2,,,,,,2,2,2,0.28,4,9,6,6,0.25,3,,,,,,,,,,,,,,,,,,,,,,,,,,,,,,,,,,,,,,,,,3992,関口 智久,83期,埼玉,埼玉,47,B1,,1,0,0.14,5.46,35.8,52.2,5.73,40.0,53.3,0,32,22.5,32.2,0,46,30.7,38.4,10,2,3,3,0.15,5,7,4,4,0.2,3,,,,,,7,6,6,0.14,5,6,1,1,0.11,3,,,,,,,,,,,,,,,,,,,,,,,,,,,,,,,,,,,,,,,,,,,,,,5047,國分 将太郎,123期,東京,福島,32,B1,,0,0,0.17,5.69,34.0,57.4,5.11,32.3,46.1,0,63,21.2,33.3,0,25,51.4,60.0,,6,3,3,0.12,6,,,,,,1,1,1,0.11,2,7,2,2,0.14,2,2,4,4,0.19,2,11,6,5,0.24,1,,,,,,,,,,,,,,,,,,,,,,,,,,,,,,,,,,,,,,,,
202608140407,2026-08-14,04,07R,5226,藤田 俊祐,129期,東京,東京,24,B1,,0,0,0.16,5.24,28.5,52.3,5.45,41.9,48.3,0,58,44.4,60.0,0,71,38.8,52.7,2,2,2,2,0.14,1,8,6,5,0.19,3,5,1,1,0.12,1,,,,,,2,3,3,0.09,1,12,6,6,0.28,3,,,,,,,,,,,,,,,,,,,,,,,,,,,,,,,,,,,,,,,,,4676,後藤 隼之,109期,東京,東京,38,A2,,1,0,0.17,5.09,25.2,53.5,5.12,29.2,43.9,0,39,15.3,42.3,0,28,35.9,64.1,12,,,,,,7,1,1,0.14,4,4,4,6,0.27,3,11,3,3,0.05,2,6,4,4,0.11,2,,,,,,,,,,,,,,,,,,,,,,,,,,,,,,,,,,,,,,,,,,,,,,4191,赤羽 克也,91期,埼玉,埼玉,45,A1,,0,0,0.16,6.5,51.1,67.7,5.2,28.0,28.0,0,23,43.1,70.4,0,13,33.3,41.6,11,,,,,,10,4,4,0.11,5,5,2,2,0.14,5,11,1,1,0.06,1,4,6,6,0.21,5,10,6,5,0.08,5,,,,,,,,,,,,,,,,,,,,,,,,,,,,,,,,,,,,,,,,,5253,藤井 太雅,130期,東京,東京,23,B2,,1,0,0.27,3.16,7.8,18.4,3.81,20.2,29.7,0,18,42.8,64.2,0,33,38.4,51.2,1,,,,,,8,5,6,0.14,4,2,2,2,0.18,5,9,3,3,0.32,6,3,1,1,0.2,3,,,,,,,,,,,,,,,,,,,,,,,,,,,,,,,,,,,,,,,,,,,,,,4104,木下 陽介,88期,東京,東京,46,B1,,0,0,0.15,4.04,22.6,35.7,4.71,30.9,41.8,0,30,45.1,64.7,0,14,34.3,53.1,,5,1,1,0.13,1,,,,,,5,5,5,0.05,3,12,4,4,0.1,4,3,3,3,0.09,1,9,3,2,0.27,2,,,,,,,,,,,,,,,,,,,,,,,,,,,,,,,,,,,,,,,,,5422,真田 聖也,137期,埼玉,埼玉,24,B2,,2,0,0.14,1.3,2.1,2.1,1.28,0.0,0.0,0,40,48.8,68.8,0,15,27.7,50.0,,5,6,6,0.21,4,,,,,,2,6,6,0.32,6,8,6,5,0.17,6,2,6,6,0.22,5,8,6,5,0.28,6,,,,,,,,,,,,,,,,,,,,,,,,,,,,,,,,,,,,,,,,
202608140408,2026-08-14,04,08R,4460,後藤 翔之,101期,東京,東京,40,A2,,0,0,0.14,5.81,37.5,60.5,5.96,42.2,59.1,0,24,20.8,37.5,0,47,16.1,25.8,,3,3,3,0.06,2,11,5,5,0.01,2,1,2,2,0.16,1,9,4,4,0.17,1,1,5,6,0.04,2,11,2,2,0.2,3,,,,,,,,,,,,,,,,,,,,,,,,,,,,,,,,,,,,,,,,,3353,前田 光昭,62期,埼玉,埼玉,58,B1,,0,0,0.17,2.93,8.5,17.1,4.83,50.0,50.0,0,36,46.1,69.2,0,37,30.2,39.5,4,6,1,1,0.25,4,,,,,,6,4,4,0.06,4,11,6,5,0.08,6,,,,,,8,3,3,0.13,3,,,,,,,,,,,,,,,,,,,,,,,,,,,,,,,,,,,,,,,,,3857,阿波 勝哉,79期,東京,東京,53,B1,,0,0,0.21,4.68,29.6,41.9,4.84,28.3,47.7,0,45,20.0,24.0,0,62,28.2,56.5,3,5,2,2,0.16,5,10,6,5,0.14,6,,,,,,9,6,6,0.33,2,4,2,1,0.06,3,,,,,,,,,,,,,,,,,,,,,,,,,,,,,,,,,,,,,,,,,,,,,,3256,三角 哲男,58期,東京,千葉,59,A1,,0,0,0.15,6.22,47.8,62.6,6.64,44.4,70.8,0,46,43.3,60.0,0,26,25.7,42.8,2,7,6,6,0.11,1,12,2,2,0.25,1,6,3,3,0.05,2,12,1,1,0.07,1,,,,,,9,4,3,0.13,1,,,,,,,,,,,,,,,,,,,,,,,,,,,,,,,,,,,,,,,,,5436,市川 瑚幸,137期,東京,神奈川,21,B2,,0,0,0.22,1.39,0.0,1.4,1.45,0.0,3.2,0,22,20.6,34.4,0,43,38.6,65.9,1,1,5,4,0.25,転,7,5,5,0.17,6,5,6,6,0.14,6,,,,,,5,6,4,0.46,6,,,,,,,,,,,,,,,,,,,,,,,,,,,,,,,,,,,,,,,,,,,,,,5135,仲 航太,126期,東京,神奈川,26,B1,賞除,1,0,0.19,5.42,40.9,53.0,5.56,38.5,55.7,0,25,40.9,68.1,0,22,29.7,45.9,,4,5,5,0.2,3,11,2,2,0.05,1,5,4,4,0.07,2,,,,,,1,1,1,0.02,F,10,3,3,0.09,3,,,,,,,,,,,,,,,,,,,,,,,,,,,,,,,,,,,,,,,,
202608140409,2026-08-14,04,09R,3385,渡邉 睦広,63期,東京,神奈川,57,A2,,0,0,0.16,5.52,40.3,54.1,5.97,46.5,60.4,0,21,40.9,70.4,0,10,29.2,41.4,3,3,4,4,0.18,4,8,1,1,0.16,2,6,2,2,0.05,1,,,,,,3,5,6,0.07,6,12,3,3,0.18,5,,,,,,,,,,,,,,,,,,,,,,,,,,,,,,,,,,,,,,,,,4488,小山 勉,102期,埼玉,埼玉,40,A1,,0,0,0.17,6.82,55.5,74.0,5.0,35.7,50.0,0,70,14.2,21.4,0,35,42.8,52.3,,3,2,2,0.09,1,12,6,6,0.31,2,5,3,3,0.11,4,10,5,5,0.13,6,2,1,1,0.11,3,7,4,4,0.11,2,,,,,,,,,,,,,,,,,,,,,,,,,,,,,,,,,,,,,,,,,4813,宮内 直哉,114期,東京,東京,36,B1,,1,0,0.18,3.96,14.7,30.8,3.63,17.0,26.8,0,43,46.6,60.0,0,29,41.3,58.6,,3,1,1,0.13,3,,,,,,2,5,5,0.31,2,11,2,2,0.06,5,1,4,4,0.21,5,5,5,6,0.21,3,,,,,,,,,,,,,,,,,,,,,,,,,,,,,,,,,,,,,,,,,4211,村田 敦,91期,東京,神奈川,43,B1,,0,0,0.15,4.6,28.2,45.6,4.39,22.2,41.6,0,56,17.8,25.0,0,27,20.0,40.0,2,,,,,,7,3,3,0.15,5,1,5,5,0.19,4,8,2,2,0.15,4,5,1,1,0.15,5,,,,,,,,,,,,,,,,,,,,,,,,,,,,,,,,,,,,,,,,,,,,,,4484,稲生 夏季,101期,東京,東京,36,B1,,0,0,0.21,4.76,21.6,43.2,3.7,11.1,25.9,0,59,21.7,39.1,0,73,35.7,60.7,1,1,3,3,0.31,2,9,5,6,0.08,6,,,,,,7,1,1,0.14,6,,,,,,8,2,2,0.96,5,,,,,,,,,,,,,,,,,,,,,,,,,,,,,,,,,,,,,,,,,5228,若林 樹蘭,129期,東京,山梨,23,A2,,1,0,0.17,5.55,33.3,52.5,6.18,50.0,63.6,0,19,35.5,53.3,0,18,33.3,48.1,4,,,,,,9,1,1,0.13,3,1,3,3,0.13,3,11,4,4,0.04,4,6,5,5,0.13,4,10,2,2,0.07,4,,,,,,,,,,,,,,,,,,,,,,,,,,,,,,,,,,,,,,,,
202608140410,2026-08-14,04,10R,4297,山田 哲也,95期,東京,千葉,43,A1,,1,0,0.11,6.36,47.3,64.2,5.92,39.3,53.0,0,12,61.5,75.0,0,51,42.2,51.1,3,4,2,2,0.08,1,12,4,4,0.19,6,2,1,1,0.13,1,7,3,3,0.14,1,,,,,,10,4,6,0.09,1,,,,,,,,,,,,,,,,,,,,,,,,,,,,,,,,,,,,,,,,,3992,関口 智久,83期,埼玉,埼玉,47,B1,,1,0,0.14,5.46,35.8,52.2,5.73,40.0,53.3,0,32,22.5,32.2,0,46,30.7,38.4,6,2,3,3,0.15,5,7,4,4,0.2,3,,,,,,7,6,6,0.14,5,6,1,1,0.11,3,,,,,,,,,,,,,,,,,,,,,,,,,,,,,,,,,,,,,,,,,,,,,,4779,伊倉 光,113期,東京,神奈川,40,B1,,0,0,0.18,5.44,30.2,55.8,4.46,20.5,39.7,0,29,47.7,52.2,0,74,33.3,60.6,,2,5,5,0.16,4,9,4,4,0.07,4,6,1,1,0.03,3,,,,,,1,2,2,0.04,1,8,5,6,0.25,4,,,,,,,,,,,,,,,,,,,,,,,,,,,,,,,,,,,,,,,,,5005,石田 貴洋,121期,埼玉,埼玉,30,A1,,0,0,0.15,6.25,41.9,69.1,5.0,20.0,50.0,0,60,52.3,66.6,0,55,36.3,59.0,,5,5,5,0.04,3,11,1,1,0.07,3,6,5,6,0.02,5,10,2,2,0.15,1,7,3,3,0.17,4,12,4,4,0.1,1,,,,,,,,,,,,,,,,,,,,,,,,,,,,,,,,,,,,,,,,,4680,後藤 美翼,109期,東京,東京,36,A2,,0,0,0.21,5.35,32.3,53.3,5.5,38.0,52.0,0,66,21.2,42.4,0,70,51.5,75.7,5,1,4,5,0.24,1,10,1,1,0.12,2,,,,,,10,3,3,0.15,4,4,1,2,0.07,1,9,2,4,0.32,6,,,,,,,,,,,,,,,,,,,,,,,,,,,,,,,,,,,,,,,,,4560,庄司 樹良々,104期,東京,東京,35,A2,,1,0,0.15,5.6,30.1,59.1,5.87,38.2,60.2,0,57,9.0,27.2,0,75,31.2,46.8,1,,,,,,9,3,3,0.11,5,4,2,2,0.19,5,10,1,1,0.12,2,3,4,4,0.09,5,,,,,,,,,,,,,,,,,,,,,,,,,,,,,,,,,,,,,,,,,,,,,
202608140411,2026-08-14,04,11R,3966,作間 章,82期,東京,千葉,47,A1,,0,0,0.17,6.53,44.8,67.2,7.28,57.6,78.8,0,37,32.5,48.8,0,31,13.5,21.6,5,6,5,6,0.17,3,12,3,3,0.47,5,,,,,,8,4,4,0.19,2,6,2,2,0.05,5,12,1,1,0.23,4,,,,,,,,,,,,,,,,,,,,,,,,,,,,,,,,,,,,,,,,,4053,芦澤 望,86期,東京,千葉,48,A2,,1,0,0.16,5.3,34.8,55.8,5.57,43.2,54.0,0,26,35.0,55.0,0,50,23.2,48.8,3,,,,,,11,3,3,0.07,5,3,4,5,0.27,2,12,2,2,0.08,3,,,,,,8,1,1,0.21,1,,,,,,,,,,,,,,,,,,,,,,,,,,,,,,,,,,,,,,,,,4421,森作 広大,99期,東京,茨城,38,B1,,0,0,0.19,3.05,3.3,20.0,4.14,18.0,36.0,0,73,35.7,50.0,0,20,38.4,58.9,2,4,1,1,0.09,5,,,,,,3,5,6,0.3,4,8,3,3,0.11,3,4,4,4,0.09,4,,,,,,,,,,,,,,,,,,,,,,,,,,,,,,,,,,,,,,,,,,,,,,4191,赤羽 克也,91期,埼玉,埼玉,45,A1,,0,0,0.16,6.5,51.1,67.7,5.2,28.0,28.0,0,23,43.1,70.4,0,13,33.3,41.6,7,,,,,,10,4,4,0.11,5,5,2,2,0.14,5,11,1,1,0.06,1,4,6,6,0.21,5,10,6,5,0.08,5,,,,,,,,,,,,,,,,,,,,,,,,,,,,,,,,,,,,,,,,,4283,石井 裕美,94期,東京,千葉,42,B1,,0,0,0.17,3.89,9.8,36.6,3.33,0.0,22.2,0,33,42.5,62.5,0,45,42.8,54.7,4,1,1,1,0.31,3,6,4,4,0.34,5,2,3,3,0.14,4,,,,,,,,,,,9,5,5,0.27,5,,,,,,,,,,,,,,,,,,,,,,,,,,,,,,,,,,,,,,,,,3319,山崎 義明,61期,埼玉,埼玉,59,A2,,0,0,0.16,5.7,40.3,62.2,5.36,38.1,52.3,0,69,16.0,40.0,0,12,25.5,48.8,6,4,4,4,0.18,4,9,2,2,0.12,2,,,,,,9,1,1,0.27,4,5,3,3,0.16,1,12,5,5,0.19,2,,,,,,,,,,,,,,,,,,,,,,,,,,,,,,,,,,,,,,,,
202608140412,2026-08-14,04,12R,4759,今泉 友吾,112期,東京,東京,36,A1,,0,0,0.16,7.05,49.1,71.4,6.99,52.9,71.5,0,34,13.7,44.8,0,30,33.3,55.5,6,5,3,3,0.08,2,12,1,1,0.18,4,,,,,,11,5,6,0.09,3,3,2,2,0.13,2,8,4,4,0.22,2,,,,,,,,,,,,,,,,,,,,,,,,,,,,,,,,,,,,,,,,,3826,村田 修次,78期,東京,東京,53,A2,,0,0,0.15,6.3,45.5,69.9,5.91,36.3,47.7,0,61,43.9,60.9,0,24,41.6,52.7,4,,,,,,10,2,2,0.1,1,7,4,4,0.09,4,12,3,3,0.08,2,5,4,5,0.2,2,10,1,1,0.08,2,,,,,,,,,,,,,,,,,,,,,,,,,,,,,,,,,,,,,,,,,4036,金田 諭,85期,埼玉,埼玉,47,A1,,0,0,0.16,6.56,45.1,72.5,6.93,60.0,75.5,0,16,32.4,40.5,0,72,31.0,65.5,3,,,,,,8,4,4,0.07,1,4,3,3,0.17,1,12,5,6,0.11,6,4,5,5,0.15,2,11,1,1,0.2,5,,,,,,,,,,,,,,,,,,,,,,,,,,,,,,,,,,,,,,,,,5365,石村 日奈那,135期,東京,東京,25,B1,,1,0,0.19,2.32,6.7,9.4,2.09,0.0,8.5,0,38,42.8,52.3,0,44,34.1,48.7,2,1,2,2,0.41,5,8,3,3,0.15,6,,,,,,8,5,6,0.19,5,,,,,,7,1,1,0.16,1,,,,,,,,,,,,,,,,,,,,,,,,,,,,,,,,,,,,,,,,,4676,後藤 隼之,109期,東京,東京,38,A2,,1,0,0.17,5.09,25.2,53.5,5.12,29.2,43.9,0,39,15.3,42.3,0,28,35.9,64.1,7,,,,,,7,1,1,0.14,4,4,4,6,0.27,3,11,3,3,0.05,2,6,4,4,0.11,2,,,,,,,,,,,,,,,,,,,,,,,,,,,,,,,,,,,,,,,,,,,,,,4619,伏田 裕隆,107期,東京,千葉,43,B1,,0,0,0.17,5.59,41.1,53.2,5.71,38.2,61.7,0,64,29.0,45.1,0,41,38.8,58.3,5,3,6,6,0.32,6,9,6,5,0.03,1,3,3,4,0.42,5,,,,,,,,,,,7,5,5,0.12,5,,,,,,,,,,,,,,,,,,,,,,,,,,,,,,,,,,,,,,,,
202608140601,2026-08-14,06,01R,4216,星 栄爾,91期,静岡,福島,41,B1,,0,0,0.15,4.79,25.5,51.0,5.61,38.0,57.0,0,8,28.9,43.3,0,58,36.9,52.8,10,1,5,5,0.14,3,,,,,,1,6,6,0.32,6,7,3,3,0.13,6,6,5,4,0.16,4,,,,,,,,,,,,,,,,,,,,,,,,,,,,,,,,,,,,,,,,,,,,,,5378,鈴木 結平太,135期,静岡,愛知,22,B2,,1,0,0.21,1.8,1.5,6.1,1.51,0.0,2.7,0,40,35.9,48.3,0,29,37.1,53.6,5,3,6,4,0.23,6,8,3,3,0.11,6,6,5,5,0.19,6,,,,,,1,1,1,0.16,5,,,,,,,,,,,,,,,,,,,,,,,,,,,,,,,,,,,,,,,,,,,,,,4058,野末 智一,86期,静岡,静岡,47,A1,,0,0,0.19,6.02,43.0,60.9,6.08,40.0,71.0,0,38,36.0,53.4,0,68,35.6,55.7,11,7,3,3,0.14,1,12,5,5,0.09,6,2,4,4,0.09,4,8,1,1,0.2,1,5,5,6,0.17,2,,,,,,,,,,,,,,,,,,,,,,,,,,,,,,,,,,,,,,,,,,,,,,4918,川島 拓郎,118期,静岡,静岡,37,B1,,1,0,0.16,4.73,28.2,44.5,4.3,23.4,34.3,0,56,32.0,57.6,0,23,34.1,50.5,8,5,5,5,0.16,6,,,,,,1,3,3,0.18,4,6,1,1,0.31,5,5,6,4,0.17,4,,,,,,,,,,,,,,,,,,,,,,,,,,,,,,,,,,,,,,,,,,,,,,5432,安藤 瑠希,137期,静岡,静岡,21,B1,,0,0,0.17,3.08,9.4,20.2,2.11,5.7,5.7,0,18,30.3,40.5,0,48,37.8,52.5,,2,6,4,0.09,6,10,6,6,0.14,4,4,5,5,0.04,3,,,,,,1,5,5,0.04,4,7,4,4,0.08,4,,,,,,,,,,,,,,,,,,,,,,,,,,,,,,,,,,,,,,,,,3956,横澤 剛治,82期,静岡,静岡,49,A2,,0,0,0.17,6.24,42.7,60.1,6.6,46.3,64.2,0,10,38.5,54.2,0,65,34.3,53.8,6,,,,,,7,2,1,0.13,6,1,4,4,0.16,5,9,5,5,0.2,6,,,,,,9,4,3,0.17,5,,,,,,,,,,,,,,,,,,,,,,,,,,,,,,,,,,,,,,,,
202608140602,2026-08-14,06,02R,4984,森下 愛梨,120期,静岡,静岡,29,B1,,0,0,0.21,4.51,26.2,40.0,5.25,33.3,52.7,0,26,43.4,58.7,0,59,32.8,48.2,,4,3,3,0.29,5,9,6,6,0.15,5,1,5,5,0.29,3,,,,,,1,2,2,0.09,2,10,4,4,0.11,3,,,,,,,,,,,,,,,,,,,,,,,,,,,,,,,,,,,,,,,,,5294,豊田 祥生,132期,静岡,静岡,24,B1,,0,0,0.17,3.51,18.8,24.6,2.81,11.6,19.4,0,49,32.9,50.0,0,17,37.8,56.5,,1,6,6,0.18,4,6,5,4,0.1,4,,,,,,8,3,3,0.11,5,2,1,1,0.19,5,7,5,5,0.18,5,,,,,,,,,,,,,,,,,,,,,,,,,,,,,,,,,,,,,,,,,3489,大場 敏,67期,静岡,静岡,59,A2,,0,0,0.16,5.94,41.6,56.0,6.08,40.8,63.4,0,66,33.3,52.0,0,70,30.2,51.2,8,,,,,,10,4,4,0.1,2,3,2,2,0.18,2,10,5,5,0.15,4,3,3,3,0.19,1,12,6,6,0.24,5,,,,,,,,,,,,,,,,,,,,,,,,,,,,,,,,,,,,,,,,,3502,渡邉 英児,67期,静岡,静岡,57,A2,,0,0,0.16,5.9,39.3,66.6,5.95,42.0,60.5,0,37,43.2,58.0,0,62,36.4,51.2,10,,,,,,8,1,1,0.06,1,5,5,5,0.12,1,11,2,2,0.12,3,7,3,3,0.2,6,11,3,4,0.2,2,,,,,,,,,,,,,,,,,,,,,,,,,,,,,,,,,,,,,,,,,3156,金子 良昭,54期,静岡,静岡,61,B1,,0,0,0.17,4.28,24.1,36.7,5.06,35.4,46.0,0,29,32.9,50.6,0,72,33.5,52.0,7,,,,,,7,4,4,0.19,4,4,2,2,0.1,5,10,3,3,0.07,5,5,1,1,0.15,6,,,,,,,,,,,,,,,,,,,,,,,,,,,,,,,,,,,,,,,,,,,,,,4933,板橋 侑我,118期,静岡,静岡,30,A2,,0,0,0.14,6.11,33.7,53.0,5.89,42.7,57.2,0,45,40.9,57.8,0,50,35.1,54.7,9,6,2,2,0.05,2,,,,,,5,3,3,0.14,4,12,5,5,0.09,5,8,1,1,0.06,4,12,4,4,0.17,6,,,,,,,,,,,,,,,,,,,,,,,,,,,,,,,,,,,,,,,,
202608140603,2026-08-14,06,03R,5076,石原 光,124期,静岡,静岡,30,B1,,0,0,0.17,4.94,33.3,45.6,4.98,32.1,50.6,0,6,31.0,51.3,0,13,29.8,47.1,,3,5,6,0.13,4,10,3,3,0.0,1,,,,,,8,2,2,0.19,4,2,4,4,0.08,2,12,5,5,0.19,4,,,,,,,,,,,,,,,,,,,,,,,,,,,,,,,,,,,,,,,,,4793,金子 萌,113期,静岡,静岡,36,A2,,0,0,0.14,6.48,49.0,65.7,5.82,40.6,58.2,0,61,43.1,65.9,0,76,35.3,49.7,9,6,3,3,0.01,1,,,,,,7,2,2,0.1,4,12,6,6,0.14,3,3,4,4,0.18,3,11,1,1,0.11,1,,,,,,,,,,,,,,,,,,,,,,,,,,,,,,,,,,,,,,,,,3909,佐々木 康幸,81期,静岡,静岡,52,A1,,0,0,0.12,6.69,51.7,68.1,7.04,57.0,74.8,0,20,44.5,63.8,0,51,28.7,41.9,8,6,4,6,0.03,3,12,2,2,0.05,2,,,,,,11,1,1,0.09,1,2,5,5,0.06,3,10,1,1,0.14,1,,,,,,,,,,,,,,,,,,,,,,,,,,,,,,,,,,,,,,,,,5385,鈴木 柊介,135期,静岡,静岡,21,B1,,0,0,0.14,2.39,2.9,11.9,2.1,3.4,6.9,0,19,37.2,53.4,0,41,31.0,52.1,7,1,4,3,0.12,6,9,5,5,0.07,6,5,2,2,0.17,6,,,,,,4,6,6,0.16,6,,,,,,,,,,,,,,,,,,,,,,,,,,,,,,,,,,,,,,,,,,,,,,4625,渡邊 裕貴,107期,静岡,静岡,40,B1,,0,0,0.17,5.28,32.1,46.9,5.23,34.5,50.0,0,14,33.3,57.6,0,56,34.3,49.2,12,5,2,2,0.13,5,,,,,,2,1,1,0.04,1,9,3,3,0.23,3,,,,,,8,6,6,0.07,2,,,,,,,,,,,,,,,,,,,,,,,,,,,,,,,,,,,,,,,,,3987,後藤 正宗,83期,静岡,静岡,48,A1,賞除,1,0,0.17,5.96,42.0,60.0,5.75,33.8,59.5,0,57,28.5,38.9,0,27,29.9,46.7,,,,,,,10,1,1,0.02,F,6,6,6,0.13,3,,,,,,,,,,,7,6,6,0.29,2,,,,,,,,,,,,,,,,,,,,,,,,,,,,,,,,,,,,,,,,
202608140604,2026-08-14,06,04R,3422,服部 幸男,64期,静岡,静岡,55,A2,,0,0,0.14,6.23,44.5,57.2,6.86,51.3,68.9,0,58,28.3,47.3,0,43,31.1,47.7,12,3,3,3,0.06,3,11,1,1,0.11,2,2,2,2,0.07,2,12,4,4,0.19,6,,,,,,9,6,6,0.11,3,,,,,,,,,,,,,,,,,,,,,,,,,,,,,,,,,,,,,,,,,3796,長野 道臣,77期,静岡,静岡,53,B1,,0,0,0.17,4.34,26.6,36.1,5.26,36.4,48.9,0,9,30.8,39.5,0,47,35.2,47.1,10,,,,,,9,3,2,0.08,4,4,3,3,0.07,4,9,6,6,0.21,5,,,,,,9,2,1,0.37,6,,,,,,,,,,,,,,,,,,,,,,,,,,,,,,,,,,,,,,,,,4740,齋藤 達希,111期,静岡,静岡,34,B1,,0,0,0.17,4.63,22.5,44.0,5.1,31.9,47.2,0,32,40.4,55.0,0,12,38.9,53.3,,6,1,1,0.13,6,11,5,5,0.24,5,,,,,,7,6,6,0.16,5,1,4,4,0.1,1,8,2,2,0.06,5,,,,,,,,,,,,,,,,,,,,,,,,,,,,,,,,,,,,,,,,,5434,藤田 康生,137期,静岡,静岡,21,B1,,1,0,0.16,3.33,11.9,25.0,2.68,2.9,14.7,0,7,37.9,48.1,0,66,37.6,56.7,8,6,6,5,0.08,5,,,,,,3,4,4,0.25,4,8,6,6,0.19,3,5,4,5,0.14,5,,,,,,,,,,,,,,,,,,,,,,,,,,,,,,,,,,,,,,,,,,,,,,5248,本田 愛,130期,静岡,静岡,24,B1,,0,0,0.2,4.69,25.5,47.7,4.25,21.5,36.5,0,16,31.5,46.0,0,69,33.3,50.0,11,4,2,2,0.25,2,,,,,,2,3,3,0.08,3,10,4,4,0.1,6,3,1,1,0.26,2,,,,,,,,,,,,,,,,,,,,,,,,,,,,,,,,,,,,,,,,,,,,,,5174,川井 萌,127期,静岡,静岡,24,B2,,1,0,0.19,5.36,28.2,53.8,6.12,42.4,60.4,0,54,29.1,48.1,0,18,38.7,57.5,9,4,6,4,0.33,4,,,,,,1,1,1,0.16,1,8,5,5,0.21,6,6,4,3,0.2,5,,,,,,,,,,,,,,,,,,,,,,,,,,,,,,,,,,,,,,,,,,,,,
202608140605,2026-08-14,06,05R,4131,原 豊土,89期,静岡,愛知,46,B1,,0,0,0.17,5.85,39.1,59.1,6.31,46.4,65.4,0,22,39.2,64.5,0,24,36.4,49.2,9,,,,,,7,5,5,0.11,2,2,6,6,0.16,6,11,3,3,0.13,2,4,2,2,0.17,2,,,,,,,,,,,,,,,,,,,,,,,,,,,,,,,,,,,,,,,,,,,,,,4076,杉田 篤光,87期,静岡,静岡,48,B1,,0,0,0.21,4.84,26.1,46.9,5.19,33.3,44.0,0,59,29.7,44.5,0,14,36.2,53.5,,2,4,3,0.1,2,8,6,6,0.11,5,3,1,1,0.17,1,,,,,,4,4,4,0.25,3,11,5,5,0.23,4,,,,,,,,,,,,,,,,,,,,,,,,,,,,,,,,,,,,,,,,,4581,吉村 誠,105期,静岡,静岡,37,A1,,1,0,0.14,6.29,46.8,63.0,5.58,37.7,54.7,0,55,46.9,66.2,0,34,37.6,55.7,,1,3,4,0.19,2,7,6,6,0.12,5,4,1,1,0.06,1,12,3,3,0.04,4,6,2,2,0.11,1,10,5,5,0.1,2,,,,,,,,,,,,,,,,,,,,,,,,,,,,,,,,,,,,,,,,,5269,山口 晃朋,131期,静岡,静岡,25,A2,,0,0,0.16,5.8,41.2,52.5,4.95,30.9,44.0,0,2,41.3,57.3,0,53,33.3,51.0,12,3,4,5,0.04,2,9,1,1,0.11,1,6,3,3,0.14,2,,,,,,5,2,2,0.13,1,11,6,6,0.19,5,,,,,,,,,,,,,,,,,,,,,,,,,,,,,,,,,,,,,,,,,3959,坪井 康晴,82期,静岡,静岡,48,A1,,0,0,0.13,7.08,47.2,66.3,6.85,51.4,70.9,0,48,38.8,54.1,0,45,41.4,53.0,10,,,,,,11,4,4,0.12,1,3,6,6,0.29,6,12,2,2,0.09,1,5,3,3,0.16,3,12,1,1,0.18,1,,,,,,,,,,,,,,,,,,,,,,,,,,,,,,,,,,,,,,,,,5378,鈴木 結平太,135期,静岡,愛知,22,B2,,1,0,0.21,1.8,1.5,6.1,1.51,0.0,2.7,0,40,35.9,48.3,0,29,37.1,53.6,1,3,6,4,0.23,6,8,3,3,0.11,6,6,5,5,0.19,6,,,,,,1,1,1,0.16,5,,,,,,,,,,,,,,,,,,,,,,,,,,,,,,,,,,,,,,,,,,,,,
202608140606,2026-08-14,06,06R,4317,木村 紗友希,95期,静岡,静岡,42,B1,,0,0,0.18,4.3,25.0,33.7,4.49,25.0,40.2,0,17,45.7,57.8,0,73,31.6,44.9,,4,5,6,0.28,6,11,2,2,0.09,4,5,4,4,0.12,5,,,,,,4,5,5,0.16,5,10,3,3,0.21,6,,,,,,,,,,,,,,,,,,,,,,,,,,,,,,,,,,,,,,,,,3956,横澤 剛治,82期,静岡,静岡,49,A2,,0,0,0.17,6.24,42.7,60.1,6.6,46.3,64.2,0,10,38.5,54.2,0,65,34.3,53.8,1,,,,,,7,2,1,0.13,6,1,4,4,0.16,5,9,5,5,0.2,6,,,,,,9,4,3,0.17,5,,,,,,,,,,,,,,,,,,,,,,,,,,,,,,,,,,,,,,,,,4840,鈴木 秀茉,115期,静岡,静岡,34,B1,,0,0,0.16,4.83,30.1,49.5,5.32,34.4,54.0,0,63,44.5,63.8,0,25,37.5,54.8,,2,1,1,0.01,1,,,,,,4,6,6,0.13,2,11,4,4,0.17,4,3,2,2,0.25,6,8,5,5,0.06,1,,,,,,,,,,,,,,,,,,,,,,,,,,,,,,,,,,,,,,,,,4342,谷野 錬志,96期,静岡,静岡,41,A2,,0,0,0.15,5.95,33.7,52.3,6.86,51.2,70.4,0,44,36.7,51.9,0,31,29.3,49.2,10,3,2,2,0.08,5,12,6,6,0.06,4,,,,,,7,5,5,0.04,3,7,1,1,0.22,1,12,2,2,0.17,3,,,,,,,,,,,,,,,,,,,,,,,,,,,,,,,,,,,,,,,,,3744,徳増 秀樹,75期,静岡,静岡,51,A1,,0,0,0.14,6.41,46.6,61.6,6.48,52.4,63.6,0,53,30.6,41.3,0,37,33.5,51.5,11,2,5,6,0.1,5,9,2,3,0.02,2,8,4,4,0.09,2,12,1,1,0.1,2,,,,,,7,2,2,0.13,3,,,,,,,,,,,,,,,,,,,,,,,,,,,,,,,,,,,,,,,,,4068,幸田 智裕,86期,静岡,静岡,46,B1,,0,0,0.17,4.95,23.7,51.5,5.13,30.6,50.0,0,51,30.6,51.1,0,33,32.8,55.0,12,3,1,1,0.04,1,,,,,,3,5,5,0.24,5,9,4,4,0.22,4,4,3,3,0.15,4,,,,,,,,,,,,,,,,,,,,,,,,,,,,,,,,,,,,,,,,,,,,,
202608140607,2026-08-14,06,07R,5385,鈴木 柊介,135期,静岡,静岡,21,B1,,0,0,0.14,2.39,2.9,11.9,2.1,3.4,6.9,0,19,37.2,53.4,0,41,31.0,52.1,3,1,4,3,0.12,6,9,5,5,0.07,6,5,2,2,0.17,6,,,,,,4,6,6,0.16,6,,,,,,,,,,,,,,,,,,,,,,,,,,,,,,,,,,,,,,,,,,,,,,5034,若林 義人,122期,静岡,静岡,28,A1,,0,0,0.12,6.42,50.0,63.4,5.98,41.3,60.3,0,23,35.4,49.3,0,11,28.4,44.4,11,4,1,1,0.21,1,12,3,3,0.11,5,5,6,6,0.12,3,10,2,2,0.11,2,,,,,,8,4,4,0.07,3,,,,,,,,,,,,,,,,,,,,,,,,,,,,,,,,,,,,,,,,,3156,金子 良昭,54期,静岡,静岡,61,B1,,0,0,0.17,4.28,24.1,36.7,5.06,35.4,46.0,0,29,32.9,50.6,0,72,33.5,52.0,2,,,,,,7,4,4,0.19,4,4,2,2,0.1,5,10,3,3,0.07,5,5,1,1,0.15,6,,,,,,,,,,,,,,,,,,,,,,,,,,,,,,,,,,,,,,,,,,,,,,5332,村松 遥輝,133期,静岡,静岡,22,B1,,1,0,0.16,3.91,19.1,30.8,4.14,23.1,31.5,0,34,38.1,65.7,0,15,38.4,54.8,,1,1,1,0.18,5,8,5,5,0.1,4,4,4,4,0.24,6,,,,,,2,2,2,0.15,6,8,3,3,0.1,6,,,,,,,,,,,,,,,,,,,,,,,,,,,,,,,,,,,,,,,,,3960,菊地 孝平,82期,静岡,岩手,47,A1,,0,0,0.11,6.41,33.6,49.5,7.39,58.4,76.1,0,13,39.0,63.2,0,61,36.9,53.2,12,8,4,4,0.07,3,12,1,1,0.03,1,,,,,,9,2,2,0.13,2,6,3,6,0.1,3,11,2,3,0.13,3,,,,,,,,,,,,,,,,,,,,,,,,,,,,,,,,,,,,,,,,,4124,池田 雄一,88期,静岡,静岡,44,A2,賞除,1,0,0.16,6.12,43.3,65.9,6.54,47.9,71.8,0,24,31.5,44.7,0,21,44.1,58.8,,5,6,6,0.17,4,10,2,2,0.01,F,,,,,,10,6,6,0.21,3,1,6,6,0.15,6,,,,,,,,,,,,,,,,,,,,,,,,,,,,,,,,,,,,,,,,,,,,,
202608140608,2026-08-14,06,08R,3489,大場 敏,67期,静岡,静岡,59,A2,,0,0,0.16,5.94,41.6,56.0,6.08,40.8,63.4,0,66,33.3,52.0,0,70,30.2,51.2,2,,,,,,10,4,4,0.1,2,3,2,2,0.18,2,10,5,5,0.15,4,3,3,3,0.19,1,12,6,6,0.24,5,,,,,,,,,,,,,,,,,,,,,,,,,,,,,,,,,,,,,,,,,4918,川島 拓郎,118期,静岡,静岡,37,B1,,1,0,0.16,4.73,28.2,44.5,4.3,23.4,34.3,0,56,32.0,57.6,0,23,34.1,50.5,1,5,5,5,0.16,6,,,,,,1,3,3,0.18,4,6,1,1,0.31,5,5,6,4,0.17,4,,,,,,,,,,,,,,,,,,,,,,,,,,,,,,,,,,,,,,,,,,,,,,3990,芹澤 克彦,83期,静岡,静岡,47,B1,,0,0,0.14,4.99,25.0,46.0,5.18,26.7,46.5,0,62,48.7,59.7,0,57,35.7,48.7,,5,1,1,0.17,1,,,,,,2,5,5,0.06,5,7,4,4,0.05,1,2,6,6,0.08,4,11,4,2,0.1,6,,,,,,,,,,,,,,,,,,,,,,,,,,,,,,,,,,,,,,,,,3909,佐々木 康幸,81期,静岡,静岡,52,A1,,0,0,0.12,6.69,51.7,68.1,7.04,57.0,74.8,0,20,44.5,63.8,0,51,28.7,41.9,3,6,4,6,0.03,3,12,2,2,0.05,2,,,,,,11,1,1,0.09,1,2,5,5,0.06,3,10,1,1,0.14,1,,,,,,,,,,,,,,,,,,,,,,,,,,,,,,,,,,,,,,,,,5434,藤田 康生,137期,静岡,静岡,21,B1,,1,0,0.16,3.33,11.9,25.0,2.68,2.9,14.7,0,7,37.9,48.1,0,66,37.6,56.7,4,6,6,5,0.08,5,,,,,,3,4,4,0.25,4,8,6,6,0.19,3,5,4,5,0.14,5,,,,,,,,,,,,,,,,,,,,,,,,,,,,,,,,,,,,,,,,,,,,,,4843,深尾 巴恵,115期,静岡,群馬,33,B1,,1,0,0.16,4.27,21.5,35.2,4.88,26.7,48.2,0,1,42.2,62.2,0,71,36.9,56.2,,4,4,5,0.26,3,8,2,2,0.1,2,6,4,4,0.26,4,,,,,,6,1,1,0.27,6,12,3,3,0.22,2,,,,,,,,,,,,,,,,,,,,,,,,,,,,,,,,,,,,,,,,
202608140609,2026-08-14,06,09R,3995,重野 哲之,83期,静岡,静岡,47,A2,,1,0,0.11,6.33,48.7,66.6,6.88,52.8,76.8,0,52,38.6,59.0,0,22,34.3,50.5,,,,,,,9,4,4,0.13,3,1,2,2,0.14,2,11,6,6,0.19,6,2,3,3,0.05,1,9,5,5,0.1,4,,,,,,,,,,,,,,,,,,,,,,,,,,,,,,,,,,,,,,,,,5174,川井 萌,127期,静岡,静岡,24,B2,,1,0,0.19,5.36,28.2,53.8,6.12,42.4,60.4,0,54,29.1,48.1,0,18,38.7,57.5,4,4,6,4,0.33,4,,,,,,1,1,1,0.16,1,8,5,5,0.21,6,6,4,3,0.2,5,,,,,,,,,,,,,,,,,,,,,,,,,,,,,,,,,,,,,,,,,,,,,,4933,板橋 侑我,118期,静岡,静岡,30,A2,,0,0,0.14,6.11,33.7,53.0,5.89,42.7,57.2,0,45,40.9,57.8,0,50,35.1,54.7,2,6,2,2,0.05,2,,,,,,5,3,3,0.14,4,12,5,5,0.09,5,8,1,1,0.06,4,12,4,4,0.17,6,,,,,,,,,,,,,,,,,,,,,,,,,,,,,,,,,,,,,,,,,4131,原 豊土,89期,静岡,愛知,46,B1,,0,0,0.17,5.85,39.1,59.1,6.31,46.4,65.4,0,22,39.2,64.5,0,24,36.4,49.2,5,,,,,,7,5,5,0.11,2,2,6,6,0.16,6,11,3,3,0.13,2,4,2,2,0.17,2,,,,,,,,,,,,,,,,,,,,,,,,,,,,,,,,,,,,,,,,,,,,,,4793,金子 萌,113期,静岡,静岡,36,A2,,0,0,0.14,6.48,49.0,65.7,5.82,40.6,58.2,0,61,43.1,65.9,0,76,35.3,49.7,3,6,3,3,0.01,1,,,,,,7,2,2,0.1,4,12,6,6,0.14,3,3,4,4,0.18,3,11,1,1,0.11,1,,,,,,,,,,,,,,,,,,,,,,,,,,,,,,,,,,,,,,,,,4033,伊藤 将吉,85期,静岡,静岡,47,A2,,0,0,0.15,6.06,48.1,61.1,6.4,48.1,66.6,0,36,25.0,33.8,0,35,36.2,50.0,,5,3,4,0.13,3,11,3,3,0.09,6,,,,,,9,1,1,0.14,1,3,5,5,0.26,4,10,2,2,0.19,4,,,,,,,,,,,,,,,,,,,,,,,,,,,,,,,,,,,,,,,,
202608140610,2026-08-14,06,10R,3959,坪井 康晴,82期,静岡,静岡,48,A1,,0,0,0.13,7.08,47.2,66.3,6.85,51.4,70.9,0,48,38.8,54.1,0,45,41.4,53.0,5,,,,,,11,4,4,0.12,1,3,6,6,0.29,6,12,2,2,0.09,1,5,3,3,0.16,3,12,1,1,0.18,1,,,,,,,,,,,,,,,,,,,,,,,,,,,,,,,,,,,,,,,,,4216,星 栄爾,91期,静岡,福島,41,B1,,0,0,0.15,4.79,25.5,51.0,5.61,38.0,57.0,0,8,28.9,43.3,0,58,36.9,52.8,1,1,5,5,0.14,3,,,,,,1,6,6,0.32,6,7,3,3,0.13,6,6,5,4,0.16,4,,,,,,,,,,,,,,,,,,,,,,,,,,,,,,,,,,,,,,,,,,,,,,4342,谷野 錬志,96期,静岡,静岡,41,A2,,0,0,0.15,5.95,33.7,52.3,6.86,51.2,70.4,0,44,36.7,51.9,0,31,29.3,49.2,6,3,2,2,0.08,5,12,6,6,0.06,4,,,,,,7,5,5,0.04,3,7,1,1,0.22,1,12,2,2,0.17,3,,,,,,,,,,,,,,,,,,,,,,,,,,,,,,,,,,,,,,,,,4360,庄司 孝輔,97期,静岡,静岡,41,A2,,0,0,0.18,5.65,33.6,55.4,5.69,34.4,62.2,0,5,43.2,66.6,0,64,31.0,47.5,,2,2,2,0.02,4,11,6,6,0.19,3,,,,,,10,1,1,0.1,1,1,3,3,0.73,3,6,6,5,0.07,2,,,,,,,,,,,,,,,,,,,,,,,,,,,,,,,,,,,,,,,,,3796,長野 道臣,77期,静岡,静岡,53,B1,,0,0,0.17,4.34,26.6,36.1,5.26,36.4,48.9,0,9,30.8,39.5,0,47,35.2,47.1,4,,,,,,9,3,2,0.08,4,4,3,3,0.07,4,9,6,6,0.21,5,,,,,,9,2,1,0.37,6,,,,,,,,,,,,,,,,,,,,,,,,,,,,,,,,,,,,,,,,,3502,渡邉 英児,67期,静岡,静岡,57,A2,,0,0,0.16,5.9,39.3,66.6,5.95,42.0,60.5,0,37,43.2,58.0,0,62,36.4,51.2,2,,,,,,8,1,1,0.06,1,5,5,5,0.12,1,11,2,2,0.12,3,7,3,3,0.2,6,11,3,4,0.2,2,,,,,,,,,,,,,,,,,,,,,,,,,,,,,,,,,,,,,,,,
202608140611,2026-08-14,06,11R,3744,徳増 秀樹,75期,静岡,静岡,51,A1,,0,0,0.14,6.41,46.6,61.6,6.48,52.4,63.6,0,53,30.6,41.3,0,37,33.5,51.5,6,2,5,6,0.1,5,9,2,3,0.02,2,8,4,4,0.09,2,12,1,1,0.1,2,,,,,,7,2,2,0.13,3,,,,,,,,,,,,,,,,,,,,,,,,,,,,,,,,,,,,,,,,,4058,野末 智一,86期,静岡,静岡,47,A1,,0,0,0.19,6.02,43.0,60.9,6.08,40.0,71.0,0,38,36.0,53.4,0,68,35.6,55.7,1,7,3,3,0.14,1,12,5,5,0.09,6,2,4,4,0.09,4,8,1,1,0.2,1,5,5,6,0.17,2,,,,,,,,,,,,,,,,,,,,,,,,,,,,,,,,,,,,,,,,,,,,,,3563,堤 昇,70期,静岡,静岡,56,B1,,0,0,0.15,5.63,36.2,58.4,5.42,36.8,52.4,0,4,30.6,46.6,0,46,33.5,47.7,,2,3,5,0.06,3,7,1,2,0.14,3,5,1,1,0.14,2,,,,,,3,6,6,0.28,5,9,1,4,0.12,1,,,,,,,,,,,,,,,,,,,,,,,,,,,,,,,,,,,,,,,,,4150,山田 雄太,89期,静岡,静岡,44,A2,,0,0,0.15,5.73,41.1,55.1,6.03,43.6,60.9,0,11,43.5,57.6,0,60,31.4,45.8,,1,2,2,0.13,1,10,5,5,0.13,3,3,3,3,0.17,3,7,1,1,0.11,2,,,,,,10,6,6,0.12,5,,,,,,,,,,,,,,,,,,,,,,,,,,,,,,,,,,,,,,,,,5034,若林 義人,122期,静岡,静岡,28,A1,,0,0,0.12,6.42,50.0,63.4,5.98,41.3,60.3,0,23,35.4,49.3,0,11,28.4,44.4,7,4,1,1,0.21,1,12,3,3,0.11,5,5,6,6,0.12,3,10,2,2,0.11,2,,,,,,8,4,4,0.07,3,,,,,,,,,,,,,,,,,,,,,,,,,,,,,,,,,,,,,,,,,5248,本田 愛,130期,静岡,静岡,24,B1,,0,0,0.2,4.69,25.5,47.7,4.25,21.5,36.5,0,16,31.5,46.0,0,69,33.3,50.0,4,4,2,2,0.25,2,,,,,,2,3,3,0.08,3,10,4,4,0.1,6,3,1,1,0.26,2,,,,,,,,,,,,,,,,,,,,,,,,,,,,,,,,,,,,,,,,,,,,,
202608140612,2026-08-14,06,12R,3960,菊地 孝平,82期,静岡,岩手,47,A1,,0,0,0.11,6.41,33.6,49.5,7.39,58.4,76.1,0,13,39.0,63.2,0,61,36.9,53.2,7,8,4,4,0.07,3,12,1,1,0.03,1,,,,,,9,2,2,0.13,2,6,3,6,0.1,3,11,2,3,0.13,3,,,,,,,,,,,,,,,,,,,,,,,,,,,,,,,,,,,,,,,,,4068,幸田 智裕,86期,静岡,静岡,46,B1,,0,0,0.17,4.95,23.7,51.5,5.13,30.6,50.0,0,51,30.6,51.1,0,33,32.8,55.0,6,3,1,1,0.04,1,,,,,,3,5,5,0.24,5,9,4,4,0.22,4,4,3,3,0.15,4,,,,,,,,,,,,,,,,,,,,,,,,,,,,,,,,,,,,,,,,,,,,,,5269,山口 晃朋,131期,静岡,静岡,25,A2,,0,0,0.16,5.8,41.2,52.5,4.95,30.9,44.0,0,2,41.3,57.3,0,53,33.3,51.0,5,3,4,5,0.04,2,9,1,1,0.11,1,6,3,3,0.14,2,,,,,,5,2,2,0.13,1,11,6,6,0.19,5,,,,,,,,,,,,,,,,,,,,,,,,,,,,,,,,,,,,,,,,,4625,渡邊 裕貴,107期,静岡,静岡,40,B1,,0,0,0.17,5.28,32.1,46.9,5.23,34.5,50.0,0,14,33.3,57.6,0,56,34.3,49.2,3,5,2,2,0.13,5,,,,,,2,1,1,0.04,1,9,3,3,0.23,3,,,,,,8,6,6,0.07,2,,,,,,,,,,,,,,,,,,,,,,,,,,,,,,,,,,,,,,,,,3422,服部 幸男,64期,静岡,静岡,55,A2,,0,0,0.14,6.23,44.5,57.2,6.86,51.3,68.9,0,58,28.3,47.3,0,43,31.1,47.7,4,3,3,3,0.06,3,11,1,1,0.11,2,2,2,2,0.07,2,12,4,4,0.19,6,,,,,,9,6,6,0.11,3,,,,,,,,,,,,,,,,,,,,,,,,,,,,,,,,,,,,,,,,,4073,大橋 純一郎,86期,静岡,静岡,45,A1,,0,0,0.15,6.5,52.1,65.8,6.06,38.2,66.4,0,46,43.5,57.6,0,32,35.9,57.4,,5,4,3,0.1,2,12,4,4,0.09,3,6,2,2,0.15,1,11,5,5,0.19,5,4,1,1,0.15,1,9,3,2,0.17,2,,,,,,,,,,,,,,,,,,,,,,,,,,,,,,,,,,,,,,,,
202608140701,2026-08-14,07,01R,3893,汐崎 正則,80期,愛知,愛知,50,B1,,0,0,0.17,5.53,34.9,55.4,5.42,42.1,63.1,0,57,,,0,21,,,10,2,5,3,0.36,6,8,6,6,0.21,4,1,4,4,0.23,5,,,,,,1,2,2,0.14,2,,,,,,,,,,,,,,,,,,,,,,,,,,,,,,,,,,,,,,,,,,,,,,4461,安田 吉宏,101期,三重,岐阜,40,B1,,0,0,0.17,4.61,21.5,45.1,4.33,19.4,41.6,0,66,,,0,53,,,5,4,3,3,0.14,4,9,6,6,0.23,6,,,,,,7,5,5,0.09,2,4,5,4,0.13,3,,,,,,,,,,,,,,,,,,,,,,,,,,,,,,,,,,,,,,,,,,,,,,4306,畔柳 俊吾,95期,愛知,愛知,42,B1,,0,0,0.21,4.68,25.2,44.2,4.49,19.6,37.2,0,11,,,0,29,,,6,3,5,6,0.15,1,,,,,,4,1,1,0.23,6,12,5,5,0.21,4,,,,,,7,2,2,0.19,3,,,,,,,,,,,,,,,,,,,,,,,,,,,,,,,,,,,,,,,,,4067,永井 源,86期,愛知,福岡,46,A2,,0,0,0.17,6.38,48.1,66.9,6.31,49.5,63.0,0,22,,,0,41,,,11,,,,,,8,5,5,0.15,1,7,1,1,0.24,5,12,4,4,0.19,6,,,,,,10,2,2,0.14,5,,,,,,,,,,,,,,,,,,,,,,,,,,,,,,,,,,,,,,,,,3519,冨田 秀幸,68期,愛知,愛知,58,B1,,1,0,0.16,4.07,18.3,32.3,3.73,18.1,27.2,0,28,,,0,22,,,,,,,,,7,2,2,0.23,4,1,1,1,0.19,2,9,6,4,0.08,6,2,3,3,0.25,3,10,6,6,0.23,4,,,,,,,,,,,,,,,,,,,,,,,,,,,,,,,,,,,,,,,,,3730,塩崎 優司,75期,愛知,愛知,54,B1,,0,0,0.17,4.04,20.2,33.3,4.8,36.3,43.1,0,61,,,0,15,,,,1,2,2,0.22,5,10,5,5,0.01,5,6,3,3,0.11,5,,,,,,1,4,4,0.16,4,6,1,1,0.11,2,,,,,,,,,,,,,,,,,,,,,,,,,,,,,,,,,,,,,,,,
202608140702,2026-08-14,07,02R,5230,石原 凪紗,129期,愛知,岐阜,22,B1,,0,0,0.2,4.76,32.5,43.3,4.11,25.9,38.8,0,59,,,0,30,,,9,3,3,3,0.09,4,7,6,6,0.51,5,2,2,2,0.09,4,,,,,,5,5,4,0.14,5,,,,,,,,,,,,,,,,,,,,,,,,,,,,,,,,,,,,,,,,,,,,,,4442,松竹 大輔,100期,愛知,愛知,39,B1,,1,0,0.16,6.3,50.0,60.8,5.5,39.3,51.5,0,14,,,0,34,,,10,5,1,1,0.27,1,,,,,,5,5,6,0.17,1,11,5,5,0.22,5,3,3,3,0.09,2,10,4,4,0.13,1,,,,,,,,,,,,,,,,,,,,,,,,,,,,,,,,,,,,,,,,,5068,前田 滉,123期,愛知,愛知,26,A1,,0,0,0.14,7.84,64.8,76.9,7.58,64.7,77.2,0,47,,,0,37,,,12,7,3,3,0.24,1,12,4,4,0.17,6,3,4,6,0.07,3,9,4,5,0.09,1,6,2,2,0.09,1,11,1,1,0.13,1,,,,,,,,,,,,,,,,,,,,,,,,,,,,,,,,,,,,,,,,,5128,坪井 爽佑,126期,三重,三重,29,B1,,0,0,0.18,4.29,18.8,44.9,4.0,23.5,35.2,0,18,,,0,16,,,8,6,5,3,0.19,5,,,,,,4,5,5,0.04,4,9,2,2,0.18,4,3,1,1,0.34,6,,,,,,,,,,,,,,,,,,,,,,,,,,,,,,,,,,,,,,,,,,,,,,5444,林 風音,137期,愛知,愛知,18,B2,,1,0,0.19,1.33,1.3,2.7,1.3,0.0,4.3,0,55,,,0,13,,,6,4,6,5,0.44,6,,,,,,1,6,5,0.26,6,6,6,6,0.23,6,6,6,5,0.33,6,,,,,,,,,,,,,,,,,,,,,,,,,,,,,,,,,,,,,,,,,,,,,,5197,中野 仁照,128期,愛知,愛知,24,B2,,1,0,0.14,5.82,40.5,59.4,7.06,60.0,77.1,0,29,,,0,11,,,,3,2,2,0.16,3,9,4,4,0.15,3,3,1,1,0.16,5,,,,,,4,4,3,0.12,4,12,5,5,0.06,2,,,,,,,,,,,,,,,,,,,,,,,,,,,,,,,,,,,,,,,,
202608140703,2026-08-14,07,03R,3637,齋藤 和政,72期,愛知,愛知,55,B1,,0,0,0.18,3.64,15.7,28.9,5.0,26.3,47.3,0,63,,,0,43,,,8,2,6,4,0.27,4,9,2,2,0.19,5,1,5,6,0.23,4,,,,,,,,,,,9,3,3,0.12,5,,,,,,,,,,,,,,,,,,,,,,,,,,,,,,,,,,,,,,,,,3946,赤岩 善生,82期,愛知,愛知,50,A1,,0,0,0.15,7.14,53.5,70.5,7.27,58.0,75.8,0,60,,,0,50,,,11,6,2,6,0.14,1,12,2,2,0.17,3,8,2,4,0.13,1,12,1,1,0.12,1,4,2,5,0.11,1,11,3,3,0.14,2,,,,,,,,,,,,,,,,,,,,,,,,,,,,,,,,,,,,,,,,,4470,平田 健之佑,101期,三重,三重,39,A2,,0,0,0.15,6.6,50.5,70.7,6.52,54.5,60.6,0,67,,,0,14,,,12,2,2,2,0.21,1,10,6,6,0.08,6,6,5,5,0.16,4,11,4,4,0.15,4,,,,,,8,1,1,0.13,2,,,,,,,,,,,,,,,,,,,,,,,,,,,,,,,,,,,,,,,,,5321,一色 颯輝,133期,愛知,愛知,24,B1,,1,0,0.2,5.02,32.3,47.6,4.7,28.0,42.1,0,58,,,0,51,,,7,3,1,1,0.17,6,11,5,5,0.24,4,,,,,,8,4,2,0.14,6,,,,,,8,3,3,0.19,4,,,,,,,,,,,,,,,,,,,,,,,,,,,,,,,,,,,,,,,,,5340,樋江井 舞,134期,愛知,愛知,25,B1,,0,0,0.16,4.49,25.5,44.9,3.28,16.6,22.2,0,13,,,0,19,,,,5,3,3,0.32,6,,,,,,1,2,2,0.27,3,7,6,6,0.11,3,1,1,1,0.17,6,11,4,4,0.22,5,,,,,,,,,,,,,,,,,,,,,,,,,,,,,,,,,,,,,,,,,5098,大江 純,125期,愛知,愛知,30,B1,,0,0,0.15,5.19,33.6,51.5,5.11,28.9,52.6,0,62,,,0,20,,,10,6,4,4,0.21,4,,,,,,3,3,3,0.04,1,11,2,2,0.17,2,5,1,1,0.14,2,,,,,,,,,,,,,,,,,,,,,,,,,,,,,,,,,,,,,,,,,,,,,
202608140704,2026-08-14,07,04R,4565,西村 豪洋,105期,愛知,愛知,38,B1,,0,0,0.18,3.97,14.1,32.3,4.77,26.9,46.1,0,54,,,0,17,,,9,1,3,3,0.25,3,,,,,,4,2,2,0.14,2,10,5,5,0.14,6,4,6,6,0.15,6,,,,,,,,,,,,,,,,,,,,,,,,,,,,,,,,,,,,,,,,,,,,,,4786,佐藤 博亮,113期,愛知,愛知,38,A1,,0,0,0.14,6.65,53.9,70.6,6.03,44.9,57.9,0,49,,,0,54,,,12,1,4,5,0.17,2,11,3,3,0.18,3,,,,,,9,1,1,0.11,2,3,5,6,0.08,3,7,4,4,0.16,2,,,,,,,,,,,,,,,,,,,,,,,,,,,,,,,,,,,,,,,,,4380,鈴木 峻佑,98期,静岡,静岡,41,B1,,0,0,0.17,5.12,31.5,45.2,3.45,9.5,21.4,0,51,,,0,28,,,,2,1,1,0.42,5,7,5,5,0.29,3,5,6,4,0.21,5,,,,,,2,6,6,0.17,2,8,2,2,0.17,6,,,,,,,,,,,,,,,,,,,,,,,,,,,,,,,,,,,,,,,,,4139,丹下 健,89期,愛知,愛知,45,B1,,0,0,0.19,4.29,25.8,40.0,5.65,40.0,53.8,0,50,,,0,52,,,8,5,6,6,0.25,5,11,2,2,0.18,2,6,1,1,0.09,3,,,,,,5,6,3,0.11,6,,,,,,,,,,,,,,,,,,,,,,,,,,,,,,,,,,,,,,,,,,,,,,4586,磯部 誠,105期,愛知,愛知,35,A1,,0,0,0.13,7.54,49.5,68.5,7.69,56.9,77.7,0,31,,,0,26,,,10,4,5,6,0.19,1,12,3,3,0.12,2,6,2,2,0.11,1,10,1,1,0.16,1,8,4,4,0.16,1,12,1,1,0.14,3,,,,,,,,,,,,,,,,,,,,,,,,,,,,,,,,,,,,,,,,,5316,村松 将平,133期,静岡,静岡,25,B1,,1,0,0.15,5.6,38.4,58.9,2.95,6.8,15.9,0,25,,,0,36,,,11,4,4,4,0.19,3,8,2,2,0.24,6,5,1,1,0.24,2,,,,,,,,,,,7,5,5,0.16,5,,,,,,,,,,,,,,,,,,,,,,,,,,,,,,,,,,,,,,,,
202608140705,2026-08-14,07,05R,4461,安田 吉宏,101期,三重,岐阜,40,B1,,0,0,0.17,4.61,21.5,45.1,4.33,19.4,41.6,0,66,,,0,53,,,1,4,3,3,0.14,4,9,6,6,0.23,6,,,,,,7,5,5,0.09,2,4,5,4,0.13,3,,,,,,,,,,,,,,,,,,,,,,,,,,,,,,,,,,,,,,,,,,,,,,4308,河村 了,95期,愛知,愛知,42,A1,,0,0,0.17,6.64,46.1,70.9,6.78,51.0,65.9,0,52,,,0,57,,,11,5,2,2,0.29,3,12,6,6,0.19,4,7,3,3,0.19,4,11,1,1,0.14,1,2,5,5,0.17,4,9,4,4,0.11,1,,,,,,,,,,,,,,,,,,,,,,,,,,,,,,,,,,,,,,,,,4066,東本 勝利,86期,三重,三重,46,A2,,0,0,0.18,6.11,40.3,64.4,5.87,30.4,73.9,0,20,,,0,46,,,,7,1,1,0.18,2,11,4,4,0.28,6,,,,,,10,3,2,0.14,3,1,5,5,0.21,3,8,6,6,0.19,5,,,,,,,,,,,,,,,,,,,,,,,,,,,,,,,,,,,,,,,,,3934,鋤柄 貴俊,81期,愛知,愛知,49,B1,,0,0,0.17,4.98,24.4,48.0,5.35,31.2,52.0,0,21,,,0,45,,,,2,4,6,0.27,2,,,,,,2,1,1,0.15,1,10,4,3,0.17,5,3,4,5,0.13,4,11,2,2,0.17,3,,,,,,,,,,,,,,,,,,,,,,,,,,,,,,,,,,,,,,,,,5439,志賀 美優,137期,愛知,愛知,20,B2,,0,0,0.21,1.58,1.5,4.5,1.18,0.0,0.0,0,26,,,0,47,,,,1,6,6,0.18,6,6,6,5,0.27,6,3,5,4,0.18,6,,,,,,2,4,4,0.39,6,7,6,6,0.15,6,,,,,,,,,,,,,,,,,,,,,,,,,,,,,,,,,,,,,,,,,4903,吉田 凌太朗,117期,愛知,愛知,32,A1,,1,0,0.15,6.39,47.7,60.1,7.34,60.0,76.0,0,23,,,0,56,,,10,2,3,5,0.25,3,11,1,1,0.16,1,3,2,2,0.05,2,,,,,,6,5,4,0.19,3,10,3,3,0.15,エ,,,,,,,,,,,,,,,,,,,,,,,,,,,,,,,,,,,,,,,,
202608140706,2026-08-14,07,06R,4509,平見 真彦,102期,愛知,愛知,37,A2,,0,0,0.18,5.82,34.1,60.9,5.1,27.5,48.2,0,30,,,0,55,,,,4,2,2,0.19,5,11,6,6,0.26,5,,,,,,7,4,4,0.13,1,1,3,3,0.14,1,10,5,5,0.11,2,,,,,,,,,,,,,,,,,,,,,,,,,,,,,,,,,,,,,,,,,4731,間野 兼礼,111期,愛知,愛知,37,B1,,1,0,0.16,5.15,27.2,48.4,5.11,24.3,48.6,0,19,,,0,38,,,12,,,,,,10,3,3,0.14,2,2,4,4,0.13,5,8,6,6,0.19,4,4,1,1,0.15,5,,,,,,,,,,,,,,,,,,,,,,,,,,,,,,,,,,,,,,,,,,,,,,4960,黒野 元基,119期,愛知,愛知,30,A1,,0,0,0.14,7.44,60.6,76.9,7.31,61.8,74.5,0,16,,,0,35,,,10,3,4,4,0.13,2,12,5,5,0.22,5,2,5,6,0.09,3,12,3,3,0.13,2,3,2,2,0.07,1,9,1,1,0.11,2,,,,,,,,,,,,,,,,,,,,,,,,,,,,,,,,,,,,,,,,,4306,畔柳 俊吾,95期,愛知,愛知,42,B1,,0,0,0.21,4.68,25.2,44.2,4.49,19.6,37.2,0,11,,,0,29,,,1,3,5,6,0.15,1,,,,,,4,1,1,0.23,6,12,5,5,0.21,4,,,,,,7,2,2,0.19,3,,,,,,,,,,,,,,,,,,,,,,,,,,,,,,,,,,,,,,,,,4199,北川 潤二,91期,愛知,愛知,44,A1,,0,0,0.15,6.29,45.8,64.6,5.91,39.4,62.3,0,65,,,0,27,,,11,,,,,,9,1,1,0.12,1,5,3,3,0.18,3,10,2,4,0.16,4,5,4,6,0.13,4,12,2,2,0.13,5,,,,,,,,,,,,,,,,,,,,,,,,,,,,,,,,,,,,,,,,,5444,林 風音,137期,愛知,愛知,18,B2,,1,0,0.19,1.33,1.3,2.7,1.3,0.0,4.3,0,55,,,0,13,,,2,4,6,5,0.44,6,,,,,,1,6,5,0.26,6,6,6,6,0.23,6,6,6,5,0.33,6,,,,,,,,,,,,,,,,,,,,,,,,,,,,,,,,,,,,,,,,,,,,,
202608140707,2026-08-14,07,07R,4269,杉山 裕也,93期,愛知,愛知,40,A2,,0,0,0.15,6.85,53.2,69.1,6.88,50.8,68.9,0,33,,,0,23,,,12,5,5,5,0.19,2,9,3,3,0.14,2,6,4,4,0.11,2,12,2,2,0.14,3,,,,,,9,6,6,0.13,3,,,,,,,,,,,,,,,,,,,,,,,,,,,,,,,,,,,,,,,,,3848,川上 聡介,78期,愛知,愛知,49,B1,,0,0,0.15,4.78,32.2,45.5,5.26,37.9,50.0,0,46,,,0,33,,,11,4,1,1,0.15,2,,,,,,3,6,5,0.11,4,8,3,3,0.19,5,3,6,4,0.16,5,,,,,,,,,,,,,,,,,,,,,,,,,,,,,,,,,,,,,,,,,,,,,,4983,前田 篤哉,120期,愛知,愛知,29,A1,,1,0,0.15,6.79,54.7,69.2,6.49,47.3,68.9,0,27,,,0,49,,,,5,4,4,0.39,4,10,1,1,0.01,1,5,2,2,0.19,6,12,6,6,0.21,5,,,,,,8,5,5,0.19,3,,,,,,,,,,,,,,,,,,,,,,,,,,,,,,,,,,,,,,,,,5137,川原 涼,126期,愛知,愛知,26,A2,,0,0,0.17,5.3,38.2,51.9,4.28,16.9,39.4,0,24,,,0,48,,,,3,6,5,0.16,5,8,1,1,0.22,3,,,,,,9,5,6,0.07,5,2,2,2,0.19,1,12,3,3,0.03,6,,,,,,,,,,,,,,,,,,,,,,,,,,,,,,,,,,,,,,,,,4897,深見 亜由美,117期,愛知,愛知,34,B1,,0,0,0.21,3.43,13.2,21.6,4.85,23.5,47.0,0,15,,,0,31,,,,1,1,1,0.15,1,8,3,3,0.17,5,4,4,4,0.08,5,,,,,,1,6,6,0.21,5,9,2,2,0.13,6,,,,,,,,,,,,,,,,,,,,,,,,,,,,,,,,,,,,,,,,,5321,一色 颯輝,133期,愛知,愛知,24,B1,,1,0,0.2,5.02,32.3,47.6,4.7,28.0,42.1,0,58,,,0,51,,,3,3,1,1,0.17,6,11,5,5,0.24,4,,,,,,8,4,2,0.14,6,,,,,,8,3,3,0.19,4,,,,,,,,,,,,,,,,,,,,,,,,,,,,,,,,,,,,,,,,
202608140708,2026-08-14,07,08R,3988,古川 誠之,83期,愛知,愛知,48,A2,,0,0,0.15,6.23,40.5,67.5,6.04,41.6,65.8,0,32,,,0,40,,,,,,,,,10,2,2,0.07,4,5,4,5,0.19,4,9,3,3,0.08,3,6,3,6,0.07,4,12,4,4,0.02,1,,,,,,,,,,,,,,,,,,,,,,,,,,,,,,,,,,,,,,,,,4337,平本 真之,96期,愛知,愛知,42,A1,,0,0,0.13,7.47,51.1,71.1,7.68,58.0,79.5,0,48,,,0,39,,,12,8,4,4,0.15,2,12,1,1,0.11,1,4,6,6,0.07,3,11,3,3,0.15,3,5,3,5,0.13,1,10,1,1,0.16,3,,,,,,,,,,,,,,,,,,,,,,,,,,,,,,,,,,,,,,,,,3637,齋藤 和政,72期,愛知,愛知,55,B1,,0,0,0.18,3.64,15.7,28.9,5.0,26.3,47.3,0,63,,,0,43,,,3,2,6,4,0.27,4,9,2,2,0.19,5,1,5,6,0.23,4,,,,,,,,,,,9,3,3,0.12,5,,,,,,,,,,,,,,,,,,,,,,,,,,,,,,,,,,,,,,,,,4989,石原 翼,120期,静岡,静岡,29,A2,,1,0,0.15,6.0,40.1,54.7,5.68,32.2,58.0,0,56,,,0,12,,,,6,1,1,0.13,2,,,,,,2,3,3,0.09,2,11,6,6,0.23,6,4,3,2,0.2,2,9,5,5,0.09,4,,,,,,,,,,,,,,,,,,,,,,,,,,,,,,,,,,,,,,,,,4139,丹下 健,89期,愛知,愛知,45,B1,,0,0,0.19,4.29,25.8,40.0,5.65,40.0,53.8,0,50,,,0,52,,,4,5,6,6,0.25,5,11,2,2,0.18,2,6,1,1,0.09,3,,,,,,5,6,3,0.11,6,,,,,,,,,,,,,,,,,,,,,,,,,,,,,,,,,,,,,,,,,,,,,,5128,坪井 爽佑,126期,三重,三重,29,B1,,0,0,0.18,4.29,18.8,44.9,4.0,23.5,35.2,0,18,,,0,16,,,2,6,5,3,0.19,5,,,,,,4,5,5,0.04,4,9,2,2,0.18,4,3,1,1,0.34,6,,,,,,,,,,,,,,,,,,,,,,,,,,,,,,,,,,,,,,,,,,,,,
202608140709,2026-08-14,07,09R,4467,渡邉 俊介,101期,愛知,岐阜,39,A1,,0,0,0.14,6.5,43.5,70.0,6.13,51.9,65.3,0,53,,,0,18,,,,6,3,2,0.14,3,10,4,4,0.08,3,,,,,,8,5,5,0.13,3,7,3,3,0.13,4,12,6,6,0.09,4,,,,,,,,,,,,,,,,,,,,,,,,,,,,,,,,,,,,,,,,,4215,吉島 祥之,91期,愛知,愛知,41,A2,,0,0,0.16,5.31,33.3,50.9,5.94,45.2,57.1,0,64,,,0,24,,,,,,,,,7,4,4,0.44,6,1,3,3,0.15,1,10,6,6,0.12,2,7,1,1,0.22,1,11,5,5,0.15,6,,,,,,,,,,,,,,,,,,,,,,,,,,,,,,,,,,,,,,,,,4565,西村 豪洋,105期,愛知,愛知,38,B1,,0,0,0.18,3.97,14.1,32.3,4.77,26.9,46.1,0,54,,,0,17,,,4,1,3,3,0.25,3,,,,,,4,2,2,0.14,2,10,5,5,0.14,6,4,6,6,0.15,6,,,,,,,,,,,,,,,,,,,,,,,,,,,,,,,,,,,,,,,,,,,,,,4209,藤田 竜弘,91期,静岡,静岡,43,A2,,0,0,0.18,5.84,36.1,58.5,5.25,30.7,50.0,0,12,,,0,25,,,,,,,,,9,5,5,0.16,4,4,3,3,0.14,1,8,1,1,0.14,2,5,2,2,0.22,3,11,6,6,0.14,4,,,,,,,,,,,,,,,,,,,,,,,,,,,,,,,,,,,,,,,,,5230,石原 凪紗,129期,愛知,岐阜,22,B1,,0,0,0.2,4.76,32.5,43.3,4.11,25.9,38.8,0,59,,,0,30,,,2,3,3,3,0.09,4,7,6,6,0.51,5,2,2,2,0.09,4,,,,,,5,5,4,0.14,5,,,,,,,,,,,,,,,,,,,,,,,,,,,,,,,,,,,,,,,,,,,,,,4035,杉江 浩明,85期,愛知,愛知,47,B1,,0,0,0.21,3.91,23.0,36.2,4.29,20.8,35.4,0,17,,,0,32,,,,1,5,4,0.19,4,,,,,,2,6,5,0.18,6,7,2,2,0.31,6,2,1,1,0.26,5,6,4,3,0.45,5,,,,,,,,,,,,,,,,,,,,,,,,,,,,,,,,,,,,,,,,
202608140710,2026-08-14,07,10R,4960,黒野 元基,119期,愛知,愛知,30,A1,,0,0,0.14,7.44,60.6,76.9,7.31,61.8,74.5,0,16,,,0,35,,,6,3,4,4,0.13,2,12,5,5,0.22,5,2,5,6,0.09,3,12,3,3,0.13,2,3,2,2,0.07,1,9,1,1,0.11,2,,,,,,,,,,,,,,,,,,,,,,,,,,,,,,,,,,,,,,,,,4903,吉田 凌太朗,117期,愛知,愛知,32,A1,,1,0,0.15,6.39,47.7,60.1,7.34,60.0,76.0,0,23,,,0,56,,,5,2,3,5,0.25,3,11,1,1,0.16,1,3,2,2,0.05,2,,,,,,6,5,4,0.19,3,10,3,3,0.15,エ,,,,,,,,,,,,,,,,,,,,,,,,,,,,,,,,,,,,,,,,,3893,汐崎 正則,80期,愛知,愛知,50,B1,,0,0,0.17,5.53,34.9,55.4,5.42,42.1,63.1,0,57,,,0,21,,,1,2,5,3,0.36,6,8,6,6,0.21,4,1,4,4,0.23,5,,,,,,1,2,2,0.14,2,,,,,,,,,,,,,,,,,,,,,,,,,,,,,,,,,,,,,,,,,,,,,,4586,磯部 誠,105期,愛知,愛知,35,A1,,0,0,0.13,7.54,49.5,68.5,7.69,56.9,77.7,0,31,,,0,26,,,4,4,5,6,0.19,1,12,3,3,0.12,2,6,2,2,0.11,1,10,1,1,0.16,1,8,4,4,0.16,1,12,1,1,0.14,3,,,,,,,,,,,,,,,,,,,,,,,,,,,,,,,,,,,,,,,,,5098,大江 純,125期,愛知,愛知,30,B1,,0,0,0.15,5.19,33.6,51.5,5.11,28.9,52.6,0,62,,,0,20,,,3,6,4,4,0.21,4,,,,,,3,3,3,0.04,1,11,2,2,0.17,2,5,1,1,0.14,2,,,,,,,,,,,,,,,,,,,,,,,,,,,,,,,,,,,,,,,,,,,,,,4442,松竹 大輔,100期,愛知,愛知,39,B1,,1,0,0.16,6.3,50.0,60.8,5.5,39.3,51.5,0,14,,,0,34,,,2,5,1,1,0.27,1,,,,,,5,5,6,0.17,1,11,5,5,0.22,5,3,3,3,0.09,2,10,4,4,0.13,1,,,,,,,,,,,,,,,,,,,,,,,,,,,,,,,,,,,,,,,,
202608140711,2026-08-14,07,11R,3946,赤岩 善生,82期,愛知,愛知,50,A1,,0,0,0.15,7.14,53.5,70.5,7.27,58.0,75.8,0,60,,,0,50,,,3,6,2,6,0.14,1,12,2,2,0.17,3,8,2,4,0.13,1,12,1,1,0.12,1,4,2,5,0.11,1,11,3,3,0.14,2,,,,,,,,,,,,,,,,,,,,,,,,,,,,,,,,,,,,,,,,,4199,北川 潤二,91期,愛知,愛知,44,A1,,0,0,0.15,6.29,45.8,64.6,5.91,39.4,62.3,0,65,,,0,27,,,6,,,,,,9,1,1,0.12,1,5,3,3,0.18,3,10,2,4,0.16,4,5,4,6,0.13,4,12,2,2,0.13,5,,,,,,,,,,,,,,,,,,,,,,,,,,,,,,,,,,,,,,,,,5316,村松 将平,133期,静岡,静岡,25,B1,,1,0,0.15,5.6,38.4,58.9,2.95,6.8,15.9,0,25,,,0,36,,,4,4,4,4,0.19,3,8,2,2,0.24,6,5,1,1,0.24,2,,,,,,,,,,,7,5,5,0.16,5,,,,,,,,,,,,,,,,,,,,,,,,,,,,,,,,,,,,,,,,,4308,河村 了,95期,愛知,愛知,42,A1,,0,0,0.17,6.64,46.1,70.9,6.78,51.0,65.9,0,52,,,0,57,,,5,5,2,2,0.29,3,12,6,6,0.19,4,7,3,3,0.19,4,11,1,1,0.14,1,2,5,5,0.17,4,9,4,4,0.11,1,,,,,,,,,,,,,,,,,,,,,,,,,,,,,,,,,,,,,,,,,3848,川上 聡介,78期,愛知,愛知,49,B1,,0,0,0.15,4.78,32.2,45.5,5.26,37.9,50.0,0,46,,,0,33,,,7,4,1,1,0.15,2,,,,,,3,6,5,0.11,4,8,3,3,0.19,5,3,6,4,0.16,5,,,,,,,,,,,,,,,,,,,,,,,,,,,,,,,,,,,,,,,,,,,,,,4067,永井 源,86期,愛知,福岡,46,A2,,0,0,0.17,6.38,48.1,66.9,6.31,49.5,63.0,0,22,,,0,41,,,1,,,,,,8,5,5,0.15,1,7,1,1,0.24,5,12,4,4,0.19,6,,,,,,10,2,2,0.14,5,,,,,,,,,,,,,,,,,,,,,,,,,,,,,,,,,,,,,,,,
202608140712,2026-08-14,07,12R,5068,前田 滉,123期,愛知,愛知,26,A1,,0,0,0.14,7.84,64.8,76.9,7.58,64.7,77.2,0,47,,,0,37,,,2,7,3,3,0.24,1,12,4,4,0.17,6,3,4,6,0.07,3,9,4,5,0.09,1,6,2,2,0.09,1,11,1,1,0.13,1,,,,,,,,,,,,,,,,,,,,,,,,,,,,,,,,,,,,,,,,,4269,杉山 裕也,93期,愛知,愛知,40,A2,,0,0,0.15,6.85,53.2,69.1,6.88,50.8,68.9,0,33,,,0,23,,,7,5,5,5,0.19,2,9,3,3,0.14,2,6,4,4,0.11,2,12,2,2,0.14,3,,,,,,9,6,6,0.13,3,,,,,,,,,,,,,,,,,,,,,,,,,,,,,,,,,,,,,,,,,4731,間野 兼礼,111期,愛知,愛知,37,B1,,1,0,0.16,5.15,27.2,48.4,5.11,24.3,48.6,0,19,,,0,38,,,6,,,,,,10,3,3,0.14,2,2,4,4,0.13,5,8,6,6,0.19,4,4,1,1,0.15,5,,,,,,,,,,,,,,,,,,,,,,,,,,,,,,,,,,,,,,,,,,,,,,4337,平本 真之,96期,愛知,愛知,42,A1,,0,0,0.13,7.47,51.1,71.1,7.68,58.0,79.5,0,48,,,0,39,,,8,8,4,4,0.15,2,12,1,1,0.11,1,4,6,6,0.07,3,11,3,3,0.15,3,5,3,5,0.13,1,10,1,1,0.16,3,,,,,,,,,,,,,,,,,,,,,,,,,,,,,,,,,,,,,,,,,4786,佐藤 博亮,113期,愛知,愛知,38,A1,,0,0,0.14,6.65,53.9,70.6,6.03,44.9,57.9,0,49,,,0,54,,,4,1,4,5,0.17,2,11,3,3,0.18,3,,,,,,9,1,1,0.11,2,3,5,6,0.08,3,7,4,4,0.16,2,,,,,,,,,,,,,,,,,,,,,,,,,,,,,,,,,,,,,,,,,4470,平田 健之佑,101期,三重,三重,39,A2,,0,0,0.15,6.6,50.5,70.7,6.52,54.5,60.6,0,67,,,0,14,,,3,2,2,2,0.21,1,10,6,6,0.08,6,6,5,5,0.16,4,11,4,4,0.15,4,,,,,,8,1,1,0.13,2,,,,,,,,,,,,,,,,,,,,,,,,,,,,,,,,,,,,,,,,
202608140801,2026-08-14,08,01R,5252,荒木 颯斗,130期,愛知,愛知,23,A2,,0,0,0.14,5.93,41.7,60.0,5.27,34.3,51.5,0,42,39.5,54.5,0,41,17.2,34.4,11,,,,,,8,3,3,0.14,1,7,2,2,0.13,2,12,6,6,0.16,4,6,1,1,0.02,3,10,4,4,0.08,3,5,2,2,0.23,1,10,5,5,0.16,3,,,,,,,,,,,,,,,,,,,,,,,,,,,,,,,3528,笠野 友紀恵,68期,愛知,愛知,55,B1,,0,0,0.2,4.14,14.1,32.0,4.11,20.8,30.5,0,60,33.6,51.8,0,53,48.1,59.2,,1,2,2,0.34,2,,,,,,6,5,5,0.18,6,10,6,6,0.26,5,2,3,3,0.13,4,,,,,,2,1,1,0.16,4,6,4,4,0.22,5,,,,,,,,,,,,,,,,,,,,,,,,,,,,,,,3831,安藤 裕貴,78期,愛知,愛知,52,B1,,0,0,0.15,4.21,25.8,34.8,5.16,40.0,48.0,0,32,29.9,44.6,0,33,11.1,33.3,,2,1,1,0.12,3,9,5,5,0.14,5,4,4,4,0.15,2,,,,,,1,6,6,0.15,6,10,2,2,0.11,5,,,,,,8,2,3,0.2,5,,,,,,,,,,,,,,,,,,,,,,,,,,,,,,,4837,酒井 陽祐,115期,愛知,愛知,37,B1,,0,0,0.16,4.88,31.7,51.2,5.0,34.0,48.9,0,30,43.0,61.6,0,65,38.1,61.9,6,3,1,1,0.16,1,10,4,4,0.22,5,4,5,5,0.16,3,,,,,,4,6,6,0.14,6,10,3,3,0.08,4,6,2,2,0.15,2,,,,,,,,,,,,,,,,,,,,,,,,,,,,,,,,,,,,3929,杢野 誓良,81期,愛知,愛知,50,B1,,0,0,0.16,4.06,17.9,34.8,4.25,20.5,35.2,0,50,34.3,49.7,0,57,51.5,69.7,6,6,2,2,0.25,4,,,,,,2,5,5,0.21,2,7,1,1,0.17,4,4,4,4,0.17,4,,,,,,7,6,6,0.19,4,11,3,3,0.15,3,,,,,,,,,,,,,,,,,,,,,,,,,,,,,,,5405,竹内 来,136期,愛知,愛知,22,B1,,0,0,0.19,2.19,0.0,14.2,1.52,0.0,2.2,0,20,33.1,48.5,0,29,23.0,42.3,7,4,5,4,0.13,6,,,,,,3,6,5,0.07,5,7,6,6,0.24,6,5,5,4,0.28,4,,,,,,2,6,6,0.16,5,9,4,4,0.24,5,,,,,,,,,,,,,,,,,,,,,,,,,,,,,,
202608140802,2026-08-14,08,02R,3302,谷川 里江,60期,愛知,愛知,59,B1,,0,0,0.18,5.38,39.3,54.1,5.5,37.5,54.1,0,45,30.6,47.6,0,75,33.3,51.8,10,1,5,6,0.33,4,11,2,2,0.26,6,,,,,,7,4,4,0.18,1,2,1,1,0.09,1,6,3,3,0.19,5,4,5,4,0.07,2,,,,,,,,,,,,,,,,,,,,,,,,,,,,,,,,,,,,3315,広瀬 聖仁,61期,愛知,愛知,60,B1,,0,0,0.16,4.31,22.6,33.3,4.88,25.0,46.0,0,8,34.9,51.4,0,34,43.7,46.8,7,,,,,,7,1,1,0.12,3,3,5,6,0.03,2,8,4,3,0.28,4,6,2,2,0.13,1,,,,,,3,4,4,0.11,5,7,5,5,0.43,6,,,,,,,,,,,,,,,,,,,,,,,,,,,,,,,4074,柳沢 一,86期,愛知,愛知,45,A1,,0,0,0.13,6.54,48.3,67.5,6.76,53.5,71.4,0,16,37.0,54.8,0,22,43.7,59.3,11,5,5,5,0.12,3,12,4,4,0.1,2,7,3,3,0.17,3,11,1,1,0.31,5,7,2,2,0.09,1,11,6,6,0.11,5,8,4,5,0.19,3,12,1,1,0.16,1,,,,,,,,,,,,,,,,,,,,,,,,,,,,,,,4665,加藤 啓太,109期,愛知,愛知,42,B1,,0,0,0.17,4.08,17.4,32.5,4.61,25.8,38.7,0,59,41.2,58.7,0,56,24.1,48.2,9,3,4,4,0.08,3,11,6,6,0.28,5,6,2,2,0.17,2,,,,,,4,1,1,0.04,1,8,5,5,0.07,3,,,,,,9,3,3,0.21,6,,,,,,,,,,,,,,,,,,,,,,,,,,,,,,,3690,河合 三弘,74期,愛知,愛知,55,B1,,0,0,0.19,4.87,31.0,46.0,4.18,20.0,40.0,0,36,31.1,52.9,0,20,35.7,57.1,7,5,1,1,0.23,2,,,,,,2,3,3,0.29,3,9,5,5,0.24,4,5,6,6,0.15,6,,,,,,1,2,2,0.27,5,11,6,4,0.26,6,,,,,,,,,,,,,,,,,,,,,,,,,,,,,,,5472,中川 海虹,138期,愛知,愛知,16,B2,,1,0,0.0,1.0,0.0,0.0,1.0,0.0,0.0,0,4,32.5,47.2,0,64,40.6,53.1,,1,6,5,0.48,6,8,6,6,0.18,6,5,6,4,0.37,6,,,,,,3,6,4,0.04,6,7,6,5,0.28,6,6,6,6,0.24,6,,,,,,,,,,,,,,,,,,,,,,,,,,,,,,,,,,,
202608140803,2026-08-14,08,03R,5002,上田 健太,121期,愛知,愛知,30,A2,,0,0,0.17,5.37,32.6,54.4,5.52,39.2,59.4,0,1,35.2,53.0,0,74,40.7,59.2,10,5,2,2,0.22,1,9,6,6,0.09,3,6,3,3,0.18,3,,,,,,3,5,5,0.02,4,12,4,4,0.05,6,4,4,3,0.07,1,9,1,1,0.19,1,,,,,,,,,,,,,,,,,,,,,,,,,,,,,,,4678,水野 望美,109期,愛知,愛知,37,B1,,1,0,0.17,4.66,27.0,41.8,5.49,38.6,50.6,0,38,31.1,48.1,0,42,21.4,42.8,9,4,3,3,0.22,5,,,,,,5,1,1,0.2,3,9,4,4,0.23,2,2,2,2,0.12,2,,,,,,5,5,5,0.18,5,11,5,6,0.25,4,,,,,,,,,,,,,,,,,,,,,,,,,,,,,,,5074,大澤 誠也,124期,愛知,愛知,30,B1,,0,0,0.19,4.16,20.0,30.0,4.26,20.6,35.0,0,31,42.1,55.3,0,67,35.7,50.0,9,3,5,5,0.13,5,7,3,3,0.15,4,,,,,,8,3,2,0.21,3,1,4,4,0.14,5,7,1,1,0.07,2,,,,,,10,6,6,0.27,4,,,,,,,,,,,,,,,,,,,,,,,,,,,,,,,4979,中野 夢斗,120期,愛知,愛知,30,B1,,0,0,0.17,4.88,30.3,41.4,4.89,29.8,40.3,0,39,41.3,56.0,0,76,38.4,50.0,,5,4,4,0.17,5,,,,,,1,3,2,0.14,落,11,5,5,0.12,4,1,3,3,0.16,2,8,1,1,0.2,5,,,,,,9,6,6,0.33,4,,,,,,,,,,,,,,,,,,,,,,,,,,,,,,,4016,西川 新太郎,84期,愛知,愛知,46,B1,,0,0,0.16,5.5,33.6,54.4,6.02,42.0,68.0,0,14,49.7,65.9,0,43,33.3,48.4,8,5,3,3,0.25,6,10,6,6,0.21,4,6,4,4,0.12,4,,,,,,3,2,2,0.06,5,11,5,5,0.13,2,3,1,1,0.03,1,,,,,,,,,,,,,,,,,,,,,,,,,,,,,,,,,,,,4409,坂元 浩仁,99期,愛知,愛知,40,A1,,1,0,0.15,6.31,47.8,59.5,6.32,44.1,58.8,0,40,32.5,49.5,0,44,50.0,65.3,10,6,1,1,0.24,1,12,6,5,0.14,6,3,4,4,0.07,1,9,6,6,0.26,5,4,5,5,0.15,3,11,1,1,0.12,1,7,2,2,0.17,1,12,3,3,0.23,2,,,,,,,,,,,,,,,,,,,,,,,,,,,,,,
202608140804,2026-08-14,08,04R,3687,花田 和明,74期,愛知,愛知,56,B1,,0,0,0.16,4.97,29.8,48.2,5.01,28.9,46.9,0,26,34.4,52.3,0,11,37.0,55.5,12,6,3,3,0.23,2,,,,,,4,1,1,0.18,1,11,2,2,0.25,3,,,,,,9,4,5,0.1,5,2,3,3,0.08,1,8,5,6,0.61,4,,,,,,,,,,,,,,,,,,,,,,,,,,,,,,,4118,宇佐見 淳,88期,愛知,愛知,45,A2,,0,0,0.15,5.72,36.4,60.1,6.09,42.1,56.5,0,25,28.9,48.3,0,54,18.5,40.7,10,4,1,1,0.23,1,11,5,5,0.28,3,3,3,3,0.07,6,12,2,2,0.16,3,,,,,,7,5,6,0.18,5,1,1,1,0.12,1,9,5,5,0.22,3,,,,,,,,,,,,,,,,,,,,,,,,,,,,,,,5318,河内 一馬,133期,愛知,愛知,25,B1,,1,0,0.17,3.92,18.6,30.7,2.11,3.2,8.0,0,9,42.8,58.1,0,69,32.1,50.0,9,4,6,6,0.16,2,10,2,2,0.22,3,4,3,3,0.19,4,,,,,,1,5,5,0.15,4,6,4,4,0.19,6,,,,,,7,1,1,0.21,2,,,,,,,,,,,,,,,,,,,,,,,,,,,,,,,5410,今泉 澪,136期,愛知,愛知,21,B2,,0,0,0.16,2.13,6.2,6.2,1.15,0.0,0.0,0,3,46.5,62.2,0,66,32.0,44.0,,2,6,6,0.18,5,7,6,4,0.14,6,1,6,5,0.34,5,,,,,,2,6,5,0.16,6,9,6,4,0.19,6,3,6,6,0.19,6,,,,,,,,,,,,,,,,,,,,,,,,,,,,,,,,,,,,4293,鈴木 智啓,94期,愛知,愛知,41,B1,,0,0,0.18,4.98,30.0,50.0,5.05,32.8,45.3,0,21,35.5,54.0,0,36,41.6,50.0,8,3,3,3,0.15,4,,,,,,3,1,1,0.08,3,10,4,4,0.16,3,,,,,,8,6,6,0.11,4,1,4,4,0.12,3,7,3,3,0.2,5,,,,,,,,,,,,,,,,,,,,,,,,,,,,,,,4604,岩瀬 裕亮,106期,愛知,愛知,38,A1,,0,0,0.14,7.24,51.5,65.3,7.47,59.0,79.0,0,47,33.5,52.2,0,24,25.9,33.3,10,3,2,2,0.13,2,12,5,6,0.14,3,8,1,1,0.16,1,12,4,4,0.18,5,5,2,1,0.1,1,10,5,5,0.15,2,3,5,5,0.16,3,10,3,3,0.23,2,,,,,,,,,,,,,,,,,,,,,,,,,,,,,,
202608140805,2026-08-14,08,05R,5125,高井 雄基,126期,愛知,愛知,30,A2,,1,0,0.17,5.06,28.1,48.9,5.63,34.1,58.9,0,12,41.8,61.2,0,12,10.7,35.7,11,,,,,,7,2,2,0.16,1,1,1,1,0.18,1,7,5,5,0.25,5,5,3,3,0.11,3,9,5,6,0.3,4,3,2,2,0.07,4,12,4,4,0.23,6,,,,,,,,,,,,,,,,,,,,,,,,,,,,,,,4901,出口 舞有子,117期,愛知,愛知,33,B1,,0,0,0.17,5.54,31.7,57.6,0.0,0.0,0.0,0,7,33.3,51.2,0,19,37.0,44.4,,1,4,4,0.28,5,9,2,2,0.1,6,5,3,3,0.21,5,,,,,,2,5,6,0.13,3,7,4,4,0.11,3,5,1,1,0.18,2,,,,,,,,,,,,,,,,,,,,,,,,,,,,,,,,,,,,4435,服部 達哉,100期,愛知,愛知,40,A2,,0,0,0.18,5.63,36.7,56.3,4.87,29.8,46.2,0,5,36.1,56.8,0,59,26.3,42.1,9,2,2,2,0.16,4,,,,,,5,4,5,0.2,2,11,3,3,0.22,6,,,,,,10,1,1,0.03,1,5,4,4,0.21,4,12,6,6,0.22,5,,,,,,,,,,,,,,,,,,,,,,,,,,,,,,,5232,樅山 拓馬,130期,愛知,愛知,28,B1,,0,0,0.16,5.19,28.8,46.6,2.74,5.2,15.7,0,28,29.7,50.0,0,35,27.5,41.3,,4,2,2,0.31,4,8,4,4,0.14,2,1,5,6,0.07,2,,,,,,3,1,1,0.12,2,8,3,3,0.06,1,1,5,5,0.12,4,10,2,2,0.22,6,,,,,,,,,,,,,,,,,,,,,,,,,,,,,,,4527,高野 心吾,103期,愛知,愛知,38,B1,,0,0,0.17,4.44,24.3,38.4,4.03,20.9,38.8,0,54,29.6,45.3,0,60,56.2,62.5,,2,3,3,0.27,6,8,1,1,0.13,3,3,2,2,0.1,4,,,,,,3,3,3,0.06,3,10,6,6,0.17,6,2,4,4,0.13,6,,,,,,,,,,,,,,,,,,,,,,,,,,,,,,,,,,,,3554,仲口 博崇,69期,愛知,愛知,54,A1,,0,0,0.18,6.47,51.9,67.9,6.74,53.2,75.4,0,10,41.2,56.4,0,28,26.9,46.1,10,4,4,5,0.18,3,12,2,2,0.19,5,2,4,4,0.23,1,12,1,1,0.13,1,3,4,6,0.1,1,9,3,3,0.11,2,6,1,1,0.14,1,11,4,5,0.33,5,,,,,,,,,,,,,,,,,,,,,,,,,,,,,,
202608140806,2026-08-14,08,06R,4142,平野 和明,89期,愛知,愛知,45,A2,,0,0,0.18,5.7,32.1,58.0,5.26,24.1,51.6,0,55,26.9,46.1,0,63,31.0,55.1,12,3,6,6,0.16,6,9,3,3,0.19,2,,,,,,10,1,1,0.2,2,5,4,5,0.13,2,12,2,2,0.1,4,2,2,2,0.14,2,7,4,4,0.23,3,,,,,,,,,,,,,,,,,,,,,,,,,,,,,,,4910,中村 泰平,117期,愛知,愛知,30,A1,,0,0,0.15,7.08,57.2,71.8,6.93,53.7,64.8,0,56,28.4,48.4,0,73,44.8,68.9,11,6,4,4,0.29,3,11,1,1,0.21,1,4,2,2,0.2,6,10,5,5,0.18,4,,,,,,12,6,6,0.09,5,3,3,3,0.07,2,8,1,1,0.22,1,,,,,,,,,,,,,,,,,,,,,,,,,,,,,,,3929,杢野 誓良,81期,愛知,愛知,50,B1,,0,0,0.16,4.06,17.9,34.8,4.25,20.5,35.2,0,50,34.3,49.7,0,57,51.5,69.7,1,6,2,2,0.25,4,,,,,,2,5,5,0.21,2,7,1,1,0.17,4,4,4,4,0.17,4,,,,,,7,6,6,0.19,4,11,3,3,0.15,3,,,,,,,,,,,,,,,,,,,,,,,,,,,,,,,5347,井澤 聖奈,134期,愛知,長野,22,B2,,0,0,0.21,1.64,0.0,3.0,1.28,0.0,0.0,0,24,33.0,48.5,0,72,41.6,50.0,,1,3,3,0.32,3,,,,,,2,6,6,0.22,4,8,6,5,0.12,6,2,4,4,0.2,5,,,,,,1,6,6,0.2,6,5,3,3,0.28,6,,,,,,,,,,,,,,,,,,,,,,,,,,,,,,,4837,酒井 陽祐,115期,愛知,愛知,37,B1,,0,0,0.16,4.88,31.7,51.2,5.0,34.0,48.9,0,30,43.0,61.6,0,65,38.1,61.9,1,3,1,1,0.16,1,10,4,4,0.22,5,4,5,5,0.16,3,,,,,,4,6,6,0.14,6,10,3,3,0.08,4,6,2,2,0.15,2,,,,,,,,,,,,,,,,,,,,,,,,,,,,,,,,,,,,4084,杉山 正樹,87期,愛知,愛知,46,A1,,0,0,0.16,6.44,43.6,63.9,6.92,52.8,67.3,0,13,31.4,47.4,0,15,20.0,32.0,11,8,5,5,0.17,5,12,3,3,0.2,4,6,1,1,0.12,1,11,4,4,0.12,1,6,5,5,0.13,2,12,1,1,0.14,1,5,6,6,0.14,3,9,2,2,0.18,2,,,,,,,,,,,,,,,,,,,,,,,,,,,,,,
202608140807,2026-08-14,08,07R,3999,大瀧 明日香,83期,愛知,静岡,47,A2,,1,0,0.16,6.29,47.8,65.8,5.9,40.0,58.0,0,52,34.6,52.7,0,32,38.8,61.1,12,1,1,1,0.31,1,10,5,5,0.21,2,5,2,2,0.21,1,12,3,3,0.15,2,6,6,6,0.24,4,11,4,4,0.16,3,,,,,,11,2,2,0.2,2,,,,,,,,,,,,,,,,,,,,,,,,,,,,,,,3690,河合 三弘,74期,愛知,愛知,55,B1,,0,0,0.19,4.87,31.0,46.0,4.18,20.0,40.0,0,36,31.1,52.9,0,20,35.7,57.1,2,5,1,1,0.23,2,,,,,,2,3,3,0.29,3,9,5,5,0.24,4,5,6,6,0.15,6,,,,,,1,2,2,0.27,5,11,6,4,0.26,6,,,,,,,,,,,,,,,,,,,,,,,,,,,,,,,3315,広瀬 聖仁,61期,愛知,愛知,60,B1,,0,0,0.16,4.31,22.6,33.3,4.88,25.0,46.0,0,8,34.9,51.4,0,34,43.7,46.8,2,,,,,,7,1,1,0.12,3,3,5,6,0.03,2,8,4,3,0.28,4,6,2,2,0.13,1,,,,,,3,4,4,0.11,5,7,5,5,0.43,6,,,,,,,,,,,,,,,,,,,,,,,,,,,,,,,5082,一色 凌雅,124期,愛知,愛知,27,B1,,0,0,0.18,5.23,33.6,53.2,4.78,11.1,33.3,0,57,33.8,52.6,0,18,37.9,68.9,12,2,5,5,0.15,2,11,3,3,0.37,2,,,,,,11,6,6,0.1,2,1,2,2,0.2,3,9,1,1,0.1,1,4,3,2,0.19,4,10,4,4,0.16,1,,,,,,,,,,,,,,,,,,,,,,,,,,,,,,,5405,竹内 来,136期,愛知,愛知,22,B1,,0,0,0.19,2.19,0.0,14.2,1.52,0.0,2.2,0,20,33.1,48.5,0,29,23.0,42.3,1,4,5,4,0.13,6,,,,,,3,6,5,0.07,5,7,6,6,0.24,6,5,5,4,0.28,4,,,,,,2,6,6,0.16,5,9,4,4,0.24,5,,,,,,,,,,,,,,,,,,,,,,,,,,,,,,,4850,野中 一平,115期,愛知,岐阜,31,A2,,0,0,0.11,6.18,42.5,56.6,6.2,43.9,60.9,0,19,34.1,54.6,0,14,41.3,68.9,11,2,4,4,0.11,1,10,1,1,0.15,1,,,,,,9,3,3,0.18,1,7,3,3,0.06,4,12,5,5,0.04,2,4,6,6,0.05,3,8,6,2,0.2,2,,,,,,,,,,,,,,,,,,,,,,,,,,,,,,
202608140808,2026-08-14,08,08R,4526,池田 雄祐,103期,愛知,愛知,38,A2,,0,0,0.15,4.82,26.3,42.1,6.48,47.7,61.3,0,53,39.0,50.5,0,46,26.9,34.6,12,5,6,6,0.16,4,11,4,4,0.24,4,,,,,,9,1,1,0.23,3,4,3,3,0.09,2,9,2,2,0.09,3,6,5,5,0.22,4,12,2,2,0.3,3,,,,,,,,,,,,,,,,,,,,,,,,,,,,,,,4293,鈴木 智啓,94期,愛知,愛知,41,B1,,0,0,0.18,4.98,30.0,50.0,5.05,32.8,45.3,0,21,35.5,54.0,0,36,41.6,50.0,4,3,3,3,0.15,4,,,,,,3,1,1,0.08,3,10,4,4,0.16,3,,,,,,8,6,6,0.11,4,1,4,4,0.12,3,7,3,3,0.2,5,,,,,,,,,,,,,,,,,,,,,,,,,,,,,,,4016,西川 新太郎,84期,愛知,愛知,46,B1,,0,0,0.16,5.5,33.6,54.4,6.02,42.0,68.0,0,14,49.7,65.9,0,43,33.3,48.4,3,5,3,3,0.25,6,10,6,6,0.21,4,6,4,4,0.12,4,,,,,,3,2,2,0.06,5,11,5,5,0.13,2,3,1,1,0.03,1,,,,,,,,,,,,,,,,,,,,,,,,,,,,,,,,,,,,4752,西尾 亮輔,112期,愛知,愛知,38,B1,,0,0,0.18,4.2,21.6,34.9,4.36,20.7,39.6,0,29,34.7,57.4,0,50,37.0,44.4,,,,,,,7,5,6,0.2,5,2,1,1,0.31,5,10,3,3,0.26,6,4,2,2,0.1,5,,,,,,1,3,3,0.14,2,8,3,4,0.32,6,,,,,,,,,,,,,,,,,,,,,,,,,,,,,,,3542,清水 紀克,69期,愛知,愛知,57,B1,,0,0,0.19,4.12,20.4,37.6,3.99,20.2,34.1,0,51,35.1,51.9,0,55,43.3,66.6,,,,,,,9,1,1,0.05,1,1,2,4,0.13,3,8,2,6,0.2,5,5,1,2,0.19,5,11,3,3,0.22,6,4,1,5,0.21,5,,,,,,,,,,,,,,,,,,,,,,,,,,,,,,,,,,,,3941,池田 浩二,81期,愛知,愛知,48,A1,,0,0,0.12,7.64,46.9,66.0,8.01,64.1,85.8,0,41,33.0,48.3,0,71,33.3,60.0,12,7,4,5,0.18,2,12,1,1,0.14,1,5,5,6,0.21,4,10,2,2,0.21,1,8,4,4,0.09,2,12,3,3,0.11,3,2,5,5,0.1,3,11,1,1,0.15,1,,,,,,,,,,,,,,,,,,,,,,,,,,,,,,
202608140809,2026-08-14,08,09R,4665,加藤 啓太,109期,愛知,愛知,42,B1,,0,0,0.17,4.08,17.4,32.5,4.61,25.8,38.7,0,59,41.2,58.7,0,56,24.1,48.2,2,3,4,4,0.08,3,11,6,6,0.28,5,6,2,2,0.17,2,,,,,,4,1,1,0.04,1,8,5,5,0.07,3,,,,,,9,3,3,0.21,6,,,,,,,,,,,,,,,,,,,,,,,,,,,,,,,5318,河内 一馬,133期,愛知,愛知,25,B1,,1,0,0.17,3.92,18.6,30.7,2.11,3.2,8.0,0,9,42.8,58.1,0,69,32.1,50.0,4,4,6,6,0.16,2,10,2,2,0.22,3,4,3,3,0.19,4,,,,,,1,5,5,0.15,4,6,4,4,0.19,6,,,,,,7,1,1,0.21,2,,,,,,,,,,,,,,,,,,,,,,,,,,,,,,,4630,岩永 雅人,107期,愛知,愛知,39,A2,,0,0,0.19,6.03,38.8,65.6,6.31,48.6,69.4,0,35,44.8,65.3,0,26,51.8,62.9,,,,,,,8,2,2,0.2,4,4,6,6,0.19,5,8,5,4,0.15,2,,,,,,8,2,2,0.16,エ,4,2,1,0.25,6,12,5,5,0.19,4,,,,,,,,,,,,,,,,,,,,,,,,,,,,,,,4678,水野 望美,109期,愛知,愛知,37,B1,,1,0,0.17,4.66,27.0,41.8,5.49,38.6,50.6,0,38,31.1,48.1,0,42,21.4,42.8,3,4,3,3,0.22,5,,,,,,5,1,1,0.2,3,9,4,4,0.23,2,2,2,2,0.12,2,,,,,,5,5,5,0.18,5,11,5,6,0.25,4,,,,,,,,,,,,,,,,,,,,,,,,,,,,,,,5074,大澤 誠也,124期,愛知,愛知,30,B1,,0,0,0.19,4.16,20.0,30.0,4.26,20.6,35.0,0,31,42.1,55.3,0,67,35.7,50.0,3,3,5,5,0.13,5,7,3,3,0.15,4,,,,,,8,3,2,0.21,3,1,4,4,0.14,5,7,1,1,0.07,2,,,,,,10,6,6,0.27,4,,,,,,,,,,,,,,,,,,,,,,,,,,,,,,,4435,服部 達哉,100期,愛知,愛知,40,A2,,0,0,0.18,5.63,36.7,56.3,4.87,29.8,46.2,0,5,36.1,56.8,0,59,26.3,42.1,5,2,2,2,0.16,4,,,,,,5,4,5,0.2,2,11,3,3,0.22,6,,,,,,10,1,1,0.03,1,5,4,4,0.21,4,12,6,6,0.22,5,,,,,,,,,,,,,,,,,,,,,,,,,,,,,,
202608140810,2026-08-14,08,10R,3554,仲口 博崇,69期,愛知,愛知,54,A1,,0,0,0.18,6.47,51.9,67.9,6.74,53.2,75.4,0,10,41.2,56.4,0,28,26.9,46.1,5,4,4,5,0.18,3,12,2,2,0.19,5,2,4,4,0.23,1,12,1,1,0.13,1,3,4,6,0.1,1,9,3,3,0.11,2,6,1,1,0.14,1,11,4,5,0.33,5,,,,,,,,,,,,,,,,,,,,,,,,,,,,,,,4409,坂元 浩仁,99期,愛知,愛知,40,A1,,1,0,0.15,6.31,47.8,59.5,6.32,44.1,58.8,0,40,32.5,49.5,0,44,50.0,65.3,3,6,1,1,0.24,1,12,6,5,0.14,6,3,4,4,0.07,1,9,6,6,0.26,5,4,5,5,0.15,3,11,1,1,0.12,1,7,2,2,0.17,1,12,3,3,0.23,2,,,,,,,,,,,,,,,,,,,,,,,,,,,,,,,4604,岩瀬 裕亮,106期,愛知,愛知,38,A1,,0,0,0.14,7.24,51.5,65.3,7.47,59.0,79.0,0,47,33.5,52.2,0,24,25.9,33.3,4,3,2,2,0.13,2,12,5,6,0.14,3,8,1,1,0.16,1,12,4,4,0.18,5,5,2,1,0.1,1,10,5,5,0.15,2,3,5,5,0.16,3,10,3,3,0.23,2,,,,,,,,,,,,,,,,,,,,,,,,,,,,,,,5002,上田 健太,121期,愛知,愛知,30,A2,,0,0,0.17,5.37,32.6,54.4,5.52,39.2,59.4,0,1,35.2,53.0,0,74,40.7,59.2,3,5,2,2,0.22,1,9,6,6,0.09,3,6,3,3,0.18,3,,,,,,3,5,5,0.02,4,12,4,4,0.05,6,4,4,3,0.07,1,9,1,1,0.19,1,,,,,,,,,,,,,,,,,,,,,,,,,,,,,,,4118,宇佐見 淳,88期,愛知,愛知,45,A2,,0,0,0.15,5.72,36.4,60.1,6.09,42.1,56.5,0,25,28.9,48.3,0,54,18.5,40.7,4,4,1,1,0.23,1,11,5,5,0.28,3,3,3,3,0.07,6,12,2,2,0.16,3,,,,,,7,5,6,0.18,5,1,1,1,0.12,1,9,5,5,0.22,3,,,,,,,,,,,,,,,,,,,,,,,,,,,,,,,3302,谷川 里江,60期,愛知,愛知,59,B1,,0,0,0.18,5.38,39.3,54.1,5.5,37.5,54.1,0,45,30.6,47.6,0,75,33.3,51.8,2,1,5,6,0.33,4,11,2,2,0.26,6,,,,,,7,4,4,0.18,1,2,1,1,0.09,1,6,3,3,0.19,5,4,5,4,0.07,2,,,,,,,,,,,,,,,,,,,,,,,,,,,,,,,,,,,
202608140811,2026-08-14,08,11R,4850,野中 一平,115期,愛知,岐阜,31,A2,,0,0,0.11,6.18,42.5,56.6,6.2,43.9,60.9,0,19,34.1,54.6,0,14,41.3,68.9,7,2,4,4,0.11,1,10,1,1,0.15,1,,,,,,9,3,3,0.18,1,7,3,3,0.06,4,12,5,5,0.04,2,4,6,6,0.05,3,8,6,2,0.2,2,,,,,,,,,,,,,,,,,,,,,,,,,,,,,,,4084,杉山 正樹,87期,愛知,愛知,46,A1,,0,0,0.16,6.44,43.6,63.9,6.92,52.8,67.3,0,13,31.4,47.4,0,15,20.0,32.0,6,8,5,5,0.17,5,12,3,3,0.2,4,6,1,1,0.12,1,11,4,4,0.12,1,6,5,5,0.13,2,12,1,1,0.14,1,5,6,6,0.14,3,9,2,2,0.18,2,,,,,,,,,,,,,,,,,,,,,,,,,,,,,,,5252,荒木 颯斗,130期,愛知,愛知,23,A2,,0,0,0.14,5.93,41.7,60.0,5.27,34.3,51.5,0,42,39.5,54.5,0,41,17.2,34.4,1,,,,,,8,3,3,0.14,1,7,2,2,0.13,2,12,6,6,0.16,4,6,1,1,0.02,3,10,4,4,0.08,3,5,2,2,0.23,1,10,5,5,0.16,3,,,,,,,,,,,,,,,,,,,,,,,,,,,,,,,4074,柳沢 一,86期,愛知,愛知,45,A1,,0,0,0.13,6.54,48.3,67.5,6.76,53.5,71.4,0,16,37.0,54.8,0,22,43.7,59.3,2,5,5,5,0.12,3,12,4,4,0.1,2,7,3,3,0.17,3,11,1,1,0.31,5,7,2,2,0.09,1,11,6,6,0.11,5,8,4,5,0.19,3,12,1,1,0.16,1,,,,,,,,,,,,,,,,,,,,,,,,,,,,,,,4910,中村 泰平,117期,愛知,愛知,30,A1,,0,0,0.15,7.08,57.2,71.8,6.93,53.7,64.8,0,56,28.4,48.4,0,73,44.8,68.9,6,6,4,4,0.29,3,11,1,1,0.21,1,4,2,2,0.2,6,10,5,5,0.18,4,,,,,,12,6,6,0.09,5,3,3,3,0.07,2,8,1,1,0.22,1,,,,,,,,,,,,,,,,,,,,,,,,,,,,,,,5125,高井 雄基,126期,愛知,愛知,30,A2,,1,0,0.17,5.06,28.1,48.9,5.63,34.1,58.9,0,12,41.8,61.2,0,12,10.7,35.7,5,,,,,,7,2,2,0.16,1,1,1,1,0.18,1,7,5,5,0.25,5,5,3,3,0.11,3,9,5,6,0.3,4,3,2,2,0.07,4,12,4,4,0.23,6,,,,,,,,,,,,,,,,,,,,,,,,,,,,,,
202608140812,2026-08-14,08,12R,3941,池田 浩二,81期,愛知,愛知,48,A1,,0,0,0.12,7.64,46.9,66.0,8.01,64.1,85.8,0,41,33.0,48.3,0,71,33.3,60.0,8,7,4,5,0.18,2,12,1,1,0.14,1,5,5,6,0.21,4,10,2,2,0.21,1,8,4,4,0.09,2,12,3,3,0.11,3,2,5,5,0.1,3,11,1,1,0.15,1,,,,,,,,,,,,,,,,,,,,,,,,,,,,,,,3999,大瀧 明日香,83期,愛知,静岡,47,A2,,1,0,0.16,6.29,47.8,65.8,5.9,40.0,58.0,0,52,34.6,52.7,0,32,38.8,61.1,7,1,1,1,0.31,1,10,5,5,0.21,2,5,2,2,0.21,1,12,3,3,0.15,2,6,6,6,0.24,4,11,4,4,0.16,3,,,,,,11,2,2,0.2,2,,,,,,,,,,,,,,,,,,,,,,,,,,,,,,,5082,一色 凌雅,124期,愛知,愛知,27,B1,,0,0,0.18,5.23,33.6,53.2,4.78,11.1,33.3,0,57,33.8,52.6,0,18,37.9,68.9,7,2,5,5,0.15,2,11,3,3,0.37,2,,,,,,11,6,6,0.1,2,1,2,2,0.2,3,9,1,1,0.1,1,4,3,2,0.19,4,10,4,4,0.16,1,,,,,,,,,,,,,,,,,,,,,,,,,,,,,,,3687,花田 和明,74期,愛知,愛知,56,B1,,0,0,0.16,4.97,29.8,48.2,5.01,28.9,46.9,0,26,34.4,52.3,0,11,37.0,55.5,4,6,3,3,0.23,2,,,,,,4,1,1,0.18,1,11,2,2,0.25,3,,,,,,9,4,5,0.1,5,2,3,3,0.08,1,8,5,6,0.61,4,,,,,,,,,,,,,,,,,,,,,,,,,,,,,,,4142,平野 和明,89期,愛知,愛知,45,A2,,0,0,0.18,5.7,32.1,58.0,5.26,24.1,51.6,0,55,26.9,46.1,0,63,31.0,55.1,6,3,6,6,0.16,6,9,3,3,0.19,2,,,,,,10,1,1,0.2,2,5,4,5,0.13,2,12,2,2,0.1,4,2,2,2,0.14,2,7,4,4,0.23,3,,,,,,,,,,,,,,,,,,,,,,,,,,,,,,,4526,池田 雄祐,103期,愛知,愛知,38,A2,,0,0,0.15,4.82,26.3,42.1,6.48,47.7,61.3,0,53,39.0,50.5,0,46,26.9,34.6,8,5,6,6,0.16,4,11,4,4,0.24,4,,,,,,9,1,1,0.23,3,4,3,3,0.09,2,9,2,2,0.09,3,6,5,5,0.22,4,12,2,2,0.3,3,,,,,,,,,,,,,,,,,,,,,,,,,,,,,,
202608141001,2026-08-14,10,01R,4391,松田 祐季,98期,福井,福井,40,A1,,0,0,0.15,6.94,53.5,66.6,7.03,53.2,70.3,0,57,40.3,60.5,0,25,33.0,50.9,12,,,,,,,,,,,,,,,,,,,,,,,,,,,,,,,,,,,,,,,,,,,,,,,,,,,,,,,,,,,,,,,,,,,,,,,3635,石田 政吾,72期,福井,石川,55,B1,,0,0,0.17,4.55,26.0,47.8,5.38,37.4,53.2,0,17,36.7,58.4,0,61,42.2,51.5,9,,,,,,,,,,,,,,,,,,,,,,,,,,,,,,,,,,,,,,,,,,,,,,,,,,,,,,,,,,,,,,,,,,,,,,,3891,谷口 健一,80期,福井,福井,50,B1,,0,0,0.18,3.57,15.2,24.7,3.82,18.3,26.4,0,42,48.1,66.9,0,51,32.3,52.3,8,,,,,,,,,,,,,,,,,,,,,,,,,,,,,,,,,,,,,,,,,,,,,,,,,,,,,,,,,,,,,,,,,,,,,,,4405,南野 利騰,99期,福井,石川,41,B1,,1,0,0.16,4.58,23.1,40.0,4.27,21.1,35.5,0,65,36.0,53.0,0,30,37.1,49.5,6,,,,,,,,,,,,,,,,,,,,,,,,,,,,,,,,,,,,,,,,,,,,,,,,,,,,,,,,,,,,,,,,,,,,,,,4339,平瀬 城啓,96期,福井,富山,42,B1,,0,0,0.19,3.77,12.7,27.9,4.22,23.7,34.0,0,46,38.1,59.0,0,13,30.3,47.0,10,,,,,,,,,,,,,,,,,,,,,,,,,,,,,,,,,,,,,,,,,,,,,,,,,,,,,,,,,,,,,,,,,,,,,,,5465,直江 健成,138期,福井,福井,19,B2,,1,0,0.0,1.04,0.0,0.0,1.11,0.0,0.0,0,15,33.6,48.6,0,44,48.2,62.0,,,,,,,,,,,,,,,,,,,,,,,,,,,,,,,,,,,,,,,,,,,,,,,,,,,,,,,,,,,,,,,,,,,,,,,
202608141002,2026-08-14,10,02R,3654,武田 光史,72期,福井,福井,52,A2,,0,0,0.16,6.87,57.5,72.5,6.74,51.6,67.9,0,13,38.5,56.8,0,27,30.5,52.6,11,,,,,,,,,,,,,,,,,,,,,,,,,,,,,,,,,,,,,,,,,,,,,,,,,,,,,,,,,,,,,,,,,,,,,,,4415,下出 卓矢,99期,福井,石川,39,A1,,0,0,0.14,6.17,48.6,58.8,6.74,53.4,66.4,0,25,33.9,45.6,0,56,30.7,47.1,12,,,,,,,,,,,,,,,,,,,,,,,,,,,,,,,,,,,,,,,,,,,,,,,,,,,,,,,,,,,,,,,,,,,,,,,4400,加藤 奈月,98期,福井,福井,38,B1,,0,0,0.18,4.12,17.9,34.6,4.38,26.7,37.5,0,45,39.2,57.9,0,31,41.6,55.2,9,,,,,,,,,,,,,,,,,,,,,,,,,,,,,,,,,,,,,,,,,,,,,,,,,,,,,,,,,,,,,,,,,,,,,,,3692,竹腰 正樹,74期,福井,石川,55,B1,,0,0,0.18,5.06,29.6,51.8,4.89,29.4,47.3,0,62,37.3,64.6,0,59,28.5,43.8,,,,,,,,,,,,,,,,,,,,,,,,,,,,,,,,,,,,,,,,,,,,,,,,,,,,,,,,,,,,,,,,,,,,,,,,3870,寺嶋 雄,79期,福井,福井,50,B1,,0,0,0.18,4.38,20.8,36.2,4.26,17.8,38.9,0,63,37.8,50.4,0,65,28.5,48.5,7,,,,,,,,,,,,,,,,,,,,,,,,,,,,,,,,,,,,,,,,,,,,,,,,,,,,,,,,,,,,,,,,,,,,,,,3455,谷本 幸司,65期,愛知,愛知,55,B1,,0,0,0.17,4.75,29.8,44.7,5.45,36.7,57.1,0,66,35.2,50.9,0,68,31.6,51.4,8,,,,,,,,,,,,,,,,,,,,,,,,,,,,,,,,,,,,,,,,,,,,,,,,,,,,,,,,,,,,,,,,,,,,,,
202608141003,2026-08-14,10,03R,4828,松山 将吾,114期,滋賀,京都,31,A1,,1,0,0.15,6.79,50.4,67.9,5.93,33.3,56.6,0,52,39.3,52.5,0,33,33.3,51.5,11,,,,,,,,,,,,,,,,,,,,,,,,,,,,,,,,,,,,,,,,,,,,,,,,,,,,,,,,,,,,,,,,,,,,,,,5355,萩原 丈太朗,134期,福井,福井,21,B1,,0,0,0.17,2.19,4.4,8.8,1.77,2.2,4.4,0,20,41.1,59.8,0,23,41.1,62.6,7,,,,,,,,,,,,,,,,,,,,,,,,,,,,,,,,,,,,,,,,,,,,,,,,,,,,,,,,,,,,,,,,,,,,,,,4228,吉田 慎二郎,92期,愛知,岐阜,43,A2,,1,0,0.17,6.45,49.5,68.1,4.85,30.7,38.4,0,12,37.2,50.9,0,29,23.7,43.5,9,,,,,,,,,,,,,,,,,,,,,,,,,,,,,,,,,,,,,,,,,,,,,,,,,,,,,,,,,,,,,,,,,,,,,,,5185,加藤 優弥,128期,福井,福井,26,B1,,1,0,0.13,5.13,32.9,48.7,5.09,29.7,48.9,0,49,37.3,51.5,0,70,31.4,49.0,8,,,,,,,,,,,,,,,,,,,,,,,,,,,,,,,,,,,,,,,,,,,,,,,,,,,,,,,,,,,,,,,,,,,,,,,4904,松本 一毅,117期,大阪,大阪,31,B1,,0,0,0.17,5.21,33.0,51.2,4.81,31.7,38.1,0,33,35.0,50.5,0,12,47.8,60.8,10,,,,,,,,,,,,,,,,,,,,,,,,,,,,,,,,,,,,,,,,,,,,,,,,,,,,,,,,,,,,,,,,,,,,,,,5366,塩嶋 泰空,135期,福井,石川,24,B2,,0,0,0.19,1.42,2.6,3.9,1.31,1.6,1.6,0,48,32.0,46.6,0,28,48.0,63.7,,,,,,,,,,,,,,,,,,,,,,,,,,,,,,,,,,,,,,,,,,,,,,,,,,,,,,,,,,,,,,,,,,,,,,,
202608141004,2026-08-14,10,04R,3548,室田 泰史,69期,福井,福井,56,A2,,0,0,0.12,5.1,33.9,48.7,5.63,39.5,56.1,0,54,43.3,59.7,0,14,34.6,51.4,9,,,,,,,,,,,,,,,,,,,,,,,,,,,,,,,,,,,,,,,,,,,,,,,,,,,,,,,,,,,,,,,,,,,,,,,5114,小林 孝彰,125期,福井,石川,26,B1,,0,0,0.16,5.92,45.9,61.2,5.67,39.3,53.5,0,36,31.5,54.0,0,15,36.6,52.4,,,,,,,,,,,,,,,,,,,,,,,,,,,,,,,,,,,,,,,,,,,,,,,,,,,,,,,,,,,,,,,,,,,,,,,,4666,日笠 勝弘,109期,大阪,大阪,42,B1,,0,0,0.16,4.03,21.7,32.0,4.4,28.0,40.0,0,61,33.0,43.4,0,35,36.4,55.1,,,,,,,,,,,,,,,,,,,,,,,,,,,,,,,,,,,,,,,,,,,,,,,,,,,,,,,,,,,,,,,,,,,,,,,,4013,中島 孝平,84期,福井,福井,46,A1,,0,0,0.14,7.17,51.0,68.7,7.54,63.4,79.8,0,55,35.4,51.0,0,71,37.0,59.0,12,,,,,,,,,,,,,,,,,,,,,,,,,,,,,,,,,,,,,,,,,,,,,,,,,,,,,,,,,,,,,,,,,,,,,,,4711,前出 達吉,110期,福井,石川,36,A2,,0,0,0.16,6.12,43.8,66.6,6.1,43.6,62.1,0,27,35.2,52.3,0,46,37.5,52.8,10,,,,,,,,,,,,,,,,,,,,,,,,,,,,,,,,,,,,,,,,,,,,,,,,,,,,,,,,,,,,,,,,,,,,,,,3957,大谷 直弘,82期,愛知,愛知,49,B1,,0,0,0.19,5.09,30.6,52.0,5.83,39.1,52.1,0,40,37.1,56.1,0,32,37.2,52.1,11,,,,,,,,,,,,,,,,,,,,,,,,,,,,,,,,,,,,,,,,,,,,,,,,,,,,,,,,,,,,,,,,,,,,,,
202608141005,2026-08-14,10,05R,4210,松村 康太,91期,福井,福井,43,A2,,0,0,0.17,5.22,26.5,52.2,5.98,38.3,62.2,0,34,33.6,48.6,0,63,36.0,46.0,10,,,,,,,,,,,,,,,,,,,,,,,,,,,,,,,,,,,,,,,,,,,,,,,,,,,,,,,,,,,,,,,,,,,,,,,3620,信濃 由行,71期,福井,石川,52,B1,,0,0,0.18,3.33,11.3,24.0,4.02,20.6,37.1,0,60,37.2,50.9,0,57,33.3,47.0,,,,,,,,,,,,,,,,,,,,,,,,,,,,,,,,,,,,,,,,,,,,,,,,,,,,,,,,,,,,,,,,,,,,,,,,3556,田中 信一郎,69期,大阪,大阪,53,A1,,0,0,0.14,6.93,53.0,71.0,6.03,35.4,48.3,0,21,29.0,45.4,0,39,27.1,41.1,11,,,,,,,,,,,,,,,,,,,,,,,,,,,,,,,,,,,,,,,,,,,,,,,,,,,,,,,,,,,,,,,,,,,,,,,4663,籾山 佳岳,109期,愛知,愛知,43,B2,,1,0,0.16,5.61,36.6,54.9,4.92,25.0,41.6,0,19,34.6,54.0,0,16,37.0,51.8,,,,,,,,,,,,,,,,,,,,,,,,,,,,,,,,,,,,,,,,,,,,,,,,,,,,,,,,,,,,,,,,,,,,,,,,4003,表 憲一,84期,福井,石川,48,B1,,0,0,0.18,5.57,35.4,56.9,5.46,30.5,54.8,0,51,40.5,60.4,0,38,34.5,48.6,9,,,,,,,,,,,,,,,,,,,,,,,,,,,,,,,,,,,,,,,,,,,,,,,,,,,,,,,,,,,,,,,,,,,,,,,4254,川島 圭司,93期,滋賀,滋賀,43,A2,,0,0,0.15,5.71,34.6,61.2,6.4,50.0,70.0,0,53,31.7,49.0,0,34,36.4,51.4,,,,,,,,,,,,,,,,,,,,,,,,,,,,,,,,,,,,,,,,,,,,,,,,,,,,,,,,,,,,,,,,,,,,,,,
202608141006,2026-08-14,10,06R,5282,中本 大樹,131期,福井,石川,23,B1,,0,0,0.17,5.57,37.9,59.2,4.06,19.2,35.7,0,18,32.6,42.8,0,42,31.0,52.0,,,,,,,,,,,,,,,,,,,,,,,,,,,,,,,,,,,,,,,,,,,,,,,,,,,,,,,,,,,,,,,,,,,,,,,,4369,丹下 将,97期,愛知,愛知,40,A2,,0,0,0.16,5.79,37.7,58.2,0.0,0.0,0.0,0,70,33.0,47.5,0,17,23.4,44.9,10,,,,,,,,,,,,,,,,,,,,,,,,,,,,,,,,,,,,,,,,,,,,,,,,,,,,,,,,,,,,,,,,,,,,,,,3814,金子 貴志,77期,福井,福井,50,B1,,0,0,0.2,5.1,28.5,49.5,4.97,31.3,50.4,0,43,43.8,60.9,0,69,24.7,43.5,,,,,,,,,,,,,,,,,,,,,,,,,,,,,,,,,,,,,,,,,,,,,,,,,,,,,,,,,,,,,,,,,,,,,,,,5085,中村 栄治,124期,福井,福井,27,A2,,0,0,0.22,5.44,36.6,51.4,4.36,22.9,40.9,0,58,36.0,51.3,0,26,41.5,56.4,11,,,,,,,,,,,,,,,,,,,,,,,,,,,,,,,,,,,,,,,,,,,,,,,,,,,,,,,,,,,,,,,,,,,,,,,4061,萩原 秀人,86期,福井,福井,47,A1,,0,0,0.14,7.45,58.4,72.5,7.47,57.1,80.5,0,35,41.6,57.2,0,53,28.4,42.1,12,,,,,,,,,,,,,,,,,,,,,,,,,,,,,,,,,,,,,,,,,,,,,,,,,,,,,,,,,,,,,,,,,,,,,,,4405,南野 利騰,99期,福井,石川,41,B1,,1,0,0.16,4.58,23.1,40.0,4.27,21.1,35.5,0,65,36.0,53.0,0,30,37.1,49.5,1,,,,,,,,,,,,,,,,,,,,,,,,,,,,,,,,,,,,,,,,,,,,,,,,,,,,,,,,,,,,,,,,,,,,,,
202608141007,2026-08-14,10,07R,3870,寺嶋 雄,79期,福井,福井,50,B1,,0,0,0.18,4.38,20.8,36.2,4.26,17.8,38.9,0,63,37.8,50.4,0,65,28.5,48.5,2,,,,,,,,,,,,,,,,,,,,,,,,,,,,,,,,,,,,,,,,,,,,,,,,,,,,,,,,,,,,,,,,,,,,,,,4587,木田 峰由季,105期,福井,石川,35,A1,,0,0,0.17,6.33,49.4,63.7,6.16,45.9,61.4,0,23,44.0,58.0,0,52,34.0,53.8,12,,,,,,,,,,,,,,,,,,,,,,,,,,,,,,,,,,,,,,,,,,,,,,,,,,,,,,,,,,,,,,,,,,,,,,,4824,松井 洪弥,114期,三重,三重,33,A2,,0,0,0.12,5.92,42.7,54.7,7.77,61.5,80.7,0,24,36.8,52.4,0,36,27.1,37.8,11,,,,,,,,,,,,,,,,,,,,,,,,,,,,,,,,,,,,,,,,,,,,,,,,,,,,,,,,,,,,,,,,,,,,,,,4930,佐藤 悠,118期,福井,石川,30,A2,,0,0,0.16,6.09,41.1,62.7,5.97,38.6,60.0,0,31,33.9,48.5,0,50,32.7,47.6,,,,,,,,,,,,,,,,,,,,,,,,,,,,,,,,,,,,,,,,,,,,,,,,,,,,,,,,,,,,,,,,,,,,,,,,5355,萩原 丈太朗,134期,福井,福井,21,B1,,0,0,0.17,2.19,4.4,8.8,1.77,2.2,4.4,0,20,41.1,59.8,0,23,41.1,62.6,3,,,,,,,,,,,,,,,,,,,,,,,,,,,,,,,,,,,,,,,,,,,,,,,,,,,,,,,,,,,,,,,,,,,,,,,4650,中山 雄太,108期,愛知,愛知,42,B2,,0,0,0.13,0.0,0.0,0.0,5.43,32.1,64.2,0,28,31.4,56.1,0,22,29.8,49.0,,,,,,,,,,,,,,,,,,,,,,,,,,,,,,,,,,,,,,,,,,,,,,,,,,,,,,,,,,,,,,,,,,,,,,,
202608141008,2026-08-14,10,08R,5185,加藤 優弥,128期,福井,福井,26,B1,,1,0,0.13,5.13,32.9,48.7,5.09,29.7,48.9,0,49,37.3,51.5,0,70,31.4,49.0,3,,,,,,,,,,,,,,,,,,,,,,,,,,,,,,,,,,,,,,,,,,,,,,,,,,,,,,,,,,,,,,,,,,,,,,,5038,金田 智博,122期,福井,石川,28,A2,,0,0,0.16,6.48,50.7,62.7,6.15,47.0,60.0,0,30,47.0,64.7,0,60,29.7,45.5,12,,,,,,,,,,,,,,,,,,,,,,,,,,,,,,,,,,,,,,,,,,,,,,,,,,,,,,,,,,,,,,,,,,,,,,,3455,谷本 幸司,65期,愛知,愛知,55,B1,,0,0,0.17,4.75,29.8,44.7,5.45,36.7,57.1,0,66,35.2,50.9,0,68,31.6,51.4,2,,,,,,,,,,,,,,,,,,,,,,,,,,,,,,,,,,,,,,,,,,,,,,,,,,,,,,,,,,,,,,,,,,,,,,,3891,谷口 健一,80期,福井,福井,50,B1,,0,0,0.18,3.57,15.2,24.7,3.82,18.3,26.4,0,42,48.1,66.9,0,51,32.3,52.3,1,,,,,,,,,,,,,,,,,,,,,,,,,,,,,,,,,,,,,,,,,,,,,,,,,,,,,,,,,,,,,,,,,,,,,,,4520,高倉 孝太,103期,福井,石川,39,A2,,0,0,0.13,5.67,36.8,51.4,5.5,34.7,55.8,0,44,40.7,59.2,0,55,32.9,53.1,,,,,,,,,,,,,,,,,,,,,,,,,,,,,,,,,,,,,,,,,,,,,,,,,,,,,,,,,,,,,,,,,,,,,,,,3713,伊藤 誠二,74期,愛知,愛知,51,A1,,1,0,0.15,5.4,41.6,51.0,6.64,46.4,75.0,0,14,32.5,41.5,0,49,23.3,43.6,,,,,,,,,,,,,,,,,,,,,,,,,,,,,,,,,,,,,,,,,,,,,,,,,,,,,,,,,,,,,,,,,,,,,,,
202608141009,2026-08-14,10,09R,4003,表 憲一,84期,福井,石川,48,B1,,0,0,0.18,5.57,35.4,56.9,5.46,30.5,54.8,0,51,40.5,60.4,0,38,34.5,48.6,5,,,,,,,,,,,,,,,,,,,,,,,,,,,,,,,,,,,,,,,,,,,,,,,,,,,,,,,,,,,,,,,,,,,,,,,4400,加藤 奈月,98期,福井,福井,38,B1,,0,0,0.18,4.12,17.9,34.6,4.38,26.7,37.5,0,45,39.2,57.9,0,31,41.6,55.2,2,,,,,,,,,,,,,,,,,,,,,,,,,,,,,,,,,,,,,,,,,,,,,,,,,,,,,,,,,,,,,,,,,,,,,,,3548,室田 泰史,69期,福井,福井,56,A2,,0,0,0.12,5.1,33.9,48.7,5.63,39.5,56.1,0,54,43.3,59.7,0,14,34.6,51.4,4,,,,,,,,,,,,,,,,,,,,,,,,,,,,,,,,,,,,,,,,,,,,,,,,,,,,,,,,,,,,,,,,,,,,,,,3635,石田 政吾,72期,福井,石川,55,B1,,0,0,0.17,4.55,26.0,47.8,5.38,37.4,53.2,0,17,36.7,58.4,0,61,42.2,51.5,1,,,,,,,,,,,,,,,,,,,,,,,,,,,,,,,,,,,,,,,,,,,,,,,,,,,,,,,,,,,,,,,,,,,,,,,4384,鶴本 崇文,98期,大阪,大阪,41,A1,,0,0,0.16,5.89,42.3,62.5,5.76,38.2,55.8,0,64,35.4,51.0,0,19,40.6,54.1,,,,,,,,,,,,,,,,,,,,,,,,,,,,,,,,,,,,,,,,,,,,,,,,,,,,,,,,,,,,,,,,,,,,,,,,4228,吉田 慎二郎,92期,愛知,岐阜,43,A2,,1,0,0.17,6.45,49.5,68.1,4.85,30.7,38.4,0,12,37.2,50.9,0,29,23.7,43.5,3,,,,,,,,,,,,,,,,,,,,,,,,,,,,,,,,,,,,,,,,,,,,,,,,,,,,,,,,,,,,,,,,,,,,,,
202608141010,2026-08-14,10,10R,4339,平瀬 城啓,96期,福井,富山,42,B1,,0,0,0.19,3.77,12.7,27.9,4.22,23.7,34.0,0,46,38.1,59.0,0,13,30.3,47.0,1,,,,,,,,,,,,,,,,,,,,,,,,,,,,,,,,,,,,,,,,,,,,,,,,,,,,,,,,,,,,,,,,,,,,,,,4711,前出 達吉,110期,福井,石川,36,A2,,0,0,0.16,6.12,43.8,66.6,6.1,43.6,62.1,0,27,35.2,52.3,0,46,37.5,52.8,4,,,,,,,,,,,,,,,,,,,,,,,,,,,,,,,,,,,,,,,,,,,,,,,,,,,,,,,,,,,,,,,,,,,,,,,4904,松本 一毅,117期,大阪,大阪,31,B1,,0,0,0.17,5.21,33.0,51.2,4.81,31.7,38.1,0,33,35.0,50.5,0,12,47.8,60.8,3,,,,,,,,,,,,,,,,,,,,,,,,,,,,,,,,,,,,,,,,,,,,,,,,,,,,,,,,,,,,,,,,,,,,,,,4369,丹下 将,97期,愛知,愛知,40,A2,,0,0,0.16,5.79,37.7,58.2,0.0,0.0,0.0,0,70,33.0,47.5,0,17,23.4,44.9,6,,,,,,,,,,,,,,,,,,,,,,,,,,,,,,,,,,,,,,,,,,,,,,,,,,,,,,,,,,,,,,,,,,,,,,,4210,松村 康太,91期,福井,福井,43,A2,,0,0,0.17,5.22,26.5,52.2,5.98,38.3,62.2,0,34,33.6,48.6,0,63,36.0,46.0,5,,,,,,,,,,,,,,,,,,,,,,,,,,,,,,,,,,,,,,,,,,,,,,,,,,,,,,,,,,,,,,,,,,,,,,,4797,中山 将,113期,三重,三重,34,A1,,2,0,0.13,6.57,48.9,73.4,6.42,42.3,65.3,0,50,33.9,52.6,0,11,30.1,54.7,,,,,,,,,,,,,,,,,,,,,,,,,,,,,,,,,,,,,,,,,,,,,,,,,,,,,,,,,,,,,,,,,,,,,,,
202608141011,2026-08-14,10,11R,3556,田中 信一郎,69期,大阪,大阪,53,A1,,0,0,0.14,6.93,53.0,71.0,6.03,35.4,48.3,0,21,29.0,45.4,0,39,27.1,41.1,5,,,,,,,,,,,,,,,,,,,,,,,,,,,,,,,,,,,,,,,,,,,,,,,,,,,,,,,,,,,,,,,,,,,,,,,3957,大谷 直弘,82期,愛知,愛知,49,B1,,0,0,0.19,5.09,30.6,52.0,5.83,39.1,52.1,0,40,37.1,56.1,0,32,37.2,52.1,4,,,,,,,,,,,,,,,,,,,,,,,,,,,,,,,,,,,,,,,,,,,,,,,,,,,,,,,,,,,,,,,,,,,,,,,4828,松山 将吾,114期,滋賀,京都,31,A1,,1,0,0.15,6.79,50.4,67.9,5.93,33.3,56.6,0,52,39.3,52.5,0,33,33.3,51.5,3,,,,,,,,,,,,,,,,,,,,,,,,,,,,,,,,,,,,,,,,,,,,,,,,,,,,,,,,,,,,,,,,,,,,,,,3654,武田 光史,72期,福井,福井,52,A2,,0,0,0.16,6.87,57.5,72.5,6.74,51.6,67.9,0,13,38.5,56.8,0,27,30.5,52.6,2,,,,,,,,,,,,,,,,,,,,,,,,,,,,,,,,,,,,,,,,,,,,,,,,,,,,,,,,,,,,,,,,,,,,,,,4824,松井 洪弥,114期,三重,三重,33,A2,,0,0,0.12,5.92,42.7,54.7,7.77,61.5,80.7,0,24,36.8,52.4,0,36,27.1,37.8,7,,,,,,,,,,,,,,,,,,,,,,,,,,,,,,,,,,,,,,,,,,,,,,,,,,,,,,,,,,,,,,,,,,,,,,,5085,中村 栄治,124期,福井,福井,27,A2,,0,0,0.22,5.44,36.6,51.4,4.36,22.9,40.9,0,58,36.0,51.3,0,26,41.5,56.4,6,,,,,,,,,,,,,,,,,,,,,,,,,,,,,,,,,,,,,,,,,,,,,,,,,,,,,,,,,,,,,,,,,,,,,,
202608141012,2026-08-14,10,12R,4013,中島 孝平,84期,福井,福井,46,A1,,0,0,0.14,7.17,51.0,68.7,7.54,63.4,79.8,0,55,35.4,51.0,0,71,37.0,59.0,4,,,,,,,,,,,,,,,,,,,,,,,,,,,,,,,,,,,,,,,,,,,,,,,,,,,,,,,,,,,,,,,,,,,,,,,4061,萩原 秀人,86期,福井,福井,47,A1,,0,0,0.14,7.45,58.4,72.5,7.47,57.1,80.5,0,35,41.6,57.2,0,53,28.4,42.1,6,,,,,,,,,,,,,,,,,,,,,,,,,,,,,,,,,,,,,,,,,,,,,,,,,,,,,,,,,,,,,,,,,,,,,,,4391,松田 祐季,98期,福井,福井,40,A1,,0,0,0.15,6.94,53.5,66.6,7.03,53.2,70.3,0,57,40.3,60.5,0,25,33.0,50.9,1,,,,,,,,,,,,,,,,,,,,,,,,,,,,,,,,,,,,,,,,,,,,,,,,,,,,,,,,,,,,,,,,,,,,,,,4415,下出 卓矢,99期,福井,石川,39,A1,,0,0,0.14,6.17,48.6,58.8,6.74,53.4,66.4,0,25,33.9,45.6,0,56,30.7,47.1,2,,,,,,,,,,,,,,,,,,,,,,,,,,,,,,,,,,,,,,,,,,,,,,,,,,,,,,,,,,,,,,,,,,,,,,,4587,木田 峰由季,105期,福井,石川,35,A1,,0,0,0.17,6.33,49.4,63.7,6.16,45.9,61.4,0,23,44.0,58.0,0,52,34.0,53.8,7,,,,,,,,,,,,,,,,,,,,,,,,,,,,,,,,,,,,,,,,,,,,,,,,,,,,,,,,,,,,,,,,,,,,,,,5038,金田 智博,122期,福井,石川,28,A2,,0,0,0.16,6.48,50.7,62.7,6.15,47.0,60.0,0,30,47.0,64.7,0,60,29.7,45.5,8,,,,,,,,,,,,,,,,,,,,,,,,,,,,,,,,,,,,,,,,,,,,,,,,,,,,,,,,,,,,,,,,,,,,,,
202608141201,2026-08-14,12,01R,4489,岩川 仁士,102期,大阪,大阪,39,B1,,0,0,0.15,5.15,33.3,48.5,4.14,18.3,30.9,0,19,39.5,63.9,0,35,31.2,50.0,8,3,6,6,0.24,6,7,2,2,0.09,6,,,,,,,,,,,,,,,,,,,,,,,,,,,,,,,,,,,,,,,,,,,,,,,,,,,,,,,,,,,,,3882,新田 智彰,80期,大阪,大阪,53,B1,,0,0,0.17,4.27,17.0,43.1,4.64,29.5,40.9,0,60,42.7,55.0,0,67,41.3,56.0,,2,5,5,0.18,6,6,6,6,0.21,6,,,,,,,,,,,,,,,,,,,,,,,,,,,,,,,,,,,,,,,,,,,,,,,,,,,,,,,,,,,,,4422,永井 亮次,99期,大阪,大阪,37,B1,,0,0,0.18,4.54,25.6,42.3,4.97,26.9,51.2,0,84,33.3,60.0,0,53,32.4,44.1,,4,1,1,0.21,3,9,5,5,0.22,4,,,,,,,,,,,,,,,,,,,,,,,,,,,,,,,,,,,,,,,,,,,,,,,,,,,,,,,,,,,,,4514,上條 嘉嗣,102期,大阪,大阪,36,A1,,0,0,0.19,6.66,54.8,70.6,6.98,55.0,73.3,0,72,30.3,42.7,0,12,40.5,60.8,9,,,,,,10,2,3,0.12,2,,,,,,,,,,,,,,,,,,,,,,,,,,,,,,,,,,,,,,,,,,,,,,,,,,,,,,,,,,,,,4967,中村 魁生,119期,大阪,大阪,28,A1,,1,0,0.15,6.64,46.7,71.3,6.23,42.6,62.3,0,57,46.3,65.8,0,73,37.5,53.7,7,,,,,,9,3,3,0.17,3,,,,,,,,,,,,,,,,,,,,,,,,,,,,,,,,,,,,,,,,,,,,,,,,,,,,,,,,,,,,,5467,野村 羽玖,138期,大阪,大阪,19,B2,,0,0,0.0,2.47,0.0,15.7,1.38,0.0,0.0,0,53,35.4,54.4,0,63,32.0,50.9,5,2,6,6,0.42,4,,,,,,,,,,,,,,,,,,,,,,,,,,,,,,,,,,,,,,,,,,,,,,,,,,,,,,,,,,,,,,,,,
202608141202,2026-08-14,12,02R,4631,新井 英孝,107期,大阪,大阪,39,B1,,0,0,0.16,4.96,33.3,50.0,4.88,26.7,47.6,0,64,55.4,67.4,0,32,38.7,48.7,6,5,3,2,0.27,4,9,4,4,0.15,6,,,,,,,,,,,,,,,,,,,,,,,,,,,,,,,,,,,,,,,,,,,,,,,,,,,,,,,,,,,,,4377,濱本 優一,98期,大阪,大阪,42,A1,,0,0,0.15,5.41,38.2,54.9,5.44,36.0,59.7,0,56,33.7,51.2,0,58,32.3,57.3,11,,,,,,7,3,3,0.15,3,,,,,,,,,,,,,,,,,,,,,,,,,,,,,,,,,,,,,,,,,,,,,,,,,,,,,,,,,,,,,4959,井上 忠政,119期,大阪,大阪,30,A1,,0,0,0.15,7.43,54.8,69.9,6.64,48.0,65.3,0,28,28.2,51.0,0,11,31.7,52.9,8,,,,,,12,5,5,0.09,3,,,,,,,,,,,,,,,,,,,,,,,,,,,,,,,,,,,,,,,,,,,,,,,,,,,,,,,,,,,,,4788,小池 哲也,113期,大阪,大阪,37,A2,,0,0,0.16,5.32,31.8,51.8,7.05,56.7,71.6,0,27,43.0,66.2,0,65,36.1,55.4,9,5,1,1,0.26,3,,,,,,,,,,,,,,,,,,,,,,,,,,,,,,,,,,,,,,,,,,,,,,,,,,,,,,,,,,,,,,,,,,5463,出口 飛龍,138期,大阪,和歌山,19,B2,,0,0,0.0,1.07,0.0,0.0,1.14,0.0,0.0,0,17,43.0,56.9,0,80,36.1,43.0,7,1,6,6,0.21,6,,,,,,,,,,,,,,,,,,,,,,,,,,,,,,,,,,,,,,,,,,,,,,,,,,,,,,,,,,,,,,,,,,4561,藤山 翔大,104期,大阪,大阪,35,A2,,1,0,0.18,5.71,41.1,55.1,6.03,46.0,53.9,0,20,50.6,67.9,0,29,36.9,54.7,10,6,3,3,0.21,4,,,,,,,,,,,,,,,,,,,,,,,,,,,,,,,,,,,,,,,,,,,,,,,,,,,,,,,,,,,,,,,,,
202608141203,2026-08-14,12,03R,5302,秋末 秦悟,132期,大阪,大阪,23,B1,,1,0,0.17,3.96,22.5,35.2,2.42,9.4,10.5,0,73,39.0,54.8,0,87,35.3,50.0,7,,,,,,7,6,6,0.19,5,,,,,,,,,,,,,,,,,,,,,,,,,,,,,,,,,,,,,,,,,,,,,,,,,,,,,,,,,,,,,4427,秦 英悟,100期,大阪,大阪,40,A1,,0,0,0.14,7.11,54.6,68.0,6.11,39.8,54.8,0,66,32.1,47.6,0,26,35.0,55.0,11,,,,,,10,1,1,0.14,1,,,,,,,,,,,,,,,,,,,,,,,,,,,,,,,,,,,,,,,,,,,,,,,,,,,,,,,,,,,,,4719,上條 暢嵩,110期,大阪,大阪,32,A1,,0,0,0.14,7.41,44.9,65.1,7.65,60.0,73.5,0,30,20.6,40.2,0,79,33.8,51.4,10,,,,,,12,1,1,0.11,1,,,,,,,,,,,,,,,,,,,,,,,,,,,,,,,,,,,,,,,,,,,,,,,,,,,,,,,,,,,,,4572,渡部 悟,105期,大阪,大阪,38,B1,,0,0,0.16,5.59,36.2,54.8,4.77,28.2,46.1,0,32,32.5,46.5,0,50,35.6,56.3,9,4,5,5,0.22,2,,,,,,,,,,,,,,,,,,,,,,,,,,,,,,,,,,,,,,,,,,,,,,,,,,,,,,,,,,,,,,,,,,4319,三宅 潤,95期,大阪,大阪,41,A2,,0,0,0.18,5.52,33.3,55.5,5.71,37.8,57.5,0,29,44.5,56.6,0,55,39.2,54.7,,6,2,2,0.19,5,10,6,6,0.13,5,,,,,,,,,,,,,,,,,,,,,,,,,,,,,,,,,,,,,,,,,,,,,,,,,,,,,,,,,,,,,5393,藤原 駿,136期,大阪,奈良,25,B2,,0,0,0.23,1.43,0.0,1.4,1.48,0.0,3.0,0,61,36.5,53.6,0,83,33.7,47.5,,5,6,5,0.21,6,,,,,,,,,,,,,,,,,,,,,,,,,,,,,,,,,,,,,,,,,,,,,,,,,,,,,,,,,,,,,,,,,
202608141204,2026-08-14,12,04R,5289,佃 來紀,132期,大阪,奈良,25,A2,,0,0,0.16,5.89,41.1,60.7,4.33,19.0,39.0,0,35,35.0,53.7,0,89,31.9,45.8,11,,,,,,9,6,6,0.18,5,,,,,,,,,,,,,,,,,,,,,,,,,,,,,,,,,,,,,,,,,,,,,,,,,,,,,,,,,,,,,5376,吉田 一心,135期,大阪,大阪,22,B1,,0,0,0.17,5.35,37.2,51.0,4.5,25.7,40.0,0,38,48.0,67.5,0,30,40.5,56.5,8,5,4,3,0.13,1,,,,,,,,,,,,,,,,,,,,,,,,,,,,,,,,,,,,,,,,,,,,,,,,,,,,,,,,,,,,,,,,,,4977,馬野 耀,120期,大阪,大阪,32,A2,,0,0,0.16,6.25,43.5,65.3,6.07,41.8,61.6,0,55,41.9,54.3,0,31,37.8,54.8,9,6,1,1,0.15,2,,,,,,,,,,,,,,,,,,,,,,,,,,,,,,,,,,,,,,,,,,,,,,,,,,,,,,,,,,,,,,,,,,3963,原田 秀弥,82期,大阪,奈良,47,A2,,0,0,0.17,5.81,36.6,61.6,6.17,46.6,65.3,0,24,46.4,61.9,0,77,32.0,54.6,,2,2,2,0.15,1,11,6,6,0.14,6,,,,,,,,,,,,,,,,,,,,,,,,,,,,,,,,,,,,,,,,,,,,,,,,,,,,,,,,,,,,,4659,木下 翔太,108期,大阪,大阪,35,A1,,0,0,0.15,7.62,54.5,74.3,6.85,49.2,70.6,0,52,33.7,55.0,0,16,30.2,48.8,10,,,,,,12,3,3,0.13,2,,,,,,,,,,,,,,,,,,,,,,,,,,,,,,,,,,,,,,,,,,,,,,,,,,,,,,,,,,,,,5450,藤本 遼磨,138期,大阪,大阪,23,B2,,0,0,0.0,2.18,2.5,7.5,1.63,0.0,0.0,0,26,32.5,55.0,0,14,32.1,44.8,,4,6,6,0.15,5,,,,,,,,,,,,,,,,,,,,,,,,,,,,,,,,,,,,,,,,,,,,,,,,,,,,,,,,,,,,,,,,,
202608141205,2026-08-14,12,05R,4832,権藤 俊光,115期,大阪,大阪,39,A1,,0,0,0.14,6.61,45.3,61.3,6.89,53.7,71.3,0,22,34.9,51.8,0,28,34.1,50.6,9,,,,,,12,6,6,0.06,6,,,,,,,,,,,,,,,,,,,,,,,,,,,,,,,,,,,,,,,,,,,,,,,,,,,,,,,,,,,,,5036,福田 翔吾,122期,大阪,大阪,28,B1,,0,0,0.18,5.13,31.4,52.3,5.05,35.1,46.8,0,79,36.7,62.0,0,13,35.6,56.1,11,,,,,,8,6,6,0.16,6,,,,,,,,,,,,,,,,,,,,,,,,,,,,,,,,,,,,,,,,,,,,,,,,,,,,,,,,,,,,,4639,雑賀 勇貴,107期,大阪,大阪,35,B1,,0,0,0.16,4.29,22.5,38.7,4.62,28.2,42.3,0,18,27.2,40.9,0,37,34.2,41.1,,2,1,1,0.17,5,7,4,4,0.16,4,,,,,,,,,,,,,,,,,,,,,,,,,,,,,,,,,,,,,,,,,,,,,,,,,,,,,,,,,,,,,3507,藤井 徹,67期,大阪,大阪,55,B1,,0,0,0.2,4.19,24.6,35.6,4.4,20.0,36.0,0,67,31.7,47.0,0,21,36.2,52.5,10,3,1,1,0.22,1,,,,,,,,,,,,,,,,,,,,,,,,,,,,,,,,,,,,,,,,,,,,,,,,,,,,,,,,,,,,,,,,,,5467,野村 羽玖,138期,大阪,大阪,19,B2,,0,0,0.0,2.47,0.0,15.7,1.38,0.0,0.0,0,53,35.4,54.4,0,63,32.0,50.9,1,2,6,6,0.42,4,,,,,,,,,,,,,,,,,,,,,,,,,,,,,,,,,,,,,,,,,,,,,,,,,,,,,,,,,,,,,,,,,,4834,浜本 裕己,115期,大阪,大阪,38,A2,,0,0,0.15,5.45,36.3,51.5,5.18,32.0,43.6,0,74,33.7,50.6,0,33,42.6,52.0,,4,2,2,0.24,6,10,4,4,0.09,4,,,,,,,,,,,,,,,,,,,,,,,,,,,,,,,,,,,,,,,,,,,,,,,,,,,,,,,,,,,,
202608141206,2026-08-14,12,06R,5004,河野 主樹,121期,大阪,大阪,30,A2,,0,0,0.15,5.9,39.5,59.6,5.32,33.3,48.4,0,37,30.9,42.8,0,57,34.1,54.8,10,,,,,,8,3,3,0.12,4,,,,,,,,,,,,,,,,,,,,,,,,,,,,,,,,,,,,,,,,,,,,,,,,,,,,,,,,,,,,,3997,北村 征嗣,83期,大阪,大阪,47,A1,,0,0,0.16,6.15,40.3,62.1,5.68,35.7,55.9,0,25,33.7,47.5,0,78,31.1,44.1,,7,1,1,0.11,1,11,5,5,0.08,4,,,,,,,,,,,,,,,,,,,,,,,,,,,,,,,,,,,,,,,,,,,,,,,,,,,,,,,,,,,,,4934,佐々木 翔斗,118期,大阪,大阪,30,A2,,0,0,0.17,5.16,29.5,45.4,5.39,37.0,55.5,0,82,38.2,64.0,0,17,47.8,66.2,,1,4,4,0.15,3,11,2,2,0.06,1,,,,,,,,,,,,,,,,,,,,,,,,,,,,,,,,,,,,,,,,,,,,,,,,,,,,,,,,,,,,,4168,石野 貴之,90期,大阪,大阪,44,A1,,1,0,0.14,6.8,46.9,61.2,6.64,47.5,63.4,0,39,37.9,51.7,0,24,38.6,52.0,11,,,,,,12,2,2,0.11,4,,,,,,,,,,,,,,,,,,,,,,,,,,,,,,,,,,,,,,,,,,,,,,,,,,,,,,,,,,,,,4631,新井 英孝,107期,大阪,大阪,39,B1,,0,0,0.16,4.96,33.3,50.0,4.88,26.7,47.6,0,64,55.4,67.4,0,32,38.7,48.7,2,5,3,2,0.27,4,9,4,4,0.15,6,,,,,,,,,,,,,,,,,,,,,,,,,,,,,,,,,,,,,,,,,,,,,,,,,,,,,,,,,,,,,3977,山本 兼士,83期,大阪,大阪,49,B1,,0,0,0.18,4.21,15.7,35.7,5.02,26.6,48.3,0,71,38.5,55.4,0,90,31.3,53.0,,1,3,3,0.1,5,8,2,2,0.09,3,,,,,,,,,,,,,,,,,,,,,,,,,,,,,,,,,,,,,,,,,,,,,,,,,,,,,,,,,,,,
202608141207,2026-08-14,12,07R,5325,澁川 夏,133期,大阪,大阪,23,B1,,0,0,0.17,6.01,42.7,64.0,3.69,13.5,30.5,0,34,29.4,49.4,0,51,38.2,56.1,,2,4,4,0.2,2,8,5,5,0.17,5,,,,,,,,,,,,,,,,,,,,,,,,,,,,,,,,,,,,,,,,,,,,,,,,,,,,,,,,,,,,,4967,中村 魁生,119期,大阪,大阪,28,A1,,1,0,0.15,6.64,46.7,71.3,6.23,42.6,62.3,0,57,46.3,65.8,0,73,37.5,53.7,1,,,,,,9,3,3,0.17,3,,,,,,,,,,,,,,,,,,,,,,,,,,,,,,,,,,,,,,,,,,,,,,,,,,,,,,,,,,,,,4436,渋谷 明憲,100期,大阪,大阪,40,A1,,1,0,0.15,6.32,47.7,67.7,6.18,43.7,65.1,0,70,39.5,59.2,0,71,33.7,50.0,,3,2,2,0.19,2,8,4,4,0.16,2,,,,,,,,,,,,,,,,,,,,,,,,,,,,,,,,,,,,,,,,,,,,,,,,,,,,,,,,,,,,,5302,秋末 秦悟,132期,大阪,大阪,23,B1,,1,0,0.17,3.96,22.5,35.2,2.42,9.4,10.5,0,73,39.0,54.8,0,87,35.3,50.0,3,,,,,,7,6,6,0.19,5,,,,,,,,,,,,,,,,,,,,,,,,,,,,,,,,,,,,,,,,,,,,,,,,,,,,,,,,,,,,,4907,小池 修平,117期,大阪,大阪,31,A1,,0,0,0.15,7.39,57.0,71.9,6.67,50.3,68.4,0,54,37.6,50.5,0,68,29.7,53.5,11,,,,,,12,4,4,0.14,5,,,,,,,,,,,,,,,,,,,,,,,,,,,,,,,,,,,,,,,,,,,,,,,,,,,,,,,,,,,,,5463,出口 飛龍,138期,大阪,和歌山,19,B2,,0,0,0.0,1.07,0.0,0.0,1.14,0.0,0.0,0,17,43.0,56.9,0,80,36.1,43.0,2,1,6,6,0.21,6,,,,,,,,,,,,,,,,,,,,,,,,,,,,,,,,,,,,,,,,,,,,,,,,,,,,,,,,,,,,,,,,,
202608141208,2026-08-14,12,08R,4311,岡村 仁,95期,大阪,大阪,42,A1,,1,0,0.15,6.62,50.9,66.6,6.54,48.0,69.6,0,23,28.5,41.6,0,20,33.3,50.6,,4,3,3,0.3,4,11,4,4,0.1,5,,,,,,,,,,,,,,,,,,,,,,,,,,,,,,,,,,,,,,,,,,,,,,,,,,,,,,,,,,,,,4959,井上 忠政,119期,大阪,大阪,30,A1,,0,0,0.15,7.43,54.8,69.9,6.64,48.0,65.3,0,28,28.2,51.0,0,11,31.7,52.9,2,,,,,,12,5,5,0.09,3,,,,,,,,,,,,,,,,,,,,,,,,,,,,,,,,,,,,,,,,,,,,,,,,,,,,,,,,,,,,,4138,中井 俊祐,89期,大阪,大阪,45,B1,,0,0,0.16,5.08,33.3,49.4,5.52,34.7,54.3,0,14,25.8,51.6,0,82,50.6,63.0,,1,1,1,0.09,2,6,4,4,0.09,3,,,,,,,,,,,,,,,,,,,,,,,,,,,,,,,,,,,,,,,,,,,,,,,,,,,,,,,,,,,,,4389,伊藤 喜智,98期,大阪,大阪,40,A2,,0,0,0.18,5.55,31.8,61.5,5.39,36.0,53.3,0,85,37.1,55.1,0,81,42.6,61.7,,3,5,5,0.26,4,9,2,2,0.18,2,,,,,,,,,,,,,,,,,,,,,,,,,,,,,,,,,,,,,,,,,,,,,,,,,,,,,,,,,,,,,4489,岩川 仁士,102期,大阪,大阪,39,B1,,0,0,0.15,5.15,33.3,48.5,4.14,18.3,30.9,0,19,39.5,63.9,0,35,31.2,50.0,1,3,6,6,0.24,6,7,2,2,0.09,6,,,,,,,,,,,,,,,,,,,,,,,,,,,,,,,,,,,,,,,,,,,,,,,,,,,,,,,,,,,,,5376,吉田 一心,135期,大阪,大阪,22,B1,,0,0,0.17,5.35,37.2,51.0,4.5,25.7,40.0,0,38,48.0,67.5,0,30,40.5,56.5,4,5,4,3,0.13,1,,,,,,,,,,,,,,,,,,,,,,,,,,,,,,,,,,,,,,,,,,,,,,,,,,,,,,,,,,,,,,,,,
202608141209,2026-08-14,12,09R,4514,上條 嘉嗣,102期,大阪,大阪,36,A1,,0,0,0.19,6.66,54.8,70.6,6.98,55.0,73.3,0,72,30.3,42.7,0,12,40.5,60.8,1,,,,,,10,2,3,0.12,2,,,,,,,,,,,,,,,,,,,,,,,,,,,,,,,,,,,,,,,,,,,,,,,,,,,,,,,,,,,,,4572,渡部 悟,105期,大阪,大阪,38,B1,,0,0,0.16,5.59,36.2,54.8,4.77,28.2,46.1,0,32,32.5,46.5,0,50,35.6,56.3,3,4,5,5,0.22,2,,,,,,,,,,,,,,,,,,,,,,,,,,,,,,,,,,,,,,,,,,,,,,,,,,,,,,,,,,,,,,,,,,4832,権藤 俊光,115期,大阪,大阪,39,A1,,0,0,0.14,6.61,45.3,61.3,6.89,53.7,71.3,0,22,34.9,51.8,0,28,34.1,50.6,5,,,,,,12,6,6,0.06,6,,,,,,,,,,,,,,,,,,,,,,,,,,,,,,,,,,,,,,,,,,,,,,,,,,,,,,,,,,,,,4905,土井 祥伍,117期,大阪,大阪,31,B1,,0,0,0.21,4.63,23.0,40.6,4.1,20.0,38.0,0,11,43.3,56.6,0,85,32.4,53.2,,3,3,3,0.19,5,10,5,5,0.13,6,,,,,,,,,,,,,,,,,,,,,,,,,,,,,,,,,,,,,,,,,,,,,,,,,,,,,,,,,,,,,4977,馬野 耀,120期,大阪,大阪,32,A2,,0,0,0.16,6.25,43.5,65.3,6.07,41.8,61.6,0,55,41.9,54.3,0,31,37.8,54.8,4,6,1,1,0.15,2,,,,,,,,,,,,,,,,,,,,,,,,,,,,,,,,,,,,,,,,,,,,,,,,,,,,,,,,,,,,,,,,,,4788,小池 哲也,113期,大阪,大阪,37,A2,,0,0,0.16,5.32,31.8,51.8,7.05,56.7,71.6,0,27,43.0,66.2,0,65,36.1,55.4,2,5,1,1,0.26,3,,,,,,,,,,,,,,,,,,,,,,,,,,,,,,,,,,,,,,,,,,,,,,,,,,,,,,,,,,,,,,,,,
202608141210,2026-08-14,12,10R,4659,木下 翔太,108期,大阪,大阪,35,A1,,0,0,0.15,7.62,54.5,74.3,6.85,49.2,70.6,0,52,33.7,55.0,0,16,30.2,48.8,4,,,,,,12,3,3,0.13,2,,,,,,,,,,,,,,,,,,,,,,,,,,,,,,,,,,,,,,,,,,,,,,,,,,,,,,,,,,,,,4561,藤山 翔大,104期,大阪,大阪,35,A2,,1,0,0.18,5.71,41.1,55.1,6.03,46.0,53.9,0,20,50.6,67.9,0,29,36.9,54.7,2,6,3,3,0.21,4,,,,,,,,,,,,,,,,,,,,,,,,,,,,,,,,,,,,,,,,,,,,,,,,,,,,,,,,,,,,,,,,,,5046,松山 裕基,123期,大阪,大阪,32,B1,,1,0,0.17,3.85,16.0,30.6,4.26,21.1,38.8,0,33,35.3,45.1,0,75,38.3,52.0,,1,5,5,0.16,4,5,5,4,0.31,5,,,,,,,,,,,,,,,,,,,,,,,,,,,,,,,,,,,,,,,,,,,,,,,,,,,,,,,,,,,,,4719,上條 暢嵩,110期,大阪,大阪,32,A1,,0,0,0.14,7.41,44.9,65.1,7.65,60.0,73.5,0,30,20.6,40.2,0,79,33.8,51.4,3,,,,,,12,1,1,0.11,1,,,,,,,,,,,,,,,,,,,,,,,,,,,,,,,,,,,,,,,,,,,,,,,,,,,,,,,,,,,,,5004,河野 主樹,121期,大阪,大阪,30,A2,,0,0,0.15,5.9,39.5,59.6,5.32,33.3,48.4,0,37,30.9,42.8,0,57,34.1,54.8,6,,,,,,8,3,3,0.12,4,,,,,,,,,,,,,,,,,,,,,,,,,,,,,,,,,,,,,,,,,,,,,,,,,,,,,,,,,,,,,3507,藤井 徹,67期,大阪,大阪,55,B1,,0,0,0.2,4.19,24.6,35.6,4.4,20.0,36.0,0,67,31.7,47.0,0,21,36.2,52.5,5,3,1,1,0.22,1,,,,,,,,,,,,,,,,,,,,,,,,,,,,,,,,,,,,,,,,,,,,,,,,,,,,,,,,,,,,,,,,,
202608141211,2026-08-14,12,11R,4168,石野 貴之,90期,大阪,大阪,44,A1,,1,0,0.14,6.8,46.9,61.2,6.64,47.5,63.4,0,39,37.9,51.7,0,24,38.6,52.0,6,,,,,,12,2,2,0.11,4,,,,,,,,,,,,,,,,,,,,,,,,,,,,,,,,,,,,,,,,,,,,,,,,,,,,,,,,,,,,,4907,小池 修平,117期,大阪,大阪,31,A1,,0,0,0.15,7.39,57.0,71.9,6.67,50.3,68.4,0,54,37.6,50.5,0,68,29.7,53.5,7,,,,,,12,4,4,0.14,5,,,,,,,,,,,,,,,,,,,,,,,,,,,,,,,,,,,,,,,,,,,,,,,,,,,,,,,,,,,,,5036,福田 翔吾,122期,大阪,大阪,28,B1,,0,0,0.18,5.13,31.4,52.3,5.05,35.1,46.8,0,79,36.7,62.0,0,13,35.6,56.1,5,,,,,,8,6,6,0.16,6,,,,,,,,,,,,,,,,,,,,,,,,,,,,,,,,,,,,,,,,,,,,,,,,,,,,,,,,,,,,,5289,佃 來紀,132期,大阪,奈良,25,A2,,0,0,0.16,5.89,41.1,60.7,4.33,19.0,39.0,0,35,35.0,53.7,0,89,31.9,45.8,4,,,,,,9,6,6,0.18,5,,,,,,,,,,,,,,,,,,,,,,,,,,,,,,,,,,,,,,,,,,,,,,,,,,,,,,,,,,,,,4427,秦 英悟,100期,大阪,大阪,40,A1,,0,0,0.14,7.11,54.6,68.0,6.11,39.8,54.8,0,66,32.1,47.6,0,26,35.0,55.0,3,,,,,,10,1,1,0.14,1,,,,,,,,,,,,,,,,,,,,,,,,,,,,,,,,,,,,,,,,,,,,,,,,,,,,,,,,,,,,,4377,濱本 優一,98期,大阪,大阪,42,A1,,0,0,0.15,5.41,38.2,54.9,5.44,36.0,59.7,0,56,33.7,51.2,0,58,32.3,57.3,2,,,,,,7,3,3,0.15,3,,,,,,,,,,,,,,,,,,,,,,,,,,,,,,,,,,,,,,,,,,,,,,,,,,,,,,,,,,,,
202608141212,2026-08-14,12,12R,3415,松井 繁,64期,大阪,大阪,56,A1,,0,0,0.14,7.17,44.6,61.9,7.32,53.7,74.6,0,51,43.3,60.2,0,36,32.3,57.3,,5,2,6,0.1,2,10,3,2,0.16,3,,,,,,,,,,,,,,,,,,,,,,,,,,,,,,,,,,,,,,,,,,,,,,,,,,,,,,,,,,,,,4760,山崎 郡,112期,大阪,大阪,36,A1,,0,0,0.14,7.44,50.7,72.3,7.08,48.7,65.3,0,16,33.7,46.0,0,59,43.8,54.7,,6,5,5,0.1,1,11,3,3,0.07,2,,,,,,,,,,,,,,,,,,,,,,,,,,,,,,,,,,,,,,,,,,,,,,,,,,,,,,,,,,,,,4044,湯川 浩司,85期,大阪,大阪,46,A1,,0,0,0.14,6.77,42.8,60.7,6.5,45.3,57.8,0,77,37.0,52.8,0,88,37.3,60.0,,3,4,4,0.19,3,11,1,1,0.09,3,,,,,,,,,,,,,,,,,,,,,,,,,,,,,,,,,,,,,,,,,,,,,,,,,,,,,,,,,,,,,4397,西村 拓也,98期,大阪,大阪,39,A1,,0,0,0.13,7.4,60.0,79.2,6.99,48.0,68.6,0,80,48.1,66.2,0,69,39.1,60.8,,1,2,2,0.1,1,7,5,5,0.17,2,,,,,,,,,,,,,,,,,,,,,,,,,,,,,,,,,,,,,,,,,,,,,,,,,,,,,,,,,,,,,4826,井上 一輝,114期,大阪,大阪,32,A1,,0,0,0.13,6.98,52.6,70.5,6.68,43.2,72.8,0,69,36.1,53.0,0,76,33.3,50.6,,2,3,3,0.16,3,9,1,1,0.17,1,,,,,,,,,,,,,,,,,,,,,,,,,,,,,,,,,,,,,,,,,,,,,,,,,,,,,,,,,,,,,5267,石本 裕武,131期,大阪,大阪,26,A1,,0,0,0.15,6.53,50.0,60.5,6.4,47.2,63.8,0,58,36.0,48.8,0,72,32.1,48.8,,4,4,4,0.2,1,8,1,1,0.15,1,,,,,,,,,,,,,,,,,,,,,,,,,,,,,,,,,,,,,,,,,,,,,,,,,,,,,,,,,,,,
202608141301,2026-08-14,13,01R,4648,木村 亮太,108期,兵庫,大阪,42,B1,,0,0,0.17,5.4,36.9,52.0,5.35,32.4,55.4,0,62,25.3,42.6,0,22,32.9,51.9,11,1,3,3,0.18,4,10,6,6,0.16,5,6,2,2,0.07,2,,,,,,1,5,5,0.11,2,,,,,,4,1,1,0.14,1,11,4,4,0.07,3,,,,,,12,6,6,0.12,5,,,,,,,,,,,,,,,,,,,,,5003,来田 衣織,121期,兵庫,兵庫,30,B1,,0,0,0.16,5.1,36.9,48.6,3.66,19.0,31.4,0,29,31.2,46.2,0,25,30.8,45.6,,2,4,4,0.12,6,7,2,2,0.25,5,,,,,,7,5,6,0.07,6,5,3,3,0.11,5,,,,,,1,1,1,0.18,2,9,3,3,0.11,3,6,4,5,0.19,5,,,,,,,,,,,,,,,,,,,,,,,,,,5386,米玉利 大悟,135期,兵庫,兵庫,20,B1,,0,0,0.19,3.58,14.4,27.6,2.33,2.9,11.9,0,30,30.8,45.6,0,53,36.0,47.6,,,,,,,8,6,6,0.09,6,3,1,1,0.2,6,9,2,2,0.01,4,4,3,3,0.02,4,,,,,,3,2,2,0.13,5,8,6,4,0.15,5,4,4,5,0.27,4,,,,,,,,,,,,,,,,,,,,,,,,,,4965,福岡 泉水,119期,兵庫,兵庫,28,B1,,0,0,0.19,4.44,22.5,40.8,4.48,26.6,38.5,0,45,36.9,51.1,0,74,46.0,53.9,9,3,5,6,0.13,2,8,3,3,0.07,5,1,1,1,0.08,1,,,,,,,,,,,11,2,2,0.09,3,4,4,4,0.16,4,10,5,5,0.04,4,3,3,3,0.12,1,9,2,2,0.1,3,,,,,,,,,,,,,,,,,,,,,4982,中村 将隆,120期,兵庫,兵庫,29,B1,,1,0,0.15,5.0,30.5,51.3,4.82,25.0,45.5,0,36,33.7,51.2,0,65,34.1,53.6,6,5,6,6,0.23,5,11,2,2,0.15,5,,,,,,8,5,5,0.16,3,2,3,3,0.15,4,6,4,4,0.13,2,5,1,1,0.11,1,,,,,,2,4,4,0.18,2,8,2,2,0.11,2,,,,,,,,,,,,,,,,,,,,,5456,今村 天次朗,138期,兵庫,兵庫,20,B2,,0,0,0.0,2.07,0.0,4.6,2.13,0.0,0.0,0,60,29.4,53.8,0,45,41.7,60.7,,1,6,6,0.42,6,,,,,,3,6,4,0.08,4,7,6,5,0.14,5,6,6,5,0.11,6,,,,,,1,6,6,0.17,6,,,,,,3,6,6,0.19,6,7,6,5,0.11,3,,,,,,,,,,,,,,,,,,,,
202608141302,2026-08-14,13,02R,5179,藤本 元輝,128期,兵庫,兵庫,29,B1,,0,0,0.2,4.55,26.1,42.8,4.06,25.4,35.2,0,17,39.7,47.9,0,21,43.5,52.5,10,4,1,1,0.18,1,,,,,,6,4,4,0.08,3,11,5,5,0.16,5,,,,,,10,3,3,0.13,2,2,2,2,0.16,2,12,6,6,0.09,3,,,,,,11,3,3,0.15,6,,,,,,,,,,,,,,,,,,,,,4040,廣瀬 将亨,85期,兵庫,兵庫,47,A2,,0,0,0.15,5.81,37.2,55.0,5.84,39.3,57.5,0,63,41.1,61.1,0,37,40.8,53.5,7,2,2,2,0.15,4,11,5,5,0.11,4,,,,,,9,6,6,0.15,5,1,3,3,0.09,1,10,1,1,0.09,1,5,4,4,0.05,6,,,,,,3,1,1,0.14,2,8,4,4,0.08,5,,,,,,,,,,,,,,,,,,,,,5324,畑田 希咲,133期,兵庫,兵庫,23,B1,,0,0,0.21,2.61,3.3,10.1,1.84,4.0,6.1,0,52,23.2,35.6,0,48,37.9,54.4,,5,2,2,0.19,6,,,,,,3,4,5,0.23,5,8,4,4,0.16,6,1,1,1,0.24,4,,,,,,1,3,3,0.16,3,6,2,2,0.25,4,4,5,6,0.25,5,,,,,,,,,,,,,,,,,,,,,,,,,,4375,照屋 厚仁,98期,兵庫,大阪,42,A2,,0,0,0.17,5.66,37.0,57.4,6.09,47.1,64.3,0,18,45.4,66.2,0,58,28.7,43.7,8,,,,,,10,5,5,0.14,4,2,6,6,0.16,4,8,2,2,0.06,1,,,,,,9,1,1,0.07,1,2,4,4,0.13,6,11,3,3,0.1,4,4,1,1,0.19,1,8,5,5,0.08,4,,,,,,,,,,,,,,,,,,,,,4877,鈴谷 一平,116期,兵庫,兵庫,31,A1,,0,0,0.14,6.24,47.2,60.1,6.25,46.8,59.3,0,10,30.4,45.1,0,34,37.9,64.5,9,,,,,,10,1,1,0.17,2,7,3,3,0.09,3,12,4,4,0.07,3,4,2,2,0.04,1,10,6,6,0.09,5,,,,,,11,5,5,0.11,6,3,4,4,0.18,3,7,3,3,0.21,1,,,,,,,,,,,,,,,,,,,,,5421,原田 朱理,137期,兵庫,大阪,24,B2,,0,0,0.24,1.4,1.8,3.7,1.83,4.3,4.3,0,49,31.3,42.1,0,67,29.8,49.4,,6,6,6,0.32,5,,,,,,2,4,4,0.37,6,,,,,,1,6,6,0.23,6,5,5,5,0.15,6,6,6,4,0.23,6,,,,,,1,6,6,0.16,6,5,6,4,0.1,6,,,,,,,,,,,,,,,,,,,,
202608141303,2026-08-14,13,03R,5126,山下 大輝,126期,兵庫,兵庫,29,A1,,0,0,0.15,6.9,51.4,73.2,5.48,36.7,53.5,0,4,51.9,62.3,0,39,32.9,48.1,10,,,,,,9,1,1,0.15,1,3,5,6,0.14,1,12,2,2,0.09,4,2,5,5,0.16,3,9,4,4,0.12,2,,,,,,8,3,3,0.11,1,,,,,,10,6,6,0.12,5,,,,,,,,,,,,,,,,,,,,,4857,加藤 翔馬,115期,兵庫,兵庫,29,A1,,0,0,0.16,7.32,61.9,76.8,7.25,59.4,77.2,0,11,33.7,50.0,0,75,41.0,56.4,11,3,2,2,0.12,6,12,6,6,0.14,3,6,5,5,0.07,4,12,1,1,0.05,1,,,,,,7,4,4,0.17,2,5,3,3,0.02,2,10,1,1,0.14,3,,,,,,12,5,5,0.07,6,,,,,,,,,,,,,,,,,,,,,5297,南 彩寧,132期,兵庫,兵庫,24,B1,,0,0,0.22,3.78,18.4,32.6,2.45,9.7,13.0,0,23,57.8,71.0,0,73,45.7,55.4,,1,1,1,0.22,5,,,,,,4,4,4,0.07,4,8,3,3,0.02,4,,,,,,7,2,2,0.32,6,4,5,6,0.14,5,8,2,2,0.31,4,5,4,5,0.17,5,,,,,,,,,,,,,,,,,,,,,,,,,,4365,盛本 真輔,97期,兵庫,兵庫,40,A2,,0,0,0.18,5.82,41.5,56.1,5.44,34.3,56.5,0,32,38.5,53.0,0,61,27.7,39.7,9,5,1,1,0.12,1,,,,,,6,3,3,0.07,6,10,6,6,0.14,3,,,,,,8,2,2,0.17,4,7,5,5,0.2,6,12,4,4,0.01,5,2,1,1,0.15,1,6,3,3,0.22,1,,,,,,,,,,,,,,,,,,,,,4725,佐竹 太一,111期,兵庫,兵庫,39,B1,,0,0,0.18,4.84,23.6,44.0,4.57,24.6,39.5,0,12,50.0,65.3,0,35,38.4,56.4,8,2,1,1,0.21,1,8,5,5,0.07,2,,,,,,11,4,4,0.11,3,3,2,2,0.2,4,9,3,3,0.06,3,,,,,,7,6,6,0.19,4,3,2,2,0.15,5,8,3,3,0.08,3,,,,,,,,,,,,,,,,,,,,,5060,数原 魁,123期,兵庫,兵庫,29,A2,,0,0,0.17,6.13,46.8,59.5,5.43,35.6,56.3,0,24,32.9,48.7,0,15,35.2,56.4,7,5,3,3,0.23,3,,,,,,5,2,2,0.08,4,12,5,5,0.08,6,6,5,6,0.06,5,,,,,,6,1,1,0.22,5,10,4,4,0.04,1,4,3,3,0.19,3,9,1,1,0.08,1,,,,,,,,,,,,,,,,,,,,
202608141304,2026-08-14,13,04R,4654,篠田 優也,108期,兵庫,兵庫,40,A1,,0,0,0.17,6.44,44.3,71.1,6.31,45.5,70.1,0,9,45.6,69.1,0,56,43.6,47.8,11,,,,,,9,4,4,0.12,4,4,3,3,0.11,1,11,6,6,0.27,2,5,1,1,0.15,1,10,5,5,0.12,6,,,,,,11,2,2,0.13,2,,,,,,11,2,2,0.07,4,,,,,,,,,,,,,,,,,,,,,4512,高野 哲史,102期,兵庫,兵庫,37,A1,,0,0,0.15,6.98,56.0,70.4,7.16,55.5,69.6,0,37,39.0,57.3,0,46,40.9,59.0,10,4,2,2,0.17,3,12,4,4,0.1,6,5,5,5,0.12,1,10,1,1,0.15,1,,,,,,9,6,6,0.13,6,6,3,3,0.19,3,11,1,1,0.14,1,,,,,,10,3,3,0.08,6,,,,,,,,,,,,,,,,,,,,,4105,松下 直也,88期,兵庫,兵庫,46,B1,,0,0,0.19,5.4,34.4,56.9,5.86,41.0,60.0,0,35,40.7,57.8,0,57,43.7,60.0,9,1,5,5,0.21,3,7,3,3,0.3,4,1,5,6,0.14,4,,,,,,2,1,1,0.13,5,10,4,4,0.14,3,1,2,2,0.16,1,,,,,,4,2,2,0.26,2,9,5,5,0.25,5,,,,,,,,,,,,,,,,,,,,,4002,古結 宏,84期,兵庫,兵庫,48,A1,,0,0,0.14,6.44,46.7,65.1,7.12,54.9,76.0,0,13,39.7,51.2,0,44,31.5,48.6,8,2,5,6,0.15,2,10,2,2,0.19,3,5,3,3,0.11,2,,,,,,6,1,1,0.1,1,11,4,4,0.1,6,,,,,,12,5,5,0.06,1,5,2,2,0.11,2,9,3,3,0.14,2,,,,,,,,,,,,,,,,,,,,,4381,田路 朋史,98期,兵庫,兵庫,41,A2,,0,0,0.17,5.35,35.4,48.1,5.87,40.2,61.9,0,48,31.8,48.8,0,72,36.3,54.5,9,6,5,5,0.19,2,,,,,,3,3,3,0.23,2,11,2,2,0.17,4,,,,,,7,5,6,0.19,5,3,4,4,0.11,2,9,1,1,0.17,5,1,3,3,0.18,4,7,1,1,0.2,2,,,,,,,,,,,,,,,,,,,,,5440,薗頭 心,137期,兵庫,兵庫,20,B2,,0,0,0.19,1.92,6.6,6.6,1.47,3.3,3.3,0,3,40.9,61.4,0,18,36.9,57.5,,4,6,6,0.21,6,,,,,,4,6,5,0.09,5,,,,,,2,6,6,0.25,6,8,6,4,0.05,6,3,6,6,0.12,6,,,,,,2,6,6,0.11,6,6,6,4,0.21,6,,,,,,,,,,,,,,,,,,,,
202608141305,2026-08-14,13,05R,4278,藤岡 俊介,94期,兵庫,兵庫,43,A1,,0,0,0.13,6.89,56.1,69.9,6.97,54.6,65.3,0,15,38.1,48.6,0,50,30.2,53.4,10,4,5,5,0.17,5,11,3,3,0.09,1,,,,,,7,1,1,0.08,1,4,4,4,0.03,3,12,2,2,0.06,1,,,,,,9,6,6,0.13,6,,,,,,11,4,4,0.06,3,,,,,,,,,,,,,,,,,,,,,3577,向所 浩二,70期,兵庫,兵庫,53,B1,,0,0,0.17,4.61,21.2,40.0,4.94,30.5,41.6,0,2,36.3,56.8,0,54,33.7,45.0,,4,4,4,0.17,4,9,3,3,0.18,3,2,1,1,0.06,2,,,,,,,,,,,8,5,6,0.06,5,5,5,5,0.08,5,12,2,2,0.09,6,1,5,5,0.12,1,5,3,3,0.11,3,,,,,,,,,,,,,,,,,,,,,3612,馬袋 義則,71期,兵庫,兵庫,53,A1,,0,0,0.14,6.75,55.0,71.3,6.19,47.2,61.1,0,8,34.1,56.4,0,64,38.6,61.3,10,1,4,4,0.17,2,11,1,1,0.09,2,,,,,,10,5,5,0.14,4,6,2,2,0.12,3,,,,,,6,4,6,0.19,1,12,3,3,0.08,4,,,,,,10,4,4,0.11,3,,,,,,,,,,,,,,,,,,,,,4543,重木 輝彦,104期,兵庫,兵庫,38,A1,,1,0,0.17,6.61,47.1,66.9,6.62,49.5,68.2,0,57,33.3,54.7,0,62,27.7,43.3,9,6,3,3,0.2,4,11,4,4,0.16,3,6,1,1,0.04,1,,,,,,5,6,6,0.16,4,9,2,2,0.11,4,,,,,,9,5,5,0.16,2,2,5,5,0.13,4,8,1,1,0.09,1,,,,,,,,,,,,,,,,,,,,,4295,小坂 尚哉,94期,兵庫,大阪,39,A1,,0,0,0.14,7.34,56.5,80.3,6.99,52.9,72.4,0,40,39.2,53.5,0,12,26.0,42.4,11,8,1,1,0.08,1,12,5,5,0.12,2,,,,,,7,4,4,0.09,2,3,6,6,0.14,2,10,2,2,0.15,4,4,3,3,0.11,2,12,1,1,0.1,2,,,,,,12,1,1,0.11,3,,,,,,,,,,,,,,,,,,,,,5470,坂口 諒宗,138期,兵庫,兵庫,17,B2,,1,0,0.0,1.23,0.0,0.0,1.38,0.0,0.0,0,14,30.1,42.1,0,24,31.2,43.7,,2,6,5,0.29,5,,,,,,1,6,4,0.31,5,6,6,6,0.11,5,4,6,5,0.05,6,,,,,,4,6,5,0.19,6,,,,,,4,6,4,0.23,6,8,6,6,0.12,6,,,,,,,,,,,,,,,,,,,,
202608141306,2026-08-14,13,06R,4925,森 悠稀,118期,兵庫,兵庫,33,A2,,0,0,0.16,5.9,35.0,63.0,5.96,33.3,65.6,0,26,45.9,63.5,0,59,36.1,54.2,11,,,,,,8,2,2,0.09,4,2,5,5,0.11,5,12,3,3,0.08,2,3,4,4,0.08,3,8,1,1,0.05,1,,,,,,10,6,6,0.07,2,,,,,,11,6,6,0.03,5,,,,,,,,,,,,,,,,,,,,,4290,稲田 浩二,94期,兵庫,兵庫,41,A1,,0,0,0.12,6.68,44.0,63.7,7.16,53.0,68.7,0,38,26.3,43.0,0,71,38.7,51.2,10,6,1,1,0.11,1,12,3,3,0.09,4,,,,,,8,6,6,0.15,5,5,4,4,0.17,3,12,1,1,0.06,3,3,5,5,0.1,3,7,2,2,0.09,2,,,,,,10,5,5,0.05,4,,,,,,,,,,,,,,,,,,,,,4982,中村 将隆,120期,兵庫,兵庫,29,B1,,1,0,0.15,5.0,30.5,51.3,4.82,25.0,45.5,0,36,33.7,51.2,0,65,34.1,53.6,1,5,6,6,0.23,5,11,2,2,0.15,5,,,,,,8,5,5,0.16,3,2,3,3,0.15,4,6,4,4,0.13,2,5,1,1,0.11,1,,,,,,2,4,4,0.18,2,8,2,2,0.11,2,,,,,,,,,,,,,,,,,,,,,5396,近藤 来希,136期,兵庫,島根,24,B2,,0,0,0.2,2.21,3.4,5.1,1.8,2.4,7.3,0,31,34.1,51.2,0,52,29.4,51.7,,5,4,4,0.22,4,,,,,,5,6,6,0.22,5,,,,,,3,3,3,0.19,5,7,6,5,0.26,3,2,3,3,0.11,4,,,,,,3,5,5,0.17,4,9,6,6,0.28,6,,,,,,,,,,,,,,,,,,,,,5247,大森 翼,130期,兵庫,兵庫,24,B1,,0,0,0.18,4.62,20.5,47.0,4.68,24.4,46.6,0,54,46.0,53.9,0,49,36.6,50.7,,6,2,2,0.16,3,,,,,,4,1,1,0.17,2,10,2,4,0.13,6,6,3,3,0.11,4,12,4,6,0.14,6,,,,,,8,4,5,0.12,転,6,2,2,0.25,3,,,,,,,,,,,,,,,,,,,,,,,,,,5161,登玉 隼百,127期,兵庫,兵庫,27,A2,,0,0,0.15,5.74,44.8,57.4,5.59,37.9,54.0,0,39,47.6,63.9,0,13,36.0,52.3,,,,,,,7,1,1,0.14,1,4,2,2,0.16,6,12,6,6,0.14,5,,,,,,7,3,3,0.22,4,1,5,5,0.22,5,7,4,4,0.25,3,5,1,1,0.1,1,9,4,4,0.17,4,,,,,,,,,,,,,,,,,,,,
202608141307,2026-08-14,13,07R,4633,森 智也,107期,兵庫,兵庫,37,A2,,0,0,0.17,5.46,32.4,55.5,5.63,32.2,58.3,0,53,34.5,44.4,0,30,40.9,55.4,,,,,,,9,2,2,0.17,6,1,4,5,0.19,3,8,1,1,0.08,2,,,,,,12,5,4,0.18,5,2,6,6,0.23,3,10,3,3,0.12,6,2,2,2,0.17,3,7,4,4,0.24,6,,,,,,,,,,,,,,,,,,,,,4446,和田 兼輔,100期,兵庫,兵庫,39,A1,,1,0,0.13,6.86,50.0,70.5,6.36,46.3,65.2,0,5,34.5,51.8,0,43,41.6,61.1,11,5,5,5,0.19,2,12,2,2,0.13,5,,,,,,11,1,1,0.15,1,4,5,6,0.04,5,8,3,3,0.1,2,1,4,4,0.19,4,8,1,1,0.12,2,,,,,,12,4,4,0.09,4,,,,,,,,,,,,,,,,,,,,,5333,山下 智己,133期,兵庫,兵庫,22,B2,,0,0,0.2,3.49,12.7,25.5,3.04,14.4,18.5,0,25,40.2,63.6,0,38,40.2,67.0,,3,6,5,0.19,4,,,,,,2,3,3,0.16,3,7,2,2,0.09,4,1,4,4,0.15,5,,,,,,5,2,2,0.06,4,,,,,,1,1,1,0.23,2,6,5,6,0.23,4,,,,,,,,,,,,,,,,,,,,,5060,数原 魁,123期,兵庫,兵庫,29,A2,,0,0,0.17,6.13,46.8,59.5,5.43,35.6,56.3,0,24,32.9,48.7,0,15,35.2,56.4,3,5,3,3,0.23,3,,,,,,5,2,2,0.08,4,12,5,5,0.08,6,6,5,6,0.06,5,,,,,,6,1,1,0.22,5,10,4,4,0.04,1,4,3,3,0.19,3,9,1,1,0.08,1,,,,,,,,,,,,,,,,,,,,,3828,明石 正之,78期,兵庫,兵庫,52,B1,,1,0,0.16,5.33,29.7,50.0,5.57,39.1,54.3,0,33,26.9,48.7,0,36,50.7,60.5,,4,3,3,0.14,2,10,4,4,0.15,6,1,2,2,0.19,6,,,,,,4,1,1,0.06,2,9,5,5,0.15,5,,,,,,7,3,3,0.13,5,1,2,2,0.22,3,7,5,6,0.19,4,,,,,,,,,,,,,,,,,,,,,4040,廣瀬 将亨,85期,兵庫,兵庫,47,A2,,0,0,0.15,5.81,37.2,55.0,5.84,39.3,57.5,0,63,41.1,61.1,0,37,40.8,53.5,2,2,2,2,0.15,4,11,5,5,0.11,4,,,,,,9,6,6,0.15,5,1,3,3,0.09,1,10,1,1,0.09,1,5,4,4,0.05,6,,,,,,3,1,1,0.14,2,8,4,4,0.08,5,,,,,,,,,,,,,,,,,,,,
202608141308,2026-08-14,13,08R,4002,古結 宏,84期,兵庫,兵庫,48,A1,,0,0,0.14,6.44,46.7,65.1,7.12,54.9,76.0,0,13,39.7,51.2,0,44,31.5,48.6,4,2,5,6,0.15,2,10,2,2,0.19,3,5,3,3,0.11,2,,,,,,6,1,1,0.1,1,11,4,4,0.1,6,,,,,,12,5,5,0.06,1,5,2,2,0.11,2,9,3,3,0.14,2,,,,,,,,,,,,,,,,,,,,,5273,山下 拓巳,131期,兵庫,兵庫,24,B1,,0,0,0.17,3.8,18.7,30.2,3.95,20.0,33.6,0,1,38.7,52.5,0,32,35.4,59.4,,6,4,4,0.26,6,,,,,,1,3,3,0.19,2,9,5,5,0.13,6,3,1,1,0.22,6,,,,,,3,3,3,0.09,4,10,2,2,0.16,5,5,5,6,0.14,4,,,,,,,,,,,,,,,,,,,,,,,,,,4375,照屋 厚仁,98期,兵庫,大阪,42,A2,,0,0,0.17,5.66,37.0,57.4,6.09,47.1,64.3,0,18,45.4,66.2,0,58,28.7,43.7,2,,,,,,10,5,5,0.14,4,2,6,6,0.16,4,8,2,2,0.06,1,,,,,,9,1,1,0.07,1,2,4,4,0.13,6,11,3,3,0.1,4,4,1,1,0.19,1,8,5,5,0.08,4,,,,,,,,,,,,,,,,,,,,,4725,佐竹 太一,111期,兵庫,兵庫,39,B1,,0,0,0.18,4.84,23.6,44.0,4.57,24.6,39.5,0,12,50.0,65.3,0,35,38.4,56.4,3,2,1,1,0.21,1,8,5,5,0.07,2,,,,,,11,4,4,0.11,3,3,2,2,0.2,4,9,3,3,0.06,3,,,,,,7,6,6,0.19,4,3,2,2,0.15,5,8,3,3,0.08,3,,,,,,,,,,,,,,,,,,,,,4902,山川 雄大,117期,兵庫,兵庫,33,B1,,0,0,0.2,4.32,25.5,40.0,4.88,30.9,48.4,0,34,28.2,48.2,0,42,34.5,53.0,,3,3,3,0.19,5,11,6,6,0.14,6,5,4,4,0.16,3,,,,,,5,2,2,0.14,2,,,,,,2,1,1,0.16,1,6,5,5,0.21,2,2,3,3,0.18,5,7,2,2,0.28,5,,,,,,,,,,,,,,,,,,,,,4790,柳内 敬太,113期,兵庫,兵庫,36,A1,賞除,1,0,0.15,6.38,41.6,72.9,5.65,36.8,57.8,0,20,27.1,40.7,0,41,37.5,47.2,,,,,,,7,6,6,0.3,6,5,1,1,0.14,6,11,3,3,0.15,6,1,2,2,0.19,3,8,4,5,0.08,3,4,2,2,0.12,3,,,,,,1,4,4,0.21,5,6,1,1,0.21,2,,,,,,,,,,,,,,,,,,,,
202608141309,2026-08-14,13,09R,4877,鈴谷 一平,116期,兵庫,兵庫,31,A1,,0,0,0.14,6.24,47.2,60.1,6.25,46.8,59.3,0,10,30.4,45.1,0,34,37.9,64.5,2,,,,,,10,1,1,0.17,2,7,3,3,0.09,3,12,4,4,0.07,3,4,2,2,0.04,1,10,6,6,0.09,5,,,,,,11,5,5,0.11,6,3,4,4,0.18,3,7,3,3,0.21,1,,,,,,,,,,,,,,,,,,,,,4381,田路 朋史,98期,兵庫,兵庫,41,A2,,0,0,0.17,5.35,35.4,48.1,5.87,40.2,61.9,0,48,31.8,48.8,0,72,36.3,54.5,4,6,5,5,0.19,2,,,,,,3,3,3,0.23,2,11,2,2,0.17,4,,,,,,7,5,6,0.19,5,3,4,4,0.11,2,9,1,1,0.17,5,1,3,3,0.18,4,7,1,1,0.2,2,,,,,,,,,,,,,,,,,,,,,4543,重木 輝彦,104期,兵庫,兵庫,38,A1,,1,0,0.17,6.61,47.1,66.9,6.62,49.5,68.2,0,57,33.3,54.7,0,62,27.7,43.3,5,6,3,3,0.2,4,11,4,4,0.16,3,6,1,1,0.04,1,,,,,,5,6,6,0.16,4,9,2,2,0.11,4,,,,,,9,5,5,0.16,2,2,5,5,0.13,4,8,1,1,0.09,1,,,,,,,,,,,,,,,,,,,,,4105,松下 直也,88期,兵庫,兵庫,46,B1,,0,0,0.19,5.4,34.4,56.9,5.86,41.0,60.0,0,35,40.7,57.8,0,57,43.7,60.0,4,1,5,5,0.21,3,7,3,3,0.3,4,1,5,6,0.14,4,,,,,,2,1,1,0.13,5,10,4,4,0.14,3,1,2,2,0.16,1,,,,,,4,2,2,0.26,2,9,5,5,0.25,5,,,,,,,,,,,,,,,,,,,,,4965,福岡 泉水,119期,兵庫,兵庫,28,B1,,0,0,0.19,4.44,22.5,40.8,4.48,26.6,38.5,0,45,36.9,51.1,0,74,46.0,53.9,1,3,5,6,0.13,2,8,3,3,0.07,5,1,1,1,0.08,1,,,,,,,,,,,11,2,2,0.09,3,4,4,4,0.16,4,10,5,5,0.04,4,3,3,3,0.12,1,9,2,2,0.1,3,,,,,,,,,,,,,,,,,,,,,4365,盛本 真輔,97期,兵庫,兵庫,40,A2,,0,0,0.18,5.82,41.5,56.1,5.44,34.3,56.5,0,32,38.5,53.0,0,61,27.7,39.7,3,5,1,1,0.12,1,,,,,,6,3,3,0.07,6,10,6,6,0.14,3,,,,,,8,2,2,0.17,4,7,5,5,0.2,6,12,4,4,0.01,5,2,1,1,0.15,1,6,3,3,0.22,1,,,,,,,,,,,,,,,,,,,,
202608141310,2026-08-14,13,10R,3612,馬袋 義則,71期,兵庫,兵庫,53,A1,,0,0,0.14,6.75,55.0,71.3,6.19,47.2,61.1,0,8,34.1,56.4,0,64,38.6,61.3,5,1,4,4,0.17,2,11,1,1,0.09,2,,,,,,10,5,5,0.14,4,6,2,2,0.12,3,,,,,,6,4,6,0.19,1,12,3,3,0.08,4,,,,,,10,4,4,0.11,3,,,,,,,,,,,,,,,,,,,,,4278,藤岡 俊介,94期,兵庫,兵庫,43,A1,,0,0,0.13,6.89,56.1,69.9,6.97,54.6,65.3,0,15,38.1,48.6,0,50,30.2,53.4,5,4,5,5,0.17,5,11,3,3,0.09,1,,,,,,7,1,1,0.08,1,4,4,4,0.03,3,12,2,2,0.06,1,,,,,,9,6,6,0.13,6,,,,,,11,4,4,0.06,3,,,,,,,,,,,,,,,,,,,,,4290,稲田 浩二,94期,兵庫,兵庫,41,A1,,0,0,0.12,6.68,44.0,63.7,7.16,53.0,68.7,0,38,26.3,43.0,0,71,38.7,51.2,6,6,1,1,0.11,1,12,3,3,0.09,4,,,,,,8,6,6,0.15,5,5,4,4,0.17,3,12,1,1,0.06,3,3,5,5,0.1,3,7,2,2,0.09,2,,,,,,10,5,5,0.05,4,,,,,,,,,,,,,,,,,,,,,5126,山下 大輝,126期,兵庫,兵庫,29,A1,,0,0,0.15,6.9,51.4,73.2,5.48,36.7,53.5,0,4,51.9,62.3,0,39,32.9,48.1,3,,,,,,9,1,1,0.15,1,3,5,6,0.14,1,12,2,2,0.09,4,2,5,5,0.16,3,9,4,4,0.12,2,,,,,,8,3,3,0.11,1,,,,,,10,6,6,0.12,5,,,,,,,,,,,,,,,,,,,,,5179,藤本 元輝,128期,兵庫,兵庫,29,B1,,0,0,0.2,4.55,26.1,42.8,4.06,25.4,35.2,0,17,39.7,47.9,0,21,43.5,52.5,2,4,1,1,0.18,1,,,,,,6,4,4,0.08,3,11,5,5,0.16,5,,,,,,10,3,3,0.13,2,2,2,2,0.16,2,12,6,6,0.09,3,,,,,,11,3,3,0.15,6,,,,,,,,,,,,,,,,,,,,,4512,高野 哲史,102期,兵庫,兵庫,37,A1,,0,0,0.15,6.98,56.0,70.4,7.16,55.5,69.6,0,37,39.0,57.3,0,46,40.9,59.0,4,4,2,2,0.17,3,12,4,4,0.1,6,5,5,5,0.12,1,10,1,1,0.15,1,,,,,,9,6,6,0.13,6,6,3,3,0.19,3,11,1,1,0.14,1,,,,,,10,3,3,0.08,6,,,,,,,,,,,,,,,,,,,,
202608141311,2026-08-14,13,11R,4295,小坂 尚哉,94期,兵庫,大阪,39,A1,,0,0,0.14,7.34,56.5,80.3,6.99,52.9,72.4,0,40,39.2,53.5,0,12,26.0,42.4,5,8,1,1,0.08,1,12,5,5,0.12,2,,,,,,7,4,4,0.09,2,3,6,6,0.14,2,10,2,2,0.15,4,4,3,3,0.11,2,12,1,1,0.1,2,,,,,,12,1,1,0.11,3,,,,,,,,,,,,,,,,,,,,,4654,篠田 優也,108期,兵庫,兵庫,40,A1,,0,0,0.17,6.44,44.3,71.1,6.31,45.5,70.1,0,9,45.6,69.1,0,56,43.6,47.8,4,,,,,,9,4,4,0.12,4,4,3,3,0.11,1,11,6,6,0.27,2,5,1,1,0.15,1,10,5,5,0.12,6,,,,,,11,2,2,0.13,2,,,,,,11,2,2,0.07,4,,,,,,,,,,,,,,,,,,,,,4446,和田 兼輔,100期,兵庫,兵庫,39,A1,,1,0,0.13,6.86,50.0,70.5,6.36,46.3,65.2,0,5,34.5,51.8,0,43,41.6,61.1,7,5,5,5,0.19,2,12,2,2,0.13,5,,,,,,11,1,1,0.15,1,4,5,6,0.04,5,8,3,3,0.1,2,1,4,4,0.19,4,8,1,1,0.12,2,,,,,,12,4,4,0.09,4,,,,,,,,,,,,,,,,,,,,,4925,森 悠稀,118期,兵庫,兵庫,33,A2,,0,0,0.16,5.9,35.0,63.0,5.96,33.3,65.6,0,26,45.9,63.5,0,59,36.1,54.2,6,,,,,,8,2,2,0.09,4,2,5,5,0.11,5,12,3,3,0.08,2,3,4,4,0.08,3,8,1,1,0.05,1,,,,,,10,6,6,0.07,2,,,,,,11,6,6,0.03,5,,,,,,,,,,,,,,,,,,,,,4648,木村 亮太,108期,兵庫,大阪,42,B1,,0,0,0.17,5.4,36.9,52.0,5.35,32.4,55.4,0,62,25.3,42.6,0,22,32.9,51.9,1,1,3,3,0.18,4,10,6,6,0.16,5,6,2,2,0.07,2,,,,,,1,5,5,0.11,2,,,,,,4,1,1,0.14,1,11,4,4,0.07,3,,,,,,12,6,6,0.12,5,,,,,,,,,,,,,,,,,,,,,4857,加藤 翔馬,115期,兵庫,兵庫,29,A1,,0,0,0.16,7.32,61.9,76.8,7.25,59.4,77.2,0,11,33.7,50.0,0,75,41.0,56.4,3,3,2,2,0.12,6,12,6,6,0.14,3,6,5,5,0.07,4,12,1,1,0.05,1,,,,,,7,4,4,0.17,2,5,3,3,0.02,2,10,1,1,0.14,3,,,,,,12,5,5,0.07,6,,,,,,,,,,,,,,,,,,,,
202608141312,2026-08-14,13,12R,3854,吉川 元浩,79期,兵庫,兵庫,53,A1,,1,0,0.14,6.85,44.2,66.3,7.38,52.8,71.9,0,7,30.8,48.1,0,19,34.4,56.3,,7,4,4,0.16,3,12,1,1,0.12,1,4,5,6,0.08,3,9,3,3,0.02,2,,,,,,11,1,1,0.07,1,2,5,5,0.16,5,9,2,2,0.12,1,,,,,,11,1,1,0.06,1,,,,,,,,,,,,,,,,,,,,,4133,高橋 正男,89期,兵庫,兵庫,46,A2,,0,0,0.17,6.36,54.2,62.6,6.41,47.7,63.6,0,56,48.1,65.0,0,26,44.7,52.6,,1,2,2,0.18,1,9,6,6,0.21,5,,,,,,9,4,4,0.03,3,3,5,5,0.12,1,11,3,3,0.11,2,,,,,,7,1,1,0.07,1,,,,,,10,1,1,0.09,1,,,,,,,,,,,,,,,,,,,,,4472,尾嶋 一広,101期,兵庫,兵庫,39,A1,,0,0,0.16,6.47,44.7,64.0,6.4,46.1,62.4,0,16,42.6,67.0,0,33,33.7,50.0,,,,,,,8,4,4,0.05,3,2,2,2,0.09,1,10,4,3,0.12,2,7,1,1,0.21,1,11,5,5,0.08,4,,,,,,11,6,6,0.07,5,,,,,,12,2,2,0.1,1,,,,,,,,,,,,,,,,,,,,,4025,山本 隆幸,85期,兵庫,兵庫,48,A1,,0,0,0.18,6.62,52.3,66.6,5.99,43.7,61.2,0,44,36.3,52.2,0,14,28.5,44.0,,3,4,4,0.14,3,10,3,3,0.15,1,,,,,,9,1,1,0.04,1,2,2,2,0.17,2,12,6,5,0.26,4,,,,,,8,5,6,0.12,3,,,,,,10,2,2,0.11,2,,,,,,,,,,,,,,,,,,,,,4735,角山 雄哉,111期,兵庫,兵庫,35,B1,,0,0,0.16,4.64,25.5,43.0,5.27,29.2,51.2,0,55,40.9,57.8,0,55,32.5,61.2,,3,1,1,0.36,1,7,5,5,0.19,2,3,2,2,0.21,3,,,,,,,,,,,12,3,3,0.07,2,5,6,6,0.04,3,9,4,4,0.23,4,,,,,,12,3,3,0.09,2,,,,,,,,,,,,,,,,,,,,,5329,金子 龍斗,133期,兵庫,兵庫,22,B1,,1,0,0.16,4.82,30.6,43.5,3.59,18.0,27.8,0,61,42.6,53.6,0,60,29.4,46.1,,2,3,3,0.13,3,9,5,5,0.11,2,,,,,,10,3,2,0.11,5,2,4,4,0.14,1,11,6,6,0.09,5,3,1,1,0.2,1,,,,,,,,,,,11,5,5,0.02,2,,,,,,,,,,,,,,,,,,,,
202608141701,2026-08-14,17,01R,4816,村松 修二,114期,広島,広島,35,A2,,0,0,0.16,5.38,33.6,53.8,6.4,48.7,65.0,0,16,33.3,49.7,0,57,35.4,52.2,11,,,,,,,,,,,,,,,,,,,,,,,,,,,,,,,,,,,,,,,,,,,,,,,,,,,,,,,,,,,,,,,,,,,,,,,3430,角浜 修,65期,広島,広島,58,B1,,0,0,0.17,4.26,24.1,36.2,4.63,28.3,43.3,0,67,33.9,54.1,0,17,42.7,54.6,6,,,,,,,,,,,,,,,,,,,,,,,,,,,,,,,,,,,,,,,,,,,,,,,,,,,,,,,,,,,,,,,,,,,,,,,4423,坂口 貴彦,99期,岡山,岡山,37,B1,,0,0,0.17,6.03,41.5,63.3,5.08,37.5,43.7,0,36,33.7,48.8,0,75,29.3,49.7,9,,,,,,,,,,,,,,,,,,,,,,,,,,,,,,,,,,,,,,,,,,,,,,,,,,,,,,,,,,,,,,,,,,,,,,,4416,三宅 健太,99期,広島,広島,39,B1,,0,0,0.17,5.43,36.9,48.9,5.37,35.5,53.3,0,25,37.9,56.6,0,35,37.9,54.1,7,,,,,,,,,,,,,,,,,,,,,,,,,,,,,,,,,,,,,,,,,,,,,,,,,,,,,,,,,,,,,,,,,,,,,,,4563,齋藤 真之,105期,岡山,岡山,38,B1,,0,0,0.16,4.08,23.6,35.5,4.0,22.2,27.7,0,66,40.8,55.6,0,73,35.5,52.8,10,,,,,,,,,,,,,,,,,,,,,,,,,,,,,,,,,,,,,,,,,,,,,,,,,,,,,,,,,,,,,,,,,,,,,,,5372,上岡 巧汰,135期,広島,広島,23,B2,,1,0,0.15,2.02,1.5,7.8,1.47,0.0,2.2,0,11,38.8,53.4,0,39,34.6,47.8,8,,,,,,,,,,,,,,,,,,,,,,,,,,,,,,,,,,,,,,,,,,,,,,,,,,,,,,,,,,,,,,,,,,,,,,
202608141702,2026-08-14,17,02R,5243,三馬 崇史,130期,広島,広島,25,B1,,0,0,0.17,5.52,37.6,54.8,5.04,34.0,48.1,0,60,34.9,52.4,0,78,39.4,57.6,,,,,,,,,,,,,,,,,,,,,,,,,,,,,,,,,,,,,,,,,,,,,,,,,,,,,,,,,,,,,,,,,,,,,,,,4771,下寺 秀和,112期,広島,広島,33,A1,,0,0,0.16,7.27,59.1,80.0,6.95,52.3,75.1,0,79,35.5,55.0,0,81,29.9,50.3,12,,,,,,,,,,,,,,,,,,,,,,,,,,,,,,,,,,,,,,,,,,,,,,,,,,,,,,,,,,,,,,,,,,,,,,,4675,井手 良太,109期,大阪,大阪,38,A2,,0,0,0.14,6.15,42.3,62.8,0.0,0.0,0.0,0,18,33.9,51.6,0,61,35.5,53.0,9,,,,,,,,,,,,,,,,,,,,,,,,,,,,,,,,,,,,,,,,,,,,,,,,,,,,,,,,,,,,,,,,,,,,,,,4434,田中 辰彦,100期,広島,広島,40,A2,,0,0,0.16,6.16,48.9,62.7,6.05,42.1,60.2,0,21,39.5,56.7,0,37,38.3,55.7,11,,,,,,,,,,,,,,,,,,,,,,,,,,,,,,,,,,,,,,,,,,,,,,,,,,,,,,,,,,,,,,,,,,,,,,,4835,橋本 明,115期,広島,広島,38,B1,,0,0,0.15,4.99,26.4,48.1,5.14,24.3,51.3,0,63,32.8,47.8,0,50,30.1,49.3,10,,,,,,,,,,,,,,,,,,,,,,,,,,,,,,,,,,,,,,,,,,,,,,,,,,,,,,,,,,,,,,,,,,,,,,,3708,岡部 貴司,74期,岡山,岡山,52,B1,,0,0,0.16,5.27,32.4,51.9,4.91,34.7,39.1,0,13,28.7,47.5,0,23,32.6,55.7,8,,,,,,,,,,,,,,,,,,,,,,,,,,,,,,,,,,,,,,,,,,,,,,,,,,,,,,,,,,,,,,,,,,,,,,
202608141703,2026-08-14,17,03R,3614,谷 勝幸,71期,広島,広島,53,B1,,0,0,0.17,4.24,21.7,34.7,4.6,27.6,38.3,0,15,34.7,52.1,0,19,40.0,52.4,8,,,,,,,,,,,,,,,,,,,,,,,,,,,,,,,,,,,,,,,,,,,,,,,,,,,,,,,,,,,,,,,,,,,,,,,4682,大上 卓人,109期,広島,広島,35,A1,,0,0,0.14,7.19,47.7,66.0,7.23,55.5,74.0,0,24,35.8,52.5,0,67,34.3,55.2,12,,,,,,,,,,,,,,,,,,,,,,,,,,,,,,,,,,,,,,,,,,,,,,,,,,,,,,,,,,,,,,,,,,,,,,,5206,梅原 祥平,129期,岡山,鳥取,29,B1,,1,0,0.15,4.45,20.7,36.5,4.3,30.4,39.1,0,56,34.1,49.5,0,80,30.0,48.8,9,,,,,,,,,,,,,,,,,,,,,,,,,,,,,,,,,,,,,,,,,,,,,,,,,,,,,,,,,,,,,,,,,,,,,,,3516,吉原 聖人,68期,広島,広島,58,B1,,0,0,0.19,4.75,34.6,42.6,3.67,21.4,28.5,0,57,39.0,56.7,0,79,31.6,44.5,,,,,,,,,,,,,,,,,,,,,,,,,,,,,,,,,,,,,,,,,,,,,,,,,,,,,,,,,,,,,,,,,,,,,,,,5222,津田 陸翔,129期,広島,広島,25,A1,,1,0,0.17,6.19,45.9,63.9,5.82,38.3,60.1,0,53,31.5,44.3,0,56,33.0,49.5,11,,,,,,,,,,,,,,,,,,,,,,,,,,,,,,,,,,,,,,,,,,,,,,,,,,,,,,,,,,,,,,,,,,,,,,,3054,北川 幸典,50期,広島,広島,63,B1,,1,0,0.19,5.6,34.4,59.1,5.86,43.4,57.6,0,52,34.6,55.5,0,69,29.4,49.7,10,,,,,,,,,,,,,,,,,,,,,,,,,,,,,,,,,,,,,,,,,,,,,,,,,,,,,,,,,,,,,,,,,,,,,,
202608141704,2026-08-14,17,04R,4398,船岡 洋一郎,98期,広島,広島,39,A1,,0,0,0.14,6.59,50.4,62.1,6.67,48.8,66.6,0,54,35.6,58.8,0,76,35.1,54.3,12,,,,,,,,,,,,,,,,,,,,,,,,,,,,,,,,,,,,,,,,,,,,,,,,,,,,,,,,,,,,,,,,,,,,,,,4811,向井田 佑紀,114期,広島,広島,37,B1,,0,0,0.16,4.98,29.3,48.6,5.24,31.8,46.9,0,30,40.7,58.3,0,60,30.1,41.6,,,,,,,,,,,,,,,,,,,,,,,,,,,,,,,,,,,,,,,,,,,,,,,,,,,,,,,,,,,,,,,,,,,,,,,,3454,井川 大作,65期,岡山,岡山,55,B1,,0,0,0.17,5.48,38.6,56.8,5.33,16.6,58.3,0,32,42.9,58.0,0,71,34.0,46.9,,,,,,,,,,,,,,,,,,,,,,,,,,,,,,,,,,,,,,,,,,,,,,,,,,,,,,,,,,,,,,,,,,,,,,,,4112,大久保信一郎,88期,佐賀,佐賀,46,A2,,1,0,0.17,5.36,37.1,51.5,5.21,31.5,57.8,0,72,46.9,63.5,0,51,36.8,54.8,10,,,,,,,,,,,,,,,,,,,,,,,,,,,,,,,,,,,,,,,,,,,,,,,,,,,,,,,,,,,,,,,,,,,,,,,3499,市川 哲也,67期,広島,広島,57,A1,,1,0,0.15,5.59,34.9,56.3,6.65,54.0,69.0,0,59,30.6,45.4,0,13,37.1,54.1,11,,,,,,,,,,,,,,,,,,,,,,,,,,,,,,,,,,,,,,,,,,,,,,,,,,,,,,,,,,,,,,,,,,,,,,,5236,小宮 涼雅,130期,広島,岡山,27,B1,,0,0,0.17,4.4,23.5,40.5,3.96,21.7,34.7,0,81,30.9,46.9,0,36,33.9,50.0,9,,,,,,,,,,,,,,,,,,,,,,,,,,,,,,,,,,,,,,,,,,,,,,,,,,,,,,,,,,,,,,,,,,,,,,
202608141705,2026-08-14,17,05R,3663,木山 和幸,73期,広島,広島,56,B1,,0,0,0.18,5.35,36.8,51.4,5.52,36.5,55.5,0,34,36.1,52.2,0,21,31.8,48.1,10,,,,,,,,,,,,,,,,,,,,,,,,,,,,,,,,,,,,,,,,,,,,,,,,,,,,,,,,,,,,,,,,,,,,,,,4302,西野 翔太,95期,広島,広島,43,A1,,0,0,0.15,6.6,50.8,64.9,6.63,47.0,67.5,0,39,33.3,52.1,0,29,45.1,58.7,11,,,,,,,,,,,,,,,,,,,,,,,,,,,,,,,,,,,,,,,,,,,,,,,,,,,,,,,,,,,,,,,,,,,,,,,3615,横田 茂,71期,広島,広島,53,B1,,0,0,0.16,4.55,30.7,37.3,4.83,31.5,42.1,0,23,32.6,51.9,0,72,41.1,53.9,,,,,,,,,,,,,,,,,,,,,,,,,,,,,,,,,,,,,,,,,,,,,,,,,,,,,,,,,,,,,,,,,,,,,,,,3775,泉 啓文,76期,岡山,岡山,51,B1,,0,0,0.18,3.69,15.6,27.0,5.08,30.7,51.2,0,29,33.5,53.8,0,58,36.3,53.3,,,,,,,,,,,,,,,,,,,,,,,,,,,,,,,,,,,,,,,,,,,,,,,,,,,,,,,,,,,,,,,,,,,,,,,,4205,山口 剛,91期,広島,広島,43,A1,,0,0,0.14,7.86,52.7,70.3,8.15,72.9,82.2,0,37,41.6,55.9,0,62,43.3,52.9,12,,,,,,,,,,,,,,,,,,,,,,,,,,,,,,,,,,,,,,,,,,,,,,,,,,,,,,,,,,,,,,,,,,,,,,,4429,豊田 泰洋,100期,広島,広島,40,B1,,0,0,0.19,3.45,13.1,26.1,4.48,23.2,37.6,0,58,42.7,56.7,0,20,29.4,47.3,,,,,,,,,,,,,,,,,,,,,,,,,,,,,,,,,,,,,,,,,,,,,,,,,,,,,,,,,,,,,,,,,,,,,,,
202608141706,2026-08-14,17,06R,4978,山田 和佐,120期,広島,島根,32,B1,,0,0,0.17,4.8,26.0,41.6,4.52,26.1,43.0,0,33,34.5,49.7,0,18,37.1,54.4,,,,,,,,,,,,,,,,,,,,,,,,,,,,,,,,,,,,,,,,,,,,,,,,,,,,,,,,,,,,,,,,,,,,,,,,5015,高橋 竜矢,121期,広島,広島,28,A1,,0,0,0.14,6.83,54.3,74.7,6.76,51.5,67.6,0,51,38.2,55.1,0,65,29.6,46.5,12,,,,,,,,,,,,,,,,,,,,,,,,,,,,,,,,,,,,,,,,,,,,,,,,,,,,,,,,,,,,,,,,,,,,,,,4873,蒲原 健太,116期,佐賀,佐賀,32,B1,,0,0,0.2,5.28,33.6,52.1,5.06,28.5,51.4,0,38,48.8,67.2,0,12,38.6,51.4,,,,,,,,,,,,,,,,,,,,,,,,,,,,,,,,,,,,,,,,,,,,,,,,,,,,,,,,,,,,,,,,,,,,,,,,4471,新田 泰章,101期,広島,広島,39,A1,,0,0,0.15,6.26,44.0,61.1,6.43,48.8,64.8,0,73,29.2,47.9,0,22,33.4,49.7,11,,,,,,,,,,,,,,,,,,,,,,,,,,,,,,,,,,,,,,,,,,,,,,,,,,,,,,,,,,,,,,,,,,,,,,,3430,角浜 修,65期,広島,広島,58,B1,,0,0,0.17,4.26,24.1,36.2,4.63,28.3,43.3,0,67,33.9,54.1,0,17,42.7,54.6,1,,,,,,,,,,,,,,,,,,,,,,,,,,,,,,,,,,,,,,,,,,,,,,,,,,,,,,,,,,,,,,,,,,,,,,,3300,川崎 智幸,60期,岡山,岡山,59,A2,,1,0,0.16,5.93,42.8,62.8,6.05,40.5,59.4,0,27,30.7,47.3,0,63,37.6,56.0,,,,,,,,,,,,,,,,,,,,,,,,,,,,,,,,,,,,,,,,,,,,,,,,,,,,,,,,,,,,,,,,,,,,,,,
202608141707,2026-08-14,17,07R,4458,抹香 雄三,101期,広島,広島,40,B1,,0,0,0.15,5.35,30.3,52.9,4.65,30.7,39.5,0,78,29.5,45.8,0,74,31.9,43.3,,,,,,,,,,,,,,,,,,,,,,,,,,,,,,,,,,,,,,,,,,,,,,,,,,,,,,,,,,,,,,,,,,,,,,,,4416,三宅 健太,99期,広島,広島,39,B1,,0,0,0.17,5.43,36.9,48.9,5.37,35.5,53.3,0,25,37.9,56.6,0,35,37.9,54.1,1,,,,,,,,,,,,,,,,,,,,,,,,,,,,,,,,,,,,,,,,,,,,,,,,,,,,,,,,,,,,,,,,,,,,,,,4574,東 潤樹,105期,広島,愛媛,37,A2,,0,0,0.17,5.34,35.0,54.0,5.37,36.7,48.5,0,55,35.3,55.0,0,66,34.3,52.6,,,,,,,,,,,,,,,,,,,,,,,,,,,,,,,,,,,,,,,,,,,,,,,,,,,,,,,,,,,,,,,,,,,,,,,,3643,米田 隆弘,72期,岡山,岡山,54,B1,,0,0,0.18,5.48,34.9,53.0,4.8,30.0,40.0,0,80,30.0,41.7,0,27,37.5,50.7,,,,,,,,,,,,,,,,,,,,,,,,,,,,,,,,,,,,,,,,,,,,,,,,,,,,,,,,,,,,,,,,,,,,,,,,3719,辻 栄蔵,74期,広島,広島,51,A1,,0,0,0.15,6.78,42.8,63.3,7.36,58.9,74.7,0,61,34.7,48.1,0,32,35.1,51.6,12,,,,,,,,,,,,,,,,,,,,,,,,,,,,,,,,,,,,,,,,,,,,,,,,,,,,,,,,,,,,,,,,,,,,,,,3797,岩井 繁,77期,広島,広島,53,B1,,0,0,0.2,3.72,13.6,28.1,4.46,20.9,40.0,0,70,33.6,47.6,0,59,36.2,53.6,,,,,,,,,,,,,,,,,,,,,,,,,,,,,,,,,,,,,,,,,,,,,,,,,,,,,,,,,,,,,,,,,,,,,,,
202608141708,2026-08-14,17,08R,4411,沢田 昭宏,99期,大阪,大阪,40,A2,,0,0,0.19,5.67,38.2,55.1,4.88,27.2,39.3,0,65,41.4,53.6,0,77,35.5,52.3,,,,,,,,,,,,,,,,,,,,,,,,,,,,,,,,,,,,,,,,,,,,,,,,,,,,,,,,,,,,,,,,,,,,,,,,3708,岡部 貴司,74期,岡山,岡山,52,B1,,0,0,0.16,5.27,32.4,51.9,4.91,34.7,39.1,0,13,28.7,47.5,0,23,32.6,55.7,2,,,,,,,,,,,,,,,,,,,,,,,,,,,,,,,,,,,,,,,,,,,,,,,,,,,,,,,,,,,,,,,,,,,,,,,4163,山崎 裕司,90期,広島,広島,44,A2,,0,0,0.16,5.58,38.7,55.1,5.39,35.5,52.8,0,62,29.9,45.7,0,64,30.8,51.0,,,,,,,,,,,,,,,,,,,,,,,,,,,,,,,,,,,,,,,,,,,,,,,,,,,,,,,,,,,,,,,,,,,,,,,,5372,上岡 巧汰,135期,広島,広島,23,B2,,1,0,0.15,2.02,1.5,7.8,1.47,0.0,2.2,0,11,38.8,53.4,0,39,34.6,47.8,1,,,,,,,,,,,,,,,,,,,,,,,,,,,,,,,,,,,,,,,,,,,,,,,,,,,,,,,,,,,,,,,,,,,,,,,3614,谷 勝幸,71期,広島,広島,53,B1,,0,0,0.17,4.24,21.7,34.7,4.6,27.6,38.3,0,15,34.7,52.1,0,19,40.0,52.4,3,,,,,,,,,,,,,,,,,,,,,,,,,,,,,,,,,,,,,,,,,,,,,,,,,,,,,,,,,,,,,,,,,,,,,,,4292,麻生 慎介,94期,広島,広島,41,A1,,1,0,0.14,6.38,41.8,66.3,6.54,47.6,66.9,0,19,31.9,55.6,0,24,30.3,48.2,,,,,,,,,,,,,,,,,,,,,,,,,,,,,,,,,,,,,,,,,,,,,,,,,,,,,,,,,,,,,,,,,,,,,,,
202608141709,2026-08-14,17,09R,5206,梅原 祥平,129期,岡山,鳥取,29,B1,,1,0,0.15,4.45,20.7,36.5,4.3,30.4,39.1,0,56,34.1,49.5,0,80,30.0,48.8,3,,,,,,,,,,,,,,,,,,,,,,,,,,,,,,,,,,,,,,,,,,,,,,,,,,,,,,,,,,,,,,,,,,,,,,,5236,小宮 涼雅,130期,広島,岡山,27,B1,,0,0,0.17,4.4,23.5,40.5,3.96,21.7,34.7,0,81,30.9,46.9,0,36,33.9,50.0,4,,,,,,,,,,,,,,,,,,,,,,,,,,,,,,,,,,,,,,,,,,,,,,,,,,,,,,,,,,,,,,,,,,,,,,,5134,大原 祥昌,126期,広島,広島,27,A2,,0,0,0.15,5.48,40.6,56.0,5.58,36.1,58.2,0,17,41.1,57.9,0,68,35.0,47.9,,,,,,,,,,,,,,,,,,,,,,,,,,,,,,,,,,,,,,,,,,,,,,,,,,,,,,,,,,,,,,,,,,,,,,,,4675,井手 良太,109期,大阪,大阪,38,A2,,0,0,0.14,6.15,42.3,62.8,0.0,0.0,0.0,0,18,33.9,51.6,0,61,35.5,53.0,2,,,,,,,,,,,,,,,,,,,,,,,,,,,,,,,,,,,,,,,,,,,,,,,,,,,,,,,,,,,,,,,,,,,,,,,4423,坂口 貴彦,99期,岡山,岡山,37,B1,,0,0,0.17,6.03,41.5,63.3,5.08,37.5,43.7,0,36,33.7,48.8,0,75,29.3,49.7,1,,,,,,,,,,,,,,,,,,,,,,,,,,,,,,,,,,,,,,,,,,,,,,,,,,,,,,,,,,,,,,,,,,,,,,,3212,亀本 勇樹,57期,広島,広島,64,B1,,0,0,0.18,4.48,21.8,34.4,4.71,24.0,41.3,0,71,33.6,52.3,0,16,38.2,54.3,,,,,,,,,,,,,,,,,,,,,,,,,,,,,,,,,,,,,,,,,,,,,,,,,,,,,,,,,,,,,,,,,,,,,,,
202608141710,2026-08-14,17,10R,4112,大久保信一郎,88期,佐賀,佐賀,46,A2,,1,0,0.17,5.36,37.1,51.5,5.21,31.5,57.8,0,72,46.9,63.5,0,51,36.8,54.8,4,,,,,,,,,,,,,,,,,,,,,,,,,,,,,,,,,,,,,,,,,,,,,,,,,,,,,,,,,,,,,,,,,,,,,,,4563,齋藤 真之,105期,岡山,岡山,38,B1,,0,0,0.16,4.08,23.6,35.5,4.0,22.2,27.7,0,66,40.8,55.6,0,73,35.5,52.8,1,,,,,,,,,,,,,,,,,,,,,,,,,,,,,,,,,,,,,,,,,,,,,,,,,,,,,,,,,,,,,,,,,,,,,,,4835,橋本 明,115期,広島,広島,38,B1,,0,0,0.15,4.99,26.4,48.1,5.14,24.3,51.3,0,63,32.8,47.8,0,50,30.1,49.3,2,,,,,,,,,,,,,,,,,,,,,,,,,,,,,,,,,,,,,,,,,,,,,,,,,,,,,,,,,,,,,,,,,,,,,,,3054,北川 幸典,50期,広島,広島,63,B1,,1,0,0.19,5.6,34.4,59.1,5.86,43.4,57.6,0,52,34.6,55.5,0,69,29.4,49.7,3,,,,,,,,,,,,,,,,,,,,,,,,,,,,,,,,,,,,,,,,,,,,,,,,,,,,,,,,,,,,,,,,,,,,,,,3663,木山 和幸,73期,広島,広島,56,B1,,0,0,0.18,5.35,36.8,51.4,5.52,36.5,55.5,0,34,36.1,52.2,0,21,31.8,48.1,5,,,,,,,,,,,,,,,,,,,,,,,,,,,,,,,,,,,,,,,,,,,,,,,,,,,,,,,,,,,,,,,,,,,,,,,4111,奥田 誠,88期,広島,広島,46,A2,,0,0,0.16,5.72,40.7,62.1,5.8,36.2,57.9,0,82,33.0,49.5,0,53,31.8,48.4,,,,,,,,,,,,,,,,,,,,,,,,,,,,,,,,,,,,,,,,,,,,,,,,,,,,,,,,,,,,,,,,,,,,,,,
202608141711,2026-08-14,17,11R,3499,市川 哲也,67期,広島,広島,57,A1,,1,0,0.15,5.59,34.9,56.3,6.65,54.0,69.0,0,59,30.6,45.4,0,13,37.1,54.1,4,,,,,,,,,,,,,,,,,,,,,,,,,,,,,,,,,,,,,,,,,,,,,,,,,,,,,,,,,,,,,,,,,,,,,,,4434,田中 辰彦,100期,広島,広島,40,A2,,0,0,0.16,6.16,48.9,62.7,6.05,42.1,60.2,0,21,39.5,56.7,0,37,38.3,55.7,2,,,,,,,,,,,,,,,,,,,,,,,,,,,,,,,,,,,,,,,,,,,,,,,,,,,,,,,,,,,,,,,,,,,,,,,5222,津田 陸翔,129期,広島,広島,25,A1,,1,0,0.17,6.19,45.9,63.9,5.82,38.3,60.1,0,53,31.5,44.3,0,56,33.0,49.5,3,,,,,,,,,,,,,,,,,,,,,,,,,,,,,,,,,,,,,,,,,,,,,,,,,,,,,,,,,,,,,,,,,,,,,,,4816,村松 修二,114期,広島,広島,35,A2,,0,0,0.16,5.38,33.6,53.8,6.4,48.7,65.0,0,16,33.3,49.7,0,57,35.4,52.2,1,,,,,,,,,,,,,,,,,,,,,,,,,,,,,,,,,,,,,,,,,,,,,,,,,,,,,,,,,,,,,,,,,,,,,,,4302,西野 翔太,95期,広島,広島,43,A1,,0,0,0.15,6.6,50.8,64.9,6.63,47.0,67.5,0,39,33.3,52.1,0,29,45.1,58.7,5,,,,,,,,,,,,,,,,,,,,,,,,,,,,,,,,,,,,,,,,,,,,,,,,,,,,,,,,,,,,,,,,,,,,,,,4471,新田 泰章,101期,広島,広島,39,A1,,0,0,0.15,6.26,44.0,61.1,6.43,48.8,64.8,0,73,29.2,47.9,0,22,33.4,49.7,6,,,,,,,,,,,,,,,,,,,,,,,,,,,,,,,,,,,,,,,,,,,,,,,,,,,,,,,,,,,,,,,,,,,,,,
202608141712,2026-08-14,17,12R,4205,山口 剛,91期,広島,広島,43,A1,,0,0,0.14,7.86,52.7,70.3,8.15,72.9,82.2,0,37,41.6,55.9,0,62,43.3,52.9,5,,,,,,,,,,,,,,,,,,,,,,,,,,,,,,,,,,,,,,,,,,,,,,,,,,,,,,,,,,,,,,,,,,,,,,,3719,辻 栄蔵,74期,広島,広島,51,A1,,0,0,0.15,6.78,42.8,63.3,7.36,58.9,74.7,0,61,34.7,48.1,0,32,35.1,51.6,7,,,,,,,,,,,,,,,,,,,,,,,,,,,,,,,,,,,,,,,,,,,,,,,,,,,,,,,,,,,,,,,,,,,,,,,4398,船岡 洋一郎,98期,広島,広島,39,A1,,0,0,0.14,6.59,50.4,62.1,6.67,48.8,66.6,0,54,35.6,58.8,0,76,35.1,54.3,4,,,,,,,,,,,,,,,,,,,,,,,,,,,,,,,,,,,,,,,,,,,,,,,,,,,,,,,,,,,,,,,,,,,,,,,4682,大上 卓人,109期,広島,広島,35,A1,,0,0,0.14,7.19,47.7,66.0,7.23,55.5,74.0,0,24,35.8,52.5,0,67,34.3,55.2,3,,,,,,,,,,,,,,,,,,,,,,,,,,,,,,,,,,,,,,,,,,,,,,,,,,,,,,,,,,,,,,,,,,,,,,,4771,下寺 秀和,112期,広島,広島,33,A1,,0,0,0.16,7.27,59.1,80.0,6.95,52.3,75.1,0,79,35.5,55.0,0,81,29.9,50.3,2,,,,,,,,,,,,,,,,,,,,,,,,,,,,,,,,,,,,,,,,,,,,,,,,,,,,,,,,,,,,,,,,,,,,,,,5015,高橋 竜矢,121期,広島,広島,28,A1,,0,0,0.14,6.83,54.3,74.7,6.76,51.5,67.6,0,51,38.2,55.1,0,65,29.6,46.5,6,,,,,,,,,,,,,,,,,,,,,,,,,,,,,,,,,,,,,,,,,,,,,,,,,,,,,,,,,,,,,,,,,,,,,,
202608141901,2026-08-14,19,01R,5176,石倉 拓美,128期,山口,島根,33,B2,,0,0,0.17,2.26,5.8,8.8,2.38,10.8,16.2,0,52,42.1,59.6,0,13,26.5,39.0,9,1,4,4,0.09,2,,,,,,5,5,5,0.17,3,9,2,2,0.13,6,5,3,3,0.09,3,,,,,,,,,,,,,,,,,,,,,,,,,,,,,,,,,,,,,,,,,,,,,,4747,山戸 信二,112期,長崎,熊本,41,B1,,0,0,0.17,4.09,17.7,37.7,3.36,13.8,19.4,0,22,30.1,47.6,0,50,42.6,60.6,8,2,2,2,0.12,6,9,6,6,0.23,6,3,1,1,0.21,5,,,,,,1,3,3,0.24,4,7,4,4,0.11,3,,,,,,,,,,,,,,,,,,,,,,,,,,,,,,,,,,,,,,,,,5067,山田 真聖,123期,山口,山口,27,B1,,0,0,0.16,5.29,32.5,55.0,4.6,26.8,43.3,0,14,36.2,56.5,0,72,27.4,46.7,,1,2,2,0.15,4,11,6,6,0.22,3,4,1,1,0.11,6,8,5,5,0.1,3,5,4,4,0.09,5,,,,,,,,,,,,,,,,,,,,,,,,,,,,,,,,,,,,,,,,,,,,,,4846,佐藤 駿介,115期,山口,山口,32,B1,,0,0,0.17,4.57,27.9,41.8,4.25,28.2,41.3,0,17,54.2,77.9,0,54,31.2,46.8,6,1,5,5,0.19,3,6,1,1,0.32,5,5,2,2,0.22,5,,,,,,,,,,,8,6,6,0.16,6,,,,,,,,,,,,,,,,,,,,,,,,,,,,,,,,,,,,,,,,,5208,屋良 龍紀,129期,長崎,長崎,28,B1,,1,0,0.15,4.25,23.3,41.5,3.38,6.6,24.4,0,21,43.8,61.4,0,65,42.6,57.3,11,4,4,4,0.15,5,,,,,,2,3,3,0.16,2,9,5,5,0.1,3,4,2,2,0.25,5,,,,,,,,,,,,,,,,,,,,,,,,,,,,,,,,,,,,,,,,,,,,,,3901,松田 憲幸,80期,山口,山口,49,B2,,0,0,0.22,4.58,30.4,43.4,4.8,29.8,47.5,0,27,43.2,61.1,0,56,53.9,61.9,7,,,,,,8,2,2,0.15,1,1,1,1,0.14,2,10,5,5,0.09,3,,,,,,7,3,3,0.21,6,,,,,,,,,,,,,,,,,,,,,,,,,,,,,,,,,,,,,,,,
202608141902,2026-08-14,19,02R,5336,瀬川 大地,133期,山口,山口,20,B1,,1,0,0.15,3.59,14.1,26.0,2.29,7.2,11.8,0,37,33.3,53.3,0,46,31.3,44.7,,1,6,6,0.21,6,10,6,4,0.13,6,6,3,3,0.16,6,,,,,,1,6,5,0.32,6,8,2,2,0.21,5,,,,,,,,,,,,,,,,,,,,,,,,,,,,,,,,,,,,,,,,,4871,菊池 宏志,116期,山口,山口,34,B1,,1,0,0.17,4.49,25.8,41.9,4.63,20.3,40.7,0,24,41.4,57.1,0,38,34.3,56.7,9,,,,,,7,3,3,0.14,4,2,1,1,0.2,1,11,5,5,0.16,6,3,6,6,0.16,5,,,,,,,,,,,,,,,,,,,,,,,,,,,,,,,,,,,,,,,,,,,,,,5041,荒牧 凪沙,122期,福岡,福岡,27,B1,,1,0,0.19,4.78,24.6,43.4,3.44,22.2,22.2,0,49,30.8,41.1,0,23,39.0,67.1,12,5,4,4,0.39,5,11,3,3,0.19,1,2,2,2,0.16,3,,,,,,6,6,5,0.18,3,,,,,,,,,,,,,,,,,,,,,,,,,,,,,,,,,,,,,,,,,,,,,,4567,上村 慎太郎,105期,山口,山口,38,B1,賞除,0,0,0.23,4.51,18.1,37.5,4.14,18.5,40.0,0,53,30.4,56.5,0,57,41.2,53.9,6,1,3,3,0.17,5,7,6,6,0.25,6,,,,,,8,4,4,0.14,5,2,1,1,0.17,3,9,3,2,0.2,5,,,,,,,,,,,,,,,,,,,,,,,,,,,,,,,,,,,,,,,,,4724,吉田 祐貴,111期,佐賀,佐賀,40,B1,,0,0,0.18,3.49,9.5,25.4,3.7,16.6,30.0,0,65,36.7,54.4,0,18,22.7,48.4,10,,,,,,8,6,6,0.32,6,1,4,4,0.13,3,6,1,1,0.15,3,5,2,2,0.14,4,,,,,,,,,,,,,,,,,,,,,,,,,,,,,,,,,,,,,,,,,,,,,,3961,谷村 一哉,82期,山口,山口,47,A1,,0,0,0.17,6.55,46.7,68.5,7.1,57.0,74.5,0,12,37.9,53.4,0,42,29.8,40.3,7,5,1,1,0.22,1,12,2,2,0.15,6,,,,,,8,3,3,0.09,2,4,4,4,0.15,1,11,1,1,0.13,1,,,,,,,,,,,,,,,,,,,,,,,,,,,,,,,,,,,,,,,,
202608141903,2026-08-14,19,03R,3731,高濱 芳久,75期,広島,広島,53,B1,,0,0,0.19,4.65,22.5,47.5,5.39,37.9,56.9,0,71,41.5,58.4,0,70,28.1,46.8,,4,5,5,0.1,6,,,,,,3,2,6,0.16,3,10,2,2,0.18,6,2,3,3,0.06,1,8,4,4,0.15,4,,,,,,,,,,,,,,,,,,,,,,,,,,,,,,,,,,,,,,,,,4251,川崎 誠志,93期,山口,山口,43,B1,,0,0,0.21,4.73,24.7,46.5,4.78,25.9,41.3,0,16,30.3,56.0,0,36,32.7,52.4,,2,1,1,0.15,5,8,4,4,0.19,4,2,6,6,0.29,4,,,,,,3,3,3,0.12,6,7,5,5,0.17,1,,,,,,,,,,,,,,,,,,,,,,,,,,,,,,,,,,,,,,,,,4842,山下 昂大,115期,岡山,岡山,34,A2,,1,0,0.16,5.8,36.7,56.3,6.25,50.0,62.5,0,68,26.0,37.6,0,51,52.4,68.8,,,,,,,7,4,4,0.09,2,3,3,2,0.09,2,11,6,6,0.17,4,8,1,1,0.15,1,12,5,5,0.13,5,,,,,,,,,,,,,,,,,,,,,,,,,,,,,,,,,,,,,,,,,5064,品川 二千翔,123期,山口,山口,28,A1,,0,0,0.17,6.67,52.9,68.6,5.89,41.6,60.4,0,11,45.1,59.6,0,24,31.1,54.1,11,4,6,6,0.12,4,10,3,3,0.07,2,8,1,1,0.01,1,12,2,2,0.18,5,,,,,,10,5,5,0.15,4,,,,,,,,,,,,,,,,,,,,,,,,,,,,,,,,,,,,,,,,,5448,福田 柊人,138期,山口,山口,23,B2,,0,0,0.0,1.13,0.0,0.0,1.5,0.0,0.0,0,28,32.3,52.3,0,33,36.3,53.0,7,5,6,6,0.27,6,,,,,,3,6,5,0.05,6,8,6,6,0.16,6,2,6,6,0.06,5,,,,,,,,,,,,,,,,,,,,,,,,,,,,,,,,,,,,,,,,,,,,,,3942,寺田 祥,81期,山口,山口,47,A1,,0,0,0.14,7.11,58.3,72.9,7.7,62.6,77.3,0,35,31.2,56.2,0,28,49.1,67.2,12,7,5,5,0.16,3,12,1,1,0.14,2,,,,,,9,3,3,0.07,1,7,2,2,0.27,5,12,1,1,0.08,1,,,,,,,,,,,,,,,,,,,,,,,,,,,,,,,,,,,,,,,,
202608141904,2026-08-14,19,04R,4064,原田 篤志,86期,山口,山口,46,A1,,0,0,0.17,6.32,44.6,66.1,6.56,47.6,63.0,0,18,56.9,63.7,0,41,39.6,63.4,8,3,5,5,0.12,6,12,3,3,0.15,5,5,1,1,0.15,1,11,2,2,0.08,5,,,,,,9,6,6,0.21,1,,,,,,,,,,,,,,,,,,,,,,,,,,,,,,,,,,,,,,,,,3989,熊本 英一,83期,佐賀,佐賀,48,B1,,0,0,0.21,3.92,20.4,32.5,3.88,19.1,31.5,0,13,29.0,45.4,0,31,39.2,55.3,,2,3,3,0.14,3,,,,,,1,6,6,0.21,4,9,4,4,0.09,4,4,1,1,0.24,6,8,5,5,0.19,3,,,,,,,,,,,,,,,,,,,,,,,,,,,,,,,,,,,,,,,,,3581,加木 郁,70期,山口,山口,53,B1,,0,0,0.2,5.42,31.8,55.7,5.33,30.9,50.9,0,40,40.3,61.4,0,11,33.3,45.4,,1,1,1,0.14,1,9,4,4,0.11,4,4,5,5,0.1,2,,,,,,1,5,6,0.23,1,10,2,2,0.14,5,,,,,,,,,,,,,,,,,,,,,,,,,,,,,,,,,,,,,,,,,5404,内田 壮,136期,山口,山口,22,B1,,0,0,0.2,2.11,3.2,9.6,1.56,0.0,0.0,0,19,32.2,35.4,0,52,20.6,31.7,10,3,6,6,0.14,2,,,,,,2,5,5,0.2,5,10,4,4,0.07,5,4,6,6,0.22,4,,,,,,,,,,,,,,,,,,,,,,,,,,,,,,,,,,,,,,,,,,,,,,4172,森定 晃史,90期,岡山,岡山,43,A2,,0,0,0.17,6.13,42.1,66.9,4.83,16.6,50.0,0,36,35.1,46.3,0,62,27.1,47.4,9,4,3,3,0.12,3,11,4,4,0.22,4,,,,,,9,6,6,0.07,5,,,,,,7,1,1,0.21,2,,,,,,,,,,,,,,,,,,,,,,,,,,,,,,,,,,,,,,,,,4009,小林 一樹,84期,山口,山口,47,A2,,0,0,0.13,5.82,40.8,60.2,6.02,41.5,61.9,0,56,32.8,48.4,0,66,24.6,36.9,11,,,,,,9,1,1,0.14,1,5,4,4,0.13,2,10,3,3,0.03,2,3,2,2,0.09,3,,,,,,,,,,,,,,,,,,,,,,,,,,,,,,,,,,,,,,,,,,,,,
202608141905,2026-08-14,19,05R,4931,木谷 賢太,118期,香川,香川,30,A1,,0,0,0.15,6.73,49.5,74.3,6.35,47.0,58.8,0,34,24.2,45.7,0,16,16.9,20.3,9,,,,,,8,3,3,0.13,2,6,5,5,0.13,2,11,4,4,0.15,3,6,2,2,0.2,5,10,6,6,0.16,3,,,,,,,,,,,,,,,,,,,,,,,,,,,,,,,,,,,,,,,,,4264,長尾 章平,93期,山口,山口,41,A1,,1,0,0.16,6.7,52.7,74.0,7.09,53.7,75.9,0,55,36.3,54.5,0,17,33.8,54.8,11,8,1,1,0.2,3,12,4,4,0.17,3,,,,,,7,5,6,0.31,4,5,5,5,0.12,2,10,3,3,0.19,2,,,,,,,,,,,,,,,,,,,,,,,,,,,,,,,,,,,,,,,,,3442,宮武 英司,65期,香川,香川,56,B1,,0,0,0.16,3.99,15.7,35.7,5.77,35.4,58.0,0,67,44.2,60.6,0,35,25.0,40.6,,2,4,4,0.11,1,7,1,1,0.12,1,5,6,6,0.2,6,,,,,,2,2,2,0.07,6,11,5,5,0.14,4,,,,,,,,,,,,,,,,,,,,,,,,,,,,,,,,,,,,,,,,,3680,森林 太,73期,長崎,長崎,53,B1,,0,0,0.22,4.36,21.5,35.5,4.8,27.2,42.4,0,73,28.3,40.3,0,67,43.9,57.5,12,3,1,1,0.08,1,8,5,5,0.24,5,4,6,6,0.26,5,,,,,,1,2,2,0.25,5,11,3,3,0.1,2,,,,,,,,,,,,,,,,,,,,,,,,,,,,,,,,,,,,,,,,,5106,山崎 祥,125期,山口,山口,27,A2,,0,0,0.19,5.54,33.3,58.0,5.21,32.9,49.4,0,38,42.0,52.1,0,15,28.3,50.7,10,,,,,,7,2,2,0.19,5,4,3,3,0.17,4,12,6,6,0.23,4,,,,,,9,1,1,0.18,2,,,,,,,,,,,,,,,,,,,,,,,,,,,,,,,,,,,,,,,,,3539,金子 順一,69期,山口,山口,58,B1,,0,0,0.19,4.59,26.2,41.7,3.73,22.2,28.5,0,29,31.8,47.8,0,30,22.5,40.3,,2,5,5,0.16,4,10,2,2,0.12,3,,,,,,7,3,4,0.28,5,1,1,1,0.22,3,9,2,3,0.16,6,,,,,,,,,,,,,,,,,,,,,,,,,,,,,,,,,,,,,,,,
202608141906,2026-08-14,19,06R,4406,幸野 史明,99期,福岡,福岡,41,B1,,0,0,0.16,4.15,20.0,37.2,4.0,11.1,33.3,0,59,35.0,58.3,0,29,25.4,47.6,11,6,6,6,0.04,4,,,,,,1,3,3,0.08,1,8,2,2,0.08,4,6,3,4,0.26,6,,,,,,,,,,,,,,,,,,,,,,,,,,,,,,,,,,,,,,,,,,,,,,4852,川原 祐明,115期,香川,愛媛,31,A1,,0,0,0.15,7.31,58.2,77.1,5.46,32.1,57.1,0,47,33.8,48.5,0,32,26.1,35.3,12,6,5,5,0.09,3,11,1,1,0.19,2,3,5,4,0.08,1,,,,,,4,3,3,0.14,2,12,6,6,0.17,4,,,,,,,,,,,,,,,,,,,,,,,,,,,,,,,,,,,,,,,,,4846,佐藤 駿介,115期,山口,山口,32,B1,,0,0,0.17,4.57,27.9,41.8,4.25,28.2,41.3,0,17,54.2,77.9,0,54,31.2,46.8,1,1,5,5,0.19,3,6,1,1,0.32,5,5,2,2,0.22,5,,,,,,,,,,,8,6,6,0.16,6,,,,,,,,,,,,,,,,,,,,,,,,,,,,,,,,,,,,,,,,,4361,柳生 泰二,97期,山口,山口,41,A1,,0,0,0.14,7.37,57.1,71.4,8.07,65.8,86.0,0,39,35.2,47.8,0,45,31.3,55.2,10,6,3,3,0.06,1,12,5,5,0.11,1,4,2,2,0.15,3,11,1,1,0.11,1,6,4,6,0.16,1,,,,,,,,,,,,,,,,,,,,,,,,,,,,,,,,,,,,,,,,,,,,,,4567,上村 慎太郎,105期,山口,山口,38,B1,賞除,0,0,0.23,4.51,18.1,37.5,4.14,18.5,40.0,0,53,30.4,56.5,0,57,41.2,53.9,2,1,3,3,0.17,5,7,6,6,0.25,6,,,,,,8,4,4,0.14,5,2,1,1,0.17,3,9,3,2,0.2,5,,,,,,,,,,,,,,,,,,,,,,,,,,,,,,,,,,,,,,,,,3661,柳瀬 興志,73期,山口,山口,56,A2,,0,0,0.18,4.58,23.6,38.7,5.94,38.8,59.2,0,33,34.2,55.7,0,37,26.9,38.1,,5,5,5,0.26,4,10,1,1,0.07,1,,,,,,7,2,2,0.18,3,2,4,4,0.06,4,12,3,3,0.06,6,,,,,,,,,,,,,,,,,,,,,,,,,,,,,,,,,,,,,,,,
202608141907,2026-08-14,19,07R,5145,島川 海輝,126期,山口,山口,23,A2,,0,0,0.16,6.14,48.1,61.6,5.96,44.9,58.3,0,60,25.4,47.4,0,60,41.2,60.3,,3,3,3,0.11,4,,,,,,2,4,4,0.19,6,12,5,5,0.17,1,7,6,6,0.18,4,11,2,2,0.15,3,,,,,,,,,,,,,,,,,,,,,,,,,,,,,,,,,,,,,,,,,4034,西原 明生,85期,香川,愛媛,47,B1,,0,0,0.22,3.78,17.9,26.9,3.54,10.7,21.4,0,30,40.3,70.1,0,68,36.9,49.2,12,3,2,2,0.13,3,10,5,6,0.12,4,1,5,5,0.16,5,,,,,,1,4,4,0.27,2,6,1,1,0.19,4,,,,,,,,,,,,,,,,,,,,,,,,,,,,,,,,,,,,,,,,,3930,岸本 隆,81期,岡山,岡山,50,A2,,0,0,0.16,5.02,24.7,45.1,5.77,42.8,54.2,0,42,34.2,50.0,0,47,29.0,41.9,11,,,,,,9,2,2,0.11,2,4,4,4,0.08,1,10,1,1,0.05,1,,,,,,9,5,5,0.16,3,,,,,,,,,,,,,,,,,,,,,,,,,,,,,,,,,,,,,,,,,3901,松田 憲幸,80期,山口,山口,49,B2,,0,0,0.22,4.58,30.4,43.4,4.8,29.8,47.5,0,27,43.2,61.1,0,56,53.9,61.9,1,,,,,,8,2,2,0.15,1,1,1,1,0.14,2,10,5,5,0.09,3,,,,,,7,3,3,0.21,6,,,,,,,,,,,,,,,,,,,,,,,,,,,,,,,,,,,,,,,,,3961,谷村 一哉,82期,山口,山口,47,A1,,0,0,0.17,6.55,46.7,68.5,7.1,57.0,74.5,0,12,37.9,53.4,0,42,29.8,40.3,2,5,1,1,0.22,1,12,2,2,0.15,6,,,,,,8,3,3,0.09,2,4,4,4,0.15,1,11,1,1,0.13,1,,,,,,,,,,,,,,,,,,,,,,,,,,,,,,,,,,,,,,,,,5448,福田 柊人,138期,山口,山口,23,B2,,0,0,0.0,1.13,0.0,0.0,1.5,0.0,0.0,0,28,32.3,52.3,0,33,36.3,53.0,3,5,6,6,0.27,6,,,,,,3,6,5,0.05,6,8,6,6,0.16,6,2,6,6,0.06,5,,,,,,,,,,,,,,,,,,,,,,,,,,,,,,,,,,,,,,,,,,,,,
202608141908,2026-08-14,19,08R,4057,松井 賢治,86期,兵庫,兵庫,47,A2,,0,0,0.15,5.93,41.3,61.9,5.39,32.1,53.5,0,69,38.8,61.1,0,53,32.8,51.5,12,6,2,2,0.12,2,10,4,5,0.11,5,3,4,3,0.13,4,,,,,,5,6,6,0.09,6,11,4,4,0.13,5,,,,,,,,,,,,,,,,,,,,,,,,,,,,,,,,,,,,,,,,,4023,柴田 友和,85期,福岡,福岡,48,B1,,0,0,0.17,3.95,19.0,30.9,4.65,23.0,42.3,0,57,46.2,61.1,0,22,34.9,57.1,,4,1,1,0.15,1,9,3,3,0.15,5,6,6,6,0.15,5,,,,,,2,5,5,0.09,2,10,4,4,0.16,6,,,,,,,,,,,,,,,,,,,,,,,,,,,,,,,,,,,,,,,,,4475,末永 祐輝,101期,山口,山口,38,A1,,0,0,0.16,5.67,33.3,58.7,6.24,41.8,70.4,0,46,46.7,74.1,0,27,28.7,43.9,,2,6,6,0.16,2,11,2,2,0.18,6,5,3,3,0.21,4,12,4,4,0.17,3,4,5,5,0.18,3,10,1,1,0.13,1,,,,,,,,,,,,,,,,,,,,,,,,,,,,,,,,,,,,,,,,,4064,原田 篤志,86期,山口,山口,46,A1,,0,0,0.17,6.32,44.6,66.1,6.56,47.6,63.0,0,18,56.9,63.7,0,41,39.6,63.4,4,3,5,5,0.12,6,12,3,3,0.15,5,5,1,1,0.15,1,11,2,2,0.08,5,,,,,,9,6,6,0.21,1,,,,,,,,,,,,,,,,,,,,,,,,,,,,,,,,,,,,,,,,,4747,山戸 信二,112期,長崎,熊本,41,B1,,0,0,0.17,4.09,17.7,37.7,3.36,13.8,19.4,0,22,30.1,47.6,0,50,42.6,60.6,1,2,2,2,0.12,6,9,6,6,0.23,6,3,1,1,0.21,5,,,,,,1,3,3,0.24,4,7,4,4,0.11,3,,,,,,,,,,,,,,,,,,,,,,,,,,,,,,,,,,,,,,,,,4981,牧山 敦也,120期,佐賀,佐賀,30,B1,,0,0,0.18,5.1,22.5,56.2,4.83,33.3,33.3,0,62,46.6,68.3,0,26,17.2,44.8,,5,2,2,0.28,2,,,,,,7,4,5,0.23,2,11,3,3,0.09,2,3,1,1,0.11,1,9,4,4,0.21,4,,,,,,,,,,,,,,,,,,,,,,,,,,,,,,,,,,,,,,,,
202608141909,2026-08-14,19,09R,4980,佐々木 完太,120期,山口,山口,30,A1,,0,0,0.16,7.05,50.9,61.8,7.0,52.0,65.3,0,31,42.0,60.8,0,71,21.6,43.3,,4,2,2,0.17,2,12,6,6,0.21,4,6,4,4,0.09,1,12,1,1,0.13,2,3,5,5,0.11,2,8,3,3,0.15,2,,,,,,,,,,,,,,,,,,,,,,,,,,,,,,,,,,,,,,,,,4172,森定 晃史,90期,岡山,岡山,43,A2,,0,0,0.17,6.13,42.1,66.9,4.83,16.6,50.0,0,36,35.1,46.3,0,62,27.1,47.4,4,4,3,3,0.12,3,11,4,4,0.22,4,,,,,,9,6,6,0.07,5,,,,,,7,1,1,0.21,2,,,,,,,,,,,,,,,,,,,,,,,,,,,,,,,,,,,,,,,,,4931,木谷 賢太,118期,香川,香川,30,A1,,0,0,0.15,6.73,49.5,74.3,6.35,47.0,58.8,0,34,24.2,45.7,0,16,16.9,20.3,5,,,,,,8,3,3,0.13,2,6,5,5,0.13,2,11,4,4,0.15,3,6,2,2,0.2,5,10,6,6,0.16,3,,,,,,,,,,,,,,,,,,,,,,,,,,,,,,,,,,,,,,,,,4871,菊池 宏志,116期,山口,山口,34,B1,,1,0,0.17,4.49,25.8,41.9,4.63,20.3,40.7,0,24,41.4,57.1,0,38,34.3,56.7,2,,,,,,7,3,3,0.14,4,2,1,1,0.2,1,11,5,5,0.16,6,3,6,6,0.16,5,,,,,,,,,,,,,,,,,,,,,,,,,,,,,,,,,,,,,,,,,,,,,,4356,長岡 良也,97期,兵庫,兵庫,42,A2,,0,0,0.18,5.68,40.7,60.4,6.02,44.1,58.1,0,63,39.7,61.7,0,64,37.8,56.0,,5,3,3,0.24,3,,,,,,6,2,2,0.19,4,10,6,6,0.06,4,5,1,1,0.16,1,12,4,4,0.14,2,,,,,,,,,,,,,,,,,,,,,,,,,,,,,,,,,,,,,,,,,5176,石倉 拓美,128期,山口,島根,33,B2,,0,0,0.17,2.26,5.8,8.8,2.38,10.8,16.2,0,52,42.1,59.6,0,13,26.5,39.0,1,1,4,4,0.09,2,,,,,,5,5,5,0.17,3,9,2,2,0.13,6,5,3,3,0.09,3,,,,,,,,,,,,,,,,,,,,,,,,,,,,,,,,,,,,,,,,,,,,,
202608141910,2026-08-14,19,10R,4361,柳生 泰二,97期,山口,山口,41,A1,,0,0,0.14,7.37,57.1,71.4,8.07,65.8,86.0,0,39,35.2,47.8,0,45,31.3,55.2,6,6,3,3,0.06,1,12,5,5,0.11,1,4,2,2,0.15,3,11,1,1,0.11,1,6,4,6,0.16,1,,,,,,,,,,,,,,,,,,,,,,,,,,,,,,,,,,,,,,,,,,,,,,4179,広次 修,90期,山口,山口,43,A2,,0,0,0.15,5.48,32.0,59.4,5.17,32.2,47.4,0,32,25.0,44.1,0,55,41.5,52.3,,,,,,,9,5,5,0.19,3,7,1,1,0.21,1,12,3,3,0.19,6,3,4,4,0.13,4,11,6,6,0.15,6,,,,,,,,,,,,,,,,,,,,,,,,,,,,,,,,,,,,,,,,,4724,吉田 祐貴,111期,佐賀,佐賀,40,B1,,0,0,0.18,3.49,9.5,25.4,3.7,16.6,30.0,0,65,36.7,54.4,0,18,22.7,48.4,2,,,,,,8,6,6,0.32,6,1,4,4,0.13,3,6,1,1,0.15,3,5,2,2,0.14,4,,,,,,,,,,,,,,,,,,,,,,,,,,,,,,,,,,,,,,,,,,,,,,5106,山崎 祥,125期,山口,山口,27,A2,,0,0,0.19,5.54,33.3,58.0,5.21,32.9,49.4,0,38,42.0,52.1,0,15,28.3,50.7,5,,,,,,7,2,2,0.19,5,4,3,3,0.17,4,12,6,6,0.23,4,,,,,,9,1,1,0.18,2,,,,,,,,,,,,,,,,,,,,,,,,,,,,,,,,,,,,,,,,,5404,内田 壮,136期,山口,山口,22,B1,,0,0,0.2,2.11,3.2,9.6,1.56,0.0,0.0,0,19,32.2,35.4,0,52,20.6,31.7,4,3,6,6,0.14,2,,,,,,2,5,5,0.2,5,10,4,4,0.07,5,4,6,6,0.22,4,,,,,,,,,,,,,,,,,,,,,,,,,,,,,,,,,,,,,,,,,,,,,,3562,山下 和彦,70期,広島,広島,57,A2,,0,0,0.18,6.15,45.3,64.9,5.74,42.1,52.6,0,48,33.8,50.7,0,48,11.2,19.3,,3,4,4,0.22,5,11,5,5,0.23,5,,,,,,9,1,1,0.14,2,6,5,3,0.11,2,12,2,2,0.09,3,,,,,,,,,,,,,,,,,,,,,,,,,,,,,,,,,,,,,,,,
202608141911,2026-08-14,19,11R,4264,長尾 章平,93期,山口,山口,41,A1,,1,0,0.16,6.7,52.7,74.0,7.09,53.7,75.9,0,55,36.3,54.5,0,17,33.8,54.8,5,8,1,1,0.2,3,12,4,4,0.17,3,,,,,,7,5,6,0.31,4,5,5,5,0.12,2,10,3,3,0.19,2,,,,,,,,,,,,,,,,,,,,,,,,,,,,,,,,,,,,,,,,,5208,屋良 龍紀,129期,長崎,長崎,28,B1,,1,0,0.15,4.25,23.3,41.5,3.38,6.6,24.4,0,21,43.8,61.4,0,65,42.6,57.3,1,4,4,4,0.15,5,,,,,,2,3,3,0.16,2,9,5,5,0.1,3,4,2,2,0.25,5,,,,,,,,,,,,,,,,,,,,,,,,,,,,,,,,,,,,,,,,,,,,,,5064,品川 二千翔,123期,山口,山口,28,A1,,0,0,0.17,6.67,52.9,68.6,5.89,41.6,60.4,0,11,45.1,59.6,0,24,31.1,54.1,3,4,6,6,0.12,4,10,3,3,0.07,2,8,1,1,0.01,1,12,2,2,0.18,5,,,,,,10,5,5,0.15,4,,,,,,,,,,,,,,,,,,,,,,,,,,,,,,,,,,,,,,,,,4009,小林 一樹,84期,山口,山口,47,A2,,0,0,0.13,5.82,40.8,60.2,6.02,41.5,61.9,0,56,32.8,48.4,0,66,24.6,36.9,4,,,,,,9,1,1,0.14,1,5,4,4,0.13,2,10,3,3,0.03,2,3,2,2,0.09,3,,,,,,,,,,,,,,,,,,,,,,,,,,,,,,,,,,,,,,,,,,,,,,4406,幸野 史明,99期,福岡,福岡,41,B1,,0,0,0.16,4.15,20.0,37.2,4.0,11.1,33.3,0,59,35.0,58.3,0,29,25.4,47.6,6,6,6,6,0.04,4,,,,,,1,3,3,0.08,1,8,2,2,0.08,4,6,3,4,0.26,6,,,,,,,,,,,,,,,,,,,,,,,,,,,,,,,,,,,,,,,,,,,,,,3930,岸本 隆,81期,岡山,岡山,50,A2,,0,0,0.16,5.02,24.7,45.1,5.77,42.8,54.2,0,42,34.2,50.0,0,47,29.0,41.9,7,,,,,,9,2,2,0.11,2,4,4,4,0.08,1,10,1,1,0.05,1,,,,,,9,5,5,0.16,3,,,,,,,,,,,,,,,,,,,,,,,,,,,,,,,,,,,,,,,,
202608141912,2026-08-14,19,12R,4852,川原 祐明,115期,香川,愛媛,31,A1,,0,0,0.15,7.31,58.2,77.1,5.46,32.1,57.1,0,47,33.8,48.5,0,32,26.1,35.3,6,6,5,5,0.09,3,11,1,1,0.19,2,3,5,4,0.08,1,,,,,,4,3,3,0.14,2,12,6,6,0.17,4,,,,,,,,,,,,,,,,,,,,,,,,,,,,,,,,,,,,,,,,,3680,森林 太,73期,長崎,長崎,53,B1,,0,0,0.22,4.36,21.5,35.5,4.8,27.2,42.4,0,73,28.3,40.3,0,67,43.9,57.5,5,3,1,1,0.08,1,8,5,5,0.24,5,4,6,6,0.26,5,,,,,,1,2,2,0.25,5,11,3,3,0.1,2,,,,,,,,,,,,,,,,,,,,,,,,,,,,,,,,,,,,,,,,,4057,松井 賢治,86期,兵庫,兵庫,47,A2,,0,0,0.15,5.93,41.3,61.9,5.39,32.1,53.5,0,69,38.8,61.1,0,53,32.8,51.5,8,6,2,2,0.12,2,10,4,5,0.11,5,3,4,3,0.13,4,,,,,,5,6,6,0.09,6,11,4,4,0.13,5,,,,,,,,,,,,,,,,,,,,,,,,,,,,,,,,,,,,,,,,,3942,寺田 祥,81期,山口,山口,47,A1,,0,0,0.14,7.11,58.3,72.9,7.7,62.6,77.3,0,35,31.2,56.2,0,28,49.1,67.2,3,7,5,5,0.16,3,12,1,1,0.14,2,,,,,,9,3,3,0.07,1,7,2,2,0.27,5,12,1,1,0.08,1,,,,,,,,,,,,,,,,,,,,,,,,,,,,,,,,,,,,,,,,,4034,西原 明生,85期,香川,愛媛,47,B1,,0,0,0.22,3.78,17.9,26.9,3.54,10.7,21.4,0,30,40.3,70.1,0,68,36.9,49.2,7,3,2,2,0.13,3,10,5,6,0.12,4,1,5,5,0.16,5,,,,,,1,4,4,0.27,2,6,1,1,0.19,4,,,,,,,,,,,,,,,,,,,,,,,,,,,,,,,,,,,,,,,,,5041,荒牧 凪沙,122期,福岡,福岡,27,B1,,1,0,0.19,4.78,24.6,43.4,3.44,22.2,22.2,0,49,30.8,41.1,0,23,39.0,67.1,2,5,4,4,0.39,5,11,3,3,0.19,1,2,2,2,0.16,3,,,,,,6,6,5,0.18,3,,,,,,,,,,,,,,,,,,,,,,,,,,,,,,,,,,,,,,,,,,,,,
202608142101,2026-08-14,21,01R,5330,安河内鈴之介,133期,福岡,福岡,22,A2,,0,0,0.15,6.56,51.3,67.8,5.32,32.8,52.0,0,38,32.5,51.2,0,118,35.7,52.3,11,6,3,3,0.12,1,,,,,,8,2,2,0.11,5,12,6,6,0.09,6,6,5,2,0.11,4,11,1,1,0.08,1,4,5,5,0.13,3,10,4,4,0.19,3,,,,,,,,,,,,,,,,,,,,,,,,,,,,,,,5012,加倉 侑征,121期,福岡,福岡,29,B1,,0,0,0.14,4.75,28.7,43.8,5.63,36.7,51.0,0,16,22.5,31.2,0,137,35.7,59.5,7,1,5,5,0.12,3,6,1,1,0.17,4,,,,,,7,6,6,0.13,4,1,4,4,0.15,5,11,4,3,0.1,3,3,2,2,0.06,2,,,,,,,,,,,,,,,,,,,,,,,,,,,,,,,,,,,,5203,神里 琴音,128期,福岡,沖縄,22,B1,,0,0,0.16,5.56,32.5,58.7,3.72,22.4,31.0,0,59,27.6,38.1,0,135,31.7,52.4,,1,6,6,0.18,6,9,2,2,0.27,5,,,,,,8,1,1,0.15,4,1,3,3,0.17,3,7,4,4,0.12,4,1,5,5,0.13,5,,,,,,,,,,,,,,,,,,,,,,,,,,,,,,,,,,,,5144,中尾 彩香,126期,福岡,沖縄,25,B1,,0,0,0.17,4.8,26.2,48.4,4.95,31.5,42.1,0,31,43.4,58.7,0,122,37.0,58.0,9,,,,,,7,4,4,0.51,6,4,2,2,0.23,6,10,6,6,0.12,4,2,3,3,0.18,3,8,1,1,0.14,1,,,,,,7,5,5,0.32,5,,,,,,,,,,,,,,,,,,,,,,,,,,,,,,,5093,浦野 海,124期,福岡,福岡,24,B2,,0,0,0.18,3.91,20.3,38.8,5.08,32.0,49.6,0,2,30.3,40.5,0,115,32.1,44.4,6,2,2,2,0.2,6,9,4,4,0.24,6,1,5,5,0.2,4,,,,,,1,2,2,0.2,6,5,3,3,0.08,5,4,4,4,0.19,6,,,,,,,,,,,,,,,,,,,,,,,,,,,,,,,,,,,,5382,山下 心一,135期,福岡,福岡,21,B1,,0,0,0.17,2.09,2.5,8.8,2.24,7.8,13.1,0,9,32.0,45.3,0,143,37.9,50.5,,5,6,6,0.25,6,,,,,,2,3,3,0.24,4,7,4,4,0.18,6,5,5,5,0.1,6,,,,,,1,6,6,0.16,6,8,3,3,0.19,6,,,,,,,,,,,,,,,,,,,,,,,,,,,,,,
202608142102,2026-08-14,21,02R,4193,郷原 章平,91期,福岡,福岡,44,A2,,0,0,0.15,6.03,43.3,58.3,5.73,39.5,56.9,0,41,44.4,59.2,0,149,43.1,56.8,10,3,5,5,0.12,3,11,2,2,0.17,3,,,,,,9,1,1,0.1,1,3,3,3,0.18,3,11,3,4,0.17,2,5,2,2,0.06,3,10,6,6,0.21,5,,,,,,,,,,,,,,,,,,,,,,,,,,,,,,,5219,森口 和紀,129期,福岡,福岡,25,B1,,0,0,0.2,5.11,37.1,47.4,4.41,27.8,37.9,0,7,34.9,65.0,0,112,45.0,50.7,6,2,3,3,0.35,5,8,5,5,0.24,3,,,,,,7,1,1,0.14,1,,,,,,8,6,6,0.1,6,1,4,4,0.08,2,7,2,2,0.09,3,,,,,,,,,,,,,,,,,,,,,,,,,,,,,,,5105,富田 恕生,125期,福岡,静岡,27,B1,,0,0,0.18,4.18,20.9,37.2,5.09,30.0,50.3,0,4,40.0,61.3,0,114,44.5,67.5,11,1,3,3,0.16,2,10,4,4,0.06,5,,,,,,7,2,2,0.15,3,2,5,5,0.24,1,7,1,1,0.1,1,,,,,,12,6,6,0.21,6,,,,,,,,,,,,,,,,,,,,,,,,,,,,,,,4831,羽野 直也,114期,福岡,福岡,31,A1,,0,0,0.15,7.51,57.4,71.2,6.99,51.1,69.3,0,29,40.2,53.2,0,146,29.5,42.2,12,2,4,4,0.16,2,12,1,1,0.25,6,3,3,3,0.11,1,9,5,6,0.23,3,4,1,1,0.09,5,11,5,5,0.17,4,,,,,,9,2,2,0.12,2,,,,,,,,,,,,,,,,,,,,,,,,,,,,,,,5053,山口 広樹,123期,福岡,福岡,30,B1,,1,0,0.17,3.48,16.0,30.3,3.54,23.0,23.0,0,15,33.7,46.5,0,127,40.9,56.6,7,1,2,2,0.07,4,7,5,5,0.17,5,3,4,4,0.11,5,,,,,,2,2,2,0.29,5,9,3,3,0.17,5,5,4,4,0.23,4,,,,,,,,,,,,,,,,,,,,,,,,,,,,,,,,,,,,5392,安武 一也,136期,福岡,福岡,25,B2,,0,0,0.19,1.74,0.0,2.6,1.31,1.8,1.8,0,21,43.7,62.5,0,153,39.2,52.3,,2,6,6,0.19,4,,,,,,3,6,6,0.28,6,8,4,4,0.2,6,,,,,,7,5,5,0.09,6,3,6,4,0.05,6,7,6,6,0.2,4,,,,,,,,,,,,,,,,,,,,,,,,,,,,,,
202608142103,2026-08-14,21,03R,3514,山一 鉄也,68期,福岡,福岡,59,A2,,0,0,0.17,5.78,40.3,57.2,6.09,46.2,57.5,0,27,28.4,40.7,0,164,37.1,50.0,12,,,,,,10,1,1,0.09,1,4,3,3,0.27,2,11,2,2,0.17,3,6,4,4,0.16,6,,,,,,3,4,5,0.09,4,9,4,6,0.14,3,,,,,,,,,,,,,,,,,,,,,,,,,,,,,,,4447,深川 麻奈美,100期,福岡,熊本,39,B1,,0,0,0.19,5.63,34.6,56.1,5.8,38.8,61.1,0,39,38.2,58.0,0,132,32.4,49.3,10,1,4,4,0.16,1,8,1,1,0.3,2,,,,,,10,3,3,0.18,3,3,2,2,0.23,2,8,5,5,0.12,5,,,,,,8,6,6,0.2,4,,,,,,,,,,,,,,,,,,,,,,,,,,,,,,,4288,永田 啓二,94期,福岡,福岡,41,A1,,0,0,0.12,7.65,61.7,80.8,7.1,58.6,72.1,0,26,21.9,35.6,0,159,45.0,64.7,11,4,1,1,0.02,1,12,3,3,0.08,2,,,,,,8,6,6,0.15,2,5,1,1,0.06,1,10,5,5,0.07,6,2,4,4,0.05,2,11,2,2,0.1,4,,,,,,,,,,,,,,,,,,,,,,,,,,,,,,,4232,笠 雅雄,92期,福岡,福岡,43,B1,,0,0,0.17,6.26,43.6,62.7,5.42,33.3,45.8,0,60,42.4,56.1,0,167,35.4,54.4,,7,1,1,0.05,1,11,4,4,0.15,6,2,5,6,0.33,3,,,,,,,,,,,9,2,2,0.19,4,1,3,3,0.13,4,10,5,5,0.25,6,,,,,,,,,,,,,,,,,,,,,,,,,,,,,,,4885,大山 千広,116期,福岡,福岡,30,A2,,0,0,0.15,7.0,55.7,71.4,6.15,40.0,65.0,0,13,45.0,61.2,0,136,39.7,53.4,9,6,2,2,0.12,2,12,6,6,0.18,5,5,3,3,0.08,3,10,1,1,0.14,1,3,5,5,0.41,4,,,,,,5,1,1,0.06,1,12,4,4,0.16,5,,,,,,,,,,,,,,,,,,,,,,,,,,,,,,,5338,香月 大輝,134期,福岡,福岡,26,B1,,0,0,0.16,4.63,25.6,42.3,2.88,6.2,18.7,0,52,37.1,56.4,0,154,35.3,53.6,8,2,5,5,0.18,3,7,3,3,0.02,3,2,2,2,0.23,5,,,,,,3,4,4,0.39,6,7,2,2,0.12,5,,,,,,9,6,5,0.12,6,,,,,,,,,,,,,,,,,,,,,,,,,,,,,,
202608142104,2026-08-14,21,04R,4544,松田 大志郎,104期,福岡,福岡,38,A1,,1,0,0.16,7.6,58.9,76.8,7.65,58.9,78.2,0,3,45.5,63.2,0,165,32.5,45.0,10,5,1,1,0.17,1,12,4,4,0.12,3,6,4,5,0.16,4,11,3,3,0.16,2,8,2,2,0.12,2,12,1,1,0.2,1,4,6,6,0.34,5,,,,,,,,,,,,,,,,,,,,,,,,,,,,,,,,,,,,4394,永嶋 裕一,98期,福岡,福岡,40,A2,,0,0,0.15,5.96,37.6,65.3,6.0,34.7,56.5,0,30,35.8,54.3,0,116,30.8,48.1,8,1,1,1,0.26,5,11,5,5,0.05,1,6,3,3,0.12,2,,,,,,5,4,4,0.05,2,12,3,2,0.16,3,5,6,6,0.07,5,,,,,,,,,,,,,,,,,,,,,,,,,,,,,,,,,,,,5212,西川 拓利,129期,福岡,福岡,27,A2,,0,0,0.13,6.16,43.4,65.2,4.45,27.2,38.6,0,5,32.3,49.3,0,170,32.9,51.2,10,4,2,2,0.03,3,10,5,5,0.11,4,2,1,1,0.2,1,8,3,3,0.1,1,4,4,4,0.0,1,12,6,6,0.24,5,,,,,,11,3,3,0.08,6,,,,,,,,,,,,,,,,,,,,,,,,,,,,,,,4102,益田 啓司,88期,福岡,大分,47,A1,,0,0,0.15,6.48,52.3,66.6,6.93,56.1,73.1,0,10,35.4,50.6,0,139,30.5,48.2,12,,,,,,9,5,5,0.2,2,5,1,1,0.06,1,12,2,2,0.15,3,4,6,6,0.11,3,8,4,4,0.08,4,5,3,3,0.08,6,11,1,1,0.1,1,,,,,,,,,,,,,,,,,,,,,,,,,,,,,,,5073,上原 健次郎,124期,福岡,沖縄,31,A2,,0,0,0.18,5.51,32.6,46.1,3.68,7.3,26.8,0,18,28.0,47.5,0,117,40.2,53.6,8,,,,,,11,3,3,0.16,4,5,5,5,0.08,4,9,2,2,0.12,5,,,,,,10,6,6,0.15,2,2,1,1,0.09,1,9,5,4,0.17,5,,,,,,,,,,,,,,,,,,,,,,,,,,,,,,,4363,大野 芳顕,97期,福岡,福岡,41,A2,,0,0,0.17,5.21,30.9,51.8,5.17,22.2,53.0,0,17,34.1,51.2,0,134,34.1,53.1,9,4,3,3,0.08,5,,,,,,5,2,2,0.04,2,11,5,5,0.08,5,1,1,1,0.12,1,12,4,4,0.19,6,6,6,6,0.18,2,,,,,,,,,,,,,,,,,,,,,,,,,,,,,,,,,,,
202608142105,2026-08-14,21,05R,4477,篠崎 仁志,101期,福岡,福岡,38,A1,,0,0,0.13,7.29,44.2,69.2,6.52,38.8,66.6,0,14,21.8,35.9,0,121,29.8,49.3,12,5,5,5,0.19,5,10,3,3,0.06,2,2,4,4,0.26,2,12,1,1,0.15,1,,,,,,9,5,6,0.1,6,4,1,1,0.13,1,8,2,2,0.15,1,,,,,,,,,,,,,,,,,,,,,,,,,,,,,,,5277,井上 未都,131期,福岡,福岡,24,B1,,1,0,0.15,5.27,29.6,54.3,4.33,14.8,37.0,0,24,19.4,32.4,0,158,32.8,48.6,,4,5,5,0.14,4,,,,,,6,1,1,0.27,5,10,4,4,0.14,5,,,,,,7,6,6,0.1,3,1,2,2,0.14,3,9,3,3,0.17,4,,,,,,,,,,,,,,,,,,,,,,,,,,,,,,,5210,藤井 公人,129期,福岡,福岡,27,A2,,0,0,0.15,5.67,44.0,54.0,5.98,43.9,65.8,0,11,41.9,67.9,0,156,37.8,59.7,10,4,6,6,0.16,6,8,3,3,0.24,6,6,2,2,0.12,1,,,,,,,,,,,10,4,4,0.14,3,5,5,5,0.12,2,9,1,1,0.1,1,,,,,,,,,,,,,,,,,,,,,,,,,,,,,,,4513,河野 真也,102期,福岡,宮崎,37,A2,,0,0,0.2,6.01,43.8,62.2,5.97,43.3,61.6,0,22,42.3,57.6,0,163,36.1,48.6,11,,,,,,9,3,3,0.12,1,4,4,4,0.27,3,8,5,5,0.15,3,5,2,2,0.08,3,11,6,6,0.2,6,3,1,1,0.1,1,,,,,,,,,,,,,,,,,,,,,,,,,,,,,,,,,,,,4936,戸敷 晃美,118期,福岡,宮崎,29,A2,,2,0,0.16,6.27,45.2,68.4,5.61,32.6,60.8,0,57,33.3,43.5,0,144,52.9,75.2,,,,,,,8,6,6,0.34,5,3,1,1,0.06,2,10,5,5,0.16,2,4,3,3,0.07,6,10,2,2,0.12,5,6,4,4,0.19,6,10,3,3,0.17,2,,,,,,,,,,,,,,,,,,,,,,,,,,,,,,,3876,中辻 崇人,79期,福岡,福岡,49,A1,,0,0,0.15,6.81,43.4,62.2,7.89,71.4,76.7,0,28,28.4,46.9,0,155,40.0,60.0,11,3,3,3,0.14,1,12,2,2,0.12,1,4,1,1,0.22,1,,,,,,6,2,6,0.19,3,12,5,5,0.2,4,8,4,4,0.25,3,12,1,1,0.11,1,,,,,,,,,,,,,,,,,,,,,,,,,,,,,,
202608142106,2026-08-14,21,06R,5093,浦野 海,124期,福岡,福岡,24,B2,,0,0,0.18,3.91,20.3,38.8,5.08,32.0,49.6,0,2,30.3,40.5,0,115,32.1,44.4,1,2,2,2,0.2,6,9,4,4,0.24,6,1,5,5,0.2,4,,,,,,1,2,2,0.2,6,5,3,3,0.08,5,4,4,4,0.19,6,,,,,,,,,,,,,,,,,,,,,,,,,,,,,,,,,,,,4189,川上 剛,91期,福岡,福岡,45,A1,,1,0,0.16,5.58,31.1,53.2,6.53,47.5,64.1,0,43,44.5,62.1,0,120,30.2,44.7,12,,,,,,9,1,1,0.12,4,6,5,6,0.15,3,12,3,3,0.2,2,2,4,4,0.18,2,11,2,2,0.09,5,1,1,1,0.14,1,6,5,5,0.19,4,,,,,,,,,,,,,,,,,,,,,,,,,,,,,,,4773,中川 りな,112期,福岡,福岡,33,A2,,0,0,0.17,6.0,42.8,62.7,6.02,39.0,59.3,0,48,41.9,55.5,0,126,39.2,53.1,11,2,1,1,0.16,1,6,4,4,0.18,3,,,,,,10,2,2,0.16,6,6,6,5,0.18,2,10,3,3,0.11,4,,,,,,11,6,6,0.07,3,,,,,,,,,,,,,,,,,,,,,,,,,,,,,,,5219,森口 和紀,129期,福岡,福岡,25,B1,,0,0,0.2,5.11,37.1,47.4,4.41,27.8,37.9,0,7,34.9,65.0,0,112,45.0,50.7,2,2,3,3,0.35,5,8,5,5,0.24,3,,,,,,7,1,1,0.14,1,,,,,,8,6,6,0.1,6,1,4,4,0.08,2,7,2,2,0.09,3,,,,,,,,,,,,,,,,,,,,,,,,,,,,,,,4640,山ノ内 雅人,107期,福岡,福岡,35,A2,,0,0,0.14,5.82,38.2,60.9,5.96,41.6,62.5,0,33,38.7,65.0,0,138,41.6,57.1,,5,3,3,0.12,2,9,6,6,0.16,3,,,,,,11,4,4,0.13,4,4,2,2,0.05,4,9,1,1,0.17,2,4,3,3,0.07,4,12,5,5,0.17,4,,,,,,,,,,,,,,,,,,,,,,,,,,,,,,,5029,中 亮太,122期,福岡,熊本,29,A1,,0,0,0.14,7.26,60.3,74.3,7.15,59.0,77.0,0,23,27.5,36.2,0,160,32.3,47.8,10,8,2,2,0.23,1,12,5,5,0.13,4,,,,,,11,1,1,0.14,1,5,6,6,0.13,4,9,4,4,0.1,1,3,3,3,0.06,3,10,1,1,0.14,1,,,,,,,,,,,,,,,,,,,,,,,,,,,,,,
202608142107,2026-08-14,21,07R,5053,山口 広樹,123期,福岡,福岡,30,B1,,1,0,0.17,3.48,16.0,30.3,3.54,23.0,23.0,0,15,33.7,46.5,0,127,40.9,56.6,2,1,2,2,0.07,4,7,5,5,0.17,5,3,4,4,0.11,5,,,,,,2,2,2,0.29,5,9,3,3,0.17,5,5,4,4,0.23,4,,,,,,,,,,,,,,,,,,,,,,,,,,,,,,,,,,,,4764,小池 礼乃,112期,福岡,福岡,36,B1,,1,0,0.16,4.94,31.7,49.2,3.76,11.9,35.7,0,36,26.6,46.6,0,141,29.2,52.4,,5,2,2,0.13,3,,,,,,1,4,4,0.25,6,7,3,3,0.14,2,6,1,1,0.16,1,,,,,,3,5,6,0.08,5,8,5,5,0.23,5,,,,,,,,,,,,,,,,,,,,,,,,,,,,,,,5276,大島 隆乃介,131期,福岡,福岡,24,B1,,0,0,0.17,4.9,25.0,47.8,4.54,24.0,44.4,0,54,30.3,50.6,0,166,34.6,44.0,,3,4,4,0.12,4,,,,,,3,2,2,0.07,3,7,5,5,0.12,5,1,6,6,0.25,4,,,,,,2,3,3,0.06,5,8,1,1,0.23,2,,,,,,,,,,,,,,,,,,,,,,,,,,,,,,,5012,加倉 侑征,121期,福岡,福岡,29,B1,,0,0,0.14,4.75,28.7,43.8,5.63,36.7,51.0,0,16,22.5,31.2,0,137,35.7,59.5,1,1,5,5,0.12,3,6,1,1,0.17,4,,,,,,7,6,6,0.13,4,1,4,4,0.15,5,11,4,3,0.1,3,3,2,2,0.06,2,,,,,,,,,,,,,,,,,,,,,,,,,,,,,,,,,,,,5308,藤森 拓海,132期,福岡,福岡,22,B1,,0,0,0.17,4.65,25.5,41.4,3.09,17.3,28.2,0,50,30.2,44.7,0,161,36.3,50.6,,5,4,4,0.18,4,,,,,,1,2,2,0.1,2,5,6,6,0.1,5,,,,,,7,3,3,0.11,2,6,2,1,0.2,3,11,5,5,0.06,5,,,,,,,,,,,,,,,,,,,,,,,,,,,,,,,5370,日隈 茜,135期,福岡,大分,24,B2,,0,0,0.19,1.35,2.7,2.7,1.41,0.0,0.0,0,47,37.6,57.1,0,125,31.3,53.7,,3,6,6,0.09,6,,,,,,2,6,5,0.33,6,9,4,4,0.23,6,2,6,6,0.28,6,,,,,,2,5,5,0.13,6,7,3,3,0.1,6,,,,,,,,,,,,,,,,,,,,,,,,,,,,,,
202608142108,2026-08-14,21,08R,5328,井上 慧人,133期,福岡,福岡,22,B1,,0,0,0.19,4.2,19.2,37.3,3.18,12.9,22.5,0,12,36.8,47.3,0,151,31.5,42.4,,,,,,,7,2,2,0.05,2,1,3,3,0.13,5,6,6,4,0.07,6,4,5,5,0.05,2,,,,,,2,2,2,0.1,3,7,4,4,0.19,2,,,,,,,,,,,,,,,,,,,,,,,,,,,,,,,5073,上原 健次郎,124期,福岡,沖縄,31,A2,,0,0,0.18,5.51,32.6,46.1,3.68,7.3,26.8,0,18,28.0,47.5,0,117,40.2,53.6,4,,,,,,11,3,3,0.16,4,5,5,5,0.08,4,9,2,2,0.12,5,,,,,,10,6,6,0.15,2,2,1,1,0.09,1,9,5,4,0.17,5,,,,,,,,,,,,,,,,,,,,,,,,,,,,,,,5338,香月 大輝,134期,福岡,福岡,26,B1,,0,0,0.16,4.63,25.6,42.3,2.88,6.2,18.7,0,52,37.1,56.4,0,154,35.3,53.6,3,2,5,5,0.18,3,7,3,3,0.02,3,2,2,2,0.23,5,,,,,,3,4,4,0.39,6,7,2,2,0.12,5,,,,,,9,6,5,0.12,6,,,,,,,,,,,,,,,,,,,,,,,,,,,,,,,4506,稗田 聖也,102期,福岡,福岡,38,A1,,0,0,0.14,6.17,46.5,62.5,6.77,54.6,71.8,0,35,49.4,73.4,0,113,42.8,58.3,,6,5,5,0.14,5,11,1,1,0.15,5,4,6,6,0.21,4,12,4,4,0.11,5,3,1,1,0.23,1,12,2,3,0.17,2,,,,,,10,2,2,0.13,4,,,,,,,,,,,,,,,,,,,,,,,,,,,,,,,4394,永嶋 裕一,98期,福岡,福岡,40,A2,,0,0,0.15,5.96,37.6,65.3,6.0,34.7,56.5,0,30,35.8,54.3,0,116,30.8,48.1,4,1,1,1,0.26,5,11,5,5,0.05,1,6,3,3,0.12,2,,,,,,5,4,4,0.05,2,12,3,2,0.16,3,5,6,6,0.07,5,,,,,,,,,,,,,,,,,,,,,,,,,,,,,,,,,,,,4736,高倉 和士,111期,福岡,福岡,35,A1,,0,0,0.14,7.15,57.2,75.8,6.83,53.3,65.3,0,8,40.2,58.4,0,152,32.4,43.2,12,4,4,4,0.09,2,11,6,6,0.1,2,1,1,1,0.08,1,12,5,5,0.07,4,,,,,,10,1,1,0.07,1,6,3,3,0.09,1,12,2,2,0.14,2,,,,,,,,,,,,,,,,,,,,,,,,,,,,,,
202608142109,2026-08-14,21,09R,4363,大野 芳顕,97期,福岡,福岡,41,A2,,0,0,0.17,5.21,30.9,51.8,5.17,22.2,53.0,0,17,34.1,51.2,0,134,34.1,53.1,4,4,3,3,0.08,5,,,,,,5,2,2,0.04,2,11,5,5,0.08,5,1,1,1,0.12,1,12,4,4,0.19,6,6,6,6,0.18,2,,,,,,,,,,,,,,,,,,,,,,,,,,,,,,,,,,,,4885,大山 千広,116期,福岡,福岡,30,A2,,0,0,0.15,7.0,55.7,71.4,6.15,40.0,65.0,0,13,45.0,61.2,0,136,39.7,53.4,3,6,2,2,0.12,2,12,6,6,0.18,5,5,3,3,0.08,3,10,1,1,0.14,1,3,5,5,0.41,4,,,,,,5,1,1,0.06,1,12,4,4,0.16,5,,,,,,,,,,,,,,,,,,,,,,,,,,,,,,,5144,中尾 彩香,126期,福岡,沖縄,25,B1,,0,0,0.17,4.8,26.2,48.4,4.95,31.5,42.1,0,31,43.4,58.7,0,122,37.0,58.0,1,,,,,,7,4,4,0.51,6,4,2,2,0.23,6,10,6,6,0.12,4,2,3,3,0.18,3,8,1,1,0.14,1,,,,,,7,5,5,0.32,5,,,,,,,,,,,,,,,,,,,,,,,,,,,,,,,5286,坂井 滉哉,132期,福岡,福岡,27,B1,,0,0,0.16,4.67,25.2,42.7,3.04,15.5,22.2,0,32,46.8,54.4,0,131,32.4,50.6,,3,2,2,0.15,5,10,6,6,0.1,6,5,4,4,0.11,6,,,,,,1,5,5,0.22,2,6,3,3,0.2,5,,,,,,7,1,1,0.05,1,,,,,,,,,,,,,,,,,,,,,,,,,,,,,,,4551,三川 昂暁,104期,福岡,福岡,37,A2,,0,0,0.17,5.74,42.0,58.0,5.03,30.8,47.0,0,42,24.6,44.4,0,140,28.9,42.1,,6,6,6,0.19,6,10,2,2,0.08,3,4,5,5,0.23,5,9,3,3,0.11,4,2,1,1,0.22,4,,,,,,4,2,2,0.14,2,11,4,4,0.04,2,,,,,,,,,,,,,,,,,,,,,,,,,,,,,,,3352,小川 晃司,62期,福岡,福岡,58,B1,,0,0,0.17,4.06,7.4,36.1,4.28,17.2,39.6,0,56,48.0,61.0,0,157,32.9,50.6,,,,,,,7,6,6,0.2,4,1,6,6,0.17,3,9,6,5,0.24,2,3,6,6,0.27,5,9,6,5,0.18,3,2,6,6,0.08,4,,,,,,,,,,,,,,,,,,,,,,,,,,,,,,,,,,,
202608142110,2026-08-14,21,10R,5029,中 亮太,122期,福岡,熊本,29,A1,,0,0,0.14,7.26,60.3,74.3,7.15,59.0,77.0,0,23,27.5,36.2,0,160,32.3,47.8,6,8,2,2,0.23,1,12,5,5,0.13,4,,,,,,11,1,1,0.14,1,5,6,6,0.13,4,9,4,4,0.1,1,3,3,3,0.06,3,10,1,1,0.14,1,,,,,,,,,,,,,,,,,,,,,,,,,,,,,,,4544,松田 大志郎,104期,福岡,福岡,38,A1,,1,0,0.16,7.6,58.9,76.8,7.65,58.9,78.2,0,3,45.5,63.2,0,165,32.5,45.0,4,5,1,1,0.17,1,12,4,4,0.12,3,6,4,5,0.16,4,11,3,3,0.16,2,8,2,2,0.12,2,12,1,1,0.2,1,4,6,6,0.34,5,,,,,,,,,,,,,,,,,,,,,,,,,,,,,,,,,,,,4193,郷原 章平,91期,福岡,福岡,44,A2,,0,0,0.15,6.03,43.3,58.3,5.73,39.5,56.9,0,41,44.4,59.2,0,149,43.1,56.8,2,3,5,5,0.12,3,11,2,2,0.17,3,,,,,,9,1,1,0.1,1,3,3,3,0.18,3,11,3,4,0.17,2,5,2,2,0.06,3,10,6,6,0.21,5,,,,,,,,,,,,,,,,,,,,,,,,,,,,,,,5212,西川 拓利,129期,福岡,福岡,27,A2,,0,0,0.13,6.16,43.4,65.2,4.45,27.2,38.6,0,5,32.3,49.3,0,170,32.9,51.2,4,4,2,2,0.03,3,10,5,5,0.11,4,2,1,1,0.2,1,8,3,3,0.1,1,4,4,4,0.0,1,12,6,6,0.24,5,,,,,,11,3,3,0.08,6,,,,,,,,,,,,,,,,,,,,,,,,,,,,,,,4447,深川 麻奈美,100期,福岡,熊本,39,B1,,0,0,0.19,5.63,34.6,56.1,5.8,38.8,61.1,0,39,38.2,58.0,0,132,32.4,49.3,3,1,4,4,0.16,1,8,1,1,0.3,2,,,,,,10,3,3,0.18,3,3,2,2,0.23,2,8,5,5,0.12,5,,,,,,8,6,6,0.2,4,,,,,,,,,,,,,,,,,,,,,,,,,,,,,,,5210,藤井 公人,129期,福岡,福岡,27,A2,,0,0,0.15,5.67,44.0,54.0,5.98,43.9,65.8,0,11,41.9,67.9,0,156,37.8,59.7,5,4,6,6,0.16,6,8,3,3,0.24,6,6,2,2,0.12,1,,,,,,,,,,,10,4,4,0.14,3,5,5,5,0.12,2,9,1,1,0.1,1,,,,,,,,,,,,,,,,,,,,,,,,,,,,,,
202608142111,2026-08-14,21,11R,3876,中辻 崇人,79期,福岡,福岡,49,A1,,0,0,0.15,6.81,43.4,62.2,7.89,71.4,76.7,0,28,28.4,46.9,0,155,40.0,60.0,5,3,3,3,0.14,1,12,2,2,0.12,1,4,1,1,0.22,1,,,,,,6,2,6,0.19,3,12,5,5,0.2,4,8,4,4,0.25,3,12,1,1,0.11,1,,,,,,,,,,,,,,,,,,,,,,,,,,,,,,,4288,永田 啓二,94期,福岡,福岡,41,A1,,0,0,0.12,7.65,61.7,80.8,7.1,58.6,72.1,0,26,21.9,35.6,0,159,45.0,64.7,3,4,1,1,0.02,1,12,3,3,0.08,2,,,,,,8,6,6,0.15,2,5,1,1,0.06,1,10,5,5,0.07,6,2,4,4,0.05,2,11,2,2,0.1,4,,,,,,,,,,,,,,,,,,,,,,,,,,,,,,,4513,河野 真也,102期,福岡,宮崎,37,A2,,0,0,0.2,6.01,43.8,62.2,5.97,43.3,61.6,0,22,42.3,57.6,0,163,36.1,48.6,5,,,,,,9,3,3,0.12,1,4,4,4,0.27,3,8,5,5,0.15,3,5,2,2,0.08,3,11,6,6,0.2,6,3,1,1,0.1,1,,,,,,,,,,,,,,,,,,,,,,,,,,,,,,,,,,,,5330,安河内鈴之介,133期,福岡,福岡,22,A2,,0,0,0.15,6.56,51.3,67.8,5.32,32.8,52.0,0,38,32.5,51.2,0,118,35.7,52.3,1,6,3,3,0.12,1,,,,,,8,2,2,0.11,5,12,6,6,0.09,6,6,5,2,0.11,4,11,1,1,0.08,1,4,5,5,0.13,3,10,4,4,0.19,3,,,,,,,,,,,,,,,,,,,,,,,,,,,,,,,5105,富田 恕生,125期,福岡,静岡,27,B1,,0,0,0.18,4.18,20.9,37.2,5.09,30.0,50.3,0,4,40.0,61.3,0,114,44.5,67.5,2,1,3,3,0.16,2,10,4,4,0.06,5,,,,,,7,2,2,0.15,3,2,5,5,0.24,1,7,1,1,0.1,1,,,,,,12,6,6,0.21,6,,,,,,,,,,,,,,,,,,,,,,,,,,,,,,,4773,中川 りな,112期,福岡,福岡,33,A2,,0,0,0.17,6.0,42.8,62.7,6.02,39.0,59.3,0,48,41.9,55.5,0,126,39.2,53.1,6,2,1,1,0.16,1,6,4,4,0.18,3,,,,,,10,2,2,0.16,6,6,6,5,0.18,2,10,3,3,0.11,4,,,,,,11,6,6,0.07,3,,,,,,,,,,,,,,,,,,,,,,,,,,,,,,
202608142112,2026-08-14,21,12R,4736,高倉 和士,111期,福岡,福岡,35,A1,,0,0,0.14,7.15,57.2,75.8,6.83,53.3,65.3,0,8,40.2,58.4,0,152,32.4,43.2,8,4,4,4,0.09,2,11,6,6,0.1,2,1,1,1,0.08,1,12,5,5,0.07,4,,,,,,10,1,1,0.07,1,6,3,3,0.09,1,12,2,2,0.14,2,,,,,,,,,,,,,,,,,,,,,,,,,,,,,,,4477,篠崎 仁志,101期,福岡,福岡,38,A1,,0,0,0.13,7.29,44.2,69.2,6.52,38.8,66.6,0,14,21.8,35.9,0,121,29.8,49.3,5,5,5,5,0.19,5,10,3,3,0.06,2,2,4,4,0.26,2,12,1,1,0.15,1,,,,,,9,5,6,0.1,6,4,1,1,0.13,1,8,2,2,0.15,1,,,,,,,,,,,,,,,,,,,,,,,,,,,,,,,4102,益田 啓司,88期,福岡,大分,47,A1,,0,0,0.15,6.48,52.3,66.6,6.93,56.1,73.1,0,10,35.4,50.6,0,139,30.5,48.2,4,,,,,,9,5,5,0.2,2,5,1,1,0.06,1,12,2,2,0.15,3,4,6,6,0.11,3,8,4,4,0.08,4,5,3,3,0.08,6,11,1,1,0.1,1,,,,,,,,,,,,,,,,,,,,,,,,,,,,,,,4189,川上 剛,91期,福岡,福岡,45,A1,,1,0,0.16,5.58,31.1,53.2,6.53,47.5,64.1,0,43,44.5,62.1,0,120,30.2,44.7,6,,,,,,9,1,1,0.12,4,6,5,6,0.15,3,12,3,3,0.2,2,2,4,4,0.18,2,11,2,2,0.09,5,1,1,1,0.14,1,6,5,5,0.19,4,,,,,,,,,,,,,,,,,,,,,,,,,,,,,,,4831,羽野 直也,114期,福岡,福岡,31,A1,,0,0,0.15,7.51,57.4,71.2,6.99,51.1,69.3,0,29,40.2,53.2,0,146,29.5,42.2,2,2,4,4,0.16,2,12,1,1,0.25,6,3,3,3,0.11,1,9,5,6,0.23,3,4,1,1,0.09,5,11,5,5,0.17,4,,,,,,9,2,2,0.12,2,,,,,,,,,,,,,,,,,,,,,,,,,,,,,,,3514,山一 鉄也,68期,福岡,福岡,59,A2,,0,0,0.17,5.78,40.3,57.2,6.09,46.2,57.5,0,27,28.4,40.7,0,164,37.1,50.0,3,,,,,,10,1,1,0.09,1,4,3,3,0.27,2,11,2,2,0.17,3,6,4,4,0.16,6,,,,,,3,4,5,0.09,4,9,4,6,0.14,3,,,,,,,,,,,,,,,,,,,,,,,,,,,,,,
202608142201,2026-08-14,22,01R,4236,松村 敏,92期,福岡,熊本,42,A1,,1,0,0.11,7.38,62.5,79.4,7.35,60.4,78.1,0,43,60.9,81.6,0,162,38.1,52.3,11,5,6,6,0.19,3,10,4,4,0.14,2,8,1,1,0.16,1,12,2,2,0.17,2,,,,,,,,,,,,,,,,,,,,,,,,,,,,,,,,,,,,,,,,,,,,,,,,,,,4555,富永 大一,104期,福岡,福岡,37,B1,,0,0,0.18,5.33,33.0,53.5,4.93,28.1,45.8,0,71,45.4,68.8,0,170,33.3,55.1,10,5,1,1,0.09,2,9,4,4,0.19,6,3,5,5,0.17,3,,,,,,,,,,,,,,,,,,,,,,,,,,,,,,,,,,,,,,,,,,,,,,,,,,,,,,,,3804,中渡 修作,77期,福岡,鹿児島,52,B1,,0,0,0.16,5.01,30.1,49.1,3.33,22.2,22.2,0,15,40.5,57.5,0,125,30.9,51.1,5,1,4,4,0.15,5,10,5,5,0.08,6,3,2,2,0.17,5,,,,,,,,,,,,,,,,,,,,,,,,,,,,,,,,,,,,,,,,,,,,,,,,,,,,,,,,4485,楠原 正剛,102期,福岡,福岡,40,B1,,1,0,0.16,4.91,26.2,47.5,5.83,40.7,55.5,0,12,36.8,54.9,0,148,38.5,61.4,8,2,5,5,0.23,6,10,3,3,0.09,1,,,,,,9,3,2,0.27,1,,,,,,,,,,,,,,,,,,,,,,,,,,,,,,,,,,,,,,,,,,,,,,,,,,,5239,上野 俊樹,130期,福岡,熊本,26,B1,,0,0,0.17,5.48,32.0,54.6,4.11,20.2,31.6,0,51,22.3,40.7,0,110,38.9,58.4,7,2,6,6,0.25,5,11,3,3,0.15,1,4,4,4,0.21,4,,,,,,,,,,,,,,,,,,,,,,,,,,,,,,,,,,,,,,,,,,,,,,,,,,,,,,,,5271,杉山 太陽,131期,福岡,福岡,25,B1,,0,0,0.19,4.07,17.9,35.9,4.0,25.0,28.5,0,62,48.3,72.5,0,172,35.7,52.3,9,6,3,3,0.19,2,,,,,,1,4,4,0.13,5,5,1,1,0.11,1,,,,,,,,,,,,,,,,,,,,,,,,,,,,,,,,,,,,,,,,,,,,,,,,,,
202608142202,2026-08-14,22,02R,4727,安部 慎一,111期,福岡,福岡,38,B1,,0,0,0.16,4.13,15.4,38.0,5.13,35.2,50.0,0,53,25.0,38.0,0,146,26.1,45.2,7,2,2,2,0.13,4,7,6,5,0.18,6,6,3,3,0.06,5,,,,,,,,,,,,,,,,,,,,,,,,,,,,,,,,,,,,,,,,,,,,,,,,,,,,,,,,5092,篠原 晟弥,124期,福岡,福岡,25,A2,,1,0,0.13,6.06,44.4,57.5,6.15,45.3,66.6,0,29,27.8,45.0,0,151,22.4,37.0,10,5,3,3,0.13,5,12,6,6,0.17,6,,,,,,9,1,1,0.21,2,,,,,,,,,,,,,,,,,,,,,,,,,,,,,,,,,,,,,,,,,,,,,,,,,,,5008,羽野 諒,121期,福岡,福岡,29,B1,,0,0,0.15,4.68,22.0,42.6,5.42,36.3,51.5,0,66,27.7,41.1,0,101,34.1,48.7,6,,,,,,7,2,2,0.18,2,2,1,1,0.1,1,11,4,5,0.08,3,,,,,,,,,,,,,,,,,,,,,,,,,,,,,,,,,,,,,,,,,,,,,,,,,,,5337,出畑 孝成,133期,福岡,福岡,20,B1,,0,0,0.2,4.35,21.5,37.6,3.36,14.6,25.6,0,59,39.6,55.6,0,158,14.1,36.4,,,,,,,7,5,4,0.25,4,3,6,6,0.21,2,8,6,5,0.18,5,,,,,,,,,,,,,,,,,,,,,,,,,,,,,,,,,,,,,,,,,,,,,,,,,,,4121,富永 修一,88期,福岡,福岡,44,A2,,0,0,0.14,5.99,45.2,55.9,5.54,32.6,51.9,0,13,36.5,58.6,0,160,39.0,58.5,9,6,2,2,0.19,4,10,6,6,0.05,3,7,1,1,0.18,1,11,3,4,0.09,4,,,,,,,,,,,,,,,,,,,,,,,,,,,,,,,,,,,,,,,,,,,,,,,,,,,5458,田中 大輝,138期,福岡,福岡,20,B2,,0,0,0.0,1.27,0.0,0.0,1.33,0.0,0.0,0,25,42.4,56.6,0,126,44.0,55.9,,3,6,6,0.38,6,,,,,,2,6,6,0.34,6,6,6,5,0.06,6,,,,,,,,,,,,,,,,,,,,,,,,,,,,,,,,,,,,,,,,,,,,,,,,,,
202608142203,2026-08-14,22,03R,4395,下河 雅史,98期,福岡,福岡,40,B1,,1,0,0.18,5.4,34.6,52.4,5.41,32.9,54.9,0,44,28.9,48.4,0,166,23.8,39.2,11,3,5,5,0.26,3,9,2,2,0.31,5,,,,,,10,4,4,0.19,2,,,,,,,,,,,,,,,,,,,,,,,,,,,,,,,,,,,,,,,,,,,,,,,,,,,4474,渡辺 崇,101期,福岡,大分,38,B1,,1,0,0.19,5.23,35.2,50.0,5.38,37.9,51.7,0,28,35.6,55.1,0,135,42.2,57.7,7,1,3,3,0.15,2,11,6,6,0.26,6,,,,,,8,5,4,0.18,3,,,,,,,,,,,,,,,,,,,,,,,,,,,,,,,,,,,,,,,,,,,,,,,,,,,4504,前田 将太,102期,福岡,福岡,38,A1,,0,0,0.15,6.69,47.0,66.6,7.08,54.8,70.9,0,65,37.5,58.3,0,105,46.1,64.8,12,8,1,1,0.09,1,12,2,2,0.14,2,6,5,6,0.1,2,,,,,,,,,,,,,,,,,,,,,,,,,,,,,,,,,,,,,,,,,,,,,,,,,,,,,,,,5284,嘉手苅 徹哉,132期,福岡,沖縄,27,B2,,0,0,0.18,3.83,15.0,35.0,3.11,12.3,22.2,0,67,38.8,63.3,0,112,26.8,43.9,,6,1,1,0.19,5,,,,,,4,5,5,0.19,5,8,4,3,0.21,2,,,,,,,,,,,,,,,,,,,,,,,,,,,,,,,,,,,,,,,,,,,,,,,,,,,5468,山口 隼人,138期,福岡,熊本,19,B2,,0,0,0.0,1.38,0.0,0.0,1.33,0.0,0.0,0,30,46.6,56.0,0,154,17.3,40.2,9,1,6,6,0.34,6,,,,,,1,6,6,0.03,6,,,,,,,,,,,,,,,,,,,,,,,,,,,,,,,,,,,,,,,,,,,,,,,,,,,,,,,,4495,森 晋太郎,102期,福岡,福岡,39,B2,,0,0,0.14,5.89,43.7,60.9,4.67,28.0,40.3,0,39,41.7,63.2,0,109,42.8,58.2,8,4,1,1,0.04,1,8,4,4,0.11,4,,,,,,7,2,2,0.22,2,,,,,,,,,,,,,,,,,,,,,,,,,,,,,,,,,,,,,,,,,,,,,,,,,,
202608142204,2026-08-14,22,04R,4684,楠原 翔太,109期,福岡,福岡,35,B1,,0,0,0.17,5.16,29.6,49.1,5.59,36.5,54.8,0,11,38.3,57.5,0,167,42.6,56.1,12,4,3,3,0.07,2,9,6,6,0.16,2,2,4,4,0.11,4,,,,,,,,,,,,,,,,,,,,,,,,,,,,,,,,,,,,,,,,,,,,,,,,,,,,,,,,4957,竹之内 極,119期,福岡,鹿児島,31,B1,,0,0,0.17,5.63,38.3,55.8,5.08,28.7,49.4,0,56,42.2,61.1,0,107,27.5,46.3,10,2,1,1,0.12,1,6,4,4,0.19,3,,,,,,11,2,3,0.14,1,,,,,,,,,,,,,,,,,,,,,,,,,,,,,,,,,,,,,,,,,,,,,,,,,,,4151,下河 誉史,89期,福岡,福岡,44,B1,,0,0,0.19,4.67,22.7,45.4,6.27,40.0,76.6,0,17,29.2,44.3,0,153,28.4,52.2,9,1,2,2,0.21,4,6,5,5,0.15,6,4,1,1,0.17,1,,,,,,,,,,,,,,,,,,,,,,,,,,,,,,,,,,,,,,,,,,,,,,,,,,,,,,,,5160,藤森 陸斗,127期,福岡,福岡,27,A2,,0,0,0.15,6.02,42.6,63.1,4.71,30.4,44.9,0,55,37.7,55.1,0,119,32.9,54.5,8,,,,,,8,3,3,0.13,6,2,2,2,0.16,3,10,5,5,0.18,4,,,,,,,,,,,,,,,,,,,,,,,,,,,,,,,,,,,,,,,,,,,,,,,,,,,4709,岡村 将也,110期,福岡,福岡,37,A2,,1,0,0.15,5.65,36.2,56.0,6.07,46.3,63.4,0,20,35.9,49.5,0,116,33.3,48.2,11,,,,,,9,3,3,0.22,1,6,4,4,0.16,3,11,1,2,0.18,2,,,,,,,,,,,,,,,,,,,,,,,,,,,,,,,,,,,,,,,,,,,,,,,,,,,4866,橋本 英一,116期,福岡,福岡,36,B1,,0,0,0.17,4.16,19.1,35.2,4.56,23.5,44.1,0,72,40.3,57.6,0,129,35.1,54.2,,3,2,2,0.19,4,,,,,,3,4,4,0.15,4,9,4,3,0.2,4,,,,,,,,,,,,,,,,,,,,,,,,,,,,,,,,,,,,,,,,,,,,,,,,,,
202608142205,2026-08-14,22,05R,3804,中渡 修作,77期,福岡,鹿児島,52,B1,,0,0,0.16,5.01,30.1,49.1,3.33,22.2,22.2,0,15,40.5,57.5,0,125,30.9,51.1,1,1,4,4,0.15,5,10,5,5,0.08,6,3,2,2,0.17,5,,,,,,,,,,,,,,,,,,,,,,,,,,,,,,,,,,,,,,,,,,,,,,,,,,,,,,,,3898,平田 忠則,80期,福岡,福岡,49,A1,,0,0,0.17,7.3,58.2,77.0,6.85,55.3,70.7,0,16,49.5,65.0,0,123,47.3,66.3,11,1,1,1,0.14,1,12,3,3,0.16,3,2,5,5,0.18,2,7,6,6,0.27,6,,,,,,,,,,,,,,,,,,,,,,,,,,,,,,,,,,,,,,,,,,,,,,,,,,,3869,井芹 大志,79期,福岡,熊本,50,B1,,0,0,0.18,4.03,20.2,35.1,4.47,15.7,47.3,0,26,27.8,46.8,0,141,31.6,44.3,10,4,4,4,0.08,4,,,,,,1,5,5,0.11,2,8,3,2,0.19,4,,,,,,,,,,,,,,,,,,,,,,,,,,,,,,,,,,,,,,,,,,,,,,,,,,,4424,松尾 昂明,100期,福岡,福岡,41,A2,,0,0,0.16,5.71,38.0,53.9,6.28,48.9,64.1,0,32,24.3,43.9,0,152,28.0,50.0,9,2,3,3,0.14,2,9,5,5,0.19,4,4,6,6,0.18,6,10,2,2,0.06,3,,,,,,,,,,,,,,,,,,,,,,,,,,,,,,,,,,,,,,,,,,,,,,,,,,,4094,中島 真二,87期,福岡,福岡,45,B1,,0,0,0.18,4.84,29.8,44.8,4.96,37.5,54.1,0,19,32.1,51.1,0,155,28.4,50.0,,3,4,4,0.23,5,,,,,,1,3,3,0.14,4,6,1,1,0.15,4,,,,,,,,,,,,,,,,,,,,,,,,,,,,,,,,,,,,,,,,,,,,,,,,,,,4336,松田 竜馬,96期,福岡,鹿児島,42,B1,,0,0,0.15,4.92,29.4,45.8,5.15,29.2,51.2,0,34,37.3,51.3,0,168,37.5,54.5,12,3,1,1,0.17,1,7,3,3,0.16,1,5,5,5,0.17,2,,,,,,,,,,,,,,,,,,,,,,,,,,,,,,,,,,,,,,,,,,,,,,,,,,,,,,,
202608142206,2026-08-14,22,06R,4674,池田 剛規,109期,福岡,福岡,39,B1,,0,0,0.15,5.23,31.1,48.1,5.14,27.1,49.3,0,48,17.8,36.9,0,113,20.9,37.0,11,1,5,5,0.14,3,8,2,2,0.1,3,,,,,,10,3,3,0.12,6,,,,,,,,,,,,,,,,,,,,,,,,,,,,,,,,,,,,,,,,,,,,,,,,,,,4079,出畑 孝典,87期,福岡,福岡,47,A2,,0,0,0.19,5.96,38.3,62.4,6.51,46.2,70.1,0,33,41.8,53.6,0,136,34.5,56.7,10,4,5,5,0.09,5,10,2,2,0.16,5,4,3,3,0.18,3,11,5,6,0.13,5,,,,,,,,,,,,,,,,,,,,,,,,,,,,,,,,,,,,,,,,,,,,,,,,,,,5237,永松 良教,130期,福岡,福岡,26,B2,,0,0,0.16,4.92,30.0,46.0,4.66,27.6,47.3,0,52,41.6,54.1,0,103,23.8,44.0,,,,,,,8,5,5,0.12,5,4,2,2,0.15,2,9,6,6,0.28,3,,,,,,,,,,,,,,,,,,,,,,,,,,,,,,,,,,,,,,,,,,,,,,,,,,,5008,羽野 諒,121期,福岡,福岡,29,B1,,0,0,0.15,4.68,22.0,42.6,5.42,36.3,51.5,0,66,27.7,41.1,0,101,34.1,48.7,2,,,,,,7,2,2,0.18,2,2,1,1,0.1,1,11,4,5,0.08,3,,,,,,,,,,,,,,,,,,,,,,,,,,,,,,,,,,,,,,,,,,,,,,,,,,,5409,宮本 琉正,136期,福岡,沖縄,21,B2,,0,0,0.16,2.66,8.2,14.7,1.41,0.0,1.8,0,58,37.7,54.4,0,163,36.0,52.3,,4,6,6,0.17,6,,,,,,5,6,6,0.15,4,9,5,4,0.2,6,,,,,,,,,,,,,,,,,,,,,,,,,,,,,,,,,,,,,,,,,,,,,,,,,,,4330,奈須 啓太,96期,福岡,福岡,42,A2,,0,0,0.12,6.01,41.3,62.0,6.3,48.0,61.0,0,73,30.5,50.8,0,137,34.5,55.5,12,,,,,,10,1,1,0.12,4,6,2,2,0.13,1,12,4,4,0.21,4,,,,,,,,,,,,,,,,,,,,,,,,,,,,,,,,,,,,,,,,,,,,,,,,,,
202608142207,2026-08-14,22,07R,3662,大庭 元明,73期,福岡,福岡,56,B1,,0,0,0.16,4.74,32.1,41.3,5.22,34.3,50.0,0,49,37.6,52.6,0,147,25.8,44.9,,5,4,4,0.21,6,,,,,,1,2,2,0.15,3,7,5,5,0.26,4,,,,,,,,,,,,,,,,,,,,,,,,,,,,,,,,,,,,,,,,,,,,,,,,,,,5239,上野 俊樹,130期,福岡,熊本,26,B1,,0,0,0.17,5.48,32.0,54.6,4.11,20.2,31.6,0,51,22.3,40.7,0,110,38.9,58.4,1,2,6,6,0.25,5,11,3,3,0.15,1,4,4,4,0.21,4,,,,,,,,,,,,,,,,,,,,,,,,,,,,,,,,,,,,,,,,,,,,,,,,,,,,,,,,4296,岡崎 恭裕,94期,福岡,福岡,39,A2,,0,0,0.14,6.24,42.1,65.7,0.0,0.0,0.0,0,36,31.7,50.0,0,164,25.2,42.5,12,4,2,2,0.03,3,12,5,5,0.17,4,,,,,,10,1,1,0.06,1,,,,,,,,,,,,,,,,,,,,,,,,,,,,,,,,,,,,,,,,,,,,,,,,,,,4727,安部 慎一,111期,福岡,福岡,38,B1,,0,0,0.16,4.13,15.4,38.0,5.13,35.2,50.0,0,53,25.0,38.0,0,146,26.1,45.2,2,2,2,2,0.13,4,7,6,5,0.18,6,6,3,3,0.06,5,,,,,,,,,,,,,,,,,,,,,,,,,,,,,,,,,,,,,,,,,,,,,,,,,,,,,,,,4474,渡辺 崇,101期,福岡,大分,38,B1,,1,0,0.19,5.23,35.2,50.0,5.38,37.9,51.7,0,28,35.6,55.1,0,135,42.2,57.7,3,1,3,3,0.15,2,11,6,6,0.26,6,,,,,,8,5,4,0.18,3,,,,,,,,,,,,,,,,,,,,,,,,,,,,,,,,,,,,,,,,,,,,,,,,,,,4737,竹井 貴史,111期,福岡,福岡,35,A1,,1,0,0.16,7.21,60.6,77.7,6.86,58.1,62.7,0,31,32.0,44.3,0,174,40.9,55.6,11,,,,,,11,1,1,0.25,4,7,4,4,0.25,5,12,5,5,0.35,5,,,,,,,,,,,,,,,,,,,,,,,,,,,,,,,,,,,,,,,,,,,,,,,,,,
202608142208,2026-08-14,22,08R,5160,藤森 陸斗,127期,福岡,福岡,27,A2,,0,0,0.15,6.02,42.6,63.1,4.71,30.4,44.9,0,55,37.7,55.1,0,119,32.9,54.5,4,,,,,,8,3,3,0.13,6,2,2,2,0.16,3,10,5,5,0.18,4,,,,,,,,,,,,,,,,,,,,,,,,,,,,,,,,,,,,,,,,,,,,,,,,,,,4350,篠崎 元志,96期,福岡,福岡,40,A1,,0,0,0.13,7.92,65.0,78.3,8.16,66.9,84.4,0,57,26.7,40.5,0,132,32.1,44.8,,6,6,6,0.15,1,11,4,4,0.19,2,3,3,3,0.13,1,12,1,1,0.14,1,,,,,,,,,,,,,,,,,,,,,,,,,,,,,,,,,,,,,,,,,,,,,,,,,,,4122,安東 幸治,88期,福岡,福岡,44,A2,,0,0,0.17,5.56,35.9,54.7,5.0,32.0,42.0,0,18,33.7,48.3,0,120,22.0,33.7,12,5,2,2,0.06,1,11,5,5,0.26,3,5,4,4,0.11,3,10,6,6,0.19,5,,,,,,,,,,,,,,,,,,,,,,,,,,,,,,,,,,,,,,,,,,,,,,,,,,,5240,高橋 龍治,130期,福岡,福岡,26,B1,,0,0,0.17,4.46,28.5,38.5,3.61,17.7,29.0,0,68,41.9,57.1,0,131,20.6,32.1,,5,5,5,0.18,4,,,,,,3,1,1,0.2,6,7,3,3,0.2,3,,,,,,,,,,,,,,,,,,,,,,,,,,,,,,,,,,,,,,,,,,,,,,,,,,,4495,森 晋太郎,102期,福岡,福岡,39,B2,,0,0,0.14,5.89,43.7,60.9,4.67,28.0,40.3,0,39,41.7,63.2,0,109,42.8,58.2,3,4,1,1,0.04,1,8,4,4,0.11,4,,,,,,7,2,2,0.22,2,,,,,,,,,,,,,,,,,,,,,,,,,,,,,,,,,,,,,,,,,,,,,,,,,,,4485,楠原 正剛,102期,福岡,福岡,40,B1,,1,0,0.16,4.91,26.2,47.5,5.83,40.7,55.5,0,12,36.8,54.9,0,148,38.5,61.4,1,2,5,5,0.23,6,10,3,3,0.09,1,,,,,,9,3,2,0.27,1,,,,,,,,,,,,,,,,,,,,,,,,,,,,,,,,,,,,,,,,,,,,,,,,,,
202608142209,2026-08-14,22,09R,4424,松尾 昂明,100期,福岡,福岡,41,A2,,0,0,0.16,5.71,38.0,53.9,6.28,48.9,64.1,0,32,24.3,43.9,0,152,28.0,50.0,5,2,3,3,0.14,2,9,5,5,0.19,4,4,6,6,0.18,6,10,2,2,0.06,3,,,,,,,,,,,,,,,,,,,,,,,,,,,,,,,,,,,,,,,,,,,,,,,,,,,3627,井上 恵一,72期,福岡,福岡,56,A2,,1,0,0.18,4.84,32.9,46.3,5.07,31.5,45.6,0,27,38.6,54.4,0,108,39.3,57.3,,7,1,1,0.26,3,11,2,2,0.19,5,2,3,3,0.15,5,9,2,5,0.28,5,,,,,,,,,,,,,,,,,,,,,,,,,,,,,,,,,,,,,,,,,,,,,,,,,,,4121,富永 修一,88期,福岡,福岡,44,A2,,0,0,0.14,5.99,45.2,55.9,5.54,32.6,51.9,0,13,36.5,58.6,0,160,39.0,58.5,2,6,2,2,0.19,4,10,6,6,0.05,3,7,1,1,0.18,1,11,3,4,0.09,4,,,,,,,,,,,,,,,,,,,,,,,,,,,,,,,,,,,,,,,,,,,,,,,,,,,4151,下河 誉史,89期,福岡,福岡,44,B1,,0,0,0.19,4.67,22.7,45.4,6.27,40.0,76.6,0,17,29.2,44.3,0,153,28.4,52.2,4,1,2,2,0.21,4,6,5,5,0.15,6,4,1,1,0.17,1,,,,,,,,,,,,,,,,,,,,,,,,,,,,,,,,,,,,,,,,,,,,,,,,,,,,,,,,5271,杉山 太陽,131期,福岡,福岡,25,B1,,0,0,0.19,4.07,17.9,35.9,4.0,25.0,28.5,0,62,48.3,72.5,0,172,35.7,52.3,1,6,3,3,0.19,2,,,,,,1,4,4,0.13,5,5,1,1,0.11,1,,,,,,,,,,,,,,,,,,,,,,,,,,,,,,,,,,,,,,,,,,,,,,,,,,,5468,山口 隼人,138期,福岡,熊本,19,B2,,0,0,0.0,1.38,0.0,0.0,1.33,0.0,0.0,0,30,46.6,56.0,0,154,17.3,40.2,3,1,6,6,0.34,6,,,,,,1,6,6,0.03,6,,,,,,,,,,,,,,,,,,,,,,,,,,,,,,,,,,,,,,,,,,,,,,,,,,,,,,,
202608142210,2026-08-14,22,10R,4079,出畑 孝典,87期,福岡,福岡,47,A2,,0,0,0.19,5.96,38.3,62.4,6.51,46.2,70.1,0,33,41.8,53.6,0,136,34.5,56.7,6,4,5,5,0.09,5,10,2,2,0.16,5,4,3,3,0.18,3,11,5,6,0.13,5,,,,,,,,,,,,,,,,,,,,,,,,,,,,,,,,,,,,,,,,,,,,,,,,,,,5018,竹下 大樹,121期,福岡,福岡,27,A1,,0,0,0.14,6.83,50.7,72.7,6.63,49.1,69.6,0,46,22.7,42.5,0,142,25.0,41.3,,2,4,4,0.13,3,8,6,6,0.15,2,1,1,1,0.14,1,12,3,3,0.16,3,,,,,,,,,,,,,,,,,,,,,,,,,,,,,,,,,,,,,,,,,,,,,,,,,,,4555,富永 大一,104期,福岡,福岡,37,B1,,0,0,0.18,5.33,33.0,53.5,4.93,28.1,45.8,0,71,45.4,68.8,0,170,33.3,55.1,1,5,1,1,0.09,2,9,4,4,0.19,6,3,5,5,0.17,3,,,,,,,,,,,,,,,,,,,,,,,,,,,,,,,,,,,,,,,,,,,,,,,,,,,,,,,,3869,井芹 大志,79期,福岡,熊本,50,B1,,0,0,0.18,4.03,20.2,35.1,4.47,15.7,47.3,0,26,27.8,46.8,0,141,31.6,44.3,5,4,4,4,0.08,4,,,,,,1,5,5,0.11,2,8,3,2,0.19,4,,,,,,,,,,,,,,,,,,,,,,,,,,,,,,,,,,,,,,,,,,,,,,,,,,,5092,篠原 晟弥,124期,福岡,福岡,25,A2,,1,0,0.13,6.06,44.4,57.5,6.15,45.3,66.6,0,29,27.8,45.0,0,151,22.4,37.0,2,5,3,3,0.13,5,12,6,6,0.17,6,,,,,,9,1,1,0.21,2,,,,,,,,,,,,,,,,,,,,,,,,,,,,,,,,,,,,,,,,,,,,,,,,,,,4957,竹之内 極,119期,福岡,鹿児島,31,B1,,0,0,0.17,5.63,38.3,55.8,5.08,28.7,49.4,0,56,42.2,61.1,0,107,27.5,46.3,4,2,1,1,0.12,1,6,4,4,0.19,3,,,,,,11,2,3,0.14,1,,,,,,,,,,,,,,,,,,,,,,,,,,,,,,,,,,,,,,,,,,,,,,,,,,
202608142211,2026-08-14,22,11R,3898,平田 忠則,80期,福岡,福岡,49,A1,,0,0,0.17,7.3,58.2,77.0,6.85,55.3,70.7,0,16,49.5,65.0,0,123,47.3,66.3,5,1,1,1,0.14,1,12,3,3,0.16,3,2,5,5,0.18,2,7,6,6,0.27,6,,,,,,,,,,,,,,,,,,,,,,,,,,,,,,,,,,,,,,,,,,,,,,,,,,,4737,竹井 貴史,111期,福岡,福岡,35,A1,,1,0,0.16,7.21,60.6,77.7,6.86,58.1,62.7,0,31,32.0,44.3,0,174,40.9,55.6,7,,,,,,11,1,1,0.25,4,7,4,4,0.25,5,12,5,5,0.35,5,,,,,,,,,,,,,,,,,,,,,,,,,,,,,,,,,,,,,,,,,,,,,,,,,,,4395,下河 雅史,98期,福岡,福岡,40,B1,,1,0,0.18,5.4,34.6,52.4,5.41,32.9,54.9,0,44,28.9,48.4,0,166,23.8,39.2,3,3,5,5,0.26,3,9,2,2,0.31,5,,,,,,10,4,4,0.19,2,,,,,,,,,,,,,,,,,,,,,,,,,,,,,,,,,,,,,,,,,,,,,,,,,,,4674,池田 剛規,109期,福岡,福岡,39,B1,,0,0,0.15,5.23,31.1,48.1,5.14,27.1,49.3,0,48,17.8,36.9,0,113,20.9,37.0,6,1,5,5,0.14,3,8,2,2,0.1,3,,,,,,10,3,3,0.12,6,,,,,,,,,,,,,,,,,,,,,,,,,,,,,,,,,,,,,,,,,,,,,,,,,,,4236,松村 敏,92期,福岡,熊本,42,A1,,1,0,0.11,7.38,62.5,79.4,7.35,60.4,78.1,0,43,60.9,81.6,0,162,38.1,52.3,1,5,6,6,0.19,3,10,4,4,0.14,2,8,1,1,0.16,1,12,2,2,0.17,2,,,,,,,,,,,,,,,,,,,,,,,,,,,,,,,,,,,,,,,,,,,,,,,,,,,4709,岡村 将也,110期,福岡,福岡,37,A2,,1,0,0.15,5.65,36.2,56.0,6.07,46.3,63.4,0,20,35.9,49.5,0,116,33.3,48.2,4,,,,,,9,3,3,0.22,1,6,4,4,0.16,3,11,1,2,0.18,2,,,,,,,,,,,,,,,,,,,,,,,,,,,,,,,,,,,,,,,,,,,,,,,,,,
202608142212,2026-08-14,22,12R,4504,前田 将太,102期,福岡,福岡,38,A1,,0,0,0.15,6.69,47.0,66.6,7.08,54.8,70.9,0,65,37.5,58.3,0,105,46.1,64.8,3,8,1,1,0.09,1,12,2,2,0.14,2,6,5,6,0.1,2,,,,,,,,,,,,,,,,,,,,,,,,,,,,,,,,,,,,,,,,,,,,,,,,,,,,,,,,4122,安東 幸治,88期,福岡,福岡,44,A2,,0,0,0.17,5.56,35.9,54.7,5.0,32.0,42.0,0,18,33.7,48.3,0,120,22.0,33.7,8,5,2,2,0.06,1,11,5,5,0.26,3,5,4,4,0.11,3,10,6,6,0.19,5,,,,,,,,,,,,,,,,,,,,,,,,,,,,,,,,,,,,,,,,,,,,,,,,,,,4330,奈須 啓太,96期,福岡,福岡,42,A2,,0,0,0.12,6.01,41.3,62.0,6.3,48.0,61.0,0,73,30.5,50.8,0,137,34.5,55.5,6,,,,,,10,1,1,0.12,4,6,2,2,0.13,1,12,4,4,0.21,4,,,,,,,,,,,,,,,,,,,,,,,,,,,,,,,,,,,,,,,,,,,,,,,,,,,4336,松田 竜馬,96期,福岡,鹿児島,42,B1,,0,0,0.15,4.92,29.4,45.8,5.15,29.2,51.2,0,34,37.3,51.3,0,168,37.5,54.5,5,3,1,1,0.17,1,7,3,3,0.16,1,5,5,5,0.17,2,,,,,,,,,,,,,,,,,,,,,,,,,,,,,,,,,,,,,,,,,,,,,,,,,,,,,,,,4684,楠原 翔太,109期,福岡,福岡,35,B1,,0,0,0.17,5.16,29.6,49.1,5.59,36.5,54.8,0,11,38.3,57.5,0,167,42.6,56.1,4,4,3,3,0.07,2,9,6,6,0.16,2,2,4,4,0.11,4,,,,,,,,,,,,,,,,,,,,,,,,,,,,,,,,,,,,,,,,,,,,,,,,,,,,,,,,4296,岡崎 恭裕,94期,福岡,福岡,39,A2,,0,0,0.14,6.24,42.1,65.7,0.0,0.0,0.0,0,36,31.7,50.0,0,164,25.2,42.5,7,4,2,2,0.03,3,12,5,5,0.17,4,,,,,,10,1,1,0.06,1,,,,,,,,,,,,,,,,,,,,,,,,,,,,,,,,,,,,,,,,,,,,,,,,,,
202608142301,2026-08-14,23,01R,4531,武富 智亮,103期,佐賀,佐賀,37,A2,,0,0,0.16,6.33,41.1,68.0,6.44,47.0,64.1,0,58,33.4,52.8,0,51,36.2,54.9,10,5,6,6,0.12,2,,,,,,3,3,3,0.09,1,11,1,1,0.14,4,4,4,4,0.19,1,12,2,2,0.22,4,4,3,2,0.21,4,11,3,3,0.13,3,6,5,5,0.26,3,10,4,4,0.16,6,,,,,,,,,,,,,,,,,,,,,4143,浦田 晃嗣,89期,佐賀,佐賀,45,B1,,0,0,0.16,3.99,18.7,35.0,4.34,21.0,36.9,0,1,32.4,43.9,0,7,39.7,61.2,6,1,4,4,0.19,5,7,2,2,0.12,4,,,,,,9,5,6,0.21,5,1,3,3,0.15,2,,,,,,5,1,1,0.14,3,11,5,5,0.15,6,4,3,3,0.1,2,,,,,,,,,,,,,,,,,,,,,,,,,,5268,山本 幸也,131期,福岡,福岡,25,B1,,0,0,0.2,3.67,15.7,25.0,2.28,3.1,15.6,0,20,32.5,51.8,0,23,44.6,61.1,8,4,6,5,0.45,2,8,2,2,0.17,4,3,5,4,0.08,3,,,,,,,,,,,9,6,6,0.18,6,6,1,1,0.21,5,10,3,3,0.02,5,3,5,5,0.3,4,,,,,,,,,,,,,,,,,,,,,,,,,,4720,西澤 日花里,110期,長崎,熊本,32,B1,,1,0,0.2,3.58,15.3,32.3,4.96,30.7,50.0,0,36,30.8,51.0,0,19,38.4,52.8,7,5,1,1,0.15,3,10,4,4,0.12,6,,,,,,8,3,3,0.16,2,6,5,5,0.26,6,,,,,,1,2,2,0.16,3,6,5,6,0.21,4,6,2,2,0.22,6,,,,,,,,,,,,,,,,,,,,,,,,,,3825,宮嵜 隆太郎,78期,福岡,福岡,53,B1,,0,0,0.12,3.2,18.1,22.7,3.9,15.0,30.0,0,47,33.8,49.3,0,32,39.3,54.5,6,5,3,5,0.22,6,,,,,,3,6,6,0.05,6,8,2,2,0.06,3,3,4,4,0.05,2,7,1,1,0.12,3,6,4,3,0.19,3,,,,,,,,,,,9,4,4,0.02,6,,,,,,,,,,,,,,,,,,,,,5462,山浦 槙,138期,佐賀,佐賀,19,B2,,0,0,0.0,1.7,0.0,3.0,1.78,0.0,0.0,0,55,33.1,49.3,0,28,38.8,53.4,,6,6,6,0.05,4,,,,,,2,6,6,0.33,6,9,6,5,0.27,6,3,6,6,0.08,5,,,,,,1,6,6,0.16,5,9,6,5,0.19,5,,,,,,8,6,5,0.19,5,,,,,,,,,,,,,,,,,,,,
202608142302,2026-08-14,23,02R,4515,藤田 浩人,102期,佐賀,佐賀,40,A2,,0,0,0.17,5.76,36.1,59.6,5.91,41.8,58.1,0,44,32.8,48.3,0,52,38.1,50.4,10,2,3,3,0.19,3,,,,,,1,1,1,0.1,1,12,2,2,0.21,5,3,5,5,0.13,3,11,2,2,0.06,1,4,5,4,0.22,5,12,3,3,0.19,5,4,4,4,0.18,3,10,5,5,0.19,4,,,,,,,,,,,,,,,,,,,,,3508,久富 政弘,67期,佐賀,佐賀,55,A2,,0,0,0.2,5.29,32.9,52.9,4.72,26.7,41.5,0,3,27.9,46.7,0,42,27.8,48.4,11,,,,,,9,5,5,0.25,2,2,1,1,0.08,1,10,3,3,0.1,5,7,3,3,0.19,5,12,6,6,0.11,1,5,4,4,0.16,4,9,2,2,0.17,3,2,1,1,0.19,1,11,5,5,0.23,5,,,,,,,,,,,,,,,,,,,,,5270,小玉 啓太,131期,佐賀,佐賀,25,B1,,1,0,0.15,4.52,25.0,42.0,3.39,15.6,22.8,0,32,46.3,62.7,0,5,35.1,53.1,6,3,3,3,0.13,5,11,6,6,0.15,6,4,4,4,0.11,2,,,,,,2,2,2,0.11,4,,,,,,7,1,1,0.24,5,12,5,5,0.26,3,,,,,,9,2,2,0.07,1,,,,,,,,,,,,,,,,,,,,,3211,北川 敏弘,57期,佐賀,佐賀,64,B1,,0,0,0.18,4.04,14.1,29.4,3.78,10.3,28.8,0,35,38.4,52.4,0,57,32.6,52.1,9,4,1,6,0.26,6,,,,,,4,5,5,0.04,4,9,1,1,0.17,2,2,4,4,0.14,2,9,3,3,0.16,2,,,,,,8,2,2,0.2,5,6,3,3,0.16,2,,,,,,,,,,,,,,,,,,,,,,,,,,3784,中島 友和,76期,佐賀,佐賀,49,B1,,0,0,0.16,4.94,28.8,50.0,5.73,36.1,60.2,0,27,34.0,53.8,0,35,39.4,51.9,8,,,,,,8,3,3,0.15,3,5,1,1,0.1,5,12,4,4,0.24,6,4,5,5,0.2,4,,,,,,3,2,2,0.19,4,8,5,6,0.07,2,2,4,4,0.13,4,,,,,,,,,,,,,,,,,,,,,,,,,,3998,冨成 謙児,83期,佐賀,佐賀,47,B1,,0,0,0.17,4.45,27.0,37.0,5.13,34.2,51.0,0,49,37.1,53.4,0,50,39.3,59.6,9,,,,,,7,1,1,0.08,3,4,3,3,0.09,3,10,5,5,0.15,6,1,4,4,0.26,4,6,6,6,0.28,4,5,2,2,0.09,6,,,,,,,,,,,9,1,1,0.11,5,,,,,,,,,,,,,,,,,,,,
202608142303,2026-08-14,23,03R,4661,中島 昂章,108期,佐賀,佐賀,34,A2,,0,0,0.18,5.43,36.0,56.8,5.42,36.8,55.2,0,7,37.9,55.0,0,1,39.5,54.1,11,3,1,1,0.13,2,10,3,3,0.1,3,,,,,,7,5,5,0.26,4,7,2,2,0.19,1,11,6,6,0.14,5,6,2,2,0.17,2,,,,,,8,3,3,0.05,3,12,4,4,0.19,4,,,,,,,,,,,,,,,,,,,,,4879,山崎 鉄平,116期,佐賀,佐賀,31,B1,,0,0,0.17,4.98,33.3,49.3,5.3,30.3,52.4,0,33,21.6,44.4,0,53,34.9,49.5,8,2,4,4,0.17,5,9,1,1,0.25,3,5,2,2,0.13,3,,,,,,,,,,,11,5,5,0.09,3,3,3,3,0.11,3,11,6,6,0.15,5,5,4,4,0.21,4,,,,,,,,,,,,,,,,,,,,,,,,,,4499,滝川 真由子,102期,長崎,愛知,38,B1,,1,0,0.18,5.12,29.2,55.3,4.76,24.0,52.0,0,10,35.9,55.6,0,41,35.8,56.6,10,,,,,,11,5,5,0.16,3,3,2,2,0.17,4,7,6,6,0.19,3,4,1,1,0.21,2,10,4,4,0.18,2,,,,,,8,3,3,0.19,3,3,2,2,0.13,3,12,5,5,0.27,5,,,,,,,,,,,,,,,,,,,,,5124,上瀧 絢也,126期,佐賀,佐賀,30,B1,,0,0,0.17,4.38,25.6,40.2,4.26,22.1,37.5,0,28,37.3,55.0,0,48,28.9,47.6,7,1,5,5,0.18,3,9,2,2,0.25,4,1,4,6,0.18,4,,,,,,6,1,1,0.24,3,11,3,3,0.08,4,,,,,,8,6,4,0.1,6,5,6,5,0.14,6,,,,,,,,,,,,,,,,,,,,,,,,,,5121,定松 勇樹,125期,佐賀,福岡,25,A1,,1,0,0.13,7.66,53.0,65.0,7.53,60.7,77.5,0,41,28.8,51.6,0,6,44.6,54.3,10,7,3,3,0.08,1,12,4,4,0.22,4,,,,,,9,2,2,0.21,3,8,5,5,0.26,6,12,1,1,0.25,3,2,1,1,0.19,1,10,4,4,0.04,1,2,2,2,0.15,2,10,3,3,0.15,3,,,,,,,,,,,,,,,,,,,,,5428,古園井 綾南,137期,佐賀,福岡,23,B2,,1,0,0.19,1.08,0.0,0.0,1.15,0.0,0.0,0,31,37.4,57.1,0,10,40.4,53.9,,1,6,6,0.16,6,,,,,,4,6,6,0.13,6,8,6,5,0.35,6,4,6,6,0.26,6,,,,,,2,6,6,0.12,6,6,6,5,0.16,6,4,6,5,0.19,6,,,,,,,,,,,,,,,,,,,,,,,,,
202608142304,2026-08-14,23,04R,3974,深山 祐二,83期,佐賀,佐賀,49,B1,,0,0,0.16,4.4,25.2,39.5,4.27,20.6,39.1,0,8,35.6,50.7,0,56,35.7,52.0,9,,,,,,7,4,4,0.05,5,7,2,2,0.18,5,12,6,6,0.2,4,,,,,,8,3,3,0.14,1,1,5,5,0.15,2,8,1,1,0.18,4,3,4,4,0.18,5,,,,,,,,,,,,,,,,,,,,,,,,,,4006,小野 勇作,84期,佐賀,佐賀,48,B1,,0,0,0.17,5.04,28.2,48.9,4.6,21.4,44.0,0,46,34.9,51.2,0,20,34.2,47.6,11,1,3,3,0.2,4,10,6,6,0.16,5,,,,,,7,1,1,0.16,1,1,2,2,0.19,1,12,4,4,0.19,6,,,,,,7,5,5,0.18,4,5,1,1,0.11,2,10,6,6,0.17,5,,,,,,,,,,,,,,,,,,,,,5307,富永 夏哉人,132期,佐賀,佐賀,23,B1,,0,0,0.19,4.71,28.5,43.8,4.0,17.7,36.2,0,42,37.3,53.9,0,37,36.7,58.1,9,1,2,2,0.18,2,8,5,6,0.2,5,3,4,5,0.11,5,,,,,,6,4,3,0.19,2,,,,,,2,4,4,0.23,5,9,1,1,0.12,4,,,,,,8,2,2,0.04,転,,,,,,,,,,,,,,,,,,,,,5312,川辺 郭人,133期,佐賀,佐賀,26,B1,,1,0,0.17,3.61,13.0,26.0,2.72,6.0,16.3,0,53,24.4,43.7,0,14,31.6,56.4,8,3,5,6,0.14,3,,,,,,1,2,2,0.12,2,6,3,3,0.1,4,5,5,5,0.06,4,9,1,1,0.16,3,3,4,4,0.1,5,,,,,,4,2,2,0.09,4,,,,,,,,,,,,,,,,,,,,,,,,,,4445,宮地 元輝,100期,佐賀,佐賀,39,A1,,0,0,0.12,7.1,46.8,57.4,7.5,59.2,75.2,0,34,33.3,46.2,0,26,27.7,47.2,11,2,1,1,0.16,1,12,3,3,0.16,6,2,2,2,0.07,3,11,4,4,0.17,1,,,,,,10,5,5,0.16,3,1,1,1,0.09,1,12,4,4,0.23,転,7,2,2,0.2,3,11,4,4,0.14,4,,,,,,,,,,,,,,,,,,,,,5412,久保田 凪紗,136期,佐賀,福岡,20,B2,,0,0,0.2,1.59,1.2,2.5,1.47,1.7,1.7,0,52,32.3,53.9,0,13,32.4,48.1,,2,6,6,0.25,6,7,5,5,0.01,2,,,,,,7,4,4,0.29,6,1,5,5,0.26,5,5,3,3,0.05,5,3,6,6,0.3,6,,,,,,2,6,6,0.12,6,9,3,3,0.05,4,,,,,,,,,,,,,,,,,,,,
202608142305,2026-08-14,23,05R,3617,竹田 広樹,71期,佐賀,佐賀,53,B1,,1,0,0.19,3.88,19.1,32.3,4.42,26.5,35.0,0,26,30.3,50.7,0,3,37.1,47.4,,6,3,3,0.25,6,,,,,,2,4,4,0.31,5,8,1,1,0.14,4,2,5,5,0.29,5,8,2,2,0.21,5,5,6,6,0.28,5,,,,,,1,5,5,0.18,6,6,4,4,0.27,5,,,,,,,,,,,,,,,,,,,,,3809,吉田 光,77期,佐賀,佐賀,51,B1,,1,0,0.19,3.92,7.8,35.5,5.05,27.7,45.5,0,37,34.3,49.2,0,49,32.9,48.4,,4,2,1,0.2,5,,,,,,1,3,3,0.12,3,8,5,6,0.2,5,,,,,,7,4,4,0.19,4,2,5,5,0.17,3,7,2,2,0.27,6,,,,,,7,4,4,0.24,4,,,,,,,,,,,,,,,,,,,,,4552,杉山 勝匡,104期,佐賀,佐賀,37,B1,,1,0,0.14,4.58,28.9,46.0,4.82,30.4,46.6,0,11,30.5,51.1,0,59,39.3,57.5,,5,4,2,0.42,5,,,,,,2,3,3,0.12,2,6,5,5,0.1,6,,,,,,8,1,1,0.09,2,1,4,4,0.14,6,10,5,5,0.08,6,1,6,6,0.19,4,,,,,,,,,,,,,,,,,,,,,,,,,,4252,松下 哲也,93期,福岡,福岡,43,B1,,0,0,0.19,4.73,25.8,44.0,4.53,24.5,40.3,0,21,34.8,48.5,0,24,37.1,55.6,,6,5,5,0.1,3,,,,,,4,1,1,0.36,5,11,2,2,0.25,6,3,3,3,0.14,4,10,6,6,0.17,4,,,,,,7,4,4,0.09,2,2,5,5,0.11,3,8,1,1,0.06,2,,,,,,,,,,,,,,,,,,,,,3566,川添 英正,70期,福岡,福岡,56,B1,,0,0,0.19,4.6,25.2,41.3,5.09,25.0,50.0,0,40,42.7,62.1,0,21,44.3,59.4,9,4,3,3,0.21,4,,,,,,6,1,1,0.07,3,11,5,5,0.19,3,,,,,,8,4,4,0.35,3,2,2,2,0.26,4,12,6,6,0.28,4,6,1,1,0.19,4,,,,,,,,,,,,,,,,,,,,,,,,,,4503,上野 真之介,102期,佐賀,佐賀,38,A1,,0,0,0.11,8.09,61.7,76.5,7.8,64.7,80.1,0,13,31.8,49.5,0,18,31.9,52.5,11,6,1,2,0.12,2,10,5,5,0.05,1,8,4,4,0.12,1,12,1,1,0.09,1,3,1,1,0.1,1,,,,,,2,3,3,0.27,2,11,4,4,0.17,4,3,3,3,0.16,2,11,2,2,0.19,3,,,,,,,,,,,,,,,,,,,,
202608142306,2026-08-14,23,06R,5214,田中 宏典,129期,佐賀,福岡,27,B1,,0,0,0.18,4.88,30.0,44.4,5.02,29.7,47.1,0,43,33.1,46.2,0,44,33.0,52.0,10,2,2,2,0.19,2,11,4,4,0.17,5,2,5,5,0.28,4,,,,,,5,1,1,0.09,2,12,3,3,0.24,5,,,,,,10,6,6,0.11,3,4,1,1,0.06,1,11,6,6,0.22,6,,,,,,,,,,,,,,,,,,,,,5263,花田 凱成,131期,福岡,福岡,27,B1,,0,0,0.17,4.13,19.3,35.2,3.38,12.5,18.7,0,14,33.3,51.4,0,40,29.4,54.9,,6,2,1,0.14,5,,,,,,5,3,3,0.15,4,9,4,4,0.25,4,5,6,6,0.08,3,10,2,2,0.16,5,5,5,5,0.16,2,,,,,,1,3,3,0.09,3,7,5,6,0.25,5,,,,,,,,,,,,,,,,,,,,,3825,宮嵜 隆太郎,78期,福岡,福岡,53,B1,,0,0,0.12,3.2,18.1,22.7,3.9,15.0,30.0,0,47,33.8,49.3,0,32,39.3,54.5,1,5,3,5,0.22,6,,,,,,3,6,6,0.05,6,8,2,2,0.06,3,3,4,4,0.05,2,7,1,1,0.12,3,6,4,3,0.19,3,,,,,,,,,,,9,4,4,0.02,6,,,,,,,,,,,,,,,,,,,,,5270,小玉 啓太,131期,佐賀,佐賀,25,B1,,1,0,0.15,4.52,25.0,42.0,3.39,15.6,22.8,0,32,46.3,62.7,0,5,35.1,53.1,2,3,3,3,0.13,5,11,6,6,0.15,6,4,4,4,0.11,2,,,,,,2,2,2,0.11,4,,,,,,7,1,1,0.24,5,12,5,5,0.26,3,,,,,,9,2,2,0.07,1,,,,,,,,,,,,,,,,,,,,,4143,浦田 晃嗣,89期,佐賀,佐賀,45,B1,,0,0,0.16,3.99,18.7,35.0,4.34,21.0,36.9,0,1,32.4,43.9,0,7,39.7,61.2,1,1,4,4,0.19,5,7,2,2,0.12,4,,,,,,9,5,6,0.21,5,1,3,3,0.15,2,,,,,,5,1,1,0.14,3,11,5,5,0.15,6,4,3,3,0.1,2,,,,,,,,,,,,,,,,,,,,,,,,,,4294,古賀 繁輝,94期,佐賀,佐賀,40,A1,,0,0,0.14,6.03,41.5,60.3,6.91,52.6,68.8,0,12,33.4,49.2,0,2,37.6,49.5,10,,,,,,10,2,2,0.1,4,5,5,4,0.16,2,10,1,1,0.08,2,2,3,3,0.14,3,12,5,5,0.08,2,7,3,3,0.06,1,11,2,2,0.11,2,1,1,1,0.05,1,12,3,3,0.08,3,,,,,,,,,,,,,,,,,,,,
202608142307,2026-08-14,23,07R,4100,松田 隆司,88期,福岡,福岡,47,B1,,0,0,0.16,4.64,26.9,47.1,4.17,27.5,34.4,0,2,37.6,53.3,0,11,29.7,35.6,11,2,5,5,0.18,4,10,1,1,0.06,2,,,,,,10,2,2,0.09,3,1,6,6,0.17,6,11,4,4,0.07,6,4,4,3,0.21,1,,,,,,7,1,1,0.21,1,12,6,6,0.43,6,,,,,,,,,,,,,,,,,,,,,5124,上瀧 絢也,126期,佐賀,佐賀,30,B1,,0,0,0.17,4.38,25.6,40.2,4.26,22.1,37.5,0,28,37.3,55.0,0,48,28.9,47.6,3,1,5,5,0.18,3,9,2,2,0.25,4,1,4,6,0.18,4,,,,,,6,1,1,0.24,3,11,3,3,0.08,4,,,,,,8,6,4,0.1,6,5,6,5,0.14,6,,,,,,,,,,,,,,,,,,,,,,,,,,4720,西澤 日花里,110期,長崎,熊本,32,B1,,1,0,0.2,3.58,15.3,32.3,4.96,30.7,50.0,0,36,30.8,51.0,0,19,38.4,52.8,1,5,1,1,0.15,3,10,4,4,0.12,6,,,,,,8,3,3,0.16,2,6,5,5,0.26,6,,,,,,1,2,2,0.16,3,6,5,6,0.21,4,6,2,2,0.22,6,,,,,,,,,,,,,,,,,,,,,,,,,,4652,酒見 峻介,108期,佐賀,兵庫,41,B1,,0,0,0.17,4.78,22.7,43.1,5.28,34.3,52.5,0,50,39.8,53.3,0,47,29.2,42.4,,3,2,2,0.14,4,8,1,1,0.13,6,1,6,5,0.49,6,,,,,,4,3,3,0.23,5,8,6,6,0.26,4,,,,,,9,4,4,0.23,6,2,3,3,0.26,5,9,5,5,0.09,3,,,,,,,,,,,,,,,,,,,,,3722,西村 秀樹,75期,福岡,福岡,56,B1,,0,0,0.19,3.37,8.3,19.0,3.57,14.2,28.5,0,59,29.6,41.8,0,9,35.1,58.2,,,,,,,8,6,5,0.22,2,1,5,4,0.26,5,10,6,6,0.22,4,6,3,2,0.23,5,10,1,1,0.16,6,1,3,3,0.17,4,,,,,,1,2,2,0.13,5,8,5,4,0.17,4,,,,,,,,,,,,,,,,,,,,,4718,北川 太一,110期,佐賀,佐賀,33,A2,賞除,2,0,0.14,6.2,43.2,68.9,5.8,41.0,54.7,0,5,38.3,56.5,0,15,35.2,57.8,,7,6,6,0.01,F,11,2,2,0.19,4,6,6,6,0.18,5,,,,,,,,,,,7,5,6,0.24,2,,,,,,7,6,6,0.17,3,5,5,6,0.16,3,,,,,,,,,,,,,,,,,,,,,,,,,
202608142308,2026-08-14,23,08R,3784,中島 友和,76期,佐賀,佐賀,49,B1,,0,0,0.16,4.94,28.8,50.0,5.73,36.1,60.2,0,27,34.0,53.8,0,35,39.4,51.9,2,,,,,,8,3,3,0.15,3,5,1,1,0.1,5,12,4,4,0.24,6,4,5,5,0.2,4,,,,,,3,2,2,0.19,4,8,5,6,0.07,2,2,4,4,0.13,4,,,,,,,,,,,,,,,,,,,,,,,,,,3752,宇土 泰就,76期,福岡,福岡,55,B1,,0,0,0.17,4.28,17.0,37.5,3.12,5.8,23.5,0,24,31.6,51.3,0,39,38.1,49.4,,5,5,3,0.14,1,9,4,4,0.21,5,,,,,,11,6,6,0.16,5,3,2,2,0.19,エ,9,5,5,0.11,5,4,1,1,0.12,2,,,,,,1,4,4,0.09,2,5,3,3,0.1,5,,,,,,,,,,,,,,,,,,,,,5312,川辺 郭人,133期,佐賀,佐賀,26,B1,,1,0,0.17,3.61,13.0,26.0,2.72,6.0,16.3,0,53,24.4,43.7,0,14,31.6,56.4,4,3,5,6,0.14,3,,,,,,1,2,2,0.12,2,6,3,3,0.1,4,5,5,5,0.06,4,9,1,1,0.16,3,3,4,4,0.1,5,,,,,,4,2,2,0.09,4,,,,,,,,,,,,,,,,,,,,,,,,,,5268,山本 幸也,131期,福岡,福岡,25,B1,,0,0,0.2,3.67,15.7,25.0,2.28,3.1,15.6,0,20,32.5,51.8,0,23,44.6,61.1,1,4,6,5,0.45,2,8,2,2,0.17,4,3,5,4,0.08,3,,,,,,,,,,,9,6,6,0.18,6,6,1,1,0.21,5,10,3,3,0.02,5,3,5,5,0.3,4,,,,,,,,,,,,,,,,,,,,,,,,,,4879,山崎 鉄平,116期,佐賀,佐賀,31,B1,,0,0,0.17,4.98,33.3,49.3,5.3,30.3,52.4,0,33,21.6,44.4,0,53,34.9,49.5,3,2,4,4,0.17,5,9,1,1,0.25,3,5,2,2,0.13,3,,,,,,,,,,,11,5,5,0.09,3,3,3,3,0.11,3,11,6,6,0.15,5,5,4,4,0.21,4,,,,,,,,,,,,,,,,,,,,,,,,,,5451,知念 伶奈,138期,佐賀,沖縄,21,B2,,1,0,0.0,1.43,4.7,4.7,1.14,0.0,0.0,0,22,39.7,57.4,0,60,29.4,44.1,,3,6,5,0.25,6,9,6,6,0.32,6,5,6,6,0.21,6,,,,,,2,6,6,0.28,6,7,6,5,0.27,6,4,6,6,0.26,6,,,,,,3,6,6,0.31,6,7,6,5,0.37,6,,,,,,,,,,,,,,,,,,,,
202608142309,2026-08-14,23,09R,3211,北川 敏弘,57期,佐賀,佐賀,64,B1,,0,0,0.18,4.04,14.1,29.4,3.78,10.3,28.8,0,35,38.4,52.4,0,57,32.6,52.1,2,4,1,6,0.26,6,,,,,,4,5,5,0.04,4,9,1,1,0.17,2,2,4,4,0.14,2,9,3,3,0.16,2,,,,,,8,2,2,0.2,5,6,3,3,0.16,2,,,,,,,,,,,,,,,,,,,,,,,,,,3566,川添 英正,70期,福岡,福岡,56,B1,,0,0,0.19,4.6,25.2,41.3,5.09,25.0,50.0,0,40,42.7,62.1,0,21,44.3,59.4,5,4,3,3,0.21,4,,,,,,6,1,1,0.07,3,11,5,5,0.19,3,,,,,,8,4,4,0.35,3,2,2,2,0.26,4,12,6,6,0.28,4,6,1,1,0.19,4,,,,,,,,,,,,,,,,,,,,,,,,,,3998,冨成 謙児,83期,佐賀,佐賀,47,B1,,0,0,0.17,4.45,27.0,37.0,5.13,34.2,51.0,0,49,37.1,53.4,0,50,39.3,59.6,2,,,,,,7,1,1,0.08,3,4,3,3,0.09,3,10,5,5,0.15,6,1,4,4,0.26,4,6,6,6,0.28,4,5,2,2,0.09,6,,,,,,,,,,,9,1,1,0.11,5,,,,,,,,,,,,,,,,,,,,,5307,富永 夏哉人,132期,佐賀,佐賀,23,B1,,0,0,0.19,4.71,28.5,43.8,4.0,17.7,36.2,0,42,37.3,53.9,0,37,36.7,58.1,4,1,2,2,0.18,2,8,5,6,0.2,5,3,4,5,0.11,5,,,,,,6,4,3,0.19,2,,,,,,2,4,4,0.23,5,9,1,1,0.12,4,,,,,,8,2,2,0.04,転,,,,,,,,,,,,,,,,,,,,,3974,深山 祐二,83期,佐賀,佐賀,49,B1,,0,0,0.16,4.4,25.2,39.5,4.27,20.6,39.1,0,8,35.6,50.7,0,56,35.7,52.0,4,,,,,,7,4,4,0.05,5,7,2,2,0.18,5,12,6,6,0.2,4,,,,,,8,3,3,0.14,1,1,5,5,0.15,2,8,1,1,0.18,4,3,4,4,0.18,5,,,,,,,,,,,,,,,,,,,,,,,,,,5142,常住 蓮,126期,佐賀,佐賀,25,A1,賞除,1,0,0.15,7.22,52.5,71.5,7.63,60.7,80.1,0,54,36.8,52.5,0,29,35.2,49.5,,3,4,4,0.13,1,12,6,6,0.24,5,3,1,1,0.07,2,9,3,3,0.16,1,5,2,2,0.01,F,,,,,,,,,,,9,5,6,0.25,2,,,,,,9,6,6,0.07,2,,,,,,,,,,,,,,,,,,,,
202608142310,2026-08-14,23,10R,4294,古賀 繁輝,94期,佐賀,佐賀,40,A1,,0,0,0.14,6.03,41.5,60.3,6.91,52.6,68.8,0,12,33.4,49.2,0,2,37.6,49.5,6,,,,,,10,2,2,0.1,4,5,5,4,0.16,2,10,1,1,0.08,2,2,3,3,0.14,3,12,5,5,0.08,2,7,3,3,0.06,1,11,2,2,0.11,2,1,1,1,0.05,1,12,3,3,0.08,3,,,,,,,,,,,,,,,,,,,,,5121,定松 勇樹,125期,佐賀,福岡,25,A1,,1,0,0.13,7.66,53.0,65.0,7.53,60.7,77.5,0,41,28.8,51.6,0,6,44.6,54.3,3,7,3,3,0.08,1,12,4,4,0.22,4,,,,,,9,2,2,0.21,3,8,5,5,0.26,6,12,1,1,0.25,3,2,1,1,0.19,1,10,4,4,0.04,1,2,2,2,0.15,2,10,3,3,0.15,3,,,,,,,,,,,,,,,,,,,,,4515,藤田 浩人,102期,佐賀,佐賀,40,A2,,0,0,0.17,5.76,36.1,59.6,5.91,41.8,58.1,0,44,32.8,48.3,0,52,38.1,50.4,2,2,3,3,0.19,3,,,,,,1,1,1,0.1,1,12,2,2,0.21,5,3,5,5,0.13,3,11,2,2,0.06,1,4,5,4,0.22,5,12,3,3,0.19,5,4,4,4,0.18,3,10,5,5,0.19,4,,,,,,,,,,,,,,,,,,,,,4499,滝川 真由子,102期,長崎,愛知,38,B1,,1,0,0.18,5.12,29.2,55.3,4.76,24.0,52.0,0,10,35.9,55.6,0,41,35.8,56.6,3,,,,,,11,5,5,0.16,3,3,2,2,0.17,4,7,6,6,0.19,3,4,1,1,0.21,2,10,4,4,0.18,2,,,,,,8,3,3,0.19,3,3,2,2,0.13,3,12,5,5,0.27,5,,,,,,,,,,,,,,,,,,,,,4531,武富 智亮,103期,佐賀,佐賀,37,A2,,0,0,0.16,6.33,41.1,68.0,6.44,47.0,64.1,0,58,33.4,52.8,0,51,36.2,54.9,1,5,6,6,0.12,2,,,,,,3,3,3,0.09,1,11,1,1,0.14,4,4,4,4,0.19,1,12,2,2,0.22,4,4,3,2,0.21,4,11,3,3,0.13,3,6,5,5,0.26,3,10,4,4,0.16,6,,,,,,,,,,,,,,,,,,,,,5214,田中 宏典,129期,佐賀,福岡,27,B1,,0,0,0.18,4.88,30.0,44.4,5.02,29.7,47.1,0,43,33.1,46.2,0,44,33.0,52.0,6,2,2,2,0.19,2,11,4,4,0.17,5,2,5,5,0.28,4,,,,,,5,1,1,0.09,2,12,3,3,0.24,5,,,,,,10,6,6,0.11,3,4,1,1,0.06,1,11,6,6,0.22,6,,,,,,,,,,,,,,,,,,,,
202608142311,2026-08-14,23,11R,4503,上野 真之介,102期,佐賀,佐賀,38,A1,,0,0,0.11,8.09,61.7,76.5,7.8,64.7,80.1,0,13,31.8,49.5,0,18,31.9,52.5,5,6,1,2,0.12,2,10,5,5,0.05,1,8,4,4,0.12,1,12,1,1,0.09,1,3,1,1,0.1,1,,,,,,2,3,3,0.27,2,11,4,4,0.17,4,3,3,3,0.16,2,11,2,2,0.19,3,,,,,,,,,,,,,,,,,,,,,4445,宮地 元輝,100期,佐賀,佐賀,39,A1,,0,0,0.12,7.1,46.8,57.4,7.5,59.2,75.2,0,34,33.3,46.2,0,26,27.7,47.2,4,2,1,1,0.16,1,12,3,3,0.16,6,2,2,2,0.07,3,11,4,4,0.17,1,,,,,,10,5,5,0.16,3,1,1,1,0.09,1,12,4,4,0.23,転,7,2,2,0.2,3,11,4,4,0.14,4,,,,,,,,,,,,,,,,,,,,,4661,中島 昂章,108期,佐賀,佐賀,34,A2,,0,0,0.18,5.43,36.0,56.8,5.42,36.8,55.2,0,7,37.9,55.0,0,1,39.5,54.1,3,3,1,1,0.13,2,10,3,3,0.1,3,,,,,,7,5,5,0.26,4,7,2,2,0.19,1,11,6,6,0.14,5,6,2,2,0.17,2,,,,,,8,3,3,0.05,3,12,4,4,0.19,4,,,,,,,,,,,,,,,,,,,,,3508,久富 政弘,67期,佐賀,佐賀,55,A2,,0,0,0.2,5.29,32.9,52.9,4.72,26.7,41.5,0,3,27.9,46.7,0,42,27.8,48.4,2,,,,,,9,5,5,0.25,2,2,1,1,0.08,1,10,3,3,0.1,5,7,3,3,0.19,5,12,6,6,0.11,1,5,4,4,0.16,4,9,2,2,0.17,3,2,1,1,0.19,1,11,5,5,0.23,5,,,,,,,,,,,,,,,,,,,,,4006,小野 勇作,84期,佐賀,佐賀,48,B1,,0,0,0.17,5.04,28.2,48.9,4.6,21.4,44.0,0,46,34.9,51.2,0,20,34.2,47.6,4,1,3,3,0.2,4,10,6,6,0.16,5,,,,,,7,1,1,0.16,1,1,2,2,0.19,1,12,4,4,0.19,6,,,,,,7,5,5,0.18,4,5,1,1,0.11,2,10,6,6,0.17,5,,,,,,,,,,,,,,,,,,,,,4100,松田 隆司,88期,福岡,福岡,47,B1,,0,0,0.16,4.64,26.9,47.1,4.17,27.5,34.4,0,2,37.6,53.3,0,11,29.7,35.6,7,2,5,5,0.18,4,10,1,1,0.06,2,,,,,,10,2,2,0.09,3,1,6,6,0.17,6,11,4,4,0.07,6,4,4,3,0.21,1,,,,,,7,1,1,0.21,1,12,6,6,0.43,6,,,,,,,,,,,,,,,,,,,,
202608142312,2026-08-14,23,12R,4320,峰 竜太,95期,佐賀,佐賀,41,A1,,0,0,0.13,8.63,56.8,78.4,7.94,68.3,83.6,0,29,37.0,50.0,0,16,38.2,50.9,,8,4,4,0.12,1,12,1,1,0.07,1,5,4,5,0.08,1,11,3,3,0.15,2,,,,,,9,2,2,0.16,1,6,3,4,0.17,1,11,1,1,0.09,1,8,4,6,0.06,1,12,1,1,0.08,1,,,,,,,,,,,,,,,,,,,,,4500,山田 康二,102期,佐賀,佐賀,38,A1,,0,0,0.13,7.75,51.3,71.5,8.31,69.5,85.7,0,18,37.7,58.0,0,8,40.2,59.8,,4,5,4,0.19,1,12,2,2,0.12,2,,,,,,7,3,3,0.19,2,5,4,4,0.05,1,11,1,1,0.04,2,8,4,5,0.09,1,12,1,1,0.14,2,6,6,6,0.13,1,11,1,1,0.13,1,,,,,,,,,,,,,,,,,,,,,5026,安河内 健,122期,佐賀,佐賀,30,A1,,0,0,0.16,6.51,50.4,69.3,6.39,48.0,63.3,0,4,44.4,60.1,0,12,34.0,60.0,,4,4,2,0.16,3,9,3,3,0.17,1,6,4,4,0.07,2,12,5,5,0.18,2,2,1,1,0.09,1,,,,,,5,3,3,0.11,1,12,2,2,0.17,1,4,5,6,0.22,5,10,1,1,0.13,1,,,,,,,,,,,,,,,,,,,,,4072,森永 淳,86期,佐賀,佐賀,45,A1,,0,0,0.13,7.2,56.8,69.7,6.69,54.8,64.5,0,16,47.1,63.8,0,38,37.1,62.8,,6,4,4,0.09,1,11,3,3,0.14,2,6,2,2,0.07,1,,,,,,1,1,1,0.15,3,10,3,3,0.11,1,3,5,5,0.09,1,10,2,2,0.07,2,3,1,1,0.14,1,10,2,2,0.16,2,,,,,,,,,,,,,,,,,,,,,4734,安河内 将,111期,佐賀,佐賀,36,A1,,0,0,0.14,6.8,51.8,71.3,7.05,53.2,76.2,0,15,39.4,53.0,0,17,35.6,54.4,,1,1,1,0.14,1,12,5,5,0.2,3,,,,,,10,4,4,0.11,1,4,2,2,0.2,3,9,4,4,0.16,4,3,1,1,0.18,2,9,3,3,0.17,1,7,3,3,0.22,2,12,2,2,0.08,2,,,,,,,,,,,,,,,,,,,,,3623,深川 真二,71期,佐賀,佐賀,52,A1,,1,0,0.14,7.51,65.1,78.5,8.01,68.9,78.6,0,19,33.5,45.3,0,55,38.7,56.1,,5,2,4,0.21,4,11,1,1,0.1,1,4,2,2,0.11,1,12,3,3,0.24,3,6,2,4,0.21,1,,,,,,4,2,5,0.19,3,10,1,1,0.11,4,5,2,2,0.09,1,11,3,3,0.15,2,,,,,,,,,,,,,,,,,,,,
202608142401,2026-08-14,24,01R,4924,中北 涼,118期,長崎,愛知,33,B1,,0,0,0.17,4.51,20.4,36.7,4.11,16.3,34.4,0,37,41.6,60.4,0,75,32.6,44.9,10,5,2,2,0.19,2,11,5,5,0.09,3,3,6,6,0.17,3,,,,,,,,,,,,,,,,,,,,,,,,,,,,,,,,,,,,,,,,,,,,,,,,,,,,,,,,4738,清埜 翔子,111期,埼玉,埼玉,35,A2,,1,0,0.16,5.82,39.5,58.1,5.73,40.0,53.3,0,31,32.5,50.0,0,54,30.7,40.3,11,8,2,2,0.16,1,12,4,4,0.17,5,2,5,5,0.24,3,8,3,3,0.2,2,,,,,,,,,,,,,,,,,,,,,,,,,,,,,,,,,,,,,,,,,,,,,,,,,,,5335,森 陽多,133期,長崎,長崎,21,B1,,0,0,0.18,2.57,8.9,16.4,2.86,12.1,21.2,0,43,40.0,56.3,0,15,32.5,51.1,9,2,6,6,0.28,6,7,2,2,0.21,3,5,5,5,0.08,6,,,,,,,,,,,,,,,,,,,,,,,,,,,,,,,,,,,,,,,,,,,,,,,,,,,,,,,,5397,寺田 夢生,136期,山口,山口,24,B2,,1,0,0.18,1.55,0.0,4.6,0.0,0.0,0.0,0,32,27.6,40.4,0,45,29.1,43.7,7,,,,,,8,5,5,0.2,6,1,5,6,0.15,6,8,5,5,0.24,6,,,,,,,,,,,,,,,,,,,,,,,,,,,,,,,,,,,,,,,,,,,,,,,,,,,5069,山崎 小葉音,123期,群馬,徳島,25,B1,,0,0,0.17,4.88,28.2,47.8,5.78,55.5,55.5,0,48,33.3,47.9,0,20,43.7,58.3,6,1,4,4,0.31,4,11,6,6,0.15,4,5,1,1,0.02,1,,,,,,,,,,,,,,,,,,,,,,,,,,,,,,,,,,,,,,,,,,,,,,,,,,,,,,,,4589,塩崎 桐加,105期,三重,三重,34,B1,,0,0,0.17,5.52,29.9,55.6,6.89,66.6,77.7,0,63,52.1,73.9,0,32,43.4,50.9,8,6,5,5,0.14,2,11,2,2,0.15,1,,,,,,9,1,1,0.05,1,,,,,,,,,,,,,,,,,,,,,,,,,,,,,,,,,,,,,,,,,,,,,,,,,,
202608142402,2026-08-14,24,02R,5254,羽田 妃希,130期,愛知,愛知,23,B1,,0,0,0.22,3.52,10.1,27.5,3.29,11.7,11.7,0,79,29.7,46.8,0,36,36.7,61.2,7,4,2,2,0.44,4,10,4,4,0.14,3,6,6,6,0.22,6,,,,,,,,,,,,,,,,,,,,,,,,,,,,,,,,,,,,,,,,,,,,,,,,,,,,,,,,4744,伊藤 玲奈,111期,福岡,福岡,33,B1,,0,0,0.23,4.62,23.9,39.4,3.7,10.0,27.5,0,49,37.2,56.8,0,47,44.2,61.5,,3,5,5,0.24,4,,,,,,3,1,1,0.18,2,12,3,3,0.21,6,,,,,,,,,,,,,,,,,,,,,,,,,,,,,,,,,,,,,,,,,,,,,,,,,,,5213,湯淺 紀香,129期,群馬,群馬,27,B1,,0,0,0.2,5.16,33.3,49.4,4.17,22.2,38.8,0,57,37.7,64.4,0,27,31.1,53.3,12,2,1,1,0.13,1,9,4,4,0.25,5,,,,,,8,2,2,0.19,4,,,,,,,,,,,,,,,,,,,,,,,,,,,,,,,,,,,,,,,,,,,,,,,,,,,5129,山口 真喜子,126期,長崎,長崎,29,A2,,0,0,0.17,6.09,42.7,58.1,6.12,43.0,66.6,0,55,34.0,53.1,0,39,27.6,36.1,11,4,4,4,0.17,1,12,1,1,0.13,2,5,2,2,0.18,5,10,3,3,0.13,6,,,,,,,,,,,,,,,,,,,,,,,,,,,,,,,,,,,,,,,,,,,,,,,,,,,5342,原村 百那,134期,山口,山口,24,B2,,0,0,0.17,2.52,9.2,15.3,1.46,0.0,0.0,0,69,37.2,57.6,0,79,32.0,50.0,9,3,4,4,0.24,6,9,1,1,0.24,4,4,3,3,0.08,6,,,,,,,,,,,,,,,,,,,,,,,,,,,,,,,,,,,,,,,,,,,,,,,,,,,,,,,,5442,池田 美優,137期,広島,広島,19,B2,,0,0,0.2,1.66,1.6,6.7,0.0,0.0,0.0,0,39,34.6,55.7,0,60,38.8,57.4,8,4,6,6,0.18,6,,,,,,1,6,5,0.07,5,7,6,6,0.09,4,,,,,,,,,,,,,,,,,,,,,,,,,,,,,,,,,,,,,,,,,,,,,,,,,,
202608142403,2026-08-14,24,03R,5250,嶋田 有里,130期,長崎,熊本,24,B1,,0,0,0.19,4.74,22.4,44.9,3.95,21.3,32.4,0,34,41.8,60.0,0,85,38.0,50.0,,1,3,3,0.38,5,,,,,,2,6,6,0.23,4,12,4,4,0.19,2,,,,,,,,,,,,,,,,,,,,,,,,,,,,,,,,,,,,,,,,,,,,,,,,,,,3579,中里 優子,70期,埼玉,東京,53,B1,,0,0,0.2,4.95,25.7,48.4,4.76,28.0,44.0,0,13,37.5,56.2,0,64,40.7,57.4,12,5,3,3,0.23,6,,,,,,5,4,4,0.14,2,10,1,1,0.14,4,,,,,,,,,,,,,,,,,,,,,,,,,,,,,,,,,,,,,,,,,,,,,,,,,,,4372,原田 佑実,97期,大阪,愛知,39,A2,,0,0,0.17,5.78,38.2,56.1,6.09,37.5,65.6,0,19,35.7,58.9,0,34,32.6,48.0,10,,,,,,10,3,3,0.09,1,1,2,2,0.18,1,11,5,5,0.12,4,,,,,,,,,,,,,,,,,,,,,,,,,,,,,,,,,,,,,,,,,,,,,,,,,,,3993,永井 聖美,83期,東京,愛知,47,B1,,0,0,0.16,5.29,30.5,53.6,0.0,0.0,0.0,0,33,29.7,55.3,0,43,36.5,53.8,8,3,3,3,0.16,3,10,6,6,0.11,5,4,5,5,0.16,3,,,,,,,,,,,,,,,,,,,,,,,,,,,,,,,,,,,,,,,,,,,,,,,,,,,,,,,,3474,松瀬 弘美,66期,静岡,静岡,56,B1,,0,0,0.19,4.6,27.8,41.3,6.22,22.2,66.6,0,14,32.6,55.7,0,56,40.7,57.4,11,3,1,1,0.19,2,8,4,4,0.18,3,3,3,3,0.1,4,,,,,,,,,,,,,,,,,,,,,,,,,,,,,,,,,,,,,,,,,,,,,,,,,,,,,,,,5380,野田 亜湖,135期,徳島,徳島,22,B2,,0,0,0.28,1.22,0.0,0.0,1.0,0.0,0.0,0,23,41.0,60.7,0,77,38.4,50.0,9,,,,,,7,6,6,0.36,6,2,4,4,0.34,6,7,5,5,0.17,6,,,,,,,,,,,,,,,,,,,,,,,,,,,,,,,,,,,,,,,,,,,,,,,,,,
202608142404,2026-08-14,24,04R,3932,池田 浩美,81期,静岡,静岡,50,B1,,0,0,0.17,5.03,37.9,46.8,0.0,0.0,0.0,0,29,40.7,51.8,0,76,36.3,50.9,,2,2,2,0.16,5,,,,,,4,6,6,0.16,2,10,5,5,0.08,1,,,,,,,,,,,,,,,,,,,,,,,,,,,,,,,,,,,,,,,,,,,,,,,,,,,4408,仁科 さやか,99期,長崎,長崎,40,B1,,0,0,0.19,3.45,18.1,23.3,4.56,31.2,43.7,0,59,55.8,69.7,0,12,38.7,51.0,,6,6,6,0.22,6,,,,,,4,2,2,0.08,4,11,3,3,0.16,3,,,,,,,,,,,,,,,,,,,,,,,,,,,,,,,,,,,,,,,,,,,,,,,,,,,5056,西岡 成美,123期,徳島,徳島,30,B2,,0,0,0.0,4.25,12.5,50.0,0.0,0.0,0.0,0,81,38.1,60.0,0,73,40.0,62.0,11,1,2,2,0.31,1,9,6,6,0.24,6,,,,,,8,1,1,0.21,1,,,,,,,,,,,,,,,,,,,,,,,,,,,,,,,,,,,,,,,,,,,,,,,,,,,4927,関野 文,118期,大阪,大阪,32,A2,,0,0,0.16,6.1,43.2,63.9,5.2,34.7,47.8,0,52,38.3,51.0,0,50,48.0,63.4,9,3,2,2,0.12,1,12,5,5,0.16,6,,,,,,7,1,1,0.14,3,,,,,,,,,,,,,,,,,,,,,,,,,,,,,,,,,,,,,,,,,,,,,,,,,,,4098,赤澤 文香,87期,岡山,岡山,44,B1,,1,0,0.2,4.24,16.4,30.5,0.0,0.0,0.0,0,36,39.2,58.8,0,81,46.8,68.0,10,3,6,6,0.31,5,11,4,4,0.2,6,6,2,2,0.31,3,,,,,,,,,,,,,,,,,,,,,,,,,,,,,,,,,,,,,,,,,,,,,,,,,,,,,,,,4300,加藤 綾,95期,三重,三重,43,B1,,0,0,0.18,5.01,31.9,50.5,5.25,40.0,55.0,0,44,52.9,74.5,0,29,30.7,48.7,12,2,5,5,0.18,2,10,1,1,0.19,2,,,,,,10,4,4,0.08,3,,,,,,,,,,,,,,,,,,,,,,,,,,,,,,,,,,,,,,,,,,,,,,,,,,
202608142405,2026-08-14,24,05R,3943,三松 直美,81期,岡山,岡山,47,B2,,0,0,0.19,2.09,2.2,13.3,0.0,0.0,0.0,0,28,40.8,61.2,0,24,44.2,65.3,,,,,,,7,4,4,0.3,4,3,5,5,0.15,6,9,3,3,0.32,6,,,,,,,,,,,,,,,,,,,,,,,,,,,,,,,,,,,,,,,,,,,,,,,,,,,5362,中嶋 世奈,134期,静岡,北海道,19,B2,,1,0,0.22,2.57,6.1,14.6,3.41,11.7,23.5,0,56,37.5,68.7,0,71,32.6,51.9,10,4,5,5,0.22,3,11,3,3,0.18,5,,,,,,8,4,4,0.22,3,,,,,,,,,,,,,,,,,,,,,,,,,,,,,,,,,,,,,,,,,,,,,,,,,,,5117,冨名腰 桃奈,125期,福岡,沖縄,26,B1,,0,0,0.19,5.0,28.7,48.4,3.55,18.1,30.3,0,47,38.6,61.3,0,67,34.6,48.0,,5,4,4,0.21,5,,,,,,5,6,6,0.12,4,11,2,2,0.12,2,,,,,,,,,,,,,,,,,,,,,,,,,,,,,,,,,,,,,,,,,,,,,,,,,,,5360,高木 茉白,134期,埼玉,埼玉,19,B1,,1,0,0.17,3.3,15.7,22.8,0.0,0.0,0.0,0,54,47.9,64.5,0,49,47.0,64.7,11,1,6,6,0.24,3,10,2,2,0.22,4,6,1,1,0.13,2,,,,,,,,,,,,,,,,,,,,,,,,,,,,,,,,,,,,,,,,,,,,,,,,,,,,,,,,4286,平田 さやか,94期,東京,東京,42,A2,,0,0,0.15,6.1,43.4,63.5,5.52,30.0,54.0,0,62,37.0,53.7,0,38,32.6,50.0,12,2,3,3,0.14,3,11,1,1,0.12,2,,,,,,7,2,2,0.16,2,,,,,,,,,,,,,,,,,,,,,,,,,,,,,,,,,,,,,,,,,,,,,,,,,,,4246,喜多 那由夏,93期,静岡,静岡,44,B1,,0,0,0.18,4.13,20.6,38.0,0.0,0.0,0.0,0,17,45.6,65.2,0,69,42.3,63.4,,6,2,2,0.19,4,,,,,,2,3,3,0.24,5,9,5,5,0.1,4,,,,,,,,,,,,,,,,,,,,,,,,,,,,,,,,,,,,,,,,,,,,,,,,,,
202608142406,2026-08-14,24,06R,4791,黒澤 めぐみ,113期,東京,神奈川,36,B1,,0,0,0.2,5.58,33.0,56.8,5.77,35.4,62.5,0,45,42.8,63.2,0,11,37.2,60.7,11,1,5,5,0.28,2,7,3,3,0.3,2,,,,,,10,2,2,0.16,2,,,,,,,,,,,,,,,,,,,,,,,,,,,,,,,,,,,,,,,,,,,,,,,,,,,5069,山崎 小葉音,123期,群馬,徳島,25,B1,,0,0,0.17,4.88,28.2,47.8,5.78,55.5,55.5,0,48,33.3,47.9,0,20,43.7,58.3,1,1,4,4,0.31,4,11,6,6,0.15,4,5,1,1,0.02,1,,,,,,,,,,,,,,,,,,,,,,,,,,,,,,,,,,,,,,,,,,,,,,,,,,,,,,,,5327,西田 和加,133期,埼玉,埼玉,22,B2,,1,0,0.19,1.84,1.6,3.2,0.0,0.0,0.0,0,46,38.3,44.6,0,82,38.8,55.5,,,,,,,7,5,5,0.32,5,3,2,2,0.1,5,8,6,6,0.26,5,,,,,,,,,,,,,,,,,,,,,,,,,,,,,,,,,,,,,,,,,,,,,,,,,,,4450,平高 奈菜,100期,香川,愛媛,39,A2,,0,0,0.16,6.55,47.9,65.6,6.6,33.3,66.6,0,16,40.0,60.0,0,55,38.3,59.5,12,7,1,1,0.16,1,12,3,3,0.26,3,,,,,,9,6,6,0.07,2,,,,,,,,,,,,,,,,,,,,,,,,,,,,,,,,,,,,,,,,,,,,,,,,,,,4534,坂 咲友理,103期,大阪,奈良,36,B1,,0,0,0.21,3.78,13.7,31.0,3.33,0.0,33.3,0,20,47.9,58.3,0,57,35.8,50.9,,4,3,3,0.31,2,,,,,,4,1,1,0.08,1,9,4,4,0.13,5,,,,,,,,,,,,,,,,,,,,,,,,,,,,,,,,,,,,,,,,,,,,,,,,,,,5272,松田 真実,131期,愛知,愛知,24,B1,,0,0,0.19,4.72,26.7,43.6,2.1,10.0,20.0,0,58,32.6,43.4,0,48,34.6,53.0,,,,,,,9,2,2,0.21,1,2,1,1,0.26,1,11,4,4,0.11,6,,,,,,,,,,,,,,,,,,,,,,,,,,,,,,,,,,,,,,,,,,,,,,,,,,
202608142407,2026-08-14,24,07R,3334,角 ひとみ,61期,広島,広島,57,A2,,0,0,0.2,5.35,35.6,51.5,5.0,40.0,50.0,0,78,30.1,45.2,0,31,36.3,49.0,,,,,,,9,5,5,0.22,2,6,3,3,0.23,5,12,2,2,0.22,5,,,,,,,,,,,,,,,,,,,,,,,,,,,,,,,,,,,,,,,,,,,,,,,,,,,4627,藤原 菜希,107期,東京,大阪,40,A2,,0,0,0.15,6.54,47.3,66.6,4.6,33.3,53.3,0,70,36.9,47.8,0,66,33.3,50.9,,6,4,4,0.12,3,12,6,6,0.14,4,3,4,4,0.1,1,11,1,1,0.09,1,,,,,,,,,,,,,,,,,,,,,,,,,,,,,,,,,,,,,,,,,,,,,,,,,,,4501,樋口 由加里,102期,岡山,岡山,38,B1,,0,0,0.15,5.12,32.3,46.0,5.32,38.3,51.0,0,40,22.9,41.6,0,25,43.4,50.9,12,5,1,1,0.16,1,10,5,5,0.13,6,2,2,2,0.22,2,,,,,,,,,,,,,,,,,,,,,,,,,,,,,,,,,,,,,,,,,,,,,,,,,,,,,,,,3175,渡辺 千草,55期,東京,神奈川,62,B1,,0,0,0.17,4.43,21.6,43.3,4.5,22.2,33.3,0,24,50.0,65.2,0,37,37.2,54.9,,,,,,,8,6,6,0.15,5,5,3,3,0.07,3,12,5,5,0.21,4,,,,,,,,,,,,,,,,,,,,,,,,,,,,,,,,,,,,,,,,,,,,,,,,,,,5254,羽田 妃希,130期,愛知,愛知,23,B1,,0,0,0.22,3.52,10.1,27.5,3.29,11.7,11.7,0,79,29.7,46.8,0,36,36.7,61.2,2,4,2,2,0.44,4,10,4,4,0.14,3,6,6,6,0.22,6,,,,,,,,,,,,,,,,,,,,,,,,,,,,,,,,,,,,,,,,,,,,,,,,,,,,,,,,5397,寺田 夢生,136期,山口,山口,24,B2,,1,0,0.18,1.55,0.0,4.6,0.0,0.0,0.0,0,32,27.6,40.4,0,45,29.1,43.7,1,,,,,,8,5,5,0.2,6,1,5,6,0.15,6,8,5,5,0.24,6,,,,,,,,,,,,,,,,,,,,,,,,,,,,,,,,,,,,,,,,,,,,,,,,,,
202608142408,2026-08-14,24,08R,3993,永井 聖美,83期,東京,愛知,47,B1,,0,0,0.16,5.29,30.5,53.6,0.0,0.0,0.0,0,33,29.7,55.3,0,43,36.5,53.8,3,3,3,3,0.16,3,10,6,6,0.11,5,4,5,5,0.16,3,,,,,,,,,,,,,,,,,,,,,,,,,,,,,,,,,,,,,,,,,,,,,,,,,,,,,,,,3604,武藤 綾子,71期,福岡,福岡,55,B1,,0,0,0.19,4.4,17.6,40.0,4.18,25.0,32.1,0,53,41.3,47.8,0,17,37.7,58.4,,2,4,4,0.22,4,8,1,1,0.22,2,,,,,,7,3,3,0.17,5,,,,,,,,,,,,,,,,,,,,,,,,,,,,,,,,,,,,,,,,,,,,,,,,,,,4589,塩崎 桐加,105期,三重,三重,34,B1,,0,0,0.17,5.52,29.9,55.6,6.89,66.6,77.7,0,63,52.1,73.9,0,32,43.4,50.9,1,6,5,5,0.14,2,11,2,2,0.15,1,,,,,,9,1,1,0.05,1,,,,,,,,,,,,,,,,,,,,,,,,,,,,,,,,,,,,,,,,,,,,,,,,,,,4464,山下 友貴,101期,静岡,静岡,40,A1,,1,0,0.19,5.9,40.0,64.7,4.38,25.0,37.5,0,41,54.1,70.8,0,51,36.5,53.8,,5,6,6,0.15,4,12,2,2,0.2,1,4,4,4,0.26,5,12,1,1,0.14,1,,,,,,,,,,,,,,,,,,,,,,,,,,,,,,,,,,,,,,,,,,,,,,,,,,,5442,池田 美優,137期,広島,広島,19,B2,,0,0,0.2,1.66,1.6,6.7,0.0,0.0,0.0,0,39,34.6,55.7,0,60,38.8,57.4,2,4,6,6,0.18,6,,,,,,1,6,5,0.07,5,7,6,6,0.09,4,,,,,,,,,,,,,,,,,,,,,,,,,,,,,,,,,,,,,,,,,,,,,,,,,,,5346,中村 紋夕梨,134期,愛知,愛知,23,B1,,0,0,0.22,2.81,1.6,16.1,2.71,14.2,14.2,0,61,38.7,48.9,0,46,39.2,52.9,,1,1,1,0.34,6,8,3,3,0.17,4,1,4,4,0.19,2,9,2,2,0.18,3,,,,,,,,,,,,,,,,,,,,,,,,,,,,,,,,,,,,,,,,,,,,,,,,,,
202608142409,2026-08-14,24,09R,5335,森 陽多,133期,長崎,長崎,21,B1,,0,0,0.18,2.57,8.9,16.4,2.86,12.1,21.2,0,43,40.0,56.3,0,15,32.5,51.1,1,2,6,6,0.28,6,7,2,2,0.21,3,5,5,5,0.08,6,,,,,,,,,,,,,,,,,,,,,,,,,,,,,,,,,,,,,,,,,,,,,,,,,,,,,,,,5342,原村 百那,134期,山口,山口,24,B2,,0,0,0.17,2.52,9.2,15.3,1.46,0.0,0.0,0,69,37.2,57.6,0,79,32.0,50.0,2,3,4,4,0.24,6,9,1,1,0.24,4,4,3,3,0.08,6,,,,,,,,,,,,,,,,,,,,,,,,,,,,,,,,,,,,,,,,,,,,,,,,,,,,,,,,4927,関野 文,118期,大阪,大阪,32,A2,,0,0,0.16,6.1,43.2,63.9,5.2,34.7,47.8,0,52,38.3,51.0,0,50,48.0,63.4,4,3,2,2,0.12,1,12,5,5,0.16,6,,,,,,7,1,1,0.14,3,,,,,,,,,,,,,,,,,,,,,,,,,,,,,,,,,,,,,,,,,,,,,,,,,,,5380,野田 亜湖,135期,徳島,徳島,22,B2,,0,0,0.28,1.22,0.0,0.0,1.0,0.0,0.0,0,23,41.0,60.7,0,77,38.4,50.0,3,,,,,,7,6,6,0.36,6,2,4,4,0.34,6,7,5,5,0.17,6,,,,,,,,,,,,,,,,,,,,,,,,,,,,,,,,,,,,,,,,,,,,,,,,,,,4947,間庭 菜摘,119期,福岡,福岡,34,B1,,0,0,0.17,4.29,19.1,38.2,4.22,17.3,34.7,0,65,46.4,57.1,0,35,31.7,46.3,,6,1,1,0.17,1,,,,,,1,3,3,0.17,4,10,6,6,0.06,5,,,,,,,,,,,,,,,,,,,,,,,,,,,,,,,,,,,,,,,,,,,,,,,,,,,4891,寺島 美里,117期,東京,福島,36,B1,,0,0,0.16,4.73,25.7,41.4,3.33,11.1,22.2,0,74,33.3,45.1,0,62,45.1,54.9,,5,5,5,0.15,3,,,,,,1,1,1,0.23,3,6,4,4,0.16,1,,,,,,,,,,,,,,,,,,,,,,,,,,,,,,,,,,,,,,,,,,,,,,,,,,
202608142410,2026-08-14,24,10R,4372,原田 佑実,97期,大阪,愛知,39,A2,,0,0,0.17,5.78,38.2,56.1,6.09,37.5,65.6,0,19,35.7,58.9,0,34,32.6,48.0,3,,,,,,10,3,3,0.09,1,1,2,2,0.18,1,11,5,5,0.12,4,,,,,,,,,,,,,,,,,,,,,,,,,,,,,,,,,,,,,,,,,,,,,,,,,,,4924,中北 涼,118期,長崎,愛知,33,B1,,0,0,0.17,4.51,20.4,36.7,4.11,16.3,34.4,0,37,41.6,60.4,0,75,32.6,44.9,1,5,2,2,0.19,2,11,5,5,0.09,3,3,6,6,0.17,3,,,,,,,,,,,,,,,,,,,,,,,,,,,,,,,,,,,,,,,,,,,,,,,,,,,,,,,,4098,赤澤 文香,87期,岡山,岡山,44,B1,,1,0,0.2,4.24,16.4,30.5,0.0,0.0,0.0,0,36,39.2,58.8,0,81,46.8,68.0,4,3,6,6,0.31,5,11,4,4,0.2,6,6,2,2,0.31,3,,,,,,,,,,,,,,,,,,,,,,,,,,,,,,,,,,,,,,,,,,,,,,,,,,,,,,,,5358,増本 杏珠,134期,福岡,福岡,20,B2,,0,0,0.21,2.39,4.0,8.1,2.75,7.5,12.5,0,38,48.9,68.0,0,14,46.8,65.9,,4,1,1,0.4,5,9,3,3,0.31,3,6,5,5,0.19,4,11,6,6,0.19,5,,,,,,,,,,,,,,,,,,,,,,,,,,,,,,,,,,,,,,,,,,,,,,,,,,,4065,金田 幸子,86期,岡山,岡山,46,B1,,0,0,0.17,5.09,39.1,52.7,6.25,45.8,66.6,0,25,31.9,44.6,0,59,34.0,52.0,,6,3,3,0.21,5,,,,,,7,4,4,0.15,1,12,6,6,0.24,3,,,,,,,,,,,,,,,,,,,,,,,,,,,,,,,,,,,,,,,,,,,,,,,,,,,5362,中嶋 世奈,134期,静岡,北海道,19,B2,,1,0,0.22,2.57,6.1,14.6,3.41,11.7,23.5,0,56,37.5,68.7,0,71,32.6,51.9,5,4,5,5,0.22,3,11,3,3,0.18,5,,,,,,8,4,4,0.22,3,,,,,,,,,,,,,,,,,,,,,,,,,,,,,,,,,,,,,,,,,,,,,,,,,,
202608142411,2026-08-14,24,11R,4738,清埜 翔子,111期,埼玉,埼玉,35,A2,,1,0,0.16,5.82,39.5,58.1,5.73,40.0,53.3,0,31,32.5,50.0,0,54,30.7,40.3,1,8,2,2,0.16,1,12,4,4,0.17,5,2,5,5,0.24,3,8,3,3,0.2,2,,,,,,,,,,,,,,,,,,,,,,,,,,,,,,,,,,,,,,,,,,,,,,,,,,,3474,松瀬 弘美,66期,静岡,静岡,56,B1,,0,0,0.19,4.6,27.8,41.3,6.22,22.2,66.6,0,14,32.6,55.7,0,56,40.7,57.4,3,3,1,1,0.19,2,8,4,4,0.18,3,3,3,3,0.1,4,,,,,,,,,,,,,,,,,,,,,,,,,,,,,,,,,,,,,,,,,,,,,,,,,,,,,,,,5360,高木 茉白,134期,埼玉,埼玉,19,B1,,1,0,0.17,3.3,15.7,22.8,0.0,0.0,0.0,0,54,47.9,64.5,0,49,47.0,64.7,5,1,6,6,0.24,3,10,2,2,0.22,4,6,1,1,0.13,2,,,,,,,,,,,,,,,,,,,,,,,,,,,,,,,,,,,,,,,,,,,,,,,,,,,,,,,,4791,黒澤 めぐみ,113期,東京,神奈川,36,B1,,0,0,0.2,5.58,33.0,56.8,5.77,35.4,62.5,0,45,42.8,63.2,0,11,37.2,60.7,6,1,5,5,0.28,2,7,3,3,0.3,2,,,,,,10,2,2,0.16,2,,,,,,,,,,,,,,,,,,,,,,,,,,,,,,,,,,,,,,,,,,,,,,,,,,,5056,西岡 成美,123期,徳島,徳島,30,B2,,0,0,0.0,4.25,12.5,50.0,0.0,0.0,0.0,0,81,38.1,60.0,0,73,40.0,62.0,4,1,2,2,0.31,1,9,6,6,0.24,6,,,,,,8,1,1,0.21,1,,,,,,,,,,,,,,,,,,,,,,,,,,,,,,,,,,,,,,,,,,,,,,,,,,,5129,山口 真喜子,126期,長崎,長崎,29,A2,,0,0,0.17,6.09,42.7,58.1,6.12,43.0,66.6,0,55,34.0,53.1,0,39,27.6,36.1,2,4,4,4,0.17,1,12,1,1,0.13,2,5,2,2,0.18,5,10,3,3,0.13,6,,,,,,,,,,,,,,,,,,,,,,,,,,,,,,,,,,,,,,,,,,,,,,,,,,
202608142412,2026-08-14,24,12R,4450,平高 奈菜,100期,香川,愛媛,39,A2,,0,0,0.16,6.55,47.9,65.6,6.6,33.3,66.6,0,16,40.0,60.0,0,55,38.3,59.5,6,7,1,1,0.16,1,12,3,3,0.26,3,,,,,,9,6,6,0.07,2,,,,,,,,,,,,,,,,,,,,,,,,,,,,,,,,,,,,,,,,,,,,,,,,,,,4300,加藤 綾,95期,三重,三重,43,B1,,0,0,0.18,5.01,31.9,50.5,5.25,40.0,55.0,0,44,52.9,74.5,0,29,30.7,48.7,4,2,5,5,0.18,2,10,1,1,0.19,2,,,,,,10,4,4,0.08,3,,,,,,,,,,,,,,,,,,,,,,,,,,,,,,,,,,,,,,,,,,,,,,,,,,,4286,平田 さやか,94期,東京,東京,42,A2,,0,0,0.15,6.1,43.4,63.5,5.52,30.0,54.0,0,62,37.0,53.7,0,38,32.6,50.0,5,2,3,3,0.14,3,11,1,1,0.12,2,,,,,,7,2,2,0.16,2,,,,,,,,,,,,,,,,,,,,,,,,,,,,,,,,,,,,,,,,,,,,,,,,,,,4501,樋口 由加里,102期,岡山,岡山,38,B1,,0,0,0.15,5.12,32.3,46.0,5.32,38.3,51.0,0,40,22.9,41.6,0,25,43.4,50.9,7,5,1,1,0.16,1,10,5,5,0.13,6,2,2,2,0.22,2,,,,,,,,,,,,,,,,,,,,,,,,,,,,,,,,,,,,,,,,,,,,,,,,,,,,,,,,3579,中里 優子,70期,埼玉,東京,53,B1,,0,0,0.2,4.95,25.7,48.4,4.76,28.0,44.0,0,13,37.5,56.2,0,64,40.7,57.4,3,5,3,3,0.23,6,,,,,,5,4,4,0.14,2,10,1,1,0.14,4,,,,,,,,,,,,,,,,,,,,,,,,,,,,,,,,,,,,,,,,,,,,,,,,,,,5213,湯淺 紀香,129期,群馬,群馬,27,B1,,0,0,0.2,5.16,33.3,49.4,4.17,22.2,38.8,0,57,37.7,64.4,0,27,31.1,53.3,2,2,1,1,0.13,1,9,4,4,0.25,5,,,,,,8,2,2,0.19,4,,,,,,,,,,,,,,,,,,,,,,,,,,,,,,,,,,,,,,,,,,,,,,,,,,
