レースコード,レース日,レース場コード,レース回,状態,1枠_コースpt,1枠_寄与_コースpt,1枠_選手pt,1枠_寄与_選手pt,1枠_モーターpt,1枠_寄与_モーターpt,1枠_展示pt,1枠_寄与_展示pt,1枠_気象pt,1枠_寄与_気象pt,1枠_強さpt,2枠_コースpt,2枠_寄与_コースpt,2枠_選手pt,2枠_寄与_選手pt,2枠_モーターpt,2枠_寄与_モーターpt,2枠_展示pt,2枠_寄与_展示pt,2枠_気象pt,2枠_寄与_気象pt,2枠_強さpt,3枠_コースpt,3枠_寄与_コースpt,3枠_選手pt,3枠_寄与_選手pt,3枠_モーターpt,3枠_寄与_モーターpt,3枠_展示pt,3枠_寄与_展示pt,3枠_気象pt,3枠_寄与_気象pt,3枠_強さpt,4枠_コースpt,4枠_寄与_コースpt,4枠_選手pt,4枠_寄与_選手pt,4枠_モーターpt,4枠_寄与_モーターpt,4枠_展示pt,4枠_寄与_展示pt,4枠_気象pt,4枠_寄与_気象pt,4枠_強さpt,5枠_コースpt,5枠_寄与_コースpt,5枠_選手pt,5枠_寄与_選手pt,5枠_モーターpt,5枠_寄与_モーターpt,5枠_展示pt,5枠_寄与_展示pt,5枠_気象pt,5枠_寄与_気象pt,5枠_強さpt,6枠_コースpt,6枠_寄与_コースpt,6枠_選手pt,6枠_寄与_選手pt,6枠_モーターpt,6枠_寄与_モーターpt,6枠_展示pt,6枠_寄与_展示pt,6枠_気象pt,6枠_寄与_気象pt,6枠_強さpt
202607250101,2026-07-25,01,1R,daily,61.86,21.91,44.28,9.26,45.18,6.14,50.0,10.84,50.0,4.2,52.35,50.78,17.99,50.16,10.49,41.88,5.69,50.0,10.84,50.0,4.2,49.21,50.46,17.87,30.56,6.39,46.62,6.33,50.0,10.84,50.0,4.2,45.64,50.1,17.75,46.24,9.67,49.06,6.67,50.0,10.84,50.0,4.2,49.12,45.85,16.24,52.12,10.9,33.64,4.57,50.0,10.84,50.0,4.2,46.75,40.84,14.47,34.48,7.21,43.7,5.94,50.0,10.84,50.0,4.2,42.65
202607250102,2026-07-25,01,2R,daily,61.24,21.7,48.2,10.08,60.86,8.27,50.0,10.84,50.0,4.2,55.08,48.94,17.34,44.28,9.26,43.93,5.97,50.0,10.84,50.0,4.2,47.61,51.68,18.31,42.32,8.85,21.91,2.98,50.0,10.84,50.0,4.2,45.17,48.26,17.1,46.24,9.67,37.4,5.08,50.0,10.84,50.0,4.2,46.89,47.69,16.89,34.48,7.21,60.85,8.27,50.0,10.84,50.0,4.2,47.41,42.06,14.9,48.2,10.08,68.57,9.32,50.0,10.84,50.0,4.2,49.34
202607250103,2026-07-25,01,3R,daily,61.97,21.95,48.2,10.08,37.27,5.06,50.0,10.84,50.0,4.2,52.13,48.38,17.14,46.24,9.67,53.39,7.25,50.0,10.84,50.0,4.2,49.1,51.12,18.11,50.16,10.49,35.37,4.8,50.0,10.84,50.0,4.2,48.45,48.31,17.11,63.88,13.36,50.53,6.86,50.0,10.84,50.0,4.2,52.38,47.72,16.91,42.32,8.85,56.59,7.69,50.0,10.84,50.0,4.2,48.48,42.39,15.02,42.32,8.85,42.42,5.76,50.0,10.84,50.0,4.2,44.67
202607250104,2026-07-25,01,4R,daily,63.38,22.45,44.28,9.26,45.37,6.16,50.0,10.84,50.0,4.2,52.92,49.56,17.56,50.16,10.49,45.27,6.15,50.0,10.84,50.0,4.2,49.24,47.7,16.9,46.24,9.67,56.78,7.71,50.0,10.84,50.0,4.2,49.32,51.32,18.18,48.2,10.08,40.4,5.49,50.0,10.84,50.0,4.2,48.79,44.93,15.92,44.28,9.26,40.96,5.56,50.0,10.84,50.0,4.2,45.78,42.98,15.23,50.16,10.49,54.4,7.39,50.0,10.84,50.0,4.2,48.15
202607250105,2026-07-25,01,5R,daily,63.38,22.45,46.24,9.67,22.34,3.03,50.0,10.84,50.0,4.2,50.2,49.25,17.45,59.96,12.54,46.9,6.37,50.0,10.84,50.0,4.2,51.4,49.23,17.44,58.0,12.13,59.73,8.11,50.0,10.84,50.0,4.2,52.72,50.71,17.96,44.28,9.26,48.03,6.52,50.0,10.84,50.0,4.2,48.79,45.55,16.13,42.32,8.85,70.22,9.54,50.0,10.84,50.0,4.2,49.56,41.76,14.79,44.28,9.26,50.43,6.85,50.0,10.84,50.0,4.2,45.94
202607250106,2026-07-25,01,6R,daily,80.39,28.48,56.04,11.72,62.14,8.44,50.0,10.84,50.0,4.2,63.68,43.47,15.4,46.24,9.67,49.06,6.67,50.0,10.84,50.0,4.2,46.77,44.06,15.61,44.28,9.26,55.83,7.58,50.0,10.84,50.0,4.2,47.49,46.16,16.35,42.32,8.85,58.72,7.98,50.0,10.84,50.0,4.2,48.22,44.34,15.71,38.4,8.03,50.14,6.81,50.0,10.84,50.0,4.2,45.59,41.46,14.69,42.32,8.85,51.91,7.05,50.0,10.84,50.0,4.2,45.63
202607250107,2026-07-25,01,7R,daily,77.69,27.52,52.12,10.9,36.05,4.9,50.0,10.84,50.0,4.2,58.36,43.81,15.52,42.32,8.85,56.59,7.69,50.0,10.84,50.0,4.2,47.1,50.61,17.93,54.08,11.31,58.92,8.0,50.0,10.84,50.0,4.2,52.28,44.98,15.93,34.48,7.21,43.7,5.94,50.0,10.84,50.0,4.2,44.12,42.53,15.07,44.28,9.26,43.93,5.97,50.0,10.84,50.0,4.2,45.33,40.24,14.26,48.2,10.08,32.73,4.45,50.0,10.84,50.0,4.2,43.82
202607250108,2026-07-25,01,8R,daily,70.41,24.94,48.2,10.08,40.4,5.49,50.0,10.84,50.0,4.2,55.55,43.52,15.42,42.32,8.85,21.91,2.98,50.0,10.84,50.0,4.2,42.28,46.31,16.41,34.48,7.21,60.85,8.27,50.0,10.84,50.0,4.2,46.92,47.19,16.72,40.36,8.44,36.16,4.91,50.0,10.84,50.0,4.2,45.11,51.27,18.16,65.84,13.77,62.71,8.52,50.0,10.84,50.0,4.2,55.49,41.18,14.59,46.24,9.67,53.39,7.25,50.0,10.84,50.0,4.2,46.55
202607250109,2026-07-25,01,9R,daily,71.2,25.22,52.12,10.9,33.64,4.57,50.0,10.84,50.0,4.2,55.73,46.99,16.64,44.28,9.26,48.03,6.52,50.0,10.84,50.0,4.2,47.47,47.91,16.97,46.24,9.67,37.4,5.08,50.0,10.84,50.0,4.2,46.76,47.23,16.73,42.32,8.85,42.42,5.76,50.0,10.84,50.0,4.2,46.38,45.38,16.07,42.32,8.85,47.75,6.49,50.0,10.84,50.0,4.2,46.45,41.18,14.59,44.28,9.26,40.96,5.56,50.0,10.84,50.0,4.2,44.45
202607250110,2026-07-25,01,10R,daily,75.77,26.84,50.16,10.49,45.37,6.16,50.0,10.84,50.0,4.2,58.53,46.71,16.55,48.2,10.08,68.57,9.32,50.0,10.84,50.0,4.2,50.98,45.11,15.98,48.2,10.08,37.27,5.06,50.0,10.84,50.0,4.2,46.16,47.58,16.86,44.28,9.26,50.43,6.85,50.0,10.84,50.0,4.2,48.01,43.83,15.53,40.36,8.44,55.45,7.53,50.0,10.84,50.0,4.2,46.54,40.88,14.48,50.16,10.49,45.27,6.15,50.0,10.84,50.0,4.2,46.16
202607250111,2026-07-25,01,11R,daily,77.97,27.62,63.88,13.36,50.53,6.86,50.0,10.84,50.0,4.2,62.88,46.08,16.32,48.2,10.08,32.73,4.45,50.0,10.84,50.0,4.2,45.89,45.43,16.09,50.16,10.49,41.88,5.69,50.0,10.84,50.0,4.2,47.31,46.95,16.63,59.96,12.54,46.9,6.37,50.0,10.84,50.0,4.2,50.58,42.57,15.08,50.16,10.49,54.4,7.39,50.0,10.84,50.0,4.2,48.0,40.88,14.48,38.4,8.03,50.14,6.81,50.0,10.84,50.0,4.2,44.36
202607250112,2026-07-25,01,12R,daily,79.23,28.07,65.84,13.77,62.71,8.52,50.0,10.84,50.0,4.2,65.39,44.82,15.88,56.04,11.72,62.14,8.44,50.0,10.84,50.0,4.2,51.08,46.38,16.43,48.2,10.08,60.86,8.27,50.0,10.84,50.0,4.2,49.82,44.75,15.85,52.12,10.9,36.05,4.9,50.0,10.84,50.0,4.2,46.69,44.15,15.64,58.0,12.13,59.73,8.11,50.0,10.84,50.0,4.2,50.92,40.56,14.37,46.24,9.67,56.78,7.71,50.0,10.84,50.0,4.2,46.79
202607250201,2026-07-25,02,1R,daily,68.17,19.3,47.34,14.46,61.21,8.2,50.0,10.24,50.0,3.64,55.83,51.42,14.56,42.47,12.97,47.35,6.34,50.0,10.24,50.0,3.64,47.75,48.33,13.68,44.9,13.71,48.76,6.53,50.0,10.24,50.0,3.64,47.8,49.32,13.97,40.03,12.22,62.52,8.37,50.0,10.24,50.0,3.64,48.44,43.19,12.23,35.16,10.74,49.45,6.62,50.0,10.24,50.0,3.64,43.47,39.39,11.15,47.34,14.46,58.32,7.81,50.0,10.24,50.0,3.64,47.3
202607250201,2026-07-25,02,1R,realtime,68.17,19.3,47.34,14.46,62.17,8.33,61.66,12.63,49.48,3.6,58.31,51.42,14.56,42.47,12.97,43.66,5.85,33.07,6.77,50.53,3.68,43.82,48.33,13.68,44.9,13.71,51.34,6.88,54.57,11.17,49.66,3.61,49.06,49.32,13.97,40.03,12.22,62.37,8.35,39.02,7.99,49.85,3.63,46.16,43.19,12.23,35.16,10.74,39.23,5.25,46.84,9.59,48.85,3.55,41.37,39.39,11.15,47.34,14.46,51.34,6.87,64.85,13.28,51.47,3.75,49.51
202607250202,2026-07-25,02,2R,daily,65.39,18.52,40.03,12.22,35.63,4.77,50.0,10.24,50.0,3.64,49.39,54.2,15.35,57.08,17.43,36.48,4.89,50.0,10.24,50.0,3.64,51.54,50.71,14.36,42.47,12.97,39.92,5.35,50.0,10.24,50.0,3.64,46.55,46.54,13.18,35.16,10.74,35.77,4.79,50.0,10.24,50.0,3.64,42.58,43.59,12.34,40.03,12.22,53.14,7.12,50.0,10.24,50.0,3.64,45.56,39.39,11.15,47.34,14.46,30.87,4.13,50.0,10.24,50.0,3.64,43.62
202607250202,2026-07-25,02,2R,realtime,65.39,18.52,40.03,12.22,34.98,4.68,60.51,12.39,49.48,3.6,51.42,54.2,15.35,57.08,17.43,29.52,3.95,54.62,11.18,50.53,3.68,51.59,50.71,14.36,42.47,12.97,34.28,4.59,46.61,9.54,49.66,3.61,45.08,46.54,13.18,35.16,10.74,30.96,4.15,30.55,6.26,49.85,3.63,37.94,43.59,12.34,40.03,12.22,44.6,5.97,47.82,9.79,48.85,3.55,43.89,39.39,11.15,47.34,14.46,31.09,4.16,59.91,12.27,51.47,3.75,45.79
202607250203,2026-07-25,02,3R,daily,61.94,17.54,47.34,14.46,69.29,9.28,50.0,10.24,50.0,3.64,55.15,50.7,14.36,59.52,18.18,48.74,6.53,50.0,10.24,50.0,3.64,52.94,53.19,15.06,42.47,12.97,47.39,6.35,50.0,10.24,50.0,3.64,48.25,51.39,14.55,35.16,10.74,42.03,5.63,50.0,10.24,50.0,3.64,44.79,43.23,12.24,44.9,13.71,61.52,8.24,50.0,10.24,50.0,3.64,48.07,39.4,11.16,71.7,21.9,37.1,4.97,50.0,10.24,50.0,3.64,51.9
202607250203,2026-07-25,02,3R,realtime,61.94,17.54,47.34,14.46,61.95,8.3,59.1,12.1,50.11,3.65,56.04,50.7,14.36,59.52,18.18,47.08,6.3,47.35,9.7,48.55,3.53,52.07,53.19,15.06,42.47,12.97,44.81,6.0,42.17,8.64,50.27,3.66,46.32,51.39,14.55,35.16,10.74,41.28,5.53,45.3,9.28,50.0,3.64,43.73,39.4,11.16,44.9,13.71,61.7,8.26,41.65,8.53,50.74,3.69,45.35,43.23,12.24,71.7,21.9,42.23,5.66,64.42,13.19,50.17,3.65,56.63
202607250204,2026-07-25,02,4R,daily,61.94,17.54,44.9,13.71,48.14,6.45,50.0,10.24,50.0,3.64,51.58,53.9,15.26,47.34,14.46,51.03,6.83,50.0,10.24,50.0,3.64,50.43,51.99,14.72,40.03,12.22,40.91,5.48,50.0,10.24,50.0,3.64,46.3,52.18,14.78,57.08,17.43,54.83,7.34,50.0,10.24,50.0,3.64,53.43,41.22,11.67,49.77,15.2,44.98,6.02,50.0,10.24,50.0,3.64,46.77,38.6,10.93,47.34,14.46,46.92,6.28,50.0,10.24,50.0,3.64,45.55
202607250204,2026-07-25,02,4R,realtime,61.94,17.54,44.9,13.71,41.92,5.61,54.13,11.09,50.74,3.69,51.64,53.9,15.26,47.34,14.46,47.97,6.42,38.22,7.83,46.58,3.39,47.36,51.99,14.72,40.03,12.22,43.65,5.84,34.07,6.98,50.88,3.7,43.47,52.18,14.78,57.08,17.43,53.9,7.22,59.27,12.14,50.14,3.65,55.21,41.22,11.67,49.77,15.2,40.61,5.44,56.99,11.67,51.49,3.75,47.73,38.6,10.93,47.34,14.46,47.83,6.41,57.35,11.74,50.01,3.64,47.18
202607250205,2026-07-25,02,5R,daily,68.74,19.46,49.77,15.2,48.61,6.51,50.0,10.24,50.0,3.64,55.05,47.5,13.45,44.9,13.71,62.66,8.39,50.0,10.24,50.0,3.64,49.43,50.79,14.38,40.03,12.22,48.48,6.49,50.0,10.24,50.0,3.64,46.97,52.98,15.0,54.65,16.69,69.37,9.29,50.0,10.24,50.0,3.64,54.86,41.22,11.67,42.47,12.97,34.25,4.59,50.0,10.24,50.0,3.64,43.1,38.6,10.93,42.47,12.97,39.58,5.3,50.0,10.24,50.0,3.64,43.08
202607250205,2026-07-25,02,5R,realtime,68.74,19.46,49.77,15.2,52.6,7.04,72.07,14.76,51.7,3.76,60.23,47.5,13.45,44.9,13.71,62.36,8.35,49.48,10.13,48.19,3.51,49.15,50.79,14.38,40.03,12.22,54.65,7.32,47.82,9.79,50.59,3.68,47.4,52.98,15.0,54.65,16.69,75.11,10.06,43.93,9.0,49.02,3.57,54.31,41.22,11.67,42.47,12.97,35.78,4.79,48.0,9.83,49.88,3.63,42.89,38.6,10.93,42.47,12.97,31.68,4.24,38.68,7.92,50.47,3.67,39.74
202607250206,2026-07-25,02,6R,daily,62.34,17.65,44.9,13.71,36.25,4.85,50.0,10.24,50.0,3.64,50.1,54.3,15.37,54.65,16.69,44.41,5.95,50.0,10.24,50.0,3.64,51.89,50.79,14.38,59.52,18.18,59.76,8.0,50.0,10.24,50.0,3.64,54.44,49.78,14.1,40.03,12.22,35.63,4.77,50.0,10.24,50.0,3.64,44.97,43.62,12.35,49.77,15.2,77.3,10.35,50.0,10.24,50.0,3.64,51.78,39.0,11.04,49.77,15.2,41.73,5.59,50.0,10.24,50.0,3.64,45.71
202607250206,2026-07-25,02,6R,realtime,62.34,17.65,44.9,13.71,34.98,4.68,61.06,12.5,51.7,3.76,52.31,54.3,15.37,54.65,16.69,36.1,4.83,42.62,8.73,48.19,3.51,49.13,50.79,14.38,59.52,18.18,59.08,7.91,49.69,10.18,50.59,3.68,54.33,49.78,14.1,40.03,12.22,34.98,4.68,37.15,7.61,49.02,3.57,42.18,43.62,12.35,49.77,15.2,77.74,10.41,60.78,12.45,49.88,3.63,54.04,39.0,11.04,49.77,15.2,40.87,5.47,48.68,9.97,50.47,3.67,45.36
202607250207,2026-07-25,02,7R,daily,80.97,22.93,47.34,14.46,24.81,3.32,50.0,10.24,50.0,3.64,54.58,46.75,13.24,42.47,12.97,39.92,5.35,50.0,10.24,50.0,3.64,45.43,46.43,13.15,52.21,15.94,33.46,4.48,50.0,10.24,50.0,3.64,47.45,44.63,12.64,35.16,10.74,49.45,6.62,50.0,10.24,50.0,3.64,43.87,41.25,11.68,47.34,14.46,69.29,9.28,50.0,10.24,50.0,3.64,49.29,39.81,11.27,44.9,13.71,45.72,6.12,50.0,10.24,50.0,3.64,44.99
202607250207,2026-07-25,02,7R,realtime,80.97,22.93,47.34,14.46,29.69,3.98,34.95,7.16,51.54,3.75,52.27,46.75,13.24,42.47,12.97,34.28,4.59,39.33,8.05,46.39,3.38,42.23,46.43,13.15,52.21,15.94,22.9,3.07,77.56,15.88,51.04,3.71,51.75,44.63,12.64,35.16,10.74,39.23,5.25,59.86,12.26,49.65,3.61,44.5,41.25,11.68,47.34,14.46,61.95,8.3,43.77,8.96,51.34,3.74,47.13,39.81,11.27,44.9,13.71,47.29,6.33,44.51,9.11,49.88,3.63,44.06
202607250208,2026-07-25,02,8R,daily,66.18,18.74,44.9,13.71,67.35,9.02,50.0,10.24,50.0,3.64,55.35,49.83,14.11,49.77,15.2,38.49,5.15,50.0,10.24,50.0,3.64,48.34,52.3,14.81,47.34,14.46,61.21,8.2,50.0,10.24,50.0,3.64,51.34,47.73,13.51,71.7,21.9,37.1,4.97,50.0,10.24,50.0,3.64,54.26,44.79,12.68,35.16,10.74,35.77,4.79,50.0,10.24,50.0,3.64,42.09,38.99,11.04,49.77,15.2,44.98,6.02,50.0,10.24,50.0,3.64,46.14
202607250208,2026-07-25,02,8R,realtime,66.18,18.74,44.9,13.71,71.0,9.51,67.27,13.78,52.5,3.82,59.56,49.83,14.11,49.77,15.2,35.51,4.75,47.01,9.63,48.01,3.49,47.19,52.3,14.81,47.34,14.46,62.17,8.33,46.51,9.52,50.75,3.69,50.81,47.73,13.51,71.7,21.9,42.23,5.66,60.15,12.32,48.53,3.53,56.92,44.79,12.68,35.16,10.74,30.96,4.15,37.15,7.61,49.73,3.62,38.79,38.99,11.04,49.77,15.2,40.61,5.44,41.91,8.58,50.33,3.66,43.92
202607250209,2026-07-25,02,9R,daily,67.94,19.24,40.03,12.22,53.14,7.12,50.0,10.24,50.0,3.64,52.45,49.1,13.9,57.08,17.43,54.83,7.34,50.0,10.24,50.0,3.64,52.55,53.98,15.29,49.77,15.2,48.61,6.51,50.0,10.24,50.0,3.64,50.87,46.59,13.19,44.9,13.71,48.76,6.53,50.0,10.24,50.0,3.64,47.31,42.83,12.13,35.16,10.74,42.03,5.63,50.0,10.24,50.0,3.64,42.37,39.4,11.16,44.9,13.71,42.92,5.75,50.0,10.24,50.0,3.64,44.49
202607250209,2026-07-25,02,9R,realtime,67.94,19.24,40.03,12.22,44.6,5.97,67.14,13.75,52.33,3.81,54.99,49.1,13.9,57.08,17.43,53.9,7.22,52.91,10.83,46.21,3.36,52.75,53.98,15.29,49.77,15.2,52.6,7.04,48.48,9.93,51.2,3.73,51.18,46.59,13.19,44.9,13.71,51.34,6.88,41.91,8.58,49.17,3.58,45.94,42.83,12.13,35.16,10.74,41.28,5.53,41.46,8.49,51.2,3.73,40.61,39.4,11.16,44.9,13.71,33.73,4.52,48.08,9.85,49.74,3.62,42.85
202607250210,2026-07-25,02,10R,daily,69.36,19.64,59.52,18.18,48.74,6.53,50.0,10.24,50.0,3.64,58.22,51.02,14.45,49.77,15.2,29.5,3.95,50.0,10.24,50.0,3.64,47.48,49.52,14.02,40.03,12.22,62.52,8.37,50.0,10.24,50.0,3.64,48.5,47.73,13.51,40.03,12.22,48.48,6.49,50.0,10.24,50.0,3.64,46.11,41.21,11.67,47.34,14.46,51.03,6.83,50.0,10.24,50.0,3.64,46.84,40.98,11.6,59.52,18.18,59.76,8.0,50.0,10.24,50.0,3.64,51.66
202607250211,2026-07-25,02,11R,daily,79.7,22.57,49.77,15.2,77.3,10.35,50.0,10.24,50.0,3.64,62.0,45.06,12.76,47.34,14.46,55.32,7.41,50.0,10.24,50.0,3.64,48.5,47.14,13.35,44.9,13.71,45.72,6.12,50.0,10.24,50.0,3.64,47.06,44.15,12.5,40.03,12.22,40.91,5.48,50.0,10.24,50.0,3.64,44.08,44.79,12.68,57.08,17.43,36.48,4.89,50.0,10.24,50.0,3.64,48.88,38.99,11.04,49.77,15.2,49.15,6.58,50.0,10.24,50.0,3.64,46.7
202607250212,2026-07-25,02,12R,daily,77.13,21.84,54.65,16.69,69.37,9.29,50.0,10.24,50.0,3.64,61.7,45.5,12.88,47.34,14.46,24.81,3.32,50.0,10.24,50.0,3.64,44.54,47.98,13.59,42.47,12.97,47.35,6.34,50.0,10.24,50.0,3.64,46.77,43.78,12.4,47.34,14.46,46.92,6.28,50.0,10.24,50.0,3.64,47.01,46.02,13.03,54.65,16.69,44.41,5.95,50.0,10.24,50.0,3.64,49.54,39.4,11.16,49.77,15.2,38.49,5.15,50.0,10.24,50.0,3.64,45.39
202607250301,2026-07-25,03,1R,daily,70.73,31.55,53.78,13.6,32.72,4.11,50.0,4.92,50.0,3.85,58.03,50.36,22.47,46.75,11.82,41.48,5.21,50.0,4.92,50.0,3.85,48.27,49.56,22.11,49.1,12.41,65.0,8.17,50.0,4.92,50.0,3.85,51.46,46.57,20.78,46.75,11.82,30.18,3.79,50.0,4.92,50.0,3.85,45.16,42.71,19.06,49.1,12.41,33.51,4.21,50.0,4.92,50.0,3.85,44.45,40.11,17.89,42.07,10.64,49.99,6.28,50.0,4.92,50.0,3.85,43.58
202607250301,2026-07-25,03,1R,realtime,70.73,31.55,53.78,13.6,38.62,4.85,50.0,4.92,44.27,3.4,58.33,50.36,22.47,46.75,11.82,42.76,5.37,50.0,4.92,45.77,3.52,48.1,49.56,22.11,49.1,12.41,59.38,7.46,50.0,4.92,49.4,3.8,50.71,46.57,20.78,46.75,11.82,39.22,4.93,50.0,4.92,55.43,4.26,46.71,42.71,19.06,49.1,12.41,44.54,5.6,50.0,4.92,53.55,4.12,46.11,40.11,17.89,42.07,10.64,44.54,5.6,50.0,4.92,51.81,3.98,43.03
202607250302,2026-07-25,03,2R,daily,69.13,30.84,46.75,11.82,60.27,7.58,50.0,4.92,50.0,3.85,59.0,54.85,24.47,65.5,16.56,75.41,9.48,50.0,4.92,50.0,3.85,59.28,49.69,22.17,58.47,14.79,41.74,5.25,50.0,4.92,50.0,3.85,50.96,44.68,19.93,46.75,11.82,41.61,5.23,50.0,4.92,50.0,3.85,45.75,41.57,18.55,58.47,14.79,31.42,3.95,50.0,4.92,50.0,3.85,46.05,40.12,17.9,49.1,12.41,58.98,7.41,50.0,4.92,50.0,3.85,46.49
202607250302,2026-07-25,03,2R,realtime,69.13,30.84,46.75,11.82,58.46,7.35,58.21,5.73,43.99,3.38,59.12,54.85,24.47,65.5,16.56,55.9,7.03,62.49,6.15,39.53,3.04,57.25,49.69,22.17,58.47,14.79,34.11,4.29,35.72,3.51,52.38,4.03,48.78,44.68,19.93,46.75,11.82,51.09,6.42,50.71,4.99,54.23,4.17,47.34,41.57,18.55,58.47,14.79,39.35,4.95,55.0,5.41,53.72,4.13,47.82,40.12,17.9,49.1,12.41,43.97,5.53,37.86,3.73,56.37,4.34,43.9
202607250303,2026-07-25,03,3R,daily,65.33,29.15,44.41,11.23,50.84,6.39,50.0,4.92,50.0,3.85,55.53,52.16,23.27,60.81,15.38,42.7,5.37,50.0,4.92,50.0,3.85,52.78,50.55,22.55,49.1,12.41,53.72,6.75,50.0,4.92,50.0,3.85,50.48,48.7,21.73,79.56,20.12,47.48,5.97,50.0,4.92,50.0,3.85,56.58,41.59,18.56,53.78,13.6,50.66,6.37,50.0,4.92,50.0,3.85,47.29,41.72,18.61,49.1,12.41,45.03,5.66,50.0,4.92,50.0,3.85,45.45
202607250303,2026-07-25,03,3R,realtime,65.33,29.15,44.41,11.23,40.9,5.14,47.46,4.67,43.99,3.38,53.57,52.16,23.27,60.81,15.38,49.56,6.23,52.03,5.12,39.53,3.04,53.04,50.55,22.55,49.1,12.41,53.51,6.73,39.86,3.92,52.38,4.03,49.64,48.7,21.73,79.56,20.12,52.03,6.54,48.99,4.82,54.23,4.17,57.37,41.59,18.56,53.78,13.6,44.69,5.62,70.27,6.91,53.72,4.13,48.82,41.72,18.61,49.1,12.41,46.23,5.81,41.38,4.07,56.37,4.34,45.25
202607250304,2026-07-25,03,4R,daily,68.29,30.47,49.1,12.41,47.22,5.94,50.0,4.92,50.0,3.85,57.58,51.84,23.13,49.1,12.41,63.59,7.99,50.0,4.92,50.0,3.85,52.3,47.41,21.15,86.59,21.9,61.91,7.78,50.0,4.92,50.0,3.85,59.6,47.96,21.4,49.1,12.41,33.46,4.21,50.0,4.92,50.0,3.85,46.78,44.41,19.81,49.1,12.41,55.88,7.02,50.0,4.92,50.0,3.85,48.02,40.13,17.9,56.13,14.19,34.49,4.34,50.0,4.92,50.0,3.85,45.2
202607250304,2026-07-25,03,4R,realtime,68.29,30.47,49.1,12.41,45.34,5.7,63.25,6.22,40.16,3.09,57.89,51.84,23.13,49.1,12.41,59.33,7.46,61.95,6.09,38.83,2.99,52.08,47.41,21.15,86.59,21.9,69.21,8.7,38.48,3.79,46.42,3.57,59.1,47.96,21.4,49.1,12.41,50.15,6.3,38.48,3.79,64.89,4.99,48.89,44.41,19.81,49.1,12.41,61.78,7.77,46.31,4.56,59.35,4.56,49.11,40.13,17.9,56.13,14.19,44.72,5.62,51.52,5.07,50.58,3.89,46.68
202607250305,2026-07-25,03,5R,daily,67.09,29.93,39.72,10.04,44.76,5.63,50.0,4.92,50.0,3.85,54.37,52.64,23.48,58.47,14.79,44.31,5.57,50.0,4.92,50.0,3.85,52.6,49.81,22.22,46.75,11.82,40.38,5.08,50.0,4.92,50.0,3.85,47.89,46.36,20.68,42.07,10.64,49.99,6.28,50.0,4.92,50.0,3.85,46.37,44.8,19.99,63.16,15.97,51.14,6.43,50.0,4.92,50.0,3.85,51.15,39.33,17.55,53.78,13.6,64.97,8.17,50.0,4.92,50.0,3.85,48.08
202607250305,2026-07-25,03,5R,realtime,67.09,29.93,39.72,10.04,31.39,3.95,38.38,3.78,38.54,2.96,50.66,52.64,23.48,58.47,14.79,40.13,5.04,68.01,6.69,35.41,2.72,52.73,49.81,22.22,46.75,11.82,37.46,4.71,43.61,4.29,46.02,3.54,46.58,46.36,20.68,42.07,10.64,44.54,5.6,48.84,4.81,67.97,5.23,46.95,44.8,19.99,63.16,15.97,50.85,6.39,57.56,5.66,61.47,4.73,52.74,39.33,17.55,53.78,13.6,62.72,7.88,43.61,4.29,50.82,3.91,47.23
202607250306,2026-07-25,03,6R,daily,65.09,29.04,56.13,14.19,46.47,5.84,50.0,4.92,50.0,3.85,57.84,52.64,23.48,44.41,11.23,64.01,8.05,50.0,4.92,50.0,3.85,51.52,48.21,21.51,49.1,12.41,52.45,6.59,50.0,4.92,50.0,3.85,49.28,47.55,21.22,58.47,14.79,31.42,3.95,50.0,4.92,50.0,3.85,48.72,44.41,19.81,63.16,15.97,56.66,7.12,50.0,4.92,50.0,3.85,51.67,42.14,18.8,46.75,11.82,30.18,3.79,50.0,4.92,50.0,3.85,43.18
202607250306,2026-07-25,03,6R,realtime,65.09,29.04,56.13,14.19,42.65,5.36,59.25,5.83,38.54,2.96,57.38,52.64,23.48,44.41,11.23,59.94,7.53,45.75,4.5,35.41,2.72,49.47,48.21,21.51,49.1,12.41,65.46,8.23,66.73,6.57,46.02,3.54,52.26,47.55,21.22,58.47,14.79,39.35,4.95,41.25,4.06,67.97,5.23,50.23,44.41,19.81,63.16,15.97,45.31,5.7,48.75,4.8,61.47,4.73,51.0,42.14,18.8,46.75,11.82,39.22,4.93,38.25,3.76,50.82,3.91,43.22
202607250307,2026-07-25,03,7R,daily,73.49,32.79,60.81,15.38,42.7,5.37,50.0,4.92,50.0,3.85,62.3,51.04,22.77,53.78,13.6,59.0,7.42,50.0,4.92,50.0,3.85,52.55,48.21,21.51,46.75,11.82,41.48,5.21,50.0,4.92,50.0,3.85,47.31,45.56,20.32,49.1,12.41,68.7,8.64,50.0,4.92,50.0,3.85,50.14,41.6,18.56,74.87,18.93,56.69,7.13,50.0,4.92,50.0,3.85,53.39,40.13,17.9,51.44,13.01,54.23,6.82,50.0,4.92,50.0,3.85,46.49
202607250307,2026-07-25,03,7R,realtime,73.49,32.79,60.81,15.38,49.56,6.23,51.88,5.1,38.54,2.96,62.46,51.04,22.77,53.78,13.6,43.36,5.45,63.16,6.21,35.41,2.72,50.76,48.21,21.51,46.75,11.82,42.76,5.37,57.53,5.66,46.02,3.54,47.91,45.56,20.32,49.1,12.41,61.84,7.77,32.13,3.16,67.97,5.23,48.9,41.6,18.56,74.87,18.93,48.92,6.15,51.88,5.1,61.47,4.73,53.48,40.13,17.9,51.44,13.01,47.95,6.03,43.41,4.27,50.82,3.91,45.12
202607250308,2026-07-25,03,8R,daily,71.3,31.81,37.38,9.45,51.53,6.48,50.0,4.92,50.0,3.85,56.5,48.97,21.85,46.75,11.82,41.61,5.23,50.0,4.92,50.0,3.85,47.67,48.95,21.84,67.84,17.16,52.23,6.57,50.0,4.92,50.0,3.85,54.33,47.51,21.19,44.41,11.23,52.64,6.62,50.0,4.92,50.0,3.85,47.81,41.99,18.73,63.16,15.97,50.56,6.36,50.0,4.92,50.0,3.85,49.82,41.32,18.44,49.1,12.41,50.44,6.34,50.0,4.92,50.0,3.85,45.96
202607250308,2026-07-25,03,8R,realtime,71.3,31.81,37.38,9.45,48.41,6.09,58.8,5.79,37.37,2.87,56.01,48.97,21.85,46.75,11.82,51.09,6.42,50.24,4.94,35.06,2.7,47.73,48.95,21.84,67.84,17.16,67.56,8.49,57.37,5.64,46.55,3.58,56.71,47.51,21.19,44.41,11.23,62.56,7.86,50.24,4.94,68.72,5.28,50.52,41.99,18.73,63.16,15.97,56.83,7.14,54.52,5.36,62.4,4.8,52.01,41.32,18.44,49.1,12.41,44.45,5.59,28.84,2.84,50.13,3.86,43.13
202607250309,2026-07-25,03,9R,daily,72.09,32.16,46.75,11.82,57.26,7.2,50.0,4.92,50.0,3.85,59.95,48.58,21.67,53.78,13.6,61.13,7.68,50.0,4.92,50.0,3.85,51.72,47.37,21.13,44.41,11.23,50.84,6.39,50.0,4.92,50.0,3.85,47.52,47.51,21.19,65.5,16.56,75.41,9.48,50.0,4.92,50.0,3.85,56.0,42.78,19.09,46.75,11.82,40.38,5.08,50.0,4.92,50.0,3.85,44.75,41.72,18.61,49.1,12.41,65.0,8.17,50.0,4.92,50.0,3.85,47.96
202607250309,2026-07-25,03,9R,realtime,72.09,32.16,46.75,11.82,59.37,7.46,31.79,3.13,37.37,2.87,57.45,48.58,21.67,53.78,13.6,49.88,6.27,56.62,5.57,35.06,2.7,49.81,47.37,21.13,44.41,11.23,40.9,5.14,60.76,5.98,46.55,3.58,47.06,47.51,21.19,65.5,16.56,55.9,7.03,52.48,5.16,68.72,5.28,55.23,42.78,19.09,46.75,11.82,37.46,4.71,50.0,4.92,62.4,4.8,45.34,42.78,19.09,49.1,12.41,59.38,7.46,48.34,4.76,62.4,4.8,48.52
202607250310,2026-07-25,03,10R,daily,75.27,33.58,79.56,20.12,47.48,5.97,50.0,4.92,50.0,3.85,68.43,46.19,20.61,53.78,13.6,56.26,7.07,50.0,4.92,50.0,3.85,50.04,47.76,21.31,53.78,13.6,32.72,4.11,50.0,4.92,50.0,3.85,47.79,47.51,21.19,49.1,12.41,55.88,7.02,50.0,4.92,50.0,3.85,49.4,43.58,19.44,46.75,11.82,60.01,7.54,50.0,4.92,50.0,3.85,47.57,39.73,17.72,58.47,14.79,41.74,5.25,50.0,4.92,50.0,3.85,46.52
202607250311,2026-07-25,03,11R,daily,71.3,31.81,58.47,14.79,44.31,5.57,50.0,4.92,50.0,3.85,60.93,48.97,21.85,63.16,15.97,56.66,7.12,50.0,4.92,50.0,3.85,53.71,49.75,22.2,46.75,11.82,46.18,5.81,50.0,4.92,50.0,3.85,48.59,46.31,20.66,53.78,13.6,49.33,6.2,50.0,4.92,50.0,3.85,49.23,43.18,19.26,49.1,12.41,63.59,7.99,50.0,4.92,50.0,3.85,48.44,40.52,18.08,49.1,12.41,33.51,4.21,50.0,4.92,50.0,3.85,43.47
202607250312,2026-07-25,03,12R,daily,78.62,35.07,74.87,18.93,56.69,7.13,50.0,4.92,50.0,3.85,69.9,45.75,20.41,49.1,12.41,47.22,5.94,50.0,4.92,50.0,3.85,47.53,49.69,22.17,53.78,13.6,64.97,8.17,50.0,4.92,50.0,3.85,52.7,44.29,19.76,56.13,14.19,46.47,5.84,50.0,4.92,50.0,3.85,48.56,41.57,18.55,46.75,11.82,60.27,7.58,50.0,4.92,50.0,3.85,46.71,40.12,17.9,53.78,13.6,50.66,6.37,50.0,4.92,50.0,3.85,46.63
202607250401,2026-07-25,04,1R,daily,62.85,18.88,44.76,12.41,33.39,4.15,50.0,10.47,50.0,4.44,50.35,49.1,14.75,32.51,9.01,63.43,7.88,50.0,10.47,50.0,4.44,46.55,50.61,15.21,32.51,9.01,57.64,7.16,50.0,10.47,50.0,4.44,46.28,50.32,15.12,49.66,13.76,46.69,5.8,50.0,10.47,50.0,4.44,49.59,45.78,13.76,47.21,13.09,58.41,7.25,50.0,10.47,50.0,4.44,49.0,41.31,12.41,34.96,9.69,56.05,6.96,50.0,10.47,50.0,4.44,43.97
202607250401,2026-07-25,04,1R,realtime,62.85,18.88,44.76,12.41,48.97,6.08,31.41,6.58,55.79,4.95,48.9,49.1,14.75,32.51,9.01,55.23,6.86,56.13,11.76,46.91,4.16,46.54,50.61,15.21,32.51,9.01,56.47,7.01,50.1,10.49,51.21,4.54,46.27,50.32,15.12,49.66,13.76,46.04,5.72,63.72,13.35,50.46,4.48,52.42,45.78,13.76,47.21,13.09,55.56,6.9,50.36,10.55,59.36,5.27,49.56,41.31,12.41,34.96,9.69,52.37,6.5,48.31,10.12,36.04,3.2,41.92
202607250402,2026-07-25,04,2R,daily,65.82,19.78,54.56,15.12,45.87,5.7,50.0,10.47,50.0,4.44,55.51,48.25,14.5,37.41,10.37,46.44,5.77,50.0,10.47,50.0,4.44,45.54,52.72,15.84,44.76,12.41,37.6,4.67,50.0,10.47,50.0,4.44,47.82,48.63,14.61,66.81,18.52,38.23,4.75,50.0,10.47,50.0,4.44,52.79,43.66,13.12,47.21,13.09,40.62,5.04,50.0,10.47,50.0,4.44,46.16,40.89,12.28,37.41,10.37,62.25,7.73,50.0,10.47,50.0,4.44,45.29
202607250402,2026-07-25,04,2R,realtime,65.82,19.78,54.56,15.12,57.59,7.15,69.58,14.57,56.76,5.04,61.66,48.25,14.5,37.41,10.37,46.84,5.82,35.56,7.45,46.85,4.16,42.29,52.72,15.84,44.76,12.41,40.8,5.07,40.17,8.41,51.44,4.56,46.29,48.63,14.61,66.81,18.52,35.22,4.37,52.18,10.93,50.6,4.49,52.92,43.66,13.12,47.21,13.09,39.66,4.92,54.65,11.45,58.35,5.18,47.75,40.89,12.28,37.41,10.37,56.35,7.0,47.87,10.03,35.77,3.17,42.85
202607250403,2026-07-25,04,3R,daily,61.59,18.5,44.76,12.41,42.29,5.25,50.0,10.47,50.0,4.44,51.07,51.64,15.51,52.11,14.44,65.88,8.18,50.0,10.47,50.0,4.44,53.05,53.15,15.97,49.66,13.76,71.31,8.85,50.0,10.47,50.0,4.44,53.5,48.2,14.48,42.31,11.73,41.41,5.14,50.0,10.47,50.0,4.44,46.26,44.93,13.5,42.31,11.73,48.34,6.0,50.0,10.47,50.0,4.44,46.14,40.47,12.16,44.76,12.41,43.37,5.38,50.0,10.47,50.0,4.44,44.86
202607250403,2026-07-25,04,3R,realtime,61.59,18.5,44.76,12.41,41.85,5.2,55.58,11.64,56.76,5.04,52.79,51.64,15.51,52.11,14.44,68.04,8.45,58.84,12.32,46.85,4.16,54.89,53.15,15.97,49.66,13.76,77.54,9.63,60.59,12.69,51.44,4.56,56.62,48.2,14.48,42.31,11.73,38.12,4.73,37.43,7.84,50.6,4.49,43.27,44.93,13.5,42.31,11.73,47.07,5.84,49.02,10.27,58.35,5.18,46.52,40.47,12.16,44.76,12.41,44.68,5.55,38.54,8.07,35.77,3.17,41.36
202607250404,2026-07-25,04,4R,daily,66.24,19.9,34.96,9.69,52.43,6.51,50.0,10.47,50.0,4.44,51.01,50.79,15.26,47.21,13.09,50.86,6.32,50.0,10.47,50.0,4.44,49.57,51.87,15.59,47.21,13.09,49.24,6.11,50.0,10.47,50.0,4.44,49.69,46.51,13.97,47.21,13.09,58.91,7.31,50.0,10.47,50.0,4.44,49.28,42.81,12.86,30.06,8.33,64.06,7.95,50.0,10.47,50.0,4.44,44.06,41.73,12.54,57.01,15.8,48.0,5.96,50.0,10.47,50.0,4.44,49.21
202607250404,2026-07-25,04,4R,realtime,66.24,19.9,34.96,9.69,49.36,6.13,56.58,11.85,57.73,5.12,52.7,50.79,15.26,47.21,13.09,37.34,4.64,40.04,8.39,46.78,4.15,45.52,51.87,15.59,47.21,13.09,47.5,5.9,42.71,8.95,51.67,4.58,48.1,46.51,13.97,47.21,13.09,62.49,7.76,61.33,12.85,50.74,4.5,52.17,41.73,12.54,30.06,8.33,69.22,8.59,41.08,8.6,35.5,3.15,41.22,42.81,12.86,57.01,15.8,50.31,6.25,58.27,12.21,57.35,5.09,52.21
202607250405,2026-07-25,04,5R,daily,78.71,23.65,37.41,10.37,50.08,6.22,50.0,10.47,50.0,4.44,55.15,45.66,13.72,49.66,13.76,60.37,7.5,50.0,10.47,50.0,4.44,49.89,45.9,13.79,49.66,13.76,54.77,6.8,50.0,10.47,50.0,4.44,49.27,48.57,14.59,47.21,13.09,57.79,7.18,50.0,10.47,50.0,4.44,49.76,41.1,12.35,54.56,15.12,85.84,10.66,50.0,10.47,50.0,4.44,53.04,40.03,12.03,34.96,9.69,49.58,6.16,50.0,10.47,50.0,4.44,42.78
202607250405,2026-07-25,04,5R,realtime,78.71,23.65,37.41,10.37,48.77,6.06,44.65,9.35,59.43,5.27,54.7,45.66,13.72,49.66,13.76,63.04,7.83,60.15,12.6,41.01,3.64,51.55,45.9,13.79,49.66,13.76,53.85,6.69,42.92,8.99,54.49,4.84,48.07,48.57,14.59,47.21,13.09,54.34,6.75,41.66,8.73,52.72,4.68,47.83,41.1,12.35,54.56,15.12,88.77,11.02,59.62,12.49,60.46,5.36,56.35,40.03,12.03,34.96,9.69,54.98,6.83,51.04,10.69,31.66,2.81,42.04
202607250406,2026-07-25,04,6R,daily,66.91,20.1,34.96,9.69,48.67,6.04,50.0,10.47,50.0,4.44,50.75,49.87,14.98,49.66,13.76,46.69,5.8,50.0,10.47,50.0,4.44,49.46,50.53,15.18,47.21,13.09,38.56,4.79,50.0,10.47,50.0,4.44,47.97,47.31,14.21,37.41,10.37,70.76,8.79,50.0,10.47,50.0,4.44,48.28,45.31,13.61,52.11,14.44,35.24,4.38,50.0,10.47,50.0,4.44,47.34,40.03,12.03,30.06,8.33,68.73,8.53,50.0,10.47,50.0,4.44,43.8
202607250406,2026-07-25,04,6R,realtime,66.91,20.1,34.96,9.69,51.47,6.39,60.82,12.74,60.4,5.36,54.29,49.87,14.98,49.66,13.76,46.04,5.72,64.0,13.41,40.95,3.63,51.5,50.53,15.18,47.21,13.09,40.57,5.04,39.15,8.2,54.72,4.86,46.36,47.31,14.21,37.41,10.37,75.09,9.32,47.54,9.96,52.85,4.69,48.56,45.31,13.61,52.11,14.44,43.72,5.43,49.83,10.44,59.46,5.28,49.2,40.03,12.03,30.06,8.33,63.93,7.94,38.65,8.1,31.39,2.79,39.18
202607250407,2026-07-25,04,7R,daily,61.44,18.46,44.76,12.41,37.6,4.67,50.0,10.47,50.0,4.44,50.45,53.66,16.12,57.01,15.8,46.57,5.78,50.0,10.47,50.0,4.44,52.62,51.37,15.44,42.31,11.73,66.52,8.26,50.0,10.47,50.0,4.44,50.33,47.31,14.21,32.51,9.01,63.43,7.88,50.0,10.47,50.0,4.44,46.01,46.15,13.87,30.06,8.33,39.64,4.92,50.0,10.47,50.0,4.44,42.03,40.03,12.03,52.11,14.44,32.82,4.08,50.0,10.47,50.0,4.44,45.46
202607250407,2026-07-25,04,7R,realtime,61.44,18.46,44.76,12.41,40.8,5.07,47.12,9.87,58.7,5.21,51.01,53.66,16.12,57.01,15.8,41.8,5.19,57.3,12.0,46.72,4.15,53.26,51.37,15.44,42.31,11.73,49.66,6.17,65.02,13.62,51.9,4.6,51.55,47.31,14.21,32.51,9.01,55.23,6.86,51.07,10.7,50.88,4.51,45.29,46.15,13.87,30.06,8.33,38.65,4.8,38.76,8.12,56.35,5.0,40.12,40.03,12.03,52.11,14.44,50.63,6.29,40.75,8.54,35.23,3.13,44.42
202607250408,2026-07-25,04,8R,daily,70.91,21.3,52.11,14.44,65.88,8.18,50.0,10.47,50.0,4.44,58.84,45.71,13.73,32.51,9.01,57.64,7.16,50.0,10.47,50.0,4.44,44.81,48.49,14.57,37.41,10.37,46.44,5.77,50.0,10.47,50.0,4.44,45.61,52.44,15.75,52.11,14.44,53.53,6.65,50.0,10.47,50.0,4.44,51.76,41.96,12.61,47.21,13.09,42.06,5.22,50.0,10.47,50.0,4.44,45.83,40.47,12.16,47.21,13.09,58.91,7.31,50.0,10.47,50.0,4.44,47.47
202607250409,2026-07-25,04,9R,daily,73.24,22.0,47.21,13.09,58.41,7.25,50.0,10.47,50.0,4.44,57.25,49.16,14.77,34.96,9.69,52.43,6.51,50.0,10.47,50.0,4.44,45.88,47.69,14.33,59.46,16.48,34.9,4.33,50.0,10.47,50.0,4.44,50.05,45.71,13.73,47.21,13.09,40.62,5.04,50.0,10.47,50.0,4.44,46.77,44.12,13.26,52.11,14.44,33.26,4.13,50.0,10.47,50.0,4.44,46.74,40.05,12.03,42.31,11.73,41.41,5.14,50.0,10.47,50.0,4.44,43.81
202607250410,2026-07-25,04,10R,daily,73.24,22.0,49.66,13.76,54.77,6.8,50.0,10.47,50.0,4.44,57.48,50.44,15.15,49.66,13.76,50.09,6.22,50.0,10.47,50.0,4.44,50.05,49.83,14.97,34.96,9.69,56.05,6.96,50.0,10.47,50.0,4.44,46.53,44.85,13.48,42.31,11.73,48.34,6.0,50.0,10.47,50.0,4.44,46.12,41.99,12.61,54.56,15.12,45.87,5.7,50.0,10.47,50.0,4.44,48.34,39.63,11.91,47.21,13.09,49.24,6.11,50.0,10.47,50.0,4.44,46.02
202607250411,2026-07-25,04,11R,daily,77.5,23.29,66.81,18.52,38.23,4.75,50.0,10.47,50.0,4.44,61.46,47.03,14.13,47.21,13.09,38.56,4.79,50.0,10.47,50.0,4.44,46.91,47.27,14.2,57.01,15.8,48.0,5.96,50.0,10.47,50.0,4.44,50.87,44.85,13.48,44.76,12.41,43.37,5.38,50.0,10.47,50.0,4.44,46.18,43.69,13.13,44.76,12.41,33.39,4.15,50.0,10.47,50.0,4.44,44.59,39.63,11.91,54.56,15.12,85.84,10.66,50.0,10.47,50.0,4.44,52.6
202607250412,2026-07-25,04,12R,daily,80.65,24.23,52.11,14.44,53.53,6.65,50.0,10.47,50.0,4.44,60.23,45.71,13.73,52.11,14.44,32.82,4.08,50.0,10.47,50.0,4.44,47.16,46.79,14.06,52.11,14.44,35.24,4.38,50.0,10.47,50.0,4.44,47.79,44.39,13.34,66.81,18.52,50.86,6.31,50.0,10.47,50.0,4.44,53.08,43.24,12.99,54.56,15.12,47.97,5.96,50.0,10.47,50.0,4.44,48.98,39.19,11.78,49.66,13.76,60.37,7.5,50.0,10.47,50.0,4.44,47.95
202607250601,2026-07-25,06,1R,daily,71.04,26.72,48.43,9.76,54.74,5.3,50.0,11.6,50.0,4.67,58.06,46.77,17.59,46.43,9.36,36.43,3.53,50.0,11.6,50.0,4.67,46.75,49.5,18.62,42.41,8.55,51.64,5.0,50.0,11.6,50.0,4.67,48.44,45.01,16.93,38.4,7.74,40.25,3.9,50.0,11.6,50.0,4.67,44.84,45.35,17.06,38.4,7.74,25.3,2.45,50.0,11.6,50.0,4.67,43.52,42.19,15.87,34.39,6.93,63.24,6.12,50.0,11.6,50.0,4.67,45.2
202607250601,2026-07-25,06,1R,realtime,71.04,26.72,48.43,9.76,54.85,5.31,56.08,13.01,52.04,4.86,59.67,46.77,17.59,46.43,9.36,43.65,4.23,39.9,9.26,49.2,4.6,45.03,49.5,18.62,42.41,8.55,47.53,4.6,47.87,11.11,48.2,4.5,47.38,45.01,16.93,38.4,7.74,42.27,4.09,61.62,14.3,53.1,4.96,48.03,45.35,17.06,38.4,7.74,33.43,3.24,53.43,12.4,45.19,4.22,44.65,42.19,15.87,34.39,6.93,56.29,5.45,41.24,9.57,52.4,4.9,42.71
202607250602,2026-07-25,06,2R,daily,62.79,23.62,46.43,9.36,70.63,6.84,50.0,11.6,50.0,4.67,56.09,50.47,18.98,46.43,9.36,37.64,3.64,50.0,11.6,50.0,4.67,48.26,49.78,18.73,48.43,9.76,44.17,4.28,50.0,11.6,50.0,4.67,49.04,49.27,18.53,50.44,10.17,31.38,3.04,50.0,11.6,50.0,4.67,48.01,44.78,16.84,72.51,14.61,45.91,4.45,50.0,11.6,50.0,4.67,52.18,42.76,16.08,36.39,7.34,65.24,6.32,50.0,11.6,50.0,4.67,46.01
202607250602,2026-07-25,06,2R,realtime,62.79,23.62,46.43,9.36,76.32,7.39,54.0,12.53,48.92,4.57,57.47,50.47,18.98,46.43,9.36,30.28,2.93,59.52,13.81,49.16,4.59,49.67,49.78,18.73,48.43,9.76,46.43,4.5,41.7,9.68,46.69,4.36,47.02,49.27,18.53,50.44,10.17,50.0,4.84,29.92,6.94,57.98,5.42,45.9,44.78,16.84,72.51,14.61,45.47,4.4,54.93,12.75,43.05,4.02,52.63,42.76,16.08,36.39,7.34,67.65,6.55,60.06,13.94,54.32,5.08,48.98
202607250603,2026-07-25,06,3R,daily,67.06,25.22,46.43,9.36,63.31,6.13,50.0,11.6,50.0,4.67,56.99,51.6,19.41,50.44,10.17,47.38,4.59,50.0,11.6,50.0,4.67,50.44,47.22,17.76,46.43,9.36,42.27,4.09,50.0,11.6,50.0,4.67,47.49,47.57,17.89,46.43,9.36,57.29,5.55,50.0,11.6,50.0,4.67,49.07,44.5,16.74,58.47,11.78,37.72,3.65,50.0,11.6,50.0,4.67,48.45,41.9,15.76,38.4,7.74,42.71,4.14,50.0,11.6,50.0,4.67,43.91
202607250603,2026-07-25,06,3R,realtime,67.06,25.22,46.43,9.36,60.44,5.85,65.26,15.14,47.92,4.48,60.05,51.6,19.41,50.44,10.17,50.0,4.84,33.03,7.66,46.61,4.36,46.44,47.22,17.76,46.43,9.36,38.69,3.75,49.97,11.6,46.49,4.34,46.81,47.57,17.89,46.43,9.36,62.78,6.08,51.44,11.94,61.08,5.71,50.97,44.5,16.74,58.47,11.78,34.9,3.38,54.12,12.56,42.9,4.01,48.47,41.9,15.76,38.4,7.74,45.79,4.43,46.32,10.75,55.13,5.15,43.83
202607250604,2026-07-25,06,4R,daily,73.88,27.79,50.44,10.17,28.66,2.78,50.0,11.6,50.0,4.67,57.0,46.2,17.38,40.41,8.14,56.13,5.43,50.0,11.6,50.0,4.67,47.23,47.79,17.98,46.43,9.36,45.64,4.42,50.0,11.6,50.0,4.67,48.03,46.72,17.57,32.38,6.53,55.87,5.41,50.0,11.6,50.0,4.67,45.78,43.36,16.31,40.41,8.14,41.96,4.06,50.0,11.6,50.0,4.67,44.79,41.9,15.76,42.41,8.55,46.28,4.48,50.0,11.6,50.0,4.67,45.07
202607250604,2026-07-25,06,4R,realtime,73.88,27.79,50.44,10.17,38.64,3.74,35.15,8.16,44.81,4.19,54.04,46.2,17.38,40.41,8.14,56.33,5.45,57.38,13.32,46.58,4.35,48.64,47.79,17.98,46.43,9.36,45.11,4.37,54.09,12.55,44.98,4.2,48.46,46.72,17.57,32.38,6.53,51.23,4.96,61.18,14.2,65.96,6.16,49.42,43.36,16.31,40.41,8.14,43.84,4.24,43.77,10.16,40.77,3.81,42.66,41.9,15.76,42.41,8.55,43.15,4.18,48.58,11.27,57.05,5.33,45.09
202607250605,2026-07-25,06,5R,daily,69.61,26.18,40.41,8.14,53.43,5.17,50.0,11.6,50.0,4.67,55.78,49.32,18.55,48.43,9.76,59.47,5.76,50.0,11.6,50.0,4.67,50.35,49.5,18.62,44.42,8.95,74.83,7.25,50.0,11.6,50.0,4.67,51.09,45.3,17.04,50.44,10.17,60.73,5.88,50.0,11.6,50.0,4.67,49.36,44.5,16.74,34.39,6.93,63.24,6.12,50.0,11.6,50.0,4.67,46.07,41.62,15.66,58.47,11.78,33.33,3.23,50.0,11.6,50.0,4.67,46.94
202607250605,2026-07-25,06,5R,realtime,69.61,26.18,40.41,8.14,52.75,5.11,50.06,11.62,44.95,4.2,55.25,49.32,18.55,48.43,9.76,67.1,6.5,65.57,15.22,46.1,4.31,54.33,49.5,18.62,44.42,8.95,61.15,5.92,48.16,11.18,44.7,4.18,48.84,45.3,17.04,50.44,10.17,54.65,5.29,48.34,11.22,66.84,6.24,49.96,41.62,15.66,34.39,6.93,56.29,5.45,30.79,7.14,57.5,5.37,40.55,44.5,16.74,58.47,11.78,50.0,4.84,57.2,13.27,40.06,3.74,50.38
202607250606,2026-07-25,06,6R,daily,71.04,26.72,48.43,9.76,44.17,4.28,50.0,11.6,50.0,4.67,57.03,47.33,17.8,50.44,10.17,35.14,3.4,50.0,11.6,50.0,4.67,47.65,49.5,18.62,50.44,10.17,65.36,6.33,50.0,11.6,50.0,4.67,51.39,46.72,17.57,60.47,12.19,52.66,5.1,50.0,11.6,50.0,4.67,51.13,43.64,16.42,38.4,7.74,40.25,3.9,50.0,11.6,50.0,4.67,44.33,41.62,15.66,50.44,10.17,31.42,3.04,50.0,11.6,50.0,4.67,45.14
202607250606,2026-07-25,06,6R,realtime,71.04,26.72,48.43,9.76,46.43,4.5,52.75,12.24,50.65,4.73,57.95,47.33,17.8,50.44,10.17,50.0,4.84,65.9,15.29,49.3,4.61,52.71,49.5,18.62,50.44,10.17,66.95,6.48,45.88,10.65,45.45,4.25,50.16,46.72,17.57,60.47,12.19,43.12,4.18,38.65,8.97,59.3,5.54,48.45,43.64,16.42,38.4,7.74,42.27,4.09,49.91,11.58,39.65,3.7,43.53,41.62,15.66,50.44,10.17,28.0,2.71,47.04,10.92,55.79,5.21,44.66
202607250607,2026-07-25,06,7R,daily,69.9,26.29,54.45,10.97,48.55,4.7,50.0,11.6,50.0,4.67,58.24,48.19,18.13,58.47,11.78,37.72,3.65,50.0,11.6,50.0,4.67,49.84,49.21,18.51,46.43,9.36,40.28,3.9,50.0,11.6,50.0,4.67,48.04,45.87,17.25,46.43,9.36,70.63,6.84,50.0,11.6,50.0,4.67,49.72,45.07,16.95,52.45,10.57,44.63,4.32,50.0,11.6,50.0,4.67,48.12,41.62,15.66,48.43,9.76,56.28,5.45,50.0,11.6,50.0,4.67,47.14
202607250607,2026-07-25,06,7R,realtime,48.19,18.13,54.45,10.97,47.1,4.56,63.71,14.79,35.63,3.33,51.77,45.87,17.25,58.47,11.78,34.9,3.38,57.54,13.35,85.96,8.03,53.8,49.21,18.51,46.43,9.36,50.0,4.84,31.64,7.34,47.49,4.44,44.49,41.62,15.66,46.43,9.36,76.32,7.39,50.98,11.83,50.64,4.73,48.96,69.9,26.29,52.45,10.57,39.84,3.86,61.06,14.17,30.44,2.84,57.73,45.07,16.95,48.43,9.76,61.57,5.96,35.18,8.16,49.99,4.67,45.51
202607250608,2026-07-25,06,8R,daily,70.47,26.51,52.45,10.57,45.45,4.4,50.0,11.6,50.0,4.67,57.75,45.63,17.16,36.39,7.34,65.24,6.32,50.0,11.6,50.0,4.67,47.09,48.36,18.19,40.41,8.14,41.96,4.06,50.0,11.6,50.0,4.67,46.67,49.56,18.64,62.48,12.59,55.04,5.33,50.0,11.6,50.0,4.67,52.84,44.22,16.63,48.43,9.76,54.74,5.3,50.0,11.6,50.0,4.67,47.97,41.62,15.66,46.43,9.36,57.29,5.55,50.0,11.6,50.0,4.67,46.83
202607250608,2026-07-25,06,8R,realtime,70.47,26.51,52.45,10.57,50.67,4.91,62.45,14.49,30.44,2.84,59.32,44.22,16.63,36.39,7.34,67.65,6.55,56.49,13.11,49.99,4.67,48.3,45.63,17.16,40.41,8.14,43.84,4.24,37.75,8.76,35.63,3.33,41.64,48.36,18.19,62.48,12.59,52.39,5.07,56.14,13.03,47.49,4.44,53.32,49.56,18.64,48.43,9.76,54.85,5.31,41.14,9.55,85.96,8.03,51.29,41.62,15.66,46.43,9.36,62.78,6.08,46.17,10.71,50.64,4.73,46.54
202607250609,2026-07-25,06,9R,daily,70.75,26.61,46.43,9.36,68.11,6.6,50.0,11.6,50.0,4.67,58.84,47.62,17.91,38.4,7.74,25.3,2.45,50.0,11.6,50.0,4.67,44.38,48.93,18.4,50.44,10.17,31.38,3.04,50.0,11.6,50.0,4.67,47.88,46.43,17.46,50.44,10.17,47.38,4.59,50.0,11.6,50.0,4.67,48.49,44.22,16.63,32.38,6.53,55.87,5.41,50.0,11.6,50.0,4.67,44.84,41.9,15.76,66.49,13.4,50.14,4.86,50.0,11.6,50.0,4.67,50.29
202607250610,2026-07-25,06,10R,daily,75.19,28.28,46.43,9.36,44.77,4.34,50.0,11.6,50.0,4.67,58.25,46.23,17.39,72.51,14.61,45.91,4.45,50.0,11.6,50.0,4.67,52.72,46.97,17.67,46.43,9.36,36.43,3.53,50.0,11.6,50.0,4.67,46.83,45.32,17.05,46.43,9.36,63.31,6.13,50.0,11.6,50.0,4.67,48.81,43.66,16.42,50.44,10.17,35.14,3.4,50.0,11.6,50.0,4.67,46.26,42.48,15.98,40.41,8.14,56.13,5.43,50.0,11.6,50.0,4.67,45.83
202607250611,2026-07-25,06,11R,daily,78.33,29.46,50.44,10.17,35.13,3.4,50.0,11.6,50.0,4.67,59.3,46.23,17.39,54.45,10.97,48.55,4.7,50.0,11.6,50.0,4.67,49.34,45.54,17.13,50.44,10.17,31.42,3.04,50.0,11.6,50.0,4.67,46.61,43.61,16.4,42.41,8.55,51.64,5.0,50.0,11.6,50.0,4.67,46.22,44.23,16.64,46.43,9.36,37.64,3.64,50.0,11.6,50.0,4.67,45.91,41.91,15.76,50.44,10.17,60.73,5.88,50.0,11.6,50.0,4.67,48.08
202607250612,2026-07-25,06,12R,daily,76.15,28.64,62.48,12.59,55.04,5.33,50.0,11.6,50.0,4.67,62.84,45.92,17.27,60.47,12.19,52.66,5.1,50.0,11.6,50.0,4.67,50.83,47.22,17.76,48.43,9.76,59.47,5.76,50.0,11.6,50.0,4.67,49.56,44.44,16.72,50.44,10.17,28.66,2.78,50.0,11.6,50.0,4.67,45.93,44.22,16.63,46.43,9.36,42.27,4.09,50.0,11.6,50.0,4.67,46.36,41.9,15.76,52.45,10.57,44.63,4.32,50.0,11.6,50.0,4.67,46.93
202607250801,2026-07-25,08,1R,daily,78.21,29.35,47.98,9.06,42.08,3.01,50.0,11.84,50.0,6.37,59.64,44.53,16.71,44.17,8.34,45.07,3.23,50.0,11.84,50.0,6.37,46.49,46.2,17.34,44.17,8.34,57.67,4.13,50.0,11.84,50.0,6.37,48.02,45.68,17.15,38.45,7.26,28.55,2.05,50.0,11.84,50.0,6.37,44.66,43.59,16.36,40.36,7.62,51.53,3.69,50.0,11.84,50.0,6.37,45.88,41.77,15.68,36.55,6.9,50.47,3.62,50.0,11.84,50.0,6.37,44.4
202607250801,2026-07-25,08,1R,realtime,78.21,29.35,47.98,9.06,41.35,2.96,55.99,13.26,48.04,6.12,60.76,44.53,16.71,44.17,8.34,52.97,3.79,38.95,9.22,59.22,7.54,45.61,46.2,17.34,44.17,8.34,55.58,3.98,49.23,11.66,62.66,7.98,49.3,45.68,17.15,38.45,7.26,42.38,3.04,64.41,15.25,50.03,6.37,49.07,43.59,16.36,40.36,7.62,43.38,3.11,34.39,8.14,41.01,5.22,40.46,41.77,15.68,36.55,6.9,50.28,3.6,57.12,13.53,38.97,4.96,44.67
202607250802,2026-07-25,08,2R,daily,66.9,25.11,44.17,8.34,69.39,4.97,50.0,11.84,50.0,6.37,56.63,49.66,18.64,49.89,9.42,25.8,1.85,50.0,11.84,50.0,6.37,48.12,48.52,18.21,44.17,8.34,42.49,3.04,50.0,11.84,50.0,6.37,47.8,47.48,17.82,49.89,9.42,50.02,3.58,50.0,11.84,50.0,6.37,49.04,45.39,17.04,44.17,8.34,48.22,3.45,50.0,11.84,50.0,6.37,47.04,42.03,15.77,32.73,6.18,62.88,4.51,50.0,11.84,50.0,6.37,44.67
202607250802,2026-07-25,08,2R,realtime,66.9,25.11,44.17,8.34,64.31,4.61,59.76,14.15,48.04,6.12,58.33,49.66,18.64,49.89,9.42,43.91,3.15,50.8,12.03,59.22,7.54,50.78,48.52,18.21,44.17,8.34,38.07,2.73,46.89,11.1,62.66,7.98,48.36,47.48,17.82,49.89,9.42,47.94,3.43,43.33,10.26,50.03,6.37,47.31,45.39,17.04,44.17,8.34,47.27,3.39,44.86,10.62,41.01,5.22,44.61,42.03,15.77,32.73,6.18,58.34,4.18,54.45,12.89,38.97,4.96,43.99
202607250803,2026-07-25,08,3R,daily,67.28,25.25,72.77,13.74,30.88,2.21,50.0,11.84,50.0,6.37,59.42,49.19,18.46,42.27,7.98,57.01,4.08,50.0,11.84,50.0,6.37,48.74,48.81,18.32,47.98,9.06,57.95,4.15,50.0,11.84,50.0,6.37,49.74,47.51,17.83,47.98,9.06,42.5,3.05,50.0,11.84,50.0,6.37,48.15,45.67,17.14,49.89,9.42,50.21,3.6,50.0,11.84,50.0,6.37,48.37,41.51,15.58,32.73,6.18,33.26,2.38,50.0,11.84,50.0,6.37,42.35
202607250803,2026-07-25,08,3R,realtime,67.28,25.25,72.77,13.74,48.97,3.51,41.71,9.88,54.42,6.93,59.31,49.19,18.46,42.27,7.98,61.13,4.38,56.98,13.49,50.83,6.47,50.79,48.81,18.32,47.98,9.06,54.05,3.87,55.01,13.03,59.54,7.58,51.86,47.51,17.83,47.98,9.06,53.63,3.84,39.96,9.46,48.75,6.21,46.41,45.67,17.14,49.89,9.42,53.2,3.81,66.3,15.7,41.67,5.31,51.38,41.51,15.58,32.73,6.18,41.56,2.98,40.13,9.5,44.71,5.69,39.94
202607250804,2026-07-25,08,4R,daily,64.96,24.38,82.3,15.54,47.33,3.39,50.0,11.84,50.0,6.37,61.52,50.22,18.85,46.08,8.7,64.62,4.63,50.0,11.84,50.0,6.37,50.39,46.49,17.45,38.45,7.26,46.58,3.34,50.0,11.84,50.0,6.37,46.26,49.32,18.51,46.08,8.7,35.45,2.54,50.0,11.84,50.0,6.37,47.96,46.19,17.34,46.08,8.7,63.55,4.55,50.0,11.84,50.0,6.37,48.8,42.81,16.07,67.05,12.66,66.43,4.76,50.0,11.84,50.0,6.37,51.7
202607250804,2026-07-25,08,4R,realtime,64.96,24.38,82.3,15.54,56.27,4.03,58.21,13.78,54.42,6.93,64.67,50.22,18.85,46.08,8.7,67.75,4.85,64.39,15.25,50.83,6.47,54.13,46.49,17.45,38.45,7.26,53.6,3.84,36.03,8.53,59.54,7.58,44.66,49.32,18.51,46.08,8.7,39.78,2.85,38.38,9.09,48.75,6.21,45.36,46.19,17.34,46.08,8.7,58.59,4.2,50.7,12.01,41.67,5.31,47.55,42.81,16.07,67.05,12.66,67.0,4.8,52.36,12.4,44.71,5.69,51.62
202607250805,2026-07-25,08,5R,daily,69.49,26.08,51.8,9.78,48.88,3.5,50.0,11.84,50.0,6.37,57.57,50.01,18.77,47.98,9.06,48.89,3.5,50.0,11.84,50.0,6.37,49.54,46.51,17.46,44.17,8.34,50.79,3.64,50.0,11.84,50.0,6.37,47.65,47.03,17.65,47.98,9.06,53.33,3.82,50.0,11.84,50.0,6.37,48.74,44.66,16.76,30.83,5.82,57.03,4.09,50.0,11.84,50.0,6.37,44.88,42.29,15.87,51.8,9.78,53.23,3.81,50.0,11.84,50.0,6.37,47.68
202607250805,2026-07-25,08,5R,realtime,69.49,26.08,51.8,9.78,47.32,3.39,66.95,15.85,53.91,6.86,61.98,50.01,18.77,47.98,9.06,51.25,3.67,47.31,11.2,58.34,7.43,50.14,46.51,17.46,44.17,8.34,55.19,3.95,33.33,7.89,63.07,8.03,45.68,47.03,17.65,47.98,9.06,55.63,3.99,47.91,11.34,46.26,5.89,47.93,44.66,16.76,30.83,5.82,58.07,4.16,48.22,11.42,39.25,5.0,43.16,42.29,15.87,51.8,9.78,61.43,4.4,56.35,13.34,39.1,4.98,48.38
202607250806,2026-07-25,08,6R,daily,73.74,27.68,51.8,9.78,53.47,3.83,50.0,11.84,50.0,6.37,59.5,46.35,17.4,46.08,8.7,42.75,3.06,50.0,11.84,50.0,6.37,47.37,46.49,17.45,46.08,8.7,58.69,4.21,50.0,11.84,50.0,6.37,48.56,46.48,17.45,36.55,6.9,50.47,3.62,50.0,11.84,50.0,6.37,46.17,43.87,16.46,47.98,9.06,69.7,4.99,50.0,11.84,50.0,6.37,48.73,43.06,16.16,46.08,8.7,55.13,3.95,50.0,11.84,50.0,6.37,47.02
202607250806,2026-07-25,08,6R,realtime,73.74,27.68,51.8,9.78,52.86,3.79,62.27,14.75,53.91,6.86,62.86,46.35,17.4,46.08,8.7,41.63,2.98,42.4,10.04,58.34,7.43,46.55,46.49,17.45,46.08,8.7,58.27,4.18,34.5,8.17,63.07,8.03,46.53,46.48,17.45,36.55,6.9,50.28,3.6,47.53,11.26,46.26,5.89,45.1,43.87,16.46,47.98,9.06,69.97,5.01,62.08,14.7,39.25,5.0,50.24,43.06,16.16,46.08,8.7,57.5,4.12,51.33,12.15,39.1,4.98,46.12
202607250807,2026-07-25,08,7R,daily,68.99,25.89,51.8,9.78,45.94,3.29,50.0,11.84,50.0,6.37,57.18,50.62,19.0,46.08,8.7,51.78,3.71,50.0,11.84,50.0,6.37,49.62,46.83,17.58,46.08,8.7,48.04,3.44,50.0,11.84,50.0,6.37,47.93,45.77,17.18,44.17,8.34,48.22,3.45,50.0,11.84,50.0,6.37,47.19,45.21,16.97,44.17,8.34,42.49,3.04,50.0,11.84,50.0,6.37,46.56,42.57,15.98,59.42,11.22,43.87,3.14,50.0,11.84,50.0,6.37,48.55
202607250807,2026-07-25,08,7R,realtime,68.99,25.89,51.8,9.78,53.24,3.81,51.44,12.18,54.42,6.93,58.6,50.62,19.0,46.08,8.7,56.39,4.04,59.52,14.09,50.83,6.47,52.31,46.83,17.58,46.08,8.7,53.9,3.86,40.68,9.63,59.54,7.58,47.36,45.77,17.18,44.17,8.34,47.27,3.39,47.59,11.27,48.75,6.21,46.39,45.21,16.97,44.17,8.34,38.07,2.73,41.77,9.89,41.67,5.31,43.24,42.57,15.98,59.42,11.22,47.35,3.39,59.07,13.99,44.71,5.69,50.27
202607250808,2026-07-25,08,8R,daily,68.84,25.84,44.17,8.34,59.9,4.29,50.0,11.84,50.0,6.37,56.68,49.45,18.56,49.89,9.42,50.21,3.6,50.0,11.84,50.0,6.37,49.79,46.74,17.54,44.17,8.34,69.39,4.97,50.0,11.84,50.0,6.37,49.07,47.51,17.83,46.08,8.7,63.55,4.55,50.0,11.84,50.0,6.37,49.3,44.64,16.75,47.98,9.06,42.5,3.05,50.0,11.84,50.0,6.37,47.07,42.81,16.07,49.89,9.42,50.02,3.58,50.0,11.84,50.0,6.37,47.28
202607250808,2026-07-25,08,8R,realtime,68.84,25.84,44.17,8.34,57.07,4.09,50.26,11.9,58.45,7.44,57.61,49.45,18.56,49.89,9.42,53.2,3.81,51.78,12.26,52.31,6.66,50.72,46.74,17.54,44.17,8.34,64.31,4.61,54.95,13.01,64.23,8.18,51.69,47.51,17.83,46.08,8.7,58.59,4.2,57.38,13.59,46.25,5.89,50.21,42.81,16.07,47.98,9.06,53.63,3.84,26.42,6.26,41.53,5.29,40.52,44.64,16.75,49.89,9.42,47.94,3.43,59.27,14.04,37.16,4.73,48.38
202607250809,2026-07-25,08,9R,daily,71.05,26.67,30.83,5.82,57.03,4.09,50.0,11.84,50.0,6.37,54.78,47.93,17.99,47.98,9.06,56.47,4.05,50.0,11.84,50.0,6.37,49.31,47.55,17.85,32.73,6.18,62.88,4.51,50.0,11.84,50.0,6.37,46.74,47.03,17.65,47.98,9.06,42.78,3.07,50.0,11.84,50.0,6.37,47.99,43.88,16.47,32.73,6.18,33.26,2.38,50.0,11.84,50.0,6.37,43.24,42.55,15.97,38.45,7.26,46.58,3.34,50.0,11.84,50.0,6.37,44.78
202607250809,2026-07-25,08,9R,realtime,71.05,26.67,30.83,5.82,58.07,4.16,56.98,13.49,58.45,7.44,57.58,47.93,17.99,47.98,9.06,58.79,4.21,48.91,11.58,52.31,6.66,49.51,47.55,17.85,32.73,6.18,58.34,4.18,44.47,10.53,64.23,8.18,46.92,47.03,17.65,47.98,9.06,53.77,3.85,48.19,11.41,46.25,5.89,47.87,43.88,16.47,32.73,6.18,41.56,2.98,47.0,11.13,37.16,4.73,41.49,42.55,15.97,38.45,7.26,53.6,3.84,54.54,12.92,41.53,5.29,45.28
202607250810,2026-07-25,08,10R,daily,72.19,27.1,51.8,9.78,53.23,3.81,50.0,11.84,50.0,6.37,58.9,48.67,18.27,82.3,15.54,47.33,3.39,50.0,11.84,50.0,6.37,55.41,46.23,17.35,47.98,9.06,53.33,3.82,50.0,11.84,50.0,6.37,48.44,46.22,17.35,72.77,13.74,30.88,2.21,50.0,11.84,50.0,6.37,51.51,44.38,16.66,46.08,8.7,42.75,3.06,50.0,11.84,50.0,6.37,46.63,42.29,15.87,49.89,9.42,25.8,1.85,50.0,11.84,50.0,6.37,45.35
202607250811,2026-07-25,08,11R,daily,75.03,28.16,67.05,12.66,66.43,4.76,50.0,11.84,50.0,6.37,63.79,46.86,17.59,51.8,9.78,45.94,3.29,50.0,11.84,50.0,6.37,48.87,46.49,17.45,47.98,9.06,42.08,3.01,50.0,11.84,50.0,6.37,47.73,45.96,17.25,47.98,9.06,57.95,4.15,50.0,11.84,50.0,6.37,48.67,43.6,16.37,47.98,9.06,48.89,3.5,50.0,11.84,50.0,6.37,47.14,42.03,15.78,46.08,8.7,64.62,4.63,50.0,11.84,50.0,6.37,47.32
202607250812,2026-07-25,08,12R,daily,80.46,30.2,59.42,11.22,43.87,3.14,50.0,11.84,50.0,6.37,62.77,46.09,17.3,51.8,9.78,48.88,3.5,50.0,11.84,50.0,6.37,48.79,44.16,16.58,51.8,9.78,53.47,3.83,50.0,11.84,50.0,6.37,48.4,44.67,16.77,44.17,8.34,59.9,4.29,50.0,11.84,50.0,6.37,47.61,42.83,16.08,42.27,7.98,57.01,4.08,50.0,11.84,50.0,6.37,46.35,41.77,15.68,46.08,8.7,51.78,3.71,50.0,11.84,50.0,6.37,46.3
202607251201,2026-07-25,12,1R,daily,70.23,29.36,41.58,6.9,64.06,6.28,50.0,9.94,50.0,5.96,58.44,46.86,19.59,44.9,7.45,67.64,6.63,50.0,9.94,50.0,5.96,49.57,48.59,20.32,41.58,6.9,61.79,6.06,50.0,9.94,50.0,5.96,49.17,47.86,20.01,43.24,7.17,47.67,4.67,50.0,9.94,50.0,5.96,47.76,43.53,18.2,43.24,7.17,50.12,4.91,50.0,9.94,50.0,5.96,46.18,42.81,17.9,34.93,5.79,62.2,6.1,50.0,9.94,50.0,5.96,45.69
202607251202,2026-07-25,12,2R,daily,68.0,28.43,48.22,8.0,48.18,4.72,50.0,9.94,50.0,5.96,57.06,49.37,20.64,43.24,7.17,74.34,7.29,50.0,9.94,50.0,5.96,51.0,47.2,19.73,46.56,7.72,61.45,6.02,50.0,9.94,50.0,5.96,49.38,49.25,20.59,43.24,7.17,48.34,4.74,50.0,9.94,50.0,5.96,48.4,44.08,18.43,43.24,7.17,47.8,4.69,50.0,9.94,50.0,5.96,46.19,41.98,17.55,48.22,8.0,82.28,8.07,50.0,9.94,50.0,5.96,49.52
202607251203,2026-07-25,12,3R,daily,66.89,27.96,46.56,7.72,61.87,6.06,50.0,9.94,50.0,5.96,57.65,48.81,20.41,43.24,7.17,46.82,4.59,50.0,9.94,50.0,5.96,48.07,48.31,20.2,44.9,7.45,71.01,6.96,50.0,9.94,50.0,5.96,50.51,47.86,20.01,36.59,6.07,57.8,5.67,50.0,9.94,50.0,5.96,47.65,45.2,18.9,43.24,7.17,56.22,5.51,50.0,9.94,50.0,5.96,47.48,42.81,17.9,48.22,8.0,36.1,3.54,50.0,9.94,50.0,5.96,45.34
202607251204,2026-07-25,12,4R,daily,67.17,28.08,49.89,8.27,44.53,4.36,50.0,9.94,50.0,5.96,56.62,47.97,20.06,41.58,6.9,58.19,5.7,50.0,9.94,50.0,5.96,48.56,49.99,20.9,49.89,8.27,63.01,6.18,50.0,9.94,50.0,5.96,51.25,46.47,19.43,73.15,12.13,55.6,5.45,50.0,9.94,50.0,5.96,52.91,45.2,18.9,41.58,6.9,52.61,5.16,50.0,9.94,50.0,5.96,46.85,43.09,18.02,41.58,6.9,56.19,5.51,50.0,9.94,50.0,5.96,46.32
202607251205,2026-07-25,12,5R,daily,74.51,31.15,51.55,8.55,55.89,5.48,50.0,9.94,50.0,5.96,61.08,48.21,20.16,41.58,6.9,53.55,5.25,50.0,9.94,50.0,5.96,48.2,44.67,18.68,43.24,7.17,50.12,4.91,50.0,9.94,50.0,5.96,46.66,45.61,19.07,41.58,6.9,56.49,5.54,50.0,9.94,50.0,5.96,47.4,44.34,18.54,41.58,6.9,51.8,5.08,50.0,9.94,50.0,5.96,46.41,42.53,17.78,48.22,8.0,57.12,5.6,50.0,9.94,50.0,5.96,47.28
202607251206,2026-07-25,12,6R,daily,70.63,29.53,44.9,7.45,39.78,3.9,50.0,9.94,50.0,5.96,56.78,47.38,19.81,41.58,6.9,52.7,5.17,50.0,9.94,50.0,5.96,47.77,49.11,20.53,46.56,7.72,49.23,4.83,50.0,9.94,50.0,5.96,48.98,46.72,19.53,48.22,8.0,47.76,4.68,50.0,9.94,50.0,5.96,48.11,43.79,18.31,44.9,7.45,36.97,3.62,50.0,9.94,50.0,5.96,45.28,42.25,17.66,46.56,7.72,61.45,6.02,50.0,9.94,50.0,5.96,47.31
202607251207,2026-07-25,12,7R,daily,68.43,28.61,48.22,8.0,46.11,4.52,50.0,9.94,50.0,5.96,57.03,49.13,20.54,36.59,6.07,57.8,5.67,50.0,9.94,50.0,5.96,48.18,49.19,20.57,41.58,6.9,64.06,6.28,50.0,9.94,50.0,5.96,49.64,46.78,19.56,43.24,7.17,47.8,4.69,50.0,9.94,50.0,5.96,47.32,43.82,18.32,41.58,6.9,32.82,3.22,50.0,9.94,50.0,5.96,44.33,42.54,17.79,44.9,7.45,51.47,5.05,50.0,9.94,50.0,5.96,46.18
202607251208,2026-07-25,12,8R,daily,69.68,29.13,51.55,8.55,54.02,5.3,50.0,9.94,50.0,5.96,58.88,49.09,20.52,43.24,7.17,42.17,4.13,50.0,9.94,50.0,5.96,47.73,47.2,19.73,41.58,6.9,52.61,5.16,50.0,9.94,50.0,5.96,47.69,47.86,20.01,46.56,7.72,61.87,6.06,50.0,9.94,50.0,5.96,49.7,43.8,18.31,34.93,5.79,62.2,6.1,50.0,9.94,50.0,5.96,46.11,42.26,17.67,51.55,8.55,57.3,5.62,50.0,9.94,50.0,5.96,47.73
202607251209,2026-07-25,12,9R,daily,71.9,30.06,54.87,9.1,46.92,4.6,50.0,9.94,50.0,5.96,59.66,49.64,20.76,46.56,7.72,60.88,5.97,50.0,9.94,50.0,5.96,50.35,46.92,19.62,41.58,6.9,58.19,5.7,50.0,9.94,50.0,5.96,48.12,46.19,19.31,44.9,7.45,67.64,6.63,50.0,9.94,50.0,5.96,49.29,43.25,18.08,43.24,7.17,74.34,7.29,50.0,9.94,50.0,5.96,48.44,41.98,17.55,44.9,7.45,63.63,6.24,50.0,9.94,50.0,5.96,47.14
202607251210,2026-07-25,12,10R,daily,74.42,31.11,53.21,8.83,53.66,5.26,50.0,9.94,50.0,5.96,61.1,46.86,19.59,41.58,6.9,61.79,6.06,50.0,9.94,50.0,5.96,48.45,46.08,19.27,49.89,8.27,44.53,4.36,50.0,9.94,50.0,5.96,47.81,45.91,19.19,41.58,6.9,58.76,5.76,50.0,9.94,50.0,5.96,47.75,43.53,18.2,41.58,6.9,53.55,5.25,50.0,9.94,50.0,5.96,46.25,43.09,18.02,44.9,7.45,71.01,6.96,50.0,9.94,50.0,5.96,48.33
202607251211,2026-07-25,12,11R,daily,78.88,32.98,53.21,8.83,46.3,4.54,50.0,9.94,50.0,5.96,62.24,45.74,19.12,44.9,7.45,36.97,3.62,50.0,9.94,50.0,5.96,46.1,44.13,18.45,51.55,8.55,55.89,5.48,50.0,9.94,50.0,5.96,48.38,45.07,18.84,48.22,8.0,48.18,4.72,50.0,9.94,50.0,5.96,47.47,44.08,18.43,43.24,7.17,46.82,4.59,50.0,9.94,50.0,5.96,46.09,41.98,17.55,49.89,8.27,63.01,6.18,50.0,9.94,50.0,5.96,47.9
202607251212,2026-07-25,12,12R,daily,77.2,32.28,48.22,8.0,47.76,4.68,50.0,9.94,50.0,5.96,60.86,47.69,19.94,48.22,8.0,57.12,5.6,50.0,9.94,50.0,5.96,49.44,45.81,19.15,48.22,8.0,36.1,3.54,50.0,9.94,50.0,5.96,46.59,43.96,18.38,48.22,8.0,82.28,8.07,50.0,9.94,50.0,5.96,50.34,43.53,18.2,48.22,8.0,46.11,4.52,50.0,9.94,50.0,5.96,46.62,41.7,17.43,73.15,12.13,55.6,5.45,50.0,9.94,50.0,5.96,50.92
202607251301,2026-07-25,13,1R,daily,67.55,28.1,41.95,8.33,52.83,6.93,50.0,12.71,50.0,0.0,56.07,46.73,19.44,45.41,9.01,44.18,5.8,50.0,12.71,50.0,0.0,46.96,52.97,22.04,54.06,10.73,52.03,6.83,50.0,12.71,50.0,0.0,52.31,46.51,19.35,43.68,8.67,50.25,6.59,50.0,12.71,50.0,0.0,47.33,43.88,18.26,45.41,9.01,53.49,7.02,50.0,12.71,50.0,0.0,47.0,42.15,17.54,41.95,8.33,58.48,7.67,50.0,12.71,50.0,0.0,46.25
202607251301,2026-07-25,13,1R,realtime,67.55,28.1,41.95,8.33,40.77,5.35,51.16,13.01,55.45,0.0,54.79,46.73,19.44,45.41,9.01,44.87,5.89,42.14,10.72,50.85,0.0,45.06,52.97,22.04,54.06,10.73,50.55,6.63,66.58,16.93,45.21,0.0,56.33,43.88,18.26,43.68,8.67,60.27,7.91,56.27,14.31,50.86,0.0,49.14,46.51,19.35,45.41,9.01,49.99,6.56,32.84,8.35,48.25,0.0,43.27,42.15,17.54,41.95,8.33,49.27,6.47,50.98,12.96,49.31,0.0,45.29
202607251302,2026-07-25,13,2R,daily,66.53,27.68,41.95,8.33,50.51,6.63,50.0,12.71,50.0,0.0,55.34,50.54,21.03,48.87,9.7,48.69,6.39,50.0,12.71,50.0,0.0,49.83,48.64,20.24,41.95,8.33,43.53,5.71,50.0,12.71,50.0,0.0,46.99,46.0,19.14,43.68,8.67,46.69,6.13,50.0,12.71,50.0,0.0,46.65,45.41,18.89,66.18,13.13,35.24,4.62,50.0,12.71,50.0,0.0,49.36,42.66,17.75,45.41,9.01,56.8,7.45,50.0,12.71,50.0,0.0,46.93
202607251302,2026-07-25,13,2R,realtime,66.53,27.68,41.95,8.33,51.35,6.74,57.82,14.7,56.47,0.0,57.44,50.54,21.03,48.87,9.7,49.24,6.46,59.02,15.01,51.01,0.0,52.19,48.64,20.24,41.95,8.33,50.12,6.58,48.81,12.41,44.33,0.0,47.55,46.0,19.14,43.68,8.67,48.04,6.3,33.37,8.48,47.93,0.0,42.6,45.41,18.89,66.18,13.13,45.87,6.02,39.69,10.09,51.03,0.0,48.14,42.66,17.75,45.41,9.01,60.7,7.96,61.29,15.58,49.18,0.0,50.31
202607251303,2026-07-25,13,3R,daily,65.76,27.36,41.95,8.33,65.67,8.62,50.0,12.71,50.0,0.0,57.02,49.27,20.5,54.06,10.73,58.59,7.69,50.0,12.71,50.0,0.0,51.63,46.61,19.39,47.14,9.36,51.77,6.79,50.0,12.71,50.0,0.0,48.25,48.55,20.2,43.68,8.67,61.0,8.0,50.0,12.71,50.0,0.0,49.58,46.42,19.31,47.14,9.36,45.11,5.92,50.0,12.71,50.0,0.0,47.3,43.17,17.96,55.79,11.07,52.18,6.85,50.0,12.71,50.0,0.0,48.59
202607251303,2026-07-25,13,3R,realtime,65.76,27.36,41.95,8.33,54.45,7.15,51.22,13.02,56.47,0.0,55.86,49.27,20.5,54.06,10.73,57.12,7.5,65.49,16.65,51.01,0.0,55.38,46.61,19.39,47.14,9.36,54.08,7.1,34.09,8.67,44.33,0.0,44.51,48.55,20.2,43.68,8.67,60.0,7.87,44.05,11.2,47.93,0.0,47.94,46.42,19.31,47.14,9.36,52.47,6.89,43.56,11.08,51.03,0.0,46.63,43.17,17.96,55.79,11.07,45.27,5.94,61.57,15.66,49.18,0.0,50.63
202607251304,2026-07-25,13,4R,daily,70.85,29.48,45.41,9.01,31.11,4.08,50.0,12.71,50.0,0.0,55.28,50.03,20.82,48.87,9.7,51.34,6.74,50.0,12.71,50.0,0.0,49.97,46.1,19.18,52.33,10.39,59.11,7.76,50.0,12.71,50.0,0.0,50.04,46.26,19.24,41.95,8.33,40.15,5.27,50.0,12.71,50.0,0.0,45.55,43.88,18.26,47.14,9.36,45.4,5.96,50.0,12.71,50.0,0.0,46.28,42.66,17.75,31.57,6.26,49.8,6.54,50.0,12.71,50.0,0.0,43.26
202607251304,2026-07-25,13,4R,realtime,50.03,20.82,45.41,9.01,43.22,5.67,55.0,13.99,51.11,0.0,49.48,46.1,19.18,48.87,9.7,66.98,8.79,51.41,13.07,43.8,0.0,50.74,70.85,29.48,52.33,10.39,51.04,6.7,58.81,14.95,57.07,0.0,61.51,46.26,19.24,41.95,8.33,44.31,5.81,50.27,12.78,47.74,0.0,46.17,43.88,18.26,47.14,9.36,60.18,7.9,42.55,10.82,51.12,0.0,46.33,42.66,17.75,31.57,6.26,44.46,5.83,41.95,10.67,49.11,0.0,40.51
202607251305,2026-07-25,13,5R,daily,69.21,28.79,57.52,11.42,52.06,6.83,50.0,12.71,50.0,0.0,59.76,49.56,20.62,40.22,7.98,44.69,5.86,50.0,12.71,50.0,0.0,47.18,45.87,19.08,48.87,9.7,63.87,8.38,50.0,12.71,50.0,0.0,49.88,48.07,20.0,48.87,9.7,39.35,5.16,50.0,12.71,50.0,0.0,47.57,44.91,18.68,50.6,10.04,39.36,5.17,50.0,12.71,50.0,0.0,46.61,42.15,17.54,38.49,7.64,51.95,6.82,50.0,12.71,50.0,0.0,44.71
202607251305,2026-07-25,13,5R,realtime,69.21,28.79,57.52,11.42,52.38,6.87,73.84,18.77,49.19,0.0,65.86,49.56,20.62,40.22,7.98,42.67,5.6,44.97,11.43,43.44,0.0,45.63,45.87,19.08,48.87,9.7,67.32,8.83,49.57,12.6,51.26,0.0,50.22,48.07,20.0,48.87,9.7,42.08,5.52,42.17,10.72,53.61,0.0,45.94,44.91,18.68,50.6,10.04,34.76,4.56,48.14,12.24,54.98,0.0,45.53,42.15,17.54,38.49,7.64,60.08,7.88,41.29,10.5,47.46,0.0,43.56
202607251306,2026-07-25,13,6R,daily,78.41,32.62,48.87,9.7,44.65,5.86,50.0,12.71,50.0,0.0,60.89,44.2,18.39,48.87,9.7,41.44,5.44,50.0,12.71,50.0,0.0,46.24,45.36,18.87,43.68,8.67,50.25,6.59,50.0,12.71,50.0,0.0,46.85,46.54,19.36,64.45,12.79,54.35,7.13,50.0,12.71,50.0,0.0,52.0,43.12,17.94,41.95,8.33,43.53,5.71,50.0,12.71,50.0,0.0,44.69,42.15,17.54,40.22,7.98,40.41,5.3,50.0,12.71,50.0,0.0,43.53
202607251306,2026-07-25,13,6R,realtime,78.41,32.62,48.87,9.7,44.53,5.84,66.9,17.01,58.42,0.0,65.17,44.2,18.39,48.87,9.7,45.78,6.01,52.3,13.3,47.81,0.0,47.39,45.36,18.87,43.68,8.67,60.27,7.91,44.21,11.24,38.37,0.0,46.69,46.54,19.36,64.45,12.79,68.15,8.94,59.89,15.23,43.95,0.0,56.32,43.12,17.94,41.95,8.33,50.12,6.58,33.94,8.63,48.63,0.0,41.47,42.15,17.54,40.22,7.98,52.03,6.83,42.75,10.87,62.78,0.0,43.22
202607251307,2026-07-25,13,7R,daily,68.45,28.48,45.41,9.01,44.35,5.82,50.0,12.71,50.0,0.0,56.02,48.03,19.98,45.41,9.01,32.32,4.24,50.0,12.71,50.0,0.0,45.95,49.45,20.57,41.95,8.33,65.67,8.62,50.0,12.71,50.0,0.0,50.23,46.54,19.36,41.95,8.33,52.83,6.93,50.0,12.71,50.0,0.0,47.33,44.66,18.58,48.87,9.7,68.02,8.93,50.0,12.71,50.0,0.0,49.92,42.66,17.75,45.41,9.01,30.48,4.0,50.0,12.71,50.0,0.0,43.48
202607251307,2026-07-25,13,7R,realtime,68.45,28.48,45.41,9.01,55.05,7.22,71.26,18.12,58.49,0.0,62.83,48.03,19.98,45.41,9.01,35.47,4.65,50.24,12.78,51.33,0.0,46.42,49.45,20.57,41.95,8.33,54.45,7.15,40.72,10.35,42.56,0.0,46.4,46.54,19.36,41.95,8.33,40.77,5.35,36.58,9.3,47.29,0.0,42.34,44.66,18.58,48.87,9.7,73.4,9.63,55.9,14.21,51.35,0.0,52.12,42.66,17.75,45.41,9.01,35.01,4.59,45.28,11.51,48.93,0.0,42.87
202607251308,2026-07-25,13,8R,daily,69.21,28.79,52.33,10.39,44.1,5.79,50.0,12.71,50.0,0.0,57.68,47.27,19.66,47.14,9.36,44.48,5.84,50.0,12.71,50.0,0.0,47.57,46.89,19.51,45.41,9.01,57.63,7.56,50.0,12.71,50.0,0.0,48.8,48.07,20.0,47.14,9.36,61.36,8.05,50.0,12.71,50.0,0.0,50.12,44.91,18.68,45.41,9.01,44.18,5.8,50.0,12.71,50.0,0.0,46.21,43.43,18.07,41.95,8.33,50.51,6.63,50.0,12.71,50.0,0.0,45.73
202607251308,2026-07-25,13,8R,realtime,69.21,28.79,52.33,10.39,50.29,6.6,54.48,13.85,52.63,0.0,59.63,47.27,19.66,47.14,9.36,40.83,5.36,67.06,17.05,46.56,0.0,51.43,46.89,19.51,45.41,9.01,61.86,8.12,36.7,9.33,48.03,0.0,45.97,48.07,20.0,47.14,9.36,61.94,8.13,55.21,14.04,51.17,0.0,51.52,44.91,18.68,45.41,9.01,44.87,5.89,37.63,9.57,53.48,0.0,43.15,43.43,18.07,41.95,8.33,51.35,6.74,48.93,12.44,48.08,0.0,45.57
202607251309,2026-07-25,13,9R,daily,73.98,30.78,43.68,8.67,46.69,6.13,50.0,12.71,50.0,0.0,58.29,46.52,19.35,47.14,9.36,51.77,6.79,50.0,12.71,50.0,0.0,48.22,46.66,19.41,47.14,9.36,48.32,6.34,50.0,12.71,50.0,0.0,47.82,45.53,18.94,43.68,8.67,39.87,5.23,50.0,12.71,50.0,0.0,45.56,43.9,18.27,41.95,8.33,40.15,5.27,50.0,12.71,50.0,0.0,44.57,43.18,17.96,48.87,9.7,32.36,4.25,50.0,12.71,50.0,0.0,44.62
202607251309,2026-07-25,13,9R,realtime,73.98,30.78,43.68,8.67,48.04,6.3,49.15,12.5,56.06,0.0,58.25,46.52,19.35,47.14,9.36,54.08,7.1,43.07,10.95,50.95,0.0,46.76,46.66,19.41,47.14,9.36,54.16,7.11,41.68,10.6,44.68,0.0,46.47,45.53,18.94,43.68,8.67,40.27,5.28,62.91,16.0,48.06,0.0,48.89,43.9,18.27,41.95,8.33,44.31,5.81,61.17,15.55,50.96,0.0,47.96,43.18,17.96,48.87,9.7,37.34,4.9,42.01,10.68,49.23,0.0,43.25
202607251310,2026-07-25,13,10R,daily,73.98,30.78,52.33,10.39,59.11,7.76,50.0,12.71,50.0,0.0,61.64,47.03,19.57,54.06,10.73,52.03,6.83,50.0,12.71,50.0,0.0,49.84,45.38,18.88,50.6,10.04,39.36,5.17,50.0,12.71,50.0,0.0,46.8,46.3,19.26,45.41,9.01,56.8,7.45,50.0,12.71,50.0,0.0,48.44,44.16,18.37,54.06,10.73,58.59,7.69,50.0,12.71,50.0,0.0,49.5,42.92,17.86,48.87,9.7,41.44,5.44,50.0,12.71,50.0,0.0,45.71
202607251311,2026-07-25,13,11R,daily,77.32,32.17,64.45,12.79,54.35,7.13,50.0,12.71,50.0,0.0,64.8,45.75,19.03,45.41,9.01,53.49,7.02,50.0,12.71,50.0,0.0,47.78,45.38,18.88,47.14,9.36,45.11,5.92,50.0,12.71,50.0,0.0,46.87,45.53,18.94,48.87,9.7,63.87,8.38,50.0,12.71,50.0,0.0,49.74,43.64,18.16,48.87,9.7,48.69,6.39,50.0,12.71,50.0,0.0,46.96,42.15,17.54,45.41,9.01,44.35,5.82,50.0,12.71,50.0,0.0,45.08
202607251312,2026-07-25,13,12R,daily,76.04,31.63,48.87,9.7,68.02,8.93,50.0,12.71,50.0,0.0,62.97,44.98,18.71,66.18,13.13,35.24,4.62,50.0,12.71,50.0,0.0,49.18,45.38,18.88,57.52,11.42,52.06,6.83,50.0,12.71,50.0,0.0,49.84,46.3,19.26,52.33,10.39,44.1,5.79,50.0,12.71,50.0,0.0,48.15,44.16,18.37,48.87,9.7,51.34,6.74,50.0,12.71,50.0,0.0,47.52,42.92,17.86,48.87,9.7,44.65,5.86,50.0,12.71,50.0,0.0,46.13
202607251401,2026-07-25,14,1R,daily,79.54,28.92,57.68,9.85,42.52,4.68,50.0,10.7,50.0,7.08,61.23,43.43,15.79,43.53,7.44,39.31,4.32,50.0,10.7,50.0,7.08,45.33,46.99,17.08,47.07,8.04,45.49,5.0,50.0,10.7,50.0,7.08,47.91,46.55,16.93,43.53,7.44,48.24,5.31,50.0,10.7,50.0,7.08,47.45,42.96,15.62,45.3,7.74,49.34,5.43,50.0,10.7,50.0,7.08,46.56,40.41,14.69,41.76,7.13,43.53,4.79,50.0,10.7,50.0,7.08,44.39
202607251401,2026-07-25,14,1R,realtime,79.54,28.92,57.68,9.85,45.44,5.0,63.07,13.5,34.51,4.88,62.15,43.43,15.79,43.53,7.44,48.74,5.36,54.25,11.61,39.26,5.56,45.76,46.99,17.08,47.07,8.04,49.3,5.42,53.22,11.39,59.09,8.36,50.31,46.55,16.93,43.53,7.44,53.32,5.86,40.53,8.68,53.72,7.6,46.5,42.96,15.62,45.3,7.74,50.49,5.55,51.72,11.07,67.38,9.54,49.52,40.41,14.69,41.76,7.13,44.04,4.84,37.06,7.93,45.92,6.5,41.1
202607251402,2026-07-25,14,2R,daily,63.64,23.14,45.3,7.74,45.12,4.96,50.0,10.7,50.0,7.08,53.62,51.19,18.61,61.21,10.46,58.17,6.4,50.0,10.7,50.0,7.08,53.25,52.42,19.06,55.91,9.55,24.7,2.72,50.0,10.7,50.0,7.08,49.11,47.51,17.27,50.6,8.65,55.46,6.1,50.0,10.7,50.0,7.08,49.8,45.12,16.4,43.53,7.44,48.31,5.31,50.0,10.7,50.0,7.08,46.93,40.01,14.54,52.37,8.95,39.65,4.36,50.0,10.7,50.0,7.08,45.63
202607251402,2026-07-25,14,2R,realtime,63.64,23.14,45.3,7.74,45.65,5.02,60.01,12.85,34.51,4.88,53.63,51.19,18.61,61.21,10.46,52.19,5.74,54.62,11.69,39.26,5.56,52.06,52.42,19.06,55.91,9.55,44.92,4.94,41.64,8.91,59.09,8.36,50.83,47.51,17.27,50.6,8.65,59.9,6.59,56.87,12.18,53.72,7.6,52.28,45.12,16.4,43.53,7.44,40.62,4.47,42.48,9.09,67.38,9.54,46.94,40.01,14.54,52.37,8.95,39.76,4.37,44.23,9.47,45.92,6.5,43.83
202607251403,2026-07-25,14,3R,daily,75.77,27.55,59.45,10.16,50.13,5.51,50.0,10.7,50.0,7.08,61.0,47.78,17.37,48.84,8.34,48.34,5.32,50.0,10.7,50.0,7.08,48.81,46.77,17.0,45.3,7.74,45.41,4.99,50.0,10.7,50.0,7.08,47.52,46.34,16.85,41.76,7.13,38.68,4.25,50.0,10.7,50.0,7.08,46.02,42.48,15.44,61.21,10.46,38.21,4.2,50.0,10.7,50.0,7.08,47.89,40.75,14.81,34.69,5.93,48.38,5.32,50.0,10.7,50.0,7.08,43.84
202607251403,2026-07-25,14,3R,realtime,75.77,27.55,59.45,10.16,55.31,6.08,65.07,13.93,45.25,6.4,64.12,47.78,17.37,48.84,8.34,46.7,5.14,54.45,11.66,46.41,6.57,49.07,46.77,17.0,45.3,7.74,49.29,5.42,44.45,9.52,52.25,7.4,47.07,46.34,16.85,41.76,7.13,48.33,5.32,37.85,8.1,49.66,7.03,44.43,42.48,15.44,61.21,10.46,56.24,6.19,62.65,13.41,56.15,7.95,53.45,40.75,14.81,34.69,5.93,41.5,4.56,35.36,7.57,50.16,7.1,39.97
202607251404,2026-07-25,14,4R,daily,75.23,27.35,50.6,8.65,59.08,6.5,50.0,10.7,50.0,7.08,60.27,48.2,17.52,41.76,7.13,31.39,3.45,50.0,10.7,50.0,7.08,45.89,47.93,17.43,48.84,8.34,47.35,5.21,50.0,10.7,50.0,7.08,48.76,45.26,16.46,45.3,7.74,54.4,5.98,50.0,10.7,50.0,7.08,47.96,42.87,15.59,57.68,9.85,24.54,2.7,50.0,10.7,50.0,7.08,45.92,40.38,14.68,59.45,10.16,53.51,5.88,50.0,10.7,50.0,7.08,48.5
202607251404,2026-07-25,14,4R,realtime,75.23,27.35,50.6,8.65,54.83,6.03,69.92,14.97,45.25,6.4,63.4,48.2,17.52,41.76,7.13,38.96,4.28,40.44,8.66,46.41,6.57,44.17,47.93,17.43,48.84,8.34,54.27,5.97,61.87,13.25,52.25,7.4,52.38,45.26,16.46,45.3,7.74,61.18,6.73,42.26,9.05,49.66,7.03,47.0,42.87,15.59,57.68,9.85,30.28,3.33,41.64,8.91,56.15,7.95,45.63,40.38,14.68,59.45,10.16,55.14,6.06,43.69,9.35,50.16,7.1,47.36
202607251405,2026-07-25,14,5R,daily,69.25,25.18,50.6,8.65,57.97,6.37,50.0,10.7,50.0,7.08,57.98,47.08,17.12,48.84,8.34,54.54,6.0,50.0,10.7,50.0,7.08,49.24,49.8,18.11,41.76,7.13,40.93,4.5,50.0,10.7,50.0,7.08,47.52,48.25,17.54,48.84,8.34,52.36,5.76,50.0,10.7,50.0,7.08,49.42,44.37,16.13,52.37,8.95,35.11,3.86,50.0,10.7,50.0,7.08,46.72,41.13,14.95,34.69,5.93,49.95,5.49,50.0,10.7,50.0,7.08,44.15
202607251405,2026-07-25,14,5R,realtime,69.25,25.18,50.6,8.65,54.56,6.0,65.29,13.98,45.25,6.4,60.2,47.08,17.12,48.84,8.34,48.68,5.35,55.75,11.94,46.41,6.57,49.32,49.8,18.11,41.76,7.13,43.79,4.82,22.43,4.8,52.25,7.4,42.25,48.25,17.54,48.84,8.34,59.24,6.51,39.35,8.42,49.66,7.03,47.85,44.37,16.13,52.37,8.95,50.83,5.59,52.4,11.22,56.15,7.95,49.83,41.13,14.95,34.69,5.93,46.2,5.08,64.64,13.84,50.16,7.1,46.9
202607251406,2026-07-25,14,6R,daily,67.0,24.36,43.53,7.44,48.24,5.31,50.0,10.7,50.0,7.08,54.88,47.45,17.25,48.84,8.34,51.72,5.69,50.0,10.7,50.0,7.08,49.06,51.3,18.65,50.6,8.65,40.86,4.49,50.0,10.7,50.0,7.08,49.57,47.51,17.27,45.3,7.74,43.42,4.78,50.0,10.7,50.0,7.08,47.57,45.49,16.54,39.99,6.83,53.54,5.89,50.0,10.7,50.0,7.08,47.04,41.13,14.95,45.3,7.74,40.0,4.4,50.0,10.7,50.0,7.08,44.87
202607251406,2026-07-25,14,6R,realtime,67.0,24.36,43.53,7.44,53.32,5.86,65.68,14.06,45.25,6.4,58.13,51.3,18.65,48.84,8.34,47.16,5.19,57.45,12.3,52.25,7.4,51.87,47.45,17.25,50.6,8.65,37.79,4.16,37.11,7.94,46.41,6.57,44.57,47.51,17.27,45.3,7.74,48.56,5.34,47.62,10.19,49.66,7.03,47.57,45.49,16.54,39.99,6.83,57.34,6.31,41.42,8.87,56.15,7.95,46.49,41.13,14.95,45.3,7.74,37.99,4.18,50.58,10.83,50.16,7.1,44.8
202607251407,2026-07-25,14,7R,daily,63.93,23.24,43.53,7.44,48.31,5.31,50.0,10.7,50.0,7.08,53.77,48.68,17.7,45.3,7.74,45.41,4.99,50.0,10.7,50.0,7.08,48.21,54.47,19.8,43.53,7.44,41.1,4.52,50.0,10.7,50.0,7.08,49.54,47.98,17.44,47.07,8.04,43.24,4.76,50.0,10.7,50.0,7.08,48.02,44.43,16.15,47.07,8.04,45.49,5.0,50.0,10.7,50.0,7.08,46.98,40.4,14.69,50.6,8.65,35.37,3.89,50.0,10.7,50.0,7.08,45.0
202607251407,2026-07-25,14,7R,realtime,63.93,23.24,43.53,7.44,40.62,4.47,61.66,13.2,45.25,6.4,54.75,48.68,17.7,45.3,7.74,49.29,5.42,44.06,9.43,46.41,6.57,46.86,54.47,19.8,43.53,7.44,48.61,5.35,31.39,6.72,52.25,7.4,46.7,47.98,17.44,47.07,8.04,50.62,5.57,51.92,11.12,49.66,7.03,49.2,44.43,16.15,47.07,8.04,49.3,5.42,54.75,11.72,56.15,7.95,49.29,40.4,14.69,50.6,8.65,36.81,4.05,56.05,12.0,50.16,7.1,46.48
202607251408,2026-07-25,14,8R,daily,64.68,23.52,55.91,9.55,24.7,2.72,50.0,10.7,50.0,7.08,53.57,49.06,17.84,48.84,8.34,42.28,4.65,50.0,10.7,50.0,7.08,48.61,52.2,18.98,34.69,5.93,48.38,5.32,50.0,10.7,50.0,7.08,48.0,46.84,17.03,48.84,8.34,47.35,5.21,50.0,10.7,50.0,7.08,48.36,46.32,16.84,57.68,9.85,42.52,4.68,50.0,10.7,50.0,7.08,49.15,40.77,14.82,41.76,7.13,46.03,5.06,50.0,10.7,50.0,7.08,44.8
202607251408,2026-07-25,14,8R,realtime,64.68,23.52,55.91,9.55,44.92,4.94,57.09,12.22,45.57,6.45,56.68,49.06,17.84,48.84,8.34,46.82,5.15,35.71,7.65,46.41,6.57,45.54,52.2,18.98,34.69,5.93,41.5,4.56,44.42,9.51,51.68,7.31,46.29,46.84,17.03,48.84,8.34,54.27,5.97,66.79,14.3,48.48,6.86,52.5,46.32,16.84,57.68,9.85,45.44,5.0,62.75,13.43,56.43,7.99,53.11,40.77,14.82,41.76,7.13,45.97,5.06,33.07,7.08,51.31,7.26,41.35
202607251409,2026-07-25,14,9R,daily,63.55,23.1,43.53,7.44,36.28,3.99,50.0,10.7,50.0,7.08,52.31,50.57,18.39,45.3,7.74,54.4,5.98,50.0,10.7,50.0,7.08,49.89,52.95,19.25,52.37,8.95,37.93,4.17,50.0,10.7,50.0,7.08,50.15,47.98,17.44,43.53,7.44,39.31,4.32,50.0,10.7,50.0,7.08,46.99,44.43,16.15,45.3,7.74,45.12,4.96,50.0,10.7,50.0,7.08,46.64,40.4,14.69,50.6,8.65,57.97,6.37,50.0,10.7,50.0,7.08,47.49
202607251409,2026-07-25,14,9R,realtime,63.55,23.1,43.53,7.44,32.87,3.61,55.33,11.84,40.2,5.69,51.69,50.57,18.39,45.3,7.74,61.18,6.73,35.9,7.69,42.84,6.06,46.6,52.95,19.25,52.37,8.95,49.91,5.49,35.54,7.61,55.1,7.8,49.1,47.98,17.44,43.53,7.44,48.74,5.36,59.97,12.84,50.51,7.15,50.23,44.43,16.15,45.3,7.74,45.65,5.02,48.31,10.34,62.04,8.78,48.04,40.4,14.69,50.6,8.65,54.56,6.0,64.8,13.87,49.19,6.96,50.17
202607251410,2026-07-25,14,10R,daily,68.46,24.89,48.84,8.34,52.36,5.76,50.0,10.7,50.0,7.08,56.77,49.82,18.11,59.45,10.16,53.51,5.88,50.0,10.7,50.0,7.08,51.94,47.27,17.19,52.37,8.95,39.65,4.36,50.0,10.7,50.0,7.08,48.28,49.87,18.13,41.76,7.13,43.53,4.79,50.0,10.7,50.0,7.08,47.83,44.05,16.02,48.84,8.34,51.72,5.69,50.0,10.7,50.0,7.08,47.83,40.4,14.69,41.76,7.13,38.68,4.25,50.0,10.7,50.0,7.08,43.86
202607251410,2026-07-25,14,10R,realtime,68.46,24.89,48.84,8.34,59.24,6.51,55.95,11.98,34.83,4.93,56.66,49.82,18.11,59.45,10.16,55.14,6.06,63.79,13.66,39.26,5.56,53.55,47.27,17.19,52.37,8.95,39.76,4.37,50.0,10.7,58.52,8.28,49.49,47.27,17.19,41.76,7.13,44.04,4.84,57.46,12.3,58.52,8.28,49.75,49.87,18.13,48.84,8.34,47.16,5.19,47.97,10.27,52.54,7.44,49.37,44.05,16.02,41.76,7.13,48.33,5.32,24.68,5.28,67.66,9.58,43.33
202607251411,2026-07-25,14,11R,daily,75.49,27.44,57.68,9.85,24.54,2.7,50.0,10.7,50.0,7.08,57.78,48.74,17.72,45.3,7.74,43.42,4.78,50.0,10.7,50.0,7.08,48.02,47.33,17.21,52.37,8.95,35.11,3.86,50.0,10.7,50.0,7.08,47.8,45.37,16.49,43.53,7.44,41.1,4.52,50.0,10.7,50.0,7.08,46.23,42.17,15.33,59.45,10.16,50.13,5.51,50.0,10.7,50.0,7.08,48.78,40.78,14.83,50.6,8.65,55.46,6.1,50.0,10.7,50.0,7.08,47.35
202607251411,2026-07-25,14,11R,realtime,75.49,27.44,57.68,9.85,30.28,3.33,61.0,13.06,40.2,5.69,59.38,48.74,17.72,45.3,7.74,48.56,5.34,38.46,8.23,42.84,6.06,45.09,47.33,17.21,52.37,8.95,50.83,5.59,50.86,10.89,55.1,7.8,50.43,45.37,16.49,43.53,7.44,48.61,5.35,33.17,7.1,50.51,7.15,43.53,42.17,15.33,59.45,10.16,55.31,6.08,61.72,13.21,62.04,8.78,53.57,40.78,14.83,50.6,8.65,59.9,6.59,54.64,11.7,49.19,6.96,48.72
202607251412,2026-07-25,14,12R,daily,78.16,28.42,50.6,8.65,40.86,4.49,50.0,10.7,50.0,7.08,59.33,45.7,16.61,50.6,8.65,35.37,3.89,50.0,10.7,50.0,7.08,46.93,48.09,17.48,50.6,8.65,59.08,6.5,50.0,10.7,50.0,7.08,50.41,44.98,16.35,45.3,7.74,49.34,5.43,50.0,10.7,50.0,7.08,47.3,42.94,15.61,48.84,8.34,48.34,5.32,50.0,10.7,50.0,7.08,47.05,40.02,14.55,48.84,8.34,42.28,4.65,50.0,10.7,50.0,7.08,45.32
202607251412,2026-07-25,14,12R,realtime,78.16,28.42,50.6,8.65,37.79,4.16,60.21,12.89,34.83,4.93,59.04,45.7,16.61,50.6,8.65,36.81,4.05,61.37,13.14,39.26,5.56,48.0,48.09,17.48,50.6,8.65,54.83,6.03,41.23,8.83,58.52,8.28,49.27,44.98,16.35,45.3,7.74,50.49,5.55,52.87,11.32,52.54,7.44,48.4,42.94,15.61,48.84,8.34,46.7,5.14,49.16,10.53,67.66,9.58,49.19,40.02,14.55,48.84,8.34,46.82,5.15,34.99,7.49,47.07,6.66,42.19
202607251501,2026-07-25,15,1R,daily,71.36,25.95,44.03,9.77,66.4,6.2,50.0,11.47,50.0,4.59,57.97,46.88,17.05,39.07,8.67,49.07,4.58,50.0,11.47,50.0,4.59,46.35,47.45,17.26,48.98,10.87,44.67,4.17,50.0,11.47,50.0,4.59,48.35,49.44,17.98,41.55,9.22,50.25,4.69,50.0,11.47,50.0,4.59,47.95,42.88,15.59,41.55,9.22,38.22,3.57,50.0,11.47,50.0,4.59,44.44,41.96,15.26,31.64,7.02,48.81,4.55,50.0,11.47,50.0,4.59,42.89
202607251502,2026-07-25,15,2R,daily,66.47,24.17,44.03,9.77,58.52,5.46,50.0,11.47,50.0,4.59,55.46,50.62,18.41,36.59,8.12,63.24,5.9,50.0,11.47,50.0,4.59,48.49,49.17,17.88,48.98,10.87,58.33,5.44,50.0,11.47,50.0,4.59,50.25,45.71,16.62,41.55,9.22,44.13,4.12,50.0,11.47,50.0,4.59,46.02,45.76,16.64,51.46,11.42,52.15,4.87,50.0,11.47,50.0,4.59,48.98,42.25,15.36,41.55,9.22,52.92,4.94,50.0,11.47,50.0,4.59,45.58
202607251503,2026-07-25,15,3R,daily,64.75,23.55,44.03,9.77,61.9,5.78,50.0,11.47,50.0,4.59,55.15,48.61,17.68,46.51,10.32,51.83,4.84,50.0,11.47,50.0,4.59,48.89,49.17,17.88,48.98,10.87,54.44,5.08,50.0,11.47,50.0,4.59,49.89,48.3,17.56,44.03,9.77,47.08,4.39,50.0,11.47,50.0,4.59,47.78,46.91,17.06,48.98,10.87,56.83,5.3,50.0,11.47,50.0,4.59,49.29,42.25,15.36,31.64,7.02,47.34,4.42,50.0,11.47,50.0,4.59,42.86
202607251504,2026-07-25,15,4R,daily,65.61,23.86,51.46,11.42,47.8,4.46,50.0,11.47,50.0,4.59,55.79,48.32,17.57,44.03,9.77,52.75,4.92,50.0,11.47,50.0,4.59,48.32,49.17,17.88,44.03,9.77,44.65,4.17,50.0,11.47,50.0,4.59,47.87,48.3,17.56,44.03,9.77,39.65,3.7,50.0,11.47,50.0,4.59,47.09,46.04,16.74,24.2,5.37,38.26,3.57,50.0,11.47,50.0,4.59,41.74,42.54,15.47,51.46,11.42,47.28,4.41,50.0,11.47,50.0,4.59,47.36
202607251505,2026-07-25,15,5R,daily,68.05,24.75,51.46,11.42,63.51,5.93,50.0,11.47,50.0,4.59,58.15,48.86,17.77,46.51,10.32,47.41,4.42,50.0,11.47,50.0,4.59,48.57,46.84,17.03,44.03,9.77,44.69,4.17,50.0,11.47,50.0,4.59,47.03,48.83,17.76,76.24,16.92,44.57,4.16,50.0,11.47,50.0,4.59,54.89,45.16,16.42,39.07,8.67,49.07,4.58,50.0,11.47,50.0,4.59,45.73,42.24,15.36,56.42,12.52,50.9,4.75,50.0,11.47,50.0,4.59,48.69
202607251506,2026-07-25,15,6R,daily,68.2,24.8,48.98,10.87,37.7,3.52,50.0,11.47,50.0,4.59,55.24,48.32,17.57,41.55,9.22,38.22,3.57,50.0,11.47,50.0,4.59,46.41,49.46,17.99,41.55,9.22,44.13,4.12,50.0,11.47,50.0,4.59,47.38,45.71,16.62,48.98,10.87,75.65,7.06,50.0,11.47,50.0,4.59,50.61,45.76,16.64,44.03,9.77,40.3,3.76,50.0,11.47,50.0,4.59,46.23,42.54,15.47,66.33,14.72,35.68,3.33,50.0,11.47,50.0,4.59,49.57
202607251507,2026-07-25,15,7R,daily,67.9,24.69,51.46,11.42,63.81,5.95,50.0,11.47,50.0,4.59,58.12,49.27,17.92,41.55,9.22,50.25,4.69,50.0,11.47,50.0,4.59,47.88,48.68,17.7,51.46,11.42,48.55,4.53,50.0,11.47,50.0,4.59,49.71,46.63,16.96,31.64,7.02,47.34,4.42,50.0,11.47,50.0,4.59,44.45,44.94,16.34,46.51,10.32,51.83,4.84,50.0,11.47,50.0,4.59,47.55,42.55,15.47,98.54,21.87,62.3,5.81,50.0,11.47,50.0,4.59,59.21
202607251508,2026-07-25,15,8R,daily,79.81,29.02,56.42,12.52,33.44,3.12,50.0,11.47,50.0,4.59,60.72,46.08,16.76,48.98,10.87,56.83,5.3,50.0,11.47,50.0,4.59,48.98,44.62,16.23,44.03,9.77,47.08,4.39,50.0,11.47,50.0,4.59,46.44,46.05,16.75,48.98,10.87,58.33,5.44,50.0,11.47,50.0,4.59,49.12,42.03,15.29,44.03,9.77,39.65,3.7,50.0,11.47,50.0,4.59,44.81,41.4,15.05,24.2,5.37,38.26,3.57,50.0,11.47,50.0,4.59,40.05
202607251509,2026-07-25,15,9R,daily,73.47,26.72,76.24,16.92,44.57,4.16,50.0,11.47,50.0,4.59,63.85,46.43,16.88,51.46,11.42,52.15,4.87,50.0,11.47,50.0,4.59,49.23,48.47,17.63,51.46,11.42,47.28,4.41,50.0,11.47,50.0,4.59,49.52,44.93,16.34,48.98,10.87,44.67,4.17,50.0,11.47,50.0,4.59,47.43,44.1,16.04,36.59,8.12,63.24,5.9,50.0,11.47,50.0,4.59,46.12,42.57,15.48,48.98,10.87,54.44,5.08,50.0,11.47,50.0,4.59,47.49
202607251510,2026-07-25,15,10R,daily,74.94,27.25,66.33,14.72,35.68,3.33,50.0,11.47,50.0,4.59,61.36,47.01,17.1,44.03,9.77,66.4,6.2,50.0,11.47,50.0,4.59,49.12,46.71,16.99,44.03,9.77,61.9,5.78,50.0,11.47,50.0,4.59,48.59,45.23,16.45,51.46,11.42,63.51,5.93,50.0,11.47,50.0,4.59,49.85,44.69,16.25,46.51,10.32,47.41,4.42,50.0,11.47,50.0,4.59,47.05,41.4,15.06,48.98,10.87,75.65,7.06,50.0,11.47,50.0,4.59,49.04
202607251511,2026-07-25,15,11R,daily,76.7,27.89,56.42,12.52,50.9,4.75,50.0,11.47,50.0,4.59,61.22,47.6,17.31,51.46,11.42,63.81,5.95,50.0,11.47,50.0,4.59,50.74,46.71,16.99,51.46,11.42,47.8,4.46,50.0,11.47,50.0,4.59,48.92,44.05,16.02,48.98,10.87,37.7,3.52,50.0,11.47,50.0,4.59,46.46,42.93,15.61,44.03,9.77,52.75,4.92,50.0,11.47,50.0,4.59,46.36,41.99,15.27,44.03,9.77,58.52,5.46,50.0,11.47,50.0,4.59,46.56
202607251512,2026-07-25,15,12R,daily,78.17,28.42,71.28,15.82,58.93,5.5,50.0,11.47,50.0,4.59,65.8,45.25,16.46,61.37,13.62,41.79,3.9,50.0,11.47,50.0,4.59,50.03,46.42,16.88,68.81,15.27,49.94,4.66,50.0,11.47,50.0,4.59,52.86,45.52,16.55,48.98,10.87,65.54,6.12,50.0,11.47,50.0,4.59,49.59,43.22,15.72,53.94,11.97,47.66,4.45,50.0,11.47,50.0,4.59,48.19,41.4,15.06,48.98,10.87,55.71,5.2,50.0,11.47,50.0,4.59,47.18
202607251701,2026-07-25,17,1R,daily,77.05,33.11,49.95,10.97,46.57,4.89,50.0,9.55,50.0,2.72,61.25,46.26,19.88,46.12,10.13,54.54,5.73,50.0,9.55,50.0,2.72,48.02,46.18,19.84,42.29,9.29,66.96,7.04,50.0,9.55,50.0,2.72,48.45,45.15,19.4,38.47,8.45,67.2,7.06,50.0,9.55,50.0,2.72,47.19,43.75,18.8,40.38,8.87,61.24,6.44,50.0,9.55,50.0,2.72,46.38,41.36,17.77,32.73,7.19,67.79,7.12,50.0,9.55,50.0,2.72,44.36
202607251701,2026-07-25,17,1R,realtime,77.05,33.11,49.95,10.97,60.83,6.39,65.34,12.49,46.45,2.53,65.49,46.26,19.88,46.12,10.13,49.24,5.18,64.61,12.35,40.38,2.2,49.73,46.18,19.84,42.29,9.29,66.5,6.99,60.97,11.65,45.43,2.47,50.24,45.15,19.4,38.47,8.45,61.16,6.43,29.58,5.65,55.23,3.01,42.94,43.75,18.8,40.38,8.87,59.3,6.23,48.51,9.27,59.03,3.21,46.38,41.36,17.77,32.73,7.19,67.43,7.09,30.99,5.92,53.58,2.92,40.89
202607251702,2026-07-25,17,2R,daily,68.65,29.5,46.12,10.13,47.35,4.98,50.0,9.55,50.0,2.72,56.89,48.96,21.04,40.38,8.87,39.53,4.15,50.0,9.55,50.0,2.72,46.34,48.08,20.66,48.03,10.55,63.68,6.69,50.0,9.55,50.0,2.72,50.18,47.31,20.33,53.77,11.81,58.33,6.13,50.0,9.55,50.0,2.72,50.55,43.49,18.69,32.73,7.19,40.89,4.3,50.0,9.55,50.0,2.72,42.45,43.23,18.58,46.12,10.13,50.95,5.36,50.0,9.55,50.0,2.72,46.34
202607251702,2026-07-25,17,2R,realtime,68.65,29.5,46.12,10.13,47.22,4.96,49.09,9.38,48.4,2.64,56.61,48.96,21.04,40.38,8.87,46.09,4.84,42.92,8.2,44.86,2.44,45.4,48.08,20.66,48.03,10.55,65.73,6.91,50.85,9.72,49.09,2.67,50.51,47.31,20.33,53.77,11.81,67.0,7.04,66.47,12.7,48.92,2.66,54.55,43.23,18.58,32.73,7.19,51.36,5.4,38.02,7.27,58.95,3.21,41.64,43.49,18.69,46.12,10.13,45.72,4.81,52.67,10.06,49.9,2.72,46.41
202607251703,2026-07-25,17,3R,daily,66.78,28.7,48.03,10.55,49.04,5.15,50.0,9.55,50.0,2.72,56.68,51.64,22.19,53.77,11.81,54.43,5.72,50.0,9.55,50.0,2.72,52.0,48.89,21.01,46.12,10.13,48.79,5.13,50.0,9.55,50.0,2.72,48.54,45.7,19.64,44.21,9.71,47.99,5.04,50.0,9.55,50.0,2.72,46.67,44.83,19.27,44.21,9.71,47.65,5.01,50.0,9.55,50.0,2.72,46.26,41.89,18.0,48.03,10.55,34.47,3.62,50.0,9.55,50.0,2.72,44.45
202607251703,2026-07-25,17,3R,realtime,66.78,28.7,48.03,10.55,50.0,5.26,46.1,8.81,48.72,2.65,55.96,51.64,22.19,53.77,11.81,55.29,5.81,63.64,12.16,44.35,2.41,54.39,48.89,21.01,46.12,10.13,40.37,4.24,57.28,10.95,48.89,2.66,48.99,45.7,19.64,44.21,9.71,42.15,4.43,47.18,9.02,47.99,2.61,45.41,44.83,19.27,44.21,9.71,51.47,5.41,35.54,6.79,50.31,2.74,43.92,41.89,18.0,48.03,10.55,37.73,3.97,50.25,9.6,59.88,3.26,45.38
202607251704,2026-07-25,17,4R,daily,67.58,29.04,63.34,13.91,55.91,5.88,50.0,9.55,50.0,2.72,61.11,47.62,20.47,38.47,8.45,46.52,4.89,50.0,9.55,50.0,2.72,46.08,51.3,22.05,48.03,10.55,42.12,4.43,50.0,9.55,50.0,2.72,49.3,47.31,20.33,44.21,9.71,40.76,4.28,50.0,9.55,50.0,2.72,46.6,43.49,18.69,48.03,10.55,60.11,6.32,50.0,9.55,50.0,2.72,47.83,42.43,18.24,49.95,10.97,71.58,7.52,50.0,9.55,50.0,2.72,49.0
202607251704,2026-07-25,17,4R,realtime,67.58,29.04,63.34,13.91,42.96,4.52,55.16,10.54,48.06,2.62,60.63,47.62,20.47,38.47,8.45,61.12,6.42,56.44,10.78,41.52,2.26,48.38,51.3,22.05,48.03,10.55,46.28,4.86,29.1,5.56,48.32,2.63,45.65,47.31,20.33,44.21,9.71,42.63,4.48,45.47,8.69,46.97,2.56,45.77,43.49,18.69,48.03,10.55,57.06,6.0,64.1,12.25,50.45,2.75,50.23,42.43,18.24,49.95,10.97,70.24,7.38,49.72,9.5,64.81,3.53,49.62
202607251705,2026-07-25,17,5R,daily,69.99,30.08,46.12,10.13,75.8,7.97,50.0,9.55,50.0,2.72,60.45,47.08,20.23,48.03,10.55,34.28,3.6,50.0,9.55,50.0,2.72,46.66,47.81,20.55,55.69,12.23,44.45,4.67,50.0,9.55,50.0,2.72,49.73,47.04,20.22,34.64,7.61,57.98,6.09,50.0,9.55,50.0,2.72,46.19,45.64,19.61,40.38,8.87,53.51,5.62,50.0,9.55,50.0,2.72,46.38,42.16,18.12,48.03,10.55,52.97,5.57,50.0,9.55,50.0,2.72,46.51
202607251705,2026-07-25,17,5R,realtime,69.99,30.08,46.12,10.13,79.96,8.4,51.53,9.85,50.01,2.72,61.18,47.08,20.23,48.03,10.55,36.31,3.82,67.53,12.91,46.17,2.51,50.02,47.81,20.55,55.69,12.23,48.4,5.09,63.14,12.07,49.05,2.67,52.6,47.04,20.22,34.64,7.61,59.24,6.23,33.53,6.41,47.13,2.57,43.02,45.64,19.61,40.38,8.87,56.72,5.96,31.19,5.96,50.97,2.78,43.18,42.16,18.12,48.03,10.55,49.03,5.15,53.1,10.15,56.81,3.09,47.06
202607251706,2026-07-25,17,6R,daily,73.48,31.58,46.12,10.13,46.79,4.92,50.0,9.55,50.0,2.72,58.9,46.55,20.01,48.03,10.55,55.94,5.88,50.0,9.55,50.0,2.72,48.71,48.08,20.66,51.86,11.39,53.86,5.66,50.0,9.55,50.0,2.72,49.99,47.04,20.22,49.95,10.97,36.15,3.8,50.0,9.55,50.0,2.72,47.26,42.69,18.34,42.29,9.29,34.19,3.59,50.0,9.55,50.0,2.72,43.5,41.89,18.0,42.29,9.29,66.96,7.04,50.0,9.55,50.0,2.72,46.61
202607251706,2026-07-25,17,6R,realtime,73.48,31.58,46.12,10.13,54.33,5.71,46.45,8.88,49.04,2.67,58.96,47.04,20.22,48.03,10.55,43.73,4.6,50.6,9.67,47.05,2.56,47.59,46.55,20.01,51.86,11.39,72.25,7.59,72.24,13.81,43.84,2.39,55.18,48.08,20.66,49.95,10.97,40.38,4.24,38.02,7.27,48.68,2.65,45.79,42.69,18.34,42.29,9.29,44.75,4.7,35.62,6.81,50.71,2.76,41.9,41.89,18.0,42.29,9.29,66.5,6.99,57.07,10.9,60.81,3.31,48.5
202607251707,2026-07-25,17,7R,daily,68.26,29.33,55.69,12.23,38.08,4.0,50.0,9.55,50.0,2.72,57.84,49.0,21.06,46.12,10.13,60.31,6.34,50.0,9.55,50.0,2.72,49.8,49.19,21.14,44.21,9.71,55.85,5.87,50.0,9.55,50.0,2.72,49.0,47.34,20.35,46.12,10.13,50.95,5.36,50.0,9.55,50.0,2.72,48.11,44.31,19.04,38.47,8.45,67.2,7.06,50.0,9.55,50.0,2.72,46.83,41.63,17.89,48.03,10.55,46.24,4.86,50.0,9.55,50.0,2.72,45.58
202607251707,2026-07-25,17,7R,realtime,68.26,29.33,55.69,12.23,49.71,5.23,63.49,12.13,23.1,1.26,60.18,49.0,21.06,46.12,10.13,57.37,6.03,63.25,12.09,62.0,3.38,52.68,49.19,21.14,44.21,9.71,59.09,6.21,46.35,8.86,48.11,2.62,48.54,47.34,20.35,46.12,10.13,45.72,4.81,50.02,9.56,43.96,2.39,47.23,44.31,19.04,38.47,8.45,61.16,6.43,32.27,6.17,66.36,3.61,43.7,41.63,17.89,48.03,10.55,53.6,5.63,44.64,8.53,56.59,3.08,45.68
202607251708,2026-07-25,17,8R,daily,70.26,30.2,46.12,10.13,48.79,5.13,50.0,9.55,50.0,2.72,57.73,47.35,20.35,40.38,8.87,61.24,6.44,50.0,9.55,50.0,2.72,47.93,47.54,20.43,44.21,9.71,35.12,3.69,50.0,9.55,50.0,2.72,46.11,47.31,20.33,48.03,10.55,50.69,5.33,50.0,9.55,50.0,2.72,48.49,45.1,19.38,53.77,11.81,56.25,5.91,50.0,9.55,50.0,2.72,49.38,42.16,18.12,32.73,7.19,40.89,4.3,50.0,9.55,50.0,2.72,41.88
202607251708,2026-07-25,17,8R,realtime,70.26,30.2,46.12,10.13,40.37,4.24,64.66,12.36,23.42,1.28,58.2,47.35,20.35,40.38,8.87,59.3,6.23,41.97,8.02,61.49,3.35,46.82,47.54,20.43,44.21,9.71,39.42,4.14,47.46,9.07,47.91,2.61,45.96,47.31,20.33,48.03,10.55,64.78,6.81,47.55,9.09,43.02,2.34,49.12,45.1,19.38,53.77,11.81,71.17,7.48,61.65,11.78,66.77,3.64,54.09,42.16,18.12,32.73,7.19,51.36,5.4,36.73,7.02,57.52,3.13,40.85
202607251709,2026-07-25,17,9R,daily,70.53,30.31,44.21,9.71,47.65,5.01,50.0,9.55,50.0,2.72,57.31,46.82,20.12,48.03,10.55,51.81,5.45,50.0,9.55,50.0,2.72,48.39,48.08,20.66,49.95,10.97,71.58,7.52,50.0,9.55,50.0,2.72,51.43,47.31,20.33,46.12,10.13,47.35,4.98,50.0,9.55,50.0,2.72,47.71,45.1,19.38,32.73,7.19,67.79,7.12,50.0,9.55,50.0,2.72,45.97,41.89,18.0,51.86,11.39,55.78,5.86,50.0,9.55,50.0,2.72,47.53
202607251710,2026-07-25,17,10R,daily,69.73,29.97,44.21,9.71,47.99,5.04,50.0,9.55,50.0,2.72,57.0,48.96,21.04,48.03,10.55,52.97,5.57,50.0,9.55,50.0,2.72,49.43,49.69,21.35,49.95,10.97,57.07,6.0,50.0,9.55,50.0,2.72,50.6,45.43,19.52,46.12,10.13,54.54,5.73,50.0,9.55,50.0,2.72,47.66,44.03,18.92,48.03,10.55,42.12,4.43,50.0,9.55,50.0,2.72,46.17,41.89,18.0,40.38,8.87,39.53,4.15,50.0,9.55,50.0,2.72,43.3
202607251711,2026-07-25,17,11R,daily,75.89,32.62,49.95,10.97,36.15,3.8,50.0,9.55,50.0,2.72,59.66,46.01,19.77,55.69,12.23,44.45,4.67,50.0,9.55,50.0,2.72,48.95,48.08,20.66,49.95,10.97,46.57,4.89,50.0,9.55,50.0,2.72,48.8,44.63,19.18,63.34,13.91,55.91,5.88,50.0,9.55,50.0,2.72,51.24,43.76,18.81,48.03,10.55,63.68,6.69,50.0,9.55,50.0,2.72,48.33,41.36,17.77,53.77,11.81,54.43,5.72,50.0,9.55,50.0,2.72,47.58
202607251712,2026-07-25,17,12R,daily,77.96,33.5,51.86,11.39,53.86,5.66,50.0,9.55,50.0,2.72,62.83,45.23,19.44,48.03,10.55,60.11,6.32,50.0,9.55,50.0,2.72,48.58,47.58,20.45,55.69,12.23,38.08,4.0,50.0,9.55,50.0,2.72,48.95,45.18,19.42,48.03,10.55,49.04,5.15,50.0,9.55,50.0,2.72,47.4,42.16,18.12,53.77,11.81,58.33,6.13,50.0,9.55,50.0,2.72,48.33,41.63,17.89,48.03,10.55,34.28,3.6,50.0,9.55,50.0,2.72,44.32
202607252001,2026-07-25,20,1R,daily,68.74,26.05,42.37,9.27,31.79,2.49,50.0,10.85,50.0,5.35,54.01,48.74,18.47,42.37,9.27,57.67,4.51,50.0,10.85,50.0,5.35,48.45,47.61,18.04,46.3,10.13,50.38,3.94,50.0,10.85,50.0,5.35,48.31,47.53,18.01,42.37,9.27,48.82,3.82,50.0,10.85,50.0,5.35,47.3,44.96,17.04,42.37,9.27,42.67,3.34,50.0,10.85,50.0,5.35,45.85,42.26,16.01,32.53,7.12,50.73,3.97,50.0,10.85,50.0,5.35,43.3
202607252002,2026-07-25,20,2R,daily,67.18,25.45,44.33,9.7,47.65,3.73,50.0,10.85,50.0,5.35,55.08,47.95,18.17,65.96,14.43,65.84,5.15,50.0,10.85,50.0,5.35,53.96,48.4,18.34,50.23,10.99,35.16,2.75,50.0,10.85,50.0,5.35,48.28,48.58,18.41,42.37,9.27,42.05,3.29,50.0,10.85,50.0,5.35,47.17,44.7,16.94,42.37,9.27,50.21,3.93,50.0,10.85,50.0,5.35,46.34,43.05,16.31,52.2,11.42,61.99,4.85,50.0,10.85,50.0,5.35,48.78
202607252003,2026-07-25,20,3R,daily,62.99,23.87,44.33,9.7,43.4,3.39,50.0,10.85,50.0,5.35,53.16,50.83,19.26,50.23,10.99,51.29,4.01,50.0,10.85,50.0,5.35,50.47,50.23,19.03,42.37,9.27,39.22,3.07,50.0,10.85,50.0,5.35,47.57,48.32,18.31,54.17,11.85,55.2,4.32,50.0,10.85,50.0,5.35,50.68,44.7,16.94,44.33,9.7,51.19,4.0,50.0,10.85,50.0,5.35,46.85,42.79,16.21,48.27,10.56,43.99,3.44,50.0,10.85,50.0,5.35,46.42
202607252004,2026-07-25,20,4R,daily,66.79,25.3,44.33,9.7,56.97,4.46,50.0,10.85,50.0,5.35,55.67,49.04,18.58,46.3,10.13,42.4,3.32,50.0,10.85,50.0,5.35,48.23,48.7,18.45,64.0,14.0,49.7,3.89,50.0,10.85,50.0,5.35,52.55,48.61,18.42,42.37,9.27,51.76,4.05,50.0,10.85,50.0,5.35,47.94,44.19,16.74,48.27,10.56,47.93,3.75,50.0,10.85,50.0,5.35,47.26,42.53,16.11,44.33,9.7,52.19,4.08,50.0,10.85,50.0,5.35,46.1
202607252005,2026-07-25,20,5R,daily,77.91,29.52,62.03,13.57,45.06,3.52,50.0,10.85,50.0,5.35,62.82,49.0,18.56,46.3,10.13,58.25,4.56,50.0,10.85,50.0,5.35,49.46,43.95,16.65,42.37,9.27,48.82,3.82,50.0,10.85,50.0,5.35,45.94,44.65,16.92,56.13,12.28,32.47,2.54,50.0,10.85,50.0,5.35,47.94,42.34,16.04,44.33,9.7,42.94,3.36,50.0,10.85,50.0,5.35,45.31,42.0,15.91,34.5,7.55,45.25,3.54,50.0,10.85,50.0,5.35,43.21
202607252006,2026-07-25,20,6R,daily,67.45,25.55,46.3,10.13,67.86,5.31,50.0,10.85,50.0,5.35,57.2,48.28,18.29,46.3,10.13,61.3,4.79,50.0,10.85,50.0,5.35,49.42,48.73,18.46,42.37,9.27,42.05,3.29,50.0,10.85,50.0,5.35,47.23,46.8,17.73,56.13,12.28,36.56,2.86,50.0,10.85,50.0,5.35,49.08,44.74,16.95,42.37,9.27,31.79,2.49,50.0,10.85,50.0,5.35,44.91,43.86,16.62,48.27,10.56,53.28,4.17,50.0,10.85,50.0,5.35,47.55
202607252007,2026-07-25,20,7R,daily,72.21,27.36,69.9,15.3,50.25,3.93,50.0,10.85,50.0,5.35,62.79,48.02,18.19,44.33,9.7,51.19,4.0,50.0,10.85,50.0,5.35,48.1,45.82,17.36,40.4,8.84,53.03,4.15,50.0,10.85,50.0,5.35,46.55,47.06,17.83,50.23,10.99,35.16,2.75,50.0,10.85,50.0,5.35,47.78,44.2,16.75,34.5,7.55,68.12,5.33,50.0,10.85,50.0,5.35,45.83,42.53,16.11,48.27,10.56,42.63,3.33,50.0,10.85,50.0,5.35,46.21
202607252008,2026-07-25,20,8R,daily,74.59,28.26,50.23,10.99,51.29,4.01,50.0,10.85,50.0,5.35,59.47,49.6,18.79,58.1,12.71,26.45,2.07,50.0,10.85,50.0,5.35,49.78,45.82,17.36,50.23,10.99,45.8,3.58,50.0,10.85,50.0,5.35,48.14,44.95,17.03,42.37,9.27,57.67,4.51,50.0,10.85,50.0,5.35,47.02,42.62,16.15,44.33,9.7,47.65,3.73,50.0,10.85,50.0,5.35,45.78,42.27,16.01,44.33,9.7,67.24,5.26,50.0,10.85,50.0,5.35,47.18
202607252009,2026-07-25,20,9R,daily,73.44,27.83,46.3,10.13,57.18,4.47,50.0,10.85,50.0,5.35,58.63,47.26,17.9,48.27,10.56,43.99,3.44,50.0,10.85,50.0,5.35,48.11,45.58,17.27,42.37,9.27,51.76,4.05,50.0,10.85,50.0,5.35,46.79,46.03,17.44,44.33,9.7,44.86,3.51,50.0,10.85,50.0,5.35,46.85,44.22,16.75,42.37,9.27,39.22,3.07,50.0,10.85,50.0,5.35,45.3,43.33,16.42,54.17,11.85,43.16,3.38,50.0,10.85,50.0,5.35,47.85
202607252010,2026-07-25,20,10R,daily,73.71,27.93,56.13,12.28,32.47,2.54,50.0,10.85,50.0,5.35,58.95,48.32,18.31,48.27,10.56,47.93,3.75,50.0,10.85,50.0,5.35,48.82,46.11,17.47,48.27,10.56,53.28,4.17,50.0,10.85,50.0,5.35,48.4,46.03,17.44,42.37,9.27,50.21,3.93,50.0,10.85,50.0,5.35,46.84,43.42,16.45,44.33,9.7,43.4,3.39,50.0,10.85,50.0,5.35,45.75,42.27,16.02,46.3,10.13,50.38,3.94,50.0,10.85,50.0,5.35,46.29
202607252011,2026-07-25,20,11R,daily,77.96,29.54,54.17,11.85,55.2,4.32,50.0,10.85,50.0,5.35,61.91,45.92,17.4,42.37,9.27,42.67,3.34,50.0,10.85,50.0,5.35,46.21,45.58,17.27,52.2,11.42,61.99,4.85,50.0,10.85,50.0,5.35,49.74,44.7,16.93,40.4,8.84,53.03,4.15,50.0,10.85,50.0,5.35,46.13,43.69,16.55,46.3,10.13,58.25,4.56,50.0,10.85,50.0,5.35,47.44,42.0,15.92,46.3,10.13,42.4,3.32,50.0,10.85,50.0,5.35,45.57
202607252012,2026-07-25,20,12R,daily,73.52,27.86,64.0,14.0,49.7,3.89,50.0,10.85,50.0,5.35,61.95,46.03,17.44,69.9,15.3,50.25,3.93,50.0,10.85,50.0,5.35,52.87,47.39,17.96,62.03,13.57,45.06,3.52,50.0,10.85,50.0,5.35,51.26,47.01,17.81,65.96,14.43,65.84,5.15,50.0,10.85,50.0,5.35,53.6,43.28,16.4,56.13,12.28,36.56,2.86,50.0,10.85,50.0,5.35,47.75,42.61,16.14,58.1,12.71,26.45,2.07,50.0,10.85,50.0,5.35,47.13
202607252101,2026-07-25,21,1R,daily,75.48,32.18,50.05,8.17,57.66,6.13,50.0,11.24,50.0,3.97,61.68,45.97,19.6,40.29,6.58,44.73,4.75,50.0,11.24,50.0,3.97,46.14,44.75,19.07,45.17,7.38,50.83,5.4,50.0,11.24,50.0,3.97,47.06,46.14,19.67,45.17,7.38,61.79,6.57,50.0,11.24,50.0,3.97,48.82,45.07,19.21,35.41,5.78,36.62,3.89,50.0,11.24,50.0,3.97,44.09,42.58,18.15,45.17,7.38,59.1,6.28,50.0,11.24,50.0,3.97,47.01
202607252101,2026-07-25,21,1R,realtime,75.48,32.18,50.05,8.17,60.16,6.4,70.37,15.82,48.09,3.82,66.38,45.97,19.6,40.29,6.58,48.59,5.17,58.57,13.17,51.17,4.06,48.57,44.75,19.07,45.17,7.38,49.47,5.26,44.84,10.08,47.41,3.76,45.55,46.14,19.67,45.17,7.38,65.57,6.97,49.73,11.18,51.98,4.13,49.32,45.07,19.21,35.41,5.78,39.62,4.21,46.18,10.38,50.19,3.98,43.57,42.58,18.15,45.17,7.38,69.99,7.44,30.38,6.83,51.26,4.07,43.86
202607252102,2026-07-25,21,2R,daily,71.62,30.53,48.42,7.91,52.56,5.59,50.0,11.24,50.0,3.97,59.23,45.9,19.57,43.54,7.11,40.55,4.31,50.0,11.24,50.0,3.97,46.19,45.73,19.49,37.04,6.05,57.02,6.06,50.0,11.24,50.0,3.97,46.81,48.9,20.84,63.06,10.3,47.51,5.05,50.0,11.24,50.0,3.97,51.4,45.01,19.19,45.17,7.38,45.16,4.8,50.0,11.24,50.0,3.97,46.57,42.82,18.25,43.54,7.11,55.85,5.94,50.0,11.24,50.0,3.97,46.51
202607252102,2026-07-25,21,2R,realtime,71.62,30.53,48.42,7.91,58.44,6.21,72.37,16.27,45.4,3.6,64.52,45.9,19.57,43.54,7.11,40.69,4.33,44.68,10.04,54.97,4.36,45.41,42.82,18.25,37.04,6.05,47.47,5.05,55.44,12.46,54.85,4.35,46.16,45.73,19.49,63.06,10.3,55.97,5.95,46.29,10.4,49.28,3.91,50.05,48.9,20.84,45.17,7.38,50.7,5.39,46.83,10.53,48.19,3.82,47.96,45.01,19.19,43.54,7.11,67.98,7.23,34.42,7.74,47.43,3.76,45.02
202607252103,2026-07-25,21,3R,daily,72.65,30.97,48.42,7.91,55.26,5.87,50.0,11.24,50.0,3.97,59.95,44.37,18.91,41.92,6.84,56.35,5.99,50.0,11.24,50.0,3.97,46.95,48.28,20.58,48.42,7.91,51.77,5.5,50.0,11.24,50.0,3.97,49.2,46.34,19.75,41.92,6.84,49.95,5.31,50.0,11.24,50.0,3.97,47.11,45.78,19.52,53.3,8.7,39.66,4.22,50.0,11.24,50.0,3.97,47.64,42.56,18.14,48.42,7.91,45.08,4.79,50.0,11.24,50.0,3.97,46.05
202607252103,2026-07-25,21,3R,realtime,72.65,30.97,48.42,7.91,50.92,5.41,68.37,15.37,47.74,3.79,63.44,44.37,18.91,41.92,6.84,60.24,6.4,63.88,14.36,52.4,4.16,50.68,48.28,20.58,48.42,7.91,58.11,6.18,49.66,11.16,49.49,3.93,49.76,46.34,19.75,41.92,6.84,41.03,4.36,37.43,8.41,49.32,3.91,43.29,45.78,19.52,53.3,8.7,35.98,3.82,38.85,8.73,48.83,3.88,44.65,42.56,18.14,48.42,7.91,56.24,5.98,41.84,9.4,52.35,4.15,45.59
202607252104,2026-07-25,21,4R,daily,74.19,31.62,56.56,9.23,54.66,5.81,50.0,11.24,50.0,3.97,61.88,44.88,19.13,40.29,6.58,24.78,2.63,50.0,11.24,50.0,3.97,43.55,47.01,20.04,46.8,7.64,52.06,5.53,50.0,11.24,50.0,3.97,48.42,46.08,19.64,45.17,7.38,65.4,6.95,50.0,11.24,50.0,3.97,49.18,45.01,19.19,54.93,8.97,50.72,5.39,50.0,11.24,50.0,3.97,48.75,42.82,18.25,48.42,7.91,52.62,5.59,50.0,11.24,50.0,3.97,46.96
202607252104,2026-07-25,21,4R,realtime,74.19,31.62,56.56,9.23,59.22,6.3,61.25,13.77,45.25,3.59,64.51,44.88,19.13,40.29,6.58,24.92,2.65,36.94,8.3,55.49,4.4,41.07,47.01,20.04,46.8,7.64,41.2,4.38,33.32,7.49,50.16,3.98,43.53,46.08,19.64,45.17,7.38,54.15,5.76,55.13,12.39,47.06,3.73,48.9,45.01,19.19,54.93,8.97,46.52,4.94,55.65,12.51,46.86,3.72,49.33,42.82,18.25,48.42,7.91,49.61,5.27,57.74,12.98,55.3,4.39,48.8
202607252105,2026-07-25,21,5R,daily,74.44,31.73,48.42,7.91,44.01,4.68,50.0,11.24,50.0,3.97,59.52,45.39,19.35,45.17,7.38,39.66,4.22,50.0,11.24,50.0,3.97,46.15,45.98,19.6,45.17,7.38,54.92,5.84,50.0,11.24,50.0,3.97,48.02,44.79,19.1,46.8,7.64,63.25,6.72,50.0,11.24,50.0,3.97,48.67,46.04,19.63,50.05,8.17,59.4,6.31,50.0,11.24,50.0,3.97,49.32,43.33,18.47,43.54,7.11,36.0,3.83,50.0,11.24,50.0,3.97,44.62
202607252105,2026-07-25,21,5R,realtime,74.44,31.73,48.42,7.91,44.39,4.72,59.15,13.29,42.84,3.4,61.05,45.39,19.35,45.17,7.38,42.33,4.5,47.32,10.64,45.71,3.63,45.49,45.98,19.6,45.17,7.38,52.05,5.53,50.08,11.26,51.62,4.1,47.86,44.79,19.1,46.8,7.64,62.9,6.69,63.39,14.25,49.55,3.93,51.6,46.04,19.63,50.05,8.17,66.24,7.04,53.98,12.13,55.62,4.41,51.39,43.33,18.47,43.54,7.11,31.07,3.3,26.14,5.88,54.78,4.35,39.11
202607252106,2026-07-25,21,6R,daily,63.42,27.03,45.17,7.38,65.7,6.98,50.0,11.24,50.0,3.97,56.6,49.49,21.1,48.42,7.91,34.46,3.66,50.0,11.24,50.0,3.97,47.87,50.08,21.35,46.8,7.64,65.11,6.92,50.0,11.24,50.0,3.97,51.12,47.1,20.08,35.41,5.78,36.62,3.89,50.0,11.24,50.0,3.97,44.96,46.3,19.74,37.04,6.05,54.74,5.82,50.0,11.24,50.0,3.97,46.81,43.59,18.58,58.18,9.5,41.82,4.45,50.0,11.24,50.0,3.97,47.73
202607252106,2026-07-25,21,6R,realtime,63.42,27.03,45.17,7.38,71.65,7.62,65.05,14.62,42.78,3.4,60.04,50.08,21.35,48.42,7.91,32.55,3.46,53.63,12.05,51.95,4.12,48.89,47.1,20.08,46.8,7.64,55.72,5.92,61.53,13.83,49.13,3.9,51.37,46.3,19.74,35.41,5.78,39.62,4.21,39.81,8.95,55.41,4.4,43.07,43.59,18.58,37.04,6.05,44.39,4.72,45.3,10.18,54.95,4.36,43.89,49.49,21.1,58.18,9.5,47.53,5.05,34.74,7.81,45.91,3.64,47.1
202607252107,2026-07-25,21,7R,daily,70.34,29.98,45.17,7.38,45.16,4.8,50.0,11.24,50.0,3.97,57.37,47.7,20.33,45.17,7.38,29.28,3.11,50.0,11.24,50.0,3.97,46.03,45.47,19.38,40.29,6.58,44.73,4.75,50.0,11.24,50.0,3.97,45.92,47.87,20.41,43.54,7.11,57.46,6.11,50.0,11.24,50.0,3.97,48.83,46.04,19.63,41.92,6.84,50.51,5.37,50.0,11.24,50.0,3.97,47.05,42.56,18.14,37.04,6.05,45.79,4.87,50.0,11.24,50.0,3.97,44.26
202607252107,2026-07-25,21,7R,realtime,70.34,29.98,45.17,7.38,50.7,5.39,61.32,13.78,42.8,3.4,59.93,47.7,20.33,45.17,7.38,29.2,3.1,42.0,9.44,45.84,3.64,43.89,45.47,19.38,40.29,6.58,48.59,5.17,57.67,12.96,51.84,4.11,48.2,47.87,20.41,43.54,7.11,47.81,5.08,50.26,11.3,49.27,3.91,47.81,46.04,19.63,41.92,6.84,47.32,5.03,55.91,12.57,55.48,4.4,48.47,42.56,18.14,37.04,6.05,40.04,4.26,32.88,7.39,54.89,4.36,40.19
202607252108,2026-07-25,21,8R,daily,66.62,28.4,41.92,6.84,49.95,5.31,50.0,11.24,50.0,3.97,55.76,51.6,21.99,48.42,7.91,52.62,5.59,50.0,11.24,50.0,3.97,50.7,48.06,20.49,45.17,7.38,61.79,6.57,50.0,11.24,50.0,3.97,49.64,46.62,19.87,41.92,6.84,58.72,6.24,50.0,11.24,50.0,3.97,48.16,44.78,19.09,37.04,6.05,57.02,6.06,50.0,11.24,50.0,3.97,46.4,42.31,18.04,45.17,7.38,64.13,6.82,50.0,11.24,50.0,3.97,47.44
202607252108,2026-07-25,21,8R,realtime,66.62,28.4,41.92,6.84,41.03,4.36,34.31,7.71,42.82,3.4,50.71,51.6,21.99,48.42,7.91,49.61,5.27,64.13,14.42,45.78,3.63,53.22,48.06,20.49,45.17,7.38,65.57,6.97,44.67,10.04,51.73,4.11,48.98,42.31,18.04,41.92,6.84,55.16,5.86,50.5,11.35,54.83,4.35,46.45,44.78,19.09,37.04,6.05,47.47,5.05,54.54,12.26,55.55,4.41,46.85,46.62,19.87,45.17,7.38,57.75,6.14,51.89,11.66,49.41,3.92,48.97
202607252109,2026-07-25,21,9R,daily,73.06,31.15,46.8,7.64,52.06,5.53,50.0,11.24,50.0,3.97,59.53,46.96,20.02,48.42,7.91,55.26,5.87,50.0,11.24,50.0,3.97,49.0,46.26,19.72,43.54,7.11,41.78,4.44,50.0,11.24,50.0,3.97,46.48,45.58,19.43,43.54,7.11,40.55,4.31,50.0,11.24,50.0,3.97,46.06,45.55,19.42,45.17,7.38,54.92,5.84,50.0,11.24,50.0,3.97,47.84,42.57,18.14,48.42,7.91,67.66,7.19,50.0,11.24,50.0,3.97,48.45
202607252109,2026-07-25,21,9R,realtime,73.06,31.15,46.8,7.64,41.2,4.38,46.39,10.43,39.04,3.1,56.69,46.96,20.02,48.42,7.91,50.92,5.41,64.17,14.42,44.27,3.51,51.27,46.26,19.72,43.54,7.11,44.2,4.7,37.69,8.47,53.62,4.26,44.25,45.58,19.43,43.54,7.11,40.69,4.33,43.29,9.73,47.77,3.79,44.39,45.55,19.42,45.17,7.38,52.05,5.53,57.47,12.92,57.63,4.57,49.82,42.57,18.14,48.42,7.91,58.33,6.2,51.02,11.47,57.78,4.59,48.31
202607252110,2026-07-25,21,10R,daily,71.52,30.49,46.8,7.64,63.25,6.72,50.0,11.24,50.0,3.97,60.06,46.96,20.02,45.17,7.38,50.83,5.4,50.0,11.24,50.0,3.97,48.0,47.29,20.16,48.42,7.91,45.08,4.79,50.0,11.24,50.0,3.97,48.06,45.84,19.54,46.8,7.64,65.11,6.92,50.0,11.24,50.0,3.97,49.31,45.29,19.3,48.42,7.91,52.56,5.59,50.0,11.24,50.0,3.97,48.01,43.08,18.36,54.93,8.97,53.37,5.67,50.0,11.24,50.0,3.97,48.21
202607252110,2026-07-25,21,10R,realtime,71.52,30.49,46.8,7.64,62.9,6.69,67.93,15.27,35.49,2.82,62.9,46.96,20.02,45.17,7.38,49.47,5.26,45.76,10.28,41.99,3.33,46.27,47.29,20.16,48.42,7.91,56.24,5.98,34.0,7.64,54.2,4.3,45.99,45.84,19.54,46.8,7.64,55.72,5.92,51.01,11.47,47.82,3.79,48.37,45.29,19.3,48.42,7.91,58.44,6.21,45.94,10.33,60.58,4.81,48.56,43.08,18.36,54.93,8.97,55.26,5.87,55.42,12.46,60.04,4.77,50.43
202607252111,2026-07-25,21,11R,daily,72.81,31.04,48.42,7.91,51.77,5.5,50.0,11.24,50.0,3.97,59.65,45.67,19.47,43.54,7.11,36.0,3.83,50.0,11.24,50.0,3.97,45.61,48.32,20.6,43.54,7.11,55.85,5.94,50.0,11.24,50.0,3.97,48.85,46.36,19.76,56.56,9.23,54.66,5.81,50.0,11.24,50.0,3.97,50.01,44.26,18.87,50.05,8.17,57.66,6.13,50.0,11.24,50.0,3.97,48.37,42.57,18.14,48.42,7.91,34.46,3.66,50.0,11.24,50.0,3.97,44.92
202607252111,2026-07-25,21,11R,realtime,72.81,31.04,48.42,7.91,58.11,6.18,61.47,13.82,35.49,2.82,61.75,45.67,19.47,43.54,7.11,31.07,3.3,38.24,8.59,41.99,3.33,41.81,48.32,20.6,43.54,7.11,67.98,7.23,46.26,10.4,54.2,4.3,49.63,46.36,19.76,56.56,9.23,59.22,6.3,59.78,13.44,47.82,3.79,52.52,44.26,18.87,50.05,8.17,60.16,6.4,61.44,13.81,60.58,4.81,52.05,42.57,18.14,48.42,7.91,32.55,3.46,32.86,7.39,60.04,4.77,41.66
202607252112,2026-07-25,21,12R,daily,73.93,31.51,63.06,10.3,47.51,5.05,50.0,11.24,50.0,3.97,62.07,46.16,19.68,54.93,8.97,50.72,5.39,50.0,11.24,50.0,3.97,49.24,47.26,20.15,41.92,6.84,50.51,5.37,50.0,11.24,50.0,3.97,47.57,45.56,19.42,45.17,7.38,65.7,6.98,50.0,11.24,50.0,3.97,48.99,44.5,18.97,45.17,7.38,64.13,6.82,50.0,11.24,50.0,3.97,48.37,42.56,18.14,50.05,8.17,59.4,6.31,50.0,11.24,50.0,3.97,47.84
202607252112,2026-07-25,21,12R,realtime,73.93,31.51,63.06,10.3,55.97,5.95,59.75,13.43,35.47,2.82,64.01,46.16,19.68,54.93,8.97,46.52,4.94,55.29,12.43,42.05,3.34,49.36,47.26,20.15,41.92,6.84,47.32,5.03,42.07,9.46,54.31,4.31,45.79,45.56,19.42,45.17,7.38,71.65,7.62,45.43,10.21,47.67,3.78,48.41,44.5,18.97,45.17,7.38,57.75,6.14,51.02,11.47,60.5,4.8,48.75,42.56,18.14,50.05,8.17,66.24,7.04,46.5,10.45,60.1,4.77,48.58
202607252301,2026-07-25,23,1R,daily,80.84,34.38,54.52,12.66,47.58,4.2,50.0,8.37,50.0,4.34,63.95,44.53,18.94,44.38,10.31,62.02,5.47,50.0,8.37,50.0,4.34,47.43,45.69,19.43,42.35,9.84,38.6,3.41,50.0,8.37,50.0,4.34,45.38,43.52,18.51,42.35,9.84,53.18,4.69,50.0,8.37,50.0,4.34,45.74,43.7,18.59,46.4,10.78,42.68,3.77,50.0,8.37,50.0,4.34,45.84,41.57,17.68,42.35,9.84,57.36,5.06,50.0,8.37,50.0,4.34,45.29
202607252301,2026-07-25,23,1R,realtime,80.84,34.38,54.52,12.66,33.45,2.95,62.42,10.45,45.28,3.93,64.38,44.53,18.94,44.38,10.31,70.05,6.18,52.96,8.87,56.37,4.89,49.18,45.69,19.43,42.35,9.84,34.68,3.06,61.98,10.38,54.16,4.7,47.4,43.52,18.51,42.35,9.84,47.45,4.19,39.92,6.68,47.58,4.13,43.34,43.7,18.59,46.4,10.78,45.57,4.02,36.3,6.08,49.23,4.27,43.73,41.57,17.68,42.35,9.84,55.06,4.86,46.47,7.78,47.47,4.12,44.27
202607252302,2026-07-25,23,2R,daily,74.31,31.61,46.4,10.78,56.93,5.02,50.0,8.37,50.0,4.34,60.12,48.27,20.53,82.93,19.26,57.02,5.03,50.0,8.37,50.0,4.34,57.53,45.34,19.29,36.26,8.42,30.72,2.71,50.0,8.37,50.0,4.34,43.13,45.23,19.24,42.35,9.84,58.79,5.19,50.0,8.37,50.0,4.34,46.97,45.13,19.19,48.43,11.25,48.07,4.24,50.0,8.37,50.0,4.34,47.39,41.56,17.68,32.2,7.48,45.74,4.04,50.0,8.37,50.0,4.34,41.9
202607252302,2026-07-25,23,2R,realtime,74.31,31.61,46.4,10.78,58.58,5.17,33.07,5.54,44.43,3.85,56.94,48.27,20.53,82.93,19.26,49.18,4.34,50.53,8.46,52.71,4.57,57.16,45.34,19.29,36.26,8.42,42.48,3.75,49.75,8.33,50.16,4.35,44.14,45.23,19.24,42.35,9.84,47.11,4.16,46.08,7.72,50.38,4.37,45.31,45.13,19.19,48.43,11.25,45.29,4.0,73.52,12.31,50.86,4.41,51.16,41.56,17.68,32.2,7.48,44.77,3.95,47.09,7.88,51.56,4.47,41.46
202607252303,2026-07-25,23,3R,daily,71.99,30.62,50.46,11.72,31.6,2.79,50.0,8.37,50.0,4.34,57.84,45.36,19.29,44.38,10.31,53.87,4.75,50.0,8.37,50.0,4.34,47.06,49.41,21.02,46.4,10.78,56.18,4.96,50.0,8.37,50.0,4.34,49.46,47.55,20.22,38.29,8.89,27.88,2.46,50.0,8.37,50.0,4.34,44.29,43.39,18.45,58.58,13.61,55.52,4.9,50.0,8.37,50.0,4.34,49.67,42.14,17.93,34.23,7.95,41.32,3.65,50.0,8.37,50.0,4.34,42.23
202607252303,2026-07-25,23,3R,realtime,71.99,30.62,50.46,11.72,32.21,2.84,61.78,10.34,44.59,3.87,59.39,45.36,19.29,44.38,10.31,54.45,4.8,43.35,7.26,50.92,4.42,46.08,49.41,21.02,46.4,10.78,59.4,5.24,38.34,6.42,48.96,4.25,47.7,47.55,20.22,38.29,8.89,31.79,2.8,39.06,6.54,51.55,4.47,42.93,43.39,18.45,58.58,13.61,60.9,5.37,65.46,10.96,51.06,4.43,52.82,42.14,17.93,34.23,7.95,34.3,3.03,52.07,8.72,53.03,4.6,42.22
202607252304,2026-07-25,23,4R,daily,65.74,27.96,44.38,10.31,58.06,5.12,50.0,8.37,50.0,4.34,56.1,50.35,21.41,44.38,10.31,58.87,5.19,50.0,8.37,50.0,4.34,49.62,48.29,20.54,44.38,10.31,37.08,3.27,50.0,8.37,50.0,4.34,46.82,47.59,20.24,46.4,10.78,63.33,5.59,50.0,8.37,50.0,4.34,49.31,44.85,19.08,42.35,9.84,63.34,5.59,50.0,8.37,50.0,4.34,47.21,43.02,18.3,72.78,16.91,43.81,3.86,50.0,8.37,50.0,4.34,51.78
202607252304,2026-07-25,23,4R,realtime,65.74,27.96,44.38,10.31,60.63,5.35,50.99,8.54,44.59,3.87,56.02,50.35,21.41,44.38,10.31,59.75,5.27,59.74,10.0,50.92,4.42,51.41,48.29,20.54,44.38,10.31,44.79,3.95,48.96,8.2,48.96,4.25,47.24,47.59,20.24,46.4,10.78,65.91,5.81,57.55,9.64,51.55,4.47,50.94,43.02,18.3,42.35,9.84,60.27,5.32,35.62,5.96,53.03,4.6,44.01,44.85,19.08,72.78,16.91,44.64,3.94,47.19,7.9,51.06,4.43,52.25
202607252305,2026-07-25,23,5R,daily,74.89,31.85,68.72,15.96,54.54,4.81,50.0,8.37,50.0,4.34,65.34,47.11,20.04,46.4,10.78,45.4,4.01,50.0,8.37,50.0,4.34,47.53,45.34,19.29,48.43,11.25,71.38,6.3,50.0,8.37,50.0,4.34,49.54,46.1,19.61,46.4,10.78,44.0,3.88,50.0,8.37,50.0,4.34,46.98,44.54,18.95,46.4,10.78,49.42,4.36,50.0,8.37,50.0,4.34,46.79,41.85,17.8,54.52,12.66,56.08,4.95,50.0,8.37,50.0,4.34,48.12
202607252305,2026-07-25,23,5R,realtime,74.89,31.85,68.72,15.96,50.81,4.48,59.33,9.94,39.0,3.38,65.62,47.11,20.04,46.4,10.78,53.17,4.69,61.93,10.37,53.62,4.65,50.53,45.34,19.29,48.43,11.25,71.76,6.33,44.42,7.44,49.1,4.26,48.56,46.1,19.61,46.4,10.78,38.17,3.37,50.41,8.44,51.91,4.5,46.7,44.54,18.95,46.4,10.78,50.24,4.43,29.46,4.93,51.9,4.5,43.59,41.85,17.8,54.52,12.66,51.19,4.52,54.49,9.12,54.57,4.73,48.84
202607252306,2026-07-25,23,6R,daily,66.48,28.27,40.32,9.37,56.8,5.01,50.0,8.37,50.0,4.34,55.36,50.3,21.39,44.38,10.31,38.94,3.44,50.0,8.37,50.0,4.34,47.84,48.83,20.77,42.35,9.84,53.18,4.69,50.0,8.37,50.0,4.34,48.0,46.1,19.61,50.46,11.72,60.88,5.37,50.0,8.37,50.0,4.34,49.41,45.99,19.56,44.38,10.31,62.02,5.47,50.0,8.37,50.0,4.34,48.05,42.14,17.93,48.43,11.25,55.72,4.92,50.0,8.37,50.0,4.34,46.8
202607252306,2026-07-25,23,6R,realtime,66.48,28.27,40.32,9.37,64.76,5.71,58.2,9.75,44.59,3.87,56.97,50.3,21.39,44.38,10.31,37.31,3.29,40.65,6.81,50.92,4.42,46.21,48.83,20.77,42.35,9.84,47.45,4.19,47.92,8.02,48.96,4.25,47.06,46.1,19.61,50.46,11.72,52.85,4.66,58.04,9.72,51.55,4.47,50.18,45.99,19.56,44.38,10.31,70.05,6.18,50.67,8.48,51.06,4.43,48.96,42.14,17.93,48.43,11.25,54.74,4.83,44.56,7.46,53.03,4.6,46.06
202607252307,2026-07-25,23,7R,daily,63.99,27.22,44.38,10.31,49.53,4.37,50.0,8.37,50.0,4.34,54.6,50.93,21.66,46.4,10.78,46.58,4.11,50.0,8.37,50.0,4.34,49.26,49.16,20.91,44.38,10.31,43.84,3.87,50.0,8.37,50.0,4.34,47.79,47.3,20.12,46.4,10.78,60.29,5.32,50.0,8.37,50.0,4.34,48.92,45.44,19.33,32.2,7.48,45.74,4.04,50.0,8.37,50.0,4.34,43.55,43.02,18.3,60.61,14.08,50.77,4.48,50.0,8.37,50.0,4.34,49.56
202607252307,2026-07-25,23,7R,realtime,63.99,27.22,44.38,10.31,55.18,4.87,58.36,9.77,33.89,2.94,55.1,49.16,20.91,46.4,10.78,49.32,4.35,50.16,8.4,45.63,3.96,48.4,47.3,20.12,44.38,10.31,40.91,3.61,52.23,8.75,55.79,4.84,47.62,45.44,19.33,46.4,10.78,53.43,4.71,65.02,10.89,53.37,4.63,50.33,43.02,18.3,32.2,7.48,44.77,3.95,38.29,6.41,60.51,5.25,41.39,50.93,21.66,60.61,14.08,47.36,4.18,36.01,6.03,50.93,4.42,50.36
202607252308,2026-07-25,23,8R,daily,66.91,28.46,36.26,8.42,30.72,2.71,50.0,8.37,50.0,4.34,52.3,50.93,21.66,42.35,9.84,45.09,3.98,50.0,8.37,50.0,4.34,48.19,48.58,20.66,46.4,10.78,42.68,3.77,50.0,8.37,50.0,4.34,47.91,46.71,19.87,48.43,11.25,43.41,3.83,50.0,8.37,50.0,4.34,47.66,44.56,18.95,50.46,11.72,58.25,5.14,50.0,8.37,50.0,4.34,48.52,42.15,17.93,30.17,7.01,56.44,4.98,50.0,8.37,50.0,4.34,42.62
202607252308,2026-07-25,23,8R,realtime,66.91,28.46,36.26,8.42,42.48,3.75,61.92,10.37,28.46,2.47,53.46,50.93,21.66,42.35,9.84,41.71,3.68,59.37,9.94,51.83,4.49,49.61,48.58,20.66,46.4,10.78,45.57,4.02,39.84,6.67,44.57,3.86,46.0,46.71,19.87,48.43,11.25,38.56,3.4,34.52,5.78,57.32,4.97,45.27,44.56,18.95,50.46,11.72,56.62,4.99,51.85,8.68,54.41,4.72,49.07,42.15,17.93,30.17,7.01,50.43,4.45,52.55,8.8,63.52,5.51,43.69
202607252309,2026-07-25,23,9R,daily,66.91,28.46,48.43,11.25,46.73,4.12,50.0,8.37,50.0,4.34,56.54,50.93,21.66,38.29,8.89,27.88,2.46,50.0,8.37,50.0,4.34,45.72,50.33,21.41,44.38,10.31,53.87,4.75,50.0,8.37,50.0,4.34,49.17,44.96,19.12,54.52,12.66,47.58,4.2,50.0,8.37,50.0,4.34,48.69,44.27,18.83,42.35,9.84,58.79,5.19,50.0,8.37,50.0,4.34,46.56,42.44,18.05,48.43,11.25,62.23,5.49,50.0,8.37,50.0,4.34,47.5
202607252309,2026-07-25,23,9R,realtime,66.91,28.46,48.43,11.25,50.3,4.44,58.71,9.83,28.3,2.45,56.43,50.93,21.66,38.29,8.89,31.79,2.8,49.05,8.21,53.62,4.65,46.22,50.33,21.41,44.38,10.31,54.45,4.8,33.44,5.6,45.77,3.97,46.09,44.96,19.12,54.52,12.66,33.45,2.95,39.28,6.58,56.15,4.87,46.18,42.44,18.05,42.35,9.84,47.11,4.16,39.94,6.69,62.05,5.38,44.11,44.27,18.83,48.43,11.25,59.71,5.27,79.63,13.33,54.2,4.7,53.38
202607252310,2026-07-25,23,10R,daily,70.41,29.95,48.43,11.25,55.72,4.92,50.0,8.37,50.0,4.34,58.82,50.64,21.54,46.4,10.78,56.93,5.02,50.0,8.37,50.0,4.34,50.05,45.95,19.54,68.72,15.96,54.54,4.81,50.0,8.37,50.0,4.34,53.03,46.42,19.74,46.4,10.78,56.18,4.96,50.0,8.37,50.0,4.34,48.19,44.27,18.83,44.38,10.31,58.87,5.19,50.0,8.37,50.0,4.34,47.04,42.15,17.93,50.46,11.72,31.6,2.79,50.0,8.37,50.0,4.34,45.14
202607252310,2026-07-25,23,10R,realtime,70.41,29.95,48.43,11.25,54.74,4.83,53.08,8.89,28.3,2.45,57.37,50.64,21.54,46.4,10.78,58.58,5.17,41.83,7.0,53.62,4.65,49.14,45.95,19.54,68.72,15.96,50.81,4.48,68.76,11.51,45.77,3.97,55.47,46.42,19.74,46.4,10.78,59.4,5.24,35.03,5.87,56.15,4.87,46.5,44.27,18.83,44.38,10.31,59.75,5.27,53.08,8.89,54.2,4.7,48.0,42.15,17.93,50.46,11.72,32.21,2.84,48.25,8.08,62.05,5.38,45.95
202607252311,2026-07-25,23,11R,daily,74.2,31.56,72.78,16.91,43.81,3.86,50.0,8.37,50.0,4.34,65.04,47.72,20.3,54.52,12.66,56.08,4.95,50.0,8.37,50.0,4.34,50.62,45.66,19.42,82.93,19.26,57.02,5.03,50.0,8.37,50.0,4.34,56.42,44.96,19.12,46.4,10.78,49.42,4.36,50.0,8.37,50.0,4.34,46.97,45.15,19.2,46.4,10.78,63.33,5.59,50.0,8.37,50.0,4.34,48.28,42.15,17.93,44.38,10.31,49.53,4.37,50.0,8.37,50.0,4.34,45.31
202607252311,2026-07-25,23,11R,realtime,74.2,31.56,72.78,16.91,44.64,3.94,49.28,8.25,28.3,2.45,63.11,47.72,20.3,54.52,12.66,51.19,4.52,58.64,9.82,53.62,4.65,51.95,45.66,19.42,82.93,19.26,49.18,4.34,54.16,9.07,45.77,3.97,56.06,44.96,19.12,46.4,10.78,50.24,4.43,39.15,6.55,56.15,4.87,45.76,45.15,19.2,46.4,10.78,65.91,5.81,50.09,8.39,54.2,4.7,48.88,42.15,17.93,44.38,10.31,55.18,4.87,48.73,8.16,62.05,5.38,46.64
202607252312,2026-07-25,23,12R,daily,77.12,32.8,58.58,13.61,55.52,4.9,50.0,8.37,50.0,4.34,64.01,45.39,19.31,60.61,14.08,50.77,4.48,50.0,8.37,50.0,4.34,50.57,46.54,19.79,46.4,10.78,60.29,5.32,50.0,8.37,50.0,4.34,48.6,45.25,19.25,48.43,11.25,71.38,6.3,50.0,8.37,50.0,4.34,49.5,43.4,18.46,44.38,10.31,58.06,5.12,50.0,8.37,50.0,4.34,46.6,42.15,17.93,40.32,9.37,56.8,5.01,50.0,8.37,50.0,4.34,45.01
202607252312,2026-07-25,23,12R,realtime,77.12,32.8,58.58,13.61,60.9,5.37,75.76,12.69,23.04,2.0,66.46,45.39,19.31,60.61,14.08,47.36,4.18,44.19,7.4,52.73,4.57,49.53,46.54,19.79,46.4,10.78,53.43,4.71,42.08,7.05,43.51,3.77,46.11,45.25,19.25,48.43,11.25,71.76,6.33,52.32,8.76,58.85,5.1,50.69,43.4,18.46,44.38,10.31,60.63,5.35,35.08,5.87,55.46,4.81,44.8,42.15,17.93,40.32,9.37,64.76,5.71,50.61,8.48,66.52,5.77,47.25
202607252401,2026-07-25,24,1R,daily,66.31,29.26,46.59,8.9,47.27,4.22,50.0,9.06,50.0,4.87,56.3,48.68,21.48,36.51,6.97,44.52,3.97,50.0,9.06,50.0,4.87,46.35,48.71,21.5,46.59,8.9,60.16,5.37,50.0,9.06,50.0,4.87,49.69,48.03,21.2,42.56,8.13,35.53,3.17,50.0,9.06,50.0,4.87,46.42,45.38,20.03,48.61,9.29,42.84,3.82,50.0,9.06,50.0,4.87,47.06,42.79,18.88,44.58,8.52,45.25,4.04,50.0,9.06,50.0,4.87,45.36
202607252402,2026-07-25,24,2R,daily,67.71,29.88,50.63,9.67,62.88,5.61,50.0,9.06,50.0,4.87,59.09,51.53,22.74,42.56,8.13,47.37,4.22,50.0,9.06,50.0,4.87,49.02,46.44,20.5,44.58,8.52,39.13,3.49,50.0,9.06,50.0,4.87,46.42,46.78,20.65,46.59,8.9,49.52,4.42,50.0,9.06,50.0,4.87,47.89,44.38,19.58,40.54,7.74,24.56,2.19,50.0,9.06,50.0,4.87,43.44,43.05,19.0,40.54,7.74,53.44,4.77,50.0,9.06,50.0,4.87,45.43
202607252403,2026-07-25,24,3R,daily,65.92,29.09,50.63,9.67,63.15,5.63,50.0,9.06,50.0,4.87,58.32,51.28,22.63,42.56,8.13,38.51,3.43,50.0,9.06,50.0,4.87,48.12,47.73,21.06,44.58,8.52,41.43,3.69,50.0,9.06,50.0,4.87,47.2,46.78,20.65,38.53,7.36,48.08,4.29,50.0,9.06,50.0,4.87,46.22,45.66,20.15,44.58,8.52,33.34,2.97,50.0,9.06,50.0,4.87,45.56,42.54,18.77,34.49,6.59,43.41,3.87,50.0,9.06,50.0,4.87,43.16
202607252404,2026-07-25,24,4R,daily,68.85,30.38,40.54,7.74,41.27,3.68,50.0,9.06,50.0,4.87,55.73,47.92,21.15,46.59,8.9,40.62,3.62,50.0,9.06,50.0,4.87,47.6,47.44,20.94,50.63,9.67,49.65,4.43,50.0,9.06,50.0,4.87,48.96,47.52,20.97,44.58,8.52,50.67,4.52,50.0,9.06,50.0,4.87,47.93,45.64,20.14,40.54,7.74,52.11,4.65,50.0,9.06,50.0,4.87,46.46,42.53,18.77,46.59,8.9,47.8,4.26,50.0,9.06,50.0,4.87,45.86
202607252405,2026-07-25,24,5R,daily,67.95,29.99,50.63,9.67,41.38,3.69,50.0,9.06,50.0,4.87,57.27,48.14,21.25,44.58,8.52,56.03,5.0,50.0,9.06,50.0,4.87,48.68,48.68,21.48,48.61,9.29,42.84,3.82,50.0,9.06,50.0,4.87,48.51,46.74,20.63,46.59,8.9,49.51,4.42,50.0,9.06,50.0,4.87,47.87,45.62,20.13,64.75,12.37,52.67,4.7,50.0,9.06,50.0,4.87,51.12,42.78,18.88,44.58,8.52,45.89,4.09,50.0,9.06,50.0,4.87,45.41
202607252406,2026-07-25,24,6R,daily,68.96,30.43,48.61,9.29,54.86,4.89,50.0,9.06,50.0,4.87,58.53,47.64,21.02,42.56,8.13,46.43,4.14,50.0,9.06,50.0,4.87,47.22,46.14,20.36,42.56,8.13,35.53,3.17,50.0,9.06,50.0,4.87,45.59,48.25,21.29,40.54,7.74,24.56,2.19,50.0,9.06,50.0,4.87,45.15,46.13,20.36,48.61,9.29,45.71,4.08,50.0,9.06,50.0,4.87,47.64,42.78,18.88,46.59,8.9,47.27,4.22,50.0,9.06,50.0,4.87,45.92
202607252407,2026-07-25,24,7R,daily,76.05,33.56,50.63,9.67,40.16,3.58,50.0,9.06,50.0,4.87,60.74,45.86,20.24,44.58,8.52,39.51,3.52,50.0,9.06,50.0,4.87,46.2,46.65,20.59,36.51,6.97,44.52,3.97,50.0,9.06,50.0,4.87,45.46,44.96,19.84,44.58,8.52,39.13,3.49,50.0,9.06,50.0,4.87,45.77,43.59,19.24,34.49,6.59,43.41,3.87,50.0,9.06,50.0,4.87,43.62,42.78,18.88,48.61,9.29,54.67,4.88,50.0,9.06,50.0,4.87,46.97
202607252408,2026-07-25,24,8R,daily,75.04,33.12,52.64,10.06,36.63,3.27,50.0,9.06,50.0,4.87,60.36,47.13,20.8,44.58,8.52,45.25,4.04,50.0,9.06,50.0,4.87,47.27,46.4,20.48,40.54,7.74,52.11,4.65,50.0,9.06,50.0,4.87,46.79,45.47,20.07,46.59,8.9,60.16,5.37,50.0,9.06,50.0,4.87,48.26,43.34,19.13,42.56,8.13,38.51,3.43,50.0,9.06,50.0,4.87,44.62,42.53,18.77,38.53,7.36,48.08,4.29,50.0,9.06,50.0,4.87,44.34
202607252409,2026-07-25,24,9R,daily,72.76,32.11,48.61,9.29,46.72,4.17,50.0,9.06,50.0,4.87,59.49,47.38,20.91,50.63,9.67,49.65,4.43,50.0,9.06,50.0,4.87,48.93,46.65,20.59,46.59,8.9,49.51,4.42,50.0,9.06,50.0,4.87,47.83,45.22,19.95,44.58,8.52,41.43,3.69,50.0,9.06,50.0,4.87,46.09,45.11,19.91,42.56,8.13,47.37,4.22,50.0,9.06,50.0,4.87,46.19,42.78,18.88,54.66,10.44,45.38,4.05,50.0,9.06,50.0,4.87,47.29
202607252410,2026-07-25,24,10R,daily,75.8,33.45,46.59,8.9,47.8,4.26,50.0,9.06,50.0,4.87,60.54,45.86,20.24,48.61,9.29,54.86,4.89,50.0,9.06,50.0,4.87,48.34,44.88,19.81,46.59,8.9,49.52,4.42,50.0,9.06,50.0,4.87,47.05,44.71,19.73,64.75,12.37,52.67,4.7,50.0,9.06,50.0,4.87,50.72,45.11,19.91,50.63,9.67,63.15,5.63,50.0,9.06,50.0,4.87,49.14,43.54,19.22,44.58,8.52,56.03,5.0,50.0,9.06,50.0,4.87,46.65
202607252411,2026-07-25,24,11R,daily,77.82,34.35,52.64,10.06,62.13,5.54,50.0,9.06,50.0,4.87,63.87,44.85,19.79,52.64,10.06,55.04,4.91,50.0,9.06,50.0,4.87,48.68,45.13,19.92,54.66,10.44,52.08,4.65,50.0,9.06,50.0,4.87,48.93,44.96,19.84,62.73,11.98,54.68,4.88,50.0,9.06,50.0,4.87,50.62,44.61,19.68,52.64,10.06,70.17,6.26,50.0,9.06,50.0,4.87,49.92,42.53,18.77,52.64,10.06,71.2,6.35,50.0,9.06,50.0,4.87,49.1
202607252412,2026-07-25,24,12R,daily,75.21,33.19,48.61,9.29,45.71,4.08,50.0,9.06,50.0,4.87,60.48,45.88,20.25,50.63,9.67,62.88,5.61,50.0,9.06,50.0,4.87,49.45,47.19,20.82,52.64,10.06,36.63,3.27,50.0,9.06,50.0,4.87,48.07,44.98,19.85,50.63,9.67,40.16,3.58,50.0,9.06,50.0,4.87,47.03,43.86,19.35,50.63,9.67,41.38,3.69,50.0,9.06,50.0,4.87,46.64,42.79,18.88,46.59,8.9,40.62,3.62,50.0,9.06,50.0,4.87,45.33
